SERIES,GEOGRAPHY,TIME_PERIOD,OBS_VALUE
dcs:who/AIR_45.ENVCAUSE--ENVCAUSE068__SEX--M,dcid:AustraliaAndNewZealand,2019,4341.1945
dcs:who/AIR_45.AGE--Y60T64__ENVCAUSE--ENVCAUSE068__SEX--M,dcid:AustraliaAndNewZealand,2019,648.68075
dcs:who/AIR_45.AGE--Y70T74__ENVCAUSE--ENVCAUSE068__SEX--M,dcid:AustraliaAndNewZealand,2019,784.56286
dcs:who/AIR_45.AGE--Y_GE80__ENVCAUSE--ENVCAUSE068__SEX--M,dcid:AustraliaAndNewZealand,2019,623.96242
dcs:who/AIR_45.AGE--Y65T69__ENVCAUSE--ENVCAUSE068__SEX--M,dcid:AustraliaAndNewZealand,2019,739.99269
dcs:who/AIR_45.AGE--Y75T79__ENVCAUSE--ENVCAUSE068__SEX--M,dcid:AustraliaAndNewZealand,2019,587.17813
dcs:who/AIR_45.AGE--Y5T9__ENVCAUSE--ENVCAUSE039__SEX--M,dcid:AustraliaAndNewZealand,2019,19.37196
dcs:who/AIR_45.AGE--Y_GE80__ENVCAUSE--ENVCAUSE118__SEX--M,dcid:AustraliaAndNewZealand,2019,1762.24008
dcs:who/AIR_45.AGE--Y40T44__ENVCAUSE--ENVCAUSE114__SEX--M,dcid:AustraliaAndNewZealand,2019,125.36642
dcs:who/AIR_45.AGE--Y0T4__ENVCAUSE--ENVCAUSE039__SEX--M,dcid:AustraliaAndNewZealand,2019,173.44265
dcs:who/AIR_45.AGE--Y70T74__ENVCAUSE--ENVCAUSE114__SEX--M,dcid:AustraliaAndNewZealand,2019,740.18029
dcs:who/AIR_45.AGE--Y35T39__ENVCAUSE--ENVCAUSE114__SEX--M,dcid:AustraliaAndNewZealand,2019,83.82932
dcs:who/AIR_45.AGE--Y35T39__ENVCAUSE--ENVCAUSE068__SEX--M,dcid:AustraliaAndNewZealand,2019,18.7459
dcs:who/AIR_45.AGE--Y70T74__ENVCAUSE--ENVCAUSE118__SEX--M,dcid:AustraliaAndNewZealand,2019,987.37028
dcs:who/AIR_45.AGE--Y30T34__ENVCAUSE--ENVCAUSE068__SEX--M,dcid:AustraliaAndNewZealand,2019,4.42695
dcs:who/AIR_45.AGE--Y70T74__ENVCAUSE--ENVCAUSE039__SEX--M,dcid:AustraliaAndNewZealand,2019,238.31142
dcs:who/AIR_45.AGE--Y25T29__ENVCAUSE--ENVCAUSE068__SEX--M,dcid:AustraliaAndNewZealand,2019,1.43153
dcs:who/AIR_45.AGE--Y65T69__ENVCAUSE--ENVCAUSE118__SEX--M,dcid:AustraliaAndNewZealand,2019,656.55707
dcs:who/AIR_45.AGE--Y35T39__ENVCAUSE--ENVCAUSE039__SEX--M,dcid:AustraliaAndNewZealand,2019,40.69429
dcs:who/AIR_45.AGE--Y10T14__ENVCAUSE--ENVCAUSE039__SEX--M,dcid:AustraliaAndNewZealand,2019,13.19773
dcs:who/AIR_45.AGE--Y45T49__ENVCAUSE--ENVCAUSE068__SEX--M,dcid:AustraliaAndNewZealand,2019,140.73441
dcs:who/AIR_45.AGE--Y55T59__ENVCAUSE--ENVCAUSE118__SEX--M,dcid:AustraliaAndNewZealand,2019,329.98818
dcs:who/AIR_45.AGE--Y65T69__ENVCAUSE--ENVCAUSE114__SEX--M,dcid:AustraliaAndNewZealand,2019,517.68924
dcs:who/AIR_45.AGE--Y40T44__ENVCAUSE--ENVCAUSE039__SEX--M,dcid:AustraliaAndNewZealand,2019,57.21863
dcs:who/AIR_45.AGE--Y25T29__ENVCAUSE--ENVCAUSE039__SEX--M,dcid:AustraliaAndNewZealand,2019,14.51761
dcs:who/AIR_45.AGE--Y55T59__ENVCAUSE--ENVCAUSE068__SEX--M,dcid:AustraliaAndNewZealand,2019,464.37003
dcs:who/AIR_45.AGE--Y75T79__ENVCAUSE--ENVCAUSE114__SEX--M,dcid:AustraliaAndNewZealand,2019,820.72147
dcs:who/AIR_45.AGE--Y25T29__ENVCAUSE--ENVCAUSE118__SEX--M,dcid:AustraliaAndNewZealand,2019,4.07823
dcs:who/AIR_45.AGE--Y75T79__ENVCAUSE--ENVCAUSE039__SEX--M,dcid:AustraliaAndNewZealand,2019,266.76367
dcs:who/AIR_45.AGE--Y20T24__ENVCAUSE--ENVCAUSE039__SEX--M,dcid:AustraliaAndNewZealand,2019,15.78157
dcs:who/AIR_45.AGE--Y55T59__ENVCAUSE--ENVCAUSE114__SEX--M,dcid:AustraliaAndNewZealand,2019,351.97646
dcs:who/AIR_45.AGE--Y60T64__ENVCAUSE--ENVCAUSE114__SEX--M,dcid:AustraliaAndNewZealand,2019,407.91065
dcs:who/AIR_45.AGE--Y50T54__ENVCAUSE--ENVCAUSE118__SEX--M,dcid:AustraliaAndNewZealand,2019,151.72771
dcs:who/AIR_45.AGE--Y65T69__ENVCAUSE--ENVCAUSE039__SEX--M,dcid:AustraliaAndNewZealand,2019,193.26814
dcs:who/AIR_45.AGE--Y50T54__ENVCAUSE--ENVCAUSE114__SEX--M,dcid:AustraliaAndNewZealand,2019,264.09273
dcs:who/AIR_45.AGE--Y15T19__ENVCAUSE--ENVCAUSE039__SEX--M,dcid:AustraliaAndNewZealand,2019,4.61227
dcs:who/AIR_45.AGE--Y50T54__ENVCAUSE--ENVCAUSE039__SEX--M,dcid:AustraliaAndNewZealand,2019,103.20802
dcs:who/AIR_45.AGE--Y50T54__ENVCAUSE--ENVCAUSE068__SEX--M,dcid:AustraliaAndNewZealand,2019,263.80826
dcs:who/AIR_45.AGE--Y40T44__ENVCAUSE--ENVCAUSE068__SEX--M,dcid:AustraliaAndNewZealand,2019,63.30056
dcs:who/AIR_45.AGE--Y30T34__ENVCAUSE--ENVCAUSE039__SEX--M,dcid:AustraliaAndNewZealand,2019,33.2354
dcs:who/AIR_45.ENVCAUSE--ENVCAUSE114__SEX--M,dcid:AustraliaAndNewZealand,2019,5695.6273
dcs:who/AIR_45.AGE--Y40T44__ENVCAUSE--ENVCAUSE118__SEX--M,dcid:AustraliaAndNewZealand,2019,24.4128
dcs:who/AIR_45.AGE--Y35T39__ENVCAUSE--ENVCAUSE118__SEX--M,dcid:AustraliaAndNewZealand,2019,10.79774
dcs:who/AIR_45.AGE--Y60T64__ENVCAUSE--ENVCAUSE039__SEX--M,dcid:AustraliaAndNewZealand,2019,159.30503
dcs:who/AIR_45.AGE--Y45T49__ENVCAUSE--ENVCAUSE118__SEX--M,dcid:AustraliaAndNewZealand,2019,81.16466
dcs:who/AIR_45.AGE--Y_GE80__ENVCAUSE--ENVCAUSE039__SEX--M,dcid:AustraliaAndNewZealand,2019,1280.0522
dcs:who/AIR_45.AGE--Y45T49__ENVCAUSE--ENVCAUSE114__SEX--M,dcid:AustraliaAndNewZealand,2019,211.77132
dcs:who/AIR_45.AGE--Y60T64__ENVCAUSE--ENVCAUSE118__SEX--M,dcid:AustraliaAndNewZealand,2019,510.71534
dcs:who/AIR_45.AGE--Y30T34__ENVCAUSE--ENVCAUSE114__SEX--M,dcid:AustraliaAndNewZealand,2019,32.37722
dcs:who/AIR_45.AGE--Y_GE80__ENVCAUSE--ENVCAUSE114__SEX--M,dcid:AustraliaAndNewZealand,2019,2119.41044
dcs:who/AIR_45.ENVCAUSE--ENVCAUSE118__SEX--M,dcid:AustraliaAndNewZealand,2019,5477.93015
dcs:who/AIR_45.AGE--Y30T34__ENVCAUSE--ENVCAUSE118__SEX--M,dcid:AustraliaAndNewZealand,2019,2.84208
dcs:who/AIR_45.AGE--Y55T59__ENVCAUSE--ENVCAUSE039__SEX--M,dcid:AustraliaAndNewZealand,2019,112.36321
dcs:who/AIR_45.AGE--Y75T79__ENVCAUSE--ENVCAUSE118__SEX--M,dcid:AustraliaAndNewZealand,2019,956.03599
dcs:who/AIR_45.ENVCAUSE--ENVCAUSE039__SEX--M,dcid:AustraliaAndNewZealand,2019,2812.50558
dcs:who/AIR_45.AGE--Y45T49__ENVCAUSE--ENVCAUSE039__SEX--M,dcid:AustraliaAndNewZealand,2019,87.16178
dcs:who/AIR_45.AGE--Y75T79__ENVCAUSE--ENVCAUSE068__SEX--F,dcid:AustraliaAndNewZealand,2019,410.6357
dcs:who/AIR_45.AGE--Y50T54__ENVCAUSE--ENVCAUSE039__SEX--F,dcid:AustraliaAndNewZealand,2019,74.2014
dcs:who/AIR_45.AGE--Y70T74__ENVCAUSE--ENVCAUSE068__SEX--F,dcid:AustraliaAndNewZealand,2019,564.62716
dcs:who/AIR_45.AGE--Y25T29__ENVCAUSE--ENVCAUSE068__SEX--F,dcid:AustraliaAndNewZealand,2019,2.12227
dcs:who/AIR_45.AGE--Y30T34__ENVCAUSE--ENVCAUSE039__SEX--F,dcid:AustraliaAndNewZealand,2019,14.81796
dcs:who/AIR_45.AGE--Y60T64__ENVCAUSE--ENVCAUSE113__SEX--M,dcid:AustraliaAndNewZealand,2019,3789.90785
dcs:who/AIR_45.AGE--Y65T69__ENVCAUSE--ENVCAUSE039__SEX--F,dcid:AustraliaAndNewZealand,2019,127.52031
dcs:who/AIR_45.AGE--Y0T4__ENVCAUSE--ENVCAUSE039__SEX--F,dcid:AustraliaAndNewZealand,2019,139.27868
dcs:who/AIR_45.SEX--M,dcid:AustraliaAndNewZealand,2019,54020.32301
dcs:who/AIR_45.AGE--Y60T64__ENVCAUSE--ENVCAUSE039__SEX--F,dcid:AustraliaAndNewZealand,2019,97.5195
dcs:who/AIR_45.AGE--Y5T9__ENVCAUSE--ENVCAUSE039__SEX--F,dcid:AustraliaAndNewZealand,2019,10.941
dcs:who/AIR_45.AGE--Y70T74__ENVCAUSE--ENVCAUSE039__SEX--F,dcid:AustraliaAndNewZealand,2019,161.0268
dcs:who/AIR_45.AGE--Y70T74__ENVCAUSE--ENVCAUSE113__SEX--M,dcid:AustraliaAndNewZealand,2019,4356.04429
dcs:who/AIR_45.AGE--Y40T44__ENVCAUSE--ENVCAUSE039__SEX--F,dcid:AustraliaAndNewZealand,2019,48.07395
dcs:who/AIR_45.AGE--Y25T29__ENVCAUSE--ENVCAUSE113__SEX--M,dcid:AustraliaAndNewZealand,2019,89.6925
dcs:who/AIR_45.AGE--Y_GE80__ENVCAUSE--ENVCAUSE068__SEX--F,dcid:AustraliaAndNewZealand,2019,428.34461
dcs:who/AIR_45.ENVCAUSE--ENVCAUSE068__SEX--F,dcid:AustraliaAndNewZealand,2019,3205.72726
dcs:who/AIR_45.AGE--Y45T49__ENVCAUSE--ENVCAUSE068__SEX--F,dcid:AustraliaAndNewZealand,2019,127.34109
dcs:who/AIR_45.ENVCAUSE--ENVCAUSE039__SEX--F,dcid:AustraliaAndNewZealand,2019,2901.02674
dcs:who/AIR_45.AGE--Y_GE80__ENVCAUSE--ENVCAUSE113__SEX--M,dcid:AustraliaAndNewZealand,2019,10091.21289
dcs:who/AIR_45.AGE--Y45T49__ENVCAUSE--ENVCAUSE039__SEX--F,dcid:AustraliaAndNewZealand,2019,52.61321
dcs:who/AIR_45.AGE--Y50T54__ENVCAUSE--ENVCAUSE068__SEX--F,dcid:AustraliaAndNewZealand,2019,219.36125
dcs:who/AIR_45.AGE--Y35T39__ENVCAUSE--ENVCAUSE068__SEX--F,dcid:AustraliaAndNewZealand,2019,18.37483
dcs:who/AIR_45.AGE--Y40T44__ENVCAUSE--ENVCAUSE113__SEX--M,dcid:AustraliaAndNewZealand,2019,955.39477
dcs:who/AIR_45.AGE--Y20T24__ENVCAUSE--ENVCAUSE039__SEX--F,dcid:AustraliaAndNewZealand,2019,10.12234
dcs:who/AIR_45.AGE--Y30T34__ENVCAUSE--ENVCAUSE113__SEX--M,dcid:AustraliaAndNewZealand,2019,273.59008
dcs:who/AIR_45.AGE--Y_GE80__ENVCAUSE--ENVCAUSE039__SEX--F,dcid:AustraliaAndNewZealand,2019,1781.80186
dcs:who/AIR_45.AGE--Y55T59__ENVCAUSE--ENVCAUSE113__SEX--M,dcid:AustraliaAndNewZealand,2019,3417.79452
dcs:who/AIR_45.AGE--Y75T79__ENVCAUSE--ENVCAUSE039__SEX--F,dcid:AustraliaAndNewZealand,2019,232.97262
dcs:who/AIR_45.AGE--Y40T44__ENVCAUSE--ENVCAUSE068__SEX--F,dcid:AustraliaAndNewZealand,2019,47.6551
dcs:who/AIR_45.AGE--Y25T29__ENVCAUSE--ENVCAUSE039__SEX--F,dcid:AustraliaAndNewZealand,2019,10.73821
dcs:who/AIR_45.AGE--Y35T39__ENVCAUSE--ENVCAUSE113__SEX--M,dcid:AustraliaAndNewZealand,2019,571.76219
dcs:who/AIR_45.AGE--Y75T79__ENVCAUSE--ENVCAUSE113__SEX--M,dcid:AustraliaAndNewZealand,2019,3971.29899
dcs:who/AIR_45.ENVCAUSE--ENVCAUSE113__SEX--M,dcid:AustraliaAndNewZealand,2019,35693.06549
dcs:who/AIR_45.AGE--Y25T29__ENVCAUSE--ENVCAUSE114__SEX--M,dcid:AustraliaAndNewZealand,2019,20.30173
dcs:who/AIR_45.AGE--Y55T59__ENVCAUSE--ENVCAUSE039__SEX--F,dcid:AustraliaAndNewZealand,2019,85.16272
dcs:who/AIR_45.AGE--Y35T39__ENVCAUSE--ENVCAUSE039__SEX--F,dcid:AustraliaAndNewZealand,2019,39.11362
dcs:who/AIR_45.AGE--Y60T64__ENVCAUSE--ENVCAUSE068__SEX--F,dcid:AustraliaAndNewZealand,2019,460.49159
dcs:who/AIR_45.AGE--Y15T19__ENVCAUSE--ENVCAUSE039__SEX--F,dcid:AustraliaAndNewZealand,2019,10.28367
dcs:who/AIR_45.AGE--Y55T59__ENVCAUSE--ENVCAUSE068__SEX--F,dcid:AustraliaAndNewZealand,2019,399.07915
dcs:who/AIR_45.AGE--Y45T49__ENVCAUSE--ENVCAUSE113__SEX--M,dcid:AustraliaAndNewZealand,2019,1753.00296
dcs:who/AIR_45.AGE--Y65T69__ENVCAUSE--ENVCAUSE068__SEX--F,dcid:AustraliaAndNewZealand,2019,514.73189
dcs:who/AIR_45.AGE--Y10T14__ENVCAUSE--ENVCAUSE039__SEX--F,dcid:AustraliaAndNewZealand,2019,4.83887
dcs:who/AIR_45.AGE--Y50T54__ENVCAUSE--ENVCAUSE113__SEX--M,dcid:AustraliaAndNewZealand,2019,2550.80456
dcs:who/AIR_45.AGE--Y65T69__ENVCAUSE--ENVCAUSE113__SEX--M,dcid:AustraliaAndNewZealand,2019,3872.5599
dcs:who/AIR_45.AGE--Y30T34__ENVCAUSE--ENVCAUSE068__SEX--F,dcid:AustraliaAndNewZealand,2019,12.96263
dcs:who/AIR_45.AGE--Y45T49__ENVCAUSE--ENVCAUSE068,dcid:AustraliaAndNewZealand,2019,268.0755
dcs:who/AIR_45.AGE--Y_GE80__ENVCAUSE--ENVCAUSE118__SEX--F,dcid:AustraliaAndNewZealand,2019,1611.86516
dcs:who/AIR_45.AGE--Y70T74__ENVCAUSE--ENVCAUSE113__SEX--F,dcid:AustraliaAndNewZealand,2019,1699.13689
dcs:who/AIR_45.AGE--Y25T29__ENVCAUSE--ENVCAUSE113__SEX--F,dcid:AustraliaAndNewZealand,2019,6.6695
dcs:who/AIR_45.AGE--Y30T34__ENVCAUSE--ENVCAUSE118__SEX--F,dcid:AustraliaAndNewZealand,2019,3.85094
dcs:who/AIR_45.AGE--Y60T64__ENVCAUSE--ENVCAUSE114__SEX--F,dcid:AustraliaAndNewZealand,2019,282.53078
dcs:who/AIR_45.AGE--Y45T49__ENVCAUSE--ENVCAUSE113__SEX--F,dcid:AustraliaAndNewZealand,2019,449.03885
dcs:who/AIR_45.AGE--Y65T69__ENVCAUSE--ENVCAUSE118__SEX--F,dcid:AustraliaAndNewZealand,2019,637.64296
dcs:who/AIR_45.AGE--Y_GE80__ENVCAUSE--ENVCAUSE068,dcid:AustraliaAndNewZealand,2019,1052.30703
dcs:who/AIR_45.AGE--Y40T44__ENVCAUSE--ENVCAUSE118__SEX--F,dcid:AustraliaAndNewZealand,2019,24.65835
dcs:who/AIR_45.AGE--Y50T54__ENVCAUSE--ENVCAUSE068,dcid:AustraliaAndNewZealand,2019,483.16951
dcs:who/AIR_45.AGE--Y75T79__ENVCAUSE--ENVCAUSE118__SEX--F,dcid:AustraliaAndNewZealand,2019,791.85519
dcs:who/AIR_45.AGE--Y30T34__ENVCAUSE--ENVCAUSE113__SEX--F,dcid:AustraliaAndNewZealand,2019,59.1302
dcs:who/AIR_45.AGE--Y70T74__ENVCAUSE--ENVCAUSE118__SEX--F,dcid:AustraliaAndNewZealand,2019,879.43441
dcs:who/AIR_45.AGE--Y50T54__ENVCAUSE--ENVCAUSE118__SEX--F,dcid:AustraliaAndNewZealand,2019,134.39337
dcs:who/AIR_45.AGE--Y_GE80__ENVCAUSE--ENVCAUSE114__SEX--F,dcid:AustraliaAndNewZealand,2019,3499.9741
dcs:who/AIR_45.AGE--Y30T34__ENVCAUSE--ENVCAUSE114__SEX--F,dcid:AustraliaAndNewZealand,2019,40.43649
dcs:who/AIR_45.AGE--Y35T39__ENVCAUSE--ENVCAUSE068,dcid:AustraliaAndNewZealand,2019,37.12073
dcs:who/AIR_45.AGE--Y40T44__ENVCAUSE--ENVCAUSE114__SEX--F,dcid:AustraliaAndNewZealand,2019,114.52356
dcs:who/AIR_45.AGE--Y25T29__ENVCAUSE--ENVCAUSE118__SEX--F,dcid:AustraliaAndNewZealand,2019,2.43174
dcs:who/AIR_45.AGE--Y55T59__ENVCAUSE--ENVCAUSE068,dcid:AustraliaAndNewZealand,2019,863.44918
dcs:who/AIR_45.AGE--Y75T79__ENVCAUSE--ENVCAUSE039,dcid:AustraliaAndNewZealand,2019,499.73629
dcs:who/AIR_45.AGE--Y35T39__ENVCAUSE--ENVCAUSE118__SEX--F,dcid:AustraliaAndNewZealand,2019,6.80567
dcs:who/AIR_45.ENVCAUSE--ENVCAUSE068,dcid:AustraliaAndNewZealand,2019,7546.92175
dcs:who/AIR_45.AGE--Y65T69__ENVCAUSE--ENVCAUSE068,dcid:AustraliaAndNewZealand,2019,1254.72458
dcs:who/AIR_45.AGE--Y50T54__ENVCAUSE--ENVCAUSE113__SEX--F,dcid:AustraliaAndNewZealand,2019,599.21083
dcs:who/AIR_45.AGE--Y65T69__ENVCAUSE--ENVCAUSE113__SEX--F,dcid:AustraliaAndNewZealand,2019,1275.73771
dcs:who/AIR_45.AGE--Y55T59__ENVCAUSE--ENVCAUSE114__SEX--F,dcid:AustraliaAndNewZealand,2019,282.59001
dcs:who/AIR_45.AGE--Y25T29__ENVCAUSE--ENVCAUSE114__SEX--F,dcid:AustraliaAndNewZealand,2019,9.21079
dcs:who/AIR_45.AGE--Y50T54__ENVCAUSE--ENVCAUSE114__SEX--F,dcid:AustraliaAndNewZealand,2019,255.7992
dcs:who/AIR_45.ENVCAUSE--ENVCAUSE118__SEX--F,dcid:AustraliaAndNewZealand,2019,4886.53975
dcs:who/AIR_45.ENVCAUSE--ENVCAUSE039,dcid:AustraliaAndNewZealand,2019,5713.53232
dcs:who/AIR_45.AGE--Y70T74__ENVCAUSE--ENVCAUSE114__SEX--F,dcid:AustraliaAndNewZealand,2019,543.83928
dcs:who/AIR_45.AGE--Y_GE80__ENVCAUSE--ENVCAUSE113__SEX--F,dcid:AustraliaAndNewZealand,2019,10864.87656
dcs:who/AIR_45.ENVCAUSE--ENVCAUSE114__SEX--F,dcid:AustraliaAndNewZealand,2019,6461.29969
dcs:who/AIR_45.AGE--Y55T59__ENVCAUSE--ENVCAUSE118__SEX--F,dcid:AustraliaAndNewZealand,2019,289.73144
dcs:who/AIR_45.AGE--Y75T79__ENVCAUSE--ENVCAUSE113__SEX--F,dcid:AustraliaAndNewZealand,2019,2099.17443
dcs:who/AIR_45.AGE--Y45T49__ENVCAUSE--ENVCAUSE114__SEX--F,dcid:AustraliaAndNewZealand,2019,183.00057
dcs:who/AIR_45.AGE--Y70T74__ENVCAUSE--ENVCAUSE068,dcid:AustraliaAndNewZealand,2019,1349.19002
dcs:who/AIR_45.SEX--F,dcid:AustraliaAndNewZealand,2019,36720.65371
dcs:who/AIR_45.AGE--Y75T79__ENVCAUSE--ENVCAUSE114__SEX--F,dcid:AustraliaAndNewZealand,2019,779.80564
dcs:who/AIR_45.AGE--Y25T29__ENVCAUSE--ENVCAUSE068,dcid:AustraliaAndNewZealand,2019,3.5538
dcs:who/AIR_45.ENVCAUSE--ENVCAUSE113__SEX--F,dcid:AustraliaAndNewZealand,2019,19266.06029
dcs:who/AIR_45.AGE--Y_GE80__ENVCAUSE--ENVCAUSE039,dcid:AustraliaAndNewZealand,2019,3061.85406
dcs:who/AIR_45.AGE--Y35T39__ENVCAUSE--ENVCAUSE114__SEX--F,dcid:AustraliaAndNewZealand,2019,63.05655
dcs:who/AIR_45.AGE--Y75T79__ENVCAUSE--ENVCAUSE068,dcid:AustraliaAndNewZealand,2019,997.81382
dcs:who/AIR_45.AGE--Y60T64__ENVCAUSE--ENVCAUSE068,dcid:AustraliaAndNewZealand,2019,1109.17234
dcs:who/AIR_45.AGE--Y60T64__ENVCAUSE--ENVCAUSE113__SEX--F,dcid:AustraliaAndNewZealand,2019,974.65423
dcs:who/AIR_45.AGE--Y40T44__ENVCAUSE--ENVCAUSE113__SEX--F,dcid:AustraliaAndNewZealand,2019,259.84966
dcs:who/AIR_45.AGE--Y60T64__ENVCAUSE--ENVCAUSE118__SEX--F,dcid:AustraliaAndNewZealand,2019,433.558
dcs:who/AIR_45.AGE--Y45T49__ENVCAUSE--ENVCAUSE118__SEX--F,dcid:AustraliaAndNewZealand,2019,70.31252
dcs:who/AIR_45.AGE--Y55T59__ENVCAUSE--ENVCAUSE113__SEX--F,dcid:AustraliaAndNewZealand,2019,846.88328
dcs:who/AIR_45.AGE--Y35T39__ENVCAUSE--ENVCAUSE113__SEX--F,dcid:AustraliaAndNewZealand,2019,131.69814
dcs:who/AIR_45.AGE--Y40T44__ENVCAUSE--ENVCAUSE068,dcid:AustraliaAndNewZealand,2019,110.95565
dcs:who/AIR_45.AGE--Y65T69__ENVCAUSE--ENVCAUSE114__SEX--F,dcid:AustraliaAndNewZealand,2019,406.53271
dcs:who/AIR_45.AGE--Y30T34__ENVCAUSE--ENVCAUSE068,dcid:AustraliaAndNewZealand,2019,17.38958
dcs:who/AIR_45.AGE--Y25T29__ENVCAUSE--ENVCAUSE118,dcid:AustraliaAndNewZealand,2019,6.50996
dcs:who/AIR_45.AGE--Y_GE80__ENVCAUSE--ENVCAUSE118,dcid:AustraliaAndNewZealand,2019,3374.10523
dcs:who/AIR_45.ENVCAUSE--ENVCAUSE114,dcid:AustraliaAndNewZealand,2019,12156.92699
dcs:who/AIR_45.AGE--Y_GE80__ENVCAUSE--ENVCAUSE113,dcid:AustraliaAndNewZealand,2019,20956.08944
dcs:who/AIR_45.ENVCAUSE--ENVCAUSE118,dcid:AustraliaAndNewZealand,2019,10364.46989
dcs:who/AIR_45.AGE--Y65T69__ENVCAUSE--ENVCAUSE113,dcid:AustraliaAndNewZealand,2019,5148.29761
dcs:who/AIR_45.AGE--Y40T44__ENVCAUSE--ENVCAUSE114,dcid:AustraliaAndNewZealand,2019,239.88998
dcs:who/AIR_45.AGE--Y30T34__ENVCAUSE--ENVCAUSE118,dcid:AustraliaAndNewZealand,2019,6.69301
dcs:who/AIR_45.AGE--Y50T54__ENVCAUSE--ENVCAUSE114,dcid:AustraliaAndNewZealand,2019,519.89194
dcs:who/AIR_45.AGE--Y65T69__ENVCAUSE--ENVCAUSE039,dcid:AustraliaAndNewZealand,2019,320.78845
dcs:who/AIR_45.AGE--Y55T59__ENVCAUSE--ENVCAUSE114,dcid:AustraliaAndNewZealand,2019,634.56647
dcs:who/AIR_45.AGE--Y50T54__ENVCAUSE--ENVCAUSE113,dcid:AustraliaAndNewZealand,2019,3150.01539
dcs:who/AIR_45.AGE--Y75T79__ENVCAUSE--ENVCAUSE118,dcid:AustraliaAndNewZealand,2019,1747.89118
dcs:who/AIR_45.AGE--Y70T74__ENVCAUSE--ENVCAUSE114,dcid:AustraliaAndNewZealand,2019,1284.01957
dcs:who/AIR_45.AGE--Y30T34__ENVCAUSE--ENVCAUSE114,dcid:AustraliaAndNewZealand,2019,72.81371
dcs:who/AIR_45.AGE--Y60T64__ENVCAUSE--ENVCAUSE113,dcid:AustraliaAndNewZealand,2019,4764.56208
dcs:who/AIR_45.AGE--Y15T19__ENVCAUSE--ENVCAUSE039,dcid:AustraliaAndNewZealand,2019,14.89594
dcs:who/AIR_45.AGE--Y45T49__ENVCAUSE--ENVCAUSE039,dcid:AustraliaAndNewZealand,2019,139.77499
dcs:who/AIR_45.AGE--Y70T74__ENVCAUSE--ENVCAUSE039,dcid:AustraliaAndNewZealand,2019,399.33822
dcs:who/AIR_45.AGE--Y_GE80__ENVCAUSE--ENVCAUSE114,dcid:AustraliaAndNewZealand,2019,5619.38454
dcs:who/AIR_45.AGE--Y35T39__ENVCAUSE--ENVCAUSE114,dcid:AustraliaAndNewZealand,2019,146.88586
dcs:who/AIR_45.ENVCAUSE--ENVCAUSE113,dcid:AustraliaAndNewZealand,2019,54959.12577
dcs:who/AIR_45.AGE--Y25T29__ENVCAUSE--ENVCAUSE114,dcid:AustraliaAndNewZealand,2019,29.51253
dcs:who/AIR_45.AGE--Y5T9__ENVCAUSE--ENVCAUSE039,dcid:AustraliaAndNewZealand,2019,30.31296
dcs:who/AIR_45.AGE--Y30T34__ENVCAUSE--ENVCAUSE039,dcid:AustraliaAndNewZealand,2019,48.05336
dcs:who/AIR_45.AGE--Y0T4__ENVCAUSE--ENVCAUSE039,dcid:AustraliaAndNewZealand,2019,312.72133
dcs:who/AIR_45.AGE--Y65T69__ENVCAUSE--ENVCAUSE114,dcid:AustraliaAndNewZealand,2019,924.22195
dcs:who/AIR_45,dcid:AustraliaAndNewZealand,2019,90740.97673
dcs:who/AIR_45.AGE--Y55T59__ENVCAUSE--ENVCAUSE039,dcid:AustraliaAndNewZealand,2019,197.52593
dcs:who/AIR_45.AGE--Y60T64__ENVCAUSE--ENVCAUSE118,dcid:AustraliaAndNewZealand,2019,944.27334
dcs:who/AIR_45.AGE--Y45T49__ENVCAUSE--ENVCAUSE118,dcid:AustraliaAndNewZealand,2019,151.47718
dcs:who/AIR_45.AGE--Y55T59__ENVCAUSE--ENVCAUSE118,dcid:AustraliaAndNewZealand,2019,619.71962
dcs:who/AIR_45.AGE--Y45T49__ENVCAUSE--ENVCAUSE114,dcid:AustraliaAndNewZealand,2019,394.77189
dcs:who/AIR_45.AGE--Y50T54__ENVCAUSE--ENVCAUSE039,dcid:AustraliaAndNewZealand,2019,177.40942
dcs:who/AIR_45.AGE--Y65T69__ENVCAUSE--ENVCAUSE118,dcid:AustraliaAndNewZealand,2019,1294.20004
dcs:who/AIR_45.AGE--Y25T29__ENVCAUSE--ENVCAUSE113,dcid:AustraliaAndNewZealand,2019,96.362
dcs:who/AIR_45.AGE--Y35T39__ENVCAUSE--ENVCAUSE113,dcid:AustraliaAndNewZealand,2019,703.46033
dcs:who/AIR_45.AGE--Y10T14__ENVCAUSE--ENVCAUSE039,dcid:AustraliaAndNewZealand,2019,18.03661
dcs:who/AIR_45.AGE--Y25T29__ENVCAUSE--ENVCAUSE039,dcid:AustraliaAndNewZealand,2019,25.25581
dcs:who/AIR_45.AGE--Y75T79__ENVCAUSE--ENVCAUSE114,dcid:AustraliaAndNewZealand,2019,1600.52712
dcs:who/AIR_45.AGE--Y45T49__ENVCAUSE--ENVCAUSE113,dcid:AustraliaAndNewZealand,2019,2202.04181
dcs:who/AIR_45.AGE--Y35T39__ENVCAUSE--ENVCAUSE039,dcid:AustraliaAndNewZealand,2019,79.80792
dcs:who/AIR_45.AGE--Y70T74__ENVCAUSE--ENVCAUSE118,dcid:AustraliaAndNewZealand,2019,1866.80469
dcs:who/AIR_45.AGE--Y60T64__ENVCAUSE--ENVCAUSE039,dcid:AustraliaAndNewZealand,2019,256.82453
dcs:who/AIR_45.AGE--Y30T34__ENVCAUSE--ENVCAUSE113,dcid:AustraliaAndNewZealand,2019,332.72028
dcs:who/AIR_45.AGE--Y55T59__ENVCAUSE--ENVCAUSE113,dcid:AustraliaAndNewZealand,2019,4264.6778
dcs:who/AIR_45.AGE--Y40T44__ENVCAUSE--ENVCAUSE039,dcid:AustraliaAndNewZealand,2019,105.29258
dcs:who/AIR_45.AGE--Y20T24__ENVCAUSE--ENVCAUSE039,dcid:AustraliaAndNewZealand,2019,25.90391
dcs:who/AIR_45.AGE--Y75T79__ENVCAUSE--ENVCAUSE113,dcid:AustraliaAndNewZealand,2019,6070.47342
dcs:who/AIR_45.AGE--Y40T44__ENVCAUSE--ENVCAUSE118,dcid:AustraliaAndNewZealand,2019,49.07115
dcs:who/AIR_45.AGE--Y60T64__ENVCAUSE--ENVCAUSE114,dcid:AustraliaAndNewZealand,2019,690.44144
dcs:who/AIR_45.AGE--Y70T74__ENVCAUSE--ENVCAUSE113,dcid:AustraliaAndNewZealand,2019,6055.18118
dcs:who/AIR_45.AGE--Y35T39__ENVCAUSE--ENVCAUSE118,dcid:AustraliaAndNewZealand,2019,17.60341
dcs:who/AIR_45.AGE--Y40T44__ENVCAUSE--ENVCAUSE113,dcid:AustraliaAndNewZealand,2019,1215.24443
dcs:who/AIR_45.AGE--Y50T54__ENVCAUSE--ENVCAUSE118,dcid:AustraliaAndNewZealand,2019,286.12109
dcs:who/AIR_45.ENVCAUSE--ENVCAUSE068__SEX--M,dcid:CentralAsia,2019,21415.18242
dcs:who/AIR_45.AGE--Y65T69__ENVCAUSE--ENVCAUSE068__SEX--M,dcid:CentralAsia,2019,3550.51692
dcs:who/AIR_45.AGE--Y75T79__ENVCAUSE--ENVCAUSE068__SEX--M,dcid:CentralAsia,2019,716.62111
dcs:who/AIR_45.AGE--Y70T74__ENVCAUSE--ENVCAUSE068__SEX--M,dcid:CentralAsia,2019,1395.88652
dcs:who/AIR_45.AGE--Y_GE80__ENVCAUSE--ENVCAUSE068__SEX--M,dcid:CentralAsia,2019,408.7718
dcs:who/AIR_45.AGE--Y40T44__ENVCAUSE--ENVCAUSE114__SEX--M,dcid:CentralAsia,2019,4784.40415
dcs:who/AIR_45.AGE--Y40T44__ENVCAUSE--ENVCAUSE039__SEX--M,dcid:CentralAsia,2019,3524.438
dcs:who/AIR_45.AGE--Y65T69__ENVCAUSE--ENVCAUSE118__SEX--M,dcid:CentralAsia,2019,5063.81256
dcs:who/AIR_45.AGE--Y25T29__ENVCAUSE--ENVCAUSE068__SEX--M,dcid:CentralAsia,2019,235.50641
dcs:who/AIR_45.AGE--Y35T39__ENVCAUSE--ENVCAUSE114__SEX--M,dcid:CentralAsia,2019,2769.47641
dcs:who/AIR_45.AGE--Y45T49__ENVCAUSE--ENVCAUSE118__SEX--M,dcid:CentralAsia,2019,1227.4044
dcs:who/AIR_45.AGE--Y70T74__ENVCAUSE--ENVCAUSE114__SEX--M,dcid:CentralAsia,2019,10634.90534
dcs:who/AIR_45.AGE--Y50T54__ENVCAUSE--ENVCAUSE118__SEX--M,dcid:CentralAsia,2019,1692.12637
dcs:who/AIR_45.AGE--Y30T34__ENVCAUSE--ENVCAUSE039__SEX--M,dcid:CentralAsia,2019,2646.99327
dcs:who/AIR_45.AGE--Y30T34__ENVCAUSE--ENVCAUSE068__SEX--M,dcid:CentralAsia,2019,338.90101
dcs:who/AIR_45.AGE--Y25T29__ENVCAUSE--ENVCAUSE114__SEX--M,dcid:CentralAsia,2019,962.76037
dcs:who/AIR_45.AGE--Y35T39__ENVCAUSE--ENVCAUSE039__SEX--M,dcid:CentralAsia,2019,3388.84046
dcs:who/AIR_45.AGE--Y55T59__ENVCAUSE--ENVCAUSE068__SEX--M,dcid:CentralAsia,2019,4876.74361
dcs:who/AIR_45.AGE--Y60T64__ENVCAUSE--ENVCAUSE068__SEX--M,dcid:CentralAsia,2019,4768.63216
dcs:who/AIR_45.AGE--Y50T54__ENVCAUSE--ENVCAUSE114__SEX--M,dcid:CentralAsia,2019,11182.63845
dcs:who/AIR_45.AGE--Y75T79__ENVCAUSE--ENVCAUSE039__SEX--M,dcid:CentralAsia,2019,1442.20496
dcs:who/AIR_45.AGE--Y25T29__ENVCAUSE--ENVCAUSE118__SEX--M,dcid:CentralAsia,2019,326.89592
dcs:who/AIR_45.AGE--Y_GE80__ENVCAUSE--ENVCAUSE118__SEX--M,dcid:CentralAsia,2019,3396.94431
dcs:who/AIR_45.AGE--Y50T54__ENVCAUSE--ENVCAUSE068__SEX--M,dcid:CentralAsia,2019,2829.91954
dcs:who/AIR_45.AGE--Y55T59__ENVCAUSE--ENVCAUSE039__SEX--M,dcid:CentralAsia,2019,3858.38462
dcs:who/AIR_45.AGE--Y10T14__ENVCAUSE--ENVCAUSE039__SEX--M,dcid:CentralAsia,2019,3537.20884
dcs:who/AIR_45.AGE--Y0T4__ENVCAUSE--ENVCAUSE039__SEX--M,dcid:CentralAsia,2019,63660.96911
dcs:who/AIR_45.AGE--Y_GE80__ENVCAUSE--ENVCAUSE113__SEX--M,dcid:CentralAsia,2019,47577.75775
dcs:who/AIR_45.ENVCAUSE--ENVCAUSE118__SEX--M,dcid:CentralAsia,2019,26888.72783
dcs:who/AIR_45.AGE--Y30T34__ENVCAUSE--ENVCAUSE118__SEX--M,dcid:CentralAsia,2019,505.72713
dcs:who/AIR_45.ENVCAUSE--ENVCAUSE113__SEX--M,dcid:CentralAsia,2019,382460.824
dcs:who/AIR_45.AGE--Y75T79__ENVCAUSE--ENVCAUSE118__SEX--M,dcid:CentralAsia,2019,3059.14264
dcs:who/AIR_45.AGE--Y40T44__ENVCAUSE--ENVCAUSE118__SEX--M,dcid:CentralAsia,2019,952.06959
dcs:who/AIR_45.AGE--Y60T64__ENVCAUSE--ENVCAUSE114__SEX--M,dcid:CentralAsia,2019,18181.17047
dcs:who/AIR_45.ENVCAUSE--ENVCAUSE039__SEX--M,dcid:CentralAsia,2019,110806.5751
dcs:who/AIR_45.AGE--Y75T79__ENVCAUSE--ENVCAUSE114__SEX--M,dcid:CentralAsia,2019,9404.6286
dcs:who/AIR_45.AGE--Y40T44__ENVCAUSE--ENVCAUSE068__SEX--M,dcid:CentralAsia,2019,578.26184
dcs:who/AIR_45.AGE--Y20T24__ENVCAUSE--ENVCAUSE039__SEX--M,dcid:CentralAsia,2019,2117.75499
dcs:who/AIR_45.AGE--Y35T39__ENVCAUSE--ENVCAUSE068__SEX--M,dcid:CentralAsia,2019,243.91484
dcs:who/AIR_45.AGE--Y35T39__ENVCAUSE--ENVCAUSE118__SEX--M,dcid:CentralAsia,2019,723.51802
dcs:who/AIR_45.AGE--Y70T74__ENVCAUSE--ENVCAUSE118__SEX--M,dcid:CentralAsia,2019,3150.68937
dcs:who/AIR_45.AGE--Y70T74__ENVCAUSE--ENVCAUSE039__SEX--M,dcid:CentralAsia,2019,1639.50831
dcs:who/AIR_45.ENVCAUSE--ENVCAUSE114__SEX--M,dcid:CentralAsia,2019,114301.5026
dcs:who/AIR_45.AGE--Y15T19__ENVCAUSE--ENVCAUSE039__SEX--M,dcid:CentralAsia,2019,2638.68993
dcs:who/AIR_45.AGE--Y_GE80__ENVCAUSE--ENVCAUSE114__SEX--M,dcid:CentralAsia,2019,10195.04793
dcs:who/AIR_45.AGE--Y25T29__ENVCAUSE--ENVCAUSE039__SEX--M,dcid:CentralAsia,2019,2293.81353
dcs:who/AIR_45.AGE--Y55T59__ENVCAUSE--ENVCAUSE118__SEX--M,dcid:CentralAsia,2019,2842.17697
dcs:who/AIR_45.AGE--Y55T59__ENVCAUSE--ENVCAUSE114__SEX--M,dcid:CentralAsia,2019,17122.67942
dcs:who/AIR_45.AGE--Y30T34__ENVCAUSE--ENVCAUSE114__SEX--M,dcid:CentralAsia,2019,1523.32336
dcs:who/AIR_45.AGE--Y60T64__ENVCAUSE--ENVCAUSE039__SEX--M,dcid:CentralAsia,2019,3404.52658
dcs:who/AIR_45.AGE--Y50T54__ENVCAUSE--ENVCAUSE039__SEX--M,dcid:CentralAsia,2019,3227.44595
dcs:who/AIR_45.AGE--Y5T9__ENVCAUSE--ENVCAUSE039__SEX--M,dcid:CentralAsia,2019,5205.32128
dcs:who/AIR_45.AGE--Y45T49__ENVCAUSE--ENVCAUSE068__SEX--M,dcid:CentralAsia,2019,1471.50665
dcs:who/AIR_45.AGE--Y65T69__ENVCAUSE--ENVCAUSE114__SEX--M,dcid:CentralAsia,2019,19910.35717
dcs:who/AIR_45.AGE--Y60T64__ENVCAUSE--ENVCAUSE118__SEX--M,dcid:CentralAsia,2019,3948.22056
dcs:who/AIR_45.AGE--Y_GE80__ENVCAUSE--ENVCAUSE039__SEX--M,dcid:CentralAsia,2019,1618.37717
dcs:who/AIR_45.AGE--Y45T49__ENVCAUSE--ENVCAUSE039__SEX--M,dcid:CentralAsia,2019,3379.77446
dcs:who/AIR_45.AGE--Y65T69__ENVCAUSE--ENVCAUSE039__SEX--M,dcid:CentralAsia,2019,3222.3237
dcs:who/AIR_45.AGE--Y45T49__ENVCAUSE--ENVCAUSE114__SEX--M,dcid:CentralAsia,2019,7630.11093
dcs:who/AIR_45.SEX--M,dcid:CentralAsia,2019,655872.812
dcs:who/AIR_45.AGE--Y50T54__ENVCAUSE--ENVCAUSE118__SEX--F,dcid:CentralAsia,2019,799.06307
dcs:who/AIR_45.AGE--Y10T14__ENVCAUSE--ENVCAUSE039__SEX--F,dcid:CentralAsia,2019,3102.20889
dcs:who/AIR_45.AGE--Y55T59__ENVCAUSE--ENVCAUSE068__SEX--F,dcid:CentralAsia,2019,1185.85269
dcs:who/AIR_45.AGE--Y65T69__ENVCAUSE--ENVCAUSE118__SEX--F,dcid:CentralAsia,2019,2638.21732
dcs:who/AIR_45.AGE--Y50T54__ENVCAUSE--ENVCAUSE113__SEX--M,dcid:CentralAsia,2019,35340.6548
dcs:who/AIR_45.AGE--Y40T44__ENVCAUSE--ENVCAUSE039__SEX--F,dcid:CentralAsia,2019,1819.25949
dcs:who/AIR_45.AGE--Y0T4__ENVCAUSE--ENVCAUSE039__SEX--F,dcid:CentralAsia,2019,45338.03402
dcs:who/AIR_45.AGE--Y70T74__ENVCAUSE--ENVCAUSE118__SEX--F,dcid:CentralAsia,2019,1905.84646
dcs:who/AIR_45.AGE--Y25T29__ENVCAUSE--ENVCAUSE113__SEX--M,dcid:CentralAsia,2019,3137.39241
dcs:who/AIR_45.AGE--Y60T64__ENVCAUSE--ENVCAUSE113__SEX--M,dcid:CentralAsia,2019,53888.7455
dcs:who/AIR_45.AGE--Y35T39__ENVCAUSE--ENVCAUSE039__SEX--F,dcid:CentralAsia,2019,1979.4322
dcs:who/AIR_45.AGE--Y_GE80__ENVCAUSE--ENVCAUSE068__SEX--F,dcid:CentralAsia,2019,221.27011
dcs:who/AIR_45.AGE--Y75T79__ENVCAUSE--ENVCAUSE068__SEX--F,dcid:CentralAsia,2019,282.96864
dcs:who/AIR_45.AGE--Y35T39__ENVCAUSE--ENVCAUSE113__SEX--M,dcid:CentralAsia,2019,10375.63242
dcs:who/AIR_45.AGE--Y75T79__ENVCAUSE--ENVCAUSE039__SEX--F,dcid:CentralAsia,2019,1356.61665
dcs:who/AIR_45.AGE--Y35T39__ENVCAUSE--ENVCAUSE068__SEX--F,dcid:CentralAsia,2019,282.88414
dcs:who/AIR_45.AGE--Y40T44__ENVCAUSE--ENVCAUSE118__SEX--F,dcid:CentralAsia,2019,543.87754
dcs:who/AIR_45.ENVCAUSE--ENVCAUSE039__SEX--F,dcid:CentralAsia,2019,79027.68326
dcs:who/AIR_45.AGE--Y60T64__ENVCAUSE--ENVCAUSE068__SEX--F,dcid:CentralAsia,2019,1104.48392
dcs:who/AIR_45.AGE--Y_GE80__ENVCAUSE--ENVCAUSE118__SEX--F,dcid:CentralAsia,2019,3790.81696
dcs:who/AIR_45.AGE--Y65T69__ENVCAUSE--ENVCAUSE039__SEX--F,dcid:CentralAsia,2019,2030.49547
dcs:who/AIR_45.AGE--Y50T54__ENVCAUSE--ENVCAUSE039__SEX--F,dcid:CentralAsia,2019,1522.57642
dcs:who/AIR_45.AGE--Y65T69__ENVCAUSE--ENVCAUSE113__SEX--M,dcid:CentralAsia,2019,60880.50131
dcs:who/AIR_45.AGE--Y55T59__ENVCAUSE--ENVCAUSE118__SEX--F,dcid:CentralAsia,2019,1452.09192
dcs:who/AIR_45.AGE--Y55T59__ENVCAUSE--ENVCAUSE039__SEX--F,dcid:CentralAsia,2019,1913.80307
dcs:who/AIR_45.ENVCAUSE--ENVCAUSE118__SEX--F,dcid:CentralAsia,2019,17256.22193
dcs:who/AIR_45.AGE--Y20T24__ENVCAUSE--ENVCAUSE039__SEX--F,dcid:CentralAsia,2019,2190.3693
dcs:who/AIR_45.AGE--Y65T69__ENVCAUSE--ENVCAUSE068__SEX--F,dcid:CentralAsia,2019,925.38523
dcs:who/AIR_45.AGE--Y70T74__ENVCAUSE--ENVCAUSE113__SEX--M,dcid:CentralAsia,2019,35068.45569
dcs:who/AIR_45.AGE--Y50T54__ENVCAUSE--ENVCAUSE068__SEX--F,dcid:CentralAsia,2019,847.30461
dcs:who/AIR_45.AGE--Y25T29__ENVCAUSE--ENVCAUSE068__SEX--F,dcid:CentralAsia,2019,179.85504
dcs:who/AIR_45.AGE--Y15T19__ENVCAUSE--ENVCAUSE039__SEX--F,dcid:CentralAsia,2019,2033.63766
dcs:who/AIR_45.AGE--Y60T64__ENVCAUSE--ENVCAUSE039__SEX--F,dcid:CentralAsia,2019,1782.2716
dcs:who/AIR_45.AGE--Y30T34__ENVCAUSE--ENVCAUSE118__SEX--F,dcid:CentralAsia,2019,392.95339
dcs:who/AIR_45.AGE--Y30T34__ENVCAUSE--ENVCAUSE068__SEX--F,dcid:CentralAsia,2019,216.15464
dcs:who/AIR_45.AGE--Y75T79__ENVCAUSE--ENVCAUSE118__SEX--F,dcid:CentralAsia,2019,2328.12225
dcs:who/AIR_45.AGE--Y70T74__ENVCAUSE--ENVCAUSE039__SEX--F,dcid:CentralAsia,2019,1193.69793
dcs:who/AIR_45.AGE--Y5T9__ENVCAUSE--ENVCAUSE039__SEX--F,dcid:CentralAsia,2019,4826.62454
dcs:who/AIR_45.AGE--Y25T29__ENVCAUSE--ENVCAUSE039__SEX--F,dcid:CentralAsia,2019,2146.8286
dcs:who/AIR_45.AGE--Y45T49__ENVCAUSE--ENVCAUSE039__SEX--F,dcid:CentralAsia,2019,1642.18562
dcs:who/AIR_45.AGE--Y45T49__ENVCAUSE--ENVCAUSE068__SEX--F,dcid:CentralAsia,2019,645.4264
dcs:who/AIR_45.AGE--Y75T79__ENVCAUSE--ENVCAUSE113__SEX--M,dcid:CentralAsia,2019,35460.04462
dcs:who/AIR_45.AGE--Y70T74__ENVCAUSE--ENVCAUSE068__SEX--F,dcid:CentralAsia,2019,440.59074
dcs:who/AIR_45.AGE--Y40T44__ENVCAUSE--ENVCAUSE113__SEX--M,dcid:CentralAsia,2019,16369.11198
dcs:who/AIR_45.AGE--Y35T39__ENVCAUSE--ENVCAUSE118__SEX--F,dcid:CentralAsia,2019,474.47761
dcs:who/AIR_45.AGE--Y60T64__ENVCAUSE--ENVCAUSE118__SEX--F,dcid:CentralAsia,2019,1961.73117
dcs:who/AIR_45.ENVCAUSE--ENVCAUSE068__SEX--F,dcid:CentralAsia,2019,6764.96724
dcs:who/AIR_45.AGE--Y45T49__ENVCAUSE--ENVCAUSE113__SEX--M,dcid:CentralAsia,2019,25527.53497
dcs:who/AIR_45.AGE--Y40T44__ENVCAUSE--ENVCAUSE068__SEX--F,dcid:CentralAsia,2019,432.79109
dcs:who/AIR_45.AGE--Y30T34__ENVCAUSE--ENVCAUSE113__SEX--M,dcid:CentralAsia,2019,6164.01891
dcs:who/AIR_45.AGE--Y30T34__ENVCAUSE--ENVCAUSE039__SEX--F,dcid:CentralAsia,2019,2009.15809
dcs:who/AIR_45.AGE--Y55T59__ENVCAUSE--ENVCAUSE113__SEX--M,dcid:CentralAsia,2019,52670.97368
dcs:who/AIR_45.AGE--Y45T49__ENVCAUSE--ENVCAUSE118__SEX--F,dcid:CentralAsia,2019,663.72325
dcs:who/AIR_45.AGE--Y_GE80__ENVCAUSE--ENVCAUSE039__SEX--F,dcid:CentralAsia,2019,2140.48372
dcs:who/AIR_45.ENVCAUSE--ENVCAUSE113__SEX--F,dcid:CentralAsia,2019,284521.1746
dcs:who/AIR_45.AGE--Y25T29__ENVCAUSE--ENVCAUSE113__SEX--F,dcid:CentralAsia,2019,1814.60544
dcs:who/AIR_45.AGE--Y40T44__ENVCAUSE--ENVCAUSE039,dcid:CentralAsia,2019,5343.69749
dcs:who/AIR_45.SEX--F,dcid:CentralAsia,2019,485025.7375
dcs:who/AIR_45.AGE--Y55T59__ENVCAUSE--ENVCAUSE113__SEX--F,dcid:CentralAsia,2019,25273.47166
dcs:who/AIR_45.AGE--Y60T64__ENVCAUSE--ENVCAUSE068,dcid:CentralAsia,2019,5873.11609
dcs:who/AIR_45.AGE--Y75T79__ENVCAUSE--ENVCAUSE113__SEX--F,dcid:CentralAsia,2019,40189.00546
dcs:who/AIR_45.AGE--Y70T74__ENVCAUSE--ENVCAUSE113__SEX--F,dcid:CentralAsia,2019,32195.68619
dcs:who/AIR_45.AGE--Y25T29__ENVCAUSE--ENVCAUSE114__SEX--F,dcid:CentralAsia,2019,667.86677
dcs:who/AIR_45.AGE--Y45T49__ENVCAUSE--ENVCAUSE114__SEX--F,dcid:CentralAsia,2019,4557.25123
dcs:who/AIR_45.AGE--Y15T19__ENVCAUSE--ENVCAUSE039,dcid:CentralAsia,2019,4672.32759
dcs:who/AIR_45.AGE--Y65T69__ENVCAUSE--ENVCAUSE113__SEX--F,dcid:CentralAsia,2019,45847.65638
dcs:who/AIR_45.AGE--Y_GE80__ENVCAUSE--ENVCAUSE039,dcid:CentralAsia,2019,3758.86089
dcs:who/AIR_45.AGE--Y70T74__ENVCAUSE--ENVCAUSE068,dcid:CentralAsia,2019,1836.47726
dcs:who/AIR_45.AGE--Y20T24__ENVCAUSE--ENVCAUSE039,dcid:CentralAsia,2019,4308.12429
dcs:who/AIR_45.AGE--Y35T39__ENVCAUSE--ENVCAUSE113__SEX--F,dcid:CentralAsia,2019,4325.48147
dcs:who/AIR_45.ENVCAUSE--ENVCAUSE039,dcid:CentralAsia,2019,189834.2584
dcs:who/AIR_45.AGE--Y50T54__ENVCAUSE--ENVCAUSE039,dcid:CentralAsia,2019,4750.02236
dcs:who/AIR_45.AGE--Y75T79__ENVCAUSE--ENVCAUSE039,dcid:CentralAsia,2019,2798.82161
dcs:who/AIR_45.AGE--Y50T54__ENVCAUSE--ENVCAUSE113__SEX--F,dcid:CentralAsia,2019,13324.05334
dcs:who/AIR_45.AGE--Y55T59__ENVCAUSE--ENVCAUSE068,dcid:CentralAsia,2019,6062.5963
dcs:who/AIR_45.AGE--Y60T64__ENVCAUSE--ENVCAUSE039,dcid:CentralAsia,2019,5186.79818
dcs:who/AIR_45.AGE--Y_GE80__ENVCAUSE--ENVCAUSE113__SEX--F,dcid:CentralAsia,2019,71159.06414
dcs:who/AIR_45.AGE--Y30T34__ENVCAUSE--ENVCAUSE068,dcid:CentralAsia,2019,555.05564
dcs:who/AIR_45.AGE--Y35T39__ENVCAUSE--ENVCAUSE114__SEX--F,dcid:CentralAsia,2019,1772.65008
dcs:who/AIR_45.AGE--Y45T49__ENVCAUSE--ENVCAUSE068,dcid:CentralAsia,2019,2116.93304
dcs:who/AIR_45.AGE--Y55T59__ENVCAUSE--ENVCAUSE039,dcid:CentralAsia,2019,5772.18769
dcs:who/AIR_45.AGE--Y35T39__ENVCAUSE--ENVCAUSE068,dcid:CentralAsia,2019,526.79898
dcs:who/AIR_45.AGE--Y35T39__ENVCAUSE--ENVCAUSE039,dcid:CentralAsia,2019,5368.27266
dcs:who/AIR_45.AGE--Y65T69__ENVCAUSE--ENVCAUSE039,dcid:CentralAsia,2019,5252.81918
dcs:who/AIR_45.AGE--Y45T49__ENVCAUSE--ENVCAUSE039,dcid:CentralAsia,2019,5021.96008
dcs:who/AIR_45.AGE--Y30T34__ENVCAUSE--ENVCAUSE113__SEX--F,dcid:CentralAsia,2019,3129.06662
dcs:who/AIR_45.AGE--Y40T44__ENVCAUSE--ENVCAUSE068,dcid:CentralAsia,2019,1011.05294
dcs:who/AIR_45.AGE--Y60T64__ENVCAUSE--ENVCAUSE113__SEX--F,dcid:CentralAsia,2019,31655.63883
dcs:who/AIR_45.ENVCAUSE--ENVCAUSE114__SEX--F,dcid:CentralAsia,2019,97455.69041
dcs:who/AIR_45.AGE--Y65T69__ENVCAUSE--ENVCAUSE068,dcid:CentralAsia,2019,4475.90216
dcs:who/AIR_45.AGE--Y65T69__ENVCAUSE--ENVCAUSE114__SEX--F,dcid:CentralAsia,2019,16334.26808
dcs:who/AIR_45.AGE--Y30T34__ENVCAUSE--ENVCAUSE039,dcid:CentralAsia,2019,4656.15136
dcs:who/AIR_45.AGE--Y70T74__ENVCAUSE--ENVCAUSE114__SEX--F,dcid:CentralAsia,2019,10295.88663
dcs:who/AIR_45.AGE--Y45T49__ENVCAUSE--ENVCAUSE113__SEX--F,dcid:CentralAsia,2019,9643.68719
dcs:who/AIR_45.AGE--Y25T29__ENVCAUSE--ENVCAUSE118__SEX--F,dcid:CentralAsia,2019,305.301
dcs:who/AIR_45.ENVCAUSE--ENVCAUSE068,dcid:CentralAsia,2019,28180.14966
dcs:who/AIR_45.AGE--Y70T74__ENVCAUSE--ENVCAUSE039,dcid:CentralAsia,2019,2833.20624
dcs:who/AIR_45.AGE--Y25T29__ENVCAUSE--ENVCAUSE068,dcid:CentralAsia,2019,415.36145
dcs:who/AIR_45.AGE--Y60T64__ENVCAUSE--ENVCAUSE114__SEX--F,dcid:CentralAsia,2019,12686.18618
dcs:who/AIR_45.AGE--Y_GE80__ENVCAUSE--ENVCAUSE114__SEX--F,dcid:CentralAsia,2019,17606.65425
dcs:who/AIR_45.AGE--Y30T34__ENVCAUSE--ENVCAUSE114__SEX--F,dcid:CentralAsia,2019,1056.16293
dcs:who/AIR_45.AGE--Y75T79__ENVCAUSE--ENVCAUSE068,dcid:CentralAsia,2019,999.58975
dcs:who/AIR_45.AGE--Y75T79__ENVCAUSE--ENVCAUSE114__SEX--F,dcid:CentralAsia,2019,11436.96846
dcs:who/AIR_45.AGE--Y55T59__ENVCAUSE--ENVCAUSE114__SEX--F,dcid:CentralAsia,2019,11536.4712
dcs:who/AIR_45.AGE--Y40T44__ENVCAUSE--ENVCAUSE113__SEX--F,dcid:CentralAsia,2019,5963.75791
dcs:who/AIR_45.AGE--Y50T54__ENVCAUSE--ENVCAUSE068,dcid:CentralAsia,2019,3677.22415
dcs:who/AIR_45.AGE--Y_GE80__ENVCAUSE--ENVCAUSE068,dcid:CentralAsia,2019,630.04191
dcs:who/AIR_45.AGE--Y50T54__ENVCAUSE--ENVCAUSE114__SEX--F,dcid:CentralAsia,2019,6710.80471
dcs:who/AIR_45.AGE--Y40T44__ENVCAUSE--ENVCAUSE114__SEX--F,dcid:CentralAsia,2019,2794.51988
dcs:who/AIR_45.AGE--Y25T29__ENVCAUSE--ENVCAUSE039,dcid:CentralAsia,2019,4440.64213
dcs:who/AIR_45.AGE--Y50T54__ENVCAUSE--ENVCAUSE114,dcid:CentralAsia,2019,17893.44315
dcs:who/AIR_45.AGE--Y30T34__ENVCAUSE--ENVCAUSE118,dcid:CentralAsia,2019,898.68052
dcs:who/AIR_45.AGE--Y35T39__ENVCAUSE--ENVCAUSE118,dcid:CentralAsia,2019,1197.99563
dcs:who/AIR_45.AGE--Y40T44__ENVCAUSE--ENVCAUSE114,dcid:CentralAsia,2019,7578.92403
dcs:who/AIR_45.AGE--Y25T29__ENVCAUSE--ENVCAUSE118,dcid:CentralAsia,2019,632.19692
dcs:who/AIR_45.AGE--Y60T64__ENVCAUSE--ENVCAUSE114,dcid:CentralAsia,2019,30867.35665
dcs:who/AIR_45.ENVCAUSE--ENVCAUSE118,dcid:CentralAsia,2019,44144.94977
dcs:who/AIR_45.AGE--Y35T39__ENVCAUSE--ENVCAUSE114,dcid:CentralAsia,2019,4542.12649
dcs:who/AIR_45.AGE--Y10T14__ENVCAUSE--ENVCAUSE039,dcid:CentralAsia,2019,6639.41773
dcs:who/AIR_45.AGE--Y75T79__ENVCAUSE--ENVCAUSE114,dcid:CentralAsia,2019,20841.59706
dcs:who/AIR_45.ENVCAUSE--ENVCAUSE114,dcid:CentralAsia,2019,211757.193
dcs:who/AIR_45.AGE--Y70T74__ENVCAUSE--ENVCAUSE114,dcid:CentralAsia,2019,20930.79197
dcs:who/AIR_45.AGE--Y_GE80__ENVCAUSE--ENVCAUSE114,dcid:CentralAsia,2019,27801.70219
dcs:who/AIR_45.AGE--Y50T54__ENVCAUSE--ENVCAUSE118,dcid:CentralAsia,2019,2491.18943
dcs:who/AIR_45.AGE--Y70T74__ENVCAUSE--ENVCAUSE118,dcid:CentralAsia,2019,5056.53583
dcs:who/AIR_45.AGE--Y_GE80__ENVCAUSE--ENVCAUSE118,dcid:CentralAsia,2019,7187.76127
dcs:who/AIR_45.AGE--Y55T59__ENVCAUSE--ENVCAUSE118,dcid:CentralAsia,2019,4294.26889
dcs:who/AIR_45.AGE--Y45T49__ENVCAUSE--ENVCAUSE114,dcid:CentralAsia,2019,12187.36216
dcs:who/AIR_45.AGE--Y60T64__ENVCAUSE--ENVCAUSE118,dcid:CentralAsia,2019,5909.95173
dcs:who/AIR_45.AGE--Y40T44__ENVCAUSE--ENVCAUSE118,dcid:CentralAsia,2019,1495.94714
dcs:who/AIR_45.AGE--Y65T69__ENVCAUSE--ENVCAUSE114,dcid:CentralAsia,2019,36244.62525
dcs:who/AIR_45.AGE--Y65T69__ENVCAUSE--ENVCAUSE118,dcid:CentralAsia,2019,7702.02988
dcs:who/AIR_45.AGE--Y30T34__ENVCAUSE--ENVCAUSE114,dcid:CentralAsia,2019,2579.48629
dcs:who/AIR_45.AGE--Y75T79__ENVCAUSE--ENVCAUSE118,dcid:CentralAsia,2019,5387.26489
dcs:who/AIR_45.AGE--Y55T59__ENVCAUSE--ENVCAUSE114,dcid:CentralAsia,2019,28659.15062
dcs:who/AIR_45.AGE--Y5T9__ENVCAUSE--ENVCAUSE039,dcid:CentralAsia,2019,10031.94581
dcs:who/AIR_45.AGE--Y45T49__ENVCAUSE--ENVCAUSE118,dcid:CentralAsia,2019,1891.12765
dcs:who/AIR_45.AGE--Y0T4__ENVCAUSE--ENVCAUSE039,dcid:CentralAsia,2019,108999.0031
dcs:who/AIR_45.AGE--Y40T44__ENVCAUSE--ENVCAUSE113,dcid:CentralAsia,2019,22332.86989
dcs:who/AIR_45.AGE--Y55T59__ENVCAUSE--ENVCAUSE113,dcid:CentralAsia,2019,77944.44534
dcs:who/AIR_45.AGE--Y45T49__ENVCAUSE--ENVCAUSE113,dcid:CentralAsia,2019,35171.22215
dcs:who/AIR_45.AGE--Y70T74__ENVCAUSE--ENVCAUSE113,dcid:CentralAsia,2019,67264.14189
dcs:who/AIR_45,dcid:CentralAsia,2019,1140898.55
dcs:who/AIR_45.AGE--Y35T39__ENVCAUSE--ENVCAUSE113,dcid:CentralAsia,2019,14701.11389
dcs:who/AIR_45.ENVCAUSE--ENVCAUSE113,dcid:CentralAsia,2019,666981.9987
dcs:who/AIR_45.AGE--Y75T79__ENVCAUSE--ENVCAUSE113,dcid:CentralAsia,2019,75649.05008
dcs:who/AIR_45.AGE--Y60T64__ENVCAUSE--ENVCAUSE113,dcid:CentralAsia,2019,85544.38433
dcs:who/AIR_45.AGE--Y25T29__ENVCAUSE--ENVCAUSE113,dcid:CentralAsia,2019,4951.99786
dcs:who/AIR_45.AGE--Y_GE80__ENVCAUSE--ENVCAUSE113,dcid:CentralAsia,2019,118736.8219
dcs:who/AIR_45.AGE--Y30T34__ENVCAUSE--ENVCAUSE113,dcid:CentralAsia,2019,9293.08553
dcs:who/AIR_45.AGE--Y65T69__ENVCAUSE--ENVCAUSE113,dcid:CentralAsia,2019,106728.1577
dcs:who/AIR_45.AGE--Y25T29__ENVCAUSE--ENVCAUSE114,dcid:CentralAsia,2019,1630.62715
dcs:who/AIR_45.AGE--Y50T54__ENVCAUSE--ENVCAUSE113,dcid:CentralAsia,2019,48664.70814
dcs:who/AIR_45.AGE--Y60T64__ENVCAUSE--ENVCAUSE114__SEX--M,dcid:Earth,2019,1387310.403
dcs:who/AIR_45.AGE--Y25T29__ENVCAUSE--ENVCAUSE039__SEX--M,dcid:Earth,2019,138471.9953
dcs:who/AIR_45.AGE--Y45T49__ENVCAUSE--ENVCAUSE039__SEX--M,dcid:Earth,2019,250288.077
dcs:who/AIR_45.AGE--Y60T64__ENVCAUSE--ENVCAUSE118__SEX--M,dcid:Earth,2019,748916.362
dcs:who/AIR_45.AGE--Y40T44__ENVCAUSE--ENVCAUSE039__SEX--M,dcid:Earth,2019,205177.5543
dcs:who/AIR_45.AGE--Y45T49__ENVCAUSE--ENVCAUSE114__SEX--M,dcid:Earth,2019,604699.9871
dcs:who/AIR_45.AGE--Y25T29__ENVCAUSE--ENVCAUSE068__SEX--M,dcid:Earth,2019,13005.61853
dcs:who/AIR_45.AGE--Y_GE80__ENVCAUSE--ENVCAUSE118__SEX--M,dcid:Earth,2019,1205410.154
dcs:who/AIR_45.AGE--Y50T54__ENVCAUSE--ENVCAUSE039__SEX--M,dcid:Earth,2019,294316.715
dcs:who/AIR_45.AGE--Y40T44__ENVCAUSE--ENVCAUSE118__SEX--M,dcid:Earth,2019,80593.77493
dcs:who/AIR_45.AGE--Y35T39__ENVCAUSE--ENVCAUSE039__SEX--M,dcid:Earth,2019,186147.8406
dcs:who/AIR_45.AGE--Y30T34__ENVCAUSE--ENVCAUSE118__SEX--M,dcid:Earth,2019,30230.87153
dcs:who/AIR_45.AGE--Y65T69__ENVCAUSE--ENVCAUSE039__SEX--M,dcid:Earth,2019,481961.1213
dcs:who/AIR_45.ENVCAUSE--ENVCAUSE118__SEX--M,dcid:Earth,2019,5927381.22
dcs:who/AIR_45.AGE--Y15T19__ENVCAUSE--ENVCAUSE039__SEX--M,dcid:Earth,2019,113229.0748
dcs:who/AIR_45.AGE--Y30T34__ENVCAUSE--ENVCAUSE068__SEX--M,dcid:Earth,2019,28065.07406
dcs:who/AIR_45.AGE--Y75T79__ENVCAUSE--ENVCAUSE039__SEX--M,dcid:Earth,2019,402017.2677
dcs:who/AIR_45.AGE--Y_GE80__ENVCAUSE--ENVCAUSE039__SEX--M,dcid:Earth,2019,656903.7262
dcs:who/AIR_45.AGE--Y40T44__ENVCAUSE--ENVCAUSE114__SEX--M,dcid:Earth,2019,405833.4844
dcs:who/AIR_45.AGE--Y0T4__ENVCAUSE--ENVCAUSE039__SEX--M,dcid:Earth,2019,7369280.8
dcs:who/AIR_45.AGE--Y40T44__ENVCAUSE--ENVCAUSE068__SEX--M,dcid:Earth,2019,92221.63082
dcs:who/AIR_45.AGE--Y_GE80__ENVCAUSE--ENVCAUSE068__SEX--M,dcid:Earth,2019,214193.7149
dcs:who/AIR_45.AGE--Y50T54__ENVCAUSE--ENVCAUSE118__SEX--M,dcid:Earth,2019,300283.0335
dcs:who/AIR_45.AGE--Y75T79__ENVCAUSE--ENVCAUSE118__SEX--M,dcid:Earth,2019,878458.5794
dcs:who/AIR_45.AGE--Y35T39__ENVCAUSE--ENVCAUSE068__SEX--M,dcid:Earth,2019,45270.77368
dcs:who/AIR_45.ENVCAUSE--ENVCAUSE068__SEX--M,dcid:Earth,2019,3182264.317
dcs:who/AIR_45.AGE--Y65T69__ENVCAUSE--ENVCAUSE114__SEX--M,dcid:Earth,2019,1571325.732
dcs:who/AIR_45.AGE--Y45T49__ENVCAUSE--ENVCAUSE118__SEX--M,dcid:Earth,2019,153285.3799
dcs:who/AIR_45.AGE--Y45T49__ENVCAUSE--ENVCAUSE068__SEX--M,dcid:Earth,2019,194211.2419
dcs:who/AIR_45.AGE--Y75T79__ENVCAUSE--ENVCAUSE114__SEX--M,dcid:Earth,2019,1085885.225
dcs:who/AIR_45.AGE--Y55T59__ENVCAUSE--ENVCAUSE114__SEX--M,dcid:Earth,2019,1146112.809
dcs:who/AIR_45.AGE--Y50T54__ENVCAUSE--ENVCAUSE114__SEX--M,dcid:Earth,2019,911263.6391
dcs:who/AIR_45.AGE--Y30T34__ENVCAUSE--ENVCAUSE039__SEX--M,dcid:Earth,2019,158050.7242
dcs:who/AIR_45.AGE--Y25T29__ENVCAUSE--ENVCAUSE118__SEX--M,dcid:Earth,2019,18957.50433
dcs:who/AIR_45.AGE--Y_GE80__ENVCAUSE--ENVCAUSE114__SEX--M,dcid:Earth,2019,1331440.764
dcs:who/AIR_45.AGE--Y70T74__ENVCAUSE--ENVCAUSE039__SEX--M,dcid:Earth,2019,461170.6877
dcs:who/AIR_45.AGE--Y55T59__ENVCAUSE--ENVCAUSE068__SEX--M,dcid:Earth,2019,455895.4238
dcs:who/AIR_45.AGE--Y60T64__ENVCAUSE--ENVCAUSE039__SEX--M,dcid:Earth,2019,450458.487
dcs:who/AIR_45.AGE--Y70T74__ENVCAUSE--ENVCAUSE118__SEX--M,dcid:Earth,2019,1003189.057
dcs:who/AIR_45.ENVCAUSE--ENVCAUSE114__SEX--M,dcid:Earth,2019,10331632.3
dcs:who/AIR_45.AGE--Y70T74__ENVCAUSE--ENVCAUSE068__SEX--M,dcid:Earth,2019,422931.4196
dcs:who/AIR_45.AGE--Y75T79__ENVCAUSE--ENVCAUSE068__SEX--M,dcid:Earth,2019,265612.6924
dcs:who/AIR_45.AGE--Y5T9__ENVCAUSE--ENVCAUSE039__SEX--M,dcid:Earth,2019,356489.181
dcs:who/AIR_45.AGE--Y65T69__ENVCAUSE--ENVCAUSE068__SEX--M,dcid:Earth,2019,578267.4446
dcs:who/AIR_45.AGE--Y55T59__ENVCAUSE--ENVCAUSE118__SEX--M,dcid:Earth,2019,488176.5044
dcs:who/AIR_45.AGE--Y55T59__ENVCAUSE--ENVCAUSE039__SEX--M,dcid:Earth,2019,366227.2032
dcs:who/AIR_45.AGE--Y10T14__ENVCAUSE--ENVCAUSE039__SEX--M,dcid:Earth,2019,214231.3982
dcs:who/AIR_45.ENVCAUSE--ENVCAUSE039__SEX--M,dcid:Earth,2019,12224883.58
dcs:who/AIR_45.AGE--Y65T69__ENVCAUSE--ENVCAUSE118__SEX--M,dcid:Earth,2019,973961.5261
dcs:who/AIR_45.AGE--Y20T24__ENVCAUSE--ENVCAUSE039__SEX--M,dcid:Earth,2019,120461.7308
dcs:who/AIR_45.AGE--Y50T54__ENVCAUSE--ENVCAUSE068__SEX--M,dcid:Earth,2019,334257.0327
dcs:who/AIR_45.AGE--Y60T64__ENVCAUSE--ENVCAUSE068__SEX--M,dcid:Earth,2019,538332.2503
dcs:who/AIR_45.AGE--Y70T74__ENVCAUSE--ENVCAUSE114__SEX--M,dcid:Earth,2019,1340033.409
dcs:who/AIR_45.AGE--Y35T39__ENVCAUSE--ENVCAUSE118__SEX--M,dcid:Earth,2019,45918.47329
dcs:who/AIR_45.AGE--Y35T39__ENVCAUSE--ENVCAUSE114__SEX--M,dcid:Earth,2019,261251.5053
dcs:who/AIR_45.AGE--Y40T44__ENVCAUSE--ENVCAUSE039__SEX--F,dcid:Earth,2019,129421.8663
dcs:who/AIR_45.ENVCAUSE--ENVCAUSE039__SEX--F,dcid:Earth,2019,9735137.767
dcs:who/AIR_45.AGE--Y75T79__ENVCAUSE--ENVCAUSE118__SEX--F,dcid:Earth,2019,601809.628
dcs:who/AIR_45.AGE--Y10T14__ENVCAUSE--ENVCAUSE039__SEX--F,dcid:Earth,2019,199173.9591
dcs:who/AIR_45.ENVCAUSE--ENVCAUSE118__SEX--F,dcid:Earth,2019,3877045.345
dcs:who/AIR_45.AGE--Y65T69__ENVCAUSE--ENVCAUSE118__SEX--F,dcid:Earth,2019,556166.8739
dcs:who/AIR_45.AGE--Y40T44__ENVCAUSE--ENVCAUSE068__SEX--F,dcid:Earth,2019,53051.32971
dcs:who/AIR_45.AGE--Y30T34__ENVCAUSE--ENVCAUSE068__SEX--F,dcid:Earth,2019,16943.3978
dcs:who/AIR_45.AGE--Y35T39__ENVCAUSE--ENVCAUSE068__SEX--F,dcid:Earth,2019,27577.92495
dcs:who/AIR_45.AGE--Y45T49__ENVCAUSE--ENVCAUSE039__SEX--F,dcid:Earth,2019,136130.3457
dcs:who/AIR_45.AGE--Y15T19__ENVCAUSE--ENVCAUSE039__SEX--F,dcid:Earth,2019,92479.87501
dcs:who/AIR_45.AGE--Y55T59__ENVCAUSE--ENVCAUSE039__SEX--F,dcid:Earth,2019,233410.1842
dcs:who/AIR_45.AGE--Y30T34__ENVCAUSE--ENVCAUSE113__SEX--M,dcid:Earth,2019,548661.9067
dcs:who/AIR_45.AGE--Y_GE80__ENVCAUSE--ENVCAUSE068__SEX--F,dcid:Earth,2019,123586.0314
dcs:who/AIR_45.AGE--Y35T39__ENVCAUSE--ENVCAUSE113__SEX--M,dcid:Earth,2019,840881.0423
dcs:who/AIR_45.AGE--Y75T79__ENVCAUSE--ENVCAUSE113__SEX--M,dcid:Earth,2019,1988455.111
dcs:who/AIR_45.AGE--Y40T44__ENVCAUSE--ENVCAUSE113__SEX--M,dcid:Earth,2019,1216969.111
dcs:who/AIR_45.AGE--Y60T64__ENVCAUSE--ENVCAUSE068__SEX--F,dcid:Earth,2019,205085.4398
dcs:who/AIR_45.AGE--Y55T59__ENVCAUSE--ENVCAUSE118__SEX--F,dcid:Earth,2019,251634.4294
dcs:who/AIR_45.AGE--Y0T4__ENVCAUSE--ENVCAUSE039__SEX--F,dcid:Earth,2019,5734401.622
dcs:who/AIR_45.AGE--Y25T29__ENVCAUSE--ENVCAUSE114__SEX--M,dcid:Earth,2019,107809.3287
dcs:who/AIR_45.AGE--Y25T29__ENVCAUSE--ENVCAUSE068__SEX--F,dcid:Earth,2019,7858.40983
dcs:who/AIR_45.AGE--Y50T54__ENVCAUSE--ENVCAUSE039__SEX--F,dcid:Earth,2019,201322.7226
dcs:who/AIR_45.AGE--Y70T74__ENVCAUSE--ENVCAUSE068__SEX--F,dcid:Earth,2019,177451.9363
dcs:who/AIR_45.AGE--Y70T74__ENVCAUSE--ENVCAUSE039__SEX--F,dcid:Earth,2019,396721.3976
dcs:who/AIR_45.AGE--Y75T79__ENVCAUSE--ENVCAUSE068__SEX--F,dcid:Earth,2019,122268.2519
dcs:who/AIR_45.AGE--Y55T59__ENVCAUSE--ENVCAUSE113__SEX--M,dcid:Earth,2019,3012198.168
dcs:who/AIR_45.AGE--Y_GE80__ENVCAUSE--ENVCAUSE118__SEX--F,dcid:Earth,2019,1061887.162
dcs:who/AIR_45.AGE--Y55T59__ENVCAUSE--ENVCAUSE068__SEX--F,dcid:Earth,2019,173689.2609
dcs:who/AIR_45.AGE--Y45T49__ENVCAUSE--ENVCAUSE118__SEX--F,dcid:Earth,2019,77659.02369
dcs:who/AIR_45.AGE--Y5T9__ENVCAUSE--ENVCAUSE039__SEX--F,dcid:Earth,2019,404144.0609
dcs:who/AIR_45.ENVCAUSE--ENVCAUSE068__SEX--F,dcid:Earth,2019,1365522.28
dcs:who/AIR_45.AGE--Y_GE80__ENVCAUSE--ENVCAUSE039__SEX--F,dcid:Earth,2019,736516.8785
dcs:who/AIR_45.AGE--Y25T29__ENVCAUSE--ENVCAUSE118__SEX--F,dcid:Earth,2019,11685.44771
dcs:who/AIR_45.AGE--Y35T39__ENVCAUSE--ENVCAUSE039__SEX--F,dcid:Earth,2019,125856.0826
dcs:who/AIR_45.AGE--Y50T54__ENVCAUSE--ENVCAUSE118__SEX--F,dcid:Earth,2019,169188.8109
dcs:who/AIR_45.AGE--Y20T24__ENVCAUSE--ENVCAUSE039__SEX--F,dcid:Earth,2019,90451.97112
dcs:who/AIR_45.AGE--Y65T69__ENVCAUSE--ENVCAUSE039__SEX--F,dcid:Earth,2019,375434.5392
dcs:who/AIR_45.AGE--Y30T34__ENVCAUSE--ENVCAUSE118__SEX--F,dcid:Earth,2019,17750.85139
dcs:who/AIR_45.AGE--Y70T74__ENVCAUSE--ENVCAUSE113__SEX--M,dcid:Earth,2019,2521953.355
dcs:who/AIR_45.AGE--Y75T79__ENVCAUSE--ENVCAUSE039__SEX--F,dcid:Earth,2019,354302.8881
dcs:who/AIR_45.AGE--Y25T29__ENVCAUSE--ENVCAUSE039__SEX--F,dcid:Earth,2019,104538.924
dcs:who/AIR_45.AGE--Y50T54__ENVCAUSE--ENVCAUSE068__SEX--F,dcid:Earth,2019,143421.3265
dcs:who/AIR_45.AGE--Y25T29__ENVCAUSE--ENVCAUSE113__SEX--M,dcid:Earth,2019,280345.559
dcs:who/AIR_45.AGE--Y40T44__ENVCAUSE--ENVCAUSE118__SEX--F,dcid:Earth,2019,40769.81056
dcs:who/AIR_45.AGE--Y30T34__ENVCAUSE--ENVCAUSE114__SEX--M,dcid:Earth,2019,178666.0109
dcs:who/AIR_45.AGE--Y60T64__ENVCAUSE--ENVCAUSE039__SEX--F,dcid:Earth,2019,313274.2582
dcs:who/AIR_45.AGE--Y65T69__ENVCAUSE--ENVCAUSE068__SEX--F,dcid:Earth,2019,225442.8021
dcs:who/AIR_45.AGE--Y30T34__ENVCAUSE--ENVCAUSE039__SEX--F,dcid:Earth,2019,107556.1917
dcs:who/AIR_45.SEX--M,dcid:Earth,2019,55518702.47
dcs:who/AIR_45.AGE--Y65T69__ENVCAUSE--ENVCAUSE113__SEX--M,dcid:Earth,2019,3152522.145
dcs:who/AIR_45.AGE--Y60T64__ENVCAUSE--ENVCAUSE118__SEX--F,dcid:Earth,2019,415403.8017
dcs:who/AIR_45.AGE--Y50T54__ENVCAUSE--ENVCAUSE113__SEX--M,dcid:Earth,2019,2424177.899
dcs:who/AIR_45.AGE--Y45T49__ENVCAUSE--ENVCAUSE113__SEX--M,dcid:Earth,2019,1793608.422
dcs:who/AIR_45.ENVCAUSE--ENVCAUSE113__SEX--M,dcid:Earth,2019,23852541.05
dcs:who/AIR_45.AGE--Y45T49__ENVCAUSE--ENVCAUSE068__SEX--F,dcid:Earth,2019,89146.16888
dcs:who/AIR_45.AGE--Y_GE80__ENVCAUSE--ENVCAUSE113__SEX--M,dcid:Earth,2019,2888563.511
dcs:who/AIR_45.AGE--Y60T64__ENVCAUSE--ENVCAUSE113__SEX--M,dcid:Earth,2019,3184204.82
dcs:who/AIR_45.AGE--Y35T39__ENVCAUSE--ENVCAUSE118__SEX--F,dcid:Earth,2019,26671.7434
dcs:who/AIR_45.AGE--Y70T74__ENVCAUSE--ENVCAUSE118__SEX--F,dcid:Earth,2019,646417.7622
dcs:who/AIR_45.AGE--Y35T39__ENVCAUSE--ENVCAUSE039,dcid:Earth,2019,312003.9232
dcs:who/AIR_45.AGE--Y10T14__ENVCAUSE--ENVCAUSE039,dcid:Earth,2019,413405.3573
dcs:who/AIR_45.AGE--Y40T44__ENVCAUSE--ENVCAUSE114__SEX--F,dcid:Earth,2019,232552.8093
dcs:who/AIR_45.AGE--Y40T44__ENVCAUSE--ENVCAUSE068,dcid:Earth,2019,145272.9605
dcs:who/AIR_45.AGE--Y30T34__ENVCAUSE--ENVCAUSE039,dcid:Earth,2019,265606.9159
dcs:who/AIR_45.SEX--F,dcid:Earth,2019,38046932.79
dcs:who/AIR_45.AGE--Y45T49__ENVCAUSE--ENVCAUSE113__SEX--F,dcid:Earth,2019,684532.6944
dcs:who/AIR_45.ENVCAUSE--ENVCAUSE039,dcid:Earth,2019,21960021.35
dcs:who/AIR_45.AGE--Y55T59__ENVCAUSE--ENVCAUSE068,dcid:Earth,2019,629584.6846
dcs:who/AIR_45.AGE--Y75T79__ENVCAUSE--ENVCAUSE113__SEX--F,dcid:Earth,2019,1771331.101
dcs:who/AIR_45.AGE--Y35T39__ENVCAUSE--ENVCAUSE114__SEX--F,dcid:Earth,2019,145656.2651
dcs:who/AIR_45.AGE--Y45T49__ENVCAUSE--ENVCAUSE068,dcid:Earth,2019,283357.4107
dcs:who/AIR_45.AGE--Y25T29__ENVCAUSE--ENVCAUSE113__SEX--F,dcid:Earth,2019,120442.4331
dcs:who/AIR_45.AGE--Y65T69__ENVCAUSE--ENVCAUSE114__SEX--F,dcid:Earth,2019,1132450.809
dcs:who/AIR_45.AGE--Y50T54__ENVCAUSE--ENVCAUSE039,dcid:Earth,2019,495639.4376
dcs:who/AIR_45.AGE--Y70T74__ENVCAUSE--ENVCAUSE039,dcid:Earth,2019,857892.0852
dcs:who/AIR_45.AGE--Y_GE80__ENVCAUSE--ENVCAUSE068,dcid:Earth,2019,337779.7463
dcs:who/AIR_45.AGE--Y_GE80__ENVCAUSE--ENVCAUSE114__SEX--F,dcid:Earth,2019,1664166.45
dcs:who/AIR_45.AGE--Y_GE80__ENVCAUSE--ENVCAUSE039,dcid:Earth,2019,1393420.605
dcs:who/AIR_45.AGE--Y70T74__ENVCAUSE--ENVCAUSE068,dcid:Earth,2019,600383.3558
dcs:who/AIR_45.AGE--Y25T29__ENVCAUSE--ENVCAUSE114__SEX--F,dcid:Earth,2019,59077.93791
dcs:who/AIR_45.AGE--Y55T59__ENVCAUSE--ENVCAUSE114__SEX--F,dcid:Earth,2019,731347.1066
dcs:who/AIR_45.AGE--Y25T29__ENVCAUSE--ENVCAUSE039,dcid:Earth,2019,243010.9194
dcs:who/AIR_45.AGE--Y75T79__ENVCAUSE--ENVCAUSE114__SEX--F,dcid:Earth,2019,1020574.168
dcs:who/AIR_45.AGE--Y25T29__ENVCAUSE--ENVCAUSE068,dcid:Earth,2019,20864.02835
dcs:who/AIR_45.AGE--Y75T79__ENVCAUSE--ENVCAUSE068,dcid:Earth,2019,387880.9443
dcs:who/AIR_45.ENVCAUSE--ENVCAUSE068,dcid:Earth,2019,4547786.597
dcs:who/AIR_45.AGE--Y40T44__ENVCAUSE--ENVCAUSE039,dcid:Earth,2019,334599.4206
dcs:who/AIR_45.AGE--Y35T39__ENVCAUSE--ENVCAUSE068,dcid:Earth,2019,72848.69863
dcs:who/AIR_45.AGE--Y70T74__ENVCAUSE--ENVCAUSE114__SEX--F,dcid:Earth,2019,1105543.395
dcs:who/AIR_45.AGE--Y45T49__ENVCAUSE--ENVCAUSE114__SEX--F,dcid:Earth,2019,368861.3628
dcs:who/AIR_45.AGE--Y55T59__ENVCAUSE--ENVCAUSE039,dcid:Earth,2019,599637.3873
dcs:who/AIR_45.AGE--Y30T34__ENVCAUSE--ENVCAUSE068,dcid:Earth,2019,45008.47186
dcs:who/AIR_45.AGE--Y30T34__ENVCAUSE--ENVCAUSE114__SEX--F,dcid:Earth,2019,90943.08399
dcs:who/AIR_45.AGE--Y35T39__ENVCAUSE--ENVCAUSE113__SEX--F,dcid:Earth,2019,302122.9391
dcs:who/AIR_45.AGE--Y5T9__ENVCAUSE--ENVCAUSE039,dcid:Earth,2019,760633.242
dcs:who/AIR_45.AGE--Y75T79__ENVCAUSE--ENVCAUSE039,dcid:Earth,2019,756320.1558
dcs:who/AIR_45.AGE--Y50T54__ENVCAUSE--ENVCAUSE068,dcid:Earth,2019,477678.3592
dcs:who/AIR_45.ENVCAUSE--ENVCAUSE114__SEX--F,dcid:Earth,2019,8086320.642
dcs:who/AIR_45.AGE--Y55T59__ENVCAUSE--ENVCAUSE113__SEX--F,dcid:Earth,2019,1321763.286
dcs:who/AIR_45.AGE--Y65T69__ENVCAUSE--ENVCAUSE068,dcid:Earth,2019,803710.2467
dcs:who/AIR_45.AGE--Y_GE80__ENVCAUSE--ENVCAUSE113__SEX--F,dcid:Earth,2019,3637209.598
dcs:who/AIR_45.AGE--Y20T24__ENVCAUSE--ENVCAUSE039,dcid:Earth,2019,210913.702
dcs:who/AIR_45.AGE--Y65T69__ENVCAUSE--ENVCAUSE039,dcid:Earth,2019,857395.6605
dcs:who/AIR_45.AGE--Y50T54__ENVCAUSE--ENVCAUSE113__SEX--F,dcid:Earth,2019,1043266.422
dcs:who/AIR_45.AGE--Y40T44__ENVCAUSE--ENVCAUSE113__SEX--F,dcid:Earth,2019,465767.6464
dcs:who/AIR_45.AGE--Y60T64__ENVCAUSE--ENVCAUSE068,dcid:Earth,2019,743417.6901
dcs:who/AIR_45.AGE--Y60T64__ENVCAUSE--ENVCAUSE114__SEX--F,dcid:Earth,2019,930866.726
dcs:who/AIR_45.AGE--Y60T64__ENVCAUSE--ENVCAUSE039,dcid:Earth,2019,763732.7453
dcs:who/AIR_45.AGE--Y60T64__ENVCAUSE--ENVCAUSE113__SEX--F,dcid:Earth,2019,1644216.27
dcs:who/AIR_45.AGE--Y70T74__ENVCAUSE--ENVCAUSE113__SEX--F,dcid:Earth,2019,1859481.624
dcs:who/AIR_45.AGE--Y45T49__ENVCAUSE--ENVCAUSE039,dcid:Earth,2019,386418.4228
dcs:who/AIR_45.AGE--Y15T19__ENVCAUSE--ENVCAUSE039,dcid:Earth,2019,205708.9498
dcs:who/AIR_45.AGE--Y30T34__ENVCAUSE--ENVCAUSE113__SEX--F,dcid:Earth,2019,199211.9413
dcs:who/AIR_45.AGE--Y65T69__ENVCAUSE--ENVCAUSE113__SEX--F,dcid:Earth,2019,1933560.801
dcs:who/AIR_45.AGE--Y50T54__ENVCAUSE--ENVCAUSE114__SEX--F,dcid:Earth,2019,604280.529
dcs:who/AIR_45.ENVCAUSE--ENVCAUSE113__SEX--F,dcid:Earth,2019,14982906.76
dcs:who/AIR_45.AGE--Y60T64__ENVCAUSE--ENVCAUSE113,dcid:Earth,2019,4828421.09
dcs:who/AIR_45.AGE--Y_GE80__ENVCAUSE--ENVCAUSE114,dcid:Earth,2019,2995607.214
dcs:who/AIR_45.AGE--Y30T34__ENVCAUSE--ENVCAUSE114,dcid:Earth,2019,269609.0949
dcs:who/AIR_45.AGE--Y_GE80__ENVCAUSE--ENVCAUSE113,dcid:Earth,2019,6525773.109
dcs:who/AIR_45.AGE--Y35T39__ENVCAUSE--ENVCAUSE114,dcid:Earth,2019,406907.7704
dcs:who/AIR_45.AGE--Y50T54__ENVCAUSE--ENVCAUSE113,dcid:Earth,2019,3467444.321
dcs:who/AIR_45.AGE--Y30T34__ENVCAUSE--ENVCAUSE118,dcid:Earth,2019,47981.72292
dcs:who/AIR_45.AGE--Y_GE80__ENVCAUSE--ENVCAUSE118,dcid:Earth,2019,2267297.316
dcs:who/AIR_45.AGE--Y35T39__ENVCAUSE--ENVCAUSE113,dcid:Earth,2019,1143003.981
dcs:who/AIR_45.AGE--Y55T59__ENVCAUSE--ENVCAUSE114,dcid:Earth,2019,1877459.915
dcs:who/AIR_45.AGE--Y30T34__ENVCAUSE--ENVCAUSE113,dcid:Earth,2019,747873.848
dcs:who/AIR_45.AGE--Y65T69__ENVCAUSE--ENVCAUSE113,dcid:Earth,2019,5086082.947
dcs:who/AIR_45,dcid:Earth,2019,93565635.26
dcs:who/AIR_45.AGE--Y70T74__ENVCAUSE--ENVCAUSE114,dcid:Earth,2019,2445576.804
dcs:who/AIR_45.AGE--Y55T59__ENVCAUSE--ENVCAUSE113,dcid:Earth,2019,4333961.454
dcs:who/AIR_45.AGE--Y55T59__ENVCAUSE--ENVCAUSE118,dcid:Earth,2019,739810.9339
dcs:who/AIR_45.AGE--Y50T54__ENVCAUSE--ENVCAUSE118,dcid:Earth,2019,469471.8444
dcs:who/AIR_45.AGE--Y60T64__ENVCAUSE--ENVCAUSE114,dcid:Earth,2019,2318177.129
dcs:who/AIR_45.AGE--Y40T44__ENVCAUSE--ENVCAUSE114,dcid:Earth,2019,638386.2937
dcs:who/AIR_45.AGE--Y65T69__ENVCAUSE--ENVCAUSE118,dcid:Earth,2019,1530128.4
dcs:who/AIR_45.AGE--Y50T54__ENVCAUSE--ENVCAUSE114,dcid:Earth,2019,1515544.168
dcs:who/AIR_45.AGE--Y25T29__ENVCAUSE--ENVCAUSE113,dcid:Earth,2019,400787.9921
dcs:who/AIR_45.AGE--Y45T49__ENVCAUSE--ENVCAUSE113,dcid:Earth,2019,2478141.116
dcs:who/AIR_45.AGE--Y40T44__ENVCAUSE--ENVCAUSE113,dcid:Earth,2019,1682736.758
dcs:who/AIR_45.AGE--Y25T29__ENVCAUSE--ENVCAUSE114,dcid:Earth,2019,166887.2666
dcs:who/AIR_45.AGE--Y75T79__ENVCAUSE--ENVCAUSE113,dcid:Earth,2019,3759786.211
dcs:who/AIR_45.AGE--Y45T49__ENVCAUSE--ENVCAUSE114,dcid:Earth,2019,973561.35
dcs:who/AIR_45.AGE--Y75T79__ENVCAUSE--ENVCAUSE118,dcid:Earth,2019,1480268.207
dcs:who/AIR_45.AGE--Y70T74__ENVCAUSE--ENVCAUSE118,dcid:Earth,2019,1649606.819
dcs:who/AIR_45.ENVCAUSE--ENVCAUSE113,dcid:Earth,2019,38835447.81
dcs:who/AIR_45.AGE--Y35T39__ENVCAUSE--ENVCAUSE118,dcid:Earth,2019,72590.21669
dcs:who/AIR_45.AGE--Y0T4__ENVCAUSE--ENVCAUSE039,dcid:Earth,2019,13103682.42
dcs:who/AIR_45.AGE--Y60T64__ENVCAUSE--ENVCAUSE118,dcid:Earth,2019,1164320.164
dcs:who/AIR_45.AGE--Y25T29__ENVCAUSE--ENVCAUSE118,dcid:Earth,2019,30642.95204
dcs:who/AIR_45.ENVCAUSE--ENVCAUSE114,dcid:Earth,2019,18417952.94
dcs:who/AIR_45.AGE--Y65T69__ENVCAUSE--ENVCAUSE114,dcid:Earth,2019,2703776.541
dcs:who/AIR_45.AGE--Y70T74__ENVCAUSE--ENVCAUSE113,dcid:Earth,2019,4381434.979
dcs:who/AIR_45.AGE--Y45T49__ENVCAUSE--ENVCAUSE118,dcid:Earth,2019,230944.4036
dcs:who/AIR_45.AGE--Y40T44__ENVCAUSE--ENVCAUSE118,dcid:Earth,2019,121363.5855
dcs:who/AIR_45.ENVCAUSE--ENVCAUSE118,dcid:Earth,2019,9804426.565
dcs:who/AIR_45.AGE--Y75T79__ENVCAUSE--ENVCAUSE114,dcid:Earth,2019,2106459.393
dcs:who/AIR_45.AGE--Y50T54__ENVCAUSE--ENVCAUSE118__SEX--M,dcid:EasternAsia,2019,67230.3826
dcs:who/AIR_45.AGE--Y45T49__ENVCAUSE--ENVCAUSE068__SEX--M,dcid:EasternAsia,2019,107783.6959
dcs:who/AIR_45.AGE--Y35T39__ENVCAUSE--ENVCAUSE118__SEX--M,dcid:EasternAsia,2019,7472.50418
dcs:who/AIR_45.ENVCAUSE--ENVCAUSE039__SEX--M,dcid:EasternAsia,2019,814410.6956
dcs:who/AIR_45.AGE--Y75T79__ENVCAUSE--ENVCAUSE118__SEX--M,dcid:EasternAsia,2019,329772.4685
dcs:who/AIR_45.AGE--Y10T14__ENVCAUSE--ENVCAUSE039__SEX--M,dcid:EasternAsia,2019,5443.22654
dcs:who/AIR_45.AGE--Y30T34__ENVCAUSE--ENVCAUSE039__SEX--M,dcid:EasternAsia,2019,10812.67769
dcs:who/AIR_45.AGE--Y50T54__ENVCAUSE--ENVCAUSE068__SEX--M,dcid:EasternAsia,2019,195232.1777
dcs:who/AIR_45.AGE--Y25T29__ENVCAUSE--ENVCAUSE039__SEX--M,dcid:EasternAsia,2019,7571.06566
dcs:who/AIR_45.AGE--Y55T59__ENVCAUSE--ENVCAUSE118__SEX--M,dcid:EasternAsia,2019,100028.6971
dcs:who/AIR_45.AGE--Y20T24__ENVCAUSE--ENVCAUSE039__SEX--M,dcid:EasternAsia,2019,7094.56617
dcs:who/AIR_45.AGE--Y25T29__ENVCAUSE--ENVCAUSE118__SEX--M,dcid:EasternAsia,2019,2708.28794
dcs:who/AIR_45.AGE--Y75T79__ENVCAUSE--ENVCAUSE039__SEX--M,dcid:EasternAsia,2019,73301.17804
dcs:who/AIR_45.ENVCAUSE--ENVCAUSE068__SEX--M,dcid:EasternAsia,2019,1925926.929
dcs:who/AIR_45.AGE--Y_GE80__ENVCAUSE--ENVCAUSE114__SEX--M,dcid:EasternAsia,2019,713914.8639
dcs:who/AIR_45.AGE--Y75T79__ENVCAUSE--ENVCAUSE114__SEX--M,dcid:EasternAsia,2019,531835.5744
dcs:who/AIR_45.AGE--Y55T59__ENVCAUSE--ENVCAUSE068__SEX--M,dcid:EasternAsia,2019,253852.4952
dcs:who/AIR_45.AGE--Y0T4__ENVCAUSE--ENVCAUSE039__SEX--M,dcid:EasternAsia,2019,241094.4721
dcs:who/AIR_45.AGE--Y50T54__ENVCAUSE--ENVCAUSE039__SEX--M,dcid:EasternAsia,2019,27579.61273
dcs:who/AIR_45.AGE--Y35T39__ENVCAUSE--ENVCAUSE068__SEX--M,dcid:EasternAsia,2019,25288.27752
dcs:who/AIR_45.AGE--Y65T69__ENVCAUSE--ENVCAUSE039__SEX--M,dcid:EasternAsia,2019,56042.95839
dcs:who/AIR_45.AGE--Y45T49__ENVCAUSE--ENVCAUSE039__SEX--M,dcid:EasternAsia,2019,19412.09178
dcs:who/AIR_45.AGE--Y45T49__ENVCAUSE--ENVCAUSE118__SEX--M,dcid:EasternAsia,2019,33226.149
dcs:who/AIR_45.AGE--Y_GE80__ENVCAUSE--ENVCAUSE068__SEX--M,dcid:EasternAsia,2019,143678.579
dcs:who/AIR_45.AGE--Y60T64__ENVCAUSE--ENVCAUSE068__SEX--M,dcid:EasternAsia,2019,310771.9359
dcs:who/AIR_45.AGE--Y70T74__ENVCAUSE--ENVCAUSE068__SEX--M,dcid:EasternAsia,2019,271519.2106
dcs:who/AIR_45.AGE--Y65T69__ENVCAUSE--ENVCAUSE118__SEX--M,dcid:EasternAsia,2019,270367.9931
dcs:who/AIR_45.AGE--Y60T64__ENVCAUSE--ENVCAUSE039__SEX--M,dcid:EasternAsia,2019,41066.4256
dcs:who/AIR_45.AGE--Y40T44__ENVCAUSE--ENVCAUSE068__SEX--M,dcid:EasternAsia,2019,51227.93144
dcs:who/AIR_45.AGE--Y_GE80__ENVCAUSE--ENVCAUSE118__SEX--M,dcid:EasternAsia,2019,555879.1559
dcs:who/AIR_45.AGE--Y75T79__ENVCAUSE--ENVCAUSE068__SEX--M,dcid:EasternAsia,2019,173773.0677
dcs:who/AIR_45.AGE--Y25T29__ENVCAUSE--ENVCAUSE068__SEX--M,dcid:EasternAsia,2019,6371.97504
dcs:who/AIR_45.AGE--Y_GE80__ENVCAUSE--ENVCAUSE039__SEX--M,dcid:EasternAsia,2019,191391.7177
dcs:who/AIR_45.AGE--Y65T69__ENVCAUSE--ENVCAUSE068__SEX--M,dcid:EasternAsia,2019,369451.2704
dcs:who/AIR_45.AGE--Y5T9__ENVCAUSE--ENVCAUSE039__SEX--M,dcid:EasternAsia,2019,7586.46714
dcs:who/AIR_45.AGE--Y70T74__ENVCAUSE--ENVCAUSE039__SEX--M,dcid:EasternAsia,2019,64580.13095
dcs:who/AIR_45.ENVCAUSE--ENVCAUSE118__SEX--M,dcid:EasternAsia,2019,1885987.674
dcs:who/AIR_45.AGE--Y55T59__ENVCAUSE--ENVCAUSE039__SEX--M,dcid:EasternAsia,2019,31933.22066
dcs:who/AIR_45.AGE--Y30T34__ENVCAUSE--ENVCAUSE118__SEX--M,dcid:EasternAsia,2019,6141.23704
dcs:who/AIR_45.AGE--Y35T39__ENVCAUSE--ENVCAUSE039__SEX--M,dcid:EasternAsia,2019,10186.27237
dcs:who/AIR_45.AGE--Y30T34__ENVCAUSE--ENVCAUSE068__SEX--M,dcid:EasternAsia,2019,16976.31217
dcs:who/AIR_45.AGE--Y40T44__ENVCAUSE--ENVCAUSE118__SEX--M,dcid:EasternAsia,2019,16234.37393
dcs:who/AIR_45.AGE--Y70T74__ENVCAUSE--ENVCAUSE118__SEX--M,dcid:EasternAsia,2019,332669.1532
dcs:who/AIR_45.AGE--Y15T19__ENVCAUSE--ENVCAUSE039__SEX--M,dcid:EasternAsia,2019,6056.4301
dcs:who/AIR_45.AGE--Y60T64__ENVCAUSE--ENVCAUSE118__SEX--M,dcid:EasternAsia,2019,164257.2712
dcs:who/AIR_45.ENVCAUSE--ENVCAUSE114__SEX--M,dcid:EasternAsia,2019,4386046.135
dcs:who/AIR_45.AGE--Y40T44__ENVCAUSE--ENVCAUSE039__SEX--M,dcid:EasternAsia,2019,13258.18204
dcs:who/AIR_45.AGE--Y35T39__ENVCAUSE--ENVCAUSE039__SEX--F,dcid:EasternAsia,2019,4055.83823
dcs:who/AIR_45.AGE--Y10T14__ENVCAUSE--ENVCAUSE039__SEX--F,dcid:EasternAsia,2019,3081.43744
dcs:who/AIR_45.AGE--Y35T39__ENVCAUSE--ENVCAUSE068__SEX--F,dcid:EasternAsia,2019,14148.36132
dcs:who/AIR_45.AGE--Y65T69__ENVCAUSE--ENVCAUSE113__SEX--M,dcid:EasternAsia,2019,699093.6732
dcs:who/AIR_45.AGE--Y20T24__ENVCAUSE--ENVCAUSE039__SEX--F,dcid:EasternAsia,2019,3296.25581
dcs:who/AIR_45.AGE--Y70T74__ENVCAUSE--ENVCAUSE113__SEX--M,dcid:EasternAsia,2019,619918.2423
dcs:who/AIR_45.AGE--Y30T34__ENVCAUSE--ENVCAUSE068__SEX--F,dcid:EasternAsia,2019,9389.56337
dcs:who/AIR_45.AGE--Y70T74__ENVCAUSE--ENVCAUSE039__SEX--F,dcid:EasternAsia,2019,35827.92972
dcs:who/AIR_45.AGE--Y35T39__ENVCAUSE--ENVCAUSE113__SEX--M,dcid:EasternAsia,2019,137397.1243
dcs:who/AIR_45.AGE--Y50T54__ENVCAUSE--ENVCAUSE039__SEX--F,dcid:EasternAsia,2019,11432.48327
dcs:who/AIR_45.AGE--Y25T29__ENVCAUSE--ENVCAUSE039__SEX--F,dcid:EasternAsia,2019,3430.10677
dcs:who/AIR_45.ENVCAUSE--ENVCAUSE068__SEX--F,dcid:EasternAsia,2019,833463.8526
dcs:who/AIR_45.AGE--Y70T74__ENVCAUSE--ENVCAUSE068__SEX--F,dcid:EasternAsia,2019,113341.1946
dcs:who/AIR_45.AGE--Y55T59__ENVCAUSE--ENVCAUSE039__SEX--F,dcid:EasternAsia,2019,13335.70385
dcs:who/AIR_45.AGE--Y40T44__ENVCAUSE--ENVCAUSE113__SEX--M,dcid:EasternAsia,2019,221058.3505
dcs:who/AIR_45.AGE--Y45T49__ENVCAUSE--ENVCAUSE068__SEX--F,dcid:EasternAsia,2019,51435.295
dcs:who/AIR_45.AGE--Y30T34__ENVCAUSE--ENVCAUSE114__SEX--M,dcid:EasternAsia,2019,62020.63198
dcs:who/AIR_45.AGE--Y25T29__ENVCAUSE--ENVCAUSE113__SEX--M,dcid:EasternAsia,2019,48605.87266
dcs:who/AIR_45.AGE--Y_GE80__ENVCAUSE--ENVCAUSE113__SEX--M,dcid:EasternAsia,2019,970797.2627
dcs:who/AIR_45.AGE--Y75T79__ENVCAUSE--ENVCAUSE039__SEX--F,dcid:EasternAsia,2019,45926.56279
dcs:who/AIR_45.AGE--Y45T49__ENVCAUSE--ENVCAUSE039__SEX--F,dcid:EasternAsia,2019,7684.29862
dcs:who/AIR_45.AGE--Y65T69__ENVCAUSE--ENVCAUSE039__SEX--F,dcid:EasternAsia,2019,27694.50957
dcs:who/AIR_45.AGE--Y50T54__ENVCAUSE--ENVCAUSE068__SEX--F,dcid:EasternAsia,2019,84146.33714
dcs:who/AIR_45.AGE--Y_GE80__ENVCAUSE--ENVCAUSE068__SEX--F,dcid:EasternAsia,2019,83683.78752
dcs:who/AIR_45.AGE--Y50T54__ENVCAUSE--ENVCAUSE114__SEX--M,dcid:EasternAsia,2019,357244.5349
dcs:who/AIR_45.AGE--Y25T29__ENVCAUSE--ENVCAUSE114__SEX--M,dcid:EasternAsia,2019,27813.56119
dcs:who/AIR_45.AGE--Y40T44__ENVCAUSE--ENVCAUSE114__SEX--M,dcid:EasternAsia,2019,142282.2945
dcs:who/AIR_45.ENVCAUSE--ENVCAUSE113__SEX--M,dcid:EasternAsia,2019,5223882.669
dcs:who/AIR_45.AGE--Y40T44__ENVCAUSE--ENVCAUSE068__SEX--F,dcid:EasternAsia,2019,28972.18137
dcs:who/AIR_45.AGE--Y45T49__ENVCAUSE--ENVCAUSE114__SEX--M,dcid:EasternAsia,2019,231513.3937
dcs:who/AIR_45.AGE--Y30T34__ENVCAUSE--ENVCAUSE113__SEX--M,dcid:EasternAsia,2019,110605.2783
dcs:who/AIR_45.AGE--Y50T54__ENVCAUSE--ENVCAUSE113__SEX--M,dcid:EasternAsia,2019,466955.949
dcs:who/AIR_45.AGE--Y65T69__ENVCAUSE--ENVCAUSE068__SEX--F,dcid:EasternAsia,2019,146491.0853
dcs:who/AIR_45.AGE--Y55T59__ENVCAUSE--ENVCAUSE068__SEX--F,dcid:EasternAsia,2019,97732.14521
dcs:who/AIR_45.AGE--Y35T39__ENVCAUSE--ENVCAUSE114__SEX--M,dcid:EasternAsia,2019,81491.66832
dcs:who/AIR_45.AGE--Y70T74__ENVCAUSE--ENVCAUSE114__SEX--M,dcid:EasternAsia,2019,632511.2516
dcs:who/AIR_45.AGE--Y55T59__ENVCAUSE--ENVCAUSE114__SEX--M,dcid:EasternAsia,2019,411866.2903
dcs:who/AIR_45.AGE--Y60T64__ENVCAUSE--ENVCAUSE068__SEX--F,dcid:EasternAsia,2019,120174.0684
dcs:who/AIR_45.AGE--Y5T9__ENVCAUSE--ENVCAUSE039__SEX--F,dcid:EasternAsia,2019,6811.34954
dcs:who/AIR_45.AGE--Y45T49__ENVCAUSE--ENVCAUSE113__SEX--M,dcid:EasternAsia,2019,332031.5835
dcs:who/AIR_45.AGE--Y40T44__ENVCAUSE--ENVCAUSE039__SEX--F,dcid:EasternAsia,2019,5432.65655
dcs:who/AIR_45.AGE--Y60T64__ENVCAUSE--ENVCAUSE039__SEX--F,dcid:EasternAsia,2019,17679.40412
dcs:who/AIR_45.AGE--Y65T69__ENVCAUSE--ENVCAUSE114__SEX--M,dcid:EasternAsia,2019,681545.2354
dcs:who/AIR_45.AGE--Y_GE80__ENVCAUSE--ENVCAUSE039__SEX--F,dcid:EasternAsia,2019,181411.8922
dcs:who/AIR_45.AGE--Y55T59__ENVCAUSE--ENVCAUSE113__SEX--M,dcid:EasternAsia,2019,504902.6616
dcs:who/AIR_45.AGE--Y60T64__ENVCAUSE--ENVCAUSE113__SEX--M,dcid:EasternAsia,2019,571224.3066
dcs:who/AIR_45.AGE--Y0T4__ENVCAUSE--ENVCAUSE039__SEX--F,dcid:EasternAsia,2019,189198.0809
dcs:who/AIR_45.AGE--Y75T79__ENVCAUSE--ENVCAUSE113__SEX--M,dcid:EasternAsia,2019,541292.3639
dcs:who/AIR_45.AGE--Y60T64__ENVCAUSE--ENVCAUSE114__SEX--M,dcid:EasternAsia,2019,512006.8346
dcs:who/AIR_45.AGE--Y75T79__ENVCAUSE--ENVCAUSE068__SEX--F,dcid:EasternAsia,2019,80362.61521
dcs:who/AIR_45.SEX--M,dcid:EasternAsia,2019,14236254.1
dcs:who/AIR_45.ENVCAUSE--ENVCAUSE039__SEX--F,dcid:EasternAsia,2019,563358.4439
dcs:who/AIR_45.AGE--Y15T19__ENVCAUSE--ENVCAUSE039__SEX--F,dcid:EasternAsia,2019,2854.72184
dcs:who/AIR_45.AGE--Y25T29__ENVCAUSE--ENVCAUSE068__SEX--F,dcid:EasternAsia,2019,3587.21815
dcs:who/AIR_45.AGE--Y30T34__ENVCAUSE--ENVCAUSE039__SEX--F,dcid:EasternAsia,2019,4205.21257
dcs:who/AIR_45.AGE--Y30T34__ENVCAUSE--ENVCAUSE118__SEX--F,dcid:EasternAsia,2019,3050.07827
dcs:who/AIR_45.ENVCAUSE--ENVCAUSE068,dcid:EasternAsia,2019,2759390.781
dcs:who/AIR_45.AGE--Y50T54__ENVCAUSE--ENVCAUSE068,dcid:EasternAsia,2019,279378.5148
dcs:who/AIR_45.AGE--Y65T69__ENVCAUSE--ENVCAUSE113__SEX--F,dcid:EasternAsia,2019,415585.6981
dcs:who/AIR_45.AGE--Y_GE80__ENVCAUSE--ENVCAUSE068,dcid:EasternAsia,2019,227362.3665
dcs:who/AIR_45.AGE--Y65T69__ENVCAUSE--ENVCAUSE068,dcid:EasternAsia,2019,515942.3557
dcs:who/AIR_45.AGE--Y75T79__ENVCAUSE--ENVCAUSE039,dcid:EasternAsia,2019,119227.7408
dcs:who/AIR_45.ENVCAUSE--ENVCAUSE114__SEX--F,dcid:EasternAsia,2019,2736328.115
dcs:who/AIR_45.AGE--Y65T69__ENVCAUSE--ENVCAUSE039,dcid:EasternAsia,2019,83737.46796
dcs:who/AIR_45.AGE--Y50T54__ENVCAUSE--ENVCAUSE118__SEX--F,dcid:EasternAsia,2019,32026.18259
dcs:who/AIR_45.AGE--Y45T49__ENVCAUSE--ENVCAUSE068,dcid:EasternAsia,2019,159218.9909
dcs:who/AIR_45.AGE--Y55T59__ENVCAUSE--ENVCAUSE114__SEX--F,dcid:EasternAsia,2019,203170.9453
dcs:who/AIR_45.AGE--Y40T44__ENVCAUSE--ENVCAUSE068,dcid:EasternAsia,2019,80200.11281
dcs:who/AIR_45.AGE--Y60T64__ENVCAUSE--ENVCAUSE114__SEX--F,dcid:EasternAsia,2019,270689.6429
dcs:who/AIR_45.AGE--Y60T64__ENVCAUSE--ENVCAUSE113__SEX--F,dcid:EasternAsia,2019,277586.6395
dcs:who/AIR_45.AGE--Y_GE80__ENVCAUSE--ENVCAUSE113__SEX--F,dcid:EasternAsia,2019,1097225.576
dcs:who/AIR_45.ENVCAUSE--ENVCAUSE118__SEX--F,dcid:EasternAsia,2019,1208963.786
dcs:who/AIR_45.AGE--Y_GE80__ENVCAUSE--ENVCAUSE039,dcid:EasternAsia,2019,372803.6099
dcs:who/AIR_45.AGE--Y35T39__ENVCAUSE--ENVCAUSE113__SEX--F,dcid:EasternAsia,2019,30698.54915
dcs:who/AIR_45.AGE--Y70T74__ENVCAUSE--ENVCAUSE068,dcid:EasternAsia,2019,384860.4052
dcs:who/AIR_45.AGE--Y70T74__ENVCAUSE--ENVCAUSE114__SEX--F,dcid:EasternAsia,2019,416416.2198
dcs:who/AIR_45.ENVCAUSE--ENVCAUSE113__SEX--F,dcid:EasternAsia,2019,3238400.132
dcs:who/AIR_45.AGE--Y25T29__ENVCAUSE--ENVCAUSE114__SEX--F,dcid:EasternAsia,2019,8018.54281
dcs:who/AIR_45.AGE--Y25T29__ENVCAUSE--ENVCAUSE068,dcid:EasternAsia,2019,9959.19319
dcs:who/AIR_45.AGE--Y75T79__ENVCAUSE--ENVCAUSE114__SEX--F,dcid:EasternAsia,2019,385795.8578
dcs:who/AIR_45.AGE--Y30T34__ENVCAUSE--ENVCAUSE113__SEX--F,dcid:EasternAsia,2019,26389.20363
dcs:who/AIR_45.AGE--Y65T69__ENVCAUSE--ENVCAUSE118__SEX--F,dcid:EasternAsia,2019,144861.8305
dcs:who/AIR_45.AGE--Y35T39__ENVCAUSE--ENVCAUSE114__SEX--F,dcid:EasternAsia,2019,22826.83759
dcs:who/AIR_45.SEX--F,dcid:EasternAsia,2019,8580514.329
dcs:who/AIR_45.AGE--Y70T74__ENVCAUSE--ENVCAUSE118__SEX--F,dcid:EasternAsia,2019,192869.6766
dcs:who/AIR_45.AGE--Y40T44__ENVCAUSE--ENVCAUSE118__SEX--F,dcid:EasternAsia,2019,7790.54161
dcs:who/AIR_45.AGE--Y70T74__ENVCAUSE--ENVCAUSE113__SEX--F,dcid:EasternAsia,2019,436086.7757
dcs:who/AIR_45.AGE--Y60T64__ENVCAUSE--ENVCAUSE118__SEX--F,dcid:EasternAsia,2019,80993.06894
dcs:who/AIR_45.AGE--Y_GE80__ENVCAUSE--ENVCAUSE118__SEX--F,dcid:EasternAsia,2019,468933.6476
dcs:who/AIR_45.AGE--Y55T59__ENVCAUSE--ENVCAUSE113__SEX--F,dcid:EasternAsia,2019,195930.2456
dcs:who/AIR_45.AGE--Y35T39__ENVCAUSE--ENVCAUSE068,dcid:EasternAsia,2019,39436.63885
dcs:who/AIR_45.ENVCAUSE--ENVCAUSE039,dcid:EasternAsia,2019,1377769.139
dcs:who/AIR_45.AGE--Y40T44__ENVCAUSE--ENVCAUSE113__SEX--F,dcid:EasternAsia,2019,55061.28265
dcs:who/AIR_45.AGE--Y50T54__ENVCAUSE--ENVCAUSE113__SEX--F,dcid:EasternAsia,2019,157147.3168
dcs:who/AIR_45.AGE--Y65T69__ENVCAUSE--ENVCAUSE114__SEX--F,dcid:EasternAsia,2019,404620.6166
dcs:who/AIR_45.AGE--Y50T54__ENVCAUSE--ENVCAUSE114__SEX--F,dcid:EasternAsia,2019,168943.4495
dcs:who/AIR_45.AGE--Y45T49__ENVCAUSE--ENVCAUSE118__SEX--F,dcid:EasternAsia,2019,16308.01155
dcs:who/AIR_45.AGE--Y30T34__ENVCAUSE--ENVCAUSE114__SEX--F,dcid:EasternAsia,2019,16013.45907
dcs:who/AIR_45.AGE--Y40T44__ENVCAUSE--ENVCAUSE114__SEX--F,dcid:EasternAsia,2019,47372.44813
dcs:who/AIR_45.AGE--Y75T79__ENVCAUSE--ENVCAUSE118__SEX--F,dcid:EasternAsia,2019,210542.0967
dcs:who/AIR_45.AGE--Y35T39__ENVCAUSE--ENVCAUSE118__SEX--F,dcid:EasternAsia,2019,3882.96273
dcs:who/AIR_45.AGE--Y30T34__ENVCAUSE--ENVCAUSE068,dcid:EasternAsia,2019,26365.87555
dcs:who/AIR_45.AGE--Y25T29__ENVCAUSE--ENVCAUSE113__SEX--F,dcid:EasternAsia,2019,13158.84771
dcs:who/AIR_45.AGE--Y45T49__ENVCAUSE--ENVCAUSE114__SEX--F,dcid:EasternAsia,2019,92781.46844
dcs:who/AIR_45.AGE--Y75T79__ENVCAUSE--ENVCAUSE068,dcid:EasternAsia,2019,254135.6829
dcs:who/AIR_45.AGE--Y55T59__ENVCAUSE--ENVCAUSE118__SEX--F,dcid:EasternAsia,2019,46340.72324
dcs:who/AIR_45.AGE--Y60T64__ENVCAUSE--ENVCAUSE068,dcid:EasternAsia,2019,430946.0043
dcs:who/AIR_45.AGE--Y55T59__ENVCAUSE--ENVCAUSE068,dcid:EasternAsia,2019,351584.6404
dcs:who/AIR_45.AGE--Y_GE80__ENVCAUSE--ENVCAUSE114__SEX--F,dcid:EasternAsia,2019,699678.6266
dcs:who/AIR_45.AGE--Y70T74__ENVCAUSE--ENVCAUSE039,dcid:EasternAsia,2019,100408.0607
dcs:who/AIR_45.AGE--Y25T29__ENVCAUSE--ENVCAUSE118__SEX--F,dcid:EasternAsia,2019,1364.96546
dcs:who/AIR_45.AGE--Y45T49__ENVCAUSE--ENVCAUSE113__SEX--F,dcid:EasternAsia,2019,97715.88076
dcs:who/AIR_45.AGE--Y75T79__ENVCAUSE--ENVCAUSE113__SEX--F,dcid:EasternAsia,2019,435814.1165
dcs:who/AIR_45.AGE--Y_GE80__ENVCAUSE--ENVCAUSE113,dcid:EasternAsia,2019,2068022.838
dcs:who/AIR_45.AGE--Y55T59__ENVCAUSE--ENVCAUSE039,dcid:EasternAsia,2019,45268.92451
dcs:who/AIR_45.AGE--Y35T39__ENVCAUSE--ENVCAUSE113,dcid:EasternAsia,2019,168095.6734
dcs:who/AIR_45.AGE--Y25T29__ENVCAUSE--ENVCAUSE113,dcid:EasternAsia,2019,61764.72037
dcs:who/AIR_45.AGE--Y45T49__ENVCAUSE--ENVCAUSE113,dcid:EasternAsia,2019,429747.4643
dcs:who/AIR_45.AGE--Y35T39__ENVCAUSE--ENVCAUSE114,dcid:EasternAsia,2019,104318.5059
dcs:who/AIR_45.ENVCAUSE--ENVCAUSE114,dcid:EasternAsia,2019,7122374.249
dcs:who/AIR_45.AGE--Y65T69__ENVCAUSE--ENVCAUSE114,dcid:EasternAsia,2019,1086165.852
dcs:who/AIR_45.AGE--Y50T54__ENVCAUSE--ENVCAUSE114,dcid:EasternAsia,2019,526187.9844
dcs:who/AIR_45.AGE--Y30T34__ENVCAUSE--ENVCAUSE039,dcid:EasternAsia,2019,15017.89026
dcs:who/AIR_45.AGE--Y50T54__ENVCAUSE--ENVCAUSE118,dcid:EasternAsia,2019,99256.56519
dcs:who/AIR_45.ENVCAUSE--ENVCAUSE113,dcid:EasternAsia,2019,8462282.8
dcs:who/AIR_45.AGE--Y20T24__ENVCAUSE--ENVCAUSE039,dcid:EasternAsia,2019,10390.82198
dcs:who/AIR_45.AGE--Y50T54__ENVCAUSE--ENVCAUSE113,dcid:EasternAsia,2019,624103.2659
dcs:who/AIR_45.AGE--Y15T19__ENVCAUSE--ENVCAUSE039,dcid:EasternAsia,2019,8911.15194
dcs:who/AIR_45.AGE--Y35T39__ENVCAUSE--ENVCAUSE039,dcid:EasternAsia,2019,14242.1106
dcs:who/AIR_45.AGE--Y40T44__ENVCAUSE--ENVCAUSE113,dcid:EasternAsia,2019,276119.6332
dcs:who/AIR_45.AGE--Y30T34__ENVCAUSE--ENVCAUSE113,dcid:EasternAsia,2019,136994.482
dcs:who/AIR_45.AGE--Y45T49__ENVCAUSE--ENVCAUSE039,dcid:EasternAsia,2019,27096.39041
dcs:who/AIR_45.AGE--Y60T64__ENVCAUSE--ENVCAUSE039,dcid:EasternAsia,2019,58745.82972
dcs:who/AIR_45.AGE--Y0T4__ENVCAUSE--ENVCAUSE039,dcid:EasternAsia,2019,430292.553
dcs:who/AIR_45.AGE--Y25T29__ENVCAUSE--ENVCAUSE118,dcid:EasternAsia,2019,4073.2534
dcs:who/AIR_45.AGE--Y40T44__ENVCAUSE--ENVCAUSE114,dcid:EasternAsia,2019,189654.7426
dcs:who/AIR_45.AGE--Y75T79__ENVCAUSE--ENVCAUSE113,dcid:EasternAsia,2019,977106.4804
dcs:who/AIR_45.AGE--Y50T54__ENVCAUSE--ENVCAUSE039,dcid:EasternAsia,2019,39012.096
dcs:who/AIR_45.AGE--Y_GE80__ENVCAUSE--ENVCAUSE118,dcid:EasternAsia,2019,1024812.804
dcs:who/AIR_45,dcid:EasternAsia,2019,22816768.43
dcs:who/AIR_45.AGE--Y10T14__ENVCAUSE--ENVCAUSE039,dcid:EasternAsia,2019,8524.66398
dcs:who/AIR_45.AGE--Y75T79__ENVCAUSE--ENVCAUSE118,dcid:EasternAsia,2019,540314.5652
dcs:who/AIR_45.AGE--Y25T29__ENVCAUSE--ENVCAUSE039,dcid:EasternAsia,2019,11001.17243
dcs:who/AIR_45.AGE--Y30T34__ENVCAUSE--ENVCAUSE118,dcid:EasternAsia,2019,9191.31531
dcs:who/AIR_45.ENVCAUSE--ENVCAUSE118,dcid:EasternAsia,2019,3094951.46
dcs:who/AIR_45.AGE--Y55T59__ENVCAUSE--ENVCAUSE118,dcid:EasternAsia,2019,146369.4203
dcs:who/AIR_45.AGE--Y55T59__ENVCAUSE--ENVCAUSE113,dcid:EasternAsia,2019,700832.9071
dcs:who/AIR_45.AGE--Y65T69__ENVCAUSE--ENVCAUSE118,dcid:EasternAsia,2019,415229.8236
dcs:who/AIR_45.AGE--Y40T44__ENVCAUSE--ENVCAUSE039,dcid:EasternAsia,2019,18690.83859
dcs:who/AIR_45.AGE--Y70T74__ENVCAUSE--ENVCAUSE113,dcid:EasternAsia,2019,1056005.018
dcs:who/AIR_45.AGE--Y_GE80__ENVCAUSE--ENVCAUSE114,dcid:EasternAsia,2019,1413593.491
dcs:who/AIR_45.AGE--Y30T34__ENVCAUSE--ENVCAUSE114,dcid:EasternAsia,2019,78034.09105
dcs:who/AIR_45.AGE--Y70T74__ENVCAUSE--ENVCAUSE114,dcid:EasternAsia,2019,1048927.471
dcs:who/AIR_45.AGE--Y55T59__ENVCAUSE--ENVCAUSE114,dcid:EasternAsia,2019,615037.2356
dcs:who/AIR_45.AGE--Y40T44__ENVCAUSE--ENVCAUSE118,dcid:EasternAsia,2019,24024.91554
dcs:who/AIR_45.AGE--Y5T9__ENVCAUSE--ENVCAUSE039,dcid:EasternAsia,2019,14397.81668
dcs:who/AIR_45.AGE--Y25T29__ENVCAUSE--ENVCAUSE114,dcid:EasternAsia,2019,35832.104
dcs:who/AIR_45.AGE--Y45T49__ENVCAUSE--ENVCAUSE118,dcid:EasternAsia,2019,49534.16055
dcs:who/AIR_45.AGE--Y35T39__ENVCAUSE--ENVCAUSE118,dcid:EasternAsia,2019,11355.46691
dcs:who/AIR_45.AGE--Y75T79__ENVCAUSE--ENVCAUSE114,dcid:EasternAsia,2019,917631.4322
dcs:who/AIR_45.AGE--Y65T69__ENVCAUSE--ENVCAUSE113,dcid:EasternAsia,2019,1114679.371
dcs:who/AIR_45.AGE--Y60T64__ENVCAUSE--ENVCAUSE118,dcid:EasternAsia,2019,245250.3402
dcs:who/AIR_45.AGE--Y60T64__ENVCAUSE--ENVCAUSE114,dcid:EasternAsia,2019,782696.4775
dcs:who/AIR_45.AGE--Y70T74__ENVCAUSE--ENVCAUSE118,dcid:EasternAsia,2019,525538.8298
dcs:who/AIR_45.AGE--Y60T64__ENVCAUSE--ENVCAUSE113,dcid:EasternAsia,2019,848810.9461
dcs:who/AIR_45.AGE--Y45T49__ENVCAUSE--ENVCAUSE114,dcid:EasternAsia,2019,324294.8621
dcs:who/AIR_45.AGE--Y35T39__ENVCAUSE--ENVCAUSE039__SEX--M,dcid:LatinAmericaAndCaribbean,2019,13757.8223
dcs:who/AIR_45.AGE--Y25T29__ENVCAUSE--ENVCAUSE068__SEX--M,dcid:LatinAmericaAndCaribbean,2019,418.62329
dcs:who/AIR_45.AGE--Y70T74__ENVCAUSE--ENVCAUSE068__SEX--M,dcid:LatinAmericaAndCaribbean,2019,9724.14647
dcs:who/AIR_45.AGE--Y65T69__ENVCAUSE--ENVCAUSE039__SEX--M,dcid:LatinAmericaAndCaribbean,2019,30884.37866
dcs:who/AIR_45.AGE--Y75T79__ENVCAUSE--ENVCAUSE039__SEX--M,dcid:LatinAmericaAndCaribbean,2019,31374.91264
dcs:who/AIR_45.AGE--Y75T79__ENVCAUSE--ENVCAUSE068__SEX--M,dcid:LatinAmericaAndCaribbean,2019,6692.25315
dcs:who/AIR_45.AGE--Y65T69__ENVCAUSE--ENVCAUSE068__SEX--M,dcid:LatinAmericaAndCaribbean,2019,11269.82836
dcs:who/AIR_45.ENVCAUSE--ENVCAUSE039__SEX--M,dcid:LatinAmericaAndCaribbean,2019,430386.9599
dcs:who/AIR_45.AGE--Y30T34__ENVCAUSE--ENVCAUSE068__SEX--M,dcid:LatinAmericaAndCaribbean,2019,629.57853
dcs:who/AIR_45.AGE--Y_GE80__ENVCAUSE--ENVCAUSE039__SEX--M,dcid:LatinAmericaAndCaribbean,2019,65241.40865
dcs:who/AIR_45.AGE--Y30T34__ENVCAUSE--ENVCAUSE039__SEX--M,dcid:LatinAmericaAndCaribbean,2019,10163.50007
dcs:who/AIR_45.AGE--Y60T64__ENVCAUSE--ENVCAUSE039__SEX--M,dcid:LatinAmericaAndCaribbean,2019,26984.92318
dcs:who/AIR_45.AGE--Y60T64__ENVCAUSE--ENVCAUSE068__SEX--M,dcid:LatinAmericaAndCaribbean,2019,11131.79469
dcs:who/AIR_45.AGE--Y_GE80__ENVCAUSE--ENVCAUSE068__SEX--M,dcid:LatinAmericaAndCaribbean,2019,5926.18192
dcs:who/AIR_45.AGE--Y40T44__ENVCAUSE--ENVCAUSE068__SEX--M,dcid:LatinAmericaAndCaribbean,2019,1556.54439
dcs:who/AIR_45.AGE--Y50T54__ENVCAUSE--ENVCAUSE039__SEX--M,dcid:LatinAmericaAndCaribbean,2019,20428.95465
dcs:who/AIR_45.AGE--Y40T44__ENVCAUSE--ENVCAUSE039__SEX--M,dcid:LatinAmericaAndCaribbean,2019,15453.77692
dcs:who/AIR_45.AGE--Y50T54__ENVCAUSE--ENVCAUSE068__SEX--M,dcid:LatinAmericaAndCaribbean,2019,5172.63238
dcs:who/AIR_45.AGE--Y25T29__ENVCAUSE--ENVCAUSE039__SEX--M,dcid:LatinAmericaAndCaribbean,2019,10065.64519
dcs:who/AIR_45.ENVCAUSE--ENVCAUSE068__SEX--M,dcid:LatinAmericaAndCaribbean,2019,64858.68288
dcs:who/AIR_45.AGE--Y35T39__ENVCAUSE--ENVCAUSE068__SEX--M,dcid:LatinAmericaAndCaribbean,2019,879.74905
dcs:who/AIR_45.AGE--Y55T59__ENVCAUSE--ENVCAUSE039__SEX--M,dcid:LatinAmericaAndCaribbean,2019,23889.89232
dcs:who/AIR_45.AGE--Y55T59__ENVCAUSE--ENVCAUSE068__SEX--M,dcid:LatinAmericaAndCaribbean,2019,8849.01207
dcs:who/AIR_45.AGE--Y45T49__ENVCAUSE--ENVCAUSE068__SEX--M,dcid:LatinAmericaAndCaribbean,2019,2608.33857
dcs:who/AIR_45.AGE--Y45T49__ENVCAUSE--ENVCAUSE039__SEX--M,dcid:LatinAmericaAndCaribbean,2019,17437.74355
dcs:who/AIR_45.AGE--Y70T74__ENVCAUSE--ENVCAUSE039__SEX--M,dcid:LatinAmericaAndCaribbean,2019,31996.76305
dcs:who/AIR_45.AGE--Y45T49__ENVCAUSE--ENVCAUSE114__SEX--M,dcid:LatinAmericaAndCaribbean,2019,16997.12606
dcs:who/AIR_45.ENVCAUSE--ENVCAUSE068__SEX--F,dcid:LatinAmericaAndCaribbean,2019,44978.99868
dcs:who/AIR_45.AGE--Y70T74__ENVCAUSE--ENVCAUSE113__SEX--M,dcid:LatinAmericaAndCaribbean,2019,130311.858
dcs:who/AIR_45.AGE--Y10T14__ENVCAUSE--ENVCAUSE039__SEX--M,dcid:LatinAmericaAndCaribbean,2019,4172.54196
dcs:who/AIR_45.AGE--Y65T69__ENVCAUSE--ENVCAUSE113__SEX--M,dcid:LatinAmericaAndCaribbean,2019,147707.7419
dcs:who/AIR_45.AGE--Y20T24__ENVCAUSE--ENVCAUSE039__SEX--M,dcid:LatinAmericaAndCaribbean,2019,8485.78677
dcs:who/AIR_45.AGE--Y65T69__ENVCAUSE--ENVCAUSE068__SEX--F,dcid:LatinAmericaAndCaribbean,2019,7106.29249
dcs:who/AIR_45.AGE--Y55T59__ENVCAUSE--ENVCAUSE113__SEX--M,dcid:LatinAmericaAndCaribbean,2019,127537.6089
dcs:who/AIR_45.AGE--Y65T69__ENVCAUSE--ENVCAUSE118__SEX--M,dcid:LatinAmericaAndCaribbean,2019,20197.03914
dcs:who/AIR_45.AGE--Y45T49__ENVCAUSE--ENVCAUSE118__SEX--M,dcid:LatinAmericaAndCaribbean,2019,2893.53815
dcs:who/AIR_45.AGE--Y55T59__ENVCAUSE--ENVCAUSE068__SEX--F,dcid:LatinAmericaAndCaribbean,2019,6664.55073
dcs:who/AIR_45.AGE--Y60T64__ENVCAUSE--ENVCAUSE113__SEX--M,dcid:LatinAmericaAndCaribbean,2019,144684.4799
dcs:who/AIR_45.AGE--Y75T79__ENVCAUSE--ENVCAUSE113__SEX--M,dcid:LatinAmericaAndCaribbean,2019,106094.0675
dcs:who/AIR_45.AGE--Y30T34__ENVCAUSE--ENVCAUSE118__SEX--M,dcid:LatinAmericaAndCaribbean,2019,826.05609
dcs:who/AIR_45.AGE--Y35T39__ENVCAUSE--ENVCAUSE114__SEX--M,dcid:LatinAmericaAndCaribbean,2019,8919.02288
dcs:who/AIR_45.AGE--Y75T79__ENVCAUSE--ENVCAUSE114__SEX--M,dcid:LatinAmericaAndCaribbean,2019,33505.52795
dcs:who/AIR_45.AGE--Y35T39__ENVCAUSE--ENVCAUSE068__SEX--F,dcid:LatinAmericaAndCaribbean,2019,867.61185
dcs:who/AIR_45.AGE--Y45T49__ENVCAUSE--ENVCAUSE113__SEX--M,dcid:LatinAmericaAndCaribbean,2019,71770.61766
dcs:who/AIR_45.AGE--Y_GE80__ENVCAUSE--ENVCAUSE068__SEX--F,dcid:LatinAmericaAndCaribbean,2019,3990.72919
dcs:who/AIR_45.AGE--Y55T59__ENVCAUSE--ENVCAUSE114__SEX--M,dcid:LatinAmericaAndCaribbean,2019,28900.78938
dcs:who/AIR_45.AGE--Y_GE80__ENVCAUSE--ENVCAUSE114__SEX--M,dcid:LatinAmericaAndCaribbean,2019,49374.26377
dcs:who/AIR_45.ENVCAUSE--ENVCAUSE113__SEX--M,dcid:LatinAmericaAndCaribbean,2019,1114127.748
dcs:who/AIR_45.AGE--Y25T29__ENVCAUSE--ENVCAUSE113__SEX--M,dcid:LatinAmericaAndCaribbean,2019,14317.33745
dcs:who/AIR_45.AGE--Y65T69__ENVCAUSE--ENVCAUSE114__SEX--M,dcid:LatinAmericaAndCaribbean,2019,38674.77675
dcs:who/AIR_45.AGE--Y60T64__ENVCAUSE--ENVCAUSE068__SEX--F,dcid:LatinAmericaAndCaribbean,2019,7301.62646
dcs:who/AIR_45.SEX--M,dcid:LatinAmericaAndCaribbean,2019,2048388.872
dcs:who/AIR_45.AGE--Y30T34__ENVCAUSE--ENVCAUSE113__SEX--M,dcid:LatinAmericaAndCaribbean,2019,21091.92266
dcs:who/AIR_45.AGE--Y70T74__ENVCAUSE--ENVCAUSE068__SEX--F,dcid:LatinAmericaAndCaribbean,2019,5714.06618
dcs:who/AIR_45.AGE--Y55T59__ENVCAUSE--ENVCAUSE118__SEX--M,dcid:LatinAmericaAndCaribbean,2019,9272.33744
dcs:who/AIR_45.AGE--Y50T54__ENVCAUSE--ENVCAUSE118__SEX--M,dcid:LatinAmericaAndCaribbean,2019,5360.28394
dcs:who/AIR_45.AGE--Y45T49__ENVCAUSE--ENVCAUSE068__SEX--F,dcid:LatinAmericaAndCaribbean,2019,2560.6183
dcs:who/AIR_45.AGE--Y60T64__ENVCAUSE--ENVCAUSE118__SEX--M,dcid:LatinAmericaAndCaribbean,2019,15046.0144
dcs:who/AIR_45.AGE--Y5T9__ENVCAUSE--ENVCAUSE039__SEX--M,dcid:LatinAmericaAndCaribbean,2019,5461.87522
dcs:who/AIR_45.AGE--Y40T44__ENVCAUSE--ENVCAUSE113__SEX--M,dcid:LatinAmericaAndCaribbean,2019,50153.64871
dcs:who/AIR_45.AGE--Y30T34__ENVCAUSE--ENVCAUSE068__SEX--F,dcid:LatinAmericaAndCaribbean,2019,448.90656
dcs:who/AIR_45.ENVCAUSE--ENVCAUSE114__SEX--M,dcid:LatinAmericaAndCaribbean,2019,296233.1826
dcs:who/AIR_45.AGE--Y_GE80__ENVCAUSE--ENVCAUSE118__SEX--M,dcid:LatinAmericaAndCaribbean,2019,39732.73986
dcs:who/AIR_45.AGE--Y50T54__ENVCAUSE--ENVCAUSE114__SEX--M,dcid:LatinAmericaAndCaribbean,2019,23631.89417
dcs:who/AIR_45.AGE--Y_GE80__ENVCAUSE--ENVCAUSE113__SEX--M,dcid:LatinAmericaAndCaribbean,2019,163931.9762
dcs:who/AIR_45.AGE--Y70T74__ENVCAUSE--ENVCAUSE114__SEX--M,dcid:LatinAmericaAndCaribbean,2019,38060.19218
dcs:who/AIR_45.AGE--Y35T39__ENVCAUSE--ENVCAUSE113__SEX--M,dcid:LatinAmericaAndCaribbean,2019,33870.04747
dcs:who/AIR_45.AGE--Y0T4__ENVCAUSE--ENVCAUSE039__SEX--M,dcid:LatinAmericaAndCaribbean,2019,107396.6408
dcs:who/AIR_45.AGE--Y15T19__ENVCAUSE--ENVCAUSE039__SEX--M,dcid:LatinAmericaAndCaribbean,2019,7190.39396
dcs:who/AIR_45.AGE--Y70T74__ENVCAUSE--ENVCAUSE118__SEX--M,dcid:LatinAmericaAndCaribbean,2019,23125.62405
dcs:who/AIR_45.AGE--Y25T29__ENVCAUSE--ENVCAUSE114__SEX--M,dcid:LatinAmericaAndCaribbean,2019,4410.38295
dcs:who/AIR_45.AGE--Y40T44__ENVCAUSE--ENVCAUSE068__SEX--F,dcid:LatinAmericaAndCaribbean,2019,1508.04843
dcs:who/AIR_45.AGE--Y30T34__ENVCAUSE--ENVCAUSE114__SEX--M,dcid:LatinAmericaAndCaribbean,2019,5795.26763
dcs:who/AIR_45.AGE--Y60T64__ENVCAUSE--ENVCAUSE114__SEX--M,dcid:LatinAmericaAndCaribbean,2019,35426.5109
dcs:who/AIR_45.ENVCAUSE--ENVCAUSE118__SEX--M,dcid:LatinAmericaAndCaribbean,2019,142782.2989
dcs:who/AIR_45.AGE--Y35T39__ENVCAUSE--ENVCAUSE118__SEX--M,dcid:LatinAmericaAndCaribbean,2019,1357.99339
dcs:who/AIR_45.AGE--Y25T29__ENVCAUSE--ENVCAUSE118__SEX--M,dcid:LatinAmericaAndCaribbean,2019,682.58975
dcs:who/AIR_45.AGE--Y40T44__ENVCAUSE--ENVCAUSE114__SEX--M,dcid:LatinAmericaAndCaribbean,2019,12537.42793
dcs:who/AIR_45.AGE--Y75T79__ENVCAUSE--ENVCAUSE068__SEX--F,dcid:LatinAmericaAndCaribbean,2019,4109.26722
dcs:who/AIR_45.AGE--Y75T79__ENVCAUSE--ENVCAUSE118__SEX--M,dcid:LatinAmericaAndCaribbean,2019,22548.61995
dcs:who/AIR_45.AGE--Y40T44__ENVCAUSE--ENVCAUSE118__SEX--M,dcid:LatinAmericaAndCaribbean,2019,1739.4628
dcs:who/AIR_45.AGE--Y50T54__ENVCAUSE--ENVCAUSE068__SEX--F,dcid:LatinAmericaAndCaribbean,2019,4440.79487
dcs:who/AIR_45.AGE--Y50T54__ENVCAUSE--ENVCAUSE113__SEX--M,dcid:LatinAmericaAndCaribbean,2019,102656.4418
dcs:who/AIR_45.AGE--Y75T79__ENVCAUSE--ENVCAUSE114__SEX--F,dcid:LatinAmericaAndCaribbean,2019,33363.71868
dcs:who/AIR_45.ENVCAUSE--ENVCAUSE039__SEX--F,dcid:LatinAmericaAndCaribbean,2019,345879.0086
dcs:who/AIR_45.AGE--Y50T54__ENVCAUSE--ENVCAUSE118__SEX--F,dcid:LatinAmericaAndCaribbean,2019,4509.6498
dcs:who/AIR_45.AGE--Y55T59__ENVCAUSE--ENVCAUSE118__SEX--F,dcid:LatinAmericaAndCaribbean,2019,7829.33747
dcs:who/AIR_45.AGE--Y5T9__ENVCAUSE--ENVCAUSE039__SEX--F,dcid:LatinAmericaAndCaribbean,2019,5521.26359
dcs:who/AIR_45.AGE--Y65T69__ENVCAUSE--ENVCAUSE113__SEX--F,dcid:LatinAmericaAndCaribbean,2019,86219.20367
dcs:who/AIR_45.AGE--Y10T14__ENVCAUSE--ENVCAUSE039__SEX--F,dcid:LatinAmericaAndCaribbean,2019,4154.70594
dcs:who/AIR_45.AGE--Y0T4__ENVCAUSE--ENVCAUSE039__SEX--F,dcid:LatinAmericaAndCaribbean,2019,82149.77005
dcs:who/AIR_45.AGE--Y60T64__ENVCAUSE--ENVCAUSE039__SEX--F,dcid:LatinAmericaAndCaribbean,2019,18513.10577
dcs:who/AIR_45.AGE--Y70T74__ENVCAUSE--ENVCAUSE113__SEX--F,dcid:LatinAmericaAndCaribbean,2019,88048.00035
dcs:who/AIR_45.AGE--Y_GE80__ENVCAUSE--ENVCAUSE113__SEX--F,dcid:LatinAmericaAndCaribbean,2019,203822.1871
dcs:who/AIR_45.AGE--Y25T29__ENVCAUSE--ENVCAUSE068__SEX--F,dcid:LatinAmericaAndCaribbean,2019,266.48642
dcs:who/AIR_45.AGE--Y65T69__ENVCAUSE--ENVCAUSE114__SEX--F,dcid:LatinAmericaAndCaribbean,2019,30571.7687
dcs:who/AIR_45.AGE--Y30T34__ENVCAUSE--ENVCAUSE118__SEX--F,dcid:LatinAmericaAndCaribbean,2019,534.95713
dcs:who/AIR_45.AGE--Y25T29__ENVCAUSE--ENVCAUSE118__SEX--F,dcid:LatinAmericaAndCaribbean,2019,451.0597
dcs:who/AIR_45.AGE--Y30T34__ENVCAUSE--ENVCAUSE114__SEX--F,dcid:LatinAmericaAndCaribbean,2019,5164.9703
dcs:who/AIR_45.AGE--Y25T29__ENVCAUSE--ENVCAUSE039__SEX--F,dcid:LatinAmericaAndCaribbean,2019,5517.15555
dcs:who/AIR_45.AGE--Y50T54__ENVCAUSE--ENVCAUSE114__SEX--F,dcid:LatinAmericaAndCaribbean,2019,20049.1746
dcs:who/AIR_45.AGE--Y25T29__ENVCAUSE--ENVCAUSE114__SEX--F,dcid:LatinAmericaAndCaribbean,2019,3754.63223
dcs:who/AIR_45.AGE--Y_GE80__ENVCAUSE--ENVCAUSE039__SEX--F,dcid:LatinAmericaAndCaribbean,2019,84537.78051
dcs:who/AIR_45.AGE--Y_GE80__ENVCAUSE--ENVCAUSE118__SEX--F,dcid:LatinAmericaAndCaribbean,2019,40931.89201
dcs:who/AIR_45.AGE--Y55T59__ENVCAUSE--ENVCAUSE039__SEX--F,dcid:LatinAmericaAndCaribbean,2019,15668.72749
dcs:who/AIR_45.AGE--Y60T64__ENVCAUSE--ENVCAUSE118__SEX--F,dcid:LatinAmericaAndCaribbean,2019,11619.55822
dcs:who/AIR_45.AGE--Y60T64__ENVCAUSE--ENVCAUSE113__SEX--F,dcid:LatinAmericaAndCaribbean,2019,76665.55494
dcs:who/AIR_45.AGE--Y45T49__ENVCAUSE--ENVCAUSE039__SEX--F,dcid:LatinAmericaAndCaribbean,2019,10035.96541
dcs:who/AIR_45.AGE--Y15T19__ENVCAUSE--ENVCAUSE039__SEX--F,dcid:LatinAmericaAndCaribbean,2019,4627.11853
dcs:who/AIR_45.AGE--Y35T39__ENVCAUSE--ENVCAUSE039__SEX--F,dcid:LatinAmericaAndCaribbean,2019,7326.40405
dcs:who/AIR_45.AGE--Y35T39__ENVCAUSE--ENVCAUSE118__SEX--F,dcid:LatinAmericaAndCaribbean,2019,812.70353
dcs:who/AIR_45.AGE--Y70T74__ENVCAUSE--ENVCAUSE118__SEX--F,dcid:LatinAmericaAndCaribbean,2019,17082.2271
dcs:who/AIR_45.AGE--Y75T79__ENVCAUSE--ENVCAUSE113__SEX--F,dcid:LatinAmericaAndCaribbean,2019,86893.65913
dcs:who/AIR_45.ENVCAUSE--ENVCAUSE113__SEX--F,dcid:LatinAmericaAndCaribbean,2019,727276.9492
dcs:who/AIR_45.AGE--Y40T44__ENVCAUSE--ENVCAUSE118__SEX--F,dcid:LatinAmericaAndCaribbean,2019,1379.46867
dcs:who/AIR_45.AGE--Y40T44__ENVCAUSE--ENVCAUSE039__SEX--F,dcid:LatinAmericaAndCaribbean,2019,8228.55769
dcs:who/AIR_45.AGE--Y_GE80__ENVCAUSE--ENVCAUSE114__SEX--F,dcid:LatinAmericaAndCaribbean,2019,67802.14318
dcs:who/AIR_45.AGE--Y50T54__ENVCAUSE--ENVCAUSE039__SEX--F,dcid:LatinAmericaAndCaribbean,2019,12351.61479
dcs:who/AIR_45.AGE--Y50T54__ENVCAUSE--ENVCAUSE113__SEX--F,dcid:LatinAmericaAndCaribbean,2019,45378.61687
dcs:who/AIR_45.ENVCAUSE--ENVCAUSE118__SEX--F,dcid:LatinAmericaAndCaribbean,2019,119332.1354
dcs:who/AIR_45.AGE--Y40T44__ENVCAUSE--ENVCAUSE114__SEX--F,dcid:LatinAmericaAndCaribbean,2019,11623.38168
dcs:who/AIR_45.AGE--Y30T34__ENVCAUSE--ENVCAUSE039__SEX--F,dcid:LatinAmericaAndCaribbean,2019,5698.01214
dcs:who/AIR_45.AGE--Y45T49__ENVCAUSE--ENVCAUSE114__SEX--F,dcid:LatinAmericaAndCaribbean,2019,15708.7129
dcs:who/AIR_45.AGE--Y55T59__ENVCAUSE--ENVCAUSE113__SEX--F,dcid:LatinAmericaAndCaribbean,2019,59965.32891
dcs:who/AIR_45.AGE--Y75T79__ENVCAUSE--ENVCAUSE118__SEX--F,dcid:LatinAmericaAndCaribbean,2019,17571.60675
dcs:who/AIR_45.AGE--Y75T79__ENVCAUSE--ENVCAUSE039__SEX--F,dcid:LatinAmericaAndCaribbean,2019,28807.35173
dcs:who/AIR_45.AGE--Y45T49__ENVCAUSE--ENVCAUSE118__SEX--F,dcid:LatinAmericaAndCaribbean,2019,2369.45986
dcs:who/AIR_45.AGE--Y65T69__ENVCAUSE--ENVCAUSE039__SEX--F,dcid:LatinAmericaAndCaribbean,2019,22318.50161
dcs:who/AIR_45.AGE--Y65T69__ENVCAUSE--ENVCAUSE118__SEX--F,dcid:LatinAmericaAndCaribbean,2019,14240.21515
dcs:who/AIR_45.AGE--Y60T64__ENVCAUSE--ENVCAUSE114__SEX--F,dcid:LatinAmericaAndCaribbean,2019,27374.98743
dcs:who/AIR_45.AGE--Y70T74__ENVCAUSE--ENVCAUSE114__SEX--F,dcid:LatinAmericaAndCaribbean,2019,32450.77497
dcs:who/AIR_45.AGE--Y35T39__ENVCAUSE--ENVCAUSE114__SEX--F,dcid:LatinAmericaAndCaribbean,2019,8192.53086
dcs:who/AIR_45.AGE--Y55T59__ENVCAUSE--ENVCAUSE114__SEX--F,dcid:LatinAmericaAndCaribbean,2019,23214.3573
dcs:who/AIR_45.AGE--Y20T24__ENVCAUSE--ENVCAUSE039__SEX--F,dcid:LatinAmericaAndCaribbean,2019,5101.16977
dcs:who/AIR_45.ENVCAUSE--ENVCAUSE114__SEX--F,dcid:LatinAmericaAndCaribbean,2019,279271.1528
dcs:who/AIR_45.AGE--Y70T74__ENVCAUSE--ENVCAUSE039__SEX--F,dcid:LatinAmericaAndCaribbean,2019,25321.80397
dcs:who/AIR_45.ENVCAUSE--ENVCAUSE118,dcid:LatinAmericaAndCaribbean,2019,262114.4343
dcs:who/AIR_45.AGE--Y30T34__ENVCAUSE--ENVCAUSE118,dcid:LatinAmericaAndCaribbean,2019,1361.01321
dcs:who/AIR_45.AGE--Y40T44__ENVCAUSE--ENVCAUSE068,dcid:LatinAmericaAndCaribbean,2019,3064.59281
dcs:who/AIR_45.AGE--Y0T4__ENVCAUSE--ENVCAUSE039,dcid:LatinAmericaAndCaribbean,2019,189546.4109
dcs:who/AIR_45.AGE--Y45T49__ENVCAUSE--ENVCAUSE118,dcid:LatinAmericaAndCaribbean,2019,5262.99801
dcs:who/AIR_45.ENVCAUSE--ENVCAUSE068,dcid:LatinAmericaAndCaribbean,2019,109837.6816
dcs:who/AIR_45.AGE--Y60T64__ENVCAUSE--ENVCAUSE118,dcid:LatinAmericaAndCaribbean,2019,26665.57262
dcs:who/AIR_45.AGE--Y20T24__ENVCAUSE--ENVCAUSE039,dcid:LatinAmericaAndCaribbean,2019,13586.95653
dcs:who/AIR_45.AGE--Y75T79__ENVCAUSE--ENVCAUSE068,dcid:LatinAmericaAndCaribbean,2019,10801.52037
dcs:who/AIR_45.ENVCAUSE--ENVCAUSE039,dcid:LatinAmericaAndCaribbean,2019,776265.9685
dcs:who/AIR_45.AGE--Y_GE80__ENVCAUSE--ENVCAUSE114,dcid:LatinAmericaAndCaribbean,2019,117176.407
dcs:who/AIR_45.AGE--Y55T59__ENVCAUSE--ENVCAUSE068,dcid:LatinAmericaAndCaribbean,2019,15513.5628
dcs:who/AIR_45.AGE--Y25T29__ENVCAUSE--ENVCAUSE118,dcid:LatinAmericaAndCaribbean,2019,1133.64945
dcs:who/AIR_45.AGE--Y55T59__ENVCAUSE--ENVCAUSE039,dcid:LatinAmericaAndCaribbean,2019,39558.61981
dcs:who/AIR_45.AGE--Y65T69__ENVCAUSE--ENVCAUSE068,dcid:LatinAmericaAndCaribbean,2019,18376.12085
dcs:who/AIR_45.AGE--Y45T49__ENVCAUSE--ENVCAUSE113__SEX--F,dcid:LatinAmericaAndCaribbean,2019,31616.43043
dcs:who/AIR_45.AGE--Y30T34__ENVCAUSE--ENVCAUSE039,dcid:LatinAmericaAndCaribbean,2019,15861.51222
dcs:who/AIR_45.AGE--Y75T79__ENVCAUSE--ENVCAUSE039,dcid:LatinAmericaAndCaribbean,2019,60182.26437
dcs:who/AIR_45.AGE--Y25T29__ENVCAUSE--ENVCAUSE068,dcid:LatinAmericaAndCaribbean,2019,685.10971
dcs:who/AIR_45.AGE--Y35T39__ENVCAUSE--ENVCAUSE118,dcid:LatinAmericaAndCaribbean,2019,2170.69691
dcs:who/AIR_45.SEX--F,dcid:LatinAmericaAndCaribbean,2019,1516738.245
dcs:who/AIR_45.AGE--Y_GE80__ENVCAUSE--ENVCAUSE118,dcid:LatinAmericaAndCaribbean,2019,80664.63186
dcs:who/AIR_45.AGE--Y50T54__ENVCAUSE--ENVCAUSE068,dcid:LatinAmericaAndCaribbean,2019,9613.42725
dcs:who/AIR_45.AGE--Y40T44__ENVCAUSE--ENVCAUSE039,dcid:LatinAmericaAndCaribbean,2019,23682.33461
dcs:who/AIR_45.AGE--Y25T29__ENVCAUSE--ENVCAUSE113__SEX--F,dcid:LatinAmericaAndCaribbean,2019,5318.43258
dcs:who/AIR_45.AGE--Y35T39__ENVCAUSE--ENVCAUSE039,dcid:LatinAmericaAndCaribbean,2019,21084.22636
dcs:who/AIR_45.AGE--Y_GE80__ENVCAUSE--ENVCAUSE039,dcid:LatinAmericaAndCaribbean,2019,149779.1892
dcs:who/AIR_45.AGE--Y15T19__ENVCAUSE--ENVCAUSE039,dcid:LatinAmericaAndCaribbean,2019,11817.51249
dcs:who/AIR_45.AGE--Y35T39__ENVCAUSE--ENVCAUSE068,dcid:LatinAmericaAndCaribbean,2019,1747.3609
dcs:who/AIR_45.AGE--Y75T79__ENVCAUSE--ENVCAUSE118,dcid:LatinAmericaAndCaribbean,2019,40120.2267
dcs:who/AIR_45.AGE--Y70T74__ENVCAUSE--ENVCAUSE114,dcid:LatinAmericaAndCaribbean,2019,70510.96714
dcs:who/AIR_45.ENVCAUSE--ENVCAUSE114,dcid:LatinAmericaAndCaribbean,2019,575504.3354
dcs:who/AIR_45.AGE--Y50T54__ENVCAUSE--ENVCAUSE039,dcid:LatinAmericaAndCaribbean,2019,32780.56944
dcs:who/AIR_45.AGE--Y45T49__ENVCAUSE--ENVCAUSE068,dcid:LatinAmericaAndCaribbean,2019,5168.95687
dcs:who/AIR_45.AGE--Y30T34__ENVCAUSE--ENVCAUSE068,dcid:LatinAmericaAndCaribbean,2019,1078.4851
dcs:who/AIR_45.AGE--Y_GE80__ENVCAUSE--ENVCAUSE068,dcid:LatinAmericaAndCaribbean,2019,9916.91111
dcs:who/AIR_45.AGE--Y30T34__ENVCAUSE--ENVCAUSE113__SEX--F,dcid:LatinAmericaAndCaribbean,2019,8083.30848
dcs:who/AIR_45.AGE--Y65T69__ENVCAUSE--ENVCAUSE039,dcid:LatinAmericaAndCaribbean,2019,53202.88028
dcs:who/AIR_45.AGE--Y60T64__ENVCAUSE--ENVCAUSE039,dcid:LatinAmericaAndCaribbean,2019,45498.02895
dcs:who/AIR_45.AGE--Y55T59__ENVCAUSE--ENVCAUSE118,dcid:LatinAmericaAndCaribbean,2019,17101.67491
dcs:who/AIR_45.AGE--Y70T74__ENVCAUSE--ENVCAUSE068,dcid:LatinAmericaAndCaribbean,2019,15438.21264
dcs:who/AIR_45.AGE--Y25T29__ENVCAUSE--ENVCAUSE039,dcid:LatinAmericaAndCaribbean,2019,15582.80074
dcs:who/AIR_45.AGE--Y70T74__ENVCAUSE--ENVCAUSE118,dcid:LatinAmericaAndCaribbean,2019,40207.85115
dcs:who/AIR_45.AGE--Y60T64__ENVCAUSE--ENVCAUSE068,dcid:LatinAmericaAndCaribbean,2019,18433.42114
dcs:who/AIR_45.AGE--Y5T9__ENVCAUSE--ENVCAUSE039,dcid:LatinAmericaAndCaribbean,2019,10983.13881
dcs:who/AIR_45.AGE--Y45T49__ENVCAUSE--ENVCAUSE039,dcid:LatinAmericaAndCaribbean,2019,27473.70896
dcs:who/AIR_45.AGE--Y40T44__ENVCAUSE--ENVCAUSE113__SEX--F,dcid:LatinAmericaAndCaribbean,2019,21823.24466
dcs:who/AIR_45.AGE--Y65T69__ENVCAUSE--ENVCAUSE118,dcid:LatinAmericaAndCaribbean,2019,34437.25429
dcs:who/AIR_45.AGE--Y10T14__ENVCAUSE--ENVCAUSE039,dcid:LatinAmericaAndCaribbean,2019,8327.2479
dcs:who/AIR_45.AGE--Y40T44__ENVCAUSE--ENVCAUSE118,dcid:LatinAmericaAndCaribbean,2019,3118.93147
dcs:who/AIR_45.AGE--Y75T79__ENVCAUSE--ENVCAUSE114,dcid:LatinAmericaAndCaribbean,2019,66869.24663
dcs:who/AIR_45.AGE--Y50T54__ENVCAUSE--ENVCAUSE118,dcid:LatinAmericaAndCaribbean,2019,9869.93375
dcs:who/AIR_45.AGE--Y35T39__ENVCAUSE--ENVCAUSE113__SEX--F,dcid:LatinAmericaAndCaribbean,2019,13442.98217
dcs:who/AIR_45.AGE--Y70T74__ENVCAUSE--ENVCAUSE039,dcid:LatinAmericaAndCaribbean,2019,57318.56703
dcs:who/AIR_45.AGE--Y45T49__ENVCAUSE--ENVCAUSE113,dcid:LatinAmericaAndCaribbean,2019,103387.0481
dcs:who/AIR_45.AGE--Y40T44__ENVCAUSE--ENVCAUSE113,dcid:LatinAmericaAndCaribbean,2019,71976.89337
dcs:who/AIR_45.AGE--Y25T29__ENVCAUSE--ENVCAUSE113,dcid:LatinAmericaAndCaribbean,2019,19635.77003
dcs:who/AIR_45.AGE--Y75T79__ENVCAUSE--ENVCAUSE113,dcid:LatinAmericaAndCaribbean,2019,192987.7266
dcs:who/AIR_45.AGE--Y55T59__ENVCAUSE--ENVCAUSE113,dcid:LatinAmericaAndCaribbean,2019,187502.9378
dcs:who/AIR_45.ENVCAUSE--ENVCAUSE113,dcid:LatinAmericaAndCaribbean,2019,1841404.697
dcs:who/AIR_45.AGE--Y35T39__ENVCAUSE--ENVCAUSE114,dcid:LatinAmericaAndCaribbean,2019,17111.55374
dcs:who/AIR_45.AGE--Y30T34__ENVCAUSE--ENVCAUSE114,dcid:LatinAmericaAndCaribbean,2019,10960.23793
dcs:who/AIR_45.AGE--Y65T69__ENVCAUSE--ENVCAUSE114,dcid:LatinAmericaAndCaribbean,2019,69246.54546
dcs:who/AIR_45.AGE--Y50T54__ENVCAUSE--ENVCAUSE114,dcid:LatinAmericaAndCaribbean,2019,43681.06877
dcs:who/AIR_45.AGE--Y70T74__ENVCAUSE--ENVCAUSE113,dcid:LatinAmericaAndCaribbean,2019,218359.8584
dcs:who/AIR_45.AGE--Y60T64__ENVCAUSE--ENVCAUSE114,dcid:LatinAmericaAndCaribbean,2019,62801.49833
dcs:who/AIR_45.AGE--Y40T44__ENVCAUSE--ENVCAUSE114,dcid:LatinAmericaAndCaribbean,2019,24160.80961
dcs:who/AIR_45.AGE--Y55T59__ENVCAUSE--ENVCAUSE114,dcid:LatinAmericaAndCaribbean,2019,52115.14668
dcs:who/AIR_45.AGE--Y25T29__ENVCAUSE--ENVCAUSE114,dcid:LatinAmericaAndCaribbean,2019,8165.01518
dcs:who/AIR_45.AGE--Y50T54__ENVCAUSE--ENVCAUSE113,dcid:LatinAmericaAndCaribbean,2019,148035.0586
dcs:who/AIR_45.AGE--Y35T39__ENVCAUSE--ENVCAUSE113,dcid:LatinAmericaAndCaribbean,2019,47313.02964
dcs:who/AIR_45,dcid:LatinAmericaAndCaribbean,2019,3565127.117
dcs:who/AIR_45.AGE--Y60T64__ENVCAUSE--ENVCAUSE113,dcid:LatinAmericaAndCaribbean,2019,221350.0348
dcs:who/AIR_45.AGE--Y65T69__ENVCAUSE--ENVCAUSE113,dcid:LatinAmericaAndCaribbean,2019,233926.9456
dcs:who/AIR_45.AGE--Y_GE80__ENVCAUSE--ENVCAUSE113,dcid:LatinAmericaAndCaribbean,2019,367754.1632
dcs:who/AIR_45.AGE--Y45T49__ENVCAUSE--ENVCAUSE114,dcid:LatinAmericaAndCaribbean,2019,32705.83896
dcs:who/AIR_45.AGE--Y30T34__ENVCAUSE--ENVCAUSE113,dcid:LatinAmericaAndCaribbean,2019,29175.23114
dcs:who/AIR_45.ENVCAUSE--ENVCAUSE068__SEX--M,dcid:NorthernAfrica,2019,52707.56602
dcs:who/AIR_45.AGE--Y25T29__ENVCAUSE--ENVCAUSE039__SEX--M,dcid:NorthernAfrica,2019,5333.75154
dcs:who/AIR_45.AGE--Y25T29__ENVCAUSE--ENVCAUSE068__SEX--M,dcid:NorthernAfrica,2019,665.27765
dcs:who/AIR_45.AGE--Y50T54__ENVCAUSE--ENVCAUSE068__SEX--M,dcid:NorthernAfrica,2019,7493.51681
dcs:who/AIR_45.AGE--Y75T79__ENVCAUSE--ENVCAUSE039__SEX--M,dcid:NorthernAfrica,2019,7353.31939
dcs:who/AIR_45.AGE--Y45T49__ENVCAUSE--ENVCAUSE039__SEX--M,dcid:NorthernAfrica,2019,5332.51873
dcs:who/AIR_45.AGE--Y65T69__ENVCAUSE--ENVCAUSE039__SEX--M,dcid:NorthernAfrica,2019,12147.40272
dcs:who/AIR_45.AGE--Y35T39__ENVCAUSE--ENVCAUSE039__SEX--M,dcid:NorthernAfrica,2019,5959.97412
dcs:who/AIR_45.AGE--Y55T59__ENVCAUSE--ENVCAUSE039__SEX--M,dcid:NorthernAfrica,2019,10409.05966
dcs:who/AIR_45.AGE--Y40T44__ENVCAUSE--ENVCAUSE068__SEX--M,dcid:NorthernAfrica,2019,2540.72579
dcs:who/AIR_45.AGE--Y45T49__ENVCAUSE--ENVCAUSE068__SEX--M,dcid:NorthernAfrica,2019,4930.1283
dcs:who/AIR_45.AGE--Y55T59__ENVCAUSE--ENVCAUSE068__SEX--M,dcid:NorthernAfrica,2019,9508.79985
dcs:who/AIR_45.AGE--Y30T34__ENVCAUSE--ENVCAUSE039__SEX--M,dcid:NorthernAfrica,2019,5565.79081
dcs:who/AIR_45.ENVCAUSE--ENVCAUSE039__SEX--M,dcid:NorthernAfrica,2019,302736.3743
dcs:who/AIR_45.AGE--Y70T74__ENVCAUSE--ENVCAUSE068__SEX--M,dcid:NorthernAfrica,2019,4829.28119
dcs:who/AIR_45.AGE--Y30T34__ENVCAUSE--ENVCAUSE068__SEX--M,dcid:NorthernAfrica,2019,801.19564
dcs:who/AIR_45.AGE--Y50T54__ENVCAUSE--ENVCAUSE039__SEX--M,dcid:NorthernAfrica,2019,7339.7427
dcs:who/AIR_45.AGE--Y_GE80__ENVCAUSE--ENVCAUSE068__SEX--M,dcid:NorthernAfrica,2019,1529.24514
dcs:who/AIR_45.AGE--Y60T64__ENVCAUSE--ENVCAUSE068__SEX--M,dcid:NorthernAfrica,2019,9434.51935
dcs:who/AIR_45.AGE--Y35T39__ENVCAUSE--ENVCAUSE068__SEX--M,dcid:NorthernAfrica,2019,675.4896
dcs:who/AIR_45.AGE--Y75T79__ENVCAUSE--ENVCAUSE068__SEX--M,dcid:NorthernAfrica,2019,2448.1912
dcs:who/AIR_45.AGE--Y_GE80__ENVCAUSE--ENVCAUSE039__SEX--M,dcid:NorthernAfrica,2019,9653.7903
dcs:who/AIR_45.AGE--Y65T69__ENVCAUSE--ENVCAUSE068__SEX--M,dcid:NorthernAfrica,2019,7851.19551
dcs:who/AIR_45.AGE--Y60T64__ENVCAUSE--ENVCAUSE039__SEX--M,dcid:NorthernAfrica,2019,13329.0192
dcs:who/AIR_45.AGE--Y40T44__ENVCAUSE--ENVCAUSE039__SEX--M,dcid:NorthernAfrica,2019,5429.47289
dcs:who/AIR_45.AGE--Y70T74__ENVCAUSE--ENVCAUSE039__SEX--M,dcid:NorthernAfrica,2019,10074.83624
dcs:who/AIR_45.AGE--Y35T39__ENVCAUSE--ENVCAUSE118__SEX--M,dcid:NorthernAfrica,2019,1535.94115
dcs:who/AIR_45.AGE--Y75T79__ENVCAUSE--ENVCAUSE118__SEX--M,dcid:NorthernAfrica,2019,7889.77667
dcs:who/AIR_45.SEX--M,dcid:NorthernAfrica,2019,1785311.782
dcs:who/AIR_45.AGE--Y75T79__ENVCAUSE--ENVCAUSE113__SEX--M,dcid:NorthernAfrica,2019,91760.31511
dcs:who/AIR_45.ENVCAUSE--ENVCAUSE118__SEX--M,dcid:NorthernAfrica,2019,77486.37124
dcs:who/AIR_45.AGE--Y60T64__ENVCAUSE--ENVCAUSE113__SEX--M,dcid:NorthernAfrica,2019,177995.9008
dcs:who/AIR_45.AGE--Y30T34__ENVCAUSE--ENVCAUSE118__SEX--M,dcid:NorthernAfrica,2019,1409.79879
dcs:who/AIR_45.AGE--Y25T29__ENVCAUSE--ENVCAUSE118__SEX--M,dcid:NorthernAfrica,2019,1140.83821
dcs:who/AIR_45.AGE--Y50T54__ENVCAUSE--ENVCAUSE118__SEX--M,dcid:NorthernAfrica,2019,5399.35307
dcs:who/AIR_45.AGE--Y25T29__ENVCAUSE--ENVCAUSE113__SEX--M,dcid:NorthernAfrica,2019,17734.17792
dcs:who/AIR_45.AGE--Y45T49__ENVCAUSE--ENVCAUSE113__SEX--M,dcid:NorthernAfrica,2019,68929.06754
dcs:who/AIR_45.AGE--Y65T69__ENVCAUSE--ENVCAUSE068__SEX--F,dcid:NorthernAfrica,2019,1773.0444
dcs:who/AIR_45.AGE--Y15T19__ENVCAUSE--ENVCAUSE039__SEX--M,dcid:NorthernAfrica,2019,7876.64401
dcs:who/AIR_45.AGE--Y70T74__ENVCAUSE--ENVCAUSE113__SEX--M,dcid:NorthernAfrica,2019,128055.1815
dcs:who/AIR_45.AGE--Y_GE80__ENVCAUSE--ENVCAUSE114__SEX--M,dcid:NorthernAfrica,2019,23464.89835
dcs:who/AIR_45.AGE--Y65T69__ENVCAUSE--ENVCAUSE114__SEX--M,dcid:NorthernAfrica,2019,29443.0602
dcs:who/AIR_45.AGE--Y45T49__ENVCAUSE--ENVCAUSE114__SEX--M,dcid:NorthernAfrica,2019,9631.87401
dcs:who/AIR_45.AGE--Y55T59__ENVCAUSE--ENVCAUSE113__SEX--M,dcid:NorthernAfrica,2019,154438.1534
dcs:who/AIR_45.AGE--Y25T29__ENVCAUSE--ENVCAUSE114__SEX--M,dcid:NorthernAfrica,2019,9378.62144
dcs:who/AIR_45.AGE--Y65T69__ENVCAUSE--ENVCAUSE113__SEX--M,dcid:NorthernAfrica,2019,174355.4606
dcs:who/AIR_45.AGE--Y65T69__ENVCAUSE--ENVCAUSE118__SEX--M,dcid:NorthernAfrica,2019,14212.33271
dcs:who/AIR_45.AGE--Y0T4__ENVCAUSE--ENVCAUSE039__SEX--M,dcid:NorthernAfrica,2019,164415.5273
dcs:who/AIR_45.AGE--Y70T74__ENVCAUSE--ENVCAUSE114__SEX--M,dcid:NorthernAfrica,2019,24412.65918
dcs:who/AIR_45.ENVCAUSE--ENVCAUSE113__SEX--M,dcid:NorthernAfrica,2019,1147846.537
dcs:who/AIR_45.AGE--Y20T24__ENVCAUSE--ENVCAUSE039__SEX--M,dcid:NorthernAfrica,2019,6033.49438
dcs:who/AIR_45.AGE--Y30T34__ENVCAUSE--ENVCAUSE114__SEX--M,dcid:NorthernAfrica,2019,8641.28696
dcs:who/AIR_45.AGE--Y30T34__ENVCAUSE--ENVCAUSE113__SEX--M,dcid:NorthernAfrica,2019,30383.66606
dcs:who/AIR_45.AGE--Y55T59__ENVCAUSE--ENVCAUSE114__SEX--M,dcid:NorthernAfrica,2019,20460.86412
dcs:who/AIR_45.AGE--Y40T44__ENVCAUSE--ENVCAUSE113__SEX--M,dcid:NorthernAfrica,2019,51870.91635
dcs:who/AIR_45.AGE--Y70T74__ENVCAUSE--ENVCAUSE118__SEX--M,dcid:NorthernAfrica,2019,10889.17468
dcs:who/AIR_45.AGE--Y40T44__ENVCAUSE--ENVCAUSE114__SEX--M,dcid:NorthernAfrica,2019,8058.63305
dcs:who/AIR_45.ENVCAUSE--ENVCAUSE114__SEX--M,dcid:NorthernAfrica,2019,204534.9335
dcs:who/AIR_45.AGE--Y35T39__ENVCAUSE--ENVCAUSE114__SEX--M,dcid:NorthernAfrica,2019,8605.47456
dcs:who/AIR_45.AGE--Y60T64__ENVCAUSE--ENVCAUSE114__SEX--M,dcid:NorthernAfrica,2019,26862.52526
dcs:who/AIR_45.AGE--Y60T64__ENVCAUSE--ENVCAUSE118__SEX--M,dcid:NorthernAfrica,2019,12984.55989
dcs:who/AIR_45.AGE--Y50T54__ENVCAUSE--ENVCAUSE114__SEX--M,dcid:NorthernAfrica,2019,14689.54802
dcs:who/AIR_45.AGE--Y_GE80__ENVCAUSE--ENVCAUSE068__SEX--F,dcid:NorthernAfrica,2019,548.79513
dcs:who/AIR_45.AGE--Y40T44__ENVCAUSE--ENVCAUSE118__SEX--M,dcid:NorthernAfrica,2019,2149.38363
dcs:who/AIR_45.AGE--Y50T54__ENVCAUSE--ENVCAUSE113__SEX--M,dcid:NorthernAfrica,2019,109445.3222
dcs:who/AIR_45.AGE--Y35T39__ENVCAUSE--ENVCAUSE113__SEX--M,dcid:NorthernAfrica,2019,41518.97871
dcs:who/AIR_45.ENVCAUSE--ENVCAUSE068__SEX--F,dcid:NorthernAfrica,2019,14235.84561
dcs:who/AIR_45.AGE--Y75T79__ENVCAUSE--ENVCAUSE114__SEX--M,dcid:NorthernAfrica,2019,20885.48835
dcs:who/AIR_45.AGE--Y55T59__ENVCAUSE--ENVCAUSE118__SEX--M,dcid:NorthernAfrica,2019,8655.88454
dcs:who/AIR_45.AGE--Y_GE80__ENVCAUSE--ENVCAUSE118__SEX--M,dcid:NorthernAfrica,2019,8417.35421
dcs:who/AIR_45.AGE--Y10T14__ENVCAUSE--ENVCAUSE039__SEX--M,dcid:NorthernAfrica,2019,10214.65484
dcs:who/AIR_45.AGE--Y75T79__ENVCAUSE--ENVCAUSE068__SEX--F,dcid:NorthernAfrica,2019,662.62296
dcs:who/AIR_45.AGE--Y70T74__ENVCAUSE--ENVCAUSE068__SEX--F,dcid:NorthernAfrica,2019,1329.0532
dcs:who/AIR_45.AGE--Y45T49__ENVCAUSE--ENVCAUSE118__SEX--M,dcid:NorthernAfrica,2019,2801.97369
dcs:who/AIR_45.AGE--Y5T9__ENVCAUSE--ENVCAUSE039__SEX--M,dcid:NorthernAfrica,2019,16267.37554
dcs:who/AIR_45.AGE--Y_GE80__ENVCAUSE--ENVCAUSE113__SEX--M,dcid:NorthernAfrica,2019,101359.3969
dcs:who/AIR_45.AGE--Y30T34__ENVCAUSE--ENVCAUSE114__SEX--F,dcid:NorthernAfrica,2019,5190.71542
dcs:who/AIR_45.ENVCAUSE--ENVCAUSE039__SEX--F,dcid:NorthernAfrica,2019,238754.4844
dcs:who/AIR_45.AGE--Y45T49__ENVCAUSE--ENVCAUSE039__SEX--F,dcid:NorthernAfrica,2019,3950.87612
dcs:who/AIR_45.AGE--Y50T54__ENVCAUSE--ENVCAUSE114__SEX--F,dcid:NorthernAfrica,2019,15029.35071
dcs:who/AIR_45.AGE--Y5T9__ENVCAUSE--ENVCAUSE039__SEX--F,dcid:NorthernAfrica,2019,18215.18708
dcs:who/AIR_45.AGE--Y20T24__ENVCAUSE--ENVCAUSE039__SEX--F,dcid:NorthernAfrica,2019,3683.84002
dcs:who/AIR_45.ENVCAUSE--ENVCAUSE114__SEX--F,dcid:NorthernAfrica,2019,211385.7768
dcs:who/AIR_45.AGE--Y60T64__ENVCAUSE--ENVCAUSE118__SEX--F,dcid:NorthernAfrica,2019,5627.94264
dcs:who/AIR_45.AGE--Y55T59__ENVCAUSE--ENVCAUSE118__SEX--F,dcid:NorthernAfrica,2019,4314.02293
dcs:who/AIR_45.AGE--Y35T39__ENVCAUSE--ENVCAUSE039__SEX--F,dcid:NorthernAfrica,2019,3876.28888
dcs:who/AIR_45.AGE--Y30T34__ENVCAUSE--ENVCAUSE039__SEX--F,dcid:NorthernAfrica,2019,3868.2718
dcs:who/AIR_45.AGE--Y60T64__ENVCAUSE--ENVCAUSE039__SEX--F,dcid:NorthernAfrica,2019,8622.51711
dcs:who/AIR_45.AGE--Y15T19__ENVCAUSE--ENVCAUSE039__SEX--F,dcid:NorthernAfrica,2019,4579.242
dcs:who/AIR_45.ENVCAUSE--ENVCAUSE118__SEX--F,dcid:NorthernAfrica,2019,42727.74928
dcs:who/AIR_45.AGE--Y65T69__ENVCAUSE--ENVCAUSE118__SEX--F,dcid:NorthernAfrica,2019,6693.11556
dcs:who/AIR_45.AGE--Y55T59__ENVCAUSE--ENVCAUSE068__SEX--F,dcid:NorthernAfrica,2019,2123.76809
dcs:who/AIR_45.AGE--Y45T49__ENVCAUSE--ENVCAUSE114__SEX--F,dcid:NorthernAfrica,2019,10278.96083
dcs:who/AIR_45.AGE--Y75T79__ENVCAUSE--ENVCAUSE118__SEX--F,dcid:NorthernAfrica,2019,5163.57559
dcs:who/AIR_45.AGE--Y50T54__ENVCAUSE--ENVCAUSE118__SEX--F,dcid:NorthernAfrica,2019,2624.11726
dcs:who/AIR_45.AGE--Y75T79__ENVCAUSE--ENVCAUSE039__SEX--F,dcid:NorthernAfrica,2019,6948.98255
dcs:who/AIR_45.AGE--Y40T44__ENVCAUSE--ENVCAUSE039__SEX--F,dcid:NorthernAfrica,2019,3847.36219
dcs:who/AIR_45.AGE--Y70T74__ENVCAUSE--ENVCAUSE039__SEX--F,dcid:NorthernAfrica,2019,8596.88115
dcs:who/AIR_45.AGE--Y25T29__ENVCAUSE--ENVCAUSE039__SEX--F,dcid:NorthernAfrica,2019,3191.72055
dcs:who/AIR_45.AGE--Y0T4__ENVCAUSE--ENVCAUSE039__SEX--F,dcid:NorthernAfrica,2019,130272.3591
dcs:who/AIR_45.AGE--Y60T64__ENVCAUSE--ENVCAUSE068__SEX--F,dcid:NorthernAfrica,2019,2002.6783
dcs:who/AIR_45.AGE--Y75T79__ENVCAUSE--ENVCAUSE114__SEX--F,dcid:NorthernAfrica,2019,24178.08348
dcs:who/AIR_45.AGE--Y45T49__ENVCAUSE--ENVCAUSE068__SEX--F,dcid:NorthernAfrica,2019,1539.29075
dcs:who/AIR_45.AGE--Y55T59__ENVCAUSE--ENVCAUSE114__SEX--F,dcid:NorthernAfrica,2019,20498.17668
dcs:who/AIR_45.AGE--Y45T49__ENVCAUSE--ENVCAUSE118__SEX--F,dcid:NorthernAfrica,2019,1581.24028
dcs:who/AIR_45.AGE--Y50T54__ENVCAUSE--ENVCAUSE039__SEX--F,dcid:NorthernAfrica,2019,5040.92902
dcs:who/AIR_45.AGE--Y35T39__ENVCAUSE--ENVCAUSE114__SEX--F,dcid:NorthernAfrica,2019,7273.7995
dcs:who/AIR_45.AGE--Y55T59__ENVCAUSE--ENVCAUSE039__SEX--F,dcid:NorthernAfrica,2019,6476.28182
dcs:who/AIR_45.AGE--Y70T74__ENVCAUSE--ENVCAUSE114__SEX--F,dcid:NorthernAfrica,2019,26867.23936
dcs:who/AIR_45.AGE--Y50T54__ENVCAUSE--ENVCAUSE068__SEX--F,dcid:NorthernAfrica,2019,1918.21699
dcs:who/AIR_45.AGE--Y10T14__ENVCAUSE--ENVCAUSE039__SEX--F,dcid:NorthernAfrica,2019,7436.51951
dcs:who/AIR_45.AGE--Y35T39__ENVCAUSE--ENVCAUSE068__SEX--F,dcid:NorthernAfrica,2019,541.72727
dcs:who/AIR_45.AGE--Y40T44__ENVCAUSE--ENVCAUSE118__SEX--F,dcid:NorthernAfrica,2019,1102.6145
dcs:who/AIR_45.AGE--Y_GE80__ENVCAUSE--ENVCAUSE039__SEX--F,dcid:NorthernAfrica,2019,11301.54319
dcs:who/AIR_45.AGE--Y_GE80__ENVCAUSE--ENVCAUSE114__SEX--F,dcid:NorthernAfrica,2019,34468.00654
dcs:who/AIR_45.AGE--Y60T64__ENVCAUSE--ENVCAUSE114__SEX--F,dcid:NorthernAfrica,2019,25522.87451
dcs:who/AIR_45.AGE--Y65T69__ENVCAUSE--ENVCAUSE039__SEX--F,dcid:NorthernAfrica,2019,8845.68229
dcs:who/AIR_45.AGE--Y30T34__ENVCAUSE--ENVCAUSE118__SEX--F,dcid:NorthernAfrica,2019,764.8052
dcs:who/AIR_45.AGE--Y40T44__ENVCAUSE--ENVCAUSE114__SEX--F,dcid:NorthernAfrica,2019,9396.10112
dcs:who/AIR_45.AGE--Y25T29__ENVCAUSE--ENVCAUSE068__SEX--F,dcid:NorthernAfrica,2019,376.71654
dcs:who/AIR_45.AGE--Y25T29__ENVCAUSE--ENVCAUSE118__SEX--F,dcid:NorthernAfrica,2019,451.8933
dcs:who/AIR_45.AGE--Y70T74__ENVCAUSE--ENVCAUSE118__SEX--F,dcid:NorthernAfrica,2019,6271.50138
dcs:who/AIR_45.AGE--Y_GE80__ENVCAUSE--ENVCAUSE118__SEX--F,dcid:NorthernAfrica,2019,7017.69019
dcs:who/AIR_45.AGE--Y65T69__ENVCAUSE--ENVCAUSE114__SEX--F,dcid:NorthernAfrica,2019,28853.11335
dcs:who/AIR_45.AGE--Y40T44__ENVCAUSE--ENVCAUSE068__SEX--F,dcid:NorthernAfrica,2019,1017.34664
dcs:who/AIR_45.AGE--Y30T34__ENVCAUSE--ENVCAUSE068__SEX--F,dcid:NorthernAfrica,2019,402.58533
dcs:who/AIR_45.AGE--Y35T39__ENVCAUSE--ENVCAUSE118__SEX--F,dcid:NorthernAfrica,2019,1115.23045
dcs:who/AIR_45.ENVCAUSE--ENVCAUSE068,dcid:NorthernAfrica,2019,66943.41163
dcs:who/AIR_45.AGE--Y45T49__ENVCAUSE--ENVCAUSE039,dcid:NorthernAfrica,2019,9283.39485
dcs:who/AIR_45.AGE--Y50T54__ENVCAUSE--ENVCAUSE039,dcid:NorthernAfrica,2019,12380.67171
dcs:who/AIR_45.AGE--Y45T49__ENVCAUSE--ENVCAUSE113__SEX--F,dcid:NorthernAfrica,2019,38917.59089
dcs:who/AIR_45.AGE--Y35T39__ENVCAUSE--ENVCAUSE039,dcid:NorthernAfrica,2019,9836.263
dcs:who/AIR_45.AGE--Y70T74__ENVCAUSE--ENVCAUSE068,dcid:NorthernAfrica,2019,6158.33439
dcs:who/AIR_45.AGE--Y60T64__ENVCAUSE--ENVCAUSE039,dcid:NorthernAfrica,2019,21951.53631
dcs:who/AIR_45.AGE--Y50T54__ENVCAUSE--ENVCAUSE068,dcid:NorthernAfrica,2019,9411.7338
dcs:who/AIR_45.AGE--Y_GE80__ENVCAUSE--ENVCAUSE113__SEX--F,dcid:NorthernAfrica,2019,132869.3058
dcs:who/AIR_45.SEX--F,dcid:NorthernAfrica,2019,1332304.509
dcs:who/AIR_45.AGE--Y75T79__ENVCAUSE--ENVCAUSE068,dcid:NorthernAfrica,2019,3110.81416
dcs:who/AIR_45.ENVCAUSE--ENVCAUSE118,dcid:NorthernAfrica,2019,120214.1205
dcs:who/AIR_45.AGE--Y75T79__ENVCAUSE--ENVCAUSE118,dcid:NorthernAfrica,2019,13053.35226
dcs:who/AIR_45.AGE--Y45T49__ENVCAUSE--ENVCAUSE118,dcid:NorthernAfrica,2019,4383.21397
dcs:who/AIR_45.AGE--Y60T64__ENVCAUSE--ENVCAUSE113__SEX--F,dcid:NorthernAfrica,2019,111686.408
dcs:who/AIR_45.AGE--Y30T34__ENVCAUSE--ENVCAUSE068,dcid:NorthernAfrica,2019,1203.78097
dcs:who/AIR_45.AGE--Y_GE80__ENVCAUSE--ENVCAUSE068,dcid:NorthernAfrica,2019,2078.04027
dcs:who/AIR_45.AGE--Y45T49__ENVCAUSE--ENVCAUSE068,dcid:NorthernAfrica,2019,6469.41905
dcs:who/AIR_45.AGE--Y5T9__ENVCAUSE--ENVCAUSE039,dcid:NorthernAfrica,2019,34482.56262
dcs:who/AIR_45.AGE--Y55T59__ENVCAUSE--ENVCAUSE113__SEX--F,dcid:NorthernAfrica,2019,83200.2367
dcs:who/AIR_45.AGE--Y30T34__ENVCAUSE--ENVCAUSE039,dcid:NorthernAfrica,2019,9434.0626
dcs:who/AIR_45.AGE--Y40T44__ENVCAUSE--ENVCAUSE068,dcid:NorthernAfrica,2019,3558.07243
dcs:who/AIR_45.AGE--Y65T69__ENVCAUSE--ENVCAUSE068,dcid:NorthernAfrica,2019,9624.2399
dcs:who/AIR_45.AGE--Y25T29__ENVCAUSE--ENVCAUSE113__SEX--F,dcid:NorthernAfrica,2019,8788.94243
dcs:who/AIR_45.AGE--Y_GE80__ENVCAUSE--ENVCAUSE039,dcid:NorthernAfrica,2019,20955.33349
dcs:who/AIR_45.AGE--Y75T79__ENVCAUSE--ENVCAUSE039,dcid:NorthernAfrica,2019,14302.30194
dcs:who/AIR_45.AGE--Y25T29__ENVCAUSE--ENVCAUSE039,dcid:NorthernAfrica,2019,8525.47209
dcs:who/AIR_45.ENVCAUSE--ENVCAUSE113__SEX--F,dcid:NorthernAfrica,2019,825200.6524
dcs:who/AIR_45.AGE--Y_GE80__ENVCAUSE--ENVCAUSE118,dcid:NorthernAfrica,2019,15435.04439
dcs:who/AIR_45.AGE--Y75T79__ENVCAUSE--ENVCAUSE113__SEX--F,dcid:NorthernAfrica,2019,91995.68397
dcs:who/AIR_45.AGE--Y35T39__ENVCAUSE--ENVCAUSE113__SEX--F,dcid:NorthernAfrica,2019,19219.06012
dcs:who/AIR_45.AGE--Y65T69__ENVCAUSE--ENVCAUSE118,dcid:NorthernAfrica,2019,20905.44827
dcs:who/AIR_45.AGE--Y70T74__ENVCAUSE--ENVCAUSE039,dcid:NorthernAfrica,2019,18671.71739
dcs:who/AIR_45.AGE--Y70T74__ENVCAUSE--ENVCAUSE113__SEX--F,dcid:NorthernAfrica,2019,110213.891
dcs:who/AIR_45.AGE--Y10T14__ENVCAUSE--ENVCAUSE039,dcid:NorthernAfrica,2019,17651.17435
dcs:who/AIR_45.AGE--Y35T39__ENVCAUSE--ENVCAUSE068,dcid:NorthernAfrica,2019,1217.21687
dcs:who/AIR_45.AGE--Y55T59__ENVCAUSE--ENVCAUSE039,dcid:NorthernAfrica,2019,16885.34147
dcs:who/AIR_45.AGE--Y40T44__ENVCAUSE--ENVCAUSE039,dcid:NorthernAfrica,2019,9276.83508
dcs:who/AIR_45.AGE--Y55T59__ENVCAUSE--ENVCAUSE118,dcid:NorthernAfrica,2019,12969.90747
dcs:who/AIR_45.AGE--Y25T29__ENVCAUSE--ENVCAUSE068,dcid:NorthernAfrica,2019,1041.9942
dcs:who/AIR_45.AGE--Y65T69__ENVCAUSE--ENVCAUSE113__SEX--F,dcid:NorthernAfrica,2019,127925.1501
dcs:who/AIR_45.AGE--Y0T4__ENVCAUSE--ENVCAUSE039,dcid:NorthernAfrica,2019,294687.8864
dcs:who/AIR_45.AGE--Y15T19__ENVCAUSE--ENVCAUSE039,dcid:NorthernAfrica,2019,12455.88601
dcs:who/AIR_45.AGE--Y55T59__ENVCAUSE--ENVCAUSE068,dcid:NorthernAfrica,2019,11632.56794
dcs:who/AIR_45.AGE--Y30T34__ENVCAUSE--ENVCAUSE113__SEX--F,dcid:NorthernAfrica,2019,15764.54422
dcs:who/AIR_45.AGE--Y40T44__ENVCAUSE--ENVCAUSE118,dcid:NorthernAfrica,2019,3251.99813
dcs:who/AIR_45.AGE--Y40T44__ENVCAUSE--ENVCAUSE113__SEX--F,dcid:NorthernAfrica,2019,25997.7181
dcs:who/AIR_45.AGE--Y20T24__ENVCAUSE--ENVCAUSE039,dcid:NorthernAfrica,2019,9717.3344
dcs:who/AIR_45.AGE--Y50T54__ENVCAUSE--ENVCAUSE113__SEX--F,dcid:NorthernAfrica,2019,58622.12112
dcs:who/AIR_45.ENVCAUSE--ENVCAUSE039,dcid:NorthernAfrica,2019,541490.8587
dcs:who/AIR_45.AGE--Y70T74__ENVCAUSE--ENVCAUSE118,dcid:NorthernAfrica,2019,17160.67606
dcs:who/AIR_45.AGE--Y50T54__ENVCAUSE--ENVCAUSE118,dcid:NorthernAfrica,2019,8023.47033
dcs:who/AIR_45.AGE--Y60T64__ENVCAUSE--ENVCAUSE118,dcid:NorthernAfrica,2019,18612.50253
dcs:who/AIR_45.AGE--Y25T29__ENVCAUSE--ENVCAUSE114__SEX--F,dcid:NorthernAfrica,2019,3829.35535
dcs:who/AIR_45.AGE--Y60T64__ENVCAUSE--ENVCAUSE068,dcid:NorthernAfrica,2019,11437.19765
dcs:who/AIR_45.AGE--Y65T69__ENVCAUSE--ENVCAUSE039,dcid:NorthernAfrica,2019,20993.08501
dcs:who/AIR_45.AGE--Y40T44__ENVCAUSE--ENVCAUSE113,dcid:NorthernAfrica,2019,77868.63445
dcs:who/AIR_45.AGE--Y50T54__ENVCAUSE--ENVCAUSE113,dcid:NorthernAfrica,2019,168067.4433
dcs:who/AIR_45.AGE--Y65T69__ENVCAUSE--ENVCAUSE114,dcid:NorthernAfrica,2019,58296.17355
dcs:who/AIR_45.AGE--Y50T54__ENVCAUSE--ENVCAUSE114,dcid:NorthernAfrica,2019,29718.89873
dcs:who/AIR_45.AGE--Y30T34__ENVCAUSE--ENVCAUSE114,dcid:NorthernAfrica,2019,13832.00238
dcs:who/AIR_45.AGE--Y30T34__ENVCAUSE--ENVCAUSE118,dcid:NorthernAfrica,2019,2174.60399
dcs:who/AIR_45.AGE--Y25T29__ENVCAUSE--ENVCAUSE114,dcid:NorthernAfrica,2019,13207.97678
dcs:who/AIR_45.AGE--Y35T39__ENVCAUSE--ENVCAUSE118,dcid:NorthernAfrica,2019,2651.1716
dcs:who/AIR_45.AGE--Y70T74__ENVCAUSE--ENVCAUSE114,dcid:NorthernAfrica,2019,51279.89853
dcs:who/AIR_45.ENVCAUSE--ENVCAUSE114,dcid:NorthernAfrica,2019,415920.7103
dcs:who/AIR_45.AGE--Y45T49__ENVCAUSE--ENVCAUSE113,dcid:NorthernAfrica,2019,107846.6584
dcs:who/AIR_45.AGE--Y65T69__ENVCAUSE--ENVCAUSE113,dcid:NorthernAfrica,2019,302280.6107
dcs:who/AIR_45.AGE--Y75T79__ENVCAUSE--ENVCAUSE114,dcid:NorthernAfrica,2019,45063.57182
dcs:who/AIR_45.AGE--Y60T64__ENVCAUSE--ENVCAUSE113,dcid:NorthernAfrica,2019,289682.3088
dcs:who/AIR_45.AGE--Y75T79__ENVCAUSE--ENVCAUSE113,dcid:NorthernAfrica,2019,183755.9991
dcs:who/AIR_45.AGE--Y35T39__ENVCAUSE--ENVCAUSE113,dcid:NorthernAfrica,2019,60738.03882
dcs:who/AIR_45.AGE--Y60T64__ENVCAUSE--ENVCAUSE114,dcid:NorthernAfrica,2019,52385.39978
dcs:who/AIR_45.ENVCAUSE--ENVCAUSE113,dcid:NorthernAfrica,2019,1973047.19
dcs:who/AIR_45.AGE--Y45T49__ENVCAUSE--ENVCAUSE114,dcid:NorthernAfrica,2019,19910.83483
dcs:who/AIR_45.AGE--Y35T39__ENVCAUSE--ENVCAUSE114,dcid:NorthernAfrica,2019,15879.27405
dcs:who/AIR_45.AGE--Y70T74__ENVCAUSE--ENVCAUSE113,dcid:NorthernAfrica,2019,238269.0725
dcs:who/AIR_45.AGE--Y30T34__ENVCAUSE--ENVCAUSE113,dcid:NorthernAfrica,2019,46148.21028
dcs:who/AIR_45.AGE--Y55T59__ENVCAUSE--ENVCAUSE114,dcid:NorthernAfrica,2019,40959.0408
dcs:who/AIR_45.AGE--Y25T29__ENVCAUSE--ENVCAUSE118,dcid:NorthernAfrica,2019,1592.73151
dcs:who/AIR_45.AGE--Y25T29__ENVCAUSE--ENVCAUSE113,dcid:NorthernAfrica,2019,26523.12035
dcs:who/AIR_45.AGE--Y_GE80__ENVCAUSE--ENVCAUSE113,dcid:NorthernAfrica,2019,234228.7027
dcs:who/AIR_45,dcid:NorthernAfrica,2019,3117616.291
dcs:who/AIR_45.AGE--Y40T44__ENVCAUSE--ENVCAUSE114,dcid:NorthernAfrica,2019,17454.73416
dcs:who/AIR_45.AGE--Y55T59__ENVCAUSE--ENVCAUSE113,dcid:NorthernAfrica,2019,237638.3901
dcs:who/AIR_45.AGE--Y_GE80__ENVCAUSE--ENVCAUSE114,dcid:NorthernAfrica,2019,57932.90488
dcs:who/AIR_45.AGE--Y55T59__ENVCAUSE--ENVCAUSE068__SEX--M,dcid:SouthEasternAsia,2019,82325.67292
dcs:who/AIR_45.AGE--Y45T49__ENVCAUSE--ENVCAUSE068__SEX--M,dcid:SouthEasternAsia,2019,41742.55657
dcs:who/AIR_45.AGE--Y75T79__ENVCAUSE--ENVCAUSE068__SEX--M,dcid:SouthEasternAsia,2019,33667.96699
dcs:who/AIR_45.AGE--Y_GE80__ENVCAUSE--ENVCAUSE068__SEX--M,dcid:SouthEasternAsia,2019,20293.16449
dcs:who/AIR_45.AGE--Y60T64__ENVCAUSE--ENVCAUSE068__SEX--M,dcid:SouthEasternAsia,2019,86650.59222
dcs:who/AIR_45.AGE--Y40T44__ENVCAUSE--ENVCAUSE068__SEX--M,dcid:SouthEasternAsia,2019,20021.939
dcs:who/AIR_45.AGE--Y70T74__ENVCAUSE--ENVCAUSE068__SEX--M,dcid:SouthEasternAsia,2019,55158.61394
dcs:who/AIR_45.AGE--Y35T39__ENVCAUSE--ENVCAUSE068__SEX--M,dcid:SouthEasternAsia,2019,11251.53651
dcs:who/AIR_45.AGE--Y65T69__ENVCAUSE--ENVCAUSE068__SEX--M,dcid:SouthEasternAsia,2019,76248.5967
dcs:who/AIR_45.AGE--Y50T54__ENVCAUSE--ENVCAUSE068__SEX--M,dcid:SouthEasternAsia,2019,62138.0101
dcs:who/AIR_45.ENVCAUSE--ENVCAUSE068__SEX--M,dcid:SouthEasternAsia,2019,498785.4937
dcs:who/AIR_45.AGE--Y60T64__ENVCAUSE--ENVCAUSE118__SEX--M,dcid:SouthEasternAsia,2019,409431.1189
dcs:who/AIR_45.AGE--Y15T19__ENVCAUSE--ENVCAUSE039__SEX--M,dcid:SouthEasternAsia,2019,24434.79905
dcs:who/AIR_45.AGE--Y20T24__ENVCAUSE--ENVCAUSE039__SEX--M,dcid:SouthEasternAsia,2019,26845.39975
dcs:who/AIR_45.AGE--Y30T34__ENVCAUSE--ENVCAUSE114__SEX--M,dcid:SouthEasternAsia,2019,49116.98128
dcs:who/AIR_45.AGE--Y55T59__ENVCAUSE--ENVCAUSE113__SEX--M,dcid:SouthEasternAsia,2019,1194947.506
dcs:who/AIR_45.AGE--Y30T34__ENVCAUSE--ENVCAUSE068__SEX--M,dcid:SouthEasternAsia,2019,5801.12166
dcs:who/AIR_45.AGE--Y55T59__ENVCAUSE--ENVCAUSE114__SEX--M,dcid:SouthEasternAsia,2019,390197.1402
dcs:who/AIR_45.AGE--Y70T74__ENVCAUSE--ENVCAUSE113__SEX--M,dcid:SouthEasternAsia,2019,734280.9042
dcs:who/AIR_45.AGE--Y45T49__ENVCAUSE--ENVCAUSE118__SEX--M,dcid:SouthEasternAsia,2019,77581.07695
dcs:who/AIR_45.AGE--Y10T14__ENVCAUSE--ENVCAUSE039__SEX--M,dcid:SouthEasternAsia,2019,43267.12883
dcs:who/AIR_45.AGE--Y75T79__ENVCAUSE--ENVCAUSE113__SEX--M,dcid:SouthEasternAsia,2019,539118.6615
dcs:who/AIR_45.AGE--Y25T29__ENVCAUSE--ENVCAUSE068__SEX--M,dcid:SouthEasternAsia,2019,3485.72255
dcs:who/AIR_45.AGE--Y70T74__ENVCAUSE--ENVCAUSE118__SEX--M,dcid:SouthEasternAsia,2019,460108.658
dcs:who/AIR_45.AGE--Y60T64__ENVCAUSE--ENVCAUSE114__SEX--M,dcid:SouthEasternAsia,2019,454561.316
dcs:who/AIR_45.ENVCAUSE--ENVCAUSE118__SEX--M,dcid:SouthEasternAsia,2019,2734630.171
dcs:who/AIR_45.AGE--Y45T49__ENVCAUSE--ENVCAUSE114__SEX--M,dcid:SouthEasternAsia,2019,181139.8545
dcs:who/AIR_45.AGE--Y65T69__ENVCAUSE--ENVCAUSE039__SEX--M,dcid:SouthEasternAsia,2019,174744.4812
dcs:who/AIR_45.AGE--Y30T34__ENVCAUSE--ENVCAUSE039__SEX--M,dcid:SouthEasternAsia,2019,33307.98635
dcs:who/AIR_45.AGE--Y0T4__ENVCAUSE--ENVCAUSE039__SEX--M,dcid:SouthEasternAsia,2019,1442374.812
dcs:who/AIR_45.AGE--Y50T54__ENVCAUSE--ENVCAUSE118__SEX--M,dcid:SouthEasternAsia,2019,157977.2195
dcs:who/AIR_45.AGE--Y40T44__ENVCAUSE--ENVCAUSE039__SEX--M,dcid:SouthEasternAsia,2019,45997.7584
dcs:who/AIR_45.AGE--Y45T49__ENVCAUSE--ENVCAUSE039__SEX--M,dcid:SouthEasternAsia,2019,61382.54744
dcs:who/AIR_45.AGE--Y65T69__ENVCAUSE--ENVCAUSE114__SEX--M,dcid:SouthEasternAsia,2019,455752.0193
dcs:who/AIR_45.AGE--Y5T9__ENVCAUSE--ENVCAUSE039__SEX--M,dcid:SouthEasternAsia,2019,51244.68354
dcs:who/AIR_45.AGE--Y40T44__ENVCAUSE--ENVCAUSE114__SEX--M,dcid:SouthEasternAsia,2019,116227.2836
dcs:who/AIR_45.AGE--Y55T59__ENVCAUSE--ENVCAUSE118__SEX--M,dcid:SouthEasternAsia,2019,272018.4117
dcs:who/AIR_45.AGE--Y60T64__ENVCAUSE--ENVCAUSE113__SEX--M,dcid:SouthEasternAsia,2019,1130477.185
dcs:who/AIR_45.AGE--Y75T79__ENVCAUSE--ENVCAUSE114__SEX--M,dcid:SouthEasternAsia,2019,259536.9682
dcs:who/AIR_45.AGE--Y25T29__ENVCAUSE--ENVCAUSE114__SEX--M,dcid:SouthEasternAsia,2019,28708.00002
dcs:who/AIR_45.AGE--Y60T64__ENVCAUSE--ENVCAUSE039__SEX--M,dcid:SouthEasternAsia,2019,156393.775
dcs:who/AIR_45.AGE--Y75T79__ENVCAUSE--ENVCAUSE118__SEX--M,dcid:SouthEasternAsia,2019,375610.5568
dcs:who/AIR_45.AGE--Y75T79__ENVCAUSE--ENVCAUSE039__SEX--M,dcid:SouthEasternAsia,2019,138560.5242
dcs:who/AIR_45.AGE--Y_GE80__ENVCAUSE--ENVCAUSE114__SEX--M,dcid:SouthEasternAsia,2019,233356.6626
dcs:who/AIR_45.ENVCAUSE--ENVCAUSE039__SEX--M,dcid:SouthEasternAsia,2019,2801715.29
dcs:who/AIR_45.ENVCAUSE--ENVCAUSE114__SEX--M,dcid:SouthEasternAsia,2019,2884192.437
dcs:who/AIR_45.AGE--Y_GE80__ENVCAUSE--ENVCAUSE118__SEX--M,dcid:SouthEasternAsia,2019,409627.2686
dcs:who/AIR_45.AGE--Y_GE80__ENVCAUSE--ENVCAUSE039__SEX--M,dcid:SouthEasternAsia,2019,172256.5743
dcs:who/AIR_45.ENVCAUSE--ENVCAUSE113__SEX--M,dcid:SouthEasternAsia,2019,8025722.145
dcs:who/AIR_45.AGE--Y_GE80__ENVCAUSE--ENVCAUSE113__SEX--M,dcid:SouthEasternAsia,2019,567793.3218
dcs:who/AIR_45.AGE--Y35T39__ENVCAUSE--ENVCAUSE118__SEX--M,dcid:SouthEasternAsia,2019,21543.09496
dcs:who/AIR_45.AGE--Y65T69__ENVCAUSE--ENVCAUSE113__SEX--M,dcid:SouthEasternAsia,2019,1004577.549
dcs:who/AIR_45.AGE--Y70T74__ENVCAUSE--ENVCAUSE039__SEX--M,dcid:SouthEasternAsia,2019,162648.3163
dcs:who/AIR_45.AGE--Y25T29__ENVCAUSE--ENVCAUSE039__SEX--M,dcid:SouthEasternAsia,2019,29987.77316
dcs:who/AIR_45.AGE--Y30T34__ENVCAUSE--ENVCAUSE118__SEX--M,dcid:SouthEasternAsia,2019,10487.12448
dcs:who/AIR_45.AGE--Y70T74__ENVCAUSE--ENVCAUSE114__SEX--M,dcid:SouthEasternAsia,2019,348746.0294
dcs:who/AIR_45.AGE--Y25T29__ENVCAUSE--ENVCAUSE118__SEX--M,dcid:SouthEasternAsia,2019,6422.40105
dcs:who/AIR_45.AGE--Y50T54__ENVCAUSE--ENVCAUSE039__SEX--M,dcid:SouthEasternAsia,2019,81080.40955
dcs:who/AIR_45.AGE--Y50T54__ENVCAUSE--ENVCAUSE113__SEX--M,dcid:SouthEasternAsia,2019,943414.7019
dcs:who/AIR_45.AGE--Y55T59__ENVCAUSE--ENVCAUSE039__SEX--M,dcid:SouthEasternAsia,2019,113179.8198
dcs:who/AIR_45.AGE--Y45T49__ENVCAUSE--ENVCAUSE113__SEX--M,dcid:SouthEasternAsia,2019,733610.0803
dcs:who/AIR_45.AGE--Y35T39__ENVCAUSE--ENVCAUSE039__SEX--M,dcid:SouthEasternAsia,2019,44008.50045
dcs:who/AIR_45.AGE--Y35T39__ENVCAUSE--ENVCAUSE114__SEX--M,dcid:SouthEasternAsia,2019,84819.0035
dcs:who/AIR_45.AGE--Y65T69__ENVCAUSE--ENVCAUSE118__SEX--M,dcid:SouthEasternAsia,2019,497358.0875
dcs:who/AIR_45.AGE--Y50T54__ENVCAUSE--ENVCAUSE114__SEX--M,dcid:SouthEasternAsia,2019,282031.1786
dcs:who/AIR_45.AGE--Y40T44__ENVCAUSE--ENVCAUSE118__SEX--M,dcid:SouthEasternAsia,2019,36465.15216
dcs:who/AIR_45.ENVCAUSE--ENVCAUSE068__SEX--F,dcid:SouthEasternAsia,2019,222465.9965
dcs:who/AIR_45.AGE--Y50T54__ENVCAUSE--ENVCAUSE068__SEX--F,dcid:SouthEasternAsia,2019,28874.63108
dcs:who/AIR_45.AGE--Y15T19__ENVCAUSE--ENVCAUSE039__SEX--F,dcid:SouthEasternAsia,2019,28575.52239
dcs:who/AIR_45.ENVCAUSE--ENVCAUSE039__SEX--F,dcid:SouthEasternAsia,2019,2638683.071
dcs:who/AIR_45.AGE--Y45T49__ENVCAUSE--ENVCAUSE068__SEX--F,dcid:SouthEasternAsia,2019,18591.12088
dcs:who/AIR_45.AGE--Y55T59__ENVCAUSE--ENVCAUSE039__SEX--F,dcid:SouthEasternAsia,2019,95198.33832
dcs:who/AIR_45.AGE--Y45T49__ENVCAUSE--ENVCAUSE118__SEX--F,dcid:SouthEasternAsia,2019,40658.13051
dcs:who/AIR_45.AGE--Y75T79__ENVCAUSE--ENVCAUSE039__SEX--F,dcid:SouthEasternAsia,2019,145865.0846
dcs:who/AIR_45.AGE--Y30T34__ENVCAUSE--ENVCAUSE113__SEX--M,dcid:SouthEasternAsia,2019,216359.9485
dcs:who/AIR_45.AGE--Y65T69__ENVCAUSE--ENVCAUSE118__SEX--F,dcid:SouthEasternAsia,2019,300964.9209
dcs:who/AIR_45.AGE--Y60T64__ENVCAUSE--ENVCAUSE118__SEX--F,dcid:SouthEasternAsia,2019,245315.721
dcs:who/AIR_45.AGE--Y50T54__ENVCAUSE--ENVCAUSE118__SEX--F,dcid:SouthEasternAsia,2019,99028.47438
dcs:who/AIR_45.AGE--Y45T49__ENVCAUSE--ENVCAUSE039__SEX--F,dcid:SouthEasternAsia,2019,44997.50593
dcs:who/AIR_45.AGE--Y0T4__ENVCAUSE--ENVCAUSE039__SEX--F,dcid:SouthEasternAsia,2019,1238549.13
dcs:who/AIR_45.ENVCAUSE--ENVCAUSE114__SEX--F,dcid:SouthEasternAsia,2019,2455723.578
dcs:who/AIR_45.AGE--Y35T39__ENVCAUSE--ENVCAUSE068__SEX--F,dcid:SouthEasternAsia,2019,7320.16803
dcs:who/AIR_45.AGE--Y35T39__ENVCAUSE--ENVCAUSE039__SEX--F,dcid:SouthEasternAsia,2019,39318.5859
dcs:who/AIR_45.AGE--Y_GE80__ENVCAUSE--ENVCAUSE118__SEX--F,dcid:SouthEasternAsia,2019,400942.2278
dcs:who/AIR_45.AGE--Y55T59__ENVCAUSE--ENVCAUSE118__SEX--F,dcid:SouthEasternAsia,2019,143503.0378
dcs:who/AIR_45.AGE--Y25T29__ENVCAUSE--ENVCAUSE113__SEX--M,dcid:SouthEasternAsia,2019,109974.7702
dcs:who/AIR_45.AGE--Y70T74__ENVCAUSE--ENVCAUSE118__SEX--F,dcid:SouthEasternAsia,2019,334415.4927
dcs:who/AIR_45.AGE--Y70T74__ENVCAUSE--ENVCAUSE039__SEX--F,dcid:SouthEasternAsia,2019,182929.6159
dcs:who/AIR_45.AGE--Y25T29__ENVCAUSE--ENVCAUSE039__SEX--F,dcid:SouthEasternAsia,2019,30060.33975
dcs:who/AIR_45.ENVCAUSE--ENVCAUSE118__SEX--F,dcid:SouthEasternAsia,2019,1894481.009
dcs:who/AIR_45.AGE--Y_GE80__ENVCAUSE--ENVCAUSE039__SEX--F,dcid:SouthEasternAsia,2019,197903.8452
dcs:who/AIR_45.AGE--Y75T79__ENVCAUSE--ENVCAUSE068__SEX--F,dcid:SouthEasternAsia,2019,17103.46896
dcs:who/AIR_45.AGE--Y_GE80__ENVCAUSE--ENVCAUSE068__SEX--F,dcid:SouthEasternAsia,2019,13484.81894
dcs:who/AIR_45.AGE--Y40T44__ENVCAUSE--ENVCAUSE113__SEX--M,dcid:SouthEasternAsia,2019,483016.3562
dcs:who/AIR_45.AGE--Y55T59__ENVCAUSE--ENVCAUSE068__SEX--F,dcid:SouthEasternAsia,2019,30566.67342
dcs:who/AIR_45.AGE--Y40T44__ENVCAUSE--ENVCAUSE039__SEX--F,dcid:SouthEasternAsia,2019,42118.75649
dcs:who/AIR_45.AGE--Y20T24__ENVCAUSE--ENVCAUSE039__SEX--F,dcid:SouthEasternAsia,2019,27240.47667
dcs:who/AIR_45.AGE--Y_GE80__ENVCAUSE--ENVCAUSE114__SEX--F,dcid:SouthEasternAsia,2019,311329.4069
dcs:who/AIR_45.AGE--Y70T74__ENVCAUSE--ENVCAUSE068__SEX--F,dcid:SouthEasternAsia,2019,25106.88987
dcs:who/AIR_45.AGE--Y50T54__ENVCAUSE--ENVCAUSE114__SEX--F,dcid:SouthEasternAsia,2019,231285.3311
dcs:who/AIR_45.AGE--Y10T14__ENVCAUSE--ENVCAUSE039__SEX--F,dcid:SouthEasternAsia,2019,53339.20139
dcs:who/AIR_45.AGE--Y75T79__ENVCAUSE--ENVCAUSE118__SEX--F,dcid:SouthEasternAsia,2019,285760.0421
dcs:who/AIR_45.AGE--Y30T34__ENVCAUSE--ENVCAUSE118__SEX--F,dcid:SouthEasternAsia,2019,6353.8601
dcs:who/AIR_45.AGE--Y35T39__ENVCAUSE--ENVCAUSE113__SEX--M,dcid:SouthEasternAsia,2019,368151.1611
dcs:who/AIR_45.AGE--Y60T64__ENVCAUSE--ENVCAUSE068__SEX--F,dcid:SouthEasternAsia,2019,33379.79397
dcs:who/AIR_45.AGE--Y75T79__ENVCAUSE--ENVCAUSE114__SEX--F,dcid:SouthEasternAsia,2019,279557.9552
dcs:who/AIR_45.AGE--Y25T29__ENVCAUSE--ENVCAUSE118__SEX--F,dcid:SouthEasternAsia,2019,4490.24419
dcs:who/AIR_45.AGE--Y60T64__ENVCAUSE--ENVCAUSE114__SEX--F,dcid:SouthEasternAsia,2019,354377.6729
dcs:who/AIR_45.AGE--Y65T69__ENVCAUSE--ENVCAUSE114__SEX--F,dcid:SouthEasternAsia,2019,371299.9904
dcs:who/AIR_45.AGE--Y70T74__ENVCAUSE--ENVCAUSE114__SEX--F,dcid:SouthEasternAsia,2019,329253.3589
dcs:who/AIR_45.AGE--Y40T44__ENVCAUSE--ENVCAUSE118__SEX--F,dcid:SouthEasternAsia,2019,20771.74154
dcs:who/AIR_45.AGE--Y30T34__ENVCAUSE--ENVCAUSE068__SEX--F,dcid:SouthEasternAsia,2019,4207.47426
dcs:who/AIR_45.AGE--Y65T69__ENVCAUSE--ENVCAUSE068__SEX--F,dcid:SouthEasternAsia,2019,28739.04225
dcs:who/AIR_45.AGE--Y5T9__ENVCAUSE--ENVCAUSE039__SEX--F,dcid:SouthEasternAsia,2019,77863.96862
dcs:who/AIR_45.AGE--Y25T29__ENVCAUSE--ENVCAUSE068__SEX--F,dcid:SouthEasternAsia,2019,2183.81619
dcs:who/AIR_45.AGE--Y40T44__ENVCAUSE--ENVCAUSE068__SEX--F,dcid:SouthEasternAsia,2019,12908.09865
dcs:who/AIR_45.AGE--Y30T34__ENVCAUSE--ENVCAUSE039__SEX--F,dcid:SouthEasternAsia,2019,24979.50721
dcs:who/AIR_45.AGE--Y65T69__ENVCAUSE--ENVCAUSE039__SEX--F,dcid:SouthEasternAsia,2019,181945.744
dcs:who/AIR_45.AGE--Y50T54__ENVCAUSE--ENVCAUSE039__SEX--F,dcid:SouthEasternAsia,2019,81798.29787
dcs:who/AIR_45.AGE--Y55T59__ENVCAUSE--ENVCAUSE114__SEX--F,dcid:SouthEasternAsia,2019,275050.681
dcs:who/AIR_45.SEX--M,dcid:SouthEasternAsia,2019,16945045.54
dcs:who/AIR_45.AGE--Y60T64__ENVCAUSE--ENVCAUSE039__SEX--F,dcid:SouthEasternAsia,2019,145999.1505
dcs:who/AIR_45.AGE--Y35T39__ENVCAUSE--ENVCAUSE118__SEX--F,dcid:SouthEasternAsia,2019,12277.11566
dcs:who/AIR_45.AGE--Y55T59__ENVCAUSE--ENVCAUSE068,dcid:SouthEasternAsia,2019,112892.3463
dcs:who/AIR_45.AGE--Y55T59__ENVCAUSE--ENVCAUSE113__SEX--F,dcid:SouthEasternAsia,2019,550640.5498
dcs:who/AIR_45.AGE--Y45T49__ENVCAUSE--ENVCAUSE114__SEX--F,dcid:SouthEasternAsia,2019,131751.9602
dcs:who/AIR_45.ENVCAUSE--ENVCAUSE068,dcid:SouthEasternAsia,2019,721251.4902
dcs:who/AIR_45.AGE--Y65T69__ENVCAUSE--ENVCAUSE068,dcid:SouthEasternAsia,2019,104987.639
dcs:who/AIR_45.AGE--Y35T39__ENVCAUSE--ENVCAUSE114__SEX--F,dcid:SouthEasternAsia,2019,50214.92094
dcs:who/AIR_45.AGE--Y25T29__ENVCAUSE--ENVCAUSE113__SEX--F,dcid:SouthEasternAsia,2019,55185.12494
dcs:who/AIR_45.AGE--Y25T29__ENVCAUSE--ENVCAUSE039,dcid:SouthEasternAsia,2019,60048.11291
dcs:who/AIR_45.AGE--Y55T59__ENVCAUSE--ENVCAUSE039,dcid:SouthEasternAsia,2019,208378.1581
dcs:who/AIR_45.AGE--Y45T49__ENVCAUSE--ENVCAUSE113__SEX--F,dcid:SouthEasternAsia,2019,292420.0896
dcs:who/AIR_45.AGE--Y10T14__ENVCAUSE--ENVCAUSE039,dcid:SouthEasternAsia,2019,96606.33022
dcs:who/AIR_45.AGE--Y_GE80__ENVCAUSE--ENVCAUSE113__SEX--F,dcid:SouthEasternAsia,2019,570237.4421
dcs:who/AIR_45.AGE--Y15T19__ENVCAUSE--ENVCAUSE039,dcid:SouthEasternAsia,2019,53010.32144
dcs:who/AIR_45.AGE--Y50T54__ENVCAUSE--ENVCAUSE068,dcid:SouthEasternAsia,2019,91012.64119
dcs:who/AIR_45.AGE--Y0T4__ENVCAUSE--ENVCAUSE039,dcid:SouthEasternAsia,2019,2680923.943
dcs:who/AIR_45.AGE--Y65T69__ENVCAUSE--ENVCAUSE113__SEX--F,dcid:SouthEasternAsia,2019,630715.6431
dcs:who/AIR_45.AGE--Y65T69__ENVCAUSE--ENVCAUSE039,dcid:SouthEasternAsia,2019,356690.2252
dcs:who/AIR_45.AGE--Y30T34__ENVCAUSE--ENVCAUSE114__SEX--F,dcid:SouthEasternAsia,2019,24567.28833
dcs:who/AIR_45.AGE--Y60T64__ENVCAUSE--ENVCAUSE068,dcid:SouthEasternAsia,2019,120030.3862
dcs:who/AIR_45.AGE--Y40T44__ENVCAUSE--ENVCAUSE114__SEX--F,dcid:SouthEasternAsia,2019,78189.71927
dcs:who/AIR_45.AGE--Y40T44__ENVCAUSE--ENVCAUSE068,dcid:SouthEasternAsia,2019,32930.03765
dcs:who/AIR_45.AGE--Y70T74__ENVCAUSE--ENVCAUSE113__SEX--F,dcid:SouthEasternAsia,2019,557663.2714
dcs:who/AIR_45.SEX--F,dcid:SouthEasternAsia,2019,11854327.68
dcs:who/AIR_45.ENVCAUSE--ENVCAUSE113__SEX--F,dcid:SouthEasternAsia,2019,4642974.03
dcs:who/AIR_45.AGE--Y40T44__ENVCAUSE--ENVCAUSE039,dcid:SouthEasternAsia,2019,88116.51489
dcs:who/AIR_45.AGE--Y35T39__ENVCAUSE--ENVCAUSE039,dcid:SouthEasternAsia,2019,83327.08635
dcs:who/AIR_45.AGE--Y_GE80__ENVCAUSE--ENVCAUSE039,dcid:SouthEasternAsia,2019,370160.4195
dcs:who/AIR_45.AGE--Y30T34__ENVCAUSE--ENVCAUSE113__SEX--F,dcid:SouthEasternAsia,2019,79756.35817
dcs:who/AIR_45.AGE--Y30T34__ENVCAUSE--ENVCAUSE039,dcid:SouthEasternAsia,2019,58287.49357
dcs:who/AIR_45.AGE--Y70T74__ENVCAUSE--ENVCAUSE068,dcid:SouthEasternAsia,2019,80265.50382
dcs:who/AIR_45.ENVCAUSE--ENVCAUSE118,dcid:SouthEasternAsia,2019,4629111.179
dcs:who/AIR_45.AGE--Y40T44__ENVCAUSE--ENVCAUSE113__SEX--F,dcid:SouthEasternAsia,2019,208000.7617
dcs:who/AIR_45.AGE--Y75T79__ENVCAUSE--ENVCAUSE039,dcid:SouthEasternAsia,2019,284425.6089
dcs:who/AIR_45.AGE--Y35T39__ENVCAUSE--ENVCAUSE068,dcid:SouthEasternAsia,2019,18571.70454
dcs:who/AIR_45.AGE--Y30T34__ENVCAUSE--ENVCAUSE068,dcid:SouthEasternAsia,2019,10008.59592
dcs:who/AIR_45.AGE--Y_GE80__ENVCAUSE--ENVCAUSE118,dcid:SouthEasternAsia,2019,810569.4965
dcs:who/AIR_45.AGE--Y5T9__ENVCAUSE--ENVCAUSE039,dcid:SouthEasternAsia,2019,129108.6522
dcs:who/AIR_45.AGE--Y_GE80__ENVCAUSE--ENVCAUSE068,dcid:SouthEasternAsia,2019,33777.98343
dcs:who/AIR_45.AGE--Y60T64__ENVCAUSE--ENVCAUSE039,dcid:SouthEasternAsia,2019,302392.9255
dcs:who/AIR_45.AGE--Y45T49__ENVCAUSE--ENVCAUSE068,dcid:SouthEasternAsia,2019,60333.67746
dcs:who/AIR_45.AGE--Y50T54__ENVCAUSE--ENVCAUSE039,dcid:SouthEasternAsia,2019,162878.7074
dcs:who/AIR_45.AGE--Y70T74__ENVCAUSE--ENVCAUSE039,dcid:SouthEasternAsia,2019,345577.9322
dcs:who/AIR_45.AGE--Y75T79__ENVCAUSE--ENVCAUSE068,dcid:SouthEasternAsia,2019,50771.43594
dcs:who/AIR_45.AGE--Y25T29__ENVCAUSE--ENVCAUSE114__SEX--F,dcid:SouthEasternAsia,2019,18845.29243
dcs:who/AIR_45.AGE--Y75T79__ENVCAUSE--ENVCAUSE113__SEX--F,dcid:SouthEasternAsia,2019,471607.8072
dcs:who/AIR_45.AGE--Y35T39__ENVCAUSE--ENVCAUSE113__SEX--F,dcid:SouthEasternAsia,2019,135143.7951
dcs:who/AIR_45.ENVCAUSE--ENVCAUSE039,dcid:SouthEasternAsia,2019,5440398.361
dcs:who/AIR_45.AGE--Y25T29__ENVCAUSE--ENVCAUSE068,dcid:SouthEasternAsia,2019,5669.53874
dcs:who/AIR_45.AGE--Y45T49__ENVCAUSE--ENVCAUSE039,dcid:SouthEasternAsia,2019,106380.0534
dcs:who/AIR_45.AGE--Y50T54__ENVCAUSE--ENVCAUSE113__SEX--F,dcid:SouthEasternAsia,2019,466974.9398
dcs:who/AIR_45.AGE--Y60T64__ENVCAUSE--ENVCAUSE113__SEX--F,dcid:SouthEasternAsia,2019,624628.2467
dcs:who/AIR_45.AGE--Y20T24__ENVCAUSE--ENVCAUSE039,dcid:SouthEasternAsia,2019,54085.87642
dcs:who/AIR_45.AGE--Y40T44__ENVCAUSE--ENVCAUSE113,dcid:SouthEasternAsia,2019,691017.1179
dcs:who/AIR_45.AGE--Y50T54__ENVCAUSE--ENVCAUSE118,dcid:SouthEasternAsia,2019,257005.6939
dcs:who/AIR_45.AGE--Y55T59__ENVCAUSE--ENVCAUSE114,dcid:SouthEasternAsia,2019,665247.8212
dcs:who/AIR_45.AGE--Y55T59__ENVCAUSE--ENVCAUSE118,dcid:SouthEasternAsia,2019,415521.4495
dcs:who/AIR_45.AGE--Y75T79__ENVCAUSE--ENVCAUSE114,dcid:SouthEasternAsia,2019,539094.9235
dcs:who/AIR_45.AGE--Y65T69__ENVCAUSE--ENVCAUSE113,dcid:SouthEasternAsia,2019,1635293.192
dcs:who/AIR_45.AGE--Y45T49__ENVCAUSE--ENVCAUSE118,dcid:SouthEasternAsia,2019,118239.2075
dcs:who/AIR_45.AGE--Y30T34__ENVCAUSE--ENVCAUSE118,dcid:SouthEasternAsia,2019,16840.98459
dcs:who/AIR_45.AGE--Y25T29__ENVCAUSE--ENVCAUSE118,dcid:SouthEasternAsia,2019,10912.64524
dcs:who/AIR_45.AGE--Y_GE80__ENVCAUSE--ENVCAUSE114,dcid:SouthEasternAsia,2019,544686.0695
dcs:who/AIR_45.AGE--Y60T64__ENVCAUSE--ENVCAUSE113,dcid:SouthEasternAsia,2019,1755105.432
dcs:who/AIR_45,dcid:SouthEasternAsia,2019,28799373.22
dcs:who/AIR_45.AGE--Y70T74__ENVCAUSE--ENVCAUSE113,dcid:SouthEasternAsia,2019,1291944.176
dcs:who/AIR_45.AGE--Y50T54__ENVCAUSE--ENVCAUSE113,dcid:SouthEasternAsia,2019,1410389.642
dcs:who/AIR_45.AGE--Y35T39__ENVCAUSE--ENVCAUSE113,dcid:SouthEasternAsia,2019,503294.9561
dcs:who/AIR_45.AGE--Y65T69__ENVCAUSE--ENVCAUSE118,dcid:SouthEasternAsia,2019,798323.0084
dcs:who/AIR_45.AGE--Y35T39__ENVCAUSE--ENVCAUSE118,dcid:SouthEasternAsia,2019,33820.21062
dcs:who/AIR_45.AGE--Y45T49__ENVCAUSE--ENVCAUSE113,dcid:SouthEasternAsia,2019,1026030.17
dcs:who/AIR_45.AGE--Y75T79__ENVCAUSE--ENVCAUSE113,dcid:SouthEasternAsia,2019,1010726.469
dcs:who/AIR_45.AGE--Y45T49__ENVCAUSE--ENVCAUSE114,dcid:SouthEasternAsia,2019,312891.8147
dcs:who/AIR_45.AGE--Y25T29__ENVCAUSE--ENVCAUSE113,dcid:SouthEasternAsia,2019,165159.8951
dcs:who/AIR_45.AGE--Y70T74__ENVCAUSE--ENVCAUSE118,dcid:SouthEasternAsia,2019,794524.1507
dcs:who/AIR_45.AGE--Y70T74__ENVCAUSE--ENVCAUSE114,dcid:SouthEasternAsia,2019,677999.3883
dcs:who/AIR_45.AGE--Y30T34__ENVCAUSE--ENVCAUSE114,dcid:SouthEasternAsia,2019,73684.26961
dcs:who/AIR_45.ENVCAUSE--ENVCAUSE114,dcid:SouthEasternAsia,2019,5339916.015
dcs:who/AIR_45.AGE--Y25T29__ENVCAUSE--ENVCAUSE114,dcid:SouthEasternAsia,2019,47553.29245
dcs:who/AIR_45.AGE--Y40T44__ENVCAUSE--ENVCAUSE118,dcid:SouthEasternAsia,2019,57236.8937
dcs:who/AIR_45.AGE--Y55T59__ENVCAUSE--ENVCAUSE113,dcid:SouthEasternAsia,2019,1745588.056
dcs:who/AIR_45.AGE--Y60T64__ENVCAUSE--ENVCAUSE118,dcid:SouthEasternAsia,2019,654746.8399
dcs:who/AIR_45.AGE--Y35T39__ENVCAUSE--ENVCAUSE114,dcid:SouthEasternAsia,2019,135033.9244
dcs:who/AIR_45.AGE--Y30T34__ENVCAUSE--ENVCAUSE113,dcid:SouthEasternAsia,2019,296116.3066
dcs:who/AIR_45.AGE--Y50T54__ENVCAUSE--ENVCAUSE114,dcid:SouthEasternAsia,2019,513316.5097
dcs:who/AIR_45.AGE--Y40T44__ENVCAUSE--ENVCAUSE114,dcid:SouthEasternAsia,2019,194417.0029
dcs:who/AIR_45.AGE--Y65T69__ENVCAUSE--ENVCAUSE114,dcid:SouthEasternAsia,2019,827052.0097
dcs:who/AIR_45.ENVCAUSE--ENVCAUSE113,dcid:SouthEasternAsia,2019,12668696.18
dcs:who/AIR_45.AGE--Y75T79__ENVCAUSE--ENVCAUSE118,dcid:SouthEasternAsia,2019,661370.5989
dcs:who/AIR_45.AGE--Y60T64__ENVCAUSE--ENVCAUSE114,dcid:SouthEasternAsia,2019,808938.9889
dcs:who/AIR_45.AGE--Y_GE80__ENVCAUSE--ENVCAUSE113,dcid:SouthEasternAsia,2019,1138030.764
dcs:who/AIR_45.AGE--Y45T49__ENVCAUSE--ENVCAUSE118__SEX--M,dcid:SouthernAsia,2019,81047.08385
dcs:who/AIR_45.AGE--Y45T49__ENVCAUSE--ENVCAUSE039__SEX--M,dcid:SouthernAsia,2019,63094.54473
dcs:who/AIR_45.AGE--Y35T39__ENVCAUSE--ENVCAUSE118__SEX--M,dcid:SouthernAsia,2019,23094.85843
dcs:who/AIR_45.AGE--Y75T79__ENVCAUSE--ENVCAUSE114__SEX--M,dcid:SouthernAsia,2019,223296.885
dcs:who/AIR_45.AGE--Y70T74__ENVCAUSE--ENVCAUSE068__SEX--M,dcid:SouthernAsia,2019,46667.37021
dcs:who/AIR_45.AGE--Y60T64__ENVCAUSE--ENVCAUSE118__SEX--M,dcid:SouthernAsia,2019,412170.2272
dcs:who/AIR_45.AGE--Y75T79__ENVCAUSE--ENVCAUSE039__SEX--M,dcid:SouthernAsia,2019,133680.1797
dcs:who/AIR_45.AGE--Y15T19__ENVCAUSE--ENVCAUSE039__SEX--M,dcid:SouthernAsia,2019,32371.5505
dcs:who/AIR_45.AGE--Y30T34__ENVCAUSE--ENVCAUSE118__SEX--M,dcid:SouthernAsia,2019,11637.08942
dcs:who/AIR_45.AGE--Y35T39__ENVCAUSE--ENVCAUSE114__SEX--M,dcid:SouthernAsia,2019,81685.65758
dcs:who/AIR_45.AGE--Y55T59__ENVCAUSE--ENVCAUSE118__SEX--M,dcid:SouthernAsia,2019,277301.9173
dcs:who/AIR_45.AGE--Y70T74__ENVCAUSE--ENVCAUSE118__SEX--M,dcid:SouthernAsia,2019,464441.1709
dcs:who/AIR_45.AGE--Y55T59__ENVCAUSE--ENVCAUSE068__SEX--M,dcid:SouthernAsia,2019,71667.20716
dcs:who/AIR_45.AGE--Y25T29__ENVCAUSE--ENVCAUSE118__SEX--M,dcid:SouthernAsia,2019,7287.97645
dcs:who/AIR_45.AGE--Y40T44__ENVCAUSE--ENVCAUSE118__SEX--M,dcid:SouthernAsia,2019,39798.97788
dcs:who/AIR_45.AGE--Y35T39__ENVCAUSE--ENVCAUSE068__SEX--M,dcid:SouthernAsia,2019,9940.40344
dcs:who/AIR_45.AGE--Y60T64__ENVCAUSE--ENVCAUSE114__SEX--M,dcid:SouthernAsia,2019,378090.1195
dcs:who/AIR_45.AGE--Y40T44__ENVCAUSE--ENVCAUSE114__SEX--M,dcid:SouthernAsia,2019,107391.2633
dcs:who/AIR_45.ENVCAUSE--ENVCAUSE114__SEX--M,dcid:SouthernAsia,2019,2491023.362
dcs:who/AIR_45.AGE--Y60T64__ENVCAUSE--ENVCAUSE068__SEX--M,dcid:SouthernAsia,2019,73327.6197
dcs:who/AIR_45.AGE--Y_GE80__ENVCAUSE--ENVCAUSE039__SEX--M,dcid:SouthernAsia,2019,165129.9783
dcs:who/AIR_45.AGE--Y65T69__ENVCAUSE--ENVCAUSE068__SEX--M,dcid:SouthernAsia,2019,65626.40085
dcs:who/AIR_45.AGE--Y65T69__ENVCAUSE--ENVCAUSE114__SEX--M,dcid:SouthernAsia,2019,386678.0844
dcs:who/AIR_45.ENVCAUSE--ENVCAUSE118__SEX--M,dcid:SouthernAsia,2019,2780211.063
dcs:who/AIR_45.AGE--Y30T34__ENVCAUSE--ENVCAUSE114__SEX--M,dcid:SouthernAsia,2019,50637.56017
dcs:who/AIR_45.AGE--Y50T54__ENVCAUSE--ENVCAUSE068__SEX--M,dcid:SouthernAsia,2019,53090.09041
dcs:who/AIR_45.AGE--Y50T54__ENVCAUSE--ENVCAUSE114__SEX--M,dcid:SouthernAsia,2019,243127.107
dcs:who/AIR_45.AGE--Y5T9__ENVCAUSE--ENVCAUSE039__SEX--M,dcid:SouthernAsia,2019,76177.96952
dcs:who/AIR_45.AGE--Y45T49__ENVCAUSE--ENVCAUSE114__SEX--M,dcid:SouthernAsia,2019,156783.4244
dcs:who/AIR_45.ENVCAUSE--ENVCAUSE068__SEX--M,dcid:SouthernAsia,2019,429296.2543
dcs:who/AIR_45.AGE--Y65T69__ENVCAUSE--ENVCAUSE118__SEX--M,dcid:SouthernAsia,2019,498097.1241
dcs:who/AIR_45.AGE--Y50T54__ENVCAUSE--ENVCAUSE118__SEX--M,dcid:SouthernAsia,2019,163644.0073
dcs:who/AIR_45.AGE--Y65T69__ENVCAUSE--ENVCAUSE039__SEX--M,dcid:SouthernAsia,2019,165999.825
dcs:who/AIR_45.AGE--Y25T29__ENVCAUSE--ENVCAUSE068__SEX--M,dcid:SouthernAsia,2019,3469.5479
dcs:who/AIR_45.AGE--Y30T34__ENVCAUSE--ENVCAUSE068__SEX--M,dcid:SouthernAsia,2019,6001.20736
dcs:who/AIR_45.AGE--Y35T39__ENVCAUSE--ENVCAUSE039__SEX--M,dcid:SouthernAsia,2019,48096.74662
dcs:who/AIR_45.AGE--Y_GE80__ENVCAUSE--ENVCAUSE114__SEX--M,dcid:SouthernAsia,2019,204657.446
dcs:who/AIR_45.AGE--Y_GE80__ENVCAUSE--ENVCAUSE118__SEX--M,dcid:SouthernAsia,2019,419191.1844
dcs:who/AIR_45.AGE--Y25T29__ENVCAUSE--ENVCAUSE039__SEX--M,dcid:SouthernAsia,2019,35728.53289
dcs:who/AIR_45.AGE--Y75T79__ENVCAUSE--ENVCAUSE118__SEX--M,dcid:SouthernAsia,2019,382499.4459
dcs:who/AIR_45.ENVCAUSE--ENVCAUSE039__SEX--M,dcid:SouthernAsia,2019,3486881.754
dcs:who/AIR_45.AGE--Y70T74__ENVCAUSE--ENVCAUSE039__SEX--M,dcid:SouthernAsia,2019,155144.8664
dcs:who/AIR_45.AGE--Y_GE80__ENVCAUSE--ENVCAUSE068__SEX--M,dcid:SouthernAsia,2019,17581.82144
dcs:who/AIR_45.AGE--Y0T4__ENVCAUSE--ENVCAUSE039__SEX--M,dcid:SouthernAsia,2019,2096230.957
dcs:who/AIR_45.AGE--Y60T64__ENVCAUSE--ENVCAUSE039__SEX--M,dcid:SouthernAsia,2019,150172.501
dcs:who/AIR_45.AGE--Y10T14__ENVCAUSE--ENVCAUSE039__SEX--M,dcid:SouthernAsia,2019,55263.84002
dcs:who/AIR_45.AGE--Y30T34__ENVCAUSE--ENVCAUSE039__SEX--M,dcid:SouthernAsia,2019,37921.44766
dcs:who/AIR_45.AGE--Y50T54__ENVCAUSE--ENVCAUSE039__SEX--M,dcid:SouthernAsia,2019,80179.43503
dcs:who/AIR_45.AGE--Y20T24__ENVCAUSE--ENVCAUSE039__SEX--M,dcid:SouthernAsia,2019,31855.61443
dcs:who/AIR_45.AGE--Y40T44__ENVCAUSE--ENVCAUSE039__SEX--M,dcid:SouthernAsia,2019,49303.79456
dcs:who/AIR_45.AGE--Y55T59__ENVCAUSE--ENVCAUSE114__SEX--M,dcid:SouthernAsia,2019,331717.9546
dcs:who/AIR_45.AGE--Y70T74__ENVCAUSE--ENVCAUSE114__SEX--M,dcid:SouthernAsia,2019,296413.7013
dcs:who/AIR_45.AGE--Y55T59__ENVCAUSE--ENVCAUSE039__SEX--M,dcid:SouthernAsia,2019,110529.9702
dcs:who/AIR_45.AGE--Y75T79__ENVCAUSE--ENVCAUSE068__SEX--M,dcid:SouthernAsia,2019,28627.82229
dcs:who/AIR_45.AGE--Y45T49__ENVCAUSE--ENVCAUSE068__SEX--M,dcid:SouthernAsia,2019,35665.04423
dcs:who/AIR_45.AGE--Y40T44__ENVCAUSE--ENVCAUSE068__SEX--M,dcid:SouthernAsia,2019,17631.71934
dcs:who/AIR_45.AGE--Y45T49__ENVCAUSE--ENVCAUSE068__SEX--F,dcid:SouthernAsia,2019,15725.51239
dcs:who/AIR_45.AGE--Y20T24__ENVCAUSE--ENVCAUSE039__SEX--F,dcid:SouthernAsia,2019,29678.2835
dcs:who/AIR_45.AGE--Y50T54__ENVCAUSE--ENVCAUSE118__SEX--F,dcid:SouthernAsia,2019,100341.6214
dcs:who/AIR_45.ENVCAUSE--ENVCAUSE068__SEX--F,dcid:SouthernAsia,2019,174356.8001
dcs:who/AIR_45.AGE--Y25T29__ENVCAUSE--ENVCAUSE039__SEX--F,dcid:SouthernAsia,2019,32736.87379
dcs:who/AIR_45.AGE--Y50T54__ENVCAUSE--ENVCAUSE113__SEX--M,dcid:SouthernAsia,2019,1007535.696
dcs:who/AIR_45.AGE--Y70T74__ENVCAUSE--ENVCAUSE068__SEX--F,dcid:SouthernAsia,2019,17633.97434
dcs:who/AIR_45.AGE--Y30T34__ENVCAUSE--ENVCAUSE039__SEX--F,dcid:SouthernAsia,2019,27505.91798
dcs:who/AIR_45.AGE--Y35T39__ENVCAUSE--ENVCAUSE113__SEX--M,dcid:SouthernAsia,2019,411636.0609
dcs:who/AIR_45.AGE--Y55T59__ENVCAUSE--ENVCAUSE113__SEX--M,dcid:SouthernAsia,2019,1242513.89
dcs:who/AIR_45.SEX--M,dcid:SouthernAsia,2019,17679520.63
dcs:who/AIR_45.AGE--Y5T9__ENVCAUSE--ENVCAUSE039__SEX--F,dcid:SouthernAsia,2019,98248.10088
dcs:who/AIR_45.AGE--Y25T29__ENVCAUSE--ENVCAUSE068__SEX--F,dcid:SouthernAsia,2019,2122.93893
dcs:who/AIR_45.AGE--Y75T79__ENVCAUSE--ENVCAUSE113__SEX--M,dcid:SouthernAsia,2019,558889.2905
dcs:who/AIR_45.ENVCAUSE--ENVCAUSE113__SEX--M,dcid:SouthernAsia,2019,8492108.195
dcs:who/AIR_45.AGE--Y10T14__ENVCAUSE--ENVCAUSE039__SEX--F,dcid:SouthernAsia,2019,61533.35462
dcs:who/AIR_45.AGE--Y45T49__ENVCAUSE--ENVCAUSE118__SEX--F,dcid:SouthernAsia,2019,41450.44178
dcs:who/AIR_45.AGE--Y65T69__ENVCAUSE--ENVCAUSE113__SEX--M,dcid:SouthernAsia,2019,1020857.266
dcs:who/AIR_45.AGE--Y60T64__ENVCAUSE--ENVCAUSE039__SEX--F,dcid:SouthernAsia,2019,141368.3787
dcs:who/AIR_45.AGE--Y55T59__ENVCAUSE--ENVCAUSE118__SEX--F,dcid:SouthernAsia,2019,145330.3827
dcs:who/AIR_45.AGE--Y_GE80__ENVCAUSE--ENVCAUSE118__SEX--F,dcid:SouthernAsia,2019,387277.189
dcs:who/AIR_45.AGE--Y40T44__ENVCAUSE--ENVCAUSE039__SEX--F,dcid:SouthernAsia,2019,42570.2045
dcs:who/AIR_45.AGE--Y75T79__ENVCAUSE--ENVCAUSE068__SEX--F,dcid:SouthernAsia,2019,11444.38952
dcs:who/AIR_45.AGE--Y70T74__ENVCAUSE--ENVCAUSE039__SEX--F,dcid:SouthernAsia,2019,172769.4139
dcs:who/AIR_45.AGE--Y40T44__ENVCAUSE--ENVCAUSE113__SEX--M,dcid:SouthernAsia,2019,543740.6443
dcs:who/AIR_45.AGE--Y60T64__ENVCAUSE--ENVCAUSE068__SEX--F,dcid:SouthernAsia,2019,25505.96308
dcs:who/AIR_45.AGE--Y40T44__ENVCAUSE--ENVCAUSE118__SEX--F,dcid:SouthernAsia,2019,21587.84227
dcs:who/AIR_45.AGE--Y45T49__ENVCAUSE--ENVCAUSE039__SEX--F,dcid:SouthernAsia,2019,44002.3791
dcs:who/AIR_45.AGE--Y65T69__ENVCAUSE--ENVCAUSE118__SEX--F,dcid:SouthernAsia,2019,300807.1192
dcs:who/AIR_45.AGE--Y75T79__ENVCAUSE--ENVCAUSE118__SEX--F,dcid:SouthernAsia,2019,279140.9251
dcs:who/AIR_45.AGE--Y40T44__ENVCAUSE--ENVCAUSE068__SEX--F,dcid:SouthernAsia,2019,11720.89583
dcs:who/AIR_45.AGE--Y75T79__ENVCAUSE--ENVCAUSE039__SEX--F,dcid:SouthernAsia,2019,132067.8453
dcs:who/AIR_45.AGE--Y65T69__ENVCAUSE--ENVCAUSE039__SEX--F,dcid:SouthernAsia,2019,175063.3343
dcs:who/AIR_45.AGE--Y45T49__ENVCAUSE--ENVCAUSE113__SEX--M,dcid:SouthernAsia,2019,792844.1989
dcs:who/AIR_45.AGE--Y0T4__ENVCAUSE--ENVCAUSE039__SEX--F,dcid:SouthernAsia,2019,1753645.243
dcs:who/AIR_45.AGE--Y50T54__ENVCAUSE--ENVCAUSE068__SEX--F,dcid:SouthernAsia,2019,24096.96733
dcs:who/AIR_45.AGE--Y35T39__ENVCAUSE--ENVCAUSE039__SEX--F,dcid:SouthernAsia,2019,41714.20092
dcs:who/AIR_45.AGE--Y70T74__ENVCAUSE--ENVCAUSE113__SEX--M,dcid:SouthernAsia,2019,760263.3781
dcs:who/AIR_45.AGE--Y_GE80__ENVCAUSE--ENVCAUSE068__SEX--F,dcid:SouthernAsia,2019,8955.26668
dcs:who/AIR_45.AGE--Y30T34__ENVCAUSE--ENVCAUSE068__SEX--F,dcid:SouthernAsia,2019,4121.0158
dcs:who/AIR_45.AGE--Y35T39__ENVCAUSE--ENVCAUSE068__SEX--F,dcid:SouthernAsia,2019,6902.59622
dcs:who/AIR_45.AGE--Y25T29__ENVCAUSE--ENVCAUSE114__SEX--M,dcid:SouthernAsia,2019,30544.15904
dcs:who/AIR_45.ENVCAUSE--ENVCAUSE039__SEX--F,dcid:SouthernAsia,2019,3126146.241
dcs:who/AIR_45.AGE--Y55T59__ENVCAUSE--ENVCAUSE068__SEX--F,dcid:SouthernAsia,2019,24372.17505
dcs:who/AIR_45.AGE--Y60T64__ENVCAUSE--ENVCAUSE118__SEX--F,dcid:SouthernAsia,2019,245549.4947
dcs:who/AIR_45.AGE--Y65T69__ENVCAUSE--ENVCAUSE068__SEX--F,dcid:SouthernAsia,2019,21755.10494
dcs:who/AIR_45.ENVCAUSE--ENVCAUSE118__SEX--F,dcid:SouthernAsia,2019,1879955.612
dcs:who/AIR_45.AGE--Y60T64__ENVCAUSE--ENVCAUSE113__SEX--M,dcid:SouthernAsia,2019,1161742.369
dcs:who/AIR_45.AGE--Y15T19__ENVCAUSE--ENVCAUSE039__SEX--F,dcid:SouthernAsia,2019,31072.99184
dcs:who/AIR_45.AGE--Y55T59__ENVCAUSE--ENVCAUSE039__SEX--F,dcid:SouthernAsia,2019,91835.37909
dcs:who/AIR_45.AGE--Y25T29__ENVCAUSE--ENVCAUSE113__SEX--M,dcid:SouthernAsia,2019,134608.5953
dcs:who/AIR_45.AGE--Y_GE80__ENVCAUSE--ENVCAUSE039__SEX--F,dcid:SouthernAsia,2019,170826.8528
dcs:who/AIR_45.AGE--Y50T54__ENVCAUSE--ENVCAUSE039__SEX--F,dcid:SouthernAsia,2019,79507.48679
dcs:who/AIR_45.AGE--Y_GE80__ENVCAUSE--ENVCAUSE113__SEX--M,dcid:SouthernAsia,2019,599103.9191
dcs:who/AIR_45.AGE--Y70T74__ENVCAUSE--ENVCAUSE118__SEX--F,dcid:SouthernAsia,2019,332746.6827
dcs:who/AIR_45.AGE--Y30T34__ENVCAUSE--ENVCAUSE113__SEX--M,dcid:SouthernAsia,2019,258372.8867
dcs:who/AIR_45.AGE--Y60T64__ENVCAUSE--ENVCAUSE114__SEX--F,dcid:SouthernAsia,2019,323915.1099
dcs:who/AIR_45.AGE--Y75T79__ENVCAUSE--ENVCAUSE039,dcid:SouthernAsia,2019,265748.025
dcs:who/AIR_45.AGE--Y60T64__ENVCAUSE--ENVCAUSE113__SEX--F,dcid:SouthernAsia,2019,655782.8839
dcs:who/AIR_45.AGE--Y50T54__ENVCAUSE--ENVCAUSE113__SEX--F,dcid:SouthernAsia,2019,500464.7767
dcs:who/AIR_45.AGE--Y55T59__ENVCAUSE--ENVCAUSE039,dcid:SouthernAsia,2019,202365.3493
dcs:who/AIR_45.AGE--Y25T29__ENVCAUSE--ENVCAUSE118__SEX--F,dcid:SouthernAsia,2019,4967.09648
dcs:who/AIR_45.AGE--Y_GE80__ENVCAUSE--ENVCAUSE114__SEX--F,dcid:SouthernAsia,2019,233473.548
dcs:who/AIR_45.AGE--Y15T19__ENVCAUSE--ENVCAUSE039,dcid:SouthernAsia,2019,63444.54234
dcs:who/AIR_45.SEX--F,dcid:SouthernAsia,2019,12215699.15
dcs:who/AIR_45.AGE--Y35T39__ENVCAUSE--ENVCAUSE068,dcid:SouthernAsia,2019,16842.99966
dcs:who/AIR_45.AGE--Y20T24__ENVCAUSE--ENVCAUSE039,dcid:SouthernAsia,2019,61533.89793
dcs:who/AIR_45.AGE--Y35T39__ENVCAUSE--ENVCAUSE118__SEX--F,dcid:SouthernAsia,2019,13130.99507
dcs:who/AIR_45.AGE--Y25T29__ENVCAUSE--ENVCAUSE068,dcid:SouthernAsia,2019,5592.48683
dcs:who/AIR_45.AGE--Y35T39__ENVCAUSE--ENVCAUSE113__SEX--F,dcid:SouthernAsia,2019,162699.3487
dcs:who/AIR_45.AGE--Y25T29__ENVCAUSE--ENVCAUSE039,dcid:SouthernAsia,2019,68465.40667
dcs:who/AIR_45.AGE--Y30T34__ENVCAUSE--ENVCAUSE039,dcid:SouthernAsia,2019,65427.36564
dcs:who/AIR_45.AGE--Y75T79__ENVCAUSE--ENVCAUSE114__SEX--F,dcid:SouthernAsia,2019,231425.0874
dcs:who/AIR_45.AGE--Y35T39__ENVCAUSE--ENVCAUSE039,dcid:SouthernAsia,2019,89810.94755
dcs:who/AIR_45.AGE--Y40T44__ENVCAUSE--ENVCAUSE039,dcid:SouthernAsia,2019,91873.99907
dcs:who/AIR_45.AGE--Y40T44__ENVCAUSE--ENVCAUSE114__SEX--F,dcid:SouthernAsia,2019,81871.9968
dcs:who/AIR_45.AGE--Y25T29__ENVCAUSE--ENVCAUSE114__SEX--F,dcid:SouthernAsia,2019,22928.47075
dcs:who/AIR_45.ENVCAUSE--ENVCAUSE114__SEX--F,dcid:SouthernAsia,2019,2175139.578
dcs:who/AIR_45.AGE--Y65T69__ENVCAUSE--ENVCAUSE039,dcid:SouthernAsia,2019,341063.1594
dcs:who/AIR_45.AGE--Y55T59__ENVCAUSE--ENVCAUSE068,dcid:SouthernAsia,2019,96039.38221
dcs:who/AIR_45.AGE--Y70T74__ENVCAUSE--ENVCAUSE113__SEX--F,dcid:SouthernAsia,2019,567441.63
dcs:who/AIR_45.AGE--Y70T74__ENVCAUSE--ENVCAUSE068,dcid:SouthernAsia,2019,64301.34455
dcs:who/AIR_45.AGE--Y65T69__ENVCAUSE--ENVCAUSE113__SEX--F,dcid:SouthernAsia,2019,651057.573
dcs:who/AIR_45.AGE--Y45T49__ENVCAUSE--ENVCAUSE039,dcid:SouthernAsia,2019,107096.9238
dcs:who/AIR_45.ENVCAUSE--ENVCAUSE068,dcid:SouthernAsia,2019,603653.0544
dcs:who/AIR_45.AGE--Y55T59__ENVCAUSE--ENVCAUSE114__SEX--F,dcid:SouthernAsia,2019,249220.6188
dcs:who/AIR_45.AGE--Y55T59__ENVCAUSE--ENVCAUSE113__SEX--F,dcid:SouthernAsia,2019,590616.1809
dcs:who/AIR_45.AGE--Y70T74__ENVCAUSE--ENVCAUSE114__SEX--F,dcid:SouthernAsia,2019,284968.9134
dcs:who/AIR_45.AGE--Y45T49__ENVCAUSE--ENVCAUSE068,dcid:SouthernAsia,2019,51390.55662
dcs:who/AIR_45.AGE--Y65T69__ENVCAUSE--ENVCAUSE068,dcid:SouthernAsia,2019,87381.50578
dcs:who/AIR_45.AGE--Y50T54__ENVCAUSE--ENVCAUSE039,dcid:SouthernAsia,2019,159686.9218
dcs:who/AIR_45.AGE--Y50T54__ENVCAUSE--ENVCAUSE114__SEX--F,dcid:SouthernAsia,2019,210517.9041
dcs:who/AIR_45.AGE--Y70T74__ENVCAUSE--ENVCAUSE039,dcid:SouthernAsia,2019,327914.2803
dcs:who/AIR_45.AGE--Y75T79__ENVCAUSE--ENVCAUSE068,dcid:SouthernAsia,2019,40072.21181
dcs:who/AIR_45.AGE--Y_GE80__ENVCAUSE--ENVCAUSE068,dcid:SouthernAsia,2019,26537.08812
dcs:who/AIR_45.ENVCAUSE--ENVCAUSE113__SEX--F,dcid:SouthernAsia,2019,4860100.923
dcs:who/AIR_45.AGE--Y_GE80__ENVCAUSE--ENVCAUSE113__SEX--F,dcid:SouthernAsia,2019,531172.9047
dcs:who/AIR_45.AGE--Y25T29__ENVCAUSE--ENVCAUSE113__SEX--F,dcid:SouthernAsia,2019,66312.75058
dcs:who/AIR_45.AGE--Y60T64__ENVCAUSE--ENVCAUSE068,dcid:SouthernAsia,2019,98833.58278
dcs:who/AIR_45.AGE--Y30T34__ENVCAUSE--ENVCAUSE068,dcid:SouthernAsia,2019,10122.22316
dcs:who/AIR_45.AGE--Y5T9__ENVCAUSE--ENVCAUSE039,dcid:SouthernAsia,2019,174426.0704
dcs:who/AIR_45.ENVCAUSE--ENVCAUSE039,dcid:SouthernAsia,2019,6613027.995
dcs:who/AIR_45.AGE--Y75T79__ENVCAUSE--ENVCAUSE113__SEX--F,dcid:SouthernAsia,2019,468177.4607
dcs:who/AIR_45.AGE--Y10T14__ENVCAUSE--ENVCAUSE039,dcid:SouthernAsia,2019,116797.1946
dcs:who/AIR_45.AGE--Y30T34__ENVCAUSE--ENVCAUSE114__SEX--F,dcid:SouthernAsia,2019,31536.42592
dcs:who/AIR_45.AGE--Y40T44__ENVCAUSE--ENVCAUSE113__SEX--F,dcid:SouthernAsia,2019,246011.3488
dcs:who/AIR_45.AGE--Y40T44__ENVCAUSE--ENVCAUSE068,dcid:SouthernAsia,2019,29352.61517
dcs:who/AIR_45.AGE--Y45T49__ENVCAUSE--ENVCAUSE114__SEX--F,dcid:SouthernAsia,2019,121399.4682
dcs:who/AIR_45.AGE--Y_GE80__ENVCAUSE--ENVCAUSE039,dcid:SouthernAsia,2019,335956.8311
dcs:who/AIR_45.AGE--Y35T39__ENVCAUSE--ENVCAUSE114__SEX--F,dcid:SouthernAsia,2019,52142.11455
dcs:who/AIR_45.AGE--Y45T49__ENVCAUSE--ENVCAUSE113__SEX--F,dcid:SouthernAsia,2019,321546.4787
dcs:who/AIR_45.AGE--Y30T34__ENVCAUSE--ENVCAUSE118__SEX--F,dcid:SouthernAsia,2019,7625.82198
dcs:who/AIR_45.AGE--Y0T4__ENVCAUSE--ENVCAUSE039,dcid:SouthernAsia,2019,3849876.2
dcs:who/AIR_45.AGE--Y60T64__ENVCAUSE--ENVCAUSE039,dcid:SouthernAsia,2019,291540.8797
dcs:who/AIR_45.AGE--Y50T54__ENVCAUSE--ENVCAUSE068,dcid:SouthernAsia,2019,77187.05774
dcs:who/AIR_45.AGE--Y65T69__ENVCAUSE--ENVCAUSE114__SEX--F,dcid:SouthernAsia,2019,331739.9201
dcs:who/AIR_45.AGE--Y30T34__ENVCAUSE--ENVCAUSE113__SEX--F,dcid:SouthernAsia,2019,98817.58663
dcs:who/AIR_45.AGE--Y55T59__ENVCAUSE--ENVCAUSE118,dcid:SouthernAsia,2019,422632.3
dcs:who/AIR_45.AGE--Y50T54__ENVCAUSE--ENVCAUSE118,dcid:SouthernAsia,2019,263985.6287
dcs:who/AIR_45.AGE--Y50T54__ENVCAUSE--ENVCAUSE113,dcid:SouthernAsia,2019,1508000.473
dcs:who/AIR_45.ENVCAUSE--ENVCAUSE114,dcid:SouthernAsia,2019,4666162.94
dcs:who/AIR_45.AGE--Y40T44__ENVCAUSE--ENVCAUSE113,dcid:SouthernAsia,2019,789751.9931
dcs:who/AIR_45.AGE--Y55T59__ENVCAUSE--ENVCAUSE113,dcid:SouthernAsia,2019,1833130.071
dcs:who/AIR_45.AGE--Y40T44__ENVCAUSE--ENVCAUSE114,dcid:SouthernAsia,2019,189263.2601
dcs:who/AIR_45.AGE--Y75T79__ENVCAUSE--ENVCAUSE113,dcid:SouthernAsia,2019,1027066.751
dcs:who/AIR_45.AGE--Y60T64__ENVCAUSE--ENVCAUSE113,dcid:SouthernAsia,2019,1817525.253
dcs:who/AIR_45.AGE--Y45T49__ENVCAUSE--ENVCAUSE113,dcid:SouthernAsia,2019,1114390.678
dcs:who/AIR_45.AGE--Y35T39__ENVCAUSE--ENVCAUSE118,dcid:SouthernAsia,2019,36225.8535
dcs:who/AIR_45.AGE--Y30T34__ENVCAUSE--ENVCAUSE118,dcid:SouthernAsia,2019,19262.91139
dcs:who/AIR_45.ENVCAUSE--ENVCAUSE113,dcid:SouthernAsia,2019,13352209.12
dcs:who/AIR_45.AGE--Y60T64__ENVCAUSE--ENVCAUSE118,dcid:SouthernAsia,2019,657719.7219
dcs:who/AIR_45.AGE--Y_GE80__ENVCAUSE--ENVCAUSE114,dcid:SouthernAsia,2019,438130.994
dcs:who/AIR_45.AGE--Y40T44__ENVCAUSE--ENVCAUSE118,dcid:SouthernAsia,2019,61386.82016
dcs:who/AIR_45.AGE--Y50T54__ENVCAUSE--ENVCAUSE114,dcid:SouthernAsia,2019,453645.0112
dcs:who/AIR_45.AGE--Y65T69__ENVCAUSE--ENVCAUSE113,dcid:SouthernAsia,2019,1671914.839
dcs:who/AIR_45.AGE--Y25T29__ENVCAUSE--ENVCAUSE118,dcid:SouthernAsia,2019,12255.07293
dcs:who/AIR_45.AGE--Y70T74__ENVCAUSE--ENVCAUSE118,dcid:SouthernAsia,2019,797187.8536
dcs:who/AIR_45.AGE--Y_GE80__ENVCAUSE--ENVCAUSE113,dcid:SouthernAsia,2019,1130276.824
dcs:who/AIR_45.AGE--Y70T74__ENVCAUSE--ENVCAUSE114,dcid:SouthernAsia,2019,581382.6147
dcs:who/AIR_45.AGE--Y75T79__ENVCAUSE--ENVCAUSE118,dcid:SouthernAsia,2019,661640.371
dcs:who/AIR_45.AGE--Y65T69__ENVCAUSE--ENVCAUSE118,dcid:SouthernAsia,2019,798904.2433
dcs:who/AIR_45.AGE--Y60T64__ENVCAUSE--ENVCAUSE114,dcid:SouthernAsia,2019,702005.2294
dcs:who/AIR_45,dcid:SouthernAsia,2019,29895219.78
dcs:who/AIR_45.AGE--Y30T34__ENVCAUSE--ENVCAUSE114,dcid:SouthernAsia,2019,82173.98609
dcs:who/AIR_45.AGE--Y_GE80__ENVCAUSE--ENVCAUSE118,dcid:SouthernAsia,2019,806468.3734
dcs:who/AIR_45.AGE--Y45T49__ENVCAUSE--ENVCAUSE118,dcid:SouthernAsia,2019,122497.5256
dcs:who/AIR_45.AGE--Y25T29__ENVCAUSE--ENVCAUSE114,dcid:SouthernAsia,2019,53472.62979
dcs:who/AIR_45.AGE--Y35T39__ENVCAUSE--ENVCAUSE114,dcid:SouthernAsia,2019,133827.7721
dcs:who/AIR_45.AGE--Y70T74__ENVCAUSE--ENVCAUSE113,dcid:SouthernAsia,2019,1327705.008
dcs:who/AIR_45.ENVCAUSE--ENVCAUSE118,dcid:SouthernAsia,2019,4660166.676
dcs:who/AIR_45.AGE--Y25T29__ENVCAUSE--ENVCAUSE113,dcid:SouthernAsia,2019,200921.3459
dcs:who/AIR_45.AGE--Y35T39__ENVCAUSE--ENVCAUSE113,dcid:SouthernAsia,2019,574335.4096
dcs:who/AIR_45.AGE--Y55T59__ENVCAUSE--ENVCAUSE114,dcid:SouthernAsia,2019,580938.5734
dcs:who/AIR_45.AGE--Y45T49__ENVCAUSE--ENVCAUSE114,dcid:SouthernAsia,2019,278182.8926
dcs:who/AIR_45.AGE--Y30T34__ENVCAUSE--ENVCAUSE113,dcid:SouthernAsia,2019,357190.4733
dcs:who/AIR_45.AGE--Y65T69__ENVCAUSE--ENVCAUSE114,dcid:SouthernAsia,2019,718418.0045
dcs:who/AIR_45.AGE--Y75T79__ENVCAUSE--ENVCAUSE114,dcid:SouthernAsia,2019,454721.9724
dcs:who/AIR_45.AGE--Y55T59__ENVCAUSE--ENVCAUSE118__SEX--M,dcid:SubSaharanAfrica,2019,25278.1828
dcs:who/AIR_45.AGE--Y0T4__ENVCAUSE--ENVCAUSE039__SEX--M,dcid:SubSaharanAfrica,2019,4218099.448
dcs:who/AIR_45.ENVCAUSE--ENVCAUSE039__SEX--M,dcid:SubSaharanAfrica,2019,5678600.985
dcs:who/AIR_45.AGE--Y5T9__ENVCAUSE--ENVCAUSE039__SEX--M,dcid:SubSaharanAfrica,2019,230151.1053
dcs:who/AIR_45.AGE--Y30T34__ENVCAUSE--ENVCAUSE068__SEX--M,dcid:SubSaharanAfrica,2019,646.96935
dcs:who/AIR_45.AGE--Y30T34__ENVCAUSE--ENVCAUSE039__SEX--M,dcid:SubSaharanAfrica,2019,59401.1346
dcs:who/AIR_45.AGE--Y60T64__ENVCAUSE--ENVCAUSE118__SEX--M,dcid:SubSaharanAfrica,2019,34330.85308
dcs:who/AIR_45.AGE--Y35T39__ENVCAUSE--ENVCAUSE039__SEX--M,dcid:SubSaharanAfrica,2019,67752.37277
dcs:who/AIR_45.AGE--Y65T69__ENVCAUSE--ENVCAUSE068__SEX--M,dcid:SubSaharanAfrica,2019,4411.83887
dcs:who/AIR_45.ENVCAUSE--ENVCAUSE118__SEX--M,dcid:SubSaharanAfrica,2019,234802.4535
dcs:who/AIR_45.AGE--Y_GE80__ENVCAUSE--ENVCAUSE068__SEX--M,dcid:SubSaharanAfrica,2019,991.66147
dcs:who/AIR_45.AGE--Y45T49__ENVCAUSE--ENVCAUSE068__SEX--M,dcid:SubSaharanAfrica,2019,4443.15925
dcs:who/AIR_45.AGE--Y55T59__ENVCAUSE--ENVCAUSE039__SEX--M,dcid:SubSaharanAfrica,2019,111205.2181
dcs:who/AIR_45.AGE--Y45T49__ENVCAUSE--ENVCAUSE039__SEX--M,dcid:SubSaharanAfrica,2019,91975.70372
dcs:who/AIR_45.AGE--Y40T44__ENVCAUSE--ENVCAUSE068__SEX--M,dcid:SubSaharanAfrica,2019,2703.99904
dcs:who/AIR_45.AGE--Y25T29__ENVCAUSE--ENVCAUSE039__SEX--M,dcid:SubSaharanAfrica,2019,53361.29896
dcs:who/AIR_45.AGE--Y25T29__ENVCAUSE--ENVCAUSE068__SEX--M,dcid:SubSaharanAfrica,2019,314.33955
dcs:who/AIR_45.AGE--Y45T49__ENVCAUSE--ENVCAUSE118__SEX--M,dcid:SubSaharanAfrica,2019,11645.28266
dcs:who/AIR_45.AGE--Y_GE80__ENVCAUSE--ENVCAUSE039__SEX--M,dcid:SubSaharanAfrica,2019,57800.81968
dcs:who/AIR_45.AGE--Y35T39__ENVCAUSE--ENVCAUSE118__SEX--M,dcid:SubSaharanAfrica,2019,4447.66346
dcs:who/AIR_45.AGE--Y40T44__ENVCAUSE--ENVCAUSE118__SEX--M,dcid:SubSaharanAfrica,2019,8134.68846
dcs:who/AIR_45.AGE--Y40T44__ENVCAUSE--ENVCAUSE039__SEX--M,dcid:SubSaharanAfrica,2019,74444.86384
dcs:who/AIR_45.AGE--Y70T74__ENVCAUSE--ENVCAUSE118__SEX--M,dcid:SubSaharanAfrica,2019,41194.63559
dcs:who/AIR_45.AGE--Y75T79__ENVCAUSE--ENVCAUSE118__SEX--M,dcid:SubSaharanAfrica,2019,25711.741
dcs:who/AIR_45.AGE--Y70T74__ENVCAUSE--ENVCAUSE039__SEX--M,dcid:SubSaharanAfrica,2019,103336.3046
dcs:who/AIR_45.AGE--Y15T19__ENVCAUSE--ENVCAUSE039__SEX--M,dcid:SubSaharanAfrica,2019,43184.99466
dcs:who/AIR_45.AGE--Y50T54__ENVCAUSE--ENVCAUSE039__SEX--M,dcid:SubSaharanAfrica,2019,95822.30572
dcs:who/AIR_45.AGE--Y_GE80__ENVCAUSE--ENVCAUSE118__SEX--M,dcid:SubSaharanAfrica,2019,18894.17376
dcs:who/AIR_45.AGE--Y60T64__ENVCAUSE--ENVCAUSE068__SEX--M,dcid:SubSaharanAfrica,2019,5470.51008
dcs:who/AIR_45.AGE--Y75T79__ENVCAUSE--ENVCAUSE068__SEX--M,dcid:SubSaharanAfrica,2019,1798.54578
dcs:who/AIR_45.AGE--Y75T79__ENVCAUSE--ENVCAUSE039__SEX--M,dcid:SubSaharanAfrica,2019,73009.46952
dcs:who/AIR_45.AGE--Y50T54__ENVCAUSE--ENVCAUSE068__SEX--M,dcid:SubSaharanAfrica,2019,5566.2453
dcs:who/AIR_45.AGE--Y60T64__ENVCAUSE--ENVCAUSE039__SEX--M,dcid:SubSaharanAfrica,2019,119829.8429
dcs:who/AIR_45.AGE--Y10T14__ENVCAUSE--ENVCAUSE039__SEX--M,dcid:SubSaharanAfrica,2019,120720.2929
dcs:who/AIR_45.AGE--Y55T59__ENVCAUSE--ENVCAUSE068__SEX--M,dcid:SubSaharanAfrica,2019,5918.47595
dcs:who/AIR_45.AGE--Y35T39__ENVCAUSE--ENVCAUSE068__SEX--M,dcid:SubSaharanAfrica,2019,1128.48021
dcs:who/AIR_45.AGE--Y70T74__ENVCAUSE--ENVCAUSE068__SEX--M,dcid:SubSaharanAfrica,2019,3041.07866
dcs:who/AIR_45.ENVCAUSE--ENVCAUSE068__SEX--M,dcid:SubSaharanAfrica,2019,36435.30351
dcs:who/AIR_45.AGE--Y65T69__ENVCAUSE--ENVCAUSE118__SEX--M,dcid:SubSaharanAfrica,2019,38492.39307
dcs:who/AIR_45.AGE--Y20T24__ENVCAUSE--ENVCAUSE039__SEX--M,dcid:SubSaharanAfrica,2019,45690.1453
dcs:who/AIR_45.AGE--Y50T54__ENVCAUSE--ENVCAUSE118__SEX--M,dcid:SubSaharanAfrica,2019,19145.85629
dcs:who/AIR_45.AGE--Y65T69__ENVCAUSE--ENVCAUSE039__SEX--M,dcid:SubSaharanAfrica,2019,112815.6647
dcs:who/AIR_45.AGE--Y25T29__ENVCAUSE--ENVCAUSE068__SEX--F,dcid:SubSaharanAfrica,2019,236.99751
dcs:who/AIR_45.AGE--Y_GE80__ENVCAUSE--ENVCAUSE113__SEX--M,dcid:SubSaharanAfrica,2019,63979.72904
dcs:who/AIR_45.AGE--Y40T44__ENVCAUSE--ENVCAUSE113__SEX--M,dcid:SubSaharanAfrica,2019,67920.24019
dcs:who/AIR_45.AGE--Y_GE80__ENVCAUSE--ENVCAUSE039__SEX--F,dcid:SubSaharanAfrica,2019,64798.82732
dcs:who/AIR_45.AGE--Y40T44__ENVCAUSE--ENVCAUSE039__SEX--F,dcid:SubSaharanAfrica,2019,47580.74892
dcs:who/AIR_45.AGE--Y40T44__ENVCAUSE--ENVCAUSE114__SEX--M,dcid:SubSaharanAfrica,2019,46846.86212
dcs:who/AIR_45.AGE--Y55T59__ENVCAUSE--ENVCAUSE113__SEX--M,dcid:SubSaharanAfrica,2019,155354.6583
dcs:who/AIR_45.AGE--Y50T54__ENVCAUSE--ENVCAUSE068__SEX--F,dcid:SubSaharanAfrica,2019,3048.26779
dcs:who/AIR_45.AGE--Y35T39__ENVCAUSE--ENVCAUSE039__SEX--F,dcid:SubSaharanAfrica,2019,48154.0057
dcs:who/AIR_45.AGE--Y35T39__ENVCAUSE--ENVCAUSE113__SEX--M,dcid:SubSaharanAfrica,2019,47468.77696
dcs:who/AIR_45.AGE--Y55T59__ENVCAUSE--ENVCAUSE039__SEX--F,dcid:SubSaharanAfrica,2019,69082.88507
dcs:who/AIR_45.AGE--Y75T79__ENVCAUSE--ENVCAUSE114__SEX--M,dcid:SubSaharanAfrica,2019,57902.09672
dcs:who/AIR_45.AGE--Y30T34__ENVCAUSE--ENVCAUSE118__SEX--M,dcid:SubSaharanAfrica,2019,4390.27016
dcs:who/AIR_45.AGE--Y_GE80__ENVCAUSE--ENVCAUSE114__SEX--M,dcid:SubSaharanAfrica,2019,40408.17426
dcs:who/AIR_45.AGE--Y50T54__ENVCAUSE--ENVCAUSE039__SEX--F,dcid:SubSaharanAfrica,2019,63154.85374
dcs:who/AIR_45.AGE--Y25T29__ENVCAUSE--ENVCAUSE118__SEX--M,dcid:SubSaharanAfrica,2019,3136.71313
dcs:who/AIR_45.AGE--Y75T79__ENVCAUSE--ENVCAUSE039__SEX--F,dcid:SubSaharanAfrica,2019,68694.83598
dcs:who/AIR_45.AGE--Y45T49__ENVCAUSE--ENVCAUSE039__SEX--F,dcid:SubSaharanAfrica,2019,45157.67858
dcs:who/AIR_45.AGE--Y30T34__ENVCAUSE--ENVCAUSE113__SEX--M,dcid:SubSaharanAfrica,2019,28597.28574
dcs:who/AIR_45.AGE--Y70T74__ENVCAUSE--ENVCAUSE113__SEX--M,dcid:SubSaharanAfrica,2019,140095.0615
dcs:who/AIR_45.AGE--Y70T74__ENVCAUSE--ENVCAUSE114__SEX--M,dcid:SubSaharanAfrica,2019,86382.62375
dcs:who/AIR_45.AGE--Y50T54__ENVCAUSE--ENVCAUSE114__SEX--M,dcid:SubSaharanAfrica,2019,80680.368
dcs:who/AIR_45.AGE--Y65T69__ENVCAUSE--ENVCAUSE039__SEX--F,dcid:SubSaharanAfrica,2019,83565.82905
dcs:who/AIR_45.ENVCAUSE--ENVCAUSE114__SEX--M,dcid:SubSaharanAfrica,2019,742590.4268
dcs:who/AIR_45.AGE--Y40T44__ENVCAUSE--ENVCAUSE068__SEX--F,dcid:SubSaharanAfrica,2019,1738.28895
dcs:who/AIR_45.AGE--Y45T49__ENVCAUSE--ENVCAUSE068__SEX--F,dcid:SubSaharanAfrica,2019,2628.15642
dcs:who/AIR_45.AGE--Y60T64__ENVCAUSE--ENVCAUSE113__SEX--M,dcid:SubSaharanAfrica,2019,167057.9102
dcs:who/AIR_45.ENVCAUSE--ENVCAUSE113__SEX--M,dcid:SubSaharanAfrica,2019,1166222.125
dcs:who/AIR_45.AGE--Y20T24__ENVCAUSE--ENVCAUSE039__SEX--F,dcid:SubSaharanAfrica,2019,35367.69492
dcs:who/AIR_45.AGE--Y70T74__ENVCAUSE--ENVCAUSE068__SEX--F,dcid:SubSaharanAfrica,2019,1770.92621
dcs:who/AIR_45.AGE--Y55T59__ENVCAUSE--ENVCAUSE114__SEX--M,dcid:SubSaharanAfrica,2019,91200.05675
dcs:who/AIR_45.AGE--Y50T54__ENVCAUSE--ENVCAUSE113__SEX--M,dcid:SubSaharanAfrica,2019,130270.893
dcs:who/AIR_45.AGE--Y25T29__ENVCAUSE--ENVCAUSE113__SEX--M,dcid:SubSaharanAfrica,2019,14558.01191
dcs:who/AIR_45.AGE--Y65T69__ENVCAUSE--ENVCAUSE113__SEX--M,dcid:SubSaharanAfrica,2019,163478.7189
dcs:who/AIR_45.AGE--Y45T49__ENVCAUSE--ENVCAUSE114__SEX--M,dcid:SubSaharanAfrica,2019,58213.01121
dcs:who/AIR_45.AGE--Y25T29__ENVCAUSE--ENVCAUSE114__SEX--M,dcid:SubSaharanAfrica,2019,15435.49128
dcs:who/AIR_45.AGE--Y70T74__ENVCAUSE--ENVCAUSE039__SEX--F,dcid:SubSaharanAfrica,2019,87869.39974
dcs:who/AIR_45.AGE--Y55T59__ENVCAUSE--ENVCAUSE068__SEX--F,dcid:SubSaharanAfrica,2019,3188.7263
dcs:who/AIR_45.AGE--Y30T34__ENVCAUSE--ENVCAUSE039__SEX--F,dcid:SubSaharanAfrica,2019,47787.02576
dcs:who/AIR_45.AGE--Y65T69__ENVCAUSE--ENVCAUSE068__SEX--F,dcid:SubSaharanAfrica,2019,2435.28474
dcs:who/AIR_45.AGE--Y25T29__ENVCAUSE--ENVCAUSE039__SEX--F,dcid:SubSaharanAfrica,2019,43863.96895
dcs:who/AIR_45.AGE--Y35T39__ENVCAUSE--ENVCAUSE068__SEX--F,dcid:SubSaharanAfrica,2019,1053.58004
dcs:who/AIR_45.AGE--Y60T64__ENVCAUSE--ENVCAUSE039__SEX--F,dcid:SubSaharanAfrica,2019,79295.85491
dcs:who/AIR_45.AGE--Y60T64__ENVCAUSE--ENVCAUSE114__SEX--M,dcid:SubSaharanAfrica,2019,115416.1481
dcs:who/AIR_45.AGE--Y65T69__ENVCAUSE--ENVCAUSE114__SEX--M,dcid:SubSaharanAfrica,2019,105614.9378
dcs:who/AIR_45.AGE--Y35T39__ENVCAUSE--ENVCAUSE114__SEX--M,dcid:SubSaharanAfrica,2019,25566.11286
dcs:who/AIR_45.AGE--Y75T79__ENVCAUSE--ENVCAUSE068__SEX--F,dcid:SubSaharanAfrica,2019,1104.40557
dcs:who/AIR_45.AGE--Y_GE80__ENVCAUSE--ENVCAUSE068__SEX--F,dcid:SubSaharanAfrica,2019,740.66433
dcs:who/AIR_45.ENVCAUSE--ENVCAUSE068__SEX--F,dcid:SubSaharanAfrica,2019,21663.15899
dcs:who/AIR_45.AGE--Y45T49__ENVCAUSE--ENVCAUSE113__SEX--M,dcid:SubSaharanAfrica,2019,102348.7917
dcs:who/AIR_45.AGE--Y30T34__ENVCAUSE--ENVCAUSE114__SEX--M,dcid:SubSaharanAfrica,2019,18924.54398
dcs:who/AIR_45.AGE--Y75T79__ENVCAUSE--ENVCAUSE113__SEX--M,dcid:SubSaharanAfrica,2019,85092.04788
dcs:who/AIR_45.ENVCAUSE--ENVCAUSE039__SEX--F,dcid:SubSaharanAfrica,2019,4369261.443
dcs:who/AIR_45.AGE--Y60T64__ENVCAUSE--ENVCAUSE068__SEX--F,dcid:SubSaharanAfrica,2019,3275.73828
dcs:who/AIR_45.AGE--Y30T34__ENVCAUSE--ENVCAUSE068__SEX--F,dcid:SubSaharanAfrica,2019,442.12286
dcs:who/AIR_45.SEX--M,dcid:SubSaharanAfrica,2019,7858651.294
dcs:who/AIR_45.ENVCAUSE--ENVCAUSE068,dcid:SubSaharanAfrica,2019,58098.4625
dcs:who/AIR_45.AGE--Y55T59__ENVCAUSE--ENVCAUSE114__SEX--F,dcid:SubSaharanAfrica,2019,79489.40291
dcs:who/AIR_45.AGE--Y50T54__ENVCAUSE--ENVCAUSE114__SEX--F,dcid:SubSaharanAfrica,2019,69088.22654
dcs:who/AIR_45.AGE--Y75T79__ENVCAUSE--ENVCAUSE113__SEX--F,dcid:SubSaharanAfrica,2019,109284.9023
dcs:who/AIR_45.AGE--Y40T44__ENVCAUSE--ENVCAUSE113__SEX--F,dcid:SubSaharanAfrica,2019,30665.01357
dcs:who/AIR_45.AGE--Y55T59__ENVCAUSE--ENVCAUSE068,dcid:SubSaharanAfrica,2019,9107.20225
dcs:who/AIR_45.AGE--Y60T64__ENVCAUSE--ENVCAUSE114__SEX--F,dcid:SubSaharanAfrica,2019,91499.25104
dcs:who/AIR_45.AGE--Y25T29__ENVCAUSE--ENVCAUSE114__SEX--F,dcid:SubSaharanAfrica,2019,8977.22991
dcs:who/AIR_45.AGE--Y40T44__ENVCAUSE--ENVCAUSE114__SEX--F,dcid:SubSaharanAfrica,2019,33320.22972
dcs:who/AIR_45.AGE--Y60T64__ENVCAUSE--ENVCAUSE118__SEX--F,dcid:SubSaharanAfrica,2019,20545.65499
dcs:who/AIR_45.AGE--Y40T44__ENVCAUSE--ENVCAUSE118__SEX--F,dcid:SubSaharanAfrica,2019,2892.02766
dcs:who/AIR_45.SEX--F,dcid:SubSaharanAfrica,2019,6145375.92
dcs:who/AIR_45.AGE--Y70T74__ENVCAUSE--ENVCAUSE068,dcid:SubSaharanAfrica,2019,4812.00486
dcs:who/AIR_45.ENVCAUSE--ENVCAUSE113__SEX--F,dcid:SubSaharanAfrica,2019,891995.573
dcs:who/AIR_45.AGE--Y30T34__ENVCAUSE--ENVCAUSE118__SEX--F,dcid:SubSaharanAfrica,2019,2735.76458
dcs:who/AIR_45.AGE--Y35T39__ENVCAUSE--ENVCAUSE114__SEX--F,dcid:SubSaharanAfrica,2019,22573.87758
dcs:who/AIR_45.AGE--Y45T49__ENVCAUSE--ENVCAUSE114__SEX--F,dcid:SubSaharanAfrica,2019,45452.70902
dcs:who/AIR_45.AGE--Y35T39__ENVCAUSE--ENVCAUSE068,dcid:SubSaharanAfrica,2019,2182.06025
dcs:who/AIR_45.AGE--Y_GE80__ENVCAUSE--ENVCAUSE114__SEX--F,dcid:SubSaharanAfrica,2019,64485.18377
dcs:who/AIR_45.AGE--Y75T79__ENVCAUSE--ENVCAUSE068,dcid:SubSaharanAfrica,2019,2902.95135
dcs:who/AIR_45.AGE--Y45T49__ENVCAUSE--ENVCAUSE113__SEX--F,dcid:SubSaharanAfrica,2019,50319.77801
dcs:who/AIR_45.AGE--Y0T4__ENVCAUSE--ENVCAUSE039__SEX--F,dcid:SubSaharanAfrica,2019,3188024.855
dcs:who/AIR_45.AGE--Y65T69__ENVCAUSE--ENVCAUSE068,dcid:SubSaharanAfrica,2019,6847.1236
dcs:who/AIR_45.AGE--Y10T14__ENVCAUSE--ENVCAUSE039__SEX--F,dcid:SubSaharanAfrica,2019,106895.4119
dcs:who/AIR_45.AGE--Y55T59__ENVCAUSE--ENVCAUSE113__SEX--F,dcid:SubSaharanAfrica,2019,91027.42701
dcs:who/AIR_45.AGE--Y65T69__ENVCAUSE--ENVCAUSE113__SEX--F,dcid:SubSaharanAfrica,2019,139290.1327
dcs:who/AIR_45.ENVCAUSE--ENVCAUSE118__SEX--F,dcid:SubSaharanAfrica,2019,148260.1447
dcs:who/AIR_45.AGE--Y75T79__ENVCAUSE--ENVCAUSE114__SEX--F,dcid:SubSaharanAfrica,2019,83015.04543
dcs:who/AIR_45.ENVCAUSE--ENVCAUSE114__SEX--F,dcid:SubSaharanAfrica,2019,714195.6001
dcs:who/AIR_45.AGE--Y_GE80__ENVCAUSE--ENVCAUSE118__SEX--F,dcid:SubSaharanAfrica,2019,14562.72899
dcs:who/AIR_45.AGE--Y35T39__ENVCAUSE--ENVCAUSE113__SEX--F,dcid:SubSaharanAfrica,2019,19962.23956
dcs:who/AIR_45.AGE--Y75T79__ENVCAUSE--ENVCAUSE118__SEX--F,dcid:SubSaharanAfrica,2019,19075.24332
dcs:who/AIR_45.AGE--Y50T54__ENVCAUSE--ENVCAUSE068,dcid:SubSaharanAfrica,2019,8614.51309
dcs:who/AIR_45.AGE--Y65T69__ENVCAUSE--ENVCAUSE114__SEX--F,dcid:SubSaharanAfrica,2019,99389.02322
dcs:who/AIR_45.AGE--Y65T69__ENVCAUSE--ENVCAUSE118__SEX--F,dcid:SubSaharanAfrica,2019,26390.07192
dcs:who/AIR_45.AGE--Y25T29__ENVCAUSE--ENVCAUSE113__SEX--F,dcid:SubSaharanAfrica,2019,6099.37378
dcs:who/AIR_45.AGE--Y_GE80__ENVCAUSE--ENVCAUSE068,dcid:SubSaharanAfrica,2019,1732.32581
dcs:who/AIR_45.AGE--Y_GE80__ENVCAUSE--ENVCAUSE113__SEX--F,dcid:SubSaharanAfrica,2019,95049.65399
dcs:who/AIR_45.AGE--Y50T54__ENVCAUSE--ENVCAUSE118__SEX--F,dcid:SubSaharanAfrica,2019,10753.42468
dcs:who/AIR_45.AGE--Y70T74__ENVCAUSE--ENVCAUSE114__SEX--F,dcid:SubSaharanAfrica,2019,101653.6612
dcs:who/AIR_45.AGE--Y60T64__ENVCAUSE--ENVCAUSE113__SEX--F,dcid:SubSaharanAfrica,2019,117266.9861
dcs:who/AIR_45.AGE--Y15T19__ENVCAUSE--ENVCAUSE039__SEX--F,dcid:SubSaharanAfrica,2019,36486.48401
dcs:who/AIR_45.AGE--Y40T44__ENVCAUSE--ENVCAUSE068,dcid:SubSaharanAfrica,2019,4442.28799
dcs:who/AIR_45.AGE--Y45T49__ENVCAUSE--ENVCAUSE068,dcid:SubSaharanAfrica,2019,7071.31568
dcs:who/AIR_45.AGE--Y70T74__ENVCAUSE--ENVCAUSE118__SEX--F,dcid:SubSaharanAfrica,2019,25127.64004
dcs:who/AIR_45.AGE--Y35T39__ENVCAUSE--ENVCAUSE118__SEX--F,dcid:SubSaharanAfrica,2019,3195.87444
dcs:who/AIR_45.AGE--Y30T34__ENVCAUSE--ENVCAUSE114__SEX--F,dcid:SubSaharanAfrica,2019,15251.75971
dcs:who/AIR_45.AGE--Y30T34__ENVCAUSE--ENVCAUSE113__SEX--F,dcid:SubSaharanAfrica,2019,14055.07907
dcs:who/AIR_45.AGE--Y5T9__ENVCAUSE--ENVCAUSE039__SEX--F,dcid:SubSaharanAfrica,2019,253481.0835
dcs:who/AIR_45.AGE--Y50T54__ENVCAUSE--ENVCAUSE113__SEX--F,dcid:SubSaharanAfrica,2019,74608.64054
dcs:who/AIR_45.AGE--Y60T64__ENVCAUSE--ENVCAUSE068,dcid:SubSaharanAfrica,2019,8746.24837
dcs:who/AIR_45.AGE--Y70T74__ENVCAUSE--ENVCAUSE113__SEX--F,dcid:SubSaharanAfrica,2019,144366.3463
dcs:who/AIR_45.AGE--Y55T59__ENVCAUSE--ENVCAUSE118__SEX--F,dcid:SubSaharanAfrica,2019,14963.62601
dcs:who/AIR_45.AGE--Y25T29__ENVCAUSE--ENVCAUSE118__SEX--F,dcid:SubSaharanAfrica,2019,1978.83385
dcs:who/AIR_45.AGE--Y45T49__ENVCAUSE--ENVCAUSE118__SEX--F,dcid:SubSaharanAfrica,2019,6039.2542
dcs:who/AIR_45.AGE--Y30T34__ENVCAUSE--ENVCAUSE039,dcid:SubSaharanAfrica,2019,107188.1604
dcs:who/AIR_45.AGE--Y75T79__ENVCAUSE--ENVCAUSE118,dcid:SubSaharanAfrica,2019,44786.98432
dcs:who/AIR_45.AGE--Y10T14__ENVCAUSE--ENVCAUSE039,dcid:SubSaharanAfrica,2019,227615.7048
dcs:who/AIR_45.ENVCAUSE--ENVCAUSE039,dcid:SubSaharanAfrica,2019,10047862.43
dcs:who/AIR_45.AGE--Y50T54__ENVCAUSE--ENVCAUSE039,dcid:SubSaharanAfrica,2019,158977.1595
dcs:who/AIR_45.AGE--Y45T49__ENVCAUSE--ENVCAUSE114,dcid:SubSaharanAfrica,2019,103665.7202
dcs:who/AIR_45.AGE--Y35T39__ENVCAUSE--ENVCAUSE113,dcid:SubSaharanAfrica,2019,67431.01652
dcs:who/AIR_45.ENVCAUSE--ENVCAUSE114,dcid:SubSaharanAfrica,2019,1456786.027
dcs:who/AIR_45.AGE--Y75T79__ENVCAUSE--ENVCAUSE113,dcid:SubSaharanAfrica,2019,194376.9501
dcs:who/AIR_45.AGE--Y30T34__ENVCAUSE--ENVCAUSE118,dcid:SubSaharanAfrica,2019,7126.03474
dcs:who/AIR_45.AGE--Y35T39__ENVCAUSE--ENVCAUSE114,dcid:SubSaharanAfrica,2019,48139.99045
dcs:who/AIR_45.AGE--Y40T44__ENVCAUSE--ENVCAUSE114,dcid:SubSaharanAfrica,2019,80167.09184
dcs:who/AIR_45.AGE--Y30T34__ENVCAUSE--ENVCAUSE068,dcid:SubSaharanAfrica,2019,1089.0922
dcs:who/AIR_45.AGE--Y50T54__ENVCAUSE--ENVCAUSE113,dcid:SubSaharanAfrica,2019,204879.5336
dcs:who/AIR_45.AGE--Y0T4__ENVCAUSE--ENVCAUSE039,dcid:SubSaharanAfrica,2019,7406124.303
dcs:who/AIR_45.AGE--Y70T74__ENVCAUSE--ENVCAUSE113,dcid:SubSaharanAfrica,2019,284461.4078
dcs:who/AIR_45.AGE--Y70T74__ENVCAUSE--ENVCAUSE039,dcid:SubSaharanAfrica,2019,191205.7043
dcs:who/AIR_45.ENVCAUSE--ENVCAUSE113,dcid:SubSaharanAfrica,2019,2058217.698
dcs:who/AIR_45.AGE--Y25T29__ENVCAUSE--ENVCAUSE114,dcid:SubSaharanAfrica,2019,24412.7212
dcs:who/AIR_45.AGE--Y45T49__ENVCAUSE--ENVCAUSE118,dcid:SubSaharanAfrica,2019,17684.53686
dcs:who/AIR_45.AGE--Y_GE80__ENVCAUSE--ENVCAUSE118,dcid:SubSaharanAfrica,2019,33456.90275
dcs:who/AIR_45.ENVCAUSE--ENVCAUSE118,dcid:SubSaharanAfrica,2019,383062.5981
dcs:who/AIR_45.AGE--Y60T64__ENVCAUSE--ENVCAUSE118,dcid:SubSaharanAfrica,2019,54876.50807
dcs:who/AIR_45.AGE--Y35T39__ENVCAUSE--ENVCAUSE118,dcid:SubSaharanAfrica,2019,7643.5379
dcs:who/AIR_45.AGE--Y40T44__ENVCAUSE--ENVCAUSE113,dcid:SubSaharanAfrica,2019,98585.25376
dcs:who/AIR_45.AGE--Y25T29__ENVCAUSE--ENVCAUSE068,dcid:SubSaharanAfrica,2019,551.33706
dcs:who/AIR_45.AGE--Y_GE80__ENVCAUSE--ENVCAUSE114,dcid:SubSaharanAfrica,2019,104893.358
dcs:who/AIR_45.AGE--Y65T69__ENVCAUSE--ENVCAUSE039,dcid:SubSaharanAfrica,2019,196381.4937
dcs:who/AIR_45.AGE--Y50T54__ENVCAUSE--ENVCAUSE114,dcid:SubSaharanAfrica,2019,149768.5945
dcs:who/AIR_45.AGE--Y30T34__ENVCAUSE--ENVCAUSE113,dcid:SubSaharanAfrica,2019,42652.36481
dcs:who/AIR_45.AGE--Y25T29__ENVCAUSE--ENVCAUSE039,dcid:SubSaharanAfrica,2019,97225.26791
dcs:who/AIR_45.AGE--Y75T79__ENVCAUSE--ENVCAUSE039,dcid:SubSaharanAfrica,2019,141704.3055
dcs:who/AIR_45.AGE--Y40T44__ENVCAUSE--ENVCAUSE039,dcid:SubSaharanAfrica,2019,122025.6128
dcs:who/AIR_45.AGE--Y60T64__ENVCAUSE--ENVCAUSE113,dcid:SubSaharanAfrica,2019,284324.8963
dcs:who/AIR_45.AGE--Y45T49__ENVCAUSE--ENVCAUSE039,dcid:SubSaharanAfrica,2019,137133.3823
dcs:who/AIR_45.AGE--Y70T74__ENVCAUSE--ENVCAUSE118,dcid:SubSaharanAfrica,2019,66322.27563
dcs:who/AIR_45.AGE--Y_GE80__ENVCAUSE--ENVCAUSE113,dcid:SubSaharanAfrica,2019,159029.383
dcs:who/AIR_45.AGE--Y55T59__ENVCAUSE--ENVCAUSE113,dcid:SubSaharanAfrica,2019,246382.0853
dcs:who/AIR_45.AGE--Y45T49__ENVCAUSE--ENVCAUSE113,dcid:SubSaharanAfrica,2019,152668.5697
dcs:who/AIR_45.AGE--Y65T69__ENVCAUSE--ENVCAUSE114,dcid:SubSaharanAfrica,2019,205003.961
dcs:who/AIR_45.AGE--Y35T39__ENVCAUSE--ENVCAUSE039,dcid:SubSaharanAfrica,2019,115906.3785
dcs:who/AIR_45.AGE--Y55T59__ENVCAUSE--ENVCAUSE118,dcid:SubSaharanAfrica,2019,40241.80881
dcs:who/AIR_45.AGE--Y50T54__ENVCAUSE--ENVCAUSE118,dcid:SubSaharanAfrica,2019,29899.28096
dcs:who/AIR_45.AGE--Y20T24__ENVCAUSE--ENVCAUSE039,dcid:SubSaharanAfrica,2019,81057.84022
dcs:who/AIR_45.AGE--Y70T74__ENVCAUSE--ENVCAUSE114,dcid:SubSaharanAfrica,2019,188036.285
dcs:who/AIR_45.AGE--Y30T34__ENVCAUSE--ENVCAUSE114,dcid:SubSaharanAfrica,2019,34176.30369
dcs:who/AIR_45.AGE--Y60T64__ENVCAUSE--ENVCAUSE114,dcid:SubSaharanAfrica,2019,206915.3992
dcs:who/AIR_45.AGE--Y75T79__ENVCAUSE--ENVCAUSE114,dcid:SubSaharanAfrica,2019,140917.1422
dcs:who/AIR_45.AGE--Y65T69__ENVCAUSE--ENVCAUSE113,dcid:SubSaharanAfrica,2019,302768.8516
dcs:who/AIR_45.AGE--Y25T29__ENVCAUSE--ENVCAUSE118,dcid:SubSaharanAfrica,2019,5115.54699
dcs:who/AIR_45.AGE--Y60T64__ENVCAUSE--ENVCAUSE039,dcid:SubSaharanAfrica,2019,199125.6978
dcs:who/AIR_45.AGE--Y55T59__ENVCAUSE--ENVCAUSE114,dcid:SubSaharanAfrica,2019,170689.4597
dcs:who/AIR_45.AGE--Y40T44__ENVCAUSE--ENVCAUSE118,dcid:SubSaharanAfrica,2019,11026.71612
dcs:who/AIR_45.AGE--Y_GE80__ENVCAUSE--ENVCAUSE039,dcid:SubSaharanAfrica,2019,122599.647
dcs:who/AIR_45.AGE--Y55T59__ENVCAUSE--ENVCAUSE039,dcid:SubSaharanAfrica,2019,180288.1031
dcs:who/AIR_45.AGE--Y65T69__ENVCAUSE--ENVCAUSE118,dcid:SubSaharanAfrica,2019,64882.46499
dcs:who/AIR_45.AGE--Y5T9__ENVCAUSE--ENVCAUSE039,dcid:SubSaharanAfrica,2019,483632.1888
dcs:who/AIR_45.AGE--Y15T19__ENVCAUSE--ENVCAUSE039,dcid:SubSaharanAfrica,2019,79671.47867
dcs:who/AIR_45.AGE--Y25T29__ENVCAUSE--ENVCAUSE113,dcid:SubSaharanAfrica,2019,20657.38569
dcs:who/AIR_45,dcid:SubSaharanAfrica,2019,14004027.21
dcs:who/AIR_45.AGE--Y55T59__ENVCAUSE--ENVCAUSE039__SEX--M,dcid:WesternAsia,2019,9875.33949
dcs:who/AIR_45.AGE--Y40T44__ENVCAUSE--ENVCAUSE068__SEX--M,dcid:WesternAsia,2019,3766.29215
dcs:who/AIR_45.AGE--Y65T69__ENVCAUSE--ENVCAUSE068__SEX--M,dcid:WesternAsia,2019,18743.56743
dcs:who/AIR_45.AGE--Y75T79__ENVCAUSE--ENVCAUSE068__SEX--M,dcid:WesternAsia,2019,7450.78413
dcs:who/AIR_45.ENVCAUSE--ENVCAUSE068__SEX--M,dcid:WesternAsia,2019,117303.1905
dcs:who/AIR_45.AGE--Y60T64__ENVCAUSE--ENVCAUSE068__SEX--M,dcid:WesternAsia,2019,22054.32343
dcs:who/AIR_45.AGE--Y30T34__ENVCAUSE--ENVCAUSE068__SEX--M,dcid:WesternAsia,2019,503.92314
dcs:who/AIR_45.AGE--Y45T49__ENVCAUSE--ENVCAUSE068__SEX--M,dcid:WesternAsia,2019,9111.00831
dcs:who/AIR_45.AGE--Y_GE80__ENVCAUSE--ENVCAUSE039__SEX--M,dcid:WesternAsia,2019,11297.38943
dcs:who/AIR_45.ENVCAUSE--ENVCAUSE039__SEX--M,dcid:WesternAsia,2019,280880.47
dcs:who/AIR_45.AGE--Y25T29__ENVCAUSE--ENVCAUSE068__SEX--M,dcid:WesternAsia,2019,331.27284
dcs:who/AIR_45.AGE--Y70T74__ENVCAUSE--ENVCAUSE068__SEX--M,dcid:WesternAsia,2019,12583.67954
dcs:who/AIR_45.AGE--Y35T39__ENVCAUSE--ENVCAUSE068__SEX--M,dcid:WesternAsia,2019,1521.16138
dcs:who/AIR_45.AGE--Y55T59__ENVCAUSE--ENVCAUSE068__SEX--M,dcid:WesternAsia,2019,21101.22418
dcs:who/AIR_45.AGE--Y65T69__ENVCAUSE--ENVCAUSE039__SEX--M,dcid:WesternAsia,2019,9661.16046
dcs:who/AIR_45.AGE--Y35T39__ENVCAUSE--ENVCAUSE039__SEX--M,dcid:WesternAsia,2019,6523.66792
dcs:who/AIR_45.AGE--Y30T34__ENVCAUSE--ENVCAUSE039__SEX--M,dcid:WesternAsia,2019,5184.61208
dcs:who/AIR_45.AGE--Y40T44__ENVCAUSE--ENVCAUSE039__SEX--M,dcid:WesternAsia,2019,8269.25657
dcs:who/AIR_45.AGE--Y_GE80__ENVCAUSE--ENVCAUSE068__SEX--M,dcid:WesternAsia,2019,4744.68758
dcs:who/AIR_45.AGE--Y45T49__ENVCAUSE--ENVCAUSE039__SEX--M,dcid:WesternAsia,2019,8746.36484
dcs:who/AIR_45.AGE--Y25T29__ENVCAUSE--ENVCAUSE039__SEX--M,dcid:WesternAsia,2019,4326.85235
dcs:who/AIR_45.AGE--Y70T74__ENVCAUSE--ENVCAUSE039__SEX--M,dcid:WesternAsia,2019,9098.21743
dcs:who/AIR_45.AGE--Y50T54__ENVCAUSE--ENVCAUSE068__SEX--M,dcid:WesternAsia,2019,15391.26644
dcs:who/AIR_45.AGE--Y75T79__ENVCAUSE--ENVCAUSE039__SEX--M,dcid:WesternAsia,2019,8432.84942
dcs:who/AIR_45.AGE--Y50T54__ENVCAUSE--ENVCAUSE039__SEX--M,dcid:WesternAsia,2019,9096.35906
dcs:who/AIR_45.AGE--Y20T24__ENVCAUSE--ENVCAUSE039__SEX--M,dcid:WesternAsia,2019,3704.42988
dcs:who/AIR_45.AGE--Y60T64__ENVCAUSE--ENVCAUSE039__SEX--M,dcid:WesternAsia,2019,10950.43934
dcs:who/AIR_45.AGE--Y60T64__ENVCAUSE--ENVCAUSE114__SEX--M,dcid:WesternAsia,2019,30105.01501
dcs:who/AIR_45.AGE--Y35T39__ENVCAUSE--ENVCAUSE068__SEX--F,dcid:WesternAsia,2019,702.38225
dcs:who/AIR_45.AGE--Y35T39__ENVCAUSE--ENVCAUSE113__SEX--M,dcid:WesternAsia,2019,37482.71367
dcs:who/AIR_45.AGE--Y45T49__ENVCAUSE--ENVCAUSE068__SEX--F,dcid:WesternAsia,2019,2048.06983
dcs:who/AIR_45.AGE--Y30T34__ENVCAUSE--ENVCAUSE114__SEX--M,dcid:WesternAsia,2019,6284.80124
dcs:who/AIR_45.AGE--Y55T59__ENVCAUSE--ENVCAUSE113__SEX--M,dcid:WesternAsia,2019,139585.6106
dcs:who/AIR_45.AGE--Y25T29__ENVCAUSE--ENVCAUSE113__SEX--M,dcid:WesternAsia,2019,10751.1554
dcs:who/AIR_45.AGE--Y35T39__ENVCAUSE--ENVCAUSE118__SEX--M,dcid:WesternAsia,2019,1874.23322
dcs:who/AIR_45.AGE--Y60T64__ENVCAUSE--ENVCAUSE068__SEX--F,dcid:WesternAsia,2019,3887.05752
dcs:who/AIR_45.AGE--Y40T44__ENVCAUSE--ENVCAUSE118__SEX--M,dcid:WesternAsia,2019,2922.06506
dcs:who/AIR_45.AGE--Y_GE80__ENVCAUSE--ENVCAUSE068__SEX--F,dcid:WesternAsia,2019,1861.48575
dcs:who/AIR_45.AGE--Y70T74__ENVCAUSE--ENVCAUSE118__SEX--M,dcid:WesternAsia,2019,12376.55501
dcs:who/AIR_45.AGE--Y_GE80__ENVCAUSE--ENVCAUSE118__SEX--M,dcid:WesternAsia,2019,12226.64028
dcs:who/AIR_45.AGE--Y45T49__ENVCAUSE--ENVCAUSE118__SEX--M,dcid:WesternAsia,2019,4219.10822
dcs:who/AIR_45.AGE--Y30T34__ENVCAUSE--ENVCAUSE118__SEX--M,dcid:WesternAsia,2019,1677.40862
dcs:who/AIR_45.AGE--Y75T79__ENVCAUSE--ENVCAUSE114__SEX--M,dcid:WesternAsia,2019,24046.17034
dcs:who/AIR_45.AGE--Y75T79__ENVCAUSE--ENVCAUSE113__SEX--M,dcid:WesternAsia,2019,75263.44575
dcs:who/AIR_45.AGE--Y75T79__ENVCAUSE--ENVCAUSE118__SEX--M,dcid:WesternAsia,2019,11318.62133
dcs:who/AIR_45.AGE--Y15T19__ENVCAUSE--ENVCAUSE039__SEX--M,dcid:WesternAsia,2019,3365.99936
dcs:who/AIR_45.AGE--Y25T29__ENVCAUSE--ENVCAUSE068__SEX--F,dcid:WesternAsia,2019,265.21481
dcs:who/AIR_45.AGE--Y40T44__ENVCAUSE--ENVCAUSE114__SEX--M,dcid:WesternAsia,2019,14653.44903
dcs:who/AIR_45.ENVCAUSE--ENVCAUSE068__SEX--F,dcid:WesternAsia,2019,25434.25832
dcs:who/AIR_45.AGE--Y0T4__ENVCAUSE--ENVCAUSE039__SEX--M,dcid:WesternAsia,2019,158264.3475
dcs:who/AIR_45.AGE--Y55T59__ENVCAUSE--ENVCAUSE114__SEX--M,dcid:WesternAsia,2019,26815.73852
dcs:who/AIR_45.ENVCAUSE--ENVCAUSE118__SEX--M,dcid:WesternAsia,2019,84837.99501
dcs:who/AIR_45.AGE--Y55T59__ENVCAUSE--ENVCAUSE068__SEX--F,dcid:WesternAsia,2019,3586.6427
dcs:who/AIR_45.AGE--Y50T54__ENVCAUSE--ENVCAUSE113__SEX--M,dcid:WesternAsia,2019,123799.4839
dcs:who/AIR_45.ENVCAUSE--ENVCAUSE113__SEX--M,dcid:WesternAsia,2019,1016500.777
dcs:who/AIR_45.AGE--Y45T49__ENVCAUSE--ENVCAUSE113__SEX--M,dcid:WesternAsia,2019,99498.61679
dcs:who/AIR_45.AGE--Y65T69__ENVCAUSE--ENVCAUSE114__SEX--M,dcid:WesternAsia,2019,30386.86725
dcs:who/AIR_45.AGE--Y50T54__ENVCAUSE--ENVCAUSE118__SEX--M,dcid:WesternAsia,2019,5803.94462
dcs:who/AIR_45.AGE--Y5T9__ENVCAUSE--ENVCAUSE039__SEX--M,dcid:WesternAsia,2019,7262.10722
dcs:who/AIR_45.AGE--Y40T44__ENVCAUSE--ENVCAUSE113__SEX--M,dcid:WesternAsia,2019,66408.66629
dcs:who/AIR_45.AGE--Y45T49__ENVCAUSE--ENVCAUSE114__SEX--M,dcid:WesternAsia,2019,19885.49159
dcs:who/AIR_45.AGE--Y50T54__ENVCAUSE--ENVCAUSE114__SEX--M,dcid:WesternAsia,2019,23726.19828
dcs:who/AIR_45.AGE--Y_GE80__ENVCAUSE--ENVCAUSE114__SEX--M,dcid:WesternAsia,2019,26535.28161
dcs:who/AIR_45.AGE--Y_GE80__ENVCAUSE--ENVCAUSE113__SEX--M,dcid:WesternAsia,2019,86560.33352
dcs:who/AIR_45.AGE--Y60T64__ENVCAUSE--ENVCAUSE118__SEX--M,dcid:WesternAsia,2019,11079.09056
dcs:who/AIR_45.AGE--Y50T54__ENVCAUSE--ENVCAUSE068__SEX--F,dcid:WesternAsia,2019,3041.68586
dcs:who/AIR_45.ENVCAUSE--ENVCAUSE114__SEX--M,dcid:WesternAsia,2019,242726.394
dcs:who/AIR_45.AGE--Y30T34__ENVCAUSE--ENVCAUSE068__SEX--F,dcid:WesternAsia,2019,398.68674
dcs:who/AIR_45.AGE--Y25T29__ENVCAUSE--ENVCAUSE118__SEX--M,dcid:WesternAsia,2019,1155.21512
dcs:who/AIR_45.AGE--Y60T64__ENVCAUSE--ENVCAUSE113__SEX--M,dcid:WesternAsia,2019,138202.7252
dcs:who/AIR_45.AGE--Y40T44__ENVCAUSE--ENVCAUSE068__SEX--F,dcid:WesternAsia,2019,1267.27155
dcs:who/AIR_45.AGE--Y55T59__ENVCAUSE--ENVCAUSE118__SEX--M,dcid:WesternAsia,2019,7999.07845
dcs:who/AIR_45.AGE--Y65T69__ENVCAUSE--ENVCAUSE113__SEX--M,dcid:WesternAsia,2019,123493.5846
dcs:who/AIR_45.AGE--Y65T69__ENVCAUSE--ENVCAUSE118__SEX--M,dcid:WesternAsia,2019,12186.03453
dcs:who/AIR_45.AGE--Y70T74__ENVCAUSE--ENVCAUSE113__SEX--M,dcid:WesternAsia,2019,93279.70678
dcs:who/AIR_45.AGE--Y35T39__ENVCAUSE--ENVCAUSE114__SEX--M,dcid:WesternAsia,2019,9648.10565
dcs:who/AIR_45.SEX--M,dcid:WesternAsia,2019,1742248.827
dcs:who/AIR_45.AGE--Y30T34__ENVCAUSE--ENVCAUSE113__SEX--M,dcid:WesternAsia,2019,22174.73494
dcs:who/AIR_45.AGE--Y70T74__ENVCAUSE--ENVCAUSE068__SEX--F,dcid:WesternAsia,2019,2732.73451
dcs:who/AIR_45.AGE--Y75T79__ENVCAUSE--ENVCAUSE068__SEX--F,dcid:WesternAsia,2019,1947.13507
dcs:who/AIR_45.AGE--Y25T29__ENVCAUSE--ENVCAUSE114__SEX--M,dcid:WesternAsia,2019,4814.89619
dcs:who/AIR_45.AGE--Y10T14__ENVCAUSE--ENVCAUSE039__SEX--M,dcid:WesternAsia,2019,6821.07769
dcs:who/AIR_45.AGE--Y70T74__ENVCAUSE--ENVCAUSE114__SEX--M,dcid:WesternAsia,2019,25824.37929
dcs:who/AIR_45.AGE--Y65T69__ENVCAUSE--ENVCAUSE068__SEX--F,dcid:WesternAsia,2019,3695.89173
dcs:who/AIR_45.AGE--Y45T49__ENVCAUSE--ENVCAUSE114__SEX--F,dcid:WesternAsia,2019,13016.51622
dcs:who/AIR_45.AGE--Y50T54__ENVCAUSE--ENVCAUSE113__SEX--F,dcid:WesternAsia,2019,42795.88531
dcs:who/AIR_45.AGE--Y_GE80__ENVCAUSE--ENVCAUSE039__SEX--F,dcid:WesternAsia,2019,15171.72503
dcs:who/AIR_45.AGE--Y60T64__ENVCAUSE--ENVCAUSE114__SEX--F,dcid:WesternAsia,2019,21513.75844
dcs:who/AIR_45.AGE--Y40T44__ENVCAUSE--ENVCAUSE113__SEX--F,dcid:WesternAsia,2019,20620.09868
dcs:who/AIR_45.AGE--Y60T64__ENVCAUSE--ENVCAUSE113__SEX--F,dcid:WesternAsia,2019,65640.97895
dcs:who/AIR_45.AGE--Y65T69__ENVCAUSE--ENVCAUSE113__SEX--F,dcid:WesternAsia,2019,77468.00633
dcs:who/AIR_45.AGE--Y70T74__ENVCAUSE--ENVCAUSE039__SEX--F,dcid:WesternAsia,2019,6835.34374
dcs:who/AIR_45.AGE--Y70T74__ENVCAUSE--ENVCAUSE114__SEX--F,dcid:WesternAsia,2019,26131.39509
dcs:who/AIR_45.AGE--Y15T19__ENVCAUSE--ENVCAUSE039__SEX--F,dcid:WesternAsia,2019,2995.39709
dcs:who/AIR_45.AGE--Y30T34__ENVCAUSE--ENVCAUSE039__SEX--F,dcid:WesternAsia,2019,4515.55037
dcs:who/AIR_45.AGE--Y75T79__ENVCAUSE--ENVCAUSE114__SEX--F,dcid:WesternAsia,2019,29205.84158
dcs:who/AIR_45.AGE--Y30T34__ENVCAUSE--ENVCAUSE114__SEX--F,dcid:WesternAsia,2019,4415.14822
dcs:who/AIR_45.AGE--Y70T74__ENVCAUSE--ENVCAUSE118__SEX--F,dcid:WesternAsia,2019,6440.42598
dcs:who/AIR_45.AGE--Y20T24__ENVCAUSE--ENVCAUSE039__SEX--F,dcid:WesternAsia,2019,3379.78704
dcs:who/AIR_45.AGE--Y25T29__ENVCAUSE--ENVCAUSE113__SEX--F,dcid:WesternAsia,2019,5312.37022
dcs:who/AIR_45.ENVCAUSE--ENVCAUSE114__SEX--F,dcid:WesternAsia,2019,223170.1172
dcs:who/AIR_45.AGE--Y50T54__ENVCAUSE--ENVCAUSE118__SEX--F,dcid:WesternAsia,2019,2227.39332
dcs:who/AIR_45.AGE--Y35T39__ENVCAUSE--ENVCAUSE118__SEX--F,dcid:WesternAsia,2019,1141.86349
dcs:who/AIR_45.AGE--Y10T14__ENVCAUSE--ENVCAUSE039__SEX--F,dcid:WesternAsia,2019,6557.16671
dcs:who/AIR_45.AGE--Y_GE80__ENVCAUSE--ENVCAUSE118__SEX--F,dcid:WesternAsia,2019,12701.05431
dcs:who/AIR_45.AGE--Y75T79__ENVCAUSE--ENVCAUSE113__SEX--F,dcid:WesternAsia,2019,75241.79953
dcs:who/AIR_45.AGE--Y55T59__ENVCAUSE--ENVCAUSE113__SEX--F,dcid:WesternAsia,2019,52340.05907
dcs:who/AIR_45.AGE--Y30T34__ENVCAUSE--ENVCAUSE113__SEX--F,dcid:WesternAsia,2019,10039.18239
dcs:who/AIR_45.AGE--Y40T44__ENVCAUSE--ENVCAUSE118__SEX--F,dcid:WesternAsia,2019,1283.04699
dcs:who/AIR_45.AGE--Y45T49__ENVCAUSE--ENVCAUSE039__SEX--F,dcid:WesternAsia,2019,5465.62127
dcs:who/AIR_45.AGE--Y40T44__ENVCAUSE--ENVCAUSE039__SEX--F,dcid:WesternAsia,2019,5459.2088
dcs:who/AIR_45.AGE--Y_GE80__ENVCAUSE--ENVCAUSE114__SEX--F,dcid:WesternAsia,2019,47889.22629
dcs:who/AIR_45.AGE--Y55T59__ENVCAUSE--ENVCAUSE118__SEX--F,dcid:WesternAsia,2019,3162.56432
dcs:who/AIR_45.AGE--Y65T69__ENVCAUSE--ENVCAUSE114__SEX--F,dcid:WesternAsia,2019,26239.42552
dcs:who/AIR_45.AGE--Y25T29__ENVCAUSE--ENVCAUSE039__SEX--F,dcid:WesternAsia,2019,3901.61753
dcs:who/AIR_45.AGE--Y65T69__ENVCAUSE--ENVCAUSE118__SEX--F,dcid:WesternAsia,2019,5622.70399
dcs:who/AIR_45.AGE--Y25T29__ENVCAUSE--ENVCAUSE114__SEX--F,dcid:WesternAsia,2019,3086.79573
dcs:who/AIR_45.ENVCAUSE--ENVCAUSE118__SEX--F,dcid:WesternAsia,2019,47107.69703
dcs:who/AIR_45.AGE--Y35T39__ENVCAUSE--ENVCAUSE114__SEX--F,dcid:WesternAsia,2019,7164.86515
dcs:who/AIR_45.AGE--Y75T79__ENVCAUSE--ENVCAUSE039__SEX--F,dcid:WesternAsia,2019,7458.22246
dcs:who/AIR_45.AGE--Y50T54__ENVCAUSE--ENVCAUSE039__SEX--F,dcid:WesternAsia,2019,5072.12767
dcs:who/AIR_45.AGE--Y35T39__ENVCAUSE--ENVCAUSE039__SEX--F,dcid:WesternAsia,2019,4637.46938
dcs:who/AIR_45.AGE--Y30T34__ENVCAUSE--ENVCAUSE118__SEX--F,dcid:WesternAsia,2019,772.9929
dcs:who/AIR_45.AGE--Y_GE80__ENVCAUSE--ENVCAUSE113__SEX--F,dcid:WesternAsia,2019,134987.6921
dcs:who/AIR_45.AGE--Y60T64__ENVCAUSE--ENVCAUSE039__SEX--F,dcid:WesternAsia,2019,5767.50806
dcs:who/AIR_45.AGE--Y50T54__ENVCAUSE--ENVCAUSE114__SEX--F,dcid:WesternAsia,2019,15531.17567
dcs:who/AIR_45.AGE--Y40T44__ENVCAUSE--ENVCAUSE114__SEX--F,dcid:WesternAsia,2019,10925.91195
dcs:who/AIR_45.AGE--Y60T64__ENVCAUSE--ENVCAUSE118__SEX--F,dcid:WesternAsia,2019,4234.07113
dcs:who/AIR_45.AGE--Y70T74__ENVCAUSE--ENVCAUSE113__SEX--F,dcid:WesternAsia,2019,70878.04631
dcs:who/AIR_45.AGE--Y65T69__ENVCAUSE--ENVCAUSE039__SEX--F,dcid:WesternAsia,2019,6605.28582
dcs:who/AIR_45.ENVCAUSE--ENVCAUSE039__SEX--F,dcid:WesternAsia,2019,218977.1544
dcs:who/AIR_45.AGE--Y35T39__ENVCAUSE--ENVCAUSE113__SEX--F,dcid:WesternAsia,2019,12874.77773
dcs:who/AIR_45.AGE--Y25T29__ENVCAUSE--ENVCAUSE118__SEX--F,dcid:WesternAsia,2019,513.35255
dcs:who/AIR_45.AGE--Y55T59__ENVCAUSE--ENVCAUSE114__SEX--F,dcid:WesternAsia,2019,18050.05737
dcs:who/AIR_45.AGE--Y45T49__ENVCAUSE--ENVCAUSE113__SEX--F,dcid:WesternAsia,2019,33403.70121
dcs:who/AIR_45.AGE--Y5T9__ENVCAUSE--ENVCAUSE039__SEX--F,dcid:WesternAsia,2019,8665.42823
dcs:who/AIR_45.ENVCAUSE--ENVCAUSE113__SEX--F,dcid:WesternAsia,2019,601602.5979
dcs:who/AIR_45.AGE--Y0T4__ENVCAUSE--ENVCAUSE039__SEX--F,dcid:WesternAsia,2019,121320.5695
dcs:who/AIR_45.AGE--Y45T49__ENVCAUSE--ENVCAUSE118__SEX--F,dcid:WesternAsia,2019,1679.05614
dcs:who/AIR_45.AGE--Y75T79__ENVCAUSE--ENVCAUSE118__SEX--F,dcid:WesternAsia,2019,7329.17191
dcs:who/AIR_45.AGE--Y55T59__ENVCAUSE--ENVCAUSE039__SEX--F,dcid:WesternAsia,2019,5169.12574
dcs:who/AIR_45.AGE--Y55T59__ENVCAUSE--ENVCAUSE068,dcid:WesternAsia,2019,24687.86688
dcs:who/AIR_45.AGE--Y40T44__ENVCAUSE--ENVCAUSE039,dcid:WesternAsia,2019,13728.46537
dcs:who/AIR_45.AGE--Y_GE80__ENVCAUSE--ENVCAUSE039,dcid:WesternAsia,2019,26469.11446
dcs:who/AIR_45.AGE--Y25T29__ENVCAUSE--ENVCAUSE118,dcid:WesternAsia,2019,1668.56767
dcs:who/AIR_45.AGE--Y40T44__ENVCAUSE--ENVCAUSE118,dcid:WesternAsia,2019,4205.11204
dcs:who/AIR_45.AGE--Y65T69__ENVCAUSE--ENVCAUSE068,dcid:WesternAsia,2019,22439.45916
dcs:who/AIR_45.AGE--Y70T74__ENVCAUSE--ENVCAUSE039,dcid:WesternAsia,2019,15933.56117
dcs:who/AIR_45.AGE--Y40T44__ENVCAUSE--ENVCAUSE114,dcid:WesternAsia,2019,25579.36097
dcs:who/AIR_45.AGE--Y50T54__ENVCAUSE--ENVCAUSE118,dcid:WesternAsia,2019,8031.33795
dcs:who/AIR_45.AGE--Y70T74__ENVCAUSE--ENVCAUSE068,dcid:WesternAsia,2019,15316.41404
dcs:who/AIR_45.AGE--Y55T59__ENVCAUSE--ENVCAUSE114,dcid:WesternAsia,2019,44865.79589
dcs:who/AIR_45.AGE--Y50T54__ENVCAUSE--ENVCAUSE114,dcid:WesternAsia,2019,39257.37395
dcs:who/AIR_45.AGE--Y45T49__ENVCAUSE--ENVCAUSE118,dcid:WesternAsia,2019,5898.16435
dcs:who/AIR_45.AGE--Y45T49__ENVCAUSE--ENVCAUSE068,dcid:WesternAsia,2019,11159.07814
dcs:who/AIR_45.AGE--Y75T79__ENVCAUSE--ENVCAUSE068,dcid:WesternAsia,2019,9397.9192
dcs:who/AIR_45.ENVCAUSE--ENVCAUSE118,dcid:WesternAsia,2019,131945.692
dcs:who/AIR_45.AGE--Y75T79__ENVCAUSE--ENVCAUSE118,dcid:WesternAsia,2019,18647.79324
dcs:who/AIR_45.AGE--Y60T64__ENVCAUSE--ENVCAUSE068,dcid:WesternAsia,2019,25941.38095
dcs:who/AIR_45.AGE--Y15T19__ENVCAUSE--ENVCAUSE039,dcid:WesternAsia,2019,6361.39645
dcs:who/AIR_45.AGE--Y30T34__ENVCAUSE--ENVCAUSE114,dcid:WesternAsia,2019,10699.94945
dcs:who/AIR_45.AGE--Y45T49__ENVCAUSE--ENVCAUSE114,dcid:WesternAsia,2019,32902.00781
dcs:who/AIR_45.AGE--Y60T64__ENVCAUSE--ENVCAUSE039,dcid:WesternAsia,2019,16717.94739
dcs:who/AIR_45.AGE--Y_GE80__ENVCAUSE--ENVCAUSE114,dcid:WesternAsia,2019,74424.5079
dcs:who/AIR_45.AGE--Y55T59__ENVCAUSE--ENVCAUSE039,dcid:WesternAsia,2019,15044.46523
dcs:who/AIR_45.ENVCAUSE--ENVCAUSE114,dcid:WesternAsia,2019,465896.5112
dcs:who/AIR_45.AGE--Y35T39__ENVCAUSE--ENVCAUSE039,dcid:WesternAsia,2019,11161.13731
dcs:who/AIR_45.AGE--Y60T64__ENVCAUSE--ENVCAUSE114,dcid:WesternAsia,2019,51618.77346
dcs:who/AIR_45.AGE--Y0T4__ENVCAUSE--ENVCAUSE039,dcid:WesternAsia,2019,279584.917
dcs:who/AIR_45.ENVCAUSE--ENVCAUSE039,dcid:WesternAsia,2019,499857.6245
dcs:who/AIR_45.AGE--Y_GE80__ENVCAUSE--ENVCAUSE118,dcid:WesternAsia,2019,24927.69459
dcs:who/AIR_45.AGE--Y70T74__ENVCAUSE--ENVCAUSE114,dcid:WesternAsia,2019,51955.77438
dcs:who/AIR_45.AGE--Y30T34__ENVCAUSE--ENVCAUSE039,dcid:WesternAsia,2019,9700.16245
dcs:who/AIR_45.AGE--Y5T9__ENVCAUSE--ENVCAUSE039,dcid:WesternAsia,2019,15927.53545
dcs:who/AIR_45.AGE--Y30T34__ENVCAUSE--ENVCAUSE118,dcid:WesternAsia,2019,2450.40152
dcs:who/AIR_45.AGE--Y45T49__ENVCAUSE--ENVCAUSE039,dcid:WesternAsia,2019,14211.98611
dcs:who/AIR_45.SEX--F,dcid:WesternAsia,2019,1116291.825
dcs:who/AIR_45.AGE--Y35T39__ENVCAUSE--ENVCAUSE114,dcid:WesternAsia,2019,16812.9708
dcs:who/AIR_45.AGE--Y65T69__ENVCAUSE--ENVCAUSE118,dcid:WesternAsia,2019,17808.73851
dcs:who/AIR_45.AGE--Y55T59__ENVCAUSE--ENVCAUSE118,dcid:WesternAsia,2019,11161.64277
dcs:who/AIR_45.AGE--Y30T34__ENVCAUSE--ENVCAUSE068,dcid:WesternAsia,2019,902.60988
dcs:who/AIR_45.AGE--Y75T79__ENVCAUSE--ENVCAUSE039,dcid:WesternAsia,2019,15891.07188
dcs:who/AIR_45.AGE--Y_GE80__ENVCAUSE--ENVCAUSE068,dcid:WesternAsia,2019,6606.17333
dcs:who/AIR_45.AGE--Y50T54__ENVCAUSE--ENVCAUSE039,dcid:WesternAsia,2019,14168.48673
dcs:who/AIR_45.AGE--Y60T64__ENVCAUSE--ENVCAUSE118,dcid:WesternAsia,2019,15313.1617
dcs:who/AIR_45.ENVCAUSE--ENVCAUSE068,dcid:WesternAsia,2019,142737.4489
dcs:who/AIR_45.AGE--Y35T39__ENVCAUSE--ENVCAUSE068,dcid:WesternAsia,2019,2223.54364
dcs:who/AIR_45.AGE--Y10T14__ENVCAUSE--ENVCAUSE039,dcid:WesternAsia,2019,13378.2444
dcs:who/AIR_45.AGE--Y70T74__ENVCAUSE--ENVCAUSE118,dcid:WesternAsia,2019,18816.981
dcs:who/AIR_45.AGE--Y40T44__ENVCAUSE--ENVCAUSE068,dcid:WesternAsia,2019,5033.5637
dcs:who/AIR_45.AGE--Y75T79__ENVCAUSE--ENVCAUSE114,dcid:WesternAsia,2019,53252.01192
dcs:who/AIR_45.AGE--Y65T69__ENVCAUSE--ENVCAUSE039,dcid:WesternAsia,2019,16266.44628
dcs:who/AIR_45.AGE--Y25T29__ENVCAUSE--ENVCAUSE068,dcid:WesternAsia,2019,596.48765
dcs:who/AIR_45.AGE--Y65T69__ENVCAUSE--ENVCAUSE114,dcid:WesternAsia,2019,56626.29277
dcs:who/AIR_45.AGE--Y25T29__ENVCAUSE--ENVCAUSE039,dcid:WesternAsia,2019,8228.46988
dcs:who/AIR_45.AGE--Y50T54__ENVCAUSE--ENVCAUSE068,dcid:WesternAsia,2019,18432.9523
dcs:who/AIR_45.AGE--Y20T24__ENVCAUSE--ENVCAUSE039,dcid:WesternAsia,2019,7084.21692
dcs:who/AIR_45.AGE--Y35T39__ENVCAUSE--ENVCAUSE118,dcid:WesternAsia,2019,3016.09671
dcs:who/AIR_45.AGE--Y65T69__ENVCAUSE--ENVCAUSE113,dcid:WesternAsia,2019,200961.5909
dcs:who/AIR_45.AGE--Y35T39__ENVCAUSE--ENVCAUSE113,dcid:WesternAsia,2019,50357.4914
dcs:who/AIR_45.AGE--Y60T64__ENVCAUSE--ENVCAUSE113,dcid:WesternAsia,2019,203843.7041
dcs:who/AIR_45.AGE--Y55T59__ENVCAUSE--ENVCAUSE113,dcid:WesternAsia,2019,191925.6696
dcs:who/AIR_45.AGE--Y40T44__ENVCAUSE--ENVCAUSE113,dcid:WesternAsia,2019,87028.76497
dcs:who/AIR_45.AGE--Y25T29__ENVCAUSE--ENVCAUSE113,dcid:WesternAsia,2019,16063.52562
dcs:who/AIR_45.AGE--Y45T49__ENVCAUSE--ENVCAUSE113,dcid:WesternAsia,2019,132902.318
dcs:who/AIR_45.AGE--Y50T54__ENVCAUSE--ENVCAUSE113,dcid:WesternAsia,2019,166595.3692
dcs:who/AIR_45.AGE--Y_GE80__ENVCAUSE--ENVCAUSE113,dcid:WesternAsia,2019,221548.0256
dcs:who/AIR_45.AGE--Y30T34__ENVCAUSE--ENVCAUSE113,dcid:WesternAsia,2019,32213.91733
dcs:who/AIR_45,dcid:WesternAsia,2019,2858540.652
dcs:who/AIR_45.AGE--Y70T74__ENVCAUSE--ENVCAUSE113,dcid:WesternAsia,2019,164157.7531
dcs:who/AIR_45.AGE--Y75T79__ENVCAUSE--ENVCAUSE113,dcid:WesternAsia,2019,150505.2453
dcs:who/AIR_45.ENVCAUSE--ENVCAUSE113,dcid:WesternAsia,2019,1618103.375
dcs:who/AIR_45.AGE--Y25T29__ENVCAUSE--ENVCAUSE114,dcid:WesternAsia,2019,7901.69192
dcs:who/AIR_45.ENVCAUSE--ENVCAUSE068__SEX--M,dcid:africa,2019,45210.13577
dcs:who/AIR_45.AGE--Y50T54__ENVCAUSE--ENVCAUSE118__SEX--M,dcid:africa,2019,19107.803
dcs:who/AIR_45.AGE--Y20T24__ENVCAUSE--ENVCAUSE039__SEX--M,dcid:africa,2019,45060.30252
dcs:who/AIR_45.ENVCAUSE--ENVCAUSE039__SEX--M,dcid:africa,2019,5616224.728
dcs:who/AIR_45.AGE--Y40T44__ENVCAUSE--ENVCAUSE118__SEX--M,dcid:africa,2019,8193.3407
dcs:who/AIR_45.AGE--Y30T34__ENVCAUSE--ENVCAUSE118__SEX--M,dcid:africa,2019,4444.33684
dcs:who/AIR_45.AGE--Y_GE80__ENVCAUSE--ENVCAUSE068__SEX--M,dcid:africa,2019,1370.44468
dcs:who/AIR_45.AGE--Y35T39__ENVCAUSE--ENVCAUSE068__SEX--M,dcid:africa,2019,1260.33852
dcs:who/AIR_45.AGE--Y65T69__ENVCAUSE--ENVCAUSE068__SEX--M,dcid:africa,2019,5891.1814
dcs:who/AIR_45.AGE--Y10T14__ENVCAUSE--ENVCAUSE039__SEX--M,dcid:africa,2019,119093.8004
dcs:who/AIR_45.AGE--Y25T29__ENVCAUSE--ENVCAUSE118__SEX--M,dcid:africa,2019,3184.68819
dcs:who/AIR_45.AGE--Y_GE80__ENVCAUSE--ENVCAUSE118__SEX--M,dcid:africa,2019,20596.52447
dcs:who/AIR_45.AGE--Y55T59__ENVCAUSE--ENVCAUSE114__SEX--M,dcid:africa,2019,90996.94883
dcs:who/AIR_45.AGE--Y0T4__ENVCAUSE--ENVCAUSE039__SEX--M,dcid:africa,2019,4170709.461
dcs:who/AIR_45.ENVCAUSE--ENVCAUSE118__SEX--M,dcid:africa,2019,237001.1978
dcs:who/AIR_45.AGE--Y75T79__ENVCAUSE--ENVCAUSE068__SEX--M,dcid:africa,2019,2301.11621
dcs:who/AIR_45.AGE--Y75T79__ENVCAUSE--ENVCAUSE114__SEX--M,dcid:africa,2019,59975.0266
dcs:who/AIR_45.AGE--Y60T64__ENVCAUSE--ENVCAUSE039__SEX--M,dcid:africa,2019,118404.4891
dcs:who/AIR_45.AGE--Y45T49__ENVCAUSE--ENVCAUSE068__SEX--M,dcid:africa,2019,5122.72661
dcs:who/AIR_45.AGE--Y75T79__ENVCAUSE--ENVCAUSE039__SEX--M,dcid:africa,2019,72746.16199
dcs:who/AIR_45.AGE--Y60T64__ENVCAUSE--ENVCAUSE114__SEX--M,dcid:africa,2019,115540.3956
dcs:who/AIR_45.AGE--Y65T69__ENVCAUSE--ENVCAUSE114__SEX--M,dcid:africa,2019,106276.43
dcs:who/AIR_45.AGE--Y5T9__ENVCAUSE--ENVCAUSE039__SEX--M,dcid:africa,2019,226222.4171
dcs:who/AIR_45.AGE--Y50T54__ENVCAUSE--ENVCAUSE068__SEX--M,dcid:africa,2019,6715.48124
dcs:who/AIR_45.AGE--Y70T74__ENVCAUSE--ENVCAUSE068__SEX--M,dcid:africa,2019,3864.88826
dcs:who/AIR_45.AGE--Y45T49__ENVCAUSE--ENVCAUSE039__SEX--M,dcid:africa,2019,90816.26224
dcs:who/AIR_45.AGE--Y30T34__ENVCAUSE--ENVCAUSE068__SEX--M,dcid:africa,2019,740.832
dcs:who/AIR_45.AGE--Y70T74__ENVCAUSE--ENVCAUSE118__SEX--M,dcid:africa,2019,41198.53576
dcs:who/AIR_45.AGE--Y65T69__ENVCAUSE--ENVCAUSE118__SEX--M,dcid:africa,2019,38563.61075
dcs:who/AIR_45.AGE--Y35T39__ENVCAUSE--ENVCAUSE118__SEX--M,dcid:africa,2019,4520.08582
dcs:who/AIR_45.AGE--Y40T44__ENVCAUSE--ENVCAUSE039__SEX--M,dcid:africa,2019,73724.24966
dcs:who/AIR_45.AGE--Y45T49__ENVCAUSE--ENVCAUSE114__SEX--M,dcid:africa,2019,57943.20721
dcs:who/AIR_45.AGE--Y25T29__ENVCAUSE--ENVCAUSE039__SEX--M,dcid:africa,2019,52816.96708
dcs:who/AIR_45.AGE--Y35T39__ENVCAUSE--ENVCAUSE039__SEX--M,dcid:africa,2019,67345.76622
dcs:who/AIR_45.AGE--Y25T29__ENVCAUSE--ENVCAUSE068__SEX--M,dcid:africa,2019,352.01274
dcs:who/AIR_45.AGE--Y55T59__ENVCAUSE--ENVCAUSE039__SEX--M,dcid:africa,2019,109732.463
dcs:who/AIR_45.AGE--Y70T74__ENVCAUSE--ENVCAUSE039__SEX--M,dcid:africa,2019,102419.3277
dcs:who/AIR_45.AGE--Y45T49__ENVCAUSE--ENVCAUSE118__SEX--M,dcid:africa,2019,11627.89247
dcs:who/AIR_45.AGE--Y_GE80__ENVCAUSE--ENVCAUSE039__SEX--M,dcid:africa,2019,59509.17725
dcs:who/AIR_45.AGE--Y30T34__ENVCAUSE--ENVCAUSE039__SEX--M,dcid:africa,2019,59034.27849
dcs:who/AIR_45.AGE--Y50T54__ENVCAUSE--ENVCAUSE114__SEX--M,dcid:africa,2019,80268.19108
dcs:who/AIR_45.AGE--Y75T79__ENVCAUSE--ENVCAUSE118__SEX--M,dcid:africa,2019,26136.58276
dcs:who/AIR_45.AGE--Y60T64__ENVCAUSE--ENVCAUSE068__SEX--M,dcid:africa,2019,7163.45509
dcs:who/AIR_45.AGE--Y65T69__ENVCAUSE--ENVCAUSE039__SEX--M,dcid:africa,2019,111652.9938
dcs:who/AIR_45.AGE--Y60T64__ENVCAUSE--ENVCAUSE118__SEX--M,dcid:africa,2019,34288.96909
dcs:who/AIR_45.AGE--Y_GE80__ENVCAUSE--ENVCAUSE114__SEX--M,dcid:africa,2019,46862.678
dcs:who/AIR_45.AGE--Y50T54__ENVCAUSE--ENVCAUSE039__SEX--M,dcid:africa,2019,94531.16779
dcs:who/AIR_45.AGE--Y55T59__ENVCAUSE--ENVCAUSE068__SEX--M,dcid:africa,2019,7496.03456
dcs:who/AIR_45.AGE--Y15T19__ENVCAUSE--ENVCAUSE039__SEX--M,dcid:africa,2019,42405.44214
dcs:who/AIR_45.AGE--Y55T59__ENVCAUSE--ENVCAUSE118__SEX--M,dcid:africa,2019,25138.82795
dcs:who/AIR_45.AGE--Y40T44__ENVCAUSE--ENVCAUSE068__SEX--M,dcid:africa,2019,2931.62447
dcs:who/AIR_45.ENVCAUSE--ENVCAUSE114__SEX--M,dcid:africa,2019,752375.4914
dcs:who/AIR_45.AGE--Y70T74__ENVCAUSE--ENVCAUSE114__SEX--M,dcid:africa,2019,87403.67565
dcs:who/AIR_45.AGE--Y60T64__ENVCAUSE--ENVCAUSE113__SEX--M,dcid:africa,2019,175940.3341
dcs:who/AIR_45.AGE--Y50T54__ENVCAUSE--ENVCAUSE039__SEX--F,dcid:africa,2019,62625.94761
dcs:who/AIR_45.SEX--M,dcid:africa,2019,7903152.116
dcs:who/AIR_45.AGE--Y75T79__ENVCAUSE--ENVCAUSE113__SEX--M,dcid:africa,2019,94623.275
dcs:who/AIR_45.AGE--Y70T74__ENVCAUSE--ENVCAUSE039__SEX--F,dcid:africa,2019,87481.35954
dcs:who/AIR_45.AGE--Y30T34__ENVCAUSE--ENVCAUSE068__SEX--F,dcid:africa,2019,478.66314
dcs:who/AIR_45.AGE--Y_GE80__ENVCAUSE--ENVCAUSE113__SEX--M,dcid:africa,2019,88238.74013
dcs:who/AIR_45.AGE--Y25T29__ENVCAUSE--ENVCAUSE039__SEX--F,dcid:africa,2019,43609.88661
dcs:who/AIR_45.AGE--Y40T44__ENVCAUSE--ENVCAUSE068__SEX--F,dcid:africa,2019,1775.16161
dcs:who/AIR_45.AGE--Y45T49__ENVCAUSE--ENVCAUSE068__SEX--F,dcid:africa,2019,2733.70049
dcs:who/AIR_45.AGE--Y65T69__ENVCAUSE--ENVCAUSE068__SEX--F,dcid:africa,2019,2612.46036
dcs:who/AIR_45.AGE--Y5T9__ENVCAUSE--ENVCAUSE039__SEX--F,dcid:africa,2019,249264.6258
dcs:who/AIR_45.AGE--Y60T64__ENVCAUSE--ENVCAUSE039__SEX--F,dcid:africa,2019,78660.34142
dcs:who/AIR_45.AGE--Y_GE80__ENVCAUSE--ENVCAUSE039__SEX--F,dcid:africa,2019,66389.67331
dcs:who/AIR_45.AGE--Y_GE80__ENVCAUSE--ENVCAUSE118__SEX--F,dcid:africa,2019,15636.09945
dcs:who/AIR_45.AGE--Y65T69__ENVCAUSE--ENVCAUSE113__SEX--M,dcid:africa,2019,173554.5146
dcs:who/AIR_45.AGE--Y45T49__ENVCAUSE--ENVCAUSE113__SEX--M,dcid:africa,2019,106404.8834
dcs:who/AIR_45.AGE--Y70T74__ENVCAUSE--ENVCAUSE113__SEX--M,dcid:africa,2019,148141.0632
dcs:who/AIR_45.AGE--Y70T74__ENVCAUSE--ENVCAUSE068__SEX--F,dcid:africa,2019,1876.80161
dcs:who/AIR_45.AGE--Y25T29__ENVCAUSE--ENVCAUSE114__SEX--M,dcid:africa,2019,15492.70433
dcs:who/AIR_45.AGE--Y35T39__ENVCAUSE--ENVCAUSE068__SEX--F,dcid:africa,2019,1091.41689
dcs:who/AIR_45.AGE--Y55T59__ENVCAUSE--ENVCAUSE039__SEX--F,dcid:africa,2019,68437.63552
dcs:who/AIR_45.AGE--Y25T29__ENVCAUSE--ENVCAUSE113__SEX--M,dcid:africa,2019,15434.6718
dcs:who/AIR_45.AGE--Y35T39__ENVCAUSE--ENVCAUSE039__SEX--F,dcid:africa,2019,48106.0649
dcs:who/AIR_45.AGE--Y25T29__ENVCAUSE--ENVCAUSE068__SEX--F,dcid:africa,2019,257.34935
dcs:who/AIR_45.ENVCAUSE--ENVCAUSE039__SEX--F,dcid:africa,2019,4324377.862
dcs:who/AIR_45.AGE--Y10T14__ENVCAUSE--ENVCAUSE039__SEX--F,dcid:africa,2019,105635.4376
dcs:who/AIR_45.AGE--Y_GE80__ENVCAUSE--ENVCAUSE068__SEX--F,dcid:africa,2019,800.89515
dcs:who/AIR_45.AGE--Y60T64__ENVCAUSE--ENVCAUSE068__SEX--F,dcid:africa,2019,3478.75307
dcs:who/AIR_45.AGE--Y75T79__ENVCAUSE--ENVCAUSE068__SEX--F,dcid:africa,2019,1176.5224
dcs:who/AIR_45.AGE--Y55T59__ENVCAUSE--ENVCAUSE113__SEX--M,dcid:africa,2019,161517.2179
dcs:who/AIR_45.ENVCAUSE--ENVCAUSE118__SEX--F,dcid:africa,2019,150654.4234
dcs:who/AIR_45.ENVCAUSE--ENVCAUSE068__SEX--F,dcid:africa,2019,22875.98452
dcs:who/AIR_45.AGE--Y45T49__ENVCAUSE--ENVCAUSE039__SEX--F,dcid:africa,2019,45265.35479
dcs:who/AIR_45.AGE--Y40T44__ENVCAUSE--ENVCAUSE113__SEX--M,dcid:africa,2019,71776.05246
dcs:who/AIR_45.AGE--Y55T59__ENVCAUSE--ENVCAUSE068__SEX--F,dcid:africa,2019,3387.48656
dcs:who/AIR_45.AGE--Y35T39__ENVCAUSE--ENVCAUSE113__SEX--M,dcid:africa,2019,50572.35829
dcs:who/AIR_45.AGE--Y40T44__ENVCAUSE--ENVCAUSE039__SEX--F,dcid:africa,2019,47442.41089
dcs:who/AIR_45.AGE--Y0T4__ENVCAUSE--ENVCAUSE039__SEX--F,dcid:africa,2019,3150720.219
dcs:who/AIR_45.AGE--Y30T34__ENVCAUSE--ENVCAUSE114__SEX--M,dcid:africa,2019,19071.4863
dcs:who/AIR_45.AGE--Y35T39__ENVCAUSE--ENVCAUSE114__SEX--M,dcid:africa,2019,25828.05778
dcs:who/AIR_45.AGE--Y65T69__ENVCAUSE--ENVCAUSE039__SEX--F,dcid:africa,2019,83039.79259
dcs:who/AIR_45.ENVCAUSE--ENVCAUSE113__SEX--M,dcid:africa,2019,1252340.563
dcs:who/AIR_45.AGE--Y40T44__ENVCAUSE--ENVCAUSE114__SEX--M,dcid:africa,2019,46716.69005
dcs:who/AIR_45.AGE--Y50T54__ENVCAUSE--ENVCAUSE113__SEX--M,dcid:africa,2019,135702.3733
dcs:who/AIR_45.AGE--Y30T34__ENVCAUSE--ENVCAUSE113__SEX--M,dcid:africa,2019,30435.07935
dcs:who/AIR_45.AGE--Y30T34__ENVCAUSE--ENVCAUSE039__SEX--F,dcid:africa,2019,47705.73283
dcs:who/AIR_45.AGE--Y75T79__ENVCAUSE--ENVCAUSE039__SEX--F,dcid:africa,2019,68768.88691
dcs:who/AIR_45.AGE--Y15T19__ENVCAUSE--ENVCAUSE039__SEX--F,dcid:africa,2019,36144.42307
dcs:who/AIR_45.AGE--Y20T24__ENVCAUSE--ENVCAUSE039__SEX--F,dcid:africa,2019,35080.06866
dcs:who/AIR_45.AGE--Y50T54__ENVCAUSE--ENVCAUSE068__SEX--F,dcid:africa,2019,3206.77387
dcs:who/AIR_45.AGE--Y55T59__ENVCAUSE--ENVCAUSE113__SEX--F,dcid:africa,2019,95345.09883
dcs:who/AIR_45.AGE--Y_GE80__ENVCAUSE--ENVCAUSE114__SEX--F,dcid:africa,2019,71983.87329
dcs:who/AIR_45.AGE--Y40T44__ENVCAUSE--ENVCAUSE118__SEX--F,dcid:africa,2019,2984.52276
dcs:who/AIR_45.AGE--Y30T34__ENVCAUSE--ENVCAUSE118__SEX--F,dcid:africa,2019,2805.0363
dcs:who/AIR_45.ENVCAUSE--ENVCAUSE114__SEX--F,dcid:africa,2019,731418.5725
dcs:who/AIR_45.AGE--Y35T39__ENVCAUSE--ENVCAUSE114__SEX--F,dcid:africa,2019,23090.76301
dcs:who/AIR_45.AGE--Y60T64__ENVCAUSE--ENVCAUSE118__SEX--F,dcid:africa,2019,20603.40761
dcs:who/AIR_45.AGE--Y55T59__ENVCAUSE--ENVCAUSE118__SEX--F,dcid:africa,2019,14980.73224
dcs:who/AIR_45.AGE--Y60T64__ENVCAUSE--ENVCAUSE114__SEX--F,dcid:africa,2019,92351.81743
dcs:who/AIR_45.AGE--Y70T74__ENVCAUSE--ENVCAUSE113__SEX--F,dcid:africa,2019,152161.2496
dcs:who/AIR_45.AGE--Y70T74__ENVCAUSE--ENVCAUSE068,dcid:africa,2019,5741.68987
dcs:who/AIR_45.AGE--Y60T64__ENVCAUSE--ENVCAUSE113__SEX--F,dcid:africa,2019,124105.0135
dcs:who/AIR_45.ENVCAUSE--ENVCAUSE068,dcid:africa,2019,68086.12029
dcs:who/AIR_45.AGE--Y50T54__ENVCAUSE--ENVCAUSE118__SEX--F,dcid:africa,2019,10826.09807
dcs:who/AIR_45.AGE--Y50T54__ENVCAUSE--ENVCAUSE113__SEX--F,dcid:africa,2019,78423.4002
dcs:who/AIR_45.AGE--Y45T49__ENVCAUSE--ENVCAUSE114__SEX--F,dcid:africa,2019,46351.13787
dcs:who/AIR_45.AGE--Y70T74__ENVCAUSE--ENVCAUSE114__SEX--F,dcid:africa,2019,103059.5632
dcs:who/AIR_45.SEX--F,dcid:africa,2019,6198213.825
dcs:who/AIR_45.AGE--Y30T34__ENVCAUSE--ENVCAUSE113__SEX--F,dcid:africa,2019,15337.89371
dcs:who/AIR_45.AGE--Y25T29__ENVCAUSE--ENVCAUSE113__SEX--F,dcid:africa,2019,6644.31269
dcs:who/AIR_45.ENVCAUSE--ENVCAUSE113__SEX--F,dcid:africa,2019,968886.9827
dcs:who/AIR_45.AGE--Y55T59__ENVCAUSE--ENVCAUSE114__SEX--F,dcid:africa,2019,79856.38626
dcs:who/AIR_45.AGE--Y75T79__ENVCAUSE--ENVCAUSE118__SEX--F,dcid:africa,2019,19504.85259
dcs:who/AIR_45.AGE--Y70T74__ENVCAUSE--ENVCAUSE118__SEX--F,dcid:africa,2019,25303.01886
dcs:who/AIR_45.AGE--Y65T69__ENVCAUSE--ENVCAUSE068,dcid:africa,2019,8503.64176
dcs:who/AIR_45.AGE--Y50T54__ENVCAUSE--ENVCAUSE068,dcid:africa,2019,9922.25512
dcs:who/AIR_45.AGE--Y65T69__ENVCAUSE--ENVCAUSE114__SEX--F,dcid:africa,2019,100747.2308
dcs:who/AIR_45.AGE--Y_GE80__ENVCAUSE--ENVCAUSE113__SEX--F,dcid:africa,2019,120302.008
dcs:who/AIR_45.AGE--Y75T79__ENVCAUSE--ENVCAUSE068,dcid:africa,2019,3477.63862
dcs:who/AIR_45.AGE--Y50T54__ENVCAUSE--ENVCAUSE114__SEX--F,dcid:africa,2019,69453.31365
dcs:who/AIR_45.AGE--Y60T64__ENVCAUSE--ENVCAUSE068,dcid:africa,2019,10642.20815
dcs:who/AIR_45.AGE--Y_GE80__ENVCAUSE--ENVCAUSE068,dcid:africa,2019,2171.33982
dcs:who/AIR_45.AGE--Y40T44__ENVCAUSE--ENVCAUSE113__SEX--F,dcid:africa,2019,32966.98668
dcs:who/AIR_45.AGE--Y45T49__ENVCAUSE--ENVCAUSE118__SEX--F,dcid:africa,2019,6177.47454
dcs:who/AIR_45.AGE--Y35T39__ENVCAUSE--ENVCAUSE113__SEX--F,dcid:africa,2019,21661.40818
dcs:who/AIR_45.AGE--Y25T29__ENVCAUSE--ENVCAUSE114__SEX--F,dcid:africa,2019,9114.30108
dcs:who/AIR_45.AGE--Y25T29__ENVCAUSE--ENVCAUSE118__SEX--F,dcid:africa,2019,2007.32397
dcs:who/AIR_45.AGE--Y55T59__ENVCAUSE--ENVCAUSE068,dcid:africa,2019,10883.52112
dcs:who/AIR_45.AGE--Y30T34__ENVCAUSE--ENVCAUSE114__SEX--F,dcid:africa,2019,15503.72222
dcs:who/AIR_45.AGE--Y35T39__ENVCAUSE--ENVCAUSE118__SEX--F,dcid:africa,2019,3294.96408
dcs:who/AIR_45.AGE--Y75T79__ENVCAUSE--ENVCAUSE113__SEX--F,dcid:africa,2019,120458.0431
dcs:who/AIR_45.AGE--Y65T69__ENVCAUSE--ENVCAUSE113__SEX--F,dcid:africa,2019,147408.9922
dcs:who/AIR_45.AGE--Y65T69__ENVCAUSE--ENVCAUSE118__SEX--F,dcid:africa,2019,26530.89296
dcs:who/AIR_45.AGE--Y45T49__ENVCAUSE--ENVCAUSE113__SEX--F,dcid:africa,2019,54072.57608
dcs:who/AIR_45.AGE--Y40T44__ENVCAUSE--ENVCAUSE114__SEX--F,dcid:africa,2019,33997.61411
dcs:who/AIR_45.AGE--Y75T79__ENVCAUSE--ENVCAUSE114__SEX--F,dcid:africa,2019,85908.84957
dcs:who/AIR_45.AGE--Y50T54__ENVCAUSE--ENVCAUSE114,dcid:africa,2019,149721.5047
dcs:who/AIR_45.AGE--Y25T29__ENVCAUSE--ENVCAUSE118,dcid:africa,2019,5192.01216
dcs:who/AIR_45.AGE--Y0T4__ENVCAUSE--ENVCAUSE039,dcid:africa,2019,7321429.681
dcs:who/AIR_45.AGE--Y50T54__ENVCAUSE--ENVCAUSE118,dcid:africa,2019,29933.90107
dcs:who/AIR_45.AGE--Y40T44__ENVCAUSE--ENVCAUSE114,dcid:africa,2019,80714.30416
dcs:who/AIR_45.AGE--Y65T69__ENVCAUSE--ENVCAUSE039,dcid:africa,2019,194692.7864
dcs:who/AIR_45.AGE--Y20T24__ENVCAUSE--ENVCAUSE039,dcid:africa,2019,80140.37118
dcs:who/AIR_45.AGE--Y_GE80__ENVCAUSE--ENVCAUSE039,dcid:africa,2019,125898.8506
dcs:who/AIR_45.AGE--Y45T49__ENVCAUSE--ENVCAUSE118,dcid:africa,2019,17805.367
dcs:who/AIR_45.AGE--Y60T64__ENVCAUSE--ENVCAUSE114,dcid:africa,2019,207892.213
dcs:who/AIR_45.AGE--Y30T34__ENVCAUSE--ENVCAUSE068,dcid:africa,2019,1219.49514
dcs:who/AIR_45.AGE--Y35T39__ENVCAUSE--ENVCAUSE039,dcid:africa,2019,115451.8311
dcs:who/AIR_45.AGE--Y65T69__ENVCAUSE--ENVCAUSE114,dcid:africa,2019,207023.6608
dcs:who/AIR_45.AGE--Y25T29__ENVCAUSE--ENVCAUSE114,dcid:africa,2019,24607.00541
dcs:who/AIR_45.AGE--Y60T64__ENVCAUSE--ENVCAUSE039,dcid:africa,2019,197064.8305
dcs:who/AIR_45.AGE--Y45T49__ENVCAUSE--ENVCAUSE114,dcid:africa,2019,104294.3451
dcs:who/AIR_45.AGE--Y60T64__ENVCAUSE--ENVCAUSE118,dcid:africa,2019,54892.3767
dcs:who/AIR_45.AGE--Y75T79__ENVCAUSE--ENVCAUSE039,dcid:africa,2019,141515.0489
dcs:who/AIR_45.AGE--Y10T14__ENVCAUSE--ENVCAUSE039,dcid:africa,2019,224729.238
dcs:who/AIR_45.ENVCAUSE--ENVCAUSE118,dcid:africa,2019,387655.6212
dcs:who/AIR_45.AGE--Y55T59__ENVCAUSE--ENVCAUSE114,dcid:africa,2019,170853.3351
dcs:who/AIR_45.ENVCAUSE--ENVCAUSE114,dcid:africa,2019,1483794.064
dcs:who/AIR_45.AGE--Y40T44__ENVCAUSE--ENVCAUSE039,dcid:africa,2019,121166.6605
dcs:who/AIR_45.AGE--Y55T59__ENVCAUSE--ENVCAUSE118,dcid:africa,2019,40119.56019
dcs:who/AIR_45.AGE--Y40T44__ENVCAUSE--ENVCAUSE068,dcid:africa,2019,4706.78608
dcs:who/AIR_45.AGE--Y35T39__ENVCAUSE--ENVCAUSE114,dcid:africa,2019,48918.82079
dcs:who/AIR_45.AGE--Y55T59__ENVCAUSE--ENVCAUSE039,dcid:africa,2019,178170.0986
dcs:who/AIR_45.AGE--Y25T29__ENVCAUSE--ENVCAUSE068,dcid:africa,2019,609.36209
dcs:who/AIR_45.AGE--Y30T34__ENVCAUSE--ENVCAUSE039,dcid:africa,2019,106740.0113
dcs:who/AIR_45.AGE--Y30T34__ENVCAUSE--ENVCAUSE114,dcid:africa,2019,34575.20852
dcs:who/AIR_45.AGE--Y5T9__ENVCAUSE--ENVCAUSE039,dcid:africa,2019,475487.043
dcs:who/AIR_45.AGE--Y45T49__ENVCAUSE--ENVCAUSE039,dcid:africa,2019,136081.617
dcs:who/AIR_45.AGE--Y45T49__ENVCAUSE--ENVCAUSE068,dcid:africa,2019,7856.4271
dcs:who/AIR_45.AGE--Y_GE80__ENVCAUSE--ENVCAUSE113,dcid:africa,2019,208540.7481
dcs:who/AIR_45.AGE--Y70T74__ENVCAUSE--ENVCAUSE118,dcid:africa,2019,66501.55462
dcs:who/AIR_45.AGE--Y15T19__ENVCAUSE--ENVCAUSE039,dcid:africa,2019,78549.86521
dcs:who/AIR_45.AGE--Y65T69__ENVCAUSE--ENVCAUSE118,dcid:africa,2019,65094.50371
dcs:who/AIR_45.ENVCAUSE--ENVCAUSE113,dcid:africa,2019,2221227.546
dcs:who/AIR_45.AGE--Y25T29__ENVCAUSE--ENVCAUSE039,dcid:africa,2019,96426.85369
dcs:who/AIR_45.AGE--Y30T34__ENVCAUSE--ENVCAUSE118,dcid:africa,2019,7249.37315
dcs:who/AIR_45.ENVCAUSE--ENVCAUSE039,dcid:africa,2019,9940602.589
dcs:who/AIR_45.AGE--Y50T54__ENVCAUSE--ENVCAUSE039,dcid:africa,2019,157157.1154
dcs:who/AIR_45.AGE--Y_GE80__ENVCAUSE--ENVCAUSE114,dcid:africa,2019,118846.5513
dcs:who/AIR_45.AGE--Y75T79__ENVCAUSE--ENVCAUSE114,dcid:africa,2019,145883.8762
dcs:who/AIR_45.AGE--Y40T44__ENVCAUSE--ENVCAUSE118,dcid:africa,2019,11177.86346
dcs:who/AIR_45.AGE--Y_GE80__ENVCAUSE--ENVCAUSE118,dcid:africa,2019,36232.62392
dcs:who/AIR_45.AGE--Y35T39__ENVCAUSE--ENVCAUSE118,dcid:africa,2019,7815.0499
dcs:who/AIR_45.AGE--Y35T39__ENVCAUSE--ENVCAUSE068,dcid:africa,2019,2351.75541
dcs:who/AIR_45.AGE--Y70T74__ENVCAUSE--ENVCAUSE114,dcid:africa,2019,190463.2389
dcs:who/AIR_45.AGE--Y70T74__ENVCAUSE--ENVCAUSE039,dcid:africa,2019,189900.6872
dcs:who/AIR_45.AGE--Y75T79__ENVCAUSE--ENVCAUSE118,dcid:africa,2019,45641.43535
dcs:who/AIR_45.AGE--Y65T69__ENVCAUSE--ENVCAUSE113,dcid:africa,2019,320963.5068
dcs:who/AIR_45.AGE--Y35T39__ENVCAUSE--ENVCAUSE113,dcid:africa,2019,72233.76647
dcs:who/AIR_45.AGE--Y50T54__ENVCAUSE--ENVCAUSE113,dcid:africa,2019,214125.7735
dcs:who/AIR_45,dcid:africa,2019,14101365.94
dcs:who/AIR_45.AGE--Y60T64__ENVCAUSE--ENVCAUSE113,dcid:africa,2019,300045.3476
dcs:who/AIR_45.AGE--Y75T79__ENVCAUSE--ENVCAUSE113,dcid:africa,2019,215081.318
dcs:who/AIR_45.AGE--Y25T29__ENVCAUSE--ENVCAUSE113,dcid:africa,2019,22078.98449
dcs:who/AIR_45.AGE--Y70T74__ENVCAUSE--ENVCAUSE113,dcid:africa,2019,300302.3128
dcs:who/AIR_45.AGE--Y45T49__ENVCAUSE--ENVCAUSE113,dcid:africa,2019,160477.4594
dcs:who/AIR_45.AGE--Y55T59__ENVCAUSE--ENVCAUSE113,dcid:africa,2019,256862.3167
dcs:who/AIR_45.AGE--Y30T34__ENVCAUSE--ENVCAUSE113,dcid:africa,2019,45772.97306
dcs:who/AIR_45.AGE--Y40T44__ENVCAUSE--ENVCAUSE113,dcid:africa,2019,104743.0391
dcs:who/AIR_45.ENVCAUSE--ENVCAUSE113__SEX--F,dcid:country/AFG,2019,141633.5461
dcs:who/AIR_45.ENVCAUSE--ENVCAUSE039__SEX--M,dcid:country/AFG,2019,138642.2819
dcs:who/AIR_45.ENVCAUSE--ENVCAUSE118__SEX--M,dcid:country/AFG,2019,15283.99692
dcs:who/AIR_45.ENVCAUSE--ENVCAUSE068__SEX--M,dcid:country/AFG,2019,5279.99332
dcs:who/AIR_45.SEX--F,dcid:country/AFG,2019,330071.8482
dcs:who/AIR_45.ENVCAUSE--ENVCAUSE113__SEX--M,dcid:country/AFG,2019,169683.0418
dcs:who/AIR_45.ENVCAUSE--ENVCAUSE118__SEX--F,dcid:country/AFG,2019,13741.80316
dcs:who/AIR_45.ENVCAUSE--ENVCAUSE068,dcid:country/AFG,2019,7393.35355
dcs:who/AIR_45,dcid:country/AFG,2019,703936.918
dcs:who/AIR_45.ENVCAUSE--ENVCAUSE114__SEX--F,dcid:country/AFG,2019,61690.51298
dcs:who/AIR_45.SEX--M,dcid:country/AFG,2019,373865.0698
dcs:who/AIR_45.ENVCAUSE--ENVCAUSE114__SEX--M,dcid:country/AFG,2019,44975.75587
dcs:who/AIR_45.ENVCAUSE--ENVCAUSE068__SEX--F,dcid:country/AFG,2019,2113.36023
dcs:who/AIR_45.ENVCAUSE--ENVCAUSE039__SEX--F,dcid:country/AFG,2019,110892.6258
dcs:who/AIR_45.ENVCAUSE--ENVCAUSE118,dcid:country/AFG,2019,29025.80007
dcs:who/AIR_45.ENVCAUSE--ENVCAUSE039,dcid:country/AFG,2019,249534.9076
dcs:who/AIR_45.ENVCAUSE--ENVCAUSE113,dcid:country/AFG,2019,311316.5879
dcs:who/AIR_45.ENVCAUSE--ENVCAUSE114,dcid:country/AFG,2019,106666.2689
dcs:who/AIR_45.ENVCAUSE--ENVCAUSE068__SEX--M,dcid:country/AGO,2019,687.60273
dcs:who/AIR_45.SEX--F,dcid:country/AGO,2019,149132.9667
dcs:who/AIR_45.ENVCAUSE--ENVCAUSE114,dcid:country/AGO,2019,35112.28739
dcs:who/AIR_45.ENVCAUSE--ENVCAUSE039__SEX--M,dcid:country/AGO,2019,150342.0847
dcs:who/AIR_45.ENVCAUSE--ENVCAUSE039__SEX--F,dcid:country/AGO,2019,109449.589
dcs:who/AIR_45.ENVCAUSE--ENVCAUSE068__SEX--F,dcid:country/AGO,2019,470.18492
dcs:who/AIR_45,dcid:country/AGO,2019,355730.987
dcs:who/AIR_45.ENVCAUSE--ENVCAUSE114__SEX--M,dcid:country/AGO,2019,20006.00798
dcs:who/AIR_45.ENVCAUSE--ENVCAUSE068,dcid:country/AGO,2019,1157.78765
dcs:who/AIR_45.ENVCAUSE--ENVCAUSE118__SEX--M,dcid:country/AGO,2019,4334.03212
dcs:who/AIR_45.ENVCAUSE--ENVCAUSE114__SEX--F,dcid:country/AGO,2019,15106.27942
dcs:who/AIR_45.ENVCAUSE--ENVCAUSE113__SEX--M,dcid:country/AGO,2019,31228.29281
dcs:who/AIR_45.SEX--M,dcid:country/AGO,2019,206598.0204
dcs:who/AIR_45.ENVCAUSE--ENVCAUSE113,dcid:country/AGO,2019,51836.38541
dcs:who/AIR_45.ENVCAUSE--ENVCAUSE118,dcid:country/AGO,2019,7832.85291
dcs:who/AIR_45.ENVCAUSE--ENVCAUSE039,dcid:country/AGO,2019,259791.6737
dcs:who/AIR_45.ENVCAUSE--ENVCAUSE118__SEX--F,dcid:country/AGO,2019,3498.82079
dcs:who/AIR_45.ENVCAUSE--ENVCAUSE113__SEX--F,dcid:country/AGO,2019,20608.09259
dcs:who/AIR_45.ENVCAUSE--ENVCAUSE039__SEX--F,dcid:country/ALB,2019,705.49017
dcs:who/AIR_45.ENVCAUSE--ENVCAUSE113__SEX--M,dcid:country/ALB,2019,12275.37778
dcs:who/AIR_45.ENVCAUSE--ENVCAUSE118,dcid:country/ALB,2019,1230.94908
dcs:who/AIR_45.ENVCAUSE--ENVCAUSE039,dcid:country/ALB,2019,1558.84752
dcs:who/AIR_45.ENVCAUSE--ENVCAUSE118__SEX--F,dcid:country/ALB,2019,487.65741
dcs:who/AIR_45.ENVCAUSE--ENVCAUSE113,dcid:country/ALB,2019,22157.63021
dcs:who/AIR_45.ENVCAUSE--ENVCAUSE068,dcid:country/ALB,2019,1705.40408
dcs:who/AIR_45.ENVCAUSE--ENVCAUSE068__SEX--M,dcid:country/ALB,2019,1462.08882
dcs:who/AIR_45.ENVCAUSE--ENVCAUSE039__SEX--M,dcid:country/ALB,2019,853.35734
dcs:who/AIR_45.ENVCAUSE--ENVCAUSE114__SEX--M,dcid:country/ALB,2019,5372.00176
dcs:who/AIR_45.SEX--M,dcid:country/ALB,2019,20706.11737
dcs:who/AIR_45,dcid:country/ALB,2019,38462.83163
dcs:who/AIR_45.ENVCAUSE--ENVCAUSE068__SEX--F,dcid:country/ALB,2019,243.31526
dcs:who/AIR_45.ENVCAUSE--ENVCAUSE118__SEX--M,dcid:country/ALB,2019,743.29166
dcs:who/AIR_45.ENVCAUSE--ENVCAUSE114,dcid:country/ALB,2019,11810.00074
dcs:who/AIR_45.ENVCAUSE--ENVCAUSE113__SEX--F,dcid:country/ALB,2019,9882.25243
dcs:who/AIR_45.ENVCAUSE--ENVCAUSE114__SEX--F,dcid:country/ALB,2019,6437.99898
dcs:who/AIR_45.SEX--F,dcid:country/ALB,2019,17756.71426
dcs:who/AIR_45.ENVCAUSE--ENVCAUSE118__SEX--M,dcid:country/ARE,2019,6292.31174
dcs:who/AIR_45.ENVCAUSE--ENVCAUSE114__SEX--M,dcid:country/ARE,2019,8529.77048
dcs:who/AIR_45.ENVCAUSE--ENVCAUSE068,dcid:country/ARE,2019,903.45834
dcs:who/AIR_45,dcid:country/ARE,2019,61294.51197
dcs:who/AIR_45.SEX--F,dcid:country/ARE,2019,10536.07095
dcs:who/AIR_45.ENVCAUSE--ENVCAUSE113__SEX--M,dcid:country/ARE,2019,30514.499
dcs:who/AIR_45.ENVCAUSE--ENVCAUSE039__SEX--F,dcid:country/ARE,2019,1663.04295
dcs:who/AIR_45.ENVCAUSE--ENVCAUSE118__SEX--F,dcid:country/ARE,2019,768.59597
dcs:who/AIR_45.ENVCAUSE--ENVCAUSE039__SEX--M,dcid:country/ARE,2019,4732.13998
dcs:who/AIR_45.ENVCAUSE--ENVCAUSE068__SEX--F,dcid:country/ARE,2019,213.73851
dcs:who/AIR_45.ENVCAUSE--ENVCAUSE113__SEX--F,dcid:country/ARE,2019,4335.65549
dcs:who/AIR_45.ENVCAUSE--ENVCAUSE068__SEX--M,dcid:country/ARE,2019,689.71983
dcs:who/AIR_45.SEX--M,dcid:country/ARE,2019,50758.44103
dcs:who/AIR_45.ENVCAUSE--ENVCAUSE114__SEX--F,dcid:country/ARE,2019,3555.03802
dcs:who/AIR_45.ENVCAUSE--ENVCAUSE113,dcid:country/ARE,2019,34850.15449
dcs:who/AIR_45.ENVCAUSE--ENVCAUSE039,dcid:country/ARE,2019,6395.18293
dcs:who/AIR_45.ENVCAUSE--ENVCAUSE118,dcid:country/ARE,2019,7060.90771
dcs:who/AIR_45.ENVCAUSE--ENVCAUSE114,dcid:country/ARE,2019,12084.8085
dcs:who/AIR_45.ENVCAUSE--ENVCAUSE113,dcid:country/ARG,2019,136045.8684
dcs:who/AIR_45.ENVCAUSE--ENVCAUSE118__SEX--M,dcid:country/ARG,2019,18294.09716
dcs:who/AIR_45.SEX--F,dcid:country/ARG,2019,126701.4419
dcs:who/AIR_45.ENVCAUSE--ENVCAUSE113__SEX--F,dcid:country/ARG,2019,53186.63677
dcs:who/AIR_45.ENVCAUSE--ENVCAUSE039__SEX--F,dcid:country/ARG,2019,37284.424
dcs:who/AIR_45.ENVCAUSE--ENVCAUSE118__SEX--F,dcid:country/ARG,2019,15059.72398
dcs:who/AIR_45.ENVCAUSE--ENVCAUSE114__SEX--F,dcid:country/ARG,2019,17087.60575
dcs:who/AIR_45.ENVCAUSE--ENVCAUSE068__SEX--M,dcid:country/ARG,2019,8121.07577
dcs:who/AIR_45.ENVCAUSE--ENVCAUSE068,dcid:country/ARG,2019,12204.12715
dcs:who/AIR_45.ENVCAUSE--ENVCAUSE114,dcid:country/ARG,2019,38206.70908
dcs:who/AIR_45.ENVCAUSE--ENVCAUSE039,dcid:country/ARG,2019,78540.46751
dcs:who/AIR_45.ENVCAUSE--ENVCAUSE118,dcid:country/ARG,2019,33353.82115
dcs:who/AIR_45.ENVCAUSE--ENVCAUSE039__SEX--M,dcid:country/ARG,2019,41256.04351
dcs:who/AIR_45.SEX--M,dcid:country/ARG,2019,171649.5514
dcs:who/AIR_45,dcid:country/ARG,2019,298350.9933
dcs:who/AIR_45.ENVCAUSE--ENVCAUSE113__SEX--M,dcid:country/ARG,2019,82859.23162
dcs:who/AIR_45.ENVCAUSE--ENVCAUSE114__SEX--M,dcid:country/ARG,2019,21119.10333
dcs:who/AIR_45.ENVCAUSE--ENVCAUSE068__SEX--F,dcid:country/ARG,2019,4083.05138
dcs:who/AIR_45.ENVCAUSE--ENVCAUSE113__SEX--M,dcid:country/ARM,2019,22390.61766
dcs:who/AIR_45.ENVCAUSE--ENVCAUSE118__SEX--M,dcid:country/ARM,2019,1568.22435
dcs:who/AIR_45.ENVCAUSE--ENVCAUSE114__SEX--F,dcid:country/ARM,2019,3003.76912
dcs:who/AIR_45.ENVCAUSE--ENVCAUSE114__SEX--M,dcid:country/ARM,2019,3152.89959
dcs:who/AIR_45.ENVCAUSE--ENVCAUSE068__SEX--M,dcid:country/ARM,2019,2953.2045
dcs:who/AIR_45.ENVCAUSE--ENVCAUSE118__SEX--F,dcid:country/ARM,2019,863.74062
dcs:who/AIR_45.ENVCAUSE--ENVCAUSE068__SEX--F,dcid:country/ARM,2019,594.92913
dcs:who/AIR_45.ENVCAUSE--ENVCAUSE113,dcid:country/ARM,2019,37676.99128
dcs:who/AIR_45.SEX--F,dcid:country/ARM,2019,22670.32392
dcs:who/AIR_45.SEX--M,dcid:country/ARM,2019,33143.75343
dcs:who/AIR_45.ENVCAUSE--ENVCAUSE039__SEX--F,dcid:country/ARM,2019,2921.51144
dcs:who/AIR_45.ENVCAUSE--ENVCAUSE113__SEX--F,dcid:country/ARM,2019,15286.37362
dcs:who/AIR_45.ENVCAUSE--ENVCAUSE039,dcid:country/ARM,2019,6000.31877
dcs:who/AIR_45.ENVCAUSE--ENVCAUSE114,dcid:country/ARM,2019,6156.6687
dcs:who/AIR_45.ENVCAUSE--ENVCAUSE118,dcid:country/ARM,2019,2431.96497
dcs:who/AIR_45.ENVCAUSE--ENVCAUSE039__SEX--M,dcid:country/ARM,2019,3078.80733
dcs:who/AIR_45.ENVCAUSE--ENVCAUSE068,dcid:country/ARM,2019,3548.13363
dcs:who/AIR_45,dcid:country/ARM,2019,55814.07735
dcs:who/AIR_45.ENVCAUSE--ENVCAUSE068__SEX--M,dcid:country/ATG,2019,4.55266
dcs:who/AIR_45.SEX--M,dcid:country/ATG,2019,197.27415
dcs:who/AIR_45.SEX--F,dcid:country/ATG,2019,172.01125
dcs:who/AIR_45.ENVCAUSE--ENVCAUSE068__SEX--F,dcid:country/ATG,2019,1.1601
dcs:who/AIR_45.ENVCAUSE--ENVCAUSE114__SEX--M,dcid:country/ATG,2019,40.03748
dcs:who/AIR_45.ENVCAUSE--ENVCAUSE039__SEX--M,dcid:country/ATG,2019,19.59027
dcs:who/AIR_45.ENVCAUSE--ENVCAUSE118__SEX--M,dcid:country/ATG,2019,13.33882
dcs:who/AIR_45.ENVCAUSE--ENVCAUSE113__SEX--M,dcid:country/ATG,2019,119.75492
dcs:who/AIR_45.ENVCAUSE--ENVCAUSE114__SEX--F,dcid:country/ATG,2019,51.93719
dcs:who/AIR_45.ENVCAUSE--ENVCAUSE068,dcid:country/ATG,2019,5.71276
dcs:who/AIR_45.ENVCAUSE--ENVCAUSE118,dcid:country/ATG,2019,21.40959
dcs:who/AIR_45.ENVCAUSE--ENVCAUSE114,dcid:country/ATG,2019,91.97467
dcs:who/AIR_45.ENVCAUSE--ENVCAUSE113,dcid:country/ATG,2019,214.5191
dcs:who/AIR_45.ENVCAUSE--ENVCAUSE039,dcid:country/ATG,2019,35.66928
dcs:who/AIR_45.ENVCAUSE--ENVCAUSE118__SEX--F,dcid:country/ATG,2019,8.07077
dcs:who/AIR_45.ENVCAUSE--ENVCAUSE113__SEX--F,dcid:country/ATG,2019,94.76418
dcs:who/AIR_45,dcid:country/ATG,2019,369.2854
dcs:who/AIR_45.ENVCAUSE--ENVCAUSE039__SEX--F,dcid:country/ATG,2019,16.07901
dcs:who/AIR_45.ENVCAUSE--ENVCAUSE039__SEX--F,dcid:country/AUS,2019,2391.25793
dcs:who/AIR_45.ENVCAUSE--ENVCAUSE039,dcid:country/AUS,2019,4735.85845
dcs:who/AIR_45.ENVCAUSE--ENVCAUSE068,dcid:country/AUS,2019,6222.09915
dcs:who/AIR_45.ENVCAUSE--ENVCAUSE118__SEX--M,dcid:country/AUS,2019,4530.97933
dcs:who/AIR_45.ENVCAUSE--ENVCAUSE068__SEX--F,dcid:country/AUS,2019,2574.70064
dcs:who/AIR_45.ENVCAUSE--ENVCAUSE113,dcid:country/AUS,2019,43964.2458
dcs:who/AIR_45.ENVCAUSE--ENVCAUSE068__SEX--M,dcid:country/AUS,2019,3647.39851
dcs:who/AIR_45.SEX--M,dcid:country/AUS,2019,43715.83343
dcs:who/AIR_45.ENVCAUSE--ENVCAUSE118__SEX--F,dcid:country/AUS,2019,3942.70755
dcs:who/AIR_45.ENVCAUSE--ENVCAUSE113__SEX--F,dcid:country/AUS,2019,15401.56823
dcs:who/AIR_45.ENVCAUSE--ENVCAUSE114__SEX--M,dcid:country/AUS,2019,4630.1775
dcs:who/AIR_45.ENVCAUSE--ENVCAUSE114__SEX--F,dcid:country/AUS,2019,5171.96351
dcs:who/AIR_45,dcid:country/AUS,2019,73198.03129
dcs:who/AIR_45.SEX--F,dcid:country/AUS,2019,29482.19786
dcs:who/AIR_45.ENVCAUSE--ENVCAUSE039__SEX--M,dcid:country/AUS,2019,2344.60052
dcs:who/AIR_45.ENVCAUSE--ENVCAUSE114,dcid:country/AUS,2019,9802.14101
dcs:who/AIR_45.ENVCAUSE--ENVCAUSE118,dcid:country/AUS,2019,8473.68688
dcs:who/AIR_45.ENVCAUSE--ENVCAUSE113__SEX--M,dcid:country/AUS,2019,28562.67757
dcs:who/AIR_45.SEX--F,dcid:country/AUT,2019,24400.76917
dcs:who/AIR_45.ENVCAUSE--ENVCAUSE113,dcid:country/AUT,2019,38708.41637
dcs:who/AIR_45.ENVCAUSE--ENVCAUSE118__SEX--M,dcid:country/AUT,2019,2956.19642
dcs:who/AIR_45.SEX--M,dcid:country/AUT,2019,32856.26485
dcs:who/AIR_45.ENVCAUSE--ENVCAUSE039,dcid:country/AUT,2019,2302.63645
dcs:who/AIR_45.ENVCAUSE--ENVCAUSE039__SEX--M,dcid:country/AUT,2019,1249.91995
dcs:who/AIR_45.ENVCAUSE--ENVCAUSE114,dcid:country/AUT,2019,6138.75588
dcs:who/AIR_45.ENVCAUSE--ENVCAUSE118__SEX--F,dcid:country/AUT,2019,2507.71007
dcs:who/AIR_45.ENVCAUSE--ENVCAUSE039__SEX--F,dcid:country/AUT,2019,1052.71649
dcs:who/AIR_45.ENVCAUSE--ENVCAUSE068,dcid:country/AUT,2019,4643.31883
dcs:who/AIR_45.ENVCAUSE--ENVCAUSE114__SEX--M,dcid:country/AUT,2019,2845.86247
dcs:who/AIR_45.ENVCAUSE--ENVCAUSE118,dcid:country/AUT,2019,5463.90649
dcs:who/AIR_45.ENVCAUSE--ENVCAUSE068__SEX--M,dcid:country/AUT,2019,2717.49493
dcs:who/AIR_45.ENVCAUSE--ENVCAUSE113__SEX--F,dcid:country/AUT,2019,15621.62529
dcs:who/AIR_45.ENVCAUSE--ENVCAUSE114__SEX--F,dcid:country/AUT,2019,3292.89341
dcs:who/AIR_45,dcid:country/AUT,2019,57257.03402
dcs:who/AIR_45.ENVCAUSE--ENVCAUSE113__SEX--M,dcid:country/AUT,2019,23086.79108
dcs:who/AIR_45.ENVCAUSE--ENVCAUSE068__SEX--F,dcid:country/AUT,2019,1925.8239
dcs:who/AIR_45.ENVCAUSE--ENVCAUSE068__SEX--M,dcid:country/AZE,2019,3731.24939
dcs:who/AIR_45.SEX--M,dcid:country/AZE,2019,118922.2494
dcs:who/AIR_45.ENVCAUSE--ENVCAUSE039__SEX--F,dcid:country/AZE,2019,6659.4055
dcs:who/AIR_45.ENVCAUSE--ENVCAUSE118,dcid:country/AZE,2019,5501.52399
dcs:who/AIR_45.ENVCAUSE--ENVCAUSE114__SEX--M,dcid:country/AZE,2019,17506.5639
dcs:who/AIR_45.ENVCAUSE--ENVCAUSE068,dcid:country/AZE,2019,4187.72358
dcs:who/AIR_45.ENVCAUSE--ENVCAUSE114,dcid:country/AZE,2019,35738.50307
dcs:who/AIR_45.ENVCAUSE--ENVCAUSE118__SEX--F,dcid:country/AZE,2019,2052.52153
dcs:who/AIR_45.ENVCAUSE--ENVCAUSE113__SEX--M,dcid:country/AZE,2019,84539.32819
dcs:who/AIR_45,dcid:country/AZE,2019,203364.2757
dcs:who/AIR_45.ENVCAUSE--ENVCAUSE114__SEX--F,dcid:country/AZE,2019,18231.93917
dcs:who/AIR_45.ENVCAUSE--ENVCAUSE118__SEX--M,dcid:country/AZE,2019,3449.00246
dcs:who/AIR_45.ENVCAUSE--ENVCAUSE039__SEX--M,dcid:country/AZE,2019,9696.10546
dcs:who/AIR_45.ENVCAUSE--ENVCAUSE113,dcid:country/AZE,2019,141581.0141
dcs:who/AIR_45.ENVCAUSE--ENVCAUSE068__SEX--F,dcid:country/AZE,2019,456.47419
dcs:who/AIR_45.ENVCAUSE--ENVCAUSE039,dcid:country/AZE,2019,16355.51096
dcs:who/AIR_45.ENVCAUSE--ENVCAUSE113__SEX--F,dcid:country/AZE,2019,57041.68593
dcs:who/AIR_45.SEX--F,dcid:country/AZE,2019,84442.02633
dcs:who/AIR_45.ENVCAUSE--ENVCAUSE118__SEX--F,dcid:country/BDI,2019,1883.61294
dcs:who/AIR_45.ENVCAUSE--ENVCAUSE068__SEX--M,dcid:country/BDI,2019,144.07727
dcs:who/AIR_45.ENVCAUSE--ENVCAUSE113,dcid:country/BDI,2019,20878.9701
dcs:who/AIR_45.ENVCAUSE--ENVCAUSE039__SEX--M,dcid:country/BDI,2019,49331.66518
dcs:who/AIR_45.SEX--M,dcid:country/BDI,2019,73647.62094
dcs:who/AIR_45.ENVCAUSE--ENVCAUSE114__SEX--F,dcid:country/BDI,2019,7462.87163
dcs:who/AIR_45.ENVCAUSE--ENVCAUSE114__SEX--M,dcid:country/BDI,2019,8395.48602
dcs:who/AIR_45.ENVCAUSE--ENVCAUSE068__SEX--F,dcid:country/BDI,2019,117.52335
dcs:who/AIR_45.ENVCAUSE--ENVCAUSE039__SEX--F,dcid:country/BDI,2019,40281.66784
dcs:who/AIR_45.ENVCAUSE--ENVCAUSE113__SEX--M,dcid:country/BDI,2019,12680.14308
dcs:who/AIR_45.ENVCAUSE--ENVCAUSE114,dcid:country/BDI,2019,15858.35765
dcs:who/AIR_45.ENVCAUSE--ENVCAUSE039,dcid:country/BDI,2019,89613.33302
dcs:who/AIR_45.ENVCAUSE--ENVCAUSE118__SEX--M,dcid:country/BDI,2019,3096.24937
dcs:who/AIR_45,dcid:country/BDI,2019,131592.1237
dcs:who/AIR_45.ENVCAUSE--ENVCAUSE118,dcid:country/BDI,2019,4979.86231
dcs:who/AIR_45.SEX--F,dcid:country/BDI,2019,57944.50276
dcs:who/AIR_45.ENVCAUSE--ENVCAUSE113__SEX--F,dcid:country/BDI,2019,8198.82701
dcs:who/AIR_45.ENVCAUSE--ENVCAUSE068,dcid:country/BDI,2019,261.60062
dcs:who/AIR_45.ENVCAUSE--ENVCAUSE039,dcid:country/BEL,2019,7398.58176
dcs:who/AIR_45.ENVCAUSE--ENVCAUSE068__SEX--M,dcid:country/BEL,2019,4812.47563
dcs:who/AIR_45.ENVCAUSE--ENVCAUSE114__SEX--F,dcid:country/BEL,2019,4527.66083
dcs:who/AIR_45.ENVCAUSE--ENVCAUSE118__SEX--M,dcid:country/BEL,2019,4726.97298
dcs:who/AIR_45.ENVCAUSE--ENVCAUSE039__SEX--F,dcid:country/BEL,2019,3675.29492
dcs:who/AIR_45,dcid:country/BEL,2019,64555.73755
dcs:who/AIR_45.ENVCAUSE--ENVCAUSE114__SEX--M,dcid:country/BEL,2019,3943.36499
dcs:who/AIR_45.ENVCAUSE--ENVCAUSE118__SEX--F,dcid:country/BEL,2019,3323.04902
dcs:who/AIR_45.ENVCAUSE--ENVCAUSE113,dcid:country/BEL,2019,33567.07997
dcs:who/AIR_45.ENVCAUSE--ENVCAUSE113__SEX--F,dcid:country/BEL,2019,13665.05866
dcs:who/AIR_45.ENVCAUSE--ENVCAUSE039__SEX--M,dcid:country/BEL,2019,3723.28684
dcs:who/AIR_45.SEX--F,dcid:country/BEL,2019,27447.6158
dcs:who/AIR_45.ENVCAUSE--ENVCAUSE113__SEX--M,dcid:country/BEL,2019,19902.02131
dcs:who/AIR_45.ENVCAUSE--ENVCAUSE068,dcid:country/BEL,2019,7069.028
dcs:who/AIR_45.ENVCAUSE--ENVCAUSE068__SEX--F,dcid:country/BEL,2019,2256.55238
dcs:who/AIR_45.ENVCAUSE--ENVCAUSE114,dcid:country/BEL,2019,8471.02582
dcs:who/AIR_45.SEX--M,dcid:country/BEL,2019,37108.12175
dcs:who/AIR_45.ENVCAUSE--ENVCAUSE118,dcid:country/BEL,2019,8050.022
dcs:who/AIR_45.ENVCAUSE--ENVCAUSE118__SEX--F,dcid:country/BEN,2019,1912.99775
dcs:who/AIR_45.ENVCAUSE--ENVCAUSE068__SEX--F,dcid:country/BEN,2019,140.38665
dcs:who/AIR_45.ENVCAUSE--ENVCAUSE114__SEX--F,dcid:country/BEN,2019,10483.80043
dcs:who/AIR_45.ENVCAUSE--ENVCAUSE113__SEX--F,dcid:country/BEN,2019,13349.22817
dcs:who/AIR_45.ENVCAUSE--ENVCAUSE118__SEX--M,dcid:country/BEN,2019,2942.34116
dcs:who/AIR_45.ENVCAUSE--ENVCAUSE114,dcid:country/BEN,2019,21613.4724
dcs:who/AIR_45.SEX--F,dcid:country/BEN,2019,79621.32765
dcs:who/AIR_45,dcid:country/BEN,2019,179447.4921
dcs:who/AIR_45.ENVCAUSE--ENVCAUSE039__SEX--F,dcid:country/BEN,2019,53734.91464
dcs:who/AIR_45.SEX--M,dcid:country/BEN,2019,99826.16441
dcs:who/AIR_45.ENVCAUSE--ENVCAUSE118,dcid:country/BEN,2019,4855.33891
dcs:who/AIR_45.ENVCAUSE--ENVCAUSE113,dcid:country/BEN,2019,29540.61387
dcs:who/AIR_45.ENVCAUSE--ENVCAUSE039,dcid:country/BEN,2019,123127.0942
dcs:who/AIR_45.ENVCAUSE--ENVCAUSE068__SEX--M,dcid:country/BEN,2019,170.58605
dcs:who/AIR_45.ENVCAUSE--ENVCAUSE113__SEX--M,dcid:country/BEN,2019,16191.3857
dcs:who/AIR_45.ENVCAUSE--ENVCAUSE114__SEX--M,dcid:country/BEN,2019,11129.67197
dcs:who/AIR_45.ENVCAUSE--ENVCAUSE068,dcid:country/BEN,2019,310.97271
dcs:who/AIR_45.ENVCAUSE--ENVCAUSE039__SEX--M,dcid:country/BEN,2019,69392.17953
dcs:who/AIR_45.ENVCAUSE--ENVCAUSE068__SEX--M,dcid:country/BFA,2019,872.94683
dcs:who/AIR_45.ENVCAUSE--ENVCAUSE118__SEX--M,dcid:country/BFA,2019,3182.23597
dcs:who/AIR_45.ENVCAUSE--ENVCAUSE114__SEX--F,dcid:country/BFA,2019,13113.94539
dcs:who/AIR_45.ENVCAUSE--ENVCAUSE068__SEX--F,dcid:country/BFA,2019,362.81735
dcs:who/AIR_45.ENVCAUSE--ENVCAUSE118__SEX--F,dcid:country/BFA,2019,2332.31533
dcs:who/AIR_45.SEX--F,dcid:country/BFA,2019,135763.6756
dcs:who/AIR_45.ENVCAUSE--ENVCAUSE039__SEX--M,dcid:country/BFA,2019,129782.6093
dcs:who/AIR_45.ENVCAUSE--ENVCAUSE068,dcid:country/BFA,2019,1235.76418
dcs:who/AIR_45,dcid:country/BFA,2019,314659.8473
dcs:who/AIR_45.ENVCAUSE--ENVCAUSE113__SEX--M,dcid:country/BFA,2019,29356.16086
dcs:who/AIR_45.ENVCAUSE--ENVCAUSE114,dcid:country/BFA,2019,28816.1641
dcs:who/AIR_45.ENVCAUSE--ENVCAUSE039__SEX--F,dcid:country/BFA,2019,99661.7326
dcs:who/AIR_45.ENVCAUSE--ENVCAUSE113__SEX--F,dcid:country/BFA,2019,20292.86497
dcs:who/AIR_45.ENVCAUSE--ENVCAUSE114__SEX--M,dcid:country/BFA,2019,15702.21871
dcs:who/AIR_45.SEX--M,dcid:country/BFA,2019,178896.1717
dcs:who/AIR_45.ENVCAUSE--ENVCAUSE118,dcid:country/BFA,2019,5514.55129
dcs:who/AIR_45.ENVCAUSE--ENVCAUSE039,dcid:country/BFA,2019,229444.3419
dcs:who/AIR_45.ENVCAUSE--ENVCAUSE113,dcid:country/BFA,2019,49649.02582
dcs:who/AIR_45.ENVCAUSE--ENVCAUSE113,dcid:country/BGD,2019,649379.8259
dcs:who/AIR_45.ENVCAUSE--ENVCAUSE118__SEX--F,dcid:country/BGD,2019,68819.23231
dcs:who/AIR_45.ENVCAUSE--ENVCAUSE113__SEX--F,dcid:country/BGD,2019,255510.005
dcs:who/AIR_45.ENVCAUSE--ENVCAUSE118__SEX--M,dcid:country/BGD,2019,115119.0447
dcs:who/AIR_45.ENVCAUSE--ENVCAUSE039__SEX--F,dcid:country/BGD,2019,166891.6655
dcs:who/AIR_45.ENVCAUSE--ENVCAUSE068__SEX--M,dcid:country/BGD,2019,44732.32415
dcs:who/AIR_45.ENVCAUSE--ENVCAUSE114__SEX--F,dcid:country/BGD,2019,229883.888
dcs:who/AIR_45.ENVCAUSE--ENVCAUSE068,dcid:country/BGD,2019,60520.12707
dcs:who/AIR_45.ENVCAUSE--ENVCAUSE039,dcid:country/BGD,2019,356834.1941
dcs:who/AIR_45.ENVCAUSE--ENVCAUSE113__SEX--M,dcid:country/BGD,2019,393869.8209
dcs:who/AIR_45.ENVCAUSE--ENVCAUSE068__SEX--F,dcid:country/BGD,2019,15787.80291
dcs:who/AIR_45.ENVCAUSE--ENVCAUSE118,dcid:country/BGD,2019,183938.2771
dcs:who/AIR_45.SEX--F,dcid:country/BGD,2019,736892.5938
dcs:who/AIR_45.ENVCAUSE--ENVCAUSE039__SEX--M,dcid:country/BGD,2019,189942.5286
dcs:who/AIR_45,dcid:country/BGD,2019,1762073.935
dcs:who/AIR_45.ENVCAUSE--ENVCAUSE114__SEX--M,dcid:country/BGD,2019,281517.6227
dcs:who/AIR_45.ENVCAUSE--ENVCAUSE114,dcid:country/BGD,2019,511401.5107
dcs:who/AIR_45.SEX--M,dcid:country/BGD,2019,1025181.341
dcs:who/AIR_45.ENVCAUSE--ENVCAUSE118,dcid:country/BGR,2019,8355.08052
dcs:who/AIR_45.ENVCAUSE--ENVCAUSE068,dcid:country/BGR,2019,6559.4836
dcs:who/AIR_45.ENVCAUSE--ENVCAUSE118__SEX--M,dcid:country/BGR,2019,5538.5373
dcs:who/AIR_45.ENVCAUSE--ENVCAUSE068__SEX--F,dcid:country/BGR,2019,1498.68723
dcs:who/AIR_45.ENVCAUSE--ENVCAUSE113__SEX--M,dcid:country/BGR,2019,68945.57507
dcs:who/AIR_45.ENVCAUSE--ENVCAUSE039,dcid:country/BGR,2019,5598.03594
dcs:who/AIR_45,dcid:country/BGR,2019,178283.0237
dcs:who/AIR_45.ENVCAUSE--ENVCAUSE114__SEX--M,dcid:country/BGR,2019,19983.98371
dcs:who/AIR_45.ENVCAUSE--ENVCAUSE113__SEX--F,dcid:country/BGR,2019,50090.30524
dcs:who/AIR_45.ENVCAUSE--ENVCAUSE114__SEX--F,dcid:country/BGR,2019,18750.55959
dcs:who/AIR_45.ENVCAUSE--ENVCAUSE039__SEX--F,dcid:country/BGR,2019,1944.28102
dcs:who/AIR_45.ENVCAUSE--ENVCAUSE039__SEX--M,dcid:country/BGR,2019,3653.75492
dcs:who/AIR_45.ENVCAUSE--ENVCAUSE114,dcid:country/BGR,2019,38734.5433
dcs:who/AIR_45.ENVCAUSE--ENVCAUSE113,dcid:country/BGR,2019,119035.8803
dcs:who/AIR_45.SEX--F,dcid:country/BGR,2019,75100.3763
dcs:who/AIR_45.SEX--M,dcid:country/BGR,2019,103182.6474
dcs:who/AIR_45.ENVCAUSE--ENVCAUSE118__SEX--F,dcid:country/BGR,2019,2816.54322
dcs:who/AIR_45.ENVCAUSE--ENVCAUSE068__SEX--M,dcid:country/BGR,2019,5060.79637
dcs:who/AIR_45.ENVCAUSE--ENVCAUSE068__SEX--M,dcid:country/BHR,2019,284.01442
dcs:who/AIR_45.ENVCAUSE--ENVCAUSE114__SEX--M,dcid:country/BHR,2019,887.21593
dcs:who/AIR_45.ENVCAUSE--ENVCAUSE039__SEX--M,dcid:country/BHR,2019,565.29957
dcs:who/AIR_45.SEX--M,dcid:country/BHR,2019,7378.82115
dcs:who/AIR_45,dcid:country/BHR,2019,10065.13668
dcs:who/AIR_45.ENVCAUSE--ENVCAUSE114,dcid:country/BHR,2019,1375.03568
dcs:who/AIR_45.ENVCAUSE--ENVCAUSE113__SEX--M,dcid:country/BHR,2019,5282.38375
dcs:who/AIR_45.ENVCAUSE--ENVCAUSE039,dcid:country/BHR,2019,856.11526
dcs:who/AIR_45.ENVCAUSE--ENVCAUSE113,dcid:country/BHR,2019,6888.33917
dcs:who/AIR_45.ENVCAUSE--ENVCAUSE039__SEX--F,dcid:country/BHR,2019,290.81569
dcs:who/AIR_45.ENVCAUSE--ENVCAUSE118__SEX--M,dcid:country/BHR,2019,359.90749
dcs:who/AIR_45.ENVCAUSE--ENVCAUSE118__SEX--F,dcid:country/BHR,2019,198.29074
dcs:who/AIR_45.ENVCAUSE--ENVCAUSE068,dcid:country/BHR,2019,387.44834
dcs:who/AIR_45.ENVCAUSE--ENVCAUSE114__SEX--F,dcid:country/BHR,2019,487.81976
dcs:who/AIR_45.ENVCAUSE--ENVCAUSE068__SEX--F,dcid:country/BHR,2019,103.43393
dcs:who/AIR_45.ENVCAUSE--ENVCAUSE113__SEX--F,dcid:country/BHR,2019,1605.95541
dcs:who/AIR_45.ENVCAUSE--ENVCAUSE118,dcid:country/BHR,2019,558.19823
dcs:who/AIR_45.SEX--F,dcid:country/BHR,2019,2686.31553
dcs:who/AIR_45.SEX--F,dcid:country/BHS,2019,344.44956
dcs:who/AIR_45.ENVCAUSE--ENVCAUSE068__SEX--M,dcid:country/BHS,2019,5.41218
dcs:who/AIR_45.ENVCAUSE--ENVCAUSE068__SEX--F,dcid:country/BHS,2019,2.69379
dcs:who/AIR_45,dcid:country/BHS,2019,933.54155
dcs:who/AIR_45.ENVCAUSE--ENVCAUSE114__SEX--M,dcid:country/BHS,2019,97.04304
dcs:who/AIR_45.ENVCAUSE--ENVCAUSE039,dcid:country/BHS,2019,93.02025
dcs:who/AIR_45.ENVCAUSE--ENVCAUSE039__SEX--F,dcid:country/BHS,2019,38.51684
dcs:who/AIR_45.ENVCAUSE--ENVCAUSE114__SEX--F,dcid:country/BHS,2019,82.72056
dcs:who/AIR_45.ENVCAUSE--ENVCAUSE113__SEX--M,dcid:country/BHS,2019,419.39542
dcs:who/AIR_45.ENVCAUSE--ENVCAUSE118__SEX--M,dcid:country/BHS,2019,12.73794
dcs:who/AIR_45.ENVCAUSE--ENVCAUSE118,dcid:country/BHS,2019,18.17775
dcs:who/AIR_45.ENVCAUSE--ENVCAUSE118__SEX--F,dcid:country/BHS,2019,5.43981
dcs:who/AIR_45.ENVCAUSE--ENVCAUSE113__SEX--F,dcid:country/BHS,2019,215.07857
dcs:who/AIR_45.ENVCAUSE--ENVCAUSE068,dcid:country/BHS,2019,8.10597
dcs:who/AIR_45.ENVCAUSE--ENVCAUSE113,dcid:country/BHS,2019,634.47399
dcs:who/AIR_45.ENVCAUSE--ENVCAUSE114,dcid:country/BHS,2019,179.7636
dcs:who/AIR_45.SEX--M,dcid:country/BHS,2019,589.09199
dcs:who/AIR_45.ENVCAUSE--ENVCAUSE039__SEX--M,dcid:country/BHS,2019,54.50341
dcs:who/AIR_45.ENVCAUSE--ENVCAUSE113__SEX--M,dcid:country/BIH,2019,18677.49291
dcs:who/AIR_45,dcid:country/BIH,2019,62891.03617
dcs:who/AIR_45.ENVCAUSE--ENVCAUSE118,dcid:country/BIH,2019,3132.48421
dcs:who/AIR_45.ENVCAUSE--ENVCAUSE039__SEX--M,dcid:country/BIH,2019,1017.75457
dcs:who/AIR_45.ENVCAUSE--ENVCAUSE068__SEX--F,dcid:country/BIH,2019,1159.71532
dcs:who/AIR_45.ENVCAUSE--ENVCAUSE118__SEX--M,dcid:country/BIH,2019,2056.33934
dcs:who/AIR_45.SEX--M,dcid:country/BIH,2019,35014.57211
dcs:who/AIR_45.ENVCAUSE--ENVCAUSE113,dcid:country/BIH,2019,33722.88695
dcs:who/AIR_45.ENVCAUSE--ENVCAUSE039,dcid:country/BIH,2019,1809.27842
dcs:who/AIR_45.SEX--F,dcid:country/BIH,2019,27876.46406
dcs:who/AIR_45.ENVCAUSE--ENVCAUSE068,dcid:country/BIH,2019,6013.42699
dcs:who/AIR_45.ENVCAUSE--ENVCAUSE114__SEX--F,dcid:country/BIH,2019,9803.68597
dcs:who/AIR_45.ENVCAUSE--ENVCAUSE039__SEX--F,dcid:country/BIH,2019,791.52385
dcs:who/AIR_45.ENVCAUSE--ENVCAUSE114__SEX--M,dcid:country/BIH,2019,8409.27362
dcs:who/AIR_45.ENVCAUSE--ENVCAUSE113__SEX--F,dcid:country/BIH,2019,15045.39404
dcs:who/AIR_45.ENVCAUSE--ENVCAUSE118__SEX--F,dcid:country/BIH,2019,1076.14487
dcs:who/AIR_45.ENVCAUSE--ENVCAUSE114,dcid:country/BIH,2019,18212.95959
dcs:who/AIR_45.ENVCAUSE--ENVCAUSE068__SEX--M,dcid:country/BIH,2019,4853.71167
dcs:who/AIR_45.ENVCAUSE--ENVCAUSE068__SEX--M,dcid:country/BLR,2019,4881.44592
dcs:who/AIR_45.ENVCAUSE--ENVCAUSE039__SEX--M,dcid:country/BLR,2019,3260.13753
dcs:who/AIR_45.SEX--M,dcid:country/BLR,2019,123829.1632
dcs:who/AIR_45.ENVCAUSE--ENVCAUSE114__SEX--M,dcid:country/BLR,2019,16066.65886
dcs:who/AIR_45.ENVCAUSE--ENVCAUSE039,dcid:country/BLR,2019,4314.26419
dcs:who/AIR_45.ENVCAUSE--ENVCAUSE118,dcid:country/BLR,2019,4428.08743
dcs:who/AIR_45.ENVCAUSE--ENVCAUSE118__SEX--F,dcid:country/BLR,2019,1239.02316
dcs:who/AIR_45.SEX--F,dcid:country/BLR,2019,90587.73038
dcs:who/AIR_45,dcid:country/BLR,2019,214416.8935
dcs:who/AIR_45.ENVCAUSE--ENVCAUSE114__SEX--F,dcid:country/BLR,2019,15611.04998
dcs:who/AIR_45.ENVCAUSE--ENVCAUSE068__SEX--F,dcid:country/BLR,2019,607.43703
dcs:who/AIR_45.ENVCAUSE--ENVCAUSE114,dcid:country/BLR,2019,31677.70884
dcs:who/AIR_45.ENVCAUSE--ENVCAUSE113__SEX--F,dcid:country/BLR,2019,72076.09355
dcs:who/AIR_45.ENVCAUSE--ENVCAUSE113__SEX--M,dcid:country/BLR,2019,96431.85659
dcs:who/AIR_45.ENVCAUSE--ENVCAUSE068,dcid:country/BLR,2019,5488.88295
dcs:who/AIR_45.ENVCAUSE--ENVCAUSE113,dcid:country/BLR,2019,168507.9501
dcs:who/AIR_45.ENVCAUSE--ENVCAUSE118__SEX--M,dcid:country/BLR,2019,3189.06427
dcs:who/AIR_45.ENVCAUSE--ENVCAUSE039__SEX--F,dcid:country/BLR,2019,1054.12666
dcs:who/AIR_45.SEX--M,dcid:country/BLZ,2019,741.29083
dcs:who/AIR_45.ENVCAUSE--ENVCAUSE068__SEX--M,dcid:country/BLZ,2019,25.49193
dcs:who/AIR_45.ENVCAUSE--ENVCAUSE113__SEX--F,dcid:country/BLZ,2019,221.67092
dcs:who/AIR_45.ENVCAUSE--ENVCAUSE113,dcid:country/BLZ,2019,611.84742
dcs:who/AIR_45.SEX--F,dcid:country/BLZ,2019,443.4717
dcs:who/AIR_45,dcid:country/BLZ,2019,1184.76254
dcs:who/AIR_45.ENVCAUSE--ENVCAUSE114__SEX--F,dcid:country/BLZ,2019,91.93288
dcs:who/AIR_45.ENVCAUSE--ENVCAUSE068,dcid:country/BLZ,2019,35.57224
dcs:who/AIR_45.ENVCAUSE--ENVCAUSE039__SEX--F,dcid:country/BLZ,2019,99.58024
dcs:who/AIR_45.ENVCAUSE--ENVCAUSE114__SEX--M,dcid:country/BLZ,2019,128.12212
dcs:who/AIR_45.ENVCAUSE--ENVCAUSE114,dcid:country/BLZ,2019,220.055
dcs:who/AIR_45.ENVCAUSE--ENVCAUSE118__SEX--M,dcid:country/BLZ,2019,48.9338
dcs:who/AIR_45.ENVCAUSE--ENVCAUSE118__SEX--F,dcid:country/BLZ,2019,20.20735
dcs:who/AIR_45.ENVCAUSE--ENVCAUSE113__SEX--M,dcid:country/BLZ,2019,390.17649
dcs:who/AIR_45.ENVCAUSE--ENVCAUSE118,dcid:country/BLZ,2019,69.14115
dcs:who/AIR_45.ENVCAUSE--ENVCAUSE039__SEX--M,dcid:country/BLZ,2019,148.56649
dcs:who/AIR_45.ENVCAUSE--ENVCAUSE039,dcid:country/BLZ,2019,248.14672
dcs:who/AIR_45.ENVCAUSE--ENVCAUSE068__SEX--F,dcid:country/BLZ,2019,10.08031
dcs:who/AIR_45.ENVCAUSE--ENVCAUSE114__SEX--F,dcid:country/BOL,2019,10851.4329
dcs:who/AIR_45.SEX--F,dcid:country/BOL,2019,54347.04751
dcs:who/AIR_45.ENVCAUSE--ENVCAUSE113__SEX--F,dcid:country/BOL,2019,19158.98394
dcs:who/AIR_45.ENVCAUSE--ENVCAUSE039__SEX--M,dcid:country/BOL,2019,19352.8409
dcs:who/AIR_45.ENVCAUSE--ENVCAUSE068,dcid:country/BOL,2019,1973.5838
dcs:who/AIR_45.SEX--M,dcid:country/BOL,2019,55234.72894
dcs:who/AIR_45.ENVCAUSE--ENVCAUSE068__SEX--F,dcid:country/BOL,2019,757.9978
dcs:who/AIR_45.ENVCAUSE--ENVCAUSE039__SEX--F,dcid:country/BOL,2019,19511.79682
dcs:who/AIR_45.ENVCAUSE--ENVCAUSE068__SEX--M,dcid:country/BOL,2019,1215.58601
dcs:who/AIR_45.ENVCAUSE--ENVCAUSE118__SEX--F,dcid:country/BOL,2019,4066.83606
dcs:who/AIR_45.ENVCAUSE--ENVCAUSE118,dcid:country/BOL,2019,8154.51458
dcs:who/AIR_45.ENVCAUSE--ENVCAUSE113,dcid:country/BOL,2019,41113.01648
dcs:who/AIR_45.ENVCAUSE--ENVCAUSE039,dcid:country/BOL,2019,38864.63772
dcs:who/AIR_45.ENVCAUSE--ENVCAUSE113__SEX--M,dcid:country/BOL,2019,21954.03255
dcs:who/AIR_45,dcid:country/BOL,2019,109581.7765
dcs:who/AIR_45.ENVCAUSE--ENVCAUSE114__SEX--M,dcid:country/BOL,2019,8624.59097
dcs:who/AIR_45.ENVCAUSE--ENVCAUSE118__SEX--M,dcid:country/BOL,2019,4087.67853
dcs:who/AIR_45.ENVCAUSE--ENVCAUSE114,dcid:country/BOL,2019,19476.02387
dcs:who/AIR_45.SEX--M,dcid:country/BRA,2019,648026.1227
dcs:who/AIR_45.ENVCAUSE--ENVCAUSE068__SEX--M,dcid:country/BRA,2019,19870.12422
dcs:who/AIR_45.ENVCAUSE--ENVCAUSE039__SEX--F,dcid:country/BRA,2019,91524.39014
dcs:who/AIR_45.ENVCAUSE--ENVCAUSE118,dcid:country/BRA,2019,83372.42006
dcs:who/AIR_45.SEX--F,dcid:country/BRA,2019,458686.7993
dcs:who/AIR_45.ENVCAUSE--ENVCAUSE068__SEX--F,dcid:country/BRA,2019,15050.65524
dcs:who/AIR_45,dcid:country/BRA,2019,1106712.922
dcs:who/AIR_45.ENVCAUSE--ENVCAUSE118__SEX--M,dcid:country/BRA,2019,46202.58384
dcs:who/AIR_45.ENVCAUSE--ENVCAUSE113,dcid:country/BRA,2019,571847.8967
dcs:who/AIR_45.ENVCAUSE--ENVCAUSE039__SEX--M,dcid:country/BRA,2019,116202.4874
dcs:who/AIR_45.ENVCAUSE--ENVCAUSE068,dcid:country/BRA,2019,34920.77946
dcs:who/AIR_45.ENVCAUSE--ENVCAUSE039,dcid:country/BRA,2019,207726.8775
dcs:who/AIR_45.ENVCAUSE--ENVCAUSE113__SEX--M,dcid:country/BRA,2019,354434.0496
dcs:who/AIR_45.ENVCAUSE--ENVCAUSE114__SEX--M,dcid:country/BRA,2019,111316.8777
dcs:who/AIR_45.ENVCAUSE--ENVCAUSE114__SEX--F,dcid:country/BRA,2019,97528.07054
dcs:who/AIR_45.ENVCAUSE--ENVCAUSE113__SEX--F,dcid:country/BRA,2019,217413.8471
dcs:who/AIR_45.ENVCAUSE--ENVCAUSE114,dcid:country/BRA,2019,208844.9482
dcs:who/AIR_45.ENVCAUSE--ENVCAUSE118__SEX--F,dcid:country/BRA,2019,37169.83622
dcs:who/AIR_45.ENVCAUSE--ENVCAUSE118__SEX--F,dcid:country/BRB,2019,30.76591
dcs:who/AIR_45.ENVCAUSE--ENVCAUSE068__SEX--M,dcid:country/BRB,2019,23.55366
dcs:who/AIR_45.ENVCAUSE--ENVCAUSE114__SEX--M,dcid:country/BRB,2019,233.2409
dcs:who/AIR_45.ENVCAUSE--ENVCAUSE113__SEX--F,dcid:country/BRB,2019,395.74462
dcs:who/AIR_45.ENVCAUSE--ENVCAUSE113,dcid:country/BRB,2019,878.69969
dcs:who/AIR_45.ENVCAUSE--ENVCAUSE039,dcid:country/BRB,2019,288.34189
dcs:who/AIR_45.SEX--F,dcid:country/BRB,2019,826.53462
dcs:who/AIR_45.ENVCAUSE--ENVCAUSE113__SEX--M,dcid:country/BRB,2019,482.95507
dcs:who/AIR_45.ENVCAUSE--ENVCAUSE039__SEX--F,dcid:country/BRB,2019,148.97034
dcs:who/AIR_45.SEX--M,dcid:country/BRB,2019,925.29446
dcs:who/AIR_45.ENVCAUSE--ENVCAUSE118,dcid:country/BRB,2019,76.93919
dcs:who/AIR_45.ENVCAUSE--ENVCAUSE039__SEX--M,dcid:country/BRB,2019,139.37155
dcs:who/AIR_45.ENVCAUSE--ENVCAUSE114,dcid:country/BRB,2019,468.08874
dcs:who/AIR_45.ENVCAUSE--ENVCAUSE118__SEX--M,dcid:country/BRB,2019,46.17328
dcs:who/AIR_45.ENVCAUSE--ENVCAUSE114__SEX--F,dcid:country/BRB,2019,234.84784
dcs:who/AIR_45,dcid:country/BRB,2019,1751.82909
dcs:who/AIR_45.ENVCAUSE--ENVCAUSE068,dcid:country/BRB,2019,39.75958
dcs:who/AIR_45.ENVCAUSE--ENVCAUSE068__SEX--F,dcid:country/BRB,2019,16.20592
dcs:who/AIR_45.ENVCAUSE--ENVCAUSE118__SEX--F,dcid:country/BRN,2019,19.66502
dcs:who/AIR_45.ENVCAUSE--ENVCAUSE068,dcid:country/BRN,2019,39.19201
dcs:who/AIR_45.ENVCAUSE--ENVCAUSE118,dcid:country/BRN,2019,43.3381
dcs:who/AIR_45.ENVCAUSE--ENVCAUSE118__SEX--M,dcid:country/BRN,2019,23.67308
dcs:who/AIR_45.ENVCAUSE--ENVCAUSE068__SEX--F,dcid:country/BRN,2019,19.47886
dcs:who/AIR_45.ENVCAUSE--ENVCAUSE068__SEX--M,dcid:country/BRN,2019,19.71315
dcs:who/AIR_45.ENVCAUSE--ENVCAUSE114__SEX--M,dcid:country/BRN,2019,162.91619
dcs:who/AIR_45,dcid:country/BRN,2019,1502.08436
dcs:who/AIR_45.ENVCAUSE--ENVCAUSE039__SEX--M,dcid:country/BRN,2019,63.45341
dcs:who/AIR_45.ENVCAUSE--ENVCAUSE114,dcid:country/BRN,2019,306.54148
dcs:who/AIR_45.ENVCAUSE--ENVCAUSE039,dcid:country/BRN,2019,102.37903
dcs:who/AIR_45.SEX--F,dcid:country/BRN,2019,461.9453
dcs:who/AIR_45.ENVCAUSE--ENVCAUSE113__SEX--F,dcid:country/BRN,2019,240.2505
dcs:who/AIR_45.ENVCAUSE--ENVCAUSE113__SEX--M,dcid:country/BRN,2019,770.38323
dcs:who/AIR_45.ENVCAUSE--ENVCAUSE113,dcid:country/BRN,2019,1010.63372
dcs:who/AIR_45.ENVCAUSE--ENVCAUSE114__SEX--F,dcid:country/BRN,2019,143.6253
dcs:who/AIR_45.ENVCAUSE--ENVCAUSE039__SEX--F,dcid:country/BRN,2019,38.92563
dcs:who/AIR_45.SEX--M,dcid:country/BRN,2019,1040.13905
dcs:who/AIR_45.ENVCAUSE--ENVCAUSE114__SEX--M,dcid:country/BTN,2019,550.99367
dcs:who/AIR_45.SEX--M,dcid:country/BTN,2019,4095.64669
dcs:who/AIR_45.ENVCAUSE--ENVCAUSE039__SEX--F,dcid:country/BTN,2019,628.51799
dcs:who/AIR_45,dcid:country/BTN,2019,6956.67318
dcs:who/AIR_45.ENVCAUSE--ENVCAUSE113__SEX--F,dcid:country/BTN,2019,1105.35705
dcs:who/AIR_45.ENVCAUSE--ENVCAUSE118__SEX--F,dcid:country/BTN,2019,613.56729
dcs:who/AIR_45.ENVCAUSE--ENVCAUSE068,dcid:country/BTN,2019,158.57935
dcs:who/AIR_45.ENVCAUSE--ENVCAUSE068__SEX--F,dcid:country/BTN,2019,84.25573
dcs:who/AIR_45.ENVCAUSE--ENVCAUSE039__SEX--M,dcid:country/BTN,2019,767.92735
dcs:who/AIR_45.ENVCAUSE--ENVCAUSE118,dcid:country/BTN,2019,1317.64095
dcs:who/AIR_45.ENVCAUSE--ENVCAUSE113__SEX--M,dcid:country/BTN,2019,1998.3284
dcs:who/AIR_45.ENVCAUSE--ENVCAUSE039,dcid:country/BTN,2019,1396.44534
dcs:who/AIR_45.ENVCAUSE--ENVCAUSE114,dcid:country/BTN,2019,980.32209
dcs:who/AIR_45.ENVCAUSE--ENVCAUSE114__SEX--F,dcid:country/BTN,2019,429.32842
dcs:who/AIR_45.ENVCAUSE--ENVCAUSE068__SEX--M,dcid:country/BTN,2019,74.32362
dcs:who/AIR_45.ENVCAUSE--ENVCAUSE113,dcid:country/BTN,2019,3103.68544
dcs:who/AIR_45.ENVCAUSE--ENVCAUSE118__SEX--M,dcid:country/BTN,2019,704.07366
dcs:who/AIR_45.SEX--F,dcid:country/BTN,2019,2861.02648
dcs:who/AIR_45.ENVCAUSE--ENVCAUSE039__SEX--F,dcid:country/BWA,2019,3633.37098
dcs:who/AIR_45.ENVCAUSE--ENVCAUSE114__SEX--M,dcid:country/BWA,2019,1774.03621
dcs:who/AIR_45.ENVCAUSE--ENVCAUSE114__SEX--F,dcid:country/BWA,2019,1875.11518
dcs:who/AIR_45.ENVCAUSE--ENVCAUSE113__SEX--F,dcid:country/BWA,2019,2979.31335
dcs:who/AIR_45.ENVCAUSE--ENVCAUSE118__SEX--M,dcid:country/BWA,2019,665.15465
dcs:who/AIR_45.ENVCAUSE--ENVCAUSE068,dcid:country/BWA,2019,71.88625
dcs:who/AIR_45.SEX--F,dcid:country/BWA,2019,8864.58551
dcs:who/AIR_45.ENVCAUSE--ENVCAUSE068__SEX--M,dcid:country/BWA,2019,59.64202
dcs:who/AIR_45.ENVCAUSE--ENVCAUSE039__SEX--M,dcid:country/BWA,2019,4733.62408
dcs:who/AIR_45.SEX--M,dcid:country/BWA,2019,11368.93545
dcs:who/AIR_45.ENVCAUSE--ENVCAUSE113__SEX--M,dcid:country/BWA,2019,4136.47849
dcs:who/AIR_45.ENVCAUSE--ENVCAUSE068__SEX--F,dcid:country/BWA,2019,12.24423
dcs:who/AIR_45.ENVCAUSE--ENVCAUSE118__SEX--F,dcid:country/BWA,2019,364.54176
dcs:who/AIR_45,dcid:country/BWA,2019,20233.52095
dcs:who/AIR_45.ENVCAUSE--ENVCAUSE114,dcid:country/BWA,2019,3649.15139
dcs:who/AIR_45.ENVCAUSE--ENVCAUSE118,dcid:country/BWA,2019,1029.69641
dcs:who/AIR_45.ENVCAUSE--ENVCAUSE039,dcid:country/BWA,2019,8366.99507
dcs:who/AIR_45.ENVCAUSE--ENVCAUSE113,dcid:country/BWA,2019,7115.79183
dcs:who/AIR_45.ENVCAUSE--ENVCAUSE118,dcid:country/CAF,2019,3334.07924
dcs:who/AIR_45.ENVCAUSE--ENVCAUSE039__SEX--F,dcid:country/CAF,2019,22053.79168
dcs:who/AIR_45.ENVCAUSE--ENVCAUSE068__SEX--M,dcid:country/CAF,2019,83.52473
dcs:who/AIR_45.ENVCAUSE--ENVCAUSE113__SEX--F,dcid:country/CAF,2019,6752.50044
dcs:who/AIR_45.ENVCAUSE--ENVCAUSE118__SEX--M,dcid:country/CAF,2019,1977.27893
dcs:who/AIR_45.ENVCAUSE--ENVCAUSE068,dcid:country/CAF,2019,141.48707
dcs:who/AIR_45,dcid:country/CAF,2019,86066.24229
dcs:who/AIR_45.ENVCAUSE--ENVCAUSE118__SEX--F,dcid:country/CAF,2019,1356.80031
dcs:who/AIR_45.ENVCAUSE--ENVCAUSE114,dcid:country/CAF,2019,11618.57103
dcs:who/AIR_45.ENVCAUSE--ENVCAUSE039,dcid:country/CAF,2019,54947.61506
dcs:who/AIR_45.ENVCAUSE--ENVCAUSE113,dcid:country/CAF,2019,16024.48988
dcs:who/AIR_45.SEX--M,dcid:country/CAF,2019,50384.75272
dcs:who/AIR_45.SEX--F,dcid:country/CAF,2019,35681.48957
dcs:who/AIR_45.ENVCAUSE--ENVCAUSE113__SEX--M,dcid:country/CAF,2019,9271.98944
dcs:who/AIR_45.ENVCAUSE--ENVCAUSE114__SEX--M,dcid:country/CAF,2019,6158.13624
dcs:who/AIR_45.ENVCAUSE--ENVCAUSE114__SEX--F,dcid:country/CAF,2019,5460.4348
dcs:who/AIR_45.ENVCAUSE--ENVCAUSE039__SEX--M,dcid:country/CAF,2019,32893.82338
dcs:who/AIR_45.ENVCAUSE--ENVCAUSE068__SEX--F,dcid:country/CAF,2019,57.96235
dcs:who/AIR_45.ENVCAUSE--ENVCAUSE114,dcid:country/CAN,2019,10179.5149
dcs:who/AIR_45.ENVCAUSE--ENVCAUSE118__SEX--M,dcid:country/CAN,2019,4811.17865
dcs:who/AIR_45,dcid:country/CAN,2019,103891.7539
dcs:who/AIR_45.ENVCAUSE--ENVCAUSE114__SEX--M,dcid:country/CAN,2019,4934.23162
dcs:who/AIR_45.ENVCAUSE--ENVCAUSE039,dcid:country/CAN,2019,5362.39391
dcs:who/AIR_45.ENVCAUSE--ENVCAUSE068__SEX--M,dcid:country/CAN,2019,4245.31793
dcs:who/AIR_45.ENVCAUSE--ENVCAUSE039__SEX--M,dcid:country/CAN,2019,2720.85664
dcs:who/AIR_45.ENVCAUSE--ENVCAUSE118__SEX--F,dcid:country/CAN,2019,4584.00751
dcs:who/AIR_45.ENVCAUSE--ENVCAUSE113__SEX--M,dcid:country/CAN,2019,46062.24468
dcs:who/AIR_45.SEX--M,dcid:country/CAN,2019,62773.82952
dcs:who/AIR_45.ENVCAUSE--ENVCAUSE068,dcid:country/CAN,2019,8104.91473
dcs:who/AIR_45.ENVCAUSE--ENVCAUSE113,dcid:country/CAN,2019,70849.7442
dcs:who/AIR_45.SEX--F,dcid:country/CAN,2019,41117.92438
dcs:who/AIR_45.ENVCAUSE--ENVCAUSE039__SEX--F,dcid:country/CAN,2019,2641.53727
dcs:who/AIR_45.ENVCAUSE--ENVCAUSE118,dcid:country/CAN,2019,9395.18616
dcs:who/AIR_45.ENVCAUSE--ENVCAUSE113__SEX--F,dcid:country/CAN,2019,24787.49952
dcs:who/AIR_45.ENVCAUSE--ENVCAUSE068__SEX--F,dcid:country/CAN,2019,3859.5968
dcs:who/AIR_45.ENVCAUSE--ENVCAUSE114__SEX--F,dcid:country/CAN,2019,5245.28329
dcs:who/AIR_45.ENVCAUSE--ENVCAUSE039__SEX--M,dcid:country/CHE,2019,996.76902
dcs:who/AIR_45.ENVCAUSE--ENVCAUSE113__SEX--M,dcid:country/CHE,2019,12039.13769
dcs:who/AIR_45.SEX--M,dcid:country/CHE,2019,17855.62541
dcs:who/AIR_45.ENVCAUSE--ENVCAUSE118__SEX--M,dcid:country/CHE,2019,1556.12582
dcs:who/AIR_45.ENVCAUSE--ENVCAUSE114__SEX--M,dcid:country/CHE,2019,1627.96845
dcs:who/AIR_45.ENVCAUSE--ENVCAUSE068__SEX--M,dcid:country/CHE,2019,1635.62443
dcs:who/AIR_45.ENVCAUSE--ENVCAUSE039__SEX--F,dcid:country/CHE,2019,948.96089
dcs:who/AIR_45.ENVCAUSE--ENVCAUSE068,dcid:country/CHE,2019,2660.66507
dcs:who/AIR_45.ENVCAUSE--ENVCAUSE113__SEX--F,dcid:country/CHE,2019,7806.06354
dcs:who/AIR_45.SEX--F,dcid:country/CHE,2019,13012.59657
dcs:who/AIR_45.ENVCAUSE--ENVCAUSE039,dcid:country/CHE,2019,1945.72991
dcs:who/AIR_45.ENVCAUSE--ENVCAUSE118,dcid:country/CHE,2019,2834.75464
dcs:who/AIR_45.ENVCAUSE--ENVCAUSE114__SEX--F,dcid:country/CHE,2019,1953.90267
dcs:who/AIR_45.ENVCAUSE--ENVCAUSE114,dcid:country/CHE,2019,3581.87112
dcs:who/AIR_45,dcid:country/CHE,2019,30868.22197
dcs:who/AIR_45.ENVCAUSE--ENVCAUSE068__SEX--F,dcid:country/CHE,2019,1025.04064
dcs:who/AIR_45.ENVCAUSE--ENVCAUSE118__SEX--F,dcid:country/CHE,2019,1278.62882
dcs:who/AIR_45.ENVCAUSE--ENVCAUSE113,dcid:country/CHE,2019,19845.20124
dcs:who/AIR_45.SEX--M,dcid:country/CHL,2019,50418.8659
dcs:who/AIR_45.ENVCAUSE--ENVCAUSE114,dcid:country/CHL,2019,19758.22899
dcs:who/AIR_45.ENVCAUSE--ENVCAUSE118__SEX--M,dcid:country/CHL,2019,3849.11933
dcs:who/AIR_45.ENVCAUSE--ENVCAUSE039__SEX--F,dcid:country/CHL,2019,4832.67596
dcs:who/AIR_45.ENVCAUSE--ENVCAUSE039__SEX--M,dcid:country/CHL,2019,6262.2959
dcs:who/AIR_45.ENVCAUSE--ENVCAUSE118__SEX--F,dcid:country/CHL,2019,3495.62064
dcs:who/AIR_45,dcid:country/CHL,2019,84451.78888
dcs:who/AIR_45.ENVCAUSE--ENVCAUSE113__SEX--F,dcid:country/CHL,2019,13703.73718
dcs:who/AIR_45.ENVCAUSE--ENVCAUSE113__SEX--M,dcid:country/CHL,2019,25878.61278
dcs:who/AIR_45.ENVCAUSE--ENVCAUSE114__SEX--M,dcid:country/CHL,2019,10433.97404
dcs:who/AIR_45.SEX--F,dcid:country/CHL,2019,34032.92298
dcs:who/AIR_45.ENVCAUSE--ENVCAUSE118,dcid:country/CHL,2019,7344.73997
dcs:who/AIR_45.ENVCAUSE--ENVCAUSE068__SEX--F,dcid:country/CHL,2019,2676.63425
dcs:who/AIR_45.ENVCAUSE--ENVCAUSE068,dcid:country/CHL,2019,6671.4981
dcs:who/AIR_45.ENVCAUSE--ENVCAUSE113,dcid:country/CHL,2019,39582.34996
dcs:who/AIR_45.ENVCAUSE--ENVCAUSE114__SEX--F,dcid:country/CHL,2019,9324.25495
dcs:who/AIR_45.ENVCAUSE--ENVCAUSE039,dcid:country/CHL,2019,11094.97186
dcs:who/AIR_45.ENVCAUSE--ENVCAUSE068__SEX--M,dcid:country/CHL,2019,3994.86385
dcs:who/AIR_45.ENVCAUSE--ENVCAUSE068__SEX--M,dcid:country/CHN,2019,1823495.69
dcs:who/AIR_45.ENVCAUSE--ENVCAUSE039__SEX--M,dcid:country/CHN,2019,671161.8335
dcs:who/AIR_45.ENVCAUSE--ENVCAUSE114__SEX--F,dcid:country/CHN,2019,2543286.381
dcs:who/AIR_45.ENVCAUSE--ENVCAUSE114__SEX--M,dcid:country/CHN,2019,4161327.1
dcs:who/AIR_45.SEX--M,dcid:country/CHN,2019,13277717.81
dcs:who/AIR_45.ENVCAUSE--ENVCAUSE113__SEX--F,dcid:country/CHN,2019,2974933.464
dcs:who/AIR_45.ENVCAUSE--ENVCAUSE118,dcid:country/CHN,2019,2903262.279
dcs:who/AIR_45.ENVCAUSE--ENVCAUSE113,dcid:country/CHN,2019,7824150.344
dcs:who/AIR_45.SEX--F,dcid:country/CHN,2019,7892191.797
dcs:who/AIR_45,dcid:country/CHN,2019,21169909.61
dcs:who/AIR_45.ENVCAUSE--ENVCAUSE118__SEX--M,dcid:country/CHN,2019,1772516.306
dcs:who/AIR_45.ENVCAUSE--ENVCAUSE118__SEX--F,dcid:country/CHN,2019,1130745.973
dcs:who/AIR_45.ENVCAUSE--ENVCAUSE114,dcid:country/CHN,2019,6704613.481
dcs:who/AIR_45.ENVCAUSE--ENVCAUSE068__SEX--F,dcid:country/CHN,2019,787201.007
dcs:who/AIR_45.ENVCAUSE--ENVCAUSE113__SEX--M,dcid:country/CHN,2019,4849216.88
dcs:who/AIR_45.ENVCAUSE--ENVCAUSE039,dcid:country/CHN,2019,1127186.805
dcs:who/AIR_45.ENVCAUSE--ENVCAUSE068,dcid:country/CHN,2019,2610696.697
dcs:who/AIR_45.ENVCAUSE--ENVCAUSE039__SEX--F,dcid:country/CHN,2019,456024.9712
dcs:who/AIR_45.ENVCAUSE--ENVCAUSE118,dcid:country/CIV,2019,10919.55686
dcs:who/AIR_45.ENVCAUSE--ENVCAUSE113__SEX--M,dcid:country/CIV,2019,45798.99127
dcs:who/AIR_45.SEX--F,dcid:country/CIV,2019,172048.8559
dcs:who/AIR_45.ENVCAUSE--ENVCAUSE114__SEX--F,dcid:country/CIV,2019,15991.3792
dcs:who/AIR_45,dcid:country/CIV,2019,439275.3922
dcs:who/AIR_45.ENVCAUSE--ENVCAUSE114,dcid:country/CIV,2019,43597.07479
dcs:who/AIR_45.SEX--M,dcid:country/CIV,2019,267226.5363
dcs:who/AIR_45.ENVCAUSE--ENVCAUSE039,dcid:country/CIV,2019,314877.1516
dcs:who/AIR_45.ENVCAUSE--ENVCAUSE068__SEX--M,dcid:country/CIV,2019,815.81873
dcs:who/AIR_45.ENVCAUSE--ENVCAUSE118__SEX--F,dcid:country/CIV,2019,2976.88747
dcs:who/AIR_45.ENVCAUSE--ENVCAUSE118__SEX--M,dcid:country/CIV,2019,7942.66939
dcs:who/AIR_45.ENVCAUSE--ENVCAUSE114__SEX--M,dcid:country/CIV,2019,27605.69559
dcs:who/AIR_45.ENVCAUSE--ENVCAUSE113,dcid:country/CIV,2019,68693.0584
dcs:who/AIR_45.ENVCAUSE--ENVCAUSE068,dcid:country/CIV,2019,1188.55058
dcs:who/AIR_45.ENVCAUSE--ENVCAUSE039__SEX--F,dcid:country/CIV,2019,129813.7903
dcs:who/AIR_45.ENVCAUSE--ENVCAUSE068__SEX--F,dcid:country/CIV,2019,372.73184
dcs:who/AIR_45.ENVCAUSE--ENVCAUSE113__SEX--F,dcid:country/CIV,2019,22894.06714
dcs:who/AIR_45.ENVCAUSE--ENVCAUSE039__SEX--M,dcid:country/CIV,2019,185063.3613
dcs:who/AIR_45.ENVCAUSE--ENVCAUSE113__SEX--F,dcid:country/CMR,2019,30505.39134
dcs:who/AIR_45.ENVCAUSE--ENVCAUSE068__SEX--F,dcid:country/CMR,2019,694.59378
dcs:who/AIR_45.ENVCAUSE--ENVCAUSE114,dcid:country/CMR,2019,58649.61826
dcs:who/AIR_45.ENVCAUSE--ENVCAUSE068,dcid:country/CMR,2019,1986.0841
dcs:who/AIR_45.ENVCAUSE--ENVCAUSE114__SEX--F,dcid:country/CMR,2019,27196.9689
dcs:who/AIR_45.ENVCAUSE--ENVCAUSE113__SEX--M,dcid:country/CMR,2019,41919.07462
dcs:who/AIR_45.ENVCAUSE--ENVCAUSE114__SEX--M,dcid:country/CMR,2019,31452.64936
dcs:who/AIR_45.SEX--F,dcid:country/CMR,2019,207034.9189
dcs:who/AIR_45,dcid:country/CMR,2019,475654.779
dcs:who/AIR_45.ENVCAUSE--ENVCAUSE068__SEX--M,dcid:country/CMR,2019,1291.49032
dcs:who/AIR_45.ENVCAUSE--ENVCAUSE118__SEX--F,dcid:country/CMR,2019,5157.99313
dcs:who/AIR_45.ENVCAUSE--ENVCAUSE039__SEX--M,dcid:country/CMR,2019,185539.2297
dcs:who/AIR_45.SEX--M,dcid:country/CMR,2019,268619.86
dcs:who/AIR_45.ENVCAUSE--ENVCAUSE039,dcid:country/CMR,2019,329019.2015
dcs:who/AIR_45.ENVCAUSE--ENVCAUSE118__SEX--M,dcid:country/CMR,2019,8417.41605
dcs:who/AIR_45.ENVCAUSE--ENVCAUSE039__SEX--F,dcid:country/CMR,2019,143479.9718
dcs:who/AIR_45.ENVCAUSE--ENVCAUSE118,dcid:country/CMR,2019,13575.40919
dcs:who/AIR_45.ENVCAUSE--ENVCAUSE113,dcid:country/CMR,2019,72424.46596
dcs:who/AIR_45.ENVCAUSE--ENVCAUSE114__SEX--M,dcid:country/COD,2019,63744.58989
dcs:who/AIR_45.ENVCAUSE--ENVCAUSE068__SEX--F,dcid:country/COD,2019,1776.15798
dcs:who/AIR_45.ENVCAUSE--ENVCAUSE118__SEX--F,dcid:country/COD,2019,19751.29023
dcs:who/AIR_45.SEX--F,dcid:country/COD,2019,526818.6465
dcs:who/AIR_45.ENVCAUSE--ENVCAUSE114,dcid:country/COD,2019,119753.8934
dcs:who/AIR_45.ENVCAUSE--ENVCAUSE113,dcid:country/COD,2019,174062.4497
dcs:who/AIR_45.ENVCAUSE--ENVCAUSE068,dcid:country/COD,2019,3432.61977
dcs:who/AIR_45.SEX--M,dcid:country/COD,2019,692235.6065
dcs:who/AIR_45.ENVCAUSE--ENVCAUSE118,dcid:country/COD,2019,45240.55502
dcs:who/AIR_45.ENVCAUSE--ENVCAUSE118__SEX--M,dcid:country/COD,2019,25489.26479
dcs:who/AIR_45.ENVCAUSE--ENVCAUSE113__SEX--M,dcid:country/COD,2019,96316.56372
dcs:who/AIR_45,dcid:country/COD,2019,1219054.253
dcs:who/AIR_45.ENVCAUSE--ENVCAUSE068__SEX--M,dcid:country/COD,2019,1656.46179
dcs:who/AIR_45.ENVCAUSE--ENVCAUSE039__SEX--F,dcid:country/COD,2019,371536.0088
dcs:who/AIR_45.ENVCAUSE--ENVCAUSE113__SEX--F,dcid:country/COD,2019,77745.88597
dcs:who/AIR_45.ENVCAUSE--ENVCAUSE114__SEX--F,dcid:country/COD,2019,56009.30355
dcs:who/AIR_45.ENVCAUSE--ENVCAUSE039,dcid:country/COD,2019,876564.7351
dcs:who/AIR_45.ENVCAUSE--ENVCAUSE039__SEX--M,dcid:country/COD,2019,505028.7263
dcs:who/AIR_45.SEX--F,dcid:country/COG,2019,22927.713
dcs:who/AIR_45.ENVCAUSE--ENVCAUSE039__SEX--F,dcid:country/COG,2019,11124.20691
dcs:who/AIR_45.ENVCAUSE--ENVCAUSE068,dcid:country/COG,2019,150.22973
dcs:who/AIR_45.ENVCAUSE--ENVCAUSE113__SEX--M,dcid:country/COG,2019,6413.86541
dcs:who/AIR_45.ENVCAUSE--ENVCAUSE068__SEX--M,dcid:country/COG,2019,81.4545
dcs:who/AIR_45.ENVCAUSE--ENVCAUSE118__SEX--M,dcid:country/COG,2019,990.47278
dcs:who/AIR_45.ENVCAUSE--ENVCAUSE039,dcid:country/COG,2019,25042.12217
dcs:who/AIR_45.ENVCAUSE--ENVCAUSE114,dcid:country/COG,2019,7748.31303
dcs:who/AIR_45.ENVCAUSE--ENVCAUSE068__SEX--F,dcid:country/COG,2019,68.77523
dcs:who/AIR_45,dcid:country/COG,2019,47855.95548
dcs:who/AIR_45.ENVCAUSE--ENVCAUSE113,dcid:country/COG,2019,13074.26021
dcs:who/AIR_45.ENVCAUSE--ENVCAUSE113__SEX--F,dcid:country/COG,2019,6660.3948
dcs:who/AIR_45.ENVCAUSE--ENVCAUSE039__SEX--M,dcid:country/COG,2019,13917.91526
dcs:who/AIR_45.ENVCAUSE--ENVCAUSE114__SEX--F,dcid:country/COG,2019,4223.77851
dcs:who/AIR_45.ENVCAUSE--ENVCAUSE114__SEX--M,dcid:country/COG,2019,3524.53452
dcs:who/AIR_45.SEX--M,dcid:country/COG,2019,24928.24248
dcs:who/AIR_45.ENVCAUSE--ENVCAUSE118,dcid:country/COG,2019,1841.03034
dcs:who/AIR_45.ENVCAUSE--ENVCAUSE118__SEX--F,dcid:country/COG,2019,850.55756
dcs:who/AIR_45.ENVCAUSE--ENVCAUSE113__SEX--F,dcid:country/COL,2019,54211.30695
dcs:who/AIR_45.ENVCAUSE--ENVCAUSE114__SEX--F,dcid:country/COL,2019,15787.82267
dcs:who/AIR_45.SEX--M,dcid:country/COL,2019,119531.4392
dcs:who/AIR_45.ENVCAUSE--ENVCAUSE039__SEX--F,dcid:country/COL,2019,16210.26667
dcs:who/AIR_45.ENVCAUSE--ENVCAUSE039__SEX--M,dcid:country/COL,2019,18999.98351
dcs:who/AIR_45.ENVCAUSE--ENVCAUSE068,dcid:country/COL,2019,7197.13222
dcs:who/AIR_45.ENVCAUSE--ENVCAUSE068__SEX--M,dcid:country/COL,2019,4130.13548
dcs:who/AIR_45,dcid:country/COL,2019,218986.9809
dcs:who/AIR_45.ENVCAUSE--ENVCAUSE113__SEX--M,dcid:country/COL,2019,71596.83845
dcs:who/AIR_45.SEX--F,dcid:country/COL,2019,99455.54173
dcs:who/AIR_45.ENVCAUSE--ENVCAUSE114__SEX--M,dcid:country/COL,2019,13743.97477
dcs:who/AIR_45.ENVCAUSE--ENVCAUSE118__SEX--M,dcid:country/COL,2019,11060.50696
dcs:who/AIR_45.ENVCAUSE--ENVCAUSE118__SEX--F,dcid:country/COL,2019,10179.14871
dcs:who/AIR_45.ENVCAUSE--ENVCAUSE068__SEX--F,dcid:country/COL,2019,3066.99674
dcs:who/AIR_45.ENVCAUSE--ENVCAUSE039,dcid:country/COL,2019,35210.25018
dcs:who/AIR_45.ENVCAUSE--ENVCAUSE114,dcid:country/COL,2019,29531.79744
dcs:who/AIR_45.ENVCAUSE--ENVCAUSE118,dcid:country/COL,2019,21239.65567
dcs:who/AIR_45.ENVCAUSE--ENVCAUSE113,dcid:country/COL,2019,125808.1454
dcs:who/AIR_45.ENVCAUSE--ENVCAUSE039__SEX--M,dcid:country/COM,2019,2322.19459
dcs:who/AIR_45.ENVCAUSE--ENVCAUSE118__SEX--M,dcid:country/COM,2019,124.86242
dcs:who/AIR_45.ENVCAUSE--ENVCAUSE114,dcid:country/COM,2019,914.07815
dcs:who/AIR_45.ENVCAUSE--ENVCAUSE068__SEX--M,dcid:country/COM,2019,2.22305
dcs:who/AIR_45.SEX--M,dcid:country/COM,2019,3781.19124
dcs:who/AIR_45,dcid:country/COM,2019,6935.06669
dcs:who/AIR_45.ENVCAUSE--ENVCAUSE118__SEX--F,dcid:country/COM,2019,69.53665
dcs:who/AIR_45.SEX--F,dcid:country/COM,2019,3153.87545
dcs:who/AIR_45.ENVCAUSE--ENVCAUSE113__SEX--F,dcid:country/COM,2019,669.46091
dcs:who/AIR_45.ENVCAUSE--ENVCAUSE068,dcid:country/COM,2019,2.22305
dcs:who/AIR_45.ENVCAUSE--ENVCAUSE039,dcid:country/COM,2019,4255.99273
dcs:who/AIR_45.ENVCAUSE--ENVCAUSE114__SEX--M,dcid:country/COM,2019,432.9984
dcs:who/AIR_45.ENVCAUSE--ENVCAUSE114__SEX--F,dcid:country/COM,2019,481.07975
dcs:who/AIR_45.ENVCAUSE--ENVCAUSE039__SEX--F,dcid:country/COM,2019,1933.79814
dcs:who/AIR_45.ENVCAUSE--ENVCAUSE118,dcid:country/COM,2019,194.39907
dcs:who/AIR_45.ENVCAUSE--ENVCAUSE068__SEX--F,dcid:country/COM,2019,0.0
dcs:who/AIR_45.ENVCAUSE--ENVCAUSE113,dcid:country/COM,2019,1568.37368
dcs:who/AIR_45.ENVCAUSE--ENVCAUSE113__SEX--M,dcid:country/COM,2019,898.91277
dcs:who/AIR_45.ENVCAUSE--ENVCAUSE039__SEX--F,dcid:country/CPV,2019,555.56303
dcs:who/AIR_45.ENVCAUSE--ENVCAUSE118__SEX--F,dcid:country/CPV,2019,77.57372
dcs:who/AIR_45.ENVCAUSE--ENVCAUSE039,dcid:country/CPV,2019,1437.83901
dcs:who/AIR_45.ENVCAUSE--ENVCAUSE118,dcid:country/CPV,2019,185.30233
dcs:who/AIR_45,dcid:country/CPV,2019,4568.06722
dcs:who/AIR_45.ENVCAUSE--ENVCAUSE068__SEX--M,dcid:country/CPV,2019,62.97677
dcs:who/AIR_45.ENVCAUSE--ENVCAUSE118__SEX--M,dcid:country/CPV,2019,107.72861
dcs:who/AIR_45.SEX--M,dcid:country/CPV,2019,2631.81473
dcs:who/AIR_45.ENVCAUSE--ENVCAUSE114__SEX--M,dcid:country/CPV,2019,518.94309
dcs:who/AIR_45.ENVCAUSE--ENVCAUSE068__SEX--F,dcid:country/CPV,2019,45.36634
dcs:who/AIR_45.ENVCAUSE--ENVCAUSE113__SEX--M,dcid:country/CPV,2019,1059.89027
dcs:who/AIR_45.ENVCAUSE--ENVCAUSE114__SEX--F,dcid:country/CPV,2019,341.62328
dcs:who/AIR_45.ENVCAUSE--ENVCAUSE114,dcid:country/CPV,2019,860.56637
dcs:who/AIR_45.ENVCAUSE--ENVCAUSE113,dcid:country/CPV,2019,1976.0164
dcs:who/AIR_45.ENVCAUSE--ENVCAUSE068,dcid:country/CPV,2019,108.34311
dcs:who/AIR_45.ENVCAUSE--ENVCAUSE039__SEX--M,dcid:country/CPV,2019,882.27598
dcs:who/AIR_45.ENVCAUSE--ENVCAUSE113__SEX--F,dcid:country/CPV,2019,916.12614
dcs:who/AIR_45.SEX--F,dcid:country/CPV,2019,1936.2525
dcs:who/AIR_45.SEX--M,dcid:country/CRI,2019,10415.30875
dcs:who/AIR_45.ENVCAUSE--ENVCAUSE114__SEX--M,dcid:country/CRI,2019,1436.52459
dcs:who/AIR_45.ENVCAUSE--ENVCAUSE068__SEX--F,dcid:country/CRI,2019,167.4857
dcs:who/AIR_45.ENVCAUSE--ENVCAUSE113__SEX--F,dcid:country/CRI,2019,2901.58299
dcs:who/AIR_45.ENVCAUSE--ENVCAUSE039__SEX--M,dcid:country/CRI,2019,1659.42502
dcs:who/AIR_45.ENVCAUSE--ENVCAUSE039__SEX--F,dcid:country/CRI,2019,1034.53325
dcs:who/AIR_45.ENVCAUSE--ENVCAUSE118__SEX--M,dcid:country/CRI,2019,782.88543
dcs:who/AIR_45.ENVCAUSE--ENVCAUSE068__SEX--M,dcid:country/CRI,2019,335.73611
dcs:who/AIR_45.SEX--F,dcid:country/CRI,2019,6066.59038
dcs:who/AIR_45.ENVCAUSE--ENVCAUSE118__SEX--F,dcid:country/CRI,2019,602.18231
dcs:who/AIR_45.ENVCAUSE--ENVCAUSE114__SEX--F,dcid:country/CRI,2019,1360.80612
dcs:who/AIR_45.ENVCAUSE--ENVCAUSE113__SEX--M,dcid:country/CRI,2019,6200.7376
dcs:who/AIR_45.ENVCAUSE--ENVCAUSE114,dcid:country/CRI,2019,2797.33071
dcs:who/AIR_45.ENVCAUSE--ENVCAUSE113,dcid:country/CRI,2019,9102.3206
dcs:who/AIR_45.ENVCAUSE--ENVCAUSE039,dcid:country/CRI,2019,2693.95826
dcs:who/AIR_45.ENVCAUSE--ENVCAUSE068,dcid:country/CRI,2019,503.22181
dcs:who/AIR_45.ENVCAUSE--ENVCAUSE118,dcid:country/CRI,2019,1385.06774
dcs:who/AIR_45,dcid:country/CRI,2019,16481.89912
dcs:who/AIR_45.ENVCAUSE--ENVCAUSE068__SEX--F,dcid:country/CUB,2019,2785.7972
dcs:who/AIR_45.ENVCAUSE--ENVCAUSE114__SEX--F,dcid:country/CUB,2019,7844.26667
dcs:who/AIR_45.ENVCAUSE--ENVCAUSE039,dcid:country/CUB,2019,17012.0082
dcs:who/AIR_45.ENVCAUSE--ENVCAUSE118__SEX--M,dcid:country/CUB,2019,4687.43805
dcs:who/AIR_45.SEX--F,dcid:country/CUB,2019,48546.48541
dcs:who/AIR_45.ENVCAUSE--ENVCAUSE068__SEX--M,dcid:country/CUB,2019,4827.94907
dcs:who/AIR_45.ENVCAUSE--ENVCAUSE113,dcid:country/CUB,2019,64039.95505
dcs:who/AIR_45.ENVCAUSE--ENVCAUSE118,dcid:country/CUB,2019,8720.57436
dcs:who/AIR_45,dcid:country/CUB,2019,114954.7954
dcs:who/AIR_45.ENVCAUSE--ENVCAUSE114,dcid:country/CUB,2019,17568.51148
dcs:who/AIR_45.ENVCAUSE--ENVCAUSE114__SEX--M,dcid:country/CUB,2019,9724.24481
dcs:who/AIR_45.ENVCAUSE--ENVCAUSE068,dcid:country/CUB,2019,7613.74627
dcs:who/AIR_45.ENVCAUSE--ENVCAUSE113__SEX--M,dcid:country/CUB,2019,37789.12426
dcs:who/AIR_45.ENVCAUSE--ENVCAUSE118__SEX--F,dcid:country/CUB,2019,4033.13631
dcs:who/AIR_45.ENVCAUSE--ENVCAUSE039__SEX--M,dcid:country/CUB,2019,9379.55376
dcs:who/AIR_45.ENVCAUSE--ENVCAUSE039__SEX--F,dcid:country/CUB,2019,7632.45444
dcs:who/AIR_45.SEX--M,dcid:country/CUB,2019,66408.30994
dcs:who/AIR_45.ENVCAUSE--ENVCAUSE113__SEX--F,dcid:country/CUB,2019,26250.83078
dcs:who/AIR_45.ENVCAUSE--ENVCAUSE113__SEX--F,dcid:country/CYP,2019,1010.09579
dcs:who/AIR_45.ENVCAUSE--ENVCAUSE068__SEX--F,dcid:country/CYP,2019,99.56591
dcs:who/AIR_45.SEX--F,dcid:country/CYP,2019,1689.56611
dcs:who/AIR_45.ENVCAUSE--ENVCAUSE118__SEX--F,dcid:country/CYP,2019,172.60467
dcs:who/AIR_45.ENVCAUSE--ENVCAUSE068__SEX--M,dcid:country/CYP,2019,354.92317
dcs:who/AIR_45.ENVCAUSE--ENVCAUSE113,dcid:country/CYP,2019,3422.03657
dcs:who/AIR_45,dcid:country/CYP,2019,5196.25534
dcs:who/AIR_45.ENVCAUSE--ENVCAUSE114__SEX--M,dcid:country/CYP,2019,332.59219
dcs:who/AIR_45.ENVCAUSE--ENVCAUSE113__SEX--M,dcid:country/CYP,2019,2411.94078
dcs:who/AIR_45.SEX--M,dcid:country/CYP,2019,3506.68923
dcs:who/AIR_45.ENVCAUSE--ENVCAUSE114,dcid:country/CYP,2019,662.46275
dcs:who/AIR_45.ENVCAUSE--ENVCAUSE118__SEX--M,dcid:country/CYP,2019,302.80243
dcs:who/AIR_45.ENVCAUSE--ENVCAUSE039__SEX--F,dcid:country/CYP,2019,77.42918
dcs:who/AIR_45.ENVCAUSE--ENVCAUSE114__SEX--F,dcid:country/CYP,2019,329.87056
dcs:who/AIR_45.ENVCAUSE--ENVCAUSE118,dcid:country/CYP,2019,475.40711
dcs:who/AIR_45.ENVCAUSE--ENVCAUSE039__SEX--M,dcid:country/CYP,2019,104.43066
dcs:who/AIR_45.ENVCAUSE--ENVCAUSE039,dcid:country/CYP,2019,181.85984
dcs:who/AIR_45.ENVCAUSE--ENVCAUSE068,dcid:country/CYP,2019,454.48907
dcs:who/AIR_45.ENVCAUSE--ENVCAUSE039__SEX--F,dcid:country/CZE,2019,3950.13585
dcs:who/AIR_45.ENVCAUSE--ENVCAUSE114,dcid:country/CZE,2019,12017.76389
dcs:who/AIR_45.ENVCAUSE--ENVCAUSE118__SEX--F,dcid:country/CZE,2019,2825.36317
dcs:who/AIR_45.ENVCAUSE--ENVCAUSE114__SEX--M,dcid:country/CZE,2019,6072.883
dcs:who/AIR_45.SEX--M,dcid:country/CZE,2019,69682.80463
dcs:who/AIR_45.ENVCAUSE--ENVCAUSE068,dcid:country/CZE,2019,7550.57629
dcs:who/AIR_45.ENVCAUSE--ENVCAUSE113,dcid:country/CZE,2019,82708.67665
dcs:who/AIR_45.ENVCAUSE--ENVCAUSE113__SEX--F,dcid:country/CZE,2019,34493.60416
dcs:who/AIR_45.ENVCAUSE--ENVCAUSE068__SEX--F,dcid:country/CZE,2019,2550.391
dcs:who/AIR_45.ENVCAUSE--ENVCAUSE118__SEX--M,dcid:country/CZE,2019,4822.99312
dcs:who/AIR_45.ENVCAUSE--ENVCAUSE039,dcid:country/CZE,2019,9521.80658
dcs:who/AIR_45.ENVCAUSE--ENVCAUSE114__SEX--F,dcid:country/CZE,2019,5944.88089
dcs:who/AIR_45.ENVCAUSE--ENVCAUSE068__SEX--M,dcid:country/CZE,2019,5000.18529
dcs:who/AIR_45.ENVCAUSE--ENVCAUSE039__SEX--M,dcid:country/CZE,2019,5571.67073
dcs:who/AIR_45,dcid:country/CZE,2019,119447.1797
dcs:who/AIR_45.ENVCAUSE--ENVCAUSE113__SEX--M,dcid:country/CZE,2019,48215.07249
dcs:who/AIR_45.SEX--F,dcid:country/CZE,2019,49764.37507
dcs:who/AIR_45.ENVCAUSE--ENVCAUSE118,dcid:country/CZE,2019,7648.35629
dcs:who/AIR_45.SEX--M,dcid:country/DEU,2019,349584.2065
dcs:who/AIR_45.ENVCAUSE--ENVCAUSE068,dcid:country/DEU,2019,47382.93091
dcs:who/AIR_45.ENVCAUSE--ENVCAUSE068__SEX--M,dcid:country/DEU,2019,30162.41273
dcs:who/AIR_45.ENVCAUSE--ENVCAUSE118__SEX--M,dcid:country/DEU,2019,33777.47001
dcs:who/AIR_45.ENVCAUSE--ENVCAUSE068__SEX--F,dcid:country/DEU,2019,17220.51818
dcs:who/AIR_45.ENVCAUSE--ENVCAUSE114__SEX--M,dcid:country/DEU,2019,34035.81849
dcs:who/AIR_45.SEX--F,dcid:country/DEU,2019,198572.2915
dcs:who/AIR_45.ENVCAUSE--ENVCAUSE118__SEX--F,dcid:country/DEU,2019,24481.46656
dcs:who/AIR_45.ENVCAUSE--ENVCAUSE118,dcid:country/DEU,2019,58258.93657
dcs:who/AIR_45.ENVCAUSE--ENVCAUSE114,dcid:country/DEU,2019,62576.28917
dcs:who/AIR_45.ENVCAUSE--ENVCAUSE113,dcid:country/DEU,2019,347949.1789
dcs:who/AIR_45.ENVCAUSE--ENVCAUSE039,dcid:country/DEU,2019,31989.16242
dcs:who/AIR_45,dcid:country/DEU,2019,548156.498
dcs:who/AIR_45.ENVCAUSE--ENVCAUSE114__SEX--F,dcid:country/DEU,2019,28540.47068
dcs:who/AIR_45.ENVCAUSE--ENVCAUSE039__SEX--M,dcid:country/DEU,2019,19692.23553
dcs:who/AIR_45.ENVCAUSE--ENVCAUSE113__SEX--F,dcid:country/DEU,2019,116032.9092
dcs:who/AIR_45.ENVCAUSE--ENVCAUSE039__SEX--F,dcid:country/DEU,2019,12296.92688
dcs:who/AIR_45.ENVCAUSE--ENVCAUSE113__SEX--M,dcid:country/DEU,2019,231916.2697
dcs:who/AIR_45.ENVCAUSE--ENVCAUSE039,dcid:country/DJI,2019,4981.81799
dcs:who/AIR_45.ENVCAUSE--ENVCAUSE114,dcid:country/DJI,2019,2113.62881
dcs:who/AIR_45.ENVCAUSE--ENVCAUSE118,dcid:country/DJI,2019,345.24265
dcs:who/AIR_45,dcid:country/DJI,2019,10900.91857
dcs:who/AIR_45.ENVCAUSE--ENVCAUSE113__SEX--F,dcid:country/DJI,2019,1324.39536
dcs:who/AIR_45.ENVCAUSE--ENVCAUSE113__SEX--M,dcid:country/DJI,2019,2080.60835
dcs:who/AIR_45.ENVCAUSE--ENVCAUSE118__SEX--M,dcid:country/DJI,2019,226.2671
dcs:who/AIR_45.SEX--F,dcid:country/DJI,2019,4665.33393
dcs:who/AIR_45.ENVCAUSE--ENVCAUSE039__SEX--M,dcid:country/DJI,2019,2781.73021
dcs:who/AIR_45.ENVCAUSE--ENVCAUSE068__SEX--F,dcid:country/DJI,2019,23.46999
dcs:who/AIR_45.ENVCAUSE--ENVCAUSE039__SEX--F,dcid:country/DJI,2019,2200.08778
dcs:who/AIR_45.SEX--M,dcid:country/DJI,2019,6235.58464
dcs:who/AIR_45.ENVCAUSE--ENVCAUSE114__SEX--F,dcid:country/DJI,2019,998.40525
dcs:who/AIR_45.ENVCAUSE--ENVCAUSE114__SEX--M,dcid:country/DJI,2019,1115.22356
dcs:who/AIR_45.ENVCAUSE--ENVCAUSE068,dcid:country/DJI,2019,55.22542
dcs:who/AIR_45.ENVCAUSE--ENVCAUSE118__SEX--F,dcid:country/DJI,2019,118.97555
dcs:who/AIR_45.ENVCAUSE--ENVCAUSE068__SEX--M,dcid:country/DJI,2019,31.75542
dcs:who/AIR_45.ENVCAUSE--ENVCAUSE113,dcid:country/DJI,2019,3405.00371
dcs:who/AIR_45,dcid:country/DNK,2019,26510.1551
dcs:who/AIR_45.ENVCAUSE--ENVCAUSE118__SEX--F,dcid:country/DNK,2019,2496.15
dcs:who/AIR_45.ENVCAUSE--ENVCAUSE114,dcid:country/DNK,2019,3994.45883
dcs:who/AIR_45.ENVCAUSE--ENVCAUSE113__SEX--F,dcid:country/DNK,2019,4133.1063
dcs:who/AIR_45.ENVCAUSE--ENVCAUSE113__SEX--M,dcid:country/DNK,2019,7984.67585
dcs:who/AIR_45.ENVCAUSE--ENVCAUSE113,dcid:country/DNK,2019,12117.78215
dcs:who/AIR_45.ENVCAUSE--ENVCAUSE068,dcid:country/DNK,2019,2936.51511
dcs:who/AIR_45.ENVCAUSE--ENVCAUSE118__SEX--M,dcid:country/DNK,2019,2384.47742
dcs:who/AIR_45.ENVCAUSE--ENVCAUSE039,dcid:country/DNK,2019,2580.77161
dcs:who/AIR_45.ENVCAUSE--ENVCAUSE114__SEX--F,dcid:country/DNK,2019,1994.7868
dcs:who/AIR_45.ENVCAUSE--ENVCAUSE039__SEX--F,dcid:country/DNK,2019,1146.52933
dcs:who/AIR_45.ENVCAUSE--ENVCAUSE068__SEX--F,dcid:country/DNK,2019,1433.20758
dcs:who/AIR_45.ENVCAUSE--ENVCAUSE039__SEX--M,dcid:country/DNK,2019,1434.24228
dcs:who/AIR_45.ENVCAUSE--ENVCAUSE118,dcid:country/DNK,2019,4880.62742
dcs:who/AIR_45.SEX--F,dcid:country/DNK,2019,11203.78
dcs:who/AIR_45.SEX--M,dcid:country/DNK,2019,15306.3751
dcs:who/AIR_45.ENVCAUSE--ENVCAUSE068__SEX--M,dcid:country/DNK,2019,1503.30752
dcs:who/AIR_45.ENVCAUSE--ENVCAUSE114__SEX--M,dcid:country/DNK,2019,1999.67203
dcs:who/AIR_45.ENVCAUSE--ENVCAUSE113,dcid:country/DOM,2019,38211.82438
dcs:who/AIR_45.ENVCAUSE--ENVCAUSE068__SEX--F,dcid:country/DOM,2019,331.91249
dcs:who/AIR_45.ENVCAUSE--ENVCAUSE113__SEX--M,dcid:country/DOM,2019,23269.69246
dcs:who/AIR_45.ENVCAUSE--ENVCAUSE118__SEX--F,dcid:country/DOM,2019,523.30954
dcs:who/AIR_45.ENVCAUSE--ENVCAUSE114,dcid:country/DOM,2019,10130.05925
dcs:who/AIR_45.ENVCAUSE--ENVCAUSE114__SEX--F,dcid:country/DOM,2019,4554.80742
dcs:who/AIR_45.ENVCAUSE--ENVCAUSE068__SEX--M,dcid:country/DOM,2019,463.71019
dcs:who/AIR_45.ENVCAUSE--ENVCAUSE113__SEX--F,dcid:country/DOM,2019,14942.13192
dcs:who/AIR_45.SEX--M,dcid:country/DOM,2019,32878.37543
dcs:who/AIR_45.SEX--F,dcid:country/DOM,2019,22603.33934
dcs:who/AIR_45.ENVCAUSE--ENVCAUSE068,dcid:country/DOM,2019,795.62268
dcs:who/AIR_45.ENVCAUSE--ENVCAUSE118__SEX--M,dcid:country/DOM,2019,769.16673
dcs:who/AIR_45.ENVCAUSE--ENVCAUSE118,dcid:country/DOM,2019,1292.47627
dcs:who/AIR_45.ENVCAUSE--ENVCAUSE039__SEX--M,dcid:country/DOM,2019,2800.55421
dcs:who/AIR_45.ENVCAUSE--ENVCAUSE039,dcid:country/DOM,2019,5051.73219
dcs:who/AIR_45,dcid:country/DOM,2019,55481.71477
dcs:who/AIR_45.ENVCAUSE--ENVCAUSE114__SEX--M,dcid:country/DOM,2019,5575.25184
dcs:who/AIR_45.ENVCAUSE--ENVCAUSE039__SEX--F,dcid:country/DOM,2019,2251.17798
dcs:who/AIR_45.ENVCAUSE--ENVCAUSE118,dcid:country/DZA,2019,10608.69082
dcs:who/AIR_45.ENVCAUSE--ENVCAUSE039__SEX--M,dcid:country/DZA,2019,28320.13275
dcs:who/AIR_45.ENVCAUSE--ENVCAUSE114,dcid:country/DZA,2019,51226.17777
dcs:who/AIR_45.ENVCAUSE--ENVCAUSE113__SEX--F,dcid:country/DZA,2019,88530.25382
dcs:who/AIR_45.ENVCAUSE--ENVCAUSE114__SEX--M,dcid:country/DZA,2019,24284.84166
dcs:who/AIR_45.ENVCAUSE--ENVCAUSE118__SEX--F,dcid:country/DZA,2019,4133.28778
dcs:who/AIR_45.ENVCAUSE--ENVCAUSE068__SEX--M,dcid:country/DZA,2019,9033.23492
dcs:who/AIR_45.ENVCAUSE--ENVCAUSE118__SEX--M,dcid:country/DZA,2019,6475.40304
dcs:who/AIR_45.ENVCAUSE--ENVCAUSE068,dcid:country/DZA,2019,10483.31594
dcs:who/AIR_45.ENVCAUSE--ENVCAUSE114__SEX--F,dcid:country/DZA,2019,26941.33611
dcs:who/AIR_45.ENVCAUSE--ENVCAUSE068__SEX--F,dcid:country/DZA,2019,1450.08102
dcs:who/AIR_45.SEX--M,dcid:country/DZA,2019,179091.8717
dcs:who/AIR_45.SEX--F,dcid:country/DZA,2019,145828.0955
dcs:who/AIR_45.ENVCAUSE--ENVCAUSE039__SEX--F,dcid:country/DZA,2019,24773.13681
dcs:who/AIR_45.ENVCAUSE--ENVCAUSE039,dcid:country/DZA,2019,53093.26956
dcs:who/AIR_45.ENVCAUSE--ENVCAUSE113,dcid:country/DZA,2019,199508.5131
dcs:who/AIR_45,dcid:country/DZA,2019,324919.9672
dcs:who/AIR_45.ENVCAUSE--ENVCAUSE113__SEX--M,dcid:country/DZA,2019,110978.2593
dcs:who/AIR_45.ENVCAUSE--ENVCAUSE068,dcid:country/ECU,2019,1693.50809
dcs:who/AIR_45.SEX--M,dcid:country/ECU,2019,41473.71335
dcs:who/AIR_45.SEX--F,dcid:country/ECU,2019,30043.69809
dcs:who/AIR_45.ENVCAUSE--ENVCAUSE118__SEX--M,dcid:country/ECU,2019,2191.76664
dcs:who/AIR_45.ENVCAUSE--ENVCAUSE114__SEX--M,dcid:country/ECU,2019,6125.00732
dcs:who/AIR_45.ENVCAUSE--ENVCAUSE068__SEX--F,dcid:country/ECU,2019,798.3531
dcs:who/AIR_45.ENVCAUSE--ENVCAUSE113__SEX--F,dcid:country/ECU,2019,12822.13027
dcs:who/AIR_45.ENVCAUSE--ENVCAUSE068__SEX--M,dcid:country/ECU,2019,895.15498
dcs:who/AIR_45.ENVCAUSE--ENVCAUSE114__SEX--F,dcid:country/ECU,2019,5867.51395
dcs:who/AIR_45.ENVCAUSE--ENVCAUSE039__SEX--M,dcid:country/ECU,2019,11331.28762
dcs:who/AIR_45.ENVCAUSE--ENVCAUSE113__SEX--M,dcid:country/ECU,2019,20930.49679
dcs:who/AIR_45.ENVCAUSE--ENVCAUSE039__SEX--F,dcid:country/ECU,2019,8985.1945
dcs:who/AIR_45.ENVCAUSE--ENVCAUSE118__SEX--F,dcid:country/ECU,2019,1570.50627
dcs:who/AIR_45.ENVCAUSE--ENVCAUSE113,dcid:country/ECU,2019,33752.62706
dcs:who/AIR_45.ENVCAUSE--ENVCAUSE039,dcid:country/ECU,2019,20316.48212
dcs:who/AIR_45.ENVCAUSE--ENVCAUSE118,dcid:country/ECU,2019,3762.27291
dcs:who/AIR_45.ENVCAUSE--ENVCAUSE114,dcid:country/ECU,2019,11992.52126
dcs:who/AIR_45,dcid:country/ECU,2019,71517.41144
dcs:who/AIR_45.ENVCAUSE--ENVCAUSE068__SEX--F,dcid:country/EGY,2019,10199.1321
dcs:who/AIR_45.SEX--M,dcid:country/EGY,2019,1052800.707
dcs:who/AIR_45.ENVCAUSE--ENVCAUSE039,dcid:country/EGY,2019,314862.1676
dcs:who/AIR_45.ENVCAUSE--ENVCAUSE114,dcid:country/EGY,2019,211254.8249
dcs:who/AIR_45.ENVCAUSE--ENVCAUSE113__SEX--M,dcid:country/EGY,2019,687134.0002
dcs:who/AIR_45.ENVCAUSE--ENVCAUSE113__SEX--F,dcid:country/EGY,2019,453753.264
dcs:who/AIR_45.ENVCAUSE--ENVCAUSE113,dcid:country/EGY,2019,1140887.264
dcs:who/AIR_45.ENVCAUSE--ENVCAUSE118__SEX--F,dcid:country/EGY,2019,26466.14989
dcs:who/AIR_45.SEX--F,dcid:country/EGY,2019,726472.8887
dcs:who/AIR_45.ENVCAUSE--ENVCAUSE039__SEX--F,dcid:country/EGY,2019,136371.9087
dcs:who/AIR_45.ENVCAUSE--ENVCAUSE068,dcid:country/EGY,2019,34759.43414
dcs:who/AIR_45.ENVCAUSE--ENVCAUSE114__SEX--F,dcid:country/EGY,2019,99682.43411
dcs:who/AIR_45,dcid:country/EGY,2019,1779273.595
dcs:who/AIR_45.ENVCAUSE--ENVCAUSE118__SEX--M,dcid:country/EGY,2019,51043.75482
dcs:who/AIR_45.ENVCAUSE--ENVCAUSE039__SEX--M,dcid:country/EGY,2019,178490.2589
dcs:who/AIR_45.ENVCAUSE--ENVCAUSE118,dcid:country/EGY,2019,77509.90471
dcs:who/AIR_45.ENVCAUSE--ENVCAUSE114__SEX--M,dcid:country/EGY,2019,111572.3907
dcs:who/AIR_45.ENVCAUSE--ENVCAUSE068__SEX--M,dcid:country/EGY,2019,24560.30204
dcs:who/AIR_45.ENVCAUSE--ENVCAUSE114__SEX--M,dcid:country/ERI,2019,4231.46122
dcs:who/AIR_45.ENVCAUSE--ENVCAUSE118,dcid:country/ERI,2019,1998.08276
dcs:who/AIR_45.ENVCAUSE--ENVCAUSE039,dcid:country/ERI,2019,22100.46828
dcs:who/AIR_45.ENVCAUSE--ENVCAUSE118__SEX--F,dcid:country/ERI,2019,721.42328
dcs:who/AIR_45.SEX--M,dcid:country/ERI,2019,25969.2052
dcs:who/AIR_45.SEX--F,dcid:country/ERI,2019,16783.86301
dcs:who/AIR_45.ENVCAUSE--ENVCAUSE114__SEX--F,dcid:country/ERI,2019,3735.79429
dcs:who/AIR_45.ENVCAUSE--ENVCAUSE113__SEX--F,dcid:country/ERI,2019,3811.96963
dcs:who/AIR_45.ENVCAUSE--ENVCAUSE068__SEX--F,dcid:country/ERI,2019,88.95795
dcs:who/AIR_45,dcid:country/ERI,2019,42753.06821
dcs:who/AIR_45.ENVCAUSE--ENVCAUSE039__SEX--F,dcid:country/ERI,2019,8425.71786
dcs:who/AIR_45.ENVCAUSE--ENVCAUSE039__SEX--M,dcid:country/ERI,2019,13674.75042
dcs:who/AIR_45.ENVCAUSE--ENVCAUSE068__SEX--M,dcid:country/ERI,2019,90.58173
dcs:who/AIR_45.ENVCAUSE--ENVCAUSE113,dcid:country/ERI,2019,10507.722
dcs:who/AIR_45.ENVCAUSE--ENVCAUSE114,dcid:country/ERI,2019,7967.2555
dcs:who/AIR_45.ENVCAUSE--ENVCAUSE118__SEX--M,dcid:country/ERI,2019,1276.65947
dcs:who/AIR_45.ENVCAUSE--ENVCAUSE113__SEX--M,dcid:country/ERI,2019,6695.75236
dcs:who/AIR_45.ENVCAUSE--ENVCAUSE068,dcid:country/ERI,2019,179.53968
dcs:who/AIR_45.SEX--M,dcid:country/ESP,2019,114689.1514
dcs:who/AIR_45.ENVCAUSE--ENVCAUSE118__SEX--M,dcid:country/ESP,2019,12320.69648
dcs:who/AIR_45.SEX--F,dcid:country/ESP,2019,68771.75451
dcs:who/AIR_45.ENVCAUSE--ENVCAUSE113__SEX--M,dcid:country/ESP,2019,66117.05343
dcs:who/AIR_45.ENVCAUSE--ENVCAUSE114__SEX--M,dcid:country/ESP,2019,13853.6246
dcs:who/AIR_45.ENVCAUSE--ENVCAUSE068__SEX--F,dcid:country/ESP,2019,4370.14638
dcs:who/AIR_45.ENVCAUSE--ENVCAUSE039__SEX--M,dcid:country/ESP,2019,8151.68663
dcs:who/AIR_45.ENVCAUSE--ENVCAUSE114__SEX--F,dcid:country/ESP,2019,14088.02498
dcs:who/AIR_45.ENVCAUSE--ENVCAUSE068__SEX--M,dcid:country/ESP,2019,14246.09025
dcs:who/AIR_45.ENVCAUSE--ENVCAUSE039__SEX--F,dcid:country/ESP,2019,6487.76259
dcs:who/AIR_45.ENVCAUSE--ENVCAUSE039,dcid:country/ESP,2019,14639.44921
dcs:who/AIR_45.ENVCAUSE--ENVCAUSE118,dcid:country/ESP,2019,16947.8281
dcs:who/AIR_45.ENVCAUSE--ENVCAUSE113__SEX--F,dcid:country/ESP,2019,39198.68895
dcs:who/AIR_45.ENVCAUSE--ENVCAUSE118__SEX--F,dcid:country/ESP,2019,4627.13162
dcs:who/AIR_45.ENVCAUSE--ENVCAUSE068,dcid:country/ESP,2019,18616.23663
dcs:who/AIR_45,dcid:country/ESP,2019,183460.9059
dcs:who/AIR_45.ENVCAUSE--ENVCAUSE113,dcid:country/ESP,2019,105315.7424
dcs:who/AIR_45.ENVCAUSE--ENVCAUSE114,dcid:country/ESP,2019,27941.64958
dcs:who/AIR_45.ENVCAUSE--ENVCAUSE039__SEX--M,dcid:country/EST,2019,204.31567
dcs:who/AIR_45.ENVCAUSE--ENVCAUSE114,dcid:country/EST,2019,909.06602
dcs:who/AIR_45.ENVCAUSE--ENVCAUSE068__SEX--F,dcid:country/EST,2019,63.9816
dcs:who/AIR_45.ENVCAUSE--ENVCAUSE118,dcid:country/EST,2019,161.07791
dcs:who/AIR_45.ENVCAUSE--ENVCAUSE068__SEX--M,dcid:country/EST,2019,197.79946
dcs:who/AIR_45.ENVCAUSE--ENVCAUSE114__SEX--M,dcid:country/EST,2019,479.74504
dcs:who/AIR_45.ENVCAUSE--ENVCAUSE118__SEX--M,dcid:country/EST,2019,117.48752
dcs:who/AIR_45.ENVCAUSE--ENVCAUSE113,dcid:country/EST,2019,4950.23991
dcs:who/AIR_45.ENVCAUSE--ENVCAUSE039,dcid:country/EST,2019,322.27626
dcs:who/AIR_45.SEX--M,dcid:country/EST,2019,3817.88674
dcs:who/AIR_45.ENVCAUSE--ENVCAUSE114__SEX--F,dcid:country/EST,2019,429.32098
dcs:who/AIR_45.ENVCAUSE--ENVCAUSE068,dcid:country/EST,2019,261.78106
dcs:who/AIR_45.ENVCAUSE--ENVCAUSE039__SEX--F,dcid:country/EST,2019,117.9606
dcs:who/AIR_45.ENVCAUSE--ENVCAUSE118__SEX--F,dcid:country/EST,2019,43.59039
dcs:who/AIR_45.ENVCAUSE--ENVCAUSE113__SEX--M,dcid:country/EST,2019,2818.53906
dcs:who/AIR_45.SEX--F,dcid:country/EST,2019,2786.55442
dcs:who/AIR_45,dcid:country/EST,2019,6604.44116
dcs:who/AIR_45.ENVCAUSE--ENVCAUSE113__SEX--F,dcid:country/EST,2019,2131.70085
dcs:who/AIR_45.ENVCAUSE--ENVCAUSE113,dcid:country/ETH,2019,163453.7397
dcs:who/AIR_45.ENVCAUSE--ENVCAUSE113__SEX--F,dcid:country/ETH,2019,71902.87571
dcs:who/AIR_45.ENVCAUSE--ENVCAUSE114__SEX--M,dcid:country/ETH,2019,56692.71716
dcs:who/AIR_45.ENVCAUSE--ENVCAUSE118__SEX--F,dcid:country/ETH,2019,12376.72163
dcs:who/AIR_45.ENVCAUSE--ENVCAUSE114__SEX--F,dcid:country/ETH,2019,53610.82705
dcs:who/AIR_45.ENVCAUSE--ENVCAUSE118__SEX--M,dcid:country/ETH,2019,20610.85839
dcs:who/AIR_45.ENVCAUSE--ENVCAUSE039,dcid:country/ETH,2019,473608.5093
dcs:who/AIR_45.SEX--M,dcid:country/ETH,2019,446154.6523
dcs:who/AIR_45.ENVCAUSE--ENVCAUSE113__SEX--M,dcid:country/ETH,2019,91550.86403
dcs:who/AIR_45.SEX--F,dcid:country/ETH,2019,340762.5437
dcs:who/AIR_45.ENVCAUSE--ENVCAUSE068__SEX--F,dcid:country/ETH,2019,3267.15667
dcs:who/AIR_45,dcid:country/ETH,2019,786917.196
dcs:who/AIR_45.ENVCAUSE--ENVCAUSE114,dcid:country/ETH,2019,110303.5442
dcs:who/AIR_45.ENVCAUSE--ENVCAUSE068,dcid:country/ETH,2019,6563.82274
dcs:who/AIR_45.ENVCAUSE--ENVCAUSE118,dcid:country/ETH,2019,32987.58002
dcs:who/AIR_45.ENVCAUSE--ENVCAUSE039__SEX--M,dcid:country/ETH,2019,274003.5467
dcs:who/AIR_45.ENVCAUSE--ENVCAUSE039__SEX--F,dcid:country/ETH,2019,199604.9626
dcs:who/AIR_45.ENVCAUSE--ENVCAUSE068__SEX--M,dcid:country/ETH,2019,3296.66607
dcs:who/AIR_45.ENVCAUSE--ENVCAUSE068__SEX--F,dcid:country/FIN,2019,200.56878
dcs:who/AIR_45.ENVCAUSE--ENVCAUSE114__SEX--M,dcid:country/FIN,2019,1108.79584
dcs:who/AIR_45.SEX--F,dcid:country/FIN,2019,5900.84101
dcs:who/AIR_45.ENVCAUSE--ENVCAUSE118__SEX--M,dcid:country/FIN,2019,456.30676
dcs:who/AIR_45.SEX--M,dcid:country/FIN,2019,10202.03672
dcs:who/AIR_45.ENVCAUSE--ENVCAUSE113__SEX--M,dcid:country/FIN,2019,8129.56169
dcs:who/AIR_45.ENVCAUSE--ENVCAUSE039__SEX--M,dcid:country/FIN,2019,128.58375
dcs:who/AIR_45.ENVCAUSE--ENVCAUSE039__SEX--F,dcid:country/FIN,2019,117.99111
dcs:who/AIR_45.ENVCAUSE--ENVCAUSE068__SEX--M,dcid:country/FIN,2019,378.78867
dcs:who/AIR_45.ENVCAUSE--ENVCAUSE114__SEX--F,dcid:country/FIN,2019,1115.72261
dcs:who/AIR_45.ENVCAUSE--ENVCAUSE114,dcid:country/FIN,2019,2224.51846
dcs:who/AIR_45.ENVCAUSE--ENVCAUSE118__SEX--F,dcid:country/FIN,2019,228.28574
dcs:who/AIR_45.ENVCAUSE--ENVCAUSE118,dcid:country/FIN,2019,684.5925
dcs:who/AIR_45.ENVCAUSE--ENVCAUSE113__SEX--F,dcid:country/FIN,2019,4238.27276
dcs:who/AIR_45.ENVCAUSE--ENVCAUSE068,dcid:country/FIN,2019,579.35746
dcs:who/AIR_45.ENVCAUSE--ENVCAUSE039,dcid:country/FIN,2019,246.57486
dcs:who/AIR_45,dcid:country/FIN,2019,16102.87773
dcs:who/AIR_45.ENVCAUSE--ENVCAUSE113,dcid:country/FIN,2019,12367.83445
dcs:who/AIR_45.ENVCAUSE--ENVCAUSE039__SEX--M,dcid:country/FJI,2019,397.81857
dcs:who/AIR_45.ENVCAUSE--ENVCAUSE114__SEX--F,dcid:country/FJI,2019,441.64547
dcs:who/AIR_45.ENVCAUSE--ENVCAUSE113,dcid:country/FJI,2019,4943.64943
dcs:who/AIR_45.ENVCAUSE--ENVCAUSE114,dcid:country/FJI,2019,854.46481
dcs:who/AIR_45.ENVCAUSE--ENVCAUSE113__SEX--M,dcid:country/FJI,2019,3594.7305
dcs:who/AIR_45.ENVCAUSE--ENVCAUSE039,dcid:country/FJI,2019,708.15342
dcs:who/AIR_45.SEX--M,dcid:country/FJI,2019,4536.95153
dcs:who/AIR_45.ENVCAUSE--ENVCAUSE118__SEX--M,dcid:country/FJI,2019,110.52228
dcs:who/AIR_45.ENVCAUSE--ENVCAUSE068__SEX--F,dcid:country/FJI,2019,13.24228
dcs:who/AIR_45.ENVCAUSE--ENVCAUSE068,dcid:country/FJI,2019,34.30312
dcs:who/AIR_45.ENVCAUSE--ENVCAUSE113__SEX--F,dcid:country/FJI,2019,1348.91893
dcs:who/AIR_45.ENVCAUSE--ENVCAUSE039__SEX--F,dcid:country/FJI,2019,310.33485
dcs:who/AIR_45.SEX--F,dcid:country/FJI,2019,2170.98006
dcs:who/AIR_45,dcid:country/FJI,2019,6707.93159
dcs:who/AIR_45.ENVCAUSE--ENVCAUSE114__SEX--M,dcid:country/FJI,2019,412.81934
dcs:who/AIR_45.ENVCAUSE--ENVCAUSE118,dcid:country/FJI,2019,167.36082
dcs:who/AIR_45.ENVCAUSE--ENVCAUSE068__SEX--M,dcid:country/FJI,2019,21.06084
dcs:who/AIR_45.ENVCAUSE--ENVCAUSE118__SEX--F,dcid:country/FJI,2019,56.83854
dcs:who/AIR_45.ENVCAUSE--ENVCAUSE039__SEX--F,dcid:country/FRA,2019,11191.91414
dcs:who/AIR_45,dcid:country/FRA,2019,248283.0647
dcs:who/AIR_45.ENVCAUSE--ENVCAUSE039,dcid:country/FRA,2019,22942.83074
dcs:who/AIR_45.ENVCAUSE--ENVCAUSE114,dcid:country/FRA,2019,38364.90926
dcs:who/AIR_45.SEX--F,dcid:country/FRA,2019,98528.75117
dcs:who/AIR_45.ENVCAUSE--ENVCAUSE118__SEX--F,dcid:country/FRA,2019,7428.54756
dcs:who/AIR_45.ENVCAUSE--ENVCAUSE068__SEX--M,dcid:country/FRA,2019,25888.84404
dcs:who/AIR_45.ENVCAUSE--ENVCAUSE068,dcid:country/FRA,2019,36517.15048
dcs:who/AIR_45.ENVCAUSE--ENVCAUSE113,dcid:country/FRA,2019,131655.0788
dcs:who/AIR_45.SEX--M,dcid:country/FRA,2019,149754.3135
dcs:who/AIR_45.ENVCAUSE--ENVCAUSE114__SEX--M,dcid:country/FRA,2019,18395.58738
dcs:who/AIR_45.ENVCAUSE--ENVCAUSE113__SEX--M,dcid:country/FRA,2019,82344.41764
dcs:who/AIR_45.ENVCAUSE--ENVCAUSE039__SEX--M,dcid:country/FRA,2019,11750.9166
dcs:who/AIR_45.ENVCAUSE--ENVCAUSE114__SEX--F,dcid:country/FRA,2019,19969.32188
dcs:who/AIR_45.ENVCAUSE--ENVCAUSE118,dcid:country/FRA,2019,18803.09545
dcs:who/AIR_45.ENVCAUSE--ENVCAUSE068__SEX--F,dcid:country/FRA,2019,10628.30644
dcs:who/AIR_45.ENVCAUSE--ENVCAUSE113__SEX--F,dcid:country/FRA,2019,49310.66115
dcs:who/AIR_45.ENVCAUSE--ENVCAUSE118__SEX--M,dcid:country/FRA,2019,11374.54789
dcs:who/AIR_45.ENVCAUSE--ENVCAUSE068__SEX--M,dcid:country/FSM,2019,13.34013
dcs:who/AIR_45.ENVCAUSE--ENVCAUSE039__SEX--M,dcid:country/FSM,2019,97.05987
dcs:who/AIR_45.SEX--M,dcid:country/FSM,2019,784.76851
dcs:who/AIR_45.ENVCAUSE--ENVCAUSE114__SEX--M,dcid:country/FSM,2019,125.48636
dcs:who/AIR_45.ENVCAUSE--ENVCAUSE118__SEX--M,dcid:country/FSM,2019,35.83134
dcs:who/AIR_45.SEX--F,dcid:country/FSM,2019,410.82075
dcs:who/AIR_45,dcid:country/FSM,2019,1195.58926
dcs:who/AIR_45.ENVCAUSE--ENVCAUSE113__SEX--F,dcid:country/FSM,2019,222.48779
dcs:who/AIR_45.ENVCAUSE--ENVCAUSE114__SEX--F,dcid:country/FSM,2019,87.75143
dcs:who/AIR_45.ENVCAUSE--ENVCAUSE113,dcid:country/FSM,2019,735.53861
dcs:who/AIR_45.ENVCAUSE--ENVCAUSE039,dcid:country/FSM,2019,167.77293
dcs:who/AIR_45.ENVCAUSE--ENVCAUSE114,dcid:country/FSM,2019,213.2378
dcs:who/AIR_45.ENVCAUSE--ENVCAUSE039__SEX--F,dcid:country/FSM,2019,70.71307
dcs:who/AIR_45.ENVCAUSE--ENVCAUSE113__SEX--M,dcid:country/FSM,2019,513.05082
dcs:who/AIR_45.ENVCAUSE--ENVCAUSE118,dcid:country/FSM,2019,60.63904
dcs:who/AIR_45.ENVCAUSE--ENVCAUSE118__SEX--F,dcid:country/FSM,2019,24.80771
dcs:who/AIR_45.ENVCAUSE--ENVCAUSE068__SEX--F,dcid:country/FSM,2019,5.06075
dcs:who/AIR_45.ENVCAUSE--ENVCAUSE068,dcid:country/FSM,2019,18.40088
dcs:who/AIR_45.SEX--M,dcid:country/GAB,2019,9840.39396
dcs:who/AIR_45.ENVCAUSE--ENVCAUSE113__SEX--F,dcid:country/GAB,2019,1778.22786
dcs:who/AIR_45.SEX--F,dcid:country/GAB,2019,5934.85666
dcs:who/AIR_45.ENVCAUSE--ENVCAUSE039__SEX--M,dcid:country/GAB,2019,4732.40974
dcs:who/AIR_45.ENVCAUSE--ENVCAUSE114,dcid:country/GAB,2019,2633.42283
dcs:who/AIR_45.ENVCAUSE--ENVCAUSE039__SEX--F,dcid:country/GAB,2019,2809.23353
dcs:who/AIR_45.ENVCAUSE--ENVCAUSE068__SEX--F,dcid:country/GAB,2019,94.07978
dcs:who/AIR_45.ENVCAUSE--ENVCAUSE068,dcid:country/GAB,2019,250.66277
dcs:who/AIR_45.ENVCAUSE--ENVCAUSE068__SEX--M,dcid:country/GAB,2019,156.58299
dcs:who/AIR_45.ENVCAUSE--ENVCAUSE118__SEX--M,dcid:country/GAB,2019,406.6782
dcs:who/AIR_45.ENVCAUSE--ENVCAUSE114__SEX--M,dcid:country/GAB,2019,1597.20695
dcs:who/AIR_45.ENVCAUSE--ENVCAUSE118__SEX--F,dcid:country/GAB,2019,217.0996
dcs:who/AIR_45,dcid:country/GAB,2019,15775.25062
dcs:who/AIR_45.ENVCAUSE--ENVCAUSE113__SEX--M,dcid:country/GAB,2019,2947.51609
dcs:who/AIR_45.ENVCAUSE--ENVCAUSE113,dcid:country/GAB,2019,4725.74395
dcs:who/AIR_45.ENVCAUSE--ENVCAUSE039,dcid:country/GAB,2019,7541.64327
dcs:who/AIR_45.ENVCAUSE--ENVCAUSE114__SEX--F,dcid:country/GAB,2019,1036.21588
dcs:who/AIR_45.ENVCAUSE--ENVCAUSE118,dcid:country/GAB,2019,623.7778
dcs:who/AIR_45.ENVCAUSE--ENVCAUSE113__SEX--F,dcid:country/GBR,2019,57010.60352
dcs:who/AIR_45.ENVCAUSE--ENVCAUSE114__SEX--F,dcid:country/GBR,2019,20796.40189
dcs:who/AIR_45.ENVCAUSE--ENVCAUSE118__SEX--F,dcid:country/GBR,2019,18380.23734
dcs:who/AIR_45.ENVCAUSE--ENVCAUSE068,dcid:country/GBR,2019,26908.21587
dcs:who/AIR_45.ENVCAUSE--ENVCAUSE113__SEX--M,dcid:country/GBR,2019,115420.4857
dcs:who/AIR_45.ENVCAUSE--ENVCAUSE114,dcid:country/GBR,2019,39694.18228
dcs:who/AIR_45.SEX--M,dcid:country/GBR,2019,192814.7808
dcs:who/AIR_45,dcid:country/GBR,2019,325032.0747
dcs:who/AIR_45.ENVCAUSE--ENVCAUSE113,dcid:country/GBR,2019,172431.0892
dcs:who/AIR_45.ENVCAUSE--ENVCAUSE068__SEX--M,dcid:country/GBR,2019,14729.6312
dcs:who/AIR_45.SEX--F,dcid:country/GBR,2019,132217.294
dcs:who/AIR_45.ENVCAUSE--ENVCAUSE039__SEX--F,dcid:country/GBR,2019,23851.46654
dcs:who/AIR_45.ENVCAUSE--ENVCAUSE118__SEX--M,dcid:country/GBR,2019,19822.01141
dcs:who/AIR_45.ENVCAUSE--ENVCAUSE114__SEX--M,dcid:country/GBR,2019,18897.78039
dcs:who/AIR_45.ENVCAUSE--ENVCAUSE068__SEX--F,dcid:country/GBR,2019,12178.58467
dcs:who/AIR_45.ENVCAUSE--ENVCAUSE118,dcid:country/GBR,2019,38202.24875
dcs:who/AIR_45.ENVCAUSE--ENVCAUSE039,dcid:country/GBR,2019,47796.33863
dcs:who/AIR_45.ENVCAUSE--ENVCAUSE039__SEX--M,dcid:country/GBR,2019,23944.87209
dcs:who/AIR_45.ENVCAUSE--ENVCAUSE113__SEX--F,dcid:country/GEO,2019,21747.168
dcs:who/AIR_45.ENVCAUSE--ENVCAUSE118__SEX--F,dcid:country/GEO,2019,949.7438
dcs:who/AIR_45.ENVCAUSE--ENVCAUSE118__SEX--M,dcid:country/GEO,2019,1771.49559
dcs:who/AIR_45.ENVCAUSE--ENVCAUSE068__SEX--F,dcid:country/GEO,2019,297.49389
dcs:who/AIR_45.ENVCAUSE--ENVCAUSE039,dcid:country/GEO,2019,3920.4296
dcs:who/AIR_45.ENVCAUSE--ENVCAUSE118,dcid:country/GEO,2019,2721.23939
dcs:who/AIR_45.ENVCAUSE--ENVCAUSE113,dcid:country/GEO,2019,56070.74767
dcs:who/AIR_45.ENVCAUSE--ENVCAUSE039__SEX--F,dcid:country/GEO,2019,1513.84241
dcs:who/AIR_45,dcid:country/GEO,2019,90948.91133
dcs:who/AIR_45.SEX--M,dcid:country/GEO,2019,54870.58181
dcs:who/AIR_45.ENVCAUSE--ENVCAUSE068,dcid:country/GEO,2019,2585.98737
dcs:who/AIR_45.ENVCAUSE--ENVCAUSE114__SEX--M,dcid:country/GEO,2019,14080.42589
dcs:who/AIR_45.ENVCAUSE--ENVCAUSE039__SEX--M,dcid:country/GEO,2019,2406.58718
dcs:who/AIR_45.ENVCAUSE--ENVCAUSE114__SEX--F,dcid:country/GEO,2019,11570.08141
dcs:who/AIR_45.ENVCAUSE--ENVCAUSE113__SEX--M,dcid:country/GEO,2019,34323.57966
dcs:who/AIR_45.SEX--F,dcid:country/GEO,2019,36078.32951
dcs:who/AIR_45.ENVCAUSE--ENVCAUSE114,dcid:country/GEO,2019,25650.5073
dcs:who/AIR_45.ENVCAUSE--ENVCAUSE068__SEX--M,dcid:country/GEO,2019,2288.49348
dcs:who/AIR_45.ENVCAUSE--ENVCAUSE114__SEX--M,dcid:country/GHA,2019,34091.73545
dcs:who/AIR_45.ENVCAUSE--ENVCAUSE113__SEX--F,dcid:country/GHA,2019,41731.86304
dcs:who/AIR_45.SEX--F,dcid:country/GHA,2019,149254.0559
dcs:who/AIR_45.ENVCAUSE--ENVCAUSE113__SEX--M,dcid:country/GHA,2019,48675.72488
dcs:who/AIR_45.ENVCAUSE--ENVCAUSE114__SEX--F,dcid:country/GHA,2019,39836.5616
dcs:who/AIR_45.ENVCAUSE--ENVCAUSE068__SEX--M,dcid:country/GHA,2019,773.79807
dcs:who/AIR_45.SEX--M,dcid:country/GHA,2019,229469.572
dcs:who/AIR_45.ENVCAUSE--ENVCAUSE039__SEX--F,dcid:country/GHA,2019,63907.64796
dcs:who/AIR_45.ENVCAUSE--ENVCAUSE039__SEX--M,dcid:country/GHA,2019,132760.7349
dcs:who/AIR_45.ENVCAUSE--ENVCAUSE118__SEX--M,dcid:country/GHA,2019,13167.5787
dcs:who/AIR_45.ENVCAUSE--ENVCAUSE068__SEX--F,dcid:country/GHA,2019,429.04934
dcs:who/AIR_45,dcid:country/GHA,2019,378723.6279
dcs:who/AIR_45.ENVCAUSE--ENVCAUSE114,dcid:country/GHA,2019,73928.29705
dcs:who/AIR_45.ENVCAUSE--ENVCAUSE113,dcid:country/GHA,2019,90407.58791
dcs:who/AIR_45.ENVCAUSE--ENVCAUSE039,dcid:country/GHA,2019,196668.3829
dcs:who/AIR_45.ENVCAUSE--ENVCAUSE118__SEX--F,dcid:country/GHA,2019,3348.93394
dcs:who/AIR_45.ENVCAUSE--ENVCAUSE068,dcid:country/GHA,2019,1202.8474
dcs:who/AIR_45.ENVCAUSE--ENVCAUSE118,dcid:country/GHA,2019,16516.51264
dcs:who/AIR_45.ENVCAUSE--ENVCAUSE068,dcid:country/GIN,2019,693.64888
dcs:who/AIR_45.SEX--M,dcid:country/GIN,2019,122690.7146
dcs:who/AIR_45.ENVCAUSE--ENVCAUSE118__SEX--F,dcid:country/GIN,2019,3062.45726
dcs:who/AIR_45.ENVCAUSE--ENVCAUSE114,dcid:country/GIN,2019,24894.55402
dcs:who/AIR_45.ENVCAUSE--ENVCAUSE113,dcid:country/GIN,2019,34073.46636
dcs:who/AIR_45.ENVCAUSE--ENVCAUSE118,dcid:country/GIN,2019,6308.5007
dcs:who/AIR_45.ENVCAUSE--ENVCAUSE068__SEX--M,dcid:country/GIN,2019,440.58919
dcs:who/AIR_45.ENVCAUSE--ENVCAUSE039__SEX--M,dcid:country/GIN,2019,93265.61316
dcs:who/AIR_45.ENVCAUSE--ENVCAUSE113__SEX--F,dcid:country/GIN,2019,18793.74809
dcs:who/AIR_45.ENVCAUSE--ENVCAUSE039,dcid:country/GIN,2019,171786.83
dcs:who/AIR_45.ENVCAUSE--ENVCAUSE114__SEX--M,dcid:country/GIN,2019,10458.75057
dcs:who/AIR_45.ENVCAUSE--ENVCAUSE118__SEX--M,dcid:country/GIN,2019,3246.04345
dcs:who/AIR_45.ENVCAUSE--ENVCAUSE039__SEX--F,dcid:country/GIN,2019,78521.21683
dcs:who/AIR_45.ENVCAUSE--ENVCAUSE114__SEX--F,dcid:country/GIN,2019,14435.80345
dcs:who/AIR_45.ENVCAUSE--ENVCAUSE113__SEX--M,dcid:country/GIN,2019,15279.71826
dcs:who/AIR_45.ENVCAUSE--ENVCAUSE068__SEX--F,dcid:country/GIN,2019,253.05969
dcs:who/AIR_45.SEX--F,dcid:country/GIN,2019,115066.2853
dcs:who/AIR_45,dcid:country/GIN,2019,237756.9999
dcs:who/AIR_45.ENVCAUSE--ENVCAUSE113,dcid:country/GMB,2019,5952.79784
dcs:who/AIR_45.ENVCAUSE--ENVCAUSE118,dcid:country/GMB,2019,935.94325
dcs:who/AIR_45.ENVCAUSE--ENVCAUSE068,dcid:country/GMB,2019,157.1171
dcs:who/AIR_45.SEX--M,dcid:country/GMB,2019,14092.83782
dcs:who/AIR_45.ENVCAUSE--ENVCAUSE118__SEX--F,dcid:country/GMB,2019,375.94192
dcs:who/AIR_45.ENVCAUSE--ENVCAUSE039,dcid:country/GMB,2019,15240.97002
dcs:who/AIR_45.ENVCAUSE--ENVCAUSE114,dcid:country/GMB,2019,3458.2857
dcs:who/AIR_45.ENVCAUSE--ENVCAUSE114__SEX--F,dcid:country/GMB,2019,1775.68054
dcs:who/AIR_45.ENVCAUSE--ENVCAUSE039__SEX--F,dcid:country/GMB,2019,6658.15506
dcs:who/AIR_45.SEX--F,dcid:country/GMB,2019,11652.27609
dcs:who/AIR_45.ENVCAUSE--ENVCAUSE113__SEX--M,dcid:country/GMB,2019,3114.97137
dcs:who/AIR_45,dcid:country/GMB,2019,25745.1139
dcs:who/AIR_45.ENVCAUSE--ENVCAUSE114__SEX--M,dcid:country/GMB,2019,1682.60515
dcs:who/AIR_45.ENVCAUSE--ENVCAUSE068__SEX--F,dcid:country/GMB,2019,4.6721
dcs:who/AIR_45.ENVCAUSE--ENVCAUSE118__SEX--M,dcid:country/GMB,2019,560.00133
dcs:who/AIR_45.ENVCAUSE--ENVCAUSE113__SEX--F,dcid:country/GMB,2019,2837.82647
dcs:who/AIR_45.ENVCAUSE--ENVCAUSE039__SEX--M,dcid:country/GMB,2019,8582.81497
dcs:who/AIR_45.ENVCAUSE--ENVCAUSE068__SEX--M,dcid:country/GMB,2019,152.445
dcs:who/AIR_45.ENVCAUSE--ENVCAUSE068__SEX--M,dcid:country/GNB,2019,54.56463
dcs:who/AIR_45.ENVCAUSE--ENVCAUSE068__SEX--F,dcid:country/GNB,2019,34.34188
dcs:who/AIR_45.ENVCAUSE--ENVCAUSE114__SEX--F,dcid:country/GNB,2019,1770.83102
dcs:who/AIR_45.ENVCAUSE--ENVCAUSE114__SEX--M,dcid:country/GNB,2019,1755.24709
dcs:who/AIR_45.SEX--M,dcid:country/GNB,2019,13725.0612
dcs:who/AIR_45.ENVCAUSE--ENVCAUSE113__SEX--M,dcid:country/GNB,2019,2882.33006
dcs:who/AIR_45.ENVCAUSE--ENVCAUSE118__SEX--M,dcid:country/GNB,2019,525.98715
dcs:who/AIR_45.ENVCAUSE--ENVCAUSE039__SEX--M,dcid:country/GNB,2019,8506.93228
dcs:who/AIR_45.SEX--F,dcid:country/GNB,2019,11287.38519
dcs:who/AIR_45.ENVCAUSE--ENVCAUSE114,dcid:country/GNB,2019,3526.07811
dcs:who/AIR_45.ENVCAUSE--ENVCAUSE118__SEX--F,dcid:country/GNB,2019,328.76915
dcs:who/AIR_45.ENVCAUSE--ENVCAUSE113__SEX--F,dcid:country/GNB,2019,2553.29534
dcs:who/AIR_45.ENVCAUSE--ENVCAUSE118,dcid:country/GNB,2019,854.7563
dcs:who/AIR_45.ENVCAUSE--ENVCAUSE068,dcid:country/GNB,2019,88.90651
dcs:who/AIR_45.ENVCAUSE--ENVCAUSE113,dcid:country/GNB,2019,5435.6254
dcs:who/AIR_45.ENVCAUSE--ENVCAUSE039__SEX--F,dcid:country/GNB,2019,6600.1478
dcs:who/AIR_45.ENVCAUSE--ENVCAUSE039,dcid:country/GNB,2019,15107.08008
dcs:who/AIR_45,dcid:country/GNB,2019,25012.44639
dcs:who/AIR_45.ENVCAUSE--ENVCAUSE114__SEX--M,dcid:country/GNQ,2019,644.10002
dcs:who/AIR_45.ENVCAUSE--ENVCAUSE113__SEX--F,dcid:country/GNQ,2019,1120.0567
dcs:who/AIR_45.ENVCAUSE--ENVCAUSE113,dcid:country/GNQ,2019,2180.38944
dcs:who/AIR_45.SEX--M,dcid:country/GNQ,2019,7905.2403
dcs:who/AIR_45.ENVCAUSE--ENVCAUSE039__SEX--F,dcid:country/GNQ,2019,5042.99798
dcs:who/AIR_45.SEX--F,dcid:country/GNQ,2019,7223.93928
dcs:who/AIR_45.ENVCAUSE--ENVCAUSE118__SEX--F,dcid:country/GNQ,2019,174.86138
dcs:who/AIR_45.ENVCAUSE--ENVCAUSE039,dcid:country/GNQ,2019,10971.06533
dcs:who/AIR_45.ENVCAUSE--ENVCAUSE039__SEX--M,dcid:country/GNQ,2019,5928.06735
dcs:who/AIR_45,dcid:country/GNQ,2019,15129.17958
dcs:who/AIR_45.ENVCAUSE--ENVCAUSE068__SEX--M,dcid:country/GNQ,2019,56.8328
dcs:who/AIR_45.ENVCAUSE--ENVCAUSE114__SEX--F,dcid:country/GNQ,2019,853.62456
dcs:who/AIR_45.ENVCAUSE--ENVCAUSE068,dcid:country/GNQ,2019,89.23146
dcs:who/AIR_45.ENVCAUSE--ENVCAUSE114,dcid:country/GNQ,2019,1497.72458
dcs:who/AIR_45.ENVCAUSE--ENVCAUSE113__SEX--M,dcid:country/GNQ,2019,1060.33274
dcs:who/AIR_45.ENVCAUSE--ENVCAUSE118,dcid:country/GNQ,2019,390.76877
dcs:who/AIR_45.ENVCAUSE--ENVCAUSE118__SEX--M,dcid:country/GNQ,2019,215.90739
dcs:who/AIR_45.ENVCAUSE--ENVCAUSE068__SEX--F,dcid:country/GNQ,2019,32.39866
dcs:who/AIR_45.SEX--M,dcid:country/GRC,2019,62702.63967
dcs:who/AIR_45.ENVCAUSE--ENVCAUSE068,dcid:country/GRC,2019,10177.19429
dcs:who/AIR_45,dcid:country/GRC,2019,104417.2081
dcs:who/AIR_45.ENVCAUSE--ENVCAUSE039__SEX--M,dcid:country/GRC,2019,6003.37397
dcs:who/AIR_45.ENVCAUSE--ENVCAUSE113,dcid:country/GRC,2019,56642.19343
dcs:who/AIR_45.ENVCAUSE--ENVCAUSE039,dcid:country/GRC,2019,12647.97274
dcs:who/AIR_45.ENVCAUSE--ENVCAUSE118__SEX--F,dcid:country/GRC,2019,2898.32958
dcs:who/AIR_45.ENVCAUSE--ENVCAUSE114__SEX--F,dcid:country/GRC,2019,9362.54839
dcs:who/AIR_45.ENVCAUSE--ENVCAUSE118,dcid:country/GRC,2019,6768.41843
dcs:who/AIR_45.ENVCAUSE--ENVCAUSE114__SEX--M,dcid:country/GRC,2019,8818.88086
dcs:who/AIR_45.ENVCAUSE--ENVCAUSE113__SEX--F,dcid:country/GRC,2019,20688.57524
dcs:who/AIR_45.ENVCAUSE--ENVCAUSE068__SEX--M,dcid:country/GRC,2019,8056.67778
dcs:who/AIR_45.ENVCAUSE--ENVCAUSE068__SEX--F,dcid:country/GRC,2019,2120.5165
dcs:who/AIR_45.SEX--F,dcid:country/GRC,2019,41714.56847
dcs:who/AIR_45.ENVCAUSE--ENVCAUSE118__SEX--M,dcid:country/GRC,2019,3870.08885
dcs:who/AIR_45.ENVCAUSE--ENVCAUSE113__SEX--M,dcid:country/GRC,2019,35953.6182
dcs:who/AIR_45.ENVCAUSE--ENVCAUSE039__SEX--F,dcid:country/GRC,2019,6644.59876
dcs:who/AIR_45.ENVCAUSE--ENVCAUSE114,dcid:country/GRC,2019,18181.42925
dcs:who/AIR_45.ENVCAUSE--ENVCAUSE114__SEX--M,dcid:country/GRD,2019,79.43851
dcs:who/AIR_45.ENVCAUSE--ENVCAUSE068__SEX--M,dcid:country/GRD,2019,9.50137
dcs:who/AIR_45.SEX--M,dcid:country/GRD,2019,455.7284
dcs:who/AIR_45.ENVCAUSE--ENVCAUSE113__SEX--M,dcid:country/GRD,2019,304.75462
dcs:who/AIR_45.ENVCAUSE--ENVCAUSE039__SEX--M,dcid:country/GRD,2019,47.65878
dcs:who/AIR_45.ENVCAUSE--ENVCAUSE118__SEX--M,dcid:country/GRD,2019,14.37512
dcs:who/AIR_45.ENVCAUSE--ENVCAUSE068__SEX--F,dcid:country/GRD,2019,5.21083
dcs:who/AIR_45.ENVCAUSE--ENVCAUSE114,dcid:country/GRD,2019,153.36726
dcs:who/AIR_45,dcid:country/GRD,2019,813.24472
dcs:who/AIR_45.ENVCAUSE--ENVCAUSE068,dcid:country/GRD,2019,14.7122
dcs:who/AIR_45.ENVCAUSE--ENVCAUSE039,dcid:country/GRD,2019,94.14808
dcs:who/AIR_45.ENVCAUSE--ENVCAUSE113,dcid:country/GRD,2019,528.64623
dcs:who/AIR_45.SEX--F,dcid:country/GRD,2019,357.51632
dcs:who/AIR_45.ENVCAUSE--ENVCAUSE118__SEX--F,dcid:country/GRD,2019,7.99582
dcs:who/AIR_45.ENVCAUSE--ENVCAUSE114__SEX--F,dcid:country/GRD,2019,73.92875
dcs:who/AIR_45.ENVCAUSE--ENVCAUSE113__SEX--F,dcid:country/GRD,2019,223.89161
dcs:who/AIR_45.ENVCAUSE--ENVCAUSE118,dcid:country/GRD,2019,22.37094
dcs:who/AIR_45.ENVCAUSE--ENVCAUSE039__SEX--F,dcid:country/GRD,2019,46.48931
dcs:who/AIR_45.ENVCAUSE--ENVCAUSE039__SEX--M,dcid:country/GTM,2019,32721.34748
dcs:who/AIR_45.ENVCAUSE--ENVCAUSE118__SEX--F,dcid:country/GTM,2019,2038.32944
dcs:who/AIR_45.ENVCAUSE--ENVCAUSE114__SEX--M,dcid:country/GTM,2019,6198.97637
dcs:who/AIR_45.ENVCAUSE--ENVCAUSE068,dcid:country/GTM,2019,866.07321
dcs:who/AIR_45.ENVCAUSE--ENVCAUSE068__SEX--F,dcid:country/GTM,2019,393.54239
dcs:who/AIR_45.SEX--F,dcid:country/GTM,2019,52212.30916
dcs:who/AIR_45.SEX--M,dcid:country/GTM,2019,62591.23664
dcs:who/AIR_45.ENVCAUSE--ENVCAUSE118__SEX--M,dcid:country/GTM,2019,2140.03302
dcs:who/AIR_45.ENVCAUSE--ENVCAUSE039__SEX--F,dcid:country/GTM,2019,25595.14836
dcs:who/AIR_45,dcid:country/GTM,2019,114803.5458
dcs:who/AIR_45.ENVCAUSE--ENVCAUSE113,dcid:country/GTM,2019,38500.09822
dcs:who/AIR_45.ENVCAUSE--ENVCAUSE039,dcid:country/GTM,2019,58316.49585
dcs:who/AIR_45.ENVCAUSE--ENVCAUSE113__SEX--M,dcid:country/GTM,2019,21058.34895
dcs:who/AIR_45.ENVCAUSE--ENVCAUSE118,dcid:country/GTM,2019,4178.36246
dcs:who/AIR_45.ENVCAUSE--ENVCAUSE068__SEX--M,dcid:country/GTM,2019,472.53082
dcs:who/AIR_45.ENVCAUSE--ENVCAUSE114,dcid:country/GTM,2019,12942.51606
dcs:who/AIR_45.ENVCAUSE--ENVCAUSE113__SEX--F,dcid:country/GTM,2019,17441.74927
dcs:who/AIR_45.ENVCAUSE--ENVCAUSE114__SEX--F,dcid:country/GTM,2019,6743.53969
dcs:who/AIR_45.ENVCAUSE--ENVCAUSE114__SEX--F,dcid:country/GUY,2019,911.96456
dcs:who/AIR_45.ENVCAUSE--ENVCAUSE068__SEX--M,dcid:country/GUY,2019,31.507
dcs:who/AIR_45.ENVCAUSE--ENVCAUSE039__SEX--F,dcid:country/GUY,2019,408.9947
dcs:who/AIR_45.ENVCAUSE--ENVCAUSE113__SEX--M,dcid:country/GUY,2019,2963.6134
dcs:who/AIR_45.ENVCAUSE--ENVCAUSE113,dcid:country/GUY,2019,4829.36084
dcs:who/AIR_45.ENVCAUSE--ENVCAUSE118,dcid:country/GUY,2019,293.90055
dcs:who/AIR_45.ENVCAUSE--ENVCAUSE039__SEX--M,dcid:country/GUY,2019,601.23057
dcs:who/AIR_45,dcid:country/GUY,2019,8054.39345
dcs:who/AIR_45.SEX--M,dcid:country/GUY,2019,4763.49732
dcs:who/AIR_45.ENVCAUSE--ENVCAUSE118__SEX--F,dcid:country/GUY,2019,87.10755
dcs:who/AIR_45.ENVCAUSE--ENVCAUSE039,dcid:country/GUY,2019,1010.22527
dcs:who/AIR_45.ENVCAUSE--ENVCAUSE068__SEX--F,dcid:country/GUY,2019,17.08188
dcs:who/AIR_45.SEX--F,dcid:country/GUY,2019,3290.89613
dcs:who/AIR_45.ENVCAUSE--ENVCAUSE114,dcid:country/GUY,2019,1872.31791
dcs:who/AIR_45.ENVCAUSE--ENVCAUSE114__SEX--M,dcid:country/GUY,2019,960.35335
dcs:who/AIR_45.ENVCAUSE--ENVCAUSE068,dcid:country/GUY,2019,48.58888
dcs:who/AIR_45.ENVCAUSE--ENVCAUSE113__SEX--F,dcid:country/GUY,2019,1865.74744
dcs:who/AIR_45.ENVCAUSE--ENVCAUSE118__SEX--M,dcid:country/GUY,2019,206.793
dcs:who/AIR_45.SEX--M,dcid:country/HND,2019,28863.048
dcs:who/AIR_45.ENVCAUSE--ENVCAUSE114__SEX--M,dcid:country/HND,2019,5596.20777
dcs:who/AIR_45.ENVCAUSE--ENVCAUSE039__SEX--M,dcid:country/HND,2019,5294.47995
dcs:who/AIR_45.ENVCAUSE--ENVCAUSE068__SEX--M,dcid:country/HND,2019,418.80335
dcs:who/AIR_45.ENVCAUSE--ENVCAUSE068__SEX--F,dcid:country/HND,2019,350.77202
dcs:who/AIR_45.ENVCAUSE--ENVCAUSE039,dcid:country/HND,2019,8731.78451
dcs:who/AIR_45.ENVCAUSE--ENVCAUSE113,dcid:country/HND,2019,28744.63515
dcs:who/AIR_45.ENVCAUSE--ENVCAUSE113__SEX--F,dcid:country/HND,2019,14253.33377
dcs:who/AIR_45.ENVCAUSE--ENVCAUSE113__SEX--M,dcid:country/HND,2019,14491.30138
dcs:who/AIR_45.ENVCAUSE--ENVCAUSE118,dcid:country/HND,2019,6649.84185
dcs:who/AIR_45.ENVCAUSE--ENVCAUSE114,dcid:country/HND,2019,13701.66801
dcs:who/AIR_45.ENVCAUSE--ENVCAUSE039__SEX--F,dcid:country/HND,2019,3437.30457
dcs:who/AIR_45.ENVCAUSE--ENVCAUSE068,dcid:country/HND,2019,769.57537
dcs:who/AIR_45,dcid:country/HND,2019,58597.50489
dcs:who/AIR_45.ENVCAUSE--ENVCAUSE118__SEX--M,dcid:country/HND,2019,3062.25556
dcs:who/AIR_45.ENVCAUSE--ENVCAUSE114__SEX--F,dcid:country/HND,2019,8105.46024
dcs:who/AIR_45.SEX--F,dcid:country/HND,2019,29734.45689
dcs:who/AIR_45.ENVCAUSE--ENVCAUSE118__SEX--F,dcid:country/HND,2019,3587.58629
dcs:who/AIR_45,dcid:country/HRV,2019,52411.64316
dcs:who/AIR_45.SEX--M,dcid:country/HRV,2019,29229.55066
dcs:who/AIR_45.ENVCAUSE--ENVCAUSE039__SEX--M,dcid:country/HRV,2019,1038.81394
dcs:who/AIR_45.ENVCAUSE--ENVCAUSE113,dcid:country/HRV,2019,32703.81058
dcs:who/AIR_45.ENVCAUSE--ENVCAUSE118,dcid:country/HRV,2019,3311.04837
dcs:who/AIR_45.ENVCAUSE--ENVCAUSE039__SEX--F,dcid:country/HRV,2019,1007.33671
dcs:who/AIR_45.ENVCAUSE--ENVCAUSE068,dcid:country/HRV,2019,4526.84386
dcs:who/AIR_45.ENVCAUSE--ENVCAUSE068__SEX--F,dcid:country/HRV,2019,1208.54948
dcs:who/AIR_45.ENVCAUSE--ENVCAUSE113__SEX--F,dcid:country/HRV,2019,14758.77066
dcs:who/AIR_45.ENVCAUSE--ENVCAUSE114__SEX--M,dcid:country/HRV,2019,4863.3853
dcs:who/AIR_45.ENVCAUSE--ENVCAUSE118__SEX--M,dcid:country/HRV,2019,2064.01712
dcs:who/AIR_45.ENVCAUSE--ENVCAUSE114__SEX--F,dcid:country/HRV,2019,4960.40442
dcs:who/AIR_45.SEX--F,dcid:country/HRV,2019,23182.09251
dcs:who/AIR_45.ENVCAUSE--ENVCAUSE039,dcid:country/HRV,2019,2046.15065
dcs:who/AIR_45.ENVCAUSE--ENVCAUSE114,dcid:country/HRV,2019,9823.78971
dcs:who/AIR_45.ENVCAUSE--ENVCAUSE068__SEX--M,dcid:country/HRV,2019,3318.29438
dcs:who/AIR_45.ENVCAUSE--ENVCAUSE113__SEX--M,dcid:country/HRV,2019,17945.03992
dcs:who/AIR_45.ENVCAUSE--ENVCAUSE118__SEX--F,dcid:country/HRV,2019,1247.03125
dcs:who/AIR_45.ENVCAUSE--ENVCAUSE114,dcid:country/HTI,2019,22457.45756
dcs:who/AIR_45.ENVCAUSE--ENVCAUSE039__SEX--F,dcid:country/HTI,2019,15286.17453
dcs:who/AIR_45.SEX--F,dcid:country/HTI,2019,55160.11131
dcs:who/AIR_45.ENVCAUSE--ENVCAUSE113__SEX--M,dcid:country/HTI,2019,23131.04887
dcs:who/AIR_45.ENVCAUSE--ENVCAUSE068,dcid:country/HTI,2019,507.0804
dcs:who/AIR_45.ENVCAUSE--ENVCAUSE068__SEX--M,dcid:country/HTI,2019,202.39661
dcs:who/AIR_45.ENVCAUSE--ENVCAUSE039__SEX--M,dcid:country/HTI,2019,16530.41581
dcs:who/AIR_45.SEX--M,dcid:country/HTI,2019,50465.57021
dcs:who/AIR_45.ENVCAUSE--ENVCAUSE118,dcid:country/HTI,2019,3598.04737
dcs:who/AIR_45,dcid:country/HTI,2019,105625.6815
dcs:who/AIR_45.ENVCAUSE--ENVCAUSE039,dcid:country/HTI,2019,31816.59034
dcs:who/AIR_45.ENVCAUSE--ENVCAUSE118__SEX--F,dcid:country/HTI,2019,1480.29435
dcs:who/AIR_45.ENVCAUSE--ENVCAUSE068__SEX--F,dcid:country/HTI,2019,304.68379
dcs:who/AIR_45.ENVCAUSE--ENVCAUSE113,dcid:country/HTI,2019,47246.50584
dcs:who/AIR_45.ENVCAUSE--ENVCAUSE114__SEX--F,dcid:country/HTI,2019,13973.50165
dcs:who/AIR_45.ENVCAUSE--ENVCAUSE113__SEX--F,dcid:country/HTI,2019,24115.45698
dcs:who/AIR_45.ENVCAUSE--ENVCAUSE114__SEX--M,dcid:country/HTI,2019,8483.95591
dcs:who/AIR_45.ENVCAUSE--ENVCAUSE118__SEX--M,dcid:country/HTI,2019,2117.75302
dcs:who/AIR_45.ENVCAUSE--ENVCAUSE068,dcid:country/HUN,2019,12836.95919
dcs:who/AIR_45,dcid:country/HUN,2019,152871.7396
dcs:who/AIR_45.ENVCAUSE--ENVCAUSE113__SEX--F,dcid:country/HUN,2019,47117.61949
dcs:who/AIR_45.ENVCAUSE--ENVCAUSE039,dcid:country/HUN,2019,3991.28255
dcs:who/AIR_45.ENVCAUSE--ENVCAUSE118,dcid:country/HUN,2019,13169.83308
dcs:who/AIR_45.ENVCAUSE--ENVCAUSE114__SEX--F,dcid:country/HUN,2019,9661.97951
dcs:who/AIR_45.ENVCAUSE--ENVCAUSE118__SEX--M,dcid:country/HUN,2019,7510.85272
dcs:who/AIR_45.ENVCAUSE--ENVCAUSE114__SEX--M,dcid:country/HUN,2019,10109.73837
dcs:who/AIR_45.ENVCAUSE--ENVCAUSE118__SEX--F,dcid:country/HUN,2019,5658.98035
dcs:who/AIR_45.ENVCAUSE--ENVCAUSE039__SEX--M,dcid:country/HUN,2019,2275.32089
dcs:who/AIR_45.ENVCAUSE--ENVCAUSE113__SEX--M,dcid:country/HUN,2019,55984.32739
dcs:who/AIR_45.SEX--M,dcid:country/HUN,2019,83580.43147
dcs:who/AIR_45.ENVCAUSE--ENVCAUSE113,dcid:country/HUN,2019,103101.9469
dcs:who/AIR_45.ENVCAUSE--ENVCAUSE039__SEX--F,dcid:country/HUN,2019,1715.96166
dcs:who/AIR_45.ENVCAUSE--ENVCAUSE068__SEX--M,dcid:country/HUN,2019,7700.1921
dcs:who/AIR_45.SEX--F,dcid:country/HUN,2019,69291.3081
dcs:who/AIR_45.ENVCAUSE--ENVCAUSE068__SEX--F,dcid:country/HUN,2019,5136.76709
dcs:who/AIR_45.ENVCAUSE--ENVCAUSE114,dcid:country/HUN,2019,19771.71788
dcs:who/AIR_45.SEX--M,dcid:country/IDN,2019,1655731.547
dcs:who/AIR_45.ENVCAUSE--ENVCAUSE118__SEX--M,dcid:country/IDN,2019,140871.8263
dcs:who/AIR_45.ENVCAUSE--ENVCAUSE113__SEX--F,dcid:country/IDN,2019,487577.6648
dcs:who/AIR_45,dcid:country/IDN,2019,2841391.658
dcs:who/AIR_45.ENVCAUSE--ENVCAUSE118__SEX--F,dcid:country/IDN,2019,62964.23303
dcs:who/AIR_45.ENVCAUSE--ENVCAUSE113,dcid:country/IDN,2019,1238495.596
dcs:who/AIR_45.ENVCAUSE--ENVCAUSE068__SEX--F,dcid:country/IDN,2019,15605.87575
dcs:who/AIR_45.ENVCAUSE--ENVCAUSE068,dcid:country/IDN,2019,68042.07423
dcs:who/AIR_45.ENVCAUSE--ENVCAUSE039__SEX--F,dcid:country/IDN,2019,145596.4661
dcs:who/AIR_45.ENVCAUSE--ENVCAUSE114__SEX--F,dcid:country/IDN,2019,473915.8709
dcs:who/AIR_45.ENVCAUSE--ENVCAUSE113__SEX--M,dcid:country/IDN,2019,750917.9315
dcs:who/AIR_45.ENVCAUSE--ENVCAUSE114,dcid:country/IDN,2019,978919.8177
dcs:who/AIR_45.ENVCAUSE--ENVCAUSE039,dcid:country/IDN,2019,352098.11
dcs:who/AIR_45.SEX--F,dcid:country/IDN,2019,1185660.111
dcs:who/AIR_45.ENVCAUSE--ENVCAUSE068__SEX--M,dcid:country/IDN,2019,52436.19849
dcs:who/AIR_45.ENVCAUSE--ENVCAUSE039__SEX--M,dcid:country/IDN,2019,206501.6439
dcs:who/AIR_45.ENVCAUSE--ENVCAUSE114__SEX--M,dcid:country/IDN,2019,505003.9468
dcs:who/AIR_45.ENVCAUSE--ENVCAUSE118,dcid:country/IDN,2019,203836.0594
dcs:who/AIR_45.ENVCAUSE--ENVCAUSE118__SEX--M,dcid:country/IND,2019,2271741.562
dcs:who/AIR_45.ENVCAUSE--ENVCAUSE039,dcid:country/IND,2019,4310598.645
dcs:who/AIR_45.SEX--F,dcid:country/IND,2019,8929655.966
dcs:who/AIR_45.ENVCAUSE--ENVCAUSE118,dcid:country/IND,2019,3884635.678
dcs:who/AIR_45.ENVCAUSE--ENVCAUSE113__SEX--M,dcid:country/IND,2019,6407145.817
dcs:who/AIR_45.ENVCAUSE--ENVCAUSE113__SEX--F,dcid:country/IND,2019,3588263.045
dcs:who/AIR_45.ENVCAUSE--ENVCAUSE118__SEX--F,dcid:country/IND,2019,1612894.117
dcs:who/AIR_45.ENVCAUSE--ENVCAUSE039__SEX--M,dcid:country/IND,2019,2166102.427
dcs:who/AIR_45.ENVCAUSE--ENVCAUSE039__SEX--F,dcid:country/IND,2019,2144496.218
dcs:who/AIR_45.ENVCAUSE--ENVCAUSE113,dcid:country/IND,2019,9995408.863
dcs:who/AIR_45.ENVCAUSE--ENVCAUSE114__SEX--M,dcid:country/IND,2019,1746258.136
dcs:who/AIR_45.ENVCAUSE--ENVCAUSE114,dcid:country/IND,2019,3199284.021
dcs:who/AIR_45.ENVCAUSE--ENVCAUSE068,dcid:country/IND,2019,442943.6525
dcs:who/AIR_45,dcid:country/IND,2019,21832870.86
dcs:who/AIR_45.ENVCAUSE--ENVCAUSE068__SEX--M,dcid:country/IND,2019,311966.9528
dcs:who/AIR_45.ENVCAUSE--ENVCAUSE068__SEX--F,dcid:country/IND,2019,130976.6997
dcs:who/AIR_45.ENVCAUSE--ENVCAUSE114__SEX--F,dcid:country/IND,2019,1453025.886
dcs:who/AIR_45.SEX--M,dcid:country/IND,2019,12903214.89
dcs:who/AIR_45.ENVCAUSE--ENVCAUSE068__SEX--M,dcid:country/IRL,2019,721.35148
dcs:who/AIR_45,dcid:country/IRL,2019,16173.97291
dcs:who/AIR_45.ENVCAUSE--ENVCAUSE118,dcid:country/IRL,2019,1649.11719
dcs:who/AIR_45.ENVCAUSE--ENVCAUSE039,dcid:country/IRL,2019,1205.74983
dcs:who/AIR_45.ENVCAUSE--ENVCAUSE114__SEX--F,dcid:country/IRL,2019,864.35185
dcs:who/AIR_45.ENVCAUSE--ENVCAUSE114,dcid:country/IRL,2019,1704.86207
dcs:who/AIR_45.ENVCAUSE--ENVCAUSE039__SEX--M,dcid:country/IRL,2019,611.39063
dcs:who/AIR_45.ENVCAUSE--ENVCAUSE113,dcid:country/IRL,2019,10359.17761
dcs:who/AIR_45.ENVCAUSE--ENVCAUSE113__SEX--F,dcid:country/IRL,2019,3487.34267
dcs:who/AIR_45.ENVCAUSE--ENVCAUSE114__SEX--M,dcid:country/IRL,2019,840.51022
dcs:who/AIR_45.ENVCAUSE--ENVCAUSE113__SEX--M,dcid:country/IRL,2019,6871.83493
dcs:who/AIR_45.ENVCAUSE--ENVCAUSE068,dcid:country/IRL,2019,1255.06622
dcs:who/AIR_45.ENVCAUSE--ENVCAUSE068__SEX--F,dcid:country/IRL,2019,533.71474
dcs:who/AIR_45.SEX--F,dcid:country/IRL,2019,6247.38011
dcs:who/AIR_45.ENVCAUSE--ENVCAUSE039__SEX--F,dcid:country/IRL,2019,594.3592
dcs:who/AIR_45.SEX--M,dcid:country/IRL,2019,9926.59279
dcs:who/AIR_45.ENVCAUSE--ENVCAUSE118__SEX--F,dcid:country/IRL,2019,767.61166
dcs:who/AIR_45.ENVCAUSE--ENVCAUSE118__SEX--M,dcid:country/IRL,2019,881.50553
dcs:who/AIR_45.ENVCAUSE--ENVCAUSE118__SEX--M,dcid:country/IRN,2019,25865.48149
dcs:who/AIR_45.ENVCAUSE--ENVCAUSE113__SEX--M,dcid:country/IRN,2019,293250.7436
dcs:who/AIR_45.ENVCAUSE--ENVCAUSE114__SEX--M,dcid:country/IRN,2019,62774.05664
dcs:who/AIR_45.ENVCAUSE--ENVCAUSE068__SEX--M,dcid:country/IRN,2019,15003.72818
dcs:who/AIR_45.ENVCAUSE--ENVCAUSE068,dcid:country/IRN,2019,21577.31205
dcs:who/AIR_45.ENVCAUSE--ENVCAUSE039__SEX--M,dcid:country/IRN,2019,56774.1102
dcs:who/AIR_45.SEX--F,dcid:country/IRN,2019,279895.3832
dcs:who/AIR_45.ENVCAUSE--ENVCAUSE068__SEX--F,dcid:country/IRN,2019,6573.58386
dcs:who/AIR_45.SEX--M,dcid:country/IRN,2019,453668.1201
dcs:who/AIR_45.ENVCAUSE--ENVCAUSE039__SEX--F,dcid:country/IRN,2019,42796.78822
dcs:who/AIR_45.ENVCAUSE--ENVCAUSE118__SEX--F,dcid:country/IRN,2019,13647.89163
dcs:who/AIR_45.ENVCAUSE--ENVCAUSE114__SEX--F,dcid:country/IRN,2019,51319.83732
dcs:who/AIR_45.ENVCAUSE--ENVCAUSE113__SEX--F,dcid:country/IRN,2019,165557.2821
dcs:who/AIR_45.ENVCAUSE--ENVCAUSE114,dcid:country/IRN,2019,114093.894
dcs:who/AIR_45.ENVCAUSE--ENVCAUSE118,dcid:country/IRN,2019,39513.37312
dcs:who/AIR_45,dcid:country/IRN,2019,733563.5033
dcs:who/AIR_45.ENVCAUSE--ENVCAUSE039,dcid:country/IRN,2019,99570.89842
dcs:who/AIR_45.ENVCAUSE--ENVCAUSE113,dcid:country/IRN,2019,458808.0257
dcs:who/AIR_45.ENVCAUSE--ENVCAUSE113__SEX--M,dcid:country/IRQ,2019,121867.1471
dcs:who/AIR_45.ENVCAUSE--ENVCAUSE068__SEX--F,dcid:country/IRQ,2019,2500.47054
dcs:who/AIR_45.ENVCAUSE--ENVCAUSE114__SEX--M,dcid:country/IRQ,2019,42667.18773
dcs:who/AIR_45.ENVCAUSE--ENVCAUSE118__SEX--F,dcid:country/IRQ,2019,2150.80585
dcs:who/AIR_45.ENVCAUSE--ENVCAUSE113,dcid:country/IRQ,2019,208242.8835
dcs:who/AIR_45.ENVCAUSE--ENVCAUSE039__SEX--F,dcid:country/IRQ,2019,40640.00192
dcs:who/AIR_45.ENVCAUSE--ENVCAUSE118__SEX--M,dcid:country/IRQ,2019,3477.8261
dcs:who/AIR_45.ENVCAUSE--ENVCAUSE118,dcid:country/IRQ,2019,5628.63195
dcs:who/AIR_45.ENVCAUSE--ENVCAUSE113__SEX--F,dcid:country/IRQ,2019,86375.73634
dcs:who/AIR_45,dcid:country/IRQ,2019,396301.2398
dcs:who/AIR_45.SEX--F,dcid:country/IRQ,2019,170552.3676
dcs:who/AIR_45.ENVCAUSE--ENVCAUSE068__SEX--M,dcid:country/IRQ,2019,7086.05746
dcs:who/AIR_45.ENVCAUSE--ENVCAUSE039__SEX--M,dcid:country/IRQ,2019,50650.65374
dcs:who/AIR_45.SEX--M,dcid:country/IRQ,2019,225748.8722
dcs:who/AIR_45.ENVCAUSE--ENVCAUSE114,dcid:country/IRQ,2019,81552.54068
dcs:who/AIR_45.ENVCAUSE--ENVCAUSE114__SEX--F,dcid:country/IRQ,2019,38885.35295
dcs:who/AIR_45.ENVCAUSE--ENVCAUSE068,dcid:country/IRQ,2019,9586.528
dcs:who/AIR_45.ENVCAUSE--ENVCAUSE039,dcid:country/IRQ,2019,91290.65567
dcs:who/AIR_45.SEX--M,dcid:country/ISL,2019,459.93134
dcs:who/AIR_45.ENVCAUSE--ENVCAUSE113__SEX--F,dcid:country/ISL,2019,186.86502
dcs:who/AIR_45.ENVCAUSE--ENVCAUSE039,dcid:country/ISL,2019,36.99984
dcs:who/AIR_45.ENVCAUSE--ENVCAUSE068,dcid:country/ISL,2019,37.70594
dcs:who/AIR_45.ENVCAUSE--ENVCAUSE118__SEX--M,dcid:country/ISL,2019,24.66838
dcs:who/AIR_45.ENVCAUSE--ENVCAUSE039__SEX--F,dcid:country/ISL,2019,17.30491
dcs:who/AIR_45.ENVCAUSE--ENVCAUSE113__SEX--M,dcid:country/ISL,2019,357.21877
dcs:who/AIR_45.ENVCAUSE--ENVCAUSE068__SEX--M,dcid:country/ISL,2019,17.68799
dcs:who/AIR_45.ENVCAUSE--ENVCAUSE114,dcid:country/ISL,2019,77.73847
dcs:who/AIR_45,dcid:country/ISL,2019,758.05687
dcs:who/AIR_45.SEX--F,dcid:country/ISL,2019,298.12553
dcs:who/AIR_45.ENVCAUSE--ENVCAUSE068__SEX--F,dcid:country/ISL,2019,20.01795
dcs:who/AIR_45.ENVCAUSE--ENVCAUSE113,dcid:country/ISL,2019,544.08379
dcs:who/AIR_45.ENVCAUSE--ENVCAUSE114__SEX--F,dcid:country/ISL,2019,37.0772
dcs:who/AIR_45.ENVCAUSE--ENVCAUSE114__SEX--M,dcid:country/ISL,2019,40.66127
dcs:who/AIR_45.ENVCAUSE--ENVCAUSE118,dcid:country/ISL,2019,61.52883
dcs:who/AIR_45.ENVCAUSE--ENVCAUSE118__SEX--F,dcid:country/ISL,2019,36.86045
dcs:who/AIR_45.ENVCAUSE--ENVCAUSE039__SEX--M,dcid:country/ISL,2019,19.69494
dcs:who/AIR_45.ENVCAUSE--ENVCAUSE118__SEX--M,dcid:country/ISR,2019,1865.38537
dcs:who/AIR_45.ENVCAUSE--ENVCAUSE113__SEX--M,dcid:country/ISR,2019,9345.88175
dcs:who/AIR_45.SEX--M,dcid:country/ISR,2019,18111.30247
dcs:who/AIR_45.ENVCAUSE--ENVCAUSE068__SEX--M,dcid:country/ISR,2019,2602.11438
dcs:who/AIR_45.ENVCAUSE--ENVCAUSE114__SEX--M,dcid:country/ISR,2019,2361.1557
dcs:who/AIR_45.ENVCAUSE--ENVCAUSE039__SEX--M,dcid:country/ISR,2019,1936.76527
dcs:who/AIR_45.ENVCAUSE--ENVCAUSE068__SEX--F,dcid:country/ISR,2019,1145.88779
dcs:who/AIR_45.SEX--F,dcid:country/ISR,2019,10868.0478
dcs:who/AIR_45.ENVCAUSE--ENVCAUSE113,dcid:country/ISR,2019,14367.59173
dcs:who/AIR_45.ENVCAUSE--ENVCAUSE114__SEX--F,dcid:country/ISR,2019,1970.40223
dcs:who/AIR_45.ENVCAUSE--ENVCAUSE113__SEX--F,dcid:country/ISR,2019,5021.70998
dcs:who/AIR_45.ENVCAUSE--ENVCAUSE118__SEX--F,dcid:country/ISR,2019,1123.67828
dcs:who/AIR_45.ENVCAUSE--ENVCAUSE118,dcid:country/ISR,2019,2989.06366
dcs:who/AIR_45.ENVCAUSE--ENVCAUSE068,dcid:country/ISR,2019,3748.00217
dcs:who/AIR_45,dcid:country/ISR,2019,28979.35026
dcs:who/AIR_45.ENVCAUSE--ENVCAUSE039,dcid:country/ISR,2019,3543.13479
dcs:who/AIR_45.ENVCAUSE--ENVCAUSE039__SEX--F,dcid:country/ISR,2019,1606.36951
dcs:who/AIR_45.ENVCAUSE--ENVCAUSE114,dcid:country/ISR,2019,4331.55792
dcs:who/AIR_45.ENVCAUSE--ENVCAUSE039,dcid:country/ITA,2019,24739.82151
dcs:who/AIR_45.ENVCAUSE--ENVCAUSE114__SEX--F,dcid:country/ITA,2019,40026.20227
dcs:who/AIR_45.ENVCAUSE--ENVCAUSE118__SEX--F,dcid:country/ITA,2019,16106.77716
dcs:who/AIR_45.SEX--F,dcid:country/ITA,2019,171040.8568
dcs:who/AIR_45.SEX--M,dcid:country/ITA,2019,223726.1912
dcs:who/AIR_45.ENVCAUSE--ENVCAUSE068__SEX--M,dcid:country/ITA,2019,29173.46997
dcs:who/AIR_45.ENVCAUSE--ENVCAUSE114__SEX--M,dcid:country/ITA,2019,32875.6754
dcs:who/AIR_45,dcid:country/ITA,2019,394767.0481
dcs:who/AIR_45.ENVCAUSE--ENVCAUSE068,dcid:country/ITA,2019,41621.93043
dcs:who/AIR_45.ENVCAUSE--ENVCAUSE039__SEX--M,dcid:country/ITA,2019,12901.40817
dcs:who/AIR_45.ENVCAUSE--ENVCAUSE039__SEX--F,dcid:country/ITA,2019,11838.41334
dcs:who/AIR_45.ENVCAUSE--ENVCAUSE118,dcid:country/ITA,2019,38182.74575
dcs:who/AIR_45.ENVCAUSE--ENVCAUSE113__SEX--F,dcid:country/ITA,2019,90621.00359
dcs:who/AIR_45.ENVCAUSE--ENVCAUSE113,dcid:country/ITA,2019,217320.6727
dcs:who/AIR_45.ENVCAUSE--ENVCAUSE118__SEX--M,dcid:country/ITA,2019,22075.9686
dcs:who/AIR_45.ENVCAUSE--ENVCAUSE068__SEX--F,dcid:country/ITA,2019,12448.46046
dcs:who/AIR_45.ENVCAUSE--ENVCAUSE113__SEX--M,dcid:country/ITA,2019,126699.6691
dcs:who/AIR_45.ENVCAUSE--ENVCAUSE114,dcid:country/ITA,2019,72901.87767
dcs:who/AIR_45.ENVCAUSE--ENVCAUSE113,dcid:country/JAM,2019,5686.61061
dcs:who/AIR_45.ENVCAUSE--ENVCAUSE068__SEX--F,dcid:country/JAM,2019,199.10974
dcs:who/AIR_45.SEX--F,dcid:country/JAM,2019,5989.83706
dcs:who/AIR_45.ENVCAUSE--ENVCAUSE113__SEX--F,dcid:country/JAM,2019,2598.00461
dcs:who/AIR_45.ENVCAUSE--ENVCAUSE113__SEX--M,dcid:country/JAM,2019,3088.606
dcs:who/AIR_45.ENVCAUSE--ENVCAUSE039__SEX--F,dcid:country/JAM,2019,592.46898
dcs:who/AIR_45.ENVCAUSE--ENVCAUSE114__SEX--M,dcid:country/JAM,2019,2188.71608
dcs:who/AIR_45.ENVCAUSE--ENVCAUSE118__SEX--M,dcid:country/JAM,2019,684.63648
dcs:who/AIR_45,dcid:country/JAM,2019,13180.8219
dcs:who/AIR_45.SEX--M,dcid:country/JAM,2019,7190.98485
dcs:who/AIR_45.ENVCAUSE--ENVCAUSE039,dcid:country/JAM,2019,1307.31815
dcs:who/AIR_45.ENVCAUSE--ENVCAUSE068__SEX--M,dcid:country/JAM,2019,514.17712
dcs:who/AIR_45.ENVCAUSE--ENVCAUSE068,dcid:country/JAM,2019,713.28686
dcs:who/AIR_45.ENVCAUSE--ENVCAUSE039__SEX--M,dcid:country/JAM,2019,714.84917
dcs:who/AIR_45.ENVCAUSE--ENVCAUSE118,dcid:country/JAM,2019,848.09949
dcs:who/AIR_45.ENVCAUSE--ENVCAUSE114__SEX--F,dcid:country/JAM,2019,2436.79072
dcs:who/AIR_45.ENVCAUSE--ENVCAUSE114,dcid:country/JAM,2019,4625.5068
dcs:who/AIR_45.ENVCAUSE--ENVCAUSE118__SEX--F,dcid:country/JAM,2019,163.46301
dcs:who/AIR_45.ENVCAUSE--ENVCAUSE114__SEX--M,dcid:country/JOR,2019,3544.67944
dcs:who/AIR_45.ENVCAUSE--ENVCAUSE068__SEX--M,dcid:country/JOR,2019,2609.68149
dcs:who/AIR_45.SEX--M,dcid:country/JOR,2019,27025.51058
dcs:who/AIR_45.ENVCAUSE--ENVCAUSE113__SEX--M,dcid:country/JOR,2019,14922.75889
dcs:who/AIR_45.ENVCAUSE--ENVCAUSE039__SEX--M,dcid:country/JOR,2019,5013.83044
dcs:who/AIR_45.ENVCAUSE--ENVCAUSE118__SEX--F,dcid:country/JOR,2019,413.61534
dcs:who/AIR_45.ENVCAUSE--ENVCAUSE114__SEX--F,dcid:country/JOR,2019,4217.89694
dcs:who/AIR_45.SEX--F,dcid:country/JOR,2019,17966.62739
dcs:who/AIR_45.ENVCAUSE--ENVCAUSE068__SEX--F,dcid:country/JOR,2019,538.67636
dcs:who/AIR_45.ENVCAUSE--ENVCAUSE114,dcid:country/JOR,2019,7762.57638
dcs:who/AIR_45.ENVCAUSE--ENVCAUSE113,dcid:country/JOR,2019,23603.67866
dcs:who/AIR_45.ENVCAUSE--ENVCAUSE039,dcid:country/JOR,2019,9129.34941
dcs:who/AIR_45.ENVCAUSE--ENVCAUSE113__SEX--F,dcid:country/JOR,2019,8680.91978
dcs:who/AIR_45.ENVCAUSE--ENVCAUSE118,dcid:country/JOR,2019,1348.17567
dcs:who/AIR_45.ENVCAUSE--ENVCAUSE039__SEX--F,dcid:country/JOR,2019,4115.51897
dcs:who/AIR_45.ENVCAUSE--ENVCAUSE118__SEX--M,dcid:country/JOR,2019,934.56033
dcs:who/AIR_45.ENVCAUSE--ENVCAUSE068,dcid:country/JOR,2019,3148.35785
dcs:who/AIR_45,dcid:country/JOR,2019,44992.13798
dcs:who/AIR_45,dcid:country/JPN,2019,739471.1024
dcs:who/AIR_45.ENVCAUSE--ENVCAUSE113__SEX--M,dcid:country/JPN,2019,196658.0536
dcs:who/AIR_45.ENVCAUSE--ENVCAUSE039__SEX--F,dcid:country/JPN,2019,52691.88659
dcs:who/AIR_45.ENVCAUSE--ENVCAUSE068__SEX--M,dcid:country/JPN,2019,42966.59964
dcs:who/AIR_45.SEX--F,dcid:country/JPN,2019,301118.5874
dcs:who/AIR_45.SEX--M,dcid:country/JPN,2019,438352.515
dcs:who/AIR_45.ENVCAUSE--ENVCAUSE118__SEX--M,dcid:country/JPN,2019,47584.35594
dcs:who/AIR_45.ENVCAUSE--ENVCAUSE039__SEX--M,dcid:country/JPN,2019,74019.4609
dcs:who/AIR_45.ENVCAUSE--ENVCAUSE068__SEX--F,dcid:country/JPN,2019,16339.83281
dcs:who/AIR_45.ENVCAUSE--ENVCAUSE068,dcid:country/JPN,2019,59306.43245
dcs:who/AIR_45.ENVCAUSE--ENVCAUSE118,dcid:country/JPN,2019,73646.6897
dcs:who/AIR_45.ENVCAUSE--ENVCAUSE114__SEX--M,dcid:country/JPN,2019,77124.04486
dcs:who/AIR_45.ENVCAUSE--ENVCAUSE118__SEX--F,dcid:country/JPN,2019,26062.33376
dcs:who/AIR_45.ENVCAUSE--ENVCAUSE113__SEX--F,dcid:country/JPN,2019,143536.4501
dcs:who/AIR_45.ENVCAUSE--ENVCAUSE113,dcid:country/JPN,2019,340194.5038
dcs:who/AIR_45.ENVCAUSE--ENVCAUSE114,dcid:country/JPN,2019,139612.129
dcs:who/AIR_45.ENVCAUSE--ENVCAUSE039,dcid:country/JPN,2019,126711.3475
dcs:who/AIR_45.ENVCAUSE--ENVCAUSE114__SEX--F,dcid:country/JPN,2019,62488.08416
dcs:who/AIR_45.ENVCAUSE--ENVCAUSE113,dcid:country/KAZ,2019,122499.9159
dcs:who/AIR_45.ENVCAUSE--ENVCAUSE118__SEX--F,dcid:country/KAZ,2019,7819.10762
dcs:who/AIR_45.ENVCAUSE--ENVCAUSE114,dcid:country/KAZ,2019,59429.01238
dcs:who/AIR_45.SEX--M,dcid:country/KAZ,2019,142259.4276
dcs:who/AIR_45.ENVCAUSE--ENVCAUSE068,dcid:country/KAZ,2019,12199.52927
dcs:who/AIR_45.ENVCAUSE--ENVCAUSE068__SEX--F,dcid:country/KAZ,2019,2083.05036
dcs:who/AIR_45.ENVCAUSE--ENVCAUSE039,dcid:country/KAZ,2019,27502.73338
dcs:who/AIR_45.ENVCAUSE--ENVCAUSE114__SEX--F,dcid:country/KAZ,2019,29031.98245
dcs:who/AIR_45.ENVCAUSE--ENVCAUSE068__SEX--M,dcid:country/KAZ,2019,10116.47891
dcs:who/AIR_45,dcid:country/KAZ,2019,244327.7131
dcs:who/AIR_45.ENVCAUSE--ENVCAUSE113__SEX--M,dcid:country/KAZ,2019,69142.95356
dcs:who/AIR_45.ENVCAUSE--ENVCAUSE113__SEX--F,dcid:country/KAZ,2019,53356.96235
dcs:who/AIR_45.ENVCAUSE--ENVCAUSE039__SEX--F,dcid:country/KAZ,2019,9777.18269
dcs:who/AIR_45.ENVCAUSE--ENVCAUSE039__SEX--M,dcid:country/KAZ,2019,17725.5507
dcs:who/AIR_45.SEX--F,dcid:country/KAZ,2019,102068.2855
dcs:who/AIR_45.ENVCAUSE--ENVCAUSE118,dcid:country/KAZ,2019,22696.52216
dcs:who/AIR_45.ENVCAUSE--ENVCAUSE118__SEX--M,dcid:country/KAZ,2019,14877.41454
dcs:who/AIR_45.ENVCAUSE--ENVCAUSE114__SEX--M,dcid:country/KAZ,2019,30397.02993
dcs:who/AIR_45.ENVCAUSE--ENVCAUSE068__SEX--M,dcid:country/KEN,2019,626.15471
dcs:who/AIR_45.ENVCAUSE--ENVCAUSE113__SEX--M,dcid:country/KEN,2019,31020.66987
dcs:who/AIR_45.ENVCAUSE--ENVCAUSE114__SEX--M,dcid:country/KEN,2019,20334.89583
dcs:who/AIR_45.ENVCAUSE--ENVCAUSE039__SEX--F,dcid:country/KEN,2019,55734.55742
dcs:who/AIR_45,dcid:country/KEN,2019,226600.917
dcs:who/AIR_45.SEX--M,dcid:country/KEN,2019,126657.9496
dcs:who/AIR_45.ENVCAUSE--ENVCAUSE068,dcid:country/KEN,2019,1075.4262
dcs:who/AIR_45.ENVCAUSE--ENVCAUSE039__SEX--M,dcid:country/KEN,2019,69127.10767
dcs:who/AIR_45.ENVCAUSE--ENVCAUSE113,dcid:country/KEN,2019,52065.63995
dcs:who/AIR_45.SEX--F,dcid:country/KEN,2019,99942.96746
dcs:who/AIR_45.ENVCAUSE--ENVCAUSE114__SEX--F,dcid:country/KEN,2019,18869.19902
dcs:who/AIR_45.ENVCAUSE--ENVCAUSE113__SEX--F,dcid:country/KEN,2019,21044.97008
dcs:who/AIR_45.ENVCAUSE--ENVCAUSE039,dcid:country/KEN,2019,124861.6651
dcs:who/AIR_45.ENVCAUSE--ENVCAUSE068__SEX--F,dcid:country/KEN,2019,449.27149
dcs:who/AIR_45.ENVCAUSE--ENVCAUSE118,dcid:country/KEN,2019,9394.09096
dcs:who/AIR_45.ENVCAUSE--ENVCAUSE118__SEX--F,dcid:country/KEN,2019,3844.96945
dcs:who/AIR_45.ENVCAUSE--ENVCAUSE114,dcid:country/KEN,2019,39204.09485
dcs:who/AIR_45.ENVCAUSE--ENVCAUSE118__SEX--M,dcid:country/KEN,2019,5549.1215
dcs:who/AIR_45.ENVCAUSE--ENVCAUSE113,dcid:country/KGZ,2019,42476.09785
dcs:who/AIR_45.SEX--M,dcid:country/KGZ,2019,43295.48179
dcs:who/AIR_45.ENVCAUSE--ENVCAUSE118__SEX--F,dcid:country/KGZ,2019,1779.95129
dcs:who/AIR_45.ENVCAUSE--ENVCAUSE118__SEX--M,dcid:country/KGZ,2019,2653.40395
dcs:who/AIR_45.ENVCAUSE--ENVCAUSE118,dcid:country/KGZ,2019,4433.35524
dcs:who/AIR_45.ENVCAUSE--ENVCAUSE068,dcid:country/KGZ,2019,2570.47967
dcs:who/AIR_45.ENVCAUSE--ENVCAUSE113__SEX--M,dcid:country/KGZ,2019,23633.19486
dcs:who/AIR_45.ENVCAUSE--ENVCAUSE068__SEX--M,dcid:country/KGZ,2019,2007.33386
dcs:who/AIR_45.ENVCAUSE--ENVCAUSE039__SEX--M,dcid:country/KGZ,2019,6409.12129
dcs:who/AIR_45,dcid:country/KGZ,2019,75707.2598
dcs:who/AIR_45.ENVCAUSE--ENVCAUSE068__SEX--F,dcid:country/KGZ,2019,563.14581
dcs:who/AIR_45.ENVCAUSE--ENVCAUSE114__SEX--F,dcid:country/KGZ,2019,6602.4478
dcs:who/AIR_45.SEX--F,dcid:country/KGZ,2019,32411.77801
dcs:who/AIR_45.ENVCAUSE--ENVCAUSE114,dcid:country/KGZ,2019,15194.87564
dcs:who/AIR_45.ENVCAUSE--ENVCAUSE039,dcid:country/KGZ,2019,11032.4514
dcs:who/AIR_45.ENVCAUSE--ENVCAUSE114__SEX--M,dcid:country/KGZ,2019,8592.42784
dcs:who/AIR_45.ENVCAUSE--ENVCAUSE039__SEX--F,dcid:country/KGZ,2019,4623.33012
dcs:who/AIR_45.ENVCAUSE--ENVCAUSE113__SEX--F,dcid:country/KGZ,2019,18842.90299
dcs:who/AIR_45.ENVCAUSE--ENVCAUSE114,dcid:country/KHM,2019,37138.61932
dcs:who/AIR_45.ENVCAUSE--ENVCAUSE114__SEX--F,dcid:country/KHM,2019,19737.8587
dcs:who/AIR_45.ENVCAUSE--ENVCAUSE118__SEX--M,dcid:country/KHM,2019,5151.23929
dcs:who/AIR_45.ENVCAUSE--ENVCAUSE068__SEX--M,dcid:country/KHM,2019,2197.04586
dcs:who/AIR_45.ENVCAUSE--ENVCAUSE039,dcid:country/KHM,2019,51043.20019
dcs:who/AIR_45.ENVCAUSE--ENVCAUSE118__SEX--F,dcid:country/KHM,2019,2676.25641
dcs:who/AIR_45.ENVCAUSE--ENVCAUSE039__SEX--F,dcid:country/KHM,2019,22855.71679
dcs:who/AIR_45.ENVCAUSE--ENVCAUSE113,dcid:country/KHM,2019,49701.82998
dcs:who/AIR_45.ENVCAUSE--ENVCAUSE068,dcid:country/KHM,2019,3523.64375
dcs:who/AIR_45.ENVCAUSE--ENVCAUSE114__SEX--M,dcid:country/KHM,2019,17400.76063
dcs:who/AIR_45.ENVCAUSE--ENVCAUSE113__SEX--F,dcid:country/KHM,2019,19641.37716
dcs:who/AIR_45.ENVCAUSE--ENVCAUSE068__SEX--F,dcid:country/KHM,2019,1326.59788
dcs:who/AIR_45.ENVCAUSE--ENVCAUSE039__SEX--M,dcid:country/KHM,2019,28187.4834
dcs:who/AIR_45.SEX--M,dcid:country/KHM,2019,82996.98201
dcs:who/AIR_45,dcid:country/KHM,2019,149234.7889
dcs:who/AIR_45.SEX--F,dcid:country/KHM,2019,66237.80693
dcs:who/AIR_45.ENVCAUSE--ENVCAUSE113__SEX--M,dcid:country/KHM,2019,30060.45282
dcs:who/AIR_45.ENVCAUSE--ENVCAUSE118,dcid:country/KHM,2019,7827.4957
dcs:who/AIR_45.ENVCAUSE--ENVCAUSE113__SEX--F,dcid:country/KIR,2019,217.26474
dcs:who/AIR_45.ENVCAUSE--ENVCAUSE118,dcid:country/KIR,2019,41.61426
dcs:who/AIR_45.ENVCAUSE--ENVCAUSE113__SEX--M,dcid:country/KIR,2019,419.72456
dcs:who/AIR_45.SEX--M,dcid:country/KIR,2019,737.79807
dcs:who/AIR_45.ENVCAUSE--ENVCAUSE039,dcid:country/KIR,2019,192.01001
dcs:who/AIR_45.ENVCAUSE--ENVCAUSE039__SEX--M,dcid:country/KIR,2019,107.08209
dcs:who/AIR_45.ENVCAUSE--ENVCAUSE114,dcid:country/KIR,2019,284.32993
dcs:who/AIR_45.ENVCAUSE--ENVCAUSE068__SEX--F,dcid:country/KIR,2019,2.04584
dcs:who/AIR_45.SEX--F,dcid:country/KIR,2019,428.2909
dcs:who/AIR_45.ENVCAUSE--ENVCAUSE068,dcid:country/KIR,2019,11.14548
dcs:who/AIR_45.ENVCAUSE--ENVCAUSE114__SEX--F,dcid:country/KIR,2019,109.92014
dcs:who/AIR_45.ENVCAUSE--ENVCAUSE114__SEX--M,dcid:country/KIR,2019,174.40979
dcs:who/AIR_45.ENVCAUSE--ENVCAUSE118__SEX--M,dcid:country/KIR,2019,27.48199
dcs:who/AIR_45.ENVCAUSE--ENVCAUSE118__SEX--F,dcid:country/KIR,2019,14.13227
dcs:who/AIR_45,dcid:country/KIR,2019,1166.08897
dcs:who/AIR_45.ENVCAUSE--ENVCAUSE039__SEX--F,dcid:country/KIR,2019,84.92792
dcs:who/AIR_45.ENVCAUSE--ENVCAUSE113,dcid:country/KIR,2019,636.98929
dcs:who/AIR_45.ENVCAUSE--ENVCAUSE068__SEX--M,dcid:country/KIR,2019,9.09965
dcs:who/AIR_45.ENVCAUSE--ENVCAUSE118__SEX--M,dcid:country/KOR,2019,11636.09895
dcs:who/AIR_45.ENVCAUSE--ENVCAUSE039__SEX--M,dcid:country/KOR,2019,41516.81334
dcs:who/AIR_45.ENVCAUSE--ENVCAUSE113__SEX--M,dcid:country/KOR,2019,62040.0542
dcs:who/AIR_45.SEX--F,dcid:country/KOR,2019,107515.617
dcs:who/AIR_45.ENVCAUSE--ENVCAUSE068__SEX--F,dcid:country/KOR,2019,10244.48697
dcs:who/AIR_45.ENVCAUSE--ENVCAUSE068__SEX--M,dcid:country/KOR,2019,30925.74936
dcs:who/AIR_45.ENVCAUSE--ENVCAUSE114__SEX--F,dcid:country/KOR,2019,25730.06121
dcs:who/AIR_45.ENVCAUSE--ENVCAUSE114__SEX--M,dcid:country/KOR,2019,33270.93023
dcs:who/AIR_45.SEX--M,dcid:country/KOR,2019,179389.6461
dcs:who/AIR_45.ENVCAUSE--ENVCAUSE039__SEX--F,dcid:country/KOR,2019,29728.46477
dcs:who/AIR_45.ENVCAUSE--ENVCAUSE039,dcid:country/KOR,2019,71245.27811
dcs:who/AIR_45.ENVCAUSE--ENVCAUSE113,dcid:country/KOR,2019,98094.85067
dcs:who/AIR_45.ENVCAUSE--ENVCAUSE068,dcid:country/KOR,2019,41170.23632
dcs:who/AIR_45.ENVCAUSE--ENVCAUSE114,dcid:country/KOR,2019,59000.99144
dcs:who/AIR_45.ENVCAUSE--ENVCAUSE118,dcid:country/KOR,2019,17393.90653
dcs:who/AIR_45,dcid:country/KOR,2019,286905.2631
dcs:who/AIR_45.ENVCAUSE--ENVCAUSE113__SEX--F,dcid:country/KOR,2019,36054.79647
dcs:who/AIR_45.ENVCAUSE--ENVCAUSE118__SEX--F,dcid:country/KOR,2019,5757.80759
dcs:who/AIR_45.ENVCAUSE--ENVCAUSE068,dcid:country/KWT,2019,994.4693
dcs:who/AIR_45.SEX--M,dcid:country/KWT,2019,27061.36659
dcs:who/AIR_45.ENVCAUSE--ENVCAUSE039,dcid:country/KWT,2019,3604.85849
dcs:who/AIR_45.ENVCAUSE--ENVCAUSE118__SEX--M,dcid:country/KWT,2019,440.02874
dcs:who/AIR_45.ENVCAUSE--ENVCAUSE039__SEX--F,dcid:country/KWT,2019,1039.56038
dcs:who/AIR_45,dcid:country/KWT,2019,30763.71163
dcs:who/AIR_45.SEX--F,dcid:country/KWT,2019,3702.34504
dcs:who/AIR_45.ENVCAUSE--ENVCAUSE113,dcid:country/KWT,2019,21941.41192
dcs:who/AIR_45.ENVCAUSE--ENVCAUSE113__SEX--F,dcid:country/KWT,2019,1648.41409
dcs:who/AIR_45.ENVCAUSE--ENVCAUSE068__SEX--M,dcid:country/KWT,2019,726.63618
dcs:who/AIR_45.ENVCAUSE--ENVCAUSE114,dcid:country/KWT,2019,3695.38333
dcs:who/AIR_45.ENVCAUSE--ENVCAUSE039__SEX--M,dcid:country/KWT,2019,2565.29811
dcs:who/AIR_45.ENVCAUSE--ENVCAUSE114__SEX--F,dcid:country/KWT,2019,658.97759
dcs:who/AIR_45.ENVCAUSE--ENVCAUSE113__SEX--M,dcid:country/KWT,2019,20292.99783
dcs:who/AIR_45.ENVCAUSE--ENVCAUSE118,dcid:country/KWT,2019,527.5886
dcs:who/AIR_45.ENVCAUSE--ENVCAUSE068__SEX--F,dcid:country/KWT,2019,267.83312
dcs:who/AIR_45.ENVCAUSE--ENVCAUSE118__SEX--F,dcid:country/KWT,2019,87.55985
dcs:who/AIR_45.ENVCAUSE--ENVCAUSE114__SEX--M,dcid:country/KWT,2019,3036.40574
dcs:who/AIR_45.ENVCAUSE--ENVCAUSE068__SEX--F,dcid:country/LAO,2019,696.60682
dcs:who/AIR_45.SEX--M,dcid:country/LAO,2019,43956.27447
dcs:who/AIR_45.ENVCAUSE--ENVCAUSE114,dcid:country/LAO,2019,18132.25881
dcs:who/AIR_45.ENVCAUSE--ENVCAUSE113__SEX--F,dcid:country/LAO,2019,10817.82262
dcs:who/AIR_45.ENVCAUSE--ENVCAUSE118__SEX--M,dcid:country/LAO,2019,3123.16409
dcs:who/AIR_45.ENVCAUSE--ENVCAUSE068,dcid:country/LAO,2019,2564.38791
dcs:who/AIR_45,dcid:country/LAO,2019,77217.47731
dcs:who/AIR_45.ENVCAUSE--ENVCAUSE113__SEX--M,dcid:country/LAO,2019,15359.47768
dcs:who/AIR_45.ENVCAUSE--ENVCAUSE039__SEX--F,dcid:country/LAO,2019,11689.07192
dcs:who/AIR_45.SEX--F,dcid:country/LAO,2019,33261.20284
dcs:who/AIR_45.ENVCAUSE--ENVCAUSE039__SEX--M,dcid:country/LAO,2019,13918.79284
dcs:who/AIR_45.ENVCAUSE--ENVCAUSE039,dcid:country/LAO,2019,25607.86475
dcs:who/AIR_45.ENVCAUSE--ENVCAUSE118__SEX--F,dcid:country/LAO,2019,1612.50145
dcs:who/AIR_45.ENVCAUSE--ENVCAUSE118,dcid:country/LAO,2019,4735.66554
dcs:who/AIR_45.ENVCAUSE--ENVCAUSE114__SEX--F,dcid:country/LAO,2019,8445.20004
dcs:who/AIR_45.ENVCAUSE--ENVCAUSE113,dcid:country/LAO,2019,26177.3003
dcs:who/AIR_45.ENVCAUSE--ENVCAUSE114__SEX--M,dcid:country/LAO,2019,9687.05877
dcs:who/AIR_45.ENVCAUSE--ENVCAUSE068__SEX--M,dcid:country/LAO,2019,1867.78109
dcs:who/AIR_45.ENVCAUSE--ENVCAUSE039__SEX--M,dcid:country/LBN,2019,2623.4483
dcs:who/AIR_45.SEX--M,dcid:country/LBN,2019,50426.057
dcs:who/AIR_45.ENVCAUSE--ENVCAUSE114__SEX--M,dcid:country/LBN,2019,2112.40652
dcs:who/AIR_45.ENVCAUSE--ENVCAUSE068__SEX--M,dcid:country/LBN,2019,3031.77489
dcs:who/AIR_45.ENVCAUSE--ENVCAUSE113__SEX--M,dcid:country/LBN,2019,41030.1805
dcs:who/AIR_45.ENVCAUSE--ENVCAUSE113,dcid:country/LBN,2019,59677.81517
dcs:who/AIR_45.ENVCAUSE--ENVCAUSE039,dcid:country/LBN,2019,4362.16325
dcs:who/AIR_45.ENVCAUSE--ENVCAUSE114__SEX--F,dcid:country/LBN,2019,2089.92784
dcs:who/AIR_45.ENVCAUSE--ENVCAUSE118__SEX--M,dcid:country/LBN,2019,1628.24679
dcs:who/AIR_45.ENVCAUSE--ENVCAUSE068__SEX--F,dcid:country/LBN,2019,1298.88814
dcs:who/AIR_45.ENVCAUSE--ENVCAUSE068,dcid:country/LBN,2019,4330.66303
dcs:who/AIR_45.ENVCAUSE--ENVCAUSE114,dcid:country/LBN,2019,4202.33436
dcs:who/AIR_45.ENVCAUSE--ENVCAUSE118__SEX--F,dcid:country/LBN,2019,803.91049
dcs:who/AIR_45,dcid:country/LBN,2019,75005.13308
dcs:who/AIR_45.ENVCAUSE--ENVCAUSE113__SEX--F,dcid:country/LBN,2019,18647.63467
dcs:who/AIR_45.ENVCAUSE--ENVCAUSE118,dcid:country/LBN,2019,2432.15728
dcs:who/AIR_45.SEX--F,dcid:country/LBN,2019,24579.07609
dcs:who/AIR_45.ENVCAUSE--ENVCAUSE039__SEX--F,dcid:country/LBN,2019,1738.71494
dcs:who/AIR_45.SEX--F,dcid:country/LBR,2019,26516.39263
dcs:who/AIR_45.ENVCAUSE--ENVCAUSE114,dcid:country/LBR,2019,6068.78078
dcs:who/AIR_45.ENVCAUSE--ENVCAUSE118,dcid:country/LBR,2019,1193.87018
dcs:who/AIR_45.ENVCAUSE--ENVCAUSE114__SEX--M,dcid:country/LBR,2019,2617.19556
dcs:who/AIR_45.ENVCAUSE--ENVCAUSE113,dcid:country/LBR,2019,10211.72707
dcs:who/AIR_45.ENVCAUSE--ENVCAUSE039__SEX--M,dcid:country/LBR,2019,20759.4995
dcs:who/AIR_45.ENVCAUSE--ENVCAUSE113__SEX--F,dcid:country/LBR,2019,5637.74338
dcs:who/AIR_45.ENVCAUSE--ENVCAUSE068__SEX--M,dcid:country/LBR,2019,211.5446
dcs:who/AIR_45.ENVCAUSE--ENVCAUSE114__SEX--F,dcid:country/LBR,2019,3451.58522
dcs:who/AIR_45.ENVCAUSE--ENVCAUSE113__SEX--M,dcid:country/LBR,2019,4573.98369
dcs:who/AIR_45,dcid:country/LBR,2019,55237.90301
dcs:who/AIR_45.ENVCAUSE--ENVCAUSE118__SEX--F,dcid:country/LBR,2019,634.58315
dcs:who/AIR_45.ENVCAUSE--ENVCAUSE068__SEX--F,dcid:country/LBR,2019,95.68327
dcs:who/AIR_45.ENVCAUSE--ENVCAUSE039,dcid:country/LBR,2019,37456.29711
dcs:who/AIR_45.ENVCAUSE--ENVCAUSE039__SEX--F,dcid:country/LBR,2019,16696.79761
dcs:who/AIR_45.ENVCAUSE--ENVCAUSE118__SEX--M,dcid:country/LBR,2019,559.28703
dcs:who/AIR_45.ENVCAUSE--ENVCAUSE068,dcid:country/LBR,2019,307.22788
dcs:who/AIR_45.SEX--M,dcid:country/LBR,2019,28721.51038
dcs:who/AIR_45.ENVCAUSE--ENVCAUSE114,dcid:country/LBY,2019,9198.16695
dcs:who/AIR_45.ENVCAUSE--ENVCAUSE113__SEX--F,dcid:country/LBY,2019,16965.20899
dcs:who/AIR_45.ENVCAUSE--ENVCAUSE113__SEX--M,dcid:country/LBY,2019,20533.95843
dcs:who/AIR_45.SEX--M,dcid:country/LBY,2019,30889.73942
dcs:who/AIR_45.SEX--F,dcid:country/LBY,2019,25997.57342
dcs:who/AIR_45.ENVCAUSE--ENVCAUSE068,dcid:country/LBY,2019,2091.01637
dcs:who/AIR_45.ENVCAUSE--ENVCAUSE118__SEX--M,dcid:country/LBY,2019,1385.77727
dcs:who/AIR_45,dcid:country/LBY,2019,56887.31284
dcs:who/AIR_45.ENVCAUSE--ENVCAUSE068__SEX--F,dcid:country/LBY,2019,213.03017
dcs:who/AIR_45.ENVCAUSE--ENVCAUSE039__SEX--M,dcid:country/LBY,2019,3146.43311
dcs:who/AIR_45.ENVCAUSE--ENVCAUSE114__SEX--F,dcid:country/LBY,2019,5252.58254
dcs:who/AIR_45.ENVCAUSE--ENVCAUSE068__SEX--M,dcid:country/LBY,2019,1877.98619
dcs:who/AIR_45.ENVCAUSE--ENVCAUSE114__SEX--M,dcid:country/LBY,2019,3945.58441
dcs:who/AIR_45.ENVCAUSE--ENVCAUSE039,dcid:country/LBY,2019,5847.43022
dcs:who/AIR_45.ENVCAUSE--ENVCAUSE118__SEX--F,dcid:country/LBY,2019,865.75461
dcs:who/AIR_45.ENVCAUSE--ENVCAUSE113,dcid:country/LBY,2019,37499.16742
dcs:who/AIR_45.ENVCAUSE--ENVCAUSE118,dcid:country/LBY,2019,2251.53188
dcs:who/AIR_45.ENVCAUSE--ENVCAUSE039__SEX--F,dcid:country/LBY,2019,2700.9971
dcs:who/AIR_45.ENVCAUSE--ENVCAUSE113__SEX--M,dcid:country/LCA,2019,257.89906
dcs:who/AIR_45.ENVCAUSE--ENVCAUSE118__SEX--F,dcid:country/LCA,2019,14.62801
dcs:who/AIR_45.ENVCAUSE--ENVCAUSE114,dcid:country/LCA,2019,260.34066
dcs:who/AIR_45.SEX--M,dcid:country/LCA,2019,543.85633
dcs:who/AIR_45.ENVCAUSE--ENVCAUSE039,dcid:country/LCA,2019,126.22609
dcs:who/AIR_45.SEX--F,dcid:country/LCA,2019,321.11436
dcs:who/AIR_45.ENVCAUSE--ENVCAUSE068,dcid:country/LCA,2019,18.19607
dcs:who/AIR_45.ENVCAUSE--ENVCAUSE068__SEX--M,dcid:country/LCA,2019,16.31699
dcs:who/AIR_45.ENVCAUSE--ENVCAUSE114__SEX--F,dcid:country/LCA,2019,113.91707
dcs:who/AIR_45.ENVCAUSE--ENVCAUSE068__SEX--F,dcid:country/LCA,2019,1.87909
dcs:who/AIR_45.ENVCAUSE--ENVCAUSE114__SEX--M,dcid:country/LCA,2019,146.42358
dcs:who/AIR_45.ENVCAUSE--ENVCAUSE113,dcid:country/LCA,2019,397.73338
dcs:who/AIR_45.ENVCAUSE--ENVCAUSE039__SEX--F,dcid:country/LCA,2019,50.85586
dcs:who/AIR_45.ENVCAUSE--ENVCAUSE113__SEX--F,dcid:country/LCA,2019,139.83433
dcs:who/AIR_45.ENVCAUSE--ENVCAUSE118__SEX--M,dcid:country/LCA,2019,47.84648
dcs:who/AIR_45.ENVCAUSE--ENVCAUSE118,dcid:country/LCA,2019,62.47449
dcs:who/AIR_45.ENVCAUSE--ENVCAUSE039__SEX--M,dcid:country/LCA,2019,75.37023
dcs:who/AIR_45,dcid:country/LCA,2019,864.97069
dcs:who/AIR_45.ENVCAUSE--ENVCAUSE068__SEX--F,dcid:country/LKA,2019,1313.69202
dcs:who/AIR_45,dcid:country/LKA,2019,187177.4786
dcs:who/AIR_45.ENVCAUSE--ENVCAUSE039__SEX--M,dcid:country/LKA,2019,14296.41513
dcs:who/AIR_45.ENVCAUSE--ENVCAUSE114__SEX--M,dcid:country/LKA,2019,10326.53326
dcs:who/AIR_45.ENVCAUSE--ENVCAUSE039__SEX--F,dcid:country/LKA,2019,9828.11509
dcs:who/AIR_45.SEX--F,dcid:country/LKA,2019,72562.31911
dcs:who/AIR_45.ENVCAUSE--ENVCAUSE068__SEX--M,dcid:country/LKA,2019,3480.08161
dcs:who/AIR_45.ENVCAUSE--ENVCAUSE113__SEX--M,dcid:country/LKA,2019,71435.89353
dcs:who/AIR_45.ENVCAUSE--ENVCAUSE068,dcid:country/LKA,2019,4793.77363
dcs:who/AIR_45.ENVCAUSE--ENVCAUSE118__SEX--M,dcid:country/LKA,2019,15076.23592
dcs:who/AIR_45.ENVCAUSE--ENVCAUSE113__SEX--F,dcid:country/LKA,2019,44699.89189
dcs:who/AIR_45.SEX--M,dcid:country/LKA,2019,114615.1594
dcs:who/AIR_45.ENVCAUSE--ENVCAUSE114__SEX--F,dcid:country/LKA,2019,7962.73095
dcs:who/AIR_45.ENVCAUSE--ENVCAUSE118__SEX--F,dcid:country/LKA,2019,8757.88916
dcs:who/AIR_45.ENVCAUSE--ENVCAUSE118,dcid:country/LKA,2019,23834.12508
dcs:who/AIR_45.ENVCAUSE--ENVCAUSE039,dcid:country/LKA,2019,24124.53021
dcs:who/AIR_45.ENVCAUSE--ENVCAUSE114,dcid:country/LKA,2019,18289.26421
dcs:who/AIR_45.ENVCAUSE--ENVCAUSE113,dcid:country/LKA,2019,116135.7854
dcs:who/AIR_45.ENVCAUSE--ENVCAUSE113__SEX--F,dcid:country/LSO,2019,4859.60865
dcs:who/AIR_45,dcid:country/LSO,2019,47821.35774
dcs:who/AIR_45.SEX--M,dcid:country/LSO,2019,26224.89592
dcs:who/AIR_45.ENVCAUSE--ENVCAUSE118__SEX--F,dcid:country/LSO,2019,1410.6191
dcs:who/AIR_45.ENVCAUSE--ENVCAUSE068__SEX--F,dcid:country/LSO,2019,34.93467
dcs:who/AIR_45.ENVCAUSE--ENVCAUSE039__SEX--F,dcid:country/LSO,2019,10819.96891
dcs:who/AIR_45.ENVCAUSE--ENVCAUSE114__SEX--F,dcid:country/LSO,2019,4471.33048
dcs:who/AIR_45.ENVCAUSE--ENVCAUSE039,dcid:country/LSO,2019,24077.18191
dcs:who/AIR_45.SEX--F,dcid:country/LSO,2019,21596.46182
dcs:who/AIR_45.ENVCAUSE--ENVCAUSE118__SEX--M,dcid:country/LSO,2019,1895.85974
dcs:who/AIR_45.ENVCAUSE--ENVCAUSE068__SEX--M,dcid:country/LSO,2019,68.87422
dcs:who/AIR_45.ENVCAUSE--ENVCAUSE113__SEX--M,dcid:country/LSO,2019,6754.58559
dcs:who/AIR_45.ENVCAUSE--ENVCAUSE114__SEX--M,dcid:country/LSO,2019,4248.36337
dcs:who/AIR_45.ENVCAUSE--ENVCAUSE118,dcid:country/LSO,2019,3306.47884
dcs:who/AIR_45.ENVCAUSE--ENVCAUSE113,dcid:country/LSO,2019,11614.19425
dcs:who/AIR_45.ENVCAUSE--ENVCAUSE039__SEX--M,dcid:country/LSO,2019,13257.213
dcs:who/AIR_45.ENVCAUSE--ENVCAUSE114,dcid:country/LSO,2019,8719.69385
dcs:who/AIR_45.ENVCAUSE--ENVCAUSE068,dcid:country/LSO,2019,103.80889
dcs:who/AIR_45.ENVCAUSE--ENVCAUSE114__SEX--M,dcid:country/LTU,2019,2880.99365
dcs:who/AIR_45.SEX--M,dcid:country/LTU,2019,22278.44135
dcs:who/AIR_45.ENVCAUSE--ENVCAUSE068__SEX--M,dcid:country/LTU,2019,1034.13301
dcs:who/AIR_45.ENVCAUSE--ENVCAUSE039__SEX--M,dcid:country/LTU,2019,977.83387
dcs:who/AIR_45.ENVCAUSE--ENVCAUSE114,dcid:country/LTU,2019,6472.08441
dcs:who/AIR_45.ENVCAUSE--ENVCAUSE068,dcid:country/LTU,2019,1301.17951
dcs:who/AIR_45.ENVCAUSE--ENVCAUSE118,dcid:country/LTU,2019,684.20426
dcs:who/AIR_45.SEX--F,dcid:country/LTU,2019,20125.80587
dcs:who/AIR_45.ENVCAUSE--ENVCAUSE039__SEX--F,dcid:country/LTU,2019,519.04241
dcs:who/AIR_45.ENVCAUSE--ENVCAUSE113__SEX--F,dcid:country/LTU,2019,15582.19442
dcs:who/AIR_45.ENVCAUSE--ENVCAUSE113,dcid:country/LTU,2019,32449.90276
dcs:who/AIR_45,dcid:country/LTU,2019,42404.24722
dcs:who/AIR_45.ENVCAUSE--ENVCAUSE068__SEX--F,dcid:country/LTU,2019,267.04649
dcs:who/AIR_45.ENVCAUSE--ENVCAUSE118__SEX--F,dcid:country/LTU,2019,166.43179
dcs:who/AIR_45.ENVCAUSE--ENVCAUSE039,dcid:country/LTU,2019,1496.87629
dcs:who/AIR_45.ENVCAUSE--ENVCAUSE118__SEX--M,dcid:country/LTU,2019,517.77247
dcs:who/AIR_45.ENVCAUSE--ENVCAUSE114__SEX--F,dcid:country/LTU,2019,3591.09075
dcs:who/AIR_45.ENVCAUSE--ENVCAUSE113__SEX--M,dcid:country/LTU,2019,16867.70834
dcs:who/AIR_45.ENVCAUSE--ENVCAUSE118__SEX--F,dcid:country/LUX,2019,109.44584
dcs:who/AIR_45.ENVCAUSE--ENVCAUSE039__SEX--F,dcid:country/LUX,2019,56.91078
dcs:who/AIR_45.ENVCAUSE--ENVCAUSE068,dcid:country/LUX,2019,207.22099
dcs:who/AIR_45.ENVCAUSE--ENVCAUSE114,dcid:country/LUX,2019,257.71249
dcs:who/AIR_45.SEX--M,dcid:country/LUX,2019,1344.30421
dcs:who/AIR_45.ENVCAUSE--ENVCAUSE114__SEX--F,dcid:country/LUX,2019,125.65899
dcs:who/AIR_45.SEX--F,dcid:country/LUX,2019,875.63063
dcs:who/AIR_45.ENVCAUSE--ENVCAUSE113__SEX--M,dcid:country/LUX,2019,877.76113
dcs:who/AIR_45.ENVCAUSE--ENVCAUSE118__SEX--M,dcid:country/LUX,2019,132.38861
dcs:who/AIR_45.ENVCAUSE--ENVCAUSE039__SEX--M,dcid:country/LUX,2019,65.21511
dcs:who/AIR_45.ENVCAUSE--ENVCAUSE113,dcid:country/LUX,2019,1391.04102
dcs:who/AIR_45.ENVCAUSE--ENVCAUSE114__SEX--M,dcid:country/LUX,2019,132.0535
dcs:who/AIR_45,dcid:country/LUX,2019,2219.93484
dcs:who/AIR_45.ENVCAUSE--ENVCAUSE039,dcid:country/LUX,2019,122.12589
dcs:who/AIR_45.ENVCAUSE--ENVCAUSE068__SEX--M,dcid:country/LUX,2019,136.88585
dcs:who/AIR_45.ENVCAUSE--ENVCAUSE118,dcid:country/LUX,2019,241.83445
dcs:who/AIR_45.ENVCAUSE--ENVCAUSE068__SEX--F,dcid:country/LUX,2019,70.33514
dcs:who/AIR_45.ENVCAUSE--ENVCAUSE113__SEX--F,dcid:country/LUX,2019,513.27989
dcs:who/AIR_45.ENVCAUSE--ENVCAUSE118,dcid:country/LVA,2019,584.74231
dcs:who/AIR_45.SEX--M,dcid:country/LVA,2019,16425.54737
dcs:who/AIR_45,dcid:country/LVA,2019,30408.9807
dcs:who/AIR_45.SEX--F,dcid:country/LVA,2019,13983.43334
dcs:who/AIR_45.ENVCAUSE--ENVCAUSE118__SEX--F,dcid:country/LVA,2019,138.8113
dcs:who/AIR_45.ENVCAUSE--ENVCAUSE114,dcid:country/LVA,2019,7299.08861
dcs:who/AIR_45.ENVCAUSE--ENVCAUSE118__SEX--M,dcid:country/LVA,2019,445.93101
dcs:who/AIR_45.ENVCAUSE--ENVCAUSE113,dcid:country/LVA,2019,20095.73062
dcs:who/AIR_45.ENVCAUSE--ENVCAUSE068,dcid:country/LVA,2019,1109.45129
dcs:who/AIR_45.ENVCAUSE--ENVCAUSE114__SEX--F,dcid:country/LVA,2019,4160.55179
dcs:who/AIR_45.ENVCAUSE--ENVCAUSE113__SEX--M,dcid:country/LVA,2019,11081.99408
dcs:who/AIR_45.ENVCAUSE--ENVCAUSE039__SEX--M,dcid:country/LVA,2019,876.09039
dcs:who/AIR_45.ENVCAUSE--ENVCAUSE068__SEX--M,dcid:country/LVA,2019,882.99506
dcs:who/AIR_45.ENVCAUSE--ENVCAUSE039__SEX--F,dcid:country/LVA,2019,443.87748
dcs:who/AIR_45.ENVCAUSE--ENVCAUSE113__SEX--F,dcid:country/LVA,2019,9013.73654
dcs:who/AIR_45.ENVCAUSE--ENVCAUSE114__SEX--M,dcid:country/LVA,2019,3138.53682
dcs:who/AIR_45.ENVCAUSE--ENVCAUSE039,dcid:country/LVA,2019,1319.96788
dcs:who/AIR_45.ENVCAUSE--ENVCAUSE068__SEX--F,dcid:country/LVA,2019,226.45623
dcs:who/AIR_45.ENVCAUSE--ENVCAUSE068,dcid:country/MAR,2019,11868.78427
dcs:who/AIR_45.ENVCAUSE--ENVCAUSE113__SEX--M,dcid:country/MAR,2019,160387.6608
dcs:who/AIR_45.ENVCAUSE--ENVCAUSE114__SEX--F,dcid:country/MAR,2019,36697.46665
dcs:who/AIR_45.SEX--M,dcid:country/MAR,2019,226061.8512
dcs:who/AIR_45.ENVCAUSE--ENVCAUSE039__SEX--F,dcid:country/MAR,2019,16632.18093
dcs:who/AIR_45.ENVCAUSE--ENVCAUSE039__SEX--M,dcid:country/MAR,2019,18229.26108
dcs:who/AIR_45.ENVCAUSE--ENVCAUSE118__SEX--M,dcid:country/MAR,2019,7622.20922
dcs:who/AIR_45.SEX--F,dcid:country/MAR,2019,198472.9778
dcs:who/AIR_45,dcid:country/MAR,2019,424534.829
dcs:who/AIR_45.ENVCAUSE--ENVCAUSE118__SEX--F,dcid:country/MAR,2019,5040.65154
dcs:who/AIR_45.ENVCAUSE--ENVCAUSE114,dcid:country/MAR,2019,65789.76542
dcs:who/AIR_45.ENVCAUSE--ENVCAUSE113__SEX--F,dcid:country/MAR,2019,138964.3157
dcs:who/AIR_45.ENVCAUSE--ENVCAUSE068__SEX--M,dcid:country/MAR,2019,10730.42135
dcs:who/AIR_45.ENVCAUSE--ENVCAUSE068__SEX--F,dcid:country/MAR,2019,1138.36293
dcs:who/AIR_45.ENVCAUSE--ENVCAUSE114__SEX--M,dcid:country/MAR,2019,29092.29877
dcs:who/AIR_45.ENVCAUSE--ENVCAUSE113,dcid:country/MAR,2019,299351.9765
dcs:who/AIR_45.ENVCAUSE--ENVCAUSE039,dcid:country/MAR,2019,34861.44201
dcs:who/AIR_45.ENVCAUSE--ENVCAUSE118,dcid:country/MAR,2019,12662.86076
dcs:who/AIR_45.ENVCAUSE--ENVCAUSE114,dcid:country/MDA,2019,10961.07396
dcs:who/AIR_45.ENVCAUSE--ENVCAUSE113__SEX--M,dcid:country/MDA,2019,24599.615
dcs:who/AIR_45.ENVCAUSE--ENVCAUSE039__SEX--M,dcid:country/MDA,2019,3675.41276
dcs:who/AIR_45.ENVCAUSE--ENVCAUSE039__SEX--F,dcid:country/MDA,2019,1291.9311
dcs:who/AIR_45.ENVCAUSE--ENVCAUSE113,dcid:country/MDA,2019,44576.7903
dcs:who/AIR_45.ENVCAUSE--ENVCAUSE068,dcid:country/MDA,2019,1695.0154
dcs:who/AIR_45.ENVCAUSE--ENVCAUSE068__SEX--F,dcid:country/MDA,2019,284.75764
dcs:who/AIR_45.ENVCAUSE--ENVCAUSE114__SEX--M,dcid:country/MDA,2019,5564.82821
dcs:who/AIR_45.ENVCAUSE--ENVCAUSE039,dcid:country/MDA,2019,4967.34386
dcs:who/AIR_45,dcid:country/MDA,2019,63542.35187
dcs:who/AIR_45.ENVCAUSE--ENVCAUSE118,dcid:country/MDA,2019,1342.12836
dcs:who/AIR_45.ENVCAUSE--ENVCAUSE118__SEX--F,dcid:country/MDA,2019,402.48163
dcs:who/AIR_45.ENVCAUSE--ENVCAUSE068__SEX--M,dcid:country/MDA,2019,1410.25776
dcs:who/AIR_45.ENVCAUSE--ENVCAUSE113__SEX--F,dcid:country/MDA,2019,19977.17529
dcs:who/AIR_45.ENVCAUSE--ENVCAUSE114__SEX--F,dcid:country/MDA,2019,5396.24575
dcs:who/AIR_45.SEX--F,dcid:country/MDA,2019,27352.59141
dcs:who/AIR_45.SEX--M,dcid:country/MDA,2019,36189.76046
dcs:who/AIR_45.ENVCAUSE--ENVCAUSE118__SEX--M,dcid:country/MDA,2019,939.64673
dcs:who/AIR_45.ENVCAUSE--ENVCAUSE114,dcid:country/MDG,2019,51590.73441
dcs:who/AIR_45.ENVCAUSE--ENVCAUSE068,dcid:country/MDG,2019,337.24522
dcs:who/AIR_45.ENVCAUSE--ENVCAUSE118__SEX--M,dcid:country/MDG,2019,5903.81077
dcs:who/AIR_45.ENVCAUSE--ENVCAUSE039,dcid:country/MDG,2019,110995.108
dcs:who/AIR_45.SEX--M,dcid:country/MDG,2019,119171.6869
dcs:who/AIR_45.ENVCAUSE--ENVCAUSE039__SEX--F,dcid:country/MDG,2019,58485.34388
dcs:who/AIR_45.ENVCAUSE--ENVCAUSE113__SEX--M,dcid:country/MDG,2019,36423.38485
dcs:who/AIR_45.ENVCAUSE--ENVCAUSE113,dcid:country/MDG,2019,57298.1709
dcs:who/AIR_45.ENVCAUSE--ENVCAUSE068__SEX--M,dcid:country/MDG,2019,191.71217
dcs:who/AIR_45.ENVCAUSE--ENVCAUSE114__SEX--F,dcid:country/MDG,2019,27447.7194
dcs:who/AIR_45.ENVCAUSE--ENVCAUSE118__SEX--F,dcid:country/MDG,2019,3952.47396
dcs:who/AIR_45.ENVCAUSE--ENVCAUSE113__SEX--F,dcid:country/MDG,2019,20874.78605
dcs:who/AIR_45.ENVCAUSE--ENVCAUSE068__SEX--F,dcid:country/MDG,2019,145.53306
dcs:who/AIR_45.ENVCAUSE--ENVCAUSE118,dcid:country/MDG,2019,9856.28473
dcs:who/AIR_45.SEX--F,dcid:country/MDG,2019,110905.8563
dcs:who/AIR_45,dcid:country/MDG,2019,230077.5433
dcs:who/AIR_45.ENVCAUSE--ENVCAUSE039__SEX--M,dcid:country/MDG,2019,52509.7641
dcs:who/AIR_45.ENVCAUSE--ENVCAUSE114__SEX--M,dcid:country/MDG,2019,24143.01501
dcs:who/AIR_45.ENVCAUSE--ENVCAUSE114__SEX--M,dcid:country/MDV,2019,166.71455
dcs:who/AIR_45.ENVCAUSE--ENVCAUSE068__SEX--M,dcid:country/MDV,2019,41.39757
dcs:who/AIR_45.SEX--M,dcid:country/MDV,2019,961.61963
dcs:who/AIR_45.ENVCAUSE--ENVCAUSE113__SEX--M,dcid:country/MDV,2019,632.85459
dcs:who/AIR_45.ENVCAUSE--ENVCAUSE039__SEX--M,dcid:country/MDV,2019,56.91786
dcs:who/AIR_45.SEX--F,dcid:country/MDV,2019,499.37638
dcs:who/AIR_45.ENVCAUSE--ENVCAUSE118__SEX--M,dcid:country/MDV,2019,63.73507
dcs:who/AIR_45.ENVCAUSE--ENVCAUSE118__SEX--F,dcid:country/MDV,2019,74.05624
dcs:who/AIR_45.ENVCAUSE--ENVCAUSE039,dcid:country/MDV,2019,107.22619
dcs:who/AIR_45.ENVCAUSE--ENVCAUSE039__SEX--F,dcid:country/MDV,2019,50.30833
dcs:who/AIR_45.ENVCAUSE--ENVCAUSE113__SEX--F,dcid:country/MDV,2019,277.35775
dcs:who/AIR_45.ENVCAUSE--ENVCAUSE068,dcid:country/MDV,2019,52.5767
dcs:who/AIR_45.ENVCAUSE--ENVCAUSE114,dcid:country/MDV,2019,253.18948
dcs:who/AIR_45,dcid:country/MDV,2019,1460.99602
dcs:who/AIR_45.ENVCAUSE--ENVCAUSE114__SEX--F,dcid:country/MDV,2019,86.47493
dcs:who/AIR_45.ENVCAUSE--ENVCAUSE118,dcid:country/MDV,2019,137.79131
dcs:who/AIR_45.ENVCAUSE--ENVCAUSE113,dcid:country/MDV,2019,910.21234
dcs:who/AIR_45.ENVCAUSE--ENVCAUSE068__SEX--F,dcid:country/MDV,2019,11.17913
dcs:who/AIR_45.ENVCAUSE--ENVCAUSE039__SEX--M,dcid:country/MEX,2019,71753.45088
dcs:who/AIR_45.ENVCAUSE--ENVCAUSE068__SEX--M,dcid:country/MEX,2019,8197.35531
dcs:who/AIR_45.ENVCAUSE--ENVCAUSE118,dcid:country/MEX,2019,51811.98036
dcs:who/AIR_45.ENVCAUSE--ENVCAUSE039__SEX--F,dcid:country/MEX,2019,49358.30297
dcs:who/AIR_45.SEX--F,dcid:country/MEX,2019,280667.9472
dcs:who/AIR_45.ENVCAUSE--ENVCAUSE113,dcid:country/MEX,2019,421137.6414
dcs:who/AIR_45.ENVCAUSE--ENVCAUSE113__SEX--M,dcid:country/MEX,2019,261449.6425
dcs:who/AIR_45.ENVCAUSE--ENVCAUSE118__SEX--F,dcid:country/MEX,2019,23992.52818
dcs:who/AIR_45.ENVCAUSE--ENVCAUSE113__SEX--F,dcid:country/MEX,2019,159687.9989
dcs:who/AIR_45.ENVCAUSE--ENVCAUSE039,dcid:country/MEX,2019,121111.7538
dcs:who/AIR_45.ENVCAUSE--ENVCAUSE114__SEX--M,dcid:country/MEX,2019,47098.28508
dcs:who/AIR_45,dcid:country/MEX,2019,696986.1331
dcs:who/AIR_45.SEX--M,dcid:country/MEX,2019,416318.1859
dcs:who/AIR_45.ENVCAUSE--ENVCAUSE068,dcid:country/MEX,2019,13587.95351
dcs:who/AIR_45.ENVCAUSE--ENVCAUSE114,dcid:country/MEX,2019,89336.80396
dcs:who/AIR_45.ENVCAUSE--ENVCAUSE118__SEX--M,dcid:country/MEX,2019,27819.45219
dcs:who/AIR_45.ENVCAUSE--ENVCAUSE114__SEX--F,dcid:country/MEX,2019,42238.51888
dcs:who/AIR_45.ENVCAUSE--ENVCAUSE068__SEX--F,dcid:country/MEX,2019,5390.59821
dcs:who/AIR_45.ENVCAUSE--ENVCAUSE039,dcid:country/MKD,2019,878.42377
dcs:who/AIR_45.SEX--F,dcid:country/MKD,2019,15413.50896
dcs:who/AIR_45.ENVCAUSE--ENVCAUSE118__SEX--F,dcid:country/MKD,2019,802.81565
dcs:who/AIR_45.SEX--M,dcid:country/MKD,2019,22138.35391
dcs:who/AIR_45.ENVCAUSE--ENVCAUSE114__SEX--F,dcid:country/MKD,2019,6530.66628
dcs:who/AIR_45.ENVCAUSE--ENVCAUSE068__SEX--F,dcid:country/MKD,2019,575.0759
dcs:who/AIR_45.ENVCAUSE--ENVCAUSE114__SEX--M,dcid:country/MKD,2019,6459.17555
dcs:who/AIR_45.ENVCAUSE--ENVCAUSE039__SEX--F,dcid:country/MKD,2019,381.69848
dcs:who/AIR_45.ENVCAUSE--ENVCAUSE113__SEX--M,dcid:country/MKD,2019,11258.50494
dcs:who/AIR_45.ENVCAUSE--ENVCAUSE068,dcid:country/MKD,2019,3076.72756
dcs:who/AIR_45.ENVCAUSE--ENVCAUSE113,dcid:country/MKD,2019,18381.75759
dcs:who/AIR_45.ENVCAUSE--ENVCAUSE113__SEX--F,dcid:country/MKD,2019,7123.25264
dcs:who/AIR_45,dcid:country/MKD,2019,37551.86287
dcs:who/AIR_45.ENVCAUSE--ENVCAUSE039__SEX--M,dcid:country/MKD,2019,496.7253
dcs:who/AIR_45.ENVCAUSE--ENVCAUSE114,dcid:country/MKD,2019,12989.84183
dcs:who/AIR_45.ENVCAUSE--ENVCAUSE118,dcid:country/MKD,2019,2225.11211
dcs:who/AIR_45.ENVCAUSE--ENVCAUSE068__SEX--M,dcid:country/MKD,2019,2501.65166
dcs:who/AIR_45.ENVCAUSE--ENVCAUSE118__SEX--M,dcid:country/MKD,2019,1422.29646
dcs:who/AIR_45.ENVCAUSE--ENVCAUSE113__SEX--F,dcid:country/MLI,2019,18379.94657
dcs:who/AIR_45.SEX--M,dcid:country/MLI,2019,146756.0618
dcs:who/AIR_45,dcid:country/MLI,2019,284284.5887
dcs:who/AIR_45.ENVCAUSE--ENVCAUSE118,dcid:country/MLI,2019,9328.39775
dcs:who/AIR_45.ENVCAUSE--ENVCAUSE068,dcid:country/MLI,2019,1047.53857
dcs:who/AIR_45.ENVCAUSE--ENVCAUSE068__SEX--M,dcid:country/MLI,2019,704.47649
dcs:who/AIR_45.ENVCAUSE--ENVCAUSE068__SEX--F,dcid:country/MLI,2019,343.06208
dcs:who/AIR_45.ENVCAUSE--ENVCAUSE114__SEX--M,dcid:country/MLI,2019,9750.32778
dcs:who/AIR_45.ENVCAUSE--ENVCAUSE113,dcid:country/MLI,2019,31938.70632
dcs:who/AIR_45.ENVCAUSE--ENVCAUSE039__SEX--F,dcid:country/MLI,2019,100932.4708
dcs:who/AIR_45.ENVCAUSE--ENVCAUSE114,dcid:country/MLI,2019,23859.58801
dcs:who/AIR_45.ENVCAUSE--ENVCAUSE113__SEX--M,dcid:country/MLI,2019,13558.75975
dcs:who/AIR_45.ENVCAUSE--ENVCAUSE114__SEX--F,dcid:country/MLI,2019,14109.26024
dcs:who/AIR_45.ENVCAUSE--ENVCAUSE118__SEX--F,dcid:country/MLI,2019,3763.78714
dcs:who/AIR_45.ENVCAUSE--ENVCAUSE039,dcid:country/MLI,2019,218110.358
dcs:who/AIR_45.ENVCAUSE--ENVCAUSE039__SEX--M,dcid:country/MLI,2019,117177.8872
dcs:who/AIR_45.ENVCAUSE--ENVCAUSE118__SEX--M,dcid:country/MLI,2019,5564.61061
dcs:who/AIR_45.SEX--F,dcid:country/MLI,2019,137528.5269
dcs:who/AIR_45.ENVCAUSE--ENVCAUSE039__SEX--M,dcid:country/MLT,2019,148.47271
dcs:who/AIR_45.ENVCAUSE--ENVCAUSE114__SEX--M,dcid:country/MLT,2019,185.78947
dcs:who/AIR_45,dcid:country/MLT,2019,3278.71284
dcs:who/AIR_45.ENVCAUSE--ENVCAUSE068,dcid:country/MLT,2019,235.90278
dcs:who/AIR_45.ENVCAUSE--ENVCAUSE068__SEX--F,dcid:country/MLT,2019,62.56699
dcs:who/AIR_45.ENVCAUSE--ENVCAUSE114__SEX--F,dcid:country/MLT,2019,192.16881
dcs:who/AIR_45.ENVCAUSE--ENVCAUSE068__SEX--M,dcid:country/MLT,2019,173.33578
dcs:who/AIR_45.ENVCAUSE--ENVCAUSE118__SEX--M,dcid:country/MLT,2019,127.54827
dcs:who/AIR_45.SEX--M,dcid:country/MLT,2019,1891.77981
dcs:who/AIR_45.SEX--F,dcid:country/MLT,2019,1386.93303
dcs:who/AIR_45.ENVCAUSE--ENVCAUSE114,dcid:country/MLT,2019,377.95828
dcs:who/AIR_45.ENVCAUSE--ENVCAUSE113,dcid:country/MLT,2019,2187.9517
dcs:who/AIR_45.ENVCAUSE--ENVCAUSE039,dcid:country/MLT,2019,305.14686
dcs:who/AIR_45.ENVCAUSE--ENVCAUSE039__SEX--F,dcid:country/MLT,2019,156.67415
dcs:who/AIR_45.ENVCAUSE--ENVCAUSE113__SEX--M,dcid:country/MLT,2019,1256.63358
dcs:who/AIR_45.ENVCAUSE--ENVCAUSE113__SEX--F,dcid:country/MLT,2019,931.31812
dcs:who/AIR_45.ENVCAUSE--ENVCAUSE118__SEX--F,dcid:country/MLT,2019,44.20495
dcs:who/AIR_45.ENVCAUSE--ENVCAUSE118,dcid:country/MLT,2019,171.75321
dcs:who/AIR_45.ENVCAUSE--ENVCAUSE039__SEX--F,dcid:country/MMR,2019,62782.68037
dcs:who/AIR_45.SEX--M,dcid:country/MMR,2019,387302.4587
dcs:who/AIR_45.ENVCAUSE--ENVCAUSE039,dcid:country/MMR,2019,151242.878
dcs:who/AIR_45.ENVCAUSE--ENVCAUSE068__SEX--M,dcid:country/MMR,2019,13824.76019
dcs:who/AIR_45.ENVCAUSE--ENVCAUSE118,dcid:country/MMR,2019,85901.36462
dcs:who/AIR_45.ENVCAUSE--ENVCAUSE114,dcid:country/MMR,2019,243189.5817
dcs:who/AIR_45.ENVCAUSE--ENVCAUSE118__SEX--F,dcid:country/MMR,2019,31202.52676
dcs:who/AIR_45.ENVCAUSE--ENVCAUSE068,dcid:country/MMR,2019,24703.73466
dcs:who/AIR_45.ENVCAUSE--ENVCAUSE113__SEX--M,dcid:country/MMR,2019,105249.1801
dcs:who/AIR_45.ENVCAUSE--ENVCAUSE114__SEX--F,dcid:country/MMR,2019,118120.0987
dcs:who/AIR_45.ENVCAUSE--ENVCAUSE113__SEX--F,dcid:country/MMR,2019,76188.48875
dcs:who/AIR_45.SEX--F,dcid:country/MMR,2019,299172.7691
dcs:who/AIR_45.ENVCAUSE--ENVCAUSE039__SEX--M,dcid:country/MMR,2019,88460.19764
dcs:who/AIR_45.ENVCAUSE--ENVCAUSE113,dcid:country/MMR,2019,181437.6688
dcs:who/AIR_45.ENVCAUSE--ENVCAUSE118__SEX--M,dcid:country/MMR,2019,54698.83786
dcs:who/AIR_45,dcid:country/MMR,2019,686475.2278
dcs:who/AIR_45.ENVCAUSE--ENVCAUSE114__SEX--M,dcid:country/MMR,2019,125069.483
dcs:who/AIR_45.ENVCAUSE--ENVCAUSE068__SEX--F,dcid:country/MMR,2019,10878.97447
dcs:who/AIR_45.ENVCAUSE--ENVCAUSE114__SEX--F,dcid:country/MNE,2019,2320.6388
dcs:who/AIR_45.ENVCAUSE--ENVCAUSE118,dcid:country/MNE,2019,183.06409
dcs:who/AIR_45,dcid:country/MNE,2019,11930.47477
dcs:who/AIR_45.ENVCAUSE--ENVCAUSE039,dcid:country/MNE,2019,290.19212
dcs:who/AIR_45.ENVCAUSE--ENVCAUSE114__SEX--M,dcid:country/MNE,2019,2047.01694
dcs:who/AIR_45.ENVCAUSE--ENVCAUSE068__SEX--M,dcid:country/MNE,2019,610.00554
dcs:who/AIR_45.ENVCAUSE--ENVCAUSE114,dcid:country/MNE,2019,4367.65573
dcs:who/AIR_45.SEX--M,dcid:country/MNE,2019,7032.49447
dcs:who/AIR_45.ENVCAUSE--ENVCAUSE118__SEX--M,dcid:country/MNE,2019,128.76745
dcs:who/AIR_45.ENVCAUSE--ENVCAUSE113__SEX--M,dcid:country/MNE,2019,4065.10888
dcs:who/AIR_45.ENVCAUSE--ENVCAUSE113,dcid:country/MNE,2019,6298.49
dcs:who/AIR_45.ENVCAUSE--ENVCAUSE118__SEX--F,dcid:country/MNE,2019,54.29664
dcs:who/AIR_45.ENVCAUSE--ENVCAUSE039__SEX--M,dcid:country/MNE,2019,181.59566
dcs:who/AIR_45.ENVCAUSE--ENVCAUSE068__SEX--F,dcid:country/MNE,2019,181.06729
dcs:who/AIR_45.ENVCAUSE--ENVCAUSE068,dcid:country/MNE,2019,791.07282
dcs:who/AIR_45.ENVCAUSE--ENVCAUSE113__SEX--F,dcid:country/MNE,2019,2233.38112
dcs:who/AIR_45.ENVCAUSE--ENVCAUSE039__SEX--F,dcid:country/MNE,2019,108.59646
dcs:who/AIR_45.SEX--F,dcid:country/MNE,2019,4897.98031
dcs:who/AIR_45.ENVCAUSE--ENVCAUSE039__SEX--M,dcid:country/MNG,2019,3640.88835
dcs:who/AIR_45.ENVCAUSE--ENVCAUSE113__SEX--M,dcid:country/MNG,2019,20811.88795
dcs:who/AIR_45.ENVCAUSE--ENVCAUSE039__SEX--F,dcid:country/MNG,2019,2523.96421
dcs:who/AIR_45.ENVCAUSE--ENVCAUSE114__SEX--M,dcid:country/MNG,2019,12023.91841
dcs:who/AIR_45.SEX--F,dcid:country/MNG,2019,23185.74861
dcs:who/AIR_45.ENVCAUSE--ENVCAUSE068__SEX--M,dcid:country/MNG,2019,1487.20939
dcs:who/AIR_45.ENVCAUSE--ENVCAUSE114__SEX--F,dcid:country/MNG,2019,9345.073
dcs:who/AIR_45.ENVCAUSE--ENVCAUSE118__SEX--M,dcid:country/MNG,2019,968.36389
dcs:who/AIR_45.ENVCAUSE--ENVCAUSE068__SEX--F,dcid:country/MNG,2019,244.66998
dcs:who/AIR_45.SEX--M,dcid:country/MNG,2019,38932.26799
dcs:who/AIR_45.ENVCAUSE--ENVCAUSE113,dcid:country/MNG,2019,31282.95076
dcs:who/AIR_45.ENVCAUSE--ENVCAUSE113__SEX--F,dcid:country/MNG,2019,10471.06281
dcs:who/AIR_45.ENVCAUSE--ENVCAUSE118__SEX--F,dcid:country/MNG,2019,600.97862
dcs:who/AIR_45.ENVCAUSE--ENVCAUSE118,dcid:country/MNG,2019,1569.34251
dcs:who/AIR_45.ENVCAUSE--ENVCAUSE039,dcid:country/MNG,2019,6164.85256
dcs:who/AIR_45,dcid:country/MNG,2019,62118.01661
dcs:who/AIR_45.ENVCAUSE--ENVCAUSE068,dcid:country/MNG,2019,1731.87938
dcs:who/AIR_45.ENVCAUSE--ENVCAUSE114,dcid:country/MNG,2019,21368.99141
dcs:who/AIR_45.ENVCAUSE--ENVCAUSE068__SEX--M,dcid:country/MOZ,2019,285.05295
dcs:who/AIR_45,dcid:country/MOZ,2019,330475.2109
dcs:who/AIR_45.ENVCAUSE--ENVCAUSE118__SEX--M,dcid:country/MOZ,2019,5590.92952
dcs:who/AIR_45.SEX--M,dcid:country/MOZ,2019,192651.189
dcs:who/AIR_45.ENVCAUSE--ENVCAUSE118,dcid:country/MOZ,2019,7995.74352
dcs:who/AIR_45.ENVCAUSE--ENVCAUSE114__SEX--M,dcid:country/MOZ,2019,40248.17412
dcs:who/AIR_45.ENVCAUSE--ENVCAUSE118__SEX--F,dcid:country/MOZ,2019,2404.814
dcs:who/AIR_45.ENVCAUSE--ENVCAUSE039__SEX--M,dcid:country/MOZ,2019,107398.0652
dcs:who/AIR_45.ENVCAUSE--ENVCAUSE068,dcid:country/MOZ,2019,548.66776
dcs:who/AIR_45.ENVCAUSE--ENVCAUSE113,dcid:country/MOZ,2019,61861.45891
dcs:who/AIR_45.ENVCAUSE--ENVCAUSE039__SEX--F,dcid:country/MOZ,2019,84217.15276
dcs:who/AIR_45.ENVCAUSE--ENVCAUSE068__SEX--F,dcid:country/MOZ,2019,263.61481
dcs:who/AIR_45.ENVCAUSE--ENVCAUSE113__SEX--M,dcid:country/MOZ,2019,39128.96714
dcs:who/AIR_45.ENVCAUSE--ENVCAUSE039,dcid:country/MOZ,2019,191615.218
dcs:who/AIR_45.ENVCAUSE--ENVCAUSE114,dcid:country/MOZ,2019,68454.1227
dcs:who/AIR_45.ENVCAUSE--ENVCAUSE114__SEX--F,dcid:country/MOZ,2019,28205.94858
dcs:who/AIR_45.ENVCAUSE--ENVCAUSE113__SEX--F,dcid:country/MOZ,2019,22732.49177
dcs:who/AIR_45.SEX--F,dcid:country/MOZ,2019,137824.0219
dcs:who/AIR_45.ENVCAUSE--ENVCAUSE118,dcid:country/MRT,2019,1145.32247
dcs:who/AIR_45.ENVCAUSE--ENVCAUSE113,dcid:country/MRT,2019,8561.57369
dcs:who/AIR_45.ENVCAUSE--ENVCAUSE113__SEX--M,dcid:country/MRT,2019,3446.06492
dcs:who/AIR_45.SEX--F,dcid:country/MRT,2019,25002.85363
dcs:who/AIR_45.ENVCAUSE--ENVCAUSE118__SEX--M,dcid:country/MRT,2019,556.82727
dcs:who/AIR_45.SEX--M,dcid:country/MRT,2019,25196.11942
dcs:who/AIR_45,dcid:country/MRT,2019,50198.97305
dcs:who/AIR_45.ENVCAUSE--ENVCAUSE114__SEX--M,dcid:country/MRT,2019,1959.57639
dcs:who/AIR_45.ENVCAUSE--ENVCAUSE068__SEX--F,dcid:country/MRT,2019,93.83965
dcs:who/AIR_45.ENVCAUSE--ENVCAUSE113__SEX--F,dcid:country/MRT,2019,5115.50876
dcs:who/AIR_45.ENVCAUSE--ENVCAUSE118__SEX--F,dcid:country/MRT,2019,588.4952
dcs:who/AIR_45.ENVCAUSE--ENVCAUSE039,dcid:country/MRT,2019,35175.89102
dcs:who/AIR_45.ENVCAUSE--ENVCAUSE114__SEX--F,dcid:country/MRT,2019,3062.75499
dcs:who/AIR_45.ENVCAUSE--ENVCAUSE039__SEX--F,dcid:country/MRT,2019,16142.25502
dcs:who/AIR_45.ENVCAUSE--ENVCAUSE068__SEX--M,dcid:country/MRT,2019,200.01484
dcs:who/AIR_45.ENVCAUSE--ENVCAUSE039__SEX--M,dcid:country/MRT,2019,19033.63599
dcs:who/AIR_45.ENVCAUSE--ENVCAUSE114,dcid:country/MRT,2019,5022.33138
dcs:who/AIR_45.ENVCAUSE--ENVCAUSE068,dcid:country/MRT,2019,293.85449
dcs:who/AIR_45.SEX--M,dcid:country/MUS,2019,6089.5202
dcs:who/AIR_45.ENVCAUSE--ENVCAUSE114__SEX--M,dcid:country/MUS,2019,1075.16272
dcs:who/AIR_45.ENVCAUSE--ENVCAUSE068__SEX--M,dcid:country/MUS,2019,142.96527
dcs:who/AIR_45.ENVCAUSE--ENVCAUSE039__SEX--M,dcid:country/MUS,2019,499.11567
dcs:who/AIR_45.ENVCAUSE--ENVCAUSE113__SEX--F,dcid:country/MUS,2019,2187.56956
dcs:who/AIR_45.ENVCAUSE--ENVCAUSE113,dcid:country/MUS,2019,5999.54029
dcs:who/AIR_45,dcid:country/MUS,2019,9758.7296
dcs:who/AIR_45.SEX--F,dcid:country/MUS,2019,3669.2094
dcs:who/AIR_45.ENVCAUSE--ENVCAUSE068,dcid:country/MUS,2019,201.37445
dcs:who/AIR_45.ENVCAUSE--ENVCAUSE113__SEX--M,dcid:country/MUS,2019,3811.97072
dcs:who/AIR_45.ENVCAUSE--ENVCAUSE039__SEX--F,dcid:country/MUS,2019,336.02615
dcs:who/AIR_45.ENVCAUSE--ENVCAUSE114,dcid:country/MUS,2019,1805.32289
dcs:who/AIR_45.ENVCAUSE--ENVCAUSE118,dcid:country/MUS,2019,917.35014
dcs:who/AIR_45.ENVCAUSE--ENVCAUSE118__SEX--F,dcid:country/MUS,2019,357.04432
dcs:who/AIR_45.ENVCAUSE--ENVCAUSE039,dcid:country/MUS,2019,835.14182
dcs:who/AIR_45.ENVCAUSE--ENVCAUSE114__SEX--F,dcid:country/MUS,2019,730.16017
dcs:who/AIR_45.ENVCAUSE--ENVCAUSE118__SEX--M,dcid:country/MUS,2019,560.30582
dcs:who/AIR_45.ENVCAUSE--ENVCAUSE068__SEX--F,dcid:country/MUS,2019,58.40919
dcs:who/AIR_45.ENVCAUSE--ENVCAUSE118__SEX--F,dcid:country/MWI,2019,1079.40947
dcs:who/AIR_45.SEX--F,dcid:country/MWI,2019,38854.04498
dcs:who/AIR_45.ENVCAUSE--ENVCAUSE114__SEX--M,dcid:country/MWI,2019,9435.96352
dcs:who/AIR_45.ENVCAUSE--ENVCAUSE068,dcid:country/MWI,2019,299.67192
dcs:who/AIR_45.ENVCAUSE--ENVCAUSE039__SEX--F,dcid:country/MWI,2019,23737.51895
dcs:who/AIR_45.SEX--M,dcid:country/MWI,2019,62469.90394
dcs:who/AIR_45.ENVCAUSE--ENVCAUSE039,dcid:country/MWI,2019,59121.70007
dcs:who/AIR_45,dcid:country/MWI,2019,101323.9489
dcs:who/AIR_45.ENVCAUSE--ENVCAUSE039__SEX--M,dcid:country/MWI,2019,35384.18112
dcs:who/AIR_45.ENVCAUSE--ENVCAUSE113,dcid:country/MWI,2019,22608.24256
dcs:who/AIR_45.ENVCAUSE--ENVCAUSE113__SEX--F,dcid:country/MWI,2019,7535.74906
dcs:who/AIR_45.ENVCAUSE--ENVCAUSE118__SEX--M,dcid:country/MWI,2019,2381.28422
dcs:who/AIR_45.ENVCAUSE--ENVCAUSE114__SEX--F,dcid:country/MWI,2019,6397.67717
dcs:who/AIR_45.ENVCAUSE--ENVCAUSE068__SEX--M,dcid:country/MWI,2019,195.98158
dcs:who/AIR_45.ENVCAUSE--ENVCAUSE114,dcid:country/MWI,2019,15833.64069
dcs:who/AIR_45.ENVCAUSE--ENVCAUSE113__SEX--M,dcid:country/MWI,2019,15072.49351
dcs:who/AIR_45.ENVCAUSE--ENVCAUSE068__SEX--F,dcid:country/MWI,2019,103.69034
dcs:who/AIR_45.ENVCAUSE--ENVCAUSE118,dcid:country/MWI,2019,3460.69368
dcs:who/AIR_45.ENVCAUSE--ENVCAUSE118__SEX--M,dcid:country/MYS,2019,12004.21964
dcs:who/AIR_45.ENVCAUSE--ENVCAUSE068__SEX--F,dcid:country/MYS,2019,2727.72068
dcs:who/AIR_45.ENVCAUSE--ENVCAUSE113__SEX--F,dcid:country/MYS,2019,57531.26437
dcs:who/AIR_45.ENVCAUSE--ENVCAUSE039,dcid:country/MYS,2019,100659.0197
dcs:who/AIR_45.ENVCAUSE--ENVCAUSE039__SEX--M,dcid:country/MYS,2019,59734.8518
dcs:who/AIR_45.ENVCAUSE--ENVCAUSE118,dcid:country/MYS,2019,17393.85228
dcs:who/AIR_45.ENVCAUSE--ENVCAUSE118__SEX--F,dcid:country/MYS,2019,5389.63263
dcs:who/AIR_45.ENVCAUSE--ENVCAUSE068,dcid:country/MYS,2019,10603.09601
dcs:who/AIR_45.ENVCAUSE--ENVCAUSE113__SEX--M,dcid:country/MYS,2019,119279.1534
dcs:who/AIR_45.ENVCAUSE--ENVCAUSE113,dcid:country/MYS,2019,176810.4178
dcs:who/AIR_45.SEX--M,dcid:country/MYS,2019,233199.8999
dcs:who/AIR_45.SEX--F,dcid:country/MYS,2019,133802.327
dcs:who/AIR_45.ENVCAUSE--ENVCAUSE039__SEX--F,dcid:country/MYS,2019,40924.16787
dcs:who/AIR_45,dcid:country/MYS,2019,367002.2269
dcs:who/AIR_45.ENVCAUSE--ENVCAUSE114__SEX--M,dcid:country/MYS,2019,34306.2997
dcs:who/AIR_45.ENVCAUSE--ENVCAUSE114,dcid:country/MYS,2019,61535.84117
dcs:who/AIR_45.ENVCAUSE--ENVCAUSE114__SEX--F,dcid:country/MYS,2019,27229.54147
dcs:who/AIR_45.ENVCAUSE--ENVCAUSE068__SEX--M,dcid:country/MYS,2019,7875.37533
dcs:who/AIR_45.ENVCAUSE--ENVCAUSE113__SEX--F,dcid:country/NAM,2019,1728.61549
dcs:who/AIR_45.ENVCAUSE--ENVCAUSE114__SEX--F,dcid:country/NAM,2019,1238.2938
dcs:who/AIR_45.ENVCAUSE--ENVCAUSE114__SEX--M,dcid:country/NAM,2019,1342.45141
dcs:who/AIR_45.ENVCAUSE--ENVCAUSE113,dcid:country/NAM,2019,4609.46341
dcs:who/AIR_45.ENVCAUSE--ENVCAUSE118,dcid:country/NAM,2019,845.68008
dcs:who/AIR_45.ENVCAUSE--ENVCAUSE068__SEX--M,dcid:country/NAM,2019,53.7272
dcs:who/AIR_45.ENVCAUSE--ENVCAUSE113__SEX--M,dcid:country/NAM,2019,2880.84791
dcs:who/AIR_45.ENVCAUSE--ENVCAUSE114,dcid:country/NAM,2019,2580.74521
dcs:who/AIR_45.ENVCAUSE--ENVCAUSE118__SEX--F,dcid:country/NAM,2019,284.79896
dcs:who/AIR_45.ENVCAUSE--ENVCAUSE039__SEX--F,dcid:country/NAM,2019,2787.90277
dcs:who/AIR_45.SEX--F,dcid:country/NAM,2019,6079.45122
dcs:who/AIR_45.ENVCAUSE--ENVCAUSE039__SEX--M,dcid:country/NAM,2019,4256.20202
dcs:who/AIR_45,dcid:country/NAM,2019,15173.56088
dcs:who/AIR_45.ENVCAUSE--ENVCAUSE039,dcid:country/NAM,2019,7044.10479
dcs:who/AIR_45.ENVCAUSE--ENVCAUSE068__SEX--F,dcid:country/NAM,2019,39.84019
dcs:who/AIR_45.ENVCAUSE--ENVCAUSE068,dcid:country/NAM,2019,93.56739
dcs:who/AIR_45.SEX--M,dcid:country/NAM,2019,9094.10966
dcs:who/AIR_45.ENVCAUSE--ENVCAUSE118__SEX--M,dcid:country/NAM,2019,560.88112
dcs:who/AIR_45.ENVCAUSE--ENVCAUSE114__SEX--M,dcid:country/NER,2019,18941.50173
dcs:who/AIR_45.ENVCAUSE--ENVCAUSE068__SEX--F,dcid:country/NER,2019,38.13571
dcs:who/AIR_45.ENVCAUSE--ENVCAUSE039__SEX--F,dcid:country/NER,2019,137632.8199
dcs:who/AIR_45.ENVCAUSE--ENVCAUSE039__SEX--M,dcid:country/NER,2019,173219.7394
dcs:who/AIR_45.ENVCAUSE--ENVCAUSE114__SEX--F,dcid:country/NER,2019,19854.91962
dcs:who/AIR_45.ENVCAUSE--ENVCAUSE114,dcid:country/NER,2019,38796.42135
dcs:who/AIR_45.ENVCAUSE--ENVCAUSE118__SEX--F,dcid:country/NER,2019,4605.56764
dcs:who/AIR_45.ENVCAUSE--ENVCAUSE113,dcid:country/NER,2019,50774.40129
dcs:who/AIR_45.SEX--M,dcid:country/NER,2019,225915.1451
dcs:who/AIR_45.ENVCAUSE--ENVCAUSE113__SEX--M,dcid:country/NER,2019,27031.39465
dcs:who/AIR_45.ENVCAUSE--ENVCAUSE068__SEX--M,dcid:country/NER,2019,180.41318
dcs:who/AIR_45.ENVCAUSE--ENVCAUSE039,dcid:country/NER,2019,310852.5593
dcs:who/AIR_45.ENVCAUSE--ENVCAUSE113__SEX--F,dcid:country/NER,2019,23743.00663
dcs:who/AIR_45.ENVCAUSE--ENVCAUSE118__SEX--M,dcid:country/NER,2019,6542.09609
dcs:who/AIR_45,dcid:country/NER,2019,411789.5946
dcs:who/AIR_45.SEX--F,dcid:country/NER,2019,185874.4495
dcs:who/AIR_45.ENVCAUSE--ENVCAUSE068,dcid:country/NER,2019,218.5489
dcs:who/AIR_45.ENVCAUSE--ENVCAUSE118,dcid:country/NER,2019,11147.66373
dcs:who/AIR_45.ENVCAUSE--ENVCAUSE118,dcid:country/NGA,2019,67026.19789
dcs:who/AIR_45.SEX--M,dcid:country/NGA,2019,2554574.755
dcs:who/AIR_45.ENVCAUSE--ENVCAUSE068__SEX--F,dcid:country/NGA,2019,3286.80881
dcs:who/AIR_45.ENVCAUSE--ENVCAUSE039__SEX--F,dcid:country/NGA,2019,1707226.657
dcs:who/AIR_45.ENVCAUSE--ENVCAUSE068,dcid:country/NGA,2019,8867.63424
dcs:who/AIR_45.ENVCAUSE--ENVCAUSE118__SEX--F,dcid:country/NGA,2019,28463.68118
dcs:who/AIR_45.SEX--F,dcid:country/NGA,2019,2066850.577
dcs:who/AIR_45,dcid:country/NGA,2019,4621425.332
dcs:who/AIR_45.ENVCAUSE--ENVCAUSE039,dcid:country/NGA,2019,3890532.477
dcs:who/AIR_45.ENVCAUSE--ENVCAUSE068__SEX--M,dcid:country/NGA,2019,5580.82542
dcs:who/AIR_45.ENVCAUSE--ENVCAUSE118__SEX--M,dcid:country/NGA,2019,38562.5167
dcs:who/AIR_45.ENVCAUSE--ENVCAUSE114__SEX--F,dcid:country/NGA,2019,140357.4809
dcs:who/AIR_45.ENVCAUSE--ENVCAUSE114,dcid:country/NGA,2019,267237.7115
dcs:who/AIR_45.ENVCAUSE--ENVCAUSE039__SEX--M,dcid:country/NGA,2019,2183305.82
dcs:who/AIR_45.ENVCAUSE--ENVCAUSE113__SEX--F,dcid:country/NGA,2019,187515.9496
dcs:who/AIR_45.ENVCAUSE--ENVCAUSE113,dcid:country/NGA,2019,387761.3118
dcs:who/AIR_45.ENVCAUSE--ENVCAUSE113__SEX--M,dcid:country/NGA,2019,200245.3622
dcs:who/AIR_45.ENVCAUSE--ENVCAUSE114__SEX--M,dcid:country/NGA,2019,126880.2306
dcs:who/AIR_45.ENVCAUSE--ENVCAUSE118,dcid:country/NIC,2019,2466.11917
dcs:who/AIR_45.ENVCAUSE--ENVCAUSE113,dcid:country/NIC,2019,18600.91103
dcs:who/AIR_45.ENVCAUSE--ENVCAUSE039,dcid:country/NIC,2019,6708.67647
dcs:who/AIR_45.SEX--M,dcid:country/NIC,2019,17444.44419
dcs:who/AIR_45.ENVCAUSE--ENVCAUSE039__SEX--F,dcid:country/NIC,2019,2955.26856
dcs:who/AIR_45.ENVCAUSE--ENVCAUSE118__SEX--M,dcid:country/NIC,2019,1293.31597
dcs:who/AIR_45.ENVCAUSE--ENVCAUSE039__SEX--M,dcid:country/NIC,2019,3753.40791
dcs:who/AIR_45.ENVCAUSE--ENVCAUSE114__SEX--F,dcid:country/NIC,2019,2216.7909
dcs:who/AIR_45.ENVCAUSE--ENVCAUSE114,dcid:country/NIC,2019,4376.72623
dcs:who/AIR_45.ENVCAUSE--ENVCAUSE068,dcid:country/NIC,2019,448.31203
dcs:who/AIR_45.SEX--F,dcid:country/NIC,2019,15156.30073
dcs:who/AIR_45.ENVCAUSE--ENVCAUSE114__SEX--M,dcid:country/NIC,2019,2159.93533
dcs:who/AIR_45.ENVCAUSE--ENVCAUSE068__SEX--M,dcid:country/NIC,2019,257.13324
dcs:who/AIR_45,dcid:country/NIC,2019,32600.74492
dcs:who/AIR_45.ENVCAUSE--ENVCAUSE118__SEX--F,dcid:country/NIC,2019,1172.80319
dcs:who/AIR_45.ENVCAUSE--ENVCAUSE068__SEX--F,dcid:country/NIC,2019,191.17878
dcs:who/AIR_45.ENVCAUSE--ENVCAUSE113__SEX--F,dcid:country/NIC,2019,8620.25929
dcs:who/AIR_45.ENVCAUSE--ENVCAUSE113__SEX--M,dcid:country/NIC,2019,9980.65174
dcs:who/AIR_45,dcid:country/NLD,2019,80900.22719
dcs:who/AIR_45.ENVCAUSE--ENVCAUSE068__SEX--F,dcid:country/NLD,2019,4707.67805
dcs:who/AIR_45.SEX--F,dcid:country/NLD,2019,35646.56062
dcs:who/AIR_45.ENVCAUSE--ENVCAUSE068,dcid:country/NLD,2019,10741.3158
dcs:who/AIR_45.ENVCAUSE--ENVCAUSE118__SEX--M,dcid:country/NLD,2019,5967.30744
dcs:who/AIR_45.ENVCAUSE--ENVCAUSE114__SEX--F,dcid:country/NLD,2019,5972.84315
dcs:who/AIR_45.SEX--M,dcid:country/NLD,2019,45253.66658
dcs:who/AIR_45.ENVCAUSE--ENVCAUSE118__SEX--F,dcid:country/NLD,2019,6124.08826
dcs:who/AIR_45.ENVCAUSE--ENVCAUSE113__SEX--F,dcid:country/NLD,2019,15554.48129
dcs:who/AIR_45.ENVCAUSE--ENVCAUSE039__SEX--F,dcid:country/NLD,2019,3287.46986
dcs:who/AIR_45.ENVCAUSE--ENVCAUSE114__SEX--M,dcid:country/NLD,2019,5363.03301
dcs:who/AIR_45.ENVCAUSE--ENVCAUSE113__SEX--M,dcid:country/NLD,2019,24798.98291
dcs:who/AIR_45.ENVCAUSE--ENVCAUSE039__SEX--M,dcid:country/NLD,2019,3090.70547
dcs:who/AIR_45.ENVCAUSE--ENVCAUSE068__SEX--M,dcid:country/NLD,2019,6033.63775
dcs:who/AIR_45.ENVCAUSE--ENVCAUSE114,dcid:country/NLD,2019,11335.87616
dcs:who/AIR_45.ENVCAUSE--ENVCAUSE039,dcid:country/NLD,2019,6378.17533
dcs:who/AIR_45.ENVCAUSE--ENVCAUSE118,dcid:country/NLD,2019,12091.3957
dcs:who/AIR_45.ENVCAUSE--ENVCAUSE113,dcid:country/NLD,2019,40353.46421
dcs:who/AIR_45.ENVCAUSE--ENVCAUSE114,dcid:country/NOR,2019,1567.16367
dcs:who/AIR_45.ENVCAUSE--ENVCAUSE039__SEX--M,dcid:country/NOR,2019,486.92533
dcs:who/AIR_45.ENVCAUSE--ENVCAUSE039,dcid:country/NOR,2019,973.68926
dcs:who/AIR_45.SEX--M,dcid:country/NOR,2019,7453.2191
dcs:who/AIR_45.ENVCAUSE--ENVCAUSE118,dcid:country/NOR,2019,1697.41197
dcs:who/AIR_45.ENVCAUSE--ENVCAUSE039__SEX--F,dcid:country/NOR,2019,486.76392
dcs:who/AIR_45.ENVCAUSE--ENVCAUSE068__SEX--M,dcid:country/NOR,2019,479.4891
dcs:who/AIR_45.ENVCAUSE--ENVCAUSE113__SEX--F,dcid:country/NOR,2019,2941.60268
dcs:who/AIR_45.ENVCAUSE--ENVCAUSE068,dcid:country/NOR,2019,876.17049
dcs:who/AIR_45.ENVCAUSE--ENVCAUSE114__SEX--F,dcid:country/NOR,2019,816.50526
dcs:who/AIR_45.ENVCAUSE--ENVCAUSE118__SEX--M,dcid:country/NOR,2019,891.09447
dcs:who/AIR_45.ENVCAUSE--ENVCAUSE068__SEX--F,dcid:country/NOR,2019,396.68139
dcs:who/AIR_45.SEX--F,dcid:country/NOR,2019,5447.87076
dcs:who/AIR_45,dcid:country/NOR,2019,12901.08986
dcs:who/AIR_45.ENVCAUSE--ENVCAUSE113__SEX--M,dcid:country/NOR,2019,4845.05179
dcs:who/AIR_45.ENVCAUSE--ENVCAUSE118__SEX--F,dcid:country/NOR,2019,806.3175
dcs:who/AIR_45.ENVCAUSE--ENVCAUSE113,dcid:country/NOR,2019,7786.65447
dcs:who/AIR_45.ENVCAUSE--ENVCAUSE114__SEX--M,dcid:country/NOR,2019,750.65841
dcs:who/AIR_45.SEX--F,dcid:country/NPL,2019,146640.4512
dcs:who/AIR_45.ENVCAUSE--ENVCAUSE039__SEX--M,dcid:country/NPL,2019,31521.68809
dcs:who/AIR_45.ENVCAUSE--ENVCAUSE039__SEX--F,dcid:country/NPL,2019,31196.95466
dcs:who/AIR_45.ENVCAUSE--ENVCAUSE113,dcid:country/NPL,2019,109329.5389
dcs:who/AIR_45.ENVCAUSE--ENVCAUSE113__SEX--F,dcid:country/NPL,2019,38015.2104
dcs:who/AIR_45.ENVCAUSE--ENVCAUSE068,dcid:country/NPL,2019,12514.68888
dcs:who/AIR_45.ENVCAUSE--ENVCAUSE114__SEX--M,dcid:country/NPL,2019,26238.76111
dcs:who/AIR_45.ENVCAUSE--ENVCAUSE114,dcid:country/NPL,2019,47206.00813
dcs:who/AIR_45.ENVCAUSE--ENVCAUSE068__SEX--M,dcid:country/NPL,2019,5191.75122
dcs:who/AIR_45.ENVCAUSE--ENVCAUSE118,dcid:country/NPL,2019,98257.52609
dcs:who/AIR_45,dcid:country/NPL,2019,330026.4047
dcs:who/AIR_45.ENVCAUSE--ENVCAUSE068__SEX--F,dcid:country/NPL,2019,7322.93766
dcs:who/AIR_45.ENVCAUSE--ENVCAUSE118__SEX--F,dcid:country/NPL,2019,49138.10145
dcs:who/AIR_45.ENVCAUSE--ENVCAUSE114__SEX--F,dcid:country/NPL,2019,20967.24701
dcs:who/AIR_45.ENVCAUSE--ENVCAUSE039,dcid:country/NPL,2019,62718.64275
dcs:who/AIR_45.ENVCAUSE--ENVCAUSE113__SEX--M,dcid:country/NPL,2019,71314.32846
dcs:who/AIR_45.ENVCAUSE--ENVCAUSE118__SEX--M,dcid:country/NPL,2019,49119.42464
dcs:who/AIR_45.SEX--M,dcid:country/NPL,2019,183385.9535
dcs:who/AIR_45.ENVCAUSE--ENVCAUSE068__SEX--F,dcid:country/NZL,2019,631.02661
dcs:who/AIR_45.ENVCAUSE--ENVCAUSE068__SEX--M,dcid:country/NZL,2019,693.79599
dcs:who/AIR_45.SEX--F,dcid:country/NZL,2019,7238.45585
dcs:who/AIR_45.ENVCAUSE--ENVCAUSE114__SEX--M,dcid:country/NZL,2019,1065.4498
dcs:who/AIR_45.SEX--M,dcid:country/NZL,2019,10304.48958
dcs:who/AIR_45.ENVCAUSE--ENVCAUSE114__SEX--F,dcid:country/NZL,2019,1289.33618
dcs:who/AIR_45.ENVCAUSE--ENVCAUSE118__SEX--M,dcid:country/NZL,2019,946.95082
dcs:who/AIR_45.ENVCAUSE--ENVCAUSE113__SEX--M,dcid:country/NZL,2019,7130.38792
dcs:who/AIR_45.ENVCAUSE--ENVCAUSE039__SEX--M,dcid:country/NZL,2019,467.90506
dcs:who/AIR_45.ENVCAUSE--ENVCAUSE039,dcid:country/NZL,2019,977.67387
dcs:who/AIR_45.ENVCAUSE--ENVCAUSE118,dcid:country/NZL,2019,1890.78301
dcs:who/AIR_45.ENVCAUSE--ENVCAUSE118__SEX--F,dcid:country/NZL,2019,943.83219
dcs:who/AIR_45,dcid:country/NZL,2019,17542.94544
dcs:who/AIR_45.ENVCAUSE--ENVCAUSE113,dcid:country/NZL,2019,10994.87998
dcs:who/AIR_45.ENVCAUSE--ENVCAUSE113__SEX--F,dcid:country/NZL,2019,3864.49206
dcs:who/AIR_45.ENVCAUSE--ENVCAUSE068,dcid:country/NZL,2019,1324.82261
dcs:who/AIR_45.ENVCAUSE--ENVCAUSE114,dcid:country/NZL,2019,2354.78598
dcs:who/AIR_45.ENVCAUSE--ENVCAUSE039__SEX--F,dcid:country/NZL,2019,509.76881
dcs:who/AIR_45.ENVCAUSE--ENVCAUSE114,dcid:country/OMN,2019,5835.75141
dcs:who/AIR_45.ENVCAUSE--ENVCAUSE113,dcid:country/OMN,2019,28904.69251
dcs:who/AIR_45.ENVCAUSE--ENVCAUSE039__SEX--M,dcid:country/OMN,2019,3449.53194
dcs:who/AIR_45.ENVCAUSE--ENVCAUSE114__SEX--F,dcid:country/OMN,2019,2203.11272
dcs:who/AIR_45.ENVCAUSE--ENVCAUSE118__SEX--F,dcid:country/OMN,2019,397.88676
dcs:who/AIR_45.ENVCAUSE--ENVCAUSE068__SEX--M,dcid:country/OMN,2019,438.72831
dcs:who/AIR_45.ENVCAUSE--ENVCAUSE068__SEX--F,dcid:country/OMN,2019,73.31719
dcs:who/AIR_45.ENVCAUSE--ENVCAUSE114__SEX--M,dcid:country/OMN,2019,3632.63868
dcs:who/AIR_45.ENVCAUSE--ENVCAUSE118__SEX--M,dcid:country/OMN,2019,724.95184
dcs:who/AIR_45.ENVCAUSE--ENVCAUSE039__SEX--F,dcid:country/OMN,2019,2101.28013
dcs:who/AIR_45.SEX--F,dcid:country/OMN,2019,14427.3542
dcs:who/AIR_45,dcid:country/OMN,2019,41926.14008
dcs:who/AIR_45.ENVCAUSE--ENVCAUSE113__SEX--F,dcid:country/OMN,2019,9651.7574
dcs:who/AIR_45.ENVCAUSE--ENVCAUSE113__SEX--M,dcid:country/OMN,2019,19252.93511
dcs:who/AIR_45.ENVCAUSE--ENVCAUSE068,dcid:country/OMN,2019,512.04549
dcs:who/AIR_45.ENVCAUSE--ENVCAUSE039,dcid:country/OMN,2019,5550.81207
dcs:who/AIR_45.SEX--M,dcid:country/OMN,2019,27498.78588
dcs:who/AIR_45.ENVCAUSE--ENVCAUSE118,dcid:country/OMN,2019,1122.8386
dcs:who/AIR_45.ENVCAUSE--ENVCAUSE118__SEX--F,dcid:country/PAK,2019,112268.9545
dcs:who/AIR_45.ENVCAUSE--ENVCAUSE039__SEX--F,dcid:country/PAK,2019,619365.0476
dcs:who/AIR_45.ENVCAUSE--ENVCAUSE113,dcid:country/PAK,2019,1707816.595
dcs:who/AIR_45.SEX--M,dcid:country/PAK,2019,2620532.825
dcs:who/AIR_45.ENVCAUSE--ENVCAUSE068__SEX--F,dcid:country/PAK,2019,10173.28883
dcs:who/AIR_45.ENVCAUSE--ENVCAUSE039,dcid:country/PAK,2019,1508142.505
dcs:who/AIR_45.ENVCAUSE--ENVCAUSE068,dcid:country/PAK,2019,53698.99065
dcs:who/AIR_45.ENVCAUSE--ENVCAUSE113__SEX--F,dcid:country/PAK,2019,625039.2275
dcs:who/AIR_45.SEX--F,dcid:country/PAK,2019,1716620.191
dcs:who/AIR_45.ENVCAUSE--ENVCAUSE118,dcid:country/PAK,2019,399506.4635
dcs:who/AIR_45.ENVCAUSE--ENVCAUSE068__SEX--M,dcid:country/PAK,2019,43525.70182
dcs:who/AIR_45.ENVCAUSE--ENVCAUSE039__SEX--M,dcid:country/PAK,2019,888777.4578
dcs:who/AIR_45,dcid:country/PAK,2019,4337153.016
dcs:who/AIR_45.ENVCAUSE--ENVCAUSE114__SEX--F,dcid:country/PAK,2019,349773.6726
dcs:who/AIR_45.ENVCAUSE--ENVCAUSE114__SEX--M,dcid:country/PAK,2019,318214.789
dcs:who/AIR_45.ENVCAUSE--ENVCAUSE113__SEX--M,dcid:country/PAK,2019,1082777.367
dcs:who/AIR_45.ENVCAUSE--ENVCAUSE114,dcid:country/PAK,2019,667988.4616
dcs:who/AIR_45.ENVCAUSE--ENVCAUSE118__SEX--M,dcid:country/PAK,2019,287237.509
dcs:who/AIR_45.ENVCAUSE--ENVCAUSE068__SEX--M,dcid:country/PAN,2019,216.36771
dcs:who/AIR_45.ENVCAUSE--ENVCAUSE039__SEX--M,dcid:country/PAN,2019,1392.17005
dcs:who/AIR_45,dcid:country/PAN,2019,14095.32479
dcs:who/AIR_45.SEX--M,dcid:country/PAN,2019,8480.33147
dcs:who/AIR_45.ENVCAUSE--ENVCAUSE113__SEX--M,dcid:country/PAN,2019,4646.7644
dcs:who/AIR_45.ENVCAUSE--ENVCAUSE068,dcid:country/PAN,2019,343.90515
dcs:who/AIR_45.ENVCAUSE--ENVCAUSE113,dcid:country/PAN,2019,7398.60922
dcs:who/AIR_45.ENVCAUSE--ENVCAUSE039,dcid:country/PAN,2019,2456.36369
dcs:who/AIR_45.ENVCAUSE--ENVCAUSE113__SEX--F,dcid:country/PAN,2019,2751.84482
dcs:who/AIR_45.ENVCAUSE--ENVCAUSE114,dcid:country/PAN,2019,2937.79085
dcs:who/AIR_45.SEX--F,dcid:country/PAN,2019,5614.99332
dcs:who/AIR_45.ENVCAUSE--ENVCAUSE118__SEX--M,dcid:country/PAN,2019,537.24849
dcs:who/AIR_45.ENVCAUSE--ENVCAUSE114__SEX--F,dcid:country/PAN,2019,1250.01002
dcs:who/AIR_45.ENVCAUSE--ENVCAUSE068__SEX--F,dcid:country/PAN,2019,127.53744
dcs:who/AIR_45.ENVCAUSE--ENVCAUSE118,dcid:country/PAN,2019,958.65588
dcs:who/AIR_45.ENVCAUSE--ENVCAUSE039__SEX--F,dcid:country/PAN,2019,1064.19364
dcs:who/AIR_45.ENVCAUSE--ENVCAUSE114__SEX--M,dcid:country/PAN,2019,1687.78082
dcs:who/AIR_45.ENVCAUSE--ENVCAUSE118__SEX--F,dcid:country/PAN,2019,421.40739
dcs:who/AIR_45.ENVCAUSE--ENVCAUSE118,dcid:country/PER,2019,6246.7563
dcs:who/AIR_45.SEX--M,dcid:country/PER,2019,92914.23771
dcs:who/AIR_45.ENVCAUSE--ENVCAUSE114__SEX--F,dcid:country/PER,2019,11548.9702
dcs:who/AIR_45.ENVCAUSE--ENVCAUSE039,dcid:country/PER,2019,75159.30308
dcs:who/AIR_45.ENVCAUSE--ENVCAUSE039__SEX--F,dcid:country/PER,2019,35124.65182
dcs:who/AIR_45.ENVCAUSE--ENVCAUSE118__SEX--M,dcid:country/PER,2019,3342.07795
dcs:who/AIR_45.ENVCAUSE--ENVCAUSE113__SEX--F,dcid:country/PER,2019,22447.35314
dcs:who/AIR_45.ENVCAUSE--ENVCAUSE113,dcid:country/PER,2019,55536.67108
dcs:who/AIR_45.ENVCAUSE--ENVCAUSE039__SEX--M,dcid:country/PER,2019,40034.65126
dcs:who/AIR_45.ENVCAUSE--ENVCAUSE068,dcid:country/PER,2019,8674.8804
dcs:who/AIR_45.ENVCAUSE--ENVCAUSE113__SEX--M,dcid:country/PER,2019,33089.31794
dcs:who/AIR_45,dcid:country/PER,2019,169285.653
dcs:who/AIR_45.ENVCAUSE--ENVCAUSE114,dcid:country/PER,2019,23668.04211
dcs:who/AIR_45.ENVCAUSE--ENVCAUSE068__SEX--F,dcid:country/PER,2019,4345.76174
dcs:who/AIR_45.ENVCAUSE--ENVCAUSE114__SEX--M,dcid:country/PER,2019,12119.0719
dcs:who/AIR_45.ENVCAUSE--ENVCAUSE118__SEX--F,dcid:country/PER,2019,2904.67835
dcs:who/AIR_45.ENVCAUSE--ENVCAUSE068__SEX--M,dcid:country/PER,2019,4329.11865
dcs:who/AIR_45.SEX--F,dcid:country/PER,2019,76371.41526
dcs:who/AIR_45.ENVCAUSE--ENVCAUSE068,dcid:country/PHL,2019,26808.19549
dcs:who/AIR_45.ENVCAUSE--ENVCAUSE068__SEX--F,dcid:country/PHL,2019,8580.842
dcs:who/AIR_45.ENVCAUSE--ENVCAUSE113,dcid:country/PHL,2019,599983.0137
dcs:who/AIR_45.ENVCAUSE--ENVCAUSE118,dcid:country/PHL,2019,81545.38476
dcs:who/AIR_45.ENVCAUSE--ENVCAUSE068__SEX--M,dcid:country/PHL,2019,18227.35349
dcs:who/AIR_45.ENVCAUSE--ENVCAUSE118__SEX--F,dcid:country/PHL,2019,24098.3046
dcs:who/AIR_45.SEX--F,dcid:country/PHL,2019,537663.0753
dcs:who/AIR_45,dcid:country/PHL,2019,1367010.024
dcs:who/AIR_45.SEX--M,dcid:country/PHL,2019,829346.9489
dcs:who/AIR_45.ENVCAUSE--ENVCAUSE039,dcid:country/PHL,2019,419931.7314
dcs:who/AIR_45.ENVCAUSE--ENVCAUSE114__SEX--F,dcid:country/PHL,2019,95584.2133
dcs:who/AIR_45.ENVCAUSE--ENVCAUSE113__SEX--F,dcid:country/PHL,2019,224859.9024
dcs:who/AIR_45.ENVCAUSE--ENVCAUSE114__SEX--M,dcid:country/PHL,2019,143157.4856
dcs:who/AIR_45.ENVCAUSE--ENVCAUSE039__SEX--M,dcid:country/PHL,2019,235391.9184
dcs:who/AIR_45.ENVCAUSE--ENVCAUSE118__SEX--M,dcid:country/PHL,2019,57447.08016
dcs:who/AIR_45.ENVCAUSE--ENVCAUSE114,dcid:country/PHL,2019,238741.6989
dcs:who/AIR_45.ENVCAUSE--ENVCAUSE039__SEX--F,dcid:country/PHL,2019,184539.813
dcs:who/AIR_45.ENVCAUSE--ENVCAUSE113__SEX--M,dcid:country/PHL,2019,375123.1113
dcs:who/AIR_45,dcid:country/PNG,2019,53367.94267
dcs:who/AIR_45.ENVCAUSE--ENVCAUSE068__SEX--F,dcid:country/PNG,2019,203.17857
dcs:who/AIR_45.SEX--F,dcid:country/PNG,2019,19959.58141
dcs:who/AIR_45.ENVCAUSE--ENVCAUSE039,dcid:country/PNG,2019,10954.12185
dcs:who/AIR_45.ENVCAUSE--ENVCAUSE114__SEX--M,dcid:country/PNG,2019,5569.98343
dcs:who/AIR_45.ENVCAUSE--ENVCAUSE114,dcid:country/PNG,2019,9441.78861
dcs:who/AIR_45.ENVCAUSE--ENVCAUSE114__SEX--F,dcid:country/PNG,2019,3871.80519
dcs:who/AIR_45.ENVCAUSE--ENVCAUSE113__SEX--M,dcid:country/PNG,2019,17467.63549
dcs:who/AIR_45.SEX--M,dcid:country/PNG,2019,33408.36126
dcs:who/AIR_45.ENVCAUSE--ENVCAUSE039__SEX--M,dcid:country/PNG,2019,6705.66743
dcs:who/AIR_45.ENVCAUSE--ENVCAUSE113,dcid:country/PNG,2019,25721.03442
dcs:who/AIR_45.ENVCAUSE--ENVCAUSE068__SEX--M,dcid:country/PNG,2019,371.1783
dcs:who/AIR_45.ENVCAUSE--ENVCAUSE039__SEX--F,dcid:country/PNG,2019,4248.45442
dcs:who/AIR_45.ENVCAUSE--ENVCAUSE118__SEX--F,dcid:country/PNG,2019,3382.7443
dcs:who/AIR_45.ENVCAUSE--ENVCAUSE118__SEX--M,dcid:country/PNG,2019,3293.8966
dcs:who/AIR_45.ENVCAUSE--ENVCAUSE068,dcid:country/PNG,2019,574.35688
dcs:who/AIR_45.ENVCAUSE--ENVCAUSE113__SEX--F,dcid:country/PNG,2019,8253.39893
dcs:who/AIR_45.ENVCAUSE--ENVCAUSE118,dcid:country/PNG,2019,6676.64091
dcs:who/AIR_45.SEX--M,dcid:country/POL,2019,312917.7341
dcs:who/AIR_45.ENVCAUSE--ENVCAUSE118__SEX--M,dcid:country/POL,2019,18077.8661
dcs:who/AIR_45.ENVCAUSE--ENVCAUSE114__SEX--M,dcid:country/POL,2019,34902.70297
dcs:who/AIR_45.ENVCAUSE--ENVCAUSE113__SEX--M,dcid:country/POL,2019,191232.4957
dcs:who/AIR_45.ENVCAUSE--ENVCAUSE113__SEX--F,dcid:country/POL,2019,149538.8543
dcs:who/AIR_45.ENVCAUSE--ENVCAUSE039__SEX--F,dcid:country/POL,2019,22057.73246
dcs:who/AIR_45.ENVCAUSE--ENVCAUSE068__SEX--M,dcid:country/POL,2019,33773.91421
dcs:who/AIR_45.SEX--F,dcid:country/POL,2019,228627.7561
dcs:who/AIR_45.ENVCAUSE--ENVCAUSE039__SEX--M,dcid:country/POL,2019,34930.75505
dcs:who/AIR_45.ENVCAUSE--ENVCAUSE068__SEX--F,dcid:country/POL,2019,16617.23874
dcs:who/AIR_45.ENVCAUSE--ENVCAUSE114__SEX--F,dcid:country/POL,2019,29908.87243
dcs:who/AIR_45.ENVCAUSE--ENVCAUSE118__SEX--F,dcid:country/POL,2019,10505.05819
dcs:who/AIR_45,dcid:country/POL,2019,541545.4902
dcs:who/AIR_45.ENVCAUSE--ENVCAUSE118,dcid:country/POL,2019,28582.92429
dcs:who/AIR_45.ENVCAUSE--ENVCAUSE039,dcid:country/POL,2019,56988.48751
dcs:who/AIR_45.ENVCAUSE--ENVCAUSE114,dcid:country/POL,2019,64811.5754
dcs:who/AIR_45.ENVCAUSE--ENVCAUSE068,dcid:country/POL,2019,50391.15296
dcs:who/AIR_45.ENVCAUSE--ENVCAUSE113,dcid:country/POL,2019,340771.35
dcs:who/AIR_45.ENVCAUSE--ENVCAUSE114__SEX--F,dcid:country/PRK,2019,95478.51485
dcs:who/AIR_45.ENVCAUSE--ENVCAUSE118__SEX--M,dcid:country/PRK,2019,53282.54926
dcs:who/AIR_45.ENVCAUSE--ENVCAUSE114,dcid:country/PRK,2019,197778.656
dcs:who/AIR_45.ENVCAUSE--ENVCAUSE114__SEX--M,dcid:country/PRK,2019,102300.1411
dcs:who/AIR_45.SEX--F,dcid:country/PRK,2019,256502.5791
dcs:who/AIR_45.SEX--M,dcid:country/PRK,2019,301861.8626
dcs:who/AIR_45.ENVCAUSE--ENVCAUSE118__SEX--F,dcid:country/PRK,2019,45796.69248
dcs:who/AIR_45.ENVCAUSE--ENVCAUSE068,dcid:country/PRK,2019,46485.53608
dcs:who/AIR_45.ENVCAUSE--ENVCAUSE039,dcid:country/PRK,2019,46460.85655
dcs:who/AIR_45,dcid:country/PRK,2019,558364.4417
dcs:who/AIR_45.ENVCAUSE--ENVCAUSE113,dcid:country/PRK,2019,168560.1513
dcs:who/AIR_45.ENVCAUSE--ENVCAUSE068__SEX--M,dcid:country/PRK,2019,27051.68023
dcs:who/AIR_45.ENVCAUSE--ENVCAUSE118,dcid:country/PRK,2019,99079.24174
dcs:who/AIR_45.ENVCAUSE--ENVCAUSE068__SEX--F,dcid:country/PRK,2019,19433.85585
dcs:who/AIR_45.ENVCAUSE--ENVCAUSE113__SEX--M,dcid:country/PRK,2019,95155.7925
dcs:who/AIR_45.ENVCAUSE--ENVCAUSE039__SEX--M,dcid:country/PRK,2019,24071.69944
dcs:who/AIR_45.ENVCAUSE--ENVCAUSE039__SEX--F,dcid:country/PRK,2019,22389.15711
dcs:who/AIR_45.ENVCAUSE--ENVCAUSE113__SEX--F,dcid:country/PRK,2019,73404.3588
dcs:who/AIR_45.ENVCAUSE--ENVCAUSE118__SEX--M,dcid:country/PRT,2019,1715.97808
dcs:who/AIR_45.ENVCAUSE--ENVCAUSE039__SEX--M,dcid:country/PRT,2019,3002.77398
dcs:who/AIR_45.ENVCAUSE--ENVCAUSE113__SEX--F,dcid:country/PRT,2019,9049.56171
dcs:who/AIR_45.ENVCAUSE--ENVCAUSE114__SEX--M,dcid:country/PRT,2019,4722.09315
dcs:who/AIR_45.SEX--M,dcid:country/PRT,2019,24956.41485
dcs:who/AIR_45.ENVCAUSE--ENVCAUSE114,dcid:country/PRT,2019,9458.50529
dcs:who/AIR_45.ENVCAUSE--ENVCAUSE068,dcid:country/PRT,2019,2503.0118
dcs:who/AIR_45.ENVCAUSE--ENVCAUSE113,dcid:country/PRT,2019,22626.59594
dcs:who/AIR_45.ENVCAUSE--ENVCAUSE068__SEX--F,dcid:country/PRT,2019,564.47638
dcs:who/AIR_45.ENVCAUSE--ENVCAUSE068__SEX--M,dcid:country/PRT,2019,1938.53542
dcs:who/AIR_45,dcid:country/PRT,2019,42829.60994
dcs:who/AIR_45.SEX--F,dcid:country/PRT,2019,17873.19508
dcs:who/AIR_45.ENVCAUSE--ENVCAUSE039__SEX--F,dcid:country/PRT,2019,2479.96568
dcs:who/AIR_45.ENVCAUSE--ENVCAUSE114__SEX--F,dcid:country/PRT,2019,4736.41214
dcs:who/AIR_45.ENVCAUSE--ENVCAUSE113__SEX--M,dcid:country/PRT,2019,13577.03422
dcs:who/AIR_45.ENVCAUSE--ENVCAUSE039,dcid:country/PRT,2019,5482.73966
dcs:who/AIR_45.ENVCAUSE--ENVCAUSE118__SEX--F,dcid:country/PRT,2019,1042.77917
dcs:who/AIR_45.ENVCAUSE--ENVCAUSE118,dcid:country/PRT,2019,2758.75724
dcs:who/AIR_45.ENVCAUSE--ENVCAUSE114__SEX--M,dcid:country/PRY,2019,3209.25128
dcs:who/AIR_45.ENVCAUSE--ENVCAUSE113__SEX--M,dcid:country/PRY,2019,10081.57323
dcs:who/AIR_45.ENVCAUSE--ENVCAUSE118__SEX--M,dcid:country/PRY,2019,1360.12666
dcs:who/AIR_45.SEX--M,dcid:country/PRY,2019,18940.90786
dcs:who/AIR_45.ENVCAUSE--ENVCAUSE039__SEX--M,dcid:country/PRY,2019,3531.83364
dcs:who/AIR_45.ENVCAUSE--ENVCAUSE068__SEX--F,dcid:country/PRY,2019,178.58155
dcs:who/AIR_45.ENVCAUSE--ENVCAUSE068__SEX--M,dcid:country/PRY,2019,758.12306
dcs:who/AIR_45.SEX--F,dcid:country/PRY,2019,10968.16166
dcs:who/AIR_45.ENVCAUSE--ENVCAUSE114__SEX--F,dcid:country/PRY,2019,2479.4082
dcs:who/AIR_45.ENVCAUSE--ENVCAUSE113,dcid:country/PRY,2019,15364.04446
dcs:who/AIR_45.ENVCAUSE--ENVCAUSE039__SEX--F,dcid:country/PRY,2019,2572.9334
dcs:who/AIR_45.ENVCAUSE--ENVCAUSE068,dcid:country/PRY,2019,936.7046
dcs:who/AIR_45.ENVCAUSE--ENVCAUSE118,dcid:country/PRY,2019,1814.89394
dcs:who/AIR_45.ENVCAUSE--ENVCAUSE039,dcid:country/PRY,2019,6104.76703
dcs:who/AIR_45.ENVCAUSE--ENVCAUSE113__SEX--F,dcid:country/PRY,2019,5282.47123
dcs:who/AIR_45.ENVCAUSE--ENVCAUSE118__SEX--F,dcid:country/PRY,2019,454.76728
dcs:who/AIR_45,dcid:country/PRY,2019,29909.06952
dcs:who/AIR_45.ENVCAUSE--ENVCAUSE114,dcid:country/PRY,2019,5688.65949
dcs:who/AIR_45.ENVCAUSE--ENVCAUSE039,dcid:country/QAT,2019,1146.22831
dcs:who/AIR_45.ENVCAUSE--ENVCAUSE114,dcid:country/QAT,2019,1423.75412
dcs:who/AIR_45.ENVCAUSE--ENVCAUSE068__SEX--M,dcid:country/QAT,2019,362.80289
dcs:who/AIR_45.ENVCAUSE--ENVCAUSE114__SEX--F,dcid:country/QAT,2019,413.51598
dcs:who/AIR_45.ENVCAUSE--ENVCAUSE118__SEX--M,dcid:country/QAT,2019,256.78801
dcs:who/AIR_45.ENVCAUSE--ENVCAUSE039__SEX--F,dcid:country/QAT,2019,401.71342
dcs:who/AIR_45.ENVCAUSE--ENVCAUSE068,dcid:country/QAT,2019,424.02356
dcs:who/AIR_45.ENVCAUSE--ENVCAUSE039__SEX--M,dcid:country/QAT,2019,744.51489
dcs:who/AIR_45.ENVCAUSE--ENVCAUSE068__SEX--F,dcid:country/QAT,2019,61.22067
dcs:who/AIR_45.ENVCAUSE--ENVCAUSE113__SEX--M,dcid:country/QAT,2019,5604.75448
dcs:who/AIR_45.ENVCAUSE--ENVCAUSE118,dcid:country/QAT,2019,372.68999
dcs:who/AIR_45.SEX--F,dcid:country/QAT,2019,2702.48714
dcs:who/AIR_45.ENVCAUSE--ENVCAUSE114__SEX--M,dcid:country/QAT,2019,1010.23814
dcs:who/AIR_45.ENVCAUSE--ENVCAUSE113,dcid:country/QAT,2019,7314.88957
dcs:who/AIR_45,dcid:country/QAT,2019,10681.58554
dcs:who/AIR_45.SEX--M,dcid:country/QAT,2019,7979.0984
dcs:who/AIR_45.ENVCAUSE--ENVCAUSE113__SEX--F,dcid:country/QAT,2019,1710.13509
dcs:who/AIR_45.ENVCAUSE--ENVCAUSE118__SEX--F,dcid:country/QAT,2019,115.90198
dcs:who/AIR_45.ENVCAUSE--ENVCAUSE039__SEX--F,dcid:country/ROU,2019,10909.49265
dcs:who/AIR_45.ENVCAUSE--ENVCAUSE113__SEX--M,dcid:country/ROU,2019,112792.5509
dcs:who/AIR_45.ENVCAUSE--ENVCAUSE068__SEX--M,dcid:country/ROU,2019,11726.105
dcs:who/AIR_45.ENVCAUSE--ENVCAUSE068__SEX--F,dcid:country/ROU,2019,3512.40441
dcs:who/AIR_45.SEX--F,dcid:country/ROU,2019,141324.0338
dcs:who/AIR_45.ENVCAUSE--ENVCAUSE114__SEX--F,dcid:country/ROU,2019,37722.5168
dcs:who/AIR_45.ENVCAUSE--ENVCAUSE113,dcid:country/ROU,2019,198177.6701
dcs:who/AIR_45.ENVCAUSE--ENVCAUSE114__SEX--M,dcid:country/ROU,2019,37743.81398
dcs:who/AIR_45.ENVCAUSE--ENVCAUSE118__SEX--M,dcid:country/ROU,2019,9256.70911
dcs:who/AIR_45.ENVCAUSE--ENVCAUSE039,dcid:country/ROU,2019,30105.4167
dcs:who/AIR_45.ENVCAUSE--ENVCAUSE068,dcid:country/ROU,2019,15238.50941
dcs:who/AIR_45.SEX--M,dcid:country/ROU,2019,190715.103
dcs:who/AIR_45.ENVCAUSE--ENVCAUSE039__SEX--M,dcid:country/ROU,2019,19195.92404
dcs:who/AIR_45.ENVCAUSE--ENVCAUSE113__SEX--F,dcid:country/ROU,2019,85385.11919
dcs:who/AIR_45.ENVCAUSE--ENVCAUSE118,dcid:country/ROU,2019,13051.20987
dcs:who/AIR_45,dcid:country/ROU,2019,332039.1368
dcs:who/AIR_45.ENVCAUSE--ENVCAUSE118__SEX--F,dcid:country/ROU,2019,3794.50076
dcs:who/AIR_45.ENVCAUSE--ENVCAUSE114,dcid:country/ROU,2019,75466.33079
dcs:who/AIR_45.ENVCAUSE--ENVCAUSE068__SEX--M,dcid:country/RUS,2019,40092.83941
dcs:who/AIR_45.ENVCAUSE--ENVCAUSE113__SEX--M,dcid:country/RUS,2019,776542.9652
dcs:who/AIR_45.ENVCAUSE--ENVCAUSE118,dcid:country/RUS,2019,44792.25088
dcs:who/AIR_45.ENVCAUSE--ENVCAUSE039__SEX--F,dcid:country/RUS,2019,24153.12712
dcs:who/AIR_45.ENVCAUSE--ENVCAUSE113__SEX--F,dcid:country/RUS,2019,590884.3971
dcs:who/AIR_45.ENVCAUSE--ENVCAUSE068__SEX--F,dcid:country/RUS,2019,8106.02498
dcs:who/AIR_45.ENVCAUSE--ENVCAUSE118__SEX--F,dcid:country/RUS,2019,12591.84562
dcs:who/AIR_45.ENVCAUSE--ENVCAUSE114,dcid:country/RUS,2019,387652.1673
dcs:who/AIR_45.ENVCAUSE--ENVCAUSE113,dcid:country/RUS,2019,1367427.362
dcs:who/AIR_45.SEX--F,dcid:country/RUS,2019,837791.1103
dcs:who/AIR_45.ENVCAUSE--ENVCAUSE118__SEX--M,dcid:country/RUS,2019,32200.40526
dcs:who/AIR_45.ENVCAUSE--ENVCAUSE068,dcid:country/RUS,2019,48198.86439
dcs:who/AIR_45.ENVCAUSE--ENVCAUSE114__SEX--F,dcid:country/RUS,2019,202055.7155
dcs:who/AIR_45.ENVCAUSE--ENVCAUSE039__SEX--M,dcid:country/RUS,2019,63480.7784
dcs:who/AIR_45.ENVCAUSE--ENVCAUSE114__SEX--M,dcid:country/RUS,2019,185596.4518
dcs:who/AIR_45.ENVCAUSE--ENVCAUSE039,dcid:country/RUS,2019,87633.90553
dcs:who/AIR_45,dcid:country/RUS,2019,1935704.55
dcs:who/AIR_45.SEX--M,dcid:country/RUS,2019,1097913.44
dcs:who/AIR_45.ENVCAUSE--ENVCAUSE113__SEX--F,dcid:country/RWA,2019,8176.47026
dcs:who/AIR_45.ENVCAUSE--ENVCAUSE068,dcid:country/RWA,2019,912.02571
dcs:who/AIR_45.ENVCAUSE--ENVCAUSE118__SEX--F,dcid:country/RWA,2019,2491.17092
dcs:who/AIR_45.ENVCAUSE--ENVCAUSE118,dcid:country/RWA,2019,6415.61379
dcs:who/AIR_45.ENVCAUSE--ENVCAUSE039,dcid:country/RWA,2019,57840.1166
dcs:who/AIR_45.SEX--F,dcid:country/RWA,2019,46624.51296
dcs:who/AIR_45.ENVCAUSE--ENVCAUSE039__SEX--M,dcid:country/RWA,2019,32018.42134
dcs:who/AIR_45.ENVCAUSE--ENVCAUSE113__SEX--M,dcid:country/RWA,2019,11554.52316
dcs:who/AIR_45.ENVCAUSE--ENVCAUSE114__SEX--F,dcid:country/RWA,2019,9554.46562
dcs:who/AIR_45.ENVCAUSE--ENVCAUSE039__SEX--F,dcid:country/RWA,2019,25821.69527
dcs:who/AIR_45.SEX--M,dcid:country/RWA,2019,58067.49563
dcs:who/AIR_45.ENVCAUSE--ENVCAUSE114,dcid:country/RWA,2019,19793.25906
dcs:who/AIR_45,dcid:country/RWA,2019,104692.0086
dcs:who/AIR_45.ENVCAUSE--ENVCAUSE114__SEX--M,dcid:country/RWA,2019,10238.79344
dcs:who/AIR_45.ENVCAUSE--ENVCAUSE113,dcid:country/RWA,2019,19730.99342
dcs:who/AIR_45.ENVCAUSE--ENVCAUSE068__SEX--M,dcid:country/RWA,2019,331.31482
dcs:who/AIR_45.ENVCAUSE--ENVCAUSE118__SEX--M,dcid:country/RWA,2019,3924.44287
dcs:who/AIR_45.ENVCAUSE--ENVCAUSE068__SEX--F,dcid:country/RWA,2019,580.71089
dcs:who/AIR_45.ENVCAUSE--ENVCAUSE068,dcid:country/SAU,2019,4335.07263
dcs:who/AIR_45,dcid:country/SAU,2019,494580.1712
dcs:who/AIR_45.ENVCAUSE--ENVCAUSE118__SEX--M,dcid:country/SAU,2019,10885.12794
dcs:who/AIR_45.ENVCAUSE--ENVCAUSE068__SEX--F,dcid:country/SAU,2019,1050.28235
dcs:who/AIR_45.ENVCAUSE--ENVCAUSE113__SEX--F,dcid:country/SAU,2019,88898.66566
dcs:who/AIR_45.ENVCAUSE--ENVCAUSE114__SEX--M,dcid:country/SAU,2019,56559.25631
dcs:who/AIR_45.SEX--F,dcid:country/SAU,2019,160389.1603
dcs:who/AIR_45.ENVCAUSE--ENVCAUSE118,dcid:country/SAU,2019,16697.04522
dcs:who/AIR_45.ENVCAUSE--ENVCAUSE113,dcid:country/SAU,2019,312370.0799
dcs:who/AIR_45.ENVCAUSE--ENVCAUSE114__SEX--F,dcid:country/SAU,2019,36558.39267
dcs:who/AIR_45.ENVCAUSE--ENVCAUSE039,dcid:country/SAU,2019,68060.32452
dcs:who/AIR_45.ENVCAUSE--ENVCAUSE118__SEX--F,dcid:country/SAU,2019,5811.91728
dcs:who/AIR_45.ENVCAUSE--ENVCAUSE039__SEX--M,dcid:country/SAU,2019,39990.42214
dcs:who/AIR_45.ENVCAUSE--ENVCAUSE068__SEX--M,dcid:country/SAU,2019,3284.79028
dcs:who/AIR_45.ENVCAUSE--ENVCAUSE114,dcid:country/SAU,2019,93117.64898
dcs:who/AIR_45.ENVCAUSE--ENVCAUSE039__SEX--F,dcid:country/SAU,2019,28069.90238
dcs:who/AIR_45.SEX--M,dcid:country/SAU,2019,334191.0109
dcs:who/AIR_45.ENVCAUSE--ENVCAUSE113__SEX--M,dcid:country/SAU,2019,223471.4142
dcs:who/AIR_45.ENVCAUSE--ENVCAUSE113__SEX--M,dcid:country/SDN,2019,117063.1003
dcs:who/AIR_45.ENVCAUSE--ENVCAUSE114__SEX--F,dcid:country/SDN,2019,31392.03099
dcs:who/AIR_45.ENVCAUSE--ENVCAUSE068,dcid:country/SDN,2019,1593.27631
dcs:who/AIR_45.ENVCAUSE--ENVCAUSE039__SEX--M,dcid:country/SDN,2019,68708.58715
dcs:who/AIR_45.ENVCAUSE--ENVCAUSE039,dcid:country/SDN,2019,122153.0797
dcs:who/AIR_45.ENVCAUSE--ENVCAUSE114__SEX--M,dcid:country/SDN,2019,24977.73379
dcs:who/AIR_45.ENVCAUSE--ENVCAUSE118__SEX--F,dcid:country/SDN,2019,4391.0641
dcs:who/AIR_45.ENVCAUSE--ENVCAUSE113__SEX--F,dcid:country/SDN,2019,91707.51032
dcs:who/AIR_45.ENVCAUSE--ENVCAUSE113,dcid:country/SDN,2019,208770.6106
dcs:who/AIR_45.ENVCAUSE--ENVCAUSE118__SEX--M,dcid:country/SDN,2019,7879.92037
dcs:who/AIR_45.ENVCAUSE--ENVCAUSE114,dcid:country/SDN,2019,56369.76478
dcs:who/AIR_45.SEX--M,dcid:country/SDN,2019,219544.9743
dcs:who/AIR_45,dcid:country/SDN,2019,401157.7158
dcs:who/AIR_45.ENVCAUSE--ENVCAUSE068__SEX--F,dcid:country/SDN,2019,677.6436
dcs:who/AIR_45.ENVCAUSE--ENVCAUSE118,dcid:country/SDN,2019,12270.98447
dcs:who/AIR_45.SEX--F,dcid:country/SDN,2019,181612.7415
dcs:who/AIR_45.ENVCAUSE--ENVCAUSE068__SEX--M,dcid:country/SDN,2019,915.63271
dcs:who/AIR_45.ENVCAUSE--ENVCAUSE039__SEX--F,dcid:country/SDN,2019,53444.49252
dcs:who/AIR_45,dcid:country/SEN,2019,153867.6349
dcs:who/AIR_45.ENVCAUSE--ENVCAUSE114__SEX--M,dcid:country/SEN,2019,9561.74062
dcs:who/AIR_45.ENVCAUSE--ENVCAUSE039__SEX--F,dcid:country/SEN,2019,42079.39609
dcs:who/AIR_45.ENVCAUSE--ENVCAUSE068__SEX--F,dcid:country/SEN,2019,265.6385
dcs:who/AIR_45.ENVCAUSE--ENVCAUSE114__SEX--F,dcid:country/SEN,2019,11840.28563
dcs:who/AIR_45.ENVCAUSE--ENVCAUSE118__SEX--F,dcid:country/SEN,2019,2515.6973
dcs:who/AIR_45.ENVCAUSE--ENVCAUSE068,dcid:country/SEN,2019,821.41382
dcs:who/AIR_45.ENVCAUSE--ENVCAUSE113__SEX--M,dcid:country/SEN,2019,15825.0424
dcs:who/AIR_45.SEX--F,dcid:country/SEN,2019,74923.95869
dcs:who/AIR_45.SEX--M,dcid:country/SEN,2019,78943.67617
dcs:who/AIR_45.ENVCAUSE--ENVCAUSE118__SEX--M,dcid:country/SEN,2019,3274.55281
dcs:who/AIR_45.ENVCAUSE--ENVCAUSE039__SEX--M,dcid:country/SEN,2019,49726.56502
dcs:who/AIR_45.ENVCAUSE--ENVCAUSE068__SEX--M,dcid:country/SEN,2019,555.77532
dcs:who/AIR_45.ENVCAUSE--ENVCAUSE113__SEX--F,dcid:country/SEN,2019,18222.94117
dcs:who/AIR_45.ENVCAUSE--ENVCAUSE039,dcid:country/SEN,2019,91805.96112
dcs:who/AIR_45.ENVCAUSE--ENVCAUSE114,dcid:country/SEN,2019,21402.02624
dcs:who/AIR_45.ENVCAUSE--ENVCAUSE113,dcid:country/SEN,2019,34047.98357
dcs:who/AIR_45.ENVCAUSE--ENVCAUSE118,dcid:country/SEN,2019,5790.25011
dcs:who/AIR_45.ENVCAUSE--ENVCAUSE114__SEX--M,dcid:country/SGP,2019,1890.72668
dcs:who/AIR_45.SEX--M,dcid:country/SGP,2019,25224.77255
dcs:who/AIR_45.ENVCAUSE--ENVCAUSE039__SEX--F,dcid:country/SGP,2019,4187.88694
dcs:who/AIR_45.ENVCAUSE--ENVCAUSE039,dcid:country/SGP,2019,10401.94575
dcs:who/AIR_45,dcid:country/SGP,2019,36675.95844
dcs:who/AIR_45.ENVCAUSE--ENVCAUSE039__SEX--M,dcid:country/SGP,2019,6214.05881
dcs:who/AIR_45.SEX--F,dcid:country/SGP,2019,11451.18589
dcs:who/AIR_45.ENVCAUSE--ENVCAUSE118,dcid:country/SGP,2019,672.95864
dcs:who/AIR_45.ENVCAUSE--ENVCAUSE113,dcid:country/SGP,2019,20353.95454
dcs:who/AIR_45.ENVCAUSE--ENVCAUSE114__SEX--F,dcid:country/SGP,2019,1335.46695
dcs:who/AIR_45.ENVCAUSE--ENVCAUSE118__SEX--M,dcid:country/SGP,2019,578.07822
dcs:who/AIR_45.ENVCAUSE--ENVCAUSE068__SEX--F,dcid:country/SGP,2019,655.21412
dcs:who/AIR_45.ENVCAUSE--ENVCAUSE118__SEX--F,dcid:country/SGP,2019,94.88043
dcs:who/AIR_45.ENVCAUSE--ENVCAUSE068,dcid:country/SGP,2019,2020.90588
dcs:who/AIR_45.ENVCAUSE--ENVCAUSE113__SEX--M,dcid:country/SGP,2019,15176.21708
dcs:who/AIR_45.ENVCAUSE--ENVCAUSE068__SEX--M,dcid:country/SGP,2019,1365.69176
dcs:who/AIR_45.ENVCAUSE--ENVCAUSE114,dcid:country/SGP,2019,3226.19363
dcs:who/AIR_45.ENVCAUSE--ENVCAUSE113__SEX--F,dcid:country/SGP,2019,5177.73746
dcs:who/AIR_45.ENVCAUSE--ENVCAUSE068__SEX--F,dcid:country/SLB,2019,7.76228
dcs:who/AIR_45,dcid:country/SLB,2019,5572.77618
dcs:who/AIR_45.ENVCAUSE--ENVCAUSE118__SEX--F,dcid:country/SLB,2019,86.67707
dcs:who/AIR_45.ENVCAUSE--ENVCAUSE068,dcid:country/SLB,2019,27.24537
dcs:who/AIR_45.SEX--M,dcid:country/SLB,2019,3555.06427
dcs:who/AIR_45.SEX--F,dcid:country/SLB,2019,2017.71191
dcs:who/AIR_45.ENVCAUSE--ENVCAUSE039__SEX--F,dcid:country/SLB,2019,396.1308
dcs:who/AIR_45.ENVCAUSE--ENVCAUSE114,dcid:country/SLB,2019,1005.30653
dcs:who/AIR_45.ENVCAUSE--ENVCAUSE118__SEX--M,dcid:country/SLB,2019,166.36701
dcs:who/AIR_45.ENVCAUSE--ENVCAUSE114__SEX--F,dcid:country/SLB,2019,458.67155
dcs:who/AIR_45.ENVCAUSE--ENVCAUSE113__SEX--F,dcid:country/SLB,2019,1068.47021
dcs:who/AIR_45.ENVCAUSE--ENVCAUSE118,dcid:country/SLB,2019,253.04408
dcs:who/AIR_45.ENVCAUSE--ENVCAUSE113__SEX--M,dcid:country/SLB,2019,2213.50932
dcs:who/AIR_45.ENVCAUSE--ENVCAUSE068__SEX--M,dcid:country/SLB,2019,19.48309
dcs:who/AIR_45.ENVCAUSE--ENVCAUSE039,dcid:country/SLB,2019,1005.20067
dcs:who/AIR_45.ENVCAUSE--ENVCAUSE114__SEX--M,dcid:country/SLB,2019,546.63497
dcs:who/AIR_45.ENVCAUSE--ENVCAUSE113,dcid:country/SLB,2019,3281.97953
dcs:who/AIR_45.ENVCAUSE--ENVCAUSE039__SEX--M,dcid:country/SLB,2019,609.06987
dcs:who/AIR_45.SEX--M,dcid:country/SLE,2019,85057.69673
dcs:who/AIR_45.ENVCAUSE--ENVCAUSE114__SEX--M,dcid:country/SLE,2019,6974.8618
dcs:who/AIR_45.ENVCAUSE--ENVCAUSE113__SEX--M,dcid:country/SLE,2019,11246.63629
dcs:who/AIR_45.ENVCAUSE--ENVCAUSE068__SEX--M,dcid:country/SLE,2019,278.37368
dcs:who/AIR_45.ENVCAUSE--ENVCAUSE039__SEX--M,dcid:country/SLE,2019,64559.78762
dcs:who/AIR_45.ENVCAUSE--ENVCAUSE039,dcid:country/SLE,2019,118852.9015
dcs:who/AIR_45.ENVCAUSE--ENVCAUSE114,dcid:country/SLE,2019,16383.50351
dcs:who/AIR_45.ENVCAUSE--ENVCAUSE068,dcid:country/SLE,2019,413.88719
dcs:who/AIR_45.ENVCAUSE--ENVCAUSE113,dcid:country/SLE,2019,24550.3108
dcs:who/AIR_45,dcid:country/SLE,2019,163935.2404
dcs:who/AIR_45.SEX--F,dcid:country/SLE,2019,78877.54365
dcs:who/AIR_45.ENVCAUSE--ENVCAUSE113__SEX--F,dcid:country/SLE,2019,13303.67451
dcs:who/AIR_45.ENVCAUSE--ENVCAUSE118__SEX--F,dcid:country/SLE,2019,1736.60003
dcs:who/AIR_45.ENVCAUSE--ENVCAUSE118__SEX--M,dcid:country/SLE,2019,1998.03734
dcs:who/AIR_45.ENVCAUSE--ENVCAUSE039__SEX--F,dcid:country/SLE,2019,54293.11389
dcs:who/AIR_45.ENVCAUSE--ENVCAUSE068__SEX--F,dcid:country/SLE,2019,135.51351
dcs:who/AIR_45.ENVCAUSE--ENVCAUSE114__SEX--F,dcid:country/SLE,2019,9408.64171
dcs:who/AIR_45.ENVCAUSE--ENVCAUSE118,dcid:country/SLE,2019,3734.63737
dcs:who/AIR_45.ENVCAUSE--ENVCAUSE113__SEX--M,dcid:country/SLV,2019,11426.73984
dcs:who/AIR_45.SEX--M,dcid:country/SLV,2019,20756.86784
dcs:who/AIR_45.ENVCAUSE--ENVCAUSE039,dcid:country/SLV,2019,10129.59438
dcs:who/AIR_45.ENVCAUSE--ENVCAUSE039__SEX--F,dcid:country/SLV,2019,4315.00159
dcs:who/AIR_45.ENVCAUSE--ENVCAUSE118,dcid:country/SLV,2019,2724.28746
dcs:who/AIR_45.ENVCAUSE--ENVCAUSE068__SEX--F,dcid:country/SLV,2019,300.14432
dcs:who/AIR_45.ENVCAUSE--ENVCAUSE114__SEX--F,dcid:country/SLV,2019,1784.98841
dcs:who/AIR_45.SEX--F,dcid:country/SLV,2019,16703.49316
dcs:who/AIR_45.ENVCAUSE--ENVCAUSE068,dcid:country/SLV,2019,630.63679
dcs:who/AIR_45.ENVCAUSE--ENVCAUSE068__SEX--M,dcid:country/SLV,2019,330.49247
dcs:who/AIR_45.ENVCAUSE--ENVCAUSE118__SEX--M,dcid:country/SLV,2019,1394.85837
dcs:who/AIR_45.ENVCAUSE--ENVCAUSE039__SEX--M,dcid:country/SLV,2019,5814.59279
dcs:who/AIR_45.ENVCAUSE--ENVCAUSE113,dcid:country/SLV,2019,20400.66959
dcs:who/AIR_45.ENVCAUSE--ENVCAUSE118__SEX--F,dcid:country/SLV,2019,1329.42909
dcs:who/AIR_45.ENVCAUSE--ENVCAUSE114__SEX--M,dcid:country/SLV,2019,1790.18437
dcs:who/AIR_45,dcid:country/SLV,2019,37460.361
dcs:who/AIR_45.ENVCAUSE--ENVCAUSE114,dcid:country/SLV,2019,3575.17278
dcs:who/AIR_45.ENVCAUSE--ENVCAUSE113__SEX--F,dcid:country/SLV,2019,8973.92975
dcs:who/AIR_45,dcid:country/SOM,2019,216680.322
dcs:who/AIR_45.ENVCAUSE--ENVCAUSE068__SEX--M,dcid:country/SOM,2019,226.64723
dcs:who/AIR_45.ENVCAUSE--ENVCAUSE068,dcid:country/SOM,2019,440.43273
dcs:who/AIR_45.SEX--F,dcid:country/SOM,2019,88324.85669
dcs:who/AIR_45.ENVCAUSE--ENVCAUSE118,dcid:country/SOM,2019,5670.42509
dcs:who/AIR_45.ENVCAUSE--ENVCAUSE114__SEX--M,dcid:country/SOM,2019,13384.55357
dcs:who/AIR_45.ENVCAUSE--ENVCAUSE118__SEX--F,dcid:country/SOM,2019,1620.03349
dcs:who/AIR_45.ENVCAUSE--ENVCAUSE113,dcid:country/SOM,2019,33093.66158
dcs:who/AIR_45.ENVCAUSE--ENVCAUSE113__SEX--F,dcid:country/SOM,2019,10314.44872
dcs:who/AIR_45.ENVCAUSE--ENVCAUSE068__SEX--F,dcid:country/SOM,2019,213.7855
dcs:who/AIR_45.ENVCAUSE--ENVCAUSE118__SEX--M,dcid:country/SOM,2019,4050.3916
dcs:who/AIR_45.ENVCAUSE--ENVCAUSE039__SEX--F,dcid:country/SOM,2019,67456.63057
dcs:who/AIR_45.ENVCAUSE--ENVCAUSE039__SEX--M,dcid:country/SOM,2019,87914.66006
dcs:who/AIR_45.SEX--M,dcid:country/SOM,2019,128355.4653
dcs:who/AIR_45.ENVCAUSE--ENVCAUSE114,dcid:country/SOM,2019,22104.51197
dcs:who/AIR_45.ENVCAUSE--ENVCAUSE039,dcid:country/SOM,2019,155371.2906
dcs:who/AIR_45.ENVCAUSE--ENVCAUSE113__SEX--M,dcid:country/SOM,2019,22779.21285
dcs:who/AIR_45.ENVCAUSE--ENVCAUSE114__SEX--F,dcid:country/SOM,2019,8719.9584
dcs:who/AIR_45.SEX--F,dcid:country/SRB,2019,61035.65876
dcs:who/AIR_45.ENVCAUSE--ENVCAUSE114__SEX--M,dcid:country/SRB,2019,16750.09214
dcs:who/AIR_45.ENVCAUSE--ENVCAUSE068__SEX--F,dcid:country/SRB,2019,4709.97681
dcs:who/AIR_45.ENVCAUSE--ENVCAUSE068__SEX--M,dcid:country/SRB,2019,11516.12805
dcs:who/AIR_45.ENVCAUSE--ENVCAUSE113__SEX--M,dcid:country/SRB,2019,46762.65053
dcs:who/AIR_45.ENVCAUSE--ENVCAUSE039__SEX--M,dcid:country/SRB,2019,4365.85064
dcs:who/AIR_45.ENVCAUSE--ENVCAUSE118__SEX--M,dcid:country/SRB,2019,6267.84119
dcs:who/AIR_45.SEX--M,dcid:country/SRB,2019,85662.56255
dcs:who/AIR_45.ENVCAUSE--ENVCAUSE113,dcid:country/SRB,2019,79187.78515
dcs:who/AIR_45.ENVCAUSE--ENVCAUSE118,dcid:country/SRB,2019,9922.85273
dcs:who/AIR_45.ENVCAUSE--ENVCAUSE114__SEX--F,dcid:country/SRB,2019,17416.16854
dcs:who/AIR_45.ENVCAUSE--ENVCAUSE118__SEX--F,dcid:country/SRB,2019,3655.01154
dcs:who/AIR_45.ENVCAUSE--ENVCAUSE068,dcid:country/SRB,2019,16226.10486
dcs:who/AIR_45,dcid:country/SRB,2019,146698.2213
dcs:who/AIR_45.ENVCAUSE--ENVCAUSE039__SEX--F,dcid:country/SRB,2019,2829.36724
dcs:who/AIR_45.ENVCAUSE--ENVCAUSE113__SEX--F,dcid:country/SRB,2019,32425.13463
dcs:who/AIR_45.ENVCAUSE--ENVCAUSE114,dcid:country/SRB,2019,34166.26069
dcs:who/AIR_45.ENVCAUSE--ENVCAUSE039,dcid:country/SRB,2019,7195.21788
dcs:who/AIR_45.ENVCAUSE--ENVCAUSE113,dcid:country/SSD,2019,12584.68092
dcs:who/AIR_45.ENVCAUSE--ENVCAUSE113__SEX--F,dcid:country/SSD,2019,5093.17612
dcs:who/AIR_45.ENVCAUSE--ENVCAUSE068__SEX--M,dcid:country/SSD,2019,229.63184
dcs:who/AIR_45.ENVCAUSE--ENVCAUSE118,dcid:country/SSD,2019,2293.25982
dcs:who/AIR_45.SEX--F,dcid:country/SSD,2019,48862.55822
dcs:who/AIR_45.ENVCAUSE--ENVCAUSE039__SEX--F,dcid:country/SSD,2019,38303.03828
dcs:who/AIR_45,dcid:country/SSD,2019,111103.9775
dcs:who/AIR_45.ENVCAUSE--ENVCAUSE113__SEX--M,dcid:country/SSD,2019,7491.5048
dcs:who/AIR_45.ENVCAUSE--ENVCAUSE114,dcid:country/SSD,2019,9519.16861
dcs:who/AIR_45.ENVCAUSE--ENVCAUSE068,dcid:country/SSD,2019,399.84054
dcs:who/AIR_45.ENVCAUSE--ENVCAUSE118__SEX--M,dcid:country/SSD,2019,1639.09836
dcs:who/AIR_45.ENVCAUSE--ENVCAUSE114__SEX--F,dcid:country/SSD,2019,4641.97366
dcs:who/AIR_45.SEX--M,dcid:country/SSD,2019,62241.41926
dcs:who/AIR_45.ENVCAUSE--ENVCAUSE118__SEX--F,dcid:country/SSD,2019,654.16146
dcs:who/AIR_45.ENVCAUSE--ENVCAUSE039,dcid:country/SSD,2019,86307.02759
dcs:who/AIR_45.ENVCAUSE--ENVCAUSE039__SEX--M,dcid:country/SSD,2019,48003.98931
dcs:who/AIR_45.ENVCAUSE--ENVCAUSE068__SEX--F,dcid:country/SSD,2019,170.2087
dcs:who/AIR_45.ENVCAUSE--ENVCAUSE114__SEX--M,dcid:country/SSD,2019,4877.19495
dcs:who/AIR_45.ENVCAUSE--ENVCAUSE113__SEX--M,dcid:country/STP,2019,248.47864
dcs:who/AIR_45.ENVCAUSE--ENVCAUSE114,dcid:country/STP,2019,342.44216
dcs:who/AIR_45.ENVCAUSE--ENVCAUSE114__SEX--M,dcid:country/STP,2019,136.48469
dcs:who/AIR_45.ENVCAUSE--ENVCAUSE118,dcid:country/STP,2019,156.69042
dcs:who/AIR_45.ENVCAUSE--ENVCAUSE039__SEX--F,dcid:country/STP,2019,526.67835
dcs:who/AIR_45.ENVCAUSE--ENVCAUSE118__SEX--F,dcid:country/STP,2019,67.17847
dcs:who/AIR_45.ENVCAUSE--ENVCAUSE039__SEX--M,dcid:country/STP,2019,604.56446
dcs:who/AIR_45.ENVCAUSE--ENVCAUSE068__SEX--F,dcid:country/STP,2019,23.68651
dcs:who/AIR_45,dcid:country/STP,2019,2230.71062
dcs:who/AIR_45.ENVCAUSE--ENVCAUSE068,dcid:country/STP,2019,62.62037
dcs:who/AIR_45.ENVCAUSE--ENVCAUSE114__SEX--F,dcid:country/STP,2019,205.95746
dcs:who/AIR_45.SEX--M,dcid:country/STP,2019,1117.9736
dcs:who/AIR_45.SEX--F,dcid:country/STP,2019,1112.73703
dcs:who/AIR_45.ENVCAUSE--ENVCAUSE113,dcid:country/STP,2019,537.71487
dcs:who/AIR_45.ENVCAUSE--ENVCAUSE068__SEX--M,dcid:country/STP,2019,38.93386
dcs:who/AIR_45.ENVCAUSE--ENVCAUSE118__SEX--M,dcid:country/STP,2019,89.51195
dcs:who/AIR_45.ENVCAUSE--ENVCAUSE113__SEX--F,dcid:country/STP,2019,289.23623
dcs:who/AIR_45.ENVCAUSE--ENVCAUSE039,dcid:country/STP,2019,1131.24281
dcs:who/AIR_45.ENVCAUSE--ENVCAUSE068__SEX--M,dcid:country/SUR,2019,97.92283
dcs:who/AIR_45.ENVCAUSE--ENVCAUSE039__SEX--M,dcid:country/SUR,2019,289.32083
dcs:who/AIR_45.ENVCAUSE--ENVCAUSE068__SEX--F,dcid:country/SUR,2019,42.63457
dcs:who/AIR_45.SEX--M,dcid:country/SUR,2019,2681.2868
dcs:who/AIR_45.ENVCAUSE--ENVCAUSE114__SEX--M,dcid:country/SUR,2019,673.6873
dcs:who/AIR_45.ENVCAUSE--ENVCAUSE118__SEX--M,dcid:country/SUR,2019,95.81864
dcs:who/AIR_45.ENVCAUSE--ENVCAUSE113__SEX--M,dcid:country/SUR,2019,1524.53719
dcs:who/AIR_45.ENVCAUSE--ENVCAUSE113,dcid:country/SUR,2019,2396.44607
dcs:who/AIR_45,dcid:country/SUR,2019,4419.55178
dcs:who/AIR_45.ENVCAUSE--ENVCAUSE118__SEX--F,dcid:country/SUR,2019,63.387
dcs:who/AIR_45.ENVCAUSE--ENVCAUSE113__SEX--F,dcid:country/SUR,2019,871.90888
dcs:who/AIR_45.ENVCAUSE--ENVCAUSE114__SEX--F,dcid:country/SUR,2019,558.07127
dcs:who/AIR_45.ENVCAUSE--ENVCAUSE039,dcid:country/SUR,2019,491.58409
dcs:who/AIR_45.ENVCAUSE--ENVCAUSE118,dcid:country/SUR,2019,159.20564
dcs:who/AIR_45.SEX--F,dcid:country/SUR,2019,1738.26498
dcs:who/AIR_45.ENVCAUSE--ENVCAUSE039__SEX--F,dcid:country/SUR,2019,202.26327
dcs:who/AIR_45.ENVCAUSE--ENVCAUSE068,dcid:country/SUR,2019,140.5574
dcs:who/AIR_45.ENVCAUSE--ENVCAUSE114,dcid:country/SUR,2019,1231.75857
dcs:who/AIR_45.ENVCAUSE--ENVCAUSE114,dcid:country/SVK,2019,7354.8847
dcs:who/AIR_45.ENVCAUSE--ENVCAUSE118,dcid:country/SVK,2019,2381.42099
dcs:who/AIR_45.ENVCAUSE--ENVCAUSE039__SEX--F,dcid:country/SVK,2019,2204.76031
dcs:who/AIR_45.ENVCAUSE--ENVCAUSE113,dcid:country/SVK,2019,32508.99691
dcs:who/AIR_45.ENVCAUSE--ENVCAUSE039,dcid:country/SVK,2019,5768.73402
dcs:who/AIR_45.ENVCAUSE--ENVCAUSE068__SEX--F,dcid:country/SVK,2019,1002.96966
dcs:who/AIR_45.ENVCAUSE--ENVCAUSE068,dcid:country/SVK,2019,4227.84647
dcs:who/AIR_45.SEX--F,dcid:country/SVK,2019,20602.62697
dcs:who/AIR_45.ENVCAUSE--ENVCAUSE118__SEX--F,dcid:country/SVK,2019,735.36552
dcs:who/AIR_45.ENVCAUSE--ENVCAUSE114__SEX--M,dcid:country/SVK,2019,4127.21423
dcs:who/AIR_45.ENVCAUSE--ENVCAUSE113__SEX--F,dcid:country/SVK,2019,13431.86101
dcs:who/AIR_45.ENVCAUSE--ENVCAUSE039__SEX--M,dcid:country/SVK,2019,3563.97371
dcs:who/AIR_45.ENVCAUSE--ENVCAUSE118__SEX--M,dcid:country/SVK,2019,1646.05546
dcs:who/AIR_45,dcid:country/SVK,2019,52241.88309
dcs:who/AIR_45.SEX--M,dcid:country/SVK,2019,31639.25612
dcs:who/AIR_45.ENVCAUSE--ENVCAUSE114__SEX--F,dcid:country/SVK,2019,3227.67047
dcs:who/AIR_45.ENVCAUSE--ENVCAUSE113__SEX--M,dcid:country/SVK,2019,19077.1359
dcs:who/AIR_45.ENVCAUSE--ENVCAUSE068__SEX--M,dcid:country/SVK,2019,3224.87681
dcs:who/AIR_45.SEX--F,dcid:country/SVN,2019,6397.1437
dcs:who/AIR_45.ENVCAUSE--ENVCAUSE113__SEX--F,dcid:country/SVN,2019,3680.86383
dcs:who/AIR_45.ENVCAUSE--ENVCAUSE114__SEX--F,dcid:country/SVN,2019,1381.75187
dcs:who/AIR_45.ENVCAUSE--ENVCAUSE113,dcid:country/SVN,2019,8445.34532
dcs:who/AIR_45.ENVCAUSE--ENVCAUSE039__SEX--F,dcid:country/SVN,2019,371.57259
dcs:who/AIR_45.ENVCAUSE--ENVCAUSE118__SEX--F,dcid:country/SVN,2019,380.45928
dcs:who/AIR_45.ENVCAUSE--ENVCAUSE068,dcid:country/SVN,2019,1724.18764
dcs:who/AIR_45.ENVCAUSE--ENVCAUSE114__SEX--M,dcid:country/SVN,2019,1267.85474
dcs:who/AIR_45.ENVCAUSE--ENVCAUSE039,dcid:country/SVN,2019,610.22525
dcs:who/AIR_45.SEX--M,dcid:country/SVN,2019,7972.67003
dcs:who/AIR_45.ENVCAUSE--ENVCAUSE039__SEX--M,dcid:country/SVN,2019,238.65266
dcs:who/AIR_45.ENVCAUSE--ENVCAUSE068__SEX--F,dcid:country/SVN,2019,582.49613
dcs:who/AIR_45.ENVCAUSE--ENVCAUSE113__SEX--M,dcid:country/SVN,2019,4764.4815
dcs:who/AIR_45.ENVCAUSE--ENVCAUSE118,dcid:country/SVN,2019,940.4489
dcs:who/AIR_45.ENVCAUSE--ENVCAUSE068__SEX--M,dcid:country/SVN,2019,1141.69151
dcs:who/AIR_45.ENVCAUSE--ENVCAUSE114,dcid:country/SVN,2019,2649.60661
dcs:who/AIR_45,dcid:country/SVN,2019,14369.81373
dcs:who/AIR_45.ENVCAUSE--ENVCAUSE118__SEX--M,dcid:country/SVN,2019,559.98962
dcs:who/AIR_45.SEX--M,dcid:country/SWE,2019,16349.30185
dcs:who/AIR_45.ENVCAUSE--ENVCAUSE068__SEX--M,dcid:country/SWE,2019,554.68275
dcs:who/AIR_45.ENVCAUSE--ENVCAUSE113__SEX--F,dcid:country/SWE,2019,7895.98578
dcs:who/AIR_45,dcid:country/SWE,2019,28457.67992
dcs:who/AIR_45.SEX--F,dcid:country/SWE,2019,12108.37807
dcs:who/AIR_45.ENVCAUSE--ENVCAUSE118__SEX--M,dcid:country/SWE,2019,972.42927
dcs:who/AIR_45.ENVCAUSE--ENVCAUSE118__SEX--F,dcid:country/SWE,2019,1249.13205
dcs:who/AIR_45.ENVCAUSE--ENVCAUSE039,dcid:country/SWE,2019,1423.21924
dcs:who/AIR_45.ENVCAUSE--ENVCAUSE114__SEX--M,dcid:country/SWE,2019,1750.5012
dcs:who/AIR_45.ENVCAUSE--ENVCAUSE113__SEX--M,dcid:country/SWE,2019,12307.26201
dcs:who/AIR_45.ENVCAUSE--ENVCAUSE114,dcid:country/SWE,2019,3476.90275
dcs:who/AIR_45.ENVCAUSE--ENVCAUSE114__SEX--F,dcid:country/SWE,2019,1726.40155
dcs:who/AIR_45.ENVCAUSE--ENVCAUSE113,dcid:country/SWE,2019,20203.24779
dcs:who/AIR_45.ENVCAUSE--ENVCAUSE039__SEX--F,dcid:country/SWE,2019,658.79263
dcs:who/AIR_45.ENVCAUSE--ENVCAUSE068__SEX--F,dcid:country/SWE,2019,578.06606
dcs:who/AIR_45.ENVCAUSE--ENVCAUSE068,dcid:country/SWE,2019,1132.74881
dcs:who/AIR_45.ENVCAUSE--ENVCAUSE118,dcid:country/SWE,2019,2221.56132
dcs:who/AIR_45.ENVCAUSE--ENVCAUSE039__SEX--M,dcid:country/SWE,2019,764.42662
dcs:who/AIR_45.ENVCAUSE--ENVCAUSE114__SEX--F,dcid:country/SWZ,2019,802.88109
dcs:who/AIR_45.ENVCAUSE--ENVCAUSE114,dcid:country/SWZ,2019,2036.10726
dcs:who/AIR_45.ENVCAUSE--ENVCAUSE068,dcid:country/SWZ,2019,29.25783
dcs:who/AIR_45.ENVCAUSE--ENVCAUSE114__SEX--M,dcid:country/SWZ,2019,1233.22617
dcs:who/AIR_45.ENVCAUSE--ENVCAUSE068__SEX--F,dcid:country/SWZ,2019,14.222
dcs:who/AIR_45.ENVCAUSE--ENVCAUSE113,dcid:country/SWZ,2019,3616.52371
dcs:who/AIR_45.ENVCAUSE--ENVCAUSE118__SEX--F,dcid:country/SWZ,2019,159.31232
dcs:who/AIR_45.SEX--F,dcid:country/SWZ,2019,4315.52887
dcs:who/AIR_45.SEX--M,dcid:country/SWZ,2019,8513.38336
dcs:who/AIR_45.ENVCAUSE--ENVCAUSE068__SEX--M,dcid:country/SWZ,2019,15.03583
dcs:who/AIR_45.ENVCAUSE--ENVCAUSE039,dcid:country/SWZ,2019,6476.94209
dcs:who/AIR_45.ENVCAUSE--ENVCAUSE118,dcid:country/SWZ,2019,670.08134
dcs:who/AIR_45.ENVCAUSE--ENVCAUSE039__SEX--M,dcid:country/SWZ,2019,4229.49794
dcs:who/AIR_45.ENVCAUSE--ENVCAUSE113__SEX--F,dcid:country/SWZ,2019,1091.6693
dcs:who/AIR_45.ENVCAUSE--ENVCAUSE039__SEX--F,dcid:country/SWZ,2019,2247.44416
dcs:who/AIR_45,dcid:country/SWZ,2019,12828.91222
dcs:who/AIR_45.ENVCAUSE--ENVCAUSE118__SEX--M,dcid:country/SWZ,2019,510.76902
dcs:who/AIR_45.ENVCAUSE--ENVCAUSE113__SEX--M,dcid:country/SWZ,2019,2524.8544
dcs:who/AIR_45.ENVCAUSE--ENVCAUSE039__SEX--F,dcid:country/SYC,2019,102.96742
dcs:who/AIR_45.ENVCAUSE--ENVCAUSE118__SEX--F,dcid:country/SYC,2019,16.07704
dcs:who/AIR_45.ENVCAUSE--ENVCAUSE113,dcid:country/SYC,2019,437.86146
dcs:who/AIR_45.ENVCAUSE--ENVCAUSE068,dcid:country/SYC,2019,35.16294
dcs:who/AIR_45.ENVCAUSE--ENVCAUSE113__SEX--M,dcid:country/SYC,2019,288.69189
dcs:who/AIR_45.SEX--F,dcid:country/SYC,2019,337.98356
dcs:who/AIR_45.ENVCAUSE--ENVCAUSE114__SEX--F,dcid:country/SYC,2019,61.38848
dcs:who/AIR_45.ENVCAUSE--ENVCAUSE114,dcid:country/SYC,2019,165.5576
dcs:who/AIR_45,dcid:country/SYC,2019,964.32906
dcs:who/AIR_45.ENVCAUSE--ENVCAUSE114__SEX--M,dcid:country/SYC,2019,104.16912
dcs:who/AIR_45.SEX--M,dcid:country/SYC,2019,626.3455
dcs:who/AIR_45.ENVCAUSE--ENVCAUSE068__SEX--F,dcid:country/SYC,2019,8.38105
dcs:who/AIR_45.ENVCAUSE--ENVCAUSE039__SEX--M,dcid:country/SYC,2019,174.0868
dcs:who/AIR_45.ENVCAUSE--ENVCAUSE118__SEX--M,dcid:country/SYC,2019,32.6158
dcs:who/AIR_45.ENVCAUSE--ENVCAUSE039,dcid:country/SYC,2019,277.05423
dcs:who/AIR_45.ENVCAUSE--ENVCAUSE113__SEX--F,dcid:country/SYC,2019,149.16957
dcs:who/AIR_45.ENVCAUSE--ENVCAUSE118,dcid:country/SYC,2019,48.69283
dcs:who/AIR_45.ENVCAUSE--ENVCAUSE068__SEX--M,dcid:country/SYC,2019,26.7819
dcs:who/AIR_45.SEX--M,dcid:country/SYR,2019,111685.6345
dcs:who/AIR_45.ENVCAUSE--ENVCAUSE039__SEX--M,dcid:country/SYR,2019,15773.47926
dcs:who/AIR_45.ENVCAUSE--ENVCAUSE068__SEX--M,dcid:country/SYR,2019,4373.61858
dcs:who/AIR_45.ENVCAUSE--ENVCAUSE114__SEX--M,dcid:country/SYR,2019,11953.93799
dcs:who/AIR_45.ENVCAUSE--ENVCAUSE113__SEX--M,dcid:country/SYR,2019,76691.17375
dcs:who/AIR_45,dcid:country/SYR,2019,193680.7674
dcs:who/AIR_45.SEX--F,dcid:country/SYR,2019,81995.13284
dcs:who/AIR_45.ENVCAUSE--ENVCAUSE118,dcid:country/SYR,2019,4847.20873
dcs:who/AIR_45.ENVCAUSE--ENVCAUSE113__SEX--F,dcid:country/SYR,2019,54611.14562
dcs:who/AIR_45.ENVCAUSE--ENVCAUSE068,dcid:country/SYR,2019,6053.92874
dcs:who/AIR_45.ENVCAUSE--ENVCAUSE039__SEX--F,dcid:country/SYR,2019,12720.28066
dcs:who/AIR_45.ENVCAUSE--ENVCAUSE114,dcid:country/SYR,2019,22983.55058
dcs:who/AIR_45.ENVCAUSE--ENVCAUSE068__SEX--F,dcid:country/SYR,2019,1680.31016
dcs:who/AIR_45.ENVCAUSE--ENVCAUSE039,dcid:country/SYR,2019,28493.75992
dcs:who/AIR_45.ENVCAUSE--ENVCAUSE113,dcid:country/SYR,2019,131302.3194
dcs:who/AIR_45.ENVCAUSE--ENVCAUSE118__SEX--F,dcid:country/SYR,2019,1953.7838
dcs:who/AIR_45.ENVCAUSE--ENVCAUSE118__SEX--M,dcid:country/SYR,2019,2893.42493
dcs:who/AIR_45.ENVCAUSE--ENVCAUSE114__SEX--F,dcid:country/SYR,2019,11029.61259
dcs:who/AIR_45.ENVCAUSE--ENVCAUSE068__SEX--F,dcid:country/TCD,2019,204.96661
dcs:who/AIR_45.ENVCAUSE--ENVCAUSE068__SEX--M,dcid:country/TCD,2019,299.02701
dcs:who/AIR_45.ENVCAUSE--ENVCAUSE118__SEX--F,dcid:country/TCD,2019,2568.24318
dcs:who/AIR_45.ENVCAUSE--ENVCAUSE114,dcid:country/TCD,2019,25360.41882
dcs:who/AIR_45.ENVCAUSE--ENVCAUSE113__SEX--M,dcid:country/TCD,2019,18094.38472
dcs:who/AIR_45.ENVCAUSE--ENVCAUSE113,dcid:country/TCD,2019,33027.91278
dcs:who/AIR_45.ENVCAUSE--ENVCAUSE039__SEX--M,dcid:country/TCD,2019,180407.3043
dcs:who/AIR_45.ENVCAUSE--ENVCAUSE039,dcid:country/TCD,2019,325111.6784
dcs:who/AIR_45.ENVCAUSE--ENVCAUSE068,dcid:country/TCD,2019,503.99362
dcs:who/AIR_45.SEX--M,dcid:country/TCD,2019,215969.5249
dcs:who/AIR_45,dcid:country/TCD,2019,390571.084
dcs:who/AIR_45.ENVCAUSE--ENVCAUSE118__SEX--M,dcid:country/TCD,2019,3998.83721
dcs:who/AIR_45.ENVCAUSE--ENVCAUSE039__SEX--F,dcid:country/TCD,2019,144704.374
dcs:who/AIR_45.ENVCAUSE--ENVCAUSE114__SEX--M,dcid:country/TCD,2019,13169.97165
dcs:who/AIR_45.ENVCAUSE--ENVCAUSE114__SEX--F,dcid:country/TCD,2019,12190.44717
dcs:who/AIR_45.ENVCAUSE--ENVCAUSE118,dcid:country/TCD,2019,6567.08038
dcs:who/AIR_45.ENVCAUSE--ENVCAUSE113__SEX--F,dcid:country/TCD,2019,14933.52806
dcs:who/AIR_45.SEX--F,dcid:country/TCD,2019,174601.5591
dcs:who/AIR_45.ENVCAUSE--ENVCAUSE118,dcid:country/TGO,2019,3860.3935
dcs:who/AIR_45.ENVCAUSE--ENVCAUSE118__SEX--M,dcid:country/TGO,2019,2484.69288
dcs:who/AIR_45.ENVCAUSE--ENVCAUSE113__SEX--F,dcid:country/TGO,2019,10041.84078
dcs:who/AIR_45.ENVCAUSE--ENVCAUSE113__SEX--M,dcid:country/TGO,2019,15981.20238
dcs:who/AIR_45.ENVCAUSE--ENVCAUSE068__SEX--M,dcid:country/TGO,2019,244.4475
dcs:who/AIR_45.ENVCAUSE--ENVCAUSE114__SEX--F,dcid:country/TGO,2019,7202.94137
dcs:who/AIR_45,dcid:country/TGO,2019,119270.2106
dcs:who/AIR_45.ENVCAUSE--ENVCAUSE118__SEX--F,dcid:country/TGO,2019,1375.70062
dcs:who/AIR_45.ENVCAUSE--ENVCAUSE039__SEX--M,dcid:country/TGO,2019,43446.99036
dcs:who/AIR_45.SEX--F,dcid:country/TGO,2019,48028.19479
dcs:who/AIR_45.ENVCAUSE--ENVCAUSE039__SEX--F,dcid:country/TGO,2019,29313.76049
dcs:who/AIR_45.ENVCAUSE--ENVCAUSE039,dcid:country/TGO,2019,72760.75085
dcs:who/AIR_45.ENVCAUSE--ENVCAUSE068,dcid:country/TGO,2019,338.39902
dcs:who/AIR_45.ENVCAUSE--ENVCAUSE113,dcid:country/TGO,2019,26023.04316
dcs:who/AIR_45.ENVCAUSE--ENVCAUSE068__SEX--F,dcid:country/TGO,2019,93.95152
dcs:who/AIR_45.ENVCAUSE--ENVCAUSE114,dcid:country/TGO,2019,16287.62407
dcs:who/AIR_45.ENVCAUSE--ENVCAUSE114__SEX--M,dcid:country/TGO,2019,9084.6827
dcs:who/AIR_45.SEX--M,dcid:country/TGO,2019,71242.01582
dcs:who/AIR_45.SEX--M,dcid:country/THA,2019,361374.7803
dcs:who/AIR_45.ENVCAUSE--ENVCAUSE039__SEX--M,dcid:country/THA,2019,76501.8775
dcs:who/AIR_45.ENVCAUSE--ENVCAUSE039__SEX--F,dcid:country/THA,2019,51948.45744
dcs:who/AIR_45.ENVCAUSE--ENVCAUSE114__SEX--F,dcid:country/THA,2019,54600.27985
dcs:who/AIR_45.ENVCAUSE--ENVCAUSE114,dcid:country/THA,2019,140123.2674
dcs:who/AIR_45,dcid:country/THA,2019,579261.6907
dcs:who/AIR_45.ENVCAUSE--ENVCAUSE114__SEX--M,dcid:country/THA,2019,85522.9875
dcs:who/AIR_45.ENVCAUSE--ENVCAUSE118__SEX--M,dcid:country/THA,2019,33496.867
dcs:who/AIR_45.ENVCAUSE--ENVCAUSE113__SEX--F,dcid:country/THA,2019,76404.51604
dcs:who/AIR_45.SEX--F,dcid:country/THA,2019,217886.9104
dcs:who/AIR_45.ENVCAUSE--ENVCAUSE068,dcid:country/THA,2019,60826.11007
dcs:who/AIR_45.ENVCAUSE--ENVCAUSE113__SEX--M,dcid:country/THA,2019,126002.8156
dcs:who/AIR_45.ENVCAUSE--ENVCAUSE118__SEX--F,dcid:country/THA,2019,13957.77973
dcs:who/AIR_45.ENVCAUSE--ENVCAUSE068__SEX--M,dcid:country/THA,2019,39850.23273
dcs:who/AIR_45.ENVCAUSE--ENVCAUSE113,dcid:country/THA,2019,202407.3316
dcs:who/AIR_45.ENVCAUSE--ENVCAUSE068__SEX--F,dcid:country/THA,2019,20975.87734
dcs:who/AIR_45.ENVCAUSE--ENVCAUSE118,dcid:country/THA,2019,47454.64673
dcs:who/AIR_45.ENVCAUSE--ENVCAUSE039,dcid:country/THA,2019,128450.3349
dcs:who/AIR_45.ENVCAUSE--ENVCAUSE068__SEX--F,dcid:country/TJK,2019,715.90832
dcs:who/AIR_45.ENVCAUSE--ENVCAUSE039__SEX--F,dcid:country/TJK,2019,28130.41255
dcs:who/AIR_45.ENVCAUSE--ENVCAUSE113__SEX--M,dcid:country/TJK,2019,47226.93555
dcs:who/AIR_45.SEX--F,dcid:country/TJK,2019,81626.77094
dcs:who/AIR_45.ENVCAUSE--ENVCAUSE114__SEX--F,dcid:country/TJK,2019,13819.60433
dcs:who/AIR_45.ENVCAUSE--ENVCAUSE039__SEX--M,dcid:country/TJK,2019,36660.16803
dcs:who/AIR_45.ENVCAUSE--ENVCAUSE068__SEX--M,dcid:country/TJK,2019,1200.96088
dcs:who/AIR_45.ENVCAUSE--ENVCAUSE114,dcid:country/TJK,2019,28447.00168
dcs:who/AIR_45.ENVCAUSE--ENVCAUSE114__SEX--M,dcid:country/TJK,2019,14627.39735
dcs:who/AIR_45.ENVCAUSE--ENVCAUSE118__SEX--F,dcid:country/TJK,2019,3146.86218
dcs:who/AIR_45.ENVCAUSE--ENVCAUSE118__SEX--M,dcid:country/TJK,2019,3527.64566
dcs:who/AIR_45.ENVCAUSE--ENVCAUSE113__SEX--F,dcid:country/TJK,2019,35813.98356
dcs:who/AIR_45.ENVCAUSE--ENVCAUSE068,dcid:country/TJK,2019,1916.8692
dcs:who/AIR_45.SEX--M,dcid:country/TJK,2019,103243.1075
dcs:who/AIR_45,dcid:country/TJK,2019,184869.8784
dcs:who/AIR_45.ENVCAUSE--ENVCAUSE118,dcid:country/TJK,2019,6674.50784
dcs:who/AIR_45.ENVCAUSE--ENVCAUSE113,dcid:country/TJK,2019,83040.91912
dcs:who/AIR_45.ENVCAUSE--ENVCAUSE039,dcid:country/TJK,2019,64790.58058
dcs:who/AIR_45.ENVCAUSE--ENVCAUSE113,dcid:country/TKM,2019,48621.29817
dcs:who/AIR_45.ENVCAUSE--ENVCAUSE113__SEX--M,dcid:country/TKM,2019,28133.45151
dcs:who/AIR_45.ENVCAUSE--ENVCAUSE068,dcid:country/TKM,2019,1404.36339
dcs:who/AIR_45.ENVCAUSE--ENVCAUSE114,dcid:country/TKM,2019,17460.22991
dcs:who/AIR_45.ENVCAUSE--ENVCAUSE114__SEX--M,dcid:country/TKM,2019,9668.13785
dcs:who/AIR_45.SEX--F,dcid:country/TKM,2019,35749.03609
dcs:who/AIR_45.ENVCAUSE--ENVCAUSE113__SEX--F,dcid:country/TKM,2019,20487.84667
dcs:who/AIR_45.ENVCAUSE--ENVCAUSE068__SEX--F,dcid:country/TKM,2019,342.94116
dcs:who/AIR_45.ENVCAUSE--ENVCAUSE114__SEX--F,dcid:country/TKM,2019,7792.09206
dcs:who/AIR_45.ENVCAUSE--ENVCAUSE118__SEX--F,dcid:country/TKM,2019,489.91001
dcs:who/AIR_45,dcid:country/TKM,2019,84885.84225
dcs:who/AIR_45.ENVCAUSE--ENVCAUSE039,dcid:country/TKM,2019,16227.69663
dcs:who/AIR_45.ENVCAUSE--ENVCAUSE118,dcid:country/TKM,2019,1172.25414
dcs:who/AIR_45.ENVCAUSE--ENVCAUSE118__SEX--M,dcid:country/TKM,2019,682.34413
dcs:who/AIR_45.SEX--M,dcid:country/TKM,2019,49136.80616
dcs:who/AIR_45.ENVCAUSE--ENVCAUSE068__SEX--M,dcid:country/TKM,2019,1061.42224
dcs:who/AIR_45.ENVCAUSE--ENVCAUSE039__SEX--M,dcid:country/TKM,2019,9591.45043
dcs:who/AIR_45.ENVCAUSE--ENVCAUSE039__SEX--F,dcid:country/TKM,2019,6636.2462
dcs:who/AIR_45.ENVCAUSE--ENVCAUSE039,dcid:country/TLS,2019,6366.49825
dcs:who/AIR_45.ENVCAUSE--ENVCAUSE114,dcid:country/TLS,2019,2490.37614
dcs:who/AIR_45,dcid:country/TLS,2019,13313.85591
dcs:who/AIR_45.ENVCAUSE--ENVCAUSE114__SEX--M,dcid:country/TLS,2019,1237.11786
dcs:who/AIR_45.ENVCAUSE--ENVCAUSE068,dcid:country/TLS,2019,210.63695
dcs:who/AIR_45.SEX--F,dcid:country/TLS,2019,5993.58213
dcs:who/AIR_45.ENVCAUSE--ENVCAUSE113,dcid:country/TLS,2019,3527.51646
dcs:who/AIR_45.ENVCAUSE--ENVCAUSE118__SEX--F,dcid:country/TLS,2019,262.81368
dcs:who/AIR_45.ENVCAUSE--ENVCAUSE039__SEX--F,dcid:country/TLS,2019,2874.53058
dcs:who/AIR_45.ENVCAUSE--ENVCAUSE068__SEX--M,dcid:country/TLS,2019,135.79101
dcs:who/AIR_45.ENVCAUSE--ENVCAUSE118,dcid:country/TLS,2019,718.82812
dcs:who/AIR_45.ENVCAUSE--ENVCAUSE039__SEX--M,dcid:country/TLS,2019,3491.96767
dcs:who/AIR_45.SEX--M,dcid:country/TLS,2019,7320.27378
dcs:who/AIR_45.ENVCAUSE--ENVCAUSE068__SEX--F,dcid:country/TLS,2019,74.84594
dcs:who/AIR_45.ENVCAUSE--ENVCAUSE113__SEX--M,dcid:country/TLS,2019,1999.3828
dcs:who/AIR_45.ENVCAUSE--ENVCAUSE113__SEX--F,dcid:country/TLS,2019,1528.13366
dcs:who/AIR_45.ENVCAUSE--ENVCAUSE118__SEX--M,dcid:country/TLS,2019,456.01444
dcs:who/AIR_45.ENVCAUSE--ENVCAUSE114__SEX--F,dcid:country/TLS,2019,1253.25827
dcs:who/AIR_45.ENVCAUSE--ENVCAUSE039__SEX--M,dcid:country/TON,2019,35.58696
dcs:who/AIR_45.ENVCAUSE--ENVCAUSE068__SEX--M,dcid:country/TON,2019,10.73332
dcs:who/AIR_45.ENVCAUSE--ENVCAUSE068__SEX--F,dcid:country/TON,2019,3.29513
dcs:who/AIR_45.SEX--M,dcid:country/TON,2019,280.88521
dcs:who/AIR_45.ENVCAUSE--ENVCAUSE113__SEX--M,dcid:country/TON,2019,184.25198
dcs:who/AIR_45.SEX--F,dcid:country/TON,2019,142.65023
dcs:who/AIR_45.ENVCAUSE--ENVCAUSE114__SEX--M,dcid:country/TON,2019,31.24851
dcs:who/AIR_45.ENVCAUSE--ENVCAUSE118__SEX--M,dcid:country/TON,2019,19.06444
dcs:who/AIR_45.ENVCAUSE--ENVCAUSE039__SEX--F,dcid:country/TON,2019,32.51222
dcs:who/AIR_45.ENVCAUSE--ENVCAUSE114__SEX--F,dcid:country/TON,2019,31.12423
dcs:who/AIR_45.ENVCAUSE--ENVCAUSE118,dcid:country/TON,2019,26.35182
dcs:who/AIR_45.ENVCAUSE--ENVCAUSE039,dcid:country/TON,2019,68.09918
dcs:who/AIR_45.ENVCAUSE--ENVCAUSE068,dcid:country/TON,2019,14.02845
dcs:who/AIR_45.ENVCAUSE--ENVCAUSE113,dcid:country/TON,2019,252.68325
dcs:who/AIR_45.ENVCAUSE--ENVCAUSE113__SEX--F,dcid:country/TON,2019,68.43127
dcs:who/AIR_45.ENVCAUSE--ENVCAUSE118__SEX--F,dcid:country/TON,2019,7.28737
dcs:who/AIR_45.ENVCAUSE--ENVCAUSE114,dcid:country/TON,2019,62.37274
dcs:who/AIR_45,dcid:country/TON,2019,423.53544
dcs:who/AIR_45.ENVCAUSE--ENVCAUSE114__SEX--F,dcid:country/TTO,2019,586.42915
dcs:who/AIR_45.ENVCAUSE--ENVCAUSE113__SEX--M,dcid:country/TTO,2019,3156.37558
dcs:who/AIR_45.ENVCAUSE--ENVCAUSE114__SEX--M,dcid:country/TTO,2019,768.47455
dcs:who/AIR_45.ENVCAUSE--ENVCAUSE118__SEX--F,dcid:country/TTO,2019,43.11246
dcs:who/AIR_45.ENVCAUSE--ENVCAUSE118,dcid:country/TTO,2019,194.06531
dcs:who/AIR_45.ENVCAUSE--ENVCAUSE118__SEX--M,dcid:country/TTO,2019,150.95285
dcs:who/AIR_45.ENVCAUSE--ENVCAUSE114,dcid:country/TTO,2019,1354.9037
dcs:who/AIR_45.ENVCAUSE--ENVCAUSE113__SEX--F,dcid:country/TTO,2019,1772.79571
dcs:who/AIR_45.ENVCAUSE--ENVCAUSE113,dcid:country/TTO,2019,4929.17129
dcs:who/AIR_45.ENVCAUSE--ENVCAUSE039,dcid:country/TTO,2019,651.93656
dcs:who/AIR_45.SEX--M,dcid:country/TTO,2019,4657.42848
dcs:who/AIR_45.ENVCAUSE--ENVCAUSE039__SEX--F,dcid:country/TTO,2019,264.80163
dcs:who/AIR_45.ENVCAUSE--ENVCAUSE068__SEX--F,dcid:country/TTO,2019,49.06531
dcs:who/AIR_45.ENVCAUSE--ENVCAUSE068,dcid:country/TTO,2019,243.55589
dcs:who/AIR_45.ENVCAUSE--ENVCAUSE039__SEX--M,dcid:country/TTO,2019,387.13492
dcs:who/AIR_45.ENVCAUSE--ENVCAUSE068__SEX--M,dcid:country/TTO,2019,194.49058
dcs:who/AIR_45.SEX--F,dcid:country/TTO,2019,2716.20427
dcs:who/AIR_45,dcid:country/TTO,2019,7373.63275
dcs:who/AIR_45.ENVCAUSE--ENVCAUSE118__SEX--F,dcid:country/TUN,2019,1830.84138
dcs:who/AIR_45.ENVCAUSE--ENVCAUSE039,dcid:country/TUN,2019,10673.46968
dcs:who/AIR_45.ENVCAUSE--ENVCAUSE068__SEX--M,dcid:country/TUN,2019,5589.98881
dcs:who/AIR_45.ENVCAUSE--ENVCAUSE114__SEX--M,dcid:country/TUN,2019,10662.08411
dcs:who/AIR_45.ENVCAUSE--ENVCAUSE068__SEX--F,dcid:country/TUN,2019,557.59578
dcs:who/AIR_45.ENVCAUSE--ENVCAUSE039__SEX--M,dcid:country/TUN,2019,5841.70134
dcs:who/AIR_45.SEX--F,dcid:country/TUN,2019,53920.23156
dcs:who/AIR_45.ENVCAUSE--ENVCAUSE113__SEX--M,dcid:country/TUN,2019,51749.55815
dcs:who/AIR_45.ENVCAUSE--ENVCAUSE068,dcid:country/TUN,2019,6147.58459
dcs:who/AIR_45,dcid:country/TUN,2019,130842.8705
dcs:who/AIR_45.ENVCAUSE--ENVCAUSE118,dcid:country/TUN,2019,4910.14788
dcs:who/AIR_45.ENVCAUSE--ENVCAUSE118__SEX--M,dcid:country/TUN,2019,3079.3065
dcs:who/AIR_45.SEX--M,dcid:country/TUN,2019,76922.63892
dcs:who/AIR_45.ENVCAUSE--ENVCAUSE114__SEX--F,dcid:country/TUN,2019,11419.92643
dcs:who/AIR_45.ENVCAUSE--ENVCAUSE039__SEX--F,dcid:country/TUN,2019,4831.76834
dcs:who/AIR_45.ENVCAUSE--ENVCAUSE113__SEX--F,dcid:country/TUN,2019,35280.09964
dcs:who/AIR_45.ENVCAUSE--ENVCAUSE113,dcid:country/TUN,2019,87029.6578
dcs:who/AIR_45.ENVCAUSE--ENVCAUSE114,dcid:country/TUN,2019,22082.01053
dcs:who/AIR_45.ENVCAUSE--ENVCAUSE114__SEX--M,dcid:country/TUR,2019,45249.6119
dcs:who/AIR_45.SEX--M,dcid:country/TUR,2019,385014.2547
dcs:who/AIR_45.ENVCAUSE--ENVCAUSE039__SEX--M,dcid:country/TUR,2019,27771.83649
dcs:who/AIR_45.ENVCAUSE--ENVCAUSE068__SEX--M,dcid:country/TUR,2019,81229.22802
dcs:who/AIR_45.ENVCAUSE--ENVCAUSE113,dcid:country/TUR,2019,336031.9443
dcs:who/AIR_45.ENVCAUSE--ENVCAUSE039,dcid:country/TUR,2019,53045.83274
dcs:who/AIR_45.ENVCAUSE--ENVCAUSE039__SEX--F,dcid:country/TUR,2019,25273.99625
dcs:who/AIR_45.ENVCAUSE--ENVCAUSE113__SEX--F,dcid:country/TUR,2019,144685.2843
dcs:who/AIR_45.ENVCAUSE--ENVCAUSE118,dcid:country/TUR,2019,62374.47674
dcs:who/AIR_45.ENVCAUSE--ENVCAUSE114__SEX--F,dcid:country/TUR,2019,57183.30249
dcs:who/AIR_45.ENVCAUSE--ENVCAUSE118__SEX--M,dcid:country/TUR,2019,39416.91832
dcs:who/AIR_45.ENVCAUSE--ENVCAUSE118__SEX--F,dcid:country/TUR,2019,22957.55842
dcs:who/AIR_45,dcid:country/TUR,2019,648941.523
dcs:who/AIR_45.ENVCAUSE--ENVCAUSE068__SEX--F,dcid:country/TUR,2019,13827.12684
dcs:who/AIR_45.ENVCAUSE--ENVCAUSE068,dcid:country/TUR,2019,95056.35486
dcs:who/AIR_45.ENVCAUSE--ENVCAUSE113__SEX--M,dcid:country/TUR,2019,191346.6599
dcs:who/AIR_45.ENVCAUSE--ENVCAUSE114,dcid:country/TUR,2019,102432.9144
dcs:who/AIR_45.SEX--F,dcid:country/TUR,2019,263927.2683
dcs:who/AIR_45.ENVCAUSE--ENVCAUSE039__SEX--F,dcid:country/TZA,2019,89052.59422
dcs:who/AIR_45.ENVCAUSE--ENVCAUSE113,dcid:country/TZA,2019,56400.91573
dcs:who/AIR_45.ENVCAUSE--ENVCAUSE114,dcid:country/TZA,2019,42565.87673
dcs:who/AIR_45.ENVCAUSE--ENVCAUSE118__SEX--F,dcid:country/TZA,2019,2906.94563
dcs:who/AIR_45.ENVCAUSE--ENVCAUSE118__SEX--M,dcid:country/TZA,2019,4436.50636
dcs:who/AIR_45.ENVCAUSE--ENVCAUSE113__SEX--F,dcid:country/TZA,2019,19475.27323
dcs:who/AIR_45,dcid:country/TZA,2019,305980.585
dcs:who/AIR_45.ENVCAUSE--ENVCAUSE113__SEX--M,dcid:country/TZA,2019,36925.64249
dcs:who/AIR_45.SEX--F,dcid:country/TZA,2019,133990.801
dcs:who/AIR_45.ENVCAUSE--ENVCAUSE114__SEX--M,dcid:country/TZA,2019,20176.83737
dcs:who/AIR_45.ENVCAUSE--ENVCAUSE039,dcid:country/TZA,2019,199283.963
dcs:who/AIR_45.ENVCAUSE--ENVCAUSE068,dcid:country/TZA,2019,386.3776
dcs:who/AIR_45.ENVCAUSE--ENVCAUSE068__SEX--F,dcid:country/TZA,2019,166.94855
dcs:who/AIR_45.ENVCAUSE--ENVCAUSE114__SEX--F,dcid:country/TZA,2019,22389.03936
dcs:who/AIR_45.ENVCAUSE--ENVCAUSE068__SEX--M,dcid:country/TZA,2019,219.42906
dcs:who/AIR_45.SEX--M,dcid:country/TZA,2019,171989.784
dcs:who/AIR_45.ENVCAUSE--ENVCAUSE039__SEX--M,dcid:country/TZA,2019,110231.3688
dcs:who/AIR_45.ENVCAUSE--ENVCAUSE118,dcid:country/TZA,2019,7343.45198
dcs:who/AIR_45.ENVCAUSE--ENVCAUSE113,dcid:country/UGA,2019,49919.56131
dcs:who/AIR_45.ENVCAUSE--ENVCAUSE114__SEX--M,dcid:country/UGA,2019,23960.47088
dcs:who/AIR_45.ENVCAUSE--ENVCAUSE118,dcid:country/UGA,2019,12142.90665
dcs:who/AIR_45.ENVCAUSE--ENVCAUSE114,dcid:country/UGA,2019,43230.41858
dcs:who/AIR_45.ENVCAUSE--ENVCAUSE113__SEX--F,dcid:country/UGA,2019,18564.14923
dcs:who/AIR_45.ENVCAUSE--ENVCAUSE039,dcid:country/UGA,2019,237314.6264
dcs:who/AIR_45.ENVCAUSE--ENVCAUSE068,dcid:country/UGA,2019,1795.84449
dcs:who/AIR_45.ENVCAUSE--ENVCAUSE039__SEX--F,dcid:country/UGA,2019,103278.8151
dcs:who/AIR_45.ENVCAUSE--ENVCAUSE118__SEX--M,dcid:country/UGA,2019,8273.07554
dcs:who/AIR_45.ENVCAUSE--ENVCAUSE039__SEX--M,dcid:country/UGA,2019,134035.8113
dcs:who/AIR_45.SEX--M,dcid:country/UGA,2019,198613.8662
dcs:who/AIR_45.ENVCAUSE--ENVCAUSE068__SEX--F,dcid:country/UGA,2019,806.74812
dcs:who/AIR_45.ENVCAUSE--ENVCAUSE113__SEX--M,dcid:country/UGA,2019,31355.41209
dcs:who/AIR_45.ENVCAUSE--ENVCAUSE114__SEX--F,dcid:country/UGA,2019,19269.9477
dcs:who/AIR_45.ENVCAUSE--ENVCAUSE068__SEX--M,dcid:country/UGA,2019,989.09637
dcs:who/AIR_45,dcid:country/UGA,2019,344403.3575
dcs:who/AIR_45.SEX--F,dcid:country/UGA,2019,145789.4913
dcs:who/AIR_45.ENVCAUSE--ENVCAUSE118__SEX--F,dcid:country/UGA,2019,3869.83111
dcs:who/AIR_45.ENVCAUSE--ENVCAUSE068__SEX--M,dcid:country/UKR,2019,19639.23193
dcs:who/AIR_45.ENVCAUSE--ENVCAUSE068__SEX--F,dcid:country/UKR,2019,3922.07291
dcs:who/AIR_45.ENVCAUSE--ENVCAUSE118,dcid:country/UKR,2019,18131.31729
dcs:who/AIR_45.SEX--M,dcid:country/UKR,2019,572032.5869
dcs:who/AIR_45.ENVCAUSE--ENVCAUSE113__SEX--F,dcid:country/UKR,2019,384552.2417
dcs:who/AIR_45.SEX--F,dcid:country/UKR,2019,472117.9274
dcs:who/AIR_45.ENVCAUSE--ENVCAUSE118__SEX--M,dcid:country/UKR,2019,13006.77417
dcs:who/AIR_45.ENVCAUSE--ENVCAUSE114__SEX--M,dcid:country/UKR,2019,71624.0143
dcs:who/AIR_45.ENVCAUSE--ENVCAUSE039,dcid:country/UKR,2019,30713.46077
dcs:who/AIR_45.ENVCAUSE--ENVCAUSE068,dcid:country/UKR,2019,23561.30484
dcs:who/AIR_45.ENVCAUSE--ENVCAUSE113,dcid:country/UKR,2019,828979.9041
dcs:who/AIR_45,dcid:country/UKR,2019,1044150.514
dcs:who/AIR_45.ENVCAUSE--ENVCAUSE113__SEX--M,dcid:country/UKR,2019,444427.6624
dcs:who/AIR_45.ENVCAUSE--ENVCAUSE118__SEX--F,dcid:country/UKR,2019,5124.54312
dcs:who/AIR_45.ENVCAUSE--ENVCAUSE114,dcid:country/UKR,2019,142764.5273
dcs:who/AIR_45.ENVCAUSE--ENVCAUSE039__SEX--M,dcid:country/UKR,2019,23334.90414
dcs:who/AIR_45.ENVCAUSE--ENVCAUSE114__SEX--F,dcid:country/UKR,2019,71140.51298
dcs:who/AIR_45.ENVCAUSE--ENVCAUSE039__SEX--F,dcid:country/UKR,2019,7378.55663
dcs:who/AIR_45.ENVCAUSE--ENVCAUSE114__SEX--M,dcid:country/URY,2019,1479.0028
dcs:who/AIR_45.ENVCAUSE--ENVCAUSE114__SEX--F,dcid:country/URY,2019,1646.95943
dcs:who/AIR_45.SEX--M,dcid:country/URY,2019,10224.11714
dcs:who/AIR_45.ENVCAUSE--ENVCAUSE113,dcid:country/URY,2019,9771.29717
dcs:who/AIR_45.ENVCAUSE--ENVCAUSE068__SEX--F,dcid:country/URY,2019,312.37095
dcs:who/AIR_45.ENVCAUSE--ENVCAUSE118,dcid:country/URY,2019,1840.08625
dcs:who/AIR_45.ENVCAUSE--ENVCAUSE039__SEX--M,dcid:country/URY,2019,790.41435
dcs:who/AIR_45.ENVCAUSE--ENVCAUSE114,dcid:country/URY,2019,3125.96224
dcs:who/AIR_45.ENVCAUSE--ENVCAUSE068,dcid:country/URY,2019,1128.48321
dcs:who/AIR_45.ENVCAUSE--ENVCAUSE039,dcid:country/URY,2019,1625.74511
dcs:who/AIR_45.ENVCAUSE--ENVCAUSE113__SEX--M,dcid:country/URY,2019,5945.8546
dcs:who/AIR_45.ENVCAUSE--ENVCAUSE039__SEX--F,dcid:country/URY,2019,835.33076
dcs:who/AIR_45,dcid:country/URY,2019,17491.57398
dcs:who/AIR_45.ENVCAUSE--ENVCAUSE118__SEX--M,dcid:country/URY,2019,1192.73312
dcs:who/AIR_45.ENVCAUSE--ENVCAUSE118__SEX--F,dcid:country/URY,2019,647.35313
dcs:who/AIR_45.ENVCAUSE--ENVCAUSE113__SEX--F,dcid:country/URY,2019,3825.44258
dcs:who/AIR_45.ENVCAUSE--ENVCAUSE068__SEX--M,dcid:country/URY,2019,816.11227
dcs:who/AIR_45.SEX--F,dcid:country/URY,2019,7267.45684
dcs:who/AIR_45.ENVCAUSE--ENVCAUSE068__SEX--F,dcid:country/USA,2019,36134.80946
dcs:who/AIR_45.SEX--M,dcid:country/USA,2019,902559.1974
dcs:who/AIR_45.ENVCAUSE--ENVCAUSE113__SEX--M,dcid:country/USA,2019,670161.5616
dcs:who/AIR_45.ENVCAUSE--ENVCAUSE039,dcid:country/USA,2019,68474.18203
dcs:who/AIR_45.ENVCAUSE--ENVCAUSE039__SEX--M,dcid:country/USA,2019,35038.49233
dcs:who/AIR_45.ENVCAUSE--ENVCAUSE118__SEX--F,dcid:country/USA,2019,86370.18185
dcs:who/AIR_45.ENVCAUSE--ENVCAUSE114,dcid:country/USA,2019,147336.2034
dcs:who/AIR_45.ENVCAUSE--ENVCAUSE068,dcid:country/USA,2019,79832.48051
dcs:who/AIR_45.ENVCAUSE--ENVCAUSE068__SEX--M,dcid:country/USA,2019,43697.67105
dcs:who/AIR_45,dcid:country/USA,2019,1535184.546
dcs:who/AIR_45.ENVCAUSE--ENVCAUSE118__SEX--M,dcid:country/USA,2019,83092.47901
dcs:who/AIR_45.SEX--F,dcid:country/USA,2019,632625.3482
dcs:who/AIR_45.ENVCAUSE--ENVCAUSE039__SEX--F,dcid:country/USA,2019,33435.6897
dcs:who/AIR_45.ENVCAUSE--ENVCAUSE113,dcid:country/USA,2019,1070079.019
dcs:who/AIR_45.ENVCAUSE--ENVCAUSE113__SEX--F,dcid:country/USA,2019,399917.4572
dcs:who/AIR_45.ENVCAUSE--ENVCAUSE118,dcid:country/USA,2019,169462.6609
dcs:who/AIR_45.ENVCAUSE--ENVCAUSE114__SEX--M,dcid:country/USA,2019,70568.99343
dcs:who/AIR_45.ENVCAUSE--ENVCAUSE114__SEX--F,dcid:country/USA,2019,76767.20995
dcs:who/AIR_45.ENVCAUSE--ENVCAUSE068__SEX--F,dcid:country/UZB,2019,3059.9216
dcs:who/AIR_45.ENVCAUSE--ENVCAUSE039,dcid:country/UZB,2019,70280.79641
dcs:who/AIR_45.ENVCAUSE--ENVCAUSE068,dcid:country/UZB,2019,10088.90813
dcs:who/AIR_45.ENVCAUSE--ENVCAUSE113__SEX--F,dcid:country/UZB,2019,156019.4791
dcs:who/AIR_45.ENVCAUSE--ENVCAUSE113__SEX--M,dcid:country/UZB,2019,214324.2886
dcs:who/AIR_45.SEX--M,dcid:country/UZB,2019,317937.989
dcs:who/AIR_45.ENVCAUSE--ENVCAUSE118__SEX--M,dcid:country/UZB,2019,5147.91956
dcs:who/AIR_45.ENVCAUSE--ENVCAUSE068__SEX--M,dcid:country/UZB,2019,7028.98653
dcs:who/AIR_45,dcid:country/UZB,2019,551107.856
dcs:who/AIR_45.ENVCAUSE--ENVCAUSE114__SEX--M,dcid:country/UZB,2019,51016.50964
dcs:who/AIR_45.ENVCAUSE--ENVCAUSE114__SEX--F,dcid:country/UZB,2019,40209.56378
dcs:who/AIR_45.ENVCAUSE--ENVCAUSE118__SEX--F,dcid:country/UZB,2019,4020.39084
dcs:who/AIR_45.SEX--F,dcid:country/UZB,2019,233169.867
dcs:who/AIR_45.ENVCAUSE--ENVCAUSE039__SEX--F,dcid:country/UZB,2019,29860.51171
dcs:who/AIR_45.ENVCAUSE--ENVCAUSE118,dcid:country/UZB,2019,9168.3104
dcs:who/AIR_45.ENVCAUSE--ENVCAUSE113,dcid:country/UZB,2019,370343.7676
dcs:who/AIR_45.ENVCAUSE--ENVCAUSE114,dcid:country/UZB,2019,91226.07342
dcs:who/AIR_45.ENVCAUSE--ENVCAUSE039__SEX--M,dcid:country/UZB,2019,40420.2847
dcs:who/AIR_45.ENVCAUSE--ENVCAUSE039__SEX--M,dcid:country/VCT,2019,49.97401
dcs:who/AIR_45.ENVCAUSE--ENVCAUSE113__SEX--M,dcid:country/VCT,2019,194.20494
dcs:who/AIR_45.SEX--F,dcid:country/VCT,2019,278.40856
dcs:who/AIR_45.ENVCAUSE--ENVCAUSE114__SEX--M,dcid:country/VCT,2019,94.05398
dcs:who/AIR_45.SEX--M,dcid:country/VCT,2019,366.64173
dcs:who/AIR_45.ENVCAUSE--ENVCAUSE039__SEX--F,dcid:country/VCT,2019,35.87584
dcs:who/AIR_45.ENVCAUSE--ENVCAUSE068__SEX--M,dcid:country/VCT,2019,4.8717
dcs:who/AIR_45.ENVCAUSE--ENVCAUSE118__SEX--M,dcid:country/VCT,2019,23.5371
dcs:who/AIR_45.ENVCAUSE--ENVCAUSE068__SEX--F,dcid:country/VCT,2019,3.70473
dcs:who/AIR_45.ENVCAUSE--ENVCAUSE114__SEX--F,dcid:country/VCT,2019,71.00439
dcs:who/AIR_45.ENVCAUSE--ENVCAUSE039,dcid:country/VCT,2019,85.84985
dcs:who/AIR_45.ENVCAUSE--ENVCAUSE113__SEX--F,dcid:country/VCT,2019,155.37943
dcs:who/AIR_45,dcid:country/VCT,2019,645.05029
dcs:who/AIR_45.ENVCAUSE--ENVCAUSE068,dcid:country/VCT,2019,8.57643
dcs:who/AIR_45.ENVCAUSE--ENVCAUSE118,dcid:country/VCT,2019,35.98127
dcs:who/AIR_45.ENVCAUSE--ENVCAUSE118__SEX--F,dcid:country/VCT,2019,12.44417
dcs:who/AIR_45.ENVCAUSE--ENVCAUSE113,dcid:country/VCT,2019,349.58437
dcs:who/AIR_45.ENVCAUSE--ENVCAUSE114,dcid:country/VCT,2019,165.05837
dcs:who/AIR_45.ENVCAUSE--ENVCAUSE118__SEX--F,dcid:country/VEN,2019,4146.03679
dcs:who/AIR_45.ENVCAUSE--ENVCAUSE068__SEX--F,dcid:country/VEN,2019,3016.11732
dcs:who/AIR_45.ENVCAUSE--ENVCAUSE113__SEX--M,dcid:country/VEN,2019,61011.41588
dcs:who/AIR_45.ENVCAUSE--ENVCAUSE118__SEX--M,dcid:country/VEN,2019,5252.05842
dcs:who/AIR_45.SEX--F,dcid:country/VEN,2019,69919.02386
dcs:who/AIR_45.ENVCAUSE--ENVCAUSE039__SEX--F,dcid:country/VEN,2019,14162.88864
dcs:who/AIR_45.SEX--M,dcid:country/VEN,2019,102241.1344
dcs:who/AIR_45.ENVCAUSE--ENVCAUSE068__SEX--M,dcid:country/VEN,2019,4078.11571
dcs:who/AIR_45.ENVCAUSE--ENVCAUSE039,dcid:country/VEN,2019,33161.04241
dcs:who/AIR_45.ENVCAUSE--ENVCAUSE039__SEX--M,dcid:country/VEN,2019,18998.15377
dcs:who/AIR_45.ENVCAUSE--ENVCAUSE068,dcid:country/VEN,2019,7094.23303
dcs:who/AIR_45.ENVCAUSE--ENVCAUSE113__SEX--F,dcid:country/VEN,2019,36731.10127
dcs:who/AIR_45.ENVCAUSE--ENVCAUSE118,dcid:country/VEN,2019,9398.09521
dcs:who/AIR_45.ENVCAUSE--ENVCAUSE114,dcid:country/VEN,2019,24764.27051
dcs:who/AIR_45.ENVCAUSE--ENVCAUSE114__SEX--F,dcid:country/VEN,2019,11862.87984
dcs:who/AIR_45.ENVCAUSE--ENVCAUSE113,dcid:country/VEN,2019,97742.51715
dcs:who/AIR_45.ENVCAUSE--ENVCAUSE114__SEX--M,dcid:country/VEN,2019,12901.39067
dcs:who/AIR_45,dcid:country/VEN,2019,172160.1583
dcs:who/AIR_45.ENVCAUSE--ENVCAUSE114__SEX--M,dcid:country/VNM,2019,246622.3972
dcs:who/AIR_45.ENVCAUSE--ENVCAUSE118__SEX--M,dcid:country/VNM,2019,52815.84077
dcs:who/AIR_45.ENVCAUSE--ENVCAUSE068,dcid:country/VNM,2019,54822.79106
dcs:who/AIR_45.ENVCAUSE--ENVCAUSE113__SEX--F,dcid:country/VNM,2019,119630.6893
dcs:who/AIR_45.ENVCAUSE--ENVCAUSE039__SEX--M,dcid:country/VNM,2019,81498.14408
dcs:who/AIR_45.SEX--F,dcid:country/VNM,2019,347673.4712
dcs:who/AIR_45.ENVCAUSE--ENVCAUSE113__SEX--M,dcid:country/VNM,2019,212327.3986
dcs:who/AIR_45.SEX--M,dcid:country/VNM,2019,633643.9094
dcs:who/AIR_45.ENVCAUSE--ENVCAUSE118,dcid:country/VNM,2019,76798.08665
dcs:who/AIR_45.ENVCAUSE--ENVCAUSE039__SEX--F,dcid:country/VNM,2019,50982.06764
dcs:who/AIR_45.ENVCAUSE--ENVCAUSE068__SEX--M,dcid:country/VNM,2019,40380.12885
dcs:who/AIR_45.ENVCAUSE--ENVCAUSE114,dcid:country/VNM,2019,385258.2033
dcs:who/AIR_45.ENVCAUSE--ENVCAUSE113,dcid:country/VNM,2019,331958.0879
dcs:who/AIR_45.ENVCAUSE--ENVCAUSE068__SEX--F,dcid:country/VNM,2019,14442.66221
dcs:who/AIR_45,dcid:country/VNM,2019,981317.3806
dcs:who/AIR_45.ENVCAUSE--ENVCAUSE114__SEX--F,dcid:country/VNM,2019,138635.8061
dcs:who/AIR_45.ENVCAUSE--ENVCAUSE039,dcid:country/VNM,2019,132480.2117
dcs:who/AIR_45.ENVCAUSE--ENVCAUSE118__SEX--F,dcid:country/VNM,2019,23982.24588
dcs:who/AIR_45.SEX--M,dcid:country/VUT,2019,1806.97705
dcs:who/AIR_45.ENVCAUSE--ENVCAUSE114__SEX--M,dcid:country/VUT,2019,297.05971
dcs:who/AIR_45.ENVCAUSE--ENVCAUSE039__SEX--M,dcid:country/VUT,2019,266.1896
dcs:who/AIR_45.ENVCAUSE--ENVCAUSE118__SEX--M,dcid:country/VUT,2019,102.07307
dcs:who/AIR_45.ENVCAUSE--ENVCAUSE068__SEX--M,dcid:country/VUT,2019,11.18052
dcs:who/AIR_45.ENVCAUSE--ENVCAUSE068__SEX--F,dcid:country/VUT,2019,2.76937
dcs:who/AIR_45.ENVCAUSE--ENVCAUSE113__SEX--M,dcid:country/VUT,2019,1130.47415
dcs:who/AIR_45.ENVCAUSE--ENVCAUSE118__SEX--F,dcid:country/VUT,2019,53.55087
dcs:who/AIR_45.ENVCAUSE--ENVCAUSE114__SEX--F,dcid:country/VUT,2019,205.18528
dcs:who/AIR_45.ENVCAUSE--ENVCAUSE039__SEX--F,dcid:country/VUT,2019,202.34175
dcs:who/AIR_45,dcid:country/VUT,2019,2743.77658
dcs:who/AIR_45.ENVCAUSE--ENVCAUSE114,dcid:country/VUT,2019,502.24499
dcs:who/AIR_45.ENVCAUSE--ENVCAUSE068,dcid:country/VUT,2019,13.94989
dcs:who/AIR_45.SEX--F,dcid:country/VUT,2019,936.79952
dcs:who/AIR_45.ENVCAUSE--ENVCAUSE118,dcid:country/VUT,2019,155.62395
dcs:who/AIR_45.ENVCAUSE--ENVCAUSE039,dcid:country/VUT,2019,468.53135
dcs:who/AIR_45.ENVCAUSE--ENVCAUSE113,dcid:country/VUT,2019,1603.42639
dcs:who/AIR_45.ENVCAUSE--ENVCAUSE113__SEX--F,dcid:country/VUT,2019,472.95225
dcs:who/AIR_45.ENVCAUSE--ENVCAUSE039__SEX--F,dcid:country/WSM,2019,62.46797
dcs:who/AIR_45.ENVCAUSE--ENVCAUSE068,dcid:country/WSM,2019,16.63116
dcs:who/AIR_45.ENVCAUSE--ENVCAUSE039,dcid:country/WSM,2019,126.99853
dcs:who/AIR_45.ENVCAUSE--ENVCAUSE114__SEX--F,dcid:country/WSM,2019,101.85832
dcs:who/AIR_45.ENVCAUSE--ENVCAUSE113__SEX--M,dcid:country/WSM,2019,434.78676
dcs:who/AIR_45.ENVCAUSE--ENVCAUSE068__SEX--M,dcid:country/WSM,2019,12.11031
dcs:who/AIR_45.ENVCAUSE--ENVCAUSE113,dcid:country/WSM,2019,711.79389
dcs:who/AIR_45.SEX--M,dcid:country/WSM,2019,655.96904
dcs:who/AIR_45.ENVCAUSE--ENVCAUSE118,dcid:country/WSM,2019,66.23363
dcs:who/AIR_45.ENVCAUSE--ENVCAUSE114,dcid:country/WSM,2019,211.84918
dcs:who/AIR_45.SEX--F,dcid:country/WSM,2019,477.53734
dcs:who/AIR_45.ENVCAUSE--ENVCAUSE113__SEX--F,dcid:country/WSM,2019,277.00713
dcs:who/AIR_45.ENVCAUSE--ENVCAUSE118__SEX--F,dcid:country/WSM,2019,31.68307
dcs:who/AIR_45.ENVCAUSE--ENVCAUSE068__SEX--F,dcid:country/WSM,2019,4.52084
dcs:who/AIR_45.ENVCAUSE--ENVCAUSE039__SEX--M,dcid:country/WSM,2019,64.53056
dcs:who/AIR_45.ENVCAUSE--ENVCAUSE114__SEX--M,dcid:country/WSM,2019,109.99086
dcs:who/AIR_45,dcid:country/WSM,2019,1133.50639
dcs:who/AIR_45.ENVCAUSE--ENVCAUSE118__SEX--M,dcid:country/WSM,2019,34.55056
dcs:who/AIR_45.ENVCAUSE--ENVCAUSE068__SEX--F,dcid:country/YEM,2019,1224.6096
dcs:who/AIR_45.ENVCAUSE--ENVCAUSE114__SEX--F,dcid:country/YEM,2019,30781.10519
dcs:who/AIR_45.ENVCAUSE--ENVCAUSE113__SEX--F,dcid:country/YEM,2019,80644.26064
dcs:who/AIR_45.SEX--M,dcid:country/YEM,2019,258926.3977
dcs:who/AIR_45.ENVCAUSE--ENVCAUSE068,dcid:country/YEM,2019,2480.76289
dcs:who/AIR_45,dcid:country/YEM,2019,466005.7235
dcs:who/AIR_45.ENVCAUSE--ENVCAUSE118__SEX--M,dcid:country/YEM,2019,8570.99259
dcs:who/AIR_45.ENVCAUSE--ENVCAUSE068__SEX--M,dcid:country/YEM,2019,1256.15329
dcs:who/AIR_45.SEX--F,dcid:country/YEM,2019,207079.3257
dcs:who/AIR_45.ENVCAUSE--ENVCAUSE113,dcid:country/YEM,2019,193856.7853
dcs:who/AIR_45.ENVCAUSE--ENVCAUSE039__SEX--M,dcid:country/YEM,2019,109777.3193
dcs:who/AIR_45.ENVCAUSE--ENVCAUSE113__SEX--M,dcid:country/YEM,2019,113212.5247
dcs:who/AIR_45.ENVCAUSE--ENVCAUSE039__SEX--F,dcid:country/YEM,2019,88143.76868
dcs:who/AIR_45.ENVCAUSE--ENVCAUSE114,dcid:country/YEM,2019,56890.51307
dcs:who/AIR_45.ENVCAUSE--ENVCAUSE118__SEX--F,dcid:country/YEM,2019,6285.58164
dcs:who/AIR_45.ENVCAUSE--ENVCAUSE039,dcid:country/YEM,2019,197921.0879
dcs:who/AIR_45.ENVCAUSE--ENVCAUSE118,dcid:country/YEM,2019,14856.57423
dcs:who/AIR_45.ENVCAUSE--ENVCAUSE114__SEX--M,dcid:country/YEM,2019,26109.40787
dcs:who/AIR_45.ENVCAUSE--ENVCAUSE068__SEX--M,dcid:country/ZAF,2019,13116.85456
dcs:who/AIR_45.ENVCAUSE--ENVCAUSE114__SEX--M,dcid:country/ZAF,2019,47466.15904
dcs:who/AIR_45.SEX--M,dcid:country/ZAF,2019,366662.5697
dcs:who/AIR_45.ENVCAUSE--ENVCAUSE039__SEX--M,dcid:country/ZAF,2019,175915.7212
dcs:who/AIR_45.ENVCAUSE--ENVCAUSE114__SEX--F,dcid:country/ZAF,2019,48059.63004
dcs:who/AIR_45.ENVCAUSE--ENVCAUSE113,dcid:country/ZAF,2019,174766.0643
dcs:who/AIR_45.ENVCAUSE--ENVCAUSE113__SEX--M,dcid:country/ZAF,2019,107465.8135
dcs:who/AIR_45.ENVCAUSE--ENVCAUSE068__SEX--F,dcid:country/ZAF,2019,5245.16505
dcs:who/AIR_45.SEX--F,dcid:country/ZAF,2019,273942.4211
dcs:who/AIR_45,dcid:country/ZAF,2019,640604.9907
dcs:who/AIR_45.ENVCAUSE--ENVCAUSE118__SEX--M,dcid:country/ZAF,2019,22698.02139
dcs:who/AIR_45.ENVCAUSE--ENVCAUSE114,dcid:country/ZAF,2019,95525.78908
dcs:who/AIR_45.ENVCAUSE--ENVCAUSE118__SEX--F,dcid:country/ZAF,2019,13789.09996
dcs:who/AIR_45.ENVCAUSE--ENVCAUSE113__SEX--F,dcid:country/ZAF,2019,67300.25086
dcs:who/AIR_45.ENVCAUSE--ENVCAUSE039__SEX--F,dcid:country/ZAF,2019,139548.2752
dcs:who/AIR_45.ENVCAUSE--ENVCAUSE039,dcid:country/ZAF,2019,315463.9964
dcs:who/AIR_45.ENVCAUSE--ENVCAUSE068,dcid:country/ZAF,2019,18362.01961
dcs:who/AIR_45.ENVCAUSE--ENVCAUSE118,dcid:country/ZAF,2019,36487.12135
dcs:who/AIR_45.ENVCAUSE--ENVCAUSE113__SEX--M,dcid:country/ZMB,2019,14632.86714
dcs:who/AIR_45.ENVCAUSE--ENVCAUSE039,dcid:country/ZMB,2019,78903.62051
dcs:who/AIR_45.SEX--M,dcid:country/ZMB,2019,75883.97414
dcs:who/AIR_45.ENVCAUSE--ENVCAUSE118__SEX--M,dcid:country/ZMB,2019,2277.96486
dcs:who/AIR_45.ENVCAUSE--ENVCAUSE114__SEX--F,dcid:country/ZMB,2019,9551.34368
dcs:who/AIR_45.ENVCAUSE--ENVCAUSE113__SEX--F,dcid:country/ZMB,2019,8062.30497
dcs:who/AIR_45.ENVCAUSE--ENVCAUSE113,dcid:country/ZMB,2019,22695.17211
dcs:who/AIR_45.ENVCAUSE--ENVCAUSE068__SEX--M,dcid:country/ZMB,2019,215.36724
dcs:who/AIR_45.ENVCAUSE--ENVCAUSE068,dcid:country/ZMB,2019,426.93476
dcs:who/AIR_45.ENVCAUSE--ENVCAUSE039__SEX--M,dcid:country/ZMB,2019,45288.57625
dcs:who/AIR_45.ENVCAUSE--ENVCAUSE114,dcid:country/ZMB,2019,23020.54234
dcs:who/AIR_45.ENVCAUSE--ENVCAUSE039__SEX--F,dcid:country/ZMB,2019,33615.04426
dcs:who/AIR_45.ENVCAUSE--ENVCAUSE118__SEX--F,dcid:country/ZMB,2019,1220.72228
dcs:who/AIR_45,dcid:country/ZMB,2019,128544.9569
dcs:who/AIR_45.ENVCAUSE--ENVCAUSE118,dcid:country/ZMB,2019,3498.68714
dcs:who/AIR_45.ENVCAUSE--ENVCAUSE114__SEX--M,dcid:country/ZMB,2019,13469.19866
dcs:who/AIR_45.SEX--F,dcid:country/ZMB,2019,52660.98272
dcs:who/AIR_45.ENVCAUSE--ENVCAUSE068__SEX--F,dcid:country/ZMB,2019,211.56752
dcs:who/AIR_45.SEX--M,dcid:country/ZWE,2019,55615.07811
dcs:who/AIR_45.ENVCAUSE--ENVCAUSE118__SEX--M,dcid:country/ZWE,2019,1380.71765
dcs:who/AIR_45.ENVCAUSE--ENVCAUSE113__SEX--M,dcid:country/ZWE,2019,16299.80723
dcs:who/AIR_45,dcid:country/ZWE,2019,104393.7062
dcs:who/AIR_45.ENVCAUSE--ENVCAUSE068,dcid:country/ZWE,2019,447.13558
dcs:who/AIR_45.ENVCAUSE--ENVCAUSE114__SEX--M,dcid:country/ZWE,2019,5061.20905
dcs:who/AIR_45.ENVCAUSE--ENVCAUSE113,dcid:country/ZWE,2019,34494.89051
dcs:who/AIR_45.ENVCAUSE--ENVCAUSE039__SEX--M,dcid:country/ZWE,2019,32649.1202
dcs:who/AIR_45.SEX--F,dcid:country/ZWE,2019,48778.62811
dcs:who/AIR_45.ENVCAUSE--ENVCAUSE113__SEX--F,dcid:country/ZWE,2019,18195.08328
dcs:who/AIR_45.ENVCAUSE--ENVCAUSE068__SEX--F,dcid:country/ZWE,2019,222.91161
dcs:who/AIR_45.ENVCAUSE--ENVCAUSE039__SEX--F,dcid:country/ZWE,2019,23139.57176
dcs:who/AIR_45.ENVCAUSE--ENVCAUSE114__SEX--F,dcid:country/ZWE,2019,6300.04546
dcs:who/AIR_45.ENVCAUSE--ENVCAUSE039,dcid:country/ZWE,2019,55788.69196
dcs:who/AIR_45.ENVCAUSE--ENVCAUSE114,dcid:country/ZWE,2019,11361.25451
dcs:who/AIR_45.ENVCAUSE--ENVCAUSE118,dcid:country/ZWE,2019,2301.73366
dcs:who/AIR_45.ENVCAUSE--ENVCAUSE068__SEX--M,dcid:country/ZWE,2019,224.22398
dcs:who/AIR_45.ENVCAUSE--ENVCAUSE118__SEX--F,dcid:country/ZWE,2019,921.01601
dcs:who/AIR_45.AGE--Y70T74__ENVCAUSE--ENVCAUSE039__SEX--M,dcid:europe,2019,27430.99251
dcs:who/AIR_45.AGE--Y75T79__ENVCAUSE--ENVCAUSE039__SEX--M,dcid:europe,2019,26772.60123
dcs:who/AIR_45.AGE--Y30T34__ENVCAUSE--ENVCAUSE068__SEX--M,dcid:europe,2019,1245.80001
dcs:who/AIR_45.ENVCAUSE--ENVCAUSE039__SEX--M,dcid:europe,2019,427161.6294
dcs:who/AIR_45.AGE--Y_GE80__ENVCAUSE--ENVCAUSE068__SEX--M,dcid:europe,2019,30406.81085
dcs:who/AIR_45.AGE--Y65T69__ENVCAUSE--ENVCAUSE068__SEX--M,dcid:europe,2019,78855.42647
dcs:who/AIR_45.AGE--Y45T49__ENVCAUSE--ENVCAUSE068__SEX--M,dcid:europe,2019,19046.2708
dcs:who/AIR_45.AGE--Y60T64__ENVCAUSE--ENVCAUSE068__SEX--M,dcid:europe,2019,82655.04604
dcs:who/AIR_45.AGE--Y50T54__ENVCAUSE--ENVCAUSE068__SEX--M,dcid:europe,2019,37622.36123
dcs:who/AIR_45.ENVCAUSE--ENVCAUSE068__SEX--M,dcid:europe,2019,417963.1626
dcs:who/AIR_45.AGE--Y_GE80__ENVCAUSE--ENVCAUSE039__SEX--M,dcid:europe,2019,72788.2244
dcs:who/AIR_45.AGE--Y25T29__ENVCAUSE--ENVCAUSE068__SEX--M,dcid:europe,2019,607.89982
dcs:who/AIR_45.AGE--Y40T44__ENVCAUSE--ENVCAUSE068__SEX--M,dcid:europe,2019,6695.29966
dcs:who/AIR_45.AGE--Y75T79__ENVCAUSE--ENVCAUSE068__SEX--M,dcid:europe,2019,34563.73563
dcs:who/AIR_45.AGE--Y70T74__ENVCAUSE--ENVCAUSE068__SEX--M,dcid:europe,2019,58216.64248
dcs:who/AIR_45.AGE--Y35T39__ENVCAUSE--ENVCAUSE068__SEX--M,dcid:europe,2019,2787.50673
dcs:who/AIR_45.AGE--Y55T59__ENVCAUSE--ENVCAUSE068__SEX--M,dcid:europe,2019,65260.36285
dcs:who/AIR_45.AGE--Y45T49__ENVCAUSE--ENVCAUSE118__SEX--M,dcid:europe,2019,6756.17182
dcs:who/AIR_45.AGE--Y60T64__ENVCAUSE--ENVCAUSE114__SEX--M,dcid:europe,2019,104909.0136
dcs:who/AIR_45.AGE--Y40T44__ENVCAUSE--ENVCAUSE114__SEX--M,dcid:europe,2019,23581.31642
dcs:who/AIR_45.AGE--Y60T64__ENVCAUSE--ENVCAUSE118__SEX--M,dcid:europe,2019,38927.97154
dcs:who/AIR_45.AGE--Y70T74__ENVCAUSE--ENVCAUSE118__SEX--M,dcid:europe,2019,49544.67765
dcs:who/AIR_45.AGE--Y50T54__ENVCAUSE--ENVCAUSE118__SEX--M,dcid:europe,2019,12811.76948
dcs:who/AIR_45.AGE--Y65T69__ENVCAUSE--ENVCAUSE118__SEX--M,dcid:europe,2019,48407.95005
dcs:who/AIR_45.AGE--Y35T39__ENVCAUSE--ENVCAUSE114__SEX--M,dcid:europe,2019,13826.28359
dcs:who/AIR_45.AGE--Y65T69__ENVCAUSE--ENVCAUSE113__SEX--M,dcid:europe,2019,524928.0113
dcs:who/AIR_45.AGE--Y60T64__ENVCAUSE--ENVCAUSE113__SEX--M,dcid:europe,2019,506405.117
dcs:who/AIR_45.AGE--Y40T44__ENVCAUSE--ENVCAUSE039__SEX--M,dcid:europe,2019,21477.53704
dcs:who/AIR_45.AGE--Y65T69__ENVCAUSE--ENVCAUSE039__SEX--M,dcid:europe,2019,30160.70758
dcs:who/AIR_45.AGE--Y55T59__ENVCAUSE--ENVCAUSE113__SEX--M,dcid:europe,2019,399826.4316
dcs:who/AIR_45.AGE--Y_GE80__ENVCAUSE--ENVCAUSE113__SEX--M,dcid:europe,2019,647537.0543
dcs:who/AIR_45.AGE--Y30T34__ENVCAUSE--ENVCAUSE039__SEX--M,dcid:europe,2019,11949.30779
dcs:who/AIR_45.AGE--Y35T39__ENVCAUSE--ENVCAUSE118__SEX--M,dcid:europe,2019,2256.64136
dcs:who/AIR_45.AGE--Y75T79__ENVCAUSE--ENVCAUSE113__SEX--M,dcid:europe,2019,359945.3145
dcs:who/AIR_45.AGE--Y_GE80__ENVCAUSE--ENVCAUSE114__SEX--M,dcid:europe,2019,161507.6267
dcs:who/AIR_45.AGE--Y70T74__ENVCAUSE--ENVCAUSE114__SEX--M,dcid:europe,2019,101198.4792
dcs:who/AIR_45.AGE--Y65T69__ENVCAUSE--ENVCAUSE114__SEX--M,dcid:europe,2019,119885.9013
dcs:who/AIR_45.AGE--Y55T59__ENVCAUSE--ENVCAUSE114__SEX--M,dcid:europe,2019,79069.31836
dcs:who/AIR_45.AGE--Y25T29__ENVCAUSE--ENVCAUSE039__SEX--M,dcid:europe,2019,6644.06124
dcs:who/AIR_45.AGE--Y75T79__ENVCAUSE--ENVCAUSE114__SEX--M,dcid:europe,2019,92777.82068
dcs:who/AIR_45.AGE--Y35T39__ENVCAUSE--ENVCAUSE039__SEX--M,dcid:europe,2019,17686.42163
dcs:who/AIR_45.AGE--Y60T64__ENVCAUSE--ENVCAUSE039__SEX--M,dcid:europe,2019,31763.9417
dcs:who/AIR_45.AGE--Y50T54__ENVCAUSE--ENVCAUSE114__SEX--M,dcid:europe,2019,50358.47251
dcs:who/AIR_45.AGE--Y30T34__ENVCAUSE--ENVCAUSE118__SEX--M,dcid:europe,2019,1293.14874
dcs:who/AIR_45.ENVCAUSE--ENVCAUSE113__SEX--M,dcid:europe,2019,3506070.467
dcs:who/AIR_45.AGE--Y25T29__ENVCAUSE--ENVCAUSE114__SEX--M,dcid:europe,2019,3464.09665
dcs:who/AIR_45.AGE--Y40T44__ENVCAUSE--ENVCAUSE118__SEX--M,dcid:europe,2019,4056.7895
dcs:who/AIR_45.AGE--Y30T34__ENVCAUSE--ENVCAUSE114__SEX--M,dcid:europe,2019,7333.07928
dcs:who/AIR_45.AGE--Y45T49__ENVCAUSE--ENVCAUSE039__SEX--M,dcid:europe,2019,22628.11896
dcs:who/AIR_45.AGE--Y_GE80__ENVCAUSE--ENVCAUSE118__SEX--M,dcid:europe,2019,78318.15061
dcs:who/AIR_45.AGE--Y5T9__ENVCAUSE--ENVCAUSE039__SEX--M,dcid:europe,2019,7378.47954
dcs:who/AIR_45.AGE--Y20T24__ENVCAUSE--ENVCAUSE039__SEX--M,dcid:europe,2019,4910.71843
dcs:who/AIR_45.AGE--Y70T74__ENVCAUSE--ENVCAUSE113__SEX--M,dcid:europe,2019,413188.3858
dcs:who/AIR_45.ENVCAUSE--ENVCAUSE118__SEX--M,dcid:europe,2019,311808.9771
dcs:who/AIR_45.AGE--Y55T59__ENVCAUSE--ENVCAUSE118__SEX--M,dcid:europe,2019,23658.69138
dcs:who/AIR_45.AGE--Y55T59__ENVCAUSE--ENVCAUSE039__SEX--M,dcid:europe,2019,29359.47619
dcs:who/AIR_45.AGE--Y0T4__ENVCAUSE--ENVCAUSE039__SEX--M,dcid:europe,2019,82682.13615
dcs:who/AIR_45.AGE--Y10T14__ENVCAUSE--ENVCAUSE039__SEX--M,dcid:europe,2019,5453.84143
dcs:who/AIR_45.ENVCAUSE--ENVCAUSE114__SEX--M,dcid:europe,2019,792633.4479
dcs:who/AIR_45.AGE--Y15T19__ENVCAUSE--ENVCAUSE039__SEX--M,dcid:europe,2019,4733.52024
dcs:who/AIR_45.AGE--Y45T49__ENVCAUSE--ENVCAUSE114__SEX--M,dcid:europe,2019,34722.03962
dcs:who/AIR_45.AGE--Y75T79__ENVCAUSE--ENVCAUSE118__SEX--M,dcid:europe,2019,45036.32039
dcs:who/AIR_45.AGE--Y50T54__ENVCAUSE--ENVCAUSE039__SEX--M,dcid:europe,2019,23341.54332
dcs:who/AIR_45.AGE--Y25T29__ENVCAUSE--ENVCAUSE118__SEX--M,dcid:europe,2019,740.69458
dcs:who/AIR_45.AGE--Y30T34__ENVCAUSE--ENVCAUSE118__SEX--F,dcid:europe,2019,757.07933
dcs:who/AIR_45.AGE--Y35T39__ENVCAUSE--ENVCAUSE118__SEX--F,dcid:europe,2019,1095.88486
dcs:who/AIR_45.AGE--Y55T59__ENVCAUSE--ENVCAUSE039__SEX--F,dcid:europe,2019,10375.164
dcs:who/AIR_45.AGE--Y50T54__ENVCAUSE--ENVCAUSE068__SEX--F,dcid:europe,2019,12616.62688
dcs:who/AIR_45.AGE--Y60T64__ENVCAUSE--ENVCAUSE039__SEX--F,dcid:europe,2019,12893.46009
dcs:who/AIR_45.AGE--Y75T79__ENVCAUSE--ENVCAUSE039__SEX--F,dcid:europe,2019,20918.49921
dcs:who/AIR_45.AGE--Y40T44__ENVCAUSE--ENVCAUSE039__SEX--F,dcid:europe,2019,7370.31208
dcs:who/AIR_45.AGE--Y35T39__ENVCAUSE--ENVCAUSE068__SEX--F,dcid:europe,2019,1596.03073
dcs:who/AIR_45.AGE--Y75T79__ENVCAUSE--ENVCAUSE114__SEX--F,dcid:europe,2019,118923.7317
dcs:who/AIR_45.AGE--Y10T14__ENVCAUSE--ENVCAUSE039__SEX--F,dcid:europe,2019,4788.83062
dcs:who/AIR_45.AGE--Y65T69__ENVCAUSE--ENVCAUSE039__SEX--F,dcid:europe,2019,15370.87033
dcs:who/AIR_45.AGE--Y45T49__ENVCAUSE--ENVCAUSE039__SEX--F,dcid:europe,2019,7272.12956
dcs:who/AIR_45.AGE--Y_GE80__ENVCAUSE--ENVCAUSE118__SEX--F,dcid:europe,2019,69966.48908
dcs:who/AIR_45.AGE--Y55T59__ENVCAUSE--ENVCAUSE118__SEX--F,dcid:europe,2019,10872.27765
dcs:who/AIR_45.ENVCAUSE--ENVCAUSE039__SEX--F,dcid:europe,2019,288007.6251
dcs:who/AIR_45.ENVCAUSE--ENVCAUSE068__SEX--F,dcid:europe,2019,148384.1388
dcs:who/AIR_45.AGE--Y45T49__ENVCAUSE--ENVCAUSE113__SEX--M,dcid:europe,2019,176148.1222
dcs:who/AIR_45.AGE--Y65T69__ENVCAUSE--ENVCAUSE118__SEX--F,dcid:europe,2019,24526.73373
dcs:who/AIR_45.AGE--Y50T54__ENVCAUSE--ENVCAUSE113__SEX--M,dcid:europe,2019,262890.6049
dcs:who/AIR_45.AGE--Y35T39__ENVCAUSE--ENVCAUSE039__SEX--F,dcid:europe,2019,6771.78265
dcs:who/AIR_45.AGE--Y25T29__ENVCAUSE--ENVCAUSE118__SEX--F,dcid:europe,2019,499.4394
dcs:who/AIR_45.AGE--Y70T74__ENVCAUSE--ENVCAUSE039__SEX--F,dcid:europe,2019,16967.33585
dcs:who/AIR_45.AGE--Y15T19__ENVCAUSE--ENVCAUSE039__SEX--F,dcid:europe,2019,3593.85856
dcs:who/AIR_45.ENVCAUSE--ENVCAUSE114__SEX--F,dcid:europe,2019,806336.693
dcs:who/AIR_45.AGE--Y25T29__ENVCAUSE--ENVCAUSE039__SEX--F,dcid:europe,2019,4331.35811
dcs:who/AIR_45.AGE--Y30T34__ENVCAUSE--ENVCAUSE068__SEX--F,dcid:europe,2019,813.99862
dcs:who/AIR_45.AGE--Y20T24__ENVCAUSE--ENVCAUSE039__SEX--F,dcid:europe,2019,3753.41533
dcs:who/AIR_45.AGE--Y55T59__ENVCAUSE--ENVCAUSE068__SEX--F,dcid:europe,2019,20853.41082
dcs:who/AIR_45.AGE--Y30T34__ENVCAUSE--ENVCAUSE113__SEX--M,dcid:europe,2019,30556.87827
dcs:who/AIR_45.AGE--Y45T49__ENVCAUSE--ENVCAUSE068__SEX--F,dcid:europe,2019,7053.37542
dcs:who/AIR_45.AGE--Y25T29__ENVCAUSE--ENVCAUSE113__SEX--M,dcid:europe,2019,12007.39137
dcs:who/AIR_45.AGE--Y_GE80__ENVCAUSE--ENVCAUSE114__SEX--F,dcid:europe,2019,333231.6556
dcs:who/AIR_45.ENVCAUSE--ENVCAUSE118__SEX--F,dcid:europe,2019,193058.7775
dcs:who/AIR_45.AGE--Y65T69__ENVCAUSE--ENVCAUSE068__SEX--F,dcid:europe,2019,26048.73907
dcs:who/AIR_45.AGE--Y25T29__ENVCAUSE--ENVCAUSE068__SEX--F,dcid:europe,2019,436.28672
dcs:who/AIR_45.AGE--Y0T4__ENVCAUSE--ENVCAUSE039__SEX--F,dcid:europe,2019,59713.19819
dcs:who/AIR_45.AGE--Y30T34__ENVCAUSE--ENVCAUSE039__SEX--F,dcid:europe,2019,5502.54307
dcs:who/AIR_45.AGE--Y70T74__ENVCAUSE--ENVCAUSE118__SEX--F,dcid:europe,2019,28027.48719
dcs:who/AIR_45.AGE--Y40T44__ENVCAUSE--ENVCAUSE068__SEX--F,dcid:europe,2019,3383.16413
dcs:who/AIR_45.AGE--Y40T44__ENVCAUSE--ENVCAUSE118__SEX--F,dcid:europe,2019,1656.98672
dcs:who/AIR_45.AGE--Y60T64__ENVCAUSE--ENVCAUSE068__SEX--F,dcid:europe,2019,26188.06812
dcs:who/AIR_45.AGE--Y50T54__ENVCAUSE--ENVCAUSE039__SEX--F,dcid:europe,2019,7872.24907
dcs:who/AIR_45.AGE--Y_GE80__ENVCAUSE--ENVCAUSE068__SEX--F,dcid:europe,2019,14685.78175
dcs:who/AIR_45.AGE--Y40T44__ENVCAUSE--ENVCAUSE113__SEX--M,dcid:europe,2019,111601.1179
dcs:who/AIR_45.AGE--Y35T39__ENVCAUSE--ENVCAUSE113__SEX--M,dcid:europe,2019,61036.03817
dcs:who/AIR_45.AGE--Y70T74__ENVCAUSE--ENVCAUSE068__SEX--F,dcid:europe,2019,21372.6268
dcs:who/AIR_45.AGE--Y75T79__ENVCAUSE--ENVCAUSE118__SEX--F,dcid:europe,2019,28692.47597
dcs:who/AIR_45.AGE--Y60T64__ENVCAUSE--ENVCAUSE118__SEX--F,dcid:europe,2019,18553.51055
dcs:who/AIR_45.AGE--Y_GE80__ENVCAUSE--ENVCAUSE039__SEX--F,dcid:europe,2019,93511.93192
dcs:who/AIR_45.AGE--Y50T54__ENVCAUSE--ENVCAUSE118__SEX--F,dcid:europe,2019,5602.69776
dcs:who/AIR_45.AGE--Y5T9__ENVCAUSE--ENVCAUSE039__SEX--F,dcid:europe,2019,7000.68651
dcs:who/AIR_45.SEX--M,dcid:europe,2019,5455637.684
dcs:who/AIR_45.AGE--Y45T49__ENVCAUSE--ENVCAUSE118__SEX--F,dcid:europe,2019,2807.71526
dcs:who/AIR_45.AGE--Y75T79__ENVCAUSE--ENVCAUSE068__SEX--F,dcid:europe,2019,13336.02975
dcs:who/AIR_45.ENVCAUSE--ENVCAUSE068,dcid:europe,2019,566347.3014
dcs:who/AIR_45.AGE--Y25T29__ENVCAUSE--ENVCAUSE068,dcid:europe,2019,1044.18655
dcs:who/AIR_45.AGE--Y75T79__ENVCAUSE--ENVCAUSE068,dcid:europe,2019,47899.76538
dcs:who/AIR_45.AGE--Y50T54__ENVCAUSE--ENVCAUSE114__SEX--F,dcid:europe,2019,27066.04465
dcs:who/AIR_45.AGE--Y_GE80__ENVCAUSE--ENVCAUSE068,dcid:europe,2019,45092.5926
dcs:who/AIR_45.AGE--Y30T34__ENVCAUSE--ENVCAUSE113__SEX--F,dcid:europe,2019,8224.22092
dcs:who/AIR_45.AGE--Y55T59__ENVCAUSE--ENVCAUSE068,dcid:europe,2019,86113.77367
dcs:who/AIR_45.AGE--Y60T64__ENVCAUSE--ENVCAUSE068,dcid:europe,2019,108843.1142
dcs:who/AIR_45.AGE--Y70T74__ENVCAUSE--ENVCAUSE039,dcid:europe,2019,44398.32836
dcs:who/AIR_45.AGE--Y_GE80__ENVCAUSE--ENVCAUSE113__SEX--F,dcid:europe,2019,1129078.853
dcs:who/AIR_45.AGE--Y60T64__ENVCAUSE--ENVCAUSE039,dcid:europe,2019,44657.40179
dcs:who/AIR_45.AGE--Y55T59__ENVCAUSE--ENVCAUSE039,dcid:europe,2019,39734.64019
dcs:who/AIR_45.AGE--Y45T49__ENVCAUSE--ENVCAUSE114__SEX--F,dcid:europe,2019,18471.82969
dcs:who/AIR_45.AGE--Y55T59__ENVCAUSE--ENVCAUSE114__SEX--F,dcid:europe,2019,43518.11133
dcs:who/AIR_45.AGE--Y45T49__ENVCAUSE--ENVCAUSE068,dcid:europe,2019,26099.64622
dcs:who/AIR_45.ENVCAUSE--ENVCAUSE039,dcid:europe,2019,715169.2545
dcs:who/AIR_45.AGE--Y65T69__ENVCAUSE--ENVCAUSE039,dcid:europe,2019,45531.57791
dcs:who/AIR_45.AGE--Y45T49__ENVCAUSE--ENVCAUSE113__SEX--F,dcid:europe,2019,42337.61776
dcs:who/AIR_45.AGE--Y35T39__ENVCAUSE--ENVCAUSE114__SEX--F,dcid:europe,2019,7131.30319
dcs:who/AIR_45.AGE--Y45T49__ENVCAUSE--ENVCAUSE039,dcid:europe,2019,29900.24852
dcs:who/AIR_45.AGE--Y25T29__ENVCAUSE--ENVCAUSE114__SEX--F,dcid:europe,2019,1989.4275
dcs:who/AIR_45.AGE--Y65T69__ENVCAUSE--ENVCAUSE068,dcid:europe,2019,104904.1655
dcs:who/AIR_45.AGE--Y_GE80__ENVCAUSE--ENVCAUSE039,dcid:europe,2019,166300.1563
dcs:who/AIR_45.AGE--Y40T44__ENVCAUSE--ENVCAUSE113__SEX--F,dcid:europe,2019,25506.71029
dcs:who/AIR_45.AGE--Y5T9__ENVCAUSE--ENVCAUSE039,dcid:europe,2019,14379.16605
dcs:who/AIR_45.AGE--Y70T74__ENVCAUSE--ENVCAUSE068,dcid:europe,2019,79589.26928
dcs:who/AIR_45.AGE--Y35T39__ENVCAUSE--ENVCAUSE068,dcid:europe,2019,4383.53746
dcs:who/AIR_45.AGE--Y35T39__ENVCAUSE--ENVCAUSE113__SEX--F,dcid:europe,2019,14722.86144
dcs:who/AIR_45.AGE--Y70T74__ENVCAUSE--ENVCAUSE114__SEX--F,dcid:europe,2019,92208.73124
dcs:who/AIR_45.AGE--Y25T29__ENVCAUSE--ENVCAUSE113__SEX--F,dcid:europe,2019,4128.30042
dcs:who/AIR_45.AGE--Y50T54__ENVCAUSE--ENVCAUSE068,dcid:europe,2019,50238.98811
dcs:who/AIR_45.AGE--Y65T69__ENVCAUSE--ENVCAUSE114__SEX--F,dcid:europe,2019,86811.3948
dcs:who/AIR_45.AGE--Y60T64__ENVCAUSE--ENVCAUSE114__SEX--F,dcid:europe,2019,61015.28177
dcs:who/AIR_45.AGE--Y35T39__ENVCAUSE--ENVCAUSE039,dcid:europe,2019,24458.20427
dcs:who/AIR_45.AGE--Y55T59__ENVCAUSE--ENVCAUSE113__SEX--F,dcid:europe,2019,123415.4453
dcs:who/AIR_45.AGE--Y75T79__ENVCAUSE--ENVCAUSE113__SEX--F,dcid:europe,2019,371953.5292
dcs:who/AIR_45.SEX--F,dcid:europe,2019,3983411.684
dcs:who/AIR_45.AGE--Y10T14__ENVCAUSE--ENVCAUSE039,dcid:europe,2019,10242.67205
dcs:who/AIR_45.AGE--Y60T64__ENVCAUSE--ENVCAUSE113__SEX--F,dcid:europe,2019,194039.3032
dcs:who/AIR_45.AGE--Y0T4__ENVCAUSE--ENVCAUSE039,dcid:europe,2019,142395.3343
dcs:who/AIR_45.AGE--Y40T44__ENVCAUSE--ENVCAUSE068,dcid:europe,2019,10078.46379
dcs:who/AIR_45.AGE--Y40T44__ENVCAUSE--ENVCAUSE039,dcid:europe,2019,28847.84912
dcs:who/AIR_45.AGE--Y20T24__ENVCAUSE--ENVCAUSE039,dcid:europe,2019,8664.13376
dcs:who/AIR_45.AGE--Y30T34__ENVCAUSE--ENVCAUSE039,dcid:europe,2019,17451.85086
dcs:who/AIR_45.AGE--Y65T69__ENVCAUSE--ENVCAUSE113__SEX--F,dcid:europe,2019,278754.8736
dcs:who/AIR_45.ENVCAUSE--ENVCAUSE113__SEX--F,dcid:europe,2019,2547624.45
dcs:who/AIR_45.AGE--Y30T34__ENVCAUSE--ENVCAUSE114__SEX--F,dcid:europe,2019,4036.76774
dcs:who/AIR_45.AGE--Y50T54__ENVCAUSE--ENVCAUSE039,dcid:europe,2019,31213.79239
dcs:who/AIR_45.AGE--Y15T19__ENVCAUSE--ENVCAUSE039,dcid:europe,2019,8327.3788
dcs:who/AIR_45.AGE--Y75T79__ENVCAUSE--ENVCAUSE039,dcid:europe,2019,47691.10044
dcs:who/AIR_45.AGE--Y30T34__ENVCAUSE--ENVCAUSE068,dcid:europe,2019,2059.79864
dcs:who/AIR_45.AGE--Y70T74__ENVCAUSE--ENVCAUSE113__SEX--F,dcid:europe,2019,288979.7844
dcs:who/AIR_45.AGE--Y50T54__ENVCAUSE--ENVCAUSE113__SEX--F,dcid:europe,2019,66482.95012
dcs:who/AIR_45.AGE--Y40T44__ENVCAUSE--ENVCAUSE114__SEX--F,dcid:europe,2019,11932.41381
dcs:who/AIR_45.AGE--Y25T29__ENVCAUSE--ENVCAUSE039,dcid:europe,2019,10975.41936
dcs:who/AIR_45.AGE--Y60T64__ENVCAUSE--ENVCAUSE113,dcid:europe,2019,700444.4202
dcs:who/AIR_45.AGE--Y55T59__ENVCAUSE--ENVCAUSE118,dcid:europe,2019,34530.96903
dcs:who/AIR_45.AGE--Y70T74__ENVCAUSE--ENVCAUSE118,dcid:europe,2019,77572.16484
dcs:who/AIR_45.AGE--Y75T79__ENVCAUSE--ENVCAUSE114,dcid:europe,2019,211701.5524
dcs:who/AIR_45.AGE--Y75T79__ENVCAUSE--ENVCAUSE113,dcid:europe,2019,731898.8437
dcs:who/AIR_45.ENVCAUSE--ENVCAUSE118,dcid:europe,2019,504867.7546
dcs:who/AIR_45.AGE--Y70T74__ENVCAUSE--ENVCAUSE113,dcid:europe,2019,702168.1702
dcs:who/AIR_45.AGE--Y65T69__ENVCAUSE--ENVCAUSE118,dcid:europe,2019,72934.68378
dcs:who/AIR_45.AGE--Y70T74__ENVCAUSE--ENVCAUSE114,dcid:europe,2019,193407.2104
dcs:who/AIR_45.AGE--Y50T54__ENVCAUSE--ENVCAUSE114,dcid:europe,2019,77424.51715
dcs:who/AIR_45.AGE--Y50T54__ENVCAUSE--ENVCAUSE118,dcid:europe,2019,18414.46724
dcs:who/AIR_45.AGE--Y40T44__ENVCAUSE--ENVCAUSE114,dcid:europe,2019,35513.73023
dcs:who/AIR_45.AGE--Y_GE80__ENVCAUSE--ENVCAUSE118,dcid:europe,2019,148284.6397
dcs:who/AIR_45.AGE--Y35T39__ENVCAUSE--ENVCAUSE118,dcid:europe,2019,3352.52622
dcs:who/AIR_45.AGE--Y55T59__ENVCAUSE--ENVCAUSE113,dcid:europe,2019,523241.8769
dcs:who/AIR_45.AGE--Y30T34__ENVCAUSE--ENVCAUSE114,dcid:europe,2019,11369.84702
dcs:who/AIR_45.AGE--Y40T44__ENVCAUSE--ENVCAUSE113,dcid:europe,2019,137107.8282
dcs:who/AIR_45.AGE--Y65T69__ENVCAUSE--ENVCAUSE113,dcid:europe,2019,803682.8849
dcs:who/AIR_45.ENVCAUSE--ENVCAUSE114,dcid:europe,2019,1598970.141
dcs:who/AIR_45.AGE--Y35T39__ENVCAUSE--ENVCAUSE113,dcid:europe,2019,75758.89961
dcs:who/AIR_45.AGE--Y45T49__ENVCAUSE--ENVCAUSE114,dcid:europe,2019,53193.86931
dcs:who/AIR_45.AGE--Y60T64__ENVCAUSE--ENVCAUSE114,dcid:europe,2019,165924.2954
dcs:who/AIR_45.AGE--Y50T54__ENVCAUSE--ENVCAUSE113,dcid:europe,2019,329373.5551
dcs:who/AIR_45.AGE--Y75T79__ENVCAUSE--ENVCAUSE118,dcid:europe,2019,73728.79636
dcs:who/AIR_45.AGE--Y25T29__ENVCAUSE--ENVCAUSE114,dcid:europe,2019,5453.52415
dcs:who/AIR_45.AGE--Y45T49__ENVCAUSE--ENVCAUSE113,dcid:europe,2019,218485.7399
dcs:who/AIR_45.AGE--Y60T64__ENVCAUSE--ENVCAUSE118,dcid:europe,2019,57481.48209
dcs:who/AIR_45.AGE--Y55T59__ENVCAUSE--ENVCAUSE114,dcid:europe,2019,122587.4297
dcs:who/AIR_45.AGE--Y30T34__ENVCAUSE--ENVCAUSE118,dcid:europe,2019,2050.22807
dcs:who/AIR_45.AGE--Y25T29__ENVCAUSE--ENVCAUSE113,dcid:europe,2019,16135.6918
dcs:who/AIR_45.AGE--Y_GE80__ENVCAUSE--ENVCAUSE113,dcid:europe,2019,1776615.907
dcs:who/AIR_45.AGE--Y65T69__ENVCAUSE--ENVCAUSE114,dcid:europe,2019,206697.2961
dcs:who/AIR_45.AGE--Y45T49__ENVCAUSE--ENVCAUSE118,dcid:europe,2019,9563.88708
dcs:who/AIR_45,dcid:europe,2019,9439049.369
dcs:who/AIR_45.AGE--Y35T39__ENVCAUSE--ENVCAUSE114,dcid:europe,2019,20957.58678
dcs:who/AIR_45.AGE--Y40T44__ENVCAUSE--ENVCAUSE118,dcid:europe,2019,5713.77622
dcs:who/AIR_45.AGE--Y_GE80__ENVCAUSE--ENVCAUSE114,dcid:europe,2019,494739.2823
dcs:who/AIR_45.ENVCAUSE--ENVCAUSE113,dcid:europe,2019,6053694.917
dcs:who/AIR_45.AGE--Y30T34__ENVCAUSE--ENVCAUSE113,dcid:europe,2019,38781.09919
dcs:who/AIR_45.AGE--Y25T29__ENVCAUSE--ENVCAUSE118,dcid:europe,2019,1240.13397
dcs:who/AIR_45.AGE--Y75T79__ENVCAUSE--ENVCAUSE039__SEX--M,dcid:oceania,2019,378.16108
dcs:who/AIR_45.AGE--Y60T64__ENVCAUSE--ENVCAUSE068__SEX--M,dcid:oceania,2019,763.22006
dcs:who/AIR_45.AGE--Y45T49__ENVCAUSE--ENVCAUSE068__SEX--M,dcid:oceania,2019,166.85423
dcs:who/AIR_45.AGE--Y25T29__ENVCAUSE--ENVCAUSE068__SEX--M,dcid:oceania,2019,3.51021
dcs:who/AIR_45.AGE--Y70T74__ENVCAUSE--ENVCAUSE068__SEX--M,dcid:oceania,2019,829.60504
dcs:who/AIR_45.ENVCAUSE--ENVCAUSE039__SEX--M,dcid:oceania,2019,11095.51053
dcs:who/AIR_45.AGE--Y55T59__ENVCAUSE--ENVCAUSE039__SEX--M,dcid:oceania,2019,335.69063
dcs:who/AIR_45.AGE--Y75T79__ENVCAUSE--ENVCAUSE068__SEX--M,dcid:oceania,2019,607.04738
dcs:who/AIR_45.AGE--Y50T54__ENVCAUSE--ENVCAUSE068__SEX--M,dcid:oceania,2019,321.12683
dcs:who/AIR_45.AGE--Y70T74__ENVCAUSE--ENVCAUSE039__SEX--M,dcid:oceania,2019,401.94894
dcs:who/AIR_45.AGE--Y_GE80__ENVCAUSE--ENVCAUSE068__SEX--M,dcid:oceania,2019,632.51586
dcs:who/AIR_45.AGE--Y_GE80__ENVCAUSE--ENVCAUSE039__SEX--M,dcid:oceania,2019,1396.98914
dcs:who/AIR_45.AGE--Y40T44__ENVCAUSE--ENVCAUSE068__SEX--M,dcid:oceania,2019,73.23217
dcs:who/AIR_45.AGE--Y50T54__ENVCAUSE--ENVCAUSE039__SEX--M,dcid:oceania,2019,309.95571
dcs:who/AIR_45.AGE--Y55T59__ENVCAUSE--ENVCAUSE068__SEX--M,dcid:oceania,2019,559.26778
dcs:who/AIR_45.AGE--Y60T64__ENVCAUSE--ENVCAUSE039__SEX--M,dcid:oceania,2019,419.39112
dcs:who/AIR_45.AGE--Y65T69__ENVCAUSE--ENVCAUSE068__SEX--M,dcid:oceania,2019,817.40548
dcs:who/AIR_45.ENVCAUSE--ENVCAUSE068__SEX--M,dcid:oceania,2019,4809.38067
dcs:who/AIR_45.AGE--Y65T69__ENVCAUSE--ENVCAUSE039__SEX--M,dcid:oceania,2019,422.33768
dcs:who/AIR_45.AGE--Y30T34__ENVCAUSE--ENVCAUSE068__SEX--M,dcid:oceania,2019,8.52544
dcs:who/AIR_45.AGE--Y35T39__ENVCAUSE--ENVCAUSE068__SEX--M,dcid:oceania,2019,27.07019
dcs:who/AIR_45.AGE--Y75T79__ENVCAUSE--ENVCAUSE068__SEX--F,dcid:oceania,2019,425.45984
dcs:who/AIR_45.AGE--Y20T24__ENVCAUSE--ENVCAUSE039__SEX--M,dcid:oceania,2019,167.72498
dcs:who/AIR_45.AGE--Y45T49__ENVCAUSE--ENVCAUSE118__SEX--M,dcid:oceania,2019,323.89902
dcs:who/AIR_45.AGE--Y40T44__ENVCAUSE--ENVCAUSE113__SEX--M,dcid:oceania,2019,3706.61314
dcs:who/AIR_45.AGE--Y35T39__ENVCAUSE--ENVCAUSE114__SEX--M,dcid:oceania,2019,605.71659
dcs:who/AIR_45.ENVCAUSE--ENVCAUSE114__SEX--M,dcid:oceania,2019,12963.26027
dcs:who/AIR_45.AGE--Y40T44__ENVCAUSE--ENVCAUSE118__SEX--M,dcid:oceania,2019,168.0752
dcs:who/AIR_45.ENVCAUSE--ENVCAUSE068__SEX--F,dcid:oceania,2019,3447.60232
dcs:who/AIR_45.AGE--Y30T34__ENVCAUSE--ENVCAUSE039__SEX--M,dcid:oceania,2019,244.87735
dcs:who/AIR_45.AGE--Y40T44__ENVCAUSE--ENVCAUSE114__SEX--M,dcid:oceania,2019,830.44711
dcs:who/AIR_45.AGE--Y30T34__ENVCAUSE--ENVCAUSE113__SEX--M,dcid:oceania,2019,1185.37112
dcs:who/AIR_45.AGE--Y55T59__ENVCAUSE--ENVCAUSE114__SEX--M,dcid:oceania,2019,1269.7655
dcs:who/AIR_45.AGE--Y70T74__ENVCAUSE--ENVCAUSE113__SEX--M,dcid:oceania,2019,5904.87361
dcs:who/AIR_45.AGE--Y_GE80__ENVCAUSE--ENVCAUSE068__SEX--F,dcid:oceania,2019,435.97192
dcs:who/AIR_45.AGE--Y_GE80__ENVCAUSE--ENVCAUSE114__SEX--M,dcid:oceania,2019,2386.6181
dcs:who/AIR_45.AGE--Y60T64__ENVCAUSE--ENVCAUSE114__SEX--M,dcid:oceania,2019,1311.27364
dcs:who/AIR_45.AGE--Y30T34__ENVCAUSE--ENVCAUSE118__SEX--M,dcid:oceania,2019,90.86965
dcs:who/AIR_45.AGE--Y50T54__ENVCAUSE--ENVCAUSE118__SEX--M,dcid:oceania,2019,508.47418
dcs:who/AIR_45.AGE--Y70T74__ENVCAUSE--ENVCAUSE114__SEX--M,dcid:oceania,2019,1335.45118
dcs:who/AIR_45.AGE--Y50T54__ENVCAUSE--ENVCAUSE114__SEX--M,dcid:oceania,2019,1176.99415
dcs:who/AIR_45.AGE--Y75T79__ENVCAUSE--ENVCAUSE118__SEX--M,dcid:oceania,2019,1310.90115
dcs:who/AIR_45.AGE--Y25T29__ENVCAUSE--ENVCAUSE118__SEX--M,dcid:oceania,2019,63.72152
dcs:who/AIR_45.SEX--M,dcid:oceania,2019,99787.09796
dcs:who/AIR_45.AGE--Y75T79__ENVCAUSE--ENVCAUSE113__SEX--M,dcid:oceania,2019,4867.92665
dcs:who/AIR_45.AGE--Y55T59__ENVCAUSE--ENVCAUSE113__SEX--M,dcid:oceania,2019,7199.14231
dcs:who/AIR_45.AGE--Y0T4__ENVCAUSE--ENVCAUSE039__SEX--M,dcid:oceania,2019,5302.00979
dcs:who/AIR_45.AGE--Y65T69__ENVCAUSE--ENVCAUSE118__SEX--M,dcid:oceania,2019,1277.09895
dcs:who/AIR_45.AGE--Y75T79__ENVCAUSE--ENVCAUSE114__SEX--M,dcid:oceania,2019,1192.23386
dcs:who/AIR_45.AGE--Y50T54__ENVCAUSE--ENVCAUSE113__SEX--M,dcid:oceania,2019,6488.02728
dcs:who/AIR_45.AGE--Y45T49__ENVCAUSE--ENVCAUSE113__SEX--M,dcid:oceania,2019,5396.49494
dcs:who/AIR_45.AGE--Y40T44__ENVCAUSE--ENVCAUSE039__SEX--M,dcid:oceania,2019,306.05279
dcs:who/AIR_45.AGE--Y70T74__ENVCAUSE--ENVCAUSE068__SEX--F,dcid:oceania,2019,592.20097
dcs:who/AIR_45.ENVCAUSE--ENVCAUSE118__SEX--M,dcid:oceania,2019,9267.71744
dcs:who/AIR_45.AGE--Y65T69__ENVCAUSE--ENVCAUSE113__SEX--M,dcid:oceania,2019,6197.02648
dcs:who/AIR_45.AGE--Y35T39__ENVCAUSE--ENVCAUSE039__SEX--M,dcid:oceania,2019,284.71953
dcs:who/AIR_45.AGE--Y_GE80__ENVCAUSE--ENVCAUSE113__SEX--M,dcid:oceania,2019,10738.86558
dcs:who/AIR_45.AGE--Y10T14__ENVCAUSE--ENVCAUSE039__SEX--M,dcid:oceania,2019,193.23584
dcs:who/AIR_45.AGE--Y35T39__ENVCAUSE--ENVCAUSE118__SEX--M,dcid:oceania,2019,117.16124
dcs:who/AIR_45.AGE--Y25T29__ENVCAUSE--ENVCAUSE113__SEX--M,dcid:oceania,2019,481.05929
dcs:who/AIR_45.AGE--Y25T29__ENVCAUSE--ENVCAUSE114__SEX--M,dcid:oceania,2019,265.02841
dcs:who/AIR_45.AGE--Y70T74__ENVCAUSE--ENVCAUSE118__SEX--M,dcid:oceania,2019,1494.74681
dcs:who/AIR_45.AGE--Y45T49__ENVCAUSE--ENVCAUSE114__SEX--M,dcid:oceania,2019,1005.26171
dcs:who/AIR_45.AGE--Y55T59__ENVCAUSE--ENVCAUSE068__SEX--F,dcid:oceania,2019,441.24184
dcs:who/AIR_45.AGE--Y55T59__ENVCAUSE--ENVCAUSE118__SEX--M,dcid:oceania,2019,780.36468
dcs:who/AIR_45.AGE--Y65T69__ENVCAUSE--ENVCAUSE068__SEX--F,dcid:oceania,2019,558.35832
dcs:who/AIR_45.AGE--Y_GE80__ENVCAUSE--ENVCAUSE118__SEX--M,dcid:oceania,2019,2039.31714
dcs:who/AIR_45.AGE--Y45T49__ENVCAUSE--ENVCAUSE039__SEX--M,dcid:oceania,2019,308.86229
dcs:who/AIR_45.AGE--Y25T29__ENVCAUSE--ENVCAUSE039__SEX--M,dcid:oceania,2019,202.00956
dcs:who/AIR_45.AGE--Y5T9__ENVCAUSE--ENVCAUSE039__SEX--M,dcid:oceania,2019,270.96652
dcs:who/AIR_45.ENVCAUSE--ENVCAUSE113__SEX--M,dcid:oceania,2019,61651.22906
dcs:who/AIR_45.AGE--Y30T34__ENVCAUSE--ENVCAUSE114__SEX--M,dcid:oceania,2019,303.39122
dcs:who/AIR_45.AGE--Y15T19__ENVCAUSE--ENVCAUSE039__SEX--M,dcid:oceania,2019,150.5776
dcs:who/AIR_45.AGE--Y60T64__ENVCAUSE--ENVCAUSE068__SEX--F,dcid:oceania,2019,512.31794
dcs:who/AIR_45.AGE--Y65T69__ENVCAUSE--ENVCAUSE114__SEX--M,dcid:oceania,2019,1281.0788
dcs:who/AIR_45.AGE--Y60T64__ENVCAUSE--ENVCAUSE118__SEX--M,dcid:oceania,2019,1093.08788
dcs:who/AIR_45.AGE--Y60T64__ENVCAUSE--ENVCAUSE113__SEX--M,dcid:oceania,2019,7092.93397
dcs:who/AIR_45.AGE--Y35T39__ENVCAUSE--ENVCAUSE113__SEX--M,dcid:oceania,2019,2392.89467
dcs:who/AIR_45.AGE--Y65T69__ENVCAUSE--ENVCAUSE114__SEX--F,dcid:oceania,2019,1087.65131
dcs:who/AIR_45.AGE--Y60T64__ENVCAUSE--ENVCAUSE114__SEX--F,dcid:oceania,2019,947.3898
dcs:who/AIR_45.AGE--Y_GE80__ENVCAUSE--ENVCAUSE113__SEX--F,dcid:oceania,2019,11571.78189
dcs:who/AIR_45.AGE--Y75T79__ENVCAUSE--ENVCAUSE114__SEX--F,dcid:oceania,2019,1180.35119
dcs:who/AIR_45.AGE--Y75T79__ENVCAUSE--ENVCAUSE118__SEX--F,dcid:oceania,2019,1107.54885
dcs:who/AIR_45.AGE--Y_GE80__ENVCAUSE--ENVCAUSE114__SEX--F,dcid:oceania,2019,3801.50661
dcs:who/AIR_45.AGE--Y30T34__ENVCAUSE--ENVCAUSE114__SEX--F,dcid:oceania,2019,193.25716
dcs:who/AIR_45.AGE--Y30T34__ENVCAUSE--ENVCAUSE039__SEX--F,dcid:oceania,2019,135.43654
dcs:who/AIR_45.AGE--Y25T29__ENVCAUSE--ENVCAUSE118__SEX--F,dcid:oceania,2019,64.58128
dcs:who/AIR_45.AGE--Y60T64__ENVCAUSE--ENVCAUSE039__SEX--F,dcid:oceania,2019,284.32682
dcs:who/AIR_45.AGE--Y25T29__ENVCAUSE--ENVCAUSE114__SEX--F,dcid:oceania,2019,156.25553
dcs:who/AIR_45.AGE--Y25T29__ENVCAUSE--ENVCAUSE039__SEX--F,dcid:oceania,2019,139.93602
dcs:who/AIR_45.AGE--Y65T69__ENVCAUSE--ENVCAUSE118__SEX--F,dcid:oceania,2019,1275.58933
dcs:who/AIR_45.AGE--Y70T74__ENVCAUSE--ENVCAUSE114__SEX--F,dcid:oceania,2019,1072.98911
dcs:who/AIR_45.AGE--Y75T79__ENVCAUSE--ENVCAUSE039__SEX--F,dcid:oceania,2019,373.59556
dcs:who/AIR_45.AGE--Y50T54__ENVCAUSE--ENVCAUSE118__SEX--F,dcid:oceania,2019,461.40861
dcs:who/AIR_45.AGE--Y50T54__ENVCAUSE--ENVCAUSE114__SEX--F,dcid:oceania,2019,824.07526
dcs:who/AIR_45.AGE--Y0T4__ENVCAUSE--ENVCAUSE039__SEX--F,dcid:oceania,2019,3127.61091
dcs:who/AIR_45.AGE--Y_GE80__ENVCAUSE--ENVCAUSE039__SEX--F,dcid:oceania,2019,1927.23203
dcs:who/AIR_45.AGE--Y35T39__ENVCAUSE--ENVCAUSE118__SEX--F,dcid:oceania,2019,152.59044
dcs:who/AIR_45.AGE--Y55T59__ENVCAUSE--ENVCAUSE039__SEX--F,dcid:oceania,2019,274.93105
dcs:who/AIR_45.AGE--Y50T54__ENVCAUSE--ENVCAUSE068__SEX--F,dcid:oceania,2019,247.0097
dcs:who/AIR_45.AGE--Y70T74__ENVCAUSE--ENVCAUSE118__SEX--F,dcid:oceania,2019,1363.1647
dcs:who/AIR_45.AGE--Y25T29__ENVCAUSE--ENVCAUSE068__SEX--F,dcid:oceania,2019,2.24218
dcs:who/AIR_45.ENVCAUSE--ENVCAUSE113__SEX--F,dcid:oceania,2019,31194.99154
dcs:who/AIR_45.AGE--Y30T34__ENVCAUSE--ENVCAUSE068__SEX--F,dcid:oceania,2019,18.8337
dcs:who/AIR_45.AGE--Y35T39__ENVCAUSE--ENVCAUSE114__SEX--F,dcid:oceania,2019,387.36555
dcs:who/AIR_45.AGE--Y65T69__ENVCAUSE--ENVCAUSE039__SEX--F,dcid:oceania,2019,300.04817
dcs:who/AIR_45.AGE--Y45T49__ENVCAUSE--ENVCAUSE118__SEX--F,dcid:oceania,2019,294.78862
dcs:who/AIR_45.AGE--Y15T19__ENVCAUSE--ENVCAUSE039__SEX--F,dcid:oceania,2019,120.72977
dcs:who/AIR_45.AGE--Y50T54__ENVCAUSE--ENVCAUSE039__SEX--F,dcid:oceania,2019,259.6051
dcs:who/AIR_45.AGE--Y20T24__ENVCAUSE--ENVCAUSE039__SEX--F,dcid:oceania,2019,146.54144
dcs:who/AIR_45.ENVCAUSE--ENVCAUSE039__SEX--F,dcid:oceania,2019,8308.90974
dcs:who/AIR_45.AGE--Y_GE80__ENVCAUSE--ENVCAUSE118__SEX--F,dcid:oceania,2019,1849.02655
dcs:who/AIR_45.ENVCAUSE--ENVCAUSE114__SEX--F,dcid:oceania,2019,11769.2613
dcs:who/AIR_45.ENVCAUSE--ENVCAUSE118__SEX--F,dcid:oceania,2019,8544.26095
dcs:who/AIR_45.AGE--Y10T14__ENVCAUSE--ENVCAUSE039__SEX--F,dcid:oceania,2019,99.78987
dcs:who/AIR_45.AGE--Y40T44__ENVCAUSE--ENVCAUSE039__SEX--F,dcid:oceania,2019,176.69956
dcs:who/AIR_45.AGE--Y30T34__ENVCAUSE--ENVCAUSE118__SEX--F,dcid:oceania,2019,96.50642
dcs:who/AIR_45.AGE--Y45T49__ENVCAUSE--ENVCAUSE114__SEX--F,dcid:oceania,2019,694.72072
dcs:who/AIR_45.AGE--Y55T59__ENVCAUSE--ENVCAUSE118__SEX--F,dcid:oceania,2019,687.35971
dcs:who/AIR_45.AGE--Y60T64__ENVCAUSE--ENVCAUSE118__SEX--F,dcid:oceania,2019,974.60696
dcs:who/AIR_45.AGE--Y55T59__ENVCAUSE--ENVCAUSE114__SEX--F,dcid:oceania,2019,909.56527
dcs:who/AIR_45.AGE--Y35T39__ENVCAUSE--ENVCAUSE039__SEX--F,dcid:oceania,2019,254.24513
dcs:who/AIR_45.AGE--Y45T49__ENVCAUSE--ENVCAUSE039__SEX--F,dcid:oceania,2019,193.35476
dcs:who/AIR_45.AGE--Y70T74__ENVCAUSE--ENVCAUSE039__SEX--F,dcid:oceania,2019,314.96017
dcs:who/AIR_45.AGE--Y40T44__ENVCAUSE--ENVCAUSE068__SEX--F,dcid:oceania,2019,51.02592
dcs:who/AIR_45.AGE--Y45T49__ENVCAUSE--ENVCAUSE068__SEX--F,dcid:oceania,2019,144.31218
dcs:who/AIR_45.AGE--Y40T44__ENVCAUSE--ENVCAUSE114__SEX--F,dcid:oceania,2019,514.1338
dcs:who/AIR_45.AGE--Y35T39__ENVCAUSE--ENVCAUSE068__SEX--F,dcid:oceania,2019,18.62781
dcs:who/AIR_45.AGE--Y5T9__ENVCAUSE--ENVCAUSE039__SEX--F,dcid:oceania,2019,179.86684
dcs:who/AIR_45.AGE--Y40T44__ENVCAUSE--ENVCAUSE118__SEX--F,dcid:oceania,2019,217.08948
dcs:who/AIR_45.AGE--Y15T19__ENVCAUSE--ENVCAUSE039,dcid:oceania,2019,271.30737
dcs:who/AIR_45.AGE--Y20T24__ENVCAUSE--ENVCAUSE039,dcid:oceania,2019,314.26642
dcs:who/AIR_45.AGE--Y25T29__ENVCAUSE--ENVCAUSE113__SEX--F,dcid:oceania,2019,134.09223
dcs:who/AIR_45.AGE--Y40T44__ENVCAUSE--ENVCAUSE039,dcid:oceania,2019,482.75235
dcs:who/AIR_45.AGE--Y60T64__ENVCAUSE--ENVCAUSE118,dcid:oceania,2019,2067.69483
dcs:who/AIR_45.AGE--Y50T54__ENVCAUSE--ENVCAUSE113__SEX--F,dcid:oceania,2019,1887.55908
dcs:who/AIR_45.AGE--Y30T34__ENVCAUSE--ENVCAUSE068,dcid:oceania,2019,27.35914
dcs:who/AIR_45.AGE--Y5T9__ENVCAUSE--ENVCAUSE039,dcid:oceania,2019,450.83336
dcs:who/AIR_45.AGE--Y45T49__ENVCAUSE--ENVCAUSE039,dcid:oceania,2019,502.21705
dcs:who/AIR_45.AGE--Y65T69__ENVCAUSE--ENVCAUSE113__SEX--F,dcid:oceania,2019,2829.99366
dcs:who/AIR_45.ENVCAUSE--ENVCAUSE039,dcid:oceania,2019,19404.42027
dcs:who/AIR_45.AGE--Y75T79__ENVCAUSE--ENVCAUSE068,dcid:oceania,2019,1032.50722
dcs:who/AIR_45.AGE--Y65T69__ENVCAUSE--ENVCAUSE068,dcid:oceania,2019,1375.7638
dcs:who/AIR_45.AGE--Y75T79__ENVCAUSE--ENVCAUSE113__SEX--F,dcid:oceania,2019,2949.24691
dcs:who/AIR_45.AGE--Y10T14__ENVCAUSE--ENVCAUSE039,dcid:oceania,2019,293.02571
dcs:who/AIR_45.AGE--Y70T74__ENVCAUSE--ENVCAUSE039,dcid:oceania,2019,716.90911
dcs:who/AIR_45.AGE--Y70T74__ENVCAUSE--ENVCAUSE118,dcid:oceania,2019,2857.91151
dcs:who/AIR_45.AGE--Y_GE80__ENVCAUSE--ENVCAUSE118,dcid:oceania,2019,3888.34369
dcs:who/AIR_45.AGE--Y75T79__ENVCAUSE--ENVCAUSE039,dcid:oceania,2019,751.75664
dcs:who/AIR_45.AGE--Y60T64__ENVCAUSE--ENVCAUSE068,dcid:oceania,2019,1275.538
dcs:who/AIR_45.AGE--Y45T49__ENVCAUSE--ENVCAUSE068,dcid:oceania,2019,311.1664
dcs:who/AIR_45.AGE--Y25T29__ENVCAUSE--ENVCAUSE068,dcid:oceania,2019,5.75239
dcs:who/AIR_45.AGE--Y70T74__ENVCAUSE--ENVCAUSE068,dcid:oceania,2019,1421.80601
dcs:who/AIR_45.AGE--Y45T49__ENVCAUSE--ENVCAUSE113__SEX--F,dcid:oceania,2019,1642.99138
dcs:who/AIR_45.AGE--Y0T4__ENVCAUSE--ENVCAUSE039,dcid:oceania,2019,8429.6207
dcs:who/AIR_45.SEX--F,dcid:oceania,2019,63265.02585
dcs:who/AIR_45.AGE--Y50T54__ENVCAUSE--ENVCAUSE068,dcid:oceania,2019,568.13653
dcs:who/AIR_45.AGE--Y55T59__ENVCAUSE--ENVCAUSE118,dcid:oceania,2019,1467.7244
dcs:who/AIR_45.AGE--Y55T59__ENVCAUSE--ENVCAUSE039,dcid:oceania,2019,610.62168
dcs:who/AIR_45.AGE--Y_GE80__ENVCAUSE--ENVCAUSE039,dcid:oceania,2019,3324.22116
dcs:who/AIR_45.AGE--Y35T39__ENVCAUSE--ENVCAUSE039,dcid:oceania,2019,538.96466
dcs:who/AIR_45.AGE--Y55T59__ENVCAUSE--ENVCAUSE113__SEX--F,dcid:oceania,2019,2446.01836
dcs:who/AIR_45.AGE--Y75T79__ENVCAUSE--ENVCAUSE118,dcid:oceania,2019,2418.45
dcs:who/AIR_45.ENVCAUSE--ENVCAUSE068,dcid:oceania,2019,8256.98299
dcs:who/AIR_45.AGE--Y35T39__ENVCAUSE--ENVCAUSE068,dcid:oceania,2019,45.698
dcs:who/AIR_45.AGE--Y60T64__ENVCAUSE--ENVCAUSE113__SEX--F,dcid:oceania,2019,2751.61256
dcs:who/AIR_45.ENVCAUSE--ENVCAUSE118,dcid:oceania,2019,17811.97838
dcs:who/AIR_45.AGE--Y35T39__ENVCAUSE--ENVCAUSE113__SEX--F,dcid:oceania,2019,593.04112
dcs:who/AIR_45.AGE--Y30T34__ENVCAUSE--ENVCAUSE113__SEX--F,dcid:oceania,2019,318.12007
dcs:who/AIR_45.AGE--Y40T44__ENVCAUSE--ENVCAUSE068,dcid:oceania,2019,124.25809
dcs:who/AIR_45.AGE--Y45T49__ENVCAUSE--ENVCAUSE118,dcid:oceania,2019,618.68764
dcs:who/AIR_45.AGE--Y40T44__ENVCAUSE--ENVCAUSE113__SEX--F,dcid:oceania,2019,1084.13698
dcs:who/AIR_45.AGE--Y50T54__ENVCAUSE--ENVCAUSE039,dcid:oceania,2019,569.5608
dcs:who/AIR_45.AGE--Y65T69__ENVCAUSE--ENVCAUSE039,dcid:oceania,2019,722.38586
dcs:who/AIR_45.AGE--Y35T39__ENVCAUSE--ENVCAUSE118,dcid:oceania,2019,269.75168
dcs:who/AIR_45.AGE--Y70T74__ENVCAUSE--ENVCAUSE113__SEX--F,dcid:oceania,2019,2986.39731
dcs:who/AIR_45.AGE--Y55T59__ENVCAUSE--ENVCAUSE068,dcid:oceania,2019,1000.50962
dcs:who/AIR_45.AGE--Y25T29__ENVCAUSE--ENVCAUSE039,dcid:oceania,2019,341.94558
dcs:who/AIR_45.AGE--Y65T69__ENVCAUSE--ENVCAUSE118,dcid:oceania,2019,2552.68828
dcs:who/AIR_45.AGE--Y50T54__ENVCAUSE--ENVCAUSE118,dcid:oceania,2019,969.88279
dcs:who/AIR_45.AGE--Y40T44__ENVCAUSE--ENVCAUSE118,dcid:oceania,2019,385.16468
dcs:who/AIR_45.AGE--Y30T34__ENVCAUSE--ENVCAUSE039,dcid:oceania,2019,380.31389
dcs:who/AIR_45.AGE--Y_GE80__ENVCAUSE--ENVCAUSE068,dcid:oceania,2019,1068.48778
dcs:who/AIR_45.AGE--Y60T64__ENVCAUSE--ENVCAUSE039,dcid:oceania,2019,703.71794
dcs:who/AIR_45.ENVCAUSE--ENVCAUSE114,dcid:oceania,2019,24732.52157
dcs:who/AIR_45.AGE--Y60T64__ENVCAUSE--ENVCAUSE113,dcid:oceania,2019,9844.54654
dcs:who/AIR_45.ENVCAUSE--ENVCAUSE113,dcid:oceania,2019,92846.2206
dcs:who/AIR_45.AGE--Y25T29__ENVCAUSE--ENVCAUSE118,dcid:oceania,2019,128.3028
dcs:who/AIR_45.AGE--Y70T74__ENVCAUSE--ENVCAUSE114,dcid:oceania,2019,2408.44029
dcs:who/AIR_45.AGE--Y_GE80__ENVCAUSE--ENVCAUSE114,dcid:oceania,2019,6188.12471
dcs:who/AIR_45.AGE--Y30T34__ENVCAUSE--ENVCAUSE113,dcid:oceania,2019,1503.49119
dcs:who/AIR_45.AGE--Y75T79__ENVCAUSE--ENVCAUSE114,dcid:oceania,2019,2372.58505
dcs:who/AIR_45.AGE--Y30T34__ENVCAUSE--ENVCAUSE118,dcid:oceania,2019,187.37608
dcs:who/AIR_45.AGE--Y30T34__ENVCAUSE--ENVCAUSE114,dcid:oceania,2019,496.64838
dcs:who/AIR_45.AGE--Y65T69__ENVCAUSE--ENVCAUSE114,dcid:oceania,2019,2368.73011
dcs:who/AIR_45.AGE--Y35T39__ENVCAUSE--ENVCAUSE114,dcid:oceania,2019,993.08213
dcs:who/AIR_45.AGE--Y25T29__ENVCAUSE--ENVCAUSE113,dcid:oceania,2019,615.15152
dcs:who/AIR_45.AGE--Y45T49__ENVCAUSE--ENVCAUSE113,dcid:oceania,2019,7039.48632
dcs:who/AIR_45.AGE--Y75T79__ENVCAUSE--ENVCAUSE113,dcid:oceania,2019,7817.17356
dcs:who/AIR_45.AGE--Y_GE80__ENVCAUSE--ENVCAUSE113,dcid:oceania,2019,22310.64748
dcs:who/AIR_45.AGE--Y60T64__ENVCAUSE--ENVCAUSE114,dcid:oceania,2019,2258.66344
dcs:who/AIR_45.AGE--Y35T39__ENVCAUSE--ENVCAUSE113,dcid:oceania,2019,2985.93579
dcs:who/AIR_45.AGE--Y70T74__ENVCAUSE--ENVCAUSE113,dcid:oceania,2019,8891.27092
dcs:who/AIR_45,dcid:oceania,2019,163052.1238
dcs:who/AIR_45.AGE--Y40T44__ENVCAUSE--ENVCAUSE113,dcid:oceania,2019,4790.75012
dcs:who/AIR_45.AGE--Y25T29__ENVCAUSE--ENVCAUSE114,dcid:oceania,2019,421.28394
dcs:who/AIR_45.AGE--Y65T69__ENVCAUSE--ENVCAUSE113,dcid:oceania,2019,9027.02014
dcs:who/AIR_45.AGE--Y55T59__ENVCAUSE--ENVCAUSE113,dcid:oceania,2019,9645.16066
dcs:who/AIR_45.AGE--Y40T44__ENVCAUSE--ENVCAUSE114,dcid:oceania,2019,1344.58092
dcs:who/AIR_45.AGE--Y50T54__ENVCAUSE--ENVCAUSE114,dcid:oceania,2019,2001.0694
dcs:who/AIR_45.AGE--Y55T59__ENVCAUSE--ENVCAUSE114,dcid:oceania,2019,2179.33077
dcs:who/AIR_45.AGE--Y45T49__ENVCAUSE--ENVCAUSE114,dcid:oceania,2019,1699.98243
dcs:who/AIR_45.AGE--Y50T54__ENVCAUSE--ENVCAUSE113,dcid:oceania,2019,8375.58636
dcs:who/AIR_45.AGE--Y65T69__ENVCAUSE--ENVCAUSE068__SEX--M,dcid:undata-geo/G00100100,2019,66217.89868
dcs:who/AIR_45.AGE--Y75T79__ENVCAUSE--ENVCAUSE039__SEX--M,dcid:undata-geo/G00100100,2019,45873.3764
dcs:who/AIR_45.AGE--Y35T39__ENVCAUSE--ENVCAUSE068__SEX--M,dcid:undata-geo/G00100100,2019,1608.554
dcs:who/AIR_45.ENVCAUSE--ENVCAUSE118__SEX--M,dcid:undata-geo/G00100100,2019,351779.78
dcs:who/AIR_45.AGE--Y45T49__ENVCAUSE--ENVCAUSE068__SEX--M,dcid:undata-geo/G00100100,2019,9674.89561
dcs:who/AIR_45.AGE--Y_GE80__ENVCAUSE--ENVCAUSE068__SEX--M,dcid:undata-geo/G00100100,2019,45368.22303
dcs:who/AIR_45.AGE--Y75T79__ENVCAUSE--ENVCAUSE118__SEX--M,dcid:undata-geo/G00100100,2019,54412.31337
dcs:who/AIR_45.AGE--Y15T19__ENVCAUSE--ENVCAUSE039__SEX--M,dcid:undata-geo/G00100100,2019,1738.28522
dcs:who/AIR_45.AGE--Y55T59__ENVCAUSE--ENVCAUSE068__SEX--M,dcid:undata-geo/G00100100,2019,40190.90197
dcs:who/AIR_45.AGE--Y65T69__ENVCAUSE--ENVCAUSE118__SEX--M,dcid:undata-geo/G00100100,2019,46289.56062
dcs:who/AIR_45.AGE--Y60T64__ENVCAUSE--ENVCAUSE039__SEX--M,dcid:undata-geo/G00100100,2019,30337.04872
dcs:who/AIR_45.AGE--Y10T14__ENVCAUSE--ENVCAUSE039__SEX--M,dcid:undata-geo/G00100100,2019,1212.41047
dcs:who/AIR_45.AGE--Y55T59__ENVCAUSE--ENVCAUSE039__SEX--M,dcid:undata-geo/G00100100,2019,23745.24298
dcs:who/AIR_45.AGE--Y70T74__ENVCAUSE--ENVCAUSE068__SEX--M,dcid:undata-geo/G00100100,2019,62071.77346
dcs:who/AIR_45.AGE--Y45T49__ENVCAUSE--ENVCAUSE039__SEX--M,dcid:undata-geo/G00100100,2019,15028.90079
dcs:who/AIR_45.AGE--Y40T44__ENVCAUSE--ENVCAUSE118__SEX--M,dcid:undata-geo/G00100100,2019,3307.22846
dcs:who/AIR_45.AGE--Y20T24__ENVCAUSE--ENVCAUSE039__SEX--M,dcid:undata-geo/G00100100,2019,3170.57357
dcs:who/AIR_45.AGE--Y50T54__ENVCAUSE--ENVCAUSE118__SEX--M,dcid:undata-geo/G00100100,2019,11567.36639
dcs:who/AIR_45.AGE--Y40T44__ENVCAUSE--ENVCAUSE068__SEX--M,dcid:undata-geo/G00100100,2019,4057.55158
dcs:who/AIR_45.AGE--Y25T29__ENVCAUSE--ENVCAUSE039__SEX--M,dcid:undata-geo/G00100100,2019,4381.67294
dcs:who/AIR_45.AGE--Y30T34__ENVCAUSE--ENVCAUSE068__SEX--M,dcid:undata-geo/G00100100,2019,509.675
dcs:who/AIR_45.AGE--Y30T34__ENVCAUSE--ENVCAUSE039__SEX--M,dcid:undata-geo/G00100100,2019,6215.15781
dcs:who/AIR_45.AGE--Y40T44__ENVCAUSE--ENVCAUSE039__SEX--M,dcid:undata-geo/G00100100,2019,11527.81426
dcs:who/AIR_45.AGE--Y45T49__ENVCAUSE--ENVCAUSE118__SEX--M,dcid:undata-geo/G00100100,2019,5933.70326
dcs:who/AIR_45.ENVCAUSE--ENVCAUSE068__SEX--M,dcid:undata-geo/G00100100,2019,353091.377
dcs:who/AIR_45.ENVCAUSE--ENVCAUSE039__SEX--M,dcid:undata-geo/G00100100,2019,393232.9771
dcs:who/AIR_45.AGE--Y70T74__ENVCAUSE--ENVCAUSE118__SEX--M,dcid:undata-geo/G00100100,2019,57179.84563
dcs:who/AIR_45.AGE--Y5T9__ENVCAUSE--ENVCAUSE039__SEX--M,dcid:undata-geo/G00100100,2019,1233.10932
dcs:who/AIR_45.AGE--Y_GE80__ENVCAUSE--ENVCAUSE039__SEX--M,dcid:undata-geo/G00100100,2019,136330.4458
dcs:who/AIR_45.AGE--Y25T29__ENVCAUSE--ENVCAUSE068__SEX--M,dcid:undata-geo/G00100100,2019,209.11173
dcs:who/AIR_45.AGE--Y50T54__ENVCAUSE--ENVCAUSE068__SEX--M,dcid:undata-geo/G00100100,2019,20488.84854
dcs:who/AIR_45.AGE--Y70T74__ENVCAUSE--ENVCAUSE039__SEX--M,dcid:undata-geo/G00100100,2019,39722.66703
dcs:who/AIR_45.AGE--Y55T59__ENVCAUSE--ENVCAUSE118__SEX--M,dcid:undata-geo/G00100100,2019,22399.85551
dcs:who/AIR_45.AGE--Y50T54__ENVCAUSE--ENVCAUSE039__SEX--M,dcid:undata-geo/G00100100,2019,18173.80889
dcs:who/AIR_45.AGE--Y75T79__ENVCAUSE--ENVCAUSE068__SEX--M,dcid:undata-geo/G00100100,2019,43903.73752
dcs:who/AIR_45.AGE--Y60T64__ENVCAUSE--ENVCAUSE118__SEX--M,dcid:undata-geo/G00100100,2019,36325.92256
dcs:who/AIR_45.AGE--Y0T4__ENVCAUSE--ENVCAUSE039__SEX--M,dcid:undata-geo/G00100100,2019,11571.38726
dcs:who/AIR_45.AGE--Y60T64__ENVCAUSE--ENVCAUSE068__SEX--M,dcid:undata-geo/G00100100,2019,58790.2059
dcs:who/AIR_45.AGE--Y35T39__ENVCAUSE--ENVCAUSE039__SEX--M,dcid:undata-geo/G00100100,2019,8495.31199
dcs:who/AIR_45.AGE--Y_GE80__ENVCAUSE--ENVCAUSE118__SEX--M,dcid:undata-geo/G00100100,2019,110153.6118
dcs:who/AIR_45.AGE--Y65T69__ENVCAUSE--ENVCAUSE039__SEX--M,dcid:undata-geo/G00100100,2019,34475.76359
dcs:who/AIR_45.AGE--Y25T29__ENVCAUSE--ENVCAUSE113__SEX--M,dcid:undata-geo/G00100100,2019,10273.17491
dcs:who/AIR_45.AGE--Y25T29__ENVCAUSE--ENVCAUSE068__SEX--F,dcid:undata-geo/G00100100,2019,171.7421
dcs:who/AIR_45.AGE--Y30T34__ENVCAUSE--ENVCAUSE114__SEX--M,dcid:undata-geo/G00100100,2019,6531.0813
dcs:who/AIR_45.AGE--Y65T69__ENVCAUSE--ENVCAUSE068__SEX--F,dcid:undata-geo/G00100100,2019,30805.12476
dcs:who/AIR_45.AGE--Y45T49__ENVCAUSE--ENVCAUSE114__SEX--M,dcid:undata-geo/G00100100,2019,27176.96928
dcs:who/AIR_45.AGE--Y55T59__ENVCAUSE--ENVCAUSE068__SEX--F,dcid:undata-geo/G00100100,2019,22634.14484
dcs:who/AIR_45.ENVCAUSE--ENVCAUSE113__SEX--M,dcid:undata-geo/G00100100,2019,2662753.588
dcs:who/AIR_45.AGE--Y40T44__ENVCAUSE--ENVCAUSE068__SEX--F,dcid:undata-geo/G00100100,2019,2526.52998
dcs:who/AIR_45.ENVCAUSE--ENVCAUSE114__SEX--M,dcid:undata-geo/G00100100,2019,543690.8282
dcs:who/AIR_45.AGE--Y65T69__ENVCAUSE--ENVCAUSE113__SEX--M,dcid:undata-geo/G00100100,2019,336052.054
dcs:who/AIR_45.AGE--Y_GE80__ENVCAUSE--ENVCAUSE113__SEX--M,dcid:undata-geo/G00100100,2019,584745.4976
dcs:who/AIR_45.AGE--Y50T54__ENVCAUSE--ENVCAUSE113__SEX--M,dcid:undata-geo/G00100100,2019,212840.2059
dcs:who/AIR_45.AGE--Y75T79__ENVCAUSE--ENVCAUSE039__SEX--F,dcid:undata-geo/G00100100,2019,28784.66227
dcs:who/AIR_45.AGE--Y75T79__ENVCAUSE--ENVCAUSE114__SEX--M,dcid:undata-geo/G00100100,2019,68422.40494
dcs:who/AIR_45.AGE--Y55T59__ENVCAUSE--ENVCAUSE114__SEX--M,dcid:undata-geo/G00100100,2019,44218.73578
dcs:who/AIR_45.AGE--Y40T44__ENVCAUSE--ENVCAUSE113__SEX--M,dcid:undata-geo/G00100100,2019,86360.5067
dcs:who/AIR_45.AGE--Y30T34__ENVCAUSE--ENVCAUSE068__SEX--F,dcid:undata-geo/G00100100,2019,453.62348
dcs:who/AIR_45.AGE--Y75T79__ENVCAUSE--ENVCAUSE068__SEX--F,dcid:undata-geo/G00100100,2019,20396.28963
dcs:who/AIR_45.AGE--Y40T44__ENVCAUSE--ENVCAUSE114__SEX--M,dcid:undata-geo/G00100100,2019,18331.0992
dcs:who/AIR_45.AGE--Y25T29__ENVCAUSE--ENVCAUSE118__SEX--M,dcid:undata-geo/G00100100,2019,866.26032
dcs:who/AIR_45.AGE--Y70T74__ENVCAUSE--ENVCAUSE113__SEX--M,dcid:undata-geo/G00100100,2019,320046.7722
dcs:who/AIR_45.AGE--Y50T54__ENVCAUSE--ENVCAUSE114__SEX--M,dcid:undata-geo/G00100100,2019,35222.09166
dcs:who/AIR_45.AGE--Y35T39__ENVCAUSE--ENVCAUSE068__SEX--F,dcid:undata-geo/G00100100,2019,1090.36041
dcs:who/AIR_45.AGE--Y65T69__ENVCAUSE--ENVCAUSE114__SEX--M,dcid:undata-geo/G00100100,2019,62534.1422
dcs:who/AIR_45.AGE--Y45T49__ENVCAUSE--ENVCAUSE068__SEX--F,dcid:undata-geo/G00100100,2019,6105.74125
dcs:who/AIR_45.AGE--Y75T79__ENVCAUSE--ENVCAUSE113__SEX--M,dcid:undata-geo/G00100100,2019,272184.5381
dcs:who/AIR_45.AGE--Y70T74__ENVCAUSE--ENVCAUSE114__SEX--M,dcid:undata-geo/G00100100,2019,67682.29933
dcs:who/AIR_45.AGE--Y_GE80__ENVCAUSE--ENVCAUSE114__SEX--M,dcid:undata-geo/G00100100,2019,144139.6006
dcs:who/AIR_45.AGE--Y45T49__ENVCAUSE--ENVCAUSE113__SEX--M,dcid:undata-geo/G00100100,2019,145117.3793
dcs:who/AIR_45.AGE--Y30T34__ENVCAUSE--ENVCAUSE118__SEX--M,dcid:undata-geo/G00100100,2019,1438.70914
dcs:who/AIR_45.AGE--Y35T39__ENVCAUSE--ENVCAUSE114__SEX--M,dcid:undata-geo/G00100100,2019,11368.31979
dcs:who/AIR_45.AGE--Y25T29__ENVCAUSE--ENVCAUSE114__SEX--M,dcid:undata-geo/G00100100,2019,3671.08892
dcs:who/AIR_45.AGE--Y70T74__ENVCAUSE--ENVCAUSE068__SEX--F,dcid:undata-geo/G00100100,2019,28929.69017
dcs:who/AIR_45.AGE--Y35T39__ENVCAUSE--ENVCAUSE118__SEX--M,dcid:undata-geo/G00100100,2019,1905.40293
dcs:who/AIR_45.SEX--M,dcid:undata-geo/G00100100,2019,4304548.55
dcs:who/AIR_45.AGE--Y60T64__ENVCAUSE--ENVCAUSE114__SEX--M,dcid:undata-geo/G00100100,2019,54392.99518
dcs:who/AIR_45.AGE--Y35T39__ENVCAUSE--ENVCAUSE113__SEX--M,dcid:undata-geo/G00100100,2019,47580.95001
dcs:who/AIR_45.AGE--Y60T64__ENVCAUSE--ENVCAUSE113__SEX--M,dcid:undata-geo/G00100100,2019,333940.0494
dcs:who/AIR_45.ENVCAUSE--ENVCAUSE068__SEX--F,dcid:undata-geo/G00100100,2019,180636.4472
dcs:who/AIR_45.AGE--Y_GE80__ENVCAUSE--ENVCAUSE068__SEX--F,dcid:undata-geo/G00100100,2019,26081.34708
dcs:who/AIR_45.AGE--Y60T64__ENVCAUSE--ENVCAUSE068__SEX--F,dcid:undata-geo/G00100100,2019,28909.06974
dcs:who/AIR_45.AGE--Y55T59__ENVCAUSE--ENVCAUSE113__SEX--M,dcid:undata-geo/G00100100,2019,288384.0466
dcs:who/AIR_45.AGE--Y30T34__ENVCAUSE--ENVCAUSE113__SEX--M,dcid:undata-geo/G00100100,2019,25228.4134
dcs:who/AIR_45.AGE--Y50T54__ENVCAUSE--ENVCAUSE068__SEX--F,dcid:undata-geo/G00100100,2019,12532.78373
dcs:who/AIR_45.ENVCAUSE--ENVCAUSE039__SEX--F,dcid:undata-geo/G00100100,2019,298803.7819
dcs:who/AIR_45.AGE--Y_GE80__ENVCAUSE--ENVCAUSE039__SEX--F,dcid:undata-geo/G00100100,2019,157153.2169
dcs:who/AIR_45.AGE--Y50T54__ENVCAUSE--ENVCAUSE118__SEX--F,dcid:undata-geo/G00100100,2019,7754.38114
dcs:who/AIR_45.AGE--Y45T49__ENVCAUSE--ENVCAUSE114__SEX--F,dcid:undata-geo/G00100100,2019,15177.07553
dcs:who/AIR_45.AGE--Y15T19__ENVCAUSE--ENVCAUSE039__SEX--F,dcid:undata-geo/G00100100,2019,1457.65353
dcs:who/AIR_45.AGE--Y70T74__ENVCAUSE--ENVCAUSE039__SEX--F,dcid:undata-geo/G00100100,2019,21241.74387
dcs:who/AIR_45.AGE--Y55T59__ENVCAUSE--ENVCAUSE114__SEX--F,dcid:undata-geo/G00100100,2019,22851.07575
dcs:who/AIR_45.AGE--Y_GE80__ENVCAUSE--ENVCAUSE118__SEX--F,dcid:undata-geo/G00100100,2019,97967.47832
dcs:who/AIR_45.ENVCAUSE--ENVCAUSE118__SEX--F,dcid:undata-geo/G00100100,2019,260909.0882
dcs:who/AIR_45.AGE--Y35T39__ENVCAUSE--ENVCAUSE114__SEX--F,dcid:undata-geo/G00100100,2019,7311.02058
dcs:who/AIR_45.AGE--Y35T39__ENVCAUSE--ENVCAUSE118__SEX--F,dcid:undata-geo/G00100100,2019,927.81855
dcs:who/AIR_45.AGE--Y40T44__ENVCAUSE--ENVCAUSE039__SEX--F,dcid:undata-geo/G00100100,2019,6440.13672
dcs:who/AIR_45.AGE--Y25T29__ENVCAUSE--ENVCAUSE114__SEX--F,dcid:undata-geo/G00100100,2019,2371.45188
dcs:who/AIR_45.AGE--Y60T64__ENVCAUSE--ENVCAUSE118__SEX--F,dcid:undata-geo/G00100100,2019,24537.56748
dcs:who/AIR_45.AGE--Y75T79__ENVCAUSE--ENVCAUSE114__SEX--F,dcid:undata-geo/G00100100,2019,61760.32175
dcs:who/AIR_45.AGE--Y30T34__ENVCAUSE--ENVCAUSE114__SEX--F,dcid:undata-geo/G00100100,2019,4199.6275
dcs:who/AIR_45.AGE--Y40T44__ENVCAUSE--ENVCAUSE118__SEX--F,dcid:undata-geo/G00100100,2019,1608.4668
dcs:who/AIR_45.AGE--Y70T74__ENVCAUSE--ENVCAUSE114__SEX--F,dcid:undata-geo/G00100100,2019,48512.28691
dcs:who/AIR_45.AGE--Y60T64__ENVCAUSE--ENVCAUSE114__SEX--F,dcid:undata-geo/G00100100,2019,28538.57298
dcs:who/AIR_45.ENVCAUSE--ENVCAUSE113__SEX--F,dcid:undata-geo/G00100100,2019,1601980.117
dcs:who/AIR_45.AGE--Y_GE80__ENVCAUSE--ENVCAUSE114__SEX--F,dcid:undata-geo/G00100100,2019,240928.255
dcs:who/AIR_45.AGE--Y50T54__ENVCAUSE--ENVCAUSE114__SEX--F,dcid:undata-geo/G00100100,2019,18533.49708
dcs:who/AIR_45.AGE--Y25T29__ENVCAUSE--ENVCAUSE118__SEX--F,dcid:undata-geo/G00100100,2019,249.2524
dcs:who/AIR_45.AGE--Y10T14__ENVCAUSE--ENVCAUSE039__SEX--F,dcid:undata-geo/G00100100,2019,1082.49473
dcs:who/AIR_45.AGE--Y30T34__ENVCAUSE--ENVCAUSE039__SEX--F,dcid:undata-geo/G00100100,2019,4380.31038
dcs:who/AIR_45.AGE--Y0T4__ENVCAUSE--ENVCAUSE039__SEX--F,dcid:undata-geo/G00100100,2019,9242.98738
dcs:who/AIR_45.AGE--Y60T64__ENVCAUSE--ENVCAUSE039__SEX--F,dcid:undata-geo/G00100100,2019,13905.76408
dcs:who/AIR_45.AGE--Y35T39__ENVCAUSE--ENVCAUSE039__SEX--F,dcid:undata-geo/G00100100,2019,5040.94887
dcs:who/AIR_45.AGE--Y70T74__ENVCAUSE--ENVCAUSE118__SEX--F,dcid:undata-geo/G00100100,2019,39113.77252
dcs:who/AIR_45.AGE--Y55T59__ENVCAUSE--ENVCAUSE039__SEX--F,dcid:undata-geo/G00100100,2019,10576.49333
dcs:who/AIR_45.ENVCAUSE--ENVCAUSE114__SEX--F,dcid:undata-geo/G00100100,2019,499445.2631
dcs:who/AIR_45.AGE--Y75T79__ENVCAUSE--ENVCAUSE118__SEX--F,dcid:undata-geo/G00100100,2019,38014.13409
dcs:who/AIR_45.AGE--Y45T49__ENVCAUSE--ENVCAUSE039__SEX--F,dcid:undata-geo/G00100100,2019,7305.99314
dcs:who/AIR_45.AGE--Y50T54__ENVCAUSE--ENVCAUSE039__SEX--F,dcid:undata-geo/G00100100,2019,8337.89189
dcs:who/AIR_45.AGE--Y5T9__ENVCAUSE--ENVCAUSE039__SEX--F,dcid:undata-geo/G00100100,2019,1401.64703
dcs:who/AIR_45.AGE--Y45T49__ENVCAUSE--ENVCAUSE118__SEX--F,dcid:undata-geo/G00100100,2019,3132.10977
dcs:who/AIR_45.AGE--Y65T69__ENVCAUSE--ENVCAUSE118__SEX--F,dcid:undata-geo/G00100100,2019,31067.39577
dcs:who/AIR_45.AGE--Y65T69__ENVCAUSE--ENVCAUSE114__SEX--F,dcid:undata-geo/G00100100,2019,37716.42794
dcs:who/AIR_45.AGE--Y55T59__ENVCAUSE--ENVCAUSE118__SEX--F,dcid:undata-geo/G00100100,2019,15998.26203
dcs:who/AIR_45.AGE--Y40T44__ENVCAUSE--ENVCAUSE114__SEX--F,dcid:undata-geo/G00100100,2019,11545.65025
dcs:who/AIR_45.AGE--Y25T29__ENVCAUSE--ENVCAUSE039__SEX--F,dcid:undata-geo/G00100100,2019,3202.10938
dcs:who/AIR_45.AGE--Y65T69__ENVCAUSE--ENVCAUSE039__SEX--F,dcid:undata-geo/G00100100,2019,17047.11907
dcs:who/AIR_45.AGE--Y20T24__ENVCAUSE--ENVCAUSE039__SEX--F,dcid:undata-geo/G00100100,2019,2202.60934
dcs:who/AIR_45.AGE--Y30T34__ENVCAUSE--ENVCAUSE118__SEX--F,dcid:undata-geo/G00100100,2019,538.44938
dcs:who/AIR_45.AGE--Y75T79__ENVCAUSE--ENVCAUSE068,dcid:undata-geo/G00100100,2019,64300.02715
dcs:who/AIR_45.AGE--Y75T79__ENVCAUSE--ENVCAUSE113__SEX--F,dcid:undata-geo/G00100100,2019,185122.1476
dcs:who/AIR_45.AGE--Y55T59__ENVCAUSE--ENVCAUSE039,dcid:undata-geo/G00100100,2019,34321.73631
dcs:who/AIR_45.AGE--Y_GE80__ENVCAUSE--ENVCAUSE113__SEX--F,dcid:undata-geo/G00100100,2019,791267.533
dcs:who/AIR_45.AGE--Y65T69__ENVCAUSE--ENVCAUSE113__SEX--F,dcid:undata-geo/G00100100,2019,134496.3077
dcs:who/AIR_45.AGE--Y30T34__ENVCAUSE--ENVCAUSE039,dcid:undata-geo/G00100100,2019,10595.46819
dcs:who/AIR_45.AGE--Y20T24__ENVCAUSE--ENVCAUSE039,dcid:undata-geo/G00100100,2019,5373.1829
dcs:who/AIR_45.AGE--Y75T79__ENVCAUSE--ENVCAUSE039,dcid:undata-geo/G00100100,2019,74658.03867
dcs:who/AIR_45.AGE--Y_GE80__ENVCAUSE--ENVCAUSE118,dcid:undata-geo/G00100100,2019,208121.0901
dcs:who/AIR_45.AGE--Y30T34__ENVCAUSE--ENVCAUSE068,dcid:undata-geo/G00100100,2019,963.29848
dcs:who/AIR_45.AGE--Y60T64__ENVCAUSE--ENVCAUSE068,dcid:undata-geo/G00100100,2019,87699.27565
dcs:who/AIR_45.AGE--Y60T64__ENVCAUSE--ENVCAUSE039,dcid:undata-geo/G00100100,2019,44242.8128
dcs:who/AIR_45.AGE--Y50T54__ENVCAUSE--ENVCAUSE039,dcid:undata-geo/G00100100,2019,26511.70078
dcs:who/AIR_45.AGE--Y0T4__ENVCAUSE--ENVCAUSE039,dcid:undata-geo/G00100100,2019,20814.37465
dcs:who/AIR_45.AGE--Y45T49__ENVCAUSE--ENVCAUSE039,dcid:undata-geo/G00100100,2019,22334.89394
dcs:who/AIR_45.AGE--Y60T64__ENVCAUSE--ENVCAUSE113__SEX--F,dcid:undata-geo/G00100100,2019,108709.3675
dcs:who/AIR_45.AGE--Y55T59__ENVCAUSE--ENVCAUSE068,dcid:undata-geo/G00100100,2019,62825.04681
dcs:who/AIR_45.ENVCAUSE--ENVCAUSE068,dcid:undata-geo/G00100100,2019,533727.8242
dcs:who/AIR_45.ENVCAUSE--ENVCAUSE118,dcid:undata-geo/G00100100,2019,612688.8682
dcs:who/AIR_45.AGE--Y25T29__ENVCAUSE--ENVCAUSE113__SEX--F,dcid:undata-geo/G00100100,2019,3410.27933
dcs:who/AIR_45.AGE--Y45T49__ENVCAUSE--ENVCAUSE113__SEX--F,dcid:undata-geo/G00100100,2019,37563.01268
dcs:who/AIR_45.AGE--Y65T69__ENVCAUSE--ENVCAUSE039,dcid:undata-geo/G00100100,2019,51522.88266
dcs:who/AIR_45.AGE--Y70T74__ENVCAUSE--ENVCAUSE068,dcid:undata-geo/G00100100,2019,91001.46363
dcs:who/AIR_45.AGE--Y25T29__ENVCAUSE--ENVCAUSE039,dcid:undata-geo/G00100100,2019,7583.78232
dcs:who/AIR_45.AGE--Y10T14__ENVCAUSE--ENVCAUSE039,dcid:undata-geo/G00100100,2019,2294.9052
dcs:who/AIR_45.SEX--F,dcid:undata-geo/G00100100,2019,2841774.698
dcs:who/AIR_45.AGE--Y75T79__ENVCAUSE--ENVCAUSE118,dcid:undata-geo/G00100100,2019,92426.44746
dcs:who/AIR_45.AGE--Y25T29__ENVCAUSE--ENVCAUSE068,dcid:undata-geo/G00100100,2019,380.85383
dcs:who/AIR_45.ENVCAUSE--ENVCAUSE039,dcid:undata-geo/G00100100,2019,692036.759
dcs:who/AIR_45.AGE--Y55T59__ENVCAUSE--ENVCAUSE113__SEX--F,dcid:undata-geo/G00100100,2019,81683.57611
dcs:who/AIR_45.AGE--Y70T74__ENVCAUSE--ENVCAUSE118,dcid:undata-geo/G00100100,2019,96293.61815
dcs:who/AIR_45.AGE--Y35T39__ENVCAUSE--ENVCAUSE068,dcid:undata-geo/G00100100,2019,2698.91441
dcs:who/AIR_45.AGE--Y45T49__ENVCAUSE--ENVCAUSE068,dcid:undata-geo/G00100100,2019,15780.63686
dcs:who/AIR_45.AGE--Y65T69__ENVCAUSE--ENVCAUSE068,dcid:undata-geo/G00100100,2019,97023.02343
dcs:who/AIR_45.AGE--Y40T44__ENVCAUSE--ENVCAUSE068,dcid:undata-geo/G00100100,2019,6584.08156
dcs:who/AIR_45.AGE--Y30T34__ENVCAUSE--ENVCAUSE113__SEX--F,dcid:undata-geo/G00100100,2019,7534.18158
dcs:who/AIR_45.AGE--Y5T9__ENVCAUSE--ENVCAUSE039,dcid:undata-geo/G00100100,2019,2634.75635
dcs:who/AIR_45.AGE--Y_GE80__ENVCAUSE--ENVCAUSE039,dcid:undata-geo/G00100100,2019,293483.6627
dcs:who/AIR_45.AGE--Y15T19__ENVCAUSE--ENVCAUSE039,dcid:undata-geo/G00100100,2019,3195.93875
dcs:who/AIR_45.AGE--Y50T54__ENVCAUSE--ENVCAUSE068,dcid:undata-geo/G00100100,2019,33021.63227
dcs:who/AIR_45.AGE--Y60T64__ENVCAUSE--ENVCAUSE118,dcid:undata-geo/G00100100,2019,60863.49004
dcs:who/AIR_45.AGE--Y65T69__ENVCAUSE--ENVCAUSE118,dcid:undata-geo/G00100100,2019,77356.95638
dcs:who/AIR_45.AGE--Y70T74__ENVCAUSE--ENVCAUSE113__SEX--F,dcid:undata-geo/G00100100,2019,160638.7452
dcs:who/AIR_45.AGE--Y50T54__ENVCAUSE--ENVCAUSE113__SEX--F,dcid:undata-geo/G00100100,2019,55893.86421
dcs:who/AIR_45.AGE--Y40T44__ENVCAUSE--ENVCAUSE113__SEX--F,dcid:undata-geo/G00100100,2019,22615.3231
dcs:who/AIR_45.AGE--Y35T39__ENVCAUSE--ENVCAUSE039,dcid:undata-geo/G00100100,2019,13536.26086
dcs:who/AIR_45.AGE--Y_GE80__ENVCAUSE--ENVCAUSE068,dcid:undata-geo/G00100100,2019,71449.5701
dcs:who/AIR_45.AGE--Y70T74__ENVCAUSE--ENVCAUSE039,dcid:undata-geo/G00100100,2019,60964.4109
dcs:who/AIR_45.AGE--Y40T44__ENVCAUSE--ENVCAUSE039,dcid:undata-geo/G00100100,2019,17967.95098
dcs:who/AIR_45.AGE--Y35T39__ENVCAUSE--ENVCAUSE113__SEX--F,dcid:undata-geo/G00100100,2019,13045.77912
dcs:who/AIR_45.AGE--Y65T69__ENVCAUSE--ENVCAUSE114,dcid:undata-geo/G00100100,2019,100250.5701
dcs:who/AIR_45.AGE--Y55T59__ENVCAUSE--ENVCAUSE118,dcid:undata-geo/G00100100,2019,38398.11754
dcs:who/AIR_45.AGE--Y_GE80__ENVCAUSE--ENVCAUSE113,dcid:undata-geo/G00100100,2019,1376013.031
dcs:who/AIR_45.AGE--Y30T34__ENVCAUSE--ENVCAUSE114,dcid:undata-geo/G00100100,2019,10730.70879
dcs:who/AIR_45.AGE--Y45T49__ENVCAUSE--ENVCAUSE113,dcid:undata-geo/G00100100,2019,182680.392
dcs:who/AIR_45.AGE--Y45T49__ENVCAUSE--ENVCAUSE114,dcid:undata-geo/G00100100,2019,42354.04481
dcs:who/AIR_45.AGE--Y30T34__ENVCAUSE--ENVCAUSE118,dcid:undata-geo/G00100100,2019,1977.15851
dcs:who/AIR_45.AGE--Y25T29__ENVCAUSE--ENVCAUSE114,dcid:undata-geo/G00100100,2019,6042.54081
dcs:who/AIR_45.ENVCAUSE--ENVCAUSE113,dcid:undata-geo/G00100100,2019,4264733.705
dcs:who/AIR_45,dcid:undata-geo/G00100100,2019,7146323.248
dcs:who/AIR_45.AGE--Y45T49__ENVCAUSE--ENVCAUSE118,dcid:undata-geo/G00100100,2019,9065.81304
dcs:who/AIR_45.AGE--Y50T54__ENVCAUSE--ENVCAUSE113,dcid:undata-geo/G00100100,2019,268734.0702
dcs:who/AIR_45.AGE--Y70T74__ENVCAUSE--ENVCAUSE114,dcid:undata-geo/G00100100,2019,116194.5862
dcs:who/AIR_45.AGE--Y_GE80__ENVCAUSE--ENVCAUSE114,dcid:undata-geo/G00100100,2019,385067.8556
dcs:who/AIR_45.AGE--Y35T39__ENVCAUSE--ENVCAUSE114,dcid:undata-geo/G00100100,2019,18679.34037
dcs:who/AIR_45.ENVCAUSE--ENVCAUSE114,dcid:undata-geo/G00100100,2019,1043136.091
dcs:who/AIR_45.AGE--Y75T79__ENVCAUSE--ENVCAUSE113,dcid:undata-geo/G00100100,2019,457306.6857
dcs:who/AIR_45.AGE--Y35T39__ENVCAUSE--ENVCAUSE113,dcid:undata-geo/G00100100,2019,60626.72913
dcs:who/AIR_45.AGE--Y50T54__ENVCAUSE--ENVCAUSE118,dcid:undata-geo/G00100100,2019,19321.74753
dcs:who/AIR_45.AGE--Y35T39__ENVCAUSE--ENVCAUSE118,dcid:undata-geo/G00100100,2019,2833.22148
dcs:who/AIR_45.AGE--Y50T54__ENVCAUSE--ENVCAUSE114,dcid:undata-geo/G00100100,2019,53755.58874
dcs:who/AIR_45.AGE--Y75T79__ENVCAUSE--ENVCAUSE114,dcid:undata-geo/G00100100,2019,130182.7267
dcs:who/AIR_45.AGE--Y60T64__ENVCAUSE--ENVCAUSE113,dcid:undata-geo/G00100100,2019,442649.4169
dcs:who/AIR_45.AGE--Y70T74__ENVCAUSE--ENVCAUSE113,dcid:undata-geo/G00100100,2019,480685.5174
dcs:who/AIR_45.AGE--Y55T59__ENVCAUSE--ENVCAUSE113,dcid:undata-geo/G00100100,2019,370067.6227
dcs:who/AIR_45.AGE--Y25T29__ENVCAUSE--ENVCAUSE113,dcid:undata-geo/G00100100,2019,13683.45424
dcs:who/AIR_45.AGE--Y60T64__ENVCAUSE--ENVCAUSE114,dcid:undata-geo/G00100100,2019,82931.56816
dcs:who/AIR_45.AGE--Y40T44__ENVCAUSE--ENVCAUSE114,dcid:undata-geo/G00100100,2019,29876.74945
dcs:who/AIR_45.AGE--Y65T69__ENVCAUSE--ENVCAUSE113,dcid:undata-geo/G00100100,2019,470548.3617
dcs:who/AIR_45.AGE--Y55T59__ENVCAUSE--ENVCAUSE114,dcid:undata-geo/G00100100,2019,67069.81153
dcs:who/AIR_45.AGE--Y30T34__ENVCAUSE--ENVCAUSE113,dcid:undata-geo/G00100100,2019,32762.59498
dcs:who/AIR_45.AGE--Y25T29__ENVCAUSE--ENVCAUSE118,dcid:undata-geo/G00100100,2019,1115.51272
dcs:who/AIR_45.AGE--Y40T44__ENVCAUSE--ENVCAUSE118,dcid:undata-geo/G00100100,2019,4915.69526
dcs:who/AIR_45.AGE--Y40T44__ENVCAUSE--ENVCAUSE113,dcid:undata-geo/G00100100,2019,108975.8298
dcs:who/AIR_45.AGE--Y55T59__ENVCAUSE--ENVCAUSE068__SEX--M,dcid:undata-geo/G00100200,2019,415704.5218
dcs:who/AIR_45.AGE--Y60T64__ENVCAUSE--ENVCAUSE068__SEX--M,dcid:undata-geo/G00100200,2019,479542.0444
dcs:who/AIR_45.AGE--Y30T34__ENVCAUSE--ENVCAUSE068__SEX--M,dcid:undata-geo/G00100200,2019,27555.39906
dcs:who/AIR_45.AGE--Y_GE80__ENVCAUSE--ENVCAUSE068__SEX--M,dcid:undata-geo/G00100200,2019,168825.4918
dcs:who/AIR_45.AGE--Y65T69__ENVCAUSE--ENVCAUSE039__SEX--M,dcid:undata-geo/G00100200,2019,447485.3577
dcs:who/AIR_45.AGE--Y70T74__ENVCAUSE--ENVCAUSE039__SEX--M,dcid:undata-geo/G00100200,2019,421448.0206
dcs:who/AIR_45.ENVCAUSE--ENVCAUSE068__SEX--M,dcid:undata-geo/G00100200,2019,2829172.94
dcs:who/AIR_45.AGE--Y40T44__ENVCAUSE--ENVCAUSE068__SEX--M,dcid:undata-geo/G00100200,2019,88164.07924
dcs:who/AIR_45.AGE--Y70T74__ENVCAUSE--ENVCAUSE068__SEX--M,dcid:undata-geo/G00100200,2019,360859.6461
dcs:who/AIR_45.AGE--Y50T54__ENVCAUSE--ENVCAUSE068__SEX--M,dcid:undata-geo/G00100200,2019,313768.1842
dcs:who/AIR_45.AGE--Y75T79__ENVCAUSE--ENVCAUSE039__SEX--M,dcid:undata-geo/G00100200,2019,356143.8913
dcs:who/AIR_45.AGE--Y_GE80__ENVCAUSE--ENVCAUSE039__SEX--M,dcid:undata-geo/G00100200,2019,520573.2804
dcs:who/AIR_45.AGE--Y25T29__ENVCAUSE--ENVCAUSE068__SEX--M,dcid:undata-geo/G00100200,2019,12796.5068
dcs:who/AIR_45.ENVCAUSE--ENVCAUSE039__SEX--M,dcid:undata-geo/G00100200,2019,11831650.61
dcs:who/AIR_45.AGE--Y65T69__ENVCAUSE--ENVCAUSE068__SEX--M,dcid:undata-geo/G00100200,2019,512049.5459
dcs:who/AIR_45.AGE--Y35T39__ENVCAUSE--ENVCAUSE068__SEX--M,dcid:undata-geo/G00100200,2019,43662.21968
dcs:who/AIR_45.AGE--Y75T79__ENVCAUSE--ENVCAUSE068__SEX--M,dcid:undata-geo/G00100200,2019,221708.9549
dcs:who/AIR_45.AGE--Y45T49__ENVCAUSE--ENVCAUSE068__SEX--M,dcid:undata-geo/G00100200,2019,184536.3463
dcs:who/AIR_45.AGE--Y60T64__ENVCAUSE--ENVCAUSE113__SEX--M,dcid:undata-geo/G00100200,2019,2850264.771
dcs:who/AIR_45.AGE--Y25T29__ENVCAUSE--ENVCAUSE118__SEX--M,dcid:undata-geo/G00100200,2019,18091.24401
dcs:who/AIR_45.AGE--Y50T54__ENVCAUSE--ENVCAUSE113__SEX--M,dcid:undata-geo/G00100200,2019,2211337.693
dcs:who/AIR_45.AGE--Y_GE80__ENVCAUSE--ENVCAUSE113__SEX--M,dcid:undata-geo/G00100200,2019,2303818.013
dcs:who/AIR_45.AGE--Y50T54__ENVCAUSE--ENVCAUSE039__SEX--M,dcid:undata-geo/G00100200,2019,276142.9062
dcs:who/AIR_45.AGE--Y35T39__ENVCAUSE--ENVCAUSE118__SEX--M,dcid:undata-geo/G00100200,2019,44013.07035
dcs:who/AIR_45.AGE--Y60T64__ENVCAUSE--ENVCAUSE039__SEX--M,dcid:undata-geo/G00100200,2019,420121.4383
dcs:who/AIR_45.AGE--Y30T34__ENVCAUSE--ENVCAUSE114__SEX--M,dcid:undata-geo/G00100200,2019,172134.9296
dcs:who/AIR_45.AGE--Y45T49__ENVCAUSE--ENVCAUSE118__SEX--M,dcid:undata-geo/G00100200,2019,147351.6766
dcs:who/AIR_45.AGE--Y45T49__ENVCAUSE--ENVCAUSE039__SEX--M,dcid:undata-geo/G00100200,2019,235259.1763
dcs:who/AIR_45.AGE--Y45T49__ENVCAUSE--ENVCAUSE114__SEX--M,dcid:undata-geo/G00100200,2019,577523.0178
dcs:who/AIR_45.ENVCAUSE--ENVCAUSE114__SEX--M,dcid:undata-geo/G00100200,2019,9787941.47
dcs:who/AIR_45.AGE--Y55T59__ENVCAUSE--ENVCAUSE113__SEX--M,dcid:undata-geo/G00100200,2019,2723814.121
dcs:who/AIR_45.AGE--Y5T9__ENVCAUSE--ENVCAUSE039__SEX--M,dcid:undata-geo/G00100200,2019,355256.0717
dcs:who/AIR_45.AGE--Y10T14__ENVCAUSE--ENVCAUSE039__SEX--M,dcid:undata-geo/G00100200,2019,213018.9877
dcs:who/AIR_45.AGE--Y40T44__ENVCAUSE--ENVCAUSE118__SEX--M,dcid:undata-geo/G00100200,2019,77286.54647
dcs:who/AIR_45.ENVCAUSE--ENVCAUSE118__SEX--M,dcid:undata-geo/G00100200,2019,5575601.44
dcs:who/AIR_45.AGE--Y15T19__ENVCAUSE--ENVCAUSE039__SEX--M,dcid:undata-geo/G00100200,2019,111490.7896
dcs:who/AIR_45.AGE--Y40T44__ENVCAUSE--ENVCAUSE113__SEX--M,dcid:undata-geo/G00100200,2019,1130608.605
dcs:who/AIR_45.AGE--Y75T79__ENVCAUSE--ENVCAUSE114__SEX--M,dcid:undata-geo/G00100200,2019,1017462.82
dcs:who/AIR_45.AGE--Y65T69__ENVCAUSE--ENVCAUSE118__SEX--M,dcid:undata-geo/G00100200,2019,927671.9654
dcs:who/AIR_45.AGE--Y45T49__ENVCAUSE--ENVCAUSE113__SEX--M,dcid:undata-geo/G00100200,2019,1648491.042
dcs:who/AIR_45.AGE--Y35T39__ENVCAUSE--ENVCAUSE114__SEX--M,dcid:undata-geo/G00100200,2019,249883.1855
dcs:who/AIR_45.AGE--Y50T54__ENVCAUSE--ENVCAUSE114__SEX--M,dcid:undata-geo/G00100200,2019,876041.5475
dcs:who/AIR_45.AGE--Y40T44__ENVCAUSE--ENVCAUSE114__SEX--M,dcid:undata-geo/G00100200,2019,387502.3852
dcs:who/AIR_45.AGE--Y0T4__ENVCAUSE--ENVCAUSE039__SEX--M,dcid:undata-geo/G00100200,2019,7357709.413
dcs:who/AIR_45.AGE--Y75T79__ENVCAUSE--ENVCAUSE113__SEX--M,dcid:undata-geo/G00100200,2019,1716270.572
dcs:who/AIR_45.AGE--Y70T74__ENVCAUSE--ENVCAUSE113__SEX--M,dcid:undata-geo/G00100200,2019,2201906.583
dcs:who/AIR_45.AGE--Y30T34__ENVCAUSE--ENVCAUSE118__SEX--M,dcid:undata-geo/G00100200,2019,28792.1624
dcs:who/AIR_45.AGE--Y25T29__ENVCAUSE--ENVCAUSE114__SEX--M,dcid:undata-geo/G00100200,2019,104138.2398
dcs:who/AIR_45.AGE--Y25T29__ENVCAUSE--ENVCAUSE039__SEX--M,dcid:undata-geo/G00100200,2019,134090.3224
dcs:who/AIR_45.AGE--Y35T39__ENVCAUSE--ENVCAUSE113__SEX--M,dcid:undata-geo/G00100200,2019,793300.0923
dcs:who/AIR_45.AGE--Y30T34__ENVCAUSE--ENVCAUSE039__SEX--M,dcid:undata-geo/G00100200,2019,151835.5663
dcs:who/AIR_45.AGE--Y75T79__ENVCAUSE--ENVCAUSE118__SEX--M,dcid:undata-geo/G00100200,2019,824046.2661
dcs:who/AIR_45.AGE--Y55T59__ENVCAUSE--ENVCAUSE114__SEX--M,dcid:undata-geo/G00100200,2019,1101894.073
dcs:who/AIR_45.AGE--Y65T69__ENVCAUSE--ENVCAUSE114__SEX--M,dcid:undata-geo/G00100200,2019,1508791.59
dcs:who/AIR_45.AGE--Y50T54__ENVCAUSE--ENVCAUSE118__SEX--M,dcid:undata-geo/G00100200,2019,288715.6671
dcs:who/AIR_45.AGE--Y_GE80__ENVCAUSE--ENVCAUSE118__SEX--M,dcid:undata-geo/G00100200,2019,1095256.542
dcs:who/AIR_45.AGE--Y70T74__ENVCAUSE--ENVCAUSE114__SEX--M,dcid:undata-geo/G00100200,2019,1272351.11
dcs:who/AIR_45.AGE--Y20T24__ENVCAUSE--ENVCAUSE039__SEX--M,dcid:undata-geo/G00100200,2019,117291.1573
dcs:who/AIR_45.AGE--Y_GE80__ENVCAUSE--ENVCAUSE114__SEX--M,dcid:undata-geo/G00100200,2019,1187301.164
dcs:who/AIR_45.AGE--Y55T59__ENVCAUSE--ENVCAUSE039__SEX--M,dcid:undata-geo/G00100200,2019,342481.9602
dcs:who/AIR_45.AGE--Y30T34__ENVCAUSE--ENVCAUSE113__SEX--M,dcid:undata-geo/G00100200,2019,523433.4933
dcs:who/AIR_45.AGE--Y35T39__ENVCAUSE--ENVCAUSE039__SEX--M,dcid:undata-geo/G00100200,2019,177652.5286
dcs:who/AIR_45.AGE--Y70T74__ENVCAUSE--ENVCAUSE118__SEX--M,dcid:undata-geo/G00100200,2019,946009.211
dcs:who/AIR_45.AGE--Y60T64__ENVCAUSE--ENVCAUSE118__SEX--M,dcid:undata-geo/G00100200,2019,712590.4394
dcs:who/AIR_45.AGE--Y65T69__ENVCAUSE--ENVCAUSE113__SEX--M,dcid:undata-geo/G00100200,2019,2816470.091
dcs:who/AIR_45.AGE--Y40T44__ENVCAUSE--ENVCAUSE039__SEX--M,dcid:undata-geo/G00100200,2019,193649.74
dcs:who/AIR_45.ENVCAUSE--ENVCAUSE113__SEX--M,dcid:undata-geo/G00100200,2019,21189787.46
dcs:who/AIR_45.AGE--Y60T64__ENVCAUSE--ENVCAUSE114__SEX--M,dcid:undata-geo/G00100200,2019,1332917.408
dcs:who/AIR_45.AGE--Y55T59__ENVCAUSE--ENVCAUSE118__SEX--M,dcid:undata-geo/G00100200,2019,465776.6489
dcs:who/AIR_45.AGE--Y50T54__ENVCAUSE--ENVCAUSE118__SEX--F,dcid:undata-geo/G00100200,2019,161434.4297
dcs:who/AIR_45.AGE--Y60T64__ENVCAUSE--ENVCAUSE118__SEX--F,dcid:undata-geo/G00100200,2019,390866.2342
dcs:who/AIR_45.AGE--Y_GE80__ENVCAUSE--ENVCAUSE068__SEX--F,dcid:undata-geo/G00100200,2019,97504.68432
dcs:who/AIR_45.AGE--Y40T44__ENVCAUSE--ENVCAUSE039__SEX--F,dcid:undata-geo/G00100200,2019,122981.7296
dcs:who/AIR_45.AGE--Y25T29__ENVCAUSE--ENVCAUSE118__SEX--F,dcid:undata-geo/G00100200,2019,11436.19531
dcs:who/AIR_45.AGE--Y70T74__ENVCAUSE--ENVCAUSE118__SEX--F,dcid:undata-geo/G00100200,2019,607303.9897
dcs:who/AIR_45.AGE--Y55T59__ENVCAUSE--ENVCAUSE068__SEX--F,dcid:undata-geo/G00100200,2019,151055.116
dcs:who/AIR_45.AGE--Y_GE80__ENVCAUSE--ENVCAUSE039__SEX--F,dcid:undata-geo/G00100200,2019,579363.6616
dcs:who/AIR_45.AGE--Y65T69__ENVCAUSE--ENVCAUSE118__SEX--F,dcid:undata-geo/G00100200,2019,525099.4782
dcs:who/AIR_45.AGE--Y30T34__ENVCAUSE--ENVCAUSE118__SEX--F,dcid:undata-geo/G00100200,2019,17212.40201
dcs:who/AIR_45.AGE--Y30T34__ENVCAUSE--ENVCAUSE039__SEX--F,dcid:undata-geo/G00100200,2019,103175.8814
dcs:who/AIR_45.AGE--Y0T4__ENVCAUSE--ENVCAUSE039__SEX--F,dcid:undata-geo/G00100200,2019,5725158.635
dcs:who/AIR_45.AGE--Y75T79__ENVCAUSE--ENVCAUSE118__SEX--F,dcid:undata-geo/G00100200,2019,563795.494
dcs:who/AIR_45.ENVCAUSE--ENVCAUSE039__SEX--F,dcid:undata-geo/G00100200,2019,9436333.985
dcs:who/AIR_45.ENVCAUSE--ENVCAUSE068__SEX--F,dcid:undata-geo/G00100200,2019,1184885.833
dcs:who/AIR_45.AGE--Y45T49__ENVCAUSE--ENVCAUSE039__SEX--F,dcid:undata-geo/G00100200,2019,128824.3526
dcs:who/AIR_45.AGE--Y35T39__ENVCAUSE--ENVCAUSE068__SEX--F,dcid:undata-geo/G00100200,2019,26487.56454
dcs:who/AIR_45.AGE--Y60T64__ENVCAUSE--ENVCAUSE068__SEX--F,dcid:undata-geo/G00100200,2019,176176.3701
dcs:who/AIR_45.SEX--M,dcid:undata-geo/G00100200,2019,51214153.92
dcs:who/AIR_45.AGE--Y20T24__ENVCAUSE--ENVCAUSE039__SEX--F,dcid:undata-geo/G00100200,2019,88249.36178
dcs:who/AIR_45.AGE--Y10T14__ENVCAUSE--ENVCAUSE039__SEX--F,dcid:undata-geo/G00100200,2019,198091.4644
dcs:who/AIR_45.AGE--Y65T69__ENVCAUSE--ENVCAUSE068__SEX--F,dcid:undata-geo/G00100200,2019,194637.6773
dcs:who/AIR_45.AGE--Y75T79__ENVCAUSE--ENVCAUSE039__SEX--F,dcid:undata-geo/G00100200,2019,325518.2258
dcs:who/AIR_45.AGE--Y70T74__ENVCAUSE--ENVCAUSE039__SEX--F,dcid:undata-geo/G00100200,2019,375479.6537
dcs:who/AIR_45.ENVCAUSE--ENVCAUSE118__SEX--F,dcid:undata-geo/G00100200,2019,3616136.256
dcs:who/AIR_45.AGE--Y40T44__ENVCAUSE--ENVCAUSE068__SEX--F,dcid:undata-geo/G00100200,2019,50524.79973
dcs:who/AIR_45.AGE--Y45T49__ENVCAUSE--ENVCAUSE068__SEX--F,dcid:undata-geo/G00100200,2019,83040.42762
dcs:who/AIR_45.AGE--Y30T34__ENVCAUSE--ENVCAUSE068__SEX--F,dcid:undata-geo/G00100200,2019,16489.77432
dcs:who/AIR_45.AGE--Y25T29__ENVCAUSE--ENVCAUSE068__SEX--F,dcid:undata-geo/G00100200,2019,7686.66773
dcs:who/AIR_45.AGE--Y60T64__ENVCAUSE--ENVCAUSE039__SEX--F,dcid:undata-geo/G00100200,2019,299368.4942
dcs:who/AIR_45.AGE--Y65T69__ENVCAUSE--ENVCAUSE039__SEX--F,dcid:undata-geo/G00100200,2019,358387.4201
dcs:who/AIR_45.AGE--Y25T29__ENVCAUSE--ENVCAUSE113__SEX--M,dcid:undata-geo/G00100200,2019,270072.3841
dcs:who/AIR_45.AGE--Y35T39__ENVCAUSE--ENVCAUSE039__SEX--F,dcid:undata-geo/G00100200,2019,120815.1337
dcs:who/AIR_45.AGE--Y45T49__ENVCAUSE--ENVCAUSE118__SEX--F,dcid:undata-geo/G00100200,2019,74526.91391
dcs:who/AIR_45.AGE--Y75T79__ENVCAUSE--ENVCAUSE068__SEX--F,dcid:undata-geo/G00100200,2019,101871.9623
dcs:who/AIR_45.AGE--Y55T59__ENVCAUSE--ENVCAUSE039__SEX--F,dcid:undata-geo/G00100200,2019,222833.6908
dcs:who/AIR_45.AGE--Y_GE80__ENVCAUSE--ENVCAUSE118__SEX--F,dcid:undata-geo/G00100200,2019,963919.6835
dcs:who/AIR_45.AGE--Y40T44__ENVCAUSE--ENVCAUSE118__SEX--F,dcid:undata-geo/G00100200,2019,39161.34376
dcs:who/AIR_45.AGE--Y15T19__ENVCAUSE--ENVCAUSE039__SEX--F,dcid:undata-geo/G00100200,2019,91022.22148
dcs:who/AIR_45.AGE--Y50T54__ENVCAUSE--ENVCAUSE039__SEX--F,dcid:undata-geo/G00100200,2019,192984.8307
dcs:who/AIR_45.AGE--Y35T39__ENVCAUSE--ENVCAUSE118__SEX--F,dcid:undata-geo/G00100200,2019,25743.92486
dcs:who/AIR_45.AGE--Y55T59__ENVCAUSE--ENVCAUSE118__SEX--F,dcid:undata-geo/G00100200,2019,235636.1674
dcs:who/AIR_45.AGE--Y50T54__ENVCAUSE--ENVCAUSE068__SEX--F,dcid:undata-geo/G00100200,2019,130888.5427
dcs:who/AIR_45.AGE--Y70T74__ENVCAUSE--ENVCAUSE068__SEX--F,dcid:undata-geo/G00100200,2019,148522.2461
dcs:who/AIR_45.AGE--Y5T9__ENVCAUSE--ENVCAUSE039__SEX--F,dcid:undata-geo/G00100200,2019,402742.4139
dcs:who/AIR_45.ENVCAUSE--ENVCAUSE114__SEX--F,dcid:undata-geo/G00100200,2019,7586875.379
dcs:who/AIR_45.AGE--Y25T29__ENVCAUSE--ENVCAUSE039__SEX--F,dcid:undata-geo/G00100200,2019,101336.8147
dcs:who/AIR_45.AGE--Y35T39__ENVCAUSE--ENVCAUSE068,dcid:undata-geo/G00100200,2019,70149.78422
dcs:who/AIR_45.AGE--Y55T59__ENVCAUSE--ENVCAUSE114__SEX--F,dcid:undata-geo/G00100200,2019,708496.0308
dcs:who/AIR_45.ENVCAUSE--ENVCAUSE113__SEX--F,dcid:undata-geo/G00100200,2019,13380926.64
dcs:who/AIR_45.AGE--Y25T29__ENVCAUSE--ENVCAUSE068,dcid:undata-geo/G00100200,2019,20483.17452
dcs:who/AIR_45.AGE--Y30T34__ENVCAUSE--ENVCAUSE114__SEX--F,dcid:undata-geo/G00100200,2019,86743.45649
dcs:who/AIR_45.AGE--Y30T34__ENVCAUSE--ENVCAUSE068,dcid:undata-geo/G00100200,2019,44045.17338
dcs:who/AIR_45.AGE--Y55T59__ENVCAUSE--ENVCAUSE113__SEX--F,dcid:undata-geo/G00100200,2019,1240079.71
dcs:who/AIR_45.AGE--Y60T64__ENVCAUSE--ENVCAUSE068,dcid:undata-geo/G00100200,2019,655718.4145
dcs:who/AIR_45.AGE--Y70T74__ENVCAUSE--ENVCAUSE068,dcid:undata-geo/G00100200,2019,509381.8922
dcs:who/AIR_45.AGE--Y60T64__ENVCAUSE--ENVCAUSE113__SEX--F,dcid:undata-geo/G00100200,2019,1535506.902
dcs:who/AIR_45.AGE--Y55T59__ENVCAUSE--ENVCAUSE068,dcid:undata-geo/G00100200,2019,566759.6378
dcs:who/AIR_45.AGE--Y_GE80__ENVCAUSE--ENVCAUSE039,dcid:undata-geo/G00100200,2019,1099936.942
dcs:who/AIR_45.AGE--Y65T69__ENVCAUSE--ENVCAUSE039,dcid:undata-geo/G00100200,2019,805872.7778
dcs:who/AIR_45.AGE--Y40T44__ENVCAUSE--ENVCAUSE113__SEX--F,dcid:undata-geo/G00100200,2019,443152.3233
dcs:who/AIR_45.SEX--F,dcid:undata-geo/G00100200,2019,35205158.09
dcs:who/AIR_45.ENVCAUSE--ENVCAUSE068,dcid:undata-geo/G00100200,2019,4014058.773
dcs:who/AIR_45.AGE--Y40T44__ENVCAUSE--ENVCAUSE068,dcid:undata-geo/G00100200,2019,138688.879
dcs:who/AIR_45.AGE--Y40T44__ENVCAUSE--ENVCAUSE114__SEX--F,dcid:undata-geo/G00100200,2019,221007.1591
dcs:who/AIR_45.AGE--Y70T74__ENVCAUSE--ENVCAUSE114__SEX--F,dcid:undata-geo/G00100200,2019,1057031.108
dcs:who/AIR_45.AGE--Y75T79__ENVCAUSE--ENVCAUSE114__SEX--F,dcid:undata-geo/G00100200,2019,958813.846
dcs:who/AIR_45.AGE--Y70T74__ENVCAUSE--ENVCAUSE039,dcid:undata-geo/G00100200,2019,796927.6743
dcs:who/AIR_45.AGE--Y25T29__ENVCAUSE--ENVCAUSE114__SEX--F,dcid:undata-geo/G00100200,2019,56706.48602
dcs:who/AIR_45.AGE--Y25T29__ENVCAUSE--ENVCAUSE113__SEX--F,dcid:undata-geo/G00100200,2019,117032.1538
dcs:who/AIR_45.AGE--Y50T54__ENVCAUSE--ENVCAUSE114__SEX--F,dcid:undata-geo/G00100200,2019,585747.0319
dcs:who/AIR_45.AGE--Y65T69__ENVCAUSE--ENVCAUSE068,dcid:undata-geo/G00100200,2019,706687.2232
dcs:who/AIR_45.AGE--Y60T64__ENVCAUSE--ENVCAUSE114__SEX--F,dcid:undata-geo/G00100200,2019,902328.153
dcs:who/AIR_45.AGE--Y30T34__ENVCAUSE--ENVCAUSE113__SEX--F,dcid:undata-geo/G00100200,2019,191677.7597
dcs:who/AIR_45.AGE--Y70T74__ENVCAUSE--ENVCAUSE113__SEX--F,dcid:undata-geo/G00100200,2019,1698842.878
dcs:who/AIR_45.AGE--Y60T64__ENVCAUSE--ENVCAUSE039,dcid:undata-geo/G00100200,2019,719489.9325
dcs:who/AIR_45.AGE--Y_GE80__ENVCAUSE--ENVCAUSE113__SEX--F,dcid:undata-geo/G00100200,2019,2845942.065
dcs:who/AIR_45.AGE--Y_GE80__ENVCAUSE--ENVCAUSE114__SEX--F,dcid:undata-geo/G00100200,2019,1423238.195
dcs:who/AIR_45.AGE--Y75T79__ENVCAUSE--ENVCAUSE068,dcid:undata-geo/G00100200,2019,323580.9172
dcs:who/AIR_45.AGE--Y45T49__ENVCAUSE--ENVCAUSE113__SEX--F,dcid:undata-geo/G00100200,2019,646969.6817
dcs:who/AIR_45.ENVCAUSE--ENVCAUSE039,dcid:undata-geo/G00100200,2019,21267984.59
dcs:who/AIR_45.AGE--Y35T39__ENVCAUSE--ENVCAUSE113__SEX--F,dcid:undata-geo/G00100200,2019,289077.16
dcs:who/AIR_45.AGE--Y65T69__ENVCAUSE--ENVCAUSE113__SEX--F,dcid:undata-geo/G00100200,2019,1799064.494
dcs:who/AIR_45.AGE--Y50T54__ENVCAUSE--ENVCAUSE113__SEX--F,dcid:undata-geo/G00100200,2019,987372.558
dcs:who/AIR_45.AGE--Y65T69__ENVCAUSE--ENVCAUSE114__SEX--F,dcid:undata-geo/G00100200,2019,1094734.381
dcs:who/AIR_45.AGE--Y45T49__ENVCAUSE--ENVCAUSE114__SEX--F,dcid:undata-geo/G00100200,2019,353684.2873
dcs:who/AIR_45.AGE--Y_GE80__ENVCAUSE--ENVCAUSE068,dcid:undata-geo/G00100200,2019,266330.1762
dcs:who/AIR_45.AGE--Y50T54__ENVCAUSE--ENVCAUSE068,dcid:undata-geo/G00100200,2019,444656.7269
dcs:who/AIR_45.AGE--Y45T49__ENVCAUSE--ENVCAUSE068,dcid:undata-geo/G00100200,2019,267576.7739
dcs:who/AIR_45.AGE--Y75T79__ENVCAUSE--ENVCAUSE113__SEX--F,dcid:undata-geo/G00100200,2019,1586208.953
dcs:who/AIR_45.AGE--Y75T79__ENVCAUSE--ENVCAUSE039,dcid:undata-geo/G00100200,2019,681662.1172
dcs:who/AIR_45.AGE--Y35T39__ENVCAUSE--ENVCAUSE114__SEX--F,dcid:undata-geo/G00100200,2019,138345.2445
dcs:who/AIR_45.AGE--Y25T29__ENVCAUSE--ENVCAUSE039,dcid:undata-geo/G00100200,2019,235427.137
dcs:who/AIR_45.AGE--Y20T24__ENVCAUSE--ENVCAUSE039,dcid:undata-geo/G00100200,2019,205540.5191
dcs:who/AIR_45.AGE--Y70T74__ENVCAUSE--ENVCAUSE114,dcid:undata-geo/G00100200,2019,2329382.218
dcs:who/AIR_45.AGE--Y45T49__ENVCAUSE--ENVCAUSE114,dcid:undata-geo/G00100200,2019,931207.3051
dcs:who/AIR_45.AGE--Y40T44__ENVCAUSE--ENVCAUSE118,dcid:undata-geo/G00100200,2019,116447.8902
dcs:who/AIR_45.AGE--Y_GE80__ENVCAUSE--ENVCAUSE114,dcid:undata-geo/G00100200,2019,2610539.359
dcs:who/AIR_45.AGE--Y60T64__ENVCAUSE--ENVCAUSE118,dcid:undata-geo/G00100200,2019,1103456.674
dcs:who/AIR_45.AGE--Y45T49__ENVCAUSE--ENVCAUSE118,dcid:undata-geo/G00100200,2019,221878.5905
dcs:who/AIR_45.AGE--Y60T64__ENVCAUSE--ENVCAUSE113,dcid:undata-geo/G00100200,2019,4385771.673
dcs:who/AIR_45.AGE--Y75T79__ENVCAUSE--ENVCAUSE113,dcid:undata-geo/G00100200,2019,3302479.526
dcs:who/AIR_45.AGE--Y70T74__ENVCAUSE--ENVCAUSE113,dcid:undata-geo/G00100200,2019,3900749.461
dcs:who/AIR_45.AGE--Y65T69__ENVCAUSE--ENVCAUSE113,dcid:undata-geo/G00100200,2019,4615534.585
dcs:who/AIR_45.AGE--Y35T39__ENVCAUSE--ENVCAUSE113,dcid:undata-geo/G00100200,2019,1082377.252
dcs:who/AIR_45.AGE--Y50T54__ENVCAUSE--ENVCAUSE114,dcid:undata-geo/G00100200,2019,1461788.579
dcs:who/AIR_45.AGE--Y25T29__ENVCAUSE--ENVCAUSE118,dcid:undata-geo/G00100200,2019,29527.43933
dcs:who/AIR_45.AGE--Y25T29__ENVCAUSE--ENVCAUSE114,dcid:undata-geo/G00100200,2019,160844.7258
dcs:who/AIR_45.AGE--Y45T49__ENVCAUSE--ENVCAUSE113,dcid:undata-geo/G00100200,2019,2295460.724
dcs:who/AIR_45.AGE--Y65T69__ENVCAUSE--ENVCAUSE114,dcid:undata-geo/G00100200,2019,2603525.97
dcs:who/AIR_45.AGE--Y45T49__ENVCAUSE--ENVCAUSE039,dcid:undata-geo/G00100200,2019,364083.5289
dcs:who/AIR_45.AGE--Y30T34__ENVCAUSE--ENVCAUSE114,dcid:undata-geo/G00100200,2019,258878.3861
dcs:who/AIR_45.ENVCAUSE--ENVCAUSE118,dcid:undata-geo/G00100200,2019,9191737.697
dcs:who/AIR_45.AGE--Y50T54__ENVCAUSE--ENVCAUSE039,dcid:undata-geo/G00100200,2019,469127.7369
dcs:who/AIR_45.AGE--Y75T79__ENVCAUSE--ENVCAUSE114,dcid:undata-geo/G00100200,2019,1976276.666
dcs:who/AIR_45.AGE--Y35T39__ENVCAUSE--ENVCAUSE039,dcid:undata-geo/G00100200,2019,298467.6624
dcs:who/AIR_45.ENVCAUSE--ENVCAUSE114,dcid:undata-geo/G00100200,2019,17374816.85
dcs:who/AIR_45.AGE--Y65T69__ENVCAUSE--ENVCAUSE118,dcid:undata-geo/G00100200,2019,1452771.444
dcs:who/AIR_45.AGE--Y50T54__ENVCAUSE--ENVCAUSE113,dcid:undata-geo/G00100200,2019,3198710.251
dcs:who/AIR_45.AGE--Y30T34__ENVCAUSE--ENVCAUSE039,dcid:undata-geo/G00100200,2019,255011.4477
dcs:who/AIR_45.AGE--Y40T44__ENVCAUSE--ENVCAUSE114,dcid:undata-geo/G00100200,2019,608509.5443
dcs:who/AIR_45.AGE--Y55T59__ENVCAUSE--ENVCAUSE114,dcid:undata-geo/G00100200,2019,1810390.104
dcs:who/AIR_45.AGE--Y60T64__ENVCAUSE--ENVCAUSE114,dcid:undata-geo/G00100200,2019,2235245.561
dcs:who/AIR_45.AGE--Y25T29__ENVCAUSE--ENVCAUSE113,dcid:undata-geo/G00100200,2019,387104.5378
dcs:who/AIR_45.AGE--Y70T74__ENVCAUSE--ENVCAUSE118,dcid:undata-geo/G00100200,2019,1553313.201
dcs:who/AIR_45.AGE--Y_GE80__ENVCAUSE--ENVCAUSE118,dcid:undata-geo/G00100200,2019,2059176.226
dcs:who/AIR_45.AGE--Y40T44__ENVCAUSE--ENVCAUSE113,dcid:undata-geo/G00100200,2019,1573760.928
dcs:who/AIR_45.AGE--Y35T39__ENVCAUSE--ENVCAUSE118,dcid:undata-geo/G00100200,2019,69756.99521
dcs:who/AIR_45.AGE--Y35T39__ENVCAUSE--ENVCAUSE114,dcid:undata-geo/G00100200,2019,388228.43
dcs:who/AIR_45.AGE--Y10T14__ENVCAUSE--ENVCAUSE039,dcid:undata-geo/G00100200,2019,411110.4521
dcs:who/AIR_45.AGE--Y30T34__ENVCAUSE--ENVCAUSE118,dcid:undata-geo/G00100200,2019,46004.56441
dcs:who/AIR_45.AGE--Y30T34__ENVCAUSE--ENVCAUSE113,dcid:undata-geo/G00100200,2019,715111.253
dcs:who/AIR_45.AGE--Y55T59__ENVCAUSE--ENVCAUSE113,dcid:undata-geo/G00100200,2019,3963893.831
dcs:who/AIR_45.AGE--Y75T79__ENVCAUSE--ENVCAUSE118,dcid:undata-geo/G00100200,2019,1387841.76
dcs:who/AIR_45.AGE--Y0T4__ENVCAUSE--ENVCAUSE039,dcid:undata-geo/G00100200,2019,13082868.05
dcs:who/AIR_45.AGE--Y5T9__ENVCAUSE--ENVCAUSE039,dcid:undata-geo/G00100200,2019,757998.4856
dcs:who/AIR_45.AGE--Y55T59__ENVCAUSE--ENVCAUSE039,dcid:undata-geo/G00100200,2019,565315.651
dcs:who/AIR_45.AGE--Y50T54__ENVCAUSE--ENVCAUSE118,dcid:undata-geo/G00100200,2019,450150.0968
dcs:who/AIR_45.ENVCAUSE--ENVCAUSE113,dcid:undata-geo/G00100200,2019,34570714.1
dcs:who/AIR_45.AGE--Y_GE80__ENVCAUSE--ENVCAUSE113,dcid:undata-geo/G00100200,2019,5149760.078
dcs:who/AIR_45.AGE--Y55T59__ENVCAUSE--ENVCAUSE118,dcid:undata-geo/G00100200,2019,701412.8163
dcs:who/AIR_45.AGE--Y40T44__ENVCAUSE--ENVCAUSE039,dcid:undata-geo/G00100200,2019,316631.4696
dcs:who/AIR_45.AGE--Y15T19__ENVCAUSE--ENVCAUSE039,dcid:undata-geo/G00100200,2019,202513.0111
dcs:who/AIR_45,dcid:undata-geo/G00100200,2019,86419312.01
dcs:who/AIR_45.AGE--Y10T14__ENVCAUSE--ENVCAUSE039__SEX--M,dcid:undata-geo/G00103000,2019,17035.73253
dcs:who/AIR_45.AGE--Y0T4__ENVCAUSE--ENVCAUSE039__SEX--M,dcid:undata-geo/G00103000,2019,322679.8748
dcs:who/AIR_45.AGE--Y75T79__ENVCAUSE--ENVCAUSE118__SEX--M,dcid:undata-geo/G00103000,2019,19208.398
dcs:who/AIR_45.AGE--Y75T79__ENVCAUSE--ENVCAUSE068__SEX--M,dcid:undata-geo/G00103000,2019,9898.97533
dcs:who/AIR_45.AGE--Y65T69__ENVCAUSE--ENVCAUSE068__SEX--M,dcid:undata-geo/G00103000,2019,26594.76293
dcs:who/AIR_45.ENVCAUSE--ENVCAUSE118__SEX--M,dcid:undata-geo/G00103000,2019,162324.3663
dcs:who/AIR_45.AGE--Y_GE80__ENVCAUSE--ENVCAUSE118__SEX--M,dcid:undata-geo/G00103000,2019,20643.99449
dcs:who/AIR_45.AGE--Y20T24__ENVCAUSE--ENVCAUSE039__SEX--M,dcid:undata-geo/G00103000,2019,9737.92426
dcs:who/AIR_45.AGE--Y15T19__ENVCAUSE--ENVCAUSE039__SEX--M,dcid:undata-geo/G00103000,2019,11242.64337
dcs:who/AIR_45.AGE--Y50T54__ENVCAUSE--ENVCAUSE068__SEX--M,dcid:undata-geo/G00103000,2019,22884.78325
dcs:who/AIR_45.AGE--Y45T49__ENVCAUSE--ENVCAUSE039__SEX--M,dcid:undata-geo/G00103000,2019,14078.88357
dcs:who/AIR_45.AGE--Y25T29__ENVCAUSE--ENVCAUSE039__SEX--M,dcid:undata-geo/G00103000,2019,9660.60389
dcs:who/AIR_45.AGE--Y70T74__ENVCAUSE--ENVCAUSE039__SEX--M,dcid:undata-geo/G00103000,2019,19173.05367
dcs:who/AIR_45.AGE--Y60T64__ENVCAUSE--ENVCAUSE068__SEX--M,dcid:undata-geo/G00103000,2019,31488.84277
dcs:who/AIR_45.AGE--Y65T69__ENVCAUSE--ENVCAUSE118__SEX--M,dcid:undata-geo/G00103000,2019,26398.36724
dcs:who/AIR_45.AGE--Y55T59__ENVCAUSE--ENVCAUSE068__SEX--M,dcid:undata-geo/G00103000,2019,30610.02403
dcs:who/AIR_45.AGE--Y_GE80__ENVCAUSE--ENVCAUSE068__SEX--M,dcid:undata-geo/G00103000,2019,6273.93272
dcs:who/AIR_45.AGE--Y40T44__ENVCAUSE--ENVCAUSE068__SEX--M,dcid:undata-geo/G00103000,2019,6307.01794
dcs:who/AIR_45.AGE--Y70T74__ENVCAUSE--ENVCAUSE068__SEX--M,dcid:undata-geo/G00103000,2019,17412.96073
dcs:who/AIR_45.ENVCAUSE--ENVCAUSE068__SEX--M,dcid:undata-geo/G00103000,2019,170010.7566
dcs:who/AIR_45.AGE--Y35T39__ENVCAUSE--ENVCAUSE068__SEX--M,dcid:undata-geo/G00103000,2019,2196.65098
dcs:who/AIR_45.ENVCAUSE--ENVCAUSE039__SEX--M,dcid:undata-geo/G00103000,2019,583616.8443
dcs:who/AIR_45.AGE--Y5T9__ENVCAUSE--ENVCAUSE039__SEX--M,dcid:undata-geo/G00103000,2019,23529.48276
dcs:who/AIR_45.AGE--Y50T54__ENVCAUSE--ENVCAUSE039__SEX--M,dcid:undata-geo/G00103000,2019,16436.10175
dcs:who/AIR_45.AGE--Y60T64__ENVCAUSE--ENVCAUSE039__SEX--M,dcid:undata-geo/G00103000,2019,24279.45854
dcs:who/AIR_45.AGE--Y65T69__ENVCAUSE--ENVCAUSE039__SEX--M,dcid:undata-geo/G00103000,2019,21808.56318
dcs:who/AIR_45.AGE--Y40T44__ENVCAUSE--ENVCAUSE039__SEX--M,dcid:undata-geo/G00103000,2019,13698.72946
dcs:who/AIR_45.AGE--Y75T79__ENVCAUSE--ENVCAUSE039__SEX--M,dcid:undata-geo/G00103000,2019,15786.16881
dcs:who/AIR_45.AGE--Y60T64__ENVCAUSE--ENVCAUSE118__SEX--M,dcid:undata-geo/G00103000,2019,24063.65045
dcs:who/AIR_45.AGE--Y35T39__ENVCAUSE--ENVCAUSE039__SEX--M,dcid:undata-geo/G00103000,2019,12483.64204
dcs:who/AIR_45.AGE--Y25T29__ENVCAUSE--ENVCAUSE068__SEX--M,dcid:undata-geo/G00103000,2019,996.5505
dcs:who/AIR_45.AGE--Y30T34__ENVCAUSE--ENVCAUSE039__SEX--M,dcid:undata-geo/G00103000,2019,10750.40289
dcs:who/AIR_45.AGE--Y_GE80__ENVCAUSE--ENVCAUSE039__SEX--M,dcid:undata-geo/G00103000,2019,20951.17973
dcs:who/AIR_45.AGE--Y70T74__ENVCAUSE--ENVCAUSE118__SEX--M,dcid:undata-geo/G00103000,2019,23265.72969
dcs:who/AIR_45.AGE--Y55T59__ENVCAUSE--ENVCAUSE118__SEX--M,dcid:undata-geo/G00103000,2019,16654.96299
dcs:who/AIR_45.AGE--Y55T59__ENVCAUSE--ENVCAUSE039__SEX--M,dcid:undata-geo/G00103000,2019,20284.39914
dcs:who/AIR_45.AGE--Y30T34__ENVCAUSE--ENVCAUSE068__SEX--M,dcid:undata-geo/G00103000,2019,1305.11878
dcs:who/AIR_45.AGE--Y45T49__ENVCAUSE--ENVCAUSE068__SEX--M,dcid:undata-geo/G00103000,2019,14041.13661
dcs:who/AIR_45.AGE--Y75T79__ENVCAUSE--ENVCAUSE068__SEX--F,dcid:undata-geo/G00103000,2019,2609.75803
dcs:who/AIR_45.AGE--Y45T49__ENVCAUSE--ENVCAUSE113__SEX--M,dcid:undata-geo/G00103000,2019,168427.6843
dcs:who/AIR_45.AGE--Y45T49__ENVCAUSE--ENVCAUSE118__SEX--M,dcid:undata-geo/G00103000,2019,7021.08191
dcs:who/AIR_45.AGE--Y60T64__ENVCAUSE--ENVCAUSE113__SEX--M,dcid:undata-geo/G00103000,2019,316198.626
dcs:who/AIR_45.AGE--Y70T74__ENVCAUSE--ENVCAUSE114__SEX--M,dcid:undata-geo/G00103000,2019,50237.03847
dcs:who/AIR_45.AGE--Y_GE80__ENVCAUSE--ENVCAUSE039__SEX--F,dcid:undata-geo/G00103000,2019,26473.26823
dcs:who/AIR_45.AGE--Y50T54__ENVCAUSE--ENVCAUSE118__SEX--M,dcid:undata-geo/G00103000,2019,11203.29769
dcs:who/AIR_45.AGE--Y60T64__ENVCAUSE--ENVCAUSE068__SEX--F,dcid:undata-geo/G00103000,2019,5889.73583
dcs:who/AIR_45.AGE--Y65T69__ENVCAUSE--ENVCAUSE114__SEX--M,dcid:undata-geo/G00103000,2019,59829.92745
dcs:who/AIR_45.AGE--Y50T54__ENVCAUSE--ENVCAUSE114__SEX--M,dcid:undata-geo/G00103000,2019,38415.7463
dcs:who/AIR_45.AGE--Y25T29__ENVCAUSE--ENVCAUSE114__SEX--M,dcid:undata-geo/G00103000,2019,14193.51763
dcs:who/AIR_45.AGE--Y25T29__ENVCAUSE--ENVCAUSE118__SEX--M,dcid:undata-geo/G00103000,2019,2296.05333
dcs:who/AIR_45.AGE--Y40T44__ENVCAUSE--ENVCAUSE114__SEX--M,dcid:undata-geo/G00103000,2019,22712.08207
dcs:who/AIR_45.AGE--Y35T39__ENVCAUSE--ENVCAUSE068__SEX--F,dcid:undata-geo/G00103000,2019,1244.10953
dcs:who/AIR_45.ENVCAUSE--ENVCAUSE039__SEX--F,dcid:undata-geo/G00103000,2019,457731.6388
dcs:who/AIR_45.AGE--Y30T34__ENVCAUSE--ENVCAUSE068__SEX--F,dcid:undata-geo/G00103000,2019,801.27207
dcs:who/AIR_45.AGE--Y70T74__ENVCAUSE--ENVCAUSE113__SEX--M,dcid:undata-geo/G00103000,2019,221334.8883
dcs:who/AIR_45.AGE--Y75T79__ENVCAUSE--ENVCAUSE039__SEX--F,dcid:undata-geo/G00103000,2019,14407.20501
dcs:who/AIR_45.AGE--Y50T54__ENVCAUSE--ENVCAUSE113__SEX--M,dcid:undata-geo/G00103000,2019,233244.8061
dcs:who/AIR_45.AGE--Y30T34__ENVCAUSE--ENVCAUSE118__SEX--M,dcid:undata-geo/G00103000,2019,3087.20741
dcs:who/AIR_45.AGE--Y25T29__ENVCAUSE--ENVCAUSE113__SEX--M,dcid:undata-geo/G00103000,2019,28485.33332
dcs:who/AIR_45.AGE--Y40T44__ENVCAUSE--ENVCAUSE068__SEX--F,dcid:undata-geo/G00103000,2019,2284.61819
dcs:who/AIR_45.SEX--M,dcid:undata-geo/G00103000,2019,3527560.609
dcs:who/AIR_45.AGE--Y_GE80__ENVCAUSE--ENVCAUSE113__SEX--M,dcid:undata-geo/G00103000,2019,187919.7304
dcs:who/AIR_45.AGE--Y30T34__ENVCAUSE--ENVCAUSE113__SEX--M,dcid:undata-geo/G00103000,2019,52558.40099
dcs:who/AIR_45.AGE--Y45T49__ENVCAUSE--ENVCAUSE114__SEX--M,dcid:undata-geo/G00103000,2019,29517.3656
dcs:who/AIR_45.AGE--Y45T49__ENVCAUSE--ENVCAUSE068__SEX--F,dcid:undata-geo/G00103000,2019,3587.36058
dcs:who/AIR_45.AGE--Y25T29__ENVCAUSE--ENVCAUSE068__SEX--F,dcid:undata-geo/G00103000,2019,641.93135
dcs:who/AIR_45.AGE--Y35T39__ENVCAUSE--ENVCAUSE113__SEX--M,dcid:undata-geo/G00103000,2019,79001.69237
dcs:who/AIR_45.AGE--Y35T39__ENVCAUSE--ENVCAUSE118__SEX--M,dcid:undata-geo/G00103000,2019,3410.17437
dcs:who/AIR_45.ENVCAUSE--ENVCAUSE113__SEX--M,dcid:undata-geo/G00103000,2019,2164347.315
dcs:who/AIR_45.AGE--Y50T54__ENVCAUSE--ENVCAUSE068__SEX--F,dcid:undata-geo/G00103000,2019,4959.90286
dcs:who/AIR_45.ENVCAUSE--ENVCAUSE114__SEX--M,dcid:undata-geo/G00103000,2019,447261.3275
dcs:who/AIR_45.AGE--Y55T59__ENVCAUSE--ENVCAUSE114__SEX--M,dcid:undata-geo/G00103000,2019,47276.60265
dcs:who/AIR_45.AGE--Y30T34__ENVCAUSE--ENVCAUSE114__SEX--M,dcid:undata-geo/G00103000,2019,14926.0882
dcs:who/AIR_45.AGE--Y70T74__ENVCAUSE--ENVCAUSE039__SEX--F,dcid:undata-geo/G00103000,2019,15432.22489
dcs:who/AIR_45.AGE--Y55T59__ENVCAUSE--ENVCAUSE068__SEX--F,dcid:undata-geo/G00103000,2019,5710.41079
dcs:who/AIR_45.AGE--Y40T44__ENVCAUSE--ENVCAUSE118__SEX--M,dcid:undata-geo/G00103000,2019,5071.44869
dcs:who/AIR_45.AGE--Y_GE80__ENVCAUSE--ENVCAUSE068__SEX--F,dcid:undata-geo/G00103000,2019,2410.28088
dcs:who/AIR_45.AGE--Y70T74__ENVCAUSE--ENVCAUSE068__SEX--F,dcid:undata-geo/G00103000,2019,4061.7877
dcs:who/AIR_45.AGE--Y75T79__ENVCAUSE--ENVCAUSE113__SEX--M,dcid:undata-geo/G00103000,2019,167023.7609
dcs:who/AIR_45.AGE--Y65T69__ENVCAUSE--ENVCAUSE113__SEX--M,dcid:undata-geo/G00103000,2019,297849.0452
dcs:who/AIR_45.AGE--Y35T39__ENVCAUSE--ENVCAUSE114__SEX--M,dcid:undata-geo/G00103000,2019,18253.5802
dcs:who/AIR_45.AGE--Y_GE80__ENVCAUSE--ENVCAUSE114__SEX--M,dcid:undata-geo/G00103000,2019,50000.17995
dcs:who/AIR_45.AGE--Y40T44__ENVCAUSE--ENVCAUSE113__SEX--M,dcid:undata-geo/G00103000,2019,118279.5826
dcs:who/AIR_45.AGE--Y55T59__ENVCAUSE--ENVCAUSE113__SEX--M,dcid:undata-geo/G00103000,2019,294023.764
dcs:who/AIR_45.AGE--Y60T64__ENVCAUSE--ENVCAUSE114__SEX--M,dcid:undata-geo/G00103000,2019,56967.54028
dcs:who/AIR_45.ENVCAUSE--ENVCAUSE068__SEX--F,dcid:undata-geo/G00103000,2019,39670.10393
dcs:who/AIR_45.AGE--Y65T69__ENVCAUSE--ENVCAUSE068__SEX--F,dcid:undata-geo/G00103000,2019,5468.93613
dcs:who/AIR_45.AGE--Y75T79__ENVCAUSE--ENVCAUSE114__SEX--M,dcid:undata-geo/G00103000,2019,44931.65869
dcs:who/AIR_45.AGE--Y5T9__ENVCAUSE--ENVCAUSE039__SEX--F,dcid:undata-geo/G00103000,2019,26880.61531
dcs:who/AIR_45.AGE--Y30T34__ENVCAUSE--ENVCAUSE118__SEX--F,dcid:undata-geo/G00103000,2019,1537.7981
dcs:who/AIR_45.AGE--Y40T44__ENVCAUSE--ENVCAUSE113__SEX--F,dcid:undata-geo/G00103000,2019,46617.81678
dcs:who/AIR_45.AGE--Y65T69__ENVCAUSE--ENVCAUSE039__SEX--F,dcid:undata-geo/G00103000,2019,15450.96811
dcs:who/AIR_45.AGE--Y65T69__ENVCAUSE--ENVCAUSE113__SEX--F,dcid:undata-geo/G00103000,2019,205393.1564
dcs:who/AIR_45.AGE--Y60T64__ENVCAUSE--ENVCAUSE114__SEX--F,dcid:undata-geo/G00103000,2019,47036.63296
dcs:who/AIR_45.AGE--Y65T69__ENVCAUSE--ENVCAUSE114__SEX--F,dcid:undata-geo/G00103000,2019,55092.53887
dcs:who/AIR_45.AGE--Y35T39__ENVCAUSE--ENVCAUSE114__SEX--F,dcid:undata-geo/G00103000,2019,14438.66465
dcs:who/AIR_45.AGE--Y25T29__ENVCAUSE--ENVCAUSE114__SEX--F,dcid:undata-geo/G00103000,2019,6916.15107
dcs:who/AIR_45.AGE--Y45T49__ENVCAUSE--ENVCAUSE114__SEX--F,dcid:undata-geo/G00103000,2019,23295.47705
dcs:who/AIR_45.AGE--Y70T74__ENVCAUSE--ENVCAUSE114__SEX--F,dcid:undata-geo/G00103000,2019,52998.63445
dcs:who/AIR_45.AGE--Y35T39__ENVCAUSE--ENVCAUSE039__SEX--F,dcid:undata-geo/G00103000,2019,8513.75826
dcs:who/AIR_45.ENVCAUSE--ENVCAUSE113__SEX--F,dcid:undata-geo/G00103000,2019,1426803.25
dcs:who/AIR_45.AGE--Y40T44__ENVCAUSE--ENVCAUSE039__SEX--F,dcid:undata-geo/G00103000,2019,9306.57099
dcs:who/AIR_45.AGE--Y45T49__ENVCAUSE--ENVCAUSE113__SEX--F,dcid:undata-geo/G00103000,2019,72321.29211
dcs:who/AIR_45.AGE--Y50T54__ENVCAUSE--ENVCAUSE114__SEX--F,dcid:undata-geo/G00103000,2019,30560.52639
dcs:who/AIR_45.AGE--Y35T39__ENVCAUSE--ENVCAUSE118__SEX--F,dcid:undata-geo/G00103000,2019,2257.09394
dcs:who/AIR_45.AGE--Y40T44__ENVCAUSE--ENVCAUSE114__SEX--F,dcid:undata-geo/G00103000,2019,20322.01307
dcs:who/AIR_45.AGE--Y50T54__ENVCAUSE--ENVCAUSE113__SEX--F,dcid:undata-geo/G00103000,2019,101418.0064
dcs:who/AIR_45.AGE--Y55T59__ENVCAUSE--ENVCAUSE113__SEX--F,dcid:undata-geo/G00103000,2019,135540.2958
dcs:who/AIR_45.AGE--Y45T49__ENVCAUSE--ENVCAUSE039__SEX--F,dcid:undata-geo/G00103000,2019,9416.49739
dcs:who/AIR_45.AGE--Y20T24__ENVCAUSE--ENVCAUSE039__SEX--F,dcid:undata-geo/G00103000,2019,7063.62706
dcs:who/AIR_45.AGE--Y25T29__ENVCAUSE--ENVCAUSE039__SEX--F,dcid:undata-geo/G00103000,2019,7093.33808
dcs:who/AIR_45.AGE--Y45T49__ENVCAUSE--ENVCAUSE118__SEX--F,dcid:undata-geo/G00103000,2019,3260.29641
dcs:who/AIR_45.AGE--Y70T74__ENVCAUSE--ENVCAUSE118__SEX--F,dcid:undata-geo/G00103000,2019,12711.92736
dcs:who/AIR_45.AGE--Y_GE80__ENVCAUSE--ENVCAUSE113__SEX--F,dcid:undata-geo/G00103000,2019,267856.9979
dcs:who/AIR_45.AGE--Y60T64__ENVCAUSE--ENVCAUSE039__SEX--F,dcid:undata-geo/G00103000,2019,14390.02516
dcs:who/AIR_45.AGE--Y65T69__ENVCAUSE--ENVCAUSE118__SEX--F,dcid:undata-geo/G00103000,2019,12315.81955
dcs:who/AIR_45.AGE--Y_GE80__ENVCAUSE--ENVCAUSE114__SEX--F,dcid:undata-geo/G00103000,2019,82357.23283
dcs:who/AIR_45.AGE--Y10T14__ENVCAUSE--ENVCAUSE039__SEX--F,dcid:undata-geo/G00103000,2019,13993.68622
dcs:who/AIR_45.AGE--Y30T34__ENVCAUSE--ENVCAUSE114__SEX--F,dcid:undata-geo/G00103000,2019,9605.86363
dcs:who/AIR_45.AGE--Y_GE80__ENVCAUSE--ENVCAUSE118__SEX--F,dcid:undata-geo/G00103000,2019,19718.7445
dcs:who/AIR_45.AGE--Y75T79__ENVCAUSE--ENVCAUSE113__SEX--F,dcid:undata-geo/G00103000,2019,167237.4835
dcs:who/AIR_45.ENVCAUSE--ENVCAUSE114__SEX--F,dcid:undata-geo/G00103000,2019,434555.8941
dcs:who/AIR_45.AGE--Y25T29__ENVCAUSE--ENVCAUSE118__SEX--F,dcid:undata-geo/G00103000,2019,965.24586
dcs:who/AIR_45.AGE--Y30T34__ENVCAUSE--ENVCAUSE039__SEX--F,dcid:undata-geo/G00103000,2019,8383.82217
dcs:who/AIR_45.AGE--Y75T79__ENVCAUSE--ENVCAUSE118__SEX--F,dcid:undata-geo/G00103000,2019,12492.7475
dcs:who/AIR_45.AGE--Y75T79__ENVCAUSE--ENVCAUSE114__SEX--F,dcid:undata-geo/G00103000,2019,53383.92505
dcs:who/AIR_45.AGE--Y60T64__ENVCAUSE--ENVCAUSE118__SEX--F,dcid:undata-geo/G00103000,2019,9862.01378
dcs:who/AIR_45.AGE--Y50T54__ENVCAUSE--ENVCAUSE039__SEX--F,dcid:undata-geo/G00103000,2019,10113.05669
dcs:who/AIR_45.AGE--Y55T59__ENVCAUSE--ENVCAUSE118__SEX--F,dcid:undata-geo/G00103000,2019,7476.58725
dcs:who/AIR_45.AGE--Y70T74__ENVCAUSE--ENVCAUSE113__SEX--F,dcid:undata-geo/G00103000,2019,181091.9373
dcs:who/AIR_45.AGE--Y50T54__ENVCAUSE--ENVCAUSE118__SEX--F,dcid:undata-geo/G00103000,2019,4851.51059
dcs:who/AIR_45.AGE--Y60T64__ENVCAUSE--ENVCAUSE113__SEX--F,dcid:undata-geo/G00103000,2019,177327.3869
dcs:who/AIR_45.AGE--Y0T4__ENVCAUSE--ENVCAUSE039__SEX--F,dcid:undata-geo/G00103000,2019,251592.9286
dcs:who/AIR_45.AGE--Y55T59__ENVCAUSE--ENVCAUSE114__SEX--F,dcid:undata-geo/G00103000,2019,38548.23404
dcs:who/AIR_45.AGE--Y15T19__ENVCAUSE--ENVCAUSE039__SEX--F,dcid:undata-geo/G00103000,2019,7574.63909
dcs:who/AIR_45.ENVCAUSE--ENVCAUSE118__SEX--F,dcid:undata-geo/G00103000,2019,89835.44632
dcs:who/AIR_45.AGE--Y40T44__ENVCAUSE--ENVCAUSE118__SEX--F,dcid:undata-geo/G00103000,2019,2385.66148
dcs:who/AIR_45.AGE--Y55T59__ENVCAUSE--ENVCAUSE039__SEX--F,dcid:undata-geo/G00103000,2019,11645.40756
dcs:who/AIR_45.AGE--Y35T39__ENVCAUSE--ENVCAUSE039,dcid:undata-geo/G00103000,2019,20997.40031
dcs:who/AIR_45.AGE--Y30T34__ENVCAUSE--ENVCAUSE068,dcid:undata-geo/G00103000,2019,2106.39085
dcs:who/AIR_45.AGE--Y40T44__ENVCAUSE--ENVCAUSE068,dcid:undata-geo/G00103000,2019,8591.63613
dcs:who/AIR_45.AGE--Y65T69__ENVCAUSE--ENVCAUSE118,dcid:undata-geo/G00103000,2019,38714.18678
dcs:who/AIR_45.SEX--F,dcid:undata-geo/G00103000,2019,2448596.333
dcs:who/AIR_45.AGE--Y35T39__ENVCAUSE--ENVCAUSE068,dcid:undata-geo/G00103000,2019,3440.76051
dcs:who/AIR_45.AGE--Y40T44__ENVCAUSE--ENVCAUSE039,dcid:undata-geo/G00103000,2019,23005.30045
dcs:who/AIR_45.AGE--Y65T69__ENVCAUSE--ENVCAUSE039,dcid:undata-geo/G00103000,2019,37259.53129
dcs:who/AIR_45.AGE--Y50T54__ENVCAUSE--ENVCAUSE039,dcid:undata-geo/G00103000,2019,26549.15844
dcs:who/AIR_45.ENVCAUSE--ENVCAUSE068,dcid:undata-geo/G00103000,2019,209680.8605
dcs:who/AIR_45.AGE--Y25T29__ENVCAUSE--ENVCAUSE113__SEX--F,dcid:undata-geo/G00103000,2019,14101.31265
dcs:who/AIR_45.ENVCAUSE--ENVCAUSE118,dcid:undata-geo/G00103000,2019,252159.8126
dcs:who/AIR_45.AGE--Y_GE80__ENVCAUSE--ENVCAUSE068,dcid:undata-geo/G00103000,2019,8684.2136
dcs:who/AIR_45.AGE--Y55T59__ENVCAUSE--ENVCAUSE118,dcid:undata-geo/G00103000,2019,24131.55024
dcs:who/AIR_45.AGE--Y20T24__ENVCAUSE--ENVCAUSE039,dcid:undata-geo/G00103000,2019,16801.55132
dcs:who/AIR_45.AGE--Y70T74__ENVCAUSE--ENVCAUSE039,dcid:undata-geo/G00103000,2019,34605.27856
dcs:who/AIR_45.AGE--Y45T49__ENVCAUSE--ENVCAUSE039,dcid:undata-geo/G00103000,2019,23495.38096
dcs:who/AIR_45.AGE--Y45T49__ENVCAUSE--ENVCAUSE118,dcid:undata-geo/G00103000,2019,10281.37832
dcs:who/AIR_45.AGE--Y40T44__ENVCAUSE--ENVCAUSE118,dcid:undata-geo/G00103000,2019,7457.11017
dcs:who/AIR_45.AGE--Y30T34__ENVCAUSE--ENVCAUSE113__SEX--F,dcid:undata-geo/G00103000,2019,25803.72661
dcs:who/AIR_45.AGE--Y30T34__ENVCAUSE--ENVCAUSE039,dcid:undata-geo/G00103000,2019,19134.22505
dcs:who/AIR_45.AGE--Y50T54__ENVCAUSE--ENVCAUSE118,dcid:undata-geo/G00103000,2019,16054.80828
dcs:who/AIR_45.AGE--Y_GE80__ENVCAUSE--ENVCAUSE039,dcid:undata-geo/G00103000,2019,47424.44796
dcs:who/AIR_45.ENVCAUSE--ENVCAUSE039,dcid:undata-geo/G00103000,2019,1041348.483
dcs:who/AIR_45.AGE--Y55T59__ENVCAUSE--ENVCAUSE068,dcid:undata-geo/G00103000,2019,36320.43482
dcs:who/AIR_45.AGE--Y70T74__ENVCAUSE--ENVCAUSE118,dcid:undata-geo/G00103000,2019,35977.65706
dcs:who/AIR_45.AGE--Y50T54__ENVCAUSE--ENVCAUSE068,dcid:undata-geo/G00103000,2019,27844.68611
dcs:who/AIR_45.AGE--Y0T4__ENVCAUSE--ENVCAUSE039,dcid:undata-geo/G00103000,2019,574272.8034
dcs:who/AIR_45.ENVCAUSE--ENVCAUSE114,dcid:undata-geo/G00103000,2019,881817.2215
dcs:who/AIR_45.AGE--Y_GE80__ENVCAUSE--ENVCAUSE118,dcid:undata-geo/G00103000,2019,40362.73898
dcs:who/AIR_45.AGE--Y35T39__ENVCAUSE--ENVCAUSE118,dcid:undata-geo/G00103000,2019,5667.26831
dcs:who/AIR_45.AGE--Y45T49__ENVCAUSE--ENVCAUSE068,dcid:undata-geo/G00103000,2019,17628.49719
dcs:who/AIR_45.AGE--Y10T14__ENVCAUSE--ENVCAUSE039,dcid:undata-geo/G00103000,2019,31029.41875
dcs:who/AIR_45.AGE--Y75T79__ENVCAUSE--ENVCAUSE118,dcid:undata-geo/G00103000,2019,31701.1455
dcs:who/AIR_45.AGE--Y25T29__ENVCAUSE--ENVCAUSE118,dcid:undata-geo/G00103000,2019,3261.29919
dcs:who/AIR_45.AGE--Y70T74__ENVCAUSE--ENVCAUSE068,dcid:undata-geo/G00103000,2019,21474.74843
dcs:who/AIR_45.AGE--Y75T79__ENVCAUSE--ENVCAUSE068,dcid:undata-geo/G00103000,2019,12508.73336
dcs:who/AIR_45.AGE--Y60T64__ENVCAUSE--ENVCAUSE118,dcid:undata-geo/G00103000,2019,33925.66423
dcs:who/AIR_45.AGE--Y60T64__ENVCAUSE--ENVCAUSE039,dcid:undata-geo/G00103000,2019,38669.4837
dcs:who/AIR_45.AGE--Y35T39__ENVCAUSE--ENVCAUSE113__SEX--F,dcid:undata-geo/G00103000,2019,32093.83785
dcs:who/AIR_45.AGE--Y60T64__ENVCAUSE--ENVCAUSE068,dcid:undata-geo/G00103000,2019,37378.5786
dcs:who/AIR_45.AGE--Y30T34__ENVCAUSE--ENVCAUSE118,dcid:undata-geo/G00103000,2019,4625.00551
dcs:who/AIR_45.AGE--Y25T29__ENVCAUSE--ENVCAUSE039,dcid:undata-geo/G00103000,2019,16753.94197
dcs:who/AIR_45.AGE--Y15T19__ENVCAUSE--ENVCAUSE039,dcid:undata-geo/G00103000,2019,18817.28246
dcs:who/AIR_45.AGE--Y55T59__ENVCAUSE--ENVCAUSE039,dcid:undata-geo/G00103000,2019,31929.8067
dcs:who/AIR_45.AGE--Y75T79__ENVCAUSE--ENVCAUSE039,dcid:undata-geo/G00103000,2019,30193.37382
dcs:who/AIR_45.AGE--Y5T9__ENVCAUSE--ENVCAUSE039,dcid:undata-geo/G00103000,2019,50410.09807
dcs:who/AIR_45.AGE--Y65T69__ENVCAUSE--ENVCAUSE068,dcid:undata-geo/G00103000,2019,32063.69906
dcs:who/AIR_45.AGE--Y25T29__ENVCAUSE--ENVCAUSE068,dcid:undata-geo/G00103000,2019,1638.48185
dcs:who/AIR_45.AGE--Y_GE80__ENVCAUSE--ENVCAUSE114,dcid:undata-geo/G00103000,2019,132357.4128
dcs:who/AIR_45.AGE--Y75T79__ENVCAUSE--ENVCAUSE113,dcid:undata-geo/G00103000,2019,334261.2444
dcs:who/AIR_45.AGE--Y70T74__ENVCAUSE--ENVCAUSE113,dcid:undata-geo/G00103000,2019,402426.8256
dcs:who/AIR_45,dcid:undata-geo/G00103000,2019,5976156.943
dcs:who/AIR_45.AGE--Y25T29__ENVCAUSE--ENVCAUSE114,dcid:undata-geo/G00103000,2019,21109.6687
dcs:who/AIR_45.AGE--Y25T29__ENVCAUSE--ENVCAUSE113,dcid:undata-geo/G00103000,2019,42586.64597
dcs:who/AIR_45.AGE--Y70T74__ENVCAUSE--ENVCAUSE114,dcid:undata-geo/G00103000,2019,103235.6729
dcs:who/AIR_45.AGE--Y35T39__ENVCAUSE--ENVCAUSE114,dcid:undata-geo/G00103000,2019,32692.24485
dcs:who/AIR_45.AGE--Y55T59__ENVCAUSE--ENVCAUSE113,dcid:undata-geo/G00103000,2019,429564.0598
dcs:who/AIR_45.AGE--Y75T79__ENVCAUSE--ENVCAUSE114,dcid:undata-geo/G00103000,2019,98315.58374
dcs:who/AIR_45.ENVCAUSE--ENVCAUSE113,dcid:undata-geo/G00103000,2019,3591150.565
dcs:who/AIR_45.AGE--Y30T34__ENVCAUSE--ENVCAUSE113,dcid:undata-geo/G00103000,2019,78362.12761
dcs:who/AIR_45.AGE--Y65T69__ENVCAUSE--ENVCAUSE113,dcid:undata-geo/G00103000,2019,503242.2016
dcs:who/AIR_45.AGE--Y30T34__ENVCAUSE--ENVCAUSE114,dcid:undata-geo/G00103000,2019,24531.95183
dcs:who/AIR_45.AGE--Y50T54__ENVCAUSE--ENVCAUSE114,dcid:undata-geo/G00103000,2019,68976.27269
dcs:who/AIR_45.AGE--Y50T54__ENVCAUSE--ENVCAUSE113,dcid:undata-geo/G00103000,2019,334662.8126
dcs:who/AIR_45.AGE--Y40T44__ENVCAUSE--ENVCAUSE114,dcid:undata-geo/G00103000,2019,43034.09514
dcs:who/AIR_45.AGE--Y35T39__ENVCAUSE--ENVCAUSE113,dcid:undata-geo/G00103000,2019,111095.5302
dcs:who/AIR_45.AGE--Y45T49__ENVCAUSE--ENVCAUSE114,dcid:undata-geo/G00103000,2019,52812.84264
dcs:who/AIR_45.AGE--Y65T69__ENVCAUSE--ENVCAUSE114,dcid:undata-geo/G00103000,2019,114922.4663
dcs:who/AIR_45.AGE--Y_GE80__ENVCAUSE--ENVCAUSE113,dcid:undata-geo/G00103000,2019,455776.7283
dcs:who/AIR_45.AGE--Y40T44__ENVCAUSE--ENVCAUSE113,dcid:undata-geo/G00103000,2019,164897.3994
dcs:who/AIR_45.AGE--Y45T49__ENVCAUSE--ENVCAUSE113,dcid:undata-geo/G00103000,2019,240748.9764
dcs:who/AIR_45.AGE--Y60T64__ENVCAUSE--ENVCAUSE113,dcid:undata-geo/G00103000,2019,493526.0129
dcs:who/AIR_45.AGE--Y60T64__ENVCAUSE--ENVCAUSE114,dcid:undata-geo/G00103000,2019,104004.1732
dcs:who/AIR_45.AGE--Y55T59__ENVCAUSE--ENVCAUSE114,dcid:undata-geo/G00103000,2019,85824.83669
dcs:who/AIR_45.AGE--Y70T74__ENVCAUSE--ENVCAUSE068__SEX--M,dcid:undata-geo/G00116000,2019,48063.25673
dcs:who/AIR_45.AGE--Y45T49__ENVCAUSE--ENVCAUSE068__SEX--M,dcid:undata-geo/G00116000,2019,37136.55087
dcs:who/AIR_45.AGE--Y55T59__ENVCAUSE--ENVCAUSE039__SEX--M,dcid:undata-geo/G00116000,2019,114388.3548
dcs:who/AIR_45.AGE--Y30T34__ENVCAUSE--ENVCAUSE068__SEX--M,dcid:undata-geo/G00116000,2019,6340.10837
dcs:who/AIR_45.AGE--Y50T54__ENVCAUSE--ENVCAUSE068__SEX--M,dcid:undata-geo/G00116000,2019,55920.00996
dcs:who/AIR_45.AGE--Y_GE80__ENVCAUSE--ENVCAUSE068__SEX--M,dcid:undata-geo/G00116000,2019,17990.59324
dcs:who/AIR_45.ENVCAUSE--ENVCAUSE068__SEX--M,dcid:undata-geo/G00116000,2019,450711.4368
dcs:who/AIR_45.AGE--Y60T64__ENVCAUSE--ENVCAUSE039__SEX--M,dcid:undata-geo/G00116000,2019,153577.0275
dcs:who/AIR_45.AGE--Y35T39__ENVCAUSE--ENVCAUSE068__SEX--M,dcid:undata-geo/G00116000,2019,10184.31828
dcs:who/AIR_45.AGE--Y45T49__ENVCAUSE--ENVCAUSE039__SEX--M,dcid:undata-geo/G00116000,2019,66474.31919
dcs:who/AIR_45.AGE--Y55T59__ENVCAUSE--ENVCAUSE068__SEX--M,dcid:undata-geo/G00116000,2019,76543.95077
dcs:who/AIR_45.AGE--Y60T64__ENVCAUSE--ENVCAUSE068__SEX--M,dcid:undata-geo/G00116000,2019,78096.25187
dcs:who/AIR_45.AGE--Y35T39__ENVCAUSE--ENVCAUSE039__SEX--M,dcid:undata-geo/G00116000,2019,51485.58708
dcs:who/AIR_45.AGE--Y75T79__ENVCAUSE--ENVCAUSE039__SEX--M,dcid:undata-geo/G00116000,2019,135122.3847
dcs:who/AIR_45.AGE--Y65T69__ENVCAUSE--ENVCAUSE068__SEX--M,dcid:undata-geo/G00116000,2019,69176.91777
dcs:who/AIR_45.AGE--Y65T69__ENVCAUSE--ENVCAUSE039__SEX--M,dcid:undata-geo/G00116000,2019,169222.1487
dcs:who/AIR_45.AGE--Y25T29__ENVCAUSE--ENVCAUSE068__SEX--M,dcid:undata-geo/G00116000,2019,3705.05431
dcs:who/AIR_45.AGE--Y_GE80__ENVCAUSE--ENVCAUSE039__SEX--M,dcid:undata-geo/G00116000,2019,166748.3555
dcs:who/AIR_45.AGE--Y40T44__ENVCAUSE--ENVCAUSE068__SEX--M,dcid:undata-geo/G00116000,2019,18209.98118
dcs:who/AIR_45.AGE--Y30T34__ENVCAUSE--ENVCAUSE039__SEX--M,dcid:undata-geo/G00116000,2019,40568.44092
dcs:who/AIR_45.AGE--Y75T79__ENVCAUSE--ENVCAUSE068__SEX--M,dcid:undata-geo/G00116000,2019,29344.4434
dcs:who/AIR_45.AGE--Y70T74__ENVCAUSE--ENVCAUSE039__SEX--M,dcid:undata-geo/G00116000,2019,156784.3747
dcs:who/AIR_45.AGE--Y40T44__ENVCAUSE--ENVCAUSE039__SEX--M,dcid:undata-geo/G00116000,2019,52828.23256
dcs:who/AIR_45.ENVCAUSE--ENVCAUSE039__SEX--M,dcid:undata-geo/G00116000,2019,3597688.329
dcs:who/AIR_45.AGE--Y50T54__ENVCAUSE--ENVCAUSE039__SEX--M,dcid:undata-geo/G00116000,2019,83406.88097
dcs:who/AIR_45.ENVCAUSE--ENVCAUSE114__SEX--M,dcid:undata-geo/G00116000,2019,2605324.865
dcs:who/AIR_45.AGE--Y50T54__ENVCAUSE--ENVCAUSE113__SEX--M,dcid:undata-geo/G00116000,2019,1042876.351
dcs:who/AIR_45.AGE--Y_GE80__ENVCAUSE--ENVCAUSE113__SEX--M,dcid:undata-geo/G00116000,2019,646681.6769
dcs:who/AIR_45.AGE--Y_GE80__ENVCAUSE--ENVCAUSE114__SEX--M,dcid:undata-geo/G00116000,2019,214852.4939
dcs:who/AIR_45.AGE--Y75T79__ENVCAUSE--ENVCAUSE118__SEX--M,dcid:undata-geo/G00116000,2019,385558.5885
dcs:who/AIR_45.AGE--Y45T49__ENVCAUSE--ENVCAUSE113__SEX--M,dcid:undata-geo/G00116000,2019,818371.7339
dcs:who/AIR_45.AGE--Y0T4__ENVCAUSE--ENVCAUSE039__SEX--M,dcid:undata-geo/G00116000,2019,2159891.926
dcs:who/AIR_45.AGE--Y60T64__ENVCAUSE--ENVCAUSE113__SEX--M,dcid:undata-geo/G00116000,2019,1215631.115
dcs:who/AIR_45.AGE--Y15T19__ENVCAUSE--ENVCAUSE039__SEX--M,dcid:undata-geo/G00116000,2019,35010.24043
dcs:who/AIR_45.AGE--Y25T29__ENVCAUSE--ENVCAUSE118__SEX--M,dcid:undata-geo/G00116000,2019,7614.87237
dcs:who/AIR_45.AGE--Y55T59__ENVCAUSE--ENVCAUSE113__SEX--M,dcid:undata-geo/G00116000,2019,1295184.864
dcs:who/AIR_45.AGE--Y45T49__ENVCAUSE--ENVCAUSE118__SEX--M,dcid:undata-geo/G00116000,2019,82274.48825
dcs:who/AIR_45.AGE--Y25T29__ENVCAUSE--ENVCAUSE114__SEX--M,dcid:undata-geo/G00116000,2019,31506.91942
dcs:who/AIR_45.AGE--Y35T39__ENVCAUSE--ENVCAUSE118__SEX--M,dcid:undata-geo/G00116000,2019,23818.37644
dcs:who/AIR_45.AGE--Y40T44__ENVCAUSE--ENVCAUSE118__SEX--M,dcid:undata-geo/G00116000,2019,40751.04748
dcs:who/AIR_45.AGE--Y70T74__ENVCAUSE--ENVCAUSE118__SEX--M,dcid:undata-geo/G00116000,2019,467591.8603
dcs:who/AIR_45.AGE--Y35T39__ENVCAUSE--ENVCAUSE113__SEX--M,dcid:undata-geo/G00116000,2019,422011.6933
dcs:who/AIR_45.AGE--Y65T69__ENVCAUSE--ENVCAUSE113__SEX--M,dcid:undata-geo/G00116000,2019,1081737.767
dcs:who/AIR_45.AGE--Y55T59__ENVCAUSE--ENVCAUSE114__SEX--M,dcid:undata-geo/G00116000,2019,348840.634
dcs:who/AIR_45.AGE--Y50T54__ENVCAUSE--ENVCAUSE118__SEX--M,dcid:undata-geo/G00116000,2019,165336.1337
dcs:who/AIR_45.AGE--Y45T49__ENVCAUSE--ENVCAUSE114__SEX--M,dcid:undata-geo/G00116000,2019,164413.5353
dcs:who/AIR_45.AGE--Y30T34__ENVCAUSE--ENVCAUSE113__SEX--M,dcid:undata-geo/G00116000,2019,264536.9056
dcs:who/AIR_45.AGE--Y70T74__ENVCAUSE--ENVCAUSE114__SEX--M,dcid:undata-geo/G00116000,2019,307048.6066
dcs:who/AIR_45.AGE--Y65T69__ENVCAUSE--ENVCAUSE114__SEX--M,dcid:undata-geo/G00116000,2019,406588.4415
dcs:who/AIR_45.ENVCAUSE--ENVCAUSE118__SEX--M,dcid:undata-geo/G00116000,2019,2807099.791
dcs:who/AIR_45.AGE--Y30T34__ENVCAUSE--ENVCAUSE118__SEX--M,dcid:undata-geo/G00116000,2019,12142.81654
dcs:who/AIR_45.AGE--Y25T29__ENVCAUSE--ENVCAUSE113__SEX--M,dcid:undata-geo/G00116000,2019,137745.9877
dcs:who/AIR_45.AGE--Y35T39__ENVCAUSE--ENVCAUSE114__SEX--M,dcid:undata-geo/G00116000,2019,84455.13399
dcs:who/AIR_45.ENVCAUSE--ENVCAUSE068__SEX--F,dcid:undata-geo/G00116000,2019,181121.7673
dcs:who/AIR_45.AGE--Y60T64__ENVCAUSE--ENVCAUSE114__SEX--M,dcid:undata-geo/G00116000,2019,396271.29
dcs:who/AIR_45.ENVCAUSE--ENVCAUSE113__SEX--M,dcid:undata-geo/G00116000,2019,8874569.019
dcs:who/AIR_45.AGE--Y5T9__ENVCAUSE--ENVCAUSE039__SEX--M,dcid:undata-geo/G00116000,2019,81383.2908
dcs:who/AIR_45.AGE--Y75T79__ENVCAUSE--ENVCAUSE113__SEX--M,dcid:undata-geo/G00116000,2019,594349.3352
dcs:who/AIR_45.AGE--Y_GE80__ENVCAUSE--ENVCAUSE118__SEX--M,dcid:undata-geo/G00116000,2019,422588.1287
dcs:who/AIR_45.AGE--Y65T69__ENVCAUSE--ENVCAUSE118__SEX--M,dcid:undata-geo/G00116000,2019,503160.9366
dcs:who/AIR_45.AGE--Y75T79__ENVCAUSE--ENVCAUSE114__SEX--M,dcid:undata-geo/G00116000,2019,232701.5136
dcs:who/AIR_45.AGE--Y20T24__ENVCAUSE--ENVCAUSE039__SEX--M,dcid:undata-geo/G00116000,2019,33973.36942
dcs:who/AIR_45.AGE--Y40T44__ENVCAUSE--ENVCAUSE114__SEX--M,dcid:undata-geo/G00116000,2019,112175.6675
dcs:who/AIR_45.AGE--Y55T59__ENVCAUSE--ENVCAUSE118__SEX--M,dcid:undata-geo/G00116000,2019,280144.0943
dcs:who/AIR_45.AGE--Y70T74__ENVCAUSE--ENVCAUSE113__SEX--M,dcid:undata-geo/G00116000,2019,795331.8338
dcs:who/AIR_45.AGE--Y40T44__ENVCAUSE--ENVCAUSE113__SEX--M,dcid:undata-geo/G00116000,2019,560109.7563
dcs:who/AIR_45.SEX--M,dcid:undata-geo/G00116000,2019,18335393.44
dcs:who/AIR_45.AGE--Y30T34__ENVCAUSE--ENVCAUSE114__SEX--M,dcid:undata-geo/G00116000,2019,52160.88353
dcs:who/AIR_45.AGE--Y60T64__ENVCAUSE--ENVCAUSE118__SEX--M,dcid:undata-geo/G00116000,2019,416118.4477
dcs:who/AIR_45.AGE--Y50T54__ENVCAUSE--ENVCAUSE114__SEX--M,dcid:undata-geo/G00116000,2019,254309.7455
dcs:who/AIR_45.AGE--Y25T29__ENVCAUSE--ENVCAUSE039__SEX--M,dcid:undata-geo/G00116000,2019,38022.34642
dcs:who/AIR_45.AGE--Y10T14__ENVCAUSE--ENVCAUSE039__SEX--M,dcid:undata-geo/G00116000,2019,58801.04886
dcs:who/AIR_45.ENVCAUSE--ENVCAUSE039__SEX--F,dcid:undata-geo/G00116000,2019,3205173.924
dcs:who/AIR_45.AGE--Y65T69__ENVCAUSE--ENVCAUSE039__SEX--F,dcid:undata-geo/G00116000,2019,177093.8298
dcs:who/AIR_45.AGE--Y35T39__ENVCAUSE--ENVCAUSE039__SEX--F,dcid:undata-geo/G00116000,2019,43693.63312
dcs:who/AIR_45.AGE--Y65T69__ENVCAUSE--ENVCAUSE118__SEX--F,dcid:undata-geo/G00116000,2019,303445.3365
dcs:who/AIR_45.AGE--Y70T74__ENVCAUSE--ENVCAUSE039__SEX--F,dcid:undata-geo/G00116000,2019,173963.1118
dcs:who/AIR_45.AGE--Y30T34__ENVCAUSE--ENVCAUSE039__SEX--F,dcid:undata-geo/G00116000,2019,29515.07607
dcs:who/AIR_45.AGE--Y_GE80__ENVCAUSE--ENVCAUSE068__SEX--F,dcid:undata-geo/G00116000,2019,9176.53678
dcs:who/AIR_45.AGE--Y70T74__ENVCAUSE--ENVCAUSE118__SEX--F,dcid:undata-geo/G00116000,2019,334652.5291
dcs:who/AIR_45.AGE--Y55T59__ENVCAUSE--ENVCAUSE068__SEX--F,dcid:undata-geo/G00116000,2019,25558.02774
dcs:who/AIR_45.AGE--Y35T39__ENVCAUSE--ENVCAUSE068__SEX--F,dcid:undata-geo/G00116000,2019,7185.48035
dcs:who/AIR_45.AGE--Y45T49__ENVCAUSE--ENVCAUSE039__SEX--F,dcid:undata-geo/G00116000,2019,45644.56472
dcs:who/AIR_45.ENVCAUSE--ENVCAUSE118__SEX--F,dcid:undata-geo/G00116000,2019,1897211.834
dcs:who/AIR_45.AGE--Y25T29__ENVCAUSE--ENVCAUSE068__SEX--F,dcid:undata-geo/G00116000,2019,2302.79397
dcs:who/AIR_45.AGE--Y60T64__ENVCAUSE--ENVCAUSE039__SEX--F,dcid:undata-geo/G00116000,2019,143150.6503
dcs:who/AIR_45.AGE--Y65T69__ENVCAUSE--ENVCAUSE068__SEX--F,dcid:undata-geo/G00116000,2019,22680.49017
dcs:who/AIR_45.AGE--Y10T14__ENVCAUSE--ENVCAUSE039__SEX--F,dcid:undata-geo/G00116000,2019,64635.56351
dcs:who/AIR_45.AGE--Y15T19__ENVCAUSE--ENVCAUSE039__SEX--F,dcid:undata-geo/G00116000,2019,33106.6295
dcs:who/AIR_45.AGE--Y_GE80__ENVCAUSE--ENVCAUSE118__SEX--F,dcid:undata-geo/G00116000,2019,391068.006
dcs:who/AIR_45.AGE--Y60T64__ENVCAUSE--ENVCAUSE118__SEX--F,dcid:undata-geo/G00116000,2019,247511.2259
dcs:who/AIR_45.AGE--Y50T54__ENVCAUSE--ENVCAUSE068__SEX--F,dcid:undata-geo/G00116000,2019,24944.27193
dcs:who/AIR_45.AGE--Y45T49__ENVCAUSE--ENVCAUSE068__SEX--F,dcid:undata-geo/G00116000,2019,16370.93879
dcs:who/AIR_45.AGE--Y5T9__ENVCAUSE--ENVCAUSE039__SEX--F,dcid:undata-geo/G00116000,2019,103074.7254
dcs:who/AIR_45.AGE--Y30T34__ENVCAUSE--ENVCAUSE068__SEX--F,dcid:undata-geo/G00116000,2019,4337.17044
dcs:who/AIR_45.AGE--Y25T29__ENVCAUSE--ENVCAUSE039__SEX--F,dcid:undata-geo/G00116000,2019,34883.70239
dcs:who/AIR_45.AGE--Y55T59__ENVCAUSE--ENVCAUSE039__SEX--F,dcid:undata-geo/G00116000,2019,93749.18216
dcs:who/AIR_45.AGE--Y_GE80__ENVCAUSE--ENVCAUSE039__SEX--F,dcid:undata-geo/G00116000,2019,172967.3365
dcs:who/AIR_45.AGE--Y40T44__ENVCAUSE--ENVCAUSE039__SEX--F,dcid:undata-geo/G00116000,2019,44389.46399
dcs:who/AIR_45.AGE--Y70T74__ENVCAUSE--ENVCAUSE068__SEX--F,dcid:undata-geo/G00116000,2019,18074.56508
dcs:who/AIR_45.AGE--Y75T79__ENVCAUSE--ENVCAUSE118__SEX--F,dcid:undata-geo/G00116000,2019,281469.0473
dcs:who/AIR_45.AGE--Y40T44__ENVCAUSE--ENVCAUSE068__SEX--F,dcid:undata-geo/G00116000,2019,12153.68692
dcs:who/AIR_45.AGE--Y0T4__ENVCAUSE--ENVCAUSE039__SEX--F,dcid:undata-geo/G00116000,2019,1798983.277
dcs:who/AIR_45.AGE--Y75T79__ENVCAUSE--ENVCAUSE039__SEX--F,dcid:undata-geo/G00116000,2019,133424.462
dcs:who/AIR_45.AGE--Y60T64__ENVCAUSE--ENVCAUSE068__SEX--F,dcid:undata-geo/G00116000,2019,26610.447
dcs:who/AIR_45.AGE--Y50T54__ENVCAUSE--ENVCAUSE039__SEX--F,dcid:undata-geo/G00116000,2019,81030.0632
dcs:who/AIR_45.AGE--Y20T24__ENVCAUSE--ENVCAUSE039__SEX--F,dcid:undata-geo/G00116000,2019,31868.6528
dcs:who/AIR_45.AGE--Y75T79__ENVCAUSE--ENVCAUSE068__SEX--F,dcid:undata-geo/G00116000,2019,11727.35816
dcs:who/AIR_45.AGE--Y45T49__ENVCAUSE--ENVCAUSE113__SEX--F,dcid:undata-geo/G00116000,2019,331190.1659
dcs:who/AIR_45.AGE--Y45T49__ENVCAUSE--ENVCAUSE114__SEX--F,dcid:undata-geo/G00116000,2019,125956.7194
dcs:who/AIR_45.AGE--Y50T54__ENVCAUSE--ENVCAUSE039,dcid:undata-geo/G00116000,2019,164436.9442
dcs:who/AIR_45.AGE--Y70T74__ENVCAUSE--ENVCAUSE068,dcid:undata-geo/G00116000,2019,66137.82181
dcs:who/AIR_45.AGE--Y30T34__ENVCAUSE--ENVCAUSE068,dcid:undata-geo/G00116000,2019,10677.27881
dcs:who/AIR_45.ENVCAUSE--ENVCAUSE068,dcid:undata-geo/G00116000,2019,631833.2041
dcs:who/AIR_45.AGE--Y25T29__ENVCAUSE--ENVCAUSE114__SEX--F,dcid:undata-geo/G00116000,2019,23596.33752
dcs:who/AIR_45.AGE--Y_GE80__ENVCAUSE--ENVCAUSE113__SEX--F,dcid:undata-geo/G00116000,2019,602331.9688
dcs:who/AIR_45.AGE--Y65T69__ENVCAUSE--ENVCAUSE039,dcid:undata-geo/G00116000,2019,346315.9785
dcs:who/AIR_45.AGE--Y_GE80__ENVCAUSE--ENVCAUSE114__SEX--F,dcid:undata-geo/G00116000,2019,251080.2023
dcs:who/AIR_45.AGE--Y65T69__ENVCAUSE--ENVCAUSE068,dcid:undata-geo/G00116000,2019,91857.40794
dcs:who/AIR_45.AGE--Y55T59__ENVCAUSE--ENVCAUSE113__SEX--F,dcid:undata-geo/G00116000,2019,615889.6525
dcs:who/AIR_45.AGE--Y55T59__ENVCAUSE--ENVCAUSE039,dcid:undata-geo/G00116000,2019,208137.537
dcs:who/AIR_45.AGE--Y35T39__ENVCAUSE--ENVCAUSE113__SEX--F,dcid:undata-geo/G00116000,2019,167024.8302
dcs:who/AIR_45.AGE--Y75T79__ENVCAUSE--ENVCAUSE039,dcid:undata-geo/G00116000,2019,268546.8466
dcs:who/AIR_45.AGE--Y25T29__ENVCAUSE--ENVCAUSE113__SEX--F,dcid:undata-geo/G00116000,2019,68127.35603
dcs:who/AIR_45.AGE--Y30T34__ENVCAUSE--ENVCAUSE114__SEX--F,dcid:undata-geo/G00116000,2019,32592.58885
dcs:who/AIR_45.AGE--Y40T44__ENVCAUSE--ENVCAUSE113__SEX--F,dcid:undata-geo/G00116000,2019,251975.1067
dcs:who/AIR_45.AGE--Y65T69__ENVCAUSE--ENVCAUSE113__SEX--F,dcid:undata-geo/G00116000,2019,696905.2294
dcs:who/AIR_45.AGE--Y_GE80__ENVCAUSE--ENVCAUSE039,dcid:undata-geo/G00116000,2019,339715.692
dcs:who/AIR_45.AGE--Y70T74__ENVCAUSE--ENVCAUSE114__SEX--F,dcid:undata-geo/G00116000,2019,295264.8
dcs:who/AIR_45.AGE--Y75T79__ENVCAUSE--ENVCAUSE113__SEX--F,dcid:undata-geo/G00116000,2019,508366.4662
dcs:who/AIR_45.AGE--Y30T34__ENVCAUSE--ENVCAUSE118__SEX--F,dcid:undata-geo/G00116000,2019,8018.77537
dcs:who/AIR_45.AGE--Y60T64__ENVCAUSE--ENVCAUSE068,dcid:undata-geo/G00116000,2019,104706.6989
dcs:who/AIR_45.AGE--Y75T79__ENVCAUSE--ENVCAUSE114__SEX--F,dcid:undata-geo/G00116000,2019,242862.0559
dcs:who/AIR_45.AGE--Y75T79__ENVCAUSE--ENVCAUSE068,dcid:undata-geo/G00116000,2019,41071.80156
dcs:who/AIR_45.AGE--Y70T74__ENVCAUSE--ENVCAUSE039,dcid:undata-geo/G00116000,2019,330747.4865
dcs:who/AIR_45.AGE--Y35T39__ENVCAUSE--ENVCAUSE118__SEX--F,dcid:undata-geo/G00116000,2019,13605.47268
dcs:who/AIR_45.AGE--Y70T74__ENVCAUSE--ENVCAUSE113__SEX--F,dcid:undata-geo/G00116000,2019,599637.3162
dcs:who/AIR_45.AGE--Y50T54__ENVCAUSE--ENVCAUSE118__SEX--F,dcid:undata-geo/G00116000,2019,101140.6845
dcs:who/AIR_45.AGE--Y30T34__ENVCAUSE--ENVCAUSE113__SEX--F,dcid:undata-geo/G00116000,2019,101946.6532
dcs:who/AIR_45.SEX--F,dcid:undata-geo/G00116000,2019,12700724.89
dcs:who/AIR_45.ENVCAUSE--ENVCAUSE039,dcid:undata-geo/G00116000,2019,6802862.253
dcs:who/AIR_45.AGE--Y60T64__ENVCAUSE--ENVCAUSE113__SEX--F,dcid:undata-geo/G00116000,2019,687438.5228
dcs:who/AIR_45.AGE--Y25T29__ENVCAUSE--ENVCAUSE118__SEX--F,dcid:undata-geo/G00116000,2019,5272.39748
dcs:who/AIR_45.AGE--Y50T54__ENVCAUSE--ENVCAUSE068,dcid:undata-geo/G00116000,2019,80864.28189
dcs:who/AIR_45.AGE--Y55T59__ENVCAUSE--ENVCAUSE068,dcid:undata-geo/G00116000,2019,102101.9785
dcs:who/AIR_45.ENVCAUSE--ENVCAUSE113__SEX--F,dcid:undata-geo/G00116000,2019,5144622.098
dcs:who/AIR_45.AGE--Y25T29__ENVCAUSE--ENVCAUSE068,dcid:undata-geo/G00116000,2019,6007.84828
dcs:who/AIR_45.AGE--Y55T59__ENVCAUSE--ENVCAUSE114__SEX--F,dcid:undata-geo/G00116000,2019,260757.09
dcs:who/AIR_45.AGE--Y55T59__ENVCAUSE--ENVCAUSE118__SEX--F,dcid:undata-geo/G00116000,2019,146782.4746
dcs:who/AIR_45.ENVCAUSE--ENVCAUSE114__SEX--F,dcid:undata-geo/G00116000,2019,2272595.268
dcs:who/AIR_45.AGE--Y40T44__ENVCAUSE--ENVCAUSE114__SEX--F,dcid:undata-geo/G00116000,2019,84666.51669
dcs:who/AIR_45.AGE--Y60T64__ENVCAUSE--ENVCAUSE114__SEX--F,dcid:undata-geo/G00116000,2019,336601.296
dcs:who/AIR_45.AGE--Y60T64__ENVCAUSE--ENVCAUSE039,dcid:undata-geo/G00116000,2019,296727.6779
dcs:who/AIR_45.AGE--Y40T44__ENVCAUSE--ENVCAUSE118__SEX--F,dcid:undata-geo/G00116000,2019,22131.71981
dcs:who/AIR_45.AGE--Y35T39__ENVCAUSE--ENVCAUSE068,dcid:undata-geo/G00116000,2019,17369.79863
dcs:who/AIR_45.AGE--Y_GE80__ENVCAUSE--ENVCAUSE068,dcid:undata-geo/G00116000,2019,27167.13002
dcs:who/AIR_45.AGE--Y40T44__ENVCAUSE--ENVCAUSE039,dcid:undata-geo/G00116000,2019,97217.69656
dcs:who/AIR_45.AGE--Y35T39__ENVCAUSE--ENVCAUSE114__SEX--F,dcid:undata-geo/G00116000,2019,53914.76463
dcs:who/AIR_45.AGE--Y65T69__ENVCAUSE--ENVCAUSE114__SEX--F,dcid:undata-geo/G00116000,2019,348074.1882
dcs:who/AIR_45.AGE--Y45T49__ENVCAUSE--ENVCAUSE068,dcid:undata-geo/G00116000,2019,53507.48966
dcs:who/AIR_45.AGE--Y45T49__ENVCAUSE--ENVCAUSE039,dcid:undata-geo/G00116000,2019,112118.8839
dcs:who/AIR_45.AGE--Y50T54__ENVCAUSE--ENVCAUSE114__SEX--F,dcid:undata-geo/G00116000,2019,217228.7089
dcs:who/AIR_45.AGE--Y50T54__ENVCAUSE--ENVCAUSE113__SEX--F,dcid:undata-geo/G00116000,2019,513788.8301
dcs:who/AIR_45.AGE--Y40T44__ENVCAUSE--ENVCAUSE068,dcid:undata-geo/G00116000,2019,30363.66811
dcs:who/AIR_45.AGE--Y45T49__ENVCAUSE--ENVCAUSE118__SEX--F,dcid:undata-geo/G00116000,2019,42114.16503
dcs:who/AIR_45.AGE--Y75T79__ENVCAUSE--ENVCAUSE118,dcid:undata-geo/G00116000,2019,667027.6359
dcs:who/AIR_45.AGE--Y45T49__ENVCAUSE--ENVCAUSE113,dcid:undata-geo/G00116000,2019,1149561.9
dcs:who/AIR_45.AGE--Y60T64__ENVCAUSE--ENVCAUSE114,dcid:undata-geo/G00116000,2019,732872.586
dcs:who/AIR_45.AGE--Y55T59__ENVCAUSE--ENVCAUSE113,dcid:undata-geo/G00116000,2019,1911074.516
dcs:who/AIR_45.AGE--Y60T64__ENVCAUSE--ENVCAUSE118,dcid:undata-geo/G00116000,2019,663629.6736
dcs:who/AIR_45.AGE--Y45T49__ENVCAUSE--ENVCAUSE114,dcid:undata-geo/G00116000,2019,290370.2547
dcs:who/AIR_45.AGE--Y45T49__ENVCAUSE--ENVCAUSE118,dcid:undata-geo/G00116000,2019,124388.6533
dcs:who/AIR_45.AGE--Y65T69__ENVCAUSE--ENVCAUSE114,dcid:undata-geo/G00116000,2019,754662.6297
dcs:who/AIR_45.AGE--Y0T4__ENVCAUSE--ENVCAUSE039,dcid:undata-geo/G00116000,2019,3958875.203
dcs:who/AIR_45.AGE--Y70T74__ENVCAUSE--ENVCAUSE118,dcid:undata-geo/G00116000,2019,802244.3894
dcs:who/AIR_45.AGE--Y15T19__ENVCAUSE--ENVCAUSE039,dcid:undata-geo/G00116000,2019,68116.86993
dcs:who/AIR_45.AGE--Y_GE80__ENVCAUSE--ENVCAUSE118,dcid:undata-geo/G00116000,2019,813656.1347
dcs:who/AIR_45.AGE--Y65T69__ENVCAUSE--ENVCAUSE113,dcid:undata-geo/G00116000,2019,1778642.997
dcs:who/AIR_45.AGE--Y30T34__ENVCAUSE--ENVCAUSE039,dcid:undata-geo/G00116000,2019,70083.51699
dcs:who/AIR_45.AGE--Y_GE80__ENVCAUSE--ENVCAUSE113,dcid:undata-geo/G00116000,2019,1249013.646
dcs:who/AIR_45.AGE--Y25T29__ENVCAUSE--ENVCAUSE118,dcid:undata-geo/G00116000,2019,12887.26985
dcs:who/AIR_45.AGE--Y20T24__ENVCAUSE--ENVCAUSE039,dcid:undata-geo/G00116000,2019,65842.02222
dcs:who/AIR_45.AGE--Y55T59__ENVCAUSE--ENVCAUSE118,dcid:undata-geo/G00116000,2019,426926.5689
dcs:who/AIR_45.AGE--Y40T44__ENVCAUSE--ENVCAUSE114,dcid:undata-geo/G00116000,2019,196842.1842
dcs:who/AIR_45.AGE--Y_GE80__ENVCAUSE--ENVCAUSE114,dcid:undata-geo/G00116000,2019,465932.6962
dcs:who/AIR_45.AGE--Y40T44__ENVCAUSE--ENVCAUSE113,dcid:undata-geo/G00116000,2019,812084.863
dcs:who/AIR_45.AGE--Y25T29__ENVCAUSE--ENVCAUSE114,dcid:undata-geo/G00116000,2019,55103.25694
dcs:who/AIR_45.AGE--Y25T29__ENVCAUSE--ENVCAUSE113,dcid:undata-geo/G00116000,2019,205873.3437
dcs:who/AIR_45,dcid:undata-geo/G00116000,2019,31036118.33
dcs:who/AIR_45.AGE--Y50T54__ENVCAUSE--ENVCAUSE118,dcid:undata-geo/G00116000,2019,266476.8182
dcs:who/AIR_45.AGE--Y5T9__ENVCAUSE--ENVCAUSE039,dcid:undata-geo/G00116000,2019,184458.0162
dcs:who/AIR_45.AGE--Y60T64__ENVCAUSE--ENVCAUSE113,dcid:undata-geo/G00116000,2019,1903069.638
dcs:who/AIR_45.ENVCAUSE--ENVCAUSE114,dcid:undata-geo/G00116000,2019,4877920.133
dcs:who/AIR_45.AGE--Y35T39__ENVCAUSE--ENVCAUSE113,dcid:undata-geo/G00116000,2019,589036.5234
dcs:who/AIR_45.AGE--Y35T39__ENVCAUSE--ENVCAUSE118,dcid:undata-geo/G00116000,2019,37423.84913
dcs:who/AIR_45.AGE--Y70T74__ENVCAUSE--ENVCAUSE113,dcid:undata-geo/G00116000,2019,1394969.15
dcs:who/AIR_45.AGE--Y50T54__ENVCAUSE--ENVCAUSE114,dcid:undata-geo/G00116000,2019,471538.4543
dcs:who/AIR_45.AGE--Y50T54__ENVCAUSE--ENVCAUSE113,dcid:undata-geo/G00116000,2019,1556665.181
dcs:who/AIR_45.AGE--Y75T79__ENVCAUSE--ENVCAUSE113,dcid:undata-geo/G00116000,2019,1102715.801
dcs:who/AIR_45.ENVCAUSE--ENVCAUSE118,dcid:undata-geo/G00116000,2019,4704311.625
dcs:who/AIR_45.AGE--Y40T44__ENVCAUSE--ENVCAUSE118,dcid:undata-geo/G00116000,2019,62882.76729
dcs:who/AIR_45.AGE--Y75T79__ENVCAUSE--ENVCAUSE114,dcid:undata-geo/G00116000,2019,475563.5695
dcs:who/AIR_45.AGE--Y55T59__ENVCAUSE--ENVCAUSE114,dcid:undata-geo/G00116000,2019,609597.724
dcs:who/AIR_45.AGE--Y35T39__ENVCAUSE--ENVCAUSE039,dcid:undata-geo/G00116000,2019,95179.22021
dcs:who/AIR_45.AGE--Y30T34__ENVCAUSE--ENVCAUSE113,dcid:undata-geo/G00116000,2019,366483.5588
dcs:who/AIR_45.AGE--Y25T29__ENVCAUSE--ENVCAUSE039,dcid:undata-geo/G00116000,2019,72906.0488
dcs:who/AIR_45.AGE--Y30T34__ENVCAUSE--ENVCAUSE118,dcid:undata-geo/G00116000,2019,20161.59191
dcs:who/AIR_45.AGE--Y70T74__ENVCAUSE--ENVCAUSE114,dcid:undata-geo/G00116000,2019,602313.4067
dcs:who/AIR_45.AGE--Y35T39__ENVCAUSE--ENVCAUSE114,dcid:undata-geo/G00116000,2019,138369.8986
dcs:who/AIR_45.AGE--Y30T34__ENVCAUSE--ENVCAUSE114,dcid:undata-geo/G00116000,2019,84753.47238
dcs:who/AIR_45.AGE--Y65T69__ENVCAUSE--ENVCAUSE118,dcid:undata-geo/G00116000,2019,806606.2732
dcs:who/AIR_45.ENVCAUSE--ENVCAUSE113,dcid:undata-geo/G00116000,2019,14019191.12
dcs:who/AIR_45.AGE--Y10T14__ENVCAUSE--ENVCAUSE039,dcid:undata-geo/G00116000,2019,123436.6124
dcs:who/AIR_45.AGE--Y40T44__ENVCAUSE--ENVCAUSE068__SEX--M,dcid:undata-geo/G00121000,2019,6436.16078
dcs:who/AIR_45.AGE--Y75T79__ENVCAUSE--ENVCAUSE039__SEX--M,dcid:undata-geo/G00121000,2019,30211.61798
dcs:who/AIR_45.AGE--Y65T69__ENVCAUSE--ENVCAUSE039__SEX--M,dcid:undata-geo/G00121000,2019,37697.26499
dcs:who/AIR_45.AGE--Y_GE80__ENVCAUSE--ENVCAUSE068__SEX--M,dcid:undata-geo/G00121000,2019,4477.26316
dcs:who/AIR_45.AGE--Y70T74__ENVCAUSE--ENVCAUSE068__SEX--M,dcid:undata-geo/G00121000,2019,11945.88021
dcs:who/AIR_45.AGE--Y75T79__ENVCAUSE--ENVCAUSE068__SEX--M,dcid:undata-geo/G00121000,2019,6816.62587
dcs:who/AIR_45.AGE--Y60T64__ENVCAUSE--ENVCAUSE068__SEX--M,dcid:undata-geo/G00121000,2019,23211.00716
dcs:who/AIR_45.AGE--Y_GE80__ENVCAUSE--ENVCAUSE039__SEX--M,dcid:undata-geo/G00121000,2019,34507.09802
dcs:who/AIR_45.ENVCAUSE--ENVCAUSE068__SEX--M,dcid:undata-geo/G00121000,2019,131886.1347
dcs:who/AIR_45.AGE--Y65T69__ENVCAUSE--ENVCAUSE068__SEX--M,dcid:undata-geo/G00121000,2019,18317.18057
dcs:who/AIR_45.AGE--Y70T74__ENVCAUSE--ENVCAUSE039__SEX--M,dcid:undata-geo/G00121000,2019,36188.6254
dcs:who/AIR_45.AGE--Y55T59__ENVCAUSE--ENVCAUSE039__SEX--M,dcid:undata-geo/G00121000,2019,33468.24958
dcs:who/AIR_45.AGE--Y60T64__ENVCAUSE--ENVCAUSE039__SEX--M,dcid:undata-geo/G00121000,2019,41724.65453
dcs:who/AIR_45.AGE--Y30T34__ENVCAUSE--ENVCAUSE068__SEX--M,dcid:undata-geo/G00121000,2019,1954.37321
dcs:who/AIR_45.AGE--Y35T39__ENVCAUSE--ENVCAUSE068__SEX--M,dcid:undata-geo/G00121000,2019,1965.38826
dcs:who/AIR_45.AGE--Y50T54__ENVCAUSE--ENVCAUSE068__SEX--M,dcid:undata-geo/G00121000,2019,18961.91904
dcs:who/AIR_45.ENVCAUSE--ENVCAUSE039__SEX--M,dcid:undata-geo/G00121000,2019,1685192.419
dcs:who/AIR_45.AGE--Y25T29__ENVCAUSE--ENVCAUSE068__SEX--M,dcid:undata-geo/G00121000,2019,1274.56297
dcs:who/AIR_45.AGE--Y55T59__ENVCAUSE--ENVCAUSE068__SEX--M,dcid:undata-geo/G00121000,2019,23909.03445
dcs:who/AIR_45.AGE--Y45T49__ENVCAUSE--ENVCAUSE068__SEX--M,dcid:undata-geo/G00121000,2019,12616.73903
dcs:who/AIR_45.AGE--Y45T49__ENVCAUSE--ENVCAUSE114__SEX--M,dcid:undata-geo/G00121000,2019,54199.01802
dcs:who/AIR_45.AGE--Y50T54__ENVCAUSE--ENVCAUSE118__SEX--M,dcid:undata-geo/G00121000,2019,30807.14122
dcs:who/AIR_45.AGE--Y45T49__ENVCAUSE--ENVCAUSE039__SEX--M,dcid:undata-geo/G00121000,2019,24357.27486
dcs:who/AIR_45.AGE--Y_GE80__ENVCAUSE--ENVCAUSE113__SEX--M,dcid:undata-geo/G00121000,2019,225810.5834
dcs:who/AIR_45.AGE--Y55T59__ENVCAUSE--ENVCAUSE114__SEX--M,dcid:undata-geo/G00121000,2019,88322.35745
dcs:who/AIR_45.AGE--Y_GE80__ENVCAUSE--ENVCAUSE118__SEX--M,dcid:undata-geo/G00121000,2019,58351.47896
dcs:who/AIR_45.AGE--Y65T69__ENVCAUSE--ENVCAUSE114__SEX--M,dcid:undata-geo/G00121000,2019,103640.6685
dcs:who/AIR_45.AGE--Y70T74__ENVCAUSE--ENVCAUSE118__SEX--M,dcid:undata-geo/G00121000,2019,69895.81702
dcs:who/AIR_45.AGE--Y55T59__ENVCAUSE--ENVCAUSE118__SEX--M,dcid:undata-geo/G00121000,2019,43911.423
dcs:who/AIR_45.AGE--Y60T64__ENVCAUSE--ENVCAUSE114__SEX--M,dcid:undata-geo/G00121000,2019,104062.8194
dcs:who/AIR_45.AGE--Y30T34__ENVCAUSE--ENVCAUSE039__SEX--M,dcid:undata-geo/G00121000,2019,20613.8239
dcs:who/AIR_45.AGE--Y0T4__ENVCAUSE--ENVCAUSE039__SEX--M,dcid:undata-geo/G00121000,2019,1202112.253
dcs:who/AIR_45.AGE--Y25T29__ENVCAUSE--ENVCAUSE113__SEX--M,dcid:undata-geo/G00121000,2019,66036.74487
dcs:who/AIR_45.AGE--Y75T79__ENVCAUSE--ENVCAUSE118__SEX--M,dcid:undata-geo/G00121000,2019,57729.26515
dcs:who/AIR_45.AGE--Y50T54__ENVCAUSE--ENVCAUSE114__SEX--M,dcid:undata-geo/G00121000,2019,75263.04948
dcs:who/AIR_45.ENVCAUSE--ENVCAUSE118__SEX--M,dcid:undata-geo/G00121000,2019,440138.7807
dcs:who/AIR_45.AGE--Y70T74__ENVCAUSE--ENVCAUSE114__SEX--M,dcid:undata-geo/G00121000,2019,89971.264
dcs:who/AIR_45.AGE--Y50T54__ENVCAUSE--ENVCAUSE113__SEX--M,dcid:undata-geo/G00121000,2019,381634.8145
dcs:who/AIR_45.AGE--Y25T29__ENVCAUSE--ENVCAUSE118__SEX--M,dcid:undata-geo/G00121000,2019,4520.72153
dcs:who/AIR_45.AGE--Y75T79__ENVCAUSE--ENVCAUSE113__SEX--M,dcid:undata-geo/G00121000,2019,228857.0317
dcs:who/AIR_45.AGE--Y10T14__ENVCAUSE--ENVCAUSE039__SEX--M,dcid:undata-geo/G00121000,2019,32446.02398
dcs:who/AIR_45.AGE--Y30T34__ENVCAUSE--ENVCAUSE113__SEX--M,dcid:undata-geo/G00121000,2019,111303.2924
dcs:who/AIR_45.AGE--Y20T24__ENVCAUSE--ENVCAUSE039__SEX--M,dcid:undata-geo/G00121000,2019,20089.58727
dcs:who/AIR_45.AGE--Y40T44__ENVCAUSE--ENVCAUSE039__SEX--M,dcid:undata-geo/G00121000,2019,23599.14412
dcs:who/AIR_45.AGE--Y45T49__ENVCAUSE--ENVCAUSE118__SEX--M,dcid:undata-geo/G00121000,2019,17504.33407
dcs:who/AIR_45.AGE--Y65T69__ENVCAUSE--ENVCAUSE113__SEX--M,dcid:undata-geo/G00121000,2019,400922.1992
dcs:who/AIR_45.AGE--Y30T34__ENVCAUSE--ENVCAUSE114__SEX--M,dcid:undata-geo/G00121000,2019,27285.48614
dcs:who/AIR_45.AGE--Y35T39__ENVCAUSE--ENVCAUSE039__SEX--M,dcid:undata-geo/G00121000,2019,22193.32813
dcs:who/AIR_45.AGE--Y60T64__ENVCAUSE--ENVCAUSE118__SEX--M,dcid:undata-geo/G00121000,2019,64720.50324
dcs:who/AIR_45.AGE--Y30T34__ENVCAUSE--ENVCAUSE118__SEX--M,dcid:undata-geo/G00121000,2019,6010.28152
dcs:who/AIR_45.AGE--Y25T29__ENVCAUSE--ENVCAUSE114__SEX--M,dcid:undata-geo/G00121000,2019,23608.99921
dcs:who/AIR_45.AGE--Y45T49__ENVCAUSE--ENVCAUSE113__SEX--M,dcid:undata-geo/G00121000,2019,289285.9921
dcs:who/AIR_45.AGE--Y50T54__ENVCAUSE--ENVCAUSE039__SEX--M,dcid:undata-geo/G00121000,2019,28094.47962
dcs:who/AIR_45.AGE--Y60T64__ENVCAUSE--ENVCAUSE113__SEX--M,dcid:undata-geo/G00121000,2019,454543.3642
dcs:who/AIR_45.AGE--Y40T44__ENVCAUSE--ENVCAUSE118__SEX--M,dcid:undata-geo/G00121000,2019,11714.07393
dcs:who/AIR_45.AGE--Y35T39__ENVCAUSE--ENVCAUSE118__SEX--M,dcid:undata-geo/G00121000,2019,7326.30217
dcs:who/AIR_45.AGE--Y65T69__ENVCAUSE--ENVCAUSE118__SEX--M,dcid:undata-geo/G00121000,2019,67647.43893
dcs:who/AIR_45.AGE--Y35T39__ENVCAUSE--ENVCAUSE113__SEX--M,dcid:undata-geo/G00121000,2019,148279.7831
dcs:who/AIR_45.AGE--Y75T79__ENVCAUSE--ENVCAUSE114__SEX--M,dcid:undata-geo/G00121000,2019,73610.8709
dcs:who/AIR_45.ENVCAUSE--ENVCAUSE114__SEX--M,dcid:undata-geo/G00121000,2019,780757.6153
dcs:who/AIR_45.AGE--Y_GE80__ENVCAUSE--ENVCAUSE114__SEX--M,dcid:undata-geo/G00121000,2019,64742.30712
dcs:who/AIR_45.AGE--Y15T19__ENVCAUSE--ENVCAUSE039__SEX--M,dcid:undata-geo/G00121000,2019,22918.08954
dcs:who/AIR_45.AGE--Y55T59__ENVCAUSE--ENVCAUSE113__SEX--M,dcid:undata-geo/G00121000,2019,444338.8567
dcs:who/AIR_45.AGE--Y35T39__ENVCAUSE--ENVCAUSE114__SEX--M,dcid:undata-geo/G00121000,2019,33255.24096
dcs:who/AIR_45.AGE--Y40T44__ENVCAUSE--ENVCAUSE113__SEX--M,dcid:undata-geo/G00121000,2019,217969.3935
dcs:who/AIR_45.ENVCAUSE--ENVCAUSE113__SEX--M,dcid:undata-geo/G00121000,2019,3279582.021
dcs:who/AIR_45.AGE--Y40T44__ENVCAUSE--ENVCAUSE114__SEX--M,dcid:undata-geo/G00121000,2019,42795.53419
dcs:who/AIR_45.AGE--Y5T9__ENVCAUSE--ENVCAUSE039__SEX--M,dcid:undata-geo/G00121000,2019,54609.54099
dcs:who/AIR_45.AGE--Y70T74__ENVCAUSE--ENVCAUSE113__SEX--M,dcid:undata-geo/G00121000,2019,310599.965
dcs:who/AIR_45.SEX--M,dcid:undata-geo/G00121000,2019,6317556.971
dcs:who/AIR_45.AGE--Y25T29__ENVCAUSE--ENVCAUSE039__SEX--M,dcid:undata-geo/G00121000,2019,20361.36306
dcs:who/AIR_45.AGE--Y55T59__ENVCAUSE--ENVCAUSE118__SEX--F,dcid:undata-geo/G00121000,2019,18751.63764
dcs:who/AIR_45.AGE--Y15T19__ENVCAUSE--ENVCAUSE039__SEX--F,dcid:undata-geo/G00121000,2019,11931.06321
dcs:who/AIR_45.AGE--Y70T74__ENVCAUSE--ENVCAUSE118__SEX--F,dcid:undata-geo/G00121000,2019,32526.52313
dcs:who/AIR_45.AGE--Y30T34__ENVCAUSE--ENVCAUSE039__SEX--F,dcid:undata-geo/G00121000,2019,13371.15386
dcs:who/AIR_45.AGE--Y65T69__ENVCAUSE--ENVCAUSE114__SEX--F,dcid:undata-geo/G00121000,2019,102588.4831
dcs:who/AIR_45.AGE--Y_GE80__ENVCAUSE--ENVCAUSE039__SEX--F,dcid:undata-geo/G00121000,2019,24418.40947
dcs:who/AIR_45.AGE--Y50T54__ENVCAUSE--ENVCAUSE118__SEX--F,dcid:undata-geo/G00121000,2019,12481.44497
dcs:who/AIR_45.ENVCAUSE--ENVCAUSE068__SEX--F,dcid:undata-geo/G00121000,2019,40896.03357
dcs:who/AIR_45.AGE--Y40T44__ENVCAUSE--ENVCAUSE039__SEX--F,dcid:undata-geo/G00121000,2019,12790.20133
dcs:who/AIR_45.AGE--Y40T44__ENVCAUSE--ENVCAUSE068__SEX--F,dcid:undata-geo/G00121000,2019,2744.79999
dcs:who/AIR_45.AGE--Y35T39__ENVCAUSE--ENVCAUSE068__SEX--F,dcid:undata-geo/G00121000,2019,1700.17183
dcs:who/AIR_45.AGE--Y60T64__ENVCAUSE--ENVCAUSE039__SEX--F,dcid:undata-geo/G00121000,2019,21885.49229
dcs:who/AIR_45.AGE--Y45T49__ENVCAUSE--ENVCAUSE068__SEX--F,dcid:undata-geo/G00121000,2019,4156.35335
dcs:who/AIR_45.AGE--Y75T79__ENVCAUSE--ENVCAUSE039__SEX--F,dcid:undata-geo/G00121000,2019,18877.27985
dcs:who/AIR_45.AGE--Y20T24__ENVCAUSE--ENVCAUSE039__SEX--F,dcid:undata-geo/G00121000,2019,11477.22843
dcs:who/AIR_45.AGE--Y65T69__ENVCAUSE--ENVCAUSE118__SEX--F,dcid:undata-geo/G00121000,2019,28613.61524
dcs:who/AIR_45.AGE--Y60T64__ENVCAUSE--ENVCAUSE118__SEX--F,dcid:undata-geo/G00121000,2019,26131.30266
dcs:who/AIR_45.AGE--Y35T39__ENVCAUSE--ENVCAUSE118__SEX--F,dcid:undata-geo/G00121000,2019,4501.3223
dcs:who/AIR_45.AGE--Y75T79__ENVCAUSE--ENVCAUSE068__SEX--F,dcid:undata-geo/G00121000,2019,2165.24779
dcs:who/AIR_45.AGE--Y50T54__ENVCAUSE--ENVCAUSE039__SEX--F,dcid:undata-geo/G00121000,2019,14970.01037
dcs:who/AIR_45.AGE--Y70T74__ENVCAUSE--ENVCAUSE039__SEX--F,dcid:undata-geo/G00121000,2019,23222.22411
dcs:who/AIR_45.AGE--Y55T59__ENVCAUSE--ENVCAUSE039__SEX--F,dcid:undata-geo/G00121000,2019,17057.90513
dcs:who/AIR_45.AGE--Y25T29__ENVCAUSE--ENVCAUSE039__SEX--F,dcid:undata-geo/G00121000,2019,12181.09615
dcs:who/AIR_45.AGE--Y_GE80__ENVCAUSE--ENVCAUSE114__SEX--F,dcid:undata-geo/G00121000,2019,86442.79392
dcs:who/AIR_45.AGE--Y60T64__ENVCAUSE--ENVCAUSE068__SEX--F,dcid:undata-geo/G00121000,2019,5972.18458
dcs:who/AIR_45.AGE--Y30T34__ENVCAUSE--ENVCAUSE118__SEX--F,dcid:undata-geo/G00121000,2019,3639.50166
dcs:who/AIR_45.AGE--Y75T79__ENVCAUSE--ENVCAUSE114__SEX--F,dcid:undata-geo/G00121000,2019,85250.48164
dcs:who/AIR_45.AGE--Y5T9__ENVCAUSE--ENVCAUSE039__SEX--F,dcid:undata-geo/G00121000,2019,53098.26884
dcs:who/AIR_45.ENVCAUSE--ENVCAUSE114__SEX--F,dcid:undata-geo/G00121000,2019,787827.5795
dcs:who/AIR_45.AGE--Y75T79__ENVCAUSE--ENVCAUSE118__SEX--F,dcid:undata-geo/G00121000,2019,26549.67026
dcs:who/AIR_45.AGE--Y65T69__ENVCAUSE--ENVCAUSE039__SEX--F,dcid:undata-geo/G00121000,2019,22442.39134
dcs:who/AIR_45.AGE--Y25T29__ENVCAUSE--ENVCAUSE118__SEX--F,dcid:undata-geo/G00121000,2019,2344.73254
dcs:who/AIR_45.ENVCAUSE--ENVCAUSE039__SEX--F,dcid:undata-geo/G00121000,2019,1237617.128
dcs:who/AIR_45.AGE--Y_GE80__ENVCAUSE--ENVCAUSE118__SEX--F,dcid:undata-geo/G00121000,2019,30961.50569
dcs:who/AIR_45.AGE--Y40T44__ENVCAUSE--ENVCAUSE118__SEX--F,dcid:undata-geo/G00121000,2019,4936.94315
dcs:who/AIR_45.AGE--Y70T74__ENVCAUSE--ENVCAUSE068__SEX--F,dcid:undata-geo/G00121000,2019,3652.3105
dcs:who/AIR_45.AGE--Y60T64__ENVCAUSE--ENVCAUSE114__SEX--F,dcid:undata-geo/G00121000,2019,101125.6931
dcs:who/AIR_45.AGE--Y45T49__ENVCAUSE--ENVCAUSE039__SEX--F,dcid:undata-geo/G00121000,2019,12891.98215
dcs:who/AIR_45.AGE--Y55T59__ENVCAUSE--ENVCAUSE068__SEX--F,dcid:undata-geo/G00121000,2019,6042.39249
dcs:who/AIR_45.AGE--Y25T29__ENVCAUSE--ENVCAUSE068__SEX--F,dcid:undata-geo/G00121000,2019,868.59516
dcs:who/AIR_45.AGE--Y50T54__ENVCAUSE--ENVCAUSE068__SEX--F,dcid:undata-geo/G00121000,2019,5541.88746
dcs:who/AIR_45.AGE--Y0T4__ENVCAUSE--ENVCAUSE039__SEX--F,dcid:undata-geo/G00121000,2019,928567.9902
dcs:who/AIR_45.AGE--Y70T74__ENVCAUSE--ENVCAUSE114__SEX--F,dcid:undata-geo/G00121000,2019,100575.6599
dcs:who/AIR_45.AGE--Y30T34__ENVCAUSE--ENVCAUSE068__SEX--F,dcid:undata-geo/G00121000,2019,1250.10022
dcs:who/AIR_45.AGE--Y10T14__ENVCAUSE--ENVCAUSE039__SEX--F,dcid:undata-geo/G00121000,2019,24567.36758
dcs:who/AIR_45.AGE--Y35T39__ENVCAUSE--ENVCAUSE039__SEX--F,dcid:undata-geo/G00121000,2019,13867.06331
dcs:who/AIR_45.ENVCAUSE--ENVCAUSE118__SEX--F,dcid:undata-geo/G00121000,2019,198979.9695
dcs:who/AIR_45.AGE--Y65T69__ENVCAUSE--ENVCAUSE068__SEX--F,dcid:undata-geo/G00121000,2019,5105.01013
dcs:who/AIR_45.AGE--Y45T49__ENVCAUSE--ENVCAUSE118__SEX--F,dcid:undata-geo/G00121000,2019,7541.7703
dcs:who/AIR_45.AGE--Y_GE80__ENVCAUSE--ENVCAUSE068__SEX--F,dcid:undata-geo/G00121000,2019,1696.98008
dcs:who/AIR_45.AGE--Y40T44__ENVCAUSE--ENVCAUSE068,dcid:undata-geo/G00121000,2019,9180.96077
dcs:who/AIR_45.AGE--Y50T54__ENVCAUSE--ENVCAUSE068,dcid:undata-geo/G00121000,2019,24503.8065
dcs:who/AIR_45.AGE--Y35T39__ENVCAUSE--ENVCAUSE068,dcid:undata-geo/G00121000,2019,3665.56008
dcs:who/AIR_45.AGE--Y20T24__ENVCAUSE--ENVCAUSE039,dcid:undata-geo/G00121000,2019,31566.8157
dcs:who/AIR_45.AGE--Y65T69__ENVCAUSE--ENVCAUSE113__SEX--F,dcid:undata-geo/G00121000,2019,278159.7587
dcs:who/AIR_45.AGE--Y45T49__ENVCAUSE--ENVCAUSE113__SEX--F,dcid:undata-geo/G00121000,2019,136297.6879
dcs:who/AIR_45.AGE--Y45T49__ENVCAUSE--ENVCAUSE039,dcid:undata-geo/G00121000,2019,37249.25701
dcs:who/AIR_45.AGE--Y40T44__ENVCAUSE--ENVCAUSE113__SEX--F,dcid:undata-geo/G00121000,2019,100995.4215
dcs:who/AIR_45.SEX--F,dcid:undata-geo/G00121000,2019,4302670.289
dcs:who/AIR_45.AGE--Y25T29__ENVCAUSE--ENVCAUSE039,dcid:undata-geo/G00121000,2019,32542.45921
dcs:who/AIR_45.AGE--Y40T44__ENVCAUSE--ENVCAUSE039,dcid:undata-geo/G00121000,2019,36389.34545
dcs:who/AIR_45.AGE--Y75T79__ENVCAUSE--ENVCAUSE039,dcid:undata-geo/G00121000,2019,49088.89783
dcs:who/AIR_45.AGE--Y35T39__ENVCAUSE--ENVCAUSE039,dcid:undata-geo/G00121000,2019,36060.39144
dcs:who/AIR_45.ENVCAUSE--ENVCAUSE039,dcid:undata-geo/G00121000,2019,2922809.547
dcs:who/AIR_45.AGE--Y55T59__ENVCAUSE--ENVCAUSE068,dcid:undata-geo/G00121000,2019,29951.42694
dcs:who/AIR_45.AGE--Y15T19__ENVCAUSE--ENVCAUSE039,dcid:undata-geo/G00121000,2019,34849.15275
dcs:who/AIR_45.AGE--Y60T64__ENVCAUSE--ENVCAUSE113__SEX--F,dcid:undata-geo/G00121000,2019,265795.6214
dcs:who/AIR_45.AGE--Y70T74__ENVCAUSE--ENVCAUSE068,dcid:undata-geo/G00121000,2019,15598.19071
dcs:who/AIR_45.AGE--Y60T64__ENVCAUSE--ENVCAUSE039,dcid:undata-geo/G00121000,2019,63610.14683
dcs:who/AIR_45.AGE--Y30T34__ENVCAUSE--ENVCAUSE114__SEX--F,dcid:undata-geo/G00121000,2019,22394.41856
dcs:who/AIR_45.AGE--Y70T74__ENVCAUSE--ENVCAUSE039,dcid:undata-geo/G00121000,2019,59410.8495
dcs:who/AIR_45.AGE--Y55T59__ENVCAUSE--ENVCAUSE114__SEX--F,dcid:undata-geo/G00121000,2019,85708.69717
dcs:who/AIR_45.AGE--Y35T39__ENVCAUSE--ENVCAUSE114__SEX--F,dcid:undata-geo/G00121000,2019,28131.04967
dcs:who/AIR_45.AGE--Y45T49__ENVCAUSE--ENVCAUSE068,dcid:undata-geo/G00121000,2019,16773.09238
dcs:who/AIR_45.ENVCAUSE--ENVCAUSE113__SEX--F,dcid:undata-geo/G00121000,2019,2037349.579
dcs:who/AIR_45.AGE--Y50T54__ENVCAUSE--ENVCAUSE113__SEX--F,dcid:undata-geo/G00121000,2019,180781.2394
dcs:who/AIR_45.AGE--Y70T74__ENVCAUSE--ENVCAUSE113__SEX--F,dcid:undata-geo/G00121000,2019,245226.7644
dcs:who/AIR_45.AGE--Y40T44__ENVCAUSE--ENVCAUSE114__SEX--F,dcid:undata-geo/G00121000,2019,40648.55661
dcs:who/AIR_45.AGE--Y25T29__ENVCAUSE--ENVCAUSE113__SEX--F,dcid:undata-geo/G00121000,2019,30348.54057
dcs:who/AIR_45.ENVCAUSE--ENVCAUSE118,dcid:undata-geo/G00121000,2019,639118.7503
dcs:who/AIR_45.AGE--Y10T14__ENVCAUSE--ENVCAUSE039,dcid:undata-geo/G00121000,2019,57013.39156
dcs:who/AIR_45.AGE--Y65T69__ENVCAUSE--ENVCAUSE039,dcid:undata-geo/G00121000,2019,60139.65633
dcs:who/AIR_45.AGE--Y5T9__ENVCAUSE--ENVCAUSE039,dcid:undata-geo/G00121000,2019,107707.8098
dcs:who/AIR_45.AGE--Y_GE80__ENVCAUSE--ENVCAUSE039,dcid:undata-geo/G00121000,2019,58925.50749
dcs:who/AIR_45.AGE--Y_GE80__ENVCAUSE--ENVCAUSE113__SEX--F,dcid:undata-geo/G00121000,2019,242201.5852
dcs:who/AIR_45.AGE--Y25T29__ENVCAUSE--ENVCAUSE114__SEX--F,dcid:undata-geo/G00121000,2019,15265.88874
dcs:who/AIR_45.AGE--Y50T54__ENVCAUSE--ENVCAUSE039,dcid:undata-geo/G00121000,2019,43064.49
dcs:who/AIR_45.AGE--Y70T74__ENVCAUSE--ENVCAUSE118,dcid:undata-geo/G00121000,2019,102422.3401
dcs:who/AIR_45.AGE--Y75T79__ENVCAUSE--ENVCAUSE113__SEX--F,dcid:undata-geo/G00121000,2019,202932.1028
dcs:who/AIR_45.AGE--Y75T79__ENVCAUSE--ENVCAUSE118,dcid:undata-geo/G00121000,2019,84278.93542
dcs:who/AIR_45.AGE--Y65T69__ENVCAUSE--ENVCAUSE068,dcid:undata-geo/G00121000,2019,23422.1907
dcs:who/AIR_45.AGE--Y25T29__ENVCAUSE--ENVCAUSE068,dcid:undata-geo/G00121000,2019,2143.15812
dcs:who/AIR_45.AGE--Y30T34__ENVCAUSE--ENVCAUSE113__SEX--F,dcid:undata-geo/G00121000,2019,52492.96806
dcs:who/AIR_45.AGE--Y60T64__ENVCAUSE--ENVCAUSE068,dcid:undata-geo/G00121000,2019,29183.19174
dcs:who/AIR_45.AGE--Y35T39__ENVCAUSE--ENVCAUSE113__SEX--F,dcid:undata-geo/G00121000,2019,72563.38947
dcs:who/AIR_45.AGE--Y50T54__ENVCAUSE--ENVCAUSE114__SEX--F,dcid:undata-geo/G00121000,2019,68781.41384
dcs:who/AIR_45.AGE--Y30T34__ENVCAUSE--ENVCAUSE039,dcid:undata-geo/G00121000,2019,33984.97776
dcs:who/AIR_45.AGE--Y30T34__ENVCAUSE--ENVCAUSE068,dcid:undata-geo/G00121000,2019,3204.47343
dcs:who/AIR_45.AGE--Y_GE80__ENVCAUSE--ENVCAUSE118,dcid:undata-geo/G00121000,2019,89312.98465
dcs:who/AIR_45.AGE--Y0T4__ENVCAUSE--ENVCAUSE039,dcid:undata-geo/G00121000,2019,2130680.244
dcs:who/AIR_45.AGE--Y_GE80__ENVCAUSE--ENVCAUSE068,dcid:undata-geo/G00121000,2019,6174.24324
dcs:who/AIR_45.ENVCAUSE--ENVCAUSE068,dcid:undata-geo/G00121000,2019,172782.1683
dcs:who/AIR_45.AGE--Y75T79__ENVCAUSE--ENVCAUSE068,dcid:undata-geo/G00121000,2019,8981.87366
dcs:who/AIR_45.AGE--Y55T59__ENVCAUSE--ENVCAUSE113__SEX--F,dcid:undata-geo/G00121000,2019,229554.4993
dcs:who/AIR_45.AGE--Y55T59__ENVCAUSE--ENVCAUSE039,dcid:undata-geo/G00121000,2019,50526.15471
dcs:who/AIR_45.AGE--Y45T49__ENVCAUSE--ENVCAUSE114__SEX--F,dcid:undata-geo/G00121000,2019,50914.44331
dcs:who/AIR_45.AGE--Y40T44__ENVCAUSE--ENVCAUSE114,dcid:undata-geo/G00121000,2019,83444.0908
dcs:who/AIR_45.AGE--Y60T64__ENVCAUSE--ENVCAUSE113,dcid:undata-geo/G00121000,2019,720338.9856
dcs:who/AIR_45.AGE--Y45T49__ENVCAUSE--ENVCAUSE113,dcid:undata-geo/G00121000,2019,425583.6801
dcs:who/AIR_45.AGE--Y55T59__ENVCAUSE--ENVCAUSE113,dcid:undata-geo/G00121000,2019,673893.356
dcs:who/AIR_45.AGE--Y65T69__ENVCAUSE--ENVCAUSE118,dcid:undata-geo/G00121000,2019,96261.05417
dcs:who/AIR_45,dcid:undata-geo/G00121000,2019,10620227.26
dcs:who/AIR_45.AGE--Y65T69__ENVCAUSE--ENVCAUSE113,dcid:undata-geo/G00121000,2019,679081.9579
dcs:who/AIR_45.ENVCAUSE--ENVCAUSE113,dcid:undata-geo/G00121000,2019,5316931.599
dcs:who/AIR_45.AGE--Y70T74__ENVCAUSE--ENVCAUSE114,dcid:undata-geo/G00121000,2019,190546.9239
dcs:who/AIR_45.AGE--Y65T69__ENVCAUSE--ENVCAUSE114,dcid:undata-geo/G00121000,2019,206229.1516
dcs:who/AIR_45.AGE--Y30T34__ENVCAUSE--ENVCAUSE113,dcid:undata-geo/G00121000,2019,163796.2605
dcs:who/AIR_45.AGE--Y50T54__ENVCAUSE--ENVCAUSE118,dcid:undata-geo/G00121000,2019,43288.58619
dcs:who/AIR_45.AGE--Y35T39__ENVCAUSE--ENVCAUSE118,dcid:undata-geo/G00121000,2019,11827.62447
dcs:who/AIR_45.AGE--Y45T49__ENVCAUSE--ENVCAUSE118,dcid:undata-geo/G00121000,2019,25046.10437
dcs:who/AIR_45.AGE--Y_GE80__ENVCAUSE--ENVCAUSE113,dcid:undata-geo/G00121000,2019,468012.1686
dcs:who/AIR_45.AGE--Y55T59__ENVCAUSE--ENVCAUSE114,dcid:undata-geo/G00121000,2019,174031.0546
dcs:who/AIR_45.AGE--Y40T44__ENVCAUSE--ENVCAUSE118,dcid:undata-geo/G00121000,2019,16651.01707
dcs:who/AIR_45.AGE--Y35T39__ENVCAUSE--ENVCAUSE113,dcid:undata-geo/G00121000,2019,220843.1726
dcs:who/AIR_45.AGE--Y35T39__ENVCAUSE--ENVCAUSE114,dcid:undata-geo/G00121000,2019,61386.29063
dcs:who/AIR_45.AGE--Y55T59__ENVCAUSE--ENVCAUSE118,dcid:undata-geo/G00121000,2019,62663.06064
dcs:who/AIR_45.AGE--Y50T54__ENVCAUSE--ENVCAUSE114,dcid:undata-geo/G00121000,2019,144044.4633
dcs:who/AIR_45.AGE--Y60T64__ENVCAUSE--ENVCAUSE118,dcid:undata-geo/G00121000,2019,90851.8059
dcs:who/AIR_45.AGE--Y25T29__ENVCAUSE--ENVCAUSE113,dcid:undata-geo/G00121000,2019,96385.28544
dcs:who/AIR_45.AGE--Y30T34__ENVCAUSE--ENVCAUSE118,dcid:undata-geo/G00121000,2019,9649.78317
dcs:who/AIR_45.ENVCAUSE--ENVCAUSE114,dcid:undata-geo/G00121000,2019,1568585.195
dcs:who/AIR_45.AGE--Y70T74__ENVCAUSE--ENVCAUSE113,dcid:undata-geo/G00121000,2019,555826.7294
dcs:who/AIR_45.AGE--Y40T44__ENVCAUSE--ENVCAUSE113,dcid:undata-geo/G00121000,2019,318964.815
dcs:who/AIR_45.AGE--Y30T34__ENVCAUSE--ENVCAUSE114,dcid:undata-geo/G00121000,2019,49679.9047
dcs:who/AIR_45.AGE--Y75T79__ENVCAUSE--ENVCAUSE113,dcid:undata-geo/G00121000,2019,431789.1345
dcs:who/AIR_45.AGE--Y45T49__ENVCAUSE--ENVCAUSE114,dcid:undata-geo/G00121000,2019,105113.4613
dcs:who/AIR_45.AGE--Y25T29__ENVCAUSE--ENVCAUSE114,dcid:undata-geo/G00121000,2019,38874.88795
dcs:who/AIR_45.AGE--Y75T79__ENVCAUSE--ENVCAUSE114,dcid:undata-geo/G00121000,2019,158861.3525
dcs:who/AIR_45.AGE--Y25T29__ENVCAUSE--ENVCAUSE118,dcid:undata-geo/G00121000,2019,6865.45407
dcs:who/AIR_45.AGE--Y50T54__ENVCAUSE--ENVCAUSE113,dcid:undata-geo/G00121000,2019,562416.0538
dcs:who/AIR_45.AGE--Y60T64__ENVCAUSE--ENVCAUSE114,dcid:undata-geo/G00121000,2019,205188.5124
dcs:who/AIR_45.AGE--Y_GE80__ENVCAUSE--ENVCAUSE114,dcid:undata-geo/G00121000,2019,151185.101
dcs:who/AIR_45.AGE--Y45T49__ENVCAUSE--ENVCAUSE039__SEX--M,dcid:undata-geo/G00122000,2019,41259.58549
dcs:who/AIR_45.AGE--Y65T69__ENVCAUSE--ENVCAUSE039__SEX--M,dcid:undata-geo/G00122000,2019,119152.1187
dcs:who/AIR_45.AGE--Y40T44__ENVCAUSE--ENVCAUSE068__SEX--M,dcid:undata-geo/G00122000,2019,59497.83417
dcs:who/AIR_45.AGE--Y60T64__ENVCAUSE--ENVCAUSE039__SEX--M,dcid:undata-geo/G00122000,2019,96491.45025
dcs:who/AIR_45.AGE--Y50T54__ENVCAUSE--ENVCAUSE039__SEX--M,dcid:undata-geo/G00122000,2019,57915.30673
dcs:who/AIR_45.AGE--Y35T39__ENVCAUSE--ENVCAUSE068__SEX--M,dcid:undata-geo/G00122000,2019,29105.83753
dcs:who/AIR_45.AGE--Y50T54__ENVCAUSE--ENVCAUSE068__SEX--M,dcid:undata-geo/G00122000,2019,218975.9047
dcs:who/AIR_45.AGE--Y65T69__ENVCAUSE--ENVCAUSE068__SEX--M,dcid:undata-geo/G00122000,2019,396944.3095
dcs:who/AIR_45.AGE--Y55T59__ENVCAUSE--ENVCAUSE039__SEX--M,dcid:undata-geo/G00122000,2019,70321.45729
dcs:who/AIR_45.AGE--Y45T49__ENVCAUSE--ENVCAUSE068__SEX--M,dcid:undata-geo/G00122000,2019,124181.4966
dcs:who/AIR_45.AGE--Y25T29__ENVCAUSE--ENVCAUSE068__SEX--M,dcid:undata-geo/G00122000,2019,7331.91511
dcs:who/AIR_45.AGE--Y30T34__ENVCAUSE--ENVCAUSE068__SEX--M,dcid:undata-geo/G00122000,2019,18487.56998
dcs:who/AIR_45.AGE--Y40T44__ENVCAUSE--ENVCAUSE039__SEX--M,dcid:undata-geo/G00122000,2019,31147.93008
dcs:who/AIR_45.AGE--Y_GE80__ENVCAUSE--ENVCAUSE039__SEX--M,dcid:undata-geo/G00122000,2019,270629.3282
dcs:who/AIR_45.AGE--Y75T79__ENVCAUSE--ENVCAUSE039__SEX--M,dcid:undata-geo/G00122000,2019,121069.6338
dcs:who/AIR_45.ENVCAUSE--ENVCAUSE068__SEX--M,dcid:undata-geo/G00122000,2019,2104107.001
dcs:who/AIR_45.ENVCAUSE--ENVCAUSE039__SEX--M,dcid:undata-geo/G00122000,2019,1614375.085
dcs:who/AIR_45.AGE--Y70T74__ENVCAUSE--ENVCAUSE068__SEX--M,dcid:undata-geo/G00122000,2019,288398.5528
dcs:who/AIR_45.AGE--Y55T59__ENVCAUSE--ENVCAUSE068__SEX--M,dcid:undata-geo/G00122000,2019,283684.1605
dcs:who/AIR_45.AGE--Y75T79__ENVCAUSE--ENVCAUSE068__SEX--M,dcid:undata-geo/G00122000,2019,183620.7376
dcs:who/AIR_45.AGE--Y70T74__ENVCAUSE--ENVCAUSE039__SEX--M,dcid:undata-geo/G00122000,2019,123144.0086
dcs:who/AIR_45.AGE--Y35T39__ENVCAUSE--ENVCAUSE039__SEX--M,dcid:undata-geo/G00122000,2019,26323.32537
dcs:who/AIR_45.AGE--Y60T64__ENVCAUSE--ENVCAUSE068__SEX--M,dcid:undata-geo/G00122000,2019,343048.6132
dcs:who/AIR_45.AGE--Y_GE80__ENVCAUSE--ENVCAUSE068__SEX--M,dcid:undata-geo/G00122000,2019,150830.0689
dcs:who/AIR_45.AGE--Y50T54__ENVCAUSE--ENVCAUSE114__SEX--M,dcid:undata-geo/G00122000,2019,475652.6633
dcs:who/AIR_45.AGE--Y45T49__ENVCAUSE--ENVCAUSE118__SEX--M,dcid:undata-geo/G00122000,2019,43975.27801
dcs:who/AIR_45.AGE--Y65T69__ENVCAUSE--ENVCAUSE118__SEX--M,dcid:undata-geo/G00122000,2019,334911.0853
dcs:who/AIR_45.AGE--Y75T79__ENVCAUSE--ENVCAUSE068__SEX--F,dcid:undata-geo/G00122000,2019,85483.84943
dcs:who/AIR_45.AGE--Y35T39__ENVCAUSE--ENVCAUSE113__SEX--M,dcid:undata-geo/G00122000,2019,201745.8024
dcs:who/AIR_45.AGE--Y75T79__ENVCAUSE--ENVCAUSE113__SEX--M,dcid:undata-geo/G00122000,2019,669830.4283
dcs:who/AIR_45.AGE--Y10T14__ENVCAUSE--ENVCAUSE039__SEX--M,dcid:undata-geo/G00122000,2019,12176.41478
dcs:who/AIR_45.AGE--Y70T74__ENVCAUSE--ENVCAUSE118__SEX--M,dcid:undata-geo/G00122000,2019,391476.298
dcs:who/AIR_45.AGE--Y55T59__ENVCAUSE--ENVCAUSE114__SEX--M,dcid:undata-geo/G00122000,2019,568189.4842
dcs:who/AIR_45.AGE--Y55T59__ENVCAUSE--ENVCAUSE118__SEX--M,dcid:undata-geo/G00122000,2019,131977.167
dcs:who/AIR_45.AGE--Y30T34__ENVCAUSE--ENVCAUSE039__SEX--M,dcid:undata-geo/G00122000,2019,27699.64209
dcs:who/AIR_45.AGE--Y65T69__ENVCAUSE--ENVCAUSE114__SEX--M,dcid:undata-geo/G00122000,2019,861496.7235
dcs:who/AIR_45.AGE--Y60T64__ENVCAUSE--ENVCAUSE113__SEX--M,dcid:undata-geo/G00122000,2019,827177.9855
dcs:who/AIR_45.AGE--Y_GE80__ENVCAUSE--ENVCAUSE113__SEX--M,dcid:undata-geo/G00122000,2019,1123609.79
dcs:who/AIR_45.AGE--Y55T59__ENVCAUSE--ENVCAUSE068__SEX--F,dcid:undata-geo/G00122000,2019,109284.6542
dcs:who/AIR_45.AGE--Y_GE80__ENVCAUSE--ENVCAUSE114__SEX--M,dcid:undata-geo/G00122000,2019,818960.4108
dcs:who/AIR_45.AGE--Y50T54__ENVCAUSE--ENVCAUSE118__SEX--M,dcid:undata-geo/G00122000,2019,87210.20183
dcs:who/AIR_45.AGE--Y25T29__ENVCAUSE--ENVCAUSE114__SEX--M,dcid:undata-geo/G00122000,2019,39436.44036
dcs:who/AIR_45.AGE--Y65T69__ENVCAUSE--ENVCAUSE068__SEX--F,dcid:undata-geo/G00122000,2019,157618.4648
dcs:who/AIR_45.ENVCAUSE--ENVCAUSE114__SEX--M,dcid:undata-geo/G00122000,2019,5556107.315
dcs:who/AIR_45.AGE--Y25T29__ENVCAUSE--ENVCAUSE118__SEX--M,dcid:undata-geo/G00122000,2019,4836.50603
dcs:who/AIR_45.AGE--Y25T29__ENVCAUSE--ENVCAUSE039__SEX--M,dcid:undata-geo/G00122000,2019,22974.58977
dcs:who/AIR_45.AGE--Y0T4__ENVCAUSE--ENVCAUSE039__SEX--M,dcid:undata-geo/G00122000,2019,544498.5405
dcs:who/AIR_45.ENVCAUSE--ENVCAUSE118__SEX--M,dcid:undata-geo/G00122000,2019,2246654.515
dcs:who/AIR_45.AGE--Y75T79__ENVCAUSE--ENVCAUSE118__SEX--M,dcid:undata-geo/G00122000,2019,376823.4399
dcs:who/AIR_45.AGE--Y_GE80__ENVCAUSE--ENVCAUSE118__SEX--M,dcid:undata-geo/G00122000,2019,615252.1734
dcs:who/AIR_45.AGE--Y30T34__ENVCAUSE--ENVCAUSE118__SEX--M,dcid:undata-geo/G00122000,2019,8996.66983
dcs:who/AIR_45.SEX--M,dcid:undata-geo/G00122000,2019,18497392.09
dcs:who/AIR_45.AGE--Y60T64__ENVCAUSE--ENVCAUSE114__SEX--M,dcid:undata-geo/G00122000,2019,697117.8081
dcs:who/AIR_45.AGE--Y50T54__ENVCAUSE--ENVCAUSE113__SEX--M,dcid:undata-geo/G00122000,2019,661768.6528
dcs:who/AIR_45.AGE--Y45T49__ENVCAUSE--ENVCAUSE113__SEX--M,dcid:undata-geo/G00122000,2019,470807.2416
dcs:who/AIR_45.AGE--Y30T34__ENVCAUSE--ENVCAUSE114__SEX--M,dcid:undata-geo/G00122000,2019,80496.34157
dcs:who/AIR_45.AGE--Y70T74__ENVCAUSE--ENVCAUSE068__SEX--F,dcid:undata-geo/G00122000,2019,121206.3522
dcs:who/AIR_45.AGE--Y40T44__ENVCAUSE--ENVCAUSE114__SEX--M,dcid:undata-geo/G00122000,2019,192881.8469
dcs:who/AIR_45.ENVCAUSE--ENVCAUSE113__SEX--M,dcid:undata-geo/G00122000,2019,6976148.173
dcs:who/AIR_45.AGE--Y5T9__ENVCAUSE--ENVCAUSE039__SEX--M,dcid:undata-geo/G00122000,2019,14580.53987
dcs:who/AIR_45.AGE--Y45T49__ENVCAUSE--ENVCAUSE068__SEX--F,dcid:undata-geo/G00122000,2019,57753.00757
dcs:who/AIR_45.AGE--Y45T49__ENVCAUSE--ENVCAUSE114__SEX--M,dcid:undata-geo/G00122000,2019,308795.9111
dcs:who/AIR_45.AGE--Y70T74__ENVCAUSE--ENVCAUSE114__SEX--M,dcid:undata-geo/G00122000,2019,766709.4939
dcs:who/AIR_45.AGE--Y15T19__ENVCAUSE--ENVCAUSE039__SEX--M,dcid:undata-geo/G00122000,2019,14966.40294
dcs:who/AIR_45.AGE--Y35T39__ENVCAUSE--ENVCAUSE114__SEX--M,dcid:undata-geo/G00122000,2019,112448.1797
dcs:who/AIR_45.AGE--Y30T34__ENVCAUSE--ENVCAUSE113__SEX--M,dcid:undata-geo/G00122000,2019,153405.2181
dcs:who/AIR_45.AGE--Y55T59__ENVCAUSE--ENVCAUSE113__SEX--M,dcid:undata-geo/G00122000,2019,742349.4468
dcs:who/AIR_45.AGE--Y20T24__ENVCAUSE--ENVCAUSE039__SEX--M,dcid:undata-geo/G00122000,2019,20024.81054
dcs:who/AIR_45.AGE--Y40T44__ENVCAUSE--ENVCAUSE113__SEX--M,dcid:undata-geo/G00122000,2019,319852.2986
dcs:who/AIR_45.AGE--Y50T54__ENVCAUSE--ENVCAUSE068__SEX--F,dcid:undata-geo/G00122000,2019,93239.13966
dcs:who/AIR_45.AGE--Y35T39__ENVCAUSE--ENVCAUSE118__SEX--M,dcid:undata-geo/G00122000,2019,11374.53669
dcs:who/AIR_45.AGE--Y_GE80__ENVCAUSE--ENVCAUSE068__SEX--F,dcid:undata-geo/G00122000,2019,88571.35511
dcs:who/AIR_45.AGE--Y60T64__ENVCAUSE--ENVCAUSE068__SEX--F,dcid:undata-geo/G00122000,2019,132653.9283
dcs:who/AIR_45.AGE--Y60T64__ENVCAUSE--ENVCAUSE118__SEX--M,dcid:undata-geo/G00122000,2019,217825.3616
dcs:who/AIR_45.AGE--Y65T69__ENVCAUSE--ENVCAUSE113__SEX--M,dcid:undata-geo/G00122000,2019,938108.2629
dcs:who/AIR_45.AGE--Y75T79__ENVCAUSE--ENVCAUSE114__SEX--M,dcid:undata-geo/G00122000,2019,633922.0113
dcs:who/AIR_45.AGE--Y40T44__ENVCAUSE--ENVCAUSE118__SEX--M,dcid:undata-geo/G00122000,2019,21995.79703
dcs:who/AIR_45.AGE--Y25T29__ENVCAUSE--ENVCAUSE113__SEX--M,dcid:undata-geo/G00122000,2019,74997.33441
dcs:who/AIR_45.AGE--Y70T74__ENVCAUSE--ENVCAUSE113__SEX--M,dcid:undata-geo/G00122000,2019,792495.711
dcs:who/AIR_45.ENVCAUSE--ENVCAUSE068__SEX--F,dcid:undata-geo/G00122000,2019,909448.5486
dcs:who/AIR_45.AGE--Y_GE80__ENVCAUSE--ENVCAUSE118__SEX--F,dcid:undata-geo/G00122000,2019,512445.0134
dcs:who/AIR_45.AGE--Y30T34__ENVCAUSE--ENVCAUSE039__SEX--F,dcid:undata-geo/G00122000,2019,12382.20687
dcs:who/AIR_45.ENVCAUSE--ENVCAUSE118__SEX--F,dcid:undata-geo/G00122000,2019,1375224.625
dcs:who/AIR_45.AGE--Y45T49__ENVCAUSE--ENVCAUSE039__SEX--F,dcid:undata-geo/G00122000,2019,19696.59624
dcs:who/AIR_45.AGE--Y75T79__ENVCAUSE--ENVCAUSE113__SEX--F,dcid:undata-geo/G00122000,2019,556162.2917
dcs:who/AIR_45.AGE--Y60T64__ENVCAUSE--ENVCAUSE118__SEX--F,dcid:undata-geo/G00122000,2019,100109.4818
dcs:who/AIR_45.AGE--Y70T74__ENVCAUSE--ENVCAUSE114__SEX--F,dcid:undata-geo/G00122000,2019,543194.4865
dcs:who/AIR_45.AGE--Y40T44__ENVCAUSE--ENVCAUSE118__SEX--F,dcid:undata-geo/G00122000,2019,10496.30998
dcs:who/AIR_45.AGE--Y65T69__ENVCAUSE--ENVCAUSE039__SEX--F,dcid:undata-geo/G00122000,2019,62620.37459
dcs:who/AIR_45.AGE--Y55T59__ENVCAUSE--ENVCAUSE118__SEX--F,dcid:undata-geo/G00122000,2019,57975.50003
dcs:who/AIR_45.AGE--Y0T4__ENVCAUSE--ENVCAUSE039__SEX--F,dcid:undata-geo/G00122000,2019,401807.2606
dcs:who/AIR_45.AGE--Y5T9__ENVCAUSE--ENVCAUSE039__SEX--F,dcid:undata-geo/G00122000,2019,13875.59936
dcs:who/AIR_45.AGE--Y40T44__ENVCAUSE--ENVCAUSE068__SEX--F,dcid:undata-geo/G00122000,2019,32801.22258
dcs:who/AIR_45.AGE--Y35T39__ENVCAUSE--ENVCAUSE039__SEX--F,dcid:undata-geo/G00122000,2019,13081.76126
dcs:who/AIR_45.AGE--Y35T39__ENVCAUSE--ENVCAUSE118__SEX--F,dcid:undata-geo/G00122000,2019,6042.95753
dcs:who/AIR_45.AGE--Y_GE80__ENVCAUSE--ENVCAUSE114__SEX--F,dcid:undata-geo/G00122000,2019,875932.6057
dcs:who/AIR_45.AGE--Y65T69__ENVCAUSE--ENVCAUSE118__SEX--F,dcid:undata-geo/G00122000,2019,167627.5706
dcs:who/AIR_45.AGE--Y60T64__ENVCAUSE--ENVCAUSE114__SEX--F,dcid:undata-geo/G00122000,2019,380754.805
dcs:who/AIR_45.AGE--Y50T54__ENVCAUSE--ENVCAUSE039__SEX--F,dcid:undata-geo/G00122000,2019,27419.26133
dcs:who/AIR_45.AGE--Y30T34__ENVCAUSE--ENVCAUSE114__SEX--F,dcid:undata-geo/G00122000,2019,24909.30203
dcs:who/AIR_45.AGE--Y_GE80__ENVCAUSE--ENVCAUSE039__SEX--F,dcid:undata-geo/G00122000,2019,292390.1665
dcs:who/AIR_45.AGE--Y45T49__ENVCAUSE--ENVCAUSE118__SEX--F,dcid:undata-geo/G00122000,2019,20821.73406
dcs:who/AIR_45.AGE--Y30T34__ENVCAUSE--ENVCAUSE118__SEX--F,dcid:undata-geo/G00122000,2019,4472.9407
dcs:who/AIR_45.AGE--Y75T79__ENVCAUSE--ENVCAUSE118__SEX--F,dcid:undata-geo/G00122000,2019,234713.4705
dcs:who/AIR_45.AGE--Y10T14__ENVCAUSE--ENVCAUSE039__SEX--F,dcid:undata-geo/G00122000,2019,8396.3631
dcs:who/AIR_45.AGE--Y45T49__ENVCAUSE--ENVCAUSE114__SEX--F,dcid:undata-geo/G00122000,2019,143970.8726
dcs:who/AIR_45.AGE--Y35T39__ENVCAUSE--ENVCAUSE068__SEX--F,dcid:undata-geo/G00122000,2019,16151.12009
dcs:who/AIR_45.AGE--Y35T39__ENVCAUSE--ENVCAUSE114__SEX--F,dcid:undata-geo/G00122000,2019,40502.24348
dcs:who/AIR_45.AGE--Y30T34__ENVCAUSE--ENVCAUSE068__SEX--F,dcid:undata-geo/G00122000,2019,10429.43823
dcs:who/AIR_45.AGE--Y70T74__ENVCAUSE--ENVCAUSE039__SEX--F,dcid:undata-geo/G00122000,2019,77520.56729
dcs:who/AIR_45.AGE--Y55T59__ENVCAUSE--ENVCAUSE039__SEX--F,dcid:undata-geo/G00122000,2019,33451.62567
dcs:who/AIR_45.AGE--Y70T74__ENVCAUSE--ENVCAUSE118__SEX--F,dcid:undata-geo/G00122000,2019,217716.9574
dcs:who/AIR_45.AGE--Y60T64__ENVCAUSE--ENVCAUSE039__SEX--F,dcid:undata-geo/G00122000,2019,45405.08851
dcs:who/AIR_45.AGE--Y25T29__ENVCAUSE--ENVCAUSE039__SEX--F,dcid:undata-geo/G00122000,2019,10933.33836
dcs:who/AIR_45.AGE--Y75T79__ENVCAUSE--ENVCAUSE039__SEX--F,dcid:undata-geo/G00122000,2019,89529.08345
dcs:who/AIR_45.AGE--Y15T19__ENVCAUSE--ENVCAUSE039__SEX--F,dcid:undata-geo/G00122000,2019,9564.14599
dcs:who/AIR_45.AGE--Y50T54__ENVCAUSE--ENVCAUSE114__SEX--F,dcid:undata-geo/G00122000,2019,246365.5179
dcs:who/AIR_45.AGE--Y50T54__ENVCAUSE--ENVCAUSE118__SEX--F,dcid:undata-geo/G00122000,2019,39999.03185
dcs:who/AIR_45.AGE--Y25T29__ENVCAUSE--ENVCAUSE118__SEX--F,dcid:undata-geo/G00122000,2019,2803.65752
dcs:who/AIR_45.AGE--Y65T69__ENVCAUSE--ENVCAUSE114__SEX--F,dcid:undata-geo/G00122000,2019,530810.1135
dcs:who/AIR_45.AGE--Y25T29__ENVCAUSE--ENVCAUSE068__SEX--F,dcid:undata-geo/G00122000,2019,4256.01653
dcs:who/AIR_45.AGE--Y40T44__ENVCAUSE--ENVCAUSE039__SEX--F,dcid:undata-geo/G00122000,2019,14129.10478
dcs:who/AIR_45.ENVCAUSE--ENVCAUSE113__SEX--F,dcid:undata-geo/G00122000,2019,4317997.979
dcs:who/AIR_45.AGE--Y40T44__ENVCAUSE--ENVCAUSE114__SEX--F,dcid:undata-geo/G00122000,2019,73064.41252
dcs:who/AIR_45.ENVCAUSE--ENVCAUSE039__SEX--F,dcid:undata-geo/G00122000,2019,1141778.228
dcs:who/AIR_45.AGE--Y25T29__ENVCAUSE--ENVCAUSE114__SEX--F,dcid:undata-geo/G00122000,2019,14176.77546
dcs:who/AIR_45.ENVCAUSE--ENVCAUSE114__SEX--F,dcid:undata-geo/G00122000,2019,3675329.334
dcs:who/AIR_45.AGE--Y20T24__ENVCAUSE--ENVCAUSE039__SEX--F,dcid:undata-geo/G00122000,2019,9575.68426
dcs:who/AIR_45.AGE--Y55T59__ENVCAUSE--ENVCAUSE114__SEX--F,dcid:undata-geo/G00122000,2019,296864.2591
dcs:who/AIR_45.AGE--Y75T79__ENVCAUSE--ENVCAUSE114__SEX--F,dcid:undata-geo/G00122000,2019,504783.9404
dcs:who/AIR_45.AGE--Y_GE80__ENVCAUSE--ENVCAUSE113__SEX--F,dcid:undata-geo/G00122000,2019,1323696.417
dcs:who/AIR_45.AGE--Y40T44__ENVCAUSE--ENVCAUSE118,dcid:undata-geo/G00122000,2019,32492.10701
dcs:who/AIR_45.AGE--Y50T54__ENVCAUSE--ENVCAUSE113__SEX--F,dcid:undata-geo/G00122000,2019,241928.8552
dcs:who/AIR_45.AGE--Y0T4__ENVCAUSE--ENVCAUSE039,dcid:undata-geo/G00122000,2019,946305.8011
dcs:who/AIR_45.AGE--Y65T69__ENVCAUSE--ENVCAUSE113__SEX--F,dcid:undata-geo/G00122000,2019,553278.4757
dcs:who/AIR_45.AGE--Y40T44__ENVCAUSE--ENVCAUSE113__SEX--F,dcid:undata-geo/G00122000,2019,90923.54221
dcs:who/AIR_45.AGE--Y45T49__ENVCAUSE--ENVCAUSE113__SEX--F,dcid:undata-geo/G00122000,2019,159363.8844
dcs:who/AIR_45.AGE--Y70T74__ENVCAUSE--ENVCAUSE039,dcid:undata-geo/G00122000,2019,200664.5759
dcs:who/AIR_45.ENVCAUSE--ENVCAUSE068,dcid:undata-geo/G00122000,2019,3013555.549
dcs:who/AIR_45.AGE--Y50T54__ENVCAUSE--ENVCAUSE068,dcid:undata-geo/G00122000,2019,312215.0443
dcs:who/AIR_45.AGE--Y_GE80__ENVCAUSE--ENVCAUSE068,dcid:undata-geo/G00122000,2019,239401.424
dcs:who/AIR_45.AGE--Y75T79__ENVCAUSE--ENVCAUSE118,dcid:undata-geo/G00122000,2019,611536.9103
dcs:who/AIR_45.AGE--Y65T69__ENVCAUSE--ENVCAUSE118,dcid:undata-geo/G00122000,2019,502538.6559
dcs:who/AIR_45.AGE--Y60T64__ENVCAUSE--ENVCAUSE068,dcid:undata-geo/G00122000,2019,475702.5414
dcs:who/AIR_45.AGE--Y60T64__ENVCAUSE--ENVCAUSE113__SEX--F,dcid:undata-geo/G00122000,2019,401850.47
dcs:who/AIR_45.AGE--Y35T39__ENVCAUSE--ENVCAUSE113__SEX--F,dcid:undata-geo/G00122000,2019,56110.46424
dcs:who/AIR_45.AGE--Y35T39__ENVCAUSE--ENVCAUSE068,dcid:undata-geo/G00122000,2019,45256.95761
dcs:who/AIR_45.AGE--Y_GE80__ENVCAUSE--ENVCAUSE118,dcid:undata-geo/G00122000,2019,1127697.187
dcs:who/AIR_45.AGE--Y45T49__ENVCAUSE--ENVCAUSE039,dcid:undata-geo/G00122000,2019,60956.18173
dcs:who/AIR_45.AGE--Y50T54__ENVCAUSE--ENVCAUSE118,dcid:undata-geo/G00122000,2019,127209.2337
dcs:who/AIR_45.AGE--Y75T79__ENVCAUSE--ENVCAUSE068,dcid:undata-geo/G00122000,2019,269104.5871
dcs:who/AIR_45.AGE--Y30T34__ENVCAUSE--ENVCAUSE068,dcid:undata-geo/G00122000,2019,28917.00821
dcs:who/AIR_45.AGE--Y25T29__ENVCAUSE--ENVCAUSE068,dcid:undata-geo/G00122000,2019,11587.93163
dcs:who/AIR_45.AGE--Y45T49__ENVCAUSE--ENVCAUSE118,dcid:undata-geo/G00122000,2019,64797.01207
dcs:who/AIR_45.AGE--Y70T74__ENVCAUSE--ENVCAUSE118,dcid:undata-geo/G00122000,2019,609193.2555
dcs:who/AIR_45.AGE--Y20T24__ENVCAUSE--ENVCAUSE039,dcid:undata-geo/G00122000,2019,29600.4948
dcs:who/AIR_45.AGE--Y5T9__ENVCAUSE--ENVCAUSE039,dcid:undata-geo/G00122000,2019,28456.13923
dcs:who/AIR_45.AGE--Y25T29__ENVCAUSE--ENVCAUSE039,dcid:undata-geo/G00122000,2019,33907.92813
dcs:who/AIR_45.AGE--Y45T49__ENVCAUSE--ENVCAUSE068,dcid:undata-geo/G00122000,2019,181934.5042
dcs:who/AIR_45.AGE--Y30T34__ENVCAUSE--ENVCAUSE113__SEX--F,dcid:undata-geo/G00122000,2019,42735.04114
dcs:who/AIR_45.AGE--Y50T54__ENVCAUSE--ENVCAUSE039,dcid:undata-geo/G00122000,2019,85334.56807
dcs:who/AIR_45.AGE--Y15T19__ENVCAUSE--ENVCAUSE039,dcid:undata-geo/G00122000,2019,24530.54892
dcs:who/AIR_45.AGE--Y65T69__ENVCAUSE--ENVCAUSE039,dcid:undata-geo/G00122000,2019,181772.4933
dcs:who/AIR_45.AGE--Y40T44__ENVCAUSE--ENVCAUSE068,dcid:undata-geo/G00122000,2019,92299.05676
dcs:who/AIR_45.AGE--Y35T39__ENVCAUSE--ENVCAUSE118,dcid:undata-geo/G00122000,2019,17417.49422
dcs:who/AIR_45.AGE--Y55T59__ENVCAUSE--ENVCAUSE068,dcid:undata-geo/G00122000,2019,392968.8147
dcs:who/AIR_45.AGE--Y55T59__ENVCAUSE--ENVCAUSE113__SEX--F,dcid:undata-geo/G00122000,2019,300238.8131
dcs:who/AIR_45.AGE--Y60T64__ENVCAUSE--ENVCAUSE118,dcid:undata-geo/G00122000,2019,317934.8434
dcs:who/AIR_45.AGE--Y60T64__ENVCAUSE--ENVCAUSE039,dcid:undata-geo/G00122000,2019,141896.5388
dcs:who/AIR_45.AGE--Y55T59__ENVCAUSE--ENVCAUSE039,dcid:undata-geo/G00122000,2019,103773.083
dcs:who/AIR_45.ENVCAUSE--ENVCAUSE118,dcid:undata-geo/G00122000,2019,3621879.14
dcs:who/AIR_45.AGE--Y30T34__ENVCAUSE--ENVCAUSE039,dcid:undata-geo/G00122000,2019,40081.84897
dcs:who/AIR_45.ENVCAUSE--ENVCAUSE039,dcid:undata-geo/G00122000,2019,2756153.313
dcs:who/AIR_45.AGE--Y65T69__ENVCAUSE--ENVCAUSE068,dcid:undata-geo/G00122000,2019,554562.7744
dcs:who/AIR_45.AGE--Y10T14__ENVCAUSE--ENVCAUSE039,dcid:undata-geo/G00122000,2019,20572.77788
dcs:who/AIR_45.AGE--Y35T39__ENVCAUSE--ENVCAUSE039,dcid:undata-geo/G00122000,2019,39405.08663
dcs:who/AIR_45.AGE--Y25T29__ENVCAUSE--ENVCAUSE113__SEX--F,dcid:undata-geo/G00122000,2019,23980.91833
dcs:who/AIR_45.AGE--Y_GE80__ENVCAUSE--ENVCAUSE039,dcid:undata-geo/G00122000,2019,563019.4946
dcs:who/AIR_45.AGE--Y55T59__ENVCAUSE--ENVCAUSE118,dcid:undata-geo/G00122000,2019,189952.667
dcs:who/AIR_45.AGE--Y40T44__ENVCAUSE--ENVCAUSE039,dcid:undata-geo/G00122000,2019,45277.03486
dcs:who/AIR_45.SEX--F,dcid:undata-geo/G00122000,2019,11419778.72
dcs:who/AIR_45.AGE--Y70T74__ENVCAUSE--ENVCAUSE068,dcid:undata-geo/G00122000,2019,409604.9049
dcs:who/AIR_45.AGE--Y70T74__ENVCAUSE--ENVCAUSE113__SEX--F,dcid:undata-geo/G00122000,2019,567728.8059
dcs:who/AIR_45.AGE--Y75T79__ENVCAUSE--ENVCAUSE039,dcid:undata-geo/G00122000,2019,210598.7173
dcs:who/AIR_45.AGE--Y55T59__ENVCAUSE--ENVCAUSE113,dcid:undata-geo/G00122000,2019,1042588.26
dcs:who/AIR_45.ENVCAUSE--ENVCAUSE113,dcid:undata-geo/G00122000,2019,11294146.15
dcs:who/AIR_45.AGE--Y35T39__ENVCAUSE--ENVCAUSE114,dcid:undata-geo/G00122000,2019,152950.4232
dcs:who/AIR_45.AGE--Y75T79__ENVCAUSE--ENVCAUSE113,dcid:undata-geo/G00122000,2019,1225992.72
dcs:who/AIR_45.AGE--Y_GE80__ENVCAUSE--ENVCAUSE113,dcid:undata-geo/G00122000,2019,2447306.207
dcs:who/AIR_45.AGE--Y65T69__ENVCAUSE--ENVCAUSE113,dcid:undata-geo/G00122000,2019,1491386.739
dcs:who/AIR_45.AGE--Y55T59__ENVCAUSE--ENVCAUSE114,dcid:undata-geo/G00122000,2019,865053.7434
dcs:who/AIR_45.AGE--Y_GE80__ENVCAUSE--ENVCAUSE114,dcid:undata-geo/G00122000,2019,1694893.017
dcs:who/AIR_45.AGE--Y60T64__ENVCAUSE--ENVCAUSE113,dcid:undata-geo/G00122000,2019,1229028.455
dcs:who/AIR_45.AGE--Y25T29__ENVCAUSE--ENVCAUSE113,dcid:undata-geo/G00122000,2019,98978.25274
dcs:who/AIR_45.AGE--Y30T34__ENVCAUSE--ENVCAUSE114,dcid:undata-geo/G00122000,2019,105405.6436
dcs:who/AIR_45.AGE--Y60T64__ENVCAUSE--ENVCAUSE114,dcid:undata-geo/G00122000,2019,1077872.613
dcs:who/AIR_45.AGE--Y75T79__ENVCAUSE--ENVCAUSE114,dcid:undata-geo/G00122000,2019,1138705.952
dcs:who/AIR_45.AGE--Y35T39__ENVCAUSE--ENVCAUSE113,dcid:undata-geo/G00122000,2019,257856.2666
dcs:who/AIR_45.AGE--Y70T74__ENVCAUSE--ENVCAUSE114,dcid:undata-geo/G00122000,2019,1309903.98
dcs:who/AIR_45.AGE--Y25T29__ENVCAUSE--ENVCAUSE114,dcid:undata-geo/G00122000,2019,53613.21582
dcs:who/AIR_45.ENVCAUSE--ENVCAUSE114,dcid:undata-geo/G00122000,2019,9231436.649
dcs:who/AIR_45.AGE--Y65T69__ENVCAUSE--ENVCAUSE114,dcid:undata-geo/G00122000,2019,1392306.837
dcs:who/AIR_45.AGE--Y50T54__ENVCAUSE--ENVCAUSE114,dcid:undata-geo/G00122000,2019,722018.1812
dcs:who/AIR_45.AGE--Y30T34__ENVCAUSE--ENVCAUSE118,dcid:undata-geo/G00122000,2019,13469.61053
dcs:who/AIR_45.AGE--Y50T54__ENVCAUSE--ENVCAUSE113,dcid:undata-geo/G00122000,2019,903697.5081
dcs:who/AIR_45,dcid:undata-geo/G00122000,2019,29917170.8
dcs:who/AIR_45.AGE--Y70T74__ENVCAUSE--ENVCAUSE113,dcid:undata-geo/G00122000,2019,1360224.517
dcs:who/AIR_45.AGE--Y25T29__ENVCAUSE--ENVCAUSE118,dcid:undata-geo/G00122000,2019,7640.16355
dcs:who/AIR_45.AGE--Y45T49__ENVCAUSE--ENVCAUSE114,dcid:undata-geo/G00122000,2019,452766.7837
dcs:who/AIR_45.AGE--Y40T44__ENVCAUSE--ENVCAUSE114,dcid:undata-geo/G00122000,2019,265946.2594
dcs:who/AIR_45.AGE--Y30T34__ENVCAUSE--ENVCAUSE113,dcid:undata-geo/G00122000,2019,196140.2593
dcs:who/AIR_45.AGE--Y40T44__ENVCAUSE--ENVCAUSE113,dcid:undata-geo/G00122000,2019,410775.8408
dcs:who/AIR_45.AGE--Y45T49__ENVCAUSE--ENVCAUSE113,dcid:undata-geo/G00122000,2019,630171.126
dcs:who/AIR_45.AGE--Y35T39__ENVCAUSE--ENVCAUSE039__SEX--M,dcid:undata-geo/G00126000,2019,14060.37154
dcs:who/AIR_45.AGE--Y65T69__ENVCAUSE--ENVCAUSE068__SEX--M,dcid:undata-geo/G00126000,2019,69052.38167
dcs:who/AIR_45.AGE--Y45T49__ENVCAUSE--ENVCAUSE039__SEX--M,dcid:undata-geo/G00126000,2019,18752.97925
dcs:who/AIR_45.AGE--Y0T4__ENVCAUSE--ENVCAUSE039__SEX--M,dcid:undata-geo/G00126000,2019,11412.36011
dcs:who/AIR_45.AGE--Y10T14__ENVCAUSE--ENVCAUSE039__SEX--M,dcid:undata-geo/G00126000,2019,1132.1313
dcs:who/AIR_45.AGE--Y30T34__ENVCAUSE--ENVCAUSE068__SEX--M,dcid:undata-geo/G00126000,2019,647.20362
dcs:who/AIR_45.AGE--Y5T9__ENVCAUSE--ENVCAUSE039__SEX--M,dcid:undata-geo/G00126000,2019,1111.92059
dcs:who/AIR_45.AGE--Y40T44__ENVCAUSE--ENVCAUSE068__SEX--M,dcid:undata-geo/G00126000,2019,3873.02192
dcs:who/AIR_45.ENVCAUSE--ENVCAUSE068__SEX--M,dcid:undata-geo/G00126000,2019,351331.7562
dcs:who/AIR_45.AGE--Y75T79__ENVCAUSE--ENVCAUSE039__SEX--M,dcid:undata-geo/G00126000,2019,25276.53716
dcs:who/AIR_45.AGE--Y50T54__ENVCAUSE--ENVCAUSE068__SEX--M,dcid:undata-geo/G00126000,2019,25416.33035
dcs:who/AIR_45.AGE--Y65T69__ENVCAUSE--ENVCAUSE039__SEX--M,dcid:undata-geo/G00126000,2019,27655.90966
dcs:who/AIR_45.AGE--Y55T59__ENVCAUSE--ENVCAUSE068__SEX--M,dcid:undata-geo/G00126000,2019,49730.53265
dcs:who/AIR_45.AGE--Y75T79__ENVCAUSE--ENVCAUSE068__SEX--M,dcid:undata-geo/G00126000,2019,33650.68969
dcs:who/AIR_45.AGE--Y40T44__ENVCAUSE--ENVCAUSE039__SEX--M,dcid:undata-geo/G00126000,2019,17297.96862
dcs:who/AIR_45.AGE--Y30T34__ENVCAUSE--ENVCAUSE039__SEX--M,dcid:undata-geo/G00126000,2019,9222.72623
dcs:who/AIR_45.AGE--Y60T64__ENVCAUSE--ENVCAUSE039__SEX--M,dcid:undata-geo/G00126000,2019,28876.3935
dcs:who/AIR_45.ENVCAUSE--ENVCAUSE118__SEX--M,dcid:undata-geo/G00126000,2019,324450.0784
dcs:who/AIR_45.AGE--Y25T29__ENVCAUSE--ENVCAUSE039__SEX--M,dcid:undata-geo/G00126000,2019,4185.50152
dcs:who/AIR_45.AGE--Y15T19__ENVCAUSE--ENVCAUSE039__SEX--M,dcid:undata-geo/G00126000,2019,1483.82187
dcs:who/AIR_45.AGE--Y_GE80__ENVCAUSE--ENVCAUSE068__SEX--M,dcid:undata-geo/G00126000,2019,31548.76079
dcs:who/AIR_45.AGE--Y20T24__ENVCAUSE--ENVCAUSE039__SEX--M,dcid:undata-geo/G00126000,2019,2381.96959
dcs:who/AIR_45.AGE--Y50T54__ENVCAUSE--ENVCAUSE039__SEX--M,dcid:undata-geo/G00126000,2019,19997.20952
dcs:who/AIR_45.AGE--Y25T29__ENVCAUSE--ENVCAUSE068__SEX--M,dcid:undata-geo/G00126000,2019,235.62555
dcs:who/AIR_45.AGE--Y55T59__ENVCAUSE--ENVCAUSE039__SEX--M,dcid:undata-geo/G00126000,2019,25802.19088
dcs:who/AIR_45.AGE--Y60T64__ENVCAUSE--ENVCAUSE068__SEX--M,dcid:undata-geo/G00126000,2019,68333.01764
dcs:who/AIR_45.AGE--Y70T74__ENVCAUSE--ENVCAUSE039__SEX--M,dcid:undata-geo/G00126000,2019,26334.23412
dcs:who/AIR_45.AGE--Y70T74__ENVCAUSE--ENVCAUSE068__SEX--M,dcid:undata-geo/G00126000,2019,55461.81913
dcs:who/AIR_45.AGE--Y35T39__ENVCAUSE--ENVCAUSE068__SEX--M,dcid:undata-geo/G00126000,2019,1748.66745
dcs:who/AIR_45.AGE--Y_GE80__ENVCAUSE--ENVCAUSE039__SEX--M,dcid:undata-geo/G00126000,2019,74135.64535
dcs:who/AIR_45.AGE--Y45T49__ENVCAUSE--ENVCAUSE068__SEX--M,dcid:undata-geo/G00126000,2019,11633.70575
dcs:who/AIR_45.ENVCAUSE--ENVCAUSE039__SEX--M,dcid:undata-geo/G00126000,2019,309119.8708
dcs:who/AIR_45.AGE--Y50T54__ENVCAUSE--ENVCAUSE118__SEX--M,dcid:undata-geo/G00126000,2019,11518.78588
dcs:who/AIR_45.AGE--Y70T74__ENVCAUSE--ENVCAUSE113__SEX--M,dcid:undata-geo/G00126000,2019,436479.1289
dcs:who/AIR_45.AGE--Y50T54__ENVCAUSE--ENVCAUSE114__SEX--M,dcid:undata-geo/G00126000,2019,37396.22777
dcs:who/AIR_45.AGE--Y25T29__ENVCAUSE--ENVCAUSE118__SEX--M,dcid:undata-geo/G00126000,2019,327.04821
dcs:who/AIR_45.AGE--Y25T29__ENVCAUSE--ENVCAUSE113__SEX--M,dcid:undata-geo/G00126000,2019,9760.49487
dcs:who/AIR_45.AGE--Y60T64__ENVCAUSE--ENVCAUSE068__SEX--F,dcid:undata-geo/G00126000,2019,28841.64607
dcs:who/AIR_45.AGE--Y65T69__ENVCAUSE--ENVCAUSE114__SEX--M,dcid:undata-geo/G00126000,2019,97839.84588
dcs:who/AIR_45.AGE--Y65T69__ENVCAUSE--ENVCAUSE118__SEX--M,dcid:undata-geo/G00126000,2019,49524.60574
dcs:who/AIR_45.AGE--Y55T59__ENVCAUSE--ENVCAUSE114__SEX--M,dcid:undata-geo/G00126000,2019,60435.47635
dcs:who/AIR_45.AGE--Y65T69__ENVCAUSE--ENVCAUSE113__SEX--M,dcid:undata-geo/G00126000,2019,517443.5827
dcs:who/AIR_45.AGE--Y30T34__ENVCAUSE--ENVCAUSE118__SEX--M,dcid:undata-geo/G00126000,2019,696.98185
dcs:who/AIR_45.AGE--Y_GE80__ENVCAUSE--ENVCAUSE118__SEX--M,dcid:undata-geo/G00126000,2019,86259.62662
dcs:who/AIR_45.AGE--Y35T39__ENVCAUSE--ENVCAUSE114__SEX--M,dcid:undata-geo/G00126000,2019,11003.75913
dcs:who/AIR_45.AGE--Y35T39__ENVCAUSE--ENVCAUSE118__SEX--M,dcid:undata-geo/G00126000,2019,1392.5677
dcs:who/AIR_45.AGE--Y60T64__ENVCAUSE--ENVCAUSE113__SEX--M,dcid:undata-geo/G00126000,2019,506361.7698
dcs:who/AIR_45.AGE--Y60T64__ENVCAUSE--ENVCAUSE114__SEX--M,dcid:undata-geo/G00126000,2019,84799.83204
dcs:who/AIR_45.AGE--Y40T44__ENVCAUSE--ENVCAUSE118__SEX--M,dcid:undata-geo/G00126000,2019,2733.25528
dcs:who/AIR_45.ENVCAUSE--ENVCAUSE068__SEX--F,dcid:undata-geo/G00126000,2019,165192.1001
dcs:who/AIR_45.AGE--Y75T79__ENVCAUSE--ENVCAUSE068__SEX--F,dcid:undata-geo/G00126000,2019,16808.15369
dcs:who/AIR_45.AGE--Y_GE80__ENVCAUSE--ENVCAUSE068__SEX--F,dcid:undata-geo/G00126000,2019,18260.49319
dcs:who/AIR_45.AGE--Y75T79__ENVCAUSE--ENVCAUSE118__SEX--M,dcid:undata-geo/G00126000,2019,47296.89094
dcs:who/AIR_45.SEX--M,dcid:undata-geo/G00126000,2019,5151529.068
dcs:who/AIR_45.AGE--Y75T79__ENVCAUSE--ENVCAUSE113__SEX--M,dcid:undata-geo/G00126000,2019,361197.5443
dcs:who/AIR_45.AGE--Y40T44__ENVCAUSE--ENVCAUSE114__SEX--M,dcid:undata-geo/G00126000,2019,17849.15084
dcs:who/AIR_45.AGE--Y_GE80__ENVCAUSE--ENVCAUSE114__SEX--M,dcid:undata-geo/G00126000,2019,155458.6235
dcs:who/AIR_45.ENVCAUSE--ENVCAUSE113__SEX--M,dcid:undata-geo/G00126000,2019,3495475.442
dcs:who/AIR_45.AGE--Y55T59__ENVCAUSE--ENVCAUSE113__SEX--M,dcid:undata-geo/G00126000,2019,390548.684
dcs:who/AIR_45.AGE--Y25T29__ENVCAUSE--ENVCAUSE114__SEX--M,dcid:undata-geo/G00126000,2019,2561.54866
dcs:who/AIR_45.AGE--Y55T59__ENVCAUSE--ENVCAUSE068__SEX--F,dcid:undata-geo/G00126000,2019,22841.64927
dcs:who/AIR_45.AGE--Y30T34__ENVCAUSE--ENVCAUSE114__SEX--M,dcid:undata-geo/G00126000,2019,6059.49475
dcs:who/AIR_45.AGE--Y50T54__ENVCAUSE--ENVCAUSE113__SEX--M,dcid:undata-geo/G00126000,2019,246872.7272
dcs:who/AIR_45.AGE--Y_GE80__ENVCAUSE--ENVCAUSE113__SEX--M,dcid:undata-geo/G00126000,2019,691701.7428
dcs:who/AIR_45.AGE--Y40T44__ENVCAUSE--ENVCAUSE113__SEX--M,dcid:undata-geo/G00126000,2019,96946.97172
dcs:who/AIR_45.AGE--Y75T79__ENVCAUSE--ENVCAUSE114__SEX--M,dcid:undata-geo/G00126000,2019,81730.18298
dcs:who/AIR_45.AGE--Y45T49__ENVCAUSE--ENVCAUSE118__SEX--M,dcid:undata-geo/G00126000,2019,5151.81189
dcs:who/AIR_45.AGE--Y65T69__ENVCAUSE--ENVCAUSE068__SEX--F,dcid:undata-geo/G00126000,2019,29574.97536
dcs:who/AIR_45.AGE--Y70T74__ENVCAUSE--ENVCAUSE068__SEX--F,dcid:undata-geo/G00126000,2019,26032.03798
dcs:who/AIR_45.AGE--Y45T49__ENVCAUSE--ENVCAUSE114__SEX--M,dcid:undata-geo/G00126000,2019,25757.77607
dcs:who/AIR_45.AGE--Y60T64__ENVCAUSE--ENVCAUSE118__SEX--M,dcid:undata-geo/G00126000,2019,40438.94683
dcs:who/AIR_45.AGE--Y55T59__ENVCAUSE--ENVCAUSE118__SEX--M,dcid:undata-geo/G00126000,2019,24069.39528
dcs:who/AIR_45.AGE--Y45T49__ENVCAUSE--ENVCAUSE113__SEX--M,dcid:undata-geo/G00126000,2019,156485.8576
dcs:who/AIR_45.AGE--Y70T74__ENVCAUSE--ENVCAUSE118__SEX--M,dcid:undata-geo/G00126000,2019,55040.16219
dcs:who/AIR_45.AGE--Y70T74__ENVCAUSE--ENVCAUSE114__SEX--M,dcid:undata-geo/G00126000,2019,90260.00323
dcs:who/AIR_45.AGE--Y35T39__ENVCAUSE--ENVCAUSE113__SEX--M,dcid:undata-geo/G00126000,2019,54390.13524
dcs:who/AIR_45.AGE--Y30T34__ENVCAUSE--ENVCAUSE113__SEX--M,dcid:undata-geo/G00126000,2019,27286.80246
dcs:who/AIR_45.ENVCAUSE--ENVCAUSE114__SEX--M,dcid:undata-geo/G00126000,2019,671151.9212
dcs:who/AIR_45.AGE--Y40T44__ENVCAUSE--ENVCAUSE114__SEX--F,dcid:undata-geo/G00126000,2019,9042.12182
dcs:who/AIR_45.AGE--Y75T79__ENVCAUSE--ENVCAUSE039__SEX--F,dcid:undata-geo/G00126000,2019,19066.35443
dcs:who/AIR_45.AGE--Y45T49__ENVCAUSE--ENVCAUSE068__SEX--F,dcid:undata-geo/G00126000,2019,6101.77504
dcs:who/AIR_45.AGE--Y10T14__ENVCAUSE--ENVCAUSE039__SEX--F,dcid:undata-geo/G00126000,2019,998.43861
dcs:who/AIR_45.AGE--Y40T44__ENVCAUSE--ENVCAUSE039__SEX--F,dcid:undata-geo/G00126000,2019,5610.72035
dcs:who/AIR_45.AGE--Y30T34__ENVCAUSE--ENVCAUSE068__SEX--F,dcid:undata-geo/G00126000,2019,465.65394
dcs:who/AIR_45.AGE--Y_GE80__ENVCAUSE--ENVCAUSE118__SEX--F,dcid:undata-geo/G00126000,2019,81311.75035
dcs:who/AIR_45.AGE--Y30T34__ENVCAUSE--ENVCAUSE118__SEX--F,dcid:undata-geo/G00126000,2019,354.10909
dcs:who/AIR_45.ENVCAUSE--ENVCAUSE114__SEX--F,dcid:undata-geo/G00126000,2019,698604.1308
dcs:who/AIR_45.AGE--Y35T39__ENVCAUSE--ENVCAUSE068__SEX--F,dcid:undata-geo/G00126000,2019,1057.39528
dcs:who/AIR_45.ENVCAUSE--ENVCAUSE118__SEX--F,dcid:undata-geo/G00126000,2019,238636.8976
dcs:who/AIR_45.AGE--Y_GE80__ENVCAUSE--ENVCAUSE114__SEX--F,dcid:undata-geo/G00126000,2019,318707.5755
dcs:who/AIR_45.AGE--Y70T74__ENVCAUSE--ENVCAUSE039__SEX--F,dcid:undata-geo/G00126000,2019,16299.32969
dcs:who/AIR_45.AGE--Y70T74__ENVCAUSE--ENVCAUSE118__SEX--F,dcid:undata-geo/G00126000,2019,37763.31643
dcs:who/AIR_45.AGE--Y55T59__ENVCAUSE--ENVCAUSE114__SEX--F,dcid:undata-geo/G00126000,2019,31564.19794
dcs:who/AIR_45.AGE--Y75T79__ENVCAUSE--ENVCAUSE114__SEX--F,dcid:undata-geo/G00126000,2019,101985.1312
dcs:who/AIR_45.AGE--Y60T64__ENVCAUSE--ENVCAUSE039__SEX--F,dcid:undata-geo/G00126000,2019,12235.20672
dcs:who/AIR_45.AGE--Y60T64__ENVCAUSE--ENVCAUSE114__SEX--F,dcid:undata-geo/G00126000,2019,46652.36376
dcs:who/AIR_45.AGE--Y25T29__ENVCAUSE--ENVCAUSE118__SEX--F,dcid:undata-geo/G00126000,2019,149.67202
dcs:who/AIR_45.AGE--Y60T64__ENVCAUSE--ENVCAUSE118__SEX--F,dcid:undata-geo/G00126000,2019,24781.26004
dcs:who/AIR_45.AGE--Y20T24__ENVCAUSE--ENVCAUSE039__SEX--F,dcid:undata-geo/G00126000,2019,1328.60088
dcs:who/AIR_45.AGE--Y0T4__ENVCAUSE--ENVCAUSE039__SEX--F,dcid:undata-geo/G00126000,2019,8715.92016
dcs:who/AIR_45.AGE--Y45T49__ENVCAUSE--ENVCAUSE118__SEX--F,dcid:undata-geo/G00126000,2019,2759.32551
dcs:who/AIR_45.AGE--Y30T34__ENVCAUSE--ENVCAUSE114__SEX--F,dcid:undata-geo/G00126000,2019,3225.34232
dcs:who/AIR_45.ENVCAUSE--ENVCAUSE039__SEX--F,dcid:undata-geo/G00126000,2019,207004.6146
dcs:who/AIR_45.AGE--Y35T39__ENVCAUSE--ENVCAUSE118__SEX--F,dcid:undata-geo/G00126000,2019,605.05085
dcs:who/AIR_45.AGE--Y25T29__ENVCAUSE--ENVCAUSE068__SEX--F,dcid:undata-geo/G00126000,2019,151.94187
dcs:who/AIR_45.AGE--Y65T69__ENVCAUSE--ENVCAUSE039__SEX--F,dcid:undata-geo/G00126000,2019,14084.98783
dcs:who/AIR_45.AGE--Y_GE80__ENVCAUSE--ENVCAUSE039__SEX--F,dcid:undata-geo/G00126000,2019,93422.26742
dcs:who/AIR_45.AGE--Y50T54__ENVCAUSE--ENVCAUSE114__SEX--F,dcid:undata-geo/G00126000,2019,20164.29943
dcs:who/AIR_45.AGE--Y40T44__ENVCAUSE--ENVCAUSE118__SEX--F,dcid:undata-geo/G00126000,2019,1267.53347
dcs:who/AIR_45.AGE--Y25T29__ENVCAUSE--ENVCAUSE039__SEX--F,dcid:undata-geo/G00126000,2019,2107.48469
dcs:who/AIR_45.AGE--Y50T54__ENVCAUSE--ENVCAUSE039__SEX--F,dcid:undata-geo/G00126000,2019,6994.26774
dcs:who/AIR_45.AGE--Y45T49__ENVCAUSE--ENVCAUSE039__SEX--F,dcid:undata-geo/G00126000,2019,5985.68866
dcs:who/AIR_45.AGE--Y40T44__ENVCAUSE--ENVCAUSE068__SEX--F,dcid:undata-geo/G00126000,2019,2514.43873
dcs:who/AIR_45.AGE--Y35T39__ENVCAUSE--ENVCAUSE039__SEX--F,dcid:undata-geo/G00126000,2019,4832.27505
dcs:who/AIR_45.AGE--Y35T39__ENVCAUSE--ENVCAUSE114__SEX--F,dcid:undata-geo/G00126000,2019,5646.81831
dcs:who/AIR_45.AGE--Y45T49__ENVCAUSE--ENVCAUSE114__SEX--F,dcid:undata-geo/G00126000,2019,13782.15113
dcs:who/AIR_45.AGE--Y55T59__ENVCAUSE--ENVCAUSE118__SEX--F,dcid:undata-geo/G00126000,2019,15919.54433
dcs:who/AIR_45.AGE--Y30T34__ENVCAUSE--ENVCAUSE039__SEX--F,dcid:undata-geo/G00126000,2019,3654.61218
dcs:who/AIR_45.AGE--Y65T69__ENVCAUSE--ENVCAUSE118__SEX--F,dcid:undata-geo/G00126000,2019,30872.27083
dcs:who/AIR_45.AGE--Y50T54__ENVCAUSE--ENVCAUSE068__SEX--F,dcid:undata-geo/G00126000,2019,12541.93966
dcs:who/AIR_45.AGE--Y65T69__ENVCAUSE--ENVCAUSE114__SEX--F,dcid:undata-geo/G00126000,2019,67425.52499
dcs:who/AIR_45.AGE--Y75T79__ENVCAUSE--ENVCAUSE118__SEX--F,dcid:undata-geo/G00126000,2019,35379.96382
dcs:who/AIR_45.AGE--Y50T54__ENVCAUSE--ENVCAUSE118__SEX--F,dcid:undata-geo/G00126000,2019,7473.10085
dcs:who/AIR_45.AGE--Y70T74__ENVCAUSE--ENVCAUSE114__SEX--F,dcid:undata-geo/G00126000,2019,78908.04826
dcs:who/AIR_45.AGE--Y15T19__ENVCAUSE--ENVCAUSE039__SEX--F,dcid:undata-geo/G00126000,2019,1000.12812
dcs:who/AIR_45.AGE--Y55T59__ENVCAUSE--ENVCAUSE039__SEX--F,dcid:undata-geo/G00126000,2019,9537.42516
dcs:who/AIR_45.AGE--Y5T9__ENVCAUSE--ENVCAUSE039__SEX--F,dcid:undata-geo/G00126000,2019,1130.9069
dcs:who/AIR_45.AGE--Y70T74__ENVCAUSE--ENVCAUSE118,dcid:undata-geo/G00126000,2019,92803.47863
dcs:who/AIR_45.AGE--Y40T44__ENVCAUSE--ENVCAUSE039,dcid:undata-geo/G00126000,2019,22908.68897
dcs:who/AIR_45.AGE--Y55T59__ENVCAUSE--ENVCAUSE113__SEX--F,dcid:undata-geo/G00126000,2019,116655.7501
dcs:who/AIR_45.ENVCAUSE--ENVCAUSE039,dcid:undata-geo/G00126000,2019,516124.4854
dcs:who/AIR_45.AGE--Y35T39__ENVCAUSE--ENVCAUSE113__SEX--F,dcid:undata-geo/G00126000,2019,12895.54401
dcs:who/AIR_45.AGE--Y_GE80__ENVCAUSE--ENVCAUSE118,dcid:undata-geo/G00126000,2019,167571.377
dcs:who/AIR_45.AGE--Y50T54__ENVCAUSE--ENVCAUSE039,dcid:undata-geo/G00126000,2019,26991.47726
dcs:who/AIR_45.AGE--Y25T29__ENVCAUSE--ENVCAUSE068,dcid:undata-geo/G00126000,2019,387.56743
dcs:who/AIR_45.AGE--Y20T24__ENVCAUSE--ENVCAUSE039,dcid:undata-geo/G00126000,2019,3710.57047
dcs:who/AIR_45.AGE--Y25T29__ENVCAUSE--ENVCAUSE039,dcid:undata-geo/G00126000,2019,6292.98621
dcs:who/AIR_45.AGE--Y30T34__ENVCAUSE--ENVCAUSE068,dcid:undata-geo/G00126000,2019,1112.85756
dcs:who/AIR_45.AGE--Y25T29__ENVCAUSE--ENVCAUSE113__SEX--F,dcid:undata-geo/G00126000,2019,2680.94749
dcs:who/AIR_45.AGE--Y75T79__ENVCAUSE--ENVCAUSE039,dcid:undata-geo/G00126000,2019,44342.89158
dcs:who/AIR_45.AGE--Y75T79__ENVCAUSE--ENVCAUSE113__SEX--F,dcid:undata-geo/G00126000,2019,340437.0509
dcs:who/AIR_45.AGE--Y45T49__ENVCAUSE--ENVCAUSE039,dcid:undata-geo/G00126000,2019,24738.6679
dcs:who/AIR_45.AGE--Y40T44__ENVCAUSE--ENVCAUSE068,dcid:undata-geo/G00126000,2019,6387.46065
dcs:who/AIR_45.AGE--Y_GE80__ENVCAUSE--ENVCAUSE068,dcid:undata-geo/G00126000,2019,49809.25398
dcs:who/AIR_45.AGE--Y60T64__ENVCAUSE--ENVCAUSE068,dcid:undata-geo/G00126000,2019,97174.66372
dcs:who/AIR_45.AGE--Y0T4__ENVCAUSE--ENVCAUSE039,dcid:undata-geo/G00126000,2019,20128.28028
dcs:who/AIR_45.AGE--Y40T44__ENVCAUSE--ENVCAUSE113__SEX--F,dcid:undata-geo/G00126000,2019,22678.78551
dcs:who/AIR_45.AGE--Y75T79__ENVCAUSE--ENVCAUSE068,dcid:undata-geo/G00126000,2019,50458.84338
dcs:who/AIR_45.AGE--Y15T19__ENVCAUSE--ENVCAUSE039,dcid:undata-geo/G00126000,2019,2483.94999
dcs:who/AIR_45.AGE--Y50T54__ENVCAUSE--ENVCAUSE068,dcid:undata-geo/G00126000,2019,37958.27
dcs:who/AIR_45.AGE--Y60T64__ENVCAUSE--ENVCAUSE039,dcid:undata-geo/G00126000,2019,41111.60022
dcs:who/AIR_45.AGE--Y55T59__ENVCAUSE--ENVCAUSE039,dcid:undata-geo/G00126000,2019,35339.61604
dcs:who/AIR_45.AGE--Y50T54__ENVCAUSE--ENVCAUSE113__SEX--F,dcid:undata-geo/G00126000,2019,64255.91397
dcs:who/AIR_45.AGE--Y5T9__ENVCAUSE--ENVCAUSE039,dcid:undata-geo/G00126000,2019,2242.82749
dcs:who/AIR_45.AGE--Y75T79__ENVCAUSE--ENVCAUSE118,dcid:undata-geo/G00126000,2019,82676.85476
dcs:who/AIR_45.AGE--Y70T74__ENVCAUSE--ENVCAUSE068,dcid:undata-geo/G00126000,2019,81493.85711
dcs:who/AIR_45.AGE--Y60T64__ENVCAUSE--ENVCAUSE113__SEX--F,dcid:undata-geo/G00126000,2019,180915.7363
dcs:who/AIR_45.AGE--Y55T59__ENVCAUSE--ENVCAUSE068,dcid:undata-geo/G00126000,2019,72572.18192
dcs:who/AIR_45.AGE--Y25T29__ENVCAUSE--ENVCAUSE114__SEX--F,dcid:undata-geo/G00126000,2019,1500.55618
dcs:who/AIR_45.AGE--Y35T39__ENVCAUSE--ENVCAUSE068,dcid:undata-geo/G00126000,2019,2806.06273
dcs:who/AIR_45.ENVCAUSE--ENVCAUSE113__SEX--F,dcid:undata-geo/G00126000,2019,2443015.914
dcs:who/AIR_45.AGE--Y_GE80__ENVCAUSE--ENVCAUSE113__SEX--F,dcid:undata-geo/G00126000,2019,1132880.591
dcs:who/AIR_45.AGE--Y30T34__ENVCAUSE--ENVCAUSE113__SEX--F,dcid:undata-geo/G00126000,2019,6270.01267
dcs:who/AIR_45.AGE--Y45T49__ENVCAUSE--ENVCAUSE113__SEX--F,dcid:undata-geo/G00126000,2019,38078.15226
dcs:who/AIR_45.AGE--Y65T69__ENVCAUSE--ENVCAUSE039,dcid:undata-geo/G00126000,2019,41740.89748
dcs:who/AIR_45.AGE--Y65T69__ENVCAUSE--ENVCAUSE068,dcid:undata-geo/G00126000,2019,98627.35703
dcs:who/AIR_45.AGE--Y10T14__ENVCAUSE--ENVCAUSE039,dcid:undata-geo/G00126000,2019,2130.56991
dcs:who/AIR_45.AGE--Y45T49__ENVCAUSE--ENVCAUSE068,dcid:undata-geo/G00126000,2019,17735.48079
dcs:who/AIR_45.AGE--Y_GE80__ENVCAUSE--ENVCAUSE039,dcid:undata-geo/G00126000,2019,167557.9128
dcs:who/AIR_45.AGE--Y30T34__ENVCAUSE--ENVCAUSE039,dcid:undata-geo/G00126000,2019,12877.3384
dcs:who/AIR_45.AGE--Y35T39__ENVCAUSE--ENVCAUSE039,dcid:undata-geo/G00126000,2019,18892.64659
dcs:who/AIR_45.AGE--Y70T74__ENVCAUSE--ENVCAUSE113__SEX--F,dcid:undata-geo/G00126000,2019,275622.8203
dcs:who/AIR_45.SEX--F,dcid:undata-geo/G00126000,2019,3752453.657
dcs:who/AIR_45.AGE--Y65T69__ENVCAUSE--ENVCAUSE113__SEX--F,dcid:undata-geo/G00126000,2019,249644.6096
dcs:who/AIR_45.ENVCAUSE--ENVCAUSE118,dcid:undata-geo/G00126000,2019,563086.976
dcs:who/AIR_45.AGE--Y70T74__ENVCAUSE--ENVCAUSE039,dcid:undata-geo/G00126000,2019,42633.56381
dcs:who/AIR_45.ENVCAUSE--ENVCAUSE068,dcid:undata-geo/G00126000,2019,516523.8563
dcs:who/AIR_45.AGE--Y25T29__ENVCAUSE--ENVCAUSE113,dcid:undata-geo/G00126000,2019,12441.44236
dcs:who/AIR_45.AGE--Y70T74__ENVCAUSE--ENVCAUSE113,dcid:undata-geo/G00126000,2019,712101.9492
dcs:who/AIR_45.AGE--Y50T54__ENVCAUSE--ENVCAUSE118,dcid:undata-geo/G00126000,2019,18991.88673
dcs:who/AIR_45.AGE--Y55T59__ENVCAUSE--ENVCAUSE114,dcid:undata-geo/G00126000,2019,91999.67429
dcs:who/AIR_45.AGE--Y65T69__ENVCAUSE--ENVCAUSE113,dcid:undata-geo/G00126000,2019,767088.1923
dcs:who/AIR_45.AGE--Y45T49__ENVCAUSE--ENVCAUSE114,dcid:undata-geo/G00126000,2019,39539.9272
dcs:who/AIR_45.AGE--Y70T74__ENVCAUSE--ENVCAUSE114,dcid:undata-geo/G00126000,2019,169168.0515
dcs:who/AIR_45.AGE--Y40T44__ENVCAUSE--ENVCAUSE118,dcid:undata-geo/G00126000,2019,4000.78874
dcs:who/AIR_45.AGE--Y40T44__ENVCAUSE--ENVCAUSE114,dcid:undata-geo/G00126000,2019,26891.27266
dcs:who/AIR_45.AGE--Y55T59__ENVCAUSE--ENVCAUSE118,dcid:undata-geo/G00126000,2019,39988.93961
dcs:who/AIR_45.AGE--Y45T49__ENVCAUSE--ENVCAUSE118,dcid:undata-geo/G00126000,2019,7911.1374
dcs:who/AIR_45.AGE--Y50T54__ENVCAUSE--ENVCAUSE114,dcid:undata-geo/G00126000,2019,57560.52721
dcs:who/AIR_45.AGE--Y75T79__ENVCAUSE--ENVCAUSE113,dcid:undata-geo/G00126000,2019,701634.5952
dcs:who/AIR_45.AGE--Y65T69__ENVCAUSE--ENVCAUSE114,dcid:undata-geo/G00126000,2019,165265.3709
dcs:who/AIR_45.ENVCAUSE--ENVCAUSE113,dcid:undata-geo/G00126000,2019,5938491.356
dcs:who/AIR_45.AGE--Y75T79__ENVCAUSE--ENVCAUSE114,dcid:undata-geo/G00126000,2019,183715.3141
dcs:who/AIR_45.AGE--Y35T39__ENVCAUSE--ENVCAUSE114,dcid:undata-geo/G00126000,2019,16650.57744
dcs:who/AIR_45.AGE--Y55T59__ENVCAUSE--ENVCAUSE113,dcid:undata-geo/G00126000,2019,507204.4341
dcs:who/AIR_45.AGE--Y65T69__ENVCAUSE--ENVCAUSE118,dcid:undata-geo/G00126000,2019,80396.87657
dcs:who/AIR_45.AGE--Y60T64__ENVCAUSE--ENVCAUSE118,dcid:undata-geo/G00126000,2019,65220.20687
dcs:who/AIR_45.AGE--Y35T39__ENVCAUSE--ENVCAUSE113,dcid:undata-geo/G00126000,2019,67285.67925
dcs:who/AIR_45.AGE--Y35T39__ENVCAUSE--ENVCAUSE118,dcid:undata-geo/G00126000,2019,1997.61855
dcs:who/AIR_45.AGE--Y40T44__ENVCAUSE--ENVCAUSE113,dcid:undata-geo/G00126000,2019,119625.7572
dcs:who/AIR_45.AGE--Y30T34__ENVCAUSE--ENVCAUSE114,dcid:undata-geo/G00126000,2019,9284.83707
dcs:who/AIR_45.AGE--Y_GE80__ENVCAUSE--ENVCAUSE113,dcid:undata-geo/G00126000,2019,1824582.334
dcs:who/AIR_45.AGE--Y30T34__ENVCAUSE--ENVCAUSE113,dcid:undata-geo/G00126000,2019,33556.81513
dcs:who/AIR_45.AGE--Y25T29__ENVCAUSE--ENVCAUSE118,dcid:undata-geo/G00126000,2019,476.72023
dcs:who/AIR_45.AGE--Y60T64__ENVCAUSE--ENVCAUSE114,dcid:undata-geo/G00126000,2019,131452.1958
dcs:who/AIR_45.AGE--Y60T64__ENVCAUSE--ENVCAUSE113,dcid:undata-geo/G00126000,2019,687277.5061
dcs:who/AIR_45.AGE--Y45T49__ENVCAUSE--ENVCAUSE113,dcid:undata-geo/G00126000,2019,194564.0099
dcs:who/AIR_45,dcid:undata-geo/G00126000,2019,8903982.726
dcs:who/AIR_45.ENVCAUSE--ENVCAUSE114,dcid:undata-geo/G00126000,2019,1369756.052
dcs:who/AIR_45.AGE--Y_GE80__ENVCAUSE--ENVCAUSE114,dcid:undata-geo/G00126000,2019,474166.199
dcs:who/AIR_45.AGE--Y30T34__ENVCAUSE--ENVCAUSE118,dcid:undata-geo/G00126000,2019,1051.09094
dcs:who/AIR_45.AGE--Y50T54__ENVCAUSE--ENVCAUSE113,dcid:undata-geo/G00126000,2019,311128.6412
dcs:who/AIR_45.AGE--Y25T29__ENVCAUSE--ENVCAUSE114,dcid:undata-geo/G00126000,2019,4062.10485
dcs:who/AIR_45.AGE--Y55T59__ENVCAUSE--ENVCAUSE068__SEX--M,dcid:undata-geo/G00134000,2019,15019.65622
dcs:who/AIR_45.AGE--Y35T39__ENVCAUSE--ENVCAUSE068__SEX--M,dcid:undata-geo/G00134000,2019,1032.75872
dcs:who/AIR_45.AGE--Y25T29__ENVCAUSE--ENVCAUSE068__SEX--M,dcid:undata-geo/G00134000,2019,439.01856
dcs:who/AIR_45.ENVCAUSE--ENVCAUSE068__SEX--M,dcid:undata-geo/G00134000,2019,112801.6719
dcs:who/AIR_45.AGE--Y30T34__ENVCAUSE--ENVCAUSE068__SEX--M,dcid:undata-geo/G00134000,2019,687.67072
dcs:who/AIR_45.AGE--Y65T69__ENVCAUSE--ENVCAUSE068__SEX--M,dcid:undata-geo/G00134000,2019,20140.17205
dcs:who/AIR_45.AGE--Y_GE80__ENVCAUSE--ENVCAUSE068__SEX--M,dcid:undata-geo/G00134000,2019,11367.31765
dcs:who/AIR_45.AGE--Y40T44__ENVCAUSE--ENVCAUSE068__SEX--M,dcid:undata-geo/G00134000,2019,1977.4987
dcs:who/AIR_45.AGE--Y50T54__ENVCAUSE--ENVCAUSE068__SEX--M,dcid:undata-geo/G00134000,2019,7865.44932
dcs:who/AIR_45.AGE--Y75T79__ENVCAUSE--ENVCAUSE068__SEX--M,dcid:undata-geo/G00134000,2019,12537.68729
dcs:who/AIR_45.AGE--Y60T64__ENVCAUSE--ENVCAUSE068__SEX--M,dcid:undata-geo/G00134000,2019,19425.11858
dcs:who/AIR_45.AGE--Y45T49__ENVCAUSE--ENVCAUSE068__SEX--M,dcid:undata-geo/G00134000,2019,3589.66255
dcs:who/AIR_45.AGE--Y70T74__ENVCAUSE--ENVCAUSE068__SEX--M,dcid:undata-geo/G00134000,2019,18719.66149
dcs:who/AIR_45.AGE--Y35T39__ENVCAUSE--ENVCAUSE118__SEX--M,dcid:undata-geo/G00134000,2019,1557.13547
dcs:who/AIR_45.AGE--Y20T24__ENVCAUSE--ENVCAUSE039__SEX--M,dcid:undata-geo/G00134000,2019,8883.06044
dcs:who/AIR_45.AGE--Y75T79__ENVCAUSE--ENVCAUSE114__SEX--M,dcid:undata-geo/G00134000,2019,42652.67757
dcs:who/AIR_45.AGE--Y50T54__ENVCAUSE--ENVCAUSE114__SEX--M,dcid:undata-geo/G00134000,2019,27971.72198
dcs:who/AIR_45.AGE--Y25T29__ENVCAUSE--ENVCAUSE039__SEX--M,dcid:undata-geo/G00134000,2019,10686.20014
dcs:who/AIR_45.AGE--Y60T64__ENVCAUSE--ENVCAUSE039__SEX--M,dcid:undata-geo/G00134000,2019,30869.5788
dcs:who/AIR_45.AGE--Y15T19__ENVCAUSE--ENVCAUSE039__SEX--M,dcid:undata-geo/G00134000,2019,7347.89523
dcs:who/AIR_45.AGE--Y30T34__ENVCAUSE--ENVCAUSE114__SEX--M,dcid:undata-geo/G00134000,2019,6932.29824
dcs:who/AIR_45.AGE--Y65T69__ENVCAUSE--ENVCAUSE114__SEX--M,dcid:undata-geo/G00134000,2019,47863.22053
dcs:who/AIR_45.AGE--Y_GE80__ENVCAUSE--ENVCAUSE118__SEX--M,dcid:undata-geo/G00134000,2019,60253.37972
dcs:who/AIR_45.ENVCAUSE--ENVCAUSE039__SEX--M,dcid:undata-geo/G00134000,2019,468146.3089
dcs:who/AIR_45.AGE--Y50T54__ENVCAUSE--ENVCAUSE113__SEX--M,dcid:undata-geo/G00134000,2019,155401.5296
dcs:who/AIR_45.AGE--Y75T79__ENVCAUSE--ENVCAUSE118__SEX--M,dcid:undata-geo/G00134000,2019,35970.04581
dcs:who/AIR_45.AGE--Y5T9__ENVCAUSE--ENVCAUSE039__SEX--M,dcid:undata-geo/G00134000,2019,5646.02343
dcs:who/AIR_45.AGE--Y35T39__ENVCAUSE--ENVCAUSE039__SEX--M,dcid:undata-geo/G00134000,2019,14616.45224
dcs:who/AIR_45.AGE--Y35T39__ENVCAUSE--ENVCAUSE113__SEX--M,dcid:undata-geo/G00134000,2019,44899.78432
dcs:who/AIR_45.ENVCAUSE--ENVCAUSE113__SEX--M,dcid:undata-geo/G00134000,2019,1830351.554
dcs:who/AIR_45.AGE--Y55T59__ENVCAUSE--ENVCAUSE113__SEX--M,dcid:undata-geo/G00134000,2019,214899.6151
dcs:who/AIR_45.AGE--Y25T29__ENVCAUSE--ENVCAUSE118__SEX--M,dcid:undata-geo/G00134000,2019,734.49746
dcs:who/AIR_45.AGE--Y65T69__ENVCAUSE--ENVCAUSE118__SEX--M,dcid:undata-geo/G00134000,2019,33829.05732
dcs:who/AIR_45.AGE--Y70T74__ENVCAUSE--ENVCAUSE039__SEX--M,dcid:undata-geo/G00134000,2019,36687.12149
dcs:who/AIR_45.ENVCAUSE--ENVCAUSE114__SEX--M,dcid:undata-geo/G00134000,2019,371736.4076
dcs:who/AIR_45.AGE--Y70T74__ENVCAUSE--ENVCAUSE114__SEX--M,dcid:undata-geo/G00134000,2019,48796.11648
dcs:who/AIR_45.AGE--Y65T69__ENVCAUSE--ENVCAUSE039__SEX--M,dcid:undata-geo/G00134000,2019,35133.86528
dcs:who/AIR_45.AGE--Y30T34__ENVCAUSE--ENVCAUSE039__SEX--M,dcid:undata-geo/G00134000,2019,10910.64501
dcs:who/AIR_45.AGE--Y45T49__ENVCAUSE--ENVCAUSE113__SEX--M,dcid:undata-geo/G00134000,2019,99538.98989
dcs:who/AIR_45.AGE--Y65T69__ENVCAUSE--ENVCAUSE113__SEX--M,dcid:undata-geo/G00134000,2019,247640.2253
dcs:who/AIR_45.AGE--Y75T79__ENVCAUSE--ENVCAUSE039__SEX--M,dcid:undata-geo/G00134000,2019,35393.58161
dcs:who/AIR_45.ENVCAUSE--ENVCAUSE118__SEX--M,dcid:undata-geo/G00134000,2019,230685.9566
dcs:who/AIR_45.AGE--Y70T74__ENVCAUSE--ENVCAUSE118__SEX--M,dcid:undata-geo/G00134000,2019,40363.77382
dcs:who/AIR_45.AGE--Y55T59__ENVCAUSE--ENVCAUSE114__SEX--M,dcid:undata-geo/G00134000,2019,35923.84682
dcs:who/AIR_45.AGE--Y55T59__ENVCAUSE--ENVCAUSE118__SEX--M,dcid:undata-geo/G00134000,2019,16466.46137
dcs:who/AIR_45.AGE--Y30T34__ENVCAUSE--ENVCAUSE118__SEX--M,dcid:undata-geo/G00134000,2019,932.62541
dcs:who/AIR_45.AGE--Y30T34__ENVCAUSE--ENVCAUSE113__SEX--M,dcid:undata-geo/G00134000,2019,27700.3477
dcs:who/AIR_45.AGE--Y0T4__ENVCAUSE--ENVCAUSE039__SEX--M,dcid:undata-geo/G00134000,2019,108978.2589
dcs:who/AIR_45.AGE--Y60T64__ENVCAUSE--ENVCAUSE113__SEX--M,dcid:undata-geo/G00134000,2019,247752.1846
dcs:who/AIR_45.AGE--Y40T44__ENVCAUSE--ENVCAUSE113__SEX--M,dcid:undata-geo/G00134000,2019,65876.50792
dcs:who/AIR_45.AGE--Y60T64__ENVCAUSE--ENVCAUSE118__SEX--M,dcid:undata-geo/G00134000,2019,26573.1314
dcs:who/AIR_45.AGE--Y_GE80__ENVCAUSE--ENVCAUSE039__SEX--M,dcid:undata-geo/G00134000,2019,74548.92038
dcs:who/AIR_45.AGE--Y70T74__ENVCAUSE--ENVCAUSE113__SEX--M,dcid:undata-geo/G00134000,2019,228851.1312
dcs:who/AIR_45.AGE--Y25T29__ENVCAUSE--ENVCAUSE114__SEX--M,dcid:undata-geo/G00134000,2019,5019.17251
dcs:who/AIR_45.AGE--Y40T44__ENVCAUSE--ENVCAUSE039__SEX--M,dcid:undata-geo/G00134000,2019,16306.34275
dcs:who/AIR_45.AGE--Y55T59__ENVCAUSE--ENVCAUSE039__SEX--M,dcid:undata-geo/G00134000,2019,26882.34383
dcs:who/AIR_45.AGE--Y60T64__ENVCAUSE--ENVCAUSE114__SEX--M,dcid:undata-geo/G00134000,2019,44208.34659
dcs:who/AIR_45.AGE--Y40T44__ENVCAUSE--ENVCAUSE114__SEX--M,dcid:undata-geo/G00134000,2019,14344.99021
dcs:who/AIR_45.AGE--Y45T49__ENVCAUSE--ENVCAUSE039__SEX--M,dcid:undata-geo/G00134000,2019,18635.54969
dcs:who/AIR_45.AGE--Y_GE80__ENVCAUSE--ENVCAUSE114__SEX--M,dcid:undata-geo/G00134000,2019,67964.16879
dcs:who/AIR_45.AGE--Y_GE80__ENVCAUSE--ENVCAUSE113__SEX--M,dcid:undata-geo/G00134000,2019,303597.7891
dcs:who/AIR_45.AGE--Y40T44__ENVCAUSE--ENVCAUSE118__SEX--M,dcid:undata-geo/G00134000,2019,2074.65605
dcs:who/AIR_45.AGE--Y45T49__ENVCAUSE--ENVCAUSE118__SEX--M,dcid:undata-geo/G00134000,2019,3777.80022
dcs:who/AIR_45.AGE--Y50T54__ENVCAUSE--ENVCAUSE039__SEX--M,dcid:undata-geo/G00134000,2019,22325.54247
dcs:who/AIR_45.AGE--Y75T79__ENVCAUSE--ENVCAUSE113__SEX--M,dcid:undata-geo/G00134000,2019,177326.3174
dcs:who/AIR_45.AGE--Y50T54__ENVCAUSE--ENVCAUSE118__SEX--M,dcid:undata-geo/G00134000,2019,8153.39254
dcs:who/AIR_45.AGE--Y10T14__ENVCAUSE--ENVCAUSE039__SEX--M,dcid:undata-geo/G00134000,2019,4294.9272
dcs:who/AIR_45.AGE--Y45T49__ENVCAUSE--ENVCAUSE114__SEX--M,dcid:undata-geo/G00134000,2019,19610.33821
dcs:who/AIR_45.AGE--Y35T39__ENVCAUSE--ENVCAUSE114__SEX--M,dcid:undata-geo/G00134000,2019,10449.50969
dcs:who/AIR_45.AGE--Y0T4__ENVCAUSE--ENVCAUSE039__SEX--F,dcid:undata-geo/G00134000,2019,83351.15188
dcs:who/AIR_45.AGE--Y75T79__ENVCAUSE--ENVCAUSE118__SEX--F,dcid:undata-geo/G00134000,2019,31728.97413
dcs:who/AIR_45.AGE--Y65T69__ENVCAUSE--ENVCAUSE039__SEX--F,dcid:undata-geo/G00134000,2019,25750.22385
dcs:who/AIR_45.AGE--Y25T29__ENVCAUSE--ENVCAUSE068__SEX--F,dcid:undata-geo/G00134000,2019,282.78265
dcs:who/AIR_45.AGE--Y60T64__ENVCAUSE--ENVCAUSE039__SEX--F,dcid:undata-geo/G00134000,2019,21642.29867
dcs:who/AIR_45.AGE--Y60T64__ENVCAUSE--ENVCAUSE118__SEX--F,dcid:undata-geo/G00134000,2019,22047.11989
dcs:who/AIR_45.AGE--Y40T44__ENVCAUSE--ENVCAUSE068__SEX--F,dcid:undata-geo/G00134000,2019,1904.96363
dcs:who/AIR_45.AGE--Y25T29__ENVCAUSE--ENVCAUSE113__SEX--M,dcid:undata-geo/G00134000,2019,16867.13212
dcs:who/AIR_45.AGE--Y55T59__ENVCAUSE--ENVCAUSE039__SEX--F,dcid:undata-geo/G00134000,2019,18165.87044
dcs:who/AIR_45.AGE--Y75T79__ENVCAUSE--ENVCAUSE039__SEX--F,dcid:undata-geo/G00134000,2019,32516.68839
dcs:who/AIR_45.AGE--Y20T24__ENVCAUSE--ENVCAUSE039__SEX--F,dcid:undata-geo/G00134000,2019,5407.80387
dcs:who/AIR_45.AGE--Y_GE80__ENVCAUSE--ENVCAUSE118__SEX--F,dcid:undata-geo/G00134000,2019,65920.97058
dcs:who/AIR_45.AGE--Y5T9__ENVCAUSE--ENVCAUSE039__SEX--F,dcid:undata-geo/G00134000,2019,5682.87296
dcs:who/AIR_45.AGE--Y60T64__ENVCAUSE--ENVCAUSE068__SEX--F,dcid:undata-geo/G00134000,2019,13464.69471
dcs:who/AIR_45.AGE--Y65T69__ENVCAUSE--ENVCAUSE068__SEX--F,dcid:undata-geo/G00134000,2019,13913.00114
dcs:who/AIR_45.AGE--Y10T14__ENVCAUSE--ENVCAUSE039__SEX--F,dcid:undata-geo/G00134000,2019,4297.86032
dcs:who/AIR_45.AGE--Y45T49__ENVCAUSE--ENVCAUSE039__SEX--F,dcid:undata-geo/G00134000,2019,11172.81467
dcs:who/AIR_45.AGE--Y_GE80__ENVCAUSE--ENVCAUSE039__SEX--F,dcid:undata-geo/G00134000,2019,96771.31491
dcs:who/AIR_45.AGE--Y50T54__ENVCAUSE--ENVCAUSE068__SEX--F,dcid:undata-geo/G00134000,2019,7044.808
dcs:who/AIR_45.ENVCAUSE--ENVCAUSE039__SEX--F,dcid:undata-geo/G00134000,2019,381956.2356
dcs:who/AIR_45.AGE--Y45T49__ENVCAUSE--ENVCAUSE118__SEX--F,dcid:undata-geo/G00134000,2019,3422.16999
dcs:who/AIR_45.ENVCAUSE--ENVCAUSE068__SEX--F,dcid:undata-geo/G00134000,2019,84973.40494
dcs:who/AIR_45.AGE--Y45T49__ENVCAUSE--ENVCAUSE068__SEX--F,dcid:undata-geo/G00134000,2019,3591.90633
dcs:who/AIR_45.AGE--Y30T34__ENVCAUSE--ENVCAUSE068__SEX--F,dcid:undata-geo/G00134000,2019,510.44262
dcs:who/AIR_45.AGE--Y75T79__ENVCAUSE--ENVCAUSE068__SEX--F,dcid:undata-geo/G00134000,2019,9253.1819
dcs:who/AIR_45.AGE--Y70T74__ENVCAUSE--ENVCAUSE039__SEX--F,dcid:undata-geo/G00134000,2019,29240.80724
dcs:who/AIR_45.AGE--Y15T19__ENVCAUSE--ENVCAUSE039__SEX--F,dcid:undata-geo/G00134000,2019,4748.20146
dcs:who/AIR_45.AGE--Y55T59__ENVCAUSE--ENVCAUSE118__SEX--F,dcid:undata-geo/G00134000,2019,15703.61096
dcs:who/AIR_45.AGE--Y35T39__ENVCAUSE--ENVCAUSE039__SEX--F,dcid:undata-geo/G00134000,2019,7906.46552
dcs:who/AIR_45.AGE--Y30T34__ENVCAUSE--ENVCAUSE039__SEX--F,dcid:undata-geo/G00134000,2019,6351.60286
dcs:who/AIR_45.ENVCAUSE--ENVCAUSE118__SEX--F,dcid:undata-geo/G00134000,2019,210286.3247
dcs:who/AIR_45.AGE--Y70T74__ENVCAUSE--ENVCAUSE118__SEX--F,dcid:undata-geo/G00134000,2019,32993.47941
dcs:who/AIR_45.AGE--Y55T59__ENVCAUSE--ENVCAUSE068__SEX--F,dcid:undata-geo/G00134000,2019,12038.31147
dcs:who/AIR_45.AGE--Y35T39__ENVCAUSE--ENVCAUSE068__SEX--F,dcid:undata-geo/G00134000,2019,1017.54381
dcs:who/AIR_45.SEX--M,dcid:undata-geo/G00134000,2019,3013721.899
dcs:who/AIR_45.AGE--Y65T69__ENVCAUSE--ENVCAUSE118__SEX--F,dcid:undata-geo/G00134000,2019,26557.64474
dcs:who/AIR_45.AGE--Y50T54__ENVCAUSE--ENVCAUSE039__SEX--F,dcid:undata-geo/G00134000,2019,14016.29641
dcs:who/AIR_45.AGE--Y70T74__ENVCAUSE--ENVCAUSE068__SEX--F,dcid:undata-geo/G00134000,2019,12714.78835
dcs:who/AIR_45.AGE--Y25T29__ENVCAUSE--ENVCAUSE039__SEX--F,dcid:undata-geo/G00134000,2019,5945.46155
dcs:who/AIR_45.AGE--Y50T54__ENVCAUSE--ENVCAUSE118__SEX--F,dcid:undata-geo/G00134000,2019,8012.92971
dcs:who/AIR_45.AGE--Y_GE80__ENVCAUSE--ENVCAUSE068__SEX--F,dcid:undata-geo/G00134000,2019,9236.98033
dcs:who/AIR_45.AGE--Y40T44__ENVCAUSE--ENVCAUSE039__SEX--F,dcid:undata-geo/G00134000,2019,8988.50058
dcs:who/AIR_45.AGE--Y_GE80__ENVCAUSE--ENVCAUSE039,dcid:undata-geo/G00134000,2019,171320.2353
dcs:who/AIR_45.AGE--Y35T39__ENVCAUSE--ENVCAUSE118__SEX--F,dcid:undata-geo/G00134000,2019,966.01815
dcs:who/AIR_45.AGE--Y65T69__ENVCAUSE--ENVCAUSE068,dcid:undata-geo/G00134000,2019,34053.17319
dcs:who/AIR_45.AGE--Y40T44__ENVCAUSE--ENVCAUSE114__SEX--F,dcid:undata-geo/G00134000,2019,13109.68193
dcs:who/AIR_45.AGE--Y35T39__ENVCAUSE--ENVCAUSE114__SEX--F,dcid:undata-geo/G00134000,2019,9396.39643
dcs:who/AIR_45.AGE--Y75T79__ENVCAUSE--ENVCAUSE114__SEX--F,dcid:undata-geo/G00134000,2019,43378.96477
dcs:who/AIR_45.AGE--Y50T54__ENVCAUSE--ENVCAUSE068,dcid:undata-geo/G00134000,2019,14910.25732
dcs:who/AIR_45.AGE--Y35T39__ENVCAUSE--ENVCAUSE113__SEX--F,dcid:undata-geo/G00134000,2019,17549.43755
dcs:who/AIR_45.ENVCAUSE--ENVCAUSE114__SEX--F,dcid:undata-geo/G00134000,2019,361283.6461
dcs:who/AIR_45.AGE--Y40T44__ENVCAUSE--ENVCAUSE113__SEX--F,dcid:undata-geo/G00134000,2019,28016.76782
dcs:who/AIR_45.AGE--Y65T69__ENVCAUSE--ENVCAUSE114__SEX--F,dcid:undata-geo/G00134000,2019,38177.84764
dcs:who/AIR_45.AGE--Y25T29__ENVCAUSE--ENVCAUSE114__SEX--F,dcid:undata-geo/G00134000,2019,4253.67067
dcs:who/AIR_45.ENVCAUSE--ENVCAUSE039,dcid:undata-geo/G00134000,2019,850102.5445
dcs:who/AIR_45.AGE--Y60T64__ENVCAUSE--ENVCAUSE068,dcid:undata-geo/G00134000,2019,32889.81329
dcs:who/AIR_45.AGE--Y55T59__ENVCAUSE--ENVCAUSE068,dcid:undata-geo/G00134000,2019,27057.96769
dcs:who/AIR_45.AGE--Y25T29__ENVCAUSE--ENVCAUSE068,dcid:undata-geo/G00134000,2019,721.80122
dcs:who/AIR_45.AGE--Y75T79__ENVCAUSE--ENVCAUSE113__SEX--F,dcid:undata-geo/G00134000,2019,134525.3425
dcs:who/AIR_45.SEX--F,dcid:undata-geo/G00134000,2019,2190481.517
dcs:who/AIR_45.AGE--Y75T79__ENVCAUSE--ENVCAUSE039,dcid:undata-geo/G00134000,2019,67910.27
dcs:who/AIR_45.AGE--Y55T59__ENVCAUSE--ENVCAUSE113__SEX--F,dcid:undata-geo/G00134000,2019,93579.04739
dcs:who/AIR_45.AGE--Y25T29__ENVCAUSE--ENVCAUSE113__SEX--F,dcid:undata-geo/G00134000,2019,6359.68663
dcs:who/AIR_45.AGE--Y30T34__ENVCAUSE--ENVCAUSE113__SEX--F,dcid:undata-geo/G00134000,2019,10364.60358
dcs:who/AIR_45.AGE--Y60T64__ENVCAUSE--ENVCAUSE114__SEX--F,dcid:undata-geo/G00134000,2019,33701.24893
dcs:who/AIR_45.AGE--Y45T49__ENVCAUSE--ENVCAUSE068,dcid:undata-geo/G00134000,2019,7181.56888
dcs:who/AIR_45.AGE--Y30T34__ENVCAUSE--ENVCAUSE068,dcid:undata-geo/G00134000,2019,1198.11333
dcs:who/AIR_45.AGE--Y45T49__ENVCAUSE--ENVCAUSE113__SEX--F,dcid:undata-geo/G00134000,2019,42086.14777
dcs:who/AIR_45.AGE--Y50T54__ENVCAUSE--ENVCAUSE113__SEX--F,dcid:undata-geo/G00134000,2019,65605.07095
dcs:who/AIR_45.AGE--Y_GE80__ENVCAUSE--ENVCAUSE114__SEX--F,dcid:undata-geo/G00134000,2019,101295.8313
dcs:who/AIR_45.AGE--Y65T69__ENVCAUSE--ENVCAUSE113__SEX--F,dcid:undata-geo/G00134000,2019,132381.3221
dcs:who/AIR_45.AGE--Y60T64__ENVCAUSE--ENVCAUSE039,dcid:undata-geo/G00134000,2019,52511.87747
dcs:who/AIR_45.AGE--Y_GE80__ENVCAUSE--ENVCAUSE068,dcid:undata-geo/G00134000,2019,20604.29798
dcs:who/AIR_45.AGE--Y_GE80__ENVCAUSE--ENVCAUSE113__SEX--F,dcid:undata-geo/G00134000,2019,364918.8028
dcs:who/AIR_45.AGE--Y70T74__ENVCAUSE--ENVCAUSE068,dcid:undata-geo/G00134000,2019,31434.44985
dcs:who/AIR_45.AGE--Y30T34__ENVCAUSE--ENVCAUSE114__SEX--F,dcid:undata-geo/G00134000,2019,5965.82773
dcs:who/AIR_45.AGE--Y45T49__ENVCAUSE--ENVCAUSE114__SEX--F,dcid:undata-geo/G00134000,2019,17934.61036
dcs:who/AIR_45.AGE--Y70T74__ENVCAUSE--ENVCAUSE113__SEX--F,dcid:undata-geo/G00134000,2019,138755.8066
dcs:who/AIR_45.ENVCAUSE--ENVCAUSE113__SEX--F,dcid:undata-geo/G00134000,2019,1151981.906
dcs:who/AIR_45.AGE--Y75T79__ENVCAUSE--ENVCAUSE068,dcid:undata-geo/G00134000,2019,21790.86919
dcs:who/AIR_45.AGE--Y60T64__ENVCAUSE--ENVCAUSE113__SEX--F,dcid:undata-geo/G00134000,2019,117839.8704
dcs:who/AIR_45.AGE--Y35T39__ENVCAUSE--ENVCAUSE068,dcid:undata-geo/G00134000,2019,2050.30253
dcs:who/AIR_45.AGE--Y55T59__ENVCAUSE--ENVCAUSE114__SEX--F,dcid:undata-geo/G00134000,2019,28628.84099
dcs:who/AIR_45.AGE--Y50T54__ENVCAUSE--ENVCAUSE114__SEX--F,dcid:undata-geo/G00134000,2019,23616.58404
dcs:who/AIR_45.AGE--Y70T74__ENVCAUSE--ENVCAUSE039,dcid:undata-geo/G00134000,2019,65927.92873
dcs:who/AIR_45.AGE--Y65T69__ENVCAUSE--ENVCAUSE039,dcid:undata-geo/G00134000,2019,60884.08913
dcs:who/AIR_45.AGE--Y25T29__ENVCAUSE--ENVCAUSE118__SEX--F,dcid:undata-geo/G00134000,2019,488.66658
dcs:who/AIR_45.AGE--Y30T34__ENVCAUSE--ENVCAUSE118__SEX--F,dcid:undata-geo/G00134000,2019,640.55618
dcs:who/AIR_45.AGE--Y40T44__ENVCAUSE--ENVCAUSE118__SEX--F,dcid:undata-geo/G00134000,2019,1804.18444
dcs:who/AIR_45.AGE--Y40T44__ENVCAUSE--ENVCAUSE068,dcid:undata-geo/G00134000,2019,3882.46233
dcs:who/AIR_45.ENVCAUSE--ENVCAUSE068,dcid:undata-geo/G00134000,2019,197775.0768
dcs:who/AIR_45.AGE--Y70T74__ENVCAUSE--ENVCAUSE114__SEX--F,dcid:undata-geo/G00134000,2019,41824.1413
dcs:who/AIR_45.AGE--Y60T64__ENVCAUSE--ENVCAUSE113,dcid:undata-geo/G00134000,2019,365592.055
dcs:who/AIR_45.AGE--Y25T29__ENVCAUSE--ENVCAUSE039,dcid:undata-geo/G00134000,2019,16631.66169
dcs:who/AIR_45.AGE--Y25T29__ENVCAUSE--ENVCAUSE113,dcid:undata-geo/G00134000,2019,23226.81875
dcs:who/AIR_45.AGE--Y45T49__ENVCAUSE--ENVCAUSE039,dcid:undata-geo/G00134000,2019,29808.36435
dcs:who/AIR_45.AGE--Y35T39__ENVCAUSE--ENVCAUSE118,dcid:undata-geo/G00134000,2019,2523.15362
dcs:who/AIR_45.AGE--Y50T54__ENVCAUSE--ENVCAUSE113,dcid:undata-geo/G00134000,2019,221006.6005
dcs:who/AIR_45.AGE--Y55T59__ENVCAUSE--ENVCAUSE114,dcid:undata-geo/G00134000,2019,64552.68781
dcs:who/AIR_45.AGE--Y30T34__ENVCAUSE--ENVCAUSE114,dcid:undata-geo/G00134000,2019,12898.12597
dcs:who/AIR_45.AGE--Y50T54__ENVCAUSE--ENVCAUSE039,dcid:undata-geo/G00134000,2019,36341.83888
dcs:who/AIR_45.AGE--Y25T29__ENVCAUSE--ENVCAUSE114,dcid:undata-geo/G00134000,2019,9272.84318
dcs:who/AIR_45.AGE--Y60T64__ENVCAUSE--ENVCAUSE114,dcid:undata-geo/G00134000,2019,77909.59552
dcs:who/AIR_45.ENVCAUSE--ENVCAUSE113,dcid:undata-geo/G00134000,2019,2982333.46
dcs:who/AIR_45.ENVCAUSE--ENVCAUSE114,dcid:undata-geo/G00134000,2019,733020.0537
dcs:who/AIR_45.AGE--Y40T44__ENVCAUSE--ENVCAUSE113,dcid:undata-geo/G00134000,2019,93893.27575
dcs:who/AIR_45,dcid:undata-geo/G00134000,2019,5204203.417
dcs:who/AIR_45.AGE--Y50T54__ENVCAUSE--ENVCAUSE118,dcid:undata-geo/G00134000,2019,16166.32225
dcs:who/AIR_45.AGE--Y40T44__ENVCAUSE--ENVCAUSE118,dcid:undata-geo/G00134000,2019,3878.84049
dcs:who/AIR_45.AGE--Y5T9__ENVCAUSE--ENVCAUSE039,dcid:undata-geo/G00134000,2019,11328.89639
dcs:who/AIR_45.AGE--Y70T74__ENVCAUSE--ENVCAUSE118,dcid:undata-geo/G00134000,2019,73357.25323
dcs:who/AIR_45.AGE--Y70T74__ENVCAUSE--ENVCAUSE114,dcid:undata-geo/G00134000,2019,90620.25778
dcs:who/AIR_45.AGE--Y75T79__ENVCAUSE--ENVCAUSE113,dcid:undata-geo/G00134000,2019,311851.6599
dcs:who/AIR_45.ENVCAUSE--ENVCAUSE118,dcid:undata-geo/G00134000,2019,440972.2814
dcs:who/AIR_45.AGE--Y35T39__ENVCAUSE--ENVCAUSE039,dcid:undata-geo/G00134000,2019,22522.91776
dcs:who/AIR_45.AGE--Y45T49__ENVCAUSE--ENVCAUSE114,dcid:undata-geo/G00134000,2019,37544.94857
dcs:who/AIR_45.AGE--Y30T34__ENVCAUSE--ENVCAUSE039,dcid:undata-geo/G00134000,2019,17262.24786
dcs:who/AIR_45.AGE--Y10T14__ENVCAUSE--ENVCAUSE039,dcid:undata-geo/G00134000,2019,8592.78752
dcs:who/AIR_45.AGE--Y75T79__ENVCAUSE--ENVCAUSE118,dcid:undata-geo/G00134000,2019,67699.01994
dcs:who/AIR_45.AGE--Y55T59__ENVCAUSE--ENVCAUSE113,dcid:undata-geo/G00134000,2019,308478.6625
dcs:who/AIR_45.AGE--Y55T59__ENVCAUSE--ENVCAUSE039,dcid:undata-geo/G00134000,2019,45048.21427
dcs:who/AIR_45.AGE--Y_GE80__ENVCAUSE--ENVCAUSE114,dcid:undata-geo/G00134000,2019,169260.0
dcs:who/AIR_45.AGE--Y40T44__ENVCAUSE--ENVCAUSE039,dcid:undata-geo/G00134000,2019,25294.84333
dcs:who/AIR_45.AGE--Y0T4__ENVCAUSE--ENVCAUSE039,dcid:undata-geo/G00134000,2019,192329.4108
dcs:who/AIR_45.AGE--Y65T69__ENVCAUSE--ENVCAUSE114,dcid:undata-geo/G00134000,2019,86041.06818
dcs:who/AIR_45.AGE--Y35T39__ENVCAUSE--ENVCAUSE113,dcid:undata-geo/G00134000,2019,62449.22187
dcs:who/AIR_45.AGE--Y65T69__ENVCAUSE--ENVCAUSE118,dcid:undata-geo/G00134000,2019,60386.70206
dcs:who/AIR_45.AGE--Y65T69__ENVCAUSE--ENVCAUSE113,dcid:undata-geo/G00134000,2019,380021.5474
dcs:who/AIR_45.AGE--Y50T54__ENVCAUSE--ENVCAUSE114,dcid:undata-geo/G00134000,2019,51588.30602
dcs:who/AIR_45.AGE--Y45T49__ENVCAUSE--ENVCAUSE113,dcid:undata-geo/G00134000,2019,141625.1377
dcs:who/AIR_45.AGE--Y40T44__ENVCAUSE--ENVCAUSE114,dcid:undata-geo/G00134000,2019,27454.67214
dcs:who/AIR_45.AGE--Y15T19__ENVCAUSE--ENVCAUSE039,dcid:undata-geo/G00134000,2019,12096.09669
dcs:who/AIR_45.AGE--Y20T24__ENVCAUSE--ENVCAUSE039,dcid:undata-geo/G00134000,2019,14290.86431
dcs:who/AIR_45.AGE--Y35T39__ENVCAUSE--ENVCAUSE114,dcid:undata-geo/G00134000,2019,19845.90613
dcs:who/AIR_45.AGE--Y_GE80__ENVCAUSE--ENVCAUSE113,dcid:undata-geo/G00134000,2019,668516.5919
dcs:who/AIR_45.AGE--Y60T64__ENVCAUSE--ENVCAUSE118,dcid:undata-geo/G00134000,2019,48620.25129
dcs:who/AIR_45.AGE--Y_GE80__ENVCAUSE--ENVCAUSE118,dcid:undata-geo/G00134000,2019,126174.3503
dcs:who/AIR_45.AGE--Y75T79__ENVCAUSE--ENVCAUSE114,dcid:undata-geo/G00134000,2019,86031.64235
dcs:who/AIR_45.AGE--Y70T74__ENVCAUSE--ENVCAUSE113,dcid:undata-geo/G00134000,2019,367606.9378
dcs:who/AIR_45.AGE--Y30T34__ENVCAUSE--ENVCAUSE118,dcid:undata-geo/G00134000,2019,1573.1816
dcs:who/AIR_45.AGE--Y45T49__ENVCAUSE--ENVCAUSE118,dcid:undata-geo/G00134000,2019,7199.97021
dcs:who/AIR_45.AGE--Y30T34__ENVCAUSE--ENVCAUSE113,dcid:undata-geo/G00134000,2019,38064.95128
dcs:who/AIR_45.AGE--Y55T59__ENVCAUSE--ENVCAUSE118,dcid:undata-geo/G00134000,2019,32170.07233
dcs:who/AIR_45.AGE--Y25T29__ENVCAUSE--ENVCAUSE118,dcid:undata-geo/G00134000,2019,1223.16404
dcs:who/AIR_45.AGE--Y45T49__ENVCAUSE--ENVCAUSE039__SEX--M,dcid:undata-geo/G00136000,2019,1197.80613
dcs:who/AIR_45.AGE--Y70T74__ENVCAUSE--ENVCAUSE039__SEX--M,dcid:undata-geo/G00136000,2019,4690.35844
dcs:who/AIR_45.AGE--Y25T29__ENVCAUSE--ENVCAUSE068__SEX--M,dcid:undata-geo/G00136000,2019,20.39527
dcs:who/AIR_45.ENVCAUSE--ENVCAUSE068__SEX--M,dcid:undata-geo/G00136000,2019,47942.98898
dcs:who/AIR_45.AGE--Y70T74__ENVCAUSE--ENVCAUSE068__SEX--M,dcid:undata-geo/G00136000,2019,8995.51502
dcs:who/AIR_45.AGE--Y50T54__ENVCAUSE--ENVCAUSE039__SEX--M,dcid:undata-geo/G00136000,2019,1896.58782
dcs:who/AIR_45.AGE--Y40T44__ENVCAUSE--ENVCAUSE039__SEX--M,dcid:undata-geo/G00136000,2019,852.56583
dcs:who/AIR_45.AGE--Y60T64__ENVCAUSE--ENVCAUSE068__SEX--M,dcid:undata-geo/G00136000,2019,8293.32389
dcs:who/AIR_45.AGE--Y_GE80__ENVCAUSE--ENVCAUSE039__SEX--M,dcid:undata-geo/G00136000,2019,9307.51173
dcs:who/AIR_45.AGE--Y_GE80__ENVCAUSE--ENVCAUSE068__SEX--M,dcid:undata-geo/G00136000,2019,5441.13573
dcs:who/AIR_45.AGE--Y60T64__ENVCAUSE--ENVCAUSE039__SEX--M,dcid:undata-geo/G00136000,2019,3884.65563
dcs:who/AIR_45.AGE--Y45T49__ENVCAUSE--ENVCAUSE068__SEX--M,dcid:undata-geo/G00136000,2019,981.32398
dcs:who/AIR_45.AGE--Y55T59__ENVCAUSE--ENVCAUSE039__SEX--M,dcid:undata-geo/G00136000,2019,2992.45151
dcs:who/AIR_45.AGE--Y75T79__ENVCAUSE--ENVCAUSE039__SEX--M,dcid:undata-geo/G00136000,2019,4018.66897
dcs:who/AIR_45.AGE--Y30T34__ENVCAUSE--ENVCAUSE068__SEX--M,dcid:undata-geo/G00136000,2019,58.09218
dcs:who/AIR_45.AGE--Y35T39__ENVCAUSE--ENVCAUSE068__SEX--M,dcid:undata-geo/G00136000,2019,153.00967
dcs:who/AIR_45.AGE--Y55T59__ENVCAUSE--ENVCAUSE068__SEX--M,dcid:undata-geo/G00136000,2019,6170.64415
dcs:who/AIR_45.AGE--Y40T44__ENVCAUSE--ENVCAUSE068__SEX--M,dcid:undata-geo/G00136000,2019,420.95431
dcs:who/AIR_45.AGE--Y50T54__ENVCAUSE--ENVCAUSE068__SEX--M,dcid:undata-geo/G00136000,2019,2692.81694
dcs:who/AIR_45.ENVCAUSE--ENVCAUSE039__SEX--M,dcid:undata-geo/G00136000,2019,37759.34897
dcs:who/AIR_45.AGE--Y30T34__ENVCAUSE--ENVCAUSE039__SEX--M,dcid:undata-geo/G00136000,2019,747.14493
dcs:who/AIR_45.AGE--Y65T69__ENVCAUSE--ENVCAUSE068__SEX--M,dcid:undata-geo/G00136000,2019,8870.34369
dcs:who/AIR_45.AGE--Y35T39__ENVCAUSE--ENVCAUSE039__SEX--M,dcid:undata-geo/G00136000,2019,858.62994
dcs:who/AIR_45.AGE--Y65T69__ENVCAUSE--ENVCAUSE039__SEX--M,dcid:undata-geo/G00136000,2019,4249.48661
dcs:who/AIR_45.AGE--Y75T79__ENVCAUSE--ENVCAUSE068__SEX--M,dcid:undata-geo/G00136000,2019,5845.43414
dcs:who/AIR_45.AGE--Y70T74__ENVCAUSE--ENVCAUSE118__SEX--M,dcid:undata-geo/G00136000,2019,17238.14978
dcs:who/AIR_45.AGE--Y_GE80__ENVCAUSE--ENVCAUSE113__SEX--M,dcid:undata-geo/G00136000,2019,139665.8129
dcs:who/AIR_45.AGE--Y45T49__ENVCAUSE--ENVCAUSE068__SEX--F,dcid:undata-geo/G00136000,2019,1031.28803
dcs:who/AIR_45.AGE--Y40T44__ENVCAUSE--ENVCAUSE113__SEX--M,dcid:undata-geo/G00136000,2019,15722.85921
dcs:who/AIR_45.AGE--Y_GE80__ENVCAUSE--ENVCAUSE118__SEX--M,dcid:undata-geo/G00136000,2019,20520.63986
dcs:who/AIR_45.AGE--Y25T29__ENVCAUSE--ENVCAUSE118__SEX--M,dcid:undata-geo/G00136000,2019,51.90772
dcs:who/AIR_45.AGE--Y20T24__ENVCAUSE--ENVCAUSE039__SEX--M,dcid:undata-geo/G00136000,2019,397.27367
dcs:who/AIR_45.AGE--Y60T64__ENVCAUSE--ENVCAUSE118__SEX--M,dcid:undata-geo/G00136000,2019,11527.117
dcs:who/AIR_45.AGE--Y50T54__ENVCAUSE--ENVCAUSE113__SEX--M,dcid:undata-geo/G00136000,2019,52745.08782
dcs:who/AIR_45.AGE--Y30T34__ENVCAUSE--ENVCAUSE113__SEX--M,dcid:undata-geo/G00136000,2019,6608.42503
dcs:who/AIR_45.AGE--Y25T29__ENVCAUSE--ENVCAUSE039__SEX--M,dcid:undata-geo/G00136000,2019,620.55495
dcs:who/AIR_45.AGE--Y55T59__ENVCAUSE--ENVCAUSE113__SEX--M,dcid:undata-geo/G00136000,2019,87362.00622
dcs:who/AIR_45.AGE--Y45T49__ENVCAUSE--ENVCAUSE118__SEX--M,dcid:undata-geo/G00136000,2019,884.26207
dcs:who/AIR_45.AGE--Y5T9__ENVCAUSE--ENVCAUSE039__SEX--M,dcid:undata-geo/G00136000,2019,184.14821
dcs:who/AIR_45.AGE--Y35T39__ENVCAUSE--ENVCAUSE118__SEX--M,dcid:undata-geo/G00136000,2019,199.14208
dcs:who/AIR_45.AGE--Y75T79__ENVCAUSE--ENVCAUSE114__SEX--M,dcid:undata-geo/G00136000,2019,9147.14962
dcs:who/AIR_45.AGE--Y60T64__ENVCAUSE--ENVCAUSE068__SEX--F,dcid:undata-geo/G00136000,2019,6163.06825
dcs:who/AIR_45.ENVCAUSE--ENVCAUSE113__SEX--M,dcid:undata-geo/G00136000,2019,716223.8062
dcs:who/AIR_45.AGE--Y55T59__ENVCAUSE--ENVCAUSE118__SEX--M,dcid:undata-geo/G00136000,2019,7194.12393
dcs:who/AIR_45.AGE--Y30T34__ENVCAUSE--ENVCAUSE118__SEX--M,dcid:undata-geo/G00136000,2019,106.56933
dcs:who/AIR_45.AGE--Y45T49__ENVCAUSE--ENVCAUSE113__SEX--M,dcid:undata-geo/G00136000,2019,27768.37224
dcs:who/AIR_45.AGE--Y60T64__ENVCAUSE--ENVCAUSE114__SEX--M,dcid:undata-geo/G00136000,2019,8781.83569
dcs:who/AIR_45.AGE--Y50T54__ENVCAUSE--ENVCAUSE118__SEX--M,dcid:undata-geo/G00136000,2019,2793.1086
dcs:who/AIR_45.AGE--Y65T69__ENVCAUSE--ENVCAUSE118__SEX--M,dcid:undata-geo/G00136000,2019,13632.01818
dcs:who/AIR_45.AGE--Y30T34__ENVCAUSE--ENVCAUSE114__SEX--M,dcid:undata-geo/G00136000,2019,1137.03061
dcs:who/AIR_45.AGE--Y55T59__ENVCAUSE--ENVCAUSE068__SEX--F,dcid:undata-geo/G00136000,2019,5373.76074
dcs:who/AIR_45.AGE--Y70T74__ENVCAUSE--ENVCAUSE068__SEX--F,dcid:undata-geo/G00136000,2019,7000.72218
dcs:who/AIR_45.AGE--Y75T79__ENVCAUSE--ENVCAUSE113__SEX--M,dcid:undata-geo/G00136000,2019,71232.24991
dcs:who/AIR_45.AGE--Y50T54__ENVCAUSE--ENVCAUSE114__SEX--M,dcid:undata-geo/G00136000,2019,4339.82781
dcs:who/AIR_45.AGE--Y65T69__ENVCAUSE--ENVCAUSE113__SEX--M,dcid:undata-geo/G00136000,2019,99932.48335
dcs:who/AIR_45.ENVCAUSE--ENVCAUSE114__SEX--M,dcid:undata-geo/G00136000,2019,75503.22505
dcs:who/AIR_45.AGE--Y10T14__ENVCAUSE--ENVCAUSE039__SEX--M,dcid:undata-geo/G00136000,2019,122.38524
dcs:who/AIR_45.AGE--Y25T29__ENVCAUSE--ENVCAUSE113__SEX--M,dcid:undata-geo/G00136000,2019,2549.79467
dcs:who/AIR_45.AGE--Y65T69__ENVCAUSE--ENVCAUSE068__SEX--F,dcid:undata-geo/G00136000,2019,6806.70864
dcs:who/AIR_45.SEX--M,dcid:undata-geo/G00136000,2019,965333.0269
dcs:who/AIR_45.AGE--Y55T59__ENVCAUSE--ENVCAUSE114__SEX--M,dcid:undata-geo/G00136000,2019,7023.05743
dcs:who/AIR_45.AGE--Y65T69__ENVCAUSE--ENVCAUSE114__SEX--M,dcid:undata-geo/G00136000,2019,9188.44378
dcs:who/AIR_45.AGE--Y35T39__ENVCAUSE--ENVCAUSE114__SEX--M,dcid:undata-geo/G00136000,2019,1530.48681
dcs:who/AIR_45.AGE--Y70T74__ENVCAUSE--ENVCAUSE114__SEX--M,dcid:undata-geo/G00136000,2019,10735.9243
dcs:who/AIR_45.AGE--Y_GE80__ENVCAUSE--ENVCAUSE114__SEX--M,dcid:undata-geo/G00136000,2019,18589.90502
dcs:who/AIR_45.AGE--Y50T54__ENVCAUSE--ENVCAUSE068__SEX--F,dcid:undata-geo/G00136000,2019,2604.01314
dcs:who/AIR_45.AGE--Y45T49__ENVCAUSE--ENVCAUSE114__SEX--M,dcid:undata-geo/G00136000,2019,2613.21215
dcs:who/AIR_45.ENVCAUSE--ENVCAUSE068__SEX--F,dcid:undata-geo/G00136000,2019,39994.40626
dcs:who/AIR_45.AGE--Y75T79__ENVCAUSE--ENVCAUSE068__SEX--F,dcid:undata-geo/G00136000,2019,5143.91469
dcs:who/AIR_45.AGE--Y70T74__ENVCAUSE--ENVCAUSE113__SEX--M,dcid:undata-geo/G00136000,2019,98539.27322
dcs:who/AIR_45.AGE--Y60T64__ENVCAUSE--ENVCAUSE113__SEX--M,dcid:undata-geo/G00136000,2019,103067.7048
dcs:who/AIR_45.AGE--Y75T79__ENVCAUSE--ENVCAUSE118__SEX--M,dcid:undata-geo/G00136000,2019,13421.42586
dcs:who/AIR_45.AGE--Y25T29__ENVCAUSE--ENVCAUSE114__SEX--M,dcid:undata-geo/G00136000,2019,608.78956
dcs:who/AIR_45.AGE--Y15T19__ENVCAUSE--ENVCAUSE039__SEX--M,dcid:undata-geo/G00136000,2019,157.50127
dcs:who/AIR_45.AGE--Y0T4__ENVCAUSE--ENVCAUSE039__SEX--M,dcid:undata-geo/G00136000,2019,1581.6181
dcs:who/AIR_45.AGE--Y_GE80__ENVCAUSE--ENVCAUSE068__SEX--F,dcid:undata-geo/G00136000,2019,5246.25114
dcs:who/AIR_45.AGE--Y40T44__ENVCAUSE--ENVCAUSE114__SEX--M,dcid:undata-geo/G00136000,2019,1807.56228
dcs:who/AIR_45.AGE--Y40T44__ENVCAUSE--ENVCAUSE118__SEX--M,dcid:undata-geo/G00136000,2019,335.19325
dcs:who/AIR_45.AGE--Y35T39__ENVCAUSE--ENVCAUSE113__SEX--M,dcid:undata-geo/G00136000,2019,11029.73685
dcs:who/AIR_45.ENVCAUSE--ENVCAUSE118__SEX--M,dcid:undata-geo/G00136000,2019,87903.65766
dcs:who/AIR_45.AGE--Y50T54__ENVCAUSE--ENVCAUSE114__SEX--F,dcid:undata-geo/G00136000,2019,3567.40944
dcs:who/AIR_45.AGE--Y65T69__ENVCAUSE--ENVCAUSE113__SEX--F,dcid:undata-geo/G00136000,2019,46162.11841
dcs:who/AIR_45.AGE--Y_GE80__ENVCAUSE--ENVCAUSE113__SEX--F,dcid:undata-geo/G00136000,2019,161096.6158
dcs:who/AIR_45.AGE--Y30T34__ENVCAUSE--ENVCAUSE039__SEX--F,dcid:undata-geo/G00136000,2019,653.59071
dcs:who/AIR_45.AGE--Y60T64__ENVCAUSE--ENVCAUSE118__SEX--F,dcid:undata-geo/G00136000,2019,10427.56167
dcs:who/AIR_45.AGE--Y30T34__ENVCAUSE--ENVCAUSE068__SEX--F,dcid:undata-geo/G00136000,2019,61.53605
dcs:who/AIR_45.ENVCAUSE--ENVCAUSE113__SEX--F,dcid:undata-geo/G00136000,2019,424704.9568
dcs:who/AIR_45.AGE--Y65T69__ENVCAUSE--ENVCAUSE114__SEX--F,dcid:undata-geo/G00136000,2019,7606.07894
dcs:who/AIR_45.AGE--Y30T34__ENVCAUSE--ENVCAUSE118__SEX--F,dcid:undata-geo/G00136000,2019,105.59906
dcs:who/AIR_45.AGE--Y10T14__ENVCAUSE--ENVCAUSE039__SEX--F,dcid:undata-geo/G00136000,2019,143.15437
dcs:who/AIR_45.AGE--Y35T39__ENVCAUSE--ENVCAUSE039__SEX--F,dcid:undata-geo/G00136000,2019,580.06147
dcs:who/AIR_45.AGE--Y25T29__ENVCAUSE--ENVCAUSE118__SEX--F,dcid:undata-geo/G00136000,2019,37.60687
dcs:who/AIR_45.AGE--Y20T24__ENVCAUSE--ENVCAUSE039__SEX--F,dcid:undata-geo/G00136000,2019,306.6341
dcs:who/AIR_45.AGE--Y40T44__ENVCAUSE--ENVCAUSE039__SEX--F,dcid:undata-geo/G00136000,2019,759.94289
dcs:who/AIR_45.AGE--Y70T74__ENVCAUSE--ENVCAUSE113__SEX--F,dcid:undata-geo/G00136000,2019,50707.80625
dcs:who/AIR_45.AGE--Y65T69__ENVCAUSE--ENVCAUSE039__SEX--F,dcid:undata-geo/G00136000,2019,3431.72224
dcs:who/AIR_45.AGE--Y25T29__ENVCAUSE--ENVCAUSE039__SEX--F,dcid:undata-geo/G00136000,2019,428.30599
dcs:who/AIR_45.ENVCAUSE--ENVCAUSE039__SEX--F,dcid:undata-geo/G00136000,2019,36077.22697
dcs:who/AIR_45.AGE--Y75T79__ENVCAUSE--ENVCAUSE113__SEX--F,dcid:undata-geo/G00136000,2019,47631.68334
dcs:who/AIR_45.AGE--Y65T69__ENVCAUSE--ENVCAUSE118__SEX--F,dcid:undata-geo/G00136000,2019,12317.42958
dcs:who/AIR_45.AGE--Y75T79__ENVCAUSE--ENVCAUSE114__SEX--F,dcid:undata-geo/G00136000,2019,10015.24609
dcs:who/AIR_45.AGE--Y35T39__ENVCAUSE--ENVCAUSE114__SEX--F,dcid:undata-geo/G00136000,2019,1203.86558
dcs:who/AIR_45.AGE--Y25T29__ENVCAUSE--ENVCAUSE068__SEX--F,dcid:undata-geo/G00136000,2019,16.29624
dcs:who/AIR_45.AGE--Y15T19__ENVCAUSE--ENVCAUSE039__SEX--F,dcid:undata-geo/G00136000,2019,121.08293
dcs:who/AIR_45.AGE--Y55T59__ENVCAUSE--ENVCAUSE118__SEX--F,dcid:undata-geo/G00136000,2019,7874.27349
dcs:who/AIR_45.AGE--Y60T64__ENVCAUSE--ENVCAUSE114__SEX--F,dcid:undata-geo/G00136000,2019,6326.2615
dcs:who/AIR_45.AGE--Y75T79__ENVCAUSE--ENVCAUSE118__SEX--F,dcid:undata-geo/G00136000,2019,14157.36738
dcs:who/AIR_45.AGE--Y45T49__ENVCAUSE--ENVCAUSE118__SEX--F,dcid:undata-geo/G00136000,2019,1052.71013
dcs:who/AIR_45.AGE--Y50T54__ENVCAUSE--ENVCAUSE039__SEX--F,dcid:undata-geo/G00136000,2019,1664.68162
dcs:who/AIR_45.AGE--Y70T74__ENVCAUSE--ENVCAUSE114__SEX--F,dcid:undata-geo/G00136000,2019,9373.36634
dcs:who/AIR_45.AGE--Y60T64__ENVCAUSE--ENVCAUSE113__SEX--F,dcid:undata-geo/G00136000,2019,41174.31542
dcs:who/AIR_45.AGE--Y_GE80__ENVCAUSE--ENVCAUSE114__SEX--F,dcid:undata-geo/G00136000,2019,33493.68807
dcs:who/AIR_45.AGE--Y_GE80__ENVCAUSE--ENVCAUSE118__SEX--F,dcid:undata-geo/G00136000,2019,24989.07858
dcs:who/AIR_45.AGE--Y45T49__ENVCAUSE--ENVCAUSE039__SEX--F,dcid:undata-geo/G00136000,2019,1136.84926
dcs:who/AIR_45.AGE--Y70T74__ENVCAUSE--ENVCAUSE039__SEX--F,dcid:undata-geo/G00136000,2019,3919.00327
dcs:who/AIR_45.AGE--Y_GE80__ENVCAUSE--ENVCAUSE039__SEX--F,dcid:undata-geo/G00136000,2019,12233.5344
dcs:who/AIR_45.AGE--Y55T59__ENVCAUSE--ENVCAUSE114__SEX--F,dcid:undata-geo/G00136000,2019,5414.48369
dcs:who/AIR_45.AGE--Y55T59__ENVCAUSE--ENVCAUSE113__SEX--F,dcid:undata-geo/G00136000,2019,33613.71847
dcs:who/AIR_45.AGE--Y70T74__ENVCAUSE--ENVCAUSE118__SEX--F,dcid:undata-geo/G00136000,2019,15911.2523
dcs:who/AIR_45.AGE--Y40T44__ENVCAUSE--ENVCAUSE118__SEX--F,dcid:undata-geo/G00136000,2019,424.71577
dcs:who/AIR_45.AGE--Y25T29__ENVCAUSE--ENVCAUSE114__SEX--F,dcid:undata-geo/G00136000,2019,499.03844
dcs:who/AIR_45.AGE--Y75T79__ENVCAUSE--ENVCAUSE039__SEX--F,dcid:undata-geo/G00136000,2019,3709.33666
dcs:who/AIR_45.ENVCAUSE--ENVCAUSE114__SEX--F,dcid:undata-geo/G00136000,2019,82012.49323
dcs:who/AIR_45.AGE--Y60T64__ENVCAUSE--ENVCAUSE039__SEX--F,dcid:undata-geo/G00136000,2019,3129.1929
dcs:who/AIR_45.AGE--Y55T59__ENVCAUSE--ENVCAUSE039__SEX--F,dcid:undata-geo/G00136000,2019,2497.14295
dcs:who/AIR_45.AGE--Y35T39__ENVCAUSE--ENVCAUSE118__SEX--F,dcid:undata-geo/G00136000,2019,153.31463
dcs:who/AIR_45.AGE--Y30T34__ENVCAUSE--ENVCAUSE114__SEX--F,dcid:undata-geo/G00136000,2019,800.85743
dcs:who/AIR_45.AGE--Y5T9__ENVCAUSE--ENVCAUSE039__SEX--F,dcid:undata-geo/G00136000,2019,161.60937
dcs:who/AIR_45.AGE--Y40T44__ENVCAUSE--ENVCAUSE114__SEX--F,dcid:undata-geo/G00136000,2019,1486.30025
dcs:who/AIR_45.AGE--Y40T44__ENVCAUSE--ENVCAUSE068__SEX--F,dcid:undata-geo/G00136000,2019,396.91521
dcs:who/AIR_45.AGE--Y50T54__ENVCAUSE--ENVCAUSE118__SEX--F,dcid:undata-geo/G00136000,2019,3503.2799
dcs:who/AIR_45.AGE--Y45T49__ENVCAUSE--ENVCAUSE114__SEX--F,dcid:undata-geo/G00136000,2019,2225.89746
dcs:who/AIR_45.ENVCAUSE--ENVCAUSE118__SEX--F,dcid:undata-geo/G00136000,2019,90954.18936
dcs:who/AIR_45.AGE--Y0T4__ENVCAUSE--ENVCAUSE039__SEX--F,dcid:undata-geo/G00136000,2019,1201.38183
dcs:who/AIR_45.AGE--Y35T39__ENVCAUSE--ENVCAUSE068__SEX--F,dcid:undata-geo/G00136000,2019,149.93196
dcs:who/AIR_45.AGE--Y55T59__ENVCAUSE--ENVCAUSE039,dcid:undata-geo/G00136000,2019,5489.59446
dcs:who/AIR_45.AGE--Y70T74__ENVCAUSE--ENVCAUSE068,dcid:undata-geo/G00136000,2019,15996.2372
dcs:who/AIR_45.AGE--Y30T34__ENVCAUSE--ENVCAUSE118,dcid:undata-geo/G00136000,2019,212.16838
dcs:who/AIR_45.AGE--Y30T34__ENVCAUSE--ENVCAUSE113__SEX--F,dcid:undata-geo/G00136000,2019,2281.29511
dcs:who/AIR_45.AGE--Y40T44__ENVCAUSE--ENVCAUSE118,dcid:undata-geo/G00136000,2019,759.90902
dcs:who/AIR_45.AGE--Y0T4__ENVCAUSE--ENVCAUSE039,dcid:undata-geo/G00136000,2019,2782.99993
dcs:who/AIR_45.ENVCAUSE--ENVCAUSE039,dcid:undata-geo/G00136000,2019,73836.57594
dcs:who/AIR_45.AGE--Y60T64__ENVCAUSE--ENVCAUSE068,dcid:undata-geo/G00136000,2019,14456.39214
dcs:who/AIR_45.AGE--Y55T59__ENVCAUSE--ENVCAUSE068,dcid:undata-geo/G00136000,2019,11544.40489
dcs:who/AIR_45.AGE--Y_GE80__ENVCAUSE--ENVCAUSE114,dcid:undata-geo/G00136000,2019,52083.59308
dcs:who/AIR_45.ENVCAUSE--ENVCAUSE068,dcid:undata-geo/G00136000,2019,87937.39524
dcs:who/AIR_45.AGE--Y40T44__ENVCAUSE--ENVCAUSE039,dcid:undata-geo/G00136000,2019,1612.50872
dcs:who/AIR_45.AGE--Y75T79__ENVCAUSE--ENVCAUSE114,dcid:undata-geo/G00136000,2019,19162.39571
dcs:who/AIR_45.AGE--Y45T49__ENVCAUSE--ENVCAUSE118,dcid:undata-geo/G00136000,2019,1936.9722
dcs:who/AIR_45.AGE--Y50T54__ENVCAUSE--ENVCAUSE068,dcid:undata-geo/G00136000,2019,5296.83008
dcs:who/AIR_45.AGE--Y35T39__ENVCAUSE--ENVCAUSE113__SEX--F,dcid:undata-geo/G00136000,2019,4106.45538
dcs:who/AIR_45.AGE--Y_GE80__ENVCAUSE--ENVCAUSE118,dcid:undata-geo/G00136000,2019,45509.71844
dcs:who/AIR_45.AGE--Y65T69__ENVCAUSE--ENVCAUSE118,dcid:undata-geo/G00136000,2019,25949.44777
dcs:who/AIR_45.AGE--Y10T14__ENVCAUSE--ENVCAUSE039,dcid:undata-geo/G00136000,2019,265.53962
dcs:who/AIR_45.AGE--Y60T64__ENVCAUSE--ENVCAUSE039,dcid:undata-geo/G00136000,2019,7013.84853
dcs:who/AIR_45.AGE--Y25T29__ENVCAUSE--ENVCAUSE118,dcid:undata-geo/G00136000,2019,89.51459
dcs:who/AIR_45.AGE--Y_GE80__ENVCAUSE--ENVCAUSE068,dcid:undata-geo/G00136000,2019,10687.38688
dcs:who/AIR_45.AGE--Y50T54__ENVCAUSE--ENVCAUSE113__SEX--F,dcid:undata-geo/G00136000,2019,20226.45408
dcs:who/AIR_45.AGE--Y35T39__ENVCAUSE--ENVCAUSE068,dcid:undata-geo/G00136000,2019,302.94163
dcs:who/AIR_45.AGE--Y65T69__ENVCAUSE--ENVCAUSE039,dcid:undata-geo/G00136000,2019,7681.20885
dcs:who/AIR_45.AGE--Y55T59__ENVCAUSE--ENVCAUSE118,dcid:undata-geo/G00136000,2019,15068.39742
dcs:who/AIR_45.AGE--Y50T54__ENVCAUSE--ENVCAUSE039,dcid:undata-geo/G00136000,2019,3561.26944
dcs:who/AIR_45.AGE--Y25T29__ENVCAUSE--ENVCAUSE068,dcid:undata-geo/G00136000,2019,36.69151
dcs:who/AIR_45.AGE--Y25T29__ENVCAUSE--ENVCAUSE113__SEX--F,dcid:undata-geo/G00136000,2019,1041.25405
dcs:who/AIR_45.AGE--Y75T79__ENVCAUSE--ENVCAUSE118,dcid:undata-geo/G00136000,2019,27578.79324
dcs:who/AIR_45.AGE--Y30T34__ENVCAUSE--ENVCAUSE068,dcid:undata-geo/G00136000,2019,119.62824
dcs:who/AIR_45.AGE--Y60T64__ENVCAUSE--ENVCAUSE118,dcid:undata-geo/G00136000,2019,21954.67867
dcs:who/AIR_45.AGE--Y35T39__ENVCAUSE--ENVCAUSE039,dcid:undata-geo/G00136000,2019,1438.6914
dcs:who/AIR_45.AGE--Y50T54__ENVCAUSE--ENVCAUSE118,dcid:undata-geo/G00136000,2019,6296.3885
dcs:who/AIR_45.AGE--Y75T79__ENVCAUSE--ENVCAUSE039,dcid:undata-geo/G00136000,2019,7728.00563
dcs:who/AIR_45.ENVCAUSE--ENVCAUSE118,dcid:undata-geo/G00136000,2019,178857.847
dcs:who/AIR_45.AGE--Y15T19__ENVCAUSE--ENVCAUSE039,dcid:undata-geo/G00136000,2019,278.5842
dcs:who/AIR_45.AGE--Y45T49__ENVCAUSE--ENVCAUSE039,dcid:undata-geo/G00136000,2019,2334.6554
dcs:who/AIR_45.AGE--Y65T69__ENVCAUSE--ENVCAUSE068,dcid:undata-geo/G00136000,2019,15677.05233
dcs:who/AIR_45.AGE--Y_GE80__ENVCAUSE--ENVCAUSE039,dcid:undata-geo/G00136000,2019,21541.04613
dcs:who/AIR_45.AGE--Y75T79__ENVCAUSE--ENVCAUSE068,dcid:undata-geo/G00136000,2019,10989.34882
dcs:who/AIR_45.ENVCAUSE--ENVCAUSE114,dcid:undata-geo/G00136000,2019,157515.7183
dcs:who/AIR_45.AGE--Y40T44__ENVCAUSE--ENVCAUSE113__SEX--F,dcid:undata-geo/G00136000,2019,6193.52316
dcs:who/AIR_45.AGE--Y5T9__ENVCAUSE--ENVCAUSE039,dcid:undata-geo/G00136000,2019,345.75758
dcs:who/AIR_45.SEX--F,dcid:undata-geo/G00136000,2019,673743.2726
dcs:who/AIR_45.AGE--Y45T49__ENVCAUSE--ENVCAUSE068,dcid:undata-geo/G00136000,2019,2012.61201
dcs:who/AIR_45.AGE--Y20T24__ENVCAUSE--ENVCAUSE039,dcid:undata-geo/G00136000,2019,703.90777
dcs:who/AIR_45.AGE--Y35T39__ENVCAUSE--ENVCAUSE118,dcid:undata-geo/G00136000,2019,352.45671
dcs:who/AIR_45.AGE--Y70T74__ENVCAUSE--ENVCAUSE039,dcid:undata-geo/G00136000,2019,8609.36171
dcs:who/AIR_45.AGE--Y25T29__ENVCAUSE--ENVCAUSE039,dcid:undata-geo/G00136000,2019,1048.86094
dcs:who/AIR_45.AGE--Y30T34__ENVCAUSE--ENVCAUSE039,dcid:undata-geo/G00136000,2019,1400.73564
dcs:who/AIR_45.AGE--Y70T74__ENVCAUSE--ENVCAUSE118,dcid:undata-geo/G00136000,2019,33149.40208
dcs:who/AIR_45.AGE--Y45T49__ENVCAUSE--ENVCAUSE113__SEX--F,dcid:undata-geo/G00136000,2019,10469.71734
dcs:who/AIR_45.AGE--Y40T44__ENVCAUSE--ENVCAUSE068,dcid:undata-geo/G00136000,2019,817.86952
dcs:who/AIR_45.AGE--Y30T34__ENVCAUSE--ENVCAUSE114,dcid:undata-geo/G00136000,2019,1937.88804
dcs:who/AIR_45.AGE--Y50T54__ENVCAUSE--ENVCAUSE114,dcid:undata-geo/G00136000,2019,7907.23725
dcs:who/AIR_45.AGE--Y30T34__ENVCAUSE--ENVCAUSE113,dcid:undata-geo/G00136000,2019,8889.72014
dcs:who/AIR_45.AGE--Y55T59__ENVCAUSE--ENVCAUSE113,dcid:undata-geo/G00136000,2019,120975.7247
dcs:who/AIR_45.AGE--Y25T29__ENVCAUSE--ENVCAUSE114,dcid:undata-geo/G00136000,2019,1107.828
dcs:who/AIR_45,dcid:undata-geo/G00136000,2019,1639076.299
dcs:who/AIR_45.AGE--Y60T64__ENVCAUSE--ENVCAUSE113,dcid:undata-geo/G00136000,2019,144242.0202
dcs:who/AIR_45.AGE--Y70T74__ENVCAUSE--ENVCAUSE113,dcid:undata-geo/G00136000,2019,149247.0795
dcs:who/AIR_45.AGE--Y35T39__ENVCAUSE--ENVCAUSE114,dcid:undata-geo/G00136000,2019,2734.35239
dcs:who/AIR_45.AGE--Y40T44__ENVCAUSE--ENVCAUSE113,dcid:undata-geo/G00136000,2019,21916.38237
dcs:who/AIR_45.AGE--Y50T54__ENVCAUSE--ENVCAUSE113,dcid:undata-geo/G00136000,2019,72971.54189
dcs:who/AIR_45.AGE--Y55T59__ENVCAUSE--ENVCAUSE114,dcid:undata-geo/G00136000,2019,12437.54112
dcs:who/AIR_45.AGE--Y_GE80__ENVCAUSE--ENVCAUSE113,dcid:undata-geo/G00136000,2019,300762.4287
dcs:who/AIR_45.AGE--Y70T74__ENVCAUSE--ENVCAUSE114,dcid:undata-geo/G00136000,2019,20109.29064
dcs:who/AIR_45.AGE--Y25T29__ENVCAUSE--ENVCAUSE113,dcid:undata-geo/G00136000,2019,3591.04872
dcs:who/AIR_45.AGE--Y60T64__ENVCAUSE--ENVCAUSE114,dcid:undata-geo/G00136000,2019,15108.09719
dcs:who/AIR_45.ENVCAUSE--ENVCAUSE113,dcid:undata-geo/G00136000,2019,1140928.763
dcs:who/AIR_45.AGE--Y40T44__ENVCAUSE--ENVCAUSE114,dcid:undata-geo/G00136000,2019,3293.86253
dcs:who/AIR_45.AGE--Y35T39__ENVCAUSE--ENVCAUSE113,dcid:undata-geo/G00136000,2019,15136.19223
dcs:who/AIR_45.AGE--Y65T69__ENVCAUSE--ENVCAUSE113,dcid:undata-geo/G00136000,2019,146094.6018
dcs:who/AIR_45.AGE--Y65T69__ENVCAUSE--ENVCAUSE114,dcid:undata-geo/G00136000,2019,16794.52272
dcs:who/AIR_45.AGE--Y45T49__ENVCAUSE--ENVCAUSE113,dcid:undata-geo/G00136000,2019,38238.08957
dcs:who/AIR_45.AGE--Y45T49__ENVCAUSE--ENVCAUSE114,dcid:undata-geo/G00136000,2019,4839.10961
dcs:who/AIR_45.AGE--Y75T79__ENVCAUSE--ENVCAUSE113,dcid:undata-geo/G00136000,2019,118863.9333
dcs:who/AIR_45.AGE--Y45T49__ENVCAUSE--ENVCAUSE039__SEX--M,dcid:undata-geo/G00145000,2019,221.7005
dcs:who/AIR_45.AGE--Y65T69__ENVCAUSE--ENVCAUSE068__SEX--M,dcid:undata-geo/G00145000,2019,77.41279
dcs:who/AIR_45.ENVCAUSE--ENVCAUSE068__SEX--M,dcid:undata-geo/G00145000,2019,468.18617
dcs:who/AIR_45.AGE--Y30T34__ENVCAUSE--ENVCAUSE118__SEX--M,dcid:undata-geo/G00145000,2019,88.02758
dcs:who/AIR_45.AGE--Y40T44__ENVCAUSE--ENVCAUSE068__SEX--M,dcid:undata-geo/G00145000,2019,9.93162
dcs:who/AIR_45.AGE--Y20T24__ENVCAUSE--ENVCAUSE039__SEX--M,dcid:undata-geo/G00145000,2019,151.9434
dcs:who/AIR_45.AGE--Y50T54__ENVCAUSE--ENVCAUSE039__SEX--M,dcid:undata-geo/G00145000,2019,206.74769
dcs:who/AIR_45.AGE--Y60T64__ENVCAUSE--ENVCAUSE039__SEX--M,dcid:undata-geo/G00145000,2019,260.08609
dcs:who/AIR_45.AGE--Y75T79__ENVCAUSE--ENVCAUSE068__SEX--M,dcid:undata-geo/G00145000,2019,19.86925
dcs:who/AIR_45.AGE--Y15T19__ENVCAUSE--ENVCAUSE039__SEX--M,dcid:undata-geo/G00145000,2019,145.96533
dcs:who/AIR_45.AGE--Y5T9__ENVCAUSE--ENVCAUSE039__SEX--M,dcid:undata-geo/G00145000,2019,251.59456
dcs:who/AIR_45.AGE--Y75T79__ENVCAUSE--ENVCAUSE039__SEX--M,dcid:undata-geo/G00145000,2019,111.39741
dcs:who/AIR_45.AGE--Y_GE80__ENVCAUSE--ENVCAUSE039__SEX--M,dcid:undata-geo/G00145000,2019,116.93694
dcs:who/AIR_45.AGE--Y30T34__ENVCAUSE--ENVCAUSE068__SEX--M,dcid:undata-geo/G00145000,2019,4.09848
dcs:who/AIR_45.ENVCAUSE--ENVCAUSE039__SEX--M,dcid:undata-geo/G00145000,2019,8283.00495
dcs:who/AIR_45.AGE--Y25T29__ENVCAUSE--ENVCAUSE039__SEX--M,dcid:undata-geo/G00145000,2019,187.49196
dcs:who/AIR_45.ENVCAUSE--ENVCAUSE118__SEX--M,dcid:undata-geo/G00145000,2019,3789.78729
dcs:who/AIR_45.AGE--Y25T29__ENVCAUSE--ENVCAUSE068__SEX--M,dcid:undata-geo/G00145000,2019,2.07868
dcs:who/AIR_45.AGE--Y65T69__ENVCAUSE--ENVCAUSE039__SEX--M,dcid:undata-geo/G00145000,2019,229.06954
dcs:who/AIR_45.AGE--Y30T34__ENVCAUSE--ENVCAUSE039__SEX--M,dcid:undata-geo/G00145000,2019,211.64195
dcs:who/AIR_45.AGE--Y_GE80__ENVCAUSE--ENVCAUSE068__SEX--M,dcid:undata-geo/G00145000,2019,8.55343
dcs:who/AIR_45.AGE--Y70T74__ENVCAUSE--ENVCAUSE068__SEX--M,dcid:undata-geo/G00145000,2019,45.04218
dcs:who/AIR_45.AGE--Y45T49__ENVCAUSE--ENVCAUSE068__SEX--M,dcid:undata-geo/G00145000,2019,26.11981
dcs:who/AIR_45.AGE--Y40T44__ENVCAUSE--ENVCAUSE118__SEX--M,dcid:undata-geo/G00145000,2019,143.6624
dcs:who/AIR_45.AGE--Y55T59__ENVCAUSE--ENVCAUSE068__SEX--M,dcid:undata-geo/G00145000,2019,94.89775
dcs:who/AIR_45.AGE--Y25T29__ENVCAUSE--ENVCAUSE118__SEX--M,dcid:undata-geo/G00145000,2019,59.6433
dcs:who/AIR_45.AGE--Y60T64__ENVCAUSE--ENVCAUSE068__SEX--M,dcid:undata-geo/G00145000,2019,114.53931
dcs:who/AIR_45.AGE--Y65T69__ENVCAUSE--ENVCAUSE118__SEX--M,dcid:undata-geo/G00145000,2019,620.54188
dcs:who/AIR_45.AGE--Y50T54__ENVCAUSE--ENVCAUSE068__SEX--M,dcid:undata-geo/G00145000,2019,57.31858
dcs:who/AIR_45.AGE--Y50T54__ENVCAUSE--ENVCAUSE118__SEX--M,dcid:undata-geo/G00145000,2019,356.74647
dcs:who/AIR_45.AGE--Y35T39__ENVCAUSE--ENVCAUSE039__SEX--M,dcid:undata-geo/G00145000,2019,244.02523
dcs:who/AIR_45.AGE--Y45T49__ENVCAUSE--ENVCAUSE118__SEX--M,dcid:undata-geo/G00145000,2019,242.73437
dcs:who/AIR_45.AGE--Y0T4__ENVCAUSE--ENVCAUSE039__SEX--M,dcid:undata-geo/G00145000,2019,5128.56715
dcs:who/AIR_45.AGE--Y55T59__ENVCAUSE--ENVCAUSE118__SEX--M,dcid:undata-geo/G00145000,2019,450.37651
dcs:who/AIR_45.AGE--Y40T44__ENVCAUSE--ENVCAUSE039__SEX--M,dcid:undata-geo/G00145000,2019,248.83416
dcs:who/AIR_45.AGE--Y_GE80__ENVCAUSE--ENVCAUSE118__SEX--M,dcid:undata-geo/G00145000,2019,277.07707
dcs:who/AIR_45.ENVCAUSE--ENVCAUSE114__SEX--M,dcid:undata-geo/G00145000,2019,7267.63297
dcs:who/AIR_45.AGE--Y70T74__ENVCAUSE--ENVCAUSE039__SEX--M,dcid:undata-geo/G00145000,2019,163.63752
dcs:who/AIR_45.AGE--Y35T39__ENVCAUSE--ENVCAUSE068__SEX--M,dcid:undata-geo/G00145000,2019,8.32428
dcs:who/AIR_45.AGE--Y55T59__ENVCAUSE--ENVCAUSE039__SEX--M,dcid:undata-geo/G00145000,2019,223.32742
dcs:who/AIR_45.AGE--Y10T14__ENVCAUSE--ENVCAUSE039__SEX--M,dcid:undata-geo/G00145000,2019,180.0381
dcs:who/AIR_45.AGE--Y70T74__ENVCAUSE--ENVCAUSE118__SEX--M,dcid:undata-geo/G00145000,2019,507.37653
dcs:who/AIR_45.AGE--Y60T64__ENVCAUSE--ENVCAUSE118__SEX--M,dcid:undata-geo/G00145000,2019,582.37254
dcs:who/AIR_45.AGE--Y35T39__ENVCAUSE--ENVCAUSE118__SEX--M,dcid:undata-geo/G00145000,2019,106.3635
dcs:who/AIR_45.AGE--Y75T79__ENVCAUSE--ENVCAUSE118__SEX--M,dcid:undata-geo/G00145000,2019,354.86517
dcs:who/AIR_45.AGE--Y_GE80__ENVCAUSE--ENVCAUSE114__SEX--M,dcid:undata-geo/G00145000,2019,267.20766
dcs:who/AIR_45.AGE--Y50T54__ENVCAUSE--ENVCAUSE068__SEX--F,dcid:undata-geo/G00145000,2019,27.64844
dcs:who/AIR_45.ENVCAUSE--ENVCAUSE068__SEX--F,dcid:undata-geo/G00145000,2019,241.87506
dcs:who/AIR_45.AGE--Y35T39__ENVCAUSE--ENVCAUSE068__SEX--F,dcid:undata-geo/G00145000,2019,0.25299
dcs:who/AIR_45.AGE--Y40T44__ENVCAUSE--ENVCAUSE039__SEX--F,dcid:undata-geo/G00145000,2019,128.62561
dcs:who/AIR_45.AGE--Y60T64__ENVCAUSE--ENVCAUSE113__SEX--M,dcid:undata-geo/G00145000,2019,3303.02612
dcs:who/AIR_45.AGE--Y70T74__ENVCAUSE--ENVCAUSE114__SEX--M,dcid:undata-geo/G00145000,2019,595.27089
dcs:who/AIR_45.AGE--Y50T54__ENVCAUSE--ENVCAUSE113__SEX--M,dcid:undata-geo/G00145000,2019,3937.22272
dcs:who/AIR_45.AGE--Y45T49__ENVCAUSE--ENVCAUSE039__SEX--F,dcid:undata-geo/G00145000,2019,140.74156
dcs:who/AIR_45.AGE--Y55T59__ENVCAUSE--ENVCAUSE114__SEX--M,dcid:undata-geo/G00145000,2019,917.78904
dcs:who/AIR_45.AGE--Y70T74__ENVCAUSE--ENVCAUSE068__SEX--F,dcid:undata-geo/G00145000,2019,27.57381
dcs:who/AIR_45.AGE--Y75T79__ENVCAUSE--ENVCAUSE113__SEX--M,dcid:undata-geo/G00145000,2019,896.62766
dcs:who/AIR_45.AGE--Y_GE80__ENVCAUSE--ENVCAUSE068__SEX--F,dcid:undata-geo/G00145000,2019,7.62731
dcs:who/AIR_45.SEX--M,dcid:undata-geo/G00145000,2019,45766.77494
dcs:who/AIR_45.AGE--Y65T69__ENVCAUSE--ENVCAUSE114__SEX--M,dcid:undata-geo/G00145000,2019,763.38956
dcs:who/AIR_45.ENVCAUSE--ENVCAUSE039__SEX--F,dcid:undata-geo/G00145000,2019,5407.883
dcs:who/AIR_45.AGE--Y25T29__ENVCAUSE--ENVCAUSE113__SEX--M,dcid:undata-geo/G00145000,2019,391.36678
dcs:who/AIR_45.AGE--Y50T54__ENVCAUSE--ENVCAUSE114__SEX--M,dcid:undata-geo/G00145000,2019,912.90141
dcs:who/AIR_45.AGE--Y70T74__ENVCAUSE--ENVCAUSE039__SEX--F,dcid:undata-geo/G00145000,2019,153.93336
dcs:who/AIR_45.AGE--Y30T34__ENVCAUSE--ENVCAUSE039__SEX--F,dcid:undata-geo/G00145000,2019,120.61858
dcs:who/AIR_45.AGE--Y35T39__ENVCAUSE--ENVCAUSE113__SEX--M,dcid:undata-geo/G00145000,2019,1821.13248
dcs:who/AIR_45.AGE--Y35T39__ENVCAUSE--ENVCAUSE039__SEX--F,dcid:undata-geo/G00145000,2019,215.13151
dcs:who/AIR_45.AGE--Y60T64__ENVCAUSE--ENVCAUSE114__SEX--M,dcid:undata-geo/G00145000,2019,903.36299
dcs:who/AIR_45.AGE--Y_GE80__ENVCAUSE--ENVCAUSE039__SEX--F,dcid:undata-geo/G00145000,2019,145.43016
dcs:who/AIR_45.AGE--Y65T69__ENVCAUSE--ENVCAUSE113__SEX--M,dcid:undata-geo/G00145000,2019,2324.46658
dcs:who/AIR_45.AGE--Y60T64__ENVCAUSE--ENVCAUSE039__SEX--F,dcid:undata-geo/G00145000,2019,186.80732
dcs:who/AIR_45.AGE--Y30T34__ENVCAUSE--ENVCAUSE114__SEX--M,dcid:undata-geo/G00145000,2019,271.014
dcs:who/AIR_45.AGE--Y45T49__ENVCAUSE--ENVCAUSE114__SEX--M,dcid:undata-geo/G00145000,2019,793.4904
dcs:who/AIR_45.AGE--Y25T29__ENVCAUSE--ENVCAUSE068__SEX--F,dcid:undata-geo/G00145000,2019,0.11992
dcs:who/AIR_45.AGE--Y30T34__ENVCAUSE--ENVCAUSE068__SEX--F,dcid:undata-geo/G00145000,2019,5.87107
dcs:who/AIR_45.AGE--Y65T69__ENVCAUSE--ENVCAUSE039__SEX--F,dcid:undata-geo/G00145000,2019,172.52787
dcs:who/AIR_45.AGE--Y55T59__ENVCAUSE--ENVCAUSE039__SEX--F,dcid:undata-geo/G00145000,2019,189.76833
dcs:who/AIR_45.AGE--Y75T79__ENVCAUSE--ENVCAUSE039__SEX--F,dcid:undata-geo/G00145000,2019,140.62293
dcs:who/AIR_45.AGE--Y_GE80__ENVCAUSE--ENVCAUSE113__SEX--M,dcid:undata-geo/G00145000,2019,647.6527
dcs:who/AIR_45.AGE--Y70T74__ENVCAUSE--ENVCAUSE113__SEX--M,dcid:undata-geo/G00145000,2019,1548.82932
dcs:who/AIR_45.AGE--Y45T49__ENVCAUSE--ENVCAUSE068__SEX--F,dcid:undata-geo/G00145000,2019,16.97109
dcs:who/AIR_45.AGE--Y65T69__ENVCAUSE--ENVCAUSE068__SEX--F,dcid:undata-geo/G00145000,2019,43.62643
dcs:who/AIR_45.AGE--Y40T44__ENVCAUSE--ENVCAUSE068__SEX--F,dcid:undata-geo/G00145000,2019,3.37082
dcs:who/AIR_45.AGE--Y25T29__ENVCAUSE--ENVCAUSE114__SEX--M,dcid:undata-geo/G00145000,2019,244.72667
dcs:who/AIR_45.AGE--Y45T49__ENVCAUSE--ENVCAUSE113__SEX--M,dcid:undata-geo/G00145000,2019,3643.49199
dcs:who/AIR_45.AGE--Y55T59__ENVCAUSE--ENVCAUSE113__SEX--M,dcid:undata-geo/G00145000,2019,3781.34779
dcs:who/AIR_45.AGE--Y40T44__ENVCAUSE--ENVCAUSE114__SEX--M,dcid:undata-geo/G00145000,2019,705.08069
dcs:who/AIR_45.AGE--Y50T54__ENVCAUSE--ENVCAUSE039__SEX--F,dcid:undata-geo/G00145000,2019,185.4037
dcs:who/AIR_45.AGE--Y30T34__ENVCAUSE--ENVCAUSE113__SEX--M,dcid:undata-geo/G00145000,2019,911.78105
dcs:who/AIR_45.AGE--Y35T39__ENVCAUSE--ENVCAUSE114__SEX--M,dcid:undata-geo/G00145000,2019,521.88727
dcs:who/AIR_45.AGE--Y55T59__ENVCAUSE--ENVCAUSE068__SEX--F,dcid:undata-geo/G00145000,2019,42.16269
dcs:who/AIR_45.AGE--Y75T79__ENVCAUSE--ENVCAUSE068__SEX--F,dcid:undata-geo/G00145000,2019,14.82414
dcs:who/AIR_45.AGE--Y75T79__ENVCAUSE--ENVCAUSE114__SEX--M,dcid:undata-geo/G00145000,2019,371.51239
dcs:who/AIR_45.ENVCAUSE--ENVCAUSE113__SEX--M,dcid:undata-geo/G00145000,2019,25958.16357
dcs:who/AIR_45.AGE--Y60T64__ENVCAUSE--ENVCAUSE068__SEX--F,dcid:undata-geo/G00145000,2019,51.82635
dcs:who/AIR_45.AGE--Y40T44__ENVCAUSE--ENVCAUSE113__SEX--M,dcid:undata-geo/G00145000,2019,2751.21838
dcs:who/AIR_45.ENVCAUSE--ENVCAUSE118__SEX--F,dcid:undata-geo/G00145000,2019,3657.7212
dcs:who/AIR_45.AGE--Y_GE80__ENVCAUSE--ENVCAUSE118__SEX--F,dcid:undata-geo/G00145000,2019,237.16139
dcs:who/AIR_45.AGE--Y50T54__ENVCAUSE--ENVCAUSE118__SEX--F,dcid:undata-geo/G00145000,2019,327.01524
dcs:who/AIR_45.AGE--Y40T44__ENVCAUSE--ENVCAUSE118__SEX--F,dcid:undata-geo/G00145000,2019,192.43113
dcs:who/AIR_45.AGE--Y35T39__ENVCAUSE--ENVCAUSE113__SEX--F,dcid:undata-geo/G00145000,2019,461.34298
dcs:who/AIR_45.AGE--Y75T79__ENVCAUSE--ENVCAUSE113__SEX--F,dcid:undata-geo/G00145000,2019,850.07247
dcs:who/AIR_45.AGE--Y25T29__ENVCAUSE--ENVCAUSE114__SEX--F,dcid:undata-geo/G00145000,2019,147.04474
dcs:who/AIR_45.AGE--Y75T79__ENVCAUSE--ENVCAUSE114__SEX--F,dcid:undata-geo/G00145000,2019,400.54555
dcs:who/AIR_45.AGE--Y70T74__ENVCAUSE--ENVCAUSE114__SEX--F,dcid:undata-geo/G00145000,2019,529.14982
dcs:who/AIR_45.ENVCAUSE--ENVCAUSE114__SEX--F,dcid:undata-geo/G00145000,2019,5307.96161
dcs:who/AIR_45.AGE--Y60T64__ENVCAUSE--ENVCAUSE068,dcid:undata-geo/G00145000,2019,166.36566
dcs:who/AIR_45.AGE--Y_GE80__ENVCAUSE--ENVCAUSE114__SEX--F,dcid:undata-geo/G00145000,2019,301.53251
dcs:who/AIR_45.AGE--Y35T39__ENVCAUSE--ENVCAUSE118__SEX--F,dcid:undata-geo/G00145000,2019,145.78477
dcs:who/AIR_45.ENVCAUSE--ENVCAUSE113__SEX--F,dcid:undata-geo/G00145000,2019,11928.93126
dcs:who/AIR_45.AGE--Y55T59__ENVCAUSE--ENVCAUSE114__SEX--F,dcid:undata-geo/G00145000,2019,626.97526
dcs:who/AIR_45.AGE--Y30T34__ENVCAUSE--ENVCAUSE114__SEX--F,dcid:undata-geo/G00145000,2019,152.82067
dcs:who/AIR_45.AGE--Y5T9__ENVCAUSE--ENVCAUSE039__SEX--F,dcid:undata-geo/G00145000,2019,168.92584
dcs:who/AIR_45.AGE--Y30T34__ENVCAUSE--ENVCAUSE118__SEX--F,dcid:undata-geo/G00145000,2019,92.65549
dcs:who/AIR_45.AGE--Y60T64__ENVCAUSE--ENVCAUSE114__SEX--F,dcid:undata-geo/G00145000,2019,664.85902
dcs:who/AIR_45.AGE--Y35T39__ENVCAUSE--ENVCAUSE114__SEX--F,dcid:undata-geo/G00145000,2019,324.309
dcs:who/AIR_45.AGE--Y55T59__ENVCAUSE--ENVCAUSE113__SEX--F,dcid:undata-geo/G00145000,2019,1599.13508
dcs:who/AIR_45.AGE--Y50T54__ENVCAUSE--ENVCAUSE114__SEX--F,dcid:undata-geo/G00145000,2019,568.27605
dcs:who/AIR_45.AGE--Y10T14__ENVCAUSE--ENVCAUSE039__SEX--F,dcid:undata-geo/G00145000,2019,94.951
dcs:who/AIR_45.AGE--Y70T74__ENVCAUSE--ENVCAUSE118__SEX--F,dcid:undata-geo/G00145000,2019,483.7303
dcs:who/AIR_45.AGE--Y60T64__ENVCAUSE--ENVCAUSE118__SEX--F,dcid:undata-geo/G00145000,2019,541.04896
dcs:who/AIR_45.AGE--Y70T74__ENVCAUSE--ENVCAUSE113__SEX--F,dcid:undata-geo/G00145000,2019,1287.26042
dcs:who/AIR_45.AGE--Y50T54__ENVCAUSE--ENVCAUSE113__SEX--F,dcid:undata-geo/G00145000,2019,1288.34825
dcs:who/AIR_45.AGE--Y60T64__ENVCAUSE--ENVCAUSE113__SEX--F,dcid:undata-geo/G00145000,2019,1776.95833
dcs:who/AIR_45.SEX--F,dcid:undata-geo/G00145000,2019,26544.37213
dcs:who/AIR_45.AGE--Y65T69__ENVCAUSE--ENVCAUSE113__SEX--F,dcid:undata-geo/G00145000,2019,1554.25595
dcs:who/AIR_45.AGE--Y25T29__ENVCAUSE--ENVCAUSE113__SEX--F,dcid:undata-geo/G00145000,2019,127.42274
dcs:who/AIR_45.AGE--Y45T49__ENVCAUSE--ENVCAUSE113__SEX--F,dcid:undata-geo/G00145000,2019,1193.95252
dcs:who/AIR_45.AGE--Y65T69__ENVCAUSE--ENVCAUSE114__SEX--F,dcid:undata-geo/G00145000,2019,681.1186
dcs:who/AIR_45.AGE--Y55T59__ENVCAUSE--ENVCAUSE118__SEX--F,dcid:undata-geo/G00145000,2019,397.62827
dcs:who/AIR_45.AGE--Y40T44__ENVCAUSE--ENVCAUSE113__SEX--F,dcid:undata-geo/G00145000,2019,824.28732
dcs:who/AIR_45.AGE--Y75T79__ENVCAUSE--ENVCAUSE068,dcid:undata-geo/G00145000,2019,34.6934
dcs:who/AIR_45.AGE--Y75T79__ENVCAUSE--ENVCAUSE118__SEX--F,dcid:undata-geo/G00145000,2019,315.69365
dcs:who/AIR_45.AGE--Y40T44__ENVCAUSE--ENVCAUSE114__SEX--F,dcid:undata-geo/G00145000,2019,399.61025
dcs:who/AIR_45.AGE--Y20T24__ENVCAUSE--ENVCAUSE039__SEX--F,dcid:undata-geo/G00145000,2019,136.4191
dcs:who/AIR_45.AGE--Y65T69__ENVCAUSE--ENVCAUSE118__SEX--F,dcid:undata-geo/G00145000,2019,637.94636
dcs:who/AIR_45.AGE--Y25T29__ENVCAUSE--ENVCAUSE118__SEX--F,dcid:undata-geo/G00145000,2019,62.14954
dcs:who/AIR_45.AGE--Y70T74__ENVCAUSE--ENVCAUSE068,dcid:undata-geo/G00145000,2019,72.61599
dcs:who/AIR_45.AGE--Y45T49__ENVCAUSE--ENVCAUSE118__SEX--F,dcid:undata-geo/G00145000,2019,224.47609
dcs:who/AIR_45.ENVCAUSE--ENVCAUSE068,dcid:undata-geo/G00145000,2019,710.06123
dcs:who/AIR_45.AGE--Y0T4__ENVCAUSE--ENVCAUSE039__SEX--F,dcid:undata-geo/G00145000,2019,2988.33223
dcs:who/AIR_45.AGE--Y65T69__ENVCAUSE--ENVCAUSE068,dcid:undata-geo/G00145000,2019,121.03922
dcs:who/AIR_45.AGE--Y_GE80__ENVCAUSE--ENVCAUSE113__SEX--F,dcid:undata-geo/G00145000,2019,706.90533
dcs:who/AIR_45.AGE--Y25T29__ENVCAUSE--ENVCAUSE039__SEX--F,dcid:undata-geo/G00145000,2019,129.19781
dcs:who/AIR_45.AGE--Y_GE80__ENVCAUSE--ENVCAUSE068,dcid:undata-geo/G00145000,2019,16.18074
dcs:who/AIR_45.AGE--Y30T34__ENVCAUSE--ENVCAUSE113__SEX--F,dcid:undata-geo/G00145000,2019,258.98987
dcs:who/AIR_45.AGE--Y45T49__ENVCAUSE--ENVCAUSE114__SEX--F,dcid:undata-geo/G00145000,2019,511.72015
dcs:who/AIR_45.AGE--Y15T19__ENVCAUSE--ENVCAUSE039__SEX--F,dcid:undata-geo/G00145000,2019,110.4461
dcs:who/AIR_45.ENVCAUSE--ENVCAUSE039,dcid:undata-geo/G00145000,2019,13690.88794
dcs:who/AIR_45.AGE--Y45T49__ENVCAUSE--ENVCAUSE039,dcid:undata-geo/G00145000,2019,362.44206
dcs:who/AIR_45.AGE--Y50T54__ENVCAUSE--ENVCAUSE039,dcid:undata-geo/G00145000,2019,392.15139
dcs:who/AIR_45.AGE--Y55T59__ENVCAUSE--ENVCAUSE039,dcid:undata-geo/G00145000,2019,413.09575
dcs:who/AIR_45.AGE--Y20T24__ENVCAUSE--ENVCAUSE039,dcid:undata-geo/G00145000,2019,288.3625
dcs:who/AIR_45.AGE--Y70T74__ENVCAUSE--ENVCAUSE114,dcid:undata-geo/G00145000,2019,1124.42071
dcs:who/AIR_45.AGE--Y50T54__ENVCAUSE--ENVCAUSE118,dcid:undata-geo/G00145000,2019,683.76171
dcs:who/AIR_45.AGE--Y60T64__ENVCAUSE--ENVCAUSE118,dcid:undata-geo/G00145000,2019,1123.42149
dcs:who/AIR_45.AGE--Y35T39__ENVCAUSE--ENVCAUSE068,dcid:undata-geo/G00145000,2019,8.57727
dcs:who/AIR_45.AGE--Y0T4__ENVCAUSE--ENVCAUSE039,dcid:undata-geo/G00145000,2019,8116.89938
dcs:who/AIR_45.AGE--Y55T59__ENVCAUSE--ENVCAUSE068,dcid:undata-geo/G00145000,2019,137.06044
dcs:who/AIR_45.ENVCAUSE--ENVCAUSE118,dcid:undata-geo/G00145000,2019,7447.50849
dcs:who/AIR_45.AGE--Y_GE80__ENVCAUSE--ENVCAUSE039,dcid:undata-geo/G00145000,2019,262.3671
dcs:who/AIR_45.AGE--Y25T29__ENVCAUSE--ENVCAUSE118,dcid:undata-geo/G00145000,2019,121.79284
dcs:who/AIR_45.AGE--Y65T69__ENVCAUSE--ENVCAUSE114,dcid:undata-geo/G00145000,2019,1444.50816
dcs:who/AIR_45.AGE--Y40T44__ENVCAUSE--ENVCAUSE039,dcid:undata-geo/G00145000,2019,377.45977
dcs:who/AIR_45.AGE--Y30T34__ENVCAUSE--ENVCAUSE068,dcid:undata-geo/G00145000,2019,9.96956
dcs:who/AIR_45.AGE--Y40T44__ENVCAUSE--ENVCAUSE118,dcid:undata-geo/G00145000,2019,336.09353
dcs:who/AIR_45.AGE--Y_GE80__ENVCAUSE--ENVCAUSE114,dcid:undata-geo/G00145000,2019,568.74017
dcs:who/AIR_45.AGE--Y65T69__ENVCAUSE--ENVCAUSE039,dcid:undata-geo/G00145000,2019,401.5974
dcs:who/AIR_45.AGE--Y55T59__ENVCAUSE--ENVCAUSE114,dcid:undata-geo/G00145000,2019,1544.7643
dcs:who/AIR_45.AGE--Y45T49__ENVCAUSE--ENVCAUSE068,dcid:undata-geo/G00145000,2019,43.0909
dcs:who/AIR_45.AGE--Y10T14__ENVCAUSE--ENVCAUSE039,dcid:undata-geo/G00145000,2019,274.9891
dcs:who/AIR_45.AGE--Y_GE80__ENVCAUSE--ENVCAUSE118,dcid:undata-geo/G00145000,2019,514.23846
dcs:who/AIR_45.AGE--Y25T29__ENVCAUSE--ENVCAUSE068,dcid:undata-geo/G00145000,2019,2.19859
dcs:who/AIR_45.AGE--Y75T79__ENVCAUSE--ENVCAUSE039,dcid:undata-geo/G00145000,2019,252.02035
dcs:who/AIR_45.ENVCAUSE--ENVCAUSE114,dcid:undata-geo/G00145000,2019,12575.59458
dcs:who/AIR_45.AGE--Y30T34__ENVCAUSE--ENVCAUSE118,dcid:undata-geo/G00145000,2019,180.68306
dcs:who/AIR_45.AGE--Y30T34__ENVCAUSE--ENVCAUSE039,dcid:undata-geo/G00145000,2019,332.26053
dcs:who/AIR_45.AGE--Y5T9__ENVCAUSE--ENVCAUSE039,dcid:undata-geo/G00145000,2019,420.5204
dcs:who/AIR_45.AGE--Y35T39__ENVCAUSE--ENVCAUSE039,dcid:undata-geo/G00145000,2019,459.15674
dcs:who/AIR_45.AGE--Y50T54__ENVCAUSE--ENVCAUSE114,dcid:undata-geo/G00145000,2019,1481.17747
dcs:who/AIR_45.AGE--Y75T79__ENVCAUSE--ENVCAUSE118,dcid:undata-geo/G00145000,2019,670.55882
dcs:who/AIR_45.AGE--Y40T44__ENVCAUSE--ENVCAUSE068,dcid:undata-geo/G00145000,2019,13.30244
dcs:who/AIR_45.AGE--Y50T54__ENVCAUSE--ENVCAUSE068,dcid:undata-geo/G00145000,2019,84.96702
dcs:who/AIR_45.AGE--Y25T29__ENVCAUSE--ENVCAUSE039,dcid:undata-geo/G00145000,2019,316.68977
dcs:who/AIR_45.AGE--Y45T49__ENVCAUSE--ENVCAUSE114,dcid:undata-geo/G00145000,2019,1305.21055
dcs:who/AIR_45.AGE--Y75T79__ENVCAUSE--ENVCAUSE114,dcid:undata-geo/G00145000,2019,772.05793
dcs:who/AIR_45.AGE--Y70T74__ENVCAUSE--ENVCAUSE039,dcid:undata-geo/G00145000,2019,317.57088
dcs:who/AIR_45.AGE--Y55T59__ENVCAUSE--ENVCAUSE118,dcid:undata-geo/G00145000,2019,848.00478
dcs:who/AIR_45.AGE--Y65T69__ENVCAUSE--ENVCAUSE118,dcid:undata-geo/G00145000,2019,1258.48824
dcs:who/AIR_45.AGE--Y60T64__ENVCAUSE--ENVCAUSE114,dcid:undata-geo/G00145000,2019,1568.22201
dcs:who/AIR_45.AGE--Y45T49__ENVCAUSE--ENVCAUSE118,dcid:undata-geo/G00145000,2019,467.21046
dcs:who/AIR_45.AGE--Y35T39__ENVCAUSE--ENVCAUSE118,dcid:undata-geo/G00145000,2019,252.14827
dcs:who/AIR_45.AGE--Y70T74__ENVCAUSE--ENVCAUSE118,dcid:undata-geo/G00145000,2019,991.10682
dcs:who/AIR_45.AGE--Y60T64__ENVCAUSE--ENVCAUSE039,dcid:undata-geo/G00145000,2019,446.8934
dcs:who/AIR_45.AGE--Y15T19__ENVCAUSE--ENVCAUSE039,dcid:undata-geo/G00145000,2019,256.41143
dcs:who/AIR_45.AGE--Y30T34__ENVCAUSE--ENVCAUSE113,dcid:undata-geo/G00145000,2019,1170.77092
dcs:who/AIR_45.AGE--Y60T64__ENVCAUSE--ENVCAUSE113,dcid:undata-geo/G00145000,2019,5079.98445
dcs:who/AIR_45.AGE--Y_GE80__ENVCAUSE--ENVCAUSE113,dcid:undata-geo/G00145000,2019,1354.55803
dcs:who/AIR_45.AGE--Y40T44__ENVCAUSE--ENVCAUSE113,dcid:undata-geo/G00145000,2019,3575.50569
dcs:who/AIR_45.AGE--Y30T34__ENVCAUSE--ENVCAUSE114,dcid:undata-geo/G00145000,2019,423.83468
dcs:who/AIR_45.AGE--Y55T59__ENVCAUSE--ENVCAUSE113,dcid:undata-geo/G00145000,2019,5380.48287
dcs:who/AIR_45.AGE--Y35T39__ENVCAUSE--ENVCAUSE113,dcid:undata-geo/G00145000,2019,2282.47546
dcs:who/AIR_45,dcid:undata-geo/G00145000,2019,72311.14707
dcs:who/AIR_45.AGE--Y70T74__ENVCAUSE--ENVCAUSE113,dcid:undata-geo/G00145000,2019,2836.08974
dcs:who/AIR_45.AGE--Y35T39__ENVCAUSE--ENVCAUSE114,dcid:undata-geo/G00145000,2019,846.19627
dcs:who/AIR_45.AGE--Y25T29__ENVCAUSE--ENVCAUSE114,dcid:undata-geo/G00145000,2019,391.77141
dcs:who/AIR_45.AGE--Y65T69__ENVCAUSE--ENVCAUSE113,dcid:undata-geo/G00145000,2019,3878.72253
dcs:who/AIR_45.ENVCAUSE--ENVCAUSE113,dcid:undata-geo/G00145000,2019,37887.09483
dcs:who/AIR_45.AGE--Y75T79__ENVCAUSE--ENVCAUSE113,dcid:undata-geo/G00145000,2019,1746.70014
dcs:who/AIR_45.AGE--Y40T44__ENVCAUSE--ENVCAUSE114,dcid:undata-geo/G00145000,2019,1104.69094
dcs:who/AIR_45.AGE--Y45T49__ENVCAUSE--ENVCAUSE113,dcid:undata-geo/G00145000,2019,4837.44451
dcs:who/AIR_45.AGE--Y50T54__ENVCAUSE--ENVCAUSE113,dcid:undata-geo/G00145000,2019,5225.57097
dcs:who/AIR_45.AGE--Y25T29__ENVCAUSE--ENVCAUSE113,dcid:undata-geo/G00145000,2019,518.78952
dcs:who/AIR_45.AGE--Y35T39__ENVCAUSE--ENVCAUSE039__SEX--M,dcid:undata-geo/G00160000,2019,20297.37197
dcs:who/AIR_45.AGE--Y55T59__ENVCAUSE--ENVCAUSE068__SEX--M,dcid:undata-geo/G00160000,2019,261884.6628
dcs:who/AIR_45.AGE--Y35T39__ENVCAUSE--ENVCAUSE068__SEX--M,dcid:undata-geo/G00160000,2019,26973.24495
dcs:who/AIR_45.AGE--Y75T79__ENVCAUSE--ENVCAUSE068__SEX--M,dcid:undata-geo/G00160000,2019,175725.5604
dcs:who/AIR_45.AGE--Y55T59__ENVCAUSE--ENVCAUSE039__SEX--M,dcid:undata-geo/G00160000,2019,53604.85072
dcs:who/AIR_45.AGE--Y70T74__ENVCAUSE--ENVCAUSE068__SEX--M,dcid:undata-geo/G00160000,2019,275025.7332
dcs:who/AIR_45.AGE--Y65T69__ENVCAUSE--ENVCAUSE039__SEX--M,dcid:undata-geo/G00160000,2019,92571.80845
dcs:who/AIR_45.ENVCAUSE--ENVCAUSE039__SEX--M,dcid:undata-geo/G00160000,2019,1226443.209
dcs:who/AIR_45.AGE--Y40T44__ENVCAUSE--ENVCAUSE068__SEX--M,dcid:undata-geo/G00160000,2019,54159.1082
dcs:who/AIR_45.AGE--Y45T49__ENVCAUSE--ENVCAUSE068__SEX--M,dcid:undata-geo/G00160000,2019,112093.2863
dcs:who/AIR_45.AGE--Y75T79__ENVCAUSE--ENVCAUSE039__SEX--M,dcid:undata-geo/G00160000,2019,98332.78069
dcs:who/AIR_45.AGE--Y30T34__ENVCAUSE--ENVCAUSE039__SEX--M,dcid:undata-geo/G00160000,2019,22234.68262
dcs:who/AIR_45.AGE--Y65T69__ENVCAUSE--ENVCAUSE068__SEX--M,dcid:undata-geo/G00160000,2019,378814.8874
dcs:who/AIR_45.AGE--Y50T54__ENVCAUSE--ENVCAUSE039__SEX--M,dcid:undata-geo/G00160000,2019,44943.5723
dcs:who/AIR_45.AGE--Y50T54__ENVCAUSE--ENVCAUSE068__SEX--M,dcid:undata-geo/G00160000,2019,200953.8118
dcs:who/AIR_45.AGE--Y30T34__ENVCAUSE--ENVCAUSE068__SEX--M,dcid:undata-geo/G00160000,2019,17635.27647
dcs:who/AIR_45.ENVCAUSE--ENVCAUSE068__SEX--M,dcid:undata-geo/G00160000,2019,1975617.719
dcs:who/AIR_45.AGE--Y70T74__ENVCAUSE--ENVCAUSE039__SEX--M,dcid:undata-geo/G00160000,2019,95796.30425
dcs:who/AIR_45.AGE--Y_GE80__ENVCAUSE--ENVCAUSE039__SEX--M,dcid:undata-geo/G00160000,2019,243293.7319
dcs:who/AIR_45.AGE--Y45T49__ENVCAUSE--ENVCAUSE039__SEX--M,dcid:undata-geo/G00160000,2019,32468.32387
dcs:who/AIR_45.AGE--Y_GE80__ENVCAUSE--ENVCAUSE068__SEX--M,dcid:undata-geo/G00160000,2019,146278.714
dcs:who/AIR_45.AGE--Y40T44__ENVCAUSE--ENVCAUSE039__SEX--M,dcid:undata-geo/G00160000,2019,24072.5223
dcs:who/AIR_45.AGE--Y60T64__ENVCAUSE--ENVCAUSE039__SEX--M,dcid:undata-geo/G00160000,2019,71302.04794
dcs:who/AIR_45.AGE--Y25T29__ENVCAUSE--ENVCAUSE068__SEX--M,dcid:undata-geo/G00160000,2019,6846.40188
dcs:who/AIR_45.AGE--Y60T64__ENVCAUSE--ENVCAUSE068__SEX--M,dcid:undata-geo/G00160000,2019,319227.0312
dcs:who/AIR_45.ENVCAUSE--ENVCAUSE113__SEX--M,dcid:undata-geo/G00160000,2019,5958474.299
dcs:who/AIR_45.AGE--Y60T64__ENVCAUSE--ENVCAUSE113__SEX--M,dcid:undata-geo/G00160000,2019,669086.6352
dcs:who/AIR_45.AGE--Y70T74__ENVCAUSE--ENVCAUSE068__SEX--F,dcid:undata-geo/G00160000,2019,112728.5191
dcs:who/AIR_45.AGE--Y55T59__ENVCAUSE--ENVCAUSE118__SEX--M,dcid:undata-geo/G00160000,2019,106982.689
dcs:who/AIR_45.AGE--Y65T69__ENVCAUSE--ENVCAUSE118__SEX--M,dcid:undata-geo/G00160000,2019,288155.3815
dcs:who/AIR_45.AGE--Y55T59__ENVCAUSE--ENVCAUSE113__SEX--M,dcid:undata-geo/G00160000,2019,596668.5408
dcs:who/AIR_45.AGE--Y45T49__ENVCAUSE--ENVCAUSE118__SEX--M,dcid:undata-geo/G00160000,2019,36038.10437
dcs:who/AIR_45.AGE--Y30T34__ENVCAUSE--ENVCAUSE114__SEX--M,dcid:undata-geo/G00160000,2019,68926.67965
dcs:who/AIR_45.AGE--Y60T64__ENVCAUSE--ENVCAUSE068__SEX--F,dcid:undata-geo/G00160000,2019,122601.9454
dcs:who/AIR_45.ENVCAUSE--ENVCAUSE118__SEX--M,dcid:undata-geo/G00160000,2019,1973116.137
dcs:who/AIR_45.AGE--Y_GE80__ENVCAUSE--ENVCAUSE118__SEX--M,dcid:undata-geo/G00160000,2019,578263.3516
dcs:who/AIR_45.AGE--Y75T79__ENVCAUSE--ENVCAUSE114__SEX--M,dcid:undata-geo/G00160000,2019,557331.8611
dcs:who/AIR_45.AGE--Y10T14__ENVCAUSE--ENVCAUSE039__SEX--M,dcid:undata-geo/G00160000,2019,9675.67635
dcs:who/AIR_45.AGE--Y65T69__ENVCAUSE--ENVCAUSE113__SEX--M,dcid:undata-geo/G00160000,2019,800899.646
dcs:who/AIR_45.AGE--Y70T74__ENVCAUSE--ENVCAUSE118__SEX--M,dcid:undata-geo/G00160000,2019,342077.5944
dcs:who/AIR_45.AGE--Y40T44__ENVCAUSE--ENVCAUSE113__SEX--M,dcid:undata-geo/G00160000,2019,266729.6832
dcs:who/AIR_45.AGE--Y30T34__ENVCAUSE--ENVCAUSE118__SEX--M,dcid:undata-geo/G00160000,2019,7063.35453
dcs:who/AIR_45.AGE--Y50T54__ENVCAUSE--ENVCAUSE114__SEX--M,dcid:undata-geo/G00160000,2019,395371.0255
dcs:who/AIR_45.AGE--Y5T9__ENVCAUSE--ENVCAUSE039__SEX--M,dcid:undata-geo/G00160000,2019,11388.03639
dcs:who/AIR_45.ENVCAUSE--ENVCAUSE114__SEX--M,dcid:undata-geo/G00160000,2019,4749936.899
dcs:who/AIR_45.AGE--Y65T69__ENVCAUSE--ENVCAUSE068__SEX--F,dcid:undata-geo/G00160000,2019,149024.5491
dcs:who/AIR_45.AGE--Y70T74__ENVCAUSE--ENVCAUSE113__SEX--M,dcid:undata-geo/G00160000,2019,686891.9058
dcs:who/AIR_45.AGE--Y15T19__ENVCAUSE--ENVCAUSE039__SEX--M,dcid:undata-geo/G00160000,2019,11389.32863
dcs:who/AIR_45.AGE--Y_GE80__ENVCAUSE--ENVCAUSE113__SEX--M,dcid:undata-geo/G00160000,2019,1055586.022
dcs:who/AIR_45.AGE--Y45T49__ENVCAUSE--ENVCAUSE113__SEX--M,dcid:undata-geo/G00160000,2019,388620.3539
dcs:who/AIR_45.AGE--Y_GE80__ENVCAUSE--ENVCAUSE114__SEX--M,dcid:undata-geo/G00160000,2019,757007.3211
dcs:who/AIR_45.AGE--Y75T79__ENVCAUSE--ENVCAUSE113__SEX--M,dcid:undata-geo/G00160000,2019,588584.5105
dcs:who/AIR_45.AGE--Y60T64__ENVCAUSE--ENVCAUSE118__SEX--M,dcid:undata-geo/G00160000,2019,174974.6678
dcs:who/AIR_45.AGE--Y50T54__ENVCAUSE--ENVCAUSE118__SEX--M,dcid:undata-geo/G00160000,2019,71425.70777
dcs:who/AIR_45.AGE--Y30T34__ENVCAUSE--ENVCAUSE113__SEX--M,dcid:undata-geo/G00160000,2019,132306.3605
dcs:who/AIR_45.AGE--Y75T79__ENVCAUSE--ENVCAUSE068__SEX--F,dcid:undata-geo/G00160000,2019,79233.80113
dcs:who/AIR_45.AGE--Y75T79__ENVCAUSE--ENVCAUSE118__SEX--M,dcid:undata-geo/G00160000,2019,337975.8085
dcs:who/AIR_45.AGE--Y25T29__ENVCAUSE--ENVCAUSE118__SEX--M,dcid:undata-geo/G00160000,2019,3354.50153
dcs:who/AIR_45.AGE--Y65T69__ENVCAUSE--ENVCAUSE114__SEX--M,dcid:undata-geo/G00160000,2019,737907.4922
dcs:who/AIR_45.AGE--Y50T54__ENVCAUSE--ENVCAUSE113__SEX--M,dcid:undata-geo/G00160000,2019,545133.8749
dcs:who/AIR_45.AGE--Y35T39__ENVCAUSE--ENVCAUSE113__SEX--M,dcid:undata-geo/G00160000,2019,167941.9174
dcs:who/AIR_45.AGE--Y0T4__ENVCAUSE--ENVCAUSE039__SEX--M,dcid:undata-geo/G00160000,2019,362423.878
dcs:who/AIR_45.AGE--Y25T29__ENVCAUSE--ENVCAUSE039__SEX--M,dcid:undata-geo/G00160000,2019,17975.63063
dcs:who/AIR_45.AGE--Y_GE80__ENVCAUSE--ENVCAUSE068__SEX--F,dcid:undata-geo/G00160000,2019,83680.57516
dcs:who/AIR_45.AGE--Y45T49__ENVCAUSE--ENVCAUSE114__SEX--M,dcid:undata-geo/G00160000,2019,257085.5296
dcs:who/AIR_45.AGE--Y20T24__ENVCAUSE--ENVCAUSE039__SEX--M,dcid:undata-geo/G00160000,2019,14672.66244
dcs:who/AIR_45.AGE--Y60T64__ENVCAUSE--ENVCAUSE114__SEX--M,dcid:undata-geo/G00160000,2019,564028.512
dcs:who/AIR_45.AGE--Y35T39__ENVCAUSE--ENVCAUSE118__SEX--M,dcid:undata-geo/G00160000,2019,8715.21352
dcs:who/AIR_45.AGE--Y25T29__ENVCAUSE--ENVCAUSE114__SEX--M,dcid:undata-geo/G00160000,2019,31516.356
dcs:who/AIR_45.AGE--Y55T59__ENVCAUSE--ENVCAUSE068__SEX--F,dcid:undata-geo/G00160000,2019,100800.9861
dcs:who/AIR_45.AGE--Y70T74__ENVCAUSE--ENVCAUSE114__SEX--M,dcid:undata-geo/G00160000,2019,663917.8446
dcs:who/AIR_45.AGE--Y35T39__ENVCAUSE--ENVCAUSE114__SEX--M,dcid:undata-geo/G00160000,2019,93073.40982
dcs:who/AIR_45.SEX--M,dcid:undata-geo/G00160000,2019,15883588.26
dcs:who/AIR_45.AGE--Y40T44__ENVCAUSE--ENVCAUSE114__SEX--M,dcid:undata-geo/G00160000,2019,162167.6699
dcs:who/AIR_45.AGE--Y40T44__ENVCAUSE--ENVCAUSE118__SEX--M,dcid:undata-geo/G00160000,2019,18089.7626
dcs:who/AIR_45.ENVCAUSE--ENVCAUSE068__SEX--F,dcid:undata-geo/G00160000,2019,845926.7216
dcs:who/AIR_45.AGE--Y55T59__ENVCAUSE--ENVCAUSE114__SEX--M,dcid:undata-geo/G00160000,2019,461603.1973
dcs:who/AIR_45.AGE--Y25T29__ENVCAUSE--ENVCAUSE113__SEX--M,dcid:undata-geo/G00160000,2019,60024.84861
dcs:who/AIR_45.AGE--Y50T54__ENVCAUSE--ENVCAUSE068__SEX--F,dcid:undata-geo/G00160000,2019,86136.59916
dcs:who/AIR_45.AGE--Y60T64__ENVCAUSE--ENVCAUSE039__SEX--F,dcid:undata-geo/G00160000,2019,32193.51528
dcs:who/AIR_45.AGE--Y40T44__ENVCAUSE--ENVCAUSE068__SEX--F,dcid:undata-geo/G00160000,2019,30335.14171
dcs:who/AIR_45.AGE--Y75T79__ENVCAUSE--ENVCAUSE114__SEX--F,dcid:undata-geo/G00160000,2019,407554.1848
dcs:who/AIR_45.AGE--Y45T49__ENVCAUSE--ENVCAUSE114__SEX--F,dcid:undata-geo/G00160000,2019,103437.3814
dcs:who/AIR_45.AGE--Y70T74__ENVCAUSE--ENVCAUSE114__SEX--F,dcid:undata-geo/G00160000,2019,438621.94
dcs:who/AIR_45.ENVCAUSE--ENVCAUSE118__SEX--F,dcid:undata-geo/G00160000,2019,1229584.841
dcs:who/AIR_45.AGE--Y15T19__ENVCAUSE--ENVCAUSE039__SEX--F,dcid:undata-geo/G00160000,2019,7486.80632
dcs:who/AIR_45.AGE--Y50T54__ENVCAUSE--ENVCAUSE118__SEX--F,dcid:undata-geo/G00160000,2019,33237.16597
dcs:who/AIR_45.AGE--Y45T49__ENVCAUSE--ENVCAUSE118__SEX--F,dcid:undata-geo/G00160000,2019,17051.76309
dcs:who/AIR_45.AGE--Y65T69__ENVCAUSE--ENVCAUSE118__SEX--F,dcid:undata-geo/G00160000,2019,148973.0664
dcs:who/AIR_45.ENVCAUSE--ENVCAUSE114__SEX--F,dcid:undata-geo/G00160000,2019,2943730.573
dcs:who/AIR_45.AGE--Y0T4__ENVCAUSE--ENVCAUSE039__SEX--F,dcid:undata-geo/G00160000,2019,273499.9322
dcs:who/AIR_45.AGE--Y25T29__ENVCAUSE--ENVCAUSE039__SEX--F,dcid:undata-geo/G00160000,2019,8410.78188
dcs:who/AIR_45.AGE--Y_GE80__ENVCAUSE--ENVCAUSE039__SEX--F,dcid:undata-geo/G00160000,2019,257521.7037
dcs:who/AIR_45.AGE--Y5T9__ENVCAUSE--ENVCAUSE039__SEX--F,dcid:undata-geo/G00160000,2019,11233.63818
dcs:who/AIR_45.AGE--Y60T64__ENVCAUSE--ENVCAUSE118__SEX--F,dcid:undata-geo/G00160000,2019,82752.73992
dcs:who/AIR_45.AGE--Y65T69__ENVCAUSE--ENVCAUSE114__SEX--F,dcid:undata-geo/G00160000,2019,432825.862
dcs:who/AIR_45.AGE--Y30T34__ENVCAUSE--ENVCAUSE118__SEX--F,dcid:undata-geo/G00160000,2019,3554.81781
dcs:who/AIR_45.AGE--Y_GE80__ENVCAUSE--ENVCAUSE114__SEX--F,dcid:undata-geo/G00160000,2019,759882.8889
dcs:who/AIR_45.AGE--Y40T44__ENVCAUSE--ENVCAUSE039__SEX--F,dcid:undata-geo/G00160000,2019,10711.68492
dcs:who/AIR_45.AGE--Y45T49__ENVCAUSE--ENVCAUSE039__SEX--F,dcid:undata-geo/G00160000,2019,14530.55864
dcs:who/AIR_45.AGE--Y35T39__ENVCAUSE--ENVCAUSE118__SEX--F,dcid:undata-geo/G00160000,2019,4536.43835
dcs:who/AIR_45.AGE--Y65T69__ENVCAUSE--ENVCAUSE039__SEX--F,dcid:undata-geo/G00160000,2019,46885.51706
dcs:who/AIR_45.AGE--Y40T44__ENVCAUSE--ENVCAUSE118__SEX--F,dcid:undata-geo/G00160000,2019,8615.43196
dcs:who/AIR_45.AGE--Y55T59__ENVCAUSE--ENVCAUSE114__SEX--F,dcid:undata-geo/G00160000,2019,218584.3899
dcs:who/AIR_45.AGE--Y30T34__ENVCAUSE--ENVCAUSE039__SEX--F,dcid:undata-geo/G00160000,2019,9645.65191
dcs:who/AIR_45.AGE--Y75T79__ENVCAUSE--ENVCAUSE118__SEX--F,dcid:undata-geo/G00160000,2019,209573.613
dcs:who/AIR_45.AGE--Y10T14__ENVCAUSE--ENVCAUSE039__SEX--F,dcid:undata-geo/G00160000,2019,6545.26166
dcs:who/AIR_45.AGE--Y50T54__ENVCAUSE--ENVCAUSE114__SEX--F,dcid:undata-geo/G00160000,2019,184077.8417
dcs:who/AIR_45.AGE--Y25T29__ENVCAUSE--ENVCAUSE068__SEX--F,dcid:undata-geo/G00160000,2019,3829.57975
dcs:who/AIR_45.AGE--Y35T39__ENVCAUSE--ENVCAUSE068__SEX--F,dcid:undata-geo/G00160000,2019,14852.59367
dcs:who/AIR_45.AGE--Y30T34__ENVCAUSE--ENVCAUSE114__SEX--F,dcid:undata-geo/G00160000,2019,18475.05941
dcs:who/AIR_45.AGE--Y25T29__ENVCAUSE--ENVCAUSE118__SEX--F,dcid:undata-geo/G00160000,2019,1855.04104
dcs:who/AIR_45.AGE--Y70T74__ENVCAUSE--ENVCAUSE118__SEX--F,dcid:undata-geo/G00160000,2019,193151.7609
dcs:who/AIR_45.AGE--Y50T54__ENVCAUSE--ENVCAUSE039__SEX--F,dcid:undata-geo/G00160000,2019,20039.92127
dcs:who/AIR_45.AGE--Y35T39__ENVCAUSE--ENVCAUSE039__SEX--F,dcid:undata-geo/G00160000,2019,9886.1203
dcs:who/AIR_45.AGE--Y40T44__ENVCAUSE--ENVCAUSE114__SEX--F,dcid:undata-geo/G00160000,2019,54674.82358
dcs:who/AIR_45.AGE--Y_GE80__ENVCAUSE--ENVCAUSE118__SEX--F,dcid:undata-geo/G00160000,2019,478459.8692
dcs:who/AIR_45.AGE--Y75T79__ENVCAUSE--ENVCAUSE039__SEX--F,dcid:undata-geo/G00160000,2019,67356.4491
dcs:who/AIR_45.AGE--Y35T39__ENVCAUSE--ENVCAUSE114__SEX--F,dcid:undata-geo/G00160000,2019,27691.83181
dcs:who/AIR_45.AGE--Y55T59__ENVCAUSE--ENVCAUSE118__SEX--F,dcid:undata-geo/G00160000,2019,47823.13315
dcs:who/AIR_45.ENVCAUSE--ENVCAUSE039__SEX--F,dcid:undata-geo/G00160000,2019,864495.8463
dcs:who/AIR_45.AGE--Y70T74__ENVCAUSE--ENVCAUSE039__SEX--F,dcid:undata-geo/G00160000,2019,56880.05495
dcs:who/AIR_45.AGE--Y60T64__ENVCAUSE--ENVCAUSE114__SEX--F,dcid:undata-geo/G00160000,2019,288295.0119
dcs:who/AIR_45.AGE--Y45T49__ENVCAUSE--ENVCAUSE068__SEX--F,dcid:undata-geo/G00160000,2019,53019.7124
dcs:who/AIR_45.AGE--Y55T59__ENVCAUSE--ENVCAUSE039__SEX--F,dcid:undata-geo/G00160000,2019,24175.27074
dcs:who/AIR_45.AGE--Y20T24__ENVCAUSE--ENVCAUSE039__SEX--F,dcid:undata-geo/G00160000,2019,7492.97816
dcs:who/AIR_45.AGE--Y25T29__ENVCAUSE--ENVCAUSE114__SEX--F,dcid:undata-geo/G00160000,2019,9609.35749
dcs:who/AIR_45.AGE--Y30T34__ENVCAUSE--ENVCAUSE068__SEX--F,dcid:undata-geo/G00160000,2019,9682.71893
dcs:who/AIR_45.AGE--Y35T39__ENVCAUSE--ENVCAUSE068,dcid:undata-geo/G00160000,2019,41825.83861
dcs:who/AIR_45.AGE--Y15T19__ENVCAUSE--ENVCAUSE039,dcid:undata-geo/G00160000,2019,18876.13495
dcs:who/AIR_45.AGE--Y75T79__ENVCAUSE--ENVCAUSE068,dcid:undata-geo/G00160000,2019,254959.3615
dcs:who/AIR_45.AGE--Y60T64__ENVCAUSE--ENVCAUSE039,dcid:undata-geo/G00160000,2019,103495.5632
dcs:who/AIR_45.AGE--Y70T74__ENVCAUSE--ENVCAUSE068,dcid:undata-geo/G00160000,2019,387754.2523
dcs:who/AIR_45.ENVCAUSE--ENVCAUSE118,dcid:undata-geo/G00160000,2019,3202700.978
dcs:who/AIR_45.AGE--Y50T54__ENVCAUSE--ENVCAUSE068,dcid:undata-geo/G00160000,2019,287090.4109
dcs:who/AIR_45.AGE--Y_GE80__ENVCAUSE--ENVCAUSE039,dcid:undata-geo/G00160000,2019,500815.4355
dcs:who/AIR_45.ENVCAUSE--ENVCAUSE039,dcid:undata-geo/G00160000,2019,2090939.056
dcs:who/AIR_45.AGE--Y30T34__ENVCAUSE--ENVCAUSE039,dcid:undata-geo/G00160000,2019,31880.33453
dcs:who/AIR_45.AGE--Y55T59__ENVCAUSE--ENVCAUSE113__SEX--F,dcid:undata-geo/G00160000,2019,229228.6452
dcs:who/AIR_45.AGE--Y65T69__ENVCAUSE--ENVCAUSE113__SEX--F,dcid:undata-geo/G00160000,2019,466140.2115
dcs:who/AIR_45.ENVCAUSE--ENVCAUSE068,dcid:undata-geo/G00160000,2019,2821544.44
dcs:who/AIR_45.AGE--Y30T34__ENVCAUSE--ENVCAUSE068,dcid:undata-geo/G00160000,2019,27317.99539
dcs:who/AIR_45.AGE--Y60T64__ENVCAUSE--ENVCAUSE113__SEX--F,dcid:undata-geo/G00160000,2019,317808.2145
dcs:who/AIR_45.AGE--Y35T39__ENVCAUSE--ENVCAUSE039,dcid:undata-geo/G00160000,2019,30183.49228
dcs:who/AIR_45.AGE--Y_GE80__ENVCAUSE--ENVCAUSE118,dcid:undata-geo/G00160000,2019,1056723.221
dcs:who/AIR_45.ENVCAUSE--ENVCAUSE113__SEX--F,dcid:undata-geo/G00160000,2019,3634089.809
dcs:who/AIR_45.AGE--Y70T74__ENVCAUSE--ENVCAUSE118,dcid:undata-geo/G00160000,2019,535229.3553
dcs:who/AIR_45.AGE--Y10T14__ENVCAUSE--ENVCAUSE039,dcid:undata-geo/G00160000,2019,16220.93801
dcs:who/AIR_45.AGE--Y65T69__ENVCAUSE--ENVCAUSE118,dcid:undata-geo/G00160000,2019,437128.4479
dcs:who/AIR_45.AGE--Y55T59__ENVCAUSE--ENVCAUSE039,dcid:undata-geo/G00160000,2019,77780.12146
dcs:who/AIR_45.AGE--Y40T44__ENVCAUSE--ENVCAUSE113__SEX--F,dcid:undata-geo/G00160000,2019,70280.99841
dcs:who/AIR_45.AGE--Y60T64__ENVCAUSE--ENVCAUSE068,dcid:undata-geo/G00160000,2019,441828.9766
dcs:who/AIR_45.AGE--Y30T34__ENVCAUSE--ENVCAUSE113__SEX--F,dcid:undata-geo/G00160000,2019,33035.89685
dcs:who/AIR_45.AGE--Y75T79__ENVCAUSE--ENVCAUSE113__SEX--F,dcid:undata-geo/G00160000,2019,469854.276
dcs:who/AIR_45.AGE--Y35T39__ENVCAUSE--ENVCAUSE113__SEX--F,dcid:undata-geo/G00160000,2019,40482.04742
dcs:who/AIR_45.AGE--Y45T49__ENVCAUSE--ENVCAUSE039,dcid:undata-geo/G00160000,2019,46998.88251
dcs:who/AIR_45.AGE--Y20T24__ENVCAUSE--ENVCAUSE039,dcid:undata-geo/G00160000,2019,22165.6406
dcs:who/AIR_45.AGE--Y_GE80__ENVCAUSE--ENVCAUSE113__SEX--F,dcid:undata-geo/G00160000,2019,1210470.907
dcs:who/AIR_45.AGE--Y50T54__ENVCAUSE--ENVCAUSE039,dcid:undata-geo/G00160000,2019,64983.49357
dcs:who/AIR_45.AGE--Y5T9__ENVCAUSE--ENVCAUSE039,dcid:undata-geo/G00160000,2019,22621.67457
dcs:who/AIR_45.AGE--Y55T59__ENVCAUSE--ENVCAUSE068,dcid:undata-geo/G00160000,2019,362685.6489
dcs:who/AIR_45.AGE--Y65T69__ENVCAUSE--ENVCAUSE068,dcid:undata-geo/G00160000,2019,527839.4365
dcs:who/AIR_45.AGE--Y70T74__ENVCAUSE--ENVCAUSE039,dcid:undata-geo/G00160000,2019,152676.3592
dcs:who/AIR_45.AGE--Y60T64__ENVCAUSE--ENVCAUSE118,dcid:undata-geo/G00160000,2019,257727.4077
dcs:who/AIR_45.AGE--Y70T74__ENVCAUSE--ENVCAUSE113__SEX--F,dcid:undata-geo/G00160000,2019,476694.7472
dcs:who/AIR_45.AGE--Y40T44__ENVCAUSE--ENVCAUSE068,dcid:undata-geo/G00160000,2019,84494.24992
dcs:who/AIR_45.SEX--F,dcid:undata-geo/G00160000,2019,9517827.79
dcs:who/AIR_45.AGE--Y40T44__ENVCAUSE--ENVCAUSE039,dcid:undata-geo/G00160000,2019,34784.20722
dcs:who/AIR_45.AGE--Y45T49__ENVCAUSE--ENVCAUSE113__SEX--F,dcid:undata-geo/G00160000,2019,117318.5752
dcs:who/AIR_45.AGE--Y50T54__ENVCAUSE--ENVCAUSE113__SEX--F,dcid:undata-geo/G00160000,2019,184998.8218
dcs:who/AIR_45.AGE--Y25T29__ENVCAUSE--ENVCAUSE039,dcid:undata-geo/G00160000,2019,26386.4125
dcs:who/AIR_45.AGE--Y_GE80__ENVCAUSE--ENVCAUSE068,dcid:undata-geo/G00160000,2019,229959.2892
dcs:who/AIR_45.AGE--Y25T29__ENVCAUSE--ENVCAUSE113__SEX--F,dcid:undata-geo/G00160000,2019,17776.46784
dcs:who/AIR_45.AGE--Y0T4__ENVCAUSE--ENVCAUSE039,dcid:undata-geo/G00160000,2019,635923.8102
dcs:who/AIR_45.AGE--Y75T79__ENVCAUSE--ENVCAUSE118,dcid:undata-geo/G00160000,2019,547549.4215
dcs:who/AIR_45.AGE--Y25T29__ENVCAUSE--ENVCAUSE068,dcid:undata-geo/G00160000,2019,10675.98163
dcs:who/AIR_45.AGE--Y65T69__ENVCAUSE--ENVCAUSE039,dcid:undata-geo/G00160000,2019,139457.3255
dcs:who/AIR_45.AGE--Y75T79__ENVCAUSE--ENVCAUSE039,dcid:undata-geo/G00160000,2019,165689.2298
dcs:who/AIR_45.AGE--Y45T49__ENVCAUSE--ENVCAUSE068,dcid:undata-geo/G00160000,2019,165112.9987
dcs:who/AIR_45.AGE--Y_GE80__ENVCAUSE--ENVCAUSE113,dcid:undata-geo/G00160000,2019,2266056.929
dcs:who/AIR_45.AGE--Y75T79__ENVCAUSE--ENVCAUSE114,dcid:undata-geo/G00160000,2019,964886.046
dcs:who/AIR_45.ENVCAUSE--ENVCAUSE113,dcid:undata-geo/G00160000,2019,9592564.108
dcs:who/AIR_45.AGE--Y45T49__ENVCAUSE--ENVCAUSE114,dcid:undata-geo/G00160000,2019,360522.911
dcs:who/AIR_45.AGE--Y70T74__ENVCAUSE--ENVCAUSE113,dcid:undata-geo/G00160000,2019,1163586.653
dcs:who/AIR_45.AGE--Y65T69__ENVCAUSE--ENVCAUSE113,dcid:undata-geo/G00160000,2019,1267039.858
dcs:who/AIR_45.AGE--Y35T39__ENVCAUSE--ENVCAUSE118,dcid:undata-geo/G00160000,2019,13251.65186
dcs:who/AIR_45.AGE--Y75T79__ENVCAUSE--ENVCAUSE113,dcid:undata-geo/G00160000,2019,1058438.786
dcs:who/AIR_45.AGE--Y40T44__ENVCAUSE--ENVCAUSE113,dcid:undata-geo/G00160000,2019,337010.6817
dcs:who/AIR_45.AGE--Y40T44__ENVCAUSE--ENVCAUSE114,dcid:undata-geo/G00160000,2019,216842.4935
dcs:who/AIR_45.AGE--Y50T54__ENVCAUSE--ENVCAUSE114,dcid:undata-geo/G00160000,2019,579448.8672
dcs:who/AIR_45.AGE--Y30T34__ENVCAUSE--ENVCAUSE113,dcid:undata-geo/G00160000,2019,165342.2574
dcs:who/AIR_45.ENVCAUSE--ENVCAUSE114,dcid:undata-geo/G00160000,2019,7693667.472
dcs:who/AIR_45.AGE--Y60T64__ENVCAUSE--ENVCAUSE113,dcid:undata-geo/G00160000,2019,986894.8498
dcs:who/AIR_45.AGE--Y_GE80__ENVCAUSE--ENVCAUSE114,dcid:undata-geo/G00160000,2019,1516890.21
dcs:who/AIR_45,dcid:undata-geo/G00160000,2019,25401416.05
dcs:who/AIR_45.AGE--Y40T44__ENVCAUSE--ENVCAUSE118,dcid:undata-geo/G00160000,2019,26705.19456
dcs:who/AIR_45.AGE--Y30T34__ENVCAUSE--ENVCAUSE114,dcid:undata-geo/G00160000,2019,87401.73906
dcs:who/AIR_45.AGE--Y70T74__ENVCAUSE--ENVCAUSE114,dcid:undata-geo/G00160000,2019,1102539.785
dcs:who/AIR_45.AGE--Y55T59__ENVCAUSE--ENVCAUSE118,dcid:undata-geo/G00160000,2019,154805.8221
dcs:who/AIR_45.AGE--Y60T64__ENVCAUSE--ENVCAUSE114,dcid:undata-geo/G00160000,2019,852323.5239
dcs:who/AIR_45.AGE--Y35T39__ENVCAUSE--ENVCAUSE113,dcid:undata-geo/G00160000,2019,208423.9648
dcs:who/AIR_45.AGE--Y50T54__ENVCAUSE--ENVCAUSE113,dcid:undata-geo/G00160000,2019,730132.6966
dcs:who/AIR_45.AGE--Y35T39__ENVCAUSE--ENVCAUSE114,dcid:undata-geo/G00160000,2019,120765.2416
dcs:who/AIR_45.AGE--Y25T29__ENVCAUSE--ENVCAUSE114,dcid:undata-geo/G00160000,2019,41125.71349
dcs:who/AIR_45.AGE--Y30T34__ENVCAUSE--ENVCAUSE118,dcid:undata-geo/G00160000,2019,10618.17235
dcs:who/AIR_45.AGE--Y25T29__ENVCAUSE--ENVCAUSE118,dcid:undata-geo/G00160000,2019,5209.54257
dcs:who/AIR_45.AGE--Y45T49__ENVCAUSE--ENVCAUSE113,dcid:undata-geo/G00160000,2019,505938.9291
dcs:who/AIR_45.AGE--Y65T69__ENVCAUSE--ENVCAUSE114,dcid:undata-geo/G00160000,2019,1170733.354
dcs:who/AIR_45.AGE--Y55T59__ENVCAUSE--ENVCAUSE114,dcid:undata-geo/G00160000,2019,680187.5871
dcs:who/AIR_45.AGE--Y55T59__ENVCAUSE--ENVCAUSE113,dcid:undata-geo/G00160000,2019,825897.186
dcs:who/AIR_45.AGE--Y25T29__ENVCAUSE--ENVCAUSE113,dcid:undata-geo/G00160000,2019,77801.31644
dcs:who/AIR_45.AGE--Y45T49__ENVCAUSE--ENVCAUSE118,dcid:undata-geo/G00160000,2019,53089.86746
dcs:who/AIR_45.AGE--Y50T54__ENVCAUSE--ENVCAUSE118,dcid:undata-geo/G00160000,2019,104662.8737
