SERIES,GEOGRAPHY,TIME_PERIOD,OBS_VALUE
dcs:who/itnwm,dcid:country/AFG,2015,44.59804
dcs:who/itnwm.WEALTHQUINTILE--WQ4,dcid:country/AFG,2015,5.11023
dcs:who/itnwm.WEALTHQUINTILE--WQ2,dcid:country/AFG,2015,2.97348
dcs:who/itnwm.WEALTHQUINTILE--WQ3,dcid:country/AFG,2015,4.62436
dcs:who/itnwm.WEALTHQUINTILE--WQ5,dcid:country/AFG,2015,9.13031
dcs:who/itnwm.WEALTHQUINTILE--WQ1,dcid:country/AFG,2015,0.81333
dcs:who/itnwm.WEALTHDECILE--WEALTHDECILE05,dcid:country/AFG,2015,3.08943
dcs:who/itnwm.WEALTHDECILE--WEALTHDECILE07,dcid:country/AFG,2015,4.14154
dcs:who/itnwm.WEALTHDECILE--WEALTHDECILE09,dcid:country/AFG,2015,10.82153
dcs:who/itnwm.WEALTHDECILE--WEALTHDECILE06,dcid:country/AFG,2015,6.19328
dcs:who/itnwm.WEALTHDECILE--WEALTHDECILE08,dcid:country/AFG,2015,6.22091
dcs:who/itnwm.WEALTHDECILE--WEALTHDECILE04,dcid:country/AFG,2015,3.80504
dcs:who/itnwm.WEALTHDECILE--WEALTHDECILE03,dcid:country/AFG,2015,2.15288
dcs:who/itnwm.WEALTHDECILE--WEALTHDECILE02,dcid:country/AFG,2015,1.49617
dcs:who/itnwm.WEALTHDECILE--WEALTHDECILE10,dcid:country/AFG,2015,7.32027
dcs:who/itnwm.WEALTHDECILE--WEALTHDECILE01,dcid:country/AFG,2015,0.06169
dcs:who/itnwm.RESIDENCEAREATYPE--RUR,dcid:country/AFG,2015,3.3685
dcs:who/itnwm.RESIDENCEAREATYPE--URB,dcid:country/AFG,2015,7.89077
dcs:who/itnwm.EDUCATIONLEVEL--NHLM,dcid:country/AFG,2015,3.51048
dcs:who/itnwm.EDUCATIONLEVEL--PRLM,dcid:country/AFG,2015,7.22653
dcs:who/itnwm.EDUCATIONLEVEL--SHLM,dcid:country/AFG,2015,7.4855
dcs:who/itnwm.AGE--Y15T19,dcid:country/AFG,2015,4.59588
dcs:who/itnwm.AGE--Y20T49,dcid:country/AFG,2015,4.00943
dcs:who/itnwm,dcid:country/AGO,2015,17.0853
dcs:who/itnwm.WEALTHQUINTILE--WQ2,dcid:country/AGO,2015,33.77118
dcs:who/itnwm.WEALTHQUINTILE--WQ3,dcid:country/AGO,2015,27.36765
dcs:who/itnwm.WEALTHQUINTILE--WQ5,dcid:country/AGO,2015,15.80929
dcs:who/itnwm.WEALTHQUINTILE--WQ4,dcid:country/AGO,2015,15.02903
dcs:who/itnwm.WEALTHQUINTILE--WQ1,dcid:country/AGO,2015,18.25055
dcs:who/itnwm.WEALTHDECILE--WEALTHDECILE03,dcid:country/AGO,2015,28.65865
dcs:who/itnwm.WEALTHDECILE--WEALTHDECILE10,dcid:country/AGO,2015,15.75905
dcs:who/itnwm.WEALTHDECILE--WEALTHDECILE05,dcid:country/AGO,2015,29.1451
dcs:who/itnwm.WEALTHDECILE--WEALTHDECILE01,dcid:country/AGO,2015,11.88923
dcs:who/itnwm.WEALTHDECILE--WEALTHDECILE08,dcid:country/AGO,2015,14.7595
dcs:who/itnwm.WEALTHDECILE--WEALTHDECILE02,dcid:country/AGO,2015,24.76783
dcs:who/itnwm.WEALTHDECILE--WEALTHDECILE09,dcid:country/AGO,2015,15.84569
dcs:who/itnwm.WEALTHDECILE--WEALTHDECILE07,dcid:country/AGO,2015,15.41549
dcs:who/itnwm.WEALTHDECILE--WEALTHDECILE04,dcid:country/AGO,2015,39.09967
dcs:who/itnwm.WEALTHDECILE--WEALTHDECILE06,dcid:country/AGO,2015,25.79502
dcs:who/itnwm.RESIDENCEAREATYPE--RUR,dcid:country/AGO,2015,26.7013
dcs:who/itnwm.RESIDENCEAREATYPE--URB,dcid:country/AGO,2015,20.25542
dcs:who/itnwm.EDUCATIONLEVEL--NHLM,dcid:country/AGO,2015,23.15511
dcs:who/itnwm.EDUCATIONLEVEL--SHLM,dcid:country/AGO,2015,18.71749
dcs:who/itnwm.EDUCATIONLEVEL--PRLM,dcid:country/AGO,2015,26.45007
dcs:who/itnwm.AGE--Y20T49,dcid:country/AGO,2015,24.17505
dcs:who/itnwm.AGE--Y15T19,dcid:country/AGO,2015,17.54327
dcs:who/itnwm,dcid:country/BDI,2016,46.99218
dcs:who/itnwm,dcid:country/BDI,2010,64.70137
dcs:who/itnwm.WEALTHQUINTILE--WQ1,dcid:country/BDI,2016,28.40101
dcs:who/itnwm.WEALTHQUINTILE--WQ4,dcid:country/BDI,2016,48.98737
dcs:who/itnwm.WEALTHQUINTILE--WQ2,dcid:country/BDI,2016,39.69627
dcs:who/itnwm.WEALTHQUINTILE--WQ5,dcid:country/BDI,2016,61.80726
dcs:who/itnwm.WEALTHQUINTILE--WQ3,dcid:country/BDI,2016,43.47281
dcs:who/itnwm.WEALTHQUINTILE--WQ4,dcid:country/BDI,2010,46.37721
dcs:who/itnwm.WEALTHQUINTILE--WQ2,dcid:country/BDI,2010,45.20942
dcs:who/itnwm.WEALTHQUINTILE--WQ5,dcid:country/BDI,2010,56.815
dcs:who/itnwm.WEALTHQUINTILE--WQ3,dcid:country/BDI,2010,57.32219
dcs:who/itnwm.WEALTHQUINTILE--WQ1,dcid:country/BDI,2010,45.72614
dcs:who/itnwm.WEALTHDECILE--WEALTHDECILE10,dcid:country/BDI,2016,65.58526
dcs:who/itnwm.WEALTHDECILE--WEALTHDECILE07,dcid:country/BDI,2016,50.2825
dcs:who/itnwm.WEALTHDECILE--WEALTHDECILE06,dcid:country/BDI,2016,50.21897
dcs:who/itnwm.WEALTHDECILE--WEALTHDECILE02,dcid:country/BDI,2016,33.26363
dcs:who/itnwm.WEALTHDECILE--WEALTHDECILE08,dcid:country/BDI,2016,47.77678
dcs:who/itnwm.WEALTHDECILE--WEALTHDECILE03,dcid:country/BDI,2016,44.82508
dcs:who/itnwm.WEALTHDECILE--WEALTHDECILE09,dcid:country/BDI,2016,57.6917
dcs:who/itnwm.WEALTHDECILE--WEALTHDECILE05,dcid:country/BDI,2016,37.90212
dcs:who/itnwm.WEALTHDECILE--WEALTHDECILE04,dcid:country/BDI,2016,35.4469
dcs:who/itnwm.WEALTHDECILE--WEALTHDECILE01,dcid:country/BDI,2016,23.07464
dcs:who/itnwm.WEALTHDECILE--WEALTHDECILE05,dcid:country/BDI,2010,54.76375
dcs:who/itnwm.WEALTHDECILE--WEALTHDECILE06,dcid:country/BDI,2010,58.74282
dcs:who/itnwm.WEALTHDECILE--WEALTHDECILE02,dcid:country/BDI,2010,40.22176
dcs:who/itnwm.WEALTHDECILE--WEALTHDECILE01,dcid:country/BDI,2010,52.85956
dcs:who/itnwm.WEALTHDECILE--WEALTHDECILE09,dcid:country/BDI,2010,49.69487
dcs:who/itnwm.WEALTHDECILE--WEALTHDECILE04,dcid:country/BDI,2010,47.10297
dcs:who/itnwm.WEALTHDECILE--WEALTHDECILE10,dcid:country/BDI,2010,64.438
dcs:who/itnwm.WEALTHDECILE--WEALTHDECILE07,dcid:country/BDI,2010,49.94793
dcs:who/itnwm.WEALTHDECILE--WEALTHDECILE03,dcid:country/BDI,2010,43.04205
dcs:who/itnwm.WEALTHDECILE--WEALTHDECILE08,dcid:country/BDI,2010,43.14546
dcs:who/itnwm.RESIDENCEAREATYPE--RUR,dcid:country/BDI,2016,41.84747
dcs:who/itnwm.RESIDENCEAREATYPE--URB,dcid:country/BDI,2016,61.01313
dcs:who/itnwm.RESIDENCEAREATYPE--URB,dcid:country/BDI,2010,66.10846
dcs:who/itnwm.RESIDENCEAREATYPE--RUR,dcid:country/BDI,2010,48.41682
dcs:who/itnwm.EDUCATIONLEVEL--NHLM,dcid:country/BDI,2016,40.24699
dcs:who/itnwm.EDUCATIONLEVEL--PRLM,dcid:country/BDI,2016,43.67893
dcs:who/itnwm.EDUCATIONLEVEL--SHLM,dcid:country/BDI,2016,57.89017
dcs:who/itnwm.EDUCATIONLEVEL--PRLM,dcid:country/BDI,2010,55.11566
dcs:who/itnwm.EDUCATIONLEVEL--NHLM,dcid:country/BDI,2010,45.2068
dcs:who/itnwm.EDUCATIONLEVEL--SHLM,dcid:country/BDI,2010,52.8635
dcs:who/itnwm.AGE--Y15T19,dcid:country/BDI,2016,29.85546
dcs:who/itnwm.AGE--Y20T49,dcid:country/BDI,2016,45.1029
dcs:who/itnwm.AGE--Y20T49,dcid:country/BDI,2010,50.39436
dcs:who/itnwm.AGE--Y15T19,dcid:country/BDI,2010,46.08968
dcs:who/itnwm,dcid:country/BEN,2017,81.66834
dcs:who/itnwm,dcid:country/BEN,2014,71.70137
dcs:who/itnwm,dcid:country/BEN,2011,87.26335
dcs:who/itnwm,dcid:country/BEN,2006,21.66807
dcs:who/itnwm.WEALTHQUINTILE--WQ2,dcid:country/BEN,2017,78.53051
dcs:who/itnwm.WEALTHQUINTILE--WQ4,dcid:country/BEN,2017,80.18954
dcs:who/itnwm.WEALTHQUINTILE--WQ3,dcid:country/BEN,2017,78.78212
dcs:who/itnwm.WEALTHQUINTILE--WQ5,dcid:country/BEN,2017,82.54909
dcs:who/itnwm.WEALTHQUINTILE--WQ1,dcid:country/BEN,2017,76.36154
dcs:who/itnwm.WEALTHQUINTILE--WQ1,dcid:country/BEN,2014,63.75679
dcs:who/itnwm.WEALTHQUINTILE--WQ3,dcid:country/BEN,2014,69.34006
dcs:who/itnwm.WEALTHQUINTILE--WQ4,dcid:country/BEN,2014,70.61521
dcs:who/itnwm.WEALTHQUINTILE--WQ5,dcid:country/BEN,2014,78.09516
dcs:who/itnwm.WEALTHQUINTILE--WQ2,dcid:country/BEN,2014,68.67065
dcs:who/itnwm.WEALTHQUINTILE--WQ4,dcid:country/BEN,2011,72.25321
dcs:who/itnwm.WEALTHQUINTILE--WQ3,dcid:country/BEN,2011,76.29328
dcs:who/itnwm.WEALTHQUINTILE--WQ2,dcid:country/BEN,2011,76.84971
dcs:who/itnwm.WEALTHQUINTILE--WQ1,dcid:country/BEN,2011,76.84886
dcs:who/itnwm.WEALTHQUINTILE--WQ5,dcid:country/BEN,2011,70.15967
dcs:who/itnwm.WEALTHQUINTILE--WQ3,dcid:country/BEN,2006,21.76436
dcs:who/itnwm.WEALTHQUINTILE--WQ2,dcid:country/BEN,2006,12.96227
dcs:who/itnwm.WEALTHQUINTILE--WQ4,dcid:country/BEN,2006,27.34918
dcs:who/itnwm.WEALTHQUINTILE--WQ5,dcid:country/BEN,2006,28.75683
dcs:who/itnwm.WEALTHQUINTILE--WQ1,dcid:country/BEN,2006,8.62762
dcs:who/itnwm.WEALTHDECILE--WEALTHDECILE01,dcid:country/BEN,2017,77.22886
dcs:who/itnwm.WEALTHDECILE--WEALTHDECILE09,dcid:country/BEN,2017,81.76595
dcs:who/itnwm.WEALTHDECILE--WEALTHDECILE03,dcid:country/BEN,2017,79.70013
dcs:who/itnwm.WEALTHDECILE--WEALTHDECILE08,dcid:country/BEN,2017,81.3033
dcs:who/itnwm.WEALTHDECILE--WEALTHDECILE05,dcid:country/BEN,2017,82.74606
dcs:who/itnwm.WEALTHDECILE--WEALTHDECILE04,dcid:country/BEN,2017,77.45672
dcs:who/itnwm.WEALTHDECILE--WEALTHDECILE10,dcid:country/BEN,2017,83.52846
dcs:who/itnwm.WEALTHDECILE--WEALTHDECILE06,dcid:country/BEN,2017,75.69773
dcs:who/itnwm.WEALTHDECILE--WEALTHDECILE07,dcid:country/BEN,2017,79.04541
dcs:who/itnwm.WEALTHDECILE--WEALTHDECILE02,dcid:country/BEN,2017,75.46378
dcs:who/itnwm.WEALTHDECILE--WEALTHDECILE03,dcid:country/BEN,2014,69.02972
dcs:who/itnwm.WEALTHDECILE--WEALTHDECILE02,dcid:country/BEN,2014,64.44469
dcs:who/itnwm.WEALTHDECILE--WEALTHDECILE05,dcid:country/BEN,2014,67.20455
dcs:who/itnwm.WEALTHDECILE--WEALTHDECILE04,dcid:country/BEN,2014,68.01079
dcs:who/itnwm.WEALTHDECILE--WEALTHDECILE01,dcid:country/BEN,2014,63.43259
dcs:who/itnwm.WEALTHDECILE--WEALTHDECILE10,dcid:country/BEN,2014,78.84814
dcs:who/itnwm.WEALTHDECILE--WEALTHDECILE09,dcid:country/BEN,2014,77.31203
dcs:who/itnwm.WEALTHDECILE--WEALTHDECILE08,dcid:country/BEN,2014,72.92488
dcs:who/itnwm.WEALTHDECILE--WEALTHDECILE07,dcid:country/BEN,2014,68.23086
dcs:who/itnwm.WEALTHDECILE--WEALTHDECILE06,dcid:country/BEN,2014,71.79109
dcs:who/itnwm.WEALTHDECILE--WEALTHDECILE04,dcid:country/BEN,2011,77.10989
dcs:who/itnwm.WEALTHDECILE--WEALTHDECILE07,dcid:country/BEN,2011,75.19142
dcs:who/itnwm.WEALTHDECILE--WEALTHDECILE01,dcid:country/BEN,2011,76.77456
dcs:who/itnwm.WEALTHDECILE--WEALTHDECILE03,dcid:country/BEN,2011,76.61197
dcs:who/itnwm.WEALTHDECILE--WEALTHDECILE09,dcid:country/BEN,2011,68.13146
dcs:who/itnwm.WEALTHDECILE--WEALTHDECILE02,dcid:country/BEN,2011,76.92424
dcs:who/itnwm.WEALTHDECILE--WEALTHDECILE08,dcid:country/BEN,2011,69.49197
dcs:who/itnwm.WEALTHDECILE--WEALTHDECILE05,dcid:country/BEN,2011,79.47858
dcs:who/itnwm.WEALTHDECILE--WEALTHDECILE06,dcid:country/BEN,2011,72.89725
dcs:who/itnwm.WEALTHDECILE--WEALTHDECILE10,dcid:country/BEN,2011,72.47907
dcs:who/itnwm.WEALTHDECILE--WEALTHDECILE03,dcid:country/BEN,2006,10.40919
dcs:who/itnwm.WEALTHDECILE--WEALTHDECILE02,dcid:country/BEN,2006,12.02766
dcs:who/itnwm.WEALTHDECILE--WEALTHDECILE05,dcid:country/BEN,2006,19.94684
dcs:who/itnwm.WEALTHDECILE--WEALTHDECILE06,dcid:country/BEN,2006,23.60013
dcs:who/itnwm.WEALTHDECILE--WEALTHDECILE10,dcid:country/BEN,2006,27.34959
dcs:who/itnwm.WEALTHDECILE--WEALTHDECILE09,dcid:country/BEN,2006,30.00633
dcs:who/itnwm.WEALTHDECILE--WEALTHDECILE08,dcid:country/BEN,2006,31.55349
dcs:who/itnwm.WEALTHDECILE--WEALTHDECILE07,dcid:country/BEN,2006,23.15862
dcs:who/itnwm.WEALTHDECILE--WEALTHDECILE04,dcid:country/BEN,2006,15.04126
dcs:who/itnwm.WEALTHDECILE--WEALTHDECILE01,dcid:country/BEN,2006,5.74473
dcs:who/itnwm.RESIDENCEAREATYPE--URB,dcid:country/BEN,2017,80.3912
dcs:who/itnwm.RESIDENCEAREATYPE--RUR,dcid:country/BEN,2017,78.61549
dcs:who/itnwm.RESIDENCEAREATYPE--URB,dcid:country/BEN,2014,70.67694
dcs:who/itnwm.RESIDENCEAREATYPE--RUR,dcid:country/BEN,2014,69.33072
dcs:who/itnwm.RESIDENCEAREATYPE--URB,dcid:country/BEN,2011,72.05943
dcs:who/itnwm.RESIDENCEAREATYPE--RUR,dcid:country/BEN,2011,76.13024
dcs:who/itnwm.RESIDENCEAREATYPE--RUR,dcid:country/BEN,2006,16.62076
dcs:who/itnwm.RESIDENCEAREATYPE--URB,dcid:country/BEN,2006,25.35538
dcs:who/itnwm.EDUCATIONLEVEL--PRLM,dcid:country/BEN,2017,80.46417
dcs:who/itnwm.EDUCATIONLEVEL--SHLM,dcid:country/BEN,2017,84.03345
dcs:who/itnwm.EDUCATIONLEVEL--NHLM,dcid:country/BEN,2017,77.30459
dcs:who/itnwm.EDUCATIONLEVEL--PRLM,dcid:country/BEN,2014,70.3893
dcs:who/itnwm.EDUCATIONLEVEL--SHLM,dcid:country/BEN,2014,71.81816
dcs:who/itnwm.EDUCATIONLEVEL--NHLM,dcid:country/BEN,2014,69.30665
dcs:who/itnwm.EDUCATIONLEVEL--PRLM,dcid:country/BEN,2011,74.74156
dcs:who/itnwm.EDUCATIONLEVEL--NHLM,dcid:country/BEN,2011,75.82703
dcs:who/itnwm.EDUCATIONLEVEL--SHLM,dcid:country/BEN,2011,68.25384
dcs:who/itnwm.EDUCATIONLEVEL--NHLM,dcid:country/BEN,2006,15.90244
dcs:who/itnwm.EDUCATIONLEVEL--PRLM,dcid:country/BEN,2006,30.14686
dcs:who/itnwm.EDUCATIONLEVEL--SHLM,dcid:country/BEN,2006,30.8332
dcs:who/itnwm.AGE--Y20T49,dcid:country/BEN,2017,81.21142
dcs:who/itnwm.AGE--Y15T19,dcid:country/BEN,2017,65.61906
dcs:who/itnwm.AGE--Y15T19,dcid:country/BEN,2011,66.59684
dcs:who/itnwm.AGE--Y20T49,dcid:country/BEN,2011,75.33004
dcs:who/itnwm.AGE--Y15T19,dcid:country/BEN,2006,12.07243
dcs:who/itnwm.AGE--Y20T49,dcid:country/BEN,2006,20.46236
dcs:who/itnwm,dcid:country/BFA,2010,24.58299
dcs:who/itnwm,dcid:country/BFA,2003,5.20469
dcs:who/itnwm.WEALTHQUINTILE--WQ4,dcid:country/BFA,2010,49.03676
dcs:who/itnwm.WEALTHQUINTILE--WQ1,dcid:country/BFA,2010,44.05207
dcs:who/itnwm.WEALTHQUINTILE--WQ2,dcid:country/BFA,2010,42.52869
dcs:who/itnwm.WEALTHQUINTILE--WQ3,dcid:country/BFA,2010,43.17965
dcs:who/itnwm.WEALTHQUINTILE--WQ5,dcid:country/BFA,2010,43.84361
dcs:who/itnwm.WEALTHQUINTILE--WQ3,dcid:country/BFA,2003,3.22946
dcs:who/itnwm.WEALTHQUINTILE--WQ4,dcid:country/BFA,2003,1.47455
dcs:who/itnwm.WEALTHQUINTILE--WQ5,dcid:country/BFA,2003,9.54135
dcs:who/itnwm.WEALTHQUINTILE--WQ2,dcid:country/BFA,2003,0.66773
dcs:who/itnwm.WEALTHQUINTILE--WQ1,dcid:country/BFA,2003,1.1221
dcs:who/itnwm.WEALTHDECILE--WEALTHDECILE06,dcid:country/BFA,2010,43.80348
dcs:who/itnwm.WEALTHDECILE--WEALTHDECILE05,dcid:country/BFA,2010,42.52925
dcs:who/itnwm.WEALTHDECILE--WEALTHDECILE07,dcid:country/BFA,2010,51.798
dcs:who/itnwm.WEALTHDECILE--WEALTHDECILE10,dcid:country/BFA,2010,48.4087
dcs:who/itnwm.WEALTHDECILE--WEALTHDECILE04,dcid:country/BFA,2010,41.57843
dcs:who/itnwm.WEALTHDECILE--WEALTHDECILE08,dcid:country/BFA,2010,45.39472
dcs:who/itnwm.WEALTHDECILE--WEALTHDECILE03,dcid:country/BFA,2010,43.42011
dcs:who/itnwm.WEALTHDECILE--WEALTHDECILE02,dcid:country/BFA,2010,48.28321
dcs:who/itnwm.WEALTHDECILE--WEALTHDECILE01,dcid:country/BFA,2010,38.82225
dcs:who/itnwm.WEALTHDECILE--WEALTHDECILE09,dcid:country/BFA,2010,39.84261
dcs:who/itnwm.WEALTHDECILE--WEALTHDECILE09,dcid:country/BFA,2003,4.85078
dcs:who/itnwm.WEALTHDECILE--WEALTHDECILE02,dcid:country/BFA,2003,1.02102
dcs:who/itnwm.WEALTHDECILE--WEALTHDECILE05,dcid:country/BFA,2003,0.0
dcs:who/itnwm.WEALTHDECILE--WEALTHDECILE04,dcid:country/BFA,2003,0.0
dcs:who/itnwm.WEALTHDECILE--WEALTHDECILE06,dcid:country/BFA,2003,7.94307
dcs:who/itnwm.WEALTHDECILE--WEALTHDECILE07,dcid:country/BFA,2003,1.43044
dcs:who/itnwm.WEALTHDECILE--WEALTHDECILE08,dcid:country/BFA,2003,1.904
dcs:who/itnwm.WEALTHDECILE--WEALTHDECILE01,dcid:country/BFA,2003,0.76708
dcs:who/itnwm.WEALTHDECILE--WEALTHDECILE10,dcid:country/BFA,2003,16.33012
dcs:who/itnwm.WEALTHDECILE--WEALTHDECILE03,dcid:country/BFA,2003,0.8822
dcs:who/itnwm.RESIDENCEAREATYPE--RUR,dcid:country/BFA,2010,45.84109
dcs:who/itnwm.RESIDENCEAREATYPE--URB,dcid:country/BFA,2010,38.27019
dcs:who/itnwm.RESIDENCEAREATYPE--URB,dcid:country/BFA,2003,7.55579
dcs:who/itnwm.RESIDENCEAREATYPE--RUR,dcid:country/BFA,2003,2.3589
dcs:who/itnwm.EDUCATIONLEVEL--PRLM,dcid:country/BFA,2010,41.68054
dcs:who/itnwm.EDUCATIONLEVEL--NHLM,dcid:country/BFA,2010,44.637
dcs:who/itnwm.EDUCATIONLEVEL--SHLM,dcid:country/BFA,2010,47.80461
dcs:who/itnwm.EDUCATIONLEVEL--PRLM,dcid:country/BFA,2003,7.95292
dcs:who/itnwm.EDUCATIONLEVEL--NHLM,dcid:country/BFA,2003,1.98795
dcs:who/itnwm.EDUCATIONLEVEL--SHLM,dcid:country/BFA,2003,16.28918
dcs:who/itnwm.AGE--Y20T49,dcid:country/BFA,2010,45.44296
dcs:who/itnwm.AGE--Y15T19,dcid:country/BFA,2010,38.05993
dcs:who/itnwm.AGE--Y15T19,dcid:country/BFA,2003,3.97226
dcs:who/itnwm.AGE--Y20T49,dcid:country/BFA,2003,2.88824
dcs:who/itnwm,dcid:country/CAF,2010,49.00735
dcs:who/itnwm.WEALTHQUINTILE--WQ3,dcid:country/CAF,2010,47.81941
dcs:who/itnwm.WEALTHQUINTILE--WQ5,dcid:country/CAF,2010,28.84111
dcs:who/itnwm.WEALTHQUINTILE--WQ1,dcid:country/CAF,2010,44.52911
dcs:who/itnwm.WEALTHQUINTILE--WQ2,dcid:country/CAF,2010,44.65178
dcs:who/itnwm.WEALTHQUINTILE--WQ4,dcid:country/CAF,2010,33.97886
dcs:who/itnwm.WEALTHDECILE--WEALTHDECILE05,dcid:country/CAF,2010,49.83822
dcs:who/itnwm.WEALTHDECILE--WEALTHDECILE02,dcid:country/CAF,2010,44.17925
dcs:who/itnwm.WEALTHDECILE--WEALTHDECILE03,dcid:country/CAF,2010,48.29941
dcs:who/itnwm.WEALTHDECILE--WEALTHDECILE08,dcid:country/CAF,2010,31.01741
dcs:who/itnwm.WEALTHDECILE--WEALTHDECILE09,dcid:country/CAF,2010,37.48557
dcs:who/itnwm.WEALTHDECILE--WEALTHDECILE01,dcid:country/CAF,2010,44.91677
dcs:who/itnwm.WEALTHDECILE--WEALTHDECILE10,dcid:country/CAF,2010,21.60048
dcs:who/itnwm.WEALTHDECILE--WEALTHDECILE04,dcid:country/CAF,2010,40.63591
dcs:who/itnwm.WEALTHDECILE--WEALTHDECILE07,dcid:country/CAF,2010,36.21532
dcs:who/itnwm.WEALTHDECILE--WEALTHDECILE06,dcid:country/CAF,2010,45.92718
dcs:who/itnwm.RESIDENCEAREATYPE--RUR,dcid:country/CAF,2010,45.77984
dcs:who/itnwm.RESIDENCEAREATYPE--URB,dcid:country/CAF,2010,31.26214
dcs:who/itnwm.EDUCATIONLEVEL--PRLM,dcid:country/CAF,2010,37.87055
dcs:who/itnwm.EDUCATIONLEVEL--SHLM,dcid:country/CAF,2010,34.51023
dcs:who/itnwm.EDUCATIONLEVEL--NHLM,dcid:country/CAF,2010,45.4855
dcs:who/itnwm,dcid:country/CIV,2016,50.09503
dcs:who/itnwm,dcid:country/CIV,2011,52.44307
dcs:who/itnwm.WEALTHQUINTILE--WQ1,dcid:country/CIV,2016,54.74142
dcs:who/itnwm.WEALTHQUINTILE--WQ5,dcid:country/CIV,2016,16.12507
dcs:who/itnwm.WEALTHQUINTILE--WQ3,dcid:country/CIV,2016,42.01048
dcs:who/itnwm.WEALTHQUINTILE--WQ2,dcid:country/CIV,2016,51.77809
dcs:who/itnwm.WEALTHQUINTILE--WQ4,dcid:country/CIV,2016,30.9929
dcs:who/itnwm.WEALTHQUINTILE--WQ3,dcid:country/CIV,2011,44.45008
dcs:who/itnwm.WEALTHQUINTILE--WQ4,dcid:country/CIV,2011,31.33382
dcs:who/itnwm.WEALTHQUINTILE--WQ5,dcid:country/CIV,2011,28.5056
dcs:who/itnwm.WEALTHQUINTILE--WQ1,dcid:country/CIV,2011,49.15589
dcs:who/itnwm.WEALTHQUINTILE--WQ2,dcid:country/CIV,2011,43.46184
dcs:who/itnwm.WEALTHDECILE--WEALTHDECILE09,dcid:country/CIV,2016,22.81809
dcs:who/itnwm.WEALTHDECILE--WEALTHDECILE08,dcid:country/CIV,2016,30.56501
dcs:who/itnwm.WEALTHDECILE--WEALTHDECILE06,dcid:country/CIV,2016,35.62312
dcs:who/itnwm.WEALTHDECILE--WEALTHDECILE10,dcid:country/CIV,2016,8.34979
dcs:who/itnwm.WEALTHDECILE--WEALTHDECILE07,dcid:country/CIV,2016,31.36808
dcs:who/itnwm.WEALTHDECILE--WEALTHDECILE02,dcid:country/CIV,2016,56.0469
dcs:who/itnwm.WEALTHDECILE--WEALTHDECILE05,dcid:country/CIV,2016,48.87312
dcs:who/itnwm.WEALTHDECILE--WEALTHDECILE03,dcid:country/CIV,2016,57.57107
dcs:who/itnwm.WEALTHDECILE--WEALTHDECILE01,dcid:country/CIV,2016,53.47044
dcs:who/itnwm.WEALTHDECILE--WEALTHDECILE04,dcid:country/CIV,2016,44.86916
dcs:who/itnwm.WEALTHDECILE--WEALTHDECILE09,dcid:country/CIV,2011,41.60623
dcs:who/itnwm.WEALTHDECILE--WEALTHDECILE02,dcid:country/CIV,2011,52.63057
dcs:who/itnwm.WEALTHDECILE--WEALTHDECILE10,dcid:country/CIV,2011,16.00553
dcs:who/itnwm.WEALTHDECILE--WEALTHDECILE03,dcid:country/CIV,2011,42.07537
dcs:who/itnwm.WEALTHDECILE--WEALTHDECILE07,dcid:country/CIV,2011,29.71214
dcs:who/itnwm.WEALTHDECILE--WEALTHDECILE04,dcid:country/CIV,2011,44.90135
dcs:who/itnwm.WEALTHDECILE--WEALTHDECILE06,dcid:country/CIV,2011,43.67516
dcs:who/itnwm.WEALTHDECILE--WEALTHDECILE01,dcid:country/CIV,2011,46.12407
dcs:who/itnwm.WEALTHDECILE--WEALTHDECILE08,dcid:country/CIV,2011,33.63478
dcs:who/itnwm.WEALTHDECILE--WEALTHDECILE05,dcid:country/CIV,2011,45.20773
dcs:who/itnwm.RESIDENCEAREATYPE--URB,dcid:country/CIV,2016,23.45041
dcs:who/itnwm.RESIDENCEAREATYPE--RUR,dcid:country/CIV,2016,54.43529
dcs:who/itnwm.RESIDENCEAREATYPE--URB,dcid:country/CIV,2011,31.84775
dcs:who/itnwm.RESIDENCEAREATYPE--RUR,dcid:country/CIV,2011,45.79833
dcs:who/itnwm.EDUCATIONLEVEL--PRLM,dcid:country/CIV,2016,37.97876
dcs:who/itnwm.EDUCATIONLEVEL--SHLM,dcid:country/CIV,2016,28.84677
dcs:who/itnwm.EDUCATIONLEVEL--NHLM,dcid:country/CIV,2016,44.77078
dcs:who/itnwm.EDUCATIONLEVEL--SHLM,dcid:country/CIV,2011,18.07843
dcs:who/itnwm.EDUCATIONLEVEL--NHLM,dcid:country/CIV,2011,46.58425
dcs:who/itnwm.EDUCATIONLEVEL--PRLM,dcid:country/CIV,2011,38.12834
dcs:who/itnwm.AGE--Y20T49,dcid:country/CIV,2011,41.66942
dcs:who/itnwm.AGE--Y15T19,dcid:country/CIV,2011,31.80988
dcs:who/itnwm,dcid:country/CMR,2018,65.99689
dcs:who/itnwm,dcid:country/CMR,2014,57.7894
dcs:who/itnwm,dcid:country/CMR,2011,24.44673
dcs:who/itnwm,dcid:country/CMR,2004,0.0
dcs:who/itnwm.WEALTHQUINTILE--WQ3,dcid:country/CMR,2018,55.2348
dcs:who/itnwm.WEALTHQUINTILE--WQ1,dcid:country/CMR,2018,74.23056
dcs:who/itnwm.WEALTHQUINTILE--WQ2,dcid:country/CMR,2018,56.89127
dcs:who/itnwm.WEALTHQUINTILE--WQ4,dcid:country/CMR,2018,59.35254
dcs:who/itnwm.WEALTHQUINTILE--WQ5,dcid:country/CMR,2018,59.27268
dcs:who/itnwm.WEALTHQUINTILE--WQ5,dcid:country/CMR,2014,50.69661
dcs:who/itnwm.WEALTHQUINTILE--WQ3,dcid:country/CMR,2014,51.57535
dcs:who/itnwm.WEALTHQUINTILE--WQ2,dcid:country/CMR,2014,57.81562
dcs:who/itnwm.WEALTHQUINTILE--WQ4,dcid:country/CMR,2014,54.85831
dcs:who/itnwm.WEALTHQUINTILE--WQ1,dcid:country/CMR,2014,45.92417
dcs:who/itnwm.WEALTHQUINTILE--WQ3,dcid:country/CMR,2011,21.22364
dcs:who/itnwm.WEALTHQUINTILE--WQ5,dcid:country/CMR,2011,23.90577
dcs:who/itnwm.WEALTHQUINTILE--WQ2,dcid:country/CMR,2011,16.61254
dcs:who/itnwm.WEALTHQUINTILE--WQ1,dcid:country/CMR,2011,17.50583
dcs:who/itnwm.WEALTHQUINTILE--WQ4,dcid:country/CMR,2011,20.35683
dcs:who/itnwm.WEALTHQUINTILE--WQ3,dcid:country/CMR,2004,0.92337
dcs:who/itnwm.WEALTHQUINTILE--WQ4,dcid:country/CMR,2004,3.95587
dcs:who/itnwm.WEALTHQUINTILE--WQ5,dcid:country/CMR,2004,2.64876
dcs:who/itnwm.WEALTHQUINTILE--WQ2,dcid:country/CMR,2004,0.59962
dcs:who/itnwm.WEALTHQUINTILE--WQ1,dcid:country/CMR,2004,0.0
dcs:who/itnwm.WEALTHDECILE--WEALTHDECILE05,dcid:country/CMR,2018,62.00159
dcs:who/itnwm.WEALTHDECILE--WEALTHDECILE09,dcid:country/CMR,2018,65.17982
dcs:who/itnwm.WEALTHDECILE--WEALTHDECILE10,dcid:country/CMR,2018,52.75235
dcs:who/itnwm.WEALTHDECILE--WEALTHDECILE07,dcid:country/CMR,2018,65.60539
dcs:who/itnwm.WEALTHDECILE--WEALTHDECILE03,dcid:country/CMR,2018,54.9537
dcs:who/itnwm.WEALTHDECILE--WEALTHDECILE06,dcid:country/CMR,2018,48.06914
dcs:who/itnwm.WEALTHDECILE--WEALTHDECILE04,dcid:country/CMR,2018,58.75854
dcs:who/itnwm.WEALTHDECILE--WEALTHDECILE02,dcid:country/CMR,2018,63.80864
dcs:who/itnwm.WEALTHDECILE--WEALTHDECILE08,dcid:country/CMR,2018,53.12847
dcs:who/itnwm.WEALTHDECILE--WEALTHDECILE01,dcid:country/CMR,2018,86.00196
dcs:who/itnwm.WEALTHDECILE--WEALTHDECILE04,dcid:country/CMR,2014,55.25484
dcs:who/itnwm.WEALTHDECILE--WEALTHDECILE05,dcid:country/CMR,2014,52.47355
dcs:who/itnwm.WEALTHDECILE--WEALTHDECILE10,dcid:country/CMR,2014,44.93068
dcs:who/itnwm.WEALTHDECILE--WEALTHDECILE08,dcid:country/CMR,2014,59.19737
dcs:who/itnwm.WEALTHDECILE--WEALTHDECILE07,dcid:country/CMR,2014,50.29263
dcs:who/itnwm.WEALTHDECILE--WEALTHDECILE01,dcid:country/CMR,2014,40.06116
dcs:who/itnwm.WEALTHDECILE--WEALTHDECILE03,dcid:country/CMR,2014,59.74616
dcs:who/itnwm.WEALTHDECILE--WEALTHDECILE06,dcid:country/CMR,2014,50.73272
dcs:who/itnwm.WEALTHDECILE--WEALTHDECILE02,dcid:country/CMR,2014,51.0833
dcs:who/itnwm.WEALTHDECILE--WEALTHDECILE09,dcid:country/CMR,2014,56.52041
dcs:who/itnwm.WEALTHDECILE--WEALTHDECILE10,dcid:country/CMR,2011,20.60002
dcs:who/itnwm.WEALTHDECILE--WEALTHDECILE09,dcid:country/CMR,2011,26.30301
dcs:who/itnwm.WEALTHDECILE--WEALTHDECILE03,dcid:country/CMR,2011,22.10933
dcs:who/itnwm.WEALTHDECILE--WEALTHDECILE05,dcid:country/CMR,2011,16.82275
dcs:who/itnwm.WEALTHDECILE--WEALTHDECILE06,dcid:country/CMR,2011,26.83077
dcs:who/itnwm.WEALTHDECILE--WEALTHDECILE01,dcid:country/CMR,2011,11.35828
dcs:who/itnwm.WEALTHDECILE--WEALTHDECILE08,dcid:country/CMR,2011,27.63647
dcs:who/itnwm.WEALTHDECILE--WEALTHDECILE02,dcid:country/CMR,2011,21.82455
dcs:who/itnwm.WEALTHDECILE--WEALTHDECILE07,dcid:country/CMR,2011,15.26982
dcs:who/itnwm.WEALTHDECILE--WEALTHDECILE04,dcid:country/CMR,2011,11.22236
dcs:who/itnwm.WEALTHDECILE--WEALTHDECILE01,dcid:country/CMR,2004,0.0
dcs:who/itnwm.WEALTHDECILE--WEALTHDECILE09,dcid:country/CMR,2004,3.33906
dcs:who/itnwm.WEALTHDECILE--WEALTHDECILE06,dcid:country/CMR,2004,1.23469
dcs:who/itnwm.WEALTHDECILE--WEALTHDECILE04,dcid:country/CMR,2004,1.19557
dcs:who/itnwm.WEALTHDECILE--WEALTHDECILE10,dcid:country/CMR,2004,1.62859
dcs:who/itnwm.WEALTHDECILE--WEALTHDECILE05,dcid:country/CMR,2004,0.61502
dcs:who/itnwm.WEALTHDECILE--WEALTHDECILE08,dcid:country/CMR,2004,2.8698
dcs:who/itnwm.WEALTHDECILE--WEALTHDECILE03,dcid:country/CMR,2004,0.0
dcs:who/itnwm.WEALTHDECILE--WEALTHDECILE07,dcid:country/CMR,2004,5.03248
dcs:who/itnwm.WEALTHDECILE--WEALTHDECILE02,dcid:country/CMR,2004,0.0
dcs:who/itnwm.RESIDENCEAREATYPE--RUR,dcid:country/CMR,2018,62.92613
dcs:who/itnwm.RESIDENCEAREATYPE--URB,dcid:country/CMR,2018,58.85319
dcs:who/itnwm.RESIDENCEAREATYPE--RUR,dcid:country/CMR,2014,51.06634
dcs:who/itnwm.RESIDENCEAREATYPE--URB,dcid:country/CMR,2014,53.97915
dcs:who/itnwm.RESIDENCEAREATYPE--URB,dcid:country/CMR,2011,21.05596
dcs:who/itnwm.RESIDENCEAREATYPE--RUR,dcid:country/CMR,2011,18.56809
dcs:who/itnwm.RESIDENCEAREATYPE--URB,dcid:country/CMR,2004,3.18191
dcs:who/itnwm.RESIDENCEAREATYPE--RUR,dcid:country/CMR,2004,0.1001
dcs:who/itnwm.EDUCATIONLEVEL--PRLM,dcid:country/CMR,2018,59.65019
dcs:who/itnwm.EDUCATIONLEVEL--NHLM,dcid:country/CMR,2018,69.12188
dcs:who/itnwm.EDUCATIONLEVEL--SHLM,dcid:country/CMR,2018,58.07225
dcs:who/itnwm.EDUCATIONLEVEL--NHLM,dcid:country/CMR,2014,48.61014
dcs:who/itnwm.EDUCATIONLEVEL--PRLM,dcid:country/CMR,2014,53.27329
dcs:who/itnwm.EDUCATIONLEVEL--SHLM,dcid:country/CMR,2014,54.357
dcs:who/itnwm.EDUCATIONLEVEL--SHLM,dcid:country/CMR,2011,23.70757
dcs:who/itnwm.EDUCATIONLEVEL--PRLM,dcid:country/CMR,2011,20.84443
dcs:who/itnwm.EDUCATIONLEVEL--NHLM,dcid:country/CMR,2011,12.57551
dcs:who/itnwm.EDUCATIONLEVEL--PRLM,dcid:country/CMR,2004,1.91341
dcs:who/itnwm.EDUCATIONLEVEL--NHLM,dcid:country/CMR,2004,0.43401
dcs:who/itnwm.EDUCATIONLEVEL--SHLM,dcid:country/CMR,2004,1.85335
dcs:who/itnwm.AGE--Y20T49,dcid:country/CMR,2018,63.19964
dcs:who/itnwm.AGE--Y15T19,dcid:country/CMR,2018,51.41069
dcs:who/itnwm.AGE--Y20T49,dcid:country/CMR,2011,20.49529
dcs:who/itnwm.AGE--Y15T19,dcid:country/CMR,2011,15.81047
dcs:who/itnwm.AGE--Y20T49,dcid:country/CMR,2004,1.54578
dcs:who/itnwm.AGE--Y15T19,dcid:country/CMR,2004,1.04717
dcs:who/itnwm,dcid:country/COD,2017,71.94682
dcs:who/itnwm,dcid:country/COD,2013,61.9014
dcs:who/itnwm,dcid:country/COD,2010,24.44986
dcs:who/itnwm,dcid:country/COD,2007,3.97929
dcs:who/itnwm.WEALTHQUINTILE--WQ3,dcid:country/COD,2017,49.62761
dcs:who/itnwm.WEALTHQUINTILE--WQ1,dcid:country/COD,2017,35.95225
dcs:who/itnwm.WEALTHQUINTILE--WQ2,dcid:country/COD,2017,55.12151
dcs:who/itnwm.WEALTHQUINTILE--WQ4,dcid:country/COD,2017,57.70268
dcs:who/itnwm.WEALTHQUINTILE--WQ5,dcid:country/COD,2017,78.16678
dcs:who/itnwm.WEALTHQUINTILE--WQ5,dcid:country/COD,2013,53.8578
dcs:who/itnwm.WEALTHQUINTILE--WQ2,dcid:country/COD,2013,61.83516
dcs:who/itnwm.WEALTHQUINTILE--WQ3,dcid:country/COD,2013,64.91081
dcs:who/itnwm.WEALTHQUINTILE--WQ4,dcid:country/COD,2013,64.52541
dcs:who/itnwm.WEALTHQUINTILE--WQ1,dcid:country/COD,2013,54.38577
dcs:who/itnwm.WEALTHQUINTILE--WQ4,dcid:country/COD,2010,42.81258
dcs:who/itnwm.WEALTHQUINTILE--WQ2,dcid:country/COD,2010,45.78489
dcs:who/itnwm.WEALTHQUINTILE--WQ5,dcid:country/COD,2010,47.78018
dcs:who/itnwm.WEALTHQUINTILE--WQ3,dcid:country/COD,2010,43.70215
dcs:who/itnwm.WEALTHQUINTILE--WQ1,dcid:country/COD,2010,35.22827
dcs:who/itnwm.WEALTHQUINTILE--WQ1,dcid:country/COD,2007,1.83303
dcs:who/itnwm.WEALTHQUINTILE--WQ3,dcid:country/COD,2007,9.43047
dcs:who/itnwm.WEALTHQUINTILE--WQ2,dcid:country/COD,2007,3.34109
dcs:who/itnwm.WEALTHQUINTILE--WQ5,dcid:country/COD,2007,7.48993
dcs:who/itnwm.WEALTHQUINTILE--WQ4,dcid:country/COD,2007,6.07326
dcs:who/itnwm.WEALTHDECILE--WEALTHDECILE07,dcid:country/COD,2017,59.02917
dcs:who/itnwm.WEALTHDECILE--WEALTHDECILE01,dcid:country/COD,2017,26.13372
dcs:who/itnwm.WEALTHDECILE--WEALTHDECILE10,dcid:country/COD,2017,76.34216
dcs:who/itnwm.WEALTHDECILE--WEALTHDECILE02,dcid:country/COD,2017,46.30737
dcs:who/itnwm.WEALTHDECILE--WEALTHDECILE04,dcid:country/COD,2017,61.52785
dcs:who/itnwm.WEALTHDECILE--WEALTHDECILE05,dcid:country/COD,2017,49.28437
dcs:who/itnwm.WEALTHDECILE--WEALTHDECILE03,dcid:country/COD,2017,47.63014
dcs:who/itnwm.WEALTHDECILE--WEALTHDECILE06,dcid:country/COD,2017,50.0
dcs:who/itnwm.WEALTHDECILE--WEALTHDECILE09,dcid:country/COD,2017,80.34484
dcs:who/itnwm.WEALTHDECILE--WEALTHDECILE08,dcid:country/COD,2017,56.36001
dcs:who/itnwm.WEALTHDECILE--WEALTHDECILE10,dcid:country/COD,2013,56.64418
dcs:who/itnwm.WEALTHDECILE--WEALTHDECILE07,dcid:country/COD,2013,69.10208
dcs:who/itnwm.WEALTHDECILE--WEALTHDECILE09,dcid:country/COD,2013,51.78222
dcs:who/itnwm.WEALTHDECILE--WEALTHDECILE06,dcid:country/COD,2013,69.75401
dcs:who/itnwm.WEALTHDECILE--WEALTHDECILE01,dcid:country/COD,2013,51.32999
dcs:who/itnwm.WEALTHDECILE--WEALTHDECILE03,dcid:country/COD,2013,65.68483
dcs:who/itnwm.WEALTHDECILE--WEALTHDECILE05,dcid:country/COD,2013,59.418
dcs:who/itnwm.WEALTHDECILE--WEALTHDECILE04,dcid:country/COD,2013,58.31182
dcs:who/itnwm.WEALTHDECILE--WEALTHDECILE02,dcid:country/COD,2013,57.54094
dcs:who/itnwm.WEALTHDECILE--WEALTHDECILE08,dcid:country/COD,2013,60.66887
dcs:who/itnwm.WEALTHDECILE--WEALTHDECILE06,dcid:country/COD,2010,47.62419
dcs:who/itnwm.WEALTHDECILE--WEALTHDECILE03,dcid:country/COD,2010,38.82471
dcs:who/itnwm.WEALTHDECILE--WEALTHDECILE08,dcid:country/COD,2010,42.23544
dcs:who/itnwm.WEALTHDECILE--WEALTHDECILE04,dcid:country/COD,2010,51.41815
dcs:who/itnwm.WEALTHDECILE--WEALTHDECILE05,dcid:country/COD,2010,39.29763
dcs:who/itnwm.WEALTHDECILE--WEALTHDECILE10,dcid:country/COD,2010,52.18385
dcs:who/itnwm.WEALTHDECILE--WEALTHDECILE02,dcid:country/COD,2010,32.71885
dcs:who/itnwm.WEALTHDECILE--WEALTHDECILE01,dcid:country/COD,2010,37.43913
dcs:who/itnwm.WEALTHDECILE--WEALTHDECILE09,dcid:country/COD,2010,43.60349
dcs:who/itnwm.WEALTHDECILE--WEALTHDECILE07,dcid:country/COD,2010,43.85484
dcs:who/itnwm.WEALTHDECILE--WEALTHDECILE07,dcid:country/COD,2007,7.57858
dcs:who/itnwm.WEALTHDECILE--WEALTHDECILE09,dcid:country/COD,2007,3.78823
dcs:who/itnwm.WEALTHDECILE--WEALTHDECILE08,dcid:country/COD,2007,4.16739
dcs:who/itnwm.WEALTHDECILE--WEALTHDECILE06,dcid:country/COD,2007,3.74215
dcs:who/itnwm.WEALTHDECILE--WEALTHDECILE05,dcid:country/COD,2007,13.56586
dcs:who/itnwm.WEALTHDECILE--WEALTHDECILE01,dcid:country/COD,2007,1.29259
dcs:who/itnwm.WEALTHDECILE--WEALTHDECILE04,dcid:country/COD,2007,4.42489
dcs:who/itnwm.WEALTHDECILE--WEALTHDECILE02,dcid:country/COD,2007,2.19583
dcs:who/itnwm.WEALTHDECILE--WEALTHDECILE10,dcid:country/COD,2007,12.76111
dcs:who/itnwm.WEALTHDECILE--WEALTHDECILE03,dcid:country/COD,2007,2.28978
dcs:who/itnwm.RESIDENCEAREATYPE--RUR,dcid:country/COD,2017,48.1817
dcs:who/itnwm.RESIDENCEAREATYPE--URB,dcid:country/COD,2017,62.06468
dcs:who/itnwm.RESIDENCEAREATYPE--RUR,dcid:country/COD,2013,61.31117
dcs:who/itnwm.RESIDENCEAREATYPE--URB,dcid:country/COD,2013,57.63055
dcs:who/itnwm.RESIDENCEAREATYPE--URB,dcid:country/COD,2010,43.03128
dcs:who/itnwm.RESIDENCEAREATYPE--RUR,dcid:country/COD,2010,42.44558
dcs:who/itnwm.RESIDENCEAREATYPE--URB,dcid:country/COD,2007,7.18067
dcs:who/itnwm.RESIDENCEAREATYPE--RUR,dcid:country/COD,2007,4.54396
dcs:who/itnwm.EDUCATIONLEVEL--NHLM,dcid:country/COD,2017,35.48841
dcs:who/itnwm.EDUCATIONLEVEL--PRLM,dcid:country/COD,2017,48.24498
dcs:who/itnwm.EDUCATIONLEVEL--SHLM,dcid:country/COD,2017,63.03745
dcs:who/itnwm.EDUCATIONLEVEL--SHLM,dcid:country/COD,2013,63.6904
dcs:who/itnwm.EDUCATIONLEVEL--PRLM,dcid:country/COD,2013,59.14812
dcs:who/itnwm.EDUCATIONLEVEL--NHLM,dcid:country/COD,2013,54.29622
dcs:who/itnwm.EDUCATIONLEVEL--PRLM,dcid:country/COD,2010,44.38077
dcs:who/itnwm.EDUCATIONLEVEL--NHLM,dcid:country/COD,2010,36.00376
dcs:who/itnwm.EDUCATIONLEVEL--SHLM,dcid:country/COD,2010,45.27397
dcs:who/itnwm.EDUCATIONLEVEL--SHLM,dcid:country/COD,2007,4.36593
dcs:who/itnwm.EDUCATIONLEVEL--PRLM,dcid:country/COD,2007,6.26194
dcs:who/itnwm.EDUCATIONLEVEL--NHLM,dcid:country/COD,2007,5.83788
dcs:who/itnwm.AGE--Y15T19,dcid:country/COD,2013,48.78355
dcs:who/itnwm.AGE--Y20T49,dcid:country/COD,2013,62.17283
dcs:who/itnwm.AGE--Y15T19,dcid:country/COD,2007,0.66613
dcs:who/itnwm.AGE--Y20T49,dcid:country/COD,2007,6.33929
dcs:who/itnwm,dcid:country/COG,2014,63.32208
dcs:who/itnwm,dcid:country/COG,2011,25.48164
dcs:who/itnwm,dcid:country/COG,2005,4.54512
dcs:who/itnwm.WEALTHQUINTILE--WQ2,dcid:country/COG,2014,64.14987
dcs:who/itnwm.WEALTHQUINTILE--WQ3,dcid:country/COG,2014,58.49478
dcs:who/itnwm.WEALTHQUINTILE--WQ4,dcid:country/COG,2014,62.09696
dcs:who/itnwm.WEALTHQUINTILE--WQ5,dcid:country/COG,2014,44.37191
dcs:who/itnwm.WEALTHQUINTILE--WQ1,dcid:country/COG,2014,70.13772
dcs:who/itnwm.WEALTHQUINTILE--WQ2,dcid:country/COG,2011,22.12752
dcs:who/itnwm.WEALTHQUINTILE--WQ3,dcid:country/COG,2011,34.96341
dcs:who/itnwm.WEALTHQUINTILE--WQ5,dcid:country/COG,2011,11.83994
dcs:who/itnwm.WEALTHQUINTILE--WQ4,dcid:country/COG,2011,22.83646
dcs:who/itnwm.WEALTHQUINTILE--WQ1,dcid:country/COG,2011,37.25256
dcs:who/itnwm.WEALTHQUINTILE--WQ4,dcid:country/COG,2005,3.83149
dcs:who/itnwm.WEALTHQUINTILE--WQ2,dcid:country/COG,2005,4.58932
dcs:who/itnwm.WEALTHQUINTILE--WQ5,dcid:country/COG,2005,4.80641
dcs:who/itnwm.WEALTHQUINTILE--WQ3,dcid:country/COG,2005,3.01903
dcs:who/itnwm.WEALTHQUINTILE--WQ1,dcid:country/COG,2005,4.75574
dcs:who/itnwm.WEALTHDECILE--WEALTHDECILE06,dcid:country/COG,2014,51.89415
dcs:who/itnwm.WEALTHDECILE--WEALTHDECILE08,dcid:country/COG,2014,57.22956
dcs:who/itnwm.WEALTHDECILE--WEALTHDECILE07,dcid:country/COG,2014,68.36098
dcs:who/itnwm.WEALTHDECILE--WEALTHDECILE09,dcid:country/COG,2014,62.88792
dcs:who/itnwm.WEALTHDECILE--WEALTHDECILE03,dcid:country/COG,2014,69.46277
dcs:who/itnwm.WEALTHDECILE--WEALTHDECILE10,dcid:country/COG,2014,28.64727
dcs:who/itnwm.WEALTHDECILE--WEALTHDECILE05,dcid:country/COG,2014,64.23677
dcs:who/itnwm.WEALTHDECILE--WEALTHDECILE04,dcid:country/COG,2014,59.15654
dcs:who/itnwm.WEALTHDECILE--WEALTHDECILE02,dcid:country/COG,2014,68.91575
dcs:who/itnwm.WEALTHDECILE--WEALTHDECILE01,dcid:country/COG,2014,71.36652
dcs:who/itnwm.WEALTHDECILE--WEALTHDECILE02,dcid:country/COG,2011,31.71338
dcs:who/itnwm.WEALTHDECILE--WEALTHDECILE09,dcid:country/COG,2011,10.38118
dcs:who/itnwm.WEALTHDECILE--WEALTHDECILE03,dcid:country/COG,2011,30.6643
dcs:who/itnwm.WEALTHDECILE--WEALTHDECILE06,dcid:country/COG,2011,32.90067
dcs:who/itnwm.WEALTHDECILE--WEALTHDECILE07,dcid:country/COG,2011,25.31736
dcs:who/itnwm.WEALTHDECILE--WEALTHDECILE01,dcid:country/COG,2011,41.77441
dcs:who/itnwm.WEALTHDECILE--WEALTHDECILE05,dcid:country/COG,2011,36.47675
dcs:who/itnwm.WEALTHDECILE--WEALTHDECILE08,dcid:country/COG,2011,19.67957
dcs:who/itnwm.WEALTHDECILE--WEALTHDECILE10,dcid:country/COG,2011,13.51725
dcs:who/itnwm.WEALTHDECILE--WEALTHDECILE04,dcid:country/COG,2011,16.05547
dcs:who/itnwm.WEALTHDECILE--WEALTHDECILE06,dcid:country/COG,2005,7.09857
dcs:who/itnwm.WEALTHDECILE--WEALTHDECILE03,dcid:country/COG,2005,9.48235
dcs:who/itnwm.WEALTHDECILE--WEALTHDECILE08,dcid:country/COG,2005,0.0
dcs:who/itnwm.WEALTHDECILE--WEALTHDECILE07,dcid:country/COG,2005,6.80029
dcs:who/itnwm.WEALTHDECILE--WEALTHDECILE04,dcid:country/COG,2005,0.98224
dcs:who/itnwm.WEALTHDECILE--WEALTHDECILE09,dcid:country/COG,2005,0.86751
dcs:who/itnwm.WEALTHDECILE--WEALTHDECILE10,dcid:country/COG,2005,8.36773
dcs:who/itnwm.WEALTHDECILE--WEALTHDECILE01,dcid:country/COG,2005,4.58568
dcs:who/itnwm.WEALTHDECILE--WEALTHDECILE02,dcid:country/COG,2005,4.93103
dcs:who/itnwm.WEALTHDECILE--WEALTHDECILE05,dcid:country/COG,2005,0.0
dcs:who/itnwm.RESIDENCEAREATYPE--RUR,dcid:country/COG,2014,69.48019
dcs:who/itnwm.RESIDENCEAREATYPE--URB,dcid:country/COG,2014,55.61053
dcs:who/itnwm.RESIDENCEAREATYPE--RUR,dcid:country/COG,2011,35.79383
dcs:who/itnwm.RESIDENCEAREATYPE--URB,dcid:country/COG,2011,21.42189
dcs:who/itnwm.RESIDENCEAREATYPE--URB,dcid:country/COG,2005,3.58768
dcs:who/itnwm.RESIDENCEAREATYPE--RUR,dcid:country/COG,2005,4.72638
dcs:who/itnwm.EDUCATIONLEVEL--NHLM,dcid:country/COG,2014,53.18658
dcs:who/itnwm.EDUCATIONLEVEL--SHLM,dcid:country/COG,2014,58.84415
dcs:who/itnwm.EDUCATIONLEVEL--PRLM,dcid:country/COG,2014,65.51099
dcs:who/itnwm.EDUCATIONLEVEL--SHLM,dcid:country/COG,2011,25.36758
dcs:who/itnwm.EDUCATIONLEVEL--PRLM,dcid:country/COG,2011,30.66332
dcs:who/itnwm.EDUCATIONLEVEL--NHLM,dcid:country/COG,2011,20.85982
dcs:who/itnwm.EDUCATIONLEVEL--SHLM,dcid:country/COG,2005,4.45477
dcs:who/itnwm.EDUCATIONLEVEL--PRLM,dcid:country/COG,2005,4.81536
dcs:who/itnwm.EDUCATIONLEVEL--NHLM,dcid:country/COG,2005,0.0
dcs:who/itnwm.AGE--Y20T49,dcid:country/COG,2011,26.05923
dcs:who/itnwm.AGE--Y15T19,dcid:country/COG,2011,28.70826
dcs:who/itnwm.AGE--Y20T49,dcid:country/COG,2005,4.50555
dcs:who/itnwm.AGE--Y15T19,dcid:country/COG,2005,3.18391
dcs:who/itnwm,dcid:country/COM,2012,54.81507
dcs:who/itnwm.WEALTHQUINTILE--WQ5,dcid:country/COM,2012,46.47399
dcs:who/itnwm.WEALTHQUINTILE--WQ4,dcid:country/COM,2012,37.4086
dcs:who/itnwm.WEALTHQUINTILE--WQ2,dcid:country/COM,2012,39.299
dcs:who/itnwm.WEALTHQUINTILE--WQ1,dcid:country/COM,2012,52.04203
dcs:who/itnwm.WEALTHQUINTILE--WQ3,dcid:country/COM,2012,48.96902
dcs:who/itnwm.WEALTHDECILE--WEALTHDECILE06,dcid:country/COM,2012,52.27504
dcs:who/itnwm.WEALTHDECILE--WEALTHDECILE05,dcid:country/COM,2012,44.5291
dcs:who/itnwm.WEALTHDECILE--WEALTHDECILE09,dcid:country/COM,2012,45.38702
dcs:who/itnwm.WEALTHDECILE--WEALTHDECILE08,dcid:country/COM,2012,43.96873
dcs:who/itnwm.WEALTHDECILE--WEALTHDECILE03,dcid:country/COM,2012,39.27779
dcs:who/itnwm.WEALTHDECILE--WEALTHDECILE01,dcid:country/COM,2012,36.28144
dcs:who/itnwm.WEALTHDECILE--WEALTHDECILE04,dcid:country/COM,2012,39.32448
dcs:who/itnwm.WEALTHDECILE--WEALTHDECILE02,dcid:country/COM,2012,64.30858
dcs:who/itnwm.RESIDENCEAREATYPE--URB,dcid:country/COM,2012,37.67573
dcs:who/itnwm.RESIDENCEAREATYPE--RUR,dcid:country/COM,2012,47.03527
dcs:who/itnwm.EDUCATIONLEVEL--NHLM,dcid:country/COM,2012,38.55094
dcs:who/itnwm.EDUCATIONLEVEL--SHLM,dcid:country/COM,2012,47.97758
dcs:who/itnwm.EDUCATIONLEVEL--PRLM,dcid:country/COM,2012,48.5494
dcs:who/itnwm.AGE--Y15T19,dcid:country/COM,2012,28.6636
dcs:who/itnwm.AGE--Y20T49,dcid:country/COM,2012,46.99385
dcs:who/itnwm,dcid:country/ETH,2005,5.71028
dcs:who/itnwm.WEALTHQUINTILE--WQ2,dcid:country/ETH,2005,0.29457
dcs:who/itnwm.WEALTHQUINTILE--WQ1,dcid:country/ETH,2005,0.93353
dcs:who/itnwm.WEALTHQUINTILE--WQ3,dcid:country/ETH,2005,0.049
dcs:who/itnwm.WEALTHQUINTILE--WQ5,dcid:country/ETH,2005,4.69908
dcs:who/itnwm.WEALTHQUINTILE--WQ4,dcid:country/ETH,2005,1.25284
dcs:who/itnwm.WEALTHDECILE--WEALTHDECILE02,dcid:country/ETH,2005,0.80945
dcs:who/itnwm.WEALTHDECILE--WEALTHDECILE08,dcid:country/ETH,2005,0.0
dcs:who/itnwm.WEALTHDECILE--WEALTHDECILE06,dcid:country/ETH,2005,0.0
dcs:who/itnwm.WEALTHDECILE--WEALTHDECILE04,dcid:country/ETH,2005,0.71541
dcs:who/itnwm.WEALTHDECILE--WEALTHDECILE01,dcid:country/ETH,2005,1.08907
dcs:who/itnwm.WEALTHDECILE--WEALTHDECILE07,dcid:country/ETH,2005,2.22909
dcs:who/itnwm.WEALTHDECILE--WEALTHDECILE05,dcid:country/ETH,2005,0.09225
dcs:who/itnwm.WEALTHDECILE--WEALTHDECILE10,dcid:country/ETH,2005,6.68442
dcs:who/itnwm.WEALTHDECILE--WEALTHDECILE03,dcid:country/ETH,2005,0.0
dcs:who/itnwm.WEALTHDECILE--WEALTHDECILE09,dcid:country/ETH,2005,4.07332
dcs:who/itnwm.RESIDENCEAREATYPE--RUR,dcid:country/ETH,2005,0.76649
dcs:who/itnwm.RESIDENCEAREATYPE--URB,dcid:country/ETH,2005,6.37265
dcs:who/itnwm.EDUCATIONLEVEL--SHLM,dcid:country/ETH,2005,6.09405
dcs:who/itnwm.EDUCATIONLEVEL--PRLM,dcid:country/ETH,2005,1.17419
dcs:who/itnwm.EDUCATIONLEVEL--NHLM,dcid:country/ETH,2005,0.83174
dcs:who/itnwm.AGE--Y20T49,dcid:country/ETH,2005,1.19088
dcs:who/itnwm.AGE--Y15T19,dcid:country/ETH,2005,0.0
dcs:who/itnwm,dcid:country/GAB,2012,46.66674
dcs:who/itnwm.WEALTHQUINTILE--WQ4,dcid:country/GAB,2012,17.56407
dcs:who/itnwm.WEALTHQUINTILE--WQ1,dcid:country/GAB,2012,35.75672
dcs:who/itnwm.WEALTHQUINTILE--WQ2,dcid:country/GAB,2012,37.91496
dcs:who/itnwm.WEALTHQUINTILE--WQ3,dcid:country/GAB,2012,36.75744
dcs:who/itnwm.WEALTHQUINTILE--WQ5,dcid:country/GAB,2012,14.33687
dcs:who/itnwm.WEALTHDECILE--WEALTHDECILE08,dcid:country/GAB,2012,11.33346
dcs:who/itnwm.WEALTHDECILE--WEALTHDECILE06,dcid:country/GAB,2012,37.68774
dcs:who/itnwm.WEALTHDECILE--WEALTHDECILE09,dcid:country/GAB,2012,14.70878
dcs:who/itnwm.WEALTHDECILE--WEALTHDECILE07,dcid:country/GAB,2012,24.71564
dcs:who/itnwm.WEALTHDECILE--WEALTHDECILE05,dcid:country/GAB,2012,35.92292
dcs:who/itnwm.WEALTHDECILE--WEALTHDECILE01,dcid:country/GAB,2012,33.69655
dcs:who/itnwm.WEALTHDECILE--WEALTHDECILE04,dcid:country/GAB,2012,38.45147
dcs:who/itnwm.WEALTHDECILE--WEALTHDECILE03,dcid:country/GAB,2012,37.3512
dcs:who/itnwm.WEALTHDECILE--WEALTHDECILE10,dcid:country/GAB,2012,13.78216
dcs:who/itnwm.WEALTHDECILE--WEALTHDECILE02,dcid:country/GAB,2012,37.48981
dcs:who/itnwm.RESIDENCEAREATYPE--URB,dcid:country/GAB,2012,27.55139
dcs:who/itnwm.RESIDENCEAREATYPE--RUR,dcid:country/GAB,2012,36.10127
dcs:who/itnwm.EDUCATIONLEVEL--PRLM,dcid:country/GAB,2012,31.38605
dcs:who/itnwm.EDUCATIONLEVEL--NHLM,dcid:country/GAB,2012,36.84784
dcs:who/itnwm.EDUCATIONLEVEL--SHLM,dcid:country/GAB,2012,27.21883
dcs:who/itnwm.AGE--Y20T49,dcid:country/GAB,2012,28.46603
dcs:who/itnwm.AGE--Y15T19,dcid:country/GAB,2012,29.49464
dcs:who/itnwm,dcid:country/GHA,2017,17.46776
dcs:who/itnwm,dcid:country/GHA,2014,50.23254
dcs:who/itnwm,dcid:country/GHA,2011,29.34547
dcs:who/itnwm,dcid:country/GHA,2008,23.99238
dcs:who/itnwm,dcid:country/GHA,2003,3.76277
dcs:who/itnwm.WEALTHQUINTILE--WQ2,dcid:country/GHA,2017,59.12336
dcs:who/itnwm.WEALTHQUINTILE--WQ1,dcid:country/GHA,2017,65.06221
dcs:who/itnwm.WEALTHQUINTILE--WQ4,dcid:country/GHA,2017,43.24706
dcs:who/itnwm.WEALTHQUINTILE--WQ3,dcid:country/GHA,2017,50.83411
dcs:who/itnwm.WEALTHQUINTILE--WQ5,dcid:country/GHA,2017,29.35008
dcs:who/itnwm.WEALTHQUINTILE--WQ2,dcid:country/GHA,2014,54.56552
dcs:who/itnwm.WEALTHQUINTILE--WQ3,dcid:country/GHA,2014,53.8254
dcs:who/itnwm.WEALTHQUINTILE--WQ1,dcid:country/GHA,2014,57.02867
dcs:who/itnwm.WEALTHQUINTILE--WQ5,dcid:country/GHA,2014,28.32873
dcs:who/itnwm.WEALTHQUINTILE--WQ4,dcid:country/GHA,2014,24.6494
dcs:who/itnwm.WEALTHQUINTILE--WQ2,dcid:country/GHA,2011,49.73002
dcs:who/itnwm.WEALTHQUINTILE--WQ3,dcid:country/GHA,2011,31.90866
dcs:who/itnwm.WEALTHQUINTILE--WQ5,dcid:country/GHA,2011,15.75504
dcs:who/itnwm.WEALTHQUINTILE--WQ1,dcid:country/GHA,2011,51.38189
dcs:who/itnwm.WEALTHQUINTILE--WQ4,dcid:country/GHA,2011,12.86179
dcs:who/itnwm.WEALTHQUINTILE--WQ3,dcid:country/GHA,2008,24.16031
dcs:who/itnwm.WEALTHQUINTILE--WQ4,dcid:country/GHA,2008,24.31057
dcs:who/itnwm.WEALTHQUINTILE--WQ5,dcid:country/GHA,2008,19.36501
dcs:who/itnwm.WEALTHQUINTILE--WQ1,dcid:country/GHA,2008,39.77671
dcs:who/itnwm.WEALTHQUINTILE--WQ2,dcid:country/GHA,2008,28.88752
dcs:who/itnwm.WEALTHQUINTILE--WQ3,dcid:country/GHA,2003,1.01433
dcs:who/itnwm.WEALTHQUINTILE--WQ4,dcid:country/GHA,2003,1.9124
dcs:who/itnwm.WEALTHQUINTILE--WQ2,dcid:country/GHA,2003,2.88026
dcs:who/itnwm.WEALTHQUINTILE--WQ5,dcid:country/GHA,2003,3.07785
dcs:who/itnwm.WEALTHQUINTILE--WQ1,dcid:country/GHA,2003,4.90542
dcs:who/itnwm.WEALTHDECILE--WEALTHDECILE09,dcid:country/GHA,2017,39.71877
dcs:who/itnwm.WEALTHDECILE--WEALTHDECILE03,dcid:country/GHA,2017,63.46995
dcs:who/itnwm.WEALTHDECILE--WEALTHDECILE06,dcid:country/GHA,2017,41.26672
dcs:who/itnwm.WEALTHDECILE--WEALTHDECILE04,dcid:country/GHA,2017,52.88377
dcs:who/itnwm.WEALTHDECILE--WEALTHDECILE10,dcid:country/GHA,2017,14.98973
dcs:who/itnwm.WEALTHDECILE--WEALTHDECILE02,dcid:country/GHA,2017,58.08494
dcs:who/itnwm.WEALTHDECILE--WEALTHDECILE08,dcid:country/GHA,2017,35.51102
dcs:who/itnwm.WEALTHDECILE--WEALTHDECILE01,dcid:country/GHA,2017,70.63562
dcs:who/itnwm.WEALTHDECILE--WEALTHDECILE07,dcid:country/GHA,2017,52.30135
dcs:who/itnwm.WEALTHDECILE--WEALTHDECILE05,dcid:country/GHA,2017,56.43655
dcs:who/itnwm.WEALTHDECILE--WEALTHDECILE09,dcid:country/GHA,2014,32.81537
dcs:who/itnwm.WEALTHDECILE--WEALTHDECILE05,dcid:country/GHA,2014,57.52872
dcs:who/itnwm.WEALTHDECILE--WEALTHDECILE03,dcid:country/GHA,2014,58.93386
dcs:who/itnwm.WEALTHDECILE--WEALTHDECILE08,dcid:country/GHA,2014,27.34474
dcs:who/itnwm.WEALTHDECILE--WEALTHDECILE10,dcid:country/GHA,2014,22.72041
dcs:who/itnwm.WEALTHDECILE--WEALTHDECILE07,dcid:country/GHA,2014,22.25638
dcs:who/itnwm.WEALTHDECILE--WEALTHDECILE04,dcid:country/GHA,2014,51.09392
dcs:who/itnwm.WEALTHDECILE--WEALTHDECILE01,dcid:country/GHA,2014,47.5036
dcs:who/itnwm.WEALTHDECILE--WEALTHDECILE02,dcid:country/GHA,2014,66.90183
dcs:who/itnwm.WEALTHDECILE--WEALTHDECILE06,dcid:country/GHA,2014,48.46163
dcs:who/itnwm.WEALTHDECILE--WEALTHDECILE04,dcid:country/GHA,2011,48.89819
dcs:who/itnwm.WEALTHDECILE--WEALTHDECILE07,dcid:country/GHA,2011,10.84842
dcs:who/itnwm.WEALTHDECILE--WEALTHDECILE05,dcid:country/GHA,2011,27.85498
dcs:who/itnwm.WEALTHDECILE--WEALTHDECILE09,dcid:country/GHA,2011,15.46007
dcs:who/itnwm.WEALTHDECILE--WEALTHDECILE08,dcid:country/GHA,2011,15.16759
dcs:who/itnwm.WEALTHDECILE--WEALTHDECILE10,dcid:country/GHA,2011,16.10316
dcs:who/itnwm.WEALTHDECILE--WEALTHDECILE02,dcid:country/GHA,2011,54.73874
dcs:who/itnwm.WEALTHDECILE--WEALTHDECILE06,dcid:country/GHA,2011,36.59554
dcs:who/itnwm.WEALTHDECILE--WEALTHDECILE03,dcid:country/GHA,2011,50.60964
dcs:who/itnwm.WEALTHDECILE--WEALTHDECILE01,dcid:country/GHA,2011,47.94773
dcs:who/itnwm.WEALTHDECILE--WEALTHDECILE01,dcid:country/GHA,2008,34.78492
dcs:who/itnwm.WEALTHDECILE--WEALTHDECILE03,dcid:country/GHA,2008,32.27113
dcs:who/itnwm.WEALTHDECILE--WEALTHDECILE05,dcid:country/GHA,2008,32.03377
dcs:who/itnwm.WEALTHDECILE--WEALTHDECILE09,dcid:country/GHA,2008,21.63098
dcs:who/itnwm.WEALTHDECILE--WEALTHDECILE10,dcid:country/GHA,2008,17.01971
dcs:who/itnwm.WEALTHDECILE--WEALTHDECILE06,dcid:country/GHA,2008,15.54774
dcs:who/itnwm.WEALTHDECILE--WEALTHDECILE04,dcid:country/GHA,2008,26.09984
dcs:who/itnwm.WEALTHDECILE--WEALTHDECILE08,dcid:country/GHA,2008,24.60499
dcs:who/itnwm.WEALTHDECILE--WEALTHDECILE02,dcid:country/GHA,2008,44.00969
dcs:who/itnwm.WEALTHDECILE--WEALTHDECILE07,dcid:country/GHA,2008,24.1044
dcs:who/itnwm.WEALTHDECILE--WEALTHDECILE07,dcid:country/GHA,2003,0.60195
dcs:who/itnwm.WEALTHDECILE--WEALTHDECILE08,dcid:country/GHA,2003,3.41584
dcs:who/itnwm.WEALTHDECILE--WEALTHDECILE02,dcid:country/GHA,2003,3.0113
dcs:who/itnwm.WEALTHDECILE--WEALTHDECILE05,dcid:country/GHA,2003,0.0
dcs:who/itnwm.WEALTHDECILE--WEALTHDECILE03,dcid:country/GHA,2003,0.94138
dcs:who/itnwm.WEALTHDECILE--WEALTHDECILE06,dcid:country/GHA,2003,2.22794
dcs:who/itnwm.WEALTHDECILE--WEALTHDECILE04,dcid:country/GHA,2003,6.4596
dcs:who/itnwm.WEALTHDECILE--WEALTHDECILE01,dcid:country/GHA,2003,6.29568
dcs:who/itnwm.WEALTHDECILE--WEALTHDECILE09,dcid:country/GHA,2003,1.98464
dcs:who/itnwm.RESIDENCEAREATYPE--RUR,dcid:country/GHA,2017,61.52107
dcs:who/itnwm.RESIDENCEAREATYPE--URB,dcid:country/GHA,2017,35.4571
dcs:who/itnwm.RESIDENCEAREATYPE--URB,dcid:country/GHA,2014,30.68913
dcs:who/itnwm.RESIDENCEAREATYPE--RUR,dcid:country/GHA,2014,55.08432
dcs:who/itnwm.RESIDENCEAREATYPE--RUR,dcid:country/GHA,2011,43.57932
dcs:who/itnwm.RESIDENCEAREATYPE--URB,dcid:country/GHA,2011,18.79134
dcs:who/itnwm.RESIDENCEAREATYPE--URB,dcid:country/GHA,2008,17.99497
dcs:who/itnwm.RESIDENCEAREATYPE--RUR,dcid:country/GHA,2008,33.72734
dcs:who/itnwm.RESIDENCEAREATYPE--URB,dcid:country/GHA,2003,1.64137
dcs:who/itnwm.RESIDENCEAREATYPE--RUR,dcid:country/GHA,2003,3.31939
dcs:who/itnwm.EDUCATIONLEVEL--SHLM,dcid:country/GHA,2017,43.36468
dcs:who/itnwm.EDUCATIONLEVEL--NHLM,dcid:country/GHA,2017,56.76626
dcs:who/itnwm.EDUCATIONLEVEL--PRLM,dcid:country/GHA,2017,60.17323
dcs:who/itnwm.EDUCATIONLEVEL--NHLM,dcid:country/GHA,2014,47.83378
dcs:who/itnwm.EDUCATIONLEVEL--PRLM,dcid:country/GHA,2014,55.76864
dcs:who/itnwm.EDUCATIONLEVEL--SHLM,dcid:country/GHA,2014,37.45089
dcs:who/itnwm.EDUCATIONLEVEL--SHLM,dcid:country/GHA,2011,26.85389
dcs:who/itnwm.EDUCATIONLEVEL--NHLM,dcid:country/GHA,2011,42.16122
dcs:who/itnwm.EDUCATIONLEVEL--PRLM,dcid:country/GHA,2011,33.02909
dcs:who/itnwm.EDUCATIONLEVEL--PRLM,dcid:country/GHA,2008,29.02545
dcs:who/itnwm.EDUCATIONLEVEL--SHLM,dcid:country/GHA,2008,24.65105
dcs:who/itnwm.EDUCATIONLEVEL--NHLM,dcid:country/GHA,2008,31.04085
dcs:who/itnwm.EDUCATIONLEVEL--SHLM,dcid:country/GHA,2003,3.32934
dcs:who/itnwm.EDUCATIONLEVEL--PRLM,dcid:country/GHA,2003,0.0
dcs:who/itnwm.EDUCATIONLEVEL--NHLM,dcid:country/GHA,2003,3.80505
dcs:who/itnwm.AGE--Y20T49,dcid:country/GHA,2014,43.63411
dcs:who/itnwm.AGE--Y15T19,dcid:country/GHA,2014,36.47293
dcs:who/itnwm.AGE--Y15T19,dcid:country/GHA,2008,25.01675
dcs:who/itnwm.AGE--Y20T49,dcid:country/GHA,2008,27.48441
dcs:who/itnwm.AGE--Y20T49,dcid:country/GHA,2003,3.13254
dcs:who/itnwm.AGE--Y15T19,dcid:country/GHA,2003,0.0
dcs:who/itnwm,dcid:country/GIN,2018,16.83108
dcs:who/itnwm,dcid:country/GIN,2016,55.9801
dcs:who/itnwm,dcid:country/GIN,2012,16.2296
dcs:who/itnwm,dcid:country/GIN,2005,0.0
dcs:who/itnwm.WEALTHQUINTILE--WQ5,dcid:country/GIN,2018,29.07257
dcs:who/itnwm.WEALTHQUINTILE--WQ4,dcid:country/GIN,2018,24.50558
dcs:who/itnwm.WEALTHQUINTILE--WQ3,dcid:country/GIN,2018,29.80705
dcs:who/itnwm.WEALTHQUINTILE--WQ1,dcid:country/GIN,2018,27.4184
dcs:who/itnwm.WEALTHQUINTILE--WQ2,dcid:country/GIN,2018,30.31577
dcs:who/itnwm.WEALTHQUINTILE--WQ4,dcid:country/GIN,2016,45.53897
dcs:who/itnwm.WEALTHQUINTILE--WQ1,dcid:country/GIN,2016,58.46458
dcs:who/itnwm.WEALTHQUINTILE--WQ2,dcid:country/GIN,2016,61.47172
dcs:who/itnwm.WEALTHQUINTILE--WQ5,dcid:country/GIN,2016,37.61669
dcs:who/itnwm.WEALTHQUINTILE--WQ3,dcid:country/GIN,2016,61.13199
dcs:who/itnwm.WEALTHQUINTILE--WQ4,dcid:country/GIN,2012,28.83741
dcs:who/itnwm.WEALTHQUINTILE--WQ3,dcid:country/GIN,2012,27.16697
dcs:who/itnwm.WEALTHQUINTILE--WQ5,dcid:country/GIN,2012,16.84733
dcs:who/itnwm.WEALTHQUINTILE--WQ2,dcid:country/GIN,2012,33.84206
dcs:who/itnwm.WEALTHQUINTILE--WQ1,dcid:country/GIN,2012,29.42549
dcs:who/itnwm.WEALTHQUINTILE--WQ1,dcid:country/GIN,2005,0.488
dcs:who/itnwm.WEALTHQUINTILE--WQ2,dcid:country/GIN,2005,2.05922
dcs:who/itnwm.WEALTHQUINTILE--WQ5,dcid:country/GIN,2005,5.21102
dcs:who/itnwm.WEALTHQUINTILE--WQ3,dcid:country/GIN,2005,0.31709
dcs:who/itnwm.WEALTHQUINTILE--WQ4,dcid:country/GIN,2005,0.0
dcs:who/itnwm.WEALTHDECILE--WEALTHDECILE05,dcid:country/GIN,2018,26.33096
dcs:who/itnwm.WEALTHDECILE--WEALTHDECILE09,dcid:country/GIN,2018,28.18612
dcs:who/itnwm.WEALTHDECILE--WEALTHDECILE04,dcid:country/GIN,2018,34.15938
dcs:who/itnwm.WEALTHDECILE--WEALTHDECILE08,dcid:country/GIN,2018,25.29319
dcs:who/itnwm.WEALTHDECILE--WEALTHDECILE01,dcid:country/GIN,2018,20.14319
dcs:who/itnwm.WEALTHDECILE--WEALTHDECILE02,dcid:country/GIN,2018,32.66639
dcs:who/itnwm.WEALTHDECILE--WEALTHDECILE07,dcid:country/GIN,2018,23.88556
dcs:who/itnwm.WEALTHDECILE--WEALTHDECILE10,dcid:country/GIN,2018,30.0909
dcs:who/itnwm.WEALTHDECILE--WEALTHDECILE06,dcid:country/GIN,2018,33.26546
dcs:who/itnwm.WEALTHDECILE--WEALTHDECILE03,dcid:country/GIN,2018,26.63996
dcs:who/itnwm.WEALTHDECILE--WEALTHDECILE09,dcid:country/GIN,2016,38.08373
dcs:who/itnwm.WEALTHDECILE--WEALTHDECILE08,dcid:country/GIN,2016,49.1288
dcs:who/itnwm.WEALTHDECILE--WEALTHDECILE06,dcid:country/GIN,2016,61.32781
dcs:who/itnwm.WEALTHDECILE--WEALTHDECILE07,dcid:country/GIN,2016,42.52605
dcs:who/itnwm.WEALTHDECILE--WEALTHDECILE05,dcid:country/GIN,2016,60.946
dcs:who/itnwm.WEALTHDECILE--WEALTHDECILE01,dcid:country/GIN,2016,59.95151
dcs:who/itnwm.WEALTHDECILE--WEALTHDECILE04,dcid:country/GIN,2016,67.50488
dcs:who/itnwm.WEALTHDECILE--WEALTHDECILE10,dcid:country/GIN,2016,37.03437
dcs:who/itnwm.WEALTHDECILE--WEALTHDECILE02,dcid:country/GIN,2016,57.24953
dcs:who/itnwm.WEALTHDECILE--WEALTHDECILE03,dcid:country/GIN,2016,57.40368
dcs:who/itnwm.WEALTHDECILE--WEALTHDECILE07,dcid:country/GIN,2012,31.09307
dcs:who/itnwm.WEALTHDECILE--WEALTHDECILE08,dcid:country/GIN,2012,27.18854
dcs:who/itnwm.WEALTHDECILE--WEALTHDECILE09,dcid:country/GIN,2012,19.37724
dcs:who/itnwm.WEALTHDECILE--WEALTHDECILE02,dcid:country/GIN,2012,25.64244
dcs:who/itnwm.WEALTHDECILE--WEALTHDECILE10,dcid:country/GIN,2012,14.46386
dcs:who/itnwm.WEALTHDECILE--WEALTHDECILE05,dcid:country/GIN,2012,28.51529
dcs:who/itnwm.WEALTHDECILE--WEALTHDECILE04,dcid:country/GIN,2012,31.59779
dcs:who/itnwm.WEALTHDECILE--WEALTHDECILE06,dcid:country/GIN,2012,24.99285
dcs:who/itnwm.WEALTHDECILE--WEALTHDECILE03,dcid:country/GIN,2012,37.4637
dcs:who/itnwm.WEALTHDECILE--WEALTHDECILE01,dcid:country/GIN,2012,33.33714
dcs:who/itnwm.WEALTHDECILE--WEALTHDECILE02,dcid:country/GIN,2005,1.02322
dcs:who/itnwm.WEALTHDECILE--WEALTHDECILE09,dcid:country/GIN,2005,5.82192
dcs:who/itnwm.WEALTHDECILE--WEALTHDECILE03,dcid:country/GIN,2005,0.0
dcs:who/itnwm.WEALTHDECILE--WEALTHDECILE05,dcid:country/GIN,2005,0.64607
dcs:who/itnwm.WEALTHDECILE--WEALTHDECILE04,dcid:country/GIN,2005,4.73447
dcs:who/itnwm.WEALTHDECILE--WEALTHDECILE08,dcid:country/GIN,2005,0.0
dcs:who/itnwm.WEALTHDECILE--WEALTHDECILE01,dcid:country/GIN,2005,0.0
dcs:who/itnwm.WEALTHDECILE--WEALTHDECILE07,dcid:country/GIN,2005,0.0
dcs:who/itnwm.WEALTHDECILE--WEALTHDECILE10,dcid:country/GIN,2005,4.31799
dcs:who/itnwm.WEALTHDECILE--WEALTHDECILE06,dcid:country/GIN,2005,0.0
dcs:who/itnwm.RESIDENCEAREATYPE--RUR,dcid:country/GIN,2018,28.88356
dcs:who/itnwm.RESIDENCEAREATYPE--URB,dcid:country/GIN,2018,26.32569
dcs:who/itnwm.RESIDENCEAREATYPE--URB,dcid:country/GIN,2016,43.45137
dcs:who/itnwm.RESIDENCEAREATYPE--RUR,dcid:country/GIN,2016,58.83098
dcs:who/itnwm.RESIDENCEAREATYPE--URB,dcid:country/GIN,2012,23.4893
dcs:who/itnwm.RESIDENCEAREATYPE--RUR,dcid:country/GIN,2012,29.74769
dcs:who/itnwm.RESIDENCEAREATYPE--URB,dcid:country/GIN,2005,3.55407
dcs:who/itnwm.RESIDENCEAREATYPE--RUR,dcid:country/GIN,2005,0.77985
dcs:who/itnwm.EDUCATIONLEVEL--SHLM,dcid:country/GIN,2018,29.10402
dcs:who/itnwm.EDUCATIONLEVEL--NHLM,dcid:country/GIN,2018,28.52922
dcs:who/itnwm.EDUCATIONLEVEL--PRLM,dcid:country/GIN,2018,25.50588
dcs:who/itnwm.EDUCATIONLEVEL--SHLM,dcid:country/GIN,2016,41.11006
dcs:who/itnwm.EDUCATIONLEVEL--NHLM,dcid:country/GIN,2016,55.63306
dcs:who/itnwm.EDUCATIONLEVEL--PRLM,dcid:country/GIN,2016,61.20974
dcs:who/itnwm.EDUCATIONLEVEL--NHLM,dcid:country/GIN,2012,30.00644
dcs:who/itnwm.EDUCATIONLEVEL--SHLM,dcid:country/GIN,2012,23.28552
dcs:who/itnwm.EDUCATIONLEVEL--PRLM,dcid:country/GIN,2012,20.59678
dcs:who/itnwm.EDUCATIONLEVEL--SHLM,dcid:country/GIN,2005,1.05544
dcs:who/itnwm.EDUCATIONLEVEL--PRLM,dcid:country/GIN,2005,1.20149
dcs:who/itnwm.EDUCATIONLEVEL--NHLM,dcid:country/GIN,2005,1.48588
dcs:who/itnwm.AGE--Y15T19,dcid:country/GIN,2018,27.08492
dcs:who/itnwm.AGE--Y20T49,dcid:country/GIN,2018,28.34501
dcs:who/itnwm.AGE--Y20T49,dcid:country/GIN,2012,29.99548
dcs:who/itnwm.AGE--Y15T19,dcid:country/GIN,2012,19.63143
dcs:who/itnwm.AGE--Y20T49,dcid:country/GIN,2005,1.35798
dcs:who/itnwm.AGE--Y15T19,dcid:country/GIN,2005,1.79197
dcs:who/itnwm,dcid:country/GMB,2018,50.34162
dcs:who/itnwm,dcid:country/GMB,2013,55.15625
dcs:who/itnwm,dcid:country/GMB,2010,25.40337
dcs:who/itnwm.WEALTHQUINTILE--WQ2,dcid:country/GMB,2018,61.96551
dcs:who/itnwm.WEALTHQUINTILE--WQ1,dcid:country/GMB,2018,56.88059
dcs:who/itnwm.WEALTHQUINTILE--WQ3,dcid:country/GMB,2018,50.40969
dcs:who/itnwm.WEALTHQUINTILE--WQ5,dcid:country/GMB,2018,29.43024
dcs:who/itnwm.WEALTHQUINTILE--WQ4,dcid:country/GMB,2018,55.55716
dcs:who/itnwm.WEALTHQUINTILE--WQ4,dcid:country/GMB,2013,42.90308
dcs:who/itnwm.WEALTHQUINTILE--WQ5,dcid:country/GMB,2013,38.58475
dcs:who/itnwm.WEALTHQUINTILE--WQ2,dcid:country/GMB,2013,49.33302
dcs:who/itnwm.WEALTHQUINTILE--WQ1,dcid:country/GMB,2013,50.50885
dcs:who/itnwm.WEALTHQUINTILE--WQ3,dcid:country/GMB,2013,47.18067
dcs:who/itnwm.WEALTHQUINTILE--WQ2,dcid:country/GMB,2010,25.23116
dcs:who/itnwm.WEALTHQUINTILE--WQ3,dcid:country/GMB,2010,29.59282
dcs:who/itnwm.WEALTHQUINTILE--WQ1,dcid:country/GMB,2010,35.29902
dcs:who/itnwm.WEALTHQUINTILE--WQ5,dcid:country/GMB,2010,18.25795
dcs:who/itnwm.WEALTHQUINTILE--WQ4,dcid:country/GMB,2010,21.25211
dcs:who/itnwm.WEALTHDECILE--WEALTHDECILE04,dcid:country/GMB,2018,60.47752
dcs:who/itnwm.WEALTHDECILE--WEALTHDECILE07,dcid:country/GMB,2018,55.47413
dcs:who/itnwm.WEALTHDECILE--WEALTHDECILE03,dcid:country/GMB,2018,63.63625
dcs:who/itnwm.WEALTHDECILE--WEALTHDECILE06,dcid:country/GMB,2018,47.30258
dcs:who/itnwm.WEALTHDECILE--WEALTHDECILE08,dcid:country/GMB,2018,55.6336
dcs:who/itnwm.WEALTHDECILE--WEALTHDECILE09,dcid:country/GMB,2018,27.99172
dcs:who/itnwm.WEALTHDECILE--WEALTHDECILE05,dcid:country/GMB,2018,53.56315
dcs:who/itnwm.WEALTHDECILE--WEALTHDECILE02,dcid:country/GMB,2018,55.24948
dcs:who/itnwm.WEALTHDECILE--WEALTHDECILE10,dcid:country/GMB,2018,30.849
dcs:who/itnwm.WEALTHDECILE--WEALTHDECILE01,dcid:country/GMB,2018,58.29002
dcs:who/itnwm.WEALTHDECILE--WEALTHDECILE08,dcid:country/GMB,2013,53.65592
dcs:who/itnwm.WEALTHDECILE--WEALTHDECILE09,dcid:country/GMB,2013,53.3686
dcs:who/itnwm.WEALTHDECILE--WEALTHDECILE07,dcid:country/GMB,2013,31.26666
dcs:who/itnwm.WEALTHDECILE--WEALTHDECILE06,dcid:country/GMB,2013,48.55839
dcs:who/itnwm.WEALTHDECILE--WEALTHDECILE04,dcid:country/GMB,2013,50.50449
dcs:who/itnwm.WEALTHDECILE--WEALTHDECILE01,dcid:country/GMB,2013,48.1939
dcs:who/itnwm.WEALTHDECILE--WEALTHDECILE05,dcid:country/GMB,2013,45.9058
dcs:who/itnwm.WEALTHDECILE--WEALTHDECILE02,dcid:country/GMB,2013,52.50908
dcs:who/itnwm.WEALTHDECILE--WEALTHDECILE03,dcid:country/GMB,2013,48.26526
dcs:who/itnwm.WEALTHDECILE--WEALTHDECILE10,dcid:country/GMB,2013,24.23778
dcs:who/itnwm.WEALTHDECILE--WEALTHDECILE03,dcid:country/GMB,2010,23.88477
dcs:who/itnwm.WEALTHDECILE--WEALTHDECILE08,dcid:country/GMB,2010,23.8809
dcs:who/itnwm.WEALTHDECILE--WEALTHDECILE05,dcid:country/GMB,2010,32.36344
dcs:who/itnwm.WEALTHDECILE--WEALTHDECILE09,dcid:country/GMB,2010,18.9725
dcs:who/itnwm.WEALTHDECILE--WEALTHDECILE01,dcid:country/GMB,2010,33.39891
dcs:who/itnwm.WEALTHDECILE--WEALTHDECILE04,dcid:country/GMB,2010,26.24542
dcs:who/itnwm.WEALTHDECILE--WEALTHDECILE10,dcid:country/GMB,2010,17.24487
dcs:who/itnwm.WEALTHDECILE--WEALTHDECILE07,dcid:country/GMB,2010,18.87736
dcs:who/itnwm.WEALTHDECILE--WEALTHDECILE02,dcid:country/GMB,2010,37.83205
dcs:who/itnwm.WEALTHDECILE--WEALTHDECILE06,dcid:country/GMB,2010,27.47346
dcs:who/itnwm.RESIDENCEAREATYPE--RUR,dcid:country/GMB,2018,55.23826
dcs:who/itnwm.RESIDENCEAREATYPE--URB,dcid:country/GMB,2018,51.07018
dcs:who/itnwm.RESIDENCEAREATYPE--RUR,dcid:country/GMB,2013,46.10687
dcs:who/itnwm.RESIDENCEAREATYPE--URB,dcid:country/GMB,2013,46.05882
dcs:who/itnwm.RESIDENCEAREATYPE--RUR,dcid:country/GMB,2010,29.88355
dcs:who/itnwm.RESIDENCEAREATYPE--URB,dcid:country/GMB,2010,21.01135
dcs:who/itnwm.EDUCATIONLEVEL--PRLM,dcid:country/GMB,2018,47.68478
dcs:who/itnwm.EDUCATIONLEVEL--NHLM,dcid:country/GMB,2018,54.12317
dcs:who/itnwm.EDUCATIONLEVEL--SHLM,dcid:country/GMB,2018,52.60804
dcs:who/itnwm.EDUCATIONLEVEL--PRLM,dcid:country/GMB,2013,45.66682
dcs:who/itnwm.EDUCATIONLEVEL--SHLM,dcid:country/GMB,2013,48.2803
dcs:who/itnwm.EDUCATIONLEVEL--NHLM,dcid:country/GMB,2013,45.34907
dcs:who/itnwm.EDUCATIONLEVEL--NHLM,dcid:country/GMB,2010,26.65175
dcs:who/itnwm.EDUCATIONLEVEL--PRLM,dcid:country/GMB,2010,33.20438
dcs:who/itnwm.EDUCATIONLEVEL--SHLM,dcid:country/GMB,2010,19.69146
dcs:who/itnwm.AGE--Y15T19,dcid:country/GMB,2013,32.72275
dcs:who/itnwm.AGE--Y20T49,dcid:country/GMB,2013,48.27063
dcs:who/itnwm,dcid:country/GNB,2014,59.41749
dcs:who/itnwm.WEALTHQUINTILE--WQ1,dcid:country/GNB,2014,82.0525
dcs:who/itnwm.WEALTHQUINTILE--WQ3,dcid:country/GNB,2014,76.49951
dcs:who/itnwm.WEALTHQUINTILE--WQ2,dcid:country/GNB,2014,71.96487
dcs:who/itnwm.WEALTHQUINTILE--WQ4,dcid:country/GNB,2014,86.71095
dcs:who/itnwm.WEALTHQUINTILE--WQ5,dcid:country/GNB,2014,82.01464
dcs:who/itnwm.WEALTHDECILE--WEALTHDECILE01,dcid:country/GNB,2014,82.60893
dcs:who/itnwm.WEALTHDECILE--WEALTHDECILE06,dcid:country/GNB,2014,80.33232
dcs:who/itnwm.WEALTHDECILE--WEALTHDECILE04,dcid:country/GNB,2014,69.37163
dcs:who/itnwm.WEALTHDECILE--WEALTHDECILE08,dcid:country/GNB,2014,84.89882
dcs:who/itnwm.WEALTHDECILE--WEALTHDECILE03,dcid:country/GNB,2014,74.20728
dcs:who/itnwm.WEALTHDECILE--WEALTHDECILE05,dcid:country/GNB,2014,74.12251
dcs:who/itnwm.WEALTHDECILE--WEALTHDECILE02,dcid:country/GNB,2014,81.40013
dcs:who/itnwm.WEALTHDECILE--WEALTHDECILE09,dcid:country/GNB,2014,83.43375
dcs:who/itnwm.WEALTHDECILE--WEALTHDECILE07,dcid:country/GNB,2014,88.27603
dcs:who/itnwm.RESIDENCEAREATYPE--RUR,dcid:country/GNB,2014,77.15018
dcs:who/itnwm.RESIDENCEAREATYPE--URB,dcid:country/GNB,2014,83.7822
dcs:who/itnwm.EDUCATIONLEVEL--NHLM,dcid:country/GNB,2014,77.08376
dcs:who/itnwm.EDUCATIONLEVEL--SHLM,dcid:country/GNB,2014,87.52394
dcs:who/itnwm.EDUCATIONLEVEL--PRLM,dcid:country/GNB,2014,79.19463
dcs:who/itnwm,dcid:country/GUY,2014,2.7006
dcs:who/itnwm,dcid:country/GUY,2009,38.4037
dcs:who/itnwm.WEALTHQUINTILE--WQ2,dcid:country/GUY,2014,3.26527
dcs:who/itnwm.WEALTHQUINTILE--WQ1,dcid:country/GUY,2014,12.83669
dcs:who/itnwm.WEALTHQUINTILE--WQ3,dcid:country/GUY,2014,1.28078
dcs:who/itnwm.WEALTHQUINTILE--WQ5,dcid:country/GUY,2014,9.55966
dcs:who/itnwm.WEALTHQUINTILE--WQ4,dcid:country/GUY,2014,2.72402
dcs:who/itnwm.WEALTHQUINTILE--WQ5,dcid:country/GUY,2009,19.24359
dcs:who/itnwm.WEALTHQUINTILE--WQ3,dcid:country/GUY,2009,25.48203
dcs:who/itnwm.WEALTHQUINTILE--WQ4,dcid:country/GUY,2009,25.16884
dcs:who/itnwm.WEALTHQUINTILE--WQ2,dcid:country/GUY,2009,36.85125
dcs:who/itnwm.WEALTHQUINTILE--WQ1,dcid:country/GUY,2009,38.76129
dcs:who/itnwm.WEALTHDECILE--WEALTHDECILE03,dcid:country/GUY,2014,5.61279
dcs:who/itnwm.WEALTHDECILE--WEALTHDECILE01,dcid:country/GUY,2014,23.87
dcs:who/itnwm.WEALTHDECILE--WEALTHDECILE04,dcid:country/GUY,2014,0.44625
dcs:who/itnwm.WEALTHDECILE--WEALTHDECILE02,dcid:country/GUY,2014,4.34146
dcs:who/itnwm.WEALTHDECILE--WEALTHDECILE08,dcid:country/GUY,2014,0.0
dcs:who/itnwm.WEALTHDECILE--WEALTHDECILE03,dcid:country/GUY,2009,18.28553
dcs:who/itnwm.WEALTHDECILE--WEALTHDECILE01,dcid:country/GUY,2009,37.53072
dcs:who/itnwm.RESIDENCEAREATYPE--RUR,dcid:country/GUY,2014,9.03982
dcs:who/itnwm.RESIDENCEAREATYPE--URB,dcid:country/GUY,2014,0.0
dcs:who/itnwm.RESIDENCEAREATYPE--URB,dcid:country/GUY,2009,12.81453
dcs:who/itnwm.RESIDENCEAREATYPE--RUR,dcid:country/GUY,2009,35.02583
dcs:who/itnwm.EDUCATIONLEVEL--PRLM,dcid:country/GUY,2014,11.813
dcs:who/itnwm.EDUCATIONLEVEL--SHLM,dcid:country/GUY,2014,5.96783
dcs:who/itnwm.EDUCATIONLEVEL--SHLM,dcid:country/GUY,2009,30.83073
dcs:who/itnwm.EDUCATIONLEVEL--PRLM,dcid:country/GUY,2009,33.37287
dcs:who/itnwm.AGE--Y15T19,dcid:country/GUY,2009,39.14246
dcs:who/itnwm.AGE--Y20T49,dcid:country/GUY,2009,28.67956
dcs:who/itnwm,dcid:country/HTI,2016,29.4985
dcs:who/itnwm,dcid:country/HTI,2012,8.51733
dcs:who/itnwm.WEALTHQUINTILE--WQ4,dcid:country/HTI,2016,23.83357
dcs:who/itnwm.WEALTHQUINTILE--WQ5,dcid:country/HTI,2016,12.65023
dcs:who/itnwm.WEALTHQUINTILE--WQ2,dcid:country/HTI,2016,14.85185
dcs:who/itnwm.WEALTHQUINTILE--WQ3,dcid:country/HTI,2016,19.87548
dcs:who/itnwm.WEALTHQUINTILE--WQ1,dcid:country/HTI,2016,11.42667
dcs:who/itnwm.WEALTHQUINTILE--WQ2,dcid:country/HTI,2012,5.03395
dcs:who/itnwm.WEALTHQUINTILE--WQ4,dcid:country/HTI,2012,13.15116
dcs:who/itnwm.WEALTHQUINTILE--WQ1,dcid:country/HTI,2012,3.19047
dcs:who/itnwm.WEALTHQUINTILE--WQ5,dcid:country/HTI,2012,14.06289
dcs:who/itnwm.WEALTHQUINTILE--WQ3,dcid:country/HTI,2012,8.4952
dcs:who/itnwm.WEALTHDECILE--WEALTHDECILE02,dcid:country/HTI,2016,18.90789
dcs:who/itnwm.WEALTHDECILE--WEALTHDECILE04,dcid:country/HTI,2016,20.94474
dcs:who/itnwm.WEALTHDECILE--WEALTHDECILE06,dcid:country/HTI,2016,21.57189
dcs:who/itnwm.WEALTHDECILE--WEALTHDECILE01,dcid:country/HTI,2016,3.7682
dcs:who/itnwm.WEALTHDECILE--WEALTHDECILE05,dcid:country/HTI,2016,18.56526
dcs:who/itnwm.WEALTHDECILE--WEALTHDECILE03,dcid:country/HTI,2016,9.1477
dcs:who/itnwm.WEALTHDECILE--WEALTHDECILE10,dcid:country/HTI,2016,13.21204
dcs:who/itnwm.WEALTHDECILE--WEALTHDECILE08,dcid:country/HTI,2016,18.56703
dcs:who/itnwm.WEALTHDECILE--WEALTHDECILE07,dcid:country/HTI,2016,30.01039
dcs:who/itnwm.WEALTHDECILE--WEALTHDECILE09,dcid:country/HTI,2016,12.03038
dcs:who/itnwm.WEALTHDECILE--WEALTHDECILE05,dcid:country/HTI,2012,11.48495
dcs:who/itnwm.WEALTHDECILE--WEALTHDECILE10,dcid:country/HTI,2012,13.48016
dcs:who/itnwm.WEALTHDECILE--WEALTHDECILE06,dcid:country/HTI,2012,5.51617
dcs:who/itnwm.WEALTHDECILE--WEALTHDECILE01,dcid:country/HTI,2012,3.15191
dcs:who/itnwm.WEALTHDECILE--WEALTHDECILE09,dcid:country/HTI,2012,14.65519
dcs:who/itnwm.WEALTHDECILE--WEALTHDECILE07,dcid:country/HTI,2012,10.96472
dcs:who/itnwm.WEALTHDECILE--WEALTHDECILE03,dcid:country/HTI,2012,3.96117
dcs:who/itnwm.WEALTHDECILE--WEALTHDECILE08,dcid:country/HTI,2012,15.91558
dcs:who/itnwm.WEALTHDECILE--WEALTHDECILE04,dcid:country/HTI,2012,6.2916
dcs:who/itnwm.WEALTHDECILE--WEALTHDECILE02,dcid:country/HTI,2012,3.2305
dcs:who/itnwm.RESIDENCEAREATYPE--RUR,dcid:country/HTI,2016,14.64455
dcs:who/itnwm.RESIDENCEAREATYPE--URB,dcid:country/HTI,2016,18.43899
dcs:who/itnwm.RESIDENCEAREATYPE--RUR,dcid:country/HTI,2012,7.18228
dcs:who/itnwm.RESIDENCEAREATYPE--URB,dcid:country/HTI,2012,10.90007
dcs:who/itnwm.EDUCATIONLEVEL--SHLM,dcid:country/HTI,2016,19.25242
dcs:who/itnwm.EDUCATIONLEVEL--PRLM,dcid:country/HTI,2016,15.58481
dcs:who/itnwm.EDUCATIONLEVEL--NHLM,dcid:country/HTI,2016,9.12148
dcs:who/itnwm.EDUCATIONLEVEL--SHLM,dcid:country/HTI,2012,13.59433
dcs:who/itnwm.EDUCATIONLEVEL--PRLM,dcid:country/HTI,2012,5.84526
dcs:who/itnwm.EDUCATIONLEVEL--NHLM,dcid:country/HTI,2012,3.93249
dcs:who/itnwm.AGE--Y20T49,dcid:country/HTI,2016,16.79585
dcs:who/itnwm.AGE--Y15T19,dcid:country/HTI,2016,8.59169
dcs:who/itnwm.AGE--Y20T49,dcid:country/HTI,2012,8.73168
dcs:who/itnwm.AGE--Y15T19,dcid:country/HTI,2012,7.75307
dcs:who/itnwm,dcid:country/IDN,2007,2.3185
dcs:who/itnwm.WEALTHQUINTILE--WQ3,dcid:country/IDN,2007,4.39085
dcs:who/itnwm.WEALTHQUINTILE--WQ5,dcid:country/IDN,2007,0.76467
dcs:who/itnwm.WEALTHQUINTILE--WQ4,dcid:country/IDN,2007,0.54822
dcs:who/itnwm.WEALTHQUINTILE--WQ1,dcid:country/IDN,2007,4.7267
dcs:who/itnwm.WEALTHQUINTILE--WQ2,dcid:country/IDN,2007,1.99992
dcs:who/itnwm.WEALTHDECILE--WEALTHDECILE04,dcid:country/IDN,2007,1.31089
dcs:who/itnwm.WEALTHDECILE--WEALTHDECILE03,dcid:country/IDN,2007,2.58311
dcs:who/itnwm.WEALTHDECILE--WEALTHDECILE05,dcid:country/IDN,2007,4.94252
dcs:who/itnwm.WEALTHDECILE--WEALTHDECILE09,dcid:country/IDN,2007,1.52285
dcs:who/itnwm.WEALTHDECILE--WEALTHDECILE02,dcid:country/IDN,2007,4.91824
dcs:who/itnwm.WEALTHDECILE--WEALTHDECILE08,dcid:country/IDN,2007,0.23324
dcs:who/itnwm.WEALTHDECILE--WEALTHDECILE06,dcid:country/IDN,2007,4.02619
dcs:who/itnwm.WEALTHDECILE--WEALTHDECILE07,dcid:country/IDN,2007,1.06943
dcs:who/itnwm.WEALTHDECILE--WEALTHDECILE01,dcid:country/IDN,2007,4.51642
dcs:who/itnwm.WEALTHDECILE--WEALTHDECILE10,dcid:country/IDN,2007,0.04427
dcs:who/itnwm.RESIDENCEAREATYPE--RUR,dcid:country/IDN,2007,3.66874
dcs:who/itnwm.RESIDENCEAREATYPE--URB,dcid:country/IDN,2007,1.07561
dcs:who/itnwm.EDUCATIONLEVEL--NHLM,dcid:country/IDN,2007,3.66305
dcs:who/itnwm.EDUCATIONLEVEL--SHLM,dcid:country/IDN,2007,2.1947
dcs:who/itnwm.EDUCATIONLEVEL--PRLM,dcid:country/IDN,2007,2.93705
dcs:who/itnwm.AGE--Y15T19,dcid:country/IDN,2007,2.98012
dcs:who/itnwm.AGE--Y20T49,dcid:country/IDN,2007,2.4816
dcs:who/itnwm,dcid:country/KEN,2014,63.05276
dcs:who/itnwm,dcid:country/KEN,2008,60.53173
dcs:who/itnwm,dcid:country/KEN,2003,4.75037
dcs:who/itnwm.WEALTHQUINTILE--WQ5,dcid:country/KEN,2014,51.98885
dcs:who/itnwm.WEALTHQUINTILE--WQ4,dcid:country/KEN,2014,51.11014
dcs:who/itnwm.WEALTHQUINTILE--WQ1,dcid:country/KEN,2014,38.24209
dcs:who/itnwm.WEALTHQUINTILE--WQ2,dcid:country/KEN,2014,56.60793
dcs:who/itnwm.WEALTHQUINTILE--WQ3,dcid:country/KEN,2014,58.24049
dcs:who/itnwm.WEALTHQUINTILE--WQ3,dcid:country/KEN,2008,47.69003
dcs:who/itnwm.WEALTHQUINTILE--WQ1,dcid:country/KEN,2008,46.30482
dcs:who/itnwm.WEALTHQUINTILE--WQ4,dcid:country/KEN,2008,60.83057
dcs:who/itnwm.WEALTHQUINTILE--WQ5,dcid:country/KEN,2008,43.28247
dcs:who/itnwm.WEALTHQUINTILE--WQ2,dcid:country/KEN,2008,51.24406
dcs:who/itnwm.WEALTHQUINTILE--WQ1,dcid:country/KEN,2003,1.6915
dcs:who/itnwm.WEALTHQUINTILE--WQ5,dcid:country/KEN,2003,7.57048
dcs:who/itnwm.WEALTHQUINTILE--WQ4,dcid:country/KEN,2003,7.40981
dcs:who/itnwm.WEALTHQUINTILE--WQ2,dcid:country/KEN,2003,3.97708
dcs:who/itnwm.WEALTHQUINTILE--WQ3,dcid:country/KEN,2003,6.58719
dcs:who/itnwm.WEALTHDECILE--WEALTHDECILE06,dcid:country/KEN,2014,58.89977
dcs:who/itnwm.WEALTHDECILE--WEALTHDECILE08,dcid:country/KEN,2014,51.06916
dcs:who/itnwm.WEALTHDECILE--WEALTHDECILE03,dcid:country/KEN,2014,53.21637
dcs:who/itnwm.WEALTHDECILE--WEALTHDECILE02,dcid:country/KEN,2014,55.62434
dcs:who/itnwm.WEALTHDECILE--WEALTHDECILE04,dcid:country/KEN,2014,59.97251
dcs:who/itnwm.WEALTHDECILE--WEALTHDECILE01,dcid:country/KEN,2014,24.6935
dcs:who/itnwm.WEALTHDECILE--WEALTHDECILE09,dcid:country/KEN,2014,42.45136
dcs:who/itnwm.WEALTHDECILE--WEALTHDECILE07,dcid:country/KEN,2014,51.1548
dcs:who/itnwm.WEALTHDECILE--WEALTHDECILE10,dcid:country/KEN,2014,61.59639
dcs:who/itnwm.WEALTHDECILE--WEALTHDECILE05,dcid:country/KEN,2014,57.47244
dcs:who/itnwm.WEALTHDECILE--WEALTHDECILE01,dcid:country/KEN,2008,39.96041
dcs:who/itnwm.WEALTHDECILE--WEALTHDECILE04,dcid:country/KEN,2008,43.68187
dcs:who/itnwm.WEALTHDECILE--WEALTHDECILE08,dcid:country/KEN,2008,72.17452
dcs:who/itnwm.WEALTHDECILE--WEALTHDECILE02,dcid:country/KEN,2008,51.75602
dcs:who/itnwm.WEALTHDECILE--WEALTHDECILE10,dcid:country/KEN,2008,37.22044
dcs:who/itnwm.WEALTHDECILE--WEALTHDECILE06,dcid:country/KEN,2008,52.93836
dcs:who/itnwm.WEALTHDECILE--WEALTHDECILE03,dcid:country/KEN,2008,58.2382
dcs:who/itnwm.WEALTHDECILE--WEALTHDECILE05,dcid:country/KEN,2008,43.88571
dcs:who/itnwm.WEALTHDECILE--WEALTHDECILE09,dcid:country/KEN,2008,48.8438
dcs:who/itnwm.WEALTHDECILE--WEALTHDECILE07,dcid:country/KEN,2008,46.0332
dcs:who/itnwm.WEALTHDECILE--WEALTHDECILE03,dcid:country/KEN,2003,1.38827
dcs:who/itnwm.WEALTHDECILE--WEALTHDECILE10,dcid:country/KEN,2003,8.03561
dcs:who/itnwm.WEALTHDECILE--WEALTHDECILE04,dcid:country/KEN,2003,8.02589
dcs:who/itnwm.WEALTHDECILE--WEALTHDECILE08,dcid:country/KEN,2003,9.76969
dcs:who/itnwm.WEALTHDECILE--WEALTHDECILE01,dcid:country/KEN,2003,2.79315
dcs:who/itnwm.WEALTHDECILE--WEALTHDECILE06,dcid:country/KEN,2003,1.56547
dcs:who/itnwm.WEALTHDECILE--WEALTHDECILE05,dcid:country/KEN,2003,11.25089
dcs:who/itnwm.WEALTHDECILE--WEALTHDECILE02,dcid:country/KEN,2003,0.5991
dcs:who/itnwm.WEALTHDECILE--WEALTHDECILE07,dcid:country/KEN,2003,5.61936
dcs:who/itnwm.WEALTHDECILE--WEALTHDECILE09,dcid:country/KEN,2003,7.24056
dcs:who/itnwm.RESIDENCEAREATYPE--URB,dcid:country/KEN,2014,51.00986
dcs:who/itnwm.RESIDENCEAREATYPE--RUR,dcid:country/KEN,2014,50.25628
dcs:who/itnwm.RESIDENCEAREATYPE--URB,dcid:country/KEN,2008,50.81673
dcs:who/itnwm.RESIDENCEAREATYPE--RUR,dcid:country/KEN,2008,48.29603
dcs:who/itnwm.RESIDENCEAREATYPE--RUR,dcid:country/KEN,2003,5.10349
dcs:who/itnwm.RESIDENCEAREATYPE--URB,dcid:country/KEN,2003,6.55881
dcs:who/itnwm.EDUCATIONLEVEL--SHLM,dcid:country/KEN,2014,55.8325
dcs:who/itnwm.EDUCATIONLEVEL--NHLM,dcid:country/KEN,2014,32.21993
dcs:who/itnwm.EDUCATIONLEVEL--PRLM,dcid:country/KEN,2014,51.16986
dcs:who/itnwm.EDUCATIONLEVEL--NHLM,dcid:country/KEN,2008,44.51256
dcs:who/itnwm.EDUCATIONLEVEL--SHLM,dcid:country/KEN,2008,50.97553
dcs:who/itnwm.EDUCATIONLEVEL--PRLM,dcid:country/KEN,2008,48.9841
dcs:who/itnwm.EDUCATIONLEVEL--SHLM,dcid:country/KEN,2003,8.06176
dcs:who/itnwm.EDUCATIONLEVEL--NHLM,dcid:country/KEN,2003,1.8882
dcs:who/itnwm.EDUCATIONLEVEL--PRLM,dcid:country/KEN,2003,5.40116
dcs:who/itnwm.AGE--Y20T49,dcid:country/KEN,2014,52.98346
dcs:who/itnwm.AGE--Y15T19,dcid:country/KEN,2014,35.01083
dcs:who/itnwm.AGE--Y15T19,dcid:country/KEN,2008,21.90105
dcs:who/itnwm.AGE--Y20T49,dcid:country/KEN,2008,53.28282
dcs:who/itnwm.AGE--Y15T19,dcid:country/KEN,2003,1.47993
dcs:who/itnwm.AGE--Y20T49,dcid:country/KEN,2003,6.33349
dcs:who/itnwm,dcid:country/KHM,2005,0.0
dcs:who/itnwm.WEALTHQUINTILE--WQ1,dcid:country/KHM,2005,9.57168
dcs:who/itnwm.WEALTHQUINTILE--WQ5,dcid:country/KHM,2005,0.0
dcs:who/itnwm.WEALTHQUINTILE--WQ3,dcid:country/KHM,2005,4.61195
dcs:who/itnwm.WEALTHQUINTILE--WQ4,dcid:country/KHM,2005,2.08756
dcs:who/itnwm.WEALTHQUINTILE--WQ2,dcid:country/KHM,2005,2.31211
dcs:who/itnwm.WEALTHDECILE--WEALTHDECILE03,dcid:country/KHM,2005,2.36115
dcs:who/itnwm.WEALTHDECILE--WEALTHDECILE08,dcid:country/KHM,2005,1.25709
dcs:who/itnwm.WEALTHDECILE--WEALTHDECILE01,dcid:country/KHM,2005,11.40554
dcs:who/itnwm.WEALTHDECILE--WEALTHDECILE10,dcid:country/KHM,2005,0.0
dcs:who/itnwm.WEALTHDECILE--WEALTHDECILE05,dcid:country/KHM,2005,4.20509
dcs:who/itnwm.WEALTHDECILE--WEALTHDECILE06,dcid:country/KHM,2005,4.97757
dcs:who/itnwm.WEALTHDECILE--WEALTHDECILE02,dcid:country/KHM,2005,7.82299
dcs:who/itnwm.WEALTHDECILE--WEALTHDECILE07,dcid:country/KHM,2005,2.86048
dcs:who/itnwm.WEALTHDECILE--WEALTHDECILE04,dcid:country/KHM,2005,2.31843
dcs:who/itnwm.WEALTHDECILE--WEALTHDECILE09,dcid:country/KHM,2005,0.0
dcs:who/itnwm.RESIDENCEAREATYPE--RUR,dcid:country/KHM,2005,4.47503
dcs:who/itnwm.RESIDENCEAREATYPE--URB,dcid:country/KHM,2005,1.69928
dcs:who/itnwm.EDUCATIONLEVEL--SHLM,dcid:country/KHM,2005,0.08286
dcs:who/itnwm.EDUCATIONLEVEL--PRLM,dcid:country/KHM,2005,4.25811
dcs:who/itnwm.EDUCATIONLEVEL--NHLM,dcid:country/KHM,2005,7.20731
dcs:who/itnwm.AGE--Y15T19,dcid:country/KHM,2005,5.7301
dcs:who/itnwm.AGE--Y20T49,dcid:country/KHM,2005,3.934
dcs:who/itnwm,dcid:country/LAO,2017,59.24296
dcs:who/itnwm,dcid:country/LAO,2011,39.69092
dcs:who/itnwm.WEALTHQUINTILE--WQ4,dcid:country/LAO,2017,50.17689
dcs:who/itnwm.WEALTHQUINTILE--WQ5,dcid:country/LAO,2017,30.37542
dcs:who/itnwm.WEALTHQUINTILE--WQ1,dcid:country/LAO,2017,68.25628
dcs:who/itnwm.WEALTHQUINTILE--WQ3,dcid:country/LAO,2017,52.18136
dcs:who/itnwm.WEALTHQUINTILE--WQ2,dcid:country/LAO,2017,64.90937
dcs:who/itnwm.WEALTHQUINTILE--WQ5,dcid:country/LAO,2011,21.58313
dcs:who/itnwm.WEALTHQUINTILE--WQ4,dcid:country/LAO,2011,37.26837
dcs:who/itnwm.WEALTHQUINTILE--WQ2,dcid:country/LAO,2011,48.06535
dcs:who/itnwm.WEALTHQUINTILE--WQ3,dcid:country/LAO,2011,49.10119
dcs:who/itnwm.WEALTHQUINTILE--WQ1,dcid:country/LAO,2011,54.47561
dcs:who/itnwm.WEALTHDECILE--WEALTHDECILE08,dcid:country/LAO,2017,48.86161
dcs:who/itnwm.WEALTHDECILE--WEALTHDECILE09,dcid:country/LAO,2017,30.23558
dcs:who/itnwm.WEALTHDECILE--WEALTHDECILE03,dcid:country/LAO,2017,63.15031
dcs:who/itnwm.WEALTHDECILE--WEALTHDECILE06,dcid:country/LAO,2017,49.59735
dcs:who/itnwm.WEALTHDECILE--WEALTHDECILE02,dcid:country/LAO,2017,70.88184
dcs:who/itnwm.WEALTHDECILE--WEALTHDECILE04,dcid:country/LAO,2017,67.46951
dcs:who/itnwm.WEALTHDECILE--WEALTHDECILE05,dcid:country/LAO,2017,54.40022
dcs:who/itnwm.WEALTHDECILE--WEALTHDECILE07,dcid:country/LAO,2017,51.33344
dcs:who/itnwm.WEALTHDECILE--WEALTHDECILE01,dcid:country/LAO,2017,66.39732
dcs:who/itnwm.WEALTHDECILE--WEALTHDECILE10,dcid:country/LAO,2017,30.548
dcs:who/itnwm.WEALTHDECILE--WEALTHDECILE10,dcid:country/LAO,2011,20.78244
dcs:who/itnwm.WEALTHDECILE--WEALTHDECILE01,dcid:country/LAO,2011,54.43747
dcs:who/itnwm.WEALTHDECILE--WEALTHDECILE08,dcid:country/LAO,2011,42.00478
dcs:who/itnwm.WEALTHDECILE--WEALTHDECILE04,dcid:country/LAO,2011,45.33231
dcs:who/itnwm.WEALTHDECILE--WEALTHDECILE02,dcid:country/LAO,2011,54.51494
dcs:who/itnwm.WEALTHDECILE--WEALTHDECILE09,dcid:country/LAO,2011,22.44237
dcs:who/itnwm.WEALTHDECILE--WEALTHDECILE07,dcid:country/LAO,2011,33.17855
dcs:who/itnwm.WEALTHDECILE--WEALTHDECILE03,dcid:country/LAO,2011,50.76186
dcs:who/itnwm.WEALTHDECILE--WEALTHDECILE06,dcid:country/LAO,2011,43.5425
dcs:who/itnwm.WEALTHDECILE--WEALTHDECILE05,dcid:country/LAO,2011,54.75122
dcs:who/itnwm.RESIDENCEAREATYPE--URB,dcid:country/LAO,2017,36.45999
dcs:who/itnwm.RESIDENCEAREATYPE--RUR,dcid:country/LAO,2017,60.83809
dcs:who/itnwm.RESIDENCEAREATYPE--URB,dcid:country/LAO,2011,32.58892
dcs:who/itnwm.RESIDENCEAREATYPE--RUR,dcid:country/LAO,2011,46.00447
dcs:who/itnwm.EDUCATIONLEVEL--SHLM,dcid:country/LAO,2017,47.34581
dcs:who/itnwm.EDUCATIONLEVEL--NHLM,dcid:country/LAO,2017,65.42742
dcs:who/itnwm.EDUCATIONLEVEL--PRLM,dcid:country/LAO,2017,56.63683
dcs:who/itnwm.EDUCATIONLEVEL--PRLM,dcid:country/LAO,2011,49.05064
dcs:who/itnwm.EDUCATIONLEVEL--SHLM,dcid:country/LAO,2011,30.45295
dcs:who/itnwm.EDUCATIONLEVEL--NHLM,dcid:country/LAO,2011,49.69721
dcs:who/itnwm,dcid:country/LBR,2013,45.21616
dcs:who/itnwm.WEALTHQUINTILE--WQ3,dcid:country/LBR,2013,38.64885
dcs:who/itnwm.WEALTHQUINTILE--WQ5,dcid:country/LBR,2013,16.50813
dcs:who/itnwm.WEALTHQUINTILE--WQ2,dcid:country/LBR,2013,45.8863
dcs:who/itnwm.WEALTHQUINTILE--WQ1,dcid:country/LBR,2013,31.859
dcs:who/itnwm.WEALTHQUINTILE--WQ4,dcid:country/LBR,2013,52.08673
dcs:who/itnwm.WEALTHDECILE--WEALTHDECILE05,dcid:country/LBR,2013,39.10892
dcs:who/itnwm.WEALTHDECILE--WEALTHDECILE03,dcid:country/LBR,2013,42.84121
dcs:who/itnwm.WEALTHDECILE--WEALTHDECILE04,dcid:country/LBR,2013,50.59035
dcs:who/itnwm.WEALTHDECILE--WEALTHDECILE07,dcid:country/LBR,2013,54.26025
dcs:who/itnwm.WEALTHDECILE--WEALTHDECILE08,dcid:country/LBR,2013,48.49497
dcs:who/itnwm.WEALTHDECILE--WEALTHDECILE06,dcid:country/LBR,2013,37.91738
dcs:who/itnwm.WEALTHDECILE--WEALTHDECILE09,dcid:country/LBR,2013,12.73915
dcs:who/itnwm.WEALTHDECILE--WEALTHDECILE01,dcid:country/LBR,2013,23.0774
dcs:who/itnwm.WEALTHDECILE--WEALTHDECILE02,dcid:country/LBR,2013,41.84129
dcs:who/itnwm.WEALTHDECILE--WEALTHDECILE10,dcid:country/LBR,2013,19.04485
dcs:who/itnwm.RESIDENCEAREATYPE--RUR,dcid:country/LBR,2013,40.25334
dcs:who/itnwm.RESIDENCEAREATYPE--URB,dcid:country/LBR,2013,33.98256
dcs:who/itnwm.EDUCATIONLEVEL--NHLM,dcid:country/LBR,2013,38.41819
dcs:who/itnwm.EDUCATIONLEVEL--PRLM,dcid:country/LBR,2013,35.59401
dcs:who/itnwm.EDUCATIONLEVEL--SHLM,dcid:country/LBR,2013,36.97609
dcs:who/itnwm.AGE--Y15T19,dcid:country/LBR,2013,22.15891
dcs:who/itnwm.AGE--Y20T49,dcid:country/LBR,2013,41.1731
dcs:who/itnwm,dcid:country/MDG,2018,42.04743
dcs:who/itnwm,dcid:country/MDG,2008,77.59374
dcs:who/itnwm.WEALTHQUINTILE--WQ4,dcid:country/MDG,2018,54.96816
dcs:who/itnwm.WEALTHQUINTILE--WQ3,dcid:country/MDG,2018,57.04202
dcs:who/itnwm.WEALTHQUINTILE--WQ2,dcid:country/MDG,2018,62.9423
dcs:who/itnwm.WEALTHQUINTILE--WQ5,dcid:country/MDG,2018,38.32767
dcs:who/itnwm.WEALTHQUINTILE--WQ1,dcid:country/MDG,2018,63.70974
dcs:who/itnwm.WEALTHQUINTILE--WQ3,dcid:country/MDG,2008,36.79948
dcs:who/itnwm.WEALTHQUINTILE--WQ2,dcid:country/MDG,2008,52.22908
dcs:who/itnwm.WEALTHQUINTILE--WQ1,dcid:country/MDG,2008,50.8844
dcs:who/itnwm.WEALTHQUINTILE--WQ5,dcid:country/MDG,2008,47.06137
dcs:who/itnwm.WEALTHQUINTILE--WQ4,dcid:country/MDG,2008,40.37621
dcs:who/itnwm.WEALTHDECILE--WEALTHDECILE10,dcid:country/MDG,2018,41.43573
dcs:who/itnwm.WEALTHDECILE--WEALTHDECILE04,dcid:country/MDG,2018,58.83305
dcs:who/itnwm.WEALTHDECILE--WEALTHDECILE06,dcid:country/MDG,2018,56.92872
dcs:who/itnwm.WEALTHDECILE--WEALTHDECILE05,dcid:country/MDG,2018,57.14584
dcs:who/itnwm.WEALTHDECILE--WEALTHDECILE02,dcid:country/MDG,2018,63.26982
dcs:who/itnwm.WEALTHDECILE--WEALTHDECILE03,dcid:country/MDG,2018,67.10067
dcs:who/itnwm.WEALTHDECILE--WEALTHDECILE08,dcid:country/MDG,2018,57.59292
dcs:who/itnwm.WEALTHDECILE--WEALTHDECILE07,dcid:country/MDG,2018,52.90857
dcs:who/itnwm.WEALTHDECILE--WEALTHDECILE09,dcid:country/MDG,2018,35.60175
dcs:who/itnwm.WEALTHDECILE--WEALTHDECILE01,dcid:country/MDG,2018,64.13799
dcs:who/itnwm.WEALTHDECILE--WEALTHDECILE07,dcid:country/MDG,2008,53.57355
dcs:who/itnwm.WEALTHDECILE--WEALTHDECILE01,dcid:country/MDG,2008,52.94244
dcs:who/itnwm.WEALTHDECILE--WEALTHDECILE09,dcid:country/MDG,2008,46.76726
dcs:who/itnwm.WEALTHDECILE--WEALTHDECILE10,dcid:country/MDG,2008,47.42498
dcs:who/itnwm.WEALTHDECILE--WEALTHDECILE03,dcid:country/MDG,2008,52.21082
dcs:who/itnwm.WEALTHDECILE--WEALTHDECILE02,dcid:country/MDG,2008,49.46151
dcs:who/itnwm.WEALTHDECILE--WEALTHDECILE05,dcid:country/MDG,2008,36.1362
dcs:who/itnwm.WEALTHDECILE--WEALTHDECILE08,dcid:country/MDG,2008,29.32401
dcs:who/itnwm.WEALTHDECILE--WEALTHDECILE06,dcid:country/MDG,2008,37.66894
dcs:who/itnwm.WEALTHDECILE--WEALTHDECILE04,dcid:country/MDG,2008,52.25023
dcs:who/itnwm.RESIDENCEAREATYPE--RUR,dcid:country/MDG,2018,59.03058
dcs:who/itnwm.RESIDENCEAREATYPE--URB,dcid:country/MDG,2018,45.93718
dcs:who/itnwm.RESIDENCEAREATYPE--URB,dcid:country/MDG,2008,50.2994
dcs:who/itnwm.RESIDENCEAREATYPE--RUR,dcid:country/MDG,2008,45.62924
dcs:who/itnwm.EDUCATIONLEVEL--SHLM,dcid:country/MDG,2018,49.27368
dcs:who/itnwm.EDUCATIONLEVEL--NHLM,dcid:country/MDG,2018,61.13903
dcs:who/itnwm.EDUCATIONLEVEL--PRLM,dcid:country/MDG,2018,59.27578
dcs:who/itnwm.EDUCATIONLEVEL--NHLM,dcid:country/MDG,2008,52.22741
dcs:who/itnwm.EDUCATIONLEVEL--SHLM,dcid:country/MDG,2008,45.93228
dcs:who/itnwm.EDUCATIONLEVEL--PRLM,dcid:country/MDG,2008,43.69241
dcs:who/itnwm.AGE--Y20T49,dcid:country/MDG,2008,47.20089
dcs:who/itnwm.AGE--Y15T19,dcid:country/MDG,2008,42.81501
dcs:who/itnwm,dcid:country/MLI,2018,77.23949
dcs:who/itnwm,dcid:country/MLI,2015,82.41863
dcs:who/itnwm,dcid:country/MLI,2012,67.91017
dcs:who/itnwm,dcid:country/MLI,2009,40.78044
dcs:who/itnwm,dcid:country/MLI,2006,31.04696
dcs:who/itnwm.WEALTHQUINTILE--WQ1,dcid:country/MLI,2018,85.97077
dcs:who/itnwm.WEALTHQUINTILE--WQ3,dcid:country/MLI,2018,83.74884
dcs:who/itnwm.WEALTHQUINTILE--WQ5,dcid:country/MLI,2018,73.60645
dcs:who/itnwm.WEALTHQUINTILE--WQ4,dcid:country/MLI,2018,88.34093
dcs:who/itnwm.WEALTHQUINTILE--WQ2,dcid:country/MLI,2018,86.20928
dcs:who/itnwm.WEALTHQUINTILE--WQ4,dcid:country/MLI,2015,82.23991
dcs:who/itnwm.WEALTHQUINTILE--WQ5,dcid:country/MLI,2015,83.76037
dcs:who/itnwm.WEALTHQUINTILE--WQ2,dcid:country/MLI,2015,79.18627
dcs:who/itnwm.WEALTHQUINTILE--WQ1,dcid:country/MLI,2015,71.52498
dcs:who/itnwm.WEALTHQUINTILE--WQ3,dcid:country/MLI,2015,84.34451
dcs:who/itnwm.WEALTHQUINTILE--WQ2,dcid:country/MLI,2012,72.60917
dcs:who/itnwm.WEALTHQUINTILE--WQ4,dcid:country/MLI,2012,76.77979
dcs:who/itnwm.WEALTHQUINTILE--WQ1,dcid:country/MLI,2012,68.68233
dcs:who/itnwm.WEALTHQUINTILE--WQ3,dcid:country/MLI,2012,77.40464
dcs:who/itnwm.WEALTHQUINTILE--WQ5,dcid:country/MLI,2012,69.36638
dcs:who/itnwm.WEALTHQUINTILE--WQ4,dcid:country/MLI,2009,53.65778
dcs:who/itnwm.WEALTHQUINTILE--WQ3,dcid:country/MLI,2009,43.78066
dcs:who/itnwm.WEALTHQUINTILE--WQ2,dcid:country/MLI,2009,43.03332
dcs:who/itnwm.WEALTHQUINTILE--WQ1,dcid:country/MLI,2009,36.16856
dcs:who/itnwm.WEALTHQUINTILE--WQ5,dcid:country/MLI,2009,50.66782
dcs:who/itnwm.WEALTHQUINTILE--WQ4,dcid:country/MLI,2006,30.47059
dcs:who/itnwm.WEALTHQUINTILE--WQ5,dcid:country/MLI,2006,25.45028
dcs:who/itnwm.WEALTHQUINTILE--WQ2,dcid:country/MLI,2006,32.00763
dcs:who/itnwm.WEALTHQUINTILE--WQ1,dcid:country/MLI,2006,27.86584
dcs:who/itnwm.WEALTHQUINTILE--WQ3,dcid:country/MLI,2006,27.34516
dcs:who/itnwm.WEALTHDECILE--WEALTHDECILE10,dcid:country/MLI,2018,69.68622
dcs:who/itnwm.WEALTHDECILE--WEALTHDECILE01,dcid:country/MLI,2018,90.33125
dcs:who/itnwm.WEALTHDECILE--WEALTHDECILE05,dcid:country/MLI,2018,87.68491
dcs:who/itnwm.WEALTHDECILE--WEALTHDECILE04,dcid:country/MLI,2018,82.19054
dcs:who/itnwm.WEALTHDECILE--WEALTHDECILE06,dcid:country/MLI,2018,79.48687
dcs:who/itnwm.WEALTHDECILE--WEALTHDECILE08,dcid:country/MLI,2018,82.7213
dcs:who/itnwm.WEALTHDECILE--WEALTHDECILE09,dcid:country/MLI,2018,77.17654
dcs:who/itnwm.WEALTHDECILE--WEALTHDECILE02,dcid:country/MLI,2018,81.77731
dcs:who/itnwm.WEALTHDECILE--WEALTHDECILE07,dcid:country/MLI,2018,94.05974
dcs:who/itnwm.WEALTHDECILE--WEALTHDECILE03,dcid:country/MLI,2018,90.67992
dcs:who/itnwm.WEALTHDECILE--WEALTHDECILE07,dcid:country/MLI,2015,84.07057
dcs:who/itnwm.WEALTHDECILE--WEALTHDECILE04,dcid:country/MLI,2015,82.86039
dcs:who/itnwm.WEALTHDECILE--WEALTHDECILE08,dcid:country/MLI,2015,80.12869
dcs:who/itnwm.WEALTHDECILE--WEALTHDECILE10,dcid:country/MLI,2015,81.99198
dcs:who/itnwm.WEALTHDECILE--WEALTHDECILE09,dcid:country/MLI,2015,85.2252
dcs:who/itnwm.WEALTHDECILE--WEALTHDECILE05,dcid:country/MLI,2015,85.09149
dcs:who/itnwm.WEALTHDECILE--WEALTHDECILE06,dcid:country/MLI,2015,83.51779
dcs:who/itnwm.WEALTHDECILE--WEALTHDECILE01,dcid:country/MLI,2015,69.85799
dcs:who/itnwm.WEALTHDECILE--WEALTHDECILE03,dcid:country/MLI,2015,75.55582
dcs:who/itnwm.WEALTHDECILE--WEALTHDECILE02,dcid:country/MLI,2015,73.52354
dcs:who/itnwm.WEALTHDECILE--WEALTHDECILE03,dcid:country/MLI,2012,75.41415
dcs:who/itnwm.WEALTHDECILE--WEALTHDECILE07,dcid:country/MLI,2012,77.53284
dcs:who/itnwm.WEALTHDECILE--WEALTHDECILE09,dcid:country/MLI,2012,70.55768
dcs:who/itnwm.WEALTHDECILE--WEALTHDECILE06,dcid:country/MLI,2012,81.22228
dcs:who/itnwm.WEALTHDECILE--WEALTHDECILE04,dcid:country/MLI,2012,69.15663
dcs:who/itnwm.WEALTHDECILE--WEALTHDECILE05,dcid:country/MLI,2012,74.35713
dcs:who/itnwm.WEALTHDECILE--WEALTHDECILE02,dcid:country/MLI,2012,72.04107
dcs:who/itnwm.WEALTHDECILE--WEALTHDECILE08,dcid:country/MLI,2012,75.80554
dcs:who/itnwm.WEALTHDECILE--WEALTHDECILE10,dcid:country/MLI,2012,68.12195
dcs:who/itnwm.WEALTHDECILE--WEALTHDECILE01,dcid:country/MLI,2012,65.3912
dcs:who/itnwm.WEALTHDECILE--WEALTHDECILE09,dcid:country/MLI,2009,52.79578
dcs:who/itnwm.WEALTHDECILE--WEALTHDECILE10,dcid:country/MLI,2009,48.23795
dcs:who/itnwm.WEALTHDECILE--WEALTHDECILE02,dcid:country/MLI,2009,36.09056
dcs:who/itnwm.WEALTHDECILE--WEALTHDECILE08,dcid:country/MLI,2009,61.15742
dcs:who/itnwm.WEALTHDECILE--WEALTHDECILE07,dcid:country/MLI,2009,47.68179
dcs:who/itnwm.WEALTHDECILE--WEALTHDECILE06,dcid:country/MLI,2009,44.95769
dcs:who/itnwm.WEALTHDECILE--WEALTHDECILE05,dcid:country/MLI,2009,42.59538
dcs:who/itnwm.WEALTHDECILE--WEALTHDECILE03,dcid:country/MLI,2009,43.09381
dcs:who/itnwm.WEALTHDECILE--WEALTHDECILE04,dcid:country/MLI,2009,42.98167
dcs:who/itnwm.WEALTHDECILE--WEALTHDECILE01,dcid:country/MLI,2009,36.24253
dcs:who/itnwm.WEALTHDECILE--WEALTHDECILE06,dcid:country/MLI,2006,25.89915
dcs:who/itnwm.WEALTHDECILE--WEALTHDECILE07,dcid:country/MLI,2006,26.14971
dcs:who/itnwm.WEALTHDECILE--WEALTHDECILE01,dcid:country/MLI,2006,30.47416
dcs:who/itnwm.WEALTHDECILE--WEALTHDECILE08,dcid:country/MLI,2006,31.78333
dcs:who/itnwm.WEALTHDECILE--WEALTHDECILE03,dcid:country/MLI,2006,34.90946
dcs:who/itnwm.WEALTHDECILE--WEALTHDECILE04,dcid:country/MLI,2006,31.58864
dcs:who/itnwm.WEALTHDECILE--WEALTHDECILE05,dcid:country/MLI,2006,26.39356
dcs:who/itnwm.WEALTHDECILE--WEALTHDECILE02,dcid:country/MLI,2006,25.06877
dcs:who/itnwm.WEALTHDECILE--WEALTHDECILE09,dcid:country/MLI,2006,27.9584
dcs:who/itnwm.WEALTHDECILE--WEALTHDECILE10,dcid:country/MLI,2006,27.69594
dcs:who/itnwm.RESIDENCEAREATYPE--RUR,dcid:country/MLI,2018,86.66853
dcs:who/itnwm.RESIDENCEAREATYPE--URB,dcid:country/MLI,2018,73.00689
dcs:who/itnwm.RESIDENCEAREATYPE--RUR,dcid:country/MLI,2015,78.8718
dcs:who/itnwm.RESIDENCEAREATYPE--URB,dcid:country/MLI,2015,86.26779
dcs:who/itnwm.RESIDENCEAREATYPE--RUR,dcid:country/MLI,2012,73.52473
dcs:who/itnwm.RESIDENCEAREATYPE--URB,dcid:country/MLI,2012,71.24059
dcs:who/itnwm.RESIDENCEAREATYPE--RUR,dcid:country/MLI,2009,41.41086
dcs:who/itnwm.RESIDENCEAREATYPE--URB,dcid:country/MLI,2009,56.97618
dcs:who/itnwm.RESIDENCEAREATYPE--URB,dcid:country/MLI,2006,22.11782
dcs:who/itnwm.RESIDENCEAREATYPE--RUR,dcid:country/MLI,2006,31.33164
dcs:who/itnwm.EDUCATIONLEVEL--PRLM,dcid:country/MLI,2018,86.3266
dcs:who/itnwm.EDUCATIONLEVEL--SHLM,dcid:country/MLI,2018,79.97936
dcs:who/itnwm.EDUCATIONLEVEL--NHLM,dcid:country/MLI,2018,84.04488
dcs:who/itnwm.EDUCATIONLEVEL--NHLM,dcid:country/MLI,2015,79.28808
dcs:who/itnwm.EDUCATIONLEVEL--SHLM,dcid:country/MLI,2015,83.28535
dcs:who/itnwm.EDUCATIONLEVEL--PRLM,dcid:country/MLI,2015,83.22824
dcs:who/itnwm.EDUCATIONLEVEL--SHLM,dcid:country/MLI,2012,71.48022
dcs:who/itnwm.EDUCATIONLEVEL--PRLM,dcid:country/MLI,2012,72.27679
dcs:who/itnwm.EDUCATIONLEVEL--NHLM,dcid:country/MLI,2012,73.50302
dcs:who/itnwm.EDUCATIONLEVEL--SHLM,dcid:country/MLI,2009,49.01811
dcs:who/itnwm.EDUCATIONLEVEL--PRLM,dcid:country/MLI,2009,53.21643
dcs:who/itnwm.EDUCATIONLEVEL--NHLM,dcid:country/MLI,2009,43.42077
dcs:who/itnwm.EDUCATIONLEVEL--SHLM,dcid:country/MLI,2006,43.96432
dcs:who/itnwm.EDUCATIONLEVEL--NHLM,dcid:country/MLI,2006,28.769
dcs:who/itnwm.EDUCATIONLEVEL--PRLM,dcid:country/MLI,2006,23.62948
dcs:who/itnwm.AGE--Y20T49,dcid:country/MLI,2018,85.03871
dcs:who/itnwm.AGE--Y15T19,dcid:country/MLI,2018,77.21523
dcs:who/itnwm.AGE--Y20T49,dcid:country/MLI,2012,74.0279
dcs:who/itnwm.AGE--Y15T19,dcid:country/MLI,2012,68.65452
dcs:who/itnwm.AGE--Y15T19,dcid:country/MLI,2006,23.29472
dcs:who/itnwm.AGE--Y20T49,dcid:country/MLI,2006,29.92789
dcs:who/itnwm,dcid:country/MMR,2015,52.90554
dcs:who/itnwm.WEALTHQUINTILE--WQ5,dcid:country/MMR,2015,8.81362
dcs:who/itnwm.WEALTHQUINTILE--WQ4,dcid:country/MMR,2015,12.18832
dcs:who/itnwm.WEALTHQUINTILE--WQ1,dcid:country/MMR,2015,20.79293
dcs:who/itnwm.WEALTHQUINTILE--WQ3,dcid:country/MMR,2015,23.0178
dcs:who/itnwm.WEALTHQUINTILE--WQ2,dcid:country/MMR,2015,24.66405
dcs:who/itnwm.WEALTHDECILE--WEALTHDECILE09,dcid:country/MMR,2015,12.44843
dcs:who/itnwm.WEALTHDECILE--WEALTHDECILE08,dcid:country/MMR,2015,10.10486
dcs:who/itnwm.WEALTHDECILE--WEALTHDECILE04,dcid:country/MMR,2015,18.09942
dcs:who/itnwm.WEALTHDECILE--WEALTHDECILE05,dcid:country/MMR,2015,31.49731
dcs:who/itnwm.WEALTHDECILE--WEALTHDECILE06,dcid:country/MMR,2015,12.57432
dcs:who/itnwm.WEALTHDECILE--WEALTHDECILE02,dcid:country/MMR,2015,22.17202
dcs:who/itnwm.WEALTHDECILE--WEALTHDECILE03,dcid:country/MMR,2015,29.09531
dcs:who/itnwm.WEALTHDECILE--WEALTHDECILE10,dcid:country/MMR,2015,5.73013
dcs:who/itnwm.WEALTHDECILE--WEALTHDECILE07,dcid:country/MMR,2015,14.0769
dcs:who/itnwm.WEALTHDECILE--WEALTHDECILE01,dcid:country/MMR,2015,19.39316
dcs:who/itnwm.RESIDENCEAREATYPE--RUR,dcid:country/MMR,2015,20.78348
dcs:who/itnwm.RESIDENCEAREATYPE--URB,dcid:country/MMR,2015,10.51813
dcs:who/itnwm.EDUCATIONLEVEL--PRLM,dcid:country/MMR,2015,19.39836
dcs:who/itnwm.EDUCATIONLEVEL--NHLM,dcid:country/MMR,2015,23.17679
dcs:who/itnwm.EDUCATIONLEVEL--SHLM,dcid:country/MMR,2015,15.9311
dcs:who/itnwm.AGE--Y15T19,dcid:country/MMR,2015,32.94668
dcs:who/itnwm.AGE--Y20T49,dcid:country/MMR,2015,17.69425
dcs:who/itnwm,dcid:country/MOZ,2015,70.55061
dcs:who/itnwm,dcid:country/MOZ,2011,22.1794
dcs:who/itnwm.WEALTHQUINTILE--WQ4,dcid:country/MOZ,2015,56.09705
dcs:who/itnwm.WEALTHQUINTILE--WQ1,dcid:country/MOZ,2015,45.99184
dcs:who/itnwm.WEALTHQUINTILE--WQ5,dcid:country/MOZ,2015,63.99016
dcs:who/itnwm.WEALTHQUINTILE--WQ3,dcid:country/MOZ,2015,47.97725
dcs:who/itnwm.WEALTHQUINTILE--WQ2,dcid:country/MOZ,2015,50.87364
dcs:who/itnwm.WEALTHQUINTILE--WQ5,dcid:country/MOZ,2011,41.16628
dcs:who/itnwm.WEALTHQUINTILE--WQ2,dcid:country/MOZ,2011,30.96916
dcs:who/itnwm.WEALTHQUINTILE--WQ1,dcid:country/MOZ,2011,30.73946
dcs:who/itnwm.WEALTHQUINTILE--WQ3,dcid:country/MOZ,2011,35.10832
dcs:who/itnwm.WEALTHQUINTILE--WQ4,dcid:country/MOZ,2011,38.4002
dcs:who/itnwm.WEALTHDECILE--WEALTHDECILE09,dcid:country/MOZ,2015,59.66331
dcs:who/itnwm.WEALTHDECILE--WEALTHDECILE08,dcid:country/MOZ,2015,62.67652
dcs:who/itnwm.WEALTHDECILE--WEALTHDECILE05,dcid:country/MOZ,2015,52.3816
dcs:who/itnwm.WEALTHDECILE--WEALTHDECILE04,dcid:country/MOZ,2015,44.69876
dcs:who/itnwm.WEALTHDECILE--WEALTHDECILE10,dcid:country/MOZ,2015,66.91231
dcs:who/itnwm.WEALTHDECILE--WEALTHDECILE01,dcid:country/MOZ,2015,45.70241
dcs:who/itnwm.WEALTHDECILE--WEALTHDECILE03,dcid:country/MOZ,2015,54.54422
dcs:who/itnwm.WEALTHDECILE--WEALTHDECILE07,dcid:country/MOZ,2015,49.20397
dcs:who/itnwm.WEALTHDECILE--WEALTHDECILE02,dcid:country/MOZ,2015,46.29237
dcs:who/itnwm.WEALTHDECILE--WEALTHDECILE06,dcid:country/MOZ,2015,43.44691
dcs:who/itnwm.WEALTHDECILE--WEALTHDECILE05,dcid:country/MOZ,2011,32.59991
dcs:who/itnwm.WEALTHDECILE--WEALTHDECILE01,dcid:country/MOZ,2011,30.1805
dcs:who/itnwm.WEALTHDECILE--WEALTHDECILE10,dcid:country/MOZ,2011,44.92544
dcs:who/itnwm.WEALTHDECILE--WEALTHDECILE06,dcid:country/MOZ,2011,36.23714
dcs:who/itnwm.WEALTHDECILE--WEALTHDECILE04,dcid:country/MOZ,2011,31.86289
dcs:who/itnwm.WEALTHDECILE--WEALTHDECILE07,dcid:country/MOZ,2011,38.69512
dcs:who/itnwm.WEALTHDECILE--WEALTHDECILE08,dcid:country/MOZ,2011,39.28257
dcs:who/itnwm.WEALTHDECILE--WEALTHDECILE02,dcid:country/MOZ,2011,31.33971
dcs:who/itnwm.WEALTHDECILE--WEALTHDECILE09,dcid:country/MOZ,2011,38.35321
dcs:who/itnwm.WEALTHDECILE--WEALTHDECILE03,dcid:country/MOZ,2011,30.01126
dcs:who/itnwm.RESIDENCEAREATYPE--RUR,dcid:country/MOZ,2015,50.15115
dcs:who/itnwm.RESIDENCEAREATYPE--URB,dcid:country/MOZ,2015,56.44647
dcs:who/itnwm.RESIDENCEAREATYPE--URB,dcid:country/MOZ,2011,46.83427
dcs:who/itnwm.RESIDENCEAREATYPE--RUR,dcid:country/MOZ,2011,30.15947
dcs:who/itnwm.EDUCATIONLEVEL--PRLM,dcid:country/MOZ,2015,51.00616
dcs:who/itnwm.EDUCATIONLEVEL--NHLM,dcid:country/MOZ,2015,48.11096
dcs:who/itnwm.EDUCATIONLEVEL--SHLM,dcid:country/MOZ,2015,60.42206
dcs:who/itnwm.EDUCATIONLEVEL--NHLM,dcid:country/MOZ,2011,26.22164
dcs:who/itnwm.EDUCATIONLEVEL--PRLM,dcid:country/MOZ,2011,37.73834
dcs:who/itnwm.EDUCATIONLEVEL--SHLM,dcid:country/MOZ,2011,45.29914
dcs:who/itnwm.AGE--Y15T19,dcid:country/MOZ,2015,55.50527
dcs:who/itnwm.AGE--Y20T49,dcid:country/MOZ,2015,50.9187
dcs:who/itnwm.AGE--Y15T19,dcid:country/MOZ,2011,30.19395
dcs:who/itnwm.AGE--Y20T49,dcid:country/MOZ,2011,35.72191
dcs:who/itnwm,dcid:country/MRT,2015,22.72995
dcs:who/itnwm,dcid:country/MRT,2011,35.95668
dcs:who/itnwm.WEALTHQUINTILE--WQ1,dcid:country/MRT,2015,45.14156
dcs:who/itnwm.WEALTHQUINTILE--WQ5,dcid:country/MRT,2015,30.71021
dcs:who/itnwm.WEALTHQUINTILE--WQ2,dcid:country/MRT,2015,43.68234
dcs:who/itnwm.WEALTHQUINTILE--WQ4,dcid:country/MRT,2015,31.26845
dcs:who/itnwm.WEALTHQUINTILE--WQ3,dcid:country/MRT,2015,23.2986
dcs:who/itnwm.WEALTHQUINTILE--WQ4,dcid:country/MRT,2011,18.25356
dcs:who/itnwm.WEALTHQUINTILE--WQ5,dcid:country/MRT,2011,15.8189
dcs:who/itnwm.WEALTHQUINTILE--WQ1,dcid:country/MRT,2011,25.60304
dcs:who/itnwm.WEALTHQUINTILE--WQ3,dcid:country/MRT,2011,21.92726
dcs:who/itnwm.WEALTHQUINTILE--WQ2,dcid:country/MRT,2011,27.91841
dcs:who/itnwm.WEALTHDECILE--WEALTHDECILE07,dcid:country/MRT,2015,31.67654
dcs:who/itnwm.WEALTHDECILE--WEALTHDECILE04,dcid:country/MRT,2015,41.53724
dcs:who/itnwm.WEALTHDECILE--WEALTHDECILE08,dcid:country/MRT,2015,30.93481
dcs:who/itnwm.WEALTHDECILE--WEALTHDECILE06,dcid:country/MRT,2015,20.0895
dcs:who/itnwm.WEALTHDECILE--WEALTHDECILE03,dcid:country/MRT,2015,45.60638
dcs:who/itnwm.WEALTHDECILE--WEALTHDECILE09,dcid:country/MRT,2015,32.4567
dcs:who/itnwm.WEALTHDECILE--WEALTHDECILE05,dcid:country/MRT,2015,25.82069
dcs:who/itnwm.WEALTHDECILE--WEALTHDECILE02,dcid:country/MRT,2015,43.11196
dcs:who/itnwm.WEALTHDECILE--WEALTHDECILE10,dcid:country/MRT,2015,28.4398
dcs:who/itnwm.WEALTHDECILE--WEALTHDECILE01,dcid:country/MRT,2015,47.84146
dcs:who/itnwm.WEALTHDECILE--WEALTHDECILE10,dcid:country/MRT,2011,11.68584
dcs:who/itnwm.WEALTHDECILE--WEALTHDECILE04,dcid:country/MRT,2011,25.62511
dcs:who/itnwm.WEALTHDECILE--WEALTHDECILE06,dcid:country/MRT,2011,18.82939
dcs:who/itnwm.WEALTHDECILE--WEALTHDECILE09,dcid:country/MRT,2011,18.87821
dcs:who/itnwm.WEALTHDECILE--WEALTHDECILE02,dcid:country/MRT,2011,25.72837
dcs:who/itnwm.WEALTHDECILE--WEALTHDECILE01,dcid:country/MRT,2011,27.20355
dcs:who/itnwm.WEALTHDECILE--WEALTHDECILE05,dcid:country/MRT,2011,25.56655
dcs:who/itnwm.WEALTHDECILE--WEALTHDECILE03,dcid:country/MRT,2011,28.27107
dcs:who/itnwm.WEALTHDECILE--WEALTHDECILE07,dcid:country/MRT,2011,12.73975
dcs:who/itnwm.WEALTHDECILE--WEALTHDECILE08,dcid:country/MRT,2011,21.86665
dcs:who/itnwm.RESIDENCEAREATYPE--URB,dcid:country/MRT,2015,30.63394
dcs:who/itnwm.RESIDENCEAREATYPE--RUR,dcid:country/MRT,2015,39.3781
dcs:who/itnwm.RESIDENCEAREATYPE--RUR,dcid:country/MRT,2011,27.42775
dcs:who/itnwm.RESIDENCEAREATYPE--URB,dcid:country/MRT,2011,15.0905
dcs:who/itnwm.EDUCATIONLEVEL--PRLM,dcid:country/MRT,2015,33.03179
dcs:who/itnwm.EDUCATIONLEVEL--SHLM,dcid:country/MRT,2015,31.82634
dcs:who/itnwm.EDUCATIONLEVEL--NHLM,dcid:country/MRT,2015,38.32352
dcs:who/itnwm.EDUCATIONLEVEL--SHLM,dcid:country/MRT,2011,15.63264
dcs:who/itnwm.EDUCATIONLEVEL--NHLM,dcid:country/MRT,2011,25.63215
dcs:who/itnwm.EDUCATIONLEVEL--PRLM,dcid:country/MRT,2011,20.6284
dcs:who/itnwm,dcid:country/MWI,2015,44.44002
dcs:who/itnwm,dcid:country/MWI,2013,80.15622
dcs:who/itnwm,dcid:country/MWI,2010,32.05573
dcs:who/itnwm,dcid:country/MWI,2004,17.46746
dcs:who/itnwm.WEALTHQUINTILE--WQ4,dcid:country/MWI,2015,46.41661
dcs:who/itnwm.WEALTHQUINTILE--WQ1,dcid:country/MWI,2015,36.69015
dcs:who/itnwm.WEALTHQUINTILE--WQ5,dcid:country/MWI,2015,52.44614
dcs:who/itnwm.WEALTHQUINTILE--WQ2,dcid:country/MWI,2015,41.56289
dcs:who/itnwm.WEALTHQUINTILE--WQ3,dcid:country/MWI,2015,45.14442
dcs:who/itnwm.WEALTHQUINTILE--WQ1,dcid:country/MWI,2013,52.13349
dcs:who/itnwm.WEALTHQUINTILE--WQ2,dcid:country/MWI,2013,59.76253
dcs:who/itnwm.WEALTHQUINTILE--WQ5,dcid:country/MWI,2013,72.49281
dcs:who/itnwm.WEALTHQUINTILE--WQ4,dcid:country/MWI,2013,61.77831
dcs:who/itnwm.WEALTHQUINTILE--WQ3,dcid:country/MWI,2013,59.97372
dcs:who/itnwm.WEALTHQUINTILE--WQ5,dcid:country/MWI,2010,48.48033
dcs:who/itnwm.WEALTHQUINTILE--WQ4,dcid:country/MWI,2010,42.32659
dcs:who/itnwm.WEALTHQUINTILE--WQ3,dcid:country/MWI,2010,37.56421
dcs:who/itnwm.WEALTHQUINTILE--WQ2,dcid:country/MWI,2010,28.6021
dcs:who/itnwm.WEALTHQUINTILE--WQ1,dcid:country/MWI,2010,22.54215
dcs:who/itnwm.WEALTHQUINTILE--WQ4,dcid:country/MWI,2004,16.89586
dcs:who/itnwm.WEALTHQUINTILE--WQ2,dcid:country/MWI,2004,9.60192
dcs:who/itnwm.WEALTHQUINTILE--WQ1,dcid:country/MWI,2004,5.95351
dcs:who/itnwm.WEALTHQUINTILE--WQ3,dcid:country/MWI,2004,12.5359
dcs:who/itnwm.WEALTHQUINTILE--WQ5,dcid:country/MWI,2004,32.52546
dcs:who/itnwm.WEALTHDECILE--WEALTHDECILE07,dcid:country/MWI,2015,47.51374
dcs:who/itnwm.WEALTHDECILE--WEALTHDECILE02,dcid:country/MWI,2015,37.11303
dcs:who/itnwm.WEALTHDECILE--WEALTHDECILE09,dcid:country/MWI,2015,43.43663
dcs:who/itnwm.WEALTHDECILE--WEALTHDECILE06,dcid:country/MWI,2015,41.08693
dcs:who/itnwm.WEALTHDECILE--WEALTHDECILE03,dcid:country/MWI,2015,42.14392
dcs:who/itnwm.WEALTHDECILE--WEALTHDECILE04,dcid:country/MWI,2015,40.95117
dcs:who/itnwm.WEALTHDECILE--WEALTHDECILE08,dcid:country/MWI,2015,45.25534
dcs:who/itnwm.WEALTHDECILE--WEALTHDECILE05,dcid:country/MWI,2015,48.76933
dcs:who/itnwm.WEALTHDECILE--WEALTHDECILE10,dcid:country/MWI,2015,62.24619
dcs:who/itnwm.WEALTHDECILE--WEALTHDECILE01,dcid:country/MWI,2015,36.28765
dcs:who/itnwm.WEALTHDECILE--WEALTHDECILE09,dcid:country/MWI,2013,70.93671
dcs:who/itnwm.WEALTHDECILE--WEALTHDECILE08,dcid:country/MWI,2013,61.05542
dcs:who/itnwm.WEALTHDECILE--WEALTHDECILE06,dcid:country/MWI,2013,60.07489
dcs:who/itnwm.WEALTHDECILE--WEALTHDECILE05,dcid:country/MWI,2013,59.86001
dcs:who/itnwm.WEALTHDECILE--WEALTHDECILE01,dcid:country/MWI,2013,54.08658
dcs:who/itnwm.WEALTHDECILE--WEALTHDECILE03,dcid:country/MWI,2013,62.6624
dcs:who/itnwm.WEALTHDECILE--WEALTHDECILE04,dcid:country/MWI,2013,55.99787
dcs:who/itnwm.WEALTHDECILE--WEALTHDECILE02,dcid:country/MWI,2013,50.88477
dcs:who/itnwm.WEALTHDECILE--WEALTHDECILE10,dcid:country/MWI,2013,74.73518
dcs:who/itnwm.WEALTHDECILE--WEALTHDECILE07,dcid:country/MWI,2013,62.40576
dcs:who/itnwm.WEALTHDECILE--WEALTHDECILE10,dcid:country/MWI,2010,60.14197
dcs:who/itnwm.WEALTHDECILE--WEALTHDECILE08,dcid:country/MWI,2010,39.36598
dcs:who/itnwm.WEALTHDECILE--WEALTHDECILE06,dcid:country/MWI,2010,39.03601
dcs:who/itnwm.WEALTHDECILE--WEALTHDECILE01,dcid:country/MWI,2010,16.71031
dcs:who/itnwm.WEALTHDECILE--WEALTHDECILE02,dcid:country/MWI,2010,27.75643
dcs:who/itnwm.WEALTHDECILE--WEALTHDECILE07,dcid:country/MWI,2010,44.82407
dcs:who/itnwm.WEALTHDECILE--WEALTHDECILE03,dcid:country/MWI,2010,27.96503
dcs:who/itnwm.WEALTHDECILE--WEALTHDECILE09,dcid:country/MWI,2010,39.70221
dcs:who/itnwm.WEALTHDECILE--WEALTHDECILE05,dcid:country/MWI,2010,36.36728
dcs:who/itnwm.WEALTHDECILE--WEALTHDECILE04,dcid:country/MWI,2010,28.96825
dcs:who/itnwm.WEALTHDECILE--WEALTHDECILE08,dcid:country/MWI,2004,13.00843
dcs:who/itnwm.WEALTHDECILE--WEALTHDECILE03,dcid:country/MWI,2004,6.75686
dcs:who/itnwm.WEALTHDECILE--WEALTHDECILE09,dcid:country/MWI,2004,30.1312
dcs:who/itnwm.WEALTHDECILE--WEALTHDECILE07,dcid:country/MWI,2004,20.84574
dcs:who/itnwm.WEALTHDECILE--WEALTHDECILE06,dcid:country/MWI,2004,18.02655
dcs:who/itnwm.WEALTHDECILE--WEALTHDECILE05,dcid:country/MWI,2004,7.44158
dcs:who/itnwm.WEALTHDECILE--WEALTHDECILE04,dcid:country/MWI,2004,12.16333
dcs:who/itnwm.WEALTHDECILE--WEALTHDECILE01,dcid:country/MWI,2004,7.00396
dcs:who/itnwm.WEALTHDECILE--WEALTHDECILE10,dcid:country/MWI,2004,35.64961
dcs:who/itnwm.WEALTHDECILE--WEALTHDECILE02,dcid:country/MWI,2004,5.23861
dcs:who/itnwm.RESIDENCEAREATYPE--RUR,dcid:country/MWI,2015,42.76766
dcs:who/itnwm.RESIDENCEAREATYPE--URB,dcid:country/MWI,2015,50.17352
dcs:who/itnwm.RESIDENCEAREATYPE--URB,dcid:country/MWI,2013,67.1128
dcs:who/itnwm.RESIDENCEAREATYPE--RUR,dcid:country/MWI,2013,59.80937
dcs:who/itnwm.RESIDENCEAREATYPE--RUR,dcid:country/MWI,2010,34.00251
dcs:who/itnwm.RESIDENCEAREATYPE--URB,dcid:country/MWI,2010,43.59312
dcs:who/itnwm.RESIDENCEAREATYPE--RUR,dcid:country/MWI,2004,12.35037
dcs:who/itnwm.RESIDENCEAREATYPE--URB,dcid:country/MWI,2004,29.81538
dcs:who/itnwm.EDUCATIONLEVEL--SHLM,dcid:country/MWI,2015,52.66157
dcs:who/itnwm.EDUCATIONLEVEL--NHLM,dcid:country/MWI,2015,31.3381
dcs:who/itnwm.EDUCATIONLEVEL--PRLM,dcid:country/MWI,2015,42.22187
dcs:who/itnwm.EDUCATIONLEVEL--NHLM,dcid:country/MWI,2013,53.31724
dcs:who/itnwm.EDUCATIONLEVEL--SHLM,dcid:country/MWI,2013,68.89896
dcs:who/itnwm.EDUCATIONLEVEL--PRLM,dcid:country/MWI,2013,59.48095
dcs:who/itnwm.EDUCATIONLEVEL--SHLM,dcid:country/MWI,2010,50.67114
dcs:who/itnwm.EDUCATIONLEVEL--NHLM,dcid:country/MWI,2010,31.59606
dcs:who/itnwm.EDUCATIONLEVEL--PRLM,dcid:country/MWI,2010,32.61475
dcs:who/itnwm.EDUCATIONLEVEL--PRLM,dcid:country/MWI,2004,14.50517
dcs:who/itnwm.EDUCATIONLEVEL--NHLM,dcid:country/MWI,2004,8.17381
dcs:who/itnwm.EDUCATIONLEVEL--SHLM,dcid:country/MWI,2004,27.38065
dcs:who/itnwm.AGE--Y15T19,dcid:country/MWI,2015,32.23587
dcs:who/itnwm.AGE--Y20T49,dcid:country/MWI,2015,47.29001
dcs:who/itnwm.AGE--Y15T19,dcid:country/MWI,2010,25.95302
dcs:who/itnwm.AGE--Y20T49,dcid:country/MWI,2010,37.07172
dcs:who/itnwm.AGE--Y20T49,dcid:country/MWI,2004,15.7597
dcs:who/itnwm.AGE--Y15T19,dcid:country/MWI,2004,9.85767
dcs:who/itnwm,dcid:country/NAM,2013,7.77099
dcs:who/itnwm,dcid:country/NAM,2006,5.98743
dcs:who/itnwm.WEALTHQUINTILE--WQ3,dcid:country/NAM,2013,2.11698
dcs:who/itnwm.WEALTHQUINTILE--WQ2,dcid:country/NAM,2013,6.89384
dcs:who/itnwm.WEALTHQUINTILE--WQ5,dcid:country/NAM,2013,0.31889
dcs:who/itnwm.WEALTHQUINTILE--WQ1,dcid:country/NAM,2013,5.81142
dcs:who/itnwm.WEALTHQUINTILE--WQ4,dcid:country/NAM,2013,3.05461
dcs:who/itnwm.WEALTHQUINTILE--WQ5,dcid:country/NAM,2006,2.59266
dcs:who/itnwm.WEALTHQUINTILE--WQ3,dcid:country/NAM,2006,11.38804
dcs:who/itnwm.WEALTHQUINTILE--WQ4,dcid:country/NAM,2006,3.64581
dcs:who/itnwm.WEALTHQUINTILE--WQ1,dcid:country/NAM,2006,10.96643
dcs:who/itnwm.WEALTHQUINTILE--WQ2,dcid:country/NAM,2006,14.70597
dcs:who/itnwm.WEALTHDECILE--WEALTHDECILE03,dcid:country/NAM,2013,8.52556
dcs:who/itnwm.WEALTHDECILE--WEALTHDECILE09,dcid:country/NAM,2013,0.52485
dcs:who/itnwm.WEALTHDECILE--WEALTHDECILE01,dcid:country/NAM,2013,2.49284
dcs:who/itnwm.WEALTHDECILE--WEALTHDECILE08,dcid:country/NAM,2013,1.52013
dcs:who/itnwm.WEALTHDECILE--WEALTHDECILE04,dcid:country/NAM,2013,5.62851
dcs:who/itnwm.WEALTHDECILE--WEALTHDECILE05,dcid:country/NAM,2013,0.0
dcs:who/itnwm.WEALTHDECILE--WEALTHDECILE06,dcid:country/NAM,2013,4.25684
dcs:who/itnwm.WEALTHDECILE--WEALTHDECILE02,dcid:country/NAM,2013,7.80692
dcs:who/itnwm.WEALTHDECILE--WEALTHDECILE07,dcid:country/NAM,2013,4.52086
dcs:who/itnwm.WEALTHDECILE--WEALTHDECILE10,dcid:country/NAM,2013,0.0
dcs:who/itnwm.WEALTHDECILE--WEALTHDECILE09,dcid:country/NAM,2006,2.54915
dcs:who/itnwm.WEALTHDECILE--WEALTHDECILE05,dcid:country/NAM,2006,7.14687
dcs:who/itnwm.WEALTHDECILE--WEALTHDECILE08,dcid:country/NAM,2006,4.34115
dcs:who/itnwm.WEALTHDECILE--WEALTHDECILE03,dcid:country/NAM,2006,9.88029
dcs:who/itnwm.WEALTHDECILE--WEALTHDECILE02,dcid:country/NAM,2006,11.5048
dcs:who/itnwm.WEALTHDECILE--WEALTHDECILE06,dcid:country/NAM,2006,14.88537
dcs:who/itnwm.WEALTHDECILE--WEALTHDECILE07,dcid:country/NAM,2006,3.04862
dcs:who/itnwm.WEALTHDECILE--WEALTHDECILE01,dcid:country/NAM,2006,10.42046
dcs:who/itnwm.WEALTHDECILE--WEALTHDECILE10,dcid:country/NAM,2006,2.67459
dcs:who/itnwm.WEALTHDECILE--WEALTHDECILE04,dcid:country/NAM,2006,22.44069
dcs:who/itnwm.RESIDENCEAREATYPE--RUR,dcid:country/NAM,2013,6.99923
dcs:who/itnwm.RESIDENCEAREATYPE--URB,dcid:country/NAM,2013,1.06675
dcs:who/itnwm.RESIDENCEAREATYPE--URB,dcid:country/NAM,2006,5.86197
dcs:who/itnwm.RESIDENCEAREATYPE--RUR,dcid:country/NAM,2006,10.7895
dcs:who/itnwm.EDUCATIONLEVEL--NHLM,dcid:country/NAM,2013,4.16781
dcs:who/itnwm.EDUCATIONLEVEL--SHLM,dcid:country/NAM,2013,3.48858
dcs:who/itnwm.EDUCATIONLEVEL--PRLM,dcid:country/NAM,2013,3.55232
dcs:who/itnwm.EDUCATIONLEVEL--NHLM,dcid:country/NAM,2006,7.84256
dcs:who/itnwm.EDUCATIONLEVEL--PRLM,dcid:country/NAM,2006,12.5993
dcs:who/itnwm.EDUCATIONLEVEL--SHLM,dcid:country/NAM,2006,7.04296
dcs:who/itnwm.AGE--Y20T49,dcid:country/NAM,2013,3.79917
dcs:who/itnwm.AGE--Y15T19,dcid:country/NAM,2013,2.3873
dcs:who/itnwm.AGE--Y20T49,dcid:country/NAM,2006,9.20474
dcs:who/itnwm.AGE--Y15T19,dcid:country/NAM,2006,5.89636
dcs:who/itnwm,dcid:country/NER,2012,19.16707
dcs:who/itnwm,dcid:country/NER,2006,4.86746
dcs:who/itnwm.WEALTHQUINTILE--WQ5,dcid:country/NER,2012,29.59397
dcs:who/itnwm.WEALTHQUINTILE--WQ3,dcid:country/NER,2012,19.29181
dcs:who/itnwm.WEALTHQUINTILE--WQ4,dcid:country/NER,2012,18.49216
dcs:who/itnwm.WEALTHQUINTILE--WQ2,dcid:country/NER,2012,18.36491
dcs:who/itnwm.WEALTHQUINTILE--WQ1,dcid:country/NER,2012,13.05079
dcs:who/itnwm.WEALTHQUINTILE--WQ5,dcid:country/NER,2006,11.64663
dcs:who/itnwm.WEALTHQUINTILE--WQ2,dcid:country/NER,2006,5.88502
dcs:who/itnwm.WEALTHQUINTILE--WQ3,dcid:country/NER,2006,3.8836
dcs:who/itnwm.WEALTHQUINTILE--WQ4,dcid:country/NER,2006,5.74544
dcs:who/itnwm.WEALTHQUINTILE--WQ1,dcid:country/NER,2006,2.92639
dcs:who/itnwm.WEALTHDECILE--WEALTHDECILE01,dcid:country/NER,2012,11.61145
dcs:who/itnwm.WEALTHDECILE--WEALTHDECILE06,dcid:country/NER,2012,19.32866
dcs:who/itnwm.WEALTHDECILE--WEALTHDECILE10,dcid:country/NER,2012,33.82615
dcs:who/itnwm.WEALTHDECILE--WEALTHDECILE07,dcid:country/NER,2012,15.57381
dcs:who/itnwm.WEALTHDECILE--WEALTHDECILE04,dcid:country/NER,2012,19.12747
dcs:who/itnwm.WEALTHDECILE--WEALTHDECILE02,dcid:country/NER,2012,14.51065
dcs:who/itnwm.WEALTHDECILE--WEALTHDECILE09,dcid:country/NER,2012,25.83146
dcs:who/itnwm.WEALTHDECILE--WEALTHDECILE08,dcid:country/NER,2012,21.8901
dcs:who/itnwm.WEALTHDECILE--WEALTHDECILE03,dcid:country/NER,2012,17.48709
dcs:who/itnwm.WEALTHDECILE--WEALTHDECILE05,dcid:country/NER,2012,19.24938
dcs:who/itnwm.WEALTHDECILE--WEALTHDECILE07,dcid:country/NER,2006,4.90017
dcs:who/itnwm.WEALTHDECILE--WEALTHDECILE06,dcid:country/NER,2006,1.7779
dcs:who/itnwm.WEALTHDECILE--WEALTHDECILE03,dcid:country/NER,2006,4.22008
dcs:who/itnwm.WEALTHDECILE--WEALTHDECILE02,dcid:country/NER,2006,5.55545
dcs:who/itnwm.WEALTHDECILE--WEALTHDECILE10,dcid:country/NER,2006,11.98596
dcs:who/itnwm.WEALTHDECILE--WEALTHDECILE04,dcid:country/NER,2006,7.73311
dcs:who/itnwm.WEALTHDECILE--WEALTHDECILE09,dcid:country/NER,2006,11.39263
dcs:who/itnwm.WEALTHDECILE--WEALTHDECILE01,dcid:country/NER,2006,0.93399
dcs:who/itnwm.WEALTHDECILE--WEALTHDECILE08,dcid:country/NER,2006,6.47441
dcs:who/itnwm.WEALTHDECILE--WEALTHDECILE05,dcid:country/NER,2006,5.89661
dcs:who/itnwm.RESIDENCEAREATYPE--URB,dcid:country/NER,2012,32.87513
dcs:who/itnwm.RESIDENCEAREATYPE--RUR,dcid:country/NER,2012,17.89865
dcs:who/itnwm.RESIDENCEAREATYPE--RUR,dcid:country/NER,2006,4.94231
dcs:who/itnwm.RESIDENCEAREATYPE--URB,dcid:country/NER,2006,12.29434
dcs:who/itnwm.EDUCATIONLEVEL--SHLM,dcid:country/NER,2012,23.24079
dcs:who/itnwm.EDUCATIONLEVEL--NHLM,dcid:country/NER,2012,18.95175
dcs:who/itnwm.EDUCATIONLEVEL--PRLM,dcid:country/NER,2012,25.20316
dcs:who/itnwm.EDUCATIONLEVEL--NHLM,dcid:country/NER,2006,5.15972
dcs:who/itnwm.EDUCATIONLEVEL--SHLM,dcid:country/NER,2006,18.20619
dcs:who/itnwm.EDUCATIONLEVEL--PRLM,dcid:country/NER,2006,8.07512
dcs:who/itnwm.AGE--Y15T19,dcid:country/NER,2012,15.1222
dcs:who/itnwm.AGE--Y20T49,dcid:country/NER,2012,20.7245
dcs:who/itnwm.AGE--Y20T49,dcid:country/NER,2006,6.44451
dcs:who/itnwm.AGE--Y15T19,dcid:country/NER,2006,3.12553
dcs:who/itnwm,dcid:country/NGA,2018,57.7259
dcs:who/itnwm,dcid:country/NGA,2016,5.80913
dcs:who/itnwm,dcid:country/NGA,2013,18.70675
dcs:who/itnwm,dcid:country/NGA,2011,48.55883
dcs:who/itnwm,dcid:country/NGA,2008,7.11719
dcs:who/itnwm,dcid:country/NGA,2003,1.63245
dcs:who/itnwm.WEALTHQUINTILE--WQ4,dcid:country/NGA,2018,43.02268
dcs:who/itnwm.WEALTHQUINTILE--WQ2,dcid:country/NGA,2018,70.15291
dcs:who/itnwm.WEALTHQUINTILE--WQ1,dcid:country/NGA,2018,67.8225
dcs:who/itnwm.WEALTHQUINTILE--WQ5,dcid:country/NGA,2018,38.04301
dcs:who/itnwm.WEALTHQUINTILE--WQ3,dcid:country/NGA,2018,59.05112
dcs:who/itnwm.WEALTHQUINTILE--WQ1,dcid:country/NGA,2016,49.75136
dcs:who/itnwm.WEALTHQUINTILE--WQ3,dcid:country/NGA,2016,38.749
dcs:who/itnwm.WEALTHQUINTILE--WQ2,dcid:country/NGA,2016,48.79397
dcs:who/itnwm.WEALTHQUINTILE--WQ5,dcid:country/NGA,2016,21.40986
dcs:who/itnwm.WEALTHQUINTILE--WQ4,dcid:country/NGA,2016,30.39801
dcs:who/itnwm.WEALTHQUINTILE--WQ3,dcid:country/NGA,2013,20.9616
dcs:who/itnwm.WEALTHQUINTILE--WQ1,dcid:country/NGA,2013,12.83115
dcs:who/itnwm.WEALTHQUINTILE--WQ2,dcid:country/NGA,2013,17.17091
dcs:who/itnwm.WEALTHQUINTILE--WQ4,dcid:country/NGA,2013,18.10955
dcs:who/itnwm.WEALTHQUINTILE--WQ5,dcid:country/NGA,2013,13.71181
dcs:who/itnwm.WEALTHQUINTILE--WQ2,dcid:country/NGA,2011,19.57652
dcs:who/itnwm.WEALTHQUINTILE--WQ4,dcid:country/NGA,2011,16.01727
dcs:who/itnwm.WEALTHQUINTILE--WQ3,dcid:country/NGA,2011,18.56529
dcs:who/itnwm.WEALTHQUINTILE--WQ1,dcid:country/NGA,2011,13.52273
dcs:who/itnwm.WEALTHQUINTILE--WQ5,dcid:country/NGA,2011,18.98061
dcs:who/itnwm.WEALTHQUINTILE--WQ3,dcid:country/NGA,2008,6.77443
dcs:who/itnwm.WEALTHQUINTILE--WQ1,dcid:country/NGA,2008,2.30653
dcs:who/itnwm.WEALTHQUINTILE--WQ2,dcid:country/NGA,2008,4.65094
dcs:who/itnwm.WEALTHQUINTILE--WQ4,dcid:country/NGA,2008,5.93614
dcs:who/itnwm.WEALTHQUINTILE--WQ5,dcid:country/NGA,2008,5.06443
dcs:who/itnwm.WEALTHQUINTILE--WQ3,dcid:country/NGA,2003,2.06789
dcs:who/itnwm.WEALTHQUINTILE--WQ1,dcid:country/NGA,2003,0.95738
dcs:who/itnwm.WEALTHQUINTILE--WQ5,dcid:country/NGA,2003,0.35454
dcs:who/itnwm.WEALTHQUINTILE--WQ4,dcid:country/NGA,2003,2.62031
dcs:who/itnwm.WEALTHQUINTILE--WQ2,dcid:country/NGA,2003,0.37351
dcs:who/itnwm.WEALTHDECILE--WEALTHDECILE09,dcid:country/NGA,2018,38.82854
dcs:who/itnwm.WEALTHDECILE--WEALTHDECILE05,dcid:country/NGA,2018,61.18887
dcs:who/itnwm.WEALTHDECILE--WEALTHDECILE04,dcid:country/NGA,2018,69.33119
dcs:who/itnwm.WEALTHDECILE--WEALTHDECILE01,dcid:country/NGA,2018,67.13701
dcs:who/itnwm.WEALTHDECILE--WEALTHDECILE08,dcid:country/NGA,2018,38.93554
dcs:who/itnwm.WEALTHDECILE--WEALTHDECILE03,dcid:country/NGA,2018,70.96921
dcs:who/itnwm.WEALTHDECILE--WEALTHDECILE07,dcid:country/NGA,2018,47.4494
dcs:who/itnwm.WEALTHDECILE--WEALTHDECILE02,dcid:country/NGA,2018,68.42567
dcs:who/itnwm.WEALTHDECILE--WEALTHDECILE10,dcid:country/NGA,2018,37.22316
dcs:who/itnwm.WEALTHDECILE--WEALTHDECILE06,dcid:country/NGA,2018,56.54097
dcs:who/itnwm.WEALTHDECILE--WEALTHDECILE07,dcid:country/NGA,2016,29.1475
dcs:who/itnwm.WEALTHDECILE--WEALTHDECILE04,dcid:country/NGA,2016,49.81638
dcs:who/itnwm.WEALTHDECILE--WEALTHDECILE01,dcid:country/NGA,2016,46.83132
dcs:who/itnwm.WEALTHDECILE--WEALTHDECILE08,dcid:country/NGA,2016,29.83028
dcs:who/itnwm.WEALTHDECILE--WEALTHDECILE06,dcid:country/NGA,2016,35.79478
dcs:who/itnwm.WEALTHDECILE--WEALTHDECILE02,dcid:country/NGA,2016,48.26971
dcs:who/itnwm.WEALTHDECILE--WEALTHDECILE10,dcid:country/NGA,2016,23.85606
dcs:who/itnwm.WEALTHDECILE--WEALTHDECILE09,dcid:country/NGA,2016,23.17322
dcs:who/itnwm.WEALTHDECILE--WEALTHDECILE05,dcid:country/NGA,2016,44.23999
dcs:who/itnwm.WEALTHDECILE--WEALTHDECILE03,dcid:country/NGA,2016,48.94814
dcs:who/itnwm.WEALTHDECILE--WEALTHDECILE03,dcid:country/NGA,2013,19.0303
dcs:who/itnwm.WEALTHDECILE--WEALTHDECILE02,dcid:country/NGA,2013,13.76261
dcs:who/itnwm.WEALTHDECILE--WEALTHDECILE10,dcid:country/NGA,2013,16.15397
dcs:who/itnwm.WEALTHDECILE--WEALTHDECILE06,dcid:country/NGA,2013,22.37778
dcs:who/itnwm.WEALTHDECILE--WEALTHDECILE08,dcid:country/NGA,2013,17.51678
dcs:who/itnwm.WEALTHDECILE--WEALTHDECILE05,dcid:country/NGA,2013,19.74513
dcs:who/itnwm.WEALTHDECILE--WEALTHDECILE01,dcid:country/NGA,2013,11.84725
dcs:who/itnwm.WEALTHDECILE--WEALTHDECILE07,dcid:country/NGA,2013,18.68607
dcs:who/itnwm.WEALTHDECILE--WEALTHDECILE04,dcid:country/NGA,2013,14.92766
dcs:who/itnwm.WEALTHDECILE--WEALTHDECILE09,dcid:country/NGA,2013,11.71888
dcs:who/itnwm.WEALTHDECILE--WEALTHDECILE03,dcid:country/NGA,2011,23.1138
dcs:who/itnwm.WEALTHDECILE--WEALTHDECILE01,dcid:country/NGA,2011,8.63653
dcs:who/itnwm.WEALTHDECILE--WEALTHDECILE06,dcid:country/NGA,2011,18.47581
dcs:who/itnwm.WEALTHDECILE--WEALTHDECILE05,dcid:country/NGA,2011,18.6548
dcs:who/itnwm.WEALTHDECILE--WEALTHDECILE07,dcid:country/NGA,2011,16.00195
dcs:who/itnwm.WEALTHDECILE--WEALTHDECILE08,dcid:country/NGA,2011,16.0343
dcs:who/itnwm.WEALTHDECILE--WEALTHDECILE04,dcid:country/NGA,2011,15.68623
dcs:who/itnwm.WEALTHDECILE--WEALTHDECILE10,dcid:country/NGA,2011,21.40355
dcs:who/itnwm.WEALTHDECILE--WEALTHDECILE02,dcid:country/NGA,2011,18.15861
dcs:who/itnwm.WEALTHDECILE--WEALTHDECILE09,dcid:country/NGA,2011,16.51666
dcs:who/itnwm.WEALTHDECILE--WEALTHDECILE08,dcid:country/NGA,2008,5.24936
dcs:who/itnwm.WEALTHDECILE--WEALTHDECILE04,dcid:country/NGA,2008,4.70459
dcs:who/itnwm.WEALTHDECILE--WEALTHDECILE06,dcid:country/NGA,2008,7.57455
dcs:who/itnwm.WEALTHDECILE--WEALTHDECILE02,dcid:country/NGA,2008,2.63254
dcs:who/itnwm.WEALTHDECILE--WEALTHDECILE05,dcid:country/NGA,2008,6.03821
dcs:who/itnwm.WEALTHDECILE--WEALTHDECILE01,dcid:country/NGA,2008,1.99895
dcs:who/itnwm.WEALTHDECILE--WEALTHDECILE09,dcid:country/NGA,2008,5.24352
dcs:who/itnwm.WEALTHDECILE--WEALTHDECILE03,dcid:country/NGA,2008,4.58114
dcs:who/itnwm.WEALTHDECILE--WEALTHDECILE07,dcid:country/NGA,2008,6.62456
dcs:who/itnwm.WEALTHDECILE--WEALTHDECILE10,dcid:country/NGA,2008,4.86927
dcs:who/itnwm.WEALTHDECILE--WEALTHDECILE05,dcid:country/NGA,2003,1.54823
dcs:who/itnwm.WEALTHDECILE--WEALTHDECILE03,dcid:country/NGA,2003,0.0
dcs:who/itnwm.WEALTHDECILE--WEALTHDECILE10,dcid:country/NGA,2003,0.87987
dcs:who/itnwm.WEALTHDECILE--WEALTHDECILE09,dcid:country/NGA,2003,0.0
dcs:who/itnwm.WEALTHDECILE--WEALTHDECILE04,dcid:country/NGA,2003,0.7845
dcs:who/itnwm.WEALTHDECILE--WEALTHDECILE02,dcid:country/NGA,2003,0.0
dcs:who/itnwm.WEALTHDECILE--WEALTHDECILE08,dcid:country/NGA,2003,1.51477
dcs:who/itnwm.WEALTHDECILE--WEALTHDECILE06,dcid:country/NGA,2003,2.47092
dcs:who/itnwm.WEALTHDECILE--WEALTHDECILE07,dcid:country/NGA,2003,4.26568
dcs:who/itnwm.WEALTHDECILE--WEALTHDECILE01,dcid:country/NGA,2003,1.73852
dcs:who/itnwm.RESIDENCEAREATYPE--URB,dcid:country/NGA,2018,44.91513
dcs:who/itnwm.RESIDENCEAREATYPE--RUR,dcid:country/NGA,2018,65.31837
dcs:who/itnwm.RESIDENCEAREATYPE--URB,dcid:country/NGA,2016,30.32249
dcs:who/itnwm.RESIDENCEAREATYPE--RUR,dcid:country/NGA,2016,42.94597
dcs:who/itnwm.RESIDENCEAREATYPE--RUR,dcid:country/NGA,2013,15.99778
dcs:who/itnwm.RESIDENCEAREATYPE--URB,dcid:country/NGA,2013,17.25903
dcs:who/itnwm.RESIDENCEAREATYPE--URB,dcid:country/NGA,2011,18.09525
dcs:who/itnwm.RESIDENCEAREATYPE--RUR,dcid:country/NGA,2011,16.82975
dcs:who/itnwm.RESIDENCEAREATYPE--URB,dcid:country/NGA,2008,4.66487
dcs:who/itnwm.RESIDENCEAREATYPE--RUR,dcid:country/NGA,2008,4.86941
dcs:who/itnwm.RESIDENCEAREATYPE--RUR,dcid:country/NGA,2003,1.63956
dcs:who/itnwm.RESIDENCEAREATYPE--URB,dcid:country/NGA,2003,0.38782
dcs:who/itnwm.EDUCATIONLEVEL--PRLM,dcid:country/NGA,2018,66.53329
dcs:who/itnwm.EDUCATIONLEVEL--NHLM,dcid:country/NGA,2018,67.97507
dcs:who/itnwm.EDUCATIONLEVEL--SHLM,dcid:country/NGA,2018,44.01109
dcs:who/itnwm.EDUCATIONLEVEL--NHLM,dcid:country/NGA,2016,47.94624
dcs:who/itnwm.EDUCATIONLEVEL--PRLM,dcid:country/NGA,2016,36.86249
dcs:who/itnwm.EDUCATIONLEVEL--SHLM,dcid:country/NGA,2016,27.04383
dcs:who/itnwm.EDUCATIONLEVEL--SHLM,dcid:country/NGA,2013,15.989
dcs:who/itnwm.EDUCATIONLEVEL--PRLM,dcid:country/NGA,2013,18.84234
dcs:who/itnwm.EDUCATIONLEVEL--NHLM,dcid:country/NGA,2013,15.81211
dcs:who/itnwm.EDUCATIONLEVEL--PRLM,dcid:country/NGA,2011,20.34901
dcs:who/itnwm.EDUCATIONLEVEL--NHLM,dcid:country/NGA,2011,16.39184
dcs:who/itnwm.EDUCATIONLEVEL--SHLM,dcid:country/NGA,2011,16.74345
dcs:who/itnwm.EDUCATIONLEVEL--NHLM,dcid:country/NGA,2008,4.036
dcs:who/itnwm.EDUCATIONLEVEL--PRLM,dcid:country/NGA,2008,4.17944
dcs:who/itnwm.EDUCATIONLEVEL--SHLM,dcid:country/NGA,2008,6.13321
dcs:who/itnwm.EDUCATIONLEVEL--NHLM,dcid:country/NGA,2003,1.13795
dcs:who/itnwm.EDUCATIONLEVEL--SHLM,dcid:country/NGA,2003,1.04296
dcs:who/itnwm.EDUCATIONLEVEL--PRLM,dcid:country/NGA,2003,1.96072
dcs:who/itnwm.AGE--Y20T49,dcid:country/NGA,2018,56.87582
dcs:who/itnwm.AGE--Y15T19,dcid:country/NGA,2018,66.10091
dcs:who/itnwm.AGE--Y15T19,dcid:country/NGA,2013,13.80325
dcs:who/itnwm.AGE--Y20T49,dcid:country/NGA,2013,16.80725
dcs:who/itnwm.AGE--Y15T19,dcid:country/NGA,2008,2.83714
dcs:who/itnwm.AGE--Y20T49,dcid:country/NGA,2008,5.10494
dcs:who/itnwm.AGE--Y20T49,dcid:country/NGA,2003,1.24225
dcs:who/itnwm.AGE--Y15T19,dcid:country/NGA,2003,1.54114
dcs:who/itnwm,dcid:country/PAK,2017,0.0
dcs:who/itnwm,dcid:country/PAK,2006,0.20486
dcs:who/itnwm.WEALTHQUINTILE--WQ2,dcid:country/PAK,2017,0.07996
dcs:who/itnwm.WEALTHQUINTILE--WQ1,dcid:country/PAK,2017,1.24012
dcs:who/itnwm.WEALTHQUINTILE--WQ5,dcid:country/PAK,2017,0.0
dcs:who/itnwm.WEALTHQUINTILE--WQ3,dcid:country/PAK,2017,0.0
dcs:who/itnwm.WEALTHQUINTILE--WQ4,dcid:country/PAK,2017,0.37181
dcs:who/itnwm.WEALTHQUINTILE--WQ5,dcid:country/PAK,2006,0.0
dcs:who/itnwm.WEALTHQUINTILE--WQ3,dcid:country/PAK,2006,0.19827
dcs:who/itnwm.WEALTHQUINTILE--WQ4,dcid:country/PAK,2006,0.56258
dcs:who/itnwm.WEALTHQUINTILE--WQ1,dcid:country/PAK,2006,4.80506
dcs:who/itnwm.WEALTHQUINTILE--WQ2,dcid:country/PAK,2006,1.67614
dcs:who/itnwm.WEALTHDECILE--WEALTHDECILE09,dcid:country/PAK,2017,0.0
dcs:who/itnwm.WEALTHDECILE--WEALTHDECILE02,dcid:country/PAK,2017,0.84424
dcs:who/itnwm.WEALTHDECILE--WEALTHDECILE05,dcid:country/PAK,2017,0.0
dcs:who/itnwm.WEALTHDECILE--WEALTHDECILE03,dcid:country/PAK,2017,0.16225
dcs:who/itnwm.WEALTHDECILE--WEALTHDECILE01,dcid:country/PAK,2017,1.57757
dcs:who/itnwm.WEALTHDECILE--WEALTHDECILE04,dcid:country/PAK,2017,0.0
dcs:who/itnwm.WEALTHDECILE--WEALTHDECILE06,dcid:country/PAK,2017,0.0
dcs:who/itnwm.WEALTHDECILE--WEALTHDECILE07,dcid:country/PAK,2017,0.0
dcs:who/itnwm.WEALTHDECILE--WEALTHDECILE10,dcid:country/PAK,2017,0.0
dcs:who/itnwm.WEALTHDECILE--WEALTHDECILE08,dcid:country/PAK,2017,0.62375
dcs:who/itnwm.WEALTHDECILE--WEALTHDECILE09,dcid:country/PAK,2006,0.0
dcs:who/itnwm.WEALTHDECILE--WEALTHDECILE05,dcid:country/PAK,2006,0.0
dcs:who/itnwm.WEALTHDECILE--WEALTHDECILE01,dcid:country/PAK,2006,5.00065
dcs:who/itnwm.WEALTHDECILE--WEALTHDECILE03,dcid:country/PAK,2006,1.19149
dcs:who/itnwm.WEALTHDECILE--WEALTHDECILE07,dcid:country/PAK,2006,1.0029
dcs:who/itnwm.WEALTHDECILE--WEALTHDECILE08,dcid:country/PAK,2006,0.0
dcs:who/itnwm.WEALTHDECILE--WEALTHDECILE02,dcid:country/PAK,2006,4.59512
dcs:who/itnwm.WEALTHDECILE--WEALTHDECILE04,dcid:country/PAK,2006,2.16297
dcs:who/itnwm.WEALTHDECILE--WEALTHDECILE10,dcid:country/PAK,2006,0.0
dcs:who/itnwm.WEALTHDECILE--WEALTHDECILE06,dcid:country/PAK,2006,0.37982
dcs:who/itnwm.RESIDENCEAREATYPE--URB,dcid:country/PAK,2017,0.2598
dcs:who/itnwm.RESIDENCEAREATYPE--RUR,dcid:country/PAK,2017,0.41339
dcs:who/itnwm.RESIDENCEAREATYPE--RUR,dcid:country/PAK,2006,1.99819
dcs:who/itnwm.RESIDENCEAREATYPE--URB,dcid:country/PAK,2006,0.74372
dcs:who/itnwm.EDUCATIONLEVEL--SHLM,dcid:country/PAK,2017,0.22425
dcs:who/itnwm.EDUCATIONLEVEL--PRLM,dcid:country/PAK,2017,0.0
dcs:who/itnwm.EDUCATIONLEVEL--NHLM,dcid:country/PAK,2017,0.5829
dcs:who/itnwm.EDUCATIONLEVEL--PRLM,dcid:country/PAK,2006,1.80367
dcs:who/itnwm.EDUCATIONLEVEL--SHLM,dcid:country/PAK,2006,0.31966
dcs:who/itnwm.EDUCATIONLEVEL--NHLM,dcid:country/PAK,2006,2.0513
dcs:who/itnwm.AGE--Y15T19,dcid:country/PAK,2017,0.76131
dcs:who/itnwm.AGE--Y20T49,dcid:country/PAK,2017,0.31977
dcs:who/itnwm.AGE--Y20T49,dcid:country/PAK,2006,1.51193
dcs:who/itnwm.AGE--Y15T19,dcid:country/PAK,2006,2.47975
dcs:who/itnwm,dcid:country/PNG,2016,23.58127
dcs:who/itnwm.WEALTHQUINTILE--WQ5,dcid:country/PNG,2016,43.28821
dcs:who/itnwm.WEALTHQUINTILE--WQ2,dcid:country/PNG,2016,52.89205
dcs:who/itnwm.WEALTHQUINTILE--WQ1,dcid:country/PNG,2016,33.71927
dcs:who/itnwm.WEALTHQUINTILE--WQ4,dcid:country/PNG,2016,60.6527
dcs:who/itnwm.WEALTHQUINTILE--WQ3,dcid:country/PNG,2016,57.36362
dcs:who/itnwm.WEALTHDECILE--WEALTHDECILE07,dcid:country/PNG,2016,65.74293
dcs:who/itnwm.WEALTHDECILE--WEALTHDECILE04,dcid:country/PNG,2016,63.72123
dcs:who/itnwm.WEALTHDECILE--WEALTHDECILE10,dcid:country/PNG,2016,33.48877
dcs:who/itnwm.WEALTHDECILE--WEALTHDECILE01,dcid:country/PNG,2016,31.1072
dcs:who/itnwm.WEALTHDECILE--WEALTHDECILE06,dcid:country/PNG,2016,59.71101
dcs:who/itnwm.WEALTHDECILE--WEALTHDECILE09,dcid:country/PNG,2016,50.48537
dcs:who/itnwm.WEALTHDECILE--WEALTHDECILE08,dcid:country/PNG,2016,55.52079
dcs:who/itnwm.WEALTHDECILE--WEALTHDECILE05,dcid:country/PNG,2016,55.19344
dcs:who/itnwm.WEALTHDECILE--WEALTHDECILE02,dcid:country/PNG,2016,36.09222
dcs:who/itnwm.WEALTHDECILE--WEALTHDECILE03,dcid:country/PNG,2016,46.58461
dcs:who/itnwm.RESIDENCEAREATYPE--RUR,dcid:country/PNG,2016,48.14977
dcs:who/itnwm.RESIDENCEAREATYPE--URB,dcid:country/PNG,2016,55.87877
dcs:who/itnwm.EDUCATIONLEVEL--NHLM,dcid:country/PNG,2016,31.24578
dcs:who/itnwm.EDUCATIONLEVEL--PRLM,dcid:country/PNG,2016,57.49145
dcs:who/itnwm.EDUCATIONLEVEL--SHLM,dcid:country/PNG,2016,50.86052
dcs:who/itnwm.AGE--Y15T19,dcid:country/PNG,2016,43.64699
dcs:who/itnwm.AGE--Y20T49,dcid:country/PNG,2016,49.76833
dcs:who/itnwm,dcid:country/RWA,2014,82.92962
dcs:who/itnwm,dcid:country/RWA,2010,67.62633
dcs:who/itnwm,dcid:country/RWA,2005,22.71107
dcs:who/itnwm.WEALTHQUINTILE--WQ5,dcid:country/RWA,2014,83.91146
dcs:who/itnwm.WEALTHQUINTILE--WQ1,dcid:country/RWA,2014,52.19527
dcs:who/itnwm.WEALTHQUINTILE--WQ2,dcid:country/RWA,2014,61.99498
dcs:who/itnwm.WEALTHQUINTILE--WQ4,dcid:country/RWA,2014,87.02688
dcs:who/itnwm.WEALTHQUINTILE--WQ3,dcid:country/RWA,2014,80.5737
dcs:who/itnwm.WEALTHQUINTILE--WQ3,dcid:country/RWA,2010,76.50343
dcs:who/itnwm.WEALTHQUINTILE--WQ2,dcid:country/RWA,2010,65.53467
dcs:who/itnwm.WEALTHQUINTILE--WQ4,dcid:country/RWA,2010,75.90925
dcs:who/itnwm.WEALTHQUINTILE--WQ5,dcid:country/RWA,2010,76.41681
dcs:who/itnwm.WEALTHQUINTILE--WQ1,dcid:country/RWA,2010,67.0877
dcs:who/itnwm.WEALTHQUINTILE--WQ3,dcid:country/RWA,2005,12.05184
dcs:who/itnwm.WEALTHQUINTILE--WQ4,dcid:country/RWA,2005,18.60118
dcs:who/itnwm.WEALTHQUINTILE--WQ2,dcid:country/RWA,2005,16.77481
dcs:who/itnwm.WEALTHQUINTILE--WQ5,dcid:country/RWA,2005,36.3153
dcs:who/itnwm.WEALTHQUINTILE--WQ1,dcid:country/RWA,2005,7.61027
dcs:who/itnwm.WEALTHDECILE--WEALTHDECILE07,dcid:country/RWA,2014,86.66463
dcs:who/itnwm.WEALTHDECILE--WEALTHDECILE02,dcid:country/RWA,2014,49.9372
dcs:who/itnwm.WEALTHDECILE--WEALTHDECILE05,dcid:country/RWA,2014,78.35801
dcs:who/itnwm.WEALTHDECILE--WEALTHDECILE01,dcid:country/RWA,2014,54.2506
dcs:who/itnwm.WEALTHDECILE--WEALTHDECILE03,dcid:country/RWA,2014,58.62933
dcs:who/itnwm.WEALTHDECILE--WEALTHDECILE10,dcid:country/RWA,2014,87.1713
dcs:who/itnwm.WEALTHDECILE--WEALTHDECILE06,dcid:country/RWA,2014,83.77483
dcs:who/itnwm.WEALTHDECILE--WEALTHDECILE04,dcid:country/RWA,2014,66.71354
dcs:who/itnwm.WEALTHDECILE--WEALTHDECILE08,dcid:country/RWA,2014,87.35067
dcs:who/itnwm.WEALTHDECILE--WEALTHDECILE09,dcid:country/RWA,2014,78.92011
dcs:who/itnwm.WEALTHDECILE--WEALTHDECILE07,dcid:country/RWA,2010,74.64819
dcs:who/itnwm.WEALTHDECILE--WEALTHDECILE06,dcid:country/RWA,2010,77.27682
dcs:who/itnwm.WEALTHDECILE--WEALTHDECILE09,dcid:country/RWA,2010,77.62803
dcs:who/itnwm.WEALTHDECILE--WEALTHDECILE02,dcid:country/RWA,2010,72.61734
dcs:who/itnwm.WEALTHDECILE--WEALTHDECILE10,dcid:country/RWA,2010,75.33121
dcs:who/itnwm.WEALTHDECILE--WEALTHDECILE08,dcid:country/RWA,2010,77.41332
dcs:who/itnwm.WEALTHDECILE--WEALTHDECILE05,dcid:country/RWA,2010,75.68732
dcs:who/itnwm.WEALTHDECILE--WEALTHDECILE01,dcid:country/RWA,2010,62.20512
dcs:who/itnwm.WEALTHDECILE--WEALTHDECILE03,dcid:country/RWA,2010,66.39423
dcs:who/itnwm.WEALTHDECILE--WEALTHDECILE04,dcid:country/RWA,2010,64.63491
dcs:who/itnwm.WEALTHDECILE--WEALTHDECILE05,dcid:country/RWA,2005,5.07242
dcs:who/itnwm.WEALTHDECILE--WEALTHDECILE06,dcid:country/RWA,2005,12.13956
dcs:who/itnwm.WEALTHDECILE--WEALTHDECILE03,dcid:country/RWA,2005,18.72012
dcs:who/itnwm.WEALTHDECILE--WEALTHDECILE07,dcid:country/RWA,2005,18.26972
dcs:who/itnwm.WEALTHDECILE--WEALTHDECILE04,dcid:country/RWA,2005,17.0857
dcs:who/itnwm.WEALTHDECILE--WEALTHDECILE09,dcid:country/RWA,2005,26.67184
dcs:who/itnwm.WEALTHDECILE--WEALTHDECILE10,dcid:country/RWA,2005,47.2688
dcs:who/itnwm.WEALTHDECILE--WEALTHDECILE02,dcid:country/RWA,2005,8.91737
dcs:who/itnwm.WEALTHDECILE--WEALTHDECILE08,dcid:country/RWA,2005,18.92184
dcs:who/itnwm.WEALTHDECILE--WEALTHDECILE01,dcid:country/RWA,2005,6.36254
dcs:who/itnwm.RESIDENCEAREATYPE--RUR,dcid:country/RWA,2014,71.91178
dcs:who/itnwm.RESIDENCEAREATYPE--URB,dcid:country/RWA,2014,77.4608
dcs:who/itnwm.RESIDENCEAREATYPE--RUR,dcid:country/RWA,2010,70.70284
dcs:who/itnwm.RESIDENCEAREATYPE--URB,dcid:country/RWA,2010,80.15013
dcs:who/itnwm.RESIDENCEAREATYPE--RUR,dcid:country/RWA,2005,15.46099
dcs:who/itnwm.RESIDENCEAREATYPE--URB,dcid:country/RWA,2005,28.67469
dcs:who/itnwm.EDUCATIONLEVEL--NHLM,dcid:country/RWA,2014,62.42489
dcs:who/itnwm.EDUCATIONLEVEL--PRLM,dcid:country/RWA,2014,71.67675
dcs:who/itnwm.EDUCATIONLEVEL--SHLM,dcid:country/RWA,2014,83.78495
dcs:who/itnwm.EDUCATIONLEVEL--PRLM,dcid:country/RWA,2010,74.14584
dcs:who/itnwm.EDUCATIONLEVEL--NHLM,dcid:country/RWA,2010,61.87489
dcs:who/itnwm.EDUCATIONLEVEL--SHLM,dcid:country/RWA,2010,74.67592
dcs:who/itnwm.EDUCATIONLEVEL--PRLM,dcid:country/RWA,2005,17.14542
dcs:who/itnwm.EDUCATIONLEVEL--SHLM,dcid:country/RWA,2005,45.84465
dcs:who/itnwm.EDUCATIONLEVEL--NHLM,dcid:country/RWA,2005,8.85123
dcs:who/itnwm.AGE--Y15T19,dcid:country/RWA,2014,70.81963
dcs:who/itnwm.AGE--Y20T49,dcid:country/RWA,2014,73.00776
dcs:who/itnwm.AGE--Y20T49,dcid:country/RWA,2010,72.63315
dcs:who/itnwm.AGE--Y15T19,dcid:country/RWA,2010,62.9562
dcs:who/itnwm.AGE--Y20T49,dcid:country/RWA,2005,17.46217
dcs:who/itnwm.AGE--Y15T19,dcid:country/RWA,2005,9.75476
dcs:who/itnwm,dcid:country/SEN,2017,66.19833
dcs:who/itnwm,dcid:country/SEN,2016,50.57606
dcs:who/itnwm,dcid:country/SEN,2015,22.02361
dcs:who/itnwm,dcid:country/SEN,2014,28.93983
dcs:who/itnwm,dcid:country/SEN,2012,68.28805
dcs:who/itnwm,dcid:country/SEN,2010,52.8427
dcs:who/itnwm,dcid:country/SEN,2005,24.11599
dcs:who/itnwm.WEALTHQUINTILE--WQ5,dcid:country/SEN,2017,46.05307
dcs:who/itnwm.WEALTHQUINTILE--WQ4,dcid:country/SEN,2017,58.04274
dcs:who/itnwm.WEALTHQUINTILE--WQ3,dcid:country/SEN,2017,70.89746
dcs:who/itnwm.WEALTHQUINTILE--WQ1,dcid:country/SEN,2017,59.13519
dcs:who/itnwm.WEALTHQUINTILE--WQ2,dcid:country/SEN,2017,72.71466
dcs:who/itnwm.WEALTHQUINTILE--WQ4,dcid:country/SEN,2016,71.41006
dcs:who/itnwm.WEALTHQUINTILE--WQ2,dcid:country/SEN,2016,79.99613
dcs:who/itnwm.WEALTHQUINTILE--WQ5,dcid:country/SEN,2016,53.44703
dcs:who/itnwm.WEALTHQUINTILE--WQ1,dcid:country/SEN,2016,64.22233
dcs:who/itnwm.WEALTHQUINTILE--WQ3,dcid:country/SEN,2016,77.43114
dcs:who/itnwm.WEALTHQUINTILE--WQ3,dcid:country/SEN,2015,64.8433
dcs:who/itnwm.WEALTHQUINTILE--WQ2,dcid:country/SEN,2015,57.82387
dcs:who/itnwm.WEALTHQUINTILE--WQ1,dcid:country/SEN,2015,47.78238
dcs:who/itnwm.WEALTHQUINTILE--WQ4,dcid:country/SEN,2015,57.99633
dcs:who/itnwm.WEALTHQUINTILE--WQ5,dcid:country/SEN,2015,21.6254
dcs:who/itnwm.WEALTHQUINTILE--WQ5,dcid:country/SEN,2014,27.39441
dcs:who/itnwm.WEALTHQUINTILE--WQ4,dcid:country/SEN,2014,30.40113
dcs:who/itnwm.WEALTHQUINTILE--WQ2,dcid:country/SEN,2014,44.33779
dcs:who/itnwm.WEALTHQUINTILE--WQ1,dcid:country/SEN,2014,37.80926
dcs:who/itnwm.WEALTHQUINTILE--WQ3,dcid:country/SEN,2014,49.28951
dcs:who/itnwm.WEALTHQUINTILE--WQ1,dcid:country/SEN,2012,40.77546
dcs:who/itnwm.WEALTHQUINTILE--WQ2,dcid:country/SEN,2012,42.66078
dcs:who/itnwm.WEALTHQUINTILE--WQ4,dcid:country/SEN,2012,36.19573
dcs:who/itnwm.WEALTHQUINTILE--WQ5,dcid:country/SEN,2012,37.95899
dcs:who/itnwm.WEALTHQUINTILE--WQ3,dcid:country/SEN,2012,57.5412
dcs:who/itnwm.WEALTHQUINTILE--WQ5,dcid:country/SEN,2010,17.51116
dcs:who/itnwm.WEALTHQUINTILE--WQ1,dcid:country/SEN,2010,41.53739
dcs:who/itnwm.WEALTHQUINTILE--WQ4,dcid:country/SEN,2010,30.41228
dcs:who/itnwm.WEALTHQUINTILE--WQ3,dcid:country/SEN,2010,43.59428
dcs:who/itnwm.WEALTHQUINTILE--WQ2,dcid:country/SEN,2010,44.80916
dcs:who/itnwm.WEALTHQUINTILE--WQ2,dcid:country/SEN,2005,7.69892
dcs:who/itnwm.WEALTHQUINTILE--WQ4,dcid:country/SEN,2005,12.02285
dcs:who/itnwm.WEALTHQUINTILE--WQ5,dcid:country/SEN,2005,7.77977
dcs:who/itnwm.WEALTHQUINTILE--WQ3,dcid:country/SEN,2005,13.70124
dcs:who/itnwm.WEALTHQUINTILE--WQ1,dcid:country/SEN,2005,3.04165
dcs:who/itnwm.WEALTHDECILE--WEALTHDECILE02,dcid:country/SEN,2017,68.27048
dcs:who/itnwm.WEALTHDECILE--WEALTHDECILE08,dcid:country/SEN,2017,49.96201
dcs:who/itnwm.WEALTHDECILE--WEALTHDECILE04,dcid:country/SEN,2017,74.22797
dcs:who/itnwm.WEALTHDECILE--WEALTHDECILE05,dcid:country/SEN,2017,67.28643
dcs:who/itnwm.WEALTHDECILE--WEALTHDECILE03,dcid:country/SEN,2017,71.556
dcs:who/itnwm.WEALTHDECILE--WEALTHDECILE09,dcid:country/SEN,2017,48.43064
dcs:who/itnwm.WEALTHDECILE--WEALTHDECILE10,dcid:country/SEN,2017,43.64882
dcs:who/itnwm.WEALTHDECILE--WEALTHDECILE07,dcid:country/SEN,2017,65.91792
dcs:who/itnwm.WEALTHDECILE--WEALTHDECILE06,dcid:country/SEN,2017,73.84805
dcs:who/itnwm.WEALTHDECILE--WEALTHDECILE01,dcid:country/SEN,2017,50.04661
dcs:who/itnwm.WEALTHDECILE--WEALTHDECILE01,dcid:country/SEN,2016,63.64614
dcs:who/itnwm.WEALTHDECILE--WEALTHDECILE09,dcid:country/SEN,2016,53.46875
dcs:who/itnwm.WEALTHDECILE--WEALTHDECILE05,dcid:country/SEN,2016,81.1953
dcs:who/itnwm.WEALTHDECILE--WEALTHDECILE08,dcid:country/SEN,2016,53.58634
dcs:who/itnwm.WEALTHDECILE--WEALTHDECILE02,dcid:country/SEN,2016,64.8968
dcs:who/itnwm.WEALTHDECILE--WEALTHDECILE06,dcid:country/SEN,2016,74.38182
dcs:who/itnwm.WEALTHDECILE--WEALTHDECILE07,dcid:country/SEN,2016,79.78339
dcs:who/itnwm.WEALTHDECILE--WEALTHDECILE10,dcid:country/SEN,2016,53.41898
dcs:who/itnwm.WEALTHDECILE--WEALTHDECILE03,dcid:country/SEN,2016,77.50631
dcs:who/itnwm.WEALTHDECILE--WEALTHDECILE04,dcid:country/SEN,2016,83.07973
dcs:who/itnwm.WEALTHDECILE--WEALTHDECILE04,dcid:country/SEN,2015,58.61358
dcs:who/itnwm.WEALTHDECILE--WEALTHDECILE01,dcid:country/SEN,2015,42.41914
dcs:who/itnwm.WEALTHDECILE--WEALTHDECILE07,dcid:country/SEN,2015,60.29985
dcs:who/itnwm.WEALTHDECILE--WEALTHDECILE09,dcid:country/SEN,2015,27.51196
dcs:who/itnwm.WEALTHDECILE--WEALTHDECILE08,dcid:country/SEN,2015,56.31312
dcs:who/itnwm.WEALTHDECILE--WEALTHDECILE02,dcid:country/SEN,2015,53.72555
dcs:who/itnwm.WEALTHDECILE--WEALTHDECILE05,dcid:country/SEN,2015,61.08686
dcs:who/itnwm.WEALTHDECILE--WEALTHDECILE03,dcid:country/SEN,2015,57.04414
dcs:who/itnwm.WEALTHDECILE--WEALTHDECILE06,dcid:country/SEN,2015,68.21637
dcs:who/itnwm.WEALTHDECILE--WEALTHDECILE03,dcid:country/SEN,2014,41.98685
dcs:who/itnwm.WEALTHDECILE--WEALTHDECILE06,dcid:country/SEN,2014,43.96621
dcs:who/itnwm.WEALTHDECILE--WEALTHDECILE02,dcid:country/SEN,2014,42.16314
dcs:who/itnwm.WEALTHDECILE--WEALTHDECILE07,dcid:country/SEN,2014,35.97956
dcs:who/itnwm.WEALTHDECILE--WEALTHDECILE04,dcid:country/SEN,2014,47.93039
dcs:who/itnwm.WEALTHDECILE--WEALTHDECILE01,dcid:country/SEN,2014,32.8181
dcs:who/itnwm.WEALTHDECILE--WEALTHDECILE05,dcid:country/SEN,2014,54.02715
dcs:who/itnwm.WEALTHDECILE--WEALTHDECILE09,dcid:country/SEN,2014,28.54509
dcs:who/itnwm.WEALTHDECILE--WEALTHDECILE08,dcid:country/SEN,2014,26.42275
dcs:who/itnwm.WEALTHDECILE--WEALTHDECILE05,dcid:country/SEN,2012,59.4688
dcs:who/itnwm.WEALTHDECILE--WEALTHDECILE03,dcid:country/SEN,2012,46.07068
dcs:who/itnwm.WEALTHDECILE--WEALTHDECILE09,dcid:country/SEN,2012,38.50513
dcs:who/itnwm.WEALTHDECILE--WEALTHDECILE04,dcid:country/SEN,2012,39.16382
dcs:who/itnwm.WEALTHDECILE--WEALTHDECILE10,dcid:country/SEN,2012,37.02044
dcs:who/itnwm.WEALTHDECILE--WEALTHDECILE07,dcid:country/SEN,2012,51.26307
dcs:who/itnwm.WEALTHDECILE--WEALTHDECILE06,dcid:country/SEN,2012,55.73833
dcs:who/itnwm.WEALTHDECILE--WEALTHDECILE08,dcid:country/SEN,2012,24.38796
dcs:who/itnwm.WEALTHDECILE--WEALTHDECILE02,dcid:country/SEN,2012,36.50617
dcs:who/itnwm.WEALTHDECILE--WEALTHDECILE01,dcid:country/SEN,2012,44.1599
dcs:who/itnwm.WEALTHDECILE--WEALTHDECILE09,dcid:country/SEN,2010,16.27397
dcs:who/itnwm.WEALTHDECILE--WEALTHDECILE04,dcid:country/SEN,2010,41.17293
dcs:who/itnwm.WEALTHDECILE--WEALTHDECILE08,dcid:country/SEN,2010,27.82492
dcs:who/itnwm.WEALTHDECILE--WEALTHDECILE02,dcid:country/SEN,2010,43.02898
dcs:who/itnwm.WEALTHDECILE--WEALTHDECILE01,dcid:country/SEN,2010,40.16113
dcs:who/itnwm.WEALTHDECILE--WEALTHDECILE05,dcid:country/SEN,2010,42.79136
dcs:who/itnwm.WEALTHDECILE--WEALTHDECILE07,dcid:country/SEN,2010,32.70594
dcs:who/itnwm.WEALTHDECILE--WEALTHDECILE06,dcid:country/SEN,2010,44.59296
dcs:who/itnwm.WEALTHDECILE--WEALTHDECILE03,dcid:country/SEN,2010,49.55673
dcs:who/itnwm.WEALTHDECILE--WEALTHDECILE10,dcid:country/SEN,2010,19.27444
dcs:who/itnwm.WEALTHDECILE--WEALTHDECILE04,dcid:country/SEN,2005,9.69386
dcs:who/itnwm.WEALTHDECILE--WEALTHDECILE09,dcid:country/SEN,2005,7.69104
dcs:who/itnwm.WEALTHDECILE--WEALTHDECILE06,dcid:country/SEN,2005,9.95351
dcs:who/itnwm.WEALTHDECILE--WEALTHDECILE07,dcid:country/SEN,2005,13.44869
dcs:who/itnwm.WEALTHDECILE--WEALTHDECILE03,dcid:country/SEN,2005,5.48647
dcs:who/itnwm.WEALTHDECILE--WEALTHDECILE02,dcid:country/SEN,2005,2.84683
dcs:who/itnwm.WEALTHDECILE--WEALTHDECILE01,dcid:country/SEN,2005,3.20388
dcs:who/itnwm.WEALTHDECILE--WEALTHDECILE08,dcid:country/SEN,2005,9.97596
dcs:who/itnwm.WEALTHDECILE--WEALTHDECILE05,dcid:country/SEN,2005,17.31109
dcs:who/itnwm.WEALTHDECILE--WEALTHDECILE10,dcid:country/SEN,2005,7.9096
dcs:who/itnwm.RESIDENCEAREATYPE--RUR,dcid:country/SEN,2017,67.30592
dcs:who/itnwm.RESIDENCEAREATYPE--URB,dcid:country/SEN,2017,53.05487
dcs:who/itnwm.RESIDENCEAREATYPE--URB,dcid:country/SEN,2016,63.88938
dcs:who/itnwm.RESIDENCEAREATYPE--RUR,dcid:country/SEN,2016,72.60259
dcs:who/itnwm.RESIDENCEAREATYPE--URB,dcid:country/SEN,2015,46.48117
dcs:who/itnwm.RESIDENCEAREATYPE--RUR,dcid:country/SEN,2015,54.81184
dcs:who/itnwm.RESIDENCEAREATYPE--URB,dcid:country/SEN,2014,32.13388
dcs:who/itnwm.RESIDENCEAREATYPE--RUR,dcid:country/SEN,2014,42.48609
dcs:who/itnwm.RESIDENCEAREATYPE--RUR,dcid:country/SEN,2012,47.00357
dcs:who/itnwm.RESIDENCEAREATYPE--URB,dcid:country/SEN,2012,36.43111
dcs:who/itnwm.RESIDENCEAREATYPE--RUR,dcid:country/SEN,2010,38.63244
dcs:who/itnwm.RESIDENCEAREATYPE--URB,dcid:country/SEN,2010,32.42791
dcs:who/itnwm.RESIDENCEAREATYPE--URB,dcid:country/SEN,2005,9.87614
dcs:who/itnwm.RESIDENCEAREATYPE--RUR,dcid:country/SEN,2005,7.80247
dcs:who/itnwm.EDUCATIONLEVEL--SHLM,dcid:country/SEN,2017,61.43854
dcs:who/itnwm.EDUCATIONLEVEL--NHLM,dcid:country/SEN,2017,63.35586
dcs:who/itnwm.EDUCATIONLEVEL--PRLM,dcid:country/SEN,2017,59.02272
dcs:who/itnwm.EDUCATIONLEVEL--PRLM,dcid:country/SEN,2016,63.49349
dcs:who/itnwm.EDUCATIONLEVEL--NHLM,dcid:country/SEN,2016,71.45386
dcs:who/itnwm.EDUCATIONLEVEL--SHLM,dcid:country/SEN,2016,67.71679
dcs:who/itnwm.EDUCATIONLEVEL--NHLM,dcid:country/SEN,2015,52.79863
dcs:who/itnwm.EDUCATIONLEVEL--PRLM,dcid:country/SEN,2015,52.50492
dcs:who/itnwm.EDUCATIONLEVEL--SHLM,dcid:country/SEN,2015,45.05711
dcs:who/itnwm.EDUCATIONLEVEL--PRLM,dcid:country/SEN,2014,30.14948
dcs:who/itnwm.EDUCATIONLEVEL--SHLM,dcid:country/SEN,2014,34.54634
dcs:who/itnwm.EDUCATIONLEVEL--NHLM,dcid:country/SEN,2014,41.78962
dcs:who/itnwm.EDUCATIONLEVEL--SHLM,dcid:country/SEN,2012,50.63052
dcs:who/itnwm.EDUCATIONLEVEL--PRLM,dcid:country/SEN,2012,45.83739
dcs:who/itnwm.EDUCATIONLEVEL--NHLM,dcid:country/SEN,2012,41.49475
dcs:who/itnwm.EDUCATIONLEVEL--SHLM,dcid:country/SEN,2010,30.26483
dcs:who/itnwm.EDUCATIONLEVEL--NHLM,dcid:country/SEN,2010,37.98935
dcs:who/itnwm.EDUCATIONLEVEL--PRLM,dcid:country/SEN,2010,33.56586
dcs:who/itnwm.EDUCATIONLEVEL--NHLM,dcid:country/SEN,2005,7.34154
dcs:who/itnwm.EDUCATIONLEVEL--PRLM,dcid:country/SEN,2005,8.79043
dcs:who/itnwm.EDUCATIONLEVEL--SHLM,dcid:country/SEN,2005,21.60534
dcs:who/itnwm.AGE--Y15T19,dcid:country/SEN,2017,58.80858
dcs:who/itnwm.AGE--Y20T49,dcid:country/SEN,2017,62.43395
dcs:who/itnwm.AGE--Y20T49,dcid:country/SEN,2016,68.61011
dcs:who/itnwm.AGE--Y15T19,dcid:country/SEN,2016,71.25394
dcs:who/itnwm.AGE--Y15T19,dcid:country/SEN,2015,49.51614
dcs:who/itnwm.AGE--Y20T49,dcid:country/SEN,2015,51.9782
dcs:who/itnwm.AGE--Y20T49,dcid:country/SEN,2014,37.97705
dcs:who/itnwm.AGE--Y15T19,dcid:country/SEN,2014,39.42208
dcs:who/itnwm.AGE--Y15T19,dcid:country/SEN,2012,38.26081
dcs:who/itnwm.AGE--Y20T49,dcid:country/SEN,2012,44.10243
dcs:who/itnwm.AGE--Y20T49,dcid:country/SEN,2010,36.87607
dcs:who/itnwm.AGE--Y15T19,dcid:country/SEN,2010,32.25505
dcs:who/itnwm.AGE--Y15T19,dcid:country/SEN,2005,8.08252
dcs:who/itnwm.AGE--Y20T49,dcid:country/SEN,2005,8.6162
dcs:who/itnwm,dcid:country/SLE,2017,72.84633
dcs:who/itnwm,dcid:country/SLE,2013,64.04893
dcs:who/itnwm,dcid:country/SLE,2010,27.30264
dcs:who/itnwm,dcid:country/SLE,2008,33.5568
dcs:who/itnwm.WEALTHQUINTILE--WQ1,dcid:country/SLE,2017,63.40703
dcs:who/itnwm.WEALTHQUINTILE--WQ5,dcid:country/SLE,2017,45.61158
dcs:who/itnwm.WEALTHQUINTILE--WQ2,dcid:country/SLE,2017,65.66351
dcs:who/itnwm.WEALTHQUINTILE--WQ4,dcid:country/SLE,2017,50.89838
dcs:who/itnwm.WEALTHQUINTILE--WQ3,dcid:country/SLE,2017,71.52804
dcs:who/itnwm.WEALTHQUINTILE--WQ3,dcid:country/SLE,2013,57.4329
dcs:who/itnwm.WEALTHQUINTILE--WQ1,dcid:country/SLE,2013,55.06389
dcs:who/itnwm.WEALTHQUINTILE--WQ5,dcid:country/SLE,2013,35.46845
dcs:who/itnwm.WEALTHQUINTILE--WQ2,dcid:country/SLE,2013,57.46875
dcs:who/itnwm.WEALTHQUINTILE--WQ4,dcid:country/SLE,2013,52.9562
dcs:who/itnwm.WEALTHQUINTILE--WQ5,dcid:country/SLE,2010,29.51823
dcs:who/itnwm.WEALTHQUINTILE--WQ4,dcid:country/SLE,2010,22.68605
dcs:who/itnwm.WEALTHQUINTILE--WQ1,dcid:country/SLE,2010,23.09314
dcs:who/itnwm.WEALTHQUINTILE--WQ2,dcid:country/SLE,2010,31.04604
dcs:who/itnwm.WEALTHQUINTILE--WQ3,dcid:country/SLE,2010,32.19188
dcs:who/itnwm.WEALTHQUINTILE--WQ5,dcid:country/SLE,2008,17.35029
dcs:who/itnwm.WEALTHQUINTILE--WQ4,dcid:country/SLE,2008,35.80195
dcs:who/itnwm.WEALTHQUINTILE--WQ1,dcid:country/SLE,2008,20.57306
dcs:who/itnwm.WEALTHQUINTILE--WQ2,dcid:country/SLE,2008,34.81452
dcs:who/itnwm.WEALTHQUINTILE--WQ3,dcid:country/SLE,2008,26.29772
dcs:who/itnwm.WEALTHDECILE--WEALTHDECILE03,dcid:country/SLE,2017,69.55734
dcs:who/itnwm.WEALTHDECILE--WEALTHDECILE01,dcid:country/SLE,2017,57.34711
dcs:who/itnwm.WEALTHDECILE--WEALTHDECILE08,dcid:country/SLE,2017,45.82682
dcs:who/itnwm.WEALTHDECILE--WEALTHDECILE07,dcid:country/SLE,2017,50.63903
dcs:who/itnwm.WEALTHDECILE--WEALTHDECILE05,dcid:country/SLE,2017,79.09732
dcs:who/itnwm.WEALTHDECILE--WEALTHDECILE04,dcid:country/SLE,2017,61.84023
dcs:who/itnwm.WEALTHDECILE--WEALTHDECILE06,dcid:country/SLE,2017,62.91396
dcs:who/itnwm.WEALTHDECILE--WEALTHDECILE02,dcid:country/SLE,2017,68.54848
dcs:who/itnwm.WEALTHDECILE--WEALTHDECILE10,dcid:country/SLE,2017,47.74894
dcs:who/itnwm.WEALTHDECILE--WEALTHDECILE09,dcid:country/SLE,2017,49.35052
dcs:who/itnwm.WEALTHDECILE--WEALTHDECILE08,dcid:country/SLE,2013,44.99762
dcs:who/itnwm.WEALTHDECILE--WEALTHDECILE05,dcid:country/SLE,2013,54.51385
dcs:who/itnwm.WEALTHDECILE--WEALTHDECILE09,dcid:country/SLE,2013,39.21055
dcs:who/itnwm.WEALTHDECILE--WEALTHDECILE07,dcid:country/SLE,2013,60.84908
dcs:who/itnwm.WEALTHDECILE--WEALTHDECILE06,dcid:country/SLE,2013,61.22628
dcs:who/itnwm.WEALTHDECILE--WEALTHDECILE04,dcid:country/SLE,2013,56.35494
dcs:who/itnwm.WEALTHDECILE--WEALTHDECILE02,dcid:country/SLE,2013,54.10278
dcs:who/itnwm.WEALTHDECILE--WEALTHDECILE03,dcid:country/SLE,2013,58.86504
dcs:who/itnwm.WEALTHDECILE--WEALTHDECILE10,dcid:country/SLE,2013,30.56695
dcs:who/itnwm.WEALTHDECILE--WEALTHDECILE01,dcid:country/SLE,2013,56.06925
dcs:who/itnwm.WEALTHDECILE--WEALTHDECILE07,dcid:country/SLE,2010,14.02761
dcs:who/itnwm.WEALTHDECILE--WEALTHDECILE09,dcid:country/SLE,2010,29.64956
dcs:who/itnwm.WEALTHDECILE--WEALTHDECILE08,dcid:country/SLE,2010,31.28276
dcs:who/itnwm.WEALTHDECILE--WEALTHDECILE04,dcid:country/SLE,2010,35.34161
dcs:who/itnwm.WEALTHDECILE--WEALTHDECILE06,dcid:country/SLE,2010,32.0353
dcs:who/itnwm.WEALTHDECILE--WEALTHDECILE05,dcid:country/SLE,2010,32.35505
dcs:who/itnwm.WEALTHDECILE--WEALTHDECILE10,dcid:country/SLE,2010,29.34117
dcs:who/itnwm.WEALTHDECILE--WEALTHDECILE02,dcid:country/SLE,2010,24.99441
dcs:who/itnwm.WEALTHDECILE--WEALTHDECILE01,dcid:country/SLE,2010,20.95177
dcs:who/itnwm.WEALTHDECILE--WEALTHDECILE03,dcid:country/SLE,2010,27.03846
dcs:who/itnwm.WEALTHDECILE--WEALTHDECILE05,dcid:country/SLE,2008,26.34058
dcs:who/itnwm.WEALTHDECILE--WEALTHDECILE01,dcid:country/SLE,2008,21.93221
dcs:who/itnwm.WEALTHDECILE--WEALTHDECILE08,dcid:country/SLE,2008,35.72785
dcs:who/itnwm.WEALTHDECILE--WEALTHDECILE09,dcid:country/SLE,2008,14.31619
dcs:who/itnwm.WEALTHDECILE--WEALTHDECILE02,dcid:country/SLE,2008,19.22017
dcs:who/itnwm.WEALTHDECILE--WEALTHDECILE04,dcid:country/SLE,2008,37.03809
dcs:who/itnwm.WEALTHDECILE--WEALTHDECILE03,dcid:country/SLE,2008,31.8979
dcs:who/itnwm.WEALTHDECILE--WEALTHDECILE10,dcid:country/SLE,2008,20.89506
dcs:who/itnwm.WEALTHDECILE--WEALTHDECILE07,dcid:country/SLE,2008,34.20749
dcs:who/itnwm.WEALTHDECILE--WEALTHDECILE06,dcid:country/SLE,2008,27.64908
dcs:who/itnwm.RESIDENCEAREATYPE--URB,dcid:country/SLE,2017,49.70861
dcs:who/itnwm.RESIDENCEAREATYPE--RUR,dcid:country/SLE,2017,66.98576
dcs:who/itnwm.RESIDENCEAREATYPE--URB,dcid:country/SLE,2013,41.53501
dcs:who/itnwm.RESIDENCEAREATYPE--RUR,dcid:country/SLE,2013,56.52772
dcs:who/itnwm.RESIDENCEAREATYPE--RUR,dcid:country/SLE,2010,28.63948
dcs:who/itnwm.RESIDENCEAREATYPE--URB,dcid:country/SLE,2010,24.77356
dcs:who/itnwm.RESIDENCEAREATYPE--RUR,dcid:country/SLE,2008,29.76859
dcs:who/itnwm.RESIDENCEAREATYPE--URB,dcid:country/SLE,2008,21.85153
dcs:who/itnwm.EDUCATIONLEVEL--SHLM,dcid:country/SLE,2017,52.98328
dcs:who/itnwm.EDUCATIONLEVEL--PRLM,dcid:country/SLE,2017,63.71775
dcs:who/itnwm.EDUCATIONLEVEL--NHLM,dcid:country/SLE,2017,63.67095
dcs:who/itnwm.EDUCATIONLEVEL--PRLM,dcid:country/SLE,2013,50.18939
dcs:who/itnwm.EDUCATIONLEVEL--SHLM,dcid:country/SLE,2013,40.37421
dcs:who/itnwm.EDUCATIONLEVEL--NHLM,dcid:country/SLE,2013,57.77329
dcs:who/itnwm.EDUCATIONLEVEL--SHLM,dcid:country/SLE,2010,29.43272
dcs:who/itnwm.EDUCATIONLEVEL--NHLM,dcid:country/SLE,2010,26.29909
dcs:who/itnwm.EDUCATIONLEVEL--PRLM,dcid:country/SLE,2010,32.39841
dcs:who/itnwm.EDUCATIONLEVEL--PRLM,dcid:country/SLE,2008,25.62866
dcs:who/itnwm.EDUCATIONLEVEL--SHLM,dcid:country/SLE,2008,26.18867
dcs:who/itnwm.EDUCATIONLEVEL--NHLM,dcid:country/SLE,2008,28.09651
dcs:who/itnwm.AGE--Y20T49,dcid:country/SLE,2013,55.39463
dcs:who/itnwm.AGE--Y15T19,dcid:country/SLE,2013,42.6618
dcs:who/itnwm.AGE--Y15T19,dcid:country/SLE,2008,19.87621
dcs:who/itnwm.AGE--Y20T49,dcid:country/SLE,2008,29.09663
dcs:who/itnwm,dcid:country/STP,2014,44.54244
dcs:who/itnwm,dcid:country/STP,2008,63.64769
dcs:who/itnwm.WEALTHQUINTILE--WQ1,dcid:country/STP,2014,58.94749
dcs:who/itnwm.WEALTHQUINTILE--WQ2,dcid:country/STP,2014,40.53763
dcs:who/itnwm.WEALTHQUINTILE--WQ3,dcid:country/STP,2014,78.09461
dcs:who/itnwm.WEALTHQUINTILE--WQ4,dcid:country/STP,2014,57.99159
dcs:who/itnwm.WEALTHQUINTILE--WQ2,dcid:country/STP,2008,53.44397
dcs:who/itnwm.WEALTHQUINTILE--WQ3,dcid:country/STP,2008,64.34515
dcs:who/itnwm.WEALTHQUINTILE--WQ1,dcid:country/STP,2008,30.97461
dcs:who/itnwm.WEALTHQUINTILE--WQ4,dcid:country/STP,2008,67.04467
dcs:who/itnwm.WEALTHDECILE--WEALTHDECILE02,dcid:country/STP,2014,64.96634
dcs:who/itnwm.WEALTHDECILE--WEALTHDECILE08,dcid:country/STP,2014,67.92233
dcs:who/itnwm.WEALTHDECILE--WEALTHDECILE04,dcid:country/STP,2014,42.75665
dcs:who/itnwm.WEALTHDECILE--WEALTHDECILE03,dcid:country/STP,2014,38.66468
dcs:who/itnwm.WEALTHDECILE--WEALTHDECILE01,dcid:country/STP,2014,48.30373
dcs:who/itnwm.WEALTHDECILE--WEALTHDECILE06,dcid:country/STP,2008,79.1954
dcs:who/itnwm.WEALTHDECILE--WEALTHDECILE05,dcid:country/STP,2008,51.97558
dcs:who/itnwm.WEALTHDECILE--WEALTHDECILE04,dcid:country/STP,2008,61.87912
dcs:who/itnwm.WEALTHDECILE--WEALTHDECILE08,dcid:country/STP,2008,71.79642
dcs:who/itnwm.WEALTHDECILE--WEALTHDECILE03,dcid:country/STP,2008,45.69303
dcs:who/itnwm.WEALTHDECILE--WEALTHDECILE02,dcid:country/STP,2008,36.65818
dcs:who/itnwm.RESIDENCEAREATYPE--RUR,dcid:country/STP,2014,50.18745
dcs:who/itnwm.RESIDENCEAREATYPE--URB,dcid:country/STP,2014,66.40317
dcs:who/itnwm.RESIDENCEAREATYPE--URB,dcid:country/STP,2008,69.03263
dcs:who/itnwm.RESIDENCEAREATYPE--RUR,dcid:country/STP,2008,43.30699
dcs:who/itnwm.EDUCATIONLEVEL--SHLM,dcid:country/STP,2014,61.1415
dcs:who/itnwm.EDUCATIONLEVEL--PRLM,dcid:country/STP,2014,60.03991
dcs:who/itnwm.EDUCATIONLEVEL--PRLM,dcid:country/STP,2008,55.65103
dcs:who/itnwm.EDUCATIONLEVEL--SHLM,dcid:country/STP,2008,62.99984
dcs:who/itnwm.AGE--Y15T19,dcid:country/STP,2008,51.27749
dcs:who/itnwm.AGE--Y20T49,dcid:country/STP,2008,58.07509
dcs:who/itnwm,dcid:country/SWZ,2010,0.0
dcs:who/itnwm,dcid:country/SWZ,2006,3.09154
dcs:who/itnwm.WEALTHQUINTILE--WQ2,dcid:country/SWZ,2010,7.26326
dcs:who/itnwm.WEALTHQUINTILE--WQ4,dcid:country/SWZ,2010,0.0
dcs:who/itnwm.WEALTHQUINTILE--WQ3,dcid:country/SWZ,2010,0.0
dcs:who/itnwm.WEALTHQUINTILE--WQ1,dcid:country/SWZ,2010,0.0
dcs:who/itnwm.WEALTHQUINTILE--WQ5,dcid:country/SWZ,2010,0.0
dcs:who/itnwm.WEALTHQUINTILE--WQ5,dcid:country/SWZ,2006,0.38003
dcs:who/itnwm.WEALTHQUINTILE--WQ3,dcid:country/SWZ,2006,0.0
dcs:who/itnwm.WEALTHQUINTILE--WQ2,dcid:country/SWZ,2006,0.0
dcs:who/itnwm.WEALTHQUINTILE--WQ1,dcid:country/SWZ,2006,1.98306
dcs:who/itnwm.WEALTHQUINTILE--WQ4,dcid:country/SWZ,2006,2.31372
dcs:who/itnwm.WEALTHDECILE--WEALTHDECILE06,dcid:country/SWZ,2010,0.0
dcs:who/itnwm.WEALTHDECILE--WEALTHDECILE10,dcid:country/SWZ,2006,0.0
dcs:who/itnwm.WEALTHDECILE--WEALTHDECILE01,dcid:country/SWZ,2006,0.0
dcs:who/itnwm.WEALTHDECILE--WEALTHDECILE09,dcid:country/SWZ,2006,0.65218
dcs:who/itnwm.WEALTHDECILE--WEALTHDECILE02,dcid:country/SWZ,2006,3.62786
dcs:who/itnwm.WEALTHDECILE--WEALTHDECILE03,dcid:country/SWZ,2006,0.0
dcs:who/itnwm.WEALTHDECILE--WEALTHDECILE06,dcid:country/SWZ,2006,0.0
dcs:who/itnwm.WEALTHDECILE--WEALTHDECILE07,dcid:country/SWZ,2006,4.10722
dcs:who/itnwm.RESIDENCEAREATYPE--URB,dcid:country/SWZ,2010,0.0
dcs:who/itnwm.RESIDENCEAREATYPE--RUR,dcid:country/SWZ,2010,2.16734
dcs:who/itnwm.RESIDENCEAREATYPE--URB,dcid:country/SWZ,2006,0.83323
dcs:who/itnwm.RESIDENCEAREATYPE--RUR,dcid:country/SWZ,2006,0.98548
dcs:who/itnwm.EDUCATIONLEVEL--PRLM,dcid:country/SWZ,2010,5.42315
dcs:who/itnwm.EDUCATIONLEVEL--SHLM,dcid:country/SWZ,2010,0.0
dcs:who/itnwm.EDUCATIONLEVEL--SHLM,dcid:country/SWZ,2006,0.25031
dcs:who/itnwm.EDUCATIONLEVEL--PRLM,dcid:country/SWZ,2006,1.0297
dcs:who/itnwm.AGE--Y15T19,dcid:country/SWZ,2006,0.5796
dcs:who/itnwm.AGE--Y20T49,dcid:country/SWZ,2006,1.05344
dcs:who/itnwm,dcid:country/TCD,2014,21.78419
dcs:who/itnwm,dcid:country/TCD,2010,0.0
dcs:who/itnwm.WEALTHQUINTILE--WQ2,dcid:country/TCD,2014,37.21891
dcs:who/itnwm.WEALTHQUINTILE--WQ1,dcid:country/TCD,2014,34.78601
dcs:who/itnwm.WEALTHQUINTILE--WQ4,dcid:country/TCD,2014,29.31153
dcs:who/itnwm.WEALTHQUINTILE--WQ3,dcid:country/TCD,2014,33.37988
dcs:who/itnwm.WEALTHQUINTILE--WQ5,dcid:country/TCD,2014,43.45516
dcs:who/itnwm.WEALTHQUINTILE--WQ3,dcid:country/TCD,2010,4.6944
dcs:who/itnwm.WEALTHQUINTILE--WQ5,dcid:country/TCD,2010,29.67919
dcs:who/itnwm.WEALTHQUINTILE--WQ2,dcid:country/TCD,2010,3.30564
dcs:who/itnwm.WEALTHQUINTILE--WQ1,dcid:country/TCD,2010,2.69769
dcs:who/itnwm.WEALTHQUINTILE--WQ4,dcid:country/TCD,2010,8.93755
dcs:who/itnwm.WEALTHDECILE--WEALTHDECILE08,dcid:country/TCD,2014,24.19823
dcs:who/itnwm.WEALTHDECILE--WEALTHDECILE02,dcid:country/TCD,2014,41.93193
dcs:who/itnwm.WEALTHDECILE--WEALTHDECILE04,dcid:country/TCD,2014,37.78185
dcs:who/itnwm.WEALTHDECILE--WEALTHDECILE09,dcid:country/TCD,2014,29.72208
dcs:who/itnwm.WEALTHDECILE--WEALTHDECILE07,dcid:country/TCD,2014,34.53392
dcs:who/itnwm.WEALTHDECILE--WEALTHDECILE05,dcid:country/TCD,2014,30.47132
dcs:who/itnwm.WEALTHDECILE--WEALTHDECILE06,dcid:country/TCD,2014,36.36198
dcs:who/itnwm.WEALTHDECILE--WEALTHDECILE01,dcid:country/TCD,2014,28.16218
dcs:who/itnwm.WEALTHDECILE--WEALTHDECILE03,dcid:country/TCD,2014,36.69092
dcs:who/itnwm.WEALTHDECILE--WEALTHDECILE10,dcid:country/TCD,2014,56.52174
dcs:who/itnwm.WEALTHDECILE--WEALTHDECILE07,dcid:country/TCD,2010,6.35742
dcs:who/itnwm.WEALTHDECILE--WEALTHDECILE04,dcid:country/TCD,2010,4.15914
dcs:who/itnwm.WEALTHDECILE--WEALTHDECILE10,dcid:country/TCD,2010,36.09313
dcs:who/itnwm.WEALTHDECILE--WEALTHDECILE08,dcid:country/TCD,2010,11.58527
dcs:who/itnwm.WEALTHDECILE--WEALTHDECILE03,dcid:country/TCD,2010,2.46495
dcs:who/itnwm.WEALTHDECILE--WEALTHDECILE02,dcid:country/TCD,2010,3.55663
dcs:who/itnwm.WEALTHDECILE--WEALTHDECILE06,dcid:country/TCD,2010,5.15033
dcs:who/itnwm.WEALTHDECILE--WEALTHDECILE05,dcid:country/TCD,2010,4.22753
dcs:who/itnwm.WEALTHDECILE--WEALTHDECILE09,dcid:country/TCD,2010,23.80303
dcs:who/itnwm.WEALTHDECILE--WEALTHDECILE01,dcid:country/TCD,2010,1.71297
dcs:who/itnwm.RESIDENCEAREATYPE--RUR,dcid:country/TCD,2014,33.63049
dcs:who/itnwm.RESIDENCEAREATYPE--URB,dcid:country/TCD,2014,42.0954
dcs:who/itnwm.RESIDENCEAREATYPE--URB,dcid:country/TCD,2010,30.50951
dcs:who/itnwm.RESIDENCEAREATYPE--RUR,dcid:country/TCD,2010,4.16402
dcs:who/itnwm.EDUCATIONLEVEL--SHLM,dcid:country/TCD,2014,48.3993
dcs:who/itnwm.EDUCATIONLEVEL--PRLM,dcid:country/TCD,2014,42.19272
dcs:who/itnwm.EDUCATIONLEVEL--NHLM,dcid:country/TCD,2014,31.11126
dcs:who/itnwm.EDUCATIONLEVEL--NHLM,dcid:country/TCD,2010,8.31541
dcs:who/itnwm.EDUCATIONLEVEL--PRLM,dcid:country/TCD,2010,7.98281
dcs:who/itnwm.EDUCATIONLEVEL--SHLM,dcid:country/TCD,2010,28.87144
dcs:who/itnwm.AGE--Y15T19,dcid:country/TCD,2014,31.42657
dcs:who/itnwm.AGE--Y20T49,dcid:country/TCD,2014,35.77281
dcs:who/itnwm,dcid:country/TGO,2017,53.77772
dcs:who/itnwm,dcid:country/TGO,2013,32.14872
dcs:who/itnwm,dcid:country/TGO,2010,51.64904
dcs:who/itnwm.WEALTHQUINTILE--WQ5,dcid:country/TGO,2017,67.75171
dcs:who/itnwm.WEALTHQUINTILE--WQ3,dcid:country/TGO,2017,58.62873
dcs:who/itnwm.WEALTHQUINTILE--WQ1,dcid:country/TGO,2017,58.35978
dcs:who/itnwm.WEALTHQUINTILE--WQ4,dcid:country/TGO,2017,38.63683
dcs:who/itnwm.WEALTHQUINTILE--WQ2,dcid:country/TGO,2017,62.14705
dcs:who/itnwm.WEALTHQUINTILE--WQ1,dcid:country/TGO,2013,37.48308
dcs:who/itnwm.WEALTHQUINTILE--WQ4,dcid:country/TGO,2013,31.40206
dcs:who/itnwm.WEALTHQUINTILE--WQ3,dcid:country/TGO,2013,44.55437
dcs:who/itnwm.WEALTHQUINTILE--WQ5,dcid:country/TGO,2013,38.65936
dcs:who/itnwm.WEALTHQUINTILE--WQ2,dcid:country/TGO,2013,47.2214
dcs:who/itnwm.WEALTHQUINTILE--WQ5,dcid:country/TGO,2010,31.15896
dcs:who/itnwm.WEALTHQUINTILE--WQ3,dcid:country/TGO,2010,54.71186
dcs:who/itnwm.WEALTHQUINTILE--WQ2,dcid:country/TGO,2010,66.82401
dcs:who/itnwm.WEALTHQUINTILE--WQ1,dcid:country/TGO,2010,49.26428
dcs:who/itnwm.WEALTHQUINTILE--WQ4,dcid:country/TGO,2010,33.93418
dcs:who/itnwm.WEALTHDECILE--WEALTHDECILE03,dcid:country/TGO,2017,63.55933
dcs:who/itnwm.WEALTHDECILE--WEALTHDECILE06,dcid:country/TGO,2017,58.57077
dcs:who/itnwm.WEALTHDECILE--WEALTHDECILE02,dcid:country/TGO,2017,62.21951
dcs:who/itnwm.WEALTHDECILE--WEALTHDECILE07,dcid:country/TGO,2017,33.78821
dcs:who/itnwm.WEALTHDECILE--WEALTHDECILE10,dcid:country/TGO,2017,68.40595
dcs:who/itnwm.WEALTHDECILE--WEALTHDECILE08,dcid:country/TGO,2017,43.49058
dcs:who/itnwm.WEALTHDECILE--WEALTHDECILE04,dcid:country/TGO,2017,60.45736
dcs:who/itnwm.WEALTHDECILE--WEALTHDECILE09,dcid:country/TGO,2017,68.31127
dcs:who/itnwm.WEALTHDECILE--WEALTHDECILE05,dcid:country/TGO,2017,58.6734
dcs:who/itnwm.WEALTHDECILE--WEALTHDECILE01,dcid:country/TGO,2017,55.91729
dcs:who/itnwm.WEALTHDECILE--WEALTHDECILE05,dcid:country/TGO,2013,41.01721
dcs:who/itnwm.WEALTHDECILE--WEALTHDECILE07,dcid:country/TGO,2013,34.58823
dcs:who/itnwm.WEALTHDECILE--WEALTHDECILE06,dcid:country/TGO,2013,47.51268
dcs:who/itnwm.WEALTHDECILE--WEALTHDECILE04,dcid:country/TGO,2013,43.05599
dcs:who/itnwm.WEALTHDECILE--WEALTHDECILE08,dcid:country/TGO,2013,28.84272
dcs:who/itnwm.WEALTHDECILE--WEALTHDECILE09,dcid:country/TGO,2013,37.96672
dcs:who/itnwm.WEALTHDECILE--WEALTHDECILE02,dcid:country/TGO,2013,46.5918
dcs:who/itnwm.WEALTHDECILE--WEALTHDECILE03,dcid:country/TGO,2013,50.37504
dcs:who/itnwm.WEALTHDECILE--WEALTHDECILE10,dcid:country/TGO,2013,39.52128
dcs:who/itnwm.WEALTHDECILE--WEALTHDECILE01,dcid:country/TGO,2013,29.11637
dcs:who/itnwm.WEALTHDECILE--WEALTHDECILE04,dcid:country/TGO,2010,61.49042
dcs:who/itnwm.WEALTHDECILE--WEALTHDECILE06,dcid:country/TGO,2010,49.66267
dcs:who/itnwm.WEALTHDECILE--WEALTHDECILE05,dcid:country/TGO,2010,59.43673
dcs:who/itnwm.WEALTHDECILE--WEALTHDECILE08,dcid:country/TGO,2010,43.69269
dcs:who/itnwm.WEALTHDECILE--WEALTHDECILE09,dcid:country/TGO,2010,34.41703
dcs:who/itnwm.WEALTHDECILE--WEALTHDECILE03,dcid:country/TGO,2010,73.23328
dcs:who/itnwm.WEALTHDECILE--WEALTHDECILE10,dcid:country/TGO,2010,26.55173
dcs:who/itnwm.WEALTHDECILE--WEALTHDECILE07,dcid:country/TGO,2010,21.11158
dcs:who/itnwm.WEALTHDECILE--WEALTHDECILE01,dcid:country/TGO,2010,57.38464
dcs:who/itnwm.WEALTHDECILE--WEALTHDECILE02,dcid:country/TGO,2010,43.05331
dcs:who/itnwm.RESIDENCEAREATYPE--RUR,dcid:country/TGO,2017,61.81269
dcs:who/itnwm.RESIDENCEAREATYPE--URB,dcid:country/TGO,2017,47.32181
dcs:who/itnwm.RESIDENCEAREATYPE--RUR,dcid:country/TGO,2013,42.29332
dcs:who/itnwm.RESIDENCEAREATYPE--URB,dcid:country/TGO,2013,35.41669
dcs:who/itnwm.RESIDENCEAREATYPE--RUR,dcid:country/TGO,2010,56.74756
dcs:who/itnwm.RESIDENCEAREATYPE--URB,dcid:country/TGO,2010,30.08018
dcs:who/itnwm.EDUCATIONLEVEL--NHLM,dcid:country/TGO,2017,57.54976
dcs:who/itnwm.EDUCATIONLEVEL--PRLM,dcid:country/TGO,2017,54.65577
dcs:who/itnwm.EDUCATIONLEVEL--SHLM,dcid:country/TGO,2017,58.98575
dcs:who/itnwm.EDUCATIONLEVEL--SHLM,dcid:country/TGO,2013,38.91506
dcs:who/itnwm.EDUCATIONLEVEL--PRLM,dcid:country/TGO,2013,40.3398
dcs:who/itnwm.EDUCATIONLEVEL--NHLM,dcid:country/TGO,2013,40.23959
dcs:who/itnwm.EDUCATIONLEVEL--SHLM,dcid:country/TGO,2010,40.30423
dcs:who/itnwm.EDUCATIONLEVEL--NHLM,dcid:country/TGO,2010,51.59913
dcs:who/itnwm.EDUCATIONLEVEL--PRLM,dcid:country/TGO,2010,44.00241
dcs:who/itnwm.AGE--Y15T19,dcid:country/TGO,2013,36.675
dcs:who/itnwm.AGE--Y20T49,dcid:country/TGO,2013,40.22034
dcs:who/itnwm,dcid:country/TLS,2016,58.2594
dcs:who/itnwm,dcid:country/TLS,2009,13.49942
dcs:who/itnwm.WEALTHQUINTILE--WQ2,dcid:country/TLS,2016,64.59837
dcs:who/itnwm.WEALTHQUINTILE--WQ5,dcid:country/TLS,2016,44.8964
dcs:who/itnwm.WEALTHQUINTILE--WQ1,dcid:country/TLS,2016,60.00401
dcs:who/itnwm.WEALTHQUINTILE--WQ4,dcid:country/TLS,2016,64.52264
dcs:who/itnwm.WEALTHQUINTILE--WQ3,dcid:country/TLS,2016,66.77718
dcs:who/itnwm.WEALTHQUINTILE--WQ3,dcid:country/TLS,2009,38.93294
dcs:who/itnwm.WEALTHQUINTILE--WQ2,dcid:country/TLS,2009,30.49072
dcs:who/itnwm.WEALTHQUINTILE--WQ4,dcid:country/TLS,2009,59.55481
dcs:who/itnwm.WEALTHQUINTILE--WQ5,dcid:country/TLS,2009,47.46744
dcs:who/itnwm.WEALTHQUINTILE--WQ1,dcid:country/TLS,2009,26.92179
dcs:who/itnwm.WEALTHDECILE--WEALTHDECILE05,dcid:country/TLS,2016,66.68427
dcs:who/itnwm.WEALTHDECILE--WEALTHDECILE04,dcid:country/TLS,2016,69.78972
dcs:who/itnwm.WEALTHDECILE--WEALTHDECILE03,dcid:country/TLS,2016,59.88651
dcs:who/itnwm.WEALTHDECILE--WEALTHDECILE07,dcid:country/TLS,2016,75.04118
dcs:who/itnwm.WEALTHDECILE--WEALTHDECILE09,dcid:country/TLS,2016,55.30959
dcs:who/itnwm.WEALTHDECILE--WEALTHDECILE08,dcid:country/TLS,2016,55.2117
dcs:who/itnwm.WEALTHDECILE--WEALTHDECILE02,dcid:country/TLS,2016,64.6281
dcs:who/itnwm.WEALTHDECILE--WEALTHDECILE10,dcid:country/TLS,2016,30.30323
dcs:who/itnwm.WEALTHDECILE--WEALTHDECILE01,dcid:country/TLS,2016,52.01204
dcs:who/itnwm.WEALTHDECILE--WEALTHDECILE06,dcid:country/TLS,2016,67.97095
dcs:who/itnwm.WEALTHDECILE--WEALTHDECILE06,dcid:country/TLS,2009,35.33981
dcs:who/itnwm.WEALTHDECILE--WEALTHDECILE07,dcid:country/TLS,2009,57.62918
dcs:who/itnwm.WEALTHDECILE--WEALTHDECILE09,dcid:country/TLS,2009,48.84832
dcs:who/itnwm.WEALTHDECILE--WEALTHDECILE05,dcid:country/TLS,2009,40.53693
dcs:who/itnwm.WEALTHDECILE--WEALTHDECILE10,dcid:country/TLS,2009,47.52951
dcs:who/itnwm.WEALTHDECILE--WEALTHDECILE01,dcid:country/TLS,2009,29.15523
dcs:who/itnwm.WEALTHDECILE--WEALTHDECILE02,dcid:country/TLS,2009,24.67789
dcs:who/itnwm.WEALTHDECILE--WEALTHDECILE04,dcid:country/TLS,2009,35.23375
dcs:who/itnwm.WEALTHDECILE--WEALTHDECILE08,dcid:country/TLS,2009,60.04366
dcs:who/itnwm.WEALTHDECILE--WEALTHDECILE03,dcid:country/TLS,2009,28.22338
dcs:who/itnwm.RESIDENCEAREATYPE--URB,dcid:country/TLS,2016,49.83161
dcs:who/itnwm.RESIDENCEAREATYPE--RUR,dcid:country/TLS,2016,65.36632
dcs:who/itnwm.RESIDENCEAREATYPE--RUR,dcid:country/TLS,2009,37.72967
dcs:who/itnwm.RESIDENCEAREATYPE--URB,dcid:country/TLS,2009,48.8505
dcs:who/itnwm.EDUCATIONLEVEL--NHLM,dcid:country/TLS,2016,58.84001
dcs:who/itnwm.EDUCATIONLEVEL--PRLM,dcid:country/TLS,2016,59.09212
dcs:who/itnwm.EDUCATIONLEVEL--SHLM,dcid:country/TLS,2016,60.07114
dcs:who/itnwm.EDUCATIONLEVEL--PRLM,dcid:country/TLS,2009,44.94201
dcs:who/itnwm.EDUCATIONLEVEL--NHLM,dcid:country/TLS,2009,25.98532
dcs:who/itnwm.EDUCATIONLEVEL--SHLM,dcid:country/TLS,2009,47.80322
dcs:who/itnwm.AGE--Y15T19,dcid:country/TLS,2016,53.94886
dcs:who/itnwm.AGE--Y20T49,dcid:country/TLS,2016,60.43614
dcs:who/itnwm.AGE--Y20T49,dcid:country/TLS,2009,41.66956
dcs:who/itnwm.AGE--Y15T19,dcid:country/TLS,2009,30.29612
dcs:who/itnwm,dcid:country/TZA,2015,28.89924
dcs:who/itnwm,dcid:country/TZA,2010,62.07918
dcs:who/itnwm,dcid:country/TZA,2004,6.69506
dcs:who/itnwm.WEALTHQUINTILE--WQ1,dcid:country/TZA,2015,48.06382
dcs:who/itnwm.WEALTHQUINTILE--WQ3,dcid:country/TZA,2015,57.99244
dcs:who/itnwm.WEALTHQUINTILE--WQ5,dcid:country/TZA,2015,54.3662
dcs:who/itnwm.WEALTHQUINTILE--WQ4,dcid:country/TZA,2015,56.1122
dcs:who/itnwm.WEALTHQUINTILE--WQ2,dcid:country/TZA,2015,54.544
dcs:who/itnwm.WEALTHQUINTILE--WQ5,dcid:country/TZA,2010,50.8881
dcs:who/itnwm.WEALTHQUINTILE--WQ1,dcid:country/TZA,2010,55.78582
dcs:who/itnwm.WEALTHQUINTILE--WQ4,dcid:country/TZA,2010,57.25889
dcs:who/itnwm.WEALTHQUINTILE--WQ3,dcid:country/TZA,2010,56.24815
dcs:who/itnwm.WEALTHQUINTILE--WQ2,dcid:country/TZA,2010,61.58875
dcs:who/itnwm.WEALTHQUINTILE--WQ2,dcid:country/TZA,2004,7.11451
dcs:who/itnwm.WEALTHQUINTILE--WQ4,dcid:country/TZA,2004,15.79591
dcs:who/itnwm.WEALTHQUINTILE--WQ1,dcid:country/TZA,2004,3.45473
dcs:who/itnwm.WEALTHQUINTILE--WQ5,dcid:country/TZA,2004,47.19419
dcs:who/itnwm.WEALTHQUINTILE--WQ3,dcid:country/TZA,2004,12.95759
dcs:who/itnwm.WEALTHDECILE--WEALTHDECILE02,dcid:country/TZA,2015,50.83861
dcs:who/itnwm.WEALTHDECILE--WEALTHDECILE08,dcid:country/TZA,2015,54.62767
dcs:who/itnwm.WEALTHDECILE--WEALTHDECILE05,dcid:country/TZA,2015,56.07202
dcs:who/itnwm.WEALTHDECILE--WEALTHDECILE01,dcid:country/TZA,2015,45.69135
dcs:who/itnwm.WEALTHDECILE--WEALTHDECILE04,dcid:country/TZA,2015,62.91645
dcs:who/itnwm.WEALTHDECILE--WEALTHDECILE03,dcid:country/TZA,2015,47.31356
dcs:who/itnwm.WEALTHDECILE--WEALTHDECILE09,dcid:country/TZA,2015,57.99253
dcs:who/itnwm.WEALTHDECILE--WEALTHDECILE06,dcid:country/TZA,2015,59.77934
dcs:who/itnwm.WEALTHDECILE--WEALTHDECILE07,dcid:country/TZA,2015,57.21967
dcs:who/itnwm.WEALTHDECILE--WEALTHDECILE10,dcid:country/TZA,2015,50.48548
dcs:who/itnwm.WEALTHDECILE--WEALTHDECILE06,dcid:country/TZA,2010,54.51265
dcs:who/itnwm.WEALTHDECILE--WEALTHDECILE09,dcid:country/TZA,2010,61.95354
dcs:who/itnwm.WEALTHDECILE--WEALTHDECILE05,dcid:country/TZA,2010,52.89916
dcs:who/itnwm.WEALTHDECILE--WEALTHDECILE01,dcid:country/TZA,2010,52.90792
dcs:who/itnwm.WEALTHDECILE--WEALTHDECILE07,dcid:country/TZA,2010,68.69068
dcs:who/itnwm.WEALTHDECILE--WEALTHDECILE03,dcid:country/TZA,2010,59.09876
dcs:who/itnwm.WEALTHDECILE--WEALTHDECILE04,dcid:country/TZA,2010,65.81251
dcs:who/itnwm.WEALTHDECILE--WEALTHDECILE02,dcid:country/TZA,2010,58.53917
dcs:who/itnwm.WEALTHDECILE--WEALTHDECILE10,dcid:country/TZA,2010,36.99241
dcs:who/itnwm.WEALTHDECILE--WEALTHDECILE08,dcid:country/TZA,2010,51.66987
dcs:who/itnwm.WEALTHDECILE--WEALTHDECILE08,dcid:country/TZA,2004,17.51773
dcs:who/itnwm.WEALTHDECILE--WEALTHDECILE02,dcid:country/TZA,2004,7.32502
dcs:who/itnwm.WEALTHDECILE--WEALTHDECILE07,dcid:country/TZA,2004,14.49945
dcs:who/itnwm.WEALTHDECILE--WEALTHDECILE10,dcid:country/TZA,2004,57.00072
dcs:who/itnwm.WEALTHDECILE--WEALTHDECILE05,dcid:country/TZA,2004,11.69213
dcs:who/itnwm.WEALTHDECILE--WEALTHDECILE03,dcid:country/TZA,2004,4.30683
dcs:who/itnwm.WEALTHDECILE--WEALTHDECILE01,dcid:country/TZA,2004,0.0
dcs:who/itnwm.WEALTHDECILE--WEALTHDECILE09,dcid:country/TZA,2004,39.80573
dcs:who/itnwm.WEALTHDECILE--WEALTHDECILE06,dcid:country/TZA,2004,14.12897
dcs:who/itnwm.WEALTHDECILE--WEALTHDECILE04,dcid:country/TZA,2004,9.62664
dcs:who/itnwm.RESIDENCEAREATYPE--URB,dcid:country/TZA,2015,55.93981
dcs:who/itnwm.RESIDENCEAREATYPE--RUR,dcid:country/TZA,2015,53.02403
dcs:who/itnwm.RESIDENCEAREATYPE--URB,dcid:country/TZA,2010,46.70304
dcs:who/itnwm.RESIDENCEAREATYPE--RUR,dcid:country/TZA,2010,59.29754
dcs:who/itnwm.RESIDENCEAREATYPE--URB,dcid:country/TZA,2004,39.629
dcs:who/itnwm.RESIDENCEAREATYPE--RUR,dcid:country/TZA,2004,10.07519
dcs:who/itnwm.EDUCATIONLEVEL--SHLM,dcid:country/TZA,2015,51.68825
dcs:who/itnwm.EDUCATIONLEVEL--PRLM,dcid:country/TZA,2015,54.45917
dcs:who/itnwm.EDUCATIONLEVEL--NHLM,dcid:country/TZA,2015,54.01554
dcs:who/itnwm.EDUCATIONLEVEL--PRLM,dcid:country/TZA,2010,59.23157
dcs:who/itnwm.EDUCATIONLEVEL--NHLM,dcid:country/TZA,2010,54.31002
dcs:who/itnwm.EDUCATIONLEVEL--SHLM,dcid:country/TZA,2010,42.38203
dcs:who/itnwm.EDUCATIONLEVEL--NHLM,dcid:country/TZA,2004,6.53437
dcs:who/itnwm.EDUCATIONLEVEL--SHLM,dcid:country/TZA,2004,43.18236
dcs:who/itnwm.EDUCATIONLEVEL--PRLM,dcid:country/TZA,2004,17.99154
dcs:who/itnwm.AGE--Y15T19,dcid:country/TZA,2015,47.06061
dcs:who/itnwm.AGE--Y20T49,dcid:country/TZA,2015,55.69505
dcs:who/itnwm.AGE--Y15T19,dcid:country/TZA,2010,40.90459
dcs:who/itnwm.AGE--Y20T49,dcid:country/TZA,2010,60.27932
dcs:who/itnwm.AGE--Y15T19,dcid:country/TZA,2004,11.23543
dcs:who/itnwm.AGE--Y20T49,dcid:country/TZA,2004,16.8625
dcs:who/itnwm,dcid:country/UGA,2016,83.86643
dcs:who/itnwm,dcid:country/UGA,2011,55.21674
dcs:who/itnwm,dcid:country/UGA,2006,16.35285
dcs:who/itnwm.WEALTHQUINTILE--WQ3,dcid:country/UGA,2016,59.35941
dcs:who/itnwm.WEALTHQUINTILE--WQ4,dcid:country/UGA,2016,65.40908
dcs:who/itnwm.WEALTHQUINTILE--WQ5,dcid:country/UGA,2016,76.4568
dcs:who/itnwm.WEALTHQUINTILE--WQ2,dcid:country/UGA,2016,61.46781
dcs:who/itnwm.WEALTHQUINTILE--WQ1,dcid:country/UGA,2016,60.03162
dcs:who/itnwm.WEALTHQUINTILE--WQ5,dcid:country/UGA,2011,47.10075
dcs:who/itnwm.WEALTHQUINTILE--WQ1,dcid:country/UGA,2011,47.91811
dcs:who/itnwm.WEALTHQUINTILE--WQ4,dcid:country/UGA,2011,46.95198
dcs:who/itnwm.WEALTHQUINTILE--WQ3,dcid:country/UGA,2011,43.07409
dcs:who/itnwm.WEALTHQUINTILE--WQ2,dcid:country/UGA,2011,49.54212
dcs:who/itnwm.WEALTHQUINTILE--WQ5,dcid:country/UGA,2006,17.41281
dcs:who/itnwm.WEALTHQUINTILE--WQ3,dcid:country/UGA,2006,9.59816
dcs:who/itnwm.WEALTHQUINTILE--WQ1,dcid:country/UGA,2006,7.26202
dcs:who/itnwm.WEALTHQUINTILE--WQ4,dcid:country/UGA,2006,11.01202
dcs:who/itnwm.WEALTHQUINTILE--WQ2,dcid:country/UGA,2006,7.81712
dcs:who/itnwm.WEALTHDECILE--WEALTHDECILE05,dcid:country/UGA,2016,61.39057
dcs:who/itnwm.WEALTHDECILE--WEALTHDECILE10,dcid:country/UGA,2016,74.22296
dcs:who/itnwm.WEALTHDECILE--WEALTHDECILE03,dcid:country/UGA,2016,63.55569
dcs:who/itnwm.WEALTHDECILE--WEALTHDECILE06,dcid:country/UGA,2016,57.31083
dcs:who/itnwm.WEALTHDECILE--WEALTHDECILE08,dcid:country/UGA,2016,65.7243
dcs:who/itnwm.WEALTHDECILE--WEALTHDECILE07,dcid:country/UGA,2016,65.14036
dcs:who/itnwm.WEALTHDECILE--WEALTHDECILE01,dcid:country/UGA,2016,54.18091
dcs:who/itnwm.WEALTHDECILE--WEALTHDECILE04,dcid:country/UGA,2016,59.26074
dcs:who/itnwm.WEALTHDECILE--WEALTHDECILE02,dcid:country/UGA,2016,65.31372
dcs:who/itnwm.WEALTHDECILE--WEALTHDECILE09,dcid:country/UGA,2016,78.86765
dcs:who/itnwm.WEALTHDECILE--WEALTHDECILE01,dcid:country/UGA,2011,45.42645
dcs:who/itnwm.WEALTHDECILE--WEALTHDECILE02,dcid:country/UGA,2011,49.956
dcs:who/itnwm.WEALTHDECILE--WEALTHDECILE04,dcid:country/UGA,2011,40.79329
dcs:who/itnwm.WEALTHDECILE--WEALTHDECILE03,dcid:country/UGA,2011,55.9974
dcs:who/itnwm.WEALTHDECILE--WEALTHDECILE10,dcid:country/UGA,2011,56.13995
dcs:who/itnwm.WEALTHDECILE--WEALTHDECILE07,dcid:country/UGA,2011,46.7511
dcs:who/itnwm.WEALTHDECILE--WEALTHDECILE06,dcid:country/UGA,2011,48.30035
dcs:who/itnwm.WEALTHDECILE--WEALTHDECILE08,dcid:country/UGA,2011,47.21185
dcs:who/itnwm.WEALTHDECILE--WEALTHDECILE05,dcid:country/UGA,2011,38.68026
dcs:who/itnwm.WEALTHDECILE--WEALTHDECILE09,dcid:country/UGA,2011,39.75097
dcs:who/itnwm.WEALTHDECILE--WEALTHDECILE04,dcid:country/UGA,2006,8.24637
dcs:who/itnwm.WEALTHDECILE--WEALTHDECILE10,dcid:country/UGA,2006,27.04672
dcs:who/itnwm.WEALTHDECILE--WEALTHDECILE06,dcid:country/UGA,2006,9.56884
dcs:who/itnwm.WEALTHDECILE--WEALTHDECILE05,dcid:country/UGA,2006,7.99045
dcs:who/itnwm.WEALTHDECILE--WEALTHDECILE07,dcid:country/UGA,2006,8.91986
dcs:who/itnwm.WEALTHDECILE--WEALTHDECILE03,dcid:country/UGA,2006,8.57181
dcs:who/itnwm.WEALTHDECILE--WEALTHDECILE09,dcid:country/UGA,2006,10.45928
dcs:who/itnwm.WEALTHDECILE--WEALTHDECILE01,dcid:country/UGA,2006,8.09566
dcs:who/itnwm.WEALTHDECILE--WEALTHDECILE08,dcid:country/UGA,2006,13.01275
dcs:who/itnwm.WEALTHDECILE--WEALTHDECILE02,dcid:country/UGA,2006,6.71496
dcs:who/itnwm.RESIDENCEAREATYPE--RUR,dcid:country/UGA,2016,62.35408
dcs:who/itnwm.RESIDENCEAREATYPE--URB,dcid:country/UGA,2016,70.81544
dcs:who/itnwm.RESIDENCEAREATYPE--URB,dcid:country/UGA,2011,55.54693
dcs:who/itnwm.RESIDENCEAREATYPE--RUR,dcid:country/UGA,2011,45.65151
dcs:who/itnwm.RESIDENCEAREATYPE--RUR,dcid:country/UGA,2006,8.66033
dcs:who/itnwm.RESIDENCEAREATYPE--URB,dcid:country/UGA,2006,22.81895
dcs:who/itnwm.EDUCATIONLEVEL--SHLM,dcid:country/UGA,2016,73.00146
dcs:who/itnwm.EDUCATIONLEVEL--NHLM,dcid:country/UGA,2016,53.9183
dcs:who/itnwm.EDUCATIONLEVEL--PRLM,dcid:country/UGA,2016,61.55109
dcs:who/itnwm.EDUCATIONLEVEL--SHLM,dcid:country/UGA,2011,48.79941
dcs:who/itnwm.EDUCATIONLEVEL--NHLM,dcid:country/UGA,2011,58.39739
dcs:who/itnwm.EDUCATIONLEVEL--PRLM,dcid:country/UGA,2011,43.96693
dcs:who/itnwm.EDUCATIONLEVEL--PRLM,dcid:country/UGA,2006,8.7366
dcs:who/itnwm.EDUCATIONLEVEL--NHLM,dcid:country/UGA,2006,9.40541
dcs:who/itnwm.EDUCATIONLEVEL--SHLM,dcid:country/UGA,2006,17.59891
dcs:who/itnwm.AGE--Y20T49,dcid:country/UGA,2016,66.72888
dcs:who/itnwm.AGE--Y15T19,dcid:country/UGA,2016,53.38729
dcs:who/itnwm.AGE--Y15T19,dcid:country/UGA,2011,36.07916
dcs:who/itnwm.AGE--Y20T49,dcid:country/UGA,2011,49.36253
dcs:who/itnwm.AGE--Y15T19,dcid:country/UGA,2006,3.21904
dcs:who/itnwm.AGE--Y20T49,dcid:country/UGA,2006,11.2779
dcs:who/itnwm,dcid:country/VNM,2010,4.94825
dcs:who/itnwm.WEALTHQUINTILE--WQ5,dcid:country/VNM,2010,5.04063
dcs:who/itnwm.WEALTHQUINTILE--WQ4,dcid:country/VNM,2010,9.1455
dcs:who/itnwm.WEALTHQUINTILE--WQ3,dcid:country/VNM,2010,11.15859
dcs:who/itnwm.WEALTHQUINTILE--WQ2,dcid:country/VNM,2010,16.35112
dcs:who/itnwm.WEALTHQUINTILE--WQ1,dcid:country/VNM,2010,15.95124
dcs:who/itnwm.WEALTHDECILE--WEALTHDECILE09,dcid:country/VNM,2010,9.12371
dcs:who/itnwm.WEALTHDECILE--WEALTHDECILE06,dcid:country/VNM,2010,8.11396
dcs:who/itnwm.WEALTHDECILE--WEALTHDECILE08,dcid:country/VNM,2010,12.29735
dcs:who/itnwm.WEALTHDECILE--WEALTHDECILE05,dcid:country/VNM,2010,13.96144
dcs:who/itnwm.WEALTHDECILE--WEALTHDECILE07,dcid:country/VNM,2010,5.76092
dcs:who/itnwm.WEALTHDECILE--WEALTHDECILE10,dcid:country/VNM,2010,0.0
dcs:who/itnwm.WEALTHDECILE--WEALTHDECILE03,dcid:country/VNM,2010,18.71062
dcs:who/itnwm.WEALTHDECILE--WEALTHDECILE01,dcid:country/VNM,2010,16.68388
dcs:who/itnwm.WEALTHDECILE--WEALTHDECILE04,dcid:country/VNM,2010,14.61672
dcs:who/itnwm.WEALTHDECILE--WEALTHDECILE02,dcid:country/VNM,2010,15.19014
dcs:who/itnwm.RESIDENCEAREATYPE--RUR,dcid:country/VNM,2010,14.5844
dcs:who/itnwm.RESIDENCEAREATYPE--URB,dcid:country/VNM,2010,3.96453
dcs:who/itnwm.EDUCATIONLEVEL--SHLM,dcid:country/VNM,2010,10.05251
dcs:who/itnwm.EDUCATIONLEVEL--PRLM,dcid:country/VNM,2010,16.78391
dcs:who/itnwm,dcid:country/ZMB,2018,75.90721
dcs:who/itnwm,dcid:country/ZMB,2013,26.63327
dcs:who/itnwm,dcid:country/ZMB,2007,12.70858
dcs:who/itnwm,dcid:country/ZMB,2001,18.47826
dcs:who/itnwm.WEALTHQUINTILE--WQ5,dcid:country/ZMB,2018,50.78924
dcs:who/itnwm.WEALTHQUINTILE--WQ3,dcid:country/ZMB,2018,42.3682
dcs:who/itnwm.WEALTHQUINTILE--WQ2,dcid:country/ZMB,2018,53.14031
dcs:who/itnwm.WEALTHQUINTILE--WQ1,dcid:country/ZMB,2018,54.99167
dcs:who/itnwm.WEALTHQUINTILE--WQ4,dcid:country/ZMB,2018,43.01389
dcs:who/itnwm.WEALTHQUINTILE--WQ4,dcid:country/ZMB,2013,38.72655
dcs:who/itnwm.WEALTHQUINTILE--WQ3,dcid:country/ZMB,2013,48.23759
dcs:who/itnwm.WEALTHQUINTILE--WQ5,dcid:country/ZMB,2013,34.8765
dcs:who/itnwm.WEALTHQUINTILE--WQ2,dcid:country/ZMB,2013,45.07563
dcs:who/itnwm.WEALTHQUINTILE--WQ1,dcid:country/ZMB,2013,38.30799
dcs:who/itnwm.WEALTHQUINTILE--WQ5,dcid:country/ZMB,2007,32.77034
dcs:who/itnwm.WEALTHQUINTILE--WQ4,dcid:country/ZMB,2007,27.09219
dcs:who/itnwm.WEALTHQUINTILE--WQ1,dcid:country/ZMB,2007,27.73063
dcs:who/itnwm.WEALTHQUINTILE--WQ2,dcid:country/ZMB,2007,35.20702
dcs:who/itnwm.WEALTHQUINTILE--WQ3,dcid:country/ZMB,2007,38.73819
dcs:who/itnwm.WEALTHQUINTILE--WQ3,dcid:country/ZMB,2001,9.79345
dcs:who/itnwm.WEALTHQUINTILE--WQ4,dcid:country/ZMB,2001,14.34437
dcs:who/itnwm.WEALTHQUINTILE--WQ2,dcid:country/ZMB,2001,6.87707
dcs:who/itnwm.WEALTHQUINTILE--WQ1,dcid:country/ZMB,2001,2.77576
dcs:who/itnwm.WEALTHQUINTILE--WQ5,dcid:country/ZMB,2001,12.90028
dcs:who/itnwm.WEALTHDECILE--WEALTHDECILE01,dcid:country/ZMB,2018,55.59637
dcs:who/itnwm.WEALTHDECILE--WEALTHDECILE10,dcid:country/ZMB,2018,46.04844
dcs:who/itnwm.WEALTHDECILE--WEALTHDECILE05,dcid:country/ZMB,2018,47.66581
dcs:who/itnwm.WEALTHDECILE--WEALTHDECILE06,dcid:country/ZMB,2018,37.92681
dcs:who/itnwm.WEALTHDECILE--WEALTHDECILE09,dcid:country/ZMB,2018,56.55001
dcs:who/itnwm.WEALTHDECILE--WEALTHDECILE07,dcid:country/ZMB,2018,48.00843
dcs:who/itnwm.WEALTHDECILE--WEALTHDECILE03,dcid:country/ZMB,2018,61.53668
dcs:who/itnwm.WEALTHDECILE--WEALTHDECILE04,dcid:country/ZMB,2018,42.68603
dcs:who/itnwm.WEALTHDECILE--WEALTHDECILE08,dcid:country/ZMB,2018,37.8628
dcs:who/itnwm.WEALTHDECILE--WEALTHDECILE02,dcid:country/ZMB,2018,54.31464
dcs:who/itnwm.WEALTHDECILE--WEALTHDECILE02,dcid:country/ZMB,2013,40.06957
dcs:who/itnwm.WEALTHDECILE--WEALTHDECILE08,dcid:country/ZMB,2013,37.09192
dcs:who/itnwm.WEALTHDECILE--WEALTHDECILE09,dcid:country/ZMB,2013,29.16823
dcs:who/itnwm.WEALTHDECILE--WEALTHDECILE04,dcid:country/ZMB,2013,43.95766
dcs:who/itnwm.WEALTHDECILE--WEALTHDECILE03,dcid:country/ZMB,2013,46.22342
dcs:who/itnwm.WEALTHDECILE--WEALTHDECILE01,dcid:country/ZMB,2013,36.65425
dcs:who/itnwm.WEALTHDECILE--WEALTHDECILE07,dcid:country/ZMB,2013,40.33732
dcs:who/itnwm.WEALTHDECILE--WEALTHDECILE10,dcid:country/ZMB,2013,42.6259
dcs:who/itnwm.WEALTHDECILE--WEALTHDECILE06,dcid:country/ZMB,2013,47.32978
dcs:who/itnwm.WEALTHDECILE--WEALTHDECILE05,dcid:country/ZMB,2013,49.32051
dcs:who/itnwm.WEALTHDECILE--WEALTHDECILE08,dcid:country/ZMB,2007,28.08207
dcs:who/itnwm.WEALTHDECILE--WEALTHDECILE05,dcid:country/ZMB,2007,31.93364
dcs:who/itnwm.WEALTHDECILE--WEALTHDECILE07,dcid:country/ZMB,2007,26.21412
dcs:who/itnwm.WEALTHDECILE--WEALTHDECILE06,dcid:country/ZMB,2007,46.2059
dcs:who/itnwm.WEALTHDECILE--WEALTHDECILE10,dcid:country/ZMB,2007,26.72818
dcs:who/itnwm.WEALTHDECILE--WEALTHDECILE04,dcid:country/ZMB,2007,39.46362
dcs:who/itnwm.WEALTHDECILE--WEALTHDECILE01,dcid:country/ZMB,2007,22.40734
dcs:who/itnwm.WEALTHDECILE--WEALTHDECILE03,dcid:country/ZMB,2007,29.77687
dcs:who/itnwm.WEALTHDECILE--WEALTHDECILE09,dcid:country/ZMB,2007,39.57126
dcs:who/itnwm.WEALTHDECILE--WEALTHDECILE02,dcid:country/ZMB,2007,32.7191
dcs:who/itnwm.WEALTHDECILE--WEALTHDECILE08,dcid:country/ZMB,2001,12.66851
dcs:who/itnwm.WEALTHDECILE--WEALTHDECILE05,dcid:country/ZMB,2001,6.89698
dcs:who/itnwm.WEALTHDECILE--WEALTHDECILE07,dcid:country/ZMB,2001,16.13334
dcs:who/itnwm.WEALTHDECILE--WEALTHDECILE06,dcid:country/ZMB,2001,12.31055
dcs:who/itnwm.WEALTHDECILE--WEALTHDECILE09,dcid:country/ZMB,2001,12.03868
dcs:who/itnwm.WEALTHDECILE--WEALTHDECILE10,dcid:country/ZMB,2001,13.64556
dcs:who/itnwm.WEALTHDECILE--WEALTHDECILE03,dcid:country/ZMB,2001,8.50424
dcs:who/itnwm.WEALTHDECILE--WEALTHDECILE02,dcid:country/ZMB,2001,5.3689
dcs:who/itnwm.WEALTHDECILE--WEALTHDECILE04,dcid:country/ZMB,2001,5.91819
dcs:who/itnwm.WEALTHDECILE--WEALTHDECILE01,dcid:country/ZMB,2001,0.91801
dcs:who/itnwm.RESIDENCEAREATYPE--RUR,dcid:country/ZMB,2018,52.02885
dcs:who/itnwm.RESIDENCEAREATYPE--URB,dcid:country/ZMB,2018,43.40905
dcs:who/itnwm.RESIDENCEAREATYPE--RUR,dcid:country/ZMB,2013,44.91777
dcs:who/itnwm.RESIDENCEAREATYPE--URB,dcid:country/ZMB,2013,34.8632
dcs:who/itnwm.RESIDENCEAREATYPE--URB,dcid:country/ZMB,2007,28.43541
dcs:who/itnwm.RESIDENCEAREATYPE--RUR,dcid:country/ZMB,2007,34.18044
dcs:who/itnwm.RESIDENCEAREATYPE--RUR,dcid:country/ZMB,2001,8.0608
dcs:who/itnwm.RESIDENCEAREATYPE--URB,dcid:country/ZMB,2001,11.04127
dcs:who/itnwm.EDUCATIONLEVEL--NHLM,dcid:country/ZMB,2018,57.09029
dcs:who/itnwm.EDUCATIONLEVEL--PRLM,dcid:country/ZMB,2018,47.30158
dcs:who/itnwm.EDUCATIONLEVEL--SHLM,dcid:country/ZMB,2018,49.54615
dcs:who/itnwm.EDUCATIONLEVEL--PRLM,dcid:country/ZMB,2013,41.81468
dcs:who/itnwm.EDUCATIONLEVEL--NHLM,dcid:country/ZMB,2013,40.091
dcs:who/itnwm.EDUCATIONLEVEL--SHLM,dcid:country/ZMB,2013,40.18383
dcs:who/itnwm.EDUCATIONLEVEL--PRLM,dcid:country/ZMB,2007,34.21427
dcs:who/itnwm.EDUCATIONLEVEL--NHLM,dcid:country/ZMB,2007,22.69839
dcs:who/itnwm.EDUCATIONLEVEL--SHLM,dcid:country/ZMB,2007,31.99682
dcs:who/itnwm.EDUCATIONLEVEL--SHLM,dcid:country/ZMB,2001,16.64587
dcs:who/itnwm.EDUCATIONLEVEL--NHLM,dcid:country/ZMB,2001,3.79359
dcs:who/itnwm.EDUCATIONLEVEL--PRLM,dcid:country/ZMB,2001,7.17307
dcs:who/itnwm.AGE--Y20T49,dcid:country/ZMB,2018,51.90496
dcs:who/itnwm.AGE--Y15T19,dcid:country/ZMB,2018,35.35208
dcs:who/itnwm.AGE--Y20T49,dcid:country/ZMB,2013,43.3995
dcs:who/itnwm.AGE--Y15T19,dcid:country/ZMB,2013,29.60019
dcs:who/itnwm.AGE--Y20T49,dcid:country/ZMB,2007,35.38917
dcs:who/itnwm.AGE--Y15T19,dcid:country/ZMB,2007,17.71522
dcs:who/itnwm.AGE--Y20T49,dcid:country/ZMB,2001,9.83215
dcs:who/itnwm.AGE--Y15T19,dcid:country/ZMB,2001,4.91097
dcs:who/itnwm,dcid:country/ZWE,2015,8.43847
dcs:who/itnwm,dcid:country/ZWE,2014,25.64745
dcs:who/itnwm,dcid:country/ZWE,2010,5.78796
dcs:who/itnwm,dcid:country/ZWE,2005,3.43179
dcs:who/itnwm.WEALTHQUINTILE--WQ2,dcid:country/ZWE,2015,8.58866
dcs:who/itnwm.WEALTHQUINTILE--WQ5,dcid:country/ZWE,2015,4.42179
dcs:who/itnwm.WEALTHQUINTILE--WQ4,dcid:country/ZWE,2015,6.02493
dcs:who/itnwm.WEALTHQUINTILE--WQ1,dcid:country/ZWE,2015,7.15682
dcs:who/itnwm.WEALTHQUINTILE--WQ3,dcid:country/ZWE,2015,4.07274
dcs:who/itnwm.WEALTHQUINTILE--WQ1,dcid:country/ZWE,2014,33.50691
dcs:who/itnwm.WEALTHQUINTILE--WQ4,dcid:country/ZWE,2014,17.0275
dcs:who/itnwm.WEALTHQUINTILE--WQ5,dcid:country/ZWE,2014,15.19636
dcs:who/itnwm.WEALTHQUINTILE--WQ3,dcid:country/ZWE,2014,30.06323
dcs:who/itnwm.WEALTHQUINTILE--WQ2,dcid:country/ZWE,2014,36.49999
dcs:who/itnwm.WEALTHQUINTILE--WQ3,dcid:country/ZWE,2010,8.76004
dcs:who/itnwm.WEALTHQUINTILE--WQ5,dcid:country/ZWE,2010,11.88144
dcs:who/itnwm.WEALTHQUINTILE--WQ4,dcid:country/ZWE,2010,7.21843
dcs:who/itnwm.WEALTHQUINTILE--WQ2,dcid:country/ZWE,2010,8.53817
dcs:who/itnwm.WEALTHQUINTILE--WQ1,dcid:country/ZWE,2010,12.17202
dcs:who/itnwm.WEALTHQUINTILE--WQ3,dcid:country/ZWE,2005,2.65848
dcs:who/itnwm.WEALTHQUINTILE--WQ2,dcid:country/ZWE,2005,0.88685
dcs:who/itnwm.WEALTHQUINTILE--WQ5,dcid:country/ZWE,2005,7.86775
dcs:who/itnwm.WEALTHQUINTILE--WQ4,dcid:country/ZWE,2005,5.61596
dcs:who/itnwm.WEALTHQUINTILE--WQ1,dcid:country/ZWE,2005,0.65498
dcs:who/itnwm.WEALTHDECILE--WEALTHDECILE08,dcid:country/ZWE,2015,4.76445
dcs:who/itnwm.WEALTHDECILE--WEALTHDECILE07,dcid:country/ZWE,2015,7.29917
dcs:who/itnwm.WEALTHDECILE--WEALTHDECILE02,dcid:country/ZWE,2015,5.65004
dcs:who/itnwm.WEALTHDECILE--WEALTHDECILE01,dcid:country/ZWE,2015,8.6024
dcs:who/itnwm.WEALTHDECILE--WEALTHDECILE10,dcid:country/ZWE,2015,5.16726
dcs:who/itnwm.WEALTHDECILE--WEALTHDECILE06,dcid:country/ZWE,2015,1.85484
dcs:who/itnwm.WEALTHDECILE--WEALTHDECILE04,dcid:country/ZWE,2015,5.37655
dcs:who/itnwm.WEALTHDECILE--WEALTHDECILE05,dcid:country/ZWE,2015,5.36194
dcs:who/itnwm.WEALTHDECILE--WEALTHDECILE09,dcid:country/ZWE,2015,3.94201
dcs:who/itnwm.WEALTHDECILE--WEALTHDECILE03,dcid:country/ZWE,2015,11.61151
dcs:who/itnwm.WEALTHDECILE--WEALTHDECILE09,dcid:country/ZWE,2014,17.27941
dcs:who/itnwm.WEALTHDECILE--WEALTHDECILE07,dcid:country/ZWE,2014,19.76906
dcs:who/itnwm.WEALTHDECILE--WEALTHDECILE04,dcid:country/ZWE,2014,28.26689
dcs:who/itnwm.WEALTHDECILE--WEALTHDECILE01,dcid:country/ZWE,2014,34.28114
dcs:who/itnwm.WEALTHDECILE--WEALTHDECILE06,dcid:country/ZWE,2014,31.14891
dcs:who/itnwm.WEALTHDECILE--WEALTHDECILE08,dcid:country/ZWE,2014,14.83537
dcs:who/itnwm.WEALTHDECILE--WEALTHDECILE10,dcid:country/ZWE,2014,11.87222
dcs:who/itnwm.WEALTHDECILE--WEALTHDECILE02,dcid:country/ZWE,2014,32.78535
dcs:who/itnwm.WEALTHDECILE--WEALTHDECILE05,dcid:country/ZWE,2014,28.76357
dcs:who/itnwm.WEALTHDECILE--WEALTHDECILE03,dcid:country/ZWE,2014,43.55733
dcs:who/itnwm.WEALTHDECILE--WEALTHDECILE09,dcid:country/ZWE,2010,11.50827
dcs:who/itnwm.WEALTHDECILE--WEALTHDECILE04,dcid:country/ZWE,2010,8.31011
dcs:who/itnwm.WEALTHDECILE--WEALTHDECILE01,dcid:country/ZWE,2010,8.97851
dcs:who/itnwm.WEALTHDECILE--WEALTHDECILE08,dcid:country/ZWE,2010,10.27979
dcs:who/itnwm.WEALTHDECILE--WEALTHDECILE10,dcid:country/ZWE,2010,12.52044
dcs:who/itnwm.WEALTHDECILE--WEALTHDECILE02,dcid:country/ZWE,2010,16.05946
dcs:who/itnwm.WEALTHDECILE--WEALTHDECILE03,dcid:country/ZWE,2010,8.74436
dcs:who/itnwm.WEALTHDECILE--WEALTHDECILE07,dcid:country/ZWE,2010,3.70572
dcs:who/itnwm.WEALTHDECILE--WEALTHDECILE05,dcid:country/ZWE,2010,6.69701
dcs:who/itnwm.WEALTHDECILE--WEALTHDECILE06,dcid:country/ZWE,2010,10.06481
dcs:who/itnwm.WEALTHDECILE--WEALTHDECILE05,dcid:country/ZWE,2005,4.04663
dcs:who/itnwm.WEALTHDECILE--WEALTHDECILE04,dcid:country/ZWE,2005,0.0
dcs:who/itnwm.WEALTHDECILE--WEALTHDECILE02,dcid:country/ZWE,2005,0.0
dcs:who/itnwm.WEALTHDECILE--WEALTHDECILE08,dcid:country/ZWE,2005,5.43041
dcs:who/itnwm.WEALTHDECILE--WEALTHDECILE06,dcid:country/ZWE,2005,1.5888
dcs:who/itnwm.WEALTHDECILE--WEALTHDECILE09,dcid:country/ZWE,2005,0.0
dcs:who/itnwm.WEALTHDECILE--WEALTHDECILE03,dcid:country/ZWE,2005,1.75385
dcs:who/itnwm.WEALTHDECILE--WEALTHDECILE01,dcid:country/ZWE,2005,1.4929
dcs:who/itnwm.WEALTHDECILE--WEALTHDECILE07,dcid:country/ZWE,2005,5.84785
dcs:who/itnwm.WEALTHDECILE--WEALTHDECILE10,dcid:country/ZWE,2005,15.23031
dcs:who/itnwm.RESIDENCEAREATYPE--URB,dcid:country/ZWE,2015,4.65837
dcs:who/itnwm.RESIDENCEAREATYPE--RUR,dcid:country/ZWE,2015,6.90806
dcs:who/itnwm.RESIDENCEAREATYPE--URB,dcid:country/ZWE,2014,15.35136
dcs:who/itnwm.RESIDENCEAREATYPE--RUR,dcid:country/ZWE,2014,30.77828
dcs:who/itnwm.RESIDENCEAREATYPE--URB,dcid:country/ZWE,2010,8.48023
dcs:who/itnwm.RESIDENCEAREATYPE--RUR,dcid:country/ZWE,2010,10.11936
dcs:who/itnwm.RESIDENCEAREATYPE--RUR,dcid:country/ZWE,2005,2.10761
dcs:who/itnwm.RESIDENCEAREATYPE--URB,dcid:country/ZWE,2005,5.96567
dcs:who/itnwm.EDUCATIONLEVEL--PRLM,dcid:country/ZWE,2015,8.72892
dcs:who/itnwm.EDUCATIONLEVEL--SHLM,dcid:country/ZWE,2015,5.21055
dcs:who/itnwm.EDUCATIONLEVEL--PRLM,dcid:country/ZWE,2014,35.93841
dcs:who/itnwm.EDUCATIONLEVEL--SHLM,dcid:country/ZWE,2014,21.67728
dcs:who/itnwm.EDUCATIONLEVEL--SHLM,dcid:country/ZWE,2010,9.89659
dcs:who/itnwm.EDUCATIONLEVEL--PRLM,dcid:country/ZWE,2010,8.85781
dcs:who/itnwm.EDUCATIONLEVEL--PRLM,dcid:country/ZWE,2005,0.57863
dcs:who/itnwm.EDUCATIONLEVEL--SHLM,dcid:country/ZWE,2005,4.83452
dcs:who/itnwm.AGE--Y20T49,dcid:country/ZWE,2015,6.47867
dcs:who/itnwm.AGE--Y15T19,dcid:country/ZWE,2015,4.94615
dcs:who/itnwm.AGE--Y15T19,dcid:country/ZWE,2010,10.13462
dcs:who/itnwm.AGE--Y20T49,dcid:country/ZWE,2010,9.4538
dcs:who/itnwm.AGE--Y20T49,dcid:country/ZWE,2005,4.17085
dcs:who/itnwm.AGE--Y15T19,dcid:country/ZWE,2005,0.0
