SERIES,GEOGRAPHY,TIME_PERIOD,OBS_VALUE
dcs:who/MALARIA_CONF_CASES,dcid:Earth,2012,42884688.0
dcs:who/MALARIA_CONF_CASES,dcid:Earth,2002,8104763.0
dcs:who/MALARIA_CONF_CASES,dcid:Earth,2020,156031611.0
dcs:who/MALARIA_CONF_CASES,dcid:Earth,2011,27014812.0
dcs:who/MALARIA_CONF_CASES,dcid:Earth,2001,7025326.0
dcs:who/MALARIA_CONF_CASES,dcid:Earth,2000,6424322.0
dcs:who/MALARIA_CONF_CASES,dcid:Earth,2005,12277368.0
dcs:who/MALARIA_CONF_CASES,dcid:Earth,2021,166195693.0
dcs:who/MALARIA_CONF_CASES,dcid:Earth,2015,99795839.0
dcs:who/MALARIA_CONF_CASES,dcid:Earth,2010,26376297.0
dcs:who/MALARIA_CONF_CASES,dcid:Earth,2016,130090416.0
dcs:who/MALARIA_CONF_CASES,dcid:Earth,2006,12156578.0
dcs:who/MALARIA_CONF_CASES,dcid:Earth,2007,13710885.0
dcs:who/MALARIA_CONF_CASES,dcid:Earth,2004,10742681.0
dcs:who/MALARIA_CONF_CASES,dcid:Earth,2003,10941144.0
dcs:who/MALARIA_CONF_CASES,dcid:Earth,2013,50084597.0
dcs:who/MALARIA_CONF_CASES,dcid:Earth,2009,18062247.0
dcs:who/MALARIA_CONF_CASES,dcid:Earth,2014,82666986.0
dcs:who/MALARIA_CONF_CASES,dcid:Earth,2019,161484031.0
dcs:who/MALARIA_CONF_CASES,dcid:Earth,2017,138845276.0
dcs:who/MALARIA_CONF_CASES,dcid:Earth,2018,126411946.0
dcs:who/MALARIA_CONF_CASES,dcid:Earth,2008,14752731.0
dcs:who/MALARIA_CONF_CASES,dcid:SouthEasternAsia,2009,2569930.0
dcs:who/MALARIA_CONF_CASES,dcid:SouthEasternAsia,2013,1645167.0
dcs:who/MALARIA_CONF_CASES,dcid:SouthEasternAsia,2003,2470876.0
dcs:who/MALARIA_CONF_CASES,dcid:SouthEasternAsia,2017,1237915.0
dcs:who/MALARIA_CONF_CASES,dcid:SouthEasternAsia,2019,670880.0
dcs:who/MALARIA_CONF_CASES,dcid:SouthEasternAsia,2007,2355799.0
dcs:who/MALARIA_CONF_CASES,dcid:SouthEasternAsia,2001,2844449.0
dcs:who/MALARIA_CONF_CASES,dcid:SouthEasternAsia,2011,2315345.0
dcs:who/MALARIA_CONF_CASES,dcid:SouthEasternAsia,2021,558713.0
dcs:who/MALARIA_CONF_CASES,dcid:SouthEasternAsia,2005,2449462.0
dcs:who/MALARIA_CONF_CASES,dcid:SouthEasternAsia,2015,1640979.0
dcs:who/MALARIA_CONF_CASES,dcid:SouthEasternAsia,2006,2464662.0
dcs:who/MALARIA_CONF_CASES,dcid:SouthEasternAsia,2016,1467669.0
dcs:who/MALARIA_CONF_CASES,dcid:SouthEasternAsia,2002,2606950.0
dcs:who/MALARIA_CONF_CASES,dcid:SouthEasternAsia,2012,2073723.0
dcs:who/MALARIA_CONF_CASES,dcid:SouthEasternAsia,2004,2540387.0
dcs:who/MALARIA_CONF_CASES,dcid:SouthEasternAsia,2020,511840.0
dcs:who/MALARIA_CONF_CASES,dcid:SouthEasternAsia,2014,1671061.0
dcs:who/MALARIA_CONF_CASES,dcid:SouthEasternAsia,2000,2860018.0
dcs:who/MALARIA_CONF_CASES,dcid:SouthEasternAsia,2008,2620740.0
dcs:who/MALARIA_CONF_CASES,dcid:SouthEasternAsia,2018,751169.0
dcs:who/MALARIA_CONF_CASES,dcid:SouthEasternAsia,2010,2641636.0
dcs:who/MALARIA_CONF_CASES,dcid:africa,2001,2387421.0
dcs:who/MALARIA_CONF_CASES,dcid:africa,2011,22905685.0
dcs:who/MALARIA_CONF_CASES,dcid:africa,2016,126007349.0
dcs:who/MALARIA_CONF_CASES,dcid:africa,2020,151636256.0
dcs:who/MALARIA_CONF_CASES,dcid:africa,2006,7327748.0
dcs:who/MALARIA_CONF_CASES,dcid:africa,2005,7476429.0
dcs:who/MALARIA_CONF_CASES,dcid:africa,2014,78544699.0
dcs:who/MALARIA_CONF_CASES,dcid:africa,2015,96147691.0
dcs:who/MALARIA_CONF_CASES,dcid:africa,2008,10441340.0
dcs:who/MALARIA_CONF_CASES,dcid:africa,2004,5927199.0
dcs:who/MALARIA_CONF_CASES,dcid:africa,2018,121571041.0
dcs:who/MALARIA_CONF_CASES,dcid:africa,2021,161968274.0
dcs:who/MALARIA_CONF_CASES,dcid:africa,2000,1393472.0
dcs:who/MALARIA_CONF_CASES,dcid:africa,2010,21571545.0
dcs:who/MALARIA_CONF_CASES,dcid:africa,2019,156584840.0
dcs:who/MALARIA_CONF_CASES,dcid:africa,2012,39003547.0
dcs:who/MALARIA_CONF_CASES,dcid:africa,2017,134342232.0
dcs:who/MALARIA_CONF_CASES,dcid:africa,2007,9224013.0
dcs:who/MALARIA_CONF_CASES,dcid:africa,2009,13572200.0
dcs:who/MALARIA_CONF_CASES,dcid:africa,2002,3323502.0
dcs:who/MALARIA_CONF_CASES,dcid:africa,2013,46466541.0
dcs:who/MALARIA_CONF_CASES,dcid:africa,2003,5519840.0
dcs:who/MALARIA_CONF_CASES,dcid:country/AFG,2003,360940.0
dcs:who/MALARIA_CONF_CASES,dcid:country/AFG,2017,313086.0
dcs:who/MALARIA_CONF_CASES,dcid:country/AFG,2013,52965.0
dcs:who/MALARIA_CONF_CASES,dcid:country/AFG,2007,92202.0
dcs:who/MALARIA_CONF_CASES,dcid:country/AFG,2020,105295.0
dcs:who/MALARIA_CONF_CASES,dcid:country/AFG,2005,116444.0
dcs:who/MALARIA_CONF_CASES,dcid:country/AFG,2000,94475.0
dcs:who/MALARIA_CONF_CASES,dcid:country/AFG,2015,119859.0
dcs:who/MALARIA_CONF_CASES,dcid:country/AFG,2002,414611.0
dcs:who/MALARIA_CONF_CASES,dcid:country/AFG,2012,54840.0
dcs:who/MALARIA_CONF_CASES,dcid:country/AFG,2014,106478.0
dcs:who/MALARIA_CONF_CASES,dcid:country/AFG,2004,242022.0
dcs:who/MALARIA_CONF_CASES,dcid:country/AFG,2008,81574.0
dcs:who/MALARIA_CONF_CASES,dcid:country/AFG,2010,69798.0
dcs:who/MALARIA_CONF_CASES,dcid:country/AFG,2018,248689.0
dcs:who/MALARIA_CONF_CASES,dcid:country/AFG,2021,86263.0
dcs:who/MALARIA_CONF_CASES,dcid:country/AFG,2009,65000.0
dcs:who/MALARIA_CONF_CASES,dcid:country/AFG,2019,173860.0
dcs:who/MALARIA_CONF_CASES,dcid:country/AFG,2001,50850.0
dcs:who/MALARIA_CONF_CASES,dcid:country/AFG,2006,86129.0
dcs:who/MALARIA_CONF_CASES,dcid:country/AFG,2011,77549.0
dcs:who/MALARIA_CONF_CASES,dcid:country/AFG,2016,241233.0
dcs:who/MALARIA_CONF_CASES,dcid:country/AGO,2005,889572.0
dcs:who/MALARIA_CONF_CASES,dcid:country/AGO,2010,1682870.0
dcs:who/MALARIA_CONF_CASES,dcid:country/AGO,2015,2769305.0
dcs:who/MALARIA_CONF_CASES,dcid:country/AGO,2019,7054978.0
dcs:who/MALARIA_CONF_CASES,dcid:country/AGO,2009,1573422.0
dcs:who/MALARIA_CONF_CASES,dcid:country/AGO,2014,2298979.0
dcs:who/MALARIA_CONF_CASES,dcid:country/AGO,2021,8325921.0
dcs:who/MALARIA_CONF_CASES,dcid:country/AGO,2018,5150575.0
dcs:who/MALARIA_CONF_CASES,dcid:country/AGO,2008,1377992.0
dcs:who/MALARIA_CONF_CASES,dcid:country/AGO,2006,1082398.0
dcs:who/MALARIA_CONF_CASES,dcid:country/AGO,2016,3794253.0
dcs:who/MALARIA_CONF_CASES,dcid:country/AGO,2011,1632282.0
dcs:who/MALARIA_CONF_CASES,dcid:country/AGO,2017,3874892.0
dcs:who/MALARIA_CONF_CASES,dcid:country/AGO,2012,1496834.0
dcs:who/MALARIA_CONF_CASES,dcid:country/AGO,2013,1999868.0
dcs:who/MALARIA_CONF_CASES,dcid:country/AGO,2007,1533485.0
dcs:who/MALARIA_CONF_CASES,dcid:country/AGO,2020,6599327.0
dcs:who/MALARIA_CONF_CASES,dcid:country/ARE,2016,3849.0
dcs:who/MALARIA_CONF_CASES,dcid:country/ARE,2006,0.0
dcs:who/MALARIA_CONF_CASES,dcid:country/ARE,2014,4575.0
dcs:who/MALARIA_CONF_CASES,dcid:country/ARE,2018,3238.0
dcs:who/MALARIA_CONF_CASES,dcid:country/ARE,2008,0.0
dcs:who/MALARIA_CONF_CASES,dcid:country/ARE,2004,0.0
dcs:who/MALARIA_CONF_CASES,dcid:country/ARE,2011,0.0
dcs:who/MALARIA_CONF_CASES,dcid:country/ARE,2009,0.0
dcs:who/MALARIA_CONF_CASES,dcid:country/ARE,2001,0.0
dcs:who/MALARIA_CONF_CASES,dcid:country/ARE,2021,1014.0
dcs:who/MALARIA_CONF_CASES,dcid:country/ARE,2019,2881.0
dcs:who/MALARIA_CONF_CASES,dcid:country/ARE,2017,4013.0
dcs:who/MALARIA_CONF_CASES,dcid:country/ARE,2007,0.0
dcs:who/MALARIA_CONF_CASES,dcid:country/ARE,2003,0.0
dcs:who/MALARIA_CONF_CASES,dcid:country/ARE,2013,4380.0
dcs:who/MALARIA_CONF_CASES,dcid:country/ARE,2020,915.0
dcs:who/MALARIA_CONF_CASES,dcid:country/ARE,2005,0.0
dcs:who/MALARIA_CONF_CASES,dcid:country/ARE,2010,0.0
dcs:who/MALARIA_CONF_CASES,dcid:country/ARE,2015,3685.0
dcs:who/MALARIA_CONF_CASES,dcid:country/ARE,2000,0.0
dcs:who/MALARIA_CONF_CASES,dcid:country/ARE,2002,0.0
dcs:who/MALARIA_CONF_CASES,dcid:country/ARE,2012,5165.0
dcs:who/MALARIA_CONF_CASES,dcid:country/ARG,2002,125.0
dcs:who/MALARIA_CONF_CASES,dcid:country/ARG,2000,440.0
dcs:who/MALARIA_CONF_CASES,dcid:country/ARG,2020,0.0
dcs:who/MALARIA_CONF_CASES,dcid:country/ARG,2012,16.0
dcs:who/MALARIA_CONF_CASES,dcid:country/ARG,2010,121.0
dcs:who/MALARIA_CONF_CASES,dcid:country/ARG,2005,231.0
dcs:who/MALARIA_CONF_CASES,dcid:country/ARG,2015,11.0
dcs:who/MALARIA_CONF_CASES,dcid:country/ARG,2001,215.0
dcs:who/MALARIA_CONF_CASES,dcid:country/ARG,2011,28.0
dcs:who/MALARIA_CONF_CASES,dcid:country/ARG,2006,172.0
dcs:who/MALARIA_CONF_CASES,dcid:country/ARG,2008,105.0
dcs:who/MALARIA_CONF_CASES,dcid:country/ARG,2018,28.0
dcs:who/MALARIA_CONF_CASES,dcid:country/ARG,2013,11.0
dcs:who/MALARIA_CONF_CASES,dcid:country/ARG,2003,124.0
dcs:who/MALARIA_CONF_CASES,dcid:country/ARG,2016,9.0
dcs:who/MALARIA_CONF_CASES,dcid:country/ARG,2014,15.0
dcs:who/MALARIA_CONF_CASES,dcid:country/ARG,2004,116.0
dcs:who/MALARIA_CONF_CASES,dcid:country/ARG,2017,18.0
dcs:who/MALARIA_CONF_CASES,dcid:country/ARG,2009,92.0
dcs:who/MALARIA_CONF_CASES,dcid:country/ARG,2019,0.0
dcs:who/MALARIA_CONF_CASES,dcid:country/ARG,2007,328.0
dcs:who/MALARIA_CONF_CASES,dcid:country/ARM,2012,4.0
dcs:who/MALARIA_CONF_CASES,dcid:country/ARM,2002,88.0
dcs:who/MALARIA_CONF_CASES,dcid:country/ARM,2005,11.0
dcs:who/MALARIA_CONF_CASES,dcid:country/ARM,2015,2.0
dcs:who/MALARIA_CONF_CASES,dcid:country/ARM,2020,3.0
dcs:who/MALARIA_CONF_CASES,dcid:country/ARM,2008,1.0
dcs:who/MALARIA_CONF_CASES,dcid:country/ARM,2010,1.0
dcs:who/MALARIA_CONF_CASES,dcid:country/ARM,2000,226.0
dcs:who/MALARIA_CONF_CASES,dcid:country/ARM,2001,127.0
dcs:who/MALARIA_CONF_CASES,dcid:country/ARM,2007,1.0
dcs:who/MALARIA_CONF_CASES,dcid:country/ARM,2017,2.0
dcs:who/MALARIA_CONF_CASES,dcid:country/ARM,2018,6.0
dcs:who/MALARIA_CONF_CASES,dcid:country/ARM,2004,88.0
dcs:who/MALARIA_CONF_CASES,dcid:country/ARM,2014,1.0
dcs:who/MALARIA_CONF_CASES,dcid:country/ARM,2009,0.0
dcs:who/MALARIA_CONF_CASES,dcid:country/ARM,2006,0.0
dcs:who/MALARIA_CONF_CASES,dcid:country/ARM,2016,2.0
dcs:who/MALARIA_CONF_CASES,dcid:country/ARM,2003,50.0
dcs:who/MALARIA_CONF_CASES,dcid:country/ARM,2013,0.0
dcs:who/MALARIA_CONF_CASES,dcid:country/AZE,2013,4.0
dcs:who/MALARIA_CONF_CASES,dcid:country/AZE,2003,482.0
dcs:who/MALARIA_CONF_CASES,dcid:country/AZE,2007,110.0
dcs:who/MALARIA_CONF_CASES,dcid:country/AZE,2017,1.0
dcs:who/MALARIA_CONF_CASES,dcid:country/AZE,2002,506.0
dcs:who/MALARIA_CONF_CASES,dcid:country/AZE,2012,4.0
dcs:who/MALARIA_CONF_CASES,dcid:country/AZE,2019,0.0
dcs:who/MALARIA_CONF_CASES,dcid:country/AZE,2009,80.0
dcs:who/MALARIA_CONF_CASES,dcid:country/AZE,2015,1.0
dcs:who/MALARIA_CONF_CASES,dcid:country/AZE,2000,1526.0
dcs:who/MALARIA_CONF_CASES,dcid:country/AZE,2005,242.0
dcs:who/MALARIA_CONF_CASES,dcid:country/AZE,2020,0.0
dcs:who/MALARIA_CONF_CASES,dcid:country/AZE,2010,52.0
dcs:who/MALARIA_CONF_CASES,dcid:country/AZE,2001,1058.0
dcs:who/MALARIA_CONF_CASES,dcid:country/AZE,2006,143.0
dcs:who/MALARIA_CONF_CASES,dcid:country/AZE,2011,8.0
dcs:who/MALARIA_CONF_CASES,dcid:country/AZE,2016,1.0
dcs:who/MALARIA_CONF_CASES,dcid:country/AZE,2014,2.0
dcs:who/MALARIA_CONF_CASES,dcid:country/AZE,2004,386.0
dcs:who/MALARIA_CONF_CASES,dcid:country/AZE,2008,73.0
dcs:who/MALARIA_CONF_CASES,dcid:country/AZE,2018,2.0
dcs:who/MALARIA_CONF_CASES,dcid:country/BDI,2004,363395.0
dcs:who/MALARIA_CONF_CASES,dcid:country/BDI,2014,4726299.0
dcs:who/MALARIA_CONF_CASES,dcid:country/BDI,2006,791731.0
dcs:who/MALARIA_CONF_CASES,dcid:country/BDI,2013,4178338.0
dcs:who/MALARIA_CONF_CASES,dcid:country/BDI,2003,353459.0
dcs:who/MALARIA_CONF_CASES,dcid:country/BDI,2016,8793176.0
dcs:who/MALARIA_CONF_CASES,dcid:country/BDI,2017,8795952.0
dcs:who/MALARIA_CONF_CASES,dcid:country/BDI,2007,1101644.0
dcs:who/MALARIA_CONF_CASES,dcid:country/BDI,2019,9959533.0
dcs:who/MALARIA_CONF_CASES,dcid:country/BDI,2009,1185622.0
dcs:who/MALARIA_CONF_CASES,dcid:country/BDI,2008,876741.0
dcs:who/MALARIA_CONF_CASES,dcid:country/BDI,2018,4966511.0
dcs:who/MALARIA_CONF_CASES,dcid:country/BDI,2012,2166690.0
dcs:who/MALARIA_CONF_CASES,dcid:country/BDI,2002,327138.0
dcs:who/MALARIA_CONF_CASES,dcid:country/BDI,2011,1575237.0
dcs:who/MALARIA_CONF_CASES,dcid:country/BDI,2001,312015.0
dcs:who/MALARIA_CONF_CASES,dcid:country/BDI,2015,5428710.0
dcs:who/MALARIA_CONF_CASES,dcid:country/BDI,2021,6615714.0
dcs:who/MALARIA_CONF_CASES,dcid:country/BDI,2000,308095.0
dcs:who/MALARIA_CONF_CASES,dcid:country/BDI,2005,327464.0
dcs:who/MALARIA_CONF_CASES,dcid:country/BDI,2020,4720103.0
dcs:who/MALARIA_CONF_CASES,dcid:country/BDI,2010,1763447.0
dcs:who/MALARIA_CONF_CASES,dcid:country/BEN,2009,889597.0
dcs:who/MALARIA_CONF_CASES,dcid:country/BEN,2017,1933912.0
dcs:who/MALARIA_CONF_CASES,dcid:country/BEN,2013,1090602.0
dcs:who/MALARIA_CONF_CASES,dcid:country/BEN,2019,2895878.0
dcs:who/MALARIA_CONF_CASES,dcid:country/BEN,2021,2876368.0
dcs:who/MALARIA_CONF_CASES,dcid:country/BEN,2011,422968.0
dcs:who/MALARIA_CONF_CASES,dcid:country/BEN,2015,1721626.0
dcs:who/MALARIA_CONF_CASES,dcid:country/BEN,2016,1610790.0
dcs:who/MALARIA_CONF_CASES,dcid:country/BEN,2012,705839.0
dcs:who/MALARIA_CONF_CASES,dcid:country/BEN,2018,1975812.0
dcs:who/MALARIA_CONF_CASES,dcid:country/BEN,2020,2516465.0
dcs:who/MALARIA_CONF_CASES,dcid:country/BEN,2014,1309238.0
dcs:who/MALARIA_CONF_CASES,dcid:country/BFA,2021,11791638.0
dcs:who/MALARIA_CONF_CASES,dcid:country/BFA,2016,9779411.0
dcs:who/MALARIA_CONF_CASES,dcid:country/BFA,2006,44265.0
dcs:who/MALARIA_CONF_CASES,dcid:country/BFA,2018,10278970.0
dcs:who/MALARIA_CONF_CASES,dcid:country/BFA,2008,36514.0
dcs:who/MALARIA_CONF_CASES,dcid:country/BFA,2010,804539.0
dcs:who/MALARIA_CONF_CASES,dcid:country/BFA,2011,428113.0
dcs:who/MALARIA_CONF_CASES,dcid:country/BFA,2019,5877426.0
dcs:who/MALARIA_CONF_CASES,dcid:country/BFA,2009,182527.0
dcs:who/MALARIA_CONF_CASES,dcid:country/BFA,2014,5428655.0
dcs:who/MALARIA_CONF_CASES,dcid:country/BFA,2004,18256.0
dcs:who/MALARIA_CONF_CASES,dcid:country/BFA,2013,3769051.0
dcs:who/MALARIA_CONF_CASES,dcid:country/BFA,2015,7015446.0
dcs:who/MALARIA_CONF_CASES,dcid:country/BFA,2005,21335.0
dcs:who/MALARIA_CONF_CASES,dcid:country/BFA,2020,10600340.0
dcs:who/MALARIA_CONF_CASES,dcid:country/BFA,2017,10557260.0
dcs:who/MALARIA_CONF_CASES,dcid:country/BFA,2012,3858046.0
dcs:who/MALARIA_CONF_CASES,dcid:country/BFA,2007,44246.0
dcs:who/MALARIA_CONF_CASES,dcid:country/BGD,2017,29247.0
dcs:who/MALARIA_CONF_CASES,dcid:country/BGD,2007,59857.0
dcs:who/MALARIA_CONF_CASES,dcid:country/BGD,2015,39719.0
dcs:who/MALARIA_CONF_CASES,dcid:country/BGD,2005,48121.0
dcs:who/MALARIA_CONF_CASES,dcid:country/BGD,2020,6130.0
dcs:who/MALARIA_CONF_CASES,dcid:country/BGD,2003,54654.0
dcs:who/MALARIA_CONF_CASES,dcid:country/BGD,2012,29518.0
dcs:who/MALARIA_CONF_CASES,dcid:country/BGD,2002,62269.0
dcs:who/MALARIA_CONF_CASES,dcid:country/BGD,2013,26891.0
dcs:who/MALARIA_CONF_CASES,dcid:country/BGD,2001,54216.0
dcs:who/MALARIA_CONF_CASES,dcid:country/BGD,2004,58894.0
dcs:who/MALARIA_CONF_CASES,dcid:country/BGD,2014,57480.0
dcs:who/MALARIA_CONF_CASES,dcid:country/BGD,2011,51773.0
dcs:who/MALARIA_CONF_CASES,dcid:country/BGD,2021,7294.0
dcs:who/MALARIA_CONF_CASES,dcid:country/BGD,2010,55873.0
dcs:who/MALARIA_CONF_CASES,dcid:country/BGD,2008,84690.0
dcs:who/MALARIA_CONF_CASES,dcid:country/BGD,2018,10523.0
dcs:who/MALARIA_CONF_CASES,dcid:country/BGD,2019,17225.0
dcs:who/MALARIA_CONF_CASES,dcid:country/BGD,2000,54223.0
dcs:who/MALARIA_CONF_CASES,dcid:country/BGD,2016,27737.0
dcs:who/MALARIA_CONF_CASES,dcid:country/BGD,2006,32857.0
dcs:who/MALARIA_CONF_CASES,dcid:country/BGD,2009,63873.0
dcs:who/MALARIA_CONF_CASES,dcid:country/BLZ,2020,0.0
dcs:who/MALARIA_CONF_CASES,dcid:country/BLZ,2010,150.0
dcs:who/MALARIA_CONF_CASES,dcid:country/BLZ,2000,1486.0
dcs:who/MALARIA_CONF_CASES,dcid:country/BLZ,2002,1134.0
dcs:who/MALARIA_CONF_CASES,dcid:country/BLZ,2004,1066.0
dcs:who/MALARIA_CONF_CASES,dcid:country/BLZ,2012,37.0
dcs:who/MALARIA_CONF_CASES,dcid:country/BLZ,2001,1162.0
dcs:who/MALARIA_CONF_CASES,dcid:country/BLZ,2006,844.0
dcs:who/MALARIA_CONF_CASES,dcid:country/BLZ,2011,79.0
dcs:who/MALARIA_CONF_CASES,dcid:country/BLZ,2016,5.0
dcs:who/MALARIA_CONF_CASES,dcid:country/BLZ,2018,7.0
dcs:who/MALARIA_CONF_CASES,dcid:country/BLZ,2021,0.0
dcs:who/MALARIA_CONF_CASES,dcid:country/BLZ,2008,540.0
dcs:who/MALARIA_CONF_CASES,dcid:country/BLZ,2015,13.0
dcs:who/MALARIA_CONF_CASES,dcid:country/BLZ,2005,1549.0
dcs:who/MALARIA_CONF_CASES,dcid:country/BLZ,2009,256.0
dcs:who/MALARIA_CONF_CASES,dcid:country/BLZ,2013,26.0
dcs:who/MALARIA_CONF_CASES,dcid:country/BLZ,2003,1324.0
dcs:who/MALARIA_CONF_CASES,dcid:country/BLZ,2019,2.0
dcs:who/MALARIA_CONF_CASES,dcid:country/BLZ,2007,845.0
dcs:who/MALARIA_CONF_CASES,dcid:country/BLZ,2014,19.0
dcs:who/MALARIA_CONF_CASES,dcid:country/BLZ,2017,9.0
dcs:who/MALARIA_CONF_CASES,dcid:country/BOL,2002,14276.0
dcs:who/MALARIA_CONF_CASES,dcid:country/BOL,2012,7415.0
dcs:who/MALARIA_CONF_CASES,dcid:country/BOL,2001,15765.0
dcs:who/MALARIA_CONF_CASES,dcid:country/BOL,2020,12187.0
dcs:who/MALARIA_CONF_CASES,dcid:country/BOL,2011,7143.0
dcs:who/MALARIA_CONF_CASES,dcid:country/BOL,2015,6907.0
dcs:who/MALARIA_CONF_CASES,dcid:country/BOL,2021,9959.0
dcs:who/MALARIA_CONF_CASES,dcid:country/BOL,2000,31469.0
dcs:who/MALARIA_CONF_CASES,dcid:country/BOL,2010,13769.0
dcs:who/MALARIA_CONF_CASES,dcid:country/BOL,2005,20142.0
dcs:who/MALARIA_CONF_CASES,dcid:country/BOL,2004,14910.0
dcs:who/MALARIA_CONF_CASES,dcid:country/BOL,2014,7401.0
dcs:who/MALARIA_CONF_CASES,dcid:country/BOL,2007,14610.0
dcs:who/MALARIA_CONF_CASES,dcid:country/BOL,2017,4587.0
dcs:who/MALARIA_CONF_CASES,dcid:country/BOL,2008,9748.0
dcs:who/MALARIA_CONF_CASES,dcid:country/BOL,2018,5354.0
dcs:who/MALARIA_CONF_CASES,dcid:country/BOL,2003,20343.0
dcs:who/MALARIA_CONF_CASES,dcid:country/BOL,2013,7342.0
dcs:who/MALARIA_CONF_CASES,dcid:country/BOL,2009,9743.0
dcs:who/MALARIA_CONF_CASES,dcid:country/BOL,2019,9357.0
dcs:who/MALARIA_CONF_CASES,dcid:country/BOL,2006,18995.0
dcs:who/MALARIA_CONF_CASES,dcid:country/BOL,2016,5553.0
dcs:who/MALARIA_CONF_CASES,dcid:country/BRA,2018,244042.0
dcs:who/MALARIA_CONF_CASES,dcid:country/BRA,2011,267146.0
dcs:who/MALARIA_CONF_CASES,dcid:country/BRA,2008,315746.0
dcs:who/MALARIA_CONF_CASES,dcid:country/BRA,2006,549469.0
dcs:who/MALARIA_CONF_CASES,dcid:country/BRA,2016,152160.0
dcs:who/MALARIA_CONF_CASES,dcid:country/BRA,2019,190740.0
dcs:who/MALARIA_CONF_CASES,dcid:country/BRA,2009,309316.0
dcs:who/MALARIA_CONF_CASES,dcid:country/BRA,2021,163585.0
dcs:who/MALARIA_CONF_CASES,dcid:country/BRA,2001,388303.0
dcs:who/MALARIA_CONF_CASES,dcid:country/BRA,2014,162929.0
dcs:who/MALARIA_CONF_CASES,dcid:country/BRA,2004,465004.0
dcs:who/MALARIA_CONF_CASES,dcid:country/BRA,2007,458652.0
dcs:who/MALARIA_CONF_CASES,dcid:country/BRA,2012,242758.0
dcs:who/MALARIA_CONF_CASES,dcid:country/BRA,2017,238517.0
dcs:who/MALARIA_CONF_CASES,dcid:country/BRA,2003,408886.0
dcs:who/MALARIA_CONF_CASES,dcid:country/BRA,2013,206206.0
dcs:who/MALARIA_CONF_CASES,dcid:country/BRA,2020,172401.0
dcs:who/MALARIA_CONF_CASES,dcid:country/BRA,2000,613241.0
dcs:who/MALARIA_CONF_CASES,dcid:country/BRA,2005,606067.0
dcs:who/MALARIA_CONF_CASES,dcid:country/BRA,2015,169390.0
dcs:who/MALARIA_CONF_CASES,dcid:country/BRA,2002,348259.0
dcs:who/MALARIA_CONF_CASES,dcid:country/BRA,2010,334668.0
dcs:who/MALARIA_CONF_CASES,dcid:country/BTN,2011,194.0
dcs:who/MALARIA_CONF_CASES,dcid:country/BTN,2008,329.0
dcs:who/MALARIA_CONF_CASES,dcid:country/BTN,2018,54.0
dcs:who/MALARIA_CONF_CASES,dcid:country/BTN,2001,5982.0
dcs:who/MALARIA_CONF_CASES,dcid:country/BTN,2004,2670.0
dcs:who/MALARIA_CONF_CASES,dcid:country/BTN,2014,48.0
dcs:who/MALARIA_CONF_CASES,dcid:country/BTN,2010,436.0
dcs:who/MALARIA_CONF_CASES,dcid:country/BTN,2015,104.0
dcs:who/MALARIA_CONF_CASES,dcid:country/BTN,2021,23.0
dcs:who/MALARIA_CONF_CASES,dcid:country/BTN,2005,1825.0
dcs:who/MALARIA_CONF_CASES,dcid:country/BTN,2000,5935.0
dcs:who/MALARIA_CONF_CASES,dcid:country/BTN,2016,74.0
dcs:who/MALARIA_CONF_CASES,dcid:country/BTN,2006,1868.0
dcs:who/MALARIA_CONF_CASES,dcid:country/BTN,2019,42.0
dcs:who/MALARIA_CONF_CASES,dcid:country/BTN,2009,1057.0
dcs:who/MALARIA_CONF_CASES,dcid:country/BTN,2017,51.0
dcs:who/MALARIA_CONF_CASES,dcid:country/BTN,2007,793.0
dcs:who/MALARIA_CONF_CASES,dcid:country/BTN,2020,54.0
dcs:who/MALARIA_CONF_CASES,dcid:country/BTN,2012,82.0
dcs:who/MALARIA_CONF_CASES,dcid:country/BTN,2002,6511.0
dcs:who/MALARIA_CONF_CASES,dcid:country/BTN,2013,45.0
dcs:who/MALARIA_CONF_CASES,dcid:country/BTN,2003,3806.0
dcs:who/MALARIA_CONF_CASES,dcid:country/BWA,2001,3720.0
dcs:who/MALARIA_CONF_CASES,dcid:country/BWA,2011,432.0
dcs:who/MALARIA_CONF_CASES,dcid:country/BWA,2016,723.0
dcs:who/MALARIA_CONF_CASES,dcid:country/BWA,2006,2548.0
dcs:who/MALARIA_CONF_CASES,dcid:country/BWA,2020,953.0
dcs:who/MALARIA_CONF_CASES,dcid:country/BWA,2015,332.0
dcs:who/MALARIA_CONF_CASES,dcid:country/BWA,2005,670.0
dcs:who/MALARIA_CONF_CASES,dcid:country/BWA,2018,585.0
dcs:who/MALARIA_CONF_CASES,dcid:country/BWA,2014,1346.0
dcs:who/MALARIA_CONF_CASES,dcid:country/BWA,2004,198.0
dcs:who/MALARIA_CONF_CASES,dcid:country/BWA,2000,10510.0
dcs:who/MALARIA_CONF_CASES,dcid:country/BWA,2008,927.0
dcs:who/MALARIA_CONF_CASES,dcid:country/BWA,2021,729.0
dcs:who/MALARIA_CONF_CASES,dcid:country/BWA,2010,1046.0
dcs:who/MALARIA_CONF_CASES,dcid:country/BWA,2003,591.0
dcs:who/MALARIA_CONF_CASES,dcid:country/BWA,2012,193.0
dcs:who/MALARIA_CONF_CASES,dcid:country/BWA,2002,1640.0
dcs:who/MALARIA_CONF_CASES,dcid:country/BWA,2009,1024.0
dcs:who/MALARIA_CONF_CASES,dcid:country/BWA,2007,390.0
dcs:who/MALARIA_CONF_CASES,dcid:country/BWA,2013,456.0
dcs:who/MALARIA_CONF_CASES,dcid:country/BWA,2017,1909.0
dcs:who/MALARIA_CONF_CASES,dcid:country/BWA,2019,272.0
dcs:who/MALARIA_CONF_CASES,dcid:country/CAF,2013,163701.0
dcs:who/MALARIA_CONF_CASES,dcid:country/CAF,2017,411913.0
dcs:who/MALARIA_CONF_CASES,dcid:country/CAF,2003,37896.0
dcs:who/MALARIA_CONF_CASES,dcid:country/CAF,2019,2416960.0
dcs:who/MALARIA_CONF_CASES,dcid:country/CAF,2015,598833.0
dcs:who/MALARIA_CONF_CASES,dcid:country/CAF,2000,33411.0
dcs:who/MALARIA_CONF_CASES,dcid:country/CAF,2005,45973.0
dcs:who/MALARIA_CONF_CASES,dcid:country/CAF,2002,43093.0
dcs:who/MALARIA_CONF_CASES,dcid:country/CAF,2012,87566.0
dcs:who/MALARIA_CONF_CASES,dcid:country/CAF,2020,1740970.0
dcs:who/MALARIA_CONF_CASES,dcid:country/CAF,2018,972119.0
dcs:who/MALARIA_CONF_CASES,dcid:country/CAF,2004,46869.0
dcs:who/MALARIA_CONF_CASES,dcid:country/CAF,2014,295088.0
dcs:who/MALARIA_CONF_CASES,dcid:country/CAF,2021,2002149.0
dcs:who/MALARIA_CONF_CASES,dcid:country/CAF,2016,1239317.0
dcs:who/MALARIA_CONF_CASES,dcid:country/CAF,2001,39164.0
dcs:who/MALARIA_CONF_CASES,dcid:country/CHN,2008,16650.0
dcs:who/MALARIA_CONF_CASES,dcid:country/CHN,2019,2482.0
dcs:who/MALARIA_CONF_CASES,dcid:country/CHN,2018,2511.0
dcs:who/MALARIA_CONF_CASES,dcid:country/CHN,2016,3151.0
dcs:who/MALARIA_CONF_CASES,dcid:country/CHN,2009,9287.0
dcs:who/MALARIA_CONF_CASES,dcid:country/CHN,2004,27197.0
dcs:who/MALARIA_CONF_CASES,dcid:country/CHN,2014,3080.0
dcs:who/MALARIA_CONF_CASES,dcid:country/CHN,2006,35383.0
dcs:who/MALARIA_CONF_CASES,dcid:country/CHN,2017,2666.0
dcs:who/MALARIA_CONF_CASES,dcid:country/CHN,2007,29304.0
dcs:who/MALARIA_CONF_CASES,dcid:country/CHN,2003,28491.0
dcs:who/MALARIA_CONF_CASES,dcid:country/CHN,2013,4205.0
dcs:who/MALARIA_CONF_CASES,dcid:country/CHN,2010,7108.0
dcs:who/MALARIA_CONF_CASES,dcid:country/CHN,2000,8025.0
dcs:who/MALARIA_CONF_CASES,dcid:country/CHN,2020,1051.0
dcs:who/MALARIA_CONF_CASES,dcid:country/CHN,2001,21237.0
dcs:who/MALARIA_CONF_CASES,dcid:country/CHN,2011,3367.0
dcs:who/MALARIA_CONF_CASES,dcid:country/CHN,2005,21936.0
dcs:who/MALARIA_CONF_CASES,dcid:country/CHN,2015,3251.0
dcs:who/MALARIA_CONF_CASES,dcid:country/CHN,2002,25520.0
dcs:who/MALARIA_CONF_CASES,dcid:country/CHN,2012,2603.0
dcs:who/MALARIA_CONF_CASES,dcid:country/CIV,2014,3712831.0
dcs:who/MALARIA_CONF_CASES,dcid:country/CIV,2009,7388.0
dcs:who/MALARIA_CONF_CASES,dcid:country/CIV,2019,5935178.0
dcs:who/MALARIA_CONF_CASES,dcid:country/CIV,2017,4034781.0
dcs:who/MALARIA_CONF_CASES,dcid:country/CIV,2003,1585.0
dcs:who/MALARIA_CONF_CASES,dcid:country/CIV,2013,2524326.0
dcs:who/MALARIA_CONF_CASES,dcid:country/CIV,2010,62726.0
dcs:who/MALARIA_CONF_CASES,dcid:country/CIV,2015,3375904.0
dcs:who/MALARIA_CONF_CASES,dcid:country/CIV,2020,4980640.0
dcs:who/MALARIA_CONF_CASES,dcid:country/CIV,2005,67.0
dcs:who/MALARIA_CONF_CASES,dcid:country/CIV,2002,7628.0
dcs:who/MALARIA_CONF_CASES,dcid:country/CIV,2021,7295068.0
dcs:who/MALARIA_CONF_CASES,dcid:country/CIV,2000,15705.0
dcs:who/MALARIA_CONF_CASES,dcid:country/CIV,2016,3754504.0
dcs:who/MALARIA_CONF_CASES,dcid:country/CIV,2018,4766477.0
dcs:who/MALARIA_CONF_CASES,dcid:country/CIV,2012,1140627.0
dcs:who/MALARIA_CONF_CASES,dcid:country/CIV,2001,11936.0
dcs:who/MALARIA_CONF_CASES,dcid:country/CIV,2011,29976.0
dcs:who/MALARIA_CONF_CASES,dcid:country/CIV,2008,3527.0
dcs:who/MALARIA_CONF_CASES,dcid:country/CIV,2004,293.0
dcs:who/MALARIA_CONF_CASES,dcid:country/CMR,2012,66656.0
dcs:who/MALARIA_CONF_CASES,dcid:country/CMR,2021,3335174.0
dcs:who/MALARIA_CONF_CASES,dcid:country/CMR,2018,2257633.0
dcs:who/MALARIA_CONF_CASES,dcid:country/CMR,2015,1193281.0
dcs:who/MALARIA_CONF_CASES,dcid:country/CMR,2011,17874.0
dcs:who/MALARIA_CONF_CASES,dcid:country/CMR,2020,2890193.0
dcs:who/MALARIA_CONF_CASES,dcid:country/CMR,2019,2819803.0
dcs:who/MALARIA_CONF_CASES,dcid:country/CMR,2016,2476153.0
dcs:who/MALARIA_CONF_CASES,dcid:country/CMR,2017,2244788.0
dcs:who/MALARIA_CONF_CASES,dcid:country/CMR,2013,42581.0
dcs:who/MALARIA_CONF_CASES,dcid:country/COD,2017,16793002.0
dcs:who/MALARIA_CONF_CASES,dcid:country/COD,2007,740858.0
dcs:who/MALARIA_CONF_CASES,dcid:country/COD,2009,1879694.0
dcs:who/MALARIA_CONF_CASES,dcid:country/COD,2018,16972207.0
dcs:who/MALARIA_CONF_CASES,dcid:country/COD,2008,1618218.0
dcs:who/MALARIA_CONF_CASES,dcid:country/COD,2004,2684.0
dcs:who/MALARIA_CONF_CASES,dcid:country/COD,2014,10288519.0
dcs:who/MALARIA_CONF_CASES,dcid:country/COD,2019,21608681.0
dcs:who/MALARIA_CONF_CASES,dcid:country/COD,2013,6719887.0
dcs:who/MALARIA_CONF_CASES,dcid:country/COD,2016,16821130.0
dcs:who/MALARIA_CONF_CASES,dcid:country/COD,2006,2050.0
dcs:who/MALARIA_CONF_CASES,dcid:country/COD,2003,2438.0
dcs:who/MALARIA_CONF_CASES,dcid:country/COD,2012,4791598.0
dcs:who/MALARIA_CONF_CASES,dcid:country/COD,2005,2971.0
dcs:who/MALARIA_CONF_CASES,dcid:country/COD,2002,1735.0
dcs:who/MALARIA_CONF_CASES,dcid:country/COD,2015,12538805.0
dcs:who/MALARIA_CONF_CASES,dcid:country/COD,2020,22590647.0
dcs:who/MALARIA_CONF_CASES,dcid:country/COD,2000,897.0
dcs:who/MALARIA_CONF_CASES,dcid:country/COD,2010,2417780.0
dcs:who/MALARIA_CONF_CASES,dcid:country/COD,2021,23249165.0
dcs:who/MALARIA_CONF_CASES,dcid:country/COD,2011,4561981.0
dcs:who/MALARIA_CONF_CASES,dcid:country/COD,2001,1531.0
dcs:who/MALARIA_CONF_CASES,dcid:country/COG,2015,51529.0
dcs:who/MALARIA_CONF_CASES,dcid:country/COG,2021,189616.0
dcs:who/MALARIA_CONF_CASES,dcid:country/COG,2016,171847.0
dcs:who/MALARIA_CONF_CASES,dcid:country/COG,2020,91538.0
dcs:who/MALARIA_CONF_CASES,dcid:country/COG,2018,116903.0
dcs:who/MALARIA_CONF_CASES,dcid:country/COG,2008,117291.0
dcs:who/MALARIA_CONF_CASES,dcid:country/COG,2014,66323.0
dcs:who/MALARIA_CONF_CASES,dcid:country/COG,2011,37744.0
dcs:who/MALARIA_CONF_CASES,dcid:country/COG,2019,117837.0
dcs:who/MALARIA_CONF_CASES,dcid:country/COG,2009,92855.0
dcs:who/MALARIA_CONF_CASES,dcid:country/COG,2012,120319.0
dcs:who/MALARIA_CONF_CASES,dcid:country/COG,2007,103213.0
dcs:who/MALARIA_CONF_CASES,dcid:country/COG,2017,127939.0
dcs:who/MALARIA_CONF_CASES,dcid:country/COG,2013,43232.0
dcs:who/MALARIA_CONF_CASES,dcid:country/COL,2007,125262.0
dcs:who/MALARIA_CONF_CASES,dcid:country/COL,2017,54102.0
dcs:who/MALARIA_CONF_CASES,dcid:country/COL,2012,60179.0
dcs:who/MALARIA_CONF_CASES,dcid:country/COL,2020,76236.0
dcs:who/MALARIA_CONF_CASES,dcid:country/COL,2002,204916.0
dcs:who/MALARIA_CONF_CASES,dcid:country/COL,2003,180956.0
dcs:who/MALARIA_CONF_CASES,dcid:country/COL,2013,51722.0
dcs:who/MALARIA_CONF_CASES,dcid:country/COL,2011,64436.0
dcs:who/MALARIA_CONF_CASES,dcid:country/COL,2001,231233.0
dcs:who/MALARIA_CONF_CASES,dcid:country/COL,2021,73979.0
dcs:who/MALARIA_CONF_CASES,dcid:country/COL,2014,40768.0
dcs:who/MALARIA_CONF_CASES,dcid:country/COL,2004,142241.0
dcs:who/MALARIA_CONF_CASES,dcid:country/COL,2010,117650.0
dcs:who/MALARIA_CONF_CASES,dcid:country/COL,2000,144432.0
dcs:who/MALARIA_CONF_CASES,dcid:country/COL,2016,83227.0
dcs:who/MALARIA_CONF_CASES,dcid:country/COL,2006,120096.0
dcs:who/MALARIA_CONF_CASES,dcid:country/COL,2009,79347.0
dcs:who/MALARIA_CONF_CASES,dcid:country/COL,2018,63143.0
dcs:who/MALARIA_CONF_CASES,dcid:country/COL,2008,79230.0
dcs:who/MALARIA_CONF_CASES,dcid:country/COL,2015,55866.0
dcs:who/MALARIA_CONF_CASES,dcid:country/COL,2019,80415.0
dcs:who/MALARIA_CONF_CASES,dcid:country/COL,2005,121629.0
dcs:who/MALARIA_CONF_CASES,dcid:country/COM,2011,24856.0
dcs:who/MALARIA_CONF_CASES,dcid:country/COM,2001,879032.0
dcs:who/MALARIA_CONF_CASES,dcid:country/COM,2004,12874.0
dcs:who/MALARIA_CONF_CASES,dcid:country/COM,2014,2203.0
dcs:who/MALARIA_CONF_CASES,dcid:country/COM,2017,3896.0
dcs:who/MALARIA_CONF_CASES,dcid:country/COM,2013,53156.0
dcs:who/MALARIA_CONF_CASES,dcid:country/COM,2003,867398.0
dcs:who/MALARIA_CONF_CASES,dcid:country/COM,2019,17697.0
dcs:who/MALARIA_CONF_CASES,dcid:country/COM,2009,5982.0
dcs:who/MALARIA_CONF_CASES,dcid:country/COM,2018,15613.0
dcs:who/MALARIA_CONF_CASES,dcid:country/COM,2016,1467.0
dcs:who/MALARIA_CONF_CASES,dcid:country/COM,2006,20559.0
dcs:who/MALARIA_CONF_CASES,dcid:country/COM,2002,1104310.0
dcs:who/MALARIA_CONF_CASES,dcid:country/COM,2012,49840.0
dcs:who/MALARIA_CONF_CASES,dcid:country/COM,2010,36538.0
dcs:who/MALARIA_CONF_CASES,dcid:country/COM,2020,4546.0
dcs:who/MALARIA_CONF_CASES,dcid:country/COM,2000,801784.0
dcs:who/MALARIA_CONF_CASES,dcid:country/COM,2005,6086.0
dcs:who/MALARIA_CONF_CASES,dcid:country/COM,2015,1884.0
dcs:who/MALARIA_CONF_CASES,dcid:country/COM,2021,10547.0
dcs:who/MALARIA_CONF_CASES,dcid:country/CPV,2007,18.0
dcs:who/MALARIA_CONF_CASES,dcid:country/CPV,2017,446.0
dcs:who/MALARIA_CONF_CASES,dcid:country/CPV,2003,68.0
dcs:who/MALARIA_CONF_CASES,dcid:country/CPV,2002,76.0
dcs:who/MALARIA_CONF_CASES,dcid:country/CPV,2013,46.0
dcs:who/MALARIA_CONF_CASES,dcid:country/CPV,2012,36.0
dcs:who/MALARIA_CONF_CASES,dcid:country/CPV,2019,40.0
dcs:who/MALARIA_CONF_CASES,dcid:country/CPV,2009,65.0
dcs:who/MALARIA_CONF_CASES,dcid:country/CPV,2001,107.0
dcs:who/MALARIA_CONF_CASES,dcid:country/CPV,2015,27.0
dcs:who/MALARIA_CONF_CASES,dcid:country/CPV,2005,68.0
dcs:who/MALARIA_CONF_CASES,dcid:country/CPV,2011,36.0
dcs:who/MALARIA_CONF_CASES,dcid:country/CPV,2006,80.0
dcs:who/MALARIA_CONF_CASES,dcid:country/CPV,2020,10.0
dcs:who/MALARIA_CONF_CASES,dcid:country/CPV,2000,144.0
dcs:who/MALARIA_CONF_CASES,dcid:country/CPV,2016,77.0
dcs:who/MALARIA_CONF_CASES,dcid:country/CPV,2010,47.0
dcs:who/MALARIA_CONF_CASES,dcid:country/CPV,2021,21.0
dcs:who/MALARIA_CONF_CASES,dcid:country/CPV,2008,35.0
dcs:who/MALARIA_CONF_CASES,dcid:country/CPV,2014,46.0
dcs:who/MALARIA_CONF_CASES,dcid:country/CPV,2004,45.0
dcs:who/MALARIA_CONF_CASES,dcid:country/CPV,2018,21.0
dcs:who/MALARIA_CONF_CASES,dcid:country/CRI,2014,6.0
dcs:who/MALARIA_CONF_CASES,dcid:country/CRI,2004,1289.0
dcs:who/MALARIA_CONF_CASES,dcid:country/CRI,2007,1223.0
dcs:who/MALARIA_CONF_CASES,dcid:country/CRI,2006,2903.0
dcs:who/MALARIA_CONF_CASES,dcid:country/CRI,2001,1363.0
dcs:who/MALARIA_CONF_CASES,dcid:country/CRI,2011,17.0
dcs:who/MALARIA_CONF_CASES,dcid:country/CRI,2016,13.0
dcs:who/MALARIA_CONF_CASES,dcid:country/CRI,2017,25.0
dcs:who/MALARIA_CONF_CASES,dcid:country/CRI,2019,149.0
dcs:who/MALARIA_CONF_CASES,dcid:country/CRI,2009,262.0
dcs:who/MALARIA_CONF_CASES,dcid:country/CRI,2008,966.0
dcs:who/MALARIA_CONF_CASES,dcid:country/CRI,2018,152.0
dcs:who/MALARIA_CONF_CASES,dcid:country/CRI,2002,1021.0
dcs:who/MALARIA_CONF_CASES,dcid:country/CRI,2012,8.0
dcs:who/MALARIA_CONF_CASES,dcid:country/CRI,2003,718.0
dcs:who/MALARIA_CONF_CASES,dcid:country/CRI,2005,3541.0
dcs:who/MALARIA_CONF_CASES,dcid:country/CRI,2013,6.0
dcs:who/MALARIA_CONF_CASES,dcid:country/CRI,2000,1879.0
dcs:who/MALARIA_CONF_CASES,dcid:country/CRI,2021,232.0
dcs:who/MALARIA_CONF_CASES,dcid:country/CRI,2010,137.0
dcs:who/MALARIA_CONF_CASES,dcid:country/CRI,2015,8.0
dcs:who/MALARIA_CONF_CASES,dcid:country/CRI,2020,141.0
dcs:who/MALARIA_CONF_CASES,dcid:country/DJI,2008,119.0
dcs:who/MALARIA_CONF_CASES,dcid:country/DJI,2010,1010.0
dcs:who/MALARIA_CONF_CASES,dcid:country/DJI,2020,73535.0
dcs:who/MALARIA_CONF_CASES,dcid:country/DJI,2018,25319.0
dcs:who/MALARIA_CONF_CASES,dcid:country/DJI,2016,13822.0
dcs:who/MALARIA_CONF_CASES,dcid:country/DJI,2021,58916.0
dcs:who/MALARIA_CONF_CASES,dcid:country/DJI,2015,9473.0
dcs:who/MALARIA_CONF_CASES,dcid:country/DJI,2006,1796.0
dcs:who/MALARIA_CONF_CASES,dcid:country/DJI,2005,413.0
dcs:who/MALARIA_CONF_CASES,dcid:country/DJI,2014,9439.0
dcs:who/MALARIA_CONF_CASES,dcid:country/DJI,2004,122.0
dcs:who/MALARIA_CONF_CASES,dcid:country/DJI,2003,5036.0
dcs:who/MALARIA_CONF_CASES,dcid:country/DJI,2013,1684.0
dcs:who/MALARIA_CONF_CASES,dcid:country/DJI,2009,2686.0
dcs:who/MALARIA_CONF_CASES,dcid:country/DJI,2019,49402.0
dcs:who/MALARIA_CONF_CASES,dcid:country/DJI,2012,25.0
dcs:who/MALARIA_CONF_CASES,dcid:country/DJI,2007,210.0
dcs:who/MALARIA_CONF_CASES,dcid:country/DJI,2017,14810.0
dcs:who/MALARIA_CONF_CASES,dcid:country/DOM,2011,1616.0
dcs:who/MALARIA_CONF_CASES,dcid:country/DOM,2008,1840.0
dcs:who/MALARIA_CONF_CASES,dcid:country/DOM,2001,1038.0
dcs:who/MALARIA_CONF_CASES,dcid:country/DOM,2018,484.0
dcs:who/MALARIA_CONF_CASES,dcid:country/DOM,2004,2355.0
dcs:who/MALARIA_CONF_CASES,dcid:country/DOM,2014,496.0
dcs:who/MALARIA_CONF_CASES,dcid:country/DOM,2017,398.0
dcs:who/MALARIA_CONF_CASES,dcid:country/DOM,2007,2711.0
dcs:who/MALARIA_CONF_CASES,dcid:country/DOM,2009,1643.0
dcs:who/MALARIA_CONF_CASES,dcid:country/DOM,2019,1314.0
dcs:who/MALARIA_CONF_CASES,dcid:country/DOM,2006,3525.0
dcs:who/MALARIA_CONF_CASES,dcid:country/DOM,2016,755.0
dcs:who/MALARIA_CONF_CASES,dcid:country/DOM,2002,1296.0
dcs:who/MALARIA_CONF_CASES,dcid:country/DOM,2012,952.0
dcs:who/MALARIA_CONF_CASES,dcid:country/DOM,2013,579.0
dcs:who/MALARIA_CONF_CASES,dcid:country/DOM,2003,1529.0
dcs:who/MALARIA_CONF_CASES,dcid:country/DOM,2020,829.0
dcs:who/MALARIA_CONF_CASES,dcid:country/DOM,2005,3837.0
dcs:who/MALARIA_CONF_CASES,dcid:country/DOM,2015,661.0
dcs:who/MALARIA_CONF_CASES,dcid:country/DOM,2000,1233.0
dcs:who/MALARIA_CONF_CASES,dcid:country/DOM,2021,291.0
dcs:who/MALARIA_CONF_CASES,dcid:country/DOM,2010,2482.0
dcs:who/MALARIA_CONF_CASES,dcid:country/DZA,2014,266.0
dcs:who/MALARIA_CONF_CASES,dcid:country/DZA,2017,453.0
dcs:who/MALARIA_CONF_CASES,dcid:country/DZA,2007,288.0
dcs:who/MALARIA_CONF_CASES,dcid:country/DZA,2004,163.0
dcs:who/MALARIA_CONF_CASES,dcid:country/DZA,2008,196.0
dcs:who/MALARIA_CONF_CASES,dcid:country/DZA,2018,1242.0
dcs:who/MALARIA_CONF_CASES,dcid:country/DZA,2003,427.0
dcs:who/MALARIA_CONF_CASES,dcid:country/DZA,2016,432.0
dcs:who/MALARIA_CONF_CASES,dcid:country/DZA,2019,1014.0
dcs:who/MALARIA_CONF_CASES,dcid:country/DZA,2013,603.0
dcs:who/MALARIA_CONF_CASES,dcid:country/DZA,2009,94.0
dcs:who/MALARIA_CONF_CASES,dcid:country/DZA,2006,117.0
dcs:who/MALARIA_CONF_CASES,dcid:country/DZA,2002,307.0
dcs:who/MALARIA_CONF_CASES,dcid:country/DZA,2012,887.0
dcs:who/MALARIA_CONF_CASES,dcid:country/DZA,2020,2726.0
dcs:who/MALARIA_CONF_CASES,dcid:country/DZA,2011,191.0
dcs:who/MALARIA_CONF_CASES,dcid:country/DZA,2001,435.0
dcs:who/MALARIA_CONF_CASES,dcid:country/DZA,2010,408.0
dcs:who/MALARIA_CONF_CASES,dcid:country/DZA,2021,1164.0
dcs:who/MALARIA_CONF_CASES,dcid:country/DZA,2015,747.0
dcs:who/MALARIA_CONF_CASES,dcid:country/DZA,2000,541.0
dcs:who/MALARIA_CONF_CASES,dcid:country/DZA,2005,299.0
dcs:who/MALARIA_CONF_CASES,dcid:country/ECU,2014,242.0
dcs:who/MALARIA_CONF_CASES,dcid:country/ECU,2004,28730.0
dcs:who/MALARIA_CONF_CASES,dcid:country/ECU,2012,560.0
dcs:who/MALARIA_CONF_CASES,dcid:country/ECU,2020,2089.0
dcs:who/MALARIA_CONF_CASES,dcid:country/ECU,2005,17050.0
dcs:who/MALARIA_CONF_CASES,dcid:country/ECU,2015,686.0
dcs:who/MALARIA_CONF_CASES,dcid:country/ECU,2000,104528.0
dcs:who/MALARIA_CONF_CASES,dcid:country/ECU,2016,1424.0
dcs:who/MALARIA_CONF_CASES,dcid:country/ECU,2011,1233.0
dcs:who/MALARIA_CONF_CASES,dcid:country/ECU,2001,108903.0
dcs:who/MALARIA_CONF_CASES,dcid:country/ECU,2006,9863.0
dcs:who/MALARIA_CONF_CASES,dcid:country/ECU,2010,1888.0
dcs:who/MALARIA_CONF_CASES,dcid:country/ECU,2008,4891.0
dcs:who/MALARIA_CONF_CASES,dcid:country/ECU,2018,1806.0
dcs:who/MALARIA_CONF_CASES,dcid:country/ECU,2021,2436.0
dcs:who/MALARIA_CONF_CASES,dcid:country/ECU,2009,4126.0
dcs:who/MALARIA_CONF_CASES,dcid:country/ECU,2007,8194.0
dcs:who/MALARIA_CONF_CASES,dcid:country/ECU,2019,1909.0
dcs:who/MALARIA_CONF_CASES,dcid:country/ECU,2002,86757.0
dcs:who/MALARIA_CONF_CASES,dcid:country/ECU,2013,378.0
dcs:who/MALARIA_CONF_CASES,dcid:country/ECU,2003,52065.0
dcs:who/MALARIA_CONF_CASES,dcid:country/ECU,2017,1380.0
dcs:who/MALARIA_CONF_CASES,dcid:country/ERI,2021,43463.0
dcs:who/MALARIA_CONF_CASES,dcid:country/ERI,2011,34848.0
dcs:who/MALARIA_CONF_CASES,dcid:country/ERI,2001,9716.0
dcs:who/MALARIA_CONF_CASES,dcid:country/ERI,2005,9073.0
dcs:who/MALARIA_CONF_CASES,dcid:country/ERI,2015,28036.0
dcs:who/MALARIA_CONF_CASES,dcid:country/ERI,2020,74041.0
dcs:who/MALARIA_CONF_CASES,dcid:country/ERI,2002,6078.0
dcs:who/MALARIA_CONF_CASES,dcid:country/ERI,2010,35982.0
dcs:who/MALARIA_CONF_CASES,dcid:country/ERI,2012,21815.0
dcs:who/MALARIA_CONF_CASES,dcid:country/ERI,2004,4119.0
dcs:who/MALARIA_CONF_CASES,dcid:country/ERI,2014,50534.0
dcs:who/MALARIA_CONF_CASES,dcid:country/ERI,2016,24251.0
dcs:who/MALARIA_CONF_CASES,dcid:country/ERI,2018,46440.0
dcs:who/MALARIA_CONF_CASES,dcid:country/ERI,2006,6541.0
dcs:who/MALARIA_CONF_CASES,dcid:country/ERI,2008,8764.0
dcs:who/MALARIA_CONF_CASES,dcid:country/ERI,2003,10346.0
dcs:who/MALARIA_CONF_CASES,dcid:country/ERI,2009,11759.0
dcs:who/MALARIA_CONF_CASES,dcid:country/ERI,2013,21317.0
dcs:who/MALARIA_CONF_CASES,dcid:country/ERI,2019,93878.0
dcs:who/MALARIA_CONF_CASES,dcid:country/ERI,2007,15565.0
dcs:who/MALARIA_CONF_CASES,dcid:country/ERI,2017,54005.0
dcs:who/MALARIA_CONF_CASES,dcid:country/ETH,2012,1692578.0
dcs:who/MALARIA_CONF_CASES,dcid:country/ETH,2020,1743755.0
dcs:who/MALARIA_CONF_CASES,dcid:country/ETH,2002,427795.0
dcs:who/MALARIA_CONF_CASES,dcid:country/ETH,2015,1867059.0
dcs:who/MALARIA_CONF_CASES,dcid:country/ETH,2005,538942.0
dcs:who/MALARIA_CONF_CASES,dcid:country/ETH,2008,458561.0
dcs:who/MALARIA_CONF_CASES,dcid:country/ETH,2001,392377.0
dcs:who/MALARIA_CONF_CASES,dcid:country/ETH,2021,1397151.0
dcs:who/MALARIA_CONF_CASES,dcid:country/ETH,2011,1480360.0
dcs:who/MALARIA_CONF_CASES,dcid:country/ETH,2010,1196829.0
dcs:who/MALARIA_CONF_CASES,dcid:country/ETH,2017,1530739.0
dcs:who/MALARIA_CONF_CASES,dcid:country/ETH,2007,451816.0
dcs:who/MALARIA_CONF_CASES,dcid:country/ETH,2019,904495.0
dcs:who/MALARIA_CONF_CASES,dcid:country/ETH,2014,2118815.0
dcs:who/MALARIA_CONF_CASES,dcid:country/ETH,2009,1036316.0
dcs:who/MALARIA_CONF_CASES,dcid:country/ETH,2004,578904.0
dcs:who/MALARIA_CONF_CASES,dcid:country/ETH,2018,962087.0
dcs:who/MALARIA_CONF_CASES,dcid:country/ETH,2016,1718504.0
dcs:who/MALARIA_CONF_CASES,dcid:country/ETH,2006,447780.0
dcs:who/MALARIA_CONF_CASES,dcid:country/ETH,2003,463797.0
dcs:who/MALARIA_CONF_CASES,dcid:country/ETH,2013,2645454.0
dcs:who/MALARIA_CONF_CASES,dcid:country/GAB,2021,64957.0
dcs:who/MALARIA_CONF_CASES,dcid:country/GAB,2018,111719.0
dcs:who/MALARIA_CONF_CASES,dcid:country/GAB,2001,53167.0
dcs:who/MALARIA_CONF_CASES,dcid:country/GAB,2008,40701.0
dcs:who/MALARIA_CONF_CASES,dcid:country/GAB,2015,23867.0
dcs:who/MALARIA_CONF_CASES,dcid:country/GAB,2000,50810.0
dcs:who/MALARIA_CONF_CASES,dcid:country/GAB,2005,70644.0
dcs:who/MALARIA_CONF_CASES,dcid:country/GAB,2010,13936.0
dcs:who/MALARIA_CONF_CASES,dcid:country/GAB,2020,53659.0
dcs:who/MALARIA_CONF_CASES,dcid:country/GAB,2014,31900.0
dcs:who/MALARIA_CONF_CASES,dcid:country/GAB,2006,33458.0
dcs:who/MALARIA_CONF_CASES,dcid:country/GAB,2016,23915.0
dcs:who/MALARIA_CONF_CASES,dcid:country/GAB,2004,70075.0
dcs:who/MALARIA_CONF_CASES,dcid:country/GAB,2019,53182.0
dcs:who/MALARIA_CONF_CASES,dcid:country/GAB,2009,660.0
dcs:who/MALARIA_CONF_CASES,dcid:country/GAB,2003,58212.0
dcs:who/MALARIA_CONF_CASES,dcid:country/GAB,2013,28982.0
dcs:who/MALARIA_CONF_CASES,dcid:country/GAB,2012,19753.0
dcs:who/MALARIA_CONF_CASES,dcid:country/GAB,2007,45186.0
dcs:who/MALARIA_CONF_CASES,dcid:country/GAB,2017,35244.0
dcs:who/MALARIA_CONF_CASES,dcid:country/GAB,2002,62976.0
dcs:who/MALARIA_CONF_CASES,dcid:country/GEO,2010,0.0
dcs:who/MALARIA_CONF_CASES,dcid:country/GEO,2000,246.0
dcs:who/MALARIA_CONF_CASES,dcid:country/GEO,2020,4.0
dcs:who/MALARIA_CONF_CASES,dcid:country/GEO,2008,8.0
dcs:who/MALARIA_CONF_CASES,dcid:country/GEO,2018,9.0
dcs:who/MALARIA_CONF_CASES,dcid:country/GEO,2016,7.0
dcs:who/MALARIA_CONF_CASES,dcid:country/GEO,2006,119.0
dcs:who/MALARIA_CONF_CASES,dcid:country/GEO,2015,6.0
dcs:who/MALARIA_CONF_CASES,dcid:country/GEO,2005,156.0
dcs:who/MALARIA_CONF_CASES,dcid:country/GEO,2004,260.0
dcs:who/MALARIA_CONF_CASES,dcid:country/GEO,2014,5.0
dcs:who/MALARIA_CONF_CASES,dcid:country/GEO,2011,6.0
dcs:who/MALARIA_CONF_CASES,dcid:country/GEO,2001,439.0
dcs:who/MALARIA_CONF_CASES,dcid:country/GEO,2003,324.0
dcs:who/MALARIA_CONF_CASES,dcid:country/GEO,2009,7.0
dcs:who/MALARIA_CONF_CASES,dcid:country/GEO,2019,8.0
dcs:who/MALARIA_CONF_CASES,dcid:country/GEO,2002,475.0
dcs:who/MALARIA_CONF_CASES,dcid:country/GEO,2017,9.0
dcs:who/MALARIA_CONF_CASES,dcid:country/GEO,2012,5.0
dcs:who/MALARIA_CONF_CASES,dcid:country/GEO,2007,25.0
dcs:who/MALARIA_CONF_CASES,dcid:country/GEO,2013,7.0
dcs:who/MALARIA_CONF_CASES,dcid:country/GHA,2013,1643642.0
dcs:who/MALARIA_CONF_CASES,dcid:country/GHA,2017,7003155.0
dcs:who/MALARIA_CONF_CASES,dcid:country/GHA,2009,1104370.0
dcs:who/MALARIA_CONF_CASES,dcid:country/GHA,2007,476484.0
dcs:who/MALARIA_CONF_CASES,dcid:country/GHA,2019,6115267.0
dcs:who/MALARIA_CONF_CASES,dcid:country/GHA,2012,3755166.0
dcs:who/MALARIA_CONF_CASES,dcid:country/GHA,2021,5747585.0
dcs:who/MALARIA_CONF_CASES,dcid:country/GHA,2004,475441.0
dcs:who/MALARIA_CONF_CASES,dcid:country/GHA,2014,3415912.0
dcs:who/MALARIA_CONF_CASES,dcid:country/GHA,2020,5172803.0
dcs:who/MALARIA_CONF_CASES,dcid:country/GHA,2005,655093.0
dcs:who/MALARIA_CONF_CASES,dcid:country/GHA,2018,4931454.0
dcs:who/MALARIA_CONF_CASES,dcid:country/GHA,2011,1041260.0
dcs:who/MALARIA_CONF_CASES,dcid:country/GHA,2006,472255.0
dcs:who/MALARIA_CONF_CASES,dcid:country/GHA,2016,5428979.0
dcs:who/MALARIA_CONF_CASES,dcid:country/GHA,2010,1071637.0
dcs:who/MALARIA_CONF_CASES,dcid:country/GHA,2008,1094483.0
dcs:who/MALARIA_CONF_CASES,dcid:country/GHA,2015,5657096.0
dcs:who/MALARIA_CONF_CASES,dcid:country/GIN,2020,2008976.0
dcs:who/MALARIA_CONF_CASES,dcid:country/GIN,2001,6238.0
dcs:who/MALARIA_CONF_CASES,dcid:country/GIN,2011,95574.0
dcs:who/MALARIA_CONF_CASES,dcid:country/GIN,2000,4800.0
dcs:who/MALARIA_CONF_CASES,dcid:country/GIN,2005,50452.0
dcs:who/MALARIA_CONF_CASES,dcid:country/GIN,2015,810979.0
dcs:who/MALARIA_CONF_CASES,dcid:country/GIN,2010,20936.0
dcs:who/MALARIA_CONF_CASES,dcid:country/GIN,2008,33405.0
dcs:who/MALARIA_CONF_CASES,dcid:country/GIN,2018,1214996.0
dcs:who/MALARIA_CONF_CASES,dcid:country/GIN,2016,992146.0
dcs:who/MALARIA_CONF_CASES,dcid:country/GIN,2006,54227.0
dcs:who/MALARIA_CONF_CASES,dcid:country/GIN,2021,2422374.0
dcs:who/MALARIA_CONF_CASES,dcid:country/GIN,2004,103069.0
dcs:who/MALARIA_CONF_CASES,dcid:country/GIN,2014,660207.0
dcs:who/MALARIA_CONF_CASES,dcid:country/GIN,2017,1335323.0
dcs:who/MALARIA_CONF_CASES,dcid:country/GIN,2007,44518.0
dcs:who/MALARIA_CONF_CASES,dcid:country/GIN,2012,340258.0
dcs:who/MALARIA_CONF_CASES,dcid:country/GIN,2002,16561.0
dcs:who/MALARIA_CONF_CASES,dcid:country/GIN,2013,211257.0
dcs:who/MALARIA_CONF_CASES,dcid:country/GIN,2003,107925.0
dcs:who/MALARIA_CONF_CASES,dcid:country/GIN,2009,35841.0
dcs:who/MALARIA_CONF_CASES,dcid:country/GIN,2019,2143225.0
dcs:who/MALARIA_CONF_CASES,dcid:country/GMB,2017,78040.0
dcs:who/MALARIA_CONF_CASES,dcid:country/GMB,2020,75801.0
dcs:who/MALARIA_CONF_CASES,dcid:country/GMB,2012,313469.0
dcs:who/MALARIA_CONF_CASES,dcid:country/GMB,2013,242513.0
dcs:who/MALARIA_CONF_CASES,dcid:country/GMB,2011,268020.0
dcs:who/MALARIA_CONF_CASES,dcid:country/GMB,2014,168256.0
dcs:who/MALARIA_CONF_CASES,dcid:country/GMB,2010,116353.0
dcs:who/MALARIA_CONF_CASES,dcid:country/GMB,2021,77287.0
dcs:who/MALARIA_CONF_CASES,dcid:country/GMB,2016,162739.0
dcs:who/MALARIA_CONF_CASES,dcid:country/GMB,2015,246348.0
dcs:who/MALARIA_CONF_CASES,dcid:country/GMB,2018,87448.0
dcs:who/MALARIA_CONF_CASES,dcid:country/GMB,2019,53386.0
dcs:who/MALARIA_CONF_CASES,dcid:country/GMB,2008,39164.0
dcs:who/MALARIA_CONF_CASES,dcid:country/GMB,2009,50378.0
dcs:who/MALARIA_CONF_CASES,dcid:country/GNB,2013,54584.0
dcs:who/MALARIA_CONF_CASES,dcid:country/GNB,2005,14659.0
dcs:who/MALARIA_CONF_CASES,dcid:country/GNB,2015,150085.0
dcs:who/MALARIA_CONF_CASES,dcid:country/GNB,2019,160907.0
dcs:who/MALARIA_CONF_CASES,dcid:country/GNB,2010,50391.0
dcs:who/MALARIA_CONF_CASES,dcid:country/GNB,2012,50381.0
dcs:who/MALARIA_CONF_CASES,dcid:country/GNB,2009,11757.0
dcs:who/MALARIA_CONF_CASES,dcid:country/GNB,2018,171075.0
dcs:who/MALARIA_CONF_CASES,dcid:country/GNB,2008,11299.0
dcs:who/MALARIA_CONF_CASES,dcid:country/GNB,2006,15120.0
dcs:who/MALARIA_CONF_CASES,dcid:country/GNB,2016,156471.0
dcs:who/MALARIA_CONF_CASES,dcid:country/GNB,2014,97424.0
dcs:who/MALARIA_CONF_CASES,dcid:country/GNB,2007,14284.0
dcs:who/MALARIA_CONF_CASES,dcid:country/GNB,2011,71982.0
dcs:who/MALARIA_CONF_CASES,dcid:country/GNB,2017,152619.0
dcs:who/MALARIA_CONF_CASES,dcid:country/GNQ,2010,53813.0
dcs:who/MALARIA_CONF_CASES,dcid:country/GNQ,2014,20417.0
dcs:who/MALARIA_CONF_CASES,dcid:country/GNQ,2015,15142.0
dcs:who/MALARIA_CONF_CASES,dcid:country/GNQ,2018,8962.0
dcs:who/MALARIA_CONF_CASES,dcid:country/GNQ,2016,147714.0
dcs:who/MALARIA_CONF_CASES,dcid:country/GNQ,2011,22466.0
dcs:who/MALARIA_CONF_CASES,dcid:country/GNQ,2008,9503.0
dcs:who/MALARIA_CONF_CASES,dcid:country/GNQ,2013,16405.0
dcs:who/MALARIA_CONF_CASES,dcid:country/GNQ,2019,25904.0
dcs:who/MALARIA_CONF_CASES,dcid:country/GNQ,2009,14184.0
dcs:who/MALARIA_CONF_CASES,dcid:country/GNQ,2007,6287.0
dcs:who/MALARIA_CONF_CASES,dcid:country/GNQ,2017,15725.0
dcs:who/MALARIA_CONF_CASES,dcid:country/GNQ,2012,15169.0
dcs:who/MALARIA_CONF_CASES,dcid:country/GTM,2015,5540.0
dcs:who/MALARIA_CONF_CASES,dcid:country/GTM,2012,5346.0
dcs:who/MALARIA_CONF_CASES,dcid:country/GTM,2002,35540.0
dcs:who/MALARIA_CONF_CASES,dcid:country/GTM,2005,39751.0
dcs:who/MALARIA_CONF_CASES,dcid:country/GTM,2000,53311.0
dcs:who/MALARIA_CONF_CASES,dcid:country/GTM,2020,1058.0
dcs:who/MALARIA_CONF_CASES,dcid:country/GTM,2010,7384.0
dcs:who/MALARIA_CONF_CASES,dcid:country/GTM,2008,7198.0
dcs:who/MALARIA_CONF_CASES,dcid:country/GTM,2021,1273.0
dcs:who/MALARIA_CONF_CASES,dcid:country/GTM,2011,6817.0
dcs:who/MALARIA_CONF_CASES,dcid:country/GTM,2001,35824.0
dcs:who/MALARIA_CONF_CASES,dcid:country/GTM,2009,7080.0
dcs:who/MALARIA_CONF_CASES,dcid:country/GTM,2004,28955.0
dcs:who/MALARIA_CONF_CASES,dcid:country/GTM,2014,4931.0
dcs:who/MALARIA_CONF_CASES,dcid:country/GTM,2019,2072.0
dcs:who/MALARIA_CONF_CASES,dcid:country/GTM,2018,3021.0
dcs:who/MALARIA_CONF_CASES,dcid:country/GTM,2006,31093.0
dcs:who/MALARIA_CONF_CASES,dcid:country/GTM,2016,5001.0
dcs:who/MALARIA_CONF_CASES,dcid:country/GTM,2013,6214.0
dcs:who/MALARIA_CONF_CASES,dcid:country/GTM,2003,31127.0
dcs:who/MALARIA_CONF_CASES,dcid:country/GTM,2017,4124.0
dcs:who/MALARIA_CONF_CASES,dcid:country/GTM,2007,15382.0
dcs:who/MALARIA_CONF_CASES,dcid:country/GUF,2008,3320.0
dcs:who/MALARIA_CONF_CASES,dcid:country/GUF,2018,546.0
dcs:who/MALARIA_CONF_CASES,dcid:country/GUF,2019,212.0
dcs:who/MALARIA_CONF_CASES,dcid:country/GUF,2009,3462.0
dcs:who/MALARIA_CONF_CASES,dcid:country/GUF,2016,258.0
dcs:who/MALARIA_CONF_CASES,dcid:country/GUF,2006,4074.0
dcs:who/MALARIA_CONF_CASES,dcid:country/GUF,2014,448.0
dcs:who/MALARIA_CONF_CASES,dcid:country/GUF,2004,3038.0
dcs:who/MALARIA_CONF_CASES,dcid:country/GUF,2017,597.0
dcs:who/MALARIA_CONF_CASES,dcid:country/GUF,2007,4828.0
dcs:who/MALARIA_CONF_CASES,dcid:country/GUF,2001,3823.0
dcs:who/MALARIA_CONF_CASES,dcid:country/GUF,2011,1209.0
dcs:who/MALARIA_CONF_CASES,dcid:country/GUF,2003,3839.0
dcs:who/MALARIA_CONF_CASES,dcid:country/GUF,2013,875.0
dcs:who/MALARIA_CONF_CASES,dcid:country/GUF,2021,143.0
dcs:who/MALARIA_CONF_CASES,dcid:country/GUF,2020,154.0
dcs:who/MALARIA_CONF_CASES,dcid:country/GUF,2005,3414.0
dcs:who/MALARIA_CONF_CASES,dcid:country/GUF,2010,1632.0
dcs:who/MALARIA_CONF_CASES,dcid:country/GUF,2015,434.0
dcs:who/MALARIA_CONF_CASES,dcid:country/GUF,2002,3661.0
dcs:who/MALARIA_CONF_CASES,dcid:country/GUF,2012,900.0
dcs:who/MALARIA_CONF_CASES,dcid:country/GUF,2000,3708.0
dcs:who/MALARIA_CONF_CASES,dcid:country/GUY,2009,13673.0
dcs:who/MALARIA_CONF_CASES,dcid:country/GUY,2019,18826.0
dcs:who/MALARIA_CONF_CASES,dcid:country/GUY,2013,31479.0
dcs:who/MALARIA_CONF_CASES,dcid:country/GUY,2017,13936.0
dcs:who/MALARIA_CONF_CASES,dcid:country/GUY,2007,11656.0
dcs:who/MALARIA_CONF_CASES,dcid:country/GUY,2003,27627.0
dcs:who/MALARIA_CONF_CASES,dcid:country/GUY,2002,21895.0
dcs:who/MALARIA_CONF_CASES,dcid:country/GUY,2012,31601.0
dcs:who/MALARIA_CONF_CASES,dcid:country/GUY,2015,9984.0
dcs:who/MALARIA_CONF_CASES,dcid:country/GUY,2020,17230.0
dcs:who/MALARIA_CONF_CASES,dcid:country/GUY,2010,22935.0
dcs:who/MALARIA_CONF_CASES,dcid:country/GUY,2005,38984.0
dcs:who/MALARIA_CONF_CASES,dcid:country/GUY,2000,24018.0
dcs:who/MALARIA_CONF_CASES,dcid:country/GUY,2006,21064.0
dcs:who/MALARIA_CONF_CASES,dcid:country/GUY,2016,11108.0
dcs:who/MALARIA_CONF_CASES,dcid:country/GUY,2021,20850.0
dcs:who/MALARIA_CONF_CASES,dcid:country/GUY,2014,12354.0
dcs:who/MALARIA_CONF_CASES,dcid:country/GUY,2004,28866.0
dcs:who/MALARIA_CONF_CASES,dcid:country/GUY,2011,29471.0
dcs:who/MALARIA_CONF_CASES,dcid:country/GUY,2001,27122.0
dcs:who/MALARIA_CONF_CASES,dcid:country/GUY,2018,17038.0
dcs:who/MALARIA_CONF_CASES,dcid:country/GUY,2008,11815.0
dcs:who/MALARIA_CONF_CASES,dcid:country/HND,2006,11923.0
dcs:who/MALARIA_CONF_CASES,dcid:country/HND,2016,4097.0
dcs:who/MALARIA_CONF_CASES,dcid:country/HND,2009,9321.0
dcs:who/MALARIA_CONF_CASES,dcid:country/HND,2003,14123.0
dcs:who/MALARIA_CONF_CASES,dcid:country/HND,2013,5364.0
dcs:who/MALARIA_CONF_CASES,dcid:country/HND,2018,653.0
dcs:who/MALARIA_CONF_CASES,dcid:country/HND,2008,8368.0
dcs:who/MALARIA_CONF_CASES,dcid:country/HND,2014,3380.0
dcs:who/MALARIA_CONF_CASES,dcid:country/HND,2004,17293.0
dcs:who/MALARIA_CONF_CASES,dcid:country/HND,2019,391.0
dcs:who/MALARIA_CONF_CASES,dcid:country/HND,2007,10513.0
dcs:who/MALARIA_CONF_CASES,dcid:country/HND,2017,1283.0
dcs:who/MALARIA_CONF_CASES,dcid:country/HND,2012,6439.0
dcs:who/MALARIA_CONF_CASES,dcid:country/HND,2002,17223.0
dcs:who/MALARIA_CONF_CASES,dcid:country/HND,2011,7618.0
dcs:who/MALARIA_CONF_CASES,dcid:country/HND,2001,24149.0
dcs:who/MALARIA_CONF_CASES,dcid:country/HND,2021,1657.0
dcs:who/MALARIA_CONF_CASES,dcid:country/HND,2020,913.0
dcs:who/MALARIA_CONF_CASES,dcid:country/HND,2000,35125.0
dcs:who/MALARIA_CONF_CASES,dcid:country/HND,2005,16007.0
dcs:who/MALARIA_CONF_CASES,dcid:country/HND,2010,9745.0
dcs:who/MALARIA_CONF_CASES,dcid:country/HND,2015,3555.0
dcs:who/MALARIA_CONF_CASES,dcid:country/HTI,2021,9513.0
dcs:who/MALARIA_CONF_CASES,dcid:country/HTI,2010,84153.0
dcs:who/MALARIA_CONF_CASES,dcid:country/HTI,2000,16897.0
dcs:who/MALARIA_CONF_CASES,dcid:country/HTI,2014,17696.0
dcs:who/MALARIA_CONF_CASES,dcid:country/HTI,2020,22996.0
dcs:who/MALARIA_CONF_CASES,dcid:country/HTI,2004,10802.0
dcs:who/MALARIA_CONF_CASES,dcid:country/HTI,2005,21778.0
dcs:who/MALARIA_CONF_CASES,dcid:country/HTI,2015,17583.0
dcs:who/MALARIA_CONF_CASES,dcid:country/HTI,2008,36774.0
dcs:who/MALARIA_CONF_CASES,dcid:country/HTI,2018,8828.0
dcs:who/MALARIA_CONF_CASES,dcid:country/HTI,2001,9837.0
dcs:who/MALARIA_CONF_CASES,dcid:country/HTI,2016,21430.0
dcs:who/MALARIA_CONF_CASES,dcid:country/HTI,2006,32739.0
dcs:who/MALARIA_CONF_CASES,dcid:country/HTI,2011,34350.0
dcs:who/MALARIA_CONF_CASES,dcid:country/HTI,2009,49535.0
dcs:who/MALARIA_CONF_CASES,dcid:country/HTI,2007,29825.0
dcs:who/MALARIA_CONF_CASES,dcid:country/HTI,2019,10687.0
dcs:who/MALARIA_CONF_CASES,dcid:country/HTI,2017,19135.0
dcs:who/MALARIA_CONF_CASES,dcid:country/HTI,2012,27866.0
dcs:who/MALARIA_CONF_CASES,dcid:country/HTI,2013,26543.0
dcs:who/MALARIA_CONF_CASES,dcid:country/IDN,2021,304607.0
dcs:who/MALARIA_CONF_CASES,dcid:country/IDN,2020,254055.0
dcs:who/MALARIA_CONF_CASES,dcid:country/IDN,2005,315394.0
dcs:who/MALARIA_CONF_CASES,dcid:country/IDN,2015,217025.0
dcs:who/MALARIA_CONF_CASES,dcid:country/IDN,2011,422447.0
dcs:who/MALARIA_CONF_CASES,dcid:country/IDN,2001,276204.0
dcs:who/MALARIA_CONF_CASES,dcid:country/IDN,2000,245612.0
dcs:who/MALARIA_CONF_CASES,dcid:country/IDN,2010,465764.0
dcs:who/MALARIA_CONF_CASES,dcid:country/IDN,2002,288478.0
dcs:who/MALARIA_CONF_CASES,dcid:country/IDN,2012,417819.0
dcs:who/MALARIA_CONF_CASES,dcid:country/IDN,2014,252027.0
dcs:who/MALARIA_CONF_CASES,dcid:country/IDN,2004,304936.0
dcs:who/MALARIA_CONF_CASES,dcid:country/IDN,2018,222345.0
dcs:who/MALARIA_CONF_CASES,dcid:country/IDN,2008,461060.0
dcs:who/MALARIA_CONF_CASES,dcid:country/IDN,2006,347597.0
dcs:who/MALARIA_CONF_CASES,dcid:country/IDN,2016,218450.0
dcs:who/MALARIA_CONF_CASES,dcid:country/IDN,2013,343527.0
dcs:who/MALARIA_CONF_CASES,dcid:country/IDN,2003,242771.0
dcs:who/MALARIA_CONF_CASES,dcid:country/IDN,2009,418439.0
dcs:who/MALARIA_CONF_CASES,dcid:country/IDN,2017,261617.0
dcs:who/MALARIA_CONF_CASES,dcid:country/IDN,2019,250646.0
dcs:who/MALARIA_CONF_CASES,dcid:country/IDN,2007,317314.0
dcs:who/MALARIA_CONF_CASES,dcid:country/IND,2001,2085484.0
dcs:who/MALARIA_CONF_CASES,dcid:country/IND,2011,1310656.0
dcs:who/MALARIA_CONF_CASES,dcid:country/IND,2004,1915363.0
dcs:who/MALARIA_CONF_CASES,dcid:country/IND,2014,1102205.0
dcs:who/MALARIA_CONF_CASES,dcid:country/IND,2010,1599986.0
dcs:who/MALARIA_CONF_CASES,dcid:country/IND,2021,161753.0
dcs:who/MALARIA_CONF_CASES,dcid:country/IND,2000,2031790.0
dcs:who/MALARIA_CONF_CASES,dcid:country/IND,2006,1785129.0
dcs:who/MALARIA_CONF_CASES,dcid:country/IND,2016,1087285.0
dcs:who/MALARIA_CONF_CASES,dcid:country/IND,2015,1169261.0
dcs:who/MALARIA_CONF_CASES,dcid:country/IND,2008,1526210.0
dcs:who/MALARIA_CONF_CASES,dcid:country/IND,2019,338494.0
dcs:who/MALARIA_CONF_CASES,dcid:country/IND,2009,1563574.0
dcs:who/MALARIA_CONF_CASES,dcid:country/IND,2018,429928.0
dcs:who/MALARIA_CONF_CASES,dcid:country/IND,2017,844558.0
dcs:who/MALARIA_CONF_CASES,dcid:country/IND,2007,1508927.0
dcs:who/MALARIA_CONF_CASES,dcid:country/IND,2005,1816569.0
dcs:who/MALARIA_CONF_CASES,dcid:country/IND,2020,186532.0
dcs:who/MALARIA_CONF_CASES,dcid:country/IND,2002,1841229.0
dcs:who/MALARIA_CONF_CASES,dcid:country/IND,2012,1067824.0
dcs:who/MALARIA_CONF_CASES,dcid:country/IND,2013,881730.0
dcs:who/MALARIA_CONF_CASES,dcid:country/IND,2003,1869403.0
dcs:who/MALARIA_CONF_CASES,dcid:country/IRN,2004,13821.0
dcs:who/MALARIA_CONF_CASES,dcid:country/IRN,2014,1243.0
dcs:who/MALARIA_CONF_CASES,dcid:country/IRN,2011,3239.0
dcs:who/MALARIA_CONF_CASES,dcid:country/IRN,2001,19303.0
dcs:who/MALARIA_CONF_CASES,dcid:country/IRN,2021,999.0
dcs:who/MALARIA_CONF_CASES,dcid:country/IRN,2005,18966.0
dcs:who/MALARIA_CONF_CASES,dcid:country/IRN,2015,799.0
dcs:who/MALARIA_CONF_CASES,dcid:country/IRN,2019,1190.0
dcs:who/MALARIA_CONF_CASES,dcid:country/IRN,2010,3031.0
dcs:who/MALARIA_CONF_CASES,dcid:country/IRN,2009,6122.0
dcs:who/MALARIA_CONF_CASES,dcid:country/IRN,2000,19716.0
dcs:who/MALARIA_CONF_CASES,dcid:country/IRN,2018,625.0
dcs:who/MALARIA_CONF_CASES,dcid:country/IRN,2008,11460.0
dcs:who/MALARIA_CONF_CASES,dcid:country/IRN,2006,15909.0
dcs:who/MALARIA_CONF_CASES,dcid:country/IRN,2016,705.0
dcs:who/MALARIA_CONF_CASES,dcid:country/IRN,2007,15712.0
dcs:who/MALARIA_CONF_CASES,dcid:country/IRN,2017,939.0
dcs:who/MALARIA_CONF_CASES,dcid:country/IRN,2020,1051.0
dcs:who/MALARIA_CONF_CASES,dcid:country/IRN,2013,1374.0
dcs:who/MALARIA_CONF_CASES,dcid:country/IRN,2003,23562.0
dcs:who/MALARIA_CONF_CASES,dcid:country/IRN,2012,1629.0
dcs:who/MALARIA_CONF_CASES,dcid:country/IRN,2002,15558.0
dcs:who/MALARIA_CONF_CASES,dcid:country/IRQ,2005,47.0
dcs:who/MALARIA_CONF_CASES,dcid:country/IRQ,2000,1860.0
dcs:who/MALARIA_CONF_CASES,dcid:country/IRQ,2015,2.0
dcs:who/MALARIA_CONF_CASES,dcid:country/IRQ,2019,13.0
dcs:who/MALARIA_CONF_CASES,dcid:country/IRQ,2009,1.0
dcs:who/MALARIA_CONF_CASES,dcid:country/IRQ,2021,25.0
dcs:who/MALARIA_CONF_CASES,dcid:country/IRQ,2010,7.0
dcs:who/MALARIA_CONF_CASES,dcid:country/IRQ,2001,1265.0
dcs:who/MALARIA_CONF_CASES,dcid:country/IRQ,2011,11.0
dcs:who/MALARIA_CONF_CASES,dcid:country/IRQ,2014,2.0
dcs:who/MALARIA_CONF_CASES,dcid:country/IRQ,2004,155.0
dcs:who/MALARIA_CONF_CASES,dcid:country/IRQ,2018,12.0
dcs:who/MALARIA_CONF_CASES,dcid:country/IRQ,2008,6.0
dcs:who/MALARIA_CONF_CASES,dcid:country/IRQ,2016,5.0
dcs:who/MALARIA_CONF_CASES,dcid:country/IRQ,2006,24.0
dcs:who/MALARIA_CONF_CASES,dcid:country/IRQ,2017,9.0
dcs:who/MALARIA_CONF_CASES,dcid:country/IRQ,2013,8.0
dcs:who/MALARIA_CONF_CASES,dcid:country/IRQ,2003,347.0
dcs:who/MALARIA_CONF_CASES,dcid:country/IRQ,2012,8.0
dcs:who/MALARIA_CONF_CASES,dcid:country/IRQ,2002,952.0
dcs:who/MALARIA_CONF_CASES,dcid:country/IRQ,2007,3.0
dcs:who/MALARIA_CONF_CASES,dcid:country/IRQ,2020,2.0
dcs:who/MALARIA_CONF_CASES,dcid:country/KAZ,2020,0.0
dcs:who/MALARIA_CONF_CASES,dcid:country/KEN,2016,3064796.0
dcs:who/MALARIA_CONF_CASES,dcid:country/KEN,2017,3607026.0
dcs:who/MALARIA_CONF_CASES,dcid:country/KEN,2004,28328.0
dcs:who/MALARIA_CONF_CASES,dcid:country/KEN,2014,2851555.0
dcs:who/MALARIA_CONF_CASES,dcid:country/KEN,2019,5019389.0
dcs:who/MALARIA_CONF_CASES,dcid:country/KEN,2008,839903.0
dcs:who/MALARIA_CONF_CASES,dcid:country/KEN,2018,2318090.0
dcs:who/MALARIA_CONF_CASES,dcid:country/KEN,2003,39383.0
dcs:who/MALARIA_CONF_CASES,dcid:country/KEN,2013,2375129.0
dcs:who/MALARIA_CONF_CASES,dcid:country/KEN,2002,20049.0
dcs:who/MALARIA_CONF_CASES,dcid:country/KEN,2012,1453471.0
dcs:who/MALARIA_CONF_CASES,dcid:country/KEN,2020,3659170.0
dcs:who/MALARIA_CONF_CASES,dcid:country/KEN,2011,1002805.0
dcs:who/MALARIA_CONF_CASES,dcid:country/KEN,2010,898531.0
dcs:who/MALARIA_CONF_CASES,dcid:country/KEN,2015,2041277.0
dcs:who/MALARIA_CONF_CASES,dcid:country/KEN,2021,3828757.0
dcs:who/MALARIA_CONF_CASES,dcid:country/KGZ,2002,2744.0
dcs:who/MALARIA_CONF_CASES,dcid:country/KGZ,2012,3.0
dcs:who/MALARIA_CONF_CASES,dcid:country/KGZ,2015,1.0
dcs:who/MALARIA_CONF_CASES,dcid:country/KGZ,2005,226.0
dcs:who/MALARIA_CONF_CASES,dcid:country/KGZ,2020,0.0
dcs:who/MALARIA_CONF_CASES,dcid:country/KGZ,2000,12.0
dcs:who/MALARIA_CONF_CASES,dcid:country/KGZ,2006,320.0
dcs:who/MALARIA_CONF_CASES,dcid:country/KGZ,2010,6.0
dcs:who/MALARIA_CONF_CASES,dcid:country/KGZ,2016,6.0
dcs:who/MALARIA_CONF_CASES,dcid:country/KGZ,2011,5.0
dcs:who/MALARIA_CONF_CASES,dcid:country/KGZ,2001,28.0
dcs:who/MALARIA_CONF_CASES,dcid:country/KGZ,2008,18.0
dcs:who/MALARIA_CONF_CASES,dcid:country/KGZ,2018,0.0
dcs:who/MALARIA_CONF_CASES,dcid:country/KGZ,2004,93.0
dcs:who/MALARIA_CONF_CASES,dcid:country/KGZ,2017,2.0
dcs:who/MALARIA_CONF_CASES,dcid:country/KGZ,2007,96.0
dcs:who/MALARIA_CONF_CASES,dcid:country/KGZ,2009,4.0
dcs:who/MALARIA_CONF_CASES,dcid:country/KGZ,2014,0.0
dcs:who/MALARIA_CONF_CASES,dcid:country/KGZ,2019,1.0
dcs:who/MALARIA_CONF_CASES,dcid:country/KGZ,2003,468.0
dcs:who/MALARIA_CONF_CASES,dcid:country/KGZ,2013,4.0
dcs:who/MALARIA_CONF_CASES,dcid:country/KHM,2005,77879.0
dcs:who/MALARIA_CONF_CASES,dcid:country/KHM,2012,69551.0
dcs:who/MALARIA_CONF_CASES,dcid:country/KHM,2020,9964.0
dcs:who/MALARIA_CONF_CASES,dcid:country/KHM,2003,74456.0
dcs:who/MALARIA_CONF_CASES,dcid:country/KHM,2002,49457.0
dcs:who/MALARIA_CONF_CASES,dcid:country/KHM,2013,44069.0
dcs:who/MALARIA_CONF_CASES,dcid:country/KHM,2015,68109.0
dcs:who/MALARIA_CONF_CASES,dcid:country/KHM,2010,96464.0
dcs:who/MALARIA_CONF_CASES,dcid:country/KHM,2000,62442.0
dcs:who/MALARIA_CONF_CASES,dcid:country/KHM,2021,4382.0
dcs:who/MALARIA_CONF_CASES,dcid:country/KHM,2018,62582.0
dcs:who/MALARIA_CONF_CASES,dcid:country/KHM,2008,66563.0
dcs:who/MALARIA_CONF_CASES,dcid:country/KHM,2006,122133.0
dcs:who/MALARIA_CONF_CASES,dcid:country/KHM,2016,43380.0
dcs:who/MALARIA_CONF_CASES,dcid:country/KHM,2001,53601.0
dcs:who/MALARIA_CONF_CASES,dcid:country/KHM,2011,106905.0
dcs:who/MALARIA_CONF_CASES,dcid:country/KHM,2019,32197.0
dcs:who/MALARIA_CONF_CASES,dcid:country/KHM,2007,66821.0
dcs:who/MALARIA_CONF_CASES,dcid:country/KHM,2017,76804.0
dcs:who/MALARIA_CONF_CASES,dcid:country/KHM,2014,69178.0
dcs:who/MALARIA_CONF_CASES,dcid:country/KHM,2004,71743.0
dcs:who/MALARIA_CONF_CASES,dcid:country/KHM,2009,117497.0
dcs:who/MALARIA_CONF_CASES,dcid:country/KOR,2002,1799.0
dcs:who/MALARIA_CONF_CASES,dcid:country/KOR,2012,555.0
dcs:who/MALARIA_CONF_CASES,dcid:country/KOR,2007,2227.0
dcs:who/MALARIA_CONF_CASES,dcid:country/KOR,2003,1171.0
dcs:who/MALARIA_CONF_CASES,dcid:country/KOR,2013,443.0
dcs:who/MALARIA_CONF_CASES,dcid:country/KOR,2017,515.0
dcs:who/MALARIA_CONF_CASES,dcid:country/KOR,2005,1369.0
dcs:who/MALARIA_CONF_CASES,dcid:country/KOR,2020,386.0
dcs:who/MALARIA_CONF_CASES,dcid:country/KOR,2010,1772.0
dcs:who/MALARIA_CONF_CASES,dcid:country/KOR,2000,4183.0
dcs:who/MALARIA_CONF_CASES,dcid:country/KOR,2015,692.0
dcs:who/MALARIA_CONF_CASES,dcid:country/KOR,2009,1345.0
dcs:who/MALARIA_CONF_CASES,dcid:country/KOR,2019,559.0
dcs:who/MALARIA_CONF_CASES,dcid:country/KOR,2014,635.0
dcs:who/MALARIA_CONF_CASES,dcid:country/KOR,2004,864.0
dcs:who/MALARIA_CONF_CASES,dcid:country/KOR,2021,294.0
dcs:who/MALARIA_CONF_CASES,dcid:country/KOR,2006,2051.0
dcs:who/MALARIA_CONF_CASES,dcid:country/KOR,2011,838.0
dcs:who/MALARIA_CONF_CASES,dcid:country/KOR,2016,662.0
dcs:who/MALARIA_CONF_CASES,dcid:country/KOR,2001,2556.0
dcs:who/MALARIA_CONF_CASES,dcid:country/KOR,2008,1063.0
dcs:who/MALARIA_CONF_CASES,dcid:country/KOR,2018,576.0
dcs:who/MALARIA_CONF_CASES,dcid:country/LAO,2019,6692.0
dcs:who/MALARIA_CONF_CASES,dcid:country/LAO,2007,19037.0
dcs:who/MALARIA_CONF_CASES,dcid:country/LAO,2017,8435.0
dcs:who/MALARIA_CONF_CASES,dcid:country/LAO,2009,22791.0
dcs:who/MALARIA_CONF_CASES,dcid:country/LAO,2002,21420.0
dcs:who/MALARIA_CONF_CASES,dcid:country/LAO,2012,46153.0
dcs:who/MALARIA_CONF_CASES,dcid:country/LAO,2013,39589.0
dcs:who/MALARIA_CONF_CASES,dcid:country/LAO,2003,18894.0
dcs:who/MALARIA_CONF_CASES,dcid:country/LAO,2021,3926.0
dcs:who/MALARIA_CONF_CASES,dcid:country/LAO,2011,17532.0
dcs:who/MALARIA_CONF_CASES,dcid:country/LAO,2001,27076.0
dcs:who/MALARIA_CONF_CASES,dcid:country/LAO,2014,50674.0
dcs:who/MALARIA_CONF_CASES,dcid:country/LAO,2004,16183.0
dcs:who/MALARIA_CONF_CASES,dcid:country/LAO,2018,9038.0
dcs:who/MALARIA_CONF_CASES,dcid:country/LAO,2008,18935.0
dcs:who/MALARIA_CONF_CASES,dcid:country/LAO,2015,36078.0
dcs:who/MALARIA_CONF_CASES,dcid:country/LAO,2005,13602.0
dcs:who/MALARIA_CONF_CASES,dcid:country/LAO,2000,40106.0
dcs:who/MALARIA_CONF_CASES,dcid:country/LAO,2010,22879.0
dcs:who/MALARIA_CONF_CASES,dcid:country/LAO,2006,18382.0
dcs:who/MALARIA_CONF_CASES,dcid:country/LAO,2020,3498.0
dcs:who/MALARIA_CONF_CASES,dcid:country/LAO,2016,15509.0
dcs:who/MALARIA_CONF_CASES,dcid:country/LBR,2015,941711.0
dcs:who/MALARIA_CONF_CASES,dcid:country/LBR,2005,44875.0
dcs:who/MALARIA_CONF_CASES,dcid:country/LBR,2016,1191137.0
dcs:who/MALARIA_CONF_CASES,dcid:country/LBR,2021,912436.0
dcs:who/MALARIA_CONF_CASES,dcid:country/LBR,2006,761415.0
dcs:who/MALARIA_CONF_CASES,dcid:country/LBR,2010,922173.0
dcs:who/MALARIA_CONF_CASES,dcid:country/LBR,2014,881224.0
dcs:who/MALARIA_CONF_CASES,dcid:country/LBR,2008,606952.0
dcs:who/MALARIA_CONF_CASES,dcid:country/LBR,2011,1921159.0
dcs:who/MALARIA_CONF_CASES,dcid:country/LBR,2009,839581.0
dcs:who/MALARIA_CONF_CASES,dcid:country/LBR,2019,915845.0
dcs:who/MALARIA_CONF_CASES,dcid:country/LBR,2013,1244220.0
dcs:who/MALARIA_CONF_CASES,dcid:country/LBR,2012,1412629.0
dcs:who/MALARIA_CONF_CASES,dcid:country/LBR,2017,1093115.0
dcs:who/MALARIA_CONF_CASES,dcid:country/LBR,2007,492272.0
dcs:who/MALARIA_CONF_CASES,dcid:country/LKA,2017,57.0
dcs:who/MALARIA_CONF_CASES,dcid:country/LKA,2007,198.0
dcs:who/MALARIA_CONF_CASES,dcid:country/LKA,2019,54.0
dcs:who/MALARIA_CONF_CASES,dcid:country/LKA,2009,558.0
dcs:who/MALARIA_CONF_CASES,dcid:country/LKA,2013,95.0
dcs:who/MALARIA_CONF_CASES,dcid:country/LKA,2003,10510.0
dcs:who/MALARIA_CONF_CASES,dcid:country/LKA,2002,41411.0
dcs:who/MALARIA_CONF_CASES,dcid:country/LKA,2012,93.0
dcs:who/MALARIA_CONF_CASES,dcid:country/LKA,2021,26.0
dcs:who/MALARIA_CONF_CASES,dcid:country/LKA,2004,3720.0
dcs:who/MALARIA_CONF_CASES,dcid:country/LKA,2014,49.0
dcs:who/MALARIA_CONF_CASES,dcid:country/LKA,2005,1640.0
dcs:who/MALARIA_CONF_CASES,dcid:country/LKA,2020,30.0
dcs:who/MALARIA_CONF_CASES,dcid:country/LKA,2006,591.0
dcs:who/MALARIA_CONF_CASES,dcid:country/LKA,2001,66522.0
dcs:who/MALARIA_CONF_CASES,dcid:country/LKA,2011,175.0
dcs:who/MALARIA_CONF_CASES,dcid:country/LKA,2018,52.0
dcs:who/MALARIA_CONF_CASES,dcid:country/LKA,2008,672.0
dcs:who/MALARIA_CONF_CASES,dcid:country/LKA,2000,210039.0
dcs:who/MALARIA_CONF_CASES,dcid:country/LKA,2015,36.0
dcs:who/MALARIA_CONF_CASES,dcid:country/LKA,2010,736.0
dcs:who/MALARIA_CONF_CASES,dcid:country/LKA,2016,41.0
dcs:who/MALARIA_CONF_CASES,dcid:country/MAR,2020,146.0
dcs:who/MALARIA_CONF_CASES,dcid:country/MAR,2000,59.0
dcs:who/MALARIA_CONF_CASES,dcid:country/MAR,2015,510.0
dcs:who/MALARIA_CONF_CASES,dcid:country/MAR,2005,100.0
dcs:who/MALARIA_CONF_CASES,dcid:country/MAR,2012,364.0
dcs:who/MALARIA_CONF_CASES,dcid:country/MAR,2008,142.0
dcs:who/MALARIA_CONF_CASES,dcid:country/MAR,2002,107.0
dcs:who/MALARIA_CONF_CASES,dcid:country/MAR,2011,312.0
dcs:who/MALARIA_CONF_CASES,dcid:country/MAR,2001,59.0
dcs:who/MALARIA_CONF_CASES,dcid:country/MAR,2021,905.0
dcs:who/MALARIA_CONF_CASES,dcid:country/MAR,2013,314.0
dcs:who/MALARIA_CONF_CASES,dcid:country/MAR,2010,218.0
dcs:who/MALARIA_CONF_CASES,dcid:country/MAR,2006,83.0
dcs:who/MALARIA_CONF_CASES,dcid:country/MAR,2016,409.0
dcs:who/MALARIA_CONF_CASES,dcid:country/MAR,2003,73.0
dcs:who/MALARIA_CONF_CASES,dcid:country/MAR,2019,628.0
dcs:who/MALARIA_CONF_CASES,dcid:country/MAR,2009,145.0
dcs:who/MALARIA_CONF_CASES,dcid:country/MAR,2004,56.0
dcs:who/MALARIA_CONF_CASES,dcid:country/MAR,2018,445.0
dcs:who/MALARIA_CONF_CASES,dcid:country/MAR,2007,75.0
dcs:who/MALARIA_CONF_CASES,dcid:country/MAR,2014,493.0
dcs:who/MALARIA_CONF_CASES,dcid:country/MAR,2017,496.0
dcs:who/MALARIA_CONF_CASES,dcid:country/MDG,2010,202450.0
dcs:who/MALARIA_CONF_CASES,dcid:country/MDG,2021,2339103.0
dcs:who/MALARIA_CONF_CASES,dcid:country/MDG,2008,93234.0
dcs:who/MALARIA_CONF_CASES,dcid:country/MDG,2009,215110.0
dcs:who/MALARIA_CONF_CASES,dcid:country/MDG,2001,8538.0
dcs:who/MALARIA_CONF_CASES,dcid:country/MDG,2019,970828.0
dcs:who/MALARIA_CONF_CASES,dcid:country/MDG,2011,224498.0
dcs:who/MALARIA_CONF_CASES,dcid:country/MDG,2014,470924.0
dcs:who/MALARIA_CONF_CASES,dcid:country/MDG,2004,7638.0
dcs:who/MALARIA_CONF_CASES,dcid:country/MDG,2016,686024.0
dcs:who/MALARIA_CONF_CASES,dcid:country/MDG,2006,5689.0
dcs:who/MALARIA_CONF_CASES,dcid:country/MDG,2018,972790.0
dcs:who/MALARIA_CONF_CASES,dcid:country/MDG,2002,5272.0
dcs:who/MALARIA_CONF_CASES,dcid:country/MDG,2012,402900.0
dcs:who/MALARIA_CONF_CASES,dcid:country/MDG,2013,433450.0
dcs:who/MALARIA_CONF_CASES,dcid:country/MDG,2003,6909.0
dcs:who/MALARIA_CONF_CASES,dcid:country/MDG,2017,985852.0
dcs:who/MALARIA_CONF_CASES,dcid:country/MDG,2007,48497.0
dcs:who/MALARIA_CONF_CASES,dcid:country/MDG,2005,6753.0
dcs:who/MALARIA_CONF_CASES,dcid:country/MDG,2015,939657.0
dcs:who/MALARIA_CONF_CASES,dcid:country/MDG,2000,6946.0
dcs:who/MALARIA_CONF_CASES,dcid:country/MDG,2020,1950471.0
dcs:who/MALARIA_CONF_CASES,dcid:country/MEX,2018,803.0
dcs:who/MALARIA_CONF_CASES,dcid:country/MEX,2001,4996.0
dcs:who/MALARIA_CONF_CASES,dcid:country/MEX,2011,1130.0
dcs:who/MALARIA_CONF_CASES,dcid:country/MEX,2008,2357.0
dcs:who/MALARIA_CONF_CASES,dcid:country/MEX,2021,275.0
dcs:who/MALARIA_CONF_CASES,dcid:country/MEX,2020,369.0
dcs:who/MALARIA_CONF_CASES,dcid:country/MEX,2015,551.0
dcs:who/MALARIA_CONF_CASES,dcid:country/MEX,2010,1233.0
dcs:who/MALARIA_CONF_CASES,dcid:country/MEX,2005,2967.0
dcs:who/MALARIA_CONF_CASES,dcid:country/MEX,2000,7390.0
dcs:who/MALARIA_CONF_CASES,dcid:country/MEX,2016,596.0
dcs:who/MALARIA_CONF_CASES,dcid:country/MEX,2006,2514.0
dcs:who/MALARIA_CONF_CASES,dcid:country/MEX,2014,666.0
dcs:who/MALARIA_CONF_CASES,dcid:country/MEX,2009,2703.0
dcs:who/MALARIA_CONF_CASES,dcid:country/MEX,2004,3406.0
dcs:who/MALARIA_CONF_CASES,dcid:country/MEX,2019,641.0
dcs:who/MALARIA_CONF_CASES,dcid:country/MEX,2013,499.0
dcs:who/MALARIA_CONF_CASES,dcid:country/MEX,2002,4624.0
dcs:who/MALARIA_CONF_CASES,dcid:country/MEX,2012,842.0
dcs:who/MALARIA_CONF_CASES,dcid:country/MEX,2003,3819.0
dcs:who/MALARIA_CONF_CASES,dcid:country/MEX,2007,2361.0
dcs:who/MALARIA_CONF_CASES,dcid:country/MEX,2017,765.0
dcs:who/MALARIA_CONF_CASES,dcid:country/MLI,2013,1506940.0
dcs:who/MALARIA_CONF_CASES,dcid:country/MLI,2012,886482.0
dcs:who/MALARIA_CONF_CASES,dcid:country/MLI,2020,2666266.0
dcs:who/MALARIA_CONF_CASES,dcid:country/MLI,2010,239787.0
dcs:who/MALARIA_CONF_CASES,dcid:country/MLI,2015,2454508.0
dcs:who/MALARIA_CONF_CASES,dcid:country/MLI,2021,3204130.0
dcs:who/MALARIA_CONF_CASES,dcid:country/MLI,2018,2345475.0
dcs:who/MALARIA_CONF_CASES,dcid:country/MLI,2016,2311098.0
dcs:who/MALARIA_CONF_CASES,dcid:country/MLI,2014,2039853.0
dcs:who/MALARIA_CONF_CASES,dcid:country/MLI,2011,307035.0
dcs:who/MALARIA_CONF_CASES,dcid:country/MLI,2019,3221535.0
dcs:who/MALARIA_CONF_CASES,dcid:country/MLI,2017,2277218.0
dcs:who/MALARIA_CONF_CASES,dcid:country/MMR,2002,173096.0
dcs:who/MALARIA_CONF_CASES,dcid:country/MMR,2005,165737.0
dcs:who/MALARIA_CONF_CASES,dcid:country/MMR,2015,182465.0
dcs:who/MALARIA_CONF_CASES,dcid:country/MMR,2012,481204.0
dcs:who/MALARIA_CONF_CASES,dcid:country/MMR,2000,120083.0
dcs:who/MALARIA_CONF_CASES,dcid:country/MMR,2020,58836.0
dcs:who/MALARIA_CONF_CASES,dcid:country/MMR,2021,79001.0
dcs:who/MALARIA_CONF_CASES,dcid:country/MMR,2008,447073.0
dcs:who/MALARIA_CONF_CASES,dcid:country/MMR,2010,420808.0
dcs:who/MALARIA_CONF_CASES,dcid:country/MMR,2011,465294.0
dcs:who/MALARIA_CONF_CASES,dcid:country/MMR,2001,170502.0
dcs:who/MALARIA_CONF_CASES,dcid:country/MMR,2007,372303.0
dcs:who/MALARIA_CONF_CASES,dcid:country/MMR,2017,85019.0
dcs:who/MALARIA_CONF_CASES,dcid:country/MMR,2004,152070.0
dcs:who/MALARIA_CONF_CASES,dcid:country/MMR,2019,56410.0
dcs:who/MALARIA_CONF_CASES,dcid:country/MMR,2018,76518.0
dcs:who/MALARIA_CONF_CASES,dcid:country/MMR,2009,436068.0
dcs:who/MALARIA_CONF_CASES,dcid:country/MMR,2014,205658.0
dcs:who/MALARIA_CONF_CASES,dcid:country/MMR,2006,203071.0
dcs:who/MALARIA_CONF_CASES,dcid:country/MMR,2016,110146.0
dcs:who/MALARIA_CONF_CASES,dcid:country/MMR,2013,333871.0
dcs:who/MALARIA_CONF_CASES,dcid:country/MMR,2003,177530.0
dcs:who/MALARIA_CONF_CASES,dcid:country/MOZ,2020,11318685.0
dcs:who/MALARIA_CONF_CASES,dcid:country/MOZ,2010,1522577.0
dcs:who/MALARIA_CONF_CASES,dcid:country/MOZ,2011,1756874.0
dcs:who/MALARIA_CONF_CASES,dcid:country/MOZ,2021,10095807.0
dcs:who/MALARIA_CONF_CASES,dcid:country/MOZ,2015,8222814.0
dcs:who/MALARIA_CONF_CASES,dcid:country/MOZ,2012,1853276.0
dcs:who/MALARIA_CONF_CASES,dcid:country/MOZ,2018,10304472.0
dcs:who/MALARIA_CONF_CASES,dcid:country/MOZ,2014,7407175.0
dcs:who/MALARIA_CONF_CASES,dcid:country/MOZ,2019,11734926.0
dcs:who/MALARIA_CONF_CASES,dcid:country/MOZ,2008,120259.0
dcs:who/MALARIA_CONF_CASES,dcid:country/MOZ,2016,9690873.0
dcs:who/MALARIA_CONF_CASES,dcid:country/MOZ,2007,141663.0
dcs:who/MALARIA_CONF_CASES,dcid:country/MOZ,2017,9892601.0
dcs:who/MALARIA_CONF_CASES,dcid:country/MOZ,2013,3282172.0
dcs:who/MALARIA_CONF_CASES,dcid:country/MOZ,2009,93874.0
dcs:who/MALARIA_CONF_CASES,dcid:country/MRT,2020,12425.0
dcs:who/MALARIA_CONF_CASES,dcid:country/MRT,2010,1994.0
dcs:who/MALARIA_CONF_CASES,dcid:country/MRT,2015,22631.0
dcs:who/MALARIA_CONF_CASES,dcid:country/MRT,2018,30609.0
dcs:who/MALARIA_CONF_CASES,dcid:country/MRT,2011,2926.0
dcs:who/MALARIA_CONF_CASES,dcid:country/MRT,2008,302.0
dcs:who/MALARIA_CONF_CASES,dcid:country/MRT,2016,29156.0
dcs:who/MALARIA_CONF_CASES,dcid:country/MRT,2012,1888.0
dcs:who/MALARIA_CONF_CASES,dcid:country/MRT,2006,1061.0
dcs:who/MALARIA_CONF_CASES,dcid:country/MRT,2021,18660.0
dcs:who/MALARIA_CONF_CASES,dcid:country/MRT,2014,15835.0
dcs:who/MALARIA_CONF_CASES,dcid:country/MRT,2013,1587.0
dcs:who/MALARIA_CONF_CASES,dcid:country/MRT,2017,20105.0
dcs:who/MALARIA_CONF_CASES,dcid:country/MRT,2019,14869.0
dcs:who/MALARIA_CONF_CASES,dcid:country/MRT,2009,940.0
dcs:who/MALARIA_CONF_CASES,dcid:country/MWI,2017,4947443.0
dcs:who/MALARIA_CONF_CASES,dcid:country/MWI,2015,3661238.0
dcs:who/MALARIA_CONF_CASES,dcid:country/MWI,2020,7139065.0
dcs:who/MALARIA_CONF_CASES,dcid:country/MWI,2013,1280892.0
dcs:who/MALARIA_CONF_CASES,dcid:country/MWI,2012,1564984.0
dcs:who/MALARIA_CONF_CASES,dcid:country/MWI,2016,4827373.0
dcs:who/MALARIA_CONF_CASES,dcid:country/MWI,2011,304499.0
dcs:who/MALARIA_CONF_CASES,dcid:country/MWI,2018,5865476.0
dcs:who/MALARIA_CONF_CASES,dcid:country/MWI,2021,6948500.0
dcs:who/MALARIA_CONF_CASES,dcid:country/MWI,2019,5184107.0
dcs:who/MALARIA_CONF_CASES,dcid:country/MWI,2014,2905310.0
dcs:who/MALARIA_CONF_CASES,dcid:country/MYS,2013,3850.0
dcs:who/MALARIA_CONF_CASES,dcid:country/MYS,2003,6338.0
dcs:who/MALARIA_CONF_CASES,dcid:country/MYS,2005,5569.0
dcs:who/MALARIA_CONF_CASES,dcid:country/MYS,2002,11019.0
dcs:who/MALARIA_CONF_CASES,dcid:country/MYS,2020,2839.0
dcs:who/MALARIA_CONF_CASES,dcid:country/MYS,2012,4725.0
dcs:who/MALARIA_CONF_CASES,dcid:country/MYS,2010,6650.0
dcs:who/MALARIA_CONF_CASES,dcid:country/MYS,2015,2311.0
dcs:who/MALARIA_CONF_CASES,dcid:country/MYS,2000,12705.0
dcs:who/MALARIA_CONF_CASES,dcid:country/MYS,2021,3688.0
dcs:who/MALARIA_CONF_CASES,dcid:country/MYS,2001,12780.0
dcs:who/MALARIA_CONF_CASES,dcid:country/MYS,2008,7390.0
dcs:who/MALARIA_CONF_CASES,dcid:country/MYS,2018,4630.0
dcs:who/MALARIA_CONF_CASES,dcid:country/MYS,2016,2302.0
dcs:who/MALARIA_CONF_CASES,dcid:country/MYS,2011,5306.0
dcs:who/MALARIA_CONF_CASES,dcid:country/MYS,2006,5294.0
dcs:who/MALARIA_CONF_CASES,dcid:country/MYS,2017,4114.0
dcs:who/MALARIA_CONF_CASES,dcid:country/MYS,2019,3941.0
dcs:who/MALARIA_CONF_CASES,dcid:country/MYS,2004,6154.0
dcs:who/MALARIA_CONF_CASES,dcid:country/MYS,2007,5456.0
dcs:who/MALARIA_CONF_CASES,dcid:country/MYS,2009,7010.0
dcs:who/MALARIA_CONF_CASES,dcid:country/MYS,2014,3923.0
dcs:who/MALARIA_CONF_CASES,dcid:country/MYT,2011,92.0
dcs:who/MALARIA_CONF_CASES,dcid:country/MYT,2014,15.0
dcs:who/MALARIA_CONF_CASES,dcid:country/MYT,2004,743.0
dcs:who/MALARIA_CONF_CASES,dcid:country/MYT,2008,346.0
dcs:who/MALARIA_CONF_CASES,dcid:country/MYT,2006,392.0
dcs:who/MALARIA_CONF_CASES,dcid:country/MYT,2016,28.0
dcs:who/MALARIA_CONF_CASES,dcid:country/MYT,2010,396.0
dcs:who/MALARIA_CONF_CASES,dcid:country/MYT,2018,47.0
dcs:who/MALARIA_CONF_CASES,dcid:country/MYT,2009,352.0
dcs:who/MALARIA_CONF_CASES,dcid:country/MYT,2003,792.0
dcs:who/MALARIA_CONF_CASES,dcid:country/MYT,2013,82.0
dcs:who/MALARIA_CONF_CASES,dcid:country/MYT,2017,19.0
dcs:who/MALARIA_CONF_CASES,dcid:country/MYT,2007,421.0
dcs:who/MALARIA_CONF_CASES,dcid:country/MYT,2005,500.0
dcs:who/MALARIA_CONF_CASES,dcid:country/MYT,2015,11.0
dcs:who/MALARIA_CONF_CASES,dcid:country/MYT,2012,72.0
dcs:who/MALARIA_CONF_CASES,dcid:country/NAM,2002,23984.0
dcs:who/MALARIA_CONF_CASES,dcid:country/NAM,2012,194.0
dcs:who/MALARIA_CONF_CASES,dcid:country/NAM,2011,1525.0
dcs:who/MALARIA_CONF_CASES,dcid:country/NAM,2001,41636.0
dcs:who/MALARIA_CONF_CASES,dcid:country/NAM,2020,13636.0
dcs:who/MALARIA_CONF_CASES,dcid:country/NAM,2010,556.0
dcs:who/MALARIA_CONF_CASES,dcid:country/NAM,2015,12050.0
dcs:who/MALARIA_CONF_CASES,dcid:country/NAM,2005,23339.0
dcs:who/MALARIA_CONF_CASES,dcid:country/NAM,2008,1092.0
dcs:who/MALARIA_CONF_CASES,dcid:country/NAM,2021,13738.0
dcs:who/MALARIA_CONF_CASES,dcid:country/NAM,2018,36451.0
dcs:who/MALARIA_CONF_CASES,dcid:country/NAM,2006,27690.0
dcs:who/MALARIA_CONF_CASES,dcid:country/NAM,2019,3404.0
dcs:who/MALARIA_CONF_CASES,dcid:country/NAM,2003,20295.0
dcs:who/MALARIA_CONF_CASES,dcid:country/NAM,2013,4775.0
dcs:who/MALARIA_CONF_CASES,dcid:country/NAM,2016,24869.0
dcs:who/MALARIA_CONF_CASES,dcid:country/NAM,2009,505.0
dcs:who/MALARIA_CONF_CASES,dcid:country/NAM,2007,4242.0
dcs:who/MALARIA_CONF_CASES,dcid:country/NAM,2017,66141.0
dcs:who/MALARIA_CONF_CASES,dcid:country/NAM,2014,15692.0
dcs:who/MALARIA_CONF_CASES,dcid:country/NAM,2004,36043.0
dcs:who/MALARIA_CONF_CASES,dcid:country/NER,2016,4258110.0
dcs:who/MALARIA_CONF_CASES,dcid:country/NER,2006,48568.0
dcs:who/MALARIA_CONF_CASES,dcid:country/NER,2007,268164.0
dcs:who/MALARIA_CONF_CASES,dcid:country/NER,2017,2761268.0
dcs:who/MALARIA_CONF_CASES,dcid:country/NER,2003,56460.0
dcs:who/MALARIA_CONF_CASES,dcid:country/NER,2013,2373591.0
dcs:who/MALARIA_CONF_CASES,dcid:country/NER,2008,682685.0
dcs:who/MALARIA_CONF_CASES,dcid:country/NER,2004,76030.0
dcs:who/MALARIA_CONF_CASES,dcid:country/NER,2009,309675.0
dcs:who/MALARIA_CONF_CASES,dcid:country/NER,2014,3963768.0
dcs:who/MALARIA_CONF_CASES,dcid:country/NER,2018,3046450.0
dcs:who/MALARIA_CONF_CASES,dcid:country/NER,2019,3771451.0
dcs:who/MALARIA_CONF_CASES,dcid:country/NER,2012,2329260.0
dcs:who/MALARIA_CONF_CASES,dcid:country/NER,2011,838585.0
dcs:who/MALARIA_CONF_CASES,dcid:country/NER,2021,4044707.0
dcs:who/MALARIA_CONF_CASES,dcid:country/NER,2020,4377938.0
dcs:who/MALARIA_CONF_CASES,dcid:country/NER,2015,2392108.0
dcs:who/MALARIA_CONF_CASES,dcid:country/NER,2010,642774.0
dcs:who/MALARIA_CONF_CASES,dcid:country/NER,2005,84002.0
dcs:who/MALARIA_CONF_CASES,dcid:country/NGA,2017,13087878.0
dcs:who/MALARIA_CONF_CASES,dcid:country/NGA,2020,18325240.0
dcs:who/MALARIA_CONF_CASES,dcid:country/NGA,2015,8068583.0
dcs:who/MALARIA_CONF_CASES,dcid:country/NGA,2010,551187.0
dcs:who/MALARIA_CONF_CASES,dcid:country/NGA,2021,21325186.0
dcs:who/MALARIA_CONF_CASES,dcid:country/NGA,2016,13598282.0
dcs:who/MALARIA_CONF_CASES,dcid:country/NGA,2019,19806915.0
dcs:who/MALARIA_CONF_CASES,dcid:country/NGA,2009,479845.0
dcs:who/MALARIA_CONF_CASES,dcid:country/NGA,2014,8572322.0
dcs:who/MALARIA_CONF_CASES,dcid:country/NGA,2018,14548024.0
dcs:who/MALARIA_CONF_CASES,dcid:country/NGA,2008,143079.0
dcs:who/MALARIA_CONF_CASES,dcid:country/NIC,2007,1356.0
dcs:who/MALARIA_CONF_CASES,dcid:country/NIC,2017,10952.0
dcs:who/MALARIA_CONF_CASES,dcid:country/NIC,2012,1235.0
dcs:who/MALARIA_CONF_CASES,dcid:country/NIC,2020,25530.0
dcs:who/MALARIA_CONF_CASES,dcid:country/NIC,2002,7695.0
dcs:who/MALARIA_CONF_CASES,dcid:country/NIC,2013,1196.0
dcs:who/MALARIA_CONF_CASES,dcid:country/NIC,2003,6717.0
dcs:who/MALARIA_CONF_CASES,dcid:country/NIC,2001,10482.0
dcs:who/MALARIA_CONF_CASES,dcid:country/NIC,2018,15934.0
dcs:who/MALARIA_CONF_CASES,dcid:country/NIC,2011,925.0
dcs:who/MALARIA_CONF_CASES,dcid:country/NIC,2008,762.0
dcs:who/MALARIA_CONF_CASES,dcid:country/NIC,2000,23878.0
dcs:who/MALARIA_CONF_CASES,dcid:country/NIC,2005,6642.0
dcs:who/MALARIA_CONF_CASES,dcid:country/NIC,2015,2308.0
dcs:who/MALARIA_CONF_CASES,dcid:country/NIC,2021,23323.0
dcs:who/MALARIA_CONF_CASES,dcid:country/NIC,2010,692.0
dcs:who/MALARIA_CONF_CASES,dcid:country/NIC,2016,6284.0
dcs:who/MALARIA_CONF_CASES,dcid:country/NIC,2006,3114.0
dcs:who/MALARIA_CONF_CASES,dcid:country/NIC,2014,1163.0
dcs:who/MALARIA_CONF_CASES,dcid:country/NIC,2019,13226.0
dcs:who/MALARIA_CONF_CASES,dcid:country/NIC,2004,6897.0
dcs:who/MALARIA_CONF_CASES,dcid:country/NIC,2009,610.0
dcs:who/MALARIA_CONF_CASES,dcid:country/NPL,2008,3888.0
dcs:who/MALARIA_CONF_CASES,dcid:country/NPL,2018,1293.0
dcs:who/MALARIA_CONF_CASES,dcid:country/NPL,2011,3414.0
dcs:who/MALARIA_CONF_CASES,dcid:country/NPL,2001,6396.0
dcs:who/MALARIA_CONF_CASES,dcid:country/NPL,2006,4969.0
dcs:who/MALARIA_CONF_CASES,dcid:country/NPL,2016,1009.0
dcs:who/MALARIA_CONF_CASES,dcid:country/NPL,2009,3335.0
dcs:who/MALARIA_CONF_CASES,dcid:country/NPL,2004,4895.0
dcs:who/MALARIA_CONF_CASES,dcid:country/NPL,2014,1499.0
dcs:who/MALARIA_CONF_CASES,dcid:country/NPL,2017,1293.0
dcs:who/MALARIA_CONF_CASES,dcid:country/NPL,2019,710.0
dcs:who/MALARIA_CONF_CASES,dcid:country/NPL,2007,5621.0
dcs:who/MALARIA_CONF_CASES,dcid:country/NPL,2003,9506.0
dcs:who/MALARIA_CONF_CASES,dcid:country/NPL,2005,5050.0
dcs:who/MALARIA_CONF_CASES,dcid:country/NPL,2002,12750.0
dcs:who/MALARIA_CONF_CASES,dcid:country/NPL,2020,430.0
dcs:who/MALARIA_CONF_CASES,dcid:country/NPL,2013,1974.0
dcs:who/MALARIA_CONF_CASES,dcid:country/NPL,2012,3230.0
dcs:who/MALARIA_CONF_CASES,dcid:country/NPL,2000,7981.0
dcs:who/MALARIA_CONF_CASES,dcid:country/NPL,2015,1112.0
dcs:who/MALARIA_CONF_CASES,dcid:country/NPL,2010,3894.0
dcs:who/MALARIA_CONF_CASES,dcid:country/NPL,2021,373.0
dcs:who/MALARIA_CONF_CASES,dcid:country/OMN,2002,590.0
dcs:who/MALARIA_CONF_CASES,dcid:country/OMN,2012,2051.0
dcs:who/MALARIA_CONF_CASES,dcid:country/OMN,2020,276.0
dcs:who/MALARIA_CONF_CASES,dcid:country/OMN,2000,694.0
dcs:who/MALARIA_CONF_CASES,dcid:country/OMN,2005,544.0
dcs:who/MALARIA_CONF_CASES,dcid:country/OMN,2015,823.0
dcs:who/MALARIA_CONF_CASES,dcid:country/OMN,2021,172.0
dcs:who/MALARIA_CONF_CASES,dcid:country/OMN,2010,1193.0
dcs:who/MALARIA_CONF_CASES,dcid:country/OMN,2001,635.0
dcs:who/MALARIA_CONF_CASES,dcid:country/OMN,2018,921.0
dcs:who/MALARIA_CONF_CASES,dcid:country/OMN,2011,1531.0
dcs:who/MALARIA_CONF_CASES,dcid:country/OMN,2004,615.0
dcs:who/MALARIA_CONF_CASES,dcid:country/OMN,2014,1001.0
dcs:who/MALARIA_CONF_CASES,dcid:country/OMN,2007,705.0
dcs:who/MALARIA_CONF_CASES,dcid:country/OMN,2017,1078.0
dcs:who/MALARIA_CONF_CASES,dcid:country/OMN,2008,965.0
dcs:who/MALARIA_CONF_CASES,dcid:country/OMN,2003,740.0
dcs:who/MALARIA_CONF_CASES,dcid:country/OMN,2013,1451.0
dcs:who/MALARIA_CONF_CASES,dcid:country/OMN,2009,898.0
dcs:who/MALARIA_CONF_CASES,dcid:country/OMN,2019,1338.0
dcs:who/MALARIA_CONF_CASES,dcid:country/OMN,2016,807.0
dcs:who/MALARIA_CONF_CASES,dcid:country/OMN,2006,443.0
dcs:who/MALARIA_CONF_CASES,dcid:country/PAK,2019,413533.0
dcs:who/MALARIA_CONF_CASES,dcid:country/PAK,2009,167579.0
dcs:who/MALARIA_CONF_CASES,dcid:country/PAK,2013,274648.0
dcs:who/MALARIA_CONF_CASES,dcid:country/PAK,2003,125152.0
dcs:who/MALARIA_CONF_CASES,dcid:country/PAK,2012,290781.0
dcs:who/MALARIA_CONF_CASES,dcid:country/PAK,2007,128570.0
dcs:who/MALARIA_CONF_CASES,dcid:country/PAK,2002,107666.0
dcs:who/MALARIA_CONF_CASES,dcid:country/PAK,2017,369817.0
dcs:who/MALARIA_CONF_CASES,dcid:country/PAK,2021,399097.0
dcs:who/MALARIA_CONF_CASES,dcid:country/PAK,2010,240591.0
dcs:who/MALARIA_CONF_CASES,dcid:country/PAK,2008,104454.0
dcs:who/MALARIA_CONF_CASES,dcid:country/PAK,2018,374510.0
dcs:who/MALARIA_CONF_CASES,dcid:country/PAK,2020,371828.0
dcs:who/MALARIA_CONF_CASES,dcid:country/PAK,2000,82526.0
dcs:who/MALARIA_CONF_CASES,dcid:country/PAK,2015,203859.0
dcs:who/MALARIA_CONF_CASES,dcid:country/PAK,2005,127826.0
dcs:who/MALARIA_CONF_CASES,dcid:country/PAK,2014,264867.0
dcs:who/MALARIA_CONF_CASES,dcid:country/PAK,2004,126719.0
dcs:who/MALARIA_CONF_CASES,dcid:country/PAK,2016,329005.0
dcs:who/MALARIA_CONF_CASES,dcid:country/PAK,2011,334589.0
dcs:who/MALARIA_CONF_CASES,dcid:country/PAK,2001,125292.0
dcs:who/MALARIA_CONF_CASES,dcid:country/PAK,2006,124910.0
dcs:who/MALARIA_CONF_CASES,dcid:country/PAN,2013,705.0
dcs:who/MALARIA_CONF_CASES,dcid:country/PAN,2007,1281.0
dcs:who/MALARIA_CONF_CASES,dcid:country/PAN,2019,1597.0
dcs:who/MALARIA_CONF_CASES,dcid:country/PAN,2009,778.0
dcs:who/MALARIA_CONF_CASES,dcid:country/PAN,2017,689.0
dcs:who/MALARIA_CONF_CASES,dcid:country/PAN,2002,2244.0
dcs:who/MALARIA_CONF_CASES,dcid:country/PAN,2012,844.0
dcs:who/MALARIA_CONF_CASES,dcid:country/PAN,2003,4500.0
dcs:who/MALARIA_CONF_CASES,dcid:country/PAN,2000,1036.0
dcs:who/MALARIA_CONF_CASES,dcid:country/PAN,2010,418.0
dcs:who/MALARIA_CONF_CASES,dcid:country/PAN,2021,4364.0
dcs:who/MALARIA_CONF_CASES,dcid:country/PAN,2004,5095.0
dcs:who/MALARIA_CONF_CASES,dcid:country/PAN,2014,874.0
dcs:who/MALARIA_CONF_CASES,dcid:country/PAN,2018,715.0
dcs:who/MALARIA_CONF_CASES,dcid:country/PAN,2020,2203.0
dcs:who/MALARIA_CONF_CASES,dcid:country/PAN,2005,3667.0
dcs:who/MALARIA_CONF_CASES,dcid:country/PAN,2008,744.0
dcs:who/MALARIA_CONF_CASES,dcid:country/PAN,2015,562.0
dcs:who/MALARIA_CONF_CASES,dcid:country/PAN,2016,811.0
dcs:who/MALARIA_CONF_CASES,dcid:country/PAN,2006,1663.0
dcs:who/MALARIA_CONF_CASES,dcid:country/PAN,2011,354.0
dcs:who/MALARIA_CONF_CASES,dcid:country/PAN,2001,928.0
dcs:who/MALARIA_CONF_CASES,dcid:country/PER,2010,31545.0
dcs:who/MALARIA_CONF_CASES,dcid:country/PER,2021,18140.0
dcs:who/MALARIA_CONF_CASES,dcid:country/PER,2016,56671.0
dcs:who/MALARIA_CONF_CASES,dcid:country/PER,2008,44522.0
dcs:who/MALARIA_CONF_CASES,dcid:country/PER,2000,68321.0
dcs:who/MALARIA_CONF_CASES,dcid:country/PER,2006,64925.0
dcs:who/MALARIA_CONF_CASES,dcid:country/PER,2001,78544.0
dcs:who/MALARIA_CONF_CASES,dcid:country/PER,2011,25005.0
dcs:who/MALARIA_CONF_CASES,dcid:country/PER,2018,45619.0
dcs:who/MALARIA_CONF_CASES,dcid:country/PER,2009,42645.0
dcs:who/MALARIA_CONF_CASES,dcid:country/PER,2014,65252.0
dcs:who/MALARIA_CONF_CASES,dcid:country/PER,2019,24483.0
dcs:who/MALARIA_CONF_CASES,dcid:country/PER,2004,93581.0
dcs:who/MALARIA_CONF_CASES,dcid:country/PER,2007,50797.0
dcs:who/MALARIA_CONF_CASES,dcid:country/PER,2017,55367.0
dcs:who/MALARIA_CONF_CASES,dcid:country/PER,2003,88408.0
dcs:who/MALARIA_CONF_CASES,dcid:country/PER,2013,48719.0
dcs:who/MALARIA_CONF_CASES,dcid:country/PER,2015,66609.0
dcs:who/MALARIA_CONF_CASES,dcid:country/PER,2012,31436.0
dcs:who/MALARIA_CONF_CASES,dcid:country/PER,2002,99237.0
dcs:who/MALARIA_CONF_CASES,dcid:country/PER,2005,87699.0
dcs:who/MALARIA_CONF_CASES,dcid:country/PER,2020,15847.0
dcs:who/MALARIA_CONF_CASES,dcid:country/PHL,2008,23655.0
dcs:who/MALARIA_CONF_CASES,dcid:country/PHL,2000,25912.0
dcs:who/MALARIA_CONF_CASES,dcid:country/PHL,2021,4297.0
dcs:who/MALARIA_CONF_CASES,dcid:country/PHL,2010,19102.0
dcs:who/MALARIA_CONF_CASES,dcid:country/PHL,2020,6120.0
dcs:who/MALARIA_CONF_CASES,dcid:country/PHL,2018,4641.0
dcs:who/MALARIA_CONF_CASES,dcid:country/PHL,2005,26515.0
dcs:who/MALARIA_CONF_CASES,dcid:country/PHL,2015,11410.0
dcs:who/MALARIA_CONF_CASES,dcid:country/PHL,2004,29018.0
dcs:who/MALARIA_CONF_CASES,dcid:country/PHL,2014,6087.0
dcs:who/MALARIA_CONF_CASES,dcid:country/PHL,2011,9583.0
dcs:who/MALARIA_CONF_CASES,dcid:country/PHL,2016,6680.0
dcs:who/MALARIA_CONF_CASES,dcid:country/PHL,2006,33354.0
dcs:who/MALARIA_CONF_CASES,dcid:country/PHL,2001,18006.0
dcs:who/MALARIA_CONF_CASES,dcid:country/PHL,2009,19955.0
dcs:who/MALARIA_CONF_CASES,dcid:country/PHL,2019,5778.0
dcs:who/MALARIA_CONF_CASES,dcid:country/PHL,2003,32948.0
dcs:who/MALARIA_CONF_CASES,dcid:country/PHL,2012,8086.0
dcs:who/MALARIA_CONF_CASES,dcid:country/PHL,2013,7720.0
dcs:who/MALARIA_CONF_CASES,dcid:country/PHL,2017,6806.0
dcs:who/MALARIA_CONF_CASES,dcid:country/PHL,2002,22831.0
dcs:who/MALARIA_CONF_CASES,dcid:country/PHL,2007,36235.0
dcs:who/MALARIA_CONF_CASES,dcid:country/PNG,2020,750254.0
dcs:who/MALARIA_CONF_CASES,dcid:country/PNG,2000,79839.0
dcs:who/MALARIA_CONF_CASES,dcid:country/PNG,2010,93956.0
dcs:who/MALARIA_CONF_CASES,dcid:country/PNG,2016,534819.0
dcs:who/MALARIA_CONF_CASES,dcid:country/PNG,2006,93938.0
dcs:who/MALARIA_CONF_CASES,dcid:country/PNG,2011,84060.0
dcs:who/MALARIA_CONF_CASES,dcid:country/PNG,2001,94484.0
dcs:who/MALARIA_CONF_CASES,dcid:country/PNG,2005,92957.0
dcs:who/MALARIA_CONF_CASES,dcid:country/PNG,2015,346431.0
dcs:who/MALARIA_CONF_CASES,dcid:country/PNG,2021,651963.0
dcs:who/MALARIA_CONF_CASES,dcid:country/PNG,2014,314036.0
dcs:who/MALARIA_CONF_CASES,dcid:country/PNG,2008,84452.0
dcs:who/MALARIA_CONF_CASES,dcid:country/PNG,2018,516249.0
dcs:who/MALARIA_CONF_CASES,dcid:country/PNG,2004,91055.0
dcs:who/MALARIA_CONF_CASES,dcid:country/PNG,2003,72620.0
dcs:who/MALARIA_CONF_CASES,dcid:country/PNG,2013,316125.0
dcs:who/MALARIA_CONF_CASES,dcid:country/PNG,2009,77758.0
dcs:who/MALARIA_CONF_CASES,dcid:country/PNG,2019,646648.0
dcs:who/MALARIA_CONF_CASES,dcid:country/PNG,2017,488878.0
dcs:who/MALARIA_CONF_CASES,dcid:country/PNG,2007,86955.0
dcs:who/MALARIA_CONF_CASES,dcid:country/PNG,2002,75748.0
dcs:who/MALARIA_CONF_CASES,dcid:country/PNG,2012,150195.0
dcs:who/MALARIA_CONF_CASES,dcid:country/PRK,2008,16989.0
dcs:who/MALARIA_CONF_CASES,dcid:country/PRK,2018,3698.0
dcs:who/MALARIA_CONF_CASES,dcid:country/PRK,2016,5033.0
dcs:who/MALARIA_CONF_CASES,dcid:country/PRK,2006,6913.0
dcs:who/MALARIA_CONF_CASES,dcid:country/PRK,2003,16538.0
dcs:who/MALARIA_CONF_CASES,dcid:country/PRK,2013,14407.0
dcs:who/MALARIA_CONF_CASES,dcid:country/PRK,2004,15827.0
dcs:who/MALARIA_CONF_CASES,dcid:country/PRK,2019,1869.0
dcs:who/MALARIA_CONF_CASES,dcid:country/PRK,2017,4603.0
dcs:who/MALARIA_CONF_CASES,dcid:country/PRK,2009,14845.0
dcs:who/MALARIA_CONF_CASES,dcid:country/PRK,2014,10535.0
dcs:who/MALARIA_CONF_CASES,dcid:country/PRK,2007,4795.0
dcs:who/MALARIA_CONF_CASES,dcid:country/PRK,2015,7022.0
dcs:who/MALARIA_CONF_CASES,dcid:country/PRK,2005,6728.0
dcs:who/MALARIA_CONF_CASES,dcid:country/PRK,2002,98852.0
dcs:who/MALARIA_CONF_CASES,dcid:country/PRK,2012,21850.0
dcs:who/MALARIA_CONF_CASES,dcid:country/PRK,2021,2357.0
dcs:who/MALARIA_CONF_CASES,dcid:country/PRK,2001,115615.0
dcs:who/MALARIA_CONF_CASES,dcid:country/PRK,2011,16760.0
dcs:who/MALARIA_CONF_CASES,dcid:country/PRK,2010,13520.0
dcs:who/MALARIA_CONF_CASES,dcid:country/PRK,2000,90582.0
dcs:who/MALARIA_CONF_CASES,dcid:country/PRK,2020,1819.0
dcs:who/MALARIA_CONF_CASES,dcid:country/PRY,2009,91.0
dcs:who/MALARIA_CONF_CASES,dcid:country/PRY,2003,1392.0
dcs:who/MALARIA_CONF_CASES,dcid:country/PRY,2019,2.0
dcs:who/MALARIA_CONF_CASES,dcid:country/PRY,2013,11.0
dcs:who/MALARIA_CONF_CASES,dcid:country/PRY,2017,5.0
dcs:who/MALARIA_CONF_CASES,dcid:country/PRY,2007,1341.0
dcs:who/MALARIA_CONF_CASES,dcid:country/PRY,2002,2778.0
dcs:who/MALARIA_CONF_CASES,dcid:country/PRY,2010,29.0
dcs:who/MALARIA_CONF_CASES,dcid:country/PRY,2015,8.0
dcs:who/MALARIA_CONF_CASES,dcid:country/PRY,2021,4.0
dcs:who/MALARIA_CONF_CASES,dcid:country/PRY,2012,15.0
dcs:who/MALARIA_CONF_CASES,dcid:country/PRY,2000,6853.0
dcs:who/MALARIA_CONF_CASES,dcid:country/PRY,2005,373.0
dcs:who/MALARIA_CONF_CASES,dcid:country/PRY,2020,1.0
dcs:who/MALARIA_CONF_CASES,dcid:country/PRY,2008,341.0
dcs:who/MALARIA_CONF_CASES,dcid:country/PRY,2018,0.0
dcs:who/MALARIA_CONF_CASES,dcid:country/PRY,2014,8.0
dcs:who/MALARIA_CONF_CASES,dcid:country/PRY,2004,694.0
dcs:who/MALARIA_CONF_CASES,dcid:country/PRY,2001,2710.0
dcs:who/MALARIA_CONF_CASES,dcid:country/PRY,2006,823.0
dcs:who/MALARIA_CONF_CASES,dcid:country/PRY,2011,10.0
dcs:who/MALARIA_CONF_CASES,dcid:country/PRY,2016,10.0
dcs:who/MALARIA_CONF_CASES,dcid:country/RWA,2009,698745.0
dcs:who/MALARIA_CONF_CASES,dcid:country/RWA,2003,553150.0
dcs:who/MALARIA_CONF_CASES,dcid:country/RWA,2017,5940533.0
dcs:who/MALARIA_CONF_CASES,dcid:country/RWA,2007,382686.0
dcs:who/MALARIA_CONF_CASES,dcid:country/RWA,2019,3612822.0
dcs:who/MALARIA_CONF_CASES,dcid:country/RWA,2013,962618.0
dcs:who/MALARIA_CONF_CASES,dcid:country/RWA,2002,506028.0
dcs:who/MALARIA_CONF_CASES,dcid:country/RWA,2012,483470.0
dcs:who/MALARIA_CONF_CASES,dcid:country/RWA,2005,683769.0
dcs:who/MALARIA_CONF_CASES,dcid:country/RWA,2020,2043392.0
dcs:who/MALARIA_CONF_CASES,dcid:country/RWA,2015,2505794.0
dcs:who/MALARIA_CONF_CASES,dcid:country/RWA,2016,3380568.0
dcs:who/MALARIA_CONF_CASES,dcid:country/RWA,2010,669322.0
dcs:who/MALARIA_CONF_CASES,dcid:country/RWA,2006,573686.0
dcs:who/MALARIA_CONF_CASES,dcid:country/RWA,2014,1623176.0
dcs:who/MALARIA_CONF_CASES,dcid:country/RWA,2021,1163670.0
dcs:who/MALARIA_CONF_CASES,dcid:country/RWA,2008,316242.0
dcs:who/MALARIA_CONF_CASES,dcid:country/RWA,2004,589315.0
dcs:who/MALARIA_CONF_CASES,dcid:country/RWA,2018,4231883.0
dcs:who/MALARIA_CONF_CASES,dcid:country/RWA,2011,273293.0
dcs:who/MALARIA_CONF_CASES,dcid:country/RWA,2001,423493.0
dcs:who/MALARIA_CONF_CASES,dcid:country/SAU,2015,2620.0
dcs:who/MALARIA_CONF_CASES,dcid:country/SAU,2010,1941.0
dcs:who/MALARIA_CONF_CASES,dcid:country/SAU,2005,1059.0
dcs:who/MALARIA_CONF_CASES,dcid:country/SAU,2000,6608.0
dcs:who/MALARIA_CONF_CASES,dcid:country/SAU,2012,3406.0
dcs:who/MALARIA_CONF_CASES,dcid:country/SAU,2006,1278.0
dcs:who/MALARIA_CONF_CASES,dcid:country/SAU,2016,5382.0
dcs:who/MALARIA_CONF_CASES,dcid:country/SAU,2020,3658.0
dcs:who/MALARIA_CONF_CASES,dcid:country/SAU,2018,2711.0
dcs:who/MALARIA_CONF_CASES,dcid:country/SAU,2008,1491.0
dcs:who/MALARIA_CONF_CASES,dcid:country/SAU,2021,2616.0
dcs:who/MALARIA_CONF_CASES,dcid:country/SAU,2014,2305.0
dcs:who/MALARIA_CONF_CASES,dcid:country/SAU,2004,1232.0
dcs:who/MALARIA_CONF_CASES,dcid:country/SAU,2011,2788.0
dcs:who/MALARIA_CONF_CASES,dcid:country/SAU,2001,3074.0
dcs:who/MALARIA_CONF_CASES,dcid:country/SAU,2019,2152.0
dcs:who/MALARIA_CONF_CASES,dcid:country/SAU,2009,2333.0
dcs:who/MALARIA_CONF_CASES,dcid:country/SAU,2017,3151.0
dcs:who/MALARIA_CONF_CASES,dcid:country/SAU,2003,1724.0
dcs:who/MALARIA_CONF_CASES,dcid:country/SAU,2013,2513.0
dcs:who/MALARIA_CONF_CASES,dcid:country/SAU,2002,2612.0
dcs:who/MALARIA_CONF_CASES,dcid:country/SAU,2007,2864.0
dcs:who/MALARIA_CONF_CASES,dcid:country/SDN,2007,686908.0
dcs:who/MALARIA_CONF_CASES,dcid:country/SDN,2017,800116.0
dcs:who/MALARIA_CONF_CASES,dcid:country/SDN,2019,1752011.0
dcs:who/MALARIA_CONF_CASES,dcid:country/SDN,2009,711462.0
dcs:who/MALARIA_CONF_CASES,dcid:country/SDN,2004,537899.0
dcs:who/MALARIA_CONF_CASES,dcid:country/SDN,2014,1068506.0
dcs:who/MALARIA_CONF_CASES,dcid:country/SDN,2003,1085953.0
dcs:who/MALARIA_CONF_CASES,dcid:country/SDN,2013,592383.0
dcs:who/MALARIA_CONF_CASES,dcid:country/SDN,2006,721233.0
dcs:who/MALARIA_CONF_CASES,dcid:country/SDN,2016,566015.0
dcs:who/MALARIA_CONF_CASES,dcid:country/SDN,2018,1648683.0
dcs:who/MALARIA_CONF_CASES,dcid:country/SDN,2008,569296.0
dcs:who/MALARIA_CONF_CASES,dcid:country/SDN,2012,526931.0
dcs:who/MALARIA_CONF_CASES,dcid:country/SDN,2005,628417.0
dcs:who/MALARIA_CONF_CASES,dcid:country/SDN,2020,1698394.0
dcs:who/MALARIA_CONF_CASES,dcid:country/SDN,2002,280550.0
dcs:who/MALARIA_CONF_CASES,dcid:country/SDN,2021,1647745.0
dcs:who/MALARIA_CONF_CASES,dcid:country/SDN,2000,368557.0
dcs:who/MALARIA_CONF_CASES,dcid:country/SDN,2015,586827.0
dcs:who/MALARIA_CONF_CASES,dcid:country/SDN,2010,720557.0
dcs:who/MALARIA_CONF_CASES,dcid:country/SDN,2001,203491.0
dcs:who/MALARIA_CONF_CASES,dcid:country/SDN,2011,506806.0
dcs:who/MALARIA_CONF_CASES,dcid:country/SEN,2007,23163.0
dcs:who/MALARIA_CONF_CASES,dcid:country/SEN,2017,395706.0
dcs:who/MALARIA_CONF_CASES,dcid:country/SEN,2020,445313.0
dcs:who/MALARIA_CONF_CASES,dcid:country/SEN,2012,294385.0
dcs:who/MALARIA_CONF_CASES,dcid:country/SEN,2003,13722.0
dcs:who/MALARIA_CONF_CASES,dcid:country/SEN,2013,366687.0
dcs:who/MALARIA_CONF_CASES,dcid:country/SEN,2002,8911.0
dcs:who/MALARIA_CONF_CASES,dcid:country/SEN,2001,7535.0
dcs:who/MALARIA_CONF_CASES,dcid:country/SEN,2021,536850.0
dcs:who/MALARIA_CONF_CASES,dcid:country/SEN,2014,265624.0
dcs:who/MALARIA_CONF_CASES,dcid:country/SEN,2004,11628.0
dcs:who/MALARIA_CONF_CASES,dcid:country/SEN,2011,274119.0
dcs:who/MALARIA_CONF_CASES,dcid:country/SEN,2010,330331.0
dcs:who/MALARIA_CONF_CASES,dcid:country/SEN,2000,44959.0
dcs:who/MALARIA_CONF_CASES,dcid:country/SEN,2018,530944.0
dcs:who/MALARIA_CONF_CASES,dcid:country/SEN,2015,492253.0
dcs:who/MALARIA_CONF_CASES,dcid:country/SEN,2019,354708.0
dcs:who/MALARIA_CONF_CASES,dcid:country/SEN,2008,217096.0
dcs:who/MALARIA_CONF_CASES,dcid:country/SEN,2009,174890.0
dcs:who/MALARIA_CONF_CASES,dcid:country/SEN,2005,14132.0
dcs:who/MALARIA_CONF_CASES,dcid:country/SEN,2016,349540.0
dcs:who/MALARIA_CONF_CASES,dcid:country/SEN,2006,21911.0
dcs:who/MALARIA_CONF_CASES,dcid:country/SLB,2009,33002.0
dcs:who/MALARIA_CONF_CASES,dcid:country/SLB,2019,72767.0
dcs:who/MALARIA_CONF_CASES,dcid:country/SLB,2006,75412.0
dcs:who/MALARIA_CONF_CASES,dcid:country/SLB,2016,54432.0
dcs:who/MALARIA_CONF_CASES,dcid:country/SLB,2003,92309.0
dcs:who/MALARIA_CONF_CASES,dcid:country/SLB,2008,40749.0
dcs:who/MALARIA_CONF_CASES,dcid:country/SLB,2018,59191.0
dcs:who/MALARIA_CONF_CASES,dcid:country/SLB,2013,25609.0
dcs:who/MALARIA_CONF_CASES,dcid:country/SLB,2004,90376.0
dcs:who/MALARIA_CONF_CASES,dcid:country/SLB,2014,18404.0
dcs:who/MALARIA_CONF_CASES,dcid:country/SLB,2007,65404.0
dcs:who/MALARIA_CONF_CASES,dcid:country/SLB,2017,52519.0
dcs:who/MALARIA_CONF_CASES,dcid:country/SLB,2020,77637.0
dcs:who/MALARIA_CONF_CASES,dcid:country/SLB,2002,74936.0
dcs:who/MALARIA_CONF_CASES,dcid:country/SLB,2012,24383.0
dcs:who/MALARIA_CONF_CASES,dcid:country/SLB,2011,26657.0
dcs:who/MALARIA_CONF_CASES,dcid:country/SLB,2001,76493.0
dcs:who/MALARIA_CONF_CASES,dcid:country/SLB,2005,76516.0
dcs:who/MALARIA_CONF_CASES,dcid:country/SLB,2000,68107.0
dcs:who/MALARIA_CONF_CASES,dcid:country/SLB,2021,84139.0
dcs:who/MALARIA_CONF_CASES,dcid:country/SLB,2015,23998.0
dcs:who/MALARIA_CONF_CASES,dcid:country/SLB,2010,39704.0
dcs:who/MALARIA_CONF_CASES,dcid:country/SLE,2005,4808.0
dcs:who/MALARIA_CONF_CASES,dcid:country/SLE,2010,934028.0
dcs:who/MALARIA_CONF_CASES,dcid:country/SLE,2006,4932.0
dcs:who/MALARIA_CONF_CASES,dcid:country/SLE,2015,1483376.0
dcs:who/MALARIA_CONF_CASES,dcid:country/SLE,2016,1775306.0
dcs:who/MALARIA_CONF_CASES,dcid:country/SLE,2001,2206.0
dcs:who/MALARIA_CONF_CASES,dcid:country/SLE,2011,644018.0
dcs:who/MALARIA_CONF_CASES,dcid:country/SLE,2021,1953902.0
dcs:who/MALARIA_CONF_CASES,dcid:country/SLE,2019,2407505.0
dcs:who/MALARIA_CONF_CASES,dcid:country/SLE,2004,2206.0
dcs:who/MALARIA_CONF_CASES,dcid:country/SLE,2014,1374476.0
dcs:who/MALARIA_CONF_CASES,dcid:country/SLE,2009,646808.0
dcs:who/MALARIA_CONF_CASES,dcid:country/SLE,2018,1733831.0
dcs:who/MALARIA_CONF_CASES,dcid:country/SLE,2008,176356.0
dcs:who/MALARIA_CONF_CASES,dcid:country/SLE,2013,1701958.0
dcs:who/MALARIA_CONF_CASES,dcid:country/SLE,2003,3945.0
dcs:who/MALARIA_CONF_CASES,dcid:country/SLE,2017,1651236.0
dcs:who/MALARIA_CONF_CASES,dcid:country/SLE,2002,3702.0
dcs:who/MALARIA_CONF_CASES,dcid:country/SLE,2020,725006.0
dcs:who/MALARIA_CONF_CASES,dcid:country/SLE,2012,1537322.0
dcs:who/MALARIA_CONF_CASES,dcid:country/SLV,2007,40.0
dcs:who/MALARIA_CONF_CASES,dcid:country/SLV,2017,4.0
dcs:who/MALARIA_CONF_CASES,dcid:country/SLV,2003,85.0
dcs:who/MALARIA_CONF_CASES,dcid:country/SLV,2009,21.0
dcs:who/MALARIA_CONF_CASES,dcid:country/SLV,2019,3.0
dcs:who/MALARIA_CONF_CASES,dcid:country/SLV,2002,117.0
dcs:who/MALARIA_CONF_CASES,dcid:country/SLV,2012,20.0
dcs:who/MALARIA_CONF_CASES,dcid:country/SLV,2013,7.0
dcs:who/MALARIA_CONF_CASES,dcid:country/SLV,2020,0.0
dcs:who/MALARIA_CONF_CASES,dcid:country/SLV,2005,67.0
dcs:who/MALARIA_CONF_CASES,dcid:country/SLV,2016,14.0
dcs:who/MALARIA_CONF_CASES,dcid:country/SLV,2010,26.0
dcs:who/MALARIA_CONF_CASES,dcid:country/SLV,2015,9.0
dcs:who/MALARIA_CONF_CASES,dcid:country/SLV,2006,49.0
dcs:who/MALARIA_CONF_CASES,dcid:country/SLV,2000,753.0
dcs:who/MALARIA_CONF_CASES,dcid:country/SLV,2011,15.0
dcs:who/MALARIA_CONF_CASES,dcid:country/SLV,2008,33.0
dcs:who/MALARIA_CONF_CASES,dcid:country/SLV,2001,362.0
dcs:who/MALARIA_CONF_CASES,dcid:country/SLV,2004,112.0
dcs:who/MALARIA_CONF_CASES,dcid:country/SLV,2018,2.0
dcs:who/MALARIA_CONF_CASES,dcid:country/SLV,2014,8.0
dcs:who/MALARIA_CONF_CASES,dcid:country/SOM,2008,36905.0
dcs:who/MALARIA_CONF_CASES,dcid:country/SOM,2004,11436.0
dcs:who/MALARIA_CONF_CASES,dcid:country/SOM,2018,31021.0
dcs:who/MALARIA_CONF_CASES,dcid:country/SOM,2014,11246.0
dcs:who/MALARIA_CONF_CASES,dcid:country/SOM,2019,39687.0
dcs:who/MALARIA_CONF_CASES,dcid:country/SOM,2009,25202.0
dcs:who/MALARIA_CONF_CASES,dcid:country/SOM,2013,7407.0
dcs:who/MALARIA_CONF_CASES,dcid:country/SOM,2017,35138.0
dcs:who/MALARIA_CONF_CASES,dcid:country/SOM,2003,7571.0
dcs:who/MALARIA_CONF_CASES,dcid:country/SOM,2016,35628.0
dcs:who/MALARIA_CONF_CASES,dcid:country/SOM,2006,16430.0
dcs:who/MALARIA_CONF_CASES,dcid:country/SOM,2007,16675.0
dcs:who/MALARIA_CONF_CASES,dcid:country/SOM,2002,15732.0
dcs:who/MALARIA_CONF_CASES,dcid:country/SOM,2020,27333.0
dcs:who/MALARIA_CONF_CASES,dcid:country/SOM,2012,6817.0
dcs:who/MALARIA_CONF_CASES,dcid:country/SOM,2005,12516.0
dcs:who/MALARIA_CONF_CASES,dcid:country/SOM,2010,24833.0
dcs:who/MALARIA_CONF_CASES,dcid:country/SOM,2015,20953.0
dcs:who/MALARIA_CONF_CASES,dcid:country/SOM,2011,3351.0
dcs:who/MALARIA_CONF_CASES,dcid:country/SOM,2021,12967.0
dcs:who/MALARIA_CONF_CASES,dcid:country/SSD,2015,24371.0
dcs:who/MALARIA_CONF_CASES,dcid:country/SSD,2010,900283.0
dcs:who/MALARIA_CONF_CASES,dcid:country/SSD,2020,661922.0
dcs:who/MALARIA_CONF_CASES,dcid:country/SSD,2012,225371.0
dcs:who/MALARIA_CONF_CASES,dcid:country/SSD,2008,52011.0
dcs:who/MALARIA_CONF_CASES,dcid:country/SSD,2018,98843.0
dcs:who/MALARIA_CONF_CASES,dcid:country/SSD,2021,2017227.0
dcs:who/MALARIA_CONF_CASES,dcid:country/SSD,2016,7619.0
dcs:who/MALARIA_CONF_CASES,dcid:country/SSD,2011,112024.0
dcs:who/MALARIA_CONF_CASES,dcid:country/SSD,2013,262520.0
dcs:who/MALARIA_CONF_CASES,dcid:country/SSD,2017,1488005.0
dcs:who/MALARIA_CONF_CASES,dcid:country/SSD,2014,71377.0
dcs:who/MALARIA_CONF_CASES,dcid:country/SSD,2019,1903742.0
dcs:who/MALARIA_CONF_CASES,dcid:country/STP,2006,5146.0
dcs:who/MALARIA_CONF_CASES,dcid:country/STP,2016,2238.0
dcs:who/MALARIA_CONF_CASES,dcid:country/STP,2001,42086.0
dcs:who/MALARIA_CONF_CASES,dcid:country/STP,2011,8442.0
dcs:who/MALARIA_CONF_CASES,dcid:country/STP,2018,2940.0
dcs:who/MALARIA_CONF_CASES,dcid:country/STP,2008,6258.0
dcs:who/MALARIA_CONF_CASES,dcid:country/STP,2007,2421.0
dcs:who/MALARIA_CONF_CASES,dcid:country/STP,2019,2742.0
dcs:who/MALARIA_CONF_CASES,dcid:country/STP,2017,2241.0
dcs:who/MALARIA_CONF_CASES,dcid:country/STP,2014,1754.0
dcs:who/MALARIA_CONF_CASES,dcid:country/STP,2004,46486.0
dcs:who/MALARIA_CONF_CASES,dcid:country/STP,2009,6182.0
dcs:who/MALARIA_CONF_CASES,dcid:country/STP,2002,50586.0
dcs:who/MALARIA_CONF_CASES,dcid:country/STP,2012,12550.0
dcs:who/MALARIA_CONF_CASES,dcid:country/STP,2005,18139.0
dcs:who/MALARIA_CONF_CASES,dcid:country/STP,2003,42656.0
dcs:who/MALARIA_CONF_CASES,dcid:country/STP,2015,2058.0
dcs:who/MALARIA_CONF_CASES,dcid:country/STP,2013,9243.0
dcs:who/MALARIA_CONF_CASES,dcid:country/STP,2000,31975.0
dcs:who/MALARIA_CONF_CASES,dcid:country/STP,2021,2730.0
dcs:who/MALARIA_CONF_CASES,dcid:country/STP,2010,3146.0
dcs:who/MALARIA_CONF_CASES,dcid:country/STP,2020,1944.0
dcs:who/MALARIA_CONF_CASES,dcid:country/SUR,2020,244.0
dcs:who/MALARIA_CONF_CASES,dcid:country/SUR,2002,12837.0
dcs:who/MALARIA_CONF_CASES,dcid:country/SUR,2017,551.0
dcs:who/MALARIA_CONF_CASES,dcid:country/SUR,2003,10982.0
dcs:who/MALARIA_CONF_CASES,dcid:country/SUR,2013,729.0
dcs:who/MALARIA_CONF_CASES,dcid:country/SUR,2010,1771.0
dcs:who/MALARIA_CONF_CASES,dcid:country/SUR,2005,9131.0
dcs:who/MALARIA_CONF_CASES,dcid:country/SUR,2015,376.0
dcs:who/MALARIA_CONF_CASES,dcid:country/SUR,2000,11361.0
dcs:who/MALARIA_CONF_CASES,dcid:country/SUR,2012,569.0
dcs:who/MALARIA_CONF_CASES,dcid:country/SUR,2016,332.0
dcs:who/MALARIA_CONF_CASES,dcid:country/SUR,2006,3289.0
dcs:who/MALARIA_CONF_CASES,dcid:country/SUR,2014,401.0
dcs:who/MALARIA_CONF_CASES,dcid:country/SUR,2008,2086.0
dcs:who/MALARIA_CONF_CASES,dcid:country/SUR,2004,8378.0
dcs:who/MALARIA_CONF_CASES,dcid:country/SUR,2011,795.0
dcs:who/MALARIA_CONF_CASES,dcid:country/SUR,2018,235.0
dcs:who/MALARIA_CONF_CASES,dcid:country/SUR,2001,16003.0
dcs:who/MALARIA_CONF_CASES,dcid:country/SUR,2021,77.0
dcs:who/MALARIA_CONF_CASES,dcid:country/SUR,2007,1104.0
dcs:who/MALARIA_CONF_CASES,dcid:country/SUR,2019,215.0
dcs:who/MALARIA_CONF_CASES,dcid:country/SUR,2009,2499.0
dcs:who/MALARIA_CONF_CASES,dcid:country/SWZ,2003,342.0
dcs:who/MALARIA_CONF_CASES,dcid:country/SWZ,2009,106.0
dcs:who/MALARIA_CONF_CASES,dcid:country/SWZ,2019,589.0
dcs:who/MALARIA_CONF_CASES,dcid:country/SWZ,2007,84.0
dcs:who/MALARIA_CONF_CASES,dcid:country/SWZ,2017,1127.0
dcs:who/MALARIA_CONF_CASES,dcid:country/SWZ,2012,562.0
dcs:who/MALARIA_CONF_CASES,dcid:country/SWZ,2013,962.0
dcs:who/MALARIA_CONF_CASES,dcid:country/SWZ,2002,670.0
dcs:who/MALARIA_CONF_CASES,dcid:country/SWZ,2015,475.0
dcs:who/MALARIA_CONF_CASES,dcid:country/SWZ,2005,279.0
dcs:who/MALARIA_CONF_CASES,dcid:country/SWZ,2020,325.0
dcs:who/MALARIA_CONF_CASES,dcid:country/SWZ,2006,155.0
dcs:who/MALARIA_CONF_CASES,dcid:country/SWZ,2010,268.0
dcs:who/MALARIA_CONF_CASES,dcid:country/SWZ,2021,581.0
dcs:who/MALARIA_CONF_CASES,dcid:country/SWZ,2016,317.0
dcs:who/MALARIA_CONF_CASES,dcid:country/SWZ,2004,574.0
dcs:who/MALARIA_CONF_CASES,dcid:country/SWZ,2018,957.0
dcs:who/MALARIA_CONF_CASES,dcid:country/SWZ,2014,711.0
dcs:who/MALARIA_CONF_CASES,dcid:country/SWZ,2001,1395.0
dcs:who/MALARIA_CONF_CASES,dcid:country/SWZ,2008,58.0
dcs:who/MALARIA_CONF_CASES,dcid:country/SWZ,2011,549.0
dcs:who/MALARIA_CONF_CASES,dcid:country/SYR,2017,39.0
dcs:who/MALARIA_CONF_CASES,dcid:country/SYR,2007,37.0
dcs:who/MALARIA_CONF_CASES,dcid:country/SYR,2020,9.0
dcs:who/MALARIA_CONF_CASES,dcid:country/SYR,2003,24.0
dcs:who/MALARIA_CONF_CASES,dcid:country/SYR,2005,28.0
dcs:who/MALARIA_CONF_CASES,dcid:country/SYR,2015,12.0
dcs:who/MALARIA_CONF_CASES,dcid:country/SYR,2002,27.0
dcs:who/MALARIA_CONF_CASES,dcid:country/SYR,2012,42.0
dcs:who/MALARIA_CONF_CASES,dcid:country/SYR,2013,22.0
dcs:who/MALARIA_CONF_CASES,dcid:country/SYR,2008,51.0
dcs:who/MALARIA_CONF_CASES,dcid:country/SYR,2018,16.0
dcs:who/MALARIA_CONF_CASES,dcid:country/SYR,2011,48.0
dcs:who/MALARIA_CONF_CASES,dcid:country/SYR,2004,13.0
dcs:who/MALARIA_CONF_CASES,dcid:country/SYR,2001,79.0
dcs:who/MALARIA_CONF_CASES,dcid:country/SYR,2014,21.0
dcs:who/MALARIA_CONF_CASES,dcid:country/SYR,2021,12.0
dcs:who/MALARIA_CONF_CASES,dcid:country/SYR,2010,23.0
dcs:who/MALARIA_CONF_CASES,dcid:country/SYR,2000,42.0
dcs:who/MALARIA_CONF_CASES,dcid:country/SYR,2016,12.0
dcs:who/MALARIA_CONF_CASES,dcid:country/SYR,2006,34.0
dcs:who/MALARIA_CONF_CASES,dcid:country/SYR,2009,39.0
dcs:who/MALARIA_CONF_CASES,dcid:country/SYR,2019,23.0
dcs:who/MALARIA_CONF_CASES,dcid:country/TCD,2001,38287.0
dcs:who/MALARIA_CONF_CASES,dcid:country/TCD,2008,47757.0
dcs:who/MALARIA_CONF_CASES,dcid:country/TCD,2011,181126.0
dcs:who/MALARIA_CONF_CASES,dcid:country/TCD,2004,1360.0
dcs:who/MALARIA_CONF_CASES,dcid:country/TCD,2018,1364706.0
dcs:who/MALARIA_CONF_CASES,dcid:country/TCD,2014,914032.0
dcs:who/MALARIA_CONF_CASES,dcid:country/TCD,2000,40078.0
dcs:who/MALARIA_CONF_CASES,dcid:country/TCD,2021,1418539.0
dcs:who/MALARIA_CONF_CASES,dcid:country/TCD,2010,200448.0
dcs:who/MALARIA_CONF_CASES,dcid:country/TCD,2016,1294768.0
dcs:who/MALARIA_CONF_CASES,dcid:country/TCD,2006,45155.0
dcs:who/MALARIA_CONF_CASES,dcid:country/TCD,2019,1632529.0
dcs:who/MALARIA_CONF_CASES,dcid:country/TCD,2007,48288.0
dcs:who/MALARIA_CONF_CASES,dcid:country/TCD,2017,1962372.0
dcs:who/MALARIA_CONF_CASES,dcid:country/TCD,2020,1544194.0
dcs:who/MALARIA_CONF_CASES,dcid:country/TCD,2003,45195.0
dcs:who/MALARIA_CONF_CASES,dcid:country/TCD,2015,787046.0
dcs:who/MALARIA_CONF_CASES,dcid:country/TCD,2005,31668.0
dcs:who/MALARIA_CONF_CASES,dcid:country/TCD,2002,43933.0
dcs:who/MALARIA_CONF_CASES,dcid:country/TCD,2013,754565.0
dcs:who/MALARIA_CONF_CASES,dcid:country/TCD,2012,7710.0
dcs:who/MALARIA_CONF_CASES,dcid:country/TGO,2011,506764.0
dcs:who/MALARIA_CONF_CASES,dcid:country/TGO,2021,996364.0
dcs:who/MALARIA_CONF_CASES,dcid:country/TGO,2001,29379.0
dcs:who/MALARIA_CONF_CASES,dcid:country/TGO,2015,1610711.0
dcs:who/MALARIA_CONF_CASES,dcid:country/TGO,2010,1019029.0
dcs:who/MALARIA_CONF_CASES,dcid:country/TGO,2000,25083.0
dcs:who/MALARIA_CONF_CASES,dcid:country/TGO,2005,28601.0
dcs:who/MALARIA_CONF_CASES,dcid:country/TGO,2002,28771.0
dcs:who/MALARIA_CONF_CASES,dcid:country/TGO,2006,30132.0
dcs:who/MALARIA_CONF_CASES,dcid:country/TGO,2016,1746334.0
dcs:who/MALARIA_CONF_CASES,dcid:country/TGO,2012,909129.0
dcs:who/MALARIA_CONF_CASES,dcid:country/TGO,2008,402739.0
dcs:who/MALARIA_CONF_CASES,dcid:country/TGO,2018,2002877.0
dcs:who/MALARIA_CONF_CASES,dcid:country/TGO,2004,27467.0
dcs:who/MALARIA_CONF_CASES,dcid:country/TGO,2014,1524339.0
dcs:who/MALARIA_CONF_CASES,dcid:country/TGO,2003,26079.0
dcs:who/MALARIA_CONF_CASES,dcid:country/TGO,2013,965832.0
dcs:who/MALARIA_CONF_CASES,dcid:country/TGO,2017,1756582.0
dcs:who/MALARIA_CONF_CASES,dcid:country/TGO,2009,654733.0
dcs:who/MALARIA_CONF_CASES,dcid:country/TGO,2019,2406091.0
dcs:who/MALARIA_CONF_CASES,dcid:country/TGO,2007,219818.0
dcs:who/MALARIA_CONF_CASES,dcid:country/THA,2000,78561.0
dcs:who/MALARIA_CONF_CASES,dcid:country/THA,2021,3279.0
dcs:who/MALARIA_CONF_CASES,dcid:country/THA,2010,32480.0
dcs:who/MALARIA_CONF_CASES,dcid:country/THA,2011,24897.0
dcs:who/MALARIA_CONF_CASES,dcid:country/THA,2001,63528.0
dcs:who/MALARIA_CONF_CASES,dcid:country/THA,2002,44555.0
dcs:who/MALARIA_CONF_CASES,dcid:country/THA,2015,24155.0
dcs:who/MALARIA_CONF_CASES,dcid:country/THA,2012,46895.0
dcs:who/MALARIA_CONF_CASES,dcid:country/THA,2005,29782.0
dcs:who/MALARIA_CONF_CASES,dcid:country/THA,2020,3940.0
dcs:who/MALARIA_CONF_CASES,dcid:country/THA,2008,28569.0
dcs:who/MALARIA_CONF_CASES,dcid:country/THA,2018,6750.0
dcs:who/MALARIA_CONF_CASES,dcid:country/THA,2014,41218.0
dcs:who/MALARIA_CONF_CASES,dcid:country/THA,2004,26690.0
dcs:who/MALARIA_CONF_CASES,dcid:country/THA,2016,17800.0
dcs:who/MALARIA_CONF_CASES,dcid:country/THA,2006,30294.0
dcs:who/MALARIA_CONF_CASES,dcid:country/THA,2007,33178.0
dcs:who/MALARIA_CONF_CASES,dcid:country/THA,2017,11440.0
dcs:who/MALARIA_CONF_CASES,dcid:country/THA,2019,5421.0
dcs:who/MALARIA_CONF_CASES,dcid:country/THA,2009,29462.0
dcs:who/MALARIA_CONF_CASES,dcid:country/THA,2013,41602.0
dcs:who/MALARIA_CONF_CASES,dcid:country/THA,2003,37355.0
dcs:who/MALARIA_CONF_CASES,dcid:country/TJK,2006,1344.0
dcs:who/MALARIA_CONF_CASES,dcid:country/TJK,2016,1.0
dcs:who/MALARIA_CONF_CASES,dcid:country/TJK,2000,19064.0
dcs:who/MALARIA_CONF_CASES,dcid:country/TJK,2010,116.0
dcs:who/MALARIA_CONF_CASES,dcid:country/TJK,2015,4.0
dcs:who/MALARIA_CONF_CASES,dcid:country/TJK,2011,100.0
dcs:who/MALARIA_CONF_CASES,dcid:country/TJK,2001,11387.0
dcs:who/MALARIA_CONF_CASES,dcid:country/TJK,2004,3588.0
dcs:who/MALARIA_CONF_CASES,dcid:country/TJK,2009,165.0
dcs:who/MALARIA_CONF_CASES,dcid:country/TJK,2019,3.0
dcs:who/MALARIA_CONF_CASES,dcid:country/TJK,2014,7.0
dcs:who/MALARIA_CONF_CASES,dcid:country/TJK,2008,318.0
dcs:who/MALARIA_CONF_CASES,dcid:country/TJK,2013,25.0
dcs:who/MALARIA_CONF_CASES,dcid:country/TJK,2003,5428.0
dcs:who/MALARIA_CONF_CASES,dcid:country/TJK,2005,2310.0
dcs:who/MALARIA_CONF_CASES,dcid:country/TJK,2012,54.0
dcs:who/MALARIA_CONF_CASES,dcid:country/TJK,2002,6160.0
dcs:who/MALARIA_CONF_CASES,dcid:country/TJK,2007,635.0
dcs:who/MALARIA_CONF_CASES,dcid:country/TJK,2017,3.0
dcs:who/MALARIA_CONF_CASES,dcid:country/TJK,2020,0.0
dcs:who/MALARIA_CONF_CASES,dcid:country/TKM,2012,0.0
dcs:who/MALARIA_CONF_CASES,dcid:country/TKM,2002,22.0
dcs:who/MALARIA_CONF_CASES,dcid:country/TKM,2010,0.0
dcs:who/MALARIA_CONF_CASES,dcid:country/TKM,2000,34.0
dcs:who/MALARIA_CONF_CASES,dcid:country/TKM,2005,2.0
dcs:who/MALARIA_CONF_CASES,dcid:country/TKM,2015,0.0
dcs:who/MALARIA_CONF_CASES,dcid:country/TKM,2020,0.0
dcs:who/MALARIA_CONF_CASES,dcid:country/TKM,2008,1.0
dcs:who/MALARIA_CONF_CASES,dcid:country/TKM,2018,0.0
dcs:who/MALARIA_CONF_CASES,dcid:country/TKM,2001,11.0
dcs:who/MALARIA_CONF_CASES,dcid:country/TKM,2011,0.0
dcs:who/MALARIA_CONF_CASES,dcid:country/TKM,2009,0.0
dcs:who/MALARIA_CONF_CASES,dcid:country/TKM,2019,3.0
dcs:who/MALARIA_CONF_CASES,dcid:country/TKM,2004,3.0
dcs:who/MALARIA_CONF_CASES,dcid:country/TKM,2014,0.0
dcs:who/MALARIA_CONF_CASES,dcid:country/TKM,2006,2.0
dcs:who/MALARIA_CONF_CASES,dcid:country/TKM,2016,0.0
dcs:who/MALARIA_CONF_CASES,dcid:country/TKM,2003,8.0
dcs:who/MALARIA_CONF_CASES,dcid:country/TKM,2013,0.0
dcs:who/MALARIA_CONF_CASES,dcid:country/TKM,2017,0.0
dcs:who/MALARIA_CONF_CASES,dcid:country/TKM,2007,0.0
dcs:who/MALARIA_CONF_CASES,dcid:country/TLS,2008,51260.0
dcs:who/MALARIA_CONF_CASES,dcid:country/TLS,2018,8.0
dcs:who/MALARIA_CONF_CASES,dcid:country/TLS,2006,51373.0
dcs:who/MALARIA_CONF_CASES,dcid:country/TLS,2016,94.0
dcs:who/MALARIA_CONF_CASES,dcid:country/TLS,2009,38719.0
dcs:who/MALARIA_CONF_CASES,dcid:country/TLS,2019,9.0
dcs:who/MALARIA_CONF_CASES,dcid:country/TLS,2004,55322.0
dcs:who/MALARIA_CONF_CASES,dcid:country/TLS,2014,342.0
dcs:who/MALARIA_CONF_CASES,dcid:country/TLS,2011,19735.0
dcs:who/MALARIA_CONF_CASES,dcid:country/TLS,2007,52813.0
dcs:who/MALARIA_CONF_CASES,dcid:country/TLS,2003,48803.0
dcs:who/MALARIA_CONF_CASES,dcid:country/TLS,2012,5208.0
dcs:who/MALARIA_CONF_CASES,dcid:country/TLS,2013,1025.0
dcs:who/MALARIA_CONF_CASES,dcid:country/TLS,2021,0.0
dcs:who/MALARIA_CONF_CASES,dcid:country/TLS,2017,30.0
dcs:who/MALARIA_CONF_CASES,dcid:country/TLS,2020,14.0
dcs:who/MALARIA_CONF_CASES,dcid:country/TLS,2002,37799.0
dcs:who/MALARIA_CONF_CASES,dcid:country/TLS,2010,48139.0
dcs:who/MALARIA_CONF_CASES,dcid:country/TLS,2000,15212.0
dcs:who/MALARIA_CONF_CASES,dcid:country/TLS,2005,58616.0
dcs:who/MALARIA_CONF_CASES,dcid:country/TLS,2015,80.0
dcs:who/MALARIA_CONF_CASES,dcid:country/TUR,2009,122.0
dcs:who/MALARIA_CONF_CASES,dcid:country/TUR,2007,671.0
dcs:who/MALARIA_CONF_CASES,dcid:country/TUR,2013,285.0
dcs:who/MALARIA_CONF_CASES,dcid:country/TUR,2003,9262.0
dcs:who/MALARIA_CONF_CASES,dcid:country/TUR,2017,214.0
dcs:who/MALARIA_CONF_CASES,dcid:country/TUR,2019,279.0
dcs:who/MALARIA_CONF_CASES,dcid:country/TUR,2010,90.0
dcs:who/MALARIA_CONF_CASES,dcid:country/TUR,2000,11483.0
dcs:who/MALARIA_CONF_CASES,dcid:country/TUR,2005,2132.0
dcs:who/MALARIA_CONF_CASES,dcid:country/TUR,2020,135.0
dcs:who/MALARIA_CONF_CASES,dcid:country/TUR,2015,224.0
dcs:who/MALARIA_CONF_CASES,dcid:country/TUR,2016,209.0
dcs:who/MALARIA_CONF_CASES,dcid:country/TUR,2006,1592.0
dcs:who/MALARIA_CONF_CASES,dcid:country/TUR,2002,10264.0
dcs:who/MALARIA_CONF_CASES,dcid:country/TUR,2012,595.0
dcs:who/MALARIA_CONF_CASES,dcid:country/TUR,2018,238.0
dcs:who/MALARIA_CONF_CASES,dcid:country/TUR,2008,381.0
dcs:who/MALARIA_CONF_CASES,dcid:country/TUR,2011,132.0
dcs:who/MALARIA_CONF_CASES,dcid:country/TUR,2001,10866.0
dcs:who/MALARIA_CONF_CASES,dcid:country/TUR,2014,254.0
dcs:who/MALARIA_CONF_CASES,dcid:country/TUR,2004,5352.0
dcs:who/MALARIA_CONF_CASES,dcid:country/TZA,2019,5913584.0
dcs:who/MALARIA_CONF_CASES,dcid:country/TZA,2013,1554690.0
dcs:who/MALARIA_CONF_CASES,dcid:country/TZA,2003,1992319.0
dcs:who/MALARIA_CONF_CASES,dcid:country/TZA,2009,3248.0
dcs:who/MALARIA_CONF_CASES,dcid:country/TZA,2017,5744907.0
dcs:who/MALARIA_CONF_CASES,dcid:country/TZA,2007,1846210.0
dcs:who/MALARIA_CONF_CASES,dcid:country/TZA,2004,2514318.0
dcs:who/MALARIA_CONF_CASES,dcid:country/TZA,2014,680407.0
dcs:who/MALARIA_CONF_CASES,dcid:country/TZA,2002,59451.0
dcs:who/MALARIA_CONF_CASES,dcid:country/TZA,2012,1987629.0
dcs:who/MALARIA_CONF_CASES,dcid:country/TZA,2018,6053714.0
dcs:who/MALARIA_CONF_CASES,dcid:country/TZA,2021,4456818.0
dcs:who/MALARIA_CONF_CASES,dcid:country/TZA,2008,4508.0
dcs:who/MALARIA_CONF_CASES,dcid:country/TZA,2005,2771677.0
dcs:who/MALARIA_CONF_CASES,dcid:country/TZA,2000,17734.0
dcs:who/MALARIA_CONF_CASES,dcid:country/TZA,2015,4902828.0
dcs:who/MALARIA_CONF_CASES,dcid:country/TZA,2016,5762462.0
dcs:who/MALARIA_CONF_CASES,dcid:country/TZA,2010,1279362.0
dcs:who/MALARIA_CONF_CASES,dcid:country/TZA,2020,5977913.0
dcs:who/MALARIA_CONF_CASES,dcid:country/TZA,2001,56922.0
dcs:who/MALARIA_CONF_CASES,dcid:country/TZA,2011,2151236.0
dcs:who/MALARIA_CONF_CASES,dcid:country/TZA,2006,1929881.0
dcs:who/MALARIA_CONF_CASES,dcid:country/UGA,2017,11667831.0
dcs:who/MALARIA_CONF_CASES,dcid:country/UGA,2003,801784.0
dcs:who/MALARIA_CONF_CASES,dcid:country/UGA,2013,1502362.0
dcs:who/MALARIA_CONF_CASES,dcid:country/UGA,2015,7412747.0
dcs:who/MALARIA_CONF_CASES,dcid:country/UGA,2007,1045378.0
dcs:who/MALARIA_CONF_CASES,dcid:country/UGA,2010,1666582.0
dcs:who/MALARIA_CONF_CASES,dcid:country/UGA,2020,16329136.0
dcs:who/MALARIA_CONF_CASES,dcid:country/UGA,2005,1104310.0
dcs:who/MALARIA_CONF_CASES,dcid:country/UGA,2002,557159.0
dcs:who/MALARIA_CONF_CASES,dcid:country/UGA,2012,2662258.0
dcs:who/MALARIA_CONF_CASES,dcid:country/UGA,2004,879032.0
dcs:who/MALARIA_CONF_CASES,dcid:country/UGA,2014,3631939.0
dcs:who/MALARIA_CONF_CASES,dcid:country/UGA,2018,5759174.0
dcs:who/MALARIA_CONF_CASES,dcid:country/UGA,2008,979298.0
dcs:who/MALARIA_CONF_CASES,dcid:country/UGA,2021,14336387.0
dcs:who/MALARIA_CONF_CASES,dcid:country/UGA,2011,316241.0
dcs:who/MALARIA_CONF_CASES,dcid:country/UGA,2006,867398.0
dcs:who/MALARIA_CONF_CASES,dcid:country/UGA,2019,13982362.0
dcs:who/MALARIA_CONF_CASES,dcid:country/UGA,2016,9735849.0
dcs:who/MALARIA_CONF_CASES,dcid:country/UGA,2009,1301337.0
dcs:who/MALARIA_CONF_CASES,dcid:country/UZB,2018,0.0
dcs:who/MALARIA_CONF_CASES,dcid:country/UZB,2004,101.0
dcs:who/MALARIA_CONF_CASES,dcid:country/UZB,2014,1.0
dcs:who/MALARIA_CONF_CASES,dcid:country/UZB,2008,34.0
dcs:who/MALARIA_CONF_CASES,dcid:country/UZB,2001,145.0
dcs:who/MALARIA_CONF_CASES,dcid:country/UZB,2011,1.0
dcs:who/MALARIA_CONF_CASES,dcid:country/UZB,2019,1.0
dcs:who/MALARIA_CONF_CASES,dcid:country/UZB,2009,4.0
dcs:who/MALARIA_CONF_CASES,dcid:country/UZB,2007,119.0
dcs:who/MALARIA_CONF_CASES,dcid:country/UZB,2017,0.0
dcs:who/MALARIA_CONF_CASES,dcid:country/UZB,2006,149.0
dcs:who/MALARIA_CONF_CASES,dcid:country/UZB,2016,0.0
dcs:who/MALARIA_CONF_CASES,dcid:country/UZB,2003,141.0
dcs:who/MALARIA_CONF_CASES,dcid:country/UZB,2002,137.0
dcs:who/MALARIA_CONF_CASES,dcid:country/UZB,2013,3.0
dcs:who/MALARIA_CONF_CASES,dcid:country/UZB,2012,1.0
dcs:who/MALARIA_CONF_CASES,dcid:country/UZB,2020,2.0
dcs:who/MALARIA_CONF_CASES,dcid:country/UZB,2000,206.0
dcs:who/MALARIA_CONF_CASES,dcid:country/UZB,2005,140.0
dcs:who/MALARIA_CONF_CASES,dcid:country/UZB,2010,6.0
dcs:who/MALARIA_CONF_CASES,dcid:country/UZB,2015,0.0
dcs:who/MALARIA_CONF_CASES,dcid:country/VEN,2003,31719.0
dcs:who/MALARIA_CONF_CASES,dcid:country/VEN,2013,80320.0
dcs:who/MALARIA_CONF_CASES,dcid:country/VEN,2009,35828.0
dcs:who/MALARIA_CONF_CASES,dcid:country/VEN,2019,492753.0
dcs:who/MALARIA_CONF_CASES,dcid:country/VEN,2017,525897.0
dcs:who/MALARIA_CONF_CASES,dcid:country/VEN,2007,41749.0
dcs:who/MALARIA_CONF_CASES,dcid:country/VEN,2001,20006.0
dcs:who/MALARIA_CONF_CASES,dcid:country/VEN,2021,194057.0
dcs:who/MALARIA_CONF_CASES,dcid:country/VEN,2011,45824.0
dcs:who/MALARIA_CONF_CASES,dcid:country/VEN,2005,45049.0
dcs:who/MALARIA_CONF_CASES,dcid:country/VEN,2015,137996.0
dcs:who/MALARIA_CONF_CASES,dcid:country/VEN,2016,301466.0
dcs:who/MALARIA_CONF_CASES,dcid:country/VEN,2012,52803.0
dcs:who/MALARIA_CONF_CASES,dcid:country/VEN,2002,29491.0
dcs:who/MALARIA_CONF_CASES,dcid:country/VEN,2006,37062.0
dcs:who/MALARIA_CONF_CASES,dcid:country/VEN,2014,91918.0
dcs:who/MALARIA_CONF_CASES,dcid:country/VEN,2004,46655.0
dcs:who/MALARIA_CONF_CASES,dcid:country/VEN,2008,32037.0
dcs:who/MALARIA_CONF_CASES,dcid:country/VEN,2010,45155.0
dcs:who/MALARIA_CONF_CASES,dcid:country/VEN,2018,522059.0
dcs:who/MALARIA_CONF_CASES,dcid:country/VEN,2000,29736.0
dcs:who/MALARIA_CONF_CASES,dcid:country/VEN,2020,232757.0
dcs:who/MALARIA_CONF_CASES,dcid:country/VNM,2001,68699.0
dcs:who/MALARIA_CONF_CASES,dcid:country/VNM,2011,16612.0
dcs:who/MALARIA_CONF_CASES,dcid:country/VNM,2021,467.0
dcs:who/MALARIA_CONF_CASES,dcid:country/VNM,2005,19496.0
dcs:who/MALARIA_CONF_CASES,dcid:country/VNM,2000,74316.0
dcs:who/MALARIA_CONF_CASES,dcid:country/VNM,2010,17515.0
dcs:who/MALARIA_CONF_CASES,dcid:country/VNM,2015,9331.0
dcs:who/MALARIA_CONF_CASES,dcid:country/VNM,2020,1422.0
dcs:who/MALARIA_CONF_CASES,dcid:country/VNM,2006,22637.0
dcs:who/MALARIA_CONF_CASES,dcid:country/VNM,2002,47807.0
dcs:who/MALARIA_CONF_CASES,dcid:country/VNM,2012,19638.0
dcs:who/MALARIA_CONF_CASES,dcid:country/VNM,2016,4161.0
dcs:who/MALARIA_CONF_CASES,dcid:country/VNM,2008,11355.0
dcs:who/MALARIA_CONF_CASES,dcid:country/VNM,2018,4813.0
dcs:who/MALARIA_CONF_CASES,dcid:country/VNM,2004,24909.0
dcs:who/MALARIA_CONF_CASES,dcid:country/VNM,2014,15752.0
dcs:who/MALARIA_CONF_CASES,dcid:country/VNM,2013,17128.0
dcs:who/MALARIA_CONF_CASES,dcid:country/VNM,2003,38790.0
dcs:who/MALARIA_CONF_CASES,dcid:country/VNM,2009,16130.0
dcs:who/MALARIA_CONF_CASES,dcid:country/VNM,2007,16389.0
dcs:who/MALARIA_CONF_CASES,dcid:country/VNM,2017,4548.0
dcs:who/MALARIA_CONF_CASES,dcid:country/VNM,2019,4765.0
dcs:who/MALARIA_CONF_CASES,dcid:country/VUT,2001,7647.0
dcs:who/MALARIA_CONF_CASES,dcid:country/VUT,2011,6179.0
dcs:who/MALARIA_CONF_CASES,dcid:country/VUT,2018,644.0
dcs:who/MALARIA_CONF_CASES,dcid:country/VUT,2008,4567.0
dcs:who/MALARIA_CONF_CASES,dcid:country/VUT,2015,571.0
dcs:who/MALARIA_CONF_CASES,dcid:country/VUT,2000,6768.0
dcs:who/MALARIA_CONF_CASES,dcid:country/VUT,2005,9834.0
dcs:who/MALARIA_CONF_CASES,dcid:country/VUT,2021,322.0
dcs:who/MALARIA_CONF_CASES,dcid:country/VUT,2010,9817.0
dcs:who/MALARIA_CONF_CASES,dcid:country/VUT,2006,8055.0
dcs:who/MALARIA_CONF_CASES,dcid:country/VUT,2016,2252.0
dcs:who/MALARIA_CONF_CASES,dcid:country/VUT,2004,14653.0
dcs:who/MALARIA_CONF_CASES,dcid:country/VUT,2014,1314.0
dcs:who/MALARIA_CONF_CASES,dcid:country/VUT,2019,576.0
dcs:who/MALARIA_CONF_CASES,dcid:country/VUT,2009,4656.0
dcs:who/MALARIA_CONF_CASES,dcid:country/VUT,2002,14339.0
dcs:who/MALARIA_CONF_CASES,dcid:country/VUT,2020,507.0
dcs:who/MALARIA_CONF_CASES,dcid:country/VUT,2007,5471.0
dcs:who/MALARIA_CONF_CASES,dcid:country/VUT,2003,15240.0
dcs:who/MALARIA_CONF_CASES,dcid:country/VUT,2013,2883.0
dcs:who/MALARIA_CONF_CASES,dcid:country/VUT,2012,4532.0
dcs:who/MALARIA_CONF_CASES,dcid:country/VUT,2017,1228.0
dcs:who/MALARIA_CONF_CASES,dcid:country/YEM,2002,75508.0
dcs:who/MALARIA_CONF_CASES,dcid:country/YEM,2012,112359.0
dcs:who/MALARIA_CONF_CASES,dcid:country/YEM,2010,106697.0
dcs:who/MALARIA_CONF_CASES,dcid:country/YEM,2015,76259.0
dcs:who/MALARIA_CONF_CASES,dcid:country/YEM,2005,44150.0
dcs:who/MALARIA_CONF_CASES,dcid:country/YEM,2020,164066.0
dcs:who/MALARIA_CONF_CASES,dcid:country/YEM,2021,180339.0
dcs:who/MALARIA_CONF_CASES,dcid:country/YEM,2011,90954.0
dcs:who/MALARIA_CONF_CASES,dcid:country/YEM,2016,99700.0
dcs:who/MALARIA_CONF_CASES,dcid:country/YEM,2009,55454.0
dcs:who/MALARIA_CONF_CASES,dcid:country/YEM,2019,165899.0
dcs:who/MALARIA_CONF_CASES,dcid:country/YEM,2014,86707.0
dcs:who/MALARIA_CONF_CASES,dcid:country/YEM,2006,55000.0
dcs:who/MALARIA_CONF_CASES,dcid:country/YEM,2004,48756.0
dcs:who/MALARIA_CONF_CASES,dcid:country/YEM,2008,44206.0
dcs:who/MALARIA_CONF_CASES,dcid:country/YEM,2018,157900.0
dcs:who/MALARIA_CONF_CASES,dcid:country/YEM,2003,50811.0
dcs:who/MALARIA_CONF_CASES,dcid:country/YEM,2013,102778.0
dcs:who/MALARIA_CONF_CASES,dcid:country/YEM,2007,67677.0
dcs:who/MALARIA_CONF_CASES,dcid:country/YEM,2017,143333.0
dcs:who/MALARIA_CONF_CASES,dcid:country/ZAF,2018,10789.0
dcs:who/MALARIA_CONF_CASES,dcid:country/ZAF,2001,26506.0
dcs:who/MALARIA_CONF_CASES,dcid:country/ZAF,2021,5812.0
dcs:who/MALARIA_CONF_CASES,dcid:country/ZAF,2008,7796.0
dcs:who/MALARIA_CONF_CASES,dcid:country/ZAF,2015,4959.0
dcs:who/MALARIA_CONF_CASES,dcid:country/ZAF,2010,8060.0
dcs:who/MALARIA_CONF_CASES,dcid:country/ZAF,2020,8126.0
dcs:who/MALARIA_CONF_CASES,dcid:country/ZAF,2005,7755.0
dcs:who/MALARIA_CONF_CASES,dcid:country/ZAF,2004,13399.0
dcs:who/MALARIA_CONF_CASES,dcid:country/ZAF,2014,11705.0
dcs:who/MALARIA_CONF_CASES,dcid:country/ZAF,2016,4323.0
dcs:who/MALARIA_CONF_CASES,dcid:country/ZAF,2006,12098.0
dcs:who/MALARIA_CONF_CASES,dcid:country/ZAF,2011,9866.0
dcs:who/MALARIA_CONF_CASES,dcid:country/ZAF,2009,6072.0
dcs:who/MALARIA_CONF_CASES,dcid:country/ZAF,2019,13833.0
dcs:who/MALARIA_CONF_CASES,dcid:country/ZAF,2017,29615.0
dcs:who/MALARIA_CONF_CASES,dcid:country/ZAF,2007,6327.0
dcs:who/MALARIA_CONF_CASES,dcid:country/ZAF,2012,6621.0
dcs:who/MALARIA_CONF_CASES,dcid:country/ZAF,2002,15649.0
dcs:who/MALARIA_CONF_CASES,dcid:country/ZAF,2003,13459.0
dcs:who/MALARIA_CONF_CASES,dcid:country/ZAF,2013,8645.0
dcs:who/MALARIA_CONF_CASES,dcid:country/ZMB,2017,5505639.0
dcs:who/MALARIA_CONF_CASES,dcid:country/ZMB,2020,8121215.0
dcs:who/MALARIA_CONF_CASES,dcid:country/ZMB,2021,6769142.0
dcs:who/MALARIA_CONF_CASES,dcid:country/ZMB,2015,4184661.0
dcs:who/MALARIA_CONF_CASES,dcid:country/ZMB,2016,4851319.0
dcs:who/MALARIA_CONF_CASES,dcid:country/ZMB,2018,5039679.0
dcs:who/MALARIA_CONF_CASES,dcid:country/ZMB,2019,5147350.0
dcs:who/MALARIA_CONF_CASES,dcid:country/ZMB,2014,4077547.0
dcs:who/MALARIA_CONF_CASES,dcid:country/ZWE,2013,423702.0
dcs:who/MALARIA_CONF_CASES,dcid:country/ZWE,2005,18954.0
dcs:who/MALARIA_CONF_CASES,dcid:country/ZWE,2020,447381.0
dcs:who/MALARIA_CONF_CASES,dcid:country/ZWE,2012,277736.0
dcs:who/MALARIA_CONF_CASES,dcid:country/ZWE,2015,484794.0
dcs:who/MALARIA_CONF_CASES,dcid:country/ZWE,2010,249379.0
dcs:who/MALARIA_CONF_CASES,dcid:country/ZWE,2021,133137.0
dcs:who/MALARIA_CONF_CASES,dcid:country/ZWE,2008,16394.0
dcs:who/MALARIA_CONF_CASES,dcid:country/ZWE,2018,264018.0
dcs:who/MALARIA_CONF_CASES,dcid:country/ZWE,2006,19702.0
dcs:who/MALARIA_CONF_CASES,dcid:country/ZWE,2016,316989.0
dcs:who/MALARIA_CONF_CASES,dcid:country/ZWE,2011,321901.0
dcs:who/MALARIA_CONF_CASES,dcid:country/ZWE,2017,471798.0
dcs:who/MALARIA_CONF_CASES,dcid:country/ZWE,2007,116518.0
dcs:who/MALARIA_CONF_CASES,dcid:country/ZWE,2004,16990.0
dcs:who/MALARIA_CONF_CASES,dcid:country/ZWE,2019,308173.0
dcs:who/MALARIA_CONF_CASES,dcid:country/ZWE,2014,550696.0
dcs:who/MALARIA_CONF_CASES,dcid:country/ZWE,2009,57014.0
dcs:who/MALARIA_CONF_CASES,dcid:europe,2010,271.0
dcs:who/MALARIA_CONF_CASES,dcid:europe,2000,32797.0
dcs:who/MALARIA_CONF_CASES,dcid:europe,2009,382.0
dcs:who/MALARIA_CONF_CASES,dcid:europe,2001,24061.0
dcs:who/MALARIA_CONF_CASES,dcid:europe,2019,295.0
dcs:who/MALARIA_CONF_CASES,dcid:europe,2011,252.0
dcs:who/MALARIA_CONF_CASES,dcid:europe,2004,9871.0
dcs:who/MALARIA_CONF_CASES,dcid:europe,2014,270.0
dcs:who/MALARIA_CONF_CASES,dcid:europe,2016,226.0
dcs:who/MALARIA_CONF_CASES,dcid:europe,2006,3669.0
dcs:who/MALARIA_CONF_CASES,dcid:europe,2018,255.0
dcs:who/MALARIA_CONF_CASES,dcid:europe,2008,834.0
dcs:who/MALARIA_CONF_CASES,dcid:europe,2002,20396.0
dcs:who/MALARIA_CONF_CASES,dcid:europe,2012,666.0
dcs:who/MALARIA_CONF_CASES,dcid:europe,2013,328.0
dcs:who/MALARIA_CONF_CASES,dcid:europe,2007,1657.0
dcs:who/MALARIA_CONF_CASES,dcid:europe,2003,16163.0
dcs:who/MALARIA_CONF_CASES,dcid:europe,2017,231.0
dcs:who/MALARIA_CONF_CASES,dcid:europe,2015,238.0
dcs:who/MALARIA_CONF_CASES,dcid:europe,2005,5219.0
dcs:who/MALARIA_CONF_CASES,dcid:europe,2020,144.0
dcs:who/MALARIA_CONF_CASES,dcid:undata-geo/G00121000,2012,1004418.0
dcs:who/MALARIA_CONF_CASES,dcid:undata-geo/G00121000,2002,913913.0
dcs:who/MALARIA_CONF_CASES,dcid:undata-geo/G00121000,2007,1011638.0
dcs:who/MALARIA_CONF_CASES,dcid:undata-geo/G00121000,2017,1686025.0
dcs:who/MALARIA_CONF_CASES,dcid:undata-geo/G00121000,2013,1041927.0
dcs:who/MALARIA_CONF_CASES,dcid:undata-geo/G00121000,2003,1661933.0
dcs:who/MALARIA_CONF_CASES,dcid:undata-geo/G00121000,2005,950510.0
dcs:who/MALARIA_CONF_CASES,dcid:undata-geo/G00121000,2000,574537.0
dcs:who/MALARIA_CONF_CASES,dcid:undata-geo/G00121000,2010,1169899.0
dcs:who/MALARIA_CONF_CASES,dcid:undata-geo/G00121000,2020,2446508.0
dcs:who/MALARIA_CONF_CASES,dcid:undata-geo/G00121000,2015,1025681.0
dcs:who/MALARIA_CONF_CASES,dcid:undata-geo/G00121000,2016,1296572.0
dcs:who/MALARIA_CONF_CASES,dcid:undata-geo/G00121000,2021,2391070.0
dcs:who/MALARIA_CONF_CASES,dcid:undata-geo/G00121000,2006,1023269.0
dcs:who/MALARIA_CONF_CASES,dcid:undata-geo/G00121000,2018,2494090.0
dcs:who/MALARIA_CONF_CASES,dcid:undata-geo/G00121000,2008,850669.0
dcs:who/MALARIA_CONF_CASES,dcid:undata-geo/G00121000,2001,404048.0
dcs:who/MALARIA_CONF_CASES,dcid:undata-geo/G00121000,2011,1021178.0
dcs:who/MALARIA_CONF_CASES,dcid:undata-geo/G00121000,2009,1036921.0
dcs:who/MALARIA_CONF_CASES,dcid:undata-geo/G00121000,2004,982846.0
dcs:who/MALARIA_CONF_CASES,dcid:undata-geo/G00121000,2019,2602617.0
dcs:who/MALARIA_CONF_CASES,dcid:undata-geo/G00121000,2014,1556883.0
dcs:who/MALARIA_CONF_CASES,dcid:undata-geo/G00134000,2002,891465.0
dcs:who/MALARIA_CONF_CASES,dcid:undata-geo/G00134000,2012,470941.0
dcs:who/MALARIA_CONF_CASES,dcid:undata-geo/G00134000,2010,675951.0
dcs:who/MALARIA_CONF_CASES,dcid:undata-geo/G00134000,2021,524015.0
dcs:who/MALARIA_CONF_CASES,dcid:undata-geo/G00134000,2000,1177387.0
dcs:who/MALARIA_CONF_CASES,dcid:undata-geo/G00134000,2013,468056.0
dcs:who/MALARIA_CONF_CASES,dcid:undata-geo/G00134000,2020,583031.0
dcs:who/MALARIA_CONF_CASES,dcid:undata-geo/G00134000,2015,478623.0
dcs:who/MALARIA_CONF_CASES,dcid:undata-geo/G00134000,2005,1046161.0
dcs:who/MALARIA_CONF_CASES,dcid:undata-geo/G00134000,2006,916125.0
dcs:who/MALARIA_CONF_CASES,dcid:undata-geo/G00134000,2016,650966.0
dcs:who/MALARIA_CONF_CASES,dcid:undata-geo/G00134000,2001,978945.0
dcs:who/MALARIA_CONF_CASES,dcid:undata-geo/G00134000,2011,494012.0
dcs:who/MALARIA_CONF_CASES,dcid:undata-geo/G00134000,2003,886444.0
dcs:who/MALARIA_CONF_CASES,dcid:undata-geo/G00134000,2018,929923.0
dcs:who/MALARIA_CONF_CASES,dcid:undata-geo/G00134000,2008,560103.0
dcs:who/MALARIA_CONF_CASES,dcid:undata-geo/G00134000,2017,931744.0
dcs:who/MALARIA_CONF_CASES,dcid:undata-geo/G00134000,2014,410527.0
dcs:who/MALARIA_CONF_CASES,dcid:undata-geo/G00134000,2004,906445.0
dcs:who/MALARIA_CONF_CASES,dcid:undata-geo/G00134000,2009,569569.0
dcs:who/MALARIA_CONF_CASES,dcid:undata-geo/G00134000,2007,779230.0
dcs:who/MALARIA_CONF_CASES,dcid:undata-geo/G00134000,2019,848782.0
dcs:who/MALARIA_CONF_CASES,dcid:undata-geo/G00160000,2004,372152.0
dcs:who/MALARIA_CONF_CASES,dcid:undata-geo/G00160000,2001,382579.0
dcs:who/MALARIA_CONF_CASES,dcid:undata-geo/G00160000,2011,277039.0
dcs:who/MALARIA_CONF_CASES,dcid:undata-geo/G00160000,2014,483083.0
dcs:who/MALARIA_CONF_CASES,dcid:undata-geo/G00160000,2010,314967.0
dcs:who/MALARIA_CONF_CASES,dcid:undata-geo/G00160000,2021,753478.0
dcs:who/MALARIA_CONF_CASES,dcid:undata-geo/G00160000,2000,382403.0
dcs:who/MALARIA_CONF_CASES,dcid:undata-geo/G00160000,2016,667348.0
dcs:who/MALARIA_CONF_CASES,dcid:undata-geo/G00160000,2006,416639.0
dcs:who/MALARIA_CONF_CASES,dcid:undata-geo/G00160000,2018,664875.0
dcs:who/MALARIA_CONF_CASES,dcid:undata-geo/G00160000,2009,309431.0
dcs:who/MALARIA_CONF_CASES,dcid:undata-geo/G00160000,2008,275379.0
dcs:who/MALARIA_CONF_CASES,dcid:undata-geo/G00160000,2019,776405.0
dcs:who/MALARIA_CONF_CASES,dcid:undata-geo/G00160000,2007,333299.0
dcs:who/MALARIA_CONF_CASES,dcid:undata-geo/G00160000,2017,646513.0
dcs:who/MALARIA_CONF_CASES,dcid:undata-geo/G00160000,2015,502182.0
dcs:who/MALARIA_CONF_CASES,dcid:undata-geo/G00160000,2005,345673.0
dcs:who/MALARIA_CONF_CASES,dcid:undata-geo/G00160000,2003,381257.0
dcs:who/MALARIA_CONF_CASES,dcid:undata-geo/G00160000,2013,461621.0
dcs:who/MALARIA_CONF_CASES,dcid:undata-geo/G00160000,2020,853678.0
dcs:who/MALARIA_CONF_CASES,dcid:undata-geo/G00160000,2012,330421.0
dcs:who/MALARIA_CONF_CASES,dcid:undata-geo/G00160000,2002,344876.0
