SERIES,GEOGRAPHY,TIME_PERIOD,OBS_VALUE
dcs:who/overwgt5.WEALTHQUINTILE--WQ4,dcid:country/AGO,2015,4.1999
dcs:who/overwgt5.WEALTHQUINTILE--WQ3,dcid:country/AGO,2015,3.66945
dcs:who/overwgt5.WEALTHQUINTILE--WQ2,dcid:country/AGO,2015,2.64943
dcs:who/overwgt5.WEALTHQUINTILE--WQ1,dcid:country/AGO,2015,2.545
dcs:who/overwgt5.WEALTHQUINTILE--WQ5,dcid:country/AGO,2015,4.51461
dcs:who/overwgt5.SEX--M,dcid:country/AGO,2015,3.14795
dcs:who/overwgt5.SEX--F,dcid:country/AGO,2015,3.59802
dcs:who/overwgt5.RESIDENCEAREATYPE--URB,dcid:country/AGO,2015,3.9634
dcs:who/overwgt5.RESIDENCEAREATYPE--RUR,dcid:country/AGO,2015,2.55089
dcs:who/overwgt5.EDUCATIONLEVEL--NHLM,dcid:country/AGO,2015,3.08472
dcs:who/overwgt5.EDUCATIONLEVEL--PRLM,dcid:country/AGO,2015,3.2649
dcs:who/overwgt5.EDUCATIONLEVEL--SHLM,dcid:country/AGO,2015,4.29255
dcs:who/overwgt5.AGE--Y2T05,dcid:country/AGO,2015,2.3753
dcs:who/overwgt5.AGE--Y0T01,dcid:country/AGO,2015,4.75116
dcs:who/overwgt5,dcid:country/ALB,2017,13.68258
dcs:who/overwgt5.WEALTHQUINTILE--WQ5,dcid:country/ALB,2017,17.41031
dcs:who/overwgt5.WEALTHQUINTILE--WQ2,dcid:country/ALB,2017,16.7549
dcs:who/overwgt5.WEALTHQUINTILE--WQ1,dcid:country/ALB,2017,14.67847
dcs:who/overwgt5.WEALTHQUINTILE--WQ3,dcid:country/ALB,2017,16.45423
dcs:who/overwgt5.WEALTHQUINTILE--WQ4,dcid:country/ALB,2017,17.17572
dcs:who/overwgt5.WEALTHQUINTILE--WQ5,dcid:country/ALB,2008,24.19956
dcs:who/overwgt5.WEALTHQUINTILE--WQ2,dcid:country/ALB,2008,17.79193
dcs:who/overwgt5.WEALTHQUINTILE--WQ4,dcid:country/ALB,2008,20.02277
dcs:who/overwgt5.WEALTHQUINTILE--WQ3,dcid:country/ALB,2008,23.09958
dcs:who/overwgt5.WEALTHQUINTILE--WQ1,dcid:country/ALB,2008,30.44724
dcs:who/overwgt5.WEALTHQUINTILE--WQ1,dcid:country/ALB,2005,24.93264
dcs:who/overwgt5.WEALTHQUINTILE--WQ4,dcid:country/ALB,2005,27.74199
dcs:who/overwgt5.WEALTHQUINTILE--WQ5,dcid:country/ALB,2005,25.07438
dcs:who/overwgt5.WEALTHQUINTILE--WQ2,dcid:country/ALB,2005,20.33545
dcs:who/overwgt5.WEALTHQUINTILE--WQ3,dcid:country/ALB,2005,26.43833
dcs:who/overwgt5.SEX--M,dcid:country/ALB,2017,17.37633
dcs:who/overwgt5.SEX--F,dcid:country/ALB,2017,15.38124
dcs:who/overwgt5.SEX--F,dcid:country/ALB,2008,23.26254
dcs:who/overwgt5.SEX--M,dcid:country/ALB,2008,23.20768
dcs:who/overwgt5.SEX--F,dcid:country/ALB,2005,25.18232
dcs:who/overwgt5.SEX--M,dcid:country/ALB,2005,24.54945
dcs:who/overwgt5.RESIDENCEAREATYPE--RUR,dcid:country/ALB,2017,17.35536
dcs:who/overwgt5.RESIDENCEAREATYPE--URB,dcid:country/ALB,2017,15.5676
dcs:who/overwgt5.RESIDENCEAREATYPE--URB,dcid:country/ALB,2008,23.55955
dcs:who/overwgt5.RESIDENCEAREATYPE--RUR,dcid:country/ALB,2008,23.01408
dcs:who/overwgt5.RESIDENCEAREATYPE--URB,dcid:country/ALB,2005,30.01839
dcs:who/overwgt5.RESIDENCEAREATYPE--RUR,dcid:country/ALB,2005,21.99941
dcs:who/overwgt5.EDUCATIONLEVEL--SHLM,dcid:country/ALB,2017,17.25694
dcs:who/overwgt5.EDUCATIONLEVEL--NHLM,dcid:country/ALB,2017,5.15608
dcs:who/overwgt5.EDUCATIONLEVEL--PRLM,dcid:country/ALB,2017,16.02904
dcs:who/overwgt5.EDUCATIONLEVEL--SHLM,dcid:country/ALB,2008,22.72427
dcs:who/overwgt5.EDUCATIONLEVEL--PRLM,dcid:country/ALB,2008,23.05617
dcs:who/overwgt5.EDUCATIONLEVEL--SHLM,dcid:country/ALB,2005,25.0835
dcs:who/overwgt5.AGE--Y0T01,dcid:country/ALB,2017,19.68767
dcs:who/overwgt5.AGE--Y2T05,dcid:country/ALB,2017,14.1995
dcs:who/overwgt5.AGE--Y2T05,dcid:country/ALB,2008,22.56105
dcs:who/overwgt5.AGE--Y0T01,dcid:country/ALB,2008,24.49787
dcs:who/overwgt5.AGE--Y2T05,dcid:country/ALB,2005,26.25842
dcs:who/overwgt5.AGE--Y0T01,dcid:country/ALB,2005,22.18243
dcs:who/overwgt5.WEALTHQUINTILE--WQ5,dcid:country/ARM,2015,8.5118
dcs:who/overwgt5.WEALTHQUINTILE--WQ1,dcid:country/ARM,2015,16.7677
dcs:who/overwgt5.WEALTHQUINTILE--WQ2,dcid:country/ARM,2015,16.33956
dcs:who/overwgt5.WEALTHQUINTILE--WQ4,dcid:country/ARM,2015,12.54085
dcs:who/overwgt5.WEALTHQUINTILE--WQ3,dcid:country/ARM,2015,15.06133
dcs:who/overwgt5.WEALTHQUINTILE--WQ3,dcid:country/ARM,2010,16.88321
dcs:who/overwgt5.WEALTHQUINTILE--WQ1,dcid:country/ARM,2010,17.46868
dcs:who/overwgt5.WEALTHQUINTILE--WQ5,dcid:country/ARM,2010,16.10427
dcs:who/overwgt5.WEALTHQUINTILE--WQ2,dcid:country/ARM,2010,18.04555
dcs:who/overwgt5.WEALTHQUINTILE--WQ4,dcid:country/ARM,2010,13.58473
dcs:who/overwgt5.WEALTHQUINTILE--WQ5,dcid:country/ARM,2005,11.61635
dcs:who/overwgt5.WEALTHQUINTILE--WQ4,dcid:country/ARM,2005,14.03
dcs:who/overwgt5.WEALTHQUINTILE--WQ2,dcid:country/ARM,2005,7.1163
dcs:who/overwgt5.WEALTHQUINTILE--WQ1,dcid:country/ARM,2005,10.96633
dcs:who/overwgt5.WEALTHQUINTILE--WQ3,dcid:country/ARM,2005,12.95684
dcs:who/overwgt5.WEALTHQUINTILE--WQ3,dcid:country/ARM,2000,18.22372
dcs:who/overwgt5.WEALTHQUINTILE--WQ5,dcid:country/ARM,2000,16.61716
dcs:who/overwgt5.WEALTHQUINTILE--WQ2,dcid:country/ARM,2000,13.0677
dcs:who/overwgt5.WEALTHQUINTILE--WQ1,dcid:country/ARM,2000,15.56323
dcs:who/overwgt5.WEALTHQUINTILE--WQ4,dcid:country/ARM,2000,15.8792
dcs:who/overwgt5.SEX--F,dcid:country/ARM,2015,12.69147
dcs:who/overwgt5.SEX--M,dcid:country/ARM,2015,14.56456
dcs:who/overwgt5.SEX--F,dcid:country/ARM,2005,9.04857
dcs:who/overwgt5.SEX--F,dcid:country/ARM,2010,14.41121
dcs:who/overwgt5.SEX--M,dcid:country/ARM,2010,18.31889
dcs:who/overwgt5.SEX--M,dcid:country/ARM,2005,13.27465
dcs:who/overwgt5.SEX--F,dcid:country/ARM,2000,10.73444
dcs:who/overwgt5.SEX--M,dcid:country/ARM,2000,19.36786
dcs:who/overwgt5.RESIDENCEAREATYPE--RUR,dcid:country/ARM,2015,16.50437
dcs:who/overwgt5.RESIDENCEAREATYPE--URB,dcid:country/ARM,2015,11.48865
dcs:who/overwgt5.RESIDENCEAREATYPE--RUR,dcid:country/ARM,2010,17.66266
dcs:who/overwgt5.RESIDENCEAREATYPE--URB,dcid:country/ARM,2010,15.56425
dcs:who/overwgt5.RESIDENCEAREATYPE--RUR,dcid:country/ARM,2005,10.5265
dcs:who/overwgt5.RESIDENCEAREATYPE--URB,dcid:country/ARM,2005,11.94506
dcs:who/overwgt5.RESIDENCEAREATYPE--RUR,dcid:country/ARM,2000,14.6173
dcs:who/overwgt5.RESIDENCEAREATYPE--URB,dcid:country/ARM,2000,16.66484
dcs:who/overwgt5.EDUCATIONLEVEL--PRLM,dcid:country/ARM,2015,24.42435
dcs:who/overwgt5.EDUCATIONLEVEL--SHLM,dcid:country/ARM,2015,12.99252
dcs:who/overwgt5.EDUCATIONLEVEL--SHLM,dcid:country/ARM,2010,17.35058
dcs:who/overwgt5.EDUCATIONLEVEL--PRLM,dcid:country/ARM,2010,15.29153
dcs:who/overwgt5.EDUCATIONLEVEL--SHLM,dcid:country/ARM,2005,11.53294
dcs:who/overwgt5.EDUCATIONLEVEL--SHLM,dcid:country/ARM,2000,15.6872
dcs:who/overwgt5.AGE--Y0T01,dcid:country/ARM,2015,14.86678
dcs:who/overwgt5.AGE--Y2T05,dcid:country/ARM,2015,12.87935
dcs:who/overwgt5.AGE--Y0T01,dcid:country/ARM,2010,15.01851
dcs:who/overwgt5.AGE--Y2T05,dcid:country/ARM,2010,17.58778
dcs:who/overwgt5.AGE--Y2T05,dcid:country/ARM,2005,11.15329
dcs:who/overwgt5.AGE--Y0T01,dcid:country/ARM,2005,11.61163
dcs:who/overwgt5.AGE--Y0T01,dcid:country/ARM,2000,17.58796
dcs:who/overwgt5.AGE--Y2T05,dcid:country/ARM,2000,14.51545
dcs:who/overwgt5.WEALTHQUINTILE--WQ1,dcid:country/AZE,2006,11.99904
dcs:who/overwgt5.WEALTHQUINTILE--WQ5,dcid:country/AZE,2006,19.05711
dcs:who/overwgt5.WEALTHQUINTILE--WQ4,dcid:country/AZE,2006,12.37839
dcs:who/overwgt5.WEALTHQUINTILE--WQ3,dcid:country/AZE,2006,13.33611
dcs:who/overwgt5.WEALTHQUINTILE--WQ2,dcid:country/AZE,2006,13.84848
dcs:who/overwgt5.SEX--F,dcid:country/AZE,2006,12.70681
dcs:who/overwgt5.SEX--M,dcid:country/AZE,2006,14.91684
dcs:who/overwgt5.RESIDENCEAREATYPE--URB,dcid:country/AZE,2006,15.61361
dcs:who/overwgt5.RESIDENCEAREATYPE--RUR,dcid:country/AZE,2006,12.20699
dcs:who/overwgt5.EDUCATIONLEVEL--SHLM,dcid:country/AZE,2006,13.79529
dcs:who/overwgt5.EDUCATIONLEVEL--PRLM,dcid:country/AZE,2006,17.15695
dcs:who/overwgt5.AGE--Y0T01,dcid:country/AZE,2006,10.17187
dcs:who/overwgt5.AGE--Y2T05,dcid:country/AZE,2006,16.84882
dcs:who/overwgt5,dcid:country/BDI,2016,1.08629
dcs:who/overwgt5.WEALTHQUINTILE--WQ5,dcid:country/BDI,2016,1.73111
dcs:who/overwgt5.WEALTHQUINTILE--WQ1,dcid:country/BDI,2016,0.93522
dcs:who/overwgt5.WEALTHQUINTILE--WQ2,dcid:country/BDI,2016,1.50378
dcs:who/overwgt5.WEALTHQUINTILE--WQ4,dcid:country/BDI,2016,1.65477
dcs:who/overwgt5.WEALTHQUINTILE--WQ3,dcid:country/BDI,2016,1.10391
dcs:who/overwgt5.WEALTHQUINTILE--WQ3,dcid:country/BDI,2010,3.49202
dcs:who/overwgt5.WEALTHQUINTILE--WQ1,dcid:country/BDI,2010,2.27826
dcs:who/overwgt5.WEALTHQUINTILE--WQ5,dcid:country/BDI,2010,3.13736
dcs:who/overwgt5.WEALTHQUINTILE--WQ2,dcid:country/BDI,2010,2.33256
dcs:who/overwgt5.WEALTHQUINTILE--WQ4,dcid:country/BDI,2010,3.24297
dcs:who/overwgt5.SEX--M,dcid:country/BDI,2016,1.52084
dcs:who/overwgt5.SEX--F,dcid:country/BDI,2016,1.20419
dcs:who/overwgt5.SEX--F,dcid:country/BDI,2010,2.70088
dcs:who/overwgt5.SEX--M,dcid:country/BDI,2010,3.06061
dcs:who/overwgt5.RESIDENCEAREATYPE--URB,dcid:country/BDI,2016,2.28266
dcs:who/overwgt5.RESIDENCEAREATYPE--RUR,dcid:country/BDI,2016,1.27192
dcs:who/overwgt5.RESIDENCEAREATYPE--URB,dcid:country/BDI,2010,2.6109
dcs:who/overwgt5.RESIDENCEAREATYPE--RUR,dcid:country/BDI,2010,2.90969
dcs:who/overwgt5.EDUCATIONLEVEL--SHLM,dcid:country/BDI,2016,1.68947
dcs:who/overwgt5.EDUCATIONLEVEL--PRLM,dcid:country/BDI,2016,1.61251
dcs:who/overwgt5.EDUCATIONLEVEL--NHLM,dcid:country/BDI,2016,1.08464
dcs:who/overwgt5.EDUCATIONLEVEL--PRLM,dcid:country/BDI,2010,3.06691
dcs:who/overwgt5.EDUCATIONLEVEL--NHLM,dcid:country/BDI,2010,2.46767
dcs:who/overwgt5.EDUCATIONLEVEL--SHLM,dcid:country/BDI,2010,4.5673
dcs:who/overwgt5.AGE--Y0T01,dcid:country/BDI,2016,1.69761
dcs:who/overwgt5.AGE--Y2T05,dcid:country/BDI,2016,1.13458
dcs:who/overwgt5.AGE--Y0T01,dcid:country/BDI,2010,3.44416
dcs:who/overwgt5.AGE--Y2T05,dcid:country/BDI,2010,2.40326
dcs:who/overwgt5,dcid:country/BEN,2001,3.73013
dcs:who/overwgt5.WEALTHQUINTILE--WQ1,dcid:country/BEN,2017,1.44159
dcs:who/overwgt5.WEALTHQUINTILE--WQ4,dcid:country/BEN,2017,1.6681
dcs:who/overwgt5.WEALTHQUINTILE--WQ5,dcid:country/BEN,2017,2.03617
dcs:who/overwgt5.WEALTHQUINTILE--WQ2,dcid:country/BEN,2017,1.82812
dcs:who/overwgt5.WEALTHQUINTILE--WQ3,dcid:country/BEN,2017,2.39454
dcs:who/overwgt5.WEALTHQUINTILE--WQ2,dcid:country/BEN,2014,1.82418
dcs:who/overwgt5.WEALTHQUINTILE--WQ5,dcid:country/BEN,2014,1.73958
dcs:who/overwgt5.WEALTHQUINTILE--WQ1,dcid:country/BEN,2014,1.7994
dcs:who/overwgt5.WEALTHQUINTILE--WQ4,dcid:country/BEN,2014,1.80158
dcs:who/overwgt5.WEALTHQUINTILE--WQ3,dcid:country/BEN,2014,1.48536
dcs:who/overwgt5.WEALTHQUINTILE--WQ2,dcid:country/BEN,2001,2.44349
dcs:who/overwgt5.WEALTHQUINTILE--WQ3,dcid:country/BEN,2001,3.15027
dcs:who/overwgt5.WEALTHQUINTILE--WQ1,dcid:country/BEN,2001,3.11192
dcs:who/overwgt5.WEALTHQUINTILE--WQ5,dcid:country/BEN,2001,3.50899
dcs:who/overwgt5.WEALTHQUINTILE--WQ4,dcid:country/BEN,2001,3.37674
dcs:who/overwgt5.SEX--F,dcid:country/BEN,2014,1.30147
dcs:who/overwgt5.SEX--M,dcid:country/BEN,2014,2.17414
dcs:who/overwgt5.SEX--M,dcid:country/BEN,2017,1.84278
dcs:who/overwgt5.SEX--F,dcid:country/BEN,2017,1.88943
dcs:who/overwgt5.SEX--M,dcid:country/BEN,2001,3.45857
dcs:who/overwgt5.SEX--F,dcid:country/BEN,2001,2.72314
dcs:who/overwgt5.RESIDENCEAREATYPE--RUR,dcid:country/BEN,2017,1.88384
dcs:who/overwgt5.RESIDENCEAREATYPE--URB,dcid:country/BEN,2017,1.83687
dcs:who/overwgt5.RESIDENCEAREATYPE--RUR,dcid:country/BEN,2014,1.55262
dcs:who/overwgt5.RESIDENCEAREATYPE--URB,dcid:country/BEN,2014,1.9645
dcs:who/overwgt5.RESIDENCEAREATYPE--URB,dcid:country/BEN,2001,3.07985
dcs:who/overwgt5.RESIDENCEAREATYPE--RUR,dcid:country/BEN,2001,3.09391
dcs:who/overwgt5.EDUCATIONLEVEL--NHLM,dcid:country/BEN,2017,1.86898
dcs:who/overwgt5.EDUCATIONLEVEL--PRLM,dcid:country/BEN,2017,1.79372
dcs:who/overwgt5.EDUCATIONLEVEL--SHLM,dcid:country/BEN,2017,2.48206
dcs:who/overwgt5.EDUCATIONLEVEL--NHLM,dcid:country/BEN,2014,1.69508
dcs:who/overwgt5.EDUCATIONLEVEL--PRLM,dcid:country/BEN,2014,1.85442
dcs:who/overwgt5.EDUCATIONLEVEL--SHLM,dcid:country/BEN,2014,1.69784
dcs:who/overwgt5.EDUCATIONLEVEL--NHLM,dcid:country/BEN,2001,3.05156
dcs:who/overwgt5.EDUCATIONLEVEL--SHLM,dcid:country/BEN,2001,3.22315
dcs:who/overwgt5.EDUCATIONLEVEL--PRLM,dcid:country/BEN,2001,2.6024
dcs:who/overwgt5.AGE--Y2T05,dcid:country/BEN,2017,1.35636
dcs:who/overwgt5.AGE--Y0T01,dcid:country/BEN,2017,2.64903
dcs:who/overwgt5.AGE--Y0T01,dcid:country/BEN,2014,2.38088
dcs:who/overwgt5.AGE--Y2T05,dcid:country/BEN,2014,1.28471
dcs:who/overwgt5.AGE--Y2T05,dcid:country/BEN,2001,2.25888
dcs:who/overwgt5.AGE--Y0T01,dcid:country/BEN,2001,3.50747
dcs:who/overwgt5.WEALTHQUINTILE--WQ5,dcid:country/BFA,2010,3.82282
dcs:who/overwgt5.WEALTHQUINTILE--WQ1,dcid:country/BFA,2010,2.5205
dcs:who/overwgt5.WEALTHQUINTILE--WQ4,dcid:country/BFA,2010,2.79028
dcs:who/overwgt5.WEALTHQUINTILE--WQ2,dcid:country/BFA,2010,2.8191
dcs:who/overwgt5.WEALTHQUINTILE--WQ3,dcid:country/BFA,2010,2.25264
dcs:who/overwgt5.WEALTHQUINTILE--WQ3,dcid:country/BFA,1998,2.42257
dcs:who/overwgt5.WEALTHQUINTILE--WQ1,dcid:country/BFA,1998,1.46638
dcs:who/overwgt5.WEALTHQUINTILE--WQ5,dcid:country/BFA,1998,2.25092
dcs:who/overwgt5.WEALTHQUINTILE--WQ4,dcid:country/BFA,1998,2.36671
dcs:who/overwgt5.WEALTHQUINTILE--WQ2,dcid:country/BFA,1998,1.30705
dcs:who/overwgt5.SEX--F,dcid:country/BFA,2010,2.88191
dcs:who/overwgt5.SEX--M,dcid:country/BFA,2010,2.67563
dcs:who/overwgt5.SEX--F,dcid:country/BFA,1998,1.63249
dcs:who/overwgt5.SEX--M,dcid:country/BFA,1998,2.16757
dcs:who/overwgt5.RESIDENCEAREATYPE--RUR,dcid:country/BFA,2010,2.5954
dcs:who/overwgt5.RESIDENCEAREATYPE--URB,dcid:country/BFA,2010,3.6632
dcs:who/overwgt5.RESIDENCEAREATYPE--URB,dcid:country/BFA,1998,3.0854
dcs:who/overwgt5.RESIDENCEAREATYPE--RUR,dcid:country/BFA,1998,1.7687
dcs:who/overwgt5.EDUCATIONLEVEL--SHLM,dcid:country/BFA,2010,4.3266
dcs:who/overwgt5.EDUCATIONLEVEL--PRLM,dcid:country/BFA,2010,3.59197
dcs:who/overwgt5.EDUCATIONLEVEL--NHLM,dcid:country/BFA,2010,2.60622
dcs:who/overwgt5.EDUCATIONLEVEL--SHLM,dcid:country/BFA,1998,1.49392
dcs:who/overwgt5.EDUCATIONLEVEL--PRLM,dcid:country/BFA,1998,2.84887
dcs:who/overwgt5.EDUCATIONLEVEL--NHLM,dcid:country/BFA,1998,1.85007
dcs:who/overwgt5.AGE--Y2T05,dcid:country/BFA,2010,2.98754
dcs:who/overwgt5.AGE--Y0T01,dcid:country/BFA,2010,2.48864
dcs:who/overwgt5.AGE--Y0T01,dcid:country/BFA,1998,1.79852
dcs:who/overwgt5.AGE--Y2T05,dcid:country/BFA,1998,1.96775
dcs:who/overwgt5,dcid:country/BGD,2014,1.61205
dcs:who/overwgt5,dcid:country/BGD,2011,1.77073
dcs:who/overwgt5,dcid:country/BGD,2007,1.07021
dcs:who/overwgt5,dcid:country/BGD,2004,0.97992
dcs:who/overwgt5,dcid:country/BGD,1999,1.10212
dcs:who/overwgt5.WEALTHQUINTILE--WQ1,dcid:country/BGD,2019,1.56263
dcs:who/overwgt5.WEALTHQUINTILE--WQ4,dcid:country/BGD,2019,2.26305
dcs:who/overwgt5.WEALTHQUINTILE--WQ2,dcid:country/BGD,2019,1.27498
dcs:who/overwgt5.WEALTHQUINTILE--WQ3,dcid:country/BGD,2019,1.6954
dcs:who/overwgt5.WEALTHQUINTILE--WQ5,dcid:country/BGD,2019,5.38425
dcs:who/overwgt5.WEALTHQUINTILE--WQ1,dcid:country/BGD,2017,1.77191
dcs:who/overwgt5.WEALTHQUINTILE--WQ5,dcid:country/BGD,2017,3.80269
dcs:who/overwgt5.WEALTHQUINTILE--WQ2,dcid:country/BGD,2017,0.98782
dcs:who/overwgt5.WEALTHQUINTILE--WQ4,dcid:country/BGD,2017,3.1569
dcs:who/overwgt5.WEALTHQUINTILE--WQ3,dcid:country/BGD,2017,1.43149
dcs:who/overwgt5.WEALTHQUINTILE--WQ4,dcid:country/BGD,2014,0.80249
dcs:who/overwgt5.WEALTHQUINTILE--WQ5,dcid:country/BGD,2014,3.20117
dcs:who/overwgt5.WEALTHQUINTILE--WQ1,dcid:country/BGD,2014,0.72127
dcs:who/overwgt5.WEALTHQUINTILE--WQ3,dcid:country/BGD,2014,2.23946
dcs:who/overwgt5.WEALTHQUINTILE--WQ2,dcid:country/BGD,2014,1.15223
dcs:who/overwgt5.WEALTHQUINTILE--WQ1,dcid:country/BGD,2012,0.89551
dcs:who/overwgt5.WEALTHQUINTILE--WQ5,dcid:country/BGD,2012,3.42362
dcs:who/overwgt5.WEALTHQUINTILE--WQ2,dcid:country/BGD,2012,1.1996
dcs:who/overwgt5.WEALTHQUINTILE--WQ4,dcid:country/BGD,2012,1.47817
dcs:who/overwgt5.WEALTHQUINTILE--WQ3,dcid:country/BGD,2012,1.22814
dcs:who/overwgt5.WEALTHQUINTILE--WQ1,dcid:country/BGD,2011,1.32191
dcs:who/overwgt5.WEALTHQUINTILE--WQ4,dcid:country/BGD,2011,1.87077
dcs:who/overwgt5.WEALTHQUINTILE--WQ2,dcid:country/BGD,2011,1.28571
dcs:who/overwgt5.WEALTHQUINTILE--WQ5,dcid:country/BGD,2011,3.20236
dcs:who/overwgt5.WEALTHQUINTILE--WQ3,dcid:country/BGD,2011,1.99688
dcs:who/overwgt5.WEALTHQUINTILE--WQ3,dcid:country/BGD,2007,0.46353
dcs:who/overwgt5.WEALTHQUINTILE--WQ2,dcid:country/BGD,2007,1.5263
dcs:who/overwgt5.WEALTHQUINTILE--WQ5,dcid:country/BGD,2007,1.89832
dcs:who/overwgt5.WEALTHQUINTILE--WQ1,dcid:country/BGD,2007,0.50423
dcs:who/overwgt5.WEALTHQUINTILE--WQ4,dcid:country/BGD,2007,1.20424
dcs:who/overwgt5.WEALTHQUINTILE--WQ1,dcid:country/BGD,2004,0.70978
dcs:who/overwgt5.WEALTHQUINTILE--WQ5,dcid:country/BGD,2004,1.69382
dcs:who/overwgt5.WEALTHQUINTILE--WQ3,dcid:country/BGD,2004,1.00104
dcs:who/overwgt5.WEALTHQUINTILE--WQ4,dcid:country/BGD,2004,0.93051
dcs:who/overwgt5.WEALTHQUINTILE--WQ2,dcid:country/BGD,2004,0.60604
dcs:who/overwgt5.WEALTHQUINTILE--WQ1,dcid:country/BGD,1999,0.69917
dcs:who/overwgt5.WEALTHQUINTILE--WQ4,dcid:country/BGD,1999,1.04009
dcs:who/overwgt5.WEALTHQUINTILE--WQ5,dcid:country/BGD,1999,1.31097
dcs:who/overwgt5.WEALTHQUINTILE--WQ2,dcid:country/BGD,1999,0.53532
dcs:who/overwgt5.WEALTHQUINTILE--WQ3,dcid:country/BGD,1999,1.23487
dcs:who/overwgt5.WEALTHQUINTILE--WQ2,dcid:country/BGD,1996,3.05095
dcs:who/overwgt5.WEALTHQUINTILE--WQ4,dcid:country/BGD,1996,1.67573
dcs:who/overwgt5.WEALTHQUINTILE--WQ5,dcid:country/BGD,1996,2.50591
dcs:who/overwgt5.WEALTHQUINTILE--WQ3,dcid:country/BGD,1996,1.83329
dcs:who/overwgt5.WEALTHQUINTILE--WQ1,dcid:country/BGD,1996,2.65408
dcs:who/overwgt5.SEX--M,dcid:country/BGD,2019,2.60636
dcs:who/overwgt5.SEX--F,dcid:country/BGD,2019,2.25492
dcs:who/overwgt5.SEX--M,dcid:country/BGD,2017,2.56087
dcs:who/overwgt5.SEX--F,dcid:country/BGD,2017,1.77736
dcs:who/overwgt5.SEX--F,dcid:country/BGD,2014,1.54148
dcs:who/overwgt5.SEX--M,dcid:country/BGD,2012,1.60108
dcs:who/overwgt5.SEX--M,dcid:country/BGD,2014,1.61015
dcs:who/overwgt5.SEX--F,dcid:country/BGD,2012,1.57801
dcs:who/overwgt5.SEX--F,dcid:country/BGD,2011,2.06997
dcs:who/overwgt5.SEX--M,dcid:country/BGD,2011,1.67879
dcs:who/overwgt5.SEX--F,dcid:country/BGD,2007,0.97703
dcs:who/overwgt5.SEX--M,dcid:country/BGD,2007,1.21523
dcs:who/overwgt5.SEX--F,dcid:country/BGD,2004,1.07273
dcs:who/overwgt5.SEX--M,dcid:country/BGD,2004,0.82283
dcs:who/overwgt5.SEX--F,dcid:country/BGD,1999,0.80596
dcs:who/overwgt5.SEX--M,dcid:country/BGD,1999,1.03722
dcs:who/overwgt5.SEX--M,dcid:country/BGD,1996,2.11702
dcs:who/overwgt5.SEX--F,dcid:country/BGD,1996,2.62091
dcs:who/overwgt5.RESIDENCEAREATYPE--URB,dcid:country/BGD,2019,4.83859
dcs:who/overwgt5.RESIDENCEAREATYPE--RUR,dcid:country/BGD,2019,1.80579
dcs:who/overwgt5.RESIDENCEAREATYPE--URB,dcid:country/BGD,2017,3.12323
dcs:who/overwgt5.RESIDENCEAREATYPE--RUR,dcid:country/BGD,2017,1.85588
dcs:who/overwgt5.RESIDENCEAREATYPE--URB,dcid:country/BGD,2014,1.99795
dcs:who/overwgt5.RESIDENCEAREATYPE--RUR,dcid:country/BGD,2014,1.43694
dcs:who/overwgt5.RESIDENCEAREATYPE--URB,dcid:country/BGD,2012,2.74207
dcs:who/overwgt5.RESIDENCEAREATYPE--RUR,dcid:country/BGD,2012,1.29393
dcs:who/overwgt5.RESIDENCEAREATYPE--URB,dcid:country/BGD,2011,2.46585
dcs:who/overwgt5.RESIDENCEAREATYPE--RUR,dcid:country/BGD,2011,1.70741
dcs:who/overwgt5.RESIDENCEAREATYPE--RUR,dcid:country/BGD,2007,0.97044
dcs:who/overwgt5.RESIDENCEAREATYPE--URB,dcid:country/BGD,2007,1.56621
dcs:who/overwgt5.RESIDENCEAREATYPE--URB,dcid:country/BGD,2004,1.40015
dcs:who/overwgt5.RESIDENCEAREATYPE--RUR,dcid:country/BGD,2004,0.83716
dcs:who/overwgt5.RESIDENCEAREATYPE--URB,dcid:country/BGD,1999,1.46493
dcs:who/overwgt5.RESIDENCEAREATYPE--RUR,dcid:country/BGD,1999,0.81722
dcs:who/overwgt5.RESIDENCEAREATYPE--URB,dcid:country/BGD,1996,1.79878
dcs:who/overwgt5.RESIDENCEAREATYPE--RUR,dcid:country/BGD,1996,2.42908
dcs:who/overwgt5.EDUCATIONLEVEL--PRLM,dcid:country/BGD,2019,1.92138
dcs:who/overwgt5.EDUCATIONLEVEL--SHLM,dcid:country/BGD,2019,2.76725
dcs:who/overwgt5.EDUCATIONLEVEL--NHLM,dcid:country/BGD,2019,1.60876
dcs:who/overwgt5.EDUCATIONLEVEL--SHLM,dcid:country/BGD,2017,2.5961
dcs:who/overwgt5.EDUCATIONLEVEL--NHLM,dcid:country/BGD,2017,1.49821
dcs:who/overwgt5.EDUCATIONLEVEL--PRLM,dcid:country/BGD,2017,1.51614
dcs:who/overwgt5.EDUCATIONLEVEL--NHLM,dcid:country/BGD,2014,0.69932
dcs:who/overwgt5.EDUCATIONLEVEL--SHLM,dcid:country/BGD,2014,2.21542
dcs:who/overwgt5.EDUCATIONLEVEL--PRLM,dcid:country/BGD,2014,0.91419
dcs:who/overwgt5.EDUCATIONLEVEL--PRLM,dcid:country/BGD,2012,1.46079
dcs:who/overwgt5.EDUCATIONLEVEL--SHLM,dcid:country/BGD,2012,1.91657
dcs:who/overwgt5.EDUCATIONLEVEL--NHLM,dcid:country/BGD,2012,1.06118
dcs:who/overwgt5.EDUCATIONLEVEL--SHLM,dcid:country/BGD,2011,2.44428
dcs:who/overwgt5.EDUCATIONLEVEL--PRLM,dcid:country/BGD,2011,1.50728
dcs:who/overwgt5.EDUCATIONLEVEL--NHLM,dcid:country/BGD,2011,1.05284
dcs:who/overwgt5.EDUCATIONLEVEL--SHLM,dcid:country/BGD,2007,1.49515
dcs:who/overwgt5.EDUCATIONLEVEL--PRLM,dcid:country/BGD,2007,0.81612
dcs:who/overwgt5.EDUCATIONLEVEL--NHLM,dcid:country/BGD,2007,0.90028
dcs:who/overwgt5.EDUCATIONLEVEL--NHLM,dcid:country/BGD,2004,0.7125
dcs:who/overwgt5.EDUCATIONLEVEL--SHLM,dcid:country/BGD,2004,0.98158
dcs:who/overwgt5.EDUCATIONLEVEL--PRLM,dcid:country/BGD,2004,1.2188
dcs:who/overwgt5.EDUCATIONLEVEL--PRLM,dcid:country/BGD,1999,0.56808
dcs:who/overwgt5.EDUCATIONLEVEL--NHLM,dcid:country/BGD,1999,0.84591
dcs:who/overwgt5.EDUCATIONLEVEL--SHLM,dcid:country/BGD,1999,1.49582
dcs:who/overwgt5.EDUCATIONLEVEL--NHLM,dcid:country/BGD,1996,2.12802
dcs:who/overwgt5.EDUCATIONLEVEL--PRLM,dcid:country/BGD,1996,2.86024
dcs:who/overwgt5.EDUCATIONLEVEL--SHLM,dcid:country/BGD,1996,2.38235
dcs:who/overwgt5.AGE--Y0T01,dcid:country/BGD,2019,3.23664
dcs:who/overwgt5.AGE--Y2T05,dcid:country/BGD,2019,1.91689
dcs:who/overwgt5.AGE--Y0T01,dcid:country/BGD,2017,2.88567
dcs:who/overwgt5.AGE--Y2T05,dcid:country/BGD,2017,1.66251
dcs:who/overwgt5.AGE--Y2T05,dcid:country/BGD,2014,1.21868
dcs:who/overwgt5.AGE--Y0T01,dcid:country/BGD,2014,2.09497
dcs:who/overwgt5.AGE--Y2T05,dcid:country/BGD,2012,1.3446
dcs:who/overwgt5.AGE--Y0T01,dcid:country/BGD,2012,1.97105
dcs:who/overwgt5.AGE--Y0T01,dcid:country/BGD,2011,2.84881
dcs:who/overwgt5.AGE--Y2T05,dcid:country/BGD,2011,1.26634
dcs:who/overwgt5.AGE--Y2T05,dcid:country/BGD,2007,1.03103
dcs:who/overwgt5.AGE--Y0T01,dcid:country/BGD,2007,1.18895
dcs:who/overwgt5.AGE--Y2T05,dcid:country/BGD,2004,0.43724
dcs:who/overwgt5.AGE--Y0T01,dcid:country/BGD,2004,1.73855
dcs:who/overwgt5.AGE--Y2T05,dcid:country/BGD,1999,0.79268
dcs:who/overwgt5.AGE--Y0T01,dcid:country/BGD,1999,1.09779
dcs:who/overwgt5.AGE--Y2T05,dcid:country/BGD,1996,2.18184
dcs:who/overwgt5.AGE--Y0T01,dcid:country/BGD,1996,2.65016
dcs:who/overwgt5.WEALTHQUINTILE--WQ5,dcid:country/BIH,2011,20.66173
dcs:who/overwgt5.WEALTHQUINTILE--WQ2,dcid:country/BIH,2011,15.42328
dcs:who/overwgt5.WEALTHQUINTILE--WQ1,dcid:country/BIH,2011,13.61353
dcs:who/overwgt5.WEALTHQUINTILE--WQ4,dcid:country/BIH,2011,20.71591
dcs:who/overwgt5.WEALTHQUINTILE--WQ3,dcid:country/BIH,2011,15.66919
dcs:who/overwgt5.WEALTHQUINTILE--WQ5,dcid:country/BIH,2006,25.35386
dcs:who/overwgt5.WEALTHQUINTILE--WQ2,dcid:country/BIH,2006,24.10235
dcs:who/overwgt5.WEALTHQUINTILE--WQ3,dcid:country/BIH,2006,23.77522
dcs:who/overwgt5.WEALTHQUINTILE--WQ4,dcid:country/BIH,2006,28.23943
dcs:who/overwgt5.WEALTHQUINTILE--WQ1,dcid:country/BIH,2006,26.94695
dcs:who/overwgt5.SEX--M,dcid:country/BIH,2011,16.71236
dcs:who/overwgt5.SEX--M,dcid:country/BIH,2006,27.35581
dcs:who/overwgt5.SEX--F,dcid:country/BIH,2011,17.96355
dcs:who/overwgt5.SEX--F,dcid:country/BIH,2006,23.95682
dcs:who/overwgt5.RESIDENCEAREATYPE--RUR,dcid:country/BIH,2011,15.56519
dcs:who/overwgt5.RESIDENCEAREATYPE--URB,dcid:country/BIH,2011,21.06116
dcs:who/overwgt5.RESIDENCEAREATYPE--RUR,dcid:country/BIH,2006,24.96998
dcs:who/overwgt5.RESIDENCEAREATYPE--URB,dcid:country/BIH,2006,27.19975
dcs:who/overwgt5.EDUCATIONLEVEL--SHLM,dcid:country/BIH,2011,18.03988
dcs:who/overwgt5.EDUCATIONLEVEL--PRLM,dcid:country/BIH,2011,15.87424
dcs:who/overwgt5.EDUCATIONLEVEL--PRLM,dcid:country/BIH,2006,22.38875
dcs:who/overwgt5.EDUCATIONLEVEL--SHLM,dcid:country/BIH,2006,27.43965
dcs:who/overwgt5.AGE--Y0T01,dcid:country/BIH,2011,18.50393
dcs:who/overwgt5.AGE--Y2T05,dcid:country/BIH,2011,16.65567
dcs:who/overwgt5.AGE--Y0T01,dcid:country/BIH,2006,24.83532
dcs:who/overwgt5.AGE--Y2T05,dcid:country/BIH,2006,26.26013
dcs:who/overwgt5.WEALTHQUINTILE--WQ1,dcid:country/BLR,2005,11.42377
dcs:who/overwgt5.WEALTHQUINTILE--WQ4,dcid:country/BLR,2005,8.92628
dcs:who/overwgt5.WEALTHQUINTILE--WQ5,dcid:country/BLR,2005,8.33238
dcs:who/overwgt5.WEALTHQUINTILE--WQ2,dcid:country/BLR,2005,11.10101
dcs:who/overwgt5.WEALTHQUINTILE--WQ3,dcid:country/BLR,2005,9.38033
dcs:who/overwgt5.SEX--M,dcid:country/BLR,2005,11.28423
dcs:who/overwgt5.SEX--F,dcid:country/BLR,2005,8.0674
dcs:who/overwgt5.RESIDENCEAREATYPE--RUR,dcid:country/BLR,2005,12.05852
dcs:who/overwgt5.RESIDENCEAREATYPE--URB,dcid:country/BLR,2005,8.62287
dcs:who/overwgt5.EDUCATIONLEVEL--SHLM,dcid:country/BLR,2005,9.80643
dcs:who/overwgt5.AGE--Y0T01,dcid:country/BLR,2005,13.15029
dcs:who/overwgt5.AGE--Y2T05,dcid:country/BLR,2005,7.29134
dcs:who/overwgt5,dcid:country/BLZ,2015,6.63928
dcs:who/overwgt5,dcid:country/BLZ,2011,4.38816
dcs:who/overwgt5,dcid:country/BLZ,2006,10.35388
dcs:who/overwgt5.WEALTHQUINTILE--WQ4,dcid:country/BLZ,2015,11.0252
dcs:who/overwgt5.WEALTHQUINTILE--WQ2,dcid:country/BLZ,2015,6.79294
dcs:who/overwgt5.WEALTHQUINTILE--WQ3,dcid:country/BLZ,2015,8.37851
dcs:who/overwgt5.WEALTHQUINTILE--WQ5,dcid:country/BLZ,2015,7.81041
dcs:who/overwgt5.WEALTHQUINTILE--WQ1,dcid:country/BLZ,2015,3.82349
dcs:who/overwgt5.WEALTHQUINTILE--WQ5,dcid:country/BLZ,2011,11.72997
dcs:who/overwgt5.WEALTHQUINTILE--WQ2,dcid:country/BLZ,2011,7.4631
dcs:who/overwgt5.WEALTHQUINTILE--WQ4,dcid:country/BLZ,2011,8.76984
dcs:who/overwgt5.WEALTHQUINTILE--WQ1,dcid:country/BLZ,2011,4.92443
dcs:who/overwgt5.WEALTHQUINTILE--WQ3,dcid:country/BLZ,2011,8.85362
dcs:who/overwgt5.WEALTHQUINTILE--WQ4,dcid:country/BLZ,2006,14.62315
dcs:who/overwgt5.WEALTHQUINTILE--WQ5,dcid:country/BLZ,2006,18.25865
dcs:who/overwgt5.WEALTHQUINTILE--WQ2,dcid:country/BLZ,2006,11.12128
dcs:who/overwgt5.WEALTHQUINTILE--WQ1,dcid:country/BLZ,2006,9.75138
dcs:who/overwgt5.WEALTHQUINTILE--WQ3,dcid:country/BLZ,2006,17.74871
dcs:who/overwgt5.SEX--F,dcid:country/BLZ,2015,6.5387
dcs:who/overwgt5.SEX--M,dcid:country/BLZ,2015,8.0333
dcs:who/overwgt5.SEX--F,dcid:country/BLZ,2011,7.06291
dcs:who/overwgt5.SEX--F,dcid:country/BLZ,2006,11.75428
dcs:who/overwgt5.SEX--M,dcid:country/BLZ,2006,15.72603
dcs:who/overwgt5.SEX--M,dcid:country/BLZ,2011,8.62926
dcs:who/overwgt5.RESIDENCEAREATYPE--URB,dcid:country/BLZ,2015,10.63718
dcs:who/overwgt5.RESIDENCEAREATYPE--RUR,dcid:country/BLZ,2015,5.25293
dcs:who/overwgt5.RESIDENCEAREATYPE--URB,dcid:country/BLZ,2011,9.8247
dcs:who/overwgt5.RESIDENCEAREATYPE--RUR,dcid:country/BLZ,2011,6.68065
dcs:who/overwgt5.RESIDENCEAREATYPE--RUR,dcid:country/BLZ,2006,11.34577
dcs:who/overwgt5.RESIDENCEAREATYPE--URB,dcid:country/BLZ,2006,16.52558
dcs:who/overwgt5.EDUCATIONLEVEL--PRLM,dcid:country/BLZ,2015,4.84615
dcs:who/overwgt5.EDUCATIONLEVEL--NHLM,dcid:country/BLZ,2015,1.93654
dcs:who/overwgt5.EDUCATIONLEVEL--SHLM,dcid:country/BLZ,2015,10.38305
dcs:who/overwgt5.EDUCATIONLEVEL--SHLM,dcid:country/BLZ,2011,10.52018
dcs:who/overwgt5.EDUCATIONLEVEL--PRLM,dcid:country/BLZ,2011,5.65844
dcs:who/overwgt5.EDUCATIONLEVEL--NHLM,dcid:country/BLZ,2011,10.92466
dcs:who/overwgt5.EDUCATIONLEVEL--SHLM,dcid:country/BLZ,2006,19.6812
dcs:who/overwgt5.AGE--Y0T01,dcid:country/BLZ,2015,7.16007
dcs:who/overwgt5.AGE--Y2T05,dcid:country/BLZ,2015,7.40599
dcs:who/overwgt5.AGE--Y0T01,dcid:country/BLZ,2011,8.89932
dcs:who/overwgt5.AGE--Y2T05,dcid:country/BLZ,2011,7.19601
dcs:who/overwgt5.AGE--Y0T01,dcid:country/BLZ,2006,16.88425
dcs:who/overwgt5.AGE--Y2T05,dcid:country/BLZ,2006,11.56909
dcs:who/overwgt5,dcid:country/BOL,2008,11.56628
dcs:who/overwgt5,dcid:country/BOL,2003,14.5182
dcs:who/overwgt5,dcid:country/BOL,1998,6.14276
dcs:who/overwgt5.WEALTHQUINTILE--WQ1,dcid:country/BOL,2008,7.5776
dcs:who/overwgt5.WEALTHQUINTILE--WQ5,dcid:country/BOL,2008,11.32887
dcs:who/overwgt5.WEALTHQUINTILE--WQ2,dcid:country/BOL,2008,8.2543
dcs:who/overwgt5.WEALTHQUINTILE--WQ4,dcid:country/BOL,2008,9.40357
dcs:who/overwgt5.WEALTHQUINTILE--WQ3,dcid:country/BOL,2008,8.11156
dcs:who/overwgt5.WEALTHQUINTILE--WQ1,dcid:country/BOL,2003,9.65928
dcs:who/overwgt5.WEALTHQUINTILE--WQ3,dcid:country/BOL,2003,8.18939
dcs:who/overwgt5.WEALTHQUINTILE--WQ4,dcid:country/BOL,2003,7.47598
dcs:who/overwgt5.WEALTHQUINTILE--WQ5,dcid:country/BOL,2003,11.85463
dcs:who/overwgt5.WEALTHQUINTILE--WQ2,dcid:country/BOL,2003,9.61601
dcs:who/overwgt5.SEX--F,dcid:country/BOL,2008,8.11191
dcs:who/overwgt5.SEX--M,dcid:country/BOL,2008,9.1995
dcs:who/overwgt5.SEX--M,dcid:country/BOL,2003,9.1404
dcs:who/overwgt5.SEX--F,dcid:country/BOL,2003,9.25573
dcs:who/overwgt5.SEX--F,dcid:country/BOL,1998,9.92611
dcs:who/overwgt5.SEX--M,dcid:country/BOL,1998,11.43847
dcs:who/overwgt5.RESIDENCEAREATYPE--RUR,dcid:country/BOL,2008,8.43777
dcs:who/overwgt5.RESIDENCEAREATYPE--URB,dcid:country/BOL,2008,8.85329
dcs:who/overwgt5.RESIDENCEAREATYPE--RUR,dcid:country/BOL,2003,9.11526
dcs:who/overwgt5.RESIDENCEAREATYPE--URB,dcid:country/BOL,2003,9.25842
dcs:who/overwgt5.RESIDENCEAREATYPE--URB,dcid:country/BOL,1998,10.79682
dcs:who/overwgt5.RESIDENCEAREATYPE--RUR,dcid:country/BOL,1998,10.55325
dcs:who/overwgt5.EDUCATIONLEVEL--SHLM,dcid:country/BOL,2008,9.2813
dcs:who/overwgt5.EDUCATIONLEVEL--PRLM,dcid:country/BOL,2008,8.59843
dcs:who/overwgt5.EDUCATIONLEVEL--NHLM,dcid:country/BOL,2008,5.31765
dcs:who/overwgt5.EDUCATIONLEVEL--PRLM,dcid:country/BOL,2003,9.24246
dcs:who/overwgt5.EDUCATIONLEVEL--SHLM,dcid:country/BOL,2003,9.22173
dcs:who/overwgt5.EDUCATIONLEVEL--NHLM,dcid:country/BOL,2003,9.50799
dcs:who/overwgt5.EDUCATIONLEVEL--NHLM,dcid:country/BOL,1998,12.18639
dcs:who/overwgt5.EDUCATIONLEVEL--PRLM,dcid:country/BOL,1998,10.52811
dcs:who/overwgt5.EDUCATIONLEVEL--SHLM,dcid:country/BOL,1998,10.46821
dcs:who/overwgt5.AGE--Y2T05,dcid:country/BOL,2008,8.22761
dcs:who/overwgt5.AGE--Y0T01,dcid:country/BOL,2008,9.3125
dcs:who/overwgt5.AGE--Y0T01,dcid:country/BOL,2003,10.5643
dcs:who/overwgt5.AGE--Y2T05,dcid:country/BOL,2003,8.40692
dcs:who/overwgt5.AGE--Y2T05,dcid:country/BOL,1998,9.7298
dcs:who/overwgt5.AGE--Y0T01,dcid:country/BOL,1998,11.98816
dcs:who/overwgt5.WEALTHQUINTILE--WQ1,dcid:country/BRA,1996,5.58699
dcs:who/overwgt5.WEALTHQUINTILE--WQ2,dcid:country/BRA,1996,4.39597
dcs:who/overwgt5.WEALTHQUINTILE--WQ5,dcid:country/BRA,1996,6.83818
dcs:who/overwgt5.WEALTHQUINTILE--WQ3,dcid:country/BRA,1996,7.56435
dcs:who/overwgt5.WEALTHQUINTILE--WQ4,dcid:country/BRA,1996,7.02618
dcs:who/overwgt5.SEX--M,dcid:country/BRA,1996,6.8304
dcs:who/overwgt5.SEX--F,dcid:country/BRA,1996,5.34104
dcs:who/overwgt5.RESIDENCEAREATYPE--URB,dcid:country/BRA,1996,6.10282
dcs:who/overwgt5.RESIDENCEAREATYPE--RUR,dcid:country/BRA,1996,6.05188
dcs:who/overwgt5.EDUCATIONLEVEL--SHLM,dcid:country/BRA,1996,7.02449
dcs:who/overwgt5.EDUCATIONLEVEL--NHLM,dcid:country/BRA,1996,4.58432
dcs:who/overwgt5.EDUCATIONLEVEL--PRLM,dcid:country/BRA,1996,5.04993
dcs:who/overwgt5.AGE--Y0T01,dcid:country/BRA,1996,8.03948
dcs:who/overwgt5.AGE--Y2T05,dcid:country/BRA,1996,4.68506
dcs:who/overwgt5,dcid:country/BRB,2012,14.03386
dcs:who/overwgt5.WEALTHQUINTILE--WQ4,dcid:country/BRB,2012,16.92694
dcs:who/overwgt5.WEALTHQUINTILE--WQ5,dcid:country/BRB,2012,13.03907
dcs:who/overwgt5.WEALTHQUINTILE--WQ2,dcid:country/BRB,2012,6.713
dcs:who/overwgt5.WEALTHQUINTILE--WQ3,dcid:country/BRB,2012,12.76923
dcs:who/overwgt5.WEALTHQUINTILE--WQ1,dcid:country/BRB,2012,11.12177
dcs:who/overwgt5.SEX--F,dcid:country/BRB,2012,13.262
dcs:who/overwgt5.SEX--M,dcid:country/BRB,2012,11.29637
dcs:who/overwgt5.RESIDENCEAREATYPE--RUR,dcid:country/BRB,2012,13.72327
dcs:who/overwgt5.RESIDENCEAREATYPE--URB,dcid:country/BRB,2012,11.3651
dcs:who/overwgt5.EDUCATIONLEVEL--SHLM,dcid:country/BRB,2012,12.38288
dcs:who/overwgt5.AGE--Y0T01,dcid:country/BRB,2012,16.47382
dcs:who/overwgt5.AGE--Y2T05,dcid:country/BRB,2012,9.77156
dcs:who/overwgt5.WEALTHQUINTILE--WQ5,dcid:country/BTN,2010,10.16411
dcs:who/overwgt5.WEALTHQUINTILE--WQ3,dcid:country/BTN,2010,8.44536
dcs:who/overwgt5.WEALTHQUINTILE--WQ2,dcid:country/BTN,2010,7.10569
dcs:who/overwgt5.WEALTHQUINTILE--WQ1,dcid:country/BTN,2010,6.18755
dcs:who/overwgt5.WEALTHQUINTILE--WQ4,dcid:country/BTN,2010,6.30345
dcs:who/overwgt5.SEX--M,dcid:country/BTN,2010,7.52522
dcs:who/overwgt5.SEX--F,dcid:country/BTN,2010,7.6064
dcs:who/overwgt5.RESIDENCEAREATYPE--RUR,dcid:country/BTN,2010,6.56303
dcs:who/overwgt5.RESIDENCEAREATYPE--URB,dcid:country/BTN,2010,9.99429
dcs:who/overwgt5.EDUCATIONLEVEL--SHLM,dcid:country/BTN,2010,10.30149
dcs:who/overwgt5.EDUCATIONLEVEL--PRLM,dcid:country/BTN,2010,6.33534
dcs:who/overwgt5.EDUCATIONLEVEL--NHLM,dcid:country/BTN,2010,6.96272
dcs:who/overwgt5.AGE--Y2T05,dcid:country/BTN,2010,6.02976
dcs:who/overwgt5.AGE--Y0T01,dcid:country/BTN,2010,9.90339
dcs:who/overwgt5.WEALTHQUINTILE--WQ1,dcid:country/CAF,2018,2.34062
dcs:who/overwgt5.WEALTHQUINTILE--WQ3,dcid:country/CAF,2018,2.83182
dcs:who/overwgt5.WEALTHQUINTILE--WQ2,dcid:country/CAF,2018,4.4942
dcs:who/overwgt5.WEALTHQUINTILE--WQ5,dcid:country/CAF,2018,2.63287
dcs:who/overwgt5.WEALTHQUINTILE--WQ4,dcid:country/CAF,2018,3.53861
dcs:who/overwgt5.WEALTHQUINTILE--WQ2,dcid:country/CAF,2010,2.1994
dcs:who/overwgt5.WEALTHQUINTILE--WQ1,dcid:country/CAF,2010,1.57809
dcs:who/overwgt5.WEALTHQUINTILE--WQ4,dcid:country/CAF,2010,1.89583
dcs:who/overwgt5.WEALTHQUINTILE--WQ3,dcid:country/CAF,2010,1.31672
dcs:who/overwgt5.WEALTHQUINTILE--WQ5,dcid:country/CAF,2010,2.16415
dcs:who/overwgt5.WEALTHQUINTILE--WQ5,dcid:country/CAF,2006,8.43346
dcs:who/overwgt5.WEALTHQUINTILE--WQ3,dcid:country/CAF,2006,8.13695
dcs:who/overwgt5.WEALTHQUINTILE--WQ2,dcid:country/CAF,2006,8.03963
dcs:who/overwgt5.WEALTHQUINTILE--WQ1,dcid:country/CAF,2006,10.88757
dcs:who/overwgt5.WEALTHQUINTILE--WQ4,dcid:country/CAF,2006,7.45751
dcs:who/overwgt5.SEX--M,dcid:country/CAF,2018,3.48614
dcs:who/overwgt5.SEX--F,dcid:country/CAF,2018,2.90414
dcs:who/overwgt5.SEX--M,dcid:country/CAF,2010,1.95663
dcs:who/overwgt5.SEX--F,dcid:country/CAF,2010,1.67543
dcs:who/overwgt5.SEX--F,dcid:country/CAF,2006,8.96479
dcs:who/overwgt5.SEX--M,dcid:country/CAF,2006,8.28048
dcs:who/overwgt5.RESIDENCEAREATYPE--RUR,dcid:country/CAF,2018,3.25935
dcs:who/overwgt5.RESIDENCEAREATYPE--URB,dcid:country/CAF,2018,3.02279
dcs:who/overwgt5.RESIDENCEAREATYPE--RUR,dcid:country/CAF,2010,1.92583
dcs:who/overwgt5.RESIDENCEAREATYPE--URB,dcid:country/CAF,2010,1.61128
dcs:who/overwgt5.RESIDENCEAREATYPE--URB,dcid:country/CAF,2006,8.35843
dcs:who/overwgt5.RESIDENCEAREATYPE--RUR,dcid:country/CAF,2006,8.76653
dcs:who/overwgt5.EDUCATIONLEVEL--PRLM,dcid:country/CAF,2018,3.51497
dcs:who/overwgt5.EDUCATIONLEVEL--NHLM,dcid:country/CAF,2018,2.78633
dcs:who/overwgt5.EDUCATIONLEVEL--SHLM,dcid:country/CAF,2018,3.09458
dcs:who/overwgt5.EDUCATIONLEVEL--SHLM,dcid:country/CAF,2010,2.11563
dcs:who/overwgt5.EDUCATIONLEVEL--PRLM,dcid:country/CAF,2010,1.59138
dcs:who/overwgt5.EDUCATIONLEVEL--NHLM,dcid:country/CAF,2010,1.93462
dcs:who/overwgt5.EDUCATIONLEVEL--NHLM,dcid:country/CAF,2006,9.40031
dcs:who/overwgt5.EDUCATIONLEVEL--SHLM,dcid:country/CAF,2006,7.61474
dcs:who/overwgt5.EDUCATIONLEVEL--PRLM,dcid:country/CAF,2006,8.08941
dcs:who/overwgt5.AGE--Y2T05,dcid:country/CAF,2018,3.07095
dcs:who/overwgt5.AGE--Y0T01,dcid:country/CAF,2018,3.3675
dcs:who/overwgt5.AGE--Y2T05,dcid:country/CAF,2010,1.60428
dcs:who/overwgt5.AGE--Y0T01,dcid:country/CAF,2010,2.11402
dcs:who/overwgt5.AGE--Y2T05,dcid:country/CAF,2006,7.76406
dcs:who/overwgt5.AGE--Y0T01,dcid:country/CAF,2006,10.23782
dcs:who/overwgt5.WEALTHQUINTILE--WQ2,dcid:country/CIV,2016,1.45409
dcs:who/overwgt5.WEALTHQUINTILE--WQ4,dcid:country/CIV,2016,0.50739
dcs:who/overwgt5.WEALTHQUINTILE--WQ5,dcid:country/CIV,2016,2.33007
dcs:who/overwgt5.WEALTHQUINTILE--WQ1,dcid:country/CIV,2016,1.40449
dcs:who/overwgt5.WEALTHQUINTILE--WQ3,dcid:country/CIV,2016,1.82411
dcs:who/overwgt5.WEALTHQUINTILE--WQ2,dcid:country/CIV,2011,3.66955
dcs:who/overwgt5.WEALTHQUINTILE--WQ1,dcid:country/CIV,2011,2.75051
dcs:who/overwgt5.WEALTHQUINTILE--WQ3,dcid:country/CIV,2011,3.12272
dcs:who/overwgt5.WEALTHQUINTILE--WQ4,dcid:country/CIV,2011,2.44729
dcs:who/overwgt5.WEALTHQUINTILE--WQ5,dcid:country/CIV,2011,4.42138
dcs:who/overwgt5.WEALTHQUINTILE--WQ3,dcid:country/CIV,1998,4.0907
dcs:who/overwgt5.WEALTHQUINTILE--WQ4,dcid:country/CIV,1998,5.5036
dcs:who/overwgt5.WEALTHQUINTILE--WQ2,dcid:country/CIV,1998,3.64784
dcs:who/overwgt5.WEALTHQUINTILE--WQ5,dcid:country/CIV,1998,5.80214
dcs:who/overwgt5.WEALTHQUINTILE--WQ1,dcid:country/CIV,1998,4.29057
dcs:who/overwgt5.SEX--F,dcid:country/CIV,2016,1.12424
dcs:who/overwgt5.SEX--M,dcid:country/CIV,2016,1.79936
dcs:who/overwgt5.SEX--M,dcid:country/CIV,2011,3.45038
dcs:who/overwgt5.SEX--F,dcid:country/CIV,2011,3.01047
dcs:who/overwgt5.SEX--F,dcid:country/CIV,1998,4.00191
dcs:who/overwgt5.SEX--M,dcid:country/CIV,1998,5.18381
dcs:who/overwgt5.RESIDENCEAREATYPE--RUR,dcid:country/CIV,2016,1.48899
dcs:who/overwgt5.RESIDENCEAREATYPE--URB,dcid:country/CIV,2016,1.43003
dcs:who/overwgt5.RESIDENCEAREATYPE--URB,dcid:country/CIV,2011,3.34374
dcs:who/overwgt5.RESIDENCEAREATYPE--RUR,dcid:country/CIV,2011,3.1602
dcs:who/overwgt5.RESIDENCEAREATYPE--RUR,dcid:country/CIV,1998,3.38462
dcs:who/overwgt5.RESIDENCEAREATYPE--URB,dcid:country/CIV,1998,7.09663
dcs:who/overwgt5.EDUCATIONLEVEL--NHLM,dcid:country/CIV,2016,1.40027
dcs:who/overwgt5.EDUCATIONLEVEL--PRLM,dcid:country/CIV,2016,1.60828
dcs:who/overwgt5.EDUCATIONLEVEL--SHLM,dcid:country/CIV,2016,1.51759
dcs:who/overwgt5.EDUCATIONLEVEL--PRLM,dcid:country/CIV,2011,3.32528
dcs:who/overwgt5.EDUCATIONLEVEL--SHLM,dcid:country/CIV,2011,2.47276
dcs:who/overwgt5.EDUCATIONLEVEL--NHLM,dcid:country/CIV,2011,2.94796
dcs:who/overwgt5.EDUCATIONLEVEL--SHLM,dcid:country/CIV,1998,5.33049
dcs:who/overwgt5.EDUCATIONLEVEL--PRLM,dcid:country/CIV,1998,4.30886
dcs:who/overwgt5.EDUCATIONLEVEL--NHLM,dcid:country/CIV,1998,4.60395
dcs:who/overwgt5.AGE--Y0T01,dcid:country/CIV,2016,1.87802
dcs:who/overwgt5.AGE--Y2T05,dcid:country/CIV,2016,1.19214
dcs:who/overwgt5.AGE--Y2T05,dcid:country/CIV,2011,2.84948
dcs:who/overwgt5.AGE--Y0T01,dcid:country/CIV,2011,3.72772
dcs:who/overwgt5.AGE--Y2T05,dcid:country/CIV,1998,4.81547
dcs:who/overwgt5.AGE--Y0T01,dcid:country/CIV,1998,4.5689
dcs:who/overwgt5.WEALTHQUINTILE--WQ4,dcid:country/CMR,2018,10.36695
dcs:who/overwgt5.WEALTHQUINTILE--WQ3,dcid:country/CMR,2018,12.73213
dcs:who/overwgt5.WEALTHQUINTILE--WQ2,dcid:country/CMR,2018,9.95794
dcs:who/overwgt5.WEALTHQUINTILE--WQ5,dcid:country/CMR,2018,11.27328
dcs:who/overwgt5.WEALTHQUINTILE--WQ1,dcid:country/CMR,2018,10.80339
dcs:who/overwgt5.WEALTHQUINTILE--WQ2,dcid:country/CMR,2014,4.98308
dcs:who/overwgt5.WEALTHQUINTILE--WQ4,dcid:country/CMR,2014,9.15854
dcs:who/overwgt5.WEALTHQUINTILE--WQ3,dcid:country/CMR,2014,7.9074
dcs:who/overwgt5.WEALTHQUINTILE--WQ5,dcid:country/CMR,2014,11.21663
dcs:who/overwgt5.WEALTHQUINTILE--WQ1,dcid:country/CMR,2014,2.55227
dcs:who/overwgt5.WEALTHQUINTILE--WQ5,dcid:country/CMR,2011,8.02037
dcs:who/overwgt5.WEALTHQUINTILE--WQ1,dcid:country/CMR,2011,3.57683
dcs:who/overwgt5.WEALTHQUINTILE--WQ4,dcid:country/CMR,2011,6.59964
dcs:who/overwgt5.WEALTHQUINTILE--WQ3,dcid:country/CMR,2011,8.04105
dcs:who/overwgt5.WEALTHQUINTILE--WQ2,dcid:country/CMR,2011,6.61289
dcs:who/overwgt5.WEALTHQUINTILE--WQ3,dcid:country/CMR,2006,10.57989
dcs:who/overwgt5.WEALTHQUINTILE--WQ1,dcid:country/CMR,2006,6.71244
dcs:who/overwgt5.WEALTHQUINTILE--WQ5,dcid:country/CMR,2006,14.59698
dcs:who/overwgt5.WEALTHQUINTILE--WQ2,dcid:country/CMR,2006,9.50405
dcs:who/overwgt5.WEALTHQUINTILE--WQ4,dcid:country/CMR,2006,12.98573
dcs:who/overwgt5.WEALTHQUINTILE--WQ5,dcid:country/CMR,2004,12.88234
dcs:who/overwgt5.WEALTHQUINTILE--WQ1,dcid:country/CMR,2004,5.36918
dcs:who/overwgt5.WEALTHQUINTILE--WQ4,dcid:country/CMR,2004,9.61336
dcs:who/overwgt5.WEALTHQUINTILE--WQ2,dcid:country/CMR,2004,6.58696
dcs:who/overwgt5.WEALTHQUINTILE--WQ3,dcid:country/CMR,2004,11.13615
dcs:who/overwgt5.SEX--F,dcid:country/CMR,2018,9.74586
dcs:who/overwgt5.SEX--M,dcid:country/CMR,2018,12.16554
dcs:who/overwgt5.SEX--M,dcid:country/CMR,2011,7.65405
dcs:who/overwgt5.SEX--F,dcid:country/CMR,2014,6.22834
dcs:who/overwgt5.SEX--F,dcid:country/CMR,2011,5.31237
dcs:who/overwgt5.SEX--M,dcid:country/CMR,2014,7.1452
dcs:who/overwgt5.SEX--F,dcid:country/CMR,2006,10.78531
dcs:who/overwgt5.SEX--M,dcid:country/CMR,2006,10.21494
dcs:who/overwgt5.SEX--M,dcid:country/CMR,2004,10.2838
dcs:who/overwgt5.SEX--F,dcid:country/CMR,2004,7.21286
dcs:who/overwgt5.RESIDENCEAREATYPE--URB,dcid:country/CMR,2018,10.28823
dcs:who/overwgt5.RESIDENCEAREATYPE--RUR,dcid:country/CMR,2018,11.5426
dcs:who/overwgt5.RESIDENCEAREATYPE--RUR,dcid:country/CMR,2014,5.10372
dcs:who/overwgt5.RESIDENCEAREATYPE--URB,dcid:country/CMR,2014,8.98047
dcs:who/overwgt5.RESIDENCEAREATYPE--URB,dcid:country/CMR,2011,7.09165
dcs:who/overwgt5.RESIDENCEAREATYPE--RUR,dcid:country/CMR,2011,5.98112
dcs:who/overwgt5.RESIDENCEAREATYPE--URB,dcid:country/CMR,2006,13.18836
dcs:who/overwgt5.RESIDENCEAREATYPE--RUR,dcid:country/CMR,2006,8.41027
dcs:who/overwgt5.RESIDENCEAREATYPE--URB,dcid:country/CMR,2004,10.00452
dcs:who/overwgt5.RESIDENCEAREATYPE--RUR,dcid:country/CMR,2004,7.80013
dcs:who/overwgt5.EDUCATIONLEVEL--SHLM,dcid:country/CMR,2018,11.26093
dcs:who/overwgt5.EDUCATIONLEVEL--NHLM,dcid:country/CMR,2018,10.79009
dcs:who/overwgt5.EDUCATIONLEVEL--PRLM,dcid:country/CMR,2018,11.01675
dcs:who/overwgt5.EDUCATIONLEVEL--SHLM,dcid:country/CMR,2014,10.57631
dcs:who/overwgt5.EDUCATIONLEVEL--PRLM,dcid:country/CMR,2014,7.25119
dcs:who/overwgt5.EDUCATIONLEVEL--NHLM,dcid:country/CMR,2014,2.11177
dcs:who/overwgt5.EDUCATIONLEVEL--PRLM,dcid:country/CMR,2011,6.6484
dcs:who/overwgt5.EDUCATIONLEVEL--NHLM,dcid:country/CMR,2011,3.46318
dcs:who/overwgt5.EDUCATIONLEVEL--SHLM,dcid:country/CMR,2011,8.9502
dcs:who/overwgt5.EDUCATIONLEVEL--NHLM,dcid:country/CMR,2006,6.63431
dcs:who/overwgt5.EDUCATIONLEVEL--SHLM,dcid:country/CMR,2006,14.50648
dcs:who/overwgt5.EDUCATIONLEVEL--PRLM,dcid:country/CMR,2006,10.6243
dcs:who/overwgt5.EDUCATIONLEVEL--NHLM,dcid:country/CMR,2004,4.75854
dcs:who/overwgt5.EDUCATIONLEVEL--PRLM,dcid:country/CMR,2004,8.77758
dcs:who/overwgt5.EDUCATIONLEVEL--SHLM,dcid:country/CMR,2004,11.1328
dcs:who/overwgt5.AGE--Y2T05,dcid:country/CMR,2018,9.86656
dcs:who/overwgt5.AGE--Y0T01,dcid:country/CMR,2018,12.72578
dcs:who/overwgt5.AGE--Y2T05,dcid:country/CMR,2014,5.90723
dcs:who/overwgt5.AGE--Y0T01,dcid:country/CMR,2014,7.88222
dcs:who/overwgt5.AGE--Y0T01,dcid:country/CMR,2011,7.54087
dcs:who/overwgt5.AGE--Y2T05,dcid:country/CMR,2011,5.70415
dcs:who/overwgt5.AGE--Y0T01,dcid:country/CMR,2006,8.57399
dcs:who/overwgt5.AGE--Y2T05,dcid:country/CMR,2006,11.89177
dcs:who/overwgt5.AGE--Y2T05,dcid:country/CMR,2004,9.17051
dcs:who/overwgt5.AGE--Y0T01,dcid:country/CMR,2004,8.35686
dcs:who/overwgt5,dcid:country/COD,2017,6.94646
dcs:who/overwgt5.WEALTHQUINTILE--WQ3,dcid:country/COD,2017,3.94916
dcs:who/overwgt5.WEALTHQUINTILE--WQ2,dcid:country/COD,2017,4.10871
dcs:who/overwgt5.WEALTHQUINTILE--WQ1,dcid:country/COD,2017,3.71758
dcs:who/overwgt5.WEALTHQUINTILE--WQ4,dcid:country/COD,2017,4.3521
dcs:who/overwgt5.WEALTHQUINTILE--WQ5,dcid:country/COD,2017,2.61999
dcs:who/overwgt5.WEALTHQUINTILE--WQ2,dcid:country/COD,2013,3.24854
dcs:who/overwgt5.WEALTHQUINTILE--WQ3,dcid:country/COD,2013,4.42794
dcs:who/overwgt5.WEALTHQUINTILE--WQ5,dcid:country/COD,2013,4.48727
dcs:who/overwgt5.WEALTHQUINTILE--WQ1,dcid:country/COD,2013,5.05877
dcs:who/overwgt5.WEALTHQUINTILE--WQ4,dcid:country/COD,2013,5.1409
dcs:who/overwgt5.WEALTHQUINTILE--WQ1,dcid:country/COD,2010,4.69146
dcs:who/overwgt5.WEALTHQUINTILE--WQ5,dcid:country/COD,2010,3.63248
dcs:who/overwgt5.WEALTHQUINTILE--WQ2,dcid:country/COD,2010,4.8623
dcs:who/overwgt5.WEALTHQUINTILE--WQ3,dcid:country/COD,2010,5.50743
dcs:who/overwgt5.WEALTHQUINTILE--WQ4,dcid:country/COD,2010,5.50541
dcs:who/overwgt5.WEALTHQUINTILE--WQ3,dcid:country/COD,2007,5.68117
dcs:who/overwgt5.WEALTHQUINTILE--WQ1,dcid:country/COD,2007,6.16393
dcs:who/overwgt5.WEALTHQUINTILE--WQ2,dcid:country/COD,2007,7.48626
dcs:who/overwgt5.WEALTHQUINTILE--WQ4,dcid:country/COD,2007,9.56682
dcs:who/overwgt5.WEALTHQUINTILE--WQ5,dcid:country/COD,2007,6.1331
dcs:who/overwgt5.SEX--M,dcid:country/COD,2017,3.75747
dcs:who/overwgt5.SEX--F,dcid:country/COD,2017,3.84009
dcs:who/overwgt5.SEX--M,dcid:country/COD,2010,5.08173
dcs:who/overwgt5.SEX--F,dcid:country/COD,2013,4.35728
dcs:who/overwgt5.SEX--F,dcid:country/COD,2010,4.68111
dcs:who/overwgt5.SEX--M,dcid:country/COD,2013,4.53708
dcs:who/overwgt5.SEX--M,dcid:country/COD,2007,6.70421
dcs:who/overwgt5.SEX--F,dcid:country/COD,2007,7.36422
dcs:who/overwgt5.RESIDENCEAREATYPE--URB,dcid:country/COD,2017,3.69439
dcs:who/overwgt5.RESIDENCEAREATYPE--RUR,dcid:country/COD,2017,3.86518
dcs:who/overwgt5.RESIDENCEAREATYPE--RUR,dcid:country/COD,2013,4.44087
dcs:who/overwgt5.RESIDENCEAREATYPE--URB,dcid:country/COD,2013,4.46297
dcs:who/overwgt5.RESIDENCEAREATYPE--URB,dcid:country/COD,2010,4.30931
dcs:who/overwgt5.RESIDENCEAREATYPE--RUR,dcid:country/COD,2010,5.08808
dcs:who/overwgt5.RESIDENCEAREATYPE--URB,dcid:country/COD,2007,8.71746
dcs:who/overwgt5.RESIDENCEAREATYPE--RUR,dcid:country/COD,2007,5.89617
dcs:who/overwgt5.EDUCATIONLEVEL--SHLM,dcid:country/COD,2017,4.08597
dcs:who/overwgt5.EDUCATIONLEVEL--PRLM,dcid:country/COD,2017,3.62627
dcs:who/overwgt5.EDUCATIONLEVEL--NHLM,dcid:country/COD,2017,3.40164
dcs:who/overwgt5.EDUCATIONLEVEL--NHLM,dcid:country/COD,2013,4.51814
dcs:who/overwgt5.EDUCATIONLEVEL--PRLM,dcid:country/COD,2013,3.93206
dcs:who/overwgt5.EDUCATIONLEVEL--SHLM,dcid:country/COD,2013,4.81282
dcs:who/overwgt5.EDUCATIONLEVEL--PRLM,dcid:country/COD,2010,4.67966
dcs:who/overwgt5.EDUCATIONLEVEL--SHLM,dcid:country/COD,2010,4.80723
dcs:who/overwgt5.EDUCATIONLEVEL--NHLM,dcid:country/COD,2010,5.33345
dcs:who/overwgt5.EDUCATIONLEVEL--NHLM,dcid:country/COD,2007,8.09876
dcs:who/overwgt5.EDUCATIONLEVEL--SHLM,dcid:country/COD,2007,7.19422
dcs:who/overwgt5.EDUCATIONLEVEL--PRLM,dcid:country/COD,2007,6.94968
dcs:who/overwgt5.AGE--Y2T05,dcid:country/COD,2017,2.76841
dcs:who/overwgt5.AGE--Y0T01,dcid:country/COD,2017,5.34593
dcs:who/overwgt5.AGE--Y0T01,dcid:country/COD,2013,6.08703
dcs:who/overwgt5.AGE--Y2T05,dcid:country/COD,2013,3.34184
dcs:who/overwgt5.AGE--Y0T01,dcid:country/COD,2010,5.20942
dcs:who/overwgt5.AGE--Y2T05,dcid:country/COD,2010,4.58547
dcs:who/overwgt5.AGE--Y2T05,dcid:country/COD,2007,6.55376
dcs:who/overwgt5.AGE--Y0T01,dcid:country/COD,2007,7.94032
dcs:who/overwgt5.WEALTHQUINTILE--WQ1,dcid:country/COG,2014,2.19329
dcs:who/overwgt5.WEALTHQUINTILE--WQ2,dcid:country/COG,2014,6.90448
dcs:who/overwgt5.WEALTHQUINTILE--WQ4,dcid:country/COG,2014,6.33847
dcs:who/overwgt5.WEALTHQUINTILE--WQ5,dcid:country/COG,2014,9.73034
dcs:who/overwgt5.WEALTHQUINTILE--WQ3,dcid:country/COG,2014,6.07809
dcs:who/overwgt5.WEALTHQUINTILE--WQ5,dcid:country/COG,2011,3.8351
dcs:who/overwgt5.WEALTHQUINTILE--WQ4,dcid:country/COG,2011,2.98533
dcs:who/overwgt5.WEALTHQUINTILE--WQ1,dcid:country/COG,2011,2.81866
dcs:who/overwgt5.WEALTHQUINTILE--WQ2,dcid:country/COG,2011,3.80019
dcs:who/overwgt5.WEALTHQUINTILE--WQ3,dcid:country/COG,2011,4.18108
dcs:who/overwgt5.WEALTHQUINTILE--WQ3,dcid:country/COG,2005,10.33053
dcs:who/overwgt5.WEALTHQUINTILE--WQ4,dcid:country/COG,2005,8.59657
dcs:who/overwgt5.WEALTHQUINTILE--WQ1,dcid:country/COG,2005,6.90539
dcs:who/overwgt5.WEALTHQUINTILE--WQ2,dcid:country/COG,2005,6.40198
dcs:who/overwgt5.WEALTHQUINTILE--WQ5,dcid:country/COG,2005,11.7443
dcs:who/overwgt5.SEX--M,dcid:country/COG,2011,3.54134
dcs:who/overwgt5.SEX--F,dcid:country/COG,2014,7.03368
dcs:who/overwgt5.SEX--M,dcid:country/COG,2014,4.83682
dcs:who/overwgt5.SEX--F,dcid:country/COG,2011,3.45294
dcs:who/overwgt5.SEX--M,dcid:country/COG,2005,8.53073
dcs:who/overwgt5.SEX--F,dcid:country/COG,2005,8.55698
dcs:who/overwgt5.RESIDENCEAREATYPE--URB,dcid:country/COG,2014,7.90814
dcs:who/overwgt5.RESIDENCEAREATYPE--RUR,dcid:country/COG,2014,2.69306
dcs:who/overwgt5.RESIDENCEAREATYPE--URB,dcid:country/COG,2011,3.70441
dcs:who/overwgt5.RESIDENCEAREATYPE--RUR,dcid:country/COG,2011,3.19399
dcs:who/overwgt5.RESIDENCEAREATYPE--URB,dcid:country/COG,2005,9.81006
dcs:who/overwgt5.RESIDENCEAREATYPE--RUR,dcid:country/COG,2005,7.47349
dcs:who/overwgt5.EDUCATIONLEVEL--PRLM,dcid:country/COG,2014,4.41862
dcs:who/overwgt5.EDUCATIONLEVEL--SHLM,dcid:country/COG,2014,6.40854
dcs:who/overwgt5.EDUCATIONLEVEL--NHLM,dcid:country/COG,2014,6.56224
dcs:who/overwgt5.EDUCATIONLEVEL--NHLM,dcid:country/COG,2011,3.56188
dcs:who/overwgt5.EDUCATIONLEVEL--SHLM,dcid:country/COG,2011,3.57023
dcs:who/overwgt5.EDUCATIONLEVEL--PRLM,dcid:country/COG,2011,3.1994
dcs:who/overwgt5.EDUCATIONLEVEL--SHLM,dcid:country/COG,2005,8.88852
dcs:who/overwgt5.EDUCATIONLEVEL--NHLM,dcid:country/COG,2005,4.82714
dcs:who/overwgt5.EDUCATIONLEVEL--PRLM,dcid:country/COG,2005,8.29836
dcs:who/overwgt5.AGE--Y0T01,dcid:country/COG,2014,7.05021
dcs:who/overwgt5.AGE--Y2T05,dcid:country/COG,2014,5.20332
dcs:who/overwgt5.AGE--Y2T05,dcid:country/COG,2011,3.47663
dcs:who/overwgt5.AGE--Y0T01,dcid:country/COG,2011,3.53669
dcs:who/overwgt5.AGE--Y0T01,dcid:country/COG,2005,9.06845
dcs:who/overwgt5.AGE--Y2T05,dcid:country/COG,2005,8.20892
dcs:who/overwgt5.WEALTHQUINTILE--WQ1,dcid:country/COL,2000,5.20233
dcs:who/overwgt5.WEALTHQUINTILE--WQ2,dcid:country/COL,2000,4.08046
dcs:who/overwgt5.WEALTHQUINTILE--WQ3,dcid:country/COL,2000,4.24746
dcs:who/overwgt5.WEALTHQUINTILE--WQ4,dcid:country/COL,2000,7.5704
dcs:who/overwgt5.WEALTHQUINTILE--WQ5,dcid:country/COL,2000,6.89458
dcs:who/overwgt5.WEALTHQUINTILE--WQ3,dcid:country/COL,1995,3.63356
dcs:who/overwgt5.WEALTHQUINTILE--WQ5,dcid:country/COL,1995,6.37897
dcs:who/overwgt5.WEALTHQUINTILE--WQ4,dcid:country/COL,1995,5.91968
dcs:who/overwgt5.WEALTHQUINTILE--WQ1,dcid:country/COL,1995,3.24617
dcs:who/overwgt5.WEALTHQUINTILE--WQ2,dcid:country/COL,1995,4.69012
dcs:who/overwgt5.SEX--M,dcid:country/COL,2000,6.34713
dcs:who/overwgt5.SEX--F,dcid:country/COL,1995,4.07804
dcs:who/overwgt5.SEX--F,dcid:country/COL,2000,4.30149
dcs:who/overwgt5.SEX--M,dcid:country/COL,1995,4.92048
dcs:who/overwgt5.RESIDENCEAREATYPE--URB,dcid:country/COL,2000,5.62589
dcs:who/overwgt5.RESIDENCEAREATYPE--RUR,dcid:country/COL,2000,4.73109
dcs:who/overwgt5.RESIDENCEAREATYPE--URB,dcid:country/COL,1995,4.78359
dcs:who/overwgt5.RESIDENCEAREATYPE--RUR,dcid:country/COL,1995,4.02971
dcs:who/overwgt5.EDUCATIONLEVEL--NHLM,dcid:country/COL,2000,3.51656
dcs:who/overwgt5.EDUCATIONLEVEL--PRLM,dcid:country/COL,2000,5.04302
dcs:who/overwgt5.EDUCATIONLEVEL--SHLM,dcid:country/COL,2000,5.68498
dcs:who/overwgt5.EDUCATIONLEVEL--SHLM,dcid:country/COL,1995,4.68347
dcs:who/overwgt5.EDUCATIONLEVEL--PRLM,dcid:country/COL,1995,4.2965
dcs:who/overwgt5.EDUCATIONLEVEL--NHLM,dcid:country/COL,1995,4.53415
dcs:who/overwgt5.AGE--Y2T05,dcid:country/COL,2000,4.24702
dcs:who/overwgt5.AGE--Y0T01,dcid:country/COL,2000,6.82287
dcs:who/overwgt5.AGE--Y0T01,dcid:country/COL,1995,5.10384
dcs:who/overwgt5.AGE--Y2T05,dcid:country/COL,1995,4.065
dcs:who/overwgt5.WEALTHQUINTILE--WQ5,dcid:country/COM,2012,10.44438
dcs:who/overwgt5.WEALTHQUINTILE--WQ2,dcid:country/COM,2012,10.01666
dcs:who/overwgt5.WEALTHQUINTILE--WQ3,dcid:country/COM,2012,10.6124
dcs:who/overwgt5.WEALTHQUINTILE--WQ4,dcid:country/COM,2012,14.09548
dcs:who/overwgt5.WEALTHQUINTILE--WQ1,dcid:country/COM,2012,8.81358
dcs:who/overwgt5.SEX--F,dcid:country/COM,2012,9.97524
dcs:who/overwgt5.SEX--M,dcid:country/COM,2012,11.24379
dcs:who/overwgt5.RESIDENCEAREATYPE--URB,dcid:country/COM,2012,11.68335
dcs:who/overwgt5.RESIDENCEAREATYPE--RUR,dcid:country/COM,2012,10.22317
dcs:who/overwgt5.EDUCATIONLEVEL--NHLM,dcid:country/COM,2012,9.08297
dcs:who/overwgt5.EDUCATIONLEVEL--SHLM,dcid:country/COM,2012,10.10912
dcs:who/overwgt5.EDUCATIONLEVEL--PRLM,dcid:country/COM,2012,13.41783
dcs:who/overwgt5.AGE--Y2T05,dcid:country/COM,2012,10.7246
dcs:who/overwgt5.AGE--Y0T01,dcid:country/COM,2012,10.46926
dcs:who/overwgt5,dcid:country/CRI,2018,4.43338
dcs:who/overwgt5.WEALTHQUINTILE--WQ5,dcid:country/CRI,2018,8.56876
dcs:who/overwgt5.WEALTHQUINTILE--WQ1,dcid:country/CRI,2018,6.61087
dcs:who/overwgt5.WEALTHQUINTILE--WQ2,dcid:country/CRI,2018,7.38677
dcs:who/overwgt5.WEALTHQUINTILE--WQ4,dcid:country/CRI,2018,7.73383
dcs:who/overwgt5.WEALTHQUINTILE--WQ3,dcid:country/CRI,2018,8.19041
dcs:who/overwgt5.SEX--F,dcid:country/CRI,2018,6.86351
dcs:who/overwgt5.SEX--M,dcid:country/CRI,2018,8.15916
dcs:who/overwgt5.RESIDENCEAREATYPE--URB,dcid:country/CRI,2018,7.76438
dcs:who/overwgt5.RESIDENCEAREATYPE--RUR,dcid:country/CRI,2018,7.05406
dcs:who/overwgt5.EDUCATIONLEVEL--PRLM,dcid:country/CRI,2018,7.00091
dcs:who/overwgt5.EDUCATIONLEVEL--SHLM,dcid:country/CRI,2018,7.63124
dcs:who/overwgt5.EDUCATIONLEVEL--NHLM,dcid:country/CRI,2018,10.77702
dcs:who/overwgt5.AGE--Y0T01,dcid:country/CRI,2018,8.08381
dcs:who/overwgt5.AGE--Y2T05,dcid:country/CRI,2018,7.24684
dcs:who/overwgt5,dcid:country/CUB,2019,11.04848
dcs:who/overwgt5.WEALTHQUINTILE--WQ4,dcid:country/CUB,2019,8.33703
dcs:who/overwgt5.WEALTHQUINTILE--WQ1,dcid:country/CUB,2019,13.94971
dcs:who/overwgt5.WEALTHQUINTILE--WQ5,dcid:country/CUB,2019,7.7076
dcs:who/overwgt5.WEALTHQUINTILE--WQ3,dcid:country/CUB,2019,8.77658
dcs:who/overwgt5.WEALTHQUINTILE--WQ2,dcid:country/CUB,2019,12.82306
dcs:who/overwgt5.SEX--M,dcid:country/CUB,2019,11.86697
dcs:who/overwgt5.SEX--F,dcid:country/CUB,2019,8.74476
dcs:who/overwgt5.RESIDENCEAREATYPE--RUR,dcid:country/CUB,2019,8.88065
dcs:who/overwgt5.RESIDENCEAREATYPE--URB,dcid:country/CUB,2019,11.14274
dcs:who/overwgt5.EDUCATIONLEVEL--SHLM,dcid:country/CUB,2019,10.36229
dcs:who/overwgt5.AGE--Y0T01,dcid:country/CUB,2019,11.14997
dcs:who/overwgt5.AGE--Y2T05,dcid:country/CUB,2019,9.7959
dcs:who/overwgt5.WEALTHQUINTILE--WQ4,dcid:country/DOM,2013,9.00225
dcs:who/overwgt5.WEALTHQUINTILE--WQ1,dcid:country/DOM,2013,4.21194
dcs:who/overwgt5.WEALTHQUINTILE--WQ2,dcid:country/DOM,2013,6.50881
dcs:who/overwgt5.WEALTHQUINTILE--WQ3,dcid:country/DOM,2013,8.9382
dcs:who/overwgt5.WEALTHQUINTILE--WQ5,dcid:country/DOM,2013,11.0712
dcs:who/overwgt5.WEALTHQUINTILE--WQ3,dcid:country/DOM,2007,8.66055
dcs:who/overwgt5.WEALTHQUINTILE--WQ5,dcid:country/DOM,2007,12.00867
dcs:who/overwgt5.WEALTHQUINTILE--WQ1,dcid:country/DOM,2007,6.9581
dcs:who/overwgt5.WEALTHQUINTILE--WQ2,dcid:country/DOM,2007,7.02232
dcs:who/overwgt5.WEALTHQUINTILE--WQ4,dcid:country/DOM,2007,8.59173
dcs:who/overwgt5.WEALTHQUINTILE--WQ4,dcid:country/DOM,1996,6.62535
dcs:who/overwgt5.WEALTHQUINTILE--WQ5,dcid:country/DOM,1996,12.96497
dcs:who/overwgt5.WEALTHQUINTILE--WQ1,dcid:country/DOM,1996,2.99326
dcs:who/overwgt5.WEALTHQUINTILE--WQ3,dcid:country/DOM,1996,6.72774
dcs:who/overwgt5.WEALTHQUINTILE--WQ2,dcid:country/DOM,1996,6.87199
dcs:who/overwgt5.SEX--F,dcid:country/DOM,2013,7.28822
dcs:who/overwgt5.SEX--M,dcid:country/DOM,2013,7.93564
dcs:who/overwgt5.SEX--M,dcid:country/DOM,2007,9.06282
dcs:who/overwgt5.SEX--F,dcid:country/DOM,2002,8.10759
dcs:who/overwgt5.SEX--M,dcid:country/DOM,2002,9.13756
dcs:who/overwgt5.SEX--F,dcid:country/DOM,2007,7.47402
dcs:who/overwgt5.SEX--M,dcid:country/DOM,1996,7.06108
dcs:who/overwgt5.SEX--F,dcid:country/DOM,1996,6.24462
dcs:who/overwgt5.RESIDENCEAREATYPE--RUR,dcid:country/DOM,2013,7.14536
dcs:who/overwgt5.RESIDENCEAREATYPE--URB,dcid:country/DOM,2013,7.78653
dcs:who/overwgt5.RESIDENCEAREATYPE--RUR,dcid:country/DOM,2007,7.96872
dcs:who/overwgt5.RESIDENCEAREATYPE--URB,dcid:country/DOM,2007,8.47199
dcs:who/overwgt5.RESIDENCEAREATYPE--RUR,dcid:country/DOM,2002,7.49175
dcs:who/overwgt5.RESIDENCEAREATYPE--URB,dcid:country/DOM,2002,9.28084
dcs:who/overwgt5.RESIDENCEAREATYPE--RUR,dcid:country/DOM,1996,3.97911
dcs:who/overwgt5.RESIDENCEAREATYPE--URB,dcid:country/DOM,1996,8.73417
dcs:who/overwgt5.EDUCATIONLEVEL--NHLM,dcid:country/DOM,2013,11.24348
dcs:who/overwgt5.EDUCATIONLEVEL--SHLM,dcid:country/DOM,2013,8.46836
dcs:who/overwgt5.EDUCATIONLEVEL--PRLM,dcid:country/DOM,2013,5.44056
dcs:who/overwgt5.EDUCATIONLEVEL--PRLM,dcid:country/DOM,2007,6.8734
dcs:who/overwgt5.EDUCATIONLEVEL--SHLM,dcid:country/DOM,2007,9.40511
dcs:who/overwgt5.EDUCATIONLEVEL--NHLM,dcid:country/DOM,2007,6.95984
dcs:who/overwgt5.EDUCATIONLEVEL--PRLM,dcid:country/DOM,2002,6.72592
dcs:who/overwgt5.EDUCATIONLEVEL--NHLM,dcid:country/DOM,2002,3.84315
dcs:who/overwgt5.EDUCATIONLEVEL--SHLM,dcid:country/DOM,2002,11.09102
dcs:who/overwgt5.EDUCATIONLEVEL--NHLM,dcid:country/DOM,1996,2.8424
dcs:who/overwgt5.EDUCATIONLEVEL--PRLM,dcid:country/DOM,1996,5.72506
dcs:who/overwgt5.EDUCATIONLEVEL--SHLM,dcid:country/DOM,1996,8.9191
dcs:who/overwgt5.AGE--Y0T01,dcid:country/DOM,2013,10.23435
dcs:who/overwgt5.AGE--Y2T05,dcid:country/DOM,2013,5.7082
dcs:who/overwgt5.AGE--Y2T05,dcid:country/DOM,2007,7.47524
dcs:who/overwgt5.AGE--Y0T01,dcid:country/DOM,2007,9.41674
dcs:who/overwgt5.AGE--Y0T01,dcid:country/DOM,2002,8.95149
dcs:who/overwgt5.AGE--Y2T05,dcid:country/DOM,2002,8.46217
dcs:who/overwgt5.AGE--Y2T05,dcid:country/DOM,1996,6.40482
dcs:who/overwgt5.AGE--Y0T01,dcid:country/DOM,1996,7.04317
dcs:who/overwgt5.WEALTHQUINTILE--WQ4,dcid:country/DZA,2018,13.34291
dcs:who/overwgt5.WEALTHQUINTILE--WQ2,dcid:country/DZA,2018,11.85175
dcs:who/overwgt5.WEALTHQUINTILE--WQ3,dcid:country/DZA,2018,12.87498
dcs:who/overwgt5.WEALTHQUINTILE--WQ5,dcid:country/DZA,2018,13.82375
dcs:who/overwgt5.WEALTHQUINTILE--WQ1,dcid:country/DZA,2018,12.44196
dcs:who/overwgt5.WEALTHQUINTILE--WQ4,dcid:country/DZA,2012,14.77341
dcs:who/overwgt5.WEALTHQUINTILE--WQ1,dcid:country/DZA,2012,11.48598
dcs:who/overwgt5.WEALTHQUINTILE--WQ3,dcid:country/DZA,2012,11.52773
dcs:who/overwgt5.WEALTHQUINTILE--WQ5,dcid:country/DZA,2012,13.26822
dcs:who/overwgt5.WEALTHQUINTILE--WQ2,dcid:country/DZA,2012,11.40703
dcs:who/overwgt5.SEX--F,dcid:country/DZA,2018,12.11355
dcs:who/overwgt5.SEX--M,dcid:country/DZA,2018,13.37128
dcs:who/overwgt5.SEX--M,dcid:country/DZA,2012,12.85496
dcs:who/overwgt5.SEX--F,dcid:country/DZA,2012,11.95542
dcs:who/overwgt5.RESIDENCEAREATYPE--RUR,dcid:country/DZA,2018,13.22353
dcs:who/overwgt5.RESIDENCEAREATYPE--URB,dcid:country/DZA,2018,12.40184
dcs:who/overwgt5.RESIDENCEAREATYPE--URB,dcid:country/DZA,2012,13.05295
dcs:who/overwgt5.RESIDENCEAREATYPE--RUR,dcid:country/DZA,2012,11.38729
dcs:who/overwgt5.EDUCATIONLEVEL--NHLM,dcid:country/DZA,2018,12.85655
dcs:who/overwgt5.EDUCATIONLEVEL--SHLM,dcid:country/DZA,2018,12.68865
dcs:who/overwgt5.EDUCATIONLEVEL--PRLM,dcid:country/DZA,2018,13.0106
dcs:who/overwgt5.EDUCATIONLEVEL--PRLM,dcid:country/DZA,2012,12.49531
dcs:who/overwgt5.EDUCATIONLEVEL--NHLM,dcid:country/DZA,2012,11.20677
dcs:who/overwgt5.EDUCATIONLEVEL--SHLM,dcid:country/DZA,2012,12.90011
dcs:who/overwgt5.AGE--Y2T05,dcid:country/DZA,2018,11.22685
dcs:who/overwgt5.AGE--Y0T01,dcid:country/DZA,2018,15.11864
dcs:who/overwgt5.AGE--Y0T01,dcid:country/DZA,2012,15.80736
dcs:who/overwgt5.AGE--Y2T05,dcid:country/DZA,2012,9.77862
dcs:who/overwgt5.SEX--F,dcid:country/ECU,2004,4.92804
dcs:who/overwgt5.SEX--M,dcid:country/ECU,2004,5.61608
dcs:who/overwgt5.RESIDENCEAREATYPE--URB,dcid:country/ECU,2004,6.7483
dcs:who/overwgt5.RESIDENCEAREATYPE--RUR,dcid:country/ECU,2004,2.29859
dcs:who/overwgt5.EDUCATIONLEVEL--SHLM,dcid:country/ECU,2004,5.62173
dcs:who/overwgt5.EDUCATIONLEVEL--PRLM,dcid:country/ECU,2004,4.6905
dcs:who/overwgt5.EDUCATIONLEVEL--NHLM,dcid:country/ECU,2004,8.52915
dcs:who/overwgt5.AGE--Y2T05,dcid:country/ECU,2004,5.1894
dcs:who/overwgt5.AGE--Y0T01,dcid:country/ECU,2004,5.45429
dcs:who/overwgt5,dcid:country/EGY,2014,18.11129
dcs:who/overwgt5,dcid:country/EGY,2008,24.88238
dcs:who/overwgt5,dcid:country/EGY,2005,15.37846
dcs:who/overwgt5,dcid:country/EGY,1995,14.26797
dcs:who/overwgt5.WEALTHQUINTILE--WQ2,dcid:country/EGY,2014,13.73155
dcs:who/overwgt5.WEALTHQUINTILE--WQ5,dcid:country/EGY,2014,18.77992
dcs:who/overwgt5.WEALTHQUINTILE--WQ4,dcid:country/EGY,2014,15.82022
dcs:who/overwgt5.WEALTHQUINTILE--WQ3,dcid:country/EGY,2014,14.40138
dcs:who/overwgt5.WEALTHQUINTILE--WQ1,dcid:country/EGY,2014,16.58289
dcs:who/overwgt5.WEALTHQUINTILE--WQ3,dcid:country/EGY,2008,22.11799
dcs:who/overwgt5.WEALTHQUINTILE--WQ1,dcid:country/EGY,2008,12.74325
dcs:who/overwgt5.WEALTHQUINTILE--WQ2,dcid:country/EGY,2008,18.66677
dcs:who/overwgt5.WEALTHQUINTILE--WQ5,dcid:country/EGY,2008,23.71649
dcs:who/overwgt5.WEALTHQUINTILE--WQ4,dcid:country/EGY,2008,25.28219
dcs:who/overwgt5.WEALTHQUINTILE--WQ2,dcid:country/EGY,2005,13.08026
dcs:who/overwgt5.WEALTHQUINTILE--WQ3,dcid:country/EGY,2005,13.60292
dcs:who/overwgt5.WEALTHQUINTILE--WQ4,dcid:country/EGY,2005,12.98343
dcs:who/overwgt5.WEALTHQUINTILE--WQ1,dcid:country/EGY,2005,15.83851
dcs:who/overwgt5.WEALTHQUINTILE--WQ5,dcid:country/EGY,2005,15.21915
dcs:who/overwgt5.WEALTHQUINTILE--WQ5,dcid:country/EGY,1995,16.18247
dcs:who/overwgt5.WEALTHQUINTILE--WQ2,dcid:country/EGY,1995,12.76335
dcs:who/overwgt5.WEALTHQUINTILE--WQ4,dcid:country/EGY,1995,13.58321
dcs:who/overwgt5.WEALTHQUINTILE--WQ3,dcid:country/EGY,1995,14.46574
dcs:who/overwgt5.WEALTHQUINTILE--WQ1,dcid:country/EGY,1995,16.01347
dcs:who/overwgt5.SEX--M,dcid:country/EGY,2008,19.68913
dcs:who/overwgt5.SEX--F,dcid:country/EGY,2008,21.17001
dcs:who/overwgt5.SEX--F,dcid:country/EGY,2014,15.00095
dcs:who/overwgt5.SEX--M,dcid:country/EGY,2014,16.32771
dcs:who/overwgt5.SEX--F,dcid:country/EGY,2005,13.78752
dcs:who/overwgt5.SEX--M,dcid:country/EGY,2005,14.39332
dcs:who/overwgt5.SEX--M,dcid:country/EGY,1995,14.73887
dcs:who/overwgt5.SEX--F,dcid:country/EGY,1995,14.4996
dcs:who/overwgt5.RESIDENCEAREATYPE--RUR,dcid:country/EGY,2014,15.04008
dcs:who/overwgt5.RESIDENCEAREATYPE--URB,dcid:country/EGY,2014,17.13816
dcs:who/overwgt5.RESIDENCEAREATYPE--RUR,dcid:country/EGY,2008,19.35179
dcs:who/overwgt5.RESIDENCEAREATYPE--URB,dcid:country/EGY,2008,22.28621
dcs:who/overwgt5.RESIDENCEAREATYPE--URB,dcid:country/EGY,2005,13.91361
dcs:who/overwgt5.RESIDENCEAREATYPE--RUR,dcid:country/EGY,2005,14.19888
dcs:who/overwgt5.RESIDENCEAREATYPE--URB,dcid:country/EGY,1995,14.79269
dcs:who/overwgt5.RESIDENCEAREATYPE--RUR,dcid:country/EGY,1995,14.51455
dcs:who/overwgt5.EDUCATIONLEVEL--PRLM,dcid:country/EGY,2014,15.57607
dcs:who/overwgt5.EDUCATIONLEVEL--SHLM,dcid:country/EGY,2014,16.11265
dcs:who/overwgt5.EDUCATIONLEVEL--NHLM,dcid:country/EGY,2014,14.0859
dcs:who/overwgt5.EDUCATIONLEVEL--SHLM,dcid:country/EGY,2008,22.81335
dcs:who/overwgt5.EDUCATIONLEVEL--NHLM,dcid:country/EGY,2008,15.25055
dcs:who/overwgt5.EDUCATIONLEVEL--PRLM,dcid:country/EGY,2008,19.04902
dcs:who/overwgt5.EDUCATIONLEVEL--SHLM,dcid:country/EGY,2005,14.18368
dcs:who/overwgt5.EDUCATIONLEVEL--PRLM,dcid:country/EGY,2005,14.22476
dcs:who/overwgt5.EDUCATIONLEVEL--NHLM,dcid:country/EGY,2005,13.82309
dcs:who/overwgt5.EDUCATIONLEVEL--NHLM,dcid:country/EGY,1995,14.52301
dcs:who/overwgt5.EDUCATIONLEVEL--SHLM,dcid:country/EGY,1995,15.46774
dcs:who/overwgt5.EDUCATIONLEVEL--PRLM,dcid:country/EGY,1995,13.47146
dcs:who/overwgt5.AGE--Y2T05,dcid:country/EGY,2014,15.35268
dcs:who/overwgt5.AGE--Y0T01,dcid:country/EGY,2014,16.13617
dcs:who/overwgt5.AGE--Y2T05,dcid:country/EGY,2008,20.5716
dcs:who/overwgt5.AGE--Y0T01,dcid:country/EGY,2008,20.24177
dcs:who/overwgt5.AGE--Y2T05,dcid:country/EGY,2005,12.29519
dcs:who/overwgt5.AGE--Y0T01,dcid:country/EGY,2005,16.77063
dcs:who/overwgt5.AGE--Y0T01,dcid:country/EGY,1995,12.41312
dcs:who/overwgt5.AGE--Y2T05,dcid:country/EGY,1995,16.14325
dcs:who/overwgt5,dcid:country/ETH,2011,1.39967
dcs:who/overwgt5,dcid:country/ETH,2005,5.21808
dcs:who/overwgt5,dcid:country/ETH,2000,4.46211
dcs:who/overwgt5.WEALTHQUINTILE--WQ5,dcid:country/ETH,2019,2.31907
dcs:who/overwgt5.WEALTHQUINTILE--WQ1,dcid:country/ETH,2019,2.40733
dcs:who/overwgt5.WEALTHQUINTILE--WQ4,dcid:country/ETH,2019,2.11914
dcs:who/overwgt5.WEALTHQUINTILE--WQ3,dcid:country/ETH,2019,1.63737
dcs:who/overwgt5.WEALTHQUINTILE--WQ2,dcid:country/ETH,2019,2.89805
dcs:who/overwgt5.WEALTHQUINTILE--WQ4,dcid:country/ETH,2016,3.52334
dcs:who/overwgt5.WEALTHQUINTILE--WQ5,dcid:country/ETH,2016,3.53675
dcs:who/overwgt5.WEALTHQUINTILE--WQ2,dcid:country/ETH,2016,2.19271
dcs:who/overwgt5.WEALTHQUINTILE--WQ3,dcid:country/ETH,2016,2.11642
dcs:who/overwgt5.WEALTHQUINTILE--WQ1,dcid:country/ETH,2016,3.50594
dcs:who/overwgt5.WEALTHQUINTILE--WQ1,dcid:country/ETH,2011,1.76968
dcs:who/overwgt5.WEALTHQUINTILE--WQ4,dcid:country/ETH,2011,2.02286
dcs:who/overwgt5.WEALTHQUINTILE--WQ2,dcid:country/ETH,2011,2.10519
dcs:who/overwgt5.WEALTHQUINTILE--WQ3,dcid:country/ETH,2011,0.84012
dcs:who/overwgt5.WEALTHQUINTILE--WQ5,dcid:country/ETH,2011,2.79199
dcs:who/overwgt5.WEALTHQUINTILE--WQ3,dcid:country/ETH,2005,4.79293
dcs:who/overwgt5.WEALTHQUINTILE--WQ5,dcid:country/ETH,2005,5.39614
dcs:who/overwgt5.WEALTHQUINTILE--WQ4,dcid:country/ETH,2005,5.91141
dcs:who/overwgt5.WEALTHQUINTILE--WQ1,dcid:country/ETH,2005,5.37799
dcs:who/overwgt5.WEALTHQUINTILE--WQ2,dcid:country/ETH,2005,3.96534
dcs:who/overwgt5.WEALTHQUINTILE--WQ5,dcid:country/ETH,2000,2.51607
dcs:who/overwgt5.WEALTHQUINTILE--WQ1,dcid:country/ETH,2000,1.71444
dcs:who/overwgt5.WEALTHQUINTILE--WQ4,dcid:country/ETH,2000,1.82058
dcs:who/overwgt5.WEALTHQUINTILE--WQ2,dcid:country/ETH,2000,1.89538
dcs:who/overwgt5.WEALTHQUINTILE--WQ3,dcid:country/ETH,2000,2.22632
dcs:who/overwgt5.SEX--F,dcid:country/ETH,2019,2.21956
dcs:who/overwgt5.SEX--M,dcid:country/ETH,2019,2.38283
dcs:who/overwgt5.SEX--F,dcid:country/ETH,2016,2.75645
dcs:who/overwgt5.SEX--M,dcid:country/ETH,2016,3.07221
dcs:who/overwgt5.SEX--F,dcid:country/ETH,2011,2.05383
dcs:who/overwgt5.SEX--M,dcid:country/ETH,2011,1.6486
dcs:who/overwgt5.SEX--M,dcid:country/ETH,2005,5.75742
dcs:who/overwgt5.SEX--F,dcid:country/ETH,2005,4.36542
dcs:who/overwgt5.SEX--F,dcid:country/ETH,2000,1.97299
dcs:who/overwgt5.SEX--M,dcid:country/ETH,2000,2.04215
dcs:who/overwgt5.RESIDENCEAREATYPE--RUR,dcid:country/ETH,2019,2.25762
dcs:who/overwgt5.RESIDENCEAREATYPE--URB,dcid:country/ETH,2019,2.4348
dcs:who/overwgt5.RESIDENCEAREATYPE--URB,dcid:country/ETH,2016,3.07131
dcs:who/overwgt5.RESIDENCEAREATYPE--RUR,dcid:country/ETH,2016,2.90041
dcs:who/overwgt5.RESIDENCEAREATYPE--RUR,dcid:country/ETH,2011,1.6064
dcs:who/overwgt5.RESIDENCEAREATYPE--URB,dcid:country/ETH,2011,3.55365
dcs:who/overwgt5.RESIDENCEAREATYPE--RUR,dcid:country/ETH,2005,4.98937
dcs:who/overwgt5.RESIDENCEAREATYPE--URB,dcid:country/ETH,2005,6.01422
dcs:who/overwgt5.RESIDENCEAREATYPE--RUR,dcid:country/ETH,2000,1.93128
dcs:who/overwgt5.RESIDENCEAREATYPE--URB,dcid:country/ETH,2000,2.6775
dcs:who/overwgt5.EDUCATIONLEVEL--SHLM,dcid:country/ETH,2019,1.74864
dcs:who/overwgt5.EDUCATIONLEVEL--PRLM,dcid:country/ETH,2019,2.19475
dcs:who/overwgt5.EDUCATIONLEVEL--NHLM,dcid:country/ETH,2019,2.22777
dcs:who/overwgt5.EDUCATIONLEVEL--SHLM,dcid:country/ETH,2016,3.12208
dcs:who/overwgt5.EDUCATIONLEVEL--PRLM,dcid:country/ETH,2016,3.47587
dcs:who/overwgt5.EDUCATIONLEVEL--NHLM,dcid:country/ETH,2016,2.71227
dcs:who/overwgt5.EDUCATIONLEVEL--NHLM,dcid:country/ETH,2011,1.74901
dcs:who/overwgt5.EDUCATIONLEVEL--PRLM,dcid:country/ETH,2011,1.76119
dcs:who/overwgt5.EDUCATIONLEVEL--SHLM,dcid:country/ETH,2011,5.44122
dcs:who/overwgt5.EDUCATIONLEVEL--PRLM,dcid:country/ETH,2005,5.87048
dcs:who/overwgt5.EDUCATIONLEVEL--SHLM,dcid:country/ETH,2005,8.40925
dcs:who/overwgt5.EDUCATIONLEVEL--NHLM,dcid:country/ETH,2005,4.86923
dcs:who/overwgt5.EDUCATIONLEVEL--SHLM,dcid:country/ETH,2000,3.75992
dcs:who/overwgt5.EDUCATIONLEVEL--PRLM,dcid:country/ETH,2000,1.49092
dcs:who/overwgt5.AGE--Y2T05,dcid:country/ETH,2019,1.53528
dcs:who/overwgt5.AGE--Y0T01,dcid:country/ETH,2019,3.51747
dcs:who/overwgt5.AGE--Y0T01,dcid:country/ETH,2016,4.84965
dcs:who/overwgt5.AGE--Y2T05,dcid:country/ETH,2016,1.63082
dcs:who/overwgt5.AGE--Y0T01,dcid:country/ETH,2011,2.69918
dcs:who/overwgt5.AGE--Y2T05,dcid:country/ETH,2011,1.32606
dcs:who/overwgt5.AGE--Y2T05,dcid:country/ETH,2005,3.39803
dcs:who/overwgt5.AGE--Y0T01,dcid:country/ETH,2005,7.87152
dcs:who/overwgt5.AGE--Y2T05,dcid:country/ETH,2000,1.09165
dcs:who/overwgt5.AGE--Y0T01,dcid:country/ETH,2000,3.48437
dcs:who/overwgt5.WEALTHQUINTILE--WQ4,dcid:country/GAB,2012,9.28453
dcs:who/overwgt5.WEALTHQUINTILE--WQ2,dcid:country/GAB,2012,8.24757
dcs:who/overwgt5.WEALTHQUINTILE--WQ5,dcid:country/GAB,2012,7.19752
dcs:who/overwgt5.WEALTHQUINTILE--WQ3,dcid:country/GAB,2012,7.46436
dcs:who/overwgt5.WEALTHQUINTILE--WQ1,dcid:country/GAB,2012,6.47208
dcs:who/overwgt5.WEALTHQUINTILE--WQ3,dcid:country/GAB,2000,4.76283
dcs:who/overwgt5.WEALTHQUINTILE--WQ4,dcid:country/GAB,2000,8.21474
dcs:who/overwgt5.WEALTHQUINTILE--WQ1,dcid:country/GAB,2000,3.22926
dcs:who/overwgt5.WEALTHQUINTILE--WQ2,dcid:country/GAB,2000,5.47628
dcs:who/overwgt5.WEALTHQUINTILE--WQ5,dcid:country/GAB,2000,6.39466
dcs:who/overwgt5.SEX--F,dcid:country/GAB,2012,6.15573
dcs:who/overwgt5.SEX--M,dcid:country/GAB,2000,5.97381
dcs:who/overwgt5.SEX--F,dcid:country/GAB,2000,5.05607
dcs:who/overwgt5.SEX--M,dcid:country/GAB,2012,9.20552
dcs:who/overwgt5.RESIDENCEAREATYPE--RUR,dcid:country/GAB,2012,6.97726
dcs:who/overwgt5.RESIDENCEAREATYPE--URB,dcid:country/GAB,2012,7.86589
dcs:who/overwgt5.RESIDENCEAREATYPE--RUR,dcid:country/GAB,2000,4.10894
dcs:who/overwgt5.RESIDENCEAREATYPE--URB,dcid:country/GAB,2000,6.06809
dcs:who/overwgt5.EDUCATIONLEVEL--PRLM,dcid:country/GAB,2012,5.85444
dcs:who/overwgt5.EDUCATIONLEVEL--NHLM,dcid:country/GAB,2012,9.45865
dcs:who/overwgt5.EDUCATIONLEVEL--SHLM,dcid:country/GAB,2012,8.37933
dcs:who/overwgt5.EDUCATIONLEVEL--SHLM,dcid:country/GAB,2000,6.21421
dcs:who/overwgt5.EDUCATIONLEVEL--NHLM,dcid:country/GAB,2000,1.74006
dcs:who/overwgt5.EDUCATIONLEVEL--PRLM,dcid:country/GAB,2000,5.34444
dcs:who/overwgt5.AGE--Y0T01,dcid:country/GAB,2012,10.01409
dcs:who/overwgt5.AGE--Y2T05,dcid:country/GAB,2012,6.18576
dcs:who/overwgt5.AGE--Y2T05,dcid:country/GAB,2000,4.47386
dcs:who/overwgt5.AGE--Y0T01,dcid:country/GAB,2000,6.77198
dcs:who/overwgt5.WEALTHQUINTILE--WQ1,dcid:country/GEO,2018,3.4153
dcs:who/overwgt5.WEALTHQUINTILE--WQ3,dcid:country/GEO,2018,6.40556
dcs:who/overwgt5.WEALTHQUINTILE--WQ5,dcid:country/GEO,2018,5.32088
dcs:who/overwgt5.WEALTHQUINTILE--WQ2,dcid:country/GEO,2018,8.8748
dcs:who/overwgt5.WEALTHQUINTILE--WQ4,dcid:country/GEO,2018,5.899
dcs:who/overwgt5.WEALTHQUINTILE--WQ3,dcid:country/GEO,2005,23.22633
dcs:who/overwgt5.WEALTHQUINTILE--WQ1,dcid:country/GEO,2005,24.91849
dcs:who/overwgt5.WEALTHQUINTILE--WQ5,dcid:country/GEO,2005,17.06163
dcs:who/overwgt5.WEALTHQUINTILE--WQ4,dcid:country/GEO,2005,20.12848
dcs:who/overwgt5.WEALTHQUINTILE--WQ2,dcid:country/GEO,2005,20.16793
dcs:who/overwgt5.SEX--M,dcid:country/GEO,2018,7.19592
dcs:who/overwgt5.SEX--F,dcid:country/GEO,2018,4.80087
dcs:who/overwgt5.SEX--F,dcid:country/GEO,2005,20.54128
dcs:who/overwgt5.SEX--M,dcid:country/GEO,2005,21.11024
dcs:who/overwgt5.RESIDENCEAREATYPE--URB,dcid:country/GEO,2018,5.62065
dcs:who/overwgt5.RESIDENCEAREATYPE--RUR,dcid:country/GEO,2018,6.58383
dcs:who/overwgt5.RESIDENCEAREATYPE--RUR,dcid:country/GEO,2005,22.63839
dcs:who/overwgt5.RESIDENCEAREATYPE--URB,dcid:country/GEO,2005,19.08458
dcs:who/overwgt5.EDUCATIONLEVEL--SHLM,dcid:country/GEO,2005,20.96332
dcs:who/overwgt5.AGE--Y0T01,dcid:country/GEO,2018,5.22511
dcs:who/overwgt5.AGE--Y2T05,dcid:country/GEO,2018,6.45346
dcs:who/overwgt5.AGE--Y0T01,dcid:country/GEO,2005,21.5576
dcs:who/overwgt5.AGE--Y2T05,dcid:country/GEO,2005,20.38998
dcs:who/overwgt5.WEALTHQUINTILE--WQ4,dcid:country/GHA,2017,1.12599
dcs:who/overwgt5.WEALTHQUINTILE--WQ5,dcid:country/GHA,2017,2.12036
dcs:who/overwgt5.WEALTHQUINTILE--WQ2,dcid:country/GHA,2017,1.21207
dcs:who/overwgt5.WEALTHQUINTILE--WQ3,dcid:country/GHA,2017,1.44679
dcs:who/overwgt5.WEALTHQUINTILE--WQ1,dcid:country/GHA,2017,1.08966
dcs:who/overwgt5.WEALTHQUINTILE--WQ2,dcid:country/GHA,2014,3.23307
dcs:who/overwgt5.WEALTHQUINTILE--WQ4,dcid:country/GHA,2014,2.13424
dcs:who/overwgt5.WEALTHQUINTILE--WQ1,dcid:country/GHA,2014,1.6296
dcs:who/overwgt5.WEALTHQUINTILE--WQ3,dcid:country/GHA,2014,2.02519
dcs:who/overwgt5.WEALTHQUINTILE--WQ5,dcid:country/GHA,2014,4.56939
dcs:who/overwgt5.WEALTHQUINTILE--WQ1,dcid:country/GHA,2011,2.55598
dcs:who/overwgt5.WEALTHQUINTILE--WQ4,dcid:country/GHA,2011,0.86997
dcs:who/overwgt5.WEALTHQUINTILE--WQ5,dcid:country/GHA,2011,4.23071
dcs:who/overwgt5.WEALTHQUINTILE--WQ3,dcid:country/GHA,2011,2.19374
dcs:who/overwgt5.WEALTHQUINTILE--WQ2,dcid:country/GHA,2011,3.32645
dcs:who/overwgt5.WEALTHQUINTILE--WQ2,dcid:country/GHA,2008,4.40692
dcs:who/overwgt5.WEALTHQUINTILE--WQ3,dcid:country/GHA,2008,6.00053
dcs:who/overwgt5.WEALTHQUINTILE--WQ4,dcid:country/GHA,2008,8.58138
dcs:who/overwgt5.WEALTHQUINTILE--WQ5,dcid:country/GHA,2008,6.84137
dcs:who/overwgt5.WEALTHQUINTILE--WQ1,dcid:country/GHA,2008,3.613
dcs:who/overwgt5.WEALTHQUINTILE--WQ1,dcid:country/GHA,2006,2.44407
dcs:who/overwgt5.WEALTHQUINTILE--WQ4,dcid:country/GHA,2006,3.41928
dcs:who/overwgt5.WEALTHQUINTILE--WQ5,dcid:country/GHA,2006,3.55454
dcs:who/overwgt5.WEALTHQUINTILE--WQ3,dcid:country/GHA,2006,1.29657
dcs:who/overwgt5.WEALTHQUINTILE--WQ2,dcid:country/GHA,2006,2.55326
dcs:who/overwgt5.WEALTHQUINTILE--WQ5,dcid:country/GHA,2003,5.1844
dcs:who/overwgt5.WEALTHQUINTILE--WQ3,dcid:country/GHA,2003,5.29024
dcs:who/overwgt5.WEALTHQUINTILE--WQ4,dcid:country/GHA,2003,2.99205
dcs:who/overwgt5.WEALTHQUINTILE--WQ1,dcid:country/GHA,2003,3.71162
dcs:who/overwgt5.WEALTHQUINTILE--WQ2,dcid:country/GHA,2003,5.21343
dcs:who/overwgt5.WEALTHQUINTILE--WQ4,dcid:country/GHA,1998,1.7995
dcs:who/overwgt5.WEALTHQUINTILE--WQ3,dcid:country/GHA,1998,2.76552
dcs:who/overwgt5.WEALTHQUINTILE--WQ1,dcid:country/GHA,1998,2.92464
dcs:who/overwgt5.WEALTHQUINTILE--WQ5,dcid:country/GHA,1998,2.95091
dcs:who/overwgt5.WEALTHQUINTILE--WQ2,dcid:country/GHA,1998,2.91391
dcs:who/overwgt5.SEX--F,dcid:country/GHA,2017,1.29476
dcs:who/overwgt5.SEX--M,dcid:country/GHA,2017,1.47237
dcs:who/overwgt5.SEX--F,dcid:country/GHA,2014,1.56967
dcs:who/overwgt5.SEX--M,dcid:country/GHA,2014,3.60988
dcs:who/overwgt5.SEX--M,dcid:country/GHA,2011,2.7128
dcs:who/overwgt5.SEX--F,dcid:country/GHA,2011,2.51191
dcs:who/overwgt5.SEX--M,dcid:country/GHA,2006,2.59543
dcs:who/overwgt5.SEX--F,dcid:country/GHA,2008,5.9443
dcs:who/overwgt5.SEX--F,dcid:country/GHA,2006,2.584
dcs:who/overwgt5.SEX--M,dcid:country/GHA,2008,5.42986
dcs:who/overwgt5.SEX--M,dcid:country/GHA,2003,5.34103
dcs:who/overwgt5.SEX--F,dcid:country/GHA,2003,3.5948
dcs:who/overwgt5.SEX--M,dcid:country/GHA,1998,2.87869
dcs:who/overwgt5.SEX--F,dcid:country/GHA,1998,2.53487
dcs:who/overwgt5.RESIDENCEAREATYPE--URB,dcid:country/GHA,2017,1.51122
dcs:who/overwgt5.RESIDENCEAREATYPE--RUR,dcid:country/GHA,2017,1.28421
dcs:who/overwgt5.RESIDENCEAREATYPE--RUR,dcid:country/GHA,2014,1.98585
dcs:who/overwgt5.RESIDENCEAREATYPE--URB,dcid:country/GHA,2014,3.41615
dcs:who/overwgt5.RESIDENCEAREATYPE--URB,dcid:country/GHA,2011,2.38912
dcs:who/overwgt5.RESIDENCEAREATYPE--RUR,dcid:country/GHA,2011,2.78125
dcs:who/overwgt5.RESIDENCEAREATYPE--URB,dcid:country/GHA,2008,7.02324
dcs:who/overwgt5.RESIDENCEAREATYPE--RUR,dcid:country/GHA,2008,4.8478
dcs:who/overwgt5.RESIDENCEAREATYPE--URB,dcid:country/GHA,2006,3.16833
dcs:who/overwgt5.RESIDENCEAREATYPE--RUR,dcid:country/GHA,2006,2.27065
dcs:who/overwgt5.RESIDENCEAREATYPE--RUR,dcid:country/GHA,2003,4.2341
dcs:who/overwgt5.RESIDENCEAREATYPE--URB,dcid:country/GHA,2003,4.93104
dcs:who/overwgt5.RESIDENCEAREATYPE--RUR,dcid:country/GHA,1998,2.72541
dcs:who/overwgt5.RESIDENCEAREATYPE--URB,dcid:country/GHA,1998,2.63386
dcs:who/overwgt5.EDUCATIONLEVEL--PRLM,dcid:country/GHA,2017,1.20721
dcs:who/overwgt5.EDUCATIONLEVEL--SHLM,dcid:country/GHA,2017,1.62441
dcs:who/overwgt5.EDUCATIONLEVEL--NHLM,dcid:country/GHA,2017,1.04656
dcs:who/overwgt5.EDUCATIONLEVEL--NHLM,dcid:country/GHA,2014,2.64336
dcs:who/overwgt5.EDUCATIONLEVEL--SHLM,dcid:country/GHA,2014,2.94487
dcs:who/overwgt5.EDUCATIONLEVEL--PRLM,dcid:country/GHA,2014,2.40877
dcs:who/overwgt5.EDUCATIONLEVEL--PRLM,dcid:country/GHA,2011,3.29057
dcs:who/overwgt5.EDUCATIONLEVEL--NHLM,dcid:country/GHA,2011,2.32231
dcs:who/overwgt5.EDUCATIONLEVEL--SHLM,dcid:country/GHA,2011,2.49497
dcs:who/overwgt5.EDUCATIONLEVEL--SHLM,dcid:country/GHA,2008,6.53407
dcs:who/overwgt5.EDUCATIONLEVEL--PRLM,dcid:country/GHA,2008,5.38898
dcs:who/overwgt5.EDUCATIONLEVEL--NHLM,dcid:country/GHA,2008,4.69789
dcs:who/overwgt5.EDUCATIONLEVEL--SHLM,dcid:country/GHA,2006,3.17176
dcs:who/overwgt5.EDUCATIONLEVEL--NHLM,dcid:country/GHA,2006,2.37675
dcs:who/overwgt5.EDUCATIONLEVEL--PRLM,dcid:country/GHA,2006,1.94232
dcs:who/overwgt5.EDUCATIONLEVEL--SHLM,dcid:country/GHA,2003,3.88662
dcs:who/overwgt5.EDUCATIONLEVEL--PRLM,dcid:country/GHA,2003,5.46816
dcs:who/overwgt5.EDUCATIONLEVEL--NHLM,dcid:country/GHA,2003,4.47804
dcs:who/overwgt5.EDUCATIONLEVEL--PRLM,dcid:country/GHA,1998,3.04597
dcs:who/overwgt5.EDUCATIONLEVEL--NHLM,dcid:country/GHA,1998,2.5606
dcs:who/overwgt5.EDUCATIONLEVEL--SHLM,dcid:country/GHA,1998,2.66848
dcs:who/overwgt5.AGE--Y0T01,dcid:country/GHA,2017,1.49853
dcs:who/overwgt5.AGE--Y2T05,dcid:country/GHA,2017,1.34884
dcs:who/overwgt5.AGE--Y0T01,dcid:country/GHA,2014,3.09265
dcs:who/overwgt5.AGE--Y2T05,dcid:country/GHA,2014,2.32395
dcs:who/overwgt5.AGE--Y2T05,dcid:country/GHA,2011,2.07669
dcs:who/overwgt5.AGE--Y0T01,dcid:country/GHA,2011,3.46437
dcs:who/overwgt5.AGE--Y2T05,dcid:country/GHA,2008,5.67157
dcs:who/overwgt5.AGE--Y0T01,dcid:country/GHA,2008,5.74696
dcs:who/overwgt5.AGE--Y2T05,dcid:country/GHA,2006,2.03601
dcs:who/overwgt5.AGE--Y0T01,dcid:country/GHA,2006,3.41062
dcs:who/overwgt5.AGE--Y2T05,dcid:country/GHA,2003,4.05302
dcs:who/overwgt5.AGE--Y0T01,dcid:country/GHA,2003,5.08406
dcs:who/overwgt5.AGE--Y2T05,dcid:country/GHA,1998,2.06122
dcs:who/overwgt5.AGE--Y0T01,dcid:country/GHA,1998,3.45347
dcs:who/overwgt5,dcid:country/GIN,2018,2.40299
dcs:who/overwgt5,dcid:country/GIN,2016,4.93712
dcs:who/overwgt5,dcid:country/GIN,2012,4.65103
dcs:who/overwgt5,dcid:country/GIN,2005,2.87169
dcs:who/overwgt5.WEALTHQUINTILE--WQ3,dcid:country/GIN,2018,6.29656
dcs:who/overwgt5.WEALTHQUINTILE--WQ2,dcid:country/GIN,2018,4.6022
dcs:who/overwgt5.WEALTHQUINTILE--WQ1,dcid:country/GIN,2018,5.98674
dcs:who/overwgt5.WEALTHQUINTILE--WQ5,dcid:country/GIN,2018,7.16491
dcs:who/overwgt5.WEALTHQUINTILE--WQ4,dcid:country/GIN,2018,4.26619
dcs:who/overwgt5.WEALTHQUINTILE--WQ2,dcid:country/GIN,2016,5.40182
dcs:who/overwgt5.WEALTHQUINTILE--WQ4,dcid:country/GIN,2016,3.67738
dcs:who/overwgt5.WEALTHQUINTILE--WQ5,dcid:country/GIN,2016,3.43245
dcs:who/overwgt5.WEALTHQUINTILE--WQ1,dcid:country/GIN,2016,3.1933
dcs:who/overwgt5.WEALTHQUINTILE--WQ3,dcid:country/GIN,2016,4.00002
dcs:who/overwgt5.WEALTHQUINTILE--WQ4,dcid:country/GIN,2012,2.98534
dcs:who/overwgt5.WEALTHQUINTILE--WQ3,dcid:country/GIN,2012,3.61008
dcs:who/overwgt5.WEALTHQUINTILE--WQ5,dcid:country/GIN,2012,5.12466
dcs:who/overwgt5.WEALTHQUINTILE--WQ2,dcid:country/GIN,2012,4.19259
dcs:who/overwgt5.WEALTHQUINTILE--WQ1,dcid:country/GIN,2012,3.37124
dcs:who/overwgt5.WEALTHQUINTILE--WQ1,dcid:country/GIN,2005,3.82231
dcs:who/overwgt5.WEALTHQUINTILE--WQ5,dcid:country/GIN,2005,6.45148
dcs:who/overwgt5.WEALTHQUINTILE--WQ3,dcid:country/GIN,2005,4.76103
dcs:who/overwgt5.WEALTHQUINTILE--WQ2,dcid:country/GIN,2005,5.60472
dcs:who/overwgt5.WEALTHQUINTILE--WQ4,dcid:country/GIN,2005,5.99956
dcs:who/overwgt5.WEALTHQUINTILE--WQ2,dcid:country/GIN,1999,3.28553
dcs:who/overwgt5.WEALTHQUINTILE--WQ4,dcid:country/GIN,1999,4.37304
dcs:who/overwgt5.WEALTHQUINTILE--WQ1,dcid:country/GIN,1999,5.25131
dcs:who/overwgt5.WEALTHQUINTILE--WQ3,dcid:country/GIN,1999,4.95055
dcs:who/overwgt5.WEALTHQUINTILE--WQ5,dcid:country/GIN,1999,3.69357
dcs:who/overwgt5.SEX--F,dcid:country/GIN,2018,5.5571
dcs:who/overwgt5.SEX--M,dcid:country/GIN,2018,5.67543
dcs:who/overwgt5.SEX--M,dcid:country/GIN,2016,4.59179
dcs:who/overwgt5.SEX--F,dcid:country/GIN,2016,3.36101
dcs:who/overwgt5.SEX--F,dcid:country/GIN,2012,3.02905
dcs:who/overwgt5.SEX--M,dcid:country/GIN,2012,4.48472
dcs:who/overwgt5.SEX--F,dcid:country/GIN,2005,5.11114
dcs:who/overwgt5.SEX--M,dcid:country/GIN,1999,4.54774
dcs:who/overwgt5.SEX--F,dcid:country/GIN,1999,4.15796
dcs:who/overwgt5.SEX--M,dcid:country/GIN,2005,5.24056
dcs:who/overwgt5.RESIDENCEAREATYPE--RUR,dcid:country/GIN,2018,5.20883
dcs:who/overwgt5.RESIDENCEAREATYPE--URB,dcid:country/GIN,2018,6.6255
dcs:who/overwgt5.RESIDENCEAREATYPE--RUR,dcid:country/GIN,2016,3.83234
dcs:who/overwgt5.RESIDENCEAREATYPE--URB,dcid:country/GIN,2016,4.29744
dcs:who/overwgt5.RESIDENCEAREATYPE--RUR,dcid:country/GIN,2012,3.72931
dcs:who/overwgt5.RESIDENCEAREATYPE--URB,dcid:country/GIN,2012,3.9372
dcs:who/overwgt5.RESIDENCEAREATYPE--URB,dcid:country/GIN,2005,5.7625
dcs:who/overwgt5.RESIDENCEAREATYPE--RUR,dcid:country/GIN,2005,5.00768
dcs:who/overwgt5.RESIDENCEAREATYPE--URB,dcid:country/GIN,1999,4.21365
dcs:who/overwgt5.RESIDENCEAREATYPE--RUR,dcid:country/GIN,1999,4.41396
dcs:who/overwgt5.EDUCATIONLEVEL--NHLM,dcid:country/GIN,2018,5.74424
dcs:who/overwgt5.EDUCATIONLEVEL--PRLM,dcid:country/GIN,2018,5.23762
dcs:who/overwgt5.EDUCATIONLEVEL--SHLM,dcid:country/GIN,2018,8.08194
dcs:who/overwgt5.EDUCATIONLEVEL--NHLM,dcid:country/GIN,2016,3.95793
dcs:who/overwgt5.EDUCATIONLEVEL--SHLM,dcid:country/GIN,2016,4.05186
dcs:who/overwgt5.EDUCATIONLEVEL--PRLM,dcid:country/GIN,2016,4.10859
dcs:who/overwgt5.EDUCATIONLEVEL--PRLM,dcid:country/GIN,2012,3.76307
dcs:who/overwgt5.EDUCATIONLEVEL--SHLM,dcid:country/GIN,2012,6.98068
dcs:who/overwgt5.EDUCATIONLEVEL--NHLM,dcid:country/GIN,2012,3.28294
dcs:who/overwgt5.EDUCATIONLEVEL--SHLM,dcid:country/GIN,2005,9.06152
dcs:who/overwgt5.EDUCATIONLEVEL--PRLM,dcid:country/GIN,2005,7.09177
dcs:who/overwgt5.EDUCATIONLEVEL--NHLM,dcid:country/GIN,2005,5.00173
dcs:who/overwgt5.EDUCATIONLEVEL--NHLM,dcid:country/GIN,1999,4.50475
dcs:who/overwgt5.EDUCATIONLEVEL--SHLM,dcid:country/GIN,1999,1.41083
dcs:who/overwgt5.EDUCATIONLEVEL--PRLM,dcid:country/GIN,1999,4.96372
dcs:who/overwgt5.AGE--Y0T01,dcid:country/GIN,2018,6.95726
dcs:who/overwgt5.AGE--Y2T05,dcid:country/GIN,2018,4.86004
dcs:who/overwgt5.AGE--Y0T01,dcid:country/GIN,2016,4.91265
dcs:who/overwgt5.AGE--Y2T05,dcid:country/GIN,2016,3.40897
dcs:who/overwgt5.AGE--Y0T01,dcid:country/GIN,2012,4.32911
dcs:who/overwgt5.AGE--Y2T05,dcid:country/GIN,2012,3.38597
dcs:who/overwgt5.AGE--Y2T05,dcid:country/GIN,2005,3.94998
dcs:who/overwgt5.AGE--Y0T01,dcid:country/GIN,2005,6.97959
dcs:who/overwgt5.AGE--Y2T05,dcid:country/GIN,1999,3.85553
dcs:who/overwgt5.AGE--Y0T01,dcid:country/GIN,1999,5.27354
dcs:who/overwgt5.WEALTHQUINTILE--WQ2,dcid:country/GMB,2019,2.78704
dcs:who/overwgt5.WEALTHQUINTILE--WQ5,dcid:country/GMB,2019,3.55001
dcs:who/overwgt5.WEALTHQUINTILE--WQ3,dcid:country/GMB,2019,1.79161
dcs:who/overwgt5.WEALTHQUINTILE--WQ4,dcid:country/GMB,2019,1.17961
dcs:who/overwgt5.WEALTHQUINTILE--WQ1,dcid:country/GMB,2019,1.49054
dcs:who/overwgt5.WEALTHQUINTILE--WQ3,dcid:country/GMB,2018,1.23261
dcs:who/overwgt5.WEALTHQUINTILE--WQ1,dcid:country/GMB,2018,1.01525
dcs:who/overwgt5.WEALTHQUINTILE--WQ4,dcid:country/GMB,2018,1.54731
dcs:who/overwgt5.WEALTHQUINTILE--WQ5,dcid:country/GMB,2018,1.0666
dcs:who/overwgt5.WEALTHQUINTILE--WQ2,dcid:country/GMB,2018,1.24078
dcs:who/overwgt5.WEALTHQUINTILE--WQ2,dcid:country/GMB,2013,3.64653
dcs:who/overwgt5.WEALTHQUINTILE--WQ4,dcid:country/GMB,2013,4.18992
dcs:who/overwgt5.WEALTHQUINTILE--WQ1,dcid:country/GMB,2013,2.66759
dcs:who/overwgt5.WEALTHQUINTILE--WQ3,dcid:country/GMB,2013,2.94743
dcs:who/overwgt5.WEALTHQUINTILE--WQ5,dcid:country/GMB,2013,2.3271
dcs:who/overwgt5.WEALTHQUINTILE--WQ4,dcid:country/GMB,2010,1.81531
dcs:who/overwgt5.WEALTHQUINTILE--WQ5,dcid:country/GMB,2010,1.61829
dcs:who/overwgt5.WEALTHQUINTILE--WQ2,dcid:country/GMB,2010,2.2671
dcs:who/overwgt5.WEALTHQUINTILE--WQ1,dcid:country/GMB,2010,2.03345
dcs:who/overwgt5.WEALTHQUINTILE--WQ3,dcid:country/GMB,2010,1.76202
dcs:who/overwgt5.WEALTHQUINTILE--WQ2,dcid:country/GMB,2005,2.7522
dcs:who/overwgt5.WEALTHQUINTILE--WQ4,dcid:country/GMB,2005,3.10907
dcs:who/overwgt5.WEALTHQUINTILE--WQ1,dcid:country/GMB,2005,2.66636
dcs:who/overwgt5.WEALTHQUINTILE--WQ3,dcid:country/GMB,2005,2.56981
dcs:who/overwgt5.WEALTHQUINTILE--WQ5,dcid:country/GMB,2005,2.48747
dcs:who/overwgt5.SEX--F,dcid:country/GMB,2019,2.31888
dcs:who/overwgt5.SEX--M,dcid:country/GMB,2019,1.98949
dcs:who/overwgt5.SEX--F,dcid:country/GMB,2018,1.1633
dcs:who/overwgt5.SEX--M,dcid:country/GMB,2018,1.27451
dcs:who/overwgt5.SEX--M,dcid:country/GMB,2010,2.36007
dcs:who/overwgt5.SEX--M,dcid:country/GMB,2013,3.05758
dcs:who/overwgt5.SEX--F,dcid:country/GMB,2013,3.34751
dcs:who/overwgt5.SEX--F,dcid:country/GMB,2010,1.45436
dcs:who/overwgt5.SEX--F,dcid:country/GMB,2005,2.53708
dcs:who/overwgt5.SEX--M,dcid:country/GMB,2005,2.89085
dcs:who/overwgt5.RESIDENCEAREATYPE--URB,dcid:country/GMB,2019,2.4988
dcs:who/overwgt5.RESIDENCEAREATYPE--RUR,dcid:country/GMB,2019,1.47816
dcs:who/overwgt5.RESIDENCEAREATYPE--URB,dcid:country/GMB,2018,1.39728
dcs:who/overwgt5.RESIDENCEAREATYPE--RUR,dcid:country/GMB,2018,0.94153
dcs:who/overwgt5.RESIDENCEAREATYPE--RUR,dcid:country/GMB,2013,2.78913
dcs:who/overwgt5.RESIDENCEAREATYPE--URB,dcid:country/GMB,2013,3.72122
dcs:who/overwgt5.RESIDENCEAREATYPE--RUR,dcid:country/GMB,2010,2.01451
dcs:who/overwgt5.RESIDENCEAREATYPE--URB,dcid:country/GMB,2010,1.78352
dcs:who/overwgt5.RESIDENCEAREATYPE--URB,dcid:country/GMB,2005,2.86449
dcs:who/overwgt5.RESIDENCEAREATYPE--RUR,dcid:country/GMB,2005,2.63793
dcs:who/overwgt5.EDUCATIONLEVEL--SHLM,dcid:country/GMB,2019,3.05462
dcs:who/overwgt5.EDUCATIONLEVEL--PRLM,dcid:country/GMB,2019,2.09314
dcs:who/overwgt5.EDUCATIONLEVEL--NHLM,dcid:country/GMB,2019,1.56922
dcs:who/overwgt5.EDUCATIONLEVEL--NHLM,dcid:country/GMB,2018,0.79189
dcs:who/overwgt5.EDUCATIONLEVEL--PRLM,dcid:country/GMB,2018,1.35263
dcs:who/overwgt5.EDUCATIONLEVEL--SHLM,dcid:country/GMB,2018,1.88005
dcs:who/overwgt5.EDUCATIONLEVEL--NHLM,dcid:country/GMB,2013,2.70136
dcs:who/overwgt5.EDUCATIONLEVEL--PRLM,dcid:country/GMB,2013,3.75422
dcs:who/overwgt5.EDUCATIONLEVEL--SHLM,dcid:country/GMB,2013,4.08227
dcs:who/overwgt5.EDUCATIONLEVEL--SHLM,dcid:country/GMB,2010,2.08646
dcs:who/overwgt5.EDUCATIONLEVEL--NHLM,dcid:country/GMB,2010,1.88674
dcs:who/overwgt5.EDUCATIONLEVEL--PRLM,dcid:country/GMB,2010,1.81085
dcs:who/overwgt5.EDUCATIONLEVEL--PRLM,dcid:country/GMB,2005,1.90528
dcs:who/overwgt5.EDUCATIONLEVEL--NHLM,dcid:country/GMB,2005,2.84195
dcs:who/overwgt5.EDUCATIONLEVEL--SHLM,dcid:country/GMB,2005,3.76669
dcs:who/overwgt5.AGE--Y2T05,dcid:country/GMB,2019,0.8218
dcs:who/overwgt5.AGE--Y0T01,dcid:country/GMB,2019,3.96923
dcs:who/overwgt5.AGE--Y0T01,dcid:country/GMB,2018,2.39579
dcs:who/overwgt5.AGE--Y2T05,dcid:country/GMB,2018,0.48673
dcs:who/overwgt5.AGE--Y2T05,dcid:country/GMB,2013,2.48124
dcs:who/overwgt5.AGE--Y0T01,dcid:country/GMB,2013,4.14813
dcs:who/overwgt5.AGE--Y0T01,dcid:country/GMB,2010,3.3413
dcs:who/overwgt5.AGE--Y2T05,dcid:country/GMB,2010,0.76488
dcs:who/overwgt5.AGE--Y2T05,dcid:country/GMB,2005,1.8121
dcs:who/overwgt5.AGE--Y0T01,dcid:country/GMB,2005,3.73021
dcs:who/overwgt5,dcid:country/GNB,2018,1.23688
dcs:who/overwgt5,dcid:country/GNB,2014,1.56438
dcs:who/overwgt5.WEALTHQUINTILE--WQ3,dcid:country/GNB,2018,1.88933
dcs:who/overwgt5.WEALTHQUINTILE--WQ5,dcid:country/GNB,2018,3.43243
dcs:who/overwgt5.WEALTHQUINTILE--WQ2,dcid:country/GNB,2018,2.73605
dcs:who/overwgt5.WEALTHQUINTILE--WQ1,dcid:country/GNB,2018,2.46284
dcs:who/overwgt5.WEALTHQUINTILE--WQ4,dcid:country/GNB,2018,2.60008
dcs:who/overwgt5.WEALTHQUINTILE--WQ2,dcid:country/GNB,2014,2.00336
dcs:who/overwgt5.WEALTHQUINTILE--WQ1,dcid:country/GNB,2014,2.3509
dcs:who/overwgt5.WEALTHQUINTILE--WQ4,dcid:country/GNB,2014,1.61425
dcs:who/overwgt5.WEALTHQUINTILE--WQ5,dcid:country/GNB,2014,4.56664
dcs:who/overwgt5.WEALTHQUINTILE--WQ3,dcid:country/GNB,2014,1.80983
dcs:who/overwgt5.SEX--F,dcid:country/GNB,2018,1.96536
dcs:who/overwgt5.SEX--M,dcid:country/GNB,2018,3.1099
dcs:who/overwgt5.SEX--F,dcid:country/GNB,2014,1.89332
dcs:who/overwgt5.SEX--M,dcid:country/GNB,2014,2.74485
dcs:who/overwgt5.RESIDENCEAREATYPE--RUR,dcid:country/GNB,2018,2.35749
dcs:who/overwgt5.RESIDENCEAREATYPE--URB,dcid:country/GNB,2018,3.10691
dcs:who/overwgt5.RESIDENCEAREATYPE--URB,dcid:country/GNB,2014,2.68719
dcs:who/overwgt5.RESIDENCEAREATYPE--RUR,dcid:country/GNB,2014,2.12107
dcs:who/overwgt5.EDUCATIONLEVEL--NHLM,dcid:country/GNB,2018,1.95182
dcs:who/overwgt5.EDUCATIONLEVEL--SHLM,dcid:country/GNB,2018,3.47851
dcs:who/overwgt5.EDUCATIONLEVEL--PRLM,dcid:country/GNB,2018,3.1902
dcs:who/overwgt5.EDUCATIONLEVEL--PRLM,dcid:country/GNB,2014,2.00288
dcs:who/overwgt5.EDUCATIONLEVEL--SHLM,dcid:country/GNB,2014,3.98554
dcs:who/overwgt5.EDUCATIONLEVEL--NHLM,dcid:country/GNB,2014,2.05282
dcs:who/overwgt5.AGE--Y2T05,dcid:country/GNB,2018,1.74097
dcs:who/overwgt5.AGE--Y0T01,dcid:country/GNB,2018,3.83389
dcs:who/overwgt5.AGE--Y2T05,dcid:country/GNB,2014,1.36697
dcs:who/overwgt5.AGE--Y0T01,dcid:country/GNB,2014,3.69707
dcs:who/overwgt5.WEALTHQUINTILE--WQ3,dcid:country/GTM,2014,4.57086
dcs:who/overwgt5.WEALTHQUINTILE--WQ4,dcid:country/GTM,2014,4.81584
dcs:who/overwgt5.WEALTHQUINTILE--WQ5,dcid:country/GTM,2014,7.5891
dcs:who/overwgt5.WEALTHQUINTILE--WQ2,dcid:country/GTM,2014,4.24697
dcs:who/overwgt5.WEALTHQUINTILE--WQ1,dcid:country/GTM,2014,4.58048
dcs:who/overwgt5.WEALTHQUINTILE--WQ3,dcid:country/GTM,1998,6.19183
dcs:who/overwgt5.WEALTHQUINTILE--WQ2,dcid:country/GTM,1998,7.35741
dcs:who/overwgt5.WEALTHQUINTILE--WQ4,dcid:country/GTM,1998,6.04921
dcs:who/overwgt5.WEALTHQUINTILE--WQ5,dcid:country/GTM,1998,9.25191
dcs:who/overwgt5.WEALTHQUINTILE--WQ1,dcid:country/GTM,1998,6.56586
dcs:who/overwgt5.WEALTHQUINTILE--WQ4,dcid:country/GTM,1995,6.67931
dcs:who/overwgt5.WEALTHQUINTILE--WQ3,dcid:country/GTM,1995,5.58767
dcs:who/overwgt5.WEALTHQUINTILE--WQ1,dcid:country/GTM,1995,6.55195
dcs:who/overwgt5.WEALTHQUINTILE--WQ2,dcid:country/GTM,1995,6.46059
dcs:who/overwgt5.WEALTHQUINTILE--WQ5,dcid:country/GTM,1995,5.25959
dcs:who/overwgt5.SEX--F,dcid:country/GTM,2014,4.82069
dcs:who/overwgt5.SEX--M,dcid:country/GTM,2014,5.0601
dcs:who/overwgt5.SEX--M,dcid:country/GTM,2008,5.24273
dcs:who/overwgt5.SEX--F,dcid:country/GTM,2008,4.53519
dcs:who/overwgt5.SEX--F,dcid:country/GTM,2002,4.25269
dcs:who/overwgt5.SEX--M,dcid:country/GTM,2002,6.05562
dcs:who/overwgt5.SEX--F,dcid:country/GTM,1998,6.21252
dcs:who/overwgt5.SEX--M,dcid:country/GTM,1998,7.57765
dcs:who/overwgt5.SEX--M,dcid:country/GTM,1995,6.8282
dcs:who/overwgt5.SEX--F,dcid:country/GTM,1995,5.56396
dcs:who/overwgt5.RESIDENCEAREATYPE--RUR,dcid:country/GTM,2014,4.69119
dcs:who/overwgt5.RESIDENCEAREATYPE--URB,dcid:country/GTM,2014,5.409
dcs:who/overwgt5.RESIDENCEAREATYPE--RUR,dcid:country/GTM,2008,4.69164
dcs:who/overwgt5.RESIDENCEAREATYPE--URB,dcid:country/GTM,2008,5.22352
dcs:who/overwgt5.RESIDENCEAREATYPE--RUR,dcid:country/GTM,2002,4.55739
dcs:who/overwgt5.RESIDENCEAREATYPE--URB,dcid:country/GTM,2002,6.46037
dcs:who/overwgt5.RESIDENCEAREATYPE--RUR,dcid:country/GTM,1998,6.6134
dcs:who/overwgt5.RESIDENCEAREATYPE--URB,dcid:country/GTM,1998,7.42973
dcs:who/overwgt5.RESIDENCEAREATYPE--URB,dcid:country/GTM,1995,5.44301
dcs:who/overwgt5.RESIDENCEAREATYPE--RUR,dcid:country/GTM,1995,6.5649
dcs:who/overwgt5.EDUCATIONLEVEL--SHLM,dcid:country/GTM,2014,6.47858
dcs:who/overwgt5.EDUCATIONLEVEL--PRLM,dcid:country/GTM,2014,4.27343
dcs:who/overwgt5.EDUCATIONLEVEL--NHLM,dcid:country/GTM,2014,4.47927
dcs:who/overwgt5.EDUCATIONLEVEL--NHLM,dcid:country/GTM,1998,7.9979
dcs:who/overwgt5.EDUCATIONLEVEL--SHLM,dcid:country/GTM,1998,8.43066
dcs:who/overwgt5.EDUCATIONLEVEL--PRLM,dcid:country/GTM,1998,5.76473
dcs:who/overwgt5.EDUCATIONLEVEL--NHLM,dcid:country/GTM,1995,6.58569
dcs:who/overwgt5.EDUCATIONLEVEL--SHLM,dcid:country/GTM,1995,5.9321
dcs:who/overwgt5.EDUCATIONLEVEL--PRLM,dcid:country/GTM,1995,5.97805
dcs:who/overwgt5.AGE--Y0T01,dcid:country/GTM,2014,7.4877
dcs:who/overwgt5.AGE--Y2T05,dcid:country/GTM,2014,3.26318
dcs:who/overwgt5.AGE--Y2T05,dcid:country/GTM,2008,3.58473
dcs:who/overwgt5.AGE--Y0T01,dcid:country/GTM,2008,3.74282
dcs:who/overwgt5.AGE--Y2T05,dcid:country/GTM,2002,4.33035
dcs:who/overwgt5.AGE--Y0T01,dcid:country/GTM,2002,6.61636
dcs:who/overwgt5.AGE--Y0T01,dcid:country/GTM,1998,9.23324
dcs:who/overwgt5.AGE--Y2T05,dcid:country/GTM,1998,5.29769
dcs:who/overwgt5.AGE--Y2T05,dcid:country/GTM,1995,4.40443
dcs:who/overwgt5.AGE--Y0T01,dcid:country/GTM,1995,8.52821
dcs:who/overwgt5,dcid:country/GUY,2014,7.06836
dcs:who/overwgt5.WEALTHQUINTILE--WQ1,dcid:country/GUY,2014,5.07296
dcs:who/overwgt5.WEALTHQUINTILE--WQ2,dcid:country/GUY,2014,4.04559
dcs:who/overwgt5.WEALTHQUINTILE--WQ5,dcid:country/GUY,2014,7.60577
dcs:who/overwgt5.WEALTHQUINTILE--WQ4,dcid:country/GUY,2014,5.48202
dcs:who/overwgt5.WEALTHQUINTILE--WQ3,dcid:country/GUY,2014,5.01271
dcs:who/overwgt5.WEALTHQUINTILE--WQ4,dcid:country/GUY,2009,9.26586
dcs:who/overwgt5.WEALTHQUINTILE--WQ2,dcid:country/GUY,2009,5.82978
dcs:who/overwgt5.WEALTHQUINTILE--WQ3,dcid:country/GUY,2009,6.8662
dcs:who/overwgt5.WEALTHQUINTILE--WQ1,dcid:country/GUY,2009,5.1657
dcs:who/overwgt5.WEALTHQUINTILE--WQ5,dcid:country/GUY,2009,8.01013
dcs:who/overwgt5.WEALTHQUINTILE--WQ4,dcid:country/GUY,2006,6.22879
dcs:who/overwgt5.WEALTHQUINTILE--WQ3,dcid:country/GUY,2006,6.33631
dcs:who/overwgt5.WEALTHQUINTILE--WQ5,dcid:country/GUY,2006,13.82913
dcs:who/overwgt5.WEALTHQUINTILE--WQ1,dcid:country/GUY,2006,4.53311
dcs:who/overwgt5.WEALTHQUINTILE--WQ2,dcid:country/GUY,2006,7.44975
dcs:who/overwgt5.SEX--M,dcid:country/GUY,2014,5.68543
dcs:who/overwgt5.SEX--F,dcid:country/GUY,2014,4.8006
dcs:who/overwgt5.SEX--F,dcid:country/GUY,2009,8.46373
dcs:who/overwgt5.SEX--M,dcid:country/GUY,2009,4.92209
dcs:who/overwgt5.SEX--M,dcid:country/GUY,2006,6.41499
dcs:who/overwgt5.SEX--F,dcid:country/GUY,2006,7.28239
dcs:who/overwgt5.RESIDENCEAREATYPE--RUR,dcid:country/GUY,2014,4.85332
dcs:who/overwgt5.RESIDENCEAREATYPE--URB,dcid:country/GUY,2014,6.52043
dcs:who/overwgt5.RESIDENCEAREATYPE--RUR,dcid:country/GUY,2009,6.68483
dcs:who/overwgt5.RESIDENCEAREATYPE--URB,dcid:country/GUY,2009,6.85749
dcs:who/overwgt5.RESIDENCEAREATYPE--URB,dcid:country/GUY,2006,6.53737
dcs:who/overwgt5.RESIDENCEAREATYPE--RUR,dcid:country/GUY,2006,6.8865
dcs:who/overwgt5.EDUCATIONLEVEL--NHLM,dcid:country/GUY,2014,5.37717
dcs:who/overwgt5.EDUCATIONLEVEL--SHLM,dcid:country/GUY,2014,5.55089
dcs:who/overwgt5.EDUCATIONLEVEL--PRLM,dcid:country/GUY,2014,3.5459
dcs:who/overwgt5.EDUCATIONLEVEL--PRLM,dcid:country/GUY,2009,4.62688
dcs:who/overwgt5.EDUCATIONLEVEL--NHLM,dcid:country/GUY,2009,4.21736
dcs:who/overwgt5.EDUCATIONLEVEL--SHLM,dcid:country/GUY,2009,8.01863
dcs:who/overwgt5.EDUCATIONLEVEL--PRLM,dcid:country/GUY,2006,7.6307
dcs:who/overwgt5.EDUCATIONLEVEL--SHLM,dcid:country/GUY,2006,6.79856
dcs:who/overwgt5.AGE--Y0T01,dcid:country/GUY,2014,4.87572
dcs:who/overwgt5.AGE--Y2T05,dcid:country/GUY,2014,5.53242
dcs:who/overwgt5.AGE--Y2T05,dcid:country/GUY,2009,5.83607
dcs:who/overwgt5.AGE--Y0T01,dcid:country/GUY,2009,8.39497
dcs:who/overwgt5.AGE--Y2T05,dcid:country/GUY,2006,5.62257
dcs:who/overwgt5.AGE--Y0T01,dcid:country/GUY,2006,8.93256
dcs:who/overwgt5.WEALTHQUINTILE--WQ3,dcid:country/HND,2011,4.41499
dcs:who/overwgt5.WEALTHQUINTILE--WQ4,dcid:country/HND,2011,6.63315
dcs:who/overwgt5.WEALTHQUINTILE--WQ5,dcid:country/HND,2011,9.1319
dcs:who/overwgt5.WEALTHQUINTILE--WQ2,dcid:country/HND,2011,3.89479
dcs:who/overwgt5.WEALTHQUINTILE--WQ1,dcid:country/HND,2011,3.52507
dcs:who/overwgt5.WEALTHQUINTILE--WQ2,dcid:country/HND,2005,3.54511
dcs:who/overwgt5.WEALTHQUINTILE--WQ3,dcid:country/HND,2005,5.1314
dcs:who/overwgt5.WEALTHQUINTILE--WQ1,dcid:country/HND,2005,3.37659
dcs:who/overwgt5.WEALTHQUINTILE--WQ5,dcid:country/HND,2005,11.56733
dcs:who/overwgt5.WEALTHQUINTILE--WQ4,dcid:country/HND,2005,7.90559
dcs:who/overwgt5.SEX--M,dcid:country/HND,2011,5.47675
dcs:who/overwgt5.SEX--F,dcid:country/HND,2011,4.79707
dcs:who/overwgt5.SEX--M,dcid:country/HND,2005,6.31543
dcs:who/overwgt5.SEX--F,dcid:country/HND,2005,5.21843
dcs:who/overwgt5.SEX--F,dcid:country/HND,2001,2.69075
dcs:who/overwgt5.SEX--M,dcid:country/HND,2001,3.29218
dcs:who/overwgt5.SEX--M,dcid:country/HND,1991,3.31054
dcs:who/overwgt5.SEX--F,dcid:country/HND,1991,2.63842
dcs:who/overwgt5.RESIDENCEAREATYPE--RUR,dcid:country/HND,2011,3.95391
dcs:who/overwgt5.RESIDENCEAREATYPE--URB,dcid:country/HND,2011,6.70889
dcs:who/overwgt5.RESIDENCEAREATYPE--RUR,dcid:country/HND,2005,4.29284
dcs:who/overwgt5.RESIDENCEAREATYPE--URB,dcid:country/HND,2005,7.9943
dcs:who/overwgt5.RESIDENCEAREATYPE--RUR,dcid:country/HND,2001,2.37497
dcs:who/overwgt5.RESIDENCEAREATYPE--URB,dcid:country/HND,2001,4.09756
dcs:who/overwgt5.EDUCATIONLEVEL--NHLM,dcid:country/HND,2011,3.04132
dcs:who/overwgt5.EDUCATIONLEVEL--PRLM,dcid:country/HND,2011,4.03594
dcs:who/overwgt5.EDUCATIONLEVEL--SHLM,dcid:country/HND,2011,7.79127
dcs:who/overwgt5.EDUCATIONLEVEL--PRLM,dcid:country/HND,2005,4.72663
dcs:who/overwgt5.EDUCATIONLEVEL--SHLM,dcid:country/HND,2005,10.22595
dcs:who/overwgt5.EDUCATIONLEVEL--NHLM,dcid:country/HND,2005,3.00989
dcs:who/overwgt5.AGE--Y2T05,dcid:country/HND,2011,4.65476
dcs:who/overwgt5.AGE--Y0T01,dcid:country/HND,2011,5.825
dcs:who/overwgt5.AGE--Y0T01,dcid:country/HND,2005,6.95648
dcs:who/overwgt5.AGE--Y2T05,dcid:country/HND,2005,5.07424
dcs:who/overwgt5.AGE--Y2T05,dcid:country/HND,2001,2.47669
dcs:who/overwgt5.AGE--Y0T01,dcid:country/HND,2001,3.8234
dcs:who/overwgt5.AGE--Y0T01,dcid:country/HND,1991,3.62954
dcs:who/overwgt5.AGE--Y2T05,dcid:country/HND,1991,2.47476
dcs:who/overwgt5.WEALTHQUINTILE--WQ5,dcid:country/HTI,2016,5.14338
dcs:who/overwgt5.WEALTHQUINTILE--WQ2,dcid:country/HTI,2016,3.30876
dcs:who/overwgt5.WEALTHQUINTILE--WQ4,dcid:country/HTI,2016,3.01636
dcs:who/overwgt5.WEALTHQUINTILE--WQ1,dcid:country/HTI,2016,2.77673
dcs:who/overwgt5.WEALTHQUINTILE--WQ3,dcid:country/HTI,2016,3.29729
dcs:who/overwgt5.WEALTHQUINTILE--WQ4,dcid:country/HTI,2012,3.83856
dcs:who/overwgt5.WEALTHQUINTILE--WQ1,dcid:country/HTI,2012,3.62824
dcs:who/overwgt5.WEALTHQUINTILE--WQ3,dcid:country/HTI,2012,3.3031
dcs:who/overwgt5.WEALTHQUINTILE--WQ5,dcid:country/HTI,2012,3.13219
dcs:who/overwgt5.WEALTHQUINTILE--WQ2,dcid:country/HTI,2012,3.96247
dcs:who/overwgt5.WEALTHQUINTILE--WQ2,dcid:country/HTI,2005,4.03978
dcs:who/overwgt5.WEALTHQUINTILE--WQ5,dcid:country/HTI,2005,3.7256
dcs:who/overwgt5.WEALTHQUINTILE--WQ1,dcid:country/HTI,2005,3.34168
dcs:who/overwgt5.WEALTHQUINTILE--WQ4,dcid:country/HTI,2005,3.16598
dcs:who/overwgt5.WEALTHQUINTILE--WQ3,dcid:country/HTI,2005,5.37922
dcs:who/overwgt5.WEALTHQUINTILE--WQ2,dcid:country/HTI,2000,2.07524
dcs:who/overwgt5.WEALTHQUINTILE--WQ4,dcid:country/HTI,2000,2.70559
dcs:who/overwgt5.WEALTHQUINTILE--WQ3,dcid:country/HTI,2000,3.76343
dcs:who/overwgt5.WEALTHQUINTILE--WQ1,dcid:country/HTI,2000,3.83191
dcs:who/overwgt5.WEALTHQUINTILE--WQ5,dcid:country/HTI,2000,2.88644
dcs:who/overwgt5.WEALTHQUINTILE--WQ4,dcid:country/HTI,1994,2.78179
dcs:who/overwgt5.WEALTHQUINTILE--WQ2,dcid:country/HTI,1994,4.71263
dcs:who/overwgt5.WEALTHQUINTILE--WQ3,dcid:country/HTI,1994,2.7571
dcs:who/overwgt5.WEALTHQUINTILE--WQ5,dcid:country/HTI,1994,5.05647
dcs:who/overwgt5.WEALTHQUINTILE--WQ1,dcid:country/HTI,1994,6.08946
dcs:who/overwgt5.SEX--F,dcid:country/HTI,2016,2.78397
dcs:who/overwgt5.SEX--M,dcid:country/HTI,2016,3.96412
dcs:who/overwgt5.SEX--M,dcid:country/HTI,2012,4.12761
dcs:who/overwgt5.SEX--F,dcid:country/HTI,2012,3.0727
dcs:who/overwgt5.SEX--F,dcid:country/HTI,2005,3.46538
dcs:who/overwgt5.SEX--F,dcid:country/HTI,2000,2.30507
dcs:who/overwgt5.SEX--M,dcid:country/HTI,2005,4.37226
dcs:who/overwgt5.SEX--M,dcid:country/HTI,2000,3.8245
dcs:who/overwgt5.SEX--M,dcid:country/HTI,1994,3.80259
dcs:who/overwgt5.SEX--F,dcid:country/HTI,1994,4.82169
dcs:who/overwgt5.RESIDENCEAREATYPE--RUR,dcid:country/HTI,2016,3.28583
dcs:who/overwgt5.RESIDENCEAREATYPE--URB,dcid:country/HTI,2016,3.54712
dcs:who/overwgt5.RESIDENCEAREATYPE--RUR,dcid:country/HTI,2012,3.8698
dcs:who/overwgt5.RESIDENCEAREATYPE--URB,dcid:country/HTI,2012,3.0895
dcs:who/overwgt5.RESIDENCEAREATYPE--URB,dcid:country/HTI,2005,4.0177
dcs:who/overwgt5.RESIDENCEAREATYPE--RUR,dcid:country/HTI,2005,3.85424
dcs:who/overwgt5.RESIDENCEAREATYPE--RUR,dcid:country/HTI,2000,3.19689
dcs:who/overwgt5.RESIDENCEAREATYPE--URB,dcid:country/HTI,2000,2.74173
dcs:who/overwgt5.RESIDENCEAREATYPE--URB,dcid:country/HTI,1994,3.43101
dcs:who/overwgt5.RESIDENCEAREATYPE--RUR,dcid:country/HTI,1994,4.67137
dcs:who/overwgt5.EDUCATIONLEVEL--NHLM,dcid:country/HTI,2016,3.1884
dcs:who/overwgt5.EDUCATIONLEVEL--SHLM,dcid:country/HTI,2016,3.64635
dcs:who/overwgt5.EDUCATIONLEVEL--PRLM,dcid:country/HTI,2016,3.61338
dcs:who/overwgt5.EDUCATIONLEVEL--PRLM,dcid:country/HTI,2012,4.1699
dcs:who/overwgt5.EDUCATIONLEVEL--NHLM,dcid:country/HTI,2012,2.55688
dcs:who/overwgt5.EDUCATIONLEVEL--SHLM,dcid:country/HTI,2012,4.15184
dcs:who/overwgt5.EDUCATIONLEVEL--PRLM,dcid:country/HTI,2005,4.27672
dcs:who/overwgt5.EDUCATIONLEVEL--SHLM,dcid:country/HTI,2005,4.48892
dcs:who/overwgt5.EDUCATIONLEVEL--NHLM,dcid:country/HTI,2005,3.38366
dcs:who/overwgt5.EDUCATIONLEVEL--SHLM,dcid:country/HTI,2000,3.93115
dcs:who/overwgt5.EDUCATIONLEVEL--PRLM,dcid:country/HTI,2000,2.66177
dcs:who/overwgt5.EDUCATIONLEVEL--NHLM,dcid:country/HTI,2000,2.47979
dcs:who/overwgt5.EDUCATIONLEVEL--SHLM,dcid:country/HTI,1994,3.73453
dcs:who/overwgt5.EDUCATIONLEVEL--PRLM,dcid:country/HTI,1994,3.9954
dcs:who/overwgt5.EDUCATIONLEVEL--NHLM,dcid:country/HTI,1994,4.67175
dcs:who/overwgt5.AGE--Y0T01,dcid:country/HTI,2016,4.33053
dcs:who/overwgt5.AGE--Y2T05,dcid:country/HTI,2016,2.79626
dcs:who/overwgt5.AGE--Y0T01,dcid:country/HTI,2012,4.58236
dcs:who/overwgt5.AGE--Y2T05,dcid:country/HTI,2012,2.90439
dcs:who/overwgt5.AGE--Y2T05,dcid:country/HTI,2005,2.57901
dcs:who/overwgt5.AGE--Y0T01,dcid:country/HTI,2005,5.91037
dcs:who/overwgt5.AGE--Y2T05,dcid:country/HTI,2000,2.00612
dcs:who/overwgt5.AGE--Y0T01,dcid:country/HTI,2000,4.63942
dcs:who/overwgt5.AGE--Y0T01,dcid:country/HTI,1994,6.45017
dcs:who/overwgt5.AGE--Y2T05,dcid:country/HTI,1994,2.60599
dcs:who/overwgt5.WEALTHQUINTILE--WQ1,dcid:country/IND,2015,1.83912
dcs:who/overwgt5.WEALTHQUINTILE--WQ2,dcid:country/IND,2015,1.88732
dcs:who/overwgt5.WEALTHQUINTILE--WQ5,dcid:country/IND,2015,3.75647
dcs:who/overwgt5.WEALTHQUINTILE--WQ4,dcid:country/IND,2015,2.85733
dcs:who/overwgt5.WEALTHQUINTILE--WQ3,dcid:country/IND,2015,2.34054
dcs:who/overwgt5.WEALTHQUINTILE--WQ4,dcid:country/IND,2005,2.38829
dcs:who/overwgt5.WEALTHQUINTILE--WQ2,dcid:country/IND,2005,1.62817
dcs:who/overwgt5.WEALTHQUINTILE--WQ5,dcid:country/IND,2005,2.8898
dcs:who/overwgt5.WEALTHQUINTILE--WQ3,dcid:country/IND,2005,1.68924
dcs:who/overwgt5.WEALTHQUINTILE--WQ1,dcid:country/IND,2005,1.45687
dcs:who/overwgt5.SEX--F,dcid:country/IND,2015,2.3813
dcs:who/overwgt5.SEX--M,dcid:country/IND,2015,2.43872
dcs:who/overwgt5.SEX--F,dcid:country/IND,2005,1.66356
dcs:who/overwgt5.SEX--M,dcid:country/IND,2005,2.14006
dcs:who/overwgt5.RESIDENCEAREATYPE--RUR,dcid:country/IND,2015,2.13078
dcs:who/overwgt5.RESIDENCEAREATYPE--URB,dcid:country/IND,2015,3.15603
dcs:who/overwgt5.RESIDENCEAREATYPE--RUR,dcid:country/IND,2005,1.60157
dcs:who/overwgt5.RESIDENCEAREATYPE--URB,dcid:country/IND,2005,2.88302
dcs:who/overwgt5.EDUCATIONLEVEL--NHLM,dcid:country/IND,2015,1.86669
dcs:who/overwgt5.EDUCATIONLEVEL--PRLM,dcid:country/IND,2015,1.99757
dcs:who/overwgt5.EDUCATIONLEVEL--SHLM,dcid:country/IND,2015,2.81676
dcs:who/overwgt5.EDUCATIONLEVEL--PRLM,dcid:country/IND,2005,1.63708
dcs:who/overwgt5.EDUCATIONLEVEL--SHLM,dcid:country/IND,2005,2.49513
dcs:who/overwgt5.EDUCATIONLEVEL--NHLM,dcid:country/IND,2005,1.54971
dcs:who/overwgt5.AGE--Y2T05,dcid:country/IND,2015,1.75011
dcs:who/overwgt5.AGE--Y0T01,dcid:country/IND,2015,3.42484
dcs:who/overwgt5.AGE--Y0T01,dcid:country/IND,2005,2.80137
dcs:who/overwgt5.AGE--Y2T05,dcid:country/IND,2005,1.34185
dcs:who/overwgt5.WEALTHQUINTILE--WQ2,dcid:country/IRQ,2018,5.27336
dcs:who/overwgt5.WEALTHQUINTILE--WQ4,dcid:country/IRQ,2018,6.26888
dcs:who/overwgt5.WEALTHQUINTILE--WQ3,dcid:country/IRQ,2018,7.8712
dcs:who/overwgt5.WEALTHQUINTILE--WQ5,dcid:country/IRQ,2018,6.08861
dcs:who/overwgt5.WEALTHQUINTILE--WQ1,dcid:country/IRQ,2018,5.02638
dcs:who/overwgt5.WEALTHQUINTILE--WQ4,dcid:country/IRQ,2011,12.73089
dcs:who/overwgt5.WEALTHQUINTILE--WQ3,dcid:country/IRQ,2011,11.2004
dcs:who/overwgt5.WEALTHQUINTILE--WQ1,dcid:country/IRQ,2011,8.64789
dcs:who/overwgt5.WEALTHQUINTILE--WQ5,dcid:country/IRQ,2011,14.69004
dcs:who/overwgt5.WEALTHQUINTILE--WQ2,dcid:country/IRQ,2011,11.15431
dcs:who/overwgt5.SEX--M,dcid:country/IRQ,2011,11.84706
dcs:who/overwgt5.SEX--M,dcid:country/IRQ,2018,6.34739
dcs:who/overwgt5.SEX--F,dcid:country/IRQ,2018,5.74279
dcs:who/overwgt5.SEX--F,dcid:country/IRQ,2011,10.84562
dcs:who/overwgt5.SEX--F,dcid:country/IRQ,2006,14.32794
dcs:who/overwgt5.SEX--M,dcid:country/IRQ,2006,15.58601
dcs:who/overwgt5.RESIDENCEAREATYPE--RUR,dcid:country/IRQ,2018,5.07623
dcs:who/overwgt5.RESIDENCEAREATYPE--URB,dcid:country/IRQ,2018,6.51999
dcs:who/overwgt5.RESIDENCEAREATYPE--URB,dcid:country/IRQ,2011,11.77535
dcs:who/overwgt5.RESIDENCEAREATYPE--RUR,dcid:country/IRQ,2011,10.53915
dcs:who/overwgt5.RESIDENCEAREATYPE--URB,dcid:country/IRQ,2006,13.95274
dcs:who/overwgt5.RESIDENCEAREATYPE--RUR,dcid:country/IRQ,2006,16.48213
dcs:who/overwgt5.EDUCATIONLEVEL--SHLM,dcid:country/IRQ,2018,5.97421
dcs:who/overwgt5.EDUCATIONLEVEL--PRLM,dcid:country/IRQ,2018,5.87542
dcs:who/overwgt5.EDUCATIONLEVEL--NHLM,dcid:country/IRQ,2018,6.62474
dcs:who/overwgt5.EDUCATIONLEVEL--PRLM,dcid:country/IRQ,2011,11.31699
dcs:who/overwgt5.EDUCATIONLEVEL--SHLM,dcid:country/IRQ,2011,12.98548
dcs:who/overwgt5.EDUCATIONLEVEL--NHLM,dcid:country/IRQ,2011,8.58433
dcs:who/overwgt5.EDUCATIONLEVEL--PRLM,dcid:country/IRQ,2006,16.00228
dcs:who/overwgt5.EDUCATIONLEVEL--NHLM,dcid:country/IRQ,2006,13.28847
dcs:who/overwgt5.EDUCATIONLEVEL--SHLM,dcid:country/IRQ,2006,14.48835
dcs:who/overwgt5.AGE--Y2T05,dcid:country/IRQ,2018,5.37627
dcs:who/overwgt5.AGE--Y0T01,dcid:country/IRQ,2018,7.17116
dcs:who/overwgt5.AGE--Y0T01,dcid:country/IRQ,2011,12.96652
dcs:who/overwgt5.AGE--Y2T05,dcid:country/IRQ,2011,10.2039
dcs:who/overwgt5.AGE--Y0T01,dcid:country/IRQ,2006,16.89803
dcs:who/overwgt5.AGE--Y2T05,dcid:country/IRQ,2006,13.58368
dcs:who/overwgt5.WEALTHQUINTILE--WQ3,dcid:country/JOR,2012,3.73491
dcs:who/overwgt5.WEALTHQUINTILE--WQ4,dcid:country/JOR,2012,4.89471
dcs:who/overwgt5.WEALTHQUINTILE--WQ1,dcid:country/JOR,2012,5.24251
dcs:who/overwgt5.WEALTHQUINTILE--WQ5,dcid:country/JOR,2012,7.6333
dcs:who/overwgt5.WEALTHQUINTILE--WQ2,dcid:country/JOR,2012,3.35631
dcs:who/overwgt5.WEALTHQUINTILE--WQ4,dcid:country/JOR,2002,3.84979
dcs:who/overwgt5.WEALTHQUINTILE--WQ1,dcid:country/JOR,2002,4.34577
dcs:who/overwgt5.WEALTHQUINTILE--WQ2,dcid:country/JOR,2002,4.9363
dcs:who/overwgt5.WEALTHQUINTILE--WQ3,dcid:country/JOR,2002,4.08824
dcs:who/overwgt5.WEALTHQUINTILE--WQ5,dcid:country/JOR,2002,5.47575
dcs:who/overwgt5.WEALTHQUINTILE--WQ5,dcid:country/JOR,1997,4.47354
dcs:who/overwgt5.WEALTHQUINTILE--WQ1,dcid:country/JOR,1997,4.31178
dcs:who/overwgt5.WEALTHQUINTILE--WQ2,dcid:country/JOR,1997,4.80742
dcs:who/overwgt5.WEALTHQUINTILE--WQ3,dcid:country/JOR,1997,4.12804
dcs:who/overwgt5.WEALTHQUINTILE--WQ4,dcid:country/JOR,1997,3.74841
dcs:who/overwgt5.SEX--M,dcid:country/JOR,2012,5.58661
dcs:who/overwgt5.SEX--F,dcid:country/JOR,2012,3.837
dcs:who/overwgt5.SEX--M,dcid:country/JOR,2002,4.68766
dcs:who/overwgt5.SEX--F,dcid:country/JOR,2002,4.29467
dcs:who/overwgt5.SEX--F,dcid:country/JOR,1997,3.70655
dcs:who/overwgt5.SEX--M,dcid:country/JOR,1997,4.89489
dcs:who/overwgt5.RESIDENCEAREATYPE--URB,dcid:country/JOR,2012,4.44609
dcs:who/overwgt5.RESIDENCEAREATYPE--RUR,dcid:country/JOR,2012,5.97184
dcs:who/overwgt5.RESIDENCEAREATYPE--URB,dcid:country/JOR,2002,4.61353
dcs:who/overwgt5.RESIDENCEAREATYPE--RUR,dcid:country/JOR,2002,4.09443
dcs:who/overwgt5.RESIDENCEAREATYPE--RUR,dcid:country/JOR,1997,4.34824
dcs:who/overwgt5.RESIDENCEAREATYPE--URB,dcid:country/JOR,1997,4.29798
dcs:who/overwgt5.EDUCATIONLEVEL--SHLM,dcid:country/JOR,2012,4.77366
dcs:who/overwgt5.EDUCATIONLEVEL--NHLM,dcid:country/JOR,2012,3.5108
dcs:who/overwgt5.EDUCATIONLEVEL--PRLM,dcid:country/JOR,2012,4.83984
dcs:who/overwgt5.EDUCATIONLEVEL--PRLM,dcid:country/JOR,2002,2.9633
dcs:who/overwgt5.EDUCATIONLEVEL--NHLM,dcid:country/JOR,2002,3.42975
dcs:who/overwgt5.EDUCATIONLEVEL--SHLM,dcid:country/JOR,2002,4.69134
dcs:who/overwgt5.EDUCATIONLEVEL--SHLM,dcid:country/JOR,1997,4.49358
dcs:who/overwgt5.EDUCATIONLEVEL--NHLM,dcid:country/JOR,1997,2.37486
dcs:who/overwgt5.EDUCATIONLEVEL--PRLM,dcid:country/JOR,1997,4.02219
dcs:who/overwgt5.AGE--Y2T05,dcid:country/JOR,2012,3.28995
dcs:who/overwgt5.AGE--Y0T01,dcid:country/JOR,2012,7.05518
dcs:who/overwgt5.AGE--Y2T05,dcid:country/JOR,2002,3.47221
dcs:who/overwgt5.AGE--Y0T01,dcid:country/JOR,2002,5.91756
dcs:who/overwgt5.AGE--Y0T01,dcid:country/JOR,1997,6.16292
dcs:who/overwgt5.AGE--Y2T05,dcid:country/JOR,1997,3.06459
dcs:who/overwgt5.WEALTHQUINTILE--WQ3,dcid:country/KAZ,2015,8.90272
dcs:who/overwgt5.WEALTHQUINTILE--WQ5,dcid:country/KAZ,2015,12.50615
dcs:who/overwgt5.WEALTHQUINTILE--WQ4,dcid:country/KAZ,2015,11.6168
dcs:who/overwgt5.WEALTHQUINTILE--WQ2,dcid:country/KAZ,2015,7.00638
dcs:who/overwgt5.WEALTHQUINTILE--WQ1,dcid:country/KAZ,2015,7.7438
dcs:who/overwgt5.WEALTHQUINTILE--WQ3,dcid:country/KAZ,2010,10.95912
dcs:who/overwgt5.WEALTHQUINTILE--WQ4,dcid:country/KAZ,2010,14.71693
dcs:who/overwgt5.WEALTHQUINTILE--WQ5,dcid:country/KAZ,2010,16.30801
dcs:who/overwgt5.WEALTHQUINTILE--WQ1,dcid:country/KAZ,2010,12.83626
dcs:who/overwgt5.WEALTHQUINTILE--WQ2,dcid:country/KAZ,2010,12.62785
dcs:who/overwgt5.WEALTHQUINTILE--WQ4,dcid:country/KAZ,2006,17.37314
dcs:who/overwgt5.WEALTHQUINTILE--WQ5,dcid:country/KAZ,2006,14.80943
dcs:who/overwgt5.WEALTHQUINTILE--WQ1,dcid:country/KAZ,2006,18.98387
dcs:who/overwgt5.WEALTHQUINTILE--WQ2,dcid:country/KAZ,2006,15.91274
dcs:who/overwgt5.WEALTHQUINTILE--WQ3,dcid:country/KAZ,2006,16.35757
dcs:who/overwgt5.WEALTHQUINTILE--WQ1,dcid:country/KAZ,1999,5.91104
dcs:who/overwgt5.WEALTHQUINTILE--WQ5,dcid:country/KAZ,1999,5.42434
dcs:who/overwgt5.WEALTHQUINTILE--WQ3,dcid:country/KAZ,1999,2.36983
dcs:who/overwgt5.WEALTHQUINTILE--WQ2,dcid:country/KAZ,1999,4.77385
dcs:who/overwgt5.WEALTHQUINTILE--WQ4,dcid:country/KAZ,1999,6.37034
dcs:who/overwgt5.SEX--F,dcid:country/KAZ,2015,10.0457
dcs:who/overwgt5.SEX--M,dcid:country/KAZ,2015,8.66524
dcs:who/overwgt5.SEX--F,dcid:country/KAZ,2010,11.82323
dcs:who/overwgt5.SEX--M,dcid:country/KAZ,2010,14.77585
dcs:who/overwgt5.SEX--F,dcid:country/KAZ,2006,16.23885
dcs:who/overwgt5.SEX--M,dcid:country/KAZ,2006,17.49018
dcs:who/overwgt5.SEX--M,dcid:country/KAZ,1999,6.82094
dcs:who/overwgt5.SEX--F,dcid:country/KAZ,1999,3.21231
dcs:who/overwgt5.RESIDENCEAREATYPE--RUR,dcid:country/KAZ,2015,7.63527
dcs:who/overwgt5.RESIDENCEAREATYPE--URB,dcid:country/KAZ,2015,11.19234
dcs:who/overwgt5.RESIDENCEAREATYPE--URB,dcid:country/KAZ,2010,13.73063
dcs:who/overwgt5.RESIDENCEAREATYPE--RUR,dcid:country/KAZ,2010,12.9531
dcs:who/overwgt5.RESIDENCEAREATYPE--URB,dcid:country/KAZ,2006,15.80069
dcs:who/overwgt5.RESIDENCEAREATYPE--RUR,dcid:country/KAZ,2006,18.01316
dcs:who/overwgt5.RESIDENCEAREATYPE--RUR,dcid:country/KAZ,1999,4.99265
dcs:who/overwgt5.RESIDENCEAREATYPE--URB,dcid:country/KAZ,1999,4.85486
dcs:who/overwgt5.EDUCATIONLEVEL--SHLM,dcid:country/KAZ,2015,9.7991
dcs:who/overwgt5.EDUCATIONLEVEL--NHLM,dcid:country/KAZ,2010,6.3498
dcs:who/overwgt5.EDUCATIONLEVEL--SHLM,dcid:country/KAZ,2010,13.45985
dcs:who/overwgt5.EDUCATIONLEVEL--SHLM,dcid:country/KAZ,1999,4.9494
dcs:who/overwgt5.AGE--Y2T05,dcid:country/KAZ,2015,8.26866
dcs:who/overwgt5.AGE--Y0T01,dcid:country/KAZ,2015,11.03163
dcs:who/overwgt5.AGE--Y0T01,dcid:country/KAZ,2010,16.00472
dcs:who/overwgt5.AGE--Y2T05,dcid:country/KAZ,2010,11.48653
dcs:who/overwgt5.AGE--Y2T05,dcid:country/KAZ,2006,14.66895
dcs:who/overwgt5.AGE--Y0T01,dcid:country/KAZ,2006,19.98788
dcs:who/overwgt5.AGE--Y0T01,dcid:country/KAZ,1999,6.00593
dcs:who/overwgt5.AGE--Y2T05,dcid:country/KAZ,1999,4.27936
dcs:who/overwgt5.WEALTHQUINTILE--WQ1,dcid:country/KEN,2014,2.18802
dcs:who/overwgt5.WEALTHQUINTILE--WQ5,dcid:country/KEN,2014,6.29822
dcs:who/overwgt5.WEALTHQUINTILE--WQ4,dcid:country/KEN,2014,5.56769
dcs:who/overwgt5.WEALTHQUINTILE--WQ2,dcid:country/KEN,2014,3.5651
dcs:who/overwgt5.WEALTHQUINTILE--WQ3,dcid:country/KEN,2014,3.97544
dcs:who/overwgt5.WEALTHQUINTILE--WQ1,dcid:country/KEN,2008,4.54234
dcs:who/overwgt5.WEALTHQUINTILE--WQ2,dcid:country/KEN,2008,4.87799
dcs:who/overwgt5.WEALTHQUINTILE--WQ3,dcid:country/KEN,2008,4.17199
dcs:who/overwgt5.WEALTHQUINTILE--WQ4,dcid:country/KEN,2008,5.99948
dcs:who/overwgt5.WEALTHQUINTILE--WQ5,dcid:country/KEN,2008,5.60067
dcs:who/overwgt5.WEALTHQUINTILE--WQ2,dcid:country/KEN,2003,3.68926
dcs:who/overwgt5.WEALTHQUINTILE--WQ4,dcid:country/KEN,2003,6.1983
dcs:who/overwgt5.WEALTHQUINTILE--WQ1,dcid:country/KEN,2003,4.25295
dcs:who/overwgt5.WEALTHQUINTILE--WQ5,dcid:country/KEN,2003,9.73822
dcs:who/overwgt5.WEALTHQUINTILE--WQ3,dcid:country/KEN,2003,6.29513
dcs:who/overwgt5.WEALTHQUINTILE--WQ2,dcid:country/KEN,1993,5.09308
dcs:who/overwgt5.WEALTHQUINTILE--WQ4,dcid:country/KEN,1993,5.16496
dcs:who/overwgt5.WEALTHQUINTILE--WQ1,dcid:country/KEN,1993,4.43131
dcs:who/overwgt5.WEALTHQUINTILE--WQ5,dcid:country/KEN,1993,8.8166
dcs:who/overwgt5.WEALTHQUINTILE--WQ3,dcid:country/KEN,1993,6.48764
dcs:who/overwgt5.SEX--M,dcid:country/KEN,2008,4.66169
dcs:who/overwgt5.SEX--F,dcid:country/KEN,2014,3.52088
dcs:who/overwgt5.SEX--M,dcid:country/KEN,2014,4.74895
dcs:who/overwgt5.SEX--M,dcid:country/KEN,2003,5.96272
dcs:who/overwgt5.SEX--F,dcid:country/KEN,2003,5.56118
dcs:who/overwgt5.SEX--F,dcid:country/KEN,2008,5.31371
dcs:who/overwgt5.SEX--F,dcid:country/KEN,1993,5.87656
dcs:who/overwgt5.SEX--M,dcid:country/KEN,1993,5.77974
dcs:who/overwgt5.RESIDENCEAREATYPE--URB,dcid:country/KEN,2014,5.51161
dcs:who/overwgt5.RESIDENCEAREATYPE--RUR,dcid:country/KEN,2014,3.4844
dcs:who/overwgt5.RESIDENCEAREATYPE--RUR,dcid:country/KEN,2008,4.83345
dcs:who/overwgt5.RESIDENCEAREATYPE--URB,dcid:country/KEN,2008,5.72016
dcs:who/overwgt5.RESIDENCEAREATYPE--RUR,dcid:country/KEN,2003,5.10541
dcs:who/overwgt5.RESIDENCEAREATYPE--URB,dcid:country/KEN,2003,9.04363
dcs:who/overwgt5.RESIDENCEAREATYPE--RUR,dcid:country/KEN,1993,5.20854
dcs:who/overwgt5.RESIDENCEAREATYPE--URB,dcid:country/KEN,1993,10.80424
dcs:who/overwgt5.EDUCATIONLEVEL--NHLM,dcid:country/KEN,2014,2.3037
dcs:who/overwgt5.EDUCATIONLEVEL--SHLM,dcid:country/KEN,2014,6.46587
dcs:who/overwgt5.EDUCATIONLEVEL--PRLM,dcid:country/KEN,2014,3.45881
dcs:who/overwgt5.EDUCATIONLEVEL--NHLM,dcid:country/KEN,2008,3.78358
dcs:who/overwgt5.EDUCATIONLEVEL--PRLM,dcid:country/KEN,2008,4.46535
dcs:who/overwgt5.EDUCATIONLEVEL--SHLM,dcid:country/KEN,2008,6.84925
dcs:who/overwgt5.EDUCATIONLEVEL--PRLM,dcid:country/KEN,2003,5.52505
dcs:who/overwgt5.EDUCATIONLEVEL--SHLM,dcid:country/KEN,2003,7.1648
dcs:who/overwgt5.EDUCATIONLEVEL--NHLM,dcid:country/KEN,2003,5.26425
dcs:who/overwgt5.EDUCATIONLEVEL--PRLM,dcid:country/KEN,1993,6.00869
dcs:who/overwgt5.EDUCATIONLEVEL--SHLM,dcid:country/KEN,1993,5.99616
dcs:who/overwgt5.EDUCATIONLEVEL--NHLM,dcid:country/KEN,1993,5.05006
dcs:who/overwgt5.AGE--Y2T05,dcid:country/KEN,2014,2.51355
dcs:who/overwgt5.AGE--Y0T01,dcid:country/KEN,2014,6.7142
dcs:who/overwgt5.AGE--Y2T05,dcid:country/KEN,2008,2.77411
dcs:who/overwgt5.AGE--Y0T01,dcid:country/KEN,2008,8.2021
dcs:who/overwgt5.AGE--Y2T05,dcid:country/KEN,2003,3.83998
dcs:who/overwgt5.AGE--Y0T01,dcid:country/KEN,2003,8.36488
dcs:who/overwgt5.AGE--Y2T05,dcid:country/KEN,1993,4.67844
dcs:who/overwgt5.AGE--Y0T01,dcid:country/KEN,1993,7.69348
dcs:who/overwgt5.WEALTHQUINTILE--WQ1,dcid:country/KGZ,2018,6.95857
dcs:who/overwgt5.WEALTHQUINTILE--WQ4,dcid:country/KGZ,2018,8.0993
dcs:who/overwgt5.WEALTHQUINTILE--WQ3,dcid:country/KGZ,2018,6.96351
dcs:who/overwgt5.WEALTHQUINTILE--WQ2,dcid:country/KGZ,2018,6.18558
dcs:who/overwgt5.WEALTHQUINTILE--WQ5,dcid:country/KGZ,2018,6.4591
dcs:who/overwgt5.WEALTHQUINTILE--WQ5,dcid:country/KGZ,2014,9.22656
dcs:who/overwgt5.WEALTHQUINTILE--WQ1,dcid:country/KGZ,2014,6.21597
dcs:who/overwgt5.WEALTHQUINTILE--WQ2,dcid:country/KGZ,2014,4.359
dcs:who/overwgt5.WEALTHQUINTILE--WQ4,dcid:country/KGZ,2014,9.20441
dcs:who/overwgt5.WEALTHQUINTILE--WQ3,dcid:country/KGZ,2014,6.98845
dcs:who/overwgt5.WEALTHQUINTILE--WQ4,dcid:country/KGZ,2012,7.85025
dcs:who/overwgt5.WEALTHQUINTILE--WQ3,dcid:country/KGZ,2012,7.41154
dcs:who/overwgt5.WEALTHQUINTILE--WQ2,dcid:country/KGZ,2012,9.86899
dcs:who/overwgt5.WEALTHQUINTILE--WQ1,dcid:country/KGZ,2012,9.47352
dcs:who/overwgt5.WEALTHQUINTILE--WQ5,dcid:country/KGZ,2012,10.08435
dcs:who/overwgt5.WEALTHQUINTILE--WQ5,dcid:country/KGZ,2005,10.39038
dcs:who/overwgt5.WEALTHQUINTILE--WQ2,dcid:country/KGZ,2005,8.93604
dcs:who/overwgt5.WEALTHQUINTILE--WQ4,dcid:country/KGZ,2005,10.15979
dcs:who/overwgt5.WEALTHQUINTILE--WQ1,dcid:country/KGZ,2005,11.61166
dcs:who/overwgt5.WEALTHQUINTILE--WQ3,dcid:country/KGZ,2005,12.31976
dcs:who/overwgt5.SEX--M,dcid:country/KGZ,2018,6.77025
dcs:who/overwgt5.SEX--F,dcid:country/KGZ,2018,7.07198
dcs:who/overwgt5.SEX--M,dcid:country/KGZ,2014,7.78065
dcs:who/overwgt5.SEX--F,dcid:country/KGZ,2014,6.14541
dcs:who/overwgt5.SEX--F,dcid:country/KGZ,2012,8.10683
dcs:who/overwgt5.SEX--M,dcid:country/KGZ,2012,9.54724
dcs:who/overwgt5.SEX--F,dcid:country/KGZ,2005,8.57883
dcs:who/overwgt5.SEX--M,dcid:country/KGZ,2005,12.73582
dcs:who/overwgt5.RESIDENCEAREATYPE--URB,dcid:country/KGZ,2018,7.03762
dcs:who/overwgt5.RESIDENCEAREATYPE--RUR,dcid:country/KGZ,2018,6.86462
dcs:who/overwgt5.RESIDENCEAREATYPE--RUR,dcid:country/KGZ,2014,6.46063
dcs:who/overwgt5.RESIDENCEAREATYPE--URB,dcid:country/KGZ,2014,8.22596
dcs:who/overwgt5.RESIDENCEAREATYPE--RUR,dcid:country/KGZ,2012,8.94539
dcs:who/overwgt5.RESIDENCEAREATYPE--URB,dcid:country/KGZ,2012,8.59295
dcs:who/overwgt5.RESIDENCEAREATYPE--URB,dcid:country/KGZ,2005,10.04851
dcs:who/overwgt5.RESIDENCEAREATYPE--RUR,dcid:country/KGZ,2005,11.09348
dcs:who/overwgt5.EDUCATIONLEVEL--SHLM,dcid:country/KGZ,2018,6.56677
dcs:who/overwgt5.EDUCATIONLEVEL--SHLM,dcid:country/KGZ,2014,6.92168
dcs:who/overwgt5.EDUCATIONLEVEL--SHLM,dcid:country/KGZ,2012,8.99494
dcs:who/overwgt5.EDUCATIONLEVEL--PRLM,dcid:country/KGZ,2012,8.96209
dcs:who/overwgt5.EDUCATIONLEVEL--SHLM,dcid:country/KGZ,2005,10.69524
dcs:who/overwgt5.AGE--Y2T05,dcid:country/KGZ,2018,5.59993
dcs:who/overwgt5.AGE--Y0T01,dcid:country/KGZ,2018,8.96583
dcs:who/overwgt5.AGE--Y0T01,dcid:country/KGZ,2014,9.55582
dcs:who/overwgt5.AGE--Y2T05,dcid:country/KGZ,2014,5.11168
dcs:who/overwgt5.AGE--Y0T01,dcid:country/KGZ,2012,11.56893
dcs:who/overwgt5.AGE--Y2T05,dcid:country/KGZ,2012,6.81445
dcs:who/overwgt5.AGE--Y0T01,dcid:country/KGZ,2005,13.58869
dcs:who/overwgt5.AGE--Y2T05,dcid:country/KGZ,2005,8.56727
dcs:who/overwgt5.WEALTHQUINTILE--WQ3,dcid:country/KHM,2014,2.09848
dcs:who/overwgt5.WEALTHQUINTILE--WQ4,dcid:country/KHM,2014,2.54506
dcs:who/overwgt5.WEALTHQUINTILE--WQ1,dcid:country/KHM,2014,1.3544
dcs:who/overwgt5.WEALTHQUINTILE--WQ5,dcid:country/KHM,2014,3.30678
dcs:who/overwgt5.WEALTHQUINTILE--WQ2,dcid:country/KHM,2014,2.14932
dcs:who/overwgt5.WEALTHQUINTILE--WQ4,dcid:country/KHM,2010,1.98136
dcs:who/overwgt5.WEALTHQUINTILE--WQ2,dcid:country/KHM,2010,2.11603
dcs:who/overwgt5.WEALTHQUINTILE--WQ3,dcid:country/KHM,2010,0.39312
dcs:who/overwgt5.WEALTHQUINTILE--WQ5,dcid:country/KHM,2010,3.43705
dcs:who/overwgt5.WEALTHQUINTILE--WQ1,dcid:country/KHM,2010,1.73495
dcs:who/overwgt5.WEALTHQUINTILE--WQ5,dcid:country/KHM,2005,1.48196
dcs:who/overwgt5.WEALTHQUINTILE--WQ4,dcid:country/KHM,2005,1.1381
dcs:who/overwgt5.WEALTHQUINTILE--WQ3,dcid:country/KHM,2005,1.37348
dcs:who/overwgt5.WEALTHQUINTILE--WQ2,dcid:country/KHM,2005,1.62117
dcs:who/overwgt5.WEALTHQUINTILE--WQ1,dcid:country/KHM,2005,2.27081
dcs:who/overwgt5.WEALTHQUINTILE--WQ3,dcid:country/KHM,2000,3.59062
dcs:who/overwgt5.WEALTHQUINTILE--WQ2,dcid:country/KHM,2000,3.77921
dcs:who/overwgt5.WEALTHQUINTILE--WQ5,dcid:country/KHM,2000,4.22602
dcs:who/overwgt5.WEALTHQUINTILE--WQ1,dcid:country/KHM,2000,4.12498
dcs:who/overwgt5.WEALTHQUINTILE--WQ4,dcid:country/KHM,2000,4.4171
dcs:who/overwgt5.SEX--F,dcid:country/KHM,2014,1.82576
dcs:who/overwgt5.SEX--M,dcid:country/KHM,2014,2.61156
dcs:who/overwgt5.SEX--F,dcid:country/KHM,2010,1.92413
dcs:who/overwgt5.SEX--M,dcid:country/KHM,2005,2.05071
dcs:who/overwgt5.SEX--M,dcid:country/KHM,2010,1.83997
dcs:who/overwgt5.SEX--F,dcid:country/KHM,2005,1.22559
dcs:who/overwgt5.SEX--M,dcid:country/KHM,2000,4.09692
dcs:who/overwgt5.SEX--F,dcid:country/KHM,2000,3.90549
dcs:who/overwgt5.RESIDENCEAREATYPE--RUR,dcid:country/KHM,2014,2.07494
dcs:who/overwgt5.RESIDENCEAREATYPE--URB,dcid:country/KHM,2014,3.16972
dcs:who/overwgt5.RESIDENCEAREATYPE--RUR,dcid:country/KHM,2010,1.68997
dcs:who/overwgt5.RESIDENCEAREATYPE--URB,dcid:country/KHM,2010,2.94305
dcs:who/overwgt5.RESIDENCEAREATYPE--RUR,dcid:country/KHM,2005,1.69639
dcs:who/overwgt5.RESIDENCEAREATYPE--URB,dcid:country/KHM,2005,1.17622
dcs:who/overwgt5.RESIDENCEAREATYPE--URB,dcid:country/KHM,2000,3.98578
dcs:who/overwgt5.RESIDENCEAREATYPE--RUR,dcid:country/KHM,2000,4.00674
dcs:who/overwgt5.EDUCATIONLEVEL--NHLM,dcid:country/KHM,2014,2.06557
dcs:who/overwgt5.EDUCATIONLEVEL--SHLM,dcid:country/KHM,2014,2.5467
dcs:who/overwgt5.EDUCATIONLEVEL--PRLM,dcid:country/KHM,2014,2.34829
dcs:who/overwgt5.EDUCATIONLEVEL--SHLM,dcid:country/KHM,2010,2.3376
dcs:who/overwgt5.EDUCATIONLEVEL--NHLM,dcid:country/KHM,2010,1.51593
dcs:who/overwgt5.EDUCATIONLEVEL--PRLM,dcid:country/KHM,2010,1.90457
dcs:who/overwgt5.EDUCATIONLEVEL--NHLM,dcid:country/KHM,2005,1.57619
dcs:who/overwgt5.EDUCATIONLEVEL--PRLM,dcid:country/KHM,2005,1.91627
dcs:who/overwgt5.EDUCATIONLEVEL--SHLM,dcid:country/KHM,2005,0.93954
dcs:who/overwgt5.EDUCATIONLEVEL--SHLM,dcid:country/KHM,2000,4.71234
dcs:who/overwgt5.EDUCATIONLEVEL--NHLM,dcid:country/KHM,2000,3.11234
dcs:who/overwgt5.EDUCATIONLEVEL--PRLM,dcid:country/KHM,2000,3.43521
dcs:who/overwgt5.AGE--Y0T01,dcid:country/KHM,2014,3.56609
dcs:who/overwgt5.AGE--Y2T05,dcid:country/KHM,2014,1.28859
dcs:who/overwgt5.AGE--Y2T05,dcid:country/KHM,2010,1.45384
dcs:who/overwgt5.AGE--Y0T01,dcid:country/KHM,2010,2.54578
dcs:who/overwgt5.AGE--Y2T05,dcid:country/KHM,2005,1.16261
dcs:who/overwgt5.AGE--Y0T01,dcid:country/KHM,2005,2.30985
dcs:who/overwgt5.AGE--Y2T05,dcid:country/KHM,2000,2.49957
dcs:who/overwgt5.AGE--Y0T01,dcid:country/KHM,2000,6.32217
dcs:who/overwgt5,dcid:country/KIR,2018,1.73267
dcs:who/overwgt5.WEALTHQUINTILE--WQ2,dcid:country/KIR,2018,0.92314
dcs:who/overwgt5.WEALTHQUINTILE--WQ1,dcid:country/KIR,2018,1.1629
dcs:who/overwgt5.WEALTHQUINTILE--WQ3,dcid:country/KIR,2018,2.35246
dcs:who/overwgt5.WEALTHQUINTILE--WQ4,dcid:country/KIR,2018,1.24036
dcs:who/overwgt5.WEALTHQUINTILE--WQ5,dcid:country/KIR,2018,5.34464
dcs:who/overwgt5.SEX--F,dcid:country/KIR,2018,0.92667
dcs:who/overwgt5.SEX--M,dcid:country/KIR,2018,3.28616
dcs:who/overwgt5.RESIDENCEAREATYPE--URB,dcid:country/KIR,2018,2.5958
dcs:who/overwgt5.RESIDENCEAREATYPE--RUR,dcid:country/KIR,2018,1.59047
dcs:who/overwgt5.EDUCATIONLEVEL--SHLM,dcid:country/KIR,2018,2.4207
dcs:who/overwgt5.AGE--Y0T01,dcid:country/KIR,2018,3.02927
dcs:who/overwgt5.AGE--Y2T05,dcid:country/KIR,2018,1.46195
dcs:who/overwgt5,dcid:country/LAO,2011,1.64307
dcs:who/overwgt5.WEALTHQUINTILE--WQ5,dcid:country/LAO,2017,6.36411
dcs:who/overwgt5.WEALTHQUINTILE--WQ2,dcid:country/LAO,2017,2.4858
dcs:who/overwgt5.WEALTHQUINTILE--WQ3,dcid:country/LAO,2017,2.02771
dcs:who/overwgt5.WEALTHQUINTILE--WQ1,dcid:country/LAO,2017,3.99841
dcs:who/overwgt5.WEALTHQUINTILE--WQ4,dcid:country/LAO,2017,3.10507
dcs:who/overwgt5.WEALTHQUINTILE--WQ2,dcid:country/LAO,2011,2.45355
dcs:who/overwgt5.WEALTHQUINTILE--WQ4,dcid:country/LAO,2011,1.98157
dcs:who/overwgt5.WEALTHQUINTILE--WQ3,dcid:country/LAO,2011,1.69192
dcs:who/overwgt5.WEALTHQUINTILE--WQ5,dcid:country/LAO,2011,2.1491
dcs:who/overwgt5.WEALTHQUINTILE--WQ1,dcid:country/LAO,2011,1.9579
dcs:who/overwgt5.WEALTHQUINTILE--WQ2,dcid:country/LAO,2006,0.81717
dcs:who/overwgt5.WEALTHQUINTILE--WQ1,dcid:country/LAO,2006,1.63074
dcs:who/overwgt5.WEALTHQUINTILE--WQ3,dcid:country/LAO,2006,0.7923
dcs:who/overwgt5.WEALTHQUINTILE--WQ5,dcid:country/LAO,2006,2.04237
dcs:who/overwgt5.WEALTHQUINTILE--WQ4,dcid:country/LAO,2006,1.34588
dcs:who/overwgt5.SEX--F,dcid:country/LAO,2017,3.12612
dcs:who/overwgt5.SEX--M,dcid:country/LAO,2017,3.90802
dcs:who/overwgt5.SEX--F,dcid:country/LAO,2011,2.1418
dcs:who/overwgt5.SEX--M,dcid:country/LAO,2011,1.9545
dcs:who/overwgt5.SEX--F,dcid:country/LAO,2006,0.99638
dcs:who/overwgt5.SEX--M,dcid:country/LAO,2006,1.54303
dcs:who/overwgt5.RESIDENCEAREATYPE--URB,dcid:country/LAO,2017,4.83465
dcs:who/overwgt5.RESIDENCEAREATYPE--RUR,dcid:country/LAO,2017,3.05239
dcs:who/overwgt5.RESIDENCEAREATYPE--RUR,dcid:country/LAO,2011,1.98713
dcs:who/overwgt5.RESIDENCEAREATYPE--URB,dcid:country/LAO,2011,2.27623
dcs:who/overwgt5.RESIDENCEAREATYPE--RUR,dcid:country/LAO,2006,1.16921
dcs:who/overwgt5.RESIDENCEAREATYPE--URB,dcid:country/LAO,2006,1.83206
dcs:who/overwgt5.EDUCATIONLEVEL--SHLM,dcid:country/LAO,2017,4.43474
dcs:who/overwgt5.EDUCATIONLEVEL--PRLM,dcid:country/LAO,2017,2.90486
dcs:who/overwgt5.EDUCATIONLEVEL--NHLM,dcid:country/LAO,2017,2.90773
dcs:who/overwgt5.EDUCATIONLEVEL--PRLM,dcid:country/LAO,2011,1.93863
dcs:who/overwgt5.EDUCATIONLEVEL--SHLM,dcid:country/LAO,2011,2.05701
dcs:who/overwgt5.EDUCATIONLEVEL--NHLM,dcid:country/LAO,2011,2.17733
dcs:who/overwgt5.EDUCATIONLEVEL--SHLM,dcid:country/LAO,2006,2.02573
dcs:who/overwgt5.EDUCATIONLEVEL--NHLM,dcid:country/LAO,2006,1.23488
dcs:who/overwgt5.EDUCATIONLEVEL--PRLM,dcid:country/LAO,2006,0.96565
dcs:who/overwgt5.AGE--Y2T05,dcid:country/LAO,2017,2.92539
dcs:who/overwgt5.AGE--Y0T01,dcid:country/LAO,2017,4.48393
dcs:who/overwgt5.AGE--Y0T01,dcid:country/LAO,2011,3.1054
dcs:who/overwgt5.AGE--Y2T05,dcid:country/LAO,2011,1.33759
dcs:who/overwgt5.AGE--Y2T05,dcid:country/LAO,2006,0.69458
dcs:who/overwgt5.AGE--Y0T01,dcid:country/LAO,2006,2.15031
dcs:who/overwgt5.WEALTHQUINTILE--WQ3,dcid:country/LBR,2019,6.3581
dcs:who/overwgt5.WEALTHQUINTILE--WQ5,dcid:country/LBR,2019,3.33322
dcs:who/overwgt5.WEALTHQUINTILE--WQ4,dcid:country/LBR,2019,4.53095
dcs:who/overwgt5.WEALTHQUINTILE--WQ2,dcid:country/LBR,2019,3.72691
dcs:who/overwgt5.WEALTHQUINTILE--WQ1,dcid:country/LBR,2019,3.79826
dcs:who/overwgt5.WEALTHQUINTILE--WQ3,dcid:country/LBR,2013,3.28258
dcs:who/overwgt5.WEALTHQUINTILE--WQ4,dcid:country/LBR,2013,3.16877
dcs:who/overwgt5.WEALTHQUINTILE--WQ1,dcid:country/LBR,2013,3.40845
dcs:who/overwgt5.WEALTHQUINTILE--WQ2,dcid:country/LBR,2013,2.52541
dcs:who/overwgt5.WEALTHQUINTILE--WQ5,dcid:country/LBR,2013,3.83869
dcs:who/overwgt5.WEALTHQUINTILE--WQ1,dcid:country/LBR,2007,4.23003
dcs:who/overwgt5.WEALTHQUINTILE--WQ2,dcid:country/LBR,2007,3.41076
dcs:who/overwgt5.WEALTHQUINTILE--WQ3,dcid:country/LBR,2007,3.88091
dcs:who/overwgt5.WEALTHQUINTILE--WQ4,dcid:country/LBR,2007,5.0533
dcs:who/overwgt5.WEALTHQUINTILE--WQ5,dcid:country/LBR,2007,4.76278
dcs:who/overwgt5.SEX--F,dcid:country/LBR,2019,4.21972
dcs:who/overwgt5.SEX--M,dcid:country/LBR,2019,4.51977
dcs:who/overwgt5.SEX--F,dcid:country/LBR,2013,3.27146
dcs:who/overwgt5.SEX--M,dcid:country/LBR,2013,3.13159
dcs:who/overwgt5.SEX--M,dcid:country/LBR,2007,4.79784
dcs:who/overwgt5.SEX--F,dcid:country/LBR,2007,3.52973
dcs:who/overwgt5.RESIDENCEAREATYPE--RUR,dcid:country/LBR,2019,4.0282
dcs:who/overwgt5.RESIDENCEAREATYPE--URB,dcid:country/LBR,2019,4.68214
dcs:who/overwgt5.RESIDENCEAREATYPE--RUR,dcid:country/LBR,2013,3.03614
dcs:who/overwgt5.RESIDENCEAREATYPE--URB,dcid:country/LBR,2013,3.35142
dcs:who/overwgt5.RESIDENCEAREATYPE--URB,dcid:country/LBR,2007,4.98787
dcs:who/overwgt5.RESIDENCEAREATYPE--RUR,dcid:country/LBR,2007,3.84591
dcs:who/overwgt5.EDUCATIONLEVEL--PRLM,dcid:country/LBR,2019,5.74775
dcs:who/overwgt5.EDUCATIONLEVEL--NHLM,dcid:country/LBR,2019,3.32447
dcs:who/overwgt5.EDUCATIONLEVEL--SHLM,dcid:country/LBR,2019,4.49785
dcs:who/overwgt5.EDUCATIONLEVEL--NHLM,dcid:country/LBR,2013,3.37778
dcs:who/overwgt5.EDUCATIONLEVEL--PRLM,dcid:country/LBR,2013,3.22589
dcs:who/overwgt5.EDUCATIONLEVEL--SHLM,dcid:country/LBR,2013,3.24237
dcs:who/overwgt5.EDUCATIONLEVEL--PRLM,dcid:country/LBR,2007,4.5559
dcs:who/overwgt5.EDUCATIONLEVEL--NHLM,dcid:country/LBR,2007,4.11808
dcs:who/overwgt5.EDUCATIONLEVEL--SHLM,dcid:country/LBR,2007,4.10341
dcs:who/overwgt5.AGE--Y0T01,dcid:country/LBR,2019,7.74187
dcs:who/overwgt5.AGE--Y2T05,dcid:country/LBR,2019,2.10024
dcs:who/overwgt5.AGE--Y2T05,dcid:country/LBR,2013,2.70134
dcs:who/overwgt5.AGE--Y0T01,dcid:country/LBR,2013,3.90968
dcs:who/overwgt5.AGE--Y2T05,dcid:country/LBR,2007,4.08293
dcs:who/overwgt5.AGE--Y0T01,dcid:country/LBR,2007,4.08714
dcs:who/overwgt5.WEALTHQUINTILE--WQ2,dcid:country/LCA,2012,8.37792
dcs:who/overwgt5.WEALTHQUINTILE--WQ3,dcid:country/LCA,2012,4.45016
dcs:who/overwgt5.WEALTHQUINTILE--WQ5,dcid:country/LCA,2012,8.92762
dcs:who/overwgt5.WEALTHQUINTILE--WQ1,dcid:country/LCA,2012,5.06664
dcs:who/overwgt5.WEALTHQUINTILE--WQ4,dcid:country/LCA,2012,4.47881
dcs:who/overwgt5.SEX--M,dcid:country/LCA,2012,8.87315
dcs:who/overwgt5.SEX--F,dcid:country/LCA,2012,3.82532
dcs:who/overwgt5.RESIDENCEAREATYPE--RUR,dcid:country/LCA,2012,6.60524
dcs:who/overwgt5.RESIDENCEAREATYPE--URB,dcid:country/LCA,2012,4.88386
dcs:who/overwgt5.EDUCATIONLEVEL--SHLM,dcid:country/LCA,2012,5.86537
dcs:who/overwgt5.AGE--Y2T05,dcid:country/LCA,2012,5.45024
dcs:who/overwgt5.AGE--Y0T01,dcid:country/LCA,2012,7.87523
dcs:who/overwgt5.WEALTHQUINTILE--WQ2,dcid:country/LSO,2018,5.203
dcs:who/overwgt5.WEALTHQUINTILE--WQ1,dcid:country/LSO,2018,6.29658
dcs:who/overwgt5.WEALTHQUINTILE--WQ4,dcid:country/LSO,2018,6.81744
dcs:who/overwgt5.WEALTHQUINTILE--WQ3,dcid:country/LSO,2018,7.23498
dcs:who/overwgt5.WEALTHQUINTILE--WQ5,dcid:country/LSO,2018,7.55802
dcs:who/overwgt5.WEALTHQUINTILE--WQ2,dcid:country/LSO,2014,7.08269
dcs:who/overwgt5.WEALTHQUINTILE--WQ4,dcid:country/LSO,2014,7.83848
dcs:who/overwgt5.WEALTHQUINTILE--WQ1,dcid:country/LSO,2014,7.71572
dcs:who/overwgt5.WEALTHQUINTILE--WQ5,dcid:country/LSO,2014,7.51031
dcs:who/overwgt5.WEALTHQUINTILE--WQ3,dcid:country/LSO,2014,7.41069
dcs:who/overwgt5.WEALTHQUINTILE--WQ1,dcid:country/LSO,2009,4.76158
dcs:who/overwgt5.WEALTHQUINTILE--WQ5,dcid:country/LSO,2009,10.21391
dcs:who/overwgt5.WEALTHQUINTILE--WQ3,dcid:country/LSO,2009,8.7644
dcs:who/overwgt5.WEALTHQUINTILE--WQ4,dcid:country/LSO,2009,8.20321
dcs:who/overwgt5.WEALTHQUINTILE--WQ2,dcid:country/LSO,2009,6.09687
dcs:who/overwgt5.WEALTHQUINTILE--WQ1,dcid:country/LSO,2004,5.62981
dcs:who/overwgt5.WEALTHQUINTILE--WQ2,dcid:country/LSO,2004,7.64512
dcs:who/overwgt5.WEALTHQUINTILE--WQ4,dcid:country/LSO,2004,6.56189
dcs:who/overwgt5.WEALTHQUINTILE--WQ3,dcid:country/LSO,2004,6.58692
dcs:who/overwgt5.WEALTHQUINTILE--WQ5,dcid:country/LSO,2004,6.83436
dcs:who/overwgt5.SEX--M,dcid:country/LSO,2018,7.32533
dcs:who/overwgt5.SEX--F,dcid:country/LSO,2018,5.82305
dcs:who/overwgt5.SEX--F,dcid:country/LSO,2014,6.90826
dcs:who/overwgt5.SEX--M,dcid:country/LSO,2014,8.14835
dcs:who/overwgt5.SEX--M,dcid:country/LSO,2009,7.68524
dcs:who/overwgt5.SEX--M,dcid:country/LSO,2004,6.96599
dcs:who/overwgt5.SEX--F,dcid:country/LSO,2009,6.98318
dcs:who/overwgt5.SEX--F,dcid:country/LSO,2004,6.34026
dcs:who/overwgt5.RESIDENCEAREATYPE--RUR,dcid:country/LSO,2018,5.65401
dcs:who/overwgt5.RESIDENCEAREATYPE--URB,dcid:country/LSO,2018,8.36324
dcs:who/overwgt5.RESIDENCEAREATYPE--RUR,dcid:country/LSO,2014,7.78917
dcs:who/overwgt5.RESIDENCEAREATYPE--URB,dcid:country/LSO,2014,6.5873
dcs:who/overwgt5.RESIDENCEAREATYPE--URB,dcid:country/LSO,2009,9.09046
dcs:who/overwgt5.RESIDENCEAREATYPE--RUR,dcid:country/LSO,2009,6.97546
dcs:who/overwgt5.RESIDENCEAREATYPE--URB,dcid:country/LSO,2004,6.12903
dcs:who/overwgt5.RESIDENCEAREATYPE--RUR,dcid:country/LSO,2004,6.73731
dcs:who/overwgt5.EDUCATIONLEVEL--SHLM,dcid:country/LSO,2018,7.15549
dcs:who/overwgt5.EDUCATIONLEVEL--PRLM,dcid:country/LSO,2014,6.17868
dcs:who/overwgt5.EDUCATIONLEVEL--SHLM,dcid:country/LSO,2014,9.31431
dcs:who/overwgt5.EDUCATIONLEVEL--PRLM,dcid:country/LSO,2009,7.15297
dcs:who/overwgt5.EDUCATIONLEVEL--NHLM,dcid:country/LSO,2009,7.16531
dcs:who/overwgt5.EDUCATIONLEVEL--SHLM,dcid:country/LSO,2009,7.65754
dcs:who/overwgt5.EDUCATIONLEVEL--NHLM,dcid:country/LSO,2004,2.76468
dcs:who/overwgt5.EDUCATIONLEVEL--PRLM,dcid:country/LSO,2004,7.14465
dcs:who/overwgt5.EDUCATIONLEVEL--SHLM,dcid:country/LSO,2004,6.8164
dcs:who/overwgt5.AGE--Y0T01,dcid:country/LSO,2018,9.64455
dcs:who/overwgt5.AGE--Y2T05,dcid:country/LSO,2018,4.72399
dcs:who/overwgt5.AGE--Y2T05,dcid:country/LSO,2014,4.65413
dcs:who/overwgt5.AGE--Y0T01,dcid:country/LSO,2014,12.30451
dcs:who/overwgt5.AGE--Y0T01,dcid:country/LSO,2009,11.1722
dcs:who/overwgt5.AGE--Y2T05,dcid:country/LSO,2009,4.73193
dcs:who/overwgt5.AGE--Y2T05,dcid:country/LSO,2004,4.90587
dcs:who/overwgt5.AGE--Y0T01,dcid:country/LSO,2004,9.62748
dcs:who/overwgt5.WEALTHQUINTILE--WQ3,dcid:country/MAR,2003,12.75495
dcs:who/overwgt5.WEALTHQUINTILE--WQ2,dcid:country/MAR,2003,11.73663
dcs:who/overwgt5.WEALTHQUINTILE--WQ5,dcid:country/MAR,2003,17.64046
dcs:who/overwgt5.WEALTHQUINTILE--WQ4,dcid:country/MAR,2003,13.16603
dcs:who/overwgt5.WEALTHQUINTILE--WQ1,dcid:country/MAR,2003,12.6411
dcs:who/overwgt5.SEX--M,dcid:country/MAR,2003,14.42098
dcs:who/overwgt5.SEX--F,dcid:country/MAR,2003,12.36447
dcs:who/overwgt5.RESIDENCEAREATYPE--RUR,dcid:country/MAR,2003,12.63367
dcs:who/overwgt5.RESIDENCEAREATYPE--URB,dcid:country/MAR,2003,14.104
dcs:who/overwgt5.EDUCATIONLEVEL--PRLM,dcid:country/MAR,2003,13.49001
dcs:who/overwgt5.EDUCATIONLEVEL--SHLM,dcid:country/MAR,2003,15.63971
dcs:who/overwgt5.EDUCATIONLEVEL--NHLM,dcid:country/MAR,2003,12.73372
dcs:who/overwgt5.AGE--Y2T05,dcid:country/MAR,2003,10.42249
dcs:who/overwgt5.AGE--Y0T01,dcid:country/MAR,2003,17.97606
dcs:who/overwgt5.WEALTHQUINTILE--WQ4,dcid:country/MDA,2012,4.43666
dcs:who/overwgt5.WEALTHQUINTILE--WQ5,dcid:country/MDA,2012,6.64006
dcs:who/overwgt5.WEALTHQUINTILE--WQ1,dcid:country/MDA,2012,2.89296
dcs:who/overwgt5.WEALTHQUINTILE--WQ3,dcid:country/MDA,2012,7.49996
dcs:who/overwgt5.WEALTHQUINTILE--WQ2,dcid:country/MDA,2012,2.72984
dcs:who/overwgt5.WEALTHQUINTILE--WQ3,dcid:country/MDA,2005,9.41065
dcs:who/overwgt5.WEALTHQUINTILE--WQ2,dcid:country/MDA,2005,9.45494
dcs:who/overwgt5.WEALTHQUINTILE--WQ4,dcid:country/MDA,2005,9.14143
dcs:who/overwgt5.WEALTHQUINTILE--WQ1,dcid:country/MDA,2005,5.64162
dcs:who/overwgt5.WEALTHQUINTILE--WQ5,dcid:country/MDA,2005,11.31506
dcs:who/overwgt5.SEX--M,dcid:country/MDA,2012,5.99793
dcs:who/overwgt5.SEX--F,dcid:country/MDA,2012,3.6818
dcs:who/overwgt5.SEX--F,dcid:country/MDA,2005,8.92989
dcs:who/overwgt5.SEX--M,dcid:country/MDA,2005,8.83163
dcs:who/overwgt5.RESIDENCEAREATYPE--RUR,dcid:country/MDA,2012,4.8084
dcs:who/overwgt5.RESIDENCEAREATYPE--URB,dcid:country/MDA,2012,4.95136
dcs:who/overwgt5.RESIDENCEAREATYPE--URB,dcid:country/MDA,2005,10.55078
dcs:who/overwgt5.RESIDENCEAREATYPE--RUR,dcid:country/MDA,2005,8.04633
dcs:who/overwgt5.EDUCATIONLEVEL--SHLM,dcid:country/MDA,2012,4.90336
dcs:who/overwgt5.EDUCATIONLEVEL--PRLM,dcid:country/MDA,2005,7.04495
dcs:who/overwgt5.EDUCATIONLEVEL--SHLM,dcid:country/MDA,2005,9.27661
dcs:who/overwgt5.AGE--Y2T05,dcid:country/MDA,2012,3.41519
dcs:who/overwgt5.AGE--Y0T01,dcid:country/MDA,2012,6.73742
dcs:who/overwgt5.AGE--Y0T01,dcid:country/MDA,2005,10.54362
dcs:who/overwgt5.AGE--Y2T05,dcid:country/MDA,2005,7.62941
dcs:who/overwgt5,dcid:country/MDG,2003,4.97795
dcs:who/overwgt5.WEALTHQUINTILE--WQ3,dcid:country/MDG,2018,1.61142
dcs:who/overwgt5.WEALTHQUINTILE--WQ2,dcid:country/MDG,2018,1.36768
dcs:who/overwgt5.WEALTHQUINTILE--WQ1,dcid:country/MDG,2018,0.74249
dcs:who/overwgt5.WEALTHQUINTILE--WQ5,dcid:country/MDG,2018,3.08255
dcs:who/overwgt5.WEALTHQUINTILE--WQ4,dcid:country/MDG,2018,0.89611
dcs:who/overwgt5.WEALTHQUINTILE--WQ4,dcid:country/MDG,2003,5.60367
dcs:who/overwgt5.WEALTHQUINTILE--WQ5,dcid:country/MDG,2003,11.99644
dcs:who/overwgt5.WEALTHQUINTILE--WQ2,dcid:country/MDG,2003,5.75147
dcs:who/overwgt5.WEALTHQUINTILE--WQ1,dcid:country/MDG,2003,4.5834
dcs:who/overwgt5.WEALTHQUINTILE--WQ3,dcid:country/MDG,2003,5.34596
dcs:who/overwgt5.SEX--F,dcid:country/MDG,2018,1.24879
dcs:who/overwgt5.SEX--M,dcid:country/MDG,2018,1.58752
dcs:who/overwgt5.SEX--M,dcid:country/MDG,2003,6.38304
dcs:who/overwgt5.SEX--F,dcid:country/MDG,2003,6.09813
dcs:who/overwgt5.RESIDENCEAREATYPE--URB,dcid:country/MDG,2018,1.64047
dcs:who/overwgt5.RESIDENCEAREATYPE--RUR,dcid:country/MDG,2018,1.36717
dcs:who/overwgt5.RESIDENCEAREATYPE--RUR,dcid:country/MDG,2003,6.19517
dcs:who/overwgt5.RESIDENCEAREATYPE--URB,dcid:country/MDG,2003,6.42347
dcs:who/overwgt5.EDUCATIONLEVEL--NHLM,dcid:country/MDG,2018,1.00586
dcs:who/overwgt5.EDUCATIONLEVEL--SHLM,dcid:country/MDG,2018,1.93669
dcs:who/overwgt5.EDUCATIONLEVEL--PRLM,dcid:country/MDG,2018,1.3514
dcs:who/overwgt5.EDUCATIONLEVEL--NHLM,dcid:country/MDG,2003,5.08758
dcs:who/overwgt5.EDUCATIONLEVEL--SHLM,dcid:country/MDG,2003,8.52325
dcs:who/overwgt5.EDUCATIONLEVEL--PRLM,dcid:country/MDG,2003,6.2969
dcs:who/overwgt5.AGE--Y2T05,dcid:country/MDG,2018,0.38859
dcs:who/overwgt5.AGE--Y0T01,dcid:country/MDG,2018,2.85409
dcs:who/overwgt5.AGE--Y2T05,dcid:country/MDG,2003,3.69438
dcs:who/overwgt5.AGE--Y0T01,dcid:country/MDG,2003,9.92752
dcs:who/overwgt5.WEALTHQUINTILE--WQ4,dcid:country/MDV,2016,5.81723
dcs:who/overwgt5.WEALTHQUINTILE--WQ2,dcid:country/MDV,2016,5.38996
dcs:who/overwgt5.WEALTHQUINTILE--WQ5,dcid:country/MDV,2016,1.5305
dcs:who/overwgt5.WEALTHQUINTILE--WQ1,dcid:country/MDV,2016,4.76173
dcs:who/overwgt5.WEALTHQUINTILE--WQ3,dcid:country/MDV,2016,5.68354
dcs:who/overwgt5.WEALTHQUINTILE--WQ3,dcid:country/MDV,2009,5.14739
dcs:who/overwgt5.WEALTHQUINTILE--WQ5,dcid:country/MDV,2009,7.21513
dcs:who/overwgt5.WEALTHQUINTILE--WQ1,dcid:country/MDV,2009,4.3488
dcs:who/overwgt5.WEALTHQUINTILE--WQ4,dcid:country/MDV,2009,7.73227
dcs:who/overwgt5.WEALTHQUINTILE--WQ2,dcid:country/MDV,2009,6.87427
dcs:who/overwgt5.SEX--M,dcid:country/MDV,2016,6.73592
dcs:who/overwgt5.SEX--F,dcid:country/MDV,2016,2.96696
dcs:who/overwgt5.SEX--M,dcid:country/MDV,2009,6.42847
dcs:who/overwgt5.SEX--F,dcid:country/MDV,2009,6.0403
dcs:who/overwgt5.RESIDENCEAREATYPE--RUR,dcid:country/MDV,2016,5.18915
dcs:who/overwgt5.RESIDENCEAREATYPE--URB,dcid:country/MDV,2016,4.17522
dcs:who/overwgt5.RESIDENCEAREATYPE--URB,dcid:country/MDV,2009,7.65344
dcs:who/overwgt5.RESIDENCEAREATYPE--RUR,dcid:country/MDV,2009,5.67053
dcs:who/overwgt5.EDUCATIONLEVEL--NHLM,dcid:country/MDV,2016,2.21993
dcs:who/overwgt5.EDUCATIONLEVEL--PRLM,dcid:country/MDV,2016,4.41733
dcs:who/overwgt5.EDUCATIONLEVEL--SHLM,dcid:country/MDV,2016,4.71802
dcs:who/overwgt5.EDUCATIONLEVEL--PRLM,dcid:country/MDV,2009,4.97964
dcs:who/overwgt5.EDUCATIONLEVEL--SHLM,dcid:country/MDV,2009,7.4383
dcs:who/overwgt5.EDUCATIONLEVEL--NHLM,dcid:country/MDV,2009,5.65151
dcs:who/overwgt5.AGE--Y2T05,dcid:country/MDV,2016,5.15644
dcs:who/overwgt5.AGE--Y0T01,dcid:country/MDV,2016,4.51045
dcs:who/overwgt5.AGE--Y2T05,dcid:country/MDV,2009,6.54297
dcs:who/overwgt5.AGE--Y0T01,dcid:country/MDV,2009,5.89868
dcs:who/overwgt5.WEALTHQUINTILE--WQ4,dcid:country/MEX,2015,4.9938
dcs:who/overwgt5.WEALTHQUINTILE--WQ5,dcid:country/MEX,2015,4.12833
dcs:who/overwgt5.WEALTHQUINTILE--WQ2,dcid:country/MEX,2015,6.2231
dcs:who/overwgt5.WEALTHQUINTILE--WQ3,dcid:country/MEX,2015,5.95088
dcs:who/overwgt5.WEALTHQUINTILE--WQ1,dcid:country/MEX,2015,4.08553
dcs:who/overwgt5.SEX--M,dcid:country/MEX,2015,5.04501
dcs:who/overwgt5.SEX--F,dcid:country/MEX,2015,5.34586
dcs:who/overwgt5.RESIDENCEAREATYPE--URB,dcid:country/MEX,2015,5.28108
dcs:who/overwgt5.RESIDENCEAREATYPE--RUR,dcid:country/MEX,2015,4.97071
dcs:who/overwgt5.EDUCATIONLEVEL--SHLM,dcid:country/MEX,2015,5.36637
dcs:who/overwgt5.EDUCATIONLEVEL--PRLM,dcid:country/MEX,2015,4.83466
dcs:who/overwgt5.EDUCATIONLEVEL--NHLM,dcid:country/MEX,2015,2.37859
dcs:who/overwgt5.AGE--Y0T01,dcid:country/MEX,2015,4.17485
dcs:who/overwgt5.AGE--Y2T05,dcid:country/MEX,2015,5.79497
dcs:who/overwgt5.WEALTHQUINTILE--WQ3,dcid:country/MKD,2018,11.42906
dcs:who/overwgt5.WEALTHQUINTILE--WQ4,dcid:country/MKD,2018,11.28247
dcs:who/overwgt5.WEALTHQUINTILE--WQ2,dcid:country/MKD,2018,15.27115
dcs:who/overwgt5.WEALTHQUINTILE--WQ1,dcid:country/MKD,2018,8.75596
dcs:who/overwgt5.WEALTHQUINTILE--WQ5,dcid:country/MKD,2018,9.73203
dcs:who/overwgt5.WEALTHQUINTILE--WQ5,dcid:country/MKD,2011,14.21706
dcs:who/overwgt5.WEALTHQUINTILE--WQ3,dcid:country/MKD,2011,22.15922
dcs:who/overwgt5.WEALTHQUINTILE--WQ2,dcid:country/MKD,2011,9.61065
dcs:who/overwgt5.WEALTHQUINTILE--WQ4,dcid:country/MKD,2011,14.22913
dcs:who/overwgt5.WEALTHQUINTILE--WQ1,dcid:country/MKD,2011,4.27954
dcs:who/overwgt5.WEALTHQUINTILE--WQ5,dcid:country/MKD,2005,15.22955
dcs:who/overwgt5.WEALTHQUINTILE--WQ3,dcid:country/MKD,2005,14.90857
dcs:who/overwgt5.WEALTHQUINTILE--WQ4,dcid:country/MKD,2005,16.10363
dcs:who/overwgt5.WEALTHQUINTILE--WQ2,dcid:country/MKD,2005,18.83294
dcs:who/overwgt5.WEALTHQUINTILE--WQ1,dcid:country/MKD,2005,15.53174
dcs:who/overwgt5.SEX--F,dcid:country/MKD,2018,8.98856
dcs:who/overwgt5.SEX--M,dcid:country/MKD,2018,13.09384
dcs:who/overwgt5.SEX--M,dcid:country/MKD,2011,13.3817
dcs:who/overwgt5.SEX--F,dcid:country/MKD,2011,11.43438
dcs:who/overwgt5.SEX--F,dcid:country/MKD,2005,15.80608
dcs:who/overwgt5.SEX--M,dcid:country/MKD,2005,16.58208
dcs:who/overwgt5.RESIDENCEAREATYPE--URB,dcid:country/MKD,2018,11.47477
dcs:who/overwgt5.RESIDENCEAREATYPE--RUR,dcid:country/MKD,2018,10.66722
dcs:who/overwgt5.RESIDENCEAREATYPE--URB,dcid:country/MKD,2011,15.76746
dcs:who/overwgt5.RESIDENCEAREATYPE--RUR,dcid:country/MKD,2011,8.98398
dcs:who/overwgt5.RESIDENCEAREATYPE--RUR,dcid:country/MKD,2005,13.74856
dcs:who/overwgt5.RESIDENCEAREATYPE--URB,dcid:country/MKD,2005,18.4168
dcs:who/overwgt5.EDUCATIONLEVEL--SHLM,dcid:country/MKD,2018,12.00079
dcs:who/overwgt5.EDUCATIONLEVEL--SHLM,dcid:country/MKD,2011,15.0007
dcs:who/overwgt5.EDUCATIONLEVEL--PRLM,dcid:country/MKD,2011,8.81319
dcs:who/overwgt5.EDUCATIONLEVEL--NHLM,dcid:country/MKD,2005,17.59717
dcs:who/overwgt5.EDUCATIONLEVEL--PRLM,dcid:country/MKD,2005,16.33141
dcs:who/overwgt5.AGE--Y0T01,dcid:country/MKD,2018,7.64638
dcs:who/overwgt5.AGE--Y2T05,dcid:country/MKD,2018,13.24884
dcs:who/overwgt5.AGE--Y2T05,dcid:country/MKD,2011,15.07885
dcs:who/overwgt5.AGE--Y0T01,dcid:country/MKD,2011,8.26225
dcs:who/overwgt5.AGE--Y0T01,dcid:country/MKD,2005,17.25047
dcs:who/overwgt5.AGE--Y2T05,dcid:country/MKD,2005,15.48968
dcs:who/overwgt5,dcid:country/MLI,2018,3.08853
dcs:who/overwgt5,dcid:country/MLI,2015,1.62682
dcs:who/overwgt5,dcid:country/MLI,2009,0.97737
dcs:who/overwgt5,dcid:country/MLI,2006,3.87859
dcs:who/overwgt5,dcid:country/MLI,2001,5.12801
dcs:who/overwgt5.WEALTHQUINTILE--WQ3,dcid:country/MLI,2018,1.88024
dcs:who/overwgt5.WEALTHQUINTILE--WQ2,dcid:country/MLI,2018,1.89426
dcs:who/overwgt5.WEALTHQUINTILE--WQ4,dcid:country/MLI,2018,2.00637
dcs:who/overwgt5.WEALTHQUINTILE--WQ5,dcid:country/MLI,2018,2.82643
dcs:who/overwgt5.WEALTHQUINTILE--WQ1,dcid:country/MLI,2018,1.40981
dcs:who/overwgt5.WEALTHQUINTILE--WQ2,dcid:country/MLI,2015,1.82389
dcs:who/overwgt5.WEALTHQUINTILE--WQ5,dcid:country/MLI,2015,2.51817
dcs:who/overwgt5.WEALTHQUINTILE--WQ1,dcid:country/MLI,2015,1.87257
dcs:who/overwgt5.WEALTHQUINTILE--WQ4,dcid:country/MLI,2015,2.04813
dcs:who/overwgt5.WEALTHQUINTILE--WQ3,dcid:country/MLI,2015,1.5245
dcs:who/overwgt5.WEALTHQUINTILE--WQ5,dcid:country/MLI,2009,1.03195
dcs:who/overwgt5.WEALTHQUINTILE--WQ2,dcid:country/MLI,2009,1.18336
dcs:who/overwgt5.WEALTHQUINTILE--WQ3,dcid:country/MLI,2009,1.03994
dcs:who/overwgt5.WEALTHQUINTILE--WQ4,dcid:country/MLI,2009,0.92874
dcs:who/overwgt5.WEALTHQUINTILE--WQ1,dcid:country/MLI,2009,0.86275
dcs:who/overwgt5.WEALTHQUINTILE--WQ3,dcid:country/MLI,2006,5.27552
dcs:who/overwgt5.WEALTHQUINTILE--WQ5,dcid:country/MLI,2006,3.82594
dcs:who/overwgt5.WEALTHQUINTILE--WQ1,dcid:country/MLI,2006,4.31427
dcs:who/overwgt5.WEALTHQUINTILE--WQ4,dcid:country/MLI,2006,4.07844
dcs:who/overwgt5.WEALTHQUINTILE--WQ2,dcid:country/MLI,2006,5.60165
dcs:who/overwgt5.WEALTHQUINTILE--WQ5,dcid:country/MLI,2001,2.85799
dcs:who/overwgt5.WEALTHQUINTILE--WQ3,dcid:country/MLI,2001,3.57582
dcs:who/overwgt5.WEALTHQUINTILE--WQ1,dcid:country/MLI,2001,2.21045
dcs:who/overwgt5.WEALTHQUINTILE--WQ4,dcid:country/MLI,2001,3.68078
dcs:who/overwgt5.WEALTHQUINTILE--WQ2,dcid:country/MLI,2001,3.16227
dcs:who/overwgt5.SEX--F,dcid:country/MLI,2018,1.7699
dcs:who/overwgt5.SEX--M,dcid:country/MLI,2018,2.16122
dcs:who/overwgt5.SEX--M,dcid:country/MLI,2015,1.93682
dcs:who/overwgt5.SEX--F,dcid:country/MLI,2015,1.94003
dcs:who/overwgt5.SEX--M,dcid:country/MLI,2009,1.17175
dcs:who/overwgt5.SEX--F,dcid:country/MLI,2009,0.83686
dcs:who/overwgt5.SEX--F,dcid:country/MLI,2006,4.51943
dcs:who/overwgt5.SEX--M,dcid:country/MLI,2006,4.76686
dcs:who/overwgt5.SEX--F,dcid:country/MLI,2001,2.94282
dcs:who/overwgt5.SEX--M,dcid:country/MLI,2001,3.24315
dcs:who/overwgt5.RESIDENCEAREATYPE--RUR,dcid:country/MLI,2018,1.79406
dcs:who/overwgt5.RESIDENCEAREATYPE--URB,dcid:country/MLI,2018,2.66164
dcs:who/overwgt5.RESIDENCEAREATYPE--RUR,dcid:country/MLI,2015,1.70411
dcs:who/overwgt5.RESIDENCEAREATYPE--URB,dcid:country/MLI,2015,2.93447
dcs:who/overwgt5.RESIDENCEAREATYPE--RUR,dcid:country/MLI,2009,1.0067
dcs:who/overwgt5.RESIDENCEAREATYPE--URB,dcid:country/MLI,2009,1.01725
dcs:who/overwgt5.RESIDENCEAREATYPE--RUR,dcid:country/MLI,2006,4.72177
dcs:who/overwgt5.RESIDENCEAREATYPE--URB,dcid:country/MLI,2006,4.4434
dcs:who/overwgt5.RESIDENCEAREATYPE--RUR,dcid:country/MLI,2001,3.16483
dcs:who/overwgt5.RESIDENCEAREATYPE--URB,dcid:country/MLI,2001,2.86505
dcs:who/overwgt5.EDUCATIONLEVEL--SHLM,dcid:country/MLI,2018,2.30387
dcs:who/overwgt5.EDUCATIONLEVEL--NHLM,dcid:country/MLI,2018,1.95475
dcs:who/overwgt5.EDUCATIONLEVEL--PRLM,dcid:country/MLI,2018,1.57148
dcs:who/overwgt5.EDUCATIONLEVEL--PRLM,dcid:country/MLI,2015,1.76446
dcs:who/overwgt5.EDUCATIONLEVEL--NHLM,dcid:country/MLI,2015,1.85645
dcs:who/overwgt5.EDUCATIONLEVEL--SHLM,dcid:country/MLI,2015,2.66989
dcs:who/overwgt5.EDUCATIONLEVEL--SHLM,dcid:country/MLI,2009,1.23158
dcs:who/overwgt5.EDUCATIONLEVEL--NHLM,dcid:country/MLI,2009,0.98103
dcs:who/overwgt5.EDUCATIONLEVEL--PRLM,dcid:country/MLI,2009,1.05638
dcs:who/overwgt5.EDUCATIONLEVEL--PRLM,dcid:country/MLI,2006,3.74735
dcs:who/overwgt5.EDUCATIONLEVEL--SHLM,dcid:country/MLI,2006,6.47719
dcs:who/overwgt5.EDUCATIONLEVEL--NHLM,dcid:country/MLI,2006,4.71147
dcs:who/overwgt5.EDUCATIONLEVEL--SHLM,dcid:country/MLI,2001,2.93219
dcs:who/overwgt5.EDUCATIONLEVEL--NHLM,dcid:country/MLI,2001,3.06317
dcs:who/overwgt5.EDUCATIONLEVEL--PRLM,dcid:country/MLI,2001,3.47163
dcs:who/overwgt5.AGE--Y0T01,dcid:country/MLI,2018,2.21182
dcs:who/overwgt5.AGE--Y2T05,dcid:country/MLI,2018,1.80587
dcs:who/overwgt5.AGE--Y2T05,dcid:country/MLI,2015,1.37244
dcs:who/overwgt5.AGE--Y0T01,dcid:country/MLI,2015,2.89472
dcs:who/overwgt5.AGE--Y0T01,dcid:country/MLI,2009,1.21645
dcs:who/overwgt5.AGE--Y2T05,dcid:country/MLI,2009,0.83901
dcs:who/overwgt5.AGE--Y2T05,dcid:country/MLI,2006,4.0603
dcs:who/overwgt5.AGE--Y0T01,dcid:country/MLI,2006,5.51267
dcs:who/overwgt5.AGE--Y0T01,dcid:country/MLI,2001,2.8062
dcs:who/overwgt5.AGE--Y2T05,dcid:country/MLI,2001,3.31109
dcs:who/overwgt5.WEALTHQUINTILE--WQ3,dcid:country/MMR,2015,1.30561
dcs:who/overwgt5.WEALTHQUINTILE--WQ4,dcid:country/MMR,2015,1.96834
dcs:who/overwgt5.WEALTHQUINTILE--WQ2,dcid:country/MMR,2015,1.72202
dcs:who/overwgt5.WEALTHQUINTILE--WQ1,dcid:country/MMR,2015,0.7874
dcs:who/overwgt5.WEALTHQUINTILE--WQ5,dcid:country/MMR,2015,2.34608
dcs:who/overwgt5.SEX--F,dcid:country/MMR,2015,1.071
dcs:who/overwgt5.SEX--M,dcid:country/MMR,2015,1.91634
dcs:who/overwgt5.RESIDENCEAREATYPE--URB,dcid:country/MMR,2015,2.4163
dcs:who/overwgt5.RESIDENCEAREATYPE--RUR,dcid:country/MMR,2015,1.25826
dcs:who/overwgt5.EDUCATIONLEVEL--PRLM,dcid:country/MMR,2015,1.30391
dcs:who/overwgt5.EDUCATIONLEVEL--SHLM,dcid:country/MMR,2015,2.23614
dcs:who/overwgt5.EDUCATIONLEVEL--NHLM,dcid:country/MMR,2015,0.55841
dcs:who/overwgt5.AGE--Y0T01,dcid:country/MMR,2015,2.28109
dcs:who/overwgt5.AGE--Y2T05,dcid:country/MMR,2015,1.00981
dcs:who/overwgt5.WEALTHQUINTILE--WQ2,dcid:country/MNE,2018,6.51337
dcs:who/overwgt5.WEALTHQUINTILE--WQ5,dcid:country/MNE,2018,4.2897
dcs:who/overwgt5.WEALTHQUINTILE--WQ3,dcid:country/MNE,2018,6.69637
dcs:who/overwgt5.WEALTHQUINTILE--WQ4,dcid:country/MNE,2018,10.47674
dcs:who/overwgt5.WEALTHQUINTILE--WQ1,dcid:country/MNE,2018,8.03275
dcs:who/overwgt5.WEALTHQUINTILE--WQ1,dcid:country/MNE,2013,15.81561
dcs:who/overwgt5.WEALTHQUINTILE--WQ4,dcid:country/MNE,2013,22.79703
dcs:who/overwgt5.WEALTHQUINTILE--WQ2,dcid:country/MNE,2013,26.25759
dcs:who/overwgt5.WEALTHQUINTILE--WQ3,dcid:country/MNE,2013,20.25827
dcs:who/overwgt5.WEALTHQUINTILE--WQ5,dcid:country/MNE,2013,25.46098
dcs:who/overwgt5.WEALTHQUINTILE--WQ5,dcid:country/MNE,2005,20.00232
dcs:who/overwgt5.WEALTHQUINTILE--WQ3,dcid:country/MNE,2005,15.73893
dcs:who/overwgt5.WEALTHQUINTILE--WQ2,dcid:country/MNE,2005,15.74305
dcs:who/overwgt5.WEALTHQUINTILE--WQ4,dcid:country/MNE,2005,15.71479
dcs:who/overwgt5.WEALTHQUINTILE--WQ1,dcid:country/MNE,2005,11.75304
dcs:who/overwgt5.SEX--F,dcid:country/MNE,2018,8.01744
dcs:who/overwgt5.SEX--M,dcid:country/MNE,2018,6.73639
dcs:who/overwgt5.SEX--F,dcid:country/MNE,2013,19.62582
dcs:who/overwgt5.SEX--M,dcid:country/MNE,2013,24.72209
dcs:who/overwgt5.SEX--M,dcid:country/MNE,2005,18.55539
dcs:who/overwgt5.SEX--F,dcid:country/MNE,2005,12.81665
dcs:who/overwgt5.RESIDENCEAREATYPE--URB,dcid:country/MNE,2018,5.84253
dcs:who/overwgt5.RESIDENCEAREATYPE--RUR,dcid:country/MNE,2018,10.06965
dcs:who/overwgt5.RESIDENCEAREATYPE--URB,dcid:country/MNE,2013,24.18969
dcs:who/overwgt5.RESIDENCEAREATYPE--RUR,dcid:country/MNE,2013,18.999
dcs:who/overwgt5.RESIDENCEAREATYPE--RUR,dcid:country/MNE,2005,15.1086
dcs:who/overwgt5.RESIDENCEAREATYPE--URB,dcid:country/MNE,2005,16.01996
dcs:who/overwgt5.EDUCATIONLEVEL--SHLM,dcid:country/MNE,2018,8.61608
dcs:who/overwgt5.EDUCATIONLEVEL--SHLM,dcid:country/MNE,2013,22.21387
dcs:who/overwgt5.EDUCATIONLEVEL--PRLM,dcid:country/MNE,2013,22.95789
dcs:who/overwgt5.EDUCATIONLEVEL--SHLM,dcid:country/MNE,2005,17.07201
dcs:who/overwgt5.AGE--Y2T05,dcid:country/MNE,2018,7.13366
dcs:who/overwgt5.AGE--Y0T01,dcid:country/MNE,2018,7.50245
dcs:who/overwgt5.AGE--Y2T05,dcid:country/MNE,2013,21.7352
dcs:who/overwgt5.AGE--Y0T01,dcid:country/MNE,2013,23.28934
dcs:who/overwgt5.AGE--Y0T01,dcid:country/MNE,2005,21.81164
dcs:who/overwgt5.AGE--Y2T05,dcid:country/MNE,2005,12.41432
dcs:who/overwgt5.WEALTHQUINTILE--WQ1,dcid:country/MNG,2018,10.8004
dcs:who/overwgt5.WEALTHQUINTILE--WQ2,dcid:country/MNG,2018,13.56649
dcs:who/overwgt5.WEALTHQUINTILE--WQ4,dcid:country/MNG,2018,11.78943
dcs:who/overwgt5.WEALTHQUINTILE--WQ3,dcid:country/MNG,2018,7.48845
dcs:who/overwgt5.WEALTHQUINTILE--WQ5,dcid:country/MNG,2018,9.29567
dcs:who/overwgt5.WEALTHQUINTILE--WQ5,dcid:country/MNG,2013,11.72241
dcs:who/overwgt5.WEALTHQUINTILE--WQ3,dcid:country/MNG,2013,9.11547
dcs:who/overwgt5.WEALTHQUINTILE--WQ4,dcid:country/MNG,2013,11.72445
dcs:who/overwgt5.WEALTHQUINTILE--WQ1,dcid:country/MNG,2013,9.58806
dcs:who/overwgt5.WEALTHQUINTILE--WQ2,dcid:country/MNG,2013,10.43581
dcs:who/overwgt5.WEALTHQUINTILE--WQ1,dcid:country/MNG,2010,7.53302
dcs:who/overwgt5.WEALTHQUINTILE--WQ5,dcid:country/MNG,2010,14.26278
dcs:who/overwgt5.WEALTHQUINTILE--WQ4,dcid:country/MNG,2010,13.76061
dcs:who/overwgt5.WEALTHQUINTILE--WQ3,dcid:country/MNG,2010,11.30523
dcs:who/overwgt5.WEALTHQUINTILE--WQ2,dcid:country/MNG,2010,8.59844
dcs:who/overwgt5.WEALTHQUINTILE--WQ1,dcid:country/MNG,2005,12.37122
dcs:who/overwgt5.WEALTHQUINTILE--WQ2,dcid:country/MNG,2005,13.71299
dcs:who/overwgt5.WEALTHQUINTILE--WQ5,dcid:country/MNG,2005,18.33961
dcs:who/overwgt5.WEALTHQUINTILE--WQ4,dcid:country/MNG,2005,14.30106
dcs:who/overwgt5.WEALTHQUINTILE--WQ3,dcid:country/MNG,2005,12.96847
dcs:who/overwgt5.SEX--M,dcid:country/MNG,2018,11.2303
dcs:who/overwgt5.SEX--F,dcid:country/MNG,2018,9.76311
dcs:who/overwgt5.SEX--F,dcid:country/MNG,2013,10.03352
dcs:who/overwgt5.SEX--M,dcid:country/MNG,2013,10.92732
dcs:who/overwgt5.SEX--F,dcid:country/MNG,2010,9.83439
dcs:who/overwgt5.SEX--M,dcid:country/MNG,2005,15.58935
dcs:who/overwgt5.SEX--M,dcid:country/MNG,2010,11.87156
dcs:who/overwgt5.SEX--F,dcid:country/MNG,2005,12.61888
dcs:who/overwgt5.RESIDENCEAREATYPE--RUR,dcid:country/MNG,2018,11.10908
dcs:who/overwgt5.RESIDENCEAREATYPE--URB,dcid:country/MNG,2018,10.2163
dcs:who/overwgt5.RESIDENCEAREATYPE--URB,dcid:country/MNG,2013,11.05481
dcs:who/overwgt5.RESIDENCEAREATYPE--RUR,dcid:country/MNG,2013,9.61248
dcs:who/overwgt5.RESIDENCEAREATYPE--URB,dcid:country/MNG,2010,11.53408
dcs:who/overwgt5.RESIDENCEAREATYPE--RUR,dcid:country/MNG,2010,8.76696
dcs:who/overwgt5.RESIDENCEAREATYPE--URB,dcid:country/MNG,2005,15.54475
dcs:who/overwgt5.RESIDENCEAREATYPE--RUR,dcid:country/MNG,2005,12.711
dcs:who/overwgt5.EDUCATIONLEVEL--PRLM,dcid:country/MNG,2018,11.71735
dcs:who/overwgt5.EDUCATIONLEVEL--SHLM,dcid:country/MNG,2018,9.80933
dcs:who/overwgt5.EDUCATIONLEVEL--NHLM,dcid:country/MNG,2018,10.24673
dcs:who/overwgt5.EDUCATIONLEVEL--PRLM,dcid:country/MNG,2013,9.41116
dcs:who/overwgt5.EDUCATIONLEVEL--SHLM,dcid:country/MNG,2013,11.02262
dcs:who/overwgt5.EDUCATIONLEVEL--NHLM,dcid:country/MNG,2013,9.60458
dcs:who/overwgt5.EDUCATIONLEVEL--SHLM,dcid:country/MNG,2010,13.93884
dcs:who/overwgt5.EDUCATIONLEVEL--PRLM,dcid:country/MNG,2010,10.0108
dcs:who/overwgt5.EDUCATIONLEVEL--NHLM,dcid:country/MNG,2010,7.53865
dcs:who/overwgt5.EDUCATIONLEVEL--SHLM,dcid:country/MNG,2005,14.63473
dcs:who/overwgt5.EDUCATIONLEVEL--PRLM,dcid:country/MNG,2005,10.93
dcs:who/overwgt5.EDUCATIONLEVEL--NHLM,dcid:country/MNG,2005,11.88666
dcs:who/overwgt5.AGE--Y0T01,dcid:country/MNG,2018,12.94832
dcs:who/overwgt5.AGE--Y2T05,dcid:country/MNG,2018,9.01721
dcs:who/overwgt5.AGE--Y2T05,dcid:country/MNG,2013,8.12744
dcs:who/overwgt5.AGE--Y0T01,dcid:country/MNG,2013,13.90423
dcs:who/overwgt5.AGE--Y0T01,dcid:country/MNG,2010,14.42402
dcs:who/overwgt5.AGE--Y2T05,dcid:country/MNG,2010,7.76749
dcs:who/overwgt5.AGE--Y2T05,dcid:country/MNG,2005,10.496
dcs:who/overwgt5.AGE--Y0T01,dcid:country/MNG,2005,19.03606
dcs:who/overwgt5,dcid:country/MOZ,2011,9.65669
dcs:who/overwgt5.WEALTHQUINTILE--WQ4,dcid:country/MOZ,2011,9.03281
dcs:who/overwgt5.WEALTHQUINTILE--WQ2,dcid:country/MOZ,2011,7.8318
dcs:who/overwgt5.WEALTHQUINTILE--WQ3,dcid:country/MOZ,2011,8.31234
dcs:who/overwgt5.WEALTHQUINTILE--WQ5,dcid:country/MOZ,2011,8.19531
dcs:who/overwgt5.WEALTHQUINTILE--WQ1,dcid:country/MOZ,2011,6.17776
dcs:who/overwgt5.WEALTHQUINTILE--WQ4,dcid:country/MOZ,2008,3.64167
dcs:who/overwgt5.WEALTHQUINTILE--WQ2,dcid:country/MOZ,2008,2.56873
dcs:who/overwgt5.WEALTHQUINTILE--WQ1,dcid:country/MOZ,2008,2.90502
dcs:who/overwgt5.WEALTHQUINTILE--WQ3,dcid:country/MOZ,2008,4.02559
dcs:who/overwgt5.WEALTHQUINTILE--WQ5,dcid:country/MOZ,2008,5.32498
dcs:who/overwgt5.WEALTHQUINTILE--WQ4,dcid:country/MOZ,2003,5.18226
dcs:who/overwgt5.WEALTHQUINTILE--WQ2,dcid:country/MOZ,2003,6.04167
dcs:who/overwgt5.WEALTHQUINTILE--WQ1,dcid:country/MOZ,2003,6.56889
dcs:who/overwgt5.WEALTHQUINTILE--WQ3,dcid:country/MOZ,2003,7.42411
dcs:who/overwgt5.WEALTHQUINTILE--WQ5,dcid:country/MOZ,2003,5.95386
dcs:who/overwgt5.SEX--F,dcid:country/MOZ,2011,7.61387
dcs:who/overwgt5.SEX--M,dcid:country/MOZ,2011,8.07415
dcs:who/overwgt5.SEX--M,dcid:country/MOZ,2008,3.97483
dcs:who/overwgt5.SEX--F,dcid:country/MOZ,2008,3.20336
dcs:who/overwgt5.SEX--M,dcid:country/MOZ,2003,7.28452
dcs:who/overwgt5.SEX--F,dcid:country/MOZ,2003,5.35064
dcs:who/overwgt5.RESIDENCEAREATYPE--RUR,dcid:country/MOZ,2011,7.53102
dcs:who/overwgt5.RESIDENCEAREATYPE--URB,dcid:country/MOZ,2011,8.65822
dcs:who/overwgt5.RESIDENCEAREATYPE--RUR,dcid:country/MOZ,2008,3.18002
dcs:who/overwgt5.RESIDENCEAREATYPE--URB,dcid:country/MOZ,2008,4.59901
dcs:who/overwgt5.RESIDENCEAREATYPE--URB,dcid:country/MOZ,2003,5.1983
dcs:who/overwgt5.RESIDENCEAREATYPE--RUR,dcid:country/MOZ,2003,6.75029
dcs:who/overwgt5.EDUCATIONLEVEL--NHLM,dcid:country/MOZ,2011,7.2208
dcs:who/overwgt5.EDUCATIONLEVEL--PRLM,dcid:country/MOZ,2011,8.00005
dcs:who/overwgt5.EDUCATIONLEVEL--SHLM,dcid:country/MOZ,2011,10.2566
dcs:who/overwgt5.EDUCATIONLEVEL--PRLM,dcid:country/MOZ,2008,3.24128
dcs:who/overwgt5.EDUCATIONLEVEL--NHLM,dcid:country/MOZ,2008,3.65152
dcs:who/overwgt5.EDUCATIONLEVEL--SHLM,dcid:country/MOZ,2008,4.58203
dcs:who/overwgt5.EDUCATIONLEVEL--SHLM,dcid:country/MOZ,2003,6.07433
dcs:who/overwgt5.EDUCATIONLEVEL--PRLM,dcid:country/MOZ,2003,6.32661
dcs:who/overwgt5.AGE--Y0T01,dcid:country/MOZ,2011,10.22095
dcs:who/overwgt5.AGE--Y2T05,dcid:country/MOZ,2011,6.09504
dcs:who/overwgt5.AGE--Y0T01,dcid:country/MOZ,2008,3.4935
dcs:who/overwgt5.AGE--Y2T05,dcid:country/MOZ,2008,3.68104
dcs:who/overwgt5.AGE--Y2T05,dcid:country/MOZ,2003,6.02401
dcs:who/overwgt5.AGE--Y0T01,dcid:country/MOZ,2003,6.70081
dcs:who/overwgt5.WEALTHQUINTILE--WQ5,dcid:country/MRT,2015,2.35903
dcs:who/overwgt5.WEALTHQUINTILE--WQ4,dcid:country/MRT,2015,1.98746
dcs:who/overwgt5.WEALTHQUINTILE--WQ3,dcid:country/MRT,2015,0.91581
dcs:who/overwgt5.WEALTHQUINTILE--WQ2,dcid:country/MRT,2015,0.85341
dcs:who/overwgt5.WEALTHQUINTILE--WQ1,dcid:country/MRT,2015,0.66167
dcs:who/overwgt5.WEALTHQUINTILE--WQ3,dcid:country/MRT,2007,2.72125
dcs:who/overwgt5.WEALTHQUINTILE--WQ5,dcid:country/MRT,2007,3.35584
dcs:who/overwgt5.WEALTHQUINTILE--WQ4,dcid:country/MRT,2007,2.93239
dcs:who/overwgt5.WEALTHQUINTILE--WQ2,dcid:country/MRT,2007,1.79806
dcs:who/overwgt5.WEALTHQUINTILE--WQ1,dcid:country/MRT,2007,1.25078
dcs:who/overwgt5.SEX--M,dcid:country/MRT,2015,1.18128
dcs:who/overwgt5.SEX--F,dcid:country/MRT,2015,1.38836
dcs:who/overwgt5.SEX--M,dcid:country/MRT,2011,2.94024
dcs:who/overwgt5.SEX--F,dcid:country/MRT,2007,2.18164
dcs:who/overwgt5.SEX--F,dcid:country/MRT,2011,3.52932
dcs:who/overwgt5.SEX--M,dcid:country/MRT,2007,2.45055
dcs:who/overwgt5.RESIDENCEAREATYPE--URB,dcid:country/MRT,2015,1.81545
dcs:who/overwgt5.RESIDENCEAREATYPE--RUR,dcid:country/MRT,2015,0.88401
dcs:who/overwgt5.RESIDENCEAREATYPE--RUR,dcid:country/MRT,2011,2.70937
dcs:who/overwgt5.RESIDENCEAREATYPE--URB,dcid:country/MRT,2011,4.07124
dcs:who/overwgt5.RESIDENCEAREATYPE--URB,dcid:country/MRT,2007,2.97155
dcs:who/overwgt5.RESIDENCEAREATYPE--RUR,dcid:country/MRT,2007,1.86767
dcs:who/overwgt5.EDUCATIONLEVEL--SHLM,dcid:country/MRT,2015,1.98053
dcs:who/overwgt5.EDUCATIONLEVEL--NHLM,dcid:country/MRT,2015,1.04191
dcs:who/overwgt5.EDUCATIONLEVEL--PRLM,dcid:country/MRT,2015,1.54913
dcs:who/overwgt5.EDUCATIONLEVEL--NHLM,dcid:country/MRT,2011,3.25353
dcs:who/overwgt5.EDUCATIONLEVEL--PRLM,dcid:country/MRT,2011,3.83613
dcs:who/overwgt5.EDUCATIONLEVEL--SHLM,dcid:country/MRT,2011,3.31735
dcs:who/overwgt5.EDUCATIONLEVEL--SHLM,dcid:country/MRT,2007,2.85066
dcs:who/overwgt5.EDUCATIONLEVEL--PRLM,dcid:country/MRT,2007,2.74737
dcs:who/overwgt5.EDUCATIONLEVEL--NHLM,dcid:country/MRT,2007,1.53239
dcs:who/overwgt5.AGE--Y0T01,dcid:country/MRT,2015,1.40194
dcs:who/overwgt5.AGE--Y2T05,dcid:country/MRT,2015,1.17891
dcs:who/overwgt5.AGE--Y2T05,dcid:country/MRT,2011,3.06612
dcs:who/overwgt5.AGE--Y0T01,dcid:country/MRT,2011,3.47161
dcs:who/overwgt5.AGE--Y2T05,dcid:country/MRT,2007,2.20313
dcs:who/overwgt5.AGE--Y0T01,dcid:country/MRT,2007,2.52605
dcs:who/overwgt5.WEALTHQUINTILE--WQ4,dcid:country/MWI,2015,4.52719
dcs:who/overwgt5.WEALTHQUINTILE--WQ2,dcid:country/MWI,2015,4.78703
dcs:who/overwgt5.WEALTHQUINTILE--WQ3,dcid:country/MWI,2015,4.82393
dcs:who/overwgt5.WEALTHQUINTILE--WQ5,dcid:country/MWI,2015,4.94123
dcs:who/overwgt5.WEALTHQUINTILE--WQ1,dcid:country/MWI,2015,4.09418
dcs:who/overwgt5.WEALTHQUINTILE--WQ2,dcid:country/MWI,2013,4.74653
dcs:who/overwgt5.WEALTHQUINTILE--WQ3,dcid:country/MWI,2013,4.40982
dcs:who/overwgt5.WEALTHQUINTILE--WQ1,dcid:country/MWI,2013,5.06915
dcs:who/overwgt5.WEALTHQUINTILE--WQ4,dcid:country/MWI,2013,4.6738
dcs:who/overwgt5.WEALTHQUINTILE--WQ5,dcid:country/MWI,2013,6.68734
dcs:who/overwgt5.WEALTHQUINTILE--WQ3,dcid:country/MWI,2010,8.97618
dcs:who/overwgt5.WEALTHQUINTILE--WQ1,dcid:country/MWI,2010,9.45168
dcs:who/overwgt5.WEALTHQUINTILE--WQ4,dcid:country/MWI,2010,8.47914
dcs:who/overwgt5.WEALTHQUINTILE--WQ5,dcid:country/MWI,2010,10.27967
dcs:who/overwgt5.WEALTHQUINTILE--WQ2,dcid:country/MWI,2010,8.167
dcs:who/overwgt5.WEALTHQUINTILE--WQ4,dcid:country/MWI,2006,12.25004
dcs:who/overwgt5.WEALTHQUINTILE--WQ3,dcid:country/MWI,2006,11.23705
dcs:who/overwgt5.WEALTHQUINTILE--WQ1,dcid:country/MWI,2006,11.00788
dcs:who/overwgt5.WEALTHQUINTILE--WQ5,dcid:country/MWI,2006,10.3367
dcs:who/overwgt5.WEALTHQUINTILE--WQ2,dcid:country/MWI,2006,11.73472
dcs:who/overwgt5.WEALTHQUINTILE--WQ3,dcid:country/MWI,2004,10.07655
dcs:who/overwgt5.WEALTHQUINTILE--WQ5,dcid:country/MWI,2004,10.31398
dcs:who/overwgt5.WEALTHQUINTILE--WQ4,dcid:country/MWI,2004,8.83105
dcs:who/overwgt5.WEALTHQUINTILE--WQ2,dcid:country/MWI,2004,11.35229
dcs:who/overwgt5.WEALTHQUINTILE--WQ1,dcid:country/MWI,2004,10.23213
dcs:who/overwgt5.WEALTHQUINTILE--WQ2,dcid:country/MWI,2000,7.75774
dcs:who/overwgt5.WEALTHQUINTILE--WQ5,dcid:country/MWI,2000,8.86276
dcs:who/overwgt5.WEALTHQUINTILE--WQ1,dcid:country/MWI,2000,9.73478
dcs:who/overwgt5.WEALTHQUINTILE--WQ3,dcid:country/MWI,2000,8.25338
dcs:who/overwgt5.WEALTHQUINTILE--WQ4,dcid:country/MWI,2000,9.53969
dcs:who/overwgt5.SEX--M,dcid:country/MWI,2015,5.93931
dcs:who/overwgt5.SEX--F,dcid:country/MWI,2015,3.34071
dcs:who/overwgt5.SEX--M,dcid:country/MWI,2013,5.61535
dcs:who/overwgt5.SEX--F,dcid:country/MWI,2013,4.49632
dcs:who/overwgt5.SEX--F,dcid:country/MWI,2006,10.72606
dcs:who/overwgt5.SEX--M,dcid:country/MWI,2010,10.1036
dcs:who/overwgt5.SEX--M,dcid:country/MWI,2006,11.89846
dcs:who/overwgt5.SEX--F,dcid:country/MWI,2010,8.01213
dcs:who/overwgt5.SEX--F,dcid:country/MWI,2004,9.89129
dcs:who/overwgt5.SEX--M,dcid:country/MWI,2004,10.44698
dcs:who/overwgt5.SEX--M,dcid:country/MWI,2000,9.75206
dcs:who/overwgt5.SEX--F,dcid:country/MWI,2000,7.94477
dcs:who/overwgt5.RESIDENCEAREATYPE--RUR,dcid:country/MWI,2015,4.59732
dcs:who/overwgt5.RESIDENCEAREATYPE--URB,dcid:country/MWI,2015,4.65043
dcs:who/overwgt5.RESIDENCEAREATYPE--RUR,dcid:country/MWI,2013,4.74076
dcs:who/overwgt5.RESIDENCEAREATYPE--URB,dcid:country/MWI,2013,7.40736
dcs:who/overwgt5.RESIDENCEAREATYPE--URB,dcid:country/MWI,2010,9.17731
dcs:who/overwgt5.RESIDENCEAREATYPE--RUR,dcid:country/MWI,2010,9.00794
dcs:who/overwgt5.RESIDENCEAREATYPE--RUR,dcid:country/MWI,2006,11.69738
dcs:who/overwgt5.RESIDENCEAREATYPE--URB,dcid:country/MWI,2006,9.06939
dcs:who/overwgt5.RESIDENCEAREATYPE--RUR,dcid:country/MWI,2004,10.10025
dcs:who/overwgt5.RESIDENCEAREATYPE--URB,dcid:country/MWI,2004,10.62353
dcs:who/overwgt5.RESIDENCEAREATYPE--RUR,dcid:country/MWI,2000,8.94925
dcs:who/overwgt5.RESIDENCEAREATYPE--URB,dcid:country/MWI,2000,8.09567
dcs:who/overwgt5.EDUCATIONLEVEL--PRLM,dcid:country/MWI,2015,4.68493
dcs:who/overwgt5.EDUCATIONLEVEL--NHLM,dcid:country/MWI,2015,3.82273
dcs:who/overwgt5.EDUCATIONLEVEL--SHLM,dcid:country/MWI,2015,4.80721
dcs:who/overwgt5.EDUCATIONLEVEL--NHLM,dcid:country/MWI,2013,4.59413
dcs:who/overwgt5.EDUCATIONLEVEL--PRLM,dcid:country/MWI,2013,4.91327
dcs:who/overwgt5.EDUCATIONLEVEL--SHLM,dcid:country/MWI,2013,6.07429
dcs:who/overwgt5.EDUCATIONLEVEL--SHLM,dcid:country/MWI,2010,9.14759
dcs:who/overwgt5.EDUCATIONLEVEL--PRLM,dcid:country/MWI,2010,8.90175
dcs:who/overwgt5.EDUCATIONLEVEL--NHLM,dcid:country/MWI,2010,8.6021
dcs:who/overwgt5.EDUCATIONLEVEL--PRLM,dcid:country/MWI,2006,11.31749
dcs:who/overwgt5.EDUCATIONLEVEL--SHLM,dcid:country/MWI,2006,10.8976
dcs:who/overwgt5.EDUCATIONLEVEL--NHLM,dcid:country/MWI,2006,11.45303
dcs:who/overwgt5.EDUCATIONLEVEL--SHLM,dcid:country/MWI,2004,11.64559
dcs:who/overwgt5.EDUCATIONLEVEL--NHLM,dcid:country/MWI,2004,8.38224
dcs:who/overwgt5.EDUCATIONLEVEL--PRLM,dcid:country/MWI,2004,10.50805
dcs:who/overwgt5.EDUCATIONLEVEL--PRLM,dcid:country/MWI,2000,8.64562
dcs:who/overwgt5.EDUCATIONLEVEL--SHLM,dcid:country/MWI,2000,7.45319
dcs:who/overwgt5.AGE--Y0T01,dcid:country/MWI,2015,7.59501
dcs:who/overwgt5.AGE--Y2T05,dcid:country/MWI,2015,2.74966
dcs:who/overwgt5.AGE--Y2T05,dcid:country/MWI,2013,3.76376
dcs:who/overwgt5.AGE--Y0T01,dcid:country/MWI,2013,7.15634
dcs:who/overwgt5.AGE--Y0T01,dcid:country/MWI,2010,11.92741
dcs:who/overwgt5.AGE--Y2T05,dcid:country/MWI,2010,7.02761
dcs:who/overwgt5.AGE--Y2T05,dcid:country/MWI,2006,10.62673
dcs:who/overwgt5.AGE--Y0T01,dcid:country/MWI,2006,12.18583
dcs:who/overwgt5.AGE--Y0T01,dcid:country/MWI,2004,11.84102
dcs:who/overwgt5.AGE--Y2T05,dcid:country/MWI,2004,8.87934
dcs:who/overwgt5.AGE--Y2T05,dcid:country/MWI,2000,9.20794
dcs:who/overwgt5.AGE--Y0T01,dcid:country/MWI,2000,8.36139
dcs:who/overwgt5,dcid:country/NAM,2013,1.4639
dcs:who/overwgt5,dcid:country/NAM,2006,7.18428
dcs:who/overwgt5,dcid:country/NAM,2000,6.28169
dcs:who/overwgt5.WEALTHQUINTILE--WQ5,dcid:country/NAM,2013,4.9354
dcs:who/overwgt5.WEALTHQUINTILE--WQ4,dcid:country/NAM,2013,6.00987
dcs:who/overwgt5.WEALTHQUINTILE--WQ1,dcid:country/NAM,2013,2.32188
dcs:who/overwgt5.WEALTHQUINTILE--WQ3,dcid:country/NAM,2013,3.88268
dcs:who/overwgt5.WEALTHQUINTILE--WQ2,dcid:country/NAM,2013,3.72405
dcs:who/overwgt5.WEALTHQUINTILE--WQ5,dcid:country/NAM,2006,8.84616
dcs:who/overwgt5.WEALTHQUINTILE--WQ1,dcid:country/NAM,2006,4.34467
dcs:who/overwgt5.WEALTHQUINTILE--WQ4,dcid:country/NAM,2006,6.36762
dcs:who/overwgt5.WEALTHQUINTILE--WQ3,dcid:country/NAM,2006,3.14292
dcs:who/overwgt5.WEALTHQUINTILE--WQ2,dcid:country/NAM,2006,2.5848
dcs:who/overwgt5.WEALTHQUINTILE--WQ2,dcid:country/NAM,2000,1.89831
dcs:who/overwgt5.WEALTHQUINTILE--WQ1,dcid:country/NAM,2000,2.2415
dcs:who/overwgt5.WEALTHQUINTILE--WQ3,dcid:country/NAM,2000,3.27756
dcs:who/overwgt5.WEALTHQUINTILE--WQ5,dcid:country/NAM,2000,6.14892
dcs:who/overwgt5.WEALTHQUINTILE--WQ4,dcid:country/NAM,2000,3.97485
dcs:who/overwgt5.SEX--M,dcid:country/NAM,2013,3.78961
dcs:who/overwgt5.SEX--F,dcid:country/NAM,2013,4.20144
dcs:who/overwgt5.SEX--F,dcid:country/NAM,2006,4.43412
dcs:who/overwgt5.SEX--M,dcid:country/NAM,2006,4.9031
dcs:who/overwgt5.SEX--F,dcid:country/NAM,2000,2.90894
dcs:who/overwgt5.SEX--M,dcid:country/NAM,2000,3.66786
dcs:who/overwgt5.RESIDENCEAREATYPE--RUR,dcid:country/NAM,2013,3.53008
dcs:who/overwgt5.RESIDENCEAREATYPE--URB,dcid:country/NAM,2013,4.79584
dcs:who/overwgt5.RESIDENCEAREATYPE--URB,dcid:country/NAM,2006,7.61946
dcs:who/overwgt5.RESIDENCEAREATYPE--RUR,dcid:country/NAM,2006,3.25217
dcs:who/overwgt5.RESIDENCEAREATYPE--RUR,dcid:country/NAM,2000,2.52298
dcs:who/overwgt5.RESIDENCEAREATYPE--URB,dcid:country/NAM,2000,5.46325
dcs:who/overwgt5.EDUCATIONLEVEL--SHLM,dcid:country/NAM,2013,5.18885
dcs:who/overwgt5.EDUCATIONLEVEL--PRLM,dcid:country/NAM,2013,2.77907
dcs:who/overwgt5.EDUCATIONLEVEL--NHLM,dcid:country/NAM,2013,2.33761
dcs:who/overwgt5.EDUCATIONLEVEL--PRLM,dcid:country/NAM,2006,4.48798
dcs:who/overwgt5.EDUCATIONLEVEL--SHLM,dcid:country/NAM,2006,5.81322
dcs:who/overwgt5.EDUCATIONLEVEL--NHLM,dcid:country/NAM,2006,4.73554
dcs:who/overwgt5.EDUCATIONLEVEL--NHLM,dcid:country/NAM,2000,3.3919
dcs:who/overwgt5.EDUCATIONLEVEL--SHLM,dcid:country/NAM,2000,3.85594
dcs:who/overwgt5.EDUCATIONLEVEL--PRLM,dcid:country/NAM,2000,3.40895
dcs:who/overwgt5.AGE--Y0T01,dcid:country/NAM,2013,5.61105
dcs:who/overwgt5.AGE--Y2T05,dcid:country/NAM,2013,2.92266
dcs:who/overwgt5.AGE--Y0T01,dcid:country/NAM,2006,6.62829
dcs:who/overwgt5.AGE--Y2T05,dcid:country/NAM,2006,3.27555
dcs:who/overwgt5.AGE--Y2T05,dcid:country/NAM,2000,2.36567
dcs:who/overwgt5.AGE--Y0T01,dcid:country/NAM,2000,4.60984
dcs:who/overwgt5,dcid:country/NER,2012,3.85566
dcs:who/overwgt5,dcid:country/NER,2006,4.15552
dcs:who/overwgt5.WEALTHQUINTILE--WQ4,dcid:country/NER,2012,3.37658
dcs:who/overwgt5.WEALTHQUINTILE--WQ5,dcid:country/NER,2012,4.79326
dcs:who/overwgt5.WEALTHQUINTILE--WQ1,dcid:country/NER,2012,2.59439
dcs:who/overwgt5.WEALTHQUINTILE--WQ2,dcid:country/NER,2012,2.83699
dcs:who/overwgt5.WEALTHQUINTILE--WQ3,dcid:country/NER,2012,2.05094
dcs:who/overwgt5.WEALTHQUINTILE--WQ4,dcid:country/NER,2006,4.55226
dcs:who/overwgt5.WEALTHQUINTILE--WQ1,dcid:country/NER,2006,2.83694
dcs:who/overwgt5.WEALTHQUINTILE--WQ2,dcid:country/NER,2006,3.8259
dcs:who/overwgt5.WEALTHQUINTILE--WQ5,dcid:country/NER,2006,3.38201
dcs:who/overwgt5.WEALTHQUINTILE--WQ3,dcid:country/NER,2006,2.6699
dcs:who/overwgt5.SEX--M,dcid:country/NER,2012,3.48274
dcs:who/overwgt5.SEX--F,dcid:country/NER,2012,2.64336
dcs:who/overwgt5.SEX--F,dcid:country/NER,2006,3.42622
dcs:who/overwgt5.SEX--M,dcid:country/NER,2006,3.48353
dcs:who/overwgt5.RESIDENCEAREATYPE--URB,dcid:country/NER,2012,4.09282
dcs:who/overwgt5.RESIDENCEAREATYPE--RUR,dcid:country/NER,2012,2.92004
dcs:who/overwgt5.RESIDENCEAREATYPE--URB,dcid:country/NER,2006,3.88225
dcs:who/overwgt5.RESIDENCEAREATYPE--RUR,dcid:country/NER,2006,3.38116
dcs:who/overwgt5.EDUCATIONLEVEL--SHLM,dcid:country/NER,2012,6.45209
dcs:who/overwgt5.EDUCATIONLEVEL--PRLM,dcid:country/NER,2012,2.88389
dcs:who/overwgt5.EDUCATIONLEVEL--NHLM,dcid:country/NER,2012,2.97789
dcs:who/overwgt5.EDUCATIONLEVEL--NHLM,dcid:country/NER,2006,3.60254
dcs:who/overwgt5.EDUCATIONLEVEL--PRLM,dcid:country/NER,2006,4.44321
dcs:who/overwgt5.EDUCATIONLEVEL--SHLM,dcid:country/NER,2006,2.69347
dcs:who/overwgt5.AGE--Y2T05,dcid:country/NER,2012,2.13177
dcs:who/overwgt5.AGE--Y0T01,dcid:country/NER,2012,4.54405
dcs:who/overwgt5.AGE--Y2T05,dcid:country/NER,2006,2.69471
dcs:who/overwgt5.AGE--Y0T01,dcid:country/NER,2006,4.59392
dcs:who/overwgt5.WEALTHQUINTILE--WQ1,dcid:country/NGA,2018,1.92983
dcs:who/overwgt5.WEALTHQUINTILE--WQ4,dcid:country/NGA,2018,2.21418
dcs:who/overwgt5.WEALTHQUINTILE--WQ3,dcid:country/NGA,2018,1.66559
dcs:who/overwgt5.WEALTHQUINTILE--WQ5,dcid:country/NGA,2018,2.09789
dcs:who/overwgt5.WEALTHQUINTILE--WQ2,dcid:country/NGA,2018,2.39832
dcs:who/overwgt5.WEALTHQUINTILE--WQ2,dcid:country/NGA,2016,1.88846
dcs:who/overwgt5.WEALTHQUINTILE--WQ3,dcid:country/NGA,2016,1.40615
dcs:who/overwgt5.WEALTHQUINTILE--WQ1,dcid:country/NGA,2016,1.54387
dcs:who/overwgt5.WEALTHQUINTILE--WQ4,dcid:country/NGA,2016,1.27201
dcs:who/overwgt5.WEALTHQUINTILE--WQ5,dcid:country/NGA,2016,1.3856
dcs:who/overwgt5.WEALTHQUINTILE--WQ3,dcid:country/NGA,2011,2.68144
dcs:who/overwgt5.WEALTHQUINTILE--WQ1,dcid:country/NGA,2011,3.32137
dcs:who/overwgt5.WEALTHQUINTILE--WQ5,dcid:country/NGA,2011,2.64859
dcs:who/overwgt5.WEALTHQUINTILE--WQ2,dcid:country/NGA,2011,3.38892
dcs:who/overwgt5.WEALTHQUINTILE--WQ4,dcid:country/NGA,2011,2.70777
dcs:who/overwgt5.WEALTHQUINTILE--WQ4,dcid:country/NGA,2003,4.35056
dcs:who/overwgt5.WEALTHQUINTILE--WQ1,dcid:country/NGA,2003,6.38699
dcs:who/overwgt5.WEALTHQUINTILE--WQ5,dcid:country/NGA,2003,6.71816
dcs:who/overwgt5.WEALTHQUINTILE--WQ2,dcid:country/NGA,2003,7.55536
dcs:who/overwgt5.WEALTHQUINTILE--WQ3,dcid:country/NGA,2003,6.41569
dcs:who/overwgt5.SEX--F,dcid:country/NGA,2018,1.77958
dcs:who/overwgt5.SEX--F,dcid:country/NGA,2016,1.34374
dcs:who/overwgt5.SEX--M,dcid:country/NGA,2018,2.32788
dcs:who/overwgt5.SEX--M,dcid:country/NGA,2016,1.67923
dcs:who/overwgt5.SEX--F,dcid:country/NGA,2011,2.68923
dcs:who/overwgt5.SEX--M,dcid:country/NGA,2011,3.24433
dcs:who/overwgt5.SEX--M,dcid:country/NGA,2003,6.65001
dcs:who/overwgt5.SEX--F,dcid:country/NGA,2003,5.96584
dcs:who/overwgt5.RESIDENCEAREATYPE--RUR,dcid:country/NGA,2018,2.12436
dcs:who/overwgt5.RESIDENCEAREATYPE--URB,dcid:country/NGA,2018,1.9778
dcs:who/overwgt5.RESIDENCEAREATYPE--URB,dcid:country/NGA,2016,1.09989
dcs:who/overwgt5.RESIDENCEAREATYPE--RUR,dcid:country/NGA,2016,1.69298
dcs:who/overwgt5.RESIDENCEAREATYPE--RUR,dcid:country/NGA,2011,2.97763
dcs:who/overwgt5.RESIDENCEAREATYPE--URB,dcid:country/NGA,2011,2.96069
dcs:who/overwgt5.RESIDENCEAREATYPE--RUR,dcid:country/NGA,2003,6.5507
dcs:who/overwgt5.RESIDENCEAREATYPE--URB,dcid:country/NGA,2003,5.78978
dcs:who/overwgt5.EDUCATIONLEVEL--PRLM,dcid:country/NGA,2018,2.01297
dcs:who/overwgt5.EDUCATIONLEVEL--NHLM,dcid:country/NGA,2018,1.92788
dcs:who/overwgt5.EDUCATIONLEVEL--SHLM,dcid:country/NGA,2018,2.2131
dcs:who/overwgt5.EDUCATIONLEVEL--NHLM,dcid:country/NGA,2016,1.46845
dcs:who/overwgt5.EDUCATIONLEVEL--PRLM,dcid:country/NGA,2016,1.49012
dcs:who/overwgt5.EDUCATIONLEVEL--SHLM,dcid:country/NGA,2016,1.73583
dcs:who/overwgt5.EDUCATIONLEVEL--NHLM,dcid:country/NGA,2011,3.45999
dcs:who/overwgt5.EDUCATIONLEVEL--SHLM,dcid:country/NGA,2011,2.7075
dcs:who/overwgt5.EDUCATIONLEVEL--PRLM,dcid:country/NGA,2011,2.4035
dcs:who/overwgt5.EDUCATIONLEVEL--PRLM,dcid:country/NGA,2003,4.8042
dcs:who/overwgt5.EDUCATIONLEVEL--NHLM,dcid:country/NGA,2003,7.36772
dcs:who/overwgt5.EDUCATIONLEVEL--SHLM,dcid:country/NGA,2003,5.97048
dcs:who/overwgt5.AGE--Y0T01,dcid:country/NGA,2018,2.73749
dcs:who/overwgt5.AGE--Y2T05,dcid:country/NGA,2018,1.59838
dcs:who/overwgt5.AGE--Y2T05,dcid:country/NGA,2016,1.45598
dcs:who/overwgt5.AGE--Y0T01,dcid:country/NGA,2016,1.59083
dcs:who/overwgt5.AGE--Y2T05,dcid:country/NGA,2011,2.79226
dcs:who/overwgt5.AGE--Y0T01,dcid:country/NGA,2011,3.19049
dcs:who/overwgt5.AGE--Y2T05,dcid:country/NGA,2003,5.50912
dcs:who/overwgt5.AGE--Y0T01,dcid:country/NGA,2003,7.69854
dcs:who/overwgt5.WEALTHQUINTILE--WQ5,dcid:country/NIC,2001,9.48685
dcs:who/overwgt5.WEALTHQUINTILE--WQ1,dcid:country/NIC,2001,8.41007
dcs:who/overwgt5.WEALTHQUINTILE--WQ4,dcid:country/NIC,2001,6.34822
dcs:who/overwgt5.WEALTHQUINTILE--WQ2,dcid:country/NIC,2001,5.51473
dcs:who/overwgt5.WEALTHQUINTILE--WQ3,dcid:country/NIC,2001,6.41223
dcs:who/overwgt5.WEALTHQUINTILE--WQ2,dcid:country/NIC,1997,5.62798
dcs:who/overwgt5.WEALTHQUINTILE--WQ1,dcid:country/NIC,1997,6.80219
dcs:who/overwgt5.WEALTHQUINTILE--WQ4,dcid:country/NIC,1997,7.69002
dcs:who/overwgt5.WEALTHQUINTILE--WQ3,dcid:country/NIC,1997,5.711
dcs:who/overwgt5.WEALTHQUINTILE--WQ5,dcid:country/NIC,1997,10.59643
dcs:who/overwgt5.SEX--M,dcid:country/NIC,2006,6.70628
dcs:who/overwgt5.SEX--F,dcid:country/NIC,2006,5.61766
dcs:who/overwgt5.SEX--M,dcid:country/NIC,2001,8.27156
dcs:who/overwgt5.SEX--F,dcid:country/NIC,2001,6.0469
dcs:who/overwgt5.SEX--F,dcid:country/NIC,1997,6.46273
dcs:who/overwgt5.SEX--M,dcid:country/NIC,1997,7.44251
dcs:who/overwgt5.RESIDENCEAREATYPE--URB,dcid:country/NIC,2006,6.52815
dcs:who/overwgt5.RESIDENCEAREATYPE--RUR,dcid:country/NIC,2006,5.86321
dcs:who/overwgt5.RESIDENCEAREATYPE--URB,dcid:country/NIC,2001,6.78296
dcs:who/overwgt5.RESIDENCEAREATYPE--RUR,dcid:country/NIC,2001,7.5711
dcs:who/overwgt5.RESIDENCEAREATYPE--RUR,dcid:country/NIC,1997,6.62227
dcs:who/overwgt5.RESIDENCEAREATYPE--URB,dcid:country/NIC,1997,7.22975
dcs:who/overwgt5.EDUCATIONLEVEL--PRLM,dcid:country/NIC,2001,6.652
dcs:who/overwgt5.EDUCATIONLEVEL--SHLM,dcid:country/NIC,2001,7.75512
dcs:who/overwgt5.EDUCATIONLEVEL--NHLM,dcid:country/NIC,2001,7.29479
dcs:who/overwgt5.EDUCATIONLEVEL--NHLM,dcid:country/NIC,1997,6.5794
dcs:who/overwgt5.EDUCATIONLEVEL--PRLM,dcid:country/NIC,1997,6.49242
dcs:who/overwgt5.EDUCATIONLEVEL--SHLM,dcid:country/NIC,1997,7.85774
dcs:who/overwgt5.AGE--Y2T05,dcid:country/NIC,2006,5.11388
dcs:who/overwgt5.AGE--Y0T01,dcid:country/NIC,2006,7.61713
dcs:who/overwgt5.AGE--Y2T05,dcid:country/NIC,2001,7.34237
dcs:who/overwgt5.AGE--Y0T01,dcid:country/NIC,2001,6.94064
dcs:who/overwgt5.AGE--Y2T05,dcid:country/NIC,1997,6.99408
dcs:who/overwgt5.AGE--Y0T01,dcid:country/NIC,1997,6.86638
dcs:who/overwgt5.WEALTHQUINTILE--WQ1,dcid:country/NPL,2019,2.56145
dcs:who/overwgt5.WEALTHQUINTILE--WQ2,dcid:country/NPL,2019,2.55775
dcs:who/overwgt5.WEALTHQUINTILE--WQ4,dcid:country/NPL,2019,2.50262
dcs:who/overwgt5.WEALTHQUINTILE--WQ5,dcid:country/NPL,2019,2.74089
dcs:who/overwgt5.WEALTHQUINTILE--WQ3,dcid:country/NPL,2019,2.58523
dcs:who/overwgt5.WEALTHQUINTILE--WQ2,dcid:country/NPL,2016,1.06903
dcs:who/overwgt5.WEALTHQUINTILE--WQ1,dcid:country/NPL,2016,1.35123
dcs:who/overwgt5.WEALTHQUINTILE--WQ5,dcid:country/NPL,2016,3.48154
dcs:who/overwgt5.WEALTHQUINTILE--WQ3,dcid:country/NPL,2016,0.19756
dcs:who/overwgt5.WEALTHQUINTILE--WQ4,dcid:country/NPL,2016,0.71256
dcs:who/overwgt5.WEALTHQUINTILE--WQ2,dcid:country/NPL,2014,1.53987
dcs:who/overwgt5.WEALTHQUINTILE--WQ5,dcid:country/NPL,2014,2.96704
dcs:who/overwgt5.WEALTHQUINTILE--WQ3,dcid:country/NPL,2014,2.84977
dcs:who/overwgt5.WEALTHQUINTILE--WQ1,dcid:country/NPL,2014,1.9047
dcs:who/overwgt5.WEALTHQUINTILE--WQ4,dcid:country/NPL,2014,1.47186
dcs:who/overwgt5.WEALTHQUINTILE--WQ3,dcid:country/NPL,2011,1.5738
dcs:who/overwgt5.WEALTHQUINTILE--WQ5,dcid:country/NPL,2011,2.21163
dcs:who/overwgt5.WEALTHQUINTILE--WQ4,dcid:country/NPL,2011,2.04676
dcs:who/overwgt5.WEALTHQUINTILE--WQ1,dcid:country/NPL,2011,1.57562
dcs:who/overwgt5.WEALTHQUINTILE--WQ2,dcid:country/NPL,2011,0.65278
dcs:who/overwgt5.WEALTHQUINTILE--WQ1,dcid:country/NPL,2006,0.93825
dcs:who/overwgt5.WEALTHQUINTILE--WQ3,dcid:country/NPL,2006,0.18084
dcs:who/overwgt5.WEALTHQUINTILE--WQ2,dcid:country/NPL,2006,0.44239
dcs:who/overwgt5.WEALTHQUINTILE--WQ4,dcid:country/NPL,2006,0.4279
dcs:who/overwgt5.WEALTHQUINTILE--WQ5,dcid:country/NPL,2006,1.13962
dcs:who/overwgt5.WEALTHQUINTILE--WQ4,dcid:country/NPL,2001,0.71015
dcs:who/overwgt5.WEALTHQUINTILE--WQ3,dcid:country/NPL,2001,1.00057
dcs:who/overwgt5.WEALTHQUINTILE--WQ5,dcid:country/NPL,2001,0.59327
dcs:who/overwgt5.WEALTHQUINTILE--WQ2,dcid:country/NPL,2001,0.54532
dcs:who/overwgt5.WEALTHQUINTILE--WQ1,dcid:country/NPL,2001,0.52632
dcs:who/overwgt5.SEX--F,dcid:country/NPL,2019,2.31802
dcs:who/overwgt5.SEX--M,dcid:country/NPL,2019,2.82257
dcs:who/overwgt5.SEX--M,dcid:country/NPL,2016,1.32585
dcs:who/overwgt5.SEX--F,dcid:country/NPL,2016,1.01094
dcs:who/overwgt5.SEX--M,dcid:country/NPL,2014,2.15135
dcs:who/overwgt5.SEX--F,dcid:country/NPL,2014,2.08268
dcs:who/overwgt5.SEX--M,dcid:country/NPL,2011,1.49298
dcs:who/overwgt5.SEX--F,dcid:country/NPL,2011,1.60912
dcs:who/overwgt5.SEX--F,dcid:country/NPL,2006,0.643
dcs:who/overwgt5.SEX--M,dcid:country/NPL,2006,0.58807
dcs:who/overwgt5.SEX--M,dcid:country/NPL,2001,0.64614
dcs:who/overwgt5.SEX--F,dcid:country/NPL,2001,0.69171
dcs:who/overwgt5.RESIDENCEAREATYPE--URB,dcid:country/NPL,2019,2.66161
dcs:who/overwgt5.RESIDENCEAREATYPE--RUR,dcid:country/NPL,2019,2.44244
dcs:who/overwgt5.RESIDENCEAREATYPE--RUR,dcid:country/NPL,2016,0.90362
dcs:who/overwgt5.RESIDENCEAREATYPE--URB,dcid:country/NPL,2016,1.41823
dcs:who/overwgt5.RESIDENCEAREATYPE--RUR,dcid:country/NPL,2014,2.15576
dcs:who/overwgt5.RESIDENCEAREATYPE--URB,dcid:country/NPL,2014,1.8723
dcs:who/overwgt5.RESIDENCEAREATYPE--RUR,dcid:country/NPL,2011,1.52583
dcs:who/overwgt5.RESIDENCEAREATYPE--URB,dcid:country/NPL,2011,1.79918
dcs:who/overwgt5.RESIDENCEAREATYPE--URB,dcid:country/NPL,2006,1.58457
dcs:who/overwgt5.RESIDENCEAREATYPE--RUR,dcid:country/NPL,2006,0.48109
dcs:who/overwgt5.RESIDENCEAREATYPE--URB,dcid:country/NPL,2001,0.38489
dcs:who/overwgt5.RESIDENCEAREATYPE--RUR,dcid:country/NPL,2001,0.68946
dcs:who/overwgt5.EDUCATIONLEVEL--SHLM,dcid:country/NPL,2019,2.2432
dcs:who/overwgt5.EDUCATIONLEVEL--PRLM,dcid:country/NPL,2019,2.6689
dcs:who/overwgt5.EDUCATIONLEVEL--NHLM,dcid:country/NPL,2019,3.04016
dcs:who/overwgt5.EDUCATIONLEVEL--SHLM,dcid:country/NPL,2016,1.63902
dcs:who/overwgt5.EDUCATIONLEVEL--NHLM,dcid:country/NPL,2016,0.30772
dcs:who/overwgt5.EDUCATIONLEVEL--PRLM,dcid:country/NPL,2016,1.74341
dcs:who/overwgt5.EDUCATIONLEVEL--SHLM,dcid:country/NPL,2014,2.41016
dcs:who/overwgt5.EDUCATIONLEVEL--PRLM,dcid:country/NPL,2014,2.30766
dcs:who/overwgt5.EDUCATIONLEVEL--NHLM,dcid:country/NPL,2014,1.76832
dcs:who/overwgt5.EDUCATIONLEVEL--PRLM,dcid:country/NPL,2011,1.43103
dcs:who/overwgt5.EDUCATIONLEVEL--NHLM,dcid:country/NPL,2011,0.6052
dcs:who/overwgt5.EDUCATIONLEVEL--SHLM,dcid:country/NPL,2011,3.05728
dcs:who/overwgt5.EDUCATIONLEVEL--SHLM,dcid:country/NPL,2006,0.68706
dcs:who/overwgt5.EDUCATIONLEVEL--NHLM,dcid:country/NPL,2006,0.39012
dcs:who/overwgt5.EDUCATIONLEVEL--PRLM,dcid:country/NPL,2006,1.37429
dcs:who/overwgt5.EDUCATIONLEVEL--SHLM,dcid:country/NPL,2001,0.33843
dcs:who/overwgt5.EDUCATIONLEVEL--PRLM,dcid:country/NPL,2001,0.70278
dcs:who/overwgt5.EDUCATIONLEVEL--NHLM,dcid:country/NPL,2001,0.69375
dcs:who/overwgt5.AGE--Y0T01,dcid:country/NPL,2019,3.05999
dcs:who/overwgt5.AGE--Y2T05,dcid:country/NPL,2019,2.29309
dcs:who/overwgt5.AGE--Y2T05,dcid:country/NPL,2016,0.51656
dcs:who/overwgt5.AGE--Y0T01,dcid:country/NPL,2016,2.18857
dcs:who/overwgt5.AGE--Y2T05,dcid:country/NPL,2014,1.94566
dcs:who/overwgt5.AGE--Y0T01,dcid:country/NPL,2014,2.47016
dcs:who/overwgt5.AGE--Y2T05,dcid:country/NPL,2011,0.94372
dcs:who/overwgt5.AGE--Y0T01,dcid:country/NPL,2011,2.49592
dcs:who/overwgt5.AGE--Y0T01,dcid:country/NPL,2006,0.83102
dcs:who/overwgt5.AGE--Y2T05,dcid:country/NPL,2006,0.3972
dcs:who/overwgt5.AGE--Y2T05,dcid:country/NPL,2001,0.66883
dcs:who/overwgt5.AGE--Y0T01,dcid:country/NPL,2001,0.72487
dcs:who/overwgt5,dcid:country/PAK,2012,16.06161
dcs:who/overwgt5.WEALTHQUINTILE--WQ1,dcid:country/PAK,2017,1.77973
dcs:who/overwgt5.WEALTHQUINTILE--WQ5,dcid:country/PAK,2017,5.31395
dcs:who/overwgt5.WEALTHQUINTILE--WQ3,dcid:country/PAK,2017,1.1668
dcs:who/overwgt5.WEALTHQUINTILE--WQ2,dcid:country/PAK,2017,1.94226
dcs:who/overwgt5.WEALTHQUINTILE--WQ4,dcid:country/PAK,2017,2.44889
dcs:who/overwgt5.WEALTHQUINTILE--WQ1,dcid:country/PAK,2012,6.23885
dcs:who/overwgt5.WEALTHQUINTILE--WQ5,dcid:country/PAK,2012,5.53604
dcs:who/overwgt5.WEALTHQUINTILE--WQ3,dcid:country/PAK,2012,3.39137
dcs:who/overwgt5.WEALTHQUINTILE--WQ4,dcid:country/PAK,2012,3.25909
dcs:who/overwgt5.WEALTHQUINTILE--WQ2,dcid:country/PAK,2012,5.35048
dcs:who/overwgt5.SEX--F,dcid:country/PAK,2017,2.61548
dcs:who/overwgt5.SEX--M,dcid:country/PAK,2017,2.29246
dcs:who/overwgt5.SEX--M,dcid:country/PAK,2012,4.73475
dcs:who/overwgt5.SEX--F,dcid:country/PAK,2012,4.78118
dcs:who/overwgt5.RESIDENCEAREATYPE--URB,dcid:country/PAK,2017,2.96633
dcs:who/overwgt5.RESIDENCEAREATYPE--RUR,dcid:country/PAK,2017,2.20774
dcs:who/overwgt5.RESIDENCEAREATYPE--URB,dcid:country/PAK,2012,4.44677
dcs:who/overwgt5.RESIDENCEAREATYPE--RUR,dcid:country/PAK,2012,4.89064
dcs:who/overwgt5.EDUCATIONLEVEL--NHLM,dcid:country/PAK,2017,1.89224
dcs:who/overwgt5.EDUCATIONLEVEL--SHLM,dcid:country/PAK,2017,3.71457
dcs:who/overwgt5.EDUCATIONLEVEL--PRLM,dcid:country/PAK,2017,1.49728
dcs:who/overwgt5.EDUCATIONLEVEL--PRLM,dcid:country/PAK,2012,5.09544
dcs:who/overwgt5.EDUCATIONLEVEL--SHLM,dcid:country/PAK,2012,4.67198
dcs:who/overwgt5.EDUCATIONLEVEL--NHLM,dcid:country/PAK,2012,4.74503
dcs:who/overwgt5.AGE--Y2T05,dcid:country/PAK,2017,2.09183
dcs:who/overwgt5.AGE--Y0T01,dcid:country/PAK,2017,3.00966
dcs:who/overwgt5.AGE--Y0T01,dcid:country/PAK,2012,5.52595
dcs:who/overwgt5.AGE--Y2T05,dcid:country/PAK,2012,4.22952
dcs:who/overwgt5,dcid:country/PER,2019,4.49727
dcs:who/overwgt5,dcid:country/PER,2018,15.94366
dcs:who/overwgt5,dcid:country/PER,2017,13.23267
dcs:who/overwgt5,dcid:country/PER,2016,19.99548
dcs:who/overwgt5,dcid:country/PER,2015,17.09544
dcs:who/overwgt5,dcid:country/PER,2014,17.35088
dcs:who/overwgt5,dcid:country/PER,2013,3.54648
dcs:who/overwgt5,dcid:country/PER,2012,3.51751
dcs:who/overwgt5,dcid:country/PER,2011,29.82448
dcs:who/overwgt5,dcid:country/PER,2010,4.53358
dcs:who/overwgt5,dcid:country/PER,2009,7.50957
dcs:who/overwgt5,dcid:country/PER,2007,5.87151
dcs:who/overwgt5,dcid:country/PER,2005,20.30667
dcs:who/overwgt5,dcid:country/PER,2000,11.27049
dcs:who/overwgt5,dcid:country/PER,1996,2.44379
dcs:who/overwgt5.WEALTHQUINTILE--WQ5,dcid:country/PER,2019,13.79034
dcs:who/overwgt5.WEALTHQUINTILE--WQ1,dcid:country/PER,2019,4.08913
dcs:who/overwgt5.WEALTHQUINTILE--WQ2,dcid:country/PER,2019,7.06458
dcs:who/overwgt5.WEALTHQUINTILE--WQ3,dcid:country/PER,2019,8.68676
dcs:who/overwgt5.WEALTHQUINTILE--WQ4,dcid:country/PER,2019,10.34272
dcs:who/overwgt5.WEALTHQUINTILE--WQ5,dcid:country/PER,2018,14.66104
dcs:who/overwgt5.WEALTHQUINTILE--WQ2,dcid:country/PER,2018,6.93743
dcs:who/overwgt5.WEALTHQUINTILE--WQ3,dcid:country/PER,2018,9.73103
dcs:who/overwgt5.WEALTHQUINTILE--WQ1,dcid:country/PER,2018,3.46921
dcs:who/overwgt5.WEALTHQUINTILE--WQ4,dcid:country/PER,2018,11.93358
dcs:who/overwgt5.WEALTHQUINTILE--WQ5,dcid:country/PER,2017,14.78426
dcs:who/overwgt5.WEALTHQUINTILE--WQ2,dcid:country/PER,2017,6.27022
dcs:who/overwgt5.WEALTHQUINTILE--WQ4,dcid:country/PER,2017,10.28682
dcs:who/overwgt5.WEALTHQUINTILE--WQ1,dcid:country/PER,2017,2.81464
dcs:who/overwgt5.WEALTHQUINTILE--WQ3,dcid:country/PER,2017,9.96907
dcs:who/overwgt5.WEALTHQUINTILE--WQ1,dcid:country/PER,2016,2.70906
dcs:who/overwgt5.WEALTHQUINTILE--WQ2,dcid:country/PER,2016,5.46951
dcs:who/overwgt5.WEALTHQUINTILE--WQ4,dcid:country/PER,2016,11.50254
dcs:who/overwgt5.WEALTHQUINTILE--WQ5,dcid:country/PER,2016,13.97086
dcs:who/overwgt5.WEALTHQUINTILE--WQ3,dcid:country/PER,2016,7.95898
dcs:who/overwgt5.WEALTHQUINTILE--WQ5,dcid:country/PER,2015,15.18126
dcs:who/overwgt5.WEALTHQUINTILE--WQ1,dcid:country/PER,2015,2.67684
dcs:who/overwgt5.WEALTHQUINTILE--WQ4,dcid:country/PER,2015,11.39775
dcs:who/overwgt5.WEALTHQUINTILE--WQ2,dcid:country/PER,2015,6.2431
dcs:who/overwgt5.WEALTHQUINTILE--WQ3,dcid:country/PER,2015,8.4881
dcs:who/overwgt5.WEALTHQUINTILE--WQ2,dcid:country/PER,2014,6.62524
dcs:who/overwgt5.WEALTHQUINTILE--WQ1,dcid:country/PER,2014,3.12451
dcs:who/overwgt5.WEALTHQUINTILE--WQ3,dcid:country/PER,2014,8.48786
dcs:who/overwgt5.WEALTHQUINTILE--WQ5,dcid:country/PER,2014,17.4383
dcs:who/overwgt5.WEALTHQUINTILE--WQ4,dcid:country/PER,2014,13.85198
dcs:who/overwgt5.WEALTHQUINTILE--WQ5,dcid:country/PER,2013,13.64828
dcs:who/overwgt5.WEALTHQUINTILE--WQ1,dcid:country/PER,2013,2.78345
dcs:who/overwgt5.WEALTHQUINTILE--WQ4,dcid:country/PER,2013,14.87391
dcs:who/overwgt5.WEALTHQUINTILE--WQ3,dcid:country/PER,2013,9.86106
dcs:who/overwgt5.WEALTHQUINTILE--WQ2,dcid:country/PER,2013,5.88719
dcs:who/overwgt5.WEALTHQUINTILE--WQ2,dcid:country/PER,2012,3.48789
dcs:who/overwgt5.WEALTHQUINTILE--WQ3,dcid:country/PER,2012,6.21788
dcs:who/overwgt5.WEALTHQUINTILE--WQ1,dcid:country/PER,2012,4.23986
dcs:who/overwgt5.WEALTHQUINTILE--WQ4,dcid:country/PER,2012,11.09368
dcs:who/overwgt5.WEALTHQUINTILE--WQ5,dcid:country/PER,2012,16.18738
dcs:who/overwgt5.WEALTHQUINTILE--WQ5,dcid:country/PER,2011,17.96675
dcs:who/overwgt5.WEALTHQUINTILE--WQ3,dcid:country/PER,2011,8.6578
dcs:who/overwgt5.WEALTHQUINTILE--WQ4,dcid:country/PER,2011,13.33137
dcs:who/overwgt5.WEALTHQUINTILE--WQ2,dcid:country/PER,2011,5.41952
dcs:who/overwgt5.WEALTHQUINTILE--WQ1,dcid:country/PER,2011,4.31265
dcs:who/overwgt5.WEALTHQUINTILE--WQ4,dcid:country/PER,2010,12.30949
dcs:who/overwgt5.WEALTHQUINTILE--WQ2,dcid:country/PER,2010,4.81994
dcs:who/overwgt5.WEALTHQUINTILE--WQ3,dcid:country/PER,2010,8.66235
dcs:who/overwgt5.WEALTHQUINTILE--WQ5,dcid:country/PER,2010,13.98494
dcs:who/overwgt5.WEALTHQUINTILE--WQ1,dcid:country/PER,2010,4.78049
dcs:who/overwgt5.WEALTHQUINTILE--WQ2,dcid:country/PER,2009,5.70505
dcs:who/overwgt5.WEALTHQUINTILE--WQ5,dcid:country/PER,2009,17.74814
dcs:who/overwgt5.WEALTHQUINTILE--WQ4,dcid:country/PER,2009,16.85604
dcs:who/overwgt5.WEALTHQUINTILE--WQ1,dcid:country/PER,2009,5.78042
dcs:who/overwgt5.WEALTHQUINTILE--WQ3,dcid:country/PER,2009,11.11085
dcs:who/overwgt5.WEALTHQUINTILE--WQ1,dcid:country/PER,2007,8.16014
dcs:who/overwgt5.WEALTHQUINTILE--WQ3,dcid:country/PER,2007,7.94211
dcs:who/overwgt5.WEALTHQUINTILE--WQ2,dcid:country/PER,2007,6.74957
dcs:who/overwgt5.WEALTHQUINTILE--WQ4,dcid:country/PER,2007,11.96506
dcs:who/overwgt5.WEALTHQUINTILE--WQ5,dcid:country/PER,2007,16.47218
dcs:who/overwgt5.WEALTHQUINTILE--WQ5,dcid:country/PER,2005,18.53504
dcs:who/overwgt5.WEALTHQUINTILE--WQ1,dcid:country/PER,2005,5.89522
dcs:who/overwgt5.WEALTHQUINTILE--WQ2,dcid:country/PER,2005,5.5797
dcs:who/overwgt5.WEALTHQUINTILE--WQ3,dcid:country/PER,2005,9.60427
dcs:who/overwgt5.WEALTHQUINTILE--WQ4,dcid:country/PER,2005,9.56001
dcs:who/overwgt5.WEALTHQUINTILE--WQ3,dcid:country/PER,2000,13.09361
dcs:who/overwgt5.WEALTHQUINTILE--WQ4,dcid:country/PER,2000,14.64395
dcs:who/overwgt5.WEALTHQUINTILE--WQ2,dcid:country/PER,2000,9.9124
dcs:who/overwgt5.WEALTHQUINTILE--WQ1,dcid:country/PER,2000,9.46166
dcs:who/overwgt5.WEALTHQUINTILE--WQ5,dcid:country/PER,2000,15.20015
dcs:who/overwgt5.WEALTHQUINTILE--WQ1,dcid:country/PER,1996,6.98527
dcs:who/overwgt5.WEALTHQUINTILE--WQ5,dcid:country/PER,1996,13.62626
dcs:who/overwgt5.WEALTHQUINTILE--WQ3,dcid:country/PER,1996,10.35251
dcs:who/overwgt5.WEALTHQUINTILE--WQ2,dcid:country/PER,1996,9.27421
dcs:who/overwgt5.WEALTHQUINTILE--WQ4,dcid:country/PER,1996,12.51415
dcs:who/overwgt5.SEX--F,dcid:country/PER,2018,7.8023
dcs:who/overwgt5.SEX--M,dcid:country/PER,2018,9.26173
dcs:who/overwgt5.SEX--F,dcid:country/PER,2019,7.05684
dcs:who/overwgt5.SEX--M,dcid:country/PER,2019,9.05968
dcs:who/overwgt5.SEX--M,dcid:country/PER,2017,9.00012
dcs:who/overwgt5.SEX--F,dcid:country/PER,2017,7.0762
dcs:who/overwgt5.SEX--F,dcid:country/PER,2016,6.48485
dcs:who/overwgt5.SEX--M,dcid:country/PER,2016,8.77898
dcs:who/overwgt5.SEX--M,dcid:country/PER,2015,8.69218
dcs:who/overwgt5.SEX--F,dcid:country/PER,2015,7.71821
dcs:who/overwgt5.SEX--F,dcid:country/PER,2014,7.58108
dcs:who/overwgt5.SEX--M,dcid:country/PER,2014,10.00403
dcs:who/overwgt5.SEX--M,dcid:country/PER,2013,9.66291
dcs:who/overwgt5.SEX--F,dcid:country/PER,2013,7.19817
dcs:who/overwgt5.SEX--M,dcid:country/PER,2012,8.2199
dcs:who/overwgt5.SEX--F,dcid:country/PER,2012,6.12946
dcs:who/overwgt5.SEX--M,dcid:country/PER,2011,10.2625
dcs:who/overwgt5.SEX--F,dcid:country/PER,2011,7.3675
dcs:who/overwgt5.SEX--F,dcid:country/PER,2009,8.89442
dcs:who/overwgt5.SEX--M,dcid:country/PER,2010,9.15153
dcs:who/overwgt5.SEX--M,dcid:country/PER,2009,11.57113
dcs:who/overwgt5.SEX--F,dcid:country/PER,2010,6.87543
dcs:who/overwgt5.SEX--F,dcid:country/PER,2007,10.37876
dcs:who/overwgt5.SEX--M,dcid:country/PER,2007,9.54137
dcs:who/overwgt5.SEX--M,dcid:country/PER,2005,10.96563
dcs:who/overwgt5.SEX--F,dcid:country/PER,2005,7.1438
dcs:who/overwgt5.SEX--M,dcid:country/PER,2000,12.88131
dcs:who/overwgt5.SEX--F,dcid:country/PER,2000,10.74528
dcs:who/overwgt5.SEX--F,dcid:country/PER,1996,8.92526
dcs:who/overwgt5.SEX--M,dcid:country/PER,1996,10.93913
dcs:who/overwgt5.RESIDENCEAREATYPE--RUR,dcid:country/PER,2019,4.62001
dcs:who/overwgt5.RESIDENCEAREATYPE--URB,dcid:country/PER,2019,9.37125
dcs:who/overwgt5.RESIDENCEAREATYPE--RUR,dcid:country/PER,2018,4.35961
dcs:who/overwgt5.RESIDENCEAREATYPE--URB,dcid:country/PER,2018,10.07861
dcs:who/overwgt5.RESIDENCEAREATYPE--URB,dcid:country/PER,2017,9.59377
dcs:who/overwgt5.RESIDENCEAREATYPE--RUR,dcid:country/PER,2017,3.86681
dcs:who/overwgt5.RESIDENCEAREATYPE--RUR,dcid:country/PER,2016,3.22335
dcs:who/overwgt5.RESIDENCEAREATYPE--URB,dcid:country/PER,2016,9.39801
dcs:who/overwgt5.RESIDENCEAREATYPE--URB,dcid:country/PER,2015,10.00908
dcs:who/overwgt5.RESIDENCEAREATYPE--RUR,dcid:country/PER,2015,3.44016
dcs:who/overwgt5.RESIDENCEAREATYPE--URB,dcid:country/PER,2014,10.87853
dcs:who/overwgt5.RESIDENCEAREATYPE--RUR,dcid:country/PER,2014,4.14476
dcs:who/overwgt5.RESIDENCEAREATYPE--URB,dcid:country/PER,2013,10.86478
dcs:who/overwgt5.RESIDENCEAREATYPE--RUR,dcid:country/PER,2013,3.44593
dcs:who/overwgt5.RESIDENCEAREATYPE--RUR,dcid:country/PER,2012,4.1097
dcs:who/overwgt5.RESIDENCEAREATYPE--URB,dcid:country/PER,2012,8.88518
dcs:who/overwgt5.RESIDENCEAREATYPE--URB,dcid:country/PER,2011,11.21573
dcs:who/overwgt5.RESIDENCEAREATYPE--RUR,dcid:country/PER,2011,4.41345
dcs:who/overwgt5.RESIDENCEAREATYPE--RUR,dcid:country/PER,2010,4.95248
dcs:who/overwgt5.RESIDENCEAREATYPE--URB,dcid:country/PER,2010,9.82431
dcs:who/overwgt5.RESIDENCEAREATYPE--URB,dcid:country/PER,2009,12.76813
dcs:who/overwgt5.RESIDENCEAREATYPE--RUR,dcid:country/PER,2009,5.9735
dcs:who/overwgt5.RESIDENCEAREATYPE--URB,dcid:country/PER,2007,11.42816
dcs:who/overwgt5.RESIDENCEAREATYPE--RUR,dcid:country/PER,2007,7.85273
dcs:who/overwgt5.RESIDENCEAREATYPE--RUR,dcid:country/PER,2005,6.27497
dcs:who/overwgt5.RESIDENCEAREATYPE--URB,dcid:country/PER,2005,11.6836
dcs:who/overwgt5.RESIDENCEAREATYPE--RUR,dcid:country/PER,2000,9.72218
dcs:who/overwgt5.RESIDENCEAREATYPE--URB,dcid:country/PER,2000,13.55189
dcs:who/overwgt5.RESIDENCEAREATYPE--RUR,dcid:country/PER,1996,7.35609
dcs:who/overwgt5.RESIDENCEAREATYPE--URB,dcid:country/PER,1996,11.61886
dcs:who/overwgt5.EDUCATIONLEVEL--SHLM,dcid:country/PER,2019,8.80522
dcs:who/overwgt5.EDUCATIONLEVEL--PRLM,dcid:country/PER,2019,5.25062
dcs:who/overwgt5.EDUCATIONLEVEL--SHLM,dcid:country/PER,2018,9.49589
dcs:who/overwgt5.EDUCATIONLEVEL--NHLM,dcid:country/PER,2018,4.68362
dcs:who/overwgt5.EDUCATIONLEVEL--PRLM,dcid:country/PER,2018,5.12637
dcs:who/overwgt5.EDUCATIONLEVEL--PRLM,dcid:country/PER,2017,4.43583
dcs:who/overwgt5.EDUCATIONLEVEL--NHLM,dcid:country/PER,2017,7.74276
dcs:who/overwgt5.EDUCATIONLEVEL--SHLM,dcid:country/PER,2017,8.99867
dcs:who/overwgt5.EDUCATIONLEVEL--SHLM,dcid:country/PER,2016,8.92844
dcs:who/overwgt5.EDUCATIONLEVEL--PRLM,dcid:country/PER,2016,3.89049
dcs:who/overwgt5.EDUCATIONLEVEL--NHLM,dcid:country/PER,2016,11.88267
dcs:who/overwgt5.EDUCATIONLEVEL--SHLM,dcid:country/PER,2015,9.54458
dcs:who/overwgt5.EDUCATIONLEVEL--PRLM,dcid:country/PER,2015,4.27322
dcs:who/overwgt5.EDUCATIONLEVEL--NHLM,dcid:country/PER,2015,0.0
dcs:who/overwgt5.EDUCATIONLEVEL--SHLM,dcid:country/PER,2014,9.81969
dcs:who/overwgt5.EDUCATIONLEVEL--PRLM,dcid:country/PER,2014,6.12997
dcs:who/overwgt5.EDUCATIONLEVEL--PRLM,dcid:country/PER,2013,4.22463
dcs:who/overwgt5.EDUCATIONLEVEL--SHLM,dcid:country/PER,2013,10.20377
dcs:who/overwgt5.EDUCATIONLEVEL--SHLM,dcid:country/PER,2012,8.60748
dcs:who/overwgt5.EDUCATIONLEVEL--PRLM,dcid:country/PER,2012,4.22969
dcs:who/overwgt5.EDUCATIONLEVEL--NHLM,dcid:country/PER,2012,4.31113
dcs:who/overwgt5.EDUCATIONLEVEL--PRLM,dcid:country/PER,2011,4.79423
dcs:who/overwgt5.EDUCATIONLEVEL--SHLM,dcid:country/PER,2011,10.75421
dcs:who/overwgt5.EDUCATIONLEVEL--NHLM,dcid:country/PER,2011,4.73963
dcs:who/overwgt5.EDUCATIONLEVEL--PRLM,dcid:country/PER,2010,5.18381
dcs:who/overwgt5.EDUCATIONLEVEL--SHLM,dcid:country/PER,2010,9.74272
dcs:who/overwgt5.EDUCATIONLEVEL--NHLM,dcid:country/PER,2010,5.29835
dcs:who/overwgt5.EDUCATIONLEVEL--NHLM,dcid:country/PER,2009,3.41958
dcs:who/overwgt5.EDUCATIONLEVEL--SHLM,dcid:country/PER,2009,12.66201
dcs:who/overwgt5.EDUCATIONLEVEL--PRLM,dcid:country/PER,2009,6.48024
dcs:who/overwgt5.EDUCATIONLEVEL--PRLM,dcid:country/PER,2007,7.97862
dcs:who/overwgt5.EDUCATIONLEVEL--NHLM,dcid:country/PER,2007,7.66685
dcs:who/overwgt5.EDUCATIONLEVEL--SHLM,dcid:country/PER,2007,11.33651
dcs:who/overwgt5.EDUCATIONLEVEL--PRLM,dcid:country/PER,2005,6.81854
dcs:who/overwgt5.EDUCATIONLEVEL--SHLM,dcid:country/PER,2005,10.86912
dcs:who/overwgt5.EDUCATIONLEVEL--NHLM,dcid:country/PER,2005,3.48496
dcs:who/overwgt5.EDUCATIONLEVEL--PRLM,dcid:country/PER,2000,10.63246
dcs:who/overwgt5.EDUCATIONLEVEL--SHLM,dcid:country/PER,2000,13.05483
dcs:who/overwgt5.EDUCATIONLEVEL--NHLM,dcid:country/PER,2000,9.58815
dcs:who/overwgt5.EDUCATIONLEVEL--NHLM,dcid:country/PER,1996,8.39585
dcs:who/overwgt5.EDUCATIONLEVEL--SHLM,dcid:country/PER,1996,11.33739
dcs:who/overwgt5.EDUCATIONLEVEL--PRLM,dcid:country/PER,1996,8.52173
dcs:who/overwgt5.AGE--Y0T01,dcid:country/PER,2019,9.86311
dcs:who/overwgt5.AGE--Y2T05,dcid:country/PER,2019,6.97552
dcs:who/overwgt5.AGE--Y0T01,dcid:country/PER,2018,9.63529
dcs:who/overwgt5.AGE--Y2T05,dcid:country/PER,2018,7.8995
dcs:who/overwgt5.AGE--Y0T01,dcid:country/PER,2017,8.59099
dcs:who/overwgt5.AGE--Y2T05,dcid:country/PER,2017,7.6773
dcs:who/overwgt5.AGE--Y0T01,dcid:country/PER,2016,7.58745
dcs:who/overwgt5.AGE--Y2T05,dcid:country/PER,2016,7.73091
dcs:who/overwgt5.AGE--Y2T05,dcid:country/PER,2015,8.08403
dcs:who/overwgt5.AGE--Y0T01,dcid:country/PER,2015,8.4202
dcs:who/overwgt5.AGE--Y0T01,dcid:country/PER,2014,8.58279
dcs:who/overwgt5.AGE--Y2T05,dcid:country/PER,2014,8.97815
dcs:who/overwgt5.AGE--Y0T01,dcid:country/PER,2013,8.97262
dcs:who/overwgt5.AGE--Y2T05,dcid:country/PER,2013,8.10935
dcs:who/overwgt5.AGE--Y2T05,dcid:country/PER,2012,6.62266
dcs:who/overwgt5.AGE--Y0T01,dcid:country/PER,2012,8.08011
dcs:who/overwgt5.AGE--Y0T01,dcid:country/PER,2011,10.28658
dcs:who/overwgt5.AGE--Y2T05,dcid:country/PER,2011,7.93453
dcs:who/overwgt5.AGE--Y0T01,dcid:country/PER,2010,10.99426
dcs:who/overwgt5.AGE--Y2T05,dcid:country/PER,2010,6.096
dcs:who/overwgt5.AGE--Y2T05,dcid:country/PER,2009,8.06929
dcs:who/overwgt5.AGE--Y0T01,dcid:country/PER,2009,13.64015
dcs:who/overwgt5.AGE--Y0T01,dcid:country/PER,2007,13.57851
dcs:who/overwgt5.AGE--Y2T05,dcid:country/PER,2007,7.72758
dcs:who/overwgt5.AGE--Y0T01,dcid:country/PER,2005,11.53678
dcs:who/overwgt5.AGE--Y2T05,dcid:country/PER,2005,7.35078
dcs:who/overwgt5.AGE--Y2T05,dcid:country/PER,2000,10.80541
dcs:who/overwgt5.AGE--Y0T01,dcid:country/PER,2000,13.40731
dcs:who/overwgt5.AGE--Y2T05,dcid:country/PER,1996,8.9206
dcs:who/overwgt5.AGE--Y0T01,dcid:country/PER,1996,11.40423
dcs:who/overwgt5.WEALTHQUINTILE--WQ5,dcid:country/PRY,2016,16.79039
dcs:who/overwgt5.WEALTHQUINTILE--WQ4,dcid:country/PRY,2016,15.77751
dcs:who/overwgt5.WEALTHQUINTILE--WQ2,dcid:country/PRY,2016,12.37308
dcs:who/overwgt5.WEALTHQUINTILE--WQ3,dcid:country/PRY,2016,11.07266
dcs:who/overwgt5.WEALTHQUINTILE--WQ1,dcid:country/PRY,2016,8.75928
dcs:who/overwgt5.SEX--F,dcid:country/PRY,2016,11.88847
dcs:who/overwgt5.SEX--M,dcid:country/PRY,2016,12.96153
dcs:who/overwgt5.RESIDENCEAREATYPE--URB,dcid:country/PRY,2016,13.53078
dcs:who/overwgt5.RESIDENCEAREATYPE--RUR,dcid:country/PRY,2016,10.81629
dcs:who/overwgt5.EDUCATIONLEVEL--PRLM,dcid:country/PRY,2016,9.08113
dcs:who/overwgt5.EDUCATIONLEVEL--SHLM,dcid:country/PRY,2016,13.76845
dcs:who/overwgt5.EDUCATIONLEVEL--NHLM,dcid:country/PRY,2016,12.0991
dcs:who/overwgt5.AGE--Y2T05,dcid:country/PRY,2016,11.85177
dcs:who/overwgt5.AGE--Y0T01,dcid:country/PRY,2016,13.27675
dcs:who/overwgt5,dcid:country/RWA,2000,5.99647
dcs:who/overwgt5.WEALTHQUINTILE--WQ5,dcid:country/RWA,2014,10.38066
dcs:who/overwgt5.WEALTHQUINTILE--WQ1,dcid:country/RWA,2014,7.27291
dcs:who/overwgt5.WEALTHQUINTILE--WQ3,dcid:country/RWA,2014,6.35562
dcs:who/overwgt5.WEALTHQUINTILE--WQ4,dcid:country/RWA,2014,8.80454
dcs:who/overwgt5.WEALTHQUINTILE--WQ2,dcid:country/RWA,2014,7.6399
dcs:who/overwgt5.WEALTHQUINTILE--WQ3,dcid:country/RWA,2010,7.24722
dcs:who/overwgt5.WEALTHQUINTILE--WQ2,dcid:country/RWA,2010,6.15585
dcs:who/overwgt5.WEALTHQUINTILE--WQ5,dcid:country/RWA,2010,7.4467
dcs:who/overwgt5.WEALTHQUINTILE--WQ4,dcid:country/RWA,2010,6.25696
dcs:who/overwgt5.WEALTHQUINTILE--WQ1,dcid:country/RWA,2010,7.65964
dcs:who/overwgt5.WEALTHQUINTILE--WQ4,dcid:country/RWA,2005,5.7643
dcs:who/overwgt5.WEALTHQUINTILE--WQ2,dcid:country/RWA,2005,6.09439
dcs:who/overwgt5.WEALTHQUINTILE--WQ1,dcid:country/RWA,2005,6.60041
dcs:who/overwgt5.WEALTHQUINTILE--WQ5,dcid:country/RWA,2005,7.43421
dcs:who/overwgt5.WEALTHQUINTILE--WQ3,dcid:country/RWA,2005,7.70756
dcs:who/overwgt5.SEX--F,dcid:country/RWA,2014,7.40304
dcs:who/overwgt5.SEX--M,dcid:country/RWA,2014,8.48416
dcs:who/overwgt5.SEX--M,dcid:country/RWA,2005,7.18773
dcs:who/overwgt5.SEX--M,dcid:country/RWA,2010,6.88888
dcs:who/overwgt5.SEX--F,dcid:country/RWA,2010,6.98463
dcs:who/overwgt5.SEX--F,dcid:country/RWA,2005,6.21012
dcs:who/overwgt5.SEX--F,dcid:country/RWA,2000,6.88532
dcs:who/overwgt5.SEX--M,dcid:country/RWA,2000,7.3773
dcs:who/overwgt5.RESIDENCEAREATYPE--URB,dcid:country/RWA,2014,10.98402
dcs:who/overwgt5.RESIDENCEAREATYPE--RUR,dcid:country/RWA,2014,7.3716
dcs:who/overwgt5.RESIDENCEAREATYPE--RUR,dcid:country/RWA,2010,6.89939
dcs:who/overwgt5.RESIDENCEAREATYPE--URB,dcid:country/RWA,2010,7.21368
dcs:who/overwgt5.RESIDENCEAREATYPE--RUR,dcid:country/RWA,2005,6.69733
dcs:who/overwgt5.RESIDENCEAREATYPE--URB,dcid:country/RWA,2005,6.63702
dcs:who/overwgt5.RESIDENCEAREATYPE--URB,dcid:country/RWA,2000,10.59178
dcs:who/overwgt5.RESIDENCEAREATYPE--RUR,dcid:country/RWA,2000,6.50026
dcs:who/overwgt5.EDUCATIONLEVEL--SHLM,dcid:country/RWA,2014,10.2201
dcs:who/overwgt5.EDUCATIONLEVEL--NHLM,dcid:country/RWA,2014,7.67863
dcs:who/overwgt5.EDUCATIONLEVEL--PRLM,dcid:country/RWA,2014,7.92691
dcs:who/overwgt5.EDUCATIONLEVEL--NHLM,dcid:country/RWA,2010,6.32536
dcs:who/overwgt5.EDUCATIONLEVEL--PRLM,dcid:country/RWA,2010,7.28294
dcs:who/overwgt5.EDUCATIONLEVEL--SHLM,dcid:country/RWA,2010,7.48331
dcs:who/overwgt5.EDUCATIONLEVEL--NHLM,dcid:country/RWA,2005,7.31849
dcs:who/overwgt5.EDUCATIONLEVEL--PRLM,dcid:country/RWA,2005,6.11456
dcs:who/overwgt5.EDUCATIONLEVEL--SHLM,dcid:country/RWA,2005,8.93145
dcs:who/overwgt5.EDUCATIONLEVEL--NHLM,dcid:country/RWA,2000,6.32772
dcs:who/overwgt5.EDUCATIONLEVEL--PRLM,dcid:country/RWA,2000,7.1468
dcs:who/overwgt5.EDUCATIONLEVEL--SHLM,dcid:country/RWA,2000,8.58761
dcs:who/overwgt5.AGE--Y0T01,dcid:country/RWA,2014,11.09329
dcs:who/overwgt5.AGE--Y2T05,dcid:country/RWA,2014,5.76279
dcs:who/overwgt5.AGE--Y0T01,dcid:country/RWA,2010,8.67774
dcs:who/overwgt5.AGE--Y2T05,dcid:country/RWA,2010,5.91834
dcs:who/overwgt5.AGE--Y2T05,dcid:country/RWA,2005,6.3854
dcs:who/overwgt5.AGE--Y0T01,dcid:country/RWA,2005,7.10559
dcs:who/overwgt5.AGE--Y2T05,dcid:country/RWA,2000,6.71788
dcs:who/overwgt5.AGE--Y0T01,dcid:country/RWA,2000,7.86694
dcs:who/overwgt5.WEALTHQUINTILE--WQ4,dcid:country/SDN,2014,3.84753
dcs:who/overwgt5.WEALTHQUINTILE--WQ5,dcid:country/SDN,2014,4.78041
dcs:who/overwgt5.WEALTHQUINTILE--WQ2,dcid:country/SDN,2014,1.95486
dcs:who/overwgt5.WEALTHQUINTILE--WQ3,dcid:country/SDN,2014,3.39985
dcs:who/overwgt5.WEALTHQUINTILE--WQ1,dcid:country/SDN,2014,1.429
dcs:who/overwgt5.SEX--M,dcid:country/SDN,2014,3.18543
dcs:who/overwgt5.SEX--F,dcid:country/SDN,2014,2.76957
dcs:who/overwgt5.RESIDENCEAREATYPE--URB,dcid:country/SDN,2014,2.47511
dcs:who/overwgt5.RESIDENCEAREATYPE--RUR,dcid:country/SDN,2014,3.17589
dcs:who/overwgt5.EDUCATIONLEVEL--PRLM,dcid:country/SDN,2014,3.40025
dcs:who/overwgt5.EDUCATIONLEVEL--SHLM,dcid:country/SDN,2014,4.19863
dcs:who/overwgt5.EDUCATIONLEVEL--NHLM,dcid:country/SDN,2014,1.98584
dcs:who/overwgt5.AGE--Y2T05,dcid:country/SDN,2014,2.8653
dcs:who/overwgt5.AGE--Y0T01,dcid:country/SDN,2014,3.48711
dcs:who/overwgt5,dcid:country/SEN,2019,4.85667
dcs:who/overwgt5,dcid:country/SEN,2018,1.27467
dcs:who/overwgt5,dcid:country/SEN,2017,0.57511
dcs:who/overwgt5,dcid:country/SEN,2016,0.69477
dcs:who/overwgt5,dcid:country/SEN,2015,1.5748
dcs:who/overwgt5,dcid:country/SEN,2014,2.92741
dcs:who/overwgt5,dcid:country/SEN,2012,2.01084
dcs:who/overwgt5,dcid:country/SEN,2010,1.93354
dcs:who/overwgt5,dcid:country/SEN,2005,2.02109
dcs:who/overwgt5.WEALTHQUINTILE--WQ3,dcid:country/SEN,2019,1.68296
dcs:who/overwgt5.WEALTHQUINTILE--WQ2,dcid:country/SEN,2019,1.13522
dcs:who/overwgt5.WEALTHQUINTILE--WQ5,dcid:country/SEN,2019,4.93794
dcs:who/overwgt5.WEALTHQUINTILE--WQ4,dcid:country/SEN,2019,3.16721
dcs:who/overwgt5.WEALTHQUINTILE--WQ1,dcid:country/SEN,2019,1.43396
dcs:who/overwgt5.WEALTHQUINTILE--WQ5,dcid:country/SEN,2018,2.1087
dcs:who/overwgt5.WEALTHQUINTILE--WQ2,dcid:country/SEN,2018,1.06642
dcs:who/overwgt5.WEALTHQUINTILE--WQ4,dcid:country/SEN,2018,2.27845
dcs:who/overwgt5.WEALTHQUINTILE--WQ1,dcid:country/SEN,2018,0.82563
dcs:who/overwgt5.WEALTHQUINTILE--WQ3,dcid:country/SEN,2018,1.51193
dcs:who/overwgt5.WEALTHQUINTILE--WQ4,dcid:country/SEN,2017,0.99361
dcs:who/overwgt5.WEALTHQUINTILE--WQ1,dcid:country/SEN,2017,1.22174
dcs:who/overwgt5.WEALTHQUINTILE--WQ5,dcid:country/SEN,2017,1.46324
dcs:who/overwgt5.WEALTHQUINTILE--WQ2,dcid:country/SEN,2017,0.58709
dcs:who/overwgt5.WEALTHQUINTILE--WQ3,dcid:country/SEN,2017,0.52243
dcs:who/overwgt5.WEALTHQUINTILE--WQ5,dcid:country/SEN,2016,1.98009
dcs:who/overwgt5.WEALTHQUINTILE--WQ4,dcid:country/SEN,2016,0.57534
dcs:who/overwgt5.WEALTHQUINTILE--WQ1,dcid:country/SEN,2016,0.4055
dcs:who/overwgt5.WEALTHQUINTILE--WQ2,dcid:country/SEN,2016,1.02349
dcs:who/overwgt5.WEALTHQUINTILE--WQ3,dcid:country/SEN,2016,1.03681
dcs:who/overwgt5.WEALTHQUINTILE--WQ2,dcid:country/SEN,2015,0.71378
dcs:who/overwgt5.WEALTHQUINTILE--WQ3,dcid:country/SEN,2015,0.8818
dcs:who/overwgt5.WEALTHQUINTILE--WQ1,dcid:country/SEN,2015,0.95693
dcs:who/overwgt5.WEALTHQUINTILE--WQ4,dcid:country/SEN,2015,1.65878
dcs:who/overwgt5.WEALTHQUINTILE--WQ5,dcid:country/SEN,2015,0.96982
dcs:who/overwgt5.WEALTHQUINTILE--WQ2,dcid:country/SEN,2014,0.92001
dcs:who/overwgt5.WEALTHQUINTILE--WQ1,dcid:country/SEN,2014,0.98394
dcs:who/overwgt5.WEALTHQUINTILE--WQ4,dcid:country/SEN,2014,1.47489
dcs:who/overwgt5.WEALTHQUINTILE--WQ3,dcid:country/SEN,2014,2.22244
dcs:who/overwgt5.WEALTHQUINTILE--WQ5,dcid:country/SEN,2014,1.0757
dcs:who/overwgt5.WEALTHQUINTILE--WQ3,dcid:country/SEN,2012,1.23386
dcs:who/overwgt5.WEALTHQUINTILE--WQ2,dcid:country/SEN,2012,1.14013
dcs:who/overwgt5.WEALTHQUINTILE--WQ5,dcid:country/SEN,2012,1.27271
dcs:who/overwgt5.WEALTHQUINTILE--WQ4,dcid:country/SEN,2012,2.55383
dcs:who/overwgt5.WEALTHQUINTILE--WQ1,dcid:country/SEN,2012,1.195
dcs:who/overwgt5.WEALTHQUINTILE--WQ2,dcid:country/SEN,2010,2.71247
dcs:who/overwgt5.WEALTHQUINTILE--WQ4,dcid:country/SEN,2010,2.99021
dcs:who/overwgt5.WEALTHQUINTILE--WQ5,dcid:country/SEN,2010,2.38115
dcs:who/overwgt5.WEALTHQUINTILE--WQ3,dcid:country/SEN,2010,2.70595
dcs:who/overwgt5.WEALTHQUINTILE--WQ1,dcid:country/SEN,2010,2.79667
dcs:who/overwgt5.WEALTHQUINTILE--WQ2,dcid:country/SEN,2005,1.6218
dcs:who/overwgt5.WEALTHQUINTILE--WQ1,dcid:country/SEN,2005,1.48758
dcs:who/overwgt5.WEALTHQUINTILE--WQ5,dcid:country/SEN,2005,6.00061
dcs:who/overwgt5.WEALTHQUINTILE--WQ4,dcid:country/SEN,2005,1.80214
dcs:who/overwgt5.WEALTHQUINTILE--WQ3,dcid:country/SEN,2005,2.16193
dcs:who/overwgt5.SEX--F,dcid:country/SEN,2019,2.47797
dcs:who/overwgt5.SEX--M,dcid:country/SEN,2019,2.07678
dcs:who/overwgt5.SEX--M,dcid:country/SEN,2018,1.60607
dcs:who/overwgt5.SEX--F,dcid:country/SEN,2018,1.34869
dcs:who/overwgt5.SEX--F,dcid:country/SEN,2017,1.13431
dcs:who/overwgt5.SEX--M,dcid:country/SEN,2017,0.73804
dcs:who/overwgt5.SEX--F,dcid:country/SEN,2016,1.14843
dcs:who/overwgt5.SEX--F,dcid:country/SEN,2015,0.86962
dcs:who/overwgt5.SEX--M,dcid:country/SEN,2015,1.16047
dcs:who/overwgt5.SEX--M,dcid:country/SEN,2016,0.7489
dcs:who/overwgt5.SEX--F,dcid:country/SEN,2014,0.91651
dcs:who/overwgt5.SEX--M,dcid:country/SEN,2014,1.69521
dcs:who/overwgt5.SEX--F,dcid:country/SEN,2012,1.20266
dcs:who/overwgt5.SEX--M,dcid:country/SEN,2012,1.66869
dcs:who/overwgt5.SEX--F,dcid:country/SEN,2010,2.68757
dcs:who/overwgt5.SEX--M,dcid:country/SEN,2010,2.77498
dcs:who/overwgt5.SEX--F,dcid:country/SEN,2005,1.79931
dcs:who/overwgt5.SEX--M,dcid:country/SEN,2005,3.17143
dcs:who/overwgt5.RESIDENCEAREATYPE--RUR,dcid:country/SEN,2019,1.42531
dcs:who/overwgt5.RESIDENCEAREATYPE--URB,dcid:country/SEN,2019,3.81275
dcs:who/overwgt5.RESIDENCEAREATYPE--RUR,dcid:country/SEN,2018,1.19637
dcs:who/overwgt5.RESIDENCEAREATYPE--URB,dcid:country/SEN,2018,1.95427
dcs:who/overwgt5.RESIDENCEAREATYPE--URB,dcid:country/SEN,2017,1.11717
dcs:who/overwgt5.RESIDENCEAREATYPE--RUR,dcid:country/SEN,2017,0.82692
dcs:who/overwgt5.RESIDENCEAREATYPE--URB,dcid:country/SEN,2016,1.37982
dcs:who/overwgt5.RESIDENCEAREATYPE--RUR,dcid:country/SEN,2016,0.68954
dcs:who/overwgt5.RESIDENCEAREATYPE--RUR,dcid:country/SEN,2015,0.96168
dcs:who/overwgt5.RESIDENCEAREATYPE--URB,dcid:country/SEN,2015,1.11313
dcs:who/overwgt5.RESIDENCEAREATYPE--RUR,dcid:country/SEN,2014,1.32087
dcs:who/overwgt5.RESIDENCEAREATYPE--URB,dcid:country/SEN,2014,1.30422
dcs:who/overwgt5.RESIDENCEAREATYPE--RUR,dcid:country/SEN,2012,1.19152
dcs:who/overwgt5.RESIDENCEAREATYPE--URB,dcid:country/SEN,2012,1.90057
dcs:who/overwgt5.RESIDENCEAREATYPE--RUR,dcid:country/SEN,2010,2.65835
dcs:who/overwgt5.RESIDENCEAREATYPE--URB,dcid:country/SEN,2010,2.85457
dcs:who/overwgt5.RESIDENCEAREATYPE--URB,dcid:country/SEN,2005,3.77767
dcs:who/overwgt5.RESIDENCEAREATYPE--RUR,dcid:country/SEN,2005,1.80858
dcs:who/overwgt5.EDUCATIONLEVEL--NHLM,dcid:country/SEN,2019,1.80661
dcs:who/overwgt5.EDUCATIONLEVEL--SHLM,dcid:country/SEN,2019,3.92184
dcs:who/overwgt5.EDUCATIONLEVEL--PRLM,dcid:country/SEN,2019,2.81805
dcs:who/overwgt5.EDUCATIONLEVEL--NHLM,dcid:country/SEN,2018,1.23619
dcs:who/overwgt5.EDUCATIONLEVEL--SHLM,dcid:country/SEN,2018,2.88133
dcs:who/overwgt5.EDUCATIONLEVEL--PRLM,dcid:country/SEN,2018,1.44573
dcs:who/overwgt5.EDUCATIONLEVEL--PRLM,dcid:country/SEN,2017,1.02677
dcs:who/overwgt5.EDUCATIONLEVEL--NHLM,dcid:country/SEN,2017,0.73081
dcs:who/overwgt5.EDUCATIONLEVEL--SHLM,dcid:country/SEN,2017,1.8356
dcs:who/overwgt5.EDUCATIONLEVEL--SHLM,dcid:country/SEN,2016,1.76263
dcs:who/overwgt5.EDUCATIONLEVEL--NHLM,dcid:country/SEN,2016,0.61833
dcs:who/overwgt5.EDUCATIONLEVEL--PRLM,dcid:country/SEN,2016,1.40605
dcs:who/overwgt5.EDUCATIONLEVEL--SHLM,dcid:country/SEN,2015,1.06016
dcs:who/overwgt5.EDUCATIONLEVEL--PRLM,dcid:country/SEN,2015,0.46292
dcs:who/overwgt5.EDUCATIONLEVEL--NHLM,dcid:country/SEN,2015,1.21756
dcs:who/overwgt5.EDUCATIONLEVEL--SHLM,dcid:country/SEN,2014,1.76139
dcs:who/overwgt5.EDUCATIONLEVEL--PRLM,dcid:country/SEN,2014,1.0254
dcs:who/overwgt5.EDUCATIONLEVEL--NHLM,dcid:country/SEN,2014,1.35976
dcs:who/overwgt5.EDUCATIONLEVEL--SHLM,dcid:country/SEN,2012,4.00756
dcs:who/overwgt5.EDUCATIONLEVEL--PRLM,dcid:country/SEN,2012,1.42027
dcs:who/overwgt5.EDUCATIONLEVEL--NHLM,dcid:country/SEN,2012,1.13673
dcs:who/overwgt5.EDUCATIONLEVEL--NHLM,dcid:country/SEN,2010,3.10557
dcs:who/overwgt5.EDUCATIONLEVEL--SHLM,dcid:country/SEN,2010,2.60572
dcs:who/overwgt5.EDUCATIONLEVEL--PRLM,dcid:country/SEN,2010,1.92611
dcs:who/overwgt5.EDUCATIONLEVEL--NHLM,dcid:country/SEN,2005,1.85793
dcs:who/overwgt5.EDUCATIONLEVEL--PRLM,dcid:country/SEN,2005,3.89106
dcs:who/overwgt5.EDUCATIONLEVEL--SHLM,dcid:country/SEN,2005,5.19822
dcs:who/overwgt5.AGE--Y0T01,dcid:country/SEN,2019,5.01787
dcs:who/overwgt5.AGE--Y2T05,dcid:country/SEN,2019,0.38655
dcs:who/overwgt5.AGE--Y0T01,dcid:country/SEN,2018,2.91735
dcs:who/overwgt5.AGE--Y2T05,dcid:country/SEN,2018,0.50305
dcs:who/overwgt5.AGE--Y0T01,dcid:country/SEN,2017,1.88497
dcs:who/overwgt5.AGE--Y2T05,dcid:country/SEN,2017,0.28311
dcs:who/overwgt5.AGE--Y2T05,dcid:country/SEN,2016,0.57303
dcs:who/overwgt5.AGE--Y0T01,dcid:country/SEN,2016,1.53319
dcs:who/overwgt5.AGE--Y0T01,dcid:country/SEN,2015,1.82642
dcs:who/overwgt5.AGE--Y2T05,dcid:country/SEN,2015,0.49948
dcs:who/overwgt5.AGE--Y0T01,dcid:country/SEN,2014,2.33527
dcs:who/overwgt5.AGE--Y2T05,dcid:country/SEN,2014,0.57382
dcs:who/overwgt5.AGE--Y2T05,dcid:country/SEN,2012,0.57955
dcs:who/overwgt5.AGE--Y0T01,dcid:country/SEN,2012,2.69908
dcs:who/overwgt5.AGE--Y2T05,dcid:country/SEN,2010,1.43327
dcs:who/overwgt5.AGE--Y0T01,dcid:country/SEN,2010,4.50834
dcs:who/overwgt5.AGE--Y2T05,dcid:country/SEN,2005,1.69489
dcs:who/overwgt5.AGE--Y0T01,dcid:country/SEN,2005,3.61312
dcs:who/overwgt5.WEALTHQUINTILE--WQ4,dcid:country/SLE,2019,4.7192
dcs:who/overwgt5.WEALTHQUINTILE--WQ5,dcid:country/SLE,2019,7.55476
dcs:who/overwgt5.WEALTHQUINTILE--WQ2,dcid:country/SLE,2019,2.71822
dcs:who/overwgt5.WEALTHQUINTILE--WQ1,dcid:country/SLE,2019,4.65449
dcs:who/overwgt5.WEALTHQUINTILE--WQ3,dcid:country/SLE,2019,4.22071
dcs:who/overwgt5.WEALTHQUINTILE--WQ2,dcid:country/SLE,2017,3.79502
dcs:who/overwgt5.WEALTHQUINTILE--WQ5,dcid:country/SLE,2017,3.88106
dcs:who/overwgt5.WEALTHQUINTILE--WQ1,dcid:country/SLE,2017,4.58312
dcs:who/overwgt5.WEALTHQUINTILE--WQ4,dcid:country/SLE,2017,3.32256
dcs:who/overwgt5.WEALTHQUINTILE--WQ3,dcid:country/SLE,2017,5.32939
dcs:who/overwgt5.WEALTHQUINTILE--WQ2,dcid:country/SLE,2005,6.40826
dcs:who/overwgt5.WEALTHQUINTILE--WQ3,dcid:country/SLE,2005,7.04293
dcs:who/overwgt5.WEALTHQUINTILE--WQ4,dcid:country/SLE,2005,3.76014
dcs:who/overwgt5.WEALTHQUINTILE--WQ5,dcid:country/SLE,2005,6.80516
dcs:who/overwgt5.WEALTHQUINTILE--WQ1,dcid:country/SLE,2005,5.56292
dcs:who/overwgt5.SEX--M,dcid:country/SLE,2019,4.96537
dcs:who/overwgt5.SEX--M,dcid:country/SLE,2017,5.36124
dcs:who/overwgt5.SEX--F,dcid:country/SLE,2019,4.1055
dcs:who/overwgt5.SEX--F,dcid:country/SLE,2017,3.12081
dcs:who/overwgt5.SEX--M,dcid:country/SLE,2005,6.34227
dcs:who/overwgt5.SEX--F,dcid:country/SLE,2005,5.49972
dcs:who/overwgt5.RESIDENCEAREATYPE--URB,dcid:country/SLE,2019,5.52499
dcs:who/overwgt5.RESIDENCEAREATYPE--RUR,dcid:country/SLE,2019,4.05186
dcs:who/overwgt5.RESIDENCEAREATYPE--RUR,dcid:country/SLE,2017,4.32777
dcs:who/overwgt5.RESIDENCEAREATYPE--URB,dcid:country/SLE,2017,4.09013
dcs:who/overwgt5.RESIDENCEAREATYPE--RUR,dcid:country/SLE,2005,5.86074
dcs:who/overwgt5.RESIDENCEAREATYPE--URB,dcid:country/SLE,2005,6.12996
dcs:who/overwgt5.EDUCATIONLEVEL--PRLM,dcid:country/SLE,2019,4.18712
dcs:who/overwgt5.EDUCATIONLEVEL--NHLM,dcid:country/SLE,2019,4.81454
dcs:who/overwgt5.EDUCATIONLEVEL--SHLM,dcid:country/SLE,2019,5.20418
dcs:who/overwgt5.EDUCATIONLEVEL--SHLM,dcid:country/SLE,2017,4.1184
dcs:who/overwgt5.EDUCATIONLEVEL--NHLM,dcid:country/SLE,2017,4.21808
dcs:who/overwgt5.EDUCATIONLEVEL--PRLM,dcid:country/SLE,2017,3.8766
dcs:who/overwgt5.EDUCATIONLEVEL--PRLM,dcid:country/SLE,2005,5.6241
dcs:who/overwgt5.EDUCATIONLEVEL--NHLM,dcid:country/SLE,2005,5.9518
dcs:who/overwgt5.EDUCATIONLEVEL--SHLM,dcid:country/SLE,2005,6.00468
dcs:who/overwgt5.AGE--Y2T05,dcid:country/SLE,2019,2.92364
dcs:who/overwgt5.AGE--Y0T01,dcid:country/SLE,2019,7.04401
dcs:who/overwgt5.AGE--Y0T01,dcid:country/SLE,2017,5.46245
dcs:who/overwgt5.AGE--Y2T05,dcid:country/SLE,2017,3.43276
dcs:who/overwgt5.AGE--Y2T05,dcid:country/SLE,2005,5.48531
dcs:who/overwgt5.AGE--Y0T01,dcid:country/SLE,2005,6.5573
dcs:who/overwgt5.WEALTHQUINTILE--WQ5,dcid:country/SLV,2014,6.59922
dcs:who/overwgt5.WEALTHQUINTILE--WQ3,dcid:country/SLV,2014,8.408
dcs:who/overwgt5.WEALTHQUINTILE--WQ4,dcid:country/SLV,2014,9.44304
dcs:who/overwgt5.WEALTHQUINTILE--WQ1,dcid:country/SLV,2014,3.85732
dcs:who/overwgt5.WEALTHQUINTILE--WQ2,dcid:country/SLV,2014,4.63669
dcs:who/overwgt5.SEX--M,dcid:country/SLV,2014,6.18856
dcs:who/overwgt5.SEX--F,dcid:country/SLV,2008,4.95414
dcs:who/overwgt5.SEX--F,dcid:country/SLV,2014,6.58222
dcs:who/overwgt5.SEX--M,dcid:country/SLV,2008,6.34206
dcs:who/overwgt5.SEX--F,dcid:country/SLV,2002,4.81653
dcs:who/overwgt5.SEX--M,dcid:country/SLV,1998,4.56412
dcs:who/overwgt5.SEX--M,dcid:country/SLV,2002,6.61621
dcs:who/overwgt5.SEX--F,dcid:country/SLV,1998,3.18567
dcs:who/overwgt5.SEX--F,dcid:country/SLV,1993,3.83395
dcs:who/overwgt5.SEX--M,dcid:country/SLV,1993,3.49825
dcs:who/overwgt5.RESIDENCEAREATYPE--RUR,dcid:country/SLV,2014,5.57334
dcs:who/overwgt5.RESIDENCEAREATYPE--URB,dcid:country/SLV,2014,6.99426
dcs:who/overwgt5.RESIDENCEAREATYPE--URB,dcid:country/SLV,2008,7.30147
dcs:who/overwgt5.RESIDENCEAREATYPE--RUR,dcid:country/SLV,2008,4.30292
dcs:who/overwgt5.RESIDENCEAREATYPE--RUR,dcid:country/SLV,2002,4.33312
dcs:who/overwgt5.RESIDENCEAREATYPE--URB,dcid:country/SLV,2002,7.42864
dcs:who/overwgt5.RESIDENCEAREATYPE--RUR,dcid:country/SLV,1998,2.88599
dcs:who/overwgt5.RESIDENCEAREATYPE--URB,dcid:country/SLV,1998,5.43811
dcs:who/overwgt5.RESIDENCEAREATYPE--URB,dcid:country/SLV,1993,3.81141
dcs:who/overwgt5.RESIDENCEAREATYPE--RUR,dcid:country/SLV,1993,3.53607
dcs:who/overwgt5.EDUCATIONLEVEL--SHLM,dcid:country/SLV,2014,6.93011
dcs:who/overwgt5.EDUCATIONLEVEL--NHLM,dcid:country/SLV,2014,4.58486
dcs:who/overwgt5.EDUCATIONLEVEL--PRLM,dcid:country/SLV,2014,5.79523
dcs:who/overwgt5.AGE--Y2T05,dcid:country/SLV,2014,6.68475
dcs:who/overwgt5.AGE--Y0T01,dcid:country/SLV,2014,5.9402
dcs:who/overwgt5.AGE--Y0T01,dcid:country/SLV,2008,6.00078
dcs:who/overwgt5.AGE--Y2T05,dcid:country/SLV,2008,5.44812
dcs:who/overwgt5.AGE--Y2T05,dcid:country/SLV,2002,5.1682
dcs:who/overwgt5.AGE--Y0T01,dcid:country/SLV,2002,6.77112
dcs:who/overwgt5.AGE--Y0T01,dcid:country/SLV,1998,4.60739
dcs:who/overwgt5.AGE--Y2T05,dcid:country/SLV,1998,3.41441
dcs:who/overwgt5.AGE--Y2T05,dcid:country/SLV,1993,3.47565
dcs:who/overwgt5.AGE--Y0T01,dcid:country/SLV,1993,3.94737
dcs:who/overwgt5.WEALTHQUINTILE--WQ5,dcid:country/SOM,2006,3.16345
dcs:who/overwgt5.WEALTHQUINTILE--WQ4,dcid:country/SOM,2006,5.24431
dcs:who/overwgt5.WEALTHQUINTILE--WQ3,dcid:country/SOM,2006,4.56798
dcs:who/overwgt5.WEALTHQUINTILE--WQ2,dcid:country/SOM,2006,4.71766
dcs:who/overwgt5.WEALTHQUINTILE--WQ1,dcid:country/SOM,2006,5.81899
dcs:who/overwgt5.SEX--F,dcid:country/SOM,2006,4.56689
dcs:who/overwgt5.SEX--M,dcid:country/SOM,2006,4.86588
dcs:who/overwgt5.RESIDENCEAREATYPE--RUR,dcid:country/SOM,2006,5.16264
dcs:who/overwgt5.RESIDENCEAREATYPE--URB,dcid:country/SOM,2006,3.95448
dcs:who/overwgt5.EDUCATIONLEVEL--PRLM,dcid:country/SOM,2006,3.37004
dcs:who/overwgt5.EDUCATIONLEVEL--NHLM,dcid:country/SOM,2006,5.04711
dcs:who/overwgt5.EDUCATIONLEVEL--SHLM,dcid:country/SOM,2006,7.69361
dcs:who/overwgt5.AGE--Y0T01,dcid:country/SOM,2006,6.42562
dcs:who/overwgt5.AGE--Y2T05,dcid:country/SOM,2006,3.70881
dcs:who/overwgt5.WEALTHQUINTILE--WQ4,dcid:country/SRB,2019,12.99724
dcs:who/overwgt5.WEALTHQUINTILE--WQ3,dcid:country/SRB,2019,10.81018
dcs:who/overwgt5.WEALTHQUINTILE--WQ5,dcid:country/SRB,2019,13.84147
dcs:who/overwgt5.WEALTHQUINTILE--WQ2,dcid:country/SRB,2019,7.32979
dcs:who/overwgt5.WEALTHQUINTILE--WQ1,dcid:country/SRB,2019,8.90165
dcs:who/overwgt5.WEALTHQUINTILE--WQ5,dcid:country/SRB,2014,12.80826
dcs:who/overwgt5.WEALTHQUINTILE--WQ1,dcid:country/SRB,2014,16.37671
dcs:who/overwgt5.WEALTHQUINTILE--WQ4,dcid:country/SRB,2014,11.71035
dcs:who/overwgt5.WEALTHQUINTILE--WQ3,dcid:country/SRB,2014,12.76145
dcs:who/overwgt5.WEALTHQUINTILE--WQ2,dcid:country/SRB,2014,17.16809
dcs:who/overwgt5.WEALTHQUINTILE--WQ1,dcid:country/SRB,2010,15.53358
dcs:who/overwgt5.WEALTHQUINTILE--WQ3,dcid:country/SRB,2010,16.7984
dcs:who/overwgt5.WEALTHQUINTILE--WQ4,dcid:country/SRB,2010,17.87436
dcs:who/overwgt5.WEALTHQUINTILE--WQ5,dcid:country/SRB,2010,12.123
dcs:who/overwgt5.WEALTHQUINTILE--WQ2,dcid:country/SRB,2010,16.82926
dcs:who/overwgt5.WEALTHQUINTILE--WQ5,dcid:country/SRB,2005,16.60561
dcs:who/overwgt5.WEALTHQUINTILE--WQ1,dcid:country/SRB,2005,18.7779
dcs:who/overwgt5.WEALTHQUINTILE--WQ4,dcid:country/SRB,2005,19.75894
dcs:who/overwgt5.WEALTHQUINTILE--WQ3,dcid:country/SRB,2005,21.80691
dcs:who/overwgt5.WEALTHQUINTILE--WQ2,dcid:country/SRB,2005,18.8969
dcs:who/overwgt5.SEX--F,dcid:country/SRB,2014,12.00726
dcs:who/overwgt5.SEX--F,dcid:country/SRB,2019,8.93246
dcs:who/overwgt5.SEX--M,dcid:country/SRB,2019,12.68719
dcs:who/overwgt5.SEX--M,dcid:country/SRB,2014,15.60281
dcs:who/overwgt5.SEX--M,dcid:country/SRB,2010,16.58844
dcs:who/overwgt5.SEX--F,dcid:country/SRB,2010,14.67369
dcs:who/overwgt5.SEX--F,dcid:country/SRB,2005,18.18418
dcs:who/overwgt5.SEX--M,dcid:country/SRB,2005,20.36033
dcs:who/overwgt5.RESIDENCEAREATYPE--URB,dcid:country/SRB,2019,12.63979
dcs:who/overwgt5.RESIDENCEAREATYPE--RUR,dcid:country/SRB,2019,9.14636
dcs:who/overwgt5.RESIDENCEAREATYPE--URB,dcid:country/SRB,2014,14.30472
dcs:who/overwgt5.RESIDENCEAREATYPE--RUR,dcid:country/SRB,2014,13.22424
dcs:who/overwgt5.RESIDENCEAREATYPE--URB,dcid:country/SRB,2010,13.4974
dcs:who/overwgt5.RESIDENCEAREATYPE--RUR,dcid:country/SRB,2010,18.23969
dcs:who/overwgt5.RESIDENCEAREATYPE--URB,dcid:country/SRB,2005,17.97091
dcs:who/overwgt5.RESIDENCEAREATYPE--RUR,dcid:country/SRB,2005,20.98747
dcs:who/overwgt5.EDUCATIONLEVEL--SHLM,dcid:country/SRB,2019,11.29952
dcs:who/overwgt5.EDUCATIONLEVEL--NHLM,dcid:country/SRB,2014,5.75174
dcs:who/overwgt5.EDUCATIONLEVEL--PRLM,dcid:country/SRB,2014,12.71513
dcs:who/overwgt5.EDUCATIONLEVEL--SHLM,dcid:country/SRB,2014,14.17645
dcs:who/overwgt5.EDUCATIONLEVEL--SHLM,dcid:country/SRB,2010,15.53321
dcs:who/overwgt5.EDUCATIONLEVEL--PRLM,dcid:country/SRB,2010,16.3472
dcs:who/overwgt5.EDUCATIONLEVEL--SHLM,dcid:country/SRB,2005,19.28553
dcs:who/overwgt5.AGE--Y0T01,dcid:country/SRB,2019,7.8919
dcs:who/overwgt5.AGE--Y2T05,dcid:country/SRB,2019,12.80956
dcs:who/overwgt5.AGE--Y2T05,dcid:country/SRB,2014,12.68359
dcs:who/overwgt5.AGE--Y0T01,dcid:country/SRB,2014,15.67969
dcs:who/overwgt5.AGE--Y2T05,dcid:country/SRB,2010,13.78394
dcs:who/overwgt5.AGE--Y0T01,dcid:country/SRB,2010,18.90363
dcs:who/overwgt5.AGE--Y2T05,dcid:country/SRB,2005,18.06931
dcs:who/overwgt5.AGE--Y0T01,dcid:country/SRB,2005,21.21617
dcs:who/overwgt5.WEALTHQUINTILE--WQ3,dcid:country/SSD,2010,6.91373
dcs:who/overwgt5.WEALTHQUINTILE--WQ5,dcid:country/SSD,2010,5.08583
dcs:who/overwgt5.WEALTHQUINTILE--WQ1,dcid:country/SSD,2010,4.72266
dcs:who/overwgt5.WEALTHQUINTILE--WQ2,dcid:country/SSD,2010,6.29895
dcs:who/overwgt5.WEALTHQUINTILE--WQ4,dcid:country/SSD,2010,7.12469
dcs:who/overwgt5.SEX--F,dcid:country/SSD,2010,5.9094
dcs:who/overwgt5.SEX--M,dcid:country/SSD,2010,6.13078
dcs:who/overwgt5.RESIDENCEAREATYPE--RUR,dcid:country/SSD,2010,6.54618
dcs:who/overwgt5.RESIDENCEAREATYPE--URB,dcid:country/SSD,2010,4.38947
dcs:who/overwgt5.EDUCATIONLEVEL--PRLM,dcid:country/SSD,2010,6.95664
dcs:who/overwgt5.EDUCATIONLEVEL--SHLM,dcid:country/SSD,2010,3.14859
dcs:who/overwgt5.EDUCATIONLEVEL--NHLM,dcid:country/SSD,2010,5.96916
dcs:who/overwgt5.AGE--Y2T05,dcid:country/SSD,2010,5.84593
dcs:who/overwgt5.AGE--Y0T01,dcid:country/SSD,2010,6.08301
dcs:who/overwgt5.WEALTHQUINTILE--WQ3,dcid:country/STP,2019,5.2146
dcs:who/overwgt5.WEALTHQUINTILE--WQ2,dcid:country/STP,2019,2.40382
dcs:who/overwgt5.WEALTHQUINTILE--WQ4,dcid:country/STP,2019,5.54251
dcs:who/overwgt5.WEALTHQUINTILE--WQ1,dcid:country/STP,2019,4.62763
dcs:who/overwgt5.WEALTHQUINTILE--WQ5,dcid:country/STP,2019,4.72093
dcs:who/overwgt5.WEALTHQUINTILE--WQ4,dcid:country/STP,2014,3.43963
dcs:who/overwgt5.WEALTHQUINTILE--WQ3,dcid:country/STP,2014,2.52122
dcs:who/overwgt5.WEALTHQUINTILE--WQ5,dcid:country/STP,2014,2.4192
dcs:who/overwgt5.WEALTHQUINTILE--WQ2,dcid:country/STP,2014,1.81669
dcs:who/overwgt5.WEALTHQUINTILE--WQ1,dcid:country/STP,2014,1.85917
dcs:who/overwgt5.SEX--F,dcid:country/STP,2019,3.36575
dcs:who/overwgt5.SEX--M,dcid:country/STP,2019,5.58727
dcs:who/overwgt5.SEX--F,dcid:country/STP,2014,2.21952
dcs:who/overwgt5.SEX--M,dcid:country/STP,2014,2.58651
dcs:who/overwgt5.RESIDENCEAREATYPE--URB,dcid:country/STP,2019,4.64128
dcs:who/overwgt5.RESIDENCEAREATYPE--RUR,dcid:country/STP,2019,4.16919
dcs:who/overwgt5.RESIDENCEAREATYPE--RUR,dcid:country/STP,2014,1.7204
dcs:who/overwgt5.RESIDENCEAREATYPE--URB,dcid:country/STP,2014,2.7591
dcs:who/overwgt5.EDUCATIONLEVEL--NHLM,dcid:country/STP,2019,5.67143
dcs:who/overwgt5.EDUCATIONLEVEL--SHLM,dcid:country/STP,2019,5.06186
dcs:who/overwgt5.EDUCATIONLEVEL--PRLM,dcid:country/STP,2019,3.81056
dcs:who/overwgt5.EDUCATIONLEVEL--NHLM,dcid:country/STP,2014,3.48234
dcs:who/overwgt5.EDUCATIONLEVEL--SHLM,dcid:country/STP,2014,3.73867
dcs:who/overwgt5.EDUCATIONLEVEL--PRLM,dcid:country/STP,2014,1.57579
dcs:who/overwgt5.AGE--Y2T05,dcid:country/STP,2019,3.20603
dcs:who/overwgt5.AGE--Y0T01,dcid:country/STP,2019,6.70166
dcs:who/overwgt5.AGE--Y0T01,dcid:country/STP,2014,2.86568
dcs:who/overwgt5.AGE--Y2T05,dcid:country/STP,2014,2.11636
dcs:who/overwgt5,dcid:country/SUR,2018,12.93369
dcs:who/overwgt5,dcid:country/SUR,2010,2.93662
dcs:who/overwgt5,dcid:country/SUR,2006,1.56747
dcs:who/overwgt5.WEALTHQUINTILE--WQ3,dcid:country/SUR,2018,3.51313
dcs:who/overwgt5.WEALTHQUINTILE--WQ5,dcid:country/SUR,2018,4.15984
dcs:who/overwgt5.WEALTHQUINTILE--WQ4,dcid:country/SUR,2018,3.20187
dcs:who/overwgt5.WEALTHQUINTILE--WQ2,dcid:country/SUR,2018,4.16282
dcs:who/overwgt5.WEALTHQUINTILE--WQ1,dcid:country/SUR,2018,3.0826
dcs:who/overwgt5.WEALTHQUINTILE--WQ3,dcid:country/SUR,2010,6.02664
dcs:who/overwgt5.WEALTHQUINTILE--WQ5,dcid:country/SUR,2010,5.60046
dcs:who/overwgt5.WEALTHQUINTILE--WQ2,dcid:country/SUR,2010,2.41931
dcs:who/overwgt5.WEALTHQUINTILE--WQ4,dcid:country/SUR,2010,4.5939
dcs:who/overwgt5.WEALTHQUINTILE--WQ1,dcid:country/SUR,2010,3.08202
dcs:who/overwgt5.WEALTHQUINTILE--WQ2,dcid:country/SUR,2006,3.30473
dcs:who/overwgt5.WEALTHQUINTILE--WQ5,dcid:country/SUR,2006,6.59594
dcs:who/overwgt5.WEALTHQUINTILE--WQ4,dcid:country/SUR,2006,4.42483
dcs:who/overwgt5.WEALTHQUINTILE--WQ1,dcid:country/SUR,2006,2.83423
dcs:who/overwgt5.WEALTHQUINTILE--WQ3,dcid:country/SUR,2006,4.56997
dcs:who/overwgt5.SEX--F,dcid:country/SUR,2018,3.80301
dcs:who/overwgt5.SEX--M,dcid:country/SUR,2018,3.27442
dcs:who/overwgt5.SEX--M,dcid:country/SUR,2010,5.02889
dcs:who/overwgt5.SEX--F,dcid:country/SUR,2010,2.98339
dcs:who/overwgt5.SEX--F,dcid:country/SUR,2006,3.42212
dcs:who/overwgt5.SEX--M,dcid:country/SUR,2006,4.60775
dcs:who/overwgt5.RESIDENCEAREATYPE--URB,dcid:country/SUR,2018,3.04417
dcs:who/overwgt5.RESIDENCEAREATYPE--RUR,dcid:country/SUR,2018,5.29926
dcs:who/overwgt5.RESIDENCEAREATYPE--RUR,dcid:country/SUR,2010,4.93674
dcs:who/overwgt5.RESIDENCEAREATYPE--URB,dcid:country/SUR,2010,4.32924
dcs:who/overwgt5.RESIDENCEAREATYPE--URB,dcid:country/SUR,2006,4.31579
dcs:who/overwgt5.RESIDENCEAREATYPE--RUR,dcid:country/SUR,2006,3.49627
dcs:who/overwgt5.EDUCATIONLEVEL--PRLM,dcid:country/SUR,2018,3.06189
dcs:who/overwgt5.EDUCATIONLEVEL--SHLM,dcid:country/SUR,2018,3.83915
dcs:who/overwgt5.EDUCATIONLEVEL--NHLM,dcid:country/SUR,2018,1.89392
dcs:who/overwgt5.EDUCATIONLEVEL--NHLM,dcid:country/SUR,2010,2.18589
dcs:who/overwgt5.EDUCATIONLEVEL--PRLM,dcid:country/SUR,2010,2.36062
dcs:who/overwgt5.EDUCATIONLEVEL--SHLM,dcid:country/SUR,2010,5.04803
dcs:who/overwgt5.EDUCATIONLEVEL--SHLM,dcid:country/SUR,2006,5.3671
dcs:who/overwgt5.EDUCATIONLEVEL--PRLM,dcid:country/SUR,2006,3.05591
dcs:who/overwgt5.EDUCATIONLEVEL--NHLM,dcid:country/SUR,2006,0.31148
dcs:who/overwgt5.AGE--Y2T05,dcid:country/SUR,2018,2.99409
dcs:who/overwgt5.AGE--Y0T01,dcid:country/SUR,2018,4.4294
dcs:who/overwgt5.AGE--Y2T05,dcid:country/SUR,2010,3.1149
dcs:who/overwgt5.AGE--Y0T01,dcid:country/SUR,2010,5.21162
dcs:who/overwgt5.AGE--Y2T05,dcid:country/SUR,2006,2.57662
dcs:who/overwgt5.AGE--Y0T01,dcid:country/SUR,2006,6.30924
dcs:who/overwgt5,dcid:country/SWZ,2014,6.12417
dcs:who/overwgt5,dcid:country/SWZ,2010,12.05741
dcs:who/overwgt5,dcid:country/SWZ,2006,9.04496
dcs:who/overwgt5.WEALTHQUINTILE--WQ4,dcid:country/SWZ,2014,9.88863
dcs:who/overwgt5.WEALTHQUINTILE--WQ3,dcid:country/SWZ,2014,7.62232
dcs:who/overwgt5.WEALTHQUINTILE--WQ5,dcid:country/SWZ,2014,17.45967
dcs:who/overwgt5.WEALTHQUINTILE--WQ2,dcid:country/SWZ,2014,7.0083
dcs:who/overwgt5.WEALTHQUINTILE--WQ1,dcid:country/SWZ,2014,5.78519
dcs:who/overwgt5.WEALTHQUINTILE--WQ3,dcid:country/SWZ,2010,9.08261
dcs:who/overwgt5.WEALTHQUINTILE--WQ5,dcid:country/SWZ,2010,18.10493
dcs:who/overwgt5.WEALTHQUINTILE--WQ4,dcid:country/SWZ,2010,10.36537
dcs:who/overwgt5.WEALTHQUINTILE--WQ2,dcid:country/SWZ,2010,10.94044
dcs:who/overwgt5.WEALTHQUINTILE--WQ1,dcid:country/SWZ,2010,7.46032
dcs:who/overwgt5.WEALTHQUINTILE--WQ5,dcid:country/SWZ,2006,14.03384
dcs:who/overwgt5.WEALTHQUINTILE--WQ4,dcid:country/SWZ,2006,11.97346
dcs:who/overwgt5.WEALTHQUINTILE--WQ3,dcid:country/SWZ,2006,11.57289
dcs:who/overwgt5.WEALTHQUINTILE--WQ2,dcid:country/SWZ,2006,9.53287
dcs:who/overwgt5.WEALTHQUINTILE--WQ1,dcid:country/SWZ,2006,9.76825
dcs:who/overwgt5.SEX--M,dcid:country/SWZ,2014,9.04512
dcs:who/overwgt5.SEX--F,dcid:country/SWZ,2014,8.93429
dcs:who/overwgt5.SEX--M,dcid:country/SWZ,2010,10.12771
dcs:who/overwgt5.SEX--F,dcid:country/SWZ,2010,11.22717
dcs:who/overwgt5.SEX--M,dcid:country/SWZ,2006,11.54587
dcs:who/overwgt5.SEX--F,dcid:country/SWZ,2006,10.68873
dcs:who/overwgt5.RESIDENCEAREATYPE--URB,dcid:country/SWZ,2014,11.64353
dcs:who/overwgt5.RESIDENCEAREATYPE--RUR,dcid:country/SWZ,2014,8.22757
dcs:who/overwgt5.RESIDENCEAREATYPE--URB,dcid:country/SWZ,2010,14.59199
dcs:who/overwgt5.RESIDENCEAREATYPE--RUR,dcid:country/SWZ,2010,9.74485
dcs:who/overwgt5.RESIDENCEAREATYPE--RUR,dcid:country/SWZ,2006,10.31053
dcs:who/overwgt5.RESIDENCEAREATYPE--URB,dcid:country/SWZ,2006,15.20442
dcs:who/overwgt5.EDUCATIONLEVEL--PRLM,dcid:country/SWZ,2014,7.62338
dcs:who/overwgt5.EDUCATIONLEVEL--NHLM,dcid:country/SWZ,2014,5.76547
dcs:who/overwgt5.EDUCATIONLEVEL--SHLM,dcid:country/SWZ,2014,9.92391
dcs:who/overwgt5.EDUCATIONLEVEL--NHLM,dcid:country/SWZ,2010,5.79677
dcs:who/overwgt5.EDUCATIONLEVEL--PRLM,dcid:country/SWZ,2010,9.19218
dcs:who/overwgt5.EDUCATIONLEVEL--SHLM,dcid:country/SWZ,2010,12.71239
dcs:who/overwgt5.EDUCATIONLEVEL--PRLM,dcid:country/SWZ,2006,8.35412
dcs:who/overwgt5.EDUCATIONLEVEL--NHLM,dcid:country/SWZ,2006,8.01849
dcs:who/overwgt5.EDUCATIONLEVEL--SHLM,dcid:country/SWZ,2006,13.26629
dcs:who/overwgt5.AGE--Y2T05,dcid:country/SWZ,2014,6.4831
dcs:who/overwgt5.AGE--Y0T01,dcid:country/SWZ,2014,12.8914
dcs:who/overwgt5.AGE--Y2T05,dcid:country/SWZ,2010,8.11092
dcs:who/overwgt5.AGE--Y0T01,dcid:country/SWZ,2010,14.53891
dcs:who/overwgt5.AGE--Y0T01,dcid:country/SWZ,2006,13.97035
dcs:who/overwgt5.AGE--Y2T05,dcid:country/SWZ,2006,9.18311
dcs:who/overwgt5.WEALTHQUINTILE--WQ5,dcid:country/SYR,2006,19.96487
dcs:who/overwgt5.WEALTHQUINTILE--WQ2,dcid:country/SYR,2006,17.35328
dcs:who/overwgt5.WEALTHQUINTILE--WQ1,dcid:country/SYR,2006,20.41923
dcs:who/overwgt5.WEALTHQUINTILE--WQ3,dcid:country/SYR,2006,17.48698
dcs:who/overwgt5.WEALTHQUINTILE--WQ4,dcid:country/SYR,2006,19.04032
dcs:who/overwgt5.SEX--M,dcid:country/SYR,2006,19.28853
dcs:who/overwgt5.SEX--F,dcid:country/SYR,2006,18.14829
dcs:who/overwgt5.RESIDENCEAREATYPE--URB,dcid:country/SYR,2006,19.65966
dcs:who/overwgt5.RESIDENCEAREATYPE--RUR,dcid:country/SYR,2006,17.84658
dcs:who/overwgt5.EDUCATIONLEVEL--PRLM,dcid:country/SYR,2006,19.89004
dcs:who/overwgt5.EDUCATIONLEVEL--NHLM,dcid:country/SYR,2006,20.13787
dcs:who/overwgt5.EDUCATIONLEVEL--SHLM,dcid:country/SYR,2006,17.23781
dcs:who/overwgt5.AGE--Y2T05,dcid:country/SYR,2006,16.71005
dcs:who/overwgt5.AGE--Y0T01,dcid:country/SYR,2006,21.97382
dcs:who/overwgt5.WEALTHQUINTILE--WQ5,dcid:country/TCD,2019,2.66029
dcs:who/overwgt5.WEALTHQUINTILE--WQ4,dcid:country/TCD,2019,2.64803
dcs:who/overwgt5.WEALTHQUINTILE--WQ1,dcid:country/TCD,2019,2.01654
dcs:who/overwgt5.WEALTHQUINTILE--WQ3,dcid:country/TCD,2019,2.5127
dcs:who/overwgt5.WEALTHQUINTILE--WQ2,dcid:country/TCD,2019,1.98379
dcs:who/overwgt5.WEALTHQUINTILE--WQ5,dcid:country/TCD,2014,2.57214
dcs:who/overwgt5.WEALTHQUINTILE--WQ3,dcid:country/TCD,2014,3.15494
dcs:who/overwgt5.WEALTHQUINTILE--WQ2,dcid:country/TCD,2014,3.22432
dcs:who/overwgt5.WEALTHQUINTILE--WQ4,dcid:country/TCD,2014,2.05104
dcs:who/overwgt5.WEALTHQUINTILE--WQ1,dcid:country/TCD,2014,3.00102
dcs:who/overwgt5.WEALTHQUINTILE--WQ1,dcid:country/TCD,2010,3.54559
dcs:who/overwgt5.WEALTHQUINTILE--WQ3,dcid:country/TCD,2010,2.40002
dcs:who/overwgt5.WEALTHQUINTILE--WQ4,dcid:country/TCD,2010,1.51328
dcs:who/overwgt5.WEALTHQUINTILE--WQ2,dcid:country/TCD,2010,3.4035
dcs:who/overwgt5.WEALTHQUINTILE--WQ5,dcid:country/TCD,2010,3.09443
dcs:who/overwgt5.WEALTHQUINTILE--WQ1,dcid:country/TCD,1996,3.36009
dcs:who/overwgt5.WEALTHQUINTILE--WQ3,dcid:country/TCD,1996,2.25397
dcs:who/overwgt5.WEALTHQUINTILE--WQ4,dcid:country/TCD,1996,2.28452
dcs:who/overwgt5.WEALTHQUINTILE--WQ2,dcid:country/TCD,1996,3.08561
dcs:who/overwgt5.WEALTHQUINTILE--WQ5,dcid:country/TCD,1996,2.30423
dcs:who/overwgt5.SEX--F,dcid:country/TCD,2019,2.35756
dcs:who/overwgt5.SEX--M,dcid:country/TCD,2019,2.32706
dcs:who/overwgt5.SEX--F,dcid:country/TCD,2014,2.79586
dcs:who/overwgt5.SEX--M,dcid:country/TCD,2010,2.54173
dcs:who/overwgt5.SEX--F,dcid:country/TCD,2010,2.9702
dcs:who/overwgt5.SEX--M,dcid:country/TCD,2014,2.82668
dcs:who/overwgt5.SEX--M,dcid:country/TCD,2004,4.22997
dcs:who/overwgt5.SEX--F,dcid:country/TCD,2004,4.26759
dcs:who/overwgt5.SEX--M,dcid:country/TCD,1996,3.03368
dcs:who/overwgt5.SEX--F,dcid:country/TCD,1996,2.38369
dcs:who/overwgt5.RESIDENCEAREATYPE--RUR,dcid:country/TCD,2019,2.34961
dcs:who/overwgt5.RESIDENCEAREATYPE--URB,dcid:country/TCD,2019,2.30324
dcs:who/overwgt5.RESIDENCEAREATYPE--RUR,dcid:country/TCD,2014,2.93716
dcs:who/overwgt5.RESIDENCEAREATYPE--URB,dcid:country/TCD,2014,2.28152
dcs:who/overwgt5.RESIDENCEAREATYPE--RUR,dcid:country/TCD,2010,2.85851
dcs:who/overwgt5.RESIDENCEAREATYPE--URB,dcid:country/TCD,2010,2.39247
dcs:who/overwgt5.RESIDENCEAREATYPE--URB,dcid:country/TCD,2004,5.20815
dcs:who/overwgt5.RESIDENCEAREATYPE--RUR,dcid:country/TCD,2004,4.02347
dcs:who/overwgt5.RESIDENCEAREATYPE--RUR,dcid:country/TCD,1996,2.78552
dcs:who/overwgt5.RESIDENCEAREATYPE--URB,dcid:country/TCD,1996,2.42436
dcs:who/overwgt5.EDUCATIONLEVEL--NHLM,dcid:country/TCD,2019,2.49229
dcs:who/overwgt5.EDUCATIONLEVEL--SHLM,dcid:country/TCD,2019,2.06962
dcs:who/overwgt5.EDUCATIONLEVEL--PRLM,dcid:country/TCD,2019,2.01416
dcs:who/overwgt5.EDUCATIONLEVEL--PRLM,dcid:country/TCD,2014,2.90482
dcs:who/overwgt5.EDUCATIONLEVEL--SHLM,dcid:country/TCD,2014,3.28201
dcs:who/overwgt5.EDUCATIONLEVEL--NHLM,dcid:country/TCD,2014,2.76559
dcs:who/overwgt5.EDUCATIONLEVEL--SHLM,dcid:country/TCD,2010,2.54716
dcs:who/overwgt5.EDUCATIONLEVEL--PRLM,dcid:country/TCD,2010,2.82574
dcs:who/overwgt5.EDUCATIONLEVEL--NHLM,dcid:country/TCD,2010,2.7627
dcs:who/overwgt5.EDUCATIONLEVEL--PRLM,dcid:country/TCD,2004,4.63148
dcs:who/overwgt5.EDUCATIONLEVEL--NHLM,dcid:country/TCD,2004,4.15384
dcs:who/overwgt5.EDUCATIONLEVEL--SHLM,dcid:country/TCD,2004,4.20182
dcs:who/overwgt5.EDUCATIONLEVEL--SHLM,dcid:country/TCD,1996,2.45865
dcs:who/overwgt5.EDUCATIONLEVEL--NHLM,dcid:country/TCD,1996,2.5968
dcs:who/overwgt5.EDUCATIONLEVEL--PRLM,dcid:country/TCD,1996,3.2089
dcs:who/overwgt5.AGE--Y2T05,dcid:country/TCD,2019,2.19535
dcs:who/overwgt5.AGE--Y0T01,dcid:country/TCD,2019,2.58884
dcs:who/overwgt5.AGE--Y0T01,dcid:country/TCD,2014,2.23513
dcs:who/overwgt5.AGE--Y2T05,dcid:country/TCD,2014,3.21134
dcs:who/overwgt5.AGE--Y0T01,dcid:country/TCD,2010,2.30152
dcs:who/overwgt5.AGE--Y2T05,dcid:country/TCD,2010,3.34932
dcs:who/overwgt5.AGE--Y2T05,dcid:country/TCD,2004,4.85319
dcs:who/overwgt5.AGE--Y0T01,dcid:country/TCD,2004,3.4647
dcs:who/overwgt5.AGE--Y0T01,dcid:country/TCD,1996,2.70598
dcs:who/overwgt5.AGE--Y2T05,dcid:country/TCD,1996,2.69274
dcs:who/overwgt5.WEALTHQUINTILE--WQ3,dcid:country/TGO,2017,2.55988
dcs:who/overwgt5.WEALTHQUINTILE--WQ1,dcid:country/TGO,2017,1.01956
dcs:who/overwgt5.WEALTHQUINTILE--WQ5,dcid:country/TGO,2017,1.47003
dcs:who/overwgt5.WEALTHQUINTILE--WQ2,dcid:country/TGO,2017,1.73063
dcs:who/overwgt5.WEALTHQUINTILE--WQ4,dcid:country/TGO,2017,0.75854
dcs:who/overwgt5.WEALTHQUINTILE--WQ2,dcid:country/TGO,2013,2.13788
dcs:who/overwgt5.WEALTHQUINTILE--WQ4,dcid:country/TGO,2013,1.03931
dcs:who/overwgt5.WEALTHQUINTILE--WQ5,dcid:country/TGO,2013,2.61174
dcs:who/overwgt5.WEALTHQUINTILE--WQ1,dcid:country/TGO,2013,2.23108
dcs:who/overwgt5.WEALTHQUINTILE--WQ3,dcid:country/TGO,2013,1.9909
dcs:who/overwgt5.WEALTHQUINTILE--WQ4,dcid:country/TGO,2010,2.01204
dcs:who/overwgt5.WEALTHQUINTILE--WQ3,dcid:country/TGO,2010,1.14417
dcs:who/overwgt5.WEALTHQUINTILE--WQ2,dcid:country/TGO,2010,0.87117
dcs:who/overwgt5.WEALTHQUINTILE--WQ1,dcid:country/TGO,2010,1.1383
dcs:who/overwgt5.WEALTHQUINTILE--WQ5,dcid:country/TGO,2010,3.16802
dcs:who/overwgt5.WEALTHQUINTILE--WQ5,dcid:country/TGO,2006,4.59645
dcs:who/overwgt5.WEALTHQUINTILE--WQ4,dcid:country/TGO,2006,4.5647
dcs:who/overwgt5.WEALTHQUINTILE--WQ2,dcid:country/TGO,2006,5.53786
dcs:who/overwgt5.WEALTHQUINTILE--WQ3,dcid:country/TGO,2006,6.42808
dcs:who/overwgt5.WEALTHQUINTILE--WQ1,dcid:country/TGO,2006,3.22408
dcs:who/overwgt5.SEX--M,dcid:country/TGO,2017,1.44623
dcs:who/overwgt5.SEX--F,dcid:country/TGO,2017,1.55232
dcs:who/overwgt5.SEX--M,dcid:country/TGO,2013,1.81045
dcs:who/overwgt5.SEX--F,dcid:country/TGO,2013,2.19131
dcs:who/overwgt5.SEX--M,dcid:country/TGO,2010,1.9049
dcs:who/overwgt5.SEX--F,dcid:country/TGO,2010,1.23238
dcs:who/overwgt5.SEX--M,dcid:country/TGO,2006,4.52063
dcs:who/overwgt5.SEX--F,dcid:country/TGO,2006,5.10961
dcs:who/overwgt5.RESIDENCEAREATYPE--RUR,dcid:country/TGO,2017,1.67471
dcs:who/overwgt5.RESIDENCEAREATYPE--URB,dcid:country/TGO,2017,1.21321
dcs:who/overwgt5.RESIDENCEAREATYPE--URB,dcid:country/TGO,2013,1.91167
dcs:who/overwgt5.RESIDENCEAREATYPE--RUR,dcid:country/TGO,2013,2.0435
dcs:who/overwgt5.RESIDENCEAREATYPE--URB,dcid:country/TGO,2010,2.65159
dcs:who/overwgt5.RESIDENCEAREATYPE--RUR,dcid:country/TGO,2010,1.06487
dcs:who/overwgt5.RESIDENCEAREATYPE--URB,dcid:country/TGO,2006,4.80437
dcs:who/overwgt5.RESIDENCEAREATYPE--RUR,dcid:country/TGO,2006,4.81547
dcs:who/overwgt5.EDUCATIONLEVEL--NHLM,dcid:country/TGO,2017,0.95705
dcs:who/overwgt5.EDUCATIONLEVEL--SHLM,dcid:country/TGO,2017,1.87457
dcs:who/overwgt5.EDUCATIONLEVEL--PRLM,dcid:country/TGO,2017,1.77268
dcs:who/overwgt5.EDUCATIONLEVEL--NHLM,dcid:country/TGO,2013,1.52878
dcs:who/overwgt5.EDUCATIONLEVEL--SHLM,dcid:country/TGO,2013,3.01806
dcs:who/overwgt5.EDUCATIONLEVEL--PRLM,dcid:country/TGO,2013,1.85566
dcs:who/overwgt5.EDUCATIONLEVEL--PRLM,dcid:country/TGO,2010,2.15949
dcs:who/overwgt5.EDUCATIONLEVEL--NHLM,dcid:country/TGO,2010,0.60166
dcs:who/overwgt5.EDUCATIONLEVEL--SHLM,dcid:country/TGO,2010,2.8998
dcs:who/overwgt5.EDUCATIONLEVEL--SHLM,dcid:country/TGO,2006,5.45168
dcs:who/overwgt5.EDUCATIONLEVEL--PRLM,dcid:country/TGO,2006,6.17954
dcs:who/overwgt5.EDUCATIONLEVEL--NHLM,dcid:country/TGO,2006,3.67547
dcs:who/overwgt5.AGE--Y0T01,dcid:country/TGO,2017,2.39541
dcs:who/overwgt5.AGE--Y2T05,dcid:country/TGO,2017,0.89064
dcs:who/overwgt5.AGE--Y0T01,dcid:country/TGO,2013,2.26239
dcs:who/overwgt5.AGE--Y2T05,dcid:country/TGO,2013,1.82543
dcs:who/overwgt5.AGE--Y2T05,dcid:country/TGO,2010,1.31135
dcs:who/overwgt5.AGE--Y0T01,dcid:country/TGO,2010,1.9352
dcs:who/overwgt5.AGE--Y2T05,dcid:country/TGO,2006,4.36378
dcs:who/overwgt5.AGE--Y0T01,dcid:country/TGO,2006,5.56625
dcs:who/overwgt5.WEALTHQUINTILE--WQ4,dcid:country/THA,2019,12.03445
dcs:who/overwgt5.WEALTHQUINTILE--WQ5,dcid:country/THA,2019,9.79624
dcs:who/overwgt5.WEALTHQUINTILE--WQ1,dcid:country/THA,2019,5.51316
dcs:who/overwgt5.WEALTHQUINTILE--WQ3,dcid:country/THA,2019,11.51782
dcs:who/overwgt5.WEALTHQUINTILE--WQ2,dcid:country/THA,2019,7.43703
dcs:who/overwgt5.WEALTHQUINTILE--WQ2,dcid:country/THA,2015,7.46702
dcs:who/overwgt5.WEALTHQUINTILE--WQ3,dcid:country/THA,2015,8.23762
dcs:who/overwgt5.WEALTHQUINTILE--WQ1,dcid:country/THA,2015,7.51412
dcs:who/overwgt5.WEALTHQUINTILE--WQ5,dcid:country/THA,2015,8.03908
dcs:who/overwgt5.WEALTHQUINTILE--WQ4,dcid:country/THA,2015,9.8233
dcs:who/overwgt5.WEALTHQUINTILE--WQ2,dcid:country/THA,2012,7.72282
dcs:who/overwgt5.WEALTHQUINTILE--WQ5,dcid:country/THA,2012,14.90524
dcs:who/overwgt5.WEALTHQUINTILE--WQ1,dcid:country/THA,2012,8.52717
dcs:who/overwgt5.WEALTHQUINTILE--WQ4,dcid:country/THA,2012,13.15018
dcs:who/overwgt5.WEALTHQUINTILE--WQ3,dcid:country/THA,2012,11.28679
dcs:who/overwgt5.WEALTHQUINTILE--WQ1,dcid:country/THA,2005,3.67548
dcs:who/overwgt5.WEALTHQUINTILE--WQ2,dcid:country/THA,2005,5.68291
dcs:who/overwgt5.WEALTHQUINTILE--WQ4,dcid:country/THA,2005,11.50084
dcs:who/overwgt5.WEALTHQUINTILE--WQ5,dcid:country/THA,2005,12.88579
dcs:who/overwgt5.WEALTHQUINTILE--WQ3,dcid:country/THA,2005,8.10329
dcs:who/overwgt5.SEX--M,dcid:country/THA,2019,9.67804
dcs:who/overwgt5.SEX--F,dcid:country/THA,2019,8.7422
dcs:who/overwgt5.SEX--F,dcid:country/THA,2015,7.52414
dcs:who/overwgt5.SEX--F,dcid:country/THA,2012,11.6277
dcs:who/overwgt5.SEX--M,dcid:country/THA,2012,10.11779
dcs:who/overwgt5.SEX--M,dcid:country/THA,2015,8.84327
dcs:who/overwgt5.SEX--M,dcid:country/THA,2005,8.75485
dcs:who/overwgt5.SEX--F,dcid:country/THA,2005,7.23904
dcs:who/overwgt5.RESIDENCEAREATYPE--RUR,dcid:country/THA,2019,8.49327
dcs:who/overwgt5.RESIDENCEAREATYPE--URB,dcid:country/THA,2019,10.50253
dcs:who/overwgt5.RESIDENCEAREATYPE--RUR,dcid:country/THA,2015,8.00362
dcs:who/overwgt5.RESIDENCEAREATYPE--URB,dcid:country/THA,2015,8.53905
dcs:who/overwgt5.RESIDENCEAREATYPE--RUR,dcid:country/THA,2005,6.63762
dcs:who/overwgt5.RESIDENCEAREATYPE--URB,dcid:country/THA,2005,11.59471
dcs:who/overwgt5.EDUCATIONLEVEL--SHLM,dcid:country/THA,2019,9.51615
dcs:who/overwgt5.EDUCATIONLEVEL--NHLM,dcid:country/THA,2019,5.98901
dcs:who/overwgt5.EDUCATIONLEVEL--PRLM,dcid:country/THA,2019,8.80971
dcs:who/overwgt5.EDUCATIONLEVEL--SHLM,dcid:country/THA,2015,8.51227
dcs:who/overwgt5.EDUCATIONLEVEL--PRLM,dcid:country/THA,2015,7.23748
dcs:who/overwgt5.EDUCATIONLEVEL--NHLM,dcid:country/THA,2015,10.23941
dcs:who/overwgt5.EDUCATIONLEVEL--NHLM,dcid:country/THA,2012,11.05654
dcs:who/overwgt5.EDUCATIONLEVEL--PRLM,dcid:country/THA,2012,9.65362
dcs:who/overwgt5.EDUCATIONLEVEL--SHLM,dcid:country/THA,2012,11.71932
dcs:who/overwgt5.EDUCATIONLEVEL--PRLM,dcid:country/THA,2005,6.76281
dcs:who/overwgt5.EDUCATIONLEVEL--SHLM,dcid:country/THA,2005,9.77697
dcs:who/overwgt5.EDUCATIONLEVEL--NHLM,dcid:country/THA,2005,5.59899
dcs:who/overwgt5.AGE--Y0T01,dcid:country/THA,2019,6.81811
dcs:who/overwgt5.AGE--Y2T05,dcid:country/THA,2019,10.6225
dcs:who/overwgt5.AGE--Y0T01,dcid:country/THA,2015,4.96182
dcs:who/overwgt5.AGE--Y2T05,dcid:country/THA,2015,10.18149
dcs:who/overwgt5.AGE--Y2T05,dcid:country/THA,2012,11.043
dcs:who/overwgt5.AGE--Y0T01,dcid:country/THA,2012,10.62798
dcs:who/overwgt5.AGE--Y0T01,dcid:country/THA,2005,7.48037
dcs:who/overwgt5.AGE--Y2T05,dcid:country/THA,2005,8.36238
dcs:who/overwgt5,dcid:country/TJK,2017,4.45157
dcs:who/overwgt5,dcid:country/TJK,2012,12.56759
dcs:who/overwgt5,dcid:country/TJK,2005,9.18353
dcs:who/overwgt5.WEALTHQUINTILE--WQ4,dcid:country/TJK,2017,3.49735
dcs:who/overwgt5.WEALTHQUINTILE--WQ2,dcid:country/TJK,2017,3.3019
dcs:who/overwgt5.WEALTHQUINTILE--WQ3,dcid:country/TJK,2017,2.8253
dcs:who/overwgt5.WEALTHQUINTILE--WQ1,dcid:country/TJK,2017,1.6317
dcs:who/overwgt5.WEALTHQUINTILE--WQ5,dcid:country/TJK,2017,5.70669
dcs:who/overwgt5.WEALTHQUINTILE--WQ5,dcid:country/TJK,2012,7.09185
dcs:who/overwgt5.WEALTHQUINTILE--WQ3,dcid:country/TJK,2012,8.3571
dcs:who/overwgt5.WEALTHQUINTILE--WQ1,dcid:country/TJK,2012,4.97534
dcs:who/overwgt5.WEALTHQUINTILE--WQ2,dcid:country/TJK,2012,3.76681
dcs:who/overwgt5.WEALTHQUINTILE--WQ4,dcid:country/TJK,2012,9.3027
dcs:who/overwgt5.WEALTHQUINTILE--WQ3,dcid:country/TJK,2005,8.96825
dcs:who/overwgt5.WEALTHQUINTILE--WQ5,dcid:country/TJK,2005,7.12505
dcs:who/overwgt5.WEALTHQUINTILE--WQ1,dcid:country/TJK,2005,6.48277
dcs:who/overwgt5.WEALTHQUINTILE--WQ4,dcid:country/TJK,2005,5.43425
dcs:who/overwgt5.WEALTHQUINTILE--WQ2,dcid:country/TJK,2005,6.00435
dcs:who/overwgt5.SEX--F,dcid:country/TJK,2012,6.44054
dcs:who/overwgt5.SEX--M,dcid:country/TJK,2017,3.48738
dcs:who/overwgt5.SEX--M,dcid:country/TJK,2012,6.92053
dcs:who/overwgt5.SEX--F,dcid:country/TJK,2017,3.16606
dcs:who/overwgt5.SEX--M,dcid:country/TJK,2005,7.29696
dcs:who/overwgt5.SEX--F,dcid:country/TJK,2005,6.23264
dcs:who/overwgt5.RESIDENCEAREATYPE--RUR,dcid:country/TJK,2017,2.82134
dcs:who/overwgt5.RESIDENCEAREATYPE--URB,dcid:country/TJK,2017,5.25573
dcs:who/overwgt5.RESIDENCEAREATYPE--RUR,dcid:country/TJK,2012,6.76296
dcs:who/overwgt5.RESIDENCEAREATYPE--URB,dcid:country/TJK,2012,6.39569
dcs:who/overwgt5.RESIDENCEAREATYPE--URB,dcid:country/TJK,2005,7.05192
dcs:who/overwgt5.RESIDENCEAREATYPE--RUR,dcid:country/TJK,2005,6.67261
dcs:who/overwgt5.EDUCATIONLEVEL--NHLM,dcid:country/TJK,2012,5.06792
dcs:who/overwgt5.EDUCATIONLEVEL--PRLM,dcid:country/TJK,2012,4.50591
dcs:who/overwgt5.EDUCATIONLEVEL--SHLM,dcid:country/TJK,2012,6.90471
dcs:who/overwgt5.EDUCATIONLEVEL--SHLM,dcid:country/TJK,2005,6.68981
dcs:who/overwgt5.EDUCATIONLEVEL--PRLM,dcid:country/TJK,2005,10.73438
dcs:who/overwgt5.EDUCATIONLEVEL--NHLM,dcid:country/TJK,2005,6.56872
dcs:who/overwgt5.AGE--Y0T01,dcid:country/TJK,2017,3.31361
dcs:who/overwgt5.AGE--Y2T05,dcid:country/TJK,2017,3.33717
dcs:who/overwgt5.AGE--Y0T01,dcid:country/TJK,2012,6.9277
dcs:who/overwgt5.AGE--Y2T05,dcid:country/TJK,2012,6.50864
dcs:who/overwgt5.AGE--Y0T01,dcid:country/TJK,2005,6.37915
dcs:who/overwgt5.AGE--Y2T05,dcid:country/TJK,2005,7.03134
dcs:who/overwgt5.WEALTHQUINTILE--WQ4,dcid:country/TKM,2019,2.13628
dcs:who/overwgt5.WEALTHQUINTILE--WQ5,dcid:country/TKM,2019,2.17782
dcs:who/overwgt5.WEALTHQUINTILE--WQ3,dcid:country/TKM,2019,3.25431
dcs:who/overwgt5.WEALTHQUINTILE--WQ1,dcid:country/TKM,2019,4.49891
dcs:who/overwgt5.WEALTHQUINTILE--WQ2,dcid:country/TKM,2019,3.02704
dcs:who/overwgt5.WEALTHQUINTILE--WQ3,dcid:country/TKM,2015,7.28904
dcs:who/overwgt5.WEALTHQUINTILE--WQ1,dcid:country/TKM,2015,4.7606
dcs:who/overwgt5.WEALTHQUINTILE--WQ2,dcid:country/TKM,2015,6.12149
dcs:who/overwgt5.WEALTHQUINTILE--WQ5,dcid:country/TKM,2015,5.44172
dcs:who/overwgt5.WEALTHQUINTILE--WQ4,dcid:country/TKM,2015,5.71897
dcs:who/overwgt5.WEALTHQUINTILE--WQ4,dcid:country/TKM,2006,4.7521
dcs:who/overwgt5.WEALTHQUINTILE--WQ1,dcid:country/TKM,2006,4.52153
dcs:who/overwgt5.WEALTHQUINTILE--WQ2,dcid:country/TKM,2006,2.83501
dcs:who/overwgt5.WEALTHQUINTILE--WQ3,dcid:country/TKM,2006,4.59771
dcs:who/overwgt5.WEALTHQUINTILE--WQ5,dcid:country/TKM,2006,5.98048
dcs:who/overwgt5.SEX--M,dcid:country/TKM,2019,3.69835
dcs:who/overwgt5.SEX--F,dcid:country/TKM,2019,2.44404
dcs:who/overwgt5.SEX--F,dcid:country/TKM,2015,5.73667
dcs:who/overwgt5.SEX--M,dcid:country/TKM,2015,6.0177
dcs:who/overwgt5.SEX--F,dcid:country/TKM,2006,5.23864
dcs:who/overwgt5.SEX--M,dcid:country/TKM,2006,3.77173
dcs:who/overwgt5.RESIDENCEAREATYPE--RUR,dcid:country/TKM,2019,3.49967
dcs:who/overwgt5.RESIDENCEAREATYPE--URB,dcid:country/TKM,2019,2.44394
dcs:who/overwgt5.RESIDENCEAREATYPE--RUR,dcid:country/TKM,2015,5.75949
dcs:who/overwgt5.RESIDENCEAREATYPE--URB,dcid:country/TKM,2015,6.12091
dcs:who/overwgt5.RESIDENCEAREATYPE--RUR,dcid:country/TKM,2006,4.35095
dcs:who/overwgt5.RESIDENCEAREATYPE--URB,dcid:country/TKM,2006,4.76938
dcs:who/overwgt5.EDUCATIONLEVEL--SHLM,dcid:country/TKM,2015,6.051
dcs:who/overwgt5.AGE--Y0T01,dcid:country/TKM,2019,3.63218
dcs:who/overwgt5.AGE--Y2T05,dcid:country/TKM,2019,2.78719
dcs:who/overwgt5.AGE--Y2T05,dcid:country/TKM,2015,6.05203
dcs:who/overwgt5.AGE--Y0T01,dcid:country/TKM,2015,5.64459
dcs:who/overwgt5.AGE--Y0T01,dcid:country/TKM,2006,5.25702
dcs:who/overwgt5.AGE--Y2T05,dcid:country/TKM,2006,3.94506
dcs:who/overwgt5.WEALTHQUINTILE--WQ1,dcid:country/TLS,2009,6.17533
dcs:who/overwgt5.WEALTHQUINTILE--WQ3,dcid:country/TLS,2009,5.02152
dcs:who/overwgt5.WEALTHQUINTILE--WQ5,dcid:country/TLS,2009,5.70686
dcs:who/overwgt5.WEALTHQUINTILE--WQ2,dcid:country/TLS,2009,7.56772
dcs:who/overwgt5.WEALTHQUINTILE--WQ4,dcid:country/TLS,2009,4.66979
dcs:who/overwgt5.SEX--M,dcid:country/TLS,2009,5.93811
dcs:who/overwgt5.SEX--F,dcid:country/TLS,2009,5.73781
dcs:who/overwgt5.RESIDENCEAREATYPE--URB,dcid:country/TLS,2009,5.16927
dcs:who/overwgt5.RESIDENCEAREATYPE--RUR,dcid:country/TLS,2009,6.02389
dcs:who/overwgt5.EDUCATIONLEVEL--SHLM,dcid:country/TLS,2009,5.84547
dcs:who/overwgt5.EDUCATIONLEVEL--NHLM,dcid:country/TLS,2009,6.35628
dcs:who/overwgt5.EDUCATIONLEVEL--PRLM,dcid:country/TLS,2009,5.22967
dcs:who/overwgt5.AGE--Y2T05,dcid:country/TLS,2009,3.87693
dcs:who/overwgt5.AGE--Y0T01,dcid:country/TLS,2009,9.3803
dcs:who/overwgt5,dcid:country/TON,2019,12.55148
dcs:who/overwgt5.WEALTHQUINTILE--WQ1,dcid:country/TON,2019,9.98758
dcs:who/overwgt5.WEALTHQUINTILE--WQ4,dcid:country/TON,2019,14.68011
dcs:who/overwgt5.WEALTHQUINTILE--WQ2,dcid:country/TON,2019,11.12482
dcs:who/overwgt5.WEALTHQUINTILE--WQ5,dcid:country/TON,2019,8.22047
dcs:who/overwgt5.WEALTHQUINTILE--WQ3,dcid:country/TON,2019,11.26283
dcs:who/overwgt5.SEX--F,dcid:country/TON,2019,9.93512
dcs:who/overwgt5.SEX--M,dcid:country/TON,2019,12.24308
dcs:who/overwgt5.RESIDENCEAREATYPE--RUR,dcid:country/TON,2019,9.97952
dcs:who/overwgt5.RESIDENCEAREATYPE--URB,dcid:country/TON,2019,15.5549
dcs:who/overwgt5.EDUCATIONLEVEL--SHLM,dcid:country/TON,2019,10.95429
dcs:who/overwgt5.AGE--Y2T05,dcid:country/TON,2019,11.05165
dcs:who/overwgt5.AGE--Y0T01,dcid:country/TON,2019,11.35969
dcs:who/overwgt5.WEALTHQUINTILE--WQ5,dcid:country/TTO,2011,11.38301
dcs:who/overwgt5.WEALTHQUINTILE--WQ4,dcid:country/TTO,2011,13.75072
dcs:who/overwgt5.WEALTHQUINTILE--WQ1,dcid:country/TTO,2011,9.98137
dcs:who/overwgt5.WEALTHQUINTILE--WQ2,dcid:country/TTO,2011,9.16319
dcs:who/overwgt5.WEALTHQUINTILE--WQ3,dcid:country/TTO,2011,13.24786
dcs:who/overwgt5.SEX--F,dcid:country/TTO,2011,9.78881
dcs:who/overwgt5.SEX--M,dcid:country/TTO,2011,13.0447
dcs:who/overwgt5.RESIDENCEAREATYPE--URB,dcid:country/TTO,2011,11.68126
dcs:who/overwgt5.RESIDENCEAREATYPE--RUR,dcid:country/TTO,2011,10.95583
dcs:who/overwgt5.EDUCATIONLEVEL--SHLM,dcid:country/TTO,2011,11.16671
dcs:who/overwgt5.EDUCATIONLEVEL--PRLM,dcid:country/TTO,2011,13.19836
dcs:who/overwgt5.AGE--Y0T01,dcid:country/TTO,2011,11.77609
dcs:who/overwgt5.AGE--Y2T05,dcid:country/TTO,2011,10.97236
dcs:who/overwgt5.WEALTHQUINTILE--WQ3,dcid:country/TUN,2018,17.85323
dcs:who/overwgt5.WEALTHQUINTILE--WQ2,dcid:country/TUN,2018,14.12283
dcs:who/overwgt5.WEALTHQUINTILE--WQ5,dcid:country/TUN,2018,20.84974
dcs:who/overwgt5.WEALTHQUINTILE--WQ4,dcid:country/TUN,2018,20.54093
dcs:who/overwgt5.WEALTHQUINTILE--WQ1,dcid:country/TUN,2018,13.10761
dcs:who/overwgt5.WEALTHQUINTILE--WQ3,dcid:country/TUN,2011,15.713
dcs:who/overwgt5.WEALTHQUINTILE--WQ2,dcid:country/TUN,2011,12.47256
dcs:who/overwgt5.WEALTHQUINTILE--WQ5,dcid:country/TUN,2011,12.29525
dcs:who/overwgt5.WEALTHQUINTILE--WQ4,dcid:country/TUN,2011,15.9696
dcs:who/overwgt5.WEALTHQUINTILE--WQ1,dcid:country/TUN,2011,14.77534
dcs:who/overwgt5.SEX--M,dcid:country/TUN,2018,17.95356
dcs:who/overwgt5.SEX--F,dcid:country/TUN,2018,16.45535
dcs:who/overwgt5.SEX--M,dcid:country/TUN,2011,14.8075
dcs:who/overwgt5.SEX--F,dcid:country/TUN,2011,13.73467
dcs:who/overwgt5.RESIDENCEAREATYPE--URB,dcid:country/TUN,2018,19.39344
dcs:who/overwgt5.RESIDENCEAREATYPE--RUR,dcid:country/TUN,2018,13.41159
dcs:who/overwgt5.RESIDENCEAREATYPE--RUR,dcid:country/TUN,2011,14.37713
dcs:who/overwgt5.RESIDENCEAREATYPE--URB,dcid:country/TUN,2011,14.24787
dcs:who/overwgt5.EDUCATIONLEVEL--NHLM,dcid:country/TUN,2018,11.27262
dcs:who/overwgt5.EDUCATIONLEVEL--PRLM,dcid:country/TUN,2018,12.91086
dcs:who/overwgt5.EDUCATIONLEVEL--SHLM,dcid:country/TUN,2018,19.37317
dcs:who/overwgt5.EDUCATIONLEVEL--PRLM,dcid:country/TUN,2011,14.43415
dcs:who/overwgt5.EDUCATIONLEVEL--NHLM,dcid:country/TUN,2011,14.72726
dcs:who/overwgt5.EDUCATIONLEVEL--SHLM,dcid:country/TUN,2011,14.10518
dcs:who/overwgt5.AGE--Y2T05,dcid:country/TUN,2018,15.82846
dcs:who/overwgt5.AGE--Y0T01,dcid:country/TUN,2018,19.69975
dcs:who/overwgt5.AGE--Y0T01,dcid:country/TUN,2011,18.70181
dcs:who/overwgt5.AGE--Y2T05,dcid:country/TUN,2011,11.38512
dcs:who/overwgt5.WEALTHQUINTILE--WQ3,dcid:country/TUR,2013,10.95951
dcs:who/overwgt5.WEALTHQUINTILE--WQ5,dcid:country/TUR,2013,14.78197
dcs:who/overwgt5.WEALTHQUINTILE--WQ4,dcid:country/TUR,2013,16.11602
dcs:who/overwgt5.WEALTHQUINTILE--WQ2,dcid:country/TUR,2013,8.46467
dcs:who/overwgt5.WEALTHQUINTILE--WQ1,dcid:country/TUR,2013,7.61259
dcs:who/overwgt5.WEALTHQUINTILE--WQ1,dcid:country/TUR,1998,2.61172
dcs:who/overwgt5.WEALTHQUINTILE--WQ5,dcid:country/TUR,1998,4.41817
dcs:who/overwgt5.WEALTHQUINTILE--WQ4,dcid:country/TUR,1998,4.84711
dcs:who/overwgt5.WEALTHQUINTILE--WQ3,dcid:country/TUR,1998,5.14527
dcs:who/overwgt5.WEALTHQUINTILE--WQ2,dcid:country/TUR,1998,2.2372
dcs:who/overwgt5.WEALTHQUINTILE--WQ1,dcid:country/TUR,1993,5.42142
dcs:who/overwgt5.WEALTHQUINTILE--WQ2,dcid:country/TUR,1993,5.69881
dcs:who/overwgt5.WEALTHQUINTILE--WQ3,dcid:country/TUR,1993,4.51187
dcs:who/overwgt5.WEALTHQUINTILE--WQ4,dcid:country/TUR,1993,4.03085
dcs:who/overwgt5.WEALTHQUINTILE--WQ5,dcid:country/TUR,1993,4.66611
dcs:who/overwgt5.SEX--F,dcid:country/TUR,2013,10.18892
dcs:who/overwgt5.SEX--M,dcid:country/TUR,2003,10.20394
dcs:who/overwgt5.SEX--M,dcid:country/TUR,2013,11.91
dcs:who/overwgt5.SEX--F,dcid:country/TUR,2003,7.23445
dcs:who/overwgt5.SEX--F,dcid:country/TUR,1998,3.41239
dcs:who/overwgt5.SEX--M,dcid:country/TUR,1998,4.06992
dcs:who/overwgt5.SEX--M,dcid:country/TUR,1993,5.69685
dcs:who/overwgt5.SEX--F,dcid:country/TUR,1993,4.08007
dcs:who/overwgt5.RESIDENCEAREATYPE--RUR,dcid:country/TUR,2013,7.92761
dcs:who/overwgt5.RESIDENCEAREATYPE--URB,dcid:country/TUR,2013,12.00731
dcs:who/overwgt5.RESIDENCEAREATYPE--RUR,dcid:country/TUR,2003,7.24626
dcs:who/overwgt5.RESIDENCEAREATYPE--URB,dcid:country/TUR,2003,9.55363
dcs:who/overwgt5.RESIDENCEAREATYPE--RUR,dcid:country/TUR,1998,3.39999
dcs:who/overwgt5.RESIDENCEAREATYPE--URB,dcid:country/TUR,1998,3.96892
dcs:who/overwgt5.RESIDENCEAREATYPE--URB,dcid:country/TUR,1993,4.4109
dcs:who/overwgt5.RESIDENCEAREATYPE--RUR,dcid:country/TUR,1993,5.66831
dcs:who/overwgt5.EDUCATIONLEVEL--NHLM,dcid:country/TUR,2013,6.1348
dcs:who/overwgt5.EDUCATIONLEVEL--SHLM,dcid:country/TUR,2013,13.41688
dcs:who/overwgt5.EDUCATIONLEVEL--PRLM,dcid:country/TUR,2013,10.19292
dcs:who/overwgt5.EDUCATIONLEVEL--SHLM,dcid:country/TUR,2003,9.54524
dcs:who/overwgt5.EDUCATIONLEVEL--NHLM,dcid:country/TUR,2003,7.51895
dcs:who/overwgt5.EDUCATIONLEVEL--PRLM,dcid:country/TUR,2003,8.91123
dcs:who/overwgt5.EDUCATIONLEVEL--PRLM,dcid:country/TUR,1998,3.09934
dcs:who/overwgt5.EDUCATIONLEVEL--NHLM,dcid:country/TUR,1998,2.92702
dcs:who/overwgt5.EDUCATIONLEVEL--SHLM,dcid:country/TUR,1998,6.48276
dcs:who/overwgt5.EDUCATIONLEVEL--SHLM,dcid:country/TUR,1993,4.46617
dcs:who/overwgt5.EDUCATIONLEVEL--PRLM,dcid:country/TUR,1993,5.0953
dcs:who/overwgt5.EDUCATIONLEVEL--NHLM,dcid:country/TUR,1993,4.83167
dcs:who/overwgt5.AGE--Y0T01,dcid:country/TUR,2013,14.27906
dcs:who/overwgt5.AGE--Y2T05,dcid:country/TUR,2013,8.99467
dcs:who/overwgt5.AGE--Y2T05,dcid:country/TUR,2003,6.47573
dcs:who/overwgt5.AGE--Y0T01,dcid:country/TUR,2003,12.32107
dcs:who/overwgt5.AGE--Y2T05,dcid:country/TUR,1998,3.1974
dcs:who/overwgt5.AGE--Y0T01,dcid:country/TUR,1998,4.52073
dcs:who/overwgt5.AGE--Y2T05,dcid:country/TUR,1993,4.35257
dcs:who/overwgt5.AGE--Y0T01,dcid:country/TUR,1993,5.65497
dcs:who/overwgt5.WEALTHQUINTILE--WQ4,dcid:country/TZA,2015,3.70085
dcs:who/overwgt5.WEALTHQUINTILE--WQ5,dcid:country/TZA,2015,4.78781
dcs:who/overwgt5.WEALTHQUINTILE--WQ1,dcid:country/TZA,2015,2.67806
dcs:who/overwgt5.WEALTHQUINTILE--WQ3,dcid:country/TZA,2015,4.34593
dcs:who/overwgt5.WEALTHQUINTILE--WQ2,dcid:country/TZA,2015,3.46407
dcs:who/overwgt5.WEALTHQUINTILE--WQ3,dcid:country/TZA,2010,5.85487
dcs:who/overwgt5.WEALTHQUINTILE--WQ1,dcid:country/TZA,2010,5.25524
dcs:who/overwgt5.WEALTHQUINTILE--WQ5,dcid:country/TZA,2010,6.52261
dcs:who/overwgt5.WEALTHQUINTILE--WQ4,dcid:country/TZA,2010,4.54734
dcs:who/overwgt5.WEALTHQUINTILE--WQ2,dcid:country/TZA,2010,5.08424
dcs:who/overwgt5.WEALTHQUINTILE--WQ4,dcid:country/TZA,2004,4.70285
dcs:who/overwgt5.WEALTHQUINTILE--WQ2,dcid:country/TZA,2004,4.42189
dcs:who/overwgt5.WEALTHQUINTILE--WQ1,dcid:country/TZA,2004,5.77347
dcs:who/overwgt5.WEALTHQUINTILE--WQ3,dcid:country/TZA,2004,4.76768
dcs:who/overwgt5.WEALTHQUINTILE--WQ5,dcid:country/TZA,2004,4.8453
dcs:who/overwgt5.WEALTHQUINTILE--WQ4,dcid:country/TZA,1999,1.77143
dcs:who/overwgt5.WEALTHQUINTILE--WQ2,dcid:country/TZA,1999,5.92336
dcs:who/overwgt5.WEALTHQUINTILE--WQ5,dcid:country/TZA,1999,2.60232
dcs:who/overwgt5.WEALTHQUINTILE--WQ1,dcid:country/TZA,1999,3.04761
dcs:who/overwgt5.WEALTHQUINTILE--WQ3,dcid:country/TZA,1999,2.64566
dcs:who/overwgt5.WEALTHQUINTILE--WQ2,dcid:country/TZA,1996,4.90133
dcs:who/overwgt5.WEALTHQUINTILE--WQ3,dcid:country/TZA,1996,3.7343
dcs:who/overwgt5.WEALTHQUINTILE--WQ1,dcid:country/TZA,1996,3.60474
dcs:who/overwgt5.WEALTHQUINTILE--WQ4,dcid:country/TZA,1996,5.312
dcs:who/overwgt5.WEALTHQUINTILE--WQ5,dcid:country/TZA,1996,6.12171
dcs:who/overwgt5.SEX--M,dcid:country/TZA,2010,5.8317
dcs:who/overwgt5.SEX--F,dcid:country/TZA,2015,3.59461
dcs:who/overwgt5.SEX--M,dcid:country/TZA,2015,3.7869
dcs:who/overwgt5.SEX--F,dcid:country/TZA,2004,4.34932
dcs:who/overwgt5.SEX--F,dcid:country/TZA,2010,4.9486
dcs:who/overwgt5.SEX--M,dcid:country/TZA,2004,5.50346
dcs:who/overwgt5.SEX--F,dcid:country/TZA,1999,1.77957
dcs:who/overwgt5.SEX--M,dcid:country/TZA,1999,4.71874
dcs:who/overwgt5.SEX--M,dcid:country/TZA,1996,5.04725
dcs:who/overwgt5.SEX--F,dcid:country/TZA,1996,4.22084
dcs:who/overwgt5.RESIDENCEAREATYPE--URB,dcid:country/TZA,2015,4.06834
dcs:who/overwgt5.RESIDENCEAREATYPE--RUR,dcid:country/TZA,2015,3.56441
dcs:who/overwgt5.RESIDENCEAREATYPE--URB,dcid:country/TZA,2010,6.3416
dcs:who/overwgt5.RESIDENCEAREATYPE--RUR,dcid:country/TZA,2010,5.15633
dcs:who/overwgt5.RESIDENCEAREATYPE--URB,dcid:country/TZA,2004,4.39302
dcs:who/overwgt5.RESIDENCEAREATYPE--RUR,dcid:country/TZA,2004,5.05117
dcs:who/overwgt5.RESIDENCEAREATYPE--URB,dcid:country/TZA,1999,2.17386
dcs:who/overwgt5.RESIDENCEAREATYPE--RUR,dcid:country/TZA,1999,3.48751
dcs:who/overwgt5.RESIDENCEAREATYPE--RUR,dcid:country/TZA,1996,4.29136
dcs:who/overwgt5.RESIDENCEAREATYPE--URB,dcid:country/TZA,1996,6.28813
dcs:who/overwgt5.EDUCATIONLEVEL--SHLM,dcid:country/TZA,2015,5.72941
dcs:who/overwgt5.EDUCATIONLEVEL--PRLM,dcid:country/TZA,2015,3.72284
dcs:who/overwgt5.EDUCATIONLEVEL--NHLM,dcid:country/TZA,2015,2.60305
dcs:who/overwgt5.EDUCATIONLEVEL--SHLM,dcid:country/TZA,2010,5.43858
dcs:who/overwgt5.EDUCATIONLEVEL--NHLM,dcid:country/TZA,2010,4.62014
dcs:who/overwgt5.EDUCATIONLEVEL--PRLM,dcid:country/TZA,2010,5.88387
dcs:who/overwgt5.EDUCATIONLEVEL--PRLM,dcid:country/TZA,2004,4.754
dcs:who/overwgt5.EDUCATIONLEVEL--NHLM,dcid:country/TZA,2004,5.35932
dcs:who/overwgt5.EDUCATIONLEVEL--SHLM,dcid:country/TZA,2004,8.22036
dcs:who/overwgt5.EDUCATIONLEVEL--NHLM,dcid:country/TZA,1999,4.31653
dcs:who/overwgt5.EDUCATIONLEVEL--SHLM,dcid:country/TZA,1999,1.9201
dcs:who/overwgt5.EDUCATIONLEVEL--PRLM,dcid:country/TZA,1999,2.88287
dcs:who/overwgt5.EDUCATIONLEVEL--PRLM,dcid:country/TZA,1996,4.89943
dcs:who/overwgt5.EDUCATIONLEVEL--NHLM,dcid:country/TZA,1996,4.04401
dcs:who/overwgt5.EDUCATIONLEVEL--SHLM,dcid:country/TZA,1996,4.69259
dcs:who/overwgt5.AGE--Y0T01,dcid:country/TZA,2015,5.51218
dcs:who/overwgt5.AGE--Y2T05,dcid:country/TZA,2015,2.40529
dcs:who/overwgt5.AGE--Y2T05,dcid:country/TZA,2010,3.31612
dcs:who/overwgt5.AGE--Y0T01,dcid:country/TZA,2010,8.34001
dcs:who/overwgt5.AGE--Y2T05,dcid:country/TZA,2004,3.75226
dcs:who/overwgt5.AGE--Y0T01,dcid:country/TZA,2004,6.49802
dcs:who/overwgt5.AGE--Y0T01,dcid:country/TZA,1999,3.18744
dcs:who/overwgt5.AGE--Y2T05,dcid:country/TZA,1999,3.34158
dcs:who/overwgt5.AGE--Y0T01,dcid:country/TZA,1996,4.69955
dcs:who/overwgt5.AGE--Y2T05,dcid:country/TZA,1996,4.40066
dcs:who/overwgt5.WEALTHQUINTILE--WQ4,dcid:country/UGA,2016,3.93156
dcs:who/overwgt5.WEALTHQUINTILE--WQ5,dcid:country/UGA,2016,3.4467
dcs:who/overwgt5.WEALTHQUINTILE--WQ2,dcid:country/UGA,2016,3.98283
dcs:who/overwgt5.WEALTHQUINTILE--WQ3,dcid:country/UGA,2016,4.62227
dcs:who/overwgt5.WEALTHQUINTILE--WQ1,dcid:country/UGA,2016,2.78988
dcs:who/overwgt5.WEALTHQUINTILE--WQ5,dcid:country/UGA,2011,3.13615
dcs:who/overwgt5.WEALTHQUINTILE--WQ2,dcid:country/UGA,2011,3.55345
dcs:who/overwgt5.WEALTHQUINTILE--WQ3,dcid:country/UGA,2011,4.07146
dcs:who/overwgt5.WEALTHQUINTILE--WQ4,dcid:country/UGA,2011,5.32886
dcs:who/overwgt5.WEALTHQUINTILE--WQ1,dcid:country/UGA,2011,2.9603
dcs:who/overwgt5.WEALTHQUINTILE--WQ2,dcid:country/UGA,2006,4.34784
dcs:who/overwgt5.WEALTHQUINTILE--WQ1,dcid:country/UGA,2006,4.92926
dcs:who/overwgt5.WEALTHQUINTILE--WQ3,dcid:country/UGA,2006,4.68015
dcs:who/overwgt5.WEALTHQUINTILE--WQ5,dcid:country/UGA,2006,5.29789
dcs:who/overwgt5.WEALTHQUINTILE--WQ4,dcid:country/UGA,2006,5.35788
dcs:who/overwgt5.WEALTHQUINTILE--WQ5,dcid:country/UGA,2000,4.28875
dcs:who/overwgt5.WEALTHQUINTILE--WQ4,dcid:country/UGA,2000,5.6811
dcs:who/overwgt5.WEALTHQUINTILE--WQ2,dcid:country/UGA,2000,4.43298
dcs:who/overwgt5.WEALTHQUINTILE--WQ1,dcid:country/UGA,2000,5.42798
dcs:who/overwgt5.WEALTHQUINTILE--WQ3,dcid:country/UGA,2000,4.75669
dcs:who/overwgt5.SEX--M,dcid:country/UGA,2016,4.88203
dcs:who/overwgt5.SEX--F,dcid:country/UGA,2016,2.6015
dcs:who/overwgt5.SEX--F,dcid:country/UGA,2011,3.20952
dcs:who/overwgt5.SEX--M,dcid:country/UGA,2011,4.40108
dcs:who/overwgt5.SEX--M,dcid:country/UGA,2006,5.05476
dcs:who/overwgt5.SEX--M,dcid:country/UGA,2000,5.37049
dcs:who/overwgt5.SEX--F,dcid:country/UGA,2006,4.72592
dcs:who/overwgt5.SEX--F,dcid:country/UGA,2000,4.52128
dcs:who/overwgt5.RESIDENCEAREATYPE--RUR,dcid:country/UGA,2016,3.96161
dcs:who/overwgt5.RESIDENCEAREATYPE--URB,dcid:country/UGA,2016,2.84269
dcs:who/overwgt5.RESIDENCEAREATYPE--URB,dcid:country/UGA,2011,4.22303
dcs:who/overwgt5.RESIDENCEAREATYPE--RUR,dcid:country/UGA,2011,3.73739
dcs:who/overwgt5.RESIDENCEAREATYPE--URB,dcid:country/UGA,2006,6.61537
dcs:who/overwgt5.RESIDENCEAREATYPE--RUR,dcid:country/UGA,2006,4.69428
dcs:who/overwgt5.RESIDENCEAREATYPE--RUR,dcid:country/UGA,2000,5.0451
dcs:who/overwgt5.RESIDENCEAREATYPE--URB,dcid:country/UGA,2000,3.98518
dcs:who/overwgt5.EDUCATIONLEVEL--NHLM,dcid:country/UGA,2016,2.38963
dcs:who/overwgt5.EDUCATIONLEVEL--PRLM,dcid:country/UGA,2016,4.0222
dcs:who/overwgt5.EDUCATIONLEVEL--SHLM,dcid:country/UGA,2016,4.54042
dcs:who/overwgt5.EDUCATIONLEVEL--PRLM,dcid:country/UGA,2011,3.96172
dcs:who/overwgt5.EDUCATIONLEVEL--NHLM,dcid:country/UGA,2011,3.11043
dcs:who/overwgt5.EDUCATIONLEVEL--SHLM,dcid:country/UGA,2011,4.12097
dcs:who/overwgt5.EDUCATIONLEVEL--SHLM,dcid:country/UGA,2006,5.08652
dcs:who/overwgt5.EDUCATIONLEVEL--PRLM,dcid:country/UGA,2006,4.67503
dcs:who/overwgt5.EDUCATIONLEVEL--NHLM,dcid:country/UGA,2006,5.07806
dcs:who/overwgt5.EDUCATIONLEVEL--NHLM,dcid:country/UGA,2000,4.8653
dcs:who/overwgt5.EDUCATIONLEVEL--SHLM,dcid:country/UGA,2000,6.37399
dcs:who/overwgt5.EDUCATIONLEVEL--PRLM,dcid:country/UGA,2000,5.01691
dcs:who/overwgt5.AGE--Y2T05,dcid:country/UGA,2016,2.3955
dcs:who/overwgt5.AGE--Y0T01,dcid:country/UGA,2016,5.98069
dcs:who/overwgt5.AGE--Y0T01,dcid:country/UGA,2011,4.23753
dcs:who/overwgt5.AGE--Y2T05,dcid:country/UGA,2011,3.32094
dcs:who/overwgt5.AGE--Y0T01,dcid:country/UGA,2006,4.85546
dcs:who/overwgt5.AGE--Y2T05,dcid:country/UGA,2006,4.82243
dcs:who/overwgt5.AGE--Y2T05,dcid:country/UGA,2000,4.54023
dcs:who/overwgt5.AGE--Y0T01,dcid:country/UGA,2000,5.63451
dcs:who/overwgt5.WEALTHQUINTILE--WQ1,dcid:country/UZB,2006,11.25177
dcs:who/overwgt5.WEALTHQUINTILE--WQ3,dcid:country/UZB,2006,13.34448
dcs:who/overwgt5.WEALTHQUINTILE--WQ2,dcid:country/UZB,2006,12.33568
dcs:who/overwgt5.WEALTHQUINTILE--WQ4,dcid:country/UZB,2006,12.35857
dcs:who/overwgt5.WEALTHQUINTILE--WQ5,dcid:country/UZB,2006,11.93316
dcs:who/overwgt5.SEX--F,dcid:country/UZB,2006,11.78424
dcs:who/overwgt5.SEX--M,dcid:country/UZB,2006,12.64941
dcs:who/overwgt5.RESIDENCEAREATYPE--URB,dcid:country/UZB,2006,13.19692
dcs:who/overwgt5.RESIDENCEAREATYPE--RUR,dcid:country/UZB,2006,11.82714
dcs:who/overwgt5.EDUCATIONLEVEL--SHLM,dcid:country/UZB,2006,12.21825
dcs:who/overwgt5.AGE--Y0T01,dcid:country/UZB,2006,13.40125
dcs:who/overwgt5.AGE--Y2T05,dcid:country/UZB,2006,11.35967
dcs:who/overwgt5.WEALTHQUINTILE--WQ1,dcid:country/VNM,2010,1.61202
dcs:who/overwgt5.WEALTHQUINTILE--WQ3,dcid:country/VNM,2010,2.92565
dcs:who/overwgt5.WEALTHQUINTILE--WQ2,dcid:country/VNM,2010,2.7796
dcs:who/overwgt5.WEALTHQUINTILE--WQ4,dcid:country/VNM,2010,6.31054
dcs:who/overwgt5.WEALTHQUINTILE--WQ5,dcid:country/VNM,2010,8.95162
dcs:who/overwgt5.SEX--M,dcid:country/VNM,2010,5.45543
dcs:who/overwgt5.SEX--F,dcid:country/VNM,2010,3.42967
dcs:who/overwgt5.RESIDENCEAREATYPE--URB,dcid:country/VNM,2010,8.07122
dcs:who/overwgt5.RESIDENCEAREATYPE--RUR,dcid:country/VNM,2010,3.10151
dcs:who/overwgt5.EDUCATIONLEVEL--SHLM,dcid:country/VNM,2010,5.14003
dcs:who/overwgt5.EDUCATIONLEVEL--NHLM,dcid:country/VNM,2010,0.73799
dcs:who/overwgt5.EDUCATIONLEVEL--PRLM,dcid:country/VNM,2010,2.74571
dcs:who/overwgt5.AGE--Y0T01,dcid:country/VNM,2010,4.96632
dcs:who/overwgt5.AGE--Y2T05,dcid:country/VNM,2010,4.15227
dcs:who/overwgt5,dcid:country/VUT,2007,5.78512
dcs:who/overwgt5.WEALTHQUINTILE--WQ5,dcid:country/VUT,2007,7.17709
dcs:who/overwgt5.WEALTHQUINTILE--WQ2,dcid:country/VUT,2007,2.91949
dcs:who/overwgt5.WEALTHQUINTILE--WQ4,dcid:country/VUT,2007,5.38748
dcs:who/overwgt5.WEALTHQUINTILE--WQ1,dcid:country/VUT,2007,4.16128
dcs:who/overwgt5.WEALTHQUINTILE--WQ3,dcid:country/VUT,2007,5.21819
dcs:who/overwgt5.SEX--F,dcid:country/VUT,2007,3.9948
dcs:who/overwgt5.SEX--M,dcid:country/VUT,2007,5.43346
dcs:who/overwgt5.RESIDENCEAREATYPE--URB,dcid:country/VUT,2007,8.341
dcs:who/overwgt5.RESIDENCEAREATYPE--RUR,dcid:country/VUT,2007,3.96148
dcs:who/overwgt5.EDUCATIONLEVEL--NHLM,dcid:country/VUT,2007,6.38806
dcs:who/overwgt5.EDUCATIONLEVEL--PRLM,dcid:country/VUT,2007,4.02493
dcs:who/overwgt5.EDUCATIONLEVEL--SHLM,dcid:country/VUT,2007,5.94364
dcs:who/overwgt5.AGE--Y0T01,dcid:country/VUT,2007,3.97478
dcs:who/overwgt5.AGE--Y2T05,dcid:country/VUT,2007,5.43992
dcs:who/overwgt5.WEALTHQUINTILE--WQ2,dcid:country/YEM,2013,2.40448
dcs:who/overwgt5.WEALTHQUINTILE--WQ3,dcid:country/YEM,2013,2.44477
dcs:who/overwgt5.WEALTHQUINTILE--WQ5,dcid:country/YEM,2013,2.53543
dcs:who/overwgt5.WEALTHQUINTILE--WQ1,dcid:country/YEM,2013,2.045
dcs:who/overwgt5.WEALTHQUINTILE--WQ4,dcid:country/YEM,2013,2.97169
dcs:who/overwgt5.SEX--M,dcid:country/YEM,2013,2.37326
dcs:who/overwgt5.SEX--F,dcid:country/YEM,2013,2.54214
dcs:who/overwgt5.RESIDENCEAREATYPE--URB,dcid:country/YEM,2013,2.50617
dcs:who/overwgt5.RESIDENCEAREATYPE--RUR,dcid:country/YEM,2013,2.43746
dcs:who/overwgt5.AGE--Y0T01,dcid:country/YEM,2013,3.37285
dcs:who/overwgt5.AGE--Y2T05,dcid:country/YEM,2013,1.83034
dcs:who/overwgt5.WEALTHQUINTILE--WQ5,dcid:country/ZAF,2016,9.30986
dcs:who/overwgt5.WEALTHQUINTILE--WQ1,dcid:country/ZAF,2016,15.61096
dcs:who/overwgt5.WEALTHQUINTILE--WQ4,dcid:country/ZAF,2016,14.85884
dcs:who/overwgt5.WEALTHQUINTILE--WQ2,dcid:country/ZAF,2016,13.29807
dcs:who/overwgt5.WEALTHQUINTILE--WQ3,dcid:country/ZAF,2016,11.34279
dcs:who/overwgt5.SEX--F,dcid:country/ZAF,2016,10.98488
dcs:who/overwgt5.SEX--M,dcid:country/ZAF,2016,15.50361
dcs:who/overwgt5.RESIDENCEAREATYPE--URB,dcid:country/ZAF,2016,13.18558
dcs:who/overwgt5.RESIDENCEAREATYPE--RUR,dcid:country/ZAF,2016,13.36363
dcs:who/overwgt5.EDUCATIONLEVEL--PRLM,dcid:country/ZAF,2016,18.63128
dcs:who/overwgt5.EDUCATIONLEVEL--SHLM,dcid:country/ZAF,2016,13.02521
dcs:who/overwgt5.EDUCATIONLEVEL--NHLM,dcid:country/ZAF,2016,0.0
dcs:who/overwgt5.AGE--Y0T01,dcid:country/ZAF,2016,18.4945
dcs:who/overwgt5.AGE--Y2T05,dcid:country/ZAF,2016,10.14387
dcs:who/overwgt5.WEALTHQUINTILE--WQ1,dcid:country/ZMB,2018,5.75562
dcs:who/overwgt5.WEALTHQUINTILE--WQ2,dcid:country/ZMB,2018,4.35499
dcs:who/overwgt5.WEALTHQUINTILE--WQ5,dcid:country/ZMB,2018,6.10539
dcs:who/overwgt5.WEALTHQUINTILE--WQ3,dcid:country/ZMB,2018,4.47197
dcs:who/overwgt5.WEALTHQUINTILE--WQ4,dcid:country/ZMB,2018,5.64824
dcs:who/overwgt5.WEALTHQUINTILE--WQ3,dcid:country/ZMB,2013,6.60109
dcs:who/overwgt5.WEALTHQUINTILE--WQ1,dcid:country/ZMB,2013,5.8334
dcs:who/overwgt5.WEALTHQUINTILE--WQ5,dcid:country/ZMB,2013,7.28712
dcs:who/overwgt5.WEALTHQUINTILE--WQ2,dcid:country/ZMB,2013,5.45626
dcs:who/overwgt5.WEALTHQUINTILE--WQ4,dcid:country/ZMB,2013,6.48923
dcs:who/overwgt5.WEALTHQUINTILE--WQ2,dcid:country/ZMB,2007,8.08592
dcs:who/overwgt5.WEALTHQUINTILE--WQ3,dcid:country/ZMB,2007,9.88076
dcs:who/overwgt5.WEALTHQUINTILE--WQ4,dcid:country/ZMB,2007,6.38116
dcs:who/overwgt5.WEALTHQUINTILE--WQ1,dcid:country/ZMB,2007,10.09157
dcs:who/overwgt5.WEALTHQUINTILE--WQ5,dcid:country/ZMB,2007,6.59017
dcs:who/overwgt5.WEALTHQUINTILE--WQ1,dcid:country/ZMB,2001,5.29318
dcs:who/overwgt5.WEALTHQUINTILE--WQ2,dcid:country/ZMB,2001,6.29554
dcs:who/overwgt5.WEALTHQUINTILE--WQ4,dcid:country/ZMB,2001,4.78483
dcs:who/overwgt5.WEALTHQUINTILE--WQ3,dcid:country/ZMB,2001,6.12102
dcs:who/overwgt5.WEALTHQUINTILE--WQ5,dcid:country/ZMB,2001,7.14223
dcs:who/overwgt5.WEALTHQUINTILE--WQ1,dcid:country/ZMB,1996,6.14149
dcs:who/overwgt5.WEALTHQUINTILE--WQ2,dcid:country/ZMB,1996,6.65116
dcs:who/overwgt5.WEALTHQUINTILE--WQ5,dcid:country/ZMB,1996,6.14041
dcs:who/overwgt5.WEALTHQUINTILE--WQ3,dcid:country/ZMB,1996,7.73128
dcs:who/overwgt5.WEALTHQUINTILE--WQ4,dcid:country/ZMB,1996,4.56166
dcs:who/overwgt5.SEX--M,dcid:country/ZMB,2018,5.4444
dcs:who/overwgt5.SEX--F,dcid:country/ZMB,2018,5.01881
dcs:who/overwgt5.SEX--M,dcid:country/ZMB,2013,6.59142
dcs:who/overwgt5.SEX--F,dcid:country/ZMB,2013,5.88223
dcs:who/overwgt5.SEX--F,dcid:country/ZMB,2001,5.38233
dcs:who/overwgt5.SEX--M,dcid:country/ZMB,2007,8.56832
dcs:who/overwgt5.SEX--M,dcid:country/ZMB,2001,6.36444
dcs:who/overwgt5.SEX--F,dcid:country/ZMB,2007,8.31776
dcs:who/overwgt5.SEX--F,dcid:country/ZMB,1996,5.99596
dcs:who/overwgt5.SEX--M,dcid:country/ZMB,1996,6.39844
dcs:who/overwgt5.RESIDENCEAREATYPE--RUR,dcid:country/ZMB,2018,4.9779
dcs:who/overwgt5.RESIDENCEAREATYPE--URB,dcid:country/ZMB,2018,5.70711
dcs:who/overwgt5.RESIDENCEAREATYPE--RUR,dcid:country/ZMB,2013,5.8688
dcs:who/overwgt5.RESIDENCEAREATYPE--URB,dcid:country/ZMB,2013,6.96646
dcs:who/overwgt5.RESIDENCEAREATYPE--URB,dcid:country/ZMB,2007,7.01139
dcs:who/overwgt5.RESIDENCEAREATYPE--RUR,dcid:country/ZMB,2007,9.00797
dcs:who/overwgt5.RESIDENCEAREATYPE--RUR,dcid:country/ZMB,2001,5.87987
dcs:who/overwgt5.RESIDENCEAREATYPE--URB,dcid:country/ZMB,2001,5.85785
dcs:who/overwgt5.RESIDENCEAREATYPE--URB,dcid:country/ZMB,1996,5.52192
dcs:who/overwgt5.RESIDENCEAREATYPE--RUR,dcid:country/ZMB,1996,6.63147
dcs:who/overwgt5.EDUCATIONLEVEL--PRLM,dcid:country/ZMB,2018,5.20005
dcs:who/overwgt5.EDUCATIONLEVEL--SHLM,dcid:country/ZMB,2018,5.45069
dcs:who/overwgt5.EDUCATIONLEVEL--NHLM,dcid:country/ZMB,2018,5.32543
dcs:who/overwgt5.EDUCATIONLEVEL--NHLM,dcid:country/ZMB,2013,6.40177
dcs:who/overwgt5.EDUCATIONLEVEL--PRLM,dcid:country/ZMB,2013,6.00201
dcs:who/overwgt5.EDUCATIONLEVEL--SHLM,dcid:country/ZMB,2013,6.6723
dcs:who/overwgt5.EDUCATIONLEVEL--PRLM,dcid:country/ZMB,2007,9.22814
dcs:who/overwgt5.EDUCATIONLEVEL--SHLM,dcid:country/ZMB,2007,7.12787
dcs:who/overwgt5.EDUCATIONLEVEL--NHLM,dcid:country/ZMB,2007,7.71014
dcs:who/overwgt5.EDUCATIONLEVEL--PRLM,dcid:country/ZMB,2001,6.01204
dcs:who/overwgt5.EDUCATIONLEVEL--SHLM,dcid:country/ZMB,2001,4.92431
dcs:who/overwgt5.EDUCATIONLEVEL--NHLM,dcid:country/ZMB,2001,7.02708
dcs:who/overwgt5.EDUCATIONLEVEL--NHLM,dcid:country/ZMB,1996,7.307
dcs:who/overwgt5.EDUCATIONLEVEL--SHLM,dcid:country/ZMB,1996,7.0291
dcs:who/overwgt5.EDUCATIONLEVEL--PRLM,dcid:country/ZMB,1996,5.66263
dcs:who/overwgt5.AGE--Y0T01,dcid:country/ZMB,2018,7.83433
dcs:who/overwgt5.AGE--Y2T05,dcid:country/ZMB,2018,3.52751
dcs:who/overwgt5.AGE--Y0T01,dcid:country/ZMB,2013,9.75764
dcs:who/overwgt5.AGE--Y2T05,dcid:country/ZMB,2013,3.9462
dcs:who/overwgt5.AGE--Y0T01,dcid:country/ZMB,2007,11.14651
dcs:who/overwgt5.AGE--Y2T05,dcid:country/ZMB,2007,6.47234
dcs:who/overwgt5.AGE--Y2T05,dcid:country/ZMB,2001,5.72412
dcs:who/overwgt5.AGE--Y0T01,dcid:country/ZMB,2001,6.17085
dcs:who/overwgt5.AGE--Y0T01,dcid:country/ZMB,1996,5.28938
dcs:who/overwgt5.AGE--Y2T05,dcid:country/ZMB,1996,6.96087
dcs:who/overwgt5,dcid:country/ZWE,2019,2.09921
dcs:who/overwgt5,dcid:country/ZWE,2015,6.25158
dcs:who/overwgt5,dcid:country/ZWE,2014,3.25907
dcs:who/overwgt5.WEALTHQUINTILE--WQ1,dcid:country/ZWE,2019,1.94352
dcs:who/overwgt5.WEALTHQUINTILE--WQ5,dcid:country/ZWE,2019,2.81887
dcs:who/overwgt5.WEALTHQUINTILE--WQ4,dcid:country/ZWE,2019,2.55634
dcs:who/overwgt5.WEALTHQUINTILE--WQ3,dcid:country/ZWE,2019,3.61515
dcs:who/overwgt5.WEALTHQUINTILE--WQ2,dcid:country/ZWE,2019,1.95018
dcs:who/overwgt5.WEALTHQUINTILE--WQ4,dcid:country/ZWE,2015,6.63271
dcs:who/overwgt5.WEALTHQUINTILE--WQ3,dcid:country/ZWE,2015,4.89778
dcs:who/overwgt5.WEALTHQUINTILE--WQ5,dcid:country/ZWE,2015,7.23143
dcs:who/overwgt5.WEALTHQUINTILE--WQ1,dcid:country/ZWE,2015,5.09475
dcs:who/overwgt5.WEALTHQUINTILE--WQ2,dcid:country/ZWE,2015,4.83707
dcs:who/overwgt5.WEALTHQUINTILE--WQ4,dcid:country/ZWE,2014,3.5418
dcs:who/overwgt5.WEALTHQUINTILE--WQ2,dcid:country/ZWE,2014,2.71007
dcs:who/overwgt5.WEALTHQUINTILE--WQ1,dcid:country/ZWE,2014,3.65271
dcs:who/overwgt5.WEALTHQUINTILE--WQ3,dcid:country/ZWE,2014,3.38794
dcs:who/overwgt5.WEALTHQUINTILE--WQ5,dcid:country/ZWE,2014,4.78344
dcs:who/overwgt5.WEALTHQUINTILE--WQ5,dcid:country/ZWE,2010,7.25292
dcs:who/overwgt5.WEALTHQUINTILE--WQ3,dcid:country/ZWE,2010,6.1877
dcs:who/overwgt5.WEALTHQUINTILE--WQ2,dcid:country/ZWE,2010,4.50497
dcs:who/overwgt5.WEALTHQUINTILE--WQ1,dcid:country/ZWE,2010,4.68103
dcs:who/overwgt5.WEALTHQUINTILE--WQ4,dcid:country/ZWE,2010,7.12989
dcs:who/overwgt5.WEALTHQUINTILE--WQ2,dcid:country/ZWE,2009,2.82084
dcs:who/overwgt5.WEALTHQUINTILE--WQ4,dcid:country/ZWE,2009,3.01548
dcs:who/overwgt5.WEALTHQUINTILE--WQ1,dcid:country/ZWE,2009,3.05406
dcs:who/overwgt5.WEALTHQUINTILE--WQ5,dcid:country/ZWE,2009,6.28242
dcs:who/overwgt5.WEALTHQUINTILE--WQ3,dcid:country/ZWE,2009,2.86276
dcs:who/overwgt5.WEALTHQUINTILE--WQ3,dcid:country/ZWE,2005,9.34194
dcs:who/overwgt5.WEALTHQUINTILE--WQ1,dcid:country/ZWE,2005,6.89259
dcs:who/overwgt5.WEALTHQUINTILE--WQ2,dcid:country/ZWE,2005,7.28923
dcs:who/overwgt5.WEALTHQUINTILE--WQ5,dcid:country/ZWE,2005,13.31004
dcs:who/overwgt5.WEALTHQUINTILE--WQ4,dcid:country/ZWE,2005,9.37382
dcs:who/overwgt5.WEALTHQUINTILE--WQ3,dcid:country/ZWE,1999,11.56461
dcs:who/overwgt5.WEALTHQUINTILE--WQ4,dcid:country/ZWE,1999,11.26476
dcs:who/overwgt5.WEALTHQUINTILE--WQ5,dcid:country/ZWE,1999,10.54452
dcs:who/overwgt5.WEALTHQUINTILE--WQ1,dcid:country/ZWE,1999,10.03468
dcs:who/overwgt5.WEALTHQUINTILE--WQ2,dcid:country/ZWE,1999,9.32454
dcs:who/overwgt5.SEX--M,dcid:country/ZWE,2019,2.90657
dcs:who/overwgt5.SEX--F,dcid:country/ZWE,2019,2.16499
dcs:who/overwgt5.SEX--M,dcid:country/ZWE,2015,6.18876
dcs:who/overwgt5.SEX--F,dcid:country/ZWE,2015,5.1095
dcs:who/overwgt5.SEX--M,dcid:country/ZWE,2010,6.65349
dcs:who/overwgt5.SEX--F,dcid:country/ZWE,2014,3.49
dcs:who/overwgt5.SEX--M,dcid:country/ZWE,2014,3.64025
dcs:who/overwgt5.SEX--F,dcid:country/ZWE,2010,4.92825
dcs:who/overwgt5.SEX--F,dcid:country/ZWE,2009,2.68737
dcs:who/overwgt5.SEX--M,dcid:country/ZWE,2009,4.2716
dcs:who/overwgt5.SEX--F,dcid:country/ZWE,2005,8.30544
dcs:who/overwgt5.SEX--M,dcid:country/ZWE,2005,9.36207
dcs:who/overwgt5.SEX--F,dcid:country/ZWE,1999,10.19489
dcs:who/overwgt5.SEX--M,dcid:country/ZWE,1999,10.84289
dcs:who/overwgt5.RESIDENCEAREATYPE--URB,dcid:country/ZWE,2019,2.41749
dcs:who/overwgt5.RESIDENCEAREATYPE--RUR,dcid:country/ZWE,2019,2.58064
dcs:who/overwgt5.RESIDENCEAREATYPE--RUR,dcid:country/ZWE,2015,4.92959
dcs:who/overwgt5.RESIDENCEAREATYPE--URB,dcid:country/ZWE,2015,7.57295
dcs:who/overwgt5.RESIDENCEAREATYPE--RUR,dcid:country/ZWE,2014,3.39324
dcs:who/overwgt5.RESIDENCEAREATYPE--URB,dcid:country/ZWE,2014,4.03908
dcs:who/overwgt5.RESIDENCEAREATYPE--URB,dcid:country/ZWE,2010,5.62541
dcs:who/overwgt5.RESIDENCEAREATYPE--RUR,dcid:country/ZWE,2010,5.83662
dcs:who/overwgt5.RESIDENCEAREATYPE--URB,dcid:country/ZWE,2009,4.83551
dcs:who/overwgt5.RESIDENCEAREATYPE--RUR,dcid:country/ZWE,2009,2.95165
dcs:who/overwgt5.RESIDENCEAREATYPE--RUR,dcid:country/ZWE,2005,7.96097
dcs:who/overwgt5.RESIDENCEAREATYPE--URB,dcid:country/ZWE,2005,11.51084
dcs:who/overwgt5.RESIDENCEAREATYPE--RUR,dcid:country/ZWE,1999,10.60203
dcs:who/overwgt5.RESIDENCEAREATYPE--URB,dcid:country/ZWE,1999,10.3329
dcs:who/overwgt5.EDUCATIONLEVEL--NHLM,dcid:country/ZWE,2019,2.81905
dcs:who/overwgt5.EDUCATIONLEVEL--PRLM,dcid:country/ZWE,2019,2.15368
dcs:who/overwgt5.EDUCATIONLEVEL--SHLM,dcid:country/ZWE,2019,2.70351
dcs:who/overwgt5.EDUCATIONLEVEL--PRLM,dcid:country/ZWE,2015,4.88607
dcs:who/overwgt5.EDUCATIONLEVEL--SHLM,dcid:country/ZWE,2015,6.41825
dcs:who/overwgt5.EDUCATIONLEVEL--NHLM,dcid:country/ZWE,2015,2.67684
dcs:who/overwgt5.EDUCATIONLEVEL--PRLM,dcid:country/ZWE,2014,3.44556
dcs:who/overwgt5.EDUCATIONLEVEL--NHLM,dcid:country/ZWE,2014,1.12096
dcs:who/overwgt5.EDUCATIONLEVEL--SHLM,dcid:country/ZWE,2014,3.76911
dcs:who/overwgt5.EDUCATIONLEVEL--PRLM,dcid:country/ZWE,2010,4.64101
dcs:who/overwgt5.EDUCATIONLEVEL--SHLM,dcid:country/ZWE,2010,6.45017
dcs:who/overwgt5.EDUCATIONLEVEL--NHLM,dcid:country/ZWE,2010,5.29549
dcs:who/overwgt5.EDUCATIONLEVEL--NHLM,dcid:country/ZWE,2009,1.49961
dcs:who/overwgt5.EDUCATIONLEVEL--PRLM,dcid:country/ZWE,2009,3.12973
dcs:who/overwgt5.EDUCATIONLEVEL--SHLM,dcid:country/ZWE,2009,3.88309
dcs:who/overwgt5.EDUCATIONLEVEL--NHLM,dcid:country/ZWE,2005,4.02635
dcs:who/overwgt5.EDUCATIONLEVEL--PRLM,dcid:country/ZWE,2005,7.88858
dcs:who/overwgt5.EDUCATIONLEVEL--SHLM,dcid:country/ZWE,2005,10.65368
dcs:who/overwgt5.EDUCATIONLEVEL--PRLM,dcid:country/ZWE,1999,10.34427
dcs:who/overwgt5.EDUCATIONLEVEL--NHLM,dcid:country/ZWE,1999,8.65386
dcs:who/overwgt5.EDUCATIONLEVEL--SHLM,dcid:country/ZWE,1999,11.70249
dcs:who/overwgt5.AGE--Y2T05,dcid:country/ZWE,2019,1.89437
dcs:who/overwgt5.AGE--Y0T01,dcid:country/ZWE,2019,3.5423
dcs:who/overwgt5.AGE--Y2T05,dcid:country/ZWE,2015,3.81685
dcs:who/overwgt5.AGE--Y0T01,dcid:country/ZWE,2015,8.81018
dcs:who/overwgt5.AGE--Y0T01,dcid:country/ZWE,2014,5.09004
dcs:who/overwgt5.AGE--Y2T05,dcid:country/ZWE,2014,2.56934
dcs:who/overwgt5.AGE--Y0T01,dcid:country/ZWE,2010,8.02659
dcs:who/overwgt5.AGE--Y2T05,dcid:country/ZWE,2010,4.11848
dcs:who/overwgt5.AGE--Y0T01,dcid:country/ZWE,2009,4.6508
dcs:who/overwgt5.AGE--Y2T05,dcid:country/ZWE,2009,2.88732
dcs:who/overwgt5.AGE--Y0T01,dcid:country/ZWE,2005,12.04303
dcs:who/overwgt5.AGE--Y2T05,dcid:country/ZWE,2005,6.95321
dcs:who/overwgt5.AGE--Y2T05,dcid:country/ZWE,1999,8.28171
dcs:who/overwgt5.AGE--Y0T01,dcid:country/ZWE,1999,13.77708
