SERIES,GEOGRAPHY,TIME_PERIOD,OBS_VALUE
dcs:who/AIR_15.AGE--Y70T74__ENVCAUSE--ENVCAUSE068__SEX--M,dcid:AustraliaAndNewZealand,2019,0.0
dcs:who/AIR_15.AGE--Y25T29__ENVCAUSE--ENVCAUSE068__SEX--M,dcid:AustraliaAndNewZealand,2019,0.0
dcs:who/AIR_15.AGE--Y_GE80__ENVCAUSE--ENVCAUSE039__SEX--M,dcid:AustraliaAndNewZealand,2019,0.0
dcs:who/AIR_15.AGE--Y65T69__ENVCAUSE--ENVCAUSE068__SEX--M,dcid:AustraliaAndNewZealand,2019,0.0
dcs:who/AIR_15.AGE--Y_GE80__ENVCAUSE--ENVCAUSE068__SEX--M,dcid:AustraliaAndNewZealand,2019,0.0
dcs:who/AIR_15.AGE--Y75T79__ENVCAUSE--ENVCAUSE118__SEX--M,dcid:AustraliaAndNewZealand,2019,0.0
dcs:who/AIR_15.AGE--Y50T54__ENVCAUSE--ENVCAUSE068__SEX--M,dcid:AustraliaAndNewZealand,2019,0.0
dcs:who/AIR_15.AGE--Y50T54__ENVCAUSE--ENVCAUSE039__SEX--M,dcid:AustraliaAndNewZealand,2019,0.0
dcs:who/AIR_15.AGE--Y35T39__ENVCAUSE--ENVCAUSE068__SEX--M,dcid:AustraliaAndNewZealand,2019,0.0
dcs:who/AIR_15.AGE--Y55T59__ENVCAUSE--ENVCAUSE039__SEX--M,dcid:AustraliaAndNewZealand,2019,0.0
dcs:who/AIR_15.AGE--Y40T44__ENVCAUSE--ENVCAUSE068__SEX--M,dcid:AustraliaAndNewZealand,2019,0.0
dcs:who/AIR_15.AGE--Y65T69__ENVCAUSE--ENVCAUSE039__SEX--M,dcid:AustraliaAndNewZealand,2019,0.0
dcs:who/AIR_15.AGE--Y55T59__ENVCAUSE--ENVCAUSE068__SEX--M,dcid:AustraliaAndNewZealand,2019,0.0
dcs:who/AIR_15.ENVCAUSE--ENVCAUSE068__SEX--M,dcid:AustraliaAndNewZealand,2019,0.0
dcs:who/AIR_15.AGE--Y65T69__ENVCAUSE--ENVCAUSE118__SEX--M,dcid:AustraliaAndNewZealand,2019,0.0
dcs:who/AIR_15.AGE--Y45T49__ENVCAUSE--ENVCAUSE039__SEX--M,dcid:AustraliaAndNewZealand,2019,0.0
dcs:who/AIR_15.ENVCAUSE--ENVCAUSE039__SEX--M,dcid:AustraliaAndNewZealand,2019,0.0
dcs:who/AIR_15.AGE--Y70T74__ENVCAUSE--ENVCAUSE118__SEX--M,dcid:AustraliaAndNewZealand,2019,0.0
dcs:who/AIR_15.AGE--Y60T64__ENVCAUSE--ENVCAUSE039__SEX--M,dcid:AustraliaAndNewZealand,2019,0.0
dcs:who/AIR_15.AGE--Y75T79__ENVCAUSE--ENVCAUSE068__SEX--M,dcid:AustraliaAndNewZealand,2019,0.0
dcs:who/AIR_15.AGE--Y10T14__ENVCAUSE--ENVCAUSE039__SEX--M,dcid:AustraliaAndNewZealand,2019,0.0
dcs:who/AIR_15.AGE--Y60T64__ENVCAUSE--ENVCAUSE068__SEX--M,dcid:AustraliaAndNewZealand,2019,0.0
dcs:who/AIR_15.AGE--Y_GE80__ENVCAUSE--ENVCAUSE118__SEX--M,dcid:AustraliaAndNewZealand,2019,0.0
dcs:who/AIR_15.AGE--Y20T24__ENVCAUSE--ENVCAUSE039__SEX--M,dcid:AustraliaAndNewZealand,2019,0.0
dcs:who/AIR_15.AGE--Y45T49__ENVCAUSE--ENVCAUSE068__SEX--M,dcid:AustraliaAndNewZealand,2019,0.0
dcs:who/AIR_15.AGE--Y0T4__ENVCAUSE--ENVCAUSE039__SEX--M,dcid:AustraliaAndNewZealand,2019,0.0
dcs:who/AIR_15.AGE--Y40T44__ENVCAUSE--ENVCAUSE039__SEX--M,dcid:AustraliaAndNewZealand,2019,0.0
dcs:who/AIR_15.AGE--Y15T19__ENVCAUSE--ENVCAUSE039__SEX--M,dcid:AustraliaAndNewZealand,2019,0.0
dcs:who/AIR_15.AGE--Y30T34__ENVCAUSE--ENVCAUSE068__SEX--M,dcid:AustraliaAndNewZealand,2019,0.0
dcs:who/AIR_15.AGE--Y70T74__ENVCAUSE--ENVCAUSE039__SEX--M,dcid:AustraliaAndNewZealand,2019,0.0
dcs:who/AIR_15.AGE--Y5T9__ENVCAUSE--ENVCAUSE039__SEX--M,dcid:AustraliaAndNewZealand,2019,0.0
dcs:who/AIR_15.AGE--Y30T34__ENVCAUSE--ENVCAUSE039__SEX--M,dcid:AustraliaAndNewZealand,2019,0.0
dcs:who/AIR_15.ENVCAUSE--ENVCAUSE118__SEX--M,dcid:AustraliaAndNewZealand,2019,0.0
dcs:who/AIR_15.AGE--Y75T79__ENVCAUSE--ENVCAUSE039__SEX--M,dcid:AustraliaAndNewZealand,2019,0.0
dcs:who/AIR_15.AGE--Y25T29__ENVCAUSE--ENVCAUSE039__SEX--M,dcid:AustraliaAndNewZealand,2019,0.0
dcs:who/AIR_15.AGE--Y35T39__ENVCAUSE--ENVCAUSE039__SEX--M,dcid:AustraliaAndNewZealand,2019,0.0
dcs:who/AIR_15.AGE--Y30T34__ENVCAUSE--ENVCAUSE114__SEX--M,dcid:AustraliaAndNewZealand,2019,0.0
dcs:who/AIR_15.AGE--Y65T69__ENVCAUSE--ENVCAUSE114__SEX--M,dcid:AustraliaAndNewZealand,2019,0.0
dcs:who/AIR_15.AGE--Y25T29__ENVCAUSE--ENVCAUSE114__SEX--M,dcid:AustraliaAndNewZealand,2019,0.0
dcs:who/AIR_15.AGE--Y70T74__ENVCAUSE--ENVCAUSE113__SEX--M,dcid:AustraliaAndNewZealand,2019,0.0
dcs:who/AIR_15.AGE--Y60T64__ENVCAUSE--ENVCAUSE118__SEX--M,dcid:AustraliaAndNewZealand,2019,0.0
dcs:who/AIR_15.AGE--Y40T44__ENVCAUSE--ENVCAUSE114__SEX--M,dcid:AustraliaAndNewZealand,2019,0.0
dcs:who/AIR_15.AGE--Y45T49__ENVCAUSE--ENVCAUSE113__SEX--M,dcid:AustraliaAndNewZealand,2019,0.0
dcs:who/AIR_15.AGE--Y60T64__ENVCAUSE--ENVCAUSE113__SEX--M,dcid:AustraliaAndNewZealand,2019,0.0
dcs:who/AIR_15.AGE--Y70T74__ENVCAUSE--ENVCAUSE114__SEX--M,dcid:AustraliaAndNewZealand,2019,0.0
dcs:who/AIR_15.AGE--Y75T79__ENVCAUSE--ENVCAUSE113__SEX--M,dcid:AustraliaAndNewZealand,2019,0.0
dcs:who/AIR_15.AGE--Y35T39__ENVCAUSE--ENVCAUSE118__SEX--M,dcid:AustraliaAndNewZealand,2019,0.0
dcs:who/AIR_15.AGE--Y_GE80__ENVCAUSE--ENVCAUSE114__SEX--M,dcid:AustraliaAndNewZealand,2019,0.0
dcs:who/AIR_15.AGE--Y45T49__ENVCAUSE--ENVCAUSE118__SEX--M,dcid:AustraliaAndNewZealand,2019,0.0
dcs:who/AIR_15.ENVCAUSE--ENVCAUSE114__SEX--M,dcid:AustraliaAndNewZealand,2019,0.0
dcs:who/AIR_15.AGE--Y25T29__ENVCAUSE--ENVCAUSE118__SEX--M,dcid:AustraliaAndNewZealand,2019,0.0
dcs:who/AIR_15.AGE--Y55T59__ENVCAUSE--ENVCAUSE114__SEX--M,dcid:AustraliaAndNewZealand,2019,0.0
dcs:who/AIR_15.AGE--Y40T44__ENVCAUSE--ENVCAUSE113__SEX--M,dcid:AustraliaAndNewZealand,2019,0.0
dcs:who/AIR_15.AGE--Y75T79__ENVCAUSE--ENVCAUSE114__SEX--M,dcid:AustraliaAndNewZealand,2019,0.0
dcs:who/AIR_15.AGE--Y50T54__ENVCAUSE--ENVCAUSE118__SEX--M,dcid:AustraliaAndNewZealand,2019,0.0
dcs:who/AIR_15.AGE--Y50T54__ENVCAUSE--ENVCAUSE114__SEX--M,dcid:AustraliaAndNewZealand,2019,0.0
dcs:who/AIR_15.AGE--Y35T39__ENVCAUSE--ENVCAUSE114__SEX--M,dcid:AustraliaAndNewZealand,2019,0.0
dcs:who/AIR_15.AGE--Y55T59__ENVCAUSE--ENVCAUSE118__SEX--M,dcid:AustraliaAndNewZealand,2019,0.0
dcs:who/AIR_15.AGE--Y65T69__ENVCAUSE--ENVCAUSE113__SEX--M,dcid:AustraliaAndNewZealand,2019,0.0
dcs:who/AIR_15.AGE--Y45T49__ENVCAUSE--ENVCAUSE114__SEX--M,dcid:AustraliaAndNewZealand,2019,0.0
dcs:who/AIR_15.AGE--Y40T44__ENVCAUSE--ENVCAUSE118__SEX--M,dcid:AustraliaAndNewZealand,2019,0.0
dcs:who/AIR_15.AGE--Y_GE80__ENVCAUSE--ENVCAUSE113__SEX--M,dcid:AustraliaAndNewZealand,2019,0.0
dcs:who/AIR_15.AGE--Y35T39__ENVCAUSE--ENVCAUSE113__SEX--M,dcid:AustraliaAndNewZealand,2019,0.0
dcs:who/AIR_15.AGE--Y55T59__ENVCAUSE--ENVCAUSE113__SEX--M,dcid:AustraliaAndNewZealand,2019,0.0
dcs:who/AIR_15.ENVCAUSE--ENVCAUSE113__SEX--M,dcid:AustraliaAndNewZealand,2019,0.0
dcs:who/AIR_15.AGE--Y30T34__ENVCAUSE--ENVCAUSE118__SEX--M,dcid:AustraliaAndNewZealand,2019,0.0
dcs:who/AIR_15.AGE--Y60T64__ENVCAUSE--ENVCAUSE114__SEX--M,dcid:AustraliaAndNewZealand,2019,0.0
dcs:who/AIR_15.AGE--Y50T54__ENVCAUSE--ENVCAUSE113__SEX--M,dcid:AustraliaAndNewZealand,2019,0.0
dcs:who/AIR_15.AGE--Y30T34__ENVCAUSE--ENVCAUSE039__SEX--F,dcid:AustraliaAndNewZealand,2019,0.0
dcs:who/AIR_15.ENVCAUSE--ENVCAUSE118__SEX--F,dcid:AustraliaAndNewZealand,2019,0.0
dcs:who/AIR_15.AGE--Y_GE80__ENVCAUSE--ENVCAUSE068__SEX--F,dcid:AustraliaAndNewZealand,2019,0.0
dcs:who/AIR_15.AGE--Y60T64__ENVCAUSE--ENVCAUSE039__SEX--F,dcid:AustraliaAndNewZealand,2019,0.0
dcs:who/AIR_15.AGE--Y45T49__ENVCAUSE--ENVCAUSE068__SEX--F,dcid:AustraliaAndNewZealand,2019,0.0
dcs:who/AIR_15.AGE--Y70T74__ENVCAUSE--ENVCAUSE068__SEX--F,dcid:AustraliaAndNewZealand,2019,0.0
dcs:who/AIR_15.AGE--Y70T74__ENVCAUSE--ENVCAUSE039__SEX--F,dcid:AustraliaAndNewZealand,2019,0.0
dcs:who/AIR_15.AGE--Y40T44__ENVCAUSE--ENVCAUSE068__SEX--F,dcid:AustraliaAndNewZealand,2019,0.0
dcs:who/AIR_15.ENVCAUSE--ENVCAUSE068__SEX--F,dcid:AustraliaAndNewZealand,2019,0.0
dcs:who/AIR_15.AGE--Y25T29__ENVCAUSE--ENVCAUSE068__SEX--F,dcid:AustraliaAndNewZealand,2019,0.0
dcs:who/AIR_15.ENVCAUSE--ENVCAUSE039__SEX--F,dcid:AustraliaAndNewZealand,2019,0.0
dcs:who/AIR_15.AGE--Y50T54__ENVCAUSE--ENVCAUSE039__SEX--F,dcid:AustraliaAndNewZealand,2019,0.0
dcs:who/AIR_15.AGE--Y40T44__ENVCAUSE--ENVCAUSE039__SEX--F,dcid:AustraliaAndNewZealand,2019,0.0
dcs:who/AIR_15.AGE--Y15T19__ENVCAUSE--ENVCAUSE039__SEX--F,dcid:AustraliaAndNewZealand,2019,0.0
dcs:who/AIR_15.AGE--Y25T29__ENVCAUSE--ENVCAUSE039__SEX--F,dcid:AustraliaAndNewZealand,2019,0.0
dcs:who/AIR_15.AGE--Y65T69__ENVCAUSE--ENVCAUSE039__SEX--F,dcid:AustraliaAndNewZealand,2019,0.0
dcs:who/AIR_15.AGE--Y5T9__ENVCAUSE--ENVCAUSE039__SEX--F,dcid:AustraliaAndNewZealand,2019,0.0
dcs:who/AIR_15.AGE--Y25T29__ENVCAUSE--ENVCAUSE113__SEX--M,dcid:AustraliaAndNewZealand,2019,0.0
dcs:who/AIR_15.AGE--Y55T59__ENVCAUSE--ENVCAUSE068__SEX--F,dcid:AustraliaAndNewZealand,2019,0.0
dcs:who/AIR_15.AGE--Y_GE80__ENVCAUSE--ENVCAUSE118__SEX--F,dcid:AustraliaAndNewZealand,2019,0.0
dcs:who/AIR_15.AGE--Y75T79__ENVCAUSE--ENVCAUSE118__SEX--F,dcid:AustraliaAndNewZealand,2019,0.0
dcs:who/AIR_15.SEX--M,dcid:AustraliaAndNewZealand,2019,0.0
dcs:who/AIR_15.AGE--Y45T49__ENVCAUSE--ENVCAUSE039__SEX--F,dcid:AustraliaAndNewZealand,2019,0.0
dcs:who/AIR_15.AGE--Y30T34__ENVCAUSE--ENVCAUSE113__SEX--M,dcid:AustraliaAndNewZealand,2019,0.0
dcs:who/AIR_15.AGE--Y60T64__ENVCAUSE--ENVCAUSE068__SEX--F,dcid:AustraliaAndNewZealand,2019,0.0
dcs:who/AIR_15.AGE--Y35T39__ENVCAUSE--ENVCAUSE068__SEX--F,dcid:AustraliaAndNewZealand,2019,0.0
dcs:who/AIR_15.AGE--Y75T79__ENVCAUSE--ENVCAUSE068__SEX--F,dcid:AustraliaAndNewZealand,2019,0.0
dcs:who/AIR_15.AGE--Y0T4__ENVCAUSE--ENVCAUSE039__SEX--F,dcid:AustraliaAndNewZealand,2019,0.0
dcs:who/AIR_15.AGE--Y55T59__ENVCAUSE--ENVCAUSE039__SEX--F,dcid:AustraliaAndNewZealand,2019,0.0
dcs:who/AIR_15.AGE--Y35T39__ENVCAUSE--ENVCAUSE039__SEX--F,dcid:AustraliaAndNewZealand,2019,0.0
dcs:who/AIR_15.AGE--Y20T24__ENVCAUSE--ENVCAUSE039__SEX--F,dcid:AustraliaAndNewZealand,2019,0.0
dcs:who/AIR_15.AGE--Y50T54__ENVCAUSE--ENVCAUSE068__SEX--F,dcid:AustraliaAndNewZealand,2019,0.0
dcs:who/AIR_15.AGE--Y70T74__ENVCAUSE--ENVCAUSE118__SEX--F,dcid:AustraliaAndNewZealand,2019,0.0
dcs:who/AIR_15.AGE--Y30T34__ENVCAUSE--ENVCAUSE068__SEX--F,dcid:AustraliaAndNewZealand,2019,0.0
dcs:who/AIR_15.AGE--Y65T69__ENVCAUSE--ENVCAUSE068__SEX--F,dcid:AustraliaAndNewZealand,2019,0.0
dcs:who/AIR_15.AGE--Y10T14__ENVCAUSE--ENVCAUSE039__SEX--F,dcid:AustraliaAndNewZealand,2019,0.0
dcs:who/AIR_15.AGE--Y75T79__ENVCAUSE--ENVCAUSE039__SEX--F,dcid:AustraliaAndNewZealand,2019,0.0
dcs:who/AIR_15.AGE--Y_GE80__ENVCAUSE--ENVCAUSE039__SEX--F,dcid:AustraliaAndNewZealand,2019,0.0
dcs:who/AIR_15.AGE--Y60T64__ENVCAUSE--ENVCAUSE114__SEX--F,dcid:AustraliaAndNewZealand,2019,0.0
dcs:who/AIR_15.AGE--Y30T34__ENVCAUSE--ENVCAUSE114__SEX--F,dcid:AustraliaAndNewZealand,2019,0.0
dcs:who/AIR_15.AGE--Y65T69__ENVCAUSE--ENVCAUSE118__SEX--F,dcid:AustraliaAndNewZealand,2019,0.0
dcs:who/AIR_15.AGE--Y60T64__ENVCAUSE--ENVCAUSE118__SEX--F,dcid:AustraliaAndNewZealand,2019,0.0
dcs:who/AIR_15.AGE--Y40T44__ENVCAUSE--ENVCAUSE118__SEX--F,dcid:AustraliaAndNewZealand,2019,0.0
dcs:who/AIR_15.AGE--Y70T74__ENVCAUSE--ENVCAUSE114__SEX--F,dcid:AustraliaAndNewZealand,2019,0.0
dcs:who/AIR_15.AGE--Y75T79__ENVCAUSE--ENVCAUSE114__SEX--F,dcid:AustraliaAndNewZealand,2019,0.0
dcs:who/AIR_15.AGE--Y65T69__ENVCAUSE--ENVCAUSE114__SEX--F,dcid:AustraliaAndNewZealand,2019,0.0
dcs:who/AIR_15.AGE--Y_GE80__ENVCAUSE--ENVCAUSE114__SEX--F,dcid:AustraliaAndNewZealand,2019,0.0
dcs:who/AIR_15.AGE--Y35T39__ENVCAUSE--ENVCAUSE114__SEX--F,dcid:AustraliaAndNewZealand,2019,0.0
dcs:who/AIR_15.AGE--Y45T49__ENVCAUSE--ENVCAUSE118__SEX--F,dcid:AustraliaAndNewZealand,2019,0.0
dcs:who/AIR_15.AGE--Y55T59__ENVCAUSE--ENVCAUSE114__SEX--F,dcid:AustraliaAndNewZealand,2019,0.0
dcs:who/AIR_15.AGE--Y25T29__ENVCAUSE--ENVCAUSE118__SEX--F,dcid:AustraliaAndNewZealand,2019,0.0
dcs:who/AIR_15.AGE--Y55T59__ENVCAUSE--ENVCAUSE118__SEX--F,dcid:AustraliaAndNewZealand,2019,0.0
dcs:who/AIR_15.ENVCAUSE--ENVCAUSE114__SEX--F,dcid:AustraliaAndNewZealand,2019,0.0
dcs:who/AIR_15.AGE--Y35T39__ENVCAUSE--ENVCAUSE118__SEX--F,dcid:AustraliaAndNewZealand,2019,0.0
dcs:who/AIR_15.AGE--Y50T54__ENVCAUSE--ENVCAUSE114__SEX--F,dcid:AustraliaAndNewZealand,2019,0.0
dcs:who/AIR_15.AGE--Y30T34__ENVCAUSE--ENVCAUSE118__SEX--F,dcid:AustraliaAndNewZealand,2019,0.0
dcs:who/AIR_15.AGE--Y50T54__ENVCAUSE--ENVCAUSE118__SEX--F,dcid:AustraliaAndNewZealand,2019,0.0
dcs:who/AIR_15.AGE--Y45T49__ENVCAUSE--ENVCAUSE114__SEX--F,dcid:AustraliaAndNewZealand,2019,0.0
dcs:who/AIR_15.AGE--Y40T44__ENVCAUSE--ENVCAUSE114__SEX--F,dcid:AustraliaAndNewZealand,2019,0.0
dcs:who/AIR_15.AGE--Y45T49__ENVCAUSE--ENVCAUSE104__SEX--F,dcid:AustraliaAndNewZealand,2019,0.0
dcs:who/AIR_15.AGE--Y30T34__ENVCAUSE--ENVCAUSE113__SEX--F,dcid:AustraliaAndNewZealand,2019,0.0
dcs:who/AIR_15.AGE--Y_GE80__ENVCAUSE--ENVCAUSE104__SEX--F,dcid:AustraliaAndNewZealand,2019,0.0
dcs:who/AIR_15.AGE--Y25T29__ENVCAUSE--ENVCAUSE114__SEX--F,dcid:AustraliaAndNewZealand,2019,0.0
dcs:who/AIR_15.AGE--Y65T69__ENVCAUSE--ENVCAUSE104__SEX--F,dcid:AustraliaAndNewZealand,2019,0.0
dcs:who/AIR_15.AGE--Y55T59__ENVCAUSE--ENVCAUSE113__SEX--F,dcid:AustraliaAndNewZealand,2019,0.0
dcs:who/AIR_15.AGE--Y75T79__ENVCAUSE--ENVCAUSE113__SEX--F,dcid:AustraliaAndNewZealand,2019,0.0
dcs:who/AIR_15.AGE--Y75T79__ENVCAUSE--ENVCAUSE104__SEX--F,dcid:AustraliaAndNewZealand,2019,0.0
dcs:who/AIR_15.AGE--Y60T64__ENVCAUSE--ENVCAUSE104__SEX--F,dcid:AustraliaAndNewZealand,2019,0.0
dcs:who/AIR_15.AGE--Y50T54__ENVCAUSE--ENVCAUSE104__SEX--F,dcid:AustraliaAndNewZealand,2019,0.0
dcs:who/AIR_15.AGE--Y35T39__ENVCAUSE--ENVCAUSE104__SEX--F,dcid:AustraliaAndNewZealand,2019,0.0
dcs:who/AIR_15.AGE--Y25T29__ENVCAUSE--ENVCAUSE113__SEX--F,dcid:AustraliaAndNewZealand,2019,0.0
dcs:who/AIR_15.AGE--Y35T39__ENVCAUSE--ENVCAUSE113__SEX--F,dcid:AustraliaAndNewZealand,2019,0.0
dcs:who/AIR_15.ENVCAUSE--ENVCAUSE104__SEX--F,dcid:AustraliaAndNewZealand,2019,0.0
dcs:who/AIR_15.AGE--Y25T29__ENVCAUSE--ENVCAUSE104__SEX--F,dcid:AustraliaAndNewZealand,2019,0.0
dcs:who/AIR_15.AGE--Y50T54__ENVCAUSE--ENVCAUSE113__SEX--F,dcid:AustraliaAndNewZealand,2019,0.0
dcs:who/AIR_15.AGE--Y60T64__ENVCAUSE--ENVCAUSE113__SEX--F,dcid:AustraliaAndNewZealand,2019,0.0
dcs:who/AIR_15.AGE--Y70T74__ENVCAUSE--ENVCAUSE113__SEX--F,dcid:AustraliaAndNewZealand,2019,0.0
dcs:who/AIR_15.AGE--Y40T44__ENVCAUSE--ENVCAUSE113__SEX--F,dcid:AustraliaAndNewZealand,2019,0.0
dcs:who/AIR_15.ENVCAUSE--ENVCAUSE113__SEX--F,dcid:AustraliaAndNewZealand,2019,0.0
dcs:who/AIR_15.AGE--Y70T74__ENVCAUSE--ENVCAUSE104__SEX--F,dcid:AustraliaAndNewZealand,2019,0.0
dcs:who/AIR_15.AGE--Y55T59__ENVCAUSE--ENVCAUSE104__SEX--F,dcid:AustraliaAndNewZealand,2019,0.0
dcs:who/AIR_15.AGE--Y_GE80__ENVCAUSE--ENVCAUSE113__SEX--F,dcid:AustraliaAndNewZealand,2019,0.0
dcs:who/AIR_15.AGE--Y45T49__ENVCAUSE--ENVCAUSE113__SEX--F,dcid:AustraliaAndNewZealand,2019,0.0
dcs:who/AIR_15.AGE--Y30T34__ENVCAUSE--ENVCAUSE104__SEX--F,dcid:AustraliaAndNewZealand,2019,0.0
dcs:who/AIR_15.AGE--Y65T69__ENVCAUSE--ENVCAUSE113__SEX--F,dcid:AustraliaAndNewZealand,2019,0.0
dcs:who/AIR_15.AGE--Y40T44__ENVCAUSE--ENVCAUSE104__SEX--F,dcid:AustraliaAndNewZealand,2019,0.0
dcs:who/AIR_15.AGE--Y30T34__ENVCAUSE--ENVCAUSE039,dcid:AustraliaAndNewZealand,2019,0.0
dcs:who/AIR_15.AGE--Y30T34__ENVCAUSE--ENVCAUSE068,dcid:AustraliaAndNewZealand,2019,0.0
dcs:who/AIR_15.AGE--Y20T24__ENVCAUSE--ENVCAUSE039,dcid:AustraliaAndNewZealand,2019,0.0
dcs:who/AIR_15.AGE--Y70T74__ENVCAUSE--ENVCAUSE068,dcid:AustraliaAndNewZealand,2019,0.0
dcs:who/AIR_15.AGE--Y_GE80__ENVCAUSE--ENVCAUSE039,dcid:AustraliaAndNewZealand,2019,0.0
dcs:who/AIR_15.AGE--Y35T39__ENVCAUSE--ENVCAUSE068,dcid:AustraliaAndNewZealand,2019,0.0
dcs:who/AIR_15.AGE--Y55T59__ENVCAUSE--ENVCAUSE039,dcid:AustraliaAndNewZealand,2019,0.0
dcs:who/AIR_15.AGE--Y40T44__ENVCAUSE--ENVCAUSE068,dcid:AustraliaAndNewZealand,2019,0.0
dcs:who/AIR_15.AGE--Y40T44__ENVCAUSE--ENVCAUSE039,dcid:AustraliaAndNewZealand,2019,0.0
dcs:who/AIR_15.AGE--Y65T69__ENVCAUSE--ENVCAUSE068,dcid:AustraliaAndNewZealand,2019,0.0
dcs:who/AIR_15.AGE--Y50T54__ENVCAUSE--ENVCAUSE039,dcid:AustraliaAndNewZealand,2019,0.0
dcs:who/AIR_15.ENVCAUSE--ENVCAUSE039,dcid:AustraliaAndNewZealand,2019,0.0
dcs:who/AIR_15.ENVCAUSE--ENVCAUSE068,dcid:AustraliaAndNewZealand,2019,0.0
dcs:who/AIR_15.AGE--Y15T19__ENVCAUSE--ENVCAUSE039,dcid:AustraliaAndNewZealand,2019,0.0
dcs:who/AIR_15.AGE--Y70T74__ENVCAUSE--ENVCAUSE039,dcid:AustraliaAndNewZealand,2019,0.0
dcs:who/AIR_15.AGE--Y60T64__ENVCAUSE--ENVCAUSE068,dcid:AustraliaAndNewZealand,2019,0.0
dcs:who/AIR_15.AGE--Y5T9__ENVCAUSE--ENVCAUSE039,dcid:AustraliaAndNewZealand,2019,0.0
dcs:who/AIR_15.AGE--Y60T64__ENVCAUSE--ENVCAUSE039,dcid:AustraliaAndNewZealand,2019,0.0
dcs:who/AIR_15.AGE--Y25T29__ENVCAUSE--ENVCAUSE039,dcid:AustraliaAndNewZealand,2019,0.0
dcs:who/AIR_15.AGE--Y10T14__ENVCAUSE--ENVCAUSE039,dcid:AustraliaAndNewZealand,2019,0.0
dcs:who/AIR_15.AGE--Y75T79__ENVCAUSE--ENVCAUSE068,dcid:AustraliaAndNewZealand,2019,0.0
dcs:who/AIR_15.AGE--Y75T79__ENVCAUSE--ENVCAUSE039,dcid:AustraliaAndNewZealand,2019,0.0
dcs:who/AIR_15.AGE--Y45T49__ENVCAUSE--ENVCAUSE039,dcid:AustraliaAndNewZealand,2019,0.0
dcs:who/AIR_15.AGE--Y35T39__ENVCAUSE--ENVCAUSE039,dcid:AustraliaAndNewZealand,2019,0.0
dcs:who/AIR_15.SEX--F,dcid:AustraliaAndNewZealand,2019,0.0
dcs:who/AIR_15.AGE--Y65T69__ENVCAUSE--ENVCAUSE039,dcid:AustraliaAndNewZealand,2019,0.0
dcs:who/AIR_15.AGE--Y_GE80__ENVCAUSE--ENVCAUSE068,dcid:AustraliaAndNewZealand,2019,0.0
dcs:who/AIR_15.AGE--Y55T59__ENVCAUSE--ENVCAUSE068,dcid:AustraliaAndNewZealand,2019,0.0
dcs:who/AIR_15.AGE--Y25T29__ENVCAUSE--ENVCAUSE068,dcid:AustraliaAndNewZealand,2019,0.0
dcs:who/AIR_15.AGE--Y45T49__ENVCAUSE--ENVCAUSE068,dcid:AustraliaAndNewZealand,2019,0.0
dcs:who/AIR_15.AGE--Y50T54__ENVCAUSE--ENVCAUSE068,dcid:AustraliaAndNewZealand,2019,0.0
dcs:who/AIR_15.AGE--Y60T64__ENVCAUSE--ENVCAUSE114,dcid:AustraliaAndNewZealand,2019,0.0
dcs:who/AIR_15.ENVCAUSE--ENVCAUSE113,dcid:AustraliaAndNewZealand,2019,0.0
dcs:who/AIR_15.AGE--Y45T49__ENVCAUSE--ENVCAUSE113,dcid:AustraliaAndNewZealand,2019,0.0
dcs:who/AIR_15.AGE--Y_GE80__ENVCAUSE--ENVCAUSE113,dcid:AustraliaAndNewZealand,2019,0.0
dcs:who/AIR_15.AGE--Y70T74__ENVCAUSE--ENVCAUSE118,dcid:AustraliaAndNewZealand,2019,0.0
dcs:who/AIR_15.AGE--Y75T79__ENVCAUSE--ENVCAUSE113,dcid:AustraliaAndNewZealand,2019,0.0
dcs:who/AIR_15.AGE--Y60T64__ENVCAUSE--ENVCAUSE113,dcid:AustraliaAndNewZealand,2019,0.0
dcs:who/AIR_15.AGE--Y35T39__ENVCAUSE--ENVCAUSE114,dcid:AustraliaAndNewZealand,2019,0.0
dcs:who/AIR_15.AGE--Y40T44__ENVCAUSE--ENVCAUSE118,dcid:AustraliaAndNewZealand,2019,0.0
dcs:who/AIR_15.AGE--Y75T79__ENVCAUSE--ENVCAUSE118,dcid:AustraliaAndNewZealand,2019,0.0
dcs:who/AIR_15.AGE--Y65T69__ENVCAUSE--ENVCAUSE118,dcid:AustraliaAndNewZealand,2019,0.0
dcs:who/AIR_15.AGE--Y50T54__ENVCAUSE--ENVCAUSE118,dcid:AustraliaAndNewZealand,2019,0.0
dcs:who/AIR_15.AGE--Y_GE80__ENVCAUSE--ENVCAUSE114,dcid:AustraliaAndNewZealand,2019,0.0
dcs:who/AIR_15.AGE--Y50T54__ENVCAUSE--ENVCAUSE114,dcid:AustraliaAndNewZealand,2019,0.0
dcs:who/AIR_15.AGE--Y40T44__ENVCAUSE--ENVCAUSE113,dcid:AustraliaAndNewZealand,2019,0.0
dcs:who/AIR_15.AGE--Y65T69__ENVCAUSE--ENVCAUSE113,dcid:AustraliaAndNewZealand,2019,0.0
dcs:who/AIR_15.AGE--Y25T29__ENVCAUSE--ENVCAUSE114,dcid:AustraliaAndNewZealand,2019,0.0
dcs:who/AIR_15.AGE--Y0T4__ENVCAUSE--ENVCAUSE039,dcid:AustraliaAndNewZealand,2019,0.0
dcs:who/AIR_15.AGE--Y25T29__ENVCAUSE--ENVCAUSE118,dcid:AustraliaAndNewZealand,2019,0.0
dcs:who/AIR_15.AGE--Y30T34__ENVCAUSE--ENVCAUSE114,dcid:AustraliaAndNewZealand,2019,0.0
dcs:who/AIR_15.AGE--Y70T74__ENVCAUSE--ENVCAUSE113,dcid:AustraliaAndNewZealand,2019,0.0
dcs:who/AIR_15.AGE--Y30T34__ENVCAUSE--ENVCAUSE118,dcid:AustraliaAndNewZealand,2019,0.0
dcs:who/AIR_15.AGE--Y50T54__ENVCAUSE--ENVCAUSE113,dcid:AustraliaAndNewZealand,2019,0.0
dcs:who/AIR_15.ENVCAUSE--ENVCAUSE118,dcid:AustraliaAndNewZealand,2019,0.0
dcs:who/AIR_15.AGE--Y60T64__ENVCAUSE--ENVCAUSE118,dcid:AustraliaAndNewZealand,2019,0.0
dcs:who/AIR_15.AGE--Y45T49__ENVCAUSE--ENVCAUSE118,dcid:AustraliaAndNewZealand,2019,0.0
dcs:who/AIR_15.AGE--Y55T59__ENVCAUSE--ENVCAUSE118,dcid:AustraliaAndNewZealand,2019,0.0
dcs:who/AIR_15.AGE--Y40T44__ENVCAUSE--ENVCAUSE114,dcid:AustraliaAndNewZealand,2019,0.0
dcs:who/AIR_15.AGE--Y55T59__ENVCAUSE--ENVCAUSE114,dcid:AustraliaAndNewZealand,2019,0.0
dcs:who/AIR_15.AGE--Y45T49__ENVCAUSE--ENVCAUSE114,dcid:AustraliaAndNewZealand,2019,0.0
dcs:who/AIR_15.ENVCAUSE--ENVCAUSE114,dcid:AustraliaAndNewZealand,2019,0.0
dcs:who/AIR_15.AGE--Y75T79__ENVCAUSE--ENVCAUSE114,dcid:AustraliaAndNewZealand,2019,0.0
dcs:who/AIR_15.AGE--Y70T74__ENVCAUSE--ENVCAUSE114,dcid:AustraliaAndNewZealand,2019,0.0
dcs:who/AIR_15.AGE--Y_GE80__ENVCAUSE--ENVCAUSE118,dcid:AustraliaAndNewZealand,2019,0.0
dcs:who/AIR_15.AGE--Y55T59__ENVCAUSE--ENVCAUSE113,dcid:AustraliaAndNewZealand,2019,0.0
dcs:who/AIR_15.AGE--Y65T69__ENVCAUSE--ENVCAUSE114,dcid:AustraliaAndNewZealand,2019,0.0
dcs:who/AIR_15.AGE--Y35T39__ENVCAUSE--ENVCAUSE118,dcid:AustraliaAndNewZealand,2019,0.0
dcs:who/AIR_15.AGE--Y50T54__ENVCAUSE--ENVCAUSE104,dcid:AustraliaAndNewZealand,2019,0.0
dcs:who/AIR_15.AGE--Y35T39__ENVCAUSE--ENVCAUSE104,dcid:AustraliaAndNewZealand,2019,0.0
dcs:who/AIR_15.AGE--Y45T49__ENVCAUSE--ENVCAUSE104,dcid:AustraliaAndNewZealand,2019,0.0
dcs:who/AIR_15.AGE--Y30T34__ENVCAUSE--ENVCAUSE113,dcid:AustraliaAndNewZealand,2019,0.0
dcs:who/AIR_15.AGE--Y35T39__ENVCAUSE--ENVCAUSE113,dcid:AustraliaAndNewZealand,2019,0.0
dcs:who/AIR_15.AGE--Y55T59__ENVCAUSE--ENVCAUSE104,dcid:AustraliaAndNewZealand,2019,0.0
dcs:who/AIR_15.AGE--Y65T69__ENVCAUSE--ENVCAUSE104,dcid:AustraliaAndNewZealand,2019,0.0
dcs:who/AIR_15.AGE--Y25T29__ENVCAUSE--ENVCAUSE104,dcid:AustraliaAndNewZealand,2019,0.0
dcs:who/AIR_15,dcid:AustraliaAndNewZealand,2019,0.0
dcs:who/AIR_15.ENVCAUSE--ENVCAUSE104,dcid:AustraliaAndNewZealand,2019,0.0
dcs:who/AIR_15.AGE--Y40T44__ENVCAUSE--ENVCAUSE104,dcid:AustraliaAndNewZealand,2019,0.0
dcs:who/AIR_15.AGE--Y60T64__ENVCAUSE--ENVCAUSE104,dcid:AustraliaAndNewZealand,2019,0.0
dcs:who/AIR_15.AGE--Y75T79__ENVCAUSE--ENVCAUSE104,dcid:AustraliaAndNewZealand,2019,0.0
dcs:who/AIR_15.AGE--Y_GE80__ENVCAUSE--ENVCAUSE104,dcid:AustraliaAndNewZealand,2019,0.0
dcs:who/AIR_15.AGE--Y30T34__ENVCAUSE--ENVCAUSE104,dcid:AustraliaAndNewZealand,2019,0.0
dcs:who/AIR_15.AGE--Y70T74__ENVCAUSE--ENVCAUSE104,dcid:AustraliaAndNewZealand,2019,0.0
dcs:who/AIR_15.AGE--Y25T29__ENVCAUSE--ENVCAUSE113,dcid:AustraliaAndNewZealand,2019,0.0
dcs:who/AIR_15.AGE--Y60T64__ENVCAUSE--ENVCAUSE068__SEX--M,dcid:CentralAsia,2019,2639.03794
dcs:who/AIR_15.AGE--Y50T54__ENVCAUSE--ENVCAUSE068__SEX--M,dcid:CentralAsia,2019,1559.77041
dcs:who/AIR_15.AGE--Y65T69__ENVCAUSE--ENVCAUSE068__SEX--M,dcid:CentralAsia,2019,1969.73947
dcs:who/AIR_15.AGE--Y40T44__ENVCAUSE--ENVCAUSE068__SEX--M,dcid:CentralAsia,2019,327.62237
dcs:who/AIR_15.AGE--Y70T74__ENVCAUSE--ENVCAUSE068__SEX--M,dcid:CentralAsia,2019,772.33525
dcs:who/AIR_15.AGE--Y_GE80__ENVCAUSE--ENVCAUSE068__SEX--M,dcid:CentralAsia,2019,227.32261
dcs:who/AIR_15.AGE--Y75T79__ENVCAUSE--ENVCAUSE068__SEX--M,dcid:CentralAsia,2019,392.96445
dcs:who/AIR_15.AGE--Y45T49__ENVCAUSE--ENVCAUSE068__SEX--M,dcid:CentralAsia,2019,816.59779
dcs:who/AIR_15.AGE--Y55T59__ENVCAUSE--ENVCAUSE068__SEX--M,dcid:CentralAsia,2019,2675.96501
dcs:who/AIR_15.ENVCAUSE--ENVCAUSE068__SEX--M,dcid:CentralAsia,2019,11864.09168
dcs:who/AIR_15.AGE--Y_GE80__ENVCAUSE--ENVCAUSE039__SEX--M,dcid:CentralAsia,2019,725.86498
dcs:who/AIR_15.AGE--Y40T44__ENVCAUSE--ENVCAUSE039__SEX--M,dcid:CentralAsia,2019,1545.21261
dcs:who/AIR_15.ENVCAUSE--ENVCAUSE039__SEX--M,dcid:CentralAsia,2019,50945.44781
dcs:who/AIR_15.AGE--Y25T29__ENVCAUSE--ENVCAUSE068__SEX--M,dcid:CentralAsia,2019,139.2391
dcs:who/AIR_15.AGE--Y35T39__ENVCAUSE--ENVCAUSE068__SEX--M,dcid:CentralAsia,2019,138.02753
dcs:who/AIR_15.AGE--Y50T54__ENVCAUSE--ENVCAUSE039__SEX--M,dcid:CentralAsia,2019,1413.16791
dcs:who/AIR_15.AGE--Y5T9__ENVCAUSE--ENVCAUSE039__SEX--M,dcid:CentralAsia,2019,2541.91488
dcs:who/AIR_15.AGE--Y60T64__ENVCAUSE--ENVCAUSE039__SEX--M,dcid:CentralAsia,2019,1477.8233
dcs:who/AIR_15.AGE--Y30T34__ENVCAUSE--ENVCAUSE039__SEX--M,dcid:CentralAsia,2019,1172.23522
dcs:who/AIR_15.AGE--Y35T39__ENVCAUSE--ENVCAUSE039__SEX--M,dcid:CentralAsia,2019,1499.89191
dcs:who/AIR_15.AGE--Y15T19__ENVCAUSE--ENVCAUSE039__SEX--M,dcid:CentralAsia,2019,1254.69512
dcs:who/AIR_15.AGE--Y30T34__ENVCAUSE--ENVCAUSE068__SEX--M,dcid:CentralAsia,2019,205.47004
dcs:who/AIR_15.AGE--Y25T29__ENVCAUSE--ENVCAUSE039__SEX--M,dcid:CentralAsia,2019,1054.09815
dcs:who/AIR_15.AGE--Y20T24__ENVCAUSE--ENVCAUSE039__SEX--M,dcid:CentralAsia,2019,1006.68116
dcs:who/AIR_15.AGE--Y55T59__ENVCAUSE--ENVCAUSE039__SEX--M,dcid:CentralAsia,2019,1720.22936
dcs:who/AIR_15.AGE--Y75T79__ENVCAUSE--ENVCAUSE039__SEX--M,dcid:CentralAsia,2019,640.34241
dcs:who/AIR_15.AGE--Y45T49__ENVCAUSE--ENVCAUSE039__SEX--M,dcid:CentralAsia,2019,1476.98322
dcs:who/AIR_15.AGE--Y70T74__ENVCAUSE--ENVCAUSE039__SEX--M,dcid:CentralAsia,2019,725.95641
dcs:who/AIR_15.AGE--Y10T14__ENVCAUSE--ENVCAUSE039__SEX--M,dcid:CentralAsia,2019,1737.30121
dcs:who/AIR_15.AGE--Y65T69__ENVCAUSE--ENVCAUSE039__SEX--M,dcid:CentralAsia,2019,1415.9193
dcs:who/AIR_15.AGE--Y45T49__ENVCAUSE--ENVCAUSE114__SEX--M,dcid:CentralAsia,2019,2885.04982
dcs:who/AIR_15.AGE--Y25T29__ENVCAUSE--ENVCAUSE114__SEX--M,dcid:CentralAsia,2019,422.29192
dcs:who/AIR_15.AGE--Y40T44__ENVCAUSE--ENVCAUSE113__SEX--M,dcid:CentralAsia,2019,5010.30255
dcs:who/AIR_15.AGE--Y30T34__ENVCAUSE--ENVCAUSE114__SEX--M,dcid:CentralAsia,2019,636.38809
dcs:who/AIR_15.AGE--Y25T29__ENVCAUSE--ENVCAUSE118__SEX--M,dcid:CentralAsia,2019,289.46585
dcs:who/AIR_15.AGE--Y60T64__ENVCAUSE--ENVCAUSE113__SEX--M,dcid:CentralAsia,2019,16575.99254
dcs:who/AIR_15.AGE--Y50T54__ENVCAUSE--ENVCAUSE118__SEX--M,dcid:CentralAsia,2019,1053.68596
dcs:who/AIR_15.AGE--Y40T44__ENVCAUSE--ENVCAUSE118__SEX--M,dcid:CentralAsia,2019,600.33808
dcs:who/AIR_15.AGE--Y55T59__ENVCAUSE--ENVCAUSE068__SEX--F,dcid:CentralAsia,2019,849.25201
dcs:who/AIR_15.AGE--Y0T4__ENVCAUSE--ENVCAUSE039__SEX--M,dcid:CentralAsia,2019,29537.13213
dcs:who/AIR_15.AGE--Y75T79__ENVCAUSE--ENVCAUSE118__SEX--M,dcid:CentralAsia,2019,1496.22466
dcs:who/AIR_15.ENVCAUSE--ENVCAUSE068__SEX--F,dcid:CentralAsia,2019,4894.40787
dcs:who/AIR_15.AGE--Y55T59__ENVCAUSE--ENVCAUSE118__SEX--M,dcid:CentralAsia,2019,1645.85031
dcs:who/AIR_15.AGE--Y75T79__ENVCAUSE--ENVCAUSE114__SEX--M,dcid:CentralAsia,2019,3379.64616
dcs:who/AIR_15.AGE--Y30T34__ENVCAUSE--ENVCAUSE118__SEX--M,dcid:CentralAsia,2019,392.31988
dcs:who/AIR_15.AGE--Y_GE80__ENVCAUSE--ENVCAUSE068__SEX--F,dcid:CentralAsia,2019,159.89354
dcs:who/AIR_15.AGE--Y60T64__ENVCAUSE--ENVCAUSE118__SEX--M,dcid:CentralAsia,2019,2090.57478
dcs:who/AIR_15.AGE--Y70T74__ENVCAUSE--ENVCAUSE113__SEX--M,dcid:CentralAsia,2019,10758.97668
dcs:who/AIR_15.AGE--Y50T54__ENVCAUSE--ENVCAUSE113__SEX--M,dcid:CentralAsia,2019,10920.16574
dcs:who/AIR_15.AGE--Y45T49__ENVCAUSE--ENVCAUSE113__SEX--M,dcid:CentralAsia,2019,7804.3717
dcs:who/AIR_15.AGE--Y25T29__ENVCAUSE--ENVCAUSE113__SEX--M,dcid:CentralAsia,2019,1022.33592
dcs:who/AIR_15.AGE--Y35T39__ENVCAUSE--ENVCAUSE114__SEX--M,dcid:CentralAsia,2019,1086.12003
dcs:who/AIR_15.AGE--Y60T64__ENVCAUSE--ENVCAUSE114__SEX--M,dcid:CentralAsia,2019,6803.87386
dcs:who/AIR_15.AGE--Y65T69__ENVCAUSE--ENVCAUSE113__SEX--M,dcid:CentralAsia,2019,18833.04526
dcs:who/AIR_15.AGE--Y65T69__ENVCAUSE--ENVCAUSE114__SEX--M,dcid:CentralAsia,2019,7202.81894
dcs:who/AIR_15.AGE--Y70T74__ENVCAUSE--ENVCAUSE068__SEX--F,dcid:CentralAsia,2019,316.28421
dcs:who/AIR_15.AGE--Y50T54__ENVCAUSE--ENVCAUSE114__SEX--M,dcid:CentralAsia,2019,4285.29884
dcs:who/AIR_15.AGE--Y40T44__ENVCAUSE--ENVCAUSE114__SEX--M,dcid:CentralAsia,2019,1823.52872
dcs:who/AIR_15.AGE--Y75T79__ENVCAUSE--ENVCAUSE068__SEX--F,dcid:CentralAsia,2019,199.76168
dcs:who/AIR_15.SEX--M,dcid:CentralAsia,2019,239205.4714
dcs:who/AIR_15.AGE--Y35T39__ENVCAUSE--ENVCAUSE118__SEX--M,dcid:CentralAsia,2019,482.56569
dcs:who/AIR_15.AGE--Y45T49__ENVCAUSE--ENVCAUSE118__SEX--M,dcid:CentralAsia,2019,771.33706
dcs:who/AIR_15.AGE--Y70T74__ENVCAUSE--ENVCAUSE114__SEX--M,dcid:CentralAsia,2019,3750.29803
dcs:who/AIR_15.AGE--Y65T69__ENVCAUSE--ENVCAUSE068__SEX--F,dcid:CentralAsia,2019,653.32626
dcs:who/AIR_15.AGE--Y30T34__ENVCAUSE--ENVCAUSE113__SEX--M,dcid:CentralAsia,2019,1911.07739
dcs:who/AIR_15.AGE--Y70T74__ENVCAUSE--ENVCAUSE118__SEX--M,dcid:CentralAsia,2019,1569.48368
dcs:who/AIR_15.AGE--Y35T39__ENVCAUSE--ENVCAUSE113__SEX--M,dcid:CentralAsia,2019,3210.93995
dcs:who/AIR_15.ENVCAUSE--ENVCAUSE118__SEX--M,dcid:CentralAsia,2019,14693.35423
dcs:who/AIR_15.AGE--Y55T59__ENVCAUSE--ENVCAUSE114__SEX--M,dcid:CentralAsia,2019,6677.0274
dcs:who/AIR_15.AGE--Y60T64__ENVCAUSE--ENVCAUSE068__SEX--F,dcid:CentralAsia,2019,789.3585
dcs:who/AIR_15.ENVCAUSE--ENVCAUSE114__SEX--M,dcid:CentralAsia,2019,42546.89366
dcs:who/AIR_15.AGE--Y65T69__ENVCAUSE--ENVCAUSE118__SEX--M,dcid:CentralAsia,2019,2543.93186
dcs:who/AIR_15.AGE--Y_GE80__ENVCAUSE--ENVCAUSE114__SEX--M,dcid:CentralAsia,2019,3594.55125
dcs:who/AIR_15.AGE--Y_GE80__ENVCAUSE--ENVCAUSE113__SEX--M,dcid:CentralAsia,2019,15066.22036
dcs:who/AIR_15.ENVCAUSE--ENVCAUSE113__SEX--M,dcid:CentralAsia,2019,119155.6839
dcs:who/AIR_15.AGE--Y_GE80__ENVCAUSE--ENVCAUSE118__SEX--M,dcid:CentralAsia,2019,1757.57647
dcs:who/AIR_15.AGE--Y75T79__ENVCAUSE--ENVCAUSE113__SEX--M,dcid:CentralAsia,2019,11297.70268
dcs:who/AIR_15.AGE--Y55T59__ENVCAUSE--ENVCAUSE113__SEX--M,dcid:CentralAsia,2019,16744.55222
dcs:who/AIR_15.AGE--Y25T29__ENVCAUSE--ENVCAUSE039__SEX--F,dcid:CentralAsia,2019,1129.97819
dcs:who/AIR_15.AGE--Y35T39__ENVCAUSE--ENVCAUSE068__SEX--F,dcid:CentralAsia,2019,213.90217
dcs:who/AIR_15.AGE--Y40T44__ENVCAUSE--ENVCAUSE039__SEX--F,dcid:CentralAsia,2019,947.09013
dcs:who/AIR_15.AGE--Y40T44__ENVCAUSE--ENVCAUSE068__SEX--F,dcid:CentralAsia,2019,322.04859
dcs:who/AIR_15.AGE--Y45T49__ENVCAUSE--ENVCAUSE039__SEX--F,dcid:CentralAsia,2019,849.85289
dcs:who/AIR_15.AGE--Y60T64__ENVCAUSE--ENVCAUSE039__SEX--F,dcid:CentralAsia,2019,922.30166
dcs:who/AIR_15.AGE--Y50T54__ENVCAUSE--ENVCAUSE068__SEX--F,dcid:CentralAsia,2019,614.83125
dcs:who/AIR_15.AGE--Y55T59__ENVCAUSE--ENVCAUSE039__SEX--F,dcid:CentralAsia,2019,984.39459
dcs:who/AIR_15.AGE--Y65T69__ENVCAUSE--ENVCAUSE039__SEX--F,dcid:CentralAsia,2019,1042.28368
dcs:who/AIR_15.AGE--Y30T34__ENVCAUSE--ENVCAUSE068__SEX--F,dcid:CentralAsia,2019,167.15133
dcs:who/AIR_15.AGE--Y45T49__ENVCAUSE--ENVCAUSE068__SEX--F,dcid:CentralAsia,2019,473.22704
dcs:who/AIR_15.ENVCAUSE--ENVCAUSE039__SEX--F,dcid:CentralAsia,2019,38726.17403
dcs:who/AIR_15.AGE--Y50T54__ENVCAUSE--ENVCAUSE039__SEX--F,dcid:CentralAsia,2019,793.60251
dcs:who/AIR_15.AGE--Y_GE80__ENVCAUSE--ENVCAUSE039__SEX--F,dcid:CentralAsia,2019,1038.84474
dcs:who/AIR_15.AGE--Y35T39__ENVCAUSE--ENVCAUSE039__SEX--F,dcid:CentralAsia,2019,1032.68675
dcs:who/AIR_15.AGE--Y25T29__ENVCAUSE--ENVCAUSE068__SEX--F,dcid:CentralAsia,2019,135.3713
dcs:who/AIR_15.AGE--Y30T34__ENVCAUSE--ENVCAUSE039__SEX--F,dcid:CentralAsia,2019,1047.05847
dcs:who/AIR_15.AGE--Y75T79__ENVCAUSE--ENVCAUSE039__SEX--F,dcid:CentralAsia,2019,668.50415
dcs:who/AIR_15.AGE--Y70T74__ENVCAUSE--ENVCAUSE039__SEX--F,dcid:CentralAsia,2019,607.54744
dcs:who/AIR_15.AGE--Y5T9__ENVCAUSE--ENVCAUSE039__SEX--F,dcid:CentralAsia,2019,2596.65426
dcs:who/AIR_15.AGE--Y30T34__ENVCAUSE--ENVCAUSE114__SEX--F,dcid:CentralAsia,2019,642.88997
dcs:who/AIR_15.AGE--Y25T29__ENVCAUSE--ENVCAUSE118__SEX--F,dcid:CentralAsia,2019,381.15546
dcs:who/AIR_15.AGE--Y65T69__ENVCAUSE--ENVCAUSE114__SEX--F,dcid:CentralAsia,2019,6945.59459
dcs:who/AIR_15.AGE--Y65T69__ENVCAUSE--ENVCAUSE118__SEX--F,dcid:CentralAsia,2019,1822.10494
dcs:who/AIR_15.AGE--Y35T39__ENVCAUSE--ENVCAUSE114__SEX--F,dcid:CentralAsia,2019,955.15833
dcs:who/AIR_15.AGE--Y60T64__ENVCAUSE--ENVCAUSE114__SEX--F,dcid:CentralAsia,2019,5825.95447
dcs:who/AIR_15.ENVCAUSE--ENVCAUSE113__SEX--F,dcid:CentralAsia,2019,97094.02707
dcs:who/AIR_15.AGE--Y30T34__ENVCAUSE--ENVCAUSE113__SEX--F,dcid:CentralAsia,2019,1103.61646
dcs:who/AIR_15.AGE--Y55T59__ENVCAUSE--ENVCAUSE118__SEX--F,dcid:CentralAsia,2019,1311.98056
dcs:who/AIR_15.AGE--Y75T79__ENVCAUSE--ENVCAUSE118__SEX--F,dcid:CentralAsia,2019,1452.75115
dcs:who/AIR_15.AGE--Y_GE80__ENVCAUSE--ENVCAUSE104__SEX--F,dcid:CentralAsia,2019,313.36997
dcs:who/AIR_15.AGE--Y70T74__ENVCAUSE--ENVCAUSE104__SEX--F,dcid:CentralAsia,2019,200.9702
dcs:who/AIR_15.AGE--Y60T64__ENVCAUSE--ENVCAUSE118__SEX--F,dcid:CentralAsia,2019,1555.58562
dcs:who/AIR_15.AGE--Y35T39__ENVCAUSE--ENVCAUSE118__SEX--F,dcid:CentralAsia,2019,515.64458
dcs:who/AIR_15.AGE--Y_GE80__ENVCAUSE--ENVCAUSE114__SEX--F,dcid:CentralAsia,2019,6726.48655
dcs:who/AIR_15.ENVCAUSE--ENVCAUSE114__SEX--F,dcid:CentralAsia,2019,42425.12646
dcs:who/AIR_15.AGE--Y55T59__ENVCAUSE--ENVCAUSE113__SEX--F,dcid:CentralAsia,2019,8731.56945
dcs:who/AIR_15.AGE--Y0T4__ENVCAUSE--ENVCAUSE039__SEX--F,dcid:CentralAsia,2019,21089.25166
dcs:who/AIR_15.AGE--Y70T74__ENVCAUSE--ENVCAUSE118__SEX--F,dcid:CentralAsia,2019,1276.21799
dcs:who/AIR_15.AGE--Y45T49__ENVCAUSE--ENVCAUSE113__SEX--F,dcid:CentralAsia,2019,3408.64253
dcs:who/AIR_15.AGE--Y75T79__ENVCAUSE--ENVCAUSE114__SEX--F,dcid:CentralAsia,2019,4596.60584
dcs:who/AIR_15.AGE--Y10T14__ENVCAUSE--ENVCAUSE039__SEX--F,dcid:CentralAsia,2019,1699.07807
dcs:who/AIR_15.AGE--Y60T64__ENVCAUSE--ENVCAUSE113__SEX--F,dcid:CentralAsia,2019,11037.79445
dcs:who/AIR_15.AGE--Y_GE80__ENVCAUSE--ENVCAUSE118__SEX--F,dcid:CentralAsia,2019,2460.76031
dcs:who/AIR_15.AGE--Y50T54__ENVCAUSE--ENVCAUSE118__SEX--F,dcid:CentralAsia,2019,859.53364
dcs:who/AIR_15.AGE--Y40T44__ENVCAUSE--ENVCAUSE114__SEX--F,dcid:CentralAsia,2019,1417.37564
dcs:who/AIR_15.AGE--Y45T49__ENVCAUSE--ENVCAUSE114__SEX--F,dcid:CentralAsia,2019,2176.43822
dcs:who/AIR_15.AGE--Y30T34__ENVCAUSE--ENVCAUSE118__SEX--F,dcid:CentralAsia,2019,477.08029
dcs:who/AIR_15.AGE--Y45T49__ENVCAUSE--ENVCAUSE118__SEX--F,dcid:CentralAsia,2019,704.44737
dcs:who/AIR_15.AGE--Y40T44__ENVCAUSE--ENVCAUSE118__SEX--F,dcid:CentralAsia,2019,569.69307
dcs:who/AIR_15.AGE--Y25T29__ENVCAUSE--ENVCAUSE113__SEX--F,dcid:CentralAsia,2019,656.45516
dcs:who/AIR_15.AGE--Y50T54__ENVCAUSE--ENVCAUSE113__SEX--F,dcid:CentralAsia,2019,4684.77271
dcs:who/AIR_15.AGE--Y65T69__ENVCAUSE--ENVCAUSE113__SEX--F,dcid:CentralAsia,2019,15668.02744
dcs:who/AIR_15.AGE--Y25T29__ENVCAUSE--ENVCAUSE114__SEX--F,dcid:CentralAsia,2019,437.67337
dcs:who/AIR_15.AGE--Y40T44__ENVCAUSE--ENVCAUSE113__SEX--F,dcid:CentralAsia,2019,2101.27782
dcs:who/AIR_15.AGE--Y35T39__ENVCAUSE--ENVCAUSE113__SEX--F,dcid:CentralAsia,2019,1537.87032
dcs:who/AIR_15.AGE--Y70T74__ENVCAUSE--ENVCAUSE114__SEX--F,dcid:CentralAsia,2019,4241.14173
dcs:who/AIR_15.AGE--Y_GE80__ENVCAUSE--ENVCAUSE113__SEX--F,dcid:CentralAsia,2019,23686.19303
dcs:who/AIR_15.AGE--Y70T74__ENVCAUSE--ENVCAUSE113__SEX--F,dcid:CentralAsia,2019,10822.578
dcs:who/AIR_15.AGE--Y50T54__ENVCAUSE--ENVCAUSE114__SEX--F,dcid:CentralAsia,2019,3187.7694
dcs:who/AIR_15.AGE--Y75T79__ENVCAUSE--ENVCAUSE113__SEX--F,dcid:CentralAsia,2019,13655.23172
dcs:who/AIR_15.ENVCAUSE--ENVCAUSE104__SEX--F,dcid:CentralAsia,2019,1614.28429
dcs:who/AIR_15.AGE--Y75T79__ENVCAUSE--ENVCAUSE104__SEX--F,dcid:CentralAsia,2019,183.05449
dcs:who/AIR_15.AGE--Y20T24__ENVCAUSE--ENVCAUSE039__SEX--F,dcid:CentralAsia,2019,1173.53143
dcs:who/AIR_15.AGE--Y15T19__ENVCAUSE--ENVCAUSE039__SEX--F,dcid:CentralAsia,2019,1103.51318
dcs:who/AIR_15.AGE--Y55T59__ENVCAUSE--ENVCAUSE114__SEX--F,dcid:CentralAsia,2019,5272.03785
dcs:who/AIR_15.ENVCAUSE--ENVCAUSE118__SEX--F,dcid:CentralAsia,2019,13386.95507
dcs:who/AIR_15.AGE--Y40T44__ENVCAUSE--ENVCAUSE068,dcid:CentralAsia,2019,649.67094
dcs:who/AIR_15.AGE--Y30T34__ENVCAUSE--ENVCAUSE039,dcid:CentralAsia,2019,2219.29366
dcs:who/AIR_15.AGE--Y25T29__ENVCAUSE--ENVCAUSE104__SEX--F,dcid:CentralAsia,2019,3.11734
dcs:who/AIR_15.AGE--Y35T39__ENVCAUSE--ENVCAUSE104__SEX--F,dcid:CentralAsia,2019,13.51518
dcs:who/AIR_15.AGE--Y10T14__ENVCAUSE--ENVCAUSE039,dcid:CentralAsia,2019,3436.3794
dcs:who/AIR_15.AGE--Y35T39__ENVCAUSE--ENVCAUSE039,dcid:CentralAsia,2019,2532.57874
dcs:who/AIR_15.AGE--Y65T69__ENVCAUSE--ENVCAUSE068,dcid:CentralAsia,2019,2623.0657
dcs:who/AIR_15.AGE--Y55T59__ENVCAUSE--ENVCAUSE104__SEX--F,dcid:CentralAsia,2019,193.22991
dcs:who/AIR_15.AGE--Y0T4__ENVCAUSE--ENVCAUSE039,dcid:CentralAsia,2019,50626.38351
dcs:who/AIR_15.SEX--F,dcid:CentralAsia,2019,198140.9747
dcs:who/AIR_15.AGE--Y75T79__ENVCAUSE--ENVCAUSE118,dcid:CentralAsia,2019,2948.97584
dcs:who/AIR_15.AGE--Y65T69__ENVCAUSE--ENVCAUSE039,dcid:CentralAsia,2019,2458.20296
dcs:who/AIR_15.AGE--Y70T74__ENVCAUSE--ENVCAUSE118,dcid:CentralAsia,2019,2845.70167
dcs:who/AIR_15.AGE--Y45T49__ENVCAUSE--ENVCAUSE039,dcid:CentralAsia,2019,2326.83607
dcs:who/AIR_15.ENVCAUSE--ENVCAUSE118,dcid:CentralAsia,2019,28080.30991
dcs:who/AIR_15.AGE--Y55T59__ENVCAUSE--ENVCAUSE068,dcid:CentralAsia,2019,3525.21695
dcs:who/AIR_15.AGE--Y60T64__ENVCAUSE--ENVCAUSE104__SEX--F,dcid:CentralAsia,2019,244.37008
dcs:who/AIR_15.AGE--Y40T44__ENVCAUSE--ENVCAUSE039,dcid:CentralAsia,2019,2492.30275
dcs:who/AIR_15.ENVCAUSE--ENVCAUSE039,dcid:CentralAsia,2019,89671.61987
dcs:who/AIR_15.AGE--Y20T24__ENVCAUSE--ENVCAUSE039,dcid:CentralAsia,2019,2180.21256
dcs:who/AIR_15.AGE--Y70T74__ENVCAUSE--ENVCAUSE068,dcid:CentralAsia,2019,1088.61943
dcs:who/AIR_15.AGE--Y_GE80__ENVCAUSE--ENVCAUSE118,dcid:CentralAsia,2019,4218.33674
dcs:who/AIR_15.AGE--Y_GE80__ENVCAUSE--ENVCAUSE039,dcid:CentralAsia,2019,1764.70976
dcs:who/AIR_15.AGE--Y5T9__ENVCAUSE--ENVCAUSE039,dcid:CentralAsia,2019,5138.569
dcs:who/AIR_15.AGE--Y40T44__ENVCAUSE--ENVCAUSE104__SEX--F,dcid:CentralAsia,2019,26.77357
dcs:who/AIR_15.AGE--Y45T49__ENVCAUSE--ENVCAUSE068,dcid:CentralAsia,2019,1289.82482
dcs:who/AIR_15.AGE--Y50T54__ENVCAUSE--ENVCAUSE068,dcid:CentralAsia,2019,2174.60163
dcs:who/AIR_15.AGE--Y65T69__ENVCAUSE--ENVCAUSE104__SEX--F,dcid:CentralAsia,2019,267.88875
dcs:who/AIR_15.AGE--Y35T39__ENVCAUSE--ENVCAUSE068,dcid:CentralAsia,2019,351.92969
dcs:who/AIR_15.AGE--Y15T19__ENVCAUSE--ENVCAUSE039,dcid:CentralAsia,2019,2358.20828
dcs:who/AIR_15.AGE--Y70T74__ENVCAUSE--ENVCAUSE039,dcid:CentralAsia,2019,1333.50388
dcs:who/AIR_15.AGE--Y55T59__ENVCAUSE--ENVCAUSE039,dcid:CentralAsia,2019,2704.62393
dcs:who/AIR_15.AGE--Y60T64__ENVCAUSE--ENVCAUSE039,dcid:CentralAsia,2019,2400.12496
dcs:who/AIR_15.AGE--Y75T79__ENVCAUSE--ENVCAUSE068,dcid:CentralAsia,2019,592.72612
dcs:who/AIR_15.ENVCAUSE--ENVCAUSE068,dcid:CentralAsia,2019,16758.49995
dcs:who/AIR_15.AGE--Y30T34__ENVCAUSE--ENVCAUSE104__SEX--F,dcid:CentralAsia,2019,7.50547
dcs:who/AIR_15.AGE--Y25T29__ENVCAUSE--ENVCAUSE068,dcid:CentralAsia,2019,274.61039
dcs:who/AIR_15.AGE--Y25T29__ENVCAUSE--ENVCAUSE039,dcid:CentralAsia,2019,2184.07631
dcs:who/AIR_15.AGE--Y_GE80__ENVCAUSE--ENVCAUSE068,dcid:CentralAsia,2019,387.21615
dcs:who/AIR_15.AGE--Y45T49__ENVCAUSE--ENVCAUSE104__SEX--F,dcid:CentralAsia,2019,56.31741
dcs:who/AIR_15.AGE--Y30T34__ENVCAUSE--ENVCAUSE068,dcid:CentralAsia,2019,372.62137
dcs:who/AIR_15.AGE--Y50T54__ENVCAUSE--ENVCAUSE104__SEX--F,dcid:CentralAsia,2019,104.17198
dcs:who/AIR_15.AGE--Y50T54__ENVCAUSE--ENVCAUSE039,dcid:CentralAsia,2019,2206.77045
dcs:who/AIR_15.AGE--Y75T79__ENVCAUSE--ENVCAUSE039,dcid:CentralAsia,2019,1308.84655
dcs:who/AIR_15.AGE--Y60T64__ENVCAUSE--ENVCAUSE068,dcid:CentralAsia,2019,3428.39634
dcs:who/AIR_15.AGE--Y65T69__ENVCAUSE--ENVCAUSE118,dcid:CentralAsia,2019,4366.03688
dcs:who/AIR_15.AGE--Y60T64__ENVCAUSE--ENVCAUSE118,dcid:CentralAsia,2019,3646.16039
dcs:who/AIR_15.AGE--Y25T29__ENVCAUSE--ENVCAUSE113,dcid:CentralAsia,2019,1678.79115
dcs:who/AIR_15.AGE--Y50T54__ENVCAUSE--ENVCAUSE104,dcid:CentralAsia,2019,104.17198
dcs:who/AIR_15.AGE--Y65T69__ENVCAUSE--ENVCAUSE104,dcid:CentralAsia,2019,267.88875
dcs:who/AIR_15.AGE--Y35T39__ENVCAUSE--ENVCAUSE118,dcid:CentralAsia,2019,998.21027
dcs:who/AIR_15.AGE--Y30T34__ENVCAUSE--ENVCAUSE113,dcid:CentralAsia,2019,3014.6938
dcs:who/AIR_15.AGE--Y_GE80__ENVCAUSE--ENVCAUSE104,dcid:CentralAsia,2019,313.36997
dcs:who/AIR_15.AGE--Y50T54__ENVCAUSE--ENVCAUSE113,dcid:CentralAsia,2019,15604.93789
dcs:who/AIR_15.AGE--Y45T49__ENVCAUSE--ENVCAUSE113,dcid:CentralAsia,2019,11213.01405
dcs:who/AIR_15.AGE--Y75T79__ENVCAUSE--ENVCAUSE114,dcid:CentralAsia,2019,7976.25206
dcs:who/AIR_15.ENVCAUSE--ENVCAUSE114,dcid:CentralAsia,2019,84972.01819
dcs:who/AIR_15.AGE--Y50T54__ENVCAUSE--ENVCAUSE118,dcid:CentralAsia,2019,1913.21957
dcs:who/AIR_15.ENVCAUSE--ENVCAUSE104,dcid:CentralAsia,2019,1614.28429
dcs:who/AIR_15.AGE--Y60T64__ENVCAUSE--ENVCAUSE114,dcid:CentralAsia,2019,12629.8284
dcs:who/AIR_15.AGE--Y25T29__ENVCAUSE--ENVCAUSE114,dcid:CentralAsia,2019,859.96527
dcs:who/AIR_15.AGE--Y45T49__ENVCAUSE--ENVCAUSE118,dcid:CentralAsia,2019,1475.78446
dcs:who/AIR_15.AGE--Y75T79__ENVCAUSE--ENVCAUSE104,dcid:CentralAsia,2019,183.05449
dcs:who/AIR_15.AGE--Y35T39__ENVCAUSE--ENVCAUSE114,dcid:CentralAsia,2019,2041.27844
dcs:who/AIR_15.AGE--Y65T69__ENVCAUSE--ENVCAUSE113,dcid:CentralAsia,2019,34501.07172
dcs:who/AIR_15.AGE--Y75T79__ENVCAUSE--ENVCAUSE113,dcid:CentralAsia,2019,24952.93368
dcs:who/AIR_15.AGE--Y55T59__ENVCAUSE--ENVCAUSE113,dcid:CentralAsia,2019,25476.12198
dcs:who/AIR_15.AGE--Y_GE80__ENVCAUSE--ENVCAUSE113,dcid:CentralAsia,2019,38752.41303
dcs:who/AIR_15.AGE--Y65T69__ENVCAUSE--ENVCAUSE114,dcid:CentralAsia,2019,14148.41378
dcs:who/AIR_15.AGE--Y40T44__ENVCAUSE--ENVCAUSE113,dcid:CentralAsia,2019,7111.58031
dcs:who/AIR_15.AGE--Y50T54__ENVCAUSE--ENVCAUSE114,dcid:CentralAsia,2019,7473.06818
dcs:who/AIR_15.ENVCAUSE--ENVCAUSE113,dcid:CentralAsia,2019,216249.7109
dcs:who/AIR_15.AGE--Y55T59__ENVCAUSE--ENVCAUSE114,dcid:CentralAsia,2019,11949.06506
dcs:who/AIR_15.AGE--Y60T64__ENVCAUSE--ENVCAUSE104,dcid:CentralAsia,2019,244.37008
dcs:who/AIR_15.AGE--Y70T74__ENVCAUSE--ENVCAUSE114,dcid:CentralAsia,2019,7991.4397
dcs:who/AIR_15.AGE--Y55T59__ENVCAUSE--ENVCAUSE104,dcid:CentralAsia,2019,193.22991
dcs:who/AIR_15.AGE--Y_GE80__ENVCAUSE--ENVCAUSE114,dcid:CentralAsia,2019,10321.03804
dcs:who/AIR_15.AGE--Y40T44__ENVCAUSE--ENVCAUSE118,dcid:CentralAsia,2019,1170.03114
dcs:who/AIR_15.AGE--Y30T34__ENVCAUSE--ENVCAUSE118,dcid:CentralAsia,2019,869.40019
dcs:who/AIR_15.AGE--Y70T74__ENVCAUSE--ENVCAUSE113,dcid:CentralAsia,2019,21581.55468
dcs:who/AIR_15.AGE--Y25T29__ENVCAUSE--ENVCAUSE118,dcid:CentralAsia,2019,670.62129
dcs:who/AIR_15.AGE--Y70T74__ENVCAUSE--ENVCAUSE104,dcid:CentralAsia,2019,200.9702
dcs:who/AIR_15.AGE--Y45T49__ENVCAUSE--ENVCAUSE114,dcid:CentralAsia,2019,5061.48806
dcs:who/AIR_15.AGE--Y60T64__ENVCAUSE--ENVCAUSE113,dcid:CentralAsia,2019,27613.78589
dcs:who/AIR_15.AGE--Y30T34__ENVCAUSE--ENVCAUSE114,dcid:CentralAsia,2019,1279.27809
dcs:who/AIR_15.AGE--Y55T59__ENVCAUSE--ENVCAUSE118,dcid:CentralAsia,2019,2957.83086
dcs:who/AIR_15.AGE--Y35T39__ENVCAUSE--ENVCAUSE113,dcid:CentralAsia,2019,4748.81039
dcs:who/AIR_15.AGE--Y40T44__ENVCAUSE--ENVCAUSE114,dcid:CentralAsia,2019,3240.90434
dcs:who/AIR_15.AGE--Y30T34__ENVCAUSE--ENVCAUSE104,dcid:CentralAsia,2019,7.50547
dcs:who/AIR_15.AGE--Y40T44__ENVCAUSE--ENVCAUSE104,dcid:CentralAsia,2019,26.77357
dcs:who/AIR_15.AGE--Y35T39__ENVCAUSE--ENVCAUSE104,dcid:CentralAsia,2019,13.51518
dcs:who/AIR_15,dcid:CentralAsia,2019,437346.4363
dcs:who/AIR_15.AGE--Y45T49__ENVCAUSE--ENVCAUSE104,dcid:CentralAsia,2019,56.31741
dcs:who/AIR_15.AGE--Y25T29__ENVCAUSE--ENVCAUSE104,dcid:CentralAsia,2019,3.11734
dcs:who/AIR_15.AGE--Y30T34__ENVCAUSE--ENVCAUSE068__SEX--M,dcid:Earth,2019,32038.6966
dcs:who/AIR_15.AGE--Y25T29__ENVCAUSE--ENVCAUSE068__SEX--M,dcid:Earth,2019,15676.81822
dcs:who/AIR_15.AGE--Y55T59__ENVCAUSE--ENVCAUSE039__SEX--M,dcid:Earth,2019,463163.1326
dcs:who/AIR_15.AGE--Y60T64__ENVCAUSE--ENVCAUSE068__SEX--M,dcid:Earth,2019,552953.9618
dcs:who/AIR_15.AGE--Y35T39__ENVCAUSE--ENVCAUSE068__SEX--M,dcid:Earth,2019,53006.21931
dcs:who/AIR_15.AGE--Y75T79__ENVCAUSE--ENVCAUSE039__SEX--M,dcid:Earth,2019,427058.8474
dcs:who/AIR_15.AGE--Y_GE80__ENVCAUSE--ENVCAUSE039__SEX--M,dcid:Earth,2019,549231.0506
dcs:who/AIR_15.AGE--Y40T44__ENVCAUSE--ENVCAUSE039__SEX--M,dcid:Earth,2019,268457.0504
dcs:who/AIR_15.AGE--Y70T74__ENVCAUSE--ENVCAUSE039__SEX--M,dcid:Earth,2019,528477.2514
dcs:who/AIR_15.ENVCAUSE--ENVCAUSE068__SEX--M,dcid:Earth,2019,3216223.508
dcs:who/AIR_15.AGE--Y75T79__ENVCAUSE--ENVCAUSE068__SEX--M,dcid:Earth,2019,241228.3591
dcs:who/AIR_15.AGE--Y45T49__ENVCAUSE--ENVCAUSE068__SEX--M,dcid:Earth,2019,222152.509
dcs:who/AIR_15.AGE--Y35T39__ENVCAUSE--ENVCAUSE039__SEX--M,dcid:Earth,2019,240368.2206
dcs:who/AIR_15.AGE--Y45T49__ENVCAUSE--ENVCAUSE039__SEX--M,dcid:Earth,2019,333909.0009
dcs:who/AIR_15.AGE--Y70T74__ENVCAUSE--ENVCAUSE068__SEX--M,dcid:Earth,2019,397674.9878
dcs:who/AIR_15.AGE--Y65T69__ENVCAUSE--ENVCAUSE039__SEX--M,dcid:Earth,2019,566760.8566
dcs:who/AIR_15.AGE--Y60T64__ENVCAUSE--ENVCAUSE039__SEX--M,dcid:Earth,2019,551326.4512
dcs:who/AIR_15.AGE--Y50T54__ENVCAUSE--ENVCAUSE039__SEX--M,dcid:Earth,2019,381679.0926
dcs:who/AIR_15.AGE--Y55T59__ENVCAUSE--ENVCAUSE068__SEX--M,dcid:Earth,2019,484436.7688
dcs:who/AIR_15.AGE--Y40T44__ENVCAUSE--ENVCAUSE068__SEX--M,dcid:Earth,2019,106801.8155
dcs:who/AIR_15.AGE--Y65T69__ENVCAUSE--ENVCAUSE068__SEX--M,dcid:Earth,2019,563638.9501
dcs:who/AIR_15.ENVCAUSE--ENVCAUSE039__SEX--M,dcid:Earth,2019,18050720.06
dcs:who/AIR_15.AGE--Y50T54__ENVCAUSE--ENVCAUSE068__SEX--M,dcid:Earth,2019,367123.8564
dcs:who/AIR_15.AGE--Y_GE80__ENVCAUSE--ENVCAUSE068__SEX--M,dcid:Earth,2019,179490.5866
dcs:who/AIR_15.AGE--Y45T49__ENVCAUSE--ENVCAUSE118__SEX--M,dcid:Earth,2019,290465.7906
dcs:who/AIR_15.AGE--Y50T54__ENVCAUSE--ENVCAUSE113__SEX--M,dcid:Earth,2019,1496579.095
dcs:who/AIR_15.AGE--Y15T19__ENVCAUSE--ENVCAUSE039__SEX--M,dcid:Earth,2019,169460.0606
dcs:who/AIR_15.AGE--Y70T74__ENVCAUSE--ENVCAUSE114__SEX--M,dcid:Earth,2019,1095979.081
dcs:who/AIR_15.AGE--Y65T69__ENVCAUSE--ENVCAUSE118__SEX--M,dcid:Earth,2019,1241257.703
dcs:who/AIR_15.ENVCAUSE--ENVCAUSE113__SEX--M,dcid:Earth,2019,13715871.91
dcs:who/AIR_15.AGE--Y10T14__ENVCAUSE--ENVCAUSE039__SEX--M,dcid:Earth,2019,350463.9249
dcs:who/AIR_15.AGE--Y30T34__ENVCAUSE--ENVCAUSE114__SEX--M,dcid:Earth,2019,178033.7963
dcs:who/AIR_15.AGE--Y75T79__ENVCAUSE--ENVCAUSE114__SEX--M,dcid:Earth,2019,843703.7729
dcs:who/AIR_15.AGE--Y60T64__ENVCAUSE--ENVCAUSE118__SEX--M,dcid:Earth,2019,1016336.862
dcs:who/AIR_15.AGE--Y65T69__ENVCAUSE--ENVCAUSE113__SEX--M,dcid:Earth,2019,1783446.02
dcs:who/AIR_15.AGE--Y25T29__ENVCAUSE--ENVCAUSE118__SEX--M,dcid:Earth,2019,75217.63312
dcs:who/AIR_15.AGE--Y50T54__ENVCAUSE--ENVCAUSE114__SEX--M,dcid:Earth,2019,838387.3805
dcs:who/AIR_15.AGE--Y65T69__ENVCAUSE--ENVCAUSE114__SEX--M,dcid:Earth,2019,1324183.694
dcs:who/AIR_15.AGE--Y40T44__ENVCAUSE--ENVCAUSE118__SEX--M,dcid:Earth,2019,167630.0687
dcs:who/AIR_15.AGE--Y75T79__ENVCAUSE--ENVCAUSE068__SEX--F,dcid:Earth,2019,143697.121
dcs:who/AIR_15.AGE--Y75T79__ENVCAUSE--ENVCAUSE113__SEX--M,dcid:Earth,2019,1052485.76
dcs:who/AIR_15.AGE--Y45T49__ENVCAUSE--ENVCAUSE114__SEX--M,dcid:Earth,2019,566001.0559
dcs:who/AIR_15.AGE--Y55T59__ENVCAUSE--ENVCAUSE113__SEX--M,dcid:Earth,2019,1812730.96
dcs:who/AIR_15.AGE--Y35T39__ENVCAUSE--ENVCAUSE118__SEX--M,dcid:Earth,2019,116881.1369
dcs:who/AIR_15.AGE--Y_GE80__ENVCAUSE--ENVCAUSE113__SEX--M,dcid:Earth,2019,1301983.797
dcs:who/AIR_15.AGE--Y75T79__ENVCAUSE--ENVCAUSE118__SEX--M,dcid:Earth,2019,1021820.781
dcs:who/AIR_15.AGE--Y35T39__ENVCAUSE--ENVCAUSE113__SEX--M,dcid:Earth,2019,543708.0582
dcs:who/AIR_15.AGE--Y55T59__ENVCAUSE--ENVCAUSE118__SEX--M,dcid:Earth,2019,721103.0377
dcs:who/AIR_15.AGE--Y35T39__ENVCAUSE--ENVCAUSE114__SEX--M,dcid:Earth,2019,253717.9654
dcs:who/AIR_15.AGE--Y50T54__ENVCAUSE--ENVCAUSE118__SEX--M,dcid:Earth,2019,495198.3552
dcs:who/AIR_15.AGE--Y20T24__ENVCAUSE--ENVCAUSE039__SEX--M,dcid:Earth,2019,177900.9713
dcs:who/AIR_15.AGE--Y30T34__ENVCAUSE--ENVCAUSE118__SEX--M,dcid:Earth,2019,96691.48368
dcs:who/AIR_15.AGE--Y70T74__ENVCAUSE--ENVCAUSE113__SEX--M,dcid:Earth,2019,1411044.196
dcs:who/AIR_15.AGE--Y_GE80__ENVCAUSE--ENVCAUSE068__SEX--F,dcid:Earth,2019,134369.348
dcs:who/AIR_15.SEX--M,dcid:Earth,2019,51503489.07
dcs:who/AIR_15.ENVCAUSE--ENVCAUSE118__SEX--M,dcid:Earth,2019,7719716.723
dcs:who/AIR_15.ENVCAUSE--ENVCAUSE114__SEX--M,dcid:Earth,2019,8800956.333
dcs:who/AIR_15.AGE--Y25T29__ENVCAUSE--ENVCAUSE039__SEX--M,dcid:Earth,2019,197381.3646
dcs:who/AIR_15.AGE--Y40T44__ENVCAUSE--ENVCAUSE114__SEX--M,dcid:Earth,2019,396047.1651
dcs:who/AIR_15.AGE--Y45T49__ENVCAUSE--ENVCAUSE113__SEX--M,dcid:Earth,2019,1136203.72
dcs:who/AIR_15.AGE--Y70T74__ENVCAUSE--ENVCAUSE118__SEX--M,dcid:Earth,2019,1224381.85
dcs:who/AIR_15.AGE--Y30T34__ENVCAUSE--ENVCAUSE113__SEX--M,dcid:Earth,2019,356338.6355
dcs:who/AIR_15.AGE--Y60T64__ENVCAUSE--ENVCAUSE114__SEX--M,dcid:Earth,2019,1251882.627
dcs:who/AIR_15.AGE--Y55T59__ENVCAUSE--ENVCAUSE114__SEX--M,dcid:Earth,2019,1041198.951
dcs:who/AIR_15.AGE--Y0T4__ENVCAUSE--ENVCAUSE039__SEX--M,dcid:Earth,2019,12034546.56
dcs:who/AIR_15.AGE--Y_GE80__ENVCAUSE--ENVCAUSE114__SEX--M,dcid:Earth,2019,892894.5817
dcs:who/AIR_15.AGE--Y30T34__ENVCAUSE--ENVCAUSE039__SEX--M,dcid:Earth,2019,210348.631
dcs:who/AIR_15.AGE--Y25T29__ENVCAUSE--ENVCAUSE114__SEX--M,dcid:Earth,2019,118926.241
dcs:who/AIR_15.ENVCAUSE--ENVCAUSE068__SEX--F,dcid:Earth,2019,1717069.476
dcs:who/AIR_15.AGE--Y60T64__ENVCAUSE--ENVCAUSE113__SEX--M,dcid:Earth,2019,1857663.508
dcs:who/AIR_15.AGE--Y40T44__ENVCAUSE--ENVCAUSE113__SEX--M,dcid:Earth,2019,775388.2394
dcs:who/AIR_15.AGE--Y5T9__ENVCAUSE--ENVCAUSE039__SEX--M,dcid:Earth,2019,600187.6114
dcs:who/AIR_15.AGE--Y25T29__ENVCAUSE--ENVCAUSE113__SEX--M,dcid:Earth,2019,188299.8377
dcs:who/AIR_15.AGE--Y_GE80__ENVCAUSE--ENVCAUSE118__SEX--M,dcid:Earth,2019,1252732.114
dcs:who/AIR_15.AGE--Y10T14__ENVCAUSE--ENVCAUSE039__SEX--F,dcid:Earth,2019,338120.7738
dcs:who/AIR_15.AGE--Y65T69__ENVCAUSE--ENVCAUSE118__SEX--F,dcid:Earth,2019,935043.006
dcs:who/AIR_15.AGE--Y55T59__ENVCAUSE--ENVCAUSE114__SEX--F,dcid:Earth,2019,827307.2841
dcs:who/AIR_15.AGE--Y25T29__ENVCAUSE--ENVCAUSE114__SEX--F,dcid:Earth,2019,94108.23156
dcs:who/AIR_15.AGE--Y50T54__ENVCAUSE--ENVCAUSE068__SEX--F,dcid:Earth,2019,194643.7323
dcs:who/AIR_15.AGE--Y50T54__ENVCAUSE--ENVCAUSE118__SEX--F,dcid:Earth,2019,400607.8612
dcs:who/AIR_15.AGE--Y45T49__ENVCAUSE--ENVCAUSE068__SEX--F,dcid:Earth,2019,126959.8028
dcs:who/AIR_15.AGE--Y45T49__ENVCAUSE--ENVCAUSE114__SEX--F,dcid:Earth,2019,438928.0045
dcs:who/AIR_15.AGE--Y75T79__ENVCAUSE--ENVCAUSE114__SEX--F,dcid:Earth,2019,996301.8148
dcs:who/AIR_15.AGE--Y_GE80__ENVCAUSE--ENVCAUSE039__SEX--F,dcid:Earth,2019,675831.7577
dcs:who/AIR_15.AGE--Y55T59__ENVCAUSE--ENVCAUSE118__SEX--F,dcid:Earth,2019,524427.1195
dcs:who/AIR_15.AGE--Y70T74__ENVCAUSE--ENVCAUSE068__SEX--F,dcid:Earth,2019,210079.9023
dcs:who/AIR_15.AGE--Y75T79__ENVCAUSE--ENVCAUSE118__SEX--F,dcid:Earth,2019,903032.3631
dcs:who/AIR_15.AGE--Y25T29__ENVCAUSE--ENVCAUSE118__SEX--F,dcid:Earth,2019,81720.71399
dcs:who/AIR_15.AGE--Y40T44__ENVCAUSE--ENVCAUSE068__SEX--F,dcid:Earth,2019,78509.60803
dcs:who/AIR_15.AGE--Y60T64__ENVCAUSE--ENVCAUSE039__SEX--F,dcid:Earth,2019,409555.0848
dcs:who/AIR_15.AGE--Y30T34__ENVCAUSE--ENVCAUSE114__SEX--F,dcid:Earth,2019,134079.0766
dcs:who/AIR_15.AGE--Y25T29__ENVCAUSE--ENVCAUSE039__SEX--F,dcid:Earth,2019,159228.5538
dcs:who/AIR_15.ENVCAUSE--ENVCAUSE039__SEX--F,dcid:Earth,2019,14541138.37
dcs:who/AIR_15.ENVCAUSE--ENVCAUSE118__SEX--F,dcid:Earth,2019,6601015.854
dcs:who/AIR_15.AGE--Y40T44__ENVCAUSE--ENVCAUSE114__SEX--F,dcid:Earth,2019,291678.1277
dcs:who/AIR_15.AGE--Y50T54__ENVCAUSE--ENVCAUSE039__SEX--F,dcid:Earth,2019,280981.3756
dcs:who/AIR_15.AGE--Y35T39__ENVCAUSE--ENVCAUSE068__SEX--F,dcid:Earth,2019,41502.59902
dcs:who/AIR_15.ENVCAUSE--ENVCAUSE114__SEX--F,dcid:Earth,2019,8314830.683
dcs:who/AIR_15.AGE--Y_GE80__ENVCAUSE--ENVCAUSE118__SEX--F,dcid:Earth,2019,1397648.815
dcs:who/AIR_15.AGE--Y65T69__ENVCAUSE--ENVCAUSE039__SEX--F,dcid:Earth,2019,473457.3443
dcs:who/AIR_15.AGE--Y60T64__ENVCAUSE--ENVCAUSE068__SEX--F,dcid:Earth,2019,257044.3816
dcs:who/AIR_15.AGE--Y0T4__ENVCAUSE--ENVCAUSE039__SEX--F,dcid:Earth,2019,9254465.573
dcs:who/AIR_15.AGE--Y20T24__ENVCAUSE--ENVCAUSE039__SEX--F,dcid:Earth,2019,141840.3599
dcs:who/AIR_15.AGE--Y65T69__ENVCAUSE--ENVCAUSE114__SEX--F,dcid:Earth,2019,1172068.532
dcs:who/AIR_15.AGE--Y60T64__ENVCAUSE--ENVCAUSE118__SEX--F,dcid:Earth,2019,747942.5438
dcs:who/AIR_15.AGE--Y70T74__ENVCAUSE--ENVCAUSE114__SEX--F,dcid:Earth,2019,1139472.198
dcs:who/AIR_15.AGE--Y75T79__ENVCAUSE--ENVCAUSE039__SEX--F,dcid:Earth,2019,423186.383
dcs:who/AIR_15.AGE--Y45T49__ENVCAUSE--ENVCAUSE039__SEX--F,dcid:Earth,2019,189725.0092
dcs:who/AIR_15.AGE--Y30T34__ENVCAUSE--ENVCAUSE068__SEX--F,dcid:Earth,2019,24535.40972
dcs:who/AIR_15.AGE--Y55T59__ENVCAUSE--ENVCAUSE039__SEX--F,dcid:Earth,2019,317196.219
dcs:who/AIR_15.AGE--Y70T74__ENVCAUSE--ENVCAUSE039__SEX--F,dcid:Earth,2019,495330.2041
dcs:who/AIR_15.AGE--Y70T74__ENVCAUSE--ENVCAUSE118__SEX--F,dcid:Earth,2019,1011844.517
dcs:who/AIR_15.AGE--Y40T44__ENVCAUSE--ENVCAUSE118__SEX--F,dcid:Earth,2019,144445.6698
dcs:who/AIR_15.AGE--Y35T39__ENVCAUSE--ENVCAUSE039__SEX--F,dcid:Earth,2019,180195.6767
dcs:who/AIR_15.ENVCAUSE--ENVCAUSE113__SEX--F,dcid:Earth,2019,9440288.542
dcs:who/AIR_15.AGE--Y_GE80__ENVCAUSE--ENVCAUSE114__SEX--F,dcid:Earth,2019,1307616.155
dcs:who/AIR_15.AGE--Y25T29__ENVCAUSE--ENVCAUSE068__SEX--F,dcid:Earth,2019,11985.28931
dcs:who/AIR_15.AGE--Y65T69__ENVCAUSE--ENVCAUSE068__SEX--F,dcid:Earth,2019,270050.7227
dcs:who/AIR_15.AGE--Y55T59__ENVCAUSE--ENVCAUSE068__SEX--F,dcid:Earth,2019,223691.5751
dcs:who/AIR_15.AGE--Y30T34__ENVCAUSE--ENVCAUSE039__SEX--F,dcid:Earth,2019,158589.1819
dcs:who/AIR_15.AGE--Y30T34__ENVCAUSE--ENVCAUSE118__SEX--F,dcid:Earth,2019,101332.96
dcs:who/AIR_15.AGE--Y40T44__ENVCAUSE--ENVCAUSE039__SEX--F,dcid:Earth,2019,183728.1776
dcs:who/AIR_15.AGE--Y50T54__ENVCAUSE--ENVCAUSE114__SEX--F,dcid:Earth,2019,694965.6437
dcs:who/AIR_15.AGE--Y5T9__ENVCAUSE--ENVCAUSE039__SEX--F,dcid:Earth,2019,710695.5296
dcs:who/AIR_15.AGE--Y45T49__ENVCAUSE--ENVCAUSE118__SEX--F,dcid:Earth,2019,235457.1893
dcs:who/AIR_15.AGE--Y15T19__ENVCAUSE--ENVCAUSE039__SEX--F,dcid:Earth,2019,149011.3674
dcs:who/AIR_15.AGE--Y35T39__ENVCAUSE--ENVCAUSE118__SEX--F,dcid:Earth,2019,117512.9596
dcs:who/AIR_15.AGE--Y60T64__ENVCAUSE--ENVCAUSE114__SEX--F,dcid:Earth,2019,1021459.658
dcs:who/AIR_15.AGE--Y35T39__ENVCAUSE--ENVCAUSE114__SEX--F,dcid:Earth,2019,196845.9155
dcs:who/AIR_15.AGE--Y30T34__ENVCAUSE--ENVCAUSE104__SEX--F,dcid:Earth,2019,5936.33343
dcs:who/AIR_15.AGE--Y45T49__ENVCAUSE--ENVCAUSE104__SEX--F,dcid:Earth,2019,28676.94852
dcs:who/AIR_15.AGE--Y_GE80__ENVCAUSE--ENVCAUSE039,dcid:Earth,2019,1225062.805
dcs:who/AIR_15.AGE--Y50T54__ENVCAUSE--ENVCAUSE113__SEX--F,dcid:Earth,2019,768511.1481
dcs:who/AIR_15.AGE--Y65T69__ENVCAUSE--ENVCAUSE113__SEX--F,dcid:Earth,2019,1276232.255
dcs:who/AIR_15.AGE--Y60T64__ENVCAUSE--ENVCAUSE113__SEX--F,dcid:Earth,2019,1131306.663
dcs:who/AIR_15.AGE--Y45T49__ENVCAUSE--ENVCAUSE068,dcid:Earth,2019,349112.3066
dcs:who/AIR_15.AGE--Y35T39__ENVCAUSE--ENVCAUSE068,dcid:Earth,2019,94508.81784
dcs:who/AIR_15.AGE--Y50T54__ENVCAUSE--ENVCAUSE104__SEX--F,dcid:Earth,2019,43475.87088
dcs:who/AIR_15.AGE--Y25T29__ENVCAUSE--ENVCAUSE104__SEX--F,dcid:Earth,2019,2587.94114
dcs:who/AIR_15.AGE--Y75T79__ENVCAUSE--ENVCAUSE104__SEX--F,dcid:Earth,2019,91231.7732
dcs:who/AIR_15.AGE--Y60T64__ENVCAUSE--ENVCAUSE039,dcid:Earth,2019,960881.5252
dcs:who/AIR_15.AGE--Y50T54__ENVCAUSE--ENVCAUSE068,dcid:Earth,2019,561767.5915
dcs:who/AIR_15.AGE--Y35T39__ENVCAUSE--ENVCAUSE104__SEX--F,dcid:Earth,2019,9849.09697
dcs:who/AIR_15.AGE--Y65T69__ENVCAUSE--ENVCAUSE104__SEX--F,dcid:Earth,2019,101138.04
dcs:who/AIR_15.AGE--Y75T79__ENVCAUSE--ENVCAUSE113__SEX--F,dcid:Earth,2019,1078361.093
dcs:who/AIR_15.AGE--Y25T29__ENVCAUSE--ENVCAUSE113__SEX--F,dcid:Earth,2019,90841.29695
dcs:who/AIR_15.AGE--Y75T79__ENVCAUSE--ENVCAUSE068,dcid:Earth,2019,384925.4791
dcs:who/AIR_15.AGE--Y60T64__ENVCAUSE--ENVCAUSE068,dcid:Earth,2019,809998.3478
dcs:who/AIR_15.ENVCAUSE--ENVCAUSE039,dcid:Earth,2019,32591858.16
dcs:who/AIR_15.ENVCAUSE--ENVCAUSE068,dcid:Earth,2019,4933293.064
dcs:who/AIR_15.AGE--Y55T59__ENVCAUSE--ENVCAUSE039,dcid:Earth,2019,780359.3443
dcs:who/AIR_15.AGE--Y_GE80__ENVCAUSE--ENVCAUSE104__SEX--F,dcid:Earth,2019,131683.296
dcs:who/AIR_15.AGE--Y55T59__ENVCAUSE--ENVCAUSE068,dcid:Earth,2019,708128.3435
dcs:who/AIR_15.AGE--Y40T44__ENVCAUSE--ENVCAUSE113__SEX--F,dcid:Earth,2019,352439.9006
dcs:who/AIR_15.AGE--Y55T59__ENVCAUSE--ENVCAUSE104__SEX--F,dcid:Earth,2019,62715.51866
dcs:who/AIR_15.AGE--Y60T64__ENVCAUSE--ENVCAUSE104__SEX--F,dcid:Earth,2019,82325.01553
dcs:who/AIR_15.AGE--Y_GE80__ENVCAUSE--ENVCAUSE068,dcid:Earth,2019,313859.9271
dcs:who/AIR_15.AGE--Y70T74__ENVCAUSE--ENVCAUSE113__SEX--F,dcid:Earth,2019,1218863.465
dcs:who/AIR_15.AGE--Y35T39__ENVCAUSE--ENVCAUSE113__SEX--F,dcid:Earth,2019,228802.4881
dcs:who/AIR_15.AGE--Y30T34__ENVCAUSE--ENVCAUSE113__SEX--F,dcid:Earth,2019,147426.1785
dcs:who/AIR_15.AGE--Y70T74__ENVCAUSE--ENVCAUSE039,dcid:Earth,2019,1023807.474
dcs:who/AIR_15.AGE--Y40T44__ENVCAUSE--ENVCAUSE068,dcid:Earth,2019,185311.4292
dcs:who/AIR_15.AGE--Y70T74__ENVCAUSE--ENVCAUSE104__SEX--F,dcid:Earth,2019,101403.0441
dcs:who/AIR_15.AGE--Y75T79__ENVCAUSE--ENVCAUSE039,dcid:Earth,2019,850245.2298
dcs:who/AIR_15.AGE--Y45T49__ENVCAUSE--ENVCAUSE113__SEX--F,dcid:Earth,2019,505836.4203
dcs:who/AIR_15.AGE--Y65T69__ENVCAUSE--ENVCAUSE068,dcid:Earth,2019,833689.6626
dcs:who/AIR_15.AGE--Y65T69__ENVCAUSE--ENVCAUSE039,dcid:Earth,2019,1040218.185
dcs:who/AIR_15.AGE--Y55T59__ENVCAUSE--ENVCAUSE113__SEX--F,dcid:Earth,2019,939629.9394
dcs:who/AIR_15.AGE--Y25T29__ENVCAUSE--ENVCAUSE068,dcid:Earth,2019,27662.10747
dcs:who/AIR_15.AGE--Y_GE80__ENVCAUSE--ENVCAUSE113__SEX--F,dcid:Earth,2019,1702037.654
dcs:who/AIR_15.SEX--F,dcid:Earth,2019,41291923.9
dcs:who/AIR_15.ENVCAUSE--ENVCAUSE104__SEX--F,dcid:Earth,2019,677580.4805
dcs:who/AIR_15.AGE--Y70T74__ENVCAUSE--ENVCAUSE068,dcid:Earth,2019,607754.8866
dcs:who/AIR_15.AGE--Y30T34__ENVCAUSE--ENVCAUSE068,dcid:Earth,2019,56574.10616
dcs:who/AIR_15.AGE--Y40T44__ENVCAUSE--ENVCAUSE104__SEX--F,dcid:Earth,2019,16557.60354
dcs:who/AIR_15.AGE--Y50T54__ENVCAUSE--ENVCAUSE039,dcid:Earth,2019,662660.4711
dcs:who/AIR_15.ENVCAUSE--ENVCAUSE113,dcid:Earth,2019,23156160.33
dcs:who/AIR_15.AGE--Y5T9__ENVCAUSE--ENVCAUSE039,dcid:Earth,2019,1310883.143
dcs:who/AIR_15.AGE--Y50T54__ENVCAUSE--ENVCAUSE113,dcid:Earth,2019,2265090.24
dcs:who/AIR_15.AGE--Y65T69__ENVCAUSE--ENVCAUSE113,dcid:Earth,2019,3059678.218
dcs:who/AIR_15.AGE--Y75T79__ENVCAUSE--ENVCAUSE113,dcid:Earth,2019,2130846.878
dcs:who/AIR_15.AGE--Y70T74__ENVCAUSE--ENVCAUSE113,dcid:Earth,2019,2629907.678
dcs:who/AIR_15.AGE--Y0T4__ENVCAUSE--ENVCAUSE039,dcid:Earth,2019,21289011.65
dcs:who/AIR_15.AGE--Y25T29__ENVCAUSE--ENVCAUSE118,dcid:Earth,2019,156938.347
dcs:who/AIR_15.AGE--Y20T24__ENVCAUSE--ENVCAUSE039,dcid:Earth,2019,319741.3286
dcs:who/AIR_15.AGE--Y35T39__ENVCAUSE--ENVCAUSE118,dcid:Earth,2019,234394.0991
dcs:who/AIR_15.AGE--Y65T69__ENVCAUSE--ENVCAUSE114,dcid:Earth,2019,2496252.199
dcs:who/AIR_15.AGE--Y45T49__ENVCAUSE--ENVCAUSE039,dcid:Earth,2019,523634.0073
dcs:who/AIR_15.AGE--Y70T74__ENVCAUSE--ENVCAUSE114,dcid:Earth,2019,2235451.286
dcs:who/AIR_15.AGE--Y10T14__ENVCAUSE--ENVCAUSE039,dcid:Earth,2019,688584.6954
dcs:who/AIR_15.AGE--Y35T39__ENVCAUSE--ENVCAUSE114,dcid:Earth,2019,450563.8803
dcs:who/AIR_15.AGE--Y60T64__ENVCAUSE--ENVCAUSE118,dcid:Earth,2019,1764279.396
dcs:who/AIR_15.AGE--Y25T29__ENVCAUSE--ENVCAUSE039,dcid:Earth,2019,356609.9179
dcs:who/AIR_15.AGE--Y50T54__ENVCAUSE--ENVCAUSE114,dcid:Earth,2019,1533353.033
dcs:who/AIR_15.AGE--Y_GE80__ENVCAUSE--ENVCAUSE114,dcid:Earth,2019,2200510.73
dcs:who/AIR_15.AGE--Y35T39__ENVCAUSE--ENVCAUSE039,dcid:Earth,2019,420563.8983
dcs:who/AIR_15.AGE--Y30T34__ENVCAUSE--ENVCAUSE114,dcid:Earth,2019,312112.8761
dcs:who/AIR_15.AGE--Y70T74__ENVCAUSE--ENVCAUSE118,dcid:Earth,2019,2236226.389
dcs:who/AIR_15.AGE--Y45T49__ENVCAUSE--ENVCAUSE114,dcid:Earth,2019,1004929.053
dcs:who/AIR_15.AGE--Y50T54__ENVCAUSE--ENVCAUSE118,dcid:Earth,2019,895806.2371
dcs:who/AIR_15.AGE--Y25T29__ENVCAUSE--ENVCAUSE114,dcid:Earth,2019,213034.4723
dcs:who/AIR_15.AGE--Y40T44__ENVCAUSE--ENVCAUSE114,dcid:Earth,2019,687725.302
dcs:who/AIR_15.ENVCAUSE--ENVCAUSE114,dcid:Earth,2019,17115787.07
dcs:who/AIR_15.AGE--Y55T59__ENVCAUSE--ENVCAUSE113,dcid:Earth,2019,2752360.886
dcs:who/AIR_15.AGE--Y40T44__ENVCAUSE--ENVCAUSE039,dcid:Earth,2019,452185.2283
dcs:who/AIR_15.ENVCAUSE--ENVCAUSE118,dcid:Earth,2019,14320732.66
dcs:who/AIR_15.AGE--Y30T34__ENVCAUSE--ENVCAUSE039,dcid:Earth,2019,368937.8144
dcs:who/AIR_15.AGE--Y_GE80__ENVCAUSE--ENVCAUSE118,dcid:Earth,2019,2650380.978
dcs:who/AIR_15.AGE--Y60T64__ENVCAUSE--ENVCAUSE114,dcid:Earth,2019,2273342.268
dcs:who/AIR_15.AGE--Y15T19__ENVCAUSE--ENVCAUSE039,dcid:Earth,2019,318471.4238
dcs:who/AIR_15.AGE--Y60T64__ENVCAUSE--ENVCAUSE113,dcid:Earth,2019,2988970.155
dcs:who/AIR_15.AGE--Y75T79__ENVCAUSE--ENVCAUSE114,dcid:Earth,2019,1840005.629
dcs:who/AIR_15.AGE--Y55T59__ENVCAUSE--ENVCAUSE118,dcid:Earth,2019,1245530.115
dcs:who/AIR_15.AGE--Y75T79__ENVCAUSE--ENVCAUSE118,dcid:Earth,2019,1924853.137
dcs:who/AIR_15.AGE--Y45T49__ENVCAUSE--ENVCAUSE118,dcid:Earth,2019,525922.976
dcs:who/AIR_15.AGE--Y_GE80__ENVCAUSE--ENVCAUSE113,dcid:Earth,2019,3004021.434
dcs:who/AIR_15.AGE--Y55T59__ENVCAUSE--ENVCAUSE114,dcid:Earth,2019,1868506.241
dcs:who/AIR_15.AGE--Y65T69__ENVCAUSE--ENVCAUSE118,dcid:Earth,2019,2176300.665
dcs:who/AIR_15.AGE--Y40T44__ENVCAUSE--ENVCAUSE118,dcid:Earth,2019,312075.7415
dcs:who/AIR_15.AGE--Y30T34__ENVCAUSE--ENVCAUSE118,dcid:Earth,2019,198024.4429
dcs:who/AIR_15,dcid:Earth,2019,92795410.66
dcs:who/AIR_15.AGE--Y50T54__ENVCAUSE--ENVCAUSE104,dcid:Earth,2019,43475.87088
dcs:who/AIR_15.AGE--Y60T64__ENVCAUSE--ENVCAUSE104,dcid:Earth,2019,82325.01553
dcs:who/AIR_15.AGE--Y55T59__ENVCAUSE--ENVCAUSE104,dcid:Earth,2019,62715.51866
dcs:who/AIR_15.AGE--Y_GE80__ENVCAUSE--ENVCAUSE104,dcid:Earth,2019,131683.296
dcs:who/AIR_15.AGE--Y25T29__ENVCAUSE--ENVCAUSE113,dcid:Earth,2019,279141.128
dcs:who/AIR_15.ENVCAUSE--ENVCAUSE104,dcid:Earth,2019,677580.4805
dcs:who/AIR_15.AGE--Y45T49__ENVCAUSE--ENVCAUSE104,dcid:Earth,2019,28676.94852
dcs:who/AIR_15.AGE--Y30T34__ENVCAUSE--ENVCAUSE104,dcid:Earth,2019,5936.33343
dcs:who/AIR_15.AGE--Y35T39__ENVCAUSE--ENVCAUSE113,dcid:Earth,2019,772510.536
dcs:who/AIR_15.AGE--Y40T44__ENVCAUSE--ENVCAUSE113,dcid:Earth,2019,1127828.119
dcs:who/AIR_15.AGE--Y40T44__ENVCAUSE--ENVCAUSE104,dcid:Earth,2019,16557.60354
dcs:who/AIR_15.AGE--Y45T49__ENVCAUSE--ENVCAUSE113,dcid:Earth,2019,1642040.11
dcs:who/AIR_15.AGE--Y30T34__ENVCAUSE--ENVCAUSE113,dcid:Earth,2019,503764.806
dcs:who/AIR_15.AGE--Y75T79__ENVCAUSE--ENVCAUSE104,dcid:Earth,2019,91231.7732
dcs:who/AIR_15.AGE--Y70T74__ENVCAUSE--ENVCAUSE104,dcid:Earth,2019,101403.0441
dcs:who/AIR_15.AGE--Y35T39__ENVCAUSE--ENVCAUSE104,dcid:Earth,2019,9849.09697
dcs:who/AIR_15.AGE--Y65T69__ENVCAUSE--ENVCAUSE104,dcid:Earth,2019,101138.04
dcs:who/AIR_15.AGE--Y25T29__ENVCAUSE--ENVCAUSE104,dcid:Earth,2019,2587.94114
dcs:who/AIR_15.AGE--Y30T34__ENVCAUSE--ENVCAUSE068__SEX--M,dcid:EasternAsia,2019,15969.10734
dcs:who/AIR_15.AGE--Y25T29__ENVCAUSE--ENVCAUSE068__SEX--M,dcid:EasternAsia,2019,6101.28045
dcs:who/AIR_15.AGE--Y55T59__ENVCAUSE--ENVCAUSE068__SEX--M,dcid:EasternAsia,2019,239951.8382
dcs:who/AIR_15.AGE--Y45T49__ENVCAUSE--ENVCAUSE068__SEX--M,dcid:EasternAsia,2019,103377.5202
dcs:who/AIR_15.AGE--Y75T79__ENVCAUSE--ENVCAUSE039__SEX--M,dcid:EasternAsia,2019,39762.49644
dcs:who/AIR_15.ENVCAUSE--ENVCAUSE068__SEX--M,dcid:EasternAsia,2019,1778844.795
dcs:who/AIR_15.AGE--Y75T79__ENVCAUSE--ENVCAUSE068__SEX--M,dcid:EasternAsia,2019,154557.3548
dcs:who/AIR_15.AGE--Y35T39__ENVCAUSE--ENVCAUSE068__SEX--M,dcid:EasternAsia,2019,23742.42979
dcs:who/AIR_15.AGE--Y65T69__ENVCAUSE--ENVCAUSE068__SEX--M,dcid:EasternAsia,2019,338170.8474
dcs:who/AIR_15.AGE--Y60T64__ENVCAUSE--ENVCAUSE068__SEX--M,dcid:EasternAsia,2019,292318.185
dcs:who/AIR_15.ENVCAUSE--ENVCAUSE039__SEX--M,dcid:EasternAsia,2019,527239.3579
dcs:who/AIR_15.AGE--Y70T74__ENVCAUSE--ENVCAUSE068__SEX--M,dcid:EasternAsia,2019,247318.0534
dcs:who/AIR_15.AGE--Y50T54__ENVCAUSE--ENVCAUSE068__SEX--M,dcid:EasternAsia,2019,186746.3749
dcs:who/AIR_15.AGE--Y70T74__ENVCAUSE--ENVCAUSE039__SEX--M,dcid:EasternAsia,2019,38301.87989
dcs:who/AIR_15.AGE--Y_GE80__ENVCAUSE--ENVCAUSE039__SEX--M,dcid:EasternAsia,2019,94240.42357
dcs:who/AIR_15.AGE--Y40T44__ENVCAUSE--ENVCAUSE068__SEX--M,dcid:EasternAsia,2019,48382.2596
dcs:who/AIR_15.AGE--Y_GE80__ENVCAUSE--ENVCAUSE068__SEX--M,dcid:EasternAsia,2019,122209.5789
dcs:who/AIR_15.AGE--Y25T29__ENVCAUSE--ENVCAUSE039__SEX--M,dcid:EasternAsia,2019,5874.48776
dcs:who/AIR_15.AGE--Y70T74__ENVCAUSE--ENVCAUSE118__SEX--M,dcid:EasternAsia,2019,297069.3311
dcs:who/AIR_15.AGE--Y0T4__ENVCAUSE--ENVCAUSE039__SEX--M,dcid:EasternAsia,2019,186908.5835
dcs:who/AIR_15.AGE--Y10T14__ENVCAUSE--ENVCAUSE039__SEX--M,dcid:EasternAsia,2019,4352.23386
dcs:who/AIR_15.AGE--Y30T34__ENVCAUSE--ENVCAUSE039__SEX--M,dcid:EasternAsia,2019,8014.67937
dcs:who/AIR_15.AGE--Y40T44__ENVCAUSE--ENVCAUSE118__SEX--M,dcid:EasternAsia,2019,19107.69084
dcs:who/AIR_15.AGE--Y5T9__ENVCAUSE--ENVCAUSE039__SEX--M,dcid:EasternAsia,2019,6031.81918
dcs:who/AIR_15.ENVCAUSE--ENVCAUSE118__SEX--M,dcid:EasternAsia,2019,1702734.551
dcs:who/AIR_15.AGE--Y65T69__ENVCAUSE--ENVCAUSE118__SEX--M,dcid:EasternAsia,2019,251051.9105
dcs:who/AIR_15.AGE--Y45T49__ENVCAUSE--ENVCAUSE118__SEX--M,dcid:EasternAsia,2019,39847.46002
dcs:who/AIR_15.AGE--Y20T24__ENVCAUSE--ENVCAUSE039__SEX--M,dcid:EasternAsia,2019,5505.73462
dcs:who/AIR_15.AGE--Y45T49__ENVCAUSE--ENVCAUSE039__SEX--M,dcid:EasternAsia,2019,13734.87216
dcs:who/AIR_15.AGE--Y55T59__ENVCAUSE--ENVCAUSE118__SEX--M,dcid:EasternAsia,2019,107436.3563
dcs:who/AIR_15.AGE--Y60T64__ENVCAUSE--ENVCAUSE039__SEX--M,dcid:EasternAsia,2019,27331.04048
dcs:who/AIR_15.AGE--Y60T64__ENVCAUSE--ENVCAUSE118__SEX--M,dcid:EasternAsia,2019,166140.6993
dcs:who/AIR_15.AGE--Y75T79__ENVCAUSE--ENVCAUSE118__SEX--M,dcid:EasternAsia,2019,282052.1636
dcs:who/AIR_15.AGE--Y_GE80__ENVCAUSE--ENVCAUSE118__SEX--M,dcid:EasternAsia,2019,438569.0178
dcs:who/AIR_15.AGE--Y15T19__ENVCAUSE--ENVCAUSE039__SEX--M,dcid:EasternAsia,2019,4830.62494
dcs:who/AIR_15.AGE--Y50T54__ENVCAUSE--ENVCAUSE039__SEX--M,dcid:EasternAsia,2019,19232.43045
dcs:who/AIR_15.AGE--Y65T69__ENVCAUSE--ENVCAUSE039__SEX--M,dcid:EasternAsia,2019,34497.26546
dcs:who/AIR_15.AGE--Y40T44__ENVCAUSE--ENVCAUSE039__SEX--M,dcid:EasternAsia,2019,9537.34354
dcs:who/AIR_15.AGE--Y50T54__ENVCAUSE--ENVCAUSE118__SEX--M,dcid:EasternAsia,2019,75788.71219
dcs:who/AIR_15.AGE--Y35T39__ENVCAUSE--ENVCAUSE039__SEX--M,dcid:EasternAsia,2019,7447.19084
dcs:who/AIR_15.AGE--Y55T59__ENVCAUSE--ENVCAUSE039__SEX--M,dcid:EasternAsia,2019,21636.23491
dcs:who/AIR_15.AGE--Y30T34__ENVCAUSE--ENVCAUSE113__SEX--M,dcid:EasternAsia,2019,53457.07648
dcs:who/AIR_15.ENVCAUSE--ENVCAUSE039__SEX--F,dcid:EasternAsia,2019,393765.4568
dcs:who/AIR_15.AGE--Y50T54__ENVCAUSE--ENVCAUSE068__SEX--F,dcid:EasternAsia,2019,100198.5546
dcs:who/AIR_15.AGE--Y65T69__ENVCAUSE--ENVCAUSE114__SEX--M,dcid:EasternAsia,2019,423524.8605
dcs:who/AIR_15.AGE--Y30T34__ENVCAUSE--ENVCAUSE068__SEX--F,dcid:EasternAsia,2019,10986.05192
dcs:who/AIR_15.ENVCAUSE--ENVCAUSE113__SEX--M,dcid:EasternAsia,2019,2494858.484
dcs:who/AIR_15.AGE--Y55T59__ENVCAUSE--ENVCAUSE114__SEX--M,dcid:EasternAsia,2019,267524.7424
dcs:who/AIR_15.AGE--Y75T79__ENVCAUSE--ENVCAUSE039__SEX--F,dcid:EasternAsia,2019,31249.1973
dcs:who/AIR_15.AGE--Y75T79__ENVCAUSE--ENVCAUSE068__SEX--F,dcid:EasternAsia,2019,95762.84486
dcs:who/AIR_15.AGE--Y35T39__ENVCAUSE--ENVCAUSE118__SEX--M,dcid:EasternAsia,2019,10468.52752
dcs:who/AIR_15.AGE--Y60T64__ENVCAUSE--ENVCAUSE113__SEX--M,dcid:EasternAsia,2019,283835.9268
dcs:who/AIR_15.AGE--Y50T54__ENVCAUSE--ENVCAUSE114__SEX--M,dcid:EasternAsia,2019,226685.1594
dcs:who/AIR_15.AGE--Y50T54__ENVCAUSE--ENVCAUSE113__SEX--M,dcid:EasternAsia,2019,228354.9189
dcs:who/AIR_15.ENVCAUSE--ENVCAUSE114__SEX--M,dcid:EasternAsia,2019,2714733.496
dcs:who/AIR_15.AGE--Y70T74__ENVCAUSE--ENVCAUSE114__SEX--M,dcid:EasternAsia,2019,391855.7701
dcs:who/AIR_15.AGE--Y25T29__ENVCAUSE--ENVCAUSE113__SEX--M,dcid:EasternAsia,2019,23845.21895
dcs:who/AIR_15.AGE--Y45T49__ENVCAUSE--ENVCAUSE114__SEX--M,dcid:EasternAsia,2019,147157.8481
dcs:who/AIR_15.AGE--Y_GE80__ENVCAUSE--ENVCAUSE114__SEX--M,dcid:EasternAsia,2019,404739.8998
dcs:who/AIR_15.AGE--Y70T74__ENVCAUSE--ENVCAUSE113__SEX--M,dcid:EasternAsia,2019,297384.8375
dcs:who/AIR_15.AGE--Y75T79__ENVCAUSE--ENVCAUSE114__SEX--M,dcid:EasternAsia,2019,321787.0408
dcs:who/AIR_15.AGE--Y70T74__ENVCAUSE--ENVCAUSE068__SEX--F,dcid:EasternAsia,2019,135672.6775
dcs:who/AIR_15.AGE--Y_GE80__ENVCAUSE--ENVCAUSE039__SEX--F,dcid:EasternAsia,2019,98396.92384
dcs:who/AIR_15.AGE--Y65T69__ENVCAUSE--ENVCAUSE068__SEX--F,dcid:EasternAsia,2019,171029.4284
dcs:who/AIR_15.AGE--Y25T29__ENVCAUSE--ENVCAUSE068__SEX--F,dcid:EasternAsia,2019,4209.16408
dcs:who/AIR_15.AGE--Y30T34__ENVCAUSE--ENVCAUSE118__SEX--M,dcid:EasternAsia,2019,9665.14706
dcs:who/AIR_15.AGE--Y40T44__ENVCAUSE--ENVCAUSE068__SEX--F,dcid:EasternAsia,2019,34048.08201
dcs:who/AIR_15.AGE--Y35T39__ENVCAUSE--ENVCAUSE114__SEX--M,dcid:EasternAsia,2019,50972.68378
dcs:who/AIR_15.AGE--Y45T49__ENVCAUSE--ENVCAUSE068__SEX--F,dcid:EasternAsia,2019,61252.4812
dcs:who/AIR_15.SEX--M,dcid:EasternAsia,2019,9218411.18
dcs:who/AIR_15.AGE--Y30T34__ENVCAUSE--ENVCAUSE114__SEX--M,dcid:EasternAsia,2019,39644.96185
dcs:who/AIR_15.AGE--Y65T69__ENVCAUSE--ENVCAUSE113__SEX--M,dcid:EasternAsia,2019,335762.6462
dcs:who/AIR_15.AGE--Y25T29__ENVCAUSE--ENVCAUSE118__SEX--M,dcid:EasternAsia,2019,5537.54709
dcs:who/AIR_15.AGE--Y45T49__ENVCAUSE--ENVCAUSE113__SEX--M,dcid:EasternAsia,2019,162162.9047
dcs:who/AIR_15.AGE--Y60T64__ENVCAUSE--ENVCAUSE039__SEX--F,dcid:EasternAsia,2019,14073.34271
dcs:who/AIR_15.AGE--Y50T54__ENVCAUSE--ENVCAUSE039__SEX--F,dcid:EasternAsia,2019,9353.69642
dcs:who/AIR_15.AGE--Y60T64__ENVCAUSE--ENVCAUSE068__SEX--F,dcid:EasternAsia,2019,142583.9362
dcs:who/AIR_15.AGE--Y40T44__ENVCAUSE--ENVCAUSE114__SEX--M,dcid:EasternAsia,2019,87753.4408
dcs:who/AIR_15.AGE--Y35T39__ENVCAUSE--ENVCAUSE068__SEX--F,dcid:EasternAsia,2019,16637.83242
dcs:who/AIR_15.AGE--Y25T29__ENVCAUSE--ENVCAUSE114__SEX--M,dcid:EasternAsia,2019,18919.33174
dcs:who/AIR_15.AGE--Y55T59__ENVCAUSE--ENVCAUSE039__SEX--F,dcid:EasternAsia,2019,10789.19975
dcs:who/AIR_15.AGE--Y_GE80__ENVCAUSE--ENVCAUSE113__SEX--M,dcid:EasternAsia,2019,433671.4164
dcs:who/AIR_15.AGE--Y55T59__ENVCAUSE--ENVCAUSE068__SEX--F,dcid:EasternAsia,2019,115578.2923
dcs:who/AIR_15.AGE--Y60T64__ENVCAUSE--ENVCAUSE114__SEX--M,dcid:EasternAsia,2019,334167.8145
dcs:who/AIR_15.AGE--Y_GE80__ENVCAUSE--ENVCAUSE068__SEX--F,dcid:EasternAsia,2019,93407.30287
dcs:who/AIR_15.ENVCAUSE--ENVCAUSE068__SEX--F,dcid:EasternAsia,2019,981366.6385
dcs:who/AIR_15.AGE--Y40T44__ENVCAUSE--ENVCAUSE113__SEX--M,dcid:EasternAsia,2019,106291.4758
dcs:who/AIR_15.AGE--Y35T39__ENVCAUSE--ENVCAUSE113__SEX--M,dcid:EasternAsia,2019,66230.95856
dcs:who/AIR_15.AGE--Y45T49__ENVCAUSE--ENVCAUSE039__SEX--F,dcid:EasternAsia,2019,6464.60176
dcs:who/AIR_15.AGE--Y55T59__ENVCAUSE--ENVCAUSE113__SEX--M,dcid:EasternAsia,2019,249653.5569
dcs:who/AIR_15.AGE--Y65T69__ENVCAUSE--ENVCAUSE039__SEX--F,dcid:EasternAsia,2019,20818.11926
dcs:who/AIR_15.AGE--Y75T79__ENVCAUSE--ENVCAUSE113__SEX--M,dcid:EasternAsia,2019,254207.4784
dcs:who/AIR_15.AGE--Y70T74__ENVCAUSE--ENVCAUSE039__SEX--F,dcid:EasternAsia,2019,26792.70321
dcs:who/AIR_15.AGE--Y50T54__ENVCAUSE--ENVCAUSE118__SEX--F,dcid:EasternAsia,2019,68194.50037
dcs:who/AIR_15.AGE--Y55T59__ENVCAUSE--ENVCAUSE118__SEX--F,dcid:EasternAsia,2019,88681.92549
dcs:who/AIR_15.AGE--Y5T9__ENVCAUSE--ENVCAUSE039__SEX--F,dcid:EasternAsia,2019,5978.16332
dcs:who/AIR_15.ENVCAUSE--ENVCAUSE118__SEX--F,dcid:EasternAsia,2019,1630602.446
dcs:who/AIR_15.AGE--Y_GE80__ENVCAUSE--ENVCAUSE118__SEX--F,dcid:EasternAsia,2019,520884.5848
dcs:who/AIR_15.AGE--Y10T14__ENVCAUSE--ENVCAUSE039__SEX--F,dcid:EasternAsia,2019,2801.6362
dcs:who/AIR_15.AGE--Y40T44__ENVCAUSE--ENVCAUSE039__SEX--F,dcid:EasternAsia,2019,4551.05482
dcs:who/AIR_15.AGE--Y25T29__ENVCAUSE--ENVCAUSE118__SEX--F,dcid:EasternAsia,2019,7717.88626
dcs:who/AIR_15.AGE--Y30T34__ENVCAUSE--ENVCAUSE118__SEX--F,dcid:EasternAsia,2019,12384.02098
dcs:who/AIR_15.AGE--Y65T69__ENVCAUSE--ENVCAUSE118__SEX--F,dcid:EasternAsia,2019,211366.1192
dcs:who/AIR_15.AGE--Y35T39__ENVCAUSE--ENVCAUSE118__SEX--F,dcid:EasternAsia,2019,12433.54451
dcs:who/AIR_15.AGE--Y30T34__ENVCAUSE--ENVCAUSE039__SEX--F,dcid:EasternAsia,2019,3782.71745
dcs:who/AIR_15.AGE--Y70T74__ENVCAUSE--ENVCAUSE118__SEX--F,dcid:EasternAsia,2019,255058.6012
dcs:who/AIR_15.AGE--Y40T44__ENVCAUSE--ENVCAUSE118__SEX--F,dcid:EasternAsia,2019,19050.61938
dcs:who/AIR_15.AGE--Y45T49__ENVCAUSE--ENVCAUSE118__SEX--F,dcid:EasternAsia,2019,38860.26987
dcs:who/AIR_15.AGE--Y75T79__ENVCAUSE--ENVCAUSE118__SEX--F,dcid:EasternAsia,2019,263210.9907
dcs:who/AIR_15.AGE--Y15T19__ENVCAUSE--ENVCAUSE039__SEX--F,dcid:EasternAsia,2019,2666.39187
dcs:who/AIR_15.AGE--Y20T24__ENVCAUSE--ENVCAUSE039__SEX--F,dcid:EasternAsia,2019,2964.32909
dcs:who/AIR_15.AGE--Y0T4__ENVCAUSE--ENVCAUSE039__SEX--F,dcid:EasternAsia,2019,146358.0129
dcs:who/AIR_15.ENVCAUSE--ENVCAUSE114__SEX--F,dcid:EasternAsia,2019,2130600.036
dcs:who/AIR_15.AGE--Y25T29__ENVCAUSE--ENVCAUSE039__SEX--F,dcid:EasternAsia,2019,3174.66475
dcs:who/AIR_15.AGE--Y60T64__ENVCAUSE--ENVCAUSE118__SEX--F,dcid:EasternAsia,2019,132759.3683
dcs:who/AIR_15.AGE--Y35T39__ENVCAUSE--ENVCAUSE039__SEX--F,dcid:EasternAsia,2019,3550.6911
dcs:who/AIR_15.AGE--Y65T69__ENVCAUSE--ENVCAUSE113__SEX--F,dcid:EasternAsia,2019,230291.3364
dcs:who/AIR_15.AGE--Y45T49__ENVCAUSE--ENVCAUSE113__SEX--F,dcid:EasternAsia,2019,57418.88873
dcs:who/AIR_15.AGE--Y70T74__ENVCAUSE--ENVCAUSE104__SEX--F,dcid:EasternAsia,2019,11973.64813
dcs:who/AIR_15.AGE--Y40T44__ENVCAUSE--ENVCAUSE068,dcid:EasternAsia,2019,82430.34734
dcs:who/AIR_15.AGE--Y60T64__ENVCAUSE--ENVCAUSE068,dcid:EasternAsia,2019,434902.1222
dcs:who/AIR_15.AGE--Y30T34__ENVCAUSE--ENVCAUSE114__SEX--F,dcid:EasternAsia,2019,17729.3786
dcs:who/AIR_15.AGE--Y25T29__ENVCAUSE--ENVCAUSE113__SEX--F,dcid:EasternAsia,2019,7534.6965
dcs:who/AIR_15.AGE--Y30T34__ENVCAUSE--ENVCAUSE113__SEX--F,dcid:EasternAsia,2019,14934.09314
dcs:who/AIR_15.AGE--Y_GE80__ENVCAUSE--ENVCAUSE039,dcid:EasternAsia,2019,192637.3394
dcs:who/AIR_15.AGE--Y_GE80__ENVCAUSE--ENVCAUSE113__SEX--F,dcid:EasternAsia,2019,533082.0573
dcs:who/AIR_15.AGE--Y60T64__ENVCAUSE--ENVCAUSE113__SEX--F,dcid:EasternAsia,2019,160139.1764
dcs:who/AIR_15.AGE--Y35T39__ENVCAUSE--ENVCAUSE114__SEX--F,dcid:EasternAsia,2019,22030.4075
dcs:who/AIR_15.AGE--Y45T49__ENVCAUSE--ENVCAUSE104__SEX--F,dcid:EasternAsia,2019,2602.60749
dcs:who/AIR_15.AGE--Y_GE80__ENVCAUSE--ENVCAUSE114__SEX--F,dcid:EasternAsia,2019,481985.6454
dcs:who/AIR_15.AGE--Y40T44__ENVCAUSE--ENVCAUSE114__SEX--F,dcid:EasternAsia,2019,40292.99341
dcs:who/AIR_15.AGE--Y45T49__ENVCAUSE--ENVCAUSE068,dcid:EasternAsia,2019,164629.998
dcs:who/AIR_15.ENVCAUSE--ENVCAUSE068,dcid:EasternAsia,2019,2760211.496
dcs:who/AIR_15.AGE--Y40T44__ENVCAUSE--ENVCAUSE113__SEX--F,dcid:EasternAsia,2019,31539.18478
dcs:who/AIR_15.AGE--Y60T64__ENVCAUSE--ENVCAUSE104__SEX--F,dcid:EasternAsia,2019,8280.3577
dcs:who/AIR_15.AGE--Y50T54__ENVCAUSE--ENVCAUSE104__SEX--F,dcid:EasternAsia,2019,4233.0586
dcs:who/AIR_15.AGE--Y55T59__ENVCAUSE--ENVCAUSE104__SEX--F,dcid:EasternAsia,2019,5666.17995
dcs:who/AIR_15.AGE--Y50T54__ENVCAUSE--ENVCAUSE068,dcid:EasternAsia,2019,286944.9368
dcs:who/AIR_15.AGE--Y70T74__ENVCAUSE--ENVCAUSE113__SEX--F,dcid:EasternAsia,2019,240099.038
dcs:who/AIR_15.ENVCAUSE--ENVCAUSE113__SEX--F,dcid:EasternAsia,2019,1733203.155
dcs:who/AIR_15.AGE--Y35T39__ENVCAUSE--ENVCAUSE104__SEX--F,dcid:EasternAsia,2019,467.99486
dcs:who/AIR_15.AGE--Y55T59__ENVCAUSE--ENVCAUSE114__SEX--F,dcid:EasternAsia,2019,168653.707
dcs:who/AIR_15.AGE--Y_GE80__ENVCAUSE--ENVCAUSE104__SEX--F,dcid:EasternAsia,2019,20746.84825
dcs:who/AIR_15.AGE--Y25T29__ENVCAUSE--ENVCAUSE114__SEX--F,dcid:EasternAsia,2019,10189.36299
dcs:who/AIR_15.AGE--Y75T79__ENVCAUSE--ENVCAUSE104__SEX--F,dcid:EasternAsia,2019,10875.60942
dcs:who/AIR_15.AGE--Y65T69__ENVCAUSE--ENVCAUSE104__SEX--F,dcid:EasternAsia,2019,13374.65105
dcs:who/AIR_15.AGE--Y25T29__ENVCAUSE--ENVCAUSE104__SEX--F,dcid:EasternAsia,2019,80.94269
dcs:who/AIR_15.AGE--Y55T59__ENVCAUSE--ENVCAUSE113__SEX--F,dcid:EasternAsia,2019,114601.8145
dcs:who/AIR_15.AGE--Y25T29__ENVCAUSE--ENVCAUSE068,dcid:EasternAsia,2019,10310.44479
dcs:who/AIR_15.AGE--Y70T74__ENVCAUSE--ENVCAUSE068,dcid:EasternAsia,2019,382990.7299
dcs:who/AIR_15.AGE--Y45T49__ENVCAUSE--ENVCAUSE114__SEX--F,dcid:EasternAsia,2019,78233.453
dcs:who/AIR_15.AGE--Y75T79__ENVCAUSE--ENVCAUSE114__SEX--F,dcid:EasternAsia,2019,298562.9076
dcs:who/AIR_15.AGE--Y40T44__ENVCAUSE--ENVCAUSE104__SEX--F,dcid:EasternAsia,2019,1109.85212
dcs:who/AIR_15.SEX--F,dcid:EasternAsia,2019,6949230.689
dcs:who/AIR_15.ENVCAUSE--ENVCAUSE039,dcid:EasternAsia,2019,921004.7793
dcs:who/AIR_15.AGE--Y50T54__ENVCAUSE--ENVCAUSE113__SEX--F,dcid:EasternAsia,2019,91538.64001
dcs:who/AIR_15.AGE--Y50T54__ENVCAUSE--ENVCAUSE114__SEX--F,dcid:EasternAsia,2019,136755.87
dcs:who/AIR_15.ENVCAUSE--ENVCAUSE104__SEX--F,dcid:EasternAsia,2019,79692.88347
dcs:who/AIR_15.AGE--Y30T34__ENVCAUSE--ENVCAUSE104__SEX--F,dcid:EasternAsia,2019,281.13042
dcs:who/AIR_15.AGE--Y65T69__ENVCAUSE--ENVCAUSE068,dcid:EasternAsia,2019,509200.2596
dcs:who/AIR_15.AGE--Y_GE80__ENVCAUSE--ENVCAUSE068,dcid:EasternAsia,2019,215616.8735
dcs:who/AIR_15.AGE--Y55T59__ENVCAUSE--ENVCAUSE068,dcid:EasternAsia,2019,355530.13
dcs:who/AIR_15.AGE--Y75T79__ENVCAUSE--ENVCAUSE068,dcid:EasternAsia,2019,250320.1997
dcs:who/AIR_15.AGE--Y65T69__ENVCAUSE--ENVCAUSE114__SEX--F,dcid:EasternAsia,2019,321052.0106
dcs:who/AIR_15.AGE--Y35T39__ENVCAUSE--ENVCAUSE068,dcid:EasternAsia,2019,40380.26221
dcs:who/AIR_15.AGE--Y75T79__ENVCAUSE--ENVCAUSE113__SEX--F,dcid:EasternAsia,2019,234318.176
dcs:who/AIR_15.AGE--Y70T74__ENVCAUSE--ENVCAUSE114__SEX--F,dcid:EasternAsia,2019,328976.8075
dcs:who/AIR_15.AGE--Y30T34__ENVCAUSE--ENVCAUSE068,dcid:EasternAsia,2019,26955.15924
dcs:who/AIR_15.AGE--Y60T64__ENVCAUSE--ENVCAUSE114__SEX--F,dcid:EasternAsia,2019,226137.4474
dcs:who/AIR_15.AGE--Y35T39__ENVCAUSE--ENVCAUSE113__SEX--F,dcid:EasternAsia,2019,17706.00763
dcs:who/AIR_15.AGE--Y65T69__ENVCAUSE--ENVCAUSE039,dcid:EasternAsia,2019,55315.38448
dcs:who/AIR_15.AGE--Y70T74__ENVCAUSE--ENVCAUSE039,dcid:EasternAsia,2019,65094.58701
dcs:who/AIR_15.AGE--Y60T64__ENVCAUSE--ENVCAUSE118,dcid:EasternAsia,2019,298900.0607
dcs:who/AIR_15.AGE--Y15T19__ENVCAUSE--ENVCAUSE039,dcid:EasternAsia,2019,7497.0168
dcs:who/AIR_15.AGE--Y50T54__ENVCAUSE--ENVCAUSE118,dcid:EasternAsia,2019,143983.216
dcs:who/AIR_15.AGE--Y_GE80__ENVCAUSE--ENVCAUSE118,dcid:EasternAsia,2019,959453.6309
dcs:who/AIR_15.AGE--Y60T64__ENVCAUSE--ENVCAUSE039,dcid:EasternAsia,2019,41404.38515
dcs:who/AIR_15.AGE--Y75T79__ENVCAUSE--ENVCAUSE118,dcid:EasternAsia,2019,545263.1543
dcs:who/AIR_15.AGE--Y45T49__ENVCAUSE--ENVCAUSE039,dcid:EasternAsia,2019,20199.47299
dcs:who/AIR_15.AGE--Y40T44__ENVCAUSE--ENVCAUSE039,dcid:EasternAsia,2019,14088.39908
dcs:who/AIR_15.AGE--Y30T34__ENVCAUSE--ENVCAUSE039,dcid:EasternAsia,2019,11797.39685
dcs:who/AIR_15.AGE--Y0T4__ENVCAUSE--ENVCAUSE039,dcid:EasternAsia,2019,333266.5972
dcs:who/AIR_15.AGE--Y65T69__ENVCAUSE--ENVCAUSE118,dcid:EasternAsia,2019,462418.0287
dcs:who/AIR_15.AGE--Y45T49__ENVCAUSE--ENVCAUSE118,dcid:EasternAsia,2019,78707.7338
dcs:who/AIR_15.AGE--Y35T39__ENVCAUSE--ENVCAUSE039,dcid:EasternAsia,2019,10997.88248
dcs:who/AIR_15.ENVCAUSE--ENVCAUSE118,dcid:EasternAsia,2019,3333336.887
dcs:who/AIR_15.AGE--Y55T59__ENVCAUSE--ENVCAUSE118,dcid:EasternAsia,2019,196118.274
dcs:who/AIR_15.AGE--Y70T74__ENVCAUSE--ENVCAUSE118,dcid:EasternAsia,2019,552127.9479
dcs:who/AIR_15.AGE--Y20T24__ENVCAUSE--ENVCAUSE039,dcid:EasternAsia,2019,8470.06375
dcs:who/AIR_15.AGE--Y75T79__ENVCAUSE--ENVCAUSE039,dcid:EasternAsia,2019,71011.69398
dcs:who/AIR_15.AGE--Y50T54__ENVCAUSE--ENVCAUSE039,dcid:EasternAsia,2019,28586.1282
dcs:who/AIR_15.AGE--Y55T59__ENVCAUSE--ENVCAUSE039,dcid:EasternAsia,2019,32425.43576
dcs:who/AIR_15.AGE--Y25T29__ENVCAUSE--ENVCAUSE039,dcid:EasternAsia,2019,9049.15256
dcs:who/AIR_15.AGE--Y5T9__ENVCAUSE--ENVCAUSE039,dcid:EasternAsia,2019,12009.983
dcs:who/AIR_15.AGE--Y10T14__ENVCAUSE--ENVCAUSE039,dcid:EasternAsia,2019,7153.86981
dcs:who/AIR_15.AGE--Y75T79__ENVCAUSE--ENVCAUSE114,dcid:EasternAsia,2019,620349.9796
dcs:who/AIR_15.AGE--Y40T44__ENVCAUSE--ENVCAUSE104,dcid:EasternAsia,2019,1109.85212
dcs:who/AIR_15.AGE--Y_GE80__ENVCAUSE--ENVCAUSE114,dcid:EasternAsia,2019,886725.5453
dcs:who/AIR_15.AGE--Y25T29__ENVCAUSE--ENVCAUSE114,dcid:EasternAsia,2019,29108.69583
dcs:who/AIR_15.AGE--Y30T34__ENVCAUSE--ENVCAUSE118,dcid:EasternAsia,2019,22049.16803
dcs:who/AIR_15.AGE--Y60T64__ENVCAUSE--ENVCAUSE113,dcid:EasternAsia,2019,443975.1013
dcs:who/AIR_15,dcid:EasternAsia,2019,16167640.8
dcs:who/AIR_15.AGE--Y25T29__ENVCAUSE--ENVCAUSE118,dcid:EasternAsia,2019,13255.43335
dcs:who/AIR_15.AGE--Y65T69__ENVCAUSE--ENVCAUSE113,dcid:EasternAsia,2019,566053.967
dcs:who/AIR_15.AGE--Y50T54__ENVCAUSE--ENVCAUSE104,dcid:EasternAsia,2019,4233.0586
dcs:who/AIR_15.AGE--Y55T59__ENVCAUSE--ENVCAUSE114,dcid:EasternAsia,2019,436178.4653
dcs:who/AIR_15.AGE--Y45T49__ENVCAUSE--ENVCAUSE114,dcid:EasternAsia,2019,225391.2942
dcs:who/AIR_15.ENVCAUSE--ENVCAUSE104,dcid:EasternAsia,2019,79692.88347
dcs:who/AIR_15.ENVCAUSE--ENVCAUSE114,dcid:EasternAsia,2019,4845333.781
dcs:who/AIR_15.ENVCAUSE--ENVCAUSE113,dcid:EasternAsia,2019,4228061.523
dcs:who/AIR_15.AGE--Y75T79__ENVCAUSE--ENVCAUSE113,dcid:EasternAsia,2019,488525.6555
dcs:who/AIR_15.AGE--Y_GE80__ENVCAUSE--ENVCAUSE104,dcid:EasternAsia,2019,20746.84825
dcs:who/AIR_15.AGE--Y40T44__ENVCAUSE--ENVCAUSE114,dcid:EasternAsia,2019,128046.4415
dcs:who/AIR_15.AGE--Y75T79__ENVCAUSE--ENVCAUSE104,dcid:EasternAsia,2019,10875.60942
dcs:who/AIR_15.AGE--Y45T49__ENVCAUSE--ENVCAUSE113,dcid:EasternAsia,2019,219581.7983
dcs:who/AIR_15.AGE--Y65T69__ENVCAUSE--ENVCAUSE104,dcid:EasternAsia,2019,13374.65105
dcs:who/AIR_15.AGE--Y40T44__ENVCAUSE--ENVCAUSE113,dcid:EasternAsia,2019,137830.6624
dcs:who/AIR_15.AGE--Y50T54__ENVCAUSE--ENVCAUSE114,dcid:EasternAsia,2019,363441.0391
dcs:who/AIR_15.AGE--Y25T29__ENVCAUSE--ENVCAUSE104,dcid:EasternAsia,2019,80.94269
dcs:who/AIR_15.AGE--Y35T39__ENVCAUSE--ENVCAUSE118,dcid:EasternAsia,2019,22902.07106
dcs:who/AIR_15.AGE--Y70T74__ENVCAUSE--ENVCAUSE113,dcid:EasternAsia,2019,537483.8911
dcs:who/AIR_15.AGE--Y65T69__ENVCAUSE--ENVCAUSE114,dcid:EasternAsia,2019,744576.8398
dcs:who/AIR_15.AGE--Y25T29__ENVCAUSE--ENVCAUSE113,dcid:EasternAsia,2019,31379.91595
dcs:who/AIR_15.AGE--Y35T39__ENVCAUSE--ENVCAUSE113,dcid:EasternAsia,2019,83936.96521
dcs:who/AIR_15.AGE--Y50T54__ENVCAUSE--ENVCAUSE113,dcid:EasternAsia,2019,319893.5579
dcs:who/AIR_15.AGE--Y30T34__ENVCAUSE--ENVCAUSE104,dcid:EasternAsia,2019,281.13042
dcs:who/AIR_15.AGE--Y60T64__ENVCAUSE--ENVCAUSE114,dcid:EasternAsia,2019,560305.2598
dcs:who/AIR_15.AGE--Y45T49__ENVCAUSE--ENVCAUSE104,dcid:EasternAsia,2019,2602.60749
dcs:who/AIR_15.AGE--Y60T64__ENVCAUSE--ENVCAUSE104,dcid:EasternAsia,2019,8280.3577
dcs:who/AIR_15.AGE--Y35T39__ENVCAUSE--ENVCAUSE114,dcid:EasternAsia,2019,73003.09125
dcs:who/AIR_15.AGE--Y55T59__ENVCAUSE--ENVCAUSE104,dcid:EasternAsia,2019,5666.17995
dcs:who/AIR_15.AGE--Y70T74__ENVCAUSE--ENVCAUSE114,dcid:EasternAsia,2019,720832.5757
dcs:who/AIR_15.AGE--Y_GE80__ENVCAUSE--ENVCAUSE113,dcid:EasternAsia,2019,966753.4424
dcs:who/AIR_15.AGE--Y70T74__ENVCAUSE--ENVCAUSE104,dcid:EasternAsia,2019,11973.64813
dcs:who/AIR_15.AGE--Y30T34__ENVCAUSE--ENVCAUSE114,dcid:EasternAsia,2019,57374.33948
dcs:who/AIR_15.AGE--Y30T34__ENVCAUSE--ENVCAUSE113,dcid:EasternAsia,2019,68391.16876
dcs:who/AIR_15.AGE--Y40T44__ENVCAUSE--ENVCAUSE118,dcid:EasternAsia,2019,38158.31035
dcs:who/AIR_15.AGE--Y35T39__ENVCAUSE--ENVCAUSE104,dcid:EasternAsia,2019,467.99486
dcs:who/AIR_15.AGE--Y55T59__ENVCAUSE--ENVCAUSE113,dcid:EasternAsia,2019,364255.3557
dcs:who/AIR_15.AGE--Y45T49__ENVCAUSE--ENVCAUSE068__SEX--M,dcid:LatinAmericaAndCaribbean,2019,2467.57942
dcs:who/AIR_15.AGE--Y50T54__ENVCAUSE--ENVCAUSE068__SEX--M,dcid:LatinAmericaAndCaribbean,2019,4709.26918
dcs:who/AIR_15.AGE--Y60T64__ENVCAUSE--ENVCAUSE068__SEX--M,dcid:LatinAmericaAndCaribbean,2019,9412.8215
dcs:who/AIR_15.AGE--Y75T79__ENVCAUSE--ENVCAUSE068__SEX--M,dcid:LatinAmericaAndCaribbean,2019,5994.68863
dcs:who/AIR_15.AGE--Y25T29__ENVCAUSE--ENVCAUSE068__SEX--M,dcid:LatinAmericaAndCaribbean,2019,475.47997
dcs:who/AIR_15.AGE--Y60T64__ENVCAUSE--ENVCAUSE039__SEX--M,dcid:LatinAmericaAndCaribbean,2019,17489.81843
dcs:who/AIR_15.ENVCAUSE--ENVCAUSE068__SEX--M,dcid:LatinAmericaAndCaribbean,2019,57194.68476
dcs:who/AIR_15.ENVCAUSE--ENVCAUSE039__SEX--M,dcid:LatinAmericaAndCaribbean,2019,373298.8
dcs:who/AIR_15.AGE--Y70T74__ENVCAUSE--ENVCAUSE068__SEX--M,dcid:LatinAmericaAndCaribbean,2019,8308.04998
dcs:who/AIR_15.AGE--Y30T34__ENVCAUSE--ENVCAUSE068__SEX--M,dcid:LatinAmericaAndCaribbean,2019,683.32461
dcs:who/AIR_15.AGE--Y_GE80__ENVCAUSE--ENVCAUSE039__SEX--M,dcid:LatinAmericaAndCaribbean,2019,37657.2283
dcs:who/AIR_15.AGE--Y75T79__ENVCAUSE--ENVCAUSE039__SEX--M,dcid:LatinAmericaAndCaribbean,2019,18878.55075
dcs:who/AIR_15.AGE--Y65T69__ENVCAUSE--ENVCAUSE068__SEX--M,dcid:LatinAmericaAndCaribbean,2019,9668.80415
dcs:who/AIR_15.AGE--Y70T74__ENVCAUSE--ENVCAUSE039__SEX--M,dcid:LatinAmericaAndCaribbean,2019,19230.9636
dcs:who/AIR_15.AGE--Y35T39__ENVCAUSE--ENVCAUSE068__SEX--M,dcid:LatinAmericaAndCaribbean,2019,938.76588
dcs:who/AIR_15.AGE--Y40T44__ENVCAUSE--ENVCAUSE068__SEX--M,dcid:LatinAmericaAndCaribbean,2019,1606.63194
dcs:who/AIR_15.AGE--Y_GE80__ENVCAUSE--ENVCAUSE068__SEX--M,dcid:LatinAmericaAndCaribbean,2019,5433.88852
dcs:who/AIR_15.AGE--Y55T59__ENVCAUSE--ENVCAUSE068__SEX--M,dcid:LatinAmericaAndCaribbean,2019,7495.38163
dcs:who/AIR_15.AGE--Y65T69__ENVCAUSE--ENVCAUSE039__SEX--M,dcid:LatinAmericaAndCaribbean,2019,19709.24112
dcs:who/AIR_15.AGE--Y15T19__ENVCAUSE--ENVCAUSE039__SEX--M,dcid:LatinAmericaAndCaribbean,2019,6494.86639
dcs:who/AIR_15.ENVCAUSE--ENVCAUSE118__SEX--M,dcid:LatinAmericaAndCaribbean,2019,120230.8169
dcs:who/AIR_15.AGE--Y65T69__ENVCAUSE--ENVCAUSE118__SEX--M,dcid:LatinAmericaAndCaribbean,2019,16353.75698
dcs:who/AIR_15.AGE--Y40T44__ENVCAUSE--ENVCAUSE118__SEX--M,dcid:LatinAmericaAndCaribbean,2019,2472.64016
dcs:who/AIR_15.AGE--Y45T49__ENVCAUSE--ENVCAUSE118__SEX--M,dcid:LatinAmericaAndCaribbean,2019,3569.66883
dcs:who/AIR_15.AGE--Y55T59__ENVCAUSE--ENVCAUSE039__SEX--M,dcid:LatinAmericaAndCaribbean,2019,15853.23096
dcs:who/AIR_15.AGE--Y35T39__ENVCAUSE--ENVCAUSE039__SEX--M,dcid:LatinAmericaAndCaribbean,2019,10802.40938
dcs:who/AIR_15.AGE--Y50T54__ENVCAUSE--ENVCAUSE039__SEX--M,dcid:LatinAmericaAndCaribbean,2019,14205.88208
dcs:who/AIR_15.AGE--Y50T54__ENVCAUSE--ENVCAUSE118__SEX--M,dcid:LatinAmericaAndCaribbean,2019,5790.7002
dcs:who/AIR_15.AGE--Y30T34__ENVCAUSE--ENVCAUSE039__SEX--M,dcid:LatinAmericaAndCaribbean,2019,8578.99769
dcs:who/AIR_15.AGE--Y20T24__ENVCAUSE--ENVCAUSE039__SEX--M,dcid:LatinAmericaAndCaribbean,2019,7043.07459
dcs:who/AIR_15.AGE--Y0T4__ENVCAUSE--ENVCAUSE039__SEX--M,dcid:LatinAmericaAndCaribbean,2019,153634.6275
dcs:who/AIR_15.AGE--Y70T74__ENVCAUSE--ENVCAUSE118__SEX--M,dcid:LatinAmericaAndCaribbean,2019,17648.83734
dcs:who/AIR_15.AGE--Y25T29__ENVCAUSE--ENVCAUSE039__SEX--M,dcid:LatinAmericaAndCaribbean,2019,8690.4826
dcs:who/AIR_15.AGE--Y45T49__ENVCAUSE--ENVCAUSE039__SEX--M,dcid:LatinAmericaAndCaribbean,2019,12192.9476
dcs:who/AIR_15.AGE--Y75T79__ENVCAUSE--ENVCAUSE118__SEX--M,dcid:LatinAmericaAndCaribbean,2019,17617.15503
dcs:who/AIR_15.AGE--Y_GE80__ENVCAUSE--ENVCAUSE118__SEX--M,dcid:LatinAmericaAndCaribbean,2019,30322.17731
dcs:who/AIR_15.AGE--Y35T39__ENVCAUSE--ENVCAUSE118__SEX--M,dcid:LatinAmericaAndCaribbean,2019,2096.44568
dcs:who/AIR_15.AGE--Y40T44__ENVCAUSE--ENVCAUSE039__SEX--M,dcid:LatinAmericaAndCaribbean,2019,11563.47591
dcs:who/AIR_15.AGE--Y5T9__ENVCAUSE--ENVCAUSE039__SEX--M,dcid:LatinAmericaAndCaribbean,2019,6686.24426
dcs:who/AIR_15.AGE--Y55T59__ENVCAUSE--ENVCAUSE118__SEX--M,dcid:LatinAmericaAndCaribbean,2019,8560.93938
dcs:who/AIR_15.AGE--Y10T14__ENVCAUSE--ENVCAUSE039__SEX--M,dcid:LatinAmericaAndCaribbean,2019,4586.75902
dcs:who/AIR_15.AGE--Y60T64__ENVCAUSE--ENVCAUSE118__SEX--M,dcid:LatinAmericaAndCaribbean,2019,12858.22367
dcs:who/AIR_15.AGE--Y50T54__ENVCAUSE--ENVCAUSE114__SEX--M,dcid:LatinAmericaAndCaribbean,2019,13457.33318
dcs:who/AIR_15.AGE--Y55T59__ENVCAUSE--ENVCAUSE114__SEX--M,dcid:LatinAmericaAndCaribbean,2019,16054.77181
dcs:who/AIR_15.AGE--Y55T59__ENVCAUSE--ENVCAUSE039__SEX--F,dcid:LatinAmericaAndCaribbean,2019,12892.66281
dcs:who/AIR_15.ENVCAUSE--ENVCAUSE068__SEX--F,dcid:LatinAmericaAndCaribbean,2019,52643.25472
dcs:who/AIR_15.ENVCAUSE--ENVCAUSE113__SEX--M,dcid:LatinAmericaAndCaribbean,2019,378833.4542
dcs:who/AIR_15.AGE--Y45T49__ENVCAUSE--ENVCAUSE039__SEX--F,dcid:LatinAmericaAndCaribbean,2019,8635.61755
dcs:who/AIR_15.AGE--Y55T59__ENVCAUSE--ENVCAUSE113__SEX--M,dcid:LatinAmericaAndCaribbean,2019,42315.35494
dcs:who/AIR_15.AGE--Y55T59__ENVCAUSE--ENVCAUSE068__SEX--F,dcid:LatinAmericaAndCaribbean,2019,7775.11001
dcs:who/AIR_15.AGE--Y25T29__ENVCAUSE--ENVCAUSE114__SEX--M,dcid:LatinAmericaAndCaribbean,2019,3015.61538
dcs:who/AIR_15.AGE--Y65T69__ENVCAUSE--ENVCAUSE113__SEX--M,dcid:LatinAmericaAndCaribbean,2019,50193.72844
dcs:who/AIR_15.AGE--Y35T39__ENVCAUSE--ENVCAUSE068__SEX--F,dcid:LatinAmericaAndCaribbean,2019,1079.26945
dcs:who/AIR_15.AGE--Y65T69__ENVCAUSE--ENVCAUSE039__SEX--F,dcid:LatinAmericaAndCaribbean,2019,16946.52583
dcs:who/AIR_15.AGE--Y30T34__ENVCAUSE--ENVCAUSE113__SEX--M,dcid:LatinAmericaAndCaribbean,2019,8035.47291
dcs:who/AIR_15.AGE--Y65T69__ENVCAUSE--ENVCAUSE114__SEX--M,dcid:LatinAmericaAndCaribbean,2019,20958.75907
dcs:who/AIR_15.ENVCAUSE--ENVCAUSE114__SEX--M,dcid:LatinAmericaAndCaribbean,2019,160676.0858
dcs:who/AIR_15.AGE--Y60T64__ENVCAUSE--ENVCAUSE114__SEX--M,dcid:LatinAmericaAndCaribbean,2019,19619.73228
dcs:who/AIR_15.SEX--M,dcid:LatinAmericaAndCaribbean,2019,1090233.838
dcs:who/AIR_15.AGE--Y40T44__ENVCAUSE--ENVCAUSE068__SEX--F,dcid:LatinAmericaAndCaribbean,2019,2147.68051
dcs:who/AIR_15.AGE--Y70T74__ENVCAUSE--ENVCAUSE113__SEX--M,dcid:LatinAmericaAndCaribbean,2019,43042.43192
dcs:who/AIR_15.AGE--Y35T39__ENVCAUSE--ENVCAUSE113__SEX--M,dcid:LatinAmericaAndCaribbean,2019,12345.28602
dcs:who/AIR_15.AGE--Y60T64__ENVCAUSE--ENVCAUSE068__SEX--F,dcid:LatinAmericaAndCaribbean,2019,8310.03091
dcs:who/AIR_15.AGE--Y45T49__ENVCAUSE--ENVCAUSE114__SEX--M,dcid:LatinAmericaAndCaribbean,2019,9867.20143
dcs:who/AIR_15.AGE--Y40T44__ENVCAUSE--ENVCAUSE039__SEX--F,dcid:LatinAmericaAndCaribbean,2019,7783.50568
dcs:who/AIR_15.AGE--Y25T29__ENVCAUSE--ENVCAUSE113__SEX--M,dcid:LatinAmericaAndCaribbean,2019,5472.89499
dcs:who/AIR_15.AGE--Y45T49__ENVCAUSE--ENVCAUSE113__SEX--M,dcid:LatinAmericaAndCaribbean,2019,24460.25248
dcs:who/AIR_15.AGE--Y30T34__ENVCAUSE--ENVCAUSE068__SEX--F,dcid:LatinAmericaAndCaribbean,2019,663.56304
dcs:who/AIR_15.AGE--Y_GE80__ENVCAUSE--ENVCAUSE039__SEX--F,dcid:LatinAmericaAndCaribbean,2019,50661.37049
dcs:who/AIR_15.AGE--Y30T34__ENVCAUSE--ENVCAUSE114__SEX--M,dcid:LatinAmericaAndCaribbean,2019,3966.43938
dcs:who/AIR_15.AGE--Y45T49__ENVCAUSE--ENVCAUSE068__SEX--F,dcid:LatinAmericaAndCaribbean,2019,3479.54273
dcs:who/AIR_15.AGE--Y_GE80__ENVCAUSE--ENVCAUSE068__SEX--F,dcid:LatinAmericaAndCaribbean,2019,4564.95952
dcs:who/AIR_15.AGE--Y_GE80__ENVCAUSE--ENVCAUSE113__SEX--M,dcid:LatinAmericaAndCaribbean,2019,56409.81474
dcs:who/AIR_15.AGE--Y50T54__ENVCAUSE--ENVCAUSE068__SEX--F,dcid:LatinAmericaAndCaribbean,2019,5520.69123
dcs:who/AIR_15.AGE--Y70T74__ENVCAUSE--ENVCAUSE068__SEX--F,dcid:LatinAmericaAndCaribbean,2019,6200.58458
dcs:who/AIR_15.AGE--Y65T69__ENVCAUSE--ENVCAUSE068__SEX--F,dcid:LatinAmericaAndCaribbean,2019,7867.77168
dcs:who/AIR_15.AGE--Y60T64__ENVCAUSE--ENVCAUSE039__SEX--F,dcid:LatinAmericaAndCaribbean,2019,14290.38682
dcs:who/AIR_15.AGE--Y50T54__ENVCAUSE--ENVCAUSE113__SEX--M,dcid:LatinAmericaAndCaribbean,2019,34578.55554
dcs:who/AIR_15.AGE--Y70T74__ENVCAUSE--ENVCAUSE114__SEX--M,dcid:LatinAmericaAndCaribbean,2019,19497.39394
dcs:who/AIR_15.AGE--Y60T64__ENVCAUSE--ENVCAUSE113__SEX--M,dcid:LatinAmericaAndCaribbean,2019,47841.84477
dcs:who/AIR_15.AGE--Y_GE80__ENVCAUSE--ENVCAUSE114__SEX--M,dcid:LatinAmericaAndCaribbean,2019,23532.58275
dcs:who/AIR_15.ENVCAUSE--ENVCAUSE039__SEX--F,dcid:LatinAmericaAndCaribbean,2019,321500.2752
dcs:who/AIR_15.AGE--Y25T29__ENVCAUSE--ENVCAUSE068__SEX--F,dcid:LatinAmericaAndCaribbean,2019,363.21726
dcs:who/AIR_15.AGE--Y75T79__ENVCAUSE--ENVCAUSE039__SEX--F,dcid:LatinAmericaAndCaribbean,2019,19849.47798
dcs:who/AIR_15.AGE--Y30T34__ENVCAUSE--ENVCAUSE118__SEX--M,dcid:LatinAmericaAndCaribbean,2019,1589.53244
dcs:who/AIR_15.AGE--Y40T44__ENVCAUSE--ENVCAUSE113__SEX--M,dcid:LatinAmericaAndCaribbean,2019,17855.92706
dcs:who/AIR_15.AGE--Y25T29__ENVCAUSE--ENVCAUSE118__SEX--M,dcid:LatinAmericaAndCaribbean,2019,1350.74054
dcs:who/AIR_15.AGE--Y75T79__ENVCAUSE--ENVCAUSE113__SEX--M,dcid:LatinAmericaAndCaribbean,2019,36281.89436
dcs:who/AIR_15.AGE--Y40T44__ENVCAUSE--ENVCAUSE114__SEX--M,dcid:LatinAmericaAndCaribbean,2019,7786.19383
dcs:who/AIR_15.AGE--Y50T54__ENVCAUSE--ENVCAUSE039__SEX--F,dcid:LatinAmericaAndCaribbean,2019,10491.92178
dcs:who/AIR_15.AGE--Y75T79__ENVCAUSE--ENVCAUSE068__SEX--F,dcid:LatinAmericaAndCaribbean,2019,4670.83384
dcs:who/AIR_15.AGE--Y35T39__ENVCAUSE--ENVCAUSE114__SEX--M,dcid:LatinAmericaAndCaribbean,2019,5761.5657
dcs:who/AIR_15.AGE--Y70T74__ENVCAUSE--ENVCAUSE039__SEX--F,dcid:LatinAmericaAndCaribbean,2019,17475.51923
dcs:who/AIR_15.AGE--Y75T79__ENVCAUSE--ENVCAUSE114__SEX--M,dcid:LatinAmericaAndCaribbean,2019,17158.49494
dcs:who/AIR_15.AGE--Y10T14__ENVCAUSE--ENVCAUSE039__SEX--F,dcid:LatinAmericaAndCaribbean,2019,5427.91201
dcs:who/AIR_15.AGE--Y70T74__ENVCAUSE--ENVCAUSE114__SEX--F,dcid:LatinAmericaAndCaribbean,2019,22548.52032
dcs:who/AIR_15.AGE--Y75T79__ENVCAUSE--ENVCAUSE114__SEX--F,dcid:LatinAmericaAndCaribbean,2019,22343.20538
dcs:who/AIR_15.AGE--Y50T54__ENVCAUSE--ENVCAUSE118__SEX--F,dcid:LatinAmericaAndCaribbean,2019,6821.89407
dcs:who/AIR_15.AGE--Y55T59__ENVCAUSE--ENVCAUSE118__SEX--F,dcid:LatinAmericaAndCaribbean,2019,9735.81218
dcs:who/AIR_15.AGE--Y_GE80__ENVCAUSE--ENVCAUSE118__SEX--F,dcid:LatinAmericaAndCaribbean,2019,37964.06059
dcs:who/AIR_15.ENVCAUSE--ENVCAUSE114__SEX--F,dcid:LatinAmericaAndCaribbean,2019,206334.5019
dcs:who/AIR_15.AGE--Y30T34__ENVCAUSE--ENVCAUSE118__SEX--F,dcid:LatinAmericaAndCaribbean,2019,1975.45026
dcs:who/AIR_15.AGE--Y_GE80__ENVCAUSE--ENVCAUSE114__SEX--F,dcid:LatinAmericaAndCaribbean,2019,38109.41829
dcs:who/AIR_15.AGE--Y70T74__ENVCAUSE--ENVCAUSE118__SEX--F,dcid:LatinAmericaAndCaribbean,2019,16301.5996
dcs:who/AIR_15.AGE--Y25T29__ENVCAUSE--ENVCAUSE039__SEX--F,dcid:LatinAmericaAndCaribbean,2019,6106.01722
dcs:who/AIR_15.AGE--Y0T4__ENVCAUSE--ENVCAUSE039__SEX--F,dcid:LatinAmericaAndCaribbean,2019,118372.06
dcs:who/AIR_15.AGE--Y20T24__ENVCAUSE--ENVCAUSE039__SEX--F,dcid:LatinAmericaAndCaribbean,2019,5438.74049
dcs:who/AIR_15.AGE--Y35T39__ENVCAUSE--ENVCAUSE039__SEX--F,dcid:LatinAmericaAndCaribbean,2019,7453.74614
dcs:who/AIR_15.ENVCAUSE--ENVCAUSE118__SEX--F,dcid:LatinAmericaAndCaribbean,2019,129014.8753
dcs:who/AIR_15.AGE--Y45T49__ENVCAUSE--ENVCAUSE118__SEX--F,dcid:LatinAmericaAndCaribbean,2019,4300.18518
dcs:who/AIR_15.AGE--Y5T9__ENVCAUSE--ENVCAUSE039__SEX--F,dcid:LatinAmericaAndCaribbean,2019,8172.07374
dcs:who/AIR_15.AGE--Y65T69__ENVCAUSE--ENVCAUSE118__SEX--F,dcid:LatinAmericaAndCaribbean,2019,14862.10216
dcs:who/AIR_15.AGE--Y35T39__ENVCAUSE--ENVCAUSE118__SEX--F,dcid:LatinAmericaAndCaribbean,2019,2426.52411
dcs:who/AIR_15.AGE--Y15T19__ENVCAUSE--ENVCAUSE039__SEX--F,dcid:LatinAmericaAndCaribbean,2019,5186.31899
dcs:who/AIR_15.AGE--Y60T64__ENVCAUSE--ENVCAUSE118__SEX--F,dcid:LatinAmericaAndCaribbean,2019,12912.55412
dcs:who/AIR_15.AGE--Y30T34__ENVCAUSE--ENVCAUSE039__SEX--F,dcid:LatinAmericaAndCaribbean,2019,6316.41919
dcs:who/AIR_15.AGE--Y40T44__ENVCAUSE--ENVCAUSE118__SEX--F,dcid:LatinAmericaAndCaribbean,2019,3073.08621
dcs:who/AIR_15.AGE--Y75T79__ENVCAUSE--ENVCAUSE118__SEX--F,dcid:LatinAmericaAndCaribbean,2019,16977.27209
dcs:who/AIR_15.AGE--Y25T29__ENVCAUSE--ENVCAUSE118__SEX--F,dcid:LatinAmericaAndCaribbean,2019,1664.3359
dcs:who/AIR_15.AGE--Y30T34__ENVCAUSE--ENVCAUSE114__SEX--F,dcid:LatinAmericaAndCaribbean,2019,5766.18877
dcs:who/AIR_15.AGE--Y45T49__ENVCAUSE--ENVCAUSE068,dcid:LatinAmericaAndCaribbean,2019,5947.12217
dcs:who/AIR_15.AGE--Y70T74__ENVCAUSE--ENVCAUSE113__SEX--F,dcid:LatinAmericaAndCaribbean,2019,35497.49839
dcs:who/AIR_15.AGE--Y25T29__ENVCAUSE--ENVCAUSE114__SEX--F,dcid:LatinAmericaAndCaribbean,2019,4247.04909
dcs:who/AIR_15.AGE--Y70T74__ENVCAUSE--ENVCAUSE068,dcid:LatinAmericaAndCaribbean,2019,14508.63432
dcs:who/AIR_15.ENVCAUSE--ENVCAUSE068,dcid:LatinAmericaAndCaribbean,2019,109837.941
dcs:who/AIR_15.AGE--Y35T39__ENVCAUSE--ENVCAUSE114__SEX--F,dcid:LatinAmericaAndCaribbean,2019,8321.96178
dcs:who/AIR_15.AGE--Y60T64__ENVCAUSE--ENVCAUSE068,dcid:LatinAmericaAndCaribbean,2019,17722.85227
dcs:who/AIR_15.ENVCAUSE--ENVCAUSE113__SEX--F,dcid:LatinAmericaAndCaribbean,2019,300407.2861
dcs:who/AIR_15.AGE--Y70T74__ENVCAUSE--ENVCAUSE104__SEX--F,dcid:LatinAmericaAndCaribbean,2019,2111.47428
dcs:who/AIR_15.AGE--Y25T29__ENVCAUSE--ENVCAUSE113__SEX--F,dcid:LatinAmericaAndCaribbean,2019,2787.47162
dcs:who/AIR_15.SEX--F,dcid:LatinAmericaAndCaribbean,2019,1024051.804
dcs:who/AIR_15.AGE--Y40T44__ENVCAUSE--ENVCAUSE104__SEX--F,dcid:LatinAmericaAndCaribbean,2019,226.35189
dcs:who/AIR_15.AGE--Y75T79__ENVCAUSE--ENVCAUSE104__SEX--F,dcid:LatinAmericaAndCaribbean,2019,2158.9067
dcs:who/AIR_15.AGE--Y55T59__ENVCAUSE--ENVCAUSE104__SEX--F,dcid:LatinAmericaAndCaribbean,2019,981.60897
dcs:who/AIR_15.AGE--Y55T59__ENVCAUSE--ENVCAUSE113__SEX--F,dcid:LatinAmericaAndCaribbean,2019,26756.92006
dcs:who/AIR_15.AGE--Y25T29__ENVCAUSE--ENVCAUSE104__SEX--F,dcid:LatinAmericaAndCaribbean,2019,22.91486
dcs:who/AIR_15.AGE--Y30T34__ENVCAUSE--ENVCAUSE104__SEX--F,dcid:LatinAmericaAndCaribbean,2019,59.77988
dcs:who/AIR_15.AGE--Y35T39__ENVCAUSE--ENVCAUSE113__SEX--F,dcid:LatinAmericaAndCaribbean,2019,6688.44834
dcs:who/AIR_15.AGE--Y45T49__ENVCAUSE--ENVCAUSE114__SEX--F,dcid:LatinAmericaAndCaribbean,2019,13265.28154
dcs:who/AIR_15.AGE--Y55T59__ENVCAUSE--ENVCAUSE068,dcid:LatinAmericaAndCaribbean,2019,15270.49119
dcs:who/AIR_15.AGE--Y55T59__ENVCAUSE--ENVCAUSE114__SEX--F,dcid:LatinAmericaAndCaribbean,2019,19358.21183
dcs:who/AIR_15.AGE--Y_GE80__ENVCAUSE--ENVCAUSE113__SEX--F,dcid:LatinAmericaAndCaribbean,2019,74510.19343
dcs:who/AIR_15.AGE--Y40T44__ENVCAUSE--ENVCAUSE114__SEX--F,dcid:LatinAmericaAndCaribbean,2019,10806.75033
dcs:who/AIR_15.AGE--Y75T79__ENVCAUSE--ENVCAUSE068,dcid:LatinAmericaAndCaribbean,2019,10665.52248
dcs:who/AIR_15.AGE--Y50T54__ENVCAUSE--ENVCAUSE104__SEX--F,dcid:LatinAmericaAndCaribbean,2019,636.66476
dcs:who/AIR_15.AGE--Y_GE80__ENVCAUSE--ENVCAUSE068,dcid:LatinAmericaAndCaribbean,2019,9998.84826
dcs:who/AIR_15.AGE--Y60T64__ENVCAUSE--ENVCAUSE104__SEX--F,dcid:LatinAmericaAndCaribbean,2019,1408.78217
dcs:who/AIR_15.AGE--Y_GE80__ENVCAUSE--ENVCAUSE104__SEX--F,dcid:LatinAmericaAndCaribbean,2019,4072.12456
dcs:who/AIR_15.AGE--Y60T64__ENVCAUSE--ENVCAUSE113__SEX--F,dcid:LatinAmericaAndCaribbean,2019,32950.09187
dcs:who/AIR_15.AGE--Y40T44__ENVCAUSE--ENVCAUSE113__SEX--F,dcid:LatinAmericaAndCaribbean,2019,10147.85339
dcs:who/AIR_15.AGE--Y45T49__ENVCAUSE--ENVCAUSE104__SEX--F,dcid:LatinAmericaAndCaribbean,2019,407.8555
dcs:who/AIR_15.AGE--Y50T54__ENVCAUSE--ENVCAUSE113__SEX--F,dcid:LatinAmericaAndCaribbean,2019,20867.78014
dcs:who/AIR_15.AGE--Y30T34__ENVCAUSE--ENVCAUSE113__SEX--F,dcid:LatinAmericaAndCaribbean,2019,4322.40133
dcs:who/AIR_15.AGE--Y75T79__ENVCAUSE--ENVCAUSE113__SEX--F,dcid:LatinAmericaAndCaribbean,2019,34887.13003
dcs:who/AIR_15.AGE--Y50T54__ENVCAUSE--ENVCAUSE068,dcid:LatinAmericaAndCaribbean,2019,10229.96035
dcs:who/AIR_15.AGE--Y40T44__ENVCAUSE--ENVCAUSE068,dcid:LatinAmericaAndCaribbean,2019,3754.3124
dcs:who/AIR_15.AGE--Y60T64__ENVCAUSE--ENVCAUSE114__SEX--F,dcid:LatinAmericaAndCaribbean,2019,21372.73984
dcs:who/AIR_15.AGE--Y45T49__ENVCAUSE--ENVCAUSE113__SEX--F,dcid:LatinAmericaAndCaribbean,2019,14195.24506
dcs:who/AIR_15.AGE--Y65T69__ENVCAUSE--ENVCAUSE104__SEX--F,dcid:LatinAmericaAndCaribbean,2019,1947.45419
dcs:who/AIR_15.AGE--Y65T69__ENVCAUSE--ENVCAUSE113__SEX--F,dcid:LatinAmericaAndCaribbean,2019,36796.25422
dcs:who/AIR_15.AGE--Y35T39__ENVCAUSE--ENVCAUSE104__SEX--F,dcid:LatinAmericaAndCaribbean,2019,117.68684
dcs:who/AIR_15.AGE--Y50T54__ENVCAUSE--ENVCAUSE114__SEX--F,dcid:LatinAmericaAndCaribbean,2019,17261.23953
dcs:who/AIR_15.ENVCAUSE--ENVCAUSE104__SEX--F,dcid:LatinAmericaAndCaribbean,2019,14151.60466
dcs:who/AIR_15.AGE--Y65T69__ENVCAUSE--ENVCAUSE114__SEX--F,dcid:LatinAmericaAndCaribbean,2019,22933.93575
dcs:who/AIR_15.AGE--Y65T69__ENVCAUSE--ENVCAUSE068,dcid:LatinAmericaAndCaribbean,2019,17536.57607
dcs:who/AIR_15.ENVCAUSE--ENVCAUSE118,dcid:LatinAmericaAndCaribbean,2019,249245.6945
dcs:who/AIR_15.AGE--Y35T39__ENVCAUSE--ENVCAUSE039,dcid:LatinAmericaAndCaribbean,2019,18256.1556
dcs:who/AIR_15.AGE--Y70T74__ENVCAUSE--ENVCAUSE118,dcid:LatinAmericaAndCaribbean,2019,33950.43661
dcs:who/AIR_15.AGE--Y75T79__ENVCAUSE--ENVCAUSE118,dcid:LatinAmericaAndCaribbean,2019,34594.42743
dcs:who/AIR_15.ENVCAUSE--ENVCAUSE039,dcid:LatinAmericaAndCaribbean,2019,694799.0723
dcs:who/AIR_15.AGE--Y10T14__ENVCAUSE--ENVCAUSE039,dcid:LatinAmericaAndCaribbean,2019,10014.67088
dcs:who/AIR_15.AGE--Y45T49__ENVCAUSE--ENVCAUSE039,dcid:LatinAmericaAndCaribbean,2019,20828.56549
dcs:who/AIR_15.AGE--Y50T54__ENVCAUSE--ENVCAUSE039,dcid:LatinAmericaAndCaribbean,2019,24697.80374
dcs:who/AIR_15.AGE--Y75T79__ENVCAUSE--ENVCAUSE039,dcid:LatinAmericaAndCaribbean,2019,38728.0289
dcs:who/AIR_15.AGE--Y45T49__ENVCAUSE--ENVCAUSE118,dcid:LatinAmericaAndCaribbean,2019,7869.85415
dcs:who/AIR_15.AGE--Y50T54__ENVCAUSE--ENVCAUSE118,dcid:LatinAmericaAndCaribbean,2019,12612.59405
dcs:who/AIR_15.AGE--Y35T39__ENVCAUSE--ENVCAUSE068,dcid:LatinAmericaAndCaribbean,2019,2018.03533
dcs:who/AIR_15.AGE--Y25T29__ENVCAUSE--ENVCAUSE068,dcid:LatinAmericaAndCaribbean,2019,838.69722
dcs:who/AIR_15.AGE--Y_GE80__ENVCAUSE--ENVCAUSE039,dcid:LatinAmericaAndCaribbean,2019,88318.60014
dcs:who/AIR_15.AGE--Y20T24__ENVCAUSE--ENVCAUSE039,dcid:LatinAmericaAndCaribbean,2019,12481.81507
dcs:who/AIR_15.AGE--Y0T4__ENVCAUSE--ENVCAUSE039,dcid:LatinAmericaAndCaribbean,2019,272006.6861
dcs:who/AIR_15.AGE--Y70T74__ENVCAUSE--ENVCAUSE039,dcid:LatinAmericaAndCaribbean,2019,36706.48237
dcs:who/AIR_15.AGE--Y30T34__ENVCAUSE--ENVCAUSE068,dcid:LatinAmericaAndCaribbean,2019,1346.88766
dcs:who/AIR_15.AGE--Y30T34__ENVCAUSE--ENVCAUSE039,dcid:LatinAmericaAndCaribbean,2019,14895.417
dcs:who/AIR_15.AGE--Y60T64__ENVCAUSE--ENVCAUSE118,dcid:LatinAmericaAndCaribbean,2019,25770.77799
dcs:who/AIR_15.AGE--Y60T64__ENVCAUSE--ENVCAUSE039,dcid:LatinAmericaAndCaribbean,2019,31780.20516
dcs:who/AIR_15.AGE--Y40T44__ENVCAUSE--ENVCAUSE039,dcid:LatinAmericaAndCaribbean,2019,19346.9813
dcs:who/AIR_15.AGE--Y55T59__ENVCAUSE--ENVCAUSE118,dcid:LatinAmericaAndCaribbean,2019,18296.75184
dcs:who/AIR_15.AGE--Y15T19__ENVCAUSE--ENVCAUSE039,dcid:LatinAmericaAndCaribbean,2019,11681.18525
dcs:who/AIR_15.AGE--Y25T29__ENVCAUSE--ENVCAUSE039,dcid:LatinAmericaAndCaribbean,2019,14796.5
dcs:who/AIR_15.AGE--Y55T59__ENVCAUSE--ENVCAUSE039,dcid:LatinAmericaAndCaribbean,2019,28745.89433
dcs:who/AIR_15.AGE--Y65T69__ENVCAUSE--ENVCAUSE039,dcid:LatinAmericaAndCaribbean,2019,36655.76655
dcs:who/AIR_15.AGE--Y_GE80__ENVCAUSE--ENVCAUSE118,dcid:LatinAmericaAndCaribbean,2019,68286.23761
dcs:who/AIR_15.AGE--Y65T69__ENVCAUSE--ENVCAUSE118,dcid:LatinAmericaAndCaribbean,2019,31215.8597
dcs:who/AIR_15.AGE--Y5T9__ENVCAUSE--ENVCAUSE039,dcid:LatinAmericaAndCaribbean,2019,14858.31827
dcs:who/AIR_15.AGE--Y60T64__ENVCAUSE--ENVCAUSE114,dcid:LatinAmericaAndCaribbean,2019,40992.47166
dcs:who/AIR_15.AGE--Y75T79__ENVCAUSE--ENVCAUSE104,dcid:LatinAmericaAndCaribbean,2019,2158.9067
dcs:who/AIR_15.AGE--Y25T29__ENVCAUSE--ENVCAUSE113,dcid:LatinAmericaAndCaribbean,2019,8260.3666
dcs:who/AIR_15.AGE--Y35T39__ENVCAUSE--ENVCAUSE118,dcid:LatinAmericaAndCaribbean,2019,4522.96974
dcs:who/AIR_15.AGE--Y_GE80__ENVCAUSE--ENVCAUSE104,dcid:LatinAmericaAndCaribbean,2019,4072.12456
dcs:who/AIR_15.AGE--Y_GE80__ENVCAUSE--ENVCAUSE114,dcid:LatinAmericaAndCaribbean,2019,61642.00085
dcs:who/AIR_15.AGE--Y70T74__ENVCAUSE--ENVCAUSE104,dcid:LatinAmericaAndCaribbean,2019,2111.47428
dcs:who/AIR_15.AGE--Y30T34__ENVCAUSE--ENVCAUSE118,dcid:LatinAmericaAndCaribbean,2019,3564.98275
dcs:who/AIR_15.AGE--Y75T79__ENVCAUSE--ENVCAUSE114,dcid:LatinAmericaAndCaribbean,2019,39501.69978
dcs:who/AIR_15.AGE--Y40T44__ENVCAUSE--ENVCAUSE118,dcid:LatinAmericaAndCaribbean,2019,5545.72652
dcs:who/AIR_15.AGE--Y50T54__ENVCAUSE--ENVCAUSE114,dcid:LatinAmericaAndCaribbean,2019,30718.57214
dcs:who/AIR_15.ENVCAUSE--ENVCAUSE114,dcid:LatinAmericaAndCaribbean,2019,367010.5846
dcs:who/AIR_15.AGE--Y70T74__ENVCAUSE--ENVCAUSE114,dcid:LatinAmericaAndCaribbean,2019,42045.91466
dcs:who/AIR_15.AGE--Y35T39__ENVCAUSE--ENVCAUSE113,dcid:LatinAmericaAndCaribbean,2019,19033.73409
dcs:who/AIR_15.AGE--Y_GE80__ENVCAUSE--ENVCAUSE113,dcid:LatinAmericaAndCaribbean,2019,130920.0088
dcs:who/AIR_15.AGE--Y25T29__ENVCAUSE--ENVCAUSE118,dcid:LatinAmericaAndCaribbean,2019,3015.07641
dcs:who/AIR_15.AGE--Y50T54__ENVCAUSE--ENVCAUSE113,dcid:LatinAmericaAndCaribbean,2019,55446.33525
dcs:who/AIR_15.AGE--Y35T39__ENVCAUSE--ENVCAUSE104,dcid:LatinAmericaAndCaribbean,2019,117.68684
dcs:who/AIR_15.AGE--Y40T44__ENVCAUSE--ENVCAUSE114,dcid:LatinAmericaAndCaribbean,2019,18592.94394
dcs:who/AIR_15.ENVCAUSE--ENVCAUSE104,dcid:LatinAmericaAndCaribbean,2019,14151.60466
dcs:who/AIR_15.AGE--Y55T59__ENVCAUSE--ENVCAUSE113,dcid:LatinAmericaAndCaribbean,2019,69072.27444
dcs:who/AIR_15.ENVCAUSE--ENVCAUSE113,dcid:LatinAmericaAndCaribbean,2019,679240.7475
dcs:who/AIR_15.AGE--Y25T29__ENVCAUSE--ENVCAUSE114,dcid:LatinAmericaAndCaribbean,2019,7262.66452
dcs:who/AIR_15,dcid:LatinAmericaAndCaribbean,2019,2114285.638
dcs:who/AIR_15.AGE--Y35T39__ENVCAUSE--ENVCAUSE114,dcid:LatinAmericaAndCaribbean,2019,14083.52748
dcs:who/AIR_15.AGE--Y25T29__ENVCAUSE--ENVCAUSE104,dcid:LatinAmericaAndCaribbean,2019,22.91486
dcs:who/AIR_15.AGE--Y60T64__ENVCAUSE--ENVCAUSE104,dcid:LatinAmericaAndCaribbean,2019,1408.78217
dcs:who/AIR_15.AGE--Y65T69__ENVCAUSE--ENVCAUSE113,dcid:LatinAmericaAndCaribbean,2019,86989.98405
dcs:who/AIR_15.AGE--Y65T69__ENVCAUSE--ENVCAUSE104,dcid:LatinAmericaAndCaribbean,2019,1947.45419
dcs:who/AIR_15.AGE--Y50T54__ENVCAUSE--ENVCAUSE104,dcid:LatinAmericaAndCaribbean,2019,636.66476
dcs:who/AIR_15.AGE--Y45T49__ENVCAUSE--ENVCAUSE114,dcid:LatinAmericaAndCaribbean,2019,23132.48275
dcs:who/AIR_15.AGE--Y30T34__ENVCAUSE--ENVCAUSE114,dcid:LatinAmericaAndCaribbean,2019,9732.628
dcs:who/AIR_15.AGE--Y40T44__ENVCAUSE--ENVCAUSE104,dcid:LatinAmericaAndCaribbean,2019,226.35189
dcs:who/AIR_15.AGE--Y70T74__ENVCAUSE--ENVCAUSE113,dcid:LatinAmericaAndCaribbean,2019,78539.92923
dcs:who/AIR_15.AGE--Y30T34__ENVCAUSE--ENVCAUSE113,dcid:LatinAmericaAndCaribbean,2019,12357.87427
dcs:who/AIR_15.AGE--Y45T49__ENVCAUSE--ENVCAUSE113,dcid:LatinAmericaAndCaribbean,2019,38655.4985
dcs:who/AIR_15.AGE--Y55T59__ENVCAUSE--ENVCAUSE104,dcid:LatinAmericaAndCaribbean,2019,981.60897
dcs:who/AIR_15.AGE--Y55T59__ENVCAUSE--ENVCAUSE114,dcid:LatinAmericaAndCaribbean,2019,35412.98392
dcs:who/AIR_15.AGE--Y75T79__ENVCAUSE--ENVCAUSE113,dcid:LatinAmericaAndCaribbean,2019,71169.02518
dcs:who/AIR_15.AGE--Y40T44__ENVCAUSE--ENVCAUSE113,dcid:LatinAmericaAndCaribbean,2019,28003.7803
dcs:who/AIR_15.AGE--Y30T34__ENVCAUSE--ENVCAUSE104,dcid:LatinAmericaAndCaribbean,2019,59.77988
dcs:who/AIR_15.AGE--Y45T49__ENVCAUSE--ENVCAUSE104,dcid:LatinAmericaAndCaribbean,2019,407.8555
dcs:who/AIR_15.AGE--Y65T69__ENVCAUSE--ENVCAUSE114,dcid:LatinAmericaAndCaribbean,2019,43892.6947
dcs:who/AIR_15.AGE--Y60T64__ENVCAUSE--ENVCAUSE113,dcid:LatinAmericaAndCaribbean,2019,80791.93557
dcs:who/AIR_15.AGE--Y35T39__ENVCAUSE--ENVCAUSE068__SEX--M,dcid:NorthernAfrica,2019,150.45665
dcs:who/AIR_15.AGE--Y60T64__ENVCAUSE--ENVCAUSE068__SEX--M,dcid:NorthernAfrica,2019,1788.81823
dcs:who/AIR_15.AGE--Y55T59__ENVCAUSE--ENVCAUSE068__SEX--M,dcid:NorthernAfrica,2019,1907.57627
dcs:who/AIR_15.ENVCAUSE--ENVCAUSE068__SEX--M,dcid:NorthernAfrica,2019,10060.54974
dcs:who/AIR_15.AGE--Y50T54__ENVCAUSE--ENVCAUSE068__SEX--M,dcid:NorthernAfrica,2019,1595.75455
dcs:who/AIR_15.AGE--Y45T49__ENVCAUSE--ENVCAUSE068__SEX--M,dcid:NorthernAfrica,2019,1076.36631
dcs:who/AIR_15.AGE--Y65T69__ENVCAUSE--ENVCAUSE068__SEX--M,dcid:NorthernAfrica,2019,1311.32188
dcs:who/AIR_15.AGE--Y40T44__ENVCAUSE--ENVCAUSE068__SEX--M,dcid:NorthernAfrica,2019,587.31578
dcs:who/AIR_15.AGE--Y_GE80__ENVCAUSE--ENVCAUSE068__SEX--M,dcid:NorthernAfrica,2019,234.11706
dcs:who/AIR_15.AGE--Y70T74__ENVCAUSE--ENVCAUSE068__SEX--M,dcid:NorthernAfrica,2019,736.62721
dcs:who/AIR_15.AGE--Y75T79__ENVCAUSE--ENVCAUSE068__SEX--M,dcid:NorthernAfrica,2019,409.30543
dcs:who/AIR_15.AGE--Y40T44__ENVCAUSE--ENVCAUSE039__SEX--M,dcid:NorthernAfrica,2019,1064.03593
dcs:who/AIR_15.AGE--Y55T59__ENVCAUSE--ENVCAUSE118__SEX--M,dcid:NorthernAfrica,2019,2819.02588
dcs:who/AIR_15.AGE--Y65T69__ENVCAUSE--ENVCAUSE039__SEX--M,dcid:NorthernAfrica,2019,2173.92252
dcs:who/AIR_15.AGE--Y65T69__ENVCAUSE--ENVCAUSE118__SEX--M,dcid:NorthernAfrica,2019,4266.94683
dcs:who/AIR_15.AGE--Y25T29__ENVCAUSE--ENVCAUSE068__SEX--M,dcid:NorthernAfrica,2019,135.135
dcs:who/AIR_15.AGE--Y10T14__ENVCAUSE--ENVCAUSE039__SEX--M,dcid:NorthernAfrica,2019,2366.11604
dcs:who/AIR_15.AGE--Y35T39__ENVCAUSE--ENVCAUSE039__SEX--M,dcid:NorthernAfrica,2019,1063.90379
dcs:who/AIR_15.ENVCAUSE--ENVCAUSE118__SEX--M,dcid:NorthernAfrica,2019,28122.77071
dcs:who/AIR_15.AGE--Y40T44__ENVCAUSE--ENVCAUSE118__SEX--M,dcid:NorthernAfrica,2019,1106.65798
dcs:who/AIR_15.ENVCAUSE--ENVCAUSE039__SEX--M,dcid:NorthernAfrica,2019,139612.3073
dcs:who/AIR_15.AGE--Y45T49__ENVCAUSE--ENVCAUSE118__SEX--M,dcid:NorthernAfrica,2019,1438.39609
dcs:who/AIR_15.AGE--Y70T74__ENVCAUSE--ENVCAUSE039__SEX--M,dcid:NorthernAfrica,2019,2279.39092
dcs:who/AIR_15.AGE--Y70T74__ENVCAUSE--ENVCAUSE118__SEX--M,dcid:NorthernAfrica,2019,3874.11601
dcs:who/AIR_15.AGE--Y25T29__ENVCAUSE--ENVCAUSE039__SEX--M,dcid:NorthernAfrica,2019,1106.10857
dcs:who/AIR_15.AGE--Y60T64__ENVCAUSE--ENVCAUSE118__SEX--M,dcid:NorthernAfrica,2019,3845.46984
dcs:who/AIR_15.AGE--Y55T59__ENVCAUSE--ENVCAUSE039__SEX--M,dcid:NorthernAfrica,2019,1617.39263
dcs:who/AIR_15.AGE--Y60T64__ENVCAUSE--ENVCAUSE039__SEX--M,dcid:NorthernAfrica,2019,2159.07157
dcs:who/AIR_15.AGE--Y0T4__ENVCAUSE--ENVCAUSE039__SEX--M,dcid:NorthernAfrica,2019,111780.1684
dcs:who/AIR_15.AGE--Y50T54__ENVCAUSE--ENVCAUSE039__SEX--M,dcid:NorthernAfrica,2019,1210.04073
dcs:who/AIR_15.AGE--Y15T19__ENVCAUSE--ENVCAUSE039__SEX--M,dcid:NorthernAfrica,2019,1324.10372
dcs:who/AIR_15.AGE--Y50T54__ENVCAUSE--ENVCAUSE118__SEX--M,dcid:NorthernAfrica,2019,2156.42345
dcs:who/AIR_15.AGE--Y30T34__ENVCAUSE--ENVCAUSE118__SEX--M,dcid:NorthernAfrica,2019,844.71944
dcs:who/AIR_15.AGE--Y30T34__ENVCAUSE--ENVCAUSE039__SEX--M,dcid:NorthernAfrica,2019,1016.82658
dcs:who/AIR_15.AGE--Y20T24__ENVCAUSE--ENVCAUSE039__SEX--M,dcid:NorthernAfrica,2019,1179.3293
dcs:who/AIR_15.AGE--Y75T79__ENVCAUSE--ENVCAUSE039__SEX--M,dcid:NorthernAfrica,2019,1892.07603
dcs:who/AIR_15.AGE--Y_GE80__ENVCAUSE--ENVCAUSE118__SEX--M,dcid:NorthernAfrica,2019,3020.55077
dcs:who/AIR_15.ENVCAUSE--ENVCAUSE114__SEX--M,dcid:NorthernAfrica,2019,50419.29092
dcs:who/AIR_15.AGE--Y35T39__ENVCAUSE--ENVCAUSE118__SEX--M,dcid:NorthernAfrica,2019,875.19469
dcs:who/AIR_15.AGE--Y75T79__ENVCAUSE--ENVCAUSE118__SEX--M,dcid:NorthernAfrica,2019,3085.39873
dcs:who/AIR_15.AGE--Y5T9__ENVCAUSE--ENVCAUSE039__SEX--M,dcid:NorthernAfrica,2019,4168.49356
dcs:who/AIR_15.AGE--Y_GE80__ENVCAUSE--ENVCAUSE039__SEX--M,dcid:NorthernAfrica,2019,2223.91397
dcs:who/AIR_15.AGE--Y30T34__ENVCAUSE--ENVCAUSE068__SEX--M,dcid:NorthernAfrica,2019,127.75552
dcs:who/AIR_15.AGE--Y25T29__ENVCAUSE--ENVCAUSE118__SEX--M,dcid:NorthernAfrica,2019,789.87135
dcs:who/AIR_15.AGE--Y45T49__ENVCAUSE--ENVCAUSE039__SEX--M,dcid:NorthernAfrica,2019,987.40823
dcs:who/AIR_15.AGE--Y60T64__ENVCAUSE--ENVCAUSE068__SEX--F,dcid:NorthernAfrica,2019,502.91616
dcs:who/AIR_15.AGE--Y65T69__ENVCAUSE--ENVCAUSE114__SEX--M,dcid:NorthernAfrica,2019,7291.00781
dcs:who/AIR_15.AGE--Y50T54__ENVCAUSE--ENVCAUSE114__SEX--M,dcid:NorthernAfrica,2019,4008.95982
dcs:who/AIR_15.AGE--Y_GE80__ENVCAUSE--ENVCAUSE113__SEX--M,dcid:NorthernAfrica,2019,13070.78622
dcs:who/AIR_15.AGE--Y45T49__ENVCAUSE--ENVCAUSE113__SEX--M,dcid:NorthernAfrica,2019,10837.22094
dcs:who/AIR_15.AGE--Y70T74__ENVCAUSE--ENVCAUSE114__SEX--M,dcid:NorthernAfrica,2019,6879.64071
dcs:who/AIR_15.AGE--Y_GE80__ENVCAUSE--ENVCAUSE114__SEX--M,dcid:NorthernAfrica,2019,5370.51421
dcs:who/AIR_15.SEX--M,dcid:NorthernAfrica,2019,387893.2703
dcs:who/AIR_15.AGE--Y60T64__ENVCAUSE--ENVCAUSE113__SEX--M,dcid:NorthernAfrica,2019,23565.33624
dcs:who/AIR_15.AGE--Y50T54__ENVCAUSE--ENVCAUSE113__SEX--M,dcid:NorthernAfrica,2019,16065.72159
dcs:who/AIR_15.AGE--Y50T54__ENVCAUSE--ENVCAUSE039__SEX--F,dcid:NorthernAfrica,2019,1310.26763
dcs:who/AIR_15.AGE--Y30T34__ENVCAUSE--ENVCAUSE068__SEX--F,dcid:NorthernAfrica,2019,75.14002
dcs:who/AIR_15.AGE--Y35T39__ENVCAUSE--ENVCAUSE068__SEX--F,dcid:NorthernAfrica,2019,217.95359
dcs:who/AIR_15.AGE--Y75T79__ENVCAUSE--ENVCAUSE068__SEX--F,dcid:NorthernAfrica,2019,125.82872
dcs:who/AIR_15.AGE--Y25T29__ENVCAUSE--ENVCAUSE068__SEX--F,dcid:NorthernAfrica,2019,143.71171
dcs:who/AIR_15.AGE--Y65T69__ENVCAUSE--ENVCAUSE068__SEX--F,dcid:NorthernAfrica,2019,357.08896
dcs:who/AIR_15.AGE--Y55T59__ENVCAUSE--ENVCAUSE068__SEX--F,dcid:NorthernAfrica,2019,617.88121
dcs:who/AIR_15.AGE--Y40T44__ENVCAUSE--ENVCAUSE068__SEX--F,dcid:NorthernAfrica,2019,364.27892
dcs:who/AIR_15.AGE--Y50T54__ENVCAUSE--ENVCAUSE068__SEX--F,dcid:NorthernAfrica,2019,624.17015
dcs:who/AIR_15.AGE--Y55T59__ENVCAUSE--ENVCAUSE114__SEX--M,dcid:NorthernAfrica,2019,5199.78803
dcs:who/AIR_15.AGE--Y30T34__ENVCAUSE--ENVCAUSE114__SEX--M,dcid:NorthernAfrica,2019,1370.55695
dcs:who/AIR_15.AGE--Y70T74__ENVCAUSE--ENVCAUSE039__SEX--F,dcid:NorthernAfrica,2019,2083.40923
dcs:who/AIR_15.AGE--Y30T34__ENVCAUSE--ENVCAUSE113__SEX--M,dcid:NorthernAfrica,2019,3760.49223
dcs:who/AIR_15.AGE--Y_GE80__ENVCAUSE--ENVCAUSE039__SEX--F,dcid:NorthernAfrica,2019,2598.07459
dcs:who/AIR_15.AGE--Y35T39__ENVCAUSE--ENVCAUSE113__SEX--M,dcid:NorthernAfrica,2019,5349.66068
dcs:who/AIR_15.ENVCAUSE--ENVCAUSE113__SEX--M,dcid:NorthernAfrica,2019,159678.354
dcs:who/AIR_15.AGE--Y55T59__ENVCAUSE--ENVCAUSE039__SEX--F,dcid:NorthernAfrica,2019,1420.09189
dcs:who/AIR_15.AGE--Y45T49__ENVCAUSE--ENVCAUSE068__SEX--F,dcid:NorthernAfrica,2019,531.74844
dcs:who/AIR_15.AGE--Y25T29__ENVCAUSE--ENVCAUSE114__SEX--M,dcid:NorthernAfrica,2019,1376.00592
dcs:who/AIR_15.AGE--Y45T49__ENVCAUSE--ENVCAUSE039__SEX--F,dcid:NorthernAfrica,2019,1164.41112
dcs:who/AIR_15.AGE--Y70T74__ENVCAUSE--ENVCAUSE068__SEX--F,dcid:NorthernAfrica,2019,217.85803
dcs:who/AIR_15.AGE--Y40T44__ENVCAUSE--ENVCAUSE113__SEX--M,dcid:NorthernAfrica,2019,7705.68313
dcs:who/AIR_15.AGE--Y35T39__ENVCAUSE--ENVCAUSE039__SEX--F,dcid:NorthernAfrica,2019,1073.37559
dcs:who/AIR_15.AGE--Y40T44__ENVCAUSE--ENVCAUSE114__SEX--M,dcid:NorthernAfrica,2019,2050.32549
dcs:who/AIR_15.AGE--Y65T69__ENVCAUSE--ENVCAUSE039__SEX--F,dcid:NorthernAfrica,2019,1891.04258
dcs:who/AIR_15.AGE--Y55T59__ENVCAUSE--ENVCAUSE113__SEX--M,dcid:NorthernAfrica,2019,20467.88759
dcs:who/AIR_15.AGE--Y45T49__ENVCAUSE--ENVCAUSE114__SEX--M,dcid:NorthernAfrica,2019,2717.32632
dcs:who/AIR_15.AGE--Y60T64__ENVCAUSE--ENVCAUSE039__SEX--F,dcid:NorthernAfrica,2019,1833.7297
dcs:who/AIR_15.AGE--Y65T69__ENVCAUSE--ENVCAUSE113__SEX--M,dcid:NorthernAfrica,2019,23015.09755
dcs:who/AIR_15.AGE--Y_GE80__ENVCAUSE--ENVCAUSE068__SEX--F,dcid:NorthernAfrica,2019,83.30157
dcs:who/AIR_15.ENVCAUSE--ENVCAUSE039__SEX--F,dcid:NorthernAfrica,2019,111283.8898
dcs:who/AIR_15.AGE--Y40T44__ENVCAUSE--ENVCAUSE039__SEX--F,dcid:NorthernAfrica,2019,1108.87676
dcs:who/AIR_15.ENVCAUSE--ENVCAUSE068__SEX--F,dcid:NorthernAfrica,2019,3861.8774
dcs:who/AIR_15.AGE--Y70T74__ENVCAUSE--ENVCAUSE113__SEX--M,dcid:NorthernAfrica,2019,19356.62102
dcs:who/AIR_15.AGE--Y60T64__ENVCAUSE--ENVCAUSE114__SEX--M,dcid:NorthernAfrica,2019,6689.77598
dcs:who/AIR_15.AGE--Y35T39__ENVCAUSE--ENVCAUSE114__SEX--M,dcid:NorthernAfrica,2019,1649.811
dcs:who/AIR_15.AGE--Y75T79__ENVCAUSE--ENVCAUSE113__SEX--M,dcid:NorthernAfrica,2019,14039.37749
dcs:who/AIR_15.AGE--Y25T29__ENVCAUSE--ENVCAUSE113__SEX--M,dcid:NorthernAfrica,2019,2444.46755
dcs:who/AIR_15.AGE--Y75T79__ENVCAUSE--ENVCAUSE114__SEX--M,dcid:NorthernAfrica,2019,5815.57964
dcs:who/AIR_15.AGE--Y75T79__ENVCAUSE--ENVCAUSE039__SEX--F,dcid:NorthernAfrica,2019,1916.95548
dcs:who/AIR_15.AGE--Y55T59__ENVCAUSE--ENVCAUSE118__SEX--F,dcid:NorthernAfrica,2019,2248.97628
dcs:who/AIR_15.AGE--Y30T34__ENVCAUSE--ENVCAUSE039__SEX--F,dcid:NorthernAfrica,2019,1174.7698
dcs:who/AIR_15.AGE--Y70T74__ENVCAUSE--ENVCAUSE118__SEX--F,dcid:NorthernAfrica,2019,2590.52528
dcs:who/AIR_15.AGE--Y40T44__ENVCAUSE--ENVCAUSE118__SEX--F,dcid:NorthernAfrica,2019,1123.49562
dcs:who/AIR_15.AGE--Y50T54__ENVCAUSE--ENVCAUSE118__SEX--F,dcid:NorthernAfrica,2019,1875.81894
dcs:who/AIR_15.AGE--Y25T29__ENVCAUSE--ENVCAUSE039__SEX--F,dcid:NorthernAfrica,2019,1106.59966
dcs:who/AIR_15.AGE--Y_GE80__ENVCAUSE--ENVCAUSE118__SEX--F,dcid:NorthernAfrica,2019,2724.31838
dcs:who/AIR_15.AGE--Y25T29__ENVCAUSE--ENVCAUSE118__SEX--F,dcid:NorthernAfrica,2019,767.65437
dcs:who/AIR_15.AGE--Y30T34__ENVCAUSE--ENVCAUSE118__SEX--F,dcid:NorthernAfrica,2019,927.77957
dcs:who/AIR_15.AGE--Y45T49__ENVCAUSE--ENVCAUSE118__SEX--F,dcid:NorthernAfrica,2019,1463.77852
dcs:who/AIR_15.AGE--Y65T69__ENVCAUSE--ENVCAUSE118__SEX--F,dcid:NorthernAfrica,2019,2632.79148
dcs:who/AIR_15.AGE--Y15T19__ENVCAUSE--ENVCAUSE039__SEX--F,dcid:NorthernAfrica,2019,1223.04731
dcs:who/AIR_15.AGE--Y_GE80__ENVCAUSE--ENVCAUSE114__SEX--F,dcid:NorthernAfrica,2019,9115.15037
dcs:who/AIR_15.AGE--Y10T14__ENVCAUSE--ENVCAUSE039__SEX--F,dcid:NorthernAfrica,2019,2797.70318
dcs:who/AIR_15.AGE--Y20T24__ENVCAUSE--ENVCAUSE039__SEX--F,dcid:NorthernAfrica,2019,1252.25932
dcs:who/AIR_15.AGE--Y5T9__ENVCAUSE--ENVCAUSE039__SEX--F,dcid:NorthernAfrica,2019,6428.61825
dcs:who/AIR_15.AGE--Y35T39__ENVCAUSE--ENVCAUSE118__SEX--F,dcid:NorthernAfrica,2019,1073.50737
dcs:who/AIR_15.AGE--Y75T79__ENVCAUSE--ENVCAUSE118__SEX--F,dcid:NorthernAfrica,2019,2334.77344
dcs:who/AIR_15.AGE--Y0T4__ENVCAUSE--ENVCAUSE039__SEX--F,dcid:NorthernAfrica,2019,80900.65841
dcs:who/AIR_15.AGE--Y60T64__ENVCAUSE--ENVCAUSE118__SEX--F,dcid:NorthernAfrica,2019,2529.21545
dcs:who/AIR_15.ENVCAUSE--ENVCAUSE118__SEX--F,dcid:NorthernAfrica,2019,22292.6353
dcs:who/AIR_15.ENVCAUSE--ENVCAUSE114__SEX--F,dcid:NorthernAfrica,2019,71100.10043
dcs:who/AIR_15.AGE--Y40T44__ENVCAUSE--ENVCAUSE114__SEX--F,dcid:NorthernAfrica,2019,3537.63037
dcs:who/AIR_15.AGE--Y55T59__ENVCAUSE--ENVCAUSE039,dcid:NorthernAfrica,2019,3037.48454
dcs:who/AIR_15.ENVCAUSE--ENVCAUSE104__SEX--F,dcid:NorthernAfrica,2019,3012.21401
dcs:who/AIR_15.AGE--Y40T44__ENVCAUSE--ENVCAUSE104__SEX--F,dcid:NorthernAfrica,2019,78.1076
dcs:who/AIR_15.AGE--Y50T54__ENVCAUSE--ENVCAUSE104__SEX--F,dcid:NorthernAfrica,2019,164.65682
dcs:who/AIR_15.AGE--Y_GE80__ENVCAUSE--ENVCAUSE104__SEX--F,dcid:NorthernAfrica,2019,643.01456
dcs:who/AIR_15.AGE--Y30T34__ENVCAUSE--ENVCAUSE113__SEX--F,dcid:NorthernAfrica,2019,2785.47427
dcs:who/AIR_15.AGE--Y35T39__ENVCAUSE--ENVCAUSE113__SEX--F,dcid:NorthernAfrica,2019,3438.81638
dcs:who/AIR_15.AGE--Y75T79__ENVCAUSE--ENVCAUSE039,dcid:NorthernAfrica,2019,3809.03154
dcs:who/AIR_15.AGE--Y60T64__ENVCAUSE--ENVCAUSE104__SEX--F,dcid:NorthernAfrica,2019,318.76093
dcs:who/AIR_15.AGE--Y45T49__ENVCAUSE--ENVCAUSE114__SEX--F,dcid:NorthernAfrica,2019,4321.08982
dcs:who/AIR_15.AGE--Y70T74__ENVCAUSE--ENVCAUSE113__SEX--F,dcid:NorthernAfrica,2019,18278.84136
dcs:who/AIR_15.AGE--Y75T79__ENVCAUSE--ENVCAUSE104__SEX--F,dcid:NorthernAfrica,2019,464.55252
dcs:who/AIR_15.AGE--Y40T44__ENVCAUSE--ENVCAUSE113__SEX--F,dcid:NorthernAfrica,2019,5183.76493
dcs:who/AIR_15.AGE--Y65T69__ENVCAUSE--ENVCAUSE039,dcid:NorthernAfrica,2019,4064.96527
dcs:who/AIR_15.AGE--Y25T29__ENVCAUSE--ENVCAUSE114__SEX--F,dcid:NorthernAfrica,2019,1488.16941
dcs:who/AIR_15.AGE--Y65T69__ENVCAUSE--ENVCAUSE068,dcid:NorthernAfrica,2019,1668.41088
dcs:who/AIR_15.AGE--Y70T74__ENVCAUSE--ENVCAUSE068,dcid:NorthernAfrica,2019,954.48529
dcs:who/AIR_15.AGE--Y25T29__ENVCAUSE--ENVCAUSE113__SEX--F,dcid:NorthernAfrica,2019,1599.07676
dcs:who/AIR_15.SEX--F,dcid:NorthernAfrica,2019,346686.2236
dcs:who/AIR_15.AGE--Y35T39__ENVCAUSE--ENVCAUSE114__SEX--F,dcid:NorthernAfrica,2019,2514.1006
dcs:who/AIR_15.AGE--Y55T59__ENVCAUSE--ENVCAUSE068,dcid:NorthernAfrica,2019,2525.45738
dcs:who/AIR_15.AGE--Y60T64__ENVCAUSE--ENVCAUSE113__SEX--F,dcid:NorthernAfrica,2019,17922.45473
dcs:who/AIR_15.AGE--Y75T79__ENVCAUSE--ENVCAUSE114__SEX--F,dcid:NorthernAfrica,2019,8330.59985
dcs:who/AIR_15.AGE--Y75T79__ENVCAUSE--ENVCAUSE068,dcid:NorthernAfrica,2019,535.13414
dcs:who/AIR_15.AGE--Y_GE80__ENVCAUSE--ENVCAUSE068,dcid:NorthernAfrica,2019,317.41863
dcs:who/AIR_15.AGE--Y65T69__ENVCAUSE--ENVCAUSE104__SEX--F,dcid:NorthernAfrica,2019,412.45582
dcs:who/AIR_15.AGE--Y25T29__ENVCAUSE--ENVCAUSE104__SEX--F,dcid:NorthernAfrica,2019,15.84176
dcs:who/AIR_15.AGE--Y70T74__ENVCAUSE--ENVCAUSE114__SEX--F,dcid:NorthernAfrica,2019,9354.14154
dcs:who/AIR_15.AGE--Y30T34__ENVCAUSE--ENVCAUSE068,dcid:NorthernAfrica,2019,202.89553
dcs:who/AIR_15.ENVCAUSE--ENVCAUSE068,dcid:NorthernAfrica,2019,13922.42734
dcs:who/AIR_15.AGE--Y55T59__ENVCAUSE--ENVCAUSE113__SEX--F,dcid:NorthernAfrica,2019,14035.1433
dcs:who/AIR_15.AGE--Y60T64__ENVCAUSE--ENVCAUSE039,dcid:NorthernAfrica,2019,3992.80144
dcs:who/AIR_15.AGE--Y50T54__ENVCAUSE--ENVCAUSE113__SEX--F,dcid:NorthernAfrica,2019,11394.80728
dcs:who/AIR_15.AGE--Y40T44__ENVCAUSE--ENVCAUSE068,dcid:NorthernAfrica,2019,951.59467
dcs:who/AIR_15.AGE--Y75T79__ENVCAUSE--ENVCAUSE113__SEX--F,dcid:NorthernAfrica,2019,15726.64758
dcs:who/AIR_15.AGE--Y60T64__ENVCAUSE--ENVCAUSE114__SEX--F,dcid:NorthernAfrica,2019,8470.63713
dcs:who/AIR_15.ENVCAUSE--ENVCAUSE039,dcid:NorthernAfrica,2019,250896.1969
dcs:who/AIR_15.AGE--Y45T49__ENVCAUSE--ENVCAUSE068,dcid:NorthernAfrica,2019,1608.11475
dcs:who/AIR_15.AGE--Y55T59__ENVCAUSE--ENVCAUSE104__SEX--F,dcid:NorthernAfrica,2019,235.78854
dcs:who/AIR_15.AGE--Y65T69__ENVCAUSE--ENVCAUSE114__SEX--F,dcid:NorthernAfrica,2019,9220.07078
dcs:who/AIR_15.AGE--Y50T54__ENVCAUSE--ENVCAUSE068,dcid:NorthernAfrica,2019,2219.92469
dcs:who/AIR_15.AGE--Y70T74__ENVCAUSE--ENVCAUSE104__SEX--F,dcid:NorthernAfrica,2019,471.95927
dcs:who/AIR_15.AGE--Y35T39__ENVCAUSE--ENVCAUSE068,dcid:NorthernAfrica,2019,368.41024
dcs:who/AIR_15.AGE--Y45T49__ENVCAUSE--ENVCAUSE113__SEX--F,dcid:NorthernAfrica,2019,8119.46505
dcs:who/AIR_15.AGE--Y_GE80__ENVCAUSE--ENVCAUSE039,dcid:NorthernAfrica,2019,4821.98866
dcs:who/AIR_15.AGE--Y45T49__ENVCAUSE--ENVCAUSE104__SEX--F,dcid:NorthernAfrica,2019,120.49325
dcs:who/AIR_15.AGE--Y70T74__ENVCAUSE--ENVCAUSE039,dcid:NorthernAfrica,2019,4362.80027
dcs:who/AIR_15.AGE--Y25T29__ENVCAUSE--ENVCAUSE068,dcid:NorthernAfrica,2019,278.84671
dcs:who/AIR_15.AGE--Y60T64__ENVCAUSE--ENVCAUSE068,dcid:NorthernAfrica,2019,2291.7344
dcs:who/AIR_15.AGE--Y35T39__ENVCAUSE--ENVCAUSE104__SEX--F,dcid:NorthernAfrica,2019,51.61522
dcs:who/AIR_15.AGE--Y50T54__ENVCAUSE--ENVCAUSE114__SEX--F,dcid:NorthernAfrica,2019,5846.25508
dcs:who/AIR_15.ENVCAUSE--ENVCAUSE113__SEX--F,dcid:NorthernAfrica,2019,135135.5131
dcs:who/AIR_15.AGE--Y30T34__ENVCAUSE--ENVCAUSE114__SEX--F,dcid:NorthernAfrica,2019,1881.94818
dcs:who/AIR_15.AGE--Y65T69__ENVCAUSE--ENVCAUSE113__SEX--F,dcid:NorthernAfrica,2019,19289.49574
dcs:who/AIR_15.AGE--Y_GE80__ENVCAUSE--ENVCAUSE113__SEX--F,dcid:NorthernAfrica,2019,17361.52493
dcs:who/AIR_15.AGE--Y30T34__ENVCAUSE--ENVCAUSE104__SEX--F,dcid:NorthernAfrica,2019,34.9676
dcs:who/AIR_15.AGE--Y55T59__ENVCAUSE--ENVCAUSE114__SEX--F,dcid:NorthernAfrica,2019,7020.30524
dcs:who/AIR_15.AGE--Y0T4__ENVCAUSE--ENVCAUSE039,dcid:NorthernAfrica,2019,192680.8342
dcs:who/AIR_15.AGE--Y20T24__ENVCAUSE--ENVCAUSE039,dcid:NorthernAfrica,2019,2431.58869
dcs:who/AIR_15.AGE--Y45T49__ENVCAUSE--ENVCAUSE118,dcid:NorthernAfrica,2019,2902.17471
dcs:who/AIR_15.AGE--Y25T29__ENVCAUSE--ENVCAUSE118,dcid:NorthernAfrica,2019,1557.52572
dcs:who/AIR_15.AGE--Y15T19__ENVCAUSE--ENVCAUSE039,dcid:NorthernAfrica,2019,2547.15104
dcs:who/AIR_15.AGE--Y_GE80__ENVCAUSE--ENVCAUSE118,dcid:NorthernAfrica,2019,5744.86901
dcs:who/AIR_15.AGE--Y5T9__ENVCAUSE--ENVCAUSE039,dcid:NorthernAfrica,2019,10597.11182
dcs:who/AIR_15.AGE--Y10T14__ENVCAUSE--ENVCAUSE039,dcid:NorthernAfrica,2019,5163.81898
dcs:who/AIR_15.AGE--Y60T64__ENVCAUSE--ENVCAUSE114,dcid:NorthernAfrica,2019,15160.41354
dcs:who/AIR_15.AGE--Y70T74__ENVCAUSE--ENVCAUSE114,dcid:NorthernAfrica,2019,16233.78268
dcs:who/AIR_15.AGE--Y45T49__ENVCAUSE--ENVCAUSE039,dcid:NorthernAfrica,2019,2151.81941
dcs:who/AIR_15.AGE--Y75T79__ENVCAUSE--ENVCAUSE114,dcid:NorthernAfrica,2019,14146.17944
dcs:who/AIR_15.AGE--Y50T54__ENVCAUSE--ENVCAUSE118,dcid:NorthernAfrica,2019,4032.24239
dcs:who/AIR_15.AGE--Y25T29__ENVCAUSE--ENVCAUSE039,dcid:NorthernAfrica,2019,2212.70822
dcs:who/AIR_15.AGE--Y35T39__ENVCAUSE--ENVCAUSE039,dcid:NorthernAfrica,2019,2137.27931
dcs:who/AIR_15.ENVCAUSE--ENVCAUSE118,dcid:NorthernAfrica,2019,50415.40631
dcs:who/AIR_15.AGE--Y55T59__ENVCAUSE--ENVCAUSE114,dcid:NorthernAfrica,2019,12220.09285
dcs:who/AIR_15.ENVCAUSE--ENVCAUSE114,dcid:NorthernAfrica,2019,121519.3875
dcs:who/AIR_15.AGE--Y65T69__ENVCAUSE--ENVCAUSE114,dcid:NorthernAfrica,2019,16511.07908
dcs:who/AIR_15.AGE--Y50T54__ENVCAUSE--ENVCAUSE039,dcid:NorthernAfrica,2019,2520.30836
dcs:who/AIR_15.AGE--Y_GE80__ENVCAUSE--ENVCAUSE114,dcid:NorthernAfrica,2019,14485.6651
dcs:who/AIR_15.AGE--Y70T74__ENVCAUSE--ENVCAUSE118,dcid:NorthernAfrica,2019,6464.64154
dcs:who/AIR_15.AGE--Y35T39__ENVCAUSE--ENVCAUSE118,dcid:NorthernAfrica,2019,1948.70212
dcs:who/AIR_15.AGE--Y65T69__ENVCAUSE--ENVCAUSE118,dcid:NorthernAfrica,2019,6899.73853
dcs:who/AIR_15.AGE--Y30T34__ENVCAUSE--ENVCAUSE039,dcid:NorthernAfrica,2019,2191.59631
dcs:who/AIR_15.AGE--Y40T44__ENVCAUSE--ENVCAUSE039,dcid:NorthernAfrica,2019,2172.91274
dcs:who/AIR_15.AGE--Y75T79__ENVCAUSE--ENVCAUSE118,dcid:NorthernAfrica,2019,5420.17219
dcs:who/AIR_15.AGE--Y55T59__ENVCAUSE--ENVCAUSE118,dcid:NorthernAfrica,2019,5068.00211
dcs:who/AIR_15.AGE--Y30T34__ENVCAUSE--ENVCAUSE118,dcid:NorthernAfrica,2019,1772.49901
dcs:who/AIR_15.AGE--Y60T64__ENVCAUSE--ENVCAUSE118,dcid:NorthernAfrica,2019,6374.68514
dcs:who/AIR_15.AGE--Y40T44__ENVCAUSE--ENVCAUSE118,dcid:NorthernAfrica,2019,2230.1536
dcs:who/AIR_15.AGE--Y_GE80__ENVCAUSE--ENVCAUSE113,dcid:NorthernAfrica,2019,30432.31122
dcs:who/AIR_15.AGE--Y75T79__ENVCAUSE--ENVCAUSE104,dcid:NorthernAfrica,2019,464.55252
dcs:who/AIR_15.AGE--Y65T69__ENVCAUSE--ENVCAUSE104,dcid:NorthernAfrica,2019,412.45582
dcs:who/AIR_15.AGE--Y25T29__ENVCAUSE--ENVCAUSE104,dcid:NorthernAfrica,2019,15.84176
dcs:who/AIR_15.AGE--Y30T34__ENVCAUSE--ENVCAUSE114,dcid:NorthernAfrica,2019,3252.50513
dcs:who/AIR_15.AGE--Y30T34__ENVCAUSE--ENVCAUSE113,dcid:NorthernAfrica,2019,6545.96623
dcs:who/AIR_15.AGE--Y65T69__ENVCAUSE--ENVCAUSE113,dcid:NorthernAfrica,2019,42304.59332
dcs:who/AIR_15.AGE--Y45T49__ENVCAUSE--ENVCAUSE114,dcid:NorthernAfrica,2019,7038.41638
dcs:who/AIR_15.AGE--Y25T29__ENVCAUSE--ENVCAUSE114,dcid:NorthernAfrica,2019,2864.17533
dcs:who/AIR_15.AGE--Y60T64__ENVCAUSE--ENVCAUSE104,dcid:NorthernAfrica,2019,318.76093
dcs:who/AIR_15.AGE--Y55T59__ENVCAUSE--ENVCAUSE113,dcid:NorthernAfrica,2019,34503.03062
dcs:who/AIR_15.AGE--Y75T79__ENVCAUSE--ENVCAUSE113,dcid:NorthernAfrica,2019,29766.02614
dcs:who/AIR_15.ENVCAUSE--ENVCAUSE113,dcid:NorthernAfrica,2019,294813.8673
dcs:who/AIR_15.AGE--Y50T54__ENVCAUSE--ENVCAUSE113,dcid:NorthernAfrica,2019,27460.52885
dcs:who/AIR_15,dcid:NorthernAfrica,2019,734579.5266
dcs:who/AIR_15.AGE--Y40T44__ENVCAUSE--ENVCAUSE113,dcid:NorthernAfrica,2019,12889.44767
dcs:who/AIR_15.AGE--Y50T54__ENVCAUSE--ENVCAUSE104,dcid:NorthernAfrica,2019,164.65682
dcs:who/AIR_15.AGE--Y35T39__ENVCAUSE--ENVCAUSE114,dcid:NorthernAfrica,2019,4163.91174
dcs:who/AIR_15.AGE--Y30T34__ENVCAUSE--ENVCAUSE104,dcid:NorthernAfrica,2019,34.9676
dcs:who/AIR_15.AGE--Y35T39__ENVCAUSE--ENVCAUSE113,dcid:NorthernAfrica,2019,8788.4773
dcs:who/AIR_15.AGE--Y55T59__ENVCAUSE--ENVCAUSE104,dcid:NorthernAfrica,2019,235.78854
dcs:who/AIR_15.AGE--Y_GE80__ENVCAUSE--ENVCAUSE104,dcid:NorthernAfrica,2019,643.01456
dcs:who/AIR_15.AGE--Y25T29__ENVCAUSE--ENVCAUSE113,dcid:NorthernAfrica,2019,4043.54444
dcs:who/AIR_15.AGE--Y70T74__ENVCAUSE--ENVCAUSE104,dcid:NorthernAfrica,2019,471.95927
dcs:who/AIR_15.AGE--Y45T49__ENVCAUSE--ENVCAUSE104,dcid:NorthernAfrica,2019,120.49325
dcs:who/AIR_15.AGE--Y40T44__ENVCAUSE--ENVCAUSE114,dcid:NorthernAfrica,2019,5587.95585
dcs:who/AIR_15.AGE--Y35T39__ENVCAUSE--ENVCAUSE104,dcid:NorthernAfrica,2019,51.61522
dcs:who/AIR_15.ENVCAUSE--ENVCAUSE104,dcid:NorthernAfrica,2019,3012.21401
dcs:who/AIR_15.AGE--Y50T54__ENVCAUSE--ENVCAUSE114,dcid:NorthernAfrica,2019,9855.21462
dcs:who/AIR_15.AGE--Y70T74__ENVCAUSE--ENVCAUSE113,dcid:NorthernAfrica,2019,37635.46227
dcs:who/AIR_15.AGE--Y60T64__ENVCAUSE--ENVCAUSE113,dcid:NorthernAfrica,2019,41487.79407
dcs:who/AIR_15.AGE--Y40T44__ENVCAUSE--ENVCAUSE104,dcid:NorthernAfrica,2019,78.1076
dcs:who/AIR_15.AGE--Y45T49__ENVCAUSE--ENVCAUSE113,dcid:NorthernAfrica,2019,18956.68597
dcs:who/AIR_15.AGE--Y75T79__ENVCAUSE--ENVCAUSE068__SEX--M,dcid:SouthEasternAsia,2019,19351.48542
dcs:who/AIR_15.ENVCAUSE--ENVCAUSE068__SEX--M,dcid:SouthEasternAsia,2019,364481.4405
dcs:who/AIR_15.ENVCAUSE--ENVCAUSE039__SEX--M,dcid:SouthEasternAsia,2019,1137528.861
dcs:who/AIR_15.AGE--Y65T69__ENVCAUSE--ENVCAUSE039__SEX--M,dcid:SouthEasternAsia,2019,83602.89436
dcs:who/AIR_15.AGE--Y25T29__ENVCAUSE--ENVCAUSE068__SEX--M,dcid:SouthEasternAsia,2019,2289.65632
dcs:who/AIR_15.AGE--Y65T69__ENVCAUSE--ENVCAUSE068__SEX--M,dcid:SouthEasternAsia,2019,56464.6575
dcs:who/AIR_15.AGE--Y75T79__ENVCAUSE--ENVCAUSE039__SEX--M,dcid:SouthEasternAsia,2019,60228.76822
dcs:who/AIR_15.AGE--Y45T49__ENVCAUSE--ENVCAUSE039__SEX--M,dcid:SouthEasternAsia,2019,30032.45783
dcs:who/AIR_15.AGE--Y70T74__ENVCAUSE--ENVCAUSE039__SEX--M,dcid:SouthEasternAsia,2019,74430.62857
dcs:who/AIR_15.AGE--Y70T74__ENVCAUSE--ENVCAUSE068__SEX--M,dcid:SouthEasternAsia,2019,33730.58942
dcs:who/AIR_15.AGE--Y50T54__ENVCAUSE--ENVCAUSE068__SEX--M,dcid:SouthEasternAsia,2019,49225.46354
dcs:who/AIR_15.AGE--Y_GE80__ENVCAUSE--ENVCAUSE068__SEX--M,dcid:SouthEasternAsia,2019,13638.61551
dcs:who/AIR_15.AGE--Y55T59__ENVCAUSE--ENVCAUSE039__SEX--M,dcid:SouthEasternAsia,2019,50814.05488
dcs:who/AIR_15.AGE--Y30T34__ENVCAUSE--ENVCAUSE068__SEX--M,dcid:SouthEasternAsia,2019,3416.74092
dcs:who/AIR_15.AGE--Y35T39__ENVCAUSE--ENVCAUSE068__SEX--M,dcid:SouthEasternAsia,2019,7763.72562
dcs:who/AIR_15.AGE--Y40T44__ENVCAUSE--ENVCAUSE068__SEX--M,dcid:SouthEasternAsia,2019,17007.39695
dcs:who/AIR_15.AGE--Y55T59__ENVCAUSE--ENVCAUSE068__SEX--M,dcid:SouthEasternAsia,2019,61400.98242
dcs:who/AIR_15.AGE--Y50T54__ENVCAUSE--ENVCAUSE039__SEX--M,dcid:SouthEasternAsia,2019,41455.99591
dcs:who/AIR_15.AGE--Y60T64__ENVCAUSE--ENVCAUSE039__SEX--M,dcid:SouthEasternAsia,2019,72852.99263
dcs:who/AIR_15.AGE--Y45T49__ENVCAUSE--ENVCAUSE068__SEX--M,dcid:SouthEasternAsia,2019,33868.55587
dcs:who/AIR_15.AGE--Y_GE80__ENVCAUSE--ENVCAUSE039__SEX--M,dcid:SouthEasternAsia,2019,103818.7274
dcs:who/AIR_15.AGE--Y60T64__ENVCAUSE--ENVCAUSE068__SEX--M,dcid:SouthEasternAsia,2019,66323.57149
dcs:who/AIR_15.AGE--Y_GE80__ENVCAUSE--ENVCAUSE118__SEX--M,dcid:SouthEasternAsia,2019,107214.1648
dcs:who/AIR_15.AGE--Y5T9__ENVCAUSE--ENVCAUSE039__SEX--M,dcid:SouthEasternAsia,2019,11047.49761
dcs:who/AIR_15.AGE--Y35T39__ENVCAUSE--ENVCAUSE039__SEX--M,dcid:SouthEasternAsia,2019,22303.50588
dcs:who/AIR_15.AGE--Y60T64__ENVCAUSE--ENVCAUSE118__SEX--M,dcid:SouthEasternAsia,2019,107279.1442
dcs:who/AIR_15.AGE--Y25T29__ENVCAUSE--ENVCAUSE039__SEX--M,dcid:SouthEasternAsia,2019,23050.42537
dcs:who/AIR_15.AGE--Y75T79__ENVCAUSE--ENVCAUSE118__SEX--M,dcid:SouthEasternAsia,2019,85802.49622
dcs:who/AIR_15.AGE--Y40T44__ENVCAUSE--ENVCAUSE039__SEX--M,dcid:SouthEasternAsia,2019,24457.27782
dcs:who/AIR_15.AGE--Y0T4__ENVCAUSE--ENVCAUSE039__SEX--M,dcid:SouthEasternAsia,2019,470914.0552
dcs:who/AIR_15.AGE--Y20T24__ENVCAUSE--ENVCAUSE039__SEX--M,dcid:SouthEasternAsia,2019,19591.33503
dcs:who/AIR_15.AGE--Y15T19__ENVCAUSE--ENVCAUSE039__SEX--M,dcid:SouthEasternAsia,2019,14289.06489
dcs:who/AIR_15.AGE--Y10T14__ENVCAUSE--ENVCAUSE039__SEX--M,dcid:SouthEasternAsia,2019,10606.2061
dcs:who/AIR_15.AGE--Y70T74__ENVCAUSE--ENVCAUSE118__SEX--M,dcid:SouthEasternAsia,2019,108690.8085
dcs:who/AIR_15.AGE--Y65T69__ENVCAUSE--ENVCAUSE118__SEX--M,dcid:SouthEasternAsia,2019,123985.184
dcs:who/AIR_15.AGE--Y30T34__ENVCAUSE--ENVCAUSE039__SEX--M,dcid:SouthEasternAsia,2019,24032.97266
dcs:who/AIR_15.ENVCAUSE--ENVCAUSE118__SEX--M,dcid:SouthEasternAsia,2019,738199.4867
dcs:who/AIR_15.AGE--Y_GE80__ENVCAUSE--ENVCAUSE113__SEX--M,dcid:SouthEasternAsia,2019,115017.1854
dcs:who/AIR_15.AGE--Y50T54__ENVCAUSE--ENVCAUSE068__SEX--F,dcid:SouthEasternAsia,2019,23853.49124
dcs:who/AIR_15.AGE--Y75T79__ENVCAUSE--ENVCAUSE039__SEX--F,dcid:SouthEasternAsia,2019,60782.86357
dcs:who/AIR_15.AGE--Y50T54__ENVCAUSE--ENVCAUSE113__SEX--M,dcid:SouthEasternAsia,2019,146478.6111
dcs:who/AIR_15.AGE--Y75T79__ENVCAUSE--ENVCAUSE068__SEX--F,dcid:SouthEasternAsia,2019,12747.76052
dcs:who/AIR_15.AGE--Y_GE80__ENVCAUSE--ENVCAUSE114__SEX--M,dcid:SouthEasternAsia,2019,109429.1726
dcs:who/AIR_15.AGE--Y40T44__ENVCAUSE--ENVCAUSE114__SEX--M,dcid:SouthEasternAsia,2019,60724.81079
dcs:who/AIR_15.AGE--Y60T64__ENVCAUSE--ENVCAUSE039__SEX--F,dcid:SouthEasternAsia,2019,39357.12628
dcs:who/AIR_15.SEX--M,dcid:SouthEasternAsia,2019,4858003.541
dcs:who/AIR_15.AGE--Y35T39__ENVCAUSE--ENVCAUSE113__SEX--M,dcid:SouthEasternAsia,2019,48942.76627
dcs:who/AIR_15.AGE--Y60T64__ENVCAUSE--ENVCAUSE113__SEX--M,dcid:SouthEasternAsia,2019,189480.6341
dcs:who/AIR_15.AGE--Y_GE80__ENVCAUSE--ENVCAUSE039__SEX--F,dcid:SouthEasternAsia,2019,168713.2001
dcs:who/AIR_15.AGE--Y35T39__ENVCAUSE--ENVCAUSE118__SEX--M,dcid:SouthEasternAsia,2019,12944.42988
dcs:who/AIR_15.AGE--Y60T64__ENVCAUSE--ENVCAUSE068__SEX--F,dcid:SouthEasternAsia,2019,32923.66326
dcs:who/AIR_15.AGE--Y40T44__ENVCAUSE--ENVCAUSE068__SEX--F,dcid:SouthEasternAsia,2019,9798.25014
dcs:who/AIR_15.AGE--Y35T39__ENVCAUSE--ENVCAUSE068__SEX--F,dcid:SouthEasternAsia,2019,5115.72449
dcs:who/AIR_15.AGE--Y45T49__ENVCAUSE--ENVCAUSE118__SEX--M,dcid:SouthEasternAsia,2019,31291.75091
dcs:who/AIR_15.AGE--Y50T54__ENVCAUSE--ENVCAUSE114__SEX--M,dcid:SouthEasternAsia,2019,137029.7763
dcs:who/AIR_15.ENVCAUSE--ENVCAUSE113__SEX--M,dcid:SouthEasternAsia,2019,1306860.086
dcs:who/AIR_15.AGE--Y_GE80__ENVCAUSE--ENVCAUSE068__SEX--F,dcid:SouthEasternAsia,2019,11800.44986
dcs:who/AIR_15.AGE--Y35T39__ENVCAUSE--ENVCAUSE114__SEX--M,dcid:SouthEasternAsia,2019,37509.36499
dcs:who/AIR_15.AGE--Y70T74__ENVCAUSE--ENVCAUSE039__SEX--F,dcid:SouthEasternAsia,2019,56856.34938
dcs:who/AIR_15.AGE--Y70T74__ENVCAUSE--ENVCAUSE114__SEX--M,dcid:SouthEasternAsia,2019,144918.7468
dcs:who/AIR_15.AGE--Y65T69__ENVCAUSE--ENVCAUSE113__SEX--M,dcid:SouthEasternAsia,2019,178660.7274
dcs:who/AIR_15.AGE--Y40T44__ENVCAUSE--ENVCAUSE118__SEX--M,dcid:SouthEasternAsia,2019,17635.74506
dcs:who/AIR_15.AGE--Y60T64__ENVCAUSE--ENVCAUSE114__SEX--M,dcid:SouthEasternAsia,2019,206932.7391
dcs:who/AIR_15.ENVCAUSE--ENVCAUSE114__SEX--M,dcid:SouthEasternAsia,2019,1310933.593
dcs:who/AIR_15.AGE--Y40T44__ENVCAUSE--ENVCAUSE113__SEX--M,dcid:SouthEasternAsia,2019,75405.52825
dcs:who/AIR_15.AGE--Y55T59__ENVCAUSE--ENVCAUSE068__SEX--F,dcid:SouthEasternAsia,2019,30570.23247
dcs:who/AIR_15.AGE--Y25T29__ENVCAUSE--ENVCAUSE068__SEX--F,dcid:SouthEasternAsia,2019,1809.18197
dcs:who/AIR_15.AGE--Y30T34__ENVCAUSE--ENVCAUSE114__SEX--M,dcid:SouthEasternAsia,2019,23157.96896
dcs:who/AIR_15.AGE--Y65T69__ENVCAUSE--ENVCAUSE039__SEX--F,dcid:SouthEasternAsia,2019,49360.59718
dcs:who/AIR_15.AGE--Y75T79__ENVCAUSE--ENVCAUSE113__SEX--M,dcid:SouthEasternAsia,2019,93165.5105
dcs:who/AIR_15.ENVCAUSE--ENVCAUSE068__SEX--F,dcid:SouthEasternAsia,2019,197527.7078
dcs:who/AIR_15.AGE--Y55T59__ENVCAUSE--ENVCAUSE113__SEX--M,dcid:SouthEasternAsia,2019,175025.6298
dcs:who/AIR_15.AGE--Y45T49__ENVCAUSE--ENVCAUSE113__SEX--M,dcid:SouthEasternAsia,2019,102561.2863
dcs:who/AIR_15.AGE--Y75T79__ENVCAUSE--ENVCAUSE114__SEX--M,dcid:SouthEasternAsia,2019,108549.7828
dcs:who/AIR_15.AGE--Y30T34__ENVCAUSE--ENVCAUSE068__SEX--F,dcid:SouthEasternAsia,2019,2660.01197
dcs:who/AIR_15.AGE--Y55T59__ENVCAUSE--ENVCAUSE118__SEX--M,dcid:SouthEasternAsia,2019,73187.63487
dcs:who/AIR_15.AGE--Y65T69__ENVCAUSE--ENVCAUSE068__SEX--F,dcid:SouthEasternAsia,2019,29597.18696
dcs:who/AIR_15.AGE--Y45T49__ENVCAUSE--ENVCAUSE068__SEX--F,dcid:SouthEasternAsia,2019,16596.05104
dcs:who/AIR_15.AGE--Y65T69__ENVCAUSE--ENVCAUSE114__SEX--M,dcid:SouthEasternAsia,2019,199275.9724
dcs:who/AIR_15.AGE--Y45T49__ENVCAUSE--ENVCAUSE114__SEX--M,dcid:SouthEasternAsia,2019,89839.00739
dcs:who/AIR_15.AGE--Y55T59__ENVCAUSE--ENVCAUSE114__SEX--M,dcid:SouthEasternAsia,2019,178040.7646
dcs:who/AIR_15.AGE--Y25T29__ENVCAUSE--ENVCAUSE113__SEX--M,dcid:SouthEasternAsia,2019,21731.5254
dcs:who/AIR_15.AGE--Y30T34__ENVCAUSE--ENVCAUSE118__SEX--M,dcid:SouthEasternAsia,2019,10381.98656
dcs:who/AIR_15.AGE--Y25T29__ENVCAUSE--ENVCAUSE114__SEX--M,dcid:SouthEasternAsia,2019,15525.48295
dcs:who/AIR_15.AGE--Y70T74__ENVCAUSE--ENVCAUSE113__SEX--M,dcid:SouthEasternAsia,2019,126469.6052
dcs:who/AIR_15.AGE--Y30T34__ENVCAUSE--ENVCAUSE113__SEX--M,dcid:SouthEasternAsia,2019,33921.07979
dcs:who/AIR_15.AGE--Y70T74__ENVCAUSE--ENVCAUSE068__SEX--F,dcid:SouthEasternAsia,2019,20055.70527
dcs:who/AIR_15.AGE--Y25T29__ENVCAUSE--ENVCAUSE118__SEX--M,dcid:SouthEasternAsia,2019,8375.84287
dcs:who/AIR_15.AGE--Y50T54__ENVCAUSE--ENVCAUSE118__SEX--M,dcid:SouthEasternAsia,2019,51410.29252
dcs:who/AIR_15.ENVCAUSE--ENVCAUSE039__SEX--F,dcid:SouthEasternAsia,2019,879076.127
dcs:who/AIR_15.AGE--Y70T74__ENVCAUSE--ENVCAUSE114__SEX--F,dcid:SouthEasternAsia,2019,157182.1906
dcs:who/AIR_15.AGE--Y45T49__ENVCAUSE--ENVCAUSE118__SEX--F,dcid:SouthEasternAsia,2019,20443.74576
dcs:who/AIR_15.ENVCAUSE--ENVCAUSE114__SEX--F,dcid:SouthEasternAsia,2019,1205329.823
dcs:who/AIR_15.AGE--Y30T34__ENVCAUSE--ENVCAUSE039__SEX--F,dcid:SouthEasternAsia,2019,13441.40277
dcs:who/AIR_15.AGE--Y50T54__ENVCAUSE--ENVCAUSE118__SEX--F,dcid:SouthEasternAsia,2019,30344.15888
dcs:who/AIR_15.AGE--Y25T29__ENVCAUSE--ENVCAUSE118__SEX--F,dcid:SouthEasternAsia,2019,8260.59165
dcs:who/AIR_15.AGE--Y35T39__ENVCAUSE--ENVCAUSE118__SEX--F,dcid:SouthEasternAsia,2019,11825.69412
dcs:who/AIR_15.AGE--Y20T24__ENVCAUSE--ENVCAUSE039__SEX--F,dcid:SouthEasternAsia,2019,10931.30783
dcs:who/AIR_15.AGE--Y65T69__ENVCAUSE--ENVCAUSE114__SEX--F,dcid:SouthEasternAsia,2019,163323.6152
dcs:who/AIR_15.AGE--Y70T74__ENVCAUSE--ENVCAUSE118__SEX--F,dcid:SouthEasternAsia,2019,60028.67638
dcs:who/AIR_15.AGE--Y75T79__ENVCAUSE--ENVCAUSE114__SEX--F,dcid:SouthEasternAsia,2019,144240.7935
dcs:who/AIR_15.AGE--Y60T64__ENVCAUSE--ENVCAUSE114__SEX--F,dcid:SouthEasternAsia,2019,144777.3463
dcs:who/AIR_15.AGE--Y35T39__ENVCAUSE--ENVCAUSE039__SEX--F,dcid:SouthEasternAsia,2019,14707.00526
dcs:who/AIR_15.AGE--Y50T54__ENVCAUSE--ENVCAUSE039__SEX--F,dcid:SouthEasternAsia,2019,23485.50009
dcs:who/AIR_15.AGE--Y60T64__ENVCAUSE--ENVCAUSE118__SEX--F,dcid:SouthEasternAsia,2019,53890.25806
dcs:who/AIR_15.AGE--Y65T69__ENVCAUSE--ENVCAUSE118__SEX--F,dcid:SouthEasternAsia,2019,60124.55756
dcs:who/AIR_15.AGE--Y30T34__ENVCAUSE--ENVCAUSE118__SEX--F,dcid:SouthEasternAsia,2019,9351.18664
dcs:who/AIR_15.AGE--Y_GE80__ENVCAUSE--ENVCAUSE118__SEX--F,dcid:SouthEasternAsia,2019,103298.6085
dcs:who/AIR_15.AGE--Y25T29__ENVCAUSE--ENVCAUSE039__SEX--F,dcid:SouthEasternAsia,2019,12738.36037
dcs:who/AIR_15.AGE--Y5T9__ENVCAUSE--ENVCAUSE039__SEX--F,dcid:SouthEasternAsia,2019,12580.98344
dcs:who/AIR_15.AGE--Y10T14__ENVCAUSE--ENVCAUSE039__SEX--F,dcid:SouthEasternAsia,2019,9307.26703
dcs:who/AIR_15.AGE--Y45T49__ENVCAUSE--ENVCAUSE039__SEX--F,dcid:SouthEasternAsia,2019,18238.85058
dcs:who/AIR_15.AGE--Y55T59__ENVCAUSE--ENVCAUSE039__SEX--F,dcid:SouthEasternAsia,2019,28854.68185
dcs:who/AIR_15.AGE--Y15T19__ENVCAUSE--ENVCAUSE039__SEX--F,dcid:SouthEasternAsia,2019,11830.41218
dcs:who/AIR_15.AGE--Y_GE80__ENVCAUSE--ENVCAUSE114__SEX--F,dcid:SouthEasternAsia,2019,208934.9835
dcs:who/AIR_15.AGE--Y55T59__ENVCAUSE--ENVCAUSE118__SEX--F,dcid:SouthEasternAsia,2019,39177.59858
dcs:who/AIR_15.ENVCAUSE--ENVCAUSE118__SEX--F,dcid:SouthEasternAsia,2019,467305.6287
dcs:who/AIR_15.AGE--Y40T44__ENVCAUSE--ENVCAUSE118__SEX--F,dcid:SouthEasternAsia,2019,13900.26572
dcs:who/AIR_15.AGE--Y75T79__ENVCAUSE--ENVCAUSE118__SEX--F,dcid:SouthEasternAsia,2019,56660.28981
dcs:who/AIR_15.AGE--Y0T4__ENVCAUSE--ENVCAUSE039__SEX--F,dcid:SouthEasternAsia,2019,334286.5023
dcs:who/AIR_15.AGE--Y40T44__ENVCAUSE--ENVCAUSE039__SEX--F,dcid:SouthEasternAsia,2019,13603.72913
dcs:who/AIR_15.AGE--Y45T49__ENVCAUSE--ENVCAUSE068,dcid:SouthEasternAsia,2019,50464.60617
dcs:who/AIR_15.AGE--Y25T29__ENVCAUSE--ENVCAUSE068,dcid:SouthEasternAsia,2019,4098.83823
dcs:who/AIR_15.AGE--Y_GE80__ENVCAUSE--ENVCAUSE113__SEX--F,dcid:SouthEasternAsia,2019,193438.4147
dcs:who/AIR_15.AGE--Y35T39__ENVCAUSE--ENVCAUSE104__SEX--F,dcid:SouthEasternAsia,2019,2335.19186
dcs:who/AIR_15.AGE--Y50T54__ENVCAUSE--ENVCAUSE104__SEX--F,dcid:SouthEasternAsia,2019,6556.80986
dcs:who/AIR_15.AGE--Y75T79__ENVCAUSE--ENVCAUSE104__SEX--F,dcid:SouthEasternAsia,2019,13188.31589
dcs:who/AIR_15.AGE--Y40T44__ENVCAUSE--ENVCAUSE068,dcid:SouthEasternAsia,2019,26805.6473
dcs:who/AIR_15.AGE--Y45T49__ENVCAUSE--ENVCAUSE104__SEX--F,dcid:SouthEasternAsia,2019,5209.04419
dcs:who/AIR_15.AGE--Y50T54__ENVCAUSE--ENVCAUSE068,dcid:SouthEasternAsia,2019,73078.95239
dcs:who/AIR_15.AGE--Y65T69__ENVCAUSE--ENVCAUSE113__SEX--F,dcid:SouthEasternAsia,2019,114189.5609
dcs:who/AIR_15.AGE--Y65T69__ENVCAUSE--ENVCAUSE104__SEX--F,dcid:SouthEasternAsia,2019,12877.43722
dcs:who/AIR_15.AGE--Y30T34__ENVCAUSE--ENVCAUSE068,dcid:SouthEasternAsia,2019,6076.75286
dcs:who/AIR_15.AGE--Y50T54__ENVCAUSE--ENVCAUSE113__SEX--F,dcid:SouthEasternAsia,2019,68918.38863
dcs:who/AIR_15.SEX--F,dcid:SouthEasternAsia,2019,3739808.117
dcs:who/AIR_15.AGE--Y30T34__ENVCAUSE--ENVCAUSE104__SEX--F,dcid:SouthEasternAsia,2019,1524.0866
dcs:who/AIR_15.AGE--Y_GE80__ENVCAUSE--ENVCAUSE068,dcid:SouthEasternAsia,2019,25439.06565
dcs:who/AIR_15.AGE--Y40T44__ENVCAUSE--ENVCAUSE104__SEX--F,dcid:SouthEasternAsia,2019,3450.68497
dcs:who/AIR_15.AGE--Y75T79__ENVCAUSE--ENVCAUSE068,dcid:SouthEasternAsia,2019,32099.24534
dcs:who/AIR_15.AGE--Y70T74__ENVCAUSE--ENVCAUSE068,dcid:SouthEasternAsia,2019,53786.2937
dcs:who/AIR_15.AGE--Y30T34__ENVCAUSE--ENVCAUSE113__SEX--F,dcid:SouthEasternAsia,2019,14391.56145
dcs:who/AIR_15.ENVCAUSE--ENVCAUSE113__SEX--F,dcid:SouthEasternAsia,2019,890574.8794
dcs:who/AIR_15.AGE--Y45T49__ENVCAUSE--ENVCAUSE113__SEX--F,dcid:SouthEasternAsia,2019,49871.29448
dcs:who/AIR_15.ENVCAUSE--ENVCAUSE104__SEX--F,dcid:SouthEasternAsia,2019,99993.98021
dcs:who/AIR_15.AGE--Y55T59__ENVCAUSE--ENVCAUSE068,dcid:SouthEasternAsia,2019,91971.21277
dcs:who/AIR_15.AGE--Y40T44__ENVCAUSE--ENVCAUSE113__SEX--F,dcid:SouthEasternAsia,2019,31366.25434
dcs:who/AIR_15.AGE--Y30T34__ENVCAUSE--ENVCAUSE114__SEX--F,dcid:SouthEasternAsia,2019,15741.54456
dcs:who/AIR_15.AGE--Y25T29__ENVCAUSE--ENVCAUSE104__SEX--F,dcid:SouthEasternAsia,2019,804.43585
dcs:who/AIR_15.AGE--Y55T59__ENVCAUSE--ENVCAUSE113__SEX--F,dcid:SouthEasternAsia,2019,83985.22095
dcs:who/AIR_15.AGE--Y60T64__ENVCAUSE--ENVCAUSE113__SEX--F,dcid:SouthEasternAsia,2019,101565.4484
dcs:who/AIR_15.AGE--Y35T39__ENVCAUSE--ENVCAUSE113__SEX--F,dcid:SouthEasternAsia,2019,21667.78962
dcs:who/AIR_15.AGE--Y55T59__ENVCAUSE--ENVCAUSE114__SEX--F,dcid:SouthEasternAsia,2019,122239.3003
dcs:who/AIR_15.AGE--Y35T39__ENVCAUSE--ENVCAUSE068,dcid:SouthEasternAsia,2019,12879.44976
dcs:who/AIR_15.AGE--Y75T79__ENVCAUSE--ENVCAUSE113__SEX--F,dcid:SouthEasternAsia,2019,95991.92545
dcs:who/AIR_15.AGE--Y_GE80__ENVCAUSE--ENVCAUSE104__SEX--F,dcid:SouthEasternAsia,2019,22182.15513
dcs:who/AIR_15.AGE--Y70T74__ENVCAUSE--ENVCAUSE104__SEX--F,dcid:SouthEasternAsia,2019,13636.63425
dcs:who/AIR_15.AGE--Y70T74__ENVCAUSE--ENVCAUSE113__SEX--F,dcid:SouthEasternAsia,2019,105031.8514
dcs:who/AIR_15.AGE--Y25T29__ENVCAUSE--ENVCAUSE114__SEX--F,dcid:SouthEasternAsia,2019,11589.44996
dcs:who/AIR_15.AGE--Y55T59__ENVCAUSE--ENVCAUSE104__SEX--F,dcid:SouthEasternAsia,2019,8034.43134
dcs:who/AIR_15.AGE--Y40T44__ENVCAUSE--ENVCAUSE114__SEX--F,dcid:SouthEasternAsia,2019,38921.77628
dcs:who/AIR_15.ENVCAUSE--ENVCAUSE068,dcid:SouthEasternAsia,2019,562009.1593
dcs:who/AIR_15.AGE--Y45T49__ENVCAUSE--ENVCAUSE114__SEX--F,dcid:SouthEasternAsia,2019,68833.01337
dcs:who/AIR_15.AGE--Y65T69__ENVCAUSE--ENVCAUSE068,dcid:SouthEasternAsia,2019,86061.84351
dcs:who/AIR_15.AGE--Y60T64__ENVCAUSE--ENVCAUSE104__SEX--F,dcid:SouthEasternAsia,2019,10194.75381
dcs:who/AIR_15.AGE--Y25T29__ENVCAUSE--ENVCAUSE113__SEX--F,dcid:SouthEasternAsia,2019,10157.15612
dcs:who/AIR_15.AGE--Y60T64__ENVCAUSE--ENVCAUSE068,dcid:SouthEasternAsia,2019,99247.23604
dcs:who/AIR_15.AGE--Y35T39__ENVCAUSE--ENVCAUSE114__SEX--F,dcid:SouthEasternAsia,2019,27453.9572
dcs:who/AIR_15.AGE--Y50T54__ENVCAUSE--ENVCAUSE114__SEX--F,dcid:SouthEasternAsia,2019,102091.8524
dcs:who/AIR_15.AGE--Y55T59__ENVCAUSE--ENVCAUSE039,dcid:SouthEasternAsia,2019,79668.73705
dcs:who/AIR_15.ENVCAUSE--ENVCAUSE039,dcid:SouthEasternAsia,2019,2016604.979
dcs:who/AIR_15.AGE--Y45T49__ENVCAUSE--ENVCAUSE039,dcid:SouthEasternAsia,2019,48271.3075
dcs:who/AIR_15.AGE--Y15T19__ENVCAUSE--ENVCAUSE039,dcid:SouthEasternAsia,2019,26119.47691
dcs:who/AIR_15.AGE--Y35T39__ENVCAUSE--ENVCAUSE039,dcid:SouthEasternAsia,2019,37010.51099
dcs:who/AIR_15.AGE--Y50T54__ENVCAUSE--ENVCAUSE039,dcid:SouthEasternAsia,2019,64941.49588
dcs:who/AIR_15.AGE--Y60T64__ENVCAUSE--ENVCAUSE118,dcid:SouthEasternAsia,2019,161169.4046
dcs:who/AIR_15.AGE--Y30T34__ENVCAUSE--ENVCAUSE039,dcid:SouthEasternAsia,2019,37474.37623
dcs:who/AIR_15.AGE--Y70T74__ENVCAUSE--ENVCAUSE039,dcid:SouthEasternAsia,2019,131286.9801
dcs:who/AIR_15.AGE--Y65T69__ENVCAUSE--ENVCAUSE118,dcid:SouthEasternAsia,2019,184109.7401
dcs:who/AIR_15.AGE--Y55T59__ENVCAUSE--ENVCAUSE118,dcid:SouthEasternAsia,2019,112365.2336
dcs:who/AIR_15.AGE--Y50T54__ENVCAUSE--ENVCAUSE118,dcid:SouthEasternAsia,2019,81754.45213
dcs:who/AIR_15.AGE--Y60T64__ENVCAUSE--ENVCAUSE039,dcid:SouthEasternAsia,2019,112210.119
dcs:who/AIR_15.AGE--Y35T39__ENVCAUSE--ENVCAUSE118,dcid:SouthEasternAsia,2019,24770.12406
dcs:who/AIR_15.AGE--Y5T9__ENVCAUSE--ENVCAUSE039,dcid:SouthEasternAsia,2019,23628.48079
dcs:who/AIR_15.AGE--Y40T44__ENVCAUSE--ENVCAUSE118,dcid:SouthEasternAsia,2019,31536.01067
dcs:who/AIR_15.ENVCAUSE--ENVCAUSE118,dcid:SouthEasternAsia,2019,1205505.102
dcs:who/AIR_15.AGE--Y65T69__ENVCAUSE--ENVCAUSE039,dcid:SouthEasternAsia,2019,132963.4927
dcs:who/AIR_15.AGE--Y0T4__ENVCAUSE--ENVCAUSE039,dcid:SouthEasternAsia,2019,805200.5631
dcs:who/AIR_15.AGE--Y75T79__ENVCAUSE--ENVCAUSE118,dcid:SouthEasternAsia,2019,142462.783
dcs:who/AIR_15.AGE--Y_GE80__ENVCAUSE--ENVCAUSE118,dcid:SouthEasternAsia,2019,210512.7666
dcs:who/AIR_15.AGE--Y40T44__ENVCAUSE--ENVCAUSE039,dcid:SouthEasternAsia,2019,38061.00668
dcs:who/AIR_15.AGE--Y10T14__ENVCAUSE--ENVCAUSE039,dcid:SouthEasternAsia,2019,19913.47327
dcs:who/AIR_15.AGE--Y_GE80__ENVCAUSE--ENVCAUSE039,dcid:SouthEasternAsia,2019,272531.9288
dcs:who/AIR_15.AGE--Y25T29__ENVCAUSE--ENVCAUSE039,dcid:SouthEasternAsia,2019,35788.78671
dcs:who/AIR_15.AGE--Y20T24__ENVCAUSE--ENVCAUSE039,dcid:SouthEasternAsia,2019,30522.64218
dcs:who/AIR_15.AGE--Y70T74__ENVCAUSE--ENVCAUSE118,dcid:SouthEasternAsia,2019,168719.4858
dcs:who/AIR_15.AGE--Y45T49__ENVCAUSE--ENVCAUSE118,dcid:SouthEasternAsia,2019,51735.49594
dcs:who/AIR_15.AGE--Y75T79__ENVCAUSE--ENVCAUSE039,dcid:SouthEasternAsia,2019,121011.631
dcs:who/AIR_15.AGE--Y30T34__ENVCAUSE--ENVCAUSE118,dcid:SouthEasternAsia,2019,19733.17319
dcs:who/AIR_15.AGE--Y75T79__ENVCAUSE--ENVCAUSE114,dcid:SouthEasternAsia,2019,252790.58
dcs:who/AIR_15.AGE--Y25T29__ENVCAUSE--ENVCAUSE118,dcid:SouthEasternAsia,2019,16636.43408
dcs:who/AIR_15.AGE--Y50T54__ENVCAUSE--ENVCAUSE114,dcid:SouthEasternAsia,2019,239121.6271
dcs:who/AIR_15.AGE--Y40T44__ENVCAUSE--ENVCAUSE113,dcid:SouthEasternAsia,2019,106771.7798
dcs:who/AIR_15.AGE--Y40T44__ENVCAUSE--ENVCAUSE104,dcid:SouthEasternAsia,2019,3450.68497
dcs:who/AIR_15.AGE--Y25T29__ENVCAUSE--ENVCAUSE104,dcid:SouthEasternAsia,2019,804.43585
dcs:who/AIR_15.AGE--Y70T74__ENVCAUSE--ENVCAUSE104,dcid:SouthEasternAsia,2019,13636.63425
dcs:who/AIR_15.AGE--Y35T39__ENVCAUSE--ENVCAUSE113,dcid:SouthEasternAsia,2019,70610.55461
dcs:who/AIR_15.AGE--Y60T64__ENVCAUSE--ENVCAUSE113,dcid:SouthEasternAsia,2019,291046.0837
dcs:who/AIR_15.AGE--Y75T79__ENVCAUSE--ENVCAUSE104,dcid:SouthEasternAsia,2019,13188.31589
dcs:who/AIR_15.ENVCAUSE--ENVCAUSE113,dcid:SouthEasternAsia,2019,2197434.957
dcs:who/AIR_15.AGE--Y65T69__ENVCAUSE--ENVCAUSE104,dcid:SouthEasternAsia,2019,12877.43722
dcs:who/AIR_15.AGE--Y75T79__ENVCAUSE--ENVCAUSE113,dcid:SouthEasternAsia,2019,189157.4396
dcs:who/AIR_15.AGE--Y45T49__ENVCAUSE--ENVCAUSE114,dcid:SouthEasternAsia,2019,158672.0197
dcs:who/AIR_15.AGE--Y40T44__ENVCAUSE--ENVCAUSE114,dcid:SouthEasternAsia,2019,99646.58603
dcs:who/AIR_15.AGE--Y_GE80__ENVCAUSE--ENVCAUSE104,dcid:SouthEasternAsia,2019,22182.15513
dcs:who/AIR_15.AGE--Y35T39__ENVCAUSE--ENVCAUSE104,dcid:SouthEasternAsia,2019,2335.19186
dcs:who/AIR_15.AGE--Y30T34__ENVCAUSE--ENVCAUSE104,dcid:SouthEasternAsia,2019,1524.0866
dcs:who/AIR_15.AGE--Y70T74__ENVCAUSE--ENVCAUSE114,dcid:SouthEasternAsia,2019,302100.9341
dcs:who/AIR_15.AGE--Y60T64__ENVCAUSE--ENVCAUSE104,dcid:SouthEasternAsia,2019,10194.75381
dcs:who/AIR_15.AGE--Y55T59__ENVCAUSE--ENVCAUSE113,dcid:SouthEasternAsia,2019,259010.8532
dcs:who/AIR_15.AGE--Y35T39__ENVCAUSE--ENVCAUSE114,dcid:SouthEasternAsia,2019,64963.32248
dcs:who/AIR_15.AGE--Y_GE80__ENVCAUSE--ENVCAUSE113,dcid:SouthEasternAsia,2019,308455.599
dcs:who/AIR_15.AGE--Y65T69__ENVCAUSE--ENVCAUSE114,dcid:SouthEasternAsia,2019,362599.5884
dcs:who/AIR_15.AGE--Y25T29__ENVCAUSE--ENVCAUSE113,dcid:SouthEasternAsia,2019,31888.68121
dcs:who/AIR_15.AGE--Y55T59__ENVCAUSE--ENVCAUSE114,dcid:SouthEasternAsia,2019,300280.0674
dcs:who/AIR_15.AGE--Y50T54__ENVCAUSE--ENVCAUSE104,dcid:SouthEasternAsia,2019,6556.80986
dcs:who/AIR_15.AGE--Y55T59__ENVCAUSE--ENVCAUSE104,dcid:SouthEasternAsia,2019,8034.43134
dcs:who/AIR_15,dcid:SouthEasternAsia,2019,8597811.668
dcs:who/AIR_15.AGE--Y60T64__ENVCAUSE--ENVCAUSE114,dcid:SouthEasternAsia,2019,351710.0748
dcs:who/AIR_15.AGE--Y45T49__ENVCAUSE--ENVCAUSE104,dcid:SouthEasternAsia,2019,5209.04419
dcs:who/AIR_15.AGE--Y70T74__ENVCAUSE--ENVCAUSE113,dcid:SouthEasternAsia,2019,231501.4594
dcs:who/AIR_15.AGE--Y25T29__ENVCAUSE--ENVCAUSE114,dcid:SouthEasternAsia,2019,27114.93257
dcs:who/AIR_15.AGE--Y30T34__ENVCAUSE--ENVCAUSE113,dcid:SouthEasternAsia,2019,48312.64099
dcs:who/AIR_15.AGE--Y45T49__ENVCAUSE--ENVCAUSE113,dcid:SouthEasternAsia,2019,152432.5772
dcs:who/AIR_15.AGE--Y50T54__ENVCAUSE--ENVCAUSE113,dcid:SouthEasternAsia,2019,215397.0016
dcs:who/AIR_15.AGE--Y65T69__ENVCAUSE--ENVCAUSE113,dcid:SouthEasternAsia,2019,292850.2841
dcs:who/AIR_15.ENVCAUSE--ENVCAUSE114,dcid:SouthEasternAsia,2019,2516263.47
dcs:who/AIR_15.AGE--Y_GE80__ENVCAUSE--ENVCAUSE114,dcid:SouthEasternAsia,2019,318364.1603
dcs:who/AIR_15.AGE--Y30T34__ENVCAUSE--ENVCAUSE114,dcid:SouthEasternAsia,2019,38899.51379
dcs:who/AIR_15.ENVCAUSE--ENVCAUSE104,dcid:SouthEasternAsia,2019,99993.98021
dcs:who/AIR_15.AGE--Y75T79__ENVCAUSE--ENVCAUSE068__SEX--M,dcid:SouthernAsia,2019,44207.71421
dcs:who/AIR_15.ENVCAUSE--ENVCAUSE068__SEX--M,dcid:SouthernAsia,2019,669883.481
dcs:who/AIR_15.AGE--Y_GE80__ENVCAUSE--ENVCAUSE068__SEX--M,dcid:SouthernAsia,2019,26327.84935
dcs:who/AIR_15.AGE--Y30T34__ENVCAUSE--ENVCAUSE068__SEX--M,dcid:SouthernAsia,2019,8696.79352
dcs:who/AIR_15.AGE--Y65T69__ENVCAUSE--ENVCAUSE068__SEX--M,dcid:SouthernAsia,2019,100911.8148
dcs:who/AIR_15.AGE--Y40T44__ENVCAUSE--ENVCAUSE068__SEX--M,dcid:SouthernAsia,2019,26975.30315
dcs:who/AIR_15.AGE--Y45T49__ENVCAUSE--ENVCAUSE068__SEX--M,dcid:SouthernAsia,2019,56010.0439
dcs:who/AIR_15.AGE--Y70T74__ENVCAUSE--ENVCAUSE068__SEX--M,dcid:SouthernAsia,2019,72797.35699
dcs:who/AIR_15.AGE--Y35T39__ENVCAUSE--ENVCAUSE068__SEX--M,dcid:SouthernAsia,2019,14369.65723
dcs:who/AIR_15.AGE--Y55T59__ENVCAUSE--ENVCAUSE068__SEX--M,dcid:SouthernAsia,2019,114131.2774
dcs:who/AIR_15.AGE--Y60T64__ENVCAUSE--ENVCAUSE068__SEX--M,dcid:SouthernAsia,2019,115391.5416
dcs:who/AIR_15.AGE--Y50T54__ENVCAUSE--ENVCAUSE068__SEX--M,dcid:SouthernAsia,2019,84898.29848
dcs:who/AIR_15.AGE--Y40T44__ENVCAUSE--ENVCAUSE039__SEX--M,dcid:SouthernAsia,2019,52336.08608
dcs:who/AIR_15.ENVCAUSE--ENVCAUSE039__SEX--M,dcid:SouthernAsia,2019,3832401.726
dcs:who/AIR_15.AGE--Y75T79__ENVCAUSE--ENVCAUSE118__SEX--M,dcid:SouthernAsia,2019,537676.0593
dcs:who/AIR_15.AGE--Y_GE80__ENVCAUSE--ENVCAUSE039__SEX--M,dcid:SouthernAsia,2019,171534.2558
dcs:who/AIR_15.AGE--Y30T34__ENVCAUSE--ENVCAUSE039__SEX--M,dcid:SouthernAsia,2019,40663.67521
dcs:who/AIR_15.AGE--Y10T14__ENVCAUSE--ENVCAUSE039__SEX--M,dcid:SouthernAsia,2019,63195.73551
dcs:who/AIR_15.AGE--Y75T79__ENVCAUSE--ENVCAUSE114__SEX--M,dcid:SouthernAsia,2019,223378.4623
dcs:who/AIR_15.AGE--Y40T44__ENVCAUSE--ENVCAUSE118__SEX--M,dcid:SouthernAsia,2019,84605.68598
dcs:who/AIR_15.AGE--Y30T34__ENVCAUSE--ENVCAUSE118__SEX--M,dcid:SouthernAsia,2019,43297.53872
dcs:who/AIR_15.AGE--Y25T29__ENVCAUSE--ENVCAUSE068__SEX--M,dcid:SouthernAsia,2019,5165.81204
dcs:who/AIR_15.AGE--Y40T44__ENVCAUSE--ENVCAUSE114__SEX--M,dcid:SouthernAsia,2019,114698.6216
dcs:who/AIR_15.AGE--Y30T34__ENVCAUSE--ENVCAUSE114__SEX--M,dcid:SouthernAsia,2019,58762.63958
dcs:who/AIR_15.AGE--Y25T29__ENVCAUSE--ENVCAUSE118__SEX--M,dcid:SouthernAsia,2019,33688.02682
dcs:who/AIR_15.AGE--Y50T54__ENVCAUSE--ENVCAUSE039__SEX--M,dcid:SouthernAsia,2019,85053.36215
dcs:who/AIR_15.AGE--Y55T59__ENVCAUSE--ENVCAUSE114__SEX--M,dcid:SouthernAsia,2019,327174.0828
dcs:who/AIR_15.AGE--Y75T79__ENVCAUSE--ENVCAUSE039__SEX--M,dcid:SouthernAsia,2019,139079.0733
dcs:who/AIR_15.AGE--Y50T54__ENVCAUSE--ENVCAUSE118__SEX--M,dcid:SouthernAsia,2019,277675.7269
dcs:who/AIR_15.AGE--Y60T64__ENVCAUSE--ENVCAUSE114__SEX--M,dcid:SouthernAsia,2019,374332.5578
dcs:who/AIR_15.AGE--Y65T69__ENVCAUSE--ENVCAUSE118__SEX--M,dcid:SouthernAsia,2019,696772.2386
dcs:who/AIR_15.AGE--Y65T69__ENVCAUSE--ENVCAUSE114__SEX--M,dcid:SouthernAsia,2019,377129.0063
dcs:who/AIR_15.AGE--Y55T59__ENVCAUSE--ENVCAUSE039__SEX--M,dcid:SouthernAsia,2019,115297.0897
dcs:who/AIR_15.AGE--Y5T9__ENVCAUSE--ENVCAUSE039__SEX--M,dcid:SouthernAsia,2019,85450.37106
dcs:who/AIR_15.AGE--Y_GE80__ENVCAUSE--ENVCAUSE118__SEX--M,dcid:SouthernAsia,2019,591476.2303
dcs:who/AIR_15.AGE--Y25T29__ENVCAUSE--ENVCAUSE039__SEX--M,dcid:SouthernAsia,2019,39219.66468
dcs:who/AIR_15.AGE--Y_GE80__ENVCAUSE--ENVCAUSE113__SEX--M,dcid:SouthernAsia,2019,461984.6142
dcs:who/AIR_15.AGE--Y35T39__ENVCAUSE--ENVCAUSE118__SEX--M,dcid:SouthernAsia,2019,58964.81692
dcs:who/AIR_15.ENVCAUSE--ENVCAUSE113__SEX--M,dcid:SouthernAsia,2019,6573492.117
dcs:who/AIR_15.AGE--Y70T74__ENVCAUSE--ENVCAUSE114__SEX--M,dcid:SouthernAsia,2019,297039.1192
dcs:who/AIR_15.AGE--Y65T69__ENVCAUSE--ENVCAUSE039__SEX--M,dcid:SouthernAsia,2019,170791.962
dcs:who/AIR_15.AGE--Y35T39__ENVCAUSE--ENVCAUSE114__SEX--M,dcid:SouthernAsia,2019,88233.12734
dcs:who/AIR_15.AGE--Y50T54__ENVCAUSE--ENVCAUSE114__SEX--M,dcid:SouthernAsia,2019,248164.37
dcs:who/AIR_15.ENVCAUSE--ENVCAUSE114__SEX--M,dcid:SouthernAsia,2019,2517314.127
dcs:who/AIR_15.AGE--Y60T64__ENVCAUSE--ENVCAUSE039__SEX--M,dcid:SouthernAsia,2019,155422.8705
dcs:who/AIR_15.AGE--Y70T74__ENVCAUSE--ENVCAUSE039__SEX--M,dcid:SouthernAsia,2019,161477.1307
dcs:who/AIR_15.AGE--Y45T49__ENVCAUSE--ENVCAUSE114__SEX--M,dcid:SouthernAsia,2019,163378.5422
dcs:who/AIR_15.AGE--Y35T39__ENVCAUSE--ENVCAUSE039__SEX--M,dcid:SouthernAsia,2019,50363.98333
dcs:who/AIR_15.AGE--Y_GE80__ENVCAUSE--ENVCAUSE114__SEX--M,dcid:SouthernAsia,2019,207006.4271
dcs:who/AIR_15.AGE--Y60T64__ENVCAUSE--ENVCAUSE118__SEX--M,dcid:SouthernAsia,2019,587959.0593
dcs:who/AIR_15.AGE--Y20T24__ENVCAUSE--ENVCAUSE039__SEX--M,dcid:SouthernAsia,2019,35666.75958
dcs:who/AIR_15.AGE--Y0T4__ENVCAUSE--ENVCAUSE039__SEX--M,dcid:SouthernAsia,2019,2362408.073
dcs:who/AIR_15.AGE--Y45T49__ENVCAUSE--ENVCAUSE039__SEX--M,dcid:SouthernAsia,2019,67075.13618
dcs:who/AIR_15.AGE--Y70T74__ENVCAUSE--ENVCAUSE118__SEX--M,dcid:SouthernAsia,2019,651992.6831
dcs:who/AIR_15.AGE--Y45T49__ENVCAUSE--ENVCAUSE118__SEX--M,dcid:SouthernAsia,2019,156149.8304
dcs:who/AIR_15.ENVCAUSE--ENVCAUSE118__SEX--M,dcid:SouthernAsia,2019,4142050.469
dcs:who/AIR_15.AGE--Y55T59__ENVCAUSE--ENVCAUSE118__SEX--M,dcid:SouthernAsia,2019,421792.6596
dcs:who/AIR_15.AGE--Y25T29__ENVCAUSE--ENVCAUSE114__SEX--M,dcid:SouthernAsia,2019,38017.08479
dcs:who/AIR_15.AGE--Y15T19__ENVCAUSE--ENVCAUSE039__SEX--M,dcid:SouthernAsia,2019,37366.57003
dcs:who/AIR_15.AGE--Y_GE80__ENVCAUSE--ENVCAUSE068__SEX--F,dcid:SouthernAsia,2019,16421.13634
dcs:who/AIR_15.AGE--Y30T34__ENVCAUSE--ENVCAUSE113__SEX--M,dcid:SouthernAsia,2019,199165.7413
dcs:who/AIR_15.ENVCAUSE--ENVCAUSE039__SEX--F,dcid:SouthernAsia,2019,3484383.859
dcs:who/AIR_15.AGE--Y55T59__ENVCAUSE--ENVCAUSE113__SEX--M,dcid:SouthernAsia,2019,956020.1324
dcs:who/AIR_15.AGE--Y75T79__ENVCAUSE--ENVCAUSE068__SEX--F,dcid:SouthernAsia,2019,21484.14505
dcs:who/AIR_15.SEX--M,dcid:SouthernAsia,2019,17735141.95
dcs:who/AIR_15.AGE--Y50T54__ENVCAUSE--ENVCAUSE068__SEX--F,dcid:SouthernAsia,2019,45102.30984
dcs:who/AIR_15.AGE--Y75T79__ENVCAUSE--ENVCAUSE039__SEX--F,dcid:SouthernAsia,2019,144504.4452
dcs:who/AIR_15.AGE--Y35T39__ENVCAUSE--ENVCAUSE113__SEX--M,dcid:SouthernAsia,2019,312015.2339
dcs:who/AIR_15.AGE--Y40T44__ENVCAUSE--ENVCAUSE068__SEX--F,dcid:SouthernAsia,2019,22006.27426
dcs:who/AIR_15.AGE--Y60T64__ENVCAUSE--ENVCAUSE113__SEX--M,dcid:SouthernAsia,2019,894941.6803
dcs:who/AIR_15.AGE--Y65T69__ENVCAUSE--ENVCAUSE068__SEX--F,dcid:SouthernAsia,2019,39911.33252
dcs:who/AIR_15.ENVCAUSE--ENVCAUSE068__SEX--F,dcid:SouthernAsia,2019,325276.5637
dcs:who/AIR_15.AGE--Y70T74__ENVCAUSE--ENVCAUSE113__SEX--M,dcid:SouthernAsia,2019,598033.9197
dcs:who/AIR_15.AGE--Y35T39__ENVCAUSE--ENVCAUSE068__SEX--F,dcid:SouthernAsia,2019,12819.78978
dcs:who/AIR_15.AGE--Y60T64__ENVCAUSE--ENVCAUSE068__SEX--F,dcid:SouthernAsia,2019,47273.40025
dcs:who/AIR_15.AGE--Y25T29__ENVCAUSE--ENVCAUSE068__SEX--F,dcid:SouthernAsia,2019,4068.85577
dcs:who/AIR_15.AGE--Y40T44__ENVCAUSE--ENVCAUSE113__SEX--M,dcid:SouthernAsia,2019,421127.6783
dcs:who/AIR_15.AGE--Y_GE80__ENVCAUSE--ENVCAUSE039__SEX--F,dcid:SouthernAsia,2019,188302.6224
dcs:who/AIR_15.AGE--Y45T49__ENVCAUSE--ENVCAUSE113__SEX--M,dcid:SouthernAsia,2019,615348.9161
dcs:who/AIR_15.AGE--Y50T54__ENVCAUSE--ENVCAUSE113__SEX--M,dcid:SouthernAsia,2019,785837.4678
dcs:who/AIR_15.AGE--Y65T69__ENVCAUSE--ENVCAUSE113__SEX--M,dcid:SouthernAsia,2019,787123.2477
dcs:who/AIR_15.AGE--Y75T79__ENVCAUSE--ENVCAUSE113__SEX--M,dcid:SouthernAsia,2019,437004.6352
dcs:who/AIR_15.AGE--Y25T29__ENVCAUSE--ENVCAUSE113__SEX--M,dcid:SouthernAsia,2019,104888.8059
dcs:who/AIR_15.AGE--Y45T49__ENVCAUSE--ENVCAUSE068__SEX--F,dcid:SouthernAsia,2019,29893.93013
dcs:who/AIR_15.AGE--Y55T59__ENVCAUSE--ENVCAUSE068__SEX--F,dcid:SouthernAsia,2019,46114.70093
dcs:who/AIR_15.AGE--Y70T74__ENVCAUSE--ENVCAUSE068__SEX--F,dcid:SouthernAsia,2019,32756.30588
dcs:who/AIR_15.AGE--Y30T34__ENVCAUSE--ENVCAUSE068__SEX--F,dcid:SouthernAsia,2019,7424.38665
dcs:who/AIR_15.AGE--Y_GE80__ENVCAUSE--ENVCAUSE118__SEX--F,dcid:SouthernAsia,2019,647885.038
dcs:who/AIR_15.AGE--Y35T39__ENVCAUSE--ENVCAUSE114__SEX--F,dcid:SouthernAsia,2019,68503.01993
dcs:who/AIR_15.AGE--Y_GE80__ENVCAUSE--ENVCAUSE114__SEX--F,dcid:SouthernAsia,2019,265810.8205
dcs:who/AIR_15.AGE--Y30T34__ENVCAUSE--ENVCAUSE118__SEX--F,dcid:SouthernAsia,2019,43370.18626
dcs:who/AIR_15.AGE--Y70T74__ENVCAUSE--ENVCAUSE114__SEX--F,dcid:SouthernAsia,2019,319001.776
dcs:who/AIR_15.AGE--Y50T54__ENVCAUSE--ENVCAUSE039__SEX--F,dcid:SouthernAsia,2019,88975.39425
dcs:who/AIR_15.AGE--Y50T54__ENVCAUSE--ENVCAUSE118__SEX--F,dcid:SouthernAsia,2019,225789.1021
dcs:who/AIR_15.AGE--Y0T4__ENVCAUSE--ENVCAUSE039__SEX--F,dcid:SouthernAsia,2019,1958693.92
dcs:who/AIR_15.AGE--Y25T29__ENVCAUSE--ENVCAUSE039__SEX--F,dcid:SouthernAsia,2019,37750.38587
dcs:who/AIR_15.AGE--Y70T74__ENVCAUSE--ENVCAUSE118__SEX--F,dcid:SouthernAsia,2019,568727.5215
dcs:who/AIR_15.AGE--Y10T14__ENVCAUSE--ENVCAUSE039__SEX--F,dcid:SouthernAsia,2019,70958.26131
dcs:who/AIR_15.AGE--Y60T64__ENVCAUSE--ENVCAUSE118__SEX--F,dcid:SouthernAsia,2019,441231.5894
dcs:who/AIR_15.AGE--Y65T69__ENVCAUSE--ENVCAUSE114__SEX--F,dcid:SouthernAsia,2019,360304.4716
dcs:who/AIR_15.AGE--Y65T69__ENVCAUSE--ENVCAUSE118__SEX--F,dcid:SouthernAsia,2019,527570.5444
dcs:who/AIR_15.AGE--Y40T44__ENVCAUSE--ENVCAUSE114__SEX--F,dcid:SouthernAsia,2019,102293.8649
dcs:who/AIR_15.AGE--Y75T79__ENVCAUSE--ENVCAUSE118__SEX--F,dcid:SouthernAsia,2019,478797.3624
dcs:who/AIR_15.AGE--Y65T69__ENVCAUSE--ENVCAUSE113__SEX--F,dcid:SouthernAsia,2019,546565.3445
dcs:who/AIR_15.AGE--Y_GE80__ENVCAUSE--ENVCAUSE113__SEX--F,dcid:SouthernAsia,2019,443253.4215
dcs:who/AIR_15.AGE--Y75T79__ENVCAUSE--ENVCAUSE113__SEX--F,dcid:SouthernAsia,2019,401738.2712
dcs:who/AIR_15.AGE--Y60T64__ENVCAUSE--ENVCAUSE114__SEX--F,dcid:SouthernAsia,2019,355805.7567
dcs:who/AIR_15.AGE--Y45T49__ENVCAUSE--ENVCAUSE114__SEX--F,dcid:SouthernAsia,2019,145356.7327
dcs:who/AIR_15.AGE--Y45T49__ENVCAUSE--ENVCAUSE039__SEX--F,dcid:SouthernAsia,2019,50303.76645
dcs:who/AIR_15.AGE--Y30T34__ENVCAUSE--ENVCAUSE039__SEX--F,dcid:SouthernAsia,2019,31953.61903
dcs:who/AIR_15.AGE--Y40T44__ENVCAUSE--ENVCAUSE039__SEX--F,dcid:SouthernAsia,2019,48328.16758
dcs:who/AIR_15.AGE--Y70T74__ENVCAUSE--ENVCAUSE113__SEX--F,dcid:SouthernAsia,2019,486263.2531
dcs:who/AIR_15.AGE--Y35T39__ENVCAUSE--ENVCAUSE039__SEX--F,dcid:SouthernAsia,2019,47442.14294
dcs:who/AIR_15.AGE--Y15T19__ENVCAUSE--ENVCAUSE039__SEX--F,dcid:SouthernAsia,2019,36342.6627
dcs:who/AIR_15.ENVCAUSE--ENVCAUSE114__SEX--F,dcid:SouthernAsia,2019,2483415.717
dcs:who/AIR_15.AGE--Y30T34__ENVCAUSE--ENVCAUSE114__SEX--F,dcid:SouthernAsia,2019,45848.004
dcs:who/AIR_15.AGE--Y5T9__ENVCAUSE--ENVCAUSE039__SEX--F,dcid:SouthernAsia,2019,113772.9736
dcs:who/AIR_15.AGE--Y40T44__ENVCAUSE--ENVCAUSE118__SEX--F,dcid:SouthernAsia,2019,71435.85912
dcs:who/AIR_15.AGE--Y55T59__ENVCAUSE--ENVCAUSE114__SEX--F,dcid:SouthernAsia,2019,283485.2146
dcs:who/AIR_15.AGE--Y45T49__ENVCAUSE--ENVCAUSE118__SEX--F,dcid:SouthernAsia,2019,121901.5593
dcs:who/AIR_15.ENVCAUSE--ENVCAUSE113__SEX--F,dcid:SouthernAsia,2019,4120199.634
dcs:who/AIR_15.AGE--Y55T59__ENVCAUSE--ENVCAUSE039__SEX--F,dcid:SouthernAsia,2019,101784.8699
dcs:who/AIR_15.AGE--Y35T39__ENVCAUSE--ENVCAUSE118__SEX--F,dcid:SouthernAsia,2019,53644.31226
dcs:who/AIR_15.AGE--Y55T59__ENVCAUSE--ENVCAUSE118__SEX--F,dcid:SouthernAsia,2019,299026.1451
dcs:who/AIR_15.AGE--Y25T29__ENVCAUSE--ENVCAUSE114__SEX--F,dcid:SouthernAsia,2019,34489.95876
dcs:who/AIR_15.AGE--Y25T29__ENVCAUSE--ENVCAUSE118__SEX--F,dcid:SouthernAsia,2019,34424.02359
dcs:who/AIR_15.AGE--Y70T74__ENVCAUSE--ENVCAUSE039__SEX--F,dcid:SouthernAsia,2019,188338.3312
dcs:who/AIR_15.AGE--Y60T64__ENVCAUSE--ENVCAUSE113__SEX--F,dcid:SouthernAsia,2019,551999.4336
dcs:who/AIR_15.AGE--Y75T79__ENVCAUSE--ENVCAUSE114__SEX--F,dcid:SouthernAsia,2019,258814.4438
dcs:who/AIR_15.AGE--Y50T54__ENVCAUSE--ENVCAUSE114__SEX--F,dcid:SouthernAsia,2019,243701.6803
dcs:who/AIR_15.AGE--Y20T24__ENVCAUSE--ENVCAUSE039__SEX--F,dcid:SouthernAsia,2019,34583.70244
dcs:who/AIR_15.ENVCAUSE--ENVCAUSE118__SEX--F,dcid:SouthernAsia,2019,3513803.366
dcs:who/AIR_15.AGE--Y65T69__ENVCAUSE--ENVCAUSE039__SEX--F,dcid:SouthernAsia,2019,188924.1416
dcs:who/AIR_15.AGE--Y60T64__ENVCAUSE--ENVCAUSE039__SEX--F,dcid:SouthernAsia,2019,153424.4879
dcs:who/AIR_15.AGE--Y65T69__ENVCAUSE--ENVCAUSE104__SEX--F,dcid:SouthernAsia,2019,47073.15235
dcs:who/AIR_15.AGE--Y30T34__ENVCAUSE--ENVCAUSE104__SEX--F,dcid:SouthernAsia,2019,2230.75535
dcs:who/AIR_15.AGE--Y40T44__ENVCAUSE--ENVCAUSE104__SEX--F,dcid:SouthernAsia,2019,6627.30832
dcs:who/AIR_15.AGE--Y50T54__ENVCAUSE--ENVCAUSE104__SEX--F,dcid:SouthernAsia,2019,20367.79401
dcs:who/AIR_15.SEX--F,dcid:SouthernAsia,2019,14241632.14
dcs:who/AIR_15.AGE--Y35T39__ENVCAUSE--ENVCAUSE113__SEX--F,dcid:SouthernAsia,2019,139572.65
dcs:who/AIR_15.AGE--Y25T29__ENVCAUSE--ENVCAUSE104__SEX--F,dcid:SouthernAsia,2019,933.81053
dcs:who/AIR_15.AGE--Y_GE80__ENVCAUSE--ENVCAUSE104__SEX--F,dcid:SouthernAsia,2019,59158.84127
dcs:who/AIR_15.AGE--Y_GE80__ENVCAUSE--ENVCAUSE068,dcid:SouthernAsia,2019,42748.98571
dcs:who/AIR_15.AGE--Y25T29__ENVCAUSE--ENVCAUSE113__SEX--F,dcid:SouthernAsia,2019,55963.39988
dcs:who/AIR_15.AGE--Y65T69__ENVCAUSE--ENVCAUSE068,dcid:SouthernAsia,2019,140823.1543
dcs:who/AIR_15.AGE--Y45T49__ENVCAUSE--ENVCAUSE104__SEX--F,dcid:SouthernAsia,2019,12071.49423
dcs:who/AIR_15.AGE--Y55T59__ENVCAUSE--ENVCAUSE113__SEX--F,dcid:SouthernAsia,2019,499934.9887
dcs:who/AIR_15.AGE--Y60T64__ENVCAUSE--ENVCAUSE104__SEX--F,dcid:SouthernAsia,2019,41030.73575
dcs:who/AIR_15.AGE--Y75T79__ENVCAUSE--ENVCAUSE104__SEX--F,dcid:SouthernAsia,2019,42534.05074
dcs:who/AIR_15.ENVCAUSE--ENVCAUSE068,dcid:SouthernAsia,2019,995160.0486
dcs:who/AIR_15.AGE--Y40T44__ENVCAUSE--ENVCAUSE113__SEX--F,dcid:SouthernAsia,2019,211523.5792
dcs:who/AIR_15.AGE--Y50T54__ENVCAUSE--ENVCAUSE113__SEX--F,dcid:SouthernAsia,2019,424635.9979
dcs:who/AIR_15.AGE--Y35T39__ENVCAUSE--ENVCAUSE104__SEX--F,dcid:SouthernAsia,2019,3925.10514
dcs:who/AIR_15.AGE--Y45T49__ENVCAUSE--ENVCAUSE113__SEX--F,dcid:SouthernAsia,2019,274792.5809
dcs:who/AIR_15.AGE--Y55T59__ENVCAUSE--ENVCAUSE104__SEX--F,dcid:SouthernAsia,2019,31822.8543
dcs:who/AIR_15.AGE--Y75T79__ENVCAUSE--ENVCAUSE068,dcid:SouthernAsia,2019,65691.85884
dcs:who/AIR_15.AGE--Y70T74__ENVCAUSE--ENVCAUSE068,dcid:SouthernAsia,2019,105553.6615
dcs:who/AIR_15.AGE--Y30T34__ENVCAUSE--ENVCAUSE113__SEX--F,dcid:SouthernAsia,2019,83956.71103
dcs:who/AIR_15.AGE--Y70T74__ENVCAUSE--ENVCAUSE104__SEX--F,dcid:SouthernAsia,2019,46776.77855
dcs:who/AIR_15.ENVCAUSE--ENVCAUSE104__SEX--F,dcid:SouthernAsia,2019,314552.6796
dcs:who/AIR_15.AGE--Y20T24__ENVCAUSE--ENVCAUSE039,dcid:SouthernAsia,2019,70250.46157
dcs:who/AIR_15.AGE--Y55T59__ENVCAUSE--ENVCAUSE118,dcid:SouthernAsia,2019,720818.77
dcs:who/AIR_15.AGE--Y70T74__ENVCAUSE--ENVCAUSE039,dcid:SouthernAsia,2019,349815.4783
dcs:who/AIR_15.AGE--Y50T54__ENVCAUSE--ENVCAUSE068,dcid:SouthernAsia,2019,130000.6057
dcs:who/AIR_15.AGE--Y_GE80__ENVCAUSE--ENVCAUSE118,dcid:SouthernAsia,2019,1239361.298
dcs:who/AIR_15.AGE--Y55T59__ENVCAUSE--ENVCAUSE039,dcid:SouthernAsia,2019,217081.9503
dcs:who/AIR_15.AGE--Y30T34__ENVCAUSE--ENVCAUSE114,dcid:SouthernAsia,2019,104610.6465
dcs:who/AIR_15.AGE--Y25T29__ENVCAUSE--ENVCAUSE068,dcid:SouthernAsia,2019,9234.66753
dcs:who/AIR_15.AGE--Y45T49__ENVCAUSE--ENVCAUSE068,dcid:SouthernAsia,2019,85903.97328
dcs:who/AIR_15.ENVCAUSE--ENVCAUSE118,dcid:SouthernAsia,2019,7655854.046
dcs:who/AIR_15.AGE--Y25T29__ENVCAUSE--ENVCAUSE114,dcid:SouthernAsia,2019,72507.04207
dcs:who/AIR_15.AGE--Y10T14__ENVCAUSE--ENVCAUSE039,dcid:SouthernAsia,2019,134153.9975
dcs:who/AIR_15.ENVCAUSE--ENVCAUSE113,dcid:SouthernAsia,2019,10693691.71
dcs:who/AIR_15.AGE--Y75T79__ENVCAUSE--ENVCAUSE039,dcid:SouthernAsia,2019,283583.5183
dcs:who/AIR_15.AGE--Y60T64__ENVCAUSE--ENVCAUSE068,dcid:SouthernAsia,2019,162664.9453
dcs:who/AIR_15.AGE--Y60T64__ENVCAUSE--ENVCAUSE039,dcid:SouthernAsia,2019,308847.3494
dcs:who/AIR_15.AGE--Y65T69__ENVCAUSE--ENVCAUSE118,dcid:SouthernAsia,2019,1224342.742
dcs:who/AIR_15.AGE--Y55T59__ENVCAUSE--ENVCAUSE068,dcid:SouthernAsia,2019,160245.9821
dcs:who/AIR_15.AGE--Y65T69__ENVCAUSE--ENVCAUSE114,dcid:SouthernAsia,2019,737433.4787
dcs:who/AIR_15.AGE--Y40T44__ENVCAUSE--ENVCAUSE068,dcid:SouthernAsia,2019,48981.57741
dcs:who/AIR_15.AGE--Y5T9__ENVCAUSE--ENVCAUSE039,dcid:SouthernAsia,2019,199223.3468
dcs:who/AIR_15.AGE--Y75T79__ENVCAUSE--ENVCAUSE118,dcid:SouthernAsia,2019,1016473.418
dcs:who/AIR_15.AGE--Y0T4__ENVCAUSE--ENVCAUSE039,dcid:SouthernAsia,2019,4321101.65
dcs:who/AIR_15.AGE--Y50T54__ENVCAUSE--ENVCAUSE039,dcid:SouthernAsia,2019,174028.7569
dcs:who/AIR_15.AGE--Y30T34__ENVCAUSE--ENVCAUSE118,dcid:SouthernAsia,2019,86667.72446
dcs:who/AIR_15.AGE--Y65T69__ENVCAUSE--ENVCAUSE039,dcid:SouthernAsia,2019,359716.086
dcs:who/AIR_15.AGE--Y45T49__ENVCAUSE--ENVCAUSE118,dcid:SouthernAsia,2019,278051.3823
dcs:who/AIR_15.AGE--Y45T49__ENVCAUSE--ENVCAUSE039,dcid:SouthernAsia,2019,117378.9021
dcs:who/AIR_15.AGE--Y25T29__ENVCAUSE--ENVCAUSE118,dcid:SouthernAsia,2019,68112.05069
dcs:who/AIR_15.AGE--Y30T34__ENVCAUSE--ENVCAUSE068,dcid:SouthernAsia,2019,16121.18011
dcs:who/AIR_15.AGE--Y70T74__ENVCAUSE--ENVCAUSE118,dcid:SouthernAsia,2019,1220720.209
dcs:who/AIR_15.AGE--Y40T44__ENVCAUSE--ENVCAUSE039,dcid:SouthernAsia,2019,100664.2538
dcs:who/AIR_15.AGE--Y45T49__ENVCAUSE--ENVCAUSE114,dcid:SouthernAsia,2019,308735.2754
dcs:who/AIR_15.AGE--Y60T64__ENVCAUSE--ENVCAUSE118,dcid:SouthernAsia,2019,1029190.645
dcs:who/AIR_15.AGE--Y35T39__ENVCAUSE--ENVCAUSE068,dcid:SouthernAsia,2019,27189.44692
dcs:who/AIR_15.AGE--Y15T19__ENVCAUSE--ENVCAUSE039,dcid:SouthernAsia,2019,73709.23084
dcs:who/AIR_15.AGE--Y_GE80__ENVCAUSE--ENVCAUSE114,dcid:SouthernAsia,2019,472817.2442
dcs:who/AIR_15.AGE--Y35T39__ENVCAUSE--ENVCAUSE118,dcid:SouthernAsia,2019,112609.1337
dcs:who/AIR_15.AGE--Y25T29__ENVCAUSE--ENVCAUSE039,dcid:SouthernAsia,2019,76970.04788
dcs:who/AIR_15.AGE--Y30T34__ENVCAUSE--ENVCAUSE039,dcid:SouthernAsia,2019,72617.29491
dcs:who/AIR_15.ENVCAUSE--ENVCAUSE114,dcid:SouthernAsia,2019,5000729.65
dcs:who/AIR_15.AGE--Y40T44__ENVCAUSE--ENVCAUSE118,dcid:SouthernAsia,2019,156041.5474
dcs:who/AIR_15.AGE--Y35T39__ENVCAUSE--ENVCAUSE039,dcid:SouthernAsia,2019,97806.12284
dcs:who/AIR_15.AGE--Y70T74__ENVCAUSE--ENVCAUSE114,dcid:SouthernAsia,2019,616040.9035
dcs:who/AIR_15.AGE--Y40T44__ENVCAUSE--ENVCAUSE114,dcid:SouthernAsia,2019,216992.4891
dcs:who/AIR_15.AGE--Y_GE80__ENVCAUSE--ENVCAUSE039,dcid:SouthernAsia,2019,359836.8778
dcs:who/AIR_15.AGE--Y75T79__ENVCAUSE--ENVCAUSE114,dcid:SouthernAsia,2019,482192.9134
dcs:who/AIR_15.AGE--Y50T54__ENVCAUSE--ENVCAUSE118,dcid:SouthernAsia,2019,503464.8454
dcs:who/AIR_15.AGE--Y50T54__ENVCAUSE--ENVCAUSE114,dcid:SouthernAsia,2019,491866.0505
dcs:who/AIR_15.ENVCAUSE--ENVCAUSE039,dcid:SouthernAsia,2019,7316785.224
dcs:who/AIR_15.AGE--Y60T64__ENVCAUSE--ENVCAUSE114,dcid:SouthernAsia,2019,730138.3078
dcs:who/AIR_15.AGE--Y55T59__ENVCAUSE--ENVCAUSE114,dcid:SouthernAsia,2019,610659.2889
dcs:who/AIR_15.AGE--Y35T39__ENVCAUSE--ENVCAUSE114,dcid:SouthernAsia,2019,156736.1463
dcs:who/AIR_15.AGE--Y60T64__ENVCAUSE--ENVCAUSE113,dcid:SouthernAsia,2019,1446941.107
dcs:who/AIR_15.AGE--Y55T59__ENVCAUSE--ENVCAUSE104,dcid:SouthernAsia,2019,31822.8543
dcs:who/AIR_15.AGE--Y30T34__ENVCAUSE--ENVCAUSE113,dcid:SouthernAsia,2019,283122.4456
dcs:who/AIR_15.AGE--Y35T39__ENVCAUSE--ENVCAUSE113,dcid:SouthernAsia,2019,451587.8758
dcs:who/AIR_15.AGE--Y70T74__ENVCAUSE--ENVCAUSE104,dcid:SouthernAsia,2019,46776.77855
dcs:who/AIR_15.AGE--Y55T59__ENVCAUSE--ENVCAUSE113,dcid:SouthernAsia,2019,1455955.121
dcs:who/AIR_15.AGE--Y65T69__ENVCAUSE--ENVCAUSE104,dcid:SouthernAsia,2019,47073.15235
dcs:who/AIR_15.AGE--Y25T29__ENVCAUSE--ENVCAUSE113,dcid:SouthernAsia,2019,160852.1986
dcs:who/AIR_15.AGE--Y70T74__ENVCAUSE--ENVCAUSE113,dcid:SouthernAsia,2019,1084297.172
dcs:who/AIR_15.AGE--Y65T69__ENVCAUSE--ENVCAUSE113,dcid:SouthernAsia,2019,1333688.559
dcs:who/AIR_15.AGE--Y40T44__ENVCAUSE--ENVCAUSE104,dcid:SouthernAsia,2019,6627.30832
dcs:who/AIR_15.AGE--Y35T39__ENVCAUSE--ENVCAUSE104,dcid:SouthernAsia,2019,3925.10514
dcs:who/AIR_15.AGE--Y60T64__ENVCAUSE--ENVCAUSE104,dcid:SouthernAsia,2019,41030.73575
dcs:who/AIR_15.AGE--Y40T44__ENVCAUSE--ENVCAUSE113,dcid:SouthernAsia,2019,632651.239
dcs:who/AIR_15,dcid:SouthernAsia,2019,31976772.82
dcs:who/AIR_15.AGE--Y30T34__ENVCAUSE--ENVCAUSE104,dcid:SouthernAsia,2019,2230.75535
dcs:who/AIR_15.AGE--Y25T29__ENVCAUSE--ENVCAUSE104,dcid:SouthernAsia,2019,933.81053
dcs:who/AIR_15.AGE--Y50T54__ENVCAUSE--ENVCAUSE104,dcid:SouthernAsia,2019,20367.79401
dcs:who/AIR_15.AGE--Y50T54__ENVCAUSE--ENVCAUSE113,dcid:SouthernAsia,2019,1210473.469
dcs:who/AIR_15.AGE--Y_GE80__ENVCAUSE--ENVCAUSE104,dcid:SouthernAsia,2019,59158.84127
dcs:who/AIR_15.AGE--Y_GE80__ENVCAUSE--ENVCAUSE113,dcid:SouthernAsia,2019,905238.0391
dcs:who/AIR_15.ENVCAUSE--ENVCAUSE104,dcid:SouthernAsia,2019,314552.6796
dcs:who/AIR_15.AGE--Y75T79__ENVCAUSE--ENVCAUSE104,dcid:SouthernAsia,2019,42534.05074
dcs:who/AIR_15.AGE--Y45T49__ENVCAUSE--ENVCAUSE104,dcid:SouthernAsia,2019,12071.49423
dcs:who/AIR_15.AGE--Y75T79__ENVCAUSE--ENVCAUSE113,dcid:SouthernAsia,2019,838742.934
dcs:who/AIR_15.AGE--Y45T49__ENVCAUSE--ENVCAUSE113,dcid:SouthernAsia,2019,890141.4618
dcs:who/AIR_15.ENVCAUSE--ENVCAUSE039__SEX--M,dcid:SubSaharanAfrica,2019,11661036.78
dcs:who/AIR_15.AGE--Y_GE80__ENVCAUSE--ENVCAUSE068__SEX--M,dcid:SubSaharanAfrica,2019,3188.70756
dcs:who/AIR_15.AGE--Y45T49__ENVCAUSE--ENVCAUSE068__SEX--M,dcid:SubSaharanAfrica,2019,13323.22765
dcs:who/AIR_15.AGE--Y60T64__ENVCAUSE--ENVCAUSE039__SEX--M,dcid:SubSaharanAfrica,2019,255810.0306
dcs:who/AIR_15.AGE--Y70T74__ENVCAUSE--ENVCAUSE068__SEX--M,dcid:SubSaharanAfrica,2019,9649.16833
dcs:who/AIR_15.AGE--Y75T79__ENVCAUSE--ENVCAUSE068__SEX--M,dcid:SubSaharanAfrica,2019,5711.00911
dcs:who/AIR_15.AGE--Y70T74__ENVCAUSE--ENVCAUSE039__SEX--M,dcid:SubSaharanAfrica,2019,222346.6828
dcs:who/AIR_15.AGE--Y30T34__ENVCAUSE--ENVCAUSE068__SEX--M,dcid:SubSaharanAfrica,2019,2207.4039
dcs:who/AIR_15.AGE--Y65T69__ENVCAUSE--ENVCAUSE039__SEX--M,dcid:SubSaharanAfrica,2019,239811.4215
dcs:who/AIR_15.AGE--Y75T79__ENVCAUSE--ENVCAUSE039__SEX--M,dcid:SubSaharanAfrica,2019,159521.7809
dcs:who/AIR_15.AGE--Y55T59__ENVCAUSE--ENVCAUSE068__SEX--M,dcid:SubSaharanAfrica,2019,17421.05609
dcs:who/AIR_15.AGE--Y35T39__ENVCAUSE--ENVCAUSE068__SEX--M,dcid:SubSaharanAfrica,2019,3975.86218
dcs:who/AIR_15.AGE--Y_GE80__ENVCAUSE--ENVCAUSE039__SEX--M,dcid:SubSaharanAfrica,2019,129278.5344
dcs:who/AIR_15.AGE--Y25T29__ENVCAUSE--ENVCAUSE068__SEX--M,dcid:SubSaharanAfrica,2019,1036.40969
dcs:who/AIR_15.AGE--Y65T69__ENVCAUSE--ENVCAUSE068__SEX--M,dcid:SubSaharanAfrica,2019,13595.48341
dcs:who/AIR_15.AGE--Y50T54__ENVCAUSE--ENVCAUSE068__SEX--M,dcid:SubSaharanAfrica,2019,16465.00057
dcs:who/AIR_15.ENVCAUSE--ENVCAUSE068__SEX--M,dcid:SubSaharanAfrica,2019,111825.8877
dcs:who/AIR_15.AGE--Y60T64__ENVCAUSE--ENVCAUSE068__SEX--M,dcid:SubSaharanAfrica,2019,16400.84149
dcs:who/AIR_15.AGE--Y40T44__ENVCAUSE--ENVCAUSE068__SEX--M,dcid:SubSaharanAfrica,2019,8851.71657
dcs:who/AIR_15.AGE--Y25T29__ENVCAUSE--ENVCAUSE039__SEX--M,dcid:SubSaharanAfrica,2019,113365.409
dcs:who/AIR_15.AGE--Y45T49__ENVCAUSE--ENVCAUSE039__SEX--M,dcid:SubSaharanAfrica,2019,192020.1128
dcs:who/AIR_15.AGE--Y10T14__ENVCAUSE--ENVCAUSE039__SEX--M,dcid:SubSaharanAfrica,2019,257982.513
dcs:who/AIR_15.AGE--Y15T19__ENVCAUSE--ENVCAUSE039__SEX--M,dcid:SubSaharanAfrica,2019,100698.8333
dcs:who/AIR_15.AGE--Y45T49__ENVCAUSE--ENVCAUSE118__SEX--M,dcid:SubSaharanAfrica,2019,50551.64514
dcs:who/AIR_15.AGE--Y20T24__ENVCAUSE--ENVCAUSE039__SEX--M,dcid:SubSaharanAfrica,2019,104569.654
dcs:who/AIR_15.AGE--Y60T64__ENVCAUSE--ENVCAUSE118__SEX--M,dcid:SubSaharanAfrica,2019,112414.578
dcs:who/AIR_15.AGE--Y40T44__ENVCAUSE--ENVCAUSE039__SEX--M,dcid:SubSaharanAfrica,2019,150524.194
dcs:who/AIR_15.ENVCAUSE--ENVCAUSE118__SEX--M,dcid:SubSaharanAfrica,2019,818119.9407
dcs:who/AIR_15.AGE--Y0T4__ENVCAUSE--ENVCAUSE039__SEX--M,dcid:SubSaharanAfrica,2019,8566305.311
dcs:who/AIR_15.AGE--Y5T9__ENVCAUSE--ENVCAUSE039__SEX--M,dcid:SubSaharanAfrica,2019,478163.4038
dcs:who/AIR_15.AGE--Y35T39__ENVCAUSE--ENVCAUSE039__SEX--M,dcid:SubSaharanAfrica,2019,132213.361
dcs:who/AIR_15.AGE--Y55T59__ENVCAUSE--ENVCAUSE118__SEX--M,dcid:SubSaharanAfrica,2019,89427.07273
dcs:who/AIR_15.AGE--Y50T54__ENVCAUSE--ENVCAUSE039__SEX--M,dcid:SubSaharanAfrica,2019,203812.2628
dcs:who/AIR_15.AGE--Y40T44__ENVCAUSE--ENVCAUSE118__SEX--M,dcid:SubSaharanAfrica,2019,37588.75889
dcs:who/AIR_15.AGE--Y30T34__ENVCAUSE--ENVCAUSE039__SEX--M,dcid:SubSaharanAfrica,2019,116847.8293
dcs:who/AIR_15.AGE--Y70T74__ENVCAUSE--ENVCAUSE118__SEX--M,dcid:SubSaharanAfrica,2019,121802.0808
dcs:who/AIR_15.AGE--Y75T79__ENVCAUSE--ENVCAUSE118__SEX--M,dcid:SubSaharanAfrica,2019,77254.7045
dcs:who/AIR_15.AGE--Y50T54__ENVCAUSE--ENVCAUSE118__SEX--M,dcid:SubSaharanAfrica,2019,70917.59223
dcs:who/AIR_15.AGE--Y55T59__ENVCAUSE--ENVCAUSE039__SEX--M,dcid:SubSaharanAfrica,2019,237765.408
dcs:who/AIR_15.AGE--Y65T69__ENVCAUSE--ENVCAUSE118__SEX--M,dcid:SubSaharanAfrica,2019,119664.062
dcs:who/AIR_15.AGE--Y_GE80__ENVCAUSE--ENVCAUSE118__SEX--M,dcid:SubSaharanAfrica,2019,59172.5838
dcs:who/AIR_15.AGE--Y40T44__ENVCAUSE--ENVCAUSE113__SEX--M,dcid:SubSaharanAfrica,2019,100554.091
dcs:who/AIR_15.AGE--Y40T44__ENVCAUSE--ENVCAUSE114__SEX--M,dcid:SubSaharanAfrica,2019,106155.8731
dcs:who/AIR_15.AGE--Y65T69__ENVCAUSE--ENVCAUSE114__SEX--M,dcid:SubSaharanAfrica,2019,232690.6686
dcs:who/AIR_15.AGE--Y55T59__ENVCAUSE--ENVCAUSE114__SEX--M,dcid:SubSaharanAfrica,2019,202190.6985
dcs:who/AIR_15.AGE--Y_GE80__ENVCAUSE--ENVCAUSE114__SEX--M,dcid:SubSaharanAfrica,2019,88989.6888
dcs:who/AIR_15.AGE--Y70T74__ENVCAUSE--ENVCAUSE114__SEX--M,dcid:SubSaharanAfrica,2019,187803.574
dcs:who/AIR_15.AGE--Y65T69__ENVCAUSE--ENVCAUSE113__SEX--M,dcid:SubSaharanAfrica,2019,254915.3982
dcs:who/AIR_15.AGE--Y_GE80__ENVCAUSE--ENVCAUSE113__SEX--M,dcid:SubSaharanAfrica,2019,100877.4145
dcs:who/AIR_15.AGE--Y35T39__ENVCAUSE--ENVCAUSE114__SEX--M,dcid:SubSaharanAfrica,2019,58612.09065
dcs:who/AIR_15.AGE--Y30T34__ENVCAUSE--ENVCAUSE068__SEX--F,dcid:SubSaharanAfrica,2019,1891.91899
dcs:who/AIR_15.AGE--Y75T79__ENVCAUSE--ENVCAUSE068__SEX--F,dcid:SubSaharanAfrica,2019,4139.81973
dcs:who/AIR_15.AGE--Y55T59__ENVCAUSE--ENVCAUSE068__SEX--F,dcid:SubSaharanAfrica,2019,12835.54626
dcs:who/AIR_15.AGE--Y60T64__ENVCAUSE--ENVCAUSE068__SEX--F,dcid:SubSaharanAfrica,2019,12796.45753
dcs:who/AIR_15.AGE--Y30T34__ENVCAUSE--ENVCAUSE113__SEX--M,dcid:SubSaharanAfrica,2019,43407.86533
dcs:who/AIR_15.AGE--Y35T39__ENVCAUSE--ENVCAUSE118__SEX--M,dcid:SubSaharanAfrica,2019,27916.69428
dcs:who/AIR_15.ENVCAUSE--ENVCAUSE113__SEX--M,dcid:SubSaharanAfrica,2019,1803301.096
dcs:who/AIR_15.AGE--Y40T44__ENVCAUSE--ENVCAUSE068__SEX--F,dcid:SubSaharanAfrica,2019,7850.09309
dcs:who/AIR_15.AGE--Y55T59__ENVCAUSE--ENVCAUSE113__SEX--M,dcid:SubSaharanAfrica,2019,240216.9892
dcs:who/AIR_15.AGE--Y50T54__ENVCAUSE--ENVCAUSE068__SEX--F,dcid:SubSaharanAfrica,2019,12618.37546
dcs:who/AIR_15.AGE--Y70T74__ENVCAUSE--ENVCAUSE068__SEX--F,dcid:SubSaharanAfrica,2019,6987.67549
dcs:who/AIR_15.AGE--Y75T79__ENVCAUSE--ENVCAUSE113__SEX--M,dcid:SubSaharanAfrica,2019,134162.4345
dcs:who/AIR_15.ENVCAUSE--ENVCAUSE114__SEX--M,dcid:SubSaharanAfrica,2019,1649746.279
dcs:who/AIR_15.AGE--Y25T29__ENVCAUSE--ENVCAUSE118__SEX--M,dcid:SubSaharanAfrica,2019,23423.28062
dcs:who/AIR_15.AGE--Y45T49__ENVCAUSE--ENVCAUSE113__SEX--M,dcid:SubSaharanAfrica,2019,155174.58
dcs:who/AIR_15.AGE--Y75T79__ENVCAUSE--ENVCAUSE114__SEX--M,dcid:SubSaharanAfrica,2019,127922.5546
dcs:who/AIR_15.AGE--Y_GE80__ENVCAUSE--ENVCAUSE039__SEX--F,dcid:SubSaharanAfrica,2019,150608.3026
dcs:who/AIR_15.AGE--Y45T49__ENVCAUSE--ENVCAUSE114__SEX--M,dcid:SubSaharanAfrica,2019,131091.3294
dcs:who/AIR_15.AGE--Y65T69__ENVCAUSE--ENVCAUSE068__SEX--F,dcid:SubSaharanAfrica,2019,9548.68528
dcs:who/AIR_15.AGE--Y45T49__ENVCAUSE--ENVCAUSE068__SEX--F,dcid:SubSaharanAfrica,2019,11051.57444
dcs:who/AIR_15.ENVCAUSE--ENVCAUSE068__SEX--F,dcid:SubSaharanAfrica,2019,87808.89806
dcs:who/AIR_15.AGE--Y60T64__ENVCAUSE--ENVCAUSE113__SEX--M,dcid:SubSaharanAfrica,2019,260416.6719
dcs:who/AIR_15.AGE--Y25T29__ENVCAUSE--ENVCAUSE114__SEX--M,dcid:SubSaharanAfrica,2019,38191.94352
dcs:who/AIR_15.AGE--Y_GE80__ENVCAUSE--ENVCAUSE068__SEX--F,dcid:SubSaharanAfrica,2019,2618.89462
dcs:who/AIR_15.AGE--Y25T29__ENVCAUSE--ENVCAUSE068__SEX--F,dcid:SubSaharanAfrica,2019,998.96719
dcs:who/AIR_15.SEX--M,dcid:SubSaharanAfrica,2019,16044029.88
dcs:who/AIR_15.AGE--Y70T74__ENVCAUSE--ENVCAUSE113__SEX--M,dcid:SubSaharanAfrica,2019,221170.11
dcs:who/AIR_15.AGE--Y50T54__ENVCAUSE--ENVCAUSE113__SEX--M,dcid:SubSaharanAfrica,2019,197418.4523
dcs:who/AIR_15.AGE--Y50T54__ENVCAUSE--ENVCAUSE114__SEX--M,dcid:SubSaharanAfrica,2019,179864.7224
dcs:who/AIR_15.AGE--Y35T39__ENVCAUSE--ENVCAUSE068__SEX--F,dcid:SubSaharanAfrica,2019,4470.89002
dcs:who/AIR_15.AGE--Y30T34__ENVCAUSE--ENVCAUSE114__SEX--M,dcid:SubSaharanAfrica,2019,44979.39561
dcs:who/AIR_15.AGE--Y30T34__ENVCAUSE--ENVCAUSE118__SEX--M,dcid:SubSaharanAfrica,2019,27986.88562
dcs:who/AIR_15.AGE--Y35T39__ENVCAUSE--ENVCAUSE113__SEX--M,dcid:SubSaharanAfrica,2019,71376.42476
dcs:who/AIR_15.ENVCAUSE--ENVCAUSE039__SEX--F,dcid:SubSaharanAfrica,2019,9096953.546
dcs:who/AIR_15.AGE--Y60T64__ENVCAUSE--ENVCAUSE114__SEX--M,dcid:SubSaharanAfrica,2019,251253.7465
dcs:who/AIR_15.AGE--Y25T29__ENVCAUSE--ENVCAUSE113__SEX--M,dcid:SubSaharanAfrica,2019,23610.66896
dcs:who/AIR_15.AGE--Y40T44__ENVCAUSE--ENVCAUSE039__SEX--F,dcid:SubSaharanAfrica,2019,100858.3068
dcs:who/AIR_15.AGE--Y55T59__ENVCAUSE--ENVCAUSE039__SEX--F,dcid:SubSaharanAfrica,2019,153535.7501
dcs:who/AIR_15.AGE--Y55T59__ENVCAUSE--ENVCAUSE118__SEX--F,dcid:SubSaharanAfrica,2019,73747.54219
dcs:who/AIR_15.AGE--Y35T39__ENVCAUSE--ENVCAUSE118__SEX--F,dcid:SubSaharanAfrica,2019,31955.73657
dcs:who/AIR_15.AGE--Y_GE80__ENVCAUSE--ENVCAUSE118__SEX--F,dcid:SubSaharanAfrica,2019,56238.3415
dcs:who/AIR_15.AGE--Y35T39__ENVCAUSE--ENVCAUSE039__SEX--F,dcid:SubSaharanAfrica,2019,98018.67779
dcs:who/AIR_15.AGE--Y60T64__ENVCAUSE--ENVCAUSE118__SEX--F,dcid:SubSaharanAfrica,2019,89273.64926
dcs:who/AIR_15.AGE--Y75T79__ENVCAUSE--ENVCAUSE039__SEX--F,dcid:SubSaharanAfrica,2019,157204.1666
dcs:who/AIR_15.AGE--Y45T49__ENVCAUSE--ENVCAUSE118__SEX--F,dcid:SubSaharanAfrica,2019,42201.94082
dcs:who/AIR_15.AGE--Y15T19__ENVCAUSE--ENVCAUSE039__SEX--F,dcid:SubSaharanAfrica,2019,87820.41636
dcs:who/AIR_15.AGE--Y0T4__ENVCAUSE--ENVCAUSE039__SEX--F,dcid:SubSaharanAfrica,2019,6483558.413
dcs:who/AIR_15.AGE--Y50T54__ENVCAUSE--ENVCAUSE039__SEX--F,dcid:SubSaharanAfrica,2019,140553.7971
dcs:who/AIR_15.AGE--Y45T49__ENVCAUSE--ENVCAUSE039__SEX--F,dcid:SubSaharanAfrica,2019,98117.88945
dcs:who/AIR_15.AGE--Y70T74__ENVCAUSE--ENVCAUSE039__SEX--F,dcid:SubSaharanAfrica,2019,196252.1416
dcs:who/AIR_15.AGE--Y25T29__ENVCAUSE--ENVCAUSE039__SEX--F,dcid:SubSaharanAfrica,2019,93596.2456
dcs:who/AIR_15.AGE--Y40T44__ENVCAUSE--ENVCAUSE118__SEX--F,dcid:SubSaharanAfrica,2019,30927.77855
dcs:who/AIR_15.AGE--Y65T69__ENVCAUSE--ENVCAUSE118__SEX--F,dcid:SubSaharanAfrica,2019,100570.0862
dcs:who/AIR_15.ENVCAUSE--ENVCAUSE118__SEX--F,dcid:SubSaharanAfrica,2019,704018.4381
dcs:who/AIR_15.AGE--Y60T64__ENVCAUSE--ENVCAUSE039__SEX--F,dcid:SubSaharanAfrica,2019,178164.6399
dcs:who/AIR_15.AGE--Y10T14__ENVCAUSE--ENVCAUSE039__SEX--F,dcid:SubSaharanAfrica,2019,239590.0975
dcs:who/AIR_15.AGE--Y75T79__ENVCAUSE--ENVCAUSE118__SEX--F,dcid:SubSaharanAfrica,2019,70215.19974
dcs:who/AIR_15.AGE--Y5T9__ENVCAUSE--ENVCAUSE039__SEX--F,dcid:SubSaharanAfrica,2019,554083.7073
dcs:who/AIR_15.AGE--Y30T34__ENVCAUSE--ENVCAUSE039__SEX--F,dcid:SubSaharanAfrica,2019,95718.99785
dcs:who/AIR_15.AGE--Y20T24__ENVCAUSE--ENVCAUSE039__SEX--F,dcid:SubSaharanAfrica,2019,82406.34227
dcs:who/AIR_15.AGE--Y65T69__ENVCAUSE--ENVCAUSE039__SEX--F,dcid:SubSaharanAfrica,2019,186865.8096
dcs:who/AIR_15.AGE--Y70T74__ENVCAUSE--ENVCAUSE118__SEX--F,dcid:SubSaharanAfrica,2019,93527.95671
dcs:who/AIR_15.AGE--Y50T54__ENVCAUSE--ENVCAUSE118__SEX--F,dcid:SubSaharanAfrica,2019,58959.38236
dcs:who/AIR_15.AGE--Y60T64__ENVCAUSE--ENVCAUSE068,dcid:SubSaharanAfrica,2019,29197.29923
dcs:who/AIR_15.AGE--Y50T54__ENVCAUSE--ENVCAUSE114__SEX--F,dcid:SubSaharanAfrica,2019,167640.7956
dcs:who/AIR_15.AGE--Y70T74__ENVCAUSE--ENVCAUSE104__SEX--F,dcid:SubSaharanAfrica,2019,24565.22499
dcs:who/AIR_15.AGE--Y35T39__ENVCAUSE--ENVCAUSE114__SEX--F,dcid:SubSaharanAfrica,2019,59424.02949
dcs:who/AIR_15.AGE--Y45T49__ENVCAUSE--ENVCAUSE113__SEX--F,dcid:SubSaharanAfrica,2019,79328.40423
dcs:who/AIR_15.AGE--Y55T59__ENVCAUSE--ENVCAUSE104__SEX--F,dcid:SubSaharanAfrica,2019,14945.03271
dcs:who/AIR_15.AGE--Y50T54__ENVCAUSE--ENVCAUSE113__SEX--F,dcid:SubSaharanAfrica,2019,120409.924
dcs:who/AIR_15.AGE--Y30T34__ENVCAUSE--ENVCAUSE114__SEX--F,dcid:SubSaharanAfrica,2019,41820.92029
dcs:who/AIR_15.AGE--Y70T74__ENVCAUSE--ENVCAUSE068,dcid:SubSaharanAfrica,2019,16636.84345
dcs:who/AIR_15.AGE--Y30T34__ENVCAUSE--ENVCAUSE118__SEX--F,dcid:SubSaharanAfrica,2019,29951.94747
dcs:who/AIR_15.AGE--Y_GE80__ENVCAUSE--ENVCAUSE113__SEX--F,dcid:SubSaharanAfrica,2019,154903.5457
dcs:who/AIR_15.AGE--Y65T69__ENVCAUSE--ENVCAUSE114__SEX--F,dcid:SubSaharanAfrica,2019,236368.6765
dcs:who/AIR_15.AGE--Y25T29__ENVCAUSE--ENVCAUSE113__SEX--F,dcid:SubSaharanAfrica,2019,9743.91326
dcs:who/AIR_15.AGE--Y_GE80__ENVCAUSE--ENVCAUSE104__SEX--F,dcid:SubSaharanAfrica,2019,21503.39704
dcs:who/AIR_15.AGE--Y45T49__ENVCAUSE--ENVCAUSE104__SEX--F,dcid:SubSaharanAfrica,2019,7912.6855
dcs:who/AIR_15.AGE--Y75T79__ENVCAUSE--ENVCAUSE114__SEX--F,dcid:SubSaharanAfrica,2019,197447.0896
dcs:who/AIR_15.AGE--Y45T49__ENVCAUSE--ENVCAUSE114__SEX--F,dcid:SubSaharanAfrica,2019,112831.508
dcs:who/AIR_15.AGE--Y_GE80__ENVCAUSE--ENVCAUSE068,dcid:SubSaharanAfrica,2019,5807.60227
dcs:who/AIR_15.AGE--Y35T39__ENVCAUSE--ENVCAUSE113__SEX--F,dcid:SubSaharanAfrica,2019,30617.6802
dcs:who/AIR_15.ENVCAUSE--ENVCAUSE114__SEX--F,dcid:SubSaharanAfrica,2019,1738443.086
dcs:who/AIR_15.AGE--Y25T29__ENVCAUSE--ENVCAUSE114__SEX--F,dcid:SubSaharanAfrica,2019,28519.27658
dcs:who/AIR_15.AGE--Y25T29__ENVCAUSE--ENVCAUSE104__SEX--F,dcid:SubSaharanAfrica,2019,700.66013
dcs:who/AIR_15.AGE--Y55T59__ENVCAUSE--ENVCAUSE114__SEX--F,dcid:SubSaharanAfrica,2019,193469.6658
dcs:who/AIR_15.AGE--Y65T69__ENVCAUSE--ENVCAUSE104__SEX--F,dcid:SubSaharanAfrica,2019,23530.02426
dcs:who/AIR_15.AGE--Y55T59__ENVCAUSE--ENVCAUSE113__SEX--F,dcid:SubSaharanAfrica,2019,148304.6191
dcs:who/AIR_15.AGE--Y65T69__ENVCAUSE--ENVCAUSE068,dcid:SubSaharanAfrica,2019,23144.16888
dcs:who/AIR_15.SEX--F,dcid:SubSaharanAfrica,2019,13228269.96
dcs:who/AIR_15.AGE--Y25T29__ENVCAUSE--ENVCAUSE118__SEX--F,dcid:SubSaharanAfrica,2019,26448.87603
dcs:who/AIR_15.AGE--Y65T69__ENVCAUSE--ENVCAUSE113__SEX--F,dcid:SubSaharanAfrica,2019,226890.8734
dcs:who/AIR_15.AGE--Y50T54__ENVCAUSE--ENVCAUSE104__SEX--F,dcid:SubSaharanAfrica,2019,10943.79577
dcs:who/AIR_15.AGE--Y40T44__ENVCAUSE--ENVCAUSE104__SEX--F,dcid:SubSaharanAfrica,2019,4863.4627
dcs:who/AIR_15.AGE--Y70T74__ENVCAUSE--ENVCAUSE113__SEX--F,dcid:SubSaharanAfrica,2019,237249.6552
dcs:who/AIR_15.AGE--Y60T64__ENVCAUSE--ENVCAUSE114__SEX--F,dcid:SubSaharanAfrica,2019,220047.1443
dcs:who/AIR_15.AGE--Y30T34__ENVCAUSE--ENVCAUSE113__SEX--F,dcid:SubSaharanAfrica,2019,21154.81645
dcs:who/AIR_15.AGE--Y75T79__ENVCAUSE--ENVCAUSE104__SEX--F,dcid:SubSaharanAfrica,2019,20260.29531
dcs:who/AIR_15.ENVCAUSE--ENVCAUSE068,dcid:SubSaharanAfrica,2019,199634.7877
dcs:who/AIR_15.AGE--Y30T34__ENVCAUSE--ENVCAUSE104__SEX--F,dcid:SubSaharanAfrica,2019,1736.25017
dcs:who/AIR_15.AGE--Y75T79__ENVCAUSE--ENVCAUSE068,dcid:SubSaharanAfrica,2019,9850.82886
dcs:who/AIR_15.AGE--Y40T44__ENVCAUSE--ENVCAUSE113__SEX--F,dcid:SubSaharanAfrica,2019,48163.98003
dcs:who/AIR_15.AGE--Y_GE80__ENVCAUSE--ENVCAUSE114__SEX--F,dcid:SubSaharanAfrica,2019,151882.2728
dcs:who/AIR_15.ENVCAUSE--ENVCAUSE113__SEX--F,dcid:SubSaharanAfrica,2019,1447653.742
dcs:who/AIR_15.AGE--Y35T39__ENVCAUSE--ENVCAUSE104__SEX--F,dcid:SubSaharanAfrica,2019,2836.9491
dcs:who/AIR_15.ENVCAUSE--ENVCAUSE104__SEX--F,dcid:SubSaharanAfrica,2019,153392.1429
dcs:who/AIR_15.AGE--Y70T74__ENVCAUSE--ENVCAUSE114__SEX--F,dcid:SubSaharanAfrica,2019,245323.2418
dcs:who/AIR_15.AGE--Y60T64__ENVCAUSE--ENVCAUSE113__SEX--F,dcid:SubSaharanAfrica,2019,190361.9673
dcs:who/AIR_15.AGE--Y40T44__ENVCAUSE--ENVCAUSE114__SEX--F,dcid:SubSaharanAfrica,2019,83668.45277
dcs:who/AIR_15.AGE--Y75T79__ENVCAUSE--ENVCAUSE113__SEX--F,dcid:SubSaharanAfrica,2019,180524.3762
dcs:who/AIR_15.AGE--Y60T64__ENVCAUSE--ENVCAUSE104__SEX--F,dcid:SubSaharanAfrica,2019,19594.36809
dcs:who/AIR_15.AGE--Y40T44__ENVCAUSE--ENVCAUSE068,dcid:SubSaharanAfrica,2019,16701.80952
dcs:who/AIR_15.AGE--Y70T74__ENVCAUSE--ENVCAUSE039,dcid:SubSaharanAfrica,2019,418598.8205
dcs:who/AIR_15.AGE--Y_GE80__ENVCAUSE--ENVCAUSE039,dcid:SubSaharanAfrica,2019,279886.8394
dcs:who/AIR_15.AGE--Y75T79__ENVCAUSE--ENVCAUSE039,dcid:SubSaharanAfrica,2019,316725.9474
dcs:who/AIR_15.AGE--Y35T39__ENVCAUSE--ENVCAUSE039,dcid:SubSaharanAfrica,2019,230232.0422
dcs:who/AIR_15.AGE--Y55T59__ENVCAUSE--ENVCAUSE068,dcid:SubSaharanAfrica,2019,30256.60292
dcs:who/AIR_15.AGE--Y50T54__ENVCAUSE--ENVCAUSE068,dcid:SubSaharanAfrica,2019,29083.37646
dcs:who/AIR_15.AGE--Y5T9__ENVCAUSE--ENVCAUSE039,dcid:SubSaharanAfrica,2019,1032247.111
dcs:who/AIR_15.AGE--Y30T34__ENVCAUSE--ENVCAUSE039,dcid:SubSaharanAfrica,2019,212566.8274
dcs:who/AIR_15.AGE--Y50T54__ENVCAUSE--ENVCAUSE039,dcid:SubSaharanAfrica,2019,344366.0611
dcs:who/AIR_15.AGE--Y65T69__ENVCAUSE--ENVCAUSE039,dcid:SubSaharanAfrica,2019,426677.2321
dcs:who/AIR_15.AGE--Y40T44__ENVCAUSE--ENVCAUSE039,dcid:SubSaharanAfrica,2019,251382.5012
dcs:who/AIR_15.AGE--Y35T39__ENVCAUSE--ENVCAUSE068,dcid:SubSaharanAfrica,2019,8446.75224
dcs:who/AIR_15.AGE--Y55T59__ENVCAUSE--ENVCAUSE039,dcid:SubSaharanAfrica,2019,391301.1574
dcs:who/AIR_15.AGE--Y25T29__ENVCAUSE--ENVCAUSE068,dcid:SubSaharanAfrica,2019,2035.37692
dcs:who/AIR_15.AGE--Y10T14__ENVCAUSE--ENVCAUSE039,dcid:SubSaharanAfrica,2019,497572.6067
dcs:who/AIR_15.AGE--Y30T34__ENVCAUSE--ENVCAUSE068,dcid:SubSaharanAfrica,2019,4099.32281
dcs:who/AIR_15.AGE--Y15T19__ENVCAUSE--ENVCAUSE039,dcid:SubSaharanAfrica,2019,188519.2478
dcs:who/AIR_15.ENVCAUSE--ENVCAUSE039,dcid:SubSaharanAfrica,2019,20757990.47
dcs:who/AIR_15.AGE--Y25T29__ENVCAUSE--ENVCAUSE039,dcid:SubSaharanAfrica,2019,206961.6557
dcs:who/AIR_15.AGE--Y20T24__ENVCAUSE--ENVCAUSE039,dcid:SubSaharanAfrica,2019,186975.9949
dcs:who/AIR_15.AGE--Y45T49__ENVCAUSE--ENVCAUSE068,dcid:SubSaharanAfrica,2019,24374.80189
dcs:who/AIR_15.AGE--Y60T64__ENVCAUSE--ENVCAUSE039,dcid:SubSaharanAfrica,2019,433974.6663
dcs:who/AIR_15.AGE--Y45T49__ENVCAUSE--ENVCAUSE039,dcid:SubSaharanAfrica,2019,290138.0022
dcs:who/AIR_15.AGE--Y75T79__ENVCAUSE--ENVCAUSE118,dcid:SubSaharanAfrica,2019,147469.9034
dcs:who/AIR_15.AGE--Y55T59__ENVCAUSE--ENVCAUSE118,dcid:SubSaharanAfrica,2019,163174.6154
dcs:who/AIR_15.AGE--Y40T44__ENVCAUSE--ENVCAUSE118,dcid:SubSaharanAfrica,2019,68516.53806
dcs:who/AIR_15.AGE--Y65T69__ENVCAUSE--ENVCAUSE118,dcid:SubSaharanAfrica,2019,220234.1469
dcs:who/AIR_15.AGE--Y65T69__ENVCAUSE--ENVCAUSE113,dcid:SubSaharanAfrica,2019,481806.2662
dcs:who/AIR_15.AGE--Y_GE80__ENVCAUSE--ENVCAUSE118,dcid:SubSaharanAfrica,2019,115410.9242
dcs:who/AIR_15.ENVCAUSE--ENVCAUSE118,dcid:SubSaharanAfrica,2019,1522138.377
dcs:who/AIR_15.AGE--Y60T64__ENVCAUSE--ENVCAUSE113,dcid:SubSaharanAfrica,2019,450778.6369
dcs:who/AIR_15.AGE--Y50T54__ENVCAUSE--ENVCAUSE118,dcid:SubSaharanAfrica,2019,129876.975
dcs:who/AIR_15.ENVCAUSE--ENVCAUSE113,dcid:SubSaharanAfrica,2019,3250954.837
dcs:who/AIR_15.ENVCAUSE--ENVCAUSE114,dcid:SubSaharanAfrica,2019,3388189.336
dcs:who/AIR_15.AGE--Y30T34__ENVCAUSE--ENVCAUSE113,dcid:SubSaharanAfrica,2019,64562.68209
dcs:who/AIR_15.AGE--Y_GE80__ENVCAUSE--ENVCAUSE113,dcid:SubSaharanAfrica,2019,255780.9647
dcs:who/AIR_15.AGE--Y60T64__ENVCAUSE--ENVCAUSE114,dcid:SubSaharanAfrica,2019,471300.8937
dcs:who/AIR_15.AGE--Y35T39__ENVCAUSE--ENVCAUSE113,dcid:SubSaharanAfrica,2019,101994.1051
dcs:who/AIR_15.AGE--Y40T44__ENVCAUSE--ENVCAUSE113,dcid:SubSaharanAfrica,2019,148718.0711
dcs:who/AIR_15.AGE--Y60T64__ENVCAUSE--ENVCAUSE118,dcid:SubSaharanAfrica,2019,201688.2263
dcs:who/AIR_15.AGE--Y45T49__ENVCAUSE--ENVCAUSE113,dcid:SubSaharanAfrica,2019,234502.986
dcs:who/AIR_15.AGE--Y65T69__ENVCAUSE--ENVCAUSE114,dcid:SubSaharanAfrica,2019,469059.3474
dcs:who/AIR_15.AGE--Y70T74__ENVCAUSE--ENVCAUSE118,dcid:SubSaharanAfrica,2019,215330.0368
dcs:who/AIR_15.AGE--Y30T34__ENVCAUSE--ENVCAUSE114,dcid:SubSaharanAfrica,2019,86800.31707
dcs:who/AIR_15.AGE--Y45T49__ENVCAUSE--ENVCAUSE114,dcid:SubSaharanAfrica,2019,243922.8385
dcs:who/AIR_15.AGE--Y75T79__ENVCAUSE--ENVCAUSE113,dcid:SubSaharanAfrica,2019,314686.8064
dcs:who/AIR_15.AGE--Y45T49__ENVCAUSE--ENVCAUSE118,dcid:SubSaharanAfrica,2019,92753.58634
dcs:who/AIR_15.AGE--Y40T44__ENVCAUSE--ENVCAUSE114,dcid:SubSaharanAfrica,2019,189824.3261
dcs:who/AIR_15.AGE--Y70T74__ENVCAUSE--ENVCAUSE113,dcid:SubSaharanAfrica,2019,458419.7661
dcs:who/AIR_15.AGE--Y0T4__ENVCAUSE--ENVCAUSE039,dcid:SubSaharanAfrica,2019,15049863.58
dcs:who/AIR_15.AGE--Y70T74__ENVCAUSE--ENVCAUSE114,dcid:SubSaharanAfrica,2019,433126.8192
dcs:who/AIR_15.AGE--Y25T29__ENVCAUSE--ENVCAUSE114,dcid:SubSaharanAfrica,2019,66711.22047
dcs:who/AIR_15.AGE--Y25T29__ENVCAUSE--ENVCAUSE118,dcid:SubSaharanAfrica,2019,49872.15675
dcs:who/AIR_15.AGE--Y75T79__ENVCAUSE--ENVCAUSE114,dcid:SubSaharanAfrica,2019,325369.6419
dcs:who/AIR_15.AGE--Y35T39__ENVCAUSE--ENVCAUSE118,dcid:SubSaharanAfrica,2019,59872.42992
dcs:who/AIR_15.AGE--Y55T59__ENVCAUSE--ENVCAUSE113,dcid:SubSaharanAfrica,2019,388521.6088
dcs:who/AIR_15.AGE--Y50T54__ENVCAUSE--ENVCAUSE114,dcid:SubSaharanAfrica,2019,347505.519
dcs:who/AIR_15.AGE--Y55T59__ENVCAUSE--ENVCAUSE114,dcid:SubSaharanAfrica,2019,395660.3614
dcs:who/AIR_15.AGE--Y30T34__ENVCAUSE--ENVCAUSE118,dcid:SubSaharanAfrica,2019,57938.83279
dcs:who/AIR_15.AGE--Y35T39__ENVCAUSE--ENVCAUSE114,dcid:SubSaharanAfrica,2019,118036.1203
dcs:who/AIR_15.AGE--Y50T54__ENVCAUSE--ENVCAUSE113,dcid:SubSaharanAfrica,2019,317828.3728
dcs:who/AIR_15.AGE--Y_GE80__ENVCAUSE--ENVCAUSE114,dcid:SubSaharanAfrica,2019,240871.9581
dcs:who/AIR_15.AGE--Y50T54__ENVCAUSE--ENVCAUSE104,dcid:SubSaharanAfrica,2019,10943.79577
dcs:who/AIR_15.AGE--Y70T74__ENVCAUSE--ENVCAUSE104,dcid:SubSaharanAfrica,2019,24565.22499
dcs:who/AIR_15.AGE--Y75T79__ENVCAUSE--ENVCAUSE104,dcid:SubSaharanAfrica,2019,20260.29531
dcs:who/AIR_15.AGE--Y60T64__ENVCAUSE--ENVCAUSE104,dcid:SubSaharanAfrica,2019,19594.36809
dcs:who/AIR_15.AGE--Y_GE80__ENVCAUSE--ENVCAUSE104,dcid:SubSaharanAfrica,2019,21503.39704
dcs:who/AIR_15.AGE--Y40T44__ENVCAUSE--ENVCAUSE104,dcid:SubSaharanAfrica,2019,4863.4627
dcs:who/AIR_15.AGE--Y45T49__ENVCAUSE--ENVCAUSE104,dcid:SubSaharanAfrica,2019,7912.6855
dcs:who/AIR_15,dcid:SubSaharanAfrica,2019,29272299.85
dcs:who/AIR_15.AGE--Y25T29__ENVCAUSE--ENVCAUSE113,dcid:SubSaharanAfrica,2019,33354.58221
dcs:who/AIR_15.ENVCAUSE--ENVCAUSE104,dcid:SubSaharanAfrica,2019,153392.1429
dcs:who/AIR_15.AGE--Y35T39__ENVCAUSE--ENVCAUSE104,dcid:SubSaharanAfrica,2019,2836.9491
dcs:who/AIR_15.AGE--Y30T34__ENVCAUSE--ENVCAUSE104,dcid:SubSaharanAfrica,2019,1736.25017
dcs:who/AIR_15.AGE--Y25T29__ENVCAUSE--ENVCAUSE104,dcid:SubSaharanAfrica,2019,700.66013
dcs:who/AIR_15.AGE--Y65T69__ENVCAUSE--ENVCAUSE104,dcid:SubSaharanAfrica,2019,23530.02426
dcs:who/AIR_15.AGE--Y55T59__ENVCAUSE--ENVCAUSE104,dcid:SubSaharanAfrica,2019,14945.03271
dcs:who/AIR_15.AGE--Y_GE80__ENVCAUSE--ENVCAUSE068__SEX--M,dcid:WesternAsia,2019,1362.65747
dcs:who/AIR_15.AGE--Y65T69__ENVCAUSE--ENVCAUSE068__SEX--M,dcid:WesternAsia,2019,5489.77136
dcs:who/AIR_15.AGE--Y30T34__ENVCAUSE--ENVCAUSE068__SEX--M,dcid:WesternAsia,2019,190.5798
dcs:who/AIR_15.AGE--Y70T74__ENVCAUSE--ENVCAUSE068__SEX--M,dcid:WesternAsia,2019,3717.02803
dcs:who/AIR_15.AGE--Y75T79__ENVCAUSE--ENVCAUSE068__SEX--M,dcid:WesternAsia,2019,2165.02533
dcs:who/AIR_15.AGE--Y40T44__ENVCAUSE--ENVCAUSE068__SEX--M,dcid:WesternAsia,2019,1264.10365
dcs:who/AIR_15.ENVCAUSE--ENVCAUSE068__SEX--M,dcid:WesternAsia,2019,34787.88795
dcs:who/AIR_15.AGE--Y50T54__ENVCAUSE--ENVCAUSE068__SEX--M,dcid:WesternAsia,2019,4518.06674
dcs:who/AIR_15.AGE--Y55T59__ENVCAUSE--ENVCAUSE068__SEX--M,dcid:WesternAsia,2019,6133.89301
dcs:who/AIR_15.AGE--Y60T64__ENVCAUSE--ENVCAUSE068__SEX--M,dcid:WesternAsia,2019,6468.70243
dcs:who/AIR_15.AGE--Y45T49__ENVCAUSE--ENVCAUSE068__SEX--M,dcid:WesternAsia,2019,2777.11627
dcs:who/AIR_15.AGE--Y35T39__ENVCAUSE--ENVCAUSE068__SEX--M,dcid:WesternAsia,2019,582.00525
dcs:who/AIR_15.AGE--Y0T4__ENVCAUSE--ENVCAUSE039__SEX--M,dcid:WesternAsia,2019,113382.8951
dcs:who/AIR_15.AGE--Y30T34__ENVCAUSE--ENVCAUSE118__SEX--M,dcid:WesternAsia,2019,875.09917
dcs:who/AIR_15.ENVCAUSE--ENVCAUSE118__SEX--M,dcid:WesternAsia,2019,33361.83641
dcs:who/AIR_15.AGE--Y65T69__ENVCAUSE--ENVCAUSE118__SEX--M,dcid:WesternAsia,2019,4864.68182
dcs:who/AIR_15.AGE--Y20T24__ENVCAUSE--ENVCAUSE039__SEX--M,dcid:WesternAsia,2019,1247.57906
dcs:who/AIR_15.AGE--Y40T44__ENVCAUSE--ENVCAUSE118__SEX--M,dcid:WesternAsia,2019,1250.03835
dcs:who/AIR_15.AGE--Y35T39__ENVCAUSE--ENVCAUSE039__SEX--M,dcid:WesternAsia,2019,1316.43315
dcs:who/AIR_15.AGE--Y70T74__ENVCAUSE--ENVCAUSE039__SEX--M,dcid:WesternAsia,2019,2403.31839
dcs:who/AIR_15.AGE--Y40T44__ENVCAUSE--ENVCAUSE114__SEX--M,dcid:WesternAsia,2019,2486.73632
dcs:who/AIR_15.AGE--Y60T64__ENVCAUSE--ENVCAUSE114__SEX--M,dcid:WesternAsia,2019,6765.8321
dcs:who/AIR_15.AGE--Y55T59__ENVCAUSE--ENVCAUSE118__SEX--M,dcid:WesternAsia,2019,3226.97282
dcs:who/AIR_15.AGE--Y5T9__ENVCAUSE--ENVCAUSE039__SEX--M,dcid:WesternAsia,2019,3876.29585
dcs:who/AIR_15.AGE--Y45T49__ENVCAUSE--ENVCAUSE118__SEX--M,dcid:WesternAsia,2019,1715.69892
dcs:who/AIR_15.AGE--Y60T64__ENVCAUSE--ENVCAUSE039__SEX--M,dcid:WesternAsia,2019,2381.04665
dcs:who/AIR_15.AGE--Y65T69__ENVCAUSE--ENVCAUSE039__SEX--M,dcid:WesternAsia,2019,2276.97604
dcs:who/AIR_15.ENVCAUSE--ENVCAUSE039__SEX--M,dcid:WesternAsia,2019,145328.3995
dcs:who/AIR_15.AGE--Y_GE80__ENVCAUSE--ENVCAUSE039__SEX--M,dcid:WesternAsia,2019,2371.225
dcs:who/AIR_15.ENVCAUSE--ENVCAUSE114__SEX--M,dcid:WesternAsia,2019,50074.78348
dcs:who/AIR_15.AGE--Y10T14__ENVCAUSE--ENVCAUSE039__SEX--M,dcid:WesternAsia,2019,3903.57359
dcs:who/AIR_15.AGE--Y_GE80__ENVCAUSE--ENVCAUSE118__SEX--M,dcid:WesternAsia,2019,4118.29384
dcs:who/AIR_15.AGE--Y65T69__ENVCAUSE--ENVCAUSE114__SEX--M,dcid:WesternAsia,2019,6888.84103
dcs:who/AIR_15.AGE--Y15T19__ENVCAUSE--ENVCAUSE039__SEX--M,dcid:WesternAsia,2019,1472.83892
dcs:who/AIR_15.AGE--Y_GE80__ENVCAUSE--ENVCAUSE114__SEX--M,dcid:WesternAsia,2019,5308.40056
dcs:who/AIR_15.AGE--Y70T74__ENVCAUSE--ENVCAUSE118__SEX--M,dcid:WesternAsia,2019,4833.43965
dcs:who/AIR_15.AGE--Y30T34__ENVCAUSE--ENVCAUSE039__SEX--M,dcid:WesternAsia,2019,1234.88853
dcs:who/AIR_15.AGE--Y45T49__ENVCAUSE--ENVCAUSE039__SEX--M,dcid:WesternAsia,2019,1398.85565
dcs:who/AIR_15.AGE--Y75T79__ENVCAUSE--ENVCAUSE039__SEX--M,dcid:WesternAsia,2019,1996.35564
dcs:who/AIR_15.AGE--Y75T79__ENVCAUSE--ENVCAUSE118__SEX--M,dcid:WesternAsia,2019,4025.8234
dcs:who/AIR_15.AGE--Y60T64__ENVCAUSE--ENVCAUSE118__SEX--M,dcid:WesternAsia,2019,4392.48351
dcs:who/AIR_15.AGE--Y70T74__ENVCAUSE--ENVCAUSE114__SEX--M,dcid:WesternAsia,2019,6314.5958
dcs:who/AIR_15.AGE--Y50T54__ENVCAUSE--ENVCAUSE114__SEX--M,dcid:WesternAsia,2019,4084.44932
dcs:who/AIR_15.AGE--Y25T29__ENVCAUSE--ENVCAUSE118__SEX--M,dcid:WesternAsia,2019,766.67857
dcs:who/AIR_15.AGE--Y55T59__ENVCAUSE--ENVCAUSE039__SEX--M,dcid:WesternAsia,2019,1865.83268
dcs:who/AIR_15.AGE--Y40T44__ENVCAUSE--ENVCAUSE039__SEX--M,dcid:WesternAsia,2019,1480.25533
dcs:who/AIR_15.AGE--Y50T54__ENVCAUSE--ENVCAUSE118__SEX--M,dcid:WesternAsia,2019,2383.82326
dcs:who/AIR_15.AGE--Y50T54__ENVCAUSE--ENVCAUSE039__SEX--M,dcid:WesternAsia,2019,1477.19915
dcs:who/AIR_15.AGE--Y75T79__ENVCAUSE--ENVCAUSE114__SEX--M,dcid:WesternAsia,2019,5194.92084
dcs:who/AIR_15.AGE--Y25T29__ENVCAUSE--ENVCAUSE039__SEX--M,dcid:WesternAsia,2019,1242.83074
dcs:who/AIR_15.AGE--Y35T39__ENVCAUSE--ENVCAUSE118__SEX--M,dcid:WesternAsia,2019,908.80345
dcs:who/AIR_15.AGE--Y25T29__ENVCAUSE--ENVCAUSE068__SEX--M,dcid:WesternAsia,2019,118.93904
dcs:who/AIR_15.AGE--Y35T39__ENVCAUSE--ENVCAUSE114__SEX--M,dcid:WesternAsia,2019,1833.70827
dcs:who/AIR_15.AGE--Y55T59__ENVCAUSE--ENVCAUSE114__SEX--M,dcid:WesternAsia,2019,5382.02414
dcs:who/AIR_15.AGE--Y45T49__ENVCAUSE--ENVCAUSE114__SEX--M,dcid:WesternAsia,2019,3181.01272
dcs:who/AIR_15.AGE--Y75T79__ENVCAUSE--ENVCAUSE068__SEX--F,dcid:WesternAsia,2019,820.47111
dcs:who/AIR_15.AGE--Y30T34__ENVCAUSE--ENVCAUSE114__SEX--M,dcid:WesternAsia,2019,1388.4282
dcs:who/AIR_15.AGE--Y55T59__ENVCAUSE--ENVCAUSE113__SEX--M,dcid:WesternAsia,2019,20030.70433
dcs:who/AIR_15.AGE--Y50T54__ENVCAUSE--ENVCAUSE113__SEX--M,dcid:WesternAsia,2019,16404.40939
dcs:who/AIR_15.AGE--Y30T34__ENVCAUSE--ENVCAUSE113__SEX--M,dcid:WesternAsia,2019,3854.29502
dcs:who/AIR_15.AGE--Y70T74__ENVCAUSE--ENVCAUSE068__SEX--F,dcid:WesternAsia,2019,1190.98887
dcs:who/AIR_15.AGE--Y75T79__ENVCAUSE--ENVCAUSE113__SEX--M,dcid:WesternAsia,2019,11824.98257
dcs:who/AIR_15.AGE--Y45T49__ENVCAUSE--ENVCAUSE068__SEX--F,dcid:WesternAsia,2019,705.77761
dcs:who/AIR_15.AGE--Y25T29__ENVCAUSE--ENVCAUSE113__SEX--M,dcid:WesternAsia,2019,2250.51586
dcs:who/AIR_15.AGE--Y60T64__ENVCAUSE--ENVCAUSE113__SEX--M,dcid:WesternAsia,2019,22300.24001
dcs:who/AIR_15.AGE--Y_GE80__ENVCAUSE--ENVCAUSE113__SEX--M,dcid:WesternAsia,2019,12393.55351
dcs:who/AIR_15.AGE--Y55T59__ENVCAUSE--ENVCAUSE068__SEX--F,dcid:WesternAsia,2019,1426.41352
dcs:who/AIR_15.AGE--Y25T29__ENVCAUSE--ENVCAUSE114__SEX--M,dcid:WesternAsia,2019,1245.8352
dcs:who/AIR_15.AGE--Y70T74__ENVCAUSE--ENVCAUSE113__SEX--M,dcid:WesternAsia,2019,16534.51308
dcs:who/AIR_15.ENVCAUSE--ENVCAUSE068__SEX--F,dcid:WesternAsia,2019,10186.12866
dcs:who/AIR_15.AGE--Y_GE80__ENVCAUSE--ENVCAUSE068__SEX--F,dcid:WesternAsia,2019,722.12085
dcs:who/AIR_15.AGE--Y65T69__ENVCAUSE--ENVCAUSE068__SEX--F,dcid:WesternAsia,2019,1549.82346
dcs:who/AIR_15.AGE--Y40T44__ENVCAUSE--ENVCAUSE113__SEX--M,dcid:WesternAsia,2019,9282.18152
dcs:who/AIR_15.ENVCAUSE--ENVCAUSE113__SEX--M,dcid:WesternAsia,2019,153807.9663
dcs:who/AIR_15.AGE--Y50T54__ENVCAUSE--ENVCAUSE068__SEX--F,dcid:WesternAsia,2019,1079.0574
dcs:who/AIR_15.AGE--Y35T39__ENVCAUSE--ENVCAUSE113__SEX--M,dcid:WesternAsia,2019,5808.71175
dcs:who/AIR_15.AGE--Y40T44__ENVCAUSE--ENVCAUSE068__SEX--F,dcid:WesternAsia,2019,484.56583
dcs:who/AIR_15.SEX--M,dcid:WesternAsia,2019,417360.8796
dcs:who/AIR_15.AGE--Y65T69__ENVCAUSE--ENVCAUSE113__SEX--M,dcid:WesternAsia,2019,20267.28391
dcs:who/AIR_15.AGE--Y45T49__ENVCAUSE--ENVCAUSE113__SEX--M,dcid:WesternAsia,2019,12856.5762
dcs:who/AIR_15.AGE--Y60T64__ENVCAUSE--ENVCAUSE068__SEX--F,dcid:WesternAsia,2019,1608.91052
dcs:who/AIR_15.AGE--Y65T69__ENVCAUSE--ENVCAUSE039__SEX--F,dcid:WesternAsia,2019,1887.68806
dcs:who/AIR_15.AGE--Y35T39__ENVCAUSE--ENVCAUSE068__SEX--F,dcid:WesternAsia,2019,322.1509
dcs:who/AIR_15.AGE--Y_GE80__ENVCAUSE--ENVCAUSE039__SEX--F,dcid:WesternAsia,2019,3708.13686
dcs:who/AIR_15.AGE--Y70T74__ENVCAUSE--ENVCAUSE039__SEX--F,dcid:WesternAsia,2019,2175.76228
dcs:who/AIR_15.AGE--Y40T44__ENVCAUSE--ENVCAUSE039__SEX--F,dcid:WesternAsia,2019,1193.4359
dcs:who/AIR_15.AGE--Y0T4__ENVCAUSE--ENVCAUSE039__SEX--F,dcid:WesternAsia,2019,86659.18122
dcs:who/AIR_15.AGE--Y50T54__ENVCAUSE--ENVCAUSE118__SEX--F,dcid:WesternAsia,2019,2173.71715
dcs:who/AIR_15.ENVCAUSE--ENVCAUSE114__SEX--F,dcid:WesternAsia,2019,64244.25276
dcs:who/AIR_15.AGE--Y55T59__ENVCAUSE--ENVCAUSE039__SEX--F,dcid:WesternAsia,2019,1474.59763
dcs:who/AIR_15.AGE--Y75T79__ENVCAUSE--ENVCAUSE118__SEX--F,dcid:WesternAsia,2019,3413.48006
dcs:who/AIR_15.AGE--Y60T64__ENVCAUSE--ENVCAUSE118__SEX--F,dcid:WesternAsia,2019,3112.84653
dcs:who/AIR_15.AGE--Y65T69__ENVCAUSE--ENVCAUSE118__SEX--F,dcid:WesternAsia,2019,3406.80399
dcs:who/AIR_15.AGE--Y25T29__ENVCAUSE--ENVCAUSE039__SEX--F,dcid:WesternAsia,2019,1353.83291
dcs:who/AIR_15.AGE--Y25T29__ENVCAUSE--ENVCAUSE068__SEX--F,dcid:WesternAsia,2019,115.75521
dcs:who/AIR_15.AGE--Y5T9__ENVCAUSE--ENVCAUSE039__SEX--F,dcid:WesternAsia,2019,5168.0955
dcs:who/AIR_15.ENVCAUSE--ENVCAUSE039__SEX--F,dcid:WesternAsia,2019,119628.227
dcs:who/AIR_15.AGE--Y35T39__ENVCAUSE--ENVCAUSE039__SEX--F,dcid:WesternAsia,2019,1184.21037
dcs:who/AIR_15.AGE--Y70T74__ENVCAUSE--ENVCAUSE114__SEX--F,dcid:WesternAsia,2019,8028.77873
dcs:who/AIR_15.AGE--Y50T54__ENVCAUSE--ENVCAUSE039__SEX--F,dcid:WesternAsia,2019,1315.9991
dcs:who/AIR_15.AGE--Y45T49__ENVCAUSE--ENVCAUSE114__SEX--F,dcid:WesternAsia,2019,3587.52918
dcs:who/AIR_15.AGE--Y45T49__ENVCAUSE--ENVCAUSE118__SEX--F,dcid:WesternAsia,2019,1609.64826
dcs:who/AIR_15.AGE--Y65T69__ENVCAUSE--ENVCAUSE114__SEX--F,dcid:WesternAsia,2019,7716.36371
dcs:who/AIR_15.AGE--Y30T34__ENVCAUSE--ENVCAUSE068__SEX--F,dcid:WesternAsia,2019,160.09339
dcs:who/AIR_15.AGE--Y30T34__ENVCAUSE--ENVCAUSE118__SEX--F,dcid:WesternAsia,2019,1050.13293
dcs:who/AIR_15.AGE--Y25T29__ENVCAUSE--ENVCAUSE118__SEX--F,dcid:WesternAsia,2019,874.59935
dcs:who/AIR_15.AGE--Y60T64__ENVCAUSE--ENVCAUSE039__SEX--F,dcid:WesternAsia,2019,1756.26433
dcs:who/AIR_15.ENVCAUSE--ENVCAUSE118__SEX--F,dcid:WesternAsia,2019,29618.99387
dcs:who/AIR_15.AGE--Y55T59__ENVCAUSE--ENVCAUSE118__SEX--F,dcid:WesternAsia,2019,2766.53689
dcs:who/AIR_15.AGE--Y40T44__ENVCAUSE--ENVCAUSE118__SEX--F,dcid:WesternAsia,2019,1218.55199
dcs:who/AIR_15.AGE--Y15T19__ENVCAUSE--ENVCAUSE039__SEX--F,dcid:WesternAsia,2019,1460.36143
dcs:who/AIR_15.AGE--Y75T79__ENVCAUSE--ENVCAUSE039__SEX--F,dcid:WesternAsia,2019,2119.21757
dcs:who/AIR_15.AGE--Y10T14__ENVCAUSE--ENVCAUSE039__SEX--F,dcid:WesternAsia,2019,4249.82573
dcs:who/AIR_15.AGE--Y35T39__ENVCAUSE--ENVCAUSE118__SEX--F,dcid:WesternAsia,2019,1178.888
dcs:who/AIR_15.AGE--Y45T49__ENVCAUSE--ENVCAUSE039__SEX--F,dcid:WesternAsia,2019,1187.43766
dcs:who/AIR_15.AGE--Y60T64__ENVCAUSE--ENVCAUSE114__SEX--F,dcid:WesternAsia,2019,6901.42784
dcs:who/AIR_15.AGE--Y_GE80__ENVCAUSE--ENVCAUSE118__SEX--F,dcid:WesternAsia,2019,5252.75612
dcs:who/AIR_15.AGE--Y70T74__ENVCAUSE--ENVCAUSE118__SEX--F,dcid:WesternAsia,2019,3561.03265
dcs:who/AIR_15.AGE--Y30T34__ENVCAUSE--ENVCAUSE039__SEX--F,dcid:WesternAsia,2019,1306.08947
dcs:who/AIR_15.AGE--Y75T79__ENVCAUSE--ENVCAUSE114__SEX--F,dcid:WesternAsia,2019,7713.94832
dcs:who/AIR_15.AGE--Y50T54__ENVCAUSE--ENVCAUSE114__SEX--F,dcid:WesternAsia,2019,4838.17811
dcs:who/AIR_15.AGE--Y_GE80__ENVCAUSE--ENVCAUSE114__SEX--F,dcid:WesternAsia,2019,11151.79072
dcs:who/AIR_15.AGE--Y55T59__ENVCAUSE--ENVCAUSE114__SEX--F,dcid:WesternAsia,2019,5974.64989
dcs:who/AIR_15.AGE--Y20T24__ENVCAUSE--ENVCAUSE039__SEX--F,dcid:WesternAsia,2019,1428.09305
dcs:who/AIR_15.AGE--Y55T59__ENVCAUSE--ENVCAUSE104__SEX--F,dcid:WesternAsia,2019,245.79202
dcs:who/AIR_15.AGE--Y35T39__ENVCAUSE--ENVCAUSE114__SEX--F,dcid:WesternAsia,2019,2289.93788
dcs:who/AIR_15.AGE--Y55T59__ENVCAUSE--ENVCAUSE113__SEX--F,dcid:WesternAsia,2019,11618.03701
dcs:who/AIR_15.AGE--Y30T34__ENVCAUSE--ENVCAUSE114__SEX--F,dcid:WesternAsia,2019,1644.36989
dcs:who/AIR_15.AGE--Y25T29__ENVCAUSE--ENVCAUSE114__SEX--F,dcid:WesternAsia,2019,1313.09823
dcs:who/AIR_15.AGE--Y40T44__ENVCAUSE--ENVCAUSE113__SEX--F,dcid:WesternAsia,2019,4491.12558
dcs:who/AIR_15.AGE--Y45T49__ENVCAUSE--ENVCAUSE113__SEX--F,dcid:WesternAsia,2019,6739.88816
dcs:who/AIR_15.AGE--Y50T54__ENVCAUSE--ENVCAUSE113__SEX--F,dcid:WesternAsia,2019,9301.75463
dcs:who/AIR_15.AGE--Y65T69__ENVCAUSE--ENVCAUSE113__SEX--F,dcid:WesternAsia,2019,15366.47757
dcs:who/AIR_15.AGE--Y70T74__ENVCAUSE--ENVCAUSE104__SEX--F,dcid:WesternAsia,2019,537.02843
dcs:who/AIR_15.AGE--Y75T79__ENVCAUSE--ENVCAUSE113__SEX--F,dcid:WesternAsia,2019,13726.59305
dcs:who/AIR_15.AGE--Y40T44__ENVCAUSE--ENVCAUSE104__SEX--F,dcid:WesternAsia,2019,58.66377
dcs:who/AIR_15.ENVCAUSE--ENVCAUSE113__SEX--F,dcid:WesternAsia,2019,119224.9772
dcs:who/AIR_15.AGE--Y65T69__ENVCAUSE--ENVCAUSE104__SEX--F,dcid:WesternAsia,2019,499.10635
dcs:who/AIR_15.AGE--Y60T64__ENVCAUSE--ENVCAUSE104__SEX--F,dcid:WesternAsia,2019,360.57533
dcs:who/AIR_15.AGE--Y40T44__ENVCAUSE--ENVCAUSE114__SEX--F,dcid:WesternAsia,2019,3084.17961
dcs:who/AIR_15.AGE--Y_GE80__ENVCAUSE--ENVCAUSE113__SEX--F,dcid:WesternAsia,2019,21731.82787
dcs:who/AIR_15.AGE--Y75T79__ENVCAUSE--ENVCAUSE104__SEX--F,dcid:WesternAsia,2019,457.08187
dcs:who/AIR_15.AGE--Y60T64__ENVCAUSE--ENVCAUSE113__SEX--F,dcid:WesternAsia,2019,14187.47604
dcs:who/AIR_15.AGE--Y30T34__ENVCAUSE--ENVCAUSE113__SEX--F,dcid:WesternAsia,2019,2558.57564
dcs:who/AIR_15.AGE--Y70T74__ENVCAUSE--ENVCAUSE113__SEX--F,dcid:WesternAsia,2019,14923.59234
dcs:who/AIR_15.AGE--Y_GE80__ENVCAUSE--ENVCAUSE104__SEX--F,dcid:WesternAsia,2019,621.44944
dcs:who/AIR_15.ENVCAUSE--ENVCAUSE104__SEX--F,dcid:WesternAsia,2019,3095.81637
dcs:who/AIR_15.AGE--Y45T49__ENVCAUSE--ENVCAUSE104__SEX--F,dcid:WesternAsia,2019,92.32784
dcs:who/AIR_15.AGE--Y35T39__ENVCAUSE--ENVCAUSE113__SEX--F,dcid:WesternAsia,2019,3070.9969
dcs:who/AIR_15.AGE--Y25T29__ENVCAUSE--ENVCAUSE113__SEX--F,dcid:WesternAsia,2019,1508.62904
dcs:who/AIR_15.AGE--Y50T54__ENVCAUSE--ENVCAUSE104__SEX--F,dcid:WesternAsia,2019,145.17309
dcs:who/AIR_15.AGE--Y45T49__ENVCAUSE--ENVCAUSE068,dcid:WesternAsia,2019,3482.89394
dcs:who/AIR_15.AGE--Y25T29__ENVCAUSE--ENVCAUSE068,dcid:WesternAsia,2019,234.69425
dcs:who/AIR_15.AGE--Y55T59__ENVCAUSE--ENVCAUSE068,dcid:WesternAsia,2019,7560.30649
dcs:who/AIR_15.AGE--Y25T29__ENVCAUSE--ENVCAUSE039,dcid:WesternAsia,2019,2596.66366
dcs:who/AIR_15.SEX--F,dcid:WesternAsia,2019,345998.401
dcs:who/AIR_15.AGE--Y_GE80__ENVCAUSE--ENVCAUSE068,dcid:WesternAsia,2019,2084.77833
dcs:who/AIR_15.AGE--Y60T64__ENVCAUSE--ENVCAUSE068,dcid:WesternAsia,2019,8077.61301
dcs:who/AIR_15.AGE--Y25T29__ENVCAUSE--ENVCAUSE104__SEX--F,dcid:WesternAsia,2019,11.97561
dcs:who/AIR_15.AGE--Y35T39__ENVCAUSE--ENVCAUSE068,dcid:WesternAsia,2019,904.15614
dcs:who/AIR_15.AGE--Y0T4__ENVCAUSE--ENVCAUSE039,dcid:WesternAsia,2019,200042.0686
dcs:who/AIR_15.AGE--Y70T74__ENVCAUSE--ENVCAUSE039,dcid:WesternAsia,2019,4579.08073
dcs:who/AIR_15.AGE--Y10T14__ENVCAUSE--ENVCAUSE039,dcid:WesternAsia,2019,8153.39956
dcs:who/AIR_15.AGE--Y15T19__ENVCAUSE--ENVCAUSE039,dcid:WesternAsia,2019,2933.20021
dcs:who/AIR_15.AGE--Y30T34__ENVCAUSE--ENVCAUSE068,dcid:WesternAsia,2019,350.67319
dcs:who/AIR_15.ENVCAUSE--ENVCAUSE039,dcid:WesternAsia,2019,264956.619
dcs:who/AIR_15.AGE--Y40T44__ENVCAUSE--ENVCAUSE039,dcid:WesternAsia,2019,2673.69121
dcs:who/AIR_15.AGE--Y55T59__ENVCAUSE--ENVCAUSE039,dcid:WesternAsia,2019,3340.4303
dcs:who/AIR_15.ENVCAUSE--ENVCAUSE118,dcid:WesternAsia,2019,62980.82945
dcs:who/AIR_15.AGE--Y75T79__ENVCAUSE--ENVCAUSE039,dcid:WesternAsia,2019,4115.5732
dcs:who/AIR_15.AGE--Y20T24__ENVCAUSE--ENVCAUSE039,dcid:WesternAsia,2019,2675.67205
dcs:who/AIR_15.AGE--Y45T49__ENVCAUSE--ENVCAUSE039,dcid:WesternAsia,2019,2586.29333
dcs:who/AIR_15.AGE--Y50T54__ENVCAUSE--ENVCAUSE068,dcid:WesternAsia,2019,5597.12402
dcs:who/AIR_15.AGE--Y75T79__ENVCAUSE--ENVCAUSE068,dcid:WesternAsia,2019,2985.49644
dcs:who/AIR_15.AGE--Y70T74__ENVCAUSE--ENVCAUSE068,dcid:WesternAsia,2019,4908.01704
dcs:who/AIR_15.ENVCAUSE--ENVCAUSE068,dcid:WesternAsia,2019,44974.0181
dcs:who/AIR_15.AGE--Y_GE80__ENVCAUSE--ENVCAUSE039,dcid:WesternAsia,2019,6079.36177
dcs:who/AIR_15.AGE--Y60T64__ENVCAUSE--ENVCAUSE039,dcid:WesternAsia,2019,4137.31089
dcs:who/AIR_15.AGE--Y40T44__ENVCAUSE--ENVCAUSE068,dcid:WesternAsia,2019,1748.66954
dcs:who/AIR_15.AGE--Y65T69__ENVCAUSE--ENVCAUSE068,dcid:WesternAsia,2019,7039.59496
dcs:who/AIR_15.AGE--Y65T69__ENVCAUSE--ENVCAUSE118,dcid:WesternAsia,2019,8271.48554
dcs:who/AIR_15.AGE--Y35T39__ENVCAUSE--ENVCAUSE104__SEX--F,dcid:WesternAsia,2019,39.03544
dcs:who/AIR_15.AGE--Y65T69__ENVCAUSE--ENVCAUSE039,dcid:WesternAsia,2019,4164.66397
dcs:who/AIR_15.AGE--Y75T79__ENVCAUSE--ENVCAUSE118,dcid:WesternAsia,2019,7439.30347
dcs:who/AIR_15.AGE--Y35T39__ENVCAUSE--ENVCAUSE039,dcid:WesternAsia,2019,2500.64356
dcs:who/AIR_15.AGE--Y30T34__ENVCAUSE--ENVCAUSE039,dcid:WesternAsia,2019,2540.978
dcs:who/AIR_15.AGE--Y_GE80__ENVCAUSE--ENVCAUSE118,dcid:WesternAsia,2019,9371.04984
dcs:who/AIR_15.AGE--Y5T9__ENVCAUSE--ENVCAUSE039,dcid:WesternAsia,2019,9044.39165
dcs:who/AIR_15.AGE--Y30T34__ENVCAUSE--ENVCAUSE104__SEX--F,dcid:WesternAsia,2019,27.60715
dcs:who/AIR_15.AGE--Y70T74__ENVCAUSE--ENVCAUSE118,dcid:WesternAsia,2019,8394.47205
dcs:who/AIR_15.AGE--Y60T64__ENVCAUSE--ENVCAUSE118,dcid:WesternAsia,2019,7505.33016
dcs:who/AIR_15.AGE--Y50T54__ENVCAUSE--ENVCAUSE039,dcid:WesternAsia,2019,2793.19828
dcs:who/AIR_15.AGE--Y25T29__ENVCAUSE--ENVCAUSE118,dcid:WesternAsia,2019,1641.27793
dcs:who/AIR_15.AGE--Y50T54__ENVCAUSE--ENVCAUSE114,dcid:WesternAsia,2019,8922.62748
dcs:who/AIR_15.AGE--Y60T64__ENVCAUSE--ENVCAUSE114,dcid:WesternAsia,2019,13667.2601
dcs:who/AIR_15.AGE--Y_GE80__ENVCAUSE--ENVCAUSE113,dcid:WesternAsia,2019,34125.38113
dcs:who/AIR_15.AGE--Y45T49__ENVCAUSE--ENVCAUSE114,dcid:WesternAsia,2019,6768.542
dcs:who/AIR_15.AGE--Y65T69__ENVCAUSE--ENVCAUSE114,dcid:WesternAsia,2019,14605.20434
dcs:who/AIR_15.ENVCAUSE--ENVCAUSE114,dcid:WesternAsia,2019,114319.0377
dcs:who/AIR_15.AGE--Y35T39__ENVCAUSE--ENVCAUSE114,dcid:WesternAsia,2019,4123.64616
dcs:who/AIR_15.AGE--Y55T59__ENVCAUSE--ENVCAUSE114,dcid:WesternAsia,2019,11356.67414
dcs:who/AIR_15.AGE--Y55T59__ENVCAUSE--ENVCAUSE118,dcid:WesternAsia,2019,5993.5097
dcs:who/AIR_15.AGE--Y25T29__ENVCAUSE--ENVCAUSE114,dcid:WesternAsia,2019,2558.93342
dcs:who/AIR_15.AGE--Y40T44__ENVCAUSE--ENVCAUSE118,dcid:WesternAsia,2019,2468.59032
dcs:who/AIR_15.AGE--Y75T79__ENVCAUSE--ENVCAUSE114,dcid:WesternAsia,2019,12908.869
dcs:who/AIR_15.AGE--Y30T34__ENVCAUSE--ENVCAUSE114,dcid:WesternAsia,2019,3032.79813
dcs:who/AIR_15.AGE--Y30T34__ENVCAUSE--ENVCAUSE118,dcid:WesternAsia,2019,1925.2321
dcs:who/AIR_15.AGE--Y70T74__ENVCAUSE--ENVCAUSE114,dcid:WesternAsia,2019,14343.37478
dcs:who/AIR_15.AGE--Y50T54__ENVCAUSE--ENVCAUSE118,dcid:WesternAsia,2019,4557.54047
dcs:who/AIR_15.AGE--Y_GE80__ENVCAUSE--ENVCAUSE114,dcid:WesternAsia,2019,16460.19153
dcs:who/AIR_15.AGE--Y75T79__ENVCAUSE--ENVCAUSE113,dcid:WesternAsia,2019,25551.5755
dcs:who/AIR_15.AGE--Y45T49__ENVCAUSE--ENVCAUSE118,dcid:WesternAsia,2019,3325.34712
dcs:who/AIR_15.AGE--Y40T44__ENVCAUSE--ENVCAUSE114,dcid:WesternAsia,2019,5570.9161
dcs:who/AIR_15.ENVCAUSE--ENVCAUSE113,dcid:WesternAsia,2019,273032.9438
dcs:who/AIR_15.AGE--Y35T39__ENVCAUSE--ENVCAUSE118,dcid:WesternAsia,2019,2087.6915
dcs:who/AIR_15.AGE--Y45T49__ENVCAUSE--ENVCAUSE104,dcid:WesternAsia,2019,92.32784
dcs:who/AIR_15.AGE--Y30T34__ENVCAUSE--ENVCAUSE113,dcid:WesternAsia,2019,6412.87043
dcs:who/AIR_15.AGE--Y45T49__ENVCAUSE--ENVCAUSE113,dcid:WesternAsia,2019,19596.46425
dcs:who/AIR_15,dcid:WesternAsia,2019,763359.2631
dcs:who/AIR_15.AGE--Y50T54__ENVCAUSE--ENVCAUSE104,dcid:WesternAsia,2019,145.17309
dcs:who/AIR_15.AGE--Y35T39__ENVCAUSE--ENVCAUSE113,dcid:WesternAsia,2019,8879.70861
dcs:who/AIR_15.AGE--Y25T29__ENVCAUSE--ENVCAUSE104,dcid:WesternAsia,2019,11.97561
dcs:who/AIR_15.AGE--Y25T29__ENVCAUSE--ENVCAUSE113,dcid:WesternAsia,2019,3759.14489
dcs:who/AIR_15.AGE--Y60T64__ENVCAUSE--ENVCAUSE113,dcid:WesternAsia,2019,36487.71474
dcs:who/AIR_15.AGE--Y35T39__ENVCAUSE--ENVCAUSE104,dcid:WesternAsia,2019,39.03544
dcs:who/AIR_15.AGE--Y65T69__ENVCAUSE--ENVCAUSE104,dcid:WesternAsia,2019,499.10635
dcs:who/AIR_15.AGE--Y55T59__ENVCAUSE--ENVCAUSE113,dcid:WesternAsia,2019,31648.74148
dcs:who/AIR_15.AGE--Y40T44__ENVCAUSE--ENVCAUSE104,dcid:WesternAsia,2019,58.66377
dcs:who/AIR_15.AGE--Y70T74__ENVCAUSE--ENVCAUSE113,dcid:WesternAsia,2019,31458.10455
dcs:who/AIR_15.AGE--Y60T64__ENVCAUSE--ENVCAUSE104,dcid:WesternAsia,2019,360.57533
dcs:who/AIR_15.AGE--Y70T74__ENVCAUSE--ENVCAUSE104,dcid:WesternAsia,2019,537.02843
dcs:who/AIR_15.AGE--Y75T79__ENVCAUSE--ENVCAUSE104,dcid:WesternAsia,2019,457.08187
dcs:who/AIR_15.AGE--Y40T44__ENVCAUSE--ENVCAUSE113,dcid:WesternAsia,2019,13773.30707
dcs:who/AIR_15.AGE--Y50T54__ENVCAUSE--ENVCAUSE113,dcid:WesternAsia,2019,25706.1635
dcs:who/AIR_15.AGE--Y55T59__ENVCAUSE--ENVCAUSE104,dcid:WesternAsia,2019,245.79202
dcs:who/AIR_15.AGE--Y_GE80__ENVCAUSE--ENVCAUSE104,dcid:WesternAsia,2019,621.44944
dcs:who/AIR_15.AGE--Y65T69__ENVCAUSE--ENVCAUSE113,dcid:WesternAsia,2019,35633.76034
dcs:who/AIR_15.AGE--Y30T34__ENVCAUSE--ENVCAUSE104,dcid:WesternAsia,2019,27.60715
dcs:who/AIR_15.ENVCAUSE--ENVCAUSE104,dcid:WesternAsia,2019,3095.81637
dcs:who/AIR_15.ENVCAUSE--ENVCAUSE068__SEX--M,dcid:africa,2019,110840.9009
dcs:who/AIR_15.AGE--Y50T54__ENVCAUSE--ENVCAUSE068__SEX--M,dcid:africa,2019,16311.369
dcs:who/AIR_15.AGE--Y75T79__ENVCAUSE--ENVCAUSE068__SEX--M,dcid:africa,2019,5680.58241
dcs:who/AIR_15.AGE--Y60T64__ENVCAUSE--ENVCAUSE068__SEX--M,dcid:africa,2019,16260.68128
dcs:who/AIR_15.AGE--Y25T29__ENVCAUSE--ENVCAUSE068__SEX--M,dcid:africa,2019,1040.17167
dcs:who/AIR_15.ENVCAUSE--ENVCAUSE039__SEX--M,dcid:africa,2019,11316846.0
dcs:who/AIR_15.AGE--Y70T74__ENVCAUSE--ENVCAUSE068__SEX--M,dcid:africa,2019,9568.49816
dcs:who/AIR_15.AGE--Y35T39__ENVCAUSE--ENVCAUSE068__SEX--M,dcid:africa,2019,3919.33744
dcs:who/AIR_15.AGE--Y75T79__ENVCAUSE--ENVCAUSE039__SEX--M,dcid:africa,2019,155673.8701
dcs:who/AIR_15.AGE--Y55T59__ENVCAUSE--ENVCAUSE068__SEX--M,dcid:africa,2019,17260.16599
dcs:who/AIR_15.AGE--Y_GE80__ENVCAUSE--ENVCAUSE039__SEX--M,dcid:africa,2019,126461.3561
dcs:who/AIR_15.AGE--Y45T49__ENVCAUSE--ENVCAUSE068__SEX--M,dcid:africa,2019,13166.48818
dcs:who/AIR_15.AGE--Y_GE80__ENVCAUSE--ENVCAUSE068__SEX--M,dcid:africa,2019,3195.5007
dcs:who/AIR_15.AGE--Y30T34__ENVCAUSE--ENVCAUSE068__SEX--M,dcid:africa,2019,2216.84357
dcs:who/AIR_15.AGE--Y40T44__ENVCAUSE--ENVCAUSE068__SEX--M,dcid:africa,2019,8718.94258
dcs:who/AIR_15.AGE--Y65T69__ENVCAUSE--ENVCAUSE068__SEX--M,dcid:africa,2019,13502.31871
dcs:who/AIR_15.AGE--Y55T59__ENVCAUSE--ENVCAUSE039__SEX--M,dcid:africa,2019,230790.1034
dcs:who/AIR_15.AGE--Y30T34__ENVCAUSE--ENVCAUSE118__SEX--M,dcid:africa,2019,27509.07251
dcs:who/AIR_15.ENVCAUSE--ENVCAUSE114__SEX--M,dcid:africa,2019,1603395.572
dcs:who/AIR_15.AGE--Y10T14__ENVCAUSE--ENVCAUSE039__SEX--M,dcid:africa,2019,250261.188
dcs:who/AIR_15.AGE--Y40T44__ENVCAUSE--ENVCAUSE118__SEX--M,dcid:africa,2019,36826.70774
dcs:who/AIR_15.AGE--Y45T49__ENVCAUSE--ENVCAUSE118__SEX--M,dcid:africa,2019,49302.62542
dcs:who/AIR_15.AGE--Y65T69__ENVCAUSE--ENVCAUSE039__SEX--M,dcid:africa,2019,233007.5914
dcs:who/AIR_15.AGE--Y75T79__ENVCAUSE--ENVCAUSE118__SEX--M,dcid:africa,2019,75329.89408
dcs:who/AIR_15.AGE--Y60T64__ENVCAUSE--ENVCAUSE118__SEX--M,dcid:africa,2019,108954.5918
dcs:who/AIR_15.AGE--Y_GE80__ENVCAUSE--ENVCAUSE118__SEX--M,dcid:africa,2019,57936.23151
dcs:who/AIR_15.AGE--Y20T24__ENVCAUSE--ENVCAUSE039__SEX--M,dcid:africa,2019,101256.3607
dcs:who/AIR_15.AGE--Y45T49__ENVCAUSE--ENVCAUSE039__SEX--M,dcid:africa,2019,186620.1984
dcs:who/AIR_15.AGE--Y0T4__ENVCAUSE--ENVCAUSE039__SEX--M,dcid:africa,2019,8311700.832
dcs:who/AIR_15.AGE--Y15T19__ENVCAUSE--ENVCAUSE039__SEX--M,dcid:africa,2019,97007.24343
dcs:who/AIR_15.AGE--Y_GE80__ENVCAUSE--ENVCAUSE114__SEX--M,dcid:africa,2019,87277.81046
dcs:who/AIR_15.AGE--Y75T79__ENVCAUSE--ENVCAUSE114__SEX--M,dcid:africa,2019,124804.6206
dcs:who/AIR_15.AGE--Y50T54__ENVCAUSE--ENVCAUSE118__SEX--M,dcid:africa,2019,69144.34423
dcs:who/AIR_15.ENVCAUSE--ENVCAUSE118__SEX--M,dcid:africa,2019,796568.7971
dcs:who/AIR_15.AGE--Y55T59__ENVCAUSE--ENVCAUSE118__SEX--M,dcid:africa,2019,86726.83495
dcs:who/AIR_15.AGE--Y25T29__ENVCAUSE--ENVCAUSE039__SEX--M,dcid:africa,2019,110110.0097
dcs:who/AIR_15.AGE--Y30T34__ENVCAUSE--ENVCAUSE039__SEX--M,dcid:africa,2019,114150.9371
dcs:who/AIR_15.AGE--Y35T39__ENVCAUSE--ENVCAUSE118__SEX--M,dcid:africa,2019,27432.67524
dcs:who/AIR_15.AGE--Y5T9__ENVCAUSE--ENVCAUSE039__SEX--M,dcid:africa,2019,461741.0335
dcs:who/AIR_15.AGE--Y40T44__ENVCAUSE--ENVCAUSE039__SEX--M,dcid:africa,2019,146423.8475
dcs:who/AIR_15.AGE--Y60T64__ENVCAUSE--ENVCAUSE039__SEX--M,dcid:africa,2019,248231.3192
dcs:who/AIR_15.AGE--Y70T74__ENVCAUSE--ENVCAUSE039__SEX--M,dcid:africa,2019,216443.6876
dcs:who/AIR_15.AGE--Y50T54__ENVCAUSE--ENVCAUSE039__SEX--M,dcid:africa,2019,197831.3634
dcs:who/AIR_15.AGE--Y35T39__ENVCAUSE--ENVCAUSE039__SEX--M,dcid:africa,2019,129135.0094
dcs:who/AIR_15.AGE--Y70T74__ENVCAUSE--ENVCAUSE118__SEX--M,dcid:africa,2019,118356.4702
dcs:who/AIR_15.AGE--Y25T29__ENVCAUSE--ENVCAUSE118__SEX--M,dcid:africa,2019,23025.58682
dcs:who/AIR_15.AGE--Y65T69__ENVCAUSE--ENVCAUSE118__SEX--M,dcid:africa,2019,116023.7598
dcs:who/AIR_15.AGE--Y55T59__ENVCAUSE--ENVCAUSE114__SEX--M,dcid:africa,2019,196289.638
dcs:who/AIR_15.AGE--Y75T79__ENVCAUSE--ENVCAUSE068__SEX--F,dcid:africa,2019,4075.15516
dcs:who/AIR_15.ENVCAUSE--ENVCAUSE039__SEX--F,dcid:africa,2019,8829633.022
dcs:who/AIR_15.AGE--Y50T54__ENVCAUSE--ENVCAUSE068__SEX--F,dcid:africa,2019,12317.51962
dcs:who/AIR_15.AGE--Y65T69__ENVCAUSE--ENVCAUSE114__SEX--M,dcid:africa,2019,225534.7495
dcs:who/AIR_15.AGE--Y_GE80__ENVCAUSE--ENVCAUSE113__SEX--M,dcid:africa,2019,99483.62252
dcs:who/AIR_15.AGE--Y30T34__ENVCAUSE--ENVCAUSE113__SEX--M,dcid:africa,2019,42195.18031
dcs:who/AIR_15.AGE--Y25T29__ENVCAUSE--ENVCAUSE113__SEX--M,dcid:africa,2019,22814.95644
dcs:who/AIR_15.AGE--Y60T64__ENVCAUSE--ENVCAUSE113__SEX--M,dcid:africa,2019,252609.6311
dcs:who/AIR_15.AGE--Y40T44__ENVCAUSE--ENVCAUSE068__SEX--F,dcid:africa,2019,7678.44058
dcs:who/AIR_15.AGE--Y_GE80__ENVCAUSE--ENVCAUSE068__SEX--F,dcid:africa,2019,2590.16306
dcs:who/AIR_15.AGE--Y50T54__ENVCAUSE--ENVCAUSE113__SEX--M,dcid:africa,2019,191436.3878
dcs:who/AIR_15.AGE--Y70T74__ENVCAUSE--ENVCAUSE113__SEX--M,dcid:africa,2019,215853.3643
dcs:who/AIR_15.ENVCAUSE--ENVCAUSE068__SEX--F,dcid:africa,2019,86012.32737
dcs:who/AIR_15.AGE--Y_GE80__ENVCAUSE--ENVCAUSE039__SEX--F,dcid:africa,2019,147842.2337
dcs:who/AIR_15.AGE--Y55T59__ENVCAUSE--ENVCAUSE068__SEX--F,dcid:africa,2019,12537.30996
dcs:who/AIR_15.AGE--Y45T49__ENVCAUSE--ENVCAUSE114__SEX--M,dcid:africa,2019,127116.8185
dcs:who/AIR_15.AGE--Y40T44__ENVCAUSE--ENVCAUSE114__SEX--M,dcid:africa,2019,103093.6008
dcs:who/AIR_15.AGE--Y60T64__ENVCAUSE--ENVCAUSE068__SEX--F,dcid:africa,2019,12538.61468
dcs:who/AIR_15.AGE--Y65T69__ENVCAUSE--ENVCAUSE113__SEX--M,dcid:africa,2019,248293.631
dcs:who/AIR_15.AGE--Y30T34__ENVCAUSE--ENVCAUSE114__SEX--M,dcid:africa,2019,43886.9487
dcs:who/AIR_15.AGE--Y60T64__ENVCAUSE--ENVCAUSE114__SEX--M,dcid:africa,2019,243845.814
dcs:who/AIR_15.AGE--Y40T44__ENVCAUSE--ENVCAUSE113__SEX--M,dcid:africa,2019,97627.15701
dcs:who/AIR_15.AGE--Y35T39__ENVCAUSE--ENVCAUSE068__SEX--F,dcid:africa,2019,4421.84151
dcs:who/AIR_15.AGE--Y25T29__ENVCAUSE--ENVCAUSE114__SEX--M,dcid:africa,2019,37131.65324
dcs:who/AIR_15.AGE--Y65T69__ENVCAUSE--ENVCAUSE068__SEX--F,dcid:africa,2019,9343.2988
dcs:who/AIR_15.SEX--M,dcid:africa,2019,15581817.08
dcs:who/AIR_15.AGE--Y75T79__ENVCAUSE--ENVCAUSE113__SEX--M,dcid:africa,2019,131529.8978
dcs:who/AIR_15.AGE--Y70T74__ENVCAUSE--ENVCAUSE068__SEX--F,dcid:africa,2019,6859.1805
dcs:who/AIR_15.AGE--Y35T39__ENVCAUSE--ENVCAUSE114__SEX--M,dcid:africa,2019,57232.48957
dcs:who/AIR_15.ENVCAUSE--ENVCAUSE113__SEX--M,dcid:africa,2019,1754165.915
dcs:who/AIR_15.AGE--Y30T34__ENVCAUSE--ENVCAUSE068__SEX--F,dcid:africa,2019,1874.96665
dcs:who/AIR_15.AGE--Y45T49__ENVCAUSE--ENVCAUSE113__SEX--M,dcid:africa,2019,150177.4571
dcs:who/AIR_15.AGE--Y50T54__ENVCAUSE--ENVCAUSE114__SEX--M,dcid:africa,2019,174437.8164
dcs:who/AIR_15.AGE--Y70T74__ENVCAUSE--ENVCAUSE114__SEX--M,dcid:africa,2019,182743.6185
dcs:who/AIR_15.AGE--Y55T59__ENVCAUSE--ENVCAUSE113__SEX--M,dcid:africa,2019,232651.5963
dcs:who/AIR_15.AGE--Y35T39__ENVCAUSE--ENVCAUSE113__SEX--M,dcid:africa,2019,69493.03701
dcs:who/AIR_15.AGE--Y25T29__ENVCAUSE--ENVCAUSE068__SEX--F,dcid:africa,2019,996.1392
dcs:who/AIR_15.AGE--Y45T49__ENVCAUSE--ENVCAUSE068__SEX--F,dcid:africa,2019,10779.69765
dcs:who/AIR_15.AGE--Y10T14__ENVCAUSE--ENVCAUSE039__SEX--F,dcid:africa,2019,232817.1368
dcs:who/AIR_15.AGE--Y45T49__ENVCAUSE--ENVCAUSE039__SEX--F,dcid:africa,2019,97160.36124
dcs:who/AIR_15.AGE--Y25T29__ENVCAUSE--ENVCAUSE039__SEX--F,dcid:africa,2019,91502.67388
dcs:who/AIR_15.AGE--Y65T69__ENVCAUSE--ENVCAUSE118__SEX--F,dcid:africa,2019,98827.66074
dcs:who/AIR_15.AGE--Y50T54__ENVCAUSE--ENVCAUSE039__SEX--F,dcid:africa,2019,137135.2382
dcs:who/AIR_15.AGE--Y35T39__ENVCAUSE--ENVCAUSE039__SEX--F,dcid:africa,2019,96348.81646
dcs:who/AIR_15.ENVCAUSE--ENVCAUSE118__SEX--F,dcid:africa,2019,692421.2302
dcs:who/AIR_15.AGE--Y30T34__ENVCAUSE--ENVCAUSE039__SEX--F,dcid:africa,2019,93976.85034
dcs:who/AIR_15.AGE--Y55T59__ENVCAUSE--ENVCAUSE039__SEX--F,dcid:africa,2019,149631.2112
dcs:who/AIR_15.AGE--Y50T54__ENVCAUSE--ENVCAUSE118__SEX--F,dcid:africa,2019,57988.4659
dcs:who/AIR_15.AGE--Y_GE80__ENVCAUSE--ENVCAUSE118__SEX--F,dcid:africa,2019,55457.887
dcs:who/AIR_15.AGE--Y65T69__ENVCAUSE--ENVCAUSE039__SEX--F,dcid:africa,2019,182619.4191
dcs:who/AIR_15.AGE--Y75T79__ENVCAUSE--ENVCAUSE039__SEX--F,dcid:africa,2019,154073.1328
dcs:who/AIR_15.AGE--Y60T64__ENVCAUSE--ENVCAUSE118__SEX--F,dcid:africa,2019,87462.5358
dcs:who/AIR_15.AGE--Y15T19__ENVCAUSE--ENVCAUSE039__SEX--F,dcid:africa,2019,85636.89679
dcs:who/AIR_15.AGE--Y40T44__ENVCAUSE--ENVCAUSE039__SEX--F,dcid:africa,2019,98853.52009
dcs:who/AIR_15.AGE--Y45T49__ENVCAUSE--ENVCAUSE118__SEX--F,dcid:africa,2019,41764.05435
dcs:who/AIR_15.AGE--Y55T59__ENVCAUSE--ENVCAUSE118__SEX--F,dcid:africa,2019,72211.86924
dcs:who/AIR_15.AGE--Y75T79__ENVCAUSE--ENVCAUSE118__SEX--F,dcid:africa,2019,69141.59114
dcs:who/AIR_15.AGE--Y70T74__ENVCAUSE--ENVCAUSE118__SEX--F,dcid:africa,2019,91906.65868
dcs:who/AIR_15.AGE--Y35T39__ENVCAUSE--ENVCAUSE118__SEX--F,dcid:africa,2019,31540.95802
dcs:who/AIR_15.AGE--Y20T24__ENVCAUSE--ENVCAUSE039__SEX--F,dcid:africa,2019,80311.92955
dcs:who/AIR_15.AGE--Y5T9__ENVCAUSE--ENVCAUSE039__SEX--F,dcid:africa,2019,535188.4625
dcs:who/AIR_15.AGE--Y60T64__ENVCAUSE--ENVCAUSE039__SEX--F,dcid:africa,2019,173648.2341
dcs:who/AIR_15.AGE--Y0T4__ENVCAUSE--ENVCAUSE039__SEX--F,dcid:africa,2019,6280566.965
dcs:who/AIR_15.AGE--Y30T34__ENVCAUSE--ENVCAUSE118__SEX--F,dcid:africa,2019,29579.61233
dcs:who/AIR_15.AGE--Y70T74__ENVCAUSE--ENVCAUSE039__SEX--F,dcid:africa,2019,192320.0983
dcs:who/AIR_15.AGE--Y40T44__ENVCAUSE--ENVCAUSE118__SEX--F,dcid:africa,2019,30481.38017
dcs:who/AIR_15.AGE--Y45T49__ENVCAUSE--ENVCAUSE114__SEX--F,dcid:africa,2019,111708.6821
dcs:who/AIR_15.AGE--Y75T79__ENVCAUSE--ENVCAUSE104__SEX--F,dcid:africa,2019,20142.67785
dcs:who/AIR_15.AGE--Y40T44__ENVCAUSE--ENVCAUSE114__SEX--F,dcid:africa,2019,82152.36513
dcs:who/AIR_15.AGE--Y35T39__ENVCAUSE--ENVCAUSE104__SEX--F,dcid:africa,2019,2790.22354
dcs:who/AIR_15.AGE--Y30T34__ENVCAUSE--ENVCAUSE114__SEX--F,dcid:africa,2019,41090.3681
dcs:who/AIR_15.AGE--Y_GE80__ENVCAUSE--ENVCAUSE114__SEX--F,dcid:africa,2019,149524.8518
dcs:who/AIR_15.AGE--Y65T69__ENVCAUSE--ENVCAUSE114__SEX--F,dcid:africa,2019,231438.9879
dcs:who/AIR_15.AGE--Y45T49__ENVCAUSE--ENVCAUSE104__SEX--F,dcid:africa,2019,7812.34976
dcs:who/AIR_15.AGE--Y25T29__ENVCAUSE--ENVCAUSE114__SEX--F,dcid:africa,2019,27984.21446
dcs:who/AIR_15.AGE--Y50T54__ENVCAUSE--ENVCAUSE104__SEX--F,dcid:africa,2019,10832.48175
dcs:who/AIR_15.AGE--Y25T29__ENVCAUSE--ENVCAUSE113__SEX--F,dcid:africa,2019,9500.95023
dcs:who/AIR_15.AGE--Y35T39__ENVCAUSE--ENVCAUSE113__SEX--F,dcid:africa,2019,30093.7068
dcs:who/AIR_15.AGE--Y55T59__ENVCAUSE--ENVCAUSE113__SEX--F,dcid:africa,2019,145210.6468
dcs:who/AIR_15.AGE--Y75T79__ENVCAUSE--ENVCAUSE114__SEX--F,dcid:africa,2019,193999.3919
dcs:who/AIR_15.AGE--Y60T64__ENVCAUSE--ENVCAUSE104__SEX--F,dcid:africa,2019,19454.78424
dcs:who/AIR_15.ENVCAUSE--ENVCAUSE114__SEX--F,dcid:africa,2019,1704322.662
dcs:who/AIR_15.ENVCAUSE--ENVCAUSE104__SEX--F,dcid:africa,2019,152198.506
dcs:who/AIR_15.AGE--Y35T39__ENVCAUSE--ENVCAUSE114__SEX--F,dcid:africa,2019,58402.58378
dcs:who/AIR_15.AGE--Y70T74__ENVCAUSE--ENVCAUSE113__SEX--F,dcid:africa,2019,233770.9215
dcs:who/AIR_15.AGE--Y60T64__ENVCAUSE--ENVCAUSE113__SEX--F,dcid:africa,2019,186918.0107
dcs:who/AIR_15.AGE--Y45T49__ENVCAUSE--ENVCAUSE113__SEX--F,dcid:africa,2019,78751.82934
dcs:who/AIR_15.AGE--Y_GE80__ENVCAUSE--ENVCAUSE104__SEX--F,dcid:africa,2019,21381.68025
dcs:who/AIR_15.AGE--Y40T44__ENVCAUSE--ENVCAUSE104__SEX--F,dcid:africa,2019,4792.02932
dcs:who/AIR_15.AGE--Y40T44__ENVCAUSE--ENVCAUSE113__SEX--F,dcid:africa,2019,47196.49435
dcs:who/AIR_15.AGE--Y50T54__ENVCAUSE--ENVCAUSE114__SEX--F,dcid:africa,2019,163816.4173
dcs:who/AIR_15.AGE--Y55T59__ENVCAUSE--ENVCAUSE104__SEX--F,dcid:africa,2019,14826.36866
dcs:who/AIR_15.AGE--Y65T69__ENVCAUSE--ENVCAUSE104__SEX--F,dcid:africa,2019,23374.13731
dcs:who/AIR_15.AGE--Y60T64__ENVCAUSE--ENVCAUSE114__SEX--F,dcid:africa,2019,215039.7852
dcs:who/AIR_15.AGE--Y55T59__ENVCAUSE--ENVCAUSE114__SEX--F,dcid:africa,2019,188853.2203
dcs:who/AIR_15.ENVCAUSE--ENVCAUSE113__SEX--F,dcid:africa,2019,1424601.32
dcs:who/AIR_15.AGE--Y75T79__ENVCAUSE--ENVCAUSE113__SEX--F,dcid:africa,2019,178115.236
dcs:who/AIR_15.AGE--Y65T69__ENVCAUSE--ENVCAUSE113__SEX--F,dcid:africa,2019,223174.1842
dcs:who/AIR_15.AGE--Y_GE80__ENVCAUSE--ENVCAUSE113__SEX--F,dcid:africa,2019,153077.118
dcs:who/AIR_15.AGE--Y25T29__ENVCAUSE--ENVCAUSE118__SEX--F,dcid:africa,2019,26058.55585
dcs:who/AIR_15.AGE--Y30T34__ENVCAUSE--ENVCAUSE113__SEX--F,dcid:africa,2019,20814.86645
dcs:who/AIR_15.AGE--Y50T54__ENVCAUSE--ENVCAUSE113__SEX--F,dcid:africa,2019,117977.3698
dcs:who/AIR_15.AGE--Y70T74__ENVCAUSE--ENVCAUSE114__SEX--F,dcid:africa,2019,240311.7826
dcs:who/AIR_15.AGE--Y70T74__ENVCAUSE--ENVCAUSE104__SEX--F,dcid:africa,2019,24410.11747
dcs:who/AIR_15.AGE--Y60T64__ENVCAUSE--ENVCAUSE068,dcid:africa,2019,28799.29616
dcs:who/AIR_15.AGE--Y35T39__ENVCAUSE--ENVCAUSE039,dcid:africa,2019,225483.8291
dcs:who/AIR_15.AGE--Y35T39__ENVCAUSE--ENVCAUSE068,dcid:africa,2019,8341.17898
dcs:who/AIR_15.AGE--Y_GE80__ENVCAUSE--ENVCAUSE068,dcid:africa,2019,5785.66385
dcs:who/AIR_15.AGE--Y55T59__ENVCAUSE--ENVCAUSE068,dcid:africa,2019,29797.47652
dcs:who/AIR_15.AGE--Y55T59__ENVCAUSE--ENVCAUSE039,dcid:africa,2019,380421.3137
dcs:who/AIR_15.AGE--Y30T34__ENVCAUSE--ENVCAUSE104__SEX--F,dcid:africa,2019,1699.96397
dcs:who/AIR_15.AGE--Y25T29__ENVCAUSE--ENVCAUSE068,dcid:africa,2019,2036.3109
dcs:who/AIR_15.AGE--Y65T69__ENVCAUSE--ENVCAUSE039,dcid:africa,2019,415627.0109
dcs:who/AIR_15.AGE--Y70T74__ENVCAUSE--ENVCAUSE068,dcid:africa,2019,16427.67829
dcs:who/AIR_15.AGE--Y25T29__ENVCAUSE--ENVCAUSE039,dcid:africa,2019,201612.6843
dcs:who/AIR_15.ENVCAUSE--ENVCAUSE039,dcid:africa,2019,20146479.13
dcs:who/AIR_15.AGE--Y45T49__ENVCAUSE--ENVCAUSE039,dcid:africa,2019,283780.5594
dcs:who/AIR_15.AGE--Y50T54__ENVCAUSE--ENVCAUSE039,dcid:africa,2019,334966.6033
dcs:who/AIR_15.AGE--Y40T44__ENVCAUSE--ENVCAUSE068,dcid:africa,2019,16397.38301
dcs:who/AIR_15.AGE--Y20T24__ENVCAUSE--ENVCAUSE039,dcid:africa,2019,181568.2893
dcs:who/AIR_15.AGE--Y25T29__ENVCAUSE--ENVCAUSE104__SEX--F,dcid:africa,2019,681.69478
dcs:who/AIR_15.AGE--Y30T34__ENVCAUSE--ENVCAUSE039,dcid:africa,2019,208127.7876
dcs:who/AIR_15.AGE--Y40T44__ENVCAUSE--ENVCAUSE039,dcid:africa,2019,245277.3678
dcs:who/AIR_15.AGE--Y50T54__ENVCAUSE--ENVCAUSE068,dcid:africa,2019,28628.88902
dcs:who/AIR_15.AGE--Y75T79__ENVCAUSE--ENVCAUSE068,dcid:africa,2019,9755.73759
dcs:who/AIR_15.AGE--Y45T49__ENVCAUSE--ENVCAUSE068,dcid:africa,2019,23946.18563
dcs:who/AIR_15.SEX--F,dcid:africa,2019,12889189.16
dcs:who/AIR_15.ENVCAUSE--ENVCAUSE068,dcid:africa,2019,196853.2299
dcs:who/AIR_15.AGE--Y30T34__ENVCAUSE--ENVCAUSE068,dcid:africa,2019,4091.81015
dcs:who/AIR_15.AGE--Y_GE80__ENVCAUSE--ENVCAUSE039,dcid:africa,2019,274303.5919
dcs:who/AIR_15.AGE--Y70T74__ENVCAUSE--ENVCAUSE039,dcid:africa,2019,408763.7823
dcs:who/AIR_15.AGE--Y75T79__ENVCAUSE--ENVCAUSE039,dcid:africa,2019,309747.0028
dcs:who/AIR_15.AGE--Y65T69__ENVCAUSE--ENVCAUSE068,dcid:africa,2019,22845.6177
dcs:who/AIR_15.AGE--Y60T64__ENVCAUSE--ENVCAUSE039,dcid:africa,2019,421879.5491
dcs:who/AIR_15.AGE--Y15T19__ENVCAUSE--ENVCAUSE039,dcid:africa,2019,182644.1384
dcs:who/AIR_15.AGE--Y65T69__ENVCAUSE--ENVCAUSE114,dcid:africa,2019,456973.7392
dcs:who/AIR_15.AGE--Y65T69__ENVCAUSE--ENVCAUSE118,dcid:africa,2019,214851.4193
dcs:who/AIR_15.AGE--Y50T54__ENVCAUSE--ENVCAUSE114,dcid:africa,2019,338254.2344
dcs:who/AIR_15.AGE--Y70T74__ENVCAUSE--ENVCAUSE118,dcid:africa,2019,210263.1282
dcs:who/AIR_15.ENVCAUSE--ENVCAUSE113,dcid:africa,2019,3178767.235
dcs:who/AIR_15.AGE--Y50T54__ENVCAUSE--ENVCAUSE113,dcid:africa,2019,309413.7546
dcs:who/AIR_15.AGE--Y35T39__ENVCAUSE--ENVCAUSE114,dcid:africa,2019,115635.0735
dcs:who/AIR_15.AGE--Y60T64__ENVCAUSE--ENVCAUSE114,dcid:africa,2019,458885.6016
dcs:who/AIR_15.AGE--Y_GE80__ENVCAUSE--ENVCAUSE118,dcid:africa,2019,113394.1174
dcs:who/AIR_15.AGE--Y75T79__ENVCAUSE--ENVCAUSE113,dcid:africa,2019,309645.1295
dcs:who/AIR_15.AGE--Y5T9__ENVCAUSE--ENVCAUSE039,dcid:africa,2019,996929.4936
dcs:who/AIR_15.AGE--Y60T64__ENVCAUSE--ENVCAUSE118,dcid:africa,2019,196417.1269
dcs:who/AIR_15.AGE--Y70T74__ENVCAUSE--ENVCAUSE114,dcid:africa,2019,423055.404
dcs:who/AIR_15.AGE--Y35T39__ENVCAUSE--ENVCAUSE118,dcid:africa,2019,58973.63234
dcs:who/AIR_15.AGE--Y65T69__ENVCAUSE--ENVCAUSE113,dcid:africa,2019,471467.8103
dcs:who/AIR_15.AGE--Y45T49__ENVCAUSE--ENVCAUSE118,dcid:africa,2019,91066.68023
dcs:who/AIR_15.AGE--Y55T59__ENVCAUSE--ENVCAUSE113,dcid:africa,2019,377862.2441
dcs:who/AIR_15.AGE--Y75T79__ENVCAUSE--ENVCAUSE114,dcid:africa,2019,318804.0105
dcs:who/AIR_15.AGE--Y55T59__ENVCAUSE--ENVCAUSE114,dcid:africa,2019,385142.8555
dcs:who/AIR_15.AGE--Y30T34__ENVCAUSE--ENVCAUSE118,dcid:africa,2019,57088.68457
dcs:who/AIR_15.ENVCAUSE--ENVCAUSE118,dcid:africa,2019,1488990.024
dcs:who/AIR_15.AGE--Y40T44__ENVCAUSE--ENVCAUSE114,dcid:africa,2019,185245.9659
dcs:who/AIR_15.AGE--Y25T29__ENVCAUSE--ENVCAUSE114,dcid:africa,2019,65115.86803
dcs:who/AIR_15.AGE--Y55T59__ENVCAUSE--ENVCAUSE118,dcid:africa,2019,158938.7049
dcs:who/AIR_15.AGE--Y25T29__ENVCAUSE--ENVCAUSE118,dcid:africa,2019,49084.14278
dcs:who/AIR_15.AGE--Y30T34__ENVCAUSE--ENVCAUSE114,dcid:africa,2019,84977.31806
dcs:who/AIR_15.AGE--Y_GE80__ENVCAUSE--ENVCAUSE113,dcid:africa,2019,252560.7451
dcs:who/AIR_15.AGE--Y45T49__ENVCAUSE--ENVCAUSE114,dcid:africa,2019,238825.5016
dcs:who/AIR_15.ENVCAUSE--ENVCAUSE114,dcid:africa,2019,3307718.208
dcs:who/AIR_15.AGE--Y0T4__ENVCAUSE--ENVCAUSE039,dcid:africa,2019,14592267.65
dcs:who/AIR_15.AGE--Y75T79__ENVCAUSE--ENVCAUSE118,dcid:africa,2019,144471.4845
dcs:who/AIR_15.AGE--Y10T14__ENVCAUSE--ENVCAUSE039,dcid:africa,2019,483078.3209
dcs:who/AIR_15.AGE--Y60T64__ENVCAUSE--ENVCAUSE113,dcid:africa,2019,439527.6396
dcs:who/AIR_15.AGE--Y50T54__ENVCAUSE--ENVCAUSE118,dcid:africa,2019,127132.8106
dcs:who/AIR_15.AGE--Y70T74__ENVCAUSE--ENVCAUSE113,dcid:africa,2019,449624.2868
dcs:who/AIR_15.AGE--Y40T44__ENVCAUSE--ENVCAUSE118,dcid:africa,2019,67308.0885
dcs:who/AIR_15.AGE--Y_GE80__ENVCAUSE--ENVCAUSE114,dcid:africa,2019,236802.6588
dcs:who/AIR_15.AGE--Y25T29__ENVCAUSE--ENVCAUSE113,dcid:africa,2019,32315.90664
dcs:who/AIR_15.AGE--Y60T64__ENVCAUSE--ENVCAUSE104,dcid:africa,2019,19454.78424
dcs:who/AIR_15.AGE--Y65T69__ENVCAUSE--ENVCAUSE104,dcid:africa,2019,23374.13731
dcs:who/AIR_15.AGE--Y35T39__ENVCAUSE--ENVCAUSE104,dcid:africa,2019,2790.22354
dcs:who/AIR_15.AGE--Y45T49__ENVCAUSE--ENVCAUSE113,dcid:africa,2019,228929.2884
dcs:who/AIR_15.AGE--Y70T74__ENVCAUSE--ENVCAUSE104,dcid:africa,2019,24410.11747
dcs:who/AIR_15.AGE--Y30T34__ENVCAUSE--ENVCAUSE113,dcid:africa,2019,63010.04697
dcs:who/AIR_15.AGE--Y40T44__ENVCAUSE--ENVCAUSE113,dcid:africa,2019,144823.6516
dcs:who/AIR_15,dcid:africa,2019,28471006.22
dcs:who/AIR_15.AGE--Y40T44__ENVCAUSE--ENVCAUSE104,dcid:africa,2019,4792.02932
dcs:who/AIR_15.AGE--Y25T29__ENVCAUSE--ENVCAUSE104,dcid:africa,2019,681.69478
dcs:who/AIR_15.AGE--Y35T39__ENVCAUSE--ENVCAUSE113,dcid:africa,2019,99586.74388
dcs:who/AIR_15.AGE--Y30T34__ENVCAUSE--ENVCAUSE104,dcid:africa,2019,1699.96397
dcs:who/AIR_15.AGE--Y55T59__ENVCAUSE--ENVCAUSE104,dcid:africa,2019,14826.36866
dcs:who/AIR_15.AGE--Y_GE80__ENVCAUSE--ENVCAUSE104,dcid:africa,2019,21381.68025
dcs:who/AIR_15.AGE--Y45T49__ENVCAUSE--ENVCAUSE104,dcid:africa,2019,7812.34976
dcs:who/AIR_15.AGE--Y75T79__ENVCAUSE--ENVCAUSE104,dcid:africa,2019,20142.67785
dcs:who/AIR_15.AGE--Y50T54__ENVCAUSE--ENVCAUSE104,dcid:africa,2019,10832.48175
dcs:who/AIR_15.ENVCAUSE--ENVCAUSE104,dcid:africa,2019,152198.506
dcs:who/AIR_15.ENVCAUSE--ENVCAUSE118__SEX--F,dcid:country/AFG,2019,31156.09961
dcs:who/AIR_15.SEX--F,dcid:country/AFG,2019,437024.625
dcs:who/AIR_15.ENVCAUSE--ENVCAUSE113__SEX--F,dcid:country/AFG,2019,162153.6719
dcs:who/AIR_15.SEX--M,dcid:country/AFG,2019,458200.625
dcs:who/AIR_15.ENVCAUSE--ENVCAUSE039__SEX--F,dcid:country/AFG,2019,146202.7656
dcs:who/AIR_15.ENVCAUSE--ENVCAUSE068__SEX--F,dcid:country/AFG,2019,4418.91895
dcs:who/AIR_15.ENVCAUSE--ENVCAUSE104__SEX--F,dcid:country/AFG,2019,4990.00293
dcs:who/AIR_15.ENVCAUSE--ENVCAUSE118__SEX--M,dcid:country/AFG,2019,27630.3418
dcs:who/AIR_15.ENVCAUSE--ENVCAUSE068__SEX--M,dcid:country/AFG,2019,9495.40723
dcs:who/AIR_15.ENVCAUSE--ENVCAUSE114__SEX--M,dcid:country/AFG,2019,58630.56641
dcs:who/AIR_15.ENVCAUSE--ENVCAUSE114__SEX--F,dcid:country/AFG,2019,88103.14063
dcs:who/AIR_15.ENVCAUSE--ENVCAUSE113__SEX--M,dcid:country/AFG,2019,182169.0313
dcs:who/AIR_15.ENVCAUSE--ENVCAUSE039__SEX--M,dcid:country/AFG,2019,180275.2813
dcs:who/AIR_15.ENVCAUSE--ENVCAUSE039,dcid:country/AFG,2019,326478.0313
dcs:who/AIR_15,dcid:country/AFG,2019,895225.25
dcs:who/AIR_15.ENVCAUSE--ENVCAUSE104,dcid:country/AFG,2019,4990.00293
dcs:who/AIR_15.ENVCAUSE--ENVCAUSE068,dcid:country/AFG,2019,13914.32617
dcs:who/AIR_15.ENVCAUSE--ENVCAUSE114,dcid:country/AFG,2019,146733.7031
dcs:who/AIR_15.ENVCAUSE--ENVCAUSE113,dcid:country/AFG,2019,344322.7188
dcs:who/AIR_15.ENVCAUSE--ENVCAUSE118,dcid:country/AFG,2019,58786.44141
dcs:who/AIR_15.ENVCAUSE--ENVCAUSE114__SEX--F,dcid:country/AGO,2019,29988.70313
dcs:who/AIR_15,dcid:country/AGO,2019,681440.9375
dcs:who/AIR_15.ENVCAUSE--ENVCAUSE113,dcid:country/AGO,2019,65246.36719
dcs:who/AIR_15.ENVCAUSE--ENVCAUSE118,dcid:country/AGO,2019,29580.36328
dcs:who/AIR_15.ENVCAUSE--ENVCAUSE039,dcid:country/AGO,2019,516665.0938
dcs:who/AIR_15.ENVCAUSE--ENVCAUSE039__SEX--M,dcid:country/AGO,2019,297401.9375
dcs:who/AIR_15.ENVCAUSE--ENVCAUSE118__SEX--M,dcid:country/AGO,2019,14035.3623
dcs:who/AIR_15.ENVCAUSE--ENVCAUSE068__SEX--F,dcid:country/AGO,2019,1890.08032
dcs:who/AIR_15.SEX--M,dcid:country/AGO,2019,386808.7188
dcs:who/AIR_15.ENVCAUSE--ENVCAUSE068,dcid:country/AGO,2019,4297.02148
dcs:who/AIR_15.ENVCAUSE--ENVCAUSE114__SEX--M,dcid:country/AGO,2019,34744.87891
dcs:who/AIR_15.ENVCAUSE--ENVCAUSE114,dcid:country/AGO,2019,64733.58203
dcs:who/AIR_15.ENVCAUSE--ENVCAUSE104__SEX--F,dcid:country/AGO,2019,918.49005
dcs:who/AIR_15.ENVCAUSE--ENVCAUSE104,dcid:country/AGO,2019,918.49005
dcs:who/AIR_15.ENVCAUSE--ENVCAUSE039__SEX--F,dcid:country/AGO,2019,219263.1563
dcs:who/AIR_15.SEX--F,dcid:country/AGO,2019,294632.2188
dcs:who/AIR_15.ENVCAUSE--ENVCAUSE118__SEX--F,dcid:country/AGO,2019,15545.00098
dcs:who/AIR_15.ENVCAUSE--ENVCAUSE113__SEX--F,dcid:country/AGO,2019,27026.78125
dcs:who/AIR_15.ENVCAUSE--ENVCAUSE068__SEX--M,dcid:country/AGO,2019,2406.94116
dcs:who/AIR_15.ENVCAUSE--ENVCAUSE113__SEX--M,dcid:country/AGO,2019,38219.58594
dcs:who/AIR_15,dcid:country/ALB,2019,27738.67383
dcs:who/AIR_15.ENVCAUSE--ENVCAUSE039,dcid:country/ALB,2019,1668.2356
dcs:who/AIR_15.ENVCAUSE--ENVCAUSE039__SEX--M,dcid:country/ALB,2019,875.34802
dcs:who/AIR_15.ENVCAUSE--ENVCAUSE114__SEX--M,dcid:country/ALB,2019,4001.9419
dcs:who/AIR_15.ENVCAUSE--ENVCAUSE039__SEX--F,dcid:country/ALB,2019,792.88751
dcs:who/AIR_15.SEX--M,dcid:country/ALB,2019,14561.30371
dcs:who/AIR_15.ENVCAUSE--ENVCAUSE118,dcid:country/ALB,2019,1896.81116
dcs:who/AIR_15.ENVCAUSE--ENVCAUSE068,dcid:country/ALB,2019,2742.50537
dcs:who/AIR_15.ENVCAUSE--ENVCAUSE104,dcid:country/ALB,2019,53.47326
dcs:who/AIR_15.ENVCAUSE--ENVCAUSE113,dcid:country/ALB,2019,11929.74316
dcs:who/AIR_15.ENVCAUSE--ENVCAUSE118__SEX--M,dcid:country/ALB,2019,1058.72351
dcs:who/AIR_15.ENVCAUSE--ENVCAUSE068__SEX--M,dcid:country/ALB,2019,2264.34741
dcs:who/AIR_15.SEX--F,dcid:country/ALB,2019,13177.36914
dcs:who/AIR_15.ENVCAUSE--ENVCAUSE113__SEX--F,dcid:country/ALB,2019,5568.79932
dcs:who/AIR_15.ENVCAUSE--ENVCAUSE114,dcid:country/ALB,2019,9447.90527
dcs:who/AIR_15.ENVCAUSE--ENVCAUSE113__SEX--M,dcid:country/ALB,2019,6360.94336
dcs:who/AIR_15.ENVCAUSE--ENVCAUSE068__SEX--F,dcid:country/ALB,2019,478.15811
dcs:who/AIR_15.ENVCAUSE--ENVCAUSE114__SEX--F,dcid:country/ALB,2019,5445.96338
dcs:who/AIR_15.ENVCAUSE--ENVCAUSE104__SEX--F,dcid:country/ALB,2019,53.47326
dcs:who/AIR_15.ENVCAUSE--ENVCAUSE118__SEX--F,dcid:country/ALB,2019,838.08765
dcs:who/AIR_15.ENVCAUSE--ENVCAUSE118__SEX--M,dcid:country/ARE,2019,0.0
dcs:who/AIR_15.ENVCAUSE--ENVCAUSE114__SEX--F,dcid:country/ARE,2019,0.0
dcs:who/AIR_15.ENVCAUSE--ENVCAUSE114__SEX--M,dcid:country/ARE,2019,0.0
dcs:who/AIR_15.ENVCAUSE--ENVCAUSE039__SEX--M,dcid:country/ARE,2019,0.0
dcs:who/AIR_15.ENVCAUSE--ENVCAUSE068__SEX--M,dcid:country/ARE,2019,0.0
dcs:who/AIR_15.SEX--F,dcid:country/ARE,2019,0.0
dcs:who/AIR_15.ENVCAUSE--ENVCAUSE113__SEX--M,dcid:country/ARE,2019,0.0
dcs:who/AIR_15.ENVCAUSE--ENVCAUSE068__SEX--F,dcid:country/ARE,2019,0.0
dcs:who/AIR_15.ENVCAUSE--ENVCAUSE039__SEX--F,dcid:country/ARE,2019,0.0
dcs:who/AIR_15.ENVCAUSE--ENVCAUSE104__SEX--F,dcid:country/ARE,2019,0.0
dcs:who/AIR_15.ENVCAUSE--ENVCAUSE118__SEX--F,dcid:country/ARE,2019,0.0
dcs:who/AIR_15.ENVCAUSE--ENVCAUSE113__SEX--F,dcid:country/ARE,2019,0.0
dcs:who/AIR_15.SEX--M,dcid:country/ARE,2019,0.0
dcs:who/AIR_15.ENVCAUSE--ENVCAUSE113,dcid:country/ARE,2019,0.0
dcs:who/AIR_15.ENVCAUSE--ENVCAUSE104,dcid:country/ARE,2019,0.0
dcs:who/AIR_15.ENVCAUSE--ENVCAUSE114,dcid:country/ARE,2019,0.0
dcs:who/AIR_15.ENVCAUSE--ENVCAUSE118,dcid:country/ARE,2019,0.0
dcs:who/AIR_15.ENVCAUSE--ENVCAUSE039,dcid:country/ARE,2019,0.0
dcs:who/AIR_15,dcid:country/ARE,2019,0.0
dcs:who/AIR_15.ENVCAUSE--ENVCAUSE068,dcid:country/ARE,2019,0.0
dcs:who/AIR_15.ENVCAUSE--ENVCAUSE068__SEX--F,dcid:country/ARG,2019,574.25018
dcs:who/AIR_15.ENVCAUSE--ENVCAUSE039,dcid:country/ARG,2019,5165.70215
dcs:who/AIR_15.ENVCAUSE--ENVCAUSE113__SEX--F,dcid:country/ARG,2019,1461.21033
dcs:who/AIR_15.ENVCAUSE--ENVCAUSE118__SEX--M,dcid:country/ARG,2019,1424.96106
dcs:who/AIR_15.ENVCAUSE--ENVCAUSE118,dcid:country/ARG,2019,2919.13013
dcs:who/AIR_15.ENVCAUSE--ENVCAUSE068,dcid:country/ARG,2019,1454.6687
dcs:who/AIR_15.ENVCAUSE--ENVCAUSE104__SEX--F,dcid:country/ARG,2019,46.58173
dcs:who/AIR_15.ENVCAUSE--ENVCAUSE114,dcid:country/ARG,2019,1677.46497
dcs:who/AIR_15.ENVCAUSE--ENVCAUSE068__SEX--M,dcid:country/ARG,2019,880.41852
dcs:who/AIR_15.ENVCAUSE--ENVCAUSE104,dcid:country/ARG,2019,46.58173
dcs:who/AIR_15.ENVCAUSE--ENVCAUSE039__SEX--M,dcid:country/ARG,2019,2571.15625
dcs:who/AIR_15.SEX--F,dcid:country/ARG,2019,7009.5
dcs:who/AIR_15.ENVCAUSE--ENVCAUSE039__SEX--F,dcid:country/ARG,2019,2594.54565
dcs:who/AIR_15.ENVCAUSE--ENVCAUSE114__SEX--M,dcid:country/ARG,2019,838.72223
dcs:who/AIR_15.ENVCAUSE--ENVCAUSE113,dcid:country/ARG,2019,3515.60523
dcs:who/AIR_15.ENVCAUSE--ENVCAUSE118__SEX--F,dcid:country/ARG,2019,1494.16919
dcs:who/AIR_15,dcid:country/ARG,2019,14779.15332
dcs:who/AIR_15.ENVCAUSE--ENVCAUSE114__SEX--F,dcid:country/ARG,2019,838.74274
dcs:who/AIR_15.SEX--M,dcid:country/ARG,2019,7769.65332
dcs:who/AIR_15.ENVCAUSE--ENVCAUSE113__SEX--M,dcid:country/ARG,2019,2054.39502
dcs:who/AIR_15.ENVCAUSE--ENVCAUSE118,dcid:country/ARM,2019,447.72418
dcs:who/AIR_15.ENVCAUSE--ENVCAUSE039__SEX--F,dcid:country/ARM,2019,383.64227
dcs:who/AIR_15.ENVCAUSE--ENVCAUSE114,dcid:country/ARM,2019,656.25519
dcs:who/AIR_15.ENVCAUSE--ENVCAUSE104,dcid:country/ARM,2019,31.97379
dcs:who/AIR_15.SEX--M,dcid:country/ARM,2019,2963.25757
dcs:who/AIR_15.ENVCAUSE--ENVCAUSE114__SEX--F,dcid:country/ARM,2019,357.86151
dcs:who/AIR_15.ENVCAUSE--ENVCAUSE039__SEX--M,dcid:country/ARM,2019,364.37808
dcs:who/AIR_15.SEX--F,dcid:country/ARM,2019,2323.90015
dcs:who/AIR_15.ENVCAUSE--ENVCAUSE114__SEX--M,dcid:country/ARM,2019,298.39371
dcs:who/AIR_15.ENVCAUSE--ENVCAUSE113__SEX--F,dcid:country/ARM,2019,1234.09058
dcs:who/AIR_15.ENVCAUSE--ENVCAUSE113,dcid:country/ARM,2019,2860.43506
dcs:who/AIR_15.ENVCAUSE--ENVCAUSE104__SEX--F,dcid:country/ARM,2019,31.97379
dcs:who/AIR_15.ENVCAUSE--ENVCAUSE068,dcid:country/ARM,2019,542.74915
dcs:who/AIR_15.ENVCAUSE--ENVCAUSE068__SEX--M,dcid:country/ARM,2019,430.24735
dcs:who/AIR_15,dcid:country/ARM,2019,5287.15772
dcs:who/AIR_15.ENVCAUSE--ENVCAUSE118__SEX--M,dcid:country/ARM,2019,243.89394
dcs:who/AIR_15.ENVCAUSE--ENVCAUSE039,dcid:country/ARM,2019,748.02039
dcs:who/AIR_15.ENVCAUSE--ENVCAUSE113__SEX--M,dcid:country/ARM,2019,1626.34448
dcs:who/AIR_15.ENVCAUSE--ENVCAUSE118__SEX--F,dcid:country/ARM,2019,203.83025
dcs:who/AIR_15.ENVCAUSE--ENVCAUSE068__SEX--F,dcid:country/ARM,2019,112.50179
dcs:who/AIR_15.ENVCAUSE--ENVCAUSE114__SEX--F,dcid:country/ATG,2019,0.0
dcs:who/AIR_15.ENVCAUSE--ENVCAUSE039__SEX--F,dcid:country/ATG,2019,0.0
dcs:who/AIR_15.ENVCAUSE--ENVCAUSE113__SEX--M,dcid:country/ATG,2019,0.0
dcs:who/AIR_15.ENVCAUSE--ENVCAUSE039,dcid:country/ATG,2019,0.0
dcs:who/AIR_15.ENVCAUSE--ENVCAUSE068__SEX--M,dcid:country/ATG,2019,0.0
dcs:who/AIR_15.ENVCAUSE--ENVCAUSE113__SEX--F,dcid:country/ATG,2019,0.0
dcs:who/AIR_15.ENVCAUSE--ENVCAUSE114,dcid:country/ATG,2019,0.0
dcs:who/AIR_15.ENVCAUSE--ENVCAUSE118__SEX--M,dcid:country/ATG,2019,0.0
dcs:who/AIR_15.SEX--F,dcid:country/ATG,2019,0.0
dcs:who/AIR_15.ENVCAUSE--ENVCAUSE039__SEX--M,dcid:country/ATG,2019,0.0
dcs:who/AIR_15.SEX--M,dcid:country/ATG,2019,0.0
dcs:who/AIR_15.ENVCAUSE--ENVCAUSE068__SEX--F,dcid:country/ATG,2019,0.0
dcs:who/AIR_15.ENVCAUSE--ENVCAUSE114__SEX--M,dcid:country/ATG,2019,0.0
dcs:who/AIR_15.ENVCAUSE--ENVCAUSE104__SEX--F,dcid:country/ATG,2019,0.0
dcs:who/AIR_15,dcid:country/ATG,2019,0.0
dcs:who/AIR_15.ENVCAUSE--ENVCAUSE068,dcid:country/ATG,2019,0.0
dcs:who/AIR_15.ENVCAUSE--ENVCAUSE118__SEX--F,dcid:country/ATG,2019,0.0
dcs:who/AIR_15.ENVCAUSE--ENVCAUSE104,dcid:country/ATG,2019,0.0
dcs:who/AIR_15.ENVCAUSE--ENVCAUSE118,dcid:country/ATG,2019,0.0
dcs:who/AIR_15.ENVCAUSE--ENVCAUSE113,dcid:country/ATG,2019,0.0
dcs:who/AIR_15.ENVCAUSE--ENVCAUSE118__SEX--F,dcid:country/AUS,2019,0.0
dcs:who/AIR_15.ENVCAUSE--ENVCAUSE104__SEX--F,dcid:country/AUS,2019,0.0
dcs:who/AIR_15.ENVCAUSE--ENVCAUSE113__SEX--F,dcid:country/AUS,2019,0.0
dcs:who/AIR_15.ENVCAUSE--ENVCAUSE114__SEX--F,dcid:country/AUS,2019,0.0
dcs:who/AIR_15.ENVCAUSE--ENVCAUSE118__SEX--M,dcid:country/AUS,2019,0.0
dcs:who/AIR_15.SEX--M,dcid:country/AUS,2019,0.0
dcs:who/AIR_15.ENVCAUSE--ENVCAUSE039__SEX--F,dcid:country/AUS,2019,0.0
dcs:who/AIR_15.ENVCAUSE--ENVCAUSE039,dcid:country/AUS,2019,0.0
dcs:who/AIR_15.ENVCAUSE--ENVCAUSE113__SEX--M,dcid:country/AUS,2019,0.0
dcs:who/AIR_15.ENVCAUSE--ENVCAUSE113,dcid:country/AUS,2019,0.0
dcs:who/AIR_15,dcid:country/AUS,2019,0.0
dcs:who/AIR_15.ENVCAUSE--ENVCAUSE068__SEX--M,dcid:country/AUS,2019,0.0
dcs:who/AIR_15.ENVCAUSE--ENVCAUSE118,dcid:country/AUS,2019,0.0
dcs:who/AIR_15.ENVCAUSE--ENVCAUSE068,dcid:country/AUS,2019,0.0
dcs:who/AIR_15.ENVCAUSE--ENVCAUSE114,dcid:country/AUS,2019,0.0
dcs:who/AIR_15.ENVCAUSE--ENVCAUSE104,dcid:country/AUS,2019,0.0
dcs:who/AIR_15.ENVCAUSE--ENVCAUSE068__SEX--F,dcid:country/AUS,2019,0.0
dcs:who/AIR_15.SEX--F,dcid:country/AUS,2019,0.0
dcs:who/AIR_15.ENVCAUSE--ENVCAUSE114__SEX--M,dcid:country/AUS,2019,0.0
dcs:who/AIR_15.ENVCAUSE--ENVCAUSE039__SEX--M,dcid:country/AUS,2019,0.0
dcs:who/AIR_15.ENVCAUSE--ENVCAUSE068__SEX--F,dcid:country/AUT,2019,0.0
dcs:who/AIR_15,dcid:country/AUT,2019,0.0
dcs:who/AIR_15.ENVCAUSE--ENVCAUSE118,dcid:country/AUT,2019,0.0
dcs:who/AIR_15.SEX--F,dcid:country/AUT,2019,0.0
dcs:who/AIR_15.ENVCAUSE--ENVCAUSE114__SEX--F,dcid:country/AUT,2019,0.0
dcs:who/AIR_15.ENVCAUSE--ENVCAUSE039__SEX--M,dcid:country/AUT,2019,0.0
dcs:who/AIR_15.ENVCAUSE--ENVCAUSE114__SEX--M,dcid:country/AUT,2019,0.0
dcs:who/AIR_15.ENVCAUSE--ENVCAUSE104__SEX--F,dcid:country/AUT,2019,0.0
dcs:who/AIR_15.ENVCAUSE--ENVCAUSE118__SEX--M,dcid:country/AUT,2019,0.0
dcs:who/AIR_15.ENVCAUSE--ENVCAUSE068,dcid:country/AUT,2019,0.0
dcs:who/AIR_15.ENVCAUSE--ENVCAUSE068__SEX--M,dcid:country/AUT,2019,0.0
dcs:who/AIR_15.ENVCAUSE--ENVCAUSE104,dcid:country/AUT,2019,0.0
dcs:who/AIR_15.ENVCAUSE--ENVCAUSE039,dcid:country/AUT,2019,0.0
dcs:who/AIR_15.ENVCAUSE--ENVCAUSE118__SEX--F,dcid:country/AUT,2019,0.0
dcs:who/AIR_15.ENVCAUSE--ENVCAUSE113__SEX--M,dcid:country/AUT,2019,0.0
dcs:who/AIR_15.ENVCAUSE--ENVCAUSE113,dcid:country/AUT,2019,0.0
dcs:who/AIR_15.SEX--M,dcid:country/AUT,2019,0.0
dcs:who/AIR_15.ENVCAUSE--ENVCAUSE039__SEX--F,dcid:country/AUT,2019,0.0
dcs:who/AIR_15.ENVCAUSE--ENVCAUSE114,dcid:country/AUT,2019,0.0
dcs:who/AIR_15.ENVCAUSE--ENVCAUSE113__SEX--F,dcid:country/AUT,2019,0.0
dcs:who/AIR_15.ENVCAUSE--ENVCAUSE114__SEX--M,dcid:country/AZE,2019,2605.26611
dcs:who/AIR_15.SEX--F,dcid:country/AZE,2019,12586.15039
dcs:who/AIR_15.ENVCAUSE--ENVCAUSE039__SEX--M,dcid:country/AZE,2019,1967.02637
dcs:who/AIR_15.ENVCAUSE--ENVCAUSE118__SEX--F,dcid:country/AZE,2019,785.4455
dcs:who/AIR_15.ENVCAUSE--ENVCAUSE104__SEX--F,dcid:country/AZE,2019,93.57159
dcs:who/AIR_15.ENVCAUSE--ENVCAUSE114__SEX--F,dcid:country/AZE,2019,3180.9646
dcs:who/AIR_15.SEX--M,dcid:country/AZE,2019,15722.13086
dcs:who/AIR_15.ENVCAUSE--ENVCAUSE068__SEX--F,dcid:country/AZE,2019,157.23236
dcs:who/AIR_15.ENVCAUSE--ENVCAUSE039__SEX--F,dcid:country/AZE,2019,1449.44287
dcs:who/AIR_15.ENVCAUSE--ENVCAUSE113__SEX--M,dcid:country/AZE,2019,9280.76465
dcs:who/AIR_15.ENVCAUSE--ENVCAUSE068__SEX--M,dcid:country/AZE,2019,981.4187
dcs:who/AIR_15.ENVCAUSE--ENVCAUSE118__SEX--M,dcid:country/AZE,2019,887.65479
dcs:who/AIR_15.ENVCAUSE--ENVCAUSE113__SEX--F,dcid:country/AZE,2019,6919.49316
dcs:who/AIR_15.ENVCAUSE--ENVCAUSE114,dcid:country/AZE,2019,5786.23047
dcs:who/AIR_15,dcid:country/AZE,2019,28308.28125
dcs:who/AIR_15.ENVCAUSE--ENVCAUSE068,dcid:country/AZE,2019,1138.65112
dcs:who/AIR_15.ENVCAUSE--ENVCAUSE113,dcid:country/AZE,2019,16200.25781
dcs:who/AIR_15.ENVCAUSE--ENVCAUSE104,dcid:country/AZE,2019,93.57159
dcs:who/AIR_15.ENVCAUSE--ENVCAUSE118,dcid:country/AZE,2019,1673.10034
dcs:who/AIR_15.ENVCAUSE--ENVCAUSE039,dcid:country/AZE,2019,3416.46924
dcs:who/AIR_15.ENVCAUSE--ENVCAUSE068__SEX--M,dcid:country/BDI,2019,667.91156
dcs:who/AIR_15.ENVCAUSE--ENVCAUSE113__SEX--F,dcid:country/BDI,2019,15794.78516
dcs:who/AIR_15.SEX--M,dcid:country/BDI,2019,181305.5313
dcs:who/AIR_15.ENVCAUSE--ENVCAUSE114__SEX--F,dcid:country/BDI,2019,20933.68555
dcs:who/AIR_15.SEX--F,dcid:country/BDI,2019,150248.1875
dcs:who/AIR_15.ENVCAUSE--ENVCAUSE068__SEX--F,dcid:country/BDI,2019,601.82916
dcs:who/AIR_15.ENVCAUSE--ENVCAUSE118__SEX--M,dcid:country/BDI,2019,11963.72168
dcs:who/AIR_15.ENVCAUSE--ENVCAUSE113,dcid:country/BDI,2019,38971.07422
dcs:who/AIR_15.ENVCAUSE--ENVCAUSE118,dcid:country/BDI,2019,21457.30469
dcs:who/AIR_15.ENVCAUSE--ENVCAUSE114,dcid:country/BDI,2019,42038.65234
dcs:who/AIR_15.ENVCAUSE--ENVCAUSE104,dcid:country/BDI,2019,342.27115
dcs:who/AIR_15.ENVCAUSE--ENVCAUSE039__SEX--M,dcid:country/BDI,2019,124392.6406
dcs:who/AIR_15.ENVCAUSE--ENVCAUSE114__SEX--M,dcid:country/BDI,2019,21104.9668
dcs:who/AIR_15.ENVCAUSE--ENVCAUSE039,dcid:country/BDI,2019,227474.6719
dcs:who/AIR_15.ENVCAUSE--ENVCAUSE068,dcid:country/BDI,2019,1269.74072
dcs:who/AIR_15.ENVCAUSE--ENVCAUSE104__SEX--F,dcid:country/BDI,2019,342.27115
dcs:who/AIR_15.ENVCAUSE--ENVCAUSE039__SEX--F,dcid:country/BDI,2019,103082.0391
dcs:who/AIR_15,dcid:country/BDI,2019,331553.7188
dcs:who/AIR_15.ENVCAUSE--ENVCAUSE118__SEX--F,dcid:country/BDI,2019,9493.58301
dcs:who/AIR_15.ENVCAUSE--ENVCAUSE113__SEX--M,dcid:country/BDI,2019,23176.29102
dcs:who/AIR_15.ENVCAUSE--ENVCAUSE118,dcid:country/BEL,2019,0.0
dcs:who/AIR_15.ENVCAUSE--ENVCAUSE113__SEX--F,dcid:country/BEL,2019,0.0
dcs:who/AIR_15.ENVCAUSE--ENVCAUSE114__SEX--M,dcid:country/BEL,2019,0.0
dcs:who/AIR_15.ENVCAUSE--ENVCAUSE118__SEX--M,dcid:country/BEL,2019,0.0
dcs:who/AIR_15.SEX--F,dcid:country/BEL,2019,0.0
dcs:who/AIR_15.ENVCAUSE--ENVCAUSE104__SEX--F,dcid:country/BEL,2019,0.0
dcs:who/AIR_15,dcid:country/BEL,2019,0.0
dcs:who/AIR_15.ENVCAUSE--ENVCAUSE068__SEX--F,dcid:country/BEL,2019,0.0
dcs:who/AIR_15.ENVCAUSE--ENVCAUSE104,dcid:country/BEL,2019,0.0
dcs:who/AIR_15.ENVCAUSE--ENVCAUSE068__SEX--M,dcid:country/BEL,2019,0.0
dcs:who/AIR_15.ENVCAUSE--ENVCAUSE039,dcid:country/BEL,2019,0.0
dcs:who/AIR_15.SEX--M,dcid:country/BEL,2019,0.0
dcs:who/AIR_15.ENVCAUSE--ENVCAUSE113,dcid:country/BEL,2019,0.0
dcs:who/AIR_15.ENVCAUSE--ENVCAUSE039__SEX--M,dcid:country/BEL,2019,0.0
dcs:who/AIR_15.ENVCAUSE--ENVCAUSE114__SEX--F,dcid:country/BEL,2019,0.0
dcs:who/AIR_15.ENVCAUSE--ENVCAUSE114,dcid:country/BEL,2019,0.0
dcs:who/AIR_15.ENVCAUSE--ENVCAUSE113__SEX--M,dcid:country/BEL,2019,0.0
dcs:who/AIR_15.ENVCAUSE--ENVCAUSE039__SEX--F,dcid:country/BEL,2019,0.0
dcs:who/AIR_15.ENVCAUSE--ENVCAUSE118__SEX--F,dcid:country/BEL,2019,0.0
dcs:who/AIR_15.ENVCAUSE--ENVCAUSE068,dcid:country/BEL,2019,0.0
dcs:who/AIR_15.ENVCAUSE--ENVCAUSE104__SEX--F,dcid:country/BEN,2019,1866.15637
dcs:who/AIR_15.ENVCAUSE--ENVCAUSE068__SEX--M,dcid:country/BEN,2019,702.74268
dcs:who/AIR_15.ENVCAUSE--ENVCAUSE068__SEX--F,dcid:country/BEN,2019,631.96954
dcs:who/AIR_15.ENVCAUSE--ENVCAUSE113__SEX--F,dcid:country/BEN,2019,23581.38867
dcs:who/AIR_15.ENVCAUSE--ENVCAUSE039__SEX--M,dcid:country/BEN,2019,154062.8281
dcs:who/AIR_15.ENVCAUSE--ENVCAUSE114__SEX--M,dcid:country/BEN,2019,25345.67969
dcs:who/AIR_15.ENVCAUSE--ENVCAUSE113__SEX--M,dcid:country/BEN,2019,27165.01367
dcs:who/AIR_15.ENVCAUSE--ENVCAUSE118__SEX--F,dcid:country/BEN,2019,9981.11523
dcs:who/AIR_15.ENVCAUSE--ENVCAUSE039__SEX--F,dcid:country/BEN,2019,120980.0859
dcs:who/AIR_15.SEX--F,dcid:country/BEN,2019,183298.8594
dcs:who/AIR_15.ENVCAUSE--ENVCAUSE039,dcid:country/BEN,2019,275042.9375
dcs:who/AIR_15.ENVCAUSE--ENVCAUSE118__SEX--M,dcid:country/BEN,2019,10960.20605
dcs:who/AIR_15,dcid:country/BEN,2019,401535.3438
dcs:who/AIR_15.ENVCAUSE--ENVCAUSE114__SEX--F,dcid:country/BEN,2019,26258.13867
dcs:who/AIR_15.ENVCAUSE--ENVCAUSE068,dcid:country/BEN,2019,1334.71216
dcs:who/AIR_15.ENVCAUSE--ENVCAUSE114,dcid:country/BEN,2019,51603.82031
dcs:who/AIR_15.SEX--M,dcid:country/BEN,2019,218236.4688
dcs:who/AIR_15.ENVCAUSE--ENVCAUSE113,dcid:country/BEN,2019,50746.40234
dcs:who/AIR_15.ENVCAUSE--ENVCAUSE104,dcid:country/BEN,2019,1866.15637
dcs:who/AIR_15.ENVCAUSE--ENVCAUSE118,dcid:country/BEN,2019,20941.32031
dcs:who/AIR_15.ENVCAUSE--ENVCAUSE039,dcid:country/BFA,2019,451450.2188
dcs:who/AIR_15.ENVCAUSE--ENVCAUSE068__SEX--F,dcid:country/BFA,2019,1329.91101
dcs:who/AIR_15.ENVCAUSE--ENVCAUSE113,dcid:country/BFA,2019,78035.0625
dcs:who/AIR_15.SEX--M,dcid:country/BFA,2019,343869.4375
dcs:who/AIR_15.ENVCAUSE--ENVCAUSE114__SEX--M,dcid:country/BFA,2019,31280.13086
dcs:who/AIR_15.ENVCAUSE--ENVCAUSE113__SEX--F,dcid:country/BFA,2019,32978.9375
dcs:who/AIR_15.ENVCAUSE--ENVCAUSE104,dcid:country/BFA,2019,2760.0271
dcs:who/AIR_15.ENVCAUSE--ENVCAUSE118__SEX--F,dcid:country/BFA,2019,10944.24707
dcs:who/AIR_15.ENVCAUSE--ENVCAUSE039__SEX--F,dcid:country/BFA,2019,197539.5156
dcs:who/AIR_15.ENVCAUSE--ENVCAUSE114,dcid:country/BFA,2019,60277.40625
dcs:who/AIR_15.ENVCAUSE--ENVCAUSE104__SEX--F,dcid:country/BFA,2019,2760.0271
dcs:who/AIR_15.ENVCAUSE--ENVCAUSE118,dcid:country/BFA,2019,21734.92969
dcs:who/AIR_15.ENVCAUSE--ENVCAUSE114__SEX--F,dcid:country/BFA,2019,28997.27734
dcs:who/AIR_15.ENVCAUSE--ENVCAUSE039__SEX--M,dcid:country/BFA,2019,253910.7188
dcs:who/AIR_15.ENVCAUSE--ENVCAUSE113__SEX--M,dcid:country/BFA,2019,45056.12891
dcs:who/AIR_15.SEX--F,dcid:country/BFA,2019,274549.9063
dcs:who/AIR_15,dcid:country/BFA,2019,618419.375
dcs:who/AIR_15.ENVCAUSE--ENVCAUSE118__SEX--M,dcid:country/BFA,2019,10790.68262
dcs:who/AIR_15.ENVCAUSE--ENVCAUSE068,dcid:country/BFA,2019,4161.70557
dcs:who/AIR_15.ENVCAUSE--ENVCAUSE068__SEX--M,dcid:country/BFA,2019,2831.79468
dcs:who/AIR_15.ENVCAUSE--ENVCAUSE068__SEX--M,dcid:country/BGD,2019,108503.5859
dcs:who/AIR_15.ENVCAUSE--ENVCAUSE113,dcid:country/BGD,2019,857679.4375
dcs:who/AIR_15.SEX--F,dcid:country/BGD,2019,1362011.125
dcs:who/AIR_15.ENVCAUSE--ENVCAUSE114__SEX--M,dcid:country/BGD,2019,445065.5313
dcs:who/AIR_15.ENVCAUSE--ENVCAUSE039,dcid:country/BGD,2019,576894.9375
dcs:who/AIR_15.ENVCAUSE--ENVCAUSE118__SEX--M,dcid:country/BGD,2019,294705.5938
dcs:who/AIR_15,dcid:country/BGD,2019,3020611.0
dcs:who/AIR_15.ENVCAUSE--ENVCAUSE113__SEX--F,dcid:country/BGD,2019,351455.75
dcs:who/AIR_15.ENVCAUSE--ENVCAUSE114__SEX--F,dcid:country/BGD,2019,411181.125
dcs:who/AIR_15.ENVCAUSE--ENVCAUSE118__SEX--F,dcid:country/BGD,2019,240964.8906
dcs:who/AIR_15.ENVCAUSE--ENVCAUSE068__SEX--F,dcid:country/BGD,2019,44146.0625
dcs:who/AIR_15.ENVCAUSE--ENVCAUSE104,dcid:country/BGD,2019,41469.77734
dcs:who/AIR_15.ENVCAUSE--ENVCAUSE118,dcid:country/BGD,2019,535670.4375
dcs:who/AIR_15.ENVCAUSE--ENVCAUSE039__SEX--M,dcid:country/BGD,2019,304101.4688
dcs:who/AIR_15.ENVCAUSE--ENVCAUSE068,dcid:country/BGD,2019,152649.6563
dcs:who/AIR_15.SEX--M,dcid:country/BGD,2019,1658599.875
dcs:who/AIR_15.ENVCAUSE--ENVCAUSE114,dcid:country/BGD,2019,856246.625
dcs:who/AIR_15.ENVCAUSE--ENVCAUSE113__SEX--M,dcid:country/BGD,2019,506223.6875
dcs:who/AIR_15.ENVCAUSE--ENVCAUSE104__SEX--F,dcid:country/BGD,2019,41469.77734
dcs:who/AIR_15.ENVCAUSE--ENVCAUSE039__SEX--F,dcid:country/BGD,2019,272793.5
dcs:who/AIR_15.ENVCAUSE--ENVCAUSE114,dcid:country/BHR,2019,0.0
dcs:who/AIR_15.ENVCAUSE--ENVCAUSE068__SEX--M,dcid:country/BHR,2019,0.0
dcs:who/AIR_15.ENVCAUSE--ENVCAUSE114__SEX--F,dcid:country/BHR,2019,0.0
dcs:who/AIR_15.ENVCAUSE--ENVCAUSE039__SEX--M,dcid:country/BHR,2019,0.0
dcs:who/AIR_15.ENVCAUSE--ENVCAUSE039,dcid:country/BHR,2019,0.0
dcs:who/AIR_15.ENVCAUSE--ENVCAUSE114__SEX--M,dcid:country/BHR,2019,0.0
dcs:who/AIR_15.ENVCAUSE--ENVCAUSE113__SEX--M,dcid:country/BHR,2019,0.0
dcs:who/AIR_15.SEX--F,dcid:country/BHR,2019,0.0
dcs:who/AIR_15.SEX--M,dcid:country/BHR,2019,0.0
dcs:who/AIR_15.ENVCAUSE--ENVCAUSE068,dcid:country/BHR,2019,0.0
dcs:who/AIR_15.ENVCAUSE--ENVCAUSE068__SEX--F,dcid:country/BHR,2019,0.0
dcs:who/AIR_15.ENVCAUSE--ENVCAUSE113__SEX--F,dcid:country/BHR,2019,0.0
dcs:who/AIR_15.ENVCAUSE--ENVCAUSE104__SEX--F,dcid:country/BHR,2019,0.0
dcs:who/AIR_15.ENVCAUSE--ENVCAUSE039__SEX--F,dcid:country/BHR,2019,0.0
dcs:who/AIR_15.ENVCAUSE--ENVCAUSE118__SEX--F,dcid:country/BHR,2019,0.0
dcs:who/AIR_15,dcid:country/BHR,2019,0.0
dcs:who/AIR_15.ENVCAUSE--ENVCAUSE104,dcid:country/BHR,2019,0.0
dcs:who/AIR_15.ENVCAUSE--ENVCAUSE113,dcid:country/BHR,2019,0.0
dcs:who/AIR_15.ENVCAUSE--ENVCAUSE118__SEX--M,dcid:country/BHR,2019,0.0
dcs:who/AIR_15.ENVCAUSE--ENVCAUSE118,dcid:country/BHR,2019,0.0
dcs:who/AIR_15,dcid:country/BHS,2019,0.0
dcs:who/AIR_15.ENVCAUSE--ENVCAUSE104,dcid:country/BHS,2019,0.0
dcs:who/AIR_15.SEX--F,dcid:country/BHS,2019,0.0
dcs:who/AIR_15.ENVCAUSE--ENVCAUSE068,dcid:country/BHS,2019,0.0
dcs:who/AIR_15.ENVCAUSE--ENVCAUSE113__SEX--F,dcid:country/BHS,2019,0.0
dcs:who/AIR_15.ENVCAUSE--ENVCAUSE068__SEX--M,dcid:country/BHS,2019,0.0
dcs:who/AIR_15.ENVCAUSE--ENVCAUSE113__SEX--M,dcid:country/BHS,2019,0.0
dcs:who/AIR_15.ENVCAUSE--ENVCAUSE114__SEX--F,dcid:country/BHS,2019,0.0
dcs:who/AIR_15.ENVCAUSE--ENVCAUSE068__SEX--F,dcid:country/BHS,2019,0.0
dcs:who/AIR_15.SEX--M,dcid:country/BHS,2019,0.0
dcs:who/AIR_15.ENVCAUSE--ENVCAUSE039__SEX--F,dcid:country/BHS,2019,0.0
dcs:who/AIR_15.ENVCAUSE--ENVCAUSE118,dcid:country/BHS,2019,0.0
dcs:who/AIR_15.ENVCAUSE--ENVCAUSE104__SEX--F,dcid:country/BHS,2019,0.0
dcs:who/AIR_15.ENVCAUSE--ENVCAUSE114__SEX--M,dcid:country/BHS,2019,0.0
dcs:who/AIR_15.ENVCAUSE--ENVCAUSE118__SEX--M,dcid:country/BHS,2019,0.0
dcs:who/AIR_15.ENVCAUSE--ENVCAUSE039__SEX--M,dcid:country/BHS,2019,0.0
dcs:who/AIR_15.ENVCAUSE--ENVCAUSE114,dcid:country/BHS,2019,0.0
dcs:who/AIR_15.ENVCAUSE--ENVCAUSE118__SEX--F,dcid:country/BHS,2019,0.0
dcs:who/AIR_15.ENVCAUSE--ENVCAUSE039,dcid:country/BHS,2019,0.0
dcs:who/AIR_15.ENVCAUSE--ENVCAUSE113,dcid:country/BHS,2019,0.0
dcs:who/AIR_15.ENVCAUSE--ENVCAUSE039,dcid:country/BIH,2019,2965.55664
dcs:who/AIR_15.ENVCAUSE--ENVCAUSE118,dcid:country/BIH,2019,7800.65332
dcs:who/AIR_15.ENVCAUSE--ENVCAUSE068__SEX--M,dcid:country/BIH,2019,11220.26074
dcs:who/AIR_15.ENVCAUSE--ENVCAUSE068,dcid:country/BIH,2019,14467.23828
dcs:who/AIR_15.ENVCAUSE--ENVCAUSE039__SEX--F,dcid:country/BIH,2019,1359.02844
dcs:who/AIR_15.ENVCAUSE--ENVCAUSE113,dcid:country/BIH,2019,37240.00391
dcs:who/AIR_15.ENVCAUSE--ENVCAUSE118__SEX--M,dcid:country/BIH,2019,4595.83838
dcs:who/AIR_15.ENVCAUSE--ENVCAUSE114__SEX--F,dcid:country/BIH,2019,16529.43164
dcs:who/AIR_15.SEX--F,dcid:country/BIH,2019,41801.20313
dcs:who/AIR_15.ENVCAUSE--ENVCAUSE118__SEX--F,dcid:country/BIH,2019,3204.8147
dcs:who/AIR_15.ENVCAUSE--ENVCAUSE068__SEX--F,dcid:country/BIH,2019,3246.97705
dcs:who/AIR_15.ENVCAUSE--ENVCAUSE104__SEX--F,dcid:country/BIH,2019,185.39554
dcs:who/AIR_15,dcid:country/BIH,2019,91504.76563
dcs:who/AIR_15.SEX--M,dcid:country/BIH,2019,49703.5625
dcs:who/AIR_15.ENVCAUSE--ENVCAUSE114,dcid:country/BIH,2019,28845.91602
dcs:who/AIR_15.ENVCAUSE--ENVCAUSE114__SEX--M,dcid:country/BIH,2019,12316.48438
dcs:who/AIR_15.ENVCAUSE--ENVCAUSE113__SEX--F,dcid:country/BIH,2019,17275.55469
dcs:who/AIR_15.ENVCAUSE--ENVCAUSE113__SEX--M,dcid:country/BIH,2019,19964.44922
dcs:who/AIR_15.ENVCAUSE--ENVCAUSE104,dcid:country/BIH,2019,185.39554
dcs:who/AIR_15.ENVCAUSE--ENVCAUSE039__SEX--M,dcid:country/BIH,2019,1606.5282
dcs:who/AIR_15.ENVCAUSE--ENVCAUSE039__SEX--F,dcid:country/BLR,2019,91.23029
dcs:who/AIR_15.ENVCAUSE--ENVCAUSE039__SEX--M,dcid:country/BLR,2019,243.78659
dcs:who/AIR_15.SEX--M,dcid:country/BLR,2019,5100.49951
dcs:who/AIR_15.ENVCAUSE--ENVCAUSE113__SEX--F,dcid:country/BLR,2019,2682.95703
dcs:who/AIR_15.ENVCAUSE--ENVCAUSE068__SEX--F,dcid:country/BLR,2019,85.86663
dcs:who/AIR_15.ENVCAUSE--ENVCAUSE114__SEX--M,dcid:country/BLR,2019,812.29626
dcs:who/AIR_15.ENVCAUSE--ENVCAUSE118__SEX--M,dcid:country/BLR,2019,309.49008
dcs:who/AIR_15.ENVCAUSE--ENVCAUSE113__SEX--M,dcid:country/BLR,2019,3208.36328
dcs:who/AIR_15.ENVCAUSE--ENVCAUSE104__SEX--F,dcid:country/BLR,2019,26.37472
dcs:who/AIR_15.ENVCAUSE--ENVCAUSE118__SEX--F,dcid:country/BLR,2019,191.02783
dcs:who/AIR_15.ENVCAUSE--ENVCAUSE114__SEX--F,dcid:country/BLR,2019,959.37585
dcs:who/AIR_15.SEX--F,dcid:country/BLR,2019,4036.83252
dcs:who/AIR_15,dcid:country/BLR,2019,9137.33203
dcs:who/AIR_15.ENVCAUSE--ENVCAUSE068__SEX--M,dcid:country/BLR,2019,526.56311
dcs:who/AIR_15.ENVCAUSE--ENVCAUSE068,dcid:country/BLR,2019,612.42975
dcs:who/AIR_15.ENVCAUSE--ENVCAUSE114,dcid:country/BLR,2019,1771.67212
dcs:who/AIR_15.ENVCAUSE--ENVCAUSE118,dcid:country/BLR,2019,500.51791
dcs:who/AIR_15.ENVCAUSE--ENVCAUSE113,dcid:country/BLR,2019,5891.32031
dcs:who/AIR_15.ENVCAUSE--ENVCAUSE104,dcid:country/BLR,2019,26.37472
dcs:who/AIR_15.ENVCAUSE--ENVCAUSE039,dcid:country/BLR,2019,335.01688
dcs:who/AIR_15.SEX--F,dcid:country/BLZ,2019,561.77032
dcs:who/AIR_15.ENVCAUSE--ENVCAUSE039,dcid:country/BLZ,2019,423.61075
dcs:who/AIR_15.ENVCAUSE--ENVCAUSE068__SEX--F,dcid:country/BLZ,2019,37.87223
dcs:who/AIR_15.ENVCAUSE--ENVCAUSE118__SEX--F,dcid:country/BLZ,2019,60.41546
dcs:who/AIR_15.ENVCAUSE--ENVCAUSE068__SEX--M,dcid:country/BLZ,2019,76.24705
dcs:who/AIR_15.ENVCAUSE--ENVCAUSE039__SEX--M,dcid:country/BLZ,2019,244.53621
dcs:who/AIR_15.ENVCAUSE--ENVCAUSE118,dcid:country/BLZ,2019,162.44629
dcs:who/AIR_15.ENVCAUSE--ENVCAUSE104__SEX--F,dcid:country/BLZ,2019,5.11943
dcs:who/AIR_15.ENVCAUSE--ENVCAUSE104,dcid:country/BLZ,2019,5.11943
dcs:who/AIR_15.ENVCAUSE--ENVCAUSE118__SEX--M,dcid:country/BLZ,2019,102.03082
dcs:who/AIR_15.ENVCAUSE--ENVCAUSE113__SEX--F,dcid:country/BLZ,2019,161.31937
dcs:who/AIR_15.ENVCAUSE--ENVCAUSE114__SEX--M,dcid:country/BLZ,2019,139.12271
dcs:who/AIR_15.ENVCAUSE--ENVCAUSE113__SEX--M,dcid:country/BLZ,2019,260.66559
dcs:who/AIR_15,dcid:country/BLZ,2019,1384.37268
dcs:who/AIR_15.ENVCAUSE--ENVCAUSE114,dcid:country/BLZ,2019,257.09201
dcs:who/AIR_15.ENVCAUSE--ENVCAUSE039__SEX--F,dcid:country/BLZ,2019,179.07454
dcs:who/AIR_15.ENVCAUSE--ENVCAUSE114__SEX--F,dcid:country/BLZ,2019,117.9693
dcs:who/AIR_15.ENVCAUSE--ENVCAUSE113,dcid:country/BLZ,2019,421.98495
dcs:who/AIR_15.SEX--M,dcid:country/BLZ,2019,822.60236
dcs:who/AIR_15.ENVCAUSE--ENVCAUSE068,dcid:country/BLZ,2019,114.11927
dcs:who/AIR_15.ENVCAUSE--ENVCAUSE068__SEX--M,dcid:country/BOL,2019,1169.98999
dcs:who/AIR_15.ENVCAUSE--ENVCAUSE114__SEX--M,dcid:country/BOL,2019,4230.64648
dcs:who/AIR_15.ENVCAUSE--ENVCAUSE039__SEX--F,dcid:country/BOL,2019,13625.11719
dcs:who/AIR_15.SEX--F,dcid:country/BOL,2019,32725.4707
dcs:who/AIR_15.ENVCAUSE--ENVCAUSE118__SEX--M,dcid:country/BOL,2019,3285.9148
dcs:who/AIR_15.ENVCAUSE--ENVCAUSE104,dcid:country/BOL,2019,447.14291
dcs:who/AIR_15.ENVCAUSE--ENVCAUSE039__SEX--M,dcid:country/BOL,2019,12568.26367
dcs:who/AIR_15.ENVCAUSE--ENVCAUSE039,dcid:country/BOL,2019,26193.38086
dcs:who/AIR_15.ENVCAUSE--ENVCAUSE118,dcid:country/BOL,2019,7356.06152
dcs:who/AIR_15.ENVCAUSE--ENVCAUSE068__SEX--F,dcid:country/BOL,2019,925.65015
dcs:who/AIR_15,dcid:country/BOL,2019,62020.41016
dcs:who/AIR_15.ENVCAUSE--ENVCAUSE113__SEX--F,dcid:country/BOL,2019,7633.60938
dcs:who/AIR_15.SEX--M,dcid:country/BOL,2019,29294.93945
dcs:who/AIR_15.ENVCAUSE--ENVCAUSE068,dcid:country/BOL,2019,2095.64014
dcs:who/AIR_15.ENVCAUSE--ENVCAUSE114__SEX--F,dcid:country/BOL,2019,6023.8042
dcs:who/AIR_15.ENVCAUSE--ENVCAUSE113__SEX--M,dcid:country/BOL,2019,8040.12451
dcs:who/AIR_15.ENVCAUSE--ENVCAUSE104__SEX--F,dcid:country/BOL,2019,447.14291
dcs:who/AIR_15.ENVCAUSE--ENVCAUSE118__SEX--F,dcid:country/BOL,2019,4070.14648
dcs:who/AIR_15.ENVCAUSE--ENVCAUSE114,dcid:country/BOL,2019,10254.45117
dcs:who/AIR_15.ENVCAUSE--ENVCAUSE113,dcid:country/BOL,2019,15673.73438
dcs:who/AIR_15.ENVCAUSE--ENVCAUSE068,dcid:country/BRA,2019,31477.30273
dcs:who/AIR_15.ENVCAUSE--ENVCAUSE114__SEX--M,dcid:country/BRA,2019,32404.30078
dcs:who/AIR_15.ENVCAUSE--ENVCAUSE114,dcid:country/BRA,2019,66108.23438
dcs:who/AIR_15.ENVCAUSE--ENVCAUSE068__SEX--M,dcid:country/BRA,2019,15921.4873
dcs:who/AIR_15.ENVCAUSE--ENVCAUSE039__SEX--F,dcid:country/BRA,2019,46521.17969
dcs:who/AIR_15.SEX--M,dcid:country/BRA,2019,190895.0313
dcs:who/AIR_15.SEX--F,dcid:country/BRA,2019,168731.4375
dcs:who/AIR_15.ENVCAUSE--ENVCAUSE068__SEX--F,dcid:country/BRA,2019,15555.81445
dcs:who/AIR_15,dcid:country/BRA,2019,359626.4688
dcs:who/AIR_15.ENVCAUSE--ENVCAUSE104__SEX--F,dcid:country/BRA,2019,2904.82129
dcs:who/AIR_15.ENVCAUSE--ENVCAUSE039,dcid:country/BRA,2019,99954.60156
dcs:who/AIR_15.ENVCAUSE--ENVCAUSE118,dcid:country/BRA,2019,54124.07031
dcs:who/AIR_15.ENVCAUSE--ENVCAUSE113__SEX--F,dcid:country/BRA,2019,42131.00391
dcs:who/AIR_15.ENVCAUSE--ENVCAUSE113,dcid:country/BRA,2019,105057.4375
dcs:who/AIR_15.ENVCAUSE--ENVCAUSE104,dcid:country/BRA,2019,2904.82129
dcs:who/AIR_15.ENVCAUSE--ENVCAUSE114__SEX--F,dcid:country/BRA,2019,33703.93359
dcs:who/AIR_15.ENVCAUSE--ENVCAUSE039__SEX--M,dcid:country/BRA,2019,53433.42188
dcs:who/AIR_15.ENVCAUSE--ENVCAUSE113__SEX--M,dcid:country/BRA,2019,62926.4375
dcs:who/AIR_15.ENVCAUSE--ENVCAUSE118__SEX--F,dcid:country/BRA,2019,27914.69141
dcs:who/AIR_15.ENVCAUSE--ENVCAUSE118__SEX--M,dcid:country/BRA,2019,26209.37891
dcs:who/AIR_15.ENVCAUSE--ENVCAUSE039__SEX--F,dcid:country/BRB,2019,0.0
dcs:who/AIR_15.SEX--F,dcid:country/BRB,2019,0.0
dcs:who/AIR_15.ENVCAUSE--ENVCAUSE118,dcid:country/BRB,2019,0.0
dcs:who/AIR_15.ENVCAUSE--ENVCAUSE039__SEX--M,dcid:country/BRB,2019,0.0
dcs:who/AIR_15,dcid:country/BRB,2019,0.0
dcs:who/AIR_15.ENVCAUSE--ENVCAUSE113__SEX--M,dcid:country/BRB,2019,0.0
dcs:who/AIR_15.ENVCAUSE--ENVCAUSE114__SEX--F,dcid:country/BRB,2019,0.0
dcs:who/AIR_15.ENVCAUSE--ENVCAUSE113,dcid:country/BRB,2019,0.0
dcs:who/AIR_15.ENVCAUSE--ENVCAUSE114,dcid:country/BRB,2019,0.0
dcs:who/AIR_15.ENVCAUSE--ENVCAUSE118__SEX--M,dcid:country/BRB,2019,0.0
dcs:who/AIR_15.ENVCAUSE--ENVCAUSE068,dcid:country/BRB,2019,0.0
dcs:who/AIR_15.ENVCAUSE--ENVCAUSE068__SEX--F,dcid:country/BRB,2019,0.0
dcs:who/AIR_15.ENVCAUSE--ENVCAUSE039,dcid:country/BRB,2019,0.0
dcs:who/AIR_15.ENVCAUSE--ENVCAUSE104,dcid:country/BRB,2019,0.0
dcs:who/AIR_15.ENVCAUSE--ENVCAUSE068__SEX--M,dcid:country/BRB,2019,0.0
dcs:who/AIR_15.ENVCAUSE--ENVCAUSE114__SEX--M,dcid:country/BRB,2019,0.0
dcs:who/AIR_15.SEX--M,dcid:country/BRB,2019,0.0
dcs:who/AIR_15.ENVCAUSE--ENVCAUSE118__SEX--F,dcid:country/BRB,2019,0.0
dcs:who/AIR_15.ENVCAUSE--ENVCAUSE113__SEX--F,dcid:country/BRB,2019,0.0
dcs:who/AIR_15.ENVCAUSE--ENVCAUSE104__SEX--F,dcid:country/BRB,2019,0.0
dcs:who/AIR_15.ENVCAUSE--ENVCAUSE068,dcid:country/BRN,2019,0.0
dcs:who/AIR_15.ENVCAUSE--ENVCAUSE118,dcid:country/BRN,2019,0.0
dcs:who/AIR_15.ENVCAUSE--ENVCAUSE114__SEX--F,dcid:country/BRN,2019,0.0
dcs:who/AIR_15.ENVCAUSE--ENVCAUSE068__SEX--F,dcid:country/BRN,2019,0.0
dcs:who/AIR_15.ENVCAUSE--ENVCAUSE104__SEX--F,dcid:country/BRN,2019,0.0
dcs:who/AIR_15.ENVCAUSE--ENVCAUSE113__SEX--M,dcid:country/BRN,2019,0.0
dcs:who/AIR_15,dcid:country/BRN,2019,0.0
dcs:who/AIR_15.ENVCAUSE--ENVCAUSE114,dcid:country/BRN,2019,0.0
dcs:who/AIR_15.ENVCAUSE--ENVCAUSE039,dcid:country/BRN,2019,0.0
dcs:who/AIR_15.SEX--M,dcid:country/BRN,2019,0.0
dcs:who/AIR_15.ENVCAUSE--ENVCAUSE113,dcid:country/BRN,2019,0.0
dcs:who/AIR_15.ENVCAUSE--ENVCAUSE113__SEX--F,dcid:country/BRN,2019,0.0
dcs:who/AIR_15.ENVCAUSE--ENVCAUSE068__SEX--M,dcid:country/BRN,2019,0.0
dcs:who/AIR_15.ENVCAUSE--ENVCAUSE104,dcid:country/BRN,2019,0.0
dcs:who/AIR_15.ENVCAUSE--ENVCAUSE039__SEX--M,dcid:country/BRN,2019,0.0
dcs:who/AIR_15.SEX--F,dcid:country/BRN,2019,0.0
dcs:who/AIR_15.ENVCAUSE--ENVCAUSE118__SEX--M,dcid:country/BRN,2019,0.0
dcs:who/AIR_15.ENVCAUSE--ENVCAUSE114__SEX--M,dcid:country/BRN,2019,0.0
dcs:who/AIR_15.ENVCAUSE--ENVCAUSE039__SEX--F,dcid:country/BRN,2019,0.0
dcs:who/AIR_15.ENVCAUSE--ENVCAUSE118__SEX--F,dcid:country/BRN,2019,0.0
dcs:who/AIR_15.ENVCAUSE--ENVCAUSE039__SEX--M,dcid:country/BTN,2019,736.59741
dcs:who/AIR_15.ENVCAUSE--ENVCAUSE114__SEX--M,dcid:country/BTN,2019,434.8443
dcs:who/AIR_15.ENVCAUSE--ENVCAUSE113__SEX--F,dcid:country/BTN,2019,677.76245
dcs:who/AIR_15.ENVCAUSE--ENVCAUSE104__SEX--F,dcid:country/BTN,2019,17.62489
dcs:who/AIR_15.SEX--M,dcid:country/BTN,2019,3403.92822
dcs:who/AIR_15.SEX--F,dcid:country/BTN,2019,2895.50806
dcs:who/AIR_15,dcid:country/BTN,2019,6299.43652
dcs:who/AIR_15.ENVCAUSE--ENVCAUSE068__SEX--M,dcid:country/BTN,2019,117.04959
dcs:who/AIR_15.ENVCAUSE--ENVCAUSE068__SEX--F,dcid:country/BTN,2019,161.40959
dcs:who/AIR_15.ENVCAUSE--ENVCAUSE039__SEX--F,dcid:country/BTN,2019,620.69263
dcs:who/AIR_15.ENVCAUSE--ENVCAUSE113__SEX--M,dcid:country/BTN,2019,1125.44836
dcs:who/AIR_15.ENVCAUSE--ENVCAUSE118__SEX--F,dcid:country/BTN,2019,1032.69287
dcs:who/AIR_15.ENVCAUSE--ENVCAUSE068,dcid:country/BTN,2019,278.4592
dcs:who/AIR_15.ENVCAUSE--ENVCAUSE118__SEX--M,dcid:country/BTN,2019,989.98865
dcs:who/AIR_15.ENVCAUSE--ENVCAUSE114__SEX--F,dcid:country/BTN,2019,385.32571
dcs:who/AIR_15.ENVCAUSE--ENVCAUSE114,dcid:country/BTN,2019,820.17004
dcs:who/AIR_15.ENVCAUSE--ENVCAUSE113,dcid:country/BTN,2019,1803.21082
dcs:who/AIR_15.ENVCAUSE--ENVCAUSE039,dcid:country/BTN,2019,1357.29004
dcs:who/AIR_15.ENVCAUSE--ENVCAUSE104,dcid:country/BTN,2019,17.62489
dcs:who/AIR_15.ENVCAUSE--ENVCAUSE118,dcid:country/BTN,2019,2022.6814
dcs:who/AIR_15.ENVCAUSE--ENVCAUSE114,dcid:country/BWA,2019,7065.03369
dcs:who/AIR_15.ENVCAUSE--ENVCAUSE113__SEX--M,dcid:country/BWA,2019,4658.10059
dcs:who/AIR_15.ENVCAUSE--ENVCAUSE039__SEX--F,dcid:country/BWA,2019,9189.43066
dcs:who/AIR_15.ENVCAUSE--ENVCAUSE113__SEX--F,dcid:country/BWA,2019,3611.75732
dcs:who/AIR_15.ENVCAUSE--ENVCAUSE068,dcid:country/BWA,2019,392.94666
dcs:who/AIR_15.ENVCAUSE--ENVCAUSE118__SEX--M,dcid:country/BWA,2019,2338.58325
dcs:who/AIR_15.ENVCAUSE--ENVCAUSE039__SEX--M,dcid:country/BWA,2019,11499.26953
dcs:who/AIR_15.SEX--F,dcid:country/BWA,2019,18851.74609
dcs:who/AIR_15.ENVCAUSE--ENVCAUSE104,dcid:country/BWA,2019,135.45056
dcs:who/AIR_15.ENVCAUSE--ENVCAUSE068__SEX--F,dcid:country/BWA,2019,80.79045
dcs:who/AIR_15.ENVCAUSE--ENVCAUSE118,dcid:country/BWA,2019,4329.2124
dcs:who/AIR_15.ENVCAUSE--ENVCAUSE114__SEX--M,dcid:country/BWA,2019,3221.34546
dcs:who/AIR_15.ENVCAUSE--ENVCAUSE039,dcid:country/BWA,2019,20688.69922
dcs:who/AIR_15.ENVCAUSE--ENVCAUSE118__SEX--F,dcid:country/BWA,2019,1990.62903
dcs:who/AIR_15.ENVCAUSE--ENVCAUSE113,dcid:country/BWA,2019,8269.85742
dcs:who/AIR_15.SEX--M,dcid:country/BWA,2019,22029.45508
dcs:who/AIR_15.ENVCAUSE--ENVCAUSE104__SEX--F,dcid:country/BWA,2019,135.45056
dcs:who/AIR_15.ENVCAUSE--ENVCAUSE114__SEX--F,dcid:country/BWA,2019,3843.68823
dcs:who/AIR_15,dcid:country/BWA,2019,40881.19922
dcs:who/AIR_15.ENVCAUSE--ENVCAUSE068__SEX--M,dcid:country/BWA,2019,312.15622
dcs:who/AIR_15.ENVCAUSE--ENVCAUSE068__SEX--M,dcid:country/CAF,2019,429.87677
dcs:who/AIR_15.ENVCAUSE--ENVCAUSE114,dcid:country/CAF,2019,32825.59375
dcs:who/AIR_15.SEX--F,dcid:country/CAF,2019,99387.78906
dcs:who/AIR_15.SEX--M,dcid:country/CAF,2019,134454.3438
dcs:who/AIR_15.ENVCAUSE--ENVCAUSE114__SEX--F,dcid:country/CAF,2019,16185.92969
dcs:who/AIR_15.ENVCAUSE--ENVCAUSE068,dcid:country/CAF,2019,753.17944
dcs:who/AIR_15.ENVCAUSE--ENVCAUSE039,dcid:country/CAF,2019,153924.7813
dcs:who/AIR_15.ENVCAUSE--ENVCAUSE118__SEX--M,dcid:country/CAF,2019,7824.63037
dcs:who/AIR_15.ENVCAUSE--ENVCAUSE113,dcid:country/CAF,2019,31693.07813
dcs:who/AIR_15.ENVCAUSE--ENVCAUSE114__SEX--M,dcid:country/CAF,2019,16639.66406
dcs:who/AIR_15,dcid:country/CAF,2019,233842.125
dcs:who/AIR_15.ENVCAUSE--ENVCAUSE104__SEX--F,dcid:country/CAF,2019,231.41272
dcs:who/AIR_15.ENVCAUSE--ENVCAUSE039__SEX--F,dcid:country/CAF,2019,62263.25781
dcs:who/AIR_15.ENVCAUSE--ENVCAUSE118,dcid:country/CAF,2019,14414.07813
dcs:who/AIR_15.ENVCAUSE--ENVCAUSE113__SEX--M,dcid:country/CAF,2019,17898.64063
dcs:who/AIR_15.ENVCAUSE--ENVCAUSE068__SEX--F,dcid:country/CAF,2019,323.30267
dcs:who/AIR_15.ENVCAUSE--ENVCAUSE113__SEX--F,dcid:country/CAF,2019,13794.43652
dcs:who/AIR_15.ENVCAUSE--ENVCAUSE118__SEX--F,dcid:country/CAF,2019,6589.44727
dcs:who/AIR_15.ENVCAUSE--ENVCAUSE104,dcid:country/CAF,2019,231.41272
dcs:who/AIR_15.ENVCAUSE--ENVCAUSE039__SEX--M,dcid:country/CAF,2019,91661.53125
dcs:who/AIR_15.ENVCAUSE--ENVCAUSE104__SEX--F,dcid:country/CAN,2019,0.0
dcs:who/AIR_15.ENVCAUSE--ENVCAUSE114__SEX--M,dcid:country/CAN,2019,0.0
dcs:who/AIR_15.SEX--M,dcid:country/CAN,2019,0.0
dcs:who/AIR_15.ENVCAUSE--ENVCAUSE068,dcid:country/CAN,2019,0.0
dcs:who/AIR_15.ENVCAUSE--ENVCAUSE068__SEX--F,dcid:country/CAN,2019,0.0
dcs:who/AIR_15,dcid:country/CAN,2019,0.0
dcs:who/AIR_15.ENVCAUSE--ENVCAUSE113__SEX--M,dcid:country/CAN,2019,0.0
dcs:who/AIR_15.ENVCAUSE--ENVCAUSE039__SEX--M,dcid:country/CAN,2019,0.0
dcs:who/AIR_15.ENVCAUSE--ENVCAUSE114,dcid:country/CAN,2019,0.0
dcs:who/AIR_15.ENVCAUSE--ENVCAUSE113__SEX--F,dcid:country/CAN,2019,0.0
dcs:who/AIR_15.ENVCAUSE--ENVCAUSE114__SEX--F,dcid:country/CAN,2019,0.0
dcs:who/AIR_15.ENVCAUSE--ENVCAUSE039__SEX--F,dcid:country/CAN,2019,0.0
dcs:who/AIR_15.ENVCAUSE--ENVCAUSE118__SEX--M,dcid:country/CAN,2019,0.0
dcs:who/AIR_15.ENVCAUSE--ENVCAUSE068__SEX--M,dcid:country/CAN,2019,0.0
dcs:who/AIR_15.SEX--F,dcid:country/CAN,2019,0.0
dcs:who/AIR_15.ENVCAUSE--ENVCAUSE118__SEX--F,dcid:country/CAN,2019,0.0
dcs:who/AIR_15.ENVCAUSE--ENVCAUSE118,dcid:country/CAN,2019,0.0
dcs:who/AIR_15.ENVCAUSE--ENVCAUSE104,dcid:country/CAN,2019,0.0
dcs:who/AIR_15.ENVCAUSE--ENVCAUSE039,dcid:country/CAN,2019,0.0
dcs:who/AIR_15.ENVCAUSE--ENVCAUSE113,dcid:country/CAN,2019,0.0
dcs:who/AIR_15.ENVCAUSE--ENVCAUSE039,dcid:country/CHE,2019,0.0
dcs:who/AIR_15,dcid:country/CHE,2019,0.0
dcs:who/AIR_15.ENVCAUSE--ENVCAUSE039__SEX--M,dcid:country/CHE,2019,0.0
dcs:who/AIR_15.SEX--M,dcid:country/CHE,2019,0.0
dcs:who/AIR_15.ENVCAUSE--ENVCAUSE118,dcid:country/CHE,2019,0.0
dcs:who/AIR_15.ENVCAUSE--ENVCAUSE113,dcid:country/CHE,2019,0.0
dcs:who/AIR_15.ENVCAUSE--ENVCAUSE068__SEX--M,dcid:country/CHE,2019,0.0
dcs:who/AIR_15.ENVCAUSE--ENVCAUSE114__SEX--F,dcid:country/CHE,2019,0.0
dcs:who/AIR_15.ENVCAUSE--ENVCAUSE113__SEX--F,dcid:country/CHE,2019,0.0
dcs:who/AIR_15.ENVCAUSE--ENVCAUSE039__SEX--F,dcid:country/CHE,2019,0.0
dcs:who/AIR_15.ENVCAUSE--ENVCAUSE114__SEX--M,dcid:country/CHE,2019,0.0
dcs:who/AIR_15.ENVCAUSE--ENVCAUSE118__SEX--M,dcid:country/CHE,2019,0.0
dcs:who/AIR_15.SEX--F,dcid:country/CHE,2019,0.0
dcs:who/AIR_15.ENVCAUSE--ENVCAUSE113__SEX--M,dcid:country/CHE,2019,0.0
dcs:who/AIR_15.ENVCAUSE--ENVCAUSE068__SEX--F,dcid:country/CHE,2019,0.0
dcs:who/AIR_15.ENVCAUSE--ENVCAUSE118__SEX--F,dcid:country/CHE,2019,0.0
dcs:who/AIR_15.ENVCAUSE--ENVCAUSE104,dcid:country/CHE,2019,0.0
dcs:who/AIR_15.ENVCAUSE--ENVCAUSE104__SEX--F,dcid:country/CHE,2019,0.0
dcs:who/AIR_15.ENVCAUSE--ENVCAUSE068,dcid:country/CHE,2019,0.0
dcs:who/AIR_15.ENVCAUSE--ENVCAUSE114,dcid:country/CHE,2019,0.0
dcs:who/AIR_15.SEX--M,dcid:country/CHL,2019,0.0
dcs:who/AIR_15,dcid:country/CHL,2019,0.0
dcs:who/AIR_15.ENVCAUSE--ENVCAUSE068__SEX--F,dcid:country/CHL,2019,0.0
dcs:who/AIR_15.ENVCAUSE--ENVCAUSE113__SEX--M,dcid:country/CHL,2019,0.0
dcs:who/AIR_15.ENVCAUSE--ENVCAUSE113__SEX--F,dcid:country/CHL,2019,0.0
dcs:who/AIR_15.ENVCAUSE--ENVCAUSE104__SEX--F,dcid:country/CHL,2019,0.0
dcs:who/AIR_15.ENVCAUSE--ENVCAUSE039__SEX--M,dcid:country/CHL,2019,0.0
dcs:who/AIR_15.ENVCAUSE--ENVCAUSE114__SEX--F,dcid:country/CHL,2019,0.0
dcs:who/AIR_15.ENVCAUSE--ENVCAUSE114,dcid:country/CHL,2019,0.0
dcs:who/AIR_15.ENVCAUSE--ENVCAUSE039,dcid:country/CHL,2019,0.0
dcs:who/AIR_15.ENVCAUSE--ENVCAUSE039__SEX--F,dcid:country/CHL,2019,0.0
dcs:who/AIR_15.ENVCAUSE--ENVCAUSE104,dcid:country/CHL,2019,0.0
dcs:who/AIR_15.ENVCAUSE--ENVCAUSE114__SEX--M,dcid:country/CHL,2019,0.0
dcs:who/AIR_15.ENVCAUSE--ENVCAUSE113,dcid:country/CHL,2019,0.0
dcs:who/AIR_15.ENVCAUSE--ENVCAUSE118,dcid:country/CHL,2019,0.0
dcs:who/AIR_15.ENVCAUSE--ENVCAUSE068__SEX--M,dcid:country/CHL,2019,0.0
dcs:who/AIR_15.ENVCAUSE--ENVCAUSE118__SEX--M,dcid:country/CHL,2019,0.0
dcs:who/AIR_15.ENVCAUSE--ENVCAUSE068,dcid:country/CHL,2019,0.0
dcs:who/AIR_15.SEX--F,dcid:country/CHL,2019,0.0
dcs:who/AIR_15.ENVCAUSE--ENVCAUSE118__SEX--F,dcid:country/CHL,2019,0.0
dcs:who/AIR_15.SEX--M,dcid:country/CHN,2019,8597961.0
dcs:who/AIR_15.SEX--F,dcid:country/CHN,2019,6350351.0
dcs:who/AIR_15.ENVCAUSE--ENVCAUSE114__SEX--M,dcid:country/CHN,2019,2510741.25
dcs:who/AIR_15.ENVCAUSE--ENVCAUSE113__SEX--F,dcid:country/CHN,2019,1608063.375
dcs:who/AIR_15.ENVCAUSE--ENVCAUSE068__SEX--M,dcid:country/CHN,2019,1699509.375
dcs:who/AIR_15.ENVCAUSE--ENVCAUSE113__SEX--M,dcid:country/CHN,2019,2338027.0
dcs:who/AIR_15.ENVCAUSE--ENVCAUSE118__SEX--F,dcid:country/CHN,2019,1481091.5
dcs:who/AIR_15.ENVCAUSE--ENVCAUSE118__SEX--M,dcid:country/CHN,2019,1570292.375
dcs:who/AIR_15.ENVCAUSE--ENVCAUSE068__SEX--F,dcid:country/CHN,2019,917949.8125
dcs:who/AIR_15.ENVCAUSE--ENVCAUSE039__SEX--M,dcid:country/CHN,2019,479390.5313
dcs:who/AIR_15.ENVCAUSE--ENVCAUSE039__SEX--F,dcid:country/CHN,2019,348877.9375
dcs:who/AIR_15.ENVCAUSE--ENVCAUSE114__SEX--F,dcid:country/CHN,2019,1916247.5
dcs:who/AIR_15.ENVCAUSE--ENVCAUSE104__SEX--F,dcid:country/CHN,2019,78120.79688
dcs:who/AIR_15,dcid:country/CHN,2019,14948311.0
dcs:who/AIR_15.ENVCAUSE--ENVCAUSE113,dcid:country/CHN,2019,3946090.25
dcs:who/AIR_15.ENVCAUSE--ENVCAUSE114,dcid:country/CHN,2019,4426989.0
dcs:who/AIR_15.ENVCAUSE--ENVCAUSE118,dcid:country/CHN,2019,3051383.75
dcs:who/AIR_15.ENVCAUSE--ENVCAUSE104,dcid:country/CHN,2019,78120.79688
dcs:who/AIR_15.ENVCAUSE--ENVCAUSE039,dcid:country/CHN,2019,828268.4375
dcs:who/AIR_15.ENVCAUSE--ENVCAUSE068,dcid:country/CHN,2019,2617459.25
dcs:who/AIR_15.ENVCAUSE--ENVCAUSE104,dcid:country/CIV,2019,2544.0398
dcs:who/AIR_15.ENVCAUSE--ENVCAUSE068__SEX--M,dcid:country/CIV,2019,2318.18335
dcs:who/AIR_15.ENVCAUSE--ENVCAUSE118__SEX--F,dcid:country/CIV,2019,12551.35742
dcs:who/AIR_15.ENVCAUSE--ENVCAUSE039__SEX--F,dcid:country/CIV,2019,221721.1563
dcs:who/AIR_15.ENVCAUSE--ENVCAUSE039__SEX--M,dcid:country/CIV,2019,310962.8125
dcs:who/AIR_15.ENVCAUSE--ENVCAUSE068,dcid:country/CIV,2019,3519.11279
dcs:who/AIR_15.SEX--M,dcid:country/CIV,2019,439413.1563
dcs:who/AIR_15.ENVCAUSE--ENVCAUSE114__SEX--F,dcid:country/CIV,2019,30549.63281
dcs:who/AIR_15.ENVCAUSE--ENVCAUSE114,dcid:country/CIV,2019,76719.53125
dcs:who/AIR_15.ENVCAUSE--ENVCAUSE114__SEX--M,dcid:country/CIV,2019,46169.89844
dcs:who/AIR_15.ENVCAUSE--ENVCAUSE118,dcid:country/CIV,2019,33871.33203
dcs:who/AIR_15.SEX--F,dcid:country/CIV,2019,299744.1563
dcs:who/AIR_15.ENVCAUSE--ENVCAUSE113__SEX--M,dcid:country/CIV,2019,58642.28906
dcs:who/AIR_15.ENVCAUSE--ENVCAUSE104__SEX--F,dcid:country/CIV,2019,2544.0398
dcs:who/AIR_15.ENVCAUSE--ENVCAUSE113,dcid:country/CIV,2019,89819.32813
dcs:who/AIR_15.ENVCAUSE--ENVCAUSE118__SEX--M,dcid:country/CIV,2019,21319.97461
dcs:who/AIR_15,dcid:country/CIV,2019,739157.3125
dcs:who/AIR_15.ENVCAUSE--ENVCAUSE068__SEX--F,dcid:country/CIV,2019,1200.92944
dcs:who/AIR_15.ENVCAUSE--ENVCAUSE113__SEX--F,dcid:country/CIV,2019,31177.03906
dcs:who/AIR_15.ENVCAUSE--ENVCAUSE039,dcid:country/CIV,2019,532683.9375
dcs:who/AIR_15.ENVCAUSE--ENVCAUSE113,dcid:country/CMR,2019,94086.14844
dcs:who/AIR_15.ENVCAUSE--ENVCAUSE039__SEX--M,dcid:country/CMR,2019,279222.125
dcs:who/AIR_15.ENVCAUSE--ENVCAUSE118__SEX--F,dcid:country/CMR,2019,18726.67383
dcs:who/AIR_15.ENVCAUSE--ENVCAUSE114__SEX--M,dcid:country/CMR,2019,48903.73828
dcs:who/AIR_15.SEX--M,dcid:country/CMR,2019,405510.4375
dcs:who/AIR_15.ENVCAUSE--ENVCAUSE068__SEX--F,dcid:country/CMR,2019,1846.99243
dcs:who/AIR_15.ENVCAUSE--ENVCAUSE114,dcid:country/CMR,2019,95509.89844
dcs:who/AIR_15.ENVCAUSE--ENVCAUSE118__SEX--M,dcid:country/CMR,2019,21248.45117
dcs:who/AIR_15.ENVCAUSE--ENVCAUSE039__SEX--F,dcid:country/CMR,2019,219682.2813
dcs:who/AIR_15.ENVCAUSE--ENVCAUSE039,dcid:country/CMR,2019,498904.4375
dcs:who/AIR_15.ENVCAUSE--ENVCAUSE118,dcid:country/CMR,2019,39975.125
dcs:who/AIR_15.ENVCAUSE--ENVCAUSE104,dcid:country/CMR,2019,1957.51758
dcs:who/AIR_15,dcid:country/CMR,2019,735300.875
dcs:who/AIR_15.SEX--F,dcid:country/CMR,2019,329790.4375
dcs:who/AIR_15.ENVCAUSE--ENVCAUSE068,dcid:country/CMR,2019,4867.75244
dcs:who/AIR_15.ENVCAUSE--ENVCAUSE113__SEX--F,dcid:country/CMR,2019,40970.79688
dcs:who/AIR_15.ENVCAUSE--ENVCAUSE113__SEX--M,dcid:country/CMR,2019,53115.35156
dcs:who/AIR_15.ENVCAUSE--ENVCAUSE068__SEX--M,dcid:country/CMR,2019,3020.76025
dcs:who/AIR_15.ENVCAUSE--ENVCAUSE114__SEX--F,dcid:country/CMR,2019,46606.16406
dcs:who/AIR_15.ENVCAUSE--ENVCAUSE104__SEX--F,dcid:country/CMR,2019,1957.51758
dcs:who/AIR_15.ENVCAUSE--ENVCAUSE114__SEX--M,dcid:country/COD,2019,161638.2813
dcs:who/AIR_15.ENVCAUSE--ENVCAUSE113__SEX--F,dcid:country/COD,2019,150706.4219
dcs:who/AIR_15.ENVCAUSE--ENVCAUSE068__SEX--M,dcid:country/COD,2019,7490.56836
dcs:who/AIR_15.ENVCAUSE--ENVCAUSE113__SEX--M,dcid:country/COD,2019,177052.2813
dcs:who/AIR_15.ENVCAUSE--ENVCAUSE114,dcid:country/COD,2019,319162.9688
dcs:who/AIR_15.ENVCAUSE--ENVCAUSE068,dcid:country/COD,2019,16183.42871
dcs:who/AIR_15.ENVCAUSE--ENVCAUSE118__SEX--M,dcid:country/COD,2019,98160.3125
dcs:who/AIR_15.ENVCAUSE--ENVCAUSE113,dcid:country/COD,2019,327758.7188
dcs:who/AIR_15.ENVCAUSE--ENVCAUSE118__SEX--F,dcid:country/COD,2019,95936.0
dcs:who/AIR_15.SEX--M,dcid:country/COD,2019,1730779.75
dcs:who/AIR_15.ENVCAUSE--ENVCAUSE039,dcid:country/COD,2019,2244436.75
dcs:who/AIR_15.ENVCAUSE--ENVCAUSE039__SEX--M,dcid:country/COD,2019,1286438.25
dcs:who/AIR_15.SEX--F,dcid:country/COD,2019,1372619.625
dcs:who/AIR_15.ENVCAUSE--ENVCAUSE039__SEX--F,dcid:country/COD,2019,957998.375
dcs:who/AIR_15,dcid:country/COD,2019,3103399.25
dcs:who/AIR_15.ENVCAUSE--ENVCAUSE068__SEX--F,dcid:country/COD,2019,8692.86035
dcs:who/AIR_15.ENVCAUSE--ENVCAUSE104__SEX--F,dcid:country/COD,2019,1761.27564
dcs:who/AIR_15.ENVCAUSE--ENVCAUSE114__SEX--F,dcid:country/COD,2019,157524.7031
dcs:who/AIR_15.ENVCAUSE--ENVCAUSE104,dcid:country/COD,2019,1761.27564
dcs:who/AIR_15.ENVCAUSE--ENVCAUSE118,dcid:country/COD,2019,194096.3125
dcs:who/AIR_15.ENVCAUSE--ENVCAUSE104,dcid:country/COG,2019,190.39876
dcs:who/AIR_15.ENVCAUSE--ENVCAUSE039__SEX--M,dcid:country/COG,2019,31320.09961
dcs:who/AIR_15.SEX--F,dcid:country/COG,2019,50837.66406
dcs:who/AIR_15.ENVCAUSE--ENVCAUSE068,dcid:country/COG,2019,646.79822
dcs:who/AIR_15.ENVCAUSE--ENVCAUSE113,dcid:country/COG,2019,19968.69727
dcs:who/AIR_15,dcid:country/COG,2019,102985.2656
dcs:who/AIR_15.ENVCAUSE--ENVCAUSE039,dcid:country/COG,2019,56790.95703
dcs:who/AIR_15.ENVCAUSE--ENVCAUSE068__SEX--F,dcid:country/COG,2019,314.44016
dcs:who/AIR_15.ENVCAUSE--ENVCAUSE113__SEX--M,dcid:country/COG,2019,9505.41211
dcs:who/AIR_15.ENVCAUSE--ENVCAUSE068__SEX--M,dcid:country/COG,2019,332.35803
dcs:who/AIR_15.ENVCAUSE--ENVCAUSE118,dcid:country/COG,2019,8077.75732
dcs:who/AIR_15.ENVCAUSE--ENVCAUSE039__SEX--F,dcid:country/COG,2019,25470.85938
dcs:who/AIR_15.ENVCAUSE--ENVCAUSE114__SEX--F,dcid:country/COG,2019,9908.53711
dcs:who/AIR_15.ENVCAUSE--ENVCAUSE113__SEX--F,dcid:country/COG,2019,10463.28516
dcs:who/AIR_15.ENVCAUSE--ENVCAUSE118__SEX--F,dcid:country/COG,2019,4490.14258
dcs:who/AIR_15.ENVCAUSE--ENVCAUSE118__SEX--M,dcid:country/COG,2019,3587.6145
dcs:who/AIR_15.ENVCAUSE--ENVCAUSE114,dcid:country/COG,2019,17310.65234
dcs:who/AIR_15.SEX--M,dcid:country/COG,2019,52147.59766
dcs:who/AIR_15.ENVCAUSE--ENVCAUSE114__SEX--M,dcid:country/COG,2019,7402.11475
dcs:who/AIR_15.ENVCAUSE--ENVCAUSE104__SEX--F,dcid:country/COG,2019,190.39876
dcs:who/AIR_15.SEX--M,dcid:country/COL,2019,45890.22266
dcs:who/AIR_15.ENVCAUSE--ENVCAUSE068,dcid:country/COL,2019,7457.22119
dcs:who/AIR_15.ENVCAUSE--ENVCAUSE118__SEX--F,dcid:country/COL,2019,9501.90332
dcs:who/AIR_15.ENVCAUSE--ENVCAUSE114,dcid:country/COL,2019,12674.94141
dcs:who/AIR_15.ENVCAUSE--ENVCAUSE039__SEX--M,dcid:country/COL,2019,10710.95605
dcs:who/AIR_15.ENVCAUSE--ENVCAUSE113__SEX--M,dcid:country/COL,2019,17880.68164
dcs:who/AIR_15.ENVCAUSE--ENVCAUSE104,dcid:country/COL,2019,799.19763
dcs:who/AIR_15.ENVCAUSE--ENVCAUSE114__SEX--F,dcid:country/COL,2019,7313.51318
dcs:who/AIR_15.ENVCAUSE--ENVCAUSE118,dcid:country/COL,2019,17622.82813
dcs:who/AIR_15.ENVCAUSE--ENVCAUSE039__SEX--F,dcid:country/COL,2019,9869.84277
dcs:who/AIR_15.ENVCAUSE--ENVCAUSE068__SEX--M,dcid:country/COL,2019,3816.23315
dcs:who/AIR_15.ENVCAUSE--ENVCAUSE068__SEX--F,dcid:country/COL,2019,3640.98828
dcs:who/AIR_15.ENVCAUSE--ENVCAUSE114__SEX--M,dcid:country/COL,2019,5361.42822
dcs:who/AIR_15.ENVCAUSE--ENVCAUSE113__SEX--F,dcid:country/COL,2019,14856.34277
dcs:who/AIR_15.ENVCAUSE--ENVCAUSE113,dcid:country/COL,2019,32737.02539
dcs:who/AIR_15.ENVCAUSE--ENVCAUSE118__SEX--M,dcid:country/COL,2019,8120.92334
dcs:who/AIR_15.ENVCAUSE--ENVCAUSE104__SEX--F,dcid:country/COL,2019,799.19763
dcs:who/AIR_15.SEX--F,dcid:country/COL,2019,45981.78906
dcs:who/AIR_15,dcid:country/COL,2019,91872.01563
dcs:who/AIR_15.ENVCAUSE--ENVCAUSE039,dcid:country/COL,2019,20580.79883
dcs:who/AIR_15.ENVCAUSE--ENVCAUSE113__SEX--F,dcid:country/COM,2019,1496.74146
dcs:who/AIR_15.ENVCAUSE--ENVCAUSE068__SEX--F,dcid:country/COM,2019,1.38165
dcs:who/AIR_15.ENVCAUSE--ENVCAUSE104__SEX--F,dcid:country/COM,2019,97.47743
dcs:who/AIR_15.ENVCAUSE--ENVCAUSE114,dcid:country/COM,2019,3303.54468
dcs:who/AIR_15.ENVCAUSE--ENVCAUSE039__SEX--F,dcid:country/COM,2019,7412.93945
dcs:who/AIR_15.ENVCAUSE--ENVCAUSE068,dcid:country/COM,2019,20.951
dcs:who/AIR_15.ENVCAUSE--ENVCAUSE118__SEX--M,dcid:country/COM,2019,760.60638
dcs:who/AIR_15.ENVCAUSE--ENVCAUSE039,dcid:country/COM,2019,16200.8291
dcs:who/AIR_15.ENVCAUSE--ENVCAUSE118,dcid:country/COM,2019,1341.09412
dcs:who/AIR_15.ENVCAUSE--ENVCAUSE113__SEX--M,dcid:country/COM,2019,1919.30725
dcs:who/AIR_15.SEX--M,dcid:country/COM,2019,12963.6709
dcs:who/AIR_15.ENVCAUSE--ENVCAUSE068__SEX--M,dcid:country/COM,2019,19.56935
dcs:who/AIR_15.SEX--F,dcid:country/COM,2019,11416.27344
dcs:who/AIR_15.ENVCAUSE--ENVCAUSE114__SEX--M,dcid:country/COM,2019,1476.29834
dcs:who/AIR_15.ENVCAUSE--ENVCAUSE118__SEX--F,dcid:country/COM,2019,580.48773
dcs:who/AIR_15.ENVCAUSE--ENVCAUSE039__SEX--M,dcid:country/COM,2019,8787.88965
dcs:who/AIR_15.ENVCAUSE--ENVCAUSE114__SEX--F,dcid:country/COM,2019,1827.24634
dcs:who/AIR_15.ENVCAUSE--ENVCAUSE113,dcid:country/COM,2019,3416.04883
dcs:who/AIR_15,dcid:country/COM,2019,24379.94531
dcs:who/AIR_15.ENVCAUSE--ENVCAUSE104,dcid:country/COM,2019,97.47743
dcs:who/AIR_15.ENVCAUSE--ENVCAUSE104__SEX--F,dcid:country/CPV,2019,33.72338
dcs:who/AIR_15.ENVCAUSE--ENVCAUSE113,dcid:country/CPV,2019,1056.51709
dcs:who/AIR_15.SEX--M,dcid:country/CPV,2019,1912.95447
dcs:who/AIR_15.SEX--F,dcid:country/CPV,2019,1587.97754
dcs:who/AIR_15,dcid:country/CPV,2019,3500.93189
dcs:who/AIR_15.ENVCAUSE--ENVCAUSE114__SEX--F,dcid:country/CPV,2019,285.76682
dcs:who/AIR_15.ENVCAUSE--ENVCAUSE068__SEX--M,dcid:country/CPV,2019,89.74568
dcs:who/AIR_15.ENVCAUSE--ENVCAUSE114,dcid:country/CPV,2019,650.51404
dcs:who/AIR_15.ENVCAUSE--ENVCAUSE118__SEX--F,dcid:country/CPV,2019,182.01933
dcs:who/AIR_15.ENVCAUSE--ENVCAUSE068__SEX--F,dcid:country/CPV,2019,79.68152
dcs:who/AIR_15.ENVCAUSE--ENVCAUSE068,dcid:country/CPV,2019,169.4272
dcs:who/AIR_15.ENVCAUSE--ENVCAUSE114__SEX--M,dcid:country/CPV,2019,364.74722
dcs:who/AIR_15.ENVCAUSE--ENVCAUSE039__SEX--M,dcid:country/CPV,2019,743.6568
dcs:who/AIR_15.ENVCAUSE--ENVCAUSE113__SEX--F,dcid:country/CPV,2019,510.8912
dcs:who/AIR_15.ENVCAUSE--ENVCAUSE113__SEX--M,dcid:country/CPV,2019,545.62592
dcs:who/AIR_15.ENVCAUSE--ENVCAUSE039__SEX--F,dcid:country/CPV,2019,495.89529
dcs:who/AIR_15.ENVCAUSE--ENVCAUSE118__SEX--M,dcid:country/CPV,2019,169.17882
dcs:who/AIR_15.ENVCAUSE--ENVCAUSE104,dcid:country/CPV,2019,33.72338
dcs:who/AIR_15.ENVCAUSE--ENVCAUSE118,dcid:country/CPV,2019,351.19815
dcs:who/AIR_15.ENVCAUSE--ENVCAUSE039,dcid:country/CPV,2019,1239.55212
dcs:who/AIR_15.SEX--M,dcid:country/CRI,2019,2467.82349
dcs:who/AIR_15.ENVCAUSE--ENVCAUSE104,dcid:country/CRI,2019,61.5886
dcs:who/AIR_15.ENVCAUSE--ENVCAUSE104__SEX--F,dcid:country/CRI,2019,61.5886
dcs:who/AIR_15.ENVCAUSE--ENVCAUSE114,dcid:country/CRI,2019,753.3186
dcs:who/AIR_15.ENVCAUSE--ENVCAUSE113,dcid:country/CRI,2019,1471.55188
dcs:who/AIR_15,dcid:country/CRI,2019,4365.73584
dcs:who/AIR_15.ENVCAUSE--ENVCAUSE068__SEX--M,dcid:country/CRI,2019,190.12009
dcs:who/AIR_15.ENVCAUSE--ENVCAUSE068,dcid:country/CRI,2019,313.26755
dcs:who/AIR_15.ENVCAUSE--ENVCAUSE113__SEX--F,dcid:country/CRI,2019,508.38351
dcs:who/AIR_15.SEX--F,dcid:country/CRI,2019,1897.9126
dcs:who/AIR_15.ENVCAUSE--ENVCAUSE039__SEX--F,dcid:country/CRI,2019,400.1022
dcs:who/AIR_15.ENVCAUSE--ENVCAUSE039,dcid:country/CRI,2019,975.06744
dcs:who/AIR_15.ENVCAUSE--ENVCAUSE118,dcid:country/CRI,2019,790.94189
dcs:who/AIR_15.ENVCAUSE--ENVCAUSE118__SEX--M,dcid:country/CRI,2019,390.9653
dcs:who/AIR_15.ENVCAUSE--ENVCAUSE114__SEX--M,dcid:country/CRI,2019,348.6044
dcs:who/AIR_15.ENVCAUSE--ENVCAUSE113__SEX--M,dcid:country/CRI,2019,963.1684
dcs:who/AIR_15.ENVCAUSE--ENVCAUSE068__SEX--F,dcid:country/CRI,2019,123.14748
dcs:who/AIR_15.ENVCAUSE--ENVCAUSE114__SEX--F,dcid:country/CRI,2019,404.71417
dcs:who/AIR_15.ENVCAUSE--ENVCAUSE039__SEX--M,dcid:country/CRI,2019,574.96521
dcs:who/AIR_15.ENVCAUSE--ENVCAUSE118__SEX--F,dcid:country/CRI,2019,399.97659
dcs:who/AIR_15.ENVCAUSE--ENVCAUSE114,dcid:country/CUB,2019,7527.75342
dcs:who/AIR_15,dcid:country/CUB,2019,50771.98047
dcs:who/AIR_15.ENVCAUSE--ENVCAUSE039,dcid:country/CUB,2019,10353.11035
dcs:who/AIR_15.ENVCAUSE--ENVCAUSE114__SEX--F,dcid:country/CUB,2019,3663.58936
dcs:who/AIR_15.ENVCAUSE--ENVCAUSE104__SEX--F,dcid:country/CUB,2019,271.27927
dcs:who/AIR_15.ENVCAUSE--ENVCAUSE118__SEX--M,dcid:country/CUB,2019,3506.28638
dcs:who/AIR_15.SEX--F,dcid:country/CUB,2019,23622.84375
dcs:who/AIR_15.ENVCAUSE--ENVCAUSE118,dcid:country/CUB,2019,7476.50244
dcs:who/AIR_15.ENVCAUSE--ENVCAUSE118__SEX--F,dcid:country/CUB,2019,3970.21582
dcs:who/AIR_15.ENVCAUSE--ENVCAUSE039__SEX--F,dcid:country/CUB,2019,4917.11035
dcs:who/AIR_15.SEX--M,dcid:country/CUB,2019,27149.13477
dcs:who/AIR_15.ENVCAUSE--ENVCAUSE068,dcid:country/CUB,2019,8207.70801
dcs:who/AIR_15.ENVCAUSE--ENVCAUSE068__SEX--M,dcid:country/CUB,2019,4723.79443
dcs:who/AIR_15.ENVCAUSE--ENVCAUSE068__SEX--F,dcid:country/CUB,2019,3483.91309
dcs:who/AIR_15.ENVCAUSE--ENVCAUSE113,dcid:country/CUB,2019,16935.625
dcs:who/AIR_15.ENVCAUSE--ENVCAUSE113__SEX--F,dcid:country/CUB,2019,7316.73535
dcs:who/AIR_15.ENVCAUSE--ENVCAUSE113__SEX--M,dcid:country/CUB,2019,9618.88965
dcs:who/AIR_15.ENVCAUSE--ENVCAUSE114__SEX--M,dcid:country/CUB,2019,3864.16431
dcs:who/AIR_15.ENVCAUSE--ENVCAUSE039__SEX--M,dcid:country/CUB,2019,5436.0
dcs:who/AIR_15.ENVCAUSE--ENVCAUSE104,dcid:country/CUB,2019,271.27927
dcs:who/AIR_15.ENVCAUSE--ENVCAUSE039__SEX--M,dcid:country/CYP,2019,0.0
dcs:who/AIR_15.ENVCAUSE--ENVCAUSE039__SEX--F,dcid:country/CYP,2019,0.0
dcs:who/AIR_15.ENVCAUSE--ENVCAUSE118,dcid:country/CYP,2019,0.0
dcs:who/AIR_15.ENVCAUSE--ENVCAUSE068__SEX--F,dcid:country/CYP,2019,0.0
dcs:who/AIR_15.ENVCAUSE--ENVCAUSE118__SEX--M,dcid:country/CYP,2019,0.0
dcs:who/AIR_15.ENVCAUSE--ENVCAUSE104__SEX--F,dcid:country/CYP,2019,0.0
dcs:who/AIR_15.ENVCAUSE--ENVCAUSE118__SEX--F,dcid:country/CYP,2019,0.0
dcs:who/AIR_15.ENVCAUSE--ENVCAUSE068__SEX--M,dcid:country/CYP,2019,0.0
dcs:who/AIR_15,dcid:country/CYP,2019,0.0
dcs:who/AIR_15.ENVCAUSE--ENVCAUSE113__SEX--M,dcid:country/CYP,2019,0.0
dcs:who/AIR_15.ENVCAUSE--ENVCAUSE068,dcid:country/CYP,2019,0.0
dcs:who/AIR_15.SEX--M,dcid:country/CYP,2019,0.0
dcs:who/AIR_15.ENVCAUSE--ENVCAUSE113__SEX--F,dcid:country/CYP,2019,0.0
dcs:who/AIR_15.ENVCAUSE--ENVCAUSE113,dcid:country/CYP,2019,0.0
dcs:who/AIR_15.ENVCAUSE--ENVCAUSE104,dcid:country/CYP,2019,0.0
dcs:who/AIR_15.SEX--F,dcid:country/CYP,2019,0.0
dcs:who/AIR_15.ENVCAUSE--ENVCAUSE114,dcid:country/CYP,2019,0.0
dcs:who/AIR_15.ENVCAUSE--ENVCAUSE114__SEX--F,dcid:country/CYP,2019,0.0
dcs:who/AIR_15.ENVCAUSE--ENVCAUSE039,dcid:country/CYP,2019,0.0
dcs:who/AIR_15.ENVCAUSE--ENVCAUSE114__SEX--M,dcid:country/CYP,2019,0.0
dcs:who/AIR_15.ENVCAUSE--ENVCAUSE118__SEX--M,dcid:country/CZE,2019,0.0
dcs:who/AIR_15.ENVCAUSE--ENVCAUSE118__SEX--F,dcid:country/CZE,2019,0.0
dcs:who/AIR_15.ENVCAUSE--ENVCAUSE039__SEX--M,dcid:country/CZE,2019,0.0
dcs:who/AIR_15.ENVCAUSE--ENVCAUSE114,dcid:country/CZE,2019,0.0
dcs:who/AIR_15,dcid:country/CZE,2019,0.0
dcs:who/AIR_15.ENVCAUSE--ENVCAUSE113,dcid:country/CZE,2019,0.0
dcs:who/AIR_15.ENVCAUSE--ENVCAUSE039,dcid:country/CZE,2019,0.0
dcs:who/AIR_15.ENVCAUSE--ENVCAUSE104,dcid:country/CZE,2019,0.0
dcs:who/AIR_15.ENVCAUSE--ENVCAUSE068,dcid:country/CZE,2019,0.0
dcs:who/AIR_15.ENVCAUSE--ENVCAUSE114__SEX--F,dcid:country/CZE,2019,0.0
dcs:who/AIR_15.ENVCAUSE--ENVCAUSE118,dcid:country/CZE,2019,0.0
dcs:who/AIR_15.ENVCAUSE--ENVCAUSE113__SEX--M,dcid:country/CZE,2019,0.0
dcs:who/AIR_15.ENVCAUSE--ENVCAUSE113__SEX--F,dcid:country/CZE,2019,0.0
dcs:who/AIR_15.SEX--M,dcid:country/CZE,2019,0.0
dcs:who/AIR_15.ENVCAUSE--ENVCAUSE039__SEX--F,dcid:country/CZE,2019,0.0
dcs:who/AIR_15.ENVCAUSE--ENVCAUSE104__SEX--F,dcid:country/CZE,2019,0.0
dcs:who/AIR_15.ENVCAUSE--ENVCAUSE114__SEX--M,dcid:country/CZE,2019,0.0
dcs:who/AIR_15.SEX--F,dcid:country/CZE,2019,0.0
dcs:who/AIR_15.ENVCAUSE--ENVCAUSE068__SEX--F,dcid:country/CZE,2019,0.0
dcs:who/AIR_15.ENVCAUSE--ENVCAUSE068__SEX--M,dcid:country/CZE,2019,0.0
dcs:who/AIR_15.ENVCAUSE--ENVCAUSE113__SEX--F,dcid:country/DEU,2019,0.0
dcs:who/AIR_15.ENVCAUSE--ENVCAUSE039__SEX--F,dcid:country/DEU,2019,0.0
dcs:who/AIR_15.ENVCAUSE--ENVCAUSE114__SEX--M,dcid:country/DEU,2019,0.0
dcs:who/AIR_15.ENVCAUSE--ENVCAUSE113__SEX--M,dcid:country/DEU,2019,0.0
dcs:who/AIR_15.ENVCAUSE--ENVCAUSE114__SEX--F,dcid:country/DEU,2019,0.0
dcs:who/AIR_15.ENVCAUSE--ENVCAUSE039__SEX--M,dcid:country/DEU,2019,0.0
dcs:who/AIR_15.ENVCAUSE--ENVCAUSE068__SEX--M,dcid:country/DEU,2019,0.0
dcs:who/AIR_15.ENVCAUSE--ENVCAUSE118__SEX--M,dcid:country/DEU,2019,0.0
dcs:who/AIR_15.ENVCAUSE--ENVCAUSE068__SEX--F,dcid:country/DEU,2019,0.0
dcs:who/AIR_15.SEX--F,dcid:country/DEU,2019,0.0
dcs:who/AIR_15.ENVCAUSE--ENVCAUSE118__SEX--F,dcid:country/DEU,2019,0.0
dcs:who/AIR_15.ENVCAUSE--ENVCAUSE104__SEX--F,dcid:country/DEU,2019,0.0
dcs:who/AIR_15.SEX--M,dcid:country/DEU,2019,0.0
dcs:who/AIR_15.ENVCAUSE--ENVCAUSE113,dcid:country/DEU,2019,0.0
dcs:who/AIR_15.ENVCAUSE--ENVCAUSE039,dcid:country/DEU,2019,0.0
dcs:who/AIR_15,dcid:country/DEU,2019,0.0
dcs:who/AIR_15.ENVCAUSE--ENVCAUSE068,dcid:country/DEU,2019,0.0
dcs:who/AIR_15.ENVCAUSE--ENVCAUSE118,dcid:country/DEU,2019,0.0
dcs:who/AIR_15.ENVCAUSE--ENVCAUSE114,dcid:country/DEU,2019,0.0
dcs:who/AIR_15.ENVCAUSE--ENVCAUSE104,dcid:country/DEU,2019,0.0
dcs:who/AIR_15.ENVCAUSE--ENVCAUSE068__SEX--M,dcid:country/DJI,2019,170.27924
dcs:who/AIR_15.ENVCAUSE--ENVCAUSE068__SEX--F,dcid:country/DJI,2019,141.96663
dcs:who/AIR_15.ENVCAUSE--ENVCAUSE113__SEX--F,dcid:country/DJI,2019,2534.75903
dcs:who/AIR_15.SEX--F,dcid:country/DJI,2019,12965.99902
dcs:who/AIR_15.ENVCAUSE--ENVCAUSE114__SEX--M,dcid:country/DJI,2019,2980.76807
dcs:who/AIR_15.ENVCAUSE--ENVCAUSE039__SEX--F,dcid:country/DJI,2019,6485.79981
dcs:who/AIR_15.SEX--M,dcid:country/DJI,2019,15967.5752
dcs:who/AIR_15.ENVCAUSE--ENVCAUSE104,dcid:country/DJI,2019,101.77464
dcs:who/AIR_15.ENVCAUSE--ENVCAUSE118__SEX--F,dcid:country/DJI,2019,740.37128
dcs:who/AIR_15.ENVCAUSE--ENVCAUSE118__SEX--M,dcid:country/DJI,2019,1051.03406
dcs:who/AIR_15.ENVCAUSE--ENVCAUSE068,dcid:country/DJI,2019,312.24588
dcs:who/AIR_15.ENVCAUSE--ENVCAUSE118,dcid:country/DJI,2019,1791.4054
dcs:who/AIR_15.ENVCAUSE--ENVCAUSE114,dcid:country/DJI,2019,5942.0957
dcs:who/AIR_15.ENVCAUSE--ENVCAUSE104__SEX--F,dcid:country/DJI,2019,101.77464
dcs:who/AIR_15,dcid:country/DJI,2019,28933.57422
dcs:who/AIR_15.ENVCAUSE--ENVCAUSE113__SEX--M,dcid:country/DJI,2019,3775.10278
dcs:who/AIR_15.ENVCAUSE--ENVCAUSE113,dcid:country/DJI,2019,6309.86182
dcs:who/AIR_15.ENVCAUSE--ENVCAUSE039,dcid:country/DJI,2019,14476.19043
dcs:who/AIR_15.ENVCAUSE--ENVCAUSE039__SEX--M,dcid:country/DJI,2019,7990.39063
dcs:who/AIR_15.ENVCAUSE--ENVCAUSE114__SEX--F,dcid:country/DJI,2019,2961.32739
dcs:who/AIR_15.ENVCAUSE--ENVCAUSE039,dcid:country/DNK,2019,0.0
dcs:who/AIR_15.ENVCAUSE--ENVCAUSE104__SEX--F,dcid:country/DNK,2019,0.0
dcs:who/AIR_15.ENVCAUSE--ENVCAUSE113__SEX--F,dcid:country/DNK,2019,0.0
dcs:who/AIR_15.ENVCAUSE--ENVCAUSE113__SEX--M,dcid:country/DNK,2019,0.0
dcs:who/AIR_15.ENVCAUSE--ENVCAUSE104,dcid:country/DNK,2019,0.0
dcs:who/AIR_15.ENVCAUSE--ENVCAUSE114__SEX--F,dcid:country/DNK,2019,0.0
dcs:who/AIR_15.ENVCAUSE--ENVCAUSE068__SEX--M,dcid:country/DNK,2019,0.0
dcs:who/AIR_15.ENVCAUSE--ENVCAUSE118,dcid:country/DNK,2019,0.0
dcs:who/AIR_15.ENVCAUSE--ENVCAUSE114,dcid:country/DNK,2019,0.0
dcs:who/AIR_15.ENVCAUSE--ENVCAUSE113,dcid:country/DNK,2019,0.0
dcs:who/AIR_15.SEX--F,dcid:country/DNK,2019,0.0
dcs:who/AIR_15.SEX--M,dcid:country/DNK,2019,0.0
dcs:who/AIR_15,dcid:country/DNK,2019,0.0
dcs:who/AIR_15.ENVCAUSE--ENVCAUSE068,dcid:country/DNK,2019,0.0
dcs:who/AIR_15.ENVCAUSE--ENVCAUSE114__SEX--M,dcid:country/DNK,2019,0.0
dcs:who/AIR_15.ENVCAUSE--ENVCAUSE118__SEX--F,dcid:country/DNK,2019,0.0
dcs:who/AIR_15.ENVCAUSE--ENVCAUSE039__SEX--F,dcid:country/DNK,2019,0.0
dcs:who/AIR_15.ENVCAUSE--ENVCAUSE068__SEX--F,dcid:country/DNK,2019,0.0
dcs:who/AIR_15.ENVCAUSE--ENVCAUSE039__SEX--M,dcid:country/DNK,2019,0.0
dcs:who/AIR_15.ENVCAUSE--ENVCAUSE118__SEX--M,dcid:country/DNK,2019,0.0
dcs:who/AIR_15.ENVCAUSE--ENVCAUSE068__SEX--M,dcid:country/DOM,2019,1222.54126
dcs:who/AIR_15.ENVCAUSE--ENVCAUSE114__SEX--F,dcid:country/DOM,2019,3909.01489
dcs:who/AIR_15.ENVCAUSE--ENVCAUSE118__SEX--F,dcid:country/DOM,2019,1141.54565
dcs:who/AIR_15.ENVCAUSE--ENVCAUSE039__SEX--M,dcid:country/DOM,2019,3847.77759
dcs:who/AIR_15.ENVCAUSE--ENVCAUSE068__SEX--F,dcid:country/DOM,2019,1116.28442
dcs:who/AIR_15.ENVCAUSE--ENVCAUSE068,dcid:country/DOM,2019,2338.82568
dcs:who/AIR_15.ENVCAUSE--ENVCAUSE118__SEX--M,dcid:country/DOM,2019,1240.9773
dcs:who/AIR_15.ENVCAUSE--ENVCAUSE039__SEX--F,dcid:country/DOM,2019,3260.95581
dcs:who/AIR_15.ENVCAUSE--ENVCAUSE104__SEX--F,dcid:country/DOM,2019,97.64586
dcs:who/AIR_15.SEX--M,dcid:country/DOM,2019,20146.10938
dcs:who/AIR_15.ENVCAUSE--ENVCAUSE113__SEX--M,dcid:country/DOM,2019,9722.04199
dcs:who/AIR_15.ENVCAUSE--ENVCAUSE113__SEX--F,dcid:country/DOM,2019,6847.61328
dcs:who/AIR_15.ENVCAUSE--ENVCAUSE114__SEX--M,dcid:country/DOM,2019,4112.77148
dcs:who/AIR_15.SEX--F,dcid:country/DOM,2019,16373.05957
dcs:who/AIR_15.ENVCAUSE--ENVCAUSE039,dcid:country/DOM,2019,7108.7334
dcs:who/AIR_15.ENVCAUSE--ENVCAUSE118,dcid:country/DOM,2019,2382.52295
dcs:who/AIR_15.ENVCAUSE--ENVCAUSE113,dcid:country/DOM,2019,16569.65625
dcs:who/AIR_15,dcid:country/DOM,2019,36519.16797
dcs:who/AIR_15.ENVCAUSE--ENVCAUSE104,dcid:country/DOM,2019,97.64586
dcs:who/AIR_15.ENVCAUSE--ENVCAUSE114,dcid:country/DOM,2019,8021.78613
dcs:who/AIR_15.ENVCAUSE--ENVCAUSE068__SEX--F,dcid:country/DZA,2019,195.06232
dcs:who/AIR_15.ENVCAUSE--ENVCAUSE113__SEX--M,dcid:country/DZA,2019,3358.69141
dcs:who/AIR_15.ENVCAUSE--ENVCAUSE118__SEX--M,dcid:country/DZA,2019,765.48224
dcs:who/AIR_15.ENVCAUSE--ENVCAUSE039__SEX--F,dcid:country/DZA,2019,1534.71338
dcs:who/AIR_15.ENVCAUSE--ENVCAUSE104__SEX--F,dcid:country/DZA,2019,180.5778
dcs:who/AIR_15.ENVCAUSE--ENVCAUSE068__SEX--M,dcid:country/DZA,2019,935.45105
dcs:who/AIR_15.ENVCAUSE--ENVCAUSE039__SEX--M,dcid:country/DZA,2019,1700.95056
dcs:who/AIR_15.ENVCAUSE--ENVCAUSE113,dcid:country/DZA,2019,6280.04834
dcs:who/AIR_15.ENVCAUSE--ENVCAUSE118,dcid:country/DZA,2019,1471.9552
dcs:who/AIR_15.ENVCAUSE--ENVCAUSE114__SEX--F,dcid:country/DZA,2019,1466.11035
dcs:who/AIR_15.SEX--F,dcid:country/DZA,2019,7004.29395
dcs:who/AIR_15,dcid:country/DZA,2019,14897.94629
dcs:who/AIR_15.ENVCAUSE--ENVCAUSE068,dcid:country/DZA,2019,1130.51331
dcs:who/AIR_15.ENVCAUSE--ENVCAUSE113__SEX--F,dcid:country/DZA,2019,2921.35718
dcs:who/AIR_15.SEX--M,dcid:country/DZA,2019,7893.65186
dcs:who/AIR_15.ENVCAUSE--ENVCAUSE114,dcid:country/DZA,2019,2599.18726
dcs:who/AIR_15.ENVCAUSE--ENVCAUSE118__SEX--F,dcid:country/DZA,2019,706.4729
dcs:who/AIR_15.ENVCAUSE--ENVCAUSE104,dcid:country/DZA,2019,180.5778
dcs:who/AIR_15.ENVCAUSE--ENVCAUSE114__SEX--M,dcid:country/DZA,2019,1133.0769
dcs:who/AIR_15.ENVCAUSE--ENVCAUSE039,dcid:country/DZA,2019,3235.66406
dcs:who/AIR_15.ENVCAUSE--ENVCAUSE114__SEX--M,dcid:country/ECU,2019,1744.95129
dcs:who/AIR_15.ENVCAUSE--ENVCAUSE039__SEX--F,dcid:country/ECU,2019,3911.06787
dcs:who/AIR_15.SEX--F,dcid:country/ECU,2019,10556.5752
dcs:who/AIR_15.ENVCAUSE--ENVCAUSE114,dcid:country/ECU,2019,3733.19556
dcs:who/AIR_15.ENVCAUSE--ENVCAUSE114__SEX--F,dcid:country/ECU,2019,1988.24439
dcs:who/AIR_15.ENVCAUSE--ENVCAUSE068__SEX--M,dcid:country/ECU,2019,575.33301
dcs:who/AIR_15.ENVCAUSE--ENVCAUSE118,dcid:country/ECU,2019,2291.0708
dcs:who/AIR_15.ENVCAUSE--ENVCAUSE118__SEX--M,dcid:country/ECU,2019,1159.52393
dcs:who/AIR_15.ENVCAUSE--ENVCAUSE068,dcid:country/ECU,2019,1233.51099
dcs:who/AIR_15.ENVCAUSE--ENVCAUSE039__SEX--M,dcid:country/ECU,2019,4567.28223
dcs:who/AIR_15.ENVCAUSE--ENVCAUSE118__SEX--F,dcid:country/ECU,2019,1131.54688
dcs:who/AIR_15.ENVCAUSE--ENVCAUSE113__SEX--M,dcid:country/ECU,2019,3961.96167
dcs:who/AIR_15.ENVCAUSE--ENVCAUSE113,dcid:country/ECU,2019,6637.84375
dcs:who/AIR_15.ENVCAUSE--ENVCAUSE104__SEX--F,dcid:country/ECU,2019,191.65611
dcs:who/AIR_15.ENVCAUSE--ENVCAUSE039,dcid:country/ECU,2019,8478.35059
dcs:who/AIR_15,dcid:country/ECU,2019,22565.62695
dcs:who/AIR_15.ENVCAUSE--ENVCAUSE104,dcid:country/ECU,2019,191.65611
dcs:who/AIR_15.ENVCAUSE--ENVCAUSE068__SEX--F,dcid:country/ECU,2019,658.17798
dcs:who/AIR_15.SEX--M,dcid:country/ECU,2019,12009.05273
dcs:who/AIR_15.ENVCAUSE--ENVCAUSE113__SEX--F,dcid:country/ECU,2019,2675.88184
dcs:who/AIR_15.SEX--F,dcid:country/EGY,2019,12350.6875
dcs:who/AIR_15.ENVCAUSE--ENVCAUSE118__SEX--M,dcid:country/EGY,2019,1494.31726
dcs:who/AIR_15.ENVCAUSE--ENVCAUSE114,dcid:country/EGY,2019,3761.05933
dcs:who/AIR_15.ENVCAUSE--ENVCAUSE118__SEX--F,dcid:country/EGY,2019,1168.42273
dcs:who/AIR_15.ENVCAUSE--ENVCAUSE114__SEX--F,dcid:country/EGY,2019,1981.37146
dcs:who/AIR_15.ENVCAUSE--ENVCAUSE039__SEX--F,dcid:country/EGY,2019,2750.521
dcs:who/AIR_15.ENVCAUSE--ENVCAUSE068__SEX--F,dcid:country/EGY,2019,303.67667
dcs:who/AIR_15.ENVCAUSE--ENVCAUSE068__SEX--M,dcid:country/EGY,2019,560.00745
dcs:who/AIR_15.ENVCAUSE--ENVCAUSE104__SEX--F,dcid:country/EGY,2019,145.29956
dcs:who/AIR_15.SEX--M,dcid:country/EGY,2019,15477.7959
dcs:who/AIR_15,dcid:country/EGY,2019,27828.48438
dcs:who/AIR_15.ENVCAUSE--ENVCAUSE039__SEX--M,dcid:country/EGY,2019,3393.19165
dcs:who/AIR_15.ENVCAUSE--ENVCAUSE114__SEX--M,dcid:country/EGY,2019,1779.68787
dcs:who/AIR_15.ENVCAUSE--ENVCAUSE068,dcid:country/EGY,2019,863.68414
dcs:who/AIR_15.ENVCAUSE--ENVCAUSE113__SEX--M,dcid:country/EGY,2019,8250.5918
dcs:who/AIR_15.ENVCAUSE--ENVCAUSE113__SEX--F,dcid:country/EGY,2019,6001.396
dcs:who/AIR_15.ENVCAUSE--ENVCAUSE104,dcid:country/EGY,2019,145.29956
dcs:who/AIR_15.ENVCAUSE--ENVCAUSE118,dcid:country/EGY,2019,2662.73999
dcs:who/AIR_15.ENVCAUSE--ENVCAUSE113,dcid:country/EGY,2019,14251.98828
dcs:who/AIR_15.ENVCAUSE--ENVCAUSE039,dcid:country/EGY,2019,6143.7124
dcs:who/AIR_15.ENVCAUSE--ENVCAUSE039__SEX--F,dcid:country/ERI,2019,23692.48438
dcs:who/AIR_15.ENVCAUSE--ENVCAUSE118,dcid:country/ERI,2019,9165.81543
dcs:who/AIR_15.ENVCAUSE--ENVCAUSE068__SEX--F,dcid:country/ERI,2019,518.52948
dcs:who/AIR_15.ENVCAUSE--ENVCAUSE118__SEX--F,dcid:country/ERI,2019,3796.39722
dcs:who/AIR_15.ENVCAUSE--ENVCAUSE068__SEX--M,dcid:country/ERI,2019,473.62067
dcs:who/AIR_15.ENVCAUSE--ENVCAUSE114__SEX--M,dcid:country/ERI,2019,10935.51953
dcs:who/AIR_15,dcid:country/ERI,2019,112850.7578
dcs:who/AIR_15.SEX--F,dcid:country/ERI,2019,46533.86328
dcs:who/AIR_15.SEX--M,dcid:country/ERI,2019,66316.89063
dcs:who/AIR_15.ENVCAUSE--ENVCAUSE039__SEX--M,dcid:country/ERI,2019,37389.89063
dcs:who/AIR_15.ENVCAUSE--ENVCAUSE104__SEX--F,dcid:country/ERI,2019,510.09668
dcs:who/AIR_15.ENVCAUSE--ENVCAUSE114__SEX--F,dcid:country/ERI,2019,10683.64648
dcs:who/AIR_15.ENVCAUSE--ENVCAUSE104,dcid:country/ERI,2019,510.09668
dcs:who/AIR_15.ENVCAUSE--ENVCAUSE113__SEX--M,dcid:country/ERI,2019,12148.44336
dcs:who/AIR_15.ENVCAUSE--ENVCAUSE068,dcid:country/ERI,2019,992.15015
dcs:who/AIR_15.ENVCAUSE--ENVCAUSE114,dcid:country/ERI,2019,21619.16602
dcs:who/AIR_15.ENVCAUSE--ENVCAUSE118__SEX--M,dcid:country/ERI,2019,5369.41846
dcs:who/AIR_15.ENVCAUSE--ENVCAUSE113__SEX--F,dcid:country/ERI,2019,7332.71045
dcs:who/AIR_15.ENVCAUSE--ENVCAUSE113,dcid:country/ERI,2019,19481.1543
dcs:who/AIR_15.ENVCAUSE--ENVCAUSE039,dcid:country/ERI,2019,61082.375
dcs:who/AIR_15.ENVCAUSE--ENVCAUSE118__SEX--M,dcid:country/ESP,2019,0.0
dcs:who/AIR_15.SEX--M,dcid:country/ESP,2019,0.0
dcs:who/AIR_15.ENVCAUSE--ENVCAUSE118__SEX--F,dcid:country/ESP,2019,0.0
dcs:who/AIR_15.ENVCAUSE--ENVCAUSE068,dcid:country/ESP,2019,0.0
dcs:who/AIR_15.SEX--F,dcid:country/ESP,2019,0.0
dcs:who/AIR_15.ENVCAUSE--ENVCAUSE104,dcid:country/ESP,2019,0.0
dcs:who/AIR_15.ENVCAUSE--ENVCAUSE113,dcid:country/ESP,2019,0.0
dcs:who/AIR_15.ENVCAUSE--ENVCAUSE114__SEX--F,dcid:country/ESP,2019,0.0
dcs:who/AIR_15.ENVCAUSE--ENVCAUSE114__SEX--M,dcid:country/ESP,2019,0.0
dcs:who/AIR_15.ENVCAUSE--ENVCAUSE113__SEX--F,dcid:country/ESP,2019,0.0
dcs:who/AIR_15.ENVCAUSE--ENVCAUSE039,dcid:country/ESP,2019,0.0
dcs:who/AIR_15.ENVCAUSE--ENVCAUSE118,dcid:country/ESP,2019,0.0
dcs:who/AIR_15.ENVCAUSE--ENVCAUSE114,dcid:country/ESP,2019,0.0
dcs:who/AIR_15.ENVCAUSE--ENVCAUSE068__SEX--F,dcid:country/ESP,2019,0.0
dcs:who/AIR_15,dcid:country/ESP,2019,0.0
dcs:who/AIR_15.ENVCAUSE--ENVCAUSE039__SEX--M,dcid:country/ESP,2019,0.0
dcs:who/AIR_15.ENVCAUSE--ENVCAUSE068__SEX--M,dcid:country/ESP,2019,0.0
dcs:who/AIR_15.ENVCAUSE--ENVCAUSE113__SEX--M,dcid:country/ESP,2019,0.0
dcs:who/AIR_15.ENVCAUSE--ENVCAUSE104__SEX--F,dcid:country/ESP,2019,0.0
dcs:who/AIR_15.ENVCAUSE--ENVCAUSE039__SEX--F,dcid:country/ESP,2019,0.0
dcs:who/AIR_15.ENVCAUSE--ENVCAUSE114__SEX--M,dcid:country/EST,2019,0.0
dcs:who/AIR_15.SEX--M,dcid:country/EST,2019,0.0
dcs:who/AIR_15.SEX--F,dcid:country/EST,2019,0.0
dcs:who/AIR_15.ENVCAUSE--ENVCAUSE068__SEX--F,dcid:country/EST,2019,0.0
dcs:who/AIR_15.ENVCAUSE--ENVCAUSE068__SEX--M,dcid:country/EST,2019,0.0
dcs:who/AIR_15.ENVCAUSE--ENVCAUSE113__SEX--M,dcid:country/EST,2019,0.0
dcs:who/AIR_15.ENVCAUSE--ENVCAUSE118__SEX--M,dcid:country/EST,2019,0.0
dcs:who/AIR_15.ENVCAUSE--ENVCAUSE039__SEX--M,dcid:country/EST,2019,0.0
dcs:who/AIR_15.ENVCAUSE--ENVCAUSE114__SEX--F,dcid:country/EST,2019,0.0
dcs:who/AIR_15.ENVCAUSE--ENVCAUSE118,dcid:country/EST,2019,0.0
dcs:who/AIR_15,dcid:country/EST,2019,0.0
dcs:who/AIR_15.ENVCAUSE--ENVCAUSE039__SEX--F,dcid:country/EST,2019,0.0
dcs:who/AIR_15.ENVCAUSE--ENVCAUSE113,dcid:country/EST,2019,0.0
dcs:who/AIR_15.ENVCAUSE--ENVCAUSE039,dcid:country/EST,2019,0.0
dcs:who/AIR_15.ENVCAUSE--ENVCAUSE104,dcid:country/EST,2019,0.0
dcs:who/AIR_15.ENVCAUSE--ENVCAUSE068,dcid:country/EST,2019,0.0
dcs:who/AIR_15.ENVCAUSE--ENVCAUSE104__SEX--F,dcid:country/EST,2019,0.0
dcs:who/AIR_15.ENVCAUSE--ENVCAUSE118__SEX--F,dcid:country/EST,2019,0.0
dcs:who/AIR_15.ENVCAUSE--ENVCAUSE114,dcid:country/EST,2019,0.0
dcs:who/AIR_15.ENVCAUSE--ENVCAUSE113__SEX--F,dcid:country/EST,2019,0.0
dcs:who/AIR_15.ENVCAUSE--ENVCAUSE068__SEX--F,dcid:country/ETH,2019,19456.78516
dcs:who/AIR_15.ENVCAUSE--ENVCAUSE114__SEX--M,dcid:country/ETH,2019,154336.3281
dcs:who/AIR_15.ENVCAUSE--ENVCAUSE118,dcid:country/ETH,2019,160200.8594
dcs:who/AIR_15.ENVCAUSE--ENVCAUSE068,dcid:country/ETH,2019,36975.39453
dcs:who/AIR_15.SEX--F,dcid:country/ETH,2019,999221.625
dcs:who/AIR_15.ENVCAUSE--ENVCAUSE113__SEX--F,dcid:country/ETH,2019,141868.5938
dcs:who/AIR_15.SEX--M,dcid:country/ETH,2019,1198325.875
dcs:who/AIR_15.ENVCAUSE--ENVCAUSE039,dcid:country/ETH,2019,1329313.5
dcs:who/AIR_15.ENVCAUSE--ENVCAUSE118__SEX--M,dcid:country/ETH,2019,89007.15625
dcs:who/AIR_15.ENVCAUSE--ENVCAUSE114,dcid:country/ETH,2019,316627.5
dcs:who/AIR_15.ENVCAUSE--ENVCAUSE104__SEX--F,dcid:country/ETH,2019,39091.75781
dcs:who/AIR_15.ENVCAUSE--ENVCAUSE039__SEX--F,dcid:country/ETH,2019,565319.625
dcs:who/AIR_15.ENVCAUSE--ENVCAUSE118__SEX--F,dcid:country/ETH,2019,71193.69531
dcs:who/AIR_15.ENVCAUSE--ENVCAUSE039__SEX--M,dcid:country/ETH,2019,763994.0
dcs:who/AIR_15.ENVCAUSE--ENVCAUSE104,dcid:country/ETH,2019,39091.75781
dcs:who/AIR_15.ENVCAUSE--ENVCAUSE114__SEX--F,dcid:country/ETH,2019,162291.1719
dcs:who/AIR_15.ENVCAUSE--ENVCAUSE068__SEX--M,dcid:country/ETH,2019,17518.60742
dcs:who/AIR_15.ENVCAUSE--ENVCAUSE113,dcid:country/ETH,2019,315338.4063
dcs:who/AIR_15,dcid:country/ETH,2019,2197547.5
dcs:who/AIR_15.ENVCAUSE--ENVCAUSE113__SEX--M,dcid:country/ETH,2019,173469.8281
dcs:who/AIR_15.ENVCAUSE--ENVCAUSE113__SEX--F,dcid:country/FIN,2019,0.0
dcs:who/AIR_15.ENVCAUSE--ENVCAUSE113,dcid:country/FIN,2019,0.0
dcs:who/AIR_15.ENVCAUSE--ENVCAUSE114,dcid:country/FIN,2019,0.0
dcs:who/AIR_15.ENVCAUSE--ENVCAUSE118__SEX--F,dcid:country/FIN,2019,0.0
dcs:who/AIR_15.ENVCAUSE--ENVCAUSE118__SEX--M,dcid:country/FIN,2019,0.0
dcs:who/AIR_15.ENVCAUSE--ENVCAUSE039__SEX--F,dcid:country/FIN,2019,0.0
dcs:who/AIR_15.ENVCAUSE--ENVCAUSE114__SEX--M,dcid:country/FIN,2019,0.0
dcs:who/AIR_15.ENVCAUSE--ENVCAUSE039__SEX--M,dcid:country/FIN,2019,0.0
dcs:who/AIR_15.ENVCAUSE--ENVCAUSE113__SEX--M,dcid:country/FIN,2019,0.0
dcs:who/AIR_15.ENVCAUSE--ENVCAUSE104,dcid:country/FIN,2019,0.0
dcs:who/AIR_15.ENVCAUSE--ENVCAUSE104__SEX--F,dcid:country/FIN,2019,0.0
dcs:who/AIR_15.ENVCAUSE--ENVCAUSE068__SEX--F,dcid:country/FIN,2019,0.0
dcs:who/AIR_15,dcid:country/FIN,2019,0.0
dcs:who/AIR_15.ENVCAUSE--ENVCAUSE114__SEX--F,dcid:country/FIN,2019,0.0
dcs:who/AIR_15.ENVCAUSE--ENVCAUSE068__SEX--M,dcid:country/FIN,2019,0.0
dcs:who/AIR_15.ENVCAUSE--ENVCAUSE118,dcid:country/FIN,2019,0.0
dcs:who/AIR_15.ENVCAUSE--ENVCAUSE068,dcid:country/FIN,2019,0.0
dcs:who/AIR_15.SEX--F,dcid:country/FIN,2019,0.0
dcs:who/AIR_15.ENVCAUSE--ENVCAUSE039,dcid:country/FIN,2019,0.0
dcs:who/AIR_15.SEX--M,dcid:country/FIN,2019,0.0
dcs:who/AIR_15.ENVCAUSE--ENVCAUSE068__SEX--M,dcid:country/FJI,2019,225.22713
dcs:who/AIR_15.SEX--M,dcid:country/FJI,2019,11044.46582
dcs:who/AIR_15.ENVCAUSE--ENVCAUSE114__SEX--M,dcid:country/FJI,2019,1491.83716
dcs:who/AIR_15.SEX--F,dcid:country/FJI,2019,6957.20557
dcs:who/AIR_15.ENVCAUSE--ENVCAUSE039__SEX--F,dcid:country/FJI,2019,1694.58838
dcs:who/AIR_15.ENVCAUSE--ENVCAUSE039__SEX--M,dcid:country/FJI,2019,2084.44092
dcs:who/AIR_15.ENVCAUSE--ENVCAUSE068__SEX--F,dcid:country/FJI,2019,170.81953
dcs:who/AIR_15.ENVCAUSE--ENVCAUSE118__SEX--M,dcid:country/FJI,2019,633.33606
dcs:who/AIR_15.ENVCAUSE--ENVCAUSE113__SEX--M,dcid:country/FJI,2019,6609.625
dcs:who/AIR_15.ENVCAUSE--ENVCAUSE114__SEX--F,dcid:country/FJI,2019,1837.66162
dcs:who/AIR_15.ENVCAUSE--ENVCAUSE114,dcid:country/FJI,2019,3329.49878
dcs:who/AIR_15.ENVCAUSE--ENVCAUSE118__SEX--F,dcid:country/FJI,2019,411.35822
dcs:who/AIR_15,dcid:country/FJI,2019,18001.67188
dcs:who/AIR_15.ENVCAUSE--ENVCAUSE039,dcid:country/FJI,2019,3779.0293
dcs:who/AIR_15.ENVCAUSE--ENVCAUSE113__SEX--F,dcid:country/FJI,2019,2713.29175
dcs:who/AIR_15.ENVCAUSE--ENVCAUSE068,dcid:country/FJI,2019,396.04666
dcs:who/AIR_15.ENVCAUSE--ENVCAUSE113,dcid:country/FJI,2019,9322.91699
dcs:who/AIR_15.ENVCAUSE--ENVCAUSE104,dcid:country/FJI,2019,129.48601
dcs:who/AIR_15.ENVCAUSE--ENVCAUSE104__SEX--F,dcid:country/FJI,2019,129.48601
dcs:who/AIR_15.ENVCAUSE--ENVCAUSE118,dcid:country/FJI,2019,1044.69421
dcs:who/AIR_15.SEX--F,dcid:country/FRA,2019,0.0
dcs:who/AIR_15.ENVCAUSE--ENVCAUSE039__SEX--M,dcid:country/FRA,2019,0.0
dcs:who/AIR_15.ENVCAUSE--ENVCAUSE113__SEX--M,dcid:country/FRA,2019,0.0
dcs:who/AIR_15.ENVCAUSE--ENVCAUSE068,dcid:country/FRA,2019,0.0
dcs:who/AIR_15.ENVCAUSE--ENVCAUSE068__SEX--M,dcid:country/FRA,2019,0.0
dcs:who/AIR_15.ENVCAUSE--ENVCAUSE118,dcid:country/FRA,2019,0.0
dcs:who/AIR_15.ENVCAUSE--ENVCAUSE114,dcid:country/FRA,2019,0.0
dcs:who/AIR_15.ENVCAUSE--ENVCAUSE104,dcid:country/FRA,2019,0.0
dcs:who/AIR_15.ENVCAUSE--ENVCAUSE104__SEX--F,dcid:country/FRA,2019,0.0
dcs:who/AIR_15.ENVCAUSE--ENVCAUSE113__SEX--F,dcid:country/FRA,2019,0.0
dcs:who/AIR_15.ENVCAUSE--ENVCAUSE068__SEX--F,dcid:country/FRA,2019,0.0
dcs:who/AIR_15.ENVCAUSE--ENVCAUSE039,dcid:country/FRA,2019,0.0
dcs:who/AIR_15.SEX--M,dcid:country/FRA,2019,0.0
dcs:who/AIR_15,dcid:country/FRA,2019,0.0
dcs:who/AIR_15.ENVCAUSE--ENVCAUSE113,dcid:country/FRA,2019,0.0
dcs:who/AIR_15.ENVCAUSE--ENVCAUSE114__SEX--F,dcid:country/FRA,2019,0.0
dcs:who/AIR_15.ENVCAUSE--ENVCAUSE114__SEX--M,dcid:country/FRA,2019,0.0
dcs:who/AIR_15.ENVCAUSE--ENVCAUSE118__SEX--F,dcid:country/FRA,2019,0.0
dcs:who/AIR_15.ENVCAUSE--ENVCAUSE039__SEX--F,dcid:country/FRA,2019,0.0
dcs:who/AIR_15.ENVCAUSE--ENVCAUSE118__SEX--M,dcid:country/FRA,2019,0.0
dcs:who/AIR_15.ENVCAUSE--ENVCAUSE039__SEX--M,dcid:country/FSM,2019,657.07874
dcs:who/AIR_15.ENVCAUSE--ENVCAUSE039,dcid:country/FSM,2019,1157.11365
dcs:who/AIR_15.ENVCAUSE--ENVCAUSE068,dcid:country/FSM,2019,270.8334
dcs:who/AIR_15.ENVCAUSE--ENVCAUSE068__SEX--M,dcid:country/FSM,2019,187.59573
dcs:who/AIR_15.SEX--F,dcid:country/FSM,2019,1962.35547
dcs:who/AIR_15.ENVCAUSE--ENVCAUSE068__SEX--F,dcid:country/FSM,2019,83.23768
dcs:who/AIR_15.ENVCAUSE--ENVCAUSE118__SEX--F,dcid:country/FSM,2019,225.65694
dcs:who/AIR_15,dcid:country/FSM,2019,5086.49512
dcs:who/AIR_15.ENVCAUSE--ENVCAUSE118__SEX--M,dcid:country/FSM,2019,276.78418
dcs:who/AIR_15.ENVCAUSE--ENVCAUSE113__SEX--F,dcid:country/FSM,2019,644.78955
dcs:who/AIR_15.ENVCAUSE--ENVCAUSE104__SEX--F,dcid:country/FSM,2019,15.80918
dcs:who/AIR_15.ENVCAUSE--ENVCAUSE118,dcid:country/FSM,2019,502.4411
dcs:who/AIR_15.ENVCAUSE--ENVCAUSE114__SEX--F,dcid:country/FSM,2019,492.82721
dcs:who/AIR_15.ENVCAUSE--ENVCAUSE113__SEX--M,dcid:country/FSM,2019,1383.4967
dcs:who/AIR_15.ENVCAUSE--ENVCAUSE104,dcid:country/FSM,2019,15.80918
dcs:who/AIR_15.ENVCAUSE--ENVCAUSE114,dcid:country/FSM,2019,1112.0116
dcs:who/AIR_15.ENVCAUSE--ENVCAUSE114__SEX--M,dcid:country/FSM,2019,619.18439
dcs:who/AIR_15.ENVCAUSE--ENVCAUSE113,dcid:country/FSM,2019,2028.28626
dcs:who/AIR_15.SEX--M,dcid:country/FSM,2019,3124.13965
dcs:who/AIR_15.ENVCAUSE--ENVCAUSE039__SEX--F,dcid:country/FSM,2019,500.03488
dcs:who/AIR_15.ENVCAUSE--ENVCAUSE068__SEX--M,dcid:country/GAB,2019,198.13179
dcs:who/AIR_15.SEX--M,dcid:country/GAB,2019,6352.31934
dcs:who/AIR_15.ENVCAUSE--ENVCAUSE114__SEX--M,dcid:country/GAB,2019,922.84778
dcs:who/AIR_15.ENVCAUSE--ENVCAUSE118__SEX--F,dcid:country/GAB,2019,402.91058
dcs:who/AIR_15.ENVCAUSE--ENVCAUSE114__SEX--F,dcid:country/GAB,2019,711.6947
dcs:who/AIR_15.ENVCAUSE--ENVCAUSE113__SEX--F,dcid:country/GAB,2019,781.75934
dcs:who/AIR_15.ENVCAUSE--ENVCAUSE113__SEX--M,dcid:country/GAB,2019,1190.37256
dcs:who/AIR_15.SEX--F,dcid:country/GAB,2019,4236.92383
dcs:who/AIR_15.ENVCAUSE--ENVCAUSE118,dcid:country/GAB,2019,913.73584
dcs:who/AIR_15.ENVCAUSE--ENVCAUSE104__SEX--F,dcid:country/GAB,2019,22.45145
dcs:who/AIR_15.ENVCAUSE--ENVCAUSE068,dcid:country/GAB,2019,345.02466
dcs:who/AIR_15.ENVCAUSE--ENVCAUSE118__SEX--M,dcid:country/GAB,2019,510.82526
dcs:who/AIR_15.ENVCAUSE--ENVCAUSE039,dcid:country/GAB,2019,5701.35645
dcs:who/AIR_15.ENVCAUSE--ENVCAUSE104,dcid:country/GAB,2019,22.45145
dcs:who/AIR_15.ENVCAUSE--ENVCAUSE039__SEX--M,dcid:country/GAB,2019,3530.1416
dcs:who/AIR_15.ENVCAUSE--ENVCAUSE113,dcid:country/GAB,2019,1972.13196
dcs:who/AIR_15.ENVCAUSE--ENVCAUSE114,dcid:country/GAB,2019,1634.54248
dcs:who/AIR_15,dcid:country/GAB,2019,10589.24316
dcs:who/AIR_15.ENVCAUSE--ENVCAUSE039__SEX--F,dcid:country/GAB,2019,2171.21484
dcs:who/AIR_15.ENVCAUSE--ENVCAUSE068__SEX--F,dcid:country/GAB,2019,146.89285
dcs:who/AIR_15.ENVCAUSE--ENVCAUSE104,dcid:country/GBR,2019,0.0
dcs:who/AIR_15.ENVCAUSE--ENVCAUSE104__SEX--F,dcid:country/GBR,2019,0.0
dcs:who/AIR_15.ENVCAUSE--ENVCAUSE114__SEX--F,dcid:country/GBR,2019,0.0
dcs:who/AIR_15.ENVCAUSE--ENVCAUSE113__SEX--M,dcid:country/GBR,2019,0.0
dcs:who/AIR_15.ENVCAUSE--ENVCAUSE039,dcid:country/GBR,2019,0.0
dcs:who/AIR_15.ENVCAUSE--ENVCAUSE068__SEX--F,dcid:country/GBR,2019,0.0
dcs:who/AIR_15.ENVCAUSE--ENVCAUSE039__SEX--M,dcid:country/GBR,2019,0.0
dcs:who/AIR_15.ENVCAUSE--ENVCAUSE113__SEX--F,dcid:country/GBR,2019,0.0
dcs:who/AIR_15.ENVCAUSE--ENVCAUSE039__SEX--F,dcid:country/GBR,2019,0.0
dcs:who/AIR_15.SEX--M,dcid:country/GBR,2019,0.0
dcs:who/AIR_15.ENVCAUSE--ENVCAUSE113,dcid:country/GBR,2019,0.0
dcs:who/AIR_15.ENVCAUSE--ENVCAUSE068__SEX--M,dcid:country/GBR,2019,0.0
dcs:who/AIR_15.ENVCAUSE--ENVCAUSE114__SEX--M,dcid:country/GBR,2019,0.0
dcs:who/AIR_15.ENVCAUSE--ENVCAUSE118__SEX--M,dcid:country/GBR,2019,0.0
dcs:who/AIR_15.ENVCAUSE--ENVCAUSE118,dcid:country/GBR,2019,0.0
dcs:who/AIR_15.ENVCAUSE--ENVCAUSE118__SEX--F,dcid:country/GBR,2019,0.0
dcs:who/AIR_15.ENVCAUSE--ENVCAUSE068,dcid:country/GBR,2019,0.0
dcs:who/AIR_15.ENVCAUSE--ENVCAUSE114,dcid:country/GBR,2019,0.0
dcs:who/AIR_15.SEX--F,dcid:country/GBR,2019,0.0
dcs:who/AIR_15,dcid:country/GBR,2019,0.0
dcs:who/AIR_15.ENVCAUSE--ENVCAUSE118__SEX--M,dcid:country/GEO,2019,1464.08154
dcs:who/AIR_15.ENVCAUSE--ENVCAUSE068__SEX--M,dcid:country/GEO,2019,2101.60327
dcs:who/AIR_15.SEX--M,dcid:country/GEO,2019,22997.24023
dcs:who/AIR_15.ENVCAUSE--ENVCAUSE118,dcid:country/GEO,2019,2636.72559
dcs:who/AIR_15.ENVCAUSE--ENVCAUSE104,dcid:country/GEO,2019,213.05902
dcs:who/AIR_15.ENVCAUSE--ENVCAUSE068,dcid:country/GEO,2019,2452.3103
dcs:who/AIR_15.ENVCAUSE--ENVCAUSE039__SEX--M,dcid:country/GEO,2019,1545.58814
dcs:who/AIR_15.ENVCAUSE--ENVCAUSE113__SEX--M,dcid:country/GEO,2019,11385.2832
dcs:who/AIR_15.ENVCAUSE--ENVCAUSE113__SEX--F,dcid:country/GEO,2019,8006.72363
dcs:who/AIR_15.ENVCAUSE--ENVCAUSE104__SEX--F,dcid:country/GEO,2019,213.05902
dcs:who/AIR_15.ENVCAUSE--ENVCAUSE114__SEX--M,dcid:country/GEO,2019,6500.68408
dcs:who/AIR_15.ENVCAUSE--ENVCAUSE039__SEX--F,dcid:country/GEO,2019,1085.94409
dcs:who/AIR_15.ENVCAUSE--ENVCAUSE118__SEX--F,dcid:country/GEO,2019,1172.64392
dcs:who/AIR_15.ENVCAUSE--ENVCAUSE039,dcid:country/GEO,2019,2631.53223
dcs:who/AIR_15.ENVCAUSE--ENVCAUSE114__SEX--F,dcid:country/GEO,2019,6277.48438
dcs:who/AIR_15.ENVCAUSE--ENVCAUSE113,dcid:country/GEO,2019,19392.00781
dcs:who/AIR_15.ENVCAUSE--ENVCAUSE068__SEX--F,dcid:country/GEO,2019,350.70697
dcs:who/AIR_15.ENVCAUSE--ENVCAUSE114,dcid:country/GEO,2019,12778.16797
dcs:who/AIR_15,dcid:country/GEO,2019,40103.80078
dcs:who/AIR_15.SEX--F,dcid:country/GEO,2019,17106.5625
dcs:who/AIR_15.ENVCAUSE--ENVCAUSE113__SEX--F,dcid:country/GHA,2019,58825.47266
dcs:who/AIR_15.ENVCAUSE--ENVCAUSE104__SEX--F,dcid:country/GHA,2019,3328.6394
dcs:who/AIR_15.ENVCAUSE--ENVCAUSE068__SEX--M,dcid:country/GHA,2019,2118.36255
dcs:who/AIR_15.ENVCAUSE--ENVCAUSE039__SEX--M,dcid:country/GHA,2019,217571.9531
dcs:who/AIR_15.ENVCAUSE--ENVCAUSE068__SEX--F,dcid:country/GHA,2019,1325.20154
dcs:who/AIR_15.ENVCAUSE--ENVCAUSE118__SEX--M,dcid:country/GHA,2019,34803.75781
dcs:who/AIR_15.SEX--F,dcid:country/GHA,2019,261453.2656
dcs:who/AIR_15.ENVCAUSE--ENVCAUSE068,dcid:country/GHA,2019,3443.56397
dcs:who/AIR_15.ENVCAUSE--ENVCAUSE114__SEX--M,dcid:country/GHA,2019,58398.48047
dcs:who/AIR_15.SEX--M,dcid:country/GHA,2019,377751.4375
dcs:who/AIR_15.ENVCAUSE--ENVCAUSE039__SEX--F,dcid:country/GHA,2019,107494.0859
dcs:who/AIR_15.ENVCAUSE--ENVCAUSE114__SEX--F,dcid:country/GHA,2019,75196.39844
dcs:who/AIR_15.ENVCAUSE--ENVCAUSE118__SEX--F,dcid:country/GHA,2019,15283.46387
dcs:who/AIR_15.ENVCAUSE--ENVCAUSE113__SEX--M,dcid:country/GHA,2019,64858.87109
dcs:who/AIR_15.ENVCAUSE--ENVCAUSE114,dcid:country/GHA,2019,133594.875
dcs:who/AIR_15,dcid:country/GHA,2019,639204.6875
dcs:who/AIR_15.ENVCAUSE--ENVCAUSE104,dcid:country/GHA,2019,3328.6394
dcs:who/AIR_15.ENVCAUSE--ENVCAUSE039,dcid:country/GHA,2019,325066.0313
dcs:who/AIR_15.ENVCAUSE--ENVCAUSE113,dcid:country/GHA,2019,123684.3438
dcs:who/AIR_15.ENVCAUSE--ENVCAUSE118,dcid:country/GHA,2019,50087.21875
dcs:who/AIR_15.ENVCAUSE--ENVCAUSE039__SEX--M,dcid:country/GIN,2019,193396.3594
dcs:who/AIR_15.ENVCAUSE--ENVCAUSE114,dcid:country/GIN,2019,56752.64063
dcs:who/AIR_15.ENVCAUSE--ENVCAUSE113__SEX--M,dcid:country/GIN,2019,25035.30859
dcs:who/AIR_15.ENVCAUSE--ENVCAUSE039__SEX--F,dcid:country/GIN,2019,165039.0
dcs:who/AIR_15.ENVCAUSE--ENVCAUSE068,dcid:country/GIN,2019,2558.15552
dcs:who/AIR_15.ENVCAUSE--ENVCAUSE118__SEX--M,dcid:country/GIN,2019,11006.17578
dcs:who/AIR_15.ENVCAUSE--ENVCAUSE114__SEX--F,dcid:country/GIN,2019,34068.20703
dcs:who/AIR_15.ENVCAUSE--ENVCAUSE118__SEX--F,dcid:country/GIN,2019,13200.85449
dcs:who/AIR_15,dcid:country/GIN,2019,501637.8438
dcs:who/AIR_15.ENVCAUSE--ENVCAUSE113__SEX--F,dcid:country/GIN,2019,32369.21094
dcs:who/AIR_15.ENVCAUSE--ENVCAUSE068__SEX--M,dcid:country/GIN,2019,1557.10584
dcs:who/AIR_15.ENVCAUSE--ENVCAUSE104,dcid:country/GIN,2019,2280.11231
dcs:who/AIR_15.ENVCAUSE--ENVCAUSE118,dcid:country/GIN,2019,24207.0293
dcs:who/AIR_15.ENVCAUSE--ENVCAUSE068__SEX--F,dcid:country/GIN,2019,1001.04962
dcs:who/AIR_15.ENVCAUSE--ENVCAUSE104__SEX--F,dcid:country/GIN,2019,2280.11231
dcs:who/AIR_15.ENVCAUSE--ENVCAUSE114__SEX--M,dcid:country/GIN,2019,22684.43359
dcs:who/AIR_15.ENVCAUSE--ENVCAUSE039,dcid:country/GIN,2019,358435.375
dcs:who/AIR_15.SEX--M,dcid:country/GIN,2019,253679.3906
dcs:who/AIR_15.ENVCAUSE--ENVCAUSE113,dcid:country/GIN,2019,57404.51953
dcs:who/AIR_15.SEX--F,dcid:country/GIN,2019,247958.4375
dcs:who/AIR_15.SEX--F,dcid:country/GMB,2019,24738.12109
dcs:who/AIR_15.ENVCAUSE--ENVCAUSE068,dcid:country/GMB,2019,531.65222
dcs:who/AIR_15.ENVCAUSE--ENVCAUSE114__SEX--F,dcid:country/GMB,2019,4212.22998
dcs:who/AIR_15.ENVCAUSE--ENVCAUSE114__SEX--M,dcid:country/GMB,2019,3643.93213
dcs:who/AIR_15.ENVCAUSE--ENVCAUSE068__SEX--F,dcid:country/GMB,2019,20.50438
dcs:who/AIR_15.ENVCAUSE--ENVCAUSE114,dcid:country/GMB,2019,7856.16211
dcs:who/AIR_15.ENVCAUSE--ENVCAUSE104,dcid:country/GMB,2019,378.07007
dcs:who/AIR_15.ENVCAUSE--ENVCAUSE113__SEX--M,dcid:country/GMB,2019,5032.99023
dcs:who/AIR_15.ENVCAUSE--ENVCAUSE118__SEX--F,dcid:country/GMB,2019,1769.95544
dcs:who/AIR_15.ENVCAUSE--ENVCAUSE039__SEX--F,dcid:country/GMB,2019,13554.76563
dcs:who/AIR_15.SEX--M,dcid:country/GMB,2019,28268.9375
dcs:who/AIR_15.ENVCAUSE--ENVCAUSE113,dcid:country/GMB,2019,9835.58594
dcs:who/AIR_15.ENVCAUSE--ENVCAUSE039__SEX--M,dcid:country/GMB,2019,17168.75195
dcs:who/AIR_15.ENVCAUSE--ENVCAUSE118,dcid:country/GMB,2019,3682.07007
dcs:who/AIR_15,dcid:country/GMB,2019,53007.05859
dcs:who/AIR_15.ENVCAUSE--ENVCAUSE039,dcid:country/GMB,2019,30723.51758
dcs:who/AIR_15.ENVCAUSE--ENVCAUSE068__SEX--M,dcid:country/GMB,2019,511.14786
dcs:who/AIR_15.ENVCAUSE--ENVCAUSE113__SEX--F,dcid:country/GMB,2019,4802.59619
dcs:who/AIR_15.ENVCAUSE--ENVCAUSE104__SEX--F,dcid:country/GMB,2019,378.07007
dcs:who/AIR_15.ENVCAUSE--ENVCAUSE118__SEX--M,dcid:country/GMB,2019,1912.11462
dcs:who/AIR_15.ENVCAUSE--ENVCAUSE068__SEX--M,dcid:country/GNB,2019,208.2128
dcs:who/AIR_15.ENVCAUSE--ENVCAUSE039__SEX--M,dcid:country/GNB,2019,18350.12109
dcs:who/AIR_15.ENVCAUSE--ENVCAUSE113__SEX--M,dcid:country/GNB,2019,4820.13428
dcs:who/AIR_15.ENVCAUSE--ENVCAUSE068__SEX--F,dcid:country/GNB,2019,145.444
dcs:who/AIR_15.SEX--M,dcid:country/GNB,2019,29248.42383
dcs:who/AIR_15.ENVCAUSE--ENVCAUSE114__SEX--M,dcid:country/GNB,2019,3980.71338
dcs:who/AIR_15.ENVCAUSE--ENVCAUSE118__SEX--M,dcid:country/GNB,2019,1889.2439
dcs:who/AIR_15.ENVCAUSE--ENVCAUSE114,dcid:country/GNB,2019,8452.33984
dcs:who/AIR_15.ENVCAUSE--ENVCAUSE118,dcid:country/GNB,2019,3538.8999
dcs:who/AIR_15.ENVCAUSE--ENVCAUSE039,dcid:country/GNB,2019,32839.77344
dcs:who/AIR_15,dcid:country/GNB,2019,54730.92188
dcs:who/AIR_15.ENVCAUSE--ENVCAUSE039__SEX--F,dcid:country/GNB,2019,14489.65332
dcs:who/AIR_15.ENVCAUSE--ENVCAUSE104,dcid:country/GNB,2019,226.69943
dcs:who/AIR_15.ENVCAUSE--ENVCAUSE118__SEX--F,dcid:country/GNB,2019,1649.65601
dcs:who/AIR_15.ENVCAUSE--ENVCAUSE104__SEX--F,dcid:country/GNB,2019,226.69943
dcs:who/AIR_15.ENVCAUSE--ENVCAUSE114__SEX--F,dcid:country/GNB,2019,4471.62647
dcs:who/AIR_15.ENVCAUSE--ENVCAUSE113__SEX--F,dcid:country/GNB,2019,4499.41553
dcs:who/AIR_15.SEX--F,dcid:country/GNB,2019,25482.49609
dcs:who/AIR_15.ENVCAUSE--ENVCAUSE068,dcid:country/GNB,2019,353.6568
dcs:who/AIR_15.ENVCAUSE--ENVCAUSE113,dcid:country/GNB,2019,9319.54981
dcs:who/AIR_15.ENVCAUSE--ENVCAUSE113,dcid:country/GNQ,2019,3602.87793
dcs:who/AIR_15.SEX--M,dcid:country/GNQ,2019,18918.18164
dcs:who/AIR_15.ENVCAUSE--ENVCAUSE104__SEX--F,dcid:country/GNQ,2019,126.33262
dcs:who/AIR_15.ENVCAUSE--ENVCAUSE104,dcid:country/GNQ,2019,126.33262
dcs:who/AIR_15.ENVCAUSE--ENVCAUSE068__SEX--M,dcid:country/GNQ,2019,250.21442
dcs:who/AIR_15.ENVCAUSE--ENVCAUSE118,dcid:country/GNQ,2019,1805.47913
dcs:who/AIR_15.ENVCAUSE--ENVCAUSE113__SEX--F,dcid:country/GNQ,2019,1896.75537
dcs:who/AIR_15.SEX--F,dcid:country/GNQ,2019,17783.46875
dcs:who/AIR_15.ENVCAUSE--ENVCAUSE068__SEX--F,dcid:country/GNQ,2019,162.46088
dcs:who/AIR_15.ENVCAUSE--ENVCAUSE114__SEX--F,dcid:country/GNQ,2019,2161.27759
dcs:who/AIR_15.ENVCAUSE--ENVCAUSE039,dcid:country/GNQ,2019,27061.65234
dcs:who/AIR_15,dcid:country/GNQ,2019,36701.64844
dcs:who/AIR_15.ENVCAUSE--ENVCAUSE068,dcid:country/GNQ,2019,412.67529
dcs:who/AIR_15.ENVCAUSE--ENVCAUSE118__SEX--F,dcid:country/GNQ,2019,916.80756
dcs:who/AIR_15.ENVCAUSE--ENVCAUSE114__SEX--M,dcid:country/GNQ,2019,1531.35535
dcs:who/AIR_15.ENVCAUSE--ENVCAUSE113__SEX--M,dcid:country/GNQ,2019,1706.12268
dcs:who/AIR_15.ENVCAUSE--ENVCAUSE039__SEX--M,dcid:country/GNQ,2019,14541.81641
dcs:who/AIR_15.ENVCAUSE--ENVCAUSE039__SEX--F,dcid:country/GNQ,2019,12519.83496
dcs:who/AIR_15.ENVCAUSE--ENVCAUSE118__SEX--M,dcid:country/GNQ,2019,888.67157
dcs:who/AIR_15.ENVCAUSE--ENVCAUSE114,dcid:country/GNQ,2019,3692.63281
dcs:who/AIR_15.ENVCAUSE--ENVCAUSE114__SEX--F,dcid:country/GRC,2019,0.0
dcs:who/AIR_15.ENVCAUSE--ENVCAUSE104__SEX--F,dcid:country/GRC,2019,0.0
dcs:who/AIR_15.ENVCAUSE--ENVCAUSE113__SEX--F,dcid:country/GRC,2019,0.0
dcs:who/AIR_15.ENVCAUSE--ENVCAUSE104,dcid:country/GRC,2019,0.0
dcs:who/AIR_15,dcid:country/GRC,2019,0.0
dcs:who/AIR_15.ENVCAUSE--ENVCAUSE039,dcid:country/GRC,2019,0.0
dcs:who/AIR_15.ENVCAUSE--ENVCAUSE113__SEX--M,dcid:country/GRC,2019,0.0
dcs:who/AIR_15.ENVCAUSE--ENVCAUSE068,dcid:country/GRC,2019,0.0
dcs:who/AIR_15.ENVCAUSE--ENVCAUSE114__SEX--M,dcid:country/GRC,2019,0.0
dcs:who/AIR_15.ENVCAUSE--ENVCAUSE118__SEX--F,dcid:country/GRC,2019,0.0
dcs:who/AIR_15.ENVCAUSE--ENVCAUSE113,dcid:country/GRC,2019,0.0
dcs:who/AIR_15.SEX--F,dcid:country/GRC,2019,0.0
dcs:who/AIR_15.ENVCAUSE--ENVCAUSE039__SEX--M,dcid:country/GRC,2019,0.0
dcs:who/AIR_15.ENVCAUSE--ENVCAUSE039__SEX--F,dcid:country/GRC,2019,0.0
dcs:who/AIR_15.ENVCAUSE--ENVCAUSE114,dcid:country/GRC,2019,0.0
dcs:who/AIR_15.ENVCAUSE--ENVCAUSE118,dcid:country/GRC,2019,0.0
dcs:who/AIR_15.ENVCAUSE--ENVCAUSE118__SEX--M,dcid:country/GRC,2019,0.0
dcs:who/AIR_15.ENVCAUSE--ENVCAUSE068__SEX--F,dcid:country/GRC,2019,0.0
dcs:who/AIR_15.ENVCAUSE--ENVCAUSE068__SEX--M,dcid:country/GRC,2019,0.0
dcs:who/AIR_15.SEX--M,dcid:country/GRC,2019,0.0
dcs:who/AIR_15.ENVCAUSE--ENVCAUSE114__SEX--F,dcid:country/GRD,2019,60.43223
dcs:who/AIR_15.SEX--M,dcid:country/GRD,2019,279.4523
dcs:who/AIR_15.ENVCAUSE--ENVCAUSE113__SEX--M,dcid:country/GRD,2019,130.61676
dcs:who/AIR_15.SEX--F,dcid:country/GRD,2019,253.00906
dcs:who/AIR_15.ENVCAUSE--ENVCAUSE118__SEX--M,dcid:country/GRD,2019,20.33723
dcs:who/AIR_15.ENVCAUSE--ENVCAUSE113__SEX--F,dcid:country/GRD,2019,104.44366
dcs:who/AIR_15.ENVCAUSE--ENVCAUSE039__SEX--F,dcid:country/GRD,2019,56.53509
dcs:who/AIR_15.ENVCAUSE--ENVCAUSE118__SEX--F,dcid:country/GRD,2019,16.14513
dcs:who/AIR_15.ENVCAUSE--ENVCAUSE114__SEX--M,dcid:country/GRD,2019,56.31458
dcs:who/AIR_15.ENVCAUSE--ENVCAUSE068__SEX--M,dcid:country/GRD,2019,19.66133
dcs:who/AIR_15.ENVCAUSE--ENVCAUSE039__SEX--M,dcid:country/GRD,2019,52.5224
dcs:who/AIR_15.ENVCAUSE--ENVCAUSE068__SEX--F,dcid:country/GRD,2019,13.5527
dcs:who/AIR_15,dcid:country/GRD,2019,532.46136
dcs:who/AIR_15.ENVCAUSE--ENVCAUSE118,dcid:country/GRD,2019,36.48236
dcs:who/AIR_15.ENVCAUSE--ENVCAUSE113,dcid:country/GRD,2019,235.06042
dcs:who/AIR_15.ENVCAUSE--ENVCAUSE039,dcid:country/GRD,2019,109.05749
dcs:who/AIR_15.ENVCAUSE--ENVCAUSE068,dcid:country/GRD,2019,33.21404
dcs:who/AIR_15.ENVCAUSE--ENVCAUSE104__SEX--F,dcid:country/GRD,2019,1.90025
dcs:who/AIR_15.ENVCAUSE--ENVCAUSE114,dcid:country/GRD,2019,116.74682
dcs:who/AIR_15.ENVCAUSE--ENVCAUSE104,dcid:country/GRD,2019,1.90025
dcs:who/AIR_15,dcid:country/GTM,2019,196686.3125
dcs:who/AIR_15.ENVCAUSE--ENVCAUSE104__SEX--F,dcid:country/GTM,2019,1238.21533
dcs:who/AIR_15.ENVCAUSE--ENVCAUSE039__SEX--M,dcid:country/GTM,2019,62079.41016
dcs:who/AIR_15.ENVCAUSE--ENVCAUSE113__SEX--M,dcid:country/GTM,2019,23995.07031
dcs:who/AIR_15.ENVCAUSE--ENVCAUSE114__SEX--M,dcid:country/GTM,2019,10022.79688
dcs:who/AIR_15.ENVCAUSE--ENVCAUSE039__SEX--F,dcid:country/GTM,2019,50891.65625
dcs:who/AIR_15.ENVCAUSE--ENVCAUSE113,dcid:country/GTM,2019,45369.22266
dcs:who/AIR_15.ENVCAUSE--ENVCAUSE118,dcid:country/GTM,2019,11576.12598
dcs:who/AIR_15.ENVCAUSE--ENVCAUSE114__SEX--F,dcid:country/GTM,2019,12507.21387
dcs:who/AIR_15.ENVCAUSE--ENVCAUSE118__SEX--F,dcid:country/GTM,2019,6193.44482
dcs:who/AIR_15.ENVCAUSE--ENVCAUSE068__SEX--F,dcid:country/GTM,2019,1498.58044
dcs:who/AIR_15.ENVCAUSE--ENVCAUSE068__SEX--M,dcid:country/GTM,2019,1503.0918
dcs:who/AIR_15.ENVCAUSE--ENVCAUSE068,dcid:country/GTM,2019,3001.67236
dcs:who/AIR_15.ENVCAUSE--ENVCAUSE118__SEX--M,dcid:country/GTM,2019,5382.68115
dcs:who/AIR_15.SEX--M,dcid:country/GTM,2019,102983.0547
dcs:who/AIR_15.ENVCAUSE--ENVCAUSE104,dcid:country/GTM,2019,1238.21533
dcs:who/AIR_15.ENVCAUSE--ENVCAUSE113__SEX--F,dcid:country/GTM,2019,21374.15234
dcs:who/AIR_15.SEX--F,dcid:country/GTM,2019,93703.26563
dcs:who/AIR_15.ENVCAUSE--ENVCAUSE039,dcid:country/GTM,2019,112971.0703
dcs:who/AIR_15.ENVCAUSE--ENVCAUSE114,dcid:country/GTM,2019,22530.01172
dcs:who/AIR_15.ENVCAUSE--ENVCAUSE113__SEX--M,dcid:country/GUY,2019,2021.26306
dcs:who/AIR_15.ENVCAUSE--ENVCAUSE114__SEX--M,dcid:country/GUY,2019,1041.02173
dcs:who/AIR_15.ENVCAUSE--ENVCAUSE068__SEX--F,dcid:country/GUY,2019,65.06158
dcs:who/AIR_15.ENVCAUSE--ENVCAUSE113__SEX--F,dcid:country/GUY,2019,1388.70422
dcs:who/AIR_15.ENVCAUSE--ENVCAUSE039,dcid:country/GUY,2019,1746.64636
dcs:who/AIR_15.ENVCAUSE--ENVCAUSE104__SEX--F,dcid:country/GUY,2019,16.7999
dcs:who/AIR_15.ENVCAUSE--ENVCAUSE113,dcid:country/GUY,2019,3409.96729
dcs:who/AIR_15.ENVCAUSE--ENVCAUSE118__SEX--F,dcid:country/GUY,2019,217.23462
dcs:who/AIR_15.ENVCAUSE--ENVCAUSE114__SEX--F,dcid:country/GUY,2019,1120.48047
dcs:who/AIR_15.ENVCAUSE--ENVCAUSE114,dcid:country/GUY,2019,2161.5022
dcs:who/AIR_15.ENVCAUSE--ENVCAUSE039__SEX--F,dcid:country/GUY,2019,736.16699
dcs:who/AIR_15.ENVCAUSE--ENVCAUSE068__SEX--M,dcid:country/GUY,2019,95.7479
dcs:who/AIR_15.ENVCAUSE--ENVCAUSE104,dcid:country/GUY,2019,16.7999
dcs:who/AIR_15.SEX--F,dcid:country/GUY,2019,3544.44775
dcs:who/AIR_15.ENVCAUSE--ENVCAUSE039__SEX--M,dcid:country/GUY,2019,1010.47937
dcs:who/AIR_15.SEX--M,dcid:country/GUY,2019,4562.36231
dcs:who/AIR_15.ENVCAUSE--ENVCAUSE118,dcid:country/GUY,2019,611.08466
dcs:who/AIR_15,dcid:country/GUY,2019,8106.81006
dcs:who/AIR_15.ENVCAUSE--ENVCAUSE068,dcid:country/GUY,2019,160.80948
dcs:who/AIR_15.ENVCAUSE--ENVCAUSE118__SEX--M,dcid:country/GUY,2019,393.85004
dcs:who/AIR_15.ENVCAUSE--ENVCAUSE114__SEX--M,dcid:country/HND,2019,9312.99805
dcs:who/AIR_15.ENVCAUSE--ENVCAUSE039__SEX--M,dcid:country/HND,2019,10966.90625
dcs:who/AIR_15.ENVCAUSE--ENVCAUSE113__SEX--M,dcid:country/HND,2019,17074.12305
dcs:who/AIR_15.ENVCAUSE--ENVCAUSE068__SEX--F,dcid:country/HND,2019,1502.78833
dcs:who/AIR_15.ENVCAUSE--ENVCAUSE118__SEX--M,dcid:country/HND,2019,7707.7793
dcs:who/AIR_15.SEX--M,dcid:country/HND,2019,46527.96875
dcs:who/AIR_15.ENVCAUSE--ENVCAUSE114__SEX--F,dcid:country/HND,2019,15011.37207
dcs:who/AIR_15.SEX--F,dcid:country/HND,2019,53094.22266
dcs:who/AIR_15.ENVCAUSE--ENVCAUSE068__SEX--M,dcid:country/HND,2019,1466.16016
dcs:who/AIR_15.ENVCAUSE--ENVCAUSE118,dcid:country/HND,2019,18603.29102
dcs:who/AIR_15.ENVCAUSE--ENVCAUSE039,dcid:country/HND,2019,18318.98828
dcs:who/AIR_15,dcid:country/HND,2019,99622.1875
dcs:who/AIR_15.ENVCAUSE--ENVCAUSE118__SEX--F,dcid:country/HND,2019,10895.51074
dcs:who/AIR_15.ENVCAUSE--ENVCAUSE113,dcid:country/HND,2019,35043.29688
dcs:who/AIR_15.ENVCAUSE--ENVCAUSE113__SEX--F,dcid:country/HND,2019,17969.17188
dcs:who/AIR_15.ENVCAUSE--ENVCAUSE104,dcid:country/HND,2019,363.2941
dcs:who/AIR_15.ENVCAUSE--ENVCAUSE068,dcid:country/HND,2019,2968.94849
dcs:who/AIR_15.ENVCAUSE--ENVCAUSE039__SEX--F,dcid:country/HND,2019,7352.08301
dcs:who/AIR_15.ENVCAUSE--ENVCAUSE114,dcid:country/HND,2019,24324.36914
dcs:who/AIR_15.ENVCAUSE--ENVCAUSE104__SEX--F,dcid:country/HND,2019,363.2941
dcs:who/AIR_15.ENVCAUSE--ENVCAUSE118,dcid:country/HRV,2019,0.0
dcs:who/AIR_15.ENVCAUSE--ENVCAUSE114,dcid:country/HRV,2019,0.0
dcs:who/AIR_15.ENVCAUSE--ENVCAUSE039__SEX--F,dcid:country/HRV,2019,0.0
dcs:who/AIR_15.ENVCAUSE--ENVCAUSE068__SEX--M,dcid:country/HRV,2019,0.0
dcs:who/AIR_15.ENVCAUSE--ENVCAUSE104,dcid:country/HRV,2019,0.0
dcs:who/AIR_15.ENVCAUSE--ENVCAUSE118__SEX--M,dcid:country/HRV,2019,0.0
dcs:who/AIR_15,dcid:country/HRV,2019,0.0
dcs:who/AIR_15.ENVCAUSE--ENVCAUSE068__SEX--F,dcid:country/HRV,2019,0.0
dcs:who/AIR_15.ENVCAUSE--ENVCAUSE113__SEX--F,dcid:country/HRV,2019,0.0
dcs:who/AIR_15.SEX--M,dcid:country/HRV,2019,0.0
dcs:who/AIR_15.ENVCAUSE--ENVCAUSE113,dcid:country/HRV,2019,0.0
dcs:who/AIR_15.ENVCAUSE--ENVCAUSE114__SEX--F,dcid:country/HRV,2019,0.0
dcs:who/AIR_15.ENVCAUSE--ENVCAUSE039,dcid:country/HRV,2019,0.0
dcs:who/AIR_15.ENVCAUSE--ENVCAUSE114__SEX--M,dcid:country/HRV,2019,0.0
dcs:who/AIR_15.SEX--F,dcid:country/HRV,2019,0.0
dcs:who/AIR_15.ENVCAUSE--ENVCAUSE113__SEX--M,dcid:country/HRV,2019,0.0
dcs:who/AIR_15.ENVCAUSE--ENVCAUSE039__SEX--M,dcid:country/HRV,2019,0.0
dcs:who/AIR_15.ENVCAUSE--ENVCAUSE118__SEX--F,dcid:country/HRV,2019,0.0
dcs:who/AIR_15.ENVCAUSE--ENVCAUSE068,dcid:country/HRV,2019,0.0
dcs:who/AIR_15.ENVCAUSE--ENVCAUSE104__SEX--F,dcid:country/HRV,2019,0.0
dcs:who/AIR_15.ENVCAUSE--ENVCAUSE118__SEX--F,dcid:country/HTI,2019,11568.17871
dcs:who/AIR_15.SEX--F,dcid:country/HTI,2019,224001.5313
dcs:who/AIR_15.ENVCAUSE--ENVCAUSE068,dcid:country/HTI,2019,6121.23535
dcs:who/AIR_15.ENVCAUSE--ENVCAUSE113__SEX--F,dcid:country/HTI,2019,61883.80859
dcs:who/AIR_15.ENVCAUSE--ENVCAUSE104__SEX--F,dcid:country/HTI,2019,902.90619
dcs:who/AIR_15.ENVCAUSE--ENVCAUSE039__SEX--M,dcid:country/HTI,2019,88817.71094
dcs:who/AIR_15.ENVCAUSE--ENVCAUSE068__SEX--F,dcid:country/HTI,2019,3860.19849
dcs:who/AIR_15.ENVCAUSE--ENVCAUSE068__SEX--M,dcid:country/HTI,2019,2261.03687
dcs:who/AIR_15,dcid:country/HTI,2019,419540.8438
dcs:who/AIR_15.ENVCAUSE--ENVCAUSE113,dcid:country/HTI,2019,117990.4375
dcs:who/AIR_15.ENVCAUSE--ENVCAUSE039__SEX--F,dcid:country/HTI,2019,83612.39063
dcs:who/AIR_15.ENVCAUSE--ENVCAUSE114,dcid:country/HTI,2019,96760.86719
dcs:who/AIR_15.ENVCAUSE--ENVCAUSE114__SEX--F,dcid:country/HTI,2019,62174.04297
dcs:who/AIR_15.ENVCAUSE--ENVCAUSE104,dcid:country/HTI,2019,902.90619
dcs:who/AIR_15.SEX--M,dcid:country/HTI,2019,195539.3281
dcs:who/AIR_15.ENVCAUSE--ENVCAUSE114__SEX--M,dcid:country/HTI,2019,34586.82813
dcs:who/AIR_15.ENVCAUSE--ENVCAUSE118,dcid:country/HTI,2019,25335.3125
dcs:who/AIR_15.ENVCAUSE--ENVCAUSE039,dcid:country/HTI,2019,172430.0938
dcs:who/AIR_15.ENVCAUSE--ENVCAUSE113__SEX--M,dcid:country/HTI,2019,56106.62891
dcs:who/AIR_15.ENVCAUSE--ENVCAUSE118__SEX--M,dcid:country/HTI,2019,13767.13281
dcs:who/AIR_15.SEX--F,dcid:country/HUN,2019,0.0
dcs:who/AIR_15.ENVCAUSE--ENVCAUSE039__SEX--M,dcid:country/HUN,2019,0.0
dcs:who/AIR_15.SEX--M,dcid:country/HUN,2019,0.0
dcs:who/AIR_15.ENVCAUSE--ENVCAUSE114__SEX--F,dcid:country/HUN,2019,0.0
dcs:who/AIR_15.ENVCAUSE--ENVCAUSE113__SEX--F,dcid:country/HUN,2019,0.0
dcs:who/AIR_15.ENVCAUSE--ENVCAUSE068__SEX--F,dcid:country/HUN,2019,0.0
dcs:who/AIR_15.ENVCAUSE--ENVCAUSE039__SEX--F,dcid:country/HUN,2019,0.0
dcs:who/AIR_15.ENVCAUSE--ENVCAUSE113__SEX--M,dcid:country/HUN,2019,0.0
dcs:who/AIR_15.ENVCAUSE--ENVCAUSE068__SEX--M,dcid:country/HUN,2019,0.0
dcs:who/AIR_15.ENVCAUSE--ENVCAUSE114__SEX--M,dcid:country/HUN,2019,0.0
dcs:who/AIR_15.ENVCAUSE--ENVCAUSE118__SEX--M,dcid:country/HUN,2019,0.0
dcs:who/AIR_15.ENVCAUSE--ENVCAUSE114,dcid:country/HUN,2019,0.0
dcs:who/AIR_15.ENVCAUSE--ENVCAUSE068,dcid:country/HUN,2019,0.0
dcs:who/AIR_15.ENVCAUSE--ENVCAUSE039,dcid:country/HUN,2019,0.0
dcs:who/AIR_15.ENVCAUSE--ENVCAUSE104__SEX--F,dcid:country/HUN,2019,0.0
dcs:who/AIR_15.ENVCAUSE--ENVCAUSE104,dcid:country/HUN,2019,0.0
dcs:who/AIR_15.ENVCAUSE--ENVCAUSE118,dcid:country/HUN,2019,0.0
dcs:who/AIR_15.ENVCAUSE--ENVCAUSE118__SEX--F,dcid:country/HUN,2019,0.0
dcs:who/AIR_15.ENVCAUSE--ENVCAUSE113,dcid:country/HUN,2019,0.0
dcs:who/AIR_15,dcid:country/HUN,2019,0.0
dcs:who/AIR_15.ENVCAUSE--ENVCAUSE068__SEX--F,dcid:country/IDN,2019,36172.0625
dcs:who/AIR_15.ENVCAUSE--ENVCAUSE039__SEX--F,dcid:country/IDN,2019,161799.0625
dcs:who/AIR_15.ENVCAUSE--ENVCAUSE118,dcid:country/IDN,2019,353910.8438
dcs:who/AIR_15.ENVCAUSE--ENVCAUSE068,dcid:country/IDN,2019,133161.9688
dcs:who/AIR_15.ENVCAUSE--ENVCAUSE039,dcid:country/IDN,2019,383456.25
dcs:who/AIR_15.ENVCAUSE--ENVCAUSE118__SEX--M,dcid:country/IDN,2019,220469.8125
dcs:who/AIR_15.ENVCAUSE--ENVCAUSE114__SEX--F,dcid:country/IDN,2019,451130.125
dcs:who/AIR_15.ENVCAUSE--ENVCAUSE113,dcid:country/IDN,2019,706423.125
dcs:who/AIR_15.ENVCAUSE--ENVCAUSE068__SEX--M,dcid:country/IDN,2019,96989.90625
dcs:who/AIR_15.ENVCAUSE--ENVCAUSE104__SEX--F,dcid:country/IDN,2019,46261.12109
dcs:who/AIR_15.ENVCAUSE--ENVCAUSE113__SEX--M,dcid:country/IDN,2019,413584.9063
dcs:who/AIR_15,dcid:country/IDN,2019,2491978.25
dcs:who/AIR_15.SEX--F,dcid:country/IDN,2019,1121641.625
dcs:who/AIR_15.ENVCAUSE--ENVCAUSE114,dcid:country/IDN,2019,868764.9375
dcs:who/AIR_15.SEX--M,dcid:country/IDN,2019,1370336.625
dcs:who/AIR_15.ENVCAUSE--ENVCAUSE113__SEX--F,dcid:country/IDN,2019,292838.25
dcs:who/AIR_15.ENVCAUSE--ENVCAUSE114__SEX--M,dcid:country/IDN,2019,417634.7813
dcs:who/AIR_15.ENVCAUSE--ENVCAUSE118__SEX--F,dcid:country/IDN,2019,133441.0313
dcs:who/AIR_15.ENVCAUSE--ENVCAUSE104,dcid:country/IDN,2019,46261.12109
dcs:who/AIR_15.ENVCAUSE--ENVCAUSE039__SEX--M,dcid:country/IDN,2019,221657.1875
dcs:who/AIR_15.SEX--F,dcid:country/IND,2019,9749493.0
dcs:who/AIR_15.ENVCAUSE--ENVCAUSE039__SEX--F,dcid:country/IND,2019,2210230.75
dcs:who/AIR_15.ENVCAUSE--ENVCAUSE068,dcid:country/IND,2019,665750.5625
dcs:who/AIR_15.ENVCAUSE--ENVCAUSE114__SEX--M,dcid:country/IND,2019,1570053.75
dcs:who/AIR_15.ENVCAUSE--ENVCAUSE068__SEX--F,dcid:country/IND,2019,223705.3125
dcs:who/AIR_15.ENVCAUSE--ENVCAUSE104,dcid:country/IND,2019,214569.0781
dcs:who/AIR_15.ENVCAUSE--ENVCAUSE118,dcid:country/IND,2019,5965926.0
dcs:who/AIR_15.ENVCAUSE--ENVCAUSE114,dcid:country/IND,2019,3034862.0
dcs:who/AIR_15.ENVCAUSE--ENVCAUSE113__SEX--F,dcid:country/IND,2019,2833172.5
dcs:who/AIR_15,dcid:country/IND,2019,21730062.0
dcs:who/AIR_15.ENVCAUSE--ENVCAUSE113__SEX--M,dcid:country/IND,2019,4645102.5
dcs:who/AIR_15.ENVCAUSE--ENVCAUSE118__SEX--F,dcid:country/IND,2019,2803006.75
dcs:who/AIR_15.ENVCAUSE--ENVCAUSE039__SEX--M,dcid:country/IND,2019,2160449.5
dcs:who/AIR_15.SEX--M,dcid:country/IND,2019,11980570.0
dcs:who/AIR_15.ENVCAUSE--ENVCAUSE113,dcid:country/IND,2019,7478275.0
dcs:who/AIR_15.ENVCAUSE--ENVCAUSE118__SEX--M,dcid:country/IND,2019,3162919.0
dcs:who/AIR_15.ENVCAUSE--ENVCAUSE039,dcid:country/IND,2019,4370680.0
dcs:who/AIR_15.ENVCAUSE--ENVCAUSE114__SEX--F,dcid:country/IND,2019,1464808.375
dcs:who/AIR_15.ENVCAUSE--ENVCAUSE104__SEX--F,dcid:country/IND,2019,214569.0781
dcs:who/AIR_15.ENVCAUSE--ENVCAUSE068__SEX--M,dcid:country/IND,2019,442045.25
dcs:who/AIR_15.ENVCAUSE--ENVCAUSE068__SEX--F,dcid:country/IRL,2019,0.0
dcs:who/AIR_15.ENVCAUSE--ENVCAUSE114__SEX--M,dcid:country/IRL,2019,0.0
dcs:who/AIR_15.SEX--F,dcid:country/IRL,2019,0.0
dcs:who/AIR_15.ENVCAUSE--ENVCAUSE113__SEX--F,dcid:country/IRL,2019,0.0
dcs:who/AIR_15.ENVCAUSE--ENVCAUSE039__SEX--M,dcid:country/IRL,2019,0.0
dcs:who/AIR_15.ENVCAUSE--ENVCAUSE118__SEX--M,dcid:country/IRL,2019,0.0
dcs:who/AIR_15.ENVCAUSE--ENVCAUSE118__SEX--F,dcid:country/IRL,2019,0.0
dcs:who/AIR_15.ENVCAUSE--ENVCAUSE039__SEX--F,dcid:country/IRL,2019,0.0
dcs:who/AIR_15.SEX--M,dcid:country/IRL,2019,0.0
dcs:who/AIR_15.ENVCAUSE--ENVCAUSE113__SEX--M,dcid:country/IRL,2019,0.0
dcs:who/AIR_15.ENVCAUSE--ENVCAUSE114__SEX--F,dcid:country/IRL,2019,0.0
dcs:who/AIR_15.ENVCAUSE--ENVCAUSE068__SEX--M,dcid:country/IRL,2019,0.0
dcs:who/AIR_15.ENVCAUSE--ENVCAUSE114,dcid:country/IRL,2019,0.0
dcs:who/AIR_15,dcid:country/IRL,2019,0.0
dcs:who/AIR_15.ENVCAUSE--ENVCAUSE104,dcid:country/IRL,2019,0.0
dcs:who/AIR_15.ENVCAUSE--ENVCAUSE039,dcid:country/IRL,2019,0.0
dcs:who/AIR_15.ENVCAUSE--ENVCAUSE068,dcid:country/IRL,2019,0.0
dcs:who/AIR_15.ENVCAUSE--ENVCAUSE104__SEX--F,dcid:country/IRL,2019,0.0
dcs:who/AIR_15.ENVCAUSE--ENVCAUSE118,dcid:country/IRL,2019,0.0
dcs:who/AIR_15.ENVCAUSE--ENVCAUSE113,dcid:country/IRL,2019,0.0
dcs:who/AIR_15.ENVCAUSE--ENVCAUSE039,dcid:country/IRN,2019,24703.14258
dcs:who/AIR_15.ENVCAUSE--ENVCAUSE113,dcid:country/IRN,2019,67553.75781
dcs:who/AIR_15.SEX--F,dcid:country/IRN,2019,61036.44922
dcs:who/AIR_15.ENVCAUSE--ENVCAUSE114__SEX--F,dcid:country/IRN,2019,12306.71484
dcs:who/AIR_15.ENVCAUSE--ENVCAUSE114__SEX--M,dcid:country/IRN,2019,12577.6416
dcs:who/AIR_15.ENVCAUSE--ENVCAUSE039__SEX--F,dcid:country/IRN,2019,10918.93848
dcs:who/AIR_15,dcid:country/IRN,2019,145156.4688
dcs:who/AIR_15.ENVCAUSE--ENVCAUSE114,dcid:country/IRN,2019,24884.35742
dcs:who/AIR_15.ENVCAUSE--ENVCAUSE104,dcid:country/IRN,2019,925.24878
dcs:who/AIR_15.ENVCAUSE--ENVCAUSE118,dcid:country/IRN,2019,18601.95508
dcs:who/AIR_15.ENVCAUSE--ENVCAUSE113__SEX--F,dcid:country/IRN,2019,25823.625
dcs:who/AIR_15.SEX--M,dcid:country/IRN,2019,84120.02344
dcs:who/AIR_15.ENVCAUSE--ENVCAUSE113__SEX--M,dcid:country/IRN,2019,41730.12891
dcs:who/AIR_15.ENVCAUSE--ENVCAUSE068__SEX--F,dcid:country/IRN,2019,3033.4043
dcs:who/AIR_15.ENVCAUSE--ENVCAUSE068,dcid:country/IRN,2019,8488.01465
dcs:who/AIR_15.ENVCAUSE--ENVCAUSE104__SEX--F,dcid:country/IRN,2019,925.24878
dcs:who/AIR_15.ENVCAUSE--ENVCAUSE118__SEX--M,dcid:country/IRN,2019,10573.4375
dcs:who/AIR_15.ENVCAUSE--ENVCAUSE068__SEX--M,dcid:country/IRN,2019,5454.60986
dcs:who/AIR_15.ENVCAUSE--ENVCAUSE039__SEX--M,dcid:country/IRN,2019,13784.2041
dcs:who/AIR_15.ENVCAUSE--ENVCAUSE118__SEX--F,dcid:country/IRN,2019,8028.51758
dcs:who/AIR_15.ENVCAUSE--ENVCAUSE068,dcid:country/IRQ,2019,996.41638
dcs:who/AIR_15.ENVCAUSE--ENVCAUSE114__SEX--M,dcid:country/IRQ,2019,2251.79981
dcs:who/AIR_15,dcid:country/IRQ,2019,22215.67773
dcs:who/AIR_15.ENVCAUSE--ENVCAUSE068__SEX--M,dcid:country/IRQ,2019,682.97791
dcs:who/AIR_15.ENVCAUSE--ENVCAUSE118,dcid:country/IRQ,2019,851.24243
dcs:who/AIR_15.ENVCAUSE--ENVCAUSE113__SEX--F,dcid:country/IRQ,2019,3942.29419
dcs:who/AIR_15.ENVCAUSE--ENVCAUSE118__SEX--F,dcid:country/IRQ,2019,444.75241
dcs:who/AIR_15.ENVCAUSE--ENVCAUSE039__SEX--F,dcid:country/IRQ,2019,2958.36328
dcs:who/AIR_15.ENVCAUSE--ENVCAUSE039,dcid:country/IRQ,2019,6578.11719
dcs:who/AIR_15.ENVCAUSE--ENVCAUSE068__SEX--F,dcid:country/IRQ,2019,313.43848
dcs:who/AIR_15.SEX--M,dcid:country/IRQ,2019,12018.12988
dcs:who/AIR_15.ENVCAUSE--ENVCAUSE113__SEX--M,dcid:country/IRQ,2019,5057.10889
dcs:who/AIR_15.ENVCAUSE--ENVCAUSE104__SEX--F,dcid:country/IRQ,2019,103.5743
dcs:who/AIR_15.SEX--F,dcid:country/IRQ,2019,10197.54785
dcs:who/AIR_15.ENVCAUSE--ENVCAUSE114,dcid:country/IRQ,2019,4686.92529
dcs:who/AIR_15.ENVCAUSE--ENVCAUSE114__SEX--F,dcid:country/IRQ,2019,2435.12524
dcs:who/AIR_15.ENVCAUSE--ENVCAUSE113,dcid:country/IRQ,2019,8999.40332
dcs:who/AIR_15.ENVCAUSE--ENVCAUSE039__SEX--M,dcid:country/IRQ,2019,3619.75366
dcs:who/AIR_15.ENVCAUSE--ENVCAUSE104,dcid:country/IRQ,2019,103.5743
dcs:who/AIR_15.ENVCAUSE--ENVCAUSE118__SEX--M,dcid:country/IRQ,2019,406.49005
dcs:who/AIR_15.ENVCAUSE--ENVCAUSE068__SEX--M,dcid:country/ISL,2019,0.0
dcs:who/AIR_15.ENVCAUSE--ENVCAUSE068,dcid:country/ISL,2019,0.0
dcs:who/AIR_15.ENVCAUSE--ENVCAUSE113__SEX--M,dcid:country/ISL,2019,0.0
dcs:who/AIR_15.ENVCAUSE--ENVCAUSE104__SEX--F,dcid:country/ISL,2019,0.0
dcs:who/AIR_15.ENVCAUSE--ENVCAUSE118__SEX--M,dcid:country/ISL,2019,0.0
dcs:who/AIR_15.ENVCAUSE--ENVCAUSE068__SEX--F,dcid:country/ISL,2019,0.0
dcs:who/AIR_15.ENVCAUSE--ENVCAUSE114,dcid:country/ISL,2019,0.0
dcs:who/AIR_15.SEX--M,dcid:country/ISL,2019,0.0
dcs:who/AIR_15.ENVCAUSE--ENVCAUSE039__SEX--M,dcid:country/ISL,2019,0.0
dcs:who/AIR_15.ENVCAUSE--ENVCAUSE039__SEX--F,dcid:country/ISL,2019,0.0
dcs:who/AIR_15.ENVCAUSE--ENVCAUSE114__SEX--M,dcid:country/ISL,2019,0.0
dcs:who/AIR_15,dcid:country/ISL,2019,0.0
dcs:who/AIR_15.SEX--F,dcid:country/ISL,2019,0.0
dcs:who/AIR_15.ENVCAUSE--ENVCAUSE039,dcid:country/ISL,2019,0.0
dcs:who/AIR_15.ENVCAUSE--ENVCAUSE118__SEX--F,dcid:country/ISL,2019,0.0
dcs:who/AIR_15.ENVCAUSE--ENVCAUSE113__SEX--F,dcid:country/ISL,2019,0.0
dcs:who/AIR_15.ENVCAUSE--ENVCAUSE114__SEX--F,dcid:country/ISL,2019,0.0
dcs:who/AIR_15.ENVCAUSE--ENVCAUSE118,dcid:country/ISL,2019,0.0
dcs:who/AIR_15.ENVCAUSE--ENVCAUSE113,dcid:country/ISL,2019,0.0
dcs:who/AIR_15.ENVCAUSE--ENVCAUSE104,dcid:country/ISL,2019,0.0
dcs:who/AIR_15.ENVCAUSE--ENVCAUSE068,dcid:country/ISR,2019,0.0
dcs:who/AIR_15.ENVCAUSE--ENVCAUSE113,dcid:country/ISR,2019,0.0
dcs:who/AIR_15.ENVCAUSE--ENVCAUSE118,dcid:country/ISR,2019,0.0
dcs:who/AIR_15.ENVCAUSE--ENVCAUSE068__SEX--F,dcid:country/ISR,2019,0.0
dcs:who/AIR_15.ENVCAUSE--ENVCAUSE104,dcid:country/ISR,2019,0.0
dcs:who/AIR_15.ENVCAUSE--ENVCAUSE118__SEX--F,dcid:country/ISR,2019,0.0
dcs:who/AIR_15.ENVCAUSE--ENVCAUSE104__SEX--F,dcid:country/ISR,2019,0.0
dcs:who/AIR_15.ENVCAUSE--ENVCAUSE118__SEX--M,dcid:country/ISR,2019,0.0
dcs:who/AIR_15.ENVCAUSE--ENVCAUSE114,dcid:country/ISR,2019,0.0
dcs:who/AIR_15.ENVCAUSE--ENVCAUSE068__SEX--M,dcid:country/ISR,2019,0.0
dcs:who/AIR_15.ENVCAUSE--ENVCAUSE113__SEX--M,dcid:country/ISR,2019,0.0
dcs:who/AIR_15.ENVCAUSE--ENVCAUSE113__SEX--F,dcid:country/ISR,2019,0.0
dcs:who/AIR_15.ENVCAUSE--ENVCAUSE114__SEX--F,dcid:country/ISR,2019,0.0
dcs:who/AIR_15.ENVCAUSE--ENVCAUSE114__SEX--M,dcid:country/ISR,2019,0.0
dcs:who/AIR_15.SEX--M,dcid:country/ISR,2019,0.0
dcs:who/AIR_15.ENVCAUSE--ENVCAUSE039,dcid:country/ISR,2019,0.0
dcs:who/AIR_15.ENVCAUSE--ENVCAUSE039__SEX--M,dcid:country/ISR,2019,0.0
dcs:who/AIR_15.ENVCAUSE--ENVCAUSE039__SEX--F,dcid:country/ISR,2019,0.0
dcs:who/AIR_15,dcid:country/ISR,2019,0.0
dcs:who/AIR_15.SEX--F,dcid:country/ISR,2019,0.0
dcs:who/AIR_15.SEX--F,dcid:country/ITA,2019,0.0
dcs:who/AIR_15,dcid:country/ITA,2019,0.0
dcs:who/AIR_15.ENVCAUSE--ENVCAUSE104__SEX--F,dcid:country/ITA,2019,0.0
dcs:who/AIR_15.ENVCAUSE--ENVCAUSE118__SEX--M,dcid:country/ITA,2019,0.0
dcs:who/AIR_15.ENVCAUSE--ENVCAUSE039,dcid:country/ITA,2019,0.0
dcs:who/AIR_15.ENVCAUSE--ENVCAUSE068__SEX--F,dcid:country/ITA,2019,0.0
dcs:who/AIR_15.ENVCAUSE--ENVCAUSE118,dcid:country/ITA,2019,0.0
dcs:who/AIR_15.ENVCAUSE--ENVCAUSE114__SEX--M,dcid:country/ITA,2019,0.0
dcs:who/AIR_15.ENVCAUSE--ENVCAUSE114__SEX--F,dcid:country/ITA,2019,0.0
dcs:who/AIR_15.ENVCAUSE--ENVCAUSE068__SEX--M,dcid:country/ITA,2019,0.0
dcs:who/AIR_15.ENVCAUSE--ENVCAUSE113__SEX--M,dcid:country/ITA,2019,0.0
dcs:who/AIR_15.ENVCAUSE--ENVCAUSE113__SEX--F,dcid:country/ITA,2019,0.0
dcs:who/AIR_15.ENVCAUSE--ENVCAUSE113,dcid:country/ITA,2019,0.0
dcs:who/AIR_15.ENVCAUSE--ENVCAUSE104,dcid:country/ITA,2019,0.0
dcs:who/AIR_15.ENVCAUSE--ENVCAUSE118__SEX--F,dcid:country/ITA,2019,0.0
dcs:who/AIR_15.ENVCAUSE--ENVCAUSE114,dcid:country/ITA,2019,0.0
dcs:who/AIR_15.ENVCAUSE--ENVCAUSE068,dcid:country/ITA,2019,0.0
dcs:who/AIR_15.ENVCAUSE--ENVCAUSE039__SEX--F,dcid:country/ITA,2019,0.0
dcs:who/AIR_15.ENVCAUSE--ENVCAUSE039__SEX--M,dcid:country/ITA,2019,0.0
dcs:who/AIR_15.SEX--M,dcid:country/ITA,2019,0.0
dcs:who/AIR_15.ENVCAUSE--ENVCAUSE113__SEX--F,dcid:country/JAM,2019,1490.13721
dcs:who/AIR_15.ENVCAUSE--ENVCAUSE068__SEX--F,dcid:country/JAM,2019,456.60571
dcs:who/AIR_15.ENVCAUSE--ENVCAUSE114__SEX--M,dcid:country/JAM,2019,1680.27319
dcs:who/AIR_15.SEX--M,dcid:country/JAM,2019,6079.40283
dcs:who/AIR_15.ENVCAUSE--ENVCAUSE039__SEX--F,dcid:country/JAM,2019,698.10004
dcs:who/AIR_15.SEX--F,dcid:country/JAM,2019,5170.22559
dcs:who/AIR_15.ENVCAUSE--ENVCAUSE114__SEX--F,dcid:country/JAM,2019,2118.93091
dcs:who/AIR_15.ENVCAUSE--ENVCAUSE068__SEX--M,dcid:country/JAM,2019,945.97461
dcs:who/AIR_15.ENVCAUSE--ENVCAUSE118__SEX--M,dcid:country/JAM,2019,1005.73785
dcs:who/AIR_15.ENVCAUSE--ENVCAUSE118__SEX--F,dcid:country/JAM,2019,348.47528
dcs:who/AIR_15.ENVCAUSE--ENVCAUSE039__SEX--M,dcid:country/JAM,2019,782.84308
dcs:who/AIR_15.ENVCAUSE--ENVCAUSE113__SEX--M,dcid:country/JAM,2019,1664.57398
dcs:who/AIR_15.ENVCAUSE--ENVCAUSE114,dcid:country/JAM,2019,3799.2041
dcs:who/AIR_15.ENVCAUSE--ENVCAUSE104__SEX--F,dcid:country/JAM,2019,57.97632
dcs:who/AIR_15.ENVCAUSE--ENVCAUSE068,dcid:country/JAM,2019,1402.58032
dcs:who/AIR_15.ENVCAUSE--ENVCAUSE039,dcid:country/JAM,2019,1480.94312
dcs:who/AIR_15,dcid:country/JAM,2019,11249.62793
dcs:who/AIR_15.ENVCAUSE--ENVCAUSE118,dcid:country/JAM,2019,1354.21314
dcs:who/AIR_15.ENVCAUSE--ENVCAUSE104,dcid:country/JAM,2019,57.97632
dcs:who/AIR_15.ENVCAUSE--ENVCAUSE113,dcid:country/JAM,2019,3154.71118
dcs:who/AIR_15.ENVCAUSE--ENVCAUSE039,dcid:country/JOR,2019,353.19479
dcs:who/AIR_15.ENVCAUSE--ENVCAUSE114,dcid:country/JOR,2019,259.73267
dcs:who/AIR_15.ENVCAUSE--ENVCAUSE104,dcid:country/JOR,2019,5.46785
dcs:who/AIR_15.ENVCAUSE--ENVCAUSE118__SEX--M,dcid:country/JOR,2019,74.25516
dcs:who/AIR_15.ENVCAUSE--ENVCAUSE104__SEX--F,dcid:country/JOR,2019,5.46785
dcs:who/AIR_15.ENVCAUSE--ENVCAUSE068__SEX--M,dcid:country/JOR,2019,142.06725
dcs:who/AIR_15.ENVCAUSE--ENVCAUSE039__SEX--M,dcid:country/JOR,2019,190.58784
dcs:who/AIR_15.ENVCAUSE--ENVCAUSE113__SEX--F,dcid:country/JOR,2019,188.22432
dcs:who/AIR_15.ENVCAUSE--ENVCAUSE113,dcid:country/JOR,2019,483.72064
dcs:who/AIR_15.SEX--M,dcid:country/JOR,2019,810.58392
dcs:who/AIR_15,dcid:country/JOR,2019,1412.65808
dcs:who/AIR_15.ENVCAUSE--ENVCAUSE113__SEX--M,dcid:country/JOR,2019,295.49631
dcs:who/AIR_15.ENVCAUSE--ENVCAUSE068,dcid:country/JOR,2019,180.20731
dcs:who/AIR_15.ENVCAUSE--ENVCAUSE068__SEX--F,dcid:country/JOR,2019,38.14006
dcs:who/AIR_15.ENVCAUSE--ENVCAUSE039__SEX--F,dcid:country/JOR,2019,162.60698
dcs:who/AIR_15.ENVCAUSE--ENVCAUSE118__SEX--F,dcid:country/JOR,2019,56.07961
dcs:who/AIR_15.SEX--F,dcid:country/JOR,2019,602.0741
dcs:who/AIR_15.ENVCAUSE--ENVCAUSE114__SEX--M,dcid:country/JOR,2019,108.17737
dcs:who/AIR_15.ENVCAUSE--ENVCAUSE114__SEX--F,dcid:country/JOR,2019,151.55531
dcs:who/AIR_15.ENVCAUSE--ENVCAUSE118,dcid:country/JOR,2019,130.33476
dcs:who/AIR_15.ENVCAUSE--ENVCAUSE113,dcid:country/JPN,2019,0.0
dcs:who/AIR_15.ENVCAUSE--ENVCAUSE039__SEX--F,dcid:country/JPN,2019,0.0
dcs:who/AIR_15.SEX--F,dcid:country/JPN,2019,0.0
dcs:who/AIR_15.SEX--M,dcid:country/JPN,2019,0.0
dcs:who/AIR_15.ENVCAUSE--ENVCAUSE118__SEX--F,dcid:country/JPN,2019,0.0
dcs:who/AIR_15.ENVCAUSE--ENVCAUSE068__SEX--M,dcid:country/JPN,2019,0.0
dcs:who/AIR_15.ENVCAUSE--ENVCAUSE068__SEX--F,dcid:country/JPN,2019,0.0
dcs:who/AIR_15.ENVCAUSE--ENVCAUSE113__SEX--M,dcid:country/JPN,2019,0.0
dcs:who/AIR_15.ENVCAUSE--ENVCAUSE113__SEX--F,dcid:country/JPN,2019,0.0
dcs:who/AIR_15.ENVCAUSE--ENVCAUSE114__SEX--F,dcid:country/JPN,2019,0.0
dcs:who/AIR_15.ENVCAUSE--ENVCAUSE118__SEX--M,dcid:country/JPN,2019,0.0
dcs:who/AIR_15.ENVCAUSE--ENVCAUSE039__SEX--M,dcid:country/JPN,2019,0.0
dcs:who/AIR_15.ENVCAUSE--ENVCAUSE039,dcid:country/JPN,2019,0.0
dcs:who/AIR_15.ENVCAUSE--ENVCAUSE114__SEX--M,dcid:country/JPN,2019,0.0
dcs:who/AIR_15.ENVCAUSE--ENVCAUSE118,dcid:country/JPN,2019,0.0
dcs:who/AIR_15.ENVCAUSE--ENVCAUSE104__SEX--F,dcid:country/JPN,2019,0.0
dcs:who/AIR_15.ENVCAUSE--ENVCAUSE068,dcid:country/JPN,2019,0.0
dcs:who/AIR_15.ENVCAUSE--ENVCAUSE114,dcid:country/JPN,2019,0.0
dcs:who/AIR_15,dcid:country/JPN,2019,0.0
dcs:who/AIR_15.ENVCAUSE--ENVCAUSE104,dcid:country/JPN,2019,0.0
dcs:who/AIR_15.ENVCAUSE--ENVCAUSE114__SEX--M,dcid:country/KAZ,2019,8671.43945
dcs:who/AIR_15.ENVCAUSE--ENVCAUSE068__SEX--M,dcid:country/KAZ,2019,4862.4126
dcs:who/AIR_15.ENVCAUSE--ENVCAUSE118__SEX--M,dcid:country/KAZ,2019,6377.12207
dcs:who/AIR_15.SEX--F,dcid:country/KAZ,2019,32851.96484
dcs:who/AIR_15.ENVCAUSE--ENVCAUSE068__SEX--F,dcid:country/KAZ,2019,1283.17493
dcs:who/AIR_15.ENVCAUSE--ENVCAUSE113__SEX--M,dcid:country/KAZ,2019,14769.79688
dcs:who/AIR_15.ENVCAUSE--ENVCAUSE039__SEX--M,dcid:country/KAZ,2019,6531.1665
dcs:who/AIR_15.SEX--M,dcid:country/KAZ,2019,41211.9375
dcs:who/AIR_15.ENVCAUSE--ENVCAUSE118,dcid:country/KAZ,2019,11086.83105
dcs:who/AIR_15.ENVCAUSE--ENVCAUSE039__SEX--F,dcid:country/KAZ,2019,3935.15283
dcs:who/AIR_15,dcid:country/KAZ,2019,74063.89844
dcs:who/AIR_15.ENVCAUSE--ENVCAUSE104__SEX--F,dcid:country/KAZ,2019,380.92172
dcs:who/AIR_15.ENVCAUSE--ENVCAUSE118__SEX--F,dcid:country/KAZ,2019,4709.7085
dcs:who/AIR_15.ENVCAUSE--ENVCAUSE114,dcid:country/KAZ,2019,18584.76172
dcs:who/AIR_15.ENVCAUSE--ENVCAUSE068,dcid:country/KAZ,2019,6145.58789
dcs:who/AIR_15.ENVCAUSE--ENVCAUSE113,dcid:country/KAZ,2019,27399.48047
dcs:who/AIR_15.ENVCAUSE--ENVCAUSE039,dcid:country/KAZ,2019,10466.31934
dcs:who/AIR_15.ENVCAUSE--ENVCAUSE104,dcid:country/KAZ,2019,380.92172
dcs:who/AIR_15.ENVCAUSE--ENVCAUSE113__SEX--F,dcid:country/KAZ,2019,12629.68359
dcs:who/AIR_15.ENVCAUSE--ENVCAUSE114__SEX--F,dcid:country/KAZ,2019,9913.32227
dcs:who/AIR_15.ENVCAUSE--ENVCAUSE114,dcid:country/KEN,2019,151313.9375
dcs:who/AIR_15.ENVCAUSE--ENVCAUSE114__SEX--F,dcid:country/KEN,2019,77118.15625
dcs:who/AIR_15.ENVCAUSE--ENVCAUSE039,dcid:country/KEN,2019,525681.3125
dcs:who/AIR_15.ENVCAUSE--ENVCAUSE039__SEX--F,dcid:country/KEN,2019,237210.3125
dcs:who/AIR_15.ENVCAUSE--ENVCAUSE068__SEX--F,dcid:country/KEN,2019,4552.2627
dcs:who/AIR_15.ENVCAUSE--ENVCAUSE104,dcid:country/KEN,2019,7633.55615
dcs:who/AIR_15.ENVCAUSE--ENVCAUSE113,dcid:country/KEN,2019,119962.5625
dcs:who/AIR_15.ENVCAUSE--ENVCAUSE118__SEX--F,dcid:country/KEN,2019,36068.79688
dcs:who/AIR_15.ENVCAUSE--ENVCAUSE104__SEX--F,dcid:country/KEN,2019,7633.55615
dcs:who/AIR_15.ENVCAUSE--ENVCAUSE113__SEX--M,dcid:country/KEN,2019,70021.375
dcs:who/AIR_15.ENVCAUSE--ENVCAUSE068__SEX--M,dcid:country/KEN,2019,5609.63965
dcs:who/AIR_15.ENVCAUSE--ENVCAUSE068,dcid:country/KEN,2019,10161.90234
dcs:who/AIR_15.ENVCAUSE--ENVCAUSE118,dcid:country/KEN,2019,74648.39063
dcs:who/AIR_15.ENVCAUSE--ENVCAUSE118__SEX--M,dcid:country/KEN,2019,38579.59375
dcs:who/AIR_15.SEX--M,dcid:country/KEN,2019,476877.375
dcs:who/AIR_15,dcid:country/KEN,2019,889401.6875
dcs:who/AIR_15.ENVCAUSE--ENVCAUSE039__SEX--M,dcid:country/KEN,2019,288471.0
dcs:who/AIR_15.SEX--F,dcid:country/KEN,2019,412524.2813
dcs:who/AIR_15.ENVCAUSE--ENVCAUSE113__SEX--F,dcid:country/KEN,2019,49941.19141
dcs:who/AIR_15.ENVCAUSE--ENVCAUSE114__SEX--M,dcid:country/KEN,2019,74195.77344
dcs:who/AIR_15.ENVCAUSE--ENVCAUSE114__SEX--F,dcid:country/KGZ,2019,4611.62354
dcs:who/AIR_15.ENVCAUSE--ENVCAUSE068__SEX--M,dcid:country/KGZ,2019,1758.65881
dcs:who/AIR_15.ENVCAUSE--ENVCAUSE114,dcid:country/KGZ,2019,9630.45215
dcs:who/AIR_15.ENVCAUSE--ENVCAUSE068,dcid:country/KGZ,2019,2379.46314
dcs:who/AIR_15.ENVCAUSE--ENVCAUSE113,dcid:country/KGZ,2019,20622.84961
dcs:who/AIR_15,dcid:country/KGZ,2019,45468.61719
dcs:who/AIR_15.ENVCAUSE--ENVCAUSE118__SEX--M,dcid:country/KGZ,2019,2416.55176
dcs:who/AIR_15.ENVCAUSE--ENVCAUSE104,dcid:country/KGZ,2019,199.58615
dcs:who/AIR_15.ENVCAUSE--ENVCAUSE104__SEX--F,dcid:country/KGZ,2019,199.58615
dcs:who/AIR_15.ENVCAUSE--ENVCAUSE113__SEX--F,dcid:country/KGZ,2019,9621.47656
dcs:who/AIR_15.ENVCAUSE--ENVCAUSE118,dcid:country/KGZ,2019,4610.26025
dcs:who/AIR_15.ENVCAUSE--ENVCAUSE113__SEX--M,dcid:country/KGZ,2019,11001.37305
dcs:who/AIR_15.ENVCAUSE--ENVCAUSE118__SEX--F,dcid:country/KGZ,2019,2193.7085
dcs:who/AIR_15.ENVCAUSE--ENVCAUSE068__SEX--F,dcid:country/KGZ,2019,620.80432
dcs:who/AIR_15.ENVCAUSE--ENVCAUSE039__SEX--M,dcid:country/KGZ,2019,4596.55322
dcs:who/AIR_15.ENVCAUSE--ENVCAUSE114__SEX--M,dcid:country/KGZ,2019,5018.82861
dcs:who/AIR_15.SEX--F,dcid:country/KGZ,2019,20676.65039
dcs:who/AIR_15.ENVCAUSE--ENVCAUSE039,dcid:country/KGZ,2019,8026.00488
dcs:who/AIR_15.SEX--M,dcid:country/KGZ,2019,24791.96484
dcs:who/AIR_15.ENVCAUSE--ENVCAUSE039__SEX--F,dcid:country/KGZ,2019,3429.45166
dcs:who/AIR_15,dcid:country/KHM,2019,333370.5313
dcs:who/AIR_15.ENVCAUSE--ENVCAUSE068,dcid:country/KHM,2019,15535.60254
dcs:who/AIR_15.SEX--M,dcid:country/KHM,2019,174988.7813
dcs:who/AIR_15.SEX--F,dcid:country/KHM,2019,158381.7344
dcs:who/AIR_15.ENVCAUSE--ENVCAUSE113__SEX--M,dcid:country/KHM,2019,42530.92969
dcs:who/AIR_15.ENVCAUSE--ENVCAUSE118__SEX--F,dcid:country/KHM,2019,12454.19238
dcs:who/AIR_15.ENVCAUSE--ENVCAUSE113__SEX--F,dcid:country/KHM,2019,29953.5332
dcs:who/AIR_15.ENVCAUSE--ENVCAUSE104__SEX--F,dcid:country/KHM,2019,4177.59961
dcs:who/AIR_15.ENVCAUSE--ENVCAUSE114__SEX--F,dcid:country/KHM,2019,47089.03516
dcs:who/AIR_15.ENVCAUSE--ENVCAUSE039__SEX--F,dcid:country/KHM,2019,58240.27344
dcs:who/AIR_15.ENVCAUSE--ENVCAUSE118__SEX--M,dcid:country/KHM,2019,18349.94922
dcs:who/AIR_15.ENVCAUSE--ENVCAUSE039__SEX--M,dcid:country/KHM,2019,68304.26563
dcs:who/AIR_15.ENVCAUSE--ENVCAUSE114,dcid:country/KHM,2019,83824.17188
dcs:who/AIR_15.ENVCAUSE--ENVCAUSE114__SEX--M,dcid:country/KHM,2019,36735.14063
dcs:who/AIR_15.ENVCAUSE--ENVCAUSE068__SEX--F,dcid:country/KHM,2019,6467.11084
dcs:who/AIR_15.ENVCAUSE--ENVCAUSE068__SEX--M,dcid:country/KHM,2019,9068.49219
dcs:who/AIR_15.ENVCAUSE--ENVCAUSE104,dcid:country/KHM,2019,4177.59961
dcs:who/AIR_15.ENVCAUSE--ENVCAUSE039,dcid:country/KHM,2019,126544.5391
dcs:who/AIR_15.ENVCAUSE--ENVCAUSE113,dcid:country/KHM,2019,72484.46094
dcs:who/AIR_15.ENVCAUSE--ENVCAUSE118,dcid:country/KHM,2019,30804.14063
dcs:who/AIR_15.ENVCAUSE--ENVCAUSE068__SEX--M,dcid:country/KIR,2019,136.25107
dcs:who/AIR_15.SEX--F,dcid:country/KIR,2019,2189.99341
dcs:who/AIR_15.ENVCAUSE--ENVCAUSE113__SEX--F,dcid:country/KIR,2019,692.69073
dcs:who/AIR_15.ENVCAUSE--ENVCAUSE114__SEX--M,dcid:country/KIR,2019,930.18896
dcs:who/AIR_15.ENVCAUSE--ENVCAUSE039__SEX--M,dcid:country/KIR,2019,784.98749
dcs:who/AIR_15.ENVCAUSE--ENVCAUSE104__SEX--F,dcid:country/KIR,2019,20.43589
dcs:who/AIR_15.ENVCAUSE--ENVCAUSE039,dcid:country/KIR,2019,1425.50867
dcs:who/AIR_15.ENVCAUSE--ENVCAUSE114__SEX--F,dcid:country/KIR,2019,662.1524
dcs:who/AIR_15.ENVCAUSE--ENVCAUSE118,dcid:country/KIR,2019,365.25552
dcs:who/AIR_15,dcid:country/KIR,2019,5511.35693
dcs:who/AIR_15.ENVCAUSE--ENVCAUSE114,dcid:country/KIR,2019,1592.34143
dcs:who/AIR_15.ENVCAUSE--ENVCAUSE118__SEX--M,dcid:country/KIR,2019,226.80724
dcs:who/AIR_15.ENVCAUSE--ENVCAUSE113,dcid:country/KIR,2019,1935.81921
dcs:who/AIR_15.ENVCAUSE--ENVCAUSE068,dcid:country/KIR,2019,171.996
dcs:who/AIR_15.ENVCAUSE--ENVCAUSE118__SEX--F,dcid:country/KIR,2019,138.4483
dcs:who/AIR_15.ENVCAUSE--ENVCAUSE113__SEX--M,dcid:country/KIR,2019,1243.12842
dcs:who/AIR_15.ENVCAUSE--ENVCAUSE068__SEX--F,dcid:country/KIR,2019,35.74493
dcs:who/AIR_15.ENVCAUSE--ENVCAUSE104,dcid:country/KIR,2019,20.43589
dcs:who/AIR_15.SEX--M,dcid:country/KIR,2019,3321.36328
dcs:who/AIR_15.ENVCAUSE--ENVCAUSE039__SEX--F,dcid:country/KIR,2019,640.52118
dcs:who/AIR_15.ENVCAUSE--ENVCAUSE118,dcid:country/KOR,2019,0.0
dcs:who/AIR_15.ENVCAUSE--ENVCAUSE039,dcid:country/KOR,2019,0.0
dcs:who/AIR_15.ENVCAUSE--ENVCAUSE039__SEX--M,dcid:country/KOR,2019,0.0
dcs:who/AIR_15.ENVCAUSE--ENVCAUSE114,dcid:country/KOR,2019,0.0
dcs:who/AIR_15.ENVCAUSE--ENVCAUSE114__SEX--M,dcid:country/KOR,2019,0.0
dcs:who/AIR_15.ENVCAUSE--ENVCAUSE113,dcid:country/KOR,2019,0.0
dcs:who/AIR_15.SEX--F,dcid:country/KOR,2019,0.0
dcs:who/AIR_15.ENVCAUSE--ENVCAUSE114__SEX--F,dcid:country/KOR,2019,0.0
dcs:who/AIR_15.ENVCAUSE--ENVCAUSE118__SEX--F,dcid:country/KOR,2019,0.0
dcs:who/AIR_15.ENVCAUSE--ENVCAUSE068__SEX--M,dcid:country/KOR,2019,0.0
dcs:who/AIR_15.SEX--M,dcid:country/KOR,2019,0.0
dcs:who/AIR_15.ENVCAUSE--ENVCAUSE104,dcid:country/KOR,2019,0.0
dcs:who/AIR_15.ENVCAUSE--ENVCAUSE118__SEX--M,dcid:country/KOR,2019,0.0
dcs:who/AIR_15.ENVCAUSE--ENVCAUSE104__SEX--F,dcid:country/KOR,2019,0.0
dcs:who/AIR_15.ENVCAUSE--ENVCAUSE039__SEX--F,dcid:country/KOR,2019,0.0
dcs:who/AIR_15.ENVCAUSE--ENVCAUSE113__SEX--M,dcid:country/KOR,2019,0.0
dcs:who/AIR_15.ENVCAUSE--ENVCAUSE113__SEX--F,dcid:country/KOR,2019,0.0
dcs:who/AIR_15.ENVCAUSE--ENVCAUSE068,dcid:country/KOR,2019,0.0
dcs:who/AIR_15,dcid:country/KOR,2019,0.0
dcs:who/AIR_15.ENVCAUSE--ENVCAUSE068__SEX--F,dcid:country/KOR,2019,0.0
dcs:who/AIR_15.SEX--F,dcid:country/KWT,2019,0.0
dcs:who/AIR_15.ENVCAUSE--ENVCAUSE068__SEX--F,dcid:country/KWT,2019,0.0
dcs:who/AIR_15.ENVCAUSE--ENVCAUSE068__SEX--M,dcid:country/KWT,2019,0.0
dcs:who/AIR_15.ENVCAUSE--ENVCAUSE118__SEX--M,dcid:country/KWT,2019,0.0
dcs:who/AIR_15.ENVCAUSE--ENVCAUSE118__SEX--F,dcid:country/KWT,2019,0.0
dcs:who/AIR_15.ENVCAUSE--ENVCAUSE113__SEX--M,dcid:country/KWT,2019,0.0
dcs:who/AIR_15.ENVCAUSE--ENVCAUSE113__SEX--F,dcid:country/KWT,2019,0.0
dcs:who/AIR_15.ENVCAUSE--ENVCAUSE104__SEX--F,dcid:country/KWT,2019,0.0
dcs:who/AIR_15.ENVCAUSE--ENVCAUSE039__SEX--F,dcid:country/KWT,2019,0.0
dcs:who/AIR_15.SEX--M,dcid:country/KWT,2019,0.0
dcs:who/AIR_15.ENVCAUSE--ENVCAUSE039__SEX--M,dcid:country/KWT,2019,0.0
dcs:who/AIR_15.ENVCAUSE--ENVCAUSE114__SEX--F,dcid:country/KWT,2019,0.0
dcs:who/AIR_15.ENVCAUSE--ENVCAUSE114__SEX--M,dcid:country/KWT,2019,0.0
dcs:who/AIR_15.ENVCAUSE--ENVCAUSE104,dcid:country/KWT,2019,0.0
dcs:who/AIR_15.ENVCAUSE--ENVCAUSE113,dcid:country/KWT,2019,0.0
dcs:who/AIR_15.ENVCAUSE--ENVCAUSE118,dcid:country/KWT,2019,0.0
dcs:who/AIR_15.ENVCAUSE--ENVCAUSE068,dcid:country/KWT,2019,0.0
dcs:who/AIR_15.ENVCAUSE--ENVCAUSE039,dcid:country/KWT,2019,0.0
dcs:who/AIR_15.ENVCAUSE--ENVCAUSE114,dcid:country/KWT,2019,0.0
dcs:who/AIR_15,dcid:country/KWT,2019,0.0
dcs:who/AIR_15.ENVCAUSE--ENVCAUSE113,dcid:country/LAO,2019,44775.03125
dcs:who/AIR_15,dcid:country/LAO,2019,190126.4375
dcs:who/AIR_15.ENVCAUSE--ENVCAUSE114,dcid:country/LAO,2019,46959.62109
dcs:who/AIR_15.ENVCAUSE--ENVCAUSE118,dcid:country/LAO,2019,19740.71875
dcs:who/AIR_15.ENVCAUSE--ENVCAUSE118__SEX--F,dcid:country/LAO,2019,8118.35596
dcs:who/AIR_15.ENVCAUSE--ENVCAUSE114__SEX--F,dcid:country/LAO,2019,23314.16992
dcs:who/AIR_15.ENVCAUSE--ENVCAUSE068__SEX--F,dcid:country/LAO,2019,3462.02783
dcs:who/AIR_15.ENVCAUSE--ENVCAUSE039__SEX--M,dcid:country/LAO,2019,35925.21875
dcs:who/AIR_15.ENVCAUSE--ENVCAUSE104,dcid:country/LAO,2019,429.28201
dcs:who/AIR_15.ENVCAUSE--ENVCAUSE113__SEX--M,dcid:country/LAO,2019,25565.59766
dcs:who/AIR_15.ENVCAUSE--ENVCAUSE113__SEX--F,dcid:country/LAO,2019,19209.43359
dcs:who/AIR_15.ENVCAUSE--ENVCAUSE039__SEX--F,dcid:country/LAO,2019,30864.86914
dcs:who/AIR_15.SEX--M,dcid:country/LAO,2019,104728.2969
dcs:who/AIR_15.ENVCAUSE--ENVCAUSE068,dcid:country/LAO,2019,11431.68945
dcs:who/AIR_15.ENVCAUSE--ENVCAUSE118__SEX--M,dcid:country/LAO,2019,11622.36328
dcs:who/AIR_15.SEX--F,dcid:country/LAO,2019,85398.14063
dcs:who/AIR_15.ENVCAUSE--ENVCAUSE114__SEX--M,dcid:country/LAO,2019,23645.45117
dcs:who/AIR_15.ENVCAUSE--ENVCAUSE104__SEX--F,dcid:country/LAO,2019,429.28201
dcs:who/AIR_15.ENVCAUSE--ENVCAUSE039,dcid:country/LAO,2019,66790.08594
dcs:who/AIR_15.ENVCAUSE--ENVCAUSE068__SEX--M,dcid:country/LAO,2019,7969.66162
dcs:who/AIR_15.ENVCAUSE--ENVCAUSE068__SEX--M,dcid:country/LBR,2019,773.77936
dcs:who/AIR_15.ENVCAUSE--ENVCAUSE113,dcid:country/LBR,2019,17656.81641
dcs:who/AIR_15.ENVCAUSE--ENVCAUSE114__SEX--M,dcid:country/LBR,2019,6068.54297
dcs:who/AIR_15.ENVCAUSE--ENVCAUSE118,dcid:country/LBR,2019,5788.49854
dcs:who/AIR_15.ENVCAUSE--ENVCAUSE114,dcid:country/LBR,2019,14722.87598
dcs:who/AIR_15.ENVCAUSE--ENVCAUSE068,dcid:country/LBR,2019,1168.06763
dcs:who/AIR_15.ENVCAUSE--ENVCAUSE114__SEX--F,dcid:country/LBR,2019,8654.33203
dcs:who/AIR_15.ENVCAUSE--ENVCAUSE118__SEX--M,dcid:country/LBR,2019,2381.06519
dcs:who/AIR_15.ENVCAUSE--ENVCAUSE068__SEX--F,dcid:country/LBR,2019,394.28821
dcs:who/AIR_15.SEX--F,dcid:country/LBR,2019,59063.46484
dcs:who/AIR_15.ENVCAUSE--ENVCAUSE104,dcid:country/LBR,2019,767.53021
dcs:who/AIR_15.ENVCAUSE--ENVCAUSE039__SEX--F,dcid:country/LBR,2019,35936.55078
dcs:who/AIR_15.ENVCAUSE--ENVCAUSE118__SEX--F,dcid:country/LBR,2019,3407.43311
dcs:who/AIR_15.ENVCAUSE--ENVCAUSE104__SEX--F,dcid:country/LBR,2019,767.53021
dcs:who/AIR_15,dcid:country/LBR,2019,120248.1875
dcs:who/AIR_15.ENVCAUSE--ENVCAUSE113__SEX--M,dcid:country/LBR,2019,7753.48584
dcs:who/AIR_15.SEX--M,dcid:country/LBR,2019,61184.72266
dcs:who/AIR_15.ENVCAUSE--ENVCAUSE039,dcid:country/LBR,2019,80144.39844
dcs:who/AIR_15.ENVCAUSE--ENVCAUSE113__SEX--F,dcid:country/LBR,2019,9903.33008
dcs:who/AIR_15.ENVCAUSE--ENVCAUSE039__SEX--M,dcid:country/LBR,2019,44207.85156
dcs:who/AIR_15.ENVCAUSE--ENVCAUSE118,dcid:country/LCA,2019,60.99435
dcs:who/AIR_15,dcid:country/LCA,2019,412.91327
dcs:who/AIR_15.ENVCAUSE--ENVCAUSE113__SEX--F,dcid:country/LCA,2019,40.34196
dcs:who/AIR_15.ENVCAUSE--ENVCAUSE039__SEX--F,dcid:country/LCA,2019,41.11609
dcs:who/AIR_15.ENVCAUSE--ENVCAUSE039__SEX--M,dcid:country/LCA,2019,55.93884
dcs:who/AIR_15.ENVCAUSE--ENVCAUSE039,dcid:country/LCA,2019,97.05493
dcs:who/AIR_15.ENVCAUSE--ENVCAUSE118__SEX--M,dcid:country/LCA,2019,42.35749
dcs:who/AIR_15.ENVCAUSE--ENVCAUSE104__SEX--F,dcid:country/LCA,2019,1.68393
dcs:who/AIR_15.ENVCAUSE--ENVCAUSE104,dcid:country/LCA,2019,1.68393
dcs:who/AIR_15.ENVCAUSE--ENVCAUSE114__SEX--M,dcid:country/LCA,2019,62.33476
dcs:who/AIR_15.ENVCAUSE--ENVCAUSE068__SEX--M,dcid:country/LCA,2019,22.56857
dcs:who/AIR_15.ENVCAUSE--ENVCAUSE118__SEX--F,dcid:country/LCA,2019,18.63686
dcs:who/AIR_15.SEX--M,dcid:country/LCA,2019,250.74686
dcs:who/AIR_15.ENVCAUSE--ENVCAUSE114__SEX--F,dcid:country/LCA,2019,56.95891
dcs:who/AIR_15.ENVCAUSE--ENVCAUSE068,dcid:country/LCA,2019,25.99724
dcs:who/AIR_15.ENVCAUSE--ENVCAUSE068__SEX--F,dcid:country/LCA,2019,3.42867
dcs:who/AIR_15.ENVCAUSE--ENVCAUSE114,dcid:country/LCA,2019,119.29366
dcs:who/AIR_15.ENVCAUSE--ENVCAUSE113__SEX--M,dcid:country/LCA,2019,67.5472
dcs:who/AIR_15.SEX--F,dcid:country/LCA,2019,162.16641
dcs:who/AIR_15.ENVCAUSE--ENVCAUSE113,dcid:country/LCA,2019,107.88914
dcs:who/AIR_15.ENVCAUSE--ENVCAUSE104__SEX--F,dcid:country/LKA,2019,5382.07861
dcs:who/AIR_15.SEX--F,dcid:country/LKA,2019,164378.7813
dcs:who/AIR_15.ENVCAUSE--ENVCAUSE114__SEX--M,dcid:country/LKA,2019,25861.8418
dcs:who/AIR_15.ENVCAUSE--ENVCAUSE118__SEX--F,dcid:country/LKA,2019,35579.01563
dcs:who/AIR_15.ENVCAUSE--ENVCAUSE113__SEX--F,dcid:country/LKA,2019,68705.47656
dcs:who/AIR_15.ENVCAUSE--ENVCAUSE068__SEX--F,dcid:country/LKA,2019,5909.64111
dcs:who/AIR_15.ENVCAUSE--ENVCAUSE118,dcid:country/LKA,2019,88107.41406
dcs:who/AIR_15.ENVCAUSE--ENVCAUSE113__SEX--M,dcid:country/LKA,2019,102236.7734
dcs:who/AIR_15.ENVCAUSE--ENVCAUSE113,dcid:country/LKA,2019,170942.25
dcs:who/AIR_15.ENVCAUSE--ENVCAUSE068__SEX--M,dcid:country/LKA,2019,13446.7627
dcs:who/AIR_15.ENVCAUSE--ENVCAUSE114,dcid:country/LKA,2019,52353.77734
dcs:who/AIR_15.ENVCAUSE--ENVCAUSE039,dcid:country/LKA,2019,53142.05078
dcs:who/AIR_15.SEX--M,dcid:country/LKA,2019,224905.2031
dcs:who/AIR_15.ENVCAUSE--ENVCAUSE114__SEX--F,dcid:country/LKA,2019,26491.93555
dcs:who/AIR_15.ENVCAUSE--ENVCAUSE118__SEX--M,dcid:country/LKA,2019,52528.39844
dcs:who/AIR_15,dcid:country/LKA,2019,389283.9688
dcs:who/AIR_15.ENVCAUSE--ENVCAUSE104,dcid:country/LKA,2019,5382.07861
dcs:who/AIR_15.ENVCAUSE--ENVCAUSE039__SEX--F,dcid:country/LKA,2019,22310.62891
dcs:who/AIR_15.ENVCAUSE--ENVCAUSE068,dcid:country/LKA,2019,19356.4043
dcs:who/AIR_15.ENVCAUSE--ENVCAUSE039__SEX--M,dcid:country/LKA,2019,30831.41992
dcs:who/AIR_15.ENVCAUSE--ENVCAUSE118__SEX--M,dcid:country/LSO,2019,6713.97461
dcs:who/AIR_15.ENVCAUSE--ENVCAUSE113,dcid:country/LSO,2019,17375.37109
dcs:who/AIR_15.SEX--F,dcid:country/LSO,2019,53336.16016
dcs:who/AIR_15.ENVCAUSE--ENVCAUSE118__SEX--F,dcid:country/LSO,2019,6177.82568
dcs:who/AIR_15.ENVCAUSE--ENVCAUSE114__SEX--F,dcid:country/LSO,2019,10553.15039
dcs:who/AIR_15.ENVCAUSE--ENVCAUSE104,dcid:country/LSO,2019,337.96631
dcs:who/AIR_15.ENVCAUSE--ENVCAUSE039__SEX--F,dcid:country/LSO,2019,28501.72461
dcs:who/AIR_15.ENVCAUSE--ENVCAUSE113__SEX--M,dcid:country/LSO,2019,9819.64453
dcs:who/AIR_15.ENVCAUSE--ENVCAUSE068,dcid:country/LSO,2019,570.73004
dcs:who/AIR_15.ENVCAUSE--ENVCAUSE114__SEX--M,dcid:country/LSO,2019,9148.93652
dcs:who/AIR_15.ENVCAUSE--ENVCAUSE039,dcid:country/LSO,2019,62204.07813
dcs:who/AIR_15.ENVCAUSE--ENVCAUSE104__SEX--F,dcid:country/LSO,2019,337.96631
dcs:who/AIR_15.ENVCAUSE--ENVCAUSE039__SEX--M,dcid:country/LSO,2019,33702.35547
dcs:who/AIR_15.ENVCAUSE--ENVCAUSE068__SEX--M,dcid:country/LSO,2019,360.96024
dcs:who/AIR_15.SEX--M,dcid:country/LSO,2019,59745.87109
dcs:who/AIR_15.ENVCAUSE--ENVCAUSE114,dcid:country/LSO,2019,19702.08594
dcs:who/AIR_15,dcid:country/LSO,2019,113082.0313
dcs:who/AIR_15.ENVCAUSE--ENVCAUSE113__SEX--F,dcid:country/LSO,2019,7555.72656
dcs:who/AIR_15.ENVCAUSE--ENVCAUSE118,dcid:country/LSO,2019,12891.7998
dcs:who/AIR_15.ENVCAUSE--ENVCAUSE068__SEX--F,dcid:country/LSO,2019,209.76981
dcs:who/AIR_15.ENVCAUSE--ENVCAUSE039__SEX--M,dcid:country/LTU,2019,0.0
dcs:who/AIR_15.SEX--F,dcid:country/LTU,2019,0.0
dcs:who/AIR_15.ENVCAUSE--ENVCAUSE113__SEX--F,dcid:country/LTU,2019,0.0
dcs:who/AIR_15.ENVCAUSE--ENVCAUSE068__SEX--F,dcid:country/LTU,2019,0.0
dcs:who/AIR_15.ENVCAUSE--ENVCAUSE113__SEX--M,dcid:country/LTU,2019,0.0
dcs:who/AIR_15.ENVCAUSE--ENVCAUSE113,dcid:country/LTU,2019,0.0
dcs:who/AIR_15,dcid:country/LTU,2019,0.0
dcs:who/AIR_15.ENVCAUSE--ENVCAUSE068,dcid:country/LTU,2019,0.0
dcs:who/AIR_15.ENVCAUSE--ENVCAUSE039__SEX--F,dcid:country/LTU,2019,0.0
dcs:who/AIR_15.ENVCAUSE--ENVCAUSE068__SEX--M,dcid:country/LTU,2019,0.0
dcs:who/AIR_15.ENVCAUSE--ENVCAUSE104__SEX--F,dcid:country/LTU,2019,0.0
dcs:who/AIR_15.ENVCAUSE--ENVCAUSE114__SEX--F,dcid:country/LTU,2019,0.0
dcs:who/AIR_15.ENVCAUSE--ENVCAUSE118__SEX--F,dcid:country/LTU,2019,0.0
dcs:who/AIR_15.ENVCAUSE--ENVCAUSE039,dcid:country/LTU,2019,0.0
dcs:who/AIR_15.ENVCAUSE--ENVCAUSE118__SEX--M,dcid:country/LTU,2019,0.0
dcs:who/AIR_15.ENVCAUSE--ENVCAUSE114__SEX--M,dcid:country/LTU,2019,0.0
dcs:who/AIR_15.SEX--M,dcid:country/LTU,2019,0.0
dcs:who/AIR_15.ENVCAUSE--ENVCAUSE114,dcid:country/LTU,2019,0.0
dcs:who/AIR_15.ENVCAUSE--ENVCAUSE104,dcid:country/LTU,2019,0.0
dcs:who/AIR_15.ENVCAUSE--ENVCAUSE118,dcid:country/LTU,2019,0.0
dcs:who/AIR_15.ENVCAUSE--ENVCAUSE039,dcid:country/LUX,2019,0.0
dcs:who/AIR_15.SEX--F,dcid:country/LUX,2019,0.0
dcs:who/AIR_15.SEX--M,dcid:country/LUX,2019,0.0
dcs:who/AIR_15.ENVCAUSE--ENVCAUSE113__SEX--M,dcid:country/LUX,2019,0.0
dcs:who/AIR_15.ENVCAUSE--ENVCAUSE118,dcid:country/LUX,2019,0.0
dcs:who/AIR_15.ENVCAUSE--ENVCAUSE114,dcid:country/LUX,2019,0.0
dcs:who/AIR_15.ENVCAUSE--ENVCAUSE104,dcid:country/LUX,2019,0.0
dcs:who/AIR_15.ENVCAUSE--ENVCAUSE039__SEX--F,dcid:country/LUX,2019,0.0
dcs:who/AIR_15,dcid:country/LUX,2019,0.0
dcs:who/AIR_15.ENVCAUSE--ENVCAUSE118__SEX--M,dcid:country/LUX,2019,0.0
dcs:who/AIR_15.ENVCAUSE--ENVCAUSE118__SEX--F,dcid:country/LUX,2019,0.0
dcs:who/AIR_15.ENVCAUSE--ENVCAUSE039__SEX--M,dcid:country/LUX,2019,0.0
dcs:who/AIR_15.ENVCAUSE--ENVCAUSE068,dcid:country/LUX,2019,0.0
dcs:who/AIR_15.ENVCAUSE--ENVCAUSE114__SEX--M,dcid:country/LUX,2019,0.0
dcs:who/AIR_15.ENVCAUSE--ENVCAUSE114__SEX--F,dcid:country/LUX,2019,0.0
dcs:who/AIR_15.ENVCAUSE--ENVCAUSE104__SEX--F,dcid:country/LUX,2019,0.0
dcs:who/AIR_15.ENVCAUSE--ENVCAUSE068__SEX--F,dcid:country/LUX,2019,0.0
dcs:who/AIR_15.ENVCAUSE--ENVCAUSE068__SEX--M,dcid:country/LUX,2019,0.0
dcs:who/AIR_15.ENVCAUSE--ENVCAUSE113__SEX--F,dcid:country/LUX,2019,0.0
dcs:who/AIR_15.ENVCAUSE--ENVCAUSE113,dcid:country/LUX,2019,0.0
dcs:who/AIR_15.ENVCAUSE--ENVCAUSE068__SEX--M,dcid:country/LVA,2019,0.0
dcs:who/AIR_15.SEX--M,dcid:country/LVA,2019,0.0
dcs:who/AIR_15.ENVCAUSE--ENVCAUSE114__SEX--F,dcid:country/LVA,2019,0.0
dcs:who/AIR_15.ENVCAUSE--ENVCAUSE039,dcid:country/LVA,2019,0.0
dcs:who/AIR_15.ENVCAUSE--ENVCAUSE039__SEX--M,dcid:country/LVA,2019,0.0
dcs:who/AIR_15.ENVCAUSE--ENVCAUSE039__SEX--F,dcid:country/LVA,2019,0.0
dcs:who/AIR_15.SEX--F,dcid:country/LVA,2019,0.0
dcs:who/AIR_15.ENVCAUSE--ENVCAUSE118__SEX--M,dcid:country/LVA,2019,0.0
dcs:who/AIR_15.ENVCAUSE--ENVCAUSE113__SEX--M,dcid:country/LVA,2019,0.0
dcs:who/AIR_15.ENVCAUSE--ENVCAUSE118__SEX--F,dcid:country/LVA,2019,0.0
dcs:who/AIR_15.ENVCAUSE--ENVCAUSE113,dcid:country/LVA,2019,0.0
dcs:who/AIR_15,dcid:country/LVA,2019,0.0
dcs:who/AIR_15.ENVCAUSE--ENVCAUSE114,dcid:country/LVA,2019,0.0
dcs:who/AIR_15.ENVCAUSE--ENVCAUSE104,dcid:country/LVA,2019,0.0
dcs:who/AIR_15.ENVCAUSE--ENVCAUSE068,dcid:country/LVA,2019,0.0
dcs:who/AIR_15.ENVCAUSE--ENVCAUSE068__SEX--F,dcid:country/LVA,2019,0.0
dcs:who/AIR_15.ENVCAUSE--ENVCAUSE114__SEX--M,dcid:country/LVA,2019,0.0
dcs:who/AIR_15.ENVCAUSE--ENVCAUSE104__SEX--F,dcid:country/LVA,2019,0.0
dcs:who/AIR_15.ENVCAUSE--ENVCAUSE113__SEX--F,dcid:country/LVA,2019,0.0
dcs:who/AIR_15.ENVCAUSE--ENVCAUSE118,dcid:country/LVA,2019,0.0
dcs:who/AIR_15.ENVCAUSE--ENVCAUSE114,dcid:country/MAR,2019,13198.88281
dcs:who/AIR_15.ENVCAUSE--ENVCAUSE068,dcid:country/MAR,2019,5954.22315
dcs:who/AIR_15.ENVCAUSE--ENVCAUSE118__SEX--F,dcid:country/MAR,2019,2805.58008
dcs:who/AIR_15.ENVCAUSE--ENVCAUSE039__SEX--M,dcid:country/MAR,2019,5010.1377
dcs:who/AIR_15.ENVCAUSE--ENVCAUSE039__SEX--F,dcid:country/MAR,2019,4811.69043
dcs:who/AIR_15.ENVCAUSE--ENVCAUSE114__SEX--M,dcid:country/MAR,2019,5372.61328
dcs:who/AIR_15.ENVCAUSE--ENVCAUSE104__SEX--F,dcid:country/MAR,2019,363.23349
dcs:who/AIR_15.ENVCAUSE--ENVCAUSE039,dcid:country/MAR,2019,9821.82813
dcs:who/AIR_15.ENVCAUSE--ENVCAUSE114__SEX--F,dcid:country/MAR,2019,7826.26953
dcs:who/AIR_15.SEX--F,dcid:country/MAR,2019,33616.87109
dcs:who/AIR_15.ENVCAUSE--ENVCAUSE118__SEX--M,dcid:country/MAR,2019,3180.73853
dcs:who/AIR_15.ENVCAUSE--ENVCAUSE068__SEX--F,dcid:country/MAR,2019,715.49658
dcs:who/AIR_15.ENVCAUSE--ENVCAUSE113__SEX--M,dcid:country/MAR,2019,18079.39844
dcs:who/AIR_15.ENVCAUSE--ENVCAUSE113,dcid:country/MAR,2019,35174.0
dcs:who/AIR_15.ENVCAUSE--ENVCAUSE118,dcid:country/MAR,2019,5986.31885
dcs:who/AIR_15.SEX--M,dcid:country/MAR,2019,36881.61328
dcs:who/AIR_15.ENVCAUSE--ENVCAUSE104,dcid:country/MAR,2019,363.23349
dcs:who/AIR_15.ENVCAUSE--ENVCAUSE068__SEX--M,dcid:country/MAR,2019,5238.72656
dcs:who/AIR_15.ENVCAUSE--ENVCAUSE113__SEX--F,dcid:country/MAR,2019,17094.60156
dcs:who/AIR_15,dcid:country/MAR,2019,70498.48438
dcs:who/AIR_15.SEX--F,dcid:country/MDA,2019,6730.80518
dcs:who/AIR_15.ENVCAUSE--ENVCAUSE113,dcid:country/MDA,2019,8022.86621
dcs:who/AIR_15.ENVCAUSE--ENVCAUSE104,dcid:country/MDA,2019,65.04733
dcs:who/AIR_15.ENVCAUSE--ENVCAUSE114__SEX--M,dcid:country/MDA,2019,1486.33154
dcs:who/AIR_15.ENVCAUSE--ENVCAUSE114,dcid:country/MDA,2019,3202.91162
dcs:who/AIR_15.ENVCAUSE--ENVCAUSE113__SEX--F,dcid:country/MDA,2019,3799.9502
dcs:who/AIR_15.ENVCAUSE--ENVCAUSE114__SEX--F,dcid:country/MDA,2019,1716.57996
dcs:who/AIR_15.ENVCAUSE--ENVCAUSE118__SEX--M,dcid:country/MDA,2019,481.68463
dcs:who/AIR_15.ENVCAUSE--ENVCAUSE104__SEX--F,dcid:country/MDA,2019,65.04733
dcs:who/AIR_15.ENVCAUSE--ENVCAUSE118__SEX--F,dcid:country/MDA,2019,330.5809
dcs:who/AIR_15.ENVCAUSE--ENVCAUSE118,dcid:country/MDA,2019,812.26556
dcs:who/AIR_15.ENVCAUSE--ENVCAUSE113__SEX--M,dcid:country/MDA,2019,4222.91602
dcs:who/AIR_15.ENVCAUSE--ENVCAUSE039__SEX--M,dcid:country/MDA,2019,1502.11218
dcs:who/AIR_15.ENVCAUSE--ENVCAUSE039__SEX--F,dcid:country/MDA,2019,586.09894
dcs:who/AIR_15.ENVCAUSE--ENVCAUSE068__SEX--M,dcid:country/MDA,2019,891.0022
dcs:who/AIR_15.ENVCAUSE--ENVCAUSE068,dcid:country/MDA,2019,1123.55017
dcs:who/AIR_15.ENVCAUSE--ENVCAUSE068__SEX--F,dcid:country/MDA,2019,232.548
dcs:who/AIR_15.SEX--M,dcid:country/MDA,2019,8584.04688
dcs:who/AIR_15,dcid:country/MDA,2019,15314.85254
dcs:who/AIR_15.ENVCAUSE--ENVCAUSE039,dcid:country/MDA,2019,2088.21118
dcs:who/AIR_15.ENVCAUSE--ENVCAUSE068__SEX--M,dcid:country/MDG,2019,1445.26233
dcs:who/AIR_15.ENVCAUSE--ENVCAUSE104,dcid:country/MDG,2019,1759.48633
dcs:who/AIR_15.ENVCAUSE--ENVCAUSE113__SEX--F,dcid:country/MDG,2019,46993.76953
dcs:who/AIR_15.ENVCAUSE--ENVCAUSE118,dcid:country/MDG,2019,63870.85547
dcs:who/AIR_15.ENVCAUSE--ENVCAUSE104__SEX--F,dcid:country/MDG,2019,1759.48633
dcs:who/AIR_15.ENVCAUSE--ENVCAUSE118__SEX--M,dcid:country/MDG,2019,33921.93359
dcs:who/AIR_15.ENVCAUSE--ENVCAUSE113__SEX--M,dcid:country/MDG,2019,77711.70313
dcs:who/AIR_15.ENVCAUSE--ENVCAUSE114__SEX--F,dcid:country/MDG,2019,99813.47656
dcs:who/AIR_15.ENVCAUSE--ENVCAUSE114,dcid:country/MDG,2019,180131.0938
dcs:who/AIR_15.ENVCAUSE--ENVCAUSE068,dcid:country/MDG,2019,2663.09448
dcs:who/AIR_15.ENVCAUSE--ENVCAUSE113,dcid:country/MDG,2019,124705.4688
dcs:who/AIR_15.ENVCAUSE--ENVCAUSE039,dcid:country/MDG,2019,398408.1875
dcs:who/AIR_15.ENVCAUSE--ENVCAUSE068__SEX--F,dcid:country/MDG,2019,1217.83203
dcs:who/AIR_15.SEX--M,dcid:country/MDG,2019,380176.8125
dcs:who/AIR_15.ENVCAUSE--ENVCAUSE118__SEX--F,dcid:country/MDG,2019,29948.92383
dcs:who/AIR_15.SEX--F,dcid:country/MDG,2019,391361.375
dcs:who/AIR_15,dcid:country/MDG,2019,771538.1875
dcs:who/AIR_15.ENVCAUSE--ENVCAUSE039__SEX--F,dcid:country/MDG,2019,211627.8906
dcs:who/AIR_15.ENVCAUSE--ENVCAUSE039__SEX--M,dcid:country/MDG,2019,186780.2969
dcs:who/AIR_15.ENVCAUSE--ENVCAUSE114__SEX--M,dcid:country/MDG,2019,80317.61719
dcs:who/AIR_15.ENVCAUSE--ENVCAUSE039__SEX--F,dcid:country/MDV,2019,9.16535
dcs:who/AIR_15.ENVCAUSE--ENVCAUSE114__SEX--M,dcid:country/MDV,2019,21.54948
dcs:who/AIR_15.ENVCAUSE--ENVCAUSE118__SEX--M,dcid:country/MDV,2019,21.12286
dcs:who/AIR_15.ENVCAUSE--ENVCAUSE104__SEX--F,dcid:country/MDV,2019,0.61157
dcs:who/AIR_15.ENVCAUSE--ENVCAUSE068__SEX--F,dcid:country/MDV,2019,4.49245
dcs:who/AIR_15.ENVCAUSE--ENVCAUSE114__SEX--F,dcid:country/MDV,2019,13.62416
dcs:who/AIR_15.ENVCAUSE--ENVCAUSE039,dcid:country/MDV,2019,19.02934
dcs:who/AIR_15.ENVCAUSE--ENVCAUSE114,dcid:country/MDV,2019,35.17364
dcs:who/AIR_15.SEX--F,dcid:country/MDV,2019,77.93056
dcs:who/AIR_15.ENVCAUSE--ENVCAUSE113,dcid:country/MDV,2019,64.1301
dcs:who/AIR_15.ENVCAUSE--ENVCAUSE068__SEX--M,dcid:country/MDV,2019,12.90653
dcs:who/AIR_15.ENVCAUSE--ENVCAUSE118__SEX--F,dcid:country/MDV,2019,29.22787
dcs:who/AIR_15.SEX--M,dcid:country/MDV,2019,108.7638
dcs:who/AIR_15.ENVCAUSE--ENVCAUSE039__SEX--M,dcid:country/MDV,2019,9.864
dcs:who/AIR_15,dcid:country/MDV,2019,186.69437
dcs:who/AIR_15.ENVCAUSE--ENVCAUSE068,dcid:country/MDV,2019,17.39898
dcs:who/AIR_15.ENVCAUSE--ENVCAUSE118,dcid:country/MDV,2019,50.35073
dcs:who/AIR_15.ENVCAUSE--ENVCAUSE113__SEX--M,dcid:country/MDV,2019,43.32093
dcs:who/AIR_15.ENVCAUSE--ENVCAUSE104,dcid:country/MDV,2019,0.61157
dcs:who/AIR_15.ENVCAUSE--ENVCAUSE113__SEX--F,dcid:country/MDV,2019,20.80917
dcs:who/AIR_15.ENVCAUSE--ENVCAUSE068,dcid:country/MEX,2019,20855.88867
dcs:who/AIR_15.ENVCAUSE--ENVCAUSE068__SEX--F,dcid:country/MEX,2019,9466.14356
dcs:who/AIR_15.ENVCAUSE--ENVCAUSE039__SEX--M,dcid:country/MEX,2019,62078.07422
dcs:who/AIR_15.ENVCAUSE--ENVCAUSE104,dcid:country/MEX,2019,3689.68994
dcs:who/AIR_15.SEX--F,dcid:country/MEX,2019,204922.2656
dcs:who/AIR_15.ENVCAUSE--ENVCAUSE118__SEX--M,dcid:country/MEX,2019,32109.80664
dcs:who/AIR_15.ENVCAUSE--ENVCAUSE104__SEX--F,dcid:country/MEX,2019,3689.68994
dcs:who/AIR_15.ENVCAUSE--ENVCAUSE114__SEX--M,dcid:country/MEX,2019,30352.51758
dcs:who/AIR_15.ENVCAUSE--ENVCAUSE039__SEX--F,dcid:country/MEX,2019,45975.78516
dcs:who/AIR_15.ENVCAUSE--ENVCAUSE114,dcid:country/MEX,2019,63735.91797
dcs:who/AIR_15.SEX--M,dcid:country/MEX,2019,248836.1875
dcs:who/AIR_15.ENVCAUSE--ENVCAUSE039,dcid:country/MEX,2019,108053.8594
dcs:who/AIR_15.ENVCAUSE--ENVCAUSE114__SEX--F,dcid:country/MEX,2019,33383.39844
dcs:who/AIR_15.ENVCAUSE--ENVCAUSE113__SEX--F,dcid:country/MEX,2019,76083.53906
dcs:who/AIR_15.ENVCAUSE--ENVCAUSE113__SEX--M,dcid:country/MEX,2019,112906.0469
dcs:who/AIR_15.ENVCAUSE--ENVCAUSE068__SEX--M,dcid:country/MEX,2019,11389.74512
dcs:who/AIR_15.ENVCAUSE--ENVCAUSE113,dcid:country/MEX,2019,188989.5938
dcs:who/AIR_15,dcid:country/MEX,2019,453758.4688
dcs:who/AIR_15.ENVCAUSE--ENVCAUSE118__SEX--F,dcid:country/MEX,2019,36323.71094
dcs:who/AIR_15.ENVCAUSE--ENVCAUSE118,dcid:country/MEX,2019,68433.51563
dcs:who/AIR_15.SEX--M,dcid:country/MKD,2019,15233.69238
dcs:who/AIR_15.ENVCAUSE--ENVCAUSE068__SEX--M,dcid:country/MKD,2019,2954.35059
dcs:who/AIR_15,dcid:country/MKD,2019,26886.42383
dcs:who/AIR_15.ENVCAUSE--ENVCAUSE039__SEX--F,dcid:country/MKD,2019,355.24707
dcs:who/AIR_15.SEX--F,dcid:country/MKD,2019,11652.73242
dcs:who/AIR_15.ENVCAUSE--ENVCAUSE113__SEX--F,dcid:country/MKD,2019,4047.28491
dcs:who/AIR_15.ENVCAUSE--ENVCAUSE118__SEX--M,dcid:country/MKD,2019,1514.02368
dcs:who/AIR_15.ENVCAUSE--ENVCAUSE114__SEX--M,dcid:country/MKD,2019,4481.70068
dcs:who/AIR_15.ENVCAUSE--ENVCAUSE113,dcid:country/MKD,2019,9909.06836
dcs:who/AIR_15.ENVCAUSE--ENVCAUSE104,dcid:country/MKD,2019,43.39304
dcs:who/AIR_15.ENVCAUSE--ENVCAUSE068__SEX--F,dcid:country/MKD,2019,847.15643
dcs:who/AIR_15.ENVCAUSE--ENVCAUSE039,dcid:country/MKD,2019,777.08032
dcs:who/AIR_15.ENVCAUSE--ENVCAUSE118__SEX--F,dcid:country/MKD,2019,1085.07239
dcs:who/AIR_15.ENVCAUSE--ENVCAUSE118,dcid:country/MKD,2019,2599.09595
dcs:who/AIR_15.ENVCAUSE--ENVCAUSE113__SEX--M,dcid:country/MKD,2019,5861.78369
dcs:who/AIR_15.ENVCAUSE--ENVCAUSE068,dcid:country/MKD,2019,3801.50708
dcs:who/AIR_15.ENVCAUSE--ENVCAUSE114,dcid:country/MKD,2019,9756.2793
dcs:who/AIR_15.ENVCAUSE--ENVCAUSE114__SEX--F,dcid:country/MKD,2019,5274.57861
dcs:who/AIR_15.ENVCAUSE--ENVCAUSE104__SEX--F,dcid:country/MKD,2019,43.39304
dcs:who/AIR_15.ENVCAUSE--ENVCAUSE039__SEX--M,dcid:country/MKD,2019,421.83325
dcs:who/AIR_15.ENVCAUSE--ENVCAUSE113,dcid:country/MLI,2019,54715.59375
dcs:who/AIR_15.SEX--M,dcid:country/MLI,2019,313046.1875
dcs:who/AIR_15.ENVCAUSE--ENVCAUSE113__SEX--F,dcid:country/MLI,2019,32018.96094
dcs:who/AIR_15.ENVCAUSE--ENVCAUSE104__SEX--F,dcid:country/MLI,2019,4210.52441
dcs:who/AIR_15.ENVCAUSE--ENVCAUSE118__SEX--M,dcid:country/MLI,2019,19212.76563
dcs:who/AIR_15.ENVCAUSE--ENVCAUSE039,dcid:country/MLI,2019,460776.25
dcs:who/AIR_15.ENVCAUSE--ENVCAUSE118,dcid:country/MLI,2019,36915.94531
dcs:who/AIR_15.ENVCAUSE--ENVCAUSE039__SEX--F,dcid:country/MLI,2019,213893.25
dcs:who/AIR_15.ENVCAUSE--ENVCAUSE068,dcid:country/MLI,2019,3831.08496
dcs:who/AIR_15,dcid:country/MLI,2019,616574.5
dcs:who/AIR_15.SEX--F,dcid:country/MLI,2019,303528.3125
dcs:who/AIR_15.ENVCAUSE--ENVCAUSE068__SEX--F,dcid:country/MLI,2019,1358.12317
dcs:who/AIR_15.ENVCAUSE--ENVCAUSE114,dcid:country/MLI,2019,56125.09766
dcs:who/AIR_15.ENVCAUSE--ENVCAUSE114__SEX--F,dcid:country/MLI,2019,34344.28516
dcs:who/AIR_15.ENVCAUSE--ENVCAUSE039__SEX--M,dcid:country/MLI,2019,246883.0156
dcs:who/AIR_15.ENVCAUSE--ENVCAUSE113__SEX--M,dcid:country/MLI,2019,22696.63281
dcs:who/AIR_15.ENVCAUSE--ENVCAUSE104,dcid:country/MLI,2019,4210.52441
dcs:who/AIR_15.ENVCAUSE--ENVCAUSE118__SEX--F,dcid:country/MLI,2019,17703.17773
dcs:who/AIR_15.ENVCAUSE--ENVCAUSE068__SEX--M,dcid:country/MLI,2019,2472.96191
dcs:who/AIR_15.ENVCAUSE--ENVCAUSE114__SEX--M,dcid:country/MLI,2019,21780.81445
dcs:who/AIR_15.ENVCAUSE--ENVCAUSE113,dcid:country/MLT,2019,0.0
dcs:who/AIR_15.ENVCAUSE--ENVCAUSE114,dcid:country/MLT,2019,0.0
dcs:who/AIR_15.ENVCAUSE--ENVCAUSE118__SEX--F,dcid:country/MLT,2019,0.0
dcs:who/AIR_15.ENVCAUSE--ENVCAUSE104,dcid:country/MLT,2019,0.0
dcs:who/AIR_15.ENVCAUSE--ENVCAUSE114__SEX--M,dcid:country/MLT,2019,0.0
dcs:who/AIR_15.ENVCAUSE--ENVCAUSE118,dcid:country/MLT,2019,0.0
dcs:who/AIR_15.ENVCAUSE--ENVCAUSE114__SEX--F,dcid:country/MLT,2019,0.0
dcs:who/AIR_15.SEX--M,dcid:country/MLT,2019,0.0
dcs:who/AIR_15.ENVCAUSE--ENVCAUSE039__SEX--M,dcid:country/MLT,2019,0.0
dcs:who/AIR_15.ENVCAUSE--ENVCAUSE039,dcid:country/MLT,2019,0.0
dcs:who/AIR_15.ENVCAUSE--ENVCAUSE104__SEX--F,dcid:country/MLT,2019,0.0
dcs:who/AIR_15,dcid:country/MLT,2019,0.0
dcs:who/AIR_15.ENVCAUSE--ENVCAUSE113__SEX--M,dcid:country/MLT,2019,0.0
dcs:who/AIR_15.ENVCAUSE--ENVCAUSE068__SEX--F,dcid:country/MLT,2019,0.0
dcs:who/AIR_15.ENVCAUSE--ENVCAUSE068__SEX--M,dcid:country/MLT,2019,0.0
dcs:who/AIR_15.ENVCAUSE--ENVCAUSE039__SEX--F,dcid:country/MLT,2019,0.0
dcs:who/AIR_15.ENVCAUSE--ENVCAUSE068,dcid:country/MLT,2019,0.0
dcs:who/AIR_15.ENVCAUSE--ENVCAUSE118__SEX--M,dcid:country/MLT,2019,0.0
dcs:who/AIR_15.ENVCAUSE--ENVCAUSE113__SEX--F,dcid:country/MLT,2019,0.0
dcs:who/AIR_15.SEX--F,dcid:country/MLT,2019,0.0
dcs:who/AIR_15.ENVCAUSE--ENVCAUSE113__SEX--F,dcid:country/MMR,2019,114482.625
dcs:who/AIR_15.ENVCAUSE--ENVCAUSE113__SEX--M,dcid:country/MMR,2019,147474.1094
dcs:who/AIR_15.ENVCAUSE--ENVCAUSE039__SEX--F,dcid:country/MMR,2019,131225.9219
dcs:who/AIR_15.ENVCAUSE--ENVCAUSE068__SEX--F,dcid:country/MMR,2019,44154.42188
dcs:who/AIR_15.SEX--M,dcid:country/MMR,2019,782949.1875
dcs:who/AIR_15.ENVCAUSE--ENVCAUSE039__SEX--M,dcid:country/MMR,2019,180284.375
dcs:who/AIR_15.ENVCAUSE--ENVCAUSE114__SEX--F,dcid:country/MMR,2019,245822.9375
dcs:who/AIR_15.ENVCAUSE--ENVCAUSE118__SEX--M,dcid:country/MMR,2019,164550.5
dcs:who/AIR_15.ENVCAUSE--ENVCAUSE114__SEX--M,dcid:country/MMR,2019,241998.6875
dcs:who/AIR_15.ENVCAUSE--ENVCAUSE104__SEX--F,dcid:country/MMR,2019,17885.20117
dcs:who/AIR_15.ENVCAUSE--ENVCAUSE068__SEX--M,dcid:country/MMR,2019,48641.48438
dcs:who/AIR_15.SEX--F,dcid:country/MMR,2019,682198.9375
dcs:who/AIR_15.ENVCAUSE--ENVCAUSE118__SEX--F,dcid:country/MMR,2019,128627.8203
dcs:who/AIR_15.ENVCAUSE--ENVCAUSE113,dcid:country/MMR,2019,261956.7344
dcs:who/AIR_15.ENVCAUSE--ENVCAUSE114,dcid:country/MMR,2019,487821.625
dcs:who/AIR_15.ENVCAUSE--ENVCAUSE068,dcid:country/MMR,2019,92795.90625
dcs:who/AIR_15,dcid:country/MMR,2019,1465148.125
dcs:who/AIR_15.ENVCAUSE--ENVCAUSE039,dcid:country/MMR,2019,311510.3125
dcs:who/AIR_15.ENVCAUSE--ENVCAUSE104,dcid:country/MMR,2019,17885.20117
dcs:who/AIR_15.ENVCAUSE--ENVCAUSE118,dcid:country/MMR,2019,293178.3125
dcs:who/AIR_15.ENVCAUSE--ENVCAUSE113__SEX--F,dcid:country/MNE,2019,2109.40601
dcs:who/AIR_15.ENVCAUSE--ENVCAUSE068,dcid:country/MNE,2019,1912.70093
dcs:who/AIR_15.ENVCAUSE--ENVCAUSE039__SEX--M,dcid:country/MNE,2019,272.48999
dcs:who/AIR_15.ENVCAUSE--ENVCAUSE068__SEX--M,dcid:country/MNE,2019,1399.37952
dcs:who/AIR_15.ENVCAUSE--ENVCAUSE118__SEX--F,dcid:country/MNE,2019,176.60942
dcs:who/AIR_15.SEX--F,dcid:country/MNE,2019,6154.10449
dcs:who/AIR_15.ENVCAUSE--ENVCAUSE118__SEX--M,dcid:country/MNE,2019,277.56058
dcs:who/AIR_15.ENVCAUSE--ENVCAUSE113,dcid:country/MNE,2019,5606.18604
dcs:who/AIR_15,dcid:country/MNE,2019,14039.22754
dcs:who/AIR_15.ENVCAUSE--ENVCAUSE114__SEX--M,dcid:country/MNE,2019,2438.91333
dcs:who/AIR_15.ENVCAUSE--ENVCAUSE068__SEX--F,dcid:country/MNE,2019,513.32141
dcs:who/AIR_15.ENVCAUSE--ENVCAUSE039__SEX--F,dcid:country/MNE,2019,180.9021
dcs:who/AIR_15.ENVCAUSE--ENVCAUSE118,dcid:country/MNE,2019,454.17001
dcs:who/AIR_15.ENVCAUSE--ENVCAUSE104,dcid:country/MNE,2019,22.54991
dcs:who/AIR_15.SEX--M,dcid:country/MNE,2019,7885.12354
dcs:who/AIR_15.ENVCAUSE--ENVCAUSE114,dcid:country/MNE,2019,5590.229
dcs:who/AIR_15.ENVCAUSE--ENVCAUSE104__SEX--F,dcid:country/MNE,2019,22.54991
dcs:who/AIR_15.ENVCAUSE--ENVCAUSE114__SEX--F,dcid:country/MNE,2019,3151.31543
dcs:who/AIR_15.ENVCAUSE--ENVCAUSE039,dcid:country/MNE,2019,453.39209
dcs:who/AIR_15.ENVCAUSE--ENVCAUSE113__SEX--M,dcid:country/MNE,2019,3496.77979
dcs:who/AIR_15.ENVCAUSE--ENVCAUSE039__SEX--M,dcid:country/MNG,2019,4517.48682
dcs:who/AIR_15.ENVCAUSE--ENVCAUSE068__SEX--M,dcid:country/MNG,2019,2477.30322
dcs:who/AIR_15.SEX--M,dcid:country/MNG,2019,40438.92969
dcs:who/AIR_15.ENVCAUSE--ENVCAUSE114__SEX--M,dcid:country/MNG,2019,13262.66797
dcs:who/AIR_15.ENVCAUSE--ENVCAUSE113__SEX--M,dcid:country/MNG,2019,18676.0625
dcs:who/AIR_15,dcid:country/MNG,2019,67439.42969
dcs:who/AIR_15.ENVCAUSE--ENVCAUSE113,dcid:country/MNG,2019,28905.02344
dcs:who/AIR_15.ENVCAUSE--ENVCAUSE039,dcid:country/MNG,2019,7771.41211
dcs:who/AIR_15.ENVCAUSE--ENVCAUSE039__SEX--F,dcid:country/MNG,2019,3253.92554
dcs:who/AIR_15.ENVCAUSE--ENVCAUSE118__SEX--F,dcid:country/MNG,2019,1225.69592
dcs:who/AIR_15.ENVCAUSE--ENVCAUSE104,dcid:country/MNG,2019,132.56633
dcs:who/AIR_15.SEX--F,dcid:country/MNG,2019,27000.50195
dcs:who/AIR_15.ENVCAUSE--ENVCAUSE068,dcid:country/MNG,2019,2973.76196
dcs:who/AIR_15.ENVCAUSE--ENVCAUSE114__SEX--F,dcid:country/MNG,2019,11662.89551
dcs:who/AIR_15.ENVCAUSE--ENVCAUSE114,dcid:country/MNG,2019,24925.5625
dcs:who/AIR_15.ENVCAUSE--ENVCAUSE068__SEX--F,dcid:country/MNG,2019,496.45886
dcs:who/AIR_15.ENVCAUSE--ENVCAUSE113__SEX--F,dcid:country/MNG,2019,10228.95996
dcs:who/AIR_15.ENVCAUSE--ENVCAUSE104__SEX--F,dcid:country/MNG,2019,132.56633
dcs:who/AIR_15.ENVCAUSE--ENVCAUSE118,dcid:country/MNG,2019,2731.10596
dcs:who/AIR_15.ENVCAUSE--ENVCAUSE118__SEX--M,dcid:country/MNG,2019,1505.41003
dcs:who/AIR_15.ENVCAUSE--ENVCAUSE114__SEX--M,dcid:country/MOZ,2019,127407.6563
dcs:who/AIR_15.ENVCAUSE--ENVCAUSE104__SEX--F,dcid:country/MOZ,2019,3781.8418
dcs:who/AIR_15.ENVCAUSE--ENVCAUSE113,dcid:country/MOZ,2019,132363.6719
dcs:who/AIR_15.ENVCAUSE--ENVCAUSE039__SEX--F,dcid:country/MOZ,2019,300986.9688
dcs:who/AIR_15.SEX--M,dcid:country/MOZ,2019,619927.25
dcs:who/AIR_15.ENVCAUSE--ENVCAUSE104,dcid:country/MOZ,2019,3781.8418
dcs:who/AIR_15.ENVCAUSE--ENVCAUSE068,dcid:country/MOZ,2019,4188.2251
dcs:who/AIR_15.ENVCAUSE--ENVCAUSE068__SEX--F,dcid:country/MOZ,2019,2123.69605
dcs:who/AIR_15.ENVCAUSE--ENVCAUSE114__SEX--F,dcid:country/MOZ,2019,99255.11719
dcs:who/AIR_15.ENVCAUSE--ENVCAUSE114,dcid:country/MOZ,2019,226662.7656
dcs:who/AIR_15.ENVCAUSE--ENVCAUSE068__SEX--M,dcid:country/MOZ,2019,2064.52905
dcs:who/AIR_15.ENVCAUSE--ENVCAUSE039,dcid:country/MOZ,2019,679257.4375
dcs:who/AIR_15.ENVCAUSE--ENVCAUSE113__SEX--M,dcid:country/MOZ,2019,81839.64844
dcs:who/AIR_15.ENVCAUSE--ENVCAUSE039__SEX--M,dcid:country/MOZ,2019,378270.4063
dcs:who/AIR_15.ENVCAUSE--ENVCAUSE118__SEX--M,dcid:country/MOZ,2019,30345.01367
dcs:who/AIR_15.ENVCAUSE--ENVCAUSE113__SEX--F,dcid:country/MOZ,2019,50524.01953
dcs:who/AIR_15.SEX--F,dcid:country/MOZ,2019,475232.1875
dcs:who/AIR_15,dcid:country/MOZ,2019,1095159.5
dcs:who/AIR_15.ENVCAUSE--ENVCAUSE118__SEX--F,dcid:country/MOZ,2019,18560.52344
dcs:who/AIR_15.ENVCAUSE--ENVCAUSE118,dcid:country/MOZ,2019,48905.53906
dcs:who/AIR_15.ENVCAUSE--ENVCAUSE118,dcid:country/MRT,2019,4172.55029
dcs:who/AIR_15.ENVCAUSE--ENVCAUSE118__SEX--M,dcid:country/MRT,2019,1715.49207
dcs:who/AIR_15.ENVCAUSE--ENVCAUSE113__SEX--F,dcid:country/MRT,2019,6160.74756
dcs:who/AIR_15.ENVCAUSE--ENVCAUSE114__SEX--F,dcid:country/MRT,2019,5259.85205
dcs:who/AIR_15.ENVCAUSE--ENVCAUSE113__SEX--M,dcid:country/MRT,2019,3983.5957
dcs:who/AIR_15.SEX--M,dcid:country/MRT,2019,38522.69922
dcs:who/AIR_15.ENVCAUSE--ENVCAUSE114__SEX--M,dcid:country/MRT,2019,3099.41431
dcs:who/AIR_15.ENVCAUSE--ENVCAUSE068,dcid:country/MRT,2019,764.09436
dcs:who/AIR_15.SEX--F,dcid:country/MRT,2019,39719.13672
dcs:who/AIR_15.ENVCAUSE--ENVCAUSE039__SEX--F,dcid:country/MRT,2019,25103.15625
dcs:who/AIR_15.ENVCAUSE--ENVCAUSE068__SEX--M,dcid:country/MRT,2019,492.34381
dcs:who/AIR_15.ENVCAUSE--ENVCAUSE118__SEX--F,dcid:country/MRT,2019,2457.05811
dcs:who/AIR_15.ENVCAUSE--ENVCAUSE114,dcid:country/MRT,2019,8359.2666
dcs:who/AIR_15.ENVCAUSE--ENVCAUSE104__SEX--F,dcid:country/MRT,2019,466.57178
dcs:who/AIR_15.ENVCAUSE--ENVCAUSE039__SEX--M,dcid:country/MRT,2019,29231.85352
dcs:who/AIR_15.ENVCAUSE--ENVCAUSE039,dcid:country/MRT,2019,54335.00781
dcs:who/AIR_15.ENVCAUSE--ENVCAUSE068__SEX--F,dcid:country/MRT,2019,271.75058
dcs:who/AIR_15,dcid:country/MRT,2019,78241.83594
dcs:who/AIR_15.ENVCAUSE--ENVCAUSE113,dcid:country/MRT,2019,10144.34375
dcs:who/AIR_15.ENVCAUSE--ENVCAUSE104,dcid:country/MRT,2019,466.57178
dcs:who/AIR_15.SEX--M,dcid:country/MUS,2019,1784.20813
dcs:who/AIR_15.ENVCAUSE--ENVCAUSE068__SEX--M,dcid:country/MUS,2019,142.62993
dcs:who/AIR_15.ENVCAUSE--ENVCAUSE113,dcid:country/MUS,2019,1085.4021
dcs:who/AIR_15.ENVCAUSE--ENVCAUSE113__SEX--F,dcid:country/MUS,2019,419.98645
dcs:who/AIR_15.ENVCAUSE--ENVCAUSE039__SEX--F,dcid:country/MUS,2019,170.70767
dcs:who/AIR_15,dcid:country/MUS,2019,3076.94092
dcs:who/AIR_15.ENVCAUSE--ENVCAUSE104,dcid:country/MUS,2019,42.37985
dcs:who/AIR_15.ENVCAUSE--ENVCAUSE118,dcid:country/MUS,2019,691.20215
dcs:who/AIR_15.ENVCAUSE--ENVCAUSE114__SEX--F,dcid:country/MUS,2019,288.54752
dcs:who/AIR_15.ENVCAUSE--ENVCAUSE114,dcid:country/MUS,2019,633.35358
dcs:who/AIR_15.ENVCAUSE--ENVCAUSE068__SEX--F,dcid:country/MUS,2019,74.45491
dcs:who/AIR_15.ENVCAUSE--ENVCAUSE114__SEX--M,dcid:country/MUS,2019,344.80606
dcs:who/AIR_15.ENVCAUSE--ENVCAUSE039__SEX--M,dcid:country/MUS,2019,236.81076
dcs:who/AIR_15.ENVCAUSE--ENVCAUSE118__SEX--M,dcid:country/MUS,2019,394.54578
dcs:who/AIR_15.ENVCAUSE--ENVCAUSE118__SEX--F,dcid:country/MUS,2019,296.65634
dcs:who/AIR_15.ENVCAUSE--ENVCAUSE113__SEX--M,dcid:country/MUS,2019,665.41559
dcs:who/AIR_15.SEX--F,dcid:country/MUS,2019,1292.73279
dcs:who/AIR_15.ENVCAUSE--ENVCAUSE068,dcid:country/MUS,2019,217.08482
dcs:who/AIR_15.ENVCAUSE--ENVCAUSE039,dcid:country/MUS,2019,407.51843
dcs:who/AIR_15.ENVCAUSE--ENVCAUSE104__SEX--F,dcid:country/MUS,2019,42.37985
dcs:who/AIR_15.ENVCAUSE--ENVCAUSE118__SEX--M,dcid:country/MWI,2019,13471.23047
dcs:who/AIR_15.SEX--F,dcid:country/MWI,2019,133123.5781
dcs:who/AIR_15.ENVCAUSE--ENVCAUSE114__SEX--F,dcid:country/MWI,2019,23474.85156
dcs:who/AIR_15.ENVCAUSE--ENVCAUSE113__SEX--F,dcid:country/MWI,2019,17097.72461
dcs:who/AIR_15.ENVCAUSE--ENVCAUSE039__SEX--F,dcid:country/MWI,2019,80794.0625
dcs:who/AIR_15.ENVCAUSE--ENVCAUSE039,dcid:country/MWI,2019,199294.0469
dcs:who/AIR_15.ENVCAUSE--ENVCAUSE114,dcid:country/MWI,2019,53449.57422
dcs:who/AIR_15.ENVCAUSE--ENVCAUSE118__SEX--F,dcid:country/MWI,2019,9062.14941
dcs:who/AIR_15.ENVCAUSE--ENVCAUSE039__SEX--M,dcid:country/MWI,2019,118499.9766
dcs:who/AIR_15.SEX--M,dcid:country/MWI,2019,195324.625
dcs:who/AIR_15.ENVCAUSE--ENVCAUSE068,dcid:country/MWI,2019,2063.38062
dcs:who/AIR_15.ENVCAUSE--ENVCAUSE113__SEX--M,dcid:country/MWI,2019,32083.93945
dcs:who/AIR_15.ENVCAUSE--ENVCAUSE068__SEX--F,dcid:country/MWI,2019,768.62604
dcs:who/AIR_15.ENVCAUSE--ENVCAUSE104__SEX--F,dcid:country/MWI,2019,1926.16687
dcs:who/AIR_15.ENVCAUSE--ENVCAUSE068__SEX--M,dcid:country/MWI,2019,1294.75452
dcs:who/AIR_15.ENVCAUSE--ENVCAUSE104,dcid:country/MWI,2019,1926.16687
dcs:who/AIR_15.ENVCAUSE--ENVCAUSE118,dcid:country/MWI,2019,22533.38086
dcs:who/AIR_15,dcid:country/MWI,2019,328448.2188
dcs:who/AIR_15.ENVCAUSE--ENVCAUSE114__SEX--M,dcid:country/MWI,2019,29974.72266
dcs:who/AIR_15.ENVCAUSE--ENVCAUSE113,dcid:country/MWI,2019,49181.66406
dcs:who/AIR_15.ENVCAUSE--ENVCAUSE068,dcid:country/MYS,2019,5777.86133
dcs:who/AIR_15.ENVCAUSE--ENVCAUSE113__SEX--F,dcid:country/MYS,2019,11924.81348
dcs:who/AIR_15.ENVCAUSE--ENVCAUSE104__SEX--F,dcid:country/MYS,2019,869.67578
dcs:who/AIR_15.ENVCAUSE--ENVCAUSE118__SEX--F,dcid:country/MYS,2019,3695.78882
dcs:who/AIR_15.ENVCAUSE--ENVCAUSE039__SEX--F,dcid:country/MYS,2019,15473.18652
dcs:who/AIR_15.ENVCAUSE--ENVCAUSE039__SEX--M,dcid:country/MYS,2019,20299.65039
dcs:who/AIR_15.ENVCAUSE--ENVCAUSE068__SEX--M,dcid:country/MYS,2019,4013.26221
dcs:who/AIR_15.SEX--M,dcid:country/MYS,2019,62375.37891
dcs:who/AIR_15.ENVCAUSE--ENVCAUSE114__SEX--M,dcid:country/MYS,2019,9507.71191
dcs:who/AIR_15.SEX--F,dcid:country/MYS,2019,42800.4375
dcs:who/AIR_15,dcid:country/MYS,2019,105175.8125
dcs:who/AIR_15.ENVCAUSE--ENVCAUSE104,dcid:country/MYS,2019,869.67578
dcs:who/AIR_15.ENVCAUSE--ENVCAUSE118__SEX--M,dcid:country/MYS,2019,6147.46191
dcs:who/AIR_15.ENVCAUSE--ENVCAUSE113__SEX--M,dcid:country/MYS,2019,22407.29102
dcs:who/AIR_15.ENVCAUSE--ENVCAUSE068__SEX--F,dcid:country/MYS,2019,1764.59937
dcs:who/AIR_15.ENVCAUSE--ENVCAUSE114,dcid:country/MYS,2019,18580.08594
dcs:who/AIR_15.ENVCAUSE--ENVCAUSE113,dcid:country/MYS,2019,34332.10547
dcs:who/AIR_15.ENVCAUSE--ENVCAUSE039,dcid:country/MYS,2019,35772.83594
dcs:who/AIR_15.ENVCAUSE--ENVCAUSE118,dcid:country/MYS,2019,9843.25098
dcs:who/AIR_15.ENVCAUSE--ENVCAUSE114__SEX--F,dcid:country/MYS,2019,9072.37402
dcs:who/AIR_15.ENVCAUSE--ENVCAUSE104,dcid:country/NAM,2019,221.60425
dcs:who/AIR_15.ENVCAUSE--ENVCAUSE113,dcid:country/NAM,2019,7667.31982
dcs:who/AIR_15.ENVCAUSE--ENVCAUSE118__SEX--F,dcid:country/NAM,2019,2070.71265
dcs:who/AIR_15.SEX--M,dcid:country/NAM,2019,26253.22852
dcs:who/AIR_15.ENVCAUSE--ENVCAUSE118,dcid:country/NAM,2019,4969.99854
dcs:who/AIR_15.ENVCAUSE--ENVCAUSE118__SEX--M,dcid:country/NAM,2019,2899.28565
dcs:who/AIR_15.ENVCAUSE--ENVCAUSE039__SEX--F,dcid:country/NAM,2019,9932.12598
dcs:who/AIR_15.ENVCAUSE--ENVCAUSE068__SEX--F,dcid:country/NAM,2019,344.51443
dcs:who/AIR_15.ENVCAUSE--ENVCAUSE113__SEX--F,dcid:country/NAM,2019,3002.53516
dcs:who/AIR_15.ENVCAUSE--ENVCAUSE068__SEX--M,dcid:country/NAM,2019,398.28662
dcs:who/AIR_15.ENVCAUSE--ENVCAUSE039,dcid:country/NAM,2019,24623.87109
dcs:who/AIR_15.ENVCAUSE--ENVCAUSE114,dcid:country/NAM,2019,7361.82227
dcs:who/AIR_15.ENVCAUSE--ENVCAUSE113__SEX--M,dcid:country/NAM,2019,4664.78467
dcs:who/AIR_15.ENVCAUSE--ENVCAUSE104__SEX--F,dcid:country/NAM,2019,221.60425
dcs:who/AIR_15.ENVCAUSE--ENVCAUSE039__SEX--M,dcid:country/NAM,2019,14691.74609
dcs:who/AIR_15.ENVCAUSE--ENVCAUSE114__SEX--M,dcid:country/NAM,2019,3599.125
dcs:who/AIR_15.ENVCAUSE--ENVCAUSE114__SEX--F,dcid:country/NAM,2019,3762.69727
dcs:who/AIR_15.ENVCAUSE--ENVCAUSE068,dcid:country/NAM,2019,742.80103
dcs:who/AIR_15,dcid:country/NAM,2019,45587.41797
dcs:who/AIR_15.SEX--F,dcid:country/NAM,2019,19334.18945
dcs:who/AIR_15.ENVCAUSE--ENVCAUSE113,dcid:country/NER,2019,79506.08594
dcs:who/AIR_15.ENVCAUSE--ENVCAUSE039__SEX--M,dcid:country/NER,2019,312954.6875
dcs:who/AIR_15.ENVCAUSE--ENVCAUSE118,dcid:country/NER,2019,35441.75781
dcs:who/AIR_15.ENVCAUSE--ENVCAUSE039__SEX--F,dcid:country/NER,2019,252176.4063
dcs:who/AIR_15,dcid:country/NER,2019,762109.9375
dcs:who/AIR_15.SEX--M,dcid:country/NER,2019,410113.1563
dcs:who/AIR_15.ENVCAUSE--ENVCAUSE104__SEX--F,dcid:country/NER,2019,2951.37573
dcs:who/AIR_15.ENVCAUSE--ENVCAUSE113__SEX--F,dcid:country/NER,2019,38127.05469
dcs:who/AIR_15.ENVCAUSE--ENVCAUSE104,dcid:country/NER,2019,2951.37573
dcs:who/AIR_15.SEX--F,dcid:country/NER,2019,351996.7813
dcs:who/AIR_15.ENVCAUSE--ENVCAUSE068__SEX--M,dcid:country/NER,2019,575.53394
dcs:who/AIR_15.ENVCAUSE--ENVCAUSE113__SEX--M,dcid:country/NER,2019,41379.03125
dcs:who/AIR_15.ENVCAUSE--ENVCAUSE068__SEX--F,dcid:country/NER,2019,142.31854
dcs:who/AIR_15.ENVCAUSE--ENVCAUSE114,dcid:country/NER,2019,78361.77344
dcs:who/AIR_15.ENVCAUSE--ENVCAUSE039,dcid:country/NER,2019,565131.125
dcs:who/AIR_15.ENVCAUSE--ENVCAUSE114__SEX--F,dcid:country/NER,2019,41773.67969
dcs:who/AIR_15.ENVCAUSE--ENVCAUSE118__SEX--F,dcid:country/NER,2019,16825.94141
dcs:who/AIR_15.ENVCAUSE--ENVCAUSE118__SEX--M,dcid:country/NER,2019,18615.81641
dcs:who/AIR_15.ENVCAUSE--ENVCAUSE068,dcid:country/NER,2019,717.85248
dcs:who/AIR_15.ENVCAUSE--ENVCAUSE114__SEX--M,dcid:country/NER,2019,36588.09375
dcs:who/AIR_15.SEX--M,dcid:country/NGA,2019,4144592.75
dcs:who/AIR_15.ENVCAUSE--ENVCAUSE118__SEX--F,dcid:country/NGA,2019,104867.625
dcs:who/AIR_15.ENVCAUSE--ENVCAUSE039,dcid:country/NGA,2019,6295308.5
dcs:who/AIR_15.ENVCAUSE--ENVCAUSE039__SEX--M,dcid:country/NGA,2019,3524698.0
dcs:who/AIR_15.ENVCAUSE--ENVCAUSE068__SEX--F,dcid:country/NGA,2019,9283.5293
dcs:who/AIR_15.ENVCAUSE--ENVCAUSE113,dcid:country/NGA,2019,551905.8125
dcs:who/AIR_15.ENVCAUSE--ENVCAUSE118__SEX--M,dcid:country/NGA,2019,104653.5547
dcs:who/AIR_15.ENVCAUSE--ENVCAUSE068,dcid:country/NGA,2019,23271.90039
dcs:who/AIR_15.ENVCAUSE--ENVCAUSE114__SEX--F,dcid:country/NGA,2019,271688.0
dcs:who/AIR_15.ENVCAUSE--ENVCAUSE113__SEX--M,dcid:country/NGA,2019,278851.7813
dcs:who/AIR_15.SEX--F,dcid:country/NGA,2019,3474841.25
dcs:who/AIR_15,dcid:country/NGA,2019,7619434.0
dcs:who/AIR_15.ENVCAUSE--ENVCAUSE114__SEX--M,dcid:country/NGA,2019,222401.2031
dcs:who/AIR_15.ENVCAUSE--ENVCAUSE113__SEX--F,dcid:country/NGA,2019,273054.0313
dcs:who/AIR_15.ENVCAUSE--ENVCAUSE118,dcid:country/NGA,2019,209521.1719
dcs:who/AIR_15.ENVCAUSE--ENVCAUSE039__SEX--F,dcid:country/NGA,2019,2770610.5
dcs:who/AIR_15.ENVCAUSE--ENVCAUSE114,dcid:country/NGA,2019,494089.1875
dcs:who/AIR_15.ENVCAUSE--ENVCAUSE104,dcid:country/NGA,2019,45337.48828
dcs:who/AIR_15.ENVCAUSE--ENVCAUSE068__SEX--M,dcid:country/NGA,2019,13988.37109
dcs:who/AIR_15.ENVCAUSE--ENVCAUSE104__SEX--F,dcid:country/NGA,2019,45337.48828
dcs:who/AIR_15.ENVCAUSE--ENVCAUSE113__SEX--F,dcid:country/NIC,2019,10413.56543
dcs:who/AIR_15.ENVCAUSE--ENVCAUSE039__SEX--M,dcid:country/NIC,2019,8067.89453
dcs:who/AIR_15.ENVCAUSE--ENVCAUSE118__SEX--M,dcid:country/NIC,2019,3446.11475
dcs:who/AIR_15.ENVCAUSE--ENVCAUSE068__SEX--F,dcid:country/NIC,2019,855.34589
dcs:who/AIR_15.SEX--F,dcid:country/NIC,2019,26524.44727
dcs:who/AIR_15.SEX--M,dcid:country/NIC,2019,27305.89648
dcs:who/AIR_15.ENVCAUSE--ENVCAUSE114,dcid:country/NIC,2019,8073.8169
dcs:who/AIR_15,dcid:country/NIC,2019,53830.34375
dcs:who/AIR_15.ENVCAUSE--ENVCAUSE114__SEX--M,dcid:country/NIC,2019,3666.2771
dcs:who/AIR_15.ENVCAUSE--ENVCAUSE118__SEX--F,dcid:country/NIC,2019,3887.62744
dcs:who/AIR_15.ENVCAUSE--ENVCAUSE114__SEX--F,dcid:country/NIC,2019,4407.53955
dcs:who/AIR_15.ENVCAUSE--ENVCAUSE113,dcid:country/NIC,2019,21587.78906
dcs:who/AIR_15.ENVCAUSE--ENVCAUSE068__SEX--M,dcid:country/NIC,2019,951.38617
dcs:who/AIR_15.ENVCAUSE--ENVCAUSE039,dcid:country/NIC,2019,14640.8418
dcs:who/AIR_15.ENVCAUSE--ENVCAUSE104__SEX--F,dcid:country/NIC,2019,387.42212
dcs:who/AIR_15.ENVCAUSE--ENVCAUSE039__SEX--F,dcid:country/NIC,2019,6572.94775
dcs:who/AIR_15.ENVCAUSE--ENVCAUSE118,dcid:country/NIC,2019,7333.74219
dcs:who/AIR_15.ENVCAUSE--ENVCAUSE113__SEX--M,dcid:country/NIC,2019,11174.22461
dcs:who/AIR_15.ENVCAUSE--ENVCAUSE104,dcid:country/NIC,2019,387.42212
dcs:who/AIR_15.ENVCAUSE--ENVCAUSE068,dcid:country/NIC,2019,1806.73206
dcs:who/AIR_15.SEX--F,dcid:country/NLD,2019,0.0
dcs:who/AIR_15.ENVCAUSE--ENVCAUSE118__SEX--F,dcid:country/NLD,2019,0.0
dcs:who/AIR_15.ENVCAUSE--ENVCAUSE113__SEX--F,dcid:country/NLD,2019,0.0
dcs:who/AIR_15.ENVCAUSE--ENVCAUSE068,dcid:country/NLD,2019,0.0
dcs:who/AIR_15.ENVCAUSE--ENVCAUSE114__SEX--M,dcid:country/NLD,2019,0.0
dcs:who/AIR_15.ENVCAUSE--ENVCAUSE114,dcid:country/NLD,2019,0.0
dcs:who/AIR_15,dcid:country/NLD,2019,0.0
dcs:who/AIR_15.ENVCAUSE--ENVCAUSE039__SEX--M,dcid:country/NLD,2019,0.0
dcs:who/AIR_15.ENVCAUSE--ENVCAUSE104__SEX--F,dcid:country/NLD,2019,0.0
dcs:who/AIR_15.ENVCAUSE--ENVCAUSE114__SEX--F,dcid:country/NLD,2019,0.0
dcs:who/AIR_15.ENVCAUSE--ENVCAUSE118__SEX--M,dcid:country/NLD,2019,0.0
dcs:who/AIR_15.ENVCAUSE--ENVCAUSE068__SEX--F,dcid:country/NLD,2019,0.0
dcs:who/AIR_15.ENVCAUSE--ENVCAUSE068__SEX--M,dcid:country/NLD,2019,0.0
dcs:who/AIR_15.SEX--M,dcid:country/NLD,2019,0.0
dcs:who/AIR_15.ENVCAUSE--ENVCAUSE113__SEX--M,dcid:country/NLD,2019,0.0
dcs:who/AIR_15.ENVCAUSE--ENVCAUSE039__SEX--F,dcid:country/NLD,2019,0.0
dcs:who/AIR_15.ENVCAUSE--ENVCAUSE113,dcid:country/NLD,2019,0.0
dcs:who/AIR_15.ENVCAUSE--ENVCAUSE118,dcid:country/NLD,2019,0.0
dcs:who/AIR_15.ENVCAUSE--ENVCAUSE039,dcid:country/NLD,2019,0.0
dcs:who/AIR_15.ENVCAUSE--ENVCAUSE104,dcid:country/NLD,2019,0.0
dcs:who/AIR_15.ENVCAUSE--ENVCAUSE068__SEX--F,dcid:country/NOR,2019,0.0
dcs:who/AIR_15,dcid:country/NOR,2019,0.0
dcs:who/AIR_15.ENVCAUSE--ENVCAUSE113__SEX--F,dcid:country/NOR,2019,0.0
dcs:who/AIR_15.ENVCAUSE--ENVCAUSE039__SEX--F,dcid:country/NOR,2019,0.0
dcs:who/AIR_15.SEX--F,dcid:country/NOR,2019,0.0
dcs:who/AIR_15.ENVCAUSE--ENVCAUSE104__SEX--F,dcid:country/NOR,2019,0.0
dcs:who/AIR_15.ENVCAUSE--ENVCAUSE039,dcid:country/NOR,2019,0.0
dcs:who/AIR_15.ENVCAUSE--ENVCAUSE114__SEX--M,dcid:country/NOR,2019,0.0
dcs:who/AIR_15.ENVCAUSE--ENVCAUSE118,dcid:country/NOR,2019,0.0
dcs:who/AIR_15.SEX--M,dcid:country/NOR,2019,0.0
dcs:who/AIR_15.ENVCAUSE--ENVCAUSE068,dcid:country/NOR,2019,0.0
dcs:who/AIR_15.ENVCAUSE--ENVCAUSE113__SEX--M,dcid:country/NOR,2019,0.0
dcs:who/AIR_15.ENVCAUSE--ENVCAUSE113,dcid:country/NOR,2019,0.0
dcs:who/AIR_15.ENVCAUSE--ENVCAUSE118__SEX--F,dcid:country/NOR,2019,0.0
dcs:who/AIR_15.ENVCAUSE--ENVCAUSE114__SEX--F,dcid:country/NOR,2019,0.0
dcs:who/AIR_15.ENVCAUSE--ENVCAUSE104,dcid:country/NOR,2019,0.0
dcs:who/AIR_15.ENVCAUSE--ENVCAUSE068__SEX--M,dcid:country/NOR,2019,0.0
dcs:who/AIR_15.ENVCAUSE--ENVCAUSE114,dcid:country/NOR,2019,0.0
dcs:who/AIR_15.ENVCAUSE--ENVCAUSE118__SEX--M,dcid:country/NOR,2019,0.0
dcs:who/AIR_15.ENVCAUSE--ENVCAUSE039__SEX--M,dcid:country/NOR,2019,0.0
dcs:who/AIR_15.SEX--F,dcid:country/NPL,2019,302213.2188
dcs:who/AIR_15.ENVCAUSE--ENVCAUSE114__SEX--M,dcid:country/NPL,2019,41669.46484
dcs:who/AIR_15.ENVCAUSE--ENVCAUSE114__SEX--F,dcid:country/NPL,2019,37382.25781
dcs:who/AIR_15.ENVCAUSE--ENVCAUSE068__SEX--F,dcid:country/NPL,2019,22622.17773
dcs:who/AIR_15,dcid:country/NPL,2019,609668.0
dcs:who/AIR_15.ENVCAUSE--ENVCAUSE068__SEX--M,dcid:country/NPL,2019,13834.06543
dcs:who/AIR_15.ENVCAUSE--ENVCAUSE039__SEX--F,dcid:country/NPL,2019,53810.10547
dcs:who/AIR_15.ENVCAUSE--ENVCAUSE039,dcid:country/NPL,2019,106842.3672
dcs:who/AIR_15.ENVCAUSE--ENVCAUSE118__SEX--F,dcid:country/NPL,2019,133968.1406
dcs:who/AIR_15.ENVCAUSE--ENVCAUSE118__SEX--M,dcid:country/NPL,2019,111246.4297
dcs:who/AIR_15.ENVCAUSE--ENVCAUSE118,dcid:country/NPL,2019,245214.5781
dcs:who/AIR_15.ENVCAUSE--ENVCAUSE104,dcid:country/NPL,2019,3879.25732
dcs:who/AIR_15.ENVCAUSE--ENVCAUSE113__SEX--M,dcid:country/NPL,2019,87672.53906
dcs:who/AIR_15.ENVCAUSE--ENVCAUSE039__SEX--M,dcid:country/NPL,2019,53032.26563
dcs:who/AIR_15.ENVCAUSE--ENVCAUSE068,dcid:country/NPL,2019,36456.24219
dcs:who/AIR_15.ENVCAUSE--ENVCAUSE104__SEX--F,dcid:country/NPL,2019,3879.25732
dcs:who/AIR_15.ENVCAUSE--ENVCAUSE114,dcid:country/NPL,2019,79051.71875
dcs:who/AIR_15.SEX--M,dcid:country/NPL,2019,307454.7813
dcs:who/AIR_15.ENVCAUSE--ENVCAUSE113__SEX--F,dcid:country/NPL,2019,50551.28906
dcs:who/AIR_15.ENVCAUSE--ENVCAUSE113,dcid:country/NPL,2019,138223.8281
dcs:who/AIR_15.ENVCAUSE--ENVCAUSE114,dcid:country/NZL,2019,0.0
dcs:who/AIR_15.ENVCAUSE--ENVCAUSE114__SEX--F,dcid:country/NZL,2019,0.0
dcs:who/AIR_15.ENVCAUSE--ENVCAUSE113__SEX--M,dcid:country/NZL,2019,0.0
dcs:who/AIR_15.ENVCAUSE--ENVCAUSE068__SEX--F,dcid:country/NZL,2019,0.0
dcs:who/AIR_15.ENVCAUSE--ENVCAUSE113__SEX--F,dcid:country/NZL,2019,0.0
dcs:who/AIR_15.ENVCAUSE--ENVCAUSE114__SEX--M,dcid:country/NZL,2019,0.0
dcs:who/AIR_15.ENVCAUSE--ENVCAUSE118__SEX--M,dcid:country/NZL,2019,0.0
dcs:who/AIR_15.ENVCAUSE--ENVCAUSE039,dcid:country/NZL,2019,0.0
dcs:who/AIR_15.SEX--M,dcid:country/NZL,2019,0.0
dcs:who/AIR_15.ENVCAUSE--ENVCAUSE113,dcid:country/NZL,2019,0.0
dcs:who/AIR_15.ENVCAUSE--ENVCAUSE118,dcid:country/NZL,2019,0.0
dcs:who/AIR_15.SEX--F,dcid:country/NZL,2019,0.0
dcs:who/AIR_15,dcid:country/NZL,2019,0.0
dcs:who/AIR_15.ENVCAUSE--ENVCAUSE118__SEX--F,dcid:country/NZL,2019,0.0
dcs:who/AIR_15.ENVCAUSE--ENVCAUSE104__SEX--F,dcid:country/NZL,2019,0.0
dcs:who/AIR_15.ENVCAUSE--ENVCAUSE039__SEX--F,dcid:country/NZL,2019,0.0
dcs:who/AIR_15.ENVCAUSE--ENVCAUSE068__SEX--M,dcid:country/NZL,2019,0.0
dcs:who/AIR_15.ENVCAUSE--ENVCAUSE068,dcid:country/NZL,2019,0.0
dcs:who/AIR_15.ENVCAUSE--ENVCAUSE039__SEX--M,dcid:country/NZL,2019,0.0
dcs:who/AIR_15.ENVCAUSE--ENVCAUSE104,dcid:country/NZL,2019,0.0
dcs:who/AIR_15.ENVCAUSE--ENVCAUSE068__SEX--F,dcid:country/OMN,2019,0.0
dcs:who/AIR_15.ENVCAUSE--ENVCAUSE114__SEX--M,dcid:country/OMN,2019,0.0
dcs:who/AIR_15.ENVCAUSE--ENVCAUSE039__SEX--M,dcid:country/OMN,2019,0.0
dcs:who/AIR_15.ENVCAUSE--ENVCAUSE039__SEX--F,dcid:country/OMN,2019,0.0
dcs:who/AIR_15.ENVCAUSE--ENVCAUSE068,dcid:country/OMN,2019,0.0
dcs:who/AIR_15.ENVCAUSE--ENVCAUSE113__SEX--M,dcid:country/OMN,2019,0.0
dcs:who/AIR_15.ENVCAUSE--ENVCAUSE113__SEX--F,dcid:country/OMN,2019,0.0
dcs:who/AIR_15.ENVCAUSE--ENVCAUSE118,dcid:country/OMN,2019,0.0
dcs:who/AIR_15.ENVCAUSE--ENVCAUSE118__SEX--M,dcid:country/OMN,2019,0.0
dcs:who/AIR_15.ENVCAUSE--ENVCAUSE113,dcid:country/OMN,2019,0.0
dcs:who/AIR_15,dcid:country/OMN,2019,0.0
dcs:who/AIR_15.ENVCAUSE--ENVCAUSE039,dcid:country/OMN,2019,0.0
dcs:who/AIR_15.ENVCAUSE--ENVCAUSE114__SEX--F,dcid:country/OMN,2019,0.0
dcs:who/AIR_15.ENVCAUSE--ENVCAUSE104,dcid:country/OMN,2019,0.0
dcs:who/AIR_15.ENVCAUSE--ENVCAUSE118__SEX--F,dcid:country/OMN,2019,0.0
dcs:who/AIR_15.SEX--M,dcid:country/OMN,2019,0.0
dcs:who/AIR_15.ENVCAUSE--ENVCAUSE104__SEX--F,dcid:country/OMN,2019,0.0
dcs:who/AIR_15.SEX--F,dcid:country/OMN,2019,0.0
dcs:who/AIR_15.ENVCAUSE--ENVCAUSE068__SEX--M,dcid:country/OMN,2019,0.0
dcs:who/AIR_15.ENVCAUSE--ENVCAUSE114,dcid:country/OMN,2019,0.0
dcs:who/AIR_15.ENVCAUSE--ENVCAUSE068__SEX--M,dcid:country/PAK,2019,76973.84375
dcs:who/AIR_15.ENVCAUSE--ENVCAUSE104__SEX--F,dcid:country/PAK,2019,43319.0
dcs:who/AIR_15.ENVCAUSE--ENVCAUSE113__SEX--F,dcid:country/PAK,2019,627638.75
dcs:who/AIR_15.SEX--M,dcid:country/PAK,2019,3017778.75
dcs:who/AIR_15.ENVCAUSE--ENVCAUSE114__SEX--M,dcid:country/PAK,2019,362998.9375
dcs:who/AIR_15.ENVCAUSE--ENVCAUSE118,dcid:country/PAK,2019,741474.1875
dcs:who/AIR_15.ENVCAUSE--ENVCAUSE113__SEX--M,dcid:country/PAK,2019,1007188.688
dcs:who/AIR_15.ENVCAUSE--ENVCAUSE068__SEX--F,dcid:country/PAK,2019,21275.14453
dcs:who/AIR_15.ENVCAUSE--ENVCAUSE114__SEX--F,dcid:country/PAK,2019,442743.2188
dcs:who/AIR_15.ENVCAUSE--ENVCAUSE114,dcid:country/PAK,2019,805742.125
dcs:who/AIR_15.ENVCAUSE--ENVCAUSE039__SEX--F,dcid:country/PAK,2019,767487.3125
dcs:who/AIR_15,dcid:country/PAK,2019,5180280.0
dcs:who/AIR_15.ENVCAUSE--ENVCAUSE113,dcid:country/PAK,2019,1634827.375
dcs:who/AIR_15.ENVCAUSE--ENVCAUSE039__SEX--M,dcid:country/PAK,2019,1089181.125
dcs:who/AIR_15.ENVCAUSE--ENVCAUSE118__SEX--F,dcid:country/PAK,2019,260038.0313
dcs:who/AIR_15.SEX--F,dcid:country/PAK,2019,2162501.5
dcs:who/AIR_15.ENVCAUSE--ENVCAUSE118__SEX--M,dcid:country/PAK,2019,481436.1563
dcs:who/AIR_15.ENVCAUSE--ENVCAUSE039,dcid:country/PAK,2019,1856668.375
dcs:who/AIR_15.ENVCAUSE--ENVCAUSE068,dcid:country/PAK,2019,98248.98438
dcs:who/AIR_15.ENVCAUSE--ENVCAUSE104,dcid:country/PAK,2019,43319.0
dcs:who/AIR_15.ENVCAUSE--ENVCAUSE104__SEX--F,dcid:country/PAN,2019,159.57066
dcs:who/AIR_15.ENVCAUSE--ENVCAUSE068__SEX--M,dcid:country/PAN,2019,406.66919
dcs:who/AIR_15.ENVCAUSE--ENVCAUSE118__SEX--F,dcid:country/PAN,2019,747.44916
dcs:who/AIR_15.ENVCAUSE--ENVCAUSE118,dcid:country/PAN,2019,1477.47424
dcs:who/AIR_15.ENVCAUSE--ENVCAUSE039,dcid:country/PAN,2019,2734.92749
dcs:who/AIR_15.ENVCAUSE--ENVCAUSE039__SEX--M,dcid:country/PAN,2019,1513.9823
dcs:who/AIR_15.ENVCAUSE--ENVCAUSE114,dcid:country/PAN,2019,2278.13843
dcs:who/AIR_15.ENVCAUSE--ENVCAUSE118__SEX--M,dcid:country/PAN,2019,730.02509
dcs:who/AIR_15.ENVCAUSE--ENVCAUSE068,dcid:country/PAN,2019,710.10529
dcs:who/AIR_15.ENVCAUSE--ENVCAUSE114__SEX--M,dcid:country/PAN,2019,1201.953
dcs:who/AIR_15.ENVCAUSE--ENVCAUSE039__SEX--F,dcid:country/PAN,2019,1220.94519
dcs:who/AIR_15.ENVCAUSE--ENVCAUSE113__SEX--M,dcid:country/PAN,2019,2078.9231
dcs:who/AIR_15,dcid:country/PAN,2019,10797.19434
dcs:who/AIR_15.ENVCAUSE--ENVCAUSE113,dcid:country/PAN,2019,3436.97803
dcs:who/AIR_15.ENVCAUSE--ENVCAUSE104,dcid:country/PAN,2019,159.57066
dcs:who/AIR_15.ENVCAUSE--ENVCAUSE114__SEX--F,dcid:country/PAN,2019,1076.18543
dcs:who/AIR_15.SEX--M,dcid:country/PAN,2019,5931.55225
dcs:who/AIR_15.ENVCAUSE--ENVCAUSE113__SEX--F,dcid:country/PAN,2019,1358.05505
dcs:who/AIR_15.ENVCAUSE--ENVCAUSE068__SEX--F,dcid:country/PAN,2019,303.4361
dcs:who/AIR_15.SEX--F,dcid:country/PAN,2019,4865.6416
dcs:who/AIR_15.ENVCAUSE--ENVCAUSE118,dcid:country/PER,2019,7705.09033
dcs:who/AIR_15.ENVCAUSE--ENVCAUSE068__SEX--M,dcid:country/PER,2019,4275.37695
dcs:who/AIR_15.SEX--M,dcid:country/PER,2019,56376.86328
dcs:who/AIR_15.ENVCAUSE--ENVCAUSE114,dcid:country/PER,2019,14835.37598
dcs:who/AIR_15.ENVCAUSE--ENVCAUSE104,dcid:country/PER,2019,1805.40747
dcs:who/AIR_15.ENVCAUSE--ENVCAUSE039__SEX--F,dcid:country/PER,2019,26115.14063
dcs:who/AIR_15.ENVCAUSE--ENVCAUSE068__SEX--F,dcid:country/PER,2019,5400.46973
dcs:who/AIR_15,dcid:country/PER,2019,112146.8906
dcs:who/AIR_15.ENVCAUSE--ENVCAUSE039,dcid:country/PER,2019,53463.13672
dcs:who/AIR_15.SEX--F,dcid:country/PER,2019,55770.02344
dcs:who/AIR_15.ENVCAUSE--ENVCAUSE118__SEX--M,dcid:country/PER,2019,3594.01416
dcs:who/AIR_15.ENVCAUSE--ENVCAUSE118__SEX--F,dcid:country/PER,2019,4111.07568
dcs:who/AIR_15.ENVCAUSE--ENVCAUSE113__SEX--F,dcid:country/PER,2019,10474.96484
dcs:who/AIR_15.ENVCAUSE--ENVCAUSE068,dcid:country/PER,2019,9675.84668
dcs:who/AIR_15.ENVCAUSE--ENVCAUSE104__SEX--F,dcid:country/PER,2019,1805.40747
dcs:who/AIR_15.ENVCAUSE--ENVCAUSE113__SEX--M,dcid:country/PER,2019,14187.06641
dcs:who/AIR_15.ENVCAUSE--ENVCAUSE039__SEX--M,dcid:country/PER,2019,27347.99414
dcs:who/AIR_15.ENVCAUSE--ENVCAUSE114__SEX--F,dcid:country/PER,2019,7862.9624
dcs:who/AIR_15.ENVCAUSE--ENVCAUSE113,dcid:country/PER,2019,24662.03125
dcs:who/AIR_15.ENVCAUSE--ENVCAUSE114__SEX--M,dcid:country/PER,2019,6972.41406
dcs:who/AIR_15.ENVCAUSE--ENVCAUSE114__SEX--F,dcid:country/PHL,2019,181788.6563
dcs:who/AIR_15.ENVCAUSE--ENVCAUSE039__SEX--M,dcid:country/PHL,2019,418945.6563
dcs:who/AIR_15.ENVCAUSE--ENVCAUSE039__SEX--F,dcid:country/PHL,2019,348166.8125
dcs:who/AIR_15.ENVCAUSE--ENVCAUSE114,dcid:country/PHL,2019,407087.625
dcs:who/AIR_15.ENVCAUSE--ENVCAUSE104,dcid:country/PHL,2019,13779.57031
dcs:who/AIR_15.ENVCAUSE--ENVCAUSE039,dcid:country/PHL,2019,767112.4375
dcs:who/AIR_15.ENVCAUSE--ENVCAUSE118__SEX--M,dcid:country/PHL,2019,156384.375
dcs:who/AIR_15.ENVCAUSE--ENVCAUSE118,dcid:country/PHL,2019,236260.8281
dcs:who/AIR_15.SEX--F,dcid:country/PHL,2019,920099.9375
dcs:who/AIR_15.ENVCAUSE--ENVCAUSE113,dcid:country/PHL,2019,679132.8125
dcs:who/AIR_15,dcid:country/PHL,2019,2183585.5
dcs:who/AIR_15.ENVCAUSE--ENVCAUSE068,dcid:country/PHL,2019,80212.28125
dcs:who/AIR_15.ENVCAUSE--ENVCAUSE104__SEX--F,dcid:country/PHL,2019,13779.57031
dcs:who/AIR_15.ENVCAUSE--ENVCAUSE114__SEX--M,dcid:country/PHL,2019,225298.9531
dcs:who/AIR_15.ENVCAUSE--ENVCAUSE113__SEX--M,dcid:country/PHL,2019,411666.125
dcs:who/AIR_15.ENVCAUSE--ENVCAUSE118__SEX--F,dcid:country/PHL,2019,79876.46094
dcs:who/AIR_15.SEX--M,dcid:country/PHL,2019,1263485.625
dcs:who/AIR_15.ENVCAUSE--ENVCAUSE113__SEX--F,dcid:country/PHL,2019,267466.6563
dcs:who/AIR_15.ENVCAUSE--ENVCAUSE068__SEX--F,dcid:country/PHL,2019,29021.77734
dcs:who/AIR_15.ENVCAUSE--ENVCAUSE068__SEX--M,dcid:country/PHL,2019,51190.50391
dcs:who/AIR_15.ENVCAUSE--ENVCAUSE118__SEX--M,dcid:country/PNG,2019,24210.29688
dcs:who/AIR_15.ENVCAUSE--ENVCAUSE113,dcid:country/PNG,2019,72984.0625
dcs:who/AIR_15.ENVCAUSE--ENVCAUSE068__SEX--F,dcid:country/PNG,2019,2802.29736
dcs:who/AIR_15.ENVCAUSE--ENVCAUSE118,dcid:country/PNG,2019,53066.34766
dcs:who/AIR_15.ENVCAUSE--ENVCAUSE104,dcid:country/PNG,2019,1743.07459
dcs:who/AIR_15.ENVCAUSE--ENVCAUSE114__SEX--F,dcid:country/PNG,2019,22070.42969
dcs:who/AIR_15.ENVCAUSE--ENVCAUSE114__SEX--M,dcid:country/PNG,2019,27237.29688
dcs:who/AIR_15.ENVCAUSE--ENVCAUSE113__SEX--F,dcid:country/PNG,2019,24614.2168
dcs:who/AIR_15.ENVCAUSE--ENVCAUSE118__SEX--F,dcid:country/PNG,2019,28856.05078
dcs:who/AIR_15,dcid:country/PNG,2019,251964.4844
dcs:who/AIR_15.ENVCAUSE--ENVCAUSE068,dcid:country/PNG,2019,7225.01465
dcs:who/AIR_15.ENVCAUSE--ENVCAUSE039__SEX--F,dcid:country/PNG,2019,26637.2168
dcs:who/AIR_15.ENVCAUSE--ENVCAUSE104__SEX--F,dcid:country/PNG,2019,1743.07459
dcs:who/AIR_15.ENVCAUSE--ENVCAUSE114,dcid:country/PNG,2019,49307.72656
dcs:who/AIR_15.ENVCAUSE--ENVCAUSE039__SEX--M,dcid:country/PNG,2019,41001.03906
dcs:who/AIR_15.ENVCAUSE--ENVCAUSE039,dcid:country/PNG,2019,67638.25781
dcs:who/AIR_15.SEX--M,dcid:country/PNG,2019,145241.1875
dcs:who/AIR_15.ENVCAUSE--ENVCAUSE113__SEX--M,dcid:country/PNG,2019,48369.84375
dcs:who/AIR_15.ENVCAUSE--ENVCAUSE068__SEX--M,dcid:country/PNG,2019,4422.71729
dcs:who/AIR_15.SEX--F,dcid:country/PNG,2019,106723.2891
dcs:who/AIR_15.ENVCAUSE--ENVCAUSE068__SEX--F,dcid:country/POL,2019,0.0
dcs:who/AIR_15.ENVCAUSE--ENVCAUSE114__SEX--F,dcid:country/POL,2019,0.0
dcs:who/AIR_15.ENVCAUSE--ENVCAUSE113__SEX--F,dcid:country/POL,2019,0.0
dcs:who/AIR_15.ENVCAUSE--ENVCAUSE068,dcid:country/POL,2019,0.0
dcs:who/AIR_15.ENVCAUSE--ENVCAUSE039,dcid:country/POL,2019,0.0
dcs:who/AIR_15.ENVCAUSE--ENVCAUSE104,dcid:country/POL,2019,0.0
dcs:who/AIR_15.SEX--F,dcid:country/POL,2019,0.0
dcs:who/AIR_15.ENVCAUSE--ENVCAUSE113,dcid:country/POL,2019,0.0
dcs:who/AIR_15.ENVCAUSE--ENVCAUSE118__SEX--F,dcid:country/POL,2019,0.0
dcs:who/AIR_15.SEX--M,dcid:country/POL,2019,0.0
dcs:who/AIR_15.ENVCAUSE--ENVCAUSE114,dcid:country/POL,2019,0.0
dcs:who/AIR_15.ENVCAUSE--ENVCAUSE104__SEX--F,dcid:country/POL,2019,0.0
dcs:who/AIR_15.ENVCAUSE--ENVCAUSE118,dcid:country/POL,2019,0.0
dcs:who/AIR_15.ENVCAUSE--ENVCAUSE114__SEX--M,dcid:country/POL,2019,0.0
dcs:who/AIR_15.ENVCAUSE--ENVCAUSE068__SEX--M,dcid:country/POL,2019,0.0
dcs:who/AIR_15.ENVCAUSE--ENVCAUSE118__SEX--M,dcid:country/POL,2019,0.0
dcs:who/AIR_15.ENVCAUSE--ENVCAUSE039__SEX--F,dcid:country/POL,2019,0.0
dcs:who/AIR_15.ENVCAUSE--ENVCAUSE039__SEX--M,dcid:country/POL,2019,0.0
dcs:who/AIR_15.ENVCAUSE--ENVCAUSE113__SEX--M,dcid:country/POL,2019,0.0
dcs:who/AIR_15,dcid:country/POL,2019,0.0
dcs:who/AIR_15.ENVCAUSE--ENVCAUSE113__SEX--F,dcid:country/PRK,2019,114910.8203
dcs:who/AIR_15.ENVCAUSE--ENVCAUSE039__SEX--F,dcid:country/PRK,2019,41633.59375
dcs:who/AIR_15.ENVCAUSE--ENVCAUSE039__SEX--M,dcid:country/PRK,2019,43331.33984
dcs:who/AIR_15.SEX--F,dcid:country/PRK,2019,571879.1875
dcs:who/AIR_15.ENVCAUSE--ENVCAUSE068,dcid:country/PRK,2019,139778.4844
dcs:who/AIR_15.ENVCAUSE--ENVCAUSE118__SEX--F,dcid:country/PRK,2019,148285.25
dcs:who/AIR_15.ENVCAUSE--ENVCAUSE113__SEX--M,dcid:country/PRK,2019,138155.4219
dcs:who/AIR_15.SEX--M,dcid:country/PRK,2019,580011.25
dcs:who/AIR_15.ENVCAUSE--ENVCAUSE114,dcid:country/PRK,2019,393419.2188
dcs:who/AIR_15.ENVCAUSE--ENVCAUSE118__SEX--M,dcid:country/PRK,2019,130936.7656
dcs:who/AIR_15.ENVCAUSE--ENVCAUSE114__SEX--M,dcid:country/PRK,2019,190729.5781
dcs:who/AIR_15.ENVCAUSE--ENVCAUSE068__SEX--M,dcid:country/PRK,2019,76858.11719
dcs:who/AIR_15.ENVCAUSE--ENVCAUSE104__SEX--F,dcid:country/PRK,2019,1439.52026
dcs:who/AIR_15,dcid:country/PRK,2019,1151890.375
dcs:who/AIR_15.ENVCAUSE--ENVCAUSE068__SEX--F,dcid:country/PRK,2019,62920.36719
dcs:who/AIR_15.ENVCAUSE--ENVCAUSE114__SEX--F,dcid:country/PRK,2019,202689.6406
dcs:who/AIR_15.ENVCAUSE--ENVCAUSE039,dcid:country/PRK,2019,84964.92969
dcs:who/AIR_15.ENVCAUSE--ENVCAUSE104,dcid:country/PRK,2019,1439.52026
dcs:who/AIR_15.ENVCAUSE--ENVCAUSE118,dcid:country/PRK,2019,279222.0313
dcs:who/AIR_15.ENVCAUSE--ENVCAUSE113,dcid:country/PRK,2019,253066.25
dcs:who/AIR_15.ENVCAUSE--ENVCAUSE104__SEX--F,dcid:country/PRT,2019,0.0
dcs:who/AIR_15.ENVCAUSE--ENVCAUSE114,dcid:country/PRT,2019,0.0
dcs:who/AIR_15.SEX--M,dcid:country/PRT,2019,0.0
dcs:who/AIR_15.SEX--F,dcid:country/PRT,2019,0.0
dcs:who/AIR_15,dcid:country/PRT,2019,0.0
dcs:who/AIR_15.ENVCAUSE--ENVCAUSE039__SEX--M,dcid:country/PRT,2019,0.0
dcs:who/AIR_15.ENVCAUSE--ENVCAUSE118,dcid:country/PRT,2019,0.0
dcs:who/AIR_15.ENVCAUSE--ENVCAUSE118__SEX--M,dcid:country/PRT,2019,0.0
dcs:who/AIR_15.ENVCAUSE--ENVCAUSE039__SEX--F,dcid:country/PRT,2019,0.0
dcs:who/AIR_15.ENVCAUSE--ENVCAUSE068__SEX--M,dcid:country/PRT,2019,0.0
dcs:who/AIR_15.ENVCAUSE--ENVCAUSE118__SEX--F,dcid:country/PRT,2019,0.0
dcs:who/AIR_15.ENVCAUSE--ENVCAUSE113__SEX--M,dcid:country/PRT,2019,0.0
dcs:who/AIR_15.ENVCAUSE--ENVCAUSE039,dcid:country/PRT,2019,0.0
dcs:who/AIR_15.ENVCAUSE--ENVCAUSE114__SEX--F,dcid:country/PRT,2019,0.0
dcs:who/AIR_15.ENVCAUSE--ENVCAUSE113__SEX--F,dcid:country/PRT,2019,0.0
dcs:who/AIR_15.ENVCAUSE--ENVCAUSE068,dcid:country/PRT,2019,0.0
dcs:who/AIR_15.ENVCAUSE--ENVCAUSE068__SEX--F,dcid:country/PRT,2019,0.0
dcs:who/AIR_15.ENVCAUSE--ENVCAUSE113,dcid:country/PRT,2019,0.0
dcs:who/AIR_15.ENVCAUSE--ENVCAUSE114__SEX--M,dcid:country/PRT,2019,0.0
dcs:who/AIR_15.ENVCAUSE--ENVCAUSE104,dcid:country/PRT,2019,0.0
dcs:who/AIR_15.ENVCAUSE--ENVCAUSE114,dcid:country/PRY,2019,9434.07422
dcs:who/AIR_15.ENVCAUSE--ENVCAUSE039,dcid:country/PRY,2019,13382.22266
dcs:who/AIR_15.ENVCAUSE--ENVCAUSE068,dcid:country/PRY,2019,3768.72241
dcs:who/AIR_15.SEX--M,dcid:country/PRY,2019,28836.90039
dcs:who/AIR_15.ENVCAUSE--ENVCAUSE104__SEX--F,dcid:country/PRY,2019,354.13904
dcs:who/AIR_15.SEX--F,dcid:country/PRY,2019,18606.79102
dcs:who/AIR_15.ENVCAUSE--ENVCAUSE068__SEX--F,dcid:country/PRY,2019,848.69305
dcs:who/AIR_15.ENVCAUSE--ENVCAUSE039__SEX--M,dcid:country/PRY,2019,7576.30176
dcs:who/AIR_15.ENVCAUSE--ENVCAUSE113__SEX--M,dcid:country/PRY,2019,9851.84668
dcs:who/AIR_15.ENVCAUSE--ENVCAUSE114__SEX--F,dcid:country/PRY,2019,4461.40723
dcs:who/AIR_15.ENVCAUSE--ENVCAUSE118__SEX--F,dcid:country/PRY,2019,1605.79236
dcs:who/AIR_15.ENVCAUSE--ENVCAUSE104,dcid:country/PRY,2019,354.13904
dcs:who/AIR_15.ENVCAUSE--ENVCAUSE113,dcid:country/PRY,2019,15382.68555
dcs:who/AIR_15.ENVCAUSE--ENVCAUSE068__SEX--M,dcid:country/PRY,2019,2920.0293
dcs:who/AIR_15.ENVCAUSE--ENVCAUSE039__SEX--F,dcid:country/PRY,2019,5805.9209
dcs:who/AIR_15.ENVCAUSE--ENVCAUSE113__SEX--F,dcid:country/PRY,2019,5530.83936
dcs:who/AIR_15,dcid:country/PRY,2019,47443.69141
dcs:who/AIR_15.ENVCAUSE--ENVCAUSE114__SEX--M,dcid:country/PRY,2019,4972.66748
dcs:who/AIR_15.ENVCAUSE--ENVCAUSE118__SEX--M,dcid:country/PRY,2019,3516.05469
dcs:who/AIR_15.ENVCAUSE--ENVCAUSE118,dcid:country/PRY,2019,5121.84668
dcs:who/AIR_15.SEX--F,dcid:country/QAT,2019,0.0
dcs:who/AIR_15.ENVCAUSE--ENVCAUSE068__SEX--F,dcid:country/QAT,2019,0.0
dcs:who/AIR_15.ENVCAUSE--ENVCAUSE039__SEX--F,dcid:country/QAT,2019,0.0
dcs:who/AIR_15.ENVCAUSE--ENVCAUSE104__SEX--F,dcid:country/QAT,2019,0.0
dcs:who/AIR_15.ENVCAUSE--ENVCAUSE113__SEX--F,dcid:country/QAT,2019,0.0
dcs:who/AIR_15.SEX--M,dcid:country/QAT,2019,0.0
dcs:who/AIR_15.ENVCAUSE--ENVCAUSE068__SEX--M,dcid:country/QAT,2019,0.0
dcs:who/AIR_15.ENVCAUSE--ENVCAUSE114__SEX--F,dcid:country/QAT,2019,0.0
dcs:who/AIR_15.ENVCAUSE--ENVCAUSE114__SEX--M,dcid:country/QAT,2019,0.0
dcs:who/AIR_15.ENVCAUSE--ENVCAUSE118__SEX--M,dcid:country/QAT,2019,0.0
dcs:who/AIR_15.ENVCAUSE--ENVCAUSE118__SEX--F,dcid:country/QAT,2019,0.0
dcs:who/AIR_15.ENVCAUSE--ENVCAUSE113__SEX--M,dcid:country/QAT,2019,0.0
dcs:who/AIR_15.ENVCAUSE--ENVCAUSE039__SEX--M,dcid:country/QAT,2019,0.0
dcs:who/AIR_15.ENVCAUSE--ENVCAUSE118,dcid:country/QAT,2019,0.0
dcs:who/AIR_15.ENVCAUSE--ENVCAUSE104,dcid:country/QAT,2019,0.0
dcs:who/AIR_15,dcid:country/QAT,2019,0.0
dcs:who/AIR_15.ENVCAUSE--ENVCAUSE068,dcid:country/QAT,2019,0.0
dcs:who/AIR_15.ENVCAUSE--ENVCAUSE113,dcid:country/QAT,2019,0.0
dcs:who/AIR_15.ENVCAUSE--ENVCAUSE039,dcid:country/QAT,2019,0.0
dcs:who/AIR_15.ENVCAUSE--ENVCAUSE114,dcid:country/QAT,2019,0.0
dcs:who/AIR_15.ENVCAUSE--ENVCAUSE118,dcid:country/ROU,2019,16740.39063
dcs:who/AIR_15.ENVCAUSE--ENVCAUSE039,dcid:country/ROU,2019,27606.77148
dcs:who/AIR_15.SEX--F,dcid:country/ROU,2019,88789.05469
dcs:who/AIR_15.ENVCAUSE--ENVCAUSE104,dcid:country/ROU,2019,372.03488
dcs:who/AIR_15.ENVCAUSE--ENVCAUSE113__SEX--F,dcid:country/ROU,2019,37777.76563
dcs:who/AIR_15.ENVCAUSE--ENVCAUSE118__SEX--M,dcid:country/ROU,2019,10786.99023
dcs:who/AIR_15,dcid:country/ROU,2019,201510.9375
dcs:who/AIR_15.ENVCAUSE--ENVCAUSE114__SEX--F,dcid:country/ROU,2019,27754.34961
dcs:who/AIR_15.ENVCAUSE--ENVCAUSE113,dcid:country/ROU,2019,83176.53125
dcs:who/AIR_15.ENVCAUSE--ENVCAUSE039__SEX--F,dcid:country/ROU,2019,10704.88965
dcs:who/AIR_15.ENVCAUSE--ENVCAUSE039__SEX--M,dcid:country/ROU,2019,16901.88086
dcs:who/AIR_15.ENVCAUSE--ENVCAUSE068,dcid:country/ROU,2019,22598.55469
dcs:who/AIR_15.ENVCAUSE--ENVCAUSE113__SEX--M,dcid:country/ROU,2019,45398.76953
dcs:who/AIR_15.ENVCAUSE--ENVCAUSE114,dcid:country/ROU,2019,51016.64844
dcs:who/AIR_15.SEX--M,dcid:country/ROU,2019,112721.8828
dcs:who/AIR_15.ENVCAUSE--ENVCAUSE068__SEX--M,dcid:country/ROU,2019,16371.94531
dcs:who/AIR_15.ENVCAUSE--ENVCAUSE114__SEX--M,dcid:country/ROU,2019,23262.29883
dcs:who/AIR_15.ENVCAUSE--ENVCAUSE068__SEX--F,dcid:country/ROU,2019,6226.61084
dcs:who/AIR_15.ENVCAUSE--ENVCAUSE118__SEX--F,dcid:country/ROU,2019,5953.40039
dcs:who/AIR_15.ENVCAUSE--ENVCAUSE104__SEX--F,dcid:country/ROU,2019,372.03488
dcs:who/AIR_15.ENVCAUSE--ENVCAUSE068__SEX--M,dcid:country/RUS,2019,108150.7969
dcs:who/AIR_15.ENVCAUSE--ENVCAUSE039__SEX--F,dcid:country/RUS,2019,41026.70703
dcs:who/AIR_15.ENVCAUSE--ENVCAUSE104,dcid:country/RUS,2019,4306.73877
dcs:who/AIR_15.SEX--F,dcid:country/RUS,2019,739828.5
dcs:who/AIR_15.ENVCAUSE--ENVCAUSE114,dcid:country/RUS,2019,427234.875
dcs:who/AIR_15.ENVCAUSE--ENVCAUSE113,dcid:country/RUS,2019,848700.1875
dcs:who/AIR_15.ENVCAUSE--ENVCAUSE068__SEX--F,dcid:country/RUS,2019,27497.4082
dcs:who/AIR_15.ENVCAUSE--ENVCAUSE104__SEX--F,dcid:country/RUS,2019,4306.73877
dcs:who/AIR_15.ENVCAUSE--ENVCAUSE118,dcid:country/RUS,2019,97774.60938
dcs:who/AIR_15.ENVCAUSE--ENVCAUSE114__SEX--F,dcid:country/RUS,2019,240870.875
dcs:who/AIR_15.ENVCAUSE--ENVCAUSE113__SEX--F,dcid:country/RUS,2019,388958.9375
dcs:who/AIR_15.ENVCAUSE--ENVCAUSE039__SEX--M,dcid:country/RUS,2019,96396.64063
dcs:who/AIR_15.SEX--M,dcid:country/RUS,2019,911259.5
dcs:who/AIR_15.ENVCAUSE--ENVCAUSE039,dcid:country/RUS,2019,137423.3438
dcs:who/AIR_15.ENVCAUSE--ENVCAUSE114__SEX--M,dcid:country/RUS,2019,186364.0156
dcs:who/AIR_15.ENVCAUSE--ENVCAUSE118__SEX--F,dcid:country/RUS,2019,37167.82422
dcs:who/AIR_15.ENVCAUSE--ENVCAUSE118__SEX--M,dcid:country/RUS,2019,60606.78906
dcs:who/AIR_15,dcid:country/RUS,2019,1651088.0
dcs:who/AIR_15.ENVCAUSE--ENVCAUSE068,dcid:country/RUS,2019,135648.2031
dcs:who/AIR_15.ENVCAUSE--ENVCAUSE113__SEX--M,dcid:country/RUS,2019,459741.2188
dcs:who/AIR_15.ENVCAUSE--ENVCAUSE118__SEX--M,dcid:country/RWA,2019,13697.94336
dcs:who/AIR_15.ENVCAUSE--ENVCAUSE068__SEX--F,dcid:country/RWA,2019,2415.52441
dcs:who/AIR_15.ENVCAUSE--ENVCAUSE068__SEX--M,dcid:country/RWA,2019,1252.06873
dcs:who/AIR_15.ENVCAUSE--ENVCAUSE113,dcid:country/RWA,2019,34354.37891
dcs:who/AIR_15.SEX--M,dcid:country/RWA,2019,127523.7813
dcs:who/AIR_15.ENVCAUSE--ENVCAUSE118__SEX--F,dcid:country/RWA,2019,11558.45508
dcs:who/AIR_15.ENVCAUSE--ENVCAUSE114,dcid:country/RWA,2019,46719.61328
dcs:who/AIR_15.SEX--F,dcid:country/RWA,2019,110330.8984
dcs:who/AIR_15.ENVCAUSE--ENVCAUSE114__SEX--F,dcid:country/RWA,2019,23775.10547
dcs:who/AIR_15.ENVCAUSE--ENVCAUSE104,dcid:country/RWA,2019,478.55502
dcs:who/AIR_15.ENVCAUSE--ENVCAUSE104__SEX--F,dcid:country/RWA,2019,478.55502
dcs:who/AIR_15.ENVCAUSE--ENVCAUSE118,dcid:country/RWA,2019,25256.39844
dcs:who/AIR_15.ENVCAUSE--ENVCAUSE068,dcid:country/RWA,2019,3667.59326
dcs:who/AIR_15.ENVCAUSE--ENVCAUSE039,dcid:country/RWA,2019,127378.1406
dcs:who/AIR_15.ENVCAUSE--ENVCAUSE113__SEX--M,dcid:country/RWA,2019,19700.79102
dcs:who/AIR_15.ENVCAUSE--ENVCAUSE039__SEX--M,dcid:country/RWA,2019,69928.46875
dcs:who/AIR_15.ENVCAUSE--ENVCAUSE039__SEX--F,dcid:country/RWA,2019,57449.67188
dcs:who/AIR_15.ENVCAUSE--ENVCAUSE113__SEX--F,dcid:country/RWA,2019,14653.58691
dcs:who/AIR_15.ENVCAUSE--ENVCAUSE114__SEX--M,dcid:country/RWA,2019,22944.50977
dcs:who/AIR_15,dcid:country/RWA,2019,237854.6719
dcs:who/AIR_15.SEX--F,dcid:country/SAU,2019,0.0
dcs:who/AIR_15.SEX--M,dcid:country/SAU,2019,0.0
dcs:who/AIR_15.ENVCAUSE--ENVCAUSE039__SEX--M,dcid:country/SAU,2019,0.0
dcs:who/AIR_15.ENVCAUSE--ENVCAUSE113__SEX--M,dcid:country/SAU,2019,0.0
dcs:who/AIR_15.ENVCAUSE--ENVCAUSE114,dcid:country/SAU,2019,0.0
dcs:who/AIR_15.ENVCAUSE--ENVCAUSE114__SEX--F,dcid:country/SAU,2019,0.0
dcs:who/AIR_15.ENVCAUSE--ENVCAUSE114__SEX--M,dcid:country/SAU,2019,0.0
dcs:who/AIR_15.ENVCAUSE--ENVCAUSE104__SEX--F,dcid:country/SAU,2019,0.0
dcs:who/AIR_15.ENVCAUSE--ENVCAUSE118,dcid:country/SAU,2019,0.0
dcs:who/AIR_15.ENVCAUSE--ENVCAUSE104,dcid:country/SAU,2019,0.0
dcs:who/AIR_15.ENVCAUSE--ENVCAUSE068__SEX--M,dcid:country/SAU,2019,0.0
dcs:who/AIR_15.ENVCAUSE--ENVCAUSE039__SEX--F,dcid:country/SAU,2019,0.0
dcs:who/AIR_15.ENVCAUSE--ENVCAUSE068__SEX--F,dcid:country/SAU,2019,0.0
dcs:who/AIR_15,dcid:country/SAU,2019,0.0
dcs:who/AIR_15.ENVCAUSE--ENVCAUSE039,dcid:country/SAU,2019,0.0
dcs:who/AIR_15.ENVCAUSE--ENVCAUSE068,dcid:country/SAU,2019,0.0
dcs:who/AIR_15.ENVCAUSE--ENVCAUSE113__SEX--F,dcid:country/SAU,2019,0.0
dcs:who/AIR_15.ENVCAUSE--ENVCAUSE113,dcid:country/SAU,2019,0.0
dcs:who/AIR_15.ENVCAUSE--ENVCAUSE118__SEX--M,dcid:country/SAU,2019,0.0
dcs:who/AIR_15.ENVCAUSE--ENVCAUSE118__SEX--F,dcid:country/SAU,2019,0.0
dcs:who/AIR_15.ENVCAUSE--ENVCAUSE114,dcid:country/SDN,2019,101232.1016
dcs:who/AIR_15.ENVCAUSE--ENVCAUSE113,dcid:country/SDN,2019,237188.7969
dcs:who/AIR_15.ENVCAUSE--ENVCAUSE068__SEX--F,dcid:country/SDN,2019,2603.63379
dcs:who/AIR_15.SEX--F,dcid:country/SDN,2019,292029.5938
dcs:who/AIR_15.ENVCAUSE--ENVCAUSE104__SEX--F,dcid:country/SDN,2019,2292.65137
dcs:who/AIR_15.ENVCAUSE--ENVCAUSE113__SEX--F,dcid:country/SDN,2019,108295.1641
dcs:who/AIR_15.ENVCAUSE--ENVCAUSE039__SEX--F,dcid:country/SDN,2019,101981.7656
dcs:who/AIR_15.ENVCAUSE--ENVCAUSE068__SEX--M,dcid:country/SDN,2019,2987.00269
dcs:who/AIR_15.ENVCAUSE--ENVCAUSE114__SEX--F,dcid:country/SDN,2019,59419.92969
dcs:who/AIR_15.ENVCAUSE--ENVCAUSE039,dcid:country/SDN,2019,231259.8125
dcs:who/AIR_15.ENVCAUSE--ENVCAUSE113__SEX--M,dcid:country/SDN,2019,128893.6328
dcs:who/AIR_15.ENVCAUSE--ENVCAUSE039__SEX--M,dcid:country/SDN,2019,129278.0469
dcs:who/AIR_15.ENVCAUSE--ENVCAUSE068,dcid:country/SDN,2019,5590.63672
dcs:who/AIR_15.ENVCAUSE--ENVCAUSE118__SEX--M,dcid:country/SDN,2019,22460.51758
dcs:who/AIR_15.ENVCAUSE--ENVCAUSE104,dcid:country/SDN,2019,2292.65137
dcs:who/AIR_15,dcid:country/SDN,2019,617461.0
dcs:who/AIR_15.SEX--M,dcid:country/SDN,2019,325431.375
dcs:who/AIR_15.ENVCAUSE--ENVCAUSE114__SEX--M,dcid:country/SDN,2019,41812.17578
dcs:who/AIR_15.ENVCAUSE--ENVCAUSE118__SEX--F,dcid:country/SDN,2019,17436.45508
dcs:who/AIR_15.ENVCAUSE--ENVCAUSE118,dcid:country/SDN,2019,39896.97266
dcs:who/AIR_15.SEX--F,dcid:country/SEN,2019,140653.375
dcs:who/AIR_15.ENVCAUSE--ENVCAUSE039__SEX--M,dcid:country/SEN,2019,89012.57813
dcs:who/AIR_15.ENVCAUSE--ENVCAUSE118,dcid:country/SEN,2019,20818.46094
dcs:who/AIR_15.ENVCAUSE--ENVCAUSE039__SEX--F,dcid:country/SEN,2019,76639.625
dcs:who/AIR_15.ENVCAUSE--ENVCAUSE068,dcid:country/SEN,2019,2613.85083
dcs:who/AIR_15.ENVCAUSE--ENVCAUSE114__SEX--M,dcid:country/SEN,2019,17606.46289
dcs:who/AIR_15,dcid:country/SEN,2019,281228.8438
dcs:who/AIR_15.ENVCAUSE--ENVCAUSE039,dcid:country/SEN,2019,165652.2031
dcs:who/AIR_15.ENVCAUSE--ENVCAUSE118__SEX--M,dcid:country/SEN,2019,10247.15625
dcs:who/AIR_15.ENVCAUSE--ENVCAUSE068__SEX--F,dcid:country/SEN,2019,922.95313
dcs:who/AIR_15.ENVCAUSE--ENVCAUSE113__SEX--M,dcid:country/SEN,2019,22018.36719
dcs:who/AIR_15.ENVCAUSE--ENVCAUSE113,dcid:country/SEN,2019,48537.96875
dcs:who/AIR_15.ENVCAUSE--ENVCAUSE118__SEX--F,dcid:country/SEN,2019,10571.30566
dcs:who/AIR_15.ENVCAUSE--ENVCAUSE114__SEX--F,dcid:country/SEN,2019,24337.05273
dcs:who/AIR_15.ENVCAUSE--ENVCAUSE104,dcid:country/SEN,2019,1662.83252
dcs:who/AIR_15.ENVCAUSE--ENVCAUSE113__SEX--F,dcid:country/SEN,2019,26519.60156
dcs:who/AIR_15.ENVCAUSE--ENVCAUSE114,dcid:country/SEN,2019,41943.51563
dcs:who/AIR_15.SEX--M,dcid:country/SEN,2019,140575.4688
dcs:who/AIR_15.ENVCAUSE--ENVCAUSE068__SEX--M,dcid:country/SEN,2019,1690.89771
dcs:who/AIR_15.ENVCAUSE--ENVCAUSE104__SEX--F,dcid:country/SEN,2019,1662.83252
dcs:who/AIR_15.ENVCAUSE--ENVCAUSE118,dcid:country/SGP,2019,0.0
dcs:who/AIR_15,dcid:country/SGP,2019,0.0
dcs:who/AIR_15.ENVCAUSE--ENVCAUSE068__SEX--M,dcid:country/SGP,2019,0.0
dcs:who/AIR_15.ENVCAUSE--ENVCAUSE068,dcid:country/SGP,2019,0.0
dcs:who/AIR_15.ENVCAUSE--ENVCAUSE114,dcid:country/SGP,2019,0.0
dcs:who/AIR_15.ENVCAUSE--ENVCAUSE113__SEX--M,dcid:country/SGP,2019,0.0
dcs:who/AIR_15.ENVCAUSE--ENVCAUSE039,dcid:country/SGP,2019,0.0
dcs:who/AIR_15.ENVCAUSE--ENVCAUSE114__SEX--M,dcid:country/SGP,2019,0.0
dcs:who/AIR_15.ENVCAUSE--ENVCAUSE118__SEX--M,dcid:country/SGP,2019,0.0
dcs:who/AIR_15.ENVCAUSE--ENVCAUSE113,dcid:country/SGP,2019,0.0
dcs:who/AIR_15.ENVCAUSE--ENVCAUSE068__SEX--F,dcid:country/SGP,2019,0.0
dcs:who/AIR_15.SEX--M,dcid:country/SGP,2019,0.0
dcs:who/AIR_15.ENVCAUSE--ENVCAUSE114__SEX--F,dcid:country/SGP,2019,0.0
dcs:who/AIR_15.ENVCAUSE--ENVCAUSE113__SEX--F,dcid:country/SGP,2019,0.0
dcs:who/AIR_15.ENVCAUSE--ENVCAUSE118__SEX--F,dcid:country/SGP,2019,0.0
dcs:who/AIR_15.ENVCAUSE--ENVCAUSE104__SEX--F,dcid:country/SGP,2019,0.0
dcs:who/AIR_15.ENVCAUSE--ENVCAUSE104,dcid:country/SGP,2019,0.0
dcs:who/AIR_15.SEX--F,dcid:country/SGP,2019,0.0
dcs:who/AIR_15.ENVCAUSE--ENVCAUSE039__SEX--F,dcid:country/SGP,2019,0.0
dcs:who/AIR_15.ENVCAUSE--ENVCAUSE039__SEX--M,dcid:country/SGP,2019,0.0
dcs:who/AIR_15.SEX--M,dcid:country/SLB,2019,15127.17285
dcs:who/AIR_15.ENVCAUSE--ENVCAUSE068__SEX--M,dcid:country/SLB,2019,280.46857
dcs:who/AIR_15.ENVCAUSE--ENVCAUSE114__SEX--M,dcid:country/SLB,2019,2856.16773
dcs:who/AIR_15,dcid:country/SLB,2019,25119.45898
dcs:who/AIR_15.ENVCAUSE--ENVCAUSE118__SEX--M,dcid:country/SLB,2019,1326.89331
dcs:who/AIR_15.ENVCAUSE--ENVCAUSE068,dcid:country/SLB,2019,409.32391
dcs:who/AIR_15.ENVCAUSE--ENVCAUSE039__SEX--F,dcid:country/SLB,2019,2876.80566
dcs:who/AIR_15.SEX--F,dcid:country/SLB,2019,9992.28711
dcs:who/AIR_15.ENVCAUSE--ENVCAUSE118__SEX--F,dcid:country/SLB,2019,853.50171
dcs:who/AIR_15.ENVCAUSE--ENVCAUSE104__SEX--F,dcid:country/SLB,2019,85.89809
dcs:who/AIR_15.ENVCAUSE--ENVCAUSE068__SEX--F,dcid:country/SLB,2019,128.85535
dcs:who/AIR_15.ENVCAUSE--ENVCAUSE113__SEX--M,dcid:country/SLB,2019,6443.27881
dcs:who/AIR_15.ENVCAUSE--ENVCAUSE113__SEX--F,dcid:country/SLB,2019,3334.88306
dcs:who/AIR_15.ENVCAUSE--ENVCAUSE113,dcid:country/SLB,2019,9778.16211
dcs:who/AIR_15.ENVCAUSE--ENVCAUSE039,dcid:country/SLB,2019,7097.16992
dcs:who/AIR_15.ENVCAUSE--ENVCAUSE118,dcid:country/SLB,2019,2180.39502
dcs:who/AIR_15.ENVCAUSE--ENVCAUSE039__SEX--M,dcid:country/SLB,2019,4220.36426
dcs:who/AIR_15.ENVCAUSE--ENVCAUSE114__SEX--F,dcid:country/SLB,2019,2712.34375
dcs:who/AIR_15.ENVCAUSE--ENVCAUSE114,dcid:country/SLB,2019,5568.51123
dcs:who/AIR_15.ENVCAUSE--ENVCAUSE104,dcid:country/SLB,2019,85.89809
dcs:who/AIR_15.ENVCAUSE--ENVCAUSE104__SEX--F,dcid:country/SLE,2019,619.60706
dcs:who/AIR_15.ENVCAUSE--ENVCAUSE104,dcid:country/SLE,2019,619.60706
dcs:who/AIR_15.ENVCAUSE--ENVCAUSE118__SEX--M,dcid:country/SLE,2019,6787.21338
dcs:who/AIR_15.ENVCAUSE--ENVCAUSE118,dcid:country/SLE,2019,14318.85547
dcs:who/AIR_15.ENVCAUSE--ENVCAUSE114,dcid:country/SLE,2019,37252.05859
dcs:who/AIR_15.ENVCAUSE--ENVCAUSE068__SEX--F,dcid:country/SLE,2019,522.41199
dcs:who/AIR_15.ENVCAUSE--ENVCAUSE113__SEX--F,dcid:country/SLE,2019,22721.10742
dcs:who/AIR_15.ENVCAUSE--ENVCAUSE118__SEX--F,dcid:country/SLE,2019,7531.64258
dcs:who/AIR_15.ENVCAUSE--ENVCAUSE039,dcid:country/SLE,2019,242597.2969
dcs:who/AIR_15,dcid:country/SLE,2019,337350.5313
dcs:who/AIR_15.ENVCAUSE--ENVCAUSE114__SEX--F,dcid:country/SLE,2019,22105.11133
dcs:who/AIR_15.ENVCAUSE--ENVCAUSE068,dcid:country/SLE,2019,1479.88147
dcs:who/AIR_15.ENVCAUSE--ENVCAUSE113,dcid:country/SLE,2019,41082.84375
dcs:who/AIR_15.ENVCAUSE--ENVCAUSE114__SEX--M,dcid:country/SLE,2019,15146.94629
dcs:who/AIR_15.ENVCAUSE--ENVCAUSE068__SEX--M,dcid:country/SLE,2019,957.46948
dcs:who/AIR_15.SEX--F,dcid:country/SLE,2019,165010.3906
dcs:who/AIR_15.ENVCAUSE--ENVCAUSE039__SEX--F,dcid:country/SLE,2019,111510.5156
dcs:who/AIR_15.ENVCAUSE--ENVCAUSE113__SEX--M,dcid:country/SLE,2019,18361.73828
dcs:who/AIR_15.SEX--M,dcid:country/SLE,2019,172340.1563
dcs:who/AIR_15.ENVCAUSE--ENVCAUSE039__SEX--M,dcid:country/SLE,2019,131086.7813
dcs:who/AIR_15.SEX--M,dcid:country/SLV,2019,7866.11523
dcs:who/AIR_15.ENVCAUSE--ENVCAUSE114__SEX--F,dcid:country/SLV,2019,863.83008
dcs:who/AIR_15.ENVCAUSE--ENVCAUSE118__SEX--F,dcid:country/SLV,2019,1129.45947
dcs:who/AIR_15.ENVCAUSE--ENVCAUSE068__SEX--F,dcid:country/SLV,2019,295.39572
dcs:who/AIR_15.ENVCAUSE--ENVCAUSE104__SEX--F,dcid:country/SLV,2019,112.94489
dcs:who/AIR_15.SEX--F,dcid:country/SLV,2019,7441.13672
dcs:who/AIR_15.ENVCAUSE--ENVCAUSE039,dcid:country/SLV,2019,5319.4458
dcs:who/AIR_15.ENVCAUSE--ENVCAUSE068__SEX--M,dcid:country/SLV,2019,253.74077
dcs:who/AIR_15.ENVCAUSE--ENVCAUSE114,dcid:country/SLV,2019,1555.7561
dcs:who/AIR_15.ENVCAUSE--ENVCAUSE039__SEX--M,dcid:country/SLV,2019,2946.31958
dcs:who/AIR_15.ENVCAUSE--ENVCAUSE118,dcid:country/SLV,2019,2019.92261
dcs:who/AIR_15.ENVCAUSE--ENVCAUSE068,dcid:country/SLV,2019,549.13647
dcs:who/AIR_15.ENVCAUSE--ENVCAUSE114__SEX--M,dcid:country/SLV,2019,691.92609
dcs:who/AIR_15,dcid:country/SLV,2019,15307.25195
dcs:who/AIR_15.ENVCAUSE--ENVCAUSE113__SEX--M,dcid:country/SLV,2019,3083.66577
dcs:who/AIR_15.ENVCAUSE--ENVCAUSE104,dcid:country/SLV,2019,112.94489
dcs:who/AIR_15.ENVCAUSE--ENVCAUSE039__SEX--F,dcid:country/SLV,2019,2373.12598
dcs:who/AIR_15.ENVCAUSE--ENVCAUSE113,dcid:country/SLV,2019,5750.04639
dcs:who/AIR_15.ENVCAUSE--ENVCAUSE113__SEX--F,dcid:country/SLV,2019,2666.38062
dcs:who/AIR_15.ENVCAUSE--ENVCAUSE118__SEX--M,dcid:country/SLV,2019,890.46313
dcs:who/AIR_15.SEX--M,dcid:country/SOM,2019,454138.875
dcs:who/AIR_15.ENVCAUSE--ENVCAUSE113__SEX--M,dcid:country/SOM,2019,48718.76953
dcs:who/AIR_15.ENVCAUSE--ENVCAUSE114__SEX--M,dcid:country/SOM,2019,44503.01563
dcs:who/AIR_15.ENVCAUSE--ENVCAUSE039__SEX--M,dcid:country/SOM,2019,337901.3438
dcs:who/AIR_15.ENVCAUSE--ENVCAUSE068__SEX--M,dcid:country/SOM,2019,1750.15869
dcs:who/AIR_15.ENVCAUSE--ENVCAUSE039__SEX--F,dcid:country/SOM,2019,262369.4375
dcs:who/AIR_15.ENVCAUSE--ENVCAUSE114,dcid:country/SOM,2019,77128.21875
dcs:who/AIR_15.ENVCAUSE--ENVCAUSE113__SEX--F,dcid:country/SOM,2019,23439.01953
dcs:who/AIR_15.ENVCAUSE--ENVCAUSE118__SEX--F,dcid:country/SOM,2019,11563.30957
dcs:who/AIR_15.ENVCAUSE--ENVCAUSE104__SEX--F,dcid:country/SOM,2019,1272.44006
dcs:who/AIR_15.ENVCAUSE--ENVCAUSE068,dcid:country/SOM,2019,3599.8252
dcs:who/AIR_15.SEX--F,dcid:country/SOM,2019,333119.0938
dcs:who/AIR_15.ENVCAUSE--ENVCAUSE104,dcid:country/SOM,2019,1272.44006
dcs:who/AIR_15.ENVCAUSE--ENVCAUSE114__SEX--F,dcid:country/SOM,2019,32625.20703
dcs:who/AIR_15.ENVCAUSE--ENVCAUSE068__SEX--F,dcid:country/SOM,2019,1849.66638
dcs:who/AIR_15.ENVCAUSE--ENVCAUSE039,dcid:country/SOM,2019,600270.8125
dcs:who/AIR_15.ENVCAUSE--ENVCAUSE118,dcid:country/SOM,2019,32828.90234
dcs:who/AIR_15.ENVCAUSE--ENVCAUSE113,dcid:country/SOM,2019,72157.78906
dcs:who/AIR_15.ENVCAUSE--ENVCAUSE118__SEX--M,dcid:country/SOM,2019,21265.5918
dcs:who/AIR_15,dcid:country/SOM,2019,787258.0
dcs:who/AIR_15.ENVCAUSE--ENVCAUSE113__SEX--M,dcid:country/SRB,2019,24328.15625
dcs:who/AIR_15.SEX--M,dcid:country/SRB,2019,63341.44531
dcs:who/AIR_15.ENVCAUSE--ENVCAUSE039__SEX--M,dcid:country/SRB,2019,3929.16211
dcs:who/AIR_15.ENVCAUSE--ENVCAUSE068__SEX--F,dcid:country/SRB,2019,7673.27295
dcs:who/AIR_15.ENVCAUSE--ENVCAUSE118__SEX--M,dcid:country/SRB,2019,7688.31592
dcs:who/AIR_15.ENVCAUSE--ENVCAUSE114__SEX--F,dcid:country/SRB,2019,15706.83594
dcs:who/AIR_15.SEX--F,dcid:country/SRB,2019,51089.87891
dcs:who/AIR_15.ENVCAUSE--ENVCAUSE114__SEX--M,dcid:country/SRB,2019,12516.05957
dcs:who/AIR_15.ENVCAUSE--ENVCAUSE039__SEX--F,dcid:country/SRB,2019,2848.31836
dcs:who/AIR_15.ENVCAUSE--ENVCAUSE068__SEX--M,dcid:country/SRB,2019,14879.75
dcs:who/AIR_15,dcid:country/SRB,2019,114431.3203
dcs:who/AIR_15.ENVCAUSE--ENVCAUSE104__SEX--F,dcid:country/SRB,2019,226.46884
dcs:who/AIR_15.ENVCAUSE--ENVCAUSE068,dcid:country/SRB,2019,22553.02344
dcs:who/AIR_15.ENVCAUSE--ENVCAUSE118__SEX--F,dcid:country/SRB,2019,6131.63721
dcs:who/AIR_15.ENVCAUSE--ENVCAUSE113__SEX--F,dcid:country/SRB,2019,18503.3457
dcs:who/AIR_15.ENVCAUSE--ENVCAUSE104,dcid:country/SRB,2019,226.46884
dcs:who/AIR_15.ENVCAUSE--ENVCAUSE114,dcid:country/SRB,2019,28222.89648
dcs:who/AIR_15.ENVCAUSE--ENVCAUSE039,dcid:country/SRB,2019,6777.48047
dcs:who/AIR_15.ENVCAUSE--ENVCAUSE113,dcid:country/SRB,2019,42831.50391
dcs:who/AIR_15.ENVCAUSE--ENVCAUSE118,dcid:country/SRB,2019,13819.95313
dcs:who/AIR_15.ENVCAUSE--ENVCAUSE114,dcid:country/SSD,2019,31621.30859
dcs:who/AIR_15.ENVCAUSE--ENVCAUSE104__SEX--F,dcid:country/SSD,2019,3375.14868
dcs:who/AIR_15.ENVCAUSE--ENVCAUSE113__SEX--M,dcid:country/SSD,2019,15504.1123
dcs:who/AIR_15.ENVCAUSE--ENVCAUSE039__SEX--F,dcid:country/SSD,2019,118827.8594
dcs:who/AIR_15.ENVCAUSE--ENVCAUSE114__SEX--M,dcid:country/SSD,2019,15225.29785
dcs:who/AIR_15.ENVCAUSE--ENVCAUSE118,dcid:country/SSD,2019,14523.04785
dcs:who/AIR_15.ENVCAUSE--ENVCAUSE114__SEX--F,dcid:country/SSD,2019,16396.00977
dcs:who/AIR_15,dcid:country/SSD,2019,345227.7813
dcs:who/AIR_15.ENVCAUSE--ENVCAUSE068__SEX--F,dcid:country/SSD,2019,1138.19336
dcs:who/AIR_15.ENVCAUSE--ENVCAUSE068__SEX--M,dcid:country/SSD,2019,1382.93762
dcs:who/AIR_15.ENVCAUSE--ENVCAUSE039,dcid:country/SSD,2019,266686.5313
dcs:who/AIR_15.ENVCAUSE--ENVCAUSE039__SEX--M,dcid:country/SSD,2019,147858.6563
dcs:who/AIR_15.SEX--M,dcid:country/SSD,2019,188663.1406
dcs:who/AIR_15.SEX--F,dcid:country/SSD,2019,156564.6406
dcs:who/AIR_15.ENVCAUSE--ENVCAUSE113__SEX--F,dcid:country/SSD,2019,10996.52344
dcs:who/AIR_15.ENVCAUSE--ENVCAUSE104,dcid:country/SSD,2019,3375.14868
dcs:who/AIR_15.ENVCAUSE--ENVCAUSE118__SEX--F,dcid:country/SSD,2019,5830.91065
dcs:who/AIR_15.ENVCAUSE--ENVCAUSE068,dcid:country/SSD,2019,2521.13086
dcs:who/AIR_15.ENVCAUSE--ENVCAUSE113,dcid:country/SSD,2019,26500.63672
dcs:who/AIR_15.ENVCAUSE--ENVCAUSE118__SEX--M,dcid:country/SSD,2019,8692.1377
dcs:who/AIR_15.SEX--M,dcid:country/STP,2019,2532.10986
dcs:who/AIR_15.ENVCAUSE--ENVCAUSE068__SEX--F,dcid:country/STP,2019,99.92767
dcs:who/AIR_15.ENVCAUSE--ENVCAUSE039__SEX--M,dcid:country/STP,2019,1311.34375
dcs:who/AIR_15.ENVCAUSE--ENVCAUSE104,dcid:country/STP,2019,31.97487
dcs:who/AIR_15.ENVCAUSE--ENVCAUSE068__SEX--M,dcid:country/STP,2019,145.97191
dcs:who/AIR_15.ENVCAUSE--ENVCAUSE039,dcid:country/STP,2019,2477.47681
dcs:who/AIR_15,dcid:country/STP,2019,5183.85449
dcs:who/AIR_15.ENVCAUSE--ENVCAUSE039__SEX--F,dcid:country/STP,2019,1166.13318
dcs:who/AIR_15.ENVCAUSE--ENVCAUSE114,dcid:country/STP,2019,858.28259
dcs:who/AIR_15.ENVCAUSE--ENVCAUSE113,dcid:country/STP,2019,922.53479
dcs:who/AIR_15.ENVCAUSE--ENVCAUSE114__SEX--M,dcid:country/STP,2019,326.26517
dcs:who/AIR_15.ENVCAUSE--ENVCAUSE113__SEX--F,dcid:country/STP,2019,506.19595
dcs:who/AIR_15.ENVCAUSE--ENVCAUSE118,dcid:country/STP,2019,647.68555
dcs:who/AIR_15.ENVCAUSE--ENVCAUSE104__SEX--F,dcid:country/STP,2019,31.97487
dcs:who/AIR_15.ENVCAUSE--ENVCAUSE114__SEX--F,dcid:country/STP,2019,532.01746
dcs:who/AIR_15.ENVCAUSE--ENVCAUSE118__SEX--F,dcid:country/STP,2019,315.49536
dcs:who/AIR_15.ENVCAUSE--ENVCAUSE118__SEX--M,dcid:country/STP,2019,332.19016
dcs:who/AIR_15.ENVCAUSE--ENVCAUSE113__SEX--M,dcid:country/STP,2019,416.33884
dcs:who/AIR_15.SEX--F,dcid:country/STP,2019,2651.74439
dcs:who/AIR_15.ENVCAUSE--ENVCAUSE068,dcid:country/STP,2019,245.89958
dcs:who/AIR_15.ENVCAUSE--ENVCAUSE068__SEX--M,dcid:country/SUR,2019,96.70242
dcs:who/AIR_15.SEX--F,dcid:country/SUR,2019,707.88623
dcs:who/AIR_15.ENVCAUSE--ENVCAUSE114__SEX--F,dcid:country/SUR,2019,230.91812
dcs:who/AIR_15.SEX--M,dcid:country/SUR,2019,930.76099
dcs:who/AIR_15.ENVCAUSE--ENVCAUSE114__SEX--M,dcid:country/SUR,2019,241.74985
dcs:who/AIR_15.ENVCAUSE--ENVCAUSE118__SEX--F,dcid:country/SUR,2019,60.92209
dcs:who/AIR_15.ENVCAUSE--ENVCAUSE104,dcid:country/SUR,2019,8.21666
dcs:who/AIR_15.ENVCAUSE--ENVCAUSE114,dcid:country/SUR,2019,472.66797
dcs:who/AIR_15.ENVCAUSE--ENVCAUSE113__SEX--M,dcid:country/SUR,2019,356.62256
dcs:who/AIR_15,dcid:country/SUR,2019,1638.64722
dcs:who/AIR_15.ENVCAUSE--ENVCAUSE104__SEX--F,dcid:country/SUR,2019,8.21666
dcs:who/AIR_15.ENVCAUSE--ENVCAUSE113,dcid:country/SUR,2019,581.60516
dcs:who/AIR_15.ENVCAUSE--ENVCAUSE118__SEX--M,dcid:country/SUR,2019,67.70258
dcs:who/AIR_15.ENVCAUSE--ENVCAUSE039__SEX--F,dcid:country/SUR,2019,128.68904
dcs:who/AIR_15.ENVCAUSE--ENVCAUSE068,dcid:country/SUR,2019,150.86012
dcs:who/AIR_15.ENVCAUSE--ENVCAUSE118,dcid:country/SUR,2019,128.62466
dcs:who/AIR_15.ENVCAUSE--ENVCAUSE039__SEX--M,dcid:country/SUR,2019,167.98357
dcs:who/AIR_15.ENVCAUSE--ENVCAUSE068__SEX--F,dcid:country/SUR,2019,54.1577
dcs:who/AIR_15.ENVCAUSE--ENVCAUSE113__SEX--F,dcid:country/SUR,2019,224.98262
dcs:who/AIR_15.ENVCAUSE--ENVCAUSE039,dcid:country/SUR,2019,296.67261
dcs:who/AIR_15.ENVCAUSE--ENVCAUSE118__SEX--F,dcid:country/SVK,2019,0.0
dcs:who/AIR_15.ENVCAUSE--ENVCAUSE118,dcid:country/SVK,2019,0.0
dcs:who/AIR_15.ENVCAUSE--ENVCAUSE114,dcid:country/SVK,2019,0.0
dcs:who/AIR_15.ENVCAUSE--ENVCAUSE113,dcid:country/SVK,2019,0.0
dcs:who/AIR_15.ENVCAUSE--ENVCAUSE068__SEX--M,dcid:country/SVK,2019,0.0
dcs:who/AIR_15.ENVCAUSE--ENVCAUSE104__SEX--F,dcid:country/SVK,2019,0.0
dcs:who/AIR_15.ENVCAUSE--ENVCAUSE113__SEX--M,dcid:country/SVK,2019,0.0
dcs:who/AIR_15.ENVCAUSE--ENVCAUSE114__SEX--F,dcid:country/SVK,2019,0.0
dcs:who/AIR_15.ENVCAUSE--ENVCAUSE039__SEX--F,dcid:country/SVK,2019,0.0
dcs:who/AIR_15.ENVCAUSE--ENVCAUSE104,dcid:country/SVK,2019,0.0
dcs:who/AIR_15,dcid:country/SVK,2019,0.0
dcs:who/AIR_15.ENVCAUSE--ENVCAUSE039,dcid:country/SVK,2019,0.0
dcs:who/AIR_15.ENVCAUSE--ENVCAUSE113__SEX--F,dcid:country/SVK,2019,0.0
dcs:who/AIR_15.SEX--F,dcid:country/SVK,2019,0.0
dcs:who/AIR_15.SEX--M,dcid:country/SVK,2019,0.0
dcs:who/AIR_15.ENVCAUSE--ENVCAUSE118__SEX--M,dcid:country/SVK,2019,0.0
dcs:who/AIR_15.ENVCAUSE--ENVCAUSE068__SEX--F,dcid:country/SVK,2019,0.0
dcs:who/AIR_15.ENVCAUSE--ENVCAUSE068,dcid:country/SVK,2019,0.0
dcs:who/AIR_15.ENVCAUSE--ENVCAUSE114__SEX--M,dcid:country/SVK,2019,0.0
dcs:who/AIR_15.ENVCAUSE--ENVCAUSE039__SEX--M,dcid:country/SVK,2019,0.0
dcs:who/AIR_15.SEX--F,dcid:country/SVN,2019,0.0
dcs:who/AIR_15.ENVCAUSE--ENVCAUSE068__SEX--M,dcid:country/SVN,2019,0.0
dcs:who/AIR_15.ENVCAUSE--ENVCAUSE068__SEX--F,dcid:country/SVN,2019,0.0
dcs:who/AIR_15.ENVCAUSE--ENVCAUSE039,dcid:country/SVN,2019,0.0
dcs:who/AIR_15.ENVCAUSE--ENVCAUSE104,dcid:country/SVN,2019,0.0
dcs:who/AIR_15.SEX--M,dcid:country/SVN,2019,0.0
dcs:who/AIR_15.ENVCAUSE--ENVCAUSE113,dcid:country/SVN,2019,0.0
dcs:who/AIR_15.ENVCAUSE--ENVCAUSE039__SEX--M,dcid:country/SVN,2019,0.0
dcs:who/AIR_15,dcid:country/SVN,2019,0.0
dcs:who/AIR_15.ENVCAUSE--ENVCAUSE104__SEX--F,dcid:country/SVN,2019,0.0
dcs:who/AIR_15.ENVCAUSE--ENVCAUSE118__SEX--F,dcid:country/SVN,2019,0.0
dcs:who/AIR_15.ENVCAUSE--ENVCAUSE114__SEX--F,dcid:country/SVN,2019,0.0
dcs:who/AIR_15.ENVCAUSE--ENVCAUSE039__SEX--F,dcid:country/SVN,2019,0.0
dcs:who/AIR_15.ENVCAUSE--ENVCAUSE114__SEX--M,dcid:country/SVN,2019,0.0
dcs:who/AIR_15.ENVCAUSE--ENVCAUSE113__SEX--F,dcid:country/SVN,2019,0.0
dcs:who/AIR_15.ENVCAUSE--ENVCAUSE114,dcid:country/SVN,2019,0.0
dcs:who/AIR_15.ENVCAUSE--ENVCAUSE118,dcid:country/SVN,2019,0.0
dcs:who/AIR_15.ENVCAUSE--ENVCAUSE118__SEX--M,dcid:country/SVN,2019,0.0
dcs:who/AIR_15.ENVCAUSE--ENVCAUSE068,dcid:country/SVN,2019,0.0
dcs:who/AIR_15.ENVCAUSE--ENVCAUSE113__SEX--M,dcid:country/SVN,2019,0.0
dcs:who/AIR_15.SEX--M,dcid:country/SWE,2019,0.0
dcs:who/AIR_15.ENVCAUSE--ENVCAUSE068__SEX--M,dcid:country/SWE,2019,0.0
dcs:who/AIR_15.ENVCAUSE--ENVCAUSE114__SEX--M,dcid:country/SWE,2019,0.0
dcs:who/AIR_15.ENVCAUSE--ENVCAUSE104,dcid:country/SWE,2019,0.0
dcs:who/AIR_15.ENVCAUSE--ENVCAUSE104__SEX--F,dcid:country/SWE,2019,0.0
dcs:who/AIR_15.ENVCAUSE--ENVCAUSE039__SEX--M,dcid:country/SWE,2019,0.0
dcs:who/AIR_15,dcid:country/SWE,2019,0.0
dcs:who/AIR_15.ENVCAUSE--ENVCAUSE113__SEX--M,dcid:country/SWE,2019,0.0
dcs:who/AIR_15.ENVCAUSE--ENVCAUSE118,dcid:country/SWE,2019,0.0
dcs:who/AIR_15.ENVCAUSE--ENVCAUSE068__SEX--F,dcid:country/SWE,2019,0.0
dcs:who/AIR_15.ENVCAUSE--ENVCAUSE114__SEX--F,dcid:country/SWE,2019,0.0
dcs:who/AIR_15.ENVCAUSE--ENVCAUSE068,dcid:country/SWE,2019,0.0
dcs:who/AIR_15.SEX--F,dcid:country/SWE,2019,0.0
dcs:who/AIR_15.ENVCAUSE--ENVCAUSE114,dcid:country/SWE,2019,0.0
dcs:who/AIR_15.ENVCAUSE--ENVCAUSE118__SEX--F,dcid:country/SWE,2019,0.0
dcs:who/AIR_15.ENVCAUSE--ENVCAUSE113,dcid:country/SWE,2019,0.0
dcs:who/AIR_15.ENVCAUSE--ENVCAUSE113__SEX--F,dcid:country/SWE,2019,0.0
dcs:who/AIR_15.ENVCAUSE--ENVCAUSE039,dcid:country/SWE,2019,0.0
dcs:who/AIR_15.ENVCAUSE--ENVCAUSE118__SEX--M,dcid:country/SWE,2019,0.0
dcs:who/AIR_15.ENVCAUSE--ENVCAUSE039__SEX--F,dcid:country/SWE,2019,0.0
dcs:who/AIR_15.ENVCAUSE--ENVCAUSE113__SEX--M,dcid:country/SWZ,2019,3192.43848
dcs:who/AIR_15.ENVCAUSE--ENVCAUSE068,dcid:country/SWZ,2019,165.03305
dcs:who/AIR_15.ENVCAUSE--ENVCAUSE039__SEX--M,dcid:country/SWZ,2019,10346.56348
dcs:who/AIR_15.ENVCAUSE--ENVCAUSE039,dcid:country/SWZ,2019,16028.10645
dcs:who/AIR_15.ENVCAUSE--ENVCAUSE114,dcid:country/SWZ,2019,4178.25391
dcs:who/AIR_15.ENVCAUSE--ENVCAUSE068__SEX--F,dcid:country/SWZ,2019,85.20496
dcs:who/AIR_15.ENVCAUSE--ENVCAUSE114__SEX--M,dcid:country/SWZ,2019,2392.10669
dcs:who/AIR_15.ENVCAUSE--ENVCAUSE068__SEX--M,dcid:country/SWZ,2019,79.82809
dcs:who/AIR_15.ENVCAUSE--ENVCAUSE104__SEX--F,dcid:country/SWZ,2019,98.88741
dcs:who/AIR_15.ENVCAUSE--ENVCAUSE114__SEX--F,dcid:country/SWZ,2019,1786.14746
dcs:who/AIR_15,dcid:country/SWZ,2019,27839.61328
dcs:who/AIR_15.ENVCAUSE--ENVCAUSE118,dcid:country/SWZ,2019,2684.27588
dcs:who/AIR_15.ENVCAUSE--ENVCAUSE039__SEX--F,dcid:country/SWZ,2019,5681.54297
dcs:who/AIR_15.ENVCAUSE--ENVCAUSE113__SEX--F,dcid:country/SWZ,2019,1492.61743
dcs:who/AIR_15.SEX--F,dcid:country/SWZ,2019,10026.50195
dcs:who/AIR_15.SEX--M,dcid:country/SWZ,2019,17813.11133
dcs:who/AIR_15.ENVCAUSE--ENVCAUSE118__SEX--M,dcid:country/SWZ,2019,1802.17456
dcs:who/AIR_15.ENVCAUSE--ENVCAUSE118__SEX--F,dcid:country/SWZ,2019,882.10132
dcs:who/AIR_15.ENVCAUSE--ENVCAUSE104,dcid:country/SWZ,2019,98.88741
dcs:who/AIR_15.ENVCAUSE--ENVCAUSE113,dcid:country/SWZ,2019,4685.05615
dcs:who/AIR_15.ENVCAUSE--ENVCAUSE068__SEX--M,dcid:country/SYC,2019,0.0
dcs:who/AIR_15.ENVCAUSE--ENVCAUSE114__SEX--F,dcid:country/SYC,2019,0.0
dcs:who/AIR_15.ENVCAUSE--ENVCAUSE118__SEX--F,dcid:country/SYC,2019,0.0
dcs:who/AIR_15.ENVCAUSE--ENVCAUSE039__SEX--M,dcid:country/SYC,2019,0.0
dcs:who/AIR_15.ENVCAUSE--ENVCAUSE039__SEX--F,dcid:country/SYC,2019,0.0
dcs:who/AIR_15.ENVCAUSE--ENVCAUSE114__SEX--M,dcid:country/SYC,2019,0.0
dcs:who/AIR_15.ENVCAUSE--ENVCAUSE118__SEX--M,dcid:country/SYC,2019,0.0
dcs:who/AIR_15.ENVCAUSE--ENVCAUSE068__SEX--F,dcid:country/SYC,2019,0.0
dcs:who/AIR_15,dcid:country/SYC,2019,0.0
dcs:who/AIR_15.ENVCAUSE--ENVCAUSE068,dcid:country/SYC,2019,0.0
dcs:who/AIR_15.SEX--F,dcid:country/SYC,2019,0.0
dcs:who/AIR_15.ENVCAUSE--ENVCAUSE104,dcid:country/SYC,2019,0.0
dcs:who/AIR_15.ENVCAUSE--ENVCAUSE113__SEX--M,dcid:country/SYC,2019,0.0
dcs:who/AIR_15.ENVCAUSE--ENVCAUSE113,dcid:country/SYC,2019,0.0
dcs:who/AIR_15.ENVCAUSE--ENVCAUSE039,dcid:country/SYC,2019,0.0
dcs:who/AIR_15.SEX--M,dcid:country/SYC,2019,0.0
dcs:who/AIR_15.ENVCAUSE--ENVCAUSE118,dcid:country/SYC,2019,0.0
dcs:who/AIR_15.ENVCAUSE--ENVCAUSE113__SEX--F,dcid:country/SYC,2019,0.0
dcs:who/AIR_15.ENVCAUSE--ENVCAUSE114,dcid:country/SYC,2019,0.0
dcs:who/AIR_15.ENVCAUSE--ENVCAUSE104__SEX--F,dcid:country/SYC,2019,0.0
dcs:who/AIR_15.SEX--M,dcid:country/SYR,2019,21070.0918
dcs:who/AIR_15.ENVCAUSE--ENVCAUSE113__SEX--F,dcid:country/SYR,2019,8715.07715
dcs:who/AIR_15.ENVCAUSE--ENVCAUSE118__SEX--F,dcid:country/SYR,2019,1332.66504
dcs:who/AIR_15.ENVCAUSE--ENVCAUSE068,dcid:country/SYR,2019,2728.88892
dcs:who/AIR_15.ENVCAUSE--ENVCAUSE104,dcid:country/SYR,2019,210.44156
dcs:who/AIR_15.ENVCAUSE--ENVCAUSE114,dcid:country/SYR,2019,5211.37061
dcs:who/AIR_15.ENVCAUSE--ENVCAUSE068__SEX--F,dcid:country/SYR,2019,891.54919
dcs:who/AIR_15.ENVCAUSE--ENVCAUSE104__SEX--F,dcid:country/SYR,2019,210.44156
dcs:who/AIR_15.ENVCAUSE--ENVCAUSE113,dcid:country/SYR,2019,19910.89648
dcs:who/AIR_15.ENVCAUSE--ENVCAUSE039__SEX--M,dcid:country/SYR,2019,4162.74902
dcs:who/AIR_15.ENVCAUSE--ENVCAUSE068__SEX--M,dcid:country/SYR,2019,1837.3396
dcs:who/AIR_15.ENVCAUSE--ENVCAUSE039,dcid:country/SYR,2019,7701.6084
dcs:who/AIR_15.ENVCAUSE--ENVCAUSE118,dcid:country/SYR,2019,2715.59082
dcs:who/AIR_15.ENVCAUSE--ENVCAUSE039__SEX--F,dcid:country/SYR,2019,3538.85938
dcs:who/AIR_15.ENVCAUSE--ENVCAUSE118__SEX--M,dcid:country/SYR,2019,1382.92578
dcs:who/AIR_15.ENVCAUSE--ENVCAUSE114__SEX--F,dcid:country/SYR,2019,2720.11328
dcs:who/AIR_15.ENVCAUSE--ENVCAUSE113__SEX--M,dcid:country/SYR,2019,11195.82031
dcs:who/AIR_15.ENVCAUSE--ENVCAUSE114__SEX--M,dcid:country/SYR,2019,2491.25732
dcs:who/AIR_15.SEX--F,dcid:country/SYR,2019,17408.70508
dcs:who/AIR_15,dcid:country/SYR,2019,38478.79688
dcs:who/AIR_15.ENVCAUSE--ENVCAUSE068,dcid:country/TCD,2019,1735.28723
dcs:who/AIR_15.ENVCAUSE--ENVCAUSE039,dcid:country/TCD,2019,633098.125
dcs:who/AIR_15,dcid:country/TCD,2019,766285.8125
dcs:who/AIR_15.ENVCAUSE--ENVCAUSE039__SEX--F,dcid:country/TCD,2019,283105.125
dcs:who/AIR_15.ENVCAUSE--ENVCAUSE114,dcid:country/TCD,2019,53892.88281
dcs:who/AIR_15.ENVCAUSE--ENVCAUSE114__SEX--F,dcid:country/TCD,2019,27219.09375
dcs:who/AIR_15.SEX--F,dcid:country/TCD,2019,348056.4688
dcs:who/AIR_15.ENVCAUSE--ENVCAUSE104__SEX--F,dcid:country/TCD,2019,1923.87683
dcs:who/AIR_15.ENVCAUSE--ENVCAUSE118__SEX--F,dcid:country/TCD,2019,10536.2998
dcs:who/AIR_15.ENVCAUSE--ENVCAUSE068__SEX--F,dcid:country/TCD,2019,745.50385
dcs:who/AIR_15.ENVCAUSE--ENVCAUSE068__SEX--M,dcid:country/TCD,2019,989.78345
dcs:who/AIR_15.ENVCAUSE--ENVCAUSE039__SEX--M,dcid:country/TCD,2019,349993.0
dcs:who/AIR_15.ENVCAUSE--ENVCAUSE113__SEX--M,dcid:country/TCD,2019,28253.40625
dcs:who/AIR_15.ENVCAUSE--ENVCAUSE114__SEX--M,dcid:country/TCD,2019,26673.78711
dcs:who/AIR_15.SEX--M,dcid:country/TCD,2019,418229.375
dcs:who/AIR_15.ENVCAUSE--ENVCAUSE113__SEX--F,dcid:country/TCD,2019,24526.58008
dcs:who/AIR_15.ENVCAUSE--ENVCAUSE118__SEX--M,dcid:country/TCD,2019,12319.37793
dcs:who/AIR_15.ENVCAUSE--ENVCAUSE113,dcid:country/TCD,2019,52779.98438
dcs:who/AIR_15.ENVCAUSE--ENVCAUSE118,dcid:country/TCD,2019,22855.67773
dcs:who/AIR_15.ENVCAUSE--ENVCAUSE104,dcid:country/TCD,2019,1923.87683
dcs:who/AIR_15.ENVCAUSE--ENVCAUSE113__SEX--F,dcid:country/TGO,2019,16592.24805
dcs:who/AIR_15.ENVCAUSE--ENVCAUSE118,dcid:country/TGO,2019,14753.56055
dcs:who/AIR_15.SEX--F,dcid:country/TGO,2019,101191.7031
dcs:who/AIR_15.ENVCAUSE--ENVCAUSE118__SEX--M,dcid:country/TGO,2019,8426.27148
dcs:who/AIR_15.SEX--M,dcid:country/TGO,2019,140858.5781
dcs:who/AIR_15.ENVCAUSE--ENVCAUSE039__SEX--M,dcid:country/TGO,2019,87700.88281
dcs:who/AIR_15.ENVCAUSE--ENVCAUSE104__SEX--F,dcid:country/TGO,2019,1094.01709
dcs:who/AIR_15.ENVCAUSE--ENVCAUSE068__SEX--M,dcid:country/TGO,2019,868.38843
dcs:who/AIR_15.ENVCAUSE--ENVCAUSE113,dcid:country/TGO,2019,41549.61328
dcs:who/AIR_15.ENVCAUSE--ENVCAUSE114__SEX--M,dcid:country/TGO,2019,18905.67969
dcs:who/AIR_15.ENVCAUSE--ENVCAUSE118__SEX--F,dcid:country/TGO,2019,6327.28906
dcs:who/AIR_15.ENVCAUSE--ENVCAUSE039,dcid:country/TGO,2019,147921.1563
dcs:who/AIR_15.ENVCAUSE--ENVCAUSE104,dcid:country/TGO,2019,1094.01709
dcs:who/AIR_15.ENVCAUSE--ENVCAUSE039__SEX--F,dcid:country/TGO,2019,60220.26563
dcs:who/AIR_15.ENVCAUSE--ENVCAUSE113__SEX--M,dcid:country/TGO,2019,24957.36328
dcs:who/AIR_15,dcid:country/TGO,2019,242050.2813
dcs:who/AIR_15.ENVCAUSE--ENVCAUSE068,dcid:country/TGO,2019,1245.33337
dcs:who/AIR_15.ENVCAUSE--ENVCAUSE114__SEX--F,dcid:country/TGO,2019,16580.93555
dcs:who/AIR_15.ENVCAUSE--ENVCAUSE068__SEX--F,dcid:country/TGO,2019,376.94501
dcs:who/AIR_15.ENVCAUSE--ENVCAUSE114,dcid:country/TGO,2019,35486.61719
dcs:who/AIR_15.ENVCAUSE--ENVCAUSE068__SEX--M,dcid:country/THA,2019,55299.99219
dcs:who/AIR_15.SEX--M,dcid:country/THA,2019,292154.625
dcs:who/AIR_15.SEX--F,dcid:country/THA,2019,207950.0938
dcs:who/AIR_15.ENVCAUSE--ENVCAUSE068,dcid:country/THA,2019,91517.98438
dcs:who/AIR_15.ENVCAUSE--ENVCAUSE113,dcid:country/THA,2019,103829.5391
dcs:who/AIR_15.ENVCAUSE--ENVCAUSE114,dcid:country/THA,2019,110442.5
dcs:who/AIR_15.ENVCAUSE--ENVCAUSE118__SEX--F,dcid:country/THA,2019,28203.74609
dcs:who/AIR_15.ENVCAUSE--ENVCAUSE068__SEX--F,dcid:country/THA,2019,36217.98828
dcs:who/AIR_15.ENVCAUSE--ENVCAUSE104,dcid:country/THA,2019,6215.81104
dcs:who/AIR_15.ENVCAUSE--ENVCAUSE114__SEX--M,dcid:country/THA,2019,61178.55469
dcs:who/AIR_15.ENVCAUSE--ENVCAUSE113__SEX--M,dcid:country/THA,2019,62110.78125
dcs:who/AIR_15.ENVCAUSE--ENVCAUSE039,dcid:country/THA,2019,109468.9766
dcs:who/AIR_15.ENVCAUSE--ENVCAUSE039__SEX--M,dcid:country/THA,2019,63139.13672
dcs:who/AIR_15.ENVCAUSE--ENVCAUSE114__SEX--F,dcid:country/THA,2019,49263.94922
dcs:who/AIR_15.ENVCAUSE--ENVCAUSE118,dcid:country/THA,2019,78629.90625
dcs:who/AIR_15.ENVCAUSE--ENVCAUSE118__SEX--M,dcid:country/THA,2019,50426.15625
dcs:who/AIR_15.ENVCAUSE--ENVCAUSE113__SEX--F,dcid:country/THA,2019,41718.75781
dcs:who/AIR_15,dcid:country/THA,2019,500104.7188
dcs:who/AIR_15.ENVCAUSE--ENVCAUSE039__SEX--F,dcid:country/THA,2019,46329.83984
dcs:who/AIR_15.ENVCAUSE--ENVCAUSE104__SEX--F,dcid:country/THA,2019,6215.81104
dcs:who/AIR_15.ENVCAUSE--ENVCAUSE039__SEX--F,dcid:country/TJK,2019,14349.70898
dcs:who/AIR_15.ENVCAUSE--ENVCAUSE114,dcid:country/TJK,2019,12165.21875
dcs:who/AIR_15.ENVCAUSE--ENVCAUSE114__SEX--F,dcid:country/TJK,2019,6320.8374
dcs:who/AIR_15.ENVCAUSE--ENVCAUSE113,dcid:country/TJK,2019,29723.12109
dcs:who/AIR_15.ENVCAUSE--ENVCAUSE118__SEX--M,dcid:country/TJK,2019,2012.37585
dcs:who/AIR_15,dcid:country/TJK,2019,80152.6875
dcs:who/AIR_15.ENVCAUSE--ENVCAUSE068,dcid:country/TJK,2019,1163.36902
dcs:who/AIR_15.ENVCAUSE--ENVCAUSE068__SEX--F,dcid:country/TJK,2019,499.04251
dcs:who/AIR_15.ENVCAUSE--ENVCAUSE113__SEX--M,dcid:country/TJK,2019,16240.72559
dcs:who/AIR_15.ENVCAUSE--ENVCAUSE039__SEX--M,dcid:country/TJK,2019,18244.76563
dcs:who/AIR_15.SEX--M,dcid:country/TJK,2019,43006.57422
dcs:who/AIR_15.ENVCAUSE--ENVCAUSE068__SEX--M,dcid:country/TJK,2019,664.32648
dcs:who/AIR_15.ENVCAUSE--ENVCAUSE114__SEX--M,dcid:country/TJK,2019,5844.38135
dcs:who/AIR_15.ENVCAUSE--ENVCAUSE104,dcid:country/TJK,2019,182.48425
dcs:who/AIR_15.ENVCAUSE--ENVCAUSE104__SEX--F,dcid:country/TJK,2019,182.48425
dcs:who/AIR_15.ENVCAUSE--ENVCAUSE039,dcid:country/TJK,2019,32594.47461
dcs:who/AIR_15.ENVCAUSE--ENVCAUSE113__SEX--F,dcid:country/TJK,2019,13482.39551
dcs:who/AIR_15.ENVCAUSE--ENVCAUSE118,dcid:country/TJK,2019,4324.02051
dcs:who/AIR_15.SEX--F,dcid:country/TJK,2019,37146.11328
dcs:who/AIR_15.ENVCAUSE--ENVCAUSE118__SEX--F,dcid:country/TJK,2019,2311.64453
dcs:who/AIR_15.ENVCAUSE--ENVCAUSE039,dcid:country/TKM,2019,527.65308
dcs:who/AIR_15.ENVCAUSE--ENVCAUSE039__SEX--M,dcid:country/TKM,2019,308.23395
dcs:who/AIR_15.ENVCAUSE--ENVCAUSE118,dcid:country/TKM,2019,58.07846
dcs:who/AIR_15.ENVCAUSE--ENVCAUSE113__SEX--F,dcid:country/TKM,2019,390.51828
dcs:who/AIR_15.ENVCAUSE--ENVCAUSE068,dcid:country/TKM,2019,59.46858
dcs:who/AIR_15.ENVCAUSE--ENVCAUSE118__SEX--F,dcid:country/TKM,2019,29.85155
dcs:who/AIR_15.ENVCAUSE--ENVCAUSE068__SEX--M,dcid:country/TKM,2019,41.83344
dcs:who/AIR_15.ENVCAUSE--ENVCAUSE068__SEX--F,dcid:country/TKM,2019,17.63514
dcs:who/AIR_15.ENVCAUSE--ENVCAUSE104,dcid:country/TKM,2019,11.78929
dcs:who/AIR_15.ENVCAUSE--ENVCAUSE104__SEX--F,dcid:country/TKM,2019,11.78929
dcs:who/AIR_15.ENVCAUSE--ENVCAUSE114__SEX--F,dcid:country/TKM,2019,197.84521
dcs:who/AIR_15.ENVCAUSE--ENVCAUSE113__SEX--M,dcid:country/TKM,2019,483.78836
dcs:who/AIR_15,dcid:country/TKM,2019,1937.2644
dcs:who/AIR_15.ENVCAUSE--ENVCAUSE114__SEX--M,dcid:country/TKM,2019,208.12315
dcs:who/AIR_15.SEX--M,dcid:country/TKM,2019,1070.20581
dcs:who/AIR_15.ENVCAUSE--ENVCAUSE113,dcid:country/TKM,2019,874.30664
dcs:who/AIR_15.ENVCAUSE--ENVCAUSE114,dcid:country/TKM,2019,405.96838
dcs:who/AIR_15.ENVCAUSE--ENVCAUSE039__SEX--F,dcid:country/TKM,2019,219.41914
dcs:who/AIR_15.SEX--F,dcid:country/TKM,2019,867.05865
dcs:who/AIR_15.ENVCAUSE--ENVCAUSE118__SEX--M,dcid:country/TKM,2019,28.22691
dcs:who/AIR_15.ENVCAUSE--ENVCAUSE114__SEX--F,dcid:country/TLS,2019,3837.93506
dcs:who/AIR_15.SEX--F,dcid:country/TLS,2019,17065.52344
dcs:who/AIR_15.ENVCAUSE--ENVCAUSE113__SEX--M,dcid:country/TLS,2019,3591.50244
dcs:who/AIR_15.ENVCAUSE--ENVCAUSE114__SEX--M,dcid:country/TLS,2019,3446.8125
dcs:who/AIR_15.ENVCAUSE--ENVCAUSE068__SEX--M,dcid:country/TLS,2019,708.23151
dcs:who/AIR_15.SEX--M,dcid:country/TLS,2019,19709.39648
dcs:who/AIR_15.ENVCAUSE--ENVCAUSE113__SEX--F,dcid:country/TLS,2019,2907.30225
dcs:who/AIR_15.ENVCAUSE--ENVCAUSE118__SEX--M,dcid:country/TLS,2019,1987.18103
dcs:who/AIR_15.ENVCAUSE--ENVCAUSE068__SEX--F,dcid:country/TLS,2019,445.36819
dcs:who/AIR_15.ENVCAUSE--ENVCAUSE039__SEX--M,dcid:country/TLS,2019,9975.66797
dcs:who/AIR_15.ENVCAUSE--ENVCAUSE039__SEX--F,dcid:country/TLS,2019,8299.68457
dcs:who/AIR_15.ENVCAUSE--ENVCAUSE104__SEX--F,dcid:country/TLS,2019,166.71919
dcs:who/AIR_15.ENVCAUSE--ENVCAUSE118__SEX--F,dcid:country/TLS,2019,1408.51416
dcs:who/AIR_15.ENVCAUSE--ENVCAUSE068,dcid:country/TLS,2019,1153.59973
dcs:who/AIR_15.ENVCAUSE--ENVCAUSE114,dcid:country/TLS,2019,7284.74756
dcs:who/AIR_15.ENVCAUSE--ENVCAUSE113,dcid:country/TLS,2019,6498.80469
dcs:who/AIR_15,dcid:country/TLS,2019,36774.91797
dcs:who/AIR_15.ENVCAUSE--ENVCAUSE118,dcid:country/TLS,2019,3395.69507
dcs:who/AIR_15.ENVCAUSE--ENVCAUSE039,dcid:country/TLS,2019,18275.35352
dcs:who/AIR_15.ENVCAUSE--ENVCAUSE104,dcid:country/TLS,2019,166.71919
dcs:who/AIR_15.ENVCAUSE--ENVCAUSE113__SEX--F,dcid:country/TON,2019,59.29565
dcs:who/AIR_15.ENVCAUSE--ENVCAUSE039__SEX--F,dcid:country/TON,2019,81.79648
dcs:who/AIR_15.ENVCAUSE--ENVCAUSE118,dcid:country/TON,2019,74.59432
dcs:who/AIR_15.ENVCAUSE--ENVCAUSE118__SEX--F,dcid:country/TON,2019,25.52773
dcs:who/AIR_15.SEX--F,dcid:country/TON,2019,244.41519
dcs:who/AIR_15.ENVCAUSE--ENVCAUSE104__SEX--F,dcid:country/TON,2019,2.6923
dcs:who/AIR_15,dcid:country/TON,2019,613.10876
dcs:who/AIR_15.ENVCAUSE--ENVCAUSE114__SEX--F,dcid:country/TON,2019,56.36153
dcs:who/AIR_15.ENVCAUSE--ENVCAUSE068__SEX--M,dcid:country/TON,2019,48.49421
dcs:who/AIR_15.SEX--M,dcid:country/TON,2019,368.6936
dcs:who/AIR_15.ENVCAUSE--ENVCAUSE114__SEX--M,dcid:country/TON,2019,46.71416
dcs:who/AIR_15.ENVCAUSE--ENVCAUSE039,dcid:country/TON,2019,165.65044
dcs:who/AIR_15.ENVCAUSE--ENVCAUSE104,dcid:country/TON,2019,2.6923
dcs:who/AIR_15.ENVCAUSE--ENVCAUSE113,dcid:country/TON,2019,199.86032
dcs:who/AIR_15.ENVCAUSE--ENVCAUSE068,dcid:country/TON,2019,67.23572
dcs:who/AIR_15.ENVCAUSE--ENVCAUSE114,dcid:country/TON,2019,103.0757
dcs:who/AIR_15.ENVCAUSE--ENVCAUSE068__SEX--F,dcid:country/TON,2019,18.74151
dcs:who/AIR_15.ENVCAUSE--ENVCAUSE039__SEX--M,dcid:country/TON,2019,83.85396
dcs:who/AIR_15.ENVCAUSE--ENVCAUSE118__SEX--M,dcid:country/TON,2019,49.06659
dcs:who/AIR_15.ENVCAUSE--ENVCAUSE113__SEX--M,dcid:country/TON,2019,140.56467
dcs:who/AIR_15.ENVCAUSE--ENVCAUSE113,dcid:country/TTO,2019,0.0
dcs:who/AIR_15.ENVCAUSE--ENVCAUSE068__SEX--M,dcid:country/TTO,2019,0.0
dcs:who/AIR_15.ENVCAUSE--ENVCAUSE039__SEX--M,dcid:country/TTO,2019,0.0
dcs:who/AIR_15.ENVCAUSE--ENVCAUSE113__SEX--M,dcid:country/TTO,2019,0.0
dcs:who/AIR_15.ENVCAUSE--ENVCAUSE118,dcid:country/TTO,2019,0.0
dcs:who/AIR_15.ENVCAUSE--ENVCAUSE118__SEX--F,dcid:country/TTO,2019,0.0
dcs:who/AIR_15.ENVCAUSE--ENVCAUSE118__SEX--M,dcid:country/TTO,2019,0.0
dcs:who/AIR_15.SEX--F,dcid:country/TTO,2019,0.0
dcs:who/AIR_15.SEX--M,dcid:country/TTO,2019,0.0
dcs:who/AIR_15.ENVCAUSE--ENVCAUSE114,dcid:country/TTO,2019,0.0
dcs:who/AIR_15.ENVCAUSE--ENVCAUSE104__SEX--F,dcid:country/TTO,2019,0.0
dcs:who/AIR_15.ENVCAUSE--ENVCAUSE068__SEX--F,dcid:country/TTO,2019,0.0
dcs:who/AIR_15.ENVCAUSE--ENVCAUSE114__SEX--M,dcid:country/TTO,2019,0.0
dcs:who/AIR_15.ENVCAUSE--ENVCAUSE113__SEX--F,dcid:country/TTO,2019,0.0
dcs:who/AIR_15.ENVCAUSE--ENVCAUSE068,dcid:country/TTO,2019,0.0
dcs:who/AIR_15.ENVCAUSE--ENVCAUSE039,dcid:country/TTO,2019,0.0
dcs:who/AIR_15.ENVCAUSE--ENVCAUSE104,dcid:country/TTO,2019,0.0
dcs:who/AIR_15.ENVCAUSE--ENVCAUSE114__SEX--F,dcid:country/TTO,2019,0.0
dcs:who/AIR_15,dcid:country/TTO,2019,0.0
dcs:who/AIR_15.ENVCAUSE--ENVCAUSE039__SEX--F,dcid:country/TTO,2019,0.0
dcs:who/AIR_15.ENVCAUSE--ENVCAUSE114__SEX--M,dcid:country/TUN,2019,321.73709
dcs:who/AIR_15.ENVCAUSE--ENVCAUSE114,dcid:country/TUN,2019,728.15649
dcs:who/AIR_15.ENVCAUSE--ENVCAUSE118__SEX--F,dcid:country/TUN,2019,175.70451
dcs:who/AIR_15.ENVCAUSE--ENVCAUSE068,dcid:country/TUN,2019,383.37003
dcs:who/AIR_15.SEX--M,dcid:country/TUN,2019,2208.83423
dcs:who/AIR_15.SEX--F,dcid:country/TUN,2019,1684.77734
dcs:who/AIR_15.ENVCAUSE--ENVCAUSE039__SEX--M,dcid:country/TUN,2019,229.98047
dcs:who/AIR_15.ENVCAUSE--ENVCAUSE113__SEX--F,dcid:country/TUN,2019,822.99426
dcs:who/AIR_15.ENVCAUSE--ENVCAUSE114__SEX--F,dcid:country/TUN,2019,406.4194
dcs:who/AIR_15.ENVCAUSE--ENVCAUSE039__SEX--F,dcid:country/TUN,2019,205.19933
dcs:who/AIR_15.ENVCAUSE--ENVCAUSE104__SEX--F,dcid:country/TUN,2019,30.45179
dcs:who/AIR_15.ENVCAUSE--ENVCAUSE113__SEX--M,dcid:country/TUN,2019,1096.03955
dcs:who/AIR_15.ENVCAUSE--ENVCAUSE068__SEX--F,dcid:country/TUN,2019,44.00805
dcs:who/AIR_15.ENVCAUSE--ENVCAUSE068__SEX--M,dcid:country/TUN,2019,339.362
dcs:who/AIR_15,dcid:country/TUN,2019,3893.61157
dcs:who/AIR_15.ENVCAUSE--ENVCAUSE118__SEX--M,dcid:country/TUN,2019,221.7151
dcs:who/AIR_15.ENVCAUSE--ENVCAUSE104,dcid:country/TUN,2019,30.45179
dcs:who/AIR_15.ENVCAUSE--ENVCAUSE118,dcid:country/TUN,2019,397.41962
dcs:who/AIR_15.ENVCAUSE--ENVCAUSE039,dcid:country/TUN,2019,435.17981
dcs:who/AIR_15.ENVCAUSE--ENVCAUSE113,dcid:country/TUN,2019,1919.03381
dcs:who/AIR_15.SEX--M,dcid:country/TUR,2019,82214.96094
dcs:who/AIR_15.ENVCAUSE--ENVCAUSE039__SEX--M,dcid:country/TUR,2019,6817.74609
dcs:who/AIR_15.ENVCAUSE--ENVCAUSE118__SEX--F,dcid:country/TUR,2019,12276.80078
dcs:who/AIR_15.ENVCAUSE--ENVCAUSE039,dcid:country/TUR,2019,13812.84863
dcs:who/AIR_15.ENVCAUSE--ENVCAUSE114__SEX--F,dcid:country/TUR,2019,13293.13281
dcs:who/AIR_15.ENVCAUSE--ENVCAUSE104,dcid:country/TUR,2019,1173.87122
dcs:who/AIR_15.ENVCAUSE--ENVCAUSE118,dcid:country/TUR,2019,26679.52734
dcs:who/AIR_15.ENVCAUSE--ENVCAUSE068__SEX--M,dcid:country/TUR,2019,26468.6543
dcs:who/AIR_15.ENVCAUSE--ENVCAUSE104__SEX--F,dcid:country/TUR,2019,1173.87122
dcs:who/AIR_15.ENVCAUSE--ENVCAUSE114,dcid:country/TUR,2019,22088.67578
dcs:who/AIR_15.ENVCAUSE--ENVCAUSE068,dcid:country/TUR,2019,32318.63672
dcs:who/AIR_15.ENVCAUSE--ENVCAUSE113__SEX--F,dcid:country/TUR,2019,21623.57422
dcs:who/AIR_15.ENVCAUSE--ENVCAUSE118__SEX--M,dcid:country/TUR,2019,14402.72754
dcs:who/AIR_15.ENVCAUSE--ENVCAUSE068__SEX--F,dcid:country/TUR,2019,5849.98145
dcs:who/AIR_15.SEX--F,dcid:country/TUR,2019,61212.46094
dcs:who/AIR_15.ENVCAUSE--ENVCAUSE113__SEX--M,dcid:country/TUR,2019,25730.28906
dcs:who/AIR_15.ENVCAUSE--ENVCAUSE114__SEX--M,dcid:country/TUR,2019,8795.54297
dcs:who/AIR_15.ENVCAUSE--ENVCAUSE113,dcid:country/TUR,2019,47353.86328
dcs:who/AIR_15.ENVCAUSE--ENVCAUSE039__SEX--F,dcid:country/TUR,2019,6995.10254
dcs:who/AIR_15,dcid:country/TUR,2019,143427.4219
dcs:who/AIR_15.ENVCAUSE--ENVCAUSE118__SEX--M,dcid:country/TZA,2019,29018.45898
dcs:who/AIR_15.ENVCAUSE--ENVCAUSE068__SEX--F,dcid:country/TZA,2019,1485.63892
dcs:who/AIR_15.ENVCAUSE--ENVCAUSE113,dcid:country/TZA,2019,124940.1953
dcs:who/AIR_15.ENVCAUSE--ENVCAUSE114__SEX--M,dcid:country/TZA,2019,70013.57813
dcs:who/AIR_15.ENVCAUSE--ENVCAUSE039,dcid:country/TZA,2019,735869.75
dcs:who/AIR_15.SEX--M,dcid:country/TZA,2019,585842.1875
dcs:who/AIR_15.ENVCAUSE--ENVCAUSE114__SEX--F,dcid:country/TZA,2019,85598.00781
dcs:who/AIR_15.ENVCAUSE--ENVCAUSE113__SEX--F,dcid:country/TZA,2019,44831.41016
dcs:who/AIR_15.ENVCAUSE--ENVCAUSE118,dcid:country/TZA,2019,56612.37109
dcs:who/AIR_15.ENVCAUSE--ENVCAUSE068,dcid:country/TZA,2019,3280.04712
dcs:who/AIR_15.ENVCAUSE--ENVCAUSE118__SEX--F,dcid:country/TZA,2019,27593.91406
dcs:who/AIR_15.ENVCAUSE--ENVCAUSE039__SEX--M,dcid:country/TZA,2019,404906.9688
dcs:who/AIR_15.ENVCAUSE--ENVCAUSE104__SEX--F,dcid:country/TZA,2019,6879.80322
dcs:who/AIR_15.ENVCAUSE--ENVCAUSE114,dcid:country/TZA,2019,155611.5938
dcs:who/AIR_15.SEX--F,dcid:country/TZA,2019,497351.5625
dcs:who/AIR_15,dcid:country/TZA,2019,1083193.75
dcs:who/AIR_15.ENVCAUSE--ENVCAUSE068__SEX--M,dcid:country/TZA,2019,1794.40808
dcs:who/AIR_15.ENVCAUSE--ENVCAUSE039__SEX--F,dcid:country/TZA,2019,330962.7813
dcs:who/AIR_15.ENVCAUSE--ENVCAUSE113__SEX--M,dcid:country/TZA,2019,80108.78125
dcs:who/AIR_15.ENVCAUSE--ENVCAUSE104,dcid:country/TZA,2019,6879.80322
dcs:who/AIR_15.ENVCAUSE--ENVCAUSE114__SEX--F,dcid:country/UGA,2019,51810.40234
dcs:who/AIR_15.ENVCAUSE--ENVCAUSE113__SEX--F,dcid:country/UGA,2019,34368.35156
dcs:who/AIR_15.ENVCAUSE--ENVCAUSE039__SEX--F,dcid:country/UGA,2019,239516.25
dcs:who/AIR_15.ENVCAUSE--ENVCAUSE039__SEX--M,dcid:country/UGA,2019,306316.9375
dcs:who/AIR_15.SEX--F,dcid:country/UGA,2019,353338.375
dcs:who/AIR_15.ENVCAUSE--ENVCAUSE118__SEX--M,dcid:country/UGA,2019,30831.24805
dcs:who/AIR_15.ENVCAUSE--ENVCAUSE068__SEX--M,dcid:country/UGA,2019,4008.83081
dcs:who/AIR_15,dcid:country/UGA,2019,806118.9375
dcs:who/AIR_15.ENVCAUSE--ENVCAUSE104__SEX--F,dcid:country/UGA,2019,2487.99146
dcs:who/AIR_15.ENVCAUSE--ENVCAUSE068__SEX--F,dcid:country/UGA,2019,3662.4978
dcs:who/AIR_15.SEX--M,dcid:country/UGA,2019,452780.5313
dcs:who/AIR_15.ENVCAUSE--ENVCAUSE068,dcid:country/UGA,2019,7671.32861
dcs:who/AIR_15.ENVCAUSE--ENVCAUSE114__SEX--M,dcid:country/UGA,2019,56788.04297
dcs:who/AIR_15.ENVCAUSE--ENVCAUSE118__SEX--F,dcid:country/UGA,2019,21492.88672
dcs:who/AIR_15.ENVCAUSE--ENVCAUSE113__SEX--M,dcid:country/UGA,2019,54835.45703
dcs:who/AIR_15.ENVCAUSE--ENVCAUSE114,dcid:country/UGA,2019,108598.4453
dcs:who/AIR_15.ENVCAUSE--ENVCAUSE104,dcid:country/UGA,2019,2487.99146
dcs:who/AIR_15.ENVCAUSE--ENVCAUSE118,dcid:country/UGA,2019,52324.13672
dcs:who/AIR_15.ENVCAUSE--ENVCAUSE113,dcid:country/UGA,2019,89203.8125
dcs:who/AIR_15.ENVCAUSE--ENVCAUSE039,dcid:country/UGA,2019,545833.1875
dcs:who/AIR_15.ENVCAUSE--ENVCAUSE118,dcid:country/UKR,2019,11816.56152
dcs:who/AIR_15.ENVCAUSE--ENVCAUSE104__SEX--F,dcid:country/UKR,2019,725.1203
dcs:who/AIR_15.ENVCAUSE--ENVCAUSE068__SEX--M,dcid:country/UKR,2019,13031.70508
dcs:who/AIR_15.ENVCAUSE--ENVCAUSE118__SEX--M,dcid:country/UKR,2019,7172.27051
dcs:who/AIR_15.ENVCAUSE--ENVCAUSE039__SEX--M,dcid:country/UKR,2019,10224.78613
dcs:who/AIR_15.ENVCAUSE--ENVCAUSE114,dcid:country/UKR,2019,47652.56641
dcs:who/AIR_15.SEX--F,dcid:country/UKR,2019,120261.9219
dcs:who/AIR_15.ENVCAUSE--ENVCAUSE113,dcid:country/UKR,2019,166738.9844
dcs:who/AIR_15.ENVCAUSE--ENVCAUSE118__SEX--F,dcid:country/UKR,2019,4644.29053
dcs:who/AIR_15.SEX--M,dcid:country/UKR,2019,136970.4063
dcs:who/AIR_15.ENVCAUSE--ENVCAUSE113__SEX--F,dcid:country/UKR,2019,81860.35938
dcs:who/AIR_15.ENVCAUSE--ENVCAUSE039,dcid:country/UKR,2019,13910.60938
dcs:who/AIR_15.ENVCAUSE--ENVCAUSE114__SEX--M,dcid:country/UKR,2019,21663.02148
dcs:who/AIR_15.ENVCAUSE--ENVCAUSE104,dcid:country/UKR,2019,725.1203
dcs:who/AIR_15.ENVCAUSE--ENVCAUSE068__SEX--F,dcid:country/UKR,2019,3356.7876
dcs:who/AIR_15,dcid:country/UKR,2019,257232.3281
dcs:who/AIR_15.ENVCAUSE--ENVCAUSE114__SEX--F,dcid:country/UKR,2019,25989.54492
dcs:who/AIR_15.ENVCAUSE--ENVCAUSE039__SEX--F,dcid:country/UKR,2019,3685.82349
dcs:who/AIR_15.ENVCAUSE--ENVCAUSE068,dcid:country/UKR,2019,16388.49219
dcs:who/AIR_15.ENVCAUSE--ENVCAUSE113__SEX--M,dcid:country/UKR,2019,84878.625
dcs:who/AIR_15.ENVCAUSE--ENVCAUSE039,dcid:country/URY,2019,0.0
dcs:who/AIR_15.ENVCAUSE--ENVCAUSE118,dcid:country/URY,2019,0.0
dcs:who/AIR_15.ENVCAUSE--ENVCAUSE114,dcid:country/URY,2019,0.0
dcs:who/AIR_15.ENVCAUSE--ENVCAUSE068__SEX--F,dcid:country/URY,2019,0.0
dcs:who/AIR_15.ENVCAUSE--ENVCAUSE068,dcid:country/URY,2019,0.0
dcs:who/AIR_15,dcid:country/URY,2019,0.0
dcs:who/AIR_15.ENVCAUSE--ENVCAUSE118__SEX--F,dcid:country/URY,2019,0.0
dcs:who/AIR_15.SEX--M,dcid:country/URY,2019,0.0
dcs:who/AIR_15.ENVCAUSE--ENVCAUSE104__SEX--F,dcid:country/URY,2019,0.0
dcs:who/AIR_15.ENVCAUSE--ENVCAUSE113,dcid:country/URY,2019,0.0
dcs:who/AIR_15.SEX--F,dcid:country/URY,2019,0.0
dcs:who/AIR_15.ENVCAUSE--ENVCAUSE113__SEX--M,dcid:country/URY,2019,0.0
dcs:who/AIR_15.ENVCAUSE--ENVCAUSE068__SEX--M,dcid:country/URY,2019,0.0
dcs:who/AIR_15.ENVCAUSE--ENVCAUSE104,dcid:country/URY,2019,0.0
dcs:who/AIR_15.ENVCAUSE--ENVCAUSE039__SEX--M,dcid:country/URY,2019,0.0
dcs:who/AIR_15.ENVCAUSE--ENVCAUSE118__SEX--M,dcid:country/URY,2019,0.0
dcs:who/AIR_15.ENVCAUSE--ENVCAUSE114__SEX--F,dcid:country/URY,2019,0.0
dcs:who/AIR_15.ENVCAUSE--ENVCAUSE114__SEX--M,dcid:country/URY,2019,0.0
dcs:who/AIR_15.ENVCAUSE--ENVCAUSE113__SEX--F,dcid:country/URY,2019,0.0
dcs:who/AIR_15.ENVCAUSE--ENVCAUSE039__SEX--F,dcid:country/URY,2019,0.0
dcs:who/AIR_15.ENVCAUSE--ENVCAUSE113,dcid:country/USA,2019,0.0
dcs:who/AIR_15.ENVCAUSE--ENVCAUSE039__SEX--M,dcid:country/USA,2019,0.0
dcs:who/AIR_15.ENVCAUSE--ENVCAUSE068__SEX--F,dcid:country/USA,2019,0.0
dcs:who/AIR_15.ENVCAUSE--ENVCAUSE118,dcid:country/USA,2019,0.0
dcs:who/AIR_15.ENVCAUSE--ENVCAUSE114__SEX--F,dcid:country/USA,2019,0.0
dcs:who/AIR_15.ENVCAUSE--ENVCAUSE104,dcid:country/USA,2019,0.0
dcs:who/AIR_15.ENVCAUSE--ENVCAUSE068__SEX--M,dcid:country/USA,2019,0.0
dcs:who/AIR_15.ENVCAUSE--ENVCAUSE068,dcid:country/USA,2019,0.0
dcs:who/AIR_15.ENVCAUSE--ENVCAUSE114__SEX--M,dcid:country/USA,2019,0.0
dcs:who/AIR_15.ENVCAUSE--ENVCAUSE114,dcid:country/USA,2019,0.0
dcs:who/AIR_15.ENVCAUSE--ENVCAUSE113__SEX--M,dcid:country/USA,2019,0.0
dcs:who/AIR_15.ENVCAUSE--ENVCAUSE118__SEX--F,dcid:country/USA,2019,0.0
dcs:who/AIR_15.ENVCAUSE--ENVCAUSE039__SEX--F,dcid:country/USA,2019,0.0
dcs:who/AIR_15.SEX--F,dcid:country/USA,2019,0.0
dcs:who/AIR_15.ENVCAUSE--ENVCAUSE039,dcid:country/USA,2019,0.0
dcs:who/AIR_15.ENVCAUSE--ENVCAUSE104__SEX--F,dcid:country/USA,2019,0.0
dcs:who/AIR_15.SEX--M,dcid:country/USA,2019,0.0
dcs:who/AIR_15.ENVCAUSE--ENVCAUSE113__SEX--F,dcid:country/USA,2019,0.0
dcs:who/AIR_15.ENVCAUSE--ENVCAUSE118__SEX--M,dcid:country/USA,2019,0.0
dcs:who/AIR_15,dcid:country/USA,2019,0.0
dcs:who/AIR_15.ENVCAUSE--ENVCAUSE104__SEX--F,dcid:country/UZB,2019,839.50287
dcs:who/AIR_15,dcid:country/UZB,2019,235723.9688
dcs:who/AIR_15.ENVCAUSE--ENVCAUSE118__SEX--F,dcid:country/UZB,2019,4142.04199
dcs:who/AIR_15.ENVCAUSE--ENVCAUSE113__SEX--F,dcid:country/UZB,2019,60969.95313
dcs:who/AIR_15.ENVCAUSE--ENVCAUSE114,dcid:country/UZB,2019,44185.61719
dcs:who/AIR_15.ENVCAUSE--ENVCAUSE068__SEX--F,dcid:country/UZB,2019,2473.75098
dcs:who/AIR_15.ENVCAUSE--ENVCAUSE118__SEX--M,dcid:country/UZB,2019,3859.07764
dcs:who/AIR_15.ENVCAUSE--ENVCAUSE113__SEX--M,dcid:country/UZB,2019,76660.0
dcs:who/AIR_15.ENVCAUSE--ENVCAUSE114__SEX--F,dcid:country/UZB,2019,21381.49805
dcs:who/AIR_15.ENVCAUSE--ENVCAUSE068,dcid:country/UZB,2019,7010.61133
dcs:who/AIR_15.ENVCAUSE--ENVCAUSE104,dcid:country/UZB,2019,839.50287
dcs:who/AIR_15.SEX--M,dcid:country/UZB,2019,129124.7891
dcs:who/AIR_15.ENVCAUSE--ENVCAUSE068__SEX--M,dcid:country/UZB,2019,4536.86035
dcs:who/AIR_15.ENVCAUSE--ENVCAUSE118,dcid:country/UZB,2019,8001.11963
dcs:who/AIR_15.ENVCAUSE--ENVCAUSE039__SEX--F,dcid:country/UZB,2019,16792.44141
dcs:who/AIR_15.ENVCAUSE--ENVCAUSE039,dcid:country/UZB,2019,38057.16797
dcs:who/AIR_15.SEX--F,dcid:country/UZB,2019,106599.1875
dcs:who/AIR_15.ENVCAUSE--ENVCAUSE039__SEX--M,dcid:country/UZB,2019,21264.72852
dcs:who/AIR_15.ENVCAUSE--ENVCAUSE114__SEX--M,dcid:country/UZB,2019,22804.12109
dcs:who/AIR_15.ENVCAUSE--ENVCAUSE113,dcid:country/UZB,2019,137629.9531
dcs:who/AIR_15.ENVCAUSE--ENVCAUSE068__SEX--F,dcid:country/VCT,2019,6.75792
dcs:who/AIR_15.ENVCAUSE--ENVCAUSE114__SEX--M,dcid:country/VCT,2019,43.92907
dcs:who/AIR_15.ENVCAUSE--ENVCAUSE104__SEX--F,dcid:country/VCT,2019,1.12281
dcs:who/AIR_15.ENVCAUSE--ENVCAUSE118__SEX--F,dcid:country/VCT,2019,13.45229
dcs:who/AIR_15.ENVCAUSE--ENVCAUSE114,dcid:country/VCT,2019,82.50004
dcs:who/AIR_15.ENVCAUSE--ENVCAUSE113,dcid:country/VCT,2019,101.70332
dcs:who/AIR_15.ENVCAUSE--ENVCAUSE118,dcid:country/VCT,2019,34.16576
dcs:who/AIR_15.SEX--F,dcid:country/VCT,2019,137.00604
dcs:who/AIR_15.ENVCAUSE--ENVCAUSE113__SEX--F,dcid:country/VCT,2019,47.18692
dcs:who/AIR_15.SEX--M,dcid:country/VCT,2019,164.86435
dcs:who/AIR_15.ENVCAUSE--ENVCAUSE039__SEX--F,dcid:country/VCT,2019,29.91512
dcs:who/AIR_15.ENVCAUSE--ENVCAUSE068__SEX--M,dcid:country/VCT,2019,7.02115
dcs:who/AIR_15.ENVCAUSE--ENVCAUSE113__SEX--M,dcid:country/VCT,2019,54.5164
dcs:who/AIR_15.ENVCAUSE--ENVCAUSE104,dcid:country/VCT,2019,1.12281
dcs:who/AIR_15,dcid:country/VCT,2019,301.87039
dcs:who/AIR_15.ENVCAUSE--ENVCAUSE039__SEX--M,dcid:country/VCT,2019,38.68427
dcs:who/AIR_15.ENVCAUSE--ENVCAUSE039,dcid:country/VCT,2019,68.59939
dcs:who/AIR_15.ENVCAUSE--ENVCAUSE114__SEX--F,dcid:country/VCT,2019,38.57097
dcs:who/AIR_15.ENVCAUSE--ENVCAUSE118__SEX--M,dcid:country/VCT,2019,20.71347
dcs:who/AIR_15.ENVCAUSE--ENVCAUSE068,dcid:country/VCT,2019,13.77907
dcs:who/AIR_15.ENVCAUSE--ENVCAUSE039,dcid:country/VEN,2019,10452.15625
dcs:who/AIR_15.ENVCAUSE--ENVCAUSE113__SEX--M,dcid:country/VEN,2019,8652.35254
dcs:who/AIR_15.ENVCAUSE--ENVCAUSE039__SEX--F,dcid:country/VEN,2019,4610.76123
dcs:who/AIR_15.ENVCAUSE--ENVCAUSE114,dcid:country/VEN,2019,5722.10449
dcs:who/AIR_15,dcid:country/VEN,2019,39005.19141
dcs:who/AIR_15.ENVCAUSE--ENVCAUSE068,dcid:country/VEN,2019,3900.14868
dcs:who/AIR_15.ENVCAUSE--ENVCAUSE068__SEX--F,dcid:country/VEN,2019,1896.54089
dcs:who/AIR_15.SEX--M,dcid:country/VEN,2019,21317.8125
dcs:who/AIR_15.ENVCAUSE--ENVCAUSE114__SEX--M,dcid:country/VEN,2019,2725.37231
dcs:who/AIR_15.ENVCAUSE--ENVCAUSE118__SEX--M,dcid:country/VEN,2019,2095.08472
dcs:who/AIR_15.ENVCAUSE--ENVCAUSE039__SEX--M,dcid:country/VEN,2019,5841.39551
dcs:who/AIR_15.ENVCAUSE--ENVCAUSE113__SEX--F,dcid:country/VEN,2019,5764.9126
dcs:who/AIR_15.ENVCAUSE--ENVCAUSE118__SEX--F,dcid:country/VEN,2019,2193.14893
dcs:who/AIR_15.ENVCAUSE--ENVCAUSE068__SEX--M,dcid:country/VEN,2019,2003.60767
dcs:who/AIR_15.SEX--F,dcid:country/VEN,2019,17687.37891
dcs:who/AIR_15.ENVCAUSE--ENVCAUSE104__SEX--F,dcid:country/VEN,2019,225.28221
dcs:who/AIR_15.ENVCAUSE--ENVCAUSE114__SEX--F,dcid:country/VEN,2019,2996.73242
dcs:who/AIR_15.ENVCAUSE--ENVCAUSE113,dcid:country/VEN,2019,14417.26563
dcs:who/AIR_15.ENVCAUSE--ENVCAUSE104,dcid:country/VEN,2019,225.28221
dcs:who/AIR_15.ENVCAUSE--ENVCAUSE118,dcid:country/VEN,2019,4288.23389
dcs:who/AIR_15.ENVCAUSE--ENVCAUSE104__SEX--F,dcid:country/VNM,2019,10209.0
dcs:who/AIR_15.ENVCAUSE--ENVCAUSE114__SEX--M,dcid:country/VNM,2019,291487.5
dcs:who/AIR_15.SEX--M,dcid:country/VNM,2019,787275.625
dcs:who/AIR_15.ENVCAUSE--ENVCAUSE104,dcid:country/VNM,2019,10209.0
dcs:who/AIR_15.ENVCAUSE--ENVCAUSE118,dcid:country/VNM,2019,179741.4063
dcs:who/AIR_15.ENVCAUSE--ENVCAUSE039,dcid:country/VNM,2019,197674.1875
dcs:who/AIR_15,dcid:country/VNM,2019,1291547.375
dcs:who/AIR_15.ENVCAUSE--ENVCAUSE068__SEX--F,dcid:country/VNM,2019,39822.35156
dcs:who/AIR_15.ENVCAUSE--ENVCAUSE114__SEX--F,dcid:country/VNM,2019,194010.6406
dcs:who/AIR_15.ENVCAUSE--ENVCAUSE113__SEX--M,dcid:country/VNM,2019,177928.8438
dcs:who/AIR_15.ENVCAUSE--ENVCAUSE114,dcid:country/VNM,2019,485498.1563
dcs:who/AIR_15.ENVCAUSE--ENVCAUSE068__SEX--M,dcid:country/VNM,2019,90599.90625
dcs:who/AIR_15.ENVCAUSE--ENVCAUSE113__SEX--F,dcid:country/VNM,2019,110073.5078
dcs:who/AIR_15.ENVCAUSE--ENVCAUSE113,dcid:country/VNM,2019,288002.3438
dcs:who/AIR_15.ENVCAUSE--ENVCAUSE039__SEX--M,dcid:country/VNM,2019,118997.7031
dcs:who/AIR_15.ENVCAUSE--ENVCAUSE118__SEX--M,dcid:country/VNM,2019,108261.6875
dcs:who/AIR_15.ENVCAUSE--ENVCAUSE068,dcid:country/VNM,2019,130422.2656
dcs:who/AIR_15.ENVCAUSE--ENVCAUSE118__SEX--F,dcid:country/VNM,2019,71479.71875
dcs:who/AIR_15.SEX--F,dcid:country/VNM,2019,504271.6875
dcs:who/AIR_15.ENVCAUSE--ENVCAUSE039__SEX--F,dcid:country/VNM,2019,78676.47656
dcs:who/AIR_15.ENVCAUSE--ENVCAUSE113__SEX--F,dcid:country/VUT,2019,1430.42065
dcs:who/AIR_15.ENVCAUSE--ENVCAUSE114,dcid:country/VUT,2019,2680.08814
dcs:who/AIR_15.ENVCAUSE--ENVCAUSE104,dcid:country/VUT,2019,26.93932
dcs:who/AIR_15.ENVCAUSE--ENVCAUSE114__SEX--M,dcid:country/VUT,2019,1495.948
dcs:who/AIR_15.ENVCAUSE--ENVCAUSE068,dcid:country/VUT,2019,188.2155
dcs:who/AIR_15.ENVCAUSE--ENVCAUSE039__SEX--F,dcid:country/VUT,2019,1361.51392
dcs:who/AIR_15.ENVCAUSE--ENVCAUSE039,dcid:country/VUT,2019,3095.68091
dcs:who/AIR_15.ENVCAUSE--ENVCAUSE118__SEX--M,dcid:country/VUT,2019,752.10852
dcs:who/AIR_15.ENVCAUSE--ENVCAUSE118__SEX--F,dcid:country/VUT,2019,479.74625
dcs:who/AIR_15.ENVCAUSE--ENVCAUSE039__SEX--M,dcid:country/VUT,2019,1734.16699
dcs:who/AIR_15.ENVCAUSE--ENVCAUSE104__SEX--F,dcid:country/VUT,2019,26.93932
dcs:who/AIR_15.SEX--F,dcid:country/VUT,2019,4524.93701
dcs:who/AIR_15.ENVCAUSE--ENVCAUSE114__SEX--F,dcid:country/VUT,2019,1184.14014
dcs:who/AIR_15.ENVCAUSE--ENVCAUSE113,dcid:country/VUT,2019,4615.34961
dcs:who/AIR_15.ENVCAUSE--ENVCAUSE113__SEX--M,dcid:country/VUT,2019,3184.9292
dcs:who/AIR_15,dcid:country/VUT,2019,11838.12793
dcs:who/AIR_15.ENVCAUSE--ENVCAUSE068__SEX--M,dcid:country/VUT,2019,146.03905
dcs:who/AIR_15.SEX--M,dcid:country/VUT,2019,7313.19141
dcs:who/AIR_15.ENVCAUSE--ENVCAUSE118,dcid:country/VUT,2019,1231.85474
dcs:who/AIR_15.ENVCAUSE--ENVCAUSE068__SEX--F,dcid:country/VUT,2019,42.17644
dcs:who/AIR_15.ENVCAUSE--ENVCAUSE039,dcid:country/WSM,2019,785.0965
dcs:who/AIR_15.ENVCAUSE--ENVCAUSE118,dcid:country/WSM,2019,495.39917
dcs:who/AIR_15.ENVCAUSE--ENVCAUSE113,dcid:country/WSM,2019,1769.18054
dcs:who/AIR_15.ENVCAUSE--ENVCAUSE118__SEX--M,dcid:country/WSM,2019,236.51845
dcs:who/AIR_15.ENVCAUSE--ENVCAUSE039__SEX--F,dcid:country/WSM,2019,397.21042
dcs:who/AIR_15.ENVCAUSE--ENVCAUSE068__SEX--M,dcid:country/WSM,2019,143.79565
dcs:who/AIR_15.ENVCAUSE--ENVCAUSE104__SEX--F,dcid:country/WSM,2019,23.94302
dcs:who/AIR_15.ENVCAUSE--ENVCAUSE068,dcid:country/WSM,2019,207.81465
dcs:who/AIR_15,dcid:country/WSM,2019,4296.09033
dcs:who/AIR_15.ENVCAUSE--ENVCAUSE114,dcid:country/WSM,2019,1014.65619
dcs:who/AIR_15.ENVCAUSE--ENVCAUSE039__SEX--M,dcid:country/WSM,2019,387.88611
dcs:who/AIR_15.SEX--F,dcid:country/WSM,2019,1988.70471
dcs:who/AIR_15.ENVCAUSE--ENVCAUSE113__SEX--M,dcid:country/WSM,2019,1047.80176
dcs:who/AIR_15.ENVCAUSE--ENVCAUSE114__SEX--M,dcid:country/WSM,2019,491.38351
dcs:who/AIR_15.SEX--M,dcid:country/WSM,2019,2307.3855
dcs:who/AIR_15.ENVCAUSE--ENVCAUSE118__SEX--F,dcid:country/WSM,2019,258.88074
dcs:who/AIR_15.ENVCAUSE--ENVCAUSE113__SEX--F,dcid:country/WSM,2019,721.37885
dcs:who/AIR_15.ENVCAUSE--ENVCAUSE068__SEX--F,dcid:country/WSM,2019,64.019
dcs:who/AIR_15.ENVCAUSE--ENVCAUSE114__SEX--F,dcid:country/WSM,2019,523.27264
dcs:who/AIR_15.ENVCAUSE--ENVCAUSE104,dcid:country/WSM,2019,23.94302
dcs:who/AIR_15.ENVCAUSE--ENVCAUSE068__SEX--F,dcid:country/YEM,2019,2472.57837
dcs:who/AIR_15.ENVCAUSE--ENVCAUSE068__SEX--M,dcid:country/YEM,2019,2143.57959
dcs:who/AIR_15.ENVCAUSE--ENVCAUSE113,dcid:country/YEM,2019,157832.3594
dcs:who/AIR_15.ENVCAUSE--ENVCAUSE039__SEX--M,dcid:country/YEM,2019,126660.5703
dcs:who/AIR_15,dcid:country/YEM,2019,484125.4688
dcs:who/AIR_15.ENVCAUSE--ENVCAUSE118__SEX--M,dcid:country/YEM,2019,14499.80762
dcs:who/AIR_15.ENVCAUSE--ENVCAUSE068,dcid:country/YEM,2019,4616.1582
dcs:who/AIR_15.ENVCAUSE--ENVCAUSE118,dcid:country/YEM,2019,27846.58398
dcs:who/AIR_15.ENVCAUSE--ENVCAUSE114__SEX--M,dcid:country/YEM,2019,27023.66211
dcs:who/AIR_15.ENVCAUSE--ENVCAUSE039__SEX--F,dcid:country/YEM,2019,103054.2656
dcs:who/AIR_15.ENVCAUSE--ENVCAUSE118__SEX--F,dcid:country/YEM,2019,13346.77637
dcs:who/AIR_15.SEX--M,dcid:country/YEM,2019,259564.4844
dcs:who/AIR_15.ENVCAUSE--ENVCAUSE039,dcid:country/YEM,2019,229714.8281
dcs:who/AIR_15.ENVCAUSE--ENVCAUSE104,dcid:country/YEM,2019,1263.85706
dcs:who/AIR_15.ENVCAUSE--ENVCAUSE104__SEX--F,dcid:country/YEM,2019,1263.85706
dcs:who/AIR_15.ENVCAUSE--ENVCAUSE114,dcid:country/YEM,2019,62851.67969
dcs:who/AIR_15.ENVCAUSE--ENVCAUSE113__SEX--M,dcid:country/YEM,2019,89236.85938
dcs:who/AIR_15.ENVCAUSE--ENVCAUSE113__SEX--F,dcid:country/YEM,2019,68595.5
dcs:who/AIR_15.ENVCAUSE--ENVCAUSE114__SEX--F,dcid:country/YEM,2019,35828.01563
dcs:who/AIR_15.SEX--F,dcid:country/YEM,2019,224561.0
dcs:who/AIR_15.ENVCAUSE--ENVCAUSE068__SEX--M,dcid:country/ZAF,2019,20436.39844
dcs:who/AIR_15.ENVCAUSE--ENVCAUSE114__SEX--M,dcid:country/ZAF,2019,30807.33398
dcs:who/AIR_15.SEX--M,dcid:country/ZAF,2019,278472.4688
dcs:who/AIR_15.ENVCAUSE--ENVCAUSE118__SEX--M,dcid:country/ZAF,2019,30666.69336
dcs:who/AIR_15,dcid:country/ZAF,2019,510848.5938
dcs:who/AIR_15.ENVCAUSE--ENVCAUSE113__SEX--M,dcid:country/ZAF,2019,47036.59766
dcs:who/AIR_15.SEX--F,dcid:country/ZAF,2019,232376.125
dcs:who/AIR_15.ENVCAUSE--ENVCAUSE039__SEX--F,dcid:country/ZAF,2019,124883.3984
dcs:who/AIR_15.ENVCAUSE--ENVCAUSE113,dcid:country/ZAF,2019,79141.84375
dcs:who/AIR_15.ENVCAUSE--ENVCAUSE118__SEX--F,dcid:country/ZAF,2019,27303.79883
dcs:who/AIR_15.ENVCAUSE--ENVCAUSE104,dcid:country/ZAF,2019,1953.87952
dcs:who/AIR_15.ENVCAUSE--ENVCAUSE104__SEX--F,dcid:country/ZAF,2019,1953.87952
dcs:who/AIR_15.ENVCAUSE--ENVCAUSE039,dcid:country/ZAF,2019,274408.8438
dcs:who/AIR_15.ENVCAUSE--ENVCAUSE118,dcid:country/ZAF,2019,57970.49219
dcs:who/AIR_15.ENVCAUSE--ENVCAUSE068__SEX--F,dcid:country/ZAF,2019,10240.66406
dcs:who/AIR_15.ENVCAUSE--ENVCAUSE039__SEX--M,dcid:country/ZAF,2019,149525.4375
dcs:who/AIR_15.ENVCAUSE--ENVCAUSE114__SEX--F,dcid:country/ZAF,2019,35889.14063
dcs:who/AIR_15.ENVCAUSE--ENVCAUSE114,dcid:country/ZAF,2019,66696.47656
dcs:who/AIR_15.ENVCAUSE--ENVCAUSE068,dcid:country/ZAF,2019,30677.0625
dcs:who/AIR_15.ENVCAUSE--ENVCAUSE113__SEX--F,dcid:country/ZAF,2019,32105.24414
dcs:who/AIR_15.ENVCAUSE--ENVCAUSE114,dcid:country/ZMB,2019,72641.03125
dcs:who/AIR_15.ENVCAUSE--ENVCAUSE118,dcid:country/ZMB,2019,22151.41016
dcs:who/AIR_15.ENVCAUSE--ENVCAUSE039,dcid:country/ZMB,2019,267596.6563
dcs:who/AIR_15.ENVCAUSE--ENVCAUSE104__SEX--F,dcid:country/ZMB,2019,1412.77454
dcs:who/AIR_15.SEX--F,dcid:country/ZMB,2019,177048.6719
dcs:who/AIR_15.ENVCAUSE--ENVCAUSE039__SEX--F,dcid:country/ZMB,2019,114834.7188
dcs:who/AIR_15.ENVCAUSE--ENVCAUSE114__SEX--F,dcid:country/ZMB,2019,32300.86328
dcs:who/AIR_15.ENVCAUSE--ENVCAUSE068,dcid:country/ZMB,2019,3093.77905
dcs:who/AIR_15.ENVCAUSE--ENVCAUSE068__SEX--F,dcid:country/ZMB,2019,1619.06189
dcs:who/AIR_15.ENVCAUSE--ENVCAUSE068__SEX--M,dcid:country/ZMB,2019,1474.71704
dcs:who/AIR_15.ENVCAUSE--ENVCAUSE113__SEX--F,dcid:country/ZMB,2019,17166.30273
dcs:who/AIR_15,dcid:country/ZMB,2019,413372.0938
dcs:who/AIR_15.ENVCAUSE--ENVCAUSE118__SEX--M,dcid:country/ZMB,2019,12436.46973
dcs:who/AIR_15.ENVCAUSE--ENVCAUSE114__SEX--M,dcid:country/ZMB,2019,40340.16797
dcs:who/AIR_15.ENVCAUSE--ENVCAUSE113__SEX--M,dcid:country/ZMB,2019,29310.1582
dcs:who/AIR_15.ENVCAUSE--ENVCAUSE118__SEX--F,dcid:country/ZMB,2019,9714.94043
dcs:who/AIR_15.ENVCAUSE--ENVCAUSE039__SEX--M,dcid:country/ZMB,2019,152761.9375
dcs:who/AIR_15.ENVCAUSE--ENVCAUSE104,dcid:country/ZMB,2019,1412.77454
dcs:who/AIR_15.ENVCAUSE--ENVCAUSE113,dcid:country/ZMB,2019,46476.46094
dcs:who/AIR_15.SEX--M,dcid:country/ZMB,2019,236323.4531
dcs:who/AIR_15.ENVCAUSE--ENVCAUSE113,dcid:country/ZWE,2019,66335.875
dcs:who/AIR_15.ENVCAUSE--ENVCAUSE118__SEX--M,dcid:country/ZWE,2019,9095.02051
dcs:who/AIR_15.ENVCAUSE--ENVCAUSE068,dcid:country/ZWE,2019,3737.22192
dcs:who/AIR_15.ENVCAUSE--ENVCAUSE039__SEX--M,dcid:country/ZWE,2019,119420.6953
dcs:who/AIR_15.ENVCAUSE--ENVCAUSE114__SEX--M,dcid:country/ZWE,2019,15440.25684
dcs:who/AIR_15.ENVCAUSE--ENVCAUSE039__SEX--F,dcid:country/ZWE,2019,86977.10938
dcs:who/AIR_15.SEX--M,dcid:country/ZWE,2019,176127.2031
dcs:who/AIR_15.ENVCAUSE--ENVCAUSE039,dcid:country/ZWE,2019,206397.8125
dcs:who/AIR_15.ENVCAUSE--ENVCAUSE114,dcid:country/ZWE,2019,37275.05078
dcs:who/AIR_15.ENVCAUSE--ENVCAUSE118__SEX--F,dcid:country/ZWE,2019,9384.4502
dcs:who/AIR_15.ENVCAUSE--ENVCAUSE113__SEX--F,dcid:country/ZWE,2019,35911.33984
dcs:who/AIR_15.ENVCAUSE--ENVCAUSE068__SEX--F,dcid:country/ZWE,2019,1990.53565
dcs:who/AIR_15.ENVCAUSE--ENVCAUSE104__SEX--F,dcid:country/ZWE,2019,1759.68774
dcs:who/AIR_15.ENVCAUSE--ENVCAUSE104,dcid:country/ZWE,2019,1759.68774
dcs:who/AIR_15.ENVCAUSE--ENVCAUSE113__SEX--M,dcid:country/ZWE,2019,30424.53711
dcs:who/AIR_15.ENVCAUSE--ENVCAUSE118,dcid:country/ZWE,2019,18479.4707
dcs:who/AIR_15.ENVCAUSE--ENVCAUSE114__SEX--F,dcid:country/ZWE,2019,21834.79297
dcs:who/AIR_15.SEX--F,dcid:country/ZWE,2019,157857.9219
dcs:who/AIR_15,dcid:country/ZWE,2019,333985.125
dcs:who/AIR_15.ENVCAUSE--ENVCAUSE068__SEX--M,dcid:country/ZWE,2019,1746.68616
dcs:who/AIR_15.AGE--Y_GE80__ENVCAUSE--ENVCAUSE068__SEX--M,dcid:europe,2019,6768.97905
dcs:who/AIR_15.AGE--Y75T79__ENVCAUSE--ENVCAUSE068__SEX--M,dcid:europe,2019,8206.49716
dcs:who/AIR_15.AGE--Y70T74__ENVCAUSE--ENVCAUSE068__SEX--M,dcid:europe,2019,20110.07549
dcs:who/AIR_15.AGE--Y55T59__ENVCAUSE--ENVCAUSE068__SEX--M,dcid:europe,2019,32186.72662
dcs:who/AIR_15.AGE--Y60T64__ENVCAUSE--ENVCAUSE068__SEX--M,dcid:europe,2019,40827.90012
dcs:who/AIR_15.AGE--Y65T69__ENVCAUSE--ENVCAUSE068__SEX--M,dcid:europe,2019,35135.69046
dcs:who/AIR_15.ENVCAUSE--ENVCAUSE068__SEX--M,dcid:europe,2019,171690.1008
dcs:who/AIR_15.AGE--Y75T79__ENVCAUSE--ENVCAUSE039__SEX--M,dcid:europe,2019,4389.92797
dcs:who/AIR_15.AGE--Y40T44__ENVCAUSE--ENVCAUSE039__SEX--M,dcid:europe,2019,14427.05971
dcs:who/AIR_15.AGE--Y25T29__ENVCAUSE--ENVCAUSE039__SEX--M,dcid:europe,2019,2614.31774
dcs:who/AIR_15.AGE--Y_GE80__ENVCAUSE--ENVCAUSE039__SEX--M,dcid:europe,2019,6681.20627
dcs:who/AIR_15.AGE--Y20T24__ENVCAUSE--ENVCAUSE039__SEX--M,dcid:europe,2019,1148.33601
dcs:who/AIR_15.AGE--Y5T9__ENVCAUSE--ENVCAUSE039__SEX--M,dcid:europe,2019,692.17606
dcs:who/AIR_15.AGE--Y0T4__ENVCAUSE--ENVCAUSE039__SEX--M,dcid:europe,2019,7913.0551
dcs:who/AIR_15.AGE--Y45T49__ENVCAUSE--ENVCAUSE068__SEX--M,dcid:europe,2019,8122.21601
dcs:who/AIR_15.AGE--Y70T74__ENVCAUSE--ENVCAUSE039__SEX--M,dcid:europe,2019,6297.68371
dcs:who/AIR_15.ENVCAUSE--ENVCAUSE118__SEX--M,dcid:europe,2019,94491.68658
dcs:who/AIR_15.AGE--Y30T34__ENVCAUSE--ENVCAUSE068__SEX--M,dcid:europe,2019,493.24848
dcs:who/AIR_15.AGE--Y25T29__ENVCAUSE--ENVCAUSE068__SEX--M,dcid:europe,2019,190.89468
dcs:who/AIR_15.AGE--Y55T59__ENVCAUSE--ENVCAUSE039__SEX--M,dcid:europe,2019,15245.55839
dcs:who/AIR_15.AGE--Y50T54__ENVCAUSE--ENVCAUSE068__SEX--M,dcid:europe,2019,16723.65052
dcs:who/AIR_15.AGE--Y35T39__ENVCAUSE--ENVCAUSE068__SEX--M,dcid:europe,2019,1245.49663
dcs:who/AIR_15.AGE--Y60T64__ENVCAUSE--ENVCAUSE039__SEX--M,dcid:europe,2019,14835.81398
dcs:who/AIR_15.ENVCAUSE--ENVCAUSE039__SEX--M,dcid:europe,2019,132374.568
dcs:who/AIR_15.AGE--Y10T14__ENVCAUSE--ENVCAUSE039__SEX--M,dcid:europe,2019,647.24373
dcs:who/AIR_15.AGE--Y50T54__ENVCAUSE--ENVCAUSE039__SEX--M,dcid:europe,2019,12564.27418
dcs:who/AIR_15.AGE--Y65T69__ENVCAUSE--ENVCAUSE039__SEX--M,dcid:europe,2019,11102.35087
dcs:who/AIR_15.AGE--Y15T19__ENVCAUSE--ENVCAUSE039__SEX--M,dcid:europe,2019,833.26834
dcs:who/AIR_15.AGE--Y40T44__ENVCAUSE--ENVCAUSE068__SEX--M,dcid:europe,2019,1678.72948
dcs:who/AIR_15.AGE--Y30T34__ENVCAUSE--ENVCAUSE039__SEX--M,dcid:europe,2019,7480.47387
dcs:who/AIR_15.AGE--Y35T39__ENVCAUSE--ENVCAUSE039__SEX--M,dcid:europe,2019,11862.92386
dcs:who/AIR_15.AGE--Y45T49__ENVCAUSE--ENVCAUSE039__SEX--M,dcid:europe,2019,13638.89718
dcs:who/AIR_15.AGE--Y35T39__ENVCAUSE--ENVCAUSE113__SEX--M,dcid:europe,2019,13566.28541
dcs:who/AIR_15.AGE--Y55T59__ENVCAUSE--ENVCAUSE068__SEX--F,dcid:europe,2019,7344.35166
dcs:who/AIR_15.AGE--Y25T29__ENVCAUSE--ENVCAUSE118__SEX--M,dcid:europe,2019,466.61437
dcs:who/AIR_15.SEX--M,dcid:europe,2019,1325361.463
dcs:who/AIR_15.AGE--Y40T44__ENVCAUSE--ENVCAUSE113__SEX--M,dcid:europe,2019,24800.67693
dcs:who/AIR_15.ENVCAUSE--ENVCAUSE113__SEX--M,dcid:europe,2019,657462.0049
dcs:who/AIR_15.AGE--Y65T69__ENVCAUSE--ENVCAUSE113__SEX--M,dcid:europe,2019,108559.9561
dcs:who/AIR_15.AGE--Y30T34__ENVCAUSE--ENVCAUSE114__SEX--M,dcid:europe,2019,2767.66664
dcs:who/AIR_15.AGE--Y55T59__ENVCAUSE--ENVCAUSE118__SEX--M,dcid:europe,2019,9722.89109
dcs:who/AIR_15.AGE--Y70T74__ENVCAUSE--ENVCAUSE113__SEX--M,dcid:europe,2019,74236.12616
dcs:who/AIR_15.AGE--Y75T79__ENVCAUSE--ENVCAUSE113__SEX--M,dcid:europe,2019,58141.94232
dcs:who/AIR_15.AGE--Y60T64__ENVCAUSE--ENVCAUSE068__SEX--F,dcid:europe,2019,9536.25633
dcs:who/AIR_15.AGE--Y65T69__ENVCAUSE--ENVCAUSE068__SEX--F,dcid:europe,2019,8934.47522
dcs:who/AIR_15.AGE--Y30T34__ENVCAUSE--ENVCAUSE118__SEX--M,dcid:europe,2019,925.10172
dcs:who/AIR_15.AGE--Y45T49__ENVCAUSE--ENVCAUSE068__SEX--F,dcid:europe,2019,2739.58671
dcs:who/AIR_15.AGE--Y70T74__ENVCAUSE--ENVCAUSE114__SEX--M,dcid:europe,2019,35100.07851
dcs:who/AIR_15.AGE--Y_GE80__ENVCAUSE--ENVCAUSE118__SEX--M,dcid:europe,2019,15126.80629
dcs:who/AIR_15.AGE--Y50T54__ENVCAUSE--ENVCAUSE118__SEX--M,dcid:europe,2019,5333.55933
dcs:who/AIR_15.AGE--Y35T39__ENVCAUSE--ENVCAUSE118__SEX--M,dcid:europe,2019,1357.8942
dcs:who/AIR_15.AGE--Y25T29__ENVCAUSE--ENVCAUSE113__SEX--M,dcid:europe,2019,1983.93835
dcs:who/AIR_15.AGE--Y25T29__ENVCAUSE--ENVCAUSE114__SEX--M,dcid:europe,2019,1008.04915
dcs:who/AIR_15.AGE--Y40T44__ENVCAUSE--ENVCAUSE068__SEX--F,dcid:europe,2019,1442.33274
dcs:who/AIR_15.AGE--Y70T74__ENVCAUSE--ENVCAUSE068__SEX--F,dcid:europe,2019,6301.66184
dcs:who/AIR_15.AGE--Y40T44__ENVCAUSE--ENVCAUSE118__SEX--M,dcid:europe,2019,2120.40866
dcs:who/AIR_15.AGE--Y50T54__ENVCAUSE--ENVCAUSE113__SEX--M,dcid:europe,2019,50191.21552
dcs:who/AIR_15.AGE--Y65T69__ENVCAUSE--ENVCAUSE114__SEX--M,dcid:europe,2019,45545.5881
dcs:who/AIR_15.AGE--Y50T54__ENVCAUSE--ENVCAUSE068__SEX--F,dcid:europe,2019,4651.31002
dcs:who/AIR_15.AGE--Y_GE80__ENVCAUSE--ENVCAUSE068__SEX--F,dcid:europe,2019,4487.19111
dcs:who/AIR_15.AGE--Y55T59__ENVCAUSE--ENVCAUSE113__SEX--M,dcid:europe,2019,82377.69382
dcs:who/AIR_15.ENVCAUSE--ENVCAUSE068__SEX--F,dcid:europe,2019,50158.10723
dcs:who/AIR_15.AGE--Y40T44__ENVCAUSE--ENVCAUSE114__SEX--M,dcid:europe,2019,9146.91337
dcs:who/AIR_15.AGE--Y35T39__ENVCAUSE--ENVCAUSE114__SEX--M,dcid:europe,2019,5524.21001
dcs:who/AIR_15.AGE--Y50T54__ENVCAUSE--ENVCAUSE114__SEX--M,dcid:europe,2019,16369.67808
dcs:who/AIR_15.AGE--Y65T69__ENVCAUSE--ENVCAUSE118__SEX--M,dcid:europe,2019,17351.21507
dcs:who/AIR_15.AGE--Y45T49__ENVCAUSE--ENVCAUSE113__SEX--M,dcid:europe,2019,35324.15056
dcs:who/AIR_15.AGE--Y75T79__ENVCAUSE--ENVCAUSE068__SEX--F,dcid:europe,2019,3541.51716
dcs:who/AIR_15.AGE--Y60T64__ENVCAUSE--ENVCAUSE118__SEX--M,dcid:europe,2019,15227.3057
dcs:who/AIR_15.AGE--Y_GE80__ENVCAUSE--ENVCAUSE113__SEX--M,dcid:europe,2019,91800.79449
dcs:who/AIR_15.AGE--Y30T34__ENVCAUSE--ENVCAUSE113__SEX--M,dcid:europe,2019,6387.49571
dcs:who/AIR_15.AGE--Y60T64__ENVCAUSE--ENVCAUSE113__SEX--M,dcid:europe,2019,110091.7431
dcs:who/AIR_15.AGE--Y70T74__ENVCAUSE--ENVCAUSE118__SEX--M,dcid:europe,2019,13311.50134
dcs:who/AIR_15.AGE--Y75T79__ENVCAUSE--ENVCAUSE118__SEX--M,dcid:europe,2019,10304.89465
dcs:who/AIR_15.AGE--Y55T59__ENVCAUSE--ENVCAUSE114__SEX--M,dcid:europe,2019,28478.37721
dcs:who/AIR_15.AGE--Y45T49__ENVCAUSE--ENVCAUSE114__SEX--M,dcid:europe,2019,12017.10242
dcs:who/AIR_15.AGE--Y60T64__ENVCAUSE--ENVCAUSE114__SEX--M,dcid:europe,2019,40939.81464
dcs:who/AIR_15.AGE--Y75T79__ENVCAUSE--ENVCAUSE114__SEX--M,dcid:europe,2019,28765.45745
dcs:who/AIR_15.AGE--Y_GE80__ENVCAUSE--ENVCAUSE114__SEX--M,dcid:europe,2019,43680.13099
dcs:who/AIR_15.ENVCAUSE--ENVCAUSE114__SEX--M,dcid:europe,2019,269343.0636
dcs:who/AIR_15.AGE--Y45T49__ENVCAUSE--ENVCAUSE118__SEX--M,dcid:europe,2019,3243.49348
dcs:who/AIR_15.AGE--Y25T29__ENVCAUSE--ENVCAUSE118__SEX--F,dcid:europe,2019,553.135
dcs:who/AIR_15.AGE--Y45T49__ENVCAUSE--ENVCAUSE118__SEX--F,dcid:europe,2019,1942.96978
dcs:who/AIR_15.AGE--Y15T19__ENVCAUSE--ENVCAUSE039__SEX--F,dcid:europe,2019,650.84082
dcs:who/AIR_15.AGE--Y50T54__ENVCAUSE--ENVCAUSE118__SEX--F,dcid:europe,2019,2710.30194
dcs:who/AIR_15.AGE--Y70T74__ENVCAUSE--ENVCAUSE118__SEX--F,dcid:europe,2019,6757.01767
dcs:who/AIR_15.AGE--Y60T64__ENVCAUSE--ENVCAUSE039__SEX--F,dcid:europe,2019,4533.26709
dcs:who/AIR_15.AGE--Y25T29__ENVCAUSE--ENVCAUSE039__SEX--F,dcid:europe,2019,1423.45864
dcs:who/AIR_15.AGE--Y35T39__ENVCAUSE--ENVCAUSE068__SEX--F,dcid:europe,2019,620.99083
dcs:who/AIR_15.AGE--Y60T64__ENVCAUSE--ENVCAUSE118__SEX--F,dcid:europe,2019,6179.56533
dcs:who/AIR_15.AGE--Y75T79__ENVCAUSE--ENVCAUSE039__SEX--F,dcid:europe,2019,3986.33468
dcs:who/AIR_15.AGE--Y55T59__ENVCAUSE--ENVCAUSE114__SEX--F,dcid:europe,2019,18306.99862
dcs:who/AIR_15.AGE--Y30T34__ENVCAUSE--ENVCAUSE068__SEX--F,dcid:europe,2019,419.41436
dcs:who/AIR_15.AGE--Y_GE80__ENVCAUSE--ENVCAUSE039__SEX--F,dcid:europe,2019,10868.18722
dcs:who/AIR_15.AGE--Y75T79__ENVCAUSE--ENVCAUSE118__SEX--F,dcid:europe,2019,7323.96962
dcs:who/AIR_15.AGE--Y40T44__ENVCAUSE--ENVCAUSE039__SEX--F,dcid:europe,2019,4515.24686
dcs:who/AIR_15.AGE--Y65T69__ENVCAUSE--ENVCAUSE039__SEX--F,dcid:europe,2019,4614.1919
dcs:who/AIR_15.AGE--Y25T29__ENVCAUSE--ENVCAUSE068__SEX--F,dcid:europe,2019,139.0203
dcs:who/AIR_15.AGE--Y45T49__ENVCAUSE--ENVCAUSE039__SEX--F,dcid:europe,2019,3847.4739
dcs:who/AIR_15.AGE--Y30T34__ENVCAUSE--ENVCAUSE039__SEX--F,dcid:europe,2019,3057.97867
dcs:who/AIR_15.ENVCAUSE--ENVCAUSE118__SEX--F,dcid:europe,2019,59723.34523
dcs:who/AIR_15.AGE--Y_GE80__ENVCAUSE--ENVCAUSE114__SEX--F,dcid:europe,2019,132313.4868
dcs:who/AIR_15.AGE--Y75T79__ENVCAUSE--ENVCAUSE114__SEX--F,dcid:europe,2019,52129.53523
dcs:who/AIR_15.AGE--Y40T44__ENVCAUSE--ENVCAUSE114__SEX--F,dcid:europe,2019,5373.96859
dcs:who/AIR_15.AGE--Y50T54__ENVCAUSE--ENVCAUSE039__SEX--F,dcid:europe,2019,3502.33339
dcs:who/AIR_15.AGE--Y65T69__ENVCAUSE--ENVCAUSE118__SEX--F,dcid:europe,2019,7420.58624
dcs:who/AIR_15.AGE--Y70T74__ENVCAUSE--ENVCAUSE039__SEX--F,dcid:europe,2019,3757.19138
dcs:who/AIR_15.AGE--Y_GE80__ENVCAUSE--ENVCAUSE118__SEX--F,dcid:europe,2019,18906.74591
dcs:who/AIR_15.AGE--Y70T74__ENVCAUSE--ENVCAUSE114__SEX--F,dcid:europe,2019,41959.92831
dcs:who/AIR_15.AGE--Y40T44__ENVCAUSE--ENVCAUSE118__SEX--F,dcid:europe,2019,1474.4683
dcs:who/AIR_15.ENVCAUSE--ENVCAUSE114__SEX--F,dcid:europe,2019,343398.8503
dcs:who/AIR_15.ENVCAUSE--ENVCAUSE039__SEX--F,dcid:europe,2019,61631.13287
dcs:who/AIR_15.AGE--Y0T4__ENVCAUSE--ENVCAUSE039__SEX--F,dcid:europe,2019,6052.23457
dcs:who/AIR_15.AGE--Y45T49__ENVCAUSE--ENVCAUSE114__SEX--F,dcid:europe,2019,7440.02196
dcs:who/AIR_15.AGE--Y55T59__ENVCAUSE--ENVCAUSE118__SEX--F,dcid:europe,2019,4312.88692
dcs:who/AIR_15.AGE--Y60T64__ENVCAUSE--ENVCAUSE114__SEX--F,dcid:europe,2019,28432.38816
dcs:who/AIR_15.AGE--Y50T54__ENVCAUSE--ENVCAUSE114__SEX--F,dcid:europe,2019,10443.14695
dcs:who/AIR_15.AGE--Y35T39__ENVCAUSE--ENVCAUSE118__SEX--F,dcid:europe,2019,1172.57071
dcs:who/AIR_15.AGE--Y65T69__ENVCAUSE--ENVCAUSE114__SEX--F,dcid:europe,2019,40495.00091
dcs:who/AIR_15.AGE--Y30T34__ENVCAUSE--ENVCAUSE118__SEX--F,dcid:europe,2019,969.12696
dcs:who/AIR_15.AGE--Y55T59__ENVCAUSE--ENVCAUSE039__SEX--F,dcid:europe,2019,4236.82027
dcs:who/AIR_15.AGE--Y35T39__ENVCAUSE--ENVCAUSE039__SEX--F,dcid:europe,2019,4341.95441
dcs:who/AIR_15.AGE--Y20T24__ENVCAUSE--ENVCAUSE039__SEX--F,dcid:europe,2019,763.86356
dcs:who/AIR_15.AGE--Y10T14__ENVCAUSE--ENVCAUSE039__SEX--F,dcid:europe,2019,667.33034
dcs:who/AIR_15.AGE--Y5T9__ENVCAUSE--ENVCAUSE039__SEX--F,dcid:europe,2019,812.42505
dcs:who/AIR_15.AGE--Y25T29__ENVCAUSE--ENVCAUSE113__SEX--F,dcid:europe,2019,521.44885
dcs:who/AIR_15.AGE--Y60T64__ENVCAUSE--ENVCAUSE113__SEX--F,dcid:europe,2019,46079.19048
dcs:who/AIR_15.AGE--Y50T54__ENVCAUSE--ENVCAUSE113__SEX--F,dcid:europe,2019,13052.89584
dcs:who/AIR_15.AGE--Y45T49__ENVCAUSE--ENVCAUSE113__SEX--F,dcid:europe,2019,8498.47568
dcs:who/AIR_15.AGE--Y35T39__ENVCAUSE--ENVCAUSE068,dcid:europe,2019,1866.4874
dcs:who/AIR_15.AGE--Y30T34__ENVCAUSE--ENVCAUSE104__SEX--F,dcid:europe,2019,9.98736
dcs:who/AIR_15.AGE--Y35T39__ENVCAUSE--ENVCAUSE113__SEX--F,dcid:europe,2019,3163.01999
dcs:who/AIR_15.AGE--Y_GE80__ENVCAUSE--ENVCAUSE113__SEX--F,dcid:europe,2019,238073.8022
dcs:who/AIR_15.AGE--Y55T59__ENVCAUSE--ENVCAUSE039,dcid:europe,2019,19482.37933
dcs:who/AIR_15.AGE--Y35T39__ENVCAUSE--ENVCAUSE104__SEX--F,dcid:europe,2019,19.43866
dcs:who/AIR_15.AGE--Y50T54__ENVCAUSE--ENVCAUSE068,dcid:europe,2019,21374.96066
dcs:who/AIR_15.AGE--Y55T59__ENVCAUSE--ENVCAUSE113__SEX--F,dcid:europe,2019,27077.23257
dcs:who/AIR_15.AGE--Y60T64__ENVCAUSE--ENVCAUSE068,dcid:europe,2019,50364.15509
dcs:who/AIR_15.SEX--F,dcid:europe,2019,1083522.402
dcs:who/AIR_15.AGE--Y65T69__ENVCAUSE--ENVCAUSE068,dcid:europe,2019,44070.16497
dcs:who/AIR_15.AGE--Y65T69__ENVCAUSE--ENVCAUSE039,dcid:europe,2019,15716.5429
dcs:who/AIR_15.AGE--Y70T74__ENVCAUSE--ENVCAUSE068,dcid:europe,2019,26411.7376
dcs:who/AIR_15.AGE--Y65T69__ENVCAUSE--ENVCAUSE104__SEX--F,dcid:europe,2019,799.60286
dcs:who/AIR_15.ENVCAUSE--ENVCAUSE068,dcid:europe,2019,221848.205
dcs:who/AIR_15.AGE--Y35T39__ENVCAUSE--ENVCAUSE114__SEX--F,dcid:europe,2019,3496.74219
dcs:who/AIR_15.AGE--Y_GE80__ENVCAUSE--ENVCAUSE104__SEX--F,dcid:europe,2019,2257.72612
dcs:who/AIR_15.AGE--Y25T29__ENVCAUSE--ENVCAUSE068,dcid:europe,2019,329.91497
dcs:who/AIR_15.AGE--Y45T49__ENVCAUSE--ENVCAUSE068,dcid:europe,2019,10861.80253
dcs:who/AIR_15.ENVCAUSE--ENVCAUSE039,dcid:europe,2019,194005.6978
dcs:who/AIR_15.AGE--Y70T74__ENVCAUSE--ENVCAUSE104__SEX--F,dcid:europe,2019,855.44868
dcs:who/AIR_15.AGE--Y40T44__ENVCAUSE--ENVCAUSE068,dcid:europe,2019,3121.06217
dcs:who/AIR_15.AGE--Y_GE80__ENVCAUSE--ENVCAUSE039,dcid:europe,2019,17549.39315
dcs:who/AIR_15.AGE--Y75T79__ENVCAUSE--ENVCAUSE068,dcid:europe,2019,11748.01426
dcs:who/AIR_15.AGE--Y25T29__ENVCAUSE--ENVCAUSE104__SEX--F,dcid:europe,2019,3.01492
dcs:who/AIR_15.AGE--Y_GE80__ENVCAUSE--ENVCAUSE068,dcid:europe,2019,11256.17039
dcs:who/AIR_15.AGE--Y25T29__ENVCAUSE--ENVCAUSE114__SEX--F,dcid:europe,2019,962.46904
dcs:who/AIR_15.AGE--Y75T79__ENVCAUSE--ENVCAUSE039,dcid:europe,2019,8376.26264
dcs:who/AIR_15.AGE--Y75T79__ENVCAUSE--ENVCAUSE113__SEX--F,dcid:europe,2019,85373.37076
dcs:who/AIR_15.AGE--Y45T49__ENVCAUSE--ENVCAUSE104__SEX--F,dcid:europe,2019,83.90184
dcs:who/AIR_15.AGE--Y50T54__ENVCAUSE--ENVCAUSE104__SEX--F,dcid:europe,2019,154.83435
dcs:who/AIR_15.AGE--Y30T34__ENVCAUSE--ENVCAUSE068,dcid:europe,2019,912.66284
dcs:who/AIR_15.AGE--Y60T64__ENVCAUSE--ENVCAUSE104__SEX--F,dcid:europe,2019,551.18368
dcs:who/AIR_15.AGE--Y75T79__ENVCAUSE--ENVCAUSE104__SEX--F,dcid:europe,2019,912.89281
dcs:who/AIR_15.AGE--Y40T44__ENVCAUSE--ENVCAUSE104__SEX--F,dcid:europe,2019,40.29383
dcs:who/AIR_15.AGE--Y70T74__ENVCAUSE--ENVCAUSE039,dcid:europe,2019,10054.87488
dcs:who/AIR_15.AGE--Y30T34__ENVCAUSE--ENVCAUSE114__SEX--F,dcid:europe,2019,2045.15605
dcs:who/AIR_15.AGE--Y30T34__ENVCAUSE--ENVCAUSE113__SEX--F,dcid:europe,2019,1470.4666
dcs:who/AIR_15.AGE--Y70T74__ENVCAUSE--ENVCAUSE113__SEX--F,dcid:europe,2019,67029.23346
dcs:who/AIR_15.AGE--Y60T64__ENVCAUSE--ENVCAUSE039,dcid:europe,2019,19369.08141
dcs:who/AIR_15.AGE--Y55T59__ENVCAUSE--ENVCAUSE104__SEX--F,dcid:europe,2019,338.27145
dcs:who/AIR_15.AGE--Y40T44__ENVCAUSE--ENVCAUSE113__SEX--F,dcid:europe,2019,5529.05274
dcs:who/AIR_15.AGE--Y55T59__ENVCAUSE--ENVCAUSE068,dcid:europe,2019,39531.07693
dcs:who/AIR_15.AGE--Y45T49__ENVCAUSE--ENVCAUSE039,dcid:europe,2019,17486.37038
dcs:who/AIR_15.AGE--Y65T69__ENVCAUSE--ENVCAUSE113__SEX--F,dcid:europe,2019,66716.18059
dcs:who/AIR_15.ENVCAUSE--ENVCAUSE104__SEX--F,dcid:europe,2019,6026.5966
dcs:who/AIR_15.AGE--Y50T54__ENVCAUSE--ENVCAUSE039,dcid:europe,2019,16066.60757
dcs:who/AIR_15.ENVCAUSE--ENVCAUSE113__SEX--F,dcid:europe,2019,562584.3604
dcs:who/AIR_15.AGE--Y35T39__ENVCAUSE--ENVCAUSE118,dcid:europe,2019,2530.46493
dcs:who/AIR_15.AGE--Y25T29__ENVCAUSE--ENVCAUSE118,dcid:europe,2019,1019.74936
dcs:who/AIR_15.AGE--Y15T19__ENVCAUSE--ENVCAUSE039,dcid:europe,2019,1484.10914
dcs:who/AIR_15.AGE--Y10T14__ENVCAUSE--ENVCAUSE039,dcid:europe,2019,1314.57408
dcs:who/AIR_15.AGE--Y0T4__ENVCAUSE--ENVCAUSE039,dcid:europe,2019,13965.28941
dcs:who/AIR_15.AGE--Y70T74__ENVCAUSE--ENVCAUSE118,dcid:europe,2019,20068.51976
dcs:who/AIR_15.AGE--Y75T79__ENVCAUSE--ENVCAUSE118,dcid:europe,2019,17628.86488
dcs:who/AIR_15.AGE--Y75T79__ENVCAUSE--ENVCAUSE114,dcid:europe,2019,80894.99469
dcs:who/AIR_15.AGE--Y_GE80__ENVCAUSE--ENVCAUSE114,dcid:europe,2019,175993.6139
dcs:who/AIR_15.AGE--Y5T9__ENVCAUSE--ENVCAUSE039,dcid:europe,2019,1504.60118
dcs:who/AIR_15.AGE--Y40T44__ENVCAUSE--ENVCAUSE039,dcid:europe,2019,18942.30618
dcs:who/AIR_15.AGE--Y45T49__ENVCAUSE--ENVCAUSE118,dcid:europe,2019,5186.46329
dcs:who/AIR_15.AGE--Y40T44__ENVCAUSE--ENVCAUSE118,dcid:europe,2019,3594.87696
dcs:who/AIR_15.AGE--Y20T24__ENVCAUSE--ENVCAUSE039,dcid:europe,2019,1912.1995
dcs:who/AIR_15.AGE--Y50T54__ENVCAUSE--ENVCAUSE118,dcid:europe,2019,8043.86116
dcs:who/AIR_15.AGE--Y30T34__ENVCAUSE--ENVCAUSE118,dcid:europe,2019,1894.22869
dcs:who/AIR_15.ENVCAUSE--ENVCAUSE118,dcid:europe,2019,154215.0286
dcs:who/AIR_15.AGE--Y30T34__ENVCAUSE--ENVCAUSE039,dcid:europe,2019,10538.45221
dcs:who/AIR_15.AGE--Y55T59__ENVCAUSE--ENVCAUSE118,dcid:europe,2019,14035.77789
dcs:who/AIR_15.AGE--Y65T69__ENVCAUSE--ENVCAUSE118,dcid:europe,2019,24771.80173
dcs:who/AIR_15.AGE--Y60T64__ENVCAUSE--ENVCAUSE118,dcid:europe,2019,21406.87052
dcs:who/AIR_15.ENVCAUSE--ENVCAUSE114,dcid:europe,2019,612741.8997
dcs:who/AIR_15.AGE--Y35T39__ENVCAUSE--ENVCAUSE039,dcid:europe,2019,16204.87883
dcs:who/AIR_15.AGE--Y_GE80__ENVCAUSE--ENVCAUSE118,dcid:europe,2019,34033.55225
dcs:who/AIR_15.AGE--Y25T29__ENVCAUSE--ENVCAUSE039,dcid:europe,2019,4037.77625
dcs:who/AIR_15.AGE--Y40T44__ENVCAUSE--ENVCAUSE114,dcid:europe,2019,14520.88194
dcs:who/AIR_15.AGE--Y60T64__ENVCAUSE--ENVCAUSE114,dcid:europe,2019,69372.20267
dcs:who/AIR_15.AGE--Y35T39__ENVCAUSE--ENVCAUSE114,dcid:europe,2019,9020.95197
dcs:who/AIR_15.AGE--Y70T74__ENVCAUSE--ENVCAUSE104,dcid:europe,2019,855.44868
dcs:who/AIR_15.AGE--Y50T54__ENVCAUSE--ENVCAUSE113,dcid:europe,2019,63244.10956
dcs:who/AIR_15.AGE--Y45T49__ENVCAUSE--ENVCAUSE113,dcid:europe,2019,43822.62773
dcs:who/AIR_15.AGE--Y25T29__ENVCAUSE--ENVCAUSE113,dcid:europe,2019,2505.38725
dcs:who/AIR_15.AGE--Y60T64__ENVCAUSE--ENVCAUSE104,dcid:europe,2019,551.18368
dcs:who/AIR_15.AGE--Y65T69__ENVCAUSE--ENVCAUSE114,dcid:europe,2019,86040.5892
dcs:who/AIR_15.AGE--Y45T49__ENVCAUSE--ENVCAUSE114,dcid:europe,2019,19457.1234
dcs:who/AIR_15.AGE--Y30T34__ENVCAUSE--ENVCAUSE104,dcid:europe,2019,9.98736
dcs:who/AIR_15.AGE--Y70T74__ENVCAUSE--ENVCAUSE113,dcid:europe,2019,141265.36
dcs:who/AIR_15.AGE--Y55T59__ENVCAUSE--ENVCAUSE113,dcid:europe,2019,109454.9257
dcs:who/AIR_15.AGE--Y65T69__ENVCAUSE--ENVCAUSE113,dcid:europe,2019,175276.1373
dcs:who/AIR_15.ENVCAUSE--ENVCAUSE113,dcid:europe,2019,1220046.395
dcs:who/AIR_15.AGE--Y30T34__ENVCAUSE--ENVCAUSE113,dcid:europe,2019,7857.96241
dcs:who/AIR_15.AGE--Y35T39__ENVCAUSE--ENVCAUSE104,dcid:europe,2019,19.43866
dcs:who/AIR_15.AGE--Y25T29__ENVCAUSE--ENVCAUSE104,dcid:europe,2019,3.01492
dcs:who/AIR_15.AGE--Y40T44__ENVCAUSE--ENVCAUSE113,dcid:europe,2019,30329.72906
dcs:who/AIR_15.AGE--Y30T34__ENVCAUSE--ENVCAUSE114,dcid:europe,2019,4812.82267
dcs:who/AIR_15.AGE--Y40T44__ENVCAUSE--ENVCAUSE104,dcid:europe,2019,40.29383
dcs:who/AIR_15.AGE--Y75T79__ENVCAUSE--ENVCAUSE104,dcid:europe,2019,912.89281
dcs:who/AIR_15.AGE--Y70T74__ENVCAUSE--ENVCAUSE114,dcid:europe,2019,77060.00691
dcs:who/AIR_15.AGE--Y_GE80__ENVCAUSE--ENVCAUSE113,dcid:europe,2019,329874.6039
dcs:who/AIR_15.AGE--Y65T69__ENVCAUSE--ENVCAUSE104,dcid:europe,2019,799.60286
dcs:who/AIR_15.AGE--Y55T59__ENVCAUSE--ENVCAUSE104,dcid:europe,2019,338.27145
dcs:who/AIR_15.AGE--Y45T49__ENVCAUSE--ENVCAUSE104,dcid:europe,2019,83.90184
dcs:who/AIR_15.AGE--Y75T79__ENVCAUSE--ENVCAUSE113,dcid:europe,2019,143515.3082
dcs:who/AIR_15.AGE--Y50T54__ENVCAUSE--ENVCAUSE104,dcid:europe,2019,154.83435
dcs:who/AIR_15.ENVCAUSE--ENVCAUSE104,dcid:europe,2019,6026.5966
dcs:who/AIR_15.AGE--Y60T64__ENVCAUSE--ENVCAUSE113,dcid:europe,2019,156170.9286
dcs:who/AIR_15,dcid:europe,2019,2408883.861
dcs:who/AIR_15.AGE--Y55T59__ENVCAUSE--ENVCAUSE114,dcid:europe,2019,46785.37462
dcs:who/AIR_15.AGE--Y_GE80__ENVCAUSE--ENVCAUSE104,dcid:europe,2019,2257.72612
dcs:who/AIR_15.AGE--Y35T39__ENVCAUSE--ENVCAUSE113,dcid:europe,2019,16729.30558
dcs:who/AIR_15.AGE--Y50T54__ENVCAUSE--ENVCAUSE114,dcid:europe,2019,26812.82507
dcs:who/AIR_15.AGE--Y25T29__ENVCAUSE--ENVCAUSE114,dcid:europe,2019,1970.51825
dcs:who/AIR_15.AGE--Y_GE80__ENVCAUSE--ENVCAUSE068__SEX--M,dcid:oceania,2019,98.87055
dcs:who/AIR_15.ENVCAUSE--ENVCAUSE068__SEX--M,dcid:oceania,2019,5590.5887
dcs:who/AIR_15.AGE--Y75T79__ENVCAUSE--ENVCAUSE068__SEX--M,dcid:oceania,2019,232.31458
dcs:who/AIR_15.AGE--Y70T74__ENVCAUSE--ENVCAUSE068__SEX--M,dcid:oceania,2019,535.70366
dcs:who/AIR_15.ENVCAUSE--ENVCAUSE118__SEX--M,dcid:oceania,2019,27711.81122
dcs:who/AIR_15.AGE--Y25T29__ENVCAUSE--ENVCAUSE039__SEX--M,dcid:oceania,2019,1163.53998
dcs:who/AIR_15.AGE--Y70T74__ENVCAUSE--ENVCAUSE039__SEX--M,dcid:oceania,2019,983.61637
dcs:who/AIR_15.AGE--Y20T24__ENVCAUSE--ENVCAUSE039__SEX--M,dcid:oceania,2019,942.48793
dcs:who/AIR_15.AGE--Y75T79__ENVCAUSE--ENVCAUSE118__SEX--M,dcid:oceania,2019,2505.86065
dcs:who/AIR_15.AGE--Y50T54__ENVCAUSE--ENVCAUSE068__SEX--M,dcid:oceania,2019,682.20758
dcs:who/AIR_15.AGE--Y35T39__ENVCAUSE--ENVCAUSE068__SEX--M,dcid:oceania,2019,99.79256
dcs:who/AIR_15.AGE--Y70T74__ENVCAUSE--ENVCAUSE118__SEX--M,dcid:oceania,2019,3589.56898
dcs:who/AIR_15.AGE--Y55T59__ENVCAUSE--ENVCAUSE039__SEX--M,dcid:oceania,2019,1348.10109
dcs:who/AIR_15.AGE--Y40T44__ENVCAUSE--ENVCAUSE068__SEX--M,dcid:oceania,2019,120.73602
dcs:who/AIR_15.AGE--Y75T79__ENVCAUSE--ENVCAUSE039__SEX--M,dcid:oceania,2019,669.47577
dcs:who/AIR_15.AGE--Y_GE80__ENVCAUSE--ENVCAUSE118__SEX--M,dcid:oceania,2019,1954.71219
dcs:who/AIR_15.AGE--Y_GE80__ENVCAUSE--ENVCAUSE039__SEX--M,dcid:oceania,2019,699.67094
dcs:who/AIR_15.AGE--Y30T34__ENVCAUSE--ENVCAUSE039__SEX--M,dcid:oceania,2019,1306.05252
dcs:who/AIR_15.AGE--Y15T19__ENVCAUSE--ENVCAUSE039__SEX--M,dcid:oceania,2019,895.19504
dcs:who/AIR_15.AGE--Y45T49__ENVCAUSE--ENVCAUSE039__SEX--M,dcid:oceania,2019,1351.33001
dcs:who/AIR_15.AGE--Y25T29__ENVCAUSE--ENVCAUSE068__SEX--M,dcid:oceania,2019,23.97193
dcs:who/AIR_15.AGE--Y60T64__ENVCAUSE--ENVCAUSE068__SEX--M,dcid:oceania,2019,1382.54197
dcs:who/AIR_15.AGE--Y65T69__ENVCAUSE--ENVCAUSE068__SEX--M,dcid:oceania,2019,920.81964
dcs:who/AIR_15.AGE--Y40T44__ENVCAUSE--ENVCAUSE039__SEX--M,dcid:oceania,2019,1522.10953
dcs:who/AIR_15.AGE--Y50T54__ENVCAUSE--ENVCAUSE039__SEX--M,dcid:oceania,2019,1254.47724
dcs:who/AIR_15.ENVCAUSE--ENVCAUSE039__SEX--M,dcid:oceania,2019,50953.81752
dcs:who/AIR_15.AGE--Y55T59__ENVCAUSE--ENVCAUSE068__SEX--M,dcid:oceania,2019,1132.07207
dcs:who/AIR_15.AGE--Y35T39__ENVCAUSE--ENVCAUSE039__SEX--M,dcid:oceania,2019,1494.61746
dcs:who/AIR_15.AGE--Y65T69__ENVCAUSE--ENVCAUSE039__SEX--M,dcid:oceania,2019,1378.90343
dcs:who/AIR_15.AGE--Y0T4__ENVCAUSE--ENVCAUSE039__SEX--M,dcid:oceania,2019,31762.65853
dcs:who/AIR_15.AGE--Y30T34__ENVCAUSE--ENVCAUSE068__SEX--M,dcid:oceania,2019,48.27247
dcs:who/AIR_15.AGE--Y60T64__ENVCAUSE--ENVCAUSE039__SEX--M,dcid:oceania,2019,1565.94298
dcs:who/AIR_15.AGE--Y5T9__ENVCAUSE--ENVCAUSE039__SEX--M,dcid:oceania,2019,1529.39515
dcs:who/AIR_15.AGE--Y10T14__ENVCAUSE--ENVCAUSE039__SEX--M,dcid:oceania,2019,1086.24286
dcs:who/AIR_15.AGE--Y45T49__ENVCAUSE--ENVCAUSE068__SEX--M,dcid:oceania,2019,313.28562
dcs:who/AIR_15.AGE--Y50T54__ENVCAUSE--ENVCAUSE118__SEX--M,dcid:oceania,2019,2687.83918
dcs:who/AIR_15.ENVCAUSE--ENVCAUSE068__SEX--F,dcid:oceania,2019,3345.89181
dcs:who/AIR_15.AGE--Y75T79__ENVCAUSE--ENVCAUSE039__SEX--F,dcid:oceania,2019,905.22052
dcs:who/AIR_15.AGE--Y50T54__ENVCAUSE--ENVCAUSE068__SEX--F,dcid:oceania,2019,380.94117
dcs:who/AIR_15.AGE--Y25T29__ENVCAUSE--ENVCAUSE118__SEX--M,dcid:oceania,2019,529.56504
dcs:who/AIR_15.AGE--Y25T29__ENVCAUSE--ENVCAUSE068__SEX--F,dcid:oceania,2019,2.04454
dcs:who/AIR_15.ENVCAUSE--ENVCAUSE114__SEX--M,dcid:oceania,2019,35168.72079
dcs:who/AIR_15.AGE--Y35T39__ENVCAUSE--ENVCAUSE113__SEX--M,dcid:oceania,2019,4861.79082
dcs:who/AIR_15.AGE--Y30T34__ENVCAUSE--ENVCAUSE068__SEX--F,dcid:oceania,2019,87.67806
dcs:who/AIR_15.AGE--Y70T74__ENVCAUSE--ENVCAUSE068__SEX--F,dcid:oceania,2019,380.16065
dcs:who/AIR_15.AGE--Y65T69__ENVCAUSE--ENVCAUSE113__SEX--M,dcid:oceania,2019,6114.8897
dcs:who/AIR_15.AGE--Y_GE80__ENVCAUSE--ENVCAUSE039__SEX--F,dcid:oceania,2019,936.0949
dcs:who/AIR_15.SEX--M,dcid:oceania,2019,187847.5996
dcs:who/AIR_15.AGE--Y45T49__ENVCAUSE--ENVCAUSE118__SEX--M,dcid:oceania,2019,1886.50975
dcs:who/AIR_15.AGE--Y40T44__ENVCAUSE--ENVCAUSE114__SEX--M,dcid:oceania,2019,3420.72107
dcs:who/AIR_15.AGE--Y30T34__ENVCAUSE--ENVCAUSE118__SEX--M,dcid:oceania,2019,733.15307
dcs:who/AIR_15.AGE--Y75T79__ENVCAUSE--ENVCAUSE113__SEX--M,dcid:oceania,2019,2359.80212
dcs:who/AIR_15.AGE--Y25T29__ENVCAUSE--ENVCAUSE113__SEX--M,dcid:oceania,2019,1049.46588
dcs:who/AIR_15.AGE--Y70T74__ENVCAUSE--ENVCAUSE114__SEX--M,dcid:oceania,2019,2819.86362
dcs:who/AIR_15.AGE--Y40T44__ENVCAUSE--ENVCAUSE068__SEX--F,dcid:oceania,2019,46.00194
dcs:who/AIR_15.AGE--Y35T39__ENVCAUSE--ENVCAUSE114__SEX--M,dcid:oceania,2019,2535.28368
dcs:who/AIR_15.ENVCAUSE--ENVCAUSE039__SEX--F,dcid:oceania,2019,34189.68771
dcs:who/AIR_15.AGE--Y45T49__ENVCAUSE--ENVCAUSE113__SEX--M,dcid:oceania,2019,9673.46074
dcs:who/AIR_15.AGE--Y45T49__ENVCAUSE--ENVCAUSE114__SEX--M,dcid:oceania,2019,3866.63602
dcs:who/AIR_15.AGE--Y70T74__ENVCAUSE--ENVCAUSE113__SEX--M,dcid:oceania,2019,4057.05439
dcs:who/AIR_15.AGE--Y40T44__ENVCAUSE--ENVCAUSE118__SEX--M,dcid:oceania,2019,1142.1047
dcs:who/AIR_15.AGE--Y55T59__ENVCAUSE--ENVCAUSE114__SEX--M,dcid:oceania,2019,4476.67431
dcs:who/AIR_15.AGE--Y75T79__ENVCAUSE--ENVCAUSE114__SEX--M,dcid:oceania,2019,1751.83346
dcs:who/AIR_15.AGE--Y60T64__ENVCAUSE--ENVCAUSE114__SEX--M,dcid:oceania,2019,4376.74025
dcs:who/AIR_15.AGE--Y60T64__ENVCAUSE--ENVCAUSE068__SEX--F,dcid:oceania,2019,719.45199
dcs:who/AIR_15.AGE--Y_GE80__ENVCAUSE--ENVCAUSE068__SEX--F,dcid:oceania,2019,104.0977
dcs:who/AIR_15.AGE--Y75T79__ENVCAUSE--ENVCAUSE068__SEX--F,dcid:oceania,2019,204.13838
dcs:who/AIR_15.AGE--Y65T69__ENVCAUSE--ENVCAUSE114__SEX--M,dcid:oceania,2019,3676.17089
dcs:who/AIR_15.AGE--Y35T39__ENVCAUSE--ENVCAUSE118__SEX--M,dcid:oceania,2019,865.76458
dcs:who/AIR_15.AGE--Y65T69__ENVCAUSE--ENVCAUSE068__SEX--F,dcid:oceania,2019,601.60404
dcs:who/AIR_15.AGE--Y45T49__ENVCAUSE--ENVCAUSE068__SEX--F,dcid:oceania,2019,235.88342
dcs:who/AIR_15.AGE--Y35T39__ENVCAUSE--ENVCAUSE068__SEX--F,dcid:oceania,2019,4.09537
dcs:who/AIR_15.AGE--Y55T59__ENVCAUSE--ENVCAUSE068__SEX--F,dcid:oceania,2019,579.79471
dcs:who/AIR_15.AGE--Y50T54__ENVCAUSE--ENVCAUSE114__SEX--M,dcid:oceania,2019,4437.6331
dcs:who/AIR_15.AGE--Y60T64__ENVCAUSE--ENVCAUSE118__SEX--M,dcid:oceania,2019,4129.32326
dcs:who/AIR_15.AGE--Y_GE80__ENVCAUSE--ENVCAUSE113__SEX--M,dcid:oceania,2019,1691.99726
dcs:who/AIR_15.AGE--Y25T29__ENVCAUSE--ENVCAUSE114__SEX--M,dcid:oceania,2019,1204.60043
dcs:who/AIR_15.AGE--Y60T64__ENVCAUSE--ENVCAUSE113__SEX--M,dcid:oceania,2019,8613.43784
dcs:who/AIR_15.AGE--Y55T59__ENVCAUSE--ENVCAUSE118__SEX--M,dcid:oceania,2019,3283.63477
dcs:who/AIR_15.ENVCAUSE--ENVCAUSE113__SEX--M,dcid:oceania,2019,68422.6683
dcs:who/AIR_15.AGE--Y40T44__ENVCAUSE--ENVCAUSE113__SEX--M,dcid:oceania,2019,7354.69488
dcs:who/AIR_15.AGE--Y30T34__ENVCAUSE--ENVCAUSE114__SEX--M,dcid:oceania,2019,1359.35098
dcs:who/AIR_15.AGE--Y30T34__ENVCAUSE--ENVCAUSE113__SEX--M,dcid:oceania,2019,2438.03935
dcs:who/AIR_15.AGE--Y50T54__ENVCAUSE--ENVCAUSE113__SEX--M,dcid:oceania,2019,10329.57699
dcs:who/AIR_15.AGE--Y55T59__ENVCAUSE--ENVCAUSE113__SEX--M,dcid:oceania,2019,9878.45897
dcs:who/AIR_15.AGE--Y_GE80__ENVCAUSE--ENVCAUSE114__SEX--M,dcid:oceania,2019,1243.21356
dcs:who/AIR_15.AGE--Y70T74__ENVCAUSE--ENVCAUSE039__SEX--F,dcid:oceania,2019,991.24917
dcs:who/AIR_15.AGE--Y65T69__ENVCAUSE--ENVCAUSE118__SEX--M,dcid:oceania,2019,4403.77491
dcs:who/AIR_15.AGE--Y70T74__ENVCAUSE--ENVCAUSE118__SEX--F,dcid:oceania,2019,4015.36841
dcs:who/AIR_15.AGE--Y30T34__ENVCAUSE--ENVCAUSE039__SEX--F,dcid:oceania,2019,790.12926
dcs:who/AIR_15.AGE--Y15T19__ENVCAUSE--ENVCAUSE039__SEX--F,dcid:oceania,2019,727.40254
dcs:who/AIR_15.AGE--Y30T34__ENVCAUSE--ENVCAUSE118__SEX--F,dcid:oceania,2019,876.0486
dcs:who/AIR_15.AGE--Y5T9__ENVCAUSE--ENVCAUSE039__SEX--F,dcid:oceania,2019,1101.83516
dcs:who/AIR_15.AGE--Y40T44__ENVCAUSE--ENVCAUSE118__SEX--F,dcid:oceania,2019,1671.85178
dcs:who/AIR_15.AGE--Y10T14__ENVCAUSE--ENVCAUSE039__SEX--F,dcid:oceania,2019,621.66241
dcs:who/AIR_15.AGE--Y35T39__ENVCAUSE--ENVCAUSE118__SEX--F,dcid:oceania,2019,1286.53733
dcs:who/AIR_15.ENVCAUSE--ENVCAUSE118__SEX--F,dcid:oceania,2019,31249.17066
dcs:who/AIR_15.AGE--Y35T39__ENVCAUSE--ENVCAUSE039__SEX--F,dcid:oceania,2019,1391.18632
dcs:who/AIR_15.AGE--Y20T24__ENVCAUSE--ENVCAUSE039__SEX--F,dcid:oceania,2019,898.19037
dcs:who/AIR_15.AGE--Y60T64__ENVCAUSE--ENVCAUSE118__SEX--F,dcid:oceania,2019,4497.91179
dcs:who/AIR_15.AGE--Y65T69__ENVCAUSE--ENVCAUSE118__SEX--F,dcid:oceania,2019,5267.30973
dcs:who/AIR_15.AGE--Y75T79__ENVCAUSE--ENVCAUSE118__SEX--F,dcid:oceania,2019,2646.274
dcs:who/AIR_15.AGE--Y65T69__ENVCAUSE--ENVCAUSE039__SEX--F,dcid:oceania,2019,1106.94458
dcs:who/AIR_15.AGE--Y25T29__ENVCAUSE--ENVCAUSE039__SEX--F,dcid:oceania,2019,849.01063
dcs:who/AIR_15.AGE--Y50T54__ENVCAUSE--ENVCAUSE118__SEX--F,dcid:oceania,2019,2879.45173
dcs:who/AIR_15.AGE--Y_GE80__ENVCAUSE--ENVCAUSE118__SEX--F,dcid:oceania,2019,2033.60056
dcs:who/AIR_15.AGE--Y45T49__ENVCAUSE--ENVCAUSE039__SEX--F,dcid:oceania,2019,915.10786
dcs:who/AIR_15.AGE--Y40T44__ENVCAUSE--ENVCAUSE039__SEX--F,dcid:oceania,2019,838.76386
dcs:who/AIR_15.AGE--Y60T64__ENVCAUSE--ENVCAUSE039__SEX--F,dcid:oceania,2019,1199.53844
dcs:who/AIR_15.AGE--Y50T54__ENVCAUSE--ENVCAUSE039__SEX--F,dcid:oceania,2019,1198.86331
dcs:who/AIR_15.AGE--Y55T59__ENVCAUSE--ENVCAUSE118__SEX--F,dcid:oceania,2019,3417.71538
dcs:who/AIR_15.AGE--Y25T29__ENVCAUSE--ENVCAUSE118__SEX--F,dcid:oceania,2019,628.45639
dcs:who/AIR_15.AGE--Y0T4__ENVCAUSE--ENVCAUSE039__SEX--F,dcid:oceania,2019,18495.33918
dcs:who/AIR_15.AGE--Y45T49__ENVCAUSE--ENVCAUSE118__SEX--F,dcid:oceania,2019,2028.64435
dcs:who/AIR_15.AGE--Y55T59__ENVCAUSE--ENVCAUSE039__SEX--F,dcid:oceania,2019,1223.15026
dcs:who/AIR_15.AGE--Y55T59__ENVCAUSE--ENVCAUSE104__SEX--F,dcid:oceania,2019,252.32946
dcs:who/AIR_15.AGE--Y55T59__ENVCAUSE--ENVCAUSE068,dcid:oceania,2019,1711.86678
dcs:who/AIR_15.AGE--Y_GE80__ENVCAUSE--ENVCAUSE114__SEX--F,dcid:oceania,2019,1586.09965
dcs:who/AIR_15.AGE--Y70T74__ENVCAUSE--ENVCAUSE113__SEX--F,dcid:oceania,2019,3667.92392
dcs:who/AIR_15.AGE--Y_GE80__ENVCAUSE--ENVCAUSE113__SEX--F,dcid:oceania,2019,1996.67385
dcs:who/AIR_15.AGE--Y65T69__ENVCAUSE--ENVCAUSE113__SEX--F,dcid:oceania,2019,4458.70455
dcs:who/AIR_15.AGE--Y45T49__ENVCAUSE--ENVCAUSE114__SEX--F,dcid:oceania,2019,2882.93669
dcs:who/AIR_15.AGE--Y55T59__ENVCAUSE--ENVCAUSE113__SEX--F,dcid:oceania,2019,4584.39377
dcs:who/AIR_15.AGE--Y35T39__ENVCAUSE--ENVCAUSE113__SEX--F,dcid:oceania,2019,1339.20874
dcs:who/AIR_15.AGE--Y30T34__ENVCAUSE--ENVCAUSE113__SEX--F,dcid:oceania,2019,748.46207
dcs:who/AIR_15.AGE--Y50T54__ENVCAUSE--ENVCAUSE114__SEX--F,dcid:oceania,2019,3198.85633
dcs:who/AIR_15.AGE--Y75T79__ENVCAUSE--ENVCAUSE104__SEX--F,dcid:oceania,2019,197.01346
dcs:who/AIR_15.AGE--Y40T44__ENVCAUSE--ENVCAUSE104__SEX--F,dcid:oceania,2019,76.10479
dcs:who/AIR_15.AGE--Y_GE80__ENVCAUSE--ENVCAUSE104__SEX--F,dcid:oceania,2019,184.36964
dcs:who/AIR_15.AGE--Y65T69__ENVCAUSE--ENVCAUSE068,dcid:oceania,2019,1522.42368
dcs:who/AIR_15.AGE--Y30T34__ENVCAUSE--ENVCAUSE114__SEX--F,dcid:oceania,2019,958.6763
dcs:who/AIR_15.SEX--F,dcid:oceania,2019,134583.1875
dcs:who/AIR_15.AGE--Y75T79__ENVCAUSE--ENVCAUSE113__SEX--F,dcid:oceania,2019,2419.3713
dcs:who/AIR_15.AGE--Y30T34__ENVCAUSE--ENVCAUSE104__SEX--F,dcid:oceania,2019,24.26343
dcs:who/AIR_15.AGE--Y40T44__ENVCAUSE--ENVCAUSE068,dcid:oceania,2019,166.73795
dcs:who/AIR_15.AGE--Y75T79__ENVCAUSE--ENVCAUSE114__SEX--F,dcid:oceania,2019,2122.68577
dcs:who/AIR_15.AGE--Y65T69__ENVCAUSE--ENVCAUSE104__SEX--F,dcid:oceania,2019,356.26716
dcs:who/AIR_15.AGE--Y60T64__ENVCAUSE--ENVCAUSE068,dcid:oceania,2019,2101.99396
dcs:who/AIR_15.AGE--Y35T39__ENVCAUSE--ENVCAUSE104__SEX--F,dcid:oceania,2019,42.56467
dcs:who/AIR_15.AGE--Y40T44__ENVCAUSE--ENVCAUSE114__SEX--F,dcid:oceania,2019,2281.13581
dcs:who/AIR_15.ENVCAUSE--ENVCAUSE068,dcid:oceania,2019,8936.4805
dcs:who/AIR_15.AGE--Y50T54__ENVCAUSE--ENVCAUSE068,dcid:oceania,2019,1063.14876
dcs:who/AIR_15.AGE--Y_GE80__ENVCAUSE--ENVCAUSE068,dcid:oceania,2019,202.96824
dcs:who/AIR_15.AGE--Y50T54__ENVCAUSE--ENVCAUSE104__SEX--F,dcid:oceania,2019,168.91165
dcs:who/AIR_15.AGE--Y25T29__ENVCAUSE--ENVCAUSE104__SEX--F,dcid:oceania,2019,11.22745
dcs:who/AIR_15.AGE--Y55T59__ENVCAUSE--ENVCAUSE114__SEX--F,dcid:oceania,2019,3527.19293
dcs:who/AIR_15.ENVCAUSE--ENVCAUSE104__SEX--F,dcid:oceania,2019,2048.27839
dcs:who/AIR_15.AGE--Y60T64__ENVCAUSE--ENVCAUSE104__SEX--F,dcid:oceania,2019,341.128
dcs:who/AIR_15.AGE--Y25T29__ENVCAUSE--ENVCAUSE113__SEX--F,dcid:oceania,2019,369.04975
dcs:who/AIR_15.AGE--Y70T74__ENVCAUSE--ENVCAUSE068,dcid:oceania,2019,915.86432
dcs:who/AIR_15.AGE--Y65T69__ENVCAUSE--ENVCAUSE114__SEX--F,dcid:oceania,2019,3708.79275
dcs:who/AIR_15.AGE--Y75T79__ENVCAUSE--ENVCAUSE068,dcid:oceania,2019,436.45298
dcs:who/AIR_15.AGE--Y60T64__ENVCAUSE--ENVCAUSE113__SEX--F,dcid:oceania,2019,5063.62939
dcs:who/AIR_15.AGE--Y60T64__ENVCAUSE--ENVCAUSE114__SEX--F,dcid:oceania,2019,3688.81561
dcs:who/AIR_15.ENVCAUSE--ENVCAUSE113__SEX--F,dcid:oceania,2019,34210.96703
dcs:who/AIR_15.AGE--Y35T39__ENVCAUSE--ENVCAUSE114__SEX--F,dcid:oceania,2019,1856.60056
dcs:who/AIR_15.AGE--Y40T44__ENVCAUSE--ENVCAUSE113__SEX--F,dcid:oceania,2019,2393.82782
dcs:who/AIR_15.ENVCAUSE--ENVCAUSE114__SEX--F,dcid:oceania,2019,29539.18899
dcs:who/AIR_15.AGE--Y45T49__ENVCAUSE--ENVCAUSE104__SEX--F,dcid:oceania,2019,120.22129
dcs:who/AIR_15.AGE--Y70T74__ENVCAUSE--ENVCAUSE114__SEX--F,dcid:oceania,2019,2855.6714
dcs:who/AIR_15.AGE--Y70T74__ENVCAUSE--ENVCAUSE104__SEX--F,dcid:oceania,2019,273.87736
dcs:who/AIR_15.AGE--Y50T54__ENVCAUSE--ENVCAUSE113__SEX--F,dcid:oceania,2019,3706.18701
dcs:who/AIR_15.AGE--Y45T49__ENVCAUSE--ENVCAUSE113__SEX--F,dcid:oceania,2019,3463.53551
dcs:who/AIR_15.AGE--Y25T29__ENVCAUSE--ENVCAUSE114__SEX--F,dcid:oceania,2019,871.72414
dcs:who/AIR_15.AGE--Y45T49__ENVCAUSE--ENVCAUSE068,dcid:oceania,2019,549.16906
dcs:who/AIR_15.ENVCAUSE--ENVCAUSE039,dcid:oceania,2019,85143.50719
dcs:who/AIR_15.AGE--Y30T34__ENVCAUSE--ENVCAUSE118,dcid:oceania,2019,1609.20167
dcs:who/AIR_15.AGE--Y10T14__ENVCAUSE--ENVCAUSE039,dcid:oceania,2019,1707.90523
dcs:who/AIR_15.AGE--Y15T19__ENVCAUSE--ENVCAUSE039,dcid:oceania,2019,1622.59752
dcs:who/AIR_15.AGE--Y30T34__ENVCAUSE--ENVCAUSE039,dcid:oceania,2019,2096.18178
dcs:who/AIR_15.AGE--Y25T29__ENVCAUSE--ENVCAUSE068,dcid:oceania,2019,26.01647
dcs:who/AIR_15.AGE--Y50T54__ENVCAUSE--ENVCAUSE118,dcid:oceania,2019,5567.29091
dcs:who/AIR_15.ENVCAUSE--ENVCAUSE118,dcid:oceania,2019,58960.98174
dcs:who/AIR_15.AGE--Y30T34__ENVCAUSE--ENVCAUSE068,dcid:oceania,2019,135.95054
dcs:who/AIR_15.AGE--Y45T49__ENVCAUSE--ENVCAUSE118,dcid:oceania,2019,3915.15398
dcs:who/AIR_15.AGE--Y35T39__ENVCAUSE--ENVCAUSE068,dcid:oceania,2019,103.88793
dcs:who/AIR_15.AGE--Y75T79__ENVCAUSE--ENVCAUSE118,dcid:oceania,2019,5152.13465
dcs:who/AIR_15.AGE--Y55T59__ENVCAUSE--ENVCAUSE039,dcid:oceania,2019,2571.25136
dcs:who/AIR_15.AGE--Y60T64__ENVCAUSE--ENVCAUSE039,dcid:oceania,2019,2765.48144
dcs:who/AIR_15.AGE--Y5T9__ENVCAUSE--ENVCAUSE039,dcid:oceania,2019,2631.2303
dcs:who/AIR_15.AGE--Y70T74__ENVCAUSE--ENVCAUSE039,dcid:oceania,2019,1974.86561
dcs:who/AIR_15.AGE--Y_GE80__ENVCAUSE--ENVCAUSE118,dcid:oceania,2019,3988.31288
dcs:who/AIR_15.AGE--Y35T39__ENVCAUSE--ENVCAUSE039,dcid:oceania,2019,2885.80379
dcs:who/AIR_15.AGE--Y25T29__ENVCAUSE--ENVCAUSE039,dcid:oceania,2019,2012.55066
dcs:who/AIR_15.AGE--Y75T79__ENVCAUSE--ENVCAUSE039,dcid:oceania,2019,1574.69633
dcs:who/AIR_15.AGE--Y40T44__ENVCAUSE--ENVCAUSE039,dcid:oceania,2019,2360.87334
dcs:who/AIR_15.AGE--Y65T69__ENVCAUSE--ENVCAUSE039,dcid:oceania,2019,2485.84797
dcs:who/AIR_15.AGE--Y60T64__ENVCAUSE--ENVCAUSE118,dcid:oceania,2019,8627.23504
dcs:who/AIR_15.AGE--Y65T69__ENVCAUSE--ENVCAUSE118,dcid:oceania,2019,9671.08511
dcs:who/AIR_15.AGE--Y70T74__ENVCAUSE--ENVCAUSE118,dcid:oceania,2019,7604.9374
dcs:who/AIR_15.AGE--Y_GE80__ENVCAUSE--ENVCAUSE039,dcid:oceania,2019,1635.76579
dcs:who/AIR_15.AGE--Y50T54__ENVCAUSE--ENVCAUSE039,dcid:oceania,2019,2453.34054
dcs:who/AIR_15.AGE--Y35T39__ENVCAUSE--ENVCAUSE118,dcid:oceania,2019,2152.30185
dcs:who/AIR_15.AGE--Y20T24__ENVCAUSE--ENVCAUSE039,dcid:oceania,2019,1840.67827
dcs:who/AIR_15.AGE--Y0T4__ENVCAUSE--ENVCAUSE039,dcid:oceania,2019,50257.99455
dcs:who/AIR_15.AGE--Y45T49__ENVCAUSE--ENVCAUSE039,dcid:oceania,2019,2266.43781
dcs:who/AIR_15.AGE--Y40T44__ENVCAUSE--ENVCAUSE118,dcid:oceania,2019,2813.95655
dcs:who/AIR_15.AGE--Y55T59__ENVCAUSE--ENVCAUSE118,dcid:oceania,2019,6701.34991
dcs:who/AIR_15,dcid:oceania,2019,322430.7943
dcs:who/AIR_15.AGE--Y45T49__ENVCAUSE--ENVCAUSE113,dcid:oceania,2019,13136.9962
dcs:who/AIR_15.AGE--Y75T79__ENVCAUSE--ENVCAUSE104,dcid:oceania,2019,197.01346
dcs:who/AIR_15.AGE--Y25T29__ENVCAUSE--ENVCAUSE113,dcid:oceania,2019,1418.51564
dcs:who/AIR_15.AGE--Y30T34__ENVCAUSE--ENVCAUSE104,dcid:oceania,2019,24.26343
dcs:who/AIR_15.AGE--Y70T74__ENVCAUSE--ENVCAUSE104,dcid:oceania,2019,273.87736
dcs:who/AIR_15.AGE--Y65T69__ENVCAUSE--ENVCAUSE104,dcid:oceania,2019,356.26716
dcs:who/AIR_15.ENVCAUSE--ENVCAUSE113,dcid:oceania,2019,102633.6375
dcs:who/AIR_15.AGE--Y75T79__ENVCAUSE--ENVCAUSE113,dcid:oceania,2019,4779.17328
dcs:who/AIR_15.AGE--Y45T49__ENVCAUSE--ENVCAUSE114,dcid:oceania,2019,6749.57294
dcs:who/AIR_15.AGE--Y30T34__ENVCAUSE--ENVCAUSE113,dcid:oceania,2019,3186.50149
dcs:who/AIR_15.AGE--Y_GE80__ENVCAUSE--ENVCAUSE104,dcid:oceania,2019,184.36964
dcs:who/AIR_15.AGE--Y40T44__ENVCAUSE--ENVCAUSE114,dcid:oceania,2019,5701.85699
dcs:who/AIR_15.AGE--Y_GE80__ENVCAUSE--ENVCAUSE113,dcid:oceania,2019,3688.67107
dcs:who/AIR_15.AGE--Y25T29__ENVCAUSE--ENVCAUSE104,dcid:oceania,2019,11.22745
dcs:who/AIR_15.AGE--Y35T39__ENVCAUSE--ENVCAUSE114,dcid:oceania,2019,4391.88423
dcs:who/AIR_15.AGE--Y55T59__ENVCAUSE--ENVCAUSE114,dcid:oceania,2019,8003.86723
dcs:who/AIR_15.AGE--Y50T54__ENVCAUSE--ENVCAUSE113,dcid:oceania,2019,14035.76383
dcs:who/AIR_15.AGE--Y70T74__ENVCAUSE--ENVCAUSE113,dcid:oceania,2019,7724.97857
dcs:who/AIR_15.AGE--Y35T39__ENVCAUSE--ENVCAUSE113,dcid:oceania,2019,6200.99941
dcs:who/AIR_15.AGE--Y55T59__ENVCAUSE--ENVCAUSE104,dcid:oceania,2019,252.32946
dcs:who/AIR_15.AGE--Y65T69__ENVCAUSE--ENVCAUSE114,dcid:oceania,2019,7384.96392
dcs:who/AIR_15.AGE--Y60T64__ENVCAUSE--ENVCAUSE104,dcid:oceania,2019,341.128
dcs:who/AIR_15.AGE--Y25T29__ENVCAUSE--ENVCAUSE114,dcid:oceania,2019,2076.32456
dcs:who/AIR_15.AGE--Y55T59__ENVCAUSE--ENVCAUSE113,dcid:oceania,2019,14462.85241
dcs:who/AIR_15.AGE--Y30T34__ENVCAUSE--ENVCAUSE114,dcid:oceania,2019,2318.02728
dcs:who/AIR_15.AGE--Y50T54__ENVCAUSE--ENVCAUSE114,dcid:oceania,2019,7636.48946
dcs:who/AIR_15.AGE--Y60T64__ENVCAUSE--ENVCAUSE114,dcid:oceania,2019,8065.5561
dcs:who/AIR_15.AGE--Y75T79__ENVCAUSE--ENVCAUSE114,dcid:oceania,2019,3874.51923
dcs:who/AIR_15.ENVCAUSE--ENVCAUSE114,dcid:oceania,2019,64707.90962
dcs:who/AIR_15.AGE--Y35T39__ENVCAUSE--ENVCAUSE104,dcid:oceania,2019,42.56467
dcs:who/AIR_15.AGE--Y40T44__ENVCAUSE--ENVCAUSE113,dcid:oceania,2019,9748.52275
dcs:who/AIR_15.AGE--Y45T49__ENVCAUSE--ENVCAUSE104,dcid:oceania,2019,120.22129
dcs:who/AIR_15.AGE--Y40T44__ENVCAUSE--ENVCAUSE104,dcid:oceania,2019,76.10479
dcs:who/AIR_15.AGE--Y65T69__ENVCAUSE--ENVCAUSE113,dcid:oceania,2019,10573.59425
dcs:who/AIR_15.ENVCAUSE--ENVCAUSE104,dcid:oceania,2019,2048.27839
dcs:who/AIR_15.AGE--Y_GE80__ENVCAUSE--ENVCAUSE114,dcid:oceania,2019,2829.31313
dcs:who/AIR_15.AGE--Y60T64__ENVCAUSE--ENVCAUSE113,dcid:oceania,2019,13677.06754
dcs:who/AIR_15.AGE--Y70T74__ENVCAUSE--ENVCAUSE114,dcid:oceania,2019,5675.53479
dcs:who/AIR_15.AGE--Y25T29__ENVCAUSE--ENVCAUSE118,dcid:oceania,2019,1158.02143
dcs:who/AIR_15.AGE--Y50T54__ENVCAUSE--ENVCAUSE104,dcid:oceania,2019,168.91165
dcs:who/AIR_15.AGE--Y30T34__ENVCAUSE--ENVCAUSE068__SEX--M,dcid:undata-geo/G00100100,2019,41.13593
dcs:who/AIR_15.AGE--Y25T29__ENVCAUSE--ENVCAUSE068__SEX--M,dcid:undata-geo/G00100100,2019,27.19415
dcs:who/AIR_15.AGE--Y55T59__ENVCAUSE--ENVCAUSE039__SEX--M,dcid:undata-geo/G00100100,2019,1467.24229
dcs:who/AIR_15.ENVCAUSE--ENVCAUSE039__SEX--M,dcid:undata-geo/G00100100,2019,18652.67392
dcs:who/AIR_15.AGE--Y70T74__ENVCAUSE--ENVCAUSE068__SEX--M,dcid:undata-geo/G00100100,2019,2102.25572
dcs:who/AIR_15.AGE--Y25T29__ENVCAUSE--ENVCAUSE039__SEX--M,dcid:undata-geo/G00100100,2019,291.23045
dcs:who/AIR_15.AGE--Y60T64__ENVCAUSE--ENVCAUSE039__SEX--M,dcid:undata-geo/G00100100,2019,2130.51641
dcs:who/AIR_15.AGE--Y30T34__ENVCAUSE--ENVCAUSE039__SEX--M,dcid:undata-geo/G00100100,2019,371.06295
dcs:who/AIR_15.AGE--Y20T24__ENVCAUSE--ENVCAUSE039__SEX--M,dcid:undata-geo/G00100100,2019,237.51387
dcs:who/AIR_15.AGE--Y15T19__ENVCAUSE--ENVCAUSE039__SEX--M,dcid:undata-geo/G00100100,2019,205.35867
dcs:who/AIR_15.AGE--Y65T69__ENVCAUSE--ENVCAUSE068__SEX--M,dcid:undata-geo/G00100100,2019,3342.58345
dcs:who/AIR_15.AGE--Y35T39__ENVCAUSE--ENVCAUSE039__SEX--M,dcid:undata-geo/G00100100,2019,416.87004
dcs:who/AIR_15.AGE--Y50T54__ENVCAUSE--ENVCAUSE068__SEX--M,dcid:undata-geo/G00100100,2019,1786.47606
dcs:who/AIR_15.AGE--Y65T69__ENVCAUSE--ENVCAUSE039__SEX--M,dcid:undata-geo/G00100100,2019,2025.55912
dcs:who/AIR_15.AGE--Y40T44__ENVCAUSE--ENVCAUSE068__SEX--M,dcid:undata-geo/G00100100,2019,366.35778
dcs:who/AIR_15.AGE--Y35T39__ENVCAUSE--ENVCAUSE068__SEX--M,dcid:undata-geo/G00100100,2019,126.16389
dcs:who/AIR_15.AGE--Y_GE80__ENVCAUSE--ENVCAUSE068__SEX--M,dcid:undata-geo/G00100100,2019,737.09193
dcs:who/AIR_15.AGE--Y75T79__ENVCAUSE--ENVCAUSE039__SEX--M,dcid:undata-geo/G00100100,2019,1281.84317
dcs:who/AIR_15.AGE--Y55T59__ENVCAUSE--ENVCAUSE068__SEX--M,dcid:undata-geo/G00100100,2019,2412.7075
dcs:who/AIR_15.AGE--Y45T49__ENVCAUSE--ENVCAUSE068__SEX--M,dcid:undata-geo/G00100100,2019,840.97477
dcs:who/AIR_15.AGE--Y45T49__ENVCAUSE--ENVCAUSE039__SEX--M,dcid:undata-geo/G00100100,2019,1218.32806
dcs:who/AIR_15.AGE--Y40T44__ENVCAUSE--ENVCAUSE039__SEX--M,dcid:undata-geo/G00100100,2019,939.06588
dcs:who/AIR_15.AGE--Y60T64__ENVCAUSE--ENVCAUSE068__SEX--M,dcid:undata-geo/G00100100,2019,4033.07096
dcs:who/AIR_15.AGE--Y70T74__ENVCAUSE--ENVCAUSE039__SEX--M,dcid:undata-geo/G00100100,2019,1675.94948
dcs:who/AIR_15.AGE--Y10T14__ENVCAUSE--ENVCAUSE039__SEX--M,dcid:undata-geo/G00100100,2019,152.87475
dcs:who/AIR_15.AGE--Y50T54__ENVCAUSE--ENVCAUSE039__SEX--M,dcid:undata-geo/G00100100,2019,1443.05522
dcs:who/AIR_15.AGE--Y75T79__ENVCAUSE--ENVCAUSE068__SEX--M,dcid:undata-geo/G00100100,2019,1105.23205
dcs:who/AIR_15.AGE--Y_GE80__ENVCAUSE--ENVCAUSE039__SEX--M,dcid:undata-geo/G00100100,2019,1918.66977
dcs:who/AIR_15.ENVCAUSE--ENVCAUSE068__SEX--M,dcid:undata-geo/G00100100,2019,16921.24443
dcs:who/AIR_15.AGE--Y35T39__ENVCAUSE--ENVCAUSE118__SEX--M,dcid:undata-geo/G00100100,2019,113.75676
dcs:who/AIR_15.AGE--Y_GE80__ENVCAUSE--ENVCAUSE118__SEX--M,dcid:undata-geo/G00100100,2019,2436.19677
dcs:who/AIR_15.AGE--Y70T74__ENVCAUSE--ENVCAUSE118__SEX--M,dcid:undata-geo/G00100100,2019,1590.41774
dcs:who/AIR_15.AGE--Y60T64__ENVCAUSE--ENVCAUSE114__SEX--M,dcid:undata-geo/G00100100,2019,3049.85881
dcs:who/AIR_15.AGE--Y50T54__ENVCAUSE--ENVCAUSE118__SEX--M,dcid:undata-geo/G00100100,2019,933.0512
dcs:who/AIR_15.AGE--Y75T79__ENVCAUSE--ENVCAUSE118__SEX--M,dcid:undata-geo/G00100100,2019,1323.16991
dcs:who/AIR_15.AGE--Y70T74__ENVCAUSE--ENVCAUSE114__SEX--M,dcid:undata-geo/G00100100,2019,3721.52563
dcs:who/AIR_15.AGE--Y75T79__ENVCAUSE--ENVCAUSE113__SEX--M,dcid:undata-geo/G00100100,2019,4825.59399
dcs:who/AIR_15.AGE--Y75T79__ENVCAUSE--ENVCAUSE114__SEX--M,dcid:undata-geo/G00100100,2019,3351.46541
dcs:who/AIR_15.AGE--Y40T44__ENVCAUSE--ENVCAUSE118__SEX--M,dcid:undata-geo/G00100100,2019,312.64887
dcs:who/AIR_15.AGE--Y40T44__ENVCAUSE--ENVCAUSE114__SEX--M,dcid:undata-geo/G00100100,2019,521.77836
dcs:who/AIR_15.AGE--Y55T59__ENVCAUSE--ENVCAUSE114__SEX--M,dcid:undata-geo/G00100100,2019,1625.04194
dcs:who/AIR_15.AGE--Y30T34__ENVCAUSE--ENVCAUSE118__SEX--M,dcid:undata-geo/G00100100,2019,86.49991
dcs:who/AIR_15.ENVCAUSE--ENVCAUSE113__SEX--M,dcid:undata-geo/G00100100,2019,48143.10822
dcs:who/AIR_15.AGE--Y_GE80__ENVCAUSE--ENVCAUSE114__SEX--M,dcid:undata-geo/G00100100,2019,6145.89372
dcs:who/AIR_15.AGE--Y60T64__ENVCAUSE--ENVCAUSE118__SEX--M,dcid:undata-geo/G00100100,2019,1655.17388
dcs:who/AIR_15.AGE--Y30T34__ENVCAUSE--ENVCAUSE114__SEX--M,dcid:undata-geo/G00100100,2019,162.21764
dcs:who/AIR_15.AGE--Y25T29__ENVCAUSE--ENVCAUSE114__SEX--M,dcid:undata-geo/G00100100,2019,99.21141
dcs:who/AIR_15.AGE--Y0T4__ENVCAUSE--ENVCAUSE039__SEX--M,dcid:undata-geo/G00100100,2019,2715.73449
dcs:who/AIR_15.AGE--Y50T54__ENVCAUSE--ENVCAUSE114__SEX--M,dcid:undata-geo/G00100100,2019,1341.75628
dcs:who/AIR_15.ENVCAUSE--ENVCAUSE114__SEX--M,dcid:undata-geo/G00100100,2019,24809.05789
dcs:who/AIR_15.ENVCAUSE--ENVCAUSE118__SEX--M,dcid:undata-geo/G00100100,2019,11911.5611
dcs:who/AIR_15.AGE--Y45T49__ENVCAUSE--ENVCAUSE114__SEX--M,dcid:undata-geo/G00100100,2019,880.43553
dcs:who/AIR_15.AGE--Y_GE80__ENVCAUSE--ENVCAUSE113__SEX--M,dcid:undata-geo/G00100100,2019,10506.28828
dcs:who/AIR_15.AGE--Y65T69__ENVCAUSE--ENVCAUSE114__SEX--M,dcid:undata-geo/G00100100,2019,3671.62735
dcs:who/AIR_15.AGE--Y65T69__ENVCAUSE--ENVCAUSE118__SEX--M,dcid:undata-geo/G00100100,2019,1762.46451
dcs:who/AIR_15.AGE--Y25T29__ENVCAUSE--ENVCAUSE118__SEX--M,dcid:undata-geo/G00100100,2019,71.86507
dcs:who/AIR_15.AGE--Y35T39__ENVCAUSE--ENVCAUSE114__SEX--M,dcid:undata-geo/G00100100,2019,238.24515
dcs:who/AIR_15.AGE--Y70T74__ENVCAUSE--ENVCAUSE113__SEX--M,dcid:undata-geo/G00100100,2019,5736.38107
dcs:who/AIR_15.AGE--Y55T59__ENVCAUSE--ENVCAUSE118__SEX--M,dcid:undata-geo/G00100100,2019,1116.87289
dcs:who/AIR_15.AGE--Y5T9__ENVCAUSE--ENVCAUSE039__SEX--M,dcid:undata-geo/G00100100,2019,161.80004
dcs:who/AIR_15.AGE--Y45T49__ENVCAUSE--ENVCAUSE118__SEX--M,dcid:undata-geo/G00100100,2019,509.44341
dcs:who/AIR_15.AGE--Y50T54__ENVCAUSE--ENVCAUSE068__SEX--F,dcid:undata-geo/G00100100,2019,652.05871
dcs:who/AIR_15.AGE--Y65T69__ENVCAUSE--ENVCAUSE113__SEX--M,dcid:undata-geo/G00100100,2019,6782.91111
dcs:who/AIR_15.AGE--Y60T64__ENVCAUSE--ENVCAUSE039__SEX--F,dcid:undata-geo/G00100100,2019,964.49295
dcs:who/AIR_15.AGE--Y70T74__ENVCAUSE--ENVCAUSE039__SEX--F,dcid:undata-geo/G00100100,2019,1182.80365
dcs:who/AIR_15.AGE--Y25T29__ENVCAUSE--ENVCAUSE113__SEX--M,dcid:undata-geo/G00100100,2019,177.64799
dcs:who/AIR_15.ENVCAUSE--ENVCAUSE039__SEX--F,dcid:undata-geo/G00100100,2019,12096.54251
dcs:who/AIR_15.AGE--Y_GE80__ENVCAUSE--ENVCAUSE039__SEX--F,dcid:undata-geo/G00100100,2019,2600.06818
dcs:who/AIR_15.AGE--Y65T69__ENVCAUSE--ENVCAUSE068__SEX--F,dcid:undata-geo/G00100100,2019,1142.72742
dcs:who/AIR_15.AGE--Y55T59__ENVCAUSE--ENVCAUSE113__SEX--M,dcid:undata-geo/G00100100,2019,4265.48106
dcs:who/AIR_15.AGE--Y40T44__ENVCAUSE--ENVCAUSE039__SEX--F,dcid:undata-geo/G00100100,2019,315.98927
dcs:who/AIR_15.AGE--Y40T44__ENVCAUSE--ENVCAUSE113__SEX--M,dcid:undata-geo/G00100100,2019,1512.58411
dcs:who/AIR_15.AGE--Y65T69__ENVCAUSE--ENVCAUSE039__SEX--F,dcid:undata-geo/G00100100,2019,1166.3573
dcs:who/AIR_15.AGE--Y70T74__ENVCAUSE--ENVCAUSE068__SEX--F,dcid:undata-geo/G00100100,2019,860.11281
dcs:who/AIR_15.AGE--Y75T79__ENVCAUSE--ENVCAUSE068__SEX--F,dcid:undata-geo/G00100100,2019,499.23367
dcs:who/AIR_15.AGE--Y_GE80__ENVCAUSE--ENVCAUSE068__SEX--F,dcid:undata-geo/G00100100,2019,577.339
dcs:who/AIR_15.AGE--Y45T49__ENVCAUSE--ENVCAUSE113__SEX--M,dcid:undata-geo/G00100100,2019,2427.58553
dcs:who/AIR_15.ENVCAUSE--ENVCAUSE068__SEX--F,dcid:undata-geo/G00100100,2019,6604.50185
dcs:who/AIR_15.AGE--Y60T64__ENVCAUSE--ENVCAUSE113__SEX--M,dcid:undata-geo/G00100100,2019,6842.79102
dcs:who/AIR_15.AGE--Y50T54__ENVCAUSE--ENVCAUSE113__SEX--M,dcid:undata-geo/G00100100,2019,4151.30228
dcs:who/AIR_15.AGE--Y35T39__ENVCAUSE--ENVCAUSE113__SEX--M,dcid:undata-geo/G00100100,2019,582.7291
dcs:who/AIR_15.AGE--Y55T59__ENVCAUSE--ENVCAUSE068__SEX--F,dcid:undata-geo/G00100100,2019,802.14039
dcs:who/AIR_15.AGE--Y50T54__ENVCAUSE--ENVCAUSE039__SEX--F,dcid:undata-geo/G00100100,2019,549.32698
dcs:who/AIR_15.AGE--Y60T64__ENVCAUSE--ENVCAUSE068__SEX--F,dcid:undata-geo/G00100100,2019,1229.94839
dcs:who/AIR_15.AGE--Y30T34__ENVCAUSE--ENVCAUSE068__SEX--F,dcid:undata-geo/G00100100,2019,42.24684
dcs:who/AIR_15.AGE--Y30T34__ENVCAUSE--ENVCAUSE113__SEX--M,dcid:undata-geo/G00100100,2019,331.81072
dcs:who/AIR_15.SEX--M,dcid:undata-geo/G00100100,2019,120437.6432
dcs:who/AIR_15.AGE--Y45T49__ENVCAUSE--ENVCAUSE068__SEX--F,dcid:undata-geo/G00100100,2019,445.74673
dcs:who/AIR_15.AGE--Y45T49__ENVCAUSE--ENVCAUSE039__SEX--F,dcid:undata-geo/G00100100,2019,365.18184
dcs:who/AIR_15.AGE--Y75T79__ENVCAUSE--ENVCAUSE039__SEX--F,dcid:undata-geo/G00100100,2019,1252.20042
dcs:who/AIR_15.AGE--Y40T44__ENVCAUSE--ENVCAUSE068__SEX--F,dcid:undata-geo/G00100100,2019,248.1326
dcs:who/AIR_15.AGE--Y25T29__ENVCAUSE--ENVCAUSE068__SEX--F,dcid:undata-geo/G00100100,2019,7.96286
dcs:who/AIR_15.AGE--Y35T39__ENVCAUSE--ENVCAUSE068__SEX--F,dcid:undata-geo/G00100100,2019,96.85241
dcs:who/AIR_15.AGE--Y55T59__ENVCAUSE--ENVCAUSE039__SEX--F,dcid:undata-geo/G00100100,2019,502.16335
dcs:who/AIR_15.AGE--Y10T14__ENVCAUSE--ENVCAUSE039__SEX--F,dcid:undata-geo/G00100100,2019,91.52257
dcs:who/AIR_15.AGE--Y75T79__ENVCAUSE--ENVCAUSE118__SEX--F,dcid:undata-geo/G00100100,2019,901.78881
dcs:who/AIR_15.AGE--Y25T29__ENVCAUSE--ENVCAUSE118__SEX--F,dcid:undata-geo/G00100100,2019,58.64847
dcs:who/AIR_15.AGE--Y30T34__ENVCAUSE--ENVCAUSE039__SEX--F,dcid:undata-geo/G00100100,2019,153.41081
dcs:who/AIR_15.AGE--Y50T54__ENVCAUSE--ENVCAUSE114__SEX--F,dcid:undata-geo/G00100100,2019,854.68247
dcs:who/AIR_15.AGE--Y60T64__ENVCAUSE--ENVCAUSE118__SEX--F,dcid:undata-geo/G00100100,2019,710.94933
dcs:who/AIR_15.AGE--Y40T44__ENVCAUSE--ENVCAUSE118__SEX--F,dcid:undata-geo/G00100100,2019,167.35797
dcs:who/AIR_15.AGE--Y35T39__ENVCAUSE--ENVCAUSE039__SEX--F,dcid:undata-geo/G00100100,2019,205.02069
dcs:who/AIR_15.AGE--Y65T69__ENVCAUSE--ENVCAUSE113__SEX--F,dcid:undata-geo/G00100100,2019,3668.60838
dcs:who/AIR_15.AGE--Y35T39__ENVCAUSE--ENVCAUSE118__SEX--F,dcid:undata-geo/G00100100,2019,89.79638
dcs:who/AIR_15.AGE--Y20T24__ENVCAUSE--ENVCAUSE039__SEX--F,dcid:undata-geo/G00100100,2019,129.9607
dcs:who/AIR_15.AGE--Y75T79__ENVCAUSE--ENVCAUSE113__SEX--F,dcid:undata-geo/G00100100,2019,5476.73323
dcs:who/AIR_15.ENVCAUSE--ENVCAUSE113__SEX--F,dcid:undata-geo/G00100100,2019,39555.80713
dcs:who/AIR_15.AGE--Y25T29__ENVCAUSE--ENVCAUSE039__SEX--F,dcid:undata-geo/G00100100,2019,163.23314
dcs:who/AIR_15.AGE--Y5T9__ENVCAUSE--ENVCAUSE039__SEX--F,dcid:undata-geo/G00100100,2019,162.67737
dcs:who/AIR_15.AGE--Y75T79__ENVCAUSE--ENVCAUSE114__SEX--F,dcid:undata-geo/G00100100,2019,4598.34572
dcs:who/AIR_15.AGE--Y60T64__ENVCAUSE--ENVCAUSE114__SEX--F,dcid:undata-geo/G00100100,2019,2022.4926
dcs:who/AIR_15.AGE--Y60T64__ENVCAUSE--ENVCAUSE113__SEX--F,dcid:undata-geo/G00100100,2019,2717.55988
dcs:who/AIR_15.ENVCAUSE--ENVCAUSE114__SEX--F,dcid:undata-geo/G00100100,2019,29119.08255
dcs:who/AIR_15.AGE--Y55T59__ENVCAUSE--ENVCAUSE114__SEX--F,dcid:undata-geo/G00100100,2019,981.95809
dcs:who/AIR_15.AGE--Y40T44__ENVCAUSE--ENVCAUSE114__SEX--F,dcid:undata-geo/G00100100,2019,373.81031
dcs:who/AIR_15.AGE--Y15T19__ENVCAUSE--ENVCAUSE039__SEX--F,dcid:undata-geo/G00100100,2019,172.48217
dcs:who/AIR_15.AGE--Y65T69__ENVCAUSE--ENVCAUSE118__SEX--F,dcid:undata-geo/G00100100,2019,794.61478
dcs:who/AIR_15.AGE--Y70T74__ENVCAUSE--ENVCAUSE118__SEX--F,dcid:undata-geo/G00100100,2019,773.8865
dcs:who/AIR_15.AGE--Y50T54__ENVCAUSE--ENVCAUSE118__SEX--F,dcid:undata-geo/G00100100,2019,396.71788
dcs:who/AIR_15.AGE--Y70T74__ENVCAUSE--ENVCAUSE113__SEX--F,dcid:undata-geo/G00100100,2019,4416.67466
dcs:who/AIR_15.AGE--Y25T29__ENVCAUSE--ENVCAUSE114__SEX--F,dcid:undata-geo/G00100100,2019,79.57149
dcs:who/AIR_15.AGE--Y45T49__ENVCAUSE--ENVCAUSE118__SEX--F,dcid:undata-geo/G00100100,2019,244.33241
dcs:who/AIR_15.AGE--Y0T4__ENVCAUSE--ENVCAUSE039__SEX--F,dcid:undata-geo/G00100100,2019,2119.65093
dcs:who/AIR_15.AGE--Y30T34__ENVCAUSE--ENVCAUSE118__SEX--F,dcid:undata-geo/G00100100,2019,86.0702
dcs:who/AIR_15.AGE--Y45T49__ENVCAUSE--ENVCAUSE114__SEX--F,dcid:undata-geo/G00100100,2019,544.77176
dcs:who/AIR_15.AGE--Y55T59__ENVCAUSE--ENVCAUSE118__SEX--F,dcid:undata-geo/G00100100,2019,389.09811
dcs:who/AIR_15.AGE--Y35T39__ENVCAUSE--ENVCAUSE114__SEX--F,dcid:undata-geo/G00100100,2019,161.32125
dcs:who/AIR_15.AGE--Y30T34__ENVCAUSE--ENVCAUSE114__SEX--F,dcid:undata-geo/G00100100,2019,120.90657
dcs:who/AIR_15.ENVCAUSE--ENVCAUSE118__SEX--F,dcid:undata-geo/G00100100,2019,6997.50589
dcs:who/AIR_15.AGE--Y65T69__ENVCAUSE--ENVCAUSE114__SEX--F,dcid:undata-geo/G00100100,2019,2896.1731
dcs:who/AIR_15.AGE--Y_GE80__ENVCAUSE--ENVCAUSE114__SEX--F,dcid:undata-geo/G00100100,2019,12632.93859
dcs:who/AIR_15.AGE--Y70T74__ENVCAUSE--ENVCAUSE114__SEX--F,dcid:undata-geo/G00100100,2019,3852.11104
dcs:who/AIR_15.AGE--Y_GE80__ENVCAUSE--ENVCAUSE113__SEX--F,dcid:undata-geo/G00100100,2019,19407.81197
dcs:who/AIR_15.AGE--Y_GE80__ENVCAUSE--ENVCAUSE118__SEX--F,dcid:undata-geo/G00100100,2019,2384.24509
dcs:who/AIR_15.AGE--Y25T29__ENVCAUSE--ENVCAUSE113__SEX--F,dcid:undata-geo/G00100100,2019,55.06653
dcs:who/AIR_15.AGE--Y_GE80__ENVCAUSE--ENVCAUSE104__SEX--F,dcid:undata-geo/G00100100,2019,202.11093
dcs:who/AIR_15.ENVCAUSE--ENVCAUSE039,dcid:undata-geo/G00100100,2019,30749.21741
dcs:who/AIR_15.AGE--Y_GE80__ENVCAUSE--ENVCAUSE039,dcid:undata-geo/G00100100,2019,4518.73785
dcs:who/AIR_15.AGE--Y70T74__ENVCAUSE--ENVCAUSE104__SEX--F,dcid:undata-geo/G00100100,2019,91.23407
dcs:who/AIR_15.AGE--Y60T64__ENVCAUSE--ENVCAUSE068,dcid:undata-geo/G00100100,2019,5263.01935
dcs:who/AIR_15.AGE--Y25T29__ENVCAUSE--ENVCAUSE104__SEX--F,dcid:undata-geo/G00100100,2019,0.38005
dcs:who/AIR_15.AGE--Y65T69__ENVCAUSE--ENVCAUSE104__SEX--F,dcid:undata-geo/G00100100,2019,78.21269
dcs:who/AIR_15.AGE--Y40T44__ENVCAUSE--ENVCAUSE113__SEX--F,dcid:undata-geo/G00100100,2019,394.65511
dcs:who/AIR_15.AGE--Y45T49__ENVCAUSE--ENVCAUSE068,dcid:undata-geo/G00100100,2019,1286.72154
dcs:who/AIR_15.AGE--Y45T49__ENVCAUSE--ENVCAUSE104__SEX--F,dcid:undata-geo/G00100100,2019,10.33558
dcs:who/AIR_15.AGE--Y35T39__ENVCAUSE--ENVCAUSE113__SEX--F,dcid:undata-geo/G00100100,2019,154.47754
dcs:who/AIR_15.AGE--Y50T54__ENVCAUSE--ENVCAUSE113__SEX--F,dcid:undata-geo/G00100100,2019,1128.68464
dcs:who/AIR_15.AGE--Y55T59__ENVCAUSE--ENVCAUSE104__SEX--F,dcid:undata-geo/G00100100,2019,26.10973
dcs:who/AIR_15.AGE--Y55T59__ENVCAUSE--ENVCAUSE113__SEX--F,dcid:undata-geo/G00100100,2019,1389.42489
dcs:who/AIR_15.AGE--Y75T79__ENVCAUSE--ENVCAUSE068,dcid:undata-geo/G00100100,2019,1604.46578
dcs:who/AIR_15.AGE--Y40T44__ENVCAUSE--ENVCAUSE104__SEX--F,dcid:undata-geo/G00100100,2019,5.26178
dcs:who/AIR_15.AGE--Y65T69__ENVCAUSE--ENVCAUSE068,dcid:undata-geo/G00100100,2019,4485.31099
dcs:who/AIR_15.AGE--Y45T49__ENVCAUSE--ENVCAUSE113__SEX--F,dcid:undata-geo/G00100100,2019,634.31148
dcs:who/AIR_15.AGE--Y75T79__ENVCAUSE--ENVCAUSE104__SEX--F,dcid:undata-geo/G00100100,2019,89.30407
dcs:who/AIR_15.AGE--Y30T34__ENVCAUSE--ENVCAUSE113__SEX--F,dcid:undata-geo/G00100100,2019,111.79937
dcs:who/AIR_15.AGE--Y25T29__ENVCAUSE--ENVCAUSE068,dcid:undata-geo/G00100100,2019,35.15701
dcs:who/AIR_15.AGE--Y30T34__ENVCAUSE--ENVCAUSE104__SEX--F,dcid:undata-geo/G00100100,2019,1.11459
dcs:who/AIR_15.AGE--Y60T64__ENVCAUSE--ENVCAUSE104__SEX--F,dcid:undata-geo/G00100100,2019,50.15328
dcs:who/AIR_15.AGE--Y50T54__ENVCAUSE--ENVCAUSE068,dcid:undata-geo/G00100100,2019,2438.53483
dcs:who/AIR_15.ENVCAUSE--ENVCAUSE068,dcid:undata-geo/G00100100,2019,23525.7448
dcs:who/AIR_15.AGE--Y_GE80__ENVCAUSE--ENVCAUSE068,dcid:undata-geo/G00100100,2019,1314.43093
dcs:who/AIR_15.AGE--Y40T44__ENVCAUSE--ENVCAUSE068,dcid:undata-geo/G00100100,2019,614.49042
dcs:who/AIR_15.AGE--Y55T59__ENVCAUSE--ENVCAUSE068,dcid:undata-geo/G00100100,2019,3214.84801
dcs:who/AIR_15.AGE--Y35T39__ENVCAUSE--ENVCAUSE104__SEX--F,dcid:undata-geo/G00100100,2019,2.20571
dcs:who/AIR_15.AGE--Y70T74__ENVCAUSE--ENVCAUSE068,dcid:undata-geo/G00100100,2019,2962.36854
dcs:who/AIR_15.AGE--Y30T34__ENVCAUSE--ENVCAUSE068,dcid:undata-geo/G00100100,2019,83.38277
dcs:who/AIR_15.AGE--Y35T39__ENVCAUSE--ENVCAUSE068,dcid:undata-geo/G00100100,2019,223.01629
dcs:who/AIR_15.ENVCAUSE--ENVCAUSE104__SEX--F,dcid:undata-geo/G00100100,2019,573.98539
dcs:who/AIR_15.SEX--F,dcid:undata-geo/G00100100,2019,94947.42908
dcs:who/AIR_15.AGE--Y50T54__ENVCAUSE--ENVCAUSE104__SEX--F,dcid:undata-geo/G00100100,2019,17.56289
dcs:who/AIR_15.AGE--Y40T44__ENVCAUSE--ENVCAUSE039,dcid:undata-geo/G00100100,2019,1255.05515
dcs:who/AIR_15.AGE--Y45T49__ENVCAUSE--ENVCAUSE118,dcid:undata-geo/G00100100,2019,753.77586
dcs:who/AIR_15.AGE--Y15T19__ENVCAUSE--ENVCAUSE039,dcid:undata-geo/G00100100,2019,377.84085
dcs:who/AIR_15.AGE--Y35T39__ENVCAUSE--ENVCAUSE118,dcid:undata-geo/G00100100,2019,203.55315
dcs:who/AIR_15.AGE--Y10T14__ENVCAUSE--ENVCAUSE039,dcid:undata-geo/G00100100,2019,244.39733
dcs:who/AIR_15.AGE--Y_GE80__ENVCAUSE--ENVCAUSE118,dcid:undata-geo/G00100100,2019,4820.44173
dcs:who/AIR_15.AGE--Y35T39__ENVCAUSE--ENVCAUSE039,dcid:undata-geo/G00100100,2019,621.89072
dcs:who/AIR_15.AGE--Y75T79__ENVCAUSE--ENVCAUSE118,dcid:undata-geo/G00100100,2019,2224.95866
dcs:who/AIR_15.AGE--Y70T74__ENVCAUSE--ENVCAUSE114,dcid:undata-geo/G00100100,2019,7573.63666
dcs:who/AIR_15.AGE--Y60T64__ENVCAUSE--ENVCAUSE114,dcid:undata-geo/G00100100,2019,5072.3513
dcs:who/AIR_15.AGE--Y45T49__ENVCAUSE--ENVCAUSE039,dcid:undata-geo/G00100100,2019,1583.50987
dcs:who/AIR_15.AGE--Y20T24__ENVCAUSE--ENVCAUSE039,dcid:undata-geo/G00100100,2019,367.47458
dcs:who/AIR_15.AGE--Y70T74__ENVCAUSE--ENVCAUSE039,dcid:undata-geo/G00100100,2019,2858.753
dcs:who/AIR_15.AGE--Y0T4__ENVCAUSE--ENVCAUSE039,dcid:undata-geo/G00100100,2019,4835.38541
dcs:who/AIR_15.AGE--Y65T69__ENVCAUSE--ENVCAUSE114,dcid:undata-geo/G00100100,2019,6567.80044
dcs:who/AIR_15.AGE--Y50T54__ENVCAUSE--ENVCAUSE118,dcid:undata-geo/G00100100,2019,1329.76908
dcs:who/AIR_15.AGE--Y30T34__ENVCAUSE--ENVCAUSE039,dcid:undata-geo/G00100100,2019,524.47376
dcs:who/AIR_15.AGE--Y_GE80__ENVCAUSE--ENVCAUSE114,dcid:undata-geo/G00100100,2019,18778.83231
dcs:who/AIR_15.ENVCAUSE--ENVCAUSE118,dcid:undata-geo/G00100100,2019,18909.06702
dcs:who/AIR_15.AGE--Y70T74__ENVCAUSE--ENVCAUSE118,dcid:undata-geo/G00100100,2019,2364.30437
dcs:who/AIR_15.AGE--Y75T79__ENVCAUSE--ENVCAUSE039,dcid:undata-geo/G00100100,2019,2534.04346
dcs:who/AIR_15.AGE--Y50T54__ENVCAUSE--ENVCAUSE039,dcid:undata-geo/G00100100,2019,1992.3822
dcs:who/AIR_15.AGE--Y30T34__ENVCAUSE--ENVCAUSE118,dcid:undata-geo/G00100100,2019,172.57012
dcs:who/AIR_15.AGE--Y65T69__ENVCAUSE--ENVCAUSE118,dcid:undata-geo/G00100100,2019,2557.07935
dcs:who/AIR_15.AGE--Y5T9__ENVCAUSE--ENVCAUSE039,dcid:undata-geo/G00100100,2019,324.47742
dcs:who/AIR_15.AGE--Y75T79__ENVCAUSE--ENVCAUSE114,dcid:undata-geo/G00100100,2019,7949.81113
dcs:who/AIR_15.AGE--Y60T64__ENVCAUSE--ENVCAUSE039,dcid:undata-geo/G00100100,2019,3095.00948
dcs:who/AIR_15.AGE--Y65T69__ENVCAUSE--ENVCAUSE039,dcid:undata-geo/G00100100,2019,3191.9163
dcs:who/AIR_15.AGE--Y60T64__ENVCAUSE--ENVCAUSE118,dcid:undata-geo/G00100100,2019,2366.12309
dcs:who/AIR_15.ENVCAUSE--ENVCAUSE114,dcid:undata-geo/G00100100,2019,53928.14044
dcs:who/AIR_15.AGE--Y40T44__ENVCAUSE--ENVCAUSE118,dcid:undata-geo/G00100100,2019,480.00684
dcs:who/AIR_15.AGE--Y55T59__ENVCAUSE--ENVCAUSE118,dcid:undata-geo/G00100100,2019,1505.97106
dcs:who/AIR_15.AGE--Y55T59__ENVCAUSE--ENVCAUSE039,dcid:undata-geo/G00100100,2019,1969.40558
dcs:who/AIR_15.AGE--Y25T29__ENVCAUSE--ENVCAUSE118,dcid:undata-geo/G00100100,2019,130.51354
dcs:who/AIR_15.AGE--Y25T29__ENVCAUSE--ENVCAUSE039,dcid:undata-geo/G00100100,2019,454.46358
dcs:who/AIR_15.AGE--Y50T54__ENVCAUSE--ENVCAUSE114,dcid:undata-geo/G00100100,2019,2196.43876
dcs:who/AIR_15.AGE--Y40T44__ENVCAUSE--ENVCAUSE104,dcid:undata-geo/G00100100,2019,5.26178
dcs:who/AIR_15.AGE--Y40T44__ENVCAUSE--ENVCAUSE114,dcid:undata-geo/G00100100,2019,895.58864
dcs:who/AIR_15.AGE--Y55T59__ENVCAUSE--ENVCAUSE113,dcid:undata-geo/G00100100,2019,5654.90608
dcs:who/AIR_15.AGE--Y_GE80__ENVCAUSE--ENVCAUSE113,dcid:undata-geo/G00100100,2019,29914.09927
dcs:who/AIR_15.AGE--Y45T49__ENVCAUSE--ENVCAUSE114,dcid:undata-geo/G00100100,2019,1425.20729
dcs:who/AIR_15.AGE--Y_GE80__ENVCAUSE--ENVCAUSE104,dcid:undata-geo/G00100100,2019,202.11093
dcs:who/AIR_15.AGE--Y35T39__ENVCAUSE--ENVCAUSE114,dcid:undata-geo/G00100100,2019,399.56638
dcs:who/AIR_15.AGE--Y45T49__ENVCAUSE--ENVCAUSE113,dcid:undata-geo/G00100100,2019,3061.89695
dcs:who/AIR_15.AGE--Y30T34__ENVCAUSE--ENVCAUSE104,dcid:undata-geo/G00100100,2019,1.11459
dcs:who/AIR_15.AGE--Y50T54__ENVCAUSE--ENVCAUSE113,dcid:undata-geo/G00100100,2019,5279.98681
dcs:who/AIR_15.AGE--Y70T74__ENVCAUSE--ENVCAUSE113,dcid:undata-geo/G00100100,2019,10153.05524
dcs:who/AIR_15.AGE--Y45T49__ENVCAUSE--ENVCAUSE104,dcid:undata-geo/G00100100,2019,10.33558
dcs:who/AIR_15.AGE--Y50T54__ENVCAUSE--ENVCAUSE104,dcid:undata-geo/G00100100,2019,17.56289
dcs:who/AIR_15.ENVCAUSE--ENVCAUSE113,dcid:undata-geo/G00100100,2019,87698.91138
dcs:who/AIR_15.AGE--Y70T74__ENVCAUSE--ENVCAUSE104,dcid:undata-geo/G00100100,2019,91.23407
dcs:who/AIR_15.AGE--Y60T64__ENVCAUSE--ENVCAUSE113,dcid:undata-geo/G00100100,2019,9560.35091
dcs:who/AIR_15.AGE--Y25T29__ENVCAUSE--ENVCAUSE113,dcid:undata-geo/G00100100,2019,232.71453
dcs:who/AIR_15.AGE--Y30T34__ENVCAUSE--ENVCAUSE114,dcid:undata-geo/G00100100,2019,283.12421
dcs:who/AIR_15.AGE--Y40T44__ENVCAUSE--ENVCAUSE113,dcid:undata-geo/G00100100,2019,1907.23931
dcs:who/AIR_15.AGE--Y65T69__ENVCAUSE--ENVCAUSE104,dcid:undata-geo/G00100100,2019,78.21269
dcs:who/AIR_15.AGE--Y35T39__ENVCAUSE--ENVCAUSE113,dcid:undata-geo/G00100100,2019,737.20662
dcs:who/AIR_15.AGE--Y60T64__ENVCAUSE--ENVCAUSE104,dcid:undata-geo/G00100100,2019,50.15328
dcs:who/AIR_15.ENVCAUSE--ENVCAUSE104,dcid:undata-geo/G00100100,2019,573.98539
dcs:who/AIR_15.AGE--Y25T29__ENVCAUSE--ENVCAUSE104,dcid:undata-geo/G00100100,2019,0.38005
dcs:who/AIR_15.AGE--Y75T79__ENVCAUSE--ENVCAUSE113,dcid:undata-geo/G00100100,2019,10302.32724
dcs:who/AIR_15.AGE--Y65T69__ENVCAUSE--ENVCAUSE113,dcid:undata-geo/G00100100,2019,10451.51926
dcs:who/AIR_15.AGE--Y30T34__ENVCAUSE--ENVCAUSE113,dcid:undata-geo/G00100100,2019,443.61009
dcs:who/AIR_15.AGE--Y25T29__ENVCAUSE--ENVCAUSE114,dcid:undata-geo/G00100100,2019,178.7829
dcs:who/AIR_15.AGE--Y55T59__ENVCAUSE--ENVCAUSE114,dcid:undata-geo/G00100100,2019,2607.00003
dcs:who/AIR_15.AGE--Y35T39__ENVCAUSE--ENVCAUSE104,dcid:undata-geo/G00100100,2019,2.20571
dcs:who/AIR_15,dcid:undata-geo/G00100100,2019,215385.0728
dcs:who/AIR_15.AGE--Y55T59__ENVCAUSE--ENVCAUSE104,dcid:undata-geo/G00100100,2019,26.10973
dcs:who/AIR_15.AGE--Y75T79__ENVCAUSE--ENVCAUSE104,dcid:undata-geo/G00100100,2019,89.30407
dcs:who/AIR_15.AGE--Y50T54__ENVCAUSE--ENVCAUSE039__SEX--M,dcid:undata-geo/G00100200,2019,380236.0374
dcs:who/AIR_15.AGE--Y45T49__ENVCAUSE--ENVCAUSE039__SEX--M,dcid:undata-geo/G00100200,2019,332690.6728
dcs:who/AIR_15.AGE--Y60T64__ENVCAUSE--ENVCAUSE039__SEX--M,dcid:undata-geo/G00100200,2019,549195.9348
dcs:who/AIR_15.AGE--Y65T69__ENVCAUSE--ENVCAUSE068__SEX--M,dcid:undata-geo/G00100200,2019,560296.3666
dcs:who/AIR_15.AGE--Y40T44__ENVCAUSE--ENVCAUSE068__SEX--M,dcid:undata-geo/G00100200,2019,106435.4577
dcs:who/AIR_15.AGE--Y25T29__ENVCAUSE--ENVCAUSE039__SEX--M,dcid:undata-geo/G00100200,2019,197090.1342
dcs:who/AIR_15.AGE--Y75T79__ENVCAUSE--ENVCAUSE039__SEX--M,dcid:undata-geo/G00100200,2019,425777.0042
dcs:who/AIR_15.AGE--Y50T54__ENVCAUSE--ENVCAUSE068__SEX--M,dcid:undata-geo/G00100200,2019,365337.3804
dcs:who/AIR_15.AGE--Y70T74__ENVCAUSE--ENVCAUSE068__SEX--M,dcid:undata-geo/G00100200,2019,395572.7321
dcs:who/AIR_15.AGE--Y40T44__ENVCAUSE--ENVCAUSE039__SEX--M,dcid:undata-geo/G00100200,2019,267517.9846
dcs:who/AIR_15.AGE--Y55T59__ENVCAUSE--ENVCAUSE068__SEX--M,dcid:undata-geo/G00100200,2019,482024.0613
dcs:who/AIR_15.AGE--Y15T19__ENVCAUSE--ENVCAUSE039__SEX--M,dcid:undata-geo/G00100200,2019,169254.702
dcs:who/AIR_15.AGE--Y30T34__ENVCAUSE--ENVCAUSE068__SEX--M,dcid:undata-geo/G00100200,2019,31997.56067
dcs:who/AIR_15.AGE--Y30T34__ENVCAUSE--ENVCAUSE039__SEX--M,dcid:undata-geo/G00100200,2019,209977.568
dcs:who/AIR_15.AGE--Y_GE80__ENVCAUSE--ENVCAUSE039__SEX--M,dcid:undata-geo/G00100200,2019,547312.3808
dcs:who/AIR_15.AGE--Y75T79__ENVCAUSE--ENVCAUSE068__SEX--M,dcid:undata-geo/G00100200,2019,240123.1271
dcs:who/AIR_15.AGE--Y45T49__ENVCAUSE--ENVCAUSE068__SEX--M,dcid:undata-geo/G00100200,2019,221311.5343
dcs:who/AIR_15.ENVCAUSE--ENVCAUSE068__SEX--M,dcid:undata-geo/G00100200,2019,3199302.264
dcs:who/AIR_15.AGE--Y5T9__ENVCAUSE--ENVCAUSE039__SEX--M,dcid:undata-geo/G00100200,2019,600025.8114
dcs:who/AIR_15.AGE--Y25T29__ENVCAUSE--ENVCAUSE068__SEX--M,dcid:undata-geo/G00100200,2019,15649.62407
dcs:who/AIR_15.ENVCAUSE--ENVCAUSE039__SEX--M,dcid:undata-geo/G00100200,2019,18032067.39
dcs:who/AIR_15.AGE--Y65T69__ENVCAUSE--ENVCAUSE039__SEX--M,dcid:undata-geo/G00100200,2019,564735.2975
dcs:who/AIR_15.AGE--Y35T39__ENVCAUSE--ENVCAUSE068__SEX--M,dcid:undata-geo/G00100200,2019,52880.05542
dcs:who/AIR_15.AGE--Y70T74__ENVCAUSE--ENVCAUSE039__SEX--M,dcid:undata-geo/G00100200,2019,526801.3019
dcs:who/AIR_15.AGE--Y35T39__ENVCAUSE--ENVCAUSE039__SEX--M,dcid:undata-geo/G00100200,2019,239951.3505
dcs:who/AIR_15.AGE--Y55T59__ENVCAUSE--ENVCAUSE039__SEX--M,dcid:undata-geo/G00100200,2019,461695.8903
dcs:who/AIR_15.AGE--Y20T24__ENVCAUSE--ENVCAUSE039__SEX--M,dcid:undata-geo/G00100200,2019,177663.4574
dcs:who/AIR_15.AGE--Y_GE80__ENVCAUSE--ENVCAUSE068__SEX--M,dcid:undata-geo/G00100200,2019,178753.4947
dcs:who/AIR_15.AGE--Y10T14__ENVCAUSE--ENVCAUSE039__SEX--M,dcid:undata-geo/G00100200,2019,350311.0502
dcs:who/AIR_15.AGE--Y60T64__ENVCAUSE--ENVCAUSE068__SEX--M,dcid:undata-geo/G00100200,2019,548920.8908
dcs:who/AIR_15.AGE--Y60T64__ENVCAUSE--ENVCAUSE113__SEX--M,dcid:undata-geo/G00100200,2019,1850820.717
dcs:who/AIR_15.AGE--Y_GE80__ENVCAUSE--ENVCAUSE113__SEX--M,dcid:undata-geo/G00100200,2019,1291477.509
dcs:who/AIR_15.AGE--Y75T79__ENVCAUSE--ENVCAUSE118__SEX--M,dcid:undata-geo/G00100200,2019,1020497.611
dcs:who/AIR_15.AGE--Y25T29__ENVCAUSE--ENVCAUSE114__SEX--M,dcid:undata-geo/G00100200,2019,118827.0296
dcs:who/AIR_15.AGE--Y35T39__ENVCAUSE--ENVCAUSE118__SEX--M,dcid:undata-geo/G00100200,2019,116767.3801
dcs:who/AIR_15.ENVCAUSE--ENVCAUSE113__SEX--M,dcid:undata-geo/G00100200,2019,13667728.81
dcs:who/AIR_15.AGE--Y70T74__ENVCAUSE--ENVCAUSE114__SEX--M,dcid:undata-geo/G00100200,2019,1092257.555
dcs:who/AIR_15.AGE--Y45T49__ENVCAUSE--ENVCAUSE113__SEX--M,dcid:undata-geo/G00100200,2019,1133776.134
dcs:who/AIR_15.AGE--Y70T74__ENVCAUSE--ENVCAUSE113__SEX--M,dcid:undata-geo/G00100200,2019,1405307.815
dcs:who/AIR_15.AGE--Y40T44__ENVCAUSE--ENVCAUSE113__SEX--M,dcid:undata-geo/G00100200,2019,773875.6553
dcs:who/AIR_15.AGE--Y55T59__ENVCAUSE--ENVCAUSE113__SEX--M,dcid:undata-geo/G00100200,2019,1808465.479
dcs:who/AIR_15.AGE--Y35T39__ENVCAUSE--ENVCAUSE113__SEX--M,dcid:undata-geo/G00100200,2019,543125.3291
dcs:who/AIR_15.AGE--Y55T59__ENVCAUSE--ENVCAUSE118__SEX--M,dcid:undata-geo/G00100200,2019,719986.1648
dcs:who/AIR_15.AGE--Y0T4__ENVCAUSE--ENVCAUSE039__SEX--M,dcid:undata-geo/G00100200,2019,12031830.83
dcs:who/AIR_15.AGE--Y40T44__ENVCAUSE--ENVCAUSE118__SEX--M,dcid:undata-geo/G00100200,2019,167317.4198
dcs:who/AIR_15.AGE--Y_GE80__ENVCAUSE--ENVCAUSE114__SEX--M,dcid:undata-geo/G00100200,2019,886748.6879
dcs:who/AIR_15.AGE--Y50T54__ENVCAUSE--ENVCAUSE118__SEX--M,dcid:undata-geo/G00100200,2019,494265.304
dcs:who/AIR_15.AGE--Y75T79__ENVCAUSE--ENVCAUSE113__SEX--M,dcid:undata-geo/G00100200,2019,1047660.166
dcs:who/AIR_15.AGE--Y40T44__ENVCAUSE--ENVCAUSE114__SEX--M,dcid:undata-geo/G00100200,2019,395525.3868
dcs:who/AIR_15.AGE--Y30T34__ENVCAUSE--ENVCAUSE118__SEX--M,dcid:undata-geo/G00100200,2019,96604.98377
dcs:who/AIR_15.AGE--Y45T49__ENVCAUSE--ENVCAUSE118__SEX--M,dcid:undata-geo/G00100200,2019,289956.3472
dcs:who/AIR_15.AGE--Y_GE80__ENVCAUSE--ENVCAUSE118__SEX--M,dcid:undata-geo/G00100200,2019,1250295.917
dcs:who/AIR_15.AGE--Y30T34__ENVCAUSE--ENVCAUSE114__SEX--M,dcid:undata-geo/G00100200,2019,177871.5786
dcs:who/AIR_15.AGE--Y60T64__ENVCAUSE--ENVCAUSE114__SEX--M,dcid:undata-geo/G00100200,2019,1248832.768
dcs:who/AIR_15.ENVCAUSE--ENVCAUSE114__SEX--M,dcid:undata-geo/G00100200,2019,8776147.276
dcs:who/AIR_15.AGE--Y60T64__ENVCAUSE--ENVCAUSE118__SEX--M,dcid:undata-geo/G00100200,2019,1014681.688
dcs:who/AIR_15.AGE--Y65T69__ENVCAUSE--ENVCAUSE114__SEX--M,dcid:undata-geo/G00100200,2019,1320512.066
dcs:who/AIR_15.AGE--Y55T59__ENVCAUSE--ENVCAUSE114__SEX--M,dcid:undata-geo/G00100200,2019,1039573.909
dcs:who/AIR_15.AGE--Y65T69__ENVCAUSE--ENVCAUSE113__SEX--M,dcid:undata-geo/G00100200,2019,1776663.109
dcs:who/AIR_15.AGE--Y25T29__ENVCAUSE--ENVCAUSE113__SEX--M,dcid:undata-geo/G00100200,2019,188122.1898
dcs:who/AIR_15.AGE--Y75T79__ENVCAUSE--ENVCAUSE114__SEX--M,dcid:undata-geo/G00100200,2019,840352.3074
dcs:who/AIR_15.AGE--Y65T69__ENVCAUSE--ENVCAUSE118__SEX--M,dcid:undata-geo/G00100200,2019,1239495.238
dcs:who/AIR_15.AGE--Y50T54__ENVCAUSE--ENVCAUSE114__SEX--M,dcid:undata-geo/G00100200,2019,837045.6243
dcs:who/AIR_15.AGE--Y45T49__ENVCAUSE--ENVCAUSE114__SEX--M,dcid:undata-geo/G00100200,2019,565120.6203
dcs:who/AIR_15.AGE--Y35T39__ENVCAUSE--ENVCAUSE114__SEX--M,dcid:undata-geo/G00100200,2019,253479.7203
dcs:who/AIR_15.AGE--Y30T34__ENVCAUSE--ENVCAUSE113__SEX--M,dcid:undata-geo/G00100200,2019,356006.8248
dcs:who/AIR_15.AGE--Y50T54__ENVCAUSE--ENVCAUSE113__SEX--M,dcid:undata-geo/G00100200,2019,1492427.793
dcs:who/AIR_15.AGE--Y70T74__ENVCAUSE--ENVCAUSE118__SEX--M,dcid:undata-geo/G00100200,2019,1222791.433
dcs:who/AIR_15.ENVCAUSE--ENVCAUSE118__SEX--M,dcid:undata-geo/G00100200,2019,7707805.162
dcs:who/AIR_15.AGE--Y25T29__ENVCAUSE--ENVCAUSE118__SEX--M,dcid:undata-geo/G00100200,2019,75145.76805
dcs:who/AIR_15.AGE--Y55T59__ENVCAUSE--ENVCAUSE039__SEX--F,dcid:undata-geo/G00100200,2019,316694.0557
dcs:who/AIR_15.AGE--Y_GE80__ENVCAUSE--ENVCAUSE039__SEX--F,dcid:undata-geo/G00100200,2019,673231.6895
dcs:who/AIR_15.AGE--Y70T74__ENVCAUSE--ENVCAUSE039__SEX--F,dcid:undata-geo/G00100200,2019,494147.4005
dcs:who/AIR_15.AGE--Y65T69__ENVCAUSE--ENVCAUSE039__SEX--F,dcid:undata-geo/G00100200,2019,472290.987
dcs:who/AIR_15.AGE--Y35T39__ENVCAUSE--ENVCAUSE068__SEX--F,dcid:undata-geo/G00100200,2019,41405.74661
dcs:who/AIR_15.AGE--Y25T29__ENVCAUSE--ENVCAUSE039__SEX--F,dcid:undata-geo/G00100200,2019,159065.3207
dcs:who/AIR_15.SEX--M,dcid:undata-geo/G00100200,2019,51383051.43
dcs:who/AIR_15.AGE--Y60T64__ENVCAUSE--ENVCAUSE039__SEX--F,dcid:undata-geo/G00100200,2019,408590.5919
dcs:who/AIR_15.AGE--Y65T69__ENVCAUSE--ENVCAUSE068__SEX--F,dcid:undata-geo/G00100200,2019,268907.9953
dcs:who/AIR_15.AGE--Y70T74__ENVCAUSE--ENVCAUSE068__SEX--F,dcid:undata-geo/G00100200,2019,209219.7895
dcs:who/AIR_15.AGE--Y30T34__ENVCAUSE--ENVCAUSE039__SEX--F,dcid:undata-geo/G00100200,2019,158435.7711
dcs:who/AIR_15.AGE--Y20T24__ENVCAUSE--ENVCAUSE039__SEX--F,dcid:undata-geo/G00100200,2019,141710.3991
dcs:who/AIR_15.AGE--Y25T29__ENVCAUSE--ENVCAUSE068__SEX--F,dcid:undata-geo/G00100200,2019,11977.32645
dcs:who/AIR_15.AGE--Y15T19__ENVCAUSE--ENVCAUSE039__SEX--F,dcid:undata-geo/G00100200,2019,148838.8852
dcs:who/AIR_15.AGE--Y75T79__ENVCAUSE--ENVCAUSE039__SEX--F,dcid:undata-geo/G00100200,2019,421934.1826
dcs:who/AIR_15.AGE--Y40T44__ENVCAUSE--ENVCAUSE039__SEX--F,dcid:undata-geo/G00100200,2019,183412.1883
dcs:who/AIR_15.AGE--Y_GE80__ENVCAUSE--ENVCAUSE068__SEX--F,dcid:undata-geo/G00100200,2019,133792.009
dcs:who/AIR_15.AGE--Y50T54__ENVCAUSE--ENVCAUSE068__SEX--F,dcid:undata-geo/G00100200,2019,193991.6736
dcs:who/AIR_15.AGE--Y60T64__ENVCAUSE--ENVCAUSE068__SEX--F,dcid:undata-geo/G00100200,2019,255814.4332
dcs:who/AIR_15.AGE--Y35T39__ENVCAUSE--ENVCAUSE039__SEX--F,dcid:undata-geo/G00100200,2019,179990.656
dcs:who/AIR_15.AGE--Y30T34__ENVCAUSE--ENVCAUSE068__SEX--F,dcid:undata-geo/G00100200,2019,24493.16288
dcs:who/AIR_15.ENVCAUSE--ENVCAUSE068__SEX--F,dcid:undata-geo/G00100200,2019,1710464.974
dcs:who/AIR_15.ENVCAUSE--ENVCAUSE039__SEX--F,dcid:undata-geo/G00100200,2019,14529041.83
dcs:who/AIR_15.AGE--Y45T49__ENVCAUSE--ENVCAUSE039__SEX--F,dcid:undata-geo/G00100200,2019,189359.8274
dcs:who/AIR_15.AGE--Y40T44__ENVCAUSE--ENVCAUSE068__SEX--F,dcid:undata-geo/G00100200,2019,78261.47542
dcs:who/AIR_15.AGE--Y50T54__ENVCAUSE--ENVCAUSE039__SEX--F,dcid:undata-geo/G00100200,2019,280432.0486
dcs:who/AIR_15.AGE--Y55T59__ENVCAUSE--ENVCAUSE068__SEX--F,dcid:undata-geo/G00100200,2019,222889.4347
dcs:who/AIR_15.AGE--Y75T79__ENVCAUSE--ENVCAUSE068__SEX--F,dcid:undata-geo/G00100200,2019,143197.8874
dcs:who/AIR_15.AGE--Y45T49__ENVCAUSE--ENVCAUSE068__SEX--F,dcid:undata-geo/G00100200,2019,126514.056
dcs:who/AIR_15.AGE--Y75T79__ENVCAUSE--ENVCAUSE114__SEX--F,dcid:undata-geo/G00100200,2019,991703.4691
dcs:who/AIR_15.AGE--Y5T9__ENVCAUSE--ENVCAUSE039__SEX--F,dcid:undata-geo/G00100200,2019,710532.8522
dcs:who/AIR_15.ENVCAUSE--ENVCAUSE118__SEX--F,dcid:undata-geo/G00100200,2019,6594018.348
dcs:who/AIR_15.AGE--Y60T64__ENVCAUSE--ENVCAUSE114__SEX--F,dcid:undata-geo/G00100200,2019,1019437.165
dcs:who/AIR_15.AGE--Y30T34__ENVCAUSE--ENVCAUSE118__SEX--F,dcid:undata-geo/G00100200,2019,101246.8898
dcs:who/AIR_15.AGE--Y_GE80__ENVCAUSE--ENVCAUSE118__SEX--F,dcid:undata-geo/G00100200,2019,1395264.57
dcs:who/AIR_15.AGE--Y45T49__ENVCAUSE--ENVCAUSE118__SEX--F,dcid:undata-geo/G00100200,2019,235212.8568
dcs:who/AIR_15.AGE--Y75T79__ENVCAUSE--ENVCAUSE118__SEX--F,dcid:undata-geo/G00100200,2019,902130.5742
dcs:who/AIR_15.AGE--Y50T54__ENVCAUSE--ENVCAUSE114__SEX--F,dcid:undata-geo/G00100200,2019,694110.9612
dcs:who/AIR_15.AGE--Y55T59__ENVCAUSE--ENVCAUSE118__SEX--F,dcid:undata-geo/G00100200,2019,524038.0214
dcs:who/AIR_15.AGE--Y10T14__ENVCAUSE--ENVCAUSE039__SEX--F,dcid:undata-geo/G00100200,2019,338029.2512
dcs:who/AIR_15.ENVCAUSE--ENVCAUSE114__SEX--F,dcid:undata-geo/G00100200,2019,8285711.601
dcs:who/AIR_15.AGE--Y65T69__ENVCAUSE--ENVCAUSE118__SEX--F,dcid:undata-geo/G00100200,2019,934248.3912
dcs:who/AIR_15.AGE--Y40T44__ENVCAUSE--ENVCAUSE114__SEX--F,dcid:undata-geo/G00100200,2019,291304.3174
dcs:who/AIR_15.AGE--Y60T64__ENVCAUSE--ENVCAUSE118__SEX--F,dcid:undata-geo/G00100200,2019,747231.5945
dcs:who/AIR_15.AGE--Y35T39__ENVCAUSE--ENVCAUSE114__SEX--F,dcid:undata-geo/G00100200,2019,196684.5942
dcs:who/AIR_15.AGE--Y40T44__ENVCAUSE--ENVCAUSE118__SEX--F,dcid:undata-geo/G00100200,2019,144278.3118
dcs:who/AIR_15.AGE--Y35T39__ENVCAUSE--ENVCAUSE118__SEX--F,dcid:undata-geo/G00100200,2019,117423.1632
dcs:who/AIR_15.AGE--Y0T4__ENVCAUSE--ENVCAUSE039__SEX--F,dcid:undata-geo/G00100200,2019,9252345.923
dcs:who/AIR_15.AGE--Y_GE80__ENVCAUSE--ENVCAUSE114__SEX--F,dcid:undata-geo/G00100200,2019,1294983.216
dcs:who/AIR_15.AGE--Y70T74__ENVCAUSE--ENVCAUSE118__SEX--F,dcid:undata-geo/G00100200,2019,1011070.631
dcs:who/AIR_15.AGE--Y25T29__ENVCAUSE--ENVCAUSE118__SEX--F,dcid:undata-geo/G00100200,2019,81662.06552
dcs:who/AIR_15.AGE--Y70T74__ENVCAUSE--ENVCAUSE114__SEX--F,dcid:undata-geo/G00100200,2019,1135620.087
dcs:who/AIR_15.AGE--Y50T54__ENVCAUSE--ENVCAUSE118__SEX--F,dcid:undata-geo/G00100200,2019,400211.1433
dcs:who/AIR_15.AGE--Y55T59__ENVCAUSE--ENVCAUSE114__SEX--F,dcid:undata-geo/G00100200,2019,826325.326
dcs:who/AIR_15.AGE--Y45T49__ENVCAUSE--ENVCAUSE114__SEX--F,dcid:undata-geo/G00100200,2019,438383.2327
dcs:who/AIR_15.AGE--Y30T34__ENVCAUSE--ENVCAUSE114__SEX--F,dcid:undata-geo/G00100200,2019,133958.17
dcs:who/AIR_15.AGE--Y65T69__ENVCAUSE--ENVCAUSE114__SEX--F,dcid:undata-geo/G00100200,2019,1169172.359
dcs:who/AIR_15.AGE--Y45T49__ENVCAUSE--ENVCAUSE104__SEX--F,dcid:undata-geo/G00100200,2019,28666.61294
dcs:who/AIR_15.AGE--Y75T79__ENVCAUSE--ENVCAUSE104__SEX--F,dcid:undata-geo/G00100200,2019,91142.46913
dcs:who/AIR_15.AGE--Y50T54__ENVCAUSE--ENVCAUSE113__SEX--F,dcid:undata-geo/G00100200,2019,767382.4635
dcs:who/AIR_15.AGE--Y30T34__ENVCAUSE--ENVCAUSE104__SEX--F,dcid:undata-geo/G00100200,2019,5935.21883
dcs:who/AIR_15.AGE--Y70T74__ENVCAUSE--ENVCAUSE068,dcid:undata-geo/G00100200,2019,604792.518
dcs:who/AIR_15.AGE--Y25T29__ENVCAUSE--ENVCAUSE113__SEX--F,dcid:undata-geo/G00100200,2019,90786.23042
dcs:who/AIR_15.AGE--Y50T54__ENVCAUSE--ENVCAUSE104__SEX--F,dcid:undata-geo/G00100200,2019,43458.30799
dcs:who/AIR_15.AGE--Y25T29__ENVCAUSE--ENVCAUSE104__SEX--F,dcid:undata-geo/G00100200,2019,2587.56109
dcs:who/AIR_15.AGE--Y70T74__ENVCAUSE--ENVCAUSE113__SEX--F,dcid:undata-geo/G00100200,2019,1214446.791
dcs:who/AIR_15.AGE--Y30T34__ENVCAUSE--ENVCAUSE113__SEX--F,dcid:undata-geo/G00100200,2019,147314.3791
dcs:who/AIR_15.AGE--Y75T79__ENVCAUSE--ENVCAUSE068,dcid:undata-geo/G00100200,2019,383321.0133
dcs:who/AIR_15.AGE--Y25T29__ENVCAUSE--ENVCAUSE114__SEX--F,dcid:undata-geo/G00100200,2019,94028.66008
dcs:who/AIR_15.AGE--Y35T39__ENVCAUSE--ENVCAUSE113__SEX--F,dcid:undata-geo/G00100200,2019,228648.0106
dcs:who/AIR_15.AGE--Y65T69__ENVCAUSE--ENVCAUSE104__SEX--F,dcid:undata-geo/G00100200,2019,101059.8273
dcs:who/AIR_15.AGE--Y55T59__ENVCAUSE--ENVCAUSE113__SEX--F,dcid:undata-geo/G00100200,2019,938240.5145
dcs:who/AIR_15.AGE--Y35T39__ENVCAUSE--ENVCAUSE104__SEX--F,dcid:undata-geo/G00100200,2019,9846.89126
dcs:who/AIR_15.AGE--Y75T79__ENVCAUSE--ENVCAUSE113__SEX--F,dcid:undata-geo/G00100200,2019,1072884.36
dcs:who/AIR_15.AGE--Y_GE80__ENVCAUSE--ENVCAUSE104__SEX--F,dcid:undata-geo/G00100200,2019,131481.185
dcs:who/AIR_15.AGE--Y60T64__ENVCAUSE--ENVCAUSE113__SEX--F,dcid:undata-geo/G00100200,2019,1128589.103
dcs:who/AIR_15.ENVCAUSE--ENVCAUSE113__SEX--F,dcid:undata-geo/G00100200,2019,9400732.734
dcs:who/AIR_15.AGE--Y45T49__ENVCAUSE--ENVCAUSE113__SEX--F,dcid:undata-geo/G00100200,2019,505202.1089
dcs:who/AIR_15.ENVCAUSE--ENVCAUSE068,dcid:undata-geo/G00100200,2019,4909767.319
dcs:who/AIR_15.ENVCAUSE--ENVCAUSE104__SEX--F,dcid:undata-geo/G00100200,2019,677006.4951
dcs:who/AIR_15.AGE--Y_GE80__ENVCAUSE--ENVCAUSE068,dcid:undata-geo/G00100200,2019,312545.4962
dcs:who/AIR_15.AGE--Y70T74__ENVCAUSE--ENVCAUSE104__SEX--F,dcid:undata-geo/G00100200,2019,101311.8101
dcs:who/AIR_15.AGE--Y40T44__ENVCAUSE--ENVCAUSE113__SEX--F,dcid:undata-geo/G00100200,2019,352045.2455
dcs:who/AIR_15.AGE--Y40T44__ENVCAUSE--ENVCAUSE104__SEX--F,dcid:undata-geo/G00100200,2019,16552.34176
dcs:who/AIR_15.AGE--Y_GE80__ENVCAUSE--ENVCAUSE113__SEX--F,dcid:undata-geo/G00100200,2019,1682629.843
dcs:who/AIR_15.SEX--F,dcid:undata-geo/G00100200,2019,41196976.47
dcs:who/AIR_15.AGE--Y60T64__ENVCAUSE--ENVCAUSE104__SEX--F,dcid:undata-geo/G00100200,2019,82274.86225
dcs:who/AIR_15.AGE--Y55T59__ENVCAUSE--ENVCAUSE104__SEX--F,dcid:undata-geo/G00100200,2019,62689.40893
dcs:who/AIR_15.AGE--Y65T69__ENVCAUSE--ENVCAUSE113__SEX--F,dcid:undata-geo/G00100200,2019,1272563.647
dcs:who/AIR_15.AGE--Y65T69__ENVCAUSE--ENVCAUSE068,dcid:undata-geo/G00100200,2019,829204.3516
dcs:who/AIR_15.AGE--Y55T59__ENVCAUSE--ENVCAUSE068,dcid:undata-geo/G00100200,2019,704913.4955
dcs:who/AIR_15.AGE--Y35T39__ENVCAUSE--ENVCAUSE068,dcid:undata-geo/G00100200,2019,94285.80155
dcs:who/AIR_15.AGE--Y50T54__ENVCAUSE--ENVCAUSE068,dcid:undata-geo/G00100200,2019,559329.0566
dcs:who/AIR_15.AGE--Y60T64__ENVCAUSE--ENVCAUSE118,dcid:undata-geo/G00100200,2019,1761913.272
dcs:who/AIR_15.AGE--Y_GE80__ENVCAUSE--ENVCAUSE039,dcid:undata-geo/G00100200,2019,1220544.067
dcs:who/AIR_15.AGE--Y40T44__ENVCAUSE--ENVCAUSE039,dcid:undata-geo/G00100200,2019,450930.1732
dcs:who/AIR_15.AGE--Y10T14__ENVCAUSE--ENVCAUSE039,dcid:undata-geo/G00100200,2019,688340.2981
dcs:who/AIR_15.AGE--Y40T44__ENVCAUSE--ENVCAUSE068,dcid:undata-geo/G00100200,2019,184696.9388
dcs:who/AIR_15.ENVCAUSE--ENVCAUSE039,dcid:undata-geo/G00100200,2019,32561108.95
dcs:who/AIR_15.AGE--Y45T49__ENVCAUSE--ENVCAUSE039,dcid:undata-geo/G00100200,2019,522050.4975
dcs:who/AIR_15.AGE--Y_GE80__ENVCAUSE--ENVCAUSE118,dcid:undata-geo/G00100200,2019,2645560.536
dcs:who/AIR_15.AGE--Y65T69__ENVCAUSE--ENVCAUSE118,dcid:undata-geo/G00100200,2019,2173743.585
dcs:who/AIR_15.AGE--Y50T54__ENVCAUSE--ENVCAUSE039,dcid:undata-geo/G00100200,2019,660668.0889
dcs:who/AIR_15.AGE--Y70T74__ENVCAUSE--ENVCAUSE039,dcid:undata-geo/G00100200,2019,1020948.721
dcs:who/AIR_15.AGE--Y20T24__ENVCAUSE--ENVCAUSE039,dcid:undata-geo/G00100200,2019,319373.854
dcs:who/AIR_15.AGE--Y60T64__ENVCAUSE--ENVCAUSE039,dcid:undata-geo/G00100200,2019,957786.5157
dcs:who/AIR_15.AGE--Y65T69__ENVCAUSE--ENVCAUSE039,dcid:undata-geo/G00100200,2019,1037026.269
dcs:who/AIR_15.AGE--Y25T29__ENVCAUSE--ENVCAUSE039,dcid:undata-geo/G00100200,2019,356155.4543
dcs:who/AIR_15.AGE--Y75T79__ENVCAUSE--ENVCAUSE118,dcid:undata-geo/G00100200,2019,1922628.178
dcs:who/AIR_15.AGE--Y30T34__ENVCAUSE--ENVCAUSE068,dcid:undata-geo/G00100200,2019,56490.72338
dcs:who/AIR_15.AGE--Y0T4__ENVCAUSE--ENVCAUSE039,dcid:undata-geo/G00100200,2019,21284176.26
dcs:who/AIR_15.AGE--Y70T74__ENVCAUSE--ENVCAUSE118,dcid:undata-geo/G00100200,2019,2233862.084
dcs:who/AIR_15.AGE--Y75T79__ENVCAUSE--ENVCAUSE039,dcid:undata-geo/G00100200,2019,847711.1864
dcs:who/AIR_15.AGE--Y55T59__ENVCAUSE--ENVCAUSE039,dcid:undata-geo/G00100200,2019,778389.9387
dcs:who/AIR_15.AGE--Y35T39__ENVCAUSE--ENVCAUSE039,dcid:undata-geo/G00100200,2019,419942.0076
dcs:who/AIR_15.ENVCAUSE--ENVCAUSE118,dcid:undata-geo/G00100200,2019,14301823.6
dcs:who/AIR_15.AGE--Y15T19__ENVCAUSE--ENVCAUSE039,dcid:undata-geo/G00100200,2019,318093.5829
dcs:who/AIR_15.AGE--Y5T9__ENVCAUSE--ENVCAUSE039,dcid:undata-geo/G00100200,2019,1310558.666
dcs:who/AIR_15.AGE--Y25T29__ENVCAUSE--ENVCAUSE068,dcid:undata-geo/G00100200,2019,27626.95046
dcs:who/AIR_15.AGE--Y45T49__ENVCAUSE--ENVCAUSE068,dcid:undata-geo/G00100200,2019,347825.585
dcs:who/AIR_15.AGE--Y60T64__ENVCAUSE--ENVCAUSE068,dcid:undata-geo/G00100200,2019,804735.3285
dcs:who/AIR_15.AGE--Y30T34__ENVCAUSE--ENVCAUSE039,dcid:undata-geo/G00100200,2019,368413.3406
dcs:who/AIR_15.AGE--Y55T59__ENVCAUSE--ENVCAUSE118,dcid:undata-geo/G00100200,2019,1244024.144
dcs:who/AIR_15.AGE--Y40T44__ENVCAUSE--ENVCAUSE118,dcid:undata-geo/G00100200,2019,311595.7347
dcs:who/AIR_15.AGE--Y30T34__ENVCAUSE--ENVCAUSE114,dcid:undata-geo/G00100200,2019,311829.7519
dcs:who/AIR_15.AGE--Y45T49__ENVCAUSE--ENVCAUSE114,dcid:undata-geo/G00100200,2019,1003503.846
dcs:who/AIR_15.AGE--Y50T54__ENVCAUSE--ENVCAUSE118,dcid:undata-geo/G00100200,2019,894476.468
dcs:who/AIR_15.AGE--Y75T79__ENVCAUSE--ENVCAUSE104,dcid:undata-geo/G00100200,2019,91142.46913
dcs:who/AIR_15.AGE--Y60T64__ENVCAUSE--ENVCAUSE113,dcid:undata-geo/G00100200,2019,2979409.804
dcs:who/AIR_15.AGE--Y50T54__ENVCAUSE--ENVCAUSE114,dcid:undata-geo/G00100200,2019,1531156.594
dcs:who/AIR_15.AGE--Y65T69__ENVCAUSE--ENVCAUSE113,dcid:undata-geo/G00100200,2019,3049226.698
dcs:who/AIR_15.AGE--Y60T64__ENVCAUSE--ENVCAUSE114,dcid:undata-geo/G00100200,2019,2268269.917
dcs:who/AIR_15.AGE--Y70T74__ENVCAUSE--ENVCAUSE113,dcid:undata-geo/G00100200,2019,2619754.623
dcs:who/AIR_15.AGE--Y40T44__ENVCAUSE--ENVCAUSE114,dcid:undata-geo/G00100200,2019,686829.7133
dcs:who/AIR_15.AGE--Y_GE80__ENVCAUSE--ENVCAUSE113,dcid:undata-geo/G00100200,2019,2974107.335
dcs:who/AIR_15.AGE--Y65T69__ENVCAUSE--ENVCAUSE114,dcid:undata-geo/G00100200,2019,2489684.399
dcs:who/AIR_15.AGE--Y30T34__ENVCAUSE--ENVCAUSE118,dcid:undata-geo/G00100200,2019,197851.8727
dcs:who/AIR_15.AGE--Y45T49__ENVCAUSE--ENVCAUSE118,dcid:undata-geo/G00100200,2019,525169.2002
dcs:who/AIR_15.AGE--Y_GE80__ENVCAUSE--ENVCAUSE104,dcid:undata-geo/G00100200,2019,131481.185
dcs:who/AIR_15.AGE--Y70T74__ENVCAUSE--ENVCAUSE104,dcid:undata-geo/G00100200,2019,101311.8101
dcs:who/AIR_15.AGE--Y35T39__ENVCAUSE--ENVCAUSE114,dcid:undata-geo/G00100200,2019,450164.3139
dcs:who/AIR_15.AGE--Y35T39__ENVCAUSE--ENVCAUSE118,dcid:undata-geo/G00100200,2019,234190.546
dcs:who/AIR_15.AGE--Y55T59__ENVCAUSE--ENVCAUSE113,dcid:undata-geo/G00100200,2019,2746705.979
dcs:who/AIR_15.AGE--Y70T74__ENVCAUSE--ENVCAUSE114,dcid:undata-geo/G00100200,2019,2227877.649
dcs:who/AIR_15.AGE--Y60T64__ENVCAUSE--ENVCAUSE104,dcid:undata-geo/G00100200,2019,82274.86225
dcs:who/AIR_15.AGE--Y50T54__ENVCAUSE--ENVCAUSE113,dcid:undata-geo/G00100200,2019,2259810.253
dcs:who/AIR_15.ENVCAUSE--ENVCAUSE104,dcid:undata-geo/G00100200,2019,677006.4951
dcs:who/AIR_15.AGE--Y25T29__ENVCAUSE--ENVCAUSE114,dcid:undata-geo/G00100200,2019,212855.6894
dcs:who/AIR_15.AGE--Y50T54__ENVCAUSE--ENVCAUSE104,dcid:undata-geo/G00100200,2019,43458.30799
dcs:who/AIR_15.AGE--Y75T79__ENVCAUSE--ENVCAUSE113,dcid:undata-geo/G00100200,2019,2120544.55
dcs:who/AIR_15.ENVCAUSE--ENVCAUSE113,dcid:undata-geo/G00100200,2019,23068461.42
dcs:who/AIR_15.AGE--Y45T49__ENVCAUSE--ENVCAUSE104,dcid:undata-geo/G00100200,2019,28666.61294
dcs:who/AIR_15.AGE--Y30T34__ENVCAUSE--ENVCAUSE113,dcid:undata-geo/G00100200,2019,503321.1959
dcs:who/AIR_15.AGE--Y45T49__ENVCAUSE--ENVCAUSE113,dcid:undata-geo/G00100200,2019,1638978.213
dcs:who/AIR_15.AGE--Y25T29__ENVCAUSE--ENVCAUSE113,dcid:undata-geo/G00100200,2019,278908.4135
dcs:who/AIR_15.AGE--Y25T29__ENVCAUSE--ENVCAUSE118,dcid:undata-geo/G00100200,2019,156807.8335
dcs:who/AIR_15.AGE--Y_GE80__ENVCAUSE--ENVCAUSE114,dcid:undata-geo/G00100200,2019,2181731.898
dcs:who/AIR_15.AGE--Y40T44__ENVCAUSE--ENVCAUSE104,dcid:undata-geo/G00100200,2019,16552.34176
dcs:who/AIR_15.AGE--Y55T59__ENVCAUSE--ENVCAUSE114,dcid:undata-geo/G00100200,2019,1865899.241
dcs:who/AIR_15.AGE--Y40T44__ENVCAUSE--ENVCAUSE113,dcid:undata-geo/G00100200,2019,1125920.88
dcs:who/AIR_15.AGE--Y35T39__ENVCAUSE--ENVCAUSE113,dcid:undata-geo/G00100200,2019,771773.3294
dcs:who/AIR_15.AGE--Y65T69__ENVCAUSE--ENVCAUSE104,dcid:undata-geo/G00100200,2019,101059.8273
dcs:who/AIR_15.AGE--Y55T59__ENVCAUSE--ENVCAUSE104,dcid:undata-geo/G00100200,2019,62689.40893
dcs:who/AIR_15.ENVCAUSE--ENVCAUSE114,dcid:undata-geo/G00100200,2019,17061858.93
dcs:who/AIR_15.AGE--Y75T79__ENVCAUSE--ENVCAUSE114,dcid:undata-geo/G00100200,2019,1832055.818
dcs:who/AIR_15.AGE--Y30T34__ENVCAUSE--ENVCAUSE104,dcid:undata-geo/G00100200,2019,5935.21883
dcs:who/AIR_15.AGE--Y25T29__ENVCAUSE--ENVCAUSE104,dcid:undata-geo/G00100200,2019,2587.56109
dcs:who/AIR_15.AGE--Y35T39__ENVCAUSE--ENVCAUSE104,dcid:undata-geo/G00100200,2019,9846.89126
dcs:who/AIR_15,dcid:undata-geo/G00100200,2019,92580025.59
dcs:who/AIR_15.AGE--Y65T69__ENVCAUSE--ENVCAUSE068__SEX--M,dcid:undata-geo/G00103000,2019,6801.09324
dcs:who/AIR_15.AGE--Y25T29__ENVCAUSE--ENVCAUSE068__SEX--M,dcid:undata-geo/G00103000,2019,254.07404
dcs:who/AIR_15.AGE--Y55T59__ENVCAUSE--ENVCAUSE068__SEX--M,dcid:undata-geo/G00103000,2019,8041.46928
dcs:who/AIR_15.AGE--Y45T49__ENVCAUSE--ENVCAUSE068__SEX--M,dcid:undata-geo/G00103000,2019,3853.48258
dcs:who/AIR_15.AGE--Y_GE80__ENVCAUSE--ENVCAUSE039__SEX--M,dcid:undata-geo/G00103000,2019,4595.13897
dcs:who/AIR_15.AGE--Y30T34__ENVCAUSE--ENVCAUSE068__SEX--M,dcid:undata-geo/G00103000,2019,318.33532
dcs:who/AIR_15.ENVCAUSE--ENVCAUSE039__SEX--M,dcid:undata-geo/G00103000,2019,284940.7068
dcs:who/AIR_15.AGE--Y35T39__ENVCAUSE--ENVCAUSE068__SEX--M,dcid:undata-geo/G00103000,2019,732.46189
dcs:who/AIR_15.AGE--Y60T64__ENVCAUSE--ENVCAUSE068__SEX--M,dcid:undata-geo/G00103000,2019,8257.52067
dcs:who/AIR_15.AGE--Y75T79__ENVCAUSE--ENVCAUSE068__SEX--M,dcid:undata-geo/G00103000,2019,2574.33076
dcs:who/AIR_15.AGE--Y70T74__ENVCAUSE--ENVCAUSE068__SEX--M,dcid:undata-geo/G00103000,2019,4453.65524
dcs:who/AIR_15.AGE--Y40T44__ENVCAUSE--ENVCAUSE068__SEX--M,dcid:undata-geo/G00103000,2019,1851.41943
dcs:who/AIR_15.AGE--Y50T54__ENVCAUSE--ENVCAUSE068__SEX--M,dcid:undata-geo/G00103000,2019,6113.82129
dcs:who/AIR_15.AGE--Y_GE80__ENVCAUSE--ENVCAUSE068__SEX--M,dcid:undata-geo/G00103000,2019,1596.77453
dcs:who/AIR_15.ENVCAUSE--ENVCAUSE068__SEX--M,dcid:undata-geo/G00103000,2019,44848.4377
dcs:who/AIR_15.AGE--Y75T79__ENVCAUSE--ENVCAUSE039__SEX--M,dcid:undata-geo/G00103000,2019,3888.43167
dcs:who/AIR_15.AGE--Y45T49__ENVCAUSE--ENVCAUSE039__SEX--M,dcid:undata-geo/G00103000,2019,2386.26388
dcs:who/AIR_15.AGE--Y55T59__ENVCAUSE--ENVCAUSE039__SEX--M,dcid:undata-geo/G00103000,2019,3483.22531
dcs:who/AIR_15.AGE--Y30T34__ENVCAUSE--ENVCAUSE039__SEX--M,dcid:undata-geo/G00103000,2019,2251.71511
dcs:who/AIR_15.AGE--Y45T49__ENVCAUSE--ENVCAUSE118__SEX--M,dcid:undata-geo/G00103000,2019,3154.095
dcs:who/AIR_15.AGE--Y75T79__ENVCAUSE--ENVCAUSE118__SEX--M,dcid:undata-geo/G00103000,2019,7111.22213
dcs:who/AIR_15.AGE--Y65T69__ENVCAUSE--ENVCAUSE118__SEX--M,dcid:undata-geo/G00103000,2019,9131.62865
dcs:who/AIR_15.AGE--Y70T74__ENVCAUSE--ENVCAUSE039__SEX--M,dcid:undata-geo/G00103000,2019,4682.7093
dcs:who/AIR_15.AGE--Y60T64__ENVCAUSE--ENVCAUSE039__SEX--M,dcid:undata-geo/G00103000,2019,4540.11821
dcs:who/AIR_15.AGE--Y65T69__ENVCAUSE--ENVCAUSE039__SEX--M,dcid:undata-geo/G00103000,2019,4450.89856
dcs:who/AIR_15.AGE--Y50T54__ENVCAUSE--ENVCAUSE118__SEX--M,dcid:undata-geo/G00103000,2019,4540.24671
dcs:who/AIR_15.AGE--Y35T39__ENVCAUSE--ENVCAUSE039__SEX--M,dcid:undata-geo/G00103000,2019,2380.33694
dcs:who/AIR_15.AGE--Y25T29__ENVCAUSE--ENVCAUSE039__SEX--M,dcid:undata-geo/G00103000,2019,2348.93931
dcs:who/AIR_15.AGE--Y60T64__ENVCAUSE--ENVCAUSE118__SEX--M,dcid:undata-geo/G00103000,2019,8237.95335
dcs:who/AIR_15.AGE--Y_GE80__ENVCAUSE--ENVCAUSE118__SEX--M,dcid:undata-geo/G00103000,2019,7138.8446
dcs:who/AIR_15.AGE--Y50T54__ENVCAUSE--ENVCAUSE039__SEX--M,dcid:undata-geo/G00103000,2019,2687.23988
dcs:who/AIR_15.ENVCAUSE--ENVCAUSE118__SEX--M,dcid:undata-geo/G00103000,2019,61484.60712
dcs:who/AIR_15.AGE--Y0T4__ENVCAUSE--ENVCAUSE039__SEX--M,dcid:undata-geo/G00103000,2019,225163.0635
dcs:who/AIR_15.AGE--Y70T74__ENVCAUSE--ENVCAUSE118__SEX--M,dcid:undata-geo/G00103000,2019,8707.55566
dcs:who/AIR_15.AGE--Y5T9__ENVCAUSE--ENVCAUSE039__SEX--M,dcid:undata-geo/G00103000,2019,8044.78941
dcs:who/AIR_15.AGE--Y10T14__ENVCAUSE--ENVCAUSE039__SEX--M,dcid:undata-geo/G00103000,2019,6269.68963
dcs:who/AIR_15.AGE--Y40T44__ENVCAUSE--ENVCAUSE039__SEX--M,dcid:undata-geo/G00103000,2019,2544.29126
dcs:who/AIR_15.AGE--Y15T19__ENVCAUSE--ENVCAUSE039__SEX--M,dcid:undata-geo/G00103000,2019,2796.94264
dcs:who/AIR_15.AGE--Y55T59__ENVCAUSE--ENVCAUSE118__SEX--M,dcid:undata-geo/G00103000,2019,6045.9987
dcs:who/AIR_15.AGE--Y20T24__ENVCAUSE--ENVCAUSE039__SEX--M,dcid:undata-geo/G00103000,2019,2426.90836
dcs:who/AIR_15.AGE--Y_GE80__ENVCAUSE--ENVCAUSE114__SEX--M,dcid:undata-geo/G00103000,2019,10678.91477
dcs:who/AIR_15.ENVCAUSE--ENVCAUSE113__SEX--M,dcid:undata-geo/G00103000,2019,313486.3203
dcs:who/AIR_15.AGE--Y75T79__ENVCAUSE--ENVCAUSE068__SEX--F,dcid:undata-geo/G00103000,2019,946.29983
dcs:who/AIR_15.AGE--Y55T59__ENVCAUSE--ENVCAUSE114__SEX--M,dcid:undata-geo/G00103000,2019,10581.81217
dcs:who/AIR_15.AGE--Y_GE80__ENVCAUSE--ENVCAUSE113__SEX--M,dcid:undata-geo/G00103000,2019,25464.33973
dcs:who/AIR_15.AGE--Y55T59__ENVCAUSE--ENVCAUSE113__SEX--M,dcid:undata-geo/G00103000,2019,40498.59192
dcs:who/AIR_15.SEX--M,dcid:undata-geo/G00103000,2019,805254.1498
dcs:who/AIR_15.AGE--Y_GE80__ENVCAUSE--ENVCAUSE068__SEX--F,dcid:undata-geo/G00103000,2019,805.42242
dcs:who/AIR_15.AGE--Y40T44__ENVCAUSE--ENVCAUSE118__SEX--M,dcid:undata-geo/G00103000,2019,2356.69633
dcs:who/AIR_15.AGE--Y50T54__ENVCAUSE--ENVCAUSE113__SEX--M,dcid:undata-geo/G00103000,2019,32470.13098
dcs:who/AIR_15.AGE--Y30T34__ENVCAUSE--ENVCAUSE118__SEX--M,dcid:undata-geo/G00103000,2019,1719.81861
dcs:who/AIR_15.AGE--Y65T69__ENVCAUSE--ENVCAUSE113__SEX--M,dcid:undata-geo/G00103000,2019,43282.38146
dcs:who/AIR_15.AGE--Y60T64__ENVCAUSE--ENVCAUSE113__SEX--M,dcid:undata-geo/G00103000,2019,45865.57625
dcs:who/AIR_15.AGE--Y50T54__ENVCAUSE--ENVCAUSE114__SEX--M,dcid:undata-geo/G00103000,2019,8093.40914
dcs:who/AIR_15.AGE--Y70T74__ENVCAUSE--ENVCAUSE113__SEX--M,dcid:undata-geo/G00103000,2019,35891.1341
dcs:who/AIR_15.AGE--Y60T64__ENVCAUSE--ENVCAUSE068__SEX--F,dcid:undata-geo/G00103000,2019,2111.82668
dcs:who/AIR_15.AGE--Y45T49__ENVCAUSE--ENVCAUSE113__SEX--M,dcid:undata-geo/G00103000,2019,23693.79714
dcs:who/AIR_15.AGE--Y60T64__ENVCAUSE--ENVCAUSE114__SEX--M,dcid:undata-geo/G00103000,2019,13455.60808
dcs:who/AIR_15.AGE--Y55T59__ENVCAUSE--ENVCAUSE068__SEX--F,dcid:undata-geo/G00103000,2019,2044.29473
dcs:who/AIR_15.ENVCAUSE--ENVCAUSE114__SEX--M,dcid:undata-geo/G00103000,2019,100494.0744
dcs:who/AIR_15.AGE--Y65T69__ENVCAUSE--ENVCAUSE114__SEX--M,dcid:undata-geo/G00103000,2019,14179.84884
dcs:who/AIR_15.AGE--Y30T34__ENVCAUSE--ENVCAUSE113__SEX--M,dcid:undata-geo/G00103000,2019,7614.78725
dcs:who/AIR_15.AGE--Y35T39__ENVCAUSE--ENVCAUSE118__SEX--M,dcid:undata-geo/G00103000,2019,1783.99813
dcs:who/AIR_15.AGE--Y35T39__ENVCAUSE--ENVCAUSE114__SEX--M,dcid:undata-geo/G00103000,2019,3483.51928
dcs:who/AIR_15.AGE--Y70T74__ENVCAUSE--ENVCAUSE068__SEX--F,dcid:undata-geo/G00103000,2019,1408.84691
dcs:who/AIR_15.AGE--Y70T74__ENVCAUSE--ENVCAUSE114__SEX--M,dcid:undata-geo/G00103000,2019,13194.23652
dcs:who/AIR_15.AGE--Y75T79__ENVCAUSE--ENVCAUSE113__SEX--M,dcid:undata-geo/G00103000,2019,25864.36006
dcs:who/AIR_15.AGE--Y25T29__ENVCAUSE--ENVCAUSE118__SEX--M,dcid:undata-geo/G00103000,2019,1556.54992
dcs:who/AIR_15.AGE--Y25T29__ENVCAUSE--ENVCAUSE113__SEX--M,dcid:undata-geo/G00103000,2019,4694.98341
dcs:who/AIR_15.AGE--Y65T69__ENVCAUSE--ENVCAUSE068__SEX--F,dcid:undata-geo/G00103000,2019,1906.91243
dcs:who/AIR_15.AGE--Y30T34__ENVCAUSE--ENVCAUSE114__SEX--M,dcid:undata-geo/G00103000,2019,2758.98516
dcs:who/AIR_15.AGE--Y25T29__ENVCAUSE--ENVCAUSE114__SEX--M,dcid:undata-geo/G00103000,2019,2621.84112
dcs:who/AIR_15.AGE--Y35T39__ENVCAUSE--ENVCAUSE113__SEX--M,dcid:undata-geo/G00103000,2019,11158.37243
dcs:who/AIR_15.AGE--Y45T49__ENVCAUSE--ENVCAUSE114__SEX--M,dcid:undata-geo/G00103000,2019,5898.33904
dcs:who/AIR_15.ENVCAUSE--ENVCAUSE068__SEX--F,dcid:undata-geo/G00103000,2019,14048.00606
dcs:who/AIR_15.AGE--Y40T44__ENVCAUSE--ENVCAUSE113__SEX--M,dcid:undata-geo/G00103000,2019,16987.86465
dcs:who/AIR_15.AGE--Y40T44__ENVCAUSE--ENVCAUSE114__SEX--M,dcid:undata-geo/G00103000,2019,4537.06181
dcs:who/AIR_15.AGE--Y75T79__ENVCAUSE--ENVCAUSE114__SEX--M,dcid:undata-geo/G00103000,2019,11010.50048
dcs:who/AIR_15.AGE--Y45T49__ENVCAUSE--ENVCAUSE114__SEX--F,dcid:undata-geo/G00103000,2019,7908.61901
dcs:who/AIR_15.AGE--Y45T49__ENVCAUSE--ENVCAUSE118__SEX--F,dcid:undata-geo/G00103000,2019,3073.42678
dcs:who/AIR_15.AGE--Y55T59__ENVCAUSE--ENVCAUSE039__SEX--F,dcid:undata-geo/G00103000,2019,2894.68952
dcs:who/AIR_15.AGE--Y_GE80__ENVCAUSE--ENVCAUSE114__SEX--F,dcid:undata-geo/G00103000,2019,20266.94109
dcs:who/AIR_15.AGE--Y35T39__ENVCAUSE--ENVCAUSE118__SEX--F,dcid:undata-geo/G00103000,2019,2252.39536
dcs:who/AIR_15.AGE--Y40T44__ENVCAUSE--ENVCAUSE114__SEX--F,dcid:undata-geo/G00103000,2019,6621.80998
dcs:who/AIR_15.AGE--Y50T54__ENVCAUSE--ENVCAUSE068__SEX--F,dcid:undata-geo/G00103000,2019,1703.22755
dcs:who/AIR_15.AGE--Y35T39__ENVCAUSE--ENVCAUSE114__SEX--F,dcid:undata-geo/G00103000,2019,4804.03848
dcs:who/AIR_15.AGE--Y55T59__ENVCAUSE--ENVCAUSE118__SEX--F,dcid:undata-geo/G00103000,2019,5015.51317
dcs:who/AIR_15.AGE--Y25T29__ENVCAUSE--ENVCAUSE068__SEX--F,dcid:undata-geo/G00103000,2019,259.46692
dcs:who/AIR_15.AGE--Y75T79__ENVCAUSE--ENVCAUSE118__SEX--F,dcid:undata-geo/G00103000,2019,5748.25351
dcs:who/AIR_15.ENVCAUSE--ENVCAUSE114__SEX--F,dcid:undata-geo/G00103000,2019,135344.3532
dcs:who/AIR_15.AGE--Y25T29__ENVCAUSE--ENVCAUSE039__SEX--F,dcid:undata-geo/G00103000,2019,2460.43257
dcs:who/AIR_15.AGE--Y35T39__ENVCAUSE--ENVCAUSE039__SEX--F,dcid:undata-geo/G00103000,2019,2257.58595
dcs:who/AIR_15.AGE--Y60T64__ENVCAUSE--ENVCAUSE114__SEX--F,dcid:undata-geo/G00103000,2019,15372.06497
dcs:who/AIR_15.AGE--Y70T74__ENVCAUSE--ENVCAUSE118__SEX--F,dcid:undata-geo/G00103000,2019,6151.55793
dcs:who/AIR_15.AGE--Y40T44__ENVCAUSE--ENVCAUSE118__SEX--F,dcid:undata-geo/G00103000,2019,2342.04761
dcs:who/AIR_15.AGE--Y30T34__ENVCAUSE--ENVCAUSE039__SEX--F,dcid:undata-geo/G00103000,2019,2480.85926
dcs:who/AIR_15.AGE--Y5T9__ENVCAUSE--ENVCAUSE039__SEX--F,dcid:undata-geo/G00103000,2019,11596.71376
dcs:who/AIR_15.AGE--Y_GE80__ENVCAUSE--ENVCAUSE118__SEX--F,dcid:undata-geo/G00103000,2019,7977.07449
dcs:who/AIR_15.AGE--Y10T14__ENVCAUSE--ENVCAUSE039__SEX--F,dcid:undata-geo/G00103000,2019,7047.52891
dcs:who/AIR_15.AGE--Y25T29__ENVCAUSE--ENVCAUSE118__SEX--F,dcid:undata-geo/G00103000,2019,1642.25372
dcs:who/AIR_15.AGE--Y65T69__ENVCAUSE--ENVCAUSE114__SEX--F,dcid:undata-geo/G00103000,2019,16936.43449
dcs:who/AIR_15.AGE--Y_GE80__ENVCAUSE--ENVCAUSE113__SEX--F,dcid:undata-geo/G00103000,2019,39093.3528
dcs:who/AIR_15.AGE--Y30T34__ENVCAUSE--ENVCAUSE068__SEX--F,dcid:undata-geo/G00103000,2019,235.2334
dcs:who/AIR_15.AGE--Y20T24__ENVCAUSE--ENVCAUSE039__SEX--F,dcid:undata-geo/G00103000,2019,2680.35237
dcs:who/AIR_15.AGE--Y40T44__ENVCAUSE--ENVCAUSE039__SEX--F,dcid:undata-geo/G00103000,2019,2302.31265
dcs:who/AIR_15.AGE--Y55T59__ENVCAUSE--ENVCAUSE114__SEX--F,dcid:undata-geo/G00103000,2019,12994.95513
dcs:who/AIR_15.ENVCAUSE--ENVCAUSE113__SEX--F,dcid:undata-geo/G00103000,2019,254360.4903
dcs:who/AIR_15.AGE--Y60T64__ENVCAUSE--ENVCAUSE039__SEX--F,dcid:undata-geo/G00103000,2019,3589.99403
dcs:who/AIR_15.ENVCAUSE--ENVCAUSE039__SEX--F,dcid:undata-geo/G00103000,2019,230912.1168
dcs:who/AIR_15.AGE--Y70T74__ENVCAUSE--ENVCAUSE114__SEX--F,dcid:undata-geo/G00103000,2019,17382.92027
dcs:who/AIR_15.AGE--Y_GE80__ENVCAUSE--ENVCAUSE039__SEX--F,dcid:undata-geo/G00103000,2019,6306.21145
dcs:who/AIR_15.AGE--Y75T79__ENVCAUSE--ENVCAUSE114__SEX--F,dcid:undata-geo/G00103000,2019,16044.54817
dcs:who/AIR_15.AGE--Y75T79__ENVCAUSE--ENVCAUSE113__SEX--F,dcid:undata-geo/G00103000,2019,29453.24063
dcs:who/AIR_15.AGE--Y60T64__ENVCAUSE--ENVCAUSE118__SEX--F,dcid:undata-geo/G00103000,2019,5642.06198
dcs:who/AIR_15.AGE--Y70T74__ENVCAUSE--ENVCAUSE113__SEX--F,dcid:undata-geo/G00103000,2019,33202.4337
dcs:who/AIR_15.AGE--Y50T54__ENVCAUSE--ENVCAUSE039__SEX--F,dcid:undata-geo/G00103000,2019,2626.26673
dcs:who/AIR_15.AGE--Y35T39__ENVCAUSE--ENVCAUSE068__SEX--F,dcid:undata-geo/G00103000,2019,540.10449
dcs:who/AIR_15.AGE--Y40T44__ENVCAUSE--ENVCAUSE068__SEX--F,dcid:undata-geo/G00103000,2019,848.84475
dcs:who/AIR_15.AGE--Y30T34__ENVCAUSE--ENVCAUSE114__SEX--F,dcid:undata-geo/G00103000,2019,3526.31807
dcs:who/AIR_15.AGE--Y45T49__ENVCAUSE--ENVCAUSE039__SEX--F,dcid:undata-geo/G00103000,2019,2351.84878
dcs:who/AIR_15.AGE--Y50T54__ENVCAUSE--ENVCAUSE114__SEX--F,dcid:undata-geo/G00103000,2019,10684.43319
dcs:who/AIR_15.AGE--Y45T49__ENVCAUSE--ENVCAUSE068__SEX--F,dcid:undata-geo/G00103000,2019,1237.52605
dcs:who/AIR_15.AGE--Y65T69__ENVCAUSE--ENVCAUSE118__SEX--F,dcid:undata-geo/G00103000,2019,6039.59547
dcs:who/AIR_15.AGE--Y70T74__ENVCAUSE--ENVCAUSE039__SEX--F,dcid:undata-geo/G00103000,2019,4259.17151
dcs:who/AIR_15.AGE--Y50T54__ENVCAUSE--ENVCAUSE118__SEX--F,dcid:undata-geo/G00103000,2019,4049.53609
dcs:who/AIR_15.AGE--Y65T69__ENVCAUSE--ENVCAUSE039__SEX--F,dcid:undata-geo/G00103000,2019,3778.73064
dcs:who/AIR_15.AGE--Y75T79__ENVCAUSE--ENVCAUSE039__SEX--F,dcid:undata-geo/G00103000,2019,4036.17305
dcs:who/AIR_15.AGE--Y25T29__ENVCAUSE--ENVCAUSE114__SEX--F,dcid:undata-geo/G00103000,2019,2801.26764
dcs:who/AIR_15.AGE--Y0T4__ENVCAUSE--ENVCAUSE039__SEX--F,dcid:undata-geo/G00103000,2019,167559.8396
dcs:who/AIR_15.AGE--Y30T34__ENVCAUSE--ENVCAUSE118__SEX--F,dcid:undata-geo/G00103000,2019,1977.91251
dcs:who/AIR_15.AGE--Y15T19__ENVCAUSE--ENVCAUSE039__SEX--F,dcid:undata-geo/G00103000,2019,2683.40874
dcs:who/AIR_15.ENVCAUSE--ENVCAUSE118__SEX--F,dcid:undata-geo/G00103000,2019,51911.62917
dcs:who/AIR_15.AGE--Y30T34__ENVCAUSE--ENVCAUSE068,dcid:undata-geo/G00103000,2019,553.56873
dcs:who/AIR_15.AGE--Y55T59__ENVCAUSE--ENVCAUSE068,dcid:undata-geo/G00103000,2019,10085.76387
dcs:who/AIR_15.AGE--Y40T44__ENVCAUSE--ENVCAUSE039,dcid:undata-geo/G00103000,2019,4846.60395
dcs:who/AIR_15.AGE--Y70T74__ENVCAUSE--ENVCAUSE039,dcid:undata-geo/G00103000,2019,8941.881
dcs:who/AIR_15.AGE--Y25T29__ENVCAUSE--ENVCAUSE113__SEX--F,dcid:undata-geo/G00103000,2019,3107.7058
dcs:who/AIR_15.AGE--Y50T54__ENVCAUSE--ENVCAUSE068,dcid:undata-geo/G00103000,2019,7817.04871
dcs:who/AIR_15.ENVCAUSE--ENVCAUSE039,dcid:undata-geo/G00103000,2019,515852.8159
dcs:who/AIR_15.AGE--Y75T79__ENVCAUSE--ENVCAUSE039,dcid:undata-geo/G00103000,2019,7924.60474
dcs:who/AIR_15.AGE--Y30T34__ENVCAUSE--ENVCAUSE039,dcid:undata-geo/G00103000,2019,4732.57431
dcs:who/AIR_15.AGE--Y30T34__ENVCAUSE--ENVCAUSE104__SEX--F,dcid:undata-geo/G00103000,2019,62.57474
dcs:who/AIR_15.ENVCAUSE--ENVCAUSE068,dcid:undata-geo/G00103000,2019,58896.44543
dcs:who/AIR_15.AGE--Y55T59__ENVCAUSE--ENVCAUSE104__SEX--F,dcid:undata-geo/G00103000,2019,481.58057
dcs:who/AIR_15.AGE--Y45T49__ENVCAUSE--ENVCAUSE104__SEX--F,dcid:undata-geo/G00103000,2019,212.82109
dcs:who/AIR_15.AGE--Y65T69__ENVCAUSE--ENVCAUSE039,dcid:undata-geo/G00103000,2019,8229.62925
dcs:who/AIR_15.AGE--Y60T64__ENVCAUSE--ENVCAUSE113__SEX--F,dcid:undata-geo/G00103000,2019,32109.93077
dcs:who/AIR_15.AGE--Y55T59__ENVCAUSE--ENVCAUSE113__SEX--F,dcid:undata-geo/G00103000,2019,25653.18031
dcs:who/AIR_15.AGE--Y65T69__ENVCAUSE--ENVCAUSE068,dcid:undata-geo/G00103000,2019,8708.00583
dcs:who/AIR_15.AGE--Y60T64__ENVCAUSE--ENVCAUSE104__SEX--F,dcid:undata-geo/G00103000,2019,679.33626
dcs:who/AIR_15.AGE--Y70T74__ENVCAUSE--ENVCAUSE068,dcid:undata-geo/G00103000,2019,5862.50233
dcs:who/AIR_15.SEX--F,dcid:undata-geo/G00103000,2019,692684.6246
dcs:who/AIR_15.AGE--Y25T29__ENVCAUSE--ENVCAUSE104__SEX--F,dcid:undata-geo/G00103000,2019,27.81737
dcs:who/AIR_15.AGE--Y45T49__ENVCAUSE--ENVCAUSE068,dcid:undata-geo/G00103000,2019,5091.00869
dcs:who/AIR_15.AGE--Y_GE80__ENVCAUSE--ENVCAUSE104__SEX--F,dcid:undata-geo/G00103000,2019,1264.464
dcs:who/AIR_15.AGE--Y40T44__ENVCAUSE--ENVCAUSE068,dcid:undata-geo/G00103000,2019,2700.2642
dcs:who/AIR_15.AGE--Y25T29__ENVCAUSE--ENVCAUSE068,dcid:undata-geo/G00103000,2019,513.54096
dcs:who/AIR_15.AGE--Y_GE80__ENVCAUSE--ENVCAUSE039,dcid:undata-geo/G00103000,2019,10901.35042
dcs:who/AIR_15.AGE--Y45T49__ENVCAUSE--ENVCAUSE039,dcid:undata-geo/G00103000,2019,4738.11274
dcs:who/AIR_15.ENVCAUSE--ENVCAUSE104__SEX--F,dcid:undata-geo/G00103000,2019,6108.03039
dcs:who/AIR_15.AGE--Y20T24__ENVCAUSE--ENVCAUSE039,dcid:undata-geo/G00103000,2019,5107.26073
dcs:who/AIR_15.AGE--Y45T49__ENVCAUSE--ENVCAUSE113__SEX--F,dcid:undata-geo/G00103000,2019,14859.35321
dcs:who/AIR_15.AGE--Y40T44__ENVCAUSE--ENVCAUSE113__SEX--F,dcid:undata-geo/G00103000,2019,9674.89051
dcs:who/AIR_15.AGE--Y75T79__ENVCAUSE--ENVCAUSE104__SEX--F,dcid:undata-geo/G00103000,2019,921.63439
dcs:who/AIR_15.AGE--Y40T44__ENVCAUSE--ENVCAUSE104__SEX--F,dcid:undata-geo/G00103000,2019,136.77137
dcs:who/AIR_15.AGE--Y35T39__ENVCAUSE--ENVCAUSE068,dcid:undata-geo/G00103000,2019,1272.56638
dcs:who/AIR_15.AGE--Y35T39__ENVCAUSE--ENVCAUSE113__SEX--F,dcid:undata-geo/G00103000,2019,6509.81329
dcs:who/AIR_15.AGE--Y60T64__ENVCAUSE--ENVCAUSE068,dcid:undata-geo/G00103000,2019,10369.34741
dcs:who/AIR_15.AGE--Y30T34__ENVCAUSE--ENVCAUSE113__SEX--F,dcid:undata-geo/G00103000,2019,5344.04992
dcs:who/AIR_15.AGE--Y5T9__ENVCAUSE--ENVCAUSE039,dcid:undata-geo/G00103000,2019,19641.50347
dcs:who/AIR_15.AGE--Y_GE80__ENVCAUSE--ENVCAUSE068,dcid:undata-geo/G00103000,2019,2402.19696
dcs:who/AIR_15.AGE--Y60T64__ENVCAUSE--ENVCAUSE039,dcid:undata-geo/G00103000,2019,8130.11233
dcs:who/AIR_15.AGE--Y35T39__ENVCAUSE--ENVCAUSE104__SEX--F,dcid:undata-geo/G00103000,2019,90.65067
dcs:who/AIR_15.AGE--Y10T14__ENVCAUSE--ENVCAUSE039,dcid:undata-geo/G00103000,2019,13317.21854
dcs:who/AIR_15.AGE--Y25T29__ENVCAUSE--ENVCAUSE039,dcid:undata-geo/G00103000,2019,4809.37188
dcs:who/AIR_15.AGE--Y35T39__ENVCAUSE--ENVCAUSE039,dcid:undata-geo/G00103000,2019,4637.92287
dcs:who/AIR_15.AGE--Y70T74__ENVCAUSE--ENVCAUSE104__SEX--F,dcid:undata-geo/G00103000,2019,1008.98769
dcs:who/AIR_15.AGE--Y55T59__ENVCAUSE--ENVCAUSE039,dcid:undata-geo/G00103000,2019,6377.91484
dcs:who/AIR_15.AGE--Y15T19__ENVCAUSE--ENVCAUSE039,dcid:undata-geo/G00103000,2019,5480.35125
dcs:who/AIR_15.AGE--Y50T54__ENVCAUSE--ENVCAUSE039,dcid:undata-geo/G00103000,2019,5313.50664
dcs:who/AIR_15.AGE--Y75T79__ENVCAUSE--ENVCAUSE068,dcid:undata-geo/G00103000,2019,3520.63058
dcs:who/AIR_15.AGE--Y50T54__ENVCAUSE--ENVCAUSE104__SEX--F,dcid:undata-geo/G00103000,2019,309.82991
dcs:who/AIR_15.AGE--Y50T54__ENVCAUSE--ENVCAUSE113__SEX--F,dcid:undata-geo/G00103000,2019,20696.56191
dcs:who/AIR_15.AGE--Y65T69__ENVCAUSE--ENVCAUSE104__SEX--F,dcid:undata-geo/G00103000,2019,911.56218
dcs:who/AIR_15.AGE--Y65T69__ENVCAUSE--ENVCAUSE113__SEX--F,dcid:undata-geo/G00103000,2019,34655.97331
dcs:who/AIR_15.AGE--Y75T79__ENVCAUSE--ENVCAUSE114,dcid:undata-geo/G00103000,2019,27055.04844
dcs:who/AIR_15.AGE--Y_GE80__ENVCAUSE--ENVCAUSE114,dcid:undata-geo/G00103000,2019,30945.85663
dcs:who/AIR_15.AGE--Y_GE80__ENVCAUSE--ENVCAUSE118,dcid:undata-geo/G00103000,2019,15115.91885
dcs:who/AIR_15.AGE--Y0T4__ENVCAUSE--ENVCAUSE039,dcid:undata-geo/G00103000,2019,392722.9027
dcs:who/AIR_15.AGE--Y70T74__ENVCAUSE--ENVCAUSE114,dcid:undata-geo/G00103000,2019,30577.15746
dcs:who/AIR_15.AGE--Y60T64__ENVCAUSE--ENVCAUSE114,dcid:undata-geo/G00103000,2019,28827.67364
dcs:who/AIR_15.AGE--Y40T44__ENVCAUSE--ENVCAUSE118,dcid:undata-geo/G00103000,2019,4698.74391
dcs:who/AIR_15.AGE--Y50T54__ENVCAUSE--ENVCAUSE114,dcid:undata-geo/G00103000,2019,18777.8421
dcs:who/AIR_15.AGE--Y45T49__ENVCAUSE--ENVCAUSE118,dcid:undata-geo/G00103000,2019,6227.52183
dcs:who/AIR_15.AGE--Y45T49__ENVCAUSE--ENVCAUSE114,dcid:undata-geo/G00103000,2019,13806.95837
dcs:who/AIR_15.AGE--Y55T59__ENVCAUSE--ENVCAUSE114,dcid:undata-geo/G00103000,2019,23576.76699
dcs:who/AIR_15.AGE--Y75T79__ENVCAUSE--ENVCAUSE118,dcid:undata-geo/G00103000,2019,12859.47567
dcs:who/AIR_15.AGE--Y65T69__ENVCAUSE--ENVCAUSE118,dcid:undata-geo/G00103000,2019,15171.22407
dcs:who/AIR_15.ENVCAUSE--ENVCAUSE118,dcid:undata-geo/G00103000,2019,113396.2358
dcs:who/AIR_15.AGE--Y30T34__ENVCAUSE--ENVCAUSE118,dcid:undata-geo/G00103000,2019,3697.7311
dcs:who/AIR_15.AGE--Y70T74__ENVCAUSE--ENVCAUSE118,dcid:undata-geo/G00103000,2019,14859.11359
dcs:who/AIR_15.AGE--Y55T59__ENVCAUSE--ENVCAUSE118,dcid:undata-geo/G00103000,2019,11061.51181
dcs:who/AIR_15.AGE--Y65T69__ENVCAUSE--ENVCAUSE114,dcid:undata-geo/G00103000,2019,31116.28342
dcs:who/AIR_15.AGE--Y60T64__ENVCAUSE--ENVCAUSE118,dcid:undata-geo/G00103000,2019,13880.01529
dcs:who/AIR_15.AGE--Y50T54__ENVCAUSE--ENVCAUSE118,dcid:undata-geo/G00103000,2019,8589.78286
dcs:who/AIR_15.AGE--Y25T29__ENVCAUSE--ENVCAUSE118,dcid:undata-geo/G00103000,2019,3198.80365
dcs:who/AIR_15.ENVCAUSE--ENVCAUSE114,dcid:undata-geo/G00103000,2019,235838.4251
dcs:who/AIR_15.AGE--Y35T39__ENVCAUSE--ENVCAUSE118,dcid:undata-geo/G00103000,2019,4036.39362
dcs:who/AIR_15.AGE--Y25T29__ENVCAUSE--ENVCAUSE114,dcid:undata-geo/G00103000,2019,5423.10875
dcs:who/AIR_15,dcid:undata-geo/G00103000,2019,1497938.79
dcs:who/AIR_15.AGE--Y50T54__ENVCAUSE--ENVCAUSE113,dcid:undata-geo/G00103000,2019,53166.69235
dcs:who/AIR_15.AGE--Y55T59__ENVCAUSE--ENVCAUSE113,dcid:undata-geo/G00103000,2019,66151.77211
dcs:who/AIR_15.AGE--Y35T39__ENVCAUSE--ENVCAUSE114,dcid:undata-geo/G00103000,2019,8287.5579
dcs:who/AIR_15.ENVCAUSE--ENVCAUSE104,dcid:undata-geo/G00103000,2019,6108.03039
dcs:who/AIR_15.AGE--Y40T44__ENVCAUSE--ENVCAUSE113,dcid:undata-geo/G00103000,2019,26662.75474
dcs:who/AIR_15.AGE--Y60T64__ENVCAUSE--ENVCAUSE104,dcid:undata-geo/G00103000,2019,679.33626
dcs:who/AIR_15.AGE--Y70T74__ENVCAUSE--ENVCAUSE113,dcid:undata-geo/G00103000,2019,69093.56681
dcs:who/AIR_15.AGE--Y35T39__ENVCAUSE--ENVCAUSE104,dcid:undata-geo/G00103000,2019,90.65067
dcs:who/AIR_15.AGE--Y45T49__ENVCAUSE--ENVCAUSE113,dcid:undata-geo/G00103000,2019,38553.15022
dcs:who/AIR_15.AGE--Y_GE80__ENVCAUSE--ENVCAUSE104,dcid:undata-geo/G00103000,2019,1264.464
dcs:who/AIR_15.AGE--Y65T69__ENVCAUSE--ENVCAUSE113,dcid:undata-geo/G00103000,2019,77938.35366
dcs:who/AIR_15.AGE--Y_GE80__ENVCAUSE--ENVCAUSE113,dcid:undata-geo/G00103000,2019,64557.69235
dcs:who/AIR_15.AGE--Y45T49__ENVCAUSE--ENVCAUSE104,dcid:undata-geo/G00103000,2019,212.82109
dcs:who/AIR_15.AGE--Y55T59__ENVCAUSE--ENVCAUSE104,dcid:undata-geo/G00103000,2019,481.58057
dcs:who/AIR_15.AGE--Y35T39__ENVCAUSE--ENVCAUSE113,dcid:undata-geo/G00103000,2019,17668.1859
dcs:who/AIR_15.AGE--Y30T34__ENVCAUSE--ENVCAUSE113,dcid:undata-geo/G00103000,2019,12958.83665
dcs:who/AIR_15.AGE--Y30T34__ENVCAUSE--ENVCAUSE104,dcid:undata-geo/G00103000,2019,62.57474
dcs:who/AIR_15.AGE--Y30T34__ENVCAUSE--ENVCAUSE114,dcid:undata-geo/G00103000,2019,6285.30326
dcs:who/AIR_15.AGE--Y75T79__ENVCAUSE--ENVCAUSE113,dcid:undata-geo/G00103000,2019,55317.60164
dcs:who/AIR_15.AGE--Y75T79__ENVCAUSE--ENVCAUSE104,dcid:undata-geo/G00103000,2019,921.63439
dcs:who/AIR_15.AGE--Y25T29__ENVCAUSE--ENVCAUSE113,dcid:undata-geo/G00103000,2019,7802.68933
dcs:who/AIR_15.AGE--Y25T29__ENVCAUSE--ENVCAUSE104,dcid:undata-geo/G00103000,2019,27.81737
dcs:who/AIR_15.AGE--Y50T54__ENVCAUSE--ENVCAUSE104,dcid:undata-geo/G00103000,2019,309.82991
dcs:who/AIR_15.AGE--Y60T64__ENVCAUSE--ENVCAUSE113,dcid:undata-geo/G00103000,2019,77975.50881
dcs:who/AIR_15.ENVCAUSE--ENVCAUSE113,dcid:undata-geo/G00103000,2019,567846.8111
dcs:who/AIR_15.AGE--Y70T74__ENVCAUSE--ENVCAUSE104,dcid:undata-geo/G00103000,2019,1008.98769
dcs:who/AIR_15.AGE--Y65T69__ENVCAUSE--ENVCAUSE104,dcid:undata-geo/G00103000,2019,911.56218
dcs:who/AIR_15.AGE--Y40T44__ENVCAUSE--ENVCAUSE104,dcid:undata-geo/G00103000,2019,136.77137
dcs:who/AIR_15.AGE--Y40T44__ENVCAUSE--ENVCAUSE114,dcid:undata-geo/G00103000,2019,11158.87196
dcs:who/AIR_15.AGE--Y5T9__ENVCAUSE--ENVCAUSE039__SEX--M,dcid:undata-geo/G00116000,2019,87992.28595
dcs:who/AIR_15.AGE--Y55T59__ENVCAUSE--ENVCAUSE118__SEX--M,dcid:undata-geo/G00116000,2019,423438.5099
dcs:who/AIR_15.AGE--Y0T4__ENVCAUSE--ENVCAUSE039__SEX--M,dcid:undata-geo/G00116000,2019,2391945.206
dcs:who/AIR_15.AGE--Y75T79__ENVCAUSE--ENVCAUSE118__SEX--M,dcid:undata-geo/G00116000,2019,539172.2839
dcs:who/AIR_15.AGE--Y65T69__ENVCAUSE--ENVCAUSE118__SEX--M,dcid:undata-geo/G00116000,2019,699316.1705
dcs:who/AIR_15.AGE--Y15T19__ENVCAUSE--ENVCAUSE039__SEX--M,dcid:undata-geo/G00116000,2019,38621.26514
dcs:who/AIR_15.AGE--Y25T29__ENVCAUSE--ENVCAUSE118__SEX--M,dcid:undata-geo/G00116000,2019,33977.49267
dcs:who/AIR_15.AGE--Y45T49__ENVCAUSE--ENVCAUSE039__SEX--M,dcid:undata-geo/G00116000,2019,68552.1194
dcs:who/AIR_15.AGE--Y30T34__ENVCAUSE--ENVCAUSE068__SEX--M,dcid:undata-geo/G00116000,2019,8902.26356
dcs:who/AIR_15.AGE--Y75T79__ENVCAUSE--ENVCAUSE114__SEX--M,dcid:undata-geo/G00116000,2019,226758.1084
dcs:who/AIR_15.AGE--Y65T69__ENVCAUSE--ENVCAUSE114__SEX--M,dcid:undata-geo/G00116000,2019,384331.8253
dcs:who/AIR_15.AGE--Y70T74__ENVCAUSE--ENVCAUSE118__SEX--M,dcid:undata-geo/G00116000,2019,653562.1668
dcs:who/AIR_15.AGE--Y50T54__ENVCAUSE--ENVCAUSE118__SEX--M,dcid:undata-geo/G00116000,2019,278729.4129
dcs:who/AIR_15.AGE--Y40T44__ENVCAUSE--ENVCAUSE118__SEX--M,dcid:undata-geo/G00116000,2019,85206.02406
dcs:who/AIR_15.AGE--Y25T29__ENVCAUSE--ENVCAUSE068__SEX--M,dcid:undata-geo/G00116000,2019,5305.05114
dcs:who/AIR_15.AGE--Y20T24__ENVCAUSE--ENVCAUSE039__SEX--M,dcid:undata-geo/G00116000,2019,36673.44073
dcs:who/AIR_15.AGE--Y45T49__ENVCAUSE--ENVCAUSE068__SEX--M,dcid:undata-geo/G00116000,2019,56826.64169
dcs:who/AIR_15.ENVCAUSE--ENVCAUSE068__SEX--M,dcid:undata-geo/G00116000,2019,681747.5727
dcs:who/AIR_15.AGE--Y70T74__ENVCAUSE--ENVCAUSE039__SEX--M,dcid:undata-geo/G00116000,2019,162203.0871
dcs:who/AIR_15.AGE--Y55T59__ENVCAUSE--ENVCAUSE068__SEX--M,dcid:undata-geo/G00116000,2019,116807.2424
dcs:who/AIR_15.AGE--Y30T34__ENVCAUSE--ENVCAUSE118__SEX--M,dcid:undata-geo/G00116000,2019,43689.85859
dcs:who/AIR_15.AGE--Y45T49__ENVCAUSE--ENVCAUSE118__SEX--M,dcid:undata-geo/G00116000,2019,156921.1675
dcs:who/AIR_15.AGE--Y50T54__ENVCAUSE--ENVCAUSE068__SEX--M,dcid:undata-geo/G00116000,2019,86458.06889
dcs:who/AIR_15.AGE--Y35T39__ENVCAUSE--ENVCAUSE068__SEX--M,dcid:undata-geo/G00116000,2019,14507.68476
dcs:who/AIR_15.AGE--Y60T64__ENVCAUSE--ENVCAUSE039__SEX--M,dcid:undata-geo/G00116000,2019,156900.6938
dcs:who/AIR_15.AGE--Y55T59__ENVCAUSE--ENVCAUSE039__SEX--M,dcid:undata-geo/G00116000,2019,117017.3191
dcs:who/AIR_15.AGE--Y60T64__ENVCAUSE--ENVCAUSE118__SEX--M,dcid:undata-geo/G00116000,2019,590049.6341
dcs:who/AIR_15.AGE--Y30T34__ENVCAUSE--ENVCAUSE039__SEX--M,dcid:undata-geo/G00116000,2019,41835.91043
dcs:who/AIR_15.AGE--Y_GE80__ENVCAUSE--ENVCAUSE114__SEX--M,dcid:undata-geo/G00116000,2019,210600.9784
dcs:who/AIR_15.AGE--Y_GE80__ENVCAUSE--ENVCAUSE068__SEX--M,dcid:undata-geo/G00116000,2019,26555.17196
dcs:who/AIR_15.AGE--Y10T14__ENVCAUSE--ENVCAUSE039__SEX--M,dcid:undata-geo/G00116000,2019,64933.03671
dcs:who/AIR_15.ENVCAUSE--ENVCAUSE118__SEX--M,dcid:undata-geo/G00116000,2019,4156743.823
dcs:who/AIR_15.AGE--Y70T74__ENVCAUSE--ENVCAUSE068__SEX--M,dcid:undata-geo/G00116000,2019,73569.69224
dcs:who/AIR_15.AGE--Y_GE80__ENVCAUSE--ENVCAUSE118__SEX--M,dcid:undata-geo/G00116000,2019,593233.8068
dcs:who/AIR_15.AGE--Y_GE80__ENVCAUSE--ENVCAUSE039__SEX--M,dcid:undata-geo/G00116000,2019,172260.1208
dcs:who/AIR_15.AGE--Y50T54__ENVCAUSE--ENVCAUSE039__SEX--M,dcid:undata-geo/G00116000,2019,86466.53006
dcs:who/AIR_15.AGE--Y75T79__ENVCAUSE--ENVCAUSE068__SEX--M,dcid:undata-geo/G00116000,2019,44600.67866
dcs:who/AIR_15.AGE--Y75T79__ENVCAUSE--ENVCAUSE039__SEX--M,dcid:undata-geo/G00116000,2019,139719.4157
dcs:who/AIR_15.AGE--Y65T69__ENVCAUSE--ENVCAUSE068__SEX--M,dcid:undata-geo/G00116000,2019,102881.5542
dcs:who/AIR_15.AGE--Y40T44__ENVCAUSE--ENVCAUSE068__SEX--M,dcid:undata-geo/G00116000,2019,27302.92552
dcs:who/AIR_15.AGE--Y35T39__ENVCAUSE--ENVCAUSE039__SEX--M,dcid:undata-geo/G00116000,2019,51863.87524
dcs:who/AIR_15.ENVCAUSE--ENVCAUSE039__SEX--M,dcid:undata-geo/G00116000,2019,3883347.174
dcs:who/AIR_15.AGE--Y40T44__ENVCAUSE--ENVCAUSE039__SEX--M,dcid:undata-geo/G00116000,2019,53881.29869
dcs:who/AIR_15.ENVCAUSE--ENVCAUSE114__SEX--M,dcid:undata-geo/G00116000,2019,2559861.021
dcs:who/AIR_15.AGE--Y60T64__ENVCAUSE--ENVCAUSE068__SEX--M,dcid:undata-geo/G00116000,2019,118030.5795
dcs:who/AIR_15.AGE--Y35T39__ENVCAUSE--ENVCAUSE118__SEX--M,dcid:undata-geo/G00116000,2019,59447.38261
dcs:who/AIR_15.AGE--Y70T74__ENVCAUSE--ENVCAUSE114__SEX--M,dcid:undata-geo/G00116000,2019,300789.4173
dcs:who/AIR_15.AGE--Y65T69__ENVCAUSE--ENVCAUSE039__SEX--M,dcid:undata-geo/G00116000,2019,172207.8813
dcs:who/AIR_15.AGE--Y25T29__ENVCAUSE--ENVCAUSE039__SEX--M,dcid:undata-geo/G00116000,2019,40273.76283
dcs:who/AIR_15.ENVCAUSE--ENVCAUSE068__SEX--F,dcid:undata-geo/G00116000,2019,330170.9715
dcs:who/AIR_15.AGE--Y25T29__ENVCAUSE--ENVCAUSE113__SEX--M,dcid:undata-geo/G00116000,2019,105911.1418
dcs:who/AIR_15.AGE--Y35T39__ENVCAUSE--ENVCAUSE114__SEX--M,dcid:undata-geo/G00116000,2019,89319.24737
dcs:who/AIR_15.AGE--Y40T44__ENVCAUSE--ENVCAUSE039__SEX--F,dcid:undata-geo/G00116000,2019,49275.25771
dcs:who/AIR_15.AGE--Y55T59__ENVCAUSE--ENVCAUSE114__SEX--M,dcid:undata-geo/G00116000,2019,333851.1102
dcs:who/AIR_15.AGE--Y55T59__ENVCAUSE--ENVCAUSE039__SEX--F,dcid:undata-geo/G00116000,2019,102769.2645
dcs:who/AIR_15.AGE--Y65T69__ENVCAUSE--ENVCAUSE039__SEX--F,dcid:undata-geo/G00116000,2019,189966.4253
dcs:who/AIR_15.AGE--Y45T49__ENVCAUSE--ENVCAUSE114__SEX--M,dcid:undata-geo/G00116000,2019,166263.5921
dcs:who/AIR_15.AGE--Y35T39__ENVCAUSE--ENVCAUSE039__SEX--F,dcid:undata-geo/G00116000,2019,48474.82969
dcs:who/AIR_15.AGE--Y30T34__ENVCAUSE--ENVCAUSE068__SEX--F,dcid:undata-geo/G00116000,2019,7591.53798
dcs:who/AIR_15.AGE--Y_GE80__ENVCAUSE--ENVCAUSE113__SEX--M,dcid:undata-geo/G00116000,2019,477050.8345
dcs:who/AIR_15.AGE--Y45T49__ENVCAUSE--ENVCAUSE068__SEX--F,dcid:undata-geo/G00116000,2019,30367.15717
dcs:who/AIR_15.AGE--Y10T14__ENVCAUSE--ENVCAUSE039__SEX--F,dcid:undata-geo/G00116000,2019,72657.33939
dcs:who/AIR_15.AGE--Y_GE80__ENVCAUSE--ENVCAUSE039__SEX--F,dcid:undata-geo/G00116000,2019,189341.4671
dcs:who/AIR_15.AGE--Y75T79__ENVCAUSE--ENVCAUSE113__SEX--M,dcid:undata-geo/G00116000,2019,448302.3379
dcs:who/AIR_15.AGE--Y15T19__ENVCAUSE--ENVCAUSE039__SEX--F,dcid:undata-geo/G00116000,2019,37446.17588
dcs:who/AIR_15.AGE--Y70T74__ENVCAUSE--ENVCAUSE039__SEX--F,dcid:undata-geo/G00116000,2019,188945.8787
dcs:who/AIR_15.AGE--Y60T64__ENVCAUSE--ENVCAUSE113__SEX--M,dcid:undata-geo/G00116000,2019,911517.6729
dcs:who/AIR_15.AGE--Y40T44__ENVCAUSE--ENVCAUSE068__SEX--F,dcid:undata-geo/G00116000,2019,22328.32285
dcs:who/AIR_15.AGE--Y75T79__ENVCAUSE--ENVCAUSE068__SEX--F,dcid:undata-geo/G00116000,2019,21683.90673
dcs:who/AIR_15.AGE--Y60T64__ENVCAUSE--ENVCAUSE068__SEX--F,dcid:undata-geo/G00116000,2019,48062.75875
dcs:who/AIR_15.AGE--Y55T59__ENVCAUSE--ENVCAUSE068__SEX--F,dcid:undata-geo/G00116000,2019,46963.95294
dcs:who/AIR_15.AGE--Y30T34__ENVCAUSE--ENVCAUSE039__SEX--F,dcid:undata-geo/G00116000,2019,33000.6775
dcs:who/AIR_15.AGE--Y65T69__ENVCAUSE--ENVCAUSE113__SEX--M,dcid:undata-geo/G00116000,2019,805956.293
dcs:who/AIR_15.AGE--Y50T54__ENVCAUSE--ENVCAUSE068__SEX--F,dcid:undata-geo/G00116000,2019,45717.14109
dcs:who/AIR_15.AGE--Y20T24__ENVCAUSE--ENVCAUSE039__SEX--F,dcid:undata-geo/G00116000,2019,35757.23387
dcs:who/AIR_15.AGE--Y45T49__ENVCAUSE--ENVCAUSE113__SEX--M,dcid:undata-geo/G00116000,2019,623153.2878
dcs:who/AIR_15.AGE--Y25T29__ENVCAUSE--ENVCAUSE039__SEX--F,dcid:undata-geo/G00116000,2019,38880.36406
dcs:who/AIR_15.AGE--Y45T49__ENVCAUSE--ENVCAUSE039__SEX--F,dcid:undata-geo/G00116000,2019,51153.61934
dcs:who/AIR_15.AGE--Y25T29__ENVCAUSE--ENVCAUSE068__SEX--F,dcid:undata-geo/G00116000,2019,4204.22706
dcs:who/AIR_15.AGE--Y35T39__ENVCAUSE--ENVCAUSE068__SEX--F,dcid:undata-geo/G00116000,2019,13033.69195
dcs:who/AIR_15.AGE--Y40T44__ENVCAUSE--ENVCAUSE114__SEX--M,dcid:undata-geo/G00116000,2019,116522.1504
dcs:who/AIR_15.AGE--Y65T69__ENVCAUSE--ENVCAUSE068__SEX--F,dcid:undata-geo/G00116000,2019,40564.65878
dcs:who/AIR_15.AGE--Y70T74__ENVCAUSE--ENVCAUSE113__SEX--M,dcid:undata-geo/G00116000,2019,608792.8964
dcs:who/AIR_15.AGE--Y30T34__ENVCAUSE--ENVCAUSE114__SEX--M,dcid:undata-geo/G00116000,2019,59399.02767
dcs:who/AIR_15.AGE--Y40T44__ENVCAUSE--ENVCAUSE113__SEX--M,dcid:undata-geo/G00116000,2019,426137.9809
dcs:who/AIR_15.ENVCAUSE--ENVCAUSE039__SEX--F,dcid:undata-geo/G00116000,2019,3523110.033
dcs:who/AIR_15.ENVCAUSE--ENVCAUSE113__SEX--M,dcid:undata-geo/G00116000,2019,6692647.801
dcs:who/AIR_15.AGE--Y30T34__ENVCAUSE--ENVCAUSE113__SEX--M,dcid:undata-geo/G00116000,2019,201076.8187
dcs:who/AIR_15.AGE--Y55T59__ENVCAUSE--ENVCAUSE113__SEX--M,dcid:undata-geo/G00116000,2019,972764.6847
dcs:who/AIR_15.AGE--Y50T54__ENVCAUSE--ENVCAUSE114__SEX--M,dcid:undata-geo/G00116000,2019,252449.6689
dcs:who/AIR_15.AGE--Y5T9__ENVCAUSE--ENVCAUSE039__SEX--F,dcid:undata-geo/G00116000,2019,116369.6278
dcs:who/AIR_15.AGE--Y_GE80__ENVCAUSE--ENVCAUSE068__SEX--F,dcid:undata-geo/G00116000,2019,16581.02988
dcs:who/AIR_15.AGE--Y70T74__ENVCAUSE--ENVCAUSE068__SEX--F,dcid:undata-geo/G00116000,2019,33072.59009
dcs:who/AIR_15.AGE--Y35T39__ENVCAUSE--ENVCAUSE113__SEX--M,dcid:undata-geo/G00116000,2019,315226.1739
dcs:who/AIR_15.SEX--M,dcid:undata-geo/G00116000,2019,17974347.42
dcs:who/AIR_15.AGE--Y50T54__ENVCAUSE--ENVCAUSE113__SEX--M,dcid:undata-geo/G00116000,2019,796757.6335
dcs:who/AIR_15.AGE--Y75T79__ENVCAUSE--ENVCAUSE039__SEX--F,dcid:undata-geo/G00116000,2019,145172.9494
dcs:who/AIR_15.AGE--Y25T29__ENVCAUSE--ENVCAUSE114__SEX--M,dcid:undata-geo/G00116000,2019,38439.37671
dcs:who/AIR_15.AGE--Y0T4__ENVCAUSE--ENVCAUSE039__SEX--F,dcid:undata-geo/G00116000,2019,1979783.172
dcs:who/AIR_15.AGE--Y60T64__ENVCAUSE--ENVCAUSE114__SEX--M,dcid:undata-geo/G00116000,2019,381136.4317
dcs:who/AIR_15.AGE--Y50T54__ENVCAUSE--ENVCAUSE039__SEX--F,dcid:undata-geo/G00116000,2019,89768.99676
dcs:who/AIR_15.AGE--Y60T64__ENVCAUSE--ENVCAUSE039__SEX--F,dcid:undata-geo/G00116000,2019,154346.7896
dcs:who/AIR_15.AGE--Y_GE80__ENVCAUSE--ENVCAUSE114__SEX--F,dcid:undata-geo/G00116000,2019,272537.307
dcs:who/AIR_15.AGE--Y_GE80__ENVCAUSE--ENVCAUSE113__SEX--F,dcid:undata-geo/G00116000,2019,466939.6145
dcs:who/AIR_15.AGE--Y45T49__ENVCAUSE--ENVCAUSE118__SEX--F,dcid:undata-geo/G00116000,2019,122606.0067
dcs:who/AIR_15.AGE--Y40T44__ENVCAUSE--ENVCAUSE114__SEX--F,dcid:undata-geo/G00116000,2019,103711.2405
dcs:who/AIR_15.AGE--Y40T44__ENVCAUSE--ENVCAUSE118__SEX--F,dcid:undata-geo/G00116000,2019,72005.55219
dcs:who/AIR_15.AGE--Y35T39__ENVCAUSE--ENVCAUSE118__SEX--F,dcid:undata-geo/G00116000,2019,54159.95684
dcs:who/AIR_15.AGE--Y50T54__ENVCAUSE--ENVCAUSE118__SEX--F,dcid:undata-geo/G00116000,2019,226648.6358
dcs:who/AIR_15.AGE--Y65T69__ENVCAUSE--ENVCAUSE114__SEX--F,dcid:undata-geo/G00116000,2019,367250.0662
dcs:who/AIR_15.AGE--Y35T39__ENVCAUSE--ENVCAUSE114__SEX--F,dcid:undata-geo/G00116000,2019,69458.17826
dcs:who/AIR_15.AGE--Y25T29__ENVCAUSE--ENVCAUSE114__SEX--F,dcid:undata-geo/G00116000,2019,34927.63213
dcs:who/AIR_15.ENVCAUSE--ENVCAUSE114__SEX--F,dcid:undata-geo/G00116000,2019,2525840.844
dcs:who/AIR_15.AGE--Y25T29__ENVCAUSE--ENVCAUSE118__SEX--F,dcid:undata-geo/G00116000,2019,34805.17905
dcs:who/AIR_15.ENVCAUSE--ENVCAUSE118__SEX--F,dcid:undata-geo/G00116000,2019,3527190.321
dcs:who/AIR_15.ENVCAUSE--ENVCAUSE113__SEX--F,dcid:undata-geo/G00116000,2019,4217293.661
dcs:who/AIR_15.AGE--Y55T59__ENVCAUSE--ENVCAUSE114__SEX--F,dcid:undata-geo/G00116000,2019,288757.2525
dcs:who/AIR_15.AGE--Y75T79__ENVCAUSE--ENVCAUSE118__SEX--F,dcid:undata-geo/G00116000,2019,480250.1136
dcs:who/AIR_15.AGE--Y70T74__ENVCAUSE--ENVCAUSE118__SEX--F,dcid:undata-geo/G00116000,2019,570003.7395
dcs:who/AIR_15.AGE--Y60T64__ENVCAUSE--ENVCAUSE118__SEX--F,dcid:undata-geo/G00116000,2019,442787.175
dcs:who/AIR_15.AGE--Y50T54__ENVCAUSE--ENVCAUSE114__SEX--F,dcid:undata-geo/G00116000,2019,246889.4497
dcs:who/AIR_15.AGE--Y_GE80__ENVCAUSE--ENVCAUSE118__SEX--F,dcid:undata-geo/G00116000,2019,650345.7983
dcs:who/AIR_15.AGE--Y30T34__ENVCAUSE--ENVCAUSE114__SEX--F,dcid:undata-geo/G00116000,2019,46490.89397
dcs:who/AIR_15.AGE--Y60T64__ENVCAUSE--ENVCAUSE114__SEX--F,dcid:undata-geo/G00116000,2019,361631.7112
dcs:who/AIR_15.AGE--Y55T59__ENVCAUSE--ENVCAUSE118__SEX--F,dcid:undata-geo/G00116000,2019,300338.1256
dcs:who/AIR_15.AGE--Y45T49__ENVCAUSE--ENVCAUSE114__SEX--F,dcid:undata-geo/G00116000,2019,147533.1709
dcs:who/AIR_15.AGE--Y30T34__ENVCAUSE--ENVCAUSE118__SEX--F,dcid:undata-geo/G00116000,2019,43847.26656
dcs:who/AIR_15.AGE--Y70T74__ENVCAUSE--ENVCAUSE114__SEX--F,dcid:undata-geo/G00116000,2019,323242.9177
dcs:who/AIR_15.AGE--Y65T69__ENVCAUSE--ENVCAUSE118__SEX--F,dcid:undata-geo/G00116000,2019,529392.6494
dcs:who/AIR_15.AGE--Y75T79__ENVCAUSE--ENVCAUSE114__SEX--F,dcid:undata-geo/G00116000,2019,263411.0496
dcs:who/AIR_15.AGE--Y30T34__ENVCAUSE--ENVCAUSE068,dcid:undata-geo/G00116000,2019,16493.80148
dcs:who/AIR_15.AGE--Y75T79__ENVCAUSE--ENVCAUSE113__SEX--F,dcid:undata-geo/G00116000,2019,415393.5029
dcs:who/AIR_15.AGE--Y25T29__ENVCAUSE--ENVCAUSE068,dcid:undata-geo/G00116000,2019,9509.27793
dcs:who/AIR_15.AGE--Y75T79__ENVCAUSE--ENVCAUSE104__SEX--F,dcid:undata-geo/G00116000,2019,42717.10522
dcs:who/AIR_15.AGE--Y45T49__ENVCAUSE--ENVCAUSE068,dcid:undata-geo/G00116000,2019,87193.7981
dcs:who/AIR_15.AGE--Y60T64__ENVCAUSE--ENVCAUSE104__SEX--F,dcid:undata-geo/G00116000,2019,41275.10583
dcs:who/AIR_15.AGE--Y50T54__ENVCAUSE--ENVCAUSE068,dcid:undata-geo/G00116000,2019,132175.2074
dcs:who/AIR_15.AGE--Y75T79__ENVCAUSE--ENVCAUSE068,dcid:undata-geo/G00116000,2019,66284.58496
dcs:who/AIR_15.AGE--Y30T34__ENVCAUSE--ENVCAUSE104__SEX--F,dcid:undata-geo/G00116000,2019,2238.26083
dcs:who/AIR_15.AGE--Y40T44__ENVCAUSE--ENVCAUSE104__SEX--F,dcid:undata-geo/G00116000,2019,6654.08189
dcs:who/AIR_15.AGE--Y_GE80__ENVCAUSE--ENVCAUSE068,dcid:undata-geo/G00116000,2019,43136.20186
dcs:who/AIR_15.AGE--Y70T74__ENVCAUSE--ENVCAUSE104__SEX--F,dcid:undata-geo/G00116000,2019,46977.74875
dcs:who/AIR_15.AGE--Y60T64__ENVCAUSE--ENVCAUSE068,dcid:undata-geo/G00116000,2019,166093.3416
dcs:who/AIR_15.AGE--Y25T29__ENVCAUSE--ENVCAUSE113__SEX--F,dcid:undata-geo/G00116000,2019,56619.85505
dcs:who/AIR_15.AGE--Y70T74__ENVCAUSE--ENVCAUSE068,dcid:undata-geo/G00116000,2019,106642.2809
dcs:who/AIR_15.AGE--Y60T64__ENVCAUSE--ENVCAUSE113__SEX--F,dcid:undata-geo/G00116000,2019,563037.228
dcs:who/AIR_15.AGE--Y45T49__ENVCAUSE--ENVCAUSE113__SEX--F,dcid:undata-geo/G00116000,2019,278201.2234
dcs:who/AIR_15.AGE--Y35T39__ENVCAUSE--ENVCAUSE068,dcid:undata-geo/G00116000,2019,27541.37661
dcs:who/AIR_15.ENVCAUSE--ENVCAUSE039,dcid:undata-geo/G00116000,2019,7406456.844
dcs:who/AIR_15.AGE--Y70T74__ENVCAUSE--ENVCAUSE113__SEX--F,dcid:undata-geo/G00116000,2019,497085.8311
dcs:who/AIR_15.AGE--Y35T39__ENVCAUSE--ENVCAUSE104__SEX--F,dcid:undata-geo/G00116000,2019,3938.62032
dcs:who/AIR_15.AGE--Y55T59__ENVCAUSE--ENVCAUSE113__SEX--F,dcid:undata-geo/G00116000,2019,508666.5582
dcs:who/AIR_15.AGE--Y45T49__ENVCAUSE--ENVCAUSE104__SEX--F,dcid:undata-geo/G00116000,2019,12127.81163
dcs:who/AIR_15.AGE--Y40T44__ENVCAUSE--ENVCAUSE113__SEX--F,dcid:undata-geo/G00116000,2019,213624.857
dcs:who/AIR_15.AGE--Y55T59__ENVCAUSE--ENVCAUSE104__SEX--F,dcid:undata-geo/G00116000,2019,32016.08421
dcs:who/AIR_15.AGE--Y35T39__ENVCAUSE--ENVCAUSE113__SEX--F,dcid:undata-geo/G00116000,2019,141110.5203
dcs:who/AIR_15.AGE--Y65T69__ENVCAUSE--ENVCAUSE113__SEX--F,dcid:undata-geo/G00116000,2019,562233.372
dcs:who/AIR_15.AGE--Y65T69__ENVCAUSE--ENVCAUSE104__SEX--F,dcid:undata-geo/G00116000,2019,47341.04109
dcs:who/AIR_15.AGE--Y55T59__ENVCAUSE--ENVCAUSE068,dcid:undata-geo/G00116000,2019,163771.199
dcs:who/AIR_15.AGE--Y_GE80__ENVCAUSE--ENVCAUSE104__SEX--F,dcid:undata-geo/G00116000,2019,59472.21124
dcs:who/AIR_15.AGE--Y65T69__ENVCAUSE--ENVCAUSE068,dcid:undata-geo/G00116000,2019,143446.22
dcs:who/AIR_15.AGE--Y50T54__ENVCAUSE--ENVCAUSE113__SEX--F,dcid:undata-geo/G00116000,2019,429320.7706
dcs:who/AIR_15.AGE--Y25T29__ENVCAUSE--ENVCAUSE104__SEX--F,dcid:undata-geo/G00116000,2019,936.92786
dcs:who/AIR_15.SEX--F,dcid:undata-geo/G00116000,2019,14439773.11
dcs:who/AIR_15.AGE--Y30T34__ENVCAUSE--ENVCAUSE113__SEX--F,dcid:undata-geo/G00116000,2019,85060.3275
dcs:who/AIR_15.ENVCAUSE--ENVCAUSE104__SEX--F,dcid:undata-geo/G00116000,2019,316166.9639
dcs:who/AIR_15.ENVCAUSE--ENVCAUSE068,dcid:undata-geo/G00116000,2019,1011918.549
dcs:who/AIR_15.AGE--Y40T44__ENVCAUSE--ENVCAUSE068,dcid:undata-geo/G00116000,2019,49631.24835
dcs:who/AIR_15.AGE--Y50T54__ENVCAUSE--ENVCAUSE104__SEX--F,dcid:undata-geo/G00116000,2019,20471.96599
dcs:who/AIR_15.AGE--Y55T59__ENVCAUSE--ENVCAUSE113,dcid:undata-geo/G00116000,2019,1481431.243
dcs:who/AIR_15.AGE--Y65T69__ENVCAUSE--ENVCAUSE118,dcid:undata-geo/G00116000,2019,1228708.778
dcs:who/AIR_15.AGE--Y30T34__ENVCAUSE--ENVCAUSE114,dcid:undata-geo/G00116000,2019,105889.9246
dcs:who/AIR_15.AGE--Y45T49__ENVCAUSE--ENVCAUSE039,dcid:undata-geo/G00116000,2019,119705.7382
dcs:who/AIR_15.AGE--Y55T59__ENVCAUSE--ENVCAUSE118,dcid:undata-geo/G00116000,2019,723776.6008
dcs:who/AIR_15.AGE--Y50T54__ENVCAUSE--ENVCAUSE114,dcid:undata-geo/G00116000,2019,499339.1186
dcs:who/AIR_15.ENVCAUSE--ENVCAUSE118,dcid:undata-geo/G00116000,2019,7683934.356
dcs:who/AIR_15.AGE--Y15T19__ENVCAUSE--ENVCAUSE039,dcid:undata-geo/G00116000,2019,76067.43912
dcs:who/AIR_15.AGE--Y35T39__ENVCAUSE--ENVCAUSE113,dcid:undata-geo/G00116000,2019,456336.6862
dcs:who/AIR_15.AGE--Y70T74__ENVCAUSE--ENVCAUSE039,dcid:undata-geo/G00116000,2019,351148.9822
dcs:who/AIR_15.AGE--Y45T49__ENVCAUSE--ENVCAUSE114,dcid:undata-geo/G00116000,2019,313796.7634
dcs:who/AIR_15.AGE--Y35T39__ENVCAUSE--ENVCAUSE114,dcid:undata-geo/G00116000,2019,158777.4247
dcs:who/AIR_15.AGE--Y75T79__ENVCAUSE--ENVCAUSE114,dcid:undata-geo/G00116000,2019,490169.1654
dcs:who/AIR_15.AGE--Y25T29__ENVCAUSE--ENVCAUSE114,dcid:undata-geo/G00116000,2019,73367.00735
dcs:who/AIR_15.AGE--Y75T79__ENVCAUSE--ENVCAUSE113,dcid:undata-geo/G00116000,2019,863695.8677
dcs:who/AIR_15.AGE--Y0T4__ENVCAUSE--ENVCAUSE039,dcid:undata-geo/G00116000,2019,4371728.033
dcs:who/AIR_15.AGE--Y35T39__ENVCAUSE--ENVCAUSE118,dcid:undata-geo/G00116000,2019,113607.3439
dcs:who/AIR_15.AGE--Y40T44__ENVCAUSE--ENVCAUSE113,dcid:undata-geo/G00116000,2019,639762.8193
dcs:who/AIR_15.AGE--Y10T14__ENVCAUSE--ENVCAUSE039,dcid:undata-geo/G00116000,2019,137590.3769
dcs:who/AIR_15.AGE--Y45T49__ENVCAUSE--ENVCAUSE118,dcid:undata-geo/G00116000,2019,279527.1667
dcs:who/AIR_15.ENVCAUSE--ENVCAUSE114,dcid:undata-geo/G00116000,2019,5085701.669
dcs:who/AIR_15.AGE--Y40T44__ENVCAUSE--ENVCAUSE118,dcid:undata-geo/G00116000,2019,157211.5785
dcs:who/AIR_15.AGE--Y70T74__ENVCAUSE--ENVCAUSE118,dcid:undata-geo/G00116000,2019,1223565.911
dcs:who/AIR_15.AGE--Y35T39__ENVCAUSE--ENVCAUSE039,dcid:undata-geo/G00116000,2019,100338.7016
dcs:who/AIR_15.AGE--Y60T64__ENVCAUSE--ENVCAUSE114,dcid:undata-geo/G00116000,2019,742768.1362
dcs:who/AIR_15.AGE--Y_GE80__ENVCAUSE--ENVCAUSE118,dcid:undata-geo/G00116000,2019,1243579.634
dcs:who/AIR_15.AGE--Y65T69__ENVCAUSE--ENVCAUSE039,dcid:undata-geo/G00116000,2019,362174.289
dcs:who/AIR_15.AGE--Y50T54__ENVCAUSE--ENVCAUSE113,dcid:undata-geo/G00116000,2019,1226078.407
dcs:who/AIR_15.AGE--Y65T69__ENVCAUSE--ENVCAUSE114,dcid:undata-geo/G00116000,2019,751581.8924
dcs:who/AIR_15.AGE--Y75T79__ENVCAUSE--ENVCAUSE039,dcid:undata-geo/G00116000,2019,284892.3649
dcs:who/AIR_15.AGE--Y75T79__ENVCAUSE--ENVCAUSE118,dcid:undata-geo/G00116000,2019,1019422.394
dcs:who/AIR_15.AGE--Y30T34__ENVCAUSE--ENVCAUSE039,dcid:undata-geo/G00116000,2019,74836.58857
dcs:who/AIR_15.AGE--Y55T59__ENVCAUSE--ENVCAUSE039,dcid:undata-geo/G00116000,2019,219786.5742
dcs:who/AIR_15.AGE--Y5T9__ENVCAUSE--ENVCAUSE039,dcid:undata-geo/G00116000,2019,204361.9158
dcs:who/AIR_15.AGE--Y25T29__ENVCAUSE--ENVCAUSE039,dcid:undata-geo/G00116000,2019,79154.12419
dcs:who/AIR_15.AGE--Y_GE80__ENVCAUSE--ENVCAUSE113,dcid:undata-geo/G00116000,2019,943990.4521
dcs:who/AIR_15.AGE--Y60T64__ENVCAUSE--ENVCAUSE039,dcid:undata-geo/G00116000,2019,311247.4743
dcs:who/AIR_15.AGE--Y70T74__ENVCAUSE--ENVCAUSE114,dcid:undata-geo/G00116000,2019,624032.3432
dcs:who/AIR_15.AGE--Y65T69__ENVCAUSE--ENVCAUSE113,dcid:undata-geo/G00116000,2019,1368189.631
dcs:who/AIR_15.AGE--Y40T44__ENVCAUSE--ENVCAUSE039,dcid:undata-geo/G00116000,2019,103156.5566
dcs:who/AIR_15.AGE--Y40T44__ENVCAUSE--ENVCAUSE114,dcid:undata-geo/G00116000,2019,220233.3934
dcs:who/AIR_15.ENVCAUSE--ENVCAUSE113,dcid:undata-geo/G00116000,2019,10909941.42
dcs:who/AIR_15.AGE--Y30T34__ENVCAUSE--ENVCAUSE118,dcid:undata-geo/G00116000,2019,87537.12466
dcs:who/AIR_15.AGE--Y50T54__ENVCAUSE--ENVCAUSE039,dcid:undata-geo/G00116000,2019,176235.5274
dcs:who/AIR_15.AGE--Y20T24__ENVCAUSE--ENVCAUSE039,dcid:undata-geo/G00116000,2019,72430.67413
dcs:who/AIR_15.AGE--Y_GE80__ENVCAUSE--ENVCAUSE114,dcid:undata-geo/G00116000,2019,483138.2822
dcs:who/AIR_15.AGE--Y25T29__ENVCAUSE--ENVCAUSE118,dcid:undata-geo/G00116000,2019,68782.67199
dcs:who/AIR_15.AGE--Y60T64__ENVCAUSE--ENVCAUSE113,dcid:undata-geo/G00116000,2019,1474554.893
dcs:who/AIR_15.AGE--Y70T74__ENVCAUSE--ENVCAUSE113,dcid:undata-geo/G00116000,2019,1105878.727
dcs:who/AIR_15.AGE--Y45T49__ENVCAUSE--ENVCAUSE113,dcid:undata-geo/G00116000,2019,901354.4759
dcs:who/AIR_15.AGE--Y60T64__ENVCAUSE--ENVCAUSE118,dcid:undata-geo/G00116000,2019,1032836.805
dcs:who/AIR_15.AGE--Y55T59__ENVCAUSE--ENVCAUSE114,dcid:undata-geo/G00116000,2019,622608.354
dcs:who/AIR_15.AGE--Y50T54__ENVCAUSE--ENVCAUSE118,dcid:undata-geo/G00116000,2019,505378.065
dcs:who/AIR_15.AGE--Y_GE80__ENVCAUSE--ENVCAUSE039,dcid:undata-geo/G00116000,2019,361601.5875
dcs:who/AIR_15.AGE--Y25T29__ENVCAUSE--ENVCAUSE113,dcid:undata-geo/G00116000,2019,162530.9898
dcs:who/AIR_15.AGE--Y_GE80__ENVCAUSE--ENVCAUSE104,dcid:undata-geo/G00116000,2019,59472.21124
dcs:who/AIR_15.AGE--Y60T64__ENVCAUSE--ENVCAUSE104,dcid:undata-geo/G00116000,2019,41275.10583
dcs:who/AIR_15.ENVCAUSE--ENVCAUSE104,dcid:undata-geo/G00116000,2019,316166.9639
dcs:who/AIR_15.AGE--Y30T34__ENVCAUSE--ENVCAUSE113,dcid:undata-geo/G00116000,2019,286137.1393
dcs:who/AIR_15.AGE--Y65T69__ENVCAUSE--ENVCAUSE104,dcid:undata-geo/G00116000,2019,47341.04109
dcs:who/AIR_15.AGE--Y25T29__ENVCAUSE--ENVCAUSE104,dcid:undata-geo/G00116000,2019,936.92786
dcs:who/AIR_15.AGE--Y45T49__ENVCAUSE--ENVCAUSE104,dcid:undata-geo/G00116000,2019,12127.81163
dcs:who/AIR_15.AGE--Y50T54__ENVCAUSE--ENVCAUSE104,dcid:undata-geo/G00116000,2019,20471.96599
dcs:who/AIR_15.AGE--Y75T79__ENVCAUSE--ENVCAUSE104,dcid:undata-geo/G00116000,2019,42717.10522
dcs:who/AIR_15.AGE--Y35T39__ENVCAUSE--ENVCAUSE104,dcid:undata-geo/G00116000,2019,3938.62032
dcs:who/AIR_15.AGE--Y55T59__ENVCAUSE--ENVCAUSE104,dcid:undata-geo/G00116000,2019,32016.08421
dcs:who/AIR_15.AGE--Y70T74__ENVCAUSE--ENVCAUSE104,dcid:undata-geo/G00116000,2019,46977.74875
dcs:who/AIR_15.AGE--Y40T44__ENVCAUSE--ENVCAUSE104,dcid:undata-geo/G00116000,2019,6654.08189
dcs:who/AIR_15.AGE--Y30T34__ENVCAUSE--ENVCAUSE104,dcid:undata-geo/G00116000,2019,2238.26083
dcs:who/AIR_15,dcid:undata-geo/G00116000,2019,32414119.25
dcs:who/AIR_15.AGE--Y75T79__ENVCAUSE--ENVCAUSE118__SEX--M,dcid:undata-geo/G00121000,2019,76424.49523
dcs:who/AIR_15.AGE--Y75T79__ENVCAUSE--ENVCAUSE068__SEX--M,dcid:undata-geo/G00121000,2019,5081.16817
dcs:who/AIR_15.ENVCAUSE--ENVCAUSE118__SEX--M,dcid:undata-geo/G00121000,2019,585677.3285
dcs:who/AIR_15.AGE--Y60T64__ENVCAUSE--ENVCAUSE068__SEX--M,dcid:undata-geo/G00121000,2019,19258.52037
dcs:who/AIR_15.AGE--Y_GE80__ENVCAUSE--ENVCAUSE039__SEX--M,dcid:undata-geo/G00121000,2019,27627.1933
dcs:who/AIR_15.AGE--Y0T4__ENVCAUSE--ENVCAUSE039__SEX--M,dcid:undata-geo/G00121000,2019,1495482.71
dcs:who/AIR_15.AGE--Y10T14__ENVCAUSE--ENVCAUSE039__SEX--M,dcid:undata-geo/G00121000,2019,30796.17686
dcs:who/AIR_15.AGE--Y25T29__ENVCAUSE--ENVCAUSE068__SEX--M,dcid:undata-geo/G00121000,2019,817.79329
dcs:who/AIR_15.AGE--Y65T69__ENVCAUSE--ENVCAUSE068__SEX--M,dcid:undata-geo/G00121000,2019,13916.99911
dcs:who/AIR_15.AGE--Y_GE80__ENVCAUSE--ENVCAUSE068__SEX--M,dcid:undata-geo/G00121000,2019,2794.64359
dcs:who/AIR_15.AGE--Y55T59__ENVCAUSE--ENVCAUSE068__SEX--M,dcid:undata-geo/G00121000,2019,20350.85008
dcs:who/AIR_15.AGE--Y15T19__ENVCAUSE--ENVCAUSE039__SEX--M,dcid:undata-geo/G00121000,2019,19569.36203
dcs:who/AIR_15.AGE--Y45T49__ENVCAUSE--ENVCAUSE039__SEX--M,dcid:undata-geo/G00121000,2019,19097.65038
dcs:who/AIR_15.AGE--Y5T9__ENVCAUSE--ENVCAUSE039__SEX--M,dcid:undata-geo/G00121000,2019,57633.72085
dcs:who/AIR_15.AGE--Y40T44__ENVCAUSE--ENVCAUSE039__SEX--M,dcid:undata-geo/G00121000,2019,17667.50839
dcs:who/AIR_15.AGE--Y35T39__ENVCAUSE--ENVCAUSE039__SEX--M,dcid:undata-geo/G00121000,2019,16048.87911
dcs:who/AIR_15.AGE--Y70T74__ENVCAUSE--ENVCAUSE068__SEX--M,dcid:undata-geo/G00121000,2019,9200.23997
dcs:who/AIR_15.AGE--Y50T54__ENVCAUSE--ENVCAUSE039__SEX--M,dcid:undata-geo/G00121000,2019,21479.97731
dcs:who/AIR_15.ENVCAUSE--ENVCAUSE039__SEX--M,dcid:undata-geo/G00121000,2019,1901677.362
dcs:who/AIR_15.AGE--Y45T49__ENVCAUSE--ENVCAUSE068__SEX--M,dcid:undata-geo/G00121000,2019,11046.53491
dcs:who/AIR_15.AGE--Y40T44__ENVCAUSE--ENVCAUSE068__SEX--M,dcid:undata-geo/G00121000,2019,5732.19954
dcs:who/AIR_15.AGE--Y20T24__ENVCAUSE--ENVCAUSE039__SEX--M,dcid:undata-geo/G00121000,2019,17513.00357
dcs:who/AIR_15.ENVCAUSE--ENVCAUSE068__SEX--M,dcid:undata-geo/G00121000,2019,107775.3618
dcs:who/AIR_15.AGE--Y50T54__ENVCAUSE--ENVCAUSE068__SEX--M,dcid:undata-geo/G00121000,2019,16144.1201
dcs:who/AIR_15.AGE--Y30T34__ENVCAUSE--ENVCAUSE039__SEX--M,dcid:undata-geo/G00121000,2019,15749.97449
dcs:who/AIR_15.AGE--Y70T74__ENVCAUSE--ENVCAUSE039__SEX--M,dcid:undata-geo/G00121000,2019,31747.75355
dcs:who/AIR_15.AGE--Y_GE80__ENVCAUSE--ENVCAUSE118__SEX--M,dcid:undata-geo/G00121000,2019,77360.32739
dcs:who/AIR_15.AGE--Y60T64__ENVCAUSE--ENVCAUSE039__SEX--M,dcid:undata-geo/G00121000,2019,32092.841
dcs:who/AIR_15.AGE--Y75T79__ENVCAUSE--ENVCAUSE039__SEX--M,dcid:undata-geo/G00121000,2019,26191.89974
dcs:who/AIR_15.AGE--Y55T59__ENVCAUSE--ENVCAUSE039__SEX--M,dcid:undata-geo/G00121000,2019,25187.18251
dcs:who/AIR_15.AGE--Y35T39__ENVCAUSE--ENVCAUSE068__SEX--M,dcid:undata-geo/G00121000,2019,1808.22344
dcs:who/AIR_15.AGE--Y65T69__ENVCAUSE--ENVCAUSE039__SEX--M,dcid:undata-geo/G00121000,2019,30131.87005
dcs:who/AIR_15.AGE--Y25T29__ENVCAUSE--ENVCAUSE039__SEX--M,dcid:undata-geo/G00121000,2019,17659.62992
dcs:who/AIR_15.AGE--Y30T34__ENVCAUSE--ENVCAUSE068__SEX--M,dcid:undata-geo/G00121000,2019,1624.06579
dcs:who/AIR_15.AGE--Y40T44__ENVCAUSE--ENVCAUSE113__SEX--M,dcid:undata-geo/G00121000,2019,116988.0393
dcs:who/AIR_15.AGE--Y75T79__ENVCAUSE--ENVCAUSE114__SEX--M,dcid:undata-geo/G00121000,2019,51603.69541
dcs:who/AIR_15.AGE--Y55T59__ENVCAUSE--ENVCAUSE113__SEX--M,dcid:undata-geo/G00121000,2019,203316.9745
dcs:who/AIR_15.AGE--Y30T34__ENVCAUSE--ENVCAUSE118__SEX--M,dcid:undata-geo/G00121000,2019,10347.55494
dcs:who/AIR_15.ENVCAUSE--ENVCAUSE113__SEX--M,dcid:undata-geo/G00121000,2019,1545686.667
dcs:who/AIR_15.AGE--Y25T29__ENVCAUSE--ENVCAUSE118__SEX--M,dcid:undata-geo/G00121000,2019,8861.8133
dcs:who/AIR_15.AGE--Y55T59__ENVCAUSE--ENVCAUSE118__SEX--M,dcid:undata-geo/G00121000,2019,58173.08373
dcs:who/AIR_15.AGE--Y25T29__ENVCAUSE--ENVCAUSE113__SEX--M,dcid:undata-geo/G00121000,2019,39698.58771
dcs:who/AIR_15.SEX--M,dcid:undata-geo/G00121000,2019,4703668.757
dcs:who/AIR_15.AGE--Y70T74__ENVCAUSE--ENVCAUSE113__SEX--M,dcid:undata-geo/G00121000,2019,144780.3294
dcs:who/AIR_15.AGE--Y55T59__ENVCAUSE--ENVCAUSE114__SEX--M,dcid:undata-geo/G00121000,2019,66201.3636
dcs:who/AIR_15.AGE--Y65T69__ENVCAUSE--ENVCAUSE114__SEX--M,dcid:undata-geo/G00121000,2019,75501.53951
dcs:who/AIR_15.AGE--Y65T69__ENVCAUSE--ENVCAUSE118__SEX--M,dcid:undata-geo/G00121000,2019,83554.33666
dcs:who/AIR_15.AGE--Y_GE80__ENVCAUSE--ENVCAUSE113__SEX--M,dcid:undata-geo/G00121000,2019,93864.45063
dcs:who/AIR_15.AGE--Y_GE80__ENVCAUSE--ENVCAUSE114__SEX--M,dcid:undata-geo/G00121000,2019,39144.46682
dcs:who/AIR_15.AGE--Y50T54__ENVCAUSE--ENVCAUSE118__SEX--M,dcid:undata-geo/G00121000,2019,43197.57871
dcs:who/AIR_15.AGE--Y30T34__ENVCAUSE--ENVCAUSE114__SEX--M,dcid:undata-geo/G00121000,2019,18302.67913
dcs:who/AIR_15.AGE--Y50T54__ENVCAUSE--ENVCAUSE114__SEX--M,dcid:undata-geo/G00121000,2019,57183.50605
dcs:who/AIR_15.AGE--Y25T29__ENVCAUSE--ENVCAUSE114__SEX--M,dcid:undata-geo/G00121000,2019,14784.02894
dcs:who/AIR_15.AGE--Y70T74__ENVCAUSE--ENVCAUSE114__SEX--M,dcid:undata-geo/G00121000,2019,68459.21664
dcs:who/AIR_15.AGE--Y45T49__ENVCAUSE--ENVCAUSE113__SEX--M,dcid:undata-geo/G00121000,2019,148538.615
dcs:who/AIR_15.AGE--Y60T64__ENVCAUSE--ENVCAUSE113__SEX--M,dcid:undata-geo/G00121000,2019,200922.6748
dcs:who/AIR_15.AGE--Y35T39__ENVCAUSE--ENVCAUSE114__SEX--M,dcid:undata-geo/G00121000,2019,22684.42642
dcs:who/AIR_15.AGE--Y70T74__ENVCAUSE--ENVCAUSE118__SEX--M,dcid:undata-geo/G00121000,2019,92161.46397
dcs:who/AIR_15.AGE--Y35T39__ENVCAUSE--ENVCAUSE113__SEX--M,dcid:undata-geo/G00121000,2019,77906.90867
dcs:who/AIR_15.AGE--Y35T39__ENVCAUSE--ENVCAUSE118__SEX--M,dcid:undata-geo/G00121000,2019,11815.74989
dcs:who/AIR_15.AGE--Y45T49__ENVCAUSE--ENVCAUSE118__SEX--M,dcid:undata-geo/G00121000,2019,25796.34956
dcs:who/AIR_15.ENVCAUSE--ENVCAUSE114__SEX--M,dcid:undata-geo/G00121000,2019,562852.0398
dcs:who/AIR_15.AGE--Y65T69__ENVCAUSE--ENVCAUSE113__SEX--M,dcid:undata-geo/G00121000,2019,167536.9902
dcs:who/AIR_15.AGE--Y40T44__ENVCAUSE--ENVCAUSE118__SEX--M,dcid:undata-geo/G00121000,2019,17045.88898
dcs:who/AIR_15.AGE--Y50T54__ENVCAUSE--ENVCAUSE113__SEX--M,dcid:undata-geo/G00121000,2019,186848.6657
dcs:who/AIR_15.AGE--Y40T44__ENVCAUSE--ENVCAUSE114__SEX--M,dcid:undata-geo/G00121000,2019,31533.80166
dcs:who/AIR_15.AGE--Y30T34__ENVCAUSE--ENVCAUSE113__SEX--M,dcid:undata-geo/G00121000,2019,62284.55626
dcs:who/AIR_15.AGE--Y60T64__ENVCAUSE--ENVCAUSE118__SEX--M,dcid:undata-geo/G00121000,2019,80938.68055
dcs:who/AIR_15.AGE--Y45T49__ENVCAUSE--ENVCAUSE114__SEX--M,dcid:undata-geo/G00121000,2019,39650.4715
dcs:who/AIR_15.AGE--Y75T79__ENVCAUSE--ENVCAUSE113__SEX--M,dcid:undata-geo/G00121000,2019,102999.8807
dcs:who/AIR_15.AGE--Y60T64__ENVCAUSE--ENVCAUSE114__SEX--M,dcid:undata-geo/G00121000,2019,77802.83441
dcs:who/AIR_15.AGE--Y70T74__ENVCAUSE--ENVCAUSE039__SEX--F,dcid:undata-geo/G00121000,2019,19486.60364
dcs:who/AIR_15.AGE--Y65T69__ENVCAUSE--ENVCAUSE039__SEX--F,dcid:undata-geo/G00121000,2019,17576.06716
dcs:who/AIR_15.AGE--Y0T4__ENVCAUSE--ENVCAUSE039__SEX--F,dcid:undata-geo/G00121000,2019,1149572.836
dcs:who/AIR_15.AGE--Y_GE80__ENVCAUSE--ENVCAUSE118__SEX--F,dcid:undata-geo/G00121000,2019,46153.70564
dcs:who/AIR_15.AGE--Y70T74__ENVCAUSE--ENVCAUSE068__SEX--F,dcid:undata-geo/G00121000,2019,2812.32007
dcs:who/AIR_15.AGE--Y40T44__ENVCAUSE--ENVCAUSE068__SEX--F,dcid:undata-geo/G00121000,2019,2877.95712
dcs:who/AIR_15.AGE--Y60T64__ENVCAUSE--ENVCAUSE068__SEX--F,dcid:undata-geo/G00121000,2019,5631.41514
dcs:who/AIR_15.AGE--Y70T74__ENVCAUSE--ENVCAUSE118__SEX--F,dcid:undata-geo/G00121000,2019,51727.74543
dcs:who/AIR_15.AGE--Y75T79__ENVCAUSE--ENVCAUSE068__SEX--F,dcid:undata-geo/G00121000,2019,1646.95055
dcs:who/AIR_15.AGE--Y55T59__ENVCAUSE--ENVCAUSE068__SEX--F,dcid:undata-geo/G00121000,2019,6102.3148
dcs:who/AIR_15.AGE--Y60T64__ENVCAUSE--ENVCAUSE118__SEX--F,dcid:undata-geo/G00121000,2019,43708.93075
dcs:who/AIR_15.AGE--Y75T79__ENVCAUSE--ENVCAUSE118__SEX--F,dcid:undata-geo/G00121000,2019,41749.23461
dcs:who/AIR_15.AGE--Y10T14__ENVCAUSE--ENVCAUSE039__SEX--F,dcid:undata-geo/G00121000,2019,25845.31958
dcs:who/AIR_15.AGE--Y65T69__ENVCAUSE--ENVCAUSE068__SEX--F,dcid:undata-geo/G00121000,2019,4167.55727
dcs:who/AIR_15.AGE--Y25T29__ENVCAUSE--ENVCAUSE068__SEX--F,dcid:undata-geo/G00121000,2019,841.26107
dcs:who/AIR_15.AGE--Y50T54__ENVCAUSE--ENVCAUSE118__SEX--F,dcid:undata-geo/G00121000,2019,25263.92874
dcs:who/AIR_15.ENVCAUSE--ENVCAUSE068__SEX--F,dcid:undata-geo/G00121000,2019,38101.62197
dcs:who/AIR_15.AGE--Y25T29__ENVCAUSE--ENVCAUSE039__SEX--F,dcid:undata-geo/G00121000,2019,10536.54977
dcs:who/AIR_15.AGE--Y30T34__ENVCAUSE--ENVCAUSE068__SEX--F,dcid:undata-geo/G00121000,2019,1174.94022
dcs:who/AIR_15.AGE--Y65T69__ENVCAUSE--ENVCAUSE118__SEX--F,dcid:undata-geo/G00121000,2019,44917.85282
dcs:who/AIR_15.AGE--Y_GE80__ENVCAUSE--ENVCAUSE068__SEX--F,dcid:undata-geo/G00121000,2019,1083.71297
dcs:who/AIR_15.AGE--Y20T24__ENVCAUSE--ENVCAUSE039__SEX--F,dcid:undata-geo/G00121000,2019,10145.55408
dcs:who/AIR_15.ENVCAUSE--ENVCAUSE118__SEX--F,dcid:undata-geo/G00121000,2019,348292.7651
dcs:who/AIR_15.AGE--Y60T64__ENVCAUSE--ENVCAUSE039__SEX--F,dcid:undata-geo/G00121000,2019,17405.7251
dcs:who/AIR_15.AGE--Y55T59__ENVCAUSE--ENVCAUSE039__SEX--F,dcid:undata-geo/G00121000,2019,13269.43655
dcs:who/AIR_15.AGE--Y35T39__ENVCAUSE--ENVCAUSE039__SEX--F,dcid:undata-geo/G00121000,2019,10464.42868
dcs:who/AIR_15.AGE--Y45T49__ENVCAUSE--ENVCAUSE118__SEX--F,dcid:undata-geo/G00121000,2019,16822.17886
dcs:who/AIR_15.AGE--Y15T19__ENVCAUSE--ENVCAUSE039__SEX--F,dcid:undata-geo/G00121000,2019,10264.36781
dcs:who/AIR_15.ENVCAUSE--ENVCAUSE039__SEX--F,dcid:undata-geo/G00121000,2019,1412927.526
dcs:who/AIR_15.AGE--Y50T54__ENVCAUSE--ENVCAUSE039__SEX--F,dcid:undata-geo/G00121000,2019,11778.98947
dcs:who/AIR_15.AGE--Y55T59__ENVCAUSE--ENVCAUSE118__SEX--F,dcid:undata-geo/G00121000,2019,33976.74929
dcs:who/AIR_15.AGE--Y5T9__ENVCAUSE--ENVCAUSE039__SEX--F,dcid:undata-geo/G00121000,2019,58672.65826
dcs:who/AIR_15.AGE--Y40T44__ENVCAUSE--ENVCAUSE118__SEX--F,dcid:undata-geo/G00121000,2019,12334.93824
dcs:who/AIR_15.AGE--Y50T54__ENVCAUSE--ENVCAUSE068__SEX--F,dcid:undata-geo/G00121000,2019,5568.95688
dcs:who/AIR_15.AGE--Y75T79__ENVCAUSE--ENVCAUSE039__SEX--F,dcid:undata-geo/G00121000,2019,15403.03413
dcs:who/AIR_15.AGE--Y30T34__ENVCAUSE--ENVCAUSE039__SEX--F,dcid:undata-geo/G00121000,2019,10139.40772
dcs:who/AIR_15.AGE--Y_GE80__ENVCAUSE--ENVCAUSE039__SEX--F,dcid:undata-geo/G00121000,2019,15679.09884
dcs:who/AIR_15.AGE--Y40T44__ENVCAUSE--ENVCAUSE039__SEX--F,dcid:undata-geo/G00121000,2019,8653.12435
dcs:who/AIR_15.AGE--Y45T49__ENVCAUSE--ENVCAUSE039__SEX--F,dcid:undata-geo/G00121000,2019,8034.37129
dcs:who/AIR_15.AGE--Y45T49__ENVCAUSE--ENVCAUSE068__SEX--F,dcid:undata-geo/G00121000,2019,4351.17705
dcs:who/AIR_15.AGE--Y35T39__ENVCAUSE--ENVCAUSE068__SEX--F,dcid:undata-geo/G00121000,2019,1843.05932
dcs:who/AIR_15.AGE--Y35T39__ENVCAUSE--ENVCAUSE118__SEX--F,dcid:undata-geo/G00121000,2019,11574.35978
dcs:who/AIR_15.AGE--Y55T59__ENVCAUSE--ENVCAUSE104__SEX--F,dcid:undata-geo/G00121000,2019,5952.78678
dcs:who/AIR_15.ENVCAUSE--ENVCAUSE113__SEX--F,dcid:undata-geo/G00121000,2019,1055245.077
dcs:who/AIR_15.AGE--Y65T69__ENVCAUSE--ENVCAUSE114__SEX--F,dcid:undata-geo/G00121000,2019,88183.18609
dcs:who/AIR_15.AGE--Y_GE80__ENVCAUSE--ENVCAUSE113__SEX--F,dcid:undata-geo/G00121000,2019,87710.86855
dcs:who/AIR_15.AGE--Y25T29__ENVCAUSE--ENVCAUSE113__SEX--F,dcid:undata-geo/G00121000,2019,19228.56806
dcs:who/AIR_15.AGE--Y30T34__ENVCAUSE--ENVCAUSE113__SEX--F,dcid:undata-geo/G00121000,2019,32019.18607
dcs:who/AIR_15.AGE--Y55T59__ENVCAUSE--ENVCAUSE113__SEX--F,dcid:undata-geo/G00121000,2019,130555.7322
dcs:who/AIR_15.AGE--Y_GE80__ENVCAUSE--ENVCAUSE114__SEX--F,dcid:undata-geo/G00121000,2019,57126.40585
dcs:who/AIR_15.AGE--Y35T39__ENVCAUSE--ENVCAUSE114__SEX--F,dcid:undata-geo/G00121000,2019,25014.60515
dcs:who/AIR_15.AGE--Y70T74__ENVCAUSE--ENVCAUSE113__SEX--F,dcid:undata-geo/G00121000,2019,120852.7976
dcs:who/AIR_15.AGE--Y45T49__ENVCAUSE--ENVCAUSE113__SEX--F,dcid:undata-geo/G00121000,2019,83098.99952
dcs:who/AIR_15.AGE--Y50T54__ENVCAUSE--ENVCAUSE104__SEX--F,dcid:undata-geo/G00121000,2019,4160.94232
dcs:who/AIR_15.AGE--Y30T34__ENVCAUSE--ENVCAUSE114__SEX--F,dcid:undata-geo/G00121000,2019,21653.20291
dcs:who/AIR_15.ENVCAUSE--ENVCAUSE114__SEX--F,dcid:undata-geo/G00121000,2019,689508.4082
dcs:who/AIR_15.AGE--Y30T34__ENVCAUSE--ENVCAUSE118__SEX--F,dcid:undata-geo/G00121000,2019,10969.81801
dcs:who/AIR_15.AGE--Y40T44__ENVCAUSE--ENVCAUSE113__SEX--F,dcid:undata-geo/G00121000,2019,66721.13555
dcs:who/AIR_15.AGE--Y70T74__ENVCAUSE--ENVCAUSE104__SEX--F,dcid:undata-geo/G00121000,2019,8169.18583
dcs:who/AIR_15.AGE--Y65T69__ENVCAUSE--ENVCAUSE104__SEX--F,dcid:undata-geo/G00121000,2019,7477.94949
dcs:who/AIR_15.AGE--Y60T64__ENVCAUSE--ENVCAUSE113__SEX--F,dcid:undata-geo/G00121000,2019,135293.9033
dcs:who/AIR_15.AGE--Y65T69__ENVCAUSE--ENVCAUSE113__SEX--F,dcid:undata-geo/G00121000,2019,129076.2913
dcs:who/AIR_15.AGE--Y25T29__ENVCAUSE--ENVCAUSE118__SEX--F,dcid:undata-geo/G00121000,2019,9093.32696
dcs:who/AIR_15.AGE--Y70T74__ENVCAUSE--ENVCAUSE114__SEX--F,dcid:undata-geo/G00121000,2019,89643.02882
dcs:who/AIR_15.AGE--Y55T59__ENVCAUSE--ENVCAUSE114__SEX--F,dcid:undata-geo/G00121000,2019,80648.23541
dcs:who/AIR_15.AGE--Y_GE80__ENVCAUSE--ENVCAUSE104__SEX--F,dcid:undata-geo/G00121000,2019,8416.53065
dcs:who/AIR_15.AGE--Y60T64__ENVCAUSE--ENVCAUSE104__SEX--F,dcid:undata-geo/G00121000,2019,7153.0833
dcs:who/AIR_15.AGE--Y75T79__ENVCAUSE--ENVCAUSE114__SEX--F,dcid:undata-geo/G00121000,2019,71009.46325
dcs:who/AIR_15.AGE--Y75T79__ENVCAUSE--ENVCAUSE104__SEX--F,dcid:undata-geo/G00121000,2019,7461.39861
dcs:who/AIR_15.AGE--Y75T79__ENVCAUSE--ENVCAUSE113__SEX--F,dcid:undata-geo/G00121000,2019,95471.57029
dcs:who/AIR_15.AGE--Y50T54__ENVCAUSE--ENVCAUSE113__SEX--F,dcid:undata-geo/G00121000,2019,107413.8471
dcs:who/AIR_15.ENVCAUSE--ENVCAUSE104__SEX--F,dcid:undata-geo/G00121000,2019,55023.44338
dcs:who/AIR_15.AGE--Y45T49__ENVCAUSE--ENVCAUSE114__SEX--F,dcid:undata-geo/G00121000,2019,46918.471
dcs:who/AIR_15.AGE--Y60T64__ENVCAUSE--ENVCAUSE114__SEX--F,dcid:undata-geo/G00121000,2019,92534.9727
dcs:who/AIR_15.AGE--Y50T54__ENVCAUSE--ENVCAUSE114__SEX--F,dcid:undata-geo/G00121000,2019,65537.98865
dcs:who/AIR_15.AGE--Y25T29__ENVCAUSE--ENVCAUSE114__SEX--F,dcid:undata-geo/G00121000,2019,15127.73894
dcs:who/AIR_15.AGE--Y35T39__ENVCAUSE--ENVCAUSE113__SEX--F,dcid:undata-geo/G00121000,2019,47802.14641
dcs:who/AIR_15.AGE--Y40T44__ENVCAUSE--ENVCAUSE114__SEX--F,dcid:undata-geo/G00121000,2019,36111.10202
dcs:who/AIR_15.ENVCAUSE--ENVCAUSE068,dcid:undata-geo/G00121000,2019,145876.9811
dcs:who/AIR_15.AGE--Y45T49__ENVCAUSE--ENVCAUSE068,dcid:undata-geo/G00121000,2019,15397.71173
dcs:who/AIR_15.AGE--Y45T49__ENVCAUSE--ENVCAUSE118,dcid:undata-geo/G00121000,2019,42618.52937
dcs:who/AIR_15.AGE--Y45T49__ENVCAUSE--ENVCAUSE039,dcid:undata-geo/G00121000,2019,27132.02124
dcs:who/AIR_15.AGE--Y_GE80__ENVCAUSE--ENVCAUSE039,dcid:undata-geo/G00121000,2019,43306.29236
dcs:who/AIR_15.AGE--Y10T14__ENVCAUSE--ENVCAUSE039,dcid:undata-geo/G00121000,2019,56641.49617
dcs:who/AIR_15.AGE--Y25T29__ENVCAUSE--ENVCAUSE068,dcid:undata-geo/G00121000,2019,1659.05438
dcs:who/AIR_15.AGE--Y35T39__ENVCAUSE--ENVCAUSE068,dcid:undata-geo/G00121000,2019,3651.28268
dcs:who/AIR_15.AGE--Y50T54__ENVCAUSE--ENVCAUSE118,dcid:undata-geo/G00121000,2019,68461.50747
dcs:who/AIR_15.AGE--Y30T34__ENVCAUSE--ENVCAUSE039,dcid:undata-geo/G00121000,2019,25889.38295
dcs:who/AIR_15.AGE--Y25T29__ENVCAUSE--ENVCAUSE104__SEX--F,dcid:undata-geo/G00121000,2019,282.79597
dcs:who/AIR_15.AGE--Y30T34__ENVCAUSE--ENVCAUSE068,dcid:undata-geo/G00121000,2019,2799.00601
dcs:who/AIR_15.AGE--Y15T19__ENVCAUSE--ENVCAUSE039,dcid:undata-geo/G00121000,2019,29833.72972
dcs:who/AIR_15.AGE--Y50T54__ENVCAUSE--ENVCAUSE068,dcid:undata-geo/G00121000,2019,21713.07727
dcs:who/AIR_15.AGE--Y0T4__ENVCAUSE--ENVCAUSE039,dcid:undata-geo/G00121000,2019,2645055.406
dcs:who/AIR_15.AGE--Y75T79__ENVCAUSE--ENVCAUSE118,dcid:undata-geo/G00121000,2019,118173.7298
dcs:who/AIR_15.AGE--Y_GE80__ENVCAUSE--ENVCAUSE068,dcid:undata-geo/G00121000,2019,3878.35661
dcs:who/AIR_15.AGE--Y55T59__ENVCAUSE--ENVCAUSE039,dcid:undata-geo/G00121000,2019,38456.61834
dcs:who/AIR_15.AGE--Y65T69__ENVCAUSE--ENVCAUSE039,dcid:undata-geo/G00121000,2019,47707.93709
dcs:who/AIR_15.AGE--Y35T39__ENVCAUSE--ENVCAUSE039,dcid:undata-geo/G00121000,2019,26513.30818
dcs:who/AIR_15.ENVCAUSE--ENVCAUSE118,dcid:undata-geo/G00121000,2019,933970.0948
dcs:who/AIR_15.AGE--Y70T74__ENVCAUSE--ENVCAUSE039,dcid:undata-geo/G00121000,2019,51234.35821
dcs:who/AIR_15.AGE--Y75T79__ENVCAUSE--ENVCAUSE039,dcid:undata-geo/G00121000,2019,41594.9339
dcs:who/AIR_15.AGE--Y40T44__ENVCAUSE--ENVCAUSE104__SEX--F,dcid:undata-geo/G00121000,2019,1638.90025
dcs:who/AIR_15.AGE--Y55T59__ENVCAUSE--ENVCAUSE118,dcid:undata-geo/G00121000,2019,92149.83053
dcs:who/AIR_15.AGE--Y40T44__ENVCAUSE--ENVCAUSE068,dcid:undata-geo/G00121000,2019,8610.15662
dcs:who/AIR_15.AGE--Y45T49__ENVCAUSE--ENVCAUSE104__SEX--F,dcid:undata-geo/G00121000,2019,2729.45335
dcs:who/AIR_15.AGE--Y65T69__ENVCAUSE--ENVCAUSE068,dcid:undata-geo/G00121000,2019,18084.5558
dcs:who/AIR_15.AGE--Y50T54__ENVCAUSE--ENVCAUSE039,dcid:undata-geo/G00121000,2019,33258.96625
dcs:who/AIR_15.AGE--Y40T44__ENVCAUSE--ENVCAUSE118,dcid:undata-geo/G00121000,2019,29380.82619
dcs:who/AIR_15.AGE--Y70T74__ENVCAUSE--ENVCAUSE068,dcid:undata-geo/G00121000,2019,12012.56065
dcs:who/AIR_15.AGE--Y_GE80__ENVCAUSE--ENVCAUSE118,dcid:undata-geo/G00121000,2019,123514.0329
dcs:who/AIR_15.AGE--Y75T79__ENVCAUSE--ENVCAUSE068,dcid:undata-geo/G00121000,2019,6728.11883
dcs:who/AIR_15.AGE--Y35T39__ENVCAUSE--ENVCAUSE104__SEX--F,dcid:undata-geo/G00121000,2019,951.65168
dcs:who/AIR_15.AGE--Y30T34__ENVCAUSE--ENVCAUSE104__SEX--F,dcid:undata-geo/G00121000,2019,628.76422
dcs:who/AIR_15.AGE--Y20T24__ENVCAUSE--ENVCAUSE039,dcid:undata-geo/G00121000,2019,27658.55706
dcs:who/AIR_15.AGE--Y60T64__ENVCAUSE--ENVCAUSE118,dcid:undata-geo/G00121000,2019,124647.6087
dcs:who/AIR_15.AGE--Y5T9__ENVCAUSE--ENVCAUSE039,dcid:undata-geo/G00121000,2019,116306.383
dcs:who/AIR_15.SEX--F,dcid:undata-geo/G00121000,2019,3599098.924
dcs:who/AIR_15.AGE--Y70T74__ENVCAUSE--ENVCAUSE118,dcid:undata-geo/G00121000,2019,143889.2138
dcs:who/AIR_15.AGE--Y60T64__ENVCAUSE--ENVCAUSE068,dcid:undata-geo/G00121000,2019,24889.93454
dcs:who/AIR_15.AGE--Y40T44__ENVCAUSE--ENVCAUSE039,dcid:undata-geo/G00121000,2019,26320.63336
dcs:who/AIR_15.AGE--Y55T59__ENVCAUSE--ENVCAUSE068,dcid:undata-geo/G00121000,2019,26453.16526
dcs:who/AIR_15.AGE--Y25T29__ENVCAUSE--ENVCAUSE039,dcid:undata-geo/G00121000,2019,28196.17956
dcs:who/AIR_15.ENVCAUSE--ENVCAUSE039,dcid:undata-geo/G00121000,2019,3314604.833
dcs:who/AIR_15.AGE--Y60T64__ENVCAUSE--ENVCAUSE039,dcid:undata-geo/G00121000,2019,49498.56538
dcs:who/AIR_15.AGE--Y65T69__ENVCAUSE--ENVCAUSE118,dcid:undata-geo/G00121000,2019,128472.1815
dcs:who/AIR_15.AGE--Y40T44__ENVCAUSE--ENVCAUSE114,dcid:undata-geo/G00121000,2019,67644.90655
dcs:who/AIR_15.AGE--Y_GE80__ENVCAUSE--ENVCAUSE113,dcid:undata-geo/G00121000,2019,181575.3196
dcs:who/AIR_15.AGE--Y45T49__ENVCAUSE--ENVCAUSE114,dcid:undata-geo/G00121000,2019,86568.94162
dcs:who/AIR_15.AGE--Y60T64__ENVCAUSE--ENVCAUSE114,dcid:undata-geo/G00121000,2019,170337.8047
dcs:who/AIR_15.AGE--Y_GE80__ENVCAUSE--ENVCAUSE114,dcid:undata-geo/G00121000,2019,96270.87375
dcs:who/AIR_15.AGE--Y75T79__ENVCAUSE--ENVCAUSE113,dcid:undata-geo/G00121000,2019,198471.4519
dcs:who/AIR_15.AGE--Y25T29__ENVCAUSE--ENVCAUSE114,dcid:undata-geo/G00121000,2019,29911.76789
dcs:who/AIR_15.ENVCAUSE--ENVCAUSE114,dcid:undata-geo/G00121000,2019,1252360.408
dcs:who/AIR_15.AGE--Y45T49__ENVCAUSE--ENVCAUSE113,dcid:undata-geo/G00121000,2019,231637.6124
dcs:who/AIR_15.AGE--Y30T34__ENVCAUSE--ENVCAUSE113,dcid:undata-geo/G00121000,2019,94303.74242
dcs:who/AIR_15.AGE--Y40T44__ENVCAUSE--ENVCAUSE113,dcid:undata-geo/G00121000,2019,183709.1697
dcs:who/AIR_15.AGE--Y60T64__ENVCAUSE--ENVCAUSE113,dcid:undata-geo/G00121000,2019,336216.5726
dcs:who/AIR_15.AGE--Y75T79__ENVCAUSE--ENVCAUSE114,dcid:undata-geo/G00121000,2019,122613.1584
dcs:who/AIR_15.AGE--Y30T34__ENVCAUSE--ENVCAUSE114,dcid:undata-geo/G00121000,2019,39955.88202
dcs:who/AIR_15.AGE--Y25T29__ENVCAUSE--ENVCAUSE118,dcid:undata-geo/G00121000,2019,17955.14027
dcs:who/AIR_15.AGE--Y50T54__ENVCAUSE--ENVCAUSE113,dcid:undata-geo/G00121000,2019,294262.5139
dcs:who/AIR_15.AGE--Y65T69__ENVCAUSE--ENVCAUSE114,dcid:undata-geo/G00121000,2019,163684.7273
dcs:who/AIR_15.AGE--Y35T39__ENVCAUSE--ENVCAUSE113,dcid:undata-geo/G00121000,2019,125709.0558
dcs:who/AIR_15.AGE--Y30T34__ENVCAUSE--ENVCAUSE118,dcid:undata-geo/G00121000,2019,21317.37243
dcs:who/AIR_15.AGE--Y35T39__ENVCAUSE--ENVCAUSE118,dcid:undata-geo/G00121000,2019,23390.11027
dcs:who/AIR_15.AGE--Y50T54__ENVCAUSE--ENVCAUSE114,dcid:undata-geo/G00121000,2019,122721.4947
dcs:who/AIR_15.AGE--Y35T39__ENVCAUSE--ENVCAUSE114,dcid:undata-geo/G00121000,2019,47699.0308
dcs:who/AIR_15.AGE--Y55T59__ENVCAUSE--ENVCAUSE113,dcid:undata-geo/G00121000,2019,333872.7042
dcs:who/AIR_15.AGE--Y70T74__ENVCAUSE--ENVCAUSE113,dcid:undata-geo/G00121000,2019,265633.1259
dcs:who/AIR_15.AGE--Y65T69__ENVCAUSE--ENVCAUSE113,dcid:undata-geo/G00121000,2019,296613.2778
dcs:who/AIR_15.ENVCAUSE--ENVCAUSE113,dcid:undata-geo/G00121000,2019,2600931.701
dcs:who/AIR_15.AGE--Y55T59__ENVCAUSE--ENVCAUSE114,dcid:undata-geo/G00121000,2019,146849.6022
dcs:who/AIR_15.AGE--Y70T74__ENVCAUSE--ENVCAUSE114,dcid:undata-geo/G00121000,2019,158102.243
dcs:who/AIR_15.AGE--Y25T29__ENVCAUSE--ENVCAUSE104,dcid:undata-geo/G00121000,2019,282.79597
dcs:who/AIR_15.AGE--Y70T74__ENVCAUSE--ENVCAUSE104,dcid:undata-geo/G00121000,2019,8169.18583
dcs:who/AIR_15.AGE--Y30T34__ENVCAUSE--ENVCAUSE104,dcid:undata-geo/G00121000,2019,628.76422
dcs:who/AIR_15.AGE--Y35T39__ENVCAUSE--ENVCAUSE104,dcid:undata-geo/G00121000,2019,951.65168
dcs:who/AIR_15.AGE--Y65T69__ENVCAUSE--ENVCAUSE104,dcid:undata-geo/G00121000,2019,7477.94949
dcs:who/AIR_15.ENVCAUSE--ENVCAUSE104,dcid:undata-geo/G00121000,2019,55023.44338
dcs:who/AIR_15.AGE--Y_GE80__ENVCAUSE--ENVCAUSE104,dcid:undata-geo/G00121000,2019,8416.53065
dcs:who/AIR_15.AGE--Y75T79__ENVCAUSE--ENVCAUSE104,dcid:undata-geo/G00121000,2019,7461.39861
dcs:who/AIR_15.AGE--Y45T49__ENVCAUSE--ENVCAUSE104,dcid:undata-geo/G00121000,2019,2729.45335
dcs:who/AIR_15.AGE--Y55T59__ENVCAUSE--ENVCAUSE104,dcid:undata-geo/G00121000,2019,5952.78678
dcs:who/AIR_15.AGE--Y40T44__ENVCAUSE--ENVCAUSE104,dcid:undata-geo/G00121000,2019,1638.90025
dcs:who/AIR_15,dcid:undata-geo/G00121000,2019,8302767.475
dcs:who/AIR_15.AGE--Y25T29__ENVCAUSE--ENVCAUSE113,dcid:undata-geo/G00121000,2019,58927.15295
dcs:who/AIR_15.AGE--Y50T54__ENVCAUSE--ENVCAUSE104,dcid:undata-geo/G00121000,2019,4160.94232
dcs:who/AIR_15.AGE--Y60T64__ENVCAUSE--ENVCAUSE104,dcid:undata-geo/G00121000,2019,7153.0833
dcs:who/AIR_15.AGE--Y_GE80__ENVCAUSE--ENVCAUSE068__SEX--M,dcid:undata-geo/G00122000,2019,135848.1944
dcs:who/AIR_15.AGE--Y_GE80__ENVCAUSE--ENVCAUSE039__SEX--M,dcid:undata-geo/G00122000,2019,198059.151
dcs:who/AIR_15.AGE--Y55T59__ENVCAUSE--ENVCAUSE039__SEX--M,dcid:undata-geo/G00122000,2019,72450.28979
dcs:who/AIR_15.AGE--Y40T44__ENVCAUSE--ENVCAUSE068__SEX--M,dcid:undata-geo/G00122000,2019,65389.65655
dcs:who/AIR_15.AGE--Y45T49__ENVCAUSE--ENVCAUSE068__SEX--M,dcid:undata-geo/G00122000,2019,137246.0761
dcs:who/AIR_15.AGE--Y30T34__ENVCAUSE--ENVCAUSE068__SEX--M,dcid:undata-geo/G00122000,2019,19385.84827
dcs:who/AIR_15.AGE--Y75T79__ENVCAUSE--ENVCAUSE039__SEX--M,dcid:undata-geo/G00122000,2019,99991.26466
dcs:who/AIR_15.AGE--Y70T74__ENVCAUSE--ENVCAUSE068__SEX--M,dcid:undata-geo/G00122000,2019,281048.6428
dcs:who/AIR_15.AGE--Y60T64__ENVCAUSE--ENVCAUSE039__SEX--M,dcid:undata-geo/G00122000,2019,100184.0331
dcs:who/AIR_15.AGE--Y50T54__ENVCAUSE--ENVCAUSE068__SEX--M,dcid:undata-geo/G00122000,2019,235971.8384
dcs:who/AIR_15.AGE--Y60T64__ENVCAUSE--ENVCAUSE068__SEX--M,dcid:undata-geo/G00122000,2019,358641.7565
dcs:who/AIR_15.AGE--Y70T74__ENVCAUSE--ENVCAUSE039__SEX--M,dcid:undata-geo/G00122000,2019,112732.5085
dcs:who/AIR_15.AGE--Y65T69__ENVCAUSE--ENVCAUSE039__SEX--M,dcid:undata-geo/G00122000,2019,118100.1598
dcs:who/AIR_15.AGE--Y50T54__ENVCAUSE--ENVCAUSE039__SEX--M,dcid:undata-geo/G00122000,2019,60688.42636
dcs:who/AIR_15.ENVCAUSE--ENVCAUSE068__SEX--M,dcid:undata-geo/G00122000,2019,2143326.236
dcs:who/AIR_15.AGE--Y25T29__ENVCAUSE--ENVCAUSE068__SEX--M,dcid:undata-geo/G00122000,2019,8390.93677
dcs:who/AIR_15.AGE--Y35T39__ENVCAUSE--ENVCAUSE068__SEX--M,dcid:undata-geo/G00122000,2019,31506.15541
dcs:who/AIR_15.AGE--Y55T59__ENVCAUSE--ENVCAUSE068__SEX--M,dcid:undata-geo/G00122000,2019,301352.8206
dcs:who/AIR_15.ENVCAUSE--ENVCAUSE039__SEX--M,dcid:undata-geo/G00122000,2019,1664768.219
dcs:who/AIR_15.AGE--Y75T79__ENVCAUSE--ENVCAUSE068__SEX--M,dcid:undata-geo/G00122000,2019,173908.8402
dcs:who/AIR_15.AGE--Y65T69__ENVCAUSE--ENVCAUSE068__SEX--M,dcid:undata-geo/G00122000,2019,394635.5049
dcs:who/AIR_15.AGE--Y35T39__ENVCAUSE--ENVCAUSE114__SEX--M,dcid:undata-geo/G00122000,2019,88482.04877
dcs:who/AIR_15.AGE--Y10T14__ENVCAUSE--ENVCAUSE039__SEX--M,dcid:undata-geo/G00122000,2019,14958.43996
dcs:who/AIR_15.AGE--Y55T59__ENVCAUSE--ENVCAUSE118__SEX--M,dcid:undata-geo/G00122000,2019,180623.9912
dcs:who/AIR_15.AGE--Y25T29__ENVCAUSE--ENVCAUSE039__SEX--M,dcid:undata-geo/G00122000,2019,28924.91314
dcs:who/AIR_15.AGE--Y_GE80__ENVCAUSE--ENVCAUSE113__SEX--M,dcid:undata-geo/G00122000,2019,548688.6018
dcs:who/AIR_15.AGE--Y45T49__ENVCAUSE--ENVCAUSE113__SEX--M,dcid:undata-geo/G00122000,2019,264724.191
dcs:who/AIR_15.AGE--Y70T74__ENVCAUSE--ENVCAUSE068__SEX--F,dcid:undata-geo/G00122000,2019,155728.3828
dcs:who/AIR_15.AGE--Y75T79__ENVCAUSE--ENVCAUSE113__SEX--M,dcid:undata-geo/G00122000,2019,347372.9889
dcs:who/AIR_15.AGE--Y_GE80__ENVCAUSE--ENVCAUSE114__SEX--M,dcid:undata-geo/G00122000,2019,514169.0724
dcs:who/AIR_15.AGE--Y45T49__ENVCAUSE--ENVCAUSE114__SEX--M,dcid:undata-geo/G00122000,2019,236996.8555
dcs:who/AIR_15.AGE--Y_GE80__ENVCAUSE--ENVCAUSE068__SEX--F,dcid:undata-geo/G00122000,2019,105207.7527
dcs:who/AIR_15.SEX--M,dcid:undata-geo/G00122000,2019,14076414.72
dcs:who/AIR_15.AGE--Y0T4__ENVCAUSE--ENVCAUSE039__SEX--M,dcid:undata-geo/G00122000,2019,657822.6387
dcs:who/AIR_15.ENVCAUSE--ENVCAUSE113__SEX--M,dcid:undata-geo/G00122000,2019,3801718.571
dcs:who/AIR_15.AGE--Y55T59__ENVCAUSE--ENVCAUSE114__SEX--M,dcid:undata-geo/G00122000,2019,445565.5071
dcs:who/AIR_15.ENVCAUSE--ENVCAUSE114__SEX--M,dcid:undata-geo/G00122000,2019,4025667.089
dcs:who/AIR_15.AGE--Y55T59__ENVCAUSE--ENVCAUSE113__SEX--M,dcid:undata-geo/G00122000,2019,424679.1867
dcs:who/AIR_15.ENVCAUSE--ENVCAUSE118__SEX--M,dcid:undata-geo/G00122000,2019,2440934.037
dcs:who/AIR_15.AGE--Y60T64__ENVCAUSE--ENVCAUSE118__SEX--M,dcid:undata-geo/G00122000,2019,273419.8435
dcs:who/AIR_15.AGE--Y40T44__ENVCAUSE--ENVCAUSE113__SEX--M,dcid:undata-geo/G00122000,2019,181697.0041
dcs:who/AIR_15.AGE--Y40T44__ENVCAUSE--ENVCAUSE039__SEX--M,dcid:undata-geo/G00122000,2019,33994.62136
dcs:who/AIR_15.AGE--Y30T34__ENVCAUSE--ENVCAUSE118__SEX--M,dcid:undata-geo/G00122000,2019,20047.13362
dcs:who/AIR_15.AGE--Y15T19__ENVCAUSE--ENVCAUSE039__SEX--M,dcid:undata-geo/G00122000,2019,19119.68982
dcs:who/AIR_15.AGE--Y50T54__ENVCAUSE--ENVCAUSE118__SEX--M,dcid:undata-geo/G00122000,2019,127199.0047
dcs:who/AIR_15.AGE--Y45T49__ENVCAUSE--ENVCAUSE039__SEX--M,dcid:undata-geo/G00122000,2019,43767.32999
dcs:who/AIR_15.AGE--Y35T39__ENVCAUSE--ENVCAUSE113__SEX--M,dcid:undata-geo/G00122000,2019,115173.7248
dcs:who/AIR_15.AGE--Y65T69__ENVCAUSE--ENVCAUSE118__SEX--M,dcid:undata-geo/G00122000,2019,375037.0945
dcs:who/AIR_15.AGE--Y65T69__ENVCAUSE--ENVCAUSE113__SEX--M,dcid:undata-geo/G00122000,2019,514423.3736
dcs:who/AIR_15.AGE--Y70T74__ENVCAUSE--ENVCAUSE114__SEX--M,dcid:undata-geo/G00122000,2019,536774.5169
dcs:who/AIR_15.AGE--Y30T34__ENVCAUSE--ENVCAUSE039__SEX--M,dcid:undata-geo/G00122000,2019,32047.65203
dcs:who/AIR_15.AGE--Y5T9__ENVCAUSE--ENVCAUSE039__SEX--M,dcid:undata-geo/G00122000,2019,17079.3168
dcs:who/AIR_15.AGE--Y75T79__ENVCAUSE--ENVCAUSE114__SEX--M,dcid:undata-geo/G00122000,2019,430336.8235
dcs:who/AIR_15.AGE--Y65T69__ENVCAUSE--ENVCAUSE068__SEX--F,dcid:undata-geo/G00122000,2019,200626.6153
dcs:who/AIR_15.AGE--Y20T24__ENVCAUSE--ENVCAUSE039__SEX--M,dcid:undata-geo/G00122000,2019,25097.06965
dcs:who/AIR_15.AGE--Y30T34__ENVCAUSE--ENVCAUSE114__SEX--M,dcid:undata-geo/G00122000,2019,62802.93082
dcs:who/AIR_15.AGE--Y50T54__ENVCAUSE--ENVCAUSE114__SEX--M,dcid:undata-geo/G00122000,2019,363714.9357
dcs:who/AIR_15.AGE--Y70T74__ENVCAUSE--ENVCAUSE118__SEX--M,dcid:undata-geo/G00122000,2019,405760.1396
dcs:who/AIR_15.AGE--Y65T69__ENVCAUSE--ENVCAUSE114__SEX--M,dcid:undata-geo/G00122000,2019,622800.8329
dcs:who/AIR_15.AGE--Y75T79__ENVCAUSE--ENVCAUSE068__SEX--F,dcid:undata-geo/G00122000,2019,108510.6054
dcs:who/AIR_15.AGE--Y60T64__ENVCAUSE--ENVCAUSE114__SEX--M,dcid:undata-geo/G00122000,2019,541100.5536
dcs:who/AIR_15.AGE--Y40T44__ENVCAUSE--ENVCAUSE114__SEX--M,dcid:undata-geo/G00122000,2019,148478.2516
dcs:who/AIR_15.AGE--Y25T29__ENVCAUSE--ENVCAUSE118__SEX--M,dcid:undata-geo/G00122000,2019,13913.38996
dcs:who/AIR_15.AGE--Y40T44__ENVCAUSE--ENVCAUSE118__SEX--M,dcid:undata-geo/G00122000,2019,36743.43591
dcs:who/AIR_15.AGE--Y75T79__ENVCAUSE--ENVCAUSE118__SEX--M,dcid:undata-geo/G00122000,2019,367854.6598
dcs:who/AIR_15.AGE--Y60T64__ENVCAUSE--ENVCAUSE113__SEX--M,dcid:undata-geo/G00122000,2019,473316.5609
dcs:who/AIR_15.AGE--Y25T29__ENVCAUSE--ENVCAUSE113__SEX--M,dcid:undata-geo/G00122000,2019,45576.74435
dcs:who/AIR_15.AGE--Y25T29__ENVCAUSE--ENVCAUSE114__SEX--M,dcid:undata-geo/G00122000,2019,34444.81469
dcs:who/AIR_15.AGE--Y_GE80__ENVCAUSE--ENVCAUSE118__SEX--M,dcid:undata-geo/G00122000,2019,545783.1826
dcs:who/AIR_15.AGE--Y30T34__ENVCAUSE--ENVCAUSE113__SEX--M,dcid:undata-geo/G00122000,2019,87378.15627
dcs:who/AIR_15.AGE--Y70T74__ENVCAUSE--ENVCAUSE113__SEX--M,dcid:undata-geo/G00122000,2019,423854.4427
dcs:who/AIR_15.ENVCAUSE--ENVCAUSE068__SEX--F,dcid:undata-geo/G00122000,2019,1178894.346
dcs:who/AIR_15.AGE--Y35T39__ENVCAUSE--ENVCAUSE039__SEX--M,dcid:undata-geo/G00122000,2019,29750.69672
dcs:who/AIR_15.AGE--Y50T54__ENVCAUSE--ENVCAUSE113__SEX--M,dcid:undata-geo/G00122000,2019,374833.53
dcs:who/AIR_15.AGE--Y45T49__ENVCAUSE--ENVCAUSE118__SEX--M,dcid:undata-geo/G00122000,2019,71139.21093
dcs:who/AIR_15.AGE--Y35T39__ENVCAUSE--ENVCAUSE118__SEX--M,dcid:undata-geo/G00122000,2019,23412.9574
dcs:who/AIR_15.AGE--Y20T24__ENVCAUSE--ENVCAUSE039__SEX--F,dcid:undata-geo/G00122000,2019,13895.63692
dcs:who/AIR_15.ENVCAUSE--ENVCAUSE118__SEX--F,dcid:undata-geo/G00122000,2019,2097908.075
dcs:who/AIR_15.AGE--Y70T74__ENVCAUSE--ENVCAUSE039__SEX--F,dcid:undata-geo/G00122000,2019,83649.05259
dcs:who/AIR_15.AGE--Y45T49__ENVCAUSE--ENVCAUSE039__SEX--F,dcid:undata-geo/G00122000,2019,24703.45234
dcs:who/AIR_15.AGE--Y35T39__ENVCAUSE--ENVCAUSE039__SEX--F,dcid:undata-geo/G00122000,2019,18257.69636
dcs:who/AIR_15.AGE--Y60T64__ENVCAUSE--ENVCAUSE068__SEX--F,dcid:undata-geo/G00122000,2019,175507.5994
dcs:who/AIR_15.AGE--Y40T44__ENVCAUSE--ENVCAUSE039__SEX--F,dcid:undata-geo/G00122000,2019,18154.78395
dcs:who/AIR_15.AGE--Y50T54__ENVCAUSE--ENVCAUSE068__SEX--F,dcid:undata-geo/G00122000,2019,124052.0458
dcs:who/AIR_15.AGE--Y60T64__ENVCAUSE--ENVCAUSE118__SEX--F,dcid:undata-geo/G00122000,2019,186649.6263
dcs:who/AIR_15.AGE--Y30T34__ENVCAUSE--ENVCAUSE068__SEX--F,dcid:undata-geo/G00122000,2019,13646.06389
dcs:who/AIR_15.AGE--Y55T59__ENVCAUSE--ENVCAUSE068__SEX--F,dcid:undata-geo/G00122000,2019,146148.5248
dcs:who/AIR_15.AGE--Y65T69__ENVCAUSE--ENVCAUSE039__SEX--F,dcid:undata-geo/G00122000,2019,70178.71644
dcs:who/AIR_15.AGE--Y25T29__ENVCAUSE--ENVCAUSE039__SEX--F,dcid:undata-geo/G00122000,2019,15913.02512
dcs:who/AIR_15.AGE--Y45T49__ENVCAUSE--ENVCAUSE068__SEX--F,dcid:undata-geo/G00122000,2019,77848.53224
dcs:who/AIR_15.AGE--Y50T54__ENVCAUSE--ENVCAUSE039__SEX--F,dcid:undata-geo/G00122000,2019,32839.19651
dcs:who/AIR_15.AGE--Y75T79__ENVCAUSE--ENVCAUSE039__SEX--F,dcid:undata-geo/G00122000,2019,92032.06087
dcs:who/AIR_15.AGE--Y25T29__ENVCAUSE--ENVCAUSE068__SEX--F,dcid:undata-geo/G00122000,2019,6018.34605
dcs:who/AIR_15.AGE--Y35T39__ENVCAUSE--ENVCAUSE068__SEX--F,dcid:undata-geo/G00122000,2019,21753.55691
dcs:who/AIR_15.AGE--Y_GE80__ENVCAUSE--ENVCAUSE039__SEX--F,dcid:undata-geo/G00122000,2019,267110.124
dcs:who/AIR_15.ENVCAUSE--ENVCAUSE039__SEX--F,dcid:undata-geo/G00122000,2019,1272841.584
dcs:who/AIR_15.AGE--Y40T44__ENVCAUSE--ENVCAUSE068__SEX--F,dcid:undata-geo/G00122000,2019,43846.33214
dcs:who/AIR_15.AGE--Y_GE80__ENVCAUSE--ENVCAUSE118__SEX--F,dcid:undata-geo/G00122000,2019,624183.1933
dcs:who/AIR_15.AGE--Y60T64__ENVCAUSE--ENVCAUSE039__SEX--F,dcid:undata-geo/G00122000,2019,53430.46899
dcs:who/AIR_15.AGE--Y30T34__ENVCAUSE--ENVCAUSE039__SEX--F,dcid:undata-geo/G00122000,2019,17224.12022
dcs:who/AIR_15.AGE--Y55T59__ENVCAUSE--ENVCAUSE039__SEX--F,dcid:undata-geo/G00122000,2019,39643.8816
dcs:who/AIR_15.AGE--Y70T74__ENVCAUSE--ENVCAUSE118__SEX--F,dcid:undata-geo/G00122000,2019,315087.2776
dcs:who/AIR_15.AGE--Y15T19__ENVCAUSE--ENVCAUSE039__SEX--F,dcid:undata-geo/G00122000,2019,14496.80404
dcs:who/AIR_15.AGE--Y75T79__ENVCAUSE--ENVCAUSE118__SEX--F,dcid:undata-geo/G00122000,2019,319871.2805
dcs:who/AIR_15.AGE--Y10T14__ENVCAUSE--ENVCAUSE039__SEX--F,dcid:undata-geo/G00122000,2019,12108.90323
dcs:who/AIR_15.AGE--Y65T69__ENVCAUSE--ENVCAUSE118__SEX--F,dcid:undata-geo/G00122000,2019,271490.6768
dcs:who/AIR_15.AGE--Y5T9__ENVCAUSE--ENVCAUSE039__SEX--F,dcid:undata-geo/G00122000,2019,18559.14676
dcs:who/AIR_15.AGE--Y0T4__ENVCAUSE--ENVCAUSE039__SEX--F,dcid:undata-geo/G00122000,2019,480644.5153
dcs:who/AIR_15.AGE--Y30T34__ENVCAUSE--ENVCAUSE118__SEX--F,dcid:undata-geo/G00122000,2019,21735.20761
dcs:who/AIR_15.AGE--Y50T54__ENVCAUSE--ENVCAUSE114__SEX--F,dcid:undata-geo/G00122000,2019,238847.7224
dcs:who/AIR_15.AGE--Y60T64__ENVCAUSE--ENVCAUSE104__SEX--F,dcid:undata-geo/G00122000,2019,18475.11152
dcs:who/AIR_15.AGE--Y50T54__ENVCAUSE--ENVCAUSE113__SEX--F,dcid:undata-geo/G00122000,2019,160457.0286
dcs:who/AIR_15.ENVCAUSE--ENVCAUSE113__SEX--F,dcid:undata-geo/G00122000,2019,2623778.035
dcs:who/AIR_15.ENVCAUSE--ENVCAUSE104__SEX--F,dcid:undata-geo/G00122000,2019,179686.8637
dcs:who/AIR_15.AGE--Y25T29__ENVCAUSE--ENVCAUSE118__SEX--F,dcid:undata-geo/G00122000,2019,15978.47791
dcs:who/AIR_15.AGE--Y40T44__ENVCAUSE--ENVCAUSE113__SEX--F,dcid:undata-geo/G00122000,2019,62905.43912
dcs:who/AIR_15.AGE--Y55T59__ENVCAUSE--ENVCAUSE104__SEX--F,dcid:undata-geo/G00122000,2019,13700.61129
dcs:who/AIR_15.AGE--Y75T79__ENVCAUSE--ENVCAUSE113__SEX--F,dcid:undata-geo/G00122000,2019,330310.1015
dcs:who/AIR_15.AGE--Y70T74__ENVCAUSE--ENVCAUSE104__SEX--F,dcid:undata-geo/G00122000,2019,25610.28239
dcs:who/AIR_15.AGE--Y45T49__ENVCAUSE--ENVCAUSE113__SEX--F,dcid:undata-geo/G00122000,2019,107290.1832
dcs:who/AIR_15.AGE--Y35T39__ENVCAUSE--ENVCAUSE114__SEX--F,dcid:undata-geo/G00122000,2019,49484.3647
dcs:who/AIR_15.AGE--Y40T44__ENVCAUSE--ENVCAUSE114__SEX--F,dcid:undata-geo/G00122000,2019,79214.76969
dcs:who/AIR_15.AGE--Y_GE80__ENVCAUSE--ENVCAUSE104__SEX--F,dcid:undata-geo/G00122000,2019,42929.00338
dcs:who/AIR_15.AGE--Y30T34__ENVCAUSE--ENVCAUSE113__SEX--F,dcid:undata-geo/G00122000,2019,29325.65459
dcs:who/AIR_15.AGE--Y_GE80__ENVCAUSE--ENVCAUSE113__SEX--F,dcid:undata-geo/G00122000,2019,726520.472
dcs:who/AIR_15.AGE--Y40T44__ENVCAUSE--ENVCAUSE118__SEX--F,dcid:undata-geo/G00122000,2019,32950.88511
dcs:who/AIR_15.AGE--Y55T59__ENVCAUSE--ENVCAUSE118__SEX--F,dcid:undata-geo/G00122000,2019,127859.5241
dcs:who/AIR_15.AGE--Y70T74__ENVCAUSE--ENVCAUSE114__SEX--F,dcid:undata-geo/G00122000,2019,486158.9981
dcs:who/AIR_15.AGE--Y25T29__ENVCAUSE--ENVCAUSE113__SEX--F,dcid:undata-geo/G00122000,2019,17691.85262
dcs:who/AIR_15.AGE--Y45T49__ENVCAUSE--ENVCAUSE114__SEX--F,dcid:undata-geo/G00122000,2019,147066.4664
dcs:who/AIR_15.AGE--Y_GE80__ENVCAUSE--ENVCAUSE114__SEX--F,dcid:undata-geo/G00122000,2019,690920.6289
dcs:who/AIR_15.AGE--Y65T69__ENVCAUSE--ENVCAUSE113__SEX--F,dcid:undata-geo/G00122000,2019,344480.8973
dcs:who/AIR_15.AGE--Y35T39__ENVCAUSE--ENVCAUSE118__SEX--F,dcid:undata-geo/G00122000,2019,24259.23864
dcs:who/AIR_15.AGE--Y25T29__ENVCAUSE--ENVCAUSE114__SEX--F,dcid:undata-geo/G00122000,2019,21778.81295
dcs:who/AIR_15.AGE--Y45T49__ENVCAUSE--ENVCAUSE104__SEX--F,dcid:undata-geo/G00122000,2019,7811.65168
dcs:who/AIR_15.AGE--Y35T39__ENVCAUSE--ENVCAUSE113__SEX--F,dcid:undata-geo/G00122000,2019,39373.79725
dcs:who/AIR_15.AGE--Y65T69__ENVCAUSE--ENVCAUSE114__SEX--F,dcid:undata-geo/G00122000,2019,484375.6258
dcs:who/AIR_15.AGE--Y65T69__ENVCAUSE--ENVCAUSE104__SEX--F,dcid:undata-geo/G00122000,2019,26252.08827
dcs:who/AIR_15.AGE--Y70T74__ENVCAUSE--ENVCAUSE113__SEX--F,dcid:undata-geo/G00122000,2019,345130.8894
dcs:who/AIR_15.ENVCAUSE--ENVCAUSE114__SEX--F,dcid:undata-geo/G00122000,2019,3335929.859
dcs:who/AIR_15.AGE--Y75T79__ENVCAUSE--ENVCAUSE114__SEX--F,dcid:undata-geo/G00122000,2019,442803.701
dcs:who/AIR_15.AGE--Y60T64__ENVCAUSE--ENVCAUSE113__SEX--F,dcid:undata-geo/G00122000,2019,261704.6248
dcs:who/AIR_15.AGE--Y45T49__ENVCAUSE--ENVCAUSE118__SEX--F,dcid:undata-geo/G00122000,2019,59304.01563
dcs:who/AIR_15.AGE--Y55T59__ENVCAUSE--ENVCAUSE113__SEX--F,dcid:undata-geo/G00122000,2019,198587.0354
dcs:who/AIR_15.AGE--Y50T54__ENVCAUSE--ENVCAUSE104__SEX--F,dcid:undata-geo/G00122000,2019,10789.86846
dcs:who/AIR_15.AGE--Y75T79__ENVCAUSE--ENVCAUSE104__SEX--F,dcid:undata-geo/G00122000,2019,24063.9253
dcs:who/AIR_15.AGE--Y60T64__ENVCAUSE--ENVCAUSE114__SEX--F,dcid:undata-geo/G00122000,2019,370914.7936
dcs:who/AIR_15.AGE--Y50T54__ENVCAUSE--ENVCAUSE118__SEX--F,dcid:undata-geo/G00122000,2019,98538.65925
dcs:who/AIR_15.AGE--Y30T34__ENVCAUSE--ENVCAUSE114__SEX--F,dcid:undata-geo/G00122000,2019,33470.92316
dcs:who/AIR_15.AGE--Y55T59__ENVCAUSE--ENVCAUSE114__SEX--F,dcid:undata-geo/G00122000,2019,290893.0073
dcs:who/AIR_15.AGE--Y40T44__ENVCAUSE--ENVCAUSE104__SEX--F,dcid:undata-geo/G00122000,2019,4560.53709
dcs:who/AIR_15.AGE--Y_GE80__ENVCAUSE--ENVCAUSE068,dcid:undata-geo/G00122000,2019,241055.9391
dcs:who/AIR_15.AGE--Y10T14__ENVCAUSE--ENVCAUSE039,dcid:undata-geo/G00122000,2019,27067.34308
dcs:who/AIR_15.AGE--Y25T29__ENVCAUSE--ENVCAUSE039,dcid:undata-geo/G00122000,2019,44837.93926
dcs:who/AIR_15.ENVCAUSE--ENVCAUSE068,dcid:undata-geo/G00122000,2019,3322220.656
dcs:who/AIR_15.AGE--Y50T54__ENVCAUSE--ENVCAUSE039,dcid:undata-geo/G00122000,2019,93527.62408
dcs:who/AIR_15.AGE--Y40T44__ENVCAUSE--ENVCAUSE039,dcid:undata-geo/G00122000,2019,52149.40576
dcs:who/AIR_15.AGE--Y75T79__ENVCAUSE--ENVCAUSE068,dcid:undata-geo/G00122000,2019,282419.445
dcs:who/AIR_15.AGE--Y25T29__ENVCAUSE--ENVCAUSE104__SEX--F,dcid:undata-geo/G00122000,2019,885.37855
dcs:who/AIR_15.AGE--Y50T54__ENVCAUSE--ENVCAUSE068,dcid:undata-geo/G00122000,2019,360023.8892
dcs:who/AIR_15.AGE--Y65T69__ENVCAUSE--ENVCAUSE039,dcid:undata-geo/G00122000,2019,188278.8772
dcs:who/AIR_15.AGE--Y30T34__ENVCAUSE--ENVCAUSE039,dcid:undata-geo/G00122000,2019,49271.77308
dcs:who/AIR_15.AGE--Y25T29__ENVCAUSE--ENVCAUSE068,dcid:undata-geo/G00122000,2019,14409.28301
dcs:who/AIR_15.AGE--Y55T59__ENVCAUSE--ENVCAUSE068,dcid:undata-geo/G00122000,2019,447501.3428
dcs:who/AIR_15.AGE--Y20T24__ENVCAUSE--ENVCAUSE039,dcid:undata-geo/G00122000,2019,38992.70593
dcs:who/AIR_15.AGE--Y_GE80__ENVCAUSE--ENVCAUSE118,dcid:undata-geo/G00122000,2019,1169966.398
dcs:who/AIR_15.AGE--Y35T39__ENVCAUSE--ENVCAUSE068,dcid:undata-geo/G00122000,2019,53259.71197
dcs:who/AIR_15.AGE--Y35T39__ENVCAUSE--ENVCAUSE039,dcid:undata-geo/G00122000,2019,48008.39346
dcs:who/AIR_15.AGE--Y55T59__ENVCAUSE--ENVCAUSE039,dcid:undata-geo/G00122000,2019,112094.1728
dcs:who/AIR_15.AGE--Y70T74__ENVCAUSE--ENVCAUSE068,dcid:undata-geo/G00122000,2019,436777.0237
dcs:who/AIR_15.AGE--Y70T74__ENVCAUSE--ENVCAUSE039,dcid:undata-geo/G00122000,2019,196381.5671
dcs:who/AIR_15.ENVCAUSE--ENVCAUSE118,dcid:undata-geo/G00122000,2019,4538841.99
dcs:who/AIR_15.ENVCAUSE--ENVCAUSE039,dcid:undata-geo/G00122000,2019,2937609.758
dcs:who/AIR_15.AGE--Y30T34__ENVCAUSE--ENVCAUSE068,dcid:undata-geo/G00122000,2019,33031.9121
dcs:who/AIR_15.AGE--Y30T34__ENVCAUSE--ENVCAUSE104__SEX--F,dcid:undata-geo/G00122000,2019,1805.21702
dcs:who/AIR_15.AGE--Y35T39__ENVCAUSE--ENVCAUSE104__SEX--F,dcid:undata-geo/G00122000,2019,2803.18672
dcs:who/AIR_15.AGE--Y15T19__ENVCAUSE--ENVCAUSE039,dcid:undata-geo/G00122000,2019,33616.49371
dcs:who/AIR_15.AGE--Y60T64__ENVCAUSE--ENVCAUSE039,dcid:undata-geo/G00122000,2019,153614.5042
dcs:who/AIR_15.AGE--Y75T79__ENVCAUSE--ENVCAUSE118,dcid:undata-geo/G00122000,2019,687725.9373
dcs:who/AIR_15.AGE--Y45T49__ENVCAUSE--ENVCAUSE039,dcid:undata-geo/G00122000,2019,68470.78049
dcs:who/AIR_15.AGE--Y65T69__ENVCAUSE--ENVCAUSE068,dcid:undata-geo/G00122000,2019,595262.1031
dcs:who/AIR_15.AGE--Y5T9__ENVCAUSE--ENVCAUSE039,dcid:undata-geo/G00122000,2019,35638.46379
dcs:who/AIR_15.AGE--Y75T79__ENVCAUSE--ENVCAUSE039,dcid:undata-geo/G00122000,2019,192023.325
dcs:who/AIR_15.AGE--Y60T64__ENVCAUSE--ENVCAUSE068,dcid:undata-geo/G00122000,2019,534149.3582
dcs:who/AIR_15.AGE--Y40T44__ENVCAUSE--ENVCAUSE068,dcid:undata-geo/G00122000,2019,109235.9946
dcs:who/AIR_15.AGE--Y_GE80__ENVCAUSE--ENVCAUSE039,dcid:undata-geo/G00122000,2019,465169.2682
dcs:who/AIR_15.AGE--Y45T49__ENVCAUSE--ENVCAUSE068,dcid:undata-geo/G00122000,2019,215094.6041
dcs:who/AIR_15.AGE--Y0T4__ENVCAUSE--ENVCAUSE039,dcid:undata-geo/G00122000,2019,1138467.16
dcs:who/AIR_15.SEX--F,dcid:undata-geo/G00122000,2019,10689038.81
dcs:who/AIR_15.AGE--Y50T54__ENVCAUSE--ENVCAUSE114,dcid:undata-geo/G00122000,2019,602562.6661
dcs:who/AIR_15.ENVCAUSE--ENVCAUSE104,dcid:undata-geo/G00122000,2019,179686.8637
dcs:who/AIR_15.AGE--Y75T79__ENVCAUSE--ENVCAUSE113,dcid:undata-geo/G00122000,2019,677683.0952
dcs:who/AIR_15.AGE--Y75T79__ENVCAUSE--ENVCAUSE114,dcid:undata-geo/G00122000,2019,873140.5596
dcs:who/AIR_15.AGE--Y_GE80__ENVCAUSE--ENVCAUSE113,dcid:undata-geo/G00122000,2019,1275209.041
dcs:who/AIR_15.AGE--Y65T69__ENVCAUSE--ENVCAUSE113,dcid:undata-geo/G00122000,2019,858904.2512
dcs:who/AIR_15.AGE--Y30T34__ENVCAUSE--ENVCAUSE113,dcid:undata-geo/G00122000,2019,116703.8098
dcs:who/AIR_15.AGE--Y45T49__ENVCAUSE--ENVCAUSE113,dcid:undata-geo/G00122000,2019,372014.3756
dcs:who/AIR_15.AGE--Y45T49__ENVCAUSE--ENVCAUSE114,dcid:undata-geo/G00122000,2019,384063.3139
dcs:who/AIR_15.AGE--Y30T34__ENVCAUSE--ENVCAUSE118,dcid:undata-geo/G00122000,2019,41782.34122
dcs:who/AIR_15.AGE--Y35T39__ENVCAUSE--ENVCAUSE118,dcid:undata-geo/G00122000,2019,47672.19512
dcs:who/AIR_15.AGE--Y65T69__ENVCAUSE--ENVCAUSE104,dcid:undata-geo/G00122000,2019,26252.08827
dcs:who/AIR_15.AGE--Y55T59__ENVCAUSE--ENVCAUSE114,dcid:undata-geo/G00122000,2019,736458.5327
dcs:who/AIR_15.AGE--Y40T44__ENVCAUSE--ENVCAUSE118,dcid:undata-geo/G00122000,2019,69694.32102
dcs:who/AIR_15.AGE--Y60T64__ENVCAUSE--ENVCAUSE114,dcid:undata-geo/G00122000,2019,912015.3345
dcs:who/AIR_15.AGE--Y35T39__ENVCAUSE--ENVCAUSE114,dcid:undata-geo/G00122000,2019,137966.4137
dcs:who/AIR_15.AGE--Y65T69__ENVCAUSE--ENVCAUSE114,dcid:undata-geo/G00122000,2019,1107176.428
dcs:who/AIR_15.ENVCAUSE--ENVCAUSE113,dcid:undata-geo/G00122000,2019,6425496.48
dcs:who/AIR_15.AGE--Y45T49__ENVCAUSE--ENVCAUSE118,dcid:undata-geo/G00122000,2019,130443.2297
dcs:who/AIR_15.AGE--Y35T39__ENVCAUSE--ENVCAUSE113,dcid:undata-geo/G00122000,2019,154547.5198
dcs:who/AIR_15.AGE--Y_GE80__ENVCAUSE--ENVCAUSE114,dcid:undata-geo/G00122000,2019,1205089.706
dcs:who/AIR_15.AGE--Y70T74__ENVCAUSE--ENVCAUSE118,dcid:undata-geo/G00122000,2019,720847.4337
dcs:who/AIR_15.AGE--Y70T74__ENVCAUSE--ENVCAUSE114,dcid:undata-geo/G00122000,2019,1022933.51
dcs:who/AIR_15.ENVCAUSE--ENVCAUSE114,dcid:undata-geo/G00122000,2019,7361597.251
dcs:who/AIR_15.AGE--Y70T74__ENVCAUSE--ENVCAUSE113,dcid:undata-geo/G00122000,2019,768985.3505
dcs:who/AIR_15.AGE--Y70T74__ENVCAUSE--ENVCAUSE104,dcid:undata-geo/G00122000,2019,25610.28239
dcs:who/AIR_15.AGE--Y60T64__ENVCAUSE--ENVCAUSE113,dcid:undata-geo/G00122000,2019,735021.185
dcs:who/AIR_15.AGE--Y40T44__ENVCAUSE--ENVCAUSE113,dcid:undata-geo/G00122000,2019,244602.4421
dcs:who/AIR_15.AGE--Y25T29__ENVCAUSE--ENVCAUSE114,dcid:undata-geo/G00122000,2019,56223.6284
dcs:who/AIR_15.AGE--Y30T34__ENVCAUSE--ENVCAUSE114,dcid:undata-geo/G00122000,2019,96273.85327
dcs:who/AIR_15.AGE--Y25T29__ENVCAUSE--ENVCAUSE118,dcid:undata-geo/G00122000,2019,29891.86743
dcs:who/AIR_15.AGE--Y60T64__ENVCAUSE--ENVCAUSE118,dcid:undata-geo/G00122000,2019,460069.4653
dcs:who/AIR_15.AGE--Y55T59__ENVCAUSE--ENVCAUSE113,dcid:undata-geo/G00122000,2019,623266.2089
dcs:who/AIR_15.AGE--Y_GE80__ENVCAUSE--ENVCAUSE104,dcid:undata-geo/G00122000,2019,42929.00338
dcs:who/AIR_15.AGE--Y65T69__ENVCAUSE--ENVCAUSE118,dcid:undata-geo/G00122000,2019,646527.7688
dcs:who/AIR_15.AGE--Y50T54__ENVCAUSE--ENVCAUSE118,dcid:undata-geo/G00122000,2019,225737.6681
dcs:who/AIR_15.AGE--Y50T54__ENVCAUSE--ENVCAUSE113,dcid:undata-geo/G00122000,2019,535290.5595
dcs:who/AIR_15.AGE--Y75T79__ENVCAUSE--ENVCAUSE104,dcid:undata-geo/G00122000,2019,24063.9253
dcs:who/AIR_15.AGE--Y25T29__ENVCAUSE--ENVCAUSE113,dcid:undata-geo/G00122000,2019,63268.59717
dcs:who/AIR_15.AGE--Y40T44__ENVCAUSE--ENVCAUSE114,dcid:undata-geo/G00122000,2019,227693.0276
dcs:who/AIR_15.AGE--Y60T64__ENVCAUSE--ENVCAUSE104,dcid:undata-geo/G00122000,2019,18475.11152
dcs:who/AIR_15.AGE--Y55T59__ENVCAUSE--ENVCAUSE118,dcid:undata-geo/G00122000,2019,308483.5075
dcs:who/AIR_15.AGE--Y25T29__ENVCAUSE--ENVCAUSE104,dcid:undata-geo/G00122000,2019,885.37855
dcs:who/AIR_15.AGE--Y55T59__ENVCAUSE--ENVCAUSE104,dcid:undata-geo/G00122000,2019,13700.61129
dcs:who/AIR_15.AGE--Y50T54__ENVCAUSE--ENVCAUSE104,dcid:undata-geo/G00122000,2019,10789.86846
dcs:who/AIR_15.AGE--Y40T44__ENVCAUSE--ENVCAUSE104,dcid:undata-geo/G00122000,2019,4560.53709
dcs:who/AIR_15.AGE--Y35T39__ENVCAUSE--ENVCAUSE104,dcid:undata-geo/G00122000,2019,2803.18672
dcs:who/AIR_15,dcid:undata-geo/G00122000,2019,24765452.47
dcs:who/AIR_15.AGE--Y30T34__ENVCAUSE--ENVCAUSE104,dcid:undata-geo/G00122000,2019,1805.21702
dcs:who/AIR_15.AGE--Y45T49__ENVCAUSE--ENVCAUSE104,dcid:undata-geo/G00122000,2019,7811.65168
dcs:who/AIR_15.AGE--Y75T79__ENVCAUSE--ENVCAUSE068__SEX--M,dcid:undata-geo/G00126000,2019,8206.49716
dcs:who/AIR_15.AGE--Y70T74__ENVCAUSE--ENVCAUSE068__SEX--M,dcid:undata-geo/G00126000,2019,20110.07549
dcs:who/AIR_15.AGE--Y45T49__ENVCAUSE--ENVCAUSE068__SEX--M,dcid:undata-geo/G00126000,2019,8122.21601
dcs:who/AIR_15.AGE--Y_GE80__ENVCAUSE--ENVCAUSE068__SEX--M,dcid:undata-geo/G00126000,2019,6768.97905
dcs:who/AIR_15.AGE--Y_GE80__ENVCAUSE--ENVCAUSE118__SEX--M,dcid:undata-geo/G00126000,2019,15126.80629
dcs:who/AIR_15.AGE--Y25T29__ENVCAUSE--ENVCAUSE039__SEX--M,dcid:undata-geo/G00126000,2019,2614.31774
dcs:who/AIR_15.ENVCAUSE--ENVCAUSE039__SEX--M,dcid:undata-geo/G00126000,2019,132374.568
dcs:who/AIR_15.AGE--Y60T64__ENVCAUSE--ENVCAUSE068__SEX--M,dcid:undata-geo/G00126000,2019,40827.90012
dcs:who/AIR_15.AGE--Y40T44__ENVCAUSE--ENVCAUSE068__SEX--M,dcid:undata-geo/G00126000,2019,1678.72948
dcs:who/AIR_15.AGE--Y70T74__ENVCAUSE--ENVCAUSE039__SEX--M,dcid:undata-geo/G00126000,2019,6297.68371
dcs:who/AIR_15.AGE--Y50T54__ENVCAUSE--ENVCAUSE118__SEX--M,dcid:undata-geo/G00126000,2019,5333.55933
dcs:who/AIR_15.AGE--Y55T59__ENVCAUSE--ENVCAUSE068__SEX--M,dcid:undata-geo/G00126000,2019,32186.72662
dcs:who/AIR_15.AGE--Y75T79__ENVCAUSE--ENVCAUSE039__SEX--M,dcid:undata-geo/G00126000,2019,4389.92797
dcs:who/AIR_15.AGE--Y70T74__ENVCAUSE--ENVCAUSE118__SEX--M,dcid:undata-geo/G00126000,2019,13311.50134
dcs:who/AIR_15.AGE--Y5T9__ENVCAUSE--ENVCAUSE039__SEX--M,dcid:undata-geo/G00126000,2019,692.17606
dcs:who/AIR_15.AGE--Y65T69__ENVCAUSE--ENVCAUSE039__SEX--M,dcid:undata-geo/G00126000,2019,11102.35087
dcs:who/AIR_15.AGE--Y45T49__ENVCAUSE--ENVCAUSE039__SEX--M,dcid:undata-geo/G00126000,2019,13638.89718
dcs:who/AIR_15.AGE--Y30T34__ENVCAUSE--ENVCAUSE068__SEX--M,dcid:undata-geo/G00126000,2019,493.24848
dcs:who/AIR_15.AGE--Y55T59__ENVCAUSE--ENVCAUSE118__SEX--M,dcid:undata-geo/G00126000,2019,9722.89109
dcs:who/AIR_15.AGE--Y75T79__ENVCAUSE--ENVCAUSE118__SEX--M,dcid:undata-geo/G00126000,2019,10304.89465
dcs:who/AIR_15.AGE--Y_GE80__ENVCAUSE--ENVCAUSE039__SEX--M,dcid:undata-geo/G00126000,2019,6681.20627
dcs:who/AIR_15.AGE--Y60T64__ENVCAUSE--ENVCAUSE118__SEX--M,dcid:undata-geo/G00126000,2019,15227.3057
dcs:who/AIR_15.AGE--Y50T54__ENVCAUSE--ENVCAUSE068__SEX--M,dcid:undata-geo/G00126000,2019,16723.65052
dcs:who/AIR_15.ENVCAUSE--ENVCAUSE118__SEX--M,dcid:undata-geo/G00126000,2019,94491.68658
dcs:who/AIR_15.ENVCAUSE--ENVCAUSE068__SEX--M,dcid:undata-geo/G00126000,2019,171690.1008
dcs:who/AIR_15.AGE--Y50T54__ENVCAUSE--ENVCAUSE039__SEX--M,dcid:undata-geo/G00126000,2019,12564.27418
dcs:who/AIR_15.AGE--Y35T39__ENVCAUSE--ENVCAUSE039__SEX--M,dcid:undata-geo/G00126000,2019,11862.92386
dcs:who/AIR_15.AGE--Y30T34__ENVCAUSE--ENVCAUSE039__SEX--M,dcid:undata-geo/G00126000,2019,7480.47387
dcs:who/AIR_15.AGE--Y65T69__ENVCAUSE--ENVCAUSE118__SEX--M,dcid:undata-geo/G00126000,2019,17351.21507
dcs:who/AIR_15.AGE--Y65T69__ENVCAUSE--ENVCAUSE068__SEX--M,dcid:undata-geo/G00126000,2019,35135.69046
dcs:who/AIR_15.AGE--Y55T59__ENVCAUSE--ENVCAUSE039__SEX--M,dcid:undata-geo/G00126000,2019,15245.55839
dcs:who/AIR_15.AGE--Y10T14__ENVCAUSE--ENVCAUSE039__SEX--M,dcid:undata-geo/G00126000,2019,647.24373
dcs:who/AIR_15.AGE--Y40T44__ENVCAUSE--ENVCAUSE039__SEX--M,dcid:undata-geo/G00126000,2019,14427.05971
dcs:who/AIR_15.AGE--Y60T64__ENVCAUSE--ENVCAUSE039__SEX--M,dcid:undata-geo/G00126000,2019,14835.81398
dcs:who/AIR_15.AGE--Y0T4__ENVCAUSE--ENVCAUSE039__SEX--M,dcid:undata-geo/G00126000,2019,7913.0551
dcs:who/AIR_15.AGE--Y15T19__ENVCAUSE--ENVCAUSE039__SEX--M,dcid:undata-geo/G00126000,2019,833.26834
dcs:who/AIR_15.AGE--Y25T29__ENVCAUSE--ENVCAUSE068__SEX--M,dcid:undata-geo/G00126000,2019,190.89468
dcs:who/AIR_15.AGE--Y35T39__ENVCAUSE--ENVCAUSE068__SEX--M,dcid:undata-geo/G00126000,2019,1245.49663
dcs:who/AIR_15.AGE--Y45T49__ENVCAUSE--ENVCAUSE118__SEX--M,dcid:undata-geo/G00126000,2019,3243.49348
dcs:who/AIR_15.AGE--Y20T24__ENVCAUSE--ENVCAUSE039__SEX--M,dcid:undata-geo/G00126000,2019,1148.33601
dcs:who/AIR_15.AGE--Y75T79__ENVCAUSE--ENVCAUSE113__SEX--M,dcid:undata-geo/G00126000,2019,58141.94232
dcs:who/AIR_15.AGE--Y30T34__ENVCAUSE--ENVCAUSE114__SEX--M,dcid:undata-geo/G00126000,2019,2767.66664
dcs:who/AIR_15.SEX--M,dcid:undata-geo/G00126000,2019,1325361.463
dcs:who/AIR_15.AGE--Y60T64__ENVCAUSE--ENVCAUSE113__SEX--M,dcid:undata-geo/G00126000,2019,110091.7431
dcs:who/AIR_15.AGE--Y60T64__ENVCAUSE--ENVCAUSE068__SEX--F,dcid:undata-geo/G00126000,2019,9536.25633
dcs:who/AIR_15.AGE--Y65T69__ENVCAUSE--ENVCAUSE113__SEX--M,dcid:undata-geo/G00126000,2019,108559.9561
dcs:who/AIR_15.AGE--Y50T54__ENVCAUSE--ENVCAUSE113__SEX--M,dcid:undata-geo/G00126000,2019,50191.21552
dcs:who/AIR_15.ENVCAUSE--ENVCAUSE113__SEX--M,dcid:undata-geo/G00126000,2019,657462.0049
dcs:who/AIR_15.AGE--Y_GE80__ENVCAUSE--ENVCAUSE068__SEX--F,dcid:undata-geo/G00126000,2019,4487.19111
dcs:who/AIR_15.AGE--Y35T39__ENVCAUSE--ENVCAUSE114__SEX--M,dcid:undata-geo/G00126000,2019,5524.21001
dcs:who/AIR_15.AGE--Y75T79__ENVCAUSE--ENVCAUSE114__SEX--M,dcid:undata-geo/G00126000,2019,28765.45745
dcs:who/AIR_15.AGE--Y55T59__ENVCAUSE--ENVCAUSE068__SEX--F,dcid:undata-geo/G00126000,2019,7344.35166
dcs:who/AIR_15.AGE--Y65T69__ENVCAUSE--ENVCAUSE114__SEX--M,dcid:undata-geo/G00126000,2019,45545.5881
dcs:who/AIR_15.AGE--Y70T74__ENVCAUSE--ENVCAUSE068__SEX--F,dcid:undata-geo/G00126000,2019,6301.66184
dcs:who/AIR_15.AGE--Y40T44__ENVCAUSE--ENVCAUSE113__SEX--M,dcid:undata-geo/G00126000,2019,24800.67693
dcs:who/AIR_15.AGE--Y50T54__ENVCAUSE--ENVCAUSE068__SEX--F,dcid:undata-geo/G00126000,2019,4651.31002
dcs:who/AIR_15.AGE--Y45T49__ENVCAUSE--ENVCAUSE114__SEX--M,dcid:undata-geo/G00126000,2019,12017.10242
dcs:who/AIR_15.AGE--Y35T39__ENVCAUSE--ENVCAUSE113__SEX--M,dcid:undata-geo/G00126000,2019,13566.28541
dcs:who/AIR_15.AGE--Y60T64__ENVCAUSE--ENVCAUSE114__SEX--M,dcid:undata-geo/G00126000,2019,40939.81464
dcs:who/AIR_15.AGE--Y35T39__ENVCAUSE--ENVCAUSE068__SEX--F,dcid:undata-geo/G00126000,2019,620.99083
dcs:who/AIR_15.AGE--Y55T59__ENVCAUSE--ENVCAUSE114__SEX--M,dcid:undata-geo/G00126000,2019,28478.37721
dcs:who/AIR_15.AGE--Y40T44__ENVCAUSE--ENVCAUSE068__SEX--F,dcid:undata-geo/G00126000,2019,1442.33274
dcs:who/AIR_15.AGE--Y70T74__ENVCAUSE--ENVCAUSE113__SEX--M,dcid:undata-geo/G00126000,2019,74236.12616
dcs:who/AIR_15.AGE--Y45T49__ENVCAUSE--ENVCAUSE113__SEX--M,dcid:undata-geo/G00126000,2019,35324.15056
dcs:who/AIR_15.ENVCAUSE--ENVCAUSE068__SEX--F,dcid:undata-geo/G00126000,2019,50158.10723
dcs:who/AIR_15.AGE--Y50T54__ENVCAUSE--ENVCAUSE114__SEX--M,dcid:undata-geo/G00126000,2019,16369.67808
dcs:who/AIR_15.AGE--Y_GE80__ENVCAUSE--ENVCAUSE114__SEX--M,dcid:undata-geo/G00126000,2019,43680.13099
dcs:who/AIR_15.AGE--Y65T69__ENVCAUSE--ENVCAUSE068__SEX--F,dcid:undata-geo/G00126000,2019,8934.47522
dcs:who/AIR_15.AGE--Y25T29__ENVCAUSE--ENVCAUSE114__SEX--M,dcid:undata-geo/G00126000,2019,1008.04915
dcs:who/AIR_15.AGE--Y25T29__ENVCAUSE--ENVCAUSE118__SEX--M,dcid:undata-geo/G00126000,2019,466.61437
dcs:who/AIR_15.AGE--Y30T34__ENVCAUSE--ENVCAUSE118__SEX--M,dcid:undata-geo/G00126000,2019,925.10172
dcs:who/AIR_15.AGE--Y_GE80__ENVCAUSE--ENVCAUSE113__SEX--M,dcid:undata-geo/G00126000,2019,91800.79449
dcs:who/AIR_15.AGE--Y40T44__ENVCAUSE--ENVCAUSE118__SEX--M,dcid:undata-geo/G00126000,2019,2120.40866
dcs:who/AIR_15.AGE--Y70T74__ENVCAUSE--ENVCAUSE114__SEX--M,dcid:undata-geo/G00126000,2019,35100.07851
dcs:who/AIR_15.AGE--Y25T29__ENVCAUSE--ENVCAUSE113__SEX--M,dcid:undata-geo/G00126000,2019,1983.93835
dcs:who/AIR_15.AGE--Y75T79__ENVCAUSE--ENVCAUSE068__SEX--F,dcid:undata-geo/G00126000,2019,3541.51716
dcs:who/AIR_15.ENVCAUSE--ENVCAUSE114__SEX--M,dcid:undata-geo/G00126000,2019,269343.0636
dcs:who/AIR_15.AGE--Y45T49__ENVCAUSE--ENVCAUSE068__SEX--F,dcid:undata-geo/G00126000,2019,2739.58671
dcs:who/AIR_15.AGE--Y35T39__ENVCAUSE--ENVCAUSE118__SEX--M,dcid:undata-geo/G00126000,2019,1357.8942
dcs:who/AIR_15.AGE--Y40T44__ENVCAUSE--ENVCAUSE114__SEX--M,dcid:undata-geo/G00126000,2019,9146.91337
dcs:who/AIR_15.AGE--Y55T59__ENVCAUSE--ENVCAUSE113__SEX--M,dcid:undata-geo/G00126000,2019,82377.69382
dcs:who/AIR_15.AGE--Y30T34__ENVCAUSE--ENVCAUSE113__SEX--M,dcid:undata-geo/G00126000,2019,6387.49571
dcs:who/AIR_15.ENVCAUSE--ENVCAUSE113__SEX--F,dcid:undata-geo/G00126000,2019,562584.3604
dcs:who/AIR_15.AGE--Y60T64__ENVCAUSE--ENVCAUSE039__SEX--F,dcid:undata-geo/G00126000,2019,4533.26709
dcs:who/AIR_15.AGE--Y20T24__ENVCAUSE--ENVCAUSE039__SEX--F,dcid:undata-geo/G00126000,2019,763.86356
dcs:who/AIR_15.AGE--Y75T79__ENVCAUSE--ENVCAUSE114__SEX--F,dcid:undata-geo/G00126000,2019,52129.53523
dcs:who/AIR_15.AGE--Y35T39__ENVCAUSE--ENVCAUSE114__SEX--F,dcid:undata-geo/G00126000,2019,3496.74219
dcs:who/AIR_15.ENVCAUSE--ENVCAUSE118__SEX--F,dcid:undata-geo/G00126000,2019,59723.34523
dcs:who/AIR_15.AGE--Y_GE80__ENVCAUSE--ENVCAUSE114__SEX--F,dcid:undata-geo/G00126000,2019,132313.4868
dcs:who/AIR_15.AGE--Y30T34__ENVCAUSE--ENVCAUSE039__SEX--F,dcid:undata-geo/G00126000,2019,3057.97867
dcs:who/AIR_15.AGE--Y35T39__ENVCAUSE--ENVCAUSE039__SEX--F,dcid:undata-geo/G00126000,2019,4341.95441
dcs:who/AIR_15.AGE--Y30T34__ENVCAUSE--ENVCAUSE114__SEX--F,dcid:undata-geo/G00126000,2019,2045.15605
dcs:who/AIR_15.AGE--Y15T19__ENVCAUSE--ENVCAUSE039__SEX--F,dcid:undata-geo/G00126000,2019,650.84082
dcs:who/AIR_15.AGE--Y45T49__ENVCAUSE--ENVCAUSE114__SEX--F,dcid:undata-geo/G00126000,2019,7440.02196
dcs:who/AIR_15.AGE--Y25T29__ENVCAUSE--ENVCAUSE068__SEX--F,dcid:undata-geo/G00126000,2019,139.0203
dcs:who/AIR_15.AGE--Y35T39__ENVCAUSE--ENVCAUSE118__SEX--F,dcid:undata-geo/G00126000,2019,1172.57071
dcs:who/AIR_15.AGE--Y10T14__ENVCAUSE--ENVCAUSE039__SEX--F,dcid:undata-geo/G00126000,2019,667.33034
dcs:who/AIR_15.AGE--Y40T44__ENVCAUSE--ENVCAUSE039__SEX--F,dcid:undata-geo/G00126000,2019,4515.24686
dcs:who/AIR_15.AGE--Y_GE80__ENVCAUSE--ENVCAUSE118__SEX--F,dcid:undata-geo/G00126000,2019,18906.74591
dcs:who/AIR_15.AGE--Y70T74__ENVCAUSE--ENVCAUSE114__SEX--F,dcid:undata-geo/G00126000,2019,41959.92831
dcs:who/AIR_15.AGE--Y25T29__ENVCAUSE--ENVCAUSE118__SEX--F,dcid:undata-geo/G00126000,2019,553.135
dcs:who/AIR_15.AGE--Y45T49__ENVCAUSE--ENVCAUSE118__SEX--F,dcid:undata-geo/G00126000,2019,1942.96978
dcs:who/AIR_15.AGE--Y70T74__ENVCAUSE--ENVCAUSE039__SEX--F,dcid:undata-geo/G00126000,2019,3757.19138
dcs:who/AIR_15.AGE--Y60T64__ENVCAUSE--ENVCAUSE118__SEX--F,dcid:undata-geo/G00126000,2019,6179.56533
dcs:who/AIR_15.AGE--Y55T59__ENVCAUSE--ENVCAUSE114__SEX--F,dcid:undata-geo/G00126000,2019,18306.99862
dcs:who/AIR_15.AGE--Y70T74__ENVCAUSE--ENVCAUSE118__SEX--F,dcid:undata-geo/G00126000,2019,6757.01767
dcs:who/AIR_15.AGE--Y0T4__ENVCAUSE--ENVCAUSE039__SEX--F,dcid:undata-geo/G00126000,2019,6052.23457
dcs:who/AIR_15.AGE--Y50T54__ENVCAUSE--ENVCAUSE114__SEX--F,dcid:undata-geo/G00126000,2019,10443.14695
dcs:who/AIR_15.AGE--Y50T54__ENVCAUSE--ENVCAUSE039__SEX--F,dcid:undata-geo/G00126000,2019,3502.33339
dcs:who/AIR_15.AGE--Y55T59__ENVCAUSE--ENVCAUSE039__SEX--F,dcid:undata-geo/G00126000,2019,4236.82027
dcs:who/AIR_15.ENVCAUSE--ENVCAUSE114__SEX--F,dcid:undata-geo/G00126000,2019,343398.8503
dcs:who/AIR_15.AGE--Y65T69__ENVCAUSE--ENVCAUSE118__SEX--F,dcid:undata-geo/G00126000,2019,7420.58624
dcs:who/AIR_15.AGE--Y60T64__ENVCAUSE--ENVCAUSE114__SEX--F,dcid:undata-geo/G00126000,2019,28432.38816
dcs:who/AIR_15.AGE--Y40T44__ENVCAUSE--ENVCAUSE118__SEX--F,dcid:undata-geo/G00126000,2019,1474.4683
dcs:who/AIR_15.ENVCAUSE--ENVCAUSE039__SEX--F,dcid:undata-geo/G00126000,2019,61631.13287
dcs:who/AIR_15.AGE--Y75T79__ENVCAUSE--ENVCAUSE039__SEX--F,dcid:undata-geo/G00126000,2019,3986.33468
dcs:who/AIR_15.AGE--Y25T29__ENVCAUSE--ENVCAUSE114__SEX--F,dcid:undata-geo/G00126000,2019,962.46904
dcs:who/AIR_15.AGE--Y30T34__ENVCAUSE--ENVCAUSE068__SEX--F,dcid:undata-geo/G00126000,2019,419.41436
dcs:who/AIR_15.AGE--Y30T34__ENVCAUSE--ENVCAUSE118__SEX--F,dcid:undata-geo/G00126000,2019,969.12696
dcs:who/AIR_15.AGE--Y5T9__ENVCAUSE--ENVCAUSE039__SEX--F,dcid:undata-geo/G00126000,2019,812.42505
dcs:who/AIR_15.AGE--Y65T69__ENVCAUSE--ENVCAUSE039__SEX--F,dcid:undata-geo/G00126000,2019,4614.1919
dcs:who/AIR_15.AGE--Y50T54__ENVCAUSE--ENVCAUSE118__SEX--F,dcid:undata-geo/G00126000,2019,2710.30194
dcs:who/AIR_15.AGE--Y45T49__ENVCAUSE--ENVCAUSE039__SEX--F,dcid:undata-geo/G00126000,2019,3847.4739
dcs:who/AIR_15.AGE--Y65T69__ENVCAUSE--ENVCAUSE114__SEX--F,dcid:undata-geo/G00126000,2019,40495.00091
dcs:who/AIR_15.AGE--Y75T79__ENVCAUSE--ENVCAUSE118__SEX--F,dcid:undata-geo/G00126000,2019,7323.96962
dcs:who/AIR_15.AGE--Y_GE80__ENVCAUSE--ENVCAUSE039__SEX--F,dcid:undata-geo/G00126000,2019,10868.18722
dcs:who/AIR_15.AGE--Y40T44__ENVCAUSE--ENVCAUSE114__SEX--F,dcid:undata-geo/G00126000,2019,5373.96859
dcs:who/AIR_15.AGE--Y55T59__ENVCAUSE--ENVCAUSE118__SEX--F,dcid:undata-geo/G00126000,2019,4312.88692
dcs:who/AIR_15.AGE--Y25T29__ENVCAUSE--ENVCAUSE039__SEX--F,dcid:undata-geo/G00126000,2019,1423.45864
dcs:who/AIR_15.ENVCAUSE--ENVCAUSE068,dcid:undata-geo/G00126000,2019,221848.205
dcs:who/AIR_15.AGE--Y45T49__ENVCAUSE--ENVCAUSE113__SEX--F,dcid:undata-geo/G00126000,2019,8498.47568
dcs:who/AIR_15.AGE--Y55T59__ENVCAUSE--ENVCAUSE113__SEX--F,dcid:undata-geo/G00126000,2019,27077.23257
dcs:who/AIR_15.AGE--Y40T44__ENVCAUSE--ENVCAUSE113__SEX--F,dcid:undata-geo/G00126000,2019,5529.05274
dcs:who/AIR_15.AGE--Y35T39__ENVCAUSE--ENVCAUSE104__SEX--F,dcid:undata-geo/G00126000,2019,19.43866
dcs:who/AIR_15.AGE--Y25T29__ENVCAUSE--ENVCAUSE104__SEX--F,dcid:undata-geo/G00126000,2019,3.01492
dcs:who/AIR_15.AGE--Y70T74__ENVCAUSE--ENVCAUSE113__SEX--F,dcid:undata-geo/G00126000,2019,67029.23346
dcs:who/AIR_15.AGE--Y_GE80__ENVCAUSE--ENVCAUSE104__SEX--F,dcid:undata-geo/G00126000,2019,2257.72612
dcs:who/AIR_15.AGE--Y50T54__ENVCAUSE--ENVCAUSE113__SEX--F,dcid:undata-geo/G00126000,2019,13052.89584
dcs:who/AIR_15.AGE--Y45T49__ENVCAUSE--ENVCAUSE104__SEX--F,dcid:undata-geo/G00126000,2019,83.90184
dcs:who/AIR_15.AGE--Y25T29__ENVCAUSE--ENVCAUSE113__SEX--F,dcid:undata-geo/G00126000,2019,521.44885
dcs:who/AIR_15.AGE--Y50T54__ENVCAUSE--ENVCAUSE104__SEX--F,dcid:undata-geo/G00126000,2019,154.83435
dcs:who/AIR_15.AGE--Y70T74__ENVCAUSE--ENVCAUSE104__SEX--F,dcid:undata-geo/G00126000,2019,855.44868
dcs:who/AIR_15.AGE--Y30T34__ENVCAUSE--ENVCAUSE113__SEX--F,dcid:undata-geo/G00126000,2019,1470.4666
dcs:who/AIR_15.SEX--F,dcid:undata-geo/G00126000,2019,1083522.402
dcs:who/AIR_15.AGE--Y40T44__ENVCAUSE--ENVCAUSE104__SEX--F,dcid:undata-geo/G00126000,2019,40.29383
dcs:who/AIR_15.AGE--Y55T59__ENVCAUSE--ENVCAUSE104__SEX--F,dcid:undata-geo/G00126000,2019,338.27145
dcs:who/AIR_15.AGE--Y75T79__ENVCAUSE--ENVCAUSE104__SEX--F,dcid:undata-geo/G00126000,2019,912.89281
dcs:who/AIR_15.AGE--Y60T64__ENVCAUSE--ENVCAUSE104__SEX--F,dcid:undata-geo/G00126000,2019,551.18368
dcs:who/AIR_15.AGE--Y75T79__ENVCAUSE--ENVCAUSE113__SEX--F,dcid:undata-geo/G00126000,2019,85373.37076
dcs:who/AIR_15.AGE--Y65T69__ENVCAUSE--ENVCAUSE104__SEX--F,dcid:undata-geo/G00126000,2019,799.60286
dcs:who/AIR_15.AGE--Y35T39__ENVCAUSE--ENVCAUSE113__SEX--F,dcid:undata-geo/G00126000,2019,3163.01999
dcs:who/AIR_15.AGE--Y_GE80__ENVCAUSE--ENVCAUSE113__SEX--F,dcid:undata-geo/G00126000,2019,238073.8022
dcs:who/AIR_15.AGE--Y60T64__ENVCAUSE--ENVCAUSE113__SEX--F,dcid:undata-geo/G00126000,2019,46079.19048
dcs:who/AIR_15.AGE--Y65T69__ENVCAUSE--ENVCAUSE113__SEX--F,dcid:undata-geo/G00126000,2019,66716.18059
dcs:who/AIR_15.ENVCAUSE--ENVCAUSE104__SEX--F,dcid:undata-geo/G00126000,2019,6026.5966
dcs:who/AIR_15.AGE--Y30T34__ENVCAUSE--ENVCAUSE104__SEX--F,dcid:undata-geo/G00126000,2019,9.98736
dcs:who/AIR_15.AGE--Y75T79__ENVCAUSE--ENVCAUSE068,dcid:undata-geo/G00126000,2019,11748.01426
dcs:who/AIR_15.AGE--Y25T29__ENVCAUSE--ENVCAUSE039,dcid:undata-geo/G00126000,2019,4037.77625
dcs:who/AIR_15.AGE--Y65T69__ENVCAUSE--ENVCAUSE068,dcid:undata-geo/G00126000,2019,44070.16497
dcs:who/AIR_15.AGE--Y70T74__ENVCAUSE--ENVCAUSE118,dcid:undata-geo/G00126000,2019,20068.51976
dcs:who/AIR_15.AGE--Y20T24__ENVCAUSE--ENVCAUSE039,dcid:undata-geo/G00126000,2019,1912.1995
dcs:who/AIR_15.AGE--Y70T74__ENVCAUSE--ENVCAUSE068,dcid:undata-geo/G00126000,2019,26411.7376
dcs:who/AIR_15.AGE--Y5T9__ENVCAUSE--ENVCAUSE039,dcid:undata-geo/G00126000,2019,1504.60118
dcs:who/AIR_15.AGE--Y40T44__ENVCAUSE--ENVCAUSE068,dcid:undata-geo/G00126000,2019,3121.06217
dcs:who/AIR_15.AGE--Y30T34__ENVCAUSE--ENVCAUSE039,dcid:undata-geo/G00126000,2019,10538.45221
dcs:who/AIR_15.AGE--Y40T44__ENVCAUSE--ENVCAUSE039,dcid:undata-geo/G00126000,2019,18942.30618
dcs:who/AIR_15.AGE--Y70T74__ENVCAUSE--ENVCAUSE039,dcid:undata-geo/G00126000,2019,10054.87488
dcs:who/AIR_15.AGE--Y75T79__ENVCAUSE--ENVCAUSE118,dcid:undata-geo/G00126000,2019,17628.86488
dcs:who/AIR_15.AGE--Y25T29__ENVCAUSE--ENVCAUSE068,dcid:undata-geo/G00126000,2019,329.91497
dcs:who/AIR_15.AGE--Y60T64__ENVCAUSE--ENVCAUSE118,dcid:undata-geo/G00126000,2019,21406.87052
dcs:who/AIR_15.AGE--Y35T39__ENVCAUSE--ENVCAUSE118,dcid:undata-geo/G00126000,2019,2530.46493
dcs:who/AIR_15.AGE--Y60T64__ENVCAUSE--ENVCAUSE068,dcid:undata-geo/G00126000,2019,50364.15509
dcs:who/AIR_15.AGE--Y45T49__ENVCAUSE--ENVCAUSE118,dcid:undata-geo/G00126000,2019,5186.46329
dcs:who/AIR_15.AGE--Y45T49__ENVCAUSE--ENVCAUSE039,dcid:undata-geo/G00126000,2019,17486.37038
dcs:who/AIR_15.AGE--Y15T19__ENVCAUSE--ENVCAUSE039,dcid:undata-geo/G00126000,2019,1484.10914
dcs:who/AIR_15.AGE--Y75T79__ENVCAUSE--ENVCAUSE039,dcid:undata-geo/G00126000,2019,8376.26264
dcs:who/AIR_15.AGE--Y35T39__ENVCAUSE--ENVCAUSE039,dcid:undata-geo/G00126000,2019,16204.87883
dcs:who/AIR_15.AGE--Y60T64__ENVCAUSE--ENVCAUSE039,dcid:undata-geo/G00126000,2019,19369.08141
dcs:who/AIR_15.AGE--Y40T44__ENVCAUSE--ENVCAUSE118,dcid:undata-geo/G00126000,2019,3594.87696
dcs:who/AIR_15.AGE--Y30T34__ENVCAUSE--ENVCAUSE118,dcid:undata-geo/G00126000,2019,1894.22869
dcs:who/AIR_15.AGE--Y50T54__ENVCAUSE--ENVCAUSE039,dcid:undata-geo/G00126000,2019,16066.60757
dcs:who/AIR_15.AGE--Y35T39__ENVCAUSE--ENVCAUSE068,dcid:undata-geo/G00126000,2019,1866.4874
dcs:who/AIR_15.AGE--Y55T59__ENVCAUSE--ENVCAUSE039,dcid:undata-geo/G00126000,2019,19482.37933
dcs:who/AIR_15.AGE--Y55T59__ENVCAUSE--ENVCAUSE118,dcid:undata-geo/G00126000,2019,14035.77789
dcs:who/AIR_15.AGE--Y10T14__ENVCAUSE--ENVCAUSE039,dcid:undata-geo/G00126000,2019,1314.57408
dcs:who/AIR_15.AGE--Y0T4__ENVCAUSE--ENVCAUSE039,dcid:undata-geo/G00126000,2019,13965.28941
dcs:who/AIR_15.ENVCAUSE--ENVCAUSE039,dcid:undata-geo/G00126000,2019,194005.6978
dcs:who/AIR_15.AGE--Y_GE80__ENVCAUSE--ENVCAUSE039,dcid:undata-geo/G00126000,2019,17549.39315
dcs:who/AIR_15.AGE--Y50T54__ENVCAUSE--ENVCAUSE068,dcid:undata-geo/G00126000,2019,21374.96066
dcs:who/AIR_15.AGE--Y55T59__ENVCAUSE--ENVCAUSE068,dcid:undata-geo/G00126000,2019,39531.07693
dcs:who/AIR_15.AGE--Y45T49__ENVCAUSE--ENVCAUSE068,dcid:undata-geo/G00126000,2019,10861.80253
dcs:who/AIR_15.AGE--Y30T34__ENVCAUSE--ENVCAUSE068,dcid:undata-geo/G00126000,2019,912.66284
dcs:who/AIR_15.ENVCAUSE--ENVCAUSE118,dcid:undata-geo/G00126000,2019,154215.0286
dcs:who/AIR_15.AGE--Y65T69__ENVCAUSE--ENVCAUSE039,dcid:undata-geo/G00126000,2019,15716.5429
dcs:who/AIR_15.AGE--Y50T54__ENVCAUSE--ENVCAUSE118,dcid:undata-geo/G00126000,2019,8043.86116
dcs:who/AIR_15.AGE--Y65T69__ENVCAUSE--ENVCAUSE118,dcid:undata-geo/G00126000,2019,24771.80173
dcs:who/AIR_15.AGE--Y_GE80__ENVCAUSE--ENVCAUSE068,dcid:undata-geo/G00126000,2019,11256.17039
dcs:who/AIR_15.AGE--Y_GE80__ENVCAUSE--ENVCAUSE118,dcid:undata-geo/G00126000,2019,34033.55225
dcs:who/AIR_15.AGE--Y55T59__ENVCAUSE--ENVCAUSE113,dcid:undata-geo/G00126000,2019,109454.9257
dcs:who/AIR_15.AGE--Y70T74__ENVCAUSE--ENVCAUSE113,dcid:undata-geo/G00126000,2019,141265.36
dcs:who/AIR_15.AGE--Y60T64__ENVCAUSE--ENVCAUSE113,dcid:undata-geo/G00126000,2019,156170.9286
dcs:who/AIR_15.AGE--Y65T69__ENVCAUSE--ENVCAUSE104,dcid:undata-geo/G00126000,2019,799.60286
dcs:who/AIR_15.AGE--Y70T74__ENVCAUSE--ENVCAUSE104,dcid:undata-geo/G00126000,2019,855.44868
dcs:who/AIR_15.AGE--Y60T64__ENVCAUSE--ENVCAUSE114,dcid:undata-geo/G00126000,2019,69372.20267
dcs:who/AIR_15.AGE--Y70T74__ENVCAUSE--ENVCAUSE114,dcid:undata-geo/G00126000,2019,77060.00691
dcs:who/AIR_15.AGE--Y40T44__ENVCAUSE--ENVCAUSE113,dcid:undata-geo/G00126000,2019,30329.72906
dcs:who/AIR_15.AGE--Y35T39__ENVCAUSE--ENVCAUSE114,dcid:undata-geo/G00126000,2019,9020.95197
dcs:who/AIR_15.AGE--Y40T44__ENVCAUSE--ENVCAUSE114,dcid:undata-geo/G00126000,2019,14520.88194
dcs:who/AIR_15.AGE--Y30T34__ENVCAUSE--ENVCAUSE104,dcid:undata-geo/G00126000,2019,9.98736
dcs:who/AIR_15.AGE--Y45T49__ENVCAUSE--ENVCAUSE104,dcid:undata-geo/G00126000,2019,83.90184
dcs:who/AIR_15.AGE--Y35T39__ENVCAUSE--ENVCAUSE113,dcid:undata-geo/G00126000,2019,16729.30558
dcs:who/AIR_15.AGE--Y55T59__ENVCAUSE--ENVCAUSE114,dcid:undata-geo/G00126000,2019,46785.37462
dcs:who/AIR_15.AGE--Y30T34__ENVCAUSE--ENVCAUSE114,dcid:undata-geo/G00126000,2019,4812.82267
dcs:who/AIR_15.AGE--Y45T49__ENVCAUSE--ENVCAUSE113,dcid:undata-geo/G00126000,2019,43822.62773
dcs:who/AIR_15.ENVCAUSE--ENVCAUSE114,dcid:undata-geo/G00126000,2019,612741.8997
dcs:who/AIR_15.AGE--Y_GE80__ENVCAUSE--ENVCAUSE104,dcid:undata-geo/G00126000,2019,2257.72612
dcs:who/AIR_15.AGE--Y25T29__ENVCAUSE--ENVCAUSE104,dcid:undata-geo/G00126000,2019,3.01492
dcs:who/AIR_15.AGE--Y75T79__ENVCAUSE--ENVCAUSE113,dcid:undata-geo/G00126000,2019,143515.3082
dcs:who/AIR_15.AGE--Y75T79__ENVCAUSE--ENVCAUSE104,dcid:undata-geo/G00126000,2019,912.89281
dcs:who/AIR_15.AGE--Y50T54__ENVCAUSE--ENVCAUSE114,dcid:undata-geo/G00126000,2019,26812.82507
dcs:who/AIR_15.AGE--Y_GE80__ENVCAUSE--ENVCAUSE114,dcid:undata-geo/G00126000,2019,175993.6139
dcs:who/AIR_15.AGE--Y65T69__ENVCAUSE--ENVCAUSE114,dcid:undata-geo/G00126000,2019,86040.5892
dcs:who/AIR_15.AGE--Y50T54__ENVCAUSE--ENVCAUSE104,dcid:undata-geo/G00126000,2019,154.83435
dcs:who/AIR_15.AGE--Y75T79__ENVCAUSE--ENVCAUSE114,dcid:undata-geo/G00126000,2019,80894.99469
dcs:who/AIR_15.ENVCAUSE--ENVCAUSE113,dcid:undata-geo/G00126000,2019,1220046.395
dcs:who/AIR_15.AGE--Y60T64__ENVCAUSE--ENVCAUSE104,dcid:undata-geo/G00126000,2019,551.18368
dcs:who/AIR_15.AGE--Y25T29__ENVCAUSE--ENVCAUSE114,dcid:undata-geo/G00126000,2019,1970.51825
dcs:who/AIR_15.AGE--Y25T29__ENVCAUSE--ENVCAUSE118,dcid:undata-geo/G00126000,2019,1019.74936
dcs:who/AIR_15.AGE--Y50T54__ENVCAUSE--ENVCAUSE113,dcid:undata-geo/G00126000,2019,63244.10956
dcs:who/AIR_15.AGE--Y40T44__ENVCAUSE--ENVCAUSE104,dcid:undata-geo/G00126000,2019,40.29383
dcs:who/AIR_15,dcid:undata-geo/G00126000,2019,2408883.861
dcs:who/AIR_15.AGE--Y25T29__ENVCAUSE--ENVCAUSE113,dcid:undata-geo/G00126000,2019,2505.38725
dcs:who/AIR_15.AGE--Y_GE80__ENVCAUSE--ENVCAUSE113,dcid:undata-geo/G00126000,2019,329874.6039
dcs:who/AIR_15.AGE--Y35T39__ENVCAUSE--ENVCAUSE104,dcid:undata-geo/G00126000,2019,19.43866
dcs:who/AIR_15.AGE--Y65T69__ENVCAUSE--ENVCAUSE113,dcid:undata-geo/G00126000,2019,175276.1373
dcs:who/AIR_15.AGE--Y55T59__ENVCAUSE--ENVCAUSE104,dcid:undata-geo/G00126000,2019,338.27145
dcs:who/AIR_15.ENVCAUSE--ENVCAUSE104,dcid:undata-geo/G00126000,2019,6026.5966
dcs:who/AIR_15.AGE--Y45T49__ENVCAUSE--ENVCAUSE114,dcid:undata-geo/G00126000,2019,19457.1234
dcs:who/AIR_15.AGE--Y30T34__ENVCAUSE--ENVCAUSE113,dcid:undata-geo/G00126000,2019,7857.96241
dcs:who/AIR_15.AGE--Y35T39__ENVCAUSE--ENVCAUSE039__SEX--M,dcid:undata-geo/G00134000,2019,10802.40938
dcs:who/AIR_15.AGE--Y35T39__ENVCAUSE--ENVCAUSE068__SEX--M,dcid:undata-geo/G00134000,2019,938.76588
dcs:who/AIR_15.AGE--Y45T49__ENVCAUSE--ENVCAUSE068__SEX--M,dcid:undata-geo/G00134000,2019,2467.57942
dcs:who/AIR_15.AGE--Y45T49__ENVCAUSE--ENVCAUSE039__SEX--M,dcid:undata-geo/G00134000,2019,12192.9476
dcs:who/AIR_15.AGE--Y55T59__ENVCAUSE--ENVCAUSE039__SEX--M,dcid:undata-geo/G00134000,2019,15853.23096
dcs:who/AIR_15.ENVCAUSE--ENVCAUSE068__SEX--M,dcid:undata-geo/G00134000,2019,57194.68476
dcs:who/AIR_15.AGE--Y_GE80__ENVCAUSE--ENVCAUSE068__SEX--M,dcid:undata-geo/G00134000,2019,5433.88852
dcs:who/AIR_15.AGE--Y70T74__ENVCAUSE--ENVCAUSE039__SEX--M,dcid:undata-geo/G00134000,2019,19230.9636
dcs:who/AIR_15.AGE--Y40T44__ENVCAUSE--ENVCAUSE068__SEX--M,dcid:undata-geo/G00134000,2019,1606.63194
dcs:who/AIR_15.ENVCAUSE--ENVCAUSE039__SEX--M,dcid:undata-geo/G00134000,2019,373298.8
dcs:who/AIR_15.AGE--Y50T54__ENVCAUSE--ENVCAUSE068__SEX--M,dcid:undata-geo/G00134000,2019,4709.26918
dcs:who/AIR_15.AGE--Y75T79__ENVCAUSE--ENVCAUSE039__SEX--M,dcid:undata-geo/G00134000,2019,18878.55075
dcs:who/AIR_15.AGE--Y40T44__ENVCAUSE--ENVCAUSE039__SEX--M,dcid:undata-geo/G00134000,2019,11563.47591
dcs:who/AIR_15.AGE--Y_GE80__ENVCAUSE--ENVCAUSE039__SEX--M,dcid:undata-geo/G00134000,2019,37657.2283
dcs:who/AIR_15.AGE--Y65T69__ENVCAUSE--ENVCAUSE068__SEX--M,dcid:undata-geo/G00134000,2019,9668.80415
dcs:who/AIR_15.AGE--Y25T29__ENVCAUSE--ENVCAUSE068__SEX--M,dcid:undata-geo/G00134000,2019,475.47997
dcs:who/AIR_15.AGE--Y55T59__ENVCAUSE--ENVCAUSE068__SEX--M,dcid:undata-geo/G00134000,2019,7495.38163
dcs:who/AIR_15.AGE--Y60T64__ENVCAUSE--ENVCAUSE039__SEX--M,dcid:undata-geo/G00134000,2019,17489.81843
dcs:who/AIR_15.AGE--Y60T64__ENVCAUSE--ENVCAUSE068__SEX--M,dcid:undata-geo/G00134000,2019,9412.8215
dcs:who/AIR_15.AGE--Y50T54__ENVCAUSE--ENVCAUSE039__SEX--M,dcid:undata-geo/G00134000,2019,14205.88208
dcs:who/AIR_15.AGE--Y65T69__ENVCAUSE--ENVCAUSE039__SEX--M,dcid:undata-geo/G00134000,2019,19709.24112
dcs:who/AIR_15.AGE--Y75T79__ENVCAUSE--ENVCAUSE068__SEX--M,dcid:undata-geo/G00134000,2019,5994.68863
dcs:who/AIR_15.AGE--Y30T34__ENVCAUSE--ENVCAUSE068__SEX--M,dcid:undata-geo/G00134000,2019,683.32461
dcs:who/AIR_15.AGE--Y70T74__ENVCAUSE--ENVCAUSE068__SEX--M,dcid:undata-geo/G00134000,2019,8308.04998
dcs:who/AIR_15.AGE--Y_GE80__ENVCAUSE--ENVCAUSE114__SEX--M,dcid:undata-geo/G00134000,2019,23532.58275
dcs:who/AIR_15.AGE--Y60T64__ENVCAUSE--ENVCAUSE118__SEX--M,dcid:undata-geo/G00134000,2019,12858.22367
dcs:who/AIR_15.AGE--Y60T64__ENVCAUSE--ENVCAUSE114__SEX--M,dcid:undata-geo/G00134000,2019,19619.73228
dcs:who/AIR_15.AGE--Y10T14__ENVCAUSE--ENVCAUSE039__SEX--M,dcid:undata-geo/G00134000,2019,4586.75902
dcs:who/AIR_15.AGE--Y55T59__ENVCAUSE--ENVCAUSE113__SEX--M,dcid:undata-geo/G00134000,2019,42315.35494
dcs:who/AIR_15.AGE--Y55T59__ENVCAUSE--ENVCAUSE118__SEX--M,dcid:undata-geo/G00134000,2019,8560.93938
dcs:who/AIR_15.AGE--Y25T29__ENVCAUSE--ENVCAUSE118__SEX--M,dcid:undata-geo/G00134000,2019,1350.74054
dcs:who/AIR_15.AGE--Y35T39__ENVCAUSE--ENVCAUSE118__SEX--M,dcid:undata-geo/G00134000,2019,2096.44568
dcs:who/AIR_15.AGE--Y30T34__ENVCAUSE--ENVCAUSE039__SEX--M,dcid:undata-geo/G00134000,2019,8578.99769
dcs:who/AIR_15.AGE--Y65T69__ENVCAUSE--ENVCAUSE114__SEX--M,dcid:undata-geo/G00134000,2019,20958.75907
dcs:who/AIR_15.AGE--Y_GE80__ENVCAUSE--ENVCAUSE113__SEX--M,dcid:undata-geo/G00134000,2019,56409.81474
dcs:who/AIR_15.AGE--Y45T49__ENVCAUSE--ENVCAUSE118__SEX--M,dcid:undata-geo/G00134000,2019,3569.66883
dcs:who/AIR_15.AGE--Y35T39__ENVCAUSE--ENVCAUSE114__SEX--M,dcid:undata-geo/G00134000,2019,5761.5657
dcs:who/AIR_15.ENVCAUSE--ENVCAUSE118__SEX--M,dcid:undata-geo/G00134000,2019,120230.8169
dcs:who/AIR_15.AGE--Y75T79__ENVCAUSE--ENVCAUSE114__SEX--M,dcid:undata-geo/G00134000,2019,17158.49494
dcs:who/AIR_15.AGE--Y55T59__ENVCAUSE--ENVCAUSE114__SEX--M,dcid:undata-geo/G00134000,2019,16054.77181
dcs:who/AIR_15.AGE--Y40T44__ENVCAUSE--ENVCAUSE118__SEX--M,dcid:undata-geo/G00134000,2019,2472.64016
dcs:who/AIR_15.AGE--Y75T79__ENVCAUSE--ENVCAUSE118__SEX--M,dcid:undata-geo/G00134000,2019,17617.15503
dcs:who/AIR_15.AGE--Y45T49__ENVCAUSE--ENVCAUSE114__SEX--M,dcid:undata-geo/G00134000,2019,9867.20143
dcs:who/AIR_15.AGE--Y20T24__ENVCAUSE--ENVCAUSE039__SEX--M,dcid:undata-geo/G00134000,2019,7043.07459
dcs:who/AIR_15.AGE--Y30T34__ENVCAUSE--ENVCAUSE114__SEX--M,dcid:undata-geo/G00134000,2019,3966.43938
dcs:who/AIR_15.AGE--Y15T19__ENVCAUSE--ENVCAUSE039__SEX--M,dcid:undata-geo/G00134000,2019,6494.86639
dcs:who/AIR_15.ENVCAUSE--ENVCAUSE114__SEX--M,dcid:undata-geo/G00134000,2019,160676.0858
dcs:who/AIR_15.AGE--Y70T74__ENVCAUSE--ENVCAUSE113__SEX--M,dcid:undata-geo/G00134000,2019,43042.43192
dcs:who/AIR_15.AGE--Y50T54__ENVCAUSE--ENVCAUSE118__SEX--M,dcid:undata-geo/G00134000,2019,5790.7002
dcs:who/AIR_15.AGE--Y65T69__ENVCAUSE--ENVCAUSE118__SEX--M,dcid:undata-geo/G00134000,2019,16353.75698
dcs:who/AIR_15.AGE--Y25T29__ENVCAUSE--ENVCAUSE114__SEX--M,dcid:undata-geo/G00134000,2019,3015.61538
dcs:who/AIR_15.AGE--Y5T9__ENVCAUSE--ENVCAUSE039__SEX--M,dcid:undata-geo/G00134000,2019,6686.24426
dcs:who/AIR_15.AGE--Y30T34__ENVCAUSE--ENVCAUSE118__SEX--M,dcid:undata-geo/G00134000,2019,1589.53244
dcs:who/AIR_15.AGE--Y40T44__ENVCAUSE--ENVCAUSE114__SEX--M,dcid:undata-geo/G00134000,2019,7786.19383
dcs:who/AIR_15.AGE--Y0T4__ENVCAUSE--ENVCAUSE039__SEX--M,dcid:undata-geo/G00134000,2019,153634.6275
dcs:who/AIR_15.AGE--Y25T29__ENVCAUSE--ENVCAUSE039__SEX--M,dcid:undata-geo/G00134000,2019,8690.4826
dcs:who/AIR_15.AGE--Y60T64__ENVCAUSE--ENVCAUSE113__SEX--M,dcid:undata-geo/G00134000,2019,47841.84477
dcs:who/AIR_15.AGE--Y65T69__ENVCAUSE--ENVCAUSE113__SEX--M,dcid:undata-geo/G00134000,2019,50193.72844
dcs:who/AIR_15.AGE--Y50T54__ENVCAUSE--ENVCAUSE114__SEX--M,dcid:undata-geo/G00134000,2019,13457.33318
dcs:who/AIR_15.AGE--Y70T74__ENVCAUSE--ENVCAUSE118__SEX--M,dcid:undata-geo/G00134000,2019,17648.83734
dcs:who/AIR_15.AGE--Y75T79__ENVCAUSE--ENVCAUSE113__SEX--M,dcid:undata-geo/G00134000,2019,36281.89436
dcs:who/AIR_15.AGE--Y_GE80__ENVCAUSE--ENVCAUSE118__SEX--M,dcid:undata-geo/G00134000,2019,30322.17731
dcs:who/AIR_15.AGE--Y70T74__ENVCAUSE--ENVCAUSE114__SEX--M,dcid:undata-geo/G00134000,2019,19497.39394
dcs:who/AIR_15.ENVCAUSE--ENVCAUSE113__SEX--M,dcid:undata-geo/G00134000,2019,378833.4542
dcs:who/AIR_15.AGE--Y60T64__ENVCAUSE--ENVCAUSE068__SEX--F,dcid:undata-geo/G00134000,2019,8310.03091
dcs:who/AIR_15.AGE--Y55T59__ENVCAUSE--ENVCAUSE068__SEX--F,dcid:undata-geo/G00134000,2019,7775.11001
dcs:who/AIR_15.AGE--Y50T54__ENVCAUSE--ENVCAUSE039__SEX--F,dcid:undata-geo/G00134000,2019,10491.92178
dcs:who/AIR_15.SEX--M,dcid:undata-geo/G00134000,2019,1090233.838
dcs:who/AIR_15.AGE--Y50T54__ENVCAUSE--ENVCAUSE113__SEX--M,dcid:undata-geo/G00134000,2019,34578.55554
dcs:who/AIR_15.AGE--Y25T29__ENVCAUSE--ENVCAUSE113__SEX--M,dcid:undata-geo/G00134000,2019,5472.89499
dcs:who/AIR_15.AGE--Y45T49__ENVCAUSE--ENVCAUSE113__SEX--M,dcid:undata-geo/G00134000,2019,24460.25248
dcs:who/AIR_15.AGE--Y40T44__ENVCAUSE--ENVCAUSE068__SEX--F,dcid:undata-geo/G00134000,2019,2147.68051
dcs:who/AIR_15.AGE--Y30T34__ENVCAUSE--ENVCAUSE068__SEX--F,dcid:undata-geo/G00134000,2019,663.56304
dcs:who/AIR_15.AGE--Y25T29__ENVCAUSE--ENVCAUSE068__SEX--F,dcid:undata-geo/G00134000,2019,363.21726
dcs:who/AIR_15.AGE--Y70T74__ENVCAUSE--ENVCAUSE068__SEX--F,dcid:undata-geo/G00134000,2019,6200.58458
dcs:who/AIR_15.AGE--Y40T44__ENVCAUSE--ENVCAUSE113__SEX--M,dcid:undata-geo/G00134000,2019,17855.92706
dcs:who/AIR_15.AGE--Y_GE80__ENVCAUSE--ENVCAUSE039__SEX--F,dcid:undata-geo/G00134000,2019,50661.37049
dcs:who/AIR_15.AGE--Y65T69__ENVCAUSE--ENVCAUSE039__SEX--F,dcid:undata-geo/G00134000,2019,16946.52583
dcs:who/AIR_15.AGE--Y65T69__ENVCAUSE--ENVCAUSE068__SEX--F,dcid:undata-geo/G00134000,2019,7867.77168
dcs:who/AIR_15.AGE--Y75T79__ENVCAUSE--ENVCAUSE068__SEX--F,dcid:undata-geo/G00134000,2019,4670.83384
dcs:who/AIR_15.AGE--Y35T39__ENVCAUSE--ENVCAUSE113__SEX--M,dcid:undata-geo/G00134000,2019,12345.28602
dcs:who/AIR_15.AGE--Y30T34__ENVCAUSE--ENVCAUSE113__SEX--M,dcid:undata-geo/G00134000,2019,8035.47291
dcs:who/AIR_15.AGE--Y35T39__ENVCAUSE--ENVCAUSE068__SEX--F,dcid:undata-geo/G00134000,2019,1079.26945
dcs:who/AIR_15.AGE--Y50T54__ENVCAUSE--ENVCAUSE068__SEX--F,dcid:undata-geo/G00134000,2019,5520.69123
dcs:who/AIR_15.AGE--Y60T64__ENVCAUSE--ENVCAUSE039__SEX--F,dcid:undata-geo/G00134000,2019,14290.38682
dcs:who/AIR_15.AGE--Y45T49__ENVCAUSE--ENVCAUSE068__SEX--F,dcid:undata-geo/G00134000,2019,3479.54273
dcs:who/AIR_15.AGE--Y55T59__ENVCAUSE--ENVCAUSE039__SEX--F,dcid:undata-geo/G00134000,2019,12892.66281
dcs:who/AIR_15.AGE--Y70T74__ENVCAUSE--ENVCAUSE039__SEX--F,dcid:undata-geo/G00134000,2019,17475.51923
dcs:who/AIR_15.AGE--Y_GE80__ENVCAUSE--ENVCAUSE068__SEX--F,dcid:undata-geo/G00134000,2019,4564.95952
dcs:who/AIR_15.AGE--Y75T79__ENVCAUSE--ENVCAUSE039__SEX--F,dcid:undata-geo/G00134000,2019,19849.47798
dcs:who/AIR_15.ENVCAUSE--ENVCAUSE039__SEX--F,dcid:undata-geo/G00134000,2019,321500.2752
dcs:who/AIR_15.ENVCAUSE--ENVCAUSE068__SEX--F,dcid:undata-geo/G00134000,2019,52643.25472
dcs:who/AIR_15.AGE--Y60T64__ENVCAUSE--ENVCAUSE118__SEX--F,dcid:undata-geo/G00134000,2019,12912.55412
dcs:who/AIR_15.AGE--Y25T29__ENVCAUSE--ENVCAUSE118__SEX--F,dcid:undata-geo/G00134000,2019,1664.3359
dcs:who/AIR_15.AGE--Y50T54__ENVCAUSE--ENVCAUSE114__SEX--F,dcid:undata-geo/G00134000,2019,17261.23953
dcs:who/AIR_15.AGE--Y15T19__ENVCAUSE--ENVCAUSE039__SEX--F,dcid:undata-geo/G00134000,2019,5186.31899
dcs:who/AIR_15.AGE--Y10T14__ENVCAUSE--ENVCAUSE039__SEX--F,dcid:undata-geo/G00134000,2019,5427.91201
dcs:who/AIR_15.AGE--Y50T54__ENVCAUSE--ENVCAUSE118__SEX--F,dcid:undata-geo/G00134000,2019,6821.89407
dcs:who/AIR_15.AGE--Y65T69__ENVCAUSE--ENVCAUSE118__SEX--F,dcid:undata-geo/G00134000,2019,14862.10216
dcs:who/AIR_15.AGE--Y35T39__ENVCAUSE--ENVCAUSE114__SEX--F,dcid:undata-geo/G00134000,2019,8321.96178
dcs:who/AIR_15.ENVCAUSE--ENVCAUSE118__SEX--F,dcid:undata-geo/G00134000,2019,129014.8753
dcs:who/AIR_15.ENVCAUSE--ENVCAUSE114__SEX--F,dcid:undata-geo/G00134000,2019,206334.5019
dcs:who/AIR_15.AGE--Y65T69__ENVCAUSE--ENVCAUSE114__SEX--F,dcid:undata-geo/G00134000,2019,22933.93575
dcs:who/AIR_15.AGE--Y60T64__ENVCAUSE--ENVCAUSE114__SEX--F,dcid:undata-geo/G00134000,2019,21372.73984
dcs:who/AIR_15.AGE--Y5T9__ENVCAUSE--ENVCAUSE039__SEX--F,dcid:undata-geo/G00134000,2019,8172.07374
dcs:who/AIR_15.AGE--Y40T44__ENVCAUSE--ENVCAUSE039__SEX--F,dcid:undata-geo/G00134000,2019,7783.50568
dcs:who/AIR_15.AGE--Y30T34__ENVCAUSE--ENVCAUSE114__SEX--F,dcid:undata-geo/G00134000,2019,5766.18877
dcs:who/AIR_15.AGE--Y25T29__ENVCAUSE--ENVCAUSE114__SEX--F,dcid:undata-geo/G00134000,2019,4247.04909
dcs:who/AIR_15.AGE--Y55T59__ENVCAUSE--ENVCAUSE114__SEX--F,dcid:undata-geo/G00134000,2019,19358.21183
dcs:who/AIR_15.AGE--Y25T29__ENVCAUSE--ENVCAUSE039__SEX--F,dcid:undata-geo/G00134000,2019,6106.01722
dcs:who/AIR_15.AGE--Y20T24__ENVCAUSE--ENVCAUSE039__SEX--F,dcid:undata-geo/G00134000,2019,5438.74049
dcs:who/AIR_15.AGE--Y35T39__ENVCAUSE--ENVCAUSE039__SEX--F,dcid:undata-geo/G00134000,2019,7453.74614
dcs:who/AIR_15.AGE--Y30T34__ENVCAUSE--ENVCAUSE118__SEX--F,dcid:undata-geo/G00134000,2019,1975.45026
dcs:who/AIR_15.AGE--Y45T49__ENVCAUSE--ENVCAUSE118__SEX--F,dcid:undata-geo/G00134000,2019,4300.18518
dcs:who/AIR_15.AGE--Y35T39__ENVCAUSE--ENVCAUSE118__SEX--F,dcid:undata-geo/G00134000,2019,2426.52411
dcs:who/AIR_15.AGE--Y45T49__ENVCAUSE--ENVCAUSE039__SEX--F,dcid:undata-geo/G00134000,2019,8635.61755
dcs:who/AIR_15.AGE--Y70T74__ENVCAUSE--ENVCAUSE114__SEX--F,dcid:undata-geo/G00134000,2019,22548.52032
dcs:who/AIR_15.AGE--Y0T4__ENVCAUSE--ENVCAUSE039__SEX--F,dcid:undata-geo/G00134000,2019,118372.06
dcs:who/AIR_15.AGE--Y55T59__ENVCAUSE--ENVCAUSE118__SEX--F,dcid:undata-geo/G00134000,2019,9735.81218
dcs:who/AIR_15.AGE--Y75T79__ENVCAUSE--ENVCAUSE118__SEX--F,dcid:undata-geo/G00134000,2019,16977.27209
dcs:who/AIR_15.AGE--Y_GE80__ENVCAUSE--ENVCAUSE118__SEX--F,dcid:undata-geo/G00134000,2019,37964.06059
dcs:who/AIR_15.AGE--Y_GE80__ENVCAUSE--ENVCAUSE114__SEX--F,dcid:undata-geo/G00134000,2019,38109.41829
dcs:who/AIR_15.AGE--Y40T44__ENVCAUSE--ENVCAUSE118__SEX--F,dcid:undata-geo/G00134000,2019,3073.08621
dcs:who/AIR_15.AGE--Y30T34__ENVCAUSE--ENVCAUSE039__SEX--F,dcid:undata-geo/G00134000,2019,6316.41919
dcs:who/AIR_15.AGE--Y70T74__ENVCAUSE--ENVCAUSE118__SEX--F,dcid:undata-geo/G00134000,2019,16301.5996
dcs:who/AIR_15.AGE--Y40T44__ENVCAUSE--ENVCAUSE114__SEX--F,dcid:undata-geo/G00134000,2019,10806.75033
dcs:who/AIR_15.AGE--Y45T49__ENVCAUSE--ENVCAUSE114__SEX--F,dcid:undata-geo/G00134000,2019,13265.28154
dcs:who/AIR_15.AGE--Y75T79__ENVCAUSE--ENVCAUSE114__SEX--F,dcid:undata-geo/G00134000,2019,22343.20538
dcs:who/AIR_15.AGE--Y65T69__ENVCAUSE--ENVCAUSE104__SEX--F,dcid:undata-geo/G00134000,2019,1947.45419
dcs:who/AIR_15.AGE--Y70T74__ENVCAUSE--ENVCAUSE104__SEX--F,dcid:undata-geo/G00134000,2019,2111.47428
dcs:who/AIR_15.AGE--Y40T44__ENVCAUSE--ENVCAUSE104__SEX--F,dcid:undata-geo/G00134000,2019,226.35189
dcs:who/AIR_15.AGE--Y30T34__ENVCAUSE--ENVCAUSE113__SEX--F,dcid:undata-geo/G00134000,2019,4322.40133
dcs:who/AIR_15.AGE--Y_GE80__ENVCAUSE--ENVCAUSE104__SEX--F,dcid:undata-geo/G00134000,2019,4072.12456
dcs:who/AIR_15.AGE--Y35T39__ENVCAUSE--ENVCAUSE113__SEX--F,dcid:undata-geo/G00134000,2019,6688.44834
dcs:who/AIR_15.AGE--Y_GE80__ENVCAUSE--ENVCAUSE113__SEX--F,dcid:undata-geo/G00134000,2019,74510.19343
dcs:who/AIR_15.AGE--Y60T64__ENVCAUSE--ENVCAUSE104__SEX--F,dcid:undata-geo/G00134000,2019,1408.78217
dcs:who/AIR_15.AGE--Y40T44__ENVCAUSE--ENVCAUSE113__SEX--F,dcid:undata-geo/G00134000,2019,10147.85339
dcs:who/AIR_15.AGE--Y25T29__ENVCAUSE--ENVCAUSE113__SEX--F,dcid:undata-geo/G00134000,2019,2787.47162
dcs:who/AIR_15.AGE--Y75T79__ENVCAUSE--ENVCAUSE104__SEX--F,dcid:undata-geo/G00134000,2019,2158.9067
dcs:who/AIR_15.AGE--Y55T59__ENVCAUSE--ENVCAUSE104__SEX--F,dcid:undata-geo/G00134000,2019,981.60897
dcs:who/AIR_15.AGE--Y65T69__ENVCAUSE--ENVCAUSE113__SEX--F,dcid:undata-geo/G00134000,2019,36796.25422
dcs:who/AIR_15.AGE--Y50T54__ENVCAUSE--ENVCAUSE104__SEX--F,dcid:undata-geo/G00134000,2019,636.66476
dcs:who/AIR_15.ENVCAUSE--ENVCAUSE104__SEX--F,dcid:undata-geo/G00134000,2019,14151.60466
dcs:who/AIR_15.AGE--Y50T54__ENVCAUSE--ENVCAUSE113__SEX--F,dcid:undata-geo/G00134000,2019,20867.78014
dcs:who/AIR_15.AGE--Y45T49__ENVCAUSE--ENVCAUSE113__SEX--F,dcid:undata-geo/G00134000,2019,14195.24506
dcs:who/AIR_15.AGE--Y55T59__ENVCAUSE--ENVCAUSE113__SEX--F,dcid:undata-geo/G00134000,2019,26756.92006
dcs:who/AIR_15.AGE--Y60T64__ENVCAUSE--ENVCAUSE113__SEX--F,dcid:undata-geo/G00134000,2019,32950.09187
dcs:who/AIR_15.AGE--Y70T74__ENVCAUSE--ENVCAUSE113__SEX--F,dcid:undata-geo/G00134000,2019,35497.49839
dcs:who/AIR_15.AGE--Y45T49__ENVCAUSE--ENVCAUSE104__SEX--F,dcid:undata-geo/G00134000,2019,407.8555
dcs:who/AIR_15.ENVCAUSE--ENVCAUSE113__SEX--F,dcid:undata-geo/G00134000,2019,300407.2861
dcs:who/AIR_15.AGE--Y75T79__ENVCAUSE--ENVCAUSE113__SEX--F,dcid:undata-geo/G00134000,2019,34887.13003
dcs:who/AIR_15.AGE--Y65T69__ENVCAUSE--ENVCAUSE068,dcid:undata-geo/G00134000,2019,17536.57607
dcs:who/AIR_15.AGE--Y65T69__ENVCAUSE--ENVCAUSE039,dcid:undata-geo/G00134000,2019,36655.76655
dcs:who/AIR_15.AGE--Y75T79__ENVCAUSE--ENVCAUSE068,dcid:undata-geo/G00134000,2019,10665.52248
dcs:who/AIR_15.AGE--Y35T39__ENVCAUSE--ENVCAUSE068,dcid:undata-geo/G00134000,2019,2018.03533
dcs:who/AIR_15.AGE--Y_GE80__ENVCAUSE--ENVCAUSE068,dcid:undata-geo/G00134000,2019,9998.84826
dcs:who/AIR_15.AGE--Y55T59__ENVCAUSE--ENVCAUSE118,dcid:undata-geo/G00134000,2019,18296.75184
dcs:who/AIR_15.AGE--Y60T64__ENVCAUSE--ENVCAUSE118,dcid:undata-geo/G00134000,2019,25770.77799
dcs:who/AIR_15.AGE--Y70T74__ENVCAUSE--ENVCAUSE118,dcid:undata-geo/G00134000,2019,33950.43661
dcs:who/AIR_15.AGE--Y40T44__ENVCAUSE--ENVCAUSE068,dcid:undata-geo/G00134000,2019,3754.3124
dcs:who/AIR_15.AGE--Y70T74__ENVCAUSE--ENVCAUSE039,dcid:undata-geo/G00134000,2019,36706.48237
dcs:who/AIR_15.AGE--Y55T59__ENVCAUSE--ENVCAUSE039,dcid:undata-geo/G00134000,2019,28745.89433
dcs:who/AIR_15.ENVCAUSE--ENVCAUSE068,dcid:undata-geo/G00134000,2019,109837.941
dcs:who/AIR_15.AGE--Y50T54__ENVCAUSE--ENVCAUSE118,dcid:undata-geo/G00134000,2019,12612.59405
dcs:who/AIR_15.AGE--Y75T79__ENVCAUSE--ENVCAUSE118,dcid:undata-geo/G00134000,2019,34594.42743
dcs:who/AIR_15.AGE--Y15T19__ENVCAUSE--ENVCAUSE039,dcid:undata-geo/G00134000,2019,11681.18525
dcs:who/AIR_15.AGE--Y25T29__ENVCAUSE--ENVCAUSE104__SEX--F,dcid:undata-geo/G00134000,2019,22.91486
dcs:who/AIR_15.AGE--Y0T4__ENVCAUSE--ENVCAUSE039,dcid:undata-geo/G00134000,2019,272006.6861
dcs:who/AIR_15.ENVCAUSE--ENVCAUSE039,dcid:undata-geo/G00134000,2019,694799.0723
dcs:who/AIR_15.AGE--Y60T64__ENVCAUSE--ENVCAUSE068,dcid:undata-geo/G00134000,2019,17722.85227
dcs:who/AIR_15.AGE--Y70T74__ENVCAUSE--ENVCAUSE068,dcid:undata-geo/G00134000,2019,14508.63432
dcs:who/AIR_15.AGE--Y25T29__ENVCAUSE--ENVCAUSE039,dcid:undata-geo/G00134000,2019,14796.5
dcs:who/AIR_15.AGE--Y10T14__ENVCAUSE--ENVCAUSE039,dcid:undata-geo/G00134000,2019,10014.67088
dcs:who/AIR_15.AGE--Y30T34__ENVCAUSE--ENVCAUSE068,dcid:undata-geo/G00134000,2019,1346.88766
dcs:who/AIR_15.AGE--Y35T39__ENVCAUSE--ENVCAUSE104__SEX--F,dcid:undata-geo/G00134000,2019,117.68684
dcs:who/AIR_15.AGE--Y_GE80__ENVCAUSE--ENVCAUSE118,dcid:undata-geo/G00134000,2019,68286.23761
dcs:who/AIR_15.AGE--Y45T49__ENVCAUSE--ENVCAUSE068,dcid:undata-geo/G00134000,2019,5947.12217
dcs:who/AIR_15.AGE--Y55T59__ENVCAUSE--ENVCAUSE068,dcid:undata-geo/G00134000,2019,15270.49119
dcs:who/AIR_15.AGE--Y60T64__ENVCAUSE--ENVCAUSE039,dcid:undata-geo/G00134000,2019,31780.20516
dcs:who/AIR_15.AGE--Y20T24__ENVCAUSE--ENVCAUSE039,dcid:undata-geo/G00134000,2019,12481.81507
dcs:who/AIR_15.AGE--Y40T44__ENVCAUSE--ENVCAUSE039,dcid:undata-geo/G00134000,2019,19346.9813
dcs:who/AIR_15.AGE--Y30T34__ENVCAUSE--ENVCAUSE104__SEX--F,dcid:undata-geo/G00134000,2019,59.77988
dcs:who/AIR_15.ENVCAUSE--ENVCAUSE118,dcid:undata-geo/G00134000,2019,249245.6945
dcs:who/AIR_15.AGE--Y50T54__ENVCAUSE--ENVCAUSE068,dcid:undata-geo/G00134000,2019,10229.96035
dcs:who/AIR_15.AGE--Y65T69__ENVCAUSE--ENVCAUSE118,dcid:undata-geo/G00134000,2019,31215.8597
dcs:who/AIR_15.AGE--Y35T39__ENVCAUSE--ENVCAUSE039,dcid:undata-geo/G00134000,2019,18256.1556
dcs:who/AIR_15.AGE--Y30T34__ENVCAUSE--ENVCAUSE039,dcid:undata-geo/G00134000,2019,14895.417
dcs:who/AIR_15.SEX--F,dcid:undata-geo/G00134000,2019,1024051.804
dcs:who/AIR_15.AGE--Y50T54__ENVCAUSE--ENVCAUSE039,dcid:undata-geo/G00134000,2019,24697.80374
dcs:who/AIR_15.AGE--Y75T79__ENVCAUSE--ENVCAUSE039,dcid:undata-geo/G00134000,2019,38728.0289
dcs:who/AIR_15.AGE--Y_GE80__ENVCAUSE--ENVCAUSE039,dcid:undata-geo/G00134000,2019,88318.60014
dcs:who/AIR_15.AGE--Y5T9__ENVCAUSE--ENVCAUSE039,dcid:undata-geo/G00134000,2019,14858.31827
dcs:who/AIR_15.AGE--Y25T29__ENVCAUSE--ENVCAUSE068,dcid:undata-geo/G00134000,2019,838.69722
dcs:who/AIR_15.AGE--Y45T49__ENVCAUSE--ENVCAUSE039,dcid:undata-geo/G00134000,2019,20828.56549
dcs:who/AIR_15.AGE--Y50T54__ENVCAUSE--ENVCAUSE113,dcid:undata-geo/G00134000,2019,55446.33525
dcs:who/AIR_15.AGE--Y70T74__ENVCAUSE--ENVCAUSE113,dcid:undata-geo/G00134000,2019,78539.92923
dcs:who/AIR_15.AGE--Y55T59__ENVCAUSE--ENVCAUSE113,dcid:undata-geo/G00134000,2019,69072.27444
dcs:who/AIR_15.AGE--Y65T69__ENVCAUSE--ENVCAUSE113,dcid:undata-geo/G00134000,2019,86989.98405
dcs:who/AIR_15.AGE--Y35T39__ENVCAUSE--ENVCAUSE114,dcid:undata-geo/G00134000,2019,14083.52748
dcs:who/AIR_15.AGE--Y25T29__ENVCAUSE--ENVCAUSE114,dcid:undata-geo/G00134000,2019,7262.66452
dcs:who/AIR_15.AGE--Y30T34__ENVCAUSE--ENVCAUSE114,dcid:undata-geo/G00134000,2019,9732.628
dcs:who/AIR_15.AGE--Y45T49__ENVCAUSE--ENVCAUSE118,dcid:undata-geo/G00134000,2019,7869.85415
dcs:who/AIR_15.AGE--Y40T44__ENVCAUSE--ENVCAUSE113,dcid:undata-geo/G00134000,2019,28003.7803
dcs:who/AIR_15.AGE--Y75T79__ENVCAUSE--ENVCAUSE114,dcid:undata-geo/G00134000,2019,39501.69978
dcs:who/AIR_15.ENVCAUSE--ENVCAUSE113,dcid:undata-geo/G00134000,2019,679240.7475
dcs:who/AIR_15.AGE--Y65T69__ENVCAUSE--ENVCAUSE114,dcid:undata-geo/G00134000,2019,43892.6947
dcs:who/AIR_15.AGE--Y35T39__ENVCAUSE--ENVCAUSE118,dcid:undata-geo/G00134000,2019,4522.96974
dcs:who/AIR_15.AGE--Y30T34__ENVCAUSE--ENVCAUSE118,dcid:undata-geo/G00134000,2019,3564.98275
dcs:who/AIR_15.AGE--Y40T44__ENVCAUSE--ENVCAUSE114,dcid:undata-geo/G00134000,2019,18592.94394
dcs:who/AIR_15.AGE--Y_GE80__ENVCAUSE--ENVCAUSE113,dcid:undata-geo/G00134000,2019,130920.0088
dcs:who/AIR_15.ENVCAUSE--ENVCAUSE114,dcid:undata-geo/G00134000,2019,367010.5846
dcs:who/AIR_15.AGE--Y45T49__ENVCAUSE--ENVCAUSE113,dcid:undata-geo/G00134000,2019,38655.4985
dcs:who/AIR_15.AGE--Y60T64__ENVCAUSE--ENVCAUSE114,dcid:undata-geo/G00134000,2019,40992.47166
dcs:who/AIR_15.AGE--Y_GE80__ENVCAUSE--ENVCAUSE114,dcid:undata-geo/G00134000,2019,61642.00085
dcs:who/AIR_15.AGE--Y75T79__ENVCAUSE--ENVCAUSE113,dcid:undata-geo/G00134000,2019,71169.02518
dcs:who/AIR_15.AGE--Y70T74__ENVCAUSE--ENVCAUSE114,dcid:undata-geo/G00134000,2019,42045.91466
dcs:who/AIR_15.AGE--Y40T44__ENVCAUSE--ENVCAUSE118,dcid:undata-geo/G00134000,2019,5545.72652
dcs:who/AIR_15.AGE--Y50T54__ENVCAUSE--ENVCAUSE114,dcid:undata-geo/G00134000,2019,30718.57214
dcs:who/AIR_15.AGE--Y60T64__ENVCAUSE--ENVCAUSE113,dcid:undata-geo/G00134000,2019,80791.93557
dcs:who/AIR_15.AGE--Y45T49__ENVCAUSE--ENVCAUSE114,dcid:undata-geo/G00134000,2019,23132.48275
dcs:who/AIR_15.AGE--Y25T29__ENVCAUSE--ENVCAUSE118,dcid:undata-geo/G00134000,2019,3015.07641
dcs:who/AIR_15.AGE--Y55T59__ENVCAUSE--ENVCAUSE114,dcid:undata-geo/G00134000,2019,35412.98392
dcs:who/AIR_15,dcid:undata-geo/G00134000,2019,2114285.638
dcs:who/AIR_15.AGE--Y70T74__ENVCAUSE--ENVCAUSE104,dcid:undata-geo/G00134000,2019,2111.47428
dcs:who/AIR_15.AGE--Y75T79__ENVCAUSE--ENVCAUSE104,dcid:undata-geo/G00134000,2019,2158.9067
dcs:who/AIR_15.AGE--Y25T29__ENVCAUSE--ENVCAUSE104,dcid:undata-geo/G00134000,2019,22.91486
dcs:who/AIR_15.AGE--Y_GE80__ENVCAUSE--ENVCAUSE104,dcid:undata-geo/G00134000,2019,4072.12456
dcs:who/AIR_15.AGE--Y35T39__ENVCAUSE--ENVCAUSE113,dcid:undata-geo/G00134000,2019,19033.73409
dcs:who/AIR_15.AGE--Y35T39__ENVCAUSE--ENVCAUSE104,dcid:undata-geo/G00134000,2019,117.68684
dcs:who/AIR_15.AGE--Y65T69__ENVCAUSE--ENVCAUSE104,dcid:undata-geo/G00134000,2019,1947.45419
dcs:who/AIR_15.AGE--Y40T44__ENVCAUSE--ENVCAUSE104,dcid:undata-geo/G00134000,2019,226.35189
dcs:who/AIR_15.AGE--Y30T34__ENVCAUSE--ENVCAUSE104,dcid:undata-geo/G00134000,2019,59.77988
dcs:who/AIR_15.AGE--Y60T64__ENVCAUSE--ENVCAUSE104,dcid:undata-geo/G00134000,2019,1408.78217
dcs:who/AIR_15.AGE--Y45T49__ENVCAUSE--ENVCAUSE104,dcid:undata-geo/G00134000,2019,407.8555
dcs:who/AIR_15.ENVCAUSE--ENVCAUSE104,dcid:undata-geo/G00134000,2019,14151.60466
dcs:who/AIR_15.AGE--Y50T54__ENVCAUSE--ENVCAUSE104,dcid:undata-geo/G00134000,2019,636.66476
dcs:who/AIR_15.AGE--Y55T59__ENVCAUSE--ENVCAUSE104,dcid:undata-geo/G00134000,2019,981.60897
dcs:who/AIR_15.AGE--Y30T34__ENVCAUSE--ENVCAUSE113,dcid:undata-geo/G00134000,2019,12357.87427
dcs:who/AIR_15.AGE--Y25T29__ENVCAUSE--ENVCAUSE113,dcid:undata-geo/G00134000,2019,8260.3666
dcs:who/AIR_15.AGE--Y30T34__ENVCAUSE--ENVCAUSE068__SEX--M,dcid:undata-geo/G00136000,2019,0.0
dcs:who/AIR_15.ENVCAUSE--ENVCAUSE068__SEX--M,dcid:undata-geo/G00136000,2019,0.0
dcs:who/AIR_15.AGE--Y45T49__ENVCAUSE--ENVCAUSE068__SEX--M,dcid:undata-geo/G00136000,2019,0.0
dcs:who/AIR_15.AGE--Y60T64__ENVCAUSE--ENVCAUSE068__SEX--M,dcid:undata-geo/G00136000,2019,0.0
dcs:who/AIR_15.AGE--Y50T54__ENVCAUSE--ENVCAUSE068__SEX--M,dcid:undata-geo/G00136000,2019,0.0
dcs:who/AIR_15.AGE--Y35T39__ENVCAUSE--ENVCAUSE068__SEX--M,dcid:undata-geo/G00136000,2019,0.0
dcs:who/AIR_15.AGE--Y55T59__ENVCAUSE--ENVCAUSE068__SEX--M,dcid:undata-geo/G00136000,2019,0.0
dcs:who/AIR_15.AGE--Y_GE80__ENVCAUSE--ENVCAUSE068__SEX--M,dcid:undata-geo/G00136000,2019,0.0
dcs:who/AIR_15.AGE--Y40T44__ENVCAUSE--ENVCAUSE068__SEX--M,dcid:undata-geo/G00136000,2019,0.0
dcs:who/AIR_15.AGE--Y70T74__ENVCAUSE--ENVCAUSE068__SEX--M,dcid:undata-geo/G00136000,2019,0.0
dcs:who/AIR_15.AGE--Y25T29__ENVCAUSE--ENVCAUSE068__SEX--M,dcid:undata-geo/G00136000,2019,0.0
dcs:who/AIR_15.AGE--Y75T79__ENVCAUSE--ENVCAUSE068__SEX--M,dcid:undata-geo/G00136000,2019,0.0
dcs:who/AIR_15.AGE--Y65T69__ENVCAUSE--ENVCAUSE068__SEX--M,dcid:undata-geo/G00136000,2019,0.0
dcs:who/AIR_15.AGE--Y65T69__ENVCAUSE--ENVCAUSE118__SEX--M,dcid:undata-geo/G00136000,2019,0.0
dcs:who/AIR_15.AGE--Y10T14__ENVCAUSE--ENVCAUSE039__SEX--M,dcid:undata-geo/G00136000,2019,0.0
dcs:who/AIR_15.AGE--Y35T39__ENVCAUSE--ENVCAUSE039__SEX--M,dcid:undata-geo/G00136000,2019,0.0
dcs:who/AIR_15.AGE--Y30T34__ENVCAUSE--ENVCAUSE039__SEX--M,dcid:undata-geo/G00136000,2019,0.0
dcs:who/AIR_15.AGE--Y40T44__ENVCAUSE--ENVCAUSE039__SEX--M,dcid:undata-geo/G00136000,2019,0.0
dcs:who/AIR_15.AGE--Y60T64__ENVCAUSE--ENVCAUSE118__SEX--M,dcid:undata-geo/G00136000,2019,0.0
dcs:who/AIR_15.AGE--Y55T59__ENVCAUSE--ENVCAUSE039__SEX--M,dcid:undata-geo/G00136000,2019,0.0
dcs:who/AIR_15.AGE--Y70T74__ENVCAUSE--ENVCAUSE039__SEX--M,dcid:undata-geo/G00136000,2019,0.0
dcs:who/AIR_15.ENVCAUSE--ENVCAUSE039__SEX--M,dcid:undata-geo/G00136000,2019,0.0
dcs:who/AIR_15.AGE--Y_GE80__ENVCAUSE--ENVCAUSE118__SEX--M,dcid:undata-geo/G00136000,2019,0.0
dcs:who/AIR_15.AGE--Y65T69__ENVCAUSE--ENVCAUSE039__SEX--M,dcid:undata-geo/G00136000,2019,0.0
dcs:who/AIR_15.AGE--Y75T79__ENVCAUSE--ENVCAUSE118__SEX--M,dcid:undata-geo/G00136000,2019,0.0
dcs:who/AIR_15.AGE--Y50T54__ENVCAUSE--ENVCAUSE118__SEX--M,dcid:undata-geo/G00136000,2019,0.0
dcs:who/AIR_15.AGE--Y50T54__ENVCAUSE--ENVCAUSE039__SEX--M,dcid:undata-geo/G00136000,2019,0.0
dcs:who/AIR_15.AGE--Y60T64__ENVCAUSE--ENVCAUSE039__SEX--M,dcid:undata-geo/G00136000,2019,0.0
dcs:who/AIR_15.AGE--Y15T19__ENVCAUSE--ENVCAUSE039__SEX--M,dcid:undata-geo/G00136000,2019,0.0
dcs:who/AIR_15.AGE--Y70T74__ENVCAUSE--ENVCAUSE118__SEX--M,dcid:undata-geo/G00136000,2019,0.0
dcs:who/AIR_15.AGE--Y25T29__ENVCAUSE--ENVCAUSE039__SEX--M,dcid:undata-geo/G00136000,2019,0.0
dcs:who/AIR_15.AGE--Y20T24__ENVCAUSE--ENVCAUSE039__SEX--M,dcid:undata-geo/G00136000,2019,0.0
dcs:who/AIR_15.AGE--Y75T79__ENVCAUSE--ENVCAUSE039__SEX--M,dcid:undata-geo/G00136000,2019,0.0
dcs:who/AIR_15.AGE--Y5T9__ENVCAUSE--ENVCAUSE039__SEX--M,dcid:undata-geo/G00136000,2019,0.0
dcs:who/AIR_15.AGE--Y_GE80__ENVCAUSE--ENVCAUSE039__SEX--M,dcid:undata-geo/G00136000,2019,0.0
dcs:who/AIR_15.AGE--Y55T59__ENVCAUSE--ENVCAUSE118__SEX--M,dcid:undata-geo/G00136000,2019,0.0
dcs:who/AIR_15.AGE--Y45T49__ENVCAUSE--ENVCAUSE039__SEX--M,dcid:undata-geo/G00136000,2019,0.0
dcs:who/AIR_15.ENVCAUSE--ENVCAUSE118__SEX--M,dcid:undata-geo/G00136000,2019,0.0
dcs:who/AIR_15.AGE--Y45T49__ENVCAUSE--ENVCAUSE118__SEX--M,dcid:undata-geo/G00136000,2019,0.0
dcs:who/AIR_15.AGE--Y0T4__ENVCAUSE--ENVCAUSE039__SEX--M,dcid:undata-geo/G00136000,2019,0.0
dcs:who/AIR_15.ENVCAUSE--ENVCAUSE068__SEX--F,dcid:undata-geo/G00136000,2019,0.0
dcs:who/AIR_15.AGE--Y25T29__ENVCAUSE--ENVCAUSE113__SEX--M,dcid:undata-geo/G00136000,2019,0.0
dcs:who/AIR_15.AGE--Y70T74__ENVCAUSE--ENVCAUSE114__SEX--M,dcid:undata-geo/G00136000,2019,0.0
dcs:who/AIR_15.AGE--Y55T59__ENVCAUSE--ENVCAUSE068__SEX--F,dcid:undata-geo/G00136000,2019,0.0
dcs:who/AIR_15.AGE--Y55T59__ENVCAUSE--ENVCAUSE113__SEX--M,dcid:undata-geo/G00136000,2019,0.0
dcs:who/AIR_15.AGE--Y50T54__ENVCAUSE--ENVCAUSE068__SEX--F,dcid:undata-geo/G00136000,2019,0.0
dcs:who/AIR_15.AGE--Y35T39__ENVCAUSE--ENVCAUSE068__SEX--F,dcid:undata-geo/G00136000,2019,0.0
dcs:who/AIR_15.AGE--Y_GE80__ENVCAUSE--ENVCAUSE114__SEX--M,dcid:undata-geo/G00136000,2019,0.0
dcs:who/AIR_15.AGE--Y60T64__ENVCAUSE--ENVCAUSE068__SEX--F,dcid:undata-geo/G00136000,2019,0.0
dcs:who/AIR_15.AGE--Y55T59__ENVCAUSE--ENVCAUSE039__SEX--F,dcid:undata-geo/G00136000,2019,0.0
dcs:who/AIR_15.AGE--Y50T54__ENVCAUSE--ENVCAUSE114__SEX--M,dcid:undata-geo/G00136000,2019,0.0
dcs:who/AIR_15.AGE--Y25T29__ENVCAUSE--ENVCAUSE068__SEX--F,dcid:undata-geo/G00136000,2019,0.0
dcs:who/AIR_15.AGE--Y_GE80__ENVCAUSE--ENVCAUSE113__SEX--M,dcid:undata-geo/G00136000,2019,0.0
dcs:who/AIR_15.AGE--Y25T29__ENVCAUSE--ENVCAUSE118__SEX--M,dcid:undata-geo/G00136000,2019,0.0
dcs:who/AIR_15.AGE--Y40T44__ENVCAUSE--ENVCAUSE118__SEX--M,dcid:undata-geo/G00136000,2019,0.0
dcs:who/AIR_15.AGE--Y70T74__ENVCAUSE--ENVCAUSE039__SEX--F,dcid:undata-geo/G00136000,2019,0.0
dcs:who/AIR_15.AGE--Y50T54__ENVCAUSE--ENVCAUSE113__SEX--M,dcid:undata-geo/G00136000,2019,0.0
dcs:who/AIR_15.AGE--Y70T74__ENVCAUSE--ENVCAUSE068__SEX--F,dcid:undata-geo/G00136000,2019,0.0
dcs:who/AIR_15.AGE--Y35T39__ENVCAUSE--ENVCAUSE113__SEX--M,dcid:undata-geo/G00136000,2019,0.0
dcs:who/AIR_15.AGE--Y40T44__ENVCAUSE--ENVCAUSE114__SEX--M,dcid:undata-geo/G00136000,2019,0.0
dcs:who/AIR_15.AGE--Y25T29__ENVCAUSE--ENVCAUSE114__SEX--M,dcid:undata-geo/G00136000,2019,0.0
dcs:who/AIR_15.AGE--Y40T44__ENVCAUSE--ENVCAUSE068__SEX--F,dcid:undata-geo/G00136000,2019,0.0
dcs:who/AIR_15.AGE--Y65T69__ENVCAUSE--ENVCAUSE113__SEX--M,dcid:undata-geo/G00136000,2019,0.0
dcs:who/AIR_15.AGE--Y40T44__ENVCAUSE--ENVCAUSE113__SEX--M,dcid:undata-geo/G00136000,2019,0.0
dcs:who/AIR_15.SEX--M,dcid:undata-geo/G00136000,2019,0.0
dcs:who/AIR_15.AGE--Y65T69__ENVCAUSE--ENVCAUSE114__SEX--M,dcid:undata-geo/G00136000,2019,0.0
dcs:who/AIR_15.AGE--Y45T49__ENVCAUSE--ENVCAUSE114__SEX--M,dcid:undata-geo/G00136000,2019,0.0
dcs:who/AIR_15.AGE--Y75T79__ENVCAUSE--ENVCAUSE114__SEX--M,dcid:undata-geo/G00136000,2019,0.0
dcs:who/AIR_15.AGE--Y30T34__ENVCAUSE--ENVCAUSE118__SEX--M,dcid:undata-geo/G00136000,2019,0.0
dcs:who/AIR_15.AGE--Y30T34__ENVCAUSE--ENVCAUSE068__SEX--F,dcid:undata-geo/G00136000,2019,0.0
dcs:who/AIR_15.AGE--Y75T79__ENVCAUSE--ENVCAUSE068__SEX--F,dcid:undata-geo/G00136000,2019,0.0
dcs:who/AIR_15.AGE--Y30T34__ENVCAUSE--ENVCAUSE113__SEX--M,dcid:undata-geo/G00136000,2019,0.0
dcs:who/AIR_15.AGE--Y60T64__ENVCAUSE--ENVCAUSE113__SEX--M,dcid:undata-geo/G00136000,2019,0.0
dcs:who/AIR_15.AGE--Y_GE80__ENVCAUSE--ENVCAUSE068__SEX--F,dcid:undata-geo/G00136000,2019,0.0
dcs:who/AIR_15.AGE--Y75T79__ENVCAUSE--ENVCAUSE039__SEX--F,dcid:undata-geo/G00136000,2019,0.0
dcs:who/AIR_15.AGE--Y60T64__ENVCAUSE--ENVCAUSE114__SEX--M,dcid:undata-geo/G00136000,2019,0.0
dcs:who/AIR_15.ENVCAUSE--ENVCAUSE113__SEX--M,dcid:undata-geo/G00136000,2019,0.0
dcs:who/AIR_15.AGE--Y35T39__ENVCAUSE--ENVCAUSE118__SEX--M,dcid:undata-geo/G00136000,2019,0.0
dcs:who/AIR_15.ENVCAUSE--ENVCAUSE114__SEX--M,dcid:undata-geo/G00136000,2019,0.0
dcs:who/AIR_15.ENVCAUSE--ENVCAUSE039__SEX--F,dcid:undata-geo/G00136000,2019,0.0
dcs:who/AIR_15.AGE--Y60T64__ENVCAUSE--ENVCAUSE039__SEX--F,dcid:undata-geo/G00136000,2019,0.0
dcs:who/AIR_15.AGE--Y_GE80__ENVCAUSE--ENVCAUSE039__SEX--F,dcid:undata-geo/G00136000,2019,0.0
dcs:who/AIR_15.AGE--Y30T34__ENVCAUSE--ENVCAUSE114__SEX--M,dcid:undata-geo/G00136000,2019,0.0
dcs:who/AIR_15.AGE--Y45T49__ENVCAUSE--ENVCAUSE113__SEX--M,dcid:undata-geo/G00136000,2019,0.0
dcs:who/AIR_15.AGE--Y45T49__ENVCAUSE--ENVCAUSE068__SEX--F,dcid:undata-geo/G00136000,2019,0.0
dcs:who/AIR_15.AGE--Y70T74__ENVCAUSE--ENVCAUSE113__SEX--M,dcid:undata-geo/G00136000,2019,0.0
dcs:who/AIR_15.AGE--Y65T69__ENVCAUSE--ENVCAUSE068__SEX--F,dcid:undata-geo/G00136000,2019,0.0
dcs:who/AIR_15.AGE--Y35T39__ENVCAUSE--ENVCAUSE114__SEX--M,dcid:undata-geo/G00136000,2019,0.0
dcs:who/AIR_15.AGE--Y75T79__ENVCAUSE--ENVCAUSE113__SEX--M,dcid:undata-geo/G00136000,2019,0.0
dcs:who/AIR_15.AGE--Y55T59__ENVCAUSE--ENVCAUSE114__SEX--M,dcid:undata-geo/G00136000,2019,0.0
dcs:who/AIR_15.AGE--Y65T69__ENVCAUSE--ENVCAUSE039__SEX--F,dcid:undata-geo/G00136000,2019,0.0
dcs:who/AIR_15.AGE--Y35T39__ENVCAUSE--ENVCAUSE118__SEX--F,dcid:undata-geo/G00136000,2019,0.0
dcs:who/AIR_15.AGE--Y45T49__ENVCAUSE--ENVCAUSE118__SEX--F,dcid:undata-geo/G00136000,2019,0.0
dcs:who/AIR_15.AGE--Y25T29__ENVCAUSE--ENVCAUSE039__SEX--F,dcid:undata-geo/G00136000,2019,0.0
dcs:who/AIR_15.AGE--Y45T49__ENVCAUSE--ENVCAUSE039__SEX--F,dcid:undata-geo/G00136000,2019,0.0
dcs:who/AIR_15.AGE--Y55T59__ENVCAUSE--ENVCAUSE118__SEX--F,dcid:undata-geo/G00136000,2019,0.0
dcs:who/AIR_15.AGE--Y50T54__ENVCAUSE--ENVCAUSE118__SEX--F,dcid:undata-geo/G00136000,2019,0.0
dcs:who/AIR_15.AGE--Y75T79__ENVCAUSE--ENVCAUSE118__SEX--F,dcid:undata-geo/G00136000,2019,0.0
dcs:who/AIR_15.AGE--Y30T34__ENVCAUSE--ENVCAUSE039__SEX--F,dcid:undata-geo/G00136000,2019,0.0
dcs:who/AIR_15.AGE--Y_GE80__ENVCAUSE--ENVCAUSE114__SEX--F,dcid:undata-geo/G00136000,2019,0.0
dcs:who/AIR_15.AGE--Y30T34__ENVCAUSE--ENVCAUSE118__SEX--F,dcid:undata-geo/G00136000,2019,0.0
dcs:who/AIR_15.AGE--Y50T54__ENVCAUSE--ENVCAUSE039__SEX--F,dcid:undata-geo/G00136000,2019,0.0
dcs:who/AIR_15.AGE--Y60T64__ENVCAUSE--ENVCAUSE118__SEX--F,dcid:undata-geo/G00136000,2019,0.0
dcs:who/AIR_15.AGE--Y70T74__ENVCAUSE--ENVCAUSE114__SEX--F,dcid:undata-geo/G00136000,2019,0.0
dcs:who/AIR_15.AGE--Y60T64__ENVCAUSE--ENVCAUSE114__SEX--F,dcid:undata-geo/G00136000,2019,0.0
dcs:who/AIR_15.AGE--Y75T79__ENVCAUSE--ENVCAUSE114__SEX--F,dcid:undata-geo/G00136000,2019,0.0
dcs:who/AIR_15.AGE--Y50T54__ENVCAUSE--ENVCAUSE114__SEX--F,dcid:undata-geo/G00136000,2019,0.0
dcs:who/AIR_15.AGE--Y35T39__ENVCAUSE--ENVCAUSE114__SEX--F,dcid:undata-geo/G00136000,2019,0.0
dcs:who/AIR_15.AGE--Y25T29__ENVCAUSE--ENVCAUSE118__SEX--F,dcid:undata-geo/G00136000,2019,0.0
dcs:who/AIR_15.AGE--Y40T44__ENVCAUSE--ENVCAUSE039__SEX--F,dcid:undata-geo/G00136000,2019,0.0
dcs:who/AIR_15.AGE--Y40T44__ENVCAUSE--ENVCAUSE114__SEX--F,dcid:undata-geo/G00136000,2019,0.0
dcs:who/AIR_15.AGE--Y5T9__ENVCAUSE--ENVCAUSE039__SEX--F,dcid:undata-geo/G00136000,2019,0.0
dcs:who/AIR_15.AGE--Y45T49__ENVCAUSE--ENVCAUSE114__SEX--F,dcid:undata-geo/G00136000,2019,0.0
dcs:who/AIR_15.ENVCAUSE--ENVCAUSE118__SEX--F,dcid:undata-geo/G00136000,2019,0.0
dcs:who/AIR_15.AGE--Y20T24__ENVCAUSE--ENVCAUSE039__SEX--F,dcid:undata-geo/G00136000,2019,0.0
dcs:who/AIR_15.AGE--Y65T69__ENVCAUSE--ENVCAUSE114__SEX--F,dcid:undata-geo/G00136000,2019,0.0
dcs:who/AIR_15.AGE--Y10T14__ENVCAUSE--ENVCAUSE039__SEX--F,dcid:undata-geo/G00136000,2019,0.0
dcs:who/AIR_15.AGE--Y65T69__ENVCAUSE--ENVCAUSE118__SEX--F,dcid:undata-geo/G00136000,2019,0.0
dcs:who/AIR_15.AGE--Y15T19__ENVCAUSE--ENVCAUSE039__SEX--F,dcid:undata-geo/G00136000,2019,0.0
dcs:who/AIR_15.AGE--Y_GE80__ENVCAUSE--ENVCAUSE118__SEX--F,dcid:undata-geo/G00136000,2019,0.0
dcs:who/AIR_15.AGE--Y30T34__ENVCAUSE--ENVCAUSE114__SEX--F,dcid:undata-geo/G00136000,2019,0.0
dcs:who/AIR_15.AGE--Y40T44__ENVCAUSE--ENVCAUSE118__SEX--F,dcid:undata-geo/G00136000,2019,0.0
dcs:who/AIR_15.AGE--Y35T39__ENVCAUSE--ENVCAUSE039__SEX--F,dcid:undata-geo/G00136000,2019,0.0
dcs:who/AIR_15.AGE--Y55T59__ENVCAUSE--ENVCAUSE114__SEX--F,dcid:undata-geo/G00136000,2019,0.0
dcs:who/AIR_15.AGE--Y70T74__ENVCAUSE--ENVCAUSE118__SEX--F,dcid:undata-geo/G00136000,2019,0.0
dcs:who/AIR_15.ENVCAUSE--ENVCAUSE114__SEX--F,dcid:undata-geo/G00136000,2019,0.0
dcs:who/AIR_15.AGE--Y0T4__ENVCAUSE--ENVCAUSE039__SEX--F,dcid:undata-geo/G00136000,2019,0.0
dcs:who/AIR_15.AGE--Y25T29__ENVCAUSE--ENVCAUSE104__SEX--F,dcid:undata-geo/G00136000,2019,0.0
dcs:who/AIR_15.AGE--Y70T74__ENVCAUSE--ENVCAUSE113__SEX--F,dcid:undata-geo/G00136000,2019,0.0
dcs:who/AIR_15.AGE--Y75T79__ENVCAUSE--ENVCAUSE068,dcid:undata-geo/G00136000,2019,0.0
dcs:who/AIR_15.AGE--Y_GE80__ENVCAUSE--ENVCAUSE068,dcid:undata-geo/G00136000,2019,0.0
dcs:who/AIR_15.AGE--Y50T54__ENVCAUSE--ENVCAUSE113__SEX--F,dcid:undata-geo/G00136000,2019,0.0
dcs:who/AIR_15.AGE--Y60T64__ENVCAUSE--ENVCAUSE068,dcid:undata-geo/G00136000,2019,0.0
dcs:who/AIR_15.AGE--Y70T74__ENVCAUSE--ENVCAUSE039,dcid:undata-geo/G00136000,2019,0.0
dcs:who/AIR_15.AGE--Y50T54__ENVCAUSE--ENVCAUSE068,dcid:undata-geo/G00136000,2019,0.0
dcs:who/AIR_15.AGE--Y40T44__ENVCAUSE--ENVCAUSE068,dcid:undata-geo/G00136000,2019,0.0
dcs:who/AIR_15.AGE--Y60T64__ENVCAUSE--ENVCAUSE039,dcid:undata-geo/G00136000,2019,0.0
dcs:who/AIR_15.AGE--Y25T29__ENVCAUSE--ENVCAUSE068,dcid:undata-geo/G00136000,2019,0.0
dcs:who/AIR_15.AGE--Y35T39__ENVCAUSE--ENVCAUSE068,dcid:undata-geo/G00136000,2019,0.0
dcs:who/AIR_15.AGE--Y65T69__ENVCAUSE--ENVCAUSE068,dcid:undata-geo/G00136000,2019,0.0
dcs:who/AIR_15.AGE--Y30T34__ENVCAUSE--ENVCAUSE104__SEX--F,dcid:undata-geo/G00136000,2019,0.0
dcs:who/AIR_15.ENVCAUSE--ENVCAUSE039,dcid:undata-geo/G00136000,2019,0.0
dcs:who/AIR_15.AGE--Y65T69__ENVCAUSE--ENVCAUSE039,dcid:undata-geo/G00136000,2019,0.0
dcs:who/AIR_15.ENVCAUSE--ENVCAUSE068,dcid:undata-geo/G00136000,2019,0.0
dcs:who/AIR_15.AGE--Y40T44__ENVCAUSE--ENVCAUSE104__SEX--F,dcid:undata-geo/G00136000,2019,0.0
dcs:who/AIR_15.AGE--Y55T59__ENVCAUSE--ENVCAUSE104__SEX--F,dcid:undata-geo/G00136000,2019,0.0
dcs:who/AIR_15.AGE--Y55T59__ENVCAUSE--ENVCAUSE068,dcid:undata-geo/G00136000,2019,0.0
dcs:who/AIR_15.ENVCAUSE--ENVCAUSE113__SEX--F,dcid:undata-geo/G00136000,2019,0.0
dcs:who/AIR_15.AGE--Y65T69__ENVCAUSE--ENVCAUSE113__SEX--F,dcid:undata-geo/G00136000,2019,0.0
dcs:who/AIR_15.AGE--Y35T39__ENVCAUSE--ENVCAUSE113__SEX--F,dcid:undata-geo/G00136000,2019,0.0
dcs:who/AIR_15.AGE--Y60T64__ENVCAUSE--ENVCAUSE104__SEX--F,dcid:undata-geo/G00136000,2019,0.0
dcs:who/AIR_15.AGE--Y40T44__ENVCAUSE--ENVCAUSE113__SEX--F,dcid:undata-geo/G00136000,2019,0.0
dcs:who/AIR_15.AGE--Y70T74__ENVCAUSE--ENVCAUSE104__SEX--F,dcid:undata-geo/G00136000,2019,0.0
dcs:who/AIR_15.AGE--Y45T49__ENVCAUSE--ENVCAUSE113__SEX--F,dcid:undata-geo/G00136000,2019,0.0
dcs:who/AIR_15.AGE--Y50T54__ENVCAUSE--ENVCAUSE104__SEX--F,dcid:undata-geo/G00136000,2019,0.0
dcs:who/AIR_15.AGE--Y55T59__ENVCAUSE--ENVCAUSE113__SEX--F,dcid:undata-geo/G00136000,2019,0.0
dcs:who/AIR_15.AGE--Y75T79__ENVCAUSE--ENVCAUSE113__SEX--F,dcid:undata-geo/G00136000,2019,0.0
dcs:who/AIR_15.AGE--Y75T79__ENVCAUSE--ENVCAUSE039,dcid:undata-geo/G00136000,2019,0.0
dcs:who/AIR_15.AGE--Y25T29__ENVCAUSE--ENVCAUSE114__SEX--F,dcid:undata-geo/G00136000,2019,0.0
dcs:who/AIR_15.ENVCAUSE--ENVCAUSE104__SEX--F,dcid:undata-geo/G00136000,2019,0.0
dcs:who/AIR_15.AGE--Y25T29__ENVCAUSE--ENVCAUSE113__SEX--F,dcid:undata-geo/G00136000,2019,0.0
dcs:who/AIR_15.AGE--Y30T34__ENVCAUSE--ENVCAUSE068,dcid:undata-geo/G00136000,2019,0.0
dcs:who/AIR_15.AGE--Y70T74__ENVCAUSE--ENVCAUSE068,dcid:undata-geo/G00136000,2019,0.0
dcs:who/AIR_15.AGE--Y60T64__ENVCAUSE--ENVCAUSE113__SEX--F,dcid:undata-geo/G00136000,2019,0.0
dcs:who/AIR_15.AGE--Y65T69__ENVCAUSE--ENVCAUSE104__SEX--F,dcid:undata-geo/G00136000,2019,0.0
dcs:who/AIR_15.AGE--Y45T49__ENVCAUSE--ENVCAUSE104__SEX--F,dcid:undata-geo/G00136000,2019,0.0
dcs:who/AIR_15.AGE--Y_GE80__ENVCAUSE--ENVCAUSE104__SEX--F,dcid:undata-geo/G00136000,2019,0.0
dcs:who/AIR_15.AGE--Y30T34__ENVCAUSE--ENVCAUSE113__SEX--F,dcid:undata-geo/G00136000,2019,0.0
dcs:who/AIR_15.AGE--Y35T39__ENVCAUSE--ENVCAUSE104__SEX--F,dcid:undata-geo/G00136000,2019,0.0
dcs:who/AIR_15.AGE--Y50T54__ENVCAUSE--ENVCAUSE039,dcid:undata-geo/G00136000,2019,0.0
dcs:who/AIR_15.AGE--Y45T49__ENVCAUSE--ENVCAUSE068,dcid:undata-geo/G00136000,2019,0.0
dcs:who/AIR_15.AGE--Y55T59__ENVCAUSE--ENVCAUSE039,dcid:undata-geo/G00136000,2019,0.0
dcs:who/AIR_15.AGE--Y_GE80__ENVCAUSE--ENVCAUSE039,dcid:undata-geo/G00136000,2019,0.0
dcs:who/AIR_15.AGE--Y_GE80__ENVCAUSE--ENVCAUSE113__SEX--F,dcid:undata-geo/G00136000,2019,0.0
dcs:who/AIR_15.AGE--Y75T79__ENVCAUSE--ENVCAUSE104__SEX--F,dcid:undata-geo/G00136000,2019,0.0
dcs:who/AIR_15.SEX--F,dcid:undata-geo/G00136000,2019,0.0
dcs:who/AIR_15.AGE--Y70T74__ENVCAUSE--ENVCAUSE118,dcid:undata-geo/G00136000,2019,0.0
dcs:who/AIR_15.AGE--Y65T69__ENVCAUSE--ENVCAUSE118,dcid:undata-geo/G00136000,2019,0.0
dcs:who/AIR_15.AGE--Y40T44__ENVCAUSE--ENVCAUSE118,dcid:undata-geo/G00136000,2019,0.0
dcs:who/AIR_15.AGE--Y75T79__ENVCAUSE--ENVCAUSE118,dcid:undata-geo/G00136000,2019,0.0
dcs:who/AIR_15.AGE--Y45T49__ENVCAUSE--ENVCAUSE039,dcid:undata-geo/G00136000,2019,0.0
dcs:who/AIR_15.ENVCAUSE--ENVCAUSE114,dcid:undata-geo/G00136000,2019,0.0
dcs:who/AIR_15.AGE--Y35T39__ENVCAUSE--ENVCAUSE039,dcid:undata-geo/G00136000,2019,0.0
dcs:who/AIR_15.AGE--Y15T19__ENVCAUSE--ENVCAUSE039,dcid:undata-geo/G00136000,2019,0.0
dcs:who/AIR_15.AGE--Y35T39__ENVCAUSE--ENVCAUSE118,dcid:undata-geo/G00136000,2019,0.0
dcs:who/AIR_15.AGE--Y60T64__ENVCAUSE--ENVCAUSE118,dcid:undata-geo/G00136000,2019,0.0
dcs:who/AIR_15.AGE--Y40T44__ENVCAUSE--ENVCAUSE039,dcid:undata-geo/G00136000,2019,0.0
dcs:who/AIR_15.AGE--Y30T34__ENVCAUSE--ENVCAUSE118,dcid:undata-geo/G00136000,2019,0.0
dcs:who/AIR_15.ENVCAUSE--ENVCAUSE118,dcid:undata-geo/G00136000,2019,0.0
dcs:who/AIR_15.AGE--Y20T24__ENVCAUSE--ENVCAUSE039,dcid:undata-geo/G00136000,2019,0.0
dcs:who/AIR_15.AGE--Y25T29__ENVCAUSE--ENVCAUSE039,dcid:undata-geo/G00136000,2019,0.0
dcs:who/AIR_15.AGE--Y10T14__ENVCAUSE--ENVCAUSE039,dcid:undata-geo/G00136000,2019,0.0
dcs:who/AIR_15.AGE--Y55T59__ENVCAUSE--ENVCAUSE118,dcid:undata-geo/G00136000,2019,0.0
dcs:who/AIR_15.AGE--Y_GE80__ENVCAUSE--ENVCAUSE118,dcid:undata-geo/G00136000,2019,0.0
dcs:who/AIR_15.AGE--Y5T9__ENVCAUSE--ENVCAUSE039,dcid:undata-geo/G00136000,2019,0.0
dcs:who/AIR_15.AGE--Y25T29__ENVCAUSE--ENVCAUSE118,dcid:undata-geo/G00136000,2019,0.0
dcs:who/AIR_15.AGE--Y0T4__ENVCAUSE--ENVCAUSE039,dcid:undata-geo/G00136000,2019,0.0
dcs:who/AIR_15.AGE--Y75T79__ENVCAUSE--ENVCAUSE114,dcid:undata-geo/G00136000,2019,0.0
dcs:who/AIR_15.AGE--Y30T34__ENVCAUSE--ENVCAUSE039,dcid:undata-geo/G00136000,2019,0.0
dcs:who/AIR_15.AGE--Y_GE80__ENVCAUSE--ENVCAUSE114,dcid:undata-geo/G00136000,2019,0.0
dcs:who/AIR_15.AGE--Y50T54__ENVCAUSE--ENVCAUSE118,dcid:undata-geo/G00136000,2019,0.0
dcs:who/AIR_15.AGE--Y45T49__ENVCAUSE--ENVCAUSE118,dcid:undata-geo/G00136000,2019,0.0
dcs:who/AIR_15.AGE--Y55T59__ENVCAUSE--ENVCAUSE113,dcid:undata-geo/G00136000,2019,0.0
dcs:who/AIR_15.AGE--Y25T29__ENVCAUSE--ENVCAUSE114,dcid:undata-geo/G00136000,2019,0.0
dcs:who/AIR_15,dcid:undata-geo/G00136000,2019,0.0
dcs:who/AIR_15.AGE--Y70T74__ENVCAUSE--ENVCAUSE113,dcid:undata-geo/G00136000,2019,0.0
dcs:who/AIR_15.AGE--Y60T64__ENVCAUSE--ENVCAUSE104,dcid:undata-geo/G00136000,2019,0.0
dcs:who/AIR_15.AGE--Y45T49__ENVCAUSE--ENVCAUSE104,dcid:undata-geo/G00136000,2019,0.0
dcs:who/AIR_15.AGE--Y_GE80__ENVCAUSE--ENVCAUSE104,dcid:undata-geo/G00136000,2019,0.0
dcs:who/AIR_15.AGE--Y35T39__ENVCAUSE--ENVCAUSE104,dcid:undata-geo/G00136000,2019,0.0
dcs:who/AIR_15.AGE--Y60T64__ENVCAUSE--ENVCAUSE113,dcid:undata-geo/G00136000,2019,0.0
dcs:who/AIR_15.AGE--Y65T69__ENVCAUSE--ENVCAUSE104,dcid:undata-geo/G00136000,2019,0.0
dcs:who/AIR_15.AGE--Y65T69__ENVCAUSE--ENVCAUSE113,dcid:undata-geo/G00136000,2019,0.0
dcs:who/AIR_15.AGE--Y50T54__ENVCAUSE--ENVCAUSE113,dcid:undata-geo/G00136000,2019,0.0
dcs:who/AIR_15.AGE--Y35T39__ENVCAUSE--ENVCAUSE113,dcid:undata-geo/G00136000,2019,0.0
dcs:who/AIR_15.AGE--Y55T59__ENVCAUSE--ENVCAUSE104,dcid:undata-geo/G00136000,2019,0.0
dcs:who/AIR_15.AGE--Y50T54__ENVCAUSE--ENVCAUSE114,dcid:undata-geo/G00136000,2019,0.0
dcs:who/AIR_15.AGE--Y65T69__ENVCAUSE--ENVCAUSE114,dcid:undata-geo/G00136000,2019,0.0
dcs:who/AIR_15.AGE--Y25T29__ENVCAUSE--ENVCAUSE104,dcid:undata-geo/G00136000,2019,0.0
dcs:who/AIR_15.AGE--Y75T79__ENVCAUSE--ENVCAUSE113,dcid:undata-geo/G00136000,2019,0.0
dcs:who/AIR_15.AGE--Y45T49__ENVCAUSE--ENVCAUSE114,dcid:undata-geo/G00136000,2019,0.0
dcs:who/AIR_15.ENVCAUSE--ENVCAUSE113,dcid:undata-geo/G00136000,2019,0.0
dcs:who/AIR_15.AGE--Y60T64__ENVCAUSE--ENVCAUSE114,dcid:undata-geo/G00136000,2019,0.0
dcs:who/AIR_15.AGE--Y70T74__ENVCAUSE--ENVCAUSE114,dcid:undata-geo/G00136000,2019,0.0
dcs:who/AIR_15.AGE--Y25T29__ENVCAUSE--ENVCAUSE113,dcid:undata-geo/G00136000,2019,0.0
dcs:who/AIR_15.AGE--Y_GE80__ENVCAUSE--ENVCAUSE113,dcid:undata-geo/G00136000,2019,0.0
dcs:who/AIR_15.AGE--Y40T44__ENVCAUSE--ENVCAUSE113,dcid:undata-geo/G00136000,2019,0.0
dcs:who/AIR_15.AGE--Y30T34__ENVCAUSE--ENVCAUSE114,dcid:undata-geo/G00136000,2019,0.0
dcs:who/AIR_15.AGE--Y75T79__ENVCAUSE--ENVCAUSE104,dcid:undata-geo/G00136000,2019,0.0
dcs:who/AIR_15.AGE--Y55T59__ENVCAUSE--ENVCAUSE114,dcid:undata-geo/G00136000,2019,0.0
dcs:who/AIR_15.AGE--Y40T44__ENVCAUSE--ENVCAUSE104,dcid:undata-geo/G00136000,2019,0.0
dcs:who/AIR_15.AGE--Y30T34__ENVCAUSE--ENVCAUSE113,dcid:undata-geo/G00136000,2019,0.0
dcs:who/AIR_15.AGE--Y70T74__ENVCAUSE--ENVCAUSE104,dcid:undata-geo/G00136000,2019,0.0
dcs:who/AIR_15.AGE--Y40T44__ENVCAUSE--ENVCAUSE114,dcid:undata-geo/G00136000,2019,0.0
dcs:who/AIR_15.AGE--Y30T34__ENVCAUSE--ENVCAUSE104,dcid:undata-geo/G00136000,2019,0.0
dcs:who/AIR_15.AGE--Y50T54__ENVCAUSE--ENVCAUSE104,dcid:undata-geo/G00136000,2019,0.0
dcs:who/AIR_15.AGE--Y35T39__ENVCAUSE--ENVCAUSE114,dcid:undata-geo/G00136000,2019,0.0
dcs:who/AIR_15.AGE--Y45T49__ENVCAUSE--ENVCAUSE113,dcid:undata-geo/G00136000,2019,0.0
dcs:who/AIR_15.ENVCAUSE--ENVCAUSE104,dcid:undata-geo/G00136000,2019,0.0
dcs:who/AIR_15.AGE--Y_GE80__ENVCAUSE--ENVCAUSE068__SEX--M,dcid:undata-geo/G00145000,2019,98.87055
dcs:who/AIR_15.AGE--Y60T64__ENVCAUSE--ENVCAUSE068__SEX--M,dcid:undata-geo/G00145000,2019,1382.54197
dcs:who/AIR_15.AGE--Y75T79__ENVCAUSE--ENVCAUSE068__SEX--M,dcid:undata-geo/G00145000,2019,232.31458
dcs:who/AIR_15.AGE--Y55T59__ENVCAUSE--ENVCAUSE068__SEX--M,dcid:undata-geo/G00145000,2019,1132.07207
dcs:who/AIR_15.ENVCAUSE--ENVCAUSE068__SEX--M,dcid:undata-geo/G00145000,2019,5590.5887
dcs:who/AIR_15.AGE--Y65T69__ENVCAUSE--ENVCAUSE068__SEX--M,dcid:undata-geo/G00145000,2019,920.81964
dcs:who/AIR_15.AGE--Y70T74__ENVCAUSE--ENVCAUSE068__SEX--M,dcid:undata-geo/G00145000,2019,535.70366
dcs:who/AIR_15.AGE--Y45T49__ENVCAUSE--ENVCAUSE039__SEX--M,dcid:undata-geo/G00145000,2019,1351.33001
dcs:who/AIR_15.ENVCAUSE--ENVCAUSE113__SEX--M,dcid:undata-geo/G00145000,2019,68422.6683
dcs:who/AIR_15.AGE--Y20T24__ENVCAUSE--ENVCAUSE039__SEX--M,dcid:undata-geo/G00145000,2019,942.48793
dcs:who/AIR_15.AGE--Y30T34__ENVCAUSE--ENVCAUSE114__SEX--M,dcid:undata-geo/G00145000,2019,1359.35098
dcs:who/AIR_15.AGE--Y75T79__ENVCAUSE--ENVCAUSE039__SEX--M,dcid:undata-geo/G00145000,2019,669.47577
dcs:who/AIR_15.ENVCAUSE--ENVCAUSE118__SEX--M,dcid:undata-geo/G00145000,2019,27711.81122
dcs:who/AIR_15.AGE--Y50T54__ENVCAUSE--ENVCAUSE114__SEX--M,dcid:undata-geo/G00145000,2019,4437.6331
dcs:who/AIR_15.AGE--Y40T44__ENVCAUSE--ENVCAUSE118__SEX--M,dcid:undata-geo/G00145000,2019,1142.1047
dcs:who/AIR_15.AGE--Y45T49__ENVCAUSE--ENVCAUSE118__SEX--M,dcid:undata-geo/G00145000,2019,1886.50975
dcs:who/AIR_15.AGE--Y25T29__ENVCAUSE--ENVCAUSE118__SEX--M,dcid:undata-geo/G00145000,2019,529.56504
dcs:who/AIR_15.AGE--Y65T69__ENVCAUSE--ENVCAUSE114__SEX--M,dcid:undata-geo/G00145000,2019,3676.17089
dcs:who/AIR_15.AGE--Y65T69__ENVCAUSE--ENVCAUSE039__SEX--M,dcid:undata-geo/G00145000,2019,1378.90343
dcs:who/AIR_15.AGE--Y30T34__ENVCAUSE--ENVCAUSE118__SEX--M,dcid:undata-geo/G00145000,2019,733.15307
dcs:who/AIR_15.AGE--Y45T49__ENVCAUSE--ENVCAUSE068__SEX--M,dcid:undata-geo/G00145000,2019,313.28562
dcs:who/AIR_15.AGE--Y55T59__ENVCAUSE--ENVCAUSE114__SEX--M,dcid:undata-geo/G00145000,2019,4476.67431
dcs:who/AIR_15.AGE--Y55T59__ENVCAUSE--ENVCAUSE118__SEX--M,dcid:undata-geo/G00145000,2019,3283.63477
dcs:who/AIR_15.AGE--Y45T49__ENVCAUSE--ENVCAUSE114__SEX--M,dcid:undata-geo/G00145000,2019,3866.63602
dcs:who/AIR_15.AGE--Y15T19__ENVCAUSE--ENVCAUSE039__SEX--M,dcid:undata-geo/G00145000,2019,895.19504
dcs:who/AIR_15.AGE--Y25T29__ENVCAUSE--ENVCAUSE068__SEX--M,dcid:undata-geo/G00145000,2019,23.97193
dcs:who/AIR_15.AGE--Y_GE80__ENVCAUSE--ENVCAUSE114__SEX--M,dcid:undata-geo/G00145000,2019,1243.21356
dcs:who/AIR_15.AGE--Y0T4__ENVCAUSE--ENVCAUSE039__SEX--M,dcid:undata-geo/G00145000,2019,31762.65853
dcs:who/AIR_15.AGE--Y75T79__ENVCAUSE--ENVCAUSE118__SEX--M,dcid:undata-geo/G00145000,2019,2505.86065
dcs:who/AIR_15.ENVCAUSE--ENVCAUSE114__SEX--M,dcid:undata-geo/G00145000,2019,35168.72079
dcs:who/AIR_15.AGE--Y40T44__ENVCAUSE--ENVCAUSE068__SEX--M,dcid:undata-geo/G00145000,2019,120.73602
dcs:who/AIR_15.AGE--Y30T34__ENVCAUSE--ENVCAUSE068__SEX--M,dcid:undata-geo/G00145000,2019,48.27247
dcs:who/AIR_15.AGE--Y50T54__ENVCAUSE--ENVCAUSE068__SEX--M,dcid:undata-geo/G00145000,2019,682.20758
dcs:who/AIR_15.AGE--Y65T69__ENVCAUSE--ENVCAUSE118__SEX--M,dcid:undata-geo/G00145000,2019,4403.77491
dcs:who/AIR_15.AGE--Y40T44__ENVCAUSE--ENVCAUSE039__SEX--M,dcid:undata-geo/G00145000,2019,1522.10953
dcs:who/AIR_15.AGE--Y35T39__ENVCAUSE--ENVCAUSE068__SEX--M,dcid:undata-geo/G00145000,2019,99.79256
dcs:who/AIR_15.AGE--Y35T39__ENVCAUSE--ENVCAUSE114__SEX--M,dcid:undata-geo/G00145000,2019,2535.28368
dcs:who/AIR_15.AGE--Y40T44__ENVCAUSE--ENVCAUSE114__SEX--M,dcid:undata-geo/G00145000,2019,3420.72107
dcs:who/AIR_15.AGE--Y55T59__ENVCAUSE--ENVCAUSE039__SEX--M,dcid:undata-geo/G00145000,2019,1348.10109
dcs:who/AIR_15.AGE--Y60T64__ENVCAUSE--ENVCAUSE118__SEX--M,dcid:undata-geo/G00145000,2019,4129.32326
dcs:who/AIR_15.AGE--Y25T29__ENVCAUSE--ENVCAUSE039__SEX--M,dcid:undata-geo/G00145000,2019,1163.53998
dcs:who/AIR_15.ENVCAUSE--ENVCAUSE039__SEX--M,dcid:undata-geo/G00145000,2019,50953.81752
dcs:who/AIR_15.AGE--Y70T74__ENVCAUSE--ENVCAUSE114__SEX--M,dcid:undata-geo/G00145000,2019,2819.86362
dcs:who/AIR_15.AGE--Y25T29__ENVCAUSE--ENVCAUSE114__SEX--M,dcid:undata-geo/G00145000,2019,1204.60043
dcs:who/AIR_15.AGE--Y5T9__ENVCAUSE--ENVCAUSE039__SEX--M,dcid:undata-geo/G00145000,2019,1529.39515
dcs:who/AIR_15.AGE--Y60T64__ENVCAUSE--ENVCAUSE039__SEX--M,dcid:undata-geo/G00145000,2019,1565.94298
dcs:who/AIR_15.AGE--Y30T34__ENVCAUSE--ENVCAUSE039__SEX--M,dcid:undata-geo/G00145000,2019,1306.05252
dcs:who/AIR_15.AGE--Y75T79__ENVCAUSE--ENVCAUSE114__SEX--M,dcid:undata-geo/G00145000,2019,1751.83346
dcs:who/AIR_15.AGE--Y50T54__ENVCAUSE--ENVCAUSE118__SEX--M,dcid:undata-geo/G00145000,2019,2687.83918
dcs:who/AIR_15.AGE--Y35T39__ENVCAUSE--ENVCAUSE039__SEX--M,dcid:undata-geo/G00145000,2019,1494.61746
dcs:who/AIR_15.AGE--Y70T74__ENVCAUSE--ENVCAUSE118__SEX--M,dcid:undata-geo/G00145000,2019,3589.56898
dcs:who/AIR_15.AGE--Y35T39__ENVCAUSE--ENVCAUSE118__SEX--M,dcid:undata-geo/G00145000,2019,865.76458
dcs:who/AIR_15.AGE--Y70T74__ENVCAUSE--ENVCAUSE039__SEX--M,dcid:undata-geo/G00145000,2019,983.61637
dcs:who/AIR_15.AGE--Y_GE80__ENVCAUSE--ENVCAUSE118__SEX--M,dcid:undata-geo/G00145000,2019,1954.71219
dcs:who/AIR_15.AGE--Y10T14__ENVCAUSE--ENVCAUSE039__SEX--M,dcid:undata-geo/G00145000,2019,1086.24286
dcs:who/AIR_15.AGE--Y50T54__ENVCAUSE--ENVCAUSE039__SEX--M,dcid:undata-geo/G00145000,2019,1254.47724
dcs:who/AIR_15.AGE--Y60T64__ENVCAUSE--ENVCAUSE114__SEX--M,dcid:undata-geo/G00145000,2019,4376.74025
dcs:who/AIR_15.AGE--Y_GE80__ENVCAUSE--ENVCAUSE039__SEX--M,dcid:undata-geo/G00145000,2019,699.67094
dcs:who/AIR_15.AGE--Y_GE80__ENVCAUSE--ENVCAUSE113__SEX--M,dcid:undata-geo/G00145000,2019,1691.99726
dcs:who/AIR_15.SEX--M,dcid:undata-geo/G00145000,2019,187847.5996
dcs:who/AIR_15.AGE--Y65T69__ENVCAUSE--ENVCAUSE039__SEX--F,dcid:undata-geo/G00145000,2019,1106.94458
dcs:who/AIR_15.AGE--Y45T49__ENVCAUSE--ENVCAUSE068__SEX--F,dcid:undata-geo/G00145000,2019,235.88342
dcs:who/AIR_15.AGE--Y40T44__ENVCAUSE--ENVCAUSE113__SEX--M,dcid:undata-geo/G00145000,2019,7354.69488
dcs:who/AIR_15.AGE--Y35T39__ENVCAUSE--ENVCAUSE068__SEX--F,dcid:undata-geo/G00145000,2019,4.09537
dcs:who/AIR_15.AGE--Y55T59__ENVCAUSE--ENVCAUSE068__SEX--F,dcid:undata-geo/G00145000,2019,579.79471
dcs:who/AIR_15.AGE--Y30T34__ENVCAUSE--ENVCAUSE068__SEX--F,dcid:undata-geo/G00145000,2019,87.67806
dcs:who/AIR_15.AGE--Y65T69__ENVCAUSE--ENVCAUSE068__SEX--F,dcid:undata-geo/G00145000,2019,601.60404
dcs:who/AIR_15.AGE--Y_GE80__ENVCAUSE--ENVCAUSE068__SEX--F,dcid:undata-geo/G00145000,2019,104.0977
dcs:who/AIR_15.ENVCAUSE--ENVCAUSE039__SEX--F,dcid:undata-geo/G00145000,2019,34189.68771
dcs:who/AIR_15.AGE--Y75T79__ENVCAUSE--ENVCAUSE068__SEX--F,dcid:undata-geo/G00145000,2019,204.13838
dcs:who/AIR_15.AGE--Y60T64__ENVCAUSE--ENVCAUSE068__SEX--F,dcid:undata-geo/G00145000,2019,719.45199
dcs:who/AIR_15.AGE--Y30T34__ENVCAUSE--ENVCAUSE113__SEX--M,dcid:undata-geo/G00145000,2019,2438.03935
dcs:who/AIR_15.AGE--Y70T74__ENVCAUSE--ENVCAUSE039__SEX--F,dcid:undata-geo/G00145000,2019,991.24917
dcs:who/AIR_15.AGE--Y75T79__ENVCAUSE--ENVCAUSE039__SEX--F,dcid:undata-geo/G00145000,2019,905.22052
dcs:who/AIR_15.AGE--Y25T29__ENVCAUSE--ENVCAUSE113__SEX--M,dcid:undata-geo/G00145000,2019,1049.46588
dcs:who/AIR_15.AGE--Y60T64__ENVCAUSE--ENVCAUSE113__SEX--M,dcid:undata-geo/G00145000,2019,8613.43784
dcs:who/AIR_15.AGE--Y65T69__ENVCAUSE--ENVCAUSE113__SEX--M,dcid:undata-geo/G00145000,2019,6114.8897
dcs:who/AIR_15.AGE--Y50T54__ENVCAUSE--ENVCAUSE068__SEX--F,dcid:undata-geo/G00145000,2019,380.94117
dcs:who/AIR_15.AGE--Y75T79__ENVCAUSE--ENVCAUSE113__SEX--M,dcid:undata-geo/G00145000,2019,2359.80212
dcs:who/AIR_15.AGE--Y35T39__ENVCAUSE--ENVCAUSE113__SEX--M,dcid:undata-geo/G00145000,2019,4861.79082
dcs:who/AIR_15.AGE--Y70T74__ENVCAUSE--ENVCAUSE068__SEX--F,dcid:undata-geo/G00145000,2019,380.16065
dcs:who/AIR_15.AGE--Y25T29__ENVCAUSE--ENVCAUSE068__SEX--F,dcid:undata-geo/G00145000,2019,2.04454
dcs:who/AIR_15.AGE--Y70T74__ENVCAUSE--ENVCAUSE113__SEX--M,dcid:undata-geo/G00145000,2019,4057.05439
dcs:who/AIR_15.AGE--Y60T64__ENVCAUSE--ENVCAUSE039__SEX--F,dcid:undata-geo/G00145000,2019,1199.53844
dcs:who/AIR_15.AGE--Y55T59__ENVCAUSE--ENVCAUSE113__SEX--M,dcid:undata-geo/G00145000,2019,9878.45897
dcs:who/AIR_15.ENVCAUSE--ENVCAUSE068__SEX--F,dcid:undata-geo/G00145000,2019,3345.89181
dcs:who/AIR_15.AGE--Y45T49__ENVCAUSE--ENVCAUSE113__SEX--M,dcid:undata-geo/G00145000,2019,9673.46074
dcs:who/AIR_15.AGE--Y40T44__ENVCAUSE--ENVCAUSE068__SEX--F,dcid:undata-geo/G00145000,2019,46.00194
dcs:who/AIR_15.AGE--Y_GE80__ENVCAUSE--ENVCAUSE039__SEX--F,dcid:undata-geo/G00145000,2019,936.0949
dcs:who/AIR_15.AGE--Y50T54__ENVCAUSE--ENVCAUSE113__SEX--M,dcid:undata-geo/G00145000,2019,10329.57699
dcs:who/AIR_15.ENVCAUSE--ENVCAUSE118__SEX--F,dcid:undata-geo/G00145000,2019,31249.17066
dcs:who/AIR_15.AGE--Y65T69__ENVCAUSE--ENVCAUSE113__SEX--F,dcid:undata-geo/G00145000,2019,4458.70455
dcs:who/AIR_15.AGE--Y25T29__ENVCAUSE--ENVCAUSE114__SEX--F,dcid:undata-geo/G00145000,2019,871.72414
dcs:who/AIR_15.AGE--Y45T49__ENVCAUSE--ENVCAUSE039__SEX--F,dcid:undata-geo/G00145000,2019,915.10786
dcs:who/AIR_15.AGE--Y_GE80__ENVCAUSE--ENVCAUSE118__SEX--F,dcid:undata-geo/G00145000,2019,2033.60056
dcs:who/AIR_15.AGE--Y_GE80__ENVCAUSE--ENVCAUSE114__SEX--F,dcid:undata-geo/G00145000,2019,1586.09965
dcs:who/AIR_15.AGE--Y10T14__ENVCAUSE--ENVCAUSE039__SEX--F,dcid:undata-geo/G00145000,2019,621.66241
dcs:who/AIR_15.AGE--Y5T9__ENVCAUSE--ENVCAUSE039__SEX--F,dcid:undata-geo/G00145000,2019,1101.83516
dcs:who/AIR_15.ENVCAUSE--ENVCAUSE114__SEX--F,dcid:undata-geo/G00145000,2019,29539.18899
dcs:who/AIR_15.AGE--Y45T49__ENVCAUSE--ENVCAUSE114__SEX--F,dcid:undata-geo/G00145000,2019,2882.93669
dcs:who/AIR_15.AGE--Y70T74__ENVCAUSE--ENVCAUSE114__SEX--F,dcid:undata-geo/G00145000,2019,2855.6714
dcs:who/AIR_15.AGE--Y55T59__ENVCAUSE--ENVCAUSE118__SEX--F,dcid:undata-geo/G00145000,2019,3417.71538
dcs:who/AIR_15.AGE--Y30T34__ENVCAUSE--ENVCAUSE118__SEX--F,dcid:undata-geo/G00145000,2019,876.0486
dcs:who/AIR_15.AGE--Y35T39__ENVCAUSE--ENVCAUSE039__SEX--F,dcid:undata-geo/G00145000,2019,1391.18632
dcs:who/AIR_15.ENVCAUSE--ENVCAUSE113__SEX--F,dcid:undata-geo/G00145000,2019,34210.96703
dcs:who/AIR_15.AGE--Y60T64__ENVCAUSE--ENVCAUSE114__SEX--F,dcid:undata-geo/G00145000,2019,3688.81561
dcs:who/AIR_15.AGE--Y40T44__ENVCAUSE--ENVCAUSE039__SEX--F,dcid:undata-geo/G00145000,2019,838.76386
dcs:who/AIR_15.AGE--Y55T59__ENVCAUSE--ENVCAUSE039__SEX--F,dcid:undata-geo/G00145000,2019,1223.15026
dcs:who/AIR_15.AGE--Y15T19__ENVCAUSE--ENVCAUSE039__SEX--F,dcid:undata-geo/G00145000,2019,727.40254
dcs:who/AIR_15.AGE--Y0T4__ENVCAUSE--ENVCAUSE039__SEX--F,dcid:undata-geo/G00145000,2019,18495.33918
dcs:who/AIR_15.AGE--Y65T69__ENVCAUSE--ENVCAUSE114__SEX--F,dcid:undata-geo/G00145000,2019,3708.79275
dcs:who/AIR_15.AGE--Y75T79__ENVCAUSE--ENVCAUSE118__SEX--F,dcid:undata-geo/G00145000,2019,2646.274
dcs:who/AIR_15.AGE--Y50T54__ENVCAUSE--ENVCAUSE118__SEX--F,dcid:undata-geo/G00145000,2019,2879.45173
dcs:who/AIR_15.AGE--Y75T79__ENVCAUSE--ENVCAUSE113__SEX--F,dcid:undata-geo/G00145000,2019,2419.3713
dcs:who/AIR_15.AGE--Y70T74__ENVCAUSE--ENVCAUSE113__SEX--F,dcid:undata-geo/G00145000,2019,3667.92392
dcs:who/AIR_15.AGE--Y70T74__ENVCAUSE--ENVCAUSE118__SEX--F,dcid:undata-geo/G00145000,2019,4015.36841
dcs:who/AIR_15.AGE--Y55T59__ENVCAUSE--ENVCAUSE114__SEX--F,dcid:undata-geo/G00145000,2019,3527.19293
dcs:who/AIR_15.AGE--Y60T64__ENVCAUSE--ENVCAUSE118__SEX--F,dcid:undata-geo/G00145000,2019,4497.91179
dcs:who/AIR_15.AGE--Y65T69__ENVCAUSE--ENVCAUSE118__SEX--F,dcid:undata-geo/G00145000,2019,5267.30973
dcs:who/AIR_15.AGE--Y35T39__ENVCAUSE--ENVCAUSE118__SEX--F,dcid:undata-geo/G00145000,2019,1286.53733
dcs:who/AIR_15.AGE--Y40T44__ENVCAUSE--ENVCAUSE114__SEX--F,dcid:undata-geo/G00145000,2019,2281.13581
dcs:who/AIR_15.AGE--Y20T24__ENVCAUSE--ENVCAUSE039__SEX--F,dcid:undata-geo/G00145000,2019,898.19037
dcs:who/AIR_15.AGE--Y60T64__ENVCAUSE--ENVCAUSE113__SEX--F,dcid:undata-geo/G00145000,2019,5063.62939
dcs:who/AIR_15.AGE--Y75T79__ENVCAUSE--ENVCAUSE114__SEX--F,dcid:undata-geo/G00145000,2019,2122.68577
dcs:who/AIR_15.AGE--Y50T54__ENVCAUSE--ENVCAUSE114__SEX--F,dcid:undata-geo/G00145000,2019,3198.85633
dcs:who/AIR_15.AGE--Y45T49__ENVCAUSE--ENVCAUSE118__SEX--F,dcid:undata-geo/G00145000,2019,2028.64435
dcs:who/AIR_15.AGE--Y35T39__ENVCAUSE--ENVCAUSE114__SEX--F,dcid:undata-geo/G00145000,2019,1856.60056
dcs:who/AIR_15.AGE--Y30T34__ENVCAUSE--ENVCAUSE039__SEX--F,dcid:undata-geo/G00145000,2019,790.12926
dcs:who/AIR_15.AGE--Y25T29__ENVCAUSE--ENVCAUSE118__SEX--F,dcid:undata-geo/G00145000,2019,628.45639
dcs:who/AIR_15.AGE--Y_GE80__ENVCAUSE--ENVCAUSE113__SEX--F,dcid:undata-geo/G00145000,2019,1996.67385
dcs:who/AIR_15.AGE--Y40T44__ENVCAUSE--ENVCAUSE118__SEX--F,dcid:undata-geo/G00145000,2019,1671.85178
dcs:who/AIR_15.AGE--Y25T29__ENVCAUSE--ENVCAUSE039__SEX--F,dcid:undata-geo/G00145000,2019,849.01063
dcs:who/AIR_15.AGE--Y50T54__ENVCAUSE--ENVCAUSE039__SEX--F,dcid:undata-geo/G00145000,2019,1198.86331
dcs:who/AIR_15.AGE--Y30T34__ENVCAUSE--ENVCAUSE114__SEX--F,dcid:undata-geo/G00145000,2019,958.6763
dcs:who/AIR_15.AGE--Y35T39__ENVCAUSE--ENVCAUSE104__SEX--F,dcid:undata-geo/G00145000,2019,42.56467
dcs:who/AIR_15.AGE--Y75T79__ENVCAUSE--ENVCAUSE118,dcid:undata-geo/G00145000,2019,5152.13465
dcs:who/AIR_15.AGE--Y25T29__ENVCAUSE--ENVCAUSE113__SEX--F,dcid:undata-geo/G00145000,2019,369.04975
dcs:who/AIR_15.AGE--Y45T49__ENVCAUSE--ENVCAUSE039,dcid:undata-geo/G00145000,2019,2266.43781
dcs:who/AIR_15.AGE--Y65T69__ENVCAUSE--ENVCAUSE068,dcid:undata-geo/G00145000,2019,1522.42368
dcs:who/AIR_15.AGE--Y75T79__ENVCAUSE--ENVCAUSE068,dcid:undata-geo/G00145000,2019,436.45298
dcs:who/AIR_15.AGE--Y50T54__ENVCAUSE--ENVCAUSE113__SEX--F,dcid:undata-geo/G00145000,2019,3706.18701
dcs:who/AIR_15.AGE--Y75T79__ENVCAUSE--ENVCAUSE039,dcid:undata-geo/G00145000,2019,1574.69633
dcs:who/AIR_15.AGE--Y70T74__ENVCAUSE--ENVCAUSE039,dcid:undata-geo/G00145000,2019,1974.86561
dcs:who/AIR_15.AGE--Y55T59__ENVCAUSE--ENVCAUSE113__SEX--F,dcid:undata-geo/G00145000,2019,4584.39377
dcs:who/AIR_15.AGE--Y_GE80__ENVCAUSE--ENVCAUSE068,dcid:undata-geo/G00145000,2019,202.96824
dcs:who/AIR_15.ENVCAUSE--ENVCAUSE104__SEX--F,dcid:undata-geo/G00145000,2019,2048.27839
dcs:who/AIR_15.AGE--Y40T44__ENVCAUSE--ENVCAUSE039,dcid:undata-geo/G00145000,2019,2360.87334
dcs:who/AIR_15.AGE--Y_GE80__ENVCAUSE--ENVCAUSE118,dcid:undata-geo/G00145000,2019,3988.31288
dcs:who/AIR_15.AGE--Y25T29__ENVCAUSE--ENVCAUSE039,dcid:undata-geo/G00145000,2019,2012.55066
dcs:who/AIR_15.AGE--Y65T69__ENVCAUSE--ENVCAUSE104__SEX--F,dcid:undata-geo/G00145000,2019,356.26716
dcs:who/AIR_15.ENVCAUSE--ENVCAUSE068,dcid:undata-geo/G00145000,2019,8936.4805
dcs:who/AIR_15.AGE--Y60T64__ENVCAUSE--ENVCAUSE104__SEX--F,dcid:undata-geo/G00145000,2019,341.128
dcs:who/AIR_15.AGE--Y15T19__ENVCAUSE--ENVCAUSE039,dcid:undata-geo/G00145000,2019,1622.59752
dcs:who/AIR_15.AGE--Y70T74__ENVCAUSE--ENVCAUSE068,dcid:undata-geo/G00145000,2019,915.86432
dcs:who/AIR_15.AGE--Y30T34__ENVCAUSE--ENVCAUSE113__SEX--F,dcid:undata-geo/G00145000,2019,748.46207
dcs:who/AIR_15.AGE--Y55T59__ENVCAUSE--ENVCAUSE104__SEX--F,dcid:undata-geo/G00145000,2019,252.32946
dcs:who/AIR_15.AGE--Y60T64__ENVCAUSE--ENVCAUSE068,dcid:undata-geo/G00145000,2019,2101.99396
dcs:who/AIR_15.AGE--Y20T24__ENVCAUSE--ENVCAUSE039,dcid:undata-geo/G00145000,2019,1840.67827
dcs:who/AIR_15.AGE--Y35T39__ENVCAUSE--ENVCAUSE113__SEX--F,dcid:undata-geo/G00145000,2019,1339.20874
dcs:who/AIR_15.AGE--Y45T49__ENVCAUSE--ENVCAUSE113__SEX--F,dcid:undata-geo/G00145000,2019,3463.53551
dcs:who/AIR_15.SEX--F,dcid:undata-geo/G00145000,2019,134583.1875
dcs:who/AIR_15.AGE--Y25T29__ENVCAUSE--ENVCAUSE068,dcid:undata-geo/G00145000,2019,26.01647
dcs:who/AIR_15.AGE--Y50T54__ENVCAUSE--ENVCAUSE068,dcid:undata-geo/G00145000,2019,1063.14876
dcs:who/AIR_15.AGE--Y40T44__ENVCAUSE--ENVCAUSE068,dcid:undata-geo/G00145000,2019,166.73795
dcs:who/AIR_15.AGE--Y70T74__ENVCAUSE--ENVCAUSE118,dcid:undata-geo/G00145000,2019,7604.9374
dcs:who/AIR_15.AGE--Y30T34__ENVCAUSE--ENVCAUSE104__SEX--F,dcid:undata-geo/G00145000,2019,24.26343
dcs:who/AIR_15.AGE--Y25T29__ENVCAUSE--ENVCAUSE104__SEX--F,dcid:undata-geo/G00145000,2019,11.22745
dcs:who/AIR_15.AGE--Y45T49__ENVCAUSE--ENVCAUSE104__SEX--F,dcid:undata-geo/G00145000,2019,120.22129
dcs:who/AIR_15.AGE--Y55T59__ENVCAUSE--ENVCAUSE039,dcid:undata-geo/G00145000,2019,2571.25136
dcs:who/AIR_15.AGE--Y45T49__ENVCAUSE--ENVCAUSE068,dcid:undata-geo/G00145000,2019,549.16906
dcs:who/AIR_15.AGE--Y70T74__ENVCAUSE--ENVCAUSE104__SEX--F,dcid:undata-geo/G00145000,2019,273.87736
dcs:who/AIR_15.AGE--Y35T39__ENVCAUSE--ENVCAUSE039,dcid:undata-geo/G00145000,2019,2885.80379
dcs:who/AIR_15.AGE--Y55T59__ENVCAUSE--ENVCAUSE068,dcid:undata-geo/G00145000,2019,1711.86678
dcs:who/AIR_15.AGE--Y50T54__ENVCAUSE--ENVCAUSE104__SEX--F,dcid:undata-geo/G00145000,2019,168.91165
dcs:who/AIR_15.ENVCAUSE--ENVCAUSE118,dcid:undata-geo/G00145000,2019,58960.98174
dcs:who/AIR_15.AGE--Y75T79__ENVCAUSE--ENVCAUSE104__SEX--F,dcid:undata-geo/G00145000,2019,197.01346
dcs:who/AIR_15.AGE--Y5T9__ENVCAUSE--ENVCAUSE039,dcid:undata-geo/G00145000,2019,2631.2303
dcs:who/AIR_15.AGE--Y35T39__ENVCAUSE--ENVCAUSE068,dcid:undata-geo/G00145000,2019,103.88793
dcs:who/AIR_15.AGE--Y65T69__ENVCAUSE--ENVCAUSE118,dcid:undata-geo/G00145000,2019,9671.08511
dcs:who/AIR_15.AGE--Y_GE80__ENVCAUSE--ENVCAUSE039,dcid:undata-geo/G00145000,2019,1635.76579
dcs:who/AIR_15.ENVCAUSE--ENVCAUSE039,dcid:undata-geo/G00145000,2019,85143.50719
dcs:who/AIR_15.AGE--Y50T54__ENVCAUSE--ENVCAUSE039,dcid:undata-geo/G00145000,2019,2453.34054
dcs:who/AIR_15.AGE--Y_GE80__ENVCAUSE--ENVCAUSE104__SEX--F,dcid:undata-geo/G00145000,2019,184.36964
dcs:who/AIR_15.AGE--Y10T14__ENVCAUSE--ENVCAUSE039,dcid:undata-geo/G00145000,2019,1707.90523
dcs:who/AIR_15.AGE--Y0T4__ENVCAUSE--ENVCAUSE039,dcid:undata-geo/G00145000,2019,50257.99455
dcs:who/AIR_15.AGE--Y65T69__ENVCAUSE--ENVCAUSE039,dcid:undata-geo/G00145000,2019,2485.84797
dcs:who/AIR_15.AGE--Y30T34__ENVCAUSE--ENVCAUSE039,dcid:undata-geo/G00145000,2019,2096.18178
dcs:who/AIR_15.AGE--Y40T44__ENVCAUSE--ENVCAUSE104__SEX--F,dcid:undata-geo/G00145000,2019,76.10479
dcs:who/AIR_15.AGE--Y60T64__ENVCAUSE--ENVCAUSE039,dcid:undata-geo/G00145000,2019,2765.48144
dcs:who/AIR_15.AGE--Y40T44__ENVCAUSE--ENVCAUSE113__SEX--F,dcid:undata-geo/G00145000,2019,2393.82782
dcs:who/AIR_15.AGE--Y30T34__ENVCAUSE--ENVCAUSE068,dcid:undata-geo/G00145000,2019,135.95054
dcs:who/AIR_15.AGE--Y45T49__ENVCAUSE--ENVCAUSE114,dcid:undata-geo/G00145000,2019,6749.57294
dcs:who/AIR_15.AGE--Y70T74__ENVCAUSE--ENVCAUSE104,dcid:undata-geo/G00145000,2019,273.87736
dcs:who/AIR_15.AGE--Y75T79__ENVCAUSE--ENVCAUSE113,dcid:undata-geo/G00145000,2019,4779.17328
dcs:who/AIR_15.AGE--Y60T64__ENVCAUSE--ENVCAUSE114,dcid:undata-geo/G00145000,2019,8065.5561
dcs:who/AIR_15.AGE--Y40T44__ENVCAUSE--ENVCAUSE118,dcid:undata-geo/G00145000,2019,2813.95655
dcs:who/AIR_15.AGE--Y45T49__ENVCAUSE--ENVCAUSE113,dcid:undata-geo/G00145000,2019,13136.9962
dcs:who/AIR_15.AGE--Y65T69__ENVCAUSE--ENVCAUSE114,dcid:undata-geo/G00145000,2019,7384.96392
dcs:who/AIR_15.AGE--Y60T64__ENVCAUSE--ENVCAUSE104,dcid:undata-geo/G00145000,2019,341.128
dcs:who/AIR_15.AGE--Y30T34__ENVCAUSE--ENVCAUSE113,dcid:undata-geo/G00145000,2019,3186.50149
dcs:who/AIR_15.AGE--Y55T59__ENVCAUSE--ENVCAUSE114,dcid:undata-geo/G00145000,2019,8003.86723
dcs:who/AIR_15.AGE--Y45T49__ENVCAUSE--ENVCAUSE118,dcid:undata-geo/G00145000,2019,3915.15398
dcs:who/AIR_15.AGE--Y35T39__ENVCAUSE--ENVCAUSE104,dcid:undata-geo/G00145000,2019,42.56467
dcs:who/AIR_15.AGE--Y70T74__ENVCAUSE--ENVCAUSE113,dcid:undata-geo/G00145000,2019,7724.97857
dcs:who/AIR_15.ENVCAUSE--ENVCAUSE114,dcid:undata-geo/G00145000,2019,64707.90962
dcs:who/AIR_15.AGE--Y25T29__ENVCAUSE--ENVCAUSE114,dcid:undata-geo/G00145000,2019,2076.32456
dcs:who/AIR_15.AGE--Y40T44__ENVCAUSE--ENVCAUSE113,dcid:undata-geo/G00145000,2019,9748.52275
dcs:who/AIR_15.ENVCAUSE--ENVCAUSE104,dcid:undata-geo/G00145000,2019,2048.27839
dcs:who/AIR_15.AGE--Y_GE80__ENVCAUSE--ENVCAUSE104,dcid:undata-geo/G00145000,2019,184.36964
dcs:who/AIR_15.AGE--Y35T39__ENVCAUSE--ENVCAUSE113,dcid:undata-geo/G00145000,2019,6200.99941
dcs:who/AIR_15.AGE--Y25T29__ENVCAUSE--ENVCAUSE118,dcid:undata-geo/G00145000,2019,1158.02143
dcs:who/AIR_15.AGE--Y50T54__ENVCAUSE--ENVCAUSE113,dcid:undata-geo/G00145000,2019,14035.76383
dcs:who/AIR_15.AGE--Y25T29__ENVCAUSE--ENVCAUSE113,dcid:undata-geo/G00145000,2019,1418.51564
dcs:who/AIR_15.AGE--Y35T39__ENVCAUSE--ENVCAUSE118,dcid:undata-geo/G00145000,2019,2152.30185
dcs:who/AIR_15.AGE--Y_GE80__ENVCAUSE--ENVCAUSE113,dcid:undata-geo/G00145000,2019,3688.67107
dcs:who/AIR_15.AGE--Y30T34__ENVCAUSE--ENVCAUSE114,dcid:undata-geo/G00145000,2019,2318.02728
dcs:who/AIR_15.AGE--Y30T34__ENVCAUSE--ENVCAUSE118,dcid:undata-geo/G00145000,2019,1609.20167
dcs:who/AIR_15.AGE--Y40T44__ENVCAUSE--ENVCAUSE104,dcid:undata-geo/G00145000,2019,76.10479
dcs:who/AIR_15.AGE--Y40T44__ENVCAUSE--ENVCAUSE114,dcid:undata-geo/G00145000,2019,5701.85699
dcs:who/AIR_15.AGE--Y65T69__ENVCAUSE--ENVCAUSE104,dcid:undata-geo/G00145000,2019,356.26716
dcs:who/AIR_15.AGE--Y65T69__ENVCAUSE--ENVCAUSE113,dcid:undata-geo/G00145000,2019,10573.59425
dcs:who/AIR_15.AGE--Y70T74__ENVCAUSE--ENVCAUSE114,dcid:undata-geo/G00145000,2019,5675.53479
dcs:who/AIR_15.AGE--Y50T54__ENVCAUSE--ENVCAUSE118,dcid:undata-geo/G00145000,2019,5567.29091
dcs:who/AIR_15.AGE--Y50T54__ENVCAUSE--ENVCAUSE114,dcid:undata-geo/G00145000,2019,7636.48946
dcs:who/AIR_15.AGE--Y60T64__ENVCAUSE--ENVCAUSE113,dcid:undata-geo/G00145000,2019,13677.06754
dcs:who/AIR_15.AGE--Y75T79__ENVCAUSE--ENVCAUSE114,dcid:undata-geo/G00145000,2019,3874.51923
dcs:who/AIR_15.AGE--Y30T34__ENVCAUSE--ENVCAUSE104,dcid:undata-geo/G00145000,2019,24.26343
dcs:who/AIR_15.AGE--Y50T54__ENVCAUSE--ENVCAUSE104,dcid:undata-geo/G00145000,2019,168.91165
dcs:who/AIR_15.AGE--Y35T39__ENVCAUSE--ENVCAUSE114,dcid:undata-geo/G00145000,2019,4391.88423
dcs:who/AIR_15.AGE--Y55T59__ENVCAUSE--ENVCAUSE113,dcid:undata-geo/G00145000,2019,14462.85241
dcs:who/AIR_15.ENVCAUSE--ENVCAUSE113,dcid:undata-geo/G00145000,2019,102633.6375
dcs:who/AIR_15.AGE--Y55T59__ENVCAUSE--ENVCAUSE104,dcid:undata-geo/G00145000,2019,252.32946
dcs:who/AIR_15.AGE--Y_GE80__ENVCAUSE--ENVCAUSE114,dcid:undata-geo/G00145000,2019,2829.31313
dcs:who/AIR_15.AGE--Y45T49__ENVCAUSE--ENVCAUSE104,dcid:undata-geo/G00145000,2019,120.22129
dcs:who/AIR_15.AGE--Y75T79__ENVCAUSE--ENVCAUSE104,dcid:undata-geo/G00145000,2019,197.01346
dcs:who/AIR_15.AGE--Y55T59__ENVCAUSE--ENVCAUSE118,dcid:undata-geo/G00145000,2019,6701.34991
dcs:who/AIR_15.AGE--Y60T64__ENVCAUSE--ENVCAUSE118,dcid:undata-geo/G00145000,2019,8627.23504
dcs:who/AIR_15,dcid:undata-geo/G00145000,2019,322430.7943
dcs:who/AIR_15.AGE--Y25T29__ENVCAUSE--ENVCAUSE104,dcid:undata-geo/G00145000,2019,11.22745
dcs:who/AIR_15.ENVCAUSE--ENVCAUSE068__SEX--M,dcid:undata-geo/G00160000,2019,1870419.093
dcs:who/AIR_15.AGE--Y55T59__ENVCAUSE--ENVCAUSE068__SEX--M,dcid:undata-geo/G00160000,2019,255521.6601
dcs:who/AIR_15.ENVCAUSE--ENVCAUSE039__SEX--M,dcid:undata-geo/G00160000,2019,1197334.33
dcs:who/AIR_15.AGE--Y50T54__ENVCAUSE--ENVCAUSE068__SEX--M,dcid:undata-geo/G00160000,2019,197730.2941
dcs:who/AIR_15.AGE--Y0T4__ENVCAUSE--ENVCAUSE039__SEX--M,dcid:undata-geo/G00160000,2019,430570.6986
dcs:who/AIR_15.AGE--Y40T44__ENVCAUSE--ENVCAUSE039__SEX--M,dcid:undata-geo/G00160000,2019,25898.62012
dcs:who/AIR_15.AGE--Y70T74__ENVCAUSE--ENVCAUSE068__SEX--M,dcid:undata-geo/G00160000,2019,251388.4022
dcs:who/AIR_15.AGE--Y50T54__ENVCAUSE--ENVCAUSE118__SEX--M,dcid:undata-geo/G00160000,2019,90474.75697
dcs:who/AIR_15.AGE--Y75T79__ENVCAUSE--ENVCAUSE039__SEX--M,dcid:undata-geo/G00160000,2019,73784.67015
dcs:who/AIR_15.AGE--Y20T24__ENVCAUSE--ENVCAUSE039__SEX--M,dcid:undata-geo/G00160000,2019,18459.49917
dcs:who/AIR_15.AGE--Y75T79__ENVCAUSE--ENVCAUSE068__SEX--M,dcid:undata-geo/G00160000,2019,156385.9005
dcs:who/AIR_15.AGE--Y25T29__ENVCAUSE--ENVCAUSE068__SEX--M,dcid:undata-geo/G00160000,2019,7269.49686
dcs:who/AIR_15.AGE--Y60T64__ENVCAUSE--ENVCAUSE068__SEX--M,dcid:undata-geo/G00160000,2019,307721.2481
dcs:who/AIR_15.AGE--Y35T39__ENVCAUSE--ENVCAUSE118__SEX--M,dcid:undata-geo/G00160000,2019,15945.62969
dcs:who/AIR_15.AGE--Y15T19__ENVCAUSE--ENVCAUSE039__SEX--M,dcid:undata-geo/G00160000,2019,14434.8461
dcs:who/AIR_15.AGE--Y60T64__ENVCAUSE--ENVCAUSE118__SEX--M,dcid:undata-geo/G00160000,2019,189960.5607
dcs:who/AIR_15.AGE--Y_GE80__ENVCAUSE--ENVCAUSE068__SEX--M,dcid:undata-geo/G00160000,2019,125898.4979
dcs:who/AIR_15.AGE--Y40T44__ENVCAUSE--ENVCAUSE118__SEX--M,dcid:undata-geo/G00160000,2019,26252.19823
dcs:who/AIR_15.AGE--Y30T34__ENVCAUSE--ENVCAUSE118__SEX--M,dcid:undata-geo/G00160000,2019,14304.51397
dcs:who/AIR_15.AGE--Y30T34__ENVCAUSE--ENVCAUSE068__SEX--M,dcid:undata-geo/G00160000,2019,17532.50116
dcs:who/AIR_15.AGE--Y75T79__ENVCAUSE--ENVCAUSE118__SEX--M,dcid:undata-geo/G00160000,2019,295632.5566
dcs:who/AIR_15.AGE--Y5T9__ENVCAUSE--ENVCAUSE039__SEX--M,dcid:undata-geo/G00160000,2019,14353.68933
dcs:who/AIR_15.AGE--Y70T74__ENVCAUSE--ENVCAUSE118__SEX--M,dcid:undata-geo/G00160000,2019,313483.0645
dcs:who/AIR_15.AGE--Y30T34__ENVCAUSE--ENVCAUSE039__SEX--M,dcid:undata-geo/G00160000,2019,25872.64033
dcs:who/AIR_15.AGE--Y40T44__ENVCAUSE--ENVCAUSE068__SEX--M,dcid:undata-geo/G00160000,2019,54997.69995
dcs:who/AIR_15.AGE--Y35T39__ENVCAUSE--ENVCAUSE039__SEX--M,dcid:undata-geo/G00160000,2019,22982.55143
dcs:who/AIR_15.AGE--Y10T14__ENVCAUSE--ENVCAUSE039__SEX--M,dcid:undata-geo/G00160000,2019,12480.90933
dcs:who/AIR_15.AGE--Y35T39__ENVCAUSE--ENVCAUSE068__SEX--M,dcid:undata-geo/G00160000,2019,27480.03655
dcs:who/AIR_15.AGE--Y60T64__ENVCAUSE--ENVCAUSE039__SEX--M,dcid:undata-geo/G00160000,2019,69448.52887
dcs:who/AIR_15.AGE--Y70T74__ENVCAUSE--ENVCAUSE039__SEX--M,dcid:undata-geo/G00160000,2019,81016.77098
dcs:who/AIR_15.AGE--Y_GE80__ENVCAUSE--ENVCAUSE039__SEX--M,dcid:undata-geo/G00160000,2019,167688.9229
dcs:who/AIR_15.AGE--Y45T49__ENVCAUSE--ENVCAUSE068__SEX--M,dcid:undata-geo/G00160000,2019,111982.9224
dcs:who/AIR_15.AGE--Y45T49__ENVCAUSE--ENVCAUSE118__SEX--M,dcid:undata-geo/G00160000,2019,50562.65804
dcs:who/AIR_15.AGE--Y65T69__ENVCAUSE--ENVCAUSE118__SEX--M,dcid:undata-geo/G00160000,2019,288975.7501
dcs:who/AIR_15.AGE--Y45T49__ENVCAUSE--ENVCAUSE039__SEX--M,dcid:undata-geo/G00160000,2019,33516.2358
dcs:who/AIR_15.AGE--Y_GE80__ENVCAUSE--ENVCAUSE118__SEX--M,dcid:undata-geo/G00160000,2019,478353.8255
dcs:who/AIR_15.AGE--Y50T54__ENVCAUSE--ENVCAUSE039__SEX--M,dcid:undata-geo/G00160000,2019,44831.73942
dcs:who/AIR_15.AGE--Y55T59__ENVCAUSE--ENVCAUSE039__SEX--M,dcid:undata-geo/G00160000,2019,52122.62543
dcs:who/AIR_15.AGE--Y65T69__ENVCAUSE--ENVCAUSE039__SEX--M,dcid:undata-geo/G00160000,2019,86602.18611
dcs:who/AIR_15.AGE--Y55T59__ENVCAUSE--ENVCAUSE118__SEX--M,dcid:undata-geo/G00160000,2019,127072.8599
dcs:who/AIR_15.ENVCAUSE--ENVCAUSE118__SEX--M,dcid:undata-geo/G00160000,2019,1900275.433
dcs:who/AIR_15.AGE--Y65T69__ENVCAUSE--ENVCAUSE068__SEX--M,dcid:undata-geo/G00160000,2019,356510.4724
dcs:who/AIR_15.AGE--Y25T29__ENVCAUSE--ENVCAUSE039__SEX--M,dcid:undata-geo/G00160000,2019,23269.17386
dcs:who/AIR_15.AGE--Y55T59__ENVCAUSE--ENVCAUSE114__SEX--M,dcid:undata-geo/G00160000,2019,327017.6636
dcs:who/AIR_15.AGE--Y25T29__ENVCAUSE--ENVCAUSE113__SEX--M,dcid:undata-geo/G00160000,2019,35117.79269
dcs:who/AIR_15.AGE--Y60T64__ENVCAUSE--ENVCAUSE114__SEX--M,dcid:undata-geo/G00160000,2019,392571.6611
dcs:who/AIR_15.AGE--Y40T44__ENVCAUSE--ENVCAUSE113__SEX--M,dcid:undata-geo/G00160000,2019,151033.293
dcs:who/AIR_15.AGE--Y30T34__ENVCAUSE--ENVCAUSE114__SEX--M,dcid:undata-geo/G00160000,2019,49827.70752
dcs:who/AIR_15.AGE--Y55T59__ENVCAUSE--ENVCAUSE068__SEX--F,dcid:undata-geo/G00160000,2019,122912.0304
dcs:who/AIR_15.AGE--Y35T39__ENVCAUSE--ENVCAUSE114__SEX--M,dcid:undata-geo/G00160000,2019,68005.72288
dcs:who/AIR_15.AGE--Y50T54__ENVCAUSE--ENVCAUSE113__SEX--M,dcid:undata-geo/G00160000,2019,298357.9547
dcs:who/AIR_15.AGE--Y60T64__ENVCAUSE--ENVCAUSE068__SEX--F,dcid:undata-geo/G00160000,2019,147495.4379
dcs:who/AIR_15.AGE--Y40T44__ENVCAUSE--ENVCAUSE114__SEX--M,dcid:undata-geo/G00160000,2019,115714.9061
dcs:who/AIR_15.AGE--Y75T79__ENVCAUSE--ENVCAUSE113__SEX--M,dcid:undata-geo/G00160000,2019,287850.0903
dcs:who/AIR_15.ENVCAUSE--ENVCAUSE114__SEX--M,dcid:undata-geo/G00160000,2019,3145847.396
dcs:who/AIR_15.AGE--Y50T54__ENVCAUSE--ENVCAUSE114__SEX--M,dcid:undata-geo/G00160000,2019,275066.3274
dcs:who/AIR_15.AGE--Y25T29__ENVCAUSE--ENVCAUSE118__SEX--M,dcid:undata-geo/G00160000,2019,9257.07073
dcs:who/AIR_15.AGE--Y55T59__ENVCAUSE--ENVCAUSE113__SEX--M,dcid:undata-geo/G00160000,2019,325125.4387
dcs:who/AIR_15.AGE--Y45T49__ENVCAUSE--ENVCAUSE114__SEX--M,dcid:undata-geo/G00160000,2019,180657.3137
dcs:who/AIR_15.AGE--Y65T69__ENVCAUSE--ENVCAUSE114__SEX--M,dcid:undata-geo/G00160000,2019,491679.9869
dcs:who/AIR_15.AGE--Y75T79__ENVCAUSE--ENVCAUSE068__SEX--F,dcid:undata-geo/G00160000,2019,90181.11339
dcs:who/AIR_15.ENVCAUSE--ENVCAUSE068__SEX--F,dcid:undata-geo/G00160000,2019,1002330.03
dcs:who/AIR_15.AGE--Y65T69__ENVCAUSE--ENVCAUSE113__SEX--M,dcid:undata-geo/G00160000,2019,419637.1631
dcs:who/AIR_15.AGE--Y_GE80__ENVCAUSE--ENVCAUSE068__SEX--F,dcid:undata-geo/G00160000,2019,91062.81223
dcs:who/AIR_15.AGE--Y60T64__ENVCAUSE--ENVCAUSE113__SEX--M,dcid:undata-geo/G00160000,2019,360888.6393
dcs:who/AIR_15.AGE--Y35T39__ENVCAUSE--ENVCAUSE113__SEX--M,dcid:undata-geo/G00160000,2019,95896.19304
dcs:who/AIR_15.AGE--Y70T74__ENVCAUSE--ENVCAUSE113__SEX--M,dcid:undata-geo/G00160000,2019,345721.9781
dcs:who/AIR_15.ENVCAUSE--ENVCAUSE113__SEX--M,dcid:undata-geo/G00160000,2019,3105224.518
dcs:who/AIR_15.AGE--Y65T69__ENVCAUSE--ENVCAUSE068__SEX--F,dcid:undata-geo/G00160000,2019,176446.3792
dcs:who/AIR_15.SEX--M,dcid:undata-geo/G00160000,2019,11219101.24
dcs:who/AIR_15.AGE--Y25T29__ENVCAUSE--ENVCAUSE114__SEX--M,dcid:undata-geo/G00160000,2019,24922.942
dcs:who/AIR_15.AGE--Y_GE80__ENVCAUSE--ENVCAUSE114__SEX--M,dcid:undata-geo/G00160000,2019,450447.4347
dcs:who/AIR_15.AGE--Y_GE80__ENVCAUSE--ENVCAUSE113__SEX--M,dcid:undata-geo/G00160000,2019,496986.506
dcs:who/AIR_15.AGE--Y45T49__ENVCAUSE--ENVCAUSE113__SEX--M,dcid:undata-geo/G00160000,2019,213979.7256
dcs:who/AIR_15.AGE--Y75T79__ENVCAUSE--ENVCAUSE114__SEX--M,dcid:undata-geo/G00160000,2019,346990.8064
dcs:who/AIR_15.AGE--Y30T34__ENVCAUSE--ENVCAUSE113__SEX--M,dcid:undata-geo/G00160000,2019,74629.66722
dcs:who/AIR_15.AGE--Y70T74__ENVCAUSE--ENVCAUSE114__SEX--M,dcid:undata-geo/G00160000,2019,422944.9853
dcs:who/AIR_15.AGE--Y70T74__ENVCAUSE--ENVCAUSE068__SEX--F,dcid:undata-geo/G00160000,2019,130974.3408
dcs:who/AIR_15.AGE--Y25T29__ENVCAUSE--ENVCAUSE068__SEX--F,dcid:undata-geo/G00160000,2019,4958.14165
dcs:who/AIR_15.AGE--Y30T34__ENVCAUSE--ENVCAUSE068__SEX--F,dcid:undata-geo/G00160000,2019,11865.64656
dcs:who/AIR_15.AGE--Y75T79__ENVCAUSE--ENVCAUSE118__SEX--F,dcid:undata-geo/G00160000,2019,255801.3362
dcs:who/AIR_15.AGE--Y25T29__ENVCAUSE--ENVCAUSE039__SEX--F,dcid:undata-geo/G00160000,2019,12845.13709
dcs:who/AIR_15.AGE--Y35T39__ENVCAUSE--ENVCAUSE039__SEX--F,dcid:undata-geo/G00160000,2019,14768.03016
dcs:who/AIR_15.AGE--Y50T54__ENVCAUSE--ENVCAUSE118__SEX--F,dcid:undata-geo/G00160000,2019,73798.0139
dcs:who/AIR_15.AGE--Y70T74__ENVCAUSE--ENVCAUSE118__SEX--F,dcid:undata-geo/G00160000,2019,251529.5183
dcs:who/AIR_15.AGE--Y55T59__ENVCAUSE--ENVCAUSE118__SEX--F,dcid:undata-geo/G00160000,2019,95264.55991
dcs:who/AIR_15.AGE--Y60T64__ENVCAUSE--ENVCAUSE118__SEX--F,dcid:undata-geo/G00160000,2019,138570.7782
dcs:who/AIR_15.AGE--Y65T69__ENVCAUSE--ENVCAUSE039__SEX--F,dcid:undata-geo/G00160000,2019,49989.8189
dcs:who/AIR_15.AGE--Y40T44__ENVCAUSE--ENVCAUSE068__SEX--F,dcid:undata-geo/G00160000,2019,37809.44396
dcs:who/AIR_15.AGE--Y65T69__ENVCAUSE--ENVCAUSE118__SEX--F,dcid:undata-geo/G00160000,2019,222646.2649
dcs:who/AIR_15.AGE--Y_GE80__ENVCAUSE--ENVCAUSE118__SEX--F,dcid:undata-geo/G00160000,2019,537564.5643
dcs:who/AIR_15.AGE--Y45T49__ENVCAUSE--ENVCAUSE039__SEX--F,dcid:undata-geo/G00160000,2019,18133.31112
dcs:who/AIR_15.AGE--Y10T14__ENVCAUSE--ENVCAUSE039__SEX--F,dcid:undata-geo/G00160000,2019,9954.47817
dcs:who/AIR_15.AGE--Y75T79__ENVCAUSE--ENVCAUSE039__SEX--F,dcid:undata-geo/G00160000,2019,63886.3519
dcs:who/AIR_15.AGE--Y_GE80__ENVCAUSE--ENVCAUSE039__SEX--F,dcid:undata-geo/G00160000,2019,222382.4866
dcs:who/AIR_15.AGE--Y0T4__ENVCAUSE--ENVCAUSE039__SEX--F,dcid:undata-geo/G00160000,2019,314278.9997
dcs:who/AIR_15.AGE--Y35T39__ENVCAUSE--ENVCAUSE118__SEX--F,dcid:undata-geo/G00160000,2019,17622.73644
dcs:who/AIR_15.AGE--Y30T34__ENVCAUSE--ENVCAUSE039__SEX--F,dcid:undata-geo/G00160000,2019,13827.17762
dcs:who/AIR_15.AGE--Y25T29__ENVCAUSE--ENVCAUSE118__SEX--F,dcid:undata-geo/G00160000,2019,11525.03428
dcs:who/AIR_15.AGE--Y_GE80__ENVCAUSE--ENVCAUSE114__SEX--F,dcid:undata-geo/G00160000,2019,550015.3541
dcs:who/AIR_15.AGE--Y45T49__ENVCAUSE--ENVCAUSE068__SEX--F,dcid:undata-geo/G00160000,2019,65234.82745
dcs:who/AIR_15.AGE--Y55T59__ENVCAUSE--ENVCAUSE039__SEX--F,dcid:undata-geo/G00160000,2019,27681.2994
dcs:who/AIR_15.AGE--Y5T9__ENVCAUSE--ENVCAUSE039__SEX--F,dcid:undata-geo/G00160000,2019,15781.98552
dcs:who/AIR_15.AGE--Y75T79__ENVCAUSE--ENVCAUSE114__SEX--F,dcid:undata-geo/G00160000,2019,320899.9554
dcs:who/AIR_15.AGE--Y35T39__ENVCAUSE--ENVCAUSE068__SEX--F,dcid:undata-geo/G00160000,2019,18579.40412
dcs:who/AIR_15.ENVCAUSE--ENVCAUSE114__SEX--F,dcid:undata-geo/G00160000,2019,2412724.46
dcs:who/AIR_15.AGE--Y50T54__ENVCAUSE--ENVCAUSE039__SEX--F,dcid:undata-geo/G00160000,2019,23454.32626
dcs:who/AIR_15.AGE--Y45T49__ENVCAUSE--ENVCAUSE118__SEX--F,dcid:undata-geo/G00160000,2019,43536.70554
dcs:who/AIR_15.AGE--Y50T54__ENVCAUSE--ENVCAUSE068__SEX--F,dcid:undata-geo/G00160000,2019,104810.4656
dcs:who/AIR_15.AGE--Y70T74__ENVCAUSE--ENVCAUSE039__SEX--F,dcid:undata-geo/G00160000,2019,57440.58055
dcs:who/AIR_15.AGE--Y40T44__ENVCAUSE--ENVCAUSE039__SEX--F,dcid:undata-geo/G00160000,2019,13972.3325
dcs:who/AIR_15.ENVCAUSE--ENVCAUSE118__SEX--F,dcid:undata-geo/G00160000,2019,1689190.883
dcs:who/AIR_15.AGE--Y40T44__ENVCAUSE--ENVCAUSE118__SEX--F,dcid:undata-geo/G00160000,2019,24635.5842
dcs:who/AIR_15.AGE--Y20T24__ENVCAUSE--ENVCAUSE039__SEX--F,dcid:undata-geo/G00160000,2019,11329.7721
dcs:who/AIR_15.AGE--Y60T64__ENVCAUSE--ENVCAUSE039__SEX--F,dcid:undata-geo/G00160000,2019,36204.22576
dcs:who/AIR_15.ENVCAUSE--ENVCAUSE039__SEX--F,dcid:undata-geo/G00160000,2019,917743.1689
dcs:who/AIR_15.AGE--Y30T34__ENVCAUSE--ENVCAUSE118__SEX--F,dcid:undata-geo/G00160000,2019,16695.76279
dcs:who/AIR_15.AGE--Y15T19__ENVCAUSE--ENVCAUSE039__SEX--F,dcid:undata-geo/G00160000,2019,11812.84611
dcs:who/AIR_15.AGE--Y50T54__ENVCAUSE--ENVCAUSE114__SEX--F,dcid:undata-geo/G00160000,2019,160563.1317
dcs:who/AIR_15.AGE--Y35T39__ENVCAUSE--ENVCAUSE113__SEX--F,dcid:undata-geo/G00160000,2019,28885.40219
dcs:who/AIR_15.AGE--Y55T59__ENVCAUSE--ENVCAUSE113__SEX--F,dcid:undata-geo/G00160000,2019,146404.6318
dcs:who/AIR_15.AGE--Y65T69__ENVCAUSE--ENVCAUSE104__SEX--F,dcid:undata-geo/G00160000,2019,17591.60087
dcs:who/AIR_15.AGE--Y40T44__ENVCAUSE--ENVCAUSE113__SEX--F,dcid:undata-geo/G00160000,2019,48976.8616
dcs:who/AIR_15.AGE--Y_GE80__ENVCAUSE--ENVCAUSE104__SEX--F,dcid:undata-geo/G00160000,2019,28762.87385
dcs:who/AIR_15.AGE--Y45T49__ENVCAUSE--ENVCAUSE114__SEX--F,dcid:undata-geo/G00160000,2019,96428.12028
dcs:who/AIR_15.AGE--Y_GE80__ENVCAUSE--ENVCAUSE113__SEX--F,dcid:undata-geo/G00160000,2019,627664.9591
dcs:who/AIR_15.AGE--Y60T64__ENVCAUSE--ENVCAUSE113__SEX--F,dcid:undata-geo/G00160000,2019,196558.8187
dcs:who/AIR_15.AGE--Y35T39__ENVCAUSE--ENVCAUSE104__SEX--F,dcid:undata-geo/G00160000,2019,879.50364
dcs:who/AIR_15.AGE--Y45T49__ENVCAUSE--ENVCAUSE104__SEX--F,dcid:undata-geo/G00160000,2019,3851.93243
dcs:who/AIR_15.AGE--Y55T59__ENVCAUSE--ENVCAUSE104__SEX--F,dcid:undata-geo/G00160000,2019,8104.35076
dcs:who/AIR_15.AGE--Y30T34__ENVCAUSE--ENVCAUSE104__SEX--F,dcid:undata-geo/G00160000,2019,484.51802
dcs:who/AIR_15.AGE--Y25T29__ENVCAUSE--ENVCAUSE113__SEX--F,dcid:undata-geo/G00160000,2019,12880.6216
dcs:who/AIR_15.ENVCAUSE--ENVCAUSE104__SEX--F,dcid:undata-geo/G00160000,2019,109766.7693
dcs:who/AIR_15.AGE--Y60T64__ENVCAUSE--ENVCAUSE104__SEX--F,dcid:undata-geo/G00160000,2019,11655.62688
dcs:who/AIR_15.AGE--Y40T44__ENVCAUSE--ENVCAUSE104__SEX--F,dcid:undata-geo/G00160000,2019,1823.31566
dcs:who/AIR_15.AGE--Y60T64__ENVCAUSE--ENVCAUSE114__SEX--F,dcid:undata-geo/G00160000,2019,250589.9001
dcs:who/AIR_15.AGE--Y75T79__ENVCAUSE--ENVCAUSE104__SEX--F,dcid:undata-geo/G00160000,2019,14606.60846
dcs:who/AIR_15.AGE--Y50T54__ENVCAUSE--ENVCAUSE113__SEX--F,dcid:undata-geo/G00160000,2019,119779.24
dcs:who/AIR_15.AGE--Y65T69__ENVCAUSE--ENVCAUSE114__SEX--F,dcid:undata-geo/G00160000,2019,362569.6961
dcs:who/AIR_15.AGE--Y30T34__ENVCAUSE--ENVCAUSE113__SEX--F,dcid:undata-geo/G00160000,2019,22542.75387
dcs:who/AIR_15.AGE--Y25T29__ENVCAUSE--ENVCAUSE104__SEX--F,dcid:undata-geo/G00160000,2019,159.87222
dcs:who/AIR_15.AGE--Y75T79__ENVCAUSE--ENVCAUSE068,dcid:undata-geo/G00160000,2019,246567.0135
dcs:who/AIR_15.AGE--Y65T69__ENVCAUSE--ENVCAUSE113__SEX--F,dcid:undata-geo/G00160000,2019,277512.623
dcs:who/AIR_15.AGE--Y_GE80__ENVCAUSE--ENVCAUSE068,dcid:undata-geo/G00160000,2019,216961.3025
dcs:who/AIR_15.AGE--Y45T49__ENVCAUSE--ENVCAUSE113__SEX--F,dcid:undata-geo/G00160000,2019,78326.36382
dcs:who/AIR_15.AGE--Y55T59__ENVCAUSE--ENVCAUSE114__SEX--F,dcid:undata-geo/G00160000,2019,192285.243
dcs:who/AIR_15.AGE--Y50T54__ENVCAUSE--ENVCAUSE104__SEX--F,dcid:undata-geo/G00160000,2019,5929.17924
dcs:who/AIR_15.AGE--Y25T29__ENVCAUSE--ENVCAUSE114__SEX--F,dcid:undata-geo/G00160000,2019,14664.25055
dcs:who/AIR_15.AGE--Y70T74__ENVCAUSE--ENVCAUSE104__SEX--F,dcid:undata-geo/G00160000,2019,15917.3853
dcs:who/AIR_15.AGE--Y35T39__ENVCAUSE--ENVCAUSE114__SEX--F,dcid:undata-geo/G00160000,2019,32498.25557
dcs:who/AIR_15.ENVCAUSE--ENVCAUSE113__SEX--F,dcid:undata-geo/G00160000,2019,2091131.246
dcs:who/AIR_15.AGE--Y70T74__ENVCAUSE--ENVCAUSE114__SEX--F,dcid:undata-geo/G00160000,2019,354177.9346
dcs:who/AIR_15.AGE--Y75T79__ENVCAUSE--ENVCAUSE113__SEX--F,dcid:undata-geo/G00160000,2019,259471.0053
dcs:who/AIR_15.AGE--Y40T44__ENVCAUSE--ENVCAUSE114__SEX--F,dcid:undata-geo/G00160000,2019,54341.36322
dcs:who/AIR_15.SEX--F,dcid:undata-geo/G00160000,2019,8222886.627
dcs:who/AIR_15.AGE--Y70T74__ENVCAUSE--ENVCAUSE113__SEX--F,dcid:undata-geo/G00160000,2019,272127.9228
dcs:who/AIR_15.ENVCAUSE--ENVCAUSE068,dcid:undata-geo/G00160000,2019,2872749.193
dcs:who/AIR_15.AGE--Y30T34__ENVCAUSE--ENVCAUSE114__SEX--F,dcid:undata-geo/G00160000,2019,23691.21428
dcs:who/AIR_15.AGE--Y65T69__ENVCAUSE--ENVCAUSE068,dcid:undata-geo/G00160000,2019,532956.8355
dcs:who/AIR_15.AGE--Y35T39__ENVCAUSE--ENVCAUSE118,dcid:undata-geo/G00160000,2019,33568.36516
dcs:who/AIR_15.AGE--Y25T29__ENVCAUSE--ENVCAUSE039,dcid:undata-geo/G00160000,2019,36114.31198
dcs:who/AIR_15.AGE--Y40T44__ENVCAUSE--ENVCAUSE039,dcid:undata-geo/G00160000,2019,39870.95339
dcs:who/AIR_15.AGE--Y25T29__ENVCAUSE--ENVCAUSE068,dcid:undata-geo/G00160000,2019,12227.63866
dcs:who/AIR_15.AGE--Y40T44__ENVCAUSE--ENVCAUSE118,dcid:undata-geo/G00160000,2019,50887.78224
dcs:who/AIR_15.AGE--Y15T19__ENVCAUSE--ENVCAUSE039,dcid:undata-geo/G00160000,2019,26247.69196
dcs:who/AIR_15.AGE--Y45T49__ENVCAUSE--ENVCAUSE118,dcid:undata-geo/G00160000,2019,94099.36761
dcs:who/AIR_15.AGE--Y70T74__ENVCAUSE--ENVCAUSE068,dcid:undata-geo/G00160000,2019,382362.7427
dcs:who/AIR_15.AGE--Y50T54__ENVCAUSE--ENVCAUSE039,dcid:undata-geo/G00160000,2019,68286.06738
dcs:who/AIR_15.AGE--Y0T4__ENVCAUSE--ENVCAUSE039,dcid:undata-geo/G00160000,2019,744849.7007
dcs:who/AIR_15.AGE--Y75T79__ENVCAUSE--ENVCAUSE118,dcid:undata-geo/G00160000,2019,551433.8915
dcs:who/AIR_15.AGE--Y70T74__ENVCAUSE--ENVCAUSE118,dcid:undata-geo/G00160000,2019,565012.5979
dcs:who/AIR_15.AGE--Y_GE80__ENVCAUSE--ENVCAUSE039,dcid:undata-geo/G00160000,2019,390071.4035
dcs:who/AIR_15.AGE--Y60T64__ENVCAUSE--ENVCAUSE118,dcid:undata-geo/G00160000,2019,328531.3331
dcs:who/AIR_15.ENVCAUSE--ENVCAUSE114,dcid:undata-geo/G00160000,2019,5558572.132
dcs:who/AIR_15.AGE--Y30T34__ENVCAUSE--ENVCAUSE039,dcid:undata-geo/G00160000,2019,39699.81899
dcs:who/AIR_15.AGE--Y55T59__ENVCAUSE--ENVCAUSE068,dcid:undata-geo/G00160000,2019,378433.6893
dcs:who/AIR_15.AGE--Y_GE80__ENVCAUSE--ENVCAUSE114,dcid:undata-geo/G00160000,2019,1000462.79
dcs:who/AIR_15.AGE--Y65T69__ENVCAUSE--ENVCAUSE118,dcid:undata-geo/G00160000,2019,511622.0162
dcs:who/AIR_15.AGE--Y45T49__ENVCAUSE--ENVCAUSE068,dcid:undata-geo/G00160000,2019,177217.746
dcs:who/AIR_15.AGE--Y30T34__ENVCAUSE--ENVCAUSE068,dcid:undata-geo/G00160000,2019,29398.14775
dcs:who/AIR_15.AGE--Y25T29__ENVCAUSE--ENVCAUSE118,dcid:undata-geo/G00160000,2019,20782.10494
dcs:who/AIR_15.AGE--Y75T79__ENVCAUSE--ENVCAUSE039,dcid:undata-geo/G00160000,2019,137671.0213
dcs:who/AIR_15.AGE--Y70T74__ENVCAUSE--ENVCAUSE039,dcid:undata-geo/G00160000,2019,138457.3576
dcs:who/AIR_15.AGE--Y55T59__ENVCAUSE--ENVCAUSE118,dcid:undata-geo/G00160000,2019,222337.4104
dcs:who/AIR_15.AGE--Y20T24__ENVCAUSE--ENVCAUSE039,dcid:undata-geo/G00160000,2019,29789.27058
dcs:who/AIR_15.AGE--Y30T34__ENVCAUSE--ENVCAUSE118,dcid:undata-geo/G00160000,2019,31000.27674
dcs:who/AIR_15.AGE--Y60T64__ENVCAUSE--ENVCAUSE039,dcid:undata-geo/G00160000,2019,105652.757
dcs:who/AIR_15.AGE--Y45T49__ENVCAUSE--ENVCAUSE039,dcid:undata-geo/G00160000,2019,51649.54496
dcs:who/AIR_15.ENVCAUSE--ENVCAUSE118,dcid:undata-geo/G00160000,2019,3589466.182
dcs:who/AIR_15.AGE--Y40T44__ENVCAUSE--ENVCAUSE068,dcid:undata-geo/G00160000,2019,92807.15003
dcs:who/AIR_15.ENVCAUSE--ENVCAUSE039,dcid:undata-geo/G00160000,2019,2115077.443
dcs:who/AIR_15.AGE--Y10T14__ENVCAUSE--ENVCAUSE039,dcid:undata-geo/G00160000,2019,22435.3872
dcs:who/AIR_15.AGE--Y50T54__ENVCAUSE--ENVCAUSE118,dcid:undata-geo/G00160000,2019,164272.7737
dcs:who/AIR_15.AGE--Y75T79__ENVCAUSE--ENVCAUSE114,dcid:undata-geo/G00160000,2019,667890.7914
dcs:who/AIR_15.AGE--Y55T59__ENVCAUSE--ENVCAUSE039,dcid:undata-geo/G00160000,2019,79803.92613
dcs:who/AIR_15.AGE--Y5T9__ENVCAUSE--ENVCAUSE039,dcid:undata-geo/G00160000,2019,30135.67511
dcs:who/AIR_15.AGE--Y50T54__ENVCAUSE--ENVCAUSE068,dcid:undata-geo/G00160000,2019,302540.7664
dcs:who/AIR_15.AGE--Y35T39__ENVCAUSE--ENVCAUSE068,dcid:undata-geo/G00160000,2019,46059.44038
dcs:who/AIR_15.AGE--Y60T64__ENVCAUSE--ENVCAUSE068,dcid:undata-geo/G00160000,2019,455216.6858
dcs:who/AIR_15.AGE--Y65T69__ENVCAUSE--ENVCAUSE039,dcid:undata-geo/G00160000,2019,136592.0066
dcs:who/AIR_15.AGE--Y_GE80__ENVCAUSE--ENVCAUSE118,dcid:undata-geo/G00160000,2019,1015918.417
dcs:who/AIR_15.AGE--Y35T39__ENVCAUSE--ENVCAUSE039,dcid:undata-geo/G00160000,2019,37750.58214
dcs:who/AIR_15.AGE--Y55T59__ENVCAUSE--ENVCAUSE114,dcid:undata-geo/G00160000,2019,519302.9226
dcs:who/AIR_15.AGE--Y50T54__ENVCAUSE--ENVCAUSE104,dcid:undata-geo/G00160000,2019,5929.17924
dcs:who/AIR_15.AGE--Y25T29__ENVCAUSE--ENVCAUSE114,dcid:undata-geo/G00160000,2019,39587.19327
dcs:who/AIR_15.AGE--Y75T79__ENVCAUSE--ENVCAUSE104,dcid:undata-geo/G00160000,2019,14606.60846
dcs:who/AIR_15.AGE--Y30T34__ENVCAUSE--ENVCAUSE114,dcid:undata-geo/G00160000,2019,73518.92121
dcs:who/AIR_15.AGE--Y40T44__ENVCAUSE--ENVCAUSE113,dcid:undata-geo/G00160000,2019,200010.1536
dcs:who/AIR_15.AGE--Y75T79__ENVCAUSE--ENVCAUSE113,dcid:undata-geo/G00160000,2019,547321.0988
dcs:who/AIR_15.AGE--Y_GE80__ENVCAUSE--ENVCAUSE113,dcid:undata-geo/G00160000,2019,1124651.432
dcs:who/AIR_15.AGE--Y60T64__ENVCAUSE--ENVCAUSE104,dcid:undata-geo/G00160000,2019,11655.62688
dcs:who/AIR_15.AGE--Y35T39__ENVCAUSE--ENVCAUSE114,dcid:undata-geo/G00160000,2019,100503.9786
dcs:who/AIR_15.AGE--Y45T49__ENVCAUSE--ENVCAUSE104,dcid:undata-geo/G00160000,2019,3851.93243
dcs:who/AIR_15.AGE--Y70T74__ENVCAUSE--ENVCAUSE113,dcid:undata-geo/G00160000,2019,617849.9156
dcs:who/AIR_15.AGE--Y_GE80__ENVCAUSE--ENVCAUSE104,dcid:undata-geo/G00160000,2019,28762.87385
dcs:who/AIR_15.AGE--Y45T49__ENVCAUSE--ENVCAUSE113,dcid:undata-geo/G00160000,2019,292306.0902
dcs:who/AIR_15.AGE--Y70T74__ENVCAUSE--ENVCAUSE114,dcid:undata-geo/G00160000,2019,777122.9178
dcs:who/AIR_15.AGE--Y65T69__ENVCAUSE--ENVCAUSE113,dcid:undata-geo/G00160000,2019,697149.7703
dcs:who/AIR_15.AGE--Y65T69__ENVCAUSE--ENVCAUSE114,dcid:undata-geo/G00160000,2019,854249.649
dcs:who/AIR_15.AGE--Y35T39__ENVCAUSE--ENVCAUSE113,dcid:undata-geo/G00160000,2019,124781.5929
dcs:who/AIR_15.AGE--Y50T54__ENVCAUSE--ENVCAUSE114,dcid:undata-geo/G00160000,2019,435629.4671
dcs:who/AIR_15.AGE--Y65T69__ENVCAUSE--ENVCAUSE104,dcid:undata-geo/G00160000,2019,17591.60087
dcs:who/AIR_15.AGE--Y70T74__ENVCAUSE--ENVCAUSE104,dcid:undata-geo/G00160000,2019,15917.3853
dcs:who/AIR_15.AGE--Y55T59__ENVCAUSE--ENVCAUSE104,dcid:undata-geo/G00160000,2019,8104.35076
dcs:who/AIR_15.AGE--Y25T29__ENVCAUSE--ENVCAUSE113,dcid:undata-geo/G00160000,2019,47998.41438
dcs:who/AIR_15.AGE--Y60T64__ENVCAUSE--ENVCAUSE113,dcid:undata-geo/G00160000,2019,557447.4584
dcs:who/AIR_15.AGE--Y30T34__ENVCAUSE--ENVCAUSE113,dcid:undata-geo/G00160000,2019,97172.42007
dcs:who/AIR_15.ENVCAUSE--ENVCAUSE104,dcid:undata-geo/G00160000,2019,109766.7693
dcs:who/AIR_15.AGE--Y40T44__ENVCAUSE--ENVCAUSE104,dcid:undata-geo/G00160000,2019,1823.31566
dcs:who/AIR_15.AGE--Y50T54__ENVCAUSE--ENVCAUSE113,dcid:undata-geo/G00160000,2019,418137.1967
dcs:who/AIR_15.AGE--Y40T44__ENVCAUSE--ENVCAUSE114,dcid:undata-geo/G00160000,2019,170056.2765
dcs:who/AIR_15.AGE--Y45T49__ENVCAUSE--ENVCAUSE114,dcid:undata-geo/G00160000,2019,277085.425
dcs:who/AIR_15.AGE--Y55T59__ENVCAUSE--ENVCAUSE113,dcid:undata-geo/G00160000,2019,471530.0558
dcs:who/AIR_15.AGE--Y60T64__ENVCAUSE--ENVCAUSE114,dcid:undata-geo/G00160000,2019,643161.5571
dcs:who/AIR_15.ENVCAUSE--ENVCAUSE113,dcid:undata-geo/G00160000,2019,5196355.665
dcs:who/AIR_15,dcid:undata-geo/G00160000,2019,19441986.88
dcs:who/AIR_15.AGE--Y25T29__ENVCAUSE--ENVCAUSE104,dcid:undata-geo/G00160000,2019,159.87222
dcs:who/AIR_15.AGE--Y35T39__ENVCAUSE--ENVCAUSE104,dcid:undata-geo/G00160000,2019,879.50364
dcs:who/AIR_15.AGE--Y30T34__ENVCAUSE--ENVCAUSE104,dcid:undata-geo/G00160000,2019,484.51802
