SERIES,GEOGRAPHY,TIME_PERIOD,OBS_VALUE
dcs:who/AIR_7.ENVCAUSE--ENVCAUSE068__SEX--M,dcid:AustraliaAndNewZealand,2019,4423.33148
dcs:who/AIR_7.AGE--Y70T74__ENVCAUSE--ENVCAUSE114__SEX--M,dcid:AustraliaAndNewZealand,2019,920.59924
dcs:who/AIR_7.AGE--Y50T54__ENVCAUSE--ENVCAUSE114__SEX--M,dcid:AustraliaAndNewZealand,2019,339.5567
dcs:who/AIR_7.AGE--Y50T54__ENVCAUSE--ENVCAUSE118__SEX--M,dcid:AustraliaAndNewZealand,2019,305.4041
dcs:who/AIR_7.AGE--Y45T49__ENVCAUSE--ENVCAUSE118__SEX--M,dcid:AustraliaAndNewZealand,2019,177.96032
dcs:who/AIR_7.AGE--Y_GE80__ENVCAUSE--ENVCAUSE114__SEX--M,dcid:AustraliaAndNewZealand,2019,2410.43515
dcs:who/AIR_7.AGE--Y65T69__ENVCAUSE--ENVCAUSE039__SEX--M,dcid:AustraliaAndNewZealand,2019,197.58904
dcs:who/AIR_7.AGE--Y60T64__ENVCAUSE--ENVCAUSE039__SEX--M,dcid:AustraliaAndNewZealand,2019,162.89751
dcs:who/AIR_7.AGE--Y75T79__ENVCAUSE--ENVCAUSE118__SEX--M,dcid:AustraliaAndNewZealand,2019,1367.53785
dcs:who/AIR_7.ENVCAUSE--ENVCAUSE039__SEX--M,dcid:AustraliaAndNewZealand,2019,2860.99478
dcs:who/AIR_7.AGE--Y45T49__ENVCAUSE--ENVCAUSE039__SEX--M,dcid:AustraliaAndNewZealand,2019,89.48492
dcs:who/AIR_7.AGE--Y55T59__ENVCAUSE--ENVCAUSE068__SEX--M,dcid:AustraliaAndNewZealand,2019,471.10638
dcs:who/AIR_7.AGE--Y10T14__ENVCAUSE--ENVCAUSE039__SEX--M,dcid:AustraliaAndNewZealand,2019,14.29029
dcs:who/AIR_7.AGE--Y65T69__ENVCAUSE--ENVCAUSE068__SEX--M,dcid:AustraliaAndNewZealand,2019,753.08271
dcs:who/AIR_7.AGE--Y_GE80__ENVCAUSE--ENVCAUSE039__SEX--M,dcid:AustraliaAndNewZealand,2019,1290.98588
dcs:who/AIR_7.AGE--Y20T24__ENVCAUSE--ENVCAUSE039__SEX--M,dcid:AustraliaAndNewZealand,2019,16.71661
dcs:who/AIR_7.AGE--Y65T69__ENVCAUSE--ENVCAUSE114__SEX--M,dcid:AustraliaAndNewZealand,2019,661.20956
dcs:who/AIR_7.AGE--Y30T34__ENVCAUSE--ENVCAUSE039__SEX--M,dcid:AustraliaAndNewZealand,2019,34.6624
dcs:who/AIR_7.AGE--Y30T34__ENVCAUSE--ENVCAUSE118__SEX--M,dcid:AustraliaAndNewZealand,2019,35.92289
dcs:who/AIR_7.AGE--Y50T54__ENVCAUSE--ENVCAUSE039__SEX--M,dcid:AustraliaAndNewZealand,2019,105.9105
dcs:who/AIR_7.AGE--Y60T64__ENVCAUSE--ENVCAUSE118__SEX--M,dcid:AustraliaAndNewZealand,2019,781.28818
dcs:who/AIR_7.AGE--Y40T44__ENVCAUSE--ENVCAUSE118__SEX--M,dcid:AustraliaAndNewZealand,2019,74.41804
dcs:who/AIR_7.AGE--Y35T39__ENVCAUSE--ENVCAUSE118__SEX--M,dcid:AustraliaAndNewZealand,2019,49.63613
dcs:who/AIR_7.AGE--Y5T9__ENVCAUSE--ENVCAUSE039__SEX--M,dcid:AustraliaAndNewZealand,2019,21.61563
dcs:who/AIR_7.AGE--Y35T39__ENVCAUSE--ENVCAUSE068__SEX--M,dcid:AustraliaAndNewZealand,2019,19.04503
dcs:who/AIR_7.AGE--Y25T29__ENVCAUSE--ENVCAUSE068__SEX--M,dcid:AustraliaAndNewZealand,2019,1.47696
dcs:who/AIR_7.ENVCAUSE--ENVCAUSE114__SEX--M,dcid:AustraliaAndNewZealand,2019,6975.40263
dcs:who/AIR_7.ENVCAUSE--ENVCAUSE118__SEX--M,dcid:AustraliaAndNewZealand,2019,8354.94409
dcs:who/AIR_7.AGE--Y75T79__ENVCAUSE--ENVCAUSE068__SEX--M,dcid:AustraliaAndNewZealand,2019,599.74357
dcs:who/AIR_7.AGE--Y60T64__ENVCAUSE--ENVCAUSE068__SEX--M,dcid:AustraliaAndNewZealand,2019,658.54394
dcs:who/AIR_7.AGE--Y55T59__ENVCAUSE--ENVCAUSE039__SEX--M,dcid:AustraliaAndNewZealand,2019,115.52473
dcs:who/AIR_7.AGE--Y70T74__ENVCAUSE--ENVCAUSE068__SEX--M,dcid:AustraliaAndNewZealand,2019,800.48841
dcs:who/AIR_7.AGE--Y40T44__ENVCAUSE--ENVCAUSE068__SEX--M,dcid:AustraliaAndNewZealand,2019,63.96073
dcs:who/AIR_7.AGE--Y60T64__ENVCAUSE--ENVCAUSE114__SEX--M,dcid:AustraliaAndNewZealand,2019,529.44658
dcs:who/AIR_7.AGE--Y15T19__ENVCAUSE--ENVCAUSE039__SEX--M,dcid:AustraliaAndNewZealand,2019,5.5019
dcs:who/AIR_7.AGE--Y45T49__ENVCAUSE--ENVCAUSE068__SEX--M,dcid:AustraliaAndNewZealand,2019,142.63528
dcs:who/AIR_7.AGE--Y75T79__ENVCAUSE--ENVCAUSE039__SEX--M,dcid:AustraliaAndNewZealand,2019,270.49032
dcs:who/AIR_7.AGE--Y75T79__ENVCAUSE--ENVCAUSE114__SEX--M,dcid:AustraliaAndNewZealand,2019,999.67301
dcs:who/AIR_7.AGE--Y_GE80__ENVCAUSE--ENVCAUSE118__SEX--M,dcid:AustraliaAndNewZealand,2019,2552.74543
dcs:who/AIR_7.AGE--Y35T39__ENVCAUSE--ENVCAUSE114__SEX--M,dcid:AustraliaAndNewZealand,2019,119.06741
dcs:who/AIR_7.AGE--Y0T4__ENVCAUSE--ENVCAUSE039__SEX--M,dcid:AustraliaAndNewZealand,2019,175.44673
dcs:who/AIR_7.AGE--Y40T44__ENVCAUSE--ENVCAUSE114__SEX--M,dcid:AustraliaAndNewZealand,2019,167.93288
dcs:who/AIR_7.AGE--Y70T74__ENVCAUSE--ENVCAUSE039__SEX--M,dcid:AustraliaAndNewZealand,2019,242.94645
dcs:who/AIR_7.AGE--Y70T74__ENVCAUSE--ENVCAUSE118__SEX--M,dcid:AustraliaAndNewZealand,2019,1425.27858
dcs:who/AIR_7.AGE--Y55T59__ENVCAUSE--ENVCAUSE114__SEX--M,dcid:AustraliaAndNewZealand,2019,453.11048
dcs:who/AIR_7.AGE--Y25T29__ENVCAUSE--ENVCAUSE039__SEX--M,dcid:AustraliaAndNewZealand,2019,15.76285
dcs:who/AIR_7.AGE--Y45T49__ENVCAUSE--ENVCAUSE114__SEX--M,dcid:AustraliaAndNewZealand,2019,271.43
dcs:who/AIR_7.AGE--Y25T29__ENVCAUSE--ENVCAUSE118__SEX--M,dcid:AustraliaAndNewZealand,2019,29.44199
dcs:who/AIR_7.AGE--Y_GE80__ENVCAUSE--ENVCAUSE068__SEX--M,dcid:AustraliaAndNewZealand,2019,641.35116
dcs:who/AIR_7.AGE--Y30T34__ENVCAUSE--ENVCAUSE068__SEX--M,dcid:AustraliaAndNewZealand,2019,4.54421
dcs:who/AIR_7.AGE--Y55T59__ENVCAUSE--ENVCAUSE118__SEX--M,dcid:AustraliaAndNewZealand,2019,550.88633
dcs:who/AIR_7.AGE--Y65T69__ENVCAUSE--ENVCAUSE118__SEX--M,dcid:AustraliaAndNewZealand,2019,1004.42424
dcs:who/AIR_7.AGE--Y50T54__ENVCAUSE--ENVCAUSE068__SEX--M,dcid:AustraliaAndNewZealand,2019,267.3531
dcs:who/AIR_7.AGE--Y40T44__ENVCAUSE--ENVCAUSE039__SEX--M,dcid:AustraliaAndNewZealand,2019,58.94354
dcs:who/AIR_7.AGE--Y35T39__ENVCAUSE--ENVCAUSE039__SEX--M,dcid:AustraliaAndNewZealand,2019,42.22548
dcs:who/AIR_7.ENVCAUSE--ENVCAUSE113__SEX--M,dcid:AustraliaAndNewZealand,2019,37777.74506
dcs:who/AIR_7.AGE--Y60T64__ENVCAUSE--ENVCAUSE113__SEX--M,dcid:AustraliaAndNewZealand,2019,3949.60738
dcs:who/AIR_7.AGE--Y70T74__ENVCAUSE--ENVCAUSE113__SEX--M,dcid:AustraliaAndNewZealand,2019,4731.18215
dcs:who/AIR_7.AGE--Y20T24__ENVCAUSE--ENVCAUSE039__SEX--F,dcid:AustraliaAndNewZealand,2019,11.07987
dcs:who/AIR_7.AGE--Y30T34__ENVCAUSE--ENVCAUSE039__SEX--F,dcid:AustraliaAndNewZealand,2019,16.25493
dcs:who/AIR_7.AGE--Y65T69__ENVCAUSE--ENVCAUSE068__SEX--F,dcid:AustraliaAndNewZealand,2019,524.30147
dcs:who/AIR_7.AGE--Y50T54__ENVCAUSE--ENVCAUSE113__SEX--M,dcid:AustraliaAndNewZealand,2019,2623.8113
dcs:who/AIR_7.AGE--Y65T69__ENVCAUSE--ENVCAUSE113__SEX--M,dcid:AustraliaAndNewZealand,2019,4149.89151
dcs:who/AIR_7.AGE--Y5T9__ENVCAUSE--ENVCAUSE039__SEX--F,dcid:AustraliaAndNewZealand,2019,12.79414
dcs:who/AIR_7.AGE--Y25T29__ENVCAUSE--ENVCAUSE113__SEX--M,dcid:AustraliaAndNewZealand,2019,92.51319
dcs:who/AIR_7.AGE--Y65T69__ENVCAUSE--ENVCAUSE039__SEX--F,dcid:AustraliaAndNewZealand,2019,130.6796
dcs:who/AIR_7.AGE--Y_GE80__ENVCAUSE--ENVCAUSE068__SEX--F,dcid:AustraliaAndNewZealand,2019,439.74858
dcs:who/AIR_7.AGE--Y70T74__ENVCAUSE--ENVCAUSE039__SEX--F,dcid:AustraliaAndNewZealand,2019,164.38737
dcs:who/AIR_7.AGE--Y45T49__ENVCAUSE--ENVCAUSE039__SEX--F,dcid:AustraliaAndNewZealand,2019,54.61091
dcs:who/AIR_7.AGE--Y50T54__ENVCAUSE--ENVCAUSE068__SEX--F,dcid:AustraliaAndNewZealand,2019,222.75723
dcs:who/AIR_7.AGE--Y75T79__ENVCAUSE--ENVCAUSE039__SEX--F,dcid:AustraliaAndNewZealand,2019,235.78119
dcs:who/AIR_7.AGE--Y45T49__ENVCAUSE--ENVCAUSE113__SEX--M,dcid:AustraliaAndNewZealand,2019,1797.98176
dcs:who/AIR_7.AGE--Y70T74__ENVCAUSE--ENVCAUSE068__SEX--F,dcid:AustraliaAndNewZealand,2019,575.43233
dcs:who/AIR_7.AGE--Y_GE80__ENVCAUSE--ENVCAUSE118__SEX--F,dcid:AustraliaAndNewZealand,2019,2838.09222
dcs:who/AIR_7.AGE--Y25T29__ENVCAUSE--ENVCAUSE114__SEX--M,dcid:AustraliaAndNewZealand,2019,42.26278
dcs:who/AIR_7.AGE--Y30T34__ENVCAUSE--ENVCAUSE114__SEX--M,dcid:AustraliaAndNewZealand,2019,60.67883
dcs:who/AIR_7.AGE--Y45T49__ENVCAUSE--ENVCAUSE068__SEX--F,dcid:AustraliaAndNewZealand,2019,129.15721
dcs:who/AIR_7.AGE--Y_GE80__ENVCAUSE--ENVCAUSE039__SEX--F,dcid:AustraliaAndNewZealand,2019,1793.89355
dcs:who/AIR_7.AGE--Y40T44__ENVCAUSE--ENVCAUSE113__SEX--M,dcid:AustraliaAndNewZealand,2019,976.04166
dcs:who/AIR_7.AGE--Y40T44__ENVCAUSE--ENVCAUSE068__SEX--F,dcid:AustraliaAndNewZealand,2019,48.36518
dcs:who/AIR_7.AGE--Y60T64__ENVCAUSE--ENVCAUSE118__SEX--F,dcid:AustraliaAndNewZealand,2019,786.91046
dcs:who/AIR_7.AGE--Y40T44__ENVCAUSE--ENVCAUSE039__SEX--F,dcid:AustraliaAndNewZealand,2019,49.69152
dcs:who/AIR_7.AGE--Y70T74__ENVCAUSE--ENVCAUSE118__SEX--F,dcid:AustraliaAndNewZealand,2019,1421.03463
dcs:who/AIR_7.ENVCAUSE--ENVCAUSE039__SEX--F,dcid:AustraliaAndNewZealand,2019,2943.41371
dcs:who/AIR_7.AGE--Y55T59__ENVCAUSE--ENVCAUSE118__SEX--F,dcid:AustraliaAndNewZealand,2019,577.51847
dcs:who/AIR_7.AGE--Y75T79__ENVCAUSE--ENVCAUSE113__SEX--M,dcid:AustraliaAndNewZealand,2019,4307.95372
dcs:who/AIR_7.AGE--Y35T39__ENVCAUSE--ENVCAUSE113__SEX--M,dcid:AustraliaAndNewZealand,2019,582.81886
dcs:who/AIR_7.AGE--Y10T14__ENVCAUSE--ENVCAUSE039__SEX--F,dcid:AustraliaAndNewZealand,2019,5.79476
dcs:who/AIR_7.AGE--Y75T79__ENVCAUSE--ENVCAUSE118__SEX--F,dcid:AustraliaAndNewZealand,2019,1294.04449
dcs:who/AIR_7.AGE--Y50T54__ENVCAUSE--ENVCAUSE039__SEX--F,dcid:AustraliaAndNewZealand,2019,76.37594
dcs:who/AIR_7.AGE--Y60T64__ENVCAUSE--ENVCAUSE039__SEX--F,dcid:AustraliaAndNewZealand,2019,100.24171
dcs:who/AIR_7.AGE--Y_GE80__ENVCAUSE--ENVCAUSE113__SEX--M,dcid:AustraliaAndNewZealand,2019,10759.47313
dcs:who/AIR_7.AGE--Y25T29__ENVCAUSE--ENVCAUSE068__SEX--F,dcid:AustraliaAndNewZealand,2019,2.18423
dcs:who/AIR_7.AGE--Y25T29__ENVCAUSE--ENVCAUSE039__SEX--F,dcid:AustraliaAndNewZealand,2019,11.95441
dcs:who/AIR_7.AGE--Y75T79__ENVCAUSE--ENVCAUSE068__SEX--F,dcid:AustraliaAndNewZealand,2019,419.13282
dcs:who/AIR_7.AGE--Y55T59__ENVCAUSE--ENVCAUSE039__SEX--F,dcid:AustraliaAndNewZealand,2019,87.58942
dcs:who/AIR_7.AGE--Y0T4__ENVCAUSE--ENVCAUSE039__SEX--F,dcid:AustraliaAndNewZealand,2019,140.46916
dcs:who/AIR_7.AGE--Y35T39__ENVCAUSE--ENVCAUSE039__SEX--F,dcid:AustraliaAndNewZealand,2019,40.67829
dcs:who/AIR_7.AGE--Y35T39__ENVCAUSE--ENVCAUSE068__SEX--F,dcid:AustraliaAndNewZealand,2019,18.71345
dcs:who/AIR_7.AGE--Y30T34__ENVCAUSE--ENVCAUSE068__SEX--F,dcid:AustraliaAndNewZealand,2019,13.11896
dcs:who/AIR_7.ENVCAUSE--ENVCAUSE118__SEX--F,dcid:AustraliaAndNewZealand,2019,8759.9747
dcs:who/AIR_7.ENVCAUSE--ENVCAUSE068__SEX--F,dcid:AustraliaAndNewZealand,2019,3265.82098
dcs:who/AIR_7.AGE--Y55T59__ENVCAUSE--ENVCAUSE068__SEX--F,dcid:AustraliaAndNewZealand,2019,404.61892
dcs:who/AIR_7.AGE--Y65T69__ENVCAUSE--ENVCAUSE118__SEX--F,dcid:AustraliaAndNewZealand,2019,1081.94607
dcs:who/AIR_7.AGE--Y15T19__ENVCAUSE--ENVCAUSE039__SEX--F,dcid:AustraliaAndNewZealand,2019,11.13695
dcs:who/AIR_7.SEX--M,dcid:AustraliaAndNewZealand,2019,60392.41803
dcs:who/AIR_7.AGE--Y60T64__ENVCAUSE--ENVCAUSE068__SEX--F,dcid:AustraliaAndNewZealand,2019,468.29059
dcs:who/AIR_7.AGE--Y55T59__ENVCAUSE--ENVCAUSE113__SEX--M,dcid:AustraliaAndNewZealand,2019,3526.92552
dcs:who/AIR_7.AGE--Y30T34__ENVCAUSE--ENVCAUSE113__SEX--M,dcid:AustraliaAndNewZealand,2019,279.54488
dcs:who/AIR_7.ENVCAUSE--ENVCAUSE114__SEX--F,dcid:AustraliaAndNewZealand,2019,8573.76064
dcs:who/AIR_7.AGE--Y40T44__ENVCAUSE--ENVCAUSE113__SEX--F,dcid:AustraliaAndNewZealand,2019,269.41479
dcs:who/AIR_7.AGE--Y35T39__ENVCAUSE--ENVCAUSE068,dcid:AustraliaAndNewZealand,2019,37.75848
dcs:who/AIR_7.AGE--Y65T69__ENVCAUSE--ENVCAUSE114__SEX--F,dcid:AustraliaAndNewZealand,2019,616.25481
dcs:who/AIR_7.AGE--Y30T34__ENVCAUSE--ENVCAUSE113__SEX--F,dcid:AustraliaAndNewZealand,2019,62.2725
dcs:who/AIR_7.AGE--Y40T44__ENVCAUSE--ENVCAUSE118__SEX--F,dcid:AustraliaAndNewZealand,2019,88.90437
dcs:who/AIR_7.AGE--Y25T29__ENVCAUSE--ENVCAUSE113__SEX--F,dcid:AustraliaAndNewZealand,2019,8.19476
dcs:who/AIR_7.AGE--Y75T79__ENVCAUSE--ENVCAUSE068,dcid:AustraliaAndNewZealand,2019,1018.87639
dcs:who/AIR_7.AGE--Y75T79__ENVCAUSE--ENVCAUSE114__SEX--F,dcid:AustraliaAndNewZealand,2019,1037.27819
dcs:who/AIR_7.AGE--Y50T54__ENVCAUSE--ENVCAUSE114__SEX--F,dcid:AustraliaAndNewZealand,2019,378.67167
dcs:who/AIR_7.AGE--Y65T69__ENVCAUSE--ENVCAUSE068,dcid:AustraliaAndNewZealand,2019,1277.38418
dcs:who/AIR_7.AGE--Y_GE80__ENVCAUSE--ENVCAUSE114__SEX--F,dcid:AustraliaAndNewZealand,2019,4087.46031
dcs:who/AIR_7.AGE--Y25T29__ENVCAUSE--ENVCAUSE114__SEX--F,dcid:AustraliaAndNewZealand,2019,50.45739
dcs:who/AIR_7.AGE--Y40T44__ENVCAUSE--ENVCAUSE114__SEX--F,dcid:AustraliaAndNewZealand,2019,190.40947
dcs:who/AIR_7.AGE--Y_GE80__ENVCAUSE--ENVCAUSE068,dcid:AustraliaAndNewZealand,2019,1081.09974
dcs:who/AIR_7.AGE--Y_GE80__ENVCAUSE--ENVCAUSE113__SEX--F,dcid:AustraliaAndNewZealand,2019,11550.78103
dcs:who/AIR_7.AGE--Y45T49__ENVCAUSE--ENVCAUSE118__SEX--F,dcid:AustraliaAndNewZealand,2019,197.22356
dcs:who/AIR_7.AGE--Y55T59__ENVCAUSE--ENVCAUSE068,dcid:AustraliaAndNewZealand,2019,875.72529
dcs:who/AIR_7.AGE--Y30T34__ENVCAUSE--ENVCAUSE118__SEX--F,dcid:AustraliaAndNewZealand,2019,45.63048
dcs:who/AIR_7.AGE--Y55T59__ENVCAUSE--ENVCAUSE113__SEX--F,dcid:AustraliaAndNewZealand,2019,897.53952
dcs:who/AIR_7.AGE--Y35T39__ENVCAUSE--ENVCAUSE118__SEX--F,dcid:AustraliaAndNewZealand,2019,56.82205
dcs:who/AIR_7.AGE--Y60T64__ENVCAUSE--ENVCAUSE114__SEX--F,dcid:AustraliaAndNewZealand,2019,465.76241
dcs:who/AIR_7.ENVCAUSE--ENVCAUSE113__SEX--F,dcid:AustraliaAndNewZealand,2019,20785.98942
dcs:who/AIR_7.AGE--Y60T64__ENVCAUSE--ENVCAUSE113__SEX--F,dcid:AustraliaAndNewZealand,2019,1057.4161
dcs:who/AIR_7.AGE--Y45T49__ENVCAUSE--ENVCAUSE068,dcid:AustraliaAndNewZealand,2019,271.79249
dcs:who/AIR_7.AGE--Y75T79__ENVCAUSE--ENVCAUSE113__SEX--F,dcid:AustraliaAndNewZealand,2019,2331.96372
dcs:who/AIR_7.AGE--Y30T34__ENVCAUSE--ENVCAUSE114__SEX--F,dcid:AustraliaAndNewZealand,2019,95.40249
dcs:who/AIR_7.AGE--Y70T74__ENVCAUSE--ENVCAUSE113__SEX--F,dcid:AustraliaAndNewZealand,2019,1934.01466
dcs:who/AIR_7.AGE--Y70T74__ENVCAUSE--ENVCAUSE068,dcid:AustraliaAndNewZealand,2019,1375.92075
dcs:who/AIR_7.AGE--Y35T39__ENVCAUSE--ENVCAUSE113__SEX--F,dcid:AustraliaAndNewZealand,2019,137.0245
dcs:who/AIR_7.ENVCAUSE--ENVCAUSE068,dcid:AustraliaAndNewZealand,2019,7689.15246
dcs:who/AIR_7.AGE--Y35T39__ENVCAUSE--ENVCAUSE114__SEX--F,dcid:AustraliaAndNewZealand,2019,129.39797
dcs:who/AIR_7.AGE--Y25T29__ENVCAUSE--ENVCAUSE118__SEX--F,dcid:AustraliaAndNewZealand,2019,33.19384
dcs:who/AIR_7.AGE--Y55T59__ENVCAUSE--ENVCAUSE114__SEX--F,dcid:AustraliaAndNewZealand,2019,439.99858
dcs:who/AIR_7.AGE--Y50T54__ENVCAUSE--ENVCAUSE068,dcid:AustraliaAndNewZealand,2019,490.11033
dcs:who/AIR_7.AGE--Y50T54__ENVCAUSE--ENVCAUSE118__SEX--F,dcid:AustraliaAndNewZealand,2019,338.65405
dcs:who/AIR_7.AGE--Y30T34__ENVCAUSE--ENVCAUSE068,dcid:AustraliaAndNewZealand,2019,17.66317
dcs:who/AIR_7.AGE--Y45T49__ENVCAUSE--ENVCAUSE114__SEX--F,dcid:AustraliaAndNewZealand,2019,284.33139
dcs:who/AIR_7.AGE--Y65T69__ENVCAUSE--ENVCAUSE113__SEX--F,dcid:AustraliaAndNewZealand,2019,1436.00031
dcs:who/AIR_7.AGE--Y40T44__ENVCAUSE--ENVCAUSE068,dcid:AustraliaAndNewZealand,2019,112.32591
dcs:who/AIR_7.AGE--Y60T64__ENVCAUSE--ENVCAUSE068,dcid:AustraliaAndNewZealand,2019,1126.83453
dcs:who/AIR_7.AGE--Y70T74__ENVCAUSE--ENVCAUSE114__SEX--F,dcid:AustraliaAndNewZealand,2019,798.33595
dcs:who/AIR_7.AGE--Y45T49__ENVCAUSE--ENVCAUSE113__SEX--F,dcid:AustraliaAndNewZealand,2019,469.01548
dcs:who/AIR_7.AGE--Y50T54__ENVCAUSE--ENVCAUSE113__SEX--F,dcid:AustraliaAndNewZealand,2019,632.35205
dcs:who/AIR_7.SEX--F,dcid:AustraliaAndNewZealand,2019,44328.95945
dcs:who/AIR_7.AGE--Y70T74__ENVCAUSE--ENVCAUSE114,dcid:AustraliaAndNewZealand,2019,1718.93519
dcs:who/AIR_7.ENVCAUSE--ENVCAUSE118,dcid:AustraliaAndNewZealand,2019,17114.91878
dcs:who/AIR_7.AGE--Y55T59__ENVCAUSE--ENVCAUSE118,dcid:AustraliaAndNewZealand,2019,1128.4048
dcs:who/AIR_7.AGE--Y30T34__ENVCAUSE--ENVCAUSE118,dcid:AustraliaAndNewZealand,2019,81.55337
dcs:who/AIR_7.AGE--Y0T4__ENVCAUSE--ENVCAUSE039,dcid:AustraliaAndNewZealand,2019,315.9159
dcs:who/AIR_7.AGE--Y25T29__ENVCAUSE--ENVCAUSE068,dcid:AustraliaAndNewZealand,2019,3.66119
dcs:who/AIR_7.AGE--Y45T49__ENVCAUSE--ENVCAUSE114,dcid:AustraliaAndNewZealand,2019,555.76139
dcs:who/AIR_7.AGE--Y_GE80__ENVCAUSE--ENVCAUSE118,dcid:AustraliaAndNewZealand,2019,5390.83765
dcs:who/AIR_7.AGE--Y55T59__ENVCAUSE--ENVCAUSE039,dcid:AustraliaAndNewZealand,2019,203.11415
dcs:who/AIR_7.ENVCAUSE--ENVCAUSE114,dcid:AustraliaAndNewZealand,2019,15549.16327
dcs:who/AIR_7.AGE--Y40T44__ENVCAUSE--ENVCAUSE039,dcid:AustraliaAndNewZealand,2019,108.63506
dcs:who/AIR_7.AGE--Y70T74__ENVCAUSE--ENVCAUSE039,dcid:AustraliaAndNewZealand,2019,407.33381
dcs:who/AIR_7.AGE--Y55T59__ENVCAUSE--ENVCAUSE114,dcid:AustraliaAndNewZealand,2019,893.10907
dcs:who/AIR_7.AGE--Y_GE80__ENVCAUSE--ENVCAUSE114,dcid:AustraliaAndNewZealand,2019,6497.89547
dcs:who/AIR_7.ENVCAUSE--ENVCAUSE039,dcid:AustraliaAndNewZealand,2019,5804.40849
dcs:who/AIR_7.AGE--Y50T54__ENVCAUSE--ENVCAUSE118,dcid:AustraliaAndNewZealand,2019,644.05815
dcs:who/AIR_7.AGE--Y50T54__ENVCAUSE--ENVCAUSE114,dcid:AustraliaAndNewZealand,2019,718.22838
dcs:who/AIR_7.AGE--Y35T39__ENVCAUSE--ENVCAUSE114,dcid:AustraliaAndNewZealand,2019,248.46538
dcs:who/AIR_7.AGE--Y60T64__ENVCAUSE--ENVCAUSE118,dcid:AustraliaAndNewZealand,2019,1568.19864
dcs:who/AIR_7.AGE--Y45T49__ENVCAUSE--ENVCAUSE118,dcid:AustraliaAndNewZealand,2019,375.18388
dcs:who/AIR_7.AGE--Y40T44__ENVCAUSE--ENVCAUSE118,dcid:AustraliaAndNewZealand,2019,163.32241
dcs:who/AIR_7.AGE--Y35T39__ENVCAUSE--ENVCAUSE039,dcid:AustraliaAndNewZealand,2019,82.90376
dcs:who/AIR_7.AGE--Y15T19__ENVCAUSE--ENVCAUSE039,dcid:AustraliaAndNewZealand,2019,16.63886
dcs:who/AIR_7.ENVCAUSE--ENVCAUSE113,dcid:AustraliaAndNewZealand,2019,58563.73448
dcs:who/AIR_7.AGE--Y40T44__ENVCAUSE--ENVCAUSE114,dcid:AustraliaAndNewZealand,2019,358.34236
dcs:who/AIR_7.AGE--Y70T74__ENVCAUSE--ENVCAUSE118,dcid:AustraliaAndNewZealand,2019,2846.31321
dcs:who/AIR_7.AGE--Y75T79__ENVCAUSE--ENVCAUSE118,dcid:AustraliaAndNewZealand,2019,2661.58234
dcs:who/AIR_7.AGE--Y20T24__ENVCAUSE--ENVCAUSE039,dcid:AustraliaAndNewZealand,2019,27.79648
dcs:who/AIR_7.AGE--Y65T69__ENVCAUSE--ENVCAUSE114,dcid:AustraliaAndNewZealand,2019,1277.46437
dcs:who/AIR_7.AGE--Y25T29__ENVCAUSE--ENVCAUSE118,dcid:AustraliaAndNewZealand,2019,62.63583
dcs:who/AIR_7.AGE--Y50T54__ENVCAUSE--ENVCAUSE039,dcid:AustraliaAndNewZealand,2019,182.28644
dcs:who/AIR_7.AGE--Y30T34__ENVCAUSE--ENVCAUSE039,dcid:AustraliaAndNewZealand,2019,50.91733
dcs:who/AIR_7.AGE--Y75T79__ENVCAUSE--ENVCAUSE114,dcid:AustraliaAndNewZealand,2019,2036.9512
dcs:who/AIR_7.AGE--Y10T14__ENVCAUSE--ENVCAUSE039,dcid:AustraliaAndNewZealand,2019,20.08504
dcs:who/AIR_7.AGE--Y35T39__ENVCAUSE--ENVCAUSE118,dcid:AustraliaAndNewZealand,2019,106.45818
dcs:who/AIR_7.AGE--Y60T64__ENVCAUSE--ENVCAUSE039,dcid:AustraliaAndNewZealand,2019,263.13922
dcs:who/AIR_7.AGE--Y_GE80__ENVCAUSE--ENVCAUSE039,dcid:AustraliaAndNewZealand,2019,3084.87942
dcs:who/AIR_7.AGE--Y25T29__ENVCAUSE--ENVCAUSE114,dcid:AustraliaAndNewZealand,2019,92.72017
dcs:who/AIR_7.AGE--Y45T49__ENVCAUSE--ENVCAUSE039,dcid:AustraliaAndNewZealand,2019,144.09583
dcs:who/AIR_7.AGE--Y75T79__ENVCAUSE--ENVCAUSE039,dcid:AustraliaAndNewZealand,2019,506.27151
dcs:who/AIR_7.AGE--Y65T69__ENVCAUSE--ENVCAUSE039,dcid:AustraliaAndNewZealand,2019,328.26864
dcs:who/AIR_7.AGE--Y25T29__ENVCAUSE--ENVCAUSE039,dcid:AustraliaAndNewZealand,2019,27.71726
dcs:who/AIR_7.AGE--Y60T64__ENVCAUSE--ENVCAUSE114,dcid:AustraliaAndNewZealand,2019,995.20899
dcs:who/AIR_7.AGE--Y5T9__ENVCAUSE--ENVCAUSE039,dcid:AustraliaAndNewZealand,2019,34.40977
dcs:who/AIR_7.AGE--Y30T34__ENVCAUSE--ENVCAUSE114,dcid:AustraliaAndNewZealand,2019,156.08133
dcs:who/AIR_7.AGE--Y65T69__ENVCAUSE--ENVCAUSE118,dcid:AustraliaAndNewZealand,2019,2086.37032
dcs:who/AIR_7.AGE--Y40T44__ENVCAUSE--ENVCAUSE113,dcid:AustraliaAndNewZealand,2019,1245.45645
dcs:who/AIR_7.AGE--Y70T74__ENVCAUSE--ENVCAUSE113,dcid:AustraliaAndNewZealand,2019,6665.19681
dcs:who/AIR_7.AGE--Y55T59__ENVCAUSE--ENVCAUSE113,dcid:AustraliaAndNewZealand,2019,4424.46504
dcs:who/AIR_7.AGE--Y45T49__ENVCAUSE--ENVCAUSE113,dcid:AustraliaAndNewZealand,2019,2266.99724
dcs:who/AIR_7.AGE--Y60T64__ENVCAUSE--ENVCAUSE113,dcid:AustraliaAndNewZealand,2019,5007.02348
dcs:who/AIR_7.AGE--Y65T69__ENVCAUSE--ENVCAUSE113,dcid:AustraliaAndNewZealand,2019,5585.89182
dcs:who/AIR_7.AGE--Y_GE80__ENVCAUSE--ENVCAUSE113,dcid:AustraliaAndNewZealand,2019,22310.25416
dcs:who/AIR_7.AGE--Y25T29__ENVCAUSE--ENVCAUSE113,dcid:AustraliaAndNewZealand,2019,100.70794
dcs:who/AIR_7.AGE--Y75T79__ENVCAUSE--ENVCAUSE113,dcid:AustraliaAndNewZealand,2019,6639.91744
dcs:who/AIR_7.AGE--Y50T54__ENVCAUSE--ENVCAUSE113,dcid:AustraliaAndNewZealand,2019,3256.16335
dcs:who/AIR_7,dcid:AustraliaAndNewZealand,2019,104721.3775
dcs:who/AIR_7.AGE--Y30T34__ENVCAUSE--ENVCAUSE113,dcid:AustraliaAndNewZealand,2019,341.81739
dcs:who/AIR_7.AGE--Y35T39__ENVCAUSE--ENVCAUSE113,dcid:AustraliaAndNewZealand,2019,719.84336
dcs:who/AIR_7.AGE--Y65T69__ENVCAUSE--ENVCAUSE068__SEX--M,dcid:CentralAsia,2019,3587.49802
dcs:who/AIR_7.AGE--Y40T44__ENVCAUSE--ENVCAUSE068__SEX--M,dcid:CentralAsia,2019,583.96906
dcs:who/AIR_7.AGE--Y_GE80__ENVCAUSE--ENVCAUSE068__SEX--M,dcid:CentralAsia,2019,418.81136
dcs:who/AIR_7.AGE--Y_GE80__ENVCAUSE--ENVCAUSE039__SEX--M,dcid:CentralAsia,2019,1648.90928
dcs:who/AIR_7.AGE--Y50T54__ENVCAUSE--ENVCAUSE068__SEX--M,dcid:CentralAsia,2019,2853.36024
dcs:who/AIR_7.AGE--Y25T29__ENVCAUSE--ENVCAUSE068__SEX--M,dcid:CentralAsia,2019,236.98269
dcs:who/AIR_7.ENVCAUSE--ENVCAUSE039__SEX--M,dcid:CentralAsia,2019,111460.3169
dcs:who/AIR_7.AGE--Y45T49__ENVCAUSE--ENVCAUSE068__SEX--M,dcid:CentralAsia,2019,1484.36222
dcs:who/AIR_7.AGE--Y60T64__ENVCAUSE--ENVCAUSE068__SEX--M,dcid:CentralAsia,2019,4815.66202
dcs:who/AIR_7.AGE--Y75T79__ENVCAUSE--ENVCAUSE068__SEX--M,dcid:CentralAsia,2019,729.13119
dcs:who/AIR_7.AGE--Y30T34__ENVCAUSE--ENVCAUSE068__SEX--M,dcid:CentralAsia,2019,341.52035
dcs:who/AIR_7.AGE--Y70T74__ENVCAUSE--ENVCAUSE039__SEX--M,dcid:CentralAsia,2019,1662.7841
dcs:who/AIR_7.AGE--Y75T79__ENVCAUSE--ENVCAUSE039__SEX--M,dcid:CentralAsia,2019,1461.49568
dcs:who/AIR_7.ENVCAUSE--ENVCAUSE068__SEX--M,dcid:CentralAsia,2019,21629.60735
dcs:who/AIR_7.AGE--Y55T59__ENVCAUSE--ENVCAUSE068__SEX--M,dcid:CentralAsia,2019,4917.40188
dcs:who/AIR_7.AGE--Y70T74__ENVCAUSE--ENVCAUSE068__SEX--M,dcid:CentralAsia,2019,1413.38053
dcs:who/AIR_7.AGE--Y35T39__ENVCAUSE--ENVCAUSE068__SEX--M,dcid:CentralAsia,2019,247.5278
dcs:who/AIR_7.AGE--Y60T64__ENVCAUSE--ENVCAUSE039__SEX--M,dcid:CentralAsia,2019,3448.50543
dcs:who/AIR_7.AGE--Y25T29__ENVCAUSE--ENVCAUSE114__SEX--M,dcid:CentralAsia,2019,1244.37053
dcs:who/AIR_7.AGE--Y55T59__ENVCAUSE--ENVCAUSE114__SEX--M,dcid:CentralAsia,2019,18814.17743
dcs:who/AIR_7.AGE--Y45T49__ENVCAUSE--ENVCAUSE118__SEX--M,dcid:CentralAsia,2019,1688.19416
dcs:who/AIR_7.AGE--Y_GE80__ENVCAUSE--ENVCAUSE113__SEX--M,dcid:CentralAsia,2019,48058.70943
dcs:who/AIR_7.AGE--Y55T59__ENVCAUSE--ENVCAUSE118__SEX--M,dcid:CentralAsia,2019,3598.89123
dcs:who/AIR_7.AGE--Y75T79__ENVCAUSE--ENVCAUSE113__SEX--M,dcid:CentralAsia,2019,35856.42884
dcs:who/AIR_7.AGE--Y60T64__ENVCAUSE--ENVCAUSE114__SEX--M,dcid:CentralAsia,2019,19864.06776
dcs:who/AIR_7.AGE--Y35T39__ENVCAUSE--ENVCAUSE114__SEX--M,dcid:CentralAsia,2019,3252.43378
dcs:who/AIR_7.AGE--Y50T54__ENVCAUSE--ENVCAUSE114__SEX--M,dcid:CentralAsia,2019,12383.66772
dcs:who/AIR_7.AGE--Y45T49__ENVCAUSE--ENVCAUSE114__SEX--M,dcid:CentralAsia,2019,8504.18393
dcs:who/AIR_7.AGE--Y20T24__ENVCAUSE--ENVCAUSE039__SEX--M,dcid:CentralAsia,2019,2145.56919
dcs:who/AIR_7.AGE--Y70T74__ENVCAUSE--ENVCAUSE114__SEX--M,dcid:CentralAsia,2019,11191.07532
dcs:who/AIR_7.AGE--Y75T79__ENVCAUSE--ENVCAUSE114__SEX--M,dcid:CentralAsia,2019,9794.25889
dcs:who/AIR_7.AGE--Y50T54__ENVCAUSE--ENVCAUSE039__SEX--M,dcid:CentralAsia,2019,3266.48839
dcs:who/AIR_7.AGE--Y45T49__ENVCAUSE--ENVCAUSE113__SEX--M,dcid:CentralAsia,2019,25784.88013
dcs:who/AIR_7.AGE--Y5T9__ENVCAUSE--ENVCAUSE039__SEX--M,dcid:CentralAsia,2019,5290.95857
dcs:who/AIR_7.AGE--Y30T34__ENVCAUSE--ENVCAUSE113__SEX--M,dcid:CentralAsia,2019,6211.19705
dcs:who/AIR_7.AGE--Y70T74__ENVCAUSE--ENVCAUSE118__SEX--M,dcid:CentralAsia,2019,3570.02953
dcs:who/AIR_7.AGE--Y35T39__ENVCAUSE--ENVCAUSE039__SEX--M,dcid:CentralAsia,2019,3417.70879
dcs:who/AIR_7.AGE--Y10T14__ENVCAUSE--ENVCAUSE039__SEX--M,dcid:CentralAsia,2019,3601.32125
dcs:who/AIR_7.ENVCAUSE--ENVCAUSE118__SEX--M,dcid:CentralAsia,2019,32659.25143
dcs:who/AIR_7.AGE--Y50T54__ENVCAUSE--ENVCAUSE113__SEX--M,dcid:CentralAsia,2019,35738.75578
dcs:who/AIR_7.AGE--Y35T39__ENVCAUSE--ENVCAUSE113__SEX--M,dcid:CentralAsia,2019,10454.91853
dcs:who/AIR_7.AGE--Y25T29__ENVCAUSE--ENVCAUSE039__SEX--M,dcid:CentralAsia,2019,2327.12698
dcs:who/AIR_7.ENVCAUSE--ENVCAUSE114__SEX--M,dcid:CentralAsia,2019,123965.9315
dcs:who/AIR_7.AGE--Y30T34__ENVCAUSE--ENVCAUSE114__SEX--M,dcid:CentralAsia,2019,1912.69979
dcs:who/AIR_7.AGE--Y25T29__ENVCAUSE--ENVCAUSE118__SEX--M,dcid:CentralAsia,2019,606.84766
dcs:who/AIR_7.AGE--Y65T69__ENVCAUSE--ENVCAUSE118__SEX--M,dcid:CentralAsia,2019,5742.96424
dcs:who/AIR_7.AGE--Y65T69__ENVCAUSE--ENVCAUSE113__SEX--M,dcid:CentralAsia,2019,61582.21543
dcs:who/AIR_7.AGE--Y30T34__ENVCAUSE--ENVCAUSE039__SEX--M,dcid:CentralAsia,2019,2680.45589
dcs:who/AIR_7.AGE--Y55T59__ENVCAUSE--ENVCAUSE039__SEX--M,dcid:CentralAsia,2019,3903.3264
dcs:who/AIR_7.AGE--Y40T44__ENVCAUSE--ENVCAUSE114__SEX--M,dcid:CentralAsia,2019,5412.44794
dcs:who/AIR_7.AGE--Y40T44__ENVCAUSE--ENVCAUSE113__SEX--M,dcid:CentralAsia,2019,16518.66876
dcs:who/AIR_7.AGE--Y40T44__ENVCAUSE--ENVCAUSE039__SEX--M,dcid:CentralAsia,2019,3554.12651
dcs:who/AIR_7.ENVCAUSE--ENVCAUSE113__SEX--M,dcid:CentralAsia,2019,386801.2773
dcs:who/AIR_7.AGE--Y30T34__ENVCAUSE--ENVCAUSE118__SEX--M,dcid:CentralAsia,2019,844.10824
dcs:who/AIR_7.AGE--Y0T4__ENVCAUSE--ENVCAUSE039__SEX--M,dcid:CentralAsia,2019,63700.36466
dcs:who/AIR_7.AGE--Y25T29__ENVCAUSE--ENVCAUSE113__SEX--M,dcid:CentralAsia,2019,3160.17707
dcs:who/AIR_7.AGE--Y50T54__ENVCAUSE--ENVCAUSE118__SEX--M,dcid:CentralAsia,2019,2286.9379
dcs:who/AIR_7.AGE--Y60T64__ENVCAUSE--ENVCAUSE118__SEX--M,dcid:CentralAsia,2019,4683.08808
dcs:who/AIR_7.AGE--Y15T19__ENVCAUSE--ENVCAUSE039__SEX--M,dcid:CentralAsia,2019,2674.51009
dcs:who/AIR_7.AGE--Y65T69__ENVCAUSE--ENVCAUSE114__SEX--M,dcid:CentralAsia,2019,21104.01975
dcs:who/AIR_7.AGE--Y75T79__ENVCAUSE--ENVCAUSE118__SEX--M,dcid:CentralAsia,2019,3409.04925
dcs:who/AIR_7.AGE--Y70T74__ENVCAUSE--ENVCAUSE113__SEX--M,dcid:CentralAsia,2019,35529.91427
dcs:who/AIR_7.AGE--Y40T44__ENVCAUSE--ENVCAUSE118__SEX--M,dcid:CentralAsia,2019,1292.28884
dcs:who/AIR_7.AGE--Y60T64__ENVCAUSE--ENVCAUSE113__SEX--M,dcid:CentralAsia,2019,54610.67736
dcs:who/AIR_7.AGE--Y55T59__ENVCAUSE--ENVCAUSE113__SEX--M,dcid:CentralAsia,2019,53294.73467
dcs:who/AIR_7.AGE--Y_GE80__ENVCAUSE--ENVCAUSE118__SEX--M,dcid:CentralAsia,2019,3893.62795
dcs:who/AIR_7.AGE--Y35T39__ENVCAUSE--ENVCAUSE118__SEX--M,dcid:CentralAsia,2019,1043.22437
dcs:who/AIR_7.AGE--Y_GE80__ENVCAUSE--ENVCAUSE114__SEX--M,dcid:CentralAsia,2019,10488.52865
dcs:who/AIR_7.AGE--Y45T49__ENVCAUSE--ENVCAUSE039__SEX--M,dcid:CentralAsia,2019,3414.79692
dcs:who/AIR_7.AGE--Y65T69__ENVCAUSE--ENVCAUSE039__SEX--M,dcid:CentralAsia,2019,3261.86879
dcs:who/AIR_7.AGE--Y60T64__ENVCAUSE--ENVCAUSE068__SEX--F,dcid:CentralAsia,2019,1117.71904
dcs:who/AIR_7.AGE--Y45T49__ENVCAUSE--ENVCAUSE068__SEX--F,dcid:CentralAsia,2019,650.74189
dcs:who/AIR_7.AGE--Y55T59__ENVCAUSE--ENVCAUSE068__SEX--F,dcid:CentralAsia,2019,1197.41703
dcs:who/AIR_7.AGE--Y40T44__ENVCAUSE--ENVCAUSE068__SEX--F,dcid:CentralAsia,2019,435.63214
dcs:who/AIR_7.AGE--Y_GE80__ENVCAUSE--ENVCAUSE068__SEX--F,dcid:CentralAsia,2019,228.27498
dcs:who/AIR_7.AGE--Y35T39__ENVCAUSE--ENVCAUSE068__SEX--F,dcid:CentralAsia,2019,285.02633
dcs:who/AIR_7.AGE--Y25T29__ENVCAUSE--ENVCAUSE068__SEX--F,dcid:CentralAsia,2019,180.98552
dcs:who/AIR_7.ENVCAUSE--ENVCAUSE068__SEX--F,dcid:CentralAsia,2019,6838.51033
dcs:who/AIR_7.AGE--Y_GE80__ENVCAUSE--ENVCAUSE039__SEX--F,dcid:CentralAsia,2019,2175.97412
dcs:who/AIR_7.AGE--Y70T74__ENVCAUSE--ENVCAUSE068__SEX--F,dcid:CentralAsia,2019,446.83247
dcs:who/AIR_7.SEX--M,dcid:CentralAsia,2019,676516.3845
dcs:who/AIR_7.AGE--Y75T79__ENVCAUSE--ENVCAUSE068__SEX--F,dcid:CentralAsia,2019,287.79238
dcs:who/AIR_7.AGE--Y65T69__ENVCAUSE--ENVCAUSE068__SEX--F,dcid:CentralAsia,2019,935.67067
dcs:who/AIR_7.AGE--Y30T34__ENVCAUSE--ENVCAUSE068__SEX--F,dcid:CentralAsia,2019,217.81083
dcs:who/AIR_7.ENVCAUSE--ENVCAUSE039__SEX--F,dcid:CentralAsia,2019,79534.22373
dcs:who/AIR_7.AGE--Y50T54__ENVCAUSE--ENVCAUSE068__SEX--F,dcid:CentralAsia,2019,854.60704
dcs:who/AIR_7.ENVCAUSE--ENVCAUSE068,dcid:CentralAsia,2019,28468.11769
dcs:who/AIR_7.AGE--Y50T54__ENVCAUSE--ENVCAUSE039__SEX--F,dcid:CentralAsia,2019,1547.28062
dcs:who/AIR_7.ENVCAUSE--ENVCAUSE113__SEX--F,dcid:CentralAsia,2019,288440.1946
dcs:who/AIR_7.AGE--Y55T59__ENVCAUSE--ENVCAUSE113__SEX--F,dcid:CentralAsia,2019,25702.29929
dcs:who/AIR_7.AGE--Y30T34__ENVCAUSE--ENVCAUSE118__SEX--F,dcid:CentralAsia,2019,831.48204
dcs:who/AIR_7.AGE--Y45T49__ENVCAUSE--ENVCAUSE114__SEX--F,dcid:CentralAsia,2019,5566.9816
dcs:who/AIR_7.AGE--Y5T9__ENVCAUSE--ENVCAUSE039__SEX--F,dcid:CentralAsia,2019,4895.02237
dcs:who/AIR_7.AGE--Y30T34__ENVCAUSE--ENVCAUSE113__SEX--F,dcid:CentralAsia,2019,3158.76257
dcs:who/AIR_7.AGE--Y65T69__ENVCAUSE--ENVCAUSE114__SEX--F,dcid:CentralAsia,2019,18198.27595
dcs:who/AIR_7.AGE--Y25T29__ENVCAUSE--ENVCAUSE039__SEX--F,dcid:CentralAsia,2019,2173.75662
dcs:who/AIR_7.AGE--Y25T29__ENVCAUSE--ENVCAUSE113__SEX--F,dcid:CentralAsia,2019,1829.4353
dcs:who/AIR_7.AGE--Y_GE80__ENVCAUSE--ENVCAUSE114__SEX--F,dcid:CentralAsia,2019,18475.65196
dcs:who/AIR_7.AGE--Y35T39__ENVCAUSE--ENVCAUSE113__SEX--F,dcid:CentralAsia,2019,4373.91821
dcs:who/AIR_7.AGE--Y70T74__ENVCAUSE--ENVCAUSE118__SEX--F,dcid:CentralAsia,2019,2328.49187
dcs:who/AIR_7.AGE--Y50T54__ENVCAUSE--ENVCAUSE113__SEX--F,dcid:CentralAsia,2019,13578.89384
dcs:who/AIR_7.AGE--Y55T59__ENVCAUSE--ENVCAUSE039__SEX--F,dcid:CentralAsia,2019,1943.18627
dcs:who/AIR_7.AGE--Y65T69__ENVCAUSE--ENVCAUSE118__SEX--F,dcid:CentralAsia,2019,3319.69285
dcs:who/AIR_7.AGE--Y_GE80__ENVCAUSE--ENVCAUSE113__SEX--F,dcid:CentralAsia,2019,71951.66385
dcs:who/AIR_7.AGE--Y65T69__ENVCAUSE--ENVCAUSE039__SEX--F,dcid:CentralAsia,2019,2059.99323
dcs:who/AIR_7.AGE--Y75T79__ENVCAUSE--ENVCAUSE039__SEX--F,dcid:CentralAsia,2019,1374.50395
dcs:who/AIR_7.AGE--Y30T34__ENVCAUSE--ENVCAUSE114__SEX--F,dcid:CentralAsia,2019,1651.26896
dcs:who/AIR_7.AGE--Y40T44__ENVCAUSE--ENVCAUSE118__SEX--F,dcid:CentralAsia,2019,988.65841
dcs:who/AIR_7.AGE--Y55T59__ENVCAUSE--ENVCAUSE114__SEX--F,dcid:CentralAsia,2019,13565.78046
dcs:who/AIR_7.AGE--Y70T74__ENVCAUSE--ENVCAUSE039__SEX--F,dcid:CentralAsia,2019,1212.98043
dcs:who/AIR_7.AGE--Y_GE80__ENVCAUSE--ENVCAUSE118__SEX--F,dcid:CentralAsia,2019,4501.5199
dcs:who/AIR_7.AGE--Y20T24__ENVCAUSE--ENVCAUSE039__SEX--F,dcid:CentralAsia,2019,2216.21838
dcs:who/AIR_7.AGE--Y25T29__ENVCAUSE--ENVCAUSE118__SEX--F,dcid:CentralAsia,2019,662.87084
dcs:who/AIR_7.AGE--Y65T69__ENVCAUSE--ENVCAUSE113__SEX--F,dcid:CentralAsia,2019,46459.64995
dcs:who/AIR_7.AGE--Y50T54__ENVCAUSE--ENVCAUSE114__SEX--F,dcid:CentralAsia,2019,8082.16005
dcs:who/AIR_7.AGE--Y75T79__ENVCAUSE--ENVCAUSE068,dcid:CentralAsia,2019,1016.92357
dcs:who/AIR_7.AGE--Y45T49__ENVCAUSE--ENVCAUSE113__SEX--F,dcid:CentralAsia,2019,9803.9099
dcs:who/AIR_7.AGE--Y30T34__ENVCAUSE--ENVCAUSE039__SEX--F,dcid:CentralAsia,2019,2033.50404
dcs:who/AIR_7.AGE--Y15T19__ENVCAUSE--ENVCAUSE039__SEX--F,dcid:CentralAsia,2019,2064.49268
dcs:who/AIR_7.AGE--Y_GE80__ENVCAUSE--ENVCAUSE068,dcid:CentralAsia,2019,647.08634
dcs:who/AIR_7.ENVCAUSE--ENVCAUSE118__SEX--F,dcid:CentralAsia,2019,24111.59311
dcs:who/AIR_7.AGE--Y55T59__ENVCAUSE--ENVCAUSE118__SEX--F,dcid:CentralAsia,2019,2332.26305
dcs:who/AIR_7.AGE--Y75T79__ENVCAUSE--ENVCAUSE113__SEX--F,dcid:CentralAsia,2019,40664.54995
dcs:who/AIR_7.AGE--Y60T64__ENVCAUSE--ENVCAUSE114__SEX--F,dcid:CentralAsia,2019,14865.7703
dcs:who/AIR_7.AGE--Y0T4__ENVCAUSE--ENVCAUSE039__SEX--F,dcid:CentralAsia,2019,45374.59103
dcs:who/AIR_7.AGE--Y35T39__ENVCAUSE--ENVCAUSE118__SEX--F,dcid:CentralAsia,2019,895.20116
dcs:who/AIR_7.AGE--Y75T79__ENVCAUSE--ENVCAUSE114__SEX--F,dcid:CentralAsia,2019,12310.84908
dcs:who/AIR_7.AGE--Y35T39__ENVCAUSE--ENVCAUSE114__SEX--F,dcid:CentralAsia,2019,2434.28641
dcs:who/AIR_7.AGE--Y70T74__ENVCAUSE--ENVCAUSE114__SEX--F,dcid:CentralAsia,2019,11371.55791
dcs:who/AIR_7.ENVCAUSE--ENVCAUSE114__SEX--F,dcid:CentralAsia,2019,111224.8294
dcs:who/AIR_7.AGE--Y35T39__ENVCAUSE--ENVCAUSE039__SEX--F,dcid:CentralAsia,2019,1997.91215
dcs:who/AIR_7.AGE--Y60T64__ENVCAUSE--ENVCAUSE118__SEX--F,dcid:CentralAsia,2019,2769.96017
dcs:who/AIR_7.AGE--Y40T44__ENVCAUSE--ENVCAUSE113__SEX--F,dcid:CentralAsia,2019,6056.19996
dcs:who/AIR_7.AGE--Y45T49__ENVCAUSE--ENVCAUSE039__SEX--F,dcid:CentralAsia,2019,1663.59168
dcs:who/AIR_7.AGE--Y45T49__ENVCAUSE--ENVCAUSE118__SEX--F,dcid:CentralAsia,2019,1244.40172
dcs:who/AIR_7.AGE--Y60T64__ENVCAUSE--ENVCAUSE039__SEX--F,dcid:CentralAsia,2019,1812.4363
dcs:who/AIR_7.AGE--Y70T74__ENVCAUSE--ENVCAUSE113__SEX--F,dcid:CentralAsia,2019,32665.75506
dcs:who/AIR_7.AGE--Y40T44__ENVCAUSE--ENVCAUSE039__SEX--F,dcid:CentralAsia,2019,1836.84998
dcs:who/AIR_7.AGE--Y75T79__ENVCAUSE--ENVCAUSE118__SEX--F,dcid:CentralAsia,2019,2717.25681
dcs:who/AIR_7.AGE--Y60T64__ENVCAUSE--ENVCAUSE113__SEX--F,dcid:CentralAsia,2019,32195.15673
dcs:who/AIR_7.AGE--Y10T14__ENVCAUSE--ENVCAUSE039__SEX--F,dcid:CentralAsia,2019,3151.92988
dcs:who/AIR_7.AGE--Y50T54__ENVCAUSE--ENVCAUSE118__SEX--F,dcid:CentralAsia,2019,1519.79429
dcs:who/AIR_7.SEX--F,dcid:CentralAsia,2019,510149.3512
dcs:who/AIR_7.AGE--Y25T29__ENVCAUSE--ENVCAUSE114__SEX--F,dcid:CentralAsia,2019,1121.46378
dcs:who/AIR_7.AGE--Y40T44__ENVCAUSE--ENVCAUSE114__SEX--F,dcid:CentralAsia,2019,3580.78292
dcs:who/AIR_7.AGE--Y50T54__ENVCAUSE--ENVCAUSE114,dcid:CentralAsia,2019,20465.82777
dcs:who/AIR_7.AGE--Y_GE80__ENVCAUSE--ENVCAUSE118,dcid:CentralAsia,2019,8395.14785
dcs:who/AIR_7.AGE--Y45T49__ENVCAUSE--ENVCAUSE114,dcid:CentralAsia,2019,14071.16553
dcs:who/AIR_7.AGE--Y_GE80__ENVCAUSE--ENVCAUSE039,dcid:CentralAsia,2019,3824.8834
dcs:who/AIR_7.AGE--Y70T74__ENVCAUSE--ENVCAUSE039,dcid:CentralAsia,2019,2875.76454
dcs:who/AIR_7.AGE--Y65T69__ENVCAUSE--ENVCAUSE118,dcid:CentralAsia,2019,9062.65709
dcs:who/AIR_7.AGE--Y_GE80__ENVCAUSE--ENVCAUSE114,dcid:CentralAsia,2019,28964.18061
dcs:who/AIR_7.AGE--Y35T39__ENVCAUSE--ENVCAUSE068,dcid:CentralAsia,2019,532.55413
dcs:who/AIR_7.AGE--Y70T74__ENVCAUSE--ENVCAUSE114,dcid:CentralAsia,2019,22562.63322
dcs:who/AIR_7.ENVCAUSE--ENVCAUSE039,dcid:CentralAsia,2019,190994.5406
dcs:who/AIR_7.AGE--Y60T64__ENVCAUSE--ENVCAUSE039,dcid:CentralAsia,2019,5260.94173
dcs:who/AIR_7.AGE--Y75T79__ENVCAUSE--ENVCAUSE114,dcid:CentralAsia,2019,22105.10798
dcs:who/AIR_7.AGE--Y40T44__ENVCAUSE--ENVCAUSE068,dcid:CentralAsia,2019,1019.6012
dcs:who/AIR_7.AGE--Y65T69__ENVCAUSE--ENVCAUSE068,dcid:CentralAsia,2019,4523.16869
dcs:who/AIR_7.AGE--Y0T4__ENVCAUSE--ENVCAUSE039,dcid:CentralAsia,2019,109074.9557
dcs:who/AIR_7.AGE--Y60T64__ENVCAUSE--ENVCAUSE068,dcid:CentralAsia,2019,5933.38105
dcs:who/AIR_7.AGE--Y20T24__ENVCAUSE--ENVCAUSE039,dcid:CentralAsia,2019,4361.78757
dcs:who/AIR_7.AGE--Y40T44__ENVCAUSE--ENVCAUSE114,dcid:CentralAsia,2019,8993.23087
dcs:who/AIR_7.AGE--Y50T54__ENVCAUSE--ENVCAUSE118,dcid:CentralAsia,2019,3806.73219
dcs:who/AIR_7.AGE--Y45T49__ENVCAUSE--ENVCAUSE039,dcid:CentralAsia,2019,5078.38861
dcs:who/AIR_7.AGE--Y25T29__ENVCAUSE--ENVCAUSE068,dcid:CentralAsia,2019,417.96821
dcs:who/AIR_7.AGE--Y10T14__ENVCAUSE--ENVCAUSE039,dcid:CentralAsia,2019,6753.25113
dcs:who/AIR_7.AGE--Y35T39__ENVCAUSE--ENVCAUSE118,dcid:CentralAsia,2019,1938.42553
dcs:who/AIR_7.AGE--Y70T74__ENVCAUSE--ENVCAUSE068,dcid:CentralAsia,2019,1860.213
dcs:who/AIR_7.AGE--Y50T54__ENVCAUSE--ENVCAUSE068,dcid:CentralAsia,2019,3707.96729
dcs:who/AIR_7.AGE--Y40T44__ENVCAUSE--ENVCAUSE039,dcid:CentralAsia,2019,5390.97649
dcs:who/AIR_7.AGE--Y40T44__ENVCAUSE--ENVCAUSE118,dcid:CentralAsia,2019,2280.94725
dcs:who/AIR_7.AGE--Y55T59__ENVCAUSE--ENVCAUSE039,dcid:CentralAsia,2019,5846.51267
dcs:who/AIR_7.AGE--Y65T69__ENVCAUSE--ENVCAUSE114,dcid:CentralAsia,2019,39302.2957
dcs:who/AIR_7.AGE--Y75T79__ENVCAUSE--ENVCAUSE118,dcid:CentralAsia,2019,6126.30605
dcs:who/AIR_7.AGE--Y25T29__ENVCAUSE--ENVCAUSE118,dcid:CentralAsia,2019,1269.7185
dcs:who/AIR_7.ENVCAUSE--ENVCAUSE118,dcid:CentralAsia,2019,56770.84455
dcs:who/AIR_7.AGE--Y55T59__ENVCAUSE--ENVCAUSE118,dcid:CentralAsia,2019,5931.15428
dcs:who/AIR_7.AGE--Y75T79__ENVCAUSE--ENVCAUSE039,dcid:CentralAsia,2019,2835.99963
dcs:who/AIR_7.AGE--Y65T69__ENVCAUSE--ENVCAUSE039,dcid:CentralAsia,2019,5321.86201
dcs:who/AIR_7.AGE--Y30T34__ENVCAUSE--ENVCAUSE118,dcid:CentralAsia,2019,1675.59028
dcs:who/AIR_7.AGE--Y45T49__ENVCAUSE--ENVCAUSE118,dcid:CentralAsia,2019,2932.59588
dcs:who/AIR_7.AGE--Y5T9__ENVCAUSE--ENVCAUSE039,dcid:CentralAsia,2019,10185.98094
dcs:who/AIR_7.AGE--Y35T39__ENVCAUSE--ENVCAUSE039,dcid:CentralAsia,2019,5415.62094
dcs:who/AIR_7.AGE--Y45T49__ENVCAUSE--ENVCAUSE068,dcid:CentralAsia,2019,2135.10411
dcs:who/AIR_7.AGE--Y60T64__ENVCAUSE--ENVCAUSE114,dcid:CentralAsia,2019,34729.83807
dcs:who/AIR_7.AGE--Y30T34__ENVCAUSE--ENVCAUSE068,dcid:CentralAsia,2019,559.33119
dcs:who/AIR_7.AGE--Y55T59__ENVCAUSE--ENVCAUSE114,dcid:CentralAsia,2019,32379.95789
dcs:who/AIR_7.AGE--Y55T59__ENVCAUSE--ENVCAUSE068,dcid:CentralAsia,2019,6114.81891
dcs:who/AIR_7.AGE--Y25T29__ENVCAUSE--ENVCAUSE039,dcid:CentralAsia,2019,4500.8836
dcs:who/AIR_7.AGE--Y50T54__ENVCAUSE--ENVCAUSE039,dcid:CentralAsia,2019,4813.769
dcs:who/AIR_7.AGE--Y35T39__ENVCAUSE--ENVCAUSE114,dcid:CentralAsia,2019,5686.72019
dcs:who/AIR_7.AGE--Y60T64__ENVCAUSE--ENVCAUSE118,dcid:CentralAsia,2019,7453.04825
dcs:who/AIR_7.AGE--Y70T74__ENVCAUSE--ENVCAUSE118,dcid:CentralAsia,2019,5898.5214
dcs:who/AIR_7.AGE--Y30T34__ENVCAUSE--ENVCAUSE039,dcid:CentralAsia,2019,4713.95993
dcs:who/AIR_7.ENVCAUSE--ENVCAUSE114,dcid:CentralAsia,2019,235190.7609
dcs:who/AIR_7.AGE--Y15T19__ENVCAUSE--ENVCAUSE039,dcid:CentralAsia,2019,4739.00277
dcs:who/AIR_7.ENVCAUSE--ENVCAUSE113,dcid:CentralAsia,2019,675241.4719
dcs:who/AIR_7.AGE--Y25T29__ENVCAUSE--ENVCAUSE113,dcid:CentralAsia,2019,4989.61237
dcs:who/AIR_7.AGE--Y35T39__ENVCAUSE--ENVCAUSE113,dcid:CentralAsia,2019,14828.83674
dcs:who/AIR_7.AGE--Y60T64__ENVCAUSE--ENVCAUSE113,dcid:CentralAsia,2019,86805.83409
dcs:who/AIR_7,dcid:CentralAsia,2019,1186665.736
dcs:who/AIR_7.AGE--Y40T44__ENVCAUSE--ENVCAUSE113,dcid:CentralAsia,2019,22574.86872
dcs:who/AIR_7.AGE--Y65T69__ENVCAUSE--ENVCAUSE113,dcid:CentralAsia,2019,108041.8654
dcs:who/AIR_7.AGE--Y45T49__ENVCAUSE--ENVCAUSE113,dcid:CentralAsia,2019,35588.79002
dcs:who/AIR_7.AGE--Y30T34__ENVCAUSE--ENVCAUSE114,dcid:CentralAsia,2019,3563.96874
dcs:who/AIR_7.AGE--Y55T59__ENVCAUSE--ENVCAUSE113,dcid:CentralAsia,2019,78997.03397
dcs:who/AIR_7.AGE--Y30T34__ENVCAUSE--ENVCAUSE113,dcid:CentralAsia,2019,9369.95962
dcs:who/AIR_7.AGE--Y70T74__ENVCAUSE--ENVCAUSE113,dcid:CentralAsia,2019,68195.66932
dcs:who/AIR_7.AGE--Y25T29__ENVCAUSE--ENVCAUSE114,dcid:CentralAsia,2019,2365.83431
dcs:who/AIR_7.AGE--Y50T54__ENVCAUSE--ENVCAUSE113,dcid:CentralAsia,2019,49317.64962
dcs:who/AIR_7.AGE--Y75T79__ENVCAUSE--ENVCAUSE113,dcid:CentralAsia,2019,76520.97879
dcs:who/AIR_7.AGE--Y_GE80__ENVCAUSE--ENVCAUSE113,dcid:CentralAsia,2019,120010.3733
dcs:who/AIR_7.AGE--Y75T79__ENVCAUSE--ENVCAUSE039__SEX--M,dcid:Earth,2019,405613.1132
dcs:who/AIR_7.AGE--Y25T29__ENVCAUSE--ENVCAUSE039__SEX--M,dcid:Earth,2019,142461.5457
dcs:who/AIR_7.AGE--Y55T59__ENVCAUSE--ENVCAUSE039__SEX--M,dcid:Earth,2019,371279.8856
dcs:who/AIR_7.AGE--Y65T69__ENVCAUSE--ENVCAUSE068__SEX--M,dcid:Earth,2019,585166.5967
dcs:who/AIR_7.AGE--Y40T44__ENVCAUSE--ENVCAUSE039__SEX--M,dcid:Earth,2019,209060.9424
dcs:who/AIR_7.AGE--Y55T59__ENVCAUSE--ENVCAUSE118__SEX--M,dcid:Earth,2019,645064.1698
dcs:who/AIR_7.AGE--Y10T14__ENVCAUSE--ENVCAUSE039__SEX--M,dcid:Earth,2019,219802.6165
dcs:who/AIR_7.AGE--Y45T49__ENVCAUSE--ENVCAUSE039__SEX--M,dcid:Earth,2019,254976.9117
dcs:who/AIR_7.AGE--Y55T59__ENVCAUSE--ENVCAUSE068__SEX--M,dcid:Earth,2019,460435.0753
dcs:who/AIR_7.AGE--Y30T34__ENVCAUSE--ENVCAUSE068__SEX--M,dcid:Earth,2019,28265.12016
dcs:who/AIR_7.ENVCAUSE--ENVCAUSE039__SEX--M,dcid:Earth,2019,12304461.0
dcs:who/AIR_7.AGE--Y65T69__ENVCAUSE--ENVCAUSE039__SEX--M,dcid:Earth,2019,487862.1815
dcs:who/AIR_7.AGE--Y0T4__ENVCAUSE--ENVCAUSE039__SEX--M,dcid:Earth,2019,7373277.566
dcs:who/AIR_7.AGE--Y45T49__ENVCAUSE--ENVCAUSE068__SEX--M,dcid:Earth,2019,195792.5835
dcs:who/AIR_7.AGE--Y35T39__ENVCAUSE--ENVCAUSE039__SEX--M,dcid:Earth,2019,189844.3298
dcs:who/AIR_7.AGE--Y20T24__ENVCAUSE--ENVCAUSE039__SEX--M,dcid:Earth,2019,124415.0133
dcs:who/AIR_7.AGE--Y15T19__ENVCAUSE--ENVCAUSE039__SEX--M,dcid:Earth,2019,117770.9776
dcs:who/AIR_7.AGE--Y25T29__ENVCAUSE--ENVCAUSE068__SEX--M,dcid:Earth,2019,13096.51882
dcs:who/AIR_7.AGE--Y60T64__ENVCAUSE--ENVCAUSE068__SEX--M,dcid:Earth,2019,544184.5679
dcs:who/AIR_7.AGE--Y65T69__ENVCAUSE--ENVCAUSE118__SEX--M,dcid:Earth,2019,1168830.74
dcs:who/AIR_7.AGE--Y35T39__ENVCAUSE--ENVCAUSE068__SEX--M,dcid:Earth,2019,45616.35582
dcs:who/AIR_7.AGE--Y75T79__ENVCAUSE--ENVCAUSE068__SEX--M,dcid:Earth,2019,269532.5776
dcs:who/AIR_7.AGE--Y_GE80__ENVCAUSE--ENVCAUSE068__SEX--M,dcid:Earth,2019,218374.6202
dcs:who/AIR_7.AGE--Y_GE80__ENVCAUSE--ENVCAUSE039__SEX--M,dcid:Earth,2019,662004.3411
dcs:who/AIR_7.AGE--Y50T54__ENVCAUSE--ENVCAUSE068__SEX--M,dcid:Earth,2019,337295.517
dcs:who/AIR_7.AGE--Y60T64__ENVCAUSE--ENVCAUSE118__SEX--M,dcid:Earth,2019,919309.2965
dcs:who/AIR_7.AGE--Y5T9__ENVCAUSE--ENVCAUSE039__SEX--M,dcid:Earth,2019,362867.3538
dcs:who/AIR_7.AGE--Y30T34__ENVCAUSE--ENVCAUSE039__SEX--M,dcid:Earth,2019,162069.1882
dcs:who/AIR_7.AGE--Y60T64__ENVCAUSE--ENVCAUSE039__SEX--M,dcid:Earth,2019,455855.0787
dcs:who/AIR_7.ENVCAUSE--ENVCAUSE068__SEX--M,dcid:Earth,2019,3219211.716
dcs:who/AIR_7.AGE--Y40T44__ENVCAUSE--ENVCAUSE068__SEX--M,dcid:Earth,2019,92883.94992
dcs:who/AIR_7.ENVCAUSE--ENVCAUSE118__SEX--M,dcid:Earth,2019,7381456.573
dcs:who/AIR_7.AGE--Y75T79__ENVCAUSE--ENVCAUSE118__SEX--M,dcid:Earth,2019,1021107.656
dcs:who/AIR_7.AGE--Y70T74__ENVCAUSE--ENVCAUSE068__SEX--M,dcid:Earth,2019,428568.233
dcs:who/AIR_7.AGE--Y70T74__ENVCAUSE--ENVCAUSE039__SEX--M,dcid:Earth,2019,465909.0943
dcs:who/AIR_7.AGE--Y70T74__ENVCAUSE--ENVCAUSE118__SEX--M,dcid:Earth,2019,1175019.231
dcs:who/AIR_7.AGE--Y_GE80__ENVCAUSE--ENVCAUSE118__SEX--M,dcid:Earth,2019,1392318.012
dcs:who/AIR_7.AGE--Y50T54__ENVCAUSE--ENVCAUSE039__SEX--M,dcid:Earth,2019,299390.8652
dcs:who/AIR_7.AGE--Y50T54__ENVCAUSE--ENVCAUSE118__SEX--M,dcid:Earth,2019,436221.6574
dcs:who/AIR_7.ENVCAUSE--ENVCAUSE113__SEX--M,dcid:Earth,2019,24468314.32
dcs:who/AIR_7.AGE--Y70T74__ENVCAUSE--ENVCAUSE114__SEX--M,dcid:Earth,2019,1457187.43
dcs:who/AIR_7.AGE--Y_GE80__ENVCAUSE--ENVCAUSE114__SEX--M,dcid:Earth,2019,1423915.44
dcs:who/AIR_7.AGE--Y25T29__ENVCAUSE--ENVCAUSE113__SEX--M,dcid:Earth,2019,283127.4094
dcs:who/AIR_7.AGE--Y70T74__ENVCAUSE--ENVCAUSE068__SEX--F,dcid:Earth,2019,179826.4344
dcs:who/AIR_7.AGE--Y45T49__ENVCAUSE--ENVCAUSE113__SEX--M,dcid:Earth,2019,1828060.328
dcs:who/AIR_7.AGE--Y25T29__ENVCAUSE--ENVCAUSE118__SEX--M,dcid:Earth,2019,57982.984
dcs:who/AIR_7.AGE--Y70T74__ENVCAUSE--ENVCAUSE113__SEX--M,dcid:Earth,2019,2609514.679
dcs:who/AIR_7.AGE--Y30T34__ENVCAUSE--ENVCAUSE113__SEX--M,dcid:Earth,2019,554850.3552
dcs:who/AIR_7.AGE--Y45T49__ENVCAUSE--ENVCAUSE068__SEX--F,dcid:Earth,2019,89938.00863
dcs:who/AIR_7.AGE--Y35T39__ENVCAUSE--ENVCAUSE118__SEX--M,dcid:Earth,2019,96700.07707
dcs:who/AIR_7.AGE--Y60T64__ENVCAUSE--ENVCAUSE113__SEX--M,dcid:Earth,2019,3263446.935
dcs:who/AIR_7.AGE--Y45T49__ENVCAUSE--ENVCAUSE118__SEX--M,dcid:Earth,2019,250197.5736
dcs:who/AIR_7.AGE--Y35T39__ENVCAUSE--ENVCAUSE114__SEX--M,dcid:Earth,2019,297098.5867
dcs:who/AIR_7.AGE--Y50T54__ENVCAUSE--ENVCAUSE114__SEX--M,dcid:Earth,2019,1003260.919
dcs:who/AIR_7.AGE--Y60T64__ENVCAUSE--ENVCAUSE114__SEX--M,dcid:Earth,2019,1522746.107
dcs:who/AIR_7.AGE--Y75T79__ENVCAUSE--ENVCAUSE068__SEX--F,dcid:Earth,2019,124054.04
dcs:who/AIR_7.AGE--Y65T69__ENVCAUSE--ENVCAUSE068__SEX--F,dcid:Earth,2019,228210.2569
dcs:who/AIR_7.AGE--Y45T49__ENVCAUSE--ENVCAUSE114__SEX--M,dcid:Earth,2019,672170.7304
dcs:who/AIR_7.AGE--Y_GE80__ENVCAUSE--ENVCAUSE068__SEX--F,dcid:Earth,2019,125979.1617
dcs:who/AIR_7.AGE--Y25T29__ENVCAUSE--ENVCAUSE114__SEX--M,dcid:Earth,2019,130059.1331
dcs:who/AIR_7.AGE--Y65T69__ENVCAUSE--ENVCAUSE114__SEX--M,dcid:Earth,2019,1718683.786
dcs:who/AIR_7.AGE--Y75T79__ENVCAUSE--ENVCAUSE113__SEX--M,dcid:Earth,2019,2059279.02
dcs:who/AIR_7.AGE--Y55T59__ENVCAUSE--ENVCAUSE114__SEX--M,dcid:Earth,2019,1262255.468
dcs:who/AIR_7.AGE--Y75T79__ENVCAUSE--ENVCAUSE114__SEX--M,dcid:Earth,2019,1176617.699
dcs:who/AIR_7.AGE--Y30T34__ENVCAUSE--ENVCAUSE068__SEX--F,dcid:Earth,2019,17067.71058
dcs:who/AIR_7.AGE--Y40T44__ENVCAUSE--ENVCAUSE118__SEX--M,dcid:Earth,2019,140877.3866
dcs:who/AIR_7.ENVCAUSE--ENVCAUSE114__SEX--M,dcid:Earth,2019,11324779.35
dcs:who/AIR_7.AGE--Y40T44__ENVCAUSE--ENVCAUSE113__SEX--M,dcid:Earth,2019,1235798.974
dcs:who/AIR_7.AGE--Y40T44__ENVCAUSE--ENVCAUSE114__SEX--M,dcid:Earth,2019,452431.9734
dcs:who/AIR_7.AGE--Y25T29__ENVCAUSE--ENVCAUSE068__SEX--F,dcid:Earth,2019,7916.29032
dcs:who/AIR_7.AGE--Y35T39__ENVCAUSE--ENVCAUSE113__SEX--M,dcid:Earth,2019,851099.9967
dcs:who/AIR_7.AGE--Y55T59__ENVCAUSE--ENVCAUSE068__SEX--F,dcid:Earth,2019,175524.3812
dcs:who/AIR_7.AGE--Y30T34__ENVCAUSE--ENVCAUSE114__SEX--M,dcid:Earth,2019,208352.0791
dcs:who/AIR_7.AGE--Y55T59__ENVCAUSE--ENVCAUSE113__SEX--M,dcid:Earth,2019,3077022.511
dcs:who/AIR_7.SEX--M,dcid:Earth,2019,58698222.97
dcs:who/AIR_7.AGE--Y30T34__ENVCAUSE--ENVCAUSE118__SEX--M,dcid:Earth,2019,77827.78828
dcs:who/AIR_7.AGE--Y40T44__ENVCAUSE--ENVCAUSE068__SEX--F,dcid:Earth,2019,53454.70678
dcs:who/AIR_7.AGE--Y35T39__ENVCAUSE--ENVCAUSE068__SEX--F,dcid:Earth,2019,27790.12948
dcs:who/AIR_7.AGE--Y_GE80__ENVCAUSE--ENVCAUSE113__SEX--M,dcid:Earth,2019,2979801.424
dcs:who/AIR_7.AGE--Y65T69__ENVCAUSE--ENVCAUSE113__SEX--M,dcid:Earth,2019,3251035.508
dcs:who/AIR_7.AGE--Y50T54__ENVCAUSE--ENVCAUSE113__SEX--M,dcid:Earth,2019,2475277.182
dcs:who/AIR_7.AGE--Y50T54__ENVCAUSE--ENVCAUSE068__SEX--F,dcid:Earth,2019,144833.9106
dcs:who/AIR_7.AGE--Y60T64__ENVCAUSE--ENVCAUSE068__SEX--F,dcid:Earth,2019,207420.6633
dcs:who/AIR_7.ENVCAUSE--ENVCAUSE068__SEX--F,dcid:Earth,2019,1382015.694
dcs:who/AIR_7.AGE--Y50T54__ENVCAUSE--ENVCAUSE118__SEX--F,dcid:Earth,2019,308361.5736
dcs:who/AIR_7.AGE--Y0T4__ENVCAUSE--ENVCAUSE039__SEX--F,dcid:Earth,2019,5737700.299
dcs:who/AIR_7.AGE--Y55T59__ENVCAUSE--ENVCAUSE039__SEX--F,dcid:Earth,2019,237728.1807
dcs:who/AIR_7.AGE--Y60T64__ENVCAUSE--ENVCAUSE039__SEX--F,dcid:Earth,2019,317772.6961
dcs:who/AIR_7.AGE--Y60T64__ENVCAUSE--ENVCAUSE114__SEX--F,dcid:Earth,2019,1094524.91
dcs:who/AIR_7.AGE--Y70T74__ENVCAUSE--ENVCAUSE118__SEX--F,dcid:Earth,2019,845771.2563
dcs:who/AIR_7.AGE--Y20T24__ENVCAUSE--ENVCAUSE039__SEX--F,dcid:Earth,2019,94148.15194
dcs:who/AIR_7.AGE--Y45T49__ENVCAUSE--ENVCAUSE114__SEX--F,dcid:Earth,2019,447816.8705
dcs:who/AIR_7.AGE--Y70T74__ENVCAUSE--ENVCAUSE114__SEX--F,dcid:Earth,2019,1283081.236
dcs:who/AIR_7.AGE--Y45T49__ENVCAUSE--ENVCAUSE039__SEX--F,dcid:Earth,2019,140285.6297
dcs:who/AIR_7.AGE--Y45T49__ENVCAUSE--ENVCAUSE118__SEX--F,dcid:Earth,2019,178024.5935
dcs:who/AIR_7.AGE--Y65T69__ENVCAUSE--ENVCAUSE039__SEX--F,dcid:Earth,2019,380244.5019
dcs:who/AIR_7.AGE--Y50T54__ENVCAUSE--ENVCAUSE039__SEX--F,dcid:Earth,2019,205703.3183
dcs:who/AIR_7.ENVCAUSE--ENVCAUSE039__SEX--F,dcid:Earth,2019,9804917.484
dcs:who/AIR_7.AGE--Y30T34__ENVCAUSE--ENVCAUSE039__SEX--F,dcid:Earth,2019,111339.1154
dcs:who/AIR_7.AGE--Y55T59__ENVCAUSE--ENVCAUSE118__SEX--F,dcid:Earth,2019,412072.8691
dcs:who/AIR_7.AGE--Y40T44__ENVCAUSE--ENVCAUSE114__SEX--F,dcid:Earth,2019,290506.6215
dcs:who/AIR_7.AGE--Y75T79__ENVCAUSE--ENVCAUSE118__SEX--F,dcid:Earth,2019,776205.1299
dcs:who/AIR_7.AGE--Y50T54__ENVCAUSE--ENVCAUSE114__SEX--F,dcid:Earth,2019,709303.3282
dcs:who/AIR_7.AGE--Y_GE80__ENVCAUSE--ENVCAUSE118__SEX--F,dcid:Earth,2019,1343674.332
dcs:who/AIR_7.AGE--Y15T19__ENVCAUSE--ENVCAUSE039__SEX--F,dcid:Earth,2019,96303.63884
dcs:who/AIR_7.AGE--Y60T64__ENVCAUSE--ENVCAUSE118__SEX--F,dcid:Earth,2019,594228.2585
dcs:who/AIR_7.ENVCAUSE--ENVCAUSE118__SEX--F,dcid:Earth,2019,5542398.78
dcs:who/AIR_7.AGE--Y40T44__ENVCAUSE--ENVCAUSE118__SEX--F,dcid:Earth,2019,105649.405
dcs:who/AIR_7.AGE--Y65T69__ENVCAUSE--ENVCAUSE118__SEX--F,dcid:Earth,2019,772058.1354
dcs:who/AIR_7.AGE--Y70T74__ENVCAUSE--ENVCAUSE039__SEX--F,dcid:Earth,2019,400779.3191
dcs:who/AIR_7.AGE--Y5T9__ENVCAUSE--ENVCAUSE039__SEX--F,dcid:Earth,2019,409326.1979
dcs:who/AIR_7.AGE--Y10T14__ENVCAUSE--ENVCAUSE039__SEX--F,dcid:Earth,2019,203271.8918
dcs:who/AIR_7.AGE--Y75T79__ENVCAUSE--ENVCAUSE114__SEX--F,dcid:Earth,2019,1171878.027
dcs:who/AIR_7.AGE--Y35T39__ENVCAUSE--ENVCAUSE118__SEX--F,dcid:Earth,2019,82060.0313
dcs:who/AIR_7.AGE--Y_GE80__ENVCAUSE--ENVCAUSE039__SEX--F,dcid:Earth,2019,742133.7167
dcs:who/AIR_7.AGE--Y35T39__ENVCAUSE--ENVCAUSE039__SEX--F,dcid:Earth,2019,129367.0652
dcs:who/AIR_7.AGE--Y30T34__ENVCAUSE--ENVCAUSE118__SEX--F,dcid:Earth,2019,70326.69937
dcs:who/AIR_7.AGE--Y65T69__ENVCAUSE--ENVCAUSE114__SEX--F,dcid:Earth,2019,1329261.704
dcs:who/AIR_7.AGE--Y25T29__ENVCAUSE--ENVCAUSE118__SEX--F,dcid:Earth,2019,53966.49579
dcs:who/AIR_7.AGE--Y55T59__ENVCAUSE--ENVCAUSE114__SEX--F,dcid:Earth,2019,865140.757
dcs:who/AIR_7.ENVCAUSE--ENVCAUSE114__SEX--F,dcid:Earth,2019,9483483.463
dcs:who/AIR_7.AGE--Y75T79__ENVCAUSE--ENVCAUSE039__SEX--F,dcid:Earth,2019,357518.7923
dcs:who/AIR_7.AGE--Y25T29__ENVCAUSE--ENVCAUSE039__SEX--F,dcid:Earth,2019,108264.7118
dcs:who/AIR_7.AGE--Y_GE80__ENVCAUSE--ENVCAUSE114__SEX--F,dcid:Earth,2019,1874842.94
dcs:who/AIR_7.AGE--Y40T44__ENVCAUSE--ENVCAUSE039__SEX--F,dcid:Earth,2019,133030.2572
dcs:who/AIR_7.AGE--Y15T19__ENVCAUSE--ENVCAUSE039,dcid:Earth,2019,214074.6164
dcs:who/AIR_7.AGE--Y10T14__ENVCAUSE--ENVCAUSE039,dcid:Earth,2019,423074.5084
dcs:who/AIR_7.AGE--Y0T4__ENVCAUSE--ENVCAUSE039,dcid:Earth,2019,13110977.87
dcs:who/AIR_7.AGE--Y30T34__ENVCAUSE--ENVCAUSE113__SEX--F,dcid:Earth,2019,203437.5251
dcs:who/AIR_7.AGE--Y25T29__ENVCAUSE--ENVCAUSE068,dcid:Earth,2019,21012.80914
dcs:who/AIR_7.AGE--Y45T49__ENVCAUSE--ENVCAUSE113__SEX--F,dcid:Earth,2019,707627.5695
dcs:who/AIR_7.ENVCAUSE--ENVCAUSE118,dcid:Earth,2019,12923855.35
dcs:who/AIR_7.AGE--Y50T54__ENVCAUSE--ENVCAUSE039,dcid:Earth,2019,505094.1835
dcs:who/AIR_7.AGE--Y40T44__ENVCAUSE--ENVCAUSE068,dcid:Earth,2019,146338.6567
dcs:who/AIR_7.AGE--Y30T34__ENVCAUSE--ENVCAUSE114__SEX--F,dcid:Earth,2019,132619.463
dcs:who/AIR_7.AGE--Y65T69__ENVCAUSE--ENVCAUSE039,dcid:Earth,2019,868106.6834
dcs:who/AIR_7.AGE--Y45T49__ENVCAUSE--ENVCAUSE039,dcid:Earth,2019,395262.5414
dcs:who/AIR_7.AGE--Y40T44__ENVCAUSE--ENVCAUSE113__SEX--F,dcid:Earth,2019,478248.5239
dcs:who/AIR_7.AGE--Y60T64__ENVCAUSE--ENVCAUSE068,dcid:Earth,2019,751605.2313
dcs:who/AIR_7.AGE--Y30T34__ENVCAUSE--ENVCAUSE039,dcid:Earth,2019,273408.3036
dcs:who/AIR_7.AGE--Y45T49__ENVCAUSE--ENVCAUSE068,dcid:Earth,2019,285730.5921
dcs:who/AIR_7.ENVCAUSE--ENVCAUSE068,dcid:Earth,2019,4601227.41
dcs:who/AIR_7.AGE--Y_GE80__ENVCAUSE--ENVCAUSE068,dcid:Earth,2019,344353.7819
dcs:who/AIR_7.AGE--Y35T39__ENVCAUSE--ENVCAUSE114__SEX--F,dcid:Earth,2019,193090.1597
dcs:who/AIR_7.AGE--Y70T74__ENVCAUSE--ENVCAUSE039,dcid:Earth,2019,866688.4134
dcs:who/AIR_7.AGE--Y75T79__ENVCAUSE--ENVCAUSE039,dcid:Earth,2019,763131.9054
dcs:who/AIR_7.AGE--Y60T64__ENVCAUSE--ENVCAUSE039,dcid:Earth,2019,773627.7748
dcs:who/AIR_7.AGE--Y65T69__ENVCAUSE--ENVCAUSE068,dcid:Earth,2019,813376.8536
dcs:who/AIR_7.ENVCAUSE--ENVCAUSE039,dcid:Earth,2019,22109378.49
dcs:who/AIR_7.AGE--Y75T79__ENVCAUSE--ENVCAUSE113__SEX--F,dcid:Earth,2019,1838599.567
dcs:who/AIR_7.AGE--Y60T64__ENVCAUSE--ENVCAUSE113__SEX--F,dcid:Earth,2019,1703118.431
dcs:who/AIR_7.AGE--Y_GE80__ENVCAUSE--ENVCAUSE039,dcid:Earth,2019,1404138.058
dcs:who/AIR_7.AGE--Y40T44__ENVCAUSE--ENVCAUSE039,dcid:Earth,2019,342091.1996
dcs:who/AIR_7.AGE--Y70T74__ENVCAUSE--ENVCAUSE068,dcid:Earth,2019,608394.6674
dcs:who/AIR_7.AGE--Y30T34__ENVCAUSE--ENVCAUSE068,dcid:Earth,2019,45332.83074
dcs:who/AIR_7.AGE--Y5T9__ENVCAUSE--ENVCAUSE039,dcid:Earth,2019,772193.5517
dcs:who/AIR_7.AGE--Y55T59__ENVCAUSE--ENVCAUSE039,dcid:Earth,2019,609008.0663
dcs:who/AIR_7.SEX--F,dcid:Earth,2019,41722224.03
dcs:who/AIR_7.AGE--Y55T59__ENVCAUSE--ENVCAUSE068,dcid:Earth,2019,635959.4565
dcs:who/AIR_7.AGE--Y50T54__ENVCAUSE--ENVCAUSE113__SEX--F,dcid:Earth,2019,1078346.117
dcs:who/AIR_7.AGE--Y25T29__ENVCAUSE--ENVCAUSE113__SEX--F,dcid:Earth,2019,122362.8096
dcs:who/AIR_7.AGE--Y35T39__ENVCAUSE--ENVCAUSE113__SEX--F,dcid:Earth,2019,308905.1147
dcs:who/AIR_7.AGE--Y25T29__ENVCAUSE--ENVCAUSE114__SEX--F,dcid:Earth,2019,91417.4467
dcs:who/AIR_7.AGE--Y70T74__ENVCAUSE--ENVCAUSE113__SEX--F,dcid:Earth,2019,1934628.216
dcs:who/AIR_7.AGE--Y35T39__ENVCAUSE--ENVCAUSE068,dcid:Earth,2019,73406.4853
dcs:who/AIR_7.AGE--Y50T54__ENVCAUSE--ENVCAUSE068,dcid:Earth,2019,482129.4277
dcs:who/AIR_7.AGE--Y25T29__ENVCAUSE--ENVCAUSE039,dcid:Earth,2019,250726.2575
dcs:who/AIR_7.ENVCAUSE--ENVCAUSE113__SEX--F,dcid:Earth,2019,15509408.61
dcs:who/AIR_7.AGE--Y65T69__ENVCAUSE--ENVCAUSE113__SEX--F,dcid:Earth,2019,2012175.792
dcs:who/AIR_7.AGE--Y_GE80__ENVCAUSE--ENVCAUSE113__SEX--F,dcid:Earth,2019,3754455.101
dcs:who/AIR_7.AGE--Y20T24__ENVCAUSE--ENVCAUSE039,dcid:Earth,2019,218563.1653
dcs:who/AIR_7.AGE--Y35T39__ENVCAUSE--ENVCAUSE039,dcid:Earth,2019,319211.395
dcs:who/AIR_7.AGE--Y75T79__ENVCAUSE--ENVCAUSE068,dcid:Earth,2019,393586.6176
dcs:who/AIR_7.AGE--Y55T59__ENVCAUSE--ENVCAUSE113__SEX--F,dcid:Earth,2019,1367503.845
dcs:who/AIR_7.ENVCAUSE--ENVCAUSE113,dcid:Earth,2019,39977722.93
dcs:who/AIR_7.AGE--Y55T59__ENVCAUSE--ENVCAUSE113,dcid:Earth,2019,4444526.355
dcs:who/AIR_7.AGE--Y30T34__ENVCAUSE--ENVCAUSE118,dcid:Earth,2019,148154.4876
dcs:who/AIR_7.AGE--Y65T69__ENVCAUSE--ENVCAUSE118,dcid:Earth,2019,1940888.875
dcs:who/AIR_7.AGE--Y45T49__ENVCAUSE--ENVCAUSE118,dcid:Earth,2019,428222.1671
dcs:who/AIR_7.AGE--Y25T29__ENVCAUSE--ENVCAUSE114,dcid:Earth,2019,221476.5798
dcs:who/AIR_7,dcid:Earth,2019,100420447.0
dcs:who/AIR_7.AGE--Y60T64__ENVCAUSE--ENVCAUSE114,dcid:Earth,2019,2617271.017
dcs:who/AIR_7.AGE--Y35T39__ENVCAUSE--ENVCAUSE114,dcid:Earth,2019,490188.7464
dcs:who/AIR_7.AGE--Y35T39__ENVCAUSE--ENVCAUSE113,dcid:Earth,2019,1160005.111
dcs:who/AIR_7.AGE--Y50T54__ENVCAUSE--ENVCAUSE118,dcid:Earth,2019,744583.231
dcs:who/AIR_7.AGE--Y60T64__ENVCAUSE--ENVCAUSE113,dcid:Earth,2019,4966565.366
dcs:who/AIR_7.AGE--Y40T44__ENVCAUSE--ENVCAUSE114,dcid:Earth,2019,742938.5949
dcs:who/AIR_7.AGE--Y30T34__ENVCAUSE--ENVCAUSE114,dcid:Earth,2019,340971.5421
dcs:who/AIR_7.AGE--Y_GE80__ENVCAUSE--ENVCAUSE118,dcid:Earth,2019,2735992.344
dcs:who/AIR_7.AGE--Y55T59__ENVCAUSE--ENVCAUSE114,dcid:Earth,2019,2127396.225
dcs:who/AIR_7.AGE--Y_GE80__ENVCAUSE--ENVCAUSE114,dcid:Earth,2019,3298758.38
dcs:who/AIR_7.AGE--Y40T44__ENVCAUSE--ENVCAUSE118,dcid:Earth,2019,246526.7916
dcs:who/AIR_7.AGE--Y25T29__ENVCAUSE--ENVCAUSE113,dcid:Earth,2019,405490.219
dcs:who/AIR_7.AGE--Y70T74__ENVCAUSE--ENVCAUSE118,dcid:Earth,2019,2020790.488
dcs:who/AIR_7.AGE--Y45T49__ENVCAUSE--ENVCAUSE113,dcid:Earth,2019,2535687.897
dcs:who/AIR_7.AGE--Y70T74__ENVCAUSE--ENVCAUSE114,dcid:Earth,2019,2740268.666
dcs:who/AIR_7.AGE--Y55T59__ENVCAUSE--ENVCAUSE118,dcid:Earth,2019,1057137.039
dcs:who/AIR_7.AGE--Y60T64__ENVCAUSE--ENVCAUSE118,dcid:Earth,2019,1513537.555
dcs:who/AIR_7.ENVCAUSE--ENVCAUSE114,dcid:Earth,2019,20808262.81
dcs:who/AIR_7.AGE--Y25T29__ENVCAUSE--ENVCAUSE118,dcid:Earth,2019,111949.4798
dcs:who/AIR_7.AGE--Y65T69__ENVCAUSE--ENVCAUSE113,dcid:Earth,2019,5263211.3
dcs:who/AIR_7.AGE--Y45T49__ENVCAUSE--ENVCAUSE114,dcid:Earth,2019,1119987.601
dcs:who/AIR_7.AGE--Y40T44__ENVCAUSE--ENVCAUSE113,dcid:Earth,2019,1714047.498
dcs:who/AIR_7.AGE--Y75T79__ENVCAUSE--ENVCAUSE114,dcid:Earth,2019,2348495.725
dcs:who/AIR_7.AGE--Y75T79__ENVCAUSE--ENVCAUSE118,dcid:Earth,2019,1797312.786
dcs:who/AIR_7.AGE--Y50T54__ENVCAUSE--ENVCAUSE114,dcid:Earth,2019,1712564.247
dcs:who/AIR_7.AGE--Y_GE80__ENVCAUSE--ENVCAUSE113,dcid:Earth,2019,6734256.525
dcs:who/AIR_7.AGE--Y50T54__ENVCAUSE--ENVCAUSE113,dcid:Earth,2019,3553623.299
dcs:who/AIR_7.AGE--Y75T79__ENVCAUSE--ENVCAUSE113,dcid:Earth,2019,3897878.588
dcs:who/AIR_7.AGE--Y65T69__ENVCAUSE--ENVCAUSE114,dcid:Earth,2019,3047945.49
dcs:who/AIR_7.AGE--Y30T34__ENVCAUSE--ENVCAUSE113,dcid:Earth,2019,758287.8803
dcs:who/AIR_7.AGE--Y35T39__ENVCAUSE--ENVCAUSE118,dcid:Earth,2019,178760.1084
dcs:who/AIR_7.AGE--Y70T74__ENVCAUSE--ENVCAUSE113,dcid:Earth,2019,4544142.894
dcs:who/AIR_7.AGE--Y60T64__ENVCAUSE--ENVCAUSE068__SEX--M,dcid:EasternAsia,2019,314160.7116
dcs:who/AIR_7.AGE--Y75T79__ENVCAUSE--ENVCAUSE068__SEX--M,dcid:EasternAsia,2019,176289.1689
dcs:who/AIR_7.AGE--Y25T29__ENVCAUSE--ENVCAUSE068__SEX--M,dcid:EasternAsia,2019,6416.03769
dcs:who/AIR_7.AGE--Y70T74__ENVCAUSE--ENVCAUSE118__SEX--M,dcid:EasternAsia,2019,383711.3563
dcs:who/AIR_7.AGE--Y5T9__ENVCAUSE--ENVCAUSE039__SEX--M,dcid:EasternAsia,2019,8267.65162
dcs:who/AIR_7.AGE--Y_GE80__ENVCAUSE--ENVCAUSE118__SEX--M,dcid:EasternAsia,2019,612033.1113
dcs:who/AIR_7.AGE--Y0T4__ENVCAUSE--ENVCAUSE039__SEX--M,dcid:EasternAsia,2019,241391.5556
dcs:who/AIR_7.AGE--Y20T24__ENVCAUSE--ENVCAUSE039__SEX--M,dcid:EasternAsia,2019,7519.80119
dcs:who/AIR_7.AGE--Y75T79__ENVCAUSE--ENVCAUSE118__SEX--M,dcid:EasternAsia,2019,373094.3602
dcs:who/AIR_7.ENVCAUSE--ENVCAUSE039__SEX--M,dcid:EasternAsia,2019,825798.5278
dcs:who/AIR_7.AGE--Y45T49__ENVCAUSE--ENVCAUSE068__SEX--M,dcid:EasternAsia,2019,108651.9672
dcs:who/AIR_7.AGE--Y50T54__ENVCAUSE--ENVCAUSE068__SEX--M,dcid:EasternAsia,2019,196976.6396
dcs:who/AIR_7.ENVCAUSE--ENVCAUSE118__SEX--M,dcid:EasternAsia,2019,2241801.552
dcs:who/AIR_7.AGE--Y15T19__ENVCAUSE--ENVCAUSE039__SEX--M,dcid:EasternAsia,2019,6501.00615
dcs:who/AIR_7.AGE--Y40T44__ENVCAUSE--ENVCAUSE068__SEX--M,dcid:EasternAsia,2019,51585.30467
dcs:who/AIR_7.AGE--Y30T34__ENVCAUSE--ENVCAUSE068__SEX--M,dcid:EasternAsia,2019,17088.62197
dcs:who/AIR_7.AGE--Y55T59__ENVCAUSE--ENVCAUSE068__SEX--M,dcid:EasternAsia,2019,256403.9698
dcs:who/AIR_7.AGE--Y60T64__ENVCAUSE--ENVCAUSE039__SEX--M,dcid:EasternAsia,2019,41840.24211
dcs:who/AIR_7.AGE--Y30T34__ENVCAUSE--ENVCAUSE039__SEX--M,dcid:EasternAsia,2019,11423.72718
dcs:who/AIR_7.AGE--Y40T44__ENVCAUSE--ENVCAUSE039__SEX--M,dcid:EasternAsia,2019,13792.97278
dcs:who/AIR_7.AGE--Y70T74__ENVCAUSE--ENVCAUSE068__SEX--M,dcid:EasternAsia,2019,275096.0596
dcs:who/AIR_7.AGE--Y60T64__ENVCAUSE--ENVCAUSE118__SEX--M,dcid:EasternAsia,2019,205947.173
dcs:who/AIR_7.AGE--Y65T69__ENVCAUSE--ENVCAUSE068__SEX--M,dcid:EasternAsia,2019,373844.2189
dcs:who/AIR_7.AGE--Y35T39__ENVCAUSE--ENVCAUSE068__SEX--M,dcid:EasternAsia,2019,25463.49275
dcs:who/AIR_7.AGE--Y55T59__ENVCAUSE--ENVCAUSE118__SEX--M,dcid:EasternAsia,2019,134480.2726
dcs:who/AIR_7.AGE--Y10T14__ENVCAUSE--ENVCAUSE039__SEX--M,dcid:EasternAsia,2019,5975.99038
dcs:who/AIR_7.AGE--Y65T69__ENVCAUSE--ENVCAUSE118__SEX--M,dcid:EasternAsia,2019,328470.0039
dcs:who/AIR_7.AGE--Y25T29__ENVCAUSE--ENVCAUSE039__SEX--M,dcid:EasternAsia,2019,8071.84119
dcs:who/AIR_7.AGE--Y75T79__ENVCAUSE--ENVCAUSE039__SEX--M,dcid:EasternAsia,2019,73928.74306
dcs:who/AIR_7.AGE--Y55T59__ENVCAUSE--ENVCAUSE039__SEX--M,dcid:EasternAsia,2019,32626.18679
dcs:who/AIR_7.AGE--Y65T69__ENVCAUSE--ENVCAUSE039__SEX--M,dcid:EasternAsia,2019,57109.12472
dcs:who/AIR_7.ENVCAUSE--ENVCAUSE068__SEX--M,dcid:EasternAsia,2019,1948444.304
dcs:who/AIR_7.AGE--Y35T39__ENVCAUSE--ENVCAUSE039__SEX--M,dcid:EasternAsia,2019,10667.50112
dcs:who/AIR_7.AGE--Y_GE80__ENVCAUSE--ENVCAUSE039__SEX--M,dcid:EasternAsia,2019,192728.5389
dcs:who/AIR_7.AGE--Y45T49__ENVCAUSE--ENVCAUSE039__SEX--M,dcid:EasternAsia,2019,20160.70939
dcs:who/AIR_7.AGE--Y_GE80__ENVCAUSE--ENVCAUSE068__SEX--M,dcid:EasternAsia,2019,146468.1117
dcs:who/AIR_7.AGE--Y70T74__ENVCAUSE--ENVCAUSE039__SEX--M,dcid:EasternAsia,2019,65410.22781
dcs:who/AIR_7.AGE--Y50T54__ENVCAUSE--ENVCAUSE039__SEX--M,dcid:EasternAsia,2019,28382.70779
dcs:who/AIR_7.AGE--Y25T29__ENVCAUSE--ENVCAUSE068__SEX--F,dcid:EasternAsia,2019,3614.34245
dcs:who/AIR_7.AGE--Y50T54__ENVCAUSE--ENVCAUSE118__SEX--M,dcid:EasternAsia,2019,95630.97362
dcs:who/AIR_7.AGE--Y55T59__ENVCAUSE--ENVCAUSE113__SEX--M,dcid:EasternAsia,2019,531197.5875
dcs:who/AIR_7.AGE--Y65T69__ENVCAUSE--ENVCAUSE068__SEX--F,dcid:EasternAsia,2019,148233.3709
dcs:who/AIR_7.AGE--Y60T64__ENVCAUSE--ENVCAUSE113__SEX--M,dcid:EasternAsia,2019,601780.7271
dcs:who/AIR_7.AGE--Y30T34__ENVCAUSE--ENVCAUSE039__SEX--F,dcid:EasternAsia,2019,4794.05243
dcs:who/AIR_7.AGE--Y25T29__ENVCAUSE--ENVCAUSE118__SEX--M,dcid:EasternAsia,2019,7132.17835
dcs:who/AIR_7.AGE--Y45T49__ENVCAUSE--ENVCAUSE039__SEX--F,dcid:EasternAsia,2019,8263.88462
dcs:who/AIR_7.AGE--Y45T49__ENVCAUSE--ENVCAUSE113__SEX--M,dcid:EasternAsia,2019,347317.1967
dcs:who/AIR_7.SEX--M,dcid:EasternAsia,2019,15315839.84
dcs:who/AIR_7.AGE--Y50T54__ENVCAUSE--ENVCAUSE114__SEX--M,dcid:EasternAsia,2019,396372.0624
dcs:who/AIR_7.AGE--Y55T59__ENVCAUSE--ENVCAUSE039__SEX--F,dcid:EasternAsia,2019,13745.08717
dcs:who/AIR_7.AGE--Y_GE80__ENVCAUSE--ENVCAUSE114__SEX--M,dcid:EasternAsia,2019,764067.426
dcs:who/AIR_7.AGE--Y75T79__ENVCAUSE--ENVCAUSE039__SEX--F,dcid:EasternAsia,2019,46463.75283
dcs:who/AIR_7.AGE--Y35T39__ENVCAUSE--ENVCAUSE118__SEX--M,dcid:EasternAsia,2019,13603.87008
dcs:who/AIR_7.AGE--Y25T29__ENVCAUSE--ENVCAUSE114__SEX--M,dcid:EasternAsia,2019,33030.85341
dcs:who/AIR_7.AGE--Y35T39__ENVCAUSE--ENVCAUSE068__SEX--F,dcid:EasternAsia,2019,14256.1308
dcs:who/AIR_7.AGE--Y45T49__ENVCAUSE--ENVCAUSE118__SEX--M,dcid:EasternAsia,2019,50400.16129
dcs:who/AIR_7.AGE--Y_GE80__ENVCAUSE--ENVCAUSE068__SEX--F,dcid:EasternAsia,2019,85189.53908
dcs:who/AIR_7.AGE--Y65T69__ENVCAUSE--ENVCAUSE039__SEX--F,dcid:EasternAsia,2019,28427.15764
dcs:who/AIR_7.ENVCAUSE--ENVCAUSE039__SEX--F,dcid:EasternAsia,2019,572718.5901
dcs:who/AIR_7.AGE--Y30T34__ENVCAUSE--ENVCAUSE113__SEX--M,dcid:EasternAsia,2019,113227.0798
dcs:who/AIR_7.AGE--Y45T49__ENVCAUSE--ENVCAUSE114__SEX--M,dcid:EasternAsia,2019,257461.2169
dcs:who/AIR_7.AGE--Y_GE80__ENVCAUSE--ENVCAUSE039__SEX--F,dcid:EasternAsia,2019,182762.1456
dcs:who/AIR_7.AGE--Y30T34__ENVCAUSE--ENVCAUSE114__SEX--M,dcid:EasternAsia,2019,70552.9033
dcs:who/AIR_7.AGE--Y75T79__ENVCAUSE--ENVCAUSE113__SEX--M,dcid:EasternAsia,2019,564517.7897
dcs:who/AIR_7.AGE--Y55T59__ENVCAUSE--ENVCAUSE114__SEX--M,dcid:EasternAsia,2019,461578.0178
dcs:who/AIR_7.AGE--Y35T39__ENVCAUSE--ENVCAUSE039__SEX--F,dcid:EasternAsia,2019,4526.78699
dcs:who/AIR_7.AGE--Y_GE80__ENVCAUSE--ENVCAUSE113__SEX--M,dcid:EasternAsia,2019,999691.1999
dcs:who/AIR_7.AGE--Y35T39__ENVCAUSE--ENVCAUSE114__SEX--M,dcid:EasternAsia,2019,90850.87332
dcs:who/AIR_7.AGE--Y40T44__ENVCAUSE--ENVCAUSE039__SEX--F,dcid:EasternAsia,2019,5921.14955
dcs:who/AIR_7.AGE--Y65T69__ENVCAUSE--ENVCAUSE114__SEX--M,dcid:EasternAsia,2019,761323.6578
dcs:who/AIR_7.AGE--Y55T59__ENVCAUSE--ENVCAUSE068__SEX--F,dcid:EasternAsia,2019,98760.10966
dcs:who/AIR_7.AGE--Y70T74__ENVCAUSE--ENVCAUSE039__SEX--F,dcid:EasternAsia,2019,36469.93113
dcs:who/AIR_7.AGE--Y50T54__ENVCAUSE--ENVCAUSE068__SEX--F,dcid:EasternAsia,2019,84970.33505
dcs:who/AIR_7.AGE--Y60T64__ENVCAUSE--ENVCAUSE039__SEX--F,dcid:EasternAsia,2019,18151.98253
dcs:who/AIR_7.AGE--Y75T79__ENVCAUSE--ENVCAUSE114__SEX--M,dcid:EasternAsia,2019,582164.6282
dcs:who/AIR_7.AGE--Y40T44__ENVCAUSE--ENVCAUSE114__SEX--M,dcid:EasternAsia,2019,156373.6276
dcs:who/AIR_7.ENVCAUSE--ENVCAUSE068__SEX--F,dcid:EasternAsia,2019,843316.9022
dcs:who/AIR_7.AGE--Y30T34__ENVCAUSE--ENVCAUSE118__SEX--M,dcid:EasternAsia,2019,12560.13669
dcs:who/AIR_7.AGE--Y75T79__ENVCAUSE--ENVCAUSE068__SEX--F,dcid:EasternAsia,2019,81458.67854
dcs:who/AIR_7.AGE--Y70T74__ENVCAUSE--ENVCAUSE113__SEX--M,dcid:EasternAsia,2019,650435.2376
dcs:who/AIR_7.ENVCAUSE--ENVCAUSE113__SEX--M,dcid:EasternAsia,2019,5455838.916
dcs:who/AIR_7.AGE--Y30T34__ENVCAUSE--ENVCAUSE068__SEX--F,dcid:EasternAsia,2019,9456.42057
dcs:who/AIR_7.AGE--Y25T29__ENVCAUSE--ENVCAUSE113__SEX--M,dcid:EasternAsia,2019,49623.52883
dcs:who/AIR_7.AGE--Y65T69__ENVCAUSE--ENVCAUSE113__SEX--M,dcid:EasternAsia,2019,738636.7823
dcs:who/AIR_7.AGE--Y35T39__ENVCAUSE--ENVCAUSE113__SEX--M,dcid:EasternAsia,2019,141185.5188
dcs:who/AIR_7.AGE--Y60T64__ENVCAUSE--ENVCAUSE068__SEX--F,dcid:EasternAsia,2019,121515.6646
dcs:who/AIR_7.AGE--Y60T64__ENVCAUSE--ENVCAUSE114__SEX--M,dcid:EasternAsia,2019,574203.3163
dcs:who/AIR_7.AGE--Y40T44__ENVCAUSE--ENVCAUSE113__SEX--M,dcid:EasternAsia,2019,228337.3144
dcs:who/AIR_7.AGE--Y50T54__ENVCAUSE--ENVCAUSE113__SEX--M,dcid:EasternAsia,2019,489888.9537
dcs:who/AIR_7.AGE--Y50T54__ENVCAUSE--ENVCAUSE039__SEX--F,dcid:EasternAsia,2019,11980.12177
dcs:who/AIR_7.ENVCAUSE--ENVCAUSE114__SEX--M,dcid:EasternAsia,2019,4843956.535
dcs:who/AIR_7.AGE--Y40T44__ENVCAUSE--ENVCAUSE068__SEX--F,dcid:EasternAsia,2019,29194.91451
dcs:who/AIR_7.AGE--Y70T74__ENVCAUSE--ENVCAUSE114__SEX--M,dcid:EasternAsia,2019,695977.9521
dcs:who/AIR_7.AGE--Y40T44__ENVCAUSE--ENVCAUSE118__SEX--M,dcid:EasternAsia,2019,24737.9551
dcs:who/AIR_7.AGE--Y70T74__ENVCAUSE--ENVCAUSE068__SEX--F,dcid:EasternAsia,2019,114776.5026
dcs:who/AIR_7.AGE--Y45T49__ENVCAUSE--ENVCAUSE068__SEX--F,dcid:EasternAsia,2019,51890.89351
dcs:who/AIR_7.AGE--Y20T24__ENVCAUSE--ENVCAUSE039__SEX--F,dcid:EasternAsia,2019,3674.68643
dcs:who/AIR_7.AGE--Y35T39__ENVCAUSE--ENVCAUSE118__SEX--F,dcid:EasternAsia,2019,13561.26849
dcs:who/AIR_7.AGE--Y_GE80__ENVCAUSE--ENVCAUSE068,dcid:EasternAsia,2019,231657.6508
dcs:who/AIR_7.ENVCAUSE--ENVCAUSE113__SEX--F,dcid:EasternAsia,2019,3466050.382
dcs:who/AIR_7.AGE--Y25T29__ENVCAUSE--ENVCAUSE114__SEX--F,dcid:EasternAsia,2019,15909.19013
dcs:who/AIR_7.AGE--Y60T64__ENVCAUSE--ENVCAUSE113__SEX--F,dcid:EasternAsia,2019,303452.0844
dcs:who/AIR_7.AGE--Y70T74__ENVCAUSE--ENVCAUSE118__SEX--F,dcid:EasternAsia,2019,270525.6772
dcs:who/AIR_7.AGE--Y50T54__ENVCAUSE--ENVCAUSE118__SEX--F,dcid:EasternAsia,2019,72245.13568
dcs:who/AIR_7.AGE--Y65T69__ENVCAUSE--ENVCAUSE113__SEX--F,dcid:EasternAsia,2019,451789.0977
dcs:who/AIR_7.AGE--Y70T74__ENVCAUSE--ENVCAUSE114__SEX--F,dcid:EasternAsia,2019,513597.1372
dcs:who/AIR_7.AGE--Y45T49__ENVCAUSE--ENVCAUSE114__SEX--F,dcid:EasternAsia,2019,119852.9503
dcs:who/AIR_7.AGE--Y65T69__ENVCAUSE--ENVCAUSE118__SEX--F,dcid:EasternAsia,2019,229898.3101
dcs:who/AIR_7.AGE--Y55T59__ENVCAUSE--ENVCAUSE113__SEX--F,dcid:EasternAsia,2019,216947.969
dcs:who/AIR_7.AGE--Y75T79__ENVCAUSE--ENVCAUSE113__SEX--F,dcid:EasternAsia,2019,461900.0096
dcs:who/AIR_7.ENVCAUSE--ENVCAUSE068,dcid:EasternAsia,2019,2791761.207
dcs:who/AIR_7.AGE--Y15T19__ENVCAUSE--ENVCAUSE039__SEX--F,dcid:EasternAsia,2019,3245.48863
dcs:who/AIR_7.AGE--Y50T54__ENVCAUSE--ENVCAUSE113__SEX--F,dcid:EasternAsia,2019,174973.0412
dcs:who/AIR_7.AGE--Y25T29__ENVCAUSE--ENVCAUSE039__SEX--F,dcid:EasternAsia,2019,3892.16109
dcs:who/AIR_7.AGE--Y_GE80__ENVCAUSE--ENVCAUSE113__SEX--F,dcid:EasternAsia,2019,1143980.932
dcs:who/AIR_7.AGE--Y25T29__ENVCAUSE--ENVCAUSE118__SEX--F,dcid:EasternAsia,2019,8384.8952
dcs:who/AIR_7.AGE--Y25T29__ENVCAUSE--ENVCAUSE113__SEX--F,dcid:EasternAsia,2019,13963.69499
dcs:who/AIR_7.AGE--Y35T39__ENVCAUSE--ENVCAUSE113__SEX--F,dcid:EasternAsia,2019,33653.32993
dcs:who/AIR_7.AGE--Y50T54__ENVCAUSE--ENVCAUSE114__SEX--F,dcid:EasternAsia,2019,209345.3119
dcs:who/AIR_7.AGE--Y60T64__ENVCAUSE--ENVCAUSE114__SEX--F,dcid:EasternAsia,2019,343655.3347
dcs:who/AIR_7.AGE--Y35T39__ENVCAUSE--ENVCAUSE114__SEX--F,dcid:EasternAsia,2019,34532.0397
dcs:who/AIR_7.AGE--Y10T14__ENVCAUSE--ENVCAUSE039__SEX--F,dcid:EasternAsia,2019,3549.93176
dcs:who/AIR_7.AGE--Y30T34__ENVCAUSE--ENVCAUSE114__SEX--F,dcid:EasternAsia,2019,28039.27785
dcs:who/AIR_7.AGE--Y0T4__ENVCAUSE--ENVCAUSE039__SEX--F,dcid:EasternAsia,2019,189463.5769
dcs:who/AIR_7.AGE--Y_GE80__ENVCAUSE--ENVCAUSE118__SEX--F,dcid:EasternAsia,2019,583985.9668
dcs:who/AIR_7.AGE--Y40T44__ENVCAUSE--ENVCAUSE114__SEX--F,dcid:EasternAsia,2019,63098.42841
dcs:who/AIR_7.AGE--Y40T44__ENVCAUSE--ENVCAUSE113__SEX--F,dcid:EasternAsia,2019,60644.99665
dcs:who/AIR_7.AGE--Y75T79__ENVCAUSE--ENVCAUSE114__SEX--F,dcid:EasternAsia,2019,470113.9331
dcs:who/AIR_7.AGE--Y30T34__ENVCAUSE--ENVCAUSE113__SEX--F,dcid:EasternAsia,2019,28454.44415
dcs:who/AIR_7.AGE--Y70T74__ENVCAUSE--ENVCAUSE068,dcid:EasternAsia,2019,389872.5622
dcs:who/AIR_7.AGE--Y_GE80__ENVCAUSE--ENVCAUSE114__SEX--F,dcid:EasternAsia,2019,819243.6001
dcs:who/AIR_7.AGE--Y40T44__ENVCAUSE--ENVCAUSE118__SEX--F,dcid:EasternAsia,2019,20753.70741
dcs:who/AIR_7.AGE--Y50T54__ENVCAUSE--ENVCAUSE068,dcid:EasternAsia,2019,281946.9746
dcs:who/AIR_7.AGE--Y45T49__ENVCAUSE--ENVCAUSE118__SEX--F,dcid:EasternAsia,2019,41238.64616
dcs:who/AIR_7.AGE--Y75T79__ENVCAUSE--ENVCAUSE118__SEX--F,dcid:EasternAsia,2019,279516.853
dcs:who/AIR_7.AGE--Y5T9__ENVCAUSE--ENVCAUSE039__SEX--F,dcid:EasternAsia,2019,7386.69307
dcs:who/AIR_7.AGE--Y55T59__ENVCAUSE--ENVCAUSE118__SEX--F,dcid:EasternAsia,2019,93652.07251
dcs:who/AIR_7.AGE--Y60T64__ENVCAUSE--ENVCAUSE068,dcid:EasternAsia,2019,435676.3762
dcs:who/AIR_7.AGE--Y55T59__ENVCAUSE--ENVCAUSE114__SEX--F,dcid:EasternAsia,2019,256477.1304
dcs:who/AIR_7.SEX--F,dcid:EasternAsia,2019,10033763.38
dcs:who/AIR_7.AGE--Y65T69__ENVCAUSE--ENVCAUSE114__SEX--F,dcid:EasternAsia,2019,511452.5252
dcs:who/AIR_7.ENVCAUSE--ENVCAUSE118__SEX--F,dcid:EasternAsia,2019,1766360.646
dcs:who/AIR_7.AGE--Y45T49__ENVCAUSE--ENVCAUSE113__SEX--F,dcid:EasternAsia,2019,109325.3333
dcs:who/AIR_7.AGE--Y70T74__ENVCAUSE--ENVCAUSE113__SEX--F,dcid:EasternAsia,2019,466965.4495
dcs:who/AIR_7.AGE--Y75T79__ENVCAUSE--ENVCAUSE068,dcid:EasternAsia,2019,257747.8475
dcs:who/AIR_7.ENVCAUSE--ENVCAUSE114__SEX--F,dcid:EasternAsia,2019,3385316.859
dcs:who/AIR_7.AGE--Y60T64__ENVCAUSE--ENVCAUSE118__SEX--F,dcid:EasternAsia,2019,139047.242
dcs:who/AIR_7.AGE--Y55T59__ENVCAUSE--ENVCAUSE068,dcid:EasternAsia,2019,355164.0794
dcs:who/AIR_7.AGE--Y65T69__ENVCAUSE--ENVCAUSE068,dcid:EasternAsia,2019,522077.5898
dcs:who/AIR_7.AGE--Y30T34__ENVCAUSE--ENVCAUSE118__SEX--F,dcid:EasternAsia,2019,13550.87173
dcs:who/AIR_7.AGE--Y75T79__ENVCAUSE--ENVCAUSE039,dcid:EasternAsia,2019,120392.4959
dcs:who/AIR_7.ENVCAUSE--ENVCAUSE118,dcid:EasternAsia,2019,4008162.199
dcs:who/AIR_7.AGE--Y65T69__ENVCAUSE--ENVCAUSE113,dcid:EasternAsia,2019,1190425.88
dcs:who/AIR_7.AGE--Y70T74__ENVCAUSE--ENVCAUSE039,dcid:EasternAsia,2019,101880.1589
dcs:who/AIR_7.AGE--Y35T39__ENVCAUSE--ENVCAUSE039,dcid:EasternAsia,2019,15194.28811
dcs:who/AIR_7.AGE--Y5T9__ENVCAUSE--ENVCAUSE039,dcid:EasternAsia,2019,15654.34468
dcs:who/AIR_7.AGE--Y_GE80__ENVCAUSE--ENVCAUSE113,dcid:EasternAsia,2019,2143672.132
dcs:who/AIR_7.AGE--Y_GE80__ENVCAUSE--ENVCAUSE039,dcid:EasternAsia,2019,375490.6844
dcs:who/AIR_7.AGE--Y45T49__ENVCAUSE--ENVCAUSE068,dcid:EasternAsia,2019,160542.8608
dcs:who/AIR_7.AGE--Y40T44__ENVCAUSE--ENVCAUSE118,dcid:EasternAsia,2019,45491.66251
dcs:who/AIR_7.AGE--Y0T4__ENVCAUSE--ENVCAUSE039,dcid:EasternAsia,2019,430855.1325
dcs:who/AIR_7.AGE--Y45T49__ENVCAUSE--ENVCAUSE118,dcid:EasternAsia,2019,91638.80744
dcs:who/AIR_7.AGE--Y_GE80__ENVCAUSE--ENVCAUSE114,dcid:EasternAsia,2019,1583311.026
dcs:who/AIR_7.AGE--Y70T74__ENVCAUSE--ENVCAUSE113,dcid:EasternAsia,2019,1117400.687
dcs:who/AIR_7.AGE--Y40T44__ENVCAUSE--ENVCAUSE039,dcid:EasternAsia,2019,19714.12232
dcs:who/AIR_7.AGE--Y30T34__ENVCAUSE--ENVCAUSE068,dcid:EasternAsia,2019,26545.04253
dcs:who/AIR_7.AGE--Y35T39__ENVCAUSE--ENVCAUSE114,dcid:EasternAsia,2019,125382.913
dcs:who/AIR_7.AGE--Y65T69__ENVCAUSE--ENVCAUSE039,dcid:EasternAsia,2019,85536.28237
dcs:who/AIR_7.AGE--Y25T29__ENVCAUSE--ENVCAUSE039,dcid:EasternAsia,2019,11964.00228
dcs:who/AIR_7.AGE--Y50T54__ENVCAUSE--ENVCAUSE114,dcid:EasternAsia,2019,605717.3742
dcs:who/AIR_7.AGE--Y65T69__ENVCAUSE--ENVCAUSE114,dcid:EasternAsia,2019,1272776.183
dcs:who/AIR_7.AGE--Y_GE80__ENVCAUSE--ENVCAUSE118,dcid:EasternAsia,2019,1196019.078
dcs:who/AIR_7.AGE--Y30T34__ENVCAUSE--ENVCAUSE039,dcid:EasternAsia,2019,16217.77961
dcs:who/AIR_7.AGE--Y60T64__ENVCAUSE--ENVCAUSE039,dcid:EasternAsia,2019,59992.22464
dcs:who/AIR_7.AGE--Y35T39__ENVCAUSE--ENVCAUSE068,dcid:EasternAsia,2019,39719.62355
dcs:who/AIR_7.AGE--Y10T14__ENVCAUSE--ENVCAUSE039,dcid:EasternAsia,2019,9525.92214
dcs:who/AIR_7.AGE--Y35T39__ENVCAUSE--ENVCAUSE118,dcid:EasternAsia,2019,27165.13857
dcs:who/AIR_7.ENVCAUSE--ENVCAUSE039,dcid:EasternAsia,2019,1398517.118
dcs:who/AIR_7.AGE--Y70T74__ENVCAUSE--ENVCAUSE114,dcid:EasternAsia,2019,1209575.089
dcs:who/AIR_7.AGE--Y55T59__ENVCAUSE--ENVCAUSE114,dcid:EasternAsia,2019,718055.1483
dcs:who/AIR_7.ENVCAUSE--ENVCAUSE113,dcid:EasternAsia,2019,8921889.298
dcs:who/AIR_7.AGE--Y45T49__ENVCAUSE--ENVCAUSE039,dcid:EasternAsia,2019,28424.59402
dcs:who/AIR_7.AGE--Y40T44__ENVCAUSE--ENVCAUSE114,dcid:EasternAsia,2019,219472.056
dcs:who/AIR_7.ENVCAUSE--ENVCAUSE114,dcid:EasternAsia,2019,8229273.394
dcs:who/AIR_7.AGE--Y50T54__ENVCAUSE--ENVCAUSE118,dcid:EasternAsia,2019,167876.1093
dcs:who/AIR_7.AGE--Y20T24__ENVCAUSE--ENVCAUSE039,dcid:EasternAsia,2019,11194.48762
dcs:who/AIR_7.AGE--Y45T49__ENVCAUSE--ENVCAUSE114,dcid:EasternAsia,2019,377314.1672
dcs:who/AIR_7.AGE--Y75T79__ENVCAUSE--ENVCAUSE118,dcid:EasternAsia,2019,652611.2132
dcs:who/AIR_7.AGE--Y70T74__ENVCAUSE--ENVCAUSE118,dcid:EasternAsia,2019,654237.0335
dcs:who/AIR_7.AGE--Y40T44__ENVCAUSE--ENVCAUSE068,dcid:EasternAsia,2019,80780.21918
dcs:who/AIR_7.AGE--Y55T59__ENVCAUSE--ENVCAUSE118,dcid:EasternAsia,2019,228132.3452
dcs:who/AIR_7.AGE--Y25T29__ENVCAUSE--ENVCAUSE114,dcid:EasternAsia,2019,48940.04354
dcs:who/AIR_7.AGE--Y55T59__ENVCAUSE--ENVCAUSE039,dcid:EasternAsia,2019,46371.27396
dcs:who/AIR_7.AGE--Y30T34__ENVCAUSE--ENVCAUSE118,dcid:EasternAsia,2019,26111.00842
dcs:who/AIR_7.AGE--Y60T64__ENVCAUSE--ENVCAUSE114,dcid:EasternAsia,2019,917858.651
dcs:who/AIR_7.AGE--Y75T79__ENVCAUSE--ENVCAUSE114,dcid:EasternAsia,2019,1052278.561
dcs:who/AIR_7.AGE--Y60T64__ENVCAUSE--ENVCAUSE118,dcid:EasternAsia,2019,344994.415
dcs:who/AIR_7.AGE--Y65T69__ENVCAUSE--ENVCAUSE118,dcid:EasternAsia,2019,558368.314
dcs:who/AIR_7.AGE--Y25T29__ENVCAUSE--ENVCAUSE068,dcid:EasternAsia,2019,10030.38013
dcs:who/AIR_7.AGE--Y15T19__ENVCAUSE--ENVCAUSE039,dcid:EasternAsia,2019,9746.49477
dcs:who/AIR_7.AGE--Y50T54__ENVCAUSE--ENVCAUSE039,dcid:EasternAsia,2019,40362.82956
dcs:who/AIR_7.AGE--Y30T34__ENVCAUSE--ENVCAUSE114,dcid:EasternAsia,2019,98592.18115
dcs:who/AIR_7.AGE--Y75T79__ENVCAUSE--ENVCAUSE113,dcid:EasternAsia,2019,1026417.799
dcs:who/AIR_7.AGE--Y25T29__ENVCAUSE--ENVCAUSE118,dcid:EasternAsia,2019,15517.07355
dcs:who/AIR_7.AGE--Y55T59__ENVCAUSE--ENVCAUSE113,dcid:EasternAsia,2019,748145.5565
dcs:who/AIR_7.AGE--Y40T44__ENVCAUSE--ENVCAUSE113,dcid:EasternAsia,2019,288982.3111
dcs:who/AIR_7.AGE--Y45T49__ENVCAUSE--ENVCAUSE113,dcid:EasternAsia,2019,456642.53
dcs:who/AIR_7.AGE--Y60T64__ENVCAUSE--ENVCAUSE113,dcid:EasternAsia,2019,905232.8114
dcs:who/AIR_7.AGE--Y25T29__ENVCAUSE--ENVCAUSE113,dcid:EasternAsia,2019,63587.22381
dcs:who/AIR_7.AGE--Y35T39__ENVCAUSE--ENVCAUSE113,dcid:EasternAsia,2019,174838.8487
dcs:who/AIR_7.AGE--Y30T34__ENVCAUSE--ENVCAUSE113,dcid:EasternAsia,2019,141681.524
dcs:who/AIR_7,dcid:EasternAsia,2019,25349603.22
dcs:who/AIR_7.AGE--Y50T54__ENVCAUSE--ENVCAUSE113,dcid:EasternAsia,2019,664861.9949
dcs:who/AIR_7.AGE--Y40T44__ENVCAUSE--ENVCAUSE068__SEX--M,dcid:LatinAmericaAndCaribbean,2019,1570.4721
dcs:who/AIR_7.AGE--Y50T54__ENVCAUSE--ENVCAUSE068__SEX--M,dcid:LatinAmericaAndCaribbean,2019,5236.77618
dcs:who/AIR_7.AGE--Y65T69__ENVCAUSE--ENVCAUSE068__SEX--M,dcid:LatinAmericaAndCaribbean,2019,11413.82838
dcs:who/AIR_7.AGE--Y_GE80__ENVCAUSE--ENVCAUSE068__SEX--M,dcid:LatinAmericaAndCaribbean,2019,6027.97576
dcs:who/AIR_7.AGE--Y45T49__ENVCAUSE--ENVCAUSE068__SEX--M,dcid:LatinAmericaAndCaribbean,2019,2640.91462
dcs:who/AIR_7.AGE--Y55T59__ENVCAUSE--ENVCAUSE068__SEX--M,dcid:LatinAmericaAndCaribbean,2019,8953.61981
dcs:who/AIR_7.AGE--Y70T74__ENVCAUSE--ENVCAUSE068__SEX--M,dcid:LatinAmericaAndCaribbean,2019,9853.4863
dcs:who/AIR_7.AGE--Y75T79__ENVCAUSE--ENVCAUSE068__SEX--M,dcid:LatinAmericaAndCaribbean,2019,6787.86901
dcs:who/AIR_7.AGE--Y60T64__ENVCAUSE--ENVCAUSE068__SEX--M,dcid:LatinAmericaAndCaribbean,2019,11262.64366
dcs:who/AIR_7.ENVCAUSE--ENVCAUSE068__SEX--M,dcid:LatinAmericaAndCaribbean,2019,65691.49276
dcs:who/AIR_7.AGE--Y10T14__ENVCAUSE--ENVCAUSE039__SEX--M,dcid:LatinAmericaAndCaribbean,2019,4340.31474
dcs:who/AIR_7.AGE--Y20T24__ENVCAUSE--ENVCAUSE039__SEX--M,dcid:LatinAmericaAndCaribbean,2019,8608.34996
dcs:who/AIR_7.AGE--Y70T74__ENVCAUSE--ENVCAUSE114__SEX--M,dcid:LatinAmericaAndCaribbean,2019,41002.83253
dcs:who/AIR_7.AGE--Y25T29__ENVCAUSE--ENVCAUSE039__SEX--M,dcid:LatinAmericaAndCaribbean,2019,10211.2224
dcs:who/AIR_7.AGE--Y50T54__ENVCAUSE--ENVCAUSE039__SEX--M,dcid:LatinAmericaAndCaribbean,2019,20682.78407
dcs:who/AIR_7.AGE--Y45T49__ENVCAUSE--ENVCAUSE114__SEX--M,dcid:LatinAmericaAndCaribbean,2019,18801.81371
dcs:who/AIR_7.AGE--Y35T39__ENVCAUSE--ENVCAUSE068__SEX--M,dcid:LatinAmericaAndCaribbean,2019,887.77763
dcs:who/AIR_7.AGE--Y65T69__ENVCAUSE--ENVCAUSE039__SEX--M,dcid:LatinAmericaAndCaribbean,2019,31200.22836
dcs:who/AIR_7.AGE--Y75T79__ENVCAUSE--ENVCAUSE114__SEX--M,dcid:LatinAmericaAndCaribbean,2019,36100.86486
dcs:who/AIR_7.AGE--Y40T44__ENVCAUSE--ENVCAUSE113__SEX--M,dcid:LatinAmericaAndCaribbean,2019,51198.76381
dcs:who/AIR_7.AGE--Y5T9__ENVCAUSE--ENVCAUSE039__SEX--M,dcid:LatinAmericaAndCaribbean,2019,5738.68727
dcs:who/AIR_7.AGE--Y_GE80__ENVCAUSE--ENVCAUSE113__SEX--M,dcid:LatinAmericaAndCaribbean,2019,171354.2271
dcs:who/AIR_7.AGE--Y25T29__ENVCAUSE--ENVCAUSE118__SEX--M,dcid:LatinAmericaAndCaribbean,2019,1658.31972
dcs:who/AIR_7.AGE--Y35T39__ENVCAUSE--ENVCAUSE039__SEX--M,dcid:LatinAmericaAndCaribbean,2019,13933.36377
dcs:who/AIR_7.ENVCAUSE--ENVCAUSE114__SEX--M,dcid:LatinAmericaAndCaribbean,2019,322635.4957
dcs:who/AIR_7.AGE--Y25T29__ENVCAUSE--ENVCAUSE114__SEX--M,dcid:LatinAmericaAndCaribbean,2019,5247.20537
dcs:who/AIR_7.AGE--Y35T39__ENVCAUSE--ENVCAUSE118__SEX--M,dcid:LatinAmericaAndCaribbean,2019,2644.28728
dcs:who/AIR_7.ENVCAUSE--ENVCAUSE113__SEX--M,dcid:LatinAmericaAndCaribbean,2019,1153500.18
dcs:who/AIR_7.ENVCAUSE--ENVCAUSE039__SEX--M,dcid:LatinAmericaAndCaribbean,2019,434236.986
dcs:who/AIR_7.AGE--Y60T64__ENVCAUSE--ENVCAUSE113__SEX--M,dcid:LatinAmericaAndCaribbean,2019,149275.6905
dcs:who/AIR_7.AGE--Y55T59__ENVCAUSE--ENVCAUSE118__SEX--M,dcid:LatinAmericaAndCaribbean,2019,12362.03241
dcs:who/AIR_7.AGE--Y60T64__ENVCAUSE--ENVCAUSE118__SEX--M,dcid:LatinAmericaAndCaribbean,2019,18242.36994
dcs:who/AIR_7.AGE--Y40T44__ENVCAUSE--ENVCAUSE118__SEX--M,dcid:LatinAmericaAndCaribbean,2019,3189.99367
dcs:who/AIR_7.AGE--Y40T44__ENVCAUSE--ENVCAUSE114__SEX--M,dcid:LatinAmericaAndCaribbean,2019,14016.02356
dcs:who/AIR_7.AGE--Y45T49__ENVCAUSE--ENVCAUSE039__SEX--M,dcid:LatinAmericaAndCaribbean,2019,17666.95616
dcs:who/AIR_7.AGE--Y55T59__ENVCAUSE--ENVCAUSE113__SEX--M,dcid:LatinAmericaAndCaribbean,2019,131204.5357
dcs:who/AIR_7.AGE--Y50T54__ENVCAUSE--ENVCAUSE118__SEX--M,dcid:LatinAmericaAndCaribbean,2019,7975.00496
dcs:who/AIR_7.AGE--Y55T59__ENVCAUSE--ENVCAUSE114__SEX--M,dcid:LatinAmericaAndCaribbean,2019,31682.12928
dcs:who/AIR_7.AGE--Y65T69__ENVCAUSE--ENVCAUSE113__SEX--M,dcid:LatinAmericaAndCaribbean,2019,153597.6759
dcs:who/AIR_7.AGE--Y30T34__ENVCAUSE--ENVCAUSE039__SEX--M,dcid:LatinAmericaAndCaribbean,2019,10326.22352
dcs:who/AIR_7.AGE--Y30T34__ENVCAUSE--ENVCAUSE114__SEX--M,dcid:LatinAmericaAndCaribbean,2019,6804.50743
dcs:who/AIR_7.AGE--Y30T34__ENVCAUSE--ENVCAUSE118__SEX--M,dcid:LatinAmericaAndCaribbean,2019,1983.68353
dcs:who/AIR_7.AGE--Y70T74__ENVCAUSE--ENVCAUSE118__SEX--M,dcid:LatinAmericaAndCaribbean,2019,26307.23652
dcs:who/AIR_7.AGE--Y0T4__ENVCAUSE--ENVCAUSE039__SEX--M,dcid:LatinAmericaAndCaribbean,2019,107533.6436
dcs:who/AIR_7.AGE--Y_GE80__ENVCAUSE--ENVCAUSE039__SEX--M,dcid:LatinAmericaAndCaribbean,2019,65711.45563
dcs:who/AIR_7.AGE--Y65T69__ENVCAUSE--ENVCAUSE114__SEX--M,dcid:LatinAmericaAndCaribbean,2019,41830.62043
dcs:who/AIR_7.AGE--Y50T54__ENVCAUSE--ENVCAUSE113__SEX--M,dcid:LatinAmericaAndCaribbean,2019,105333.2567
dcs:who/AIR_7.AGE--Y15T19__ENVCAUSE--ENVCAUSE039__SEX--M,dcid:LatinAmericaAndCaribbean,2019,7322.50689
dcs:who/AIR_7.AGE--Y35T39__ENVCAUSE--ENVCAUSE113__SEX--M,dcid:LatinAmericaAndCaribbean,2019,34411.06076
dcs:who/AIR_7.AGE--Y55T59__ENVCAUSE--ENVCAUSE039__SEX--M,dcid:LatinAmericaAndCaribbean,2019,24150.98729
dcs:who/AIR_7.AGE--Y70T74__ENVCAUSE--ENVCAUSE039__SEX--M,dcid:LatinAmericaAndCaribbean,2019,32283.13816
dcs:who/AIR_7.AGE--Y70T74__ENVCAUSE--ENVCAUSE113__SEX--M,dcid:LatinAmericaAndCaribbean,2019,136325.0142
dcs:who/AIR_7.AGE--Y45T49__ENVCAUSE--ENVCAUSE118__SEX--M,dcid:LatinAmericaAndCaribbean,2019,4850.41669
dcs:who/AIR_7.AGE--Y45T49__ENVCAUSE--ENVCAUSE113__SEX--M,dcid:LatinAmericaAndCaribbean,2019,73544.56345
dcs:who/AIR_7.AGE--Y75T79__ENVCAUSE--ENVCAUSE118__SEX--M,dcid:LatinAmericaAndCaribbean,2019,25463.55203
dcs:who/AIR_7.AGE--Y50T54__ENVCAUSE--ENVCAUSE114__SEX--M,dcid:LatinAmericaAndCaribbean,2019,25881.29681
dcs:who/AIR_7.AGE--Y30T34__ENVCAUSE--ENVCAUSE068__SEX--M,dcid:LatinAmericaAndCaribbean,2019,634.58852
dcs:who/AIR_7.AGE--Y75T79__ENVCAUSE--ENVCAUSE113__SEX--M,dcid:LatinAmericaAndCaribbean,2019,111425.8588
dcs:who/AIR_7.AGE--Y35T39__ENVCAUSE--ENVCAUSE114__SEX--M,dcid:LatinAmericaAndCaribbean,2019,10150.72039
dcs:who/AIR_7.AGE--Y60T64__ENVCAUSE--ENVCAUSE114__SEX--M,dcid:LatinAmericaAndCaribbean,2019,38498.49601
dcs:who/AIR_7.AGE--Y75T79__ENVCAUSE--ENVCAUSE039__SEX--M,dcid:LatinAmericaAndCaribbean,2019,31612.99459
dcs:who/AIR_7.ENVCAUSE--ENVCAUSE118__SEX--M,dcid:LatinAmericaAndCaribbean,2019,173170.8733
dcs:who/AIR_7.AGE--Y_GE80__ENVCAUSE--ENVCAUSE114__SEX--M,dcid:LatinAmericaAndCaribbean,2019,52618.98534
dcs:who/AIR_7.AGE--Y_GE80__ENVCAUSE--ENVCAUSE118__SEX--M,dcid:LatinAmericaAndCaribbean,2019,44969.09009
dcs:who/AIR_7.AGE--Y40T44__ENVCAUSE--ENVCAUSE039__SEX--M,dcid:LatinAmericaAndCaribbean,2019,15648.9162
dcs:who/AIR_7.AGE--Y65T69__ENVCAUSE--ENVCAUSE118__SEX--M,dcid:LatinAmericaAndCaribbean,2019,23524.88649
dcs:who/AIR_7.AGE--Y25T29__ENVCAUSE--ENVCAUSE068__SEX--M,dcid:LatinAmericaAndCaribbean,2019,421.5408
dcs:who/AIR_7.AGE--Y60T64__ENVCAUSE--ENVCAUSE039__SEX--M,dcid:LatinAmericaAndCaribbean,2019,27265.21339
dcs:who/AIR_7.AGE--Y55T59__ENVCAUSE--ENVCAUSE068__SEX--F,dcid:LatinAmericaAndCaribbean,2019,6735.22606
dcs:who/AIR_7.AGE--Y35T39__ENVCAUSE--ENVCAUSE118__SEX--F,dcid:LatinAmericaAndCaribbean,2019,2428.83279
dcs:who/AIR_7.AGE--Y25T29__ENVCAUSE--ENVCAUSE118__SEX--F,dcid:LatinAmericaAndCaribbean,2019,1643.32604
dcs:who/AIR_7.AGE--Y55T59__ENVCAUSE--ENVCAUSE039__SEX--F,dcid:LatinAmericaAndCaribbean,2019,15920.07615
dcs:who/AIR_7.AGE--Y10T14__ENVCAUSE--ENVCAUSE039__SEX--F,dcid:LatinAmericaAndCaribbean,2019,4294.82027
dcs:who/AIR_7.AGE--Y_GE80__ENVCAUSE--ENVCAUSE039__SEX--F,dcid:LatinAmericaAndCaribbean,2019,85212.84154
dcs:who/AIR_7.AGE--Y55T59__ENVCAUSE--ENVCAUSE114__SEX--F,dcid:LatinAmericaAndCaribbean,2019,27411.29417
dcs:who/AIR_7.AGE--Y45T49__ENVCAUSE--ENVCAUSE114__SEX--F,dcid:LatinAmericaAndCaribbean,2019,18700.91156
dcs:who/AIR_7.AGE--Y40T44__ENVCAUSE--ENVCAUSE039__SEX--F,dcid:LatinAmericaAndCaribbean,2019,8379.12878
dcs:who/AIR_7.ENVCAUSE--ENVCAUSE068__SEX--F,dcid:LatinAmericaAndCaribbean,2019,45558.3911
dcs:who/AIR_7.AGE--Y70T74__ENVCAUSE--ENVCAUSE068__SEX--F,dcid:LatinAmericaAndCaribbean,2019,5794.16978
dcs:who/AIR_7.AGE--Y50T54__ENVCAUSE--ENVCAUSE118__SEX--F,dcid:LatinAmericaAndCaribbean,2019,7620.97473
dcs:who/AIR_7.AGE--Y5T9__ENVCAUSE--ENVCAUSE039__SEX--F,dcid:LatinAmericaAndCaribbean,2019,5791.80976
dcs:who/AIR_7.AGE--Y65T69__ENVCAUSE--ENVCAUSE118__SEX--F,dcid:LatinAmericaAndCaribbean,2019,17859.23918
dcs:who/AIR_7.ENVCAUSE--ENVCAUSE118__SEX--F,dcid:LatinAmericaAndCaribbean,2019,155725.8297
dcs:who/AIR_7.AGE--Y50T54__ENVCAUSE--ENVCAUSE114__SEX--F,dcid:LatinAmericaAndCaribbean,2019,23647.01526
dcs:who/AIR_7.AGE--Y75T79__ENVCAUSE--ENVCAUSE114__SEX--F,dcid:LatinAmericaAndCaribbean,2019,37540.06828
dcs:who/AIR_7.AGE--Y25T29__ENVCAUSE--ENVCAUSE039__SEX--F,dcid:LatinAmericaAndCaribbean,2019,5610.11627
dcs:who/AIR_7.ENVCAUSE--ENVCAUSE039__SEX--F,dcid:LatinAmericaAndCaribbean,2019,349617.0713
dcs:who/AIR_7.AGE--Y45T49__ENVCAUSE--ENVCAUSE039__SEX--F,dcid:LatinAmericaAndCaribbean,2019,10232.40382
dcs:who/AIR_7.AGE--Y70T74__ENVCAUSE--ENVCAUSE118__SEX--F,dcid:LatinAmericaAndCaribbean,2019,20379.00386
dcs:who/AIR_7.AGE--Y15T19__ENVCAUSE--ENVCAUSE039__SEX--F,dcid:LatinAmericaAndCaribbean,2019,4719.26104
dcs:who/AIR_7.AGE--Y50T54__ENVCAUSE--ENVCAUSE068__SEX--F,dcid:LatinAmericaAndCaribbean,2019,4489.64209
dcs:who/AIR_7.AGE--Y65T69__ENVCAUSE--ENVCAUSE114__SEX--F,dcid:LatinAmericaAndCaribbean,2019,35116.26728
dcs:who/AIR_7.AGE--Y20T24__ENVCAUSE--ENVCAUSE039__SEX--F,dcid:LatinAmericaAndCaribbean,2019,5175.06091
dcs:who/AIR_7.AGE--Y60T64__ENVCAUSE--ENVCAUSE068__SEX--F,dcid:LatinAmericaAndCaribbean,2019,7386.43087
dcs:who/AIR_7.AGE--Y0T4__ENVCAUSE--ENVCAUSE039__SEX--F,dcid:LatinAmericaAndCaribbean,2019,82267.01554
dcs:who/AIR_7.AGE--Y25T29__ENVCAUSE--ENVCAUSE068__SEX--F,dcid:LatinAmericaAndCaribbean,2019,268.97044
dcs:who/AIR_7.AGE--Y60T64__ENVCAUSE--ENVCAUSE118__SEX--F,dcid:LatinAmericaAndCaribbean,2019,15271.53797
dcs:who/AIR_7.AGE--Y70T74__ENVCAUSE--ENVCAUSE114__SEX--F,dcid:LatinAmericaAndCaribbean,2019,36840.95072
dcs:who/AIR_7.AGE--Y30T34__ENVCAUSE--ENVCAUSE113__SEX--M,dcid:LatinAmericaAndCaribbean,2019,21363.34067
dcs:who/AIR_7.AGE--Y40T44__ENVCAUSE--ENVCAUSE118__SEX--F,dcid:LatinAmericaAndCaribbean,2019,3201.49171
dcs:who/AIR_7.AGE--Y70T74__ENVCAUSE--ENVCAUSE039__SEX--F,dcid:LatinAmericaAndCaribbean,2019,25637.45406
dcs:who/AIR_7.AGE--Y_GE80__ENVCAUSE--ENVCAUSE118__SEX--F,dcid:LatinAmericaAndCaribbean,2019,48500.4968
dcs:who/AIR_7.AGE--Y35T39__ENVCAUSE--ENVCAUSE039__SEX--F,dcid:LatinAmericaAndCaribbean,2019,7449.96774
dcs:who/AIR_7.SEX--M,dcid:LatinAmericaAndCaribbean,2019,2149235.027
dcs:who/AIR_7.AGE--Y35T39__ENVCAUSE--ENVCAUSE068__SEX--F,dcid:LatinAmericaAndCaribbean,2019,875.47527
dcs:who/AIR_7.AGE--Y65T69__ENVCAUSE--ENVCAUSE068__SEX--F,dcid:LatinAmericaAndCaribbean,2019,7196.44374
dcs:who/AIR_7.AGE--Y45T49__ENVCAUSE--ENVCAUSE068__SEX--F,dcid:LatinAmericaAndCaribbean,2019,2588.85803
dcs:who/AIR_7.AGE--Y75T79__ENVCAUSE--ENVCAUSE068__SEX--F,dcid:LatinAmericaAndCaribbean,2019,4172.06177
dcs:who/AIR_7.AGE--Y50T54__ENVCAUSE--ENVCAUSE039__SEX--F,dcid:LatinAmericaAndCaribbean,2019,12585.04922
dcs:who/AIR_7.AGE--Y_GE80__ENVCAUSE--ENVCAUSE114__SEX--F,dcid:LatinAmericaAndCaribbean,2019,74683.75517
dcs:who/AIR_7.AGE--Y30T34__ENVCAUSE--ENVCAUSE068__SEX--F,dcid:LatinAmericaAndCaribbean,2019,453.35517
dcs:who/AIR_7.AGE--Y75T79__ENVCAUSE--ENVCAUSE118__SEX--F,dcid:LatinAmericaAndCaribbean,2019,20669.73193
dcs:who/AIR_7.AGE--Y60T64__ENVCAUSE--ENVCAUSE114__SEX--F,dcid:LatinAmericaAndCaribbean,2019,31828.72538
dcs:who/AIR_7.AGE--Y75T79__ENVCAUSE--ENVCAUSE039__SEX--F,dcid:LatinAmericaAndCaribbean,2019,29087.1633
dcs:who/AIR_7.AGE--Y55T59__ENVCAUSE--ENVCAUSE118__SEX--F,dcid:LatinAmericaAndCaribbean,2019,11422.06035
dcs:who/AIR_7.AGE--Y30T34__ENVCAUSE--ENVCAUSE039__SEX--F,dcid:LatinAmericaAndCaribbean,2019,5807.56952
dcs:who/AIR_7.ENVCAUSE--ENVCAUSE114__SEX--F,dcid:LatinAmericaAndCaribbean,2019,322216.1773
dcs:who/AIR_7.AGE--Y45T49__ENVCAUSE--ENVCAUSE118__SEX--F,dcid:LatinAmericaAndCaribbean,2019,4758.67559
dcs:who/AIR_7.AGE--Y40T44__ENVCAUSE--ENVCAUSE068__SEX--F,dcid:LatinAmericaAndCaribbean,2019,1521.73421
dcs:who/AIR_7.AGE--Y25T29__ENVCAUSE--ENVCAUSE113__SEX--M,dcid:LatinAmericaAndCaribbean,2019,14466.19213
dcs:who/AIR_7.AGE--Y65T69__ENVCAUSE--ENVCAUSE039__SEX--F,dcid:LatinAmericaAndCaribbean,2019,22650.82454
dcs:who/AIR_7.AGE--Y30T34__ENVCAUSE--ENVCAUSE118__SEX--F,dcid:LatinAmericaAndCaribbean,2019,1970.45877
dcs:who/AIR_7.AGE--Y_GE80__ENVCAUSE--ENVCAUSE068__SEX--F,dcid:LatinAmericaAndCaribbean,2019,4076.02368
dcs:who/AIR_7.AGE--Y60T64__ENVCAUSE--ENVCAUSE039__SEX--F,dcid:LatinAmericaAndCaribbean,2019,18796.50881
dcs:who/AIR_7.ENVCAUSE--ENVCAUSE113__SEX--F,dcid:LatinAmericaAndCaribbean,2019,751554.1178
dcs:who/AIR_7.AGE--Y15T19__ENVCAUSE--ENVCAUSE039,dcid:LatinAmericaAndCaribbean,2019,12041.76792
dcs:who/AIR_7.AGE--Y60T64__ENVCAUSE--ENVCAUSE068,dcid:LatinAmericaAndCaribbean,2019,18649.07454
dcs:who/AIR_7.AGE--Y50T54__ENVCAUSE--ENVCAUSE113__SEX--F,dcid:LatinAmericaAndCaribbean,2019,46774.83306
dcs:who/AIR_7.AGE--Y35T39__ENVCAUSE--ENVCAUSE068,dcid:LatinAmericaAndCaribbean,2019,1763.2529
dcs:who/AIR_7.AGE--Y55T59__ENVCAUSE--ENVCAUSE118,dcid:LatinAmericaAndCaribbean,2019,23784.09276
dcs:who/AIR_7.AGE--Y60T64__ENVCAUSE--ENVCAUSE118,dcid:LatinAmericaAndCaribbean,2019,33513.90791
dcs:who/AIR_7.AGE--Y_GE80__ENVCAUSE--ENVCAUSE068,dcid:LatinAmericaAndCaribbean,2019,10103.99945
dcs:who/AIR_7.AGE--Y40T44__ENVCAUSE--ENVCAUSE113__SEX--F,dcid:LatinAmericaAndCaribbean,2019,22377.48254
dcs:who/AIR_7.AGE--Y45T49__ENVCAUSE--ENVCAUSE068,dcid:LatinAmericaAndCaribbean,2019,5229.77264
dcs:who/AIR_7.AGE--Y_GE80__ENVCAUSE--ENVCAUSE118,dcid:LatinAmericaAndCaribbean,2019,93469.58689
dcs:who/AIR_7.AGE--Y35T39__ENVCAUSE--ENVCAUSE039,dcid:LatinAmericaAndCaribbean,2019,21383.33151
dcs:who/AIR_7.AGE--Y75T79__ENVCAUSE--ENVCAUSE118,dcid:LatinAmericaAndCaribbean,2019,46133.28397
dcs:who/AIR_7.AGE--Y35T39__ENVCAUSE--ENVCAUSE114__SEX--F,dcid:LatinAmericaAndCaribbean,2019,10300.12183
dcs:who/AIR_7.AGE--Y35T39__ENVCAUSE--ENVCAUSE113__SEX--F,dcid:LatinAmericaAndCaribbean,2019,13740.34586
dcs:who/AIR_7.AGE--Y45T49__ENVCAUSE--ENVCAUSE113__SEX--F,dcid:LatinAmericaAndCaribbean,2019,32543.35708
dcs:who/AIR_7.AGE--Y30T34__ENVCAUSE--ENVCAUSE113__SEX--F,dcid:LatinAmericaAndCaribbean,2019,8242.9999
dcs:who/AIR_7.AGE--Y25T29__ENVCAUSE--ENVCAUSE039,dcid:LatinAmericaAndCaribbean,2019,15821.33867
dcs:who/AIR_7.AGE--Y75T79__ENVCAUSE--ENVCAUSE068,dcid:LatinAmericaAndCaribbean,2019,10959.93077
dcs:who/AIR_7.AGE--Y5T9__ENVCAUSE--ENVCAUSE039,dcid:LatinAmericaAndCaribbean,2019,11530.49703
dcs:who/AIR_7.AGE--Y40T44__ENVCAUSE--ENVCAUSE039,dcid:LatinAmericaAndCaribbean,2019,24028.04498
dcs:who/AIR_7.AGE--Y_GE80__ENVCAUSE--ENVCAUSE113__SEX--F,dcid:LatinAmericaAndCaribbean,2019,210009.2257
dcs:who/AIR_7.AGE--Y10T14__ENVCAUSE--ENVCAUSE039,dcid:LatinAmericaAndCaribbean,2019,8635.13501
dcs:who/AIR_7.AGE--Y65T69__ENVCAUSE--ENVCAUSE113__SEX--F,dcid:LatinAmericaAndCaribbean,2019,89480.74776
dcs:who/AIR_7.AGE--Y70T74__ENVCAUSE--ENVCAUSE118,dcid:LatinAmericaAndCaribbean,2019,46686.24037
dcs:who/AIR_7.AGE--Y25T29__ENVCAUSE--ENVCAUSE068,dcid:LatinAmericaAndCaribbean,2019,690.51123
dcs:who/AIR_7.SEX--F,dcid:LatinAmericaAndCaribbean,2019,1624671.587
dcs:who/AIR_7.AGE--Y30T34__ENVCAUSE--ENVCAUSE114__SEX--F,dcid:LatinAmericaAndCaribbean,2019,6858.91769
dcs:who/AIR_7.AGE--Y60T64__ENVCAUSE--ENVCAUSE113__SEX--F,dcid:LatinAmericaAndCaribbean,2019,79150.76286
dcs:who/AIR_7.AGE--Y45T49__ENVCAUSE--ENVCAUSE039,dcid:LatinAmericaAndCaribbean,2019,27899.35998
dcs:who/AIR_7.AGE--Y55T59__ENVCAUSE--ENVCAUSE039,dcid:LatinAmericaAndCaribbean,2019,40071.06345
dcs:who/AIR_7.AGE--Y55T59__ENVCAUSE--ENVCAUSE113__SEX--F,dcid:LatinAmericaAndCaribbean,2019,61904.79239
dcs:who/AIR_7.ENVCAUSE--ENVCAUSE068,dcid:LatinAmericaAndCaribbean,2019,111249.8839
dcs:who/AIR_7.AGE--Y65T69__ENVCAUSE--ENVCAUSE118,dcid:LatinAmericaAndCaribbean,2019,41384.12567
dcs:who/AIR_7.AGE--Y20T24__ENVCAUSE--ENVCAUSE039,dcid:LatinAmericaAndCaribbean,2019,13783.41086
dcs:who/AIR_7.AGE--Y25T29__ENVCAUSE--ENVCAUSE113__SEX--F,dcid:LatinAmericaAndCaribbean,2019,5407.69574
dcs:who/AIR_7.AGE--Y0T4__ENVCAUSE--ENVCAUSE039,dcid:LatinAmericaAndCaribbean,2019,189800.6591
dcs:who/AIR_7.AGE--Y65T69__ENVCAUSE--ENVCAUSE068,dcid:LatinAmericaAndCaribbean,2019,18610.27212
dcs:who/AIR_7.AGE--Y65T69__ENVCAUSE--ENVCAUSE039,dcid:LatinAmericaAndCaribbean,2019,53851.05289
dcs:who/AIR_7.AGE--Y70T74__ENVCAUSE--ENVCAUSE113__SEX--F,dcid:LatinAmericaAndCaribbean,2019,91568.9064
dcs:who/AIR_7.AGE--Y60T64__ENVCAUSE--ENVCAUSE039,dcid:LatinAmericaAndCaribbean,2019,46061.72221
dcs:who/AIR_7.AGE--Y40T44__ENVCAUSE--ENVCAUSE068,dcid:LatinAmericaAndCaribbean,2019,3092.2063
dcs:who/AIR_7.AGE--Y30T34__ENVCAUSE--ENVCAUSE068,dcid:LatinAmericaAndCaribbean,2019,1087.94369
dcs:who/AIR_7.AGE--Y55T59__ENVCAUSE--ENVCAUSE068,dcid:LatinAmericaAndCaribbean,2019,15688.84587
dcs:who/AIR_7.ENVCAUSE--ENVCAUSE039,dcid:LatinAmericaAndCaribbean,2019,783854.0572
dcs:who/AIR_7.ENVCAUSE--ENVCAUSE118,dcid:LatinAmericaAndCaribbean,2019,328896.7031
dcs:who/AIR_7.AGE--Y70T74__ENVCAUSE--ENVCAUSE068,dcid:LatinAmericaAndCaribbean,2019,15647.65608
dcs:who/AIR_7.AGE--Y25T29__ENVCAUSE--ENVCAUSE114__SEX--F,dcid:LatinAmericaAndCaribbean,2019,5130.55618
dcs:who/AIR_7.AGE--Y50T54__ENVCAUSE--ENVCAUSE068,dcid:LatinAmericaAndCaribbean,2019,9726.41826
dcs:who/AIR_7.AGE--Y50T54__ENVCAUSE--ENVCAUSE039,dcid:LatinAmericaAndCaribbean,2019,33267.83329
dcs:who/AIR_7.AGE--Y70T74__ENVCAUSE--ENVCAUSE039,dcid:LatinAmericaAndCaribbean,2019,57920.59222
dcs:who/AIR_7.AGE--Y_GE80__ENVCAUSE--ENVCAUSE039,dcid:LatinAmericaAndCaribbean,2019,150924.2972
dcs:who/AIR_7.AGE--Y30T34__ENVCAUSE--ENVCAUSE039,dcid:LatinAmericaAndCaribbean,2019,16133.79303
dcs:who/AIR_7.AGE--Y75T79__ENVCAUSE--ENVCAUSE113__SEX--F,dcid:LatinAmericaAndCaribbean,2019,90352.96854
dcs:who/AIR_7.AGE--Y75T79__ENVCAUSE--ENVCAUSE039,dcid:LatinAmericaAndCaribbean,2019,60700.15789
dcs:who/AIR_7.AGE--Y40T44__ENVCAUSE--ENVCAUSE114__SEX--F,dcid:LatinAmericaAndCaribbean,2019,14157.59378
dcs:who/AIR_7.AGE--Y60T64__ENVCAUSE--ENVCAUSE113,dcid:LatinAmericaAndCaribbean,2019,228426.4533
dcs:who/AIR_7.AGE--Y65T69__ENVCAUSE--ENVCAUSE114,dcid:LatinAmericaAndCaribbean,2019,76946.88771
dcs:who/AIR_7.AGE--Y55T59__ENVCAUSE--ENVCAUSE114,dcid:LatinAmericaAndCaribbean,2019,59093.42345
dcs:who/AIR_7.AGE--Y30T34__ENVCAUSE--ENVCAUSE113,dcid:LatinAmericaAndCaribbean,2019,29606.34057
dcs:who/AIR_7.AGE--Y50T54__ENVCAUSE--ENVCAUSE118,dcid:LatinAmericaAndCaribbean,2019,15595.97969
dcs:who/AIR_7.AGE--Y75T79__ENVCAUSE--ENVCAUSE113,dcid:LatinAmericaAndCaribbean,2019,201778.8273
dcs:who/AIR_7.AGE--Y65T69__ENVCAUSE--ENVCAUSE113,dcid:LatinAmericaAndCaribbean,2019,243078.4236
dcs:who/AIR_7.AGE--Y70T74__ENVCAUSE--ENVCAUSE113,dcid:LatinAmericaAndCaribbean,2019,227893.9206
dcs:who/AIR_7.AGE--Y25T29__ENVCAUSE--ENVCAUSE113,dcid:LatinAmericaAndCaribbean,2019,19873.88787
dcs:who/AIR_7.ENVCAUSE--ENVCAUSE114,dcid:LatinAmericaAndCaribbean,2019,644851.673
dcs:who/AIR_7.ENVCAUSE--ENVCAUSE113,dcid:LatinAmericaAndCaribbean,2019,1905054.297
dcs:who/AIR_7.AGE--Y45T49__ENVCAUSE--ENVCAUSE118,dcid:LatinAmericaAndCaribbean,2019,9609.09228
dcs:who/AIR_7.AGE--Y40T44__ENVCAUSE--ENVCAUSE114,dcid:LatinAmericaAndCaribbean,2019,28173.61734
dcs:who/AIR_7.AGE--Y30T34__ENVCAUSE--ENVCAUSE114,dcid:LatinAmericaAndCaribbean,2019,13663.42512
dcs:who/AIR_7.AGE--Y55T59__ENVCAUSE--ENVCAUSE113,dcid:LatinAmericaAndCaribbean,2019,193109.3281
dcs:who/AIR_7.AGE--Y30T34__ENVCAUSE--ENVCAUSE118,dcid:LatinAmericaAndCaribbean,2019,3954.1423
dcs:who/AIR_7.AGE--Y35T39__ENVCAUSE--ENVCAUSE114,dcid:LatinAmericaAndCaribbean,2019,20450.84221
dcs:who/AIR_7.AGE--Y45T49__ENVCAUSE--ENVCAUSE113,dcid:LatinAmericaAndCaribbean,2019,106087.9205
dcs:who/AIR_7.AGE--Y25T29__ENVCAUSE--ENVCAUSE114,dcid:LatinAmericaAndCaribbean,2019,10377.76155
dcs:who/AIR_7.AGE--Y50T54__ENVCAUSE--ENVCAUSE114,dcid:LatinAmericaAndCaribbean,2019,49528.31207
dcs:who/AIR_7.AGE--Y35T39__ENVCAUSE--ENVCAUSE113,dcid:LatinAmericaAndCaribbean,2019,48151.40662
dcs:who/AIR_7.AGE--Y_GE80__ENVCAUSE--ENVCAUSE114,dcid:LatinAmericaAndCaribbean,2019,127302.7405
dcs:who/AIR_7.AGE--Y60T64__ENVCAUSE--ENVCAUSE114,dcid:LatinAmericaAndCaribbean,2019,70327.22139
dcs:who/AIR_7.AGE--Y40T44__ENVCAUSE--ENVCAUSE113,dcid:LatinAmericaAndCaribbean,2019,73576.24635
dcs:who/AIR_7.AGE--Y35T39__ENVCAUSE--ENVCAUSE118,dcid:LatinAmericaAndCaribbean,2019,5073.12007
dcs:who/AIR_7.AGE--Y40T44__ENVCAUSE--ENVCAUSE118,dcid:LatinAmericaAndCaribbean,2019,6391.48538
dcs:who/AIR_7.AGE--Y_GE80__ENVCAUSE--ENVCAUSE113,dcid:LatinAmericaAndCaribbean,2019,381363.4528
dcs:who/AIR_7,dcid:LatinAmericaAndCaribbean,2019,3773906.615
dcs:who/AIR_7.AGE--Y70T74__ENVCAUSE--ENVCAUSE114,dcid:LatinAmericaAndCaribbean,2019,77843.78325
dcs:who/AIR_7.AGE--Y25T29__ENVCAUSE--ENVCAUSE118,dcid:LatinAmericaAndCaribbean,2019,3301.64576
dcs:who/AIR_7.AGE--Y75T79__ENVCAUSE--ENVCAUSE114,dcid:LatinAmericaAndCaribbean,2019,73640.93314
dcs:who/AIR_7.AGE--Y50T54__ENVCAUSE--ENVCAUSE113,dcid:LatinAmericaAndCaribbean,2019,152108.0898
dcs:who/AIR_7.AGE--Y45T49__ENVCAUSE--ENVCAUSE114,dcid:LatinAmericaAndCaribbean,2019,37502.72527
dcs:who/AIR_7.AGE--Y65T69__ENVCAUSE--ENVCAUSE068__SEX--M,dcid:NorthernAfrica,2019,7920.97169
dcs:who/AIR_7.AGE--Y50T54__ENVCAUSE--ENVCAUSE039__SEX--M,dcid:NorthernAfrica,2019,7460.45382
dcs:who/AIR_7.AGE--Y50T54__ENVCAUSE--ENVCAUSE118__SEX--M,dcid:NorthernAfrica,2019,9447.52472
dcs:who/AIR_7.AGE--Y25T29__ENVCAUSE--ENVCAUSE068__SEX--M,dcid:NorthernAfrica,2019,667.67787
dcs:who/AIR_7.ENVCAUSE--ENVCAUSE039__SEX--M,dcid:NorthernAfrica,2019,305199.108
dcs:who/AIR_7.AGE--Y75T79__ENVCAUSE--ENVCAUSE068__SEX--M,dcid:NorthernAfrica,2019,2476.4693
dcs:who/AIR_7.AGE--Y55T59__ENVCAUSE--ENVCAUSE068__SEX--M,dcid:NorthernAfrica,2019,9580.53127
dcs:who/AIR_7.AGE--Y55T59__ENVCAUSE--ENVCAUSE039__SEX--M,dcid:NorthernAfrica,2019,10530.74239
dcs:who/AIR_7.AGE--Y35T39__ENVCAUSE--ENVCAUSE114__SEX--M,dcid:NorthernAfrica,2019,9948.71029
dcs:who/AIR_7.AGE--Y45T49__ENVCAUSE--ENVCAUSE068__SEX--M,dcid:NorthernAfrica,2019,4959.69882
dcs:who/AIR_7.AGE--Y30T34__ENVCAUSE--ENVCAUSE118__SEX--M,dcid:NorthernAfrica,2019,3042.63865
dcs:who/AIR_7.AGE--Y30T34__ENVCAUSE--ENVCAUSE068__SEX--M,dcid:NorthernAfrica,2019,806.18501
dcs:who/AIR_7.AGE--Y25T29__ENVCAUSE--ENVCAUSE118__SEX--M,dcid:NorthernAfrica,2019,2453.65751
dcs:who/AIR_7.AGE--Y70T74__ENVCAUSE--ENVCAUSE039__SEX--M,dcid:NorthernAfrica,2019,10191.91533
dcs:who/AIR_7.AGE--Y60T64__ENVCAUSE--ENVCAUSE118__SEX--M,dcid:NorthernAfrica,2019,17573.43299
dcs:who/AIR_7.AGE--Y40T44__ENVCAUSE--ENVCAUSE068__SEX--M,dcid:NorthernAfrica,2019,2553.58342
dcs:who/AIR_7.AGE--Y65T69__ENVCAUSE--ENVCAUSE039__SEX--M,dcid:NorthernAfrica,2019,12283.32105
dcs:who/AIR_7.AGE--Y50T54__ENVCAUSE--ENVCAUSE114__SEX--M,dcid:NorthernAfrica,2019,17256.8487
dcs:who/AIR_7.AGE--Y55T59__ENVCAUSE--ENVCAUSE114__SEX--M,dcid:NorthernAfrica,2019,23954.33753
dcs:who/AIR_7.AGE--Y45T49__ENVCAUSE--ENVCAUSE118__SEX--M,dcid:NorthernAfrica,2019,5843.69148
dcs:who/AIR_7.AGE--Y40T44__ENVCAUSE--ENVCAUSE114__SEX--M,dcid:NorthernAfrica,2019,9664.93149
dcs:who/AIR_7.AGE--Y65T69__ENVCAUSE--ENVCAUSE114__SEX--M,dcid:NorthernAfrica,2019,33540.56432
dcs:who/AIR_7.AGE--Y_GE80__ENVCAUSE--ENVCAUSE068__SEX--M,dcid:NorthernAfrica,2019,1552.921
dcs:who/AIR_7.AGE--Y65T69__ENVCAUSE--ENVCAUSE118__SEX--M,dcid:NorthernAfrica,2019,18432.11383
dcs:who/AIR_7.AGE--Y60T64__ENVCAUSE--ENVCAUSE068__SEX--M,dcid:NorthernAfrica,2019,9516.87476
dcs:who/AIR_7.AGE--Y45T49__ENVCAUSE--ENVCAUSE114__SEX--M,dcid:NorthernAfrica,2019,11580.33109
dcs:who/AIR_7.AGE--Y40T44__ENVCAUSE--ENVCAUSE039__SEX--M,dcid:NorthernAfrica,2019,5536.868
dcs:who/AIR_7.AGE--Y70T74__ENVCAUSE--ENVCAUSE118__SEX--M,dcid:NorthernAfrica,2019,14475.62088
dcs:who/AIR_7.AGE--Y_GE80__ENVCAUSE--ENVCAUSE039__SEX--M,dcid:NorthernAfrica,2019,9760.03661
dcs:who/AIR_7.AGE--Y_GE80__ENVCAUSE--ENVCAUSE118__SEX--M,dcid:NorthernAfrica,2019,11409.92128
dcs:who/AIR_7.ENVCAUSE--ENVCAUSE118__SEX--M,dcid:NorthernAfrica,2019,113724.0338
dcs:who/AIR_7.AGE--Y45T49__ENVCAUSE--ENVCAUSE039__SEX--M,dcid:NorthernAfrica,2019,5444.94451
dcs:who/AIR_7.AGE--Y30T34__ENVCAUSE--ENVCAUSE039__SEX--M,dcid:NorthernAfrica,2019,5693.0724
dcs:who/AIR_7.AGE--Y10T14__ENVCAUSE--ENVCAUSE039__SEX--M,dcid:NorthernAfrica,2019,10428.1658
dcs:who/AIR_7.AGE--Y5T9__ENVCAUSE--ENVCAUSE039__SEX--M,dcid:NorthernAfrica,2019,16635.06237
dcs:who/AIR_7.ENVCAUSE--ENVCAUSE114__SEX--M,dcid:NorthernAfrica,2019,233580.5007
dcs:who/AIR_7.AGE--Y50T54__ENVCAUSE--ENVCAUSE068__SEX--M,dcid:NorthernAfrica,2019,7545.92811
dcs:who/AIR_7.AGE--Y_GE80__ENVCAUSE--ENVCAUSE114__SEX--M,dcid:NorthernAfrica,2019,25467.23697
dcs:who/AIR_7.AGE--Y0T4__ENVCAUSE--ENVCAUSE039__SEX--M,dcid:NorthernAfrica,2019,164596.7083
dcs:who/AIR_7.AGE--Y25T29__ENVCAUSE--ENVCAUSE039__SEX--M,dcid:NorthernAfrica,2019,5465.94533
dcs:who/AIR_7.ENVCAUSE--ENVCAUSE068__SEX--M,dcid:NorthernAfrica,2019,53144.09252
dcs:who/AIR_7.AGE--Y15T19__ENVCAUSE--ENVCAUSE039__SEX--M,dcid:NorthernAfrica,2019,8037.37245
dcs:who/AIR_7.AGE--Y70T74__ENVCAUSE--ENVCAUSE068__SEX--M,dcid:NorthernAfrica,2019,4879.54482
dcs:who/AIR_7.AGE--Y35T39__ENVCAUSE--ENVCAUSE039__SEX--M,dcid:NorthernAfrica,2019,6071.90245
dcs:who/AIR_7.AGE--Y40T44__ENVCAUSE--ENVCAUSE118__SEX--M,dcid:NorthernAfrica,2019,4186.89494
dcs:who/AIR_7.AGE--Y35T39__ENVCAUSE--ENVCAUSE118__SEX--M,dcid:NorthernAfrica,2019,3299.61644
dcs:who/AIR_7.AGE--Y75T79__ENVCAUSE--ENVCAUSE118__SEX--M,dcid:NorthernAfrica,2019,10282.65539
dcs:who/AIR_7.AGE--Y75T79__ENVCAUSE--ENVCAUSE039__SEX--M,dcid:NorthernAfrica,2019,7432.27088
dcs:who/AIR_7.AGE--Y60T64__ENVCAUSE--ENVCAUSE039__SEX--M,dcid:NorthernAfrica,2019,13458.97616
dcs:who/AIR_7.AGE--Y60T64__ENVCAUSE--ENVCAUSE114__SEX--M,dcid:NorthernAfrica,2019,30999.56265
dcs:who/AIR_7.AGE--Y35T39__ENVCAUSE--ENVCAUSE068__SEX--M,dcid:NorthernAfrica,2019,683.70647
dcs:who/AIR_7.AGE--Y75T79__ENVCAUSE--ENVCAUSE114__SEX--M,dcid:NorthernAfrica,2019,23279.13003
dcs:who/AIR_7.AGE--Y55T59__ENVCAUSE--ENVCAUSE118__SEX--M,dcid:NorthernAfrica,2019,13276.26573
dcs:who/AIR_7.AGE--Y20T24__ENVCAUSE--ENVCAUSE039__SEX--M,dcid:NorthernAfrica,2019,6171.35022
dcs:who/AIR_7.AGE--Y70T74__ENVCAUSE--ENVCAUSE114__SEX--M,dcid:NorthernAfrica,2019,27934.5892
dcs:who/AIR_7.AGE--Y20T24__ENVCAUSE--ENVCAUSE039__SEX--F,dcid:NorthernAfrica,2019,3810.03615
dcs:who/AIR_7.ENVCAUSE--ENVCAUSE039__SEX--F,dcid:NorthernAfrica,2019,241022.4567
dcs:who/AIR_7.AGE--Y40T44__ENVCAUSE--ENVCAUSE113__SEX--M,dcid:NorthernAfrica,2019,52660.63447
dcs:who/AIR_7.AGE--Y5T9__ENVCAUSE--ENVCAUSE039__SEX--F,dcid:NorthernAfrica,2019,18548.13113
dcs:who/AIR_7.AGE--Y70T74__ENVCAUSE--ENVCAUSE068__SEX--F,dcid:NorthernAfrica,2019,1352.56616
dcs:who/AIR_7.AGE--Y35T39__ENVCAUSE--ENVCAUSE039__SEX--F,dcid:NorthernAfrica,2019,3975.53969
dcs:who/AIR_7.AGE--Y45T49__ENVCAUSE--ENVCAUSE068__SEX--F,dcid:NorthernAfrica,2019,1551.57249
dcs:who/AIR_7.AGE--Y70T74__ENVCAUSE--ENVCAUSE039__SEX--F,dcid:NorthernAfrica,2019,8717.62811
dcs:who/AIR_7.AGE--Y35T39__ENVCAUSE--ENVCAUSE113__SEX--M,dcid:NorthernAfrica,2019,41981.7497
dcs:who/AIR_7.AGE--Y60T64__ENVCAUSE--ENVCAUSE068__SEX--F,dcid:NorthernAfrica,2019,2030.01004
dcs:who/AIR_7.AGE--Y50T54__ENVCAUSE--ENVCAUSE113__SEX--M,dcid:NorthernAfrica,2019,111409.6946
dcs:who/AIR_7.AGE--Y70T74__ENVCAUSE--ENVCAUSE118__SEX--F,dcid:NorthernAfrica,2019,8912.07639
dcs:who/AIR_7.AGE--Y60T64__ENVCAUSE--ENVCAUSE039__SEX--F,dcid:NorthernAfrica,2019,8738.88831
dcs:who/AIR_7.AGE--Y_GE80__ENVCAUSE--ENVCAUSE113__SEX--M,dcid:NorthernAfrica,2019,103611.0496
dcs:who/AIR_7.AGE--Y_GE80__ENVCAUSE--ENVCAUSE039__SEX--F,dcid:NorthernAfrica,2019,11443.54743
dcs:who/AIR_7.ENVCAUSE--ENVCAUSE068__SEX--F,dcid:NorthernAfrica,2019,14416.89416
dcs:who/AIR_7.AGE--Y25T29__ENVCAUSE--ENVCAUSE039__SEX--F,dcid:NorthernAfrica,2019,3312.15734
dcs:who/AIR_7.ENVCAUSE--ENVCAUSE113__SEX--M,dcid:NorthernAfrica,2019,1169119.21
dcs:who/AIR_7.AGE--Y65T69__ENVCAUSE--ENVCAUSE068__SEX--F,dcid:NorthernAfrica,2019,1800.03088
dcs:who/AIR_7.AGE--Y65T69__ENVCAUSE--ENVCAUSE118__SEX--F,dcid:NorthernAfrica,2019,9794.97955
dcs:who/AIR_7.AGE--Y75T79__ENVCAUSE--ENVCAUSE068__SEX--F,dcid:NorthernAfrica,2019,678.33911
dcs:who/AIR_7.AGE--Y75T79__ENVCAUSE--ENVCAUSE118__SEX--F,dcid:NorthernAfrica,2019,7080.00792
dcs:who/AIR_7.AGE--Y55T59__ENVCAUSE--ENVCAUSE113__SEX--M,dcid:NorthernAfrica,2019,157089.8675
dcs:who/AIR_7.AGE--Y65T69__ENVCAUSE--ENVCAUSE039__SEX--F,dcid:NorthernAfrica,2019,8972.61614
dcs:who/AIR_7.AGE--Y35T39__ENVCAUSE--ENVCAUSE068__SEX--F,dcid:NorthernAfrica,2019,547.33675
dcs:who/AIR_7.AGE--Y50T54__ENVCAUSE--ENVCAUSE039__SEX--F,dcid:NorthernAfrica,2019,5149.12829
dcs:who/AIR_7.AGE--Y25T29__ENVCAUSE--ENVCAUSE113__SEX--M,dcid:NorthernAfrica,2019,17864.17901
dcs:who/AIR_7.AGE--Y0T4__ENVCAUSE--ENVCAUSE039__SEX--F,dcid:NorthernAfrica,2019,130410.8714
dcs:who/AIR_7.AGE--Y25T29__ENVCAUSE--ENVCAUSE114__SEX--M,dcid:NorthernAfrica,2019,10224.77959
dcs:who/AIR_7.AGE--Y30T34__ENVCAUSE--ENVCAUSE113__SEX--M,dcid:NorthernAfrica,2019,30653.19061
dcs:who/AIR_7.AGE--Y60T64__ENVCAUSE--ENVCAUSE113__SEX--M,dcid:NorthernAfrica,2019,181091.7272
dcs:who/AIR_7.AGE--Y30T34__ENVCAUSE--ENVCAUSE114__SEX--M,dcid:NorthernAfrica,2019,9729.47882
dcs:who/AIR_7.AGE--Y40T44__ENVCAUSE--ENVCAUSE068__SEX--F,dcid:NorthernAfrica,2019,1024.72349
dcs:who/AIR_7.AGE--Y30T34__ENVCAUSE--ENVCAUSE068__SEX--F,dcid:NorthernAfrica,2019,405.68359
dcs:who/AIR_7.AGE--Y65T69__ENVCAUSE--ENVCAUSE113__SEX--M,dcid:NorthernAfrica,2019,177657.3056
dcs:who/AIR_7.AGE--Y55T59__ENVCAUSE--ENVCAUSE068__SEX--F,dcid:NorthernAfrica,2019,2145.84425
dcs:who/AIR_7.AGE--Y50T54__ENVCAUSE--ENVCAUSE068__SEX--F,dcid:NorthernAfrica,2019,1936.29805
dcs:who/AIR_7.AGE--Y40T44__ENVCAUSE--ENVCAUSE039__SEX--F,dcid:NorthernAfrica,2019,3941.22909
dcs:who/AIR_7.AGE--Y70T74__ENVCAUSE--ENVCAUSE113__SEX--M,dcid:NorthernAfrica,2019,130987.3536
dcs:who/AIR_7.AGE--Y45T49__ENVCAUSE--ENVCAUSE039__SEX--F,dcid:NorthernAfrica,2019,4051.55948
dcs:who/AIR_7.AGE--Y_GE80__ENVCAUSE--ENVCAUSE068__SEX--F,dcid:NorthernAfrica,2019,566.13888
dcs:who/AIR_7.ENVCAUSE--ENVCAUSE118__SEX--F,dcid:NorthernAfrica,2019,75464.59825
dcs:who/AIR_7.AGE--Y60T64__ENVCAUSE--ENVCAUSE118__SEX--F,dcid:NorthernAfrica,2019,9244.69552
dcs:who/AIR_7.AGE--Y_GE80__ENVCAUSE--ENVCAUSE118__SEX--F,dcid:NorthernAfrica,2019,9915.27709
dcs:who/AIR_7.AGE--Y45T49__ENVCAUSE--ENVCAUSE113__SEX--M,dcid:NorthernAfrica,2019,70231.71502
dcs:who/AIR_7.AGE--Y55T59__ENVCAUSE--ENVCAUSE039__SEX--F,dcid:NorthernAfrica,2019,6584.02374
dcs:who/AIR_7.AGE--Y55T59__ENVCAUSE--ENVCAUSE118__SEX--F,dcid:NorthernAfrica,2019,8208.22772
dcs:who/AIR_7.AGE--Y10T14__ENVCAUSE--ENVCAUSE039__SEX--F,dcid:NorthernAfrica,2019,7621.68848
dcs:who/AIR_7.AGE--Y75T79__ENVCAUSE--ENVCAUSE113__SEX--M,dcid:NorthernAfrica,2019,93880.74348
dcs:who/AIR_7.SEX--M,dcid:NorthernAfrica,2019,1874766.945
dcs:who/AIR_7.AGE--Y25T29__ENVCAUSE--ENVCAUSE068__SEX--F,dcid:NorthernAfrica,2019,378.35048
dcs:who/AIR_7.AGE--Y75T79__ENVCAUSE--ENVCAUSE039__SEX--F,dcid:NorthernAfrica,2019,7039.94086
dcs:who/AIR_7.AGE--Y15T19__ENVCAUSE--ENVCAUSE039__SEX--F,dcid:NorthernAfrica,2019,4722.73145
dcs:who/AIR_7.AGE--Y30T34__ENVCAUSE--ENVCAUSE039__SEX--F,dcid:NorthernAfrica,2019,3982.73966
dcs:who/AIR_7.AGE--Y45T49__ENVCAUSE--ENVCAUSE114__SEX--F,dcid:NorthernAfrica,2019,13418.60742
dcs:who/AIR_7.AGE--Y35T39__ENVCAUSE--ENVCAUSE118__SEX--F,dcid:NorthernAfrica,2019,3137.79437
dcs:who/AIR_7.AGE--Y45T49__ENVCAUSE--ENVCAUSE113__SEX--F,dcid:NorthernAfrica,2019,39568.40976
dcs:who/AIR_7.AGE--Y25T29__ENVCAUSE--ENVCAUSE114__SEX--F,dcid:NorthernAfrica,2019,5099.82837
dcs:who/AIR_7.AGE--Y60T64__ENVCAUSE--ENVCAUSE068,dcid:NorthernAfrica,2019,11546.8848
dcs:who/AIR_7.AGE--Y65T69__ENVCAUSE--ENVCAUSE113__SEX--F,dcid:NorthernAfrica,2019,129933.8929
dcs:who/AIR_7.AGE--Y55T59__ENVCAUSE--ENVCAUSE114__SEX--F,dcid:NorthernAfrica,2019,25843.16385
dcs:who/AIR_7.AGE--Y60T64__ENVCAUSE--ENVCAUSE039,dcid:NorthernAfrica,2019,22197.86446
dcs:who/AIR_7.AGE--Y30T34__ENVCAUSE--ENVCAUSE114__SEX--F,dcid:NorthernAfrica,2019,6844.26027
dcs:who/AIR_7.AGE--Y40T44__ENVCAUSE--ENVCAUSE113__SEX--F,dcid:NorthernAfrica,2019,26386.84737
dcs:who/AIR_7.AGE--Y40T44__ENVCAUSE--ENVCAUSE114__SEX--F,dcid:NorthernAfrica,2019,11878.82309
dcs:who/AIR_7.AGE--Y75T79__ENVCAUSE--ENVCAUSE114__SEX--F,dcid:NorthernAfrica,2019,28945.24699
dcs:who/AIR_7.AGE--Y35T39__ENVCAUSE--ENVCAUSE039,dcid:NorthernAfrica,2019,10047.44215
dcs:who/AIR_7.AGE--Y65T69__ENVCAUSE--ENVCAUSE039,dcid:NorthernAfrica,2019,21255.93719
dcs:who/AIR_7.AGE--Y30T34__ENVCAUSE--ENVCAUSE113__SEX--F,dcid:NorthernAfrica,2019,15900.0059
dcs:who/AIR_7.AGE--Y35T39__ENVCAUSE--ENVCAUSE113__SEX--F,dcid:NorthernAfrica,2019,19446.80931
dcs:who/AIR_7.AGE--Y45T49__ENVCAUSE--ENVCAUSE118__SEX--F,dcid:NorthernAfrica,2019,4757.81552
dcs:who/AIR_7.AGE--Y35T39__ENVCAUSE--ENVCAUSE114__SEX--F,dcid:NorthernAfrica,2019,9324.11614
dcs:who/AIR_7.AGE--Y50T54__ENVCAUSE--ENVCAUSE068,dcid:NorthernAfrica,2019,9482.22615
dcs:who/AIR_7.AGE--Y65T69__ENVCAUSE--ENVCAUSE114__SEX--F,dcid:NorthernAfrica,2019,35333.9886
dcs:who/AIR_7.AGE--Y_GE80__ENVCAUSE--ENVCAUSE113__SEX--F,dcid:NorthernAfrica,2019,134896.4131
dcs:who/AIR_7.AGE--Y35T39__ENVCAUSE--ENVCAUSE068,dcid:NorthernAfrica,2019,1231.04321
dcs:who/AIR_7.ENVCAUSE--ENVCAUSE039,dcid:NorthernAfrica,2019,546221.5647
dcs:who/AIR_7.AGE--Y45T49__ENVCAUSE--ENVCAUSE068,dcid:NorthernAfrica,2019,6511.27131
dcs:who/AIR_7.AGE--Y75T79__ENVCAUSE--ENVCAUSE068,dcid:NorthernAfrica,2019,3154.8084
dcs:who/AIR_7.AGE--Y40T44__ENVCAUSE--ENVCAUSE068,dcid:NorthernAfrica,2019,3578.30691
dcs:who/AIR_7.AGE--Y75T79__ENVCAUSE--ENVCAUSE039,dcid:NorthernAfrica,2019,14472.21173
dcs:who/AIR_7.AGE--Y_GE80__ENVCAUSE--ENVCAUSE114__SEX--F,dcid:NorthernAfrica,2019,39208.19999
dcs:who/AIR_7.AGE--Y40T44__ENVCAUSE--ENVCAUSE039,dcid:NorthernAfrica,2019,9478.09709
dcs:who/AIR_7.AGE--Y55T59__ENVCAUSE--ENVCAUSE039,dcid:NorthernAfrica,2019,17114.76612
dcs:who/AIR_7.AGE--Y50T54__ENVCAUSE--ENVCAUSE113__SEX--F,dcid:NorthernAfrica,2019,59629.82512
dcs:who/AIR_7.AGE--Y25T29__ENVCAUSE--ENVCAUSE113__SEX--F,dcid:NorthernAfrica,2019,8858.70828
dcs:who/AIR_7.AGE--Y55T59__ENVCAUSE--ENVCAUSE113__SEX--F,dcid:NorthernAfrica,2019,84638.6108
dcs:who/AIR_7.AGE--Y_GE80__ENVCAUSE--ENVCAUSE039,dcid:NorthernAfrica,2019,21203.58404
dcs:who/AIR_7.AGE--Y60T64__ENVCAUSE--ENVCAUSE114__SEX--F,dcid:NorthernAfrica,2019,31861.09098
dcs:who/AIR_7.AGE--Y70T74__ENVCAUSE--ENVCAUSE113__SEX--F,dcid:NorthernAfrica,2019,112159.4921
dcs:who/AIR_7.AGE--Y70T74__ENVCAUSE--ENVCAUSE114__SEX--F,dcid:NorthernAfrica,2019,33065.50813
dcs:who/AIR_7.AGE--Y50T54__ENVCAUSE--ENVCAUSE039,dcid:NorthernAfrica,2019,12609.5821
dcs:who/AIR_7.AGE--Y_GE80__ENVCAUSE--ENVCAUSE068,dcid:NorthernAfrica,2019,2119.05988
dcs:who/AIR_7.ENVCAUSE--ENVCAUSE114__SEX--F,dcid:NorthernAfrica,2019,259991.8876
dcs:who/AIR_7.SEX--F,dcid:NorthernAfrica,2019,1429387.657
dcs:who/AIR_7.AGE--Y70T74__ENVCAUSE--ENVCAUSE039,dcid:NorthernAfrica,2019,18909.54344
dcs:who/AIR_7.AGE--Y70T74__ENVCAUSE--ENVCAUSE068,dcid:NorthernAfrica,2019,6232.11098
dcs:who/AIR_7.AGE--Y65T69__ENVCAUSE--ENVCAUSE068,dcid:NorthernAfrica,2019,9721.00256
dcs:who/AIR_7.AGE--Y45T49__ENVCAUSE--ENVCAUSE039,dcid:NorthernAfrica,2019,9496.50399
dcs:who/AIR_7.AGE--Y25T29__ENVCAUSE--ENVCAUSE118__SEX--F,dcid:NorthernAfrica,2019,1961.48175
dcs:who/AIR_7.AGE--Y50T54__ENVCAUSE--ENVCAUSE114__SEX--F,dcid:NorthernAfrica,2019,19169.05378
dcs:who/AIR_7.ENVCAUSE--ENVCAUSE068,dcid:NorthernAfrica,2019,67560.98668
dcs:who/AIR_7.AGE--Y30T34__ENVCAUSE--ENVCAUSE068,dcid:NorthernAfrica,2019,1211.8686
dcs:who/AIR_7.AGE--Y60T64__ENVCAUSE--ENVCAUSE113__SEX--F,dcid:NorthernAfrica,2019,113499.7489
dcs:who/AIR_7.AGE--Y75T79__ENVCAUSE--ENVCAUSE113__SEX--F,dcid:NorthernAfrica,2019,93573.0563
dcs:who/AIR_7.AGE--Y55T59__ENVCAUSE--ENVCAUSE068,dcid:NorthernAfrica,2019,11726.37552
dcs:who/AIR_7.ENVCAUSE--ENVCAUSE113__SEX--F,dcid:NorthernAfrica,2019,838491.8198
dcs:who/AIR_7.AGE--Y30T34__ENVCAUSE--ENVCAUSE118__SEX--F,dcid:NorthernAfrica,2019,2645.51916
dcs:who/AIR_7.AGE--Y50T54__ENVCAUSE--ENVCAUSE118__SEX--F,dcid:NorthernAfrica,2019,6426.99895
dcs:who/AIR_7.AGE--Y40T44__ENVCAUSE--ENVCAUSE118__SEX--F,dcid:NorthernAfrica,2019,3379.72431
dcs:who/AIR_7.AGE--Y25T29__ENVCAUSE--ENVCAUSE068,dcid:NorthernAfrica,2019,1046.02836
dcs:who/AIR_7.AGE--Y45T49__ENVCAUSE--ENVCAUSE114,dcid:NorthernAfrica,2019,24998.9385
dcs:who/AIR_7.AGE--Y20T24__ENVCAUSE--ENVCAUSE039,dcid:NorthernAfrica,2019,9981.38637
dcs:who/AIR_7.AGE--Y40T44__ENVCAUSE--ENVCAUSE113,dcid:NorthernAfrica,2019,79047.48184
dcs:who/AIR_7.AGE--Y10T14__ENVCAUSE--ENVCAUSE039,dcid:NorthernAfrica,2019,18049.85428
dcs:who/AIR_7,dcid:NorthernAfrica,2019,3304154.602
dcs:who/AIR_7.AGE--Y50T54__ENVCAUSE--ENVCAUSE114,dcid:NorthernAfrica,2019,36425.90248
dcs:who/AIR_7.ENVCAUSE--ENVCAUSE113,dcid:NorthernAfrica,2019,2007611.03
dcs:who/AIR_7.AGE--Y_GE80__ENVCAUSE--ENVCAUSE114,dcid:NorthernAfrica,2019,64675.43696
dcs:who/AIR_7.ENVCAUSE--ENVCAUSE114,dcid:NorthernAfrica,2019,493572.3883
dcs:who/AIR_7.AGE--Y35T39__ENVCAUSE--ENVCAUSE113,dcid:NorthernAfrica,2019,61428.55901
dcs:who/AIR_7.AGE--Y70T74__ENVCAUSE--ENVCAUSE113,dcid:NorthernAfrica,2019,243146.8456
dcs:who/AIR_7.AGE--Y60T64__ENVCAUSE--ENVCAUSE118,dcid:NorthernAfrica,2019,26818.1285
dcs:who/AIR_7.AGE--Y_GE80__ENVCAUSE--ENVCAUSE118,dcid:NorthernAfrica,2019,21325.19837
dcs:who/AIR_7.AGE--Y50T54__ENVCAUSE--ENVCAUSE118,dcid:NorthernAfrica,2019,15874.52367
dcs:who/AIR_7.AGE--Y25T29__ENVCAUSE--ENVCAUSE113,dcid:NorthernAfrica,2019,26722.8873
dcs:who/AIR_7.AGE--Y35T39__ENVCAUSE--ENVCAUSE118,dcid:NorthernAfrica,2019,6437.41081
dcs:who/AIR_7.AGE--Y30T34__ENVCAUSE--ENVCAUSE039,dcid:NorthernAfrica,2019,9675.81206
dcs:who/AIR_7.AGE--Y0T4__ENVCAUSE--ENVCAUSE039,dcid:NorthernAfrica,2019,295007.5796
dcs:who/AIR_7.AGE--Y_GE80__ENVCAUSE--ENVCAUSE113,dcid:NorthernAfrica,2019,238507.4627
dcs:who/AIR_7.AGE--Y50T54__ENVCAUSE--ENVCAUSE113,dcid:NorthernAfrica,2019,171039.5197
dcs:who/AIR_7.AGE--Y5T9__ENVCAUSE--ENVCAUSE039,dcid:NorthernAfrica,2019,35183.1935
dcs:who/AIR_7.AGE--Y55T59__ENVCAUSE--ENVCAUSE118,dcid:NorthernAfrica,2019,21484.49345
dcs:who/AIR_7.AGE--Y40T44__ENVCAUSE--ENVCAUSE118,dcid:NorthernAfrica,2019,7566.61925
dcs:who/AIR_7.AGE--Y30T34__ENVCAUSE--ENVCAUSE114,dcid:NorthernAfrica,2019,16573.7391
dcs:who/AIR_7.AGE--Y30T34__ENVCAUSE--ENVCAUSE118,dcid:NorthernAfrica,2019,5688.15781
dcs:who/AIR_7.ENVCAUSE--ENVCAUSE118,dcid:NorthernAfrica,2019,189188.6321
dcs:who/AIR_7.AGE--Y75T79__ENVCAUSE--ENVCAUSE113,dcid:NorthernAfrica,2019,187453.7998
dcs:who/AIR_7.AGE--Y25T29__ENVCAUSE--ENVCAUSE039,dcid:NorthernAfrica,2019,8778.10267
dcs:who/AIR_7.AGE--Y25T29__ENVCAUSE--ENVCAUSE114,dcid:NorthernAfrica,2019,15324.60796
dcs:who/AIR_7.AGE--Y65T69__ENVCAUSE--ENVCAUSE118,dcid:NorthernAfrica,2019,28227.09338
dcs:who/AIR_7.AGE--Y45T49__ENVCAUSE--ENVCAUSE118,dcid:NorthernAfrica,2019,10601.507
dcs:who/AIR_7.AGE--Y25T29__ENVCAUSE--ENVCAUSE118,dcid:NorthernAfrica,2019,4415.13926
dcs:who/AIR_7.AGE--Y30T34__ENVCAUSE--ENVCAUSE113,dcid:NorthernAfrica,2019,46553.19651
dcs:who/AIR_7.AGE--Y60T64__ENVCAUSE--ENVCAUSE114,dcid:NorthernAfrica,2019,62860.65363
dcs:who/AIR_7.AGE--Y40T44__ENVCAUSE--ENVCAUSE114,dcid:NorthernAfrica,2019,21543.75459
dcs:who/AIR_7.AGE--Y55T59__ENVCAUSE--ENVCAUSE113,dcid:NorthernAfrica,2019,241728.4783
dcs:who/AIR_7.AGE--Y60T64__ENVCAUSE--ENVCAUSE113,dcid:NorthernAfrica,2019,294591.4761
dcs:who/AIR_7.AGE--Y55T59__ENVCAUSE--ENVCAUSE114,dcid:NorthernAfrica,2019,49797.50138
dcs:who/AIR_7.AGE--Y65T69__ENVCAUSE--ENVCAUSE114,dcid:NorthernAfrica,2019,68874.55292
dcs:who/AIR_7.AGE--Y45T49__ENVCAUSE--ENVCAUSE113,dcid:NorthernAfrica,2019,109800.1248
dcs:who/AIR_7.AGE--Y70T74__ENVCAUSE--ENVCAUSE118,dcid:NorthernAfrica,2019,23387.69727
dcs:who/AIR_7.AGE--Y75T79__ENVCAUSE--ENVCAUSE114,dcid:NorthernAfrica,2019,52224.37701
dcs:who/AIR_7.AGE--Y15T19__ENVCAUSE--ENVCAUSE039,dcid:NorthernAfrica,2019,12760.1039
dcs:who/AIR_7.AGE--Y75T79__ENVCAUSE--ENVCAUSE118,dcid:NorthernAfrica,2019,17362.66331
dcs:who/AIR_7.AGE--Y65T69__ENVCAUSE--ENVCAUSE113,dcid:NorthernAfrica,2019,307591.1986
dcs:who/AIR_7.AGE--Y35T39__ENVCAUSE--ENVCAUSE114,dcid:NorthernAfrica,2019,19272.82642
dcs:who/AIR_7.AGE--Y70T74__ENVCAUSE--ENVCAUSE114,dcid:NorthernAfrica,2019,61000.09732
dcs:who/AIR_7.ENVCAUSE--ENVCAUSE068__SEX--M,dcid:SouthEasternAsia,2019,503291.2436
dcs:who/AIR_7.AGE--Y50T54__ENVCAUSE--ENVCAUSE068__SEX--M,dcid:SouthEasternAsia,2019,62599.313
dcs:who/AIR_7.AGE--Y30T34__ENVCAUSE--ENVCAUSE118__SEX--M,dcid:SouthEasternAsia,2019,33535.90615
dcs:who/AIR_7.AGE--Y60T64__ENVCAUSE--ENVCAUSE068__SEX--M,dcid:SouthEasternAsia,2019,87428.21896
dcs:who/AIR_7.AGE--Y55T59__ENVCAUSE--ENVCAUSE118__SEX--M,dcid:SouthEasternAsia,2019,347676.5237
dcs:who/AIR_7.AGE--Y75T79__ENVCAUSE--ENVCAUSE114__SEX--M,dcid:SouthEasternAsia,2019,272890.0362
dcs:who/AIR_7.AGE--Y10T14__ENVCAUSE--ENVCAUSE039__SEX--M,dcid:SouthEasternAsia,2019,46159.82093
dcs:who/AIR_7.AGE--Y_GE80__ENVCAUSE--ENVCAUSE039__SEX--M,dcid:SouthEasternAsia,2019,174113.7817
dcs:who/AIR_7.AGE--Y70T74__ENVCAUSE--ENVCAUSE114__SEX--M,dcid:SouthEasternAsia,2019,368339.3262
dcs:who/AIR_7.AGE--Y30T34__ENVCAUSE--ENVCAUSE068__SEX--M,dcid:SouthEasternAsia,2019,5838.14733
dcs:who/AIR_7.AGE--Y25T29__ENVCAUSE--ENVCAUSE039__SEX--M,dcid:SouthEasternAsia,2019,31904.09182
dcs:who/AIR_7.AGE--Y40T44__ENVCAUSE--ENVCAUSE118__SEX--M,dcid:SouthEasternAsia,2019,66892.12373
dcs:who/AIR_7.AGE--Y25T29__ENVCAUSE--ENVCAUSE118__SEX--M,dcid:SouthEasternAsia,2019,25577.56261
dcs:who/AIR_7.AGE--Y65T69__ENVCAUSE--ENVCAUSE039__SEX--M,dcid:SouthEasternAsia,2019,177792.2794
dcs:who/AIR_7.AGE--Y35T39__ENVCAUSE--ENVCAUSE068__SEX--M,dcid:SouthEasternAsia,2019,11324.7937
dcs:who/AIR_7.AGE--Y0T4__ENVCAUSE--ENVCAUSE039__SEX--M,dcid:SouthEasternAsia,2019,1444021.253
dcs:who/AIR_7.AGE--Y70T74__ENVCAUSE--ENVCAUSE118__SEX--M,dcid:SouthEasternAsia,2019,532897.1336
dcs:who/AIR_7.AGE--Y45T49__ENVCAUSE--ENVCAUSE118__SEX--M,dcid:SouthEasternAsia,2019,126975.1711
dcs:who/AIR_7.AGE--Y40T44__ENVCAUSE--ENVCAUSE039__SEX--M,dcid:SouthEasternAsia,2019,47979.22878
dcs:who/AIR_7.AGE--Y45T49__ENVCAUSE--ENVCAUSE068__SEX--M,dcid:SouthEasternAsia,2019,42017.14455
dcs:who/AIR_7.AGE--Y_GE80__ENVCAUSE--ENVCAUSE118__SEX--M,dcid:SouthEasternAsia,2019,476683.9392
dcs:who/AIR_7.AGE--Y35T39__ENVCAUSE--ENVCAUSE039__SEX--M,dcid:SouthEasternAsia,2019,45860.0712
dcs:who/AIR_7.AGE--Y75T79__ENVCAUSE--ENVCAUSE068__SEX--M,dcid:SouthEasternAsia,2019,34073.13795
dcs:who/AIR_7.AGE--Y65T69__ENVCAUSE--ENVCAUSE118__SEX--M,dcid:SouthEasternAsia,2019,583364.1724
dcs:who/AIR_7.AGE--Y20T24__ENVCAUSE--ENVCAUSE039__SEX--M,dcid:SouthEasternAsia,2019,28742.54742
dcs:who/AIR_7.AGE--Y50T54__ENVCAUSE--ENVCAUSE118__SEX--M,dcid:SouthEasternAsia,2019,225324.7583
dcs:who/AIR_7.AGE--Y_GE80__ENVCAUSE--ENVCAUSE114__SEX--M,dcid:SouthEasternAsia,2019,243210.4722
dcs:who/AIR_7.AGE--Y70T74__ENVCAUSE--ENVCAUSE039__SEX--M,dcid:SouthEasternAsia,2019,165012.4467
dcs:who/AIR_7.AGE--Y35T39__ENVCAUSE--ENVCAUSE118__SEX--M,dcid:SouthEasternAsia,2019,47096.49716
dcs:who/AIR_7.AGE--Y60T64__ENVCAUSE--ENVCAUSE039__SEX--M,dcid:SouthEasternAsia,2019,159317.6718
dcs:who/AIR_7.AGE--Y75T79__ENVCAUSE--ENVCAUSE039__SEX--M,dcid:SouthEasternAsia,2019,140349.1811
dcs:who/AIR_7.AGE--Y25T29__ENVCAUSE--ENVCAUSE068__SEX--M,dcid:SouthEasternAsia,2019,3508.31333
dcs:who/AIR_7.AGE--Y40T44__ENVCAUSE--ENVCAUSE068__SEX--M,dcid:SouthEasternAsia,2019,20139.78931
dcs:who/AIR_7.AGE--Y75T79__ENVCAUSE--ENVCAUSE118__SEX--M,dcid:SouthEasternAsia,2019,434223.3942
dcs:who/AIR_7.AGE--Y70T74__ENVCAUSE--ENVCAUSE068__SEX--M,dcid:SouthEasternAsia,2019,55757.73293
dcs:who/AIR_7.AGE--Y60T64__ENVCAUSE--ENVCAUSE114__SEX--M,dcid:SouthEasternAsia,2019,486391.3293
dcs:who/AIR_7.ENVCAUSE--ENVCAUSE118__SEX--M,dcid:SouthEasternAsia,2019,3389841.165
dcs:who/AIR_7.AGE--Y5T9__ENVCAUSE--ENVCAUSE039__SEX--M,dcid:SouthEasternAsia,2019,53806.06529
dcs:who/AIR_7.AGE--Y30T34__ENVCAUSE--ENVCAUSE039__SEX--M,dcid:SouthEasternAsia,2019,35221.14568
dcs:who/AIR_7.AGE--Y55T59__ENVCAUSE--ENVCAUSE039__SEX--M,dcid:SouthEasternAsia,2019,115915.0715
dcs:who/AIR_7.AGE--Y60T64__ENVCAUSE--ENVCAUSE118__SEX--M,dcid:SouthEasternAsia,2019,489593.9828
dcs:who/AIR_7.AGE--Y_GE80__ENVCAUSE--ENVCAUSE068__SEX--M,dcid:SouthEasternAsia,2019,20608.36413
dcs:who/AIR_7.ENVCAUSE--ENVCAUSE039__SEX--M,dcid:SouthEasternAsia,2019,2840459.183
dcs:who/AIR_7.ENVCAUSE--ENVCAUSE114__SEX--M,dcid:SouthEasternAsia,2019,3103326.97
dcs:who/AIR_7.AGE--Y15T19__ENVCAUSE--ENVCAUSE039__SEX--M,dcid:SouthEasternAsia,2019,26716.41185
dcs:who/AIR_7.AGE--Y65T69__ENVCAUSE--ENVCAUSE068__SEX--M,dcid:SouthEasternAsia,2019,77006.04254
dcs:who/AIR_7.AGE--Y45T49__ENVCAUSE--ENVCAUSE039__SEX--M,dcid:SouthEasternAsia,2019,63796.89846
dcs:who/AIR_7.AGE--Y50T54__ENVCAUSE--ENVCAUSE039__SEX--M,dcid:SouthEasternAsia,2019,83751.21625
dcs:who/AIR_7.AGE--Y55T59__ENVCAUSE--ENVCAUSE068__SEX--M,dcid:SouthEasternAsia,2019,82990.24588
dcs:who/AIR_7.AGE--Y65T69__ENVCAUSE--ENVCAUSE114__SEX--M,dcid:SouthEasternAsia,2019,482930.9722
dcs:who/AIR_7.AGE--Y35T39__ENVCAUSE--ENVCAUSE039__SEX--F,dcid:SouthEasternAsia,2019,41308.27366
dcs:who/AIR_7.AGE--Y50T54__ENVCAUSE--ENVCAUSE039__SEX--F,dcid:SouthEasternAsia,2019,84421.10068
dcs:who/AIR_7.AGE--Y30T34__ENVCAUSE--ENVCAUSE068__SEX--F,dcid:SouthEasternAsia,2019,4231.59347
dcs:who/AIR_7.AGE--Y65T69__ENVCAUSE--ENVCAUSE113__SEX--M,dcid:SouthEasternAsia,2019,1024991.892
dcs:who/AIR_7.AGE--Y55T59__ENVCAUSE--ENVCAUSE039__SEX--F,dcid:SouthEasternAsia,2019,97863.70388
dcs:who/AIR_7.AGE--Y70T74__ENVCAUSE--ENVCAUSE039__SEX--F,dcid:SouthEasternAsia,2019,184921.5897
dcs:who/AIR_7.AGE--Y50T54__ENVCAUSE--ENVCAUSE113__SEX--M,dcid:SouthEasternAsia,2019,953787.0291
dcs:who/AIR_7.AGE--Y_GE80__ENVCAUSE--ENVCAUSE068__SEX--F,dcid:SouthEasternAsia,2019,13683.30437
dcs:who/AIR_7.AGE--Y35T39__ENVCAUSE--ENVCAUSE114__SEX--M,dcid:SouthEasternAsia,2019,96833.28335
dcs:who/AIR_7.AGE--Y35T39__ENVCAUSE--ENVCAUSE113__SEX--M,dcid:SouthEasternAsia,2019,370506.9337
dcs:who/AIR_7.AGE--Y45T49__ENVCAUSE--ENVCAUSE114__SEX--M,dcid:SouthEasternAsia,2019,200522.0341
dcs:who/AIR_7.AGE--Y30T34__ENVCAUSE--ENVCAUSE039__SEX--F,dcid:SouthEasternAsia,2019,26963.90219
dcs:who/AIR_7.AGE--Y65T69__ENVCAUSE--ENVCAUSE068__SEX--F,dcid:SouthEasternAsia,2019,29025.61701
dcs:who/AIR_7.AGE--Y25T29__ENVCAUSE--ENVCAUSE113__SEX--M,dcid:SouthEasternAsia,2019,110609.5209
dcs:who/AIR_7.AGE--Y35T39__ENVCAUSE--ENVCAUSE068__SEX--F,dcid:SouthEasternAsia,2019,7365.25138
dcs:who/AIR_7.AGE--Y25T29__ENVCAUSE--ENVCAUSE068__SEX--F,dcid:SouthEasternAsia,2019,2196.97119
dcs:who/AIR_7.AGE--Y40T44__ENVCAUSE--ENVCAUSE113__SEX--M,dcid:SouthEasternAsia,2019,487319.7509
dcs:who/AIR_7.AGE--Y50T54__ENVCAUSE--ENVCAUSE114__SEX--M,dcid:SouthEasternAsia,2019,306664.6495
dcs:who/AIR_7.AGE--Y45T49__ENVCAUSE--ENVCAUSE068__SEX--F,dcid:SouthEasternAsia,2019,18723.48087
dcs:who/AIR_7.ENVCAUSE--ENVCAUSE118__SEX--F,dcid:SouthEasternAsia,2019,2560669.908
dcs:who/AIR_7.AGE--Y40T44__ENVCAUSE--ENVCAUSE114__SEX--M,dcid:SouthEasternAsia,2019,131121.304
dcs:who/AIR_7.AGE--Y30T34__ENVCAUSE--ENVCAUSE113__SEX--M,dcid:SouthEasternAsia,2019,217625.4408
dcs:who/AIR_7.ENVCAUSE--ENVCAUSE039__SEX--F,dcid:SouthEasternAsia,2019,2673248.687
dcs:who/AIR_7.AGE--Y45T49__ENVCAUSE--ENVCAUSE113__SEX--M,dcid:SouthEasternAsia,2019,740761.0987
dcs:who/AIR_7.AGE--Y60T64__ENVCAUSE--ENVCAUSE113__SEX--M,dcid:SouthEasternAsia,2019,1147897.069
dcs:who/AIR_7.AGE--Y15T19__ENVCAUSE--ENVCAUSE039__SEX--F,dcid:SouthEasternAsia,2019,30316.06775
dcs:who/AIR_7.AGE--Y25T29__ENVCAUSE--ENVCAUSE039__SEX--F,dcid:SouthEasternAsia,2019,31971.52429
dcs:who/AIR_7.AGE--Y75T79__ENVCAUSE--ENVCAUSE039__SEX--F,dcid:SouthEasternAsia,2019,147378.9095
dcs:who/AIR_7.AGE--Y55T59__ENVCAUSE--ENVCAUSE114__SEX--M,dcid:SouthEasternAsia,2019,419766.3411
dcs:who/AIR_7.AGE--Y_GE80__ENVCAUSE--ENVCAUSE118__SEX--F,dcid:SouthEasternAsia,2019,486501.296
dcs:who/AIR_7.AGE--Y65T69__ENVCAUSE--ENVCAUSE039__SEX--F,dcid:SouthEasternAsia,2019,184475.3862
dcs:who/AIR_7.SEX--M,dcid:SouthEasternAsia,2019,17990474.18
dcs:who/AIR_7.AGE--Y0T4__ENVCAUSE--ENVCAUSE039__SEX--F,dcid:SouthEasternAsia,2019,1239817.972
dcs:who/AIR_7.AGE--Y10T14__ENVCAUSE--ENVCAUSE039__SEX--F,dcid:SouthEasternAsia,2019,55013.44013
dcs:who/AIR_7.ENVCAUSE--ENVCAUSE113__SEX--M,dcid:SouthEasternAsia,2019,8153555.62
dcs:who/AIR_7.AGE--Y30T34__ENVCAUSE--ENVCAUSE114__SEX--M,dcid:SouthEasternAsia,2019,58441.03452
dcs:who/AIR_7.AGE--Y60T64__ENVCAUSE--ENVCAUSE039__SEX--F,dcid:SouthEasternAsia,2019,148654.8636
dcs:who/AIR_7.AGE--Y5T9__ENVCAUSE--ENVCAUSE039__SEX--F,dcid:SouthEasternAsia,2019,79580.22392
dcs:who/AIR_7.AGE--Y70T74__ENVCAUSE--ENVCAUSE068__SEX--F,dcid:SouthEasternAsia,2019,25365.01361
dcs:who/AIR_7.AGE--Y60T64__ENVCAUSE--ENVCAUSE068__SEX--F,dcid:SouthEasternAsia,2019,33687.75657
dcs:who/AIR_7.AGE--Y55T59__ENVCAUSE--ENVCAUSE068__SEX--F,dcid:SouthEasternAsia,2019,30827.10984
dcs:who/AIR_7.AGE--Y55T59__ENVCAUSE--ENVCAUSE113__SEX--M,dcid:SouthEasternAsia,2019,1208737.134
dcs:who/AIR_7.AGE--Y40T44__ENVCAUSE--ENVCAUSE068__SEX--F,dcid:SouthEasternAsia,2019,12988.19768
dcs:who/AIR_7.ENVCAUSE--ENVCAUSE068__SEX--F,dcid:SouthEasternAsia,2019,224484.9383
dcs:who/AIR_7.AGE--Y_GE80__ENVCAUSE--ENVCAUSE113__SEX--M,dcid:SouthEasternAsia,2019,584380.7195
dcs:who/AIR_7.AGE--Y70T74__ENVCAUSE--ENVCAUSE113__SEX--M,dcid:SouthEasternAsia,2019,752645.0051
dcs:who/AIR_7.AGE--Y50T54__ENVCAUSE--ENVCAUSE068__SEX--F,dcid:SouthEasternAsia,2019,29100.91307
dcs:who/AIR_7.AGE--Y40T44__ENVCAUSE--ENVCAUSE039__SEX--F,dcid:SouthEasternAsia,2019,44221.43697
dcs:who/AIR_7.AGE--Y20T24__ENVCAUSE--ENVCAUSE039__SEX--F,dcid:SouthEasternAsia,2019,29055.70407
dcs:who/AIR_7.AGE--Y_GE80__ENVCAUSE--ENVCAUSE039__SEX--F,dcid:SouthEasternAsia,2019,199844.0305
dcs:who/AIR_7.AGE--Y45T49__ENVCAUSE--ENVCAUSE039__SEX--F,dcid:SouthEasternAsia,2019,47440.55843
dcs:who/AIR_7.AGE--Y75T79__ENVCAUSE--ENVCAUSE113__SEX--M,dcid:SouthEasternAsia,2019,554294.0266
dcs:who/AIR_7.AGE--Y75T79__ENVCAUSE--ENVCAUSE068__SEX--F,dcid:SouthEasternAsia,2019,17289.72928
dcs:who/AIR_7.AGE--Y25T29__ENVCAUSE--ENVCAUSE114__SEX--M,dcid:SouthEasternAsia,2019,36216.18745
dcs:who/AIR_7.ENVCAUSE--ENVCAUSE068,dcid:SouthEasternAsia,2019,727776.182
dcs:who/AIR_7.AGE--Y35T39__ENVCAUSE--ENVCAUSE118__SEX--F,dcid:SouthEasternAsia,2019,36345.35788
dcs:who/AIR_7.AGE--Y50T54__ENVCAUSE--ENVCAUSE068,dcid:SouthEasternAsia,2019,91700.22607
dcs:who/AIR_7.AGE--Y_GE80__ENVCAUSE--ENVCAUSE068,dcid:SouthEasternAsia,2019,34291.6685
dcs:who/AIR_7.AGE--Y30T34__ENVCAUSE--ENVCAUSE068,dcid:SouthEasternAsia,2019,10069.7408
dcs:who/AIR_7.AGE--Y40T44__ENVCAUSE--ENVCAUSE068,dcid:SouthEasternAsia,2019,33127.98699
dcs:who/AIR_7.AGE--Y65T69__ENVCAUSE--ENVCAUSE114__SEX--F,dcid:SouthEasternAsia,2019,402876.906
dcs:who/AIR_7.AGE--Y50T54__ENVCAUSE--ENVCAUSE113__SEX--F,dcid:SouthEasternAsia,2019,474863.6106
dcs:who/AIR_7.AGE--Y25T29__ENVCAUSE--ENVCAUSE114__SEX--F,dcid:SouthEasternAsia,2019,28833.00593
dcs:who/AIR_7.AGE--Y75T79__ENVCAUSE--ENVCAUSE118__SEX--F,dcid:SouthEasternAsia,2019,353494.2424
dcs:who/AIR_7.SEX--F,dcid:SouthEasternAsia,2019,12935645.3
dcs:who/AIR_7.AGE--Y40T44__ENVCAUSE--ENVCAUSE118__SEX--F,dcid:SouthEasternAsia,2019,49663.43453
dcs:who/AIR_7.AGE--Y45T49__ENVCAUSE--ENVCAUSE114__SEX--F,dcid:SouthEasternAsia,2019,154504.0962
dcs:who/AIR_7.AGE--Y45T49__ENVCAUSE--ENVCAUSE118__SEX--F,dcid:SouthEasternAsia,2019,87055.11195
dcs:who/AIR_7.ENVCAUSE--ENVCAUSE113__SEX--F,dcid:SouthEasternAsia,2019,4748190.301
dcs:who/AIR_7.AGE--Y55T59__ENVCAUSE--ENVCAUSE114__SEX--F,dcid:SouthEasternAsia,2019,308476.5862
dcs:who/AIR_7.AGE--Y70T74__ENVCAUSE--ENVCAUSE114__SEX--F,dcid:SouthEasternAsia,2019,356175.0159
dcs:who/AIR_7.AGE--Y70T74__ENVCAUSE--ENVCAUSE118__SEX--F,dcid:SouthEasternAsia,2019,413501.5095
dcs:who/AIR_7.AGE--Y55T59__ENVCAUSE--ENVCAUSE068,dcid:SouthEasternAsia,2019,113817.3557
dcs:who/AIR_7.AGE--Y60T64__ENVCAUSE--ENVCAUSE114__SEX--F,dcid:SouthEasternAsia,2019,390177.8434
dcs:who/AIR_7.AGE--Y25T29__ENVCAUSE--ENVCAUSE118__SEX--F,dcid:SouthEasternAsia,2019,22189.37938
dcs:who/AIR_7.ENVCAUSE--ENVCAUSE039,dcid:SouthEasternAsia,2019,5513707.87
dcs:who/AIR_7.AGE--Y55T59__ENVCAUSE--ENVCAUSE118__SEX--F,dcid:SouthEasternAsia,2019,214430.098
dcs:who/AIR_7.AGE--Y75T79__ENVCAUSE--ENVCAUSE113__SEX--F,dcid:SouthEasternAsia,2019,485049.9225
dcs:who/AIR_7.AGE--Y75T79__ENVCAUSE--ENVCAUSE068,dcid:SouthEasternAsia,2019,51362.86723
dcs:who/AIR_7.AGE--Y60T64__ENVCAUSE--ENVCAUSE113__SEX--F,dcid:SouthEasternAsia,2019,638264.259
dcs:who/AIR_7.AGE--Y70T74__ENVCAUSE--ENVCAUSE068,dcid:SouthEasternAsia,2019,81122.74654
dcs:who/AIR_7.AGE--Y_GE80__ENVCAUSE--ENVCAUSE113__SEX--F,dcid:SouthEasternAsia,2019,586666.5935
dcs:who/AIR_7.AGE--Y35T39__ENVCAUSE--ENVCAUSE113__SEX--F,dcid:SouthEasternAsia,2019,136860.7242
dcs:who/AIR_7.AGE--Y40T44__ENVCAUSE--ENVCAUSE114__SEX--F,dcid:SouthEasternAsia,2019,96257.35476
dcs:who/AIR_7.AGE--Y50T54__ENVCAUSE--ENVCAUSE118__SEX--F,dcid:SouthEasternAsia,2019,161645.3957
dcs:who/AIR_7.AGE--Y40T44__ENVCAUSE--ENVCAUSE113__SEX--F,dcid:SouthEasternAsia,2019,211213.3466
dcs:who/AIR_7.AGE--Y35T39__ENVCAUSE--ENVCAUSE068,dcid:SouthEasternAsia,2019,18690.04509
dcs:who/AIR_7.AGE--Y65T69__ENVCAUSE--ENVCAUSE113__SEX--F,dcid:SouthEasternAsia,2019,646689.0495
dcs:who/AIR_7.AGE--Y30T34__ENVCAUSE--ENVCAUSE114__SEX--F,dcid:SouthEasternAsia,2019,36756.91547
dcs:who/AIR_7.AGE--Y45T49__ENVCAUSE--ENVCAUSE068,dcid:SouthEasternAsia,2019,60740.62542
dcs:who/AIR_7.AGE--Y50T54__ENVCAUSE--ENVCAUSE114__SEX--F,dcid:SouthEasternAsia,2019,259440.0972
dcs:who/AIR_7.AGE--Y25T29__ENVCAUSE--ENVCAUSE113__SEX--F,dcid:SouthEasternAsia,2019,55650.83345
dcs:who/AIR_7.AGE--Y55T59__ENVCAUSE--ENVCAUSE113__SEX--F,dcid:SouthEasternAsia,2019,561336.5553
dcs:who/AIR_7.AGE--Y65T69__ENVCAUSE--ENVCAUSE118__SEX--F,dcid:SouthEasternAsia,2019,386104.1577
dcs:who/AIR_7.AGE--Y75T79__ENVCAUSE--ENVCAUSE114__SEX--F,dcid:SouthEasternAsia,2019,300229.679
dcs:who/AIR_7.AGE--Y60T64__ENVCAUSE--ENVCAUSE118__SEX--F,dcid:SouthEasternAsia,2019,321824.2167
dcs:who/AIR_7.AGE--Y_GE80__ENVCAUSE--ENVCAUSE114__SEX--F,dcid:SouthEasternAsia,2019,330061.9489
dcs:who/AIR_7.AGE--Y25T29__ENVCAUSE--ENVCAUSE068,dcid:SouthEasternAsia,2019,5705.28451
dcs:who/AIR_7.AGE--Y60T64__ENVCAUSE--ENVCAUSE068,dcid:SouthEasternAsia,2019,121115.9755
dcs:who/AIR_7.AGE--Y35T39__ENVCAUSE--ENVCAUSE114__SEX--F,dcid:SouthEasternAsia,2019,65262.02092
dcs:who/AIR_7.AGE--Y30T34__ENVCAUSE--ENVCAUSE113__SEX--F,dcid:SouthEasternAsia,2019,80674.38252
dcs:who/AIR_7.AGE--Y45T49__ENVCAUSE--ENVCAUSE113__SEX--F,dcid:SouthEasternAsia,2019,297815.7902
dcs:who/AIR_7.ENVCAUSE--ENVCAUSE114__SEX--F,dcid:SouthEasternAsia,2019,2729051.47
dcs:who/AIR_7.AGE--Y30T34__ENVCAUSE--ENVCAUSE118__SEX--F,dcid:SouthEasternAsia,2019,27915.7084
dcs:who/AIR_7.AGE--Y65T69__ENVCAUSE--ENVCAUSE068,dcid:SouthEasternAsia,2019,106031.6595
dcs:who/AIR_7.AGE--Y70T74__ENVCAUSE--ENVCAUSE113__SEX--F,dcid:SouthEasternAsia,2019,573105.2335
dcs:who/AIR_7.AGE--Y40T44__ENVCAUSE--ENVCAUSE039,dcid:SouthEasternAsia,2019,92200.66575
dcs:who/AIR_7.AGE--Y60T64__ENVCAUSE--ENVCAUSE113,dcid:SouthEasternAsia,2019,1786161.328
dcs:who/AIR_7.AGE--Y35T39__ENVCAUSE--ENVCAUSE114,dcid:SouthEasternAsia,2019,162095.3043
dcs:who/AIR_7.AGE--Y_GE80__ENVCAUSE--ENVCAUSE113,dcid:SouthEasternAsia,2019,1171047.313
dcs:who/AIR_7.AGE--Y25T29__ENVCAUSE--ENVCAUSE039,dcid:SouthEasternAsia,2019,63875.6161
dcs:who/AIR_7.AGE--Y30T34__ENVCAUSE--ENVCAUSE039,dcid:SouthEasternAsia,2019,62185.04787
dcs:who/AIR_7.ENVCAUSE--ENVCAUSE118,dcid:SouthEasternAsia,2019,5950511.073
dcs:who/AIR_7.AGE--Y50T54__ENVCAUSE--ENVCAUSE114,dcid:SouthEasternAsia,2019,566104.7467
dcs:who/AIR_7.AGE--Y_GE80__ENVCAUSE--ENVCAUSE118,dcid:SouthEasternAsia,2019,963185.2352
dcs:who/AIR_7.AGE--Y75T79__ENVCAUSE--ENVCAUSE114,dcid:SouthEasternAsia,2019,573119.7152
dcs:who/AIR_7.AGE--Y0T4__ENVCAUSE--ENVCAUSE039,dcid:SouthEasternAsia,2019,2683839.225
dcs:who/AIR_7.AGE--Y75T79__ENVCAUSE--ENVCAUSE118,dcid:SouthEasternAsia,2019,787717.6366
dcs:who/AIR_7.AGE--Y45T49__ENVCAUSE--ENVCAUSE039,dcid:SouthEasternAsia,2019,111237.4569
dcs:who/AIR_7.AGE--Y65T69__ENVCAUSE--ENVCAUSE118,dcid:SouthEasternAsia,2019,969468.3301
dcs:who/AIR_7.AGE--Y65T69__ENVCAUSE--ENVCAUSE039,dcid:SouthEasternAsia,2019,362267.6655
dcs:who/AIR_7.AGE--Y25T29__ENVCAUSE--ENVCAUSE118,dcid:SouthEasternAsia,2019,47766.94199
dcs:who/AIR_7.AGE--Y_GE80__ENVCAUSE--ENVCAUSE039,dcid:SouthEasternAsia,2019,373957.8122
dcs:who/AIR_7.AGE--Y55T59__ENVCAUSE--ENVCAUSE039,dcid:SouthEasternAsia,2019,213778.7754
dcs:who/AIR_7.AGE--Y70T74__ENVCAUSE--ENVCAUSE114,dcid:SouthEasternAsia,2019,724514.3421
dcs:who/AIR_7.AGE--Y35T39__ENVCAUSE--ENVCAUSE118,dcid:SouthEasternAsia,2019,83441.85504
dcs:who/AIR_7.AGE--Y25T29__ENVCAUSE--ENVCAUSE114,dcid:SouthEasternAsia,2019,65049.19338
dcs:who/AIR_7.AGE--Y30T34__ENVCAUSE--ENVCAUSE114,dcid:SouthEasternAsia,2019,95197.94999
dcs:who/AIR_7.AGE--Y5T9__ENVCAUSE--ENVCAUSE039,dcid:SouthEasternAsia,2019,133386.2892
dcs:who/AIR_7.AGE--Y20T24__ENVCAUSE--ENVCAUSE039,dcid:SouthEasternAsia,2019,57798.25149
dcs:who/AIR_7.AGE--Y75T79__ENVCAUSE--ENVCAUSE113,dcid:SouthEasternAsia,2019,1039343.949
dcs:who/AIR_7.AGE--Y65T69__ENVCAUSE--ENVCAUSE113,dcid:SouthEasternAsia,2019,1671680.942
dcs:who/AIR_7.AGE--Y45T49__ENVCAUSE--ENVCAUSE118,dcid:SouthEasternAsia,2019,214030.283
dcs:who/AIR_7.AGE--Y75T79__ENVCAUSE--ENVCAUSE039,dcid:SouthEasternAsia,2019,287728.0906
dcs:who/AIR_7.AGE--Y60T64__ENVCAUSE--ENVCAUSE114,dcid:SouthEasternAsia,2019,876569.1727
dcs:who/AIR_7.AGE--Y30T34__ENVCAUSE--ENVCAUSE118,dcid:SouthEasternAsia,2019,61451.61455
dcs:who/AIR_7.AGE--Y50T54__ENVCAUSE--ENVCAUSE039,dcid:SouthEasternAsia,2019,168172.3169
dcs:who/AIR_7.ENVCAUSE--ENVCAUSE113,dcid:SouthEasternAsia,2019,12901745.92
dcs:who/AIR_7.AGE--Y50T54__ENVCAUSE--ENVCAUSE118,dcid:SouthEasternAsia,2019,386970.1539
dcs:who/AIR_7.ENVCAUSE--ENVCAUSE114,dcid:SouthEasternAsia,2019,5832378.44
dcs:who/AIR_7.AGE--Y70T74__ENVCAUSE--ENVCAUSE118,dcid:SouthEasternAsia,2019,946398.6431
dcs:who/AIR_7.AGE--Y70T74__ENVCAUSE--ENVCAUSE039,dcid:SouthEasternAsia,2019,349934.0363
dcs:who/AIR_7.AGE--Y55T59__ENVCAUSE--ENVCAUSE113,dcid:SouthEasternAsia,2019,1770073.689
dcs:who/AIR_7.AGE--Y55T59__ENVCAUSE--ENVCAUSE118,dcid:SouthEasternAsia,2019,562106.6218
dcs:who/AIR_7.AGE--Y45T49__ENVCAUSE--ENVCAUSE114,dcid:SouthEasternAsia,2019,355026.1304
dcs:who/AIR_7.AGE--Y10T14__ENVCAUSE--ENVCAUSE039,dcid:SouthEasternAsia,2019,101173.2611
dcs:who/AIR_7.AGE--Y55T59__ENVCAUSE--ENVCAUSE114,dcid:SouthEasternAsia,2019,728242.9274
dcs:who/AIR_7.AGE--Y60T64__ENVCAUSE--ENVCAUSE039,dcid:SouthEasternAsia,2019,307972.5354
dcs:who/AIR_7.AGE--Y65T69__ENVCAUSE--ENVCAUSE114,dcid:SouthEasternAsia,2019,885807.8782
dcs:who/AIR_7.AGE--Y40T44__ENVCAUSE--ENVCAUSE114,dcid:SouthEasternAsia,2019,227378.6587
dcs:who/AIR_7.AGE--Y40T44__ENVCAUSE--ENVCAUSE118,dcid:SouthEasternAsia,2019,116555.5583
dcs:who/AIR_7.AGE--Y15T19__ENVCAUSE--ENVCAUSE039,dcid:SouthEasternAsia,2019,57032.4796
dcs:who/AIR_7.AGE--Y70T74__ENVCAUSE--ENVCAUSE113,dcid:SouthEasternAsia,2019,1325750.239
dcs:who/AIR_7.AGE--Y35T39__ENVCAUSE--ENVCAUSE039,dcid:SouthEasternAsia,2019,87168.34486
dcs:who/AIR_7.AGE--Y60T64__ENVCAUSE--ENVCAUSE118,dcid:SouthEasternAsia,2019,811418.1995
dcs:who/AIR_7.AGE--Y_GE80__ENVCAUSE--ENVCAUSE114,dcid:SouthEasternAsia,2019,573272.4211
dcs:who/AIR_7.AGE--Y50T54__ENVCAUSE--ENVCAUSE113,dcid:SouthEasternAsia,2019,1428650.64
dcs:who/AIR_7.AGE--Y25T29__ENVCAUSE--ENVCAUSE113,dcid:SouthEasternAsia,2019,166260.3544
dcs:who/AIR_7.AGE--Y40T44__ENVCAUSE--ENVCAUSE113,dcid:SouthEasternAsia,2019,698533.0975
dcs:who/AIR_7,dcid:SouthEasternAsia,2019,30926119.49
dcs:who/AIR_7.AGE--Y30T34__ENVCAUSE--ENVCAUSE113,dcid:SouthEasternAsia,2019,298299.8233
dcs:who/AIR_7.AGE--Y35T39__ENVCAUSE--ENVCAUSE113,dcid:SouthEasternAsia,2019,507367.6579
dcs:who/AIR_7.AGE--Y45T49__ENVCAUSE--ENVCAUSE113,dcid:SouthEasternAsia,2019,1038576.889
dcs:who/AIR_7.AGE--Y_GE80__ENVCAUSE--ENVCAUSE068__SEX--M,dcid:SouthernAsia,2019,17858.06632
dcs:who/AIR_7.ENVCAUSE--ENVCAUSE068__SEX--M,dcid:SouthernAsia,2019,433362.662
dcs:who/AIR_7.AGE--Y75T79__ENVCAUSE--ENVCAUSE068__SEX--M,dcid:SouthernAsia,2019,28984.71331
dcs:who/AIR_7.AGE--Y50T54__ENVCAUSE--ENVCAUSE118__SEX--M,dcid:SouthernAsia,2019,229668.256
dcs:who/AIR_7.AGE--Y70T74__ENVCAUSE--ENVCAUSE114__SEX--M,dcid:SouthernAsia,2019,310649.1198
dcs:who/AIR_7.AGE--Y55T59__ENVCAUSE--ENVCAUSE118__SEX--M,dcid:SouthernAsia,2019,351543.6032
dcs:who/AIR_7.AGE--Y60T64__ENVCAUSE--ENVCAUSE118__SEX--M,dcid:SouthernAsia,2019,490230.3641
dcs:who/AIR_7.AGE--Y45T49__ENVCAUSE--ENVCAUSE118__SEX--M,dcid:SouthernAsia,2019,129672.1045
dcs:who/AIR_7.AGE--Y40T44__ENVCAUSE--ENVCAUSE118__SEX--M,dcid:SouthernAsia,2019,70553.71435
dcs:who/AIR_7.AGE--Y55T59__ENVCAUSE--ENVCAUSE068__SEX--M,dcid:SouthernAsia,2019,72266.86873
dcs:who/AIR_7.AGE--Y45T49__ENVCAUSE--ENVCAUSE039__SEX--M,dcid:SouthernAsia,2019,65502.99235
dcs:who/AIR_7.AGE--Y_GE80__ENVCAUSE--ENVCAUSE113__SEX--M,dcid:SouthernAsia,2019,614997.6689
dcs:who/AIR_7.ENVCAUSE--ENVCAUSE113__SEX--M,dcid:SouthernAsia,2019,8610449.185
dcs:who/AIR_7.AGE--Y65T69__ENVCAUSE--ENVCAUSE068__SEX--M,dcid:SouthernAsia,2019,66295.99818
dcs:who/AIR_7.ENVCAUSE--ENVCAUSE039__SEX--M,dcid:SouthernAsia,2019,3526586.642
dcs:who/AIR_7.AGE--Y70T74__ENVCAUSE--ENVCAUSE118__SEX--M,dcid:SouthernAsia,2019,536056.9387
dcs:who/AIR_7.AGE--Y65T69__ENVCAUSE--ENVCAUSE114__SEX--M,dcid:SouthernAsia,2019,406427.209
dcs:who/AIR_7.AGE--Y55T59__ENVCAUSE--ENVCAUSE114__SEX--M,dcid:SouthernAsia,2019,353356.6038
dcs:who/AIR_7.AGE--Y_GE80__ENVCAUSE--ENVCAUSE118__SEX--M,dcid:SouthernAsia,2019,486346.718
dcs:who/AIR_7.AGE--Y35T39__ENVCAUSE--ENVCAUSE068__SEX--M,dcid:SouthernAsia,2019,10017.05337
dcs:who/AIR_7.AGE--Y45T49__ENVCAUSE--ENVCAUSE114__SEX--M,dcid:SouthernAsia,2019,171669.5493
dcs:who/AIR_7.AGE--Y50T54__ENVCAUSE--ENVCAUSE039__SEX--M,dcid:SouthernAsia,2019,82832.73811
dcs:who/AIR_7.AGE--Y30T34__ENVCAUSE--ENVCAUSE068__SEX--M,dcid:SouthernAsia,2019,6039.63766
dcs:who/AIR_7.AGE--Y70T74__ENVCAUSE--ENVCAUSE068__SEX--M,dcid:SouthernAsia,2019,47194.05779
dcs:who/AIR_7.AGE--Y60T64__ENVCAUSE--ENVCAUSE114__SEX--M,dcid:SouthernAsia,2019,400859.1008
dcs:who/AIR_7.AGE--Y15T19__ENVCAUSE--ENVCAUSE039__SEX--M,dcid:SouthernAsia,2019,34762.48145
dcs:who/AIR_7.ENVCAUSE--ENVCAUSE114__SEX--M,dcid:SouthernAsia,2019,2658911.058
dcs:who/AIR_7.AGE--Y70T74__ENVCAUSE--ENVCAUSE039__SEX--M,dcid:SouthernAsia,2019,157477.1177
dcs:who/AIR_7.AGE--Y50T54__ENVCAUSE--ENVCAUSE114__SEX--M,dcid:SouthernAsia,2019,261440.635
dcs:who/AIR_7.AGE--Y75T79__ENVCAUSE--ENVCAUSE114__SEX--M,dcid:SouthernAsia,2019,233151.4713
dcs:who/AIR_7.AGE--Y25T29__ENVCAUSE--ENVCAUSE068__SEX--M,dcid:SouthernAsia,2019,3492.27973
dcs:who/AIR_7.AGE--Y_GE80__ENVCAUSE--ENVCAUSE039__SEX--M,dcid:SouthernAsia,2019,166970.1239
dcs:who/AIR_7.AGE--Y30T34__ENVCAUSE--ENVCAUSE039__SEX--M,dcid:SouthernAsia,2019,39902.66679
dcs:who/AIR_7.AGE--Y40T44__ENVCAUSE--ENVCAUSE114__SEX--M,dcid:SouthernAsia,2019,119614.4637
dcs:who/AIR_7.AGE--Y35T39__ENVCAUSE--ENVCAUSE114__SEX--M,dcid:SouthernAsia,2019,92161.08355
dcs:who/AIR_7.AGE--Y25T29__ENVCAUSE--ENVCAUSE118__SEX--M,dcid:SouthernAsia,2019,27718.445
dcs:who/AIR_7.AGE--Y30T34__ENVCAUSE--ENVCAUSE118__SEX--M,dcid:SouthernAsia,2019,36078.67797
dcs:who/AIR_7.AGE--Y60T64__ENVCAUSE--ENVCAUSE039__SEX--M,dcid:SouthernAsia,2019,153052.0383
dcs:who/AIR_7.AGE--Y40T44__ENVCAUSE--ENVCAUSE068__SEX--M,dcid:SouthernAsia,2019,17753.93938
dcs:who/AIR_7.AGE--Y60T64__ENVCAUSE--ENVCAUSE068__SEX--M,dcid:SouthernAsia,2019,74008.16269
dcs:who/AIR_7.AGE--Y75T79__ENVCAUSE--ENVCAUSE118__SEX--M,dcid:SouthernAsia,2019,440612.2131
dcs:who/AIR_7.AGE--Y40T44__ENVCAUSE--ENVCAUSE039__SEX--M,dcid:SouthernAsia,2019,51309.8172
dcs:who/AIR_7.AGE--Y0T4__ENVCAUSE--ENVCAUSE039__SEX--M,dcid:SouthernAsia,2019,2098142.831
dcs:who/AIR_7.AGE--Y35T39__ENVCAUSE--ENVCAUSE118__SEX--M,dcid:SouthernAsia,2019,49525.75382
dcs:who/AIR_7.AGE--Y65T69__ENVCAUSE--ENVCAUSE118__SEX--M,dcid:SouthernAsia,2019,581945.9324
dcs:who/AIR_7.AGE--Y5T9__ENVCAUSE--ENVCAUSE039__SEX--M,dcid:SouthernAsia,2019,79045.40848
dcs:who/AIR_7.AGE--Y10T14__ENVCAUSE--ENVCAUSE039__SEX--M,dcid:SouthernAsia,2019,58391.86629
dcs:who/AIR_7.AGE--Y65T69__ENVCAUSE--ENVCAUSE039__SEX--M,dcid:SouthernAsia,2019,168992.8982
dcs:who/AIR_7.AGE--Y35T39__ENVCAUSE--ENVCAUSE039__SEX--M,dcid:SouthernAsia,2019,49991.77079
dcs:who/AIR_7.AGE--Y30T34__ENVCAUSE--ENVCAUSE114__SEX--M,dcid:SouthernAsia,2019,59343.97749
dcs:who/AIR_7.AGE--Y25T29__ENVCAUSE--ENVCAUSE114__SEX--M,dcid:SouthernAsia,2019,37740.35029
dcs:who/AIR_7.AGE--Y55T59__ENVCAUSE--ENVCAUSE039__SEX--M,dcid:SouthernAsia,2019,113247.141
dcs:who/AIR_7.AGE--Y50T54__ENVCAUSE--ENVCAUSE068__SEX--M,dcid:SouthernAsia,2019,53517.85536
dcs:who/AIR_7.AGE--Y20T24__ENVCAUSE--ENVCAUSE039__SEX--M,dcid:SouthernAsia,2019,33805.73281
dcs:who/AIR_7.ENVCAUSE--ENVCAUSE118__SEX--M,dcid:SouthernAsia,2019,3429952.721
dcs:who/AIR_7.AGE--Y25T29__ENVCAUSE--ENVCAUSE039__SEX--M,dcid:SouthernAsia,2019,37711.7711
dcs:who/AIR_7.AGE--Y45T49__ENVCAUSE--ENVCAUSE068__SEX--M,dcid:SouthernAsia,2019,35934.02946
dcs:who/AIR_7.AGE--Y_GE80__ENVCAUSE--ENVCAUSE114__SEX--M,dcid:SouthernAsia,2019,212497.4936
dcs:who/AIR_7.AGE--Y75T79__ENVCAUSE--ENVCAUSE039__SEX--M,dcid:SouthernAsia,2019,135447.2462
dcs:who/AIR_7.AGE--Y15T19__ENVCAUSE--ENVCAUSE039__SEX--F,dcid:SouthernAsia,2019,32894.63659
dcs:who/AIR_7.AGE--Y70T74__ENVCAUSE--ENVCAUSE113__SEX--M,dcid:SouthernAsia,2019,777609.8604
dcs:who/AIR_7.AGE--Y75T79__ENVCAUSE--ENVCAUSE118__SEX--F,dcid:SouthernAsia,2019,345353.2493
dcs:who/AIR_7.AGE--Y60T64__ENVCAUSE--ENVCAUSE039__SEX--F,dcid:SouthernAsia,2019,143977.0417
dcs:who/AIR_7.AGE--Y55T59__ENVCAUSE--ENVCAUSE118__SEX--F,dcid:SouthernAsia,2019,215267.1046
dcs:who/AIR_7.AGE--Y70T74__ENVCAUSE--ENVCAUSE068__SEX--F,dcid:SouthernAsia,2019,17832.05605
dcs:who/AIR_7.AGE--Y50T54__ENVCAUSE--ENVCAUSE118__SEX--F,dcid:SouthernAsia,2019,161719.2954
dcs:who/AIR_7.AGE--Y10T14__ENVCAUSE--ENVCAUSE039__SEX--F,dcid:SouthernAsia,2019,63324.28806
dcs:who/AIR_7.AGE--Y65T69__ENVCAUSE--ENVCAUSE113__SEX--M,dcid:SouthernAsia,2019,1039746.401
dcs:who/AIR_7.SEX--M,dcid:SouthernAsia,2019,18659262.27
dcs:who/AIR_7.AGE--Y25T29__ENVCAUSE--ENVCAUSE039__SEX--F,dcid:SouthernAsia,2019,34725.51007
dcs:who/AIR_7.AGE--Y40T44__ENVCAUSE--ENVCAUSE039__SEX--F,dcid:SouthernAsia,2019,44692.13618
dcs:who/AIR_7.AGE--Y35T39__ENVCAUSE--ENVCAUSE113__SEX--M,dcid:SouthernAsia,2019,413862.5519
dcs:who/AIR_7.AGE--Y50T54__ENVCAUSE--ENVCAUSE113__SEX--M,dcid:SouthernAsia,2019,1016747.386
dcs:who/AIR_7.ENVCAUSE--ENVCAUSE039__SEX--F,dcid:SouthernAsia,2019,3161138.007
dcs:who/AIR_7.AGE--Y5T9__ENVCAUSE--ENVCAUSE039__SEX--F,dcid:SouthernAsia,2019,100159.4082
dcs:who/AIR_7.AGE--Y75T79__ENVCAUSE--ENVCAUSE068__SEX--F,dcid:SouthernAsia,2019,11577.51666
dcs:who/AIR_7.AGE--Y45T49__ENVCAUSE--ENVCAUSE068__SEX--F,dcid:SouthernAsia,2019,15829.68472
dcs:who/AIR_7.AGE--Y35T39__ENVCAUSE--ENVCAUSE118__SEX--F,dcid:SouthernAsia,2019,38487.3877
dcs:who/AIR_7.AGE--Y75T79__ENVCAUSE--ENVCAUSE039__SEX--F,dcid:SouthernAsia,2019,133500.8895
dcs:who/AIR_7.AGE--Y45T49__ENVCAUSE--ENVCAUSE118__SEX--F,dcid:SouthernAsia,2019,87175.41484
dcs:who/AIR_7.AGE--Y35T39__ENVCAUSE--ENVCAUSE039__SEX--F,dcid:SouthernAsia,2019,43743.42337
dcs:who/AIR_7.ENVCAUSE--ENVCAUSE114__SEX--F,dcid:SouthernAsia,2019,2383398.513
dcs:who/AIR_7.AGE--Y60T64__ENVCAUSE--ENVCAUSE118__SEX--F,dcid:SouthernAsia,2019,320704.1864
dcs:who/AIR_7.AGE--Y45T49__ENVCAUSE--ENVCAUSE113__SEX--M,dcid:SouthernAsia,2019,799211.1853
dcs:who/AIR_7.AGE--Y35T39__ENVCAUSE--ENVCAUSE068__SEX--F,dcid:SouthernAsia,2019,6943.86509
dcs:who/AIR_7.AGE--Y_GE80__ENVCAUSE--ENVCAUSE039__SEX--F,dcid:SouthernAsia,2019,172604.5966
dcs:who/AIR_7.AGE--Y65T69__ENVCAUSE--ENVCAUSE039__SEX--F,dcid:SouthernAsia,2019,177526.7077
dcs:who/AIR_7.AGE--Y30T34__ENVCAUSE--ENVCAUSE068__SEX--F,dcid:SouthernAsia,2019,4144.74518
dcs:who/AIR_7.AGE--Y40T44__ENVCAUSE--ENVCAUSE113__SEX--M,dcid:SouthernAsia,2019,547710.2755
dcs:who/AIR_7.AGE--Y65T69__ENVCAUSE--ENVCAUSE118__SEX--F,dcid:SouthernAsia,2019,384897.4005
dcs:who/AIR_7.AGE--Y25T29__ENVCAUSE--ENVCAUSE118__SEX--F,dcid:SouthernAsia,2019,24376.46376
dcs:who/AIR_7.AGE--Y55T59__ENVCAUSE--ENVCAUSE039__SEX--F,dcid:SouthernAsia,2019,94480.82561
dcs:who/AIR_7.AGE--Y30T34__ENVCAUSE--ENVCAUSE113__SEX--M,dcid:SouthernAsia,2019,259619.3058
dcs:who/AIR_7.AGE--Y70T74__ENVCAUSE--ENVCAUSE039__SEX--F,dcid:SouthernAsia,2019,174684.1242
dcs:who/AIR_7.AGE--Y_GE80__ENVCAUSE--ENVCAUSE068__SEX--F,dcid:SouthernAsia,2019,9089.32524
dcs:who/AIR_7.AGE--Y30T34__ENVCAUSE--ENVCAUSE039__SEX--F,dcid:SouthernAsia,2019,29557.04996
dcs:who/AIR_7.AGE--Y40T44__ENVCAUSE--ENVCAUSE118__SEX--F,dcid:SouthernAsia,2019,51104.72842
dcs:who/AIR_7.AGE--Y75T79__ENVCAUSE--ENVCAUSE114__SEX--F,dcid:SouthernAsia,2019,244307.717
dcs:who/AIR_7.AGE--Y75T79__ENVCAUSE--ENVCAUSE113__SEX--M,dcid:SouthernAsia,2019,573358.2425
dcs:who/AIR_7.AGE--Y_GE80__ENVCAUSE--ENVCAUSE118__SEX--F,dcid:SouthernAsia,2019,470067.9231
dcs:who/AIR_7.AGE--Y60T64__ENVCAUSE--ENVCAUSE068__SEX--F,dcid:SouthernAsia,2019,25745.24778
dcs:who/AIR_7.AGE--Y55T59__ENVCAUSE--ENVCAUSE113__SEX--M,dcid:SouthernAsia,2019,1254895.188
dcs:who/AIR_7.AGE--Y_GE80__ENVCAUSE--ENVCAUSE114__SEX--F,dcid:SouthernAsia,2019,244187.2968
dcs:who/AIR_7.AGE--Y70T74__ENVCAUSE--ENVCAUSE118__SEX--F,dcid:SouthernAsia,2019,410405.2015
dcs:who/AIR_7.AGE--Y40T44__ENVCAUSE--ENVCAUSE068__SEX--F,dcid:SouthernAsia,2019,11789.22052
dcs:who/AIR_7.ENVCAUSE--ENVCAUSE068__SEX--F,dcid:SouthernAsia,2019,175920.4733
dcs:who/AIR_7.AGE--Y55T59__ENVCAUSE--ENVCAUSE068__SEX--F,dcid:SouthernAsia,2019,24576.2558
dcs:who/AIR_7.AGE--Y50T54__ENVCAUSE--ENVCAUSE068__SEX--F,dcid:SouthernAsia,2019,24280.25552
dcs:who/AIR_7.ENVCAUSE--ENVCAUSE118__SEX--F,dcid:SouthernAsia,2019,2540533.789
dcs:who/AIR_7.AGE--Y20T24__ENVCAUSE--ENVCAUSE039__SEX--F,dcid:SouthernAsia,2019,31568.65003
dcs:who/AIR_7.AGE--Y60T64__ENVCAUSE--ENVCAUSE113__SEX--M,dcid:SouthernAsia,2019,1177461.018
dcs:who/AIR_7.AGE--Y0T4__ENVCAUSE--ENVCAUSE039__SEX--F,dcid:SouthernAsia,2019,1755150.995
dcs:who/AIR_7.AGE--Y25T29__ENVCAUSE--ENVCAUSE068__SEX--F,dcid:SouthernAsia,2019,2134.93151
dcs:who/AIR_7.AGE--Y50T54__ENVCAUSE--ENVCAUSE039__SEX--F,dcid:SouthernAsia,2019,82112.21309
dcs:who/AIR_7.AGE--Y30T34__ENVCAUSE--ENVCAUSE118__SEX--F,dcid:SouthernAsia,2019,30975.43322
dcs:who/AIR_7.AGE--Y65T69__ENVCAUSE--ENVCAUSE068__SEX--F,dcid:SouthernAsia,2019,21977.36922
dcs:who/AIR_7.AGE--Y25T29__ENVCAUSE--ENVCAUSE113__SEX--M,dcid:SouthernAsia,2019,135230.1014
dcs:who/AIR_7.AGE--Y45T49__ENVCAUSE--ENVCAUSE039__SEX--F,dcid:SouthernAsia,2019,46435.51181
dcs:who/AIR_7.ENVCAUSE--ENVCAUSE039,dcid:SouthernAsia,2019,6687724.649
dcs:who/AIR_7.AGE--Y50T54__ENVCAUSE--ENVCAUSE039,dcid:SouthernAsia,2019,164944.9512
dcs:who/AIR_7.AGE--Y75T79__ENVCAUSE--ENVCAUSE039,dcid:SouthernAsia,2019,268948.1358
dcs:who/AIR_7.AGE--Y25T29__ENVCAUSE--ENVCAUSE068,dcid:SouthernAsia,2019,5627.21123
dcs:who/AIR_7.AGE--Y55T59__ENVCAUSE--ENVCAUSE113__SEX--F,dcid:SouthernAsia,2019,600918.8831
dcs:who/AIR_7.AGE--Y60T64__ENVCAUSE--ENVCAUSE114__SEX--F,dcid:SouthernAsia,2019,350077.9355
dcs:who/AIR_7.ENVCAUSE--ENVCAUSE068,dcid:SouthernAsia,2019,609283.1353
dcs:who/AIR_7.AGE--Y25T29__ENVCAUSE--ENVCAUSE113__SEX--F,dcid:SouthernAsia,2019,66779.35127
dcs:who/AIR_7.AGE--Y20T24__ENVCAUSE--ENVCAUSE039,dcid:SouthernAsia,2019,65374.38285
dcs:who/AIR_7.AGE--Y40T44__ENVCAUSE--ENVCAUSE113__SEX--F,dcid:SouthernAsia,2019,249163.2545
dcs:who/AIR_7.AGE--Y_GE80__ENVCAUSE--ENVCAUSE113__SEX--F,dcid:SouthernAsia,2019,544626.3713
dcs:who/AIR_7.AGE--Y55T59__ENVCAUSE--ENVCAUSE039,dcid:SouthernAsia,2019,207727.9666
dcs:who/AIR_7.AGE--Y25T29__ENVCAUSE--ENVCAUSE114__SEX--F,dcid:SouthernAsia,2019,32787.05004
dcs:who/AIR_7.ENVCAUSE--ENVCAUSE113__SEX--F,dcid:SouthernAsia,2019,4957052.283
dcs:who/AIR_7.AGE--Y40T44__ENVCAUSE--ENVCAUSE039,dcid:SouthernAsia,2019,96001.95338
dcs:who/AIR_7.AGE--Y65T69__ENVCAUSE--ENVCAUSE068,dcid:SouthernAsia,2019,88273.3674
dcs:who/AIR_7.AGE--Y50T54__ENVCAUSE--ENVCAUSE114__SEX--F,dcid:SouthernAsia,2019,232751.0599
dcs:who/AIR_7.AGE--Y70T74__ENVCAUSE--ENVCAUSE113__SEX--F,dcid:SouthernAsia,2019,581614.7993
dcs:who/AIR_7.AGE--Y30T34__ENVCAUSE--ENVCAUSE113__SEX--F,dcid:SouthernAsia,2019,99748.55118
dcs:who/AIR_7.AGE--Y65T69__ENVCAUSE--ENVCAUSE113__SEX--F,dcid:SouthernAsia,2019,666201.7234
dcs:who/AIR_7.AGE--Y40T44__ENVCAUSE--ENVCAUSE114__SEX--F,dcid:SouthernAsia,2019,97662.86035
dcs:who/AIR_7.AGE--Y45T49__ENVCAUSE--ENVCAUSE068,dcid:SouthernAsia,2019,51763.71418
dcs:who/AIR_7.AGE--Y35T39__ENVCAUSE--ENVCAUSE113__SEX--F,dcid:SouthernAsia,2019,164399.9022
dcs:who/AIR_7.SEX--F,dcid:SouthernAsia,2019,13218043.07
dcs:who/AIR_7.AGE--Y40T44__ENVCAUSE--ENVCAUSE068,dcid:SouthernAsia,2019,29543.1599
dcs:who/AIR_7.AGE--Y75T79__ENVCAUSE--ENVCAUSE113__SEX--F,dcid:SouthernAsia,2019,480049.5969
dcs:who/AIR_7.AGE--Y60T64__ENVCAUSE--ENVCAUSE039,dcid:SouthernAsia,2019,297029.08
dcs:who/AIR_7.AGE--Y70T74__ENVCAUSE--ENVCAUSE039,dcid:SouthernAsia,2019,332161.2419
dcs:who/AIR_7.AGE--Y_GE80__ENVCAUSE--ENVCAUSE039,dcid:SouthernAsia,2019,339574.7205
dcs:who/AIR_7.AGE--Y15T19__ENVCAUSE--ENVCAUSE039,dcid:SouthernAsia,2019,67657.11804
dcs:who/AIR_7.AGE--Y_GE80__ENVCAUSE--ENVCAUSE068,dcid:SouthernAsia,2019,26947.39156
dcs:who/AIR_7.AGE--Y25T29__ENVCAUSE--ENVCAUSE039,dcid:SouthernAsia,2019,72437.28117
dcs:who/AIR_7.AGE--Y35T39__ENVCAUSE--ENVCAUSE039,dcid:SouthernAsia,2019,93735.19416
dcs:who/AIR_7.AGE--Y30T34__ENVCAUSE--ENVCAUSE068,dcid:SouthernAsia,2019,10184.38284
dcs:who/AIR_7.AGE--Y60T64__ENVCAUSE--ENVCAUSE113__SEX--F,dcid:SouthernAsia,2019,668777.6447
dcs:who/AIR_7.AGE--Y45T49__ENVCAUSE--ENVCAUSE114__SEX--F,dcid:SouthernAsia,2019,140087.5447
dcs:who/AIR_7.AGE--Y55T59__ENVCAUSE--ENVCAUSE068,dcid:SouthernAsia,2019,96843.12453
dcs:who/AIR_7.AGE--Y30T34__ENVCAUSE--ENVCAUSE114__SEX--F,dcid:SouthernAsia,2019,43337.96741
dcs:who/AIR_7.AGE--Y70T74__ENVCAUSE--ENVCAUSE068,dcid:SouthernAsia,2019,65026.11384
dcs:who/AIR_7.AGE--Y50T54__ENVCAUSE--ENVCAUSE068,dcid:SouthernAsia,2019,77798.11088
dcs:who/AIR_7.AGE--Y75T79__ENVCAUSE--ENVCAUSE068,dcid:SouthernAsia,2019,40562.22997
dcs:who/AIR_7.AGE--Y10T14__ENVCAUSE--ENVCAUSE039,dcid:SouthernAsia,2019,121716.1543
dcs:who/AIR_7.AGE--Y70T74__ENVCAUSE--ENVCAUSE114__SEX--F,dcid:SouthernAsia,2019,302964.6987
dcs:who/AIR_7.AGE--Y35T39__ENVCAUSE--ENVCAUSE114__SEX--F,dcid:SouthernAsia,2019,65962.69339
dcs:who/AIR_7.AGE--Y55T59__ENVCAUSE--ENVCAUSE114__SEX--F,dcid:SouthernAsia,2019,274707.0343
dcs:who/AIR_7.AGE--Y45T49__ENVCAUSE--ENVCAUSE113__SEX--F,dcid:SouthernAsia,2019,326727.6277
dcs:who/AIR_7.AGE--Y65T69__ENVCAUSE--ENVCAUSE039,dcid:SouthernAsia,2019,346519.6059
dcs:who/AIR_7.AGE--Y50T54__ENVCAUSE--ENVCAUSE113__SEX--F,dcid:SouthernAsia,2019,508044.5776
dcs:who/AIR_7.AGE--Y45T49__ENVCAUSE--ENVCAUSE039,dcid:SouthernAsia,2019,111938.5042
dcs:who/AIR_7.AGE--Y30T34__ENVCAUSE--ENVCAUSE039,dcid:SouthernAsia,2019,69459.71675
dcs:who/AIR_7.AGE--Y5T9__ENVCAUSE--ENVCAUSE039,dcid:SouthernAsia,2019,179204.8167
dcs:who/AIR_7.AGE--Y35T39__ENVCAUSE--ENVCAUSE068,dcid:SouthernAsia,2019,16960.91847
dcs:who/AIR_7.AGE--Y0T4__ENVCAUSE--ENVCAUSE039,dcid:SouthernAsia,2019,3853293.826
dcs:who/AIR_7.AGE--Y65T69__ENVCAUSE--ENVCAUSE114__SEX--F,dcid:SouthernAsia,2019,354564.6549
dcs:who/AIR_7.AGE--Y60T64__ENVCAUSE--ENVCAUSE068,dcid:SouthernAsia,2019,99753.41047
dcs:who/AIR_7.AGE--Y65T69__ENVCAUSE--ENVCAUSE118,dcid:SouthernAsia,2019,966843.333
dcs:who/AIR_7.AGE--Y35T39__ENVCAUSE--ENVCAUSE118,dcid:SouthernAsia,2019,88013.14152
dcs:who/AIR_7.AGE--Y35T39__ENVCAUSE--ENVCAUSE113,dcid:SouthernAsia,2019,578262.454
dcs:who/AIR_7.AGE--Y75T79__ENVCAUSE--ENVCAUSE118,dcid:SouthernAsia,2019,785965.4623
dcs:who/AIR_7.ENVCAUSE--ENVCAUSE118,dcid:SouthernAsia,2019,5970486.51
dcs:who/AIR_7,dcid:SouthernAsia,2019,31877305.33
dcs:who/AIR_7.AGE--Y30T34__ENVCAUSE--ENVCAUSE113,dcid:SouthernAsia,2019,359367.857
dcs:who/AIR_7.AGE--Y25T29__ENVCAUSE--ENVCAUSE113,dcid:SouthernAsia,2019,202009.4526
dcs:who/AIR_7.AGE--Y75T79__ENVCAUSE--ENVCAUSE114,dcid:SouthernAsia,2019,477459.1884
dcs:who/AIR_7.AGE--Y55T59__ENVCAUSE--ENVCAUSE118,dcid:SouthernAsia,2019,566810.7078
dcs:who/AIR_7.AGE--Y50T54__ENVCAUSE--ENVCAUSE113,dcid:SouthernAsia,2019,1524791.964
dcs:who/AIR_7.AGE--Y50T54__ENVCAUSE--ENVCAUSE114,dcid:SouthernAsia,2019,494191.6949
dcs:who/AIR_7.AGE--Y45T49__ENVCAUSE--ENVCAUSE113,dcid:SouthernAsia,2019,1125938.813
dcs:who/AIR_7.AGE--Y45T49__ENVCAUSE--ENVCAUSE114,dcid:SouthernAsia,2019,311757.094
dcs:who/AIR_7.AGE--Y70T74__ENVCAUSE--ENVCAUSE118,dcid:SouthernAsia,2019,946462.1402
dcs:who/AIR_7.AGE--Y70T74__ENVCAUSE--ENVCAUSE113,dcid:SouthernAsia,2019,1359224.66
dcs:who/AIR_7.AGE--Y55T59__ENVCAUSE--ENVCAUSE113,dcid:SouthernAsia,2019,1855814.071
dcs:who/AIR_7.AGE--Y45T49__ENVCAUSE--ENVCAUSE118,dcid:SouthernAsia,2019,216847.5193
dcs:who/AIR_7.AGE--Y70T74__ENVCAUSE--ENVCAUSE114,dcid:SouthernAsia,2019,613613.8185
dcs:who/AIR_7.AGE--Y60T64__ENVCAUSE--ENVCAUSE114,dcid:SouthernAsia,2019,750937.0363
dcs:who/AIR_7.AGE--Y_GE80__ENVCAUSE--ENVCAUSE114,dcid:SouthernAsia,2019,456684.7905
dcs:who/AIR_7.AGE--Y_GE80__ENVCAUSE--ENVCAUSE118,dcid:SouthernAsia,2019,956414.6411
dcs:who/AIR_7.AGE--Y30T34__ENVCAUSE--ENVCAUSE118,dcid:SouthernAsia,2019,67054.11119
dcs:who/AIR_7.AGE--Y65T69__ENVCAUSE--ENVCAUSE113,dcid:SouthernAsia,2019,1705948.125
dcs:who/AIR_7.AGE--Y40T44__ENVCAUSE--ENVCAUSE113,dcid:SouthernAsia,2019,796873.53
dcs:who/AIR_7.AGE--Y65T69__ENVCAUSE--ENVCAUSE114,dcid:SouthernAsia,2019,760991.8639
dcs:who/AIR_7.AGE--Y25T29__ENVCAUSE--ENVCAUSE114,dcid:SouthernAsia,2019,70527.40033
dcs:who/AIR_7.AGE--Y30T34__ENVCAUSE--ENVCAUSE114,dcid:SouthernAsia,2019,102681.9449
dcs:who/AIR_7.AGE--Y60T64__ENVCAUSE--ENVCAUSE113,dcid:SouthernAsia,2019,1846238.663
dcs:who/AIR_7.AGE--Y_GE80__ENVCAUSE--ENVCAUSE113,dcid:SouthernAsia,2019,1159624.04
dcs:who/AIR_7.AGE--Y35T39__ENVCAUSE--ENVCAUSE114,dcid:SouthernAsia,2019,158123.7769
dcs:who/AIR_7.AGE--Y50T54__ENVCAUSE--ENVCAUSE118,dcid:SouthernAsia,2019,391387.5514
dcs:who/AIR_7.AGE--Y25T29__ENVCAUSE--ENVCAUSE118,dcid:SouthernAsia,2019,52094.90876
dcs:who/AIR_7.AGE--Y40T44__ENVCAUSE--ENVCAUSE118,dcid:SouthernAsia,2019,121658.4428
dcs:who/AIR_7.AGE--Y40T44__ENVCAUSE--ENVCAUSE114,dcid:SouthernAsia,2019,217277.324
dcs:who/AIR_7.AGE--Y60T64__ENVCAUSE--ENVCAUSE118,dcid:SouthernAsia,2019,810934.5504
dcs:who/AIR_7.ENVCAUSE--ENVCAUSE114,dcid:SouthernAsia,2019,5042309.571
dcs:who/AIR_7.AGE--Y75T79__ENVCAUSE--ENVCAUSE113,dcid:SouthernAsia,2019,1053407.839
dcs:who/AIR_7.AGE--Y55T59__ENVCAUSE--ENVCAUSE114,dcid:SouthernAsia,2019,628063.6382
dcs:who/AIR_7.ENVCAUSE--ENVCAUSE113,dcid:SouthernAsia,2019,13567501.47
dcs:who/AIR_7.AGE--Y35T39__ENVCAUSE--ENVCAUSE068__SEX--M,dcid:SubSaharanAfrica,2019,1143.71592
dcs:who/AIR_7.ENVCAUSE--ENVCAUSE068__SEX--M,dcid:SubSaharanAfrica,2019,37313.99872
dcs:who/AIR_7.AGE--Y15T19__ENVCAUSE--ENVCAUSE039__SEX--M,dcid:SubSaharanAfrica,2019,44039.44584
dcs:who/AIR_7.AGE--Y45T49__ENVCAUSE--ENVCAUSE118__SEX--M,dcid:SubSaharanAfrica,2019,19125.51076
dcs:who/AIR_7.AGE--Y70T74__ENVCAUSE--ENVCAUSE118__SEX--M,dcid:SubSaharanAfrica,2019,46414.24135
dcs:who/AIR_7.AGE--Y45T49__ENVCAUSE--ENVCAUSE039__SEX--M,dcid:SubSaharanAfrica,2019,92472.05684
dcs:who/AIR_7.AGE--Y60T64__ENVCAUSE--ENVCAUSE068__SEX--M,dcid:SubSaharanAfrica,2019,5620.19376
dcs:who/AIR_7.AGE--Y50T54__ENVCAUSE--ENVCAUSE118__SEX--M,dcid:SubSaharanAfrica,2019,27405.47973
dcs:who/AIR_7.ENVCAUSE--ENVCAUSE118__SEX--M,dcid:SubSaharanAfrica,2019,310478.4845
dcs:who/AIR_7.AGE--Y60T64__ENVCAUSE--ENVCAUSE118__SEX--M,dcid:SubSaharanAfrica,2019,42089.76855
dcs:who/AIR_7.AGE--Y_GE80__ENVCAUSE--ENVCAUSE068__SEX--M,dcid:SubSaharanAfrica,2019,1032.90684
dcs:who/AIR_7.AGE--Y75T79__ENVCAUSE--ENVCAUSE118__SEX--M,dcid:SubSaharanAfrica,2019,29259.17936
dcs:who/AIR_7.AGE--Y30T34__ENVCAUSE--ENVCAUSE039__SEX--M,dcid:SubSaharanAfrica,2019,59973.75665
dcs:who/AIR_7.AGE--Y40T44__ENVCAUSE--ENVCAUSE039__SEX--M,dcid:SubSaharanAfrica,2019,74901.43207
dcs:who/AIR_7.AGE--Y35T39__ENVCAUSE--ENVCAUSE039__SEX--M,dcid:SubSaharanAfrica,2019,68230.66202
dcs:who/AIR_7.AGE--Y40T44__ENVCAUSE--ENVCAUSE118__SEX--M,dcid:SubSaharanAfrica,2019,14616.50456
dcs:who/AIR_7.AGE--Y25T29__ENVCAUSE--ENVCAUSE039__SEX--M,dcid:SubSaharanAfrica,2019,54033.69975
dcs:who/AIR_7.AGE--Y65T69__ENVCAUSE--ENVCAUSE039__SEX--M,dcid:SubSaharanAfrica,2019,113309.722
dcs:who/AIR_7.AGE--Y5T9__ENVCAUSE--ENVCAUSE039__SEX--M,dcid:SubSaharanAfrica,2019,231406.9981
dcs:who/AIR_7.AGE--Y50T54__ENVCAUSE--ENVCAUSE039__SEX--M,dcid:SubSaharanAfrica,2019,96312.29745
dcs:who/AIR_7.AGE--Y75T79__ENVCAUSE--ENVCAUSE039__SEX--M,dcid:SubSaharanAfrica,2019,73301.09602
dcs:who/AIR_7.AGE--Y35T39__ENVCAUSE--ENVCAUSE118__SEX--M,dcid:SubSaharanAfrica,2019,10863.81823
dcs:who/AIR_7.AGE--Y55T59__ENVCAUSE--ENVCAUSE039__SEX--M,dcid:SubSaharanAfrica,2019,111670.6058
dcs:who/AIR_7.AGE--Y_GE80__ENVCAUSE--ENVCAUSE039__SEX--M,dcid:SubSaharanAfrica,2019,58061.74151
dcs:who/AIR_7.AGE--Y0T4__ENVCAUSE--ENVCAUSE039__SEX--M,dcid:SubSaharanAfrica,2019,4219149.392
dcs:who/AIR_7.AGE--Y25T29__ENVCAUSE--ENVCAUSE068__SEX--M,dcid:SubSaharanAfrica,2019,318.21382
dcs:who/AIR_7.ENVCAUSE--ENVCAUSE039__SEX--M,dcid:SubSaharanAfrica,2019,5688997.73
dcs:who/AIR_7.AGE--Y70T74__ENVCAUSE--ENVCAUSE039__SEX--M,dcid:SubSaharanAfrica,2019,103757.8063
dcs:who/AIR_7.AGE--Y65T69__ENVCAUSE--ENVCAUSE068__SEX--M,dcid:SubSaharanAfrica,2019,4563.54184
dcs:who/AIR_7.AGE--Y70T74__ENVCAUSE--ENVCAUSE068__SEX--M,dcid:SubSaharanAfrica,2019,3166.38508
dcs:who/AIR_7.AGE--Y60T64__ENVCAUSE--ENVCAUSE039__SEX--M,dcid:SubSaharanAfrica,2019,120306.1375
dcs:who/AIR_7.AGE--Y30T34__ENVCAUSE--ENVCAUSE068__SEX--M,dcid:SubSaharanAfrica,2019,656.86013
dcs:who/AIR_7.AGE--Y75T79__ENVCAUSE--ENVCAUSE068__SEX--M,dcid:SubSaharanAfrica,2019,1877.16878
dcs:who/AIR_7.AGE--Y40T44__ENVCAUSE--ENVCAUSE068__SEX--M,dcid:SubSaharanAfrica,2019,2729.78035
dcs:who/AIR_7.AGE--Y10T14__ENVCAUSE--ENVCAUSE039__SEX--M,dcid:SubSaharanAfrica,2019,121592.5486
dcs:who/AIR_7.AGE--Y45T49__ENVCAUSE--ENVCAUSE068__SEX--M,dcid:SubSaharanAfrica,2019,4497.31427
dcs:who/AIR_7.AGE--Y55T59__ENVCAUSE--ENVCAUSE068__SEX--M,dcid:SubSaharanAfrica,2019,6043.66493
dcs:who/AIR_7.AGE--Y65T69__ENVCAUSE--ENVCAUSE118__SEX--M,dcid:SubSaharanAfrica,2019,45243.38531
dcs:who/AIR_7.AGE--Y20T24__ENVCAUSE--ENVCAUSE039__SEX--M,dcid:SubSaharanAfrica,2019,46478.33215
dcs:who/AIR_7.AGE--Y50T54__ENVCAUSE--ENVCAUSE068__SEX--M,dcid:SubSaharanAfrica,2019,5664.25301
dcs:who/AIR_7.AGE--Y_GE80__ENVCAUSE--ENVCAUSE118__SEX--M,dcid:SubSaharanAfrica,2019,21917.7633
dcs:who/AIR_7.AGE--Y55T59__ENVCAUSE--ENVCAUSE118__SEX--M,dcid:SubSaharanAfrica,2019,33673.3774
dcs:who/AIR_7.AGE--Y65T69__ENVCAUSE--ENVCAUSE039__SEX--F,dcid:SubSaharanAfrica,2019,84005.40023
dcs:who/AIR_7.AGE--Y_GE80__ENVCAUSE--ENVCAUSE113__SEX--M,dcid:SubSaharanAfrica,2019,65996.72279
dcs:who/AIR_7.AGE--Y75T79__ENVCAUSE--ENVCAUSE068__SEX--F,dcid:SubSaharanAfrica,2019,1136.88483
dcs:who/AIR_7.AGE--Y35T39__ENVCAUSE--ENVCAUSE113__SEX--M,dcid:SubSaharanAfrica,2019,48375.56798
dcs:who/AIR_7.AGE--Y30T34__ENVCAUSE--ENVCAUSE068__SEX--F,dcid:SubSaharanAfrica,2019,448.22922
dcs:who/AIR_7.AGE--Y30T34__ENVCAUSE--ENVCAUSE118__SEX--M,dcid:SubSaharanAfrica,2019,10813.67745
dcs:who/AIR_7.ENVCAUSE--ENVCAUSE113__SEX--M,dcid:SubSaharanAfrica,2019,1196781.78
dcs:who/AIR_7.AGE--Y75T79__ENVCAUSE--ENVCAUSE039__SEX--F,dcid:SubSaharanAfrica,2019,68996.49678
dcs:who/AIR_7.AGE--Y50T54__ENVCAUSE--ENVCAUSE113__SEX--M,dcid:SubSaharanAfrica,2019,133284.2519
dcs:who/AIR_7.AGE--Y65T69__ENVCAUSE--ENVCAUSE114__SEX--M,dcid:SubSaharanAfrica,2019,111404.3155
dcs:who/AIR_7.SEX--M,dcid:SubSaharanAfrica,2019,8028970.629
dcs:who/AIR_7.AGE--Y30T34__ENVCAUSE--ENVCAUSE114__SEX--M,dcid:SubSaharanAfrica,2019,22036.42197
dcs:who/AIR_7.AGE--Y70T74__ENVCAUSE--ENVCAUSE039__SEX--F,dcid:SubSaharanAfrica,2019,88272.43941
dcs:who/AIR_7.AGE--Y65T69__ENVCAUSE--ENVCAUSE068__SEX--F,dcid:SubSaharanAfrica,2019,2492.9003
dcs:who/AIR_7.AGE--Y_GE80__ENVCAUSE--ENVCAUSE039__SEX--F,dcid:SubSaharanAfrica,2019,65110.77258
dcs:who/AIR_7.AGE--Y50T54__ENVCAUSE--ENVCAUSE068__SEX--F,dcid:SubSaharanAfrica,2019,3085.37638
dcs:who/AIR_7.AGE--Y40T44__ENVCAUSE--ENVCAUSE114__SEX--M,dcid:SubSaharanAfrica,2019,50891.77828
dcs:who/AIR_7.AGE--Y55T59__ENVCAUSE--ENVCAUSE114__SEX--M,dcid:SubSaharanAfrica,2019,97593.78793
dcs:who/AIR_7.AGE--Y45T49__ENVCAUSE--ENVCAUSE039__SEX--F,dcid:SubSaharanAfrica,2019,45509.32516
dcs:who/AIR_7.AGE--Y40T44__ENVCAUSE--ENVCAUSE068__SEX--F,dcid:SubSaharanAfrica,2019,1750.4961
dcs:who/AIR_7.AGE--Y35T39__ENVCAUSE--ENVCAUSE114__SEX--M,dcid:SubSaharanAfrica,2019,29105.91037
dcs:who/AIR_7.AGE--Y_GE80__ENVCAUSE--ENVCAUSE068__SEX--F,dcid:SubSaharanAfrica,2019,765.11185
dcs:who/AIR_7.AGE--Y65T69__ENVCAUSE--ENVCAUSE113__SEX--M,dcid:SubSaharanAfrica,2019,168209.3411
dcs:who/AIR_7.AGE--Y70T74__ENVCAUSE--ENVCAUSE068__SEX--F,dcid:SubSaharanAfrica,2019,1820.34053
dcs:who/AIR_7.AGE--Y45T49__ENVCAUSE--ENVCAUSE113__SEX--M,dcid:SubSaharanAfrica,2019,104694.4527
dcs:who/AIR_7.AGE--Y60T64__ENVCAUSE--ENVCAUSE068__SEX--F,dcid:SubSaharanAfrica,2019,3331.60249
dcs:who/AIR_7.AGE--Y45T49__ENVCAUSE--ENVCAUSE114__SEX--M,dcid:SubSaharanAfrica,2019,63030.64596
dcs:who/AIR_7.AGE--Y60T64__ENVCAUSE--ENVCAUSE039__SEX--F,dcid:SubSaharanAfrica,2019,79686.4978
dcs:who/AIR_7.AGE--Y50T54__ENVCAUSE--ENVCAUSE114__SEX--M,dcid:SubSaharanAfrica,2019,86293.69288
dcs:who/AIR_7.AGE--Y75T79__ENVCAUSE--ENVCAUSE114__SEX--M,dcid:SubSaharanAfrica,2019,61156.2078
dcs:who/AIR_7.AGE--Y75T79__ENVCAUSE--ENVCAUSE113__SEX--M,dcid:SubSaharanAfrica,2019,88039.27256
dcs:who/AIR_7.AGE--Y25T29__ENVCAUSE--ENVCAUSE068__SEX--F,dcid:SubSaharanAfrica,2019,239.98806
dcs:who/AIR_7.AGE--Y35T39__ENVCAUSE--ENVCAUSE068__SEX--F,dcid:SubSaharanAfrica,2019,1062.40488
dcs:who/AIR_7.AGE--Y50T54__ENVCAUSE--ENVCAUSE039__SEX--F,dcid:SubSaharanAfrica,2019,63515.04496
dcs:who/AIR_7.AGE--Y40T44__ENVCAUSE--ENVCAUSE113__SEX--M,dcid:SubSaharanAfrica,2019,69504.60849
dcs:who/AIR_7.AGE--Y55T59__ENVCAUSE--ENVCAUSE068__SEX--F,dcid:SubSaharanAfrica,2019,3239.41018
dcs:who/AIR_7.AGE--Y70T74__ENVCAUSE--ENVCAUSE114__SEX--M,dcid:SubSaharanAfrica,2019,91039.64314
dcs:who/AIR_7.AGE--Y_GE80__ENVCAUSE--ENVCAUSE114__SEX--M,dcid:SubSaharanAfrica,2019,42659.67324
dcs:who/AIR_7.AGE--Y55T59__ENVCAUSE--ENVCAUSE039__SEX--F,dcid:SubSaharanAfrica,2019,69436.06606
dcs:who/AIR_7.AGE--Y25T29__ENVCAUSE--ENVCAUSE118__SEX--M,dcid:SubSaharanAfrica,2019,9055.77846
dcs:who/AIR_7.ENVCAUSE--ENVCAUSE068__SEX--F,dcid:SubSaharanAfrica,2019,22023.91173
dcs:who/AIR_7.AGE--Y30T34__ENVCAUSE--ENVCAUSE113__SEX--M,dcid:SubSaharanAfrica,2019,29104.34937
dcs:who/AIR_7.AGE--Y25T29__ENVCAUSE--ENVCAUSE114__SEX--M,dcid:SubSaharanAfrica,2019,18253.31491
dcs:who/AIR_7.ENVCAUSE--ENVCAUSE114__SEX--M,dcid:SubSaharanAfrica,2019,795398.635
dcs:who/AIR_7.AGE--Y60T64__ENVCAUSE--ENVCAUSE113__SEX--M,dcid:SubSaharanAfrica,2019,171369.7841
dcs:who/AIR_7.AGE--Y70T74__ENVCAUSE--ENVCAUSE113__SEX--M,dcid:SubSaharanAfrica,2019,144318.2417
dcs:who/AIR_7.AGE--Y45T49__ENVCAUSE--ENVCAUSE068__SEX--F,dcid:SubSaharanAfrica,2019,2651.16695
dcs:who/AIR_7.AGE--Y55T59__ENVCAUSE--ENVCAUSE113__SEX--M,dcid:SubSaharanAfrica,2019,159061.933
dcs:who/AIR_7.AGE--Y25T29__ENVCAUSE--ENVCAUSE113__SEX--M,dcid:SubSaharanAfrica,2019,14823.25454
dcs:who/AIR_7.ENVCAUSE--ENVCAUSE039__SEX--F,dcid:SubSaharanAfrica,2019,4378590.44
dcs:who/AIR_7.AGE--Y40T44__ENVCAUSE--ENVCAUSE039__SEX--F,dcid:SubSaharanAfrica,2019,47896.55157
dcs:who/AIR_7.AGE--Y60T64__ENVCAUSE--ENVCAUSE114__SEX--M,dcid:SubSaharanAfrica,2019,121933.243
dcs:who/AIR_7.AGE--Y30T34__ENVCAUSE--ENVCAUSE039__SEX--F,dcid:SubSaharanAfrica,2019,48242.96487
dcs:who/AIR_7.AGE--Y5T9__ENVCAUSE--ENVCAUSE039__SEX--F,dcid:SubSaharanAfrica,2019,254724.0411
dcs:who/AIR_7.AGE--Y60T64__ENVCAUSE--ENVCAUSE113__SEX--F,dcid:SubSaharanAfrica,2019,119320.8088
dcs:who/AIR_7.AGE--Y60T64__ENVCAUSE--ENVCAUSE118__SEX--F,dcid:SubSaharanAfrica,2019,30541.79612
dcs:who/AIR_7.AGE--Y40T44__ENVCAUSE--ENVCAUSE118__SEX--F,dcid:SubSaharanAfrica,2019,10565.73212
dcs:who/AIR_7.AGE--Y70T74__ENVCAUSE--ENVCAUSE113__SEX--F,dcid:SubSaharanAfrica,2019,146635.6045
dcs:who/AIR_7.AGE--Y30T34__ENVCAUSE--ENVCAUSE068,dcid:SubSaharanAfrica,2019,1105.08935
dcs:who/AIR_7.AGE--Y35T39__ENVCAUSE--ENVCAUSE114__SEX--F,dcid:SubSaharanAfrica,2019,27380.13391
dcs:who/AIR_7.AGE--Y15T19__ENVCAUSE--ENVCAUSE039__SEX--F,dcid:SubSaharanAfrica,2019,37348.62936
dcs:who/AIR_7.AGE--Y65T69__ENVCAUSE--ENVCAUSE113__SEX--F,dcid:SubSaharanAfrica,2019,141656.8729
dcs:who/AIR_7.AGE--Y25T29__ENVCAUSE--ENVCAUSE039__SEX--F,dcid:SubSaharanAfrica,2019,44448.20137
dcs:who/AIR_7.AGE--Y_GE80__ENVCAUSE--ENVCAUSE113__SEX--F,dcid:SubSaharanAfrica,2019,96424.20376
dcs:who/AIR_7.AGE--Y25T29__ENVCAUSE--ENVCAUSE114__SEX--F,dcid:SubSaharanAfrica,2019,13231.79758
dcs:who/AIR_7.AGE--Y75T79__ENVCAUSE--ENVCAUSE118__SEX--F,dcid:SubSaharanAfrica,2019,23919.96868
dcs:who/AIR_7.AGE--Y_GE80__ENVCAUSE--ENVCAUSE039,dcid:SubSaharanAfrica,2019,123172.5141
dcs:who/AIR_7.AGE--Y65T69__ENVCAUSE--ENVCAUSE114__SEX--F,dcid:SubSaharanAfrica,2019,108544.7747
dcs:who/AIR_7.AGE--Y40T44__ENVCAUSE--ENVCAUSE068,dcid:SubSaharanAfrica,2019,4480.27644
dcs:who/AIR_7.AGE--Y55T59__ENVCAUSE--ENVCAUSE068,dcid:SubSaharanAfrica,2019,9283.0751
dcs:who/AIR_7.AGE--Y25T29__ENVCAUSE--ENVCAUSE118__SEX--F,dcid:SubSaharanAfrica,2019,9005.47619
dcs:who/AIR_7.ENVCAUSE--ENVCAUSE118__SEX--F,dcid:SubSaharanAfrica,2019,242338.9463
dcs:who/AIR_7.AGE--Y45T49__ENVCAUSE--ENVCAUSE114__SEX--F,dcid:SubSaharanAfrica,2019,51619.27621
dcs:who/AIR_7.AGE--Y0T4__ENVCAUSE--ENVCAUSE039__SEX--F,dcid:SubSaharanAfrica,2019,3188971.76
dcs:who/AIR_7.AGE--Y70T74__ENVCAUSE--ENVCAUSE118__SEX--F,dcid:SubSaharanAfrica,2019,32149.97016
dcs:who/AIR_7.AGE--Y10T14__ENVCAUSE--ENVCAUSE039__SEX--F,dcid:SubSaharanAfrica,2019,107806.7449
dcs:who/AIR_7.AGE--Y50T54__ENVCAUSE--ENVCAUSE118__SEX--F,dcid:SubSaharanAfrica,2019,20658.24188
dcs:who/AIR_7.AGE--Y25T29__ENVCAUSE--ENVCAUSE113__SEX--F,dcid:SubSaharanAfrica,2019,6226.92053
dcs:who/AIR_7.AGE--Y45T49__ENVCAUSE--ENVCAUSE113__SEX--F,dcid:SubSaharanAfrica,2019,51288.17719
dcs:who/AIR_7.AGE--Y35T39__ENVCAUSE--ENVCAUSE068,dcid:SubSaharanAfrica,2019,2206.1208
dcs:who/AIR_7.AGE--Y30T34__ENVCAUSE--ENVCAUSE118__SEX--F,dcid:SubSaharanAfrica,2019,10385.62455
dcs:who/AIR_7.AGE--Y35T39__ENVCAUSE--ENVCAUSE113__SEX--F,dcid:SubSaharanAfrica,2019,20341.10022
dcs:who/AIR_7.AGE--Y20T24__ENVCAUSE--ENVCAUSE039__SEX--F,dcid:SubSaharanAfrica,2019,36116.70239
dcs:who/AIR_7.AGE--Y30T34__ENVCAUSE--ENVCAUSE114__SEX--F,dcid:SubSaharanAfrica,2019,19659.16584
dcs:who/AIR_7.AGE--Y70T74__ENVCAUSE--ENVCAUSE068,dcid:SubSaharanAfrica,2019,4986.7256
dcs:who/AIR_7.ENVCAUSE--ENVCAUSE068,dcid:SubSaharanAfrica,2019,59337.91046
dcs:who/AIR_7.AGE--Y50T54__ENVCAUSE--ENVCAUSE113__SEX--F,dcid:SubSaharanAfrica,2019,75913.18116
dcs:who/AIR_7.AGE--Y65T69__ENVCAUSE--ENVCAUSE118__SEX--F,dcid:SubSaharanAfrica,2019,35247.82313
dcs:who/AIR_7.AGE--Y_GE80__ENVCAUSE--ENVCAUSE114__SEX--F,dcid:SubSaharanAfrica,2019,69195.49011
dcs:who/AIR_7.AGE--Y55T59__ENVCAUSE--ENVCAUSE113__SEX--F,dcid:SubSaharanAfrica,2019,92700.51591
dcs:who/AIR_7.AGE--Y75T79__ENVCAUSE--ENVCAUSE114__SEX--F,dcid:SubSaharanAfrica,2019,89013.30662
dcs:who/AIR_7.AGE--Y55T59__ENVCAUSE--ENVCAUSE118__SEX--F,dcid:SubSaharanAfrica,2019,25330.77304
dcs:who/AIR_7.AGE--Y50T54__ENVCAUSE--ENVCAUSE068,dcid:SubSaharanAfrica,2019,8749.62939
dcs:who/AIR_7.AGE--Y35T39__ENVCAUSE--ENVCAUSE039__SEX--F,dcid:SubSaharanAfrica,2019,48502.80128
dcs:who/AIR_7.SEX--F,dcid:SubSaharanAfrica,2019,6342492.447
dcs:who/AIR_7.AGE--Y40T44__ENVCAUSE--ENVCAUSE113__SEX--F,dcid:SubSaharanAfrica,2019,31304.23864
dcs:who/AIR_7.AGE--Y30T34__ENVCAUSE--ENVCAUSE113__SEX--F,dcid:SubSaharanAfrica,2019,14278.0464
dcs:who/AIR_7.AGE--Y50T54__ENVCAUSE--ENVCAUSE114__SEX--F,dcid:SubSaharanAfrica,2019,76370.10581
dcs:who/AIR_7.AGE--Y75T79__ENVCAUSE--ENVCAUSE113__SEX--F,dcid:SubSaharanAfrica,2019,111040.2022
dcs:who/AIR_7.AGE--Y40T44__ENVCAUSE--ENVCAUSE114__SEX--F,dcid:SubSaharanAfrica,2019,38617.47301
dcs:who/AIR_7.AGE--Y60T64__ENVCAUSE--ENVCAUSE114__SEX--F,dcid:SubSaharanAfrica,2019,100928.9024
dcs:who/AIR_7.AGE--Y25T29__ENVCAUSE--ENVCAUSE068,dcid:SubSaharanAfrica,2019,558.20187
dcs:who/AIR_7.AGE--Y_GE80__ENVCAUSE--ENVCAUSE118__SEX--F,dcid:SubSaharanAfrica,2019,18789.36646
dcs:who/AIR_7.AGE--Y45T49__ENVCAUSE--ENVCAUSE118__SEX--F,dcid:SubSaharanAfrica,2019,14858.33097
dcs:who/AIR_7.AGE--Y60T64__ENVCAUSE--ENVCAUSE068,dcid:SubSaharanAfrica,2019,8951.79625
dcs:who/AIR_7.AGE--Y_GE80__ENVCAUSE--ENVCAUSE068,dcid:SubSaharanAfrica,2019,1798.01869
dcs:who/AIR_7.AGE--Y45T49__ENVCAUSE--ENVCAUSE068,dcid:SubSaharanAfrica,2019,7148.48122
dcs:who/AIR_7.ENVCAUSE--ENVCAUSE114__SEX--F,dcid:SubSaharanAfrica,2019,792409.277
dcs:who/AIR_7.AGE--Y55T59__ENVCAUSE--ENVCAUSE114__SEX--F,dcid:SubSaharanAfrica,2019,88131.52688
dcs:who/AIR_7.ENVCAUSE--ENVCAUSE039,dcid:SubSaharanAfrica,2019,10067588.17
dcs:who/AIR_7.AGE--Y65T69__ENVCAUSE--ENVCAUSE068,dcid:SubSaharanAfrica,2019,7056.44214
dcs:who/AIR_7.AGE--Y70T74__ENVCAUSE--ENVCAUSE114__SEX--F,dcid:SubSaharanAfrica,2019,109717.3239
dcs:who/AIR_7.ENVCAUSE--ENVCAUSE113__SEX--F,dcid:SubSaharanAfrica,2019,907129.8721
dcs:who/AIR_7.AGE--Y35T39__ENVCAUSE--ENVCAUSE118__SEX--F,dcid:SubSaharanAfrica,2019,10885.84305
dcs:who/AIR_7.AGE--Y75T79__ENVCAUSE--ENVCAUSE068,dcid:SubSaharanAfrica,2019,3014.0536
dcs:who/AIR_7.AGE--Y60T64__ENVCAUSE--ENVCAUSE113,dcid:SubSaharanAfrica,2019,290690.5928
dcs:who/AIR_7.AGE--Y65T69__ENVCAUSE--ENVCAUSE039,dcid:SubSaharanAfrica,2019,197315.1222
dcs:who/AIR_7.AGE--Y60T64__ENVCAUSE--ENVCAUSE114,dcid:SubSaharanAfrica,2019,222862.1454
dcs:who/AIR_7.AGE--Y50T54__ENVCAUSE--ENVCAUSE113,dcid:SubSaharanAfrica,2019,209197.433
dcs:who/AIR_7.ENVCAUSE--ENVCAUSE113,dcid:SubSaharanAfrica,2019,2103911.652
dcs:who/AIR_7.AGE--Y60T64__ENVCAUSE--ENVCAUSE039,dcid:SubSaharanAfrica,2019,199992.6353
dcs:who/AIR_7.AGE--Y55T59__ENVCAUSE--ENVCAUSE113,dcid:SubSaharanAfrica,2019,251762.4489
dcs:who/AIR_7.AGE--Y45T49__ENVCAUSE--ENVCAUSE113,dcid:SubSaharanAfrica,2019,155982.6299
dcs:who/AIR_7.ENVCAUSE--ENVCAUSE114,dcid:SubSaharanAfrica,2019,1587807.912
dcs:who/AIR_7.AGE--Y45T49__ENVCAUSE--ENVCAUSE039,dcid:SubSaharanAfrica,2019,137981.382
dcs:who/AIR_7.AGE--Y30T34__ENVCAUSE--ENVCAUSE039,dcid:SubSaharanAfrica,2019,108216.7215
dcs:who/AIR_7.AGE--Y75T79__ENVCAUSE--ENVCAUSE118,dcid:SubSaharanAfrica,2019,53179.14804
dcs:who/AIR_7.AGE--Y_GE80__ENVCAUSE--ENVCAUSE118,dcid:SubSaharanAfrica,2019,40707.12976
dcs:who/AIR_7.AGE--Y50T54__ENVCAUSE--ENVCAUSE039,dcid:SubSaharanAfrica,2019,159827.3424
dcs:who/AIR_7.AGE--Y55T59__ENVCAUSE--ENVCAUSE114,dcid:SubSaharanAfrica,2019,185725.3148
dcs:who/AIR_7.AGE--Y70T74__ENVCAUSE--ENVCAUSE118,dcid:SubSaharanAfrica,2019,78564.21151
dcs:who/AIR_7.AGE--Y30T34__ENVCAUSE--ENVCAUSE114,dcid:SubSaharanAfrica,2019,41695.5878
dcs:who/AIR_7.AGE--Y5T9__ENVCAUSE--ENVCAUSE039,dcid:SubSaharanAfrica,2019,486131.0392
dcs:who/AIR_7.ENVCAUSE--ENVCAUSE118,dcid:SubSaharanAfrica,2019,552817.4308
dcs:who/AIR_7.AGE--Y35T39__ENVCAUSE--ENVCAUSE039,dcid:SubSaharanAfrica,2019,116733.4633
dcs:who/AIR_7.AGE--Y20T24__ENVCAUSE--ENVCAUSE039,dcid:SubSaharanAfrica,2019,82595.03454
dcs:who/AIR_7.AGE--Y40T44__ENVCAUSE--ENVCAUSE114,dcid:SubSaharanAfrica,2019,89509.25129
dcs:who/AIR_7.AGE--Y45T49__ENVCAUSE--ENVCAUSE114,dcid:SubSaharanAfrica,2019,114649.9222
dcs:who/AIR_7.AGE--Y10T14__ENVCAUSE--ENVCAUSE039,dcid:SubSaharanAfrica,2019,229399.2935
dcs:who/AIR_7.AGE--Y70T74__ENVCAUSE--ENVCAUSE113,dcid:SubSaharanAfrica,2019,290953.8462
dcs:who/AIR_7.AGE--Y75T79__ENVCAUSE--ENVCAUSE113,dcid:SubSaharanAfrica,2019,199079.4748
dcs:who/AIR_7.AGE--Y55T59__ENVCAUSE--ENVCAUSE118,dcid:SubSaharanAfrica,2019,59004.15043
dcs:who/AIR_7.AGE--Y25T29__ENVCAUSE--ENVCAUSE114,dcid:SubSaharanAfrica,2019,31485.11249
dcs:who/AIR_7.AGE--Y65T69__ENVCAUSE--ENVCAUSE118,dcid:SubSaharanAfrica,2019,80491.20844
dcs:who/AIR_7.AGE--Y35T39__ENVCAUSE--ENVCAUSE118,dcid:SubSaharanAfrica,2019,21749.66128
dcs:who/AIR_7.AGE--Y0T4__ENVCAUSE--ENVCAUSE039,dcid:SubSaharanAfrica,2019,7408121.152
dcs:who/AIR_7.AGE--Y40T44__ENVCAUSE--ENVCAUSE039,dcid:SubSaharanAfrica,2019,122797.9836
dcs:who/AIR_7.AGE--Y25T29__ENVCAUSE--ENVCAUSE039,dcid:SubSaharanAfrica,2019,98481.90111
dcs:who/AIR_7.AGE--Y60T64__ENVCAUSE--ENVCAUSE118,dcid:SubSaharanAfrica,2019,72631.56467
dcs:who/AIR_7.AGE--Y40T44__ENVCAUSE--ENVCAUSE113,dcid:SubSaharanAfrica,2019,100808.8471
dcs:who/AIR_7.AGE--Y35T39__ENVCAUSE--ENVCAUSE113,dcid:SubSaharanAfrica,2019,68716.6682
dcs:who/AIR_7.AGE--Y15T19__ENVCAUSE--ENVCAUSE039,dcid:SubSaharanAfrica,2019,81388.07519
dcs:who/AIR_7.AGE--Y45T49__ENVCAUSE--ENVCAUSE118,dcid:SubSaharanAfrica,2019,33983.84173
dcs:who/AIR_7.AGE--Y65T69__ENVCAUSE--ENVCAUSE113,dcid:SubSaharanAfrica,2019,309866.214
dcs:who/AIR_7.AGE--Y25T29__ENVCAUSE--ENVCAUSE118,dcid:SubSaharanAfrica,2019,18061.25465
dcs:who/AIR_7.AGE--Y30T34__ENVCAUSE--ENVCAUSE113,dcid:SubSaharanAfrica,2019,43382.39578
dcs:who/AIR_7.AGE--Y70T74__ENVCAUSE--ENVCAUSE114,dcid:SubSaharanAfrica,2019,200756.967
dcs:who/AIR_7.AGE--Y50T54__ENVCAUSE--ENVCAUSE118,dcid:SubSaharanAfrica,2019,48063.72161
dcs:who/AIR_7.AGE--Y70T74__ENVCAUSE--ENVCAUSE039,dcid:SubSaharanAfrica,2019,192030.2457
dcs:who/AIR_7.AGE--Y50T54__ENVCAUSE--ENVCAUSE114,dcid:SubSaharanAfrica,2019,162663.7987
dcs:who/AIR_7.AGE--Y40T44__ENVCAUSE--ENVCAUSE118,dcid:SubSaharanAfrica,2019,25182.23668
dcs:who/AIR_7.AGE--Y25T29__ENVCAUSE--ENVCAUSE113,dcid:SubSaharanAfrica,2019,21050.17506
dcs:who/AIR_7.AGE--Y_GE80__ENVCAUSE--ENVCAUSE114,dcid:SubSaharanAfrica,2019,111855.1633
dcs:who/AIR_7.AGE--Y55T59__ENVCAUSE--ENVCAUSE039,dcid:SubSaharanAfrica,2019,181106.6718
dcs:who/AIR_7.AGE--Y75T79__ENVCAUSE--ENVCAUSE039,dcid:SubSaharanAfrica,2019,142297.5928
dcs:who/AIR_7.AGE--Y75T79__ENVCAUSE--ENVCAUSE114,dcid:SubSaharanAfrica,2019,150169.5144
dcs:who/AIR_7,dcid:SubSaharanAfrica,2019,14371463.08
dcs:who/AIR_7.AGE--Y_GE80__ENVCAUSE--ENVCAUSE113,dcid:SubSaharanAfrica,2019,162420.9266
dcs:who/AIR_7.AGE--Y30T34__ENVCAUSE--ENVCAUSE118,dcid:SubSaharanAfrica,2019,21199.302
dcs:who/AIR_7.AGE--Y35T39__ENVCAUSE--ENVCAUSE114,dcid:SubSaharanAfrica,2019,56486.04428
dcs:who/AIR_7.AGE--Y65T69__ENVCAUSE--ENVCAUSE114,dcid:SubSaharanAfrica,2019,219949.0902
dcs:who/AIR_7.AGE--Y75T79__ENVCAUSE--ENVCAUSE068__SEX--M,dcid:WesternAsia,2019,7532.41091
dcs:who/AIR_7.AGE--Y70T74__ENVCAUSE--ENVCAUSE068__SEX--M,dcid:WesternAsia,2019,12709.16218
dcs:who/AIR_7.ENVCAUSE--ENVCAUSE068__SEX--M,dcid:WesternAsia,2019,118275.9057
dcs:who/AIR_7.AGE--Y_GE80__ENVCAUSE--ENVCAUSE068__SEX--M,dcid:WesternAsia,2019,4806.04025
dcs:who/AIR_7.AGE--Y30T34__ENVCAUSE--ENVCAUSE039__SEX--M,dcid:WesternAsia,2019,5319.17228
dcs:who/AIR_7.AGE--Y65T69__ENVCAUSE--ENVCAUSE068__SEX--M,dcid:WesternAsia,2019,18907.95611
dcs:who/AIR_7.AGE--Y75T79__ENVCAUSE--ENVCAUSE114__SEX--M,dcid:WesternAsia,2019,26386.44652
dcs:who/AIR_7.AGE--Y70T74__ENVCAUSE--ENVCAUSE039__SEX--M,dcid:WesternAsia,2019,9204.09915
dcs:who/AIR_7.AGE--Y50T54__ENVCAUSE--ENVCAUSE068__SEX--M,dcid:WesternAsia,2019,15497.33689
dcs:who/AIR_7.AGE--Y_GE80__ENVCAUSE--ENVCAUSE114__SEX--M,dcid:WesternAsia,2019,28575.48813
dcs:who/AIR_7.ENVCAUSE--ENVCAUSE114__SEX--M,dcid:WesternAsia,2019,274750.1679
dcs:who/AIR_7.AGE--Y10T14__ENVCAUSE--ENVCAUSE039__SEX--M,dcid:WesternAsia,2019,6996.70731
dcs:who/AIR_7.AGE--Y35T39__ENVCAUSE--ENVCAUSE114__SEX--M,dcid:WesternAsia,2019,11704.31758
dcs:who/AIR_7.AGE--Y35T39__ENVCAUSE--ENVCAUSE039__SEX--M,dcid:WesternAsia,2019,6649.42322
dcs:who/AIR_7.AGE--Y55T59__ENVCAUSE--ENVCAUSE114__SEX--M,dcid:WesternAsia,2019,30597.17487
dcs:who/AIR_7.AGE--Y30T34__ENVCAUSE--ENVCAUSE118__SEX--M,dcid:WesternAsia,2019,3415.50597
dcs:who/AIR_7.AGE--Y50T54__ENVCAUSE--ENVCAUSE118__SEX--M,dcid:WesternAsia,2019,9916.55202
dcs:who/AIR_7.AGE--Y45T49__ENVCAUSE--ENVCAUSE118__SEX--M,dcid:WesternAsia,2019,7595.96344
dcs:who/AIR_7.AGE--Y60T64__ENVCAUSE--ENVCAUSE039__SEX--M,dcid:WesternAsia,2019,11073.92223
dcs:who/AIR_7.AGE--Y40T44__ENVCAUSE--ENVCAUSE114__SEX--M,dcid:WesternAsia,2019,17169.41116
dcs:who/AIR_7.AGE--Y75T79__ENVCAUSE--ENVCAUSE039__SEX--M,dcid:WesternAsia,2019,8520.45185
dcs:who/AIR_7.AGE--Y25T29__ENVCAUSE--ENVCAUSE039__SEX--M,dcid:WesternAsia,2019,4457.02147
dcs:who/AIR_7.AGE--Y50T54__ENVCAUSE--ENVCAUSE039__SEX--M,dcid:WesternAsia,2019,9229.96393
dcs:who/AIR_7.AGE--Y65T69__ENVCAUSE--ENVCAUSE114__SEX--M,dcid:WesternAsia,2019,33900.279
dcs:who/AIR_7.AGE--Y70T74__ENVCAUSE--ENVCAUSE114__SEX--M,dcid:WesternAsia,2019,28650.31135
dcs:who/AIR_7.AGE--Y40T44__ENVCAUSE--ENVCAUSE068__SEX--M,dcid:WesternAsia,2019,3790.21857
dcs:who/AIR_7.ENVCAUSE--ENVCAUSE118__SEX--M,dcid:WesternAsia,2019,123982.8201
dcs:who/AIR_7.AGE--Y30T34__ENVCAUSE--ENVCAUSE068__SEX--M,dcid:WesternAsia,2019,509.62801
dcs:who/AIR_7.AGE--Y45T49__ENVCAUSE--ENVCAUSE114__SEX--M,dcid:WesternAsia,2019,22813.52164
dcs:who/AIR_7.ENVCAUSE--ENVCAUSE113__SEX--M,dcid:WesternAsia,2019,1038465.714
dcs:who/AIR_7.AGE--Y35T39__ENVCAUSE--ENVCAUSE068__SEX--M,dcid:WesternAsia,2019,1532.66565
dcs:who/AIR_7.AGE--Y_GE80__ENVCAUSE--ENVCAUSE113__SEX--M,dcid:WesternAsia,2019,88868.28588
dcs:who/AIR_7.AGE--Y15T19__ENVCAUSE--ENVCAUSE039__SEX--M,dcid:WesternAsia,2019,3496.75537
dcs:who/AIR_7.AGE--Y55T59__ENVCAUSE--ENVCAUSE039__SEX--M,dcid:WesternAsia,2019,9999.28195
dcs:who/AIR_7.AGE--Y20T24__ENVCAUSE--ENVCAUSE039__SEX--M,dcid:WesternAsia,2019,3821.2749
dcs:who/AIR_7.AGE--Y25T29__ENVCAUSE--ENVCAUSE068__SEX--M,dcid:WesternAsia,2019,333.86209
dcs:who/AIR_7.AGE--Y60T64__ENVCAUSE--ENVCAUSE118__SEX--M,dcid:WesternAsia,2019,15365.81615
dcs:who/AIR_7.AGE--Y5T9__ENVCAUSE--ENVCAUSE039__SEX--M,dcid:WesternAsia,2019,7523.37742
dcs:who/AIR_7.AGE--Y70T74__ENVCAUSE--ENVCAUSE118__SEX--M,dcid:WesternAsia,2019,16220.3494
dcs:who/AIR_7.AGE--Y25T29__ENVCAUSE--ENVCAUSE114__SEX--M,dcid:WesternAsia,2019,6058.79853
dcs:who/AIR_7.ENVCAUSE--ENVCAUSE039__SEX--M,dcid:WesternAsia,2019,283161.1725
dcs:who/AIR_7.AGE--Y40T44__ENVCAUSE--ENVCAUSE118__SEX--M,dcid:WesternAsia,2019,5229.83872
dcs:who/AIR_7.AGE--Y55T59__ENVCAUSE--ENVCAUSE068__SEX--M,dcid:WesternAsia,2019,21254.06326
dcs:who/AIR_7.AGE--Y60T64__ENVCAUSE--ENVCAUSE068__SEX--M,dcid:WesternAsia,2019,22233.71736
dcs:who/AIR_7.AGE--Y40T44__ENVCAUSE--ENVCAUSE039__SEX--M,dcid:WesternAsia,2019,8399.23944
dcs:who/AIR_7.AGE--Y35T39__ENVCAUSE--ENVCAUSE118__SEX--M,dcid:WesternAsia,2019,3787.90847
dcs:who/AIR_7.AGE--Y0T4__ENVCAUSE--ENVCAUSE039__SEX--M,dcid:WesternAsia,2019,158374.8607
dcs:who/AIR_7.AGE--Y75T79__ENVCAUSE--ENVCAUSE118__SEX--M,dcid:WesternAsia,2019,14657.96078
dcs:who/AIR_7.AGE--Y_GE80__ENVCAUSE--ENVCAUSE118__SEX--M,dcid:WesternAsia,2019,16356.37502
dcs:who/AIR_7.AGE--Y65T69__ENVCAUSE--ENVCAUSE039__SEX--M,dcid:WesternAsia,2019,9788.63604
dcs:who/AIR_7.AGE--Y30T34__ENVCAUSE--ENVCAUSE114__SEX--M,dcid:WesternAsia,2019,7953.64877
dcs:who/AIR_7.AGE--Y50T54__ENVCAUSE--ENVCAUSE114__SEX--M,dcid:WesternAsia,2019,26998.88503
dcs:who/AIR_7.AGE--Y55T59__ENVCAUSE--ENVCAUSE118__SEX--M,dcid:WesternAsia,2019,12472.22938
dcs:who/AIR_7.AGE--Y25T29__ENVCAUSE--ENVCAUSE118__SEX--M,dcid:WesternAsia,2019,2474.4198
dcs:who/AIR_7.AGE--Y75T79__ENVCAUSE--ENVCAUSE113__SEX--M,dcid:WesternAsia,2019,77384.04478
dcs:who/AIR_7.AGE--Y_GE80__ENVCAUSE--ENVCAUSE039__SEX--M,dcid:WesternAsia,2019,11419.35428
dcs:who/AIR_7.AGE--Y60T64__ENVCAUSE--ENVCAUSE114__SEX--M,dcid:WesternAsia,2019,33941.88534
dcs:who/AIR_7.AGE--Y65T69__ENVCAUSE--ENVCAUSE118__SEX--M,dcid:WesternAsia,2019,16489.90099
dcs:who/AIR_7.AGE--Y45T49__ENVCAUSE--ENVCAUSE039__SEX--M,dcid:WesternAsia,2019,8887.631
dcs:who/AIR_7.AGE--Y45T49__ENVCAUSE--ENVCAUSE068__SEX--M,dcid:WesternAsia,2019,9168.84443
dcs:who/AIR_7.AGE--Y0T4__ENVCAUSE--ENVCAUSE039__SEX--F,dcid:WesternAsia,2019,121405.8679
dcs:who/AIR_7.AGE--Y15T19__ENVCAUSE--ENVCAUSE039__SEX--F,dcid:WesternAsia,2019,3131.08259
dcs:who/AIR_7.AGE--Y25T29__ENVCAUSE--ENVCAUSE068__SEX--F,dcid:WesternAsia,2019,267.29321
dcs:who/AIR_7.AGE--Y20T24__ENVCAUSE--ENVCAUSE039__SEX--F,dcid:WesternAsia,2019,3499.04325
dcs:who/AIR_7.SEX--M,dcid:WesternAsia,2019,1838635.78
dcs:who/AIR_7.AGE--Y30T34__ENVCAUSE--ENVCAUSE039__SEX--F,dcid:WesternAsia,2019,4628.96383
dcs:who/AIR_7.ENVCAUSE--ENVCAUSE039__SEX--F,dcid:WesternAsia,2019,221044.9852
dcs:who/AIR_7.AGE--Y30T34__ENVCAUSE--ENVCAUSE068__SEX--F,dcid:WesternAsia,2019,402.60594
dcs:who/AIR_7.AGE--Y_GE80__ENVCAUSE--ENVCAUSE068__SEX--F,dcid:WesternAsia,2019,1898.24877
dcs:who/AIR_7.AGE--Y45T49__ENVCAUSE--ENVCAUSE039__SEX--F,dcid:WesternAsia,2019,5567.19953
dcs:who/AIR_7.AGE--Y45T49__ENVCAUSE--ENVCAUSE113__SEX--M,dcid:WesternAsia,2019,101248.5933
dcs:who/AIR_7.AGE--Y25T29__ENVCAUSE--ENVCAUSE113__SEX--M,dcid:WesternAsia,2019,10909.18546
dcs:who/AIR_7.AGE--Y40T44__ENVCAUSE--ENVCAUSE113__SEX--M,dcid:WesternAsia,2019,67475.90877
dcs:who/AIR_7.AGE--Y55T59__ENVCAUSE--ENVCAUSE039__SEX--F,dcid:WesternAsia,2019,5259.71603
dcs:who/AIR_7.AGE--Y60T64__ENVCAUSE--ENVCAUSE118__SEX--F,dcid:WesternAsia,2019,7934.39215
dcs:who/AIR_7.AGE--Y35T39__ENVCAUSE--ENVCAUSE039__SEX--F,dcid:WesternAsia,2019,4740.61596
dcs:who/AIR_7.AGE--Y65T69__ENVCAUSE--ENVCAUSE118__SEX--F,dcid:WesternAsia,2019,9195.1832
dcs:who/AIR_7.AGE--Y55T59__ENVCAUSE--ENVCAUSE068__SEX--F,dcid:WesternAsia,2019,3622.76962
dcs:who/AIR_7.AGE--Y60T64__ENVCAUSE--ENVCAUSE068__SEX--F,dcid:WesternAsia,2019,3927.52519
dcs:who/AIR_7.AGE--Y60T64__ENVCAUSE--ENVCAUSE113__SEX--M,dcid:WesternAsia,2019,141151.2883
dcs:who/AIR_7.ENVCAUSE--ENVCAUSE068__SEX--F,dcid:WesternAsia,2019,25727.82033
dcs:who/AIR_7.AGE--Y50T54__ENVCAUSE--ENVCAUSE068__SEX--F,dcid:WesternAsia,2019,3071.35013
dcs:who/AIR_7.AGE--Y60T64__ENVCAUSE--ENVCAUSE039__SEX--F,dcid:WesternAsia,2019,5865.87219
dcs:who/AIR_7.AGE--Y_GE80__ENVCAUSE--ENVCAUSE039__SEX--F,dcid:WesternAsia,2019,15331.98576
dcs:who/AIR_7.AGE--Y25T29__ENVCAUSE--ENVCAUSE039__SEX--F,dcid:WesternAsia,2019,4019.71556
dcs:who/AIR_7.AGE--Y70T74__ENVCAUSE--ENVCAUSE118__SEX--F,dcid:WesternAsia,2019,9378.80797
dcs:who/AIR_7.AGE--Y50T54__ENVCAUSE--ENVCAUSE039__SEX--F,dcid:WesternAsia,2019,5168.1231
dcs:who/AIR_7.AGE--Y50T54__ENVCAUSE--ENVCAUSE118__SEX--F,dcid:WesternAsia,2019,5678.52924
dcs:who/AIR_7.ENVCAUSE--ENVCAUSE118__SEX--F,dcid:WesternAsia,2019,82072.0273
dcs:who/AIR_7.AGE--Y35T39__ENVCAUSE--ENVCAUSE113__SEX--M,dcid:WesternAsia,2019,38084.18148
dcs:who/AIR_7.AGE--Y30T34__ENVCAUSE--ENVCAUSE113__SEX--M,dcid:WesternAsia,2019,22524.38084
dcs:who/AIR_7.AGE--Y5T9__ENVCAUSE--ENVCAUSE039__SEX--F,dcid:WesternAsia,2019,8925.5197
dcs:who/AIR_7.AGE--Y75T79__ENVCAUSE--ENVCAUSE039__SEX--F,dcid:WesternAsia,2019,7549.69536
dcs:who/AIR_7.AGE--Y70T74__ENVCAUSE--ENVCAUSE039__SEX--F,dcid:WesternAsia,2019,6939.18714
dcs:who/AIR_7.AGE--Y40T44__ENVCAUSE--ENVCAUSE039__SEX--F,dcid:WesternAsia,2019,5559.74246
dcs:who/AIR_7.AGE--Y40T44__ENVCAUSE--ENVCAUSE068__SEX--F,dcid:WesternAsia,2019,1278.78098
dcs:who/AIR_7.AGE--Y65T69__ENVCAUSE--ENVCAUSE113__SEX--M,dcid:WesternAsia,2019,126501.8776
dcs:who/AIR_7.AGE--Y_GE80__ENVCAUSE--ENVCAUSE118__SEX--F,dcid:WesternAsia,2019,17314.3655
dcs:who/AIR_7.AGE--Y75T79__ENVCAUSE--ENVCAUSE068__SEX--F,dcid:WesternAsia,2019,1975.36176
dcs:who/AIR_7.AGE--Y70T74__ENVCAUSE--ENVCAUSE113__SEX--M,dcid:WesternAsia,2019,95807.29592
dcs:who/AIR_7.AGE--Y50T54__ENVCAUSE--ENVCAUSE113__SEX--M,dcid:WesternAsia,2019,126123.6369
dcs:who/AIR_7.AGE--Y10T14__ENVCAUSE--ENVCAUSE039__SEX--F,dcid:WesternAsia,2019,6730.30883
dcs:who/AIR_7.AGE--Y55T59__ENVCAUSE--ENVCAUSE118__SEX--F,dcid:WesternAsia,2019,6906.78676
dcs:who/AIR_7.AGE--Y35T39__ENVCAUSE--ENVCAUSE068__SEX--F,dcid:WesternAsia,2019,709.72582
dcs:who/AIR_7.AGE--Y70T74__ENVCAUSE--ENVCAUSE068__SEX--F,dcid:WesternAsia,2019,2767.05172
dcs:who/AIR_7.AGE--Y75T79__ENVCAUSE--ENVCAUSE118__SEX--F,dcid:WesternAsia,2019,9909.39755
dcs:who/AIR_7.AGE--Y55T59__ENVCAUSE--ENVCAUSE113__SEX--M,dcid:WesternAsia,2019,142387.0344
dcs:who/AIR_7.AGE--Y65T69__ENVCAUSE--ENVCAUSE068__SEX--F,dcid:WesternAsia,2019,3738.65064
dcs:who/AIR_7.AGE--Y65T69__ENVCAUSE--ENVCAUSE039__SEX--F,dcid:WesternAsia,2019,6722.346
dcs:who/AIR_7.AGE--Y45T49__ENVCAUSE--ENVCAUSE068__SEX--F,dcid:WesternAsia,2019,2068.45657
dcs:who/AIR_7.AGE--Y75T79__ENVCAUSE--ENVCAUSE068,dcid:WesternAsia,2019,9507.77267
dcs:who/AIR_7.AGE--Y45T49__ENVCAUSE--ENVCAUSE068,dcid:WesternAsia,2019,11237.301
dcs:who/AIR_7.AGE--Y40T44__ENVCAUSE--ENVCAUSE114__SEX--F,dcid:WesternAsia,2019,13738.12241
dcs:who/AIR_7.AGE--Y70T74__ENVCAUSE--ENVCAUSE114__SEX--F,dcid:WesternAsia,2019,30595.53837
dcs:who/AIR_7.ENVCAUSE--ENVCAUSE114__SEX--F,dcid:WesternAsia,2019,266028.0935
dcs:who/AIR_7.AGE--Y30T34__ENVCAUSE--ENVCAUSE118__SEX--F,dcid:WesternAsia,2019,2587.07456
dcs:who/AIR_7.AGE--Y35T39__ENVCAUSE--ENVCAUSE068,dcid:WesternAsia,2019,2242.39148
dcs:who/AIR_7.AGE--Y25T29__ENVCAUSE--ENVCAUSE118__SEX--F,dcid:WesternAsia,2019,1967.26554
dcs:who/AIR_7.AGE--Y25T29__ENVCAUSE--ENVCAUSE068,dcid:WesternAsia,2019,601.1553
dcs:who/AIR_7.AGE--Y75T79__ENVCAUSE--ENVCAUSE114__SEX--F,dcid:WesternAsia,2019,33304.37753
dcs:who/AIR_7.AGE--Y25T29__ENVCAUSE--ENVCAUSE114__SEX--F,dcid:WesternAsia,2019,4614.46425
dcs:who/AIR_7.AGE--Y60T64__ENVCAUSE--ENVCAUSE068,dcid:WesternAsia,2019,26161.24254
dcs:who/AIR_7.AGE--Y_GE80__ENVCAUSE--ENVCAUSE113__SEX--F,dcid:WesternAsia,2019,137701.0503
dcs:who/AIR_7.AGE--Y60T64__ENVCAUSE--ENVCAUSE113__SEX--F,dcid:WesternAsia,2019,67431.42102
dcs:who/AIR_7.AGE--Y55T59__ENVCAUSE--ENVCAUSE068,dcid:WesternAsia,2019,24876.83287
dcs:who/AIR_7.AGE--Y55T59__ENVCAUSE--ENVCAUSE114__SEX--F,dcid:WesternAsia,2019,22292.06163
dcs:who/AIR_7.AGE--Y55T59__ENVCAUSE--ENVCAUSE113__SEX--F,dcid:WesternAsia,2019,53754.31212
dcs:who/AIR_7.AGE--Y60T64__ENVCAUSE--ENVCAUSE114__SEX--F,dcid:WesternAsia,2019,26211.38615
dcs:who/AIR_7.AGE--Y_GE80__ENVCAUSE--ENVCAUSE068,dcid:WesternAsia,2019,6704.28902
dcs:who/AIR_7.AGE--Y65T69__ENVCAUSE--ENVCAUSE068,dcid:WesternAsia,2019,22646.60674
dcs:who/AIR_7.ENVCAUSE--ENVCAUSE068,dcid:WesternAsia,2019,144003.726
dcs:who/AIR_7.AGE--Y30T34__ENVCAUSE--ENVCAUSE114__SEX--F,dcid:WesternAsia,2019,6378.32174
dcs:who/AIR_7.AGE--Y40T44__ENVCAUSE--ENVCAUSE113__SEX--F,dcid:WesternAsia,2019,21039.84003
dcs:who/AIR_7.AGE--Y35T39__ENVCAUSE--ENVCAUSE118__SEX--F,dcid:WesternAsia,2019,3136.85775
dcs:who/AIR_7.AGE--Y70T74__ENVCAUSE--ENVCAUSE068,dcid:WesternAsia,2019,15476.2139
dcs:who/AIR_7.AGE--Y25T29__ENVCAUSE--ENVCAUSE113__SEX--F,dcid:WesternAsia,2019,5389.7113
dcs:who/AIR_7.ENVCAUSE--ENVCAUSE039,dcid:WesternAsia,2019,504206.1577
dcs:who/AIR_7.AGE--Y50T54__ENVCAUSE--ENVCAUSE068,dcid:WesternAsia,2019,18568.68701
dcs:who/AIR_7.AGE--Y35T39__ENVCAUSE--ENVCAUSE113__SEX--F,dcid:WesternAsia,2019,13120.15379
dcs:who/AIR_7.AGE--Y70T74__ENVCAUSE--ENVCAUSE113__SEX--F,dcid:WesternAsia,2019,72914.49609
dcs:who/AIR_7.AGE--Y30T34__ENVCAUSE--ENVCAUSE113__SEX--F,dcid:WesternAsia,2019,10189.85832
dcs:who/AIR_7.AGE--Y65T69__ENVCAUSE--ENVCAUSE113__SEX--F,dcid:WesternAsia,2019,79668.1516
dcs:who/AIR_7.AGE--Y45T49__ENVCAUSE--ENVCAUSE118__SEX--F,dcid:WesternAsia,2019,4552.8073
dcs:who/AIR_7.AGE--Y50T54__ENVCAUSE--ENVCAUSE113__SEX--F,dcid:WesternAsia,2019,43817.15364
dcs:who/AIR_7.AGE--Y45T49__ENVCAUSE--ENVCAUSE114__SEX--F,dcid:WesternAsia,2019,16212.13981
dcs:who/AIR_7.ENVCAUSE--ENVCAUSE113__SEX--F,dcid:WesternAsia,2019,616241.4871
dcs:who/AIR_7.AGE--Y35T39__ENVCAUSE--ENVCAUSE114__SEX--F,dcid:WesternAsia,2019,9572.24768
dcs:who/AIR_7.AGE--Y_GE80__ENVCAUSE--ENVCAUSE039,dcid:WesternAsia,2019,26751.34004
dcs:who/AIR_7.AGE--Y_GE80__ENVCAUSE--ENVCAUSE114__SEX--F,dcid:WesternAsia,2019,52593.89846
dcs:who/AIR_7.AGE--Y65T69__ENVCAUSE--ENVCAUSE114__SEX--F,dcid:WesternAsia,2019,31354.30867
dcs:who/AIR_7.SEX--F,dcid:WesternAsia,2019,1211114.413
dcs:who/AIR_7.AGE--Y50T54__ENVCAUSE--ENVCAUSE114__SEX--F,dcid:WesternAsia,2019,19161.22676
dcs:who/AIR_7.AGE--Y45T49__ENVCAUSE--ENVCAUSE113__SEX--F,dcid:WesternAsia,2019,34098.56851
dcs:who/AIR_7.AGE--Y30T34__ENVCAUSE--ENVCAUSE068,dcid:WesternAsia,2019,912.23395
dcs:who/AIR_7.AGE--Y40T44__ENVCAUSE--ENVCAUSE118__SEX--F,dcid:WesternAsia,2019,3510.55977
dcs:who/AIR_7.AGE--Y75T79__ENVCAUSE--ENVCAUSE113__SEX--F,dcid:WesternAsia,2019,77116.77043
dcs:who/AIR_7.AGE--Y40T44__ENVCAUSE--ENVCAUSE068,dcid:WesternAsia,2019,5068.99955
dcs:who/AIR_7.AGE--Y50T54__ENVCAUSE--ENVCAUSE113,dcid:WesternAsia,2019,169940.7906
dcs:who/AIR_7.AGE--Y40T44__ENVCAUSE--ENVCAUSE114,dcid:WesternAsia,2019,30907.53357
dcs:who/AIR_7.AGE--Y35T39__ENVCAUSE--ENVCAUSE118,dcid:WesternAsia,2019,6924.76622
dcs:who/AIR_7.AGE--Y40T44__ENVCAUSE--ENVCAUSE118,dcid:WesternAsia,2019,8740.39849
dcs:who/AIR_7.AGE--Y45T49__ENVCAUSE--ENVCAUSE118,dcid:WesternAsia,2019,12148.77074
dcs:who/AIR_7.AGE--Y50T54__ENVCAUSE--ENVCAUSE039,dcid:WesternAsia,2019,14398.08703
dcs:who/AIR_7.AGE--Y70T74__ENVCAUSE--ENVCAUSE118,dcid:WesternAsia,2019,25599.15737
dcs:who/AIR_7.AGE--Y55T59__ENVCAUSE--ENVCAUSE113,dcid:WesternAsia,2019,196141.3465
dcs:who/AIR_7.AGE--Y35T39__ENVCAUSE--ENVCAUSE039,dcid:WesternAsia,2019,11390.03918
dcs:who/AIR_7.AGE--Y65T69__ENVCAUSE--ENVCAUSE039,dcid:WesternAsia,2019,16510.98204
dcs:who/AIR_7.AGE--Y65T69__ENVCAUSE--ENVCAUSE113,dcid:WesternAsia,2019,206170.0292
dcs:who/AIR_7.AGE--Y70T74__ENVCAUSE--ENVCAUSE114,dcid:WesternAsia,2019,59245.84972
dcs:who/AIR_7.AGE--Y70T74__ENVCAUSE--ENVCAUSE113,dcid:WesternAsia,2019,168721.792
dcs:who/AIR_7.AGE--Y_GE80__ENVCAUSE--ENVCAUSE114,dcid:WesternAsia,2019,81169.38659
dcs:who/AIR_7.AGE--Y_GE80__ENVCAUSE--ENVCAUSE113,dcid:WesternAsia,2019,226569.3362
dcs:who/AIR_7.AGE--Y45T49__ENVCAUSE--ENVCAUSE113,dcid:WesternAsia,2019,135347.1618
dcs:who/AIR_7.AGE--Y10T14__ENVCAUSE--ENVCAUSE039,dcid:WesternAsia,2019,13727.01614
dcs:who/AIR_7.AGE--Y25T29__ENVCAUSE--ENVCAUSE118,dcid:WesternAsia,2019,4441.68533
dcs:who/AIR_7.AGE--Y40T44__ENVCAUSE--ENVCAUSE113,dcid:WesternAsia,2019,88515.7488
dcs:who/AIR_7.AGE--Y0T4__ENVCAUSE--ENVCAUSE039,dcid:WesternAsia,2019,279780.7286
dcs:who/AIR_7.AGE--Y15T19__ENVCAUSE--ENVCAUSE039,dcid:WesternAsia,2019,6627.83796
dcs:who/AIR_7.AGE--Y60T64__ENVCAUSE--ENVCAUSE118,dcid:WesternAsia,2019,23300.2083
dcs:who/AIR_7.ENVCAUSE--ENVCAUSE114,dcid:WesternAsia,2019,540778.2614
dcs:who/AIR_7.AGE--Y25T29__ENVCAUSE--ENVCAUSE114,dcid:WesternAsia,2019,10673.26278
dcs:who/AIR_7.AGE--Y45T49__ENVCAUSE--ENVCAUSE114,dcid:WesternAsia,2019,39025.66146
dcs:who/AIR_7.AGE--Y30T34__ENVCAUSE--ENVCAUSE118,dcid:WesternAsia,2019,6002.58053
dcs:who/AIR_7.AGE--Y35T39__ENVCAUSE--ENVCAUSE113,dcid:WesternAsia,2019,51204.33527
dcs:who/AIR_7.AGE--Y55T59__ENVCAUSE--ENVCAUSE118,dcid:WesternAsia,2019,19379.01615
dcs:who/AIR_7.AGE--Y60T64__ENVCAUSE--ENVCAUSE114,dcid:WesternAsia,2019,60153.27149
dcs:who/AIR_7.AGE--Y30T34__ENVCAUSE--ENVCAUSE114,dcid:WesternAsia,2019,14331.97051
dcs:who/AIR_7.AGE--Y75T79__ENVCAUSE--ENVCAUSE113,dcid:WesternAsia,2019,154500.8152
dcs:who/AIR_7.AGE--Y75T79__ENVCAUSE--ENVCAUSE039,dcid:WesternAsia,2019,16070.14721
dcs:who/AIR_7.AGE--Y55T59__ENVCAUSE--ENVCAUSE039,dcid:WesternAsia,2019,15258.99798
dcs:who/AIR_7.AGE--Y60T64__ENVCAUSE--ENVCAUSE113,dcid:WesternAsia,2019,208582.7093
dcs:who/AIR_7.AGE--Y50T54__ENVCAUSE--ENVCAUSE118,dcid:WesternAsia,2019,15595.08126
dcs:who/AIR_7.AGE--Y35T39__ENVCAUSE--ENVCAUSE114,dcid:WesternAsia,2019,21276.56526
dcs:who/AIR_7.AGE--Y55T59__ENVCAUSE--ENVCAUSE114,dcid:WesternAsia,2019,52889.2365
dcs:who/AIR_7.AGE--Y70T74__ENVCAUSE--ENVCAUSE039,dcid:WesternAsia,2019,16143.28629
dcs:who/AIR_7.AGE--Y25T29__ENVCAUSE--ENVCAUSE039,dcid:WesternAsia,2019,8476.73704
dcs:who/AIR_7.AGE--Y30T34__ENVCAUSE--ENVCAUSE113,dcid:WesternAsia,2019,32714.23915
dcs:who/AIR_7.AGE--Y50T54__ENVCAUSE--ENVCAUSE114,dcid:WesternAsia,2019,46160.11179
dcs:who/AIR_7.AGE--Y75T79__ENVCAUSE--ENVCAUSE118,dcid:WesternAsia,2019,24567.35833
dcs:who/AIR_7.AGE--Y5T9__ENVCAUSE--ENVCAUSE039,dcid:WesternAsia,2019,16448.89713
dcs:who/AIR_7.AGE--Y75T79__ENVCAUSE--ENVCAUSE114,dcid:WesternAsia,2019,59690.82406
dcs:who/AIR_7.AGE--Y60T64__ENVCAUSE--ENVCAUSE039,dcid:WesternAsia,2019,16939.79442
dcs:who/AIR_7.ENVCAUSE--ENVCAUSE118,dcid:WesternAsia,2019,206054.8474
dcs:who/AIR_7.AGE--Y40T44__ENVCAUSE--ENVCAUSE039,dcid:WesternAsia,2019,13958.9819
dcs:who/AIR_7.AGE--Y65T69__ENVCAUSE--ENVCAUSE118,dcid:WesternAsia,2019,25685.08419
dcs:who/AIR_7.AGE--Y_GE80__ENVCAUSE--ENVCAUSE118,dcid:WesternAsia,2019,33670.74052
dcs:who/AIR_7.ENVCAUSE--ENVCAUSE113,dcid:WesternAsia,2019,1654707.201
dcs:who/AIR_7.AGE--Y45T49__ENVCAUSE--ENVCAUSE039,dcid:WesternAsia,2019,14454.83053
dcs:who/AIR_7.AGE--Y30T34__ENVCAUSE--ENVCAUSE039,dcid:WesternAsia,2019,9948.13611
dcs:who/AIR_7.AGE--Y65T69__ENVCAUSE--ENVCAUSE114,dcid:WesternAsia,2019,65254.58766
dcs:who/AIR_7.AGE--Y20T24__ENVCAUSE--ENVCAUSE039,dcid:WesternAsia,2019,7320.31815
dcs:who/AIR_7,dcid:WesternAsia,2019,3049750.193
dcs:who/AIR_7.AGE--Y25T29__ENVCAUSE--ENVCAUSE113,dcid:WesternAsia,2019,16298.89676
dcs:who/AIR_7.AGE--Y0T4__ENVCAUSE--ENVCAUSE039__SEX--M,dcid:africa,2019,4171762.205
dcs:who/AIR_7.AGE--Y5T9__ENVCAUSE--ENVCAUSE039__SEX--M,dcid:africa,2019,227497.7553
dcs:who/AIR_7.AGE--Y30T34__ENVCAUSE--ENVCAUSE118__SEX--M,dcid:africa,2019,11045.95788
dcs:who/AIR_7.ENVCAUSE--ENVCAUSE114__SEX--M,dcid:africa,2019,809253.3021
dcs:who/AIR_7.AGE--Y_GE80__ENVCAUSE--ENVCAUSE114__SEX--M,dcid:africa,2019,49616.63921
dcs:who/AIR_7.AGE--Y75T79__ENVCAUSE--ENVCAUSE114__SEX--M,dcid:africa,2019,63679.89097
dcs:who/AIR_7.AGE--Y55T59__ENVCAUSE--ENVCAUSE068__SEX--M,dcid:africa,2019,7627.83741
dcs:who/AIR_7.ENVCAUSE--ENVCAUSE068__SEX--M,dcid:africa,2019,46141.70864
dcs:who/AIR_7.AGE--Y15T19__ENVCAUSE--ENVCAUSE039__SEX--M,dcid:africa,2019,43262.97416
dcs:who/AIR_7.AGE--Y30T34__ENVCAUSE--ENVCAUSE068__SEX--M,dcid:africa,2019,751.07597
dcs:who/AIR_7.AGE--Y45T49__ENVCAUSE--ENVCAUSE039__SEX--M,dcid:africa,2019,91321.33419
dcs:who/AIR_7.AGE--Y60T64__ENVCAUSE--ENVCAUSE068__SEX--M,dcid:africa,2019,7322.38171
dcs:who/AIR_7.AGE--Y25T29__ENVCAUSE--ENVCAUSE039__SEX--M,dcid:africa,2019,53496.67816
dcs:who/AIR_7.AGE--Y45T49__ENVCAUSE--ENVCAUSE118__SEX--M,dcid:africa,2019,19372.70975
dcs:who/AIR_7.ENVCAUSE--ENVCAUSE118__SEX--M,dcid:africa,2019,316231.6704
dcs:who/AIR_7.AGE--Y_GE80__ENVCAUSE--ENVCAUSE039__SEX--M,dcid:africa,2019,59791.76544
dcs:who/AIR_7.AGE--Y20T24__ENVCAUSE--ENVCAUSE039__SEX--M,dcid:africa,2019,45851.53992
dcs:who/AIR_7.ENVCAUSE--ENVCAUSE039__SEX--M,dcid:africa,2019,5626788.561
dcs:who/AIR_7.AGE--Y70T74__ENVCAUSE--ENVCAUSE039__SEX--M,dcid:africa,2019,102851.3374
dcs:who/AIR_7.AGE--Y60T64__ENVCAUSE--ENVCAUSE039__SEX--M,dcid:africa,2019,118891.1582
dcs:who/AIR_7.AGE--Y50T54__ENVCAUSE--ENVCAUSE039__SEX--M,dcid:africa,2019,95030.32035
dcs:who/AIR_7.AGE--Y40T44__ENVCAUSE--ENVCAUSE068__SEX--M,dcid:africa,2019,2958.63158
dcs:who/AIR_7.AGE--Y70T74__ENVCAUSE--ENVCAUSE068__SEX--M,dcid:africa,2019,3996.7771
dcs:who/AIR_7.AGE--Y75T79__ENVCAUSE--ENVCAUSE039__SEX--M,dcid:africa,2019,73047.7648
dcs:who/AIR_7.AGE--Y50T54__ENVCAUSE--ENVCAUSE118__SEX--M,dcid:africa,2019,27695.76791
dcs:who/AIR_7.AGE--Y35T39__ENVCAUSE--ENVCAUSE039__SEX--M,dcid:africa,2019,67833.66936
dcs:who/AIR_7.AGE--Y70T74__ENVCAUSE--ENVCAUSE114__SEX--M,dcid:africa,2019,92545.33437
dcs:who/AIR_7.AGE--Y25T29__ENVCAUSE--ENVCAUSE068__SEX--M,dcid:africa,2019,356.01181
dcs:who/AIR_7.AGE--Y60T64__ENVCAUSE--ENVCAUSE118__SEX--M,dcid:africa,2019,42418.8328
dcs:who/AIR_7.AGE--Y65T69__ENVCAUSE--ENVCAUSE039__SEX--M,dcid:africa,2019,112160.3525
dcs:who/AIR_7.AGE--Y35T39__ENVCAUSE--ENVCAUSE118__SEX--M,dcid:africa,2019,11145.32283
dcs:who/AIR_7.AGE--Y70T74__ENVCAUSE--ENVCAUSE118__SEX--M,dcid:africa,2019,46706.42593
dcs:who/AIR_7.AGE--Y45T49__ENVCAUSE--ENVCAUSE068__SEX--M,dcid:africa,2019,5179.60565
dcs:who/AIR_7.AGE--Y25T29__ENVCAUSE--ENVCAUSE118__SEX--M,dcid:africa,2019,9226.72425
dcs:who/AIR_7.AGE--Y40T44__ENVCAUSE--ENVCAUSE039__SEX--M,dcid:africa,2019,74189.804
dcs:who/AIR_7.AGE--Y75T79__ENVCAUSE--ENVCAUSE068__SEX--M,dcid:africa,2019,2384.88605
dcs:who/AIR_7.AGE--Y35T39__ENVCAUSE--ENVCAUSE068__SEX--M,dcid:africa,2019,1276.32994
dcs:who/AIR_7.AGE--Y10T14__ENVCAUSE--ENVCAUSE039__SEX--M,dcid:africa,2019,119976.7286
dcs:who/AIR_7.AGE--Y30T34__ENVCAUSE--ENVCAUSE039__SEX--M,dcid:africa,2019,59616.30295
dcs:who/AIR_7.AGE--Y_GE80__ENVCAUSE--ENVCAUSE068__SEX--M,dcid:africa,2019,1417.69389
dcs:who/AIR_7.AGE--Y_GE80__ENVCAUSE--ENVCAUSE118__SEX--M,dcid:africa,2019,24174.84548
dcs:who/AIR_7.AGE--Y65T69__ENVCAUSE--ENVCAUSE068__SEX--M,dcid:africa,2019,6052.22811
dcs:who/AIR_7.AGE--Y55T59__ENVCAUSE--ENVCAUSE118__SEX--M,dcid:africa,2019,33894.80062
dcs:who/AIR_7.AGE--Y40T44__ENVCAUSE--ENVCAUSE118__SEX--M,dcid:africa,2019,14896.74328
dcs:who/AIR_7.AGE--Y65T69__ENVCAUSE--ENVCAUSE118__SEX--M,dcid:africa,2019,45693.12662
dcs:who/AIR_7.AGE--Y55T59__ENVCAUSE--ENVCAUSE039__SEX--M,dcid:africa,2019,110206.8712
dcs:who/AIR_7.AGE--Y50T54__ENVCAUSE--ENVCAUSE068__SEX--M,dcid:africa,2019,6818.24941
dcs:who/AIR_7.AGE--Y75T79__ENVCAUSE--ENVCAUSE118__SEX--M,dcid:africa,2019,29960.41311
dcs:who/AIR_7.AGE--Y35T39__ENVCAUSE--ENVCAUSE039__SEX--F,dcid:africa,2019,48464.83364
dcs:who/AIR_7.AGE--Y40T44__ENVCAUSE--ENVCAUSE113__SEX--M,dcid:africa,2019,73466.09624
dcs:who/AIR_7.AGE--Y25T29__ENVCAUSE--ENVCAUSE068__SEX--F,dcid:africa,2019,260.43491
dcs:who/AIR_7.AGE--Y_GE80__ENVCAUSE--ENVCAUSE113__SEX--M,dcid:africa,2019,90778.114
dcs:who/AIR_7.AGE--Y50T54__ENVCAUSE--ENVCAUSE039__SEX--F,dcid:africa,2019,62996.32651
dcs:who/AIR_7.AGE--Y60T64__ENVCAUSE--ENVCAUSE068__SEX--F,dcid:africa,2019,3536.81096
dcs:who/AIR_7.AGE--Y55T59__ENVCAUSE--ENVCAUSE113__SEX--M,dcid:africa,2019,165577.5363
dcs:who/AIR_7.AGE--Y40T44__ENVCAUSE--ENVCAUSE039__SEX--F,dcid:africa,2019,47767.55394
dcs:who/AIR_7.AGE--Y30T34__ENVCAUSE--ENVCAUSE113__SEX--M,dcid:africa,2019,30979.50661
dcs:who/AIR_7.AGE--Y45T49__ENVCAUSE--ENVCAUSE039__SEX--F,dcid:africa,2019,45626.5672
dcs:who/AIR_7.ENVCAUSE--ENVCAUSE068__SEX--F,dcid:africa,2019,23254.55966
dcs:who/AIR_7.AGE--Y_GE80__ENVCAUSE--ENVCAUSE039__SEX--F,dcid:africa,2019,66724.5378
dcs:who/AIR_7.AGE--Y65T69__ENVCAUSE--ENVCAUSE113__SEX--M,dcid:africa,2019,178775.7357
dcs:who/AIR_7.AGE--Y30T34__ENVCAUSE--ENVCAUSE114__SEX--M,dcid:africa,2019,22323.03391
dcs:who/AIR_7.AGE--Y35T39__ENVCAUSE--ENVCAUSE068__SEX--F,dcid:africa,2019,1100.81845
dcs:who/AIR_7.ENVCAUSE--ENVCAUSE113__SEX--M,dcid:africa,2019,1286112.898
dcs:who/AIR_7.AGE--Y70T74__ENVCAUSE--ENVCAUSE068__SEX--F,dcid:africa,2019,1928.15158
dcs:who/AIR_7.AGE--Y50T54__ENVCAUSE--ENVCAUSE113__SEX--M,dcid:africa,2019,138979.3868
dcs:who/AIR_7.AGE--Y60T64__ENVCAUSE--ENVCAUSE114__SEX--M,dcid:africa,2019,122554.804
dcs:who/AIR_7.AGE--Y50T54__ENVCAUSE--ENVCAUSE114__SEX--M,dcid:africa,2019,86178.10964
dcs:who/AIR_7.AGE--Y35T39__ENVCAUSE--ENVCAUSE114__SEX--M,dcid:africa,2019,29550.59629
dcs:who/AIR_7.AGE--Y55T59__ENVCAUSE--ENVCAUSE068__SEX--F,dcid:africa,2019,3440.09995
dcs:who/AIR_7.AGE--Y40T44__ENVCAUSE--ENVCAUSE114__SEX--M,dcid:africa,2019,50969.58124
dcs:who/AIR_7.AGE--Y45T49__ENVCAUSE--ENVCAUSE113__SEX--M,dcid:africa,2019,108924.8522
dcs:who/AIR_7.AGE--Y55T59__ENVCAUSE--ENVCAUSE039__SEX--F,dcid:africa,2019,68800.90246
dcs:who/AIR_7.AGE--Y65T69__ENVCAUSE--ENVCAUSE068__SEX--F,dcid:africa,2019,2672.49133
dcs:who/AIR_7.AGE--Y35T39__ENVCAUSE--ENVCAUSE113__SEX--M,dcid:africa,2019,51542.70611
dcs:who/AIR_7.AGE--Y50T54__ENVCAUSE--ENVCAUSE068__SEX--F,dcid:africa,2019,3245.57051
dcs:who/AIR_7.AGE--Y25T29__ENVCAUSE--ENVCAUSE114__SEX--M,dcid:africa,2019,18406.86519
dcs:who/AIR_7.AGE--Y10T14__ENVCAUSE--ENVCAUSE039__SEX--F,dcid:africa,2019,106556.8138
dcs:who/AIR_7.AGE--Y75T79__ENVCAUSE--ENVCAUSE113__SEX--M,dcid:africa,2019,97936.27312
dcs:who/AIR_7.AGE--Y75T79__ENVCAUSE--ENVCAUSE039__SEX--F,dcid:africa,2019,69080.62517
dcs:who/AIR_7.AGE--Y55T59__ENVCAUSE--ENVCAUSE114__SEX--M,dcid:africa,2019,97786.70778
dcs:who/AIR_7.SEX--M,dcid:africa,2019,8084528.14
dcs:who/AIR_7.AGE--Y65T69__ENVCAUSE--ENVCAUSE039__SEX--F,dcid:africa,2019,83491.31452
dcs:who/AIR_7.AGE--Y30T34__ENVCAUSE--ENVCAUSE039__SEX--F,dcid:africa,2019,48171.6745
dcs:who/AIR_7.AGE--Y25T29__ENVCAUSE--ENVCAUSE113__SEX--M,dcid:africa,2019,15716.88531
dcs:who/AIR_7.AGE--Y15T19__ENVCAUSE--ENVCAUSE039__SEX--F,dcid:africa,2019,37008.61526
dcs:who/AIR_7.AGE--Y30T34__ENVCAUSE--ENVCAUSE068__SEX--F,dcid:africa,2019,485.0488
dcs:who/AIR_7.AGE--Y65T69__ENVCAUSE--ENVCAUSE114__SEX--M,dcid:africa,2019,112648.9031
dcs:who/AIR_7.AGE--Y70T74__ENVCAUSE--ENVCAUSE113__SEX--M,dcid:africa,2019,152760.9491
dcs:who/AIR_7.AGE--Y75T79__ENVCAUSE--ENVCAUSE068__SEX--F,dcid:africa,2019,1210.73757
dcs:who/AIR_7.AGE--Y45T49__ENVCAUSE--ENVCAUSE068__SEX--F,dcid:africa,2019,2758.02178
dcs:who/AIR_7.AGE--Y25T29__ENVCAUSE--ENVCAUSE039__SEX--F,dcid:africa,2019,44201.75328
dcs:who/AIR_7.AGE--Y20T24__ENVCAUSE--ENVCAUSE039__SEX--F,dcid:africa,2019,35831.35491
dcs:who/AIR_7.ENVCAUSE--ENVCAUSE039__SEX--F,dcid:africa,2019,4333873.884
dcs:who/AIR_7.AGE--Y_GE80__ENVCAUSE--ENVCAUSE068__SEX--F,dcid:africa,2019,828.18953
dcs:who/AIR_7.AGE--Y45T49__ENVCAUSE--ENVCAUSE114__SEX--M,dcid:africa,2019,62992.83635
dcs:who/AIR_7.AGE--Y40T44__ENVCAUSE--ENVCAUSE068__SEX--F,dcid:africa,2019,1788.18429
dcs:who/AIR_7.AGE--Y60T64__ENVCAUSE--ENVCAUSE039__SEX--F,dcid:africa,2019,79061.30879
dcs:who/AIR_7.AGE--Y70T74__ENVCAUSE--ENVCAUSE039__SEX--F,dcid:africa,2019,87894.36489
dcs:who/AIR_7.AGE--Y60T64__ENVCAUSE--ENVCAUSE113__SEX--M,dcid:africa,2019,180674.8562
dcs:who/AIR_7.AGE--Y45T49__ENVCAUSE--ENVCAUSE114__SEX--F,dcid:africa,2019,52882.71009
dcs:who/AIR_7.AGE--Y50T54__ENVCAUSE--ENVCAUSE114__SEX--F,dcid:africa,2019,77203.35768
dcs:who/AIR_7.AGE--Y70T74__ENVCAUSE--ENVCAUSE118__SEX--F,dcid:africa,2019,32544.16189
dcs:who/AIR_7.AGE--Y25T29__ENVCAUSE--ENVCAUSE113__SEX--F,dcid:africa,2019,6780.9734
dcs:who/AIR_7.AGE--Y35T39__ENVCAUSE--ENVCAUSE114__SEX--F,dcid:africa,2019,28166.91893
dcs:who/AIR_7.AGE--Y70T74__ENVCAUSE--ENVCAUSE113__SEX--F,dcid:africa,2019,154676.6504
dcs:who/AIR_7.AGE--Y75T79__ENVCAUSE--ENVCAUSE068,dcid:africa,2019,3595.62362
dcs:who/AIR_7.AGE--Y45T49__ENVCAUSE--ENVCAUSE118__SEX--F,dcid:africa,2019,15271.19955
dcs:who/AIR_7.AGE--Y65T69__ENVCAUSE--ENVCAUSE114__SEX--F,dcid:africa,2019,110657.6657
dcs:who/AIR_7.AGE--Y55T59__ENVCAUSE--ENVCAUSE114__SEX--F,dcid:africa,2019,89087.08866
dcs:who/AIR_7.AGE--Y50T54__ENVCAUSE--ENVCAUSE113__SEX--F,dcid:africa,2019,79858.22109
dcs:who/AIR_7.AGE--Y30T34__ENVCAUSE--ENVCAUSE118__SEX--F,dcid:africa,2019,10664.55999
dcs:who/AIR_7.AGE--Y60T64__ENVCAUSE--ENVCAUSE114__SEX--F,dcid:africa,2019,102455.2543
dcs:who/AIR_7.AGE--Y45T49__ENVCAUSE--ENVCAUSE113__SEX--F,dcid:africa,2019,55124.4197
dcs:who/AIR_7.ENVCAUSE--ENVCAUSE113__SEX--F,dcid:africa,2019,985918.3472
dcs:who/AIR_7.ENVCAUSE--ENVCAUSE118__SEX--F,dcid:africa,2019,247963.3759
dcs:who/AIR_7.AGE--Y30T34__ENVCAUSE--ENVCAUSE114__SEX--F,dcid:africa,2019,20116.21221
dcs:who/AIR_7.AGE--Y_GE80__ENVCAUSE--ENVCAUSE068,dcid:africa,2019,2245.88342
dcs:who/AIR_7.AGE--Y55T59__ENVCAUSE--ENVCAUSE118__SEX--F,dcid:africa,2019,25658.12662
dcs:who/AIR_7.AGE--Y0T4__ENVCAUSE--ENVCAUSE039__SEX--F,dcid:africa,2019,3151669.308
dcs:who/AIR_7.AGE--Y_GE80__ENVCAUSE--ENVCAUSE118__SEX--F,dcid:africa,2019,20329.91452
dcs:who/AIR_7.AGE--Y50T54__ENVCAUSE--ENVCAUSE118__SEX--F,dcid:africa,2019,21039.38547
dcs:who/AIR_7.AGE--Y5T9__ENVCAUSE--ENVCAUSE039__SEX--F,dcid:africa,2019,250526.0298
dcs:who/AIR_7.AGE--Y25T29__ENVCAUSE--ENVCAUSE118__SEX--F,dcid:africa,2019,9178.89731
dcs:who/AIR_7.SEX--F,dcid:africa,2019,6406667.318
dcs:who/AIR_7.AGE--Y70T74__ENVCAUSE--ENVCAUSE114__SEX--F,dcid:africa,2019,111788.9052
dcs:who/AIR_7.AGE--Y55T59__ENVCAUSE--ENVCAUSE113__SEX--F,dcid:africa,2019,97207.36014
dcs:who/AIR_7.AGE--Y35T39__ENVCAUSE--ENVCAUSE118__SEX--F,dcid:africa,2019,11230.48165
dcs:who/AIR_7.AGE--Y40T44__ENVCAUSE--ENVCAUSE118__SEX--F,dcid:africa,2019,10911.06375
dcs:who/AIR_7.AGE--Y75T79__ENVCAUSE--ENVCAUSE114__SEX--F,dcid:africa,2019,92621.03843
dcs:who/AIR_7.AGE--Y65T69__ENVCAUSE--ENVCAUSE113__SEX--F,dcid:africa,2019,150056.038
dcs:who/AIR_7.AGE--Y30T34__ENVCAUSE--ENVCAUSE113__SEX--F,dcid:africa,2019,15579.88699
dcs:who/AIR_7.AGE--Y_GE80__ENVCAUSE--ENVCAUSE113__SEX--F,dcid:africa,2019,122047.5956
dcs:who/AIR_7.ENVCAUSE--ENVCAUSE114__SEX--F,dcid:africa,2019,815657.1513
dcs:who/AIR_7.AGE--Y75T79__ENVCAUSE--ENVCAUSE113__SEX--F,dcid:africa,2019,122464.0588
dcs:who/AIR_7.AGE--Y60T64__ENVCAUSE--ENVCAUSE113__SEX--F,dcid:africa,2019,126393.3216
dcs:who/AIR_7.AGE--Y75T79__ENVCAUSE--ENVCAUSE118__SEX--F,dcid:africa,2019,24582.99927
dcs:who/AIR_7.AGE--Y_GE80__ENVCAUSE--ENVCAUSE114__SEX--F,dcid:africa,2019,77564.6572
dcs:who/AIR_7.AGE--Y60T64__ENVCAUSE--ENVCAUSE118__SEX--F,dcid:africa,2019,30887.22989
dcs:who/AIR_7.AGE--Y70T74__ENVCAUSE--ENVCAUSE068,dcid:africa,2019,5924.92868
dcs:who/AIR_7.ENVCAUSE--ENVCAUSE068,dcid:africa,2019,69396.2683
dcs:who/AIR_7.AGE--Y65T69__ENVCAUSE--ENVCAUSE118__SEX--F,dcid:africa,2019,35665.35595
dcs:who/AIR_7.AGE--Y25T29__ENVCAUSE--ENVCAUSE114__SEX--F,dcid:africa,2019,13505.17726
dcs:who/AIR_7.AGE--Y35T39__ENVCAUSE--ENVCAUSE113__SEX--F,dcid:africa,2019,22071.85696
dcs:who/AIR_7.AGE--Y40T44__ENVCAUSE--ENVCAUSE113__SEX--F,dcid:africa,2019,33657.96446
dcs:who/AIR_7.AGE--Y40T44__ENVCAUSE--ENVCAUSE114__SEX--F,dcid:africa,2019,39608.16561
dcs:who/AIR_7.AGE--Y55T59__ENVCAUSE--ENVCAUSE114,dcid:africa,2019,186873.7964
dcs:who/AIR_7.AGE--Y60T64__ENVCAUSE--ENVCAUSE118,dcid:africa,2019,73306.06269
dcs:who/AIR_7.AGE--Y65T69__ENVCAUSE--ENVCAUSE114,dcid:africa,2019,223306.5688
dcs:who/AIR_7.AGE--Y25T29__ENVCAUSE--ENVCAUSE068,dcid:africa,2019,616.44673
dcs:who/AIR_7.AGE--Y75T79__ENVCAUSE--ENVCAUSE039,dcid:africa,2019,142128.39
dcs:who/AIR_7.AGE--Y70T74__ENVCAUSE--ENVCAUSE039,dcid:africa,2019,190745.7023
dcs:who/AIR_7.AGE--Y30T34__ENVCAUSE--ENVCAUSE068,dcid:africa,2019,1236.12477
dcs:who/AIR_7.AGE--Y25T29__ENVCAUSE--ENVCAUSE118,dcid:africa,2019,18405.62155
dcs:who/AIR_7.AGE--Y45T49__ENVCAUSE--ENVCAUSE118,dcid:africa,2019,34643.9093
dcs:who/AIR_7.ENVCAUSE--ENVCAUSE118,dcid:africa,2019,564195.0463
dcs:who/AIR_7.AGE--Y45T49__ENVCAUSE--ENVCAUSE114,dcid:africa,2019,115875.5464
dcs:who/AIR_7.AGE--Y40T44__ENVCAUSE--ENVCAUSE114,dcid:africa,2019,90577.74685
dcs:who/AIR_7.AGE--Y40T44__ENVCAUSE--ENVCAUSE068,dcid:africa,2019,4746.81587
dcs:who/AIR_7.AGE--Y75T79__ENVCAUSE--ENVCAUSE114,dcid:africa,2019,156300.9294
dcs:who/AIR_7.AGE--Y55T59__ENVCAUSE--ENVCAUSE118,dcid:africa,2019,59552.92724
dcs:who/AIR_7.AGE--Y60T64__ENVCAUSE--ENVCAUSE114,dcid:africa,2019,225010.0583
dcs:who/AIR_7.AGE--Y25T29__ENVCAUSE--ENVCAUSE039,dcid:africa,2019,97698.43143
dcs:who/AIR_7.AGE--Y40T44__ENVCAUSE--ENVCAUSE039,dcid:africa,2019,121957.3579
dcs:who/AIR_7.AGE--Y35T39__ENVCAUSE--ENVCAUSE068,dcid:africa,2019,2377.14838
dcs:who/AIR_7.AGE--Y40T44__ENVCAUSE--ENVCAUSE118,dcid:africa,2019,25807.80703
dcs:who/AIR_7.AGE--Y65T69__ENVCAUSE--ENVCAUSE039,dcid:africa,2019,195651.667
dcs:who/AIR_7.AGE--Y30T34__ENVCAUSE--ENVCAUSE039,dcid:africa,2019,107787.9774
dcs:who/AIR_7.AGE--Y65T69__ENVCAUSE--ENVCAUSE118,dcid:africa,2019,81358.48257
dcs:who/AIR_7.AGE--Y50T54__ENVCAUSE--ENVCAUSE039,dcid:africa,2019,158026.6469
dcs:who/AIR_7.AGE--Y60T64__ENVCAUSE--ENVCAUSE039,dcid:africa,2019,197952.467
dcs:who/AIR_7.AGE--Y60T64__ENVCAUSE--ENVCAUSE068,dcid:africa,2019,10859.19266
dcs:who/AIR_7.AGE--Y50T54__ENVCAUSE--ENVCAUSE068,dcid:africa,2019,10063.81992
dcs:who/AIR_7.ENVCAUSE--ENVCAUSE114,dcid:africa,2019,1624910.453
dcs:who/AIR_7.AGE--Y_GE80__ENVCAUSE--ENVCAUSE039,dcid:africa,2019,126516.3032
dcs:who/AIR_7.AGE--Y35T39__ENVCAUSE--ENVCAUSE118,dcid:africa,2019,22375.80448
dcs:who/AIR_7.AGE--Y10T14__ENVCAUSE--ENVCAUSE039,dcid:africa,2019,226533.5424
dcs:who/AIR_7.AGE--Y30T34__ENVCAUSE--ENVCAUSE118,dcid:africa,2019,21710.51787
dcs:who/AIR_7.ENVCAUSE--ENVCAUSE039,dcid:africa,2019,9960662.445
dcs:who/AIR_7.AGE--Y55T59__ENVCAUSE--ENVCAUSE068,dcid:africa,2019,11067.93736
dcs:who/AIR_7.AGE--Y45T49__ENVCAUSE--ENVCAUSE039,dcid:africa,2019,136947.9014
dcs:who/AIR_7.AGE--Y65T69__ENVCAUSE--ENVCAUSE068,dcid:africa,2019,8724.71944
dcs:who/AIR_7.AGE--Y50T54__ENVCAUSE--ENVCAUSE118,dcid:africa,2019,48735.15338
dcs:who/AIR_7.AGE--Y50T54__ENVCAUSE--ENVCAUSE114,dcid:africa,2019,163381.4673
dcs:who/AIR_7.AGE--Y75T79__ENVCAUSE--ENVCAUSE118,dcid:africa,2019,54543.41237
dcs:who/AIR_7.AGE--Y45T49__ENVCAUSE--ENVCAUSE068,dcid:africa,2019,7937.62743
dcs:who/AIR_7.AGE--Y_GE80__ENVCAUSE--ENVCAUSE114,dcid:africa,2019,127181.2964
dcs:who/AIR_7.AGE--Y5T9__ENVCAUSE--ENVCAUSE039,dcid:africa,2019,478023.7851
dcs:who/AIR_7.AGE--Y55T59__ENVCAUSE--ENVCAUSE039,dcid:africa,2019,179007.7737
dcs:who/AIR_7.AGE--Y_GE80__ENVCAUSE--ENVCAUSE118,dcid:africa,2019,44504.76
dcs:who/AIR_7.AGE--Y0T4__ENVCAUSE--ENVCAUSE039,dcid:africa,2019,7323431.512
dcs:who/AIR_7.AGE--Y70T74__ENVCAUSE--ENVCAUSE118,dcid:africa,2019,79250.58781
dcs:who/AIR_7.AGE--Y15T19__ENVCAUSE--ENVCAUSE039,dcid:africa,2019,80271.58942
dcs:who/AIR_7.AGE--Y20T24__ENVCAUSE--ENVCAUSE039,dcid:africa,2019,81682.89483
dcs:who/AIR_7.AGE--Y35T39__ENVCAUSE--ENVCAUSE039,dcid:africa,2019,116298.503
dcs:who/AIR_7.AGE--Y70T74__ENVCAUSE--ENVCAUSE114,dcid:africa,2019,204334.2396
dcs:who/AIR_7.AGE--Y40T44__ENVCAUSE--ENVCAUSE113,dcid:africa,2019,107124.0607
dcs:who/AIR_7.AGE--Y35T39__ENVCAUSE--ENVCAUSE114,dcid:africa,2019,57717.51522
dcs:who/AIR_7.AGE--Y30T34__ENVCAUSE--ENVCAUSE114,dcid:africa,2019,42439.24612
dcs:who/AIR_7,dcid:africa,2019,14491195.46
dcs:who/AIR_7.AGE--Y60T64__ENVCAUSE--ENVCAUSE113,dcid:africa,2019,307068.1778
dcs:who/AIR_7.AGE--Y25T29__ENVCAUSE--ENVCAUSE114,dcid:africa,2019,31912.04245
dcs:who/AIR_7.ENVCAUSE--ENVCAUSE113,dcid:africa,2019,2272031.245
dcs:who/AIR_7.AGE--Y45T49__ENVCAUSE--ENVCAUSE113,dcid:africa,2019,164049.2719
dcs:who/AIR_7.AGE--Y75T79__ENVCAUSE--ENVCAUSE113,dcid:africa,2019,220400.332
dcs:who/AIR_7.AGE--Y65T69__ENVCAUSE--ENVCAUSE113,dcid:africa,2019,328831.7738
dcs:who/AIR_7.AGE--Y70T74__ENVCAUSE--ENVCAUSE113,dcid:africa,2019,307437.5995
dcs:who/AIR_7.AGE--Y25T29__ENVCAUSE--ENVCAUSE113,dcid:africa,2019,22497.85871
dcs:who/AIR_7.AGE--Y_GE80__ENVCAUSE--ENVCAUSE113,dcid:africa,2019,212825.7096
dcs:who/AIR_7.AGE--Y50T54__ENVCAUSE--ENVCAUSE113,dcid:africa,2019,218837.6079
dcs:who/AIR_7.AGE--Y55T59__ENVCAUSE--ENVCAUSE113,dcid:africa,2019,262784.8964
dcs:who/AIR_7.AGE--Y30T34__ENVCAUSE--ENVCAUSE113,dcid:africa,2019,46559.3936
dcs:who/AIR_7.AGE--Y35T39__ENVCAUSE--ENVCAUSE113,dcid:africa,2019,73614.56308
dcs:who/AIR_7.SEX--M,dcid:country/AFG,2019,383198.1048
dcs:who/AIR_7.ENVCAUSE--ENVCAUSE039,dcid:country/AFG,2019,250556.2522
dcs:who/AIR_7.ENVCAUSE--ENVCAUSE113__SEX--F,dcid:country/AFG,2019,142764.2574
dcs:who/AIR_7.ENVCAUSE--ENVCAUSE114__SEX--F,dcid:country/AFG,2019,66952.0076
dcs:who/AIR_7.ENVCAUSE--ENVCAUSE039__SEX--M,dcid:country/AFG,2019,139137.721
dcs:who/AIR_7.ENVCAUSE--ENVCAUSE114__SEX--M,dcid:country/AFG,2019,48347.6417
dcs:who/AIR_7.ENVCAUSE--ENVCAUSE118__SEX--M,dcid:country/AFG,2019,18708.67104
dcs:who/AIR_7,dcid:country/AFG,2019,725200.9305
dcs:who/AIR_7.ENVCAUSE--ENVCAUSE039__SEX--F,dcid:country/AFG,2019,111418.5312
dcs:who/AIR_7.ENVCAUSE--ENVCAUSE113,dcid:country/AFG,2019,314420.1429
dcs:who/AIR_7.ENVCAUSE--ENVCAUSE118__SEX--F,dcid:country/AFG,2019,18732.30452
dcs:who/AIR_7.ENVCAUSE--ENVCAUSE114,dcid:country/AFG,2019,115299.6493
dcs:who/AIR_7.SEX--F,dcid:country/AFG,2019,342002.8256
dcs:who/AIR_7.ENVCAUSE--ENVCAUSE068__SEX--F,dcid:country/AFG,2019,2135.72491
dcs:who/AIR_7.ENVCAUSE--ENVCAUSE113__SEX--M,dcid:country/AFG,2019,171655.8855
dcs:who/AIR_7.ENVCAUSE--ENVCAUSE068__SEX--M,dcid:country/AFG,2019,5348.18557
dcs:who/AIR_7.ENVCAUSE--ENVCAUSE068,dcid:country/AFG,2019,7483.91048
dcs:who/AIR_7.ENVCAUSE--ENVCAUSE118,dcid:country/AFG,2019,37440.97556
dcs:who/AIR_7.ENVCAUSE--ENVCAUSE039__SEX--M,dcid:country/AGO,2019,150543.0126
dcs:who/AIR_7.SEX--M,dcid:country/AGO,2019,210255.3471
dcs:who/AIR_7.ENVCAUSE--ENVCAUSE113__SEX--M,dcid:country/AGO,2019,31704.32416
dcs:who/AIR_7.ENVCAUSE--ENVCAUSE114__SEX--M,dcid:country/AGO,2019,21333.29575
dcs:who/AIR_7.ENVCAUSE--ENVCAUSE118__SEX--M,dcid:country/AGO,2019,5956.63269
dcs:who/AIR_7.ENVCAUSE--ENVCAUSE068__SEX--M,dcid:country/AGO,2019,718.08199
dcs:who/AIR_7,dcid:country/AGO,2019,364008.1568
dcs:who/AIR_7.ENVCAUSE--ENVCAUSE113__SEX--F,dcid:country/AGO,2019,20862.44574
dcs:who/AIR_7.ENVCAUSE--ENVCAUSE118,dcid:country/AGO,2019,11778.55379
dcs:who/AIR_7.ENVCAUSE--ENVCAUSE039__SEX--F,dcid:country/AGO,2019,109627.4875
dcs:who/AIR_7.ENVCAUSE--ENVCAUSE118__SEX--F,dcid:country/AGO,2019,5821.9211
dcs:who/AIR_7.ENVCAUSE--ENVCAUSE068__SEX--F,dcid:country/AGO,2019,479.69312
dcs:who/AIR_7.ENVCAUSE--ENVCAUSE039,dcid:country/AGO,2019,260170.5
dcs:who/AIR_7.ENVCAUSE--ENVCAUSE114,dcid:country/AGO,2019,38294.55794
dcs:who/AIR_7.ENVCAUSE--ENVCAUSE068,dcid:country/AGO,2019,1197.77511
dcs:who/AIR_7.ENVCAUSE--ENVCAUSE113,dcid:country/AGO,2019,52566.7699
dcs:who/AIR_7.ENVCAUSE--ENVCAUSE114__SEX--F,dcid:country/AGO,2019,16961.26219
dcs:who/AIR_7.SEX--F,dcid:country/AGO,2019,153752.8096
dcs:who/AIR_7.ENVCAUSE--ENVCAUSE039__SEX--F,dcid:country/ALB,2019,715.11707
dcs:who/AIR_7.ENVCAUSE--ENVCAUSE068__SEX--M,dcid:country/ALB,2019,1478.73243
dcs:who/AIR_7.ENVCAUSE--ENVCAUSE068,dcid:country/ALB,2019,1726.32938
dcs:who/AIR_7.SEX--F,dcid:country/ALB,2019,18759.74519
dcs:who/AIR_7.ENVCAUSE--ENVCAUSE039__SEX--M,dcid:country/ALB,2019,865.54021
dcs:who/AIR_7.ENVCAUSE--ENVCAUSE114__SEX--F,dcid:country/ALB,2019,6973.40179
dcs:who/AIR_7.ENVCAUSE--ENVCAUSE114,dcid:country/ALB,2019,12740.91294
dcs:who/AIR_7.ENVCAUSE--ENVCAUSE118,dcid:country/ALB,2019,1676.50179
dcs:who/AIR_7.SEX--M,dcid:country/ALB,2019,21815.36559
dcs:who/AIR_7.ENVCAUSE--ENVCAUSE114__SEX--M,dcid:country/ALB,2019,5767.51115
dcs:who/AIR_7.ENVCAUSE--ENVCAUSE113__SEX--F,dcid:country/ALB,2019,10156.94036
dcs:who/AIR_7.ENVCAUSE--ENVCAUSE113__SEX--M,dcid:country/ALB,2019,12693.76903
dcs:who/AIR_7,dcid:country/ALB,2019,40575.11077
dcs:who/AIR_7.ENVCAUSE--ENVCAUSE118__SEX--F,dcid:country/ALB,2019,666.68902
dcs:who/AIR_7.ENVCAUSE--ENVCAUSE039,dcid:country/ALB,2019,1580.65728
dcs:who/AIR_7.ENVCAUSE--ENVCAUSE118__SEX--M,dcid:country/ALB,2019,1009.81277
dcs:who/AIR_7.ENVCAUSE--ENVCAUSE113,dcid:country/ALB,2019,22850.70938
dcs:who/AIR_7.ENVCAUSE--ENVCAUSE068__SEX--F,dcid:country/ALB,2019,247.59695
dcs:who/AIR_7.ENVCAUSE--ENVCAUSE113__SEX--F,dcid:country/ARE,2019,4473.12561
dcs:who/AIR_7.ENVCAUSE--ENVCAUSE039,dcid:country/ARE,2019,6518.83895
dcs:who/AIR_7.ENVCAUSE--ENVCAUSE118__SEX--M,dcid:country/ARE,2019,8798.60354
dcs:who/AIR_7.ENVCAUSE--ENVCAUSE114__SEX--M,dcid:country/ARE,2019,10574.70224
dcs:who/AIR_7.ENVCAUSE--ENVCAUSE118,dcid:country/ARE,2019,10364.37727
dcs:who/AIR_7.ENVCAUSE--ENVCAUSE068__SEX--M,dcid:country/ARE,2019,706.63229
dcs:who/AIR_7.ENVCAUSE--ENVCAUSE039__SEX--M,dcid:country/ARE,2019,4816.26418
dcs:who/AIR_7.SEX--M,dcid:country/ARE,2019,56177.81999
dcs:who/AIR_7.ENVCAUSE--ENVCAUSE113,dcid:country/ARE,2019,35754.74335
dcs:who/AIR_7.ENVCAUSE--ENVCAUSE114,dcid:country/ARE,2019,15232.14502
dcs:who/AIR_7.ENVCAUSE--ENVCAUSE068__SEX--F,dcid:country/ARE,2019,218.49422
dcs:who/AIR_7.SEX--F,dcid:country/ARE,2019,12617.41111
dcs:who/AIR_7.ENVCAUSE--ENVCAUSE068,dcid:country/ARE,2019,925.12651
dcs:who/AIR_7.ENVCAUSE--ENVCAUSE113__SEX--M,dcid:country/ARE,2019,31281.61774
dcs:who/AIR_7.ENVCAUSE--ENVCAUSE114__SEX--F,dcid:country/ARE,2019,4657.44278
dcs:who/AIR_7,dcid:country/ARE,2019,68795.2311
dcs:who/AIR_7.ENVCAUSE--ENVCAUSE039__SEX--F,dcid:country/ARE,2019,1702.57477
dcs:who/AIR_7.ENVCAUSE--ENVCAUSE118__SEX--F,dcid:country/ARE,2019,1565.77373
dcs:who/AIR_7.ENVCAUSE--ENVCAUSE068__SEX--M,dcid:country/ARG,2019,8231.02382
dcs:who/AIR_7.ENVCAUSE--ENVCAUSE113__SEX--M,dcid:country/ARG,2019,84196.79934
dcs:who/AIR_7.SEX--M,dcid:country/ARG,2019,178457.633
dcs:who/AIR_7.ENVCAUSE--ENVCAUSE118__SEX--M,dcid:country/ARG,2019,21447.72973
dcs:who/AIR_7.ENVCAUSE--ENVCAUSE039__SEX--M,dcid:country/ARG,2019,41448.69326
dcs:who/AIR_7.ENVCAUSE--ENVCAUSE114__SEX--M,dcid:country/ARG,2019,23133.38689
dcs:who/AIR_7.ENVCAUSE--ENVCAUSE039__SEX--F,dcid:country/ARG,2019,37472.47834
dcs:who/AIR_7.ENVCAUSE--ENVCAUSE118,dcid:country/ARG,2019,39715.48553
dcs:who/AIR_7.ENVCAUSE--ENVCAUSE068,dcid:country/ARG,2019,12368.85877
dcs:who/AIR_7.ENVCAUSE--ENVCAUSE113__SEX--F,dcid:country/ARG,2019,54227.18122
dcs:who/AIR_7.ENVCAUSE--ENVCAUSE113,dcid:country/ARG,2019,138423.9806
dcs:who/AIR_7.ENVCAUSE--ENVCAUSE068__SEX--F,dcid:country/ARG,2019,4137.83494
dcs:who/AIR_7.ENVCAUSE--ENVCAUSE114,dcid:country/ARG,2019,43631.3862
dcs:who/AIR_7,dcid:country/ARG,2019,313060.8827
dcs:who/AIR_7.ENVCAUSE--ENVCAUSE114__SEX--F,dcid:country/ARG,2019,20497.99931
dcs:who/AIR_7.ENVCAUSE--ENVCAUSE118__SEX--F,dcid:country/ARG,2019,18267.7558
dcs:who/AIR_7.SEX--F,dcid:country/ARG,2019,134603.2496
dcs:who/AIR_7.ENVCAUSE--ENVCAUSE039,dcid:country/ARG,2019,78921.1716
dcs:who/AIR_7.ENVCAUSE--ENVCAUSE113,dcid:country/ARM,2019,38467.2518
dcs:who/AIR_7.ENVCAUSE--ENVCAUSE039,dcid:country/ARM,2019,6052.52727
dcs:who/AIR_7.ENVCAUSE--ENVCAUSE068__SEX--M,dcid:country/ARM,2019,2986.33726
dcs:who/AIR_7.ENVCAUSE--ENVCAUSE068__SEX--F,dcid:country/ARM,2019,602.90902
dcs:who/AIR_7.ENVCAUSE--ENVCAUSE068,dcid:country/ARM,2019,3589.24628
dcs:who/AIR_7.ENVCAUSE--ENVCAUSE114__SEX--M,dcid:country/ARM,2019,3539.53506
dcs:who/AIR_7.ENVCAUSE--ENVCAUSE118__SEX--M,dcid:country/ARM,2019,2002.65802
dcs:who/AIR_7.ENVCAUSE--ENVCAUSE114,dcid:country/ARM,2019,7272.1637
dcs:who/AIR_7.ENVCAUSE--ENVCAUSE118__SEX--F,dcid:country/ARM,2019,1360.54752
dcs:who/AIR_7.ENVCAUSE--ENVCAUSE113__SEX--F,dcid:country/ARM,2019,15680.35746
dcs:who/AIR_7.SEX--M,dcid:country/ARM,2019,34421.44178
dcs:who/AIR_7.ENVCAUSE--ENVCAUSE039__SEX--F,dcid:country/ARM,2019,2946.51017
dcs:who/AIR_7.ENVCAUSE--ENVCAUSE114__SEX--F,dcid:country/ARM,2019,3732.62864
dcs:who/AIR_7,dcid:country/ARM,2019,58744.3946
dcs:who/AIR_7.ENVCAUSE--ENVCAUSE118,dcid:country/ARM,2019,3363.20554
dcs:who/AIR_7.SEX--F,dcid:country/ARM,2019,24322.95282
dcs:who/AIR_7.ENVCAUSE--ENVCAUSE113__SEX--M,dcid:country/ARM,2019,22786.89434
dcs:who/AIR_7.ENVCAUSE--ENVCAUSE039__SEX--M,dcid:country/ARM,2019,3106.0171
dcs:who/AIR_7.ENVCAUSE--ENVCAUSE039__SEX--F,dcid:country/ATG,2019,16.38067
dcs:who/AIR_7.SEX--M,dcid:country/ATG,2019,207.67011
dcs:who/AIR_7.ENVCAUSE--ENVCAUSE068__SEX--M,dcid:country/ATG,2019,4.60088
dcs:who/AIR_7.ENVCAUSE--ENVCAUSE118__SEX--M,dcid:country/ATG,2019,14.82408
dcs:who/AIR_7.ENVCAUSE--ENVCAUSE113,dcid:country/ATG,2019,223.89934
dcs:who/AIR_7.ENVCAUSE--ENVCAUSE068__SEX--F,dcid:country/ATG,2019,1.19003
dcs:who/AIR_7.ENVCAUSE--ENVCAUSE113__SEX--M,dcid:country/ATG,2019,125.54281
dcs:who/AIR_7.ENVCAUSE--ENVCAUSE068,dcid:country/ATG,2019,5.7909
dcs:who/AIR_7.ENVCAUSE--ENVCAUSE039__SEX--M,dcid:country/ATG,2019,19.8815
dcs:who/AIR_7.ENVCAUSE--ENVCAUSE039,dcid:country/ATG,2019,36.26216
dcs:who/AIR_7.ENVCAUSE--ENVCAUSE113__SEX--F,dcid:country/ATG,2019,98.35653
dcs:who/AIR_7.ENVCAUSE--ENVCAUSE114,dcid:country/ATG,2019,99.5421
dcs:who/AIR_7,dcid:country/ATG,2019,390.18635
dcs:who/AIR_7.ENVCAUSE--ENVCAUSE118,dcid:country/ATG,2019,24.69184
dcs:who/AIR_7.ENVCAUSE--ENVCAUSE114__SEX--M,dcid:country/ATG,2019,42.82085
dcs:who/AIR_7.ENVCAUSE--ENVCAUSE114__SEX--F,dcid:country/ATG,2019,56.72125
dcs:who/AIR_7.SEX--F,dcid:country/ATG,2019,182.51624
dcs:who/AIR_7.ENVCAUSE--ENVCAUSE118__SEX--F,dcid:country/ATG,2019,9.86777
dcs:who/AIR_7.ENVCAUSE--ENVCAUSE113__SEX--M,dcid:country/AUS,2019,30348.78979
dcs:who/AIR_7.ENVCAUSE--ENVCAUSE039__SEX--M,dcid:country/AUS,2019,2381.83203
dcs:who/AIR_7.ENVCAUSE--ENVCAUSE114__SEX--M,dcid:country/AUS,2019,5715.45112
dcs:who/AIR_7.ENVCAUSE--ENVCAUSE118__SEX--M,dcid:country/AUS,2019,6951.93885
dcs:who/AIR_7.ENVCAUSE--ENVCAUSE068__SEX--M,dcid:country/AUS,2019,3717.9183
dcs:who/AIR_7.ENVCAUSE--ENVCAUSE068__SEX--F,dcid:country/AUS,2019,2624.19819
dcs:who/AIR_7.SEX--F,dcid:country/AUS,2019,35883.50189
dcs:who/AIR_7.SEX--M,dcid:country/AUS,2019,49115.93009
dcs:who/AIR_7.ENVCAUSE--ENVCAUSE118,dcid:country/AUS,2019,14112.30008
dcs:who/AIR_7.ENVCAUSE--ENVCAUSE114__SEX--F,dcid:country/AUS,2019,6952.50002
dcs:who/AIR_7.ENVCAUSE--ENVCAUSE113,dcid:country/AUS,2019,47071.6585
dcs:who/AIR_7.ENVCAUSE--ENVCAUSE039__SEX--F,dcid:country/AUS,2019,2423.57374
dcs:who/AIR_7.ENVCAUSE--ENVCAUSE114,dcid:country/AUS,2019,12667.95115
dcs:who/AIR_7.ENVCAUSE--ENVCAUSE039,dcid:country/AUS,2019,4805.40577
dcs:who/AIR_7.ENVCAUSE--ENVCAUSE118__SEX--F,dcid:country/AUS,2019,7160.36123
dcs:who/AIR_7,dcid:country/AUS,2019,84999.43198
dcs:who/AIR_7.ENVCAUSE--ENVCAUSE113__SEX--F,dcid:country/AUS,2019,16722.86871
dcs:who/AIR_7.ENVCAUSE--ENVCAUSE068,dcid:country/AUS,2019,6342.11649
dcs:who/AIR_7.SEX--M,dcid:country/AUT,2019,35823.90344
dcs:who/AIR_7.ENVCAUSE--ENVCAUSE118__SEX--M,dcid:country/AUT,2019,4136.17247
dcs:who/AIR_7.ENVCAUSE--ENVCAUSE068,dcid:country/AUT,2019,4711.58404
dcs:who/AIR_7.ENVCAUSE--ENVCAUSE039,dcid:country/AUT,2019,2345.33078
dcs:who/AIR_7.ENVCAUSE--ENVCAUSE113__SEX--F,dcid:country/AUT,2019,16342.97548
dcs:who/AIR_7.ENVCAUSE--ENVCAUSE118,dcid:country/AUT,2019,7715.57777
dcs:who/AIR_7.ENVCAUSE--ENVCAUSE118__SEX--F,dcid:country/AUT,2019,3579.4053
dcs:who/AIR_7.ENVCAUSE--ENVCAUSE114__SEX--M,dcid:country/AUT,2019,3573.43736
dcs:who/AIR_7,dcid:country/AUT,2019,63220.19317
dcs:who/AIR_7.SEX--F,dcid:country/AUT,2019,27396.28972
dcs:who/AIR_7.ENVCAUSE--ENVCAUSE039__SEX--M,dcid:country/AUT,2019,1274.04286
dcs:who/AIR_7.ENVCAUSE--ENVCAUSE113,dcid:country/AUT,2019,40425.13766
dcs:who/AIR_7.ENVCAUSE--ENVCAUSE068__SEX--F,dcid:country/AUT,2019,1953.49546
dcs:who/AIR_7.ENVCAUSE--ENVCAUSE113__SEX--M,dcid:country/AUT,2019,24082.16218
dcs:who/AIR_7.ENVCAUSE--ENVCAUSE114,dcid:country/AUT,2019,8022.56293
dcs:who/AIR_7.ENVCAUSE--ENVCAUSE068__SEX--M,dcid:country/AUT,2019,2758.08858
dcs:who/AIR_7.ENVCAUSE--ENVCAUSE114__SEX--F,dcid:country/AUT,2019,4449.12557
dcs:who/AIR_7.ENVCAUSE--ENVCAUSE039__SEX--F,dcid:country/AUT,2019,1071.28792
dcs:who/AIR_7.ENVCAUSE--ENVCAUSE114__SEX--M,dcid:country/AZE,2019,18818.55162
dcs:who/AIR_7,dcid:country/AZE,2019,210235.1873
dcs:who/AIR_7.ENVCAUSE--ENVCAUSE114,dcid:country/AZE,2019,39024.96939
dcs:who/AIR_7.ENVCAUSE--ENVCAUSE118__SEX--M,dcid:country/AZE,2019,4285.55165
dcs:who/AIR_7.SEX--F,dcid:country/AZE,2019,88233.37581
dcs:who/AIR_7.ENVCAUSE--ENVCAUSE068__SEX--M,dcid:country/AZE,2019,3780.66714
dcs:who/AIR_7.SEX--M,dcid:country/AZE,2019,122001.8115
dcs:who/AIR_7.ENVCAUSE--ENVCAUSE118,dcid:country/AZE,2019,7386.30178
dcs:who/AIR_7.ENVCAUSE--ENVCAUSE039__SEX--F,dcid:country/AZE,2019,6717.21446
dcs:who/AIR_7.ENVCAUSE--ENVCAUSE113__SEX--M,dcid:country/AZE,2019,85345.33212
dcs:who/AIR_7.ENVCAUSE--ENVCAUSE068,dcid:country/AZE,2019,4249.23513
dcs:who/AIR_7.ENVCAUSE--ENVCAUSE039__SEX--M,dcid:country/AZE,2019,9771.709
dcs:who/AIR_7.ENVCAUSE--ENVCAUSE113,dcid:country/AZE,2019,143085.7576
dcs:who/AIR_7.ENVCAUSE--ENVCAUSE039,dcid:country/AZE,2019,16488.92346
dcs:who/AIR_7.ENVCAUSE--ENVCAUSE118__SEX--F,dcid:country/AZE,2019,3100.75013
dcs:who/AIR_7.ENVCAUSE--ENVCAUSE113__SEX--F,dcid:country/AZE,2019,57740.42546
dcs:who/AIR_7.ENVCAUSE--ENVCAUSE114__SEX--F,dcid:country/AZE,2019,20206.41778
dcs:who/AIR_7.ENVCAUSE--ENVCAUSE068__SEX--F,dcid:country/AZE,2019,468.56799
dcs:who/AIR_7.ENVCAUSE--ENVCAUSE039__SEX--M,dcid:country/BDI,2019,49424.95908
dcs:who/AIR_7.ENVCAUSE--ENVCAUSE068__SEX--M,dcid:country/BDI,2019,149.39303
dcs:who/AIR_7.ENVCAUSE--ENVCAUSE114__SEX--M,dcid:country/BDI,2019,8838.10443
dcs:who/AIR_7.SEX--M,dcid:country/BDI,2019,75281.13749
dcs:who/AIR_7.ENVCAUSE--ENVCAUSE118__SEX--M,dcid:country/BDI,2019,3850.58888
dcs:who/AIR_7.ENVCAUSE--ENVCAUSE113__SEX--M,dcid:country/BDI,2019,13018.09207
dcs:who/AIR_7.ENVCAUSE--ENVCAUSE068__SEX--F,dcid:country/BDI,2019,119.66095
dcs:who/AIR_7.ENVCAUSE--ENVCAUSE114,dcid:country/BDI,2019,17028.47769
dcs:who/AIR_7,dcid:country/BDI,2019,135121.7218
dcs:who/AIR_7.ENVCAUSE--ENVCAUSE114__SEX--F,dcid:country/BDI,2019,8190.37326
dcs:who/AIR_7.SEX--F,dcid:country/BDI,2019,59840.58432
dcs:who/AIR_7.ENVCAUSE--ENVCAUSE113,dcid:country/BDI,2019,21391.71534
dcs:who/AIR_7.ENVCAUSE--ENVCAUSE118__SEX--F,dcid:country/BDI,2019,2780.52811
dcs:who/AIR_7.ENVCAUSE--ENVCAUSE118,dcid:country/BDI,2019,6631.11699
dcs:who/AIR_7.ENVCAUSE--ENVCAUSE113__SEX--F,dcid:country/BDI,2019,8373.62327
dcs:who/AIR_7.ENVCAUSE--ENVCAUSE039__SEX--F,dcid:country/BDI,2019,40376.39874
dcs:who/AIR_7.ENVCAUSE--ENVCAUSE068,dcid:country/BDI,2019,269.05398
dcs:who/AIR_7.ENVCAUSE--ENVCAUSE039,dcid:country/BDI,2019,89801.35782
dcs:who/AIR_7.ENVCAUSE--ENVCAUSE039,dcid:country/BEL,2019,7483.76768
dcs:who/AIR_7.ENVCAUSE--ENVCAUSE118__SEX--F,dcid:country/BEL,2019,5627.50287
dcs:who/AIR_7.ENVCAUSE--ENVCAUSE039__SEX--M,dcid:country/BEL,2019,3770.16352
dcs:who/AIR_7.ENVCAUSE--ENVCAUSE118,dcid:country/BEL,2019,12541.41213
dcs:who/AIR_7.ENVCAUSE--ENVCAUSE113__SEX--F,dcid:country/BEL,2019,14646.00962
dcs:who/AIR_7.ENVCAUSE--ENVCAUSE068__SEX--F,dcid:country/BEL,2019,2288.79934
dcs:who/AIR_7.SEX--F,dcid:country/BEL,2019,31996.26601
dcs:who/AIR_7.ENVCAUSE--ENVCAUSE113,dcid:country/BEL,2019,35782.54938
dcs:who/AIR_7.ENVCAUSE--ENVCAUSE118__SEX--M,dcid:country/BEL,2019,6913.90926
dcs:who/AIR_7.ENVCAUSE--ENVCAUSE113__SEX--M,dcid:country/BEL,2019,21136.53976
dcs:who/AIR_7.ENVCAUSE--ENVCAUSE114,dcid:country/BEL,2019,10411.53804
dcs:who/AIR_7.SEX--M,dcid:country/BEL,2019,41396.37616
dcs:who/AIR_7.ENVCAUSE--ENVCAUSE039__SEX--F,dcid:country/BEL,2019,3713.60416
dcs:who/AIR_7,dcid:country/BEL,2019,73392.64217
dcs:who/AIR_7.ENVCAUSE--ENVCAUSE114__SEX--F,dcid:country/BEL,2019,5720.35002
dcs:who/AIR_7.ENVCAUSE--ENVCAUSE068,dcid:country/BEL,2019,7173.37495
dcs:who/AIR_7.ENVCAUSE--ENVCAUSE068__SEX--M,dcid:country/BEL,2019,4884.57561
dcs:who/AIR_7.ENVCAUSE--ENVCAUSE114__SEX--M,dcid:country/BEL,2019,4691.18802
dcs:who/AIR_7.ENVCAUSE--ENVCAUSE039,dcid:country/BEN,2019,123365.8732
dcs:who/AIR_7.SEX--M,dcid:country/BEN,2019,102027.2481
dcs:who/AIR_7.ENVCAUSE--ENVCAUSE113__SEX--F,dcid:country/BEN,2019,13521.96451
dcs:who/AIR_7,dcid:country/BEN,2019,184285.723
dcs:who/AIR_7.ENVCAUSE--ENVCAUSE068__SEX--M,dcid:country/BEN,2019,182.084
dcs:who/AIR_7.ENVCAUSE--ENVCAUSE118__SEX--M,dcid:country/BEN,2019,3965.30547
dcs:who/AIR_7.ENVCAUSE--ENVCAUSE039__SEX--F,dcid:country/BEN,2019,53853.21097
dcs:who/AIR_7.ENVCAUSE--ENVCAUSE068__SEX--F,dcid:country/BEN,2019,145.18561
dcs:who/AIR_7.ENVCAUSE--ENVCAUSE114__SEX--M,dcid:country/BEN,2019,11848.36442
dcs:who/AIR_7.ENVCAUSE--ENVCAUSE113,dcid:country/BEN,2019,30040.79656
dcs:who/AIR_7.ENVCAUSE--ENVCAUSE113__SEX--M,dcid:country/BEN,2019,16518.83206
dcs:who/AIR_7.ENVCAUSE--ENVCAUSE118__SEX--F,dcid:country/BEN,2019,3280.09371
dcs:who/AIR_7.ENVCAUSE--ENVCAUSE039__SEX--M,dcid:country/BEN,2019,69512.66218
dcs:who/AIR_7.ENVCAUSE--ENVCAUSE118,dcid:country/BEN,2019,7245.39918
dcs:who/AIR_7.ENVCAUSE--ENVCAUSE114__SEX--F,dcid:country/BEN,2019,11458.02011
dcs:who/AIR_7.ENVCAUSE--ENVCAUSE114,dcid:country/BEN,2019,23306.38453
dcs:who/AIR_7.ENVCAUSE--ENVCAUSE068,dcid:country/BEN,2019,327.26961
dcs:who/AIR_7.SEX--F,dcid:country/BEN,2019,82258.47491
dcs:who/AIR_7.ENVCAUSE--ENVCAUSE118__SEX--M,dcid:country/BFA,2019,4499.54181
dcs:who/AIR_7.ENVCAUSE--ENVCAUSE068__SEX--F,dcid:country/BFA,2019,369.6809
dcs:who/AIR_7.ENVCAUSE--ENVCAUSE113__SEX--M,dcid:country/BFA,2019,29839.39488
dcs:who/AIR_7.SEX--F,dcid:country/BFA,2019,139273.2757
dcs:who/AIR_7.ENVCAUSE--ENVCAUSE114__SEX--M,dcid:country/BFA,2019,16577.67378
dcs:who/AIR_7.ENVCAUSE--ENVCAUSE068__SEX--M,dcid:country/BFA,2019,891.42971
dcs:who/AIR_7.SEX--M,dcid:country/BFA,2019,181826.1233
dcs:who/AIR_7.ENVCAUSE--ENVCAUSE039__SEX--M,dcid:country/BFA,2019,130018.0831
dcs:who/AIR_7.ENVCAUSE--ENVCAUSE113__SEX--F,dcid:country/BFA,2019,20566.34847
dcs:who/AIR_7.ENVCAUSE--ENVCAUSE118,dcid:country/BFA,2019,8633.02212
dcs:who/AIR_7.ENVCAUSE--ENVCAUSE039,dcid:country/BFA,2019,229897.6506
dcs:who/AIR_7.ENVCAUSE--ENVCAUSE039__SEX--F,dcid:country/BFA,2019,99879.5675
dcs:who/AIR_7,dcid:country/BFA,2019,321099.399
dcs:who/AIR_7.ENVCAUSE--ENVCAUSE113,dcid:country/BFA,2019,50405.74335
dcs:who/AIR_7.ENVCAUSE--ENVCAUSE118__SEX--F,dcid:country/BFA,2019,4133.48031
dcs:who/AIR_7.ENVCAUSE--ENVCAUSE068,dcid:country/BFA,2019,1261.11062
dcs:who/AIR_7.ENVCAUSE--ENVCAUSE114,dcid:country/BFA,2019,30901.87229
dcs:who/AIR_7.ENVCAUSE--ENVCAUSE114__SEX--F,dcid:country/BFA,2019,14324.19851
dcs:who/AIR_7.ENVCAUSE--ENVCAUSE118__SEX--M,dcid:country/BGD,2019,155951.9745
dcs:who/AIR_7.ENVCAUSE--ENVCAUSE068,dcid:country/BGD,2019,60884.5582
dcs:who/AIR_7,dcid:country/BGD,2019,1905831.953
dcs:who/AIR_7.SEX--M,dcid:country/BGD,2019,1092115.837
dcs:who/AIR_7.ENVCAUSE--ENVCAUSE039__SEX--F,dcid:country/BGD,2019,168763.684
dcs:who/AIR_7.ENVCAUSE--ENVCAUSE118__SEX--F,dcid:country/BGD,2019,114055.5378
dcs:who/AIR_7.ENVCAUSE--ENVCAUSE068__SEX--M,dcid:country/BGD,2019,45008.16126
dcs:who/AIR_7.ENVCAUSE--ENVCAUSE114,dcid:country/BGD,2019,547505.1731
dcs:who/AIR_7.ENVCAUSE--ENVCAUSE039,dcid:country/BGD,2019,360878.9873
dcs:who/AIR_7.ENVCAUSE--ENVCAUSE039__SEX--M,dcid:country/BGD,2019,192115.3033
dcs:who/AIR_7.ENVCAUSE--ENVCAUSE113__SEX--F,dcid:country/BGD,2019,262710.7597
dcs:who/AIR_7.ENVCAUSE--ENVCAUSE114__SEX--M,dcid:country/BGD,2019,295195.4359
dcs:who/AIR_7.ENVCAUSE--ENVCAUSE113__SEX--M,dcid:country/BGD,2019,403844.9623
dcs:who/AIR_7.ENVCAUSE--ENVCAUSE114__SEX--F,dcid:country/BGD,2019,252309.7372
dcs:who/AIR_7.ENVCAUSE--ENVCAUSE068__SEX--F,dcid:country/BGD,2019,15876.39694
dcs:who/AIR_7.ENVCAUSE--ENVCAUSE118,dcid:country/BGD,2019,270007.5124
dcs:who/AIR_7.ENVCAUSE--ENVCAUSE113,dcid:country/BGD,2019,666555.722
dcs:who/AIR_7.SEX--F,dcid:country/BGD,2019,813716.1157
dcs:who/AIR_7.ENVCAUSE--ENVCAUSE068__SEX--F,dcid:country/BGR,2019,1516.85844
dcs:who/AIR_7.ENVCAUSE--ENVCAUSE039,dcid:country/BGR,2019,5666.76357
dcs:who/AIR_7.ENVCAUSE--ENVCAUSE039__SEX--M,dcid:country/BGR,2019,3691.47287
dcs:who/AIR_7.SEX--F,dcid:country/BGR,2019,80523.35972
dcs:who/AIR_7.ENVCAUSE--ENVCAUSE114__SEX--M,dcid:country/BGR,2019,21912.61114
dcs:who/AIR_7.ENVCAUSE--ENVCAUSE114__SEX--F,dcid:country/BGR,2019,21877.93389
dcs:who/AIR_7.ENVCAUSE--ENVCAUSE068,dcid:country/BGR,2019,6648.53648
dcs:who/AIR_7.ENVCAUSE--ENVCAUSE113__SEX--F,dcid:country/BGR,2019,51137.67215
dcs:who/AIR_7.ENVCAUSE--ENVCAUSE118__SEX--M,dcid:country/BGR,2019,6788.00718
dcs:who/AIR_7.ENVCAUSE--ENVCAUSE039__SEX--F,dcid:country/BGR,2019,1975.29071
dcs:who/AIR_7.ENVCAUSE--ENVCAUSE114,dcid:country/BGR,2019,43790.54503
dcs:who/AIR_7.SEX--M,dcid:country/BGR,2019,107710.3489
dcs:who/AIR_7.ENVCAUSE--ENVCAUSE118,dcid:country/BGR,2019,10803.61171
dcs:who/AIR_7.ENVCAUSE--ENVCAUSE113__SEX--M,dcid:country/BGR,2019,70186.57966
dcs:who/AIR_7,dcid:country/BGR,2019,188233.7086
dcs:who/AIR_7.ENVCAUSE--ENVCAUSE113,dcid:country/BGR,2019,121324.2518
dcs:who/AIR_7.ENVCAUSE--ENVCAUSE118__SEX--F,dcid:country/BGR,2019,4015.60453
dcs:who/AIR_7.ENVCAUSE--ENVCAUSE068__SEX--M,dcid:country/BGR,2019,5131.67805
dcs:who/AIR_7.ENVCAUSE--ENVCAUSE114__SEX--M,dcid:country/BHR,2019,1083.75727
dcs:who/AIR_7.ENVCAUSE--ENVCAUSE068__SEX--M,dcid:country/BHR,2019,287.77676
dcs:who/AIR_7.ENVCAUSE--ENVCAUSE114__SEX--F,dcid:country/BHR,2019,658.91329
dcs:who/AIR_7.ENVCAUSE--ENVCAUSE068__SEX--F,dcid:country/BHR,2019,104.99373
dcs:who/AIR_7.SEX--M,dcid:country/BHR,2019,7998.31386
dcs:who/AIR_7.ENVCAUSE--ENVCAUSE113__SEX--F,dcid:country/BHR,2019,1663.1932
dcs:who/AIR_7.ENVCAUSE--ENVCAUSE118__SEX--M,dcid:country/BHR,2019,587.47972
dcs:who/AIR_7.SEX--F,dcid:country/BHR,2019,3094.52157
dcs:who/AIR_7.ENVCAUSE--ENVCAUSE039__SEX--M,dcid:country/BHR,2019,581.19507
dcs:who/AIR_7.ENVCAUSE--ENVCAUSE113__SEX--M,dcid:country/BHR,2019,5458.10503
dcs:who/AIR_7.ENVCAUSE--ENVCAUSE118__SEX--F,dcid:country/BHR,2019,366.59673
dcs:who/AIR_7.ENVCAUSE--ENVCAUSE039__SEX--F,dcid:country/BHR,2019,300.82462
dcs:who/AIR_7,dcid:country/BHR,2019,11092.83543
dcs:who/AIR_7.ENVCAUSE--ENVCAUSE113,dcid:country/BHR,2019,7121.29823
dcs:who/AIR_7.ENVCAUSE--ENVCAUSE118,dcid:country/BHR,2019,954.07646
dcs:who/AIR_7.ENVCAUSE--ENVCAUSE114,dcid:country/BHR,2019,1742.67056
dcs:who/AIR_7.ENVCAUSE--ENVCAUSE068,dcid:country/BHR,2019,392.77049
dcs:who/AIR_7.ENVCAUSE--ENVCAUSE039,dcid:country/BHR,2019,882.01968
dcs:who/AIR_7.ENVCAUSE--ENVCAUSE068__SEX--F,dcid:country/BHS,2019,2.73774
dcs:who/AIR_7.ENVCAUSE--ENVCAUSE114__SEX--F,dcid:country/BHS,2019,91.03651
dcs:who/AIR_7.ENVCAUSE--ENVCAUSE039__SEX--F,dcid:country/BHS,2019,38.86951
dcs:who/AIR_7.ENVCAUSE--ENVCAUSE068,dcid:country/BHS,2019,8.25214
dcs:who/AIR_7.ENVCAUSE--ENVCAUSE118__SEX--F,dcid:country/BHS,2019,8.19003
dcs:who/AIR_7.ENVCAUSE--ENVCAUSE113,dcid:country/BHS,2019,652.8197
dcs:who/AIR_7.ENVCAUSE--ENVCAUSE039,dcid:country/BHS,2019,93.74841
dcs:who/AIR_7.SEX--M,dcid:country/BHS,2019,608.94434
dcs:who/AIR_7.ENVCAUSE--ENVCAUSE113__SEX--F,dcid:country/BHS,2019,222.33757
dcs:who/AIR_7,dcid:country/BHS,2019,972.11571
dcs:who/AIR_7.SEX--F,dcid:country/BHS,2019,363.17137
dcs:who/AIR_7.ENVCAUSE--ENVCAUSE114__SEX--M,dcid:country/BHS,2019,102.29502
dcs:who/AIR_7.ENVCAUSE--ENVCAUSE118,dcid:country/BHS,2019,23.96393
dcs:who/AIR_7.ENVCAUSE--ENVCAUSE113__SEX--M,dcid:country/BHS,2019,430.48213
dcs:who/AIR_7.ENVCAUSE--ENVCAUSE118__SEX--M,dcid:country/BHS,2019,15.7739
dcs:who/AIR_7.ENVCAUSE--ENVCAUSE039__SEX--M,dcid:country/BHS,2019,54.8789
dcs:who/AIR_7.ENVCAUSE--ENVCAUSE068__SEX--M,dcid:country/BHS,2019,5.5144
dcs:who/AIR_7.ENVCAUSE--ENVCAUSE114,dcid:country/BHS,2019,193.33153
dcs:who/AIR_7.ENVCAUSE--ENVCAUSE039__SEX--F,dcid:country/BIH,2019,807.61839
dcs:who/AIR_7.ENVCAUSE--ENVCAUSE114,dcid:country/BIH,2019,20658.85379
dcs:who/AIR_7.ENVCAUSE--ENVCAUSE118,dcid:country/BIH,2019,4285.99158
dcs:who/AIR_7.SEX--F,dcid:country/BIH,2019,30450.66232
dcs:who/AIR_7,dcid:country/BIH,2019,67754.35869
dcs:who/AIR_7.ENVCAUSE--ENVCAUSE068__SEX--M,dcid:country/BIH,2019,4902.2132
dcs:who/AIR_7.ENVCAUSE--ENVCAUSE068,dcid:country/BIH,2019,6077.38458
dcs:who/AIR_7.ENVCAUSE--ENVCAUSE068__SEX--F,dcid:country/BIH,2019,1175.17138
dcs:who/AIR_7.ENVCAUSE--ENVCAUSE118__SEX--F,dcid:country/BIH,2019,1613.34136
dcs:who/AIR_7.ENVCAUSE--ENVCAUSE114__SEX--M,dcid:country/BIH,2019,9333.33277
dcs:who/AIR_7.ENVCAUSE--ENVCAUSE113,dcid:country/BIH,2019,34889.55477
dcs:who/AIR_7.SEX--M,dcid:country/BIH,2019,37303.69637
dcs:who/AIR_7.ENVCAUSE--ENVCAUSE039,dcid:country/BIH,2019,1842.57396
dcs:who/AIR_7.ENVCAUSE--ENVCAUSE114__SEX--F,dcid:country/BIH,2019,11325.52102
dcs:who/AIR_7.ENVCAUSE--ENVCAUSE113__SEX--F,dcid:country/BIH,2019,15529.01017
dcs:who/AIR_7.ENVCAUSE--ENVCAUSE118__SEX--M,dcid:country/BIH,2019,2672.65022
dcs:who/AIR_7.ENVCAUSE--ENVCAUSE039__SEX--M,dcid:country/BIH,2019,1034.95557
dcs:who/AIR_7.ENVCAUSE--ENVCAUSE113__SEX--M,dcid:country/BIH,2019,19360.5446
dcs:who/AIR_7.ENVCAUSE--ENVCAUSE114__SEX--M,dcid:country/BLR,2019,17559.94667
dcs:who/AIR_7.ENVCAUSE--ENVCAUSE113__SEX--F,dcid:country/BLR,2019,73589.27152
dcs:who/AIR_7.ENVCAUSE--ENVCAUSE118__SEX--M,dcid:country/BLR,2019,3911.91625
dcs:who/AIR_7.ENVCAUSE--ENVCAUSE068__SEX--M,dcid:country/BLR,2019,4934.20418
dcs:who/AIR_7.ENVCAUSE--ENVCAUSE039__SEX--F,dcid:country/BLR,2019,1091.00109
dcs:who/AIR_7.SEX--F,dcid:country/BLR,2019,95527.00043
dcs:who/AIR_7.ENVCAUSE--ENVCAUSE039__SEX--M,dcid:country/BLR,2019,3314.247
dcs:who/AIR_7.ENVCAUSE--ENVCAUSE114__SEX--F,dcid:country/BLR,2019,18272.22277
dcs:who/AIR_7.ENVCAUSE--ENVCAUSE068__SEX--F,dcid:country/BLR,2019,617.1028
dcs:who/AIR_7.SEX--M,dcid:country/BLR,2019,127118.4757
dcs:who/AIR_7.ENVCAUSE--ENVCAUSE113__SEX--M,dcid:country/BLR,2019,97398.16158
dcs:who/AIR_7.ENVCAUSE--ENVCAUSE118,dcid:country/BLR,2019,5869.3185
dcs:who/AIR_7.ENVCAUSE--ENVCAUSE118__SEX--F,dcid:country/BLR,2019,1957.40225
dcs:who/AIR_7,dcid:country/BLR,2019,222645.4761
dcs:who/AIR_7.ENVCAUSE--ENVCAUSE068,dcid:country/BLR,2019,5551.30698
dcs:who/AIR_7.ENVCAUSE--ENVCAUSE114,dcid:country/BLR,2019,35832.16944
dcs:who/AIR_7.ENVCAUSE--ENVCAUSE113,dcid:country/BLR,2019,170987.4331
dcs:who/AIR_7.ENVCAUSE--ENVCAUSE039,dcid:country/BLR,2019,4405.24809
dcs:who/AIR_7.ENVCAUSE--ENVCAUSE114__SEX--M,dcid:country/BLZ,2019,136.65961
dcs:who/AIR_7.ENVCAUSE--ENVCAUSE113__SEX--F,dcid:country/BLZ,2019,231.38647
dcs:who/AIR_7.ENVCAUSE--ENVCAUSE039__SEX--F,dcid:country/BLZ,2019,100.67284
dcs:who/AIR_7.ENVCAUSE--ENVCAUSE114__SEX--F,dcid:country/BLZ,2019,103.90002
dcs:who/AIR_7.ENVCAUSE--ENVCAUSE039,dcid:country/BLZ,2019,250.5552
dcs:who/AIR_7.ENVCAUSE--ENVCAUSE114,dcid:country/BLZ,2019,240.55963
dcs:who/AIR_7.ENVCAUSE--ENVCAUSE039__SEX--M,dcid:country/BLZ,2019,149.88235
dcs:who/AIR_7.ENVCAUSE--ENVCAUSE068__SEX--M,dcid:country/BLZ,2019,25.7523
dcs:who/AIR_7.SEX--M,dcid:country/BLZ,2019,779.7408
dcs:who/AIR_7.ENVCAUSE--ENVCAUSE068__SEX--F,dcid:country/BLZ,2019,10.17813
dcs:who/AIR_7.ENVCAUSE--ENVCAUSE118__SEX--F,dcid:country/BLZ,2019,29.15224
dcs:who/AIR_7.SEX--F,dcid:country/BLZ,2019,475.2897
dcs:who/AIR_7.ENVCAUSE--ENVCAUSE068,dcid:country/BLZ,2019,35.93042
dcs:who/AIR_7,dcid:country/BLZ,2019,1255.03049
dcs:who/AIR_7.ENVCAUSE--ENVCAUSE118,dcid:country/BLZ,2019,87.84894
dcs:who/AIR_7.ENVCAUSE--ENVCAUSE113,dcid:country/BLZ,2019,640.1363
dcs:who/AIR_7.ENVCAUSE--ENVCAUSE118__SEX--M,dcid:country/BLZ,2019,58.6967
dcs:who/AIR_7.ENVCAUSE--ENVCAUSE113__SEX--M,dcid:country/BLZ,2019,408.74983
dcs:who/AIR_7.ENVCAUSE--ENVCAUSE068__SEX--F,dcid:country/BOL,2019,770.59391
dcs:who/AIR_7.ENVCAUSE--ENVCAUSE039__SEX--M,dcid:country/BOL,2019,19472.8603
dcs:who/AIR_7.ENVCAUSE--ENVCAUSE068__SEX--M,dcid:country/BOL,2019,1234.35387
dcs:who/AIR_7.ENVCAUSE--ENVCAUSE114__SEX--M,dcid:country/BOL,2019,9124.73005
dcs:who/AIR_7.SEX--M,dcid:country/BOL,2019,57016.66216
dcs:who/AIR_7.ENVCAUSE--ENVCAUSE118__SEX--M,dcid:country/BOL,2019,4641.33642
dcs:who/AIR_7.SEX--F,dcid:country/BOL,2019,56314.1133
dcs:who/AIR_7.ENVCAUSE--ENVCAUSE113__SEX--M,dcid:country/BOL,2019,22543.38153
dcs:who/AIR_7.ENVCAUSE--ENVCAUSE114__SEX--F,dcid:country/BOL,2019,11610.39665
dcs:who/AIR_7.ENVCAUSE--ENVCAUSE118__SEX--F,dcid:country/BOL,2019,4787.84058
dcs:who/AIR_7.ENVCAUSE--ENVCAUSE113,dcid:country/BOL,2019,42067.8963
dcs:who/AIR_7.ENVCAUSE--ENVCAUSE068,dcid:country/BOL,2019,2004.94778
dcs:who/AIR_7.ENVCAUSE--ENVCAUSE039__SEX--F,dcid:country/BOL,2019,19620.76738
dcs:who/AIR_7.ENVCAUSE--ENVCAUSE118,dcid:country/BOL,2019,9429.177
dcs:who/AIR_7.ENVCAUSE--ENVCAUSE039,dcid:country/BOL,2019,39093.62768
dcs:who/AIR_7,dcid:country/BOL,2019,113330.7755
dcs:who/AIR_7.ENVCAUSE--ENVCAUSE113__SEX--F,dcid:country/BOL,2019,19524.51478
dcs:who/AIR_7.ENVCAUSE--ENVCAUSE114,dcid:country/BOL,2019,20735.1267
dcs:who/AIR_7.ENVCAUSE--ENVCAUSE118__SEX--F,dcid:country/BRA,2019,48271.47797
dcs:who/AIR_7.ENVCAUSE--ENVCAUSE068__SEX--F,dcid:country/BRA,2019,15215.22356
dcs:who/AIR_7.ENVCAUSE--ENVCAUSE114__SEX--F,dcid:country/BRA,2019,111511.6759
dcs:who/AIR_7.SEX--M,dcid:country/BRA,2019,683538.1448
dcs:who/AIR_7.ENVCAUSE--ENVCAUSE114__SEX--M,dcid:country/BRA,2019,120584.5438
dcs:who/AIR_7.ENVCAUSE--ENVCAUSE039__SEX--M,dcid:country/BRA,2019,117483.2634
dcs:who/AIR_7,dcid:country/BRA,2019,1176274.064
dcs:who/AIR_7.ENVCAUSE--ENVCAUSE068__SEX--M,dcid:country/BRA,2019,20092.57273
dcs:who/AIR_7.ENVCAUSE--ENVCAUSE113,dcid:country/BRA,2019,594954.0524
dcs:who/AIR_7.ENVCAUSE--ENVCAUSE113__SEX--M,dcid:country/BRA,2019,370008.6456
dcs:who/AIR_7.ENVCAUSE--ENVCAUSE039__SEX--F,dcid:country/BRA,2019,92792.13496
dcs:who/AIR_7.ENVCAUSE--ENVCAUSE118,dcid:country/BRA,2019,103640.5973
dcs:who/AIR_7.ENVCAUSE--ENVCAUSE113__SEX--F,dcid:country/BRA,2019,224945.4068
dcs:who/AIR_7.ENVCAUSE--ENVCAUSE068,dcid:country/BRA,2019,35307.79629
dcs:who/AIR_7.ENVCAUSE--ENVCAUSE114,dcid:country/BRA,2019,232096.2197
dcs:who/AIR_7.ENVCAUSE--ENVCAUSE039,dcid:country/BRA,2019,210275.3983
dcs:who/AIR_7.SEX--F,dcid:country/BRA,2019,492735.9192
dcs:who/AIR_7.ENVCAUSE--ENVCAUSE118__SEX--M,dcid:country/BRA,2019,55369.11929
dcs:who/AIR_7.ENVCAUSE--ENVCAUSE068__SEX--F,dcid:country/BRB,2019,16.37137
dcs:who/AIR_7.ENVCAUSE--ENVCAUSE068__SEX--M,dcid:country/BRB,2019,23.85306
dcs:who/AIR_7.ENVCAUSE--ENVCAUSE114__SEX--F,dcid:country/BRB,2019,258.4112
dcs:who/AIR_7.ENVCAUSE--ENVCAUSE113__SEX--M,dcid:country/BRB,2019,515.92757
dcs:who/AIR_7.ENVCAUSE--ENVCAUSE068,dcid:country/BRB,2019,40.22443
dcs:who/AIR_7.ENVCAUSE--ENVCAUSE118__SEX--M,dcid:country/BRB,2019,54.07689
dcs:who/AIR_7.ENVCAUSE--ENVCAUSE118__SEX--F,dcid:country/BRB,2019,39.0832
dcs:who/AIR_7.ENVCAUSE--ENVCAUSE113__SEX--F,dcid:country/BRB,2019,417.75556
dcs:who/AIR_7.ENVCAUSE--ENVCAUSE039__SEX--M,dcid:country/BRB,2019,140.92221
dcs:who/AIR_7.ENVCAUSE--ENVCAUSE114__SEX--M,dcid:country/BRB,2019,247.40933
dcs:who/AIR_7.ENVCAUSE--ENVCAUSE039,dcid:country/BRB,2019,291.54816
dcs:who/AIR_7.ENVCAUSE--ENVCAUSE039__SEX--F,dcid:country/BRB,2019,150.62594
dcs:who/AIR_7.ENVCAUSE--ENVCAUSE114,dcid:country/BRB,2019,505.82053
dcs:who/AIR_7.SEX--F,dcid:country/BRB,2019,882.24726
dcs:who/AIR_7.SEX--M,dcid:country/BRB,2019,982.18906
dcs:who/AIR_7.ENVCAUSE--ENVCAUSE113,dcid:country/BRB,2019,933.68312
dcs:who/AIR_7,dcid:country/BRB,2019,1864.43632
dcs:who/AIR_7.ENVCAUSE--ENVCAUSE118,dcid:country/BRB,2019,93.16008
dcs:who/AIR_7.ENVCAUSE--ENVCAUSE039__SEX--M,dcid:country/BRN,2019,63.93712
dcs:who/AIR_7.SEX--M,dcid:country/BRN,2019,1094.14731
dcs:who/AIR_7.ENVCAUSE--ENVCAUSE068__SEX--F,dcid:country/BRN,2019,19.7999
dcs:who/AIR_7.ENVCAUSE--ENVCAUSE114__SEX--M,dcid:country/BRN,2019,188.25168
dcs:who/AIR_7.ENVCAUSE--ENVCAUSE113__SEX--M,dcid:country/BRN,2019,777.08983
dcs:who/AIR_7.ENVCAUSE--ENVCAUSE118__SEX--M,dcid:country/BRN,2019,44.72262
dcs:who/AIR_7.SEX--F,dcid:country/BRN,2019,509.36144
dcs:who/AIR_7.ENVCAUSE--ENVCAUSE068__SEX--M,dcid:country/BRN,2019,20.14606
dcs:who/AIR_7.ENVCAUSE--ENVCAUSE114__SEX--F,dcid:country/BRN,2019,174.17271
dcs:who/AIR_7.ENVCAUSE--ENVCAUSE113__SEX--F,dcid:country/BRN,2019,243.14389
dcs:who/AIR_7.ENVCAUSE--ENVCAUSE118,dcid:country/BRN,2019,77.67419
dcs:who/AIR_7.ENVCAUSE--ENVCAUSE113,dcid:country/BRN,2019,1020.23372
dcs:who/AIR_7.ENVCAUSE--ENVCAUSE039,dcid:country/BRN,2019,103.23049
dcs:who/AIR_7.ENVCAUSE--ENVCAUSE068,dcid:country/BRN,2019,39.94596
dcs:who/AIR_7,dcid:country/BRN,2019,1603.50875
dcs:who/AIR_7.ENVCAUSE--ENVCAUSE114,dcid:country/BRN,2019,362.42438
dcs:who/AIR_7.ENVCAUSE--ENVCAUSE118__SEX--F,dcid:country/BRN,2019,32.95157
dcs:who/AIR_7.ENVCAUSE--ENVCAUSE039__SEX--F,dcid:country/BRN,2019,39.29338
dcs:who/AIR_7.ENVCAUSE--ENVCAUSE113__SEX--M,dcid:country/BTN,2019,2041.75392
dcs:who/AIR_7.ENVCAUSE--ENVCAUSE114,dcid:country/BTN,2019,1078.20351
dcs:who/AIR_7.SEX--M,dcid:country/BTN,2019,4381.48278
dcs:who/AIR_7.ENVCAUSE--ENVCAUSE039__SEX--F,dcid:country/BTN,2019,633.94831
dcs:who/AIR_7.ENVCAUSE--ENVCAUSE039,dcid:country/BTN,2019,1408.70075
dcs:who/AIR_7.ENVCAUSE--ENVCAUSE118__SEX--F,dcid:country/BTN,2019,797.34261
dcs:who/AIR_7.ENVCAUSE--ENVCAUSE113__SEX--F,dcid:country/BTN,2019,1131.59949
dcs:who/AIR_7.ENVCAUSE--ENVCAUSE114__SEX--M,dcid:country/BTN,2019,597.19375
dcs:who/AIR_7.ENVCAUSE--ENVCAUSE068__SEX--F,dcid:country/BTN,2019,84.56038
dcs:who/AIR_7.ENVCAUSE--ENVCAUSE068,dcid:country/BTN,2019,159.76879
dcs:who/AIR_7.ENVCAUSE--ENVCAUSE118,dcid:country/BTN,2019,1689.91687
dcs:who/AIR_7.ENVCAUSE--ENVCAUSE114__SEX--F,dcid:country/BTN,2019,481.00976
dcs:who/AIR_7.ENVCAUSE--ENVCAUSE068__SEX--M,dcid:country/BTN,2019,75.20841
dcs:who/AIR_7.ENVCAUSE--ENVCAUSE039__SEX--M,dcid:country/BTN,2019,774.75244
dcs:who/AIR_7.ENVCAUSE--ENVCAUSE118__SEX--M,dcid:country/BTN,2019,892.57426
dcs:who/AIR_7.ENVCAUSE--ENVCAUSE113,dcid:country/BTN,2019,3173.35341
dcs:who/AIR_7,dcid:country/BTN,2019,7509.94333
dcs:who/AIR_7.SEX--F,dcid:country/BTN,2019,3128.46054
dcs:who/AIR_7.ENVCAUSE--ENVCAUSE039,dcid:country/BWA,2019,8390.79648
dcs:who/AIR_7.SEX--M,dcid:country/BWA,2019,11711.21237
dcs:who/AIR_7.ENVCAUSE--ENVCAUSE068__SEX--F,dcid:country/BWA,2019,13.44366
dcs:who/AIR_7.ENVCAUSE--ENVCAUSE114,dcid:country/BWA,2019,3937.62693
dcs:who/AIR_7.ENVCAUSE--ENVCAUSE068__SEX--M,dcid:country/BWA,2019,62.25226
dcs:who/AIR_7.ENVCAUSE--ENVCAUSE118,dcid:country/BWA,2019,1418.81211
dcs:who/AIR_7.ENVCAUSE--ENVCAUSE114__SEX--M,dcid:country/BWA,2019,1880.79156
dcs:who/AIR_7.ENVCAUSE--ENVCAUSE068,dcid:country/BWA,2019,75.69592
dcs:who/AIR_7.ENVCAUSE--ENVCAUSE113__SEX--M,dcid:country/BWA,2019,4207.45126
dcs:who/AIR_7.ENVCAUSE--ENVCAUSE118__SEX--F,dcid:country/BWA,2019,603.90203
dcs:who/AIR_7.SEX--F,dcid:country/BWA,2019,9338.04613
dcs:who/AIR_7.ENVCAUSE--ENVCAUSE039__SEX--F,dcid:country/BWA,2019,3644.98927
dcs:who/AIR_7.ENVCAUSE--ENVCAUSE113,dcid:country/BWA,2019,7226.32706
dcs:who/AIR_7.ENVCAUSE--ENVCAUSE039__SEX--M,dcid:country/BWA,2019,4745.80722
dcs:who/AIR_7.ENVCAUSE--ENVCAUSE118__SEX--M,dcid:country/BWA,2019,814.91008
dcs:who/AIR_7,dcid:country/BWA,2019,21049.2585
dcs:who/AIR_7.ENVCAUSE--ENVCAUSE113__SEX--F,dcid:country/BWA,2019,3018.8758
dcs:who/AIR_7.ENVCAUSE--ENVCAUSE114__SEX--F,dcid:country/BWA,2019,2056.83537
dcs:who/AIR_7.ENVCAUSE--ENVCAUSE039__SEX--M,dcid:country/CAF,2019,32941.41889
dcs:who/AIR_7.ENVCAUSE--ENVCAUSE039__SEX--F,dcid:country/CAF,2019,22100.42257
dcs:who/AIR_7,dcid:country/CAF,2019,87522.25439
dcs:who/AIR_7.SEX--F,dcid:country/CAF,2019,36494.07959
dcs:who/AIR_7.ENVCAUSE--ENVCAUSE118__SEX--M,dcid:country/CAF,2019,2285.15941
dcs:who/AIR_7.ENVCAUSE--ENVCAUSE068__SEX--F,dcid:country/CAF,2019,59.18927
dcs:who/AIR_7.ENVCAUSE--ENVCAUSE068,dcid:country/CAF,2019,147.75015
dcs:who/AIR_7.ENVCAUSE--ENVCAUSE118__SEX--F,dcid:country/CAF,2019,1750.83846
dcs:who/AIR_7.ENVCAUSE--ENVCAUSE113__SEX--F,dcid:country/CAF,2019,6796.85002
dcs:who/AIR_7.SEX--M,dcid:country/CAF,2019,51028.1748
dcs:who/AIR_7.ENVCAUSE--ENVCAUSE068__SEX--M,dcid:country/CAF,2019,88.56088
dcs:who/AIR_7.ENVCAUSE--ENVCAUSE114__SEX--M,dcid:country/CAF,2019,6368.1503
dcs:who/AIR_7.ENVCAUSE--ENVCAUSE114__SEX--F,dcid:country/CAF,2019,5786.77926
dcs:who/AIR_7.ENVCAUSE--ENVCAUSE113__SEX--M,dcid:country/CAF,2019,9344.88531
dcs:who/AIR_7.ENVCAUSE--ENVCAUSE113,dcid:country/CAF,2019,16141.73534
dcs:who/AIR_7.ENVCAUSE--ENVCAUSE114,dcid:country/CAF,2019,12154.92956
dcs:who/AIR_7.ENVCAUSE--ENVCAUSE118,dcid:country/CAF,2019,4035.99787
dcs:who/AIR_7.ENVCAUSE--ENVCAUSE039,dcid:country/CAF,2019,55041.84147
dcs:who/AIR_7.ENVCAUSE--ENVCAUSE039__SEX--M,dcid:country/CAN,2019,2761.241
dcs:who/AIR_7.ENVCAUSE--ENVCAUSE039__SEX--F,dcid:country/CAN,2019,2689.4774
dcs:who/AIR_7.ENVCAUSE--ENVCAUSE118,dcid:country/CAN,2019,14246.83855
dcs:who/AIR_7.ENVCAUSE--ENVCAUSE068__SEX--M,dcid:country/CAN,2019,4325.14624
dcs:who/AIR_7.ENVCAUSE--ENVCAUSE068__SEX--F,dcid:country/CAN,2019,3934.27315
dcs:who/AIR_7.ENVCAUSE--ENVCAUSE114,dcid:country/CAN,2019,15317.16589
dcs:who/AIR_7.ENVCAUSE--ENVCAUSE114__SEX--F,dcid:country/CAN,2019,7959.76946
dcs:who/AIR_7.ENVCAUSE--ENVCAUSE114__SEX--M,dcid:country/CAN,2019,7357.39643
dcs:who/AIR_7,dcid:country/CAN,2019,118125.7724
dcs:who/AIR_7.ENVCAUSE--ENVCAUSE039,dcid:country/CAN,2019,5450.7184
dcs:who/AIR_7.ENVCAUSE--ENVCAUSE113__SEX--M,dcid:country/CAN,2019,48293.1589
dcs:who/AIR_7.ENVCAUSE--ENVCAUSE068,dcid:country/CAN,2019,8259.41938
dcs:who/AIR_7.ENVCAUSE--ENVCAUSE113,dcid:country/CAN,2019,74851.63021
dcs:who/AIR_7.ENVCAUSE--ENVCAUSE113__SEX--F,dcid:country/CAN,2019,26558.47131
dcs:who/AIR_7.ENVCAUSE--ENVCAUSE118__SEX--M,dcid:country/CAN,2019,6980.41047
dcs:who/AIR_7.ENVCAUSE--ENVCAUSE118__SEX--F,dcid:country/CAN,2019,7266.42808
dcs:who/AIR_7.SEX--M,dcid:country/CAN,2019,69717.35303
dcs:who/AIR_7.SEX--F,dcid:country/CAN,2019,48408.4194
dcs:who/AIR_7.ENVCAUSE--ENVCAUSE114__SEX--F,dcid:country/CHE,2019,2599.8212
dcs:who/AIR_7.ENVCAUSE--ENVCAUSE118__SEX--F,dcid:country/CHE,2019,2193.23796
dcs:who/AIR_7.ENVCAUSE--ENVCAUSE118__SEX--M,dcid:country/CHE,2019,2389.69124
dcs:who/AIR_7.ENVCAUSE--ENVCAUSE113__SEX--F,dcid:country/CHE,2019,8231.70283
dcs:who/AIR_7.ENVCAUSE--ENVCAUSE114,dcid:country/CHE,2019,4669.65768
dcs:who/AIR_7.ENVCAUSE--ENVCAUSE068__SEX--M,dcid:country/CHE,2019,1659.2086
dcs:who/AIR_7.ENVCAUSE--ENVCAUSE068__SEX--F,dcid:country/CHE,2019,1040.78174
dcs:who/AIR_7.ENVCAUSE--ENVCAUSE113__SEX--M,dcid:country/CHE,2019,12695.09646
dcs:who/AIR_7.ENVCAUSE--ENVCAUSE114__SEX--M,dcid:country/CHE,2019,2069.83648
dcs:who/AIR_7.ENVCAUSE--ENVCAUSE113,dcid:country/CHE,2019,20926.79929
dcs:who/AIR_7.ENVCAUSE--ENVCAUSE039__SEX--M,dcid:country/CHE,2019,1010.24968
dcs:who/AIR_7.ENVCAUSE--ENVCAUSE068,dcid:country/CHE,2019,2699.99034
dcs:who/AIR_7.SEX--M,dcid:country/CHE,2019,19824.08246
dcs:who/AIR_7.ENVCAUSE--ENVCAUSE039,dcid:country/CHE,2019,1969.69759
dcs:who/AIR_7.ENVCAUSE--ENVCAUSE118,dcid:country/CHE,2019,4582.92921
dcs:who/AIR_7.ENVCAUSE--ENVCAUSE039__SEX--F,dcid:country/CHE,2019,959.4479
dcs:who/AIR_7,dcid:country/CHE,2019,34849.0741
dcs:who/AIR_7.SEX--F,dcid:country/CHE,2019,15024.99164
dcs:who/AIR_7.ENVCAUSE--ENVCAUSE113,dcid:country/CHL,2019,41341.85894
dcs:who/AIR_7.ENVCAUSE--ENVCAUSE114__SEX--M,dcid:country/CHL,2019,11844.38679
dcs:who/AIR_7.SEX--M,dcid:country/CHL,2019,54569.5221
dcs:who/AIR_7.ENVCAUSE--ENVCAUSE114,dcid:country/CHL,2019,23449.70885
dcs:who/AIR_7,dcid:country/CHL,2019,93428.51012
dcs:who/AIR_7.ENVCAUSE--ENVCAUSE113__SEX--F,dcid:country/CHL,2019,14366.19934
dcs:who/AIR_7.ENVCAUSE--ENVCAUSE113__SEX--M,dcid:country/CHL,2019,26975.6596
dcs:who/AIR_7.ENVCAUSE--ENVCAUSE068,dcid:country/CHL,2019,6761.59894
dcs:who/AIR_7.ENVCAUSE--ENVCAUSE039,dcid:country/CHL,2019,11271.69921
dcs:who/AIR_7.ENVCAUSE--ENVCAUSE068__SEX--F,dcid:country/CHL,2019,2714.95956
dcs:who/AIR_7.SEX--F,dcid:country/CHL,2019,38858.98802
dcs:who/AIR_7.ENVCAUSE--ENVCAUSE114__SEX--F,dcid:country/CHL,2019,11605.32205
dcs:who/AIR_7.ENVCAUSE--ENVCAUSE039__SEX--F,dcid:country/CHL,2019,4918.56241
dcs:who/AIR_7.ENVCAUSE--ENVCAUSE039__SEX--M,dcid:country/CHL,2019,6353.13679
dcs:who/AIR_7.ENVCAUSE--ENVCAUSE118__SEX--M,dcid:country/CHL,2019,5349.69954
dcs:who/AIR_7.ENVCAUSE--ENVCAUSE068__SEX--M,dcid:country/CHL,2019,4046.63937
dcs:who/AIR_7.ENVCAUSE--ENVCAUSE118__SEX--F,dcid:country/CHL,2019,5253.94466
dcs:who/AIR_7.ENVCAUSE--ENVCAUSE118,dcid:country/CHL,2019,10603.6442
dcs:who/AIR_7.ENVCAUSE--ENVCAUSE118__SEX--M,dcid:country/CHN,2019,2088272.157
dcs:who/AIR_7.ENVCAUSE--ENVCAUSE114__SEX--M,dcid:country/CHN,2019,4575036.821
dcs:who/AIR_7.ENVCAUSE--ENVCAUSE118__SEX--F,dcid:country/CHN,2019,1656105.425
dcs:who/AIR_7.ENVCAUSE--ENVCAUSE068__SEX--F,dcid:country/CHN,2019,796226.1759
dcs:who/AIR_7.ENVCAUSE--ENVCAUSE113,dcid:country/CHN,2019,8258219.246
dcs:who/AIR_7,dcid:country/CHN,2019,23487499.43
dcs:who/AIR_7.ENVCAUSE--ENVCAUSE114__SEX--F,dcid:country/CHN,2019,3123156.712
dcs:who/AIR_7.ENVCAUSE--ENVCAUSE113__SEX--M,dcid:country/CHN,2019,5067209.152
dcs:who/AIR_7.ENVCAUSE--ENVCAUSE039,dcid:country/CHN,2019,1146429.113
dcs:who/AIR_7.SEX--M,dcid:country/CHN,2019,14256329.15
dcs:who/AIR_7.ENVCAUSE--ENVCAUSE039__SEX--F,dcid:country/CHN,2019,464671.8691
dcs:who/AIR_7.SEX--F,dcid:country/CHN,2019,9231170.276
dcs:who/AIR_7.ENVCAUSE--ENVCAUSE113__SEX--F,dcid:country/CHN,2019,3191010.094
dcs:who/AIR_7.ENVCAUSE--ENVCAUSE039__SEX--M,dcid:country/CHN,2019,681757.244
dcs:who/AIR_7.ENVCAUSE--ENVCAUSE068,dcid:country/CHN,2019,2640279.955
dcs:who/AIR_7.ENVCAUSE--ENVCAUSE068__SEX--M,dcid:country/CHN,2019,1844053.779
dcs:who/AIR_7.ENVCAUSE--ENVCAUSE118,dcid:country/CHN,2019,3744377.583
dcs:who/AIR_7.ENVCAUSE--ENVCAUSE114,dcid:country/CHN,2019,7698193.534
dcs:who/AIR_7.ENVCAUSE--ENVCAUSE068__SEX--M,dcid:country/CIV,2019,853.7041
dcs:who/AIR_7.ENVCAUSE--ENVCAUSE039__SEX--M,dcid:country/CIV,2019,185399.23
dcs:who/AIR_7.ENVCAUSE--ENVCAUSE068__SEX--F,dcid:country/CIV,2019,383.93594
dcs:who/AIR_7.ENVCAUSE--ENVCAUSE068,dcid:country/CIV,2019,1237.64004
dcs:who/AIR_7.ENVCAUSE--ENVCAUSE114,dcid:country/CIV,2019,47761.06605
dcs:who/AIR_7.ENVCAUSE--ENVCAUSE113__SEX--F,dcid:country/CIV,2019,23215.32537
dcs:who/AIR_7.ENVCAUSE--ENVCAUSE113,dcid:country/CIV,2019,69849.81045
dcs:who/AIR_7.SEX--F,dcid:country/CIV,2019,177375.2989
dcs:who/AIR_7.ENVCAUSE--ENVCAUSE118__SEX--F,dcid:country/CIV,2019,5498.76032
dcs:who/AIR_7,dcid:country/CIV,2019,450303.7208
dcs:who/AIR_7.ENVCAUSE--ENVCAUSE114__SEX--M,dcid:country/CIV,2019,29603.1925
dcs:who/AIR_7.ENVCAUSE--ENVCAUSE114__SEX--F,dcid:country/CIV,2019,18157.87355
dcs:who/AIR_7.ENVCAUSE--ENVCAUSE039,dcid:country/CIV,2019,315518.6338
dcs:who/AIR_7.ENVCAUSE--ENVCAUSE113__SEX--M,dcid:country/CIV,2019,46634.48508
dcs:who/AIR_7.ENVCAUSE--ENVCAUSE039__SEX--F,dcid:country/CIV,2019,130119.4038
dcs:who/AIR_7.ENVCAUSE--ENVCAUSE118,dcid:country/CIV,2019,15936.57045
dcs:who/AIR_7.SEX--M,dcid:country/CIV,2019,272928.4218
dcs:who/AIR_7.ENVCAUSE--ENVCAUSE118__SEX--M,dcid:country/CIV,2019,10437.81012
dcs:who/AIR_7.ENVCAUSE--ENVCAUSE114,dcid:country/CMR,2019,62907.23592
dcs:who/AIR_7.ENVCAUSE--ENVCAUSE113__SEX--M,dcid:country/CMR,2019,42598.40453
dcs:who/AIR_7.ENVCAUSE--ENVCAUSE118__SEX--M,dcid:country/CMR,2019,11722.73017
dcs:who/AIR_7.ENVCAUSE--ENVCAUSE118,dcid:country/CMR,2019,21018.31628
dcs:who/AIR_7.ENVCAUSE--ENVCAUSE068__SEX--F,dcid:country/CMR,2019,714.28935
dcs:who/AIR_7.ENVCAUSE--ENVCAUSE039__SEX--F,dcid:country/CMR,2019,143788.5589
dcs:who/AIR_7.ENVCAUSE--ENVCAUSE114__SEX--F,dcid:country/CMR,2019,29543.80988
dcs:who/AIR_7,dcid:country/CMR,2019,489092.13
dcs:who/AIR_7.ENVCAUSE--ENVCAUSE114__SEX--M,dcid:country/CMR,2019,33363.42603
dcs:who/AIR_7.ENVCAUSE--ENVCAUSE068,dcid:country/CMR,2019,2049.62993
dcs:who/AIR_7.ENVCAUSE--ENVCAUSE068__SEX--M,dcid:country/CMR,2019,1335.34058
dcs:who/AIR_7.SEX--F,dcid:country/CMR,2019,214184.8646
dcs:who/AIR_7.SEX--M,dcid:country/CMR,2019,274907.2654
dcs:who/AIR_7.ENVCAUSE--ENVCAUSE113,dcid:country/CMR,2019,73441.02491
dcs:who/AIR_7.ENVCAUSE--ENVCAUSE039__SEX--M,dcid:country/CMR,2019,185887.3641
dcs:who/AIR_7.ENVCAUSE--ENVCAUSE113__SEX--F,dcid:country/CMR,2019,30842.62038
dcs:who/AIR_7.ENVCAUSE--ENVCAUSE039,dcid:country/CMR,2019,329675.923
dcs:who/AIR_7.ENVCAUSE--ENVCAUSE118__SEX--F,dcid:country/CMR,2019,9295.58611
dcs:who/AIR_7.ENVCAUSE--ENVCAUSE113__SEX--M,dcid:country/COD,2019,97858.26295
dcs:who/AIR_7.ENVCAUSE--ENVCAUSE039,dcid:country/COD,2019,878205.3869
dcs:who/AIR_7.ENVCAUSE--ENVCAUSE068__SEX--F,dcid:country/COD,2019,1803.83504
dcs:who/AIR_7.ENVCAUSE--ENVCAUSE114__SEX--M,dcid:country/COD,2019,67139.845
dcs:who/AIR_7.ENVCAUSE--ENVCAUSE118,dcid:country/COD,2019,59709.74705
dcs:who/AIR_7.ENVCAUSE--ENVCAUSE068__SEX--M,dcid:country/COD,2019,1752.9052
dcs:who/AIR_7.SEX--M,dcid:country/COD,2019,704252.7283
dcs:who/AIR_7,dcid:country/COD,2019,1246096.897
dcs:who/AIR_7.ENVCAUSE--ENVCAUSE039__SEX--F,dcid:country/COD,2019,372332.4837
dcs:who/AIR_7.ENVCAUSE--ENVCAUSE039__SEX--M,dcid:country/COD,2019,505872.9033
dcs:who/AIR_7.ENVCAUSE--ENVCAUSE068,dcid:country/COD,2019,3556.74024
dcs:who/AIR_7.ENVCAUSE--ENVCAUSE113,dcid:country/COD,2019,176408.4062
dcs:who/AIR_7.ENVCAUSE--ENVCAUSE114__SEX--F,dcid:country/COD,2019,61076.77139
dcs:who/AIR_7.ENVCAUSE--ENVCAUSE118__SEX--M,dcid:country/COD,2019,31628.81192
dcs:who/AIR_7.ENVCAUSE--ENVCAUSE113__SEX--F,dcid:country/COD,2019,78550.14326
dcs:who/AIR_7.ENVCAUSE--ENVCAUSE118__SEX--F,dcid:country/COD,2019,28080.93513
dcs:who/AIR_7.ENVCAUSE--ENVCAUSE114,dcid:country/COD,2019,128216.6164
dcs:who/AIR_7.SEX--F,dcid:country/COD,2019,541844.1685
dcs:who/AIR_7.ENVCAUSE--ENVCAUSE068,dcid:country/COG,2019,159.90489
dcs:who/AIR_7.SEX--M,dcid:country/COG,2019,25683.10417
dcs:who/AIR_7.ENVCAUSE--ENVCAUSE118__SEX--M,dcid:country/COG,2019,1333.15824
dcs:who/AIR_7.ENVCAUSE--ENVCAUSE039__SEX--F,dcid:country/COG,2019,11161.45699
dcs:who/AIR_7.ENVCAUSE--ENVCAUSE118,dcid:country/COG,2019,2823.61196
dcs:who/AIR_7.ENVCAUSE--ENVCAUSE068__SEX--F,dcid:country/COG,2019,72.01224
dcs:who/AIR_7.ENVCAUSE--ENVCAUSE113__SEX--F,dcid:country/COG,2019,6718.13411
dcs:who/AIR_7.ENVCAUSE--ENVCAUSE118__SEX--F,dcid:country/COG,2019,1490.45372
dcs:who/AIR_7.ENVCAUSE--ENVCAUSE114,dcid:country/COG,2019,8477.07476
dcs:who/AIR_7.ENVCAUSE--ENVCAUSE114__SEX--M,dcid:country/COG,2019,3784.96765
dcs:who/AIR_7.ENVCAUSE--ENVCAUSE113__SEX--M,dcid:country/COG,2019,6522.84809
dcs:who/AIR_7.SEX--F,dcid:country/COG,2019,24134.16417
dcs:who/AIR_7.ENVCAUSE--ENVCAUSE113,dcid:country/COG,2019,13240.9822
dcs:who/AIR_7,dcid:country/COG,2019,49817.26834
dcs:who/AIR_7.ENVCAUSE--ENVCAUSE039__SEX--M,dcid:country/COG,2019,13954.23754
dcs:who/AIR_7.ENVCAUSE--ENVCAUSE114__SEX--F,dcid:country/COG,2019,4692.10711
dcs:who/AIR_7.ENVCAUSE--ENVCAUSE039,dcid:country/COG,2019,25115.69453
dcs:who/AIR_7.ENVCAUSE--ENVCAUSE068__SEX--M,dcid:country/COG,2019,87.89265
dcs:who/AIR_7.ENVCAUSE--ENVCAUSE039__SEX--F,dcid:country/COL,2019,16433.57725
dcs:who/AIR_7.ENVCAUSE--ENVCAUSE039__SEX--M,dcid:country/COL,2019,19217.58989
dcs:who/AIR_7.ENVCAUSE--ENVCAUSE068__SEX--M,dcid:country/COL,2019,4177.77432
dcs:who/AIR_7.SEX--F,dcid:country/COL,2019,107605.4902
dcs:who/AIR_7.ENVCAUSE--ENVCAUSE039,dcid:country/COL,2019,35651.16714
dcs:who/AIR_7.ENVCAUSE--ENVCAUSE114__SEX--F,dcid:country/COL,2019,18645.84002
dcs:who/AIR_7.ENVCAUSE--ENVCAUSE113__SEX--F,dcid:country/COL,2019,56227.35012
dcs:who/AIR_7,dcid:country/COL,2019,234356.2192
dcs:who/AIR_7.ENVCAUSE--ENVCAUSE114__SEX--M,dcid:country/COL,2019,15322.48592
dcs:who/AIR_7.ENVCAUSE--ENVCAUSE068,dcid:country/COL,2019,7290.9213
dcs:who/AIR_7.ENVCAUSE--ENVCAUSE113__SEX--M,dcid:country/COL,2019,74351.67375
dcs:who/AIR_7.ENVCAUSE--ENVCAUSE118__SEX--F,dcid:country/COL,2019,13185.5758
dcs:who/AIR_7.SEX--M,dcid:country/COL,2019,126750.7291
dcs:who/AIR_7.ENVCAUSE--ENVCAUSE068__SEX--F,dcid:country/COL,2019,3113.14698
dcs:who/AIR_7.ENVCAUSE--ENVCAUSE118__SEX--M,dcid:country/COL,2019,13681.20519
dcs:who/AIR_7.ENVCAUSE--ENVCAUSE114,dcid:country/COL,2019,33968.32594
dcs:who/AIR_7.ENVCAUSE--ENVCAUSE113,dcid:country/COL,2019,130579.0239
dcs:who/AIR_7.ENVCAUSE--ENVCAUSE118,dcid:country/COL,2019,26866.78098
dcs:who/AIR_7.ENVCAUSE--ENVCAUSE039__SEX--M,dcid:country/COM,2019,2326.82483
dcs:who/AIR_7.ENVCAUSE--ENVCAUSE118,dcid:country/COM,2019,279.43729
dcs:who/AIR_7.ENVCAUSE--ENVCAUSE068__SEX--F,dcid:country/COM,2019,0.15651
dcs:who/AIR_7.ENVCAUSE--ENVCAUSE039__SEX--F,dcid:country/COM,2019,1938.64167
dcs:who/AIR_7.ENVCAUSE--ENVCAUSE113__SEX--M,dcid:country/COM,2019,930.2716
dcs:who/AIR_7,dcid:country/COM,2019,7166.55687
dcs:who/AIR_7.ENVCAUSE--ENVCAUSE114__SEX--F,dcid:country/COM,2019,538.61749
dcs:who/AIR_7.SEX--F,dcid:country/COM,2019,3275.03581
dcs:who/AIR_7.ENVCAUSE--ENVCAUSE039,dcid:country/COM,2019,4265.4665
dcs:who/AIR_7.ENVCAUSE--ENVCAUSE113,dcid:country/COM,2019,1613.63905
dcs:who/AIR_7.ENVCAUSE--ENVCAUSE068__SEX--M,dcid:country/COM,2019,2.5081
dcs:who/AIR_7.ENVCAUSE--ENVCAUSE068,dcid:country/COM,2019,2.66461
dcs:who/AIR_7.ENVCAUSE--ENVCAUSE113__SEX--F,dcid:country/COM,2019,683.36745
dcs:who/AIR_7.ENVCAUSE--ENVCAUSE114__SEX--M,dcid:country/COM,2019,466.73193
dcs:who/AIR_7.SEX--M,dcid:country/COM,2019,3891.52105
dcs:who/AIR_7.ENVCAUSE--ENVCAUSE118__SEX--F,dcid:country/COM,2019,114.2527
dcs:who/AIR_7.ENVCAUSE--ENVCAUSE114,dcid:country/COM,2019,1005.34942
dcs:who/AIR_7.ENVCAUSE--ENVCAUSE118__SEX--M,dcid:country/COM,2019,165.18459
dcs:who/AIR_7,dcid:country/CPV,2019,4862.45772
dcs:who/AIR_7.ENVCAUSE--ENVCAUSE068__SEX--F,dcid:country/CPV,2019,46.04923
dcs:who/AIR_7.ENVCAUSE--ENVCAUSE118,dcid:country/CPV,2019,318.27911
dcs:who/AIR_7.ENVCAUSE--ENVCAUSE118__SEX--M,dcid:country/CPV,2019,165.99342
dcs:who/AIR_7.ENVCAUSE--ENVCAUSE068,dcid:country/CPV,2019,110.1051
dcs:who/AIR_7.SEX--F,dcid:country/CPV,2019,2094.30936
dcs:who/AIR_7.ENVCAUSE--ENVCAUSE039,dcid:country/CPV,2019,1449.08041
dcs:who/AIR_7.ENVCAUSE--ENVCAUSE113__SEX--M,dcid:country/CPV,2019,1083.1369
dcs:who/AIR_7.ENVCAUSE--ENVCAUSE039__SEX--M,dcid:country/CPV,2019,888.10294
dcs:who/AIR_7.ENVCAUSE--ENVCAUSE118__SEX--F,dcid:country/CPV,2019,152.28569
dcs:who/AIR_7.ENVCAUSE--ENVCAUSE113__SEX--F,dcid:country/CPV,2019,931.17588
dcs:who/AIR_7.ENVCAUSE--ENVCAUSE114__SEX--F,dcid:country/CPV,2019,403.82109
dcs:who/AIR_7.ENVCAUSE--ENVCAUSE114,dcid:country/CPV,2019,970.68032
dcs:who/AIR_7.ENVCAUSE--ENVCAUSE114__SEX--M,dcid:country/CPV,2019,566.85923
dcs:who/AIR_7.ENVCAUSE--ENVCAUSE068__SEX--M,dcid:country/CPV,2019,64.05587
dcs:who/AIR_7.SEX--M,dcid:country/CPV,2019,2768.14836
dcs:who/AIR_7.ENVCAUSE--ENVCAUSE039__SEX--F,dcid:country/CPV,2019,560.97747
dcs:who/AIR_7.ENVCAUSE--ENVCAUSE113,dcid:country/CPV,2019,2014.31278
dcs:who/AIR_7.ENVCAUSE--ENVCAUSE068__SEX--F,dcid:country/CRI,2019,170.97671
dcs:who/AIR_7.ENVCAUSE--ENVCAUSE039,dcid:country/CRI,2019,2755.28878
dcs:who/AIR_7.ENVCAUSE--ENVCAUSE114__SEX--M,dcid:country/CRI,2019,1632.47697
dcs:who/AIR_7.ENVCAUSE--ENVCAUSE068__SEX--M,dcid:country/CRI,2019,341.44011
dcs:who/AIR_7.SEX--F,dcid:country/CRI,2019,6931.40561
dcs:who/AIR_7.ENVCAUSE--ENVCAUSE039__SEX--F,dcid:country/CRI,2019,1062.67666
dcs:who/AIR_7.ENVCAUSE--ENVCAUSE039__SEX--M,dcid:country/CRI,2019,1692.61212
dcs:who/AIR_7.ENVCAUSE--ENVCAUSE114,dcid:country/CRI,2019,3315.33592
dcs:who/AIR_7.ENVCAUSE--ENVCAUSE068,dcid:country/CRI,2019,512.41681
dcs:who/AIR_7.SEX--M,dcid:country/CRI,2019,11262.9839
dcs:who/AIR_7.ENVCAUSE--ENVCAUSE114__SEX--F,dcid:country/CRI,2019,1682.85895
dcs:who/AIR_7.ENVCAUSE--ENVCAUSE118__SEX--M,dcid:country/CRI,2019,1053.53649
dcs:who/AIR_7.ENVCAUSE--ENVCAUSE113__SEX--M,dcid:country/CRI,2019,6542.91821
dcs:who/AIR_7,dcid:country/CRI,2019,18194.38951
dcs:who/AIR_7.ENVCAUSE--ENVCAUSE118__SEX--F,dcid:country/CRI,2019,881.39004
dcs:who/AIR_7.ENVCAUSE--ENVCAUSE113__SEX--F,dcid:country/CRI,2019,3133.50325
dcs:who/AIR_7.ENVCAUSE--ENVCAUSE113,dcid:country/CRI,2019,9676.42147
dcs:who/AIR_7.ENVCAUSE--ENVCAUSE118,dcid:country/CRI,2019,1934.92654
dcs:who/AIR_7.ENVCAUSE--ENVCAUSE118,dcid:country/CUB,2019,10836.50399
dcs:who/AIR_7.SEX--F,dcid:country/CUB,2019,51639.44011
dcs:who/AIR_7.ENVCAUSE--ENVCAUSE039,dcid:country/CUB,2019,17168.22566
dcs:who/AIR_7.SEX--M,dcid:country/CUB,2019,69457.39181
dcs:who/AIR_7.ENVCAUSE--ENVCAUSE118__SEX--M,dcid:country/CUB,2019,5599.93716
dcs:who/AIR_7.ENVCAUSE--ENVCAUSE118__SEX--F,dcid:country/CUB,2019,5236.56683
dcs:who/AIR_7,dcid:country/CUB,2019,121096.8319
dcs:who/AIR_7.ENVCAUSE--ENVCAUSE068__SEX--M,dcid:country/CUB,2019,4886.78243
dcs:who/AIR_7.ENVCAUSE--ENVCAUSE114__SEX--M,dcid:country/CUB,2019,10403.69152
dcs:who/AIR_7.ENVCAUSE--ENVCAUSE039__SEX--F,dcid:country/CUB,2019,7710.50186
dcs:who/AIR_7.ENVCAUSE--ENVCAUSE068__SEX--F,dcid:country/CUB,2019,2819.07853
dcs:who/AIR_7.ENVCAUSE--ENVCAUSE113__SEX--M,dcid:country/CUB,2019,39109.25689
dcs:who/AIR_7.ENVCAUSE--ENVCAUSE039__SEX--M,dcid:country/CUB,2019,9457.7238
dcs:who/AIR_7.ENVCAUSE--ENVCAUSE114__SEX--F,dcid:country/CUB,2019,8797.3356
dcs:who/AIR_7.ENVCAUSE--ENVCAUSE068,dcid:country/CUB,2019,7705.86096
dcs:who/AIR_7.ENVCAUSE--ENVCAUSE113,dcid:country/CUB,2019,66185.21418
dcs:who/AIR_7.ENVCAUSE--ENVCAUSE113__SEX--F,dcid:country/CUB,2019,27075.95729
dcs:who/AIR_7.ENVCAUSE--ENVCAUSE114,dcid:country/CUB,2019,19201.02712
dcs:who/AIR_7,dcid:country/CYP,2019,5861.96558
dcs:who/AIR_7.ENVCAUSE--ENVCAUSE118,dcid:country/CYP,2019,780.94398
dcs:who/AIR_7.ENVCAUSE--ENVCAUSE039,dcid:country/CYP,2019,186.61145
dcs:who/AIR_7.ENVCAUSE--ENVCAUSE068__SEX--F,dcid:country/CYP,2019,101.38531
dcs:who/AIR_7.ENVCAUSE--ENVCAUSE068__SEX--M,dcid:country/CYP,2019,360.61306
dcs:who/AIR_7.ENVCAUSE--ENVCAUSE114__SEX--F,dcid:country/CYP,2019,436.03538
dcs:who/AIR_7.SEX--F,dcid:country/CYP,2019,2000.69535
dcs:who/AIR_7.ENVCAUSE--ENVCAUSE113__SEX--F,dcid:country/CYP,2019,1074.20631
dcs:who/AIR_7.ENVCAUSE--ENVCAUSE118__SEX--M,dcid:country/CYP,2019,471.402
dcs:who/AIR_7.ENVCAUSE--ENVCAUSE118__SEX--F,dcid:country/CYP,2019,309.54198
dcs:who/AIR_7.ENVCAUSE--ENVCAUSE114__SEX--M,dcid:country/CYP,2019,405.97247
dcs:who/AIR_7.ENVCAUSE--ENVCAUSE068,dcid:country/CYP,2019,461.99837
dcs:who/AIR_7.ENVCAUSE--ENVCAUSE114,dcid:country/CYP,2019,842.00785
dcs:who/AIR_7.SEX--M,dcid:country/CYP,2019,3861.27023
dcs:who/AIR_7.ENVCAUSE--ENVCAUSE039__SEX--M,dcid:country/CYP,2019,107.08508
dcs:who/AIR_7.ENVCAUSE--ENVCAUSE039__SEX--F,dcid:country/CYP,2019,79.52636
dcs:who/AIR_7.ENVCAUSE--ENVCAUSE113__SEX--M,dcid:country/CYP,2019,2516.19762
dcs:who/AIR_7.ENVCAUSE--ENVCAUSE113,dcid:country/CYP,2019,3590.40393
dcs:who/AIR_7.ENVCAUSE--ENVCAUSE068__SEX--M,dcid:country/CZE,2019,5070.43598
dcs:who/AIR_7,dcid:country/CZE,2019,130586.8232
dcs:who/AIR_7.ENVCAUSE--ENVCAUSE118__SEX--M,dcid:country/CZE,2019,6475.49131
dcs:who/AIR_7.ENVCAUSE--ENVCAUSE068,dcid:country/CZE,2019,7655.81755
dcs:who/AIR_7.SEX--F,dcid:country/CZE,2019,55541.21994
dcs:who/AIR_7.SEX--M,dcid:country/CZE,2019,75045.60329
dcs:who/AIR_7.ENVCAUSE--ENVCAUSE113__SEX--F,dcid:country/CZE,2019,36330.67194
dcs:who/AIR_7.ENVCAUSE--ENVCAUSE114__SEX--M,dcid:country/CZE,2019,7589.08622
dcs:who/AIR_7.ENVCAUSE--ENVCAUSE039,dcid:country/CZE,2019,9606.51368
dcs:who/AIR_7.ENVCAUSE--ENVCAUSE114,dcid:country/CZE,2019,16013.52757
dcs:who/AIR_7.ENVCAUSE--ENVCAUSE113__SEX--M,dcid:country/CZE,2019,50293.69109
dcs:who/AIR_7.ENVCAUSE--ENVCAUSE039__SEX--M,dcid:country/CZE,2019,5616.8987
dcs:who/AIR_7.ENVCAUSE--ENVCAUSE114__SEX--F,dcid:country/CZE,2019,8424.44135
dcs:who/AIR_7.ENVCAUSE--ENVCAUSE039__SEX--F,dcid:country/CZE,2019,3989.61498
dcs:who/AIR_7.ENVCAUSE--ENVCAUSE068__SEX--F,dcid:country/CZE,2019,2585.38158
dcs:who/AIR_7.ENVCAUSE--ENVCAUSE118__SEX--F,dcid:country/CZE,2019,4211.11009
dcs:who/AIR_7.ENVCAUSE--ENVCAUSE113,dcid:country/CZE,2019,86624.36303
dcs:who/AIR_7.ENVCAUSE--ENVCAUSE118,dcid:country/CZE,2019,10686.6014
dcs:who/AIR_7,dcid:country/DEU,2019,616714.2157
dcs:who/AIR_7.ENVCAUSE--ENVCAUSE114,dcid:country/DEU,2019,80538.70595
dcs:who/AIR_7.ENVCAUSE--ENVCAUSE113,dcid:country/DEU,2019,364162.3511
dcs:who/AIR_7.ENVCAUSE--ENVCAUSE068,dcid:country/DEU,2019,48119.31721
dcs:who/AIR_7.ENVCAUSE--ENVCAUSE039__SEX--F,dcid:country/DEU,2019,12472.28093
dcs:who/AIR_7.ENVCAUSE--ENVCAUSE039__SEX--M,dcid:country/DEU,2019,19932.36948
dcs:who/AIR_7.ENVCAUSE--ENVCAUSE113__SEX--F,dcid:country/DEU,2019,123259.2403
dcs:who/AIR_7.ENVCAUSE--ENVCAUSE068__SEX--M,dcid:country/DEU,2019,30627.80163
dcs:who/AIR_7.ENVCAUSE--ENVCAUSE118__SEX--F,dcid:country/DEU,2019,42499.88609
dcs:who/AIR_7.ENVCAUSE--ENVCAUSE113__SEX--M,dcid:country/DEU,2019,240903.1108
dcs:who/AIR_7.ENVCAUSE--ENVCAUSE039,dcid:country/DEU,2019,32404.65042
dcs:who/AIR_7.SEX--M,dcid:country/DEU,2019,381692.1384
dcs:who/AIR_7.ENVCAUSE--ENVCAUSE114__SEX--F,dcid:country/DEU,2019,39299.15441
dcs:who/AIR_7.ENVCAUSE--ENVCAUSE118__SEX--M,dcid:country/DEU,2019,48989.30492
dcs:who/AIR_7.ENVCAUSE--ENVCAUSE118,dcid:country/DEU,2019,91489.19101
dcs:who/AIR_7.SEX--F,dcid:country/DEU,2019,235022.0774
dcs:who/AIR_7.ENVCAUSE--ENVCAUSE114__SEX--M,dcid:country/DEU,2019,41239.55153
dcs:who/AIR_7.ENVCAUSE--ENVCAUSE068__SEX--F,dcid:country/DEU,2019,17491.51558
dcs:who/AIR_7.SEX--M,dcid:country/DJI,2019,6457.93773
dcs:who/AIR_7.ENVCAUSE--ENVCAUSE068__SEX--M,dcid:country/DJI,2019,32.7173
dcs:who/AIR_7.ENVCAUSE--ENVCAUSE113__SEX--F,dcid:country/DJI,2019,1349.50533
dcs:who/AIR_7.ENVCAUSE--ENVCAUSE118__SEX--M,dcid:country/DJI,2019,308.4424
dcs:who/AIR_7.ENVCAUSE--ENVCAUSE039__SEX--F,dcid:country/DJI,2019,2205.68118
dcs:who/AIR_7.ENVCAUSE--ENVCAUSE118,dcid:country/DJI,2019,503.81233
dcs:who/AIR_7.ENVCAUSE--ENVCAUSE113,dcid:country/DJI,2019,3488.20383
dcs:who/AIR_7.SEX--F,dcid:country/DJI,2019,4869.57233
dcs:who/AIR_7,dcid:country/DJI,2019,11327.51006
dcs:who/AIR_7.ENVCAUSE--ENVCAUSE068,dcid:country/DJI,2019,56.53225
dcs:who/AIR_7.ENVCAUSE--ENVCAUSE113__SEX--M,dcid:country/DJI,2019,2138.6985
dcs:who/AIR_7.ENVCAUSE--ENVCAUSE068__SEX--F,dcid:country/DJI,2019,23.81495
dcs:who/AIR_7.ENVCAUSE--ENVCAUSE114,dcid:country/DJI,2019,2284.11889
dcs:who/AIR_7.ENVCAUSE--ENVCAUSE039__SEX--M,dcid:country/DJI,2019,2789.16158
dcs:who/AIR_7.ENVCAUSE--ENVCAUSE114__SEX--M,dcid:country/DJI,2019,1188.91794
dcs:who/AIR_7.ENVCAUSE--ENVCAUSE114__SEX--F,dcid:country/DJI,2019,1095.20095
dcs:who/AIR_7.ENVCAUSE--ENVCAUSE118__SEX--F,dcid:country/DJI,2019,195.36993
dcs:who/AIR_7.ENVCAUSE--ENVCAUSE039,dcid:country/DJI,2019,4994.84275
dcs:who/AIR_7.ENVCAUSE--ENVCAUSE113,dcid:country/DNK,2019,12805.6777
dcs:who/AIR_7.ENVCAUSE--ENVCAUSE068__SEX--M,dcid:country/DNK,2019,1528.59357
dcs:who/AIR_7.SEX--F,dcid:country/DNK,2019,13233.64097
dcs:who/AIR_7.ENVCAUSE--ENVCAUSE114__SEX--M,dcid:country/DNK,2019,2384.13445
dcs:who/AIR_7.ENVCAUSE--ENVCAUSE113__SEX--F,dcid:country/DNK,2019,4414.96687
dcs:who/AIR_7.ENVCAUSE--ENVCAUSE039__SEX--F,dcid:country/DNK,2019,1158.31138
dcs:who/AIR_7.ENVCAUSE--ENVCAUSE039,dcid:country/DNK,2019,2607.56239
dcs:who/AIR_7.ENVCAUSE--ENVCAUSE068,dcid:country/DNK,2019,2985.44698
dcs:who/AIR_7.ENVCAUSE--ENVCAUSE114,dcid:country/DNK,2019,4877.7739
dcs:who/AIR_7.ENVCAUSE--ENVCAUSE039__SEX--M,dcid:country/DNK,2019,1449.25102
dcs:who/AIR_7.ENVCAUSE--ENVCAUSE068__SEX--F,dcid:country/DNK,2019,1456.85341
dcs:who/AIR_7,dcid:country/DNK,2019,30336.45373
dcs:who/AIR_7.ENVCAUSE--ENVCAUSE114__SEX--F,dcid:country/DNK,2019,2493.63946
dcs:who/AIR_7.ENVCAUSE--ENVCAUSE118__SEX--F,dcid:country/DNK,2019,3709.86987
dcs:who/AIR_7.ENVCAUSE--ENVCAUSE118__SEX--M,dcid:country/DNK,2019,3350.12289
dcs:who/AIR_7.ENVCAUSE--ENVCAUSE118,dcid:country/DNK,2019,7059.99276
dcs:who/AIR_7.SEX--M,dcid:country/DNK,2019,17102.81276
dcs:who/AIR_7.ENVCAUSE--ENVCAUSE113__SEX--M,dcid:country/DNK,2019,8390.71083
dcs:who/AIR_7.ENVCAUSE--ENVCAUSE118__SEX--M,dcid:country/DOM,2019,923.37322
dcs:who/AIR_7.SEX--F,dcid:country/DOM,2019,23570.15297
dcs:who/AIR_7.ENVCAUSE--ENVCAUSE114__SEX--M,dcid:country/DOM,2019,5882.41662
dcs:who/AIR_7.ENVCAUSE--ENVCAUSE039__SEX--M,dcid:country/DOM,2019,2828.98176
dcs:who/AIR_7.ENVCAUSE--ENVCAUSE118,dcid:country/DOM,2019,1624.78011
dcs:who/AIR_7.SEX--M,dcid:country/DOM,2019,33933.65877
dcs:who/AIR_7.ENVCAUSE--ENVCAUSE118__SEX--F,dcid:country/DOM,2019,701.40689
dcs:who/AIR_7.ENVCAUSE--ENVCAUSE113__SEX--M,dcid:country/DOM,2019,23829.24436
dcs:who/AIR_7.ENVCAUSE--ENVCAUSE039,dcid:country/DOM,2019,5106.04177
dcs:who/AIR_7.ENVCAUSE--ENVCAUSE114__SEX--F,dcid:country/DOM,2019,4979.56152
dcs:who/AIR_7.ENVCAUSE--ENVCAUSE113__SEX--F,dcid:country/DOM,2019,15276.9583
dcs:who/AIR_7.ENVCAUSE--ENVCAUSE114,dcid:country/DOM,2019,10861.97814
dcs:who/AIR_7,dcid:country/DOM,2019,57503.81174
dcs:who/AIR_7.ENVCAUSE--ENVCAUSE068__SEX--F,dcid:country/DOM,2019,335.16626
dcs:who/AIR_7.ENVCAUSE--ENVCAUSE068__SEX--M,dcid:country/DOM,2019,469.64281
dcs:who/AIR_7.ENVCAUSE--ENVCAUSE039__SEX--F,dcid:country/DOM,2019,2277.06
dcs:who/AIR_7.ENVCAUSE--ENVCAUSE113,dcid:country/DOM,2019,39106.20267
dcs:who/AIR_7.ENVCAUSE--ENVCAUSE068,dcid:country/DOM,2019,804.80906
dcs:who/AIR_7.ENVCAUSE--ENVCAUSE068__SEX--M,dcid:country/DZA,2019,9091.84888
dcs:who/AIR_7.ENVCAUSE--ENVCAUSE114__SEX--M,dcid:country/DZA,2019,28916.5998
dcs:who/AIR_7.SEX--M,dcid:country/DZA,2019,192002.4495
dcs:who/AIR_7.ENVCAUSE--ENVCAUSE039__SEX--M,dcid:country/DZA,2019,28596.34751
dcs:who/AIR_7.ENVCAUSE--ENVCAUSE118,dcid:country/DZA,2019,18846.1425
dcs:who/AIR_7.SEX--F,dcid:country/DZA,2019,159062.2034
dcs:who/AIR_7,dcid:country/DZA,2019,351064.653
dcs:who/AIR_7.ENVCAUSE--ENVCAUSE068,dcid:country/DZA,2019,10561.10889
dcs:who/AIR_7.ENVCAUSE--ENVCAUSE039,dcid:country/DZA,2019,53638.14146
dcs:who/AIR_7.ENVCAUSE--ENVCAUSE114__SEX--F,dcid:country/DZA,2019,33792.07357
dcs:who/AIR_7.ENVCAUSE--ENVCAUSE118__SEX--F,dcid:country/DZA,2019,8113.15023
dcs:who/AIR_7.ENVCAUSE--ENVCAUSE113__SEX--F,dcid:country/DZA,2019,90645.92568
dcs:who/AIR_7.ENVCAUSE--ENVCAUSE068__SEX--F,dcid:country/DZA,2019,1469.26002
dcs:who/AIR_7.ENVCAUSE--ENVCAUSE114,dcid:country/DZA,2019,62708.67337
dcs:who/AIR_7.ENVCAUSE--ENVCAUSE113__SEX--M,dcid:country/DZA,2019,114664.6611
dcs:who/AIR_7.ENVCAUSE--ENVCAUSE118__SEX--M,dcid:country/DZA,2019,10732.99227
dcs:who/AIR_7.ENVCAUSE--ENVCAUSE039__SEX--F,dcid:country/DZA,2019,25041.79394
dcs:who/AIR_7.ENVCAUSE--ENVCAUSE113,dcid:country/DZA,2019,205310.5867
dcs:who/AIR_7.ENVCAUSE--ENVCAUSE114__SEX--F,dcid:country/ECU,2019,6928.17762
dcs:who/AIR_7.ENVCAUSE--ENVCAUSE039__SEX--F,dcid:country/ECU,2019,9106.87702
dcs:who/AIR_7.ENVCAUSE--ENVCAUSE113,dcid:country/ECU,2019,35262.8578
dcs:who/AIR_7.SEX--F,dcid:country/ECU,2019,32452.47209
dcs:who/AIR_7.ENVCAUSE--ENVCAUSE118__SEX--M,dcid:country/ECU,2019,2740.99525
dcs:who/AIR_7.ENVCAUSE--ENVCAUSE118,dcid:country/ECU,2019,4934.29661
dcs:who/AIR_7.ENVCAUSE--ENVCAUSE039,dcid:country/ECU,2019,20550.39669
dcs:who/AIR_7.ENVCAUSE--ENVCAUSE068__SEX--M,dcid:country/ECU,2019,909.17841
dcs:who/AIR_7.ENVCAUSE--ENVCAUSE118__SEX--F,dcid:country/ECU,2019,2193.30135
dcs:who/AIR_7.ENVCAUSE--ENVCAUSE114__SEX--M,dcid:country/ECU,2019,6837.2437
dcs:who/AIR_7.ENVCAUSE--ENVCAUSE039__SEX--M,dcid:country/ECU,2019,11443.51967
dcs:who/AIR_7,dcid:country/ECU,2019,76232.30158
dcs:who/AIR_7.ENVCAUSE--ENVCAUSE113__SEX--M,dcid:country/ECU,2019,21848.89246
dcs:who/AIR_7.ENVCAUSE--ENVCAUSE068__SEX--F,dcid:country/ECU,2019,810.15075
dcs:who/AIR_7.SEX--M,dcid:country/ECU,2019,43779.82949
dcs:who/AIR_7.ENVCAUSE--ENVCAUSE068,dcid:country/ECU,2019,1719.32916
dcs:who/AIR_7.ENVCAUSE--ENVCAUSE113__SEX--F,dcid:country/ECU,2019,13413.96534
dcs:who/AIR_7.ENVCAUSE--ENVCAUSE114,dcid:country/ECU,2019,13765.42132
dcs:who/AIR_7.SEX--M,dcid:country/EGY,2019,1104342.622
dcs:who/AIR_7,dcid:country/EGY,2019,1887640.488
dcs:who/AIR_7.ENVCAUSE--ENVCAUSE068__SEX--M,dcid:country/EGY,2019,24772.60977
dcs:who/AIR_7.ENVCAUSE--ENVCAUSE118__SEX--M,dcid:country/EGY,2019,74613.05571
dcs:who/AIR_7.ENVCAUSE--ENVCAUSE068__SEX--F,dcid:country/EGY,2019,10326.47767
dcs:who/AIR_7.ENVCAUSE--ENVCAUSE114__SEX--M,dcid:country/EGY,2019,127617.0684
dcs:who/AIR_7.ENVCAUSE--ENVCAUSE113,dcid:country/EGY,2019,1157514.976
dcs:who/AIR_7.ENVCAUSE--ENVCAUSE039,dcid:country/EGY,2019,317934.5548
dcs:who/AIR_7.ENVCAUSE--ENVCAUSE039__SEX--F,dcid:country/EGY,2019,137807.7894
dcs:who/AIR_7.ENVCAUSE--ENVCAUSE114,dcid:country/EGY,2019,254917.9783
dcs:who/AIR_7.SEX--F,dcid:country/EGY,2019,783297.8665
dcs:who/AIR_7.ENVCAUSE--ENVCAUSE039__SEX--M,dcid:country/EGY,2019,180126.7654
dcs:who/AIR_7.ENVCAUSE--ENVCAUSE118__SEX--F,dcid:country/EGY,2019,47560.83619
dcs:who/AIR_7.ENVCAUSE--ENVCAUSE068,dcid:country/EGY,2019,35099.08743
dcs:who/AIR_7.ENVCAUSE--ENVCAUSE114__SEX--F,dcid:country/EGY,2019,127300.9099
dcs:who/AIR_7.ENVCAUSE--ENVCAUSE113__SEX--M,dcid:country/EGY,2019,697213.1223
dcs:who/AIR_7.ENVCAUSE--ENVCAUSE113__SEX--F,dcid:country/EGY,2019,460301.8534
dcs:who/AIR_7.ENVCAUSE--ENVCAUSE118,dcid:country/EGY,2019,122173.8919
dcs:who/AIR_7.ENVCAUSE--ENVCAUSE114__SEX--M,dcid:country/ERI,2019,4402.52962
dcs:who/AIR_7.SEX--M,dcid:country/ERI,2019,26620.02724
dcs:who/AIR_7.ENVCAUSE--ENVCAUSE068__SEX--M,dcid:country/ERI,2019,93.25944
dcs:who/AIR_7.ENVCAUSE--ENVCAUSE039__SEX--M,dcid:country/ERI,2019,13713.20123
dcs:who/AIR_7.ENVCAUSE--ENVCAUSE113,dcid:country/ERI,2019,10700.1046
dcs:who/AIR_7.ENVCAUSE--ENVCAUSE113__SEX--F,dcid:country/ERI,2019,3877.37537
dcs:who/AIR_7.ENVCAUSE--ENVCAUSE118__SEX--M,dcid:country/ERI,2019,1588.30771
dcs:who/AIR_7.ENVCAUSE--ENVCAUSE068__SEX--F,dcid:country/ERI,2019,90.13222
dcs:who/AIR_7.ENVCAUSE--ENVCAUSE068,dcid:country/ERI,2019,183.39166
dcs:who/AIR_7.ENVCAUSE--ENVCAUSE039,dcid:country/ERI,2019,22171.22663
dcs:who/AIR_7.ENVCAUSE--ENVCAUSE114,dcid:country/ERI,2019,8411.32693
dcs:who/AIR_7.ENVCAUSE--ENVCAUSE114__SEX--F,dcid:country/ERI,2019,4008.79731
dcs:who/AIR_7.ENVCAUSE--ENVCAUSE113__SEX--M,dcid:country/ERI,2019,6822.72924
dcs:who/AIR_7.ENVCAUSE--ENVCAUSE039__SEX--F,dcid:country/ERI,2019,8458.0254
dcs:who/AIR_7,dcid:country/ERI,2019,44071.21344
dcs:who/AIR_7.ENVCAUSE--ENVCAUSE118__SEX--F,dcid:country/ERI,2019,1016.8559
dcs:who/AIR_7.ENVCAUSE--ENVCAUSE118,dcid:country/ERI,2019,2605.16361
dcs:who/AIR_7.SEX--F,dcid:country/ERI,2019,17451.1862
dcs:who/AIR_7.ENVCAUSE--ENVCAUSE118__SEX--M,dcid:country/ESP,2019,19343.78589
dcs:who/AIR_7.ENVCAUSE--ENVCAUSE114__SEX--F,dcid:country/ESP,2019,18285.23538
dcs:who/AIR_7.ENVCAUSE--ENVCAUSE113__SEX--M,dcid:country/ESP,2019,69713.35351
dcs:who/AIR_7.ENVCAUSE--ENVCAUSE068__SEX--M,dcid:country/ESP,2019,14486.26523
dcs:who/AIR_7.ENVCAUSE--ENVCAUSE113__SEX--F,dcid:country/ESP,2019,42002.79523
dcs:who/AIR_7.ENVCAUSE--ENVCAUSE114,dcid:country/ESP,2019,34838.11192
dcs:who/AIR_7.ENVCAUSE--ENVCAUSE068__SEX--F,dcid:country/ESP,2019,4430.38136
dcs:who/AIR_7,dcid:country/ESP,2019,209277.9841
dcs:who/AIR_7.ENVCAUSE--ENVCAUSE039__SEX--M,dcid:country/ESP,2019,8250.94602
dcs:who/AIR_7.ENVCAUSE--ENVCAUSE039,dcid:country/ESP,2019,14816.75653
dcs:who/AIR_7.SEX--M,dcid:country/ESP,2019,128347.2272
dcs:who/AIR_7.ENVCAUSE--ENVCAUSE118,dcid:country/ESP,2019,28990.32029
dcs:who/AIR_7.ENVCAUSE--ENVCAUSE118__SEX--F,dcid:country/ESP,2019,9646.5344
dcs:who/AIR_7.ENVCAUSE--ENVCAUSE039__SEX--F,dcid:country/ESP,2019,6565.81051
dcs:who/AIR_7.ENVCAUSE--ENVCAUSE068,dcid:country/ESP,2019,18916.64659
dcs:who/AIR_7.ENVCAUSE--ENVCAUSE113,dcid:country/ESP,2019,111716.1487
dcs:who/AIR_7.SEX--F,dcid:country/ESP,2019,80930.75689
dcs:who/AIR_7.ENVCAUSE--ENVCAUSE114__SEX--M,dcid:country/ESP,2019,16552.87654
dcs:who/AIR_7.ENVCAUSE--ENVCAUSE113,dcid:country/EST,2019,5209.05675
dcs:who/AIR_7.ENVCAUSE--ENVCAUSE118,dcid:country/EST,2019,235.55169
dcs:who/AIR_7.ENVCAUSE--ENVCAUSE068,dcid:country/EST,2019,265.00839
dcs:who/AIR_7.ENVCAUSE--ENVCAUSE114__SEX--M,dcid:country/EST,2019,547.74738
dcs:who/AIR_7.ENVCAUSE--ENVCAUSE068__SEX--M,dcid:country/EST,2019,200.02141
dcs:who/AIR_7,dcid:country/EST,2019,7149.62802
dcs:who/AIR_7.ENVCAUSE--ENVCAUSE114,dcid:country/EST,2019,1111.83566
dcs:who/AIR_7.ENVCAUSE--ENVCAUSE039__SEX--F,dcid:country/EST,2019,120.51797
dcs:who/AIR_7.ENVCAUSE--ENVCAUSE113__SEX--F,dcid:country/EST,2019,2280.67289
dcs:who/AIR_7.ENVCAUSE--ENVCAUSE118__SEX--F,dcid:country/EST,2019,84.5535
dcs:who/AIR_7.ENVCAUSE--ENVCAUSE114__SEX--F,dcid:country/EST,2019,564.08828
dcs:who/AIR_7.SEX--F,dcid:country/EST,2019,3114.81962
dcs:who/AIR_7.ENVCAUSE--ENVCAUSE118__SEX--M,dcid:country/EST,2019,150.9982
dcs:who/AIR_7.ENVCAUSE--ENVCAUSE039__SEX--M,dcid:country/EST,2019,207.65756
dcs:who/AIR_7.ENVCAUSE--ENVCAUSE113__SEX--M,dcid:country/EST,2019,2928.38386
dcs:who/AIR_7.ENVCAUSE--ENVCAUSE039,dcid:country/EST,2019,328.17553
dcs:who/AIR_7.SEX--M,dcid:country/EST,2019,4034.80841
dcs:who/AIR_7.ENVCAUSE--ENVCAUSE068__SEX--F,dcid:country/EST,2019,64.98698
dcs:who/AIR_7.SEX--M,dcid:country/ETH,2019,459968.5887
dcs:who/AIR_7.ENVCAUSE--ENVCAUSE039__SEX--M,dcid:country/ETH,2019,274920.1624
dcs:who/AIR_7.ENVCAUSE--ENVCAUSE114__SEX--M,dcid:country/ETH,2019,60522.69282
dcs:who/AIR_7.ENVCAUSE--ENVCAUSE068__SEX--M,dcid:country/ETH,2019,3340.26575
dcs:who/AIR_7.ENVCAUSE--ENVCAUSE118__SEX--M,dcid:country/ETH,2019,25732.54203
dcs:who/AIR_7.ENVCAUSE--ENVCAUSE068__SEX--F,dcid:country/ETH,2019,3282.94266
dcs:who/AIR_7.ENVCAUSE--ENVCAUSE113__SEX--M,dcid:country/ETH,2019,95452.92572
dcs:who/AIR_7.ENVCAUSE--ENVCAUSE118,dcid:country/ETH,2019,44402.15531
dcs:who/AIR_7.ENVCAUSE--ENVCAUSE114,dcid:country/ETH,2019,119887.8024
dcs:who/AIR_7.ENVCAUSE--ENVCAUSE068,dcid:country/ETH,2019,6623.2084
dcs:who/AIR_7.ENVCAUSE--ENVCAUSE039,dcid:country/ETH,2019,475312.351
dcs:who/AIR_7.ENVCAUSE--ENVCAUSE114__SEX--F,dcid:country/ETH,2019,59365.10962
dcs:who/AIR_7.SEX--F,dcid:country/ETH,2019,355272.2975
dcs:who/AIR_7.ENVCAUSE--ENVCAUSE113,dcid:country/ETH,2019,169015.369
dcs:who/AIR_7.ENVCAUSE--ENVCAUSE118__SEX--F,dcid:country/ETH,2019,18669.61328
dcs:who/AIR_7.ENVCAUSE--ENVCAUSE113__SEX--F,dcid:country/ETH,2019,73562.44331
dcs:who/AIR_7.ENVCAUSE--ENVCAUSE039__SEX--F,dcid:country/ETH,2019,200392.1886
dcs:who/AIR_7,dcid:country/ETH,2019,815240.8862
dcs:who/AIR_7.ENVCAUSE--ENVCAUSE039__SEX--M,dcid:country/FIN,2019,133.08164
dcs:who/AIR_7.ENVCAUSE--ENVCAUSE118__SEX--F,dcid:country/FIN,2019,417.87761
dcs:who/AIR_7.ENVCAUSE--ENVCAUSE118,dcid:country/FIN,2019,1131.47774
dcs:who/AIR_7.ENVCAUSE--ENVCAUSE039,dcid:country/FIN,2019,254.53126
dcs:who/AIR_7.ENVCAUSE--ENVCAUSE039__SEX--F,dcid:country/FIN,2019,121.44962
dcs:who/AIR_7.ENVCAUSE--ENVCAUSE114,dcid:country/FIN,2019,2787.52394
dcs:who/AIR_7.ENVCAUSE--ENVCAUSE113,dcid:country/FIN,2019,13025.84737
dcs:who/AIR_7.ENVCAUSE--ENVCAUSE114__SEX--F,dcid:country/FIN,2019,1465.11894
dcs:who/AIR_7.ENVCAUSE--ENVCAUSE118__SEX--M,dcid:country/FIN,2019,713.60013
dcs:who/AIR_7,dcid:country/FIN,2019,17788.63164
dcs:who/AIR_7.SEX--M,dcid:country/FIN,2019,11098.77167
dcs:who/AIR_7.ENVCAUSE--ENVCAUSE113__SEX--M,dcid:country/FIN,2019,8544.58891
dcs:who/AIR_7.ENVCAUSE--ENVCAUSE068,dcid:country/FIN,2019,589.25133
dcs:who/AIR_7.ENVCAUSE--ENVCAUSE068__SEX--F,dcid:country/FIN,2019,204.15534
dcs:who/AIR_7.ENVCAUSE--ENVCAUSE068__SEX--M,dcid:country/FIN,2019,385.096
dcs:who/AIR_7.SEX--F,dcid:country/FIN,2019,6689.85997
dcs:who/AIR_7.ENVCAUSE--ENVCAUSE114__SEX--M,dcid:country/FIN,2019,1322.405
dcs:who/AIR_7.ENVCAUSE--ENVCAUSE113__SEX--F,dcid:country/FIN,2019,4481.25847
dcs:who/AIR_7.ENVCAUSE--ENVCAUSE118,dcid:country/FJI,2019,187.35656
dcs:who/AIR_7.SEX--F,dcid:country/FJI,2019,2303.26792
dcs:who/AIR_7.ENVCAUSE--ENVCAUSE113__SEX--F,dcid:country/FJI,2019,1384.75445
dcs:who/AIR_7.ENVCAUSE--ENVCAUSE114,dcid:country/FJI,2019,996.53674
dcs:who/AIR_7.ENVCAUSE--ENVCAUSE114__SEX--F,dcid:country/FJI,2019,525.58821
dcs:who/AIR_7,dcid:country/FJI,2019,6958.77746
dcs:who/AIR_7.ENVCAUSE--ENVCAUSE039__SEX--M,dcid:country/FJI,2019,399.93733
dcs:who/AIR_7.ENVCAUSE--ENVCAUSE039__SEX--F,dcid:country/FJI,2019,312.09986
dcs:who/AIR_7.ENVCAUSE--ENVCAUSE068,dcid:country/FJI,2019,34.71911
dcs:who/AIR_7.ENVCAUSE--ENVCAUSE113__SEX--M,dcid:country/FJI,2019,3643.37341
dcs:who/AIR_7.ENVCAUSE--ENVCAUSE068__SEX--M,dcid:country/FJI,2019,21.32463
dcs:who/AIR_7.ENVCAUSE--ENVCAUSE118__SEX--M,dcid:country/FJI,2019,119.92564
dcs:who/AIR_7.ENVCAUSE--ENVCAUSE068__SEX--F,dcid:country/FJI,2019,13.39448
dcs:who/AIR_7.ENVCAUSE--ENVCAUSE118__SEX--F,dcid:country/FJI,2019,67.43092
dcs:who/AIR_7.ENVCAUSE--ENVCAUSE039,dcid:country/FJI,2019,712.03719
dcs:who/AIR_7.ENVCAUSE--ENVCAUSE114__SEX--M,dcid:country/FJI,2019,470.94854
dcs:who/AIR_7.ENVCAUSE--ENVCAUSE113,dcid:country/FJI,2019,5028.12786
dcs:who/AIR_7.SEX--M,dcid:country/FJI,2019,4655.50954
dcs:who/AIR_7.ENVCAUSE--ENVCAUSE068__SEX--M,dcid:country/FRA,2019,26248.23467
dcs:who/AIR_7.ENVCAUSE--ENVCAUSE114__SEX--F,dcid:country/FRA,2019,25935.13769
dcs:who/AIR_7.ENVCAUSE--ENVCAUSE118__SEX--M,dcid:country/FRA,2019,15943.18368
dcs:who/AIR_7.ENVCAUSE--ENVCAUSE113__SEX--F,dcid:country/FRA,2019,53522.91773
dcs:who/AIR_7.SEX--M,dcid:country/FRA,2019,163970.0701
dcs:who/AIR_7.ENVCAUSE--ENVCAUSE068__SEX--F,dcid:country/FRA,2019,10776.61966
dcs:who/AIR_7.ENVCAUSE--ENVCAUSE114__SEX--M,dcid:country/FRA,2019,22360.11968
dcs:who/AIR_7.ENVCAUSE--ENVCAUSE113__SEX--M,dcid:country/FRA,2019,87492.06867
dcs:who/AIR_7.SEX--F,dcid:country/FRA,2019,113463.0975
dcs:who/AIR_7.ENVCAUSE--ENVCAUSE039__SEX--F,dcid:country/FRA,2019,11337.86495
dcs:who/AIR_7.ENVCAUSE--ENVCAUSE039__SEX--M,dcid:country/FRA,2019,11926.46342
dcs:who/AIR_7.ENVCAUSE--ENVCAUSE039,dcid:country/FRA,2019,23264.32836
dcs:who/AIR_7.ENVCAUSE--ENVCAUSE113,dcid:country/FRA,2019,141014.9864
dcs:who/AIR_7.ENVCAUSE--ENVCAUSE118,dcid:country/FRA,2019,27833.74119
dcs:who/AIR_7,dcid:country/FRA,2019,277433.1677
dcs:who/AIR_7.ENVCAUSE--ENVCAUSE118__SEX--F,dcid:country/FRA,2019,11890.5575
dcs:who/AIR_7.ENVCAUSE--ENVCAUSE068,dcid:country/FRA,2019,37024.85433
dcs:who/AIR_7.ENVCAUSE--ENVCAUSE114,dcid:country/FRA,2019,48295.25737
dcs:who/AIR_7.ENVCAUSE--ENVCAUSE039__SEX--M,dcid:country/FSM,2019,97.39545
dcs:who/AIR_7.ENVCAUSE--ENVCAUSE118,dcid:country/FSM,2019,66.0236
dcs:who/AIR_7.ENVCAUSE--ENVCAUSE113__SEX--F,dcid:country/FSM,2019,225.42232
dcs:who/AIR_7.ENVCAUSE--ENVCAUSE068__SEX--F,dcid:country/FSM,2019,5.10185
dcs:who/AIR_7.ENVCAUSE--ENVCAUSE068,dcid:country/FSM,2019,18.54743
dcs:who/AIR_7.ENVCAUSE--ENVCAUSE114__SEX--F,dcid:country/FSM,2019,97.29214
dcs:who/AIR_7.ENVCAUSE--ENVCAUSE118__SEX--M,dcid:country/FSM,2019,38.32294
dcs:who/AIR_7.ENVCAUSE--ENVCAUSE113__SEX--M,dcid:country/FSM,2019,516.86381
dcs:who/AIR_7.ENVCAUSE--ENVCAUSE118__SEX--F,dcid:country/FSM,2019,27.70066
dcs:who/AIR_7.ENVCAUSE--ENVCAUSE039,dcid:country/FSM,2019,168.40713
dcs:who/AIR_7.ENVCAUSE--ENVCAUSE114,dcid:country/FSM,2019,230.57268
dcs:who/AIR_7.ENVCAUSE--ENVCAUSE068__SEX--M,dcid:country/FSM,2019,13.44558
dcs:who/AIR_7.SEX--M,dcid:country/FSM,2019,799.30833
dcs:who/AIR_7.SEX--F,dcid:country/FSM,2019,426.52865
dcs:who/AIR_7.ENVCAUSE--ENVCAUSE039__SEX--F,dcid:country/FSM,2019,71.01168
dcs:who/AIR_7,dcid:country/FSM,2019,1225.83697
dcs:who/AIR_7.ENVCAUSE--ENVCAUSE114__SEX--M,dcid:country/FSM,2019,133.28054
dcs:who/AIR_7.ENVCAUSE--ENVCAUSE113,dcid:country/FSM,2019,742.28613
dcs:who/AIR_7.ENVCAUSE--ENVCAUSE039,dcid:country/GAB,2019,7572.00377
dcs:who/AIR_7.ENVCAUSE--ENVCAUSE118__SEX--M,dcid:country/GAB,2019,579.21073
dcs:who/AIR_7.SEX--M,dcid:country/GAB,2019,10212.99746
dcs:who/AIR_7.ENVCAUSE--ENVCAUSE039__SEX--M,dcid:country/GAB,2019,4749.63755
dcs:who/AIR_7,dcid:country/GAB,2019,16530.16833
dcs:who/AIR_7.ENVCAUSE--ENVCAUSE113__SEX--M,dcid:country/GAB,2019,2997.50153
dcs:who/AIR_7.ENVCAUSE--ENVCAUSE068,dcid:country/GAB,2019,255.71351
dcs:who/AIR_7.ENVCAUSE--ENVCAUSE113__SEX--F,dcid:country/GAB,2019,1804.3815
dcs:who/AIR_7.ENVCAUSE--ENVCAUSE114,dcid:country/GAB,2019,2933.96673
dcs:who/AIR_7.ENVCAUSE--ENVCAUSE068__SEX--F,dcid:country/GAB,2019,95.41808
dcs:who/AIR_7.ENVCAUSE--ENVCAUSE114__SEX--F,dcid:country/GAB,2019,1207.61451
dcs:who/AIR_7.ENVCAUSE--ENVCAUSE113,dcid:country/GAB,2019,4801.88303
dcs:who/AIR_7.ENVCAUSE--ENVCAUSE114__SEX--M,dcid:country/GAB,2019,1726.35222
dcs:who/AIR_7.SEX--F,dcid:country/GAB,2019,6317.17087
dcs:who/AIR_7.ENVCAUSE--ENVCAUSE118__SEX--F,dcid:country/GAB,2019,387.39056
dcs:who/AIR_7.ENVCAUSE--ENVCAUSE068__SEX--M,dcid:country/GAB,2019,160.29543
dcs:who/AIR_7.ENVCAUSE--ENVCAUSE039__SEX--F,dcid:country/GAB,2019,2822.36622
dcs:who/AIR_7.ENVCAUSE--ENVCAUSE118,dcid:country/GAB,2019,966.60129
dcs:who/AIR_7.ENVCAUSE--ENVCAUSE118__SEX--M,dcid:country/GBR,2019,30342.84977
dcs:who/AIR_7.SEX--M,dcid:country/GBR,2019,212592.6055
dcs:who/AIR_7.ENVCAUSE--ENVCAUSE068__SEX--F,dcid:country/GBR,2019,12416.07178
dcs:who/AIR_7.ENVCAUSE--ENVCAUSE114__SEX--M,dcid:country/GBR,2019,22622.52865
dcs:who/AIR_7.SEX--F,dcid:country/GBR,2019,152387.5144
dcs:who/AIR_7.ENVCAUSE--ENVCAUSE068__SEX--M,dcid:country/GBR,2019,15011.34306
dcs:who/AIR_7.ENVCAUSE--ENVCAUSE113__SEX--M,dcid:country/GBR,2019,120487.3781
dcs:who/AIR_7.ENVCAUSE--ENVCAUSE039__SEX--M,dcid:country/GBR,2019,24128.50601
dcs:who/AIR_7.ENVCAUSE--ENVCAUSE039,dcid:country/GBR,2019,48139.47241
dcs:who/AIR_7.ENVCAUSE--ENVCAUSE114,dcid:country/GBR,2019,48605.70694
dcs:who/AIR_7.ENVCAUSE--ENVCAUSE118__SEX--F,dcid:country/GBR,2019,29404.05935
dcs:who/AIR_7.ENVCAUSE--ENVCAUSE113__SEX--F,dcid:country/GBR,2019,60573.23859
dcs:who/AIR_7.ENVCAUSE--ENVCAUSE113,dcid:country/GBR,2019,181060.6166
dcs:who/AIR_7.ENVCAUSE--ENVCAUSE118,dcid:country/GBR,2019,59746.90912
dcs:who/AIR_7.ENVCAUSE--ENVCAUSE068,dcid:country/GBR,2019,27427.41484
dcs:who/AIR_7.ENVCAUSE--ENVCAUSE114__SEX--F,dcid:country/GBR,2019,25983.1783
dcs:who/AIR_7,dcid:country/GBR,2019,364980.12
dcs:who/AIR_7.ENVCAUSE--ENVCAUSE039__SEX--F,dcid:country/GBR,2019,24010.96641
dcs:who/AIR_7.ENVCAUSE--ENVCAUSE113__SEX--F,dcid:country/GEO,2019,22316.31093
dcs:who/AIR_7.ENVCAUSE--ENVCAUSE118__SEX--F,dcid:country/GEO,2019,1475.81416
dcs:who/AIR_7,dcid:country/GEO,2019,94870.4148
dcs:who/AIR_7.ENVCAUSE--ENVCAUSE118__SEX--M,dcid:country/GEO,2019,2235.01209
dcs:who/AIR_7.ENVCAUSE--ENVCAUSE118,dcid:country/GEO,2019,3710.82624
dcs:who/AIR_7.ENVCAUSE--ENVCAUSE114__SEX--F,dcid:country/GEO,2019,12616.97331
dcs:who/AIR_7.ENVCAUSE--ENVCAUSE039,dcid:country/GEO,2019,3990.91198
dcs:who/AIR_7.ENVCAUSE--ENVCAUSE113__SEX--M,dcid:country/GEO,2019,34850.89146
dcs:who/AIR_7.ENVCAUSE--ENVCAUSE113,dcid:country/GEO,2019,57167.20239
dcs:who/AIR_7.ENVCAUSE--ENVCAUSE039__SEX--M,dcid:country/GEO,2019,2444.7872
dcs:who/AIR_7.ENVCAUSE--ENVCAUSE039__SEX--F,dcid:country/GEO,2019,1546.12478
dcs:who/AIR_7.ENVCAUSE--ENVCAUSE068,dcid:country/GEO,2019,2624.17416
dcs:who/AIR_7.ENVCAUSE--ENVCAUSE068__SEX--F,dcid:country/GEO,2019,303.45504
dcs:who/AIR_7.ENVCAUSE--ENVCAUSE114,dcid:country/GEO,2019,27377.30002
dcs:who/AIR_7.SEX--M,dcid:country/GEO,2019,56611.73658
dcs:who/AIR_7.ENVCAUSE--ENVCAUSE114__SEX--M,dcid:country/GEO,2019,14760.32671
dcs:who/AIR_7.ENVCAUSE--ENVCAUSE068__SEX--M,dcid:country/GEO,2019,2320.71912
dcs:who/AIR_7.SEX--F,dcid:country/GEO,2019,38258.67822
dcs:who/AIR_7.SEX--M,dcid:country/GHA,2019,238002.823
dcs:who/AIR_7.ENVCAUSE--ENVCAUSE113,dcid:country/GHA,2019,91982.84036
dcs:who/AIR_7.ENVCAUSE--ENVCAUSE113__SEX--F,dcid:country/GHA,2019,42296.00475
dcs:who/AIR_7.ENVCAUSE--ENVCAUSE114__SEX--M,dcid:country/GHA,2019,36940.90288
dcs:who/AIR_7.ENVCAUSE--ENVCAUSE068__SEX--M,dcid:country/GHA,2019,813.46651
dcs:who/AIR_7.ENVCAUSE--ENVCAUSE118__SEX--F,dcid:country/GHA,2019,6835.94367
dcs:who/AIR_7.ENVCAUSE--ENVCAUSE039,dcid:country/GHA,2019,197477.9881
dcs:who/AIR_7.ENVCAUSE--ENVCAUSE113__SEX--M,dcid:country/GHA,2019,49686.83561
dcs:who/AIR_7.ENVCAUSE--ENVCAUSE068,dcid:country/GHA,2019,1258.52802
dcs:who/AIR_7.ENVCAUSE--ENVCAUSE118__SEX--M,dcid:country/GHA,2019,17304.39825
dcs:who/AIR_7,dcid:country/GHA,2019,395993.0569
dcs:who/AIR_7.ENVCAUSE--ENVCAUSE039__SEX--M,dcid:country/GHA,2019,133257.2197
dcs:who/AIR_7.ENVCAUSE--ENVCAUSE068__SEX--F,dcid:country/GHA,2019,445.06151
dcs:who/AIR_7.ENVCAUSE--ENVCAUSE114__SEX--F,dcid:country/GHA,2019,44192.45556
dcs:who/AIR_7.ENVCAUSE--ENVCAUSE118,dcid:country/GHA,2019,24140.34192
dcs:who/AIR_7.ENVCAUSE--ENVCAUSE039__SEX--F,dcid:country/GHA,2019,64220.7684
dcs:who/AIR_7.SEX--F,dcid:country/GHA,2019,157990.2339
dcs:who/AIR_7.ENVCAUSE--ENVCAUSE114,dcid:country/GHA,2019,81133.35844
dcs:who/AIR_7.SEX--F,dcid:country/GIN,2019,118165.9893
dcs:who/AIR_7.ENVCAUSE--ENVCAUSE113__SEX--M,dcid:country/GIN,2019,15550.95306
dcs:who/AIR_7.ENVCAUSE--ENVCAUSE039__SEX--F,dcid:country/GIN,2019,78706.84407
dcs:who/AIR_7.ENVCAUSE--ENVCAUSE068__SEX--F,dcid:country/GIN,2019,258.11078
dcs:who/AIR_7.ENVCAUSE--ENVCAUSE118__SEX--M,dcid:country/GIN,2019,4288.50204
dcs:who/AIR_7.ENVCAUSE--ENVCAUSE114__SEX--M,dcid:country/GIN,2019,11087.0197
dcs:who/AIR_7.ENVCAUSE--ENVCAUSE068__SEX--M,dcid:country/GIN,2019,452.0371
dcs:who/AIR_7.SEX--M,dcid:country/GIN,2019,124819.8528
dcs:who/AIR_7.ENVCAUSE--ENVCAUSE113__SEX--F,dcid:country/GIN,2019,18971.41219
dcs:who/AIR_7.ENVCAUSE--ENVCAUSE039__SEX--M,dcid:country/GIN,2019,93441.34092
dcs:who/AIR_7.ENVCAUSE--ENVCAUSE114__SEX--F,dcid:country/GIN,2019,15551.66135
dcs:who/AIR_7.ENVCAUSE--ENVCAUSE118__SEX--F,dcid:country/GIN,2019,4677.9609
dcs:who/AIR_7.ENVCAUSE--ENVCAUSE118,dcid:country/GIN,2019,8966.46295
dcs:who/AIR_7.ENVCAUSE--ENVCAUSE039,dcid:country/GIN,2019,172148.185
dcs:who/AIR_7,dcid:country/GIN,2019,242985.8421
dcs:who/AIR_7.ENVCAUSE--ENVCAUSE068,dcid:country/GIN,2019,710.14788
dcs:who/AIR_7.ENVCAUSE--ENVCAUSE114,dcid:country/GIN,2019,26638.68105
dcs:who/AIR_7.ENVCAUSE--ENVCAUSE113,dcid:country/GIN,2019,34522.36525
dcs:who/AIR_7.SEX--M,dcid:country/GMB,2019,14557.26609
dcs:who/AIR_7.ENVCAUSE--ENVCAUSE039__SEX--M,dcid:country/GMB,2019,8611.73595
dcs:who/AIR_7.ENVCAUSE--ENVCAUSE118__SEX--M,dcid:country/GMB,2019,769.20788
dcs:who/AIR_7.ENVCAUSE--ENVCAUSE118__SEX--F,dcid:country/GMB,2019,647.49275
dcs:who/AIR_7.ENVCAUSE--ENVCAUSE068__SEX--M,dcid:country/GMB,2019,153.97984
dcs:who/AIR_7.ENVCAUSE--ENVCAUSE114__SEX--F,dcid:country/GMB,2019,1978.50093
dcs:who/AIR_7.ENVCAUSE--ENVCAUSE039__SEX--F,dcid:country/GMB,2019,6684.05982
dcs:who/AIR_7.ENVCAUSE--ENVCAUSE114__SEX--M,dcid:country/GMB,2019,1832.60877
dcs:who/AIR_7.ENVCAUSE--ENVCAUSE039,dcid:country/GMB,2019,15295.79577
dcs:who/AIR_7.SEX--F,dcid:country/GMB,2019,12187.32447
dcs:who/AIR_7.ENVCAUSE--ENVCAUSE118,dcid:country/GMB,2019,1416.70063
dcs:who/AIR_7.ENVCAUSE--ENVCAUSE114,dcid:country/GMB,2019,3811.10971
dcs:who/AIR_7.ENVCAUSE--ENVCAUSE113__SEX--F,dcid:country/GMB,2019,2871.78559
dcs:who/AIR_7,dcid:country/GMB,2019,26744.59056
dcs:who/AIR_7.ENVCAUSE--ENVCAUSE113__SEX--M,dcid:country/GMB,2019,3189.73364
dcs:who/AIR_7.ENVCAUSE--ENVCAUSE068,dcid:country/GMB,2019,159.46523
dcs:who/AIR_7.ENVCAUSE--ENVCAUSE113,dcid:country/GMB,2019,6061.51923
dcs:who/AIR_7.ENVCAUSE--ENVCAUSE068__SEX--F,dcid:country/GMB,2019,5.48538
dcs:who/AIR_7,dcid:country/GNB,2019,25873.17736
dcs:who/AIR_7.ENVCAUSE--ENVCAUSE068__SEX--F,dcid:country/GNB,2019,35.28533
dcs:who/AIR_7.ENVCAUSE--ENVCAUSE118__SEX--F,dcid:country/GNB,2019,558.24862
dcs:who/AIR_7.ENVCAUSE--ENVCAUSE114__SEX--F,dcid:country/GNB,2019,1973.11891
dcs:who/AIR_7.ENVCAUSE--ENVCAUSE039__SEX--M,dcid:country/GNB,2019,8528.69805
dcs:who/AIR_7.ENVCAUSE--ENVCAUSE113,dcid:country/GNB,2019,5514.48896
dcs:who/AIR_7.ENVCAUSE--ENVCAUSE068__SEX--M,dcid:country/GNB,2019,56.8474
dcs:who/AIR_7.ENVCAUSE--ENVCAUSE039__SEX--F,dcid:country/GNB,2019,6623.40609
dcs:who/AIR_7.ENVCAUSE--ENVCAUSE118,dcid:country/GNB,2019,1261.00613
dcs:who/AIR_7.SEX--M,dcid:country/GNB,2019,14100.43491
dcs:who/AIR_7.ENVCAUSE--ENVCAUSE114__SEX--M,dcid:country/GNB,2019,1880.3265
dcs:who/AIR_7.ENVCAUSE--ENVCAUSE039,dcid:country/GNB,2019,15152.10413
dcs:who/AIR_7.ENVCAUSE--ENVCAUSE068,dcid:country/GNB,2019,92.13273
dcs:who/AIR_7.ENVCAUSE--ENVCAUSE113__SEX--F,dcid:country/GNB,2019,2582.68351
dcs:who/AIR_7.SEX--F,dcid:country/GNB,2019,11772.74245
dcs:who/AIR_7.ENVCAUSE--ENVCAUSE114,dcid:country/GNB,2019,3853.44541
dcs:who/AIR_7.ENVCAUSE--ENVCAUSE118__SEX--M,dcid:country/GNB,2019,702.75751
dcs:who/AIR_7.ENVCAUSE--ENVCAUSE113__SEX--M,dcid:country/GNB,2019,2931.80545
dcs:who/AIR_7.SEX--F,dcid:country/GNQ,2019,7418.16649
dcs:who/AIR_7.ENVCAUSE--ENVCAUSE039__SEX--M,dcid:country/GNQ,2019,5936.80619
dcs:who/AIR_7.ENVCAUSE--ENVCAUSE113__SEX--F,dcid:country/GNQ,2019,1130.17268
dcs:who/AIR_7.ENVCAUSE--ENVCAUSE114__SEX--M,dcid:country/GNQ,2019,709.19474
dcs:who/AIR_7.ENVCAUSE--ENVCAUSE114__SEX--F,dcid:country/GNQ,2019,929.39617
dcs:who/AIR_7.ENVCAUSE--ENVCAUSE068__SEX--M,dcid:country/GNQ,2019,58.29883
dcs:who/AIR_7.ENVCAUSE--ENVCAUSE113__SEX--M,dcid:country/GNQ,2019,1084.10016
dcs:who/AIR_7.ENVCAUSE--ENVCAUSE068__SEX--F,dcid:country/GNQ,2019,33.00176
dcs:who/AIR_7.SEX--M,dcid:country/GNQ,2019,8087.0616
dcs:who/AIR_7.ENVCAUSE--ENVCAUSE039__SEX--F,dcid:country/GNQ,2019,5049.00827
dcs:who/AIR_7.ENVCAUSE--ENVCAUSE118__SEX--M,dcid:country/GNQ,2019,298.66167
dcs:who/AIR_7.ENVCAUSE--ENVCAUSE118__SEX--F,dcid:country/GNQ,2019,276.58762
dcs:who/AIR_7,dcid:country/GNQ,2019,15505.22809
dcs:who/AIR_7.ENVCAUSE--ENVCAUSE068,dcid:country/GNQ,2019,91.30059
dcs:who/AIR_7.ENVCAUSE--ENVCAUSE039,dcid:country/GNQ,2019,10985.81446
dcs:who/AIR_7.ENVCAUSE--ENVCAUSE114,dcid:country/GNQ,2019,1638.59091
dcs:who/AIR_7.ENVCAUSE--ENVCAUSE113,dcid:country/GNQ,2019,2214.27283
dcs:who/AIR_7.ENVCAUSE--ENVCAUSE118,dcid:country/GNQ,2019,575.2493
dcs:who/AIR_7,dcid:country/GRC,2019,115363.0469
dcs:who/AIR_7.ENVCAUSE--ENVCAUSE114__SEX--M,dcid:country/GRC,2019,9923.56057
dcs:who/AIR_7.SEX--F,dcid:country/GRC,2019,47357.51022
dcs:who/AIR_7.ENVCAUSE--ENVCAUSE113__SEX--M,dcid:country/GRC,2019,37261.22849
dcs:who/AIR_7.ENVCAUSE--ENVCAUSE114__SEX--F,dcid:country/GRC,2019,11055.51107
dcs:who/AIR_7.SEX--M,dcid:country/GRC,2019,68005.53664
dcs:who/AIR_7.ENVCAUSE--ENVCAUSE113,dcid:country/GRC,2019,58910.95124
dcs:who/AIR_7.ENVCAUSE--ENVCAUSE118__SEX--M,dcid:country/GRC,2019,6601.84832
dcs:who/AIR_7.ENVCAUSE--ENVCAUSE118__SEX--F,dcid:country/GRC,2019,5815.99839
dcs:who/AIR_7.ENVCAUSE--ENVCAUSE118,dcid:country/GRC,2019,12417.8467
dcs:who/AIR_7.ENVCAUSE--ENVCAUSE039,dcid:country/GRC,2019,12730.85766
dcs:who/AIR_7.ENVCAUSE--ENVCAUSE113__SEX--F,dcid:country/GRC,2019,21649.72275
dcs:who/AIR_7.ENVCAUSE--ENVCAUSE039__SEX--F,dcid:country/GRC,2019,6681.89787
dcs:who/AIR_7.ENVCAUSE--ENVCAUSE068__SEX--F,dcid:country/GRC,2019,2154.38015
dcs:who/AIR_7.ENVCAUSE--ENVCAUSE039__SEX--M,dcid:country/GRC,2019,6048.95979
dcs:who/AIR_7.ENVCAUSE--ENVCAUSE068,dcid:country/GRC,2019,10324.31963
dcs:who/AIR_7.ENVCAUSE--ENVCAUSE114,dcid:country/GRC,2019,20979.07163
dcs:who/AIR_7.ENVCAUSE--ENVCAUSE068__SEX--M,dcid:country/GRC,2019,8169.93948
dcs:who/AIR_7.ENVCAUSE--ENVCAUSE113__SEX--F,dcid:country/GRD,2019,229.16036
dcs:who/AIR_7.ENVCAUSE--ENVCAUSE039__SEX--F,dcid:country/GRD,2019,47.0224
dcs:who/AIR_7.ENVCAUSE--ENVCAUSE113,dcid:country/GRD,2019,542.59518
dcs:who/AIR_7.ENVCAUSE--ENVCAUSE068,dcid:country/GRD,2019,14.8958
dcs:who/AIR_7.ENVCAUSE--ENVCAUSE118,dcid:country/GRD,2019,29.13858
dcs:who/AIR_7.ENVCAUSE--ENVCAUSE114,dcid:country/GRD,2019,165.80496
dcs:who/AIR_7.ENVCAUSE--ENVCAUSE114__SEX--M,dcid:country/GRD,2019,84.57183
dcs:who/AIR_7.ENVCAUSE--ENVCAUSE113__SEX--M,dcid:country/GRD,2019,313.43482
dcs:who/AIR_7.ENVCAUSE--ENVCAUSE039__SEX--M,dcid:country/GRD,2019,48.20144
dcs:who/AIR_7.ENVCAUSE--ENVCAUSE118__SEX--M,dcid:country/GRD,2019,17.51547
dcs:who/AIR_7.ENVCAUSE--ENVCAUSE114__SEX--F,dcid:country/GRD,2019,81.23313
dcs:who/AIR_7.ENVCAUSE--ENVCAUSE039,dcid:country/GRD,2019,95.22384
dcs:who/AIR_7.SEX--M,dcid:country/GRD,2019,473.35004
dcs:who/AIR_7.SEX--F,dcid:country/GRD,2019,374.30832
dcs:who/AIR_7.ENVCAUSE--ENVCAUSE068__SEX--M,dcid:country/GRD,2019,9.62648
dcs:who/AIR_7.ENVCAUSE--ENVCAUSE068__SEX--F,dcid:country/GRD,2019,5.26933
dcs:who/AIR_7.ENVCAUSE--ENVCAUSE118__SEX--F,dcid:country/GRD,2019,11.6231
dcs:who/AIR_7,dcid:country/GRD,2019,847.65836
dcs:who/AIR_7.ENVCAUSE--ENVCAUSE068__SEX--M,dcid:country/GTM,2019,482.64003
dcs:who/AIR_7.ENVCAUSE--ENVCAUSE118__SEX--M,dcid:country/GTM,2019,2519.21717
dcs:who/AIR_7.SEX--F,dcid:country/GTM,2019,54101.40114
dcs:who/AIR_7.ENVCAUSE--ENVCAUSE039__SEX--M,dcid:country/GTM,2019,32871.17417
dcs:who/AIR_7.ENVCAUSE--ENVCAUSE113__SEX--F,dcid:country/GTM,2019,17905.85961
dcs:who/AIR_7.ENVCAUSE--ENVCAUSE113__SEX--M,dcid:country/GTM,2019,21681.99944
dcs:who/AIR_7.ENVCAUSE--ENVCAUSE114__SEX--M,dcid:country/GTM,2019,6636.43295
dcs:who/AIR_7.ENVCAUSE--ENVCAUSE039__SEX--F,dcid:country/GTM,2019,25737.3654
dcs:who/AIR_7.ENVCAUSE--ENVCAUSE118__SEX--F,dcid:country/GTM,2019,2521.5112
dcs:who/AIR_7.SEX--M,dcid:country/GTM,2019,64191.46376
dcs:who/AIR_7.ENVCAUSE--ENVCAUSE068__SEX--F,dcid:country/GTM,2019,401.14518
dcs:who/AIR_7.ENVCAUSE--ENVCAUSE114__SEX--F,dcid:country/GTM,2019,7535.51975
dcs:who/AIR_7.ENVCAUSE--ENVCAUSE039,dcid:country/GTM,2019,58608.53957
dcs:who/AIR_7.ENVCAUSE--ENVCAUSE114,dcid:country/GTM,2019,14171.95269
dcs:who/AIR_7.ENVCAUSE--ENVCAUSE068,dcid:country/GTM,2019,883.78522
dcs:who/AIR_7.ENVCAUSE--ENVCAUSE118,dcid:country/GTM,2019,5040.72836
dcs:who/AIR_7,dcid:country/GTM,2019,118292.8649
dcs:who/AIR_7.ENVCAUSE--ENVCAUSE113,dcid:country/GTM,2019,39587.85906
dcs:who/AIR_7.SEX--F,dcid:country/GUY,2019,3384.92526
dcs:who/AIR_7.ENVCAUSE--ENVCAUSE114__SEX--M,dcid:country/GUY,2019,994.1199
dcs:who/AIR_7.ENVCAUSE--ENVCAUSE113__SEX--F,dcid:country/GUY,2019,1892.02478
dcs:who/AIR_7.ENVCAUSE--ENVCAUSE039__SEX--F,dcid:country/GUY,2019,411.59573
dcs:who/AIR_7.ENVCAUSE--ENVCAUSE118__SEX--M,dcid:country/GUY,2019,224.43072
dcs:who/AIR_7.ENVCAUSE--ENVCAUSE068__SEX--M,dcid:country/GUY,2019,31.93593
dcs:who/AIR_7.ENVCAUSE--ENVCAUSE039__SEX--M,dcid:country/GUY,2019,604.32051
dcs:who/AIR_7.ENVCAUSE--ENVCAUSE113,dcid:country/GUY,2019,4899.83112
dcs:who/AIR_7.ENVCAUSE--ENVCAUSE118__SEX--F,dcid:country/GUY,2019,104.05723
dcs:who/AIR_7.ENVCAUSE--ENVCAUSE068,dcid:country/GUY,2019,49.27299
dcs:who/AIR_7.SEX--M,dcid:country/GUY,2019,4862.6134
dcs:who/AIR_7.ENVCAUSE--ENVCAUSE039,dcid:country/GUY,2019,1015.91623
dcs:who/AIR_7.ENVCAUSE--ENVCAUSE068__SEX--F,dcid:country/GUY,2019,17.33707
dcs:who/AIR_7.ENVCAUSE--ENVCAUSE114__SEX--F,dcid:country/GUY,2019,959.91046
dcs:who/AIR_7.ENVCAUSE--ENVCAUSE118,dcid:country/GUY,2019,328.48795
dcs:who/AIR_7.ENVCAUSE--ENVCAUSE113__SEX--M,dcid:country/GUY,2019,3007.80635
dcs:who/AIR_7,dcid:country/GUY,2019,8247.53866
dcs:who/AIR_7.ENVCAUSE--ENVCAUSE114,dcid:country/GUY,2019,1954.03035
dcs:who/AIR_7.ENVCAUSE--ENVCAUSE118__SEX--F,dcid:country/HND,2019,4148.20156
dcs:who/AIR_7.SEX--F,dcid:country/HND,2019,31074.12306
dcs:who/AIR_7.ENVCAUSE--ENVCAUSE114,dcid:country/HND,2019,14381.46314
dcs:who/AIR_7.ENVCAUSE--ENVCAUSE113__SEX--M,dcid:country/HND,2019,14873.76044
dcs:who/AIR_7.ENVCAUSE--ENVCAUSE068__SEX--F,dcid:country/HND,2019,367.20093
dcs:who/AIR_7.ENVCAUSE--ENVCAUSE039__SEX--F,dcid:country/HND,2019,3491.08019
dcs:who/AIR_7.SEX--M,dcid:country/HND,2019,29858.27275
dcs:who/AIR_7.ENVCAUSE--ENVCAUSE039,dcid:country/HND,2019,8842.94517
dcs:who/AIR_7.ENVCAUSE--ENVCAUSE039__SEX--M,dcid:country/HND,2019,5351.86498
dcs:who/AIR_7.ENVCAUSE--ENVCAUSE114__SEX--F,dcid:country/HND,2019,8551.84265
dcs:who/AIR_7.ENVCAUSE--ENVCAUSE114__SEX--M,dcid:country/HND,2019,5829.62049
dcs:who/AIR_7,dcid:country/HND,2019,60932.39581
dcs:who/AIR_7.ENVCAUSE--ENVCAUSE113,dcid:country/HND,2019,29389.55818
dcs:who/AIR_7.ENVCAUSE--ENVCAUSE113__SEX--F,dcid:country/HND,2019,14515.79774
dcs:who/AIR_7.ENVCAUSE--ENVCAUSE118__SEX--M,dcid:country/HND,2019,3373.5185
dcs:who/AIR_7.ENVCAUSE--ENVCAUSE068,dcid:country/HND,2019,796.70927
dcs:who/AIR_7.ENVCAUSE--ENVCAUSE068__SEX--M,dcid:country/HND,2019,429.50834
dcs:who/AIR_7.ENVCAUSE--ENVCAUSE118,dcid:country/HND,2019,7521.72006
dcs:who/AIR_7.ENVCAUSE--ENVCAUSE114__SEX--F,dcid:country/HRV,2019,6072.99635
dcs:who/AIR_7.SEX--F,dcid:country/HRV,2019,25606.71454
dcs:who/AIR_7.ENVCAUSE--ENVCAUSE113__SEX--M,dcid:country/HRV,2019,18690.00355
dcs:who/AIR_7.ENVCAUSE--ENVCAUSE114__SEX--M,dcid:country/HRV,2019,5510.4517
dcs:who/AIR_7.ENVCAUSE--ENVCAUSE039__SEX--M,dcid:country/HRV,2019,1053.41122
dcs:who/AIR_7.ENVCAUSE--ENVCAUSE068__SEX--M,dcid:country/HRV,2019,3359.50658
dcs:who/AIR_7.SEX--M,dcid:country/HRV,2019,31417.0863
dcs:who/AIR_7.ENVCAUSE--ENVCAUSE118__SEX--M,dcid:country/HRV,2019,2803.71325
dcs:who/AIR_7.ENVCAUSE--ENVCAUSE068__SEX--F,dcid:country/HRV,2019,1224.63587
dcs:who/AIR_7.ENVCAUSE--ENVCAUSE114,dcid:country/HRV,2019,11583.44806
dcs:who/AIR_7.ENVCAUSE--ENVCAUSE118__SEX--F,dcid:country/HRV,2019,1905.00648
dcs:who/AIR_7.ENVCAUSE--ENVCAUSE039__SEX--F,dcid:country/HRV,2019,1019.59815
dcs:who/AIR_7.ENVCAUSE--ENVCAUSE113,dcid:country/HRV,2019,34074.48123
dcs:who/AIR_7.ENVCAUSE--ENVCAUSE118,dcid:country/HRV,2019,4708.71973
dcs:who/AIR_7.ENVCAUSE--ENVCAUSE113__SEX--F,dcid:country/HRV,2019,15384.47768
dcs:who/AIR_7.ENVCAUSE--ENVCAUSE039,dcid:country/HRV,2019,2073.00937
dcs:who/AIR_7,dcid:country/HRV,2019,57023.80084
dcs:who/AIR_7.ENVCAUSE--ENVCAUSE068,dcid:country/HRV,2019,4584.14245
dcs:who/AIR_7.ENVCAUSE--ENVCAUSE113,dcid:country/HTI,2019,47882.92237
dcs:who/AIR_7.ENVCAUSE--ENVCAUSE039__SEX--M,dcid:country/HTI,2019,16574.69564
dcs:who/AIR_7.ENVCAUSE--ENVCAUSE114,dcid:country/HTI,2019,23245.65703
dcs:who/AIR_7.ENVCAUSE--ENVCAUSE118__SEX--F,dcid:country/HTI,2019,1743.91032
dcs:who/AIR_7.ENVCAUSE--ENVCAUSE068__SEX--M,dcid:country/HTI,2019,207.53709
dcs:who/AIR_7.ENVCAUSE--ENVCAUSE068,dcid:country/HTI,2019,514.54352
dcs:who/AIR_7.ENVCAUSE--ENVCAUSE039__SEX--F,dcid:country/HTI,2019,15330.83509
dcs:who/AIR_7,dcid:country/HTI,2019,107612.017
dcs:who/AIR_7.ENVCAUSE--ENVCAUSE039,dcid:country/HTI,2019,31905.53074
dcs:who/AIR_7.SEX--M,dcid:country/HTI,2019,51366.37696
dcs:who/AIR_7.ENVCAUSE--ENVCAUSE118__SEX--M,dcid:country/HTI,2019,2319.45301
dcs:who/AIR_7.ENVCAUSE--ENVCAUSE113__SEX--F,dcid:country/HTI,2019,24360.94135
dcs:who/AIR_7.SEX--F,dcid:country/HTI,2019,56245.64003
dcs:who/AIR_7.ENVCAUSE--ENVCAUSE068__SEX--F,dcid:country/HTI,2019,307.00643
dcs:who/AIR_7.ENVCAUSE--ENVCAUSE114__SEX--M,dcid:country/HTI,2019,8742.7102
dcs:who/AIR_7.ENVCAUSE--ENVCAUSE118,dcid:country/HTI,2019,4063.36332
dcs:who/AIR_7.ENVCAUSE--ENVCAUSE114__SEX--F,dcid:country/HTI,2019,14502.94683
dcs:who/AIR_7.ENVCAUSE--ENVCAUSE113__SEX--M,dcid:country/HTI,2019,23521.98102
dcs:who/AIR_7.ENVCAUSE--ENVCAUSE118__SEX--M,dcid:country/HUN,2019,9320.16841
dcs:who/AIR_7.ENVCAUSE--ENVCAUSE039,dcid:country/HUN,2019,4052.27878
dcs:who/AIR_7.ENVCAUSE--ENVCAUSE118,dcid:country/HUN,2019,16936.46163
dcs:who/AIR_7.ENVCAUSE--ENVCAUSE068__SEX--F,dcid:country/HUN,2019,5191.36884
dcs:who/AIR_7.ENVCAUSE--ENVCAUSE068,dcid:country/HUN,2019,12977.25395
dcs:who/AIR_7,dcid:country/HUN,2019,164162.4034
dcs:who/AIR_7.ENVCAUSE--ENVCAUSE118__SEX--F,dcid:country/HUN,2019,7616.29321
dcs:who/AIR_7.SEX--M,dcid:country/HUN,2019,88629.8658
dcs:who/AIR_7.ENVCAUSE--ENVCAUSE114__SEX--M,dcid:country/HUN,2019,11722.38904
dcs:who/AIR_7.ENVCAUSE--ENVCAUSE114,dcid:country/HUN,2019,24207.66487
dcs:who/AIR_7.ENVCAUSE--ENVCAUSE114__SEX--F,dcid:country/HUN,2019,12485.27583
dcs:who/AIR_7.ENVCAUSE--ENVCAUSE039__SEX--F,dcid:country/HUN,2019,1748.30492
dcs:who/AIR_7.ENVCAUSE--ENVCAUSE039__SEX--M,dcid:country/HUN,2019,2303.97386
dcs:who/AIR_7.ENVCAUSE--ENVCAUSE113,dcid:country/HUN,2019,105988.7442
dcs:who/AIR_7.ENVCAUSE--ENVCAUSE113__SEX--F,dcid:country/HUN,2019,48491.2948
dcs:who/AIR_7.ENVCAUSE--ENVCAUSE113__SEX--M,dcid:country/HUN,2019,57497.44937
dcs:who/AIR_7.SEX--F,dcid:country/HUN,2019,75532.53761
dcs:who/AIR_7.ENVCAUSE--ENVCAUSE068__SEX--M,dcid:country/HUN,2019,7785.88511
dcs:who/AIR_7.ENVCAUSE--ENVCAUSE068,dcid:country/IDN,2019,69049.52945
dcs:who/AIR_7.ENVCAUSE--ENVCAUSE039__SEX--F,dcid:country/IDN,2019,147305.6577
dcs:who/AIR_7,dcid:country/IDN,2019,3071885.51
dcs:who/AIR_7.ENVCAUSE--ENVCAUSE039__SEX--M,dcid:country/IDN,2019,208554.0161
dcs:who/AIR_7.ENVCAUSE--ENVCAUSE113__SEX--F,dcid:country/IDN,2019,500150.8984
dcs:who/AIR_7.ENVCAUSE--ENVCAUSE068__SEX--F,dcid:country/IDN,2019,15931.45745
dcs:who/AIR_7.ENVCAUSE--ENVCAUSE068__SEX--M,dcid:country/IDN,2019,53118.072
dcs:who/AIR_7.SEX--M,dcid:country/IDN,2019,1770593.603
dcs:who/AIR_7.ENVCAUSE--ENVCAUSE118__SEX--F,dcid:country/IDN,2019,92752.79796
dcs:who/AIR_7.SEX--F,dcid:country/IDN,2019,1301291.907
dcs:who/AIR_7.ENVCAUSE--ENVCAUSE113__SEX--M,dcid:country/IDN,2019,770407.2391
dcs:who/AIR_7.ENVCAUSE--ENVCAUSE118__SEX--M,dcid:country/IDN,2019,180810.2068
dcs:who/AIR_7.ENVCAUSE--ENVCAUSE114__SEX--M,dcid:country/IDN,2019,557704.0692
dcs:who/AIR_7.ENVCAUSE--ENVCAUSE114__SEX--F,dcid:country/IDN,2019,545151.095
dcs:who/AIR_7.ENVCAUSE--ENVCAUSE113,dcid:country/IDN,2019,1270558.137
dcs:who/AIR_7.ENVCAUSE--ENVCAUSE118,dcid:country/IDN,2019,273563.0047
dcs:who/AIR_7.ENVCAUSE--ENVCAUSE039,dcid:country/IDN,2019,355859.6738
dcs:who/AIR_7.ENVCAUSE--ENVCAUSE114,dcid:country/IDN,2019,1102855.164
dcs:who/AIR_7.ENVCAUSE--ENVCAUSE118__SEX--F,dcid:country/IND,2019,2147166.379
dcs:who/AIR_7.ENVCAUSE--ENVCAUSE118,dcid:country/IND,2019,4942567.234
dcs:who/AIR_7.ENVCAUSE--ENVCAUSE039__SEX--F,dcid:country/IND,2019,2173659.218
dcs:who/AIR_7.SEX--M,dcid:country/IND,2019,13662102.12
dcs:who/AIR_7.ENVCAUSE--ENVCAUSE118__SEX--M,dcid:country/IND,2019,2795400.855
dcs:who/AIR_7.ENVCAUSE--ENVCAUSE039,dcid:country/IND,2019,4372360.116
dcs:who/AIR_7.ENVCAUSE--ENVCAUSE114__SEX--F,dcid:country/IND,2019,1587718.71
dcs:who/AIR_7.ENVCAUSE--ENVCAUSE114,dcid:country/IND,2019,3451942.415
dcs:who/AIR_7.SEX--F,dcid:country/IND,2019,9700677.258
dcs:who/AIR_7.ENVCAUSE--ENVCAUSE068,dcid:country/IND,2019,446810.7111
dcs:who/AIR_7.ENVCAUSE--ENVCAUSE113,dcid:country/IND,2019,10149098.9
dcs:who/AIR_7.ENVCAUSE--ENVCAUSE068__SEX--M,dcid:country/IND,2019,314666.1142
dcs:who/AIR_7.ENVCAUSE--ENVCAUSE068__SEX--F,dcid:country/IND,2019,132144.5969
dcs:who/AIR_7.ENVCAUSE--ENVCAUSE113__SEX--M,dcid:country/IND,2019,6489110.547
dcs:who/AIR_7.ENVCAUSE--ENVCAUSE113__SEX--F,dcid:country/IND,2019,3659988.353
dcs:who/AIR_7.ENVCAUSE--ENVCAUSE114__SEX--M,dcid:country/IND,2019,1864223.705
dcs:who/AIR_7.ENVCAUSE--ENVCAUSE039__SEX--M,dcid:country/IND,2019,2198700.898
dcs:who/AIR_7,dcid:country/IND,2019,23362779.38
dcs:who/AIR_7.ENVCAUSE--ENVCAUSE113,dcid:country/IRL,2019,10859.57818
dcs:who/AIR_7.ENVCAUSE--ENVCAUSE113__SEX--M,dcid:country/IRL,2019,7171.64371
dcs:who/AIR_7.ENVCAUSE--ENVCAUSE118,dcid:country/IRL,2019,2642.30593
dcs:who/AIR_7.ENVCAUSE--ENVCAUSE114__SEX--M,dcid:country/IRL,2019,1029.52606
dcs:who/AIR_7,dcid:country/IRL,2019,18153.21622
dcs:who/AIR_7.ENVCAUSE--ENVCAUSE113__SEX--F,dcid:country/IRL,2019,3687.93447
dcs:who/AIR_7.ENVCAUSE--ENVCAUSE039__SEX--F,dcid:country/IRL,2019,601.06053
dcs:who/AIR_7.SEX--F,dcid:country/IRL,2019,7269.9077
dcs:who/AIR_7.ENVCAUSE--ENVCAUSE068__SEX--M,dcid:country/IRL,2019,731.70219
dcs:who/AIR_7.ENVCAUSE--ENVCAUSE039,dcid:country/IRL,2019,1220.50802
dcs:who/AIR_7.ENVCAUSE--ENVCAUSE114,dcid:country/IRL,2019,2156.63484
dcs:who/AIR_7.ENVCAUSE--ENVCAUSE068,dcid:country/IRL,2019,1274.18926
dcs:who/AIR_7.ENVCAUSE--ENVCAUSE039__SEX--M,dcid:country/IRL,2019,619.44749
dcs:who/AIR_7.ENVCAUSE--ENVCAUSE068__SEX--F,dcid:country/IRL,2019,542.48707
dcs:who/AIR_7.ENVCAUSE--ENVCAUSE114__SEX--F,dcid:country/IRL,2019,1127.10878
dcs:who/AIR_7.ENVCAUSE--ENVCAUSE118__SEX--F,dcid:country/IRL,2019,1311.31685
dcs:who/AIR_7.SEX--M,dcid:country/IRL,2019,10883.30852
dcs:who/AIR_7.ENVCAUSE--ENVCAUSE118__SEX--M,dcid:country/IRL,2019,1330.98908
dcs:who/AIR_7.ENVCAUSE--ENVCAUSE039__SEX--F,dcid:country/IRN,2019,43357.85012
dcs:who/AIR_7.ENVCAUSE--ENVCAUSE118__SEX--F,dcid:country/IRN,2019,24455.67077
dcs:who/AIR_7.ENVCAUSE--ENVCAUSE114,dcid:country/IRN,2019,136070.2
dcs:who/AIR_7,dcid:country/IRN,2019,793724.4982
dcs:who/AIR_7.ENVCAUSE--ENVCAUSE068__SEX--M,dcid:country/IRN,2019,15181.7175
dcs:who/AIR_7.ENVCAUSE--ENVCAUSE039,dcid:country/IRN,2019,100762.6239
dcs:who/AIR_7.SEX--F,dcid:country/IRN,2019,308494.1354
dcs:who/AIR_7.ENVCAUSE--ENVCAUSE113__SEX--F,dcid:country/IRN,2019,170346.0937
dcs:who/AIR_7.ENVCAUSE--ENVCAUSE118__SEX--M,dcid:country/IRN,2019,38667.20106
dcs:who/AIR_7.ENVCAUSE--ENVCAUSE114__SEX--F,dcid:country/IRN,2019,63675.99076
dcs:who/AIR_7.ENVCAUSE--ENVCAUSE113__SEX--M,dcid:country/IRN,2019,301582.4613
dcs:who/AIR_7.ENVCAUSE--ENVCAUSE068__SEX--F,dcid:country/IRN,2019,6658.53004
dcs:who/AIR_7.ENVCAUSE--ENVCAUSE114__SEX--M,dcid:country/IRN,2019,72394.20921
dcs:who/AIR_7.SEX--M,dcid:country/IRN,2019,485230.3629
dcs:who/AIR_7.ENVCAUSE--ENVCAUSE039__SEX--M,dcid:country/IRN,2019,57404.77376
dcs:who/AIR_7.ENVCAUSE--ENVCAUSE068,dcid:country/IRN,2019,21840.24755
dcs:who/AIR_7.ENVCAUSE--ENVCAUSE113,dcid:country/IRN,2019,471928.555
dcs:who/AIR_7.ENVCAUSE--ENVCAUSE118,dcid:country/IRN,2019,63122.87183
dcs:who/AIR_7.ENVCAUSE--ENVCAUSE114,dcid:country/IRQ,2019,92093.82456
dcs:who/AIR_7.ENVCAUSE--ENVCAUSE118__SEX--M,dcid:country/IRQ,2019,5203.24521
dcs:who/AIR_7.ENVCAUSE--ENVCAUSE114__SEX--M,dcid:country/IRQ,2019,46834.80224
dcs:who/AIR_7.ENVCAUSE--ENVCAUSE113,dcid:country/IRQ,2019,212614.1342
dcs:who/AIR_7.ENVCAUSE--ENVCAUSE113__SEX--F,dcid:country/IRQ,2019,88157.70774
dcs:who/AIR_7.SEX--F,dcid:country/IRQ,2019,181549.376
dcs:who/AIR_7.ENVCAUSE--ENVCAUSE118__SEX--F,dcid:country/IRQ,2019,4649.96247
dcs:who/AIR_7.ENVCAUSE--ENVCAUSE114__SEX--F,dcid:country/IRQ,2019,45259.02232
dcs:who/AIR_7,dcid:country/IRQ,2019,416167.1018
dcs:who/AIR_7.SEX--M,dcid:country/IRQ,2019,234617.7258
dcs:who/AIR_7.ENVCAUSE--ENVCAUSE039,dcid:country/IRQ,2019,91900.29343
dcs:who/AIR_7.ENVCAUSE--ENVCAUSE039__SEX--F,dcid:country/IRQ,2019,40944.87325
dcs:who/AIR_7.ENVCAUSE--ENVCAUSE113__SEX--M,dcid:country/IRQ,2019,124456.4264
dcs:who/AIR_7.ENVCAUSE--ENVCAUSE039__SEX--M,dcid:country/IRQ,2019,50955.42019
dcs:who/AIR_7.ENVCAUSE--ENVCAUSE118,dcid:country/IRQ,2019,9853.20768
dcs:who/AIR_7.ENVCAUSE--ENVCAUSE068,dcid:country/IRQ,2019,9705.64198
dcs:who/AIR_7.ENVCAUSE--ENVCAUSE068__SEX--M,dcid:country/IRQ,2019,7167.83171
dcs:who/AIR_7.ENVCAUSE--ENVCAUSE068__SEX--F,dcid:country/IRQ,2019,2537.81026
dcs:who/AIR_7.ENVCAUSE--ENVCAUSE118__SEX--F,dcid:country/ISL,2019,60.08686
dcs:who/AIR_7,dcid:country/ISL,2019,847.73528
dcs:who/AIR_7.ENVCAUSE--ENVCAUSE114__SEX--M,dcid:country/ISL,2019,50.1758
dcs:who/AIR_7.ENVCAUSE--ENVCAUSE068__SEX--F,dcid:country/ISL,2019,20.34958
dcs:who/AIR_7.ENVCAUSE--ENVCAUSE068,dcid:country/ISL,2019,38.42789
dcs:who/AIR_7.ENVCAUSE--ENVCAUSE114,dcid:country/ISL,2019,99.50985
dcs:who/AIR_7.ENVCAUSE--ENVCAUSE113__SEX--M,dcid:country/ISL,2019,375.73893
dcs:who/AIR_7.ENVCAUSE--ENVCAUSE039,dcid:country/ISL,2019,37.61557
dcs:who/AIR_7.ENVCAUSE--ENVCAUSE114__SEX--F,dcid:country/ISL,2019,49.33405
dcs:who/AIR_7.ENVCAUSE--ENVCAUSE113__SEX--F,dcid:country/ISL,2019,196.86124
dcs:who/AIR_7.ENVCAUSE--ENVCAUSE039__SEX--F,dcid:country/ISL,2019,17.56638
dcs:who/AIR_7.ENVCAUSE--ENVCAUSE118,dcid:country/ISL,2019,99.5818
dcs:who/AIR_7.ENVCAUSE--ENVCAUSE113,dcid:country/ISL,2019,572.60017
dcs:who/AIR_7.SEX--M,dcid:country/ISL,2019,503.53716
dcs:who/AIR_7.ENVCAUSE--ENVCAUSE118__SEX--M,dcid:country/ISL,2019,39.49494
dcs:who/AIR_7.ENVCAUSE--ENVCAUSE068__SEX--M,dcid:country/ISL,2019,18.07831
dcs:who/AIR_7.ENVCAUSE--ENVCAUSE039__SEX--M,dcid:country/ISL,2019,20.04919
dcs:who/AIR_7.SEX--F,dcid:country/ISL,2019,344.19812
dcs:who/AIR_7.SEX--M,dcid:country/ISR,2019,20211.78571
dcs:who/AIR_7.ENVCAUSE--ENVCAUSE118__SEX--M,dcid:country/ISR,2019,2780.50231
dcs:who/AIR_7.ENVCAUSE--ENVCAUSE113__SEX--M,dcid:country/ISR,2019,9947.21315
dcs:who/AIR_7.ENVCAUSE--ENVCAUSE068__SEX--F,dcid:country/ISR,2019,1164.00217
dcs:who/AIR_7,dcid:country/ISR,2019,33171.32028
dcs:who/AIR_7.ENVCAUSE--ENVCAUSE068,dcid:country/ISR,2019,3800.45016
dcs:who/AIR_7.ENVCAUSE--ENVCAUSE068__SEX--M,dcid:country/ISR,2019,2636.44798
dcs:who/AIR_7.ENVCAUSE--ENVCAUSE039__SEX--F,dcid:country/ISR,2019,1626.64863
dcs:who/AIR_7.ENVCAUSE--ENVCAUSE118__SEX--F,dcid:country/ISR,2019,2049.23739
dcs:who/AIR_7.ENVCAUSE--ENVCAUSE113__SEX--F,dcid:country/ISR,2019,5406.61067
dcs:who/AIR_7.ENVCAUSE--ENVCAUSE114,dcid:country/ISR,2019,5596.33912
dcs:who/AIR_7.SEX--F,dcid:country/ISR,2019,12959.53457
dcs:who/AIR_7.ENVCAUSE--ENVCAUSE114__SEX--F,dcid:country/ISR,2019,2713.03572
dcs:who/AIR_7.ENVCAUSE--ENVCAUSE039__SEX--M,dcid:country/ISR,2019,1964.31887
dcs:who/AIR_7.ENVCAUSE--ENVCAUSE114__SEX--M,dcid:country/ISR,2019,2883.3034
dcs:who/AIR_7.ENVCAUSE--ENVCAUSE113,dcid:country/ISR,2019,15353.82382
dcs:who/AIR_7.ENVCAUSE--ENVCAUSE039,dcid:country/ISR,2019,3590.9675
dcs:who/AIR_7.ENVCAUSE--ENVCAUSE118,dcid:country/ISR,2019,4829.73969
dcs:who/AIR_7.ENVCAUSE--ENVCAUSE039,dcid:country/ITA,2019,25167.09584
dcs:who/AIR_7.ENVCAUSE--ENVCAUSE118__SEX--M,dcid:country/ITA,2019,32378.55496
dcs:who/AIR_7,dcid:country/ITA,2019,441876.8551
dcs:who/AIR_7.SEX--F,dcid:country/ITA,2019,194525.2212
dcs:who/AIR_7.ENVCAUSE--ENVCAUSE113__SEX--M,dcid:country/ITA,2019,134210.7561
dcs:who/AIR_7.ENVCAUSE--ENVCAUSE039__SEX--F,dcid:country/ITA,2019,12021.54335
dcs:who/AIR_7.ENVCAUSE--ENVCAUSE114__SEX--M,dcid:country/ITA,2019,37990.22825
dcs:who/AIR_7.ENVCAUSE--ENVCAUSE113,dcid:country/ITA,2019,230698.7737
dcs:who/AIR_7.ENVCAUSE--ENVCAUSE114__SEX--F,dcid:country/ITA,2019,47770.33306
dcs:who/AIR_7.ENVCAUSE--ENVCAUSE118,dcid:country/ITA,2019,57965.68912
dcs:who/AIR_7.ENVCAUSE--ENVCAUSE114,dcid:country/ITA,2019,85760.56132
dcs:who/AIR_7.ENVCAUSE--ENVCAUSE113__SEX--F,dcid:country/ITA,2019,96488.01759
dcs:who/AIR_7.ENVCAUSE--ENVCAUSE068__SEX--M,dcid:country/ITA,2019,29626.54218
dcs:who/AIR_7.ENVCAUSE--ENVCAUSE068,dcid:country/ITA,2019,42284.73517
dcs:who/AIR_7.ENVCAUSE--ENVCAUSE068__SEX--F,dcid:country/ITA,2019,12658.19299
dcs:who/AIR_7.ENVCAUSE--ENVCAUSE039__SEX--M,dcid:country/ITA,2019,13145.55248
dcs:who/AIR_7.SEX--M,dcid:country/ITA,2019,247351.634
dcs:who/AIR_7.ENVCAUSE--ENVCAUSE118__SEX--F,dcid:country/ITA,2019,25587.13417
dcs:who/AIR_7.ENVCAUSE--ENVCAUSE039__SEX--M,dcid:country/JAM,2019,729.16488
dcs:who/AIR_7.ENVCAUSE--ENVCAUSE113__SEX--F,dcid:country/JAM,2019,2740.30783
dcs:who/AIR_7.ENVCAUSE--ENVCAUSE039,dcid:country/JAM,2019,1334.40782
dcs:who/AIR_7.ENVCAUSE--ENVCAUSE118,dcid:country/JAM,2019,1124.24636
dcs:who/AIR_7.ENVCAUSE--ENVCAUSE039__SEX--F,dcid:country/JAM,2019,605.24294
dcs:who/AIR_7.ENVCAUSE--ENVCAUSE068,dcid:country/JAM,2019,722.69751
dcs:who/AIR_7,dcid:country/JAM,2019,14254.5285
dcs:who/AIR_7.ENVCAUSE--ENVCAUSE068__SEX--F,dcid:country/JAM,2019,201.22845
dcs:who/AIR_7.ENVCAUSE--ENVCAUSE068__SEX--M,dcid:country/JAM,2019,521.46905
dcs:who/AIR_7.ENVCAUSE--ENVCAUSE113,dcid:country/JAM,2019,6082.85105
dcs:who/AIR_7.ENVCAUSE--ENVCAUSE114__SEX--M,dcid:country/JAM,2019,2340.62266
dcs:who/AIR_7.ENVCAUSE--ENVCAUSE118__SEX--F,dcid:country/JAM,2019,253.43056
dcs:who/AIR_7.SEX--M,dcid:country/JAM,2019,7804.61562
dcs:who/AIR_7.ENVCAUSE--ENVCAUSE114,dcid:country/JAM,2019,4990.32576
dcs:who/AIR_7.SEX--F,dcid:country/JAM,2019,6449.91288
dcs:who/AIR_7.ENVCAUSE--ENVCAUSE114__SEX--F,dcid:country/JAM,2019,2649.7031
dcs:who/AIR_7.ENVCAUSE--ENVCAUSE118__SEX--M,dcid:country/JAM,2019,870.8158
dcs:who/AIR_7.ENVCAUSE--ENVCAUSE113__SEX--M,dcid:country/JAM,2019,3342.54322
dcs:who/AIR_7.ENVCAUSE--ENVCAUSE118__SEX--F,dcid:country/JOR,2019,1036.62608
dcs:who/AIR_7.ENVCAUSE--ENVCAUSE113__SEX--M,dcid:country/JOR,2019,15602.50644
dcs:who/AIR_7,dcid:country/JOR,2019,49955.34345
dcs:who/AIR_7.ENVCAUSE--ENVCAUSE068__SEX--F,dcid:country/JOR,2019,544.31886
dcs:who/AIR_7.ENVCAUSE--ENVCAUSE114,dcid:country/JOR,2019,10184.55061
dcs:who/AIR_7.ENVCAUSE--ENVCAUSE114__SEX--M,dcid:country/JOR,2019,4513.81443
dcs:who/AIR_7.ENVCAUSE--ENVCAUSE118__SEX--M,dcid:country/JOR,2019,1671.22521
dcs:who/AIR_7.ENVCAUSE--ENVCAUSE039__SEX--F,dcid:country/JOR,2019,4173.27328
dcs:who/AIR_7.ENVCAUSE--ENVCAUSE039__SEX--M,dcid:country/JOR,2019,5080.14046
dcs:who/AIR_7.ENVCAUSE--ENVCAUSE114__SEX--F,dcid:country/JOR,2019,5670.73619
dcs:who/AIR_7.ENVCAUSE--ENVCAUSE068__SEX--M,dcid:country/JOR,2019,2624.3764
dcs:who/AIR_7.ENVCAUSE--ENVCAUSE068,dcid:country/JOR,2019,3168.69526
dcs:who/AIR_7.ENVCAUSE--ENVCAUSE113__SEX--F,dcid:country/JOR,2019,9038.3261
dcs:who/AIR_7.SEX--F,dcid:country/JOR,2019,20463.28051
dcs:who/AIR_7.SEX--M,dcid:country/JOR,2019,29492.06293
dcs:who/AIR_7.ENVCAUSE--ENVCAUSE118,dcid:country/JOR,2019,2707.85129
dcs:who/AIR_7.ENVCAUSE--ENVCAUSE113,dcid:country/JOR,2019,24640.83255
dcs:who/AIR_7.ENVCAUSE--ENVCAUSE039,dcid:country/JOR,2019,9253.41373
dcs:who/AIR_7.ENVCAUSE--ENVCAUSE114__SEX--M,dcid:country/JPN,2019,103242.9972
dcs:who/AIR_7.ENVCAUSE--ENVCAUSE113__SEX--M,dcid:country/JPN,2019,205555.3585
dcs:who/AIR_7.ENVCAUSE--ENVCAUSE114,dcid:country/JPN,2019,206516.1923
dcs:who/AIR_7.ENVCAUSE--ENVCAUSE068,dcid:country/JPN,2019,60802.02034
dcs:who/AIR_7.ENVCAUSE--ENVCAUSE118__SEX--F,dcid:country/JPN,2019,35853.34282
dcs:who/AIR_7.SEX--M,dcid:country/JPN,2019,494334.0249
dcs:who/AIR_7,dcid:country/JPN,2019,853550.9067
dcs:who/AIR_7.ENVCAUSE--ENVCAUSE114__SEX--F,dcid:country/JPN,2019,103273.1951
dcs:who/AIR_7.ENVCAUSE--ENVCAUSE118,dcid:country/JPN,2019,103000.5413
dcs:who/AIR_7.ENVCAUSE--ENVCAUSE068__SEX--M,dcid:country/JPN,2019,44022.24511
dcs:who/AIR_7.SEX--F,dcid:country/JPN,2019,359216.8818
dcs:who/AIR_7.ENVCAUSE--ENVCAUSE068__SEX--F,dcid:country/JPN,2019,16779.77523
dcs:who/AIR_7.ENVCAUSE--ENVCAUSE039__SEX--M,dcid:country/JPN,2019,74366.22562
dcs:who/AIR_7.ENVCAUSE--ENVCAUSE118__SEX--M,dcid:country/JPN,2019,67147.19849
dcs:who/AIR_7.ENVCAUSE--ENVCAUSE039,dcid:country/JPN,2019,127345.0716
dcs:who/AIR_7.ENVCAUSE--ENVCAUSE113__SEX--F,dcid:country/JPN,2019,150331.7228
dcs:who/AIR_7.ENVCAUSE--ENVCAUSE113,dcid:country/JPN,2019,355887.0812
dcs:who/AIR_7.ENVCAUSE--ENVCAUSE039__SEX--F,dcid:country/JPN,2019,52978.84596
dcs:who/AIR_7.ENVCAUSE--ENVCAUSE113__SEX--M,dcid:country/KAZ,2019,70392.98693
dcs:who/AIR_7.ENVCAUSE--ENVCAUSE039,dcid:country/KAZ,2019,27758.90425
dcs:who/AIR_7.ENVCAUSE--ENVCAUSE113,dcid:country/KAZ,2019,125156.9587
dcs:who/AIR_7.ENVCAUSE--ENVCAUSE118,dcid:country/KAZ,2019,27484.62148
dcs:who/AIR_7.ENVCAUSE--ENVCAUSE039__SEX--M,dcid:country/KAZ,2019,17871.12391
dcs:who/AIR_7,dcid:country/KAZ,2019,259094.2594
dcs:who/AIR_7.ENVCAUSE--ENVCAUSE118__SEX--M,dcid:country/KAZ,2019,17100.33595
dcs:who/AIR_7.ENVCAUSE--ENVCAUSE068__SEX--M,dcid:country/KAZ,2019,10200.68192
dcs:who/AIR_7.ENVCAUSE--ENVCAUSE118__SEX--F,dcid:country/KAZ,2019,10384.28553
dcs:who/AIR_7.ENVCAUSE--ENVCAUSE068,dcid:country/KAZ,2019,12306.12941
dcs:who/AIR_7.ENVCAUSE--ENVCAUSE113__SEX--F,dcid:country/KAZ,2019,54763.97179
dcs:who/AIR_7.ENVCAUSE--ENVCAUSE114__SEX--F,dcid:country/KAZ,2019,33387.992
dcs:who/AIR_7.SEX--M,dcid:country/KAZ,2019,148564.7823
dcs:who/AIR_7.ENVCAUSE--ENVCAUSE068__SEX--F,dcid:country/KAZ,2019,2105.44749
dcs:who/AIR_7.SEX--F,dcid:country/KAZ,2019,110529.4771
dcs:who/AIR_7.ENVCAUSE--ENVCAUSE114__SEX--M,dcid:country/KAZ,2019,32999.65358
dcs:who/AIR_7.ENVCAUSE--ENVCAUSE039__SEX--F,dcid:country/KAZ,2019,9887.78033
dcs:who/AIR_7.ENVCAUSE--ENVCAUSE114,dcid:country/KAZ,2019,66387.64558
dcs:who/AIR_7.SEX--F,dcid:country/KEN,2019,105979.6145
dcs:who/AIR_7.ENVCAUSE--ENVCAUSE039,dcid:country/KEN,2019,125350.3525
dcs:who/AIR_7.ENVCAUSE--ENVCAUSE114__SEX--M,dcid:country/KEN,2019,21927.96361
dcs:who/AIR_7.ENVCAUSE--ENVCAUSE113__SEX--F,dcid:country/KEN,2019,21926.39889
dcs:who/AIR_7.ENVCAUSE--ENVCAUSE114__SEX--F,dcid:country/KEN,2019,21202.3251
dcs:who/AIR_7.SEX--M,dcid:country/KEN,2019,132293.2198
dcs:who/AIR_7,dcid:country/KEN,2019,238272.8343
dcs:who/AIR_7.ENVCAUSE--ENVCAUSE114,dcid:country/KEN,2019,43130.28871
dcs:who/AIR_7.ENVCAUSE--ENVCAUSE039__SEX--F,dcid:country/KEN,2019,55963.99877
dcs:who/AIR_7.ENVCAUSE--ENVCAUSE039__SEX--M,dcid:country/KEN,2019,69386.35371
dcs:who/AIR_7.ENVCAUSE--ENVCAUSE118__SEX--M,dcid:country/KEN,2019,7630.15955
dcs:who/AIR_7.ENVCAUSE--ENVCAUSE068__SEX--F,dcid:country/KEN,2019,453.11014
dcs:who/AIR_7.ENVCAUSE--ENVCAUSE113__SEX--M,dcid:country/KEN,2019,32712.68014
dcs:who/AIR_7.ENVCAUSE--ENVCAUSE118__SEX--F,dcid:country/KEN,2019,6433.78156
dcs:who/AIR_7.ENVCAUSE--ENVCAUSE068__SEX--M,dcid:country/KEN,2019,636.06282
dcs:who/AIR_7.ENVCAUSE--ENVCAUSE068,dcid:country/KEN,2019,1089.17295
dcs:who/AIR_7.ENVCAUSE--ENVCAUSE113,dcid:country/KEN,2019,54639.07904
dcs:who/AIR_7.ENVCAUSE--ENVCAUSE118,dcid:country/KEN,2019,14063.94111
dcs:who/AIR_7.ENVCAUSE--ENVCAUSE068__SEX--F,dcid:country/KGZ,2019,568.27557
dcs:who/AIR_7.ENVCAUSE--ENVCAUSE114,dcid:country/KGZ,2019,16888.22012
dcs:who/AIR_7.ENVCAUSE--ENVCAUSE118__SEX--F,dcid:country/KGZ,2019,2537.86076
dcs:who/AIR_7.ENVCAUSE--ENVCAUSE114__SEX--M,dcid:country/KGZ,2019,9290.11365
dcs:who/AIR_7.ENVCAUSE--ENVCAUSE039,dcid:country/KGZ,2019,11104.58933
dcs:who/AIR_7.SEX--M,dcid:country/KGZ,2019,45080.64389
dcs:who/AIR_7.ENVCAUSE--ENVCAUSE118,dcid:country/KGZ,2019,5875.03347
dcs:who/AIR_7,dcid:country/KGZ,2019,79626.60779
dcs:who/AIR_7.ENVCAUSE--ENVCAUSE039__SEX--M,dcid:country/KGZ,2019,6448.68076
dcs:who/AIR_7.ENVCAUSE--ENVCAUSE068__SEX--M,dcid:country/KGZ,2019,2022.7936
dcs:who/AIR_7.ENVCAUSE--ENVCAUSE113__SEX--F,dcid:country/KGZ,2019,19185.81253
dcs:who/AIR_7.SEX--F,dcid:country/KGZ,2019,34545.9639
dcs:who/AIR_7.ENVCAUSE--ENVCAUSE113__SEX--M,dcid:country/KGZ,2019,23981.88317
dcs:who/AIR_7.ENVCAUSE--ENVCAUSE114__SEX--F,dcid:country/KGZ,2019,7598.10647
dcs:who/AIR_7.ENVCAUSE--ENVCAUSE068,dcid:country/KGZ,2019,2591.06917
dcs:who/AIR_7.ENVCAUSE--ENVCAUSE039__SEX--F,dcid:country/KGZ,2019,4655.90857
dcs:who/AIR_7.ENVCAUSE--ENVCAUSE113,dcid:country/KGZ,2019,43167.69571
dcs:who/AIR_7.ENVCAUSE--ENVCAUSE118__SEX--M,dcid:country/KGZ,2019,3337.1727
dcs:who/AIR_7.ENVCAUSE--ENVCAUSE113,dcid:country/KHM,2019,50717.81706
dcs:who/AIR_7.ENVCAUSE--ENVCAUSE113__SEX--M,dcid:country/KHM,2019,30633.81401
dcs:who/AIR_7.ENVCAUSE--ENVCAUSE114__SEX--M,dcid:country/KHM,2019,18828.00305
dcs:who/AIR_7.ENVCAUSE--ENVCAUSE118,dcid:country/KHM,2019,10840.97667
dcs:who/AIR_7.ENVCAUSE--ENVCAUSE039,dcid:country/KHM,2019,51311.62059
dcs:who/AIR_7.SEX--F,dcid:country/KHM,2019,70455.4627
dcs:who/AIR_7,dcid:country/KHM,2019,157272.683
dcs:who/AIR_7.ENVCAUSE--ENVCAUSE118__SEX--F,dcid:country/KHM,2019,4044.08308
dcs:who/AIR_7.ENVCAUSE--ENVCAUSE068__SEX--M,dcid:country/KHM,2019,2231.66575
dcs:who/AIR_7.ENVCAUSE--ENVCAUSE114,dcid:country/KHM,2019,40830.29046
dcs:who/AIR_7.ENVCAUSE--ENVCAUSE118__SEX--M,dcid:country/KHM,2019,6796.8936
dcs:who/AIR_7.SEX--M,dcid:country/KHM,2019,86817.22028
dcs:who/AIR_7.ENVCAUSE--ENVCAUSE114__SEX--F,dcid:country/KHM,2019,22002.28742
dcs:who/AIR_7.ENVCAUSE--ENVCAUSE039__SEX--F,dcid:country/KHM,2019,22984.77671
dcs:who/AIR_7.ENVCAUSE--ENVCAUSE068__SEX--F,dcid:country/KHM,2019,1340.31245
dcs:who/AIR_7.ENVCAUSE--ENVCAUSE039__SEX--M,dcid:country/KHM,2019,28326.84388
dcs:who/AIR_7.ENVCAUSE--ENVCAUSE068,dcid:country/KHM,2019,3571.9782
dcs:who/AIR_7.ENVCAUSE--ENVCAUSE113__SEX--F,dcid:country/KHM,2019,20084.00304
dcs:who/AIR_7.ENVCAUSE--ENVCAUSE039__SEX--M,dcid:country/KIR,2019,107.36642
dcs:who/AIR_7.ENVCAUSE--ENVCAUSE113__SEX--M,dcid:country/KIR,2019,423.37779
dcs:who/AIR_7.ENVCAUSE--ENVCAUSE113,dcid:country/KIR,2019,644.37421
dcs:who/AIR_7.ENVCAUSE--ENVCAUSE118__SEX--F,dcid:country/KIR,2019,15.86002
dcs:who/AIR_7.ENVCAUSE--ENVCAUSE039,dcid:country/KIR,2019,192.58202
dcs:who/AIR_7.ENVCAUSE--ENVCAUSE114__SEX--M,dcid:country/KIR,2019,184.12178
dcs:who/AIR_7.ENVCAUSE--ENVCAUSE114,dcid:country/KIR,2019,304.47693
dcs:who/AIR_7.ENVCAUSE--ENVCAUSE068,dcid:country/KIR,2019,11.23118
dcs:who/AIR_7.ENVCAUSE--ENVCAUSE118__SEX--M,dcid:country/KIR,2019,29.23895
dcs:who/AIR_7.ENVCAUSE--ENVCAUSE068__SEX--M,dcid:country/KIR,2019,9.168
dcs:who/AIR_7.ENVCAUSE--ENVCAUSE114__SEX--F,dcid:country/KIR,2019,120.35515
dcs:who/AIR_7.SEX--M,dcid:country/KIR,2019,753.27295
dcs:who/AIR_7.SEX--F,dcid:country/KIR,2019,444.49036
dcs:who/AIR_7.ENVCAUSE--ENVCAUSE068__SEX--F,dcid:country/KIR,2019,2.06318
dcs:who/AIR_7.ENVCAUSE--ENVCAUSE039__SEX--F,dcid:country/KIR,2019,85.21559
dcs:who/AIR_7.ENVCAUSE--ENVCAUSE113__SEX--F,dcid:country/KIR,2019,220.99642
dcs:who/AIR_7,dcid:country/KIR,2019,1197.76331
dcs:who/AIR_7.ENVCAUSE--ENVCAUSE118,dcid:country/KIR,2019,45.09897
dcs:who/AIR_7.ENVCAUSE--ENVCAUSE114__SEX--M,dcid:country/KOR,2019,43470.02218
dcs:who/AIR_7.ENVCAUSE--ENVCAUSE118__SEX--M,dcid:country/KOR,2019,24681.22533
dcs:who/AIR_7.ENVCAUSE--ENVCAUSE068,dcid:country/KOR,2019,42099.70608
dcs:who/AIR_7.ENVCAUSE--ENVCAUSE039__SEX--M,dcid:country/KOR,2019,41660.82143
dcs:who/AIR_7.ENVCAUSE--ENVCAUSE118,dcid:country/KOR,2019,36515.67243
dcs:who/AIR_7.ENVCAUSE--ENVCAUSE068__SEX--M,dcid:country/KOR,2019,31582.86149
dcs:who/AIR_7.ENVCAUSE--ENVCAUSE113,dcid:country/KOR,2019,101978.7491
dcs:who/AIR_7.ENVCAUSE--ENVCAUSE113__SEX--F,dcid:country/KOR,2019,37652.63707
dcs:who/AIR_7.SEX--M,dcid:country/KOR,2019,205721.0424
dcs:who/AIR_7,dcid:country/KOR,2019,336298.0299
dcs:who/AIR_7.ENVCAUSE--ENVCAUSE114,dcid:country/KOR,2019,84192.77923
dcs:who/AIR_7.ENVCAUSE--ENVCAUSE039,dcid:country/KOR,2019,71511.1231
dcs:who/AIR_7.ENVCAUSE--ENVCAUSE039__SEX--F,dcid:country/KOR,2019,29850.30167
dcs:who/AIR_7.ENVCAUSE--ENVCAUSE118__SEX--F,dcid:country/KOR,2019,11834.44711
dcs:who/AIR_7.ENVCAUSE--ENVCAUSE114__SEX--F,dcid:country/KOR,2019,40722.75706
dcs:who/AIR_7.SEX--F,dcid:country/KOR,2019,130576.9875
dcs:who/AIR_7.ENVCAUSE--ENVCAUSE068__SEX--F,dcid:country/KOR,2019,10516.84459
dcs:who/AIR_7.ENVCAUSE--ENVCAUSE113__SEX--M,dcid:country/KOR,2019,64326.11199
dcs:who/AIR_7.SEX--M,dcid:country/KWT,2019,29071.54847
dcs:who/AIR_7.ENVCAUSE--ENVCAUSE068__SEX--M,dcid:country/KWT,2019,736.51028
dcs:who/AIR_7.ENVCAUSE--ENVCAUSE113__SEX--F,dcid:country/KWT,2019,1814.11457
dcs:who/AIR_7.ENVCAUSE--ENVCAUSE114__SEX--M,dcid:country/KWT,2019,3794.39006
dcs:who/AIR_7.ENVCAUSE--ENVCAUSE039__SEX--F,dcid:country/KWT,2019,1073.34662
dcs:who/AIR_7.ENVCAUSE--ENVCAUSE114__SEX--F,dcid:country/KWT,2019,1184.63497
dcs:who/AIR_7,dcid:country/KWT,2019,33841.36627
dcs:who/AIR_7.ENVCAUSE--ENVCAUSE118,dcid:country/KWT,2019,1424.47728
dcs:who/AIR_7.ENVCAUSE--ENVCAUSE068,dcid:country/KWT,2019,1007.09609
dcs:who/AIR_7.ENVCAUSE--ENVCAUSE113,dcid:country/KWT,2019,22738.9549
dcs:who/AIR_7.SEX--F,dcid:country/KWT,2019,4769.8178
dcs:who/AIR_7.ENVCAUSE--ENVCAUSE118__SEX--M,dcid:country/KWT,2019,997.34144
dcs:who/AIR_7.ENVCAUSE--ENVCAUSE118__SEX--F,dcid:country/KWT,2019,427.13584
dcs:who/AIR_7.ENVCAUSE--ENVCAUSE039,dcid:country/KWT,2019,3691.81297
dcs:who/AIR_7.ENVCAUSE--ENVCAUSE039__SEX--M,dcid:country/KWT,2019,2618.46635
dcs:who/AIR_7.ENVCAUSE--ENVCAUSE113__SEX--M,dcid:country/KWT,2019,20924.84034
dcs:who/AIR_7.ENVCAUSE--ENVCAUSE068__SEX--F,dcid:country/KWT,2019,270.5858
dcs:who/AIR_7.ENVCAUSE--ENVCAUSE114,dcid:country/KWT,2019,4979.02503
dcs:who/AIR_7.ENVCAUSE--ENVCAUSE068,dcid:country/LAO,2019,2584.66109
dcs:who/AIR_7.ENVCAUSE--ENVCAUSE039,dcid:country/LAO,2019,25706.90072
dcs:who/AIR_7.ENVCAUSE--ENVCAUSE114__SEX--F,dcid:country/LAO,2019,9549.78621
dcs:who/AIR_7.ENVCAUSE--ENVCAUSE118__SEX--M,dcid:country/LAO,2019,3980.91198
dcs:who/AIR_7.SEX--F,dcid:country/LAO,2019,35448.71085
dcs:who/AIR_7.ENVCAUSE--ENVCAUSE114,dcid:country/LAO,2019,20091.63309
dcs:who/AIR_7.ENVCAUSE--ENVCAUSE068__SEX--F,dcid:country/LAO,2019,702.31155
dcs:who/AIR_7.ENVCAUSE--ENVCAUSE118,dcid:country/LAO,2019,6454.11
dcs:who/AIR_7.ENVCAUSE--ENVCAUSE113,dcid:country/LAO,2019,26590.67182
dcs:who/AIR_7.ENVCAUSE--ENVCAUSE068__SEX--M,dcid:country/LAO,2019,1882.34954
dcs:who/AIR_7.SEX--M,dcid:country/LAO,2019,45979.26588
dcs:who/AIR_7.ENVCAUSE--ENVCAUSE113__SEX--F,dcid:country/LAO,2019,10987.16906
dcs:who/AIR_7.ENVCAUSE--ENVCAUSE118__SEX--F,dcid:country/LAO,2019,2473.19801
dcs:who/AIR_7.ENVCAUSE--ENVCAUSE039__SEX--M,dcid:country/LAO,2019,13970.65471
dcs:who/AIR_7,dcid:country/LAO,2019,81427.97672
dcs:who/AIR_7.ENVCAUSE--ENVCAUSE039__SEX--F,dcid:country/LAO,2019,11736.24601
dcs:who/AIR_7.ENVCAUSE--ENVCAUSE114__SEX--M,dcid:country/LAO,2019,10541.84688
dcs:who/AIR_7.ENVCAUSE--ENVCAUSE113__SEX--M,dcid:country/LAO,2019,15603.50276
dcs:who/AIR_7.ENVCAUSE--ENVCAUSE114,dcid:country/LBN,2019,6110.97868
dcs:who/AIR_7.ENVCAUSE--ENVCAUSE118,dcid:country/LBN,2019,4807.90218
dcs:who/AIR_7.ENVCAUSE--ENVCAUSE118__SEX--M,dcid:country/LBN,2019,2859.87167
dcs:who/AIR_7.ENVCAUSE--ENVCAUSE068,dcid:country/LBN,2019,4374.23498
dcs:who/AIR_7.ENVCAUSE--ENVCAUSE113__SEX--M,dcid:country/LBN,2019,41726.92114
dcs:who/AIR_7.ENVCAUSE--ENVCAUSE118__SEX--F,dcid:country/LBN,2019,1948.0305
dcs:who/AIR_7,dcid:country/LBN,2019,80597.83836
dcs:who/AIR_7.ENVCAUSE--ENVCAUSE113__SEX--F,dcid:country/LBN,2019,19127.69803
dcs:who/AIR_7.ENVCAUSE--ENVCAUSE068__SEX--F,dcid:country/LBN,2019,1313.33908
dcs:who/AIR_7.ENVCAUSE--ENVCAUSE039__SEX--M,dcid:country/LBN,2019,2668.28538
dcs:who/AIR_7.SEX--F,dcid:country/LBN,2019,27452.54099
dcs:who/AIR_7.ENVCAUSE--ENVCAUSE068__SEX--M,dcid:country/LBN,2019,3060.89591
dcs:who/AIR_7.ENVCAUSE--ENVCAUSE039__SEX--F,dcid:country/LBN,2019,1781.81797
dcs:who/AIR_7.SEX--M,dcid:country/LBN,2019,53145.29737
dcs:who/AIR_7.ENVCAUSE--ENVCAUSE039,dcid:country/LBN,2019,4450.10335
dcs:who/AIR_7.ENVCAUSE--ENVCAUSE113,dcid:country/LBN,2019,60854.61917
dcs:who/AIR_7.ENVCAUSE--ENVCAUSE114__SEX--F,dcid:country/LBN,2019,3281.65542
dcs:who/AIR_7.ENVCAUSE--ENVCAUSE114__SEX--M,dcid:country/LBN,2019,2829.32326
dcs:who/AIR_7.ENVCAUSE--ENVCAUSE113__SEX--F,dcid:country/LBR,2019,5721.05572
dcs:who/AIR_7.ENVCAUSE--ENVCAUSE114,dcid:country/LBR,2019,6779.70095
dcs:who/AIR_7.ENVCAUSE--ENVCAUSE068__SEX--M,dcid:country/LBR,2019,215.96336
dcs:who/AIR_7.ENVCAUSE--ENVCAUSE114__SEX--M,dcid:country/LBR,2019,2906.80979
dcs:who/AIR_7.ENVCAUSE--ENVCAUSE118__SEX--F,dcid:country/LBR,2019,1174.90279
dcs:who/AIR_7,dcid:country/LBR,2019,57206.73736
dcs:who/AIR_7.ENVCAUSE--ENVCAUSE118__SEX--M,dcid:country/LBR,2019,902.2316
dcs:who/AIR_7.ENVCAUSE--ENVCAUSE068__SEX--F,dcid:country/LBR,2019,97.81964
dcs:who/AIR_7.ENVCAUSE--ENVCAUSE114__SEX--F,dcid:country/LBR,2019,3872.89115
dcs:who/AIR_7.SEX--F,dcid:country/LBR,2019,27618.66135
dcs:who/AIR_7.ENVCAUSE--ENVCAUSE039,dcid:country/LBR,2019,37569.36675
dcs:who/AIR_7.ENVCAUSE--ENVCAUSE039__SEX--F,dcid:country/LBR,2019,16751.99204
dcs:who/AIR_7.ENVCAUSE--ENVCAUSE068,dcid:country/LBR,2019,313.783
dcs:who/AIR_7.ENVCAUSE--ENVCAUSE118,dcid:country/LBR,2019,2077.13439
dcs:who/AIR_7.ENVCAUSE--ENVCAUSE039__SEX--M,dcid:country/LBR,2019,20817.37471
dcs:who/AIR_7.ENVCAUSE--ENVCAUSE113,dcid:country/LBR,2019,10466.75228
dcs:who/AIR_7.ENVCAUSE--ENVCAUSE113__SEX--M,dcid:country/LBR,2019,4745.69656
dcs:who/AIR_7.SEX--M,dcid:country/LBR,2019,29588.07602
dcs:who/AIR_7.ENVCAUSE--ENVCAUSE118__SEX--M,dcid:country/LBY,2019,2349.24826
dcs:who/AIR_7.ENVCAUSE--ENVCAUSE114__SEX--F,dcid:country/LBY,2019,6467.27273
dcs:who/AIR_7.ENVCAUSE--ENVCAUSE068__SEX--F,dcid:country/LBY,2019,216.72748
dcs:who/AIR_7.ENVCAUSE--ENVCAUSE068,dcid:country/LBY,2019,2113.72994
dcs:who/AIR_7.ENVCAUSE--ENVCAUSE039__SEX--M,dcid:country/LBY,2019,3194.36868
dcs:who/AIR_7.ENVCAUSE--ENVCAUSE068__SEX--M,dcid:country/LBY,2019,1897.00246
dcs:who/AIR_7.SEX--M,dcid:country/LBY,2019,33068.89078
dcs:who/AIR_7,dcid:country/LBY,2019,61536.92536
dcs:who/AIR_7.ENVCAUSE--ENVCAUSE113__SEX--M,dcid:country/LBY,2019,21073.53332
dcs:who/AIR_7.ENVCAUSE--ENVCAUSE118__SEX--F,dcid:country/LBY,2019,1733.10671
dcs:who/AIR_7.ENVCAUSE--ENVCAUSE114__SEX--M,dcid:country/LBY,2019,4554.73806
dcs:who/AIR_7.ENVCAUSE--ENVCAUSE113__SEX--F,dcid:country/LBY,2019,17302.52107
dcs:who/AIR_7.ENVCAUSE--ENVCAUSE039__SEX--F,dcid:country/LBY,2019,2748.4066
dcs:who/AIR_7.SEX--F,dcid:country/LBY,2019,28468.03459
dcs:who/AIR_7.ENVCAUSE--ENVCAUSE118,dcid:country/LBY,2019,4082.35497
dcs:who/AIR_7.ENVCAUSE--ENVCAUSE113,dcid:country/LBY,2019,38376.05439
dcs:who/AIR_7.ENVCAUSE--ENVCAUSE039,dcid:country/LBY,2019,5942.77528
dcs:who/AIR_7.ENVCAUSE--ENVCAUSE114,dcid:country/LBY,2019,11022.01079
dcs:who/AIR_7.ENVCAUSE--ENVCAUSE114,dcid:country/LCA,2019,279.22036
dcs:who/AIR_7.ENVCAUSE--ENVCAUSE113,dcid:country/LCA,2019,419.16021
dcs:who/AIR_7.ENVCAUSE--ENVCAUSE118,dcid:country/LCA,2019,76.04167
dcs:who/AIR_7.ENVCAUSE--ENVCAUSE114__SEX--M,dcid:country/LCA,2019,153.9493
dcs:who/AIR_7.ENVCAUSE--ENVCAUSE118__SEX--M,dcid:country/LCA,2019,55.81689
dcs:who/AIR_7,dcid:country/LCA,2019,920.45345
dcs:who/AIR_7.SEX--M,dcid:country/LCA,2019,573.95136
dcs:who/AIR_7.ENVCAUSE--ENVCAUSE118__SEX--F,dcid:country/LCA,2019,20.22478
dcs:who/AIR_7.ENVCAUSE--ENVCAUSE039__SEX--F,dcid:country/LCA,2019,51.49484
dcs:who/AIR_7.ENVCAUSE--ENVCAUSE113__SEX--M,dcid:country/LCA,2019,271.6012
dcs:who/AIR_7.ENVCAUSE--ENVCAUSE039__SEX--M,dcid:country/LCA,2019,76.10794
dcs:who/AIR_7.ENVCAUSE--ENVCAUSE068,dcid:country/LCA,2019,18.42843
dcs:who/AIR_7.ENVCAUSE--ENVCAUSE068__SEX--M,dcid:country/LCA,2019,16.47603
dcs:who/AIR_7.ENVCAUSE--ENVCAUSE113__SEX--F,dcid:country/LCA,2019,147.55901
dcs:who/AIR_7.ENVCAUSE--ENVCAUSE114__SEX--F,dcid:country/LCA,2019,125.27106
dcs:who/AIR_7.ENVCAUSE--ENVCAUSE039,dcid:country/LCA,2019,127.60278
dcs:who/AIR_7.ENVCAUSE--ENVCAUSE068__SEX--F,dcid:country/LCA,2019,1.9524
dcs:who/AIR_7.SEX--F,dcid:country/LCA,2019,346.50209
dcs:who/AIR_7.ENVCAUSE--ENVCAUSE118,dcid:country/LKA,2019,32326.69411
dcs:who/AIR_7.ENVCAUSE--ENVCAUSE068,dcid:country/LKA,2019,4858.20944
dcs:who/AIR_7.SEX--F,dcid:country/LKA,2019,82537.2726
dcs:who/AIR_7.ENVCAUSE--ENVCAUSE114,dcid:country/LKA,2019,26673.07649
dcs:who/AIR_7.ENVCAUSE--ENVCAUSE118__SEX--M,dcid:country/LKA,2019,20166.70135
dcs:who/AIR_7.ENVCAUSE--ENVCAUSE039,dcid:country/LKA,2019,24421.77017
dcs:who/AIR_7.ENVCAUSE--ENVCAUSE039__SEX--M,dcid:country/LKA,2019,14452.62074
dcs:who/AIR_7.ENVCAUSE--ENVCAUSE068__SEX--F,dcid:country/LKA,2019,1334.09969
dcs:who/AIR_7.ENVCAUSE--ENVCAUSE114__SEX--F,dcid:country/LKA,2019,12964.32993
dcs:who/AIR_7.ENVCAUSE--ENVCAUSE068__SEX--M,dcid:country/LKA,2019,3524.10975
dcs:who/AIR_7.ENVCAUSE--ENVCAUSE114__SEX--M,dcid:country/LKA,2019,13708.74656
dcs:who/AIR_7.ENVCAUSE--ENVCAUSE118__SEX--F,dcid:country/LKA,2019,12159.99276
dcs:who/AIR_7.ENVCAUSE--ENVCAUSE113__SEX--M,dcid:country/LKA,2019,73375.01806
dcs:who/AIR_7.ENVCAUSE--ENVCAUSE113,dcid:country/LKA,2019,119484.7188
dcs:who/AIR_7.ENVCAUSE--ENVCAUSE113__SEX--F,dcid:country/LKA,2019,46109.70079
dcs:who/AIR_7.SEX--M,dcid:country/LKA,2019,125227.1965
dcs:who/AIR_7,dcid:country/LKA,2019,207764.4691
dcs:who/AIR_7.ENVCAUSE--ENVCAUSE039__SEX--F,dcid:country/LKA,2019,9969.14943
dcs:who/AIR_7.ENVCAUSE--ENVCAUSE113__SEX--M,dcid:country/LSO,2019,6820.46663
dcs:who/AIR_7.ENVCAUSE--ENVCAUSE118__SEX--M,dcid:country/LSO,2019,2154.16791
dcs:who/AIR_7.ENVCAUSE--ENVCAUSE068__SEX--M,dcid:country/LSO,2019,72.19918
dcs:who/AIR_7.ENVCAUSE--ENVCAUSE068__SEX--F,dcid:country/LSO,2019,36.10068
dcs:who/AIR_7.ENVCAUSE--ENVCAUSE114__SEX--F,dcid:country/LSO,2019,4663.61
dcs:who/AIR_7,dcid:country/LSO,2019,48900.57375
dcs:who/AIR_7.ENVCAUSE--ENVCAUSE113__SEX--F,dcid:country/LSO,2019,4899.93751
dcs:who/AIR_7.SEX--F,dcid:country/LSO,2019,22200.65364
dcs:who/AIR_7.ENVCAUSE--ENVCAUSE114__SEX--M,dcid:country/LSO,2019,4374.46356
dcs:who/AIR_7.ENVCAUSE--ENVCAUSE039__SEX--M,dcid:country/LSO,2019,13278.62284
dcs:who/AIR_7.ENVCAUSE--ENVCAUSE068,dcid:country/LSO,2019,108.29986
dcs:who/AIR_7.ENVCAUSE--ENVCAUSE118__SEX--F,dcid:country/LSO,2019,1762.58872
dcs:who/AIR_7.ENVCAUSE--ENVCAUSE039__SEX--F,dcid:country/LSO,2019,10838.41673
dcs:who/AIR_7.SEX--M,dcid:country/LSO,2019,26699.92011
dcs:who/AIR_7.ENVCAUSE--ENVCAUSE118,dcid:country/LSO,2019,3916.75663
dcs:who/AIR_7.ENVCAUSE--ENVCAUSE114,dcid:country/LSO,2019,9038.07356
dcs:who/AIR_7.ENVCAUSE--ENVCAUSE113,dcid:country/LSO,2019,11720.40414
dcs:who/AIR_7.ENVCAUSE--ENVCAUSE039,dcid:country/LSO,2019,24117.03956
dcs:who/AIR_7.ENVCAUSE--ENVCAUSE118__SEX--F,dcid:country/LTU,2019,327.62784
dcs:who/AIR_7.ENVCAUSE--ENVCAUSE039__SEX--M,dcid:country/LTU,2019,995.5824
dcs:who/AIR_7.ENVCAUSE--ENVCAUSE114__SEX--F,dcid:country/LTU,2019,4266.99594
dcs:who/AIR_7.SEX--F,dcid:country/LTU,2019,21479.2563
dcs:who/AIR_7.ENVCAUSE--ENVCAUSE113,dcid:country/LTU,2019,33261.56269
dcs:who/AIR_7.ENVCAUSE--ENVCAUSE039,dcid:country/LTU,2019,1528.78356
dcs:who/AIR_7.ENVCAUSE--ENVCAUSE114,dcid:country/LTU,2019,7465.47542
dcs:who/AIR_7.ENVCAUSE--ENVCAUSE039__SEX--F,dcid:country/LTU,2019,533.20116
dcs:who/AIR_7.ENVCAUSE--ENVCAUSE113__SEX--M,dcid:country/LTU,2019,17180.51167
dcs:who/AIR_7.ENVCAUSE--ENVCAUSE118,dcid:country/LTU,2019,1005.12369
dcs:who/AIR_7.ENVCAUSE--ENVCAUSE068__SEX--F,dcid:country/LTU,2019,270.38034
dcs:who/AIR_7.ENVCAUSE--ENVCAUSE113__SEX--F,dcid:country/LTU,2019,16081.05103
dcs:who/AIR_7.ENVCAUSE--ENVCAUSE114__SEX--M,dcid:country/LTU,2019,3198.47948
dcs:who/AIR_7.ENVCAUSE--ENVCAUSE118__SEX--M,dcid:country/LTU,2019,677.49585
dcs:who/AIR_7,dcid:country/LTU,2019,44576.56354
dcs:who/AIR_7.SEX--M,dcid:country/LTU,2019,23097.30724
dcs:who/AIR_7.ENVCAUSE--ENVCAUSE068__SEX--M,dcid:country/LTU,2019,1045.23784
dcs:who/AIR_7.ENVCAUSE--ENVCAUSE068,dcid:country/LTU,2019,1315.61818
dcs:who/AIR_7.ENVCAUSE--ENVCAUSE118__SEX--M,dcid:country/LUX,2019,194.66263
dcs:who/AIR_7.SEX--M,dcid:country/LUX,2019,1487.69336
dcs:who/AIR_7.ENVCAUSE--ENVCAUSE114__SEX--M,dcid:country/LUX,2019,160.91139
dcs:who/AIR_7.ENVCAUSE--ENVCAUSE118,dcid:country/LUX,2019,378.04168
dcs:who/AIR_7.ENVCAUSE--ENVCAUSE039__SEX--M,dcid:country/LUX,2019,66.30737
dcs:who/AIR_7.ENVCAUSE--ENVCAUSE114,dcid:country/LUX,2019,324.7233
dcs:who/AIR_7.ENVCAUSE--ENVCAUSE039__SEX--F,dcid:country/LUX,2019,57.72984
dcs:who/AIR_7.ENVCAUSE--ENVCAUSE068__SEX--F,dcid:country/LUX,2019,71.24238
dcs:who/AIR_7.ENVCAUSE--ENVCAUSE113__SEX--M,dcid:country/LUX,2019,927.01841
dcs:who/AIR_7.SEX--F,dcid:country/LUX,2019,1028.39789
dcs:who/AIR_7.ENVCAUSE--ENVCAUSE113__SEX--F,dcid:country/LUX,2019,552.2347
dcs:who/AIR_7.ENVCAUSE--ENVCAUSE118__SEX--F,dcid:country/LUX,2019,183.37905
dcs:who/AIR_7.ENVCAUSE--ENVCAUSE068__SEX--M,dcid:country/LUX,2019,138.79356
dcs:who/AIR_7.ENVCAUSE--ENVCAUSE068,dcid:country/LUX,2019,210.03594
dcs:who/AIR_7.ENVCAUSE--ENVCAUSE113,dcid:country/LUX,2019,1479.25312
dcs:who/AIR_7,dcid:country/LUX,2019,2516.09125
dcs:who/AIR_7.ENVCAUSE--ENVCAUSE039,dcid:country/LUX,2019,124.03721
dcs:who/AIR_7.ENVCAUSE--ENVCAUSE114__SEX--F,dcid:country/LUX,2019,163.81191
dcs:who/AIR_7.ENVCAUSE--ENVCAUSE039__SEX--F,dcid:country/LVA,2019,454.5796
dcs:who/AIR_7.ENVCAUSE--ENVCAUSE113__SEX--F,dcid:country/LVA,2019,9394.07024
dcs:who/AIR_7.SEX--M,dcid:country/LVA,2019,17040.40224
dcs:who/AIR_7.ENVCAUSE--ENVCAUSE068__SEX--M,dcid:country/LVA,2019,892.48436
dcs:who/AIR_7.ENVCAUSE--ENVCAUSE118__SEX--M,dcid:country/LVA,2019,538.10918
dcs:who/AIR_7.SEX--F,dcid:country/LVA,2019,15029.8111
dcs:who/AIR_7.ENVCAUSE--ENVCAUSE039__SEX--M,dcid:country/LVA,2019,888.06816
dcs:who/AIR_7.ENVCAUSE--ENVCAUSE114__SEX--F,dcid:country/LVA,2019,4698.13175
dcs:who/AIR_7.ENVCAUSE--ENVCAUSE113__SEX--M,dcid:country/LVA,2019,11332.08857
dcs:who/AIR_7.ENVCAUSE--ENVCAUSE114__SEX--M,dcid:country/LVA,2019,3389.65198
dcs:who/AIR_7.ENVCAUSE--ENVCAUSE068__SEX--F,dcid:country/LVA,2019,229.48782
dcs:who/AIR_7.ENVCAUSE--ENVCAUSE114,dcid:country/LVA,2019,8087.78372
dcs:who/AIR_7.ENVCAUSE--ENVCAUSE118__SEX--F,dcid:country/LVA,2019,253.54168
dcs:who/AIR_7,dcid:country/LVA,2019,32070.21334
dcs:who/AIR_7.ENVCAUSE--ENVCAUSE118,dcid:country/LVA,2019,791.65086
dcs:who/AIR_7.ENVCAUSE--ENVCAUSE113,dcid:country/LVA,2019,20726.15881
dcs:who/AIR_7.ENVCAUSE--ENVCAUSE039,dcid:country/LVA,2019,1342.64777
dcs:who/AIR_7.ENVCAUSE--ENVCAUSE068,dcid:country/LVA,2019,1121.97218
dcs:who/AIR_7.ENVCAUSE--ENVCAUSE068__SEX--M,dcid:country/MAR,2019,10798.17183
dcs:who/AIR_7.ENVCAUSE--ENVCAUSE118__SEX--F,dcid:country/MAR,2019,7725.62672
dcs:who/AIR_7.ENVCAUSE--ENVCAUSE039__SEX--M,dcid:country/MAR,2019,18406.61754
dcs:who/AIR_7.ENVCAUSE--ENVCAUSE118__SEX--M,dcid:country/MAR,2019,10589.83268
dcs:who/AIR_7.SEX--F,dcid:country/MAR,2019,209149.0511
dcs:who/AIR_7.ENVCAUSE--ENVCAUSE068,dcid:country/MAR,2019,11947.65955
dcs:who/AIR_7.SEX--M,dcid:country/MAR,2019,236165.0578
dcs:who/AIR_7.ENVCAUSE--ENVCAUSE039__SEX--F,dcid:country/MAR,2019,16821.0905
dcs:who/AIR_7.ENVCAUSE--ENVCAUSE068__SEX--F,dcid:country/MAR,2019,1149.48772
dcs:who/AIR_7.ENVCAUSE--ENVCAUSE113__SEX--M,dcid:country/MAR,2019,163901.5051
dcs:who/AIR_7,dcid:country/MAR,2019,445314.1089
dcs:who/AIR_7.ENVCAUSE--ENVCAUSE114__SEX--M,dcid:country/MAR,2019,32468.93062
dcs:who/AIR_7.ENVCAUSE--ENVCAUSE113,dcid:country/MAR,2019,304944.9705
dcs:who/AIR_7.ENVCAUSE--ENVCAUSE114,dcid:country/MAR,2019,74878.31145
dcs:who/AIR_7.ENVCAUSE--ENVCAUSE118,dcid:country/MAR,2019,18315.4594
dcs:who/AIR_7.ENVCAUSE--ENVCAUSE039,dcid:country/MAR,2019,35227.70804
dcs:who/AIR_7.ENVCAUSE--ENVCAUSE114__SEX--F,dcid:country/MAR,2019,42409.38083
dcs:who/AIR_7.ENVCAUSE--ENVCAUSE113__SEX--F,dcid:country/MAR,2019,141043.4653
dcs:who/AIR_7.ENVCAUSE--ENVCAUSE114__SEX--F,dcid:country/MDA,2019,6101.03904
dcs:who/AIR_7.ENVCAUSE--ENVCAUSE114__SEX--M,dcid:country/MDA,2019,5990.85336
dcs:who/AIR_7.ENVCAUSE--ENVCAUSE118,dcid:country/MDA,2019,1838.1572
dcs:who/AIR_7,dcid:country/MDA,2019,65984.1374
dcs:who/AIR_7.ENVCAUSE--ENVCAUSE039__SEX--F,dcid:country/MDA,2019,1306.32842
dcs:who/AIR_7.ENVCAUSE--ENVCAUSE068__SEX--M,dcid:country/MDA,2019,1421.4919
dcs:who/AIR_7.ENVCAUSE--ENVCAUSE113,dcid:country/MDA,2019,45336.0199
dcs:who/AIR_7.ENVCAUSE--ENVCAUSE068,dcid:country/MDA,2019,1709.2749
dcs:who/AIR_7.ENVCAUSE--ENVCAUSE113__SEX--F,dcid:country/MDA,2019,20389.08991
dcs:who/AIR_7.ENVCAUSE--ENVCAUSE118__SEX--F,dcid:country/MDA,2019,660.8439
dcs:who/AIR_7.ENVCAUSE--ENVCAUSE114,dcid:country/MDA,2019,12091.8924
dcs:who/AIR_7.SEX--M,dcid:country/MDA,2019,37239.05314
dcs:who/AIR_7.ENVCAUSE--ENVCAUSE068__SEX--F,dcid:country/MDA,2019,287.783
dcs:who/AIR_7.ENVCAUSE--ENVCAUSE039__SEX--M,dcid:country/MDA,2019,3702.46459
dcs:who/AIR_7.ENVCAUSE--ENVCAUSE118__SEX--M,dcid:country/MDA,2019,1177.3133
dcs:who/AIR_7.SEX--F,dcid:country/MDA,2019,28745.08426
dcs:who/AIR_7.ENVCAUSE--ENVCAUSE113__SEX--M,dcid:country/MDA,2019,24946.92999
dcs:who/AIR_7.ENVCAUSE--ENVCAUSE039,dcid:country/MDA,2019,5008.79301
dcs:who/AIR_7.ENVCAUSE--ENVCAUSE039__SEX--M,dcid:country/MDG,2019,52702.63517
dcs:who/AIR_7.ENVCAUSE--ENVCAUSE118__SEX--M,dcid:country/MDG,2019,7717.00686
dcs:who/AIR_7.ENVCAUSE--ENVCAUSE068__SEX--M,dcid:country/MDG,2019,200.41274
dcs:who/AIR_7.ENVCAUSE--ENVCAUSE113__SEX--M,dcid:country/MDG,2019,37330.92944
dcs:who/AIR_7.ENVCAUSE--ENVCAUSE114__SEX--M,dcid:country/MDG,2019,25704.17679
dcs:who/AIR_7.ENVCAUSE--ENVCAUSE068__SEX--F,dcid:country/MDG,2019,150.07971
dcs:who/AIR_7.SEX--M,dcid:country/MDG,2019,123655.161
dcs:who/AIR_7.SEX--F,dcid:country/MDG,2019,116164.1039
dcs:who/AIR_7.ENVCAUSE--ENVCAUSE118__SEX--F,dcid:country/MDG,2019,6198.93965
dcs:who/AIR_7.ENVCAUSE--ENVCAUSE118,dcid:country/MDG,2019,13915.94651
dcs:who/AIR_7.ENVCAUSE--ENVCAUSE114,dcid:country/MDG,2019,55545.08133
dcs:who/AIR_7.ENVCAUSE--ENVCAUSE113__SEX--F,dcid:country/MDG,2019,21305.00272
dcs:who/AIR_7,dcid:country/MDG,2019,239819.2649
dcs:who/AIR_7.ENVCAUSE--ENVCAUSE068,dcid:country/MDG,2019,350.49245
dcs:who/AIR_7.ENVCAUSE--ENVCAUSE113,dcid:country/MDG,2019,58635.93215
dcs:who/AIR_7.ENVCAUSE--ENVCAUSE039,dcid:country/MDG,2019,111371.8124
dcs:who/AIR_7.ENVCAUSE--ENVCAUSE114__SEX--F,dcid:country/MDG,2019,29840.90453
dcs:who/AIR_7.ENVCAUSE--ENVCAUSE039__SEX--F,dcid:country/MDG,2019,58669.17728
dcs:who/AIR_7.ENVCAUSE--ENVCAUSE114__SEX--M,dcid:country/MDV,2019,210.84371
dcs:who/AIR_7.ENVCAUSE--ENVCAUSE068,dcid:country/MDV,2019,52.9303
dcs:who/AIR_7.ENVCAUSE--ENVCAUSE114,dcid:country/MDV,2019,330.5775
dcs:who/AIR_7.ENVCAUSE--ENVCAUSE118__SEX--F,dcid:country/MDV,2019,128.2076
dcs:who/AIR_7.ENVCAUSE--ENVCAUSE113__SEX--M,dcid:country/MDV,2019,661.1213
dcs:who/AIR_7.ENVCAUSE--ENVCAUSE113,dcid:country/MDV,2019,949.61111
dcs:who/AIR_7.ENVCAUSE--ENVCAUSE068__SEX--M,dcid:country/MDV,2019,41.6651
dcs:who/AIR_7.ENVCAUSE--ENVCAUSE039__SEX--M,dcid:country/MDV,2019,59.24223
dcs:who/AIR_7.ENVCAUSE--ENVCAUSE114__SEX--F,dcid:country/MDV,2019,119.73379
dcs:who/AIR_7.ENVCAUSE--ENVCAUSE113__SEX--F,dcid:country/MDV,2019,288.48981
dcs:who/AIR_7.SEX--F,dcid:country/MDV,2019,599.20673
dcs:who/AIR_7.ENVCAUSE--ENVCAUSE118,dcid:country/MDV,2019,240.90627
dcs:who/AIR_7.ENVCAUSE--ENVCAUSE039,dcid:country/MDV,2019,110.75257
dcs:who/AIR_7.SEX--M,dcid:country/MDV,2019,1085.57101
dcs:who/AIR_7.ENVCAUSE--ENVCAUSE039__SEX--F,dcid:country/MDV,2019,51.51034
dcs:who/AIR_7.ENVCAUSE--ENVCAUSE068__SEX--F,dcid:country/MDV,2019,11.26519
dcs:who/AIR_7,dcid:country/MDV,2019,1684.77774
dcs:who/AIR_7.ENVCAUSE--ENVCAUSE118__SEX--M,dcid:country/MDV,2019,112.69867
dcs:who/AIR_7,dcid:country/MEX,2019,740488.2993
dcs:who/AIR_7.SEX--F,dcid:country/MEX,2019,304408.4338
dcs:who/AIR_7.ENVCAUSE--ENVCAUSE039__SEX--M,dcid:country/MEX,2019,72382.19819
dcs:who/AIR_7.ENVCAUSE--ENVCAUSE068,dcid:country/MEX,2019,13790.87234
dcs:who/AIR_7.ENVCAUSE--ENVCAUSE039,dcid:country/MEX,2019,122349.1217
dcs:who/AIR_7.ENVCAUSE--ENVCAUSE068__SEX--M,dcid:country/MEX,2019,8321.90602
dcs:who/AIR_7.ENVCAUSE--ENVCAUSE114__SEX--M,dcid:country/MEX,2019,51853.43284
dcs:who/AIR_7.ENVCAUSE--ENVCAUSE118,dcid:country/MEX,2019,66995.15406
dcs:who/AIR_7.ENVCAUSE--ENVCAUSE113,dcid:country/MEX,2019,434514.5977
dcs:who/AIR_7.ENVCAUSE--ENVCAUSE114__SEX--F,dcid:country/MEX,2019,50985.12069
dcs:who/AIR_7.SEX--M,dcid:country/MEX,2019,436079.8655
dcs:who/AIR_7.ENVCAUSE--ENVCAUSE068__SEX--F,dcid:country/MEX,2019,5468.96632
dcs:who/AIR_7.ENVCAUSE--ENVCAUSE039__SEX--F,dcid:country/MEX,2019,49966.92353
dcs:who/AIR_7.ENVCAUSE--ENVCAUSE118__SEX--F,dcid:country/MEX,2019,32518.59935
dcs:who/AIR_7.ENVCAUSE--ENVCAUSE118__SEX--M,dcid:country/MEX,2019,34476.55471
dcs:who/AIR_7.ENVCAUSE--ENVCAUSE113__SEX--F,dcid:country/MEX,2019,165468.8239
dcs:who/AIR_7.ENVCAUSE--ENVCAUSE114,dcid:country/MEX,2019,102838.5535
dcs:who/AIR_7.ENVCAUSE--ENVCAUSE113__SEX--M,dcid:country/MEX,2019,269045.7738
dcs:who/AIR_7.ENVCAUSE--ENVCAUSE068__SEX--M,dcid:country/MKD,2019,2528.27317
dcs:who/AIR_7.ENVCAUSE--ENVCAUSE114__SEX--M,dcid:country/MKD,2019,7021.56141
dcs:who/AIR_7.SEX--M,dcid:country/MKD,2019,23358.34537
dcs:who/AIR_7.ENVCAUSE--ENVCAUSE113__SEX--M,dcid:country/MKD,2019,11583.60625
dcs:who/AIR_7.ENVCAUSE--ENVCAUSE039__SEX--M,dcid:country/MKD,2019,506.93994
dcs:who/AIR_7.ENVCAUSE--ENVCAUSE118__SEX--M,dcid:country/MKD,2019,1717.9646
dcs:who/AIR_7.ENVCAUSE--ENVCAUSE113,dcid:country/MKD,2019,18924.37967
dcs:who/AIR_7.ENVCAUSE--ENVCAUSE118__SEX--F,dcid:country/MKD,2019,1035.35784
dcs:who/AIR_7.ENVCAUSE--ENVCAUSE118,dcid:country/MKD,2019,2753.32244
dcs:who/AIR_7.ENVCAUSE--ENVCAUSE114__SEX--F,dcid:country/MKD,2019,7381.52446
dcs:who/AIR_7.ENVCAUSE--ENVCAUSE068__SEX--F,dcid:country/MKD,2019,581.85661
dcs:who/AIR_7.ENVCAUSE--ENVCAUSE113__SEX--F,dcid:country/MKD,2019,7340.77342
dcs:who/AIR_7.ENVCAUSE--ENVCAUSE039__SEX--F,dcid:country/MKD,2019,390.68025
dcs:who/AIR_7.ENVCAUSE--ENVCAUSE114,dcid:country/MKD,2019,14403.08587
dcs:who/AIR_7.SEX--F,dcid:country/MKD,2019,16730.19257
dcs:who/AIR_7.ENVCAUSE--ENVCAUSE068,dcid:country/MKD,2019,3110.12978
dcs:who/AIR_7,dcid:country/MKD,2019,40088.53794
dcs:who/AIR_7.ENVCAUSE--ENVCAUSE039,dcid:country/MKD,2019,897.62018
dcs:who/AIR_7.ENVCAUSE--ENVCAUSE113,dcid:country/MLI,2019,32497.41222
dcs:who/AIR_7.ENVCAUSE--ENVCAUSE113__SEX--M,dcid:country/MLI,2019,13939.17639
dcs:who/AIR_7.ENVCAUSE--ENVCAUSE114,dcid:country/MLI,2019,26106.95983
dcs:who/AIR_7.ENVCAUSE--ENVCAUSE118,dcid:country/MLI,2019,13610.45401
dcs:who/AIR_7.ENVCAUSE--ENVCAUSE068,dcid:country/MLI,2019,1064.11382
dcs:who/AIR_7.SEX--F,dcid:country/MLI,2019,141747.9051
dcs:who/AIR_7.ENVCAUSE--ENVCAUSE114__SEX--F,dcid:country/MLI,2019,15550.21762
dcs:who/AIR_7,dcid:country/MLI,2019,291695.2914
dcs:who/AIR_7.ENVCAUSE--ENVCAUSE068__SEX--F,dcid:country/MLI,2019,349.00641
dcs:who/AIR_7.ENVCAUSE--ENVCAUSE114__SEX--M,dcid:country/MLI,2019,10556.74221
dcs:who/AIR_7.ENVCAUSE--ENVCAUSE068__SEX--M,dcid:country/MLI,2019,715.10741
dcs:who/AIR_7.ENVCAUSE--ENVCAUSE113__SEX--F,dcid:country/MLI,2019,18558.23583
dcs:who/AIR_7.SEX--M,dcid:country/MLI,2019,149947.3864
dcs:who/AIR_7.ENVCAUSE--ENVCAUSE039__SEX--M,dcid:country/MLI,2019,117332.6043
dcs:who/AIR_7.ENVCAUSE--ENVCAUSE118__SEX--F,dcid:country/MLI,2019,6206.69793
dcs:who/AIR_7.ENVCAUSE--ENVCAUSE039__SEX--F,dcid:country/MLI,2019,101083.7473
dcs:who/AIR_7.ENVCAUSE--ENVCAUSE039,dcid:country/MLI,2019,218416.3516
dcs:who/AIR_7.ENVCAUSE--ENVCAUSE118__SEX--M,dcid:country/MLI,2019,7403.75608
dcs:who/AIR_7.ENVCAUSE--ENVCAUSE113__SEX--M,dcid:country/MLT,2019,1318.46269
dcs:who/AIR_7,dcid:country/MLT,2019,3583.46586
dcs:who/AIR_7.ENVCAUSE--ENVCAUSE068__SEX--M,dcid:country/MLT,2019,175.57085
dcs:who/AIR_7.ENVCAUSE--ENVCAUSE113,dcid:country/MLT,2019,2292.52139
dcs:who/AIR_7.ENVCAUSE--ENVCAUSE114,dcid:country/MLT,2019,457.72077
dcs:who/AIR_7.ENVCAUSE--ENVCAUSE068,dcid:country/MLT,2019,238.7444
dcs:who/AIR_7.ENVCAUSE--ENVCAUSE114__SEX--F,dcid:country/MLT,2019,237.53925
dcs:who/AIR_7.SEX--M,dcid:country/MLT,2019,2061.17517
dcs:who/AIR_7.ENVCAUSE--ENVCAUSE118__SEX--F,dcid:country/MLT,2019,89.41669
dcs:who/AIR_7.ENVCAUSE--ENVCAUSE118,dcid:country/MLT,2019,286.08973
dcs:who/AIR_7.ENVCAUSE--ENVCAUSE039__SEX--F,dcid:country/MLT,2019,158.10251
dcs:who/AIR_7.SEX--F,dcid:country/MLT,2019,1522.29069
dcs:who/AIR_7.ENVCAUSE--ENVCAUSE039__SEX--M,dcid:country/MLT,2019,150.28707
dcs:who/AIR_7.ENVCAUSE--ENVCAUSE068__SEX--F,dcid:country/MLT,2019,63.17354
dcs:who/AIR_7.ENVCAUSE--ENVCAUSE113__SEX--F,dcid:country/MLT,2019,974.0587
dcs:who/AIR_7.ENVCAUSE--ENVCAUSE039,dcid:country/MLT,2019,308.38958
dcs:who/AIR_7.ENVCAUSE--ENVCAUSE118__SEX--M,dcid:country/MLT,2019,196.67304
dcs:who/AIR_7.ENVCAUSE--ENVCAUSE114__SEX--M,dcid:country/MLT,2019,220.18151
dcs:who/AIR_7.ENVCAUSE--ENVCAUSE068__SEX--M,dcid:country/MMR,2019,14004.64544
dcs:who/AIR_7.ENVCAUSE--ENVCAUSE114__SEX--M,dcid:country/MMR,2019,133716.4907
dcs:who/AIR_7.ENVCAUSE--ENVCAUSE118__SEX--M,dcid:country/MMR,2019,67184.65222
dcs:who/AIR_7.ENVCAUSE--ENVCAUSE113__SEX--M,dcid:country/MMR,2019,107634.0843
dcs:who/AIR_7.SEX--M,dcid:country/MMR,2019,411413.9273
dcs:who/AIR_7.ENVCAUSE--ENVCAUSE039__SEX--M,dcid:country/MMR,2019,88874.05466
dcs:who/AIR_7.ENVCAUSE--ENVCAUSE113__SEX--F,dcid:country/MMR,2019,78163.43787
dcs:who/AIR_7.ENVCAUSE--ENVCAUSE068,dcid:country/MMR,2019,24972.51111
dcs:who/AIR_7.ENVCAUSE--ENVCAUSE114,dcid:country/MMR,2019,259174.7058
dcs:who/AIR_7.ENVCAUSE--ENVCAUSE068__SEX--F,dcid:country/MMR,2019,10967.86567
dcs:who/AIR_7.ENVCAUSE--ENVCAUSE118,dcid:country/MMR,2019,113993.1302
dcs:who/AIR_7.ENVCAUSE--ENVCAUSE113,dcid:country/MMR,2019,185797.5222
dcs:who/AIR_7.ENVCAUSE--ENVCAUSE039,dcid:country/MMR,2019,152022.0287
dcs:who/AIR_7.ENVCAUSE--ENVCAUSE118__SEX--F,dcid:country/MMR,2019,46808.47799
dcs:who/AIR_7,dcid:country/MMR,2019,735959.898
dcs:who/AIR_7.SEX--F,dcid:country/MMR,2019,324545.9707
dcs:who/AIR_7.ENVCAUSE--ENVCAUSE039__SEX--F,dcid:country/MMR,2019,63147.97402
dcs:who/AIR_7.ENVCAUSE--ENVCAUSE114__SEX--F,dcid:country/MMR,2019,125458.2152
dcs:who/AIR_7.ENVCAUSE--ENVCAUSE118__SEX--M,dcid:country/MNE,2019,174.21849
dcs:who/AIR_7.ENVCAUSE--ENVCAUSE039__SEX--M,dcid:country/MNE,2019,184.44466
dcs:who/AIR_7.SEX--F,dcid:country/MNE,2019,5209.80448
dcs:who/AIR_7.ENVCAUSE--ENVCAUSE113,dcid:country/MNE,2019,6492.34935
dcs:who/AIR_7.ENVCAUSE--ENVCAUSE118,dcid:country/MNE,2019,268.52957
dcs:who/AIR_7.ENVCAUSE--ENVCAUSE039__SEX--F,dcid:country/MNE,2019,111.19344
dcs:who/AIR_7.ENVCAUSE--ENVCAUSE039,dcid:country/MNE,2019,295.63811
dcs:who/AIR_7.ENVCAUSE--ENVCAUSE113__SEX--F,dcid:country/MNE,2019,2317.88603
dcs:who/AIR_7.ENVCAUSE--ENVCAUSE068__SEX--F,dcid:country/MNE,2019,184.05181
dcs:who/AIR_7.ENVCAUSE--ENVCAUSE118__SEX--F,dcid:country/MNE,2019,94.31109
dcs:who/AIR_7.ENVCAUSE--ENVCAUSE114,dcid:country/MNE,2019,4662.38078
dcs:who/AIR_7.SEX--M,dcid:country/MNE,2019,7311.86223
dcs:who/AIR_7.ENVCAUSE--ENVCAUSE068__SEX--M,dcid:country/MNE,2019,618.7171
dcs:who/AIR_7.ENVCAUSE--ENVCAUSE114__SEX--F,dcid:country/MNE,2019,2502.36211
dcs:who/AIR_7.ENVCAUSE--ENVCAUSE113__SEX--M,dcid:country/MNE,2019,4174.46331
dcs:who/AIR_7.ENVCAUSE--ENVCAUSE114__SEX--M,dcid:country/MNE,2019,2160.01867
dcs:who/AIR_7,dcid:country/MNE,2019,12521.66672
dcs:who/AIR_7.ENVCAUSE--ENVCAUSE068,dcid:country/MNE,2019,802.76891
dcs:who/AIR_7.SEX--M,dcid:country/MNG,2019,39841.44277
dcs:who/AIR_7.ENVCAUSE--ENVCAUSE114__SEX--F,dcid:country/MNG,2019,9970.9755
dcs:who/AIR_7.ENVCAUSE--ENVCAUSE113,dcid:country/MNG,2019,31689.04638
dcs:who/AIR_7.ENVCAUSE--ENVCAUSE068__SEX--M,dcid:country/MNG,2019,1505.7225
dcs:who/AIR_7.ENVCAUSE--ENVCAUSE114__SEX--M,dcid:country/MNG,2019,12518.9915
dcs:who/AIR_7,dcid:country/MNG,2019,64055.741
dcs:who/AIR_7.ENVCAUSE--ENVCAUSE039__SEX--F,dcid:country/MNG,2019,2542.19289
dcs:who/AIR_7.ENVCAUSE--ENVCAUSE114,dcid:country/MNG,2019,22489.96701
dcs:who/AIR_7.ENVCAUSE--ENVCAUSE039,dcid:country/MNG,2019,6206.30641
dcs:who/AIR_7.ENVCAUSE--ENVCAUSE118,dcid:country/MNG,2019,1914.98981
dcs:who/AIR_7.ENVCAUSE--ENVCAUSE068,dcid:country/MNG,2019,1755.43139
dcs:who/AIR_7.ENVCAUSE--ENVCAUSE113__SEX--M,dcid:country/MNG,2019,21029.0631
dcs:who/AIR_7.ENVCAUSE--ENVCAUSE068__SEX--F,dcid:country/MNG,2019,249.7089
dcs:who/AIR_7.ENVCAUSE--ENVCAUSE118__SEX--F,dcid:country/MNG,2019,791.43766
dcs:who/AIR_7.ENVCAUSE--ENVCAUSE118__SEX--M,dcid:country/MNG,2019,1123.55215
dcs:who/AIR_7.SEX--F,dcid:country/MNG,2019,24214.29823
dcs:who/AIR_7.ENVCAUSE--ENVCAUSE113__SEX--F,dcid:country/MNG,2019,10659.98329
dcs:who/AIR_7.ENVCAUSE--ENVCAUSE039__SEX--M,dcid:country/MNG,2019,3664.11352
dcs:who/AIR_7.ENVCAUSE--ENVCAUSE068__SEX--M,dcid:country/MOZ,2019,295.21539
dcs:who/AIR_7.SEX--M,dcid:country/MOZ,2019,196373.6783
dcs:who/AIR_7.SEX--F,dcid:country/MOZ,2019,142016.6983
dcs:who/AIR_7.ENVCAUSE--ENVCAUSE113__SEX--F,dcid:country/MOZ,2019,23191.48229
dcs:who/AIR_7.ENVCAUSE--ENVCAUSE113,dcid:country/MOZ,2019,63034.39124
dcs:who/AIR_7,dcid:country/MOZ,2019,338390.3766
dcs:who/AIR_7.ENVCAUSE--ENVCAUSE118,dcid:country/MOZ,2019,10887.08484
dcs:who/AIR_7.ENVCAUSE--ENVCAUSE114,dcid:country/MOZ,2019,71989.55264
dcs:who/AIR_7.ENVCAUSE--ENVCAUSE039__SEX--F,dcid:country/MOZ,2019,84362.19341
dcs:who/AIR_7.ENVCAUSE--ENVCAUSE039__SEX--M,dcid:country/MOZ,2019,107552.7954
dcs:who/AIR_7.ENVCAUSE--ENVCAUSE114__SEX--M,dcid:country/MOZ,2019,41683.3183
dcs:who/AIR_7.ENVCAUSE--ENVCAUSE113__SEX--M,dcid:country/MOZ,2019,39842.90895
dcs:who/AIR_7.ENVCAUSE--ENVCAUSE068,dcid:country/MOZ,2019,564.35901
dcs:who/AIR_7.ENVCAUSE--ENVCAUSE039,dcid:country/MOZ,2019,191914.9889
dcs:who/AIR_7.ENVCAUSE--ENVCAUSE118__SEX--M,dcid:country/MOZ,2019,6999.44017
dcs:who/AIR_7.ENVCAUSE--ENVCAUSE068__SEX--F,dcid:country/MOZ,2019,269.14362
dcs:who/AIR_7.ENVCAUSE--ENVCAUSE118__SEX--F,dcid:country/MOZ,2019,3887.64467
dcs:who/AIR_7.ENVCAUSE--ENVCAUSE114__SEX--F,dcid:country/MOZ,2019,30306.23433
dcs:who/AIR_7.ENVCAUSE--ENVCAUSE113,dcid:country/MRT,2019,8784.88724
dcs:who/AIR_7.ENVCAUSE--ENVCAUSE068,dcid:country/MRT,2019,301.48908
dcs:who/AIR_7.ENVCAUSE--ENVCAUSE114__SEX--F,dcid:country/MRT,2019,3539.66147
dcs:who/AIR_7.ENVCAUSE--ENVCAUSE039__SEX--F,dcid:country/MRT,2019,16192.5856
dcs:who/AIR_7.ENVCAUSE--ENVCAUSE068__SEX--M,dcid:country/MRT,2019,204.6581
dcs:who/AIR_7.ENVCAUSE--ENVCAUSE039__SEX--M,dcid:country/MRT,2019,19087.29029
dcs:who/AIR_7.ENVCAUSE--ENVCAUSE118__SEX--M,dcid:country/MRT,2019,933.22274
dcs:who/AIR_7.ENVCAUSE--ENVCAUSE114,dcid:country/MRT,2019,5798.488
dcs:who/AIR_7.SEX--F,dcid:country/MRT,2019,26202.24609
dcs:who/AIR_7.ENVCAUSE--ENVCAUSE113__SEX--F,dcid:country/MRT,2019,5187.85362
dcs:who/AIR_7.ENVCAUSE--ENVCAUSE113__SEX--M,dcid:country/MRT,2019,3597.03363
dcs:who/AIR_7.SEX--M,dcid:country/MRT,2019,26081.03128
dcs:who/AIR_7,dcid:country/MRT,2019,52283.27737
dcs:who/AIR_7.ENVCAUSE--ENVCAUSE039,dcid:country/MRT,2019,35279.87589
dcs:who/AIR_7.ENVCAUSE--ENVCAUSE118__SEX--F,dcid:country/MRT,2019,1185.31442
dcs:who/AIR_7.ENVCAUSE--ENVCAUSE118,dcid:country/MRT,2019,2118.53716
dcs:who/AIR_7.ENVCAUSE--ENVCAUSE114__SEX--M,dcid:country/MRT,2019,2258.82653
dcs:who/AIR_7.ENVCAUSE--ENVCAUSE068__SEX--F,dcid:country/MRT,2019,96.83098
dcs:who/AIR_7.ENVCAUSE--ENVCAUSE068__SEX--F,dcid:country/MUS,2019,59.05243
dcs:who/AIR_7.ENVCAUSE--ENVCAUSE039__SEX--M,dcid:country/MUS,2019,504.02916
dcs:who/AIR_7.ENVCAUSE--ENVCAUSE068,dcid:country/MUS,2019,203.50019
dcs:who/AIR_7.ENVCAUSE--ENVCAUSE068__SEX--M,dcid:country/MUS,2019,144.44776
dcs:who/AIR_7.SEX--F,dcid:country/MUS,2019,4038.75317
dcs:who/AIR_7.ENVCAUSE--ENVCAUSE118,dcid:country/MUS,2019,1172.38322
dcs:who/AIR_7.SEX--M,dcid:country/MUS,2019,6520.84178
dcs:who/AIR_7.ENVCAUSE--ENVCAUSE113__SEX--M,dcid:country/MUS,2019,3919.56937
dcs:who/AIR_7.ENVCAUSE--ENVCAUSE113__SEX--F,dcid:country/MUS,2019,2254.80074
dcs:who/AIR_7.ENVCAUSE--ENVCAUSE114__SEX--M,dcid:country/MUS,2019,1231.92731
dcs:who/AIR_7.ENVCAUSE--ENVCAUSE118__SEX--M,dcid:country/MUS,2019,720.86818
dcs:who/AIR_7,dcid:country/MUS,2019,10559.59495
dcs:who/AIR_7.ENVCAUSE--ENVCAUSE118__SEX--F,dcid:country/MUS,2019,451.51504
dcs:who/AIR_7.ENVCAUSE--ENVCAUSE114,dcid:country/MUS,2019,2165.26551
dcs:who/AIR_7.ENVCAUSE--ENVCAUSE039__SEX--F,dcid:country/MUS,2019,340.04675
dcs:who/AIR_7.ENVCAUSE--ENVCAUSE113,dcid:country/MUS,2019,6174.37012
dcs:who/AIR_7.ENVCAUSE--ENVCAUSE114__SEX--F,dcid:country/MUS,2019,933.33821
dcs:who/AIR_7.ENVCAUSE--ENVCAUSE039,dcid:country/MUS,2019,844.0759
dcs:who/AIR_7.ENVCAUSE--ENVCAUSE068__SEX--M,dcid:country/MWI,2019,201.24012
dcs:who/AIR_7.ENVCAUSE--ENVCAUSE113__SEX--M,dcid:country/MWI,2019,15635.62653
dcs:who/AIR_7.ENVCAUSE--ENVCAUSE118__SEX--M,dcid:country/MWI,2019,3264.96726
dcs:who/AIR_7.ENVCAUSE--ENVCAUSE114,dcid:country/MWI,2019,17403.27411
dcs:who/AIR_7.ENVCAUSE--ENVCAUSE039__SEX--F,dcid:country/MWI,2019,23830.38678
dcs:who/AIR_7.ENVCAUSE--ENVCAUSE118,dcid:country/MWI,2019,5263.10808
dcs:who/AIR_7.ENVCAUSE--ENVCAUSE113,dcid:country/MWI,2019,23498.96454
dcs:who/AIR_7.ENVCAUSE--ENVCAUSE039__SEX--M,dcid:country/MWI,2019,35493.26858
dcs:who/AIR_7.SEX--F,dcid:country/MWI,2019,41150.81583
dcs:who/AIR_7.ENVCAUSE--ENVCAUSE114__SEX--F,dcid:country/MWI,2019,7352.79336
dcs:who/AIR_7.ENVCAUSE--ENVCAUSE068,dcid:country/MWI,2019,307.39697
dcs:who/AIR_7.ENVCAUSE--ENVCAUSE113__SEX--F,dcid:country/MWI,2019,7863.33802
dcs:who/AIR_7.SEX--M,dcid:country/MWI,2019,64645.58323
dcs:who/AIR_7.ENVCAUSE--ENVCAUSE114__SEX--M,dcid:country/MWI,2019,10050.48075
dcs:who/AIR_7.ENVCAUSE--ENVCAUSE118__SEX--F,dcid:country/MWI,2019,1998.14081
dcs:who/AIR_7,dcid:country/MWI,2019,105796.3991
dcs:who/AIR_7.ENVCAUSE--ENVCAUSE039,dcid:country/MWI,2019,59323.65536
dcs:who/AIR_7.ENVCAUSE--ENVCAUSE068__SEX--F,dcid:country/MWI,2019,106.15686
dcs:who/AIR_7.ENVCAUSE--ENVCAUSE118__SEX--M,dcid:country/MYS,2019,17004.69219
dcs:who/AIR_7.ENVCAUSE--ENVCAUSE039,dcid:country/MYS,2019,101295.5419
dcs:who/AIR_7.ENVCAUSE--ENVCAUSE114__SEX--M,dcid:country/MYS,2019,39656.93989
dcs:who/AIR_7.SEX--F,dcid:country/MYS,2019,145732.5442
dcs:who/AIR_7.ENVCAUSE--ENVCAUSE113__SEX--F,dcid:country/MYS,2019,59536.99883
dcs:who/AIR_7.ENVCAUSE--ENVCAUSE039__SEX--F,dcid:country/MYS,2019,41200.89852
dcs:who/AIR_7.ENVCAUSE--ENVCAUSE039__SEX--M,dcid:country/MYS,2019,60094.64339
dcs:who/AIR_7.ENVCAUSE--ENVCAUSE113__SEX--M,dcid:country/MYS,2019,122503.3989
dcs:who/AIR_7.ENVCAUSE--ENVCAUSE068__SEX--F,dcid:country/MYS,2019,2763.98315
dcs:who/AIR_7,dcid:country/MYS,2019,392951.2934
dcs:who/AIR_7.ENVCAUSE--ENVCAUSE113,dcid:country/MYS,2019,182040.3977
dcs:who/AIR_7.ENVCAUSE--ENVCAUSE068__SEX--M,dcid:country/MYS,2019,7959.07481
dcs:who/AIR_7.ENVCAUSE--ENVCAUSE068,dcid:country/MYS,2019,10723.05796
dcs:who/AIR_7.ENVCAUSE--ENVCAUSE118__SEX--F,dcid:country/MYS,2019,8466.82877
dcs:who/AIR_7.SEX--M,dcid:country/MYS,2019,247218.7492
dcs:who/AIR_7.ENVCAUSE--ENVCAUSE114,dcid:country/MYS,2019,73420.77487
dcs:who/AIR_7.ENVCAUSE--ENVCAUSE118,dcid:country/MYS,2019,25471.52095
dcs:who/AIR_7.ENVCAUSE--ENVCAUSE114__SEX--F,dcid:country/MYS,2019,33763.83497
dcs:who/AIR_7.ENVCAUSE--ENVCAUSE118__SEX--M,dcid:country/NAM,2019,715.25756
dcs:who/AIR_7.ENVCAUSE--ENVCAUSE113__SEX--F,dcid:country/NAM,2019,1762.57837
dcs:who/AIR_7.ENVCAUSE--ENVCAUSE114,dcid:country/NAM,2019,2803.11477
dcs:who/AIR_7.ENVCAUSE--ENVCAUSE114__SEX--F,dcid:country/NAM,2019,1376.04446
dcs:who/AIR_7.ENVCAUSE--ENVCAUSE068__SEX--F,dcid:country/NAM,2019,40.23134
dcs:who/AIR_7.ENVCAUSE--ENVCAUSE113__SEX--M,dcid:country/NAM,2019,2939.55101
dcs:who/AIR_7.ENVCAUSE--ENVCAUSE113,dcid:country/NAM,2019,4702.12938
dcs:who/AIR_7.ENVCAUSE--ENVCAUSE068__SEX--M,dcid:country/NAM,2019,54.45726
dcs:who/AIR_7.SEX--M,dcid:country/NAM,2019,9407.81896
dcs:who/AIR_7.ENVCAUSE--ENVCAUSE118__SEX--F,dcid:country/NAM,2019,451.93481
dcs:who/AIR_7.ENVCAUSE--ENVCAUSE039,dcid:country/NAM,2019,7071.87312
dcs:who/AIR_7.ENVCAUSE--ENVCAUSE114__SEX--M,dcid:country/NAM,2019,1427.0703
dcs:who/AIR_7.ENVCAUSE--ENVCAUSE068,dcid:country/NAM,2019,94.6886
dcs:who/AIR_7,dcid:country/NAM,2019,15838.99824
dcs:who/AIR_7.ENVCAUSE--ENVCAUSE039__SEX--M,dcid:country/NAM,2019,4271.48283
dcs:who/AIR_7.SEX--F,dcid:country/NAM,2019,6431.17927
dcs:who/AIR_7.ENVCAUSE--ENVCAUSE039__SEX--F,dcid:country/NAM,2019,2800.39029
dcs:who/AIR_7.ENVCAUSE--ENVCAUSE118,dcid:country/NAM,2019,1167.19237
dcs:who/AIR_7.SEX--M,dcid:country/NER,2019,230054.5499
dcs:who/AIR_7.ENVCAUSE--ENVCAUSE068__SEX--M,dcid:country/NER,2019,205.00738
dcs:who/AIR_7.ENVCAUSE--ENVCAUSE114__SEX--M,dcid:country/NER,2019,20185.81533
dcs:who/AIR_7.ENVCAUSE--ENVCAUSE068,dcid:country/NER,2019,250.00523
dcs:who/AIR_7.ENVCAUSE--ENVCAUSE039,dcid:country/NER,2019,311526.5784
dcs:who/AIR_7.ENVCAUSE--ENVCAUSE118__SEX--F,dcid:country/NER,2019,6969.54389
dcs:who/AIR_7.ENVCAUSE--ENVCAUSE113,dcid:country/NER,2019,51624.11723
dcs:who/AIR_7.ENVCAUSE--ENVCAUSE113__SEX--M,dcid:country/NER,2019,27618.1226
dcs:who/AIR_7.ENVCAUSE--ENVCAUSE039__SEX--F,dcid:country/NER,2019,137963.3227
dcs:who/AIR_7.ENVCAUSE--ENVCAUSE114__SEX--F,dcid:country/NER,2019,21520.63931
dcs:who/AIR_7.ENVCAUSE--ENVCAUSE113__SEX--F,dcid:country/NER,2019,24005.99463
dcs:who/AIR_7.ENVCAUSE--ENVCAUSE068__SEX--F,dcid:country/NER,2019,44.99785
dcs:who/AIR_7,dcid:country/NER,2019,420559.0482
dcs:who/AIR_7.ENVCAUSE--ENVCAUSE114,dcid:country/NER,2019,41706.45464
dcs:who/AIR_7.ENVCAUSE--ENVCAUSE039__SEX--M,dcid:country/NER,2019,173563.2557
dcs:who/AIR_7.ENVCAUSE--ENVCAUSE118,dcid:country/NER,2019,15451.89274
dcs:who/AIR_7.ENVCAUSE--ENVCAUSE118__SEX--M,dcid:country/NER,2019,8482.34885
dcs:who/AIR_7.SEX--F,dcid:country/NER,2019,190504.4983
dcs:who/AIR_7.ENVCAUSE--ENVCAUSE114,dcid:country/NGA,2019,297287.396
dcs:who/AIR_7.ENVCAUSE--ENVCAUSE039__SEX--F,dcid:country/NGA,2019,1709554.343
dcs:who/AIR_7.SEX--M,dcid:country/NGA,2019,2591075.457
dcs:who/AIR_7.ENVCAUSE--ENVCAUSE068__SEX--M,dcid:country/NGA,2019,5763.56082
dcs:who/AIR_7.ENVCAUSE--ENVCAUSE113,dcid:country/NGA,2019,396477.9997
dcs:who/AIR_7,dcid:country/NGA,2019,4701269.554
dcs:who/AIR_7.ENVCAUSE--ENVCAUSE114__SEX--F,dcid:country/NGA,2019,158226.9762
dcs:who/AIR_7.ENVCAUSE--ENVCAUSE114__SEX--M,dcid:country/NGA,2019,139060.4198
dcs:who/AIR_7.ENVCAUSE--ENVCAUSE118__SEX--F,dcid:country/NGA,2019,48912.8755
dcs:who/AIR_7.ENVCAUSE--ENVCAUSE068,dcid:country/NGA,2019,9134.36599
dcs:who/AIR_7.ENVCAUSE--ENVCAUSE113__SEX--F,dcid:country/NGA,2019,190129.0974
dcs:who/AIR_7.ENVCAUSE--ENVCAUSE113__SEX--M,dcid:country/NGA,2019,206348.9023
dcs:who/AIR_7.SEX--F,dcid:country/NGA,2019,2110194.097
dcs:who/AIR_7.ENVCAUSE--ENVCAUSE068__SEX--F,dcid:country/NGA,2019,3370.80518
dcs:who/AIR_7.ENVCAUSE--ENVCAUSE118,dcid:country/NGA,2019,102884.2784
dcs:who/AIR_7.ENVCAUSE--ENVCAUSE118__SEX--M,dcid:country/NGA,2019,53971.40291
dcs:who/AIR_7.ENVCAUSE--ENVCAUSE039,dcid:country/NGA,2019,3895485.514
dcs:who/AIR_7.ENVCAUSE--ENVCAUSE039__SEX--M,dcid:country/NGA,2019,2185931.171
dcs:who/AIR_7.ENVCAUSE--ENVCAUSE114__SEX--M,dcid:country/NIC,2019,2328.91516
dcs:who/AIR_7.ENVCAUSE--ENVCAUSE118__SEX--F,dcid:country/NIC,2019,1432.12755
dcs:who/AIR_7.SEX--M,dcid:country/NIC,2019,18083.73034
dcs:who/AIR_7.ENVCAUSE--ENVCAUSE118,dcid:country/NIC,2019,2899.82701
dcs:who/AIR_7.ENVCAUSE--ENVCAUSE039,dcid:country/NIC,2019,6773.2208
dcs:who/AIR_7.ENVCAUSE--ENVCAUSE039__SEX--M,dcid:country/NIC,2019,3785.8155
dcs:who/AIR_7.SEX--F,dcid:country/NIC,2019,15979.77495
dcs:who/AIR_7.ENVCAUSE--ENVCAUSE113__SEX--M,dcid:country/NIC,2019,10240.45371
dcs:who/AIR_7.ENVCAUSE--ENVCAUSE068__SEX--F,dcid:country/NIC,2019,193.9431
dcs:who/AIR_7.ENVCAUSE--ENVCAUSE118__SEX--M,dcid:country/NIC,2019,1467.69947
dcs:who/AIR_7.ENVCAUSE--ENVCAUSE113__SEX--F,dcid:country/NIC,2019,8825.96353
dcs:who/AIR_7.ENVCAUSE--ENVCAUSE114__SEX--F,dcid:country/NIC,2019,2540.33547
dcs:who/AIR_7.ENVCAUSE--ENVCAUSE114,dcid:country/NIC,2019,4869.25064
dcs:who/AIR_7.ENVCAUSE--ENVCAUSE068,dcid:country/NIC,2019,454.7896
dcs:who/AIR_7.ENVCAUSE--ENVCAUSE113,dcid:country/NIC,2019,19066.41724
dcs:who/AIR_7.ENVCAUSE--ENVCAUSE068__SEX--M,dcid:country/NIC,2019,260.84649
dcs:who/AIR_7,dcid:country/NIC,2019,34063.50528
dcs:who/AIR_7.ENVCAUSE--ENVCAUSE039__SEX--F,dcid:country/NIC,2019,2987.4053
dcs:who/AIR_7.ENVCAUSE--ENVCAUSE114__SEX--M,dcid:country/NLD,2019,6575.34629
dcs:who/AIR_7.ENVCAUSE--ENVCAUSE113__SEX--M,dcid:country/NLD,2019,26402.84126
dcs:who/AIR_7.ENVCAUSE--ENVCAUSE039__SEX--M,dcid:country/NLD,2019,3130.30618
dcs:who/AIR_7.ENVCAUSE--ENVCAUSE068__SEX--M,dcid:country/NLD,2019,6136.31645
dcs:who/AIR_7.SEX--M,dcid:country/NLD,2019,51700.59068
dcs:who/AIR_7.ENVCAUSE--ENVCAUSE039__SEX--F,dcid:country/NLD,2019,3318.8692
dcs:who/AIR_7.ENVCAUSE--ENVCAUSE118__SEX--F,dcid:country/NLD,2019,9969.8019
dcs:who/AIR_7.ENVCAUSE--ENVCAUSE118,dcid:country/NLD,2019,19425.5824
dcs:who/AIR_7.ENVCAUSE--ENVCAUSE068,dcid:country/NLD,2019,10918.13953
dcs:who/AIR_7.ENVCAUSE--ENVCAUSE113__SEX--F,dcid:country/NLD,2019,16637.12642
dcs:who/AIR_7.SEX--F,dcid:country/NLD,2019,42395.24373
dcs:who/AIR_7.ENVCAUSE--ENVCAUSE114,dcid:country/NLD,2019,14262.96942
dcs:who/AIR_7,dcid:country/NLD,2019,94095.83441
dcs:who/AIR_7.ENVCAUSE--ENVCAUSE114__SEX--F,dcid:country/NLD,2019,7687.62314
dcs:who/AIR_7.ENVCAUSE--ENVCAUSE068__SEX--F,dcid:country/NLD,2019,4781.82307
dcs:who/AIR_7.ENVCAUSE--ENVCAUSE039,dcid:country/NLD,2019,6449.17538
dcs:who/AIR_7.ENVCAUSE--ENVCAUSE118__SEX--M,dcid:country/NLD,2019,9455.7805
dcs:who/AIR_7.ENVCAUSE--ENVCAUSE113,dcid:country/NLD,2019,43039.96769
dcs:who/AIR_7.ENVCAUSE--ENVCAUSE118,dcid:country/NOR,2019,2474.5034
dcs:who/AIR_7.ENVCAUSE--ENVCAUSE039__SEX--F,dcid:country/NOR,2019,492.65973
dcs:who/AIR_7,dcid:country/NOR,2019,15052.01404
dcs:who/AIR_7.ENVCAUSE--ENVCAUSE068__SEX--F,dcid:country/NOR,2019,403.34524
dcs:who/AIR_7.ENVCAUSE--ENVCAUSE113__SEX--M,dcid:country/NOR,2019,5258.07557
dcs:who/AIR_7.ENVCAUSE--ENVCAUSE118__SEX--M,dcid:country/NOR,2019,1260.74823
dcs:who/AIR_7.ENVCAUSE--ENVCAUSE114__SEX--M,dcid:country/NOR,2019,1092.18061
dcs:who/AIR_7.ENVCAUSE--ENVCAUSE068,dcid:country/NOR,2019,890.6449
dcs:who/AIR_7.ENVCAUSE--ENVCAUSE068__SEX--M,dcid:country/NOR,2019,487.29966
dcs:who/AIR_7.ENVCAUSE--ENVCAUSE113__SEX--F,dcid:country/NOR,2019,3153.39011
dcs:who/AIR_7.ENVCAUSE--ENVCAUSE113,dcid:country/NOR,2019,8411.46568
dcs:who/AIR_7.ENVCAUSE--ENVCAUSE118__SEX--F,dcid:country/NOR,2019,1213.75517
dcs:who/AIR_7.ENVCAUSE--ENVCAUSE039__SEX--M,dcid:country/NOR,2019,494.76881
dcs:who/AIR_7.SEX--F,dcid:country/NOR,2019,6458.94115
dcs:who/AIR_7.ENVCAUSE--ENVCAUSE114,dcid:country/NOR,2019,2287.97152
dcs:who/AIR_7.SEX--M,dcid:country/NOR,2019,8593.07289
dcs:who/AIR_7.ENVCAUSE--ENVCAUSE039,dcid:country/NOR,2019,987.42854
dcs:who/AIR_7.ENVCAUSE--ENVCAUSE114__SEX--F,dcid:country/NOR,2019,1195.79091
dcs:who/AIR_7.ENVCAUSE--ENVCAUSE068__SEX--F,dcid:country/NPL,2019,7342.42864
dcs:who/AIR_7.ENVCAUSE--ENVCAUSE113__SEX--M,dcid:country/NPL,2019,72500.22898
dcs:who/AIR_7.ENVCAUSE--ENVCAUSE114,dcid:country/NPL,2019,50396.34522
dcs:who/AIR_7.SEX--M,dcid:country/NPL,2019,193270.4456
dcs:who/AIR_7,dcid:country/NPL,2019,354060.2409
dcs:who/AIR_7.ENVCAUSE--ENVCAUSE114__SEX--M,dcid:country/NPL,2019,27579.6034
dcs:who/AIR_7.ENVCAUSE--ENVCAUSE118__SEX--M,dcid:country/NPL,2019,56055.671
dcs:who/AIR_7.ENVCAUSE--ENVCAUSE118__SEX--F,dcid:country/NPL,2019,59973.14918
dcs:who/AIR_7.ENVCAUSE--ENVCAUSE039__SEX--M,dcid:country/NPL,2019,31906.27225
dcs:who/AIR_7.SEX--F,dcid:country/NPL,2019,160789.7952
dcs:who/AIR_7.ENVCAUSE--ENVCAUSE113__SEX--F,dcid:country/NPL,2019,39048.21864
dcs:who/AIR_7.ENVCAUSE--ENVCAUSE039,dcid:country/NPL,2019,63515.52921
dcs:who/AIR_7.ENVCAUSE--ENVCAUSE114__SEX--F,dcid:country/NPL,2019,22816.74182
dcs:who/AIR_7.ENVCAUSE--ENVCAUSE068,dcid:country/NPL,2019,12571.09862
dcs:who/AIR_7.ENVCAUSE--ENVCAUSE113,dcid:country/NPL,2019,111548.4476
dcs:who/AIR_7.ENVCAUSE--ENVCAUSE068__SEX--M,dcid:country/NPL,2019,5228.66998
dcs:who/AIR_7.ENVCAUSE--ENVCAUSE118,dcid:country/NPL,2019,116028.8202
dcs:who/AIR_7.ENVCAUSE--ENVCAUSE039__SEX--F,dcid:country/NPL,2019,31609.25696
dcs:who/AIR_7.ENVCAUSE--ENVCAUSE068__SEX--M,dcid:country/NZL,2019,705.41318
dcs:who/AIR_7.ENVCAUSE--ENVCAUSE039,dcid:country/NZL,2019,999.00272
dcs:who/AIR_7.ENVCAUSE--ENVCAUSE114,dcid:country/NZL,2019,2881.21213
dcs:who/AIR_7.ENVCAUSE--ENVCAUSE118__SEX--F,dcid:country/NZL,2019,1599.61346
dcs:who/AIR_7.ENVCAUSE--ENVCAUSE114__SEX--F,dcid:country/NZL,2019,1621.26062
dcs:who/AIR_7.ENVCAUSE--ENVCAUSE039__SEX--F,dcid:country/NZL,2019,519.83998
dcs:who/AIR_7.ENVCAUSE--ENVCAUSE113__SEX--M,dcid:country/NZL,2019,7428.95527
dcs:who/AIR_7.ENVCAUSE--ENVCAUSE114__SEX--M,dcid:country/NZL,2019,1259.95151
dcs:who/AIR_7.ENVCAUSE--ENVCAUSE118,dcid:country/NZL,2019,3002.61871
dcs:who/AIR_7.SEX--F,dcid:country/NZL,2019,8445.45756
dcs:who/AIR_7.ENVCAUSE--ENVCAUSE113,dcid:country/NZL,2019,11492.07598
dcs:who/AIR_7.ENVCAUSE--ENVCAUSE068__SEX--F,dcid:country/NZL,2019,641.62279
dcs:who/AIR_7.SEX--M,dcid:country/NZL,2019,11276.48794
dcs:who/AIR_7.ENVCAUSE--ENVCAUSE118__SEX--M,dcid:country/NZL,2019,1403.00524
dcs:who/AIR_7.ENVCAUSE--ENVCAUSE039__SEX--M,dcid:country/NZL,2019,479.16275
dcs:who/AIR_7.ENVCAUSE--ENVCAUSE068,dcid:country/NZL,2019,1347.03597
dcs:who/AIR_7,dcid:country/NZL,2019,19721.9455
dcs:who/AIR_7.ENVCAUSE--ENVCAUSE113__SEX--F,dcid:country/NZL,2019,4063.12071
dcs:who/AIR_7.ENVCAUSE--ENVCAUSE068__SEX--M,dcid:country/OMN,2019,443.05598
dcs:who/AIR_7.ENVCAUSE--ENVCAUSE113,dcid:country/OMN,2019,29487.7238
dcs:who/AIR_7.ENVCAUSE--ENVCAUSE113__SEX--M,dcid:country/OMN,2019,19685.44966
dcs:who/AIR_7.ENVCAUSE--ENVCAUSE114,dcid:country/OMN,2019,6851.21983
dcs:who/AIR_7.ENVCAUSE--ENVCAUSE039__SEX--M,dcid:country/OMN,2019,3489.16839
dcs:who/AIR_7.ENVCAUSE--ENVCAUSE118__SEX--M,dcid:country/OMN,2019,1139.21409
dcs:who/AIR_7.SEX--M,dcid:country/OMN,2019,28977.55383
dcs:who/AIR_7.ENVCAUSE--ENVCAUSE114__SEX--F,dcid:country/OMN,2019,2630.55412
dcs:who/AIR_7.ENVCAUSE--ENVCAUSE118__SEX--F,dcid:country/OMN,2019,613.14088
dcs:who/AIR_7.ENVCAUSE--ENVCAUSE068__SEX--F,dcid:country/OMN,2019,75.25553
dcs:who/AIR_7.ENVCAUSE--ENVCAUSE114__SEX--M,dcid:country/OMN,2019,4220.6657
dcs:who/AIR_7.ENVCAUSE--ENVCAUSE039,dcid:country/OMN,2019,5615.38748
dcs:who/AIR_7.ENVCAUSE--ENVCAUSE113__SEX--F,dcid:country/OMN,2019,9802.27413
dcs:who/AIR_7.SEX--F,dcid:country/OMN,2019,15247.44376
dcs:who/AIR_7.ENVCAUSE--ENVCAUSE039__SEX--F,dcid:country/OMN,2019,2126.21909
dcs:who/AIR_7.ENVCAUSE--ENVCAUSE118,dcid:country/OMN,2019,1752.35497
dcs:who/AIR_7.ENVCAUSE--ENVCAUSE068,dcid:country/OMN,2019,518.31151
dcs:who/AIR_7,dcid:country/OMN,2019,44224.99759
dcs:who/AIR_7.ENVCAUSE--ENVCAUSE068__SEX--F,dcid:country/PAK,2019,10332.87057
dcs:who/AIR_7.ENVCAUSE--ENVCAUSE114__SEX--F,dcid:country/PAK,2019,376360.252
dcs:who/AIR_7.ENVCAUSE--ENVCAUSE118__SEX--F,dcid:country/PAK,2019,163065.2043
dcs:who/AIR_7.ENVCAUSE--ENVCAUSE113,dcid:country/PAK,2019,1730342.017
dcs:who/AIR_7.ENVCAUSE--ENVCAUSE039__SEX--F,dcid:country/PAK,2019,621674.8585
dcs:who/AIR_7.ENVCAUSE--ENVCAUSE118,dcid:country/PAK,2019,507061.5782
dcs:who/AIR_7.ENVCAUSE--ENVCAUSE039,dcid:country/PAK,2019,1513709.917
dcs:who/AIR_7.ENVCAUSE--ENVCAUSE113__SEX--F,dcid:country/PAK,2019,634664.8108
dcs:who/AIR_7.ENVCAUSE--ENVCAUSE114__SEX--M,dcid:country/PAK,2019,336653.6784
dcs:who/AIR_7.SEX--M,dcid:country/PAK,2019,2712651.147
dcs:who/AIR_7.ENVCAUSE--ENVCAUSE068__SEX--M,dcid:country/PAK,2019,44288.8302
dcs:who/AIR_7.ENVCAUSE--ENVCAUSE113__SEX--M,dcid:country/PAK,2019,1095677.206
dcs:who/AIR_7.SEX--F,dcid:country/PAK,2019,1806097.996
dcs:who/AIR_7.ENVCAUSE--ENVCAUSE068,dcid:country/PAK,2019,54621.70078
dcs:who/AIR_7.ENVCAUSE--ENVCAUSE118__SEX--M,dcid:country/PAK,2019,343996.3739
dcs:who/AIR_7.ENVCAUSE--ENVCAUSE039__SEX--M,dcid:country/PAK,2019,892035.0584
dcs:who/AIR_7,dcid:country/PAK,2019,4518749.143
dcs:who/AIR_7.ENVCAUSE--ENVCAUSE114,dcid:country/PAK,2019,713013.9304
dcs:who/AIR_7.ENVCAUSE--ENVCAUSE068__SEX--M,dcid:country/PAN,2019,219.68069
dcs:who/AIR_7.ENVCAUSE--ENVCAUSE118,dcid:country/PAN,2019,1221.72093
dcs:who/AIR_7.ENVCAUSE--ENVCAUSE068__SEX--F,dcid:country/PAN,2019,129.74777
dcs:who/AIR_7.ENVCAUSE--ENVCAUSE114,dcid:country/PAN,2019,3303.99569
dcs:who/AIR_7.ENVCAUSE--ENVCAUSE113__SEX--M,dcid:country/PAN,2019,4873.52235
dcs:who/AIR_7.ENVCAUSE--ENVCAUSE118__SEX--F,dcid:country/PAN,2019,562.84222
dcs:who/AIR_7,dcid:country/PAN,2019,15152.01247
dcs:who/AIR_7.ENVCAUSE--ENVCAUSE039__SEX--M,dcid:country/PAN,2019,1413.05358
dcs:who/AIR_7.ENVCAUSE--ENVCAUSE068,dcid:country/PAN,2019,349.42846
dcs:who/AIR_7.SEX--F,dcid:country/PAN,2019,6153.33203
dcs:who/AIR_7.ENVCAUSE--ENVCAUSE039__SEX--F,dcid:country/PAN,2019,1083.52903
dcs:who/AIR_7.ENVCAUSE--ENVCAUSE113,dcid:country/PAN,2019,7780.28479
dcs:who/AIR_7.SEX--M,dcid:country/PAN,2019,8998.68045
dcs:who/AIR_7.ENVCAUSE--ENVCAUSE039,dcid:country/PAN,2019,2496.58261
dcs:who/AIR_7.ENVCAUSE--ENVCAUSE114__SEX--M,dcid:country/PAN,2019,1833.54512
dcs:who/AIR_7.ENVCAUSE--ENVCAUSE118__SEX--M,dcid:country/PAN,2019,658.87871
dcs:who/AIR_7.ENVCAUSE--ENVCAUSE114__SEX--F,dcid:country/PAN,2019,1470.45057
dcs:who/AIR_7.ENVCAUSE--ENVCAUSE113__SEX--F,dcid:country/PAN,2019,2906.76243
dcs:who/AIR_7.SEX--F,dcid:country/PER,2019,82284.38724
dcs:who/AIR_7.ENVCAUSE--ENVCAUSE114__SEX--F,dcid:country/PER,2019,13907.22297
dcs:who/AIR_7.ENVCAUSE--ENVCAUSE039,dcid:country/PER,2019,76068.21086
dcs:who/AIR_7.ENVCAUSE--ENVCAUSE068__SEX--F,dcid:country/PER,2019,4391.58377
dcs:who/AIR_7.ENVCAUSE--ENVCAUSE039__SEX--M,dcid:country/PER,2019,40515.00352
dcs:who/AIR_7.ENVCAUSE--ENVCAUSE068__SEX--M,dcid:country/PER,2019,4379.35273
dcs:who/AIR_7,dcid:country/PER,2019,181084.5574
dcs:who/AIR_7.ENVCAUSE--ENVCAUSE113__SEX--M,dcid:country/PER,2019,35362.05145
dcs:who/AIR_7.ENVCAUSE--ENVCAUSE113__SEX--F,dcid:country/PER,2019,23858.40265
dcs:who/AIR_7.SEX--M,dcid:country/PER,2019,98800.17016
dcs:who/AIR_7.ENVCAUSE--ENVCAUSE118__SEX--F,dcid:country/PER,2019,4573.97053
dcs:who/AIR_7.ENVCAUSE--ENVCAUSE113,dcid:country/PER,2019,59220.45409
dcs:who/AIR_7.ENVCAUSE--ENVCAUSE039__SEX--F,dcid:country/PER,2019,35553.20733
dcs:who/AIR_7.ENVCAUSE--ENVCAUSE114__SEX--M,dcid:country/PER,2019,13768.59628
dcs:who/AIR_7.ENVCAUSE--ENVCAUSE118__SEX--M,dcid:country/PER,2019,4775.16618
dcs:who/AIR_7.ENVCAUSE--ENVCAUSE118,dcid:country/PER,2019,9349.13671
dcs:who/AIR_7.ENVCAUSE--ENVCAUSE114,dcid:country/PER,2019,27675.81925
dcs:who/AIR_7.ENVCAUSE--ENVCAUSE068,dcid:country/PER,2019,8770.9365
dcs:who/AIR_7.ENVCAUSE--ENVCAUSE039,dcid:country/PHL,2019,421978.8694
dcs:who/AIR_7.ENVCAUSE--ENVCAUSE118,dcid:country/PHL,2019,114380.6245
dcs:who/AIR_7.ENVCAUSE--ENVCAUSE068__SEX--M,dcid:country/PHL,2019,18444.36459
dcs:who/AIR_7.ENVCAUSE--ENVCAUSE114__SEX--F,dcid:country/PHL,2019,114620.011
dcs:who/AIR_7.ENVCAUSE--ENVCAUSE114,dcid:country/PHL,2019,271245.2735
dcs:who/AIR_7.ENVCAUSE--ENVCAUSE039__SEX--M,dcid:country/PHL,2019,236460.8462
dcs:who/AIR_7.ENVCAUSE--ENVCAUSE068,dcid:country/PHL,2019,27127.39084
dcs:who/AIR_7.SEX--M,dcid:country/PHL,2019,872162.4762
dcs:who/AIR_7.ENVCAUSE--ENVCAUSE118__SEX--F,dcid:country/PHL,2019,35118.83655
dcs:who/AIR_7.SEX--F,dcid:country/PHL,2019,573542.7858
dcs:who/AIR_7.ENVCAUSE--ENVCAUSE113__SEX--M,dcid:country/PHL,2019,381370.2149
dcs:who/AIR_7.ENVCAUSE--ENVCAUSE114__SEX--M,dcid:country/PHL,2019,156625.2625
dcs:who/AIR_7.ENVCAUSE--ENVCAUSE068__SEX--F,dcid:country/PHL,2019,8683.02625
dcs:who/AIR_7.ENVCAUSE--ENVCAUSE039__SEX--F,dcid:country/PHL,2019,185518.0233
dcs:who/AIR_7.ENVCAUSE--ENVCAUSE113,dcid:country/PHL,2019,610973.1037
dcs:who/AIR_7,dcid:country/PHL,2019,1445705.262
dcs:who/AIR_7.ENVCAUSE--ENVCAUSE113__SEX--F,dcid:country/PHL,2019,229602.8888
dcs:who/AIR_7.ENVCAUSE--ENVCAUSE118__SEX--M,dcid:country/PHL,2019,79261.788
dcs:who/AIR_7.ENVCAUSE--ENVCAUSE039__SEX--M,dcid:country/PNG,2019,6736.72853
dcs:who/AIR_7.ENVCAUSE--ENVCAUSE114__SEX--F,dcid:country/PNG,2019,4521.78967
dcs:who/AIR_7.ENVCAUSE--ENVCAUSE039__SEX--F,dcid:country/PNG,2019,4275.96922
dcs:who/AIR_7.SEX--M,dcid:country/PNG,2019,34578.97655
dcs:who/AIR_7.SEX--F,dcid:country/PNG,2019,21325.60215
dcs:who/AIR_7.ENVCAUSE--ENVCAUSE114__SEX--M,dcid:country/PNG,2019,6076.51769
dcs:who/AIR_7.ENVCAUSE--ENVCAUSE068__SEX--M,dcid:country/PNG,2019,376.88814
dcs:who/AIR_7.ENVCAUSE--ENVCAUSE068__SEX--F,dcid:country/PNG,2019,204.85605
dcs:who/AIR_7.ENVCAUSE--ENVCAUSE113__SEX--M,dcid:country/PNG,2019,17736.46054
dcs:who/AIR_7.ENVCAUSE--ENVCAUSE118__SEX--M,dcid:country/PNG,2019,3652.38164
dcs:who/AIR_7.ENVCAUSE--ENVCAUSE118,dcid:country/PNG,2019,7520.55319
dcs:who/AIR_7.ENVCAUSE--ENVCAUSE114,dcid:country/PNG,2019,10598.30736
dcs:who/AIR_7.ENVCAUSE--ENVCAUSE068,dcid:country/PNG,2019,581.74419
dcs:who/AIR_7.ENVCAUSE--ENVCAUSE113,dcid:country/PNG,2019,26191.2762
dcs:who/AIR_7.ENVCAUSE--ENVCAUSE118__SEX--F,dcid:country/PNG,2019,3868.17155
dcs:who/AIR_7.ENVCAUSE--ENVCAUSE113__SEX--F,dcid:country/PNG,2019,8454.81566
dcs:who/AIR_7.ENVCAUSE--ENVCAUSE039,dcid:country/PNG,2019,11012.69775
dcs:who/AIR_7,dcid:country/PNG,2019,55904.57869
dcs:who/AIR_7.ENVCAUSE--ENVCAUSE118,dcid:country/POL,2019,40606.95255
dcs:who/AIR_7.ENVCAUSE--ENVCAUSE039__SEX--F,dcid:country/POL,2019,22223.14256
dcs:who/AIR_7.ENVCAUSE--ENVCAUSE113__SEX--M,dcid:country/POL,2019,198101.5893
dcs:who/AIR_7.ENVCAUSE--ENVCAUSE039,dcid:country/POL,2019,57345.4296
dcs:who/AIR_7.ENVCAUSE--ENVCAUSE068__SEX--F,dcid:country/POL,2019,16794.19994
dcs:who/AIR_7.ENVCAUSE--ENVCAUSE113,dcid:country/POL,2019,354537.9018
dcs:who/AIR_7.ENVCAUSE--ENVCAUSE039__SEX--M,dcid:country/POL,2019,35122.28703
dcs:who/AIR_7.SEX--M,dcid:country/POL,2019,331768.0962
dcs:who/AIR_7.ENVCAUSE--ENVCAUSE113__SEX--F,dcid:country/POL,2019,156436.3125
dcs:who/AIR_7.ENVCAUSE--ENVCAUSE118__SEX--F,dcid:country/POL,2019,16387.32566
dcs:who/AIR_7.ENVCAUSE--ENVCAUSE114__SEX--M,dcid:country/POL,2019,40160.27515
dcs:who/AIR_7.ENVCAUSE--ENVCAUSE114__SEX--F,dcid:country/POL,2019,40024.18067
dcs:who/AIR_7,dcid:country/POL,2019,583633.2575
dcs:who/AIR_7.ENVCAUSE--ENVCAUSE068,dcid:country/POL,2019,50958.51784
dcs:who/AIR_7.ENVCAUSE--ENVCAUSE068__SEX--M,dcid:country/POL,2019,34164.31789
dcs:who/AIR_7.ENVCAUSE--ENVCAUSE114,dcid:country/POL,2019,80184.45582
dcs:who/AIR_7.SEX--F,dcid:country/POL,2019,251865.1613
dcs:who/AIR_7.ENVCAUSE--ENVCAUSE118__SEX--M,dcid:country/POL,2019,24219.62689
dcs:who/AIR_7.ENVCAUSE--ENVCAUSE113__SEX--F,dcid:country/PRK,2019,76395.9454
dcs:who/AIR_7.ENVCAUSE--ENVCAUSE068__SEX--M,dcid:country/PRK,2019,27279.6964
dcs:who/AIR_7.ENVCAUSE--ENVCAUSE114__SEX--F,dcid:country/PRK,2019,108193.2191
dcs:who/AIR_7.ENVCAUSE--ENVCAUSE114__SEX--M,dcid:country/PRK,2019,109687.7029
dcs:who/AIR_7.SEX--M,dcid:country/PRK,2019,319614.172
dcs:who/AIR_7.ENVCAUSE--ENVCAUSE118,dcid:country/PRK,2019,122353.4124
dcs:who/AIR_7.ENVCAUSE--ENVCAUSE068__SEX--F,dcid:country/PRK,2019,19544.39759
dcs:who/AIR_7.ENVCAUSE--ENVCAUSE113,dcid:country/PRK,2019,174115.1759
dcs:who/AIR_7.ENVCAUSE--ENVCAUSE039,dcid:country/PRK,2019,47025.50373
dcs:who/AIR_7.ENVCAUSE--ENVCAUSE113__SEX--M,dcid:country/PRK,2019,97719.23048
dcs:who/AIR_7.ENVCAUSE--ENVCAUSE118__SEX--M,dcid:country/PRK,2019,60577.41902
dcs:who/AIR_7.SEX--F,dcid:country/PRK,2019,288584.9359
dcs:who/AIR_7.ENVCAUSE--ENVCAUSE039__SEX--M,dcid:country/PRK,2019,24350.12322
dcs:who/AIR_7.ENVCAUSE--ENVCAUSE114,dcid:country/PRK,2019,217880.922
dcs:who/AIR_7.ENVCAUSE--ENVCAUSE068,dcid:country/PRK,2019,46824.09399
dcs:who/AIR_7.ENVCAUSE--ENVCAUSE118__SEX--F,dcid:country/PRK,2019,61775.99337
dcs:who/AIR_7.ENVCAUSE--ENVCAUSE039__SEX--F,dcid:country/PRK,2019,22675.38051
dcs:who/AIR_7,dcid:country/PRK,2019,608199.108
dcs:who/AIR_7.SEX--F,dcid:country/PRT,2019,20380.7208
dcs:who/AIR_7.ENVCAUSE--ENVCAUSE118__SEX--M,dcid:country/PRT,2019,2674.92635
dcs:who/AIR_7.ENVCAUSE--ENVCAUSE113__SEX--M,dcid:country/PRT,2019,14207.65189
dcs:who/AIR_7.ENVCAUSE--ENVCAUSE068__SEX--F,dcid:country/PRT,2019,571.22113
dcs:who/AIR_7.ENVCAUSE--ENVCAUSE114__SEX--F,dcid:country/PRT,2019,5663.43347
dcs:who/AIR_7.SEX--M,dcid:country/PRT,2019,27197.13135
dcs:who/AIR_7.ENVCAUSE--ENVCAUSE114__SEX--M,dcid:country/PRT,2019,5325.30054
dcs:who/AIR_7.ENVCAUSE--ENVCAUSE068__SEX--M,dcid:country/PRT,2019,1958.82795
dcs:who/AIR_7.ENVCAUSE--ENVCAUSE039__SEX--M,dcid:country/PRT,2019,3030.4246
dcs:who/AIR_7.ENVCAUSE--ENVCAUSE113,dcid:country/PRT,2019,23809.54781
dcs:who/AIR_7.ENVCAUSE--ENVCAUSE113__SEX--F,dcid:country/PRT,2019,9601.89592
dcs:who/AIR_7.ENVCAUSE--ENVCAUSE118__SEX--F,dcid:country/PRT,2019,2042.82683
dcs:who/AIR_7.ENVCAUSE--ENVCAUSE068,dcid:country/PRT,2019,2530.04908
dcs:who/AIR_7.ENVCAUSE--ENVCAUSE118,dcid:country/PRT,2019,4717.75318
dcs:who/AIR_7.ENVCAUSE--ENVCAUSE114,dcid:country/PRT,2019,10988.73401
dcs:who/AIR_7.ENVCAUSE--ENVCAUSE039__SEX--F,dcid:country/PRT,2019,2501.34346
dcs:who/AIR_7,dcid:country/PRT,2019,47577.85214
dcs:who/AIR_7.ENVCAUSE--ENVCAUSE039,dcid:country/PRT,2019,5531.76806
dcs:who/AIR_7.ENVCAUSE--ENVCAUSE114__SEX--F,dcid:country/PRY,2019,2827.90146
dcs:who/AIR_7.ENVCAUSE--ENVCAUSE118,dcid:country/PRY,2019,2149.44181
dcs:who/AIR_7.ENVCAUSE--ENVCAUSE068__SEX--M,dcid:country/PRY,2019,766.44966
dcs:who/AIR_7.ENVCAUSE--ENVCAUSE113,dcid:country/PRY,2019,16005.75078
dcs:who/AIR_7.ENVCAUSE--ENVCAUSE039__SEX--M,dcid:country/PRY,2019,3561.77869
dcs:who/AIR_7.ENVCAUSE--ENVCAUSE068,dcid:country/PRY,2019,947.61603
dcs:who/AIR_7.ENVCAUSE--ENVCAUSE114,dcid:country/PRY,2019,6321.45873
dcs:who/AIR_7.ENVCAUSE--ENVCAUSE114__SEX--M,dcid:country/PRY,2019,3493.55727
dcs:who/AIR_7.ENVCAUSE--ENVCAUSE118__SEX--M,dcid:country/PRY,2019,1546.64407
dcs:who/AIR_7.ENVCAUSE--ENVCAUSE113__SEX--F,dcid:country/PRY,2019,5451.78094
dcs:who/AIR_7.SEX--F,dcid:country/PRY,2019,11660.5313
dcs:who/AIR_7.SEX--M,dcid:country/PRY,2019,19922.39953
dcs:who/AIR_7.ENVCAUSE--ENVCAUSE113__SEX--M,dcid:country/PRY,2019,10553.96984
dcs:who/AIR_7,dcid:country/PRY,2019,31582.93083
dcs:who/AIR_7.ENVCAUSE--ENVCAUSE118__SEX--F,dcid:country/PRY,2019,602.79774
dcs:who/AIR_7.ENVCAUSE--ENVCAUSE039__SEX--F,dcid:country/PRY,2019,2596.88479
dcs:who/AIR_7.ENVCAUSE--ENVCAUSE068__SEX--F,dcid:country/PRY,2019,181.16637
dcs:who/AIR_7.ENVCAUSE--ENVCAUSE039,dcid:country/PRY,2019,6158.66348
dcs:who/AIR_7.ENVCAUSE--ENVCAUSE118__SEX--F,dcid:country/QAT,2019,285.79159
dcs:who/AIR_7.ENVCAUSE--ENVCAUSE068__SEX--F,dcid:country/QAT,2019,62.5591
dcs:who/AIR_7.ENVCAUSE--ENVCAUSE039__SEX--F,dcid:country/QAT,2019,413.07257
dcs:who/AIR_7.SEX--F,dcid:country/QAT,2019,3119.31721
dcs:who/AIR_7.ENVCAUSE--ENVCAUSE113__SEX--F,dcid:country/QAT,2019,1753.74155
dcs:who/AIR_7.ENVCAUSE--ENVCAUSE118__SEX--M,dcid:country/QAT,2019,695.16184
dcs:who/AIR_7.ENVCAUSE--ENVCAUSE113,dcid:country/QAT,2019,7663.38908
dcs:who/AIR_7.ENVCAUSE--ENVCAUSE114,dcid:country/QAT,2019,2067.55609
dcs:who/AIR_7.ENVCAUSE--ENVCAUSE118,dcid:country/QAT,2019,980.95343
dcs:who/AIR_7.ENVCAUSE--ENVCAUSE114__SEX--F,dcid:country/QAT,2019,604.1524
dcs:who/AIR_7.ENVCAUSE--ENVCAUSE068__SEX--M,dcid:country/QAT,2019,368.63446
dcs:who/AIR_7.ENVCAUSE--ENVCAUSE114__SEX--M,dcid:country/QAT,2019,1463.40369
dcs:who/AIR_7,dcid:country/QAT,2019,12330.76461
dcs:who/AIR_7.SEX--M,dcid:country/QAT,2019,9211.4474
dcs:who/AIR_7.ENVCAUSE--ENVCAUSE039__SEX--M,dcid:country/QAT,2019,774.59988
dcs:who/AIR_7.ENVCAUSE--ENVCAUSE039,dcid:country/QAT,2019,1187.67246
dcs:who/AIR_7.ENVCAUSE--ENVCAUSE068,dcid:country/QAT,2019,431.19356
dcs:who/AIR_7.ENVCAUSE--ENVCAUSE113__SEX--M,dcid:country/QAT,2019,5909.64753
dcs:who/AIR_7.ENVCAUSE--ENVCAUSE114__SEX--F,dcid:country/ROU,2019,43513.41332
dcs:who/AIR_7.ENVCAUSE--ENVCAUSE113__SEX--M,dcid:country/ROU,2019,115780.8421
dcs:who/AIR_7.ENVCAUSE--ENVCAUSE068__SEX--F,dcid:country/ROU,2019,3550.3829
dcs:who/AIR_7.ENVCAUSE--ENVCAUSE039__SEX--M,dcid:country/ROU,2019,19304.80133
dcs:who/AIR_7.SEX--M,dcid:country/ROU,2019,200184.5435
dcs:who/AIR_7.ENVCAUSE--ENVCAUSE068__SEX--M,dcid:country/ROU,2019,11848.08288
dcs:who/AIR_7.SEX--F,dcid:country/ROU,2019,151489.6639
dcs:who/AIR_7.ENVCAUSE--ENVCAUSE114__SEX--M,dcid:country/ROU,2019,41143.83557
dcs:who/AIR_7.ENVCAUSE--ENVCAUSE118__SEX--M,dcid:country/ROU,2019,12106.98166
dcs:who/AIR_7.ENVCAUSE--ENVCAUSE039__SEX--F,dcid:country/ROU,2019,10998.95453
dcs:who/AIR_7.ENVCAUSE--ENVCAUSE114,dcid:country/ROU,2019,84657.24889
dcs:who/AIR_7.ENVCAUSE--ENVCAUSE118,dcid:country/ROU,2019,17641.97265
dcs:who/AIR_7.ENVCAUSE--ENVCAUSE068,dcid:country/ROU,2019,15398.46579
dcs:who/AIR_7.ENVCAUSE--ENVCAUSE118__SEX--F,dcid:country/ROU,2019,5534.99098
dcs:who/AIR_7,dcid:country/ROU,2019,351674.2074
dcs:who/AIR_7.ENVCAUSE--ENVCAUSE113__SEX--F,dcid:country/ROU,2019,87891.92217
dcs:who/AIR_7.ENVCAUSE--ENVCAUSE113,dcid:country/ROU,2019,203672.7642
dcs:who/AIR_7.ENVCAUSE--ENVCAUSE039,dcid:country/ROU,2019,30303.75587
dcs:who/AIR_7.SEX--M,dcid:country/RUS,2019,1128548.429
dcs:who/AIR_7.ENVCAUSE--ENVCAUSE118,dcid:country/RUS,2019,59003.6876
dcs:who/AIR_7.ENVCAUSE--ENVCAUSE068__SEX--M,dcid:country/RUS,2019,40465.00191
dcs:who/AIR_7.ENVCAUSE--ENVCAUSE039,dcid:country/RUS,2019,88611.4091
dcs:who/AIR_7.ENVCAUSE--ENVCAUSE068__SEX--F,dcid:country/RUS,2019,8212.09513
dcs:who/AIR_7.ENVCAUSE--ENVCAUSE039__SEX--F,dcid:country/RUS,2019,24564.48151
dcs:who/AIR_7.ENVCAUSE--ENVCAUSE114__SEX--F,dcid:country/RUS,2019,229884.4557
dcs:who/AIR_7,dcid:country/RUS,2019,2020560.976
dcs:who/AIR_7.ENVCAUSE--ENVCAUSE068,dcid:country/RUS,2019,48677.09704
dcs:who/AIR_7.SEX--F,dcid:country/RUS,2019,892012.5469
dcs:who/AIR_7.ENVCAUSE--ENVCAUSE113,dcid:country/RUS,2019,1394921.09
dcs:who/AIR_7.ENVCAUSE--ENVCAUSE039__SEX--M,dcid:country/RUS,2019,64046.92759
dcs:who/AIR_7.ENVCAUSE--ENVCAUSE118__SEX--F,dcid:country/RUS,2019,20101.35982
dcs:who/AIR_7.ENVCAUSE--ENVCAUSE113__SEX--F,dcid:country/RUS,2019,609250.1548
dcs:who/AIR_7.ENVCAUSE--ENVCAUSE118__SEX--M,dcid:country/RUS,2019,38902.32779
dcs:who/AIR_7.ENVCAUSE--ENVCAUSE114__SEX--M,dcid:country/RUS,2019,199463.2365
dcs:who/AIR_7.ENVCAUSE--ENVCAUSE114,dcid:country/RUS,2019,429347.6922
dcs:who/AIR_7.ENVCAUSE--ENVCAUSE113__SEX--M,dcid:country/RUS,2019,785670.9351
dcs:who/AIR_7.SEX--F,dcid:country/RWA,2019,49354.08434
dcs:who/AIR_7.SEX--M,dcid:country/RWA,2019,60415.72458
dcs:who/AIR_7.ENVCAUSE--ENVCAUSE068,dcid:country/RWA,2019,927.63048
dcs:who/AIR_7.ENVCAUSE--ENVCAUSE113,dcid:country/RWA,2019,20326.01108
dcs:who/AIR_7.ENVCAUSE--ENVCAUSE039__SEX--M,dcid:country/RWA,2019,32143.72875
dcs:who/AIR_7.ENVCAUSE--ENVCAUSE114,dcid:country/RWA,2019,21382.6585
dcs:who/AIR_7.ENVCAUSE--ENVCAUSE039__SEX--F,dcid:country/RWA,2019,25940.84909
dcs:who/AIR_7.ENVCAUSE--ENVCAUSE113__SEX--M,dcid:country/RWA,2019,11943.79726
dcs:who/AIR_7.ENVCAUSE--ENVCAUSE118__SEX--M,dcid:country/RWA,2019,5119.99707
dcs:who/AIR_7,dcid:country/RWA,2019,109769.8089
dcs:who/AIR_7.ENVCAUSE--ENVCAUSE118,dcid:country/RWA,2019,9048.93101
dcs:who/AIR_7.ENVCAUSE--ENVCAUSE114__SEX--M,dcid:country/RWA,2019,10866.32924
dcs:who/AIR_7.ENVCAUSE--ENVCAUSE039,dcid:country/RWA,2019,58084.57784
dcs:who/AIR_7.ENVCAUSE--ENVCAUSE113__SEX--F,dcid:country/RWA,2019,8382.21383
dcs:who/AIR_7.ENVCAUSE--ENVCAUSE068__SEX--F,dcid:country/RWA,2019,585.75822
dcs:who/AIR_7.ENVCAUSE--ENVCAUSE068__SEX--M,dcid:country/RWA,2019,341.87226
dcs:who/AIR_7.ENVCAUSE--ENVCAUSE118__SEX--F,dcid:country/RWA,2019,3928.93394
dcs:who/AIR_7.ENVCAUSE--ENVCAUSE114__SEX--F,dcid:country/RWA,2019,10516.32926
dcs:who/AIR_7.SEX--F,dcid:country/SAU,2019,173693.1552
dcs:who/AIR_7.ENVCAUSE--ENVCAUSE039__SEX--M,dcid:country/SAU,2019,40439.8793
dcs:who/AIR_7.ENVCAUSE--ENVCAUSE039__SEX--F,dcid:country/SAU,2019,28427.73583
dcs:who/AIR_7.ENVCAUSE--ENVCAUSE068__SEX--F,dcid:country/SAU,2019,1075.30826
dcs:who/AIR_7.ENVCAUSE--ENVCAUSE114__SEX--M,dcid:country/SAU,2019,63592.62484
dcs:who/AIR_7.ENVCAUSE--ENVCAUSE068__SEX--M,dcid:country/SAU,2019,3349.50717
dcs:who/AIR_7.ENVCAUSE--ENVCAUSE114__SEX--F,dcid:country/SAU,2019,43572.22375
dcs:who/AIR_7.ENVCAUSE--ENVCAUSE113__SEX--M,dcid:country/SAU,2019,227604.2154
dcs:who/AIR_7.ENVCAUSE--ENVCAUSE118__SEX--M,dcid:country/SAU,2019,16631.50419
dcs:who/AIR_7.SEX--M,dcid:country/SAU,2019,351617.7309
dcs:who/AIR_7.ENVCAUSE--ENVCAUSE118__SEX--F,dcid:country/SAU,2019,10213.70363
dcs:who/AIR_7.ENVCAUSE--ENVCAUSE039,dcid:country/SAU,2019,68867.61513
dcs:who/AIR_7,dcid:country/SAU,2019,525310.886
dcs:who/AIR_7.ENVCAUSE--ENVCAUSE118,dcid:country/SAU,2019,26845.20783
dcs:who/AIR_7.ENVCAUSE--ENVCAUSE114,dcid:country/SAU,2019,107164.8486
dcs:who/AIR_7.ENVCAUSE--ENVCAUSE113__SEX--F,dcid:country/SAU,2019,90404.18368
dcs:who/AIR_7.ENVCAUSE--ENVCAUSE068,dcid:country/SAU,2019,4424.81543
dcs:who/AIR_7.ENVCAUSE--ENVCAUSE113,dcid:country/SAU,2019,318008.3991
dcs:who/AIR_7.ENVCAUSE--ENVCAUSE039__SEX--F,dcid:country/SDN,2019,53673.1766
dcs:who/AIR_7.ENVCAUSE--ENVCAUSE113__SEX--F,dcid:country/SDN,2019,93063.10824
dcs:who/AIR_7.ENVCAUSE--ENVCAUSE113,dcid:country/SDN,2019,212282.8933
dcs:who/AIR_7.SEX--M,dcid:country/SDN,2019,227448.9487
dcs:who/AIR_7.ENVCAUSE--ENVCAUSE118__SEX--F,dcid:country/SDN,2019,7042.52332
dcs:who/AIR_7.ENVCAUSE--ENVCAUSE068__SEX--F,dcid:country/SDN,2019,689.42745
dcs:who/AIR_7.ENVCAUSE--ENVCAUSE068,dcid:country/SDN,2019,1629.95259
dcs:who/AIR_7.ENVCAUSE--ENVCAUSE113__SEX--M,dcid:country/SDN,2019,119219.785
dcs:who/AIR_7.ENVCAUSE--ENVCAUSE039__SEX--M,dcid:country/SDN,2019,68945.32804
dcs:who/AIR_7.ENVCAUSE--ENVCAUSE118__SEX--M,dcid:country/SDN,2019,10362.3386
dcs:who/AIR_7,dcid:country/SDN,2019,418340.8707
dcs:who/AIR_7.ENVCAUSE--ENVCAUSE118,dcid:country/SDN,2019,17404.86192
dcs:who/AIR_7.ENVCAUSE--ENVCAUSE114,dcid:country/SDN,2019,64404.6583
dcs:who/AIR_7.ENVCAUSE--ENVCAUSE039,dcid:country/SDN,2019,122618.5046
dcs:who/AIR_7.ENVCAUSE--ENVCAUSE068__SEX--M,dcid:country/SDN,2019,940.52514
dcs:who/AIR_7.SEX--F,dcid:country/SDN,2019,190891.922
dcs:who/AIR_7.ENVCAUSE--ENVCAUSE114__SEX--F,dcid:country/SDN,2019,36423.68641
dcs:who/AIR_7.ENVCAUSE--ENVCAUSE114__SEX--M,dcid:country/SDN,2019,27980.9719
dcs:who/AIR_7.ENVCAUSE--ENVCAUSE068__SEX--M,dcid:country/SEN,2019,574.80578
dcs:who/AIR_7.ENVCAUSE--ENVCAUSE113__SEX--M,dcid:country/SEN,2019,16408.15277
dcs:who/AIR_7.ENVCAUSE--ENVCAUSE113,dcid:country/SEN,2019,34942.39543
dcs:who/AIR_7.ENVCAUSE--ENVCAUSE118__SEX--M,dcid:country/SEN,2019,4669.23298
dcs:who/AIR_7.SEX--F,dcid:country/SEN,2019,78804.43913
dcs:who/AIR_7.ENVCAUSE--ENVCAUSE113__SEX--F,dcid:country/SEN,2019,18534.24267
dcs:who/AIR_7,dcid:country/SEN,2019,160816.7686
dcs:who/AIR_7.ENVCAUSE--ENVCAUSE114__SEX--F,dcid:country/SEN,2019,13412.28991
dcs:who/AIR_7.ENVCAUSE--ENVCAUSE114__SEX--M,dcid:country/SEN,2019,10451.07241
dcs:who/AIR_7.ENVCAUSE--ENVCAUSE118__SEX--F,dcid:country/SEN,2019,4326.54521
dcs:who/AIR_7.ENVCAUSE--ENVCAUSE068,dcid:country/SEN,2019,848.60946
dcs:who/AIR_7.ENVCAUSE--ENVCAUSE039__SEX--F,dcid:country/SEN,2019,42257.55765
dcs:who/AIR_7.ENVCAUSE--ENVCAUSE114,dcid:country/SEN,2019,23863.36232
dcs:who/AIR_7.ENVCAUSE--ENVCAUSE118,dcid:country/SEN,2019,8995.77819
dcs:who/AIR_7.ENVCAUSE--ENVCAUSE039,dcid:country/SEN,2019,92166.62318
dcs:who/AIR_7.ENVCAUSE--ENVCAUSE039__SEX--M,dcid:country/SEN,2019,49909.06553
dcs:who/AIR_7.SEX--M,dcid:country/SEN,2019,82012.32946
dcs:who/AIR_7.ENVCAUSE--ENVCAUSE068__SEX--F,dcid:country/SEN,2019,273.80368
dcs:who/AIR_7.ENVCAUSE--ENVCAUSE114__SEX--M,dcid:country/SGP,2019,2577.27921
dcs:who/AIR_7.ENVCAUSE--ENVCAUSE039__SEX--M,dcid:country/SGP,2019,6230.59895
dcs:who/AIR_7.SEX--F,dcid:country/SGP,2019,12746.34715
dcs:who/AIR_7.ENVCAUSE--ENVCAUSE113__SEX--M,dcid:country/SGP,2019,15375.64415
dcs:who/AIR_7.ENVCAUSE--ENVCAUSE068__SEX--M,dcid:country/SGP,2019,1391.2039
dcs:who/AIR_7.ENVCAUSE--ENVCAUSE068__SEX--F,dcid:country/SGP,2019,670.0706
dcs:who/AIR_7.ENVCAUSE--ENVCAUSE118__SEX--M,dcid:country/SGP,2019,1330.78096
dcs:who/AIR_7.SEX--M,dcid:country/SGP,2019,26905.50717
dcs:who/AIR_7.ENVCAUSE--ENVCAUSE039,dcid:country/SGP,2019,10431.13861
dcs:who/AIR_7.ENVCAUSE--ENVCAUSE113,dcid:country/SGP,2019,20665.58603
dcs:who/AIR_7.ENVCAUSE--ENVCAUSE114,dcid:country/SGP,2019,4839.62398
dcs:who/AIR_7.ENVCAUSE--ENVCAUSE114__SEX--F,dcid:country/SGP,2019,2262.34477
dcs:who/AIR_7.ENVCAUSE--ENVCAUSE068,dcid:country/SGP,2019,2061.2745
dcs:who/AIR_7.ENVCAUSE--ENVCAUSE118__SEX--F,dcid:country/SGP,2019,323.45023
dcs:who/AIR_7.ENVCAUSE--ENVCAUSE039__SEX--F,dcid:country/SGP,2019,4200.53966
dcs:who/AIR_7.ENVCAUSE--ENVCAUSE118,dcid:country/SGP,2019,1654.2312
dcs:who/AIR_7.ENVCAUSE--ENVCAUSE113__SEX--F,dcid:country/SGP,2019,5289.94188
dcs:who/AIR_7,dcid:country/SGP,2019,39651.85431
dcs:who/AIR_7.ENVCAUSE--ENVCAUSE068__SEX--F,dcid:country/SLB,2019,7.90739
dcs:who/AIR_7.ENVCAUSE--ENVCAUSE039__SEX--F,dcid:country/SLB,2019,398.50636
dcs:who/AIR_7.ENVCAUSE--ENVCAUSE039,dcid:country/SLB,2019,1010.29128
dcs:who/AIR_7.ENVCAUSE--ENVCAUSE118__SEX--F,dcid:country/SLB,2019,101.25428
dcs:who/AIR_7.SEX--M,dcid:country/SLB,2019,3624.19834
dcs:who/AIR_7.SEX--F,dcid:country/SLB,2019,2097.43153
dcs:who/AIR_7.ENVCAUSE--ENVCAUSE113__SEX--M,dcid:country/SLB,2019,2234.60084
dcs:who/AIR_7.ENVCAUSE--ENVCAUSE068,dcid:country/SLB,2019,27.97053
dcs:who/AIR_7,dcid:country/SLB,2019,5721.62987
dcs:who/AIR_7.ENVCAUSE--ENVCAUSE114__SEX--M,dcid:country/SLB,2019,580.59938
dcs:who/AIR_7.ENVCAUSE--ENVCAUSE114__SEX--F,dcid:country/SLB,2019,506.34901
dcs:who/AIR_7.ENVCAUSE--ENVCAUSE113,dcid:country/SLB,2019,3318.01533
dcs:who/AIR_7.ENVCAUSE--ENVCAUSE118,dcid:country/SLB,2019,278.40433
dcs:who/AIR_7.ENVCAUSE--ENVCAUSE114,dcid:country/SLB,2019,1086.9484
dcs:who/AIR_7.ENVCAUSE--ENVCAUSE118__SEX--M,dcid:country/SLB,2019,177.15005
dcs:who/AIR_7.ENVCAUSE--ENVCAUSE039__SEX--M,dcid:country/SLB,2019,611.78492
dcs:who/AIR_7.ENVCAUSE--ENVCAUSE113__SEX--F,dcid:country/SLB,2019,1083.41449
dcs:who/AIR_7.ENVCAUSE--ENVCAUSE068__SEX--M,dcid:country/SLB,2019,20.06314
dcs:who/AIR_7.ENVCAUSE--ENVCAUSE068,dcid:country/SLE,2019,425.44551
dcs:who/AIR_7.ENVCAUSE--ENVCAUSE118__SEX--F,dcid:country/SLE,2019,2732.12217
dcs:who/AIR_7.ENVCAUSE--ENVCAUSE068__SEX--M,dcid:country/SLE,2019,286.5077
dcs:who/AIR_7,dcid:country/SLE,2019,167662.1021
dcs:who/AIR_7.ENVCAUSE--ENVCAUSE114__SEX--F,dcid:country/SLE,2019,10259.73882
dcs:who/AIR_7.ENVCAUSE--ENVCAUSE118__SEX--M,dcid:country/SLE,2019,2705.90594
dcs:who/AIR_7.ENVCAUSE--ENVCAUSE118,dcid:country/SLE,2019,5438.02811
dcs:who/AIR_7.ENVCAUSE--ENVCAUSE113__SEX--M,dcid:country/SLE,2019,11504.28459
dcs:who/AIR_7.ENVCAUSE--ENVCAUSE113__SEX--F,dcid:country/SLE,2019,13435.34488
dcs:who/AIR_7.ENVCAUSE--ENVCAUSE114,dcid:country/SLE,2019,17785.01664
dcs:who/AIR_7.ENVCAUSE--ENVCAUSE114__SEX--M,dcid:country/SLE,2019,7525.27783
dcs:who/AIR_7.ENVCAUSE--ENVCAUSE039__SEX--M,dcid:country/SLE,2019,64670.73277
dcs:who/AIR_7.SEX--F,dcid:country/SLE,2019,80969.3933
dcs:who/AIR_7.ENVCAUSE--ENVCAUSE068__SEX--F,dcid:country/SLE,2019,138.9378
dcs:who/AIR_7.ENVCAUSE--ENVCAUSE039,dcid:country/SLE,2019,119073.9824
dcs:who/AIR_7.ENVCAUSE--ENVCAUSE039__SEX--F,dcid:country/SLE,2019,54403.24963
dcs:who/AIR_7.SEX--M,dcid:country/SLE,2019,86692.70883
dcs:who/AIR_7.ENVCAUSE--ENVCAUSE113,dcid:country/SLE,2019,24939.62948
dcs:who/AIR_7.ENVCAUSE--ENVCAUSE068__SEX--M,dcid:country/SLV,2019,337.68899
dcs:who/AIR_7.ENVCAUSE--ENVCAUSE114__SEX--M,dcid:country/SLV,2019,2002.94963
dcs:who/AIR_7.SEX--M,dcid:country/SLV,2019,21670.43529
dcs:who/AIR_7.ENVCAUSE--ENVCAUSE068,dcid:country/SLV,2019,645.46269
dcs:who/AIR_7,dcid:country/SLV,2019,39614.45663
dcs:who/AIR_7.ENVCAUSE--ENVCAUSE113__SEX--F,dcid:country/SLV,2019,9311.08389
dcs:who/AIR_7.ENVCAUSE--ENVCAUSE118,dcid:country/SLV,2019,3343.34394
dcs:who/AIR_7.ENVCAUSE--ENVCAUSE039,dcid:country/SLV,2019,10257.01835
dcs:who/AIR_7.ENVCAUSE--ENVCAUSE113,dcid:country/SLV,2019,21134.63005
dcs:who/AIR_7.ENVCAUSE--ENVCAUSE114,dcid:country/SLV,2019,4234.00159
dcs:who/AIR_7.ENVCAUSE--ENVCAUSE118__SEX--F,dcid:country/SLV,2019,1711.84493
dcs:who/AIR_7.SEX--F,dcid:country/SLV,2019,17944.02134
dcs:who/AIR_7.ENVCAUSE--ENVCAUSE118__SEX--M,dcid:country/SLV,2019,1631.49901
dcs:who/AIR_7.ENVCAUSE--ENVCAUSE114__SEX--F,dcid:country/SLV,2019,2231.05196
dcs:who/AIR_7.ENVCAUSE--ENVCAUSE039__SEX--F,dcid:country/SLV,2019,4382.26686
dcs:who/AIR_7.ENVCAUSE--ENVCAUSE039__SEX--M,dcid:country/SLV,2019,5874.75149
dcs:who/AIR_7.ENVCAUSE--ENVCAUSE068__SEX--F,dcid:country/SLV,2019,307.7737
dcs:who/AIR_7.ENVCAUSE--ENVCAUSE113__SEX--M,dcid:country/SLV,2019,11823.54616
dcs:who/AIR_7.SEX--M,dcid:country/SOM,2019,129987.0003
dcs:who/AIR_7.ENVCAUSE--ENVCAUSE113__SEX--M,dcid:country/SOM,2019,23194.8451
dcs:who/AIR_7.ENVCAUSE--ENVCAUSE118__SEX--F,dcid:country/SOM,2019,2293.35077
dcs:who/AIR_7.ENVCAUSE--ENVCAUSE068__SEX--F,dcid:country/SOM,2019,214.79714
dcs:who/AIR_7.ENVCAUSE--ENVCAUSE118__SEX--M,dcid:country/SOM,2019,4671.36389
dcs:who/AIR_7.ENVCAUSE--ENVCAUSE068,dcid:country/SOM,2019,446.2188
dcs:who/AIR_7.ENVCAUSE--ENVCAUSE039__SEX--M,dcid:country/SOM,2019,88016.3549
dcs:who/AIR_7.ENVCAUSE--ENVCAUSE118,dcid:country/SOM,2019,6964.71466
dcs:who/AIR_7.ENVCAUSE--ENVCAUSE039,dcid:country/SOM,2019,155569.0238
dcs:who/AIR_7,dcid:country/SOM,2019,220004.7607
dcs:who/AIR_7.ENVCAUSE--ENVCAUSE113,dcid:country/SOM,2019,33702.79043
dcs:who/AIR_7.ENVCAUSE--ENVCAUSE068__SEX--M,dcid:country/SOM,2019,231.42166
dcs:who/AIR_7.ENVCAUSE--ENVCAUSE039__SEX--F,dcid:country/SOM,2019,67552.66885
dcs:who/AIR_7.ENVCAUSE--ENVCAUSE114__SEX--M,dcid:country/SOM,2019,13873.01478
dcs:who/AIR_7.SEX--F,dcid:country/SOM,2019,90017.76038
dcs:who/AIR_7.ENVCAUSE--ENVCAUSE114__SEX--F,dcid:country/SOM,2019,9448.9983
dcs:who/AIR_7.ENVCAUSE--ENVCAUSE114,dcid:country/SOM,2019,23322.01308
dcs:who/AIR_7.ENVCAUSE--ENVCAUSE113__SEX--F,dcid:country/SOM,2019,10507.94532
dcs:who/AIR_7.ENVCAUSE--ENVCAUSE113__SEX--F,dcid:country/SRB,2019,33654.00701
dcs:who/AIR_7.ENVCAUSE--ENVCAUSE068__SEX--F,dcid:country/SRB,2019,4762.71835
dcs:who/AIR_7.SEX--F,dcid:country/SRB,2019,67827.12023
dcs:who/AIR_7,dcid:country/SRB,2019,159339.5497
dcs:who/AIR_7.ENVCAUSE--ENVCAUSE113,dcid:country/SRB,2019,82063.48813
dcs:who/AIR_7.ENVCAUSE--ENVCAUSE113__SEX--M,dcid:country/SRB,2019,48409.48112
dcs:who/AIR_7.ENVCAUSE--ENVCAUSE068__SEX--M,dcid:country/SRB,2019,11639.19266
dcs:who/AIR_7.ENVCAUSE--ENVCAUSE114__SEX--M,dcid:country/SRB,2019,18937.54448
dcs:who/AIR_7.ENVCAUSE--ENVCAUSE118__SEX--F,dcid:country/SRB,2019,5410.89846
dcs:who/AIR_7.ENVCAUSE--ENVCAUSE068,dcid:country/SRB,2019,16401.91101
dcs:who/AIR_7.ENVCAUSE--ENVCAUSE039__SEX--M,dcid:country/SRB,2019,4407.36963
dcs:who/AIR_7.ENVCAUSE--ENVCAUSE118__SEX--M,dcid:country/SRB,2019,8118.84159
dcs:who/AIR_7.ENVCAUSE--ENVCAUSE118,dcid:country/SRB,2019,13529.74006
dcs:who/AIR_7.SEX--M,dcid:country/SRB,2019,91512.42949
dcs:who/AIR_7.ENVCAUSE--ENVCAUSE039,dcid:country/SRB,2019,7270.61487
dcs:who/AIR_7.ENVCAUSE--ENVCAUSE114,dcid:country/SRB,2019,40073.79565
dcs:who/AIR_7.ENVCAUSE--ENVCAUSE114__SEX--F,dcid:country/SRB,2019,21136.25116
dcs:who/AIR_7.ENVCAUSE--ENVCAUSE039__SEX--F,dcid:country/SRB,2019,2863.24524
dcs:who/AIR_7.SEX--M,dcid:country/SSD,2019,63943.7781
dcs:who/AIR_7.ENVCAUSE--ENVCAUSE118__SEX--M,dcid:country/SSD,2019,2284.68347
dcs:who/AIR_7.ENVCAUSE--ENVCAUSE113__SEX--M,dcid:country/SSD,2019,7905.59097
dcs:who/AIR_7.ENVCAUSE--ENVCAUSE114__SEX--M,dcid:country/SSD,2019,5429.99804
dcs:who/AIR_7.ENVCAUSE--ENVCAUSE068__SEX--M,dcid:country/SSD,2019,235.69459
dcs:who/AIR_7.ENVCAUSE--ENVCAUSE068__SEX--F,dcid:country/SSD,2019,172.48288
dcs:who/AIR_7.ENVCAUSE--ENVCAUSE039__SEX--M,dcid:country/SSD,2019,48087.81102
dcs:who/AIR_7.ENVCAUSE--ENVCAUSE114,dcid:country/SSD,2019,10893.69851
dcs:who/AIR_7.SEX--F,dcid:country/SSD,2019,50704.62445
dcs:who/AIR_7.ENVCAUSE--ENVCAUSE039__SEX--F,dcid:country/SSD,2019,38380.73711
dcs:who/AIR_7.ENVCAUSE--ENVCAUSE068,dcid:country/SSD,2019,408.17748
dcs:who/AIR_7.ENVCAUSE--ENVCAUSE114__SEX--F,dcid:country/SSD,2019,5463.70047
dcs:who/AIR_7.ENVCAUSE--ENVCAUSE039,dcid:country/SSD,2019,86468.54813
dcs:who/AIR_7.ENVCAUSE--ENVCAUSE113,dcid:country/SSD,2019,13198.34666
dcs:who/AIR_7,dcid:country/SSD,2019,114648.4026
dcs:who/AIR_7.ENVCAUSE--ENVCAUSE118__SEX--F,dcid:country/SSD,2019,1394.94831
dcs:who/AIR_7.ENVCAUSE--ENVCAUSE118,dcid:country/SSD,2019,3679.63177
dcs:who/AIR_7.ENVCAUSE--ENVCAUSE113__SEX--F,dcid:country/SSD,2019,5292.75569
dcs:who/AIR_7.ENVCAUSE--ENVCAUSE118,dcid:country/STP,2019,229.21425
dcs:who/AIR_7.ENVCAUSE--ENVCAUSE118__SEX--M,dcid:country/STP,2019,123.02552
dcs:who/AIR_7.ENVCAUSE--ENVCAUSE114__SEX--M,dcid:country/STP,2019,154.98746
dcs:who/AIR_7.SEX--F,dcid:country/STP,2019,1188.18272
dcs:who/AIR_7.ENVCAUSE--ENVCAUSE114__SEX--F,dcid:country/STP,2019,235.96668
dcs:who/AIR_7.ENVCAUSE--ENVCAUSE113,dcid:country/STP,2019,547.99022
dcs:who/AIR_7.ENVCAUSE--ENVCAUSE039__SEX--M,dcid:country/STP,2019,607.47321
dcs:who/AIR_7.ENVCAUSE--ENVCAUSE068__SEX--M,dcid:country/STP,2019,39.29065
dcs:who/AIR_7.ENVCAUSE--ENVCAUSE068,dcid:country/STP,2019,63.15693
dcs:who/AIR_7,dcid:country/STP,2019,2368.21811
dcs:who/AIR_7.ENVCAUSE--ENVCAUSE068__SEX--F,dcid:country/STP,2019,23.86628
dcs:who/AIR_7.ENVCAUSE--ENVCAUSE039,dcid:country/STP,2019,1136.90257
dcs:who/AIR_7.ENVCAUSE--ENVCAUSE118__SEX--F,dcid:country/STP,2019,106.18873
dcs:who/AIR_7.SEX--M,dcid:country/STP,2019,1180.03538
dcs:who/AIR_7.ENVCAUSE--ENVCAUSE113__SEX--M,dcid:country/STP,2019,255.25854
dcs:who/AIR_7.ENVCAUSE--ENVCAUSE039__SEX--F,dcid:country/STP,2019,529.42936
dcs:who/AIR_7.ENVCAUSE--ENVCAUSE113__SEX--F,dcid:country/STP,2019,292.73168
dcs:who/AIR_7.ENVCAUSE--ENVCAUSE114,dcid:country/STP,2019,390.95414
dcs:who/AIR_7.ENVCAUSE--ENVCAUSE113__SEX--F,dcid:country/SUR,2019,897.30835
dcs:who/AIR_7.ENVCAUSE--ENVCAUSE114__SEX--M,dcid:country/SUR,2019,699.73413
dcs:who/AIR_7.ENVCAUSE--ENVCAUSE118,dcid:country/SUR,2019,193.2491
dcs:who/AIR_7.ENVCAUSE--ENVCAUSE114__SEX--F,dcid:country/SUR,2019,594.89649
dcs:who/AIR_7.ENVCAUSE--ENVCAUSE118__SEX--M,dcid:country/SUR,2019,111.06295
dcs:who/AIR_7.ENVCAUSE--ENVCAUSE068__SEX--M,dcid:country/SUR,2019,98.56483
dcs:who/AIR_7.ENVCAUSE--ENVCAUSE068,dcid:country/SUR,2019,141.55562
dcs:who/AIR_7.SEX--M,dcid:country/SUR,2019,2764.89546
dcs:who/AIR_7,dcid:country/SUR,2019,4586.45148
dcs:who/AIR_7.ENVCAUSE--ENVCAUSE039__SEX--M,dcid:country/SUR,2019,291.43685
dcs:who/AIR_7.ENVCAUSE--ENVCAUSE113,dcid:country/SUR,2019,2461.40505
dcs:who/AIR_7.ENVCAUSE--ENVCAUSE118__SEX--F,dcid:country/SUR,2019,82.18615
dcs:who/AIR_7.ENVCAUSE--ENVCAUSE114,dcid:country/SUR,2019,1294.63061
dcs:who/AIR_7.ENVCAUSE--ENVCAUSE068__SEX--F,dcid:country/SUR,2019,42.99078
dcs:who/AIR_7.ENVCAUSE--ENVCAUSE039,dcid:country/SUR,2019,495.61111
dcs:who/AIR_7.SEX--F,dcid:country/SUR,2019,1821.55602
dcs:who/AIR_7.ENVCAUSE--ENVCAUSE113__SEX--M,dcid:country/SUR,2019,1564.0967
dcs:who/AIR_7.ENVCAUSE--ENVCAUSE039__SEX--F,dcid:country/SUR,2019,204.17426
dcs:who/AIR_7.ENVCAUSE--ENVCAUSE068__SEX--F,dcid:country/SVK,2019,1017.59036
dcs:who/AIR_7.SEX--F,dcid:country/SVK,2019,23320.01392
dcs:who/AIR_7.ENVCAUSE--ENVCAUSE113,dcid:country/SVK,2019,34158.11133
dcs:who/AIR_7.ENVCAUSE--ENVCAUSE113__SEX--F,dcid:country/SVK,2019,14218.07809
dcs:who/AIR_7.ENVCAUSE--ENVCAUSE068__SEX--M,dcid:country/SVK,2019,3268.24849
dcs:who/AIR_7.ENVCAUSE--ENVCAUSE114,dcid:country/SVK,2019,9629.5313
dcs:who/AIR_7.ENVCAUSE--ENVCAUSE114__SEX--M,dcid:country/SVK,2019,4984.92776
dcs:who/AIR_7.ENVCAUSE--ENVCAUSE039__SEX--F,dcid:country/SVK,2019,2230.33029
dcs:who/AIR_7.ENVCAUSE--ENVCAUSE118,dcid:country/SVK,2019,3455.78179
dcs:who/AIR_7.ENVCAUSE--ENVCAUSE068,dcid:country/SVK,2019,4285.83885
dcs:who/AIR_7.ENVCAUSE--ENVCAUSE118__SEX--M,dcid:country/SVK,2019,2246.37015
dcs:who/AIR_7.ENVCAUSE--ENVCAUSE039__SEX--M,dcid:country/SVK,2019,3594.71184
dcs:who/AIR_7,dcid:country/SVK,2019,57354.30539
dcs:who/AIR_7.ENVCAUSE--ENVCAUSE114__SEX--F,dcid:country/SVK,2019,4644.60354
dcs:who/AIR_7.ENVCAUSE--ENVCAUSE113__SEX--M,dcid:country/SVK,2019,19940.03323
dcs:who/AIR_7.ENVCAUSE--ENVCAUSE118__SEX--F,dcid:country/SVK,2019,1209.41163
dcs:who/AIR_7.ENVCAUSE--ENVCAUSE039,dcid:country/SVK,2019,5825.04213
dcs:who/AIR_7.SEX--M,dcid:country/SVK,2019,34034.29147
dcs:who/AIR_7.ENVCAUSE--ENVCAUSE118__SEX--M,dcid:country/SVN,2019,823.79934
dcs:who/AIR_7.SEX--M,dcid:country/SVN,2019,8834.67292
dcs:who/AIR_7.SEX--F,dcid:country/SVN,2019,7290.13267
dcs:who/AIR_7.ENVCAUSE--ENVCAUSE114__SEX--M,dcid:country/SVN,2019,1501.40906
dcs:who/AIR_7.ENVCAUSE--ENVCAUSE114__SEX--F,dcid:country/SVN,2019,1760.36376
dcs:who/AIR_7.ENVCAUSE--ENVCAUSE039__SEX--M,dcid:country/SVN,2019,247.47193
dcs:who/AIR_7.ENVCAUSE--ENVCAUSE068__SEX--F,dcid:country/SVN,2019,589.20945
dcs:who/AIR_7.ENVCAUSE--ENVCAUSE068,dcid:country/SVN,2019,1745.97387
dcs:who/AIR_7.ENVCAUSE--ENVCAUSE039,dcid:country/SVN,2019,627.00272
dcs:who/AIR_7.ENVCAUSE--ENVCAUSE068__SEX--M,dcid:country/SVN,2019,1156.76442
dcs:who/AIR_7.ENVCAUSE--ENVCAUSE039__SEX--F,dcid:country/SVN,2019,379.53079
dcs:who/AIR_7.ENVCAUSE--ENVCAUSE113,dcid:country/SVN,2019,9076.46213
dcs:who/AIR_7.ENVCAUSE--ENVCAUSE113__SEX--F,dcid:country/SVN,2019,3971.23396
dcs:who/AIR_7.ENVCAUSE--ENVCAUSE113__SEX--M,dcid:country/SVN,2019,5105.22818
dcs:who/AIR_7.ENVCAUSE--ENVCAUSE114,dcid:country/SVN,2019,3261.77282
dcs:who/AIR_7,dcid:country/SVN,2019,16124.80559
dcs:who/AIR_7.ENVCAUSE--ENVCAUSE118__SEX--F,dcid:country/SVN,2019,589.7947
dcs:who/AIR_7.ENVCAUSE--ENVCAUSE118,dcid:country/SVN,2019,1413.59404
dcs:who/AIR_7.ENVCAUSE--ENVCAUSE068,dcid:country/SWE,2019,1148.52324
dcs:who/AIR_7.ENVCAUSE--ENVCAUSE118__SEX--F,dcid:country/SWE,2019,2224.51475
dcs:who/AIR_7.ENVCAUSE--ENVCAUSE113,dcid:country/SWE,2019,22066.59458
dcs:who/AIR_7.ENVCAUSE--ENVCAUSE114__SEX--F,dcid:country/SWE,2019,2357.33599
dcs:who/AIR_7.SEX--M,dcid:country/SWE,2019,18550.20737
dcs:who/AIR_7.ENVCAUSE--ENVCAUSE113__SEX--M,dcid:country/SWE,2019,13370.05386
dcs:who/AIR_7.ENVCAUSE--ENVCAUSE039__SEX--M,dcid:country/SWE,2019,777.56807
dcs:who/AIR_7,dcid:country/SWE,2019,33083.70994
dcs:who/AIR_7.ENVCAUSE--ENVCAUSE068__SEX--M,dcid:country/SWE,2019,562.20765
dcs:who/AIR_7.ENVCAUSE--ENVCAUSE113__SEX--F,dcid:country/SWE,2019,8696.54072
dcs:who/AIR_7.ENVCAUSE--ENVCAUSE118__SEX--M,dcid:country/SWE,2019,1531.87112
dcs:who/AIR_7.ENVCAUSE--ENVCAUSE068__SEX--F,dcid:country/SWE,2019,586.31558
dcs:who/AIR_7.ENVCAUSE--ENVCAUSE039,dcid:country/SWE,2019,1446.3636
dcs:who/AIR_7.ENVCAUSE--ENVCAUSE114,dcid:country/SWE,2019,4665.84266
dcs:who/AIR_7.ENVCAUSE--ENVCAUSE114__SEX--M,dcid:country/SWE,2019,2308.50666
dcs:who/AIR_7.ENVCAUSE--ENVCAUSE039__SEX--F,dcid:country/SWE,2019,668.79553
dcs:who/AIR_7.SEX--F,dcid:country/SWE,2019,14533.50257
dcs:who/AIR_7.ENVCAUSE--ENVCAUSE118,dcid:country/SWE,2019,3756.38587
dcs:who/AIR_7.ENVCAUSE--ENVCAUSE039__SEX--M,dcid:country/SWZ,2019,4237.9598
dcs:who/AIR_7.SEX--F,dcid:country/SWZ,2019,4526.83654
dcs:who/AIR_7.ENVCAUSE--ENVCAUSE068__SEX--M,dcid:country/SWZ,2019,16.21882
dcs:who/AIR_7.ENVCAUSE--ENVCAUSE039,dcid:country/SWZ,2019,6492.31856
dcs:who/AIR_7,dcid:country/SWZ,2019,13235.43831
dcs:who/AIR_7.ENVCAUSE--ENVCAUSE068__SEX--F,dcid:country/SWZ,2019,14.66707
dcs:who/AIR_7.ENVCAUSE--ENVCAUSE118,dcid:country/SWZ,2019,875.90751
dcs:who/AIR_7.ENVCAUSE--ENVCAUSE118__SEX--F,dcid:country/SWZ,2019,263.71921
dcs:who/AIR_7.SEX--M,dcid:country/SWZ,2019,8708.60177
dcs:who/AIR_7.ENVCAUSE--ENVCAUSE113__SEX--M,dcid:country/SWZ,2019,2558.86172
dcs:who/AIR_7.ENVCAUSE--ENVCAUSE114,dcid:country/SWZ,2019,2165.36102
dcs:who/AIR_7.ENVCAUSE--ENVCAUSE114__SEX--M,dcid:country/SWZ,2019,1283.37314
dcs:who/AIR_7.ENVCAUSE--ENVCAUSE118__SEX--M,dcid:country/SWZ,2019,612.1883
dcs:who/AIR_7.ENVCAUSE--ENVCAUSE113,dcid:country/SWZ,2019,3670.96533
dcs:who/AIR_7.ENVCAUSE--ENVCAUSE114__SEX--F,dcid:country/SWZ,2019,881.98789
dcs:who/AIR_7.ENVCAUSE--ENVCAUSE039__SEX--F,dcid:country/SWZ,2019,2254.35876
dcs:who/AIR_7.ENVCAUSE--ENVCAUSE113__SEX--F,dcid:country/SWZ,2019,1112.10361
dcs:who/AIR_7.ENVCAUSE--ENVCAUSE068,dcid:country/SWZ,2019,30.88588
dcs:who/AIR_7.ENVCAUSE--ENVCAUSE113__SEX--M,dcid:country/SYC,2019,294.99855
dcs:who/AIR_7.ENVCAUSE--ENVCAUSE113__SEX--F,dcid:country/SYC,2019,153.58314
dcs:who/AIR_7.ENVCAUSE--ENVCAUSE068,dcid:country/SYC,2019,35.47847
dcs:who/AIR_7.ENVCAUSE--ENVCAUSE114__SEX--F,dcid:country/SYC,2019,81.16899
dcs:who/AIR_7,dcid:country/SYC,2019,1040.89771
dcs:who/AIR_7.ENVCAUSE--ENVCAUSE039__SEX--F,dcid:country/SYC,2019,103.7489
dcs:who/AIR_7.SEX--F,dcid:country/SYC,2019,373.09244
dcs:who/AIR_7.ENVCAUSE--ENVCAUSE068__SEX--M,dcid:country/SYC,2019,27.01532
dcs:who/AIR_7.ENVCAUSE--ENVCAUSE114__SEX--M,dcid:country/SYC,2019,121.18971
dcs:who/AIR_7.ENVCAUSE--ENVCAUSE068__SEX--F,dcid:country/SYC,2019,8.46315
dcs:who/AIR_7.ENVCAUSE--ENVCAUSE118__SEX--F,dcid:country/SYC,2019,26.12827
dcs:who/AIR_7.ENVCAUSE--ENVCAUSE118__SEX--M,dcid:country/SYC,2019,49.54252
dcs:who/AIR_7.SEX--M,dcid:country/SYC,2019,667.80527
dcs:who/AIR_7.ENVCAUSE--ENVCAUSE113,dcid:country/SYC,2019,448.58168
dcs:who/AIR_7.ENVCAUSE--ENVCAUSE114,dcid:country/SYC,2019,202.3587
dcs:who/AIR_7.ENVCAUSE--ENVCAUSE118,dcid:country/SYC,2019,75.67079
dcs:who/AIR_7.ENVCAUSE--ENVCAUSE039,dcid:country/SYC,2019,278.80808
dcs:who/AIR_7.ENVCAUSE--ENVCAUSE039__SEX--M,dcid:country/SYC,2019,175.05918
dcs:who/AIR_7.ENVCAUSE--ENVCAUSE039__SEX--M,dcid:country/SYR,2019,15897.90405
dcs:who/AIR_7.ENVCAUSE--ENVCAUSE068,dcid:country/SYR,2019,6084.70055
dcs:who/AIR_7.ENVCAUSE--ENVCAUSE039,dcid:country/SYR,2019,28738.4911
dcs:who/AIR_7.ENVCAUSE--ENVCAUSE068__SEX--F,dcid:country/SYR,2019,1690.35872
dcs:who/AIR_7.ENVCAUSE--ENVCAUSE118__SEX--F,dcid:country/SYR,2019,3597.46901
dcs:who/AIR_7.ENVCAUSE--ENVCAUSE118__SEX--M,dcid:country/SYR,2019,4450.69796
dcs:who/AIR_7.SEX--F,dcid:country/SYR,2019,86982.39506
dcs:who/AIR_7,dcid:country/SYR,2019,203325.278
dcs:who/AIR_7.ENVCAUSE--ENVCAUSE114,dcid:country/SYR,2019,26857.92342
dcs:who/AIR_7.ENVCAUSE--ENVCAUSE113,dcid:country/SYR,2019,133595.996
dcs:who/AIR_7.ENVCAUSE--ENVCAUSE114__SEX--M,dcid:country/SYR,2019,13546.71188
dcs:who/AIR_7.SEX--M,dcid:country/SYR,2019,116342.883
dcs:who/AIR_7.ENVCAUSE--ENVCAUSE118,dcid:country/SYR,2019,8048.16697
dcs:who/AIR_7.ENVCAUSE--ENVCAUSE068__SEX--M,dcid:country/SYR,2019,4394.34183
dcs:who/AIR_7.ENVCAUSE--ENVCAUSE039__SEX--F,dcid:country/SYR,2019,12840.58705
dcs:who/AIR_7.ENVCAUSE--ENVCAUSE113__SEX--M,dcid:country/SYR,2019,78053.22724
dcs:who/AIR_7.ENVCAUSE--ENVCAUSE114__SEX--F,dcid:country/SYR,2019,13311.21154
dcs:who/AIR_7.ENVCAUSE--ENVCAUSE113__SEX--F,dcid:country/SYR,2019,55542.76874
dcs:who/AIR_7.ENVCAUSE--ENVCAUSE113,dcid:country/TCD,2019,33655.17801
dcs:who/AIR_7,dcid:country/TCD,2019,396336.2227
dcs:who/AIR_7.ENVCAUSE--ENVCAUSE114,dcid:country/TCD,2019,27380.24088
dcs:who/AIR_7.ENVCAUSE--ENVCAUSE039__SEX--F,dcid:country/TCD,2019,144931.3564
dcs:who/AIR_7.ENVCAUSE--ENVCAUSE118__SEX--F,dcid:country/TCD,2019,4020.80906
dcs:who/AIR_7.ENVCAUSE--ENVCAUSE039,dcid:country/TCD,2019,325572.7966
dcs:who/AIR_7.ENVCAUSE--ENVCAUSE039__SEX--M,dcid:country/TCD,2019,180641.4403
dcs:who/AIR_7.SEX--M,dcid:country/TCD,2019,218676.7342
dcs:who/AIR_7.ENVCAUSE--ENVCAUSE068__SEX--M,dcid:country/TCD,2019,315.28887
dcs:who/AIR_7.ENVCAUSE--ENVCAUSE118__SEX--M,dcid:country/TCD,2019,5181.70902
dcs:who/AIR_7.ENVCAUSE--ENVCAUSE113__SEX--M,dcid:country/TCD,2019,18511.12795
dcs:who/AIR_7.ENVCAUSE--ENVCAUSE068,dcid:country/TCD,2019,525.48906
dcs:who/AIR_7.ENVCAUSE--ENVCAUSE068__SEX--F,dcid:country/TCD,2019,210.2002
dcs:who/AIR_7.ENVCAUSE--ENVCAUSE114__SEX--F,dcid:country/TCD,2019,13353.07274
dcs:who/AIR_7.SEX--F,dcid:country/TCD,2019,177659.4884
dcs:who/AIR_7.ENVCAUSE--ENVCAUSE114__SEX--M,dcid:country/TCD,2019,14027.16814
dcs:who/AIR_7.ENVCAUSE--ENVCAUSE113__SEX--F,dcid:country/TCD,2019,15144.05005
dcs:who/AIR_7.ENVCAUSE--ENVCAUSE118,dcid:country/TCD,2019,9202.51808
dcs:who/AIR_7.ENVCAUSE--ENVCAUSE118__SEX--F,dcid:country/TGO,2019,2286.14948
dcs:who/AIR_7.ENVCAUSE--ENVCAUSE068,dcid:country/TGO,2019,352.04167
dcs:who/AIR_7.ENVCAUSE--ENVCAUSE118__SEX--M,dcid:country/TGO,2019,3360.66182
dcs:who/AIR_7.ENVCAUSE--ENVCAUSE039__SEX--F,dcid:country/TGO,2019,29398.24133
dcs:who/AIR_7.ENVCAUSE--ENVCAUSE068__SEX--M,dcid:country/TGO,2019,254.46253
dcs:who/AIR_7.ENVCAUSE--ENVCAUSE068__SEX--F,dcid:country/TGO,2019,97.57914
dcs:who/AIR_7.ENVCAUSE--ENVCAUSE114__SEX--F,dcid:country/TGO,2019,7919.8231
dcs:who/AIR_7.SEX--M,dcid:country/TGO,2019,73078.25538
dcs:who/AIR_7.ENVCAUSE--ENVCAUSE113__SEX--M,dcid:country/TGO,2019,16233.25644
dcs:who/AIR_7.ENVCAUSE--ENVCAUSE113__SEX--F,dcid:country/TGO,2019,10163.80409
dcs:who/AIR_7.ENVCAUSE--ENVCAUSE114__SEX--M,dcid:country/TGO,2019,9687.09269
dcs:who/AIR_7.SEX--F,dcid:country/TGO,2019,49865.59714
dcs:who/AIR_7.ENVCAUSE--ENVCAUSE039__SEX--M,dcid:country/TGO,2019,43542.78189
dcs:who/AIR_7,dcid:country/TGO,2019,122943.8525
dcs:who/AIR_7.ENVCAUSE--ENVCAUSE039,dcid:country/TGO,2019,72941.02322
dcs:who/AIR_7.ENVCAUSE--ENVCAUSE118,dcid:country/TGO,2019,5646.8113
dcs:who/AIR_7.ENVCAUSE--ENVCAUSE114,dcid:country/TGO,2019,17606.91579
dcs:who/AIR_7.ENVCAUSE--ENVCAUSE113,dcid:country/TGO,2019,26397.06053
dcs:who/AIR_7.ENVCAUSE--ENVCAUSE114__SEX--M,dcid:country/THA,2019,99313.48695
dcs:who/AIR_7.ENVCAUSE--ENVCAUSE068__SEX--F,dcid:country/THA,2019,21172.15521
dcs:who/AIR_7.ENVCAUSE--ENVCAUSE039,dcid:country/THA,2019,129721.9233
dcs:who/AIR_7.ENVCAUSE--ENVCAUSE114,dcid:country/THA,2019,171716.4713
dcs:who/AIR_7.SEX--F,dcid:country/THA,2019,253450.3919
dcs:who/AIR_7.ENVCAUSE--ENVCAUSE118__SEX--F,dcid:country/THA,2019,24680.04638
dcs:who/AIR_7.ENVCAUSE--ENVCAUSE039__SEX--F,dcid:country/THA,2019,52550.71581
dcs:who/AIR_7.ENVCAUSE--ENVCAUSE118__SEX--M,dcid:country/THA,2019,52105.10969
dcs:who/AIR_7.ENVCAUSE--ENVCAUSE118,dcid:country/THA,2019,76785.15606
dcs:who/AIR_7.ENVCAUSE--ENVCAUSE068__SEX--M,dcid:country/THA,2019,40207.17081
dcs:who/AIR_7.SEX--M,dcid:country/THA,2019,403009.5127
dcs:who/AIR_7.ENVCAUSE--ENVCAUSE068,dcid:country/THA,2019,61379.32601
dcs:who/AIR_7.ENVCAUSE--ENVCAUSE113__SEX--M,dcid:country/THA,2019,134212.5378
dcs:who/AIR_7.ENVCAUSE--ENVCAUSE113,dcid:country/THA,2019,216857.028
dcs:who/AIR_7.ENVCAUSE--ENVCAUSE114__SEX--F,dcid:country/THA,2019,72402.9843
dcs:who/AIR_7,dcid:country/THA,2019,656459.9047
dcs:who/AIR_7.ENVCAUSE--ENVCAUSE039__SEX--M,dcid:country/THA,2019,77171.20751
dcs:who/AIR_7.ENVCAUSE--ENVCAUSE113__SEX--F,dcid:country/THA,2019,82644.49025
dcs:who/AIR_7.SEX--M,dcid:country/TJK,2019,105243.0262
dcs:who/AIR_7.SEX--F,dcid:country/TJK,2019,83867.68404
dcs:who/AIR_7.ENVCAUSE--ENVCAUSE068,dcid:country/TJK,2019,1944.07635
dcs:who/AIR_7.ENVCAUSE--ENVCAUSE118__SEX--F,dcid:country/TJK,2019,3942.53364
dcs:who/AIR_7.ENVCAUSE--ENVCAUSE114__SEX--F,dcid:country/TJK,2019,14807.54744
dcs:who/AIR_7.ENVCAUSE--ENVCAUSE068__SEX--F,dcid:country/TJK,2019,724.42796
dcs:who/AIR_7.ENVCAUSE--ENVCAUSE113__SEX--M,dcid:country/TJK,2019,47735.18885
dcs:who/AIR_7,dcid:country/TJK,2019,189110.7102
dcs:who/AIR_7.ENVCAUSE--ENVCAUSE039,dcid:country/TJK,2019,64978.85784
dcs:who/AIR_7.ENVCAUSE--ENVCAUSE039__SEX--F,dcid:country/TJK,2019,28213.32656
dcs:who/AIR_7.ENVCAUSE--ENVCAUSE118,dcid:country/TJK,2019,8064.06504
dcs:who/AIR_7.ENVCAUSE--ENVCAUSE114__SEX--M,dcid:country/TJK,2019,15401.1263
dcs:who/AIR_7.ENVCAUSE--ENVCAUSE114,dcid:country/TJK,2019,30208.67374
dcs:who/AIR_7.ENVCAUSE--ENVCAUSE118__SEX--M,dcid:country/TJK,2019,4121.5314
dcs:who/AIR_7.ENVCAUSE--ENVCAUSE113,dcid:country/TJK,2019,83915.03728
dcs:who/AIR_7.ENVCAUSE--ENVCAUSE068__SEX--M,dcid:country/TJK,2019,1219.64839
dcs:who/AIR_7.ENVCAUSE--ENVCAUSE039__SEX--M,dcid:country/TJK,2019,36765.53127
dcs:who/AIR_7.ENVCAUSE--ENVCAUSE113__SEX--F,dcid:country/TJK,2019,36179.84844
dcs:who/AIR_7.ENVCAUSE--ENVCAUSE118__SEX--M,dcid:country/TKM,2019,918.36138
dcs:who/AIR_7.ENVCAUSE--ENVCAUSE068__SEX--F,dcid:country/TKM,2019,346.16615
dcs:who/AIR_7.ENVCAUSE--ENVCAUSE039__SEX--F,dcid:country/TKM,2019,6663.39989
dcs:who/AIR_7.ENVCAUSE--ENVCAUSE068__SEX--M,dcid:country/TKM,2019,1070.58773
dcs:who/AIR_7.ENVCAUSE--ENVCAUSE113__SEX--F,dcid:country/TKM,2019,20780.38139
dcs:who/AIR_7.SEX--M,dcid:country/TKM,2019,50605.05098
dcs:who/AIR_7.ENVCAUSE--ENVCAUSE039__SEX--M,dcid:country/TKM,2019,9626.58423
dcs:who/AIR_7.ENVCAUSE--ENVCAUSE118__SEX--F,dcid:country/TKM,2019,786.70262
dcs:who/AIR_7.ENVCAUSE--ENVCAUSE114__SEX--M,dcid:country/TKM,2019,10526.65414
dcs:who/AIR_7.ENVCAUSE--ENVCAUSE114__SEX--F,dcid:country/TKM,2019,8824.52286
dcs:who/AIR_7.SEX--F,dcid:country/TKM,2019,37401.17291
dcs:who/AIR_7.ENVCAUSE--ENVCAUSE113__SEX--M,dcid:country/TKM,2019,28462.86349
dcs:who/AIR_7.ENVCAUSE--ENVCAUSE114,dcid:country/TKM,2019,19351.17701
dcs:who/AIR_7.ENVCAUSE--ENVCAUSE113,dcid:country/TKM,2019,49243.24487
dcs:who/AIR_7.ENVCAUSE--ENVCAUSE039,dcid:country/TKM,2019,16289.98412
dcs:who/AIR_7,dcid:country/TKM,2019,88006.22388
dcs:who/AIR_7.ENVCAUSE--ENVCAUSE118,dcid:country/TKM,2019,1705.06401
dcs:who/AIR_7.ENVCAUSE--ENVCAUSE068,dcid:country/TKM,2019,1416.75388
dcs:who/AIR_7.ENVCAUSE--ENVCAUSE114__SEX--M,dcid:country/TLS,2019,1389.69192
dcs:who/AIR_7.ENVCAUSE--ENVCAUSE039__SEX--M,dcid:country/TLS,2019,3500.69223
dcs:who/AIR_7.ENVCAUSE--ENVCAUSE114,dcid:country/TLS,2019,2825.38574
dcs:who/AIR_7.ENVCAUSE--ENVCAUSE113__SEX--M,dcid:country/TLS,2019,2048.89696
dcs:who/AIR_7.SEX--M,dcid:country/TLS,2019,7660.31355
dcs:who/AIR_7.ENVCAUSE--ENVCAUSE118__SEX--F,dcid:country/TLS,2019,371.98323
dcs:who/AIR_7,dcid:country/TLS,2019,13984.30489
dcs:who/AIR_7.ENVCAUSE--ENVCAUSE113,dcid:country/TLS,2019,3607.30468
dcs:who/AIR_7.ENVCAUSE--ENVCAUSE039__SEX--F,dcid:country/TLS,2019,2882.19189
dcs:who/AIR_7.ENVCAUSE--ENVCAUSE114__SEX--F,dcid:country/TLS,2019,1435.69383
dcs:who/AIR_7.SEX--F,dcid:country/TLS,2019,6323.99134
dcs:who/AIR_7.ENVCAUSE--ENVCAUSE118__SEX--M,dcid:country/TLS,2019,583.30221
dcs:who/AIR_7.ENVCAUSE--ENVCAUSE118,dcid:country/TLS,2019,955.28544
dcs:who/AIR_7.ENVCAUSE--ENVCAUSE068__SEX--M,dcid:country/TLS,2019,137.73024
dcs:who/AIR_7.ENVCAUSE--ENVCAUSE068,dcid:country/TLS,2019,213.44491
dcs:who/AIR_7.ENVCAUSE--ENVCAUSE068__SEX--F,dcid:country/TLS,2019,75.71467
dcs:who/AIR_7.ENVCAUSE--ENVCAUSE039,dcid:country/TLS,2019,6382.88412
dcs:who/AIR_7.ENVCAUSE--ENVCAUSE113__SEX--F,dcid:country/TLS,2019,1558.40772
dcs:who/AIR_7.SEX--M,dcid:country/TON,2019,294.47543
dcs:who/AIR_7.ENVCAUSE--ENVCAUSE114,dcid:country/TON,2019,75.6655
dcs:who/AIR_7.SEX--F,dcid:country/TON,2019,157.85975
dcs:who/AIR_7,dcid:country/TON,2019,452.33518
dcs:who/AIR_7.ENVCAUSE--ENVCAUSE118__SEX--M,dcid:country/TON,2019,21.31636
dcs:who/AIR_7.ENVCAUSE--ENVCAUSE068,dcid:country/TON,2019,14.15304
dcs:who/AIR_7.ENVCAUSE--ENVCAUSE118__SEX--F,dcid:country/TON,2019,9.28293
dcs:who/AIR_7.ENVCAUSE--ENVCAUSE113__SEX--M,dcid:country/TON,2019,190.03169
dcs:who/AIR_7.ENVCAUSE--ENVCAUSE039,dcid:country/TON,2019,68.62448
dcs:who/AIR_7.ENVCAUSE--ENVCAUSE039__SEX--M,dcid:country/TON,2019,35.86463
dcs:who/AIR_7.ENVCAUSE--ENVCAUSE114__SEX--M,dcid:country/TON,2019,36.43463
dcs:who/AIR_7.ENVCAUSE--ENVCAUSE118,dcid:country/TON,2019,30.59929
dcs:who/AIR_7.ENVCAUSE--ENVCAUSE068__SEX--M,dcid:country/TON,2019,10.82811
dcs:who/AIR_7.ENVCAUSE--ENVCAUSE113,dcid:country/TON,2019,263.29287
dcs:who/AIR_7.ENVCAUSE--ENVCAUSE114__SEX--F,dcid:country/TON,2019,39.23087
dcs:who/AIR_7.ENVCAUSE--ENVCAUSE068__SEX--F,dcid:country/TON,2019,3.32493
dcs:who/AIR_7.ENVCAUSE--ENVCAUSE113__SEX--F,dcid:country/TON,2019,73.26118
dcs:who/AIR_7.ENVCAUSE--ENVCAUSE039__SEX--F,dcid:country/TON,2019,32.75985
dcs:who/AIR_7.ENVCAUSE--ENVCAUSE114__SEX--M,dcid:country/TTO,2019,839.95735
dcs:who/AIR_7.ENVCAUSE--ENVCAUSE068__SEX--M,dcid:country/TTO,2019,195.90282
dcs:who/AIR_7.SEX--M,dcid:country/TTO,2019,4918.65517
dcs:who/AIR_7.ENVCAUSE--ENVCAUSE068,dcid:country/TTO,2019,245.47665
dcs:who/AIR_7.ENVCAUSE--ENVCAUSE039__SEX--M,dcid:country/TTO,2019,391.54725
dcs:who/AIR_7,dcid:country/TTO,2019,7857.66165
dcs:who/AIR_7.ENVCAUSE--ENVCAUSE039__SEX--F,dcid:country/TTO,2019,268.79508
dcs:who/AIR_7.SEX--F,dcid:country/TTO,2019,2939.00648
dcs:who/AIR_7.ENVCAUSE--ENVCAUSE118,dcid:country/TTO,2019,264.27836
dcs:who/AIR_7.ENVCAUSE--ENVCAUSE113,dcid:country/TTO,2019,5162.43168
dcs:who/AIR_7.ENVCAUSE--ENVCAUSE068__SEX--F,dcid:country/TTO,2019,49.57383
dcs:who/AIR_7.ENVCAUSE--ENVCAUSE114__SEX--F,dcid:country/TTO,2019,685.17528
dcs:who/AIR_7.ENVCAUSE--ENVCAUSE118__SEX--F,dcid:country/TTO,2019,69.27669
dcs:who/AIR_7.ENVCAUSE--ENVCAUSE039,dcid:country/TTO,2019,660.34233
dcs:who/AIR_7.ENVCAUSE--ENVCAUSE114,dcid:country/TTO,2019,1525.13263
dcs:who/AIR_7.ENVCAUSE--ENVCAUSE113__SEX--M,dcid:country/TTO,2019,3296.24608
dcs:who/AIR_7.ENVCAUSE--ENVCAUSE113__SEX--F,dcid:country/TTO,2019,1866.18559
dcs:who/AIR_7.ENVCAUSE--ENVCAUSE118__SEX--M,dcid:country/TTO,2019,195.00167
dcs:who/AIR_7.ENVCAUSE--ENVCAUSE039,dcid:country/TUN,2019,10859.8805
dcs:who/AIR_7.ENVCAUSE--ENVCAUSE118__SEX--F,dcid:country/TUN,2019,3289.35508
dcs:who/AIR_7.ENVCAUSE--ENVCAUSE118,dcid:country/TUN,2019,8365.92139
dcs:who/AIR_7.ENVCAUSE--ENVCAUSE118__SEX--M,dcid:country/TUN,2019,5076.56631
dcs:who/AIR_7.ENVCAUSE--ENVCAUSE114__SEX--F,dcid:country/TUN,2019,13598.56415
dcs:who/AIR_7.ENVCAUSE--ENVCAUSE068__SEX--F,dcid:country/TUN,2019,565.51383
dcs:who/AIR_7.ENVCAUSE--ENVCAUSE113__SEX--M,dcid:country/TUN,2019,53046.60345
dcs:who/AIR_7.SEX--M,dcid:country/TUN,2019,81738.97688
dcs:who/AIR_7.ENVCAUSE--ENVCAUSE039__SEX--F,dcid:country/TUN,2019,4930.1997
dcs:who/AIR_7.ENVCAUSE--ENVCAUSE113,dcid:country/TUN,2019,89181.54957
dcs:who/AIR_7.ENVCAUSE--ENVCAUSE113__SEX--F,dcid:country/TUN,2019,36134.94612
dcs:who/AIR_7.ENVCAUSE--ENVCAUSE114__SEX--M,dcid:country/TUN,2019,12042.19189
dcs:who/AIR_7.ENVCAUSE--ENVCAUSE039__SEX--M,dcid:country/TUN,2019,5929.68079
dcs:who/AIR_7.ENVCAUSE--ENVCAUSE114,dcid:country/TUN,2019,25640.75604
dcs:who/AIR_7.ENVCAUSE--ENVCAUSE068,dcid:country/TUN,2019,6209.44826
dcs:who/AIR_7,dcid:country/TUN,2019,140257.5558
dcs:who/AIR_7.SEX--F,dcid:country/TUN,2019,58518.57888
dcs:who/AIR_7.ENVCAUSE--ENVCAUSE068__SEX--M,dcid:country/TUN,2019,5643.93444
dcs:who/AIR_7.SEX--F,dcid:country/TUR,2019,301910.3847
dcs:who/AIR_7.ENVCAUSE--ENVCAUSE118__SEX--F,dcid:country/TUR,2019,40154.72795
dcs:who/AIR_7.ENVCAUSE--ENVCAUSE068,dcid:country/TUR,2019,95721.36823
dcs:who/AIR_7.ENVCAUSE--ENVCAUSE113__SEX--F,dcid:country/TUR,2019,150726.1435
dcs:who/AIR_7,dcid:country/TUR,2019,721290.0792
dcs:who/AIR_7.SEX--M,dcid:country/TUR,2019,419379.6946
dcs:who/AIR_7.ENVCAUSE--ENVCAUSE039,dcid:country/TUR,2019,54259.12548
dcs:who/AIR_7.ENVCAUSE--ENVCAUSE113__SEX--M,dcid:country/TUR,2019,197715.9216
dcs:who/AIR_7.ENVCAUSE--ENVCAUSE114__SEX--F,dcid:country/TUR,2019,71174.27084
dcs:who/AIR_7.ENVCAUSE--ENVCAUSE114__SEX--M,dcid:country/TUR,2019,53525.00832
dcs:who/AIR_7.ENVCAUSE--ENVCAUSE068__SEX--M,dcid:country/TUR,2019,81762.4538
dcs:who/AIR_7.ENVCAUSE--ENVCAUSE118__SEX--M,dcid:country/TUR,2019,58013.51327
dcs:who/AIR_7.ENVCAUSE--ENVCAUSE114,dcid:country/TUR,2019,124699.2792
dcs:who/AIR_7.ENVCAUSE--ENVCAUSE039__SEX--F,dcid:country/TUR,2019,25896.32794
dcs:who/AIR_7.ENVCAUSE--ENVCAUSE118,dcid:country/TUR,2019,98168.24122
dcs:who/AIR_7.ENVCAUSE--ENVCAUSE113,dcid:country/TUR,2019,348442.0651
dcs:who/AIR_7.ENVCAUSE--ENVCAUSE039__SEX--M,dcid:country/TUR,2019,28362.79754
dcs:who/AIR_7.ENVCAUSE--ENVCAUSE068__SEX--F,dcid:country/TUR,2019,13958.91443
dcs:who/AIR_7.ENVCAUSE--ENVCAUSE114__SEX--M,dcid:country/TZA,2019,22152.122
dcs:who/AIR_7.ENVCAUSE--ENVCAUSE118__SEX--F,dcid:country/TZA,2019,5585.21558
dcs:who/AIR_7.ENVCAUSE--ENVCAUSE114,dcid:country/TZA,2019,47432.77301
dcs:who/AIR_7.ENVCAUSE--ENVCAUSE039__SEX--F,dcid:country/TZA,2019,89364.25509
dcs:who/AIR_7.ENVCAUSE--ENVCAUSE068__SEX--F,dcid:country/TZA,2019,176.78547
dcs:who/AIR_7.SEX--F,dcid:country/TZA,2019,140656.8536
dcs:who/AIR_7.ENVCAUSE--ENVCAUSE118__SEX--M,dcid:country/TZA,2019,6466.01439
dcs:who/AIR_7.ENVCAUSE--ENVCAUSE039__SEX--M,dcid:country/TZA,2019,110561.0294
dcs:who/AIR_7.ENVCAUSE--ENVCAUSE114__SEX--F,dcid:country/TZA,2019,25280.651
dcs:who/AIR_7.ENVCAUSE--ENVCAUSE113,dcid:country/TZA,2019,58621.56931
dcs:who/AIR_7.ENVCAUSE--ENVCAUSE068__SEX--M,dcid:country/TZA,2019,240.8106
dcs:who/AIR_7.ENVCAUSE--ENVCAUSE113__SEX--F,dcid:country/TZA,2019,20249.94643
dcs:who/AIR_7,dcid:country/TZA,2019,318448.4529
dcs:who/AIR_7.ENVCAUSE--ENVCAUSE039,dcid:country/TZA,2019,199925.2845
dcs:who/AIR_7.ENVCAUSE--ENVCAUSE118,dcid:country/TZA,2019,12051.22997
dcs:who/AIR_7.ENVCAUSE--ENVCAUSE068,dcid:country/TZA,2019,417.59607
dcs:who/AIR_7.SEX--M,dcid:country/TZA,2019,177791.5993
dcs:who/AIR_7.ENVCAUSE--ENVCAUSE113__SEX--M,dcid:country/TZA,2019,38371.62288
dcs:who/AIR_7.ENVCAUSE--ENVCAUSE118__SEX--M,dcid:country/UGA,2019,10847.66473
dcs:who/AIR_7.ENVCAUSE--ENVCAUSE113__SEX--F,dcid:country/UGA,2019,19094.06783
dcs:who/AIR_7.ENVCAUSE--ENVCAUSE068,dcid:country/UGA,2019,1826.68741
dcs:who/AIR_7.ENVCAUSE--ENVCAUSE039__SEX--M,dcid:country/UGA,2019,134399.0052
dcs:who/AIR_7.ENVCAUSE--ENVCAUSE118__SEX--F,dcid:country/UGA,2019,6881.56566
dcs:who/AIR_7.ENVCAUSE--ENVCAUSE113__SEX--M,dcid:country/UGA,2019,32277.40365
dcs:who/AIR_7.ENVCAUSE--ENVCAUSE068__SEX--M,dcid:country/UGA,2019,1008.01843
dcs:who/AIR_7.SEX--F,dcid:country/UGA,2019,152218.1071
dcs:who/AIR_7.ENVCAUSE--ENVCAUSE114__SEX--M,dcid:country/UGA,2019,25581.63643
dcs:who/AIR_7.SEX--M,dcid:country/UGA,2019,204113.7285
dcs:who/AIR_7.ENVCAUSE--ENVCAUSE068__SEX--F,dcid:country/UGA,2019,818.66897
dcs:who/AIR_7.ENVCAUSE--ENVCAUSE039__SEX--F,dcid:country/UGA,2019,103618.3367
dcs:who/AIR_7.ENVCAUSE--ENVCAUSE114__SEX--F,dcid:country/UGA,2019,21805.46797
dcs:who/AIR_7,dcid:country/UGA,2019,356331.8356
dcs:who/AIR_7.ENVCAUSE--ENVCAUSE114,dcid:country/UGA,2019,47387.1044
dcs:who/AIR_7.ENVCAUSE--ENVCAUSE118,dcid:country/UGA,2019,17729.2304
dcs:who/AIR_7.ENVCAUSE--ENVCAUSE113,dcid:country/UGA,2019,51371.47148
dcs:who/AIR_7.ENVCAUSE--ENVCAUSE039,dcid:country/UGA,2019,238017.3419
dcs:who/AIR_7.ENVCAUSE--ENVCAUSE113__SEX--M,dcid:country/UKR,2019,448970.0614
dcs:who/AIR_7.ENVCAUSE--ENVCAUSE114__SEX--M,dcid:country/UKR,2019,77978.16825
dcs:who/AIR_7.ENVCAUSE--ENVCAUSE114__SEX--F,dcid:country/UKR,2019,82570.12982
dcs:who/AIR_7,dcid:country/UKR,2019,1082629.448
dcs:who/AIR_7.ENVCAUSE--ENVCAUSE039,dcid:country/UKR,2019,31220.48275
dcs:who/AIR_7.ENVCAUSE--ENVCAUSE068__SEX--M,dcid:country/UKR,2019,19890.62751
dcs:who/AIR_7.SEX--M,dcid:country/UKR,2019,586902.3585
dcs:who/AIR_7.ENVCAUSE--ENVCAUSE039__SEX--F,dcid:country/UKR,2019,7577.48689
dcs:who/AIR_7.ENVCAUSE--ENVCAUSE118,dcid:country/UKR,2019,25120.19576
dcs:who/AIR_7.ENVCAUSE--ENVCAUSE114,dcid:country/UKR,2019,160548.2981
dcs:who/AIR_7.ENVCAUSE--ENVCAUSE118__SEX--F,dcid:country/UKR,2019,8699.69021
dcs:who/AIR_7.ENVCAUSE--ENVCAUSE039__SEX--M,dcid:country/UKR,2019,23642.99586
dcs:who/AIR_7.ENVCAUSE--ENVCAUSE113,dcid:country/UKR,2019,841876.2721
dcs:who/AIR_7.ENVCAUSE--ENVCAUSE118__SEX--M,dcid:country/UKR,2019,16420.50556
dcs:who/AIR_7.ENVCAUSE--ENVCAUSE068,dcid:country/UKR,2019,23864.1991
dcs:who/AIR_7.ENVCAUSE--ENVCAUSE068__SEX--F,dcid:country/UKR,2019,3973.57159
dcs:who/AIR_7.SEX--F,dcid:country/UKR,2019,495727.0893
dcs:who/AIR_7.ENVCAUSE--ENVCAUSE113__SEX--F,dcid:country/UKR,2019,392906.2108
dcs:who/AIR_7.SEX--M,dcid:country/URY,2019,10825.68699
dcs:who/AIR_7.ENVCAUSE--ENVCAUSE068__SEX--M,dcid:country/URY,2019,825.72001
dcs:who/AIR_7.ENVCAUSE--ENVCAUSE068,dcid:country/URY,2019,1141.71752
dcs:who/AIR_7.ENVCAUSE--ENVCAUSE114__SEX--F,dcid:country/URY,2019,1991.35505
dcs:who/AIR_7.ENVCAUSE--ENVCAUSE113__SEX--F,dcid:country/URY,2019,3961.51724
dcs:who/AIR_7.SEX--F,dcid:country/URY,2019,7997.16477
dcs:who/AIR_7.ENVCAUSE--ENVCAUSE113__SEX--M,dcid:country/URY,2019,6099.20431
dcs:who/AIR_7.ENVCAUSE--ENVCAUSE118__SEX--M,dcid:country/URY,2019,1449.79748
dcs:who/AIR_7.ENVCAUSE--ENVCAUSE114__SEX--M,dcid:country/URY,2019,1652.45584
dcs:who/AIR_7.ENVCAUSE--ENVCAUSE118__SEX--F,dcid:country/URY,2019,884.3767
dcs:who/AIR_7.ENVCAUSE--ENVCAUSE118,dcid:country/URY,2019,2334.17419
dcs:who/AIR_7.ENVCAUSE--ENVCAUSE068__SEX--F,dcid:country/URY,2019,315.99751
dcs:who/AIR_7.ENVCAUSE--ENVCAUSE114,dcid:country/URY,2019,3643.81089
dcs:who/AIR_7.ENVCAUSE--ENVCAUSE039__SEX--M,dcid:country/URY,2019,798.50936
dcs:who/AIR_7.ENVCAUSE--ENVCAUSE113,dcid:country/URY,2019,10060.72155
dcs:who/AIR_7,dcid:country/URY,2019,18822.85176
dcs:who/AIR_7.ENVCAUSE--ENVCAUSE039,dcid:country/URY,2019,1642.42762
dcs:who/AIR_7.ENVCAUSE--ENVCAUSE039__SEX--F,dcid:country/URY,2019,843.91826
dcs:who/AIR_7.ENVCAUSE--ENVCAUSE118__SEX--M,dcid:country/USA,2019,130011.4608
dcs:who/AIR_7.ENVCAUSE--ENVCAUSE068__SEX--M,dcid:country/USA,2019,44537.42181
dcs:who/AIR_7.ENVCAUSE--ENVCAUSE118,dcid:country/USA,2019,271760.4608
dcs:who/AIR_7.ENVCAUSE--ENVCAUSE039__SEX--F,dcid:country/USA,2019,34069.43894
dcs:who/AIR_7.SEX--M,dcid:country/USA,2019,998484.7513
dcs:who/AIR_7.ENVCAUSE--ENVCAUSE113__SEX--F,dcid:country/USA,2019,416437.6406
dcs:who/AIR_7.ENVCAUSE--ENVCAUSE114,dcid:country/USA,2019,212829.4659
dcs:who/AIR_7.ENVCAUSE--ENVCAUSE113,dcid:country/USA,2019,1108405.831
dcs:who/AIR_7.ENVCAUSE--ENVCAUSE068,dcid:country/USA,2019,81391.19974
dcs:who/AIR_7.ENVCAUSE--ENVCAUSE114__SEX--F,dcid:country/USA,2019,116436.0659
dcs:who/AIR_7,dcid:country/USA,2019,1744030.675
dcs:who/AIR_7.ENVCAUSE--ENVCAUSE039,dcid:country/USA,2019,69643.71746
dcs:who/AIR_7.SEX--F,dcid:country/USA,2019,745545.9234
dcs:who/AIR_7.ENVCAUSE--ENVCAUSE118__SEX--F,dcid:country/USA,2019,141749.0001
dcs:who/AIR_7.ENVCAUSE--ENVCAUSE114__SEX--M,dcid:country/USA,2019,96393.40005
dcs:who/AIR_7.ENVCAUSE--ENVCAUSE039__SEX--M,dcid:country/USA,2019,35574.27852
dcs:who/AIR_7.ENVCAUSE--ENVCAUSE113__SEX--M,dcid:country/USA,2019,691968.1902
dcs:who/AIR_7.ENVCAUSE--ENVCAUSE068__SEX--F,dcid:country/USA,2019,36853.77793
dcs:who/AIR_7.ENVCAUSE--ENVCAUSE113__SEX--M,dcid:country/UZB,2019,216228.3549
dcs:who/AIR_7.ENVCAUSE--ENVCAUSE118__SEX--F,dcid:country/UZB,2019,6460.21056
dcs:who/AIR_7.ENVCAUSE--ENVCAUSE113__SEX--F,dcid:country/UZB,2019,157530.1805
dcs:who/AIR_7.ENVCAUSE--ENVCAUSE039__SEX--F,dcid:country/UZB,2019,30113.80838
dcs:who/AIR_7,dcid:country/UZB,2019,570827.9343
dcs:who/AIR_7.ENVCAUSE--ENVCAUSE068,dcid:country/UZB,2019,10210.08888
dcs:who/AIR_7.SEX--F,dcid:country/UZB,2019,243805.0532
dcs:who/AIR_7.ENVCAUSE--ENVCAUSE068__SEX--M,dcid:country/UZB,2019,7115.89572
dcs:who/AIR_7.ENVCAUSE--ENVCAUSE118__SEX--M,dcid:country/UZB,2019,7181.85
dcs:who/AIR_7.ENVCAUSE--ENVCAUSE114__SEX--F,dcid:country/UZB,2019,46606.6606
dcs:who/AIR_7.SEX--M,dcid:country/UZB,2019,327022.8811
dcs:who/AIR_7.ENVCAUSE--ENVCAUSE118,dcid:country/UZB,2019,13642.06055
dcs:who/AIR_7.ENVCAUSE--ENVCAUSE114,dcid:country/UZB,2019,102355.0444
dcs:who/AIR_7.ENVCAUSE--ENVCAUSE114__SEX--M,dcid:country/UZB,2019,55748.38382
dcs:who/AIR_7.ENVCAUSE--ENVCAUSE039,dcid:country/UZB,2019,70862.20512
dcs:who/AIR_7.ENVCAUSE--ENVCAUSE039__SEX--M,dcid:country/UZB,2019,40748.39674
dcs:who/AIR_7.ENVCAUSE--ENVCAUSE113,dcid:country/UZB,2019,373758.5353
dcs:who/AIR_7.ENVCAUSE--ENVCAUSE068__SEX--F,dcid:country/UZB,2019,3094.19316
dcs:who/AIR_7.ENVCAUSE--ENVCAUSE118,dcid:country/VCT,2019,40.59259
dcs:who/AIR_7.ENVCAUSE--ENVCAUSE068__SEX--F,dcid:country/VCT,2019,3.74845
dcs:who/AIR_7.SEX--M,dcid:country/VCT,2019,383.38079
dcs:who/AIR_7.ENVCAUSE--ENVCAUSE118__SEX--M,dcid:country/VCT,2019,26.38318
dcs:who/AIR_7.ENVCAUSE--ENVCAUSE113__SEX--F,dcid:country/VCT,2019,159.9618
dcs:who/AIR_7.ENVCAUSE--ENVCAUSE114__SEX--M,dcid:country/VCT,2019,98.86207
dcs:who/AIR_7.SEX--F,dcid:country/VCT,2019,291.74772
dcs:who/AIR_7.ENVCAUSE--ENVCAUSE114__SEX--F,dcid:country/VCT,2019,77.57093
dcs:who/AIR_7,dcid:country/VCT,2019,675.12851
dcs:who/AIR_7.ENVCAUSE--ENVCAUSE039__SEX--M,dcid:country/VCT,2019,50.42085
dcs:who/AIR_7.ENVCAUSE--ENVCAUSE039,dcid:country/VCT,2019,86.67797
dcs:who/AIR_7.ENVCAUSE--ENVCAUSE039__SEX--F,dcid:country/VCT,2019,36.25712
dcs:who/AIR_7.ENVCAUSE--ENVCAUSE113__SEX--M,dcid:country/VCT,2019,202.76614
dcs:who/AIR_7.ENVCAUSE--ENVCAUSE114,dcid:country/VCT,2019,176.433
dcs:who/AIR_7.ENVCAUSE--ENVCAUSE068,dcid:country/VCT,2019,8.69701
dcs:who/AIR_7.ENVCAUSE--ENVCAUSE068__SEX--M,dcid:country/VCT,2019,4.94856
dcs:who/AIR_7.ENVCAUSE--ENVCAUSE118__SEX--F,dcid:country/VCT,2019,14.20942
dcs:who/AIR_7.ENVCAUSE--ENVCAUSE113,dcid:country/VCT,2019,362.72794
dcs:who/AIR_7.ENVCAUSE--ENVCAUSE113__SEX--F,dcid:country/VEN,2019,37893.80416
dcs:who/AIR_7.SEX--F,dcid:country/VEN,2019,74600.36308
dcs:who/AIR_7.SEX--M,dcid:country/VEN,2019,106311.3843
dcs:who/AIR_7.ENVCAUSE--ENVCAUSE113,dcid:country/VEN,2019,100432.0527
dcs:who/AIR_7.ENVCAUSE--ENVCAUSE114__SEX--F,dcid:country/VEN,2019,13729.43284
dcs:who/AIR_7,dcid:country/VEN,2019,180911.7474
dcs:who/AIR_7.ENVCAUSE--ENVCAUSE113__SEX--M,dcid:country/VEN,2019,62538.24853
dcs:who/AIR_7.ENVCAUSE--ENVCAUSE068,dcid:country/VEN,2019,7186.26172
dcs:who/AIR_7.ENVCAUSE--ENVCAUSE118,dcid:country/VEN,2019,12106.20105
dcs:who/AIR_7.ENVCAUSE--ENVCAUSE114__SEX--M,dcid:country/VEN,2019,13986.91562
dcs:who/AIR_7.ENVCAUSE--ENVCAUSE118__SEX--F,dcid:country/VEN,2019,5605.08658
dcs:who/AIR_7.ENVCAUSE--ENVCAUSE068__SEX--M,dcid:country/VEN,2019,4132.1105
dcs:who/AIR_7.ENVCAUSE--ENVCAUSE039__SEX--M,dcid:country/VEN,2019,19152.99517
dcs:who/AIR_7.ENVCAUSE--ENVCAUSE068__SEX--F,dcid:country/VEN,2019,3054.15122
dcs:who/AIR_7.ENVCAUSE--ENVCAUSE039,dcid:country/VEN,2019,33470.88345
dcs:who/AIR_7.ENVCAUSE--ENVCAUSE039__SEX--F,dcid:country/VEN,2019,14317.88827
dcs:who/AIR_7.ENVCAUSE--ENVCAUSE118__SEX--M,dcid:country/VEN,2019,6501.11447
dcs:who/AIR_7.ENVCAUSE--ENVCAUSE114,dcid:country/VEN,2019,27716.34846
dcs:who/AIR_7.ENVCAUSE--ENVCAUSE039__SEX--M,dcid:country/VNM,2019,82164.26601
dcs:who/AIR_7.ENVCAUSE--ENVCAUSE114__SEX--F,dcid:country/VNM,2019,158929.8705
dcs:who/AIR_7.ENVCAUSE--ENVCAUSE068__SEX--F,dcid:country/VNM,2019,14600.56079
dcs:who/AIR_7.ENVCAUSE--ENVCAUSE113__SEX--F,dcid:country/VNM,2019,124334.6554
dcs:who/AIR_7.ENVCAUSE--ENVCAUSE113__SEX--M,dcid:country/VNM,2019,218230.4949
dcs:who/AIR_7.SEX--F,dcid:country/VNM,2019,388289.3192
dcs:who/AIR_7.SEX--M,dcid:country/VNM,2019,675225.8743
dcs:who/AIR_7.ENVCAUSE--ENVCAUSE113,dcid:country/VNM,2019,342565.1504
dcs:who/AIR_7.ENVCAUSE--ENVCAUSE039__SEX--F,dcid:country/VNM,2019,51510.54362
dcs:who/AIR_7.ENVCAUSE--ENVCAUSE118__SEX--F,dcid:country/VNM,2019,38913.68877
dcs:who/AIR_7.ENVCAUSE--ENVCAUSE114,dcid:country/VNM,2019,423956.5688
dcs:who/AIR_7.ENVCAUSE--ENVCAUSE118__SEX--M,dcid:country/VNM,2019,69007.97188
dcs:who/AIR_7,dcid:country/VNM,2019,1063515.193
dcs:who/AIR_7.ENVCAUSE--ENVCAUSE118,dcid:country/VNM,2019,107921.6606
dcs:who/AIR_7.ENVCAUSE--ENVCAUSE039,dcid:country/VNM,2019,133674.8096
dcs:who/AIR_7.ENVCAUSE--ENVCAUSE068,dcid:country/VNM,2019,55397.00403
dcs:who/AIR_7.ENVCAUSE--ENVCAUSE068__SEX--M,dcid:country/VNM,2019,40796.44323
dcs:who/AIR_7.ENVCAUSE--ENVCAUSE114__SEX--M,dcid:country/VNM,2019,265026.6983
dcs:who/AIR_7.ENVCAUSE--ENVCAUSE039,dcid:country/VUT,2019,470.27
dcs:who/AIR_7.ENVCAUSE--ENVCAUSE114__SEX--F,dcid:country/VUT,2019,231.27178
dcs:who/AIR_7.ENVCAUSE--ENVCAUSE068__SEX--M,dcid:country/VUT,2019,11.39282
dcs:who/AIR_7.ENVCAUSE--ENVCAUSE068__SEX--F,dcid:country/VUT,2019,2.82495
dcs:who/AIR_7.ENVCAUSE--ENVCAUSE113,dcid:country/VUT,2019,1622.5704
dcs:who/AIR_7.ENVCAUSE--ENVCAUSE114,dcid:country/VUT,2019,549.32501
dcs:who/AIR_7.SEX--F,dcid:country/VUT,2019,979.41899
dcs:who/AIR_7.ENVCAUSE--ENVCAUSE039__SEX--F,dcid:country/VUT,2019,203.15151
dcs:who/AIR_7,dcid:country/VUT,2019,2826.54318
dcs:who/AIR_7.ENVCAUSE--ENVCAUSE068,dcid:country/VUT,2019,14.21777
dcs:who/AIR_7.ENVCAUSE--ENVCAUSE118__SEX--F,dcid:country/VUT,2019,61.58193
dcs:who/AIR_7.ENVCAUSE--ENVCAUSE039__SEX--M,dcid:country/VUT,2019,267.11849
dcs:who/AIR_7.ENVCAUSE--ENVCAUSE118,dcid:country/VUT,2019,170.15999
dcs:who/AIR_7.ENVCAUSE--ENVCAUSE113__SEX--F,dcid:country/VUT,2019,480.58882
dcs:who/AIR_7.SEX--M,dcid:country/VUT,2019,1847.12419
dcs:who/AIR_7.ENVCAUSE--ENVCAUSE118__SEX--M,dcid:country/VUT,2019,108.57806
dcs:who/AIR_7.ENVCAUSE--ENVCAUSE113__SEX--M,dcid:country/VUT,2019,1141.98158
dcs:who/AIR_7.ENVCAUSE--ENVCAUSE114__SEX--M,dcid:country/VUT,2019,318.05324
dcs:who/AIR_7.ENVCAUSE--ENVCAUSE113__SEX--F,dcid:country/WSM,2019,283.37691
dcs:who/AIR_7.SEX--M,dcid:country/WSM,2019,679.19444
dcs:who/AIR_7.SEX--F,dcid:country/WSM,2019,505.07378
dcs:who/AIR_7.ENVCAUSE--ENVCAUSE114__SEX--F,dcid:country/WSM,2019,118.14239
dcs:who/AIR_7.ENVCAUSE--ENVCAUSE039__SEX--F,dcid:country/WSM,2019,62.99443
dcs:who/AIR_7.ENVCAUSE--ENVCAUSE068__SEX--F,dcid:country/WSM,2019,4.55373
dcs:who/AIR_7.ENVCAUSE--ENVCAUSE113__SEX--M,dcid:country/WSM,2019,442.52377
dcs:who/AIR_7.ENVCAUSE--ENVCAUSE068__SEX--M,dcid:country/WSM,2019,12.1738
dcs:who/AIR_7.ENVCAUSE--ENVCAUSE039__SEX--M,dcid:country/WSM,2019,65.08366
dcs:who/AIR_7.ENVCAUSE--ENVCAUSE118__SEX--F,dcid:country/WSM,2019,36.00633
dcs:who/AIR_7.ENVCAUSE--ENVCAUSE114__SEX--M,dcid:country/WSM,2019,121.81965
dcs:who/AIR_7.ENVCAUSE--ENVCAUSE118__SEX--M,dcid:country/WSM,2019,37.59356
dcs:who/AIR_7.ENVCAUSE--ENVCAUSE113,dcid:country/WSM,2019,725.90068
dcs:who/AIR_7,dcid:country/WSM,2019,1184.26822
dcs:who/AIR_7.ENVCAUSE--ENVCAUSE114,dcid:country/WSM,2019,239.96204
dcs:who/AIR_7.ENVCAUSE--ENVCAUSE039,dcid:country/WSM,2019,128.07809
dcs:who/AIR_7.ENVCAUSE--ENVCAUSE068,dcid:country/WSM,2019,16.72753
dcs:who/AIR_7.ENVCAUSE--ENVCAUSE118,dcid:country/WSM,2019,73.59989
dcs:who/AIR_7.SEX--F,dcid:country/YEM,2019,214439.5328
dcs:who/AIR_7.ENVCAUSE--ENVCAUSE113,dcid:country/YEM,2019,196120.6058
dcs:who/AIR_7.ENVCAUSE--ENVCAUSE068__SEX--F,dcid:country/YEM,2019,1235.56281
dcs:who/AIR_7.ENVCAUSE--ENVCAUSE039,dcid:country/YEM,2019,198531.4423
dcs:who/AIR_7.ENVCAUSE--ENVCAUSE113__SEX--F,dcid:country/YEM,2019,81520.29945
dcs:who/AIR_7.ENVCAUSE--ENVCAUSE039__SEX--F,dcid:country/YEM,2019,88448.3078
dcs:who/AIR_7.ENVCAUSE--ENVCAUSE118__SEX--F,dcid:country/YEM,2019,8917.1777
dcs:who/AIR_7.ENVCAUSE--ENVCAUSE118,dcid:country/YEM,2019,20077.01361
dcs:who/AIR_7.ENVCAUSE--ENVCAUSE039__SEX--M,dcid:country/YEM,2019,110083.1345
dcs:who/AIR_7.ENVCAUSE--ENVCAUSE114__SEX--M,dcid:country/YEM,2019,28363.27475
dcs:who/AIR_7,dcid:country/YEM,2019,479935.1888
dcs:who/AIR_7.ENVCAUSE--ENVCAUSE114,dcid:country/YEM,2019,62681.45977
dcs:who/AIR_7.ENVCAUSE--ENVCAUSE114__SEX--F,dcid:country/YEM,2019,34318.18502
dcs:who/AIR_7.ENVCAUSE--ENVCAUSE068__SEX--M,dcid:country/YEM,2019,1289.10454
dcs:who/AIR_7.ENVCAUSE--ENVCAUSE118__SEX--M,dcid:country/YEM,2019,11159.83592
dcs:who/AIR_7.ENVCAUSE--ENVCAUSE113__SEX--M,dcid:country/YEM,2019,114600.3063
dcs:who/AIR_7.ENVCAUSE--ENVCAUSE068,dcid:country/YEM,2019,2524.66735
dcs:who/AIR_7.SEX--M,dcid:country/YEM,2019,265495.656
dcs:who/AIR_7.ENVCAUSE--ENVCAUSE039__SEX--F,dcid:country/ZAF,2019,140059.2749
dcs:who/AIR_7.ENVCAUSE--ENVCAUSE068,dcid:country/ZAF,2019,18526.35516
dcs:who/AIR_7.ENVCAUSE--ENVCAUSE113__SEX--F,dcid:country/ZAF,2019,68812.19083
dcs:who/AIR_7.ENVCAUSE--ENVCAUSE118__SEX--M,dcid:country/ZAF,2019,30011.3365
dcs:who/AIR_7.SEX--F,dcid:country/ZAF,2019,291093.8498
dcs:who/AIR_7.ENVCAUSE--ENVCAUSE113__SEX--M,dcid:country/ZAF,2019,110174.381
dcs:who/AIR_7.ENVCAUSE--ENVCAUSE114__SEX--F,dcid:country/ZAF,2019,54378.95503
dcs:who/AIR_7.ENVCAUSE--ENVCAUSE118__SEX--F,dcid:country/ZAF,2019,22548.93437
dcs:who/AIR_7.ENVCAUSE--ENVCAUSE039,dcid:country/ZAF,2019,316582.3492
dcs:who/AIR_7.ENVCAUSE--ENVCAUSE113,dcid:country/ZAF,2019,178986.5718
dcs:who/AIR_7.ENVCAUSE--ENVCAUSE039__SEX--M,dcid:country/ZAF,2019,176523.0743
dcs:who/AIR_7.ENVCAUSE--ENVCAUSE068__SEX--M,dcid:country/ZAF,2019,13231.86055
dcs:who/AIR_7.ENVCAUSE--ENVCAUSE114,dcid:country/ZAF,2019,105851.3227
dcs:who/AIR_7.ENVCAUSE--ENVCAUSE114__SEX--M,dcid:country/ZAF,2019,51472.36762
dcs:who/AIR_7.SEX--M,dcid:country/ZAF,2019,381413.0199
dcs:who/AIR_7.ENVCAUSE--ENVCAUSE068__SEX--F,dcid:country/ZAF,2019,5294.49462
dcs:who/AIR_7,dcid:country/ZAF,2019,672506.8697
dcs:who/AIR_7.ENVCAUSE--ENVCAUSE118,dcid:country/ZAF,2019,52560.27087
dcs:who/AIR_7.SEX--F,dcid:country/ZMB,2019,54667.73028
dcs:who/AIR_7.ENVCAUSE--ENVCAUSE118__SEX--M,dcid:country/ZMB,2019,3012.87084
dcs:who/AIR_7.ENVCAUSE--ENVCAUSE039,dcid:country/ZMB,2019,79056.51299
dcs:who/AIR_7.ENVCAUSE--ENVCAUSE114__SEX--M,dcid:country/ZMB,2019,13923.45527
dcs:who/AIR_7.ENVCAUSE--ENVCAUSE118__SEX--F,dcid:country/ZMB,2019,2130.47485
dcs:who/AIR_7,dcid:country/ZMB,2019,132148.8153
dcs:who/AIR_7.ENVCAUSE--ENVCAUSE039__SEX--F,dcid:country/ZMB,2019,33688.27821
dcs:who/AIR_7.ENVCAUSE--ENVCAUSE068__SEX--M,dcid:country/ZMB,2019,222.26132
dcs:who/AIR_7.ENVCAUSE--ENVCAUSE039__SEX--M,dcid:country/ZMB,2019,45368.23478
dcs:who/AIR_7.SEX--M,dcid:country/ZMB,2019,77481.085
dcs:who/AIR_7.ENVCAUSE--ENVCAUSE114__SEX--F,dcid:country/ZMB,2019,10388.7981
dcs:who/AIR_7.ENVCAUSE--ENVCAUSE068,dcid:country/ZMB,2019,437.56495
dcs:who/AIR_7.ENVCAUSE--ENVCAUSE068__SEX--F,dcid:country/ZMB,2019,215.30363
dcs:who/AIR_7.ENVCAUSE--ENVCAUSE113__SEX--F,dcid:country/ZMB,2019,8244.8755
dcs:who/AIR_7.ENVCAUSE--ENVCAUSE113__SEX--M,dcid:country/ZMB,2019,14954.26279
dcs:who/AIR_7.ENVCAUSE--ENVCAUSE114,dcid:country/ZMB,2019,24312.25337
dcs:who/AIR_7.ENVCAUSE--ENVCAUSE118,dcid:country/ZMB,2019,5143.34569
dcs:who/AIR_7.ENVCAUSE--ENVCAUSE113,dcid:country/ZMB,2019,23199.13828
dcs:who/AIR_7.ENVCAUSE--ENVCAUSE068,dcid:country/ZWE,2019,459.14551
dcs:who/AIR_7.ENVCAUSE--ENVCAUSE118__SEX--F,dcid:country/ZWE,2019,1911.48031
dcs:who/AIR_7.ENVCAUSE--ENVCAUSE039__SEX--F,dcid:country/ZWE,2019,23211.55044
dcs:who/AIR_7.ENVCAUSE--ENVCAUSE039__SEX--M,dcid:country/ZWE,2019,32730.52599
dcs:who/AIR_7.ENVCAUSE--ENVCAUSE114__SEX--M,dcid:country/ZWE,2019,5419.58813
dcs:who/AIR_7.ENVCAUSE--ENVCAUSE068__SEX--M,dcid:country/ZWE,2019,230.76134
dcs:who/AIR_7.ENVCAUSE--ENVCAUSE068__SEX--F,dcid:country/ZWE,2019,228.38417
dcs:who/AIR_7.ENVCAUSE--ENVCAUSE113__SEX--M,dcid:country/ZWE,2019,16627.60072
dcs:who/AIR_7.ENVCAUSE--ENVCAUSE039,dcid:country/ZWE,2019,55942.07643
dcs:who/AIR_7.ENVCAUSE--ENVCAUSE118__SEX--M,dcid:country/ZWE,2019,2069.60075
dcs:who/AIR_7.ENVCAUSE--ENVCAUSE113,dcid:country/ZWE,2019,35005.20311
dcs:who/AIR_7.SEX--M,dcid:country/ZWE,2019,57078.07693
dcs:who/AIR_7.ENVCAUSE--ENVCAUSE114__SEX--F,dcid:country/ZWE,2019,7104.3685
dcs:who/AIR_7.ENVCAUSE--ENVCAUSE113__SEX--F,dcid:country/ZWE,2019,18377.60239
dcs:who/AIR_7.SEX--F,dcid:country/ZWE,2019,50833.38581
dcs:who/AIR_7.ENVCAUSE--ENVCAUSE114,dcid:country/ZWE,2019,12523.95664
dcs:who/AIR_7,dcid:country/ZWE,2019,107911.4627
dcs:who/AIR_7.ENVCAUSE--ENVCAUSE118,dcid:country/ZWE,2019,3981.08107
dcs:who/AIR_7.AGE--Y70T74__ENVCAUSE--ENVCAUSE068__SEX--M,dcid:europe,2019,58971.3509
dcs:who/AIR_7.AGE--Y40T44__ENVCAUSE--ENVCAUSE118__SEX--M,dcid:europe,2019,7084.56845
dcs:who/AIR_7.AGE--Y15T19__ENVCAUSE--ENVCAUSE039__SEX--M,dcid:europe,2019,4847.33783
dcs:who/AIR_7.AGE--Y60T64__ENVCAUSE--ENVCAUSE039__SEX--M,dcid:europe,2019,32114.7634
dcs:who/AIR_7.AGE--Y70T74__ENVCAUSE--ENVCAUSE118__SEX--M,dcid:europe,2019,65659.32707
dcs:who/AIR_7.AGE--Y0T4__ENVCAUSE--ENVCAUSE039__SEX--M,dcid:europe,2019,82803.9899
dcs:who/AIR_7.ENVCAUSE--ENVCAUSE068__SEX--M,dcid:europe,2019,422872.448
dcs:who/AIR_7.AGE--Y50T54__ENVCAUSE--ENVCAUSE039__SEX--M,dcid:europe,2019,23602.84971
dcs:who/AIR_7.AGE--Y75T79__ENVCAUSE--ENVCAUSE068__SEX--M,dcid:europe,2019,35083.9227
dcs:who/AIR_7.AGE--Y65T69__ENVCAUSE--ENVCAUSE039__SEX--M,dcid:europe,2019,30539.11769
dcs:who/AIR_7.AGE--Y45T49__ENVCAUSE--ENVCAUSE068__SEX--M,dcid:europe,2019,19215.66875
dcs:who/AIR_7.AGE--Y35T39__ENVCAUSE--ENVCAUSE068__SEX--M,dcid:europe,2019,2814.9224
dcs:who/AIR_7.AGE--Y5T9__ENVCAUSE--ENVCAUSE039__SEX--M,dcid:europe,2019,7635.69513
dcs:who/AIR_7.AGE--Y50T54__ENVCAUSE--ENVCAUSE068__SEX--M,dcid:europe,2019,37982.89147
dcs:who/AIR_7.AGE--Y75T79__ENVCAUSE--ENVCAUSE039__SEX--M,dcid:europe,2019,27048.85295
dcs:who/AIR_7.AGE--Y55T59__ENVCAUSE--ENVCAUSE039__SEX--M,dcid:europe,2019,29673.73952
dcs:who/AIR_7.AGE--Y_GE80__ENVCAUSE--ENVCAUSE039__SEX--M,dcid:europe,2019,73434.55479
dcs:who/AIR_7.AGE--Y25T29__ENVCAUSE--ENVCAUSE039__SEX--M,dcid:europe,2019,6764.903
dcs:who/AIR_7.AGE--Y40T44__ENVCAUSE--ENVCAUSE039__SEX--M,dcid:europe,2019,21652.72032
dcs:who/AIR_7.AGE--Y_GE80__ENVCAUSE--ENVCAUSE118__SEX--M,dcid:europe,2019,105683.1014
dcs:who/AIR_7.ENVCAUSE--ENVCAUSE118__SEX--M,dcid:europe,2019,430492.3722
dcs:who/AIR_7.AGE--Y55T59__ENVCAUSE--ENVCAUSE118__SEX--M,dcid:europe,2019,34237.79892
dcs:who/AIR_7.AGE--Y60T64__ENVCAUSE--ENVCAUSE118__SEX--M,dcid:europe,2019,51335.00937
dcs:who/AIR_7.AGE--Y20T24__ENVCAUSE--ENVCAUSE039__SEX--M,dcid:europe,2019,5007.4426
dcs:who/AIR_7.AGE--Y_GE80__ENVCAUSE--ENVCAUSE068__SEX--M,dcid:europe,2019,31022.04128
dcs:who/AIR_7.AGE--Y30T34__ENVCAUSE--ENVCAUSE039__SEX--M,dcid:europe,2019,12095.77624
dcs:who/AIR_7.AGE--Y10T14__ENVCAUSE--ENVCAUSE039__SEX--M,dcid:europe,2019,5629.95906
dcs:who/AIR_7.ENVCAUSE--ENVCAUSE039__SEX--M,dcid:europe,2019,431307.9984
dcs:who/AIR_7.AGE--Y70T74__ENVCAUSE--ENVCAUSE039__SEX--M,dcid:europe,2019,27767.54286
dcs:who/AIR_7.AGE--Y55T59__ENVCAUSE--ENVCAUSE068__SEX--M,dcid:europe,2019,65896.37485
dcs:who/AIR_7.AGE--Y25T29__ENVCAUSE--ENVCAUSE068__SEX--M,dcid:europe,2019,613.20638
dcs:who/AIR_7.AGE--Y75T79__ENVCAUSE--ENVCAUSE118__SEX--M,dcid:europe,2019,60088.40675
dcs:who/AIR_7.AGE--Y65T69__ENVCAUSE--ENVCAUSE068__SEX--M,dcid:europe,2019,79752.02081
dcs:who/AIR_7.AGE--Y45T49__ENVCAUSE--ENVCAUSE118__SEX--M,dcid:europe,2019,12049.13367
dcs:who/AIR_7.AGE--Y65T69__ENVCAUSE--ENVCAUSE118__SEX--M,dcid:europe,2019,63437.40078
dcs:who/AIR_7.AGE--Y35T39__ENVCAUSE--ENVCAUSE039__SEX--M,dcid:europe,2019,17838.57526
dcs:who/AIR_7.AGE--Y50T54__ENVCAUSE--ENVCAUSE118__SEX--M,dcid:europe,2019,20876.40826
dcs:who/AIR_7.AGE--Y60T64__ENVCAUSE--ENVCAUSE068__SEX--M,dcid:europe,2019,83503.14707
dcs:who/AIR_7.AGE--Y45T49__ENVCAUSE--ENVCAUSE039__SEX--M,dcid:europe,2019,22850.17809
dcs:who/AIR_7.AGE--Y40T44__ENVCAUSE--ENVCAUSE068__SEX--M,dcid:europe,2019,6758.91372
dcs:who/AIR_7.AGE--Y30T34__ENVCAUSE--ENVCAUSE068__SEX--M,dcid:europe,2019,1257.9877
dcs:who/AIR_7.ENVCAUSE--ENVCAUSE068__SEX--F,dcid:europe,2019,150425.3789
dcs:who/AIR_7.AGE--Y35T39__ENVCAUSE--ENVCAUSE118__SEX--M,dcid:europe,2019,4561.91186
dcs:who/AIR_7.ENVCAUSE--ENVCAUSE113__SEX--M,dcid:europe,2019,3594156.561
dcs:who/AIR_7.AGE--Y_GE80__ENVCAUSE--ENVCAUSE114__SEX--M,dcid:europe,2019,174594.0387
dcs:who/AIR_7.AGE--Y65T69__ENVCAUSE--ENVCAUSE114__SEX--M,dcid:europe,2019,133101.7827
dcs:who/AIR_7.AGE--Y75T79__ENVCAUSE--ENVCAUSE113__SEX--M,dcid:europe,2019,372857.5366
dcs:who/AIR_7.AGE--Y35T39__ENVCAUSE--ENVCAUSE113__SEX--M,dcid:europe,2019,61703.12435
dcs:who/AIR_7.AGE--Y30T34__ENVCAUSE--ENVCAUSE113__SEX--M,dcid:europe,2019,30909.12671
dcs:who/AIR_7.AGE--Y60T64__ENVCAUSE--ENVCAUSE113__SEX--M,dcid:europe,2019,516418.8085
dcs:who/AIR_7.AGE--Y75T79__ENVCAUSE--ENVCAUSE114__SEX--M,dcid:europe,2019,102400.0723
dcs:who/AIR_7.AGE--Y30T34__ENVCAUSE--ENVCAUSE114__SEX--M,dcid:europe,2019,9274.29488
dcs:who/AIR_7.AGE--Y25T29__ENVCAUSE--ENVCAUSE118__SEX--M,dcid:europe,2019,2196.22633
dcs:who/AIR_7.AGE--Y55T59__ENVCAUSE--ENVCAUSE113__SEX--M,dcid:europe,2019,406822.5063
dcs:who/AIR_7.AGE--Y30T34__ENVCAUSE--ENVCAUSE118__SEX--M,dcid:europe,2019,3283.07926
dcs:who/AIR_7.AGE--Y70T74__ENVCAUSE--ENVCAUSE114__SEX--M,dcid:europe,2019,112853.009
dcs:who/AIR_7.AGE--Y_GE80__ENVCAUSE--ENVCAUSE068__SEX--F,dcid:europe,2019,15039.77013
dcs:who/AIR_7.SEX--M,dcid:europe,2019,5764093.041
dcs:who/AIR_7.AGE--Y75T79__ENVCAUSE--ENVCAUSE068__SEX--F,dcid:europe,2019,13562.0387
dcs:who/AIR_7.AGE--Y25T29__ENVCAUSE--ENVCAUSE113__SEX--M,dcid:europe,2019,12160.7384
dcs:who/AIR_7.AGE--Y25T29__ENVCAUSE--ENVCAUSE114__SEX--M,dcid:europe,2019,4773.33994
dcs:who/AIR_7.AGE--Y50T54__ENVCAUSE--ENVCAUSE113__SEX--M,dcid:europe,2019,267195.9191
dcs:who/AIR_7.AGE--Y50T54__ENVCAUSE--ENVCAUSE114__SEX--M,dcid:europe,2019,57440.96823
dcs:who/AIR_7.AGE--Y40T44__ENVCAUSE--ENVCAUSE113__SEX--M,dcid:europe,2019,112918.5933
dcs:who/AIR_7.AGE--Y40T44__ENVCAUSE--ENVCAUSE114__SEX--M,dcid:europe,2019,27191.40739
dcs:who/AIR_7.AGE--Y55T59__ENVCAUSE--ENVCAUSE114__SEX--M,dcid:europe,2019,89603.75593
dcs:who/AIR_7.AGE--Y35T39__ENVCAUSE--ENVCAUSE114__SEX--M,dcid:europe,2019,16458.37131
dcs:who/AIR_7.AGE--Y65T69__ENVCAUSE--ENVCAUSE113__SEX--M,dcid:europe,2019,538587.0693
dcs:who/AIR_7.AGE--Y60T64__ENVCAUSE--ENVCAUSE114__SEX--M,dcid:europe,2019,117771.8598
dcs:who/AIR_7.ENVCAUSE--ENVCAUSE114__SEX--M,dcid:europe,2019,885263.6622
dcs:who/AIR_7.AGE--Y_GE80__ENVCAUSE--ENVCAUSE113__SEX--M,dcid:europe,2019,667945.2014
dcs:who/AIR_7.AGE--Y70T74__ENVCAUSE--ENVCAUSE113__SEX--M,dcid:europe,2019,427951.3587
dcs:who/AIR_7.AGE--Y45T49__ENVCAUSE--ENVCAUSE114__SEX--M,dcid:europe,2019,39800.76207
dcs:who/AIR_7.AGE--Y45T49__ENVCAUSE--ENVCAUSE113__SEX--M,dcid:europe,2019,178686.5779
dcs:who/AIR_7.AGE--Y55T59__ENVCAUSE--ENVCAUSE068__SEX--F,dcid:europe,2019,21092.71698
dcs:who/AIR_7.AGE--Y40T44__ENVCAUSE--ENVCAUSE118__SEX--F,dcid:europe,2019,5102.61556
dcs:who/AIR_7.AGE--Y_GE80__ENVCAUSE--ENVCAUSE118__SEX--F,dcid:europe,2019,108525.5329
dcs:who/AIR_7.AGE--Y45T49__ENVCAUSE--ENVCAUSE039__SEX--F,dcid:europe,2019,7404.93956
dcs:who/AIR_7.AGE--Y_GE80__ENVCAUSE--ENVCAUSE114__SEX--F,dcid:europe,2019,367755.3792
dcs:who/AIR_7.AGE--Y60T64__ENVCAUSE--ENVCAUSE118__SEX--F,dcid:europe,2019,29472.66594
dcs:who/AIR_7.AGE--Y30T34__ENVCAUSE--ENVCAUSE068__SEX--F,dcid:europe,2019,821.70862
dcs:who/AIR_7.AGE--Y70T74__ENVCAUSE--ENVCAUSE039__SEX--F,dcid:europe,2019,17233.8575
dcs:who/AIR_7.AGE--Y35T39__ENVCAUSE--ENVCAUSE118__SEX--F,dcid:europe,2019,3905.88864
dcs:who/AIR_7.AGE--Y40T44__ENVCAUSE--ENVCAUSE068__SEX--F,dcid:europe,2019,3415.7704
dcs:who/AIR_7.AGE--Y50T54__ENVCAUSE--ENVCAUSE039__SEX--F,dcid:europe,2019,8029.60051
dcs:who/AIR_7.AGE--Y35T39__ENVCAUSE--ENVCAUSE039__SEX--F,dcid:europe,2019,6869.36108
dcs:who/AIR_7.AGE--Y60T64__ENVCAUSE--ENVCAUSE068__SEX--F,dcid:europe,2019,26493.84939
dcs:who/AIR_7.AGE--Y70T74__ENVCAUSE--ENVCAUSE068__SEX--F,dcid:europe,2019,21672.88879
dcs:who/AIR_7.AGE--Y_GE80__ENVCAUSE--ENVCAUSE039__SEX--F,dcid:europe,2019,94292.60118
dcs:who/AIR_7.AGE--Y5T9__ENVCAUSE--ENVCAUSE039__SEX--F,dcid:europe,2019,7229.17259
dcs:who/AIR_7.AGE--Y65T69__ENVCAUSE--ENVCAUSE118__SEX--F,dcid:europe,2019,36525.91207
dcs:who/AIR_7.AGE--Y50T54__ENVCAUSE--ENVCAUSE114__SEX--F,dcid:europe,2019,36155.62232
dcs:who/AIR_7.AGE--Y75T79__ENVCAUSE--ENVCAUSE114__SEX--F,dcid:europe,2019,137198.97
dcs:who/AIR_7.AGE--Y0T4__ENVCAUSE--ENVCAUSE039__SEX--F,dcid:europe,2019,59814.70207
dcs:who/AIR_7.ENVCAUSE--ENVCAUSE118__SEX--F,dcid:europe,2019,312404.5281
dcs:who/AIR_7.AGE--Y60T64__ENVCAUSE--ENVCAUSE039__SEX--F,dcid:europe,2019,13124.25747
dcs:who/AIR_7.AGE--Y20T24__ENVCAUSE--ENVCAUSE039__SEX--F,dcid:europe,2019,3841.76068
dcs:who/AIR_7.AGE--Y10T14__ENVCAUSE--ENVCAUSE039__SEX--F,dcid:europe,2019,4948.16011
dcs:who/AIR_7.AGE--Y45T49__ENVCAUSE--ENVCAUSE118__SEX--F,dcid:europe,2019,7971.35319
dcs:who/AIR_7.AGE--Y75T79__ENVCAUSE--ENVCAUSE118__SEX--F,dcid:europe,2019,41542.34491
dcs:who/AIR_7.AGE--Y25T29__ENVCAUSE--ENVCAUSE039__SEX--F,dcid:europe,2019,4427.95793
dcs:who/AIR_7.AGE--Y30T34__ENVCAUSE--ENVCAUSE118__SEX--F,dcid:europe,2019,3183.20718
dcs:who/AIR_7.AGE--Y50T54__ENVCAUSE--ENVCAUSE068__SEX--F,dcid:europe,2019,12765.90271
dcs:who/AIR_7.AGE--Y55T59__ENVCAUSE--ENVCAUSE114__SEX--F,dcid:europe,2019,56999.45142
dcs:who/AIR_7.AGE--Y50T54__ENVCAUSE--ENVCAUSE118__SEX--F,dcid:europe,2019,13028.11352
dcs:who/AIR_7.AGE--Y60T64__ENVCAUSE--ENVCAUSE114__SEX--F,dcid:europe,2019,78392.66338
dcs:who/AIR_7.AGE--Y75T79__ENVCAUSE--ENVCAUSE039__SEX--F,dcid:europe,2019,21164.3088
dcs:who/AIR_7.AGE--Y70T74__ENVCAUSE--ENVCAUSE118__SEX--F,dcid:europe,2019,40402.25653
dcs:who/AIR_7.AGE--Y35T39__ENVCAUSE--ENVCAUSE068__SEX--F,dcid:europe,2019,1611.9612
dcs:who/AIR_7.AGE--Y15T19__ENVCAUSE--ENVCAUSE039__SEX--F,dcid:europe,2019,3700.73871
dcs:who/AIR_7.AGE--Y45T49__ENVCAUSE--ENVCAUSE068__SEX--F,dcid:europe,2019,7130.8292
dcs:who/AIR_7.AGE--Y65T69__ENVCAUSE--ENVCAUSE068__SEX--F,dcid:europe,2019,26377.87488
dcs:who/AIR_7.AGE--Y65T69__ENVCAUSE--ENVCAUSE114__SEX--F,dcid:europe,2019,106843.2526
dcs:who/AIR_7.AGE--Y30T34__ENVCAUSE--ENVCAUSE039__SEX--F,dcid:europe,2019,5605.32753
dcs:who/AIR_7.ENVCAUSE--ENVCAUSE114__SEX--F,dcid:europe,2019,960122.1062
dcs:who/AIR_7.AGE--Y65T69__ENVCAUSE--ENVCAUSE039__SEX--F,dcid:europe,2019,15648.11613
dcs:who/AIR_7.AGE--Y55T59__ENVCAUSE--ENVCAUSE118__SEX--F,dcid:europe,2019,20478.14484
dcs:who/AIR_7.AGE--Y55T59__ENVCAUSE--ENVCAUSE039__SEX--F,dcid:europe,2019,10565.5634
dcs:who/AIR_7.ENVCAUSE--ENVCAUSE039__SEX--F,dcid:europe,2019,291377.3862
dcs:who/AIR_7.AGE--Y40T44__ENVCAUSE--ENVCAUSE039__SEX--F,dcid:europe,2019,7476.96098
dcs:who/AIR_7.AGE--Y25T29__ENVCAUSE--ENVCAUSE068__SEX--F,dcid:europe,2019,440.06786
dcs:who/AIR_7.AGE--Y25T29__ENVCAUSE--ENVCAUSE118__SEX--F,dcid:europe,2019,2266.49281
dcs:who/AIR_7.AGE--Y70T74__ENVCAUSE--ENVCAUSE114__SEX--F,dcid:europe,2019,111294.6793
dcs:who/AIR_7.AGE--Y5T9__ENVCAUSE--ENVCAUSE039,dcid:europe,2019,14864.86771
dcs:who/AIR_7.AGE--Y_GE80__ENVCAUSE--ENVCAUSE068,dcid:europe,2019,46061.81141
dcs:who/AIR_7.SEX--F,dcid:europe,2019,4351577.337
dcs:who/AIR_7.ENVCAUSE--ENVCAUSE039,dcid:europe,2019,722685.3846
dcs:who/AIR_7.AGE--Y35T39__ENVCAUSE--ENVCAUSE068,dcid:europe,2019,4426.8836
dcs:who/AIR_7.AGE--Y25T29__ENVCAUSE--ENVCAUSE039,dcid:europe,2019,11192.86093
dcs:who/AIR_7.AGE--Y30T34__ENVCAUSE--ENVCAUSE068,dcid:europe,2019,2079.69633
dcs:who/AIR_7.AGE--Y55T59__ENVCAUSE--ENVCAUSE039,dcid:europe,2019,40239.30292
dcs:who/AIR_7.AGE--Y30T34__ENVCAUSE--ENVCAUSE113__SEX--F,dcid:europe,2019,8463.16574
dcs:who/AIR_7.AGE--Y75T79__ENVCAUSE--ENVCAUSE113__SEX--F,dcid:europe,2019,386288.9823
dcs:who/AIR_7.AGE--Y65T69__ENVCAUSE--ENVCAUSE068,dcid:europe,2019,106129.8957
dcs:who/AIR_7.AGE--Y_GE80__ENVCAUSE--ENVCAUSE039,dcid:europe,2019,167727.156
dcs:who/AIR_7.AGE--Y55T59__ENVCAUSE--ENVCAUSE068,dcid:europe,2019,86989.09183
dcs:who/AIR_7.AGE--Y35T39__ENVCAUSE--ENVCAUSE113__SEX--F,dcid:europe,2019,15155.36331
dcs:who/AIR_7.AGE--Y30T34__ENVCAUSE--ENVCAUSE114__SEX--F,dcid:europe,2019,7360.22478
dcs:who/AIR_7.AGE--Y70T74__ENVCAUSE--ENVCAUSE039,dcid:europe,2019,45001.40036
dcs:who/AIR_7.ENVCAUSE--ENVCAUSE113__SEX--F,dcid:europe,2019,2637247.938
dcs:who/AIR_7.AGE--Y60T64__ENVCAUSE--ENVCAUSE113__SEX--F,dcid:europe,2019,201711.0999
dcs:who/AIR_7.AGE--Y45T49__ENVCAUSE--ENVCAUSE114__SEX--F,dcid:europe,2019,25267.46027
dcs:who/AIR_7.AGE--Y30T34__ENVCAUSE--ENVCAUSE039,dcid:europe,2019,17701.10377
dcs:who/AIR_7.ENVCAUSE--ENVCAUSE068,dcid:europe,2019,573297.8269
dcs:who/AIR_7.AGE--Y75T79__ENVCAUSE--ENVCAUSE039,dcid:europe,2019,48213.16175
dcs:who/AIR_7.AGE--Y45T49__ENVCAUSE--ENVCAUSE068,dcid:europe,2019,26346.49795
dcs:who/AIR_7.AGE--Y40T44__ENVCAUSE--ENVCAUSE113__SEX--F,dcid:europe,2019,26343.75215
dcs:who/AIR_7.AGE--Y40T44__ENVCAUSE--ENVCAUSE114__SEX--F,dcid:europe,2019,17232.89385
dcs:who/AIR_7.AGE--Y45T49__ENVCAUSE--ENVCAUSE113__SEX--F,dcid:europe,2019,43890.35536
dcs:who/AIR_7.AGE--Y20T24__ENVCAUSE--ENVCAUSE039,dcid:europe,2019,8849.20328
dcs:who/AIR_7.AGE--Y10T14__ENVCAUSE--ENVCAUSE039,dcid:europe,2019,10578.11916
dcs:who/AIR_7.AGE--Y40T44__ENVCAUSE--ENVCAUSE068,dcid:europe,2019,10174.68413
dcs:who/AIR_7.AGE--Y75T79__ENVCAUSE--ENVCAUSE068,dcid:europe,2019,48645.96141
dcs:who/AIR_7.AGE--Y70T74__ENVCAUSE--ENVCAUSE113__SEX--F,dcid:europe,2019,302816.4242
dcs:who/AIR_7.AGE--Y25T29__ENVCAUSE--ENVCAUSE068,dcid:europe,2019,1053.27423
dcs:who/AIR_7.AGE--Y_GE80__ENVCAUSE--ENVCAUSE113__SEX--F,dcid:europe,2019,1160353.99
dcs:who/AIR_7.AGE--Y45T49__ENVCAUSE--ENVCAUSE039,dcid:europe,2019,30255.11765
dcs:who/AIR_7.AGE--Y40T44__ENVCAUSE--ENVCAUSE039,dcid:europe,2019,29129.6813
dcs:who/AIR_7.AGE--Y65T69__ENVCAUSE--ENVCAUSE039,dcid:europe,2019,46187.23382
dcs:who/AIR_7.AGE--Y65T69__ENVCAUSE--ENVCAUSE113__SEX--F,dcid:europe,2019,290610.3313
dcs:who/AIR_7.AGE--Y15T19__ENVCAUSE--ENVCAUSE039,dcid:europe,2019,8548.07654
dcs:who/AIR_7.AGE--Y25T29__ENVCAUSE--ENVCAUSE114__SEX--F,dcid:europe,2019,4308.16319
dcs:who/AIR_7.AGE--Y50T54__ENVCAUSE--ENVCAUSE068,dcid:europe,2019,50748.79417
dcs:who/AIR_7.AGE--Y50T54__ENVCAUSE--ENVCAUSE039,dcid:europe,2019,31632.45022
dcs:who/AIR_7.AGE--Y60T64__ENVCAUSE--ENVCAUSE068,dcid:europe,2019,109996.9965
dcs:who/AIR_7.AGE--Y50T54__ENVCAUSE--ENVCAUSE113__SEX--F,dcid:europe,2019,69164.19595
dcs:who/AIR_7.AGE--Y70T74__ENVCAUSE--ENVCAUSE068,dcid:europe,2019,80644.23969
dcs:who/AIR_7.AGE--Y25T29__ENVCAUSE--ENVCAUSE113__SEX--F,dcid:europe,2019,4237.28636
dcs:who/AIR_7.AGE--Y35T39__ENVCAUSE--ENVCAUSE114__SEX--F,dcid:europe,2019,11313.34594
dcs:who/AIR_7.AGE--Y35T39__ENVCAUSE--ENVCAUSE039,dcid:europe,2019,24707.93634
dcs:who/AIR_7.AGE--Y60T64__ENVCAUSE--ENVCAUSE039,dcid:europe,2019,45239.02087
dcs:who/AIR_7.AGE--Y55T59__ENVCAUSE--ENVCAUSE113__SEX--F,dcid:europe,2019,128212.9913
dcs:who/AIR_7.AGE--Y70T74__ENVCAUSE--ENVCAUSE114,dcid:europe,2019,224147.6882
dcs:who/AIR_7.AGE--Y35T39__ENVCAUSE--ENVCAUSE113,dcid:europe,2019,76858.48766
dcs:who/AIR_7.AGE--Y55T59__ENVCAUSE--ENVCAUSE114,dcid:europe,2019,146603.2074
dcs:who/AIR_7.AGE--Y40T44__ENVCAUSE--ENVCAUSE114,dcid:europe,2019,44424.30124
dcs:who/AIR_7.AGE--Y75T79__ENVCAUSE--ENVCAUSE118,dcid:europe,2019,101630.7517
dcs:who/AIR_7.AGE--Y30T34__ENVCAUSE--ENVCAUSE118,dcid:europe,2019,6466.28644
dcs:who/AIR_7.AGE--Y45T49__ENVCAUSE--ENVCAUSE113,dcid:europe,2019,222576.9333
dcs:who/AIR_7.AGE--Y_GE80__ENVCAUSE--ENVCAUSE113,dcid:europe,2019,1828299.192
dcs:who/AIR_7.AGE--Y35T39__ENVCAUSE--ENVCAUSE114,dcid:europe,2019,27771.71725
dcs:who/AIR_7.AGE--Y25T29__ENVCAUSE--ENVCAUSE114,dcid:europe,2019,9081.50313
dcs:who/AIR_7.ENVCAUSE--ENVCAUSE113,dcid:europe,2019,6231404.499
dcs:who/AIR_7.AGE--Y60T64__ENVCAUSE--ENVCAUSE118,dcid:europe,2019,80807.67532
dcs:who/AIR_7.AGE--Y65T69__ENVCAUSE--ENVCAUSE113,dcid:europe,2019,829197.4006
dcs:who/AIR_7.AGE--Y55T59__ENVCAUSE--ENVCAUSE113,dcid:europe,2019,535035.4977
dcs:who/AIR_7.AGE--Y60T64__ENVCAUSE--ENVCAUSE114,dcid:europe,2019,196164.5232
dcs:who/AIR_7.AGE--Y25T29__ENVCAUSE--ENVCAUSE118,dcid:europe,2019,4462.71914
dcs:who/AIR_7.AGE--Y_GE80__ENVCAUSE--ENVCAUSE118,dcid:europe,2019,214208.6343
dcs:who/AIR_7.AGE--Y65T69__ENVCAUSE--ENVCAUSE114,dcid:europe,2019,239945.0353
dcs:who/AIR_7.AGE--Y50T54__ENVCAUSE--ENVCAUSE118,dcid:europe,2019,33904.52178
dcs:who/AIR_7.AGE--Y70T74__ENVCAUSE--ENVCAUSE113,dcid:europe,2019,730767.7829
dcs:who/AIR_7.AGE--Y55T59__ENVCAUSE--ENVCAUSE118,dcid:europe,2019,54715.94375
dcs:who/AIR_7.AGE--Y0T4__ENVCAUSE--ENVCAUSE039,dcid:europe,2019,142618.692
dcs:who/AIR_7.ENVCAUSE--ENVCAUSE114,dcid:europe,2019,1845385.768
dcs:who/AIR_7.AGE--Y25T29__ENVCAUSE--ENVCAUSE113,dcid:europe,2019,16398.02477
dcs:who/AIR_7.AGE--Y60T64__ENVCAUSE--ENVCAUSE113,dcid:europe,2019,718129.9084
dcs:who/AIR_7.AGE--Y75T79__ENVCAUSE--ENVCAUSE113,dcid:europe,2019,759146.5189
dcs:who/AIR_7.AGE--Y65T69__ENVCAUSE--ENVCAUSE118,dcid:europe,2019,99963.31285
dcs:who/AIR_7.AGE--Y40T44__ENVCAUSE--ENVCAUSE118,dcid:europe,2019,12187.184
dcs:who/AIR_7.AGE--Y45T49__ENVCAUSE--ENVCAUSE118,dcid:europe,2019,20020.48686
dcs:who/AIR_7.AGE--Y_GE80__ENVCAUSE--ENVCAUSE114,dcid:europe,2019,542349.4179
dcs:who/AIR_7.AGE--Y30T34__ENVCAUSE--ENVCAUSE114,dcid:europe,2019,16634.51966
dcs:who/AIR_7.AGE--Y50T54__ENVCAUSE--ENVCAUSE113,dcid:europe,2019,336360.1151
dcs:who/AIR_7.AGE--Y70T74__ENVCAUSE--ENVCAUSE118,dcid:europe,2019,106061.5836
dcs:who/AIR_7.AGE--Y50T54__ENVCAUSE--ENVCAUSE114,dcid:europe,2019,93596.59055
dcs:who/AIR_7.AGE--Y45T49__ENVCAUSE--ENVCAUSE114,dcid:europe,2019,65068.22235
dcs:who/AIR_7.AGE--Y30T34__ENVCAUSE--ENVCAUSE113,dcid:europe,2019,39372.29245
dcs:who/AIR_7.AGE--Y75T79__ENVCAUSE--ENVCAUSE114,dcid:europe,2019,239599.0423
dcs:who/AIR_7.AGE--Y35T39__ENVCAUSE--ENVCAUSE118,dcid:europe,2019,8467.8005
dcs:who/AIR_7,dcid:europe,2019,10115670.38
dcs:who/AIR_7.AGE--Y40T44__ENVCAUSE--ENVCAUSE113,dcid:europe,2019,139262.3454
dcs:who/AIR_7.ENVCAUSE--ENVCAUSE118,dcid:europe,2019,742896.9002
dcs:who/AIR_7.AGE--Y70T74__ENVCAUSE--ENVCAUSE039__SEX--M,dcid:oceania,2019,407.67482
dcs:who/AIR_7.AGE--Y15T19__ENVCAUSE--ENVCAUSE039__SEX--M,dcid:oceania,2019,154.37659
dcs:who/AIR_7.AGE--Y30T34__ENVCAUSE--ENVCAUSE039__SEX--M,dcid:oceania,2019,248.71709
dcs:who/AIR_7.AGE--Y75T79__ENVCAUSE--ENVCAUSE068__SEX--M,dcid:oceania,2019,620.11574
dcs:who/AIR_7.AGE--Y_GE80__ENVCAUSE--ENVCAUSE039__SEX--M,dcid:oceania,2019,1408.61923
dcs:who/AIR_7.AGE--Y20T24__ENVCAUSE--ENVCAUSE039__SEX--M,dcid:oceania,2019,171.38827
dcs:who/AIR_7.AGE--Y_GE80__ENVCAUSE--ENVCAUSE068__SEX--M,dcid:oceania,2019,650.20033
dcs:who/AIR_7.AGE--Y45T49__ENVCAUSE--ENVCAUSE039__SEX--M,dcid:oceania,2019,313.36685
dcs:who/AIR_7.AGE--Y60T64__ENVCAUSE--ENVCAUSE068__SEX--M,dcid:oceania,2019,774.30597
dcs:who/AIR_7.AGE--Y40T44__ENVCAUSE--ENVCAUSE068__SEX--M,dcid:oceania,2019,74.29779
dcs:who/AIR_7.AGE--Y40T44__ENVCAUSE--ENVCAUSE039__SEX--M,dcid:oceania,2019,310.03545
dcs:who/AIR_7.AGE--Y25T29__ENVCAUSE--ENVCAUSE068__SEX--M,dcid:oceania,2019,3.63021
dcs:who/AIR_7.AGE--Y55T59__ENVCAUSE--ENVCAUSE068__SEX--M,dcid:oceania,2019,567.12202
dcs:who/AIR_7.ENVCAUSE--ENVCAUSE039__SEX--M,dcid:oceania,2019,11182.27421
dcs:who/AIR_7.AGE--Y45T49__ENVCAUSE--ENVCAUSE068__SEX--M,dcid:oceania,2019,169.2885
dcs:who/AIR_7.AGE--Y35T39__ENVCAUSE--ENVCAUSE039__SEX--M,dcid:oceania,2019,288.57335
dcs:who/AIR_7.AGE--Y65T69__ENVCAUSE--ENVCAUSE039__SEX--M,dcid:oceania,2019,428.16528
dcs:who/AIR_7.AGE--Y55T59__ENVCAUSE--ENVCAUSE039__SEX--M,dcid:oceania,2019,340.66103
dcs:who/AIR_7.AGE--Y70T74__ENVCAUSE--ENVCAUSE068__SEX--M,dcid:oceania,2019,846.31775
dcs:who/AIR_7.AGE--Y35T39__ENVCAUSE--ENVCAUSE068__SEX--M,dcid:oceania,2019,27.50567
dcs:who/AIR_7.AGE--Y25T29__ENVCAUSE--ENVCAUSE039__SEX--M,dcid:oceania,2019,205.79902
dcs:who/AIR_7.ENVCAUSE--ENVCAUSE068__SEX--M,dcid:oceania,2019,4898.61571
dcs:who/AIR_7.AGE--Y75T79__ENVCAUSE--ENVCAUSE039__SEX--M,dcid:oceania,2019,382.58768
dcs:who/AIR_7.AGE--Y60T64__ENVCAUSE--ENVCAUSE039__SEX--M,dcid:oceania,2019,424.65569
dcs:who/AIR_7.AGE--Y30T34__ENVCAUSE--ENVCAUSE068__SEX--M,dcid:oceania,2019,8.73501
dcs:who/AIR_7.AGE--Y50T54__ENVCAUSE--ENVCAUSE068__SEX--M,dcid:oceania,2019,325.47303
dcs:who/AIR_7.AGE--Y50T54__ENVCAUSE--ENVCAUSE039__SEX--M,dcid:oceania,2019,314.67606
dcs:who/AIR_7.AGE--Y10T14__ENVCAUSE--ENVCAUSE039__SEX--M,dcid:oceania,2019,197.37355
dcs:who/AIR_7.AGE--Y65T69__ENVCAUSE--ENVCAUSE068__SEX--M,dcid:oceania,2019,831.62369
dcs:who/AIR_7.AGE--Y_GE80__ENVCAUSE--ENVCAUSE118__SEX--M,dcid:oceania,2019,2849.77929
dcs:who/AIR_7.AGE--Y_GE80__ENVCAUSE--ENVCAUSE114__SEX--M,dcid:oceania,2019,2695.10959
dcs:who/AIR_7.AGE--Y55T59__ENVCAUSE--ENVCAUSE113__SEX--M,dcid:oceania,2019,7358.57541
dcs:who/AIR_7.ENVCAUSE--ENVCAUSE114__SEX--M,dcid:oceania,2019,14897.17809
dcs:who/AIR_7.AGE--Y30T34__ENVCAUSE--ENVCAUSE118__SEX--M,dcid:oceania,2019,145.93123
dcs:who/AIR_7.AGE--Y60T64__ENVCAUSE--ENVCAUSE068__SEX--F,dcid:oceania,2019,520.4728
dcs:who/AIR_7.AGE--Y65T69__ENVCAUSE--ENVCAUSE118__SEX--M,dcid:oceania,2019,1670.02049
dcs:who/AIR_7.AGE--Y65T69__ENVCAUSE--ENVCAUSE114__SEX--M,dcid:oceania,2019,1494.93154
dcs:who/AIR_7.AGE--Y55T59__ENVCAUSE--ENVCAUSE068__SEX--F,dcid:oceania,2019,447.0892
dcs:who/AIR_7.AGE--Y75T79__ENVCAUSE--ENVCAUSE114__SEX--M,dcid:oceania,2019,1398.65732
dcs:who/AIR_7.AGE--Y60T64__ENVCAUSE--ENVCAUSE118__SEX--M,dcid:oceania,2019,1405.11516
dcs:who/AIR_7.ENVCAUSE--ENVCAUSE039__SEX--F,dcid:oceania,2019,8385.12221
dcs:who/AIR_7.AGE--Y50T54__ENVCAUSE--ENVCAUSE113__SEX--M,dcid:oceania,2019,6602.66041
dcs:who/AIR_7.AGE--Y25T29__ENVCAUSE--ENVCAUSE068__SEX--F,dcid:oceania,2019,2.32299
dcs:who/AIR_7.AGE--Y55T59__ENVCAUSE--ENVCAUSE114__SEX--M,dcid:oceania,2019,1462.48014
dcs:who/AIR_7.AGE--Y30T34__ENVCAUSE--ENVCAUSE114__SEX--M,dcid:oceania,2019,364.06123
dcs:who/AIR_7.AGE--Y40T44__ENVCAUSE--ENVCAUSE114__SEX--M,dcid:oceania,2019,930.75868
dcs:who/AIR_7.ENVCAUSE--ENVCAUSE118__SEX--M,dcid:oceania,2019,12539.45129
dcs:who/AIR_7.AGE--Y0T4__ENVCAUSE--ENVCAUSE039__SEX--M,dcid:oceania,2019,5307.91834
dcs:who/AIR_7.AGE--Y50T54__ENVCAUSE--ENVCAUSE118__SEX--M,dcid:oceania,2019,710.50131
dcs:who/AIR_7.AGE--Y50T54__ENVCAUSE--ENVCAUSE068__SEX--F,dcid:oceania,2019,250.68424
dcs:who/AIR_7.ENVCAUSE--ENVCAUSE068__SEX--F,dcid:oceania,2019,3509.84753
dcs:who/AIR_7.AGE--Y45T49__ENVCAUSE--ENVCAUSE118__SEX--M,dcid:oceania,2019,461.88401
dcs:who/AIR_7.AGE--Y25T29__ENVCAUSE--ENVCAUSE118__SEX--M,dcid:oceania,2019,108.76245
dcs:who/AIR_7.AGE--Y75T79__ENVCAUSE--ENVCAUSE118__SEX--M,dcid:oceania,2019,1747.10525
dcs:who/AIR_7.SEX--M,dcid:oceania,2019,107624.4778
dcs:who/AIR_7.AGE--Y45T49__ENVCAUSE--ENVCAUSE113__SEX--M,dcid:oceania,2019,5473.45778
dcs:who/AIR_7.AGE--Y70T74__ENVCAUSE--ENVCAUSE118__SEX--M,dcid:oceania,2019,1968.40017
dcs:who/AIR_7.AGE--Y70T74__ENVCAUSE--ENVCAUSE114__SEX--M,dcid:oceania,2019,1562.51555
dcs:who/AIR_7.AGE--Y5T9__ENVCAUSE--ENVCAUSE039__SEX--M,dcid:oceania,2019,277.68592
dcs:who/AIR_7.AGE--Y35T39__ENVCAUSE--ENVCAUSE114__SEX--M,dcid:oceania,2019,685.52066
dcs:who/AIR_7.AGE--Y70T74__ENVCAUSE--ENVCAUSE113__SEX--M,dcid:oceania,2019,6322.89701
dcs:who/AIR_7.AGE--Y60T64__ENVCAUSE--ENVCAUSE114__SEX--M,dcid:oceania,2019,1521.13488
dcs:who/AIR_7.AGE--Y40T44__ENVCAUSE--ENVCAUSE113__SEX--M,dcid:oceania,2019,3748.81897
dcs:who/AIR_7.AGE--Y55T59__ENVCAUSE--ENVCAUSE118__SEX--M,dcid:oceania,2019,1046.15803
dcs:who/AIR_7.AGE--Y25T29__ENVCAUSE--ENVCAUSE113__SEX--M,dcid:oceania,2019,486.93331
dcs:who/AIR_7.AGE--Y75T79__ENVCAUSE--ENVCAUSE068__SEX--F,dcid:oceania,2019,434.10996
dcs:who/AIR_7.AGE--Y35T39__ENVCAUSE--ENVCAUSE118__SEX--M,dcid:oceania,2019,179.75873
dcs:who/AIR_7.AGE--Y45T49__ENVCAUSE--ENVCAUSE114__SEX--M,dcid:oceania,2019,1135.12338
dcs:who/AIR_7.AGE--Y60T64__ENVCAUSE--ENVCAUSE113__SEX--M,dcid:oceania,2019,7307.63381
dcs:who/AIR_7.AGE--Y75T79__ENVCAUSE--ENVCAUSE113__SEX--M,dcid:oceania,2019,5233.33663
dcs:who/AIR_7.AGE--Y_GE80__ENVCAUSE--ENVCAUSE068__SEX--F,dcid:oceania,2019,447.46543
dcs:who/AIR_7.AGE--Y50T54__ENVCAUSE--ENVCAUSE114__SEX--M,dcid:oceania,2019,1335.31861
dcs:who/AIR_7.AGE--Y30T34__ENVCAUSE--ENVCAUSE113__SEX--M,dcid:oceania,2019,1197.46429
dcs:who/AIR_7.ENVCAUSE--ENVCAUSE113__SEX--M,dcid:oceania,2019,64106.95849
dcs:who/AIR_7.AGE--Y35T39__ENVCAUSE--ENVCAUSE113__SEX--M,dcid:oceania,2019,2415.95872
dcs:who/AIR_7.AGE--Y40T44__ENVCAUSE--ENVCAUSE118__SEX--M,dcid:oceania,2019,246.03517
dcs:who/AIR_7.AGE--Y30T34__ENVCAUSE--ENVCAUSE068__SEX--F,dcid:oceania,2019,19.01371
dcs:who/AIR_7.AGE--Y35T39__ENVCAUSE--ENVCAUSE068__SEX--F,dcid:oceania,2019,19.00992
dcs:who/AIR_7.AGE--Y40T44__ENVCAUSE--ENVCAUSE068__SEX--F,dcid:oceania,2019,51.81546
dcs:who/AIR_7.AGE--Y70T74__ENVCAUSE--ENVCAUSE068__SEX--F,dcid:oceania,2019,603.24778
dcs:who/AIR_7.AGE--Y25T29__ENVCAUSE--ENVCAUSE114__SEX--M,dcid:oceania,2019,311.56651
dcs:who/AIR_7.AGE--Y65T69__ENVCAUSE--ENVCAUSE113__SEX--M,dcid:oceania,2019,6528.50624
dcs:who/AIR_7.AGE--Y_GE80__ENVCAUSE--ENVCAUSE113__SEX--M,dcid:oceania,2019,11430.71591
dcs:who/AIR_7.AGE--Y65T69__ENVCAUSE--ENVCAUSE068__SEX--F,dcid:oceania,2019,568.31487
dcs:who/AIR_7.AGE--Y45T49__ENVCAUSE--ENVCAUSE068__SEX--F,dcid:oceania,2019,146.30117
dcs:who/AIR_7.AGE--Y_GE80__ENVCAUSE--ENVCAUSE039__SEX--F,dcid:oceania,2019,1940.13044
dcs:who/AIR_7.AGE--Y50T54__ENVCAUSE--ENVCAUSE114__SEX--F,dcid:oceania,2019,1043.5328
dcs:who/AIR_7.AGE--Y30T34__ENVCAUSE--ENVCAUSE039__SEX--F,dcid:oceania,2019,139.11891
dcs:who/AIR_7.AGE--Y50T54__ENVCAUSE--ENVCAUSE113__SEX--F,dcid:oceania,2019,1946.25111
dcs:who/AIR_7.AGE--Y0T4__ENVCAUSE--ENVCAUSE039__SEX--F,dcid:oceania,2019,3132.08964
dcs:who/AIR_7.AGE--Y30T34__ENVCAUSE--ENVCAUSE118__SEX--F,dcid:oceania,2019,162.82125
dcs:who/AIR_7.AGE--Y75T79__ENVCAUSE--ENVCAUSE039__SEX--F,dcid:oceania,2019,376.93201
dcs:who/AIR_7.AGE--Y25T29__ENVCAUSE--ENVCAUSE039__SEX--F,dcid:oceania,2019,143.76625
dcs:who/AIR_7.AGE--Y65T69__ENVCAUSE--ENVCAUSE039__SEX--F,dcid:oceania,2019,304.34343
dcs:who/AIR_7.AGE--Y45T49__ENVCAUSE--ENVCAUSE118__SEX--F,dcid:oceania,2019,468.67811
dcs:who/AIR_7.AGE--Y40T44__ENVCAUSE--ENVCAUSE113__SEX--F,dcid:oceania,2019,1106.72199
dcs:who/AIR_7.AGE--Y30T34__ENVCAUSE--ENVCAUSE114__SEX--F,dcid:oceania,2019,294.49674
dcs:who/AIR_7.AGE--Y55T59__ENVCAUSE--ENVCAUSE118__SEX--F,dcid:oceania,2019,1035.34186
dcs:who/AIR_7.AGE--Y70T74__ENVCAUSE--ENVCAUSE039__SEX--F,dcid:oceania,2019,319.14632
dcs:who/AIR_7.AGE--Y50T54__ENVCAUSE--ENVCAUSE039__SEX--F,dcid:oceania,2019,263.32952
dcs:who/AIR_7.AGE--Y45T49__ENVCAUSE--ENVCAUSE114__SEX--F,dcid:oceania,2019,879.26368
dcs:who/AIR_7.AGE--Y_GE80__ENVCAUSE--ENVCAUSE113__SEX--F,dcid:oceania,2019,12283.92148
dcs:who/AIR_7.AGE--Y75T79__ENVCAUSE--ENVCAUSE114__SEX--F,dcid:oceania,2019,1483.76256
dcs:who/AIR_7.AGE--Y40T44__ENVCAUSE--ENVCAUSE118__SEX--F,dcid:oceania,2019,312.49718
dcs:who/AIR_7.ENVCAUSE--ENVCAUSE114__SEX--F,dcid:oceania,2019,14733.77985
dcs:who/AIR_7.AGE--Y65T69__ENVCAUSE--ENVCAUSE118__SEX--F,dcid:oceania,2019,1788.25903
dcs:who/AIR_7.ENVCAUSE--ENVCAUSE118__SEX--F,dcid:oceania,2019,12947.26331
dcs:who/AIR_7.AGE--Y45T49__ENVCAUSE--ENVCAUSE039__SEX--F,dcid:oceania,2019,196.99864
dcs:who/AIR_7.AGE--Y35T39__ENVCAUSE--ENVCAUSE113__SEX--F,dcid:oceania,2019,605.47512
dcs:who/AIR_7.AGE--Y70T74__ENVCAUSE--ENVCAUSE113__SEX--F,dcid:oceania,2019,3259.01197
dcs:who/AIR_7.AGE--Y60T64__ENVCAUSE--ENVCAUSE039__SEX--F,dcid:oceania,2019,288.32163
dcs:who/AIR_7.AGE--Y45T49__ENVCAUSE--ENVCAUSE113__SEX--F,dcid:oceania,2019,1682.14877
dcs:who/AIR_7.ENVCAUSE--ENVCAUSE113__SEX--F,dcid:oceania,2019,32992.61967
dcs:who/AIR_7.AGE--Y75T79__ENVCAUSE--ENVCAUSE118__SEX--F,dcid:oceania,2019,1648.85065
dcs:who/AIR_7.AGE--Y25T29__ENVCAUSE--ENVCAUSE118__SEX--F,dcid:oceania,2019,117.23877
dcs:who/AIR_7.AGE--Y35T39__ENVCAUSE--ENVCAUSE114__SEX--F,dcid:oceania,2019,513.73332
dcs:who/AIR_7.AGE--Y60T64__ENVCAUSE--ENVCAUSE118__SEX--F,dcid:oceania,2019,1389.87114
dcs:who/AIR_7.AGE--Y60T64__ENVCAUSE--ENVCAUSE113__SEX--F,dcid:oceania,2019,2873.36416
dcs:who/AIR_7.AGE--Y20T24__ENVCAUSE--ENVCAUSE039__SEX--F,dcid:oceania,2019,150.62189
dcs:who/AIR_7.AGE--Y60T64__ENVCAUSE--ENVCAUSE114__SEX--F,dcid:oceania,2019,1238.19012
dcs:who/AIR_7.AGE--Y70T74__ENVCAUSE--ENVCAUSE118__SEX--F,dcid:oceania,2019,1959.30499
dcs:who/AIR_7.AGE--Y35T39__ENVCAUSE--ENVCAUSE039__SEX--F,dcid:oceania,2019,257.73673
dcs:who/AIR_7.AGE--Y_GE80__ENVCAUSE--ENVCAUSE114__SEX--F,dcid:oceania,2019,4423.38966
dcs:who/AIR_7.AGE--Y55T59__ENVCAUSE--ENVCAUSE114__SEX--F,dcid:oceania,2019,1174.5831
dcs:who/AIR_7.AGE--Y55T59__ENVCAUSE--ENVCAUSE113__SEX--F,dcid:oceania,2019,2529.49941
dcs:who/AIR_7.AGE--Y70T74__ENVCAUSE--ENVCAUSE114__SEX--F,dcid:oceania,2019,1397.67705
dcs:who/AIR_7.AGE--Y40T44__ENVCAUSE--ENVCAUSE114__SEX--F,dcid:oceania,2019,661.62592
dcs:who/AIR_7.AGE--Y25T29__ENVCAUSE--ENVCAUSE114__SEX--F,dcid:oceania,2019,231.71947
dcs:who/AIR_7.AGE--Y10T14__ENVCAUSE--ENVCAUSE039__SEX--F,dcid:oceania,2019,103.44805
dcs:who/AIR_7.AGE--Y75T79__ENVCAUSE--ENVCAUSE113__SEX--F,dcid:oceania,2019,3210.56173
dcs:who/AIR_7.AGE--Y50T54__ENVCAUSE--ENVCAUSE118__SEX--F,dcid:oceania,2019,724.31967
dcs:who/AIR_7.AGE--Y5T9__ENVCAUSE--ENVCAUSE039__SEX--F,dcid:oceania,2019,185.62632
dcs:who/AIR_7.AGE--Y35T39__ENVCAUSE--ENVCAUSE118__SEX--F,dcid:oceania,2019,228.987
dcs:who/AIR_7.AGE--Y40T44__ENVCAUSE--ENVCAUSE039__SEX--F,dcid:oceania,2019,180.04901
dcs:who/AIR_7.AGE--Y65T69__ENVCAUSE--ENVCAUSE114__SEX--F,dcid:oceania,2019,1391.80544
dcs:who/AIR_7.AGE--Y65T69__ENVCAUSE--ENVCAUSE113__SEX--F,dcid:oceania,2019,3033.18608
dcs:who/AIR_7.AGE--Y_GE80__ENVCAUSE--ENVCAUSE118__SEX--F,dcid:oceania,2019,3111.09368
dcs:who/AIR_7.AGE--Y55T59__ENVCAUSE--ENVCAUSE039__SEX--F,dcid:oceania,2019,278.75175
dcs:who/AIR_7.AGE--Y15T19__ENVCAUSE--ENVCAUSE039__SEX--F,dcid:oceania,2019,124.71166
dcs:who/AIR_7.AGE--Y30T34__ENVCAUSE--ENVCAUSE068,dcid:oceania,2019,27.74872
dcs:who/AIR_7.AGE--Y55T59__ENVCAUSE--ENVCAUSE118,dcid:oceania,2019,2081.49988
dcs:who/AIR_7.AGE--Y60T64__ENVCAUSE--ENVCAUSE118,dcid:oceania,2019,2794.9863
dcs:who/AIR_7.AGE--Y30T34__ENVCAUSE--ENVCAUSE113__SEX--F,dcid:oceania,2019,324.94029
dcs:who/AIR_7.AGE--Y55T59__ENVCAUSE--ENVCAUSE068,dcid:oceania,2019,1014.21122
dcs:who/AIR_7.AGE--Y5T9__ENVCAUSE--ENVCAUSE039,dcid:oceania,2019,463.31224
dcs:who/AIR_7.AGE--Y75T79__ENVCAUSE--ENVCAUSE114,dcid:oceania,2019,2882.41987
dcs:who/AIR_7.AGE--Y25T29__ENVCAUSE--ENVCAUSE039,dcid:oceania,2019,349.56527
dcs:who/AIR_7.AGE--Y_GE80__ENVCAUSE--ENVCAUSE039,dcid:oceania,2019,3348.74967
dcs:who/AIR_7.ENVCAUSE--ENVCAUSE118,dcid:oceania,2019,25486.7146
dcs:who/AIR_7.AGE--Y70T74__ENVCAUSE--ENVCAUSE039,dcid:oceania,2019,726.82114
dcs:who/AIR_7.AGE--Y65T69__ENVCAUSE--ENVCAUSE039,dcid:oceania,2019,732.50872
dcs:who/AIR_7.AGE--Y65T69__ENVCAUSE--ENVCAUSE114,dcid:oceania,2019,2886.73698
dcs:who/AIR_7.AGE--Y20T24__ENVCAUSE--ENVCAUSE039,dcid:oceania,2019,322.01016
dcs:who/AIR_7.AGE--Y70T74__ENVCAUSE--ENVCAUSE114,dcid:oceania,2019,2960.1926
dcs:who/AIR_7.AGE--Y65T69__ENVCAUSE--ENVCAUSE068,dcid:oceania,2019,1399.93856
dcs:who/AIR_7.AGE--Y50T54__ENVCAUSE--ENVCAUSE068,dcid:oceania,2019,576.15726
dcs:who/AIR_7.AGE--Y_GE80__ENVCAUSE--ENVCAUSE114,dcid:oceania,2019,7118.49924
dcs:who/AIR_7.AGE--Y65T69__ENVCAUSE--ENVCAUSE118,dcid:oceania,2019,3458.27952
dcs:who/AIR_7.AGE--Y75T79__ENVCAUSE--ENVCAUSE118,dcid:oceania,2019,3395.9559
dcs:who/AIR_7.AGE--Y40T44__ENVCAUSE--ENVCAUSE118,dcid:oceania,2019,558.53235
dcs:who/AIR_7.AGE--Y70T74__ENVCAUSE--ENVCAUSE118,dcid:oceania,2019,3927.70516
dcs:who/AIR_7.AGE--Y40T44__ENVCAUSE--ENVCAUSE068,dcid:oceania,2019,126.11326
dcs:who/AIR_7.AGE--Y_GE80__ENVCAUSE--ENVCAUSE118,dcid:oceania,2019,5960.87297
dcs:who/AIR_7.AGE--Y35T39__ENVCAUSE--ENVCAUSE118,dcid:oceania,2019,408.74572
dcs:who/AIR_7.AGE--Y60T64__ENVCAUSE--ENVCAUSE114,dcid:oceania,2019,2759.32499
dcs:who/AIR_7.AGE--Y35T39__ENVCAUSE--ENVCAUSE039,dcid:oceania,2019,546.31008
dcs:who/AIR_7.AGE--Y50T54__ENVCAUSE--ENVCAUSE039,dcid:oceania,2019,578.00559
dcs:who/AIR_7.AGE--Y30T34__ENVCAUSE--ENVCAUSE039,dcid:oceania,2019,387.83599
dcs:who/AIR_7.AGE--Y40T44__ENVCAUSE--ENVCAUSE039,dcid:oceania,2019,490.08446
dcs:who/AIR_7.ENVCAUSE--ENVCAUSE039,dcid:oceania,2019,19567.39642
dcs:who/AIR_7.AGE--Y55T59__ENVCAUSE--ENVCAUSE039,dcid:oceania,2019,619.41278
dcs:who/AIR_7.AGE--Y15T19__ENVCAUSE--ENVCAUSE039,dcid:oceania,2019,279.08825
dcs:who/AIR_7.AGE--Y25T29__ENVCAUSE--ENVCAUSE118,dcid:oceania,2019,226.00122
dcs:who/AIR_7.AGE--Y45T49__ENVCAUSE--ENVCAUSE039,dcid:oceania,2019,510.36549
dcs:who/AIR_7.AGE--Y25T29__ENVCAUSE--ENVCAUSE113__SEX--F,dcid:oceania,2019,137.53756
dcs:who/AIR_7.ENVCAUSE--ENVCAUSE068,dcid:oceania,2019,8408.46324
dcs:who/AIR_7.AGE--Y35T39__ENVCAUSE--ENVCAUSE068,dcid:oceania,2019,46.51559
dcs:who/AIR_7.AGE--Y50T54__ENVCAUSE--ENVCAUSE118,dcid:oceania,2019,1434.82098
dcs:who/AIR_7.AGE--Y60T64__ENVCAUSE--ENVCAUSE068,dcid:oceania,2019,1294.77877
dcs:who/AIR_7.AGE--Y30T34__ENVCAUSE--ENVCAUSE118,dcid:oceania,2019,308.75248
dcs:who/AIR_7.AGE--Y25T29__ENVCAUSE--ENVCAUSE068,dcid:oceania,2019,5.95319
dcs:who/AIR_7.AGE--Y10T14__ENVCAUSE--ENVCAUSE039,dcid:oceania,2019,300.8216
dcs:who/AIR_7.AGE--Y45T49__ENVCAUSE--ENVCAUSE118,dcid:oceania,2019,930.56212
dcs:who/AIR_7.AGE--Y0T4__ENVCAUSE--ENVCAUSE039,dcid:oceania,2019,8440.00799
dcs:who/AIR_7.AGE--Y_GE80__ENVCAUSE--ENVCAUSE068,dcid:oceania,2019,1097.66577
dcs:who/AIR_7.ENVCAUSE--ENVCAUSE114,dcid:oceania,2019,29630.95794
dcs:who/AIR_7.AGE--Y60T64__ENVCAUSE--ENVCAUSE039,dcid:oceania,2019,712.97732
dcs:who/AIR_7.AGE--Y75T79__ENVCAUSE--ENVCAUSE039,dcid:oceania,2019,759.51969
dcs:who/AIR_7.AGE--Y45T49__ENVCAUSE--ENVCAUSE068,dcid:oceania,2019,315.58966
dcs:who/AIR_7.AGE--Y75T79__ENVCAUSE--ENVCAUSE068,dcid:oceania,2019,1054.22571
dcs:who/AIR_7.SEX--F,dcid:oceania,2019,72568.63257
dcs:who/AIR_7.AGE--Y70T74__ENVCAUSE--ENVCAUSE068,dcid:oceania,2019,1449.56553
dcs:who/AIR_7.AGE--Y55T59__ENVCAUSE--ENVCAUSE114,dcid:oceania,2019,2637.06325
dcs:who/AIR_7.ENVCAUSE--ENVCAUSE113,dcid:oceania,2019,97099.57815
dcs:who/AIR_7.AGE--Y_GE80__ENVCAUSE--ENVCAUSE113,dcid:oceania,2019,23714.63738
dcs:who/AIR_7.AGE--Y30T34__ENVCAUSE--ENVCAUSE113,dcid:oceania,2019,1522.40458
dcs:who/AIR_7,dcid:oceania,2019,180193.1104
dcs:who/AIR_7.AGE--Y45T49__ENVCAUSE--ENVCAUSE114,dcid:oceania,2019,2014.38705
dcs:who/AIR_7.AGE--Y55T59__ENVCAUSE--ENVCAUSE113,dcid:oceania,2019,9888.07482
dcs:who/AIR_7.AGE--Y70T74__ENVCAUSE--ENVCAUSE113,dcid:oceania,2019,9581.90899
dcs:who/AIR_7.AGE--Y40T44__ENVCAUSE--ENVCAUSE113,dcid:oceania,2019,4855.54096
dcs:who/AIR_7.AGE--Y45T49__ENVCAUSE--ENVCAUSE113,dcid:oceania,2019,7155.60655
dcs:who/AIR_7.AGE--Y30T34__ENVCAUSE--ENVCAUSE114,dcid:oceania,2019,658.55797
dcs:who/AIR_7.AGE--Y50T54__ENVCAUSE--ENVCAUSE114,dcid:oceania,2019,2378.85141
dcs:who/AIR_7.AGE--Y25T29__ENVCAUSE--ENVCAUSE114,dcid:oceania,2019,543.28598
dcs:who/AIR_7.AGE--Y60T64__ENVCAUSE--ENVCAUSE113,dcid:oceania,2019,10180.99797
dcs:who/AIR_7.AGE--Y65T69__ENVCAUSE--ENVCAUSE113,dcid:oceania,2019,9561.69231
dcs:who/AIR_7.AGE--Y50T54__ENVCAUSE--ENVCAUSE113,dcid:oceania,2019,8548.91152
dcs:who/AIR_7.AGE--Y35T39__ENVCAUSE--ENVCAUSE113,dcid:oceania,2019,3021.43384
dcs:who/AIR_7.AGE--Y40T44__ENVCAUSE--ENVCAUSE114,dcid:oceania,2019,1592.3846
dcs:who/AIR_7.AGE--Y35T39__ENVCAUSE--ENVCAUSE114,dcid:oceania,2019,1199.25398
dcs:who/AIR_7.AGE--Y25T29__ENVCAUSE--ENVCAUSE113,dcid:oceania,2019,624.47087
dcs:who/AIR_7.AGE--Y75T79__ENVCAUSE--ENVCAUSE113,dcid:oceania,2019,8443.89835
dcs:who/AIR_7.AGE--Y45T49__ENVCAUSE--ENVCAUSE039__SEX--M,dcid:undata-geo/G00100100,2019,15228.17222
dcs:who/AIR_7.AGE--Y15T19__ENVCAUSE--ENVCAUSE039__SEX--M,dcid:undata-geo/G00100100,2019,1831.46656
dcs:who/AIR_7.AGE--Y5T9__ENVCAUSE--ENVCAUSE039__SEX--M,dcid:undata-geo/G00100100,2019,1434.08803
dcs:who/AIR_7.AGE--Y75T79__ENVCAUSE--ENVCAUSE068__SEX--M,dcid:undata-geo/G00100100,2019,44748.07176
dcs:who/AIR_7.AGE--Y50T54__ENVCAUSE--ENVCAUSE039__SEX--M,dcid:undata-geo/G00100100,2019,18389.09597
dcs:who/AIR_7.AGE--Y_GE80__ENVCAUSE--ENVCAUSE068__SEX--M,dcid:undata-geo/G00100100,2019,46535.46086
dcs:who/AIR_7.AGE--Y65T69__ENVCAUSE--ENVCAUSE039__SEX--M,dcid:undata-geo/G00100100,2019,34778.40045
dcs:who/AIR_7.AGE--Y65T69__ENVCAUSE--ENVCAUSE068__SEX--M,dcid:undata-geo/G00100100,2019,67228.3226
dcs:who/AIR_7.AGE--Y55T59__ENVCAUSE--ENVCAUSE039__SEX--M,dcid:undata-geo/G00100100,2019,23970.14909
dcs:who/AIR_7.AGE--Y20T24__ENVCAUSE--ENVCAUSE039__SEX--M,dcid:undata-geo/G00100100,2019,3259.75273
dcs:who/AIR_7.AGE--Y75T79__ENVCAUSE--ENVCAUSE039__SEX--M,dcid:undata-geo/G00100100,2019,46142.1924
dcs:who/AIR_7.AGE--Y40T44__ENVCAUSE--ENVCAUSE068__SEX--M,dcid:undata-geo/G00100100,2019,4106.11075
dcs:who/AIR_7.AGE--Y40T44__ENVCAUSE--ENVCAUSE039__SEX--M,dcid:undata-geo/G00100100,2019,11693.40373
dcs:who/AIR_7.AGE--Y70T74__ENVCAUSE--ENVCAUSE039__SEX--M,dcid:undata-geo/G00100100,2019,40036.1604
dcs:who/AIR_7.AGE--Y30T34__ENVCAUSE--ENVCAUSE039__SEX--M,dcid:undata-geo/G00100100,2019,6352.61149
dcs:who/AIR_7.AGE--Y45T49__ENVCAUSE--ENVCAUSE068__SEX--M,dcid:undata-geo/G00100100,2019,9812.35167
dcs:who/AIR_7.AGE--Y70T74__ENVCAUSE--ENVCAUSE068__SEX--M,dcid:undata-geo/G00100100,2019,63150.19013
dcs:who/AIR_7.AGE--Y25T29__ENVCAUSE--ENVCAUSE068__SEX--M,dcid:undata-geo/G00100100,2019,212.03257
dcs:who/AIR_7.AGE--Y60T64__ENVCAUSE--ENVCAUSE039__SEX--M,dcid:undata-geo/G00100100,2019,30592.73453
dcs:who/AIR_7.AGE--Y_GE80__ENVCAUSE--ENVCAUSE039__SEX--M,dcid:undata-geo/G00100100,2019,137002.7142
dcs:who/AIR_7.AGE--Y60T64__ENVCAUSE--ENVCAUSE068__SEX--M,dcid:undata-geo/G00100100,2019,59604.3856
dcs:who/AIR_7.AGE--Y55T59__ENVCAUSE--ENVCAUSE068__SEX--M,dcid:undata-geo/G00100100,2019,40739.03989
dcs:who/AIR_7.AGE--Y10T14__ENVCAUSE--ENVCAUSE039__SEX--M,dcid:undata-geo/G00100100,2019,1342.53774
dcs:who/AIR_7.ENVCAUSE--ENVCAUSE068__SEX--M,dcid:undata-geo/G00100100,2019,359070.3786
dcs:who/AIR_7.AGE--Y35T39__ENVCAUSE--ENVCAUSE039__SEX--M,dcid:undata-geo/G00100100,2019,8639.37366
dcs:who/AIR_7.AGE--Y50T54__ENVCAUSE--ENVCAUSE068__SEX--M,dcid:undata-geo/G00100100,2019,20788.02319
dcs:who/AIR_7.AGE--Y30T34__ENVCAUSE--ENVCAUSE068__SEX--M,dcid:undata-geo/G00100100,2019,517.67036
dcs:who/AIR_7.ENVCAUSE--ENVCAUSE039__SEX--M,dcid:undata-geo/G00100100,2019,396853.7012
dcs:who/AIR_7.AGE--Y35T39__ENVCAUSE--ENVCAUSE068__SEX--M,dcid:undata-geo/G00100100,2019,1628.7192
dcs:who/AIR_7.AGE--Y25T29__ENVCAUSE--ENVCAUSE039__SEX--M,dcid:undata-geo/G00100100,2019,4500.46488
dcs:who/AIR_7.AGE--Y75T79__ENVCAUSE--ENVCAUSE118__SEX--M,dcid:undata-geo/G00100100,2019,78776.22461
dcs:who/AIR_7.AGE--Y55T59__ENVCAUSE--ENVCAUSE114__SEX--M,dcid:undata-geo/G00100100,2019,55088.95393
dcs:who/AIR_7.AGE--Y35T39__ENVCAUSE--ENVCAUSE113__SEX--M,dcid:undata-geo/G00100100,2019,48450.5189
dcs:who/AIR_7.AGE--Y70T74__ENVCAUSE--ENVCAUSE118__SEX--M,dcid:undata-geo/G00100100,2019,82349.74985
dcs:who/AIR_7.AGE--Y50T54__ENVCAUSE--ENVCAUSE118__SEX--M,dcid:undata-geo/G00100100,2019,21842.91452
dcs:who/AIR_7.AGE--Y_GE80__ENVCAUSE--ENVCAUSE068__SEX--F,dcid:undata-geo/G00100100,2019,26809.38336
dcs:who/AIR_7.AGE--Y70T74__ENVCAUSE--ENVCAUSE114__SEX--M,dcid:undata-geo/G00100100,2019,84804.62146
dcs:who/AIR_7.AGE--Y50T54__ENVCAUSE--ENVCAUSE114__SEX--M,dcid:undata-geo/G00100100,2019,43318.17329
dcs:who/AIR_7.AGE--Y55T59__ENVCAUSE--ENVCAUSE113__SEX--M,dcid:undata-geo/G00100100,2019,295565.9454
dcs:who/AIR_7.AGE--Y0T4__ENVCAUSE--ENVCAUSE039__SEX--M,dcid:undata-geo/G00100100,2019,11660.38305
dcs:who/AIR_7.AGE--Y30T34__ENVCAUSE--ENVCAUSE118__SEX--M,dcid:undata-geo/G00100100,2019,3657.93496
dcs:who/AIR_7.AGE--Y65T69__ENVCAUSE--ENVCAUSE113__SEX--M,dcid:undata-geo/G00100100,2019,350370.2681
dcs:who/AIR_7.ENVCAUSE--ENVCAUSE118__SEX--M,dcid:undata-geo/G00100100,2019,526311.3385
dcs:who/AIR_7.AGE--Y65T69__ENVCAUSE--ENVCAUSE118__SEX--M,dcid:undata-geo/G00100100,2019,67495.74007
dcs:who/AIR_7.AGE--Y75T79__ENVCAUSE--ENVCAUSE114__SEX--M,dcid:undata-geo/G00100100,2019,84619.45213
dcs:who/AIR_7.ENVCAUSE--ENVCAUSE113__SEX--M,dcid:undata-geo/G00100100,2019,2764730.039
dcs:who/AIR_7.AGE--Y30T34__ENVCAUSE--ENVCAUSE114__SEX--M,dcid:undata-geo/G00100100,2019,8771.07298
dcs:who/AIR_7.AGE--Y60T64__ENVCAUSE--ENVCAUSE113__SEX--M,dcid:undata-geo/G00100100,2019,344000.592
dcs:who/AIR_7.AGE--Y25T29__ENVCAUSE--ENVCAUSE114__SEX--M,dcid:undata-geo/G00100100,2019,5286.80254
dcs:who/AIR_7.AGE--Y70T74__ENVCAUSE--ENVCAUSE113__SEX--M,dcid:undata-geo/G00100100,2019,337162.768
dcs:who/AIR_7.ENVCAUSE--ENVCAUSE114__SEX--M,dcid:undata-geo/G00100100,2019,667379.8051
dcs:who/AIR_7.AGE--Y_GE80__ENVCAUSE--ENVCAUSE114__SEX--M,dcid:undata-geo/G00100100,2019,169485.0441
dcs:who/AIR_7.AGE--Y50T54__ENVCAUSE--ENVCAUSE113__SEX--M,dcid:undata-geo/G00100100,2019,217714.2985
dcs:who/AIR_7.AGE--Y40T44__ENVCAUSE--ENVCAUSE114__SEX--M,dcid:undata-geo/G00100100,2019,22573.24445
dcs:who/AIR_7.AGE--Y60T64__ENVCAUSE--ENVCAUSE118__SEX--M,dcid:undata-geo/G00100100,2019,52842.5569
dcs:who/AIR_7.AGE--Y35T39__ENVCAUSE--ENVCAUSE114__SEX--M,dcid:undata-geo/G00100100,2019,14400.55143
dcs:who/AIR_7.AGE--Y35T39__ENVCAUSE--ENVCAUSE118__SEX--M,dcid:undata-geo/G00100100,2019,4662.23331
dcs:who/AIR_7.AGE--Y40T44__ENVCAUSE--ENVCAUSE113__SEX--M,dcid:undata-geo/G00100100,2019,87973.14905
dcs:who/AIR_7.AGE--Y45T49__ENVCAUSE--ENVCAUSE114__SEX--M,dcid:undata-geo/G00100100,2019,33266.75165
dcs:who/AIR_7.SEX--M,dcid:undata-geo/G00100100,2019,4714345.262
dcs:who/AIR_7.ENVCAUSE--ENVCAUSE068__SEX--F,dcid:undata-geo/G00100100,2019,183839.8684
dcs:who/AIR_7.AGE--Y45T49__ENVCAUSE--ENVCAUSE113__SEX--M,dcid:undata-geo/G00100100,2019,148165.6739
dcs:who/AIR_7.AGE--Y_GE80__ENVCAUSE--ENVCAUSE118__SEX--M,dcid:undata-geo/G00100100,2019,156502.924
dcs:who/AIR_7.AGE--Y60T64__ENVCAUSE--ENVCAUSE114__SEX--M,dcid:undata-geo/G00100100,2019,67935.22396
dcs:who/AIR_7.AGE--Y75T79__ENVCAUSE--ENVCAUSE113__SEX--M,dcid:undata-geo/G00100100,2019,287574.8085
dcs:who/AIR_7.AGE--Y45T49__ENVCAUSE--ENVCAUSE118__SEX--M,dcid:undata-geo/G00100100,2019,12679.27495
dcs:who/AIR_7.AGE--Y25T29__ENVCAUSE--ENVCAUSE113__SEX--M,dcid:undata-geo/G00100100,2019,10494.3903
dcs:who/AIR_7.AGE--Y_GE80__ENVCAUSE--ENVCAUSE113__SEX--M,dcid:undata-geo/G00100100,2019,611531.9292
dcs:who/AIR_7.AGE--Y55T59__ENVCAUSE--ENVCAUSE118__SEX--M,dcid:undata-geo/G00100100,2019,35939.90815
dcs:who/AIR_7.AGE--Y30T34__ENVCAUSE--ENVCAUSE113__SEX--M,dcid:undata-geo/G00100100,2019,25725.69689
dcs:who/AIR_7.AGE--Y25T29__ENVCAUSE--ENVCAUSE118__SEX--M,dcid:undata-geo/G00100100,2019,2434.8361
dcs:who/AIR_7.AGE--Y40T44__ENVCAUSE--ENVCAUSE118__SEX--M,dcid:undata-geo/G00100100,2019,7127.0411
dcs:who/AIR_7.AGE--Y65T69__ENVCAUSE--ENVCAUSE114__SEX--M,dcid:undata-geo/G00100100,2019,77829.91315
dcs:who/AIR_7.AGE--Y_GE80__ENVCAUSE--ENVCAUSE118__SEX--F,dcid:undata-geo/G00100100,2019,153749.5683
dcs:who/AIR_7.AGE--Y30T34__ENVCAUSE--ENVCAUSE068__SEX--F,dcid:undata-geo/G00100100,2019,460.74027
dcs:who/AIR_7.AGE--Y25T29__ENVCAUSE--ENVCAUSE118__SEX--F,dcid:undata-geo/G00100100,2019,1717.56452
dcs:who/AIR_7.AGE--Y35T39__ENVCAUSE--ENVCAUSE118__SEX--F,dcid:undata-geo/G00100100,2019,3478.08008
dcs:who/AIR_7.AGE--Y25T29__ENVCAUSE--ENVCAUSE039__SEX--F,dcid:undata-geo/G00100100,2019,3307.88297
dcs:who/AIR_7.AGE--Y70T74__ENVCAUSE--ENVCAUSE039__SEX--F,dcid:undata-geo/G00100100,2019,21476.28975
dcs:who/AIR_7.ENVCAUSE--ENVCAUSE118__SEX--F,dcid:undata-geo/G00100100,2019,424542.5583
dcs:who/AIR_7.AGE--Y70T74__ENVCAUSE--ENVCAUSE118__SEX--F,dcid:undata-geo/G00100100,2019,59553.91215
dcs:who/AIR_7.AGE--Y40T44__ENVCAUSE--ENVCAUSE118__SEX--F,dcid:undata-geo/G00100100,2019,5017.51122
dcs:who/AIR_7.AGE--Y65T69__ENVCAUSE--ENVCAUSE118__SEX--F,dcid:undata-geo/G00100100,2019,48874.47057
dcs:who/AIR_7.AGE--Y70T74__ENVCAUSE--ENVCAUSE068__SEX--F,dcid:undata-geo/G00100100,2019,29448.61559
dcs:who/AIR_7.AGE--Y_GE80__ENVCAUSE--ENVCAUSE039__SEX--F,dcid:undata-geo/G00100100,2019,157902.5897
dcs:who/AIR_7.AGE--Y75T79__ENVCAUSE--ENVCAUSE068__SEX--F,dcid:undata-geo/G00100100,2019,20816.36612
dcs:who/AIR_7.AGE--Y45T49__ENVCAUSE--ENVCAUSE039__SEX--F,dcid:undata-geo/G00100100,2019,7451.35822
dcs:who/AIR_7.AGE--Y35T39__ENVCAUSE--ENVCAUSE068__SEX--F,dcid:undata-geo/G00100100,2019,1107.57176
dcs:who/AIR_7.AGE--Y30T34__ENVCAUSE--ENVCAUSE039__SEX--F,dcid:undata-geo/G00100100,2019,4495.74795
dcs:who/AIR_7.AGE--Y5T9__ENVCAUSE--ENVCAUSE039__SEX--F,dcid:undata-geo/G00100100,2019,1589.33561
dcs:who/AIR_7.AGE--Y30T34__ENVCAUSE--ENVCAUSE118__SEX--F,dcid:undata-geo/G00100100,2019,2567.65302
dcs:who/AIR_7.AGE--Y55T59__ENVCAUSE--ENVCAUSE039__SEX--F,dcid:undata-geo/G00100100,2019,10741.62553
dcs:who/AIR_7.AGE--Y40T44__ENVCAUSE--ENVCAUSE039__SEX--F,dcid:undata-geo/G00100100,2019,6570.74387
dcs:who/AIR_7.AGE--Y0T4__ENVCAUSE--ENVCAUSE039__SEX--F,dcid:undata-geo/G00100100,2019,9308.21802
dcs:who/AIR_7.AGE--Y65T69__ENVCAUSE--ENVCAUSE068__SEX--F,dcid:undata-geo/G00100100,2019,31287.63898
dcs:who/AIR_7.AGE--Y75T79__ENVCAUSE--ENVCAUSE118__SEX--F,dcid:undata-geo/G00100100,2019,58271.01001
dcs:who/AIR_7.ENVCAUSE--ENVCAUSE039__SEX--F,dcid:undata-geo/G00100100,2019,301914.1029
dcs:who/AIR_7.AGE--Y25T29__ENVCAUSE--ENVCAUSE068__SEX--F,dcid:undata-geo/G00100100,2019,174.60171
dcs:who/AIR_7.AGE--Y45T49__ENVCAUSE--ENVCAUSE118__SEX--F,dcid:undata-geo/G00100100,2019,8845.51436
dcs:who/AIR_7.AGE--Y45T49__ENVCAUSE--ENVCAUSE068__SEX--F,dcid:undata-geo/G00100100,2019,6198.21406
dcs:who/AIR_7.AGE--Y60T64__ENVCAUSE--ENVCAUSE039__SEX--F,dcid:undata-geo/G00100100,2019,14094.53065
dcs:who/AIR_7.AGE--Y75T79__ENVCAUSE--ENVCAUSE039__SEX--F,dcid:undata-geo/G00100100,2019,28995.24873
dcs:who/AIR_7.AGE--Y60T64__ENVCAUSE--ENVCAUSE068__SEX--F,dcid:undata-geo/G00100100,2019,29317.84418
dcs:who/AIR_7.AGE--Y20T24__ENVCAUSE--ENVCAUSE039__SEX--F,dcid:undata-geo/G00100100,2019,2291.53543
dcs:who/AIR_7.AGE--Y15T19__ENVCAUSE--ENVCAUSE039__SEX--F,dcid:undata-geo/G00100100,2019,1553.74757
dcs:who/AIR_7.AGE--Y55T59__ENVCAUSE--ENVCAUSE118__SEX--F,dcid:undata-geo/G00100100,2019,27455.41364
dcs:who/AIR_7.AGE--Y50T54__ENVCAUSE--ENVCAUSE068__SEX--F,dcid:undata-geo/G00100100,2019,12717.53163
dcs:who/AIR_7.AGE--Y55T59__ENVCAUSE--ENVCAUSE068__SEX--F,dcid:undata-geo/G00100100,2019,22936.7241
dcs:who/AIR_7.AGE--Y50T54__ENVCAUSE--ENVCAUSE039__SEX--F,dcid:undata-geo/G00100100,2019,8492.69374
dcs:who/AIR_7.AGE--Y50T54__ENVCAUSE--ENVCAUSE118__SEX--F,dcid:undata-geo/G00100100,2019,16394.47116
dcs:who/AIR_7.AGE--Y65T69__ENVCAUSE--ENVCAUSE039__SEX--F,dcid:undata-geo/G00100100,2019,17271.44372
dcs:who/AIR_7.AGE--Y35T39__ENVCAUSE--ENVCAUSE039__SEX--F,dcid:undata-geo/G00100100,2019,5161.26766
dcs:who/AIR_7.AGE--Y_GE80__ENVCAUSE--ENVCAUSE114__SEX--F,dcid:undata-geo/G00100100,2019,298328.0326
dcs:who/AIR_7.AGE--Y40T44__ENVCAUSE--ENVCAUSE068__SEX--F,dcid:undata-geo/G00100100,2019,2564.63664
dcs:who/AIR_7.ENVCAUSE--ENVCAUSE114__SEX--F,dcid:undata-geo/G00100100,2019,683025.1105
dcs:who/AIR_7.AGE--Y10T14__ENVCAUSE--ENVCAUSE039__SEX--F,dcid:undata-geo/G00100100,2019,1209.84375
dcs:who/AIR_7.AGE--Y60T64__ENVCAUSE--ENVCAUSE118__SEX--F,dcid:undata-geo/G00100100,2019,38617.38931
dcs:who/AIR_7.AGE--Y55T59__ENVCAUSE--ENVCAUSE068,dcid:undata-geo/G00100100,2019,63675.76399
dcs:who/AIR_7.AGE--Y40T44__ENVCAUSE--ENVCAUSE113__SEX--F,dcid:undata-geo/G00100100,2019,23315.3595
dcs:who/AIR_7.AGE--Y70T74__ENVCAUSE--ENVCAUSE068,dcid:undata-geo/G00100100,2019,92598.80572
dcs:who/AIR_7.ENVCAUSE--ENVCAUSE039,dcid:undata-geo/G00100100,2019,698767.8041
dcs:who/AIR_7.AGE--Y45T49__ENVCAUSE--ENVCAUSE068,dcid:undata-geo/G00100100,2019,16010.56573
dcs:who/AIR_7.AGE--Y50T54__ENVCAUSE--ENVCAUSE068,dcid:undata-geo/G00100100,2019,33505.55482
dcs:who/AIR_7.AGE--Y_GE80__ENVCAUSE--ENVCAUSE039,dcid:undata-geo/G00100100,2019,294905.304
dcs:who/AIR_7.AGE--Y45T49__ENVCAUSE--ENVCAUSE113__SEX--F,dcid:undata-geo/G00100100,2019,38848.73744
dcs:who/AIR_7.AGE--Y75T79__ENVCAUSE--ENVCAUSE039,dcid:undata-geo/G00100100,2019,75137.44113
dcs:who/AIR_7.AGE--Y35T39__ENVCAUSE--ENVCAUSE113__SEX--F,dcid:undata-geo/G00100100,2019,13447.12882
dcs:who/AIR_7.AGE--Y65T69__ENVCAUSE--ENVCAUSE113__SEX--F,dcid:undata-geo/G00100100,2019,143253.8224
dcs:who/AIR_7.AGE--Y40T44__ENVCAUSE--ENVCAUSE114__SEX--F,dcid:undata-geo/G00100100,2019,16820.69237
dcs:who/AIR_7.ENVCAUSE--ENVCAUSE113__SEX--F,dcid:undata-geo/G00100100,2019,1679531.168
dcs:who/AIR_7.AGE--Y35T39__ENVCAUSE--ENVCAUSE068,dcid:undata-geo/G00100100,2019,2736.29096
dcs:who/AIR_7.AGE--Y65T69__ENVCAUSE--ENVCAUSE114__SEX--F,dcid:undata-geo/G00100100,2019,57341.96686
dcs:who/AIR_7.AGE--Y55T59__ENVCAUSE--ENVCAUSE113__SEX--F,dcid:undata-geo/G00100100,2019,85098.38645
dcs:who/AIR_7.AGE--Y75T79__ENVCAUSE--ENVCAUSE114__SEX--F,dcid:undata-geo/G00100100,2019,85563.2112
dcs:who/AIR_7.AGE--Y65T69__ENVCAUSE--ENVCAUSE068,dcid:undata-geo/G00100100,2019,98515.96158
dcs:who/AIR_7.SEX--F,dcid:undata-geo/G00100100,2019,3272852.808
dcs:who/AIR_7.AGE--Y50T54__ENVCAUSE--ENVCAUSE113__SEX--F,dcid:undata-geo/G00100100,2019,58039.43138
dcs:who/AIR_7.AGE--Y55T59__ENVCAUSE--ENVCAUSE114__SEX--F,dcid:undata-geo/G00100100,2019,35431.70456
dcs:who/AIR_7.AGE--Y25T29__ENVCAUSE--ENVCAUSE114__SEX--F,dcid:undata-geo/G00100100,2019,4677.6607
dcs:who/AIR_7.AGE--Y60T64__ENVCAUSE--ENVCAUSE068,dcid:undata-geo/G00100100,2019,88922.22977
dcs:who/AIR_7.AGE--Y70T74__ENVCAUSE--ENVCAUSE114__SEX--F,dcid:undata-geo/G00100100,2019,71310.4707
dcs:who/AIR_7.AGE--Y70T74__ENVCAUSE--ENVCAUSE113__SEX--F,dcid:undata-geo/G00100100,2019,172356.7141
dcs:who/AIR_7.AGE--Y35T39__ENVCAUSE--ENVCAUSE114__SEX--F,dcid:undata-geo/G00100100,2019,11330.56332
dcs:who/AIR_7.AGE--Y30T34__ENVCAUSE--ENVCAUSE113__SEX--F,dcid:undata-geo/G00100100,2019,7781.3911
dcs:who/AIR_7.AGE--Y75T79__ENVCAUSE--ENVCAUSE113__SEX--F,dcid:undata-geo/G00100100,2019,197315.3502
dcs:who/AIR_7.AGE--Y25T29__ENVCAUSE--ENVCAUSE113__SEX--F,dcid:undata-geo/G00100100,2019,3533.78575
dcs:who/AIR_7.ENVCAUSE--ENVCAUSE068,dcid:undata-geo/G00100100,2019,542910.247
dcs:who/AIR_7.AGE--Y30T34__ENVCAUSE--ENVCAUSE068,dcid:undata-geo/G00100100,2019,978.41062
dcs:who/AIR_7.AGE--Y40T44__ENVCAUSE--ENVCAUSE068,dcid:undata-geo/G00100100,2019,6670.74739
dcs:who/AIR_7.AGE--Y_GE80__ENVCAUSE--ENVCAUSE113__SEX--F,dcid:undata-geo/G00100100,2019,822463.289
dcs:who/AIR_7.AGE--Y50T54__ENVCAUSE--ENVCAUSE114__SEX--F,dcid:undata-geo/G00100100,2019,27877.4846
dcs:who/AIR_7.AGE--Y_GE80__ENVCAUSE--ENVCAUSE068,dcid:undata-geo/G00100100,2019,73344.84422
dcs:who/AIR_7.AGE--Y25T29__ENVCAUSE--ENVCAUSE068,dcid:undata-geo/G00100100,2019,386.63428
dcs:who/AIR_7.AGE--Y45T49__ENVCAUSE--ENVCAUSE114__SEX--F,dcid:undata-geo/G00100100,2019,22269.90984
dcs:who/AIR_7.AGE--Y60T64__ENVCAUSE--ENVCAUSE114__SEX--F,dcid:undata-geo/G00100100,2019,44809.45513
dcs:who/AIR_7.AGE--Y30T34__ENVCAUSE--ENVCAUSE114__SEX--F,dcid:undata-geo/G00100100,2019,7263.95867
dcs:who/AIR_7.AGE--Y75T79__ENVCAUSE--ENVCAUSE068,dcid:undata-geo/G00100100,2019,65564.43788
dcs:who/AIR_7.AGE--Y60T64__ENVCAUSE--ENVCAUSE113__SEX--F,dcid:undata-geo/G00100100,2019,114077.7717
dcs:who/AIR_7.AGE--Y_GE80__ENVCAUSE--ENVCAUSE113,dcid:undata-geo/G00100100,2019,1433995.218
dcs:who/AIR_7.AGE--Y60T64__ENVCAUSE--ENVCAUSE039,dcid:undata-geo/G00100100,2019,44687.26518
dcs:who/AIR_7.AGE--Y65T69__ENVCAUSE--ENVCAUSE118,dcid:undata-geo/G00100100,2019,116370.2106
dcs:who/AIR_7.AGE--Y25T29__ENVCAUSE--ENVCAUSE039,dcid:undata-geo/G00100100,2019,7808.34785
dcs:who/AIR_7.AGE--Y60T64__ENVCAUSE--ENVCAUSE118,dcid:undata-geo/G00100100,2019,91459.94621
dcs:who/AIR_7.AGE--Y70T74__ENVCAUSE--ENVCAUSE113,dcid:undata-geo/G00100100,2019,509519.4821
dcs:who/AIR_7.AGE--Y75T79__ENVCAUSE--ENVCAUSE113,dcid:undata-geo/G00100100,2019,484890.1587
dcs:who/AIR_7.AGE--Y55T59__ENVCAUSE--ENVCAUSE114,dcid:undata-geo/G00100100,2019,90520.65849
dcs:who/AIR_7.AGE--Y45T49__ENVCAUSE--ENVCAUSE114,dcid:undata-geo/G00100100,2019,55536.66149
dcs:who/AIR_7.ENVCAUSE--ENVCAUSE114,dcid:undata-geo/G00100100,2019,1350404.916
dcs:who/AIR_7.AGE--Y70T74__ENVCAUSE--ENVCAUSE114,dcid:undata-geo/G00100100,2019,156115.0922
dcs:who/AIR_7.AGE--Y5T9__ENVCAUSE--ENVCAUSE039,dcid:undata-geo/G00100100,2019,3023.42364
dcs:who/AIR_7.AGE--Y35T39__ENVCAUSE--ENVCAUSE114,dcid:undata-geo/G00100100,2019,25731.11475
dcs:who/AIR_7.AGE--Y40T44__ENVCAUSE--ENVCAUSE118,dcid:undata-geo/G00100100,2019,12144.55232
dcs:who/AIR_7.AGE--Y65T69__ENVCAUSE--ENVCAUSE039,dcid:undata-geo/G00100100,2019,52049.84417
dcs:who/AIR_7.ENVCAUSE--ENVCAUSE113,dcid:undata-geo/G00100100,2019,4444261.207
dcs:who/AIR_7.AGE--Y_GE80__ENVCAUSE--ENVCAUSE118,dcid:undata-geo/G00100100,2019,310252.4922
dcs:who/AIR_7.AGE--Y70T74__ENVCAUSE--ENVCAUSE118,dcid:undata-geo/G00100100,2019,141903.662
dcs:who/AIR_7.AGE--Y_GE80__ENVCAUSE--ENVCAUSE114,dcid:undata-geo/G00100100,2019,467813.0767
dcs:who/AIR_7.AGE--Y45T49__ENVCAUSE--ENVCAUSE039,dcid:undata-geo/G00100100,2019,22679.53044
dcs:who/AIR_7.AGE--Y50T54__ENVCAUSE--ENVCAUSE118,dcid:undata-geo/G00100100,2019,38237.38567
dcs:who/AIR_7.AGE--Y55T59__ENVCAUSE--ENVCAUSE118,dcid:undata-geo/G00100100,2019,63395.32179
dcs:who/AIR_7.AGE--Y75T79__ENVCAUSE--ENVCAUSE118,dcid:undata-geo/G00100100,2019,137047.2346
dcs:who/AIR_7.AGE--Y0T4__ENVCAUSE--ENVCAUSE039,dcid:undata-geo/G00100100,2019,20968.60107
dcs:who/AIR_7.AGE--Y50T54__ENVCAUSE--ENVCAUSE039,dcid:undata-geo/G00100100,2019,26881.78971
dcs:who/AIR_7.AGE--Y15T19__ENVCAUSE--ENVCAUSE039,dcid:undata-geo/G00100100,2019,3385.21413
dcs:who/AIR_7.AGE--Y45T49__ENVCAUSE--ENVCAUSE118,dcid:undata-geo/G00100100,2019,21524.78931
dcs:who/AIR_7.AGE--Y30T34__ENVCAUSE--ENVCAUSE039,dcid:undata-geo/G00100100,2019,10848.35943
dcs:who/AIR_7.AGE--Y50T54__ENVCAUSE--ENVCAUSE114,dcid:undata-geo/G00100100,2019,71195.65789
dcs:who/AIR_7.AGE--Y55T59__ENVCAUSE--ENVCAUSE039,dcid:undata-geo/G00100100,2019,34711.77462
dcs:who/AIR_7.ENVCAUSE--ENVCAUSE118,dcid:undata-geo/G00100100,2019,950853.8968
dcs:who/AIR_7.AGE--Y60T64__ENVCAUSE--ENVCAUSE114,dcid:undata-geo/G00100100,2019,112744.6791
dcs:who/AIR_7.AGE--Y30T34__ENVCAUSE--ENVCAUSE118,dcid:undata-geo/G00100100,2019,6225.58798
dcs:who/AIR_7.AGE--Y65T69__ENVCAUSE--ENVCAUSE114,dcid:undata-geo/G00100100,2019,135171.88
dcs:who/AIR_7.AGE--Y10T14__ENVCAUSE--ENVCAUSE039,dcid:undata-geo/G00100100,2019,2552.38149
dcs:who/AIR_7.AGE--Y35T39__ENVCAUSE--ENVCAUSE118,dcid:undata-geo/G00100100,2019,8140.31339
dcs:who/AIR_7.AGE--Y70T74__ENVCAUSE--ENVCAUSE039,dcid:undata-geo/G00100100,2019,61512.45016
dcs:who/AIR_7.AGE--Y75T79__ENVCAUSE--ENVCAUSE114,dcid:undata-geo/G00100100,2019,170182.6633
dcs:who/AIR_7.AGE--Y25T29__ENVCAUSE--ENVCAUSE118,dcid:undata-geo/G00100100,2019,4152.40062
dcs:who/AIR_7.AGE--Y20T24__ENVCAUSE--ENVCAUSE039,dcid:undata-geo/G00100100,2019,5551.28816
dcs:who/AIR_7.AGE--Y25T29__ENVCAUSE--ENVCAUSE114,dcid:undata-geo/G00100100,2019,9964.46324
dcs:who/AIR_7.AGE--Y35T39__ENVCAUSE--ENVCAUSE039,dcid:undata-geo/G00100100,2019,13800.64132
dcs:who/AIR_7.AGE--Y40T44__ENVCAUSE--ENVCAUSE114,dcid:undata-geo/G00100100,2019,39393.93682
dcs:who/AIR_7.AGE--Y40T44__ENVCAUSE--ENVCAUSE039,dcid:undata-geo/G00100100,2019,18264.1476
dcs:who/AIR_7.AGE--Y30T34__ENVCAUSE--ENVCAUSE114,dcid:undata-geo/G00100100,2019,16035.03165
dcs:who/AIR_7.AGE--Y45T49__ENVCAUSE--ENVCAUSE113,dcid:undata-geo/G00100100,2019,187014.4113
dcs:who/AIR_7.AGE--Y55T59__ENVCAUSE--ENVCAUSE113,dcid:undata-geo/G00100100,2019,380664.3318
dcs:who/AIR_7,dcid:undata-geo/G00100100,2019,7987198.07
dcs:who/AIR_7.AGE--Y35T39__ENVCAUSE--ENVCAUSE113,dcid:undata-geo/G00100100,2019,61897.64772
dcs:who/AIR_7.AGE--Y25T29__ENVCAUSE--ENVCAUSE113,dcid:undata-geo/G00100100,2019,14028.17605
dcs:who/AIR_7.AGE--Y50T54__ENVCAUSE--ENVCAUSE113,dcid:undata-geo/G00100100,2019,275753.7298
dcs:who/AIR_7.AGE--Y60T64__ENVCAUSE--ENVCAUSE113,dcid:undata-geo/G00100100,2019,458078.3637
dcs:who/AIR_7.AGE--Y30T34__ENVCAUSE--ENVCAUSE113,dcid:undata-geo/G00100100,2019,33507.08799
dcs:who/AIR_7.AGE--Y65T69__ENVCAUSE--ENVCAUSE113,dcid:undata-geo/G00100100,2019,493624.0905
dcs:who/AIR_7.AGE--Y40T44__ENVCAUSE--ENVCAUSE113,dcid:undata-geo/G00100100,2019,111288.5086
dcs:who/AIR_7.ENVCAUSE--ENVCAUSE068__SEX--M,dcid:undata-geo/G00100200,2019,2860141.337
dcs:who/AIR_7.AGE--Y55T59__ENVCAUSE--ENVCAUSE068__SEX--M,dcid:undata-geo/G00100200,2019,419696.0354
dcs:who/AIR_7.AGE--Y60T64__ENVCAUSE--ENVCAUSE068__SEX--M,dcid:undata-geo/G00100200,2019,484580.1823
dcs:who/AIR_7.AGE--Y75T79__ENVCAUSE--ENVCAUSE068__SEX--M,dcid:undata-geo/G00100200,2019,224784.5058
dcs:who/AIR_7.AGE--Y70T74__ENVCAUSE--ENVCAUSE068__SEX--M,dcid:undata-geo/G00100200,2019,365418.0428
dcs:who/AIR_7.AGE--Y50T54__ENVCAUSE--ENVCAUSE068__SEX--M,dcid:undata-geo/G00100200,2019,316507.4938
dcs:who/AIR_7.AGE--Y65T69__ENVCAUSE--ENVCAUSE068__SEX--M,dcid:undata-geo/G00100200,2019,517938.2741
dcs:who/AIR_7.AGE--Y_GE80__ENVCAUSE--ENVCAUSE068__SEX--M,dcid:undata-geo/G00100200,2019,171839.1593
dcs:who/AIR_7.AGE--Y_GE80__ENVCAUSE--ENVCAUSE039__SEX--M,dcid:undata-geo/G00100200,2019,525001.6268
dcs:who/AIR_7.AGE--Y45T49__ENVCAUSE--ENVCAUSE118__SEX--M,dcid:undata-geo/G00100200,2019,237518.2986
dcs:who/AIR_7.AGE--Y40T44__ENVCAUSE--ENVCAUSE068__SEX--M,dcid:undata-geo/G00100200,2019,88777.83917
dcs:who/AIR_7.AGE--Y10T14__ENVCAUSE--ENVCAUSE039__SEX--M,dcid:undata-geo/G00100200,2019,218460.0788
dcs:who/AIR_7.AGE--Y15T19__ENVCAUSE--ENVCAUSE039__SEX--M,dcid:undata-geo/G00100200,2019,115939.511
dcs:who/AIR_7.AGE--Y45T49__ENVCAUSE--ENVCAUSE039__SEX--M,dcid:undata-geo/G00100200,2019,239748.7395
dcs:who/AIR_7.AGE--Y35T39__ENVCAUSE--ENVCAUSE068__SEX--M,dcid:undata-geo/G00100200,2019,43987.63662
dcs:who/AIR_7.ENVCAUSE--ENVCAUSE118__SEX--M,dcid:undata-geo/G00100200,2019,6855145.234
dcs:who/AIR_7.AGE--Y40T44__ENVCAUSE--ENVCAUSE039__SEX--M,dcid:undata-geo/G00100200,2019,197367.5387
dcs:who/AIR_7.AGE--Y25T29__ENVCAUSE--ENVCAUSE068__SEX--M,dcid:undata-geo/G00100200,2019,12884.48625
dcs:who/AIR_7.AGE--Y35T39__ENVCAUSE--ENVCAUSE118__SEX--M,dcid:undata-geo/G00100200,2019,92037.84376
dcs:who/AIR_7.AGE--Y60T64__ENVCAUSE--ENVCAUSE118__SEX--M,dcid:undata-geo/G00100200,2019,866466.7396
dcs:who/AIR_7.AGE--Y30T34__ENVCAUSE--ENVCAUSE039__SEX--M,dcid:undata-geo/G00100200,2019,155716.5767
dcs:who/AIR_7.AGE--Y55T59__ENVCAUSE--ENVCAUSE039__SEX--M,dcid:undata-geo/G00100200,2019,347309.7365
dcs:who/AIR_7.AGE--Y25T29__ENVCAUSE--ENVCAUSE039__SEX--M,dcid:undata-geo/G00100200,2019,137961.0809
dcs:who/AIR_7.AGE--Y30T34__ENVCAUSE--ENVCAUSE068__SEX--M,dcid:undata-geo/G00100200,2019,27747.4498
dcs:who/AIR_7.AGE--Y0T4__ENVCAUSE--ENVCAUSE039__SEX--M,dcid:undata-geo/G00100200,2019,7361617.183
dcs:who/AIR_7.AGE--Y70T74__ENVCAUSE--ENVCAUSE039__SEX--M,dcid:undata-geo/G00100200,2019,425872.9339
dcs:who/AIR_7.AGE--Y25T29__ENVCAUSE--ENVCAUSE118__SEX--M,dcid:undata-geo/G00100200,2019,55548.14791
dcs:who/AIR_7.AGE--Y65T69__ENVCAUSE--ENVCAUSE118__SEX--M,dcid:undata-geo/G00100200,2019,1101335.0
dcs:who/AIR_7.AGE--Y55T59__ENVCAUSE--ENVCAUSE118__SEX--M,dcid:undata-geo/G00100200,2019,609124.2616
dcs:who/AIR_7.AGE--Y20T24__ENVCAUSE--ENVCAUSE039__SEX--M,dcid:undata-geo/G00100200,2019,121155.2606
dcs:who/AIR_7.AGE--Y70T74__ENVCAUSE--ENVCAUSE118__SEX--M,dcid:undata-geo/G00100200,2019,1092669.482
dcs:who/AIR_7.AGE--Y45T49__ENVCAUSE--ENVCAUSE068__SEX--M,dcid:undata-geo/G00100200,2019,185980.2318
dcs:who/AIR_7.AGE--Y50T54__ENVCAUSE--ENVCAUSE039__SEX--M,dcid:undata-geo/G00100200,2019,281001.7693
dcs:who/AIR_7.AGE--Y75T79__ENVCAUSE--ENVCAUSE039__SEX--M,dcid:undata-geo/G00100200,2019,359470.9208
dcs:who/AIR_7.AGE--Y65T69__ENVCAUSE--ENVCAUSE039__SEX--M,dcid:undata-geo/G00100200,2019,453083.7811
dcs:who/AIR_7.AGE--Y60T64__ENVCAUSE--ENVCAUSE039__SEX--M,dcid:undata-geo/G00100200,2019,425262.3442
dcs:who/AIR_7.AGE--Y50T54__ENVCAUSE--ENVCAUSE118__SEX--M,dcid:undata-geo/G00100200,2019,414378.7428
dcs:who/AIR_7.AGE--Y_GE80__ENVCAUSE--ENVCAUSE118__SEX--M,dcid:undata-geo/G00100200,2019,1235815.089
dcs:who/AIR_7.AGE--Y5T9__ENVCAUSE--ENVCAUSE039__SEX--M,dcid:undata-geo/G00100200,2019,361433.2657
dcs:who/AIR_7.AGE--Y30T34__ENVCAUSE--ENVCAUSE118__SEX--M,dcid:undata-geo/G00100200,2019,74169.85332
dcs:who/AIR_7.ENVCAUSE--ENVCAUSE039__SEX--M,dcid:undata-geo/G00100200,2019,11907607.3
dcs:who/AIR_7.AGE--Y75T79__ENVCAUSE--ENVCAUSE118__SEX--M,dcid:undata-geo/G00100200,2019,942331.4312
dcs:who/AIR_7.ENVCAUSE--ENVCAUSE114__SEX--M,dcid:undata-geo/G00100200,2019,10657399.55
dcs:who/AIR_7.AGE--Y40T44__ENVCAUSE--ENVCAUSE118__SEX--M,dcid:undata-geo/G00100200,2019,133750.3455
dcs:who/AIR_7.AGE--Y_GE80__ENVCAUSE--ENVCAUSE114__SEX--M,dcid:undata-geo/G00100200,2019,1254430.396
dcs:who/AIR_7.AGE--Y35T39__ENVCAUSE--ENVCAUSE039__SEX--M,dcid:undata-geo/G00100200,2019,181204.9561
dcs:who/AIR_7.AGE--Y55T59__ENVCAUSE--ENVCAUSE068__SEX--F,dcid:undata-geo/G00100200,2019,152587.6571
dcs:who/AIR_7.AGE--Y_GE80__ENVCAUSE--ENVCAUSE113__SEX--M,dcid:undata-geo/G00100200,2019,2368269.495
dcs:who/AIR_7.AGE--Y45T49__ENVCAUSE--ENVCAUSE113__SEX--M,dcid:undata-geo/G00100200,2019,1679894.654
dcs:who/AIR_7.AGE--Y70T74__ENVCAUSE--ENVCAUSE068__SEX--F,dcid:undata-geo/G00100200,2019,150377.8188
dcs:who/AIR_7.ENVCAUSE--ENVCAUSE113__SEX--M,dcid:undata-geo/G00100200,2019,21703584.28
dcs:who/AIR_7.AGE--Y60T64__ENVCAUSE--ENVCAUSE114__SEX--M,dcid:undata-geo/G00100200,2019,1454810.883
dcs:who/AIR_7.AGE--Y60T64__ENVCAUSE--ENVCAUSE068__SEX--F,dcid:undata-geo/G00100200,2019,178102.8192
dcs:who/AIR_7.AGE--Y30T34__ENVCAUSE--ENVCAUSE113__SEX--M,dcid:undata-geo/G00100200,2019,529124.6584
dcs:who/AIR_7.AGE--Y25T29__ENVCAUSE--ENVCAUSE114__SEX--M,dcid:undata-geo/G00100200,2019,124772.3305
dcs:who/AIR_7.AGE--Y_GE80__ENVCAUSE--ENVCAUSE068__SEX--F,dcid:undata-geo/G00100200,2019,99169.77839
dcs:who/AIR_7.AGE--Y45T49__ENVCAUSE--ENVCAUSE068__SEX--F,dcid:undata-geo/G00100200,2019,83739.79458
dcs:who/AIR_7.AGE--Y40T44__ENVCAUSE--ENVCAUSE113__SEX--M,dcid:undata-geo/G00100200,2019,1147825.825
dcs:who/AIR_7.ENVCAUSE--ENVCAUSE068__SEX--F,dcid:undata-geo/G00100200,2019,1198175.826
dcs:who/AIR_7.AGE--Y75T79__ENVCAUSE--ENVCAUSE113__SEX--M,dcid:undata-geo/G00100200,2019,1771704.212
dcs:who/AIR_7.AGE--Y70T74__ENVCAUSE--ENVCAUSE113__SEX--M,dcid:undata-geo/G00100200,2019,2272351.911
dcs:who/AIR_7.AGE--Y75T79__ENVCAUSE--ENVCAUSE114__SEX--M,dcid:undata-geo/G00100200,2019,1091998.247
dcs:who/AIR_7.AGE--Y35T39__ENVCAUSE--ENVCAUSE114__SEX--M,dcid:undata-geo/G00100200,2019,282698.0353
dcs:who/AIR_7.AGE--Y70T74__ENVCAUSE--ENVCAUSE114__SEX--M,dcid:undata-geo/G00100200,2019,1372382.809
dcs:who/AIR_7.AGE--Y35T39__ENVCAUSE--ENVCAUSE113__SEX--M,dcid:undata-geo/G00100200,2019,802649.4778
dcs:who/AIR_7.AGE--Y75T79__ENVCAUSE--ENVCAUSE068__SEX--F,dcid:undata-geo/G00100200,2019,103237.6739
dcs:who/AIR_7.AGE--Y55T59__ENVCAUSE--ENVCAUSE113__SEX--M,dcid:undata-geo/G00100200,2019,2781456.565
dcs:who/AIR_7.AGE--Y40T44__ENVCAUSE--ENVCAUSE114__SEX--M,dcid:undata-geo/G00100200,2019,429858.7289
dcs:who/AIR_7.AGE--Y50T54__ENVCAUSE--ENVCAUSE113__SEX--M,dcid:undata-geo/G00100200,2019,2257562.883
dcs:who/AIR_7.AGE--Y30T34__ENVCAUSE--ENVCAUSE114__SEX--M,dcid:undata-geo/G00100200,2019,199581.0062
dcs:who/AIR_7.AGE--Y40T44__ENVCAUSE--ENVCAUSE068__SEX--F,dcid:undata-geo/G00100200,2019,50890.07014
dcs:who/AIR_7.SEX--M,dcid:undata-geo/G00100200,2019,53983877.7
dcs:who/AIR_7.AGE--Y50T54__ENVCAUSE--ENVCAUSE114__SEX--M,dcid:undata-geo/G00100200,2019,959942.7459
dcs:who/AIR_7.AGE--Y65T69__ENVCAUSE--ENVCAUSE068__SEX--F,dcid:undata-geo/G00100200,2019,196922.6179
dcs:who/AIR_7.AGE--Y65T69__ENVCAUSE--ENVCAUSE113__SEX--M,dcid:undata-geo/G00100200,2019,2900665.239
dcs:who/AIR_7.AGE--Y25T29__ENVCAUSE--ENVCAUSE113__SEX--M,dcid:undata-geo/G00100200,2019,272633.0191
dcs:who/AIR_7.AGE--Y65T69__ENVCAUSE--ENVCAUSE114__SEX--M,dcid:undata-geo/G00100200,2019,1640853.873
dcs:who/AIR_7.AGE--Y45T49__ENVCAUSE--ENVCAUSE114__SEX--M,dcid:undata-geo/G00100200,2019,638903.9787
dcs:who/AIR_7.AGE--Y55T59__ENVCAUSE--ENVCAUSE114__SEX--M,dcid:undata-geo/G00100200,2019,1207166.514
dcs:who/AIR_7.AGE--Y50T54__ENVCAUSE--ENVCAUSE068__SEX--F,dcid:undata-geo/G00100200,2019,132116.379
dcs:who/AIR_7.AGE--Y60T64__ENVCAUSE--ENVCAUSE113__SEX--M,dcid:undata-geo/G00100200,2019,2919446.343
dcs:who/AIR_7.AGE--Y60T64__ENVCAUSE--ENVCAUSE118__SEX--F,dcid:undata-geo/G00100200,2019,555610.8692
dcs:who/AIR_7.AGE--Y10T14__ENVCAUSE--ENVCAUSE039__SEX--F,dcid:undata-geo/G00100200,2019,202062.0481
dcs:who/AIR_7.ENVCAUSE--ENVCAUSE039__SEX--F,dcid:undata-geo/G00100200,2019,9503003.381
dcs:who/AIR_7.AGE--Y60T64__ENVCAUSE--ENVCAUSE039__SEX--F,dcid:undata-geo/G00100200,2019,303678.1654
dcs:who/AIR_7.AGE--Y15T19__ENVCAUSE--ENVCAUSE039__SEX--F,dcid:undata-geo/G00100200,2019,94749.89127
dcs:who/AIR_7.AGE--Y70T74__ENVCAUSE--ENVCAUSE118__SEX--F,dcid:undata-geo/G00100200,2019,786217.3442
dcs:who/AIR_7.AGE--Y45T49__ENVCAUSE--ENVCAUSE039__SEX--F,dcid:undata-geo/G00100200,2019,132834.2715
dcs:who/AIR_7.AGE--Y40T44__ENVCAUSE--ENVCAUSE039__SEX--F,dcid:undata-geo/G00100200,2019,126459.5133
dcs:who/AIR_7.AGE--Y30T34__ENVCAUSE--ENVCAUSE039__SEX--F,dcid:undata-geo/G00100200,2019,106843.3675
dcs:who/AIR_7.AGE--Y65T69__ENVCAUSE--ENVCAUSE039__SEX--F,dcid:undata-geo/G00100200,2019,362973.0581
dcs:who/AIR_7.AGE--Y0T4__ENVCAUSE--ENVCAUSE039__SEX--F,dcid:undata-geo/G00100200,2019,5728392.081
dcs:who/AIR_7.AGE--Y75T79__ENVCAUSE--ENVCAUSE118__SEX--F,dcid:undata-geo/G00100200,2019,717934.1199
dcs:who/AIR_7.AGE--Y_GE80__ENVCAUSE--ENVCAUSE118__SEX--F,dcid:undata-geo/G00100200,2019,1189924.764
dcs:who/AIR_7.AGE--Y_GE80__ENVCAUSE--ENVCAUSE039__SEX--F,dcid:undata-geo/G00100200,2019,584231.127
dcs:who/AIR_7.AGE--Y55T59__ENVCAUSE--ENVCAUSE039__SEX--F,dcid:undata-geo/G00100200,2019,226986.5552
dcs:who/AIR_7.AGE--Y20T24__ENVCAUSE--ENVCAUSE039__SEX--F,dcid:undata-geo/G00100200,2019,91856.61651
dcs:who/AIR_7.AGE--Y25T29__ENVCAUSE--ENVCAUSE068__SEX--F,dcid:undata-geo/G00100200,2019,7741.68861
dcs:who/AIR_7.AGE--Y75T79__ENVCAUSE--ENVCAUSE039__SEX--F,dcid:undata-geo/G00100200,2019,328523.5435
dcs:who/AIR_7.AGE--Y5T9__ENVCAUSE--ENVCAUSE039__SEX--F,dcid:undata-geo/G00100200,2019,407736.8623
dcs:who/AIR_7.AGE--Y30T34__ENVCAUSE--ENVCAUSE068__SEX--F,dcid:undata-geo/G00100200,2019,16606.97031
dcs:who/AIR_7.AGE--Y50T54__ENVCAUSE--ENVCAUSE039__SEX--F,dcid:undata-geo/G00100200,2019,197210.6245
dcs:who/AIR_7.AGE--Y25T29__ENVCAUSE--ENVCAUSE039__SEX--F,dcid:undata-geo/G00100200,2019,104956.8288
dcs:who/AIR_7.AGE--Y35T39__ENVCAUSE--ENVCAUSE068__SEX--F,dcid:undata-geo/G00100200,2019,26682.55772
dcs:who/AIR_7.AGE--Y65T69__ENVCAUSE--ENVCAUSE118__SEX--F,dcid:undata-geo/G00100200,2019,723183.6648
dcs:who/AIR_7.AGE--Y70T74__ENVCAUSE--ENVCAUSE039__SEX--F,dcid:undata-geo/G00100200,2019,379303.0294
dcs:who/AIR_7.ENVCAUSE--ENVCAUSE118__SEX--F,dcid:undata-geo/G00100200,2019,5117856.221
dcs:who/AIR_7.AGE--Y35T39__ENVCAUSE--ENVCAUSE039__SEX--F,dcid:undata-geo/G00100200,2019,124205.7975
dcs:who/AIR_7.AGE--Y65T69__ENVCAUSE--ENVCAUSE068,dcid:undata-geo/G00100200,2019,714860.892
dcs:who/AIR_7.AGE--Y30T34__ENVCAUSE--ENVCAUSE118__SEX--F,dcid:undata-geo/G00100200,2019,67759.04635
dcs:who/AIR_7.AGE--Y25T29__ENVCAUSE--ENVCAUSE114__SEX--F,dcid:undata-geo/G00100200,2019,86739.786
dcs:who/AIR_7.AGE--Y25T29__ENVCAUSE--ENVCAUSE113__SEX--F,dcid:undata-geo/G00100200,2019,118829.0239
dcs:who/AIR_7.AGE--Y60T64__ENVCAUSE--ENVCAUSE068,dcid:undata-geo/G00100200,2019,662683.0015
dcs:who/AIR_7.AGE--Y75T79__ENVCAUSE--ENVCAUSE114__SEX--F,dcid:undata-geo/G00100200,2019,1086314.815
dcs:who/AIR_7.AGE--Y70T74__ENVCAUSE--ENVCAUSE113__SEX--F,dcid:undata-geo/G00100200,2019,1762271.502
dcs:who/AIR_7.AGE--Y45T49__ENVCAUSE--ENVCAUSE068,dcid:undata-geo/G00100200,2019,269720.0264
dcs:who/AIR_7.AGE--Y50T54__ENVCAUSE--ENVCAUSE114__SEX--F,dcid:undata-geo/G00100200,2019,681425.8436
dcs:who/AIR_7.ENVCAUSE--ENVCAUSE114__SEX--F,dcid:undata-geo/G00100200,2019,8800458.353
dcs:who/AIR_7.AGE--Y75T79__ENVCAUSE--ENVCAUSE113__SEX--F,dcid:undata-geo/G00100200,2019,1641284.217
dcs:who/AIR_7.AGE--Y55T59__ENVCAUSE--ENVCAUSE118__SEX--F,dcid:undata-geo/G00100200,2019,384617.4554
dcs:who/AIR_7.AGE--Y35T39__ENVCAUSE--ENVCAUSE113__SEX--F,dcid:undata-geo/G00100200,2019,295457.9859
dcs:who/AIR_7.AGE--Y55T59__ENVCAUSE--ENVCAUSE114__SEX--F,dcid:undata-geo/G00100200,2019,829709.0525
dcs:who/AIR_7.AGE--Y50T54__ENVCAUSE--ENVCAUSE113__SEX--F,dcid:undata-geo/G00100200,2019,1020306.686
dcs:who/AIR_7.AGE--Y55T59__ENVCAUSE--ENVCAUSE113__SEX--F,dcid:undata-geo/G00100200,2019,1282405.458
dcs:who/AIR_7.AGE--Y_GE80__ENVCAUSE--ENVCAUSE113__SEX--F,dcid:undata-geo/G00100200,2019,2931991.812
dcs:who/AIR_7.AGE--Y45T49__ENVCAUSE--ENVCAUSE118__SEX--F,dcid:undata-geo/G00100200,2019,169179.0792
dcs:who/AIR_7.AGE--Y60T64__ENVCAUSE--ENVCAUSE113__SEX--F,dcid:undata-geo/G00100200,2019,1589040.659
dcs:who/AIR_7.AGE--Y50T54__ENVCAUSE--ENVCAUSE068,dcid:undata-geo/G00100200,2019,448623.8728
dcs:who/AIR_7.AGE--Y60T64__ENVCAUSE--ENVCAUSE114__SEX--F,dcid:undata-geo/G00100200,2019,1049715.455
dcs:who/AIR_7.AGE--Y55T59__ENVCAUSE--ENVCAUSE068,dcid:undata-geo/G00100200,2019,572283.6925
dcs:who/AIR_7.ENVCAUSE--ENVCAUSE113__SEX--F,dcid:undata-geo/G00100200,2019,13829877.44
dcs:who/AIR_7.AGE--Y_GE80__ENVCAUSE--ENVCAUSE114__SEX--F,dcid:undata-geo/G00100200,2019,1576514.908
dcs:who/AIR_7.AGE--Y35T39__ENVCAUSE--ENVCAUSE114__SEX--F,dcid:undata-geo/G00100200,2019,181759.5964
dcs:who/AIR_7.ENVCAUSE--ENVCAUSE068,dcid:undata-geo/G00100200,2019,4058317.163
dcs:who/AIR_7.AGE--Y75T79__ENVCAUSE--ENVCAUSE068,dcid:undata-geo/G00100200,2019,328022.1797
dcs:who/AIR_7.AGE--Y30T34__ENVCAUSE--ENVCAUSE114__SEX--F,dcid:undata-geo/G00100200,2019,125355.5043
dcs:who/AIR_7.AGE--Y65T69__ENVCAUSE--ENVCAUSE114__SEX--F,dcid:undata-geo/G00100200,2019,1271919.737
dcs:who/AIR_7.AGE--Y45T49__ENVCAUSE--ENVCAUSE114__SEX--F,dcid:undata-geo/G00100200,2019,425546.9607
dcs:who/AIR_7.AGE--Y30T34__ENVCAUSE--ENVCAUSE113__SEX--F,dcid:undata-geo/G00100200,2019,195656.134
dcs:who/AIR_7.AGE--Y70T74__ENVCAUSE--ENVCAUSE068,dcid:undata-geo/G00100200,2019,515795.8617
dcs:who/AIR_7.AGE--Y25T29__ENVCAUSE--ENVCAUSE118__SEX--F,dcid:undata-geo/G00100200,2019,52248.93126
dcs:who/AIR_7.SEX--F,dcid:undata-geo/G00100200,2019,38449371.23
dcs:who/AIR_7.AGE--Y50T54__ENVCAUSE--ENVCAUSE118__SEX--F,dcid:undata-geo/G00100200,2019,291967.1024
dcs:who/AIR_7.AGE--Y40T44__ENVCAUSE--ENVCAUSE113__SEX--F,dcid:undata-geo/G00100200,2019,454933.1644
dcs:who/AIR_7.AGE--Y40T44__ENVCAUSE--ENVCAUSE114__SEX--F,dcid:undata-geo/G00100200,2019,273685.9291
dcs:who/AIR_7.AGE--Y65T69__ENVCAUSE--ENVCAUSE113__SEX--F,dcid:undata-geo/G00100200,2019,1868921.97
dcs:who/AIR_7.AGE--Y40T44__ENVCAUSE--ENVCAUSE118__SEX--F,dcid:undata-geo/G00100200,2019,100631.8937
dcs:who/AIR_7.AGE--Y70T74__ENVCAUSE--ENVCAUSE114__SEX--F,dcid:undata-geo/G00100200,2019,1211770.766
dcs:who/AIR_7.AGE--Y45T49__ENVCAUSE--ENVCAUSE113__SEX--F,dcid:undata-geo/G00100200,2019,668778.8321
dcs:who/AIR_7.AGE--Y35T39__ENVCAUSE--ENVCAUSE118__SEX--F,dcid:undata-geo/G00100200,2019,78581.95122
dcs:who/AIR_7.AGE--Y_GE80__ENVCAUSE--ENVCAUSE068,dcid:undata-geo/G00100200,2019,271008.9377
dcs:who/AIR_7.AGE--Y40T44__ENVCAUSE--ENVCAUSE039,dcid:undata-geo/G00100200,2019,323827.052
dcs:who/AIR_7.AGE--Y75T79__ENVCAUSE--ENVCAUSE039,dcid:undata-geo/G00100200,2019,687994.4643
dcs:who/AIR_7.AGE--Y25T29__ENVCAUSE--ENVCAUSE114,dcid:undata-geo/G00100200,2019,211512.1165
dcs:who/AIR_7.AGE--Y30T34__ENVCAUSE--ENVCAUSE039,dcid:undata-geo/G00100200,2019,262559.9441
dcs:who/AIR_7.AGE--Y45T49__ENVCAUSE--ENVCAUSE118,dcid:undata-geo/G00100200,2019,406697.3778
dcs:who/AIR_7.AGE--Y45T49__ENVCAUSE--ENVCAUSE039,dcid:undata-geo/G00100200,2019,372583.011
dcs:who/AIR_7.AGE--Y40T44__ENVCAUSE--ENVCAUSE068,dcid:undata-geo/G00100200,2019,139667.9093
dcs:who/AIR_7.AGE--Y70T74__ENVCAUSE--ENVCAUSE118,dcid:undata-geo/G00100200,2019,1878886.826
dcs:who/AIR_7.AGE--Y50T54__ENVCAUSE--ENVCAUSE039,dcid:undata-geo/G00100200,2019,478212.3938
dcs:who/AIR_7.AGE--Y60T64__ENVCAUSE--ENVCAUSE114,dcid:undata-geo/G00100200,2019,2504526.338
dcs:who/AIR_7.ENVCAUSE--ENVCAUSE118,dcid:undata-geo/G00100200,2019,11973001.46
dcs:who/AIR_7.AGE--Y40T44__ENVCAUSE--ENVCAUSE118,dcid:undata-geo/G00100200,2019,234382.2393
dcs:who/AIR_7.AGE--Y10T14__ENVCAUSE--ENVCAUSE039,dcid:undata-geo/G00100200,2019,420522.1269
dcs:who/AIR_7.AGE--Y_GE80__ENVCAUSE--ENVCAUSE118,dcid:undata-geo/G00100200,2019,2425739.852
dcs:who/AIR_7.AGE--Y25T29__ENVCAUSE--ENVCAUSE068,dcid:undata-geo/G00100200,2019,20626.17486
dcs:who/AIR_7.AGE--Y40T44__ENVCAUSE--ENVCAUSE114,dcid:undata-geo/G00100200,2019,703544.6581
dcs:who/AIR_7.AGE--Y50T54__ENVCAUSE--ENVCAUSE118,dcid:undata-geo/G00100200,2019,706345.8453
dcs:who/AIR_7.AGE--Y75T79__ENVCAUSE--ENVCAUSE118,dcid:undata-geo/G00100200,2019,1660265.551
dcs:who/AIR_7.AGE--Y20T24__ENVCAUSE--ENVCAUSE039,dcid:undata-geo/G00100200,2019,213011.8771
dcs:who/AIR_7.AGE--Y25T29__ENVCAUSE--ENVCAUSE118,dcid:undata-geo/G00100200,2019,107797.0792
dcs:who/AIR_7.AGE--Y50T54__ENVCAUSE--ENVCAUSE114,dcid:undata-geo/G00100200,2019,1641368.589
dcs:who/AIR_7.AGE--Y65T69__ENVCAUSE--ENVCAUSE114,dcid:undata-geo/G00100200,2019,2912773.61
dcs:who/AIR_7.AGE--Y65T69__ENVCAUSE--ENVCAUSE039,dcid:undata-geo/G00100200,2019,816056.8392
dcs:who/AIR_7.AGE--Y55T59__ENVCAUSE--ENVCAUSE118,dcid:undata-geo/G00100200,2019,993741.7171
dcs:who/AIR_7.AGE--Y15T19__ENVCAUSE--ENVCAUSE039,dcid:undata-geo/G00100200,2019,210689.4023
dcs:who/AIR_7.AGE--Y55T59__ENVCAUSE--ENVCAUSE039,dcid:undata-geo/G00100200,2019,574296.2917
dcs:who/AIR_7.AGE--Y35T39__ENVCAUSE--ENVCAUSE068,dcid:undata-geo/G00100200,2019,70670.19435
dcs:who/AIR_7.ENVCAUSE--ENVCAUSE114,dcid:undata-geo/G00100200,2019,19457857.9
dcs:who/AIR_7.AGE--Y30T34__ENVCAUSE--ENVCAUSE118,dcid:undata-geo/G00100200,2019,141928.8997
dcs:who/AIR_7.AGE--Y25T29__ENVCAUSE--ENVCAUSE039,dcid:undata-geo/G00100200,2019,242917.9096
dcs:who/AIR_7.AGE--Y35T39__ENVCAUSE--ENVCAUSE114,dcid:undata-geo/G00100200,2019,464457.6317
dcs:who/AIR_7.AGE--Y45T49__ENVCAUSE--ENVCAUSE114,dcid:undata-geo/G00100200,2019,1064450.939
dcs:who/AIR_7.AGE--Y30T34__ENVCAUSE--ENVCAUSE114,dcid:undata-geo/G00100200,2019,324936.5105
dcs:who/AIR_7.AGE--Y70T74__ENVCAUSE--ENVCAUSE114,dcid:undata-geo/G00100200,2019,2584153.574
dcs:who/AIR_7.AGE--Y75T79__ENVCAUSE--ENVCAUSE114,dcid:undata-geo/G00100200,2019,2178313.062
dcs:who/AIR_7.AGE--Y0T4__ENVCAUSE--ENVCAUSE039,dcid:undata-geo/G00100200,2019,13090009.26
dcs:who/AIR_7.AGE--Y30T34__ENVCAUSE--ENVCAUSE068,dcid:undata-geo/G00100200,2019,44354.42011
dcs:who/AIR_7.AGE--Y35T39__ENVCAUSE--ENVCAUSE118,dcid:undata-geo/G00100200,2019,170619.795
dcs:who/AIR_7.AGE--Y55T59__ENVCAUSE--ENVCAUSE114,dcid:undata-geo/G00100200,2019,2036875.566
dcs:who/AIR_7.AGE--Y70T74__ENVCAUSE--ENVCAUSE039,dcid:undata-geo/G00100200,2019,805175.9633
dcs:who/AIR_7.ENVCAUSE--ENVCAUSE039,dcid:undata-geo/G00100200,2019,21410610.68
dcs:who/AIR_7.AGE--Y5T9__ENVCAUSE--ENVCAUSE039,dcid:undata-geo/G00100200,2019,769170.128
dcs:who/AIR_7.AGE--Y35T39__ENVCAUSE--ENVCAUSE039,dcid:undata-geo/G00100200,2019,305410.7537
dcs:who/AIR_7.AGE--Y_GE80__ENVCAUSE--ENVCAUSE039,dcid:undata-geo/G00100200,2019,1109232.754
dcs:who/AIR_7.AGE--Y60T64__ENVCAUSE--ENVCAUSE118,dcid:undata-geo/G00100200,2019,1422077.609
dcs:who/AIR_7.AGE--Y65T69__ENVCAUSE--ENVCAUSE118,dcid:undata-geo/G00100200,2019,1824518.665
dcs:who/AIR_7.AGE--Y_GE80__ENVCAUSE--ENVCAUSE114,dcid:undata-geo/G00100200,2019,2830945.304
dcs:who/AIR_7.AGE--Y60T64__ENVCAUSE--ENVCAUSE039,dcid:undata-geo/G00100200,2019,728940.5096
dcs:who/AIR_7.AGE--Y40T44__ENVCAUSE--ENVCAUSE113,dcid:undata-geo/G00100200,2019,1602758.989
dcs:who/AIR_7,dcid:undata-geo/G00100200,2019,92433248.93
dcs:who/AIR_7.AGE--Y65T69__ENVCAUSE--ENVCAUSE113,dcid:undata-geo/G00100200,2019,4769587.209
dcs:who/AIR_7.AGE--Y70T74__ENVCAUSE--ENVCAUSE113,dcid:undata-geo/G00100200,2019,4034623.412
dcs:who/AIR_7.AGE--Y45T49__ENVCAUSE--ENVCAUSE113,dcid:undata-geo/G00100200,2019,2348673.486
dcs:who/AIR_7.AGE--Y25T29__ENVCAUSE--ENVCAUSE113,dcid:undata-geo/G00100200,2019,391462.043
dcs:who/AIR_7.AGE--Y50T54__ENVCAUSE--ENVCAUSE113,dcid:undata-geo/G00100200,2019,3277869.569
dcs:who/AIR_7.AGE--Y75T79__ENVCAUSE--ENVCAUSE113,dcid:undata-geo/G00100200,2019,3412988.429
dcs:who/AIR_7.AGE--Y30T34__ENVCAUSE--ENVCAUSE113,dcid:undata-geo/G00100200,2019,724780.7923
dcs:who/AIR_7.ENVCAUSE--ENVCAUSE113,dcid:undata-geo/G00100200,2019,35533461.73
dcs:who/AIR_7.AGE--Y35T39__ENVCAUSE--ENVCAUSE113,dcid:undata-geo/G00100200,2019,1098107.464
dcs:who/AIR_7.AGE--Y55T59__ENVCAUSE--ENVCAUSE113,dcid:undata-geo/G00100200,2019,4063862.023
dcs:who/AIR_7.AGE--Y60T64__ENVCAUSE--ENVCAUSE113,dcid:undata-geo/G00100200,2019,4508487.002
dcs:who/AIR_7.AGE--Y_GE80__ENVCAUSE--ENVCAUSE113,dcid:undata-geo/G00100200,2019,5300261.307
dcs:who/AIR_7.AGE--Y70T74__ENVCAUSE--ENVCAUSE039__SEX--M,dcid:undata-geo/G00103000,2019,19396.01447
dcs:who/AIR_7.AGE--Y65T69__ENVCAUSE--ENVCAUSE068__SEX--M,dcid:undata-geo/G00103000,2019,26828.92779
dcs:who/AIR_7.AGE--Y55T59__ENVCAUSE--ENVCAUSE068__SEX--M,dcid:undata-geo/G00103000,2019,30834.59453
dcs:who/AIR_7.AGE--Y75T79__ENVCAUSE--ENVCAUSE068__SEX--M,dcid:undata-geo/G00103000,2019,10008.88021
dcs:who/AIR_7.AGE--Y40T44__ENVCAUSE--ENVCAUSE068__SEX--M,dcid:undata-geo/G00103000,2019,6343.80198
dcs:who/AIR_7.AGE--Y30T34__ENVCAUSE--ENVCAUSE068__SEX--M,dcid:undata-geo/G00103000,2019,1315.81302
dcs:who/AIR_7.AGE--Y50T54__ENVCAUSE--ENVCAUSE068__SEX--M,dcid:undata-geo/G00103000,2019,23043.26499
dcs:who/AIR_7.ENVCAUSE--ENVCAUSE068__SEX--M,dcid:undata-geo/G00103000,2019,171419.9982
dcs:who/AIR_7.AGE--Y_GE80__ENVCAUSE--ENVCAUSE068__SEX--M,dcid:undata-geo/G00103000,2019,6358.96125
dcs:who/AIR_7.ENVCAUSE--ENVCAUSE039__SEX--M,dcid:undata-geo/G00103000,2019,588360.2805
dcs:who/AIR_7.AGE--Y70T74__ENVCAUSE--ENVCAUSE068__SEX--M,dcid:undata-geo/G00103000,2019,17588.707
dcs:who/AIR_7.AGE--Y35T39__ENVCAUSE--ENVCAUSE068__SEX--M,dcid:undata-geo/G00103000,2019,2216.37212
dcs:who/AIR_7.AGE--Y45T49__ENVCAUSE--ENVCAUSE068__SEX--M,dcid:undata-geo/G00103000,2019,14128.54325
dcs:who/AIR_7.AGE--Y75T79__ENVCAUSE--ENVCAUSE039__SEX--M,dcid:undata-geo/G00103000,2019,15952.72273
dcs:who/AIR_7.AGE--Y60T64__ENVCAUSE--ENVCAUSE068__SEX--M,dcid:undata-geo/G00103000,2019,31750.59211
dcs:who/AIR_7.AGE--Y25T29__ENVCAUSE--ENVCAUSE068__SEX--M,dcid:undata-geo/G00103000,2019,1001.53997
dcs:who/AIR_7.AGE--Y_GE80__ENVCAUSE--ENVCAUSE039__SEX--M,dcid:undata-geo/G00103000,2019,21179.39089
dcs:who/AIR_7.ENVCAUSE--ENVCAUSE118__SEX--M,dcid:undata-geo/G00103000,2019,237706.854
dcs:who/AIR_7.AGE--Y10T14__ENVCAUSE--ENVCAUSE039__SEX--M,dcid:undata-geo/G00103000,2019,17424.87311
dcs:who/AIR_7.AGE--Y55T59__ENVCAUSE--ENVCAUSE118__SEX--M,dcid:undata-geo/G00103000,2019,25748.49511
dcs:who/AIR_7.AGE--Y40T44__ENVCAUSE--ENVCAUSE039__SEX--M,dcid:undata-geo/G00103000,2019,13936.10744
dcs:who/AIR_7.AGE--Y55T59__ENVCAUSE--ENVCAUSE114__SEX--M,dcid:undata-geo/G00103000,2019,54551.51241
dcs:who/AIR_7.AGE--Y45T49__ENVCAUSE--ENVCAUSE118__SEX--M,dcid:undata-geo/G00103000,2019,13439.65492
dcs:who/AIR_7.AGE--Y20T24__ENVCAUSE--ENVCAUSE039__SEX--M,dcid:undata-geo/G00103000,2019,9992.62512
dcs:who/AIR_7.AGE--Y50T54__ENVCAUSE--ENVCAUSE039__SEX--M,dcid:undata-geo/G00103000,2019,16690.41774
dcs:who/AIR_7.AGE--Y35T39__ENVCAUSE--ENVCAUSE118__SEX--M,dcid:undata-geo/G00103000,2019,7087.52491
dcs:who/AIR_7.AGE--Y50T54__ENVCAUSE--ENVCAUSE113__SEX--M,dcid:undata-geo/G00103000,2019,237533.3315
dcs:who/AIR_7.ENVCAUSE--ENVCAUSE113__SEX--M,dcid:undata-geo/G00103000,2019,2207584.924
dcs:who/AIR_7.AGE--Y65T69__ENVCAUSE--ENVCAUSE113__SEX--M,dcid:undata-geo/G00103000,2019,304159.1832
dcs:who/AIR_7.AGE--Y5T9__ENVCAUSE--ENVCAUSE039__SEX--M,dcid:undata-geo/G00103000,2019,24158.43979
dcs:who/AIR_7.AGE--Y55T59__ENVCAUSE--ENVCAUSE113__SEX--M,dcid:undata-geo/G00103000,2019,299476.9018
dcs:who/AIR_7.AGE--Y70T74__ENVCAUSE--ENVCAUSE118__SEX--M,dcid:undata-geo/G00103000,2019,30695.97028
dcs:who/AIR_7.AGE--Y60T64__ENVCAUSE--ENVCAUSE039__SEX--M,dcid:undata-geo/G00103000,2019,24532.89839
dcs:who/AIR_7.AGE--Y70T74__ENVCAUSE--ENVCAUSE113__SEX--M,dcid:undata-geo/G00103000,2019,226794.6495
dcs:who/AIR_7.AGE--Y65T69__ENVCAUSE--ENVCAUSE039__SEX--M,dcid:undata-geo/G00103000,2019,22071.95708
dcs:who/AIR_7.AGE--Y50T54__ENVCAUSE--ENVCAUSE114__SEX--M,dcid:undata-geo/G00103000,2019,44255.73374
dcs:who/AIR_7.AGE--Y0T4__ENVCAUSE--ENVCAUSE039__SEX--M,dcid:undata-geo/G00103000,2019,322971.5689
dcs:who/AIR_7.AGE--Y70T74__ENVCAUSE--ENVCAUSE114__SEX--M,dcid:undata-geo/G00103000,2019,56584.90055
dcs:who/AIR_7.AGE--Y15T19__ENVCAUSE--ENVCAUSE039__SEX--M,dcid:undata-geo/G00103000,2019,11534.12782
dcs:who/AIR_7.AGE--Y30T34__ENVCAUSE--ENVCAUSE114__SEX--M,dcid:undata-geo/G00103000,2019,17683.12759
dcs:who/AIR_7.AGE--Y40T44__ENVCAUSE--ENVCAUSE114__SEX--M,dcid:undata-geo/G00103000,2019,26834.34265
dcs:who/AIR_7.AGE--Y_GE80__ENVCAUSE--ENVCAUSE114__SEX--M,dcid:undata-geo/G00103000,2019,54042.7251
dcs:who/AIR_7.AGE--Y35T39__ENVCAUSE--ENVCAUSE113__SEX--M,dcid:undata-geo/G00103000,2019,80065.93117
dcs:who/AIR_7.AGE--Y30T34__ENVCAUSE--ENVCAUSE039__SEX--M,dcid:undata-geo/G00103000,2019,11012.24468
dcs:who/AIR_7.AGE--Y_GE80__ENVCAUSE--ENVCAUSE113__SEX--M,dcid:undata-geo/G00103000,2019,192479.3354
dcs:who/AIR_7.AGE--Y60T64__ENVCAUSE--ENVCAUSE114__SEX--M,dcid:undata-geo/G00103000,2019,64941.44799
dcs:who/AIR_7.AGE--Y_GE80__ENVCAUSE--ENVCAUSE118__SEX--M,dcid:undata-geo/G00103000,2019,27766.2963
dcs:who/AIR_7.AGE--Y60T64__ENVCAUSE--ENVCAUSE118__SEX--M,dcid:undata-geo/G00103000,2019,32939.24914
dcs:who/AIR_7.AGE--Y60T64__ENVCAUSE--ENVCAUSE113__SEX--M,dcid:undata-geo/G00103000,2019,322243.0155
dcs:who/AIR_7.AGE--Y65T69__ENVCAUSE--ENVCAUSE118__SEX--M,dcid:undata-geo/G00103000,2019,34922.01482
dcs:who/AIR_7.AGE--Y75T79__ENVCAUSE--ENVCAUSE114__SEX--M,dcid:undata-geo/G00103000,2019,49665.57655
dcs:who/AIR_7.AGE--Y50T54__ENVCAUSE--ENVCAUSE118__SEX--M,dcid:undata-geo/G00103000,2019,19364.07674
dcs:who/AIR_7.AGE--Y35T39__ENVCAUSE--ENVCAUSE114__SEX--M,dcid:undata-geo/G00103000,2019,21653.02786
dcs:who/AIR_7.AGE--Y45T49__ENVCAUSE--ENVCAUSE113__SEX--M,dcid:undata-geo/G00103000,2019,171480.3084
dcs:who/AIR_7.AGE--Y45T49__ENVCAUSE--ENVCAUSE039__SEX--M,dcid:undata-geo/G00103000,2019,14332.57551
dcs:who/AIR_7.AGE--Y25T29__ENVCAUSE--ENVCAUSE114__SEX--M,dcid:undata-geo/G00103000,2019,16283.57812
dcs:who/AIR_7.AGE--Y40T44__ENVCAUSE--ENVCAUSE113__SEX--M,dcid:undata-geo/G00103000,2019,120136.5432
dcs:who/AIR_7.AGE--Y75T79__ENVCAUSE--ENVCAUSE118__SEX--M,dcid:undata-geo/G00103000,2019,24940.61617
dcs:who/AIR_7.AGE--Y25T29__ENVCAUSE--ENVCAUSE039__SEX--M,dcid:undata-geo/G00103000,2019,9922.96681
dcs:who/AIR_7.AGE--Y25T29__ENVCAUSE--ENVCAUSE118__SEX--M,dcid:undata-geo/G00103000,2019,4928.0773
dcs:who/AIR_7.AGE--Y75T79__ENVCAUSE--ENVCAUSE113__SEX--M,dcid:undata-geo/G00103000,2019,171264.7883
dcs:who/AIR_7.AGE--Y65T69__ENVCAUSE--ENVCAUSE114__SEX--M,dcid:undata-geo/G00103000,2019,67440.84331
dcs:who/AIR_7.AGE--Y40T44__ENVCAUSE--ENVCAUSE118__SEX--M,dcid:undata-geo/G00103000,2019,9416.73366
dcs:who/AIR_7.AGE--Y55T59__ENVCAUSE--ENVCAUSE039__SEX--M,dcid:undata-geo/G00103000,2019,20530.02434
dcs:who/AIR_7.ENVCAUSE--ENVCAUSE114__SEX--M,dcid:undata-geo/G00103000,2019,508330.6686
dcs:who/AIR_7.AGE--Y45T49__ENVCAUSE--ENVCAUSE114__SEX--M,dcid:undata-geo/G00103000,2019,34393.85273
dcs:who/AIR_7.AGE--Y30T34__ENVCAUSE--ENVCAUSE118__SEX--M,dcid:undata-geo/G00103000,2019,6458.14462
dcs:who/AIR_7.AGE--Y35T39__ENVCAUSE--ENVCAUSE039__SEX--M,dcid:undata-geo/G00103000,2019,12721.32567
dcs:who/AIR_7.AGE--Y45T49__ENVCAUSE--ENVCAUSE039__SEX--F,dcid:undata-geo/G00103000,2019,9618.75901
dcs:who/AIR_7.AGE--Y30T34__ENVCAUSE--ENVCAUSE039__SEX--F,dcid:undata-geo/G00103000,2019,8611.70349
dcs:who/AIR_7.AGE--Y55T59__ENVCAUSE--ENVCAUSE039__SEX--F,dcid:undata-geo/G00103000,2019,11843.73977
dcs:who/AIR_7.AGE--Y35T39__ENVCAUSE--ENVCAUSE039__SEX--F,dcid:undata-geo/G00103000,2019,8716.15566
dcs:who/AIR_7.AGE--Y50T54__ENVCAUSE--ENVCAUSE068__SEX--F,dcid:undata-geo/G00103000,2019,5007.64817
dcs:who/AIR_7.AGE--Y_GE80__ENVCAUSE--ENVCAUSE114__SEX--F,dcid:undata-geo/G00103000,2019,91802.09845
dcs:who/AIR_7.ENVCAUSE--ENVCAUSE114__SEX--F,dcid:undata-geo/G00103000,2019,526019.9811
dcs:who/AIR_7.AGE--Y40T44__ENVCAUSE--ENVCAUSE068__SEX--F,dcid:undata-geo/G00103000,2019,2303.50447
dcs:who/AIR_7.AGE--Y0T4__ENVCAUSE--ENVCAUSE039__SEX--F,dcid:undata-geo/G00103000,2019,251816.7393
dcs:who/AIR_7.AGE--Y50T54__ENVCAUSE--ENVCAUSE039__SEX--F,dcid:undata-geo/G00103000,2019,10317.25139
dcs:who/AIR_7.AGE--Y_GE80__ENVCAUSE--ENVCAUSE118__SEX--F,dcid:undata-geo/G00103000,2019,27229.64259
dcs:who/AIR_7.AGE--Y45T49__ENVCAUSE--ENVCAUSE068__SEX--F,dcid:undata-geo/G00103000,2019,3620.02906
dcs:who/AIR_7.SEX--M,dcid:undata-geo/G00103000,2019,3713402.725
dcs:who/AIR_7.AGE--Y65T69__ENVCAUSE--ENVCAUSE039__SEX--F,dcid:undata-geo/G00103000,2019,15694.96214
dcs:who/AIR_7.AGE--Y40T44__ENVCAUSE--ENVCAUSE118__SEX--F,dcid:undata-geo/G00103000,2019,6890.28407
dcs:who/AIR_7.ENVCAUSE--ENVCAUSE039__SEX--F,dcid:undata-geo/G00103000,2019,462067.4419
dcs:who/AIR_7.AGE--Y35T39__ENVCAUSE--ENVCAUSE118__SEX--F,dcid:undata-geo/G00103000,2019,6274.65212
dcs:who/AIR_7.AGE--Y_GE80__ENVCAUSE--ENVCAUSE039__SEX--F,dcid:undata-geo/G00103000,2019,26775.53319
dcs:who/AIR_7.AGE--Y60T64__ENVCAUSE--ENVCAUSE039__SEX--F,dcid:undata-geo/G00103000,2019,14604.76049
dcs:who/AIR_7.AGE--Y25T29__ENVCAUSE--ENVCAUSE113__SEX--M,dcid:undata-geo/G00103000,2019,28773.36448
dcs:who/AIR_7.AGE--Y70T74__ENVCAUSE--ENVCAUSE114__SEX--F,dcid:undata-geo/G00103000,2019,63661.0465
dcs:who/AIR_7.AGE--Y5T9__ENVCAUSE--ENVCAUSE039__SEX--F,dcid:undata-geo/G00103000,2019,27473.65083
dcs:who/AIR_7.AGE--Y75T79__ENVCAUSE--ENVCAUSE118__SEX--F,dcid:undata-geo/G00103000,2019,16989.40547
dcs:who/AIR_7.ENVCAUSE--ENVCAUSE068__SEX--F,dcid:undata-geo/G00103000,2019,40144.71449
dcs:who/AIR_7.AGE--Y30T34__ENVCAUSE--ENVCAUSE118__SEX--F,dcid:undata-geo/G00103000,2019,5232.59372
dcs:who/AIR_7.AGE--Y55T59__ENVCAUSE--ENVCAUSE118__SEX--F,dcid:undata-geo/G00103000,2019,15115.01449
dcs:who/AIR_7.AGE--Y50T54__ENVCAUSE--ENVCAUSE118__SEX--F,dcid:undata-geo/G00103000,2019,12105.52819
dcs:who/AIR_7.AGE--Y25T29__ENVCAUSE--ENVCAUSE118__SEX--F,dcid:undata-geo/G00103000,2019,3928.74729
dcs:who/AIR_7.AGE--Y25T29__ENVCAUSE--ENVCAUSE039__SEX--F,dcid:undata-geo/G00103000,2019,7331.8729
dcs:who/AIR_7.AGE--Y45T49__ENVCAUSE--ENVCAUSE118__SEX--F,dcid:undata-geo/G00103000,2019,9310.62282
dcs:who/AIR_7.AGE--Y55T59__ENVCAUSE--ENVCAUSE068__SEX--F,dcid:undata-geo/G00103000,2019,5768.61387
dcs:who/AIR_7.AGE--Y30T34__ENVCAUSE--ENVCAUSE068__SEX--F,dcid:undata-geo/G00103000,2019,808.28953
dcs:who/AIR_7.AGE--Y75T79__ENVCAUSE--ENVCAUSE068__SEX--F,dcid:undata-geo/G00103000,2019,2653.70087
dcs:who/AIR_7.AGE--Y65T69__ENVCAUSE--ENVCAUSE068__SEX--F,dcid:undata-geo/G00103000,2019,5538.68151
dcs:who/AIR_7.AGE--Y65T69__ENVCAUSE--ENVCAUSE118__SEX--F,dcid:undata-geo/G00103000,2019,18990.16275
dcs:who/AIR_7.AGE--Y75T79__ENVCAUSE--ENVCAUSE039__SEX--F,dcid:undata-geo/G00103000,2019,14589.63621
dcs:who/AIR_7.ENVCAUSE--ENVCAUSE118__SEX--F,dcid:undata-geo/G00103000,2019,157536.6256
dcs:who/AIR_7.AGE--Y30T34__ENVCAUSE--ENVCAUSE113__SEX--M,dcid:undata-geo/G00103000,2019,53177.57144
dcs:who/AIR_7.AGE--Y75T79__ENVCAUSE--ENVCAUSE114__SEX--F,dcid:undata-geo/G00103000,2019,62249.62452
dcs:who/AIR_7.AGE--Y70T74__ENVCAUSE--ENVCAUSE068__SEX--F,dcid:undata-geo/G00103000,2019,4119.61788
dcs:who/AIR_7.AGE--Y70T74__ENVCAUSE--ENVCAUSE039__SEX--F,dcid:undata-geo/G00103000,2019,15656.81526
dcs:who/AIR_7.AGE--Y25T29__ENVCAUSE--ENVCAUSE068__SEX--F,dcid:undata-geo/G00103000,2019,645.64369
dcs:who/AIR_7.AGE--Y60T64__ENVCAUSE--ENVCAUSE068__SEX--F,dcid:undata-geo/G00103000,2019,5957.53522
dcs:who/AIR_7.AGE--Y60T64__ENVCAUSE--ENVCAUSE118__SEX--F,dcid:undata-geo/G00103000,2019,17179.08767
dcs:who/AIR_7.AGE--Y40T44__ENVCAUSE--ENVCAUSE039__SEX--F,dcid:undata-geo/G00103000,2019,9500.97155
dcs:who/AIR_7.AGE--Y70T74__ENVCAUSE--ENVCAUSE118__SEX--F,dcid:undata-geo/G00103000,2019,18290.88436
dcs:who/AIR_7.AGE--Y35T39__ENVCAUSE--ENVCAUSE068__SEX--F,dcid:undata-geo/G00103000,2019,1257.06257
dcs:who/AIR_7.AGE--Y10T14__ENVCAUSE--ENVCAUSE039__SEX--F,dcid:undata-geo/G00103000,2019,14351.99731
dcs:who/AIR_7.AGE--Y20T24__ENVCAUSE--ENVCAUSE039__SEX--F,dcid:undata-geo/G00103000,2019,7309.0794
dcs:who/AIR_7.AGE--Y_GE80__ENVCAUSE--ENVCAUSE068__SEX--F,dcid:undata-geo/G00103000,2019,2464.38766
dcs:who/AIR_7.AGE--Y15T19__ENVCAUSE--ENVCAUSE039__SEX--F,dcid:undata-geo/G00103000,2019,7853.81404
dcs:who/AIR_7.AGE--Y30T34__ENVCAUSE--ENVCAUSE068,dcid:undata-geo/G00103000,2019,2124.10255
dcs:who/AIR_7.AGE--Y40T44__ENVCAUSE--ENVCAUSE068,dcid:undata-geo/G00103000,2019,8647.30646
dcs:who/AIR_7.AGE--Y25T29__ENVCAUSE--ENVCAUSE113__SEX--F,dcid:undata-geo/G00103000,2019,14248.41958
dcs:who/AIR_7.AGE--Y60T64__ENVCAUSE--ENVCAUSE113__SEX--F,dcid:undata-geo/G00103000,2019,180931.1699
dcs:who/AIR_7.AGE--Y35T39__ENVCAUSE--ENVCAUSE114__SEX--F,dcid:undata-geo/G00103000,2019,18896.36382
dcs:who/AIR_7.AGE--Y50T54__ENVCAUSE--ENVCAUSE068,dcid:undata-geo/G00103000,2019,28050.91317
dcs:who/AIR_7.AGE--Y20T24__ENVCAUSE--ENVCAUSE039,dcid:undata-geo/G00103000,2019,17301.70452
dcs:who/AIR_7.AGE--Y5T9__ENVCAUSE--ENVCAUSE039,dcid:undata-geo/G00103000,2019,51632.09062
dcs:who/AIR_7.AGE--Y10T14__ENVCAUSE--ENVCAUSE039,dcid:undata-geo/G00103000,2019,31776.87041
dcs:who/AIR_7.AGE--Y70T74__ENVCAUSE--ENVCAUSE039,dcid:undata-geo/G00103000,2019,35052.82973
dcs:who/AIR_7.AGE--Y25T29__ENVCAUSE--ENVCAUSE039,dcid:undata-geo/G00103000,2019,17254.8397
dcs:who/AIR_7.AGE--Y25T29__ENVCAUSE--ENVCAUSE068,dcid:undata-geo/G00103000,2019,1647.18366
dcs:who/AIR_7.ENVCAUSE--ENVCAUSE068,dcid:undata-geo/G00103000,2019,211564.7127
dcs:who/AIR_7.AGE--Y60T64__ENVCAUSE--ENVCAUSE114__SEX--F,dcid:undata-geo/G00103000,2019,58072.47713
dcs:who/AIR_7.AGE--Y70T74__ENVCAUSE--ENVCAUSE068,dcid:undata-geo/G00103000,2019,21708.32488
dcs:who/AIR_7.AGE--Y75T79__ENVCAUSE--ENVCAUSE039,dcid:undata-geo/G00103000,2019,30542.35894
dcs:who/AIR_7.AGE--Y45T49__ENVCAUSE--ENVCAUSE113__SEX--F,dcid:undata-geo/G00103000,2019,73666.97826
dcs:who/AIR_7.AGE--Y30T34__ENVCAUSE--ENVCAUSE039,dcid:undata-geo/G00103000,2019,19623.94817
dcs:who/AIR_7.AGE--Y55T59__ENVCAUSE--ENVCAUSE039,dcid:undata-geo/G00103000,2019,32373.76411
dcs:who/AIR_7.AGE--Y35T39__ENVCAUSE--ENVCAUSE039,dcid:undata-geo/G00103000,2019,21437.48133
dcs:who/AIR_7.AGE--Y45T49__ENVCAUSE--ENVCAUSE068,dcid:undata-geo/G00103000,2019,17748.57231
dcs:who/AIR_7.AGE--Y_GE80__ENVCAUSE--ENVCAUSE039,dcid:undata-geo/G00103000,2019,47954.92408
dcs:who/AIR_7.AGE--Y55T59__ENVCAUSE--ENVCAUSE068,dcid:undata-geo/G00103000,2019,36603.20839
dcs:who/AIR_7.AGE--Y50T54__ENVCAUSE--ENVCAUSE113__SEX--F,dcid:undata-geo/G00103000,2019,103446.9788
dcs:who/AIR_7.AGE--Y65T69__ENVCAUSE--ENVCAUSE039,dcid:undata-geo/G00103000,2019,37766.91923
dcs:who/AIR_7.AGE--Y40T44__ENVCAUSE--ENVCAUSE039,dcid:undata-geo/G00103000,2019,23437.07899
dcs:who/AIR_7.AGE--Y35T39__ENVCAUSE--ENVCAUSE068,dcid:undata-geo/G00103000,2019,3473.43469
dcs:who/AIR_7.AGE--Y75T79__ENVCAUSE--ENVCAUSE113__SEX--F,dcid:undata-geo/G00103000,2019,170689.8267
dcs:who/AIR_7.AGE--Y65T69__ENVCAUSE--ENVCAUSE113__SEX--F,dcid:undata-geo/G00103000,2019,209602.0445
dcs:who/AIR_7.AGE--Y50T54__ENVCAUSE--ENVCAUSE039,dcid:undata-geo/G00103000,2019,27007.66913
dcs:who/AIR_7.AGE--Y_GE80__ENVCAUSE--ENVCAUSE068,dcid:undata-geo/G00103000,2019,8823.34891
dcs:who/AIR_7.ENVCAUSE--ENVCAUSE039,dcid:undata-geo/G00103000,2019,1050427.722
dcs:who/AIR_7.AGE--Y15T19__ENVCAUSE--ENVCAUSE039,dcid:undata-geo/G00103000,2019,19387.94186
dcs:who/AIR_7.AGE--Y30T34__ENVCAUSE--ENVCAUSE114__SEX--F,dcid:undata-geo/G00103000,2019,13222.58201
dcs:who/AIR_7.AGE--Y45T49__ENVCAUSE--ENVCAUSE114__SEX--F,dcid:undata-geo/G00103000,2019,29630.74723
dcs:who/AIR_7.AGE--Y50T54__ENVCAUSE--ENVCAUSE114__SEX--F,dcid:undata-geo/G00103000,2019,38330.28053
dcs:who/AIR_7.ENVCAUSE--ENVCAUSE113__SEX--F,dcid:undata-geo/G00103000,2019,1454733.307
dcs:who/AIR_7.AGE--Y65T69__ENVCAUSE--ENVCAUSE114__SEX--F,dcid:undata-geo/G00103000,2019,66688.29727
dcs:who/AIR_7.AGE--Y60T64__ENVCAUSE--ENVCAUSE039,dcid:undata-geo/G00103000,2019,39137.65888
dcs:who/AIR_7.AGE--Y70T74__ENVCAUSE--ENVCAUSE113__SEX--F,dcid:undata-geo/G00103000,2019,185073.9882
dcs:who/AIR_7.AGE--Y30T34__ENVCAUSE--ENVCAUSE113__SEX--F,dcid:undata-geo/G00103000,2019,26089.86422
dcs:who/AIR_7.AGE--Y25T29__ENVCAUSE--ENVCAUSE114__SEX--F,dcid:undata-geo/G00103000,2019,9714.29263
dcs:who/AIR_7.AGE--Y35T39__ENVCAUSE--ENVCAUSE113__SEX--F,dcid:undata-geo/G00103000,2019,32566.9631
dcs:who/AIR_7.AGE--Y55T59__ENVCAUSE--ENVCAUSE113__SEX--F,dcid:undata-geo/G00103000,2019,138392.9229
dcs:who/AIR_7.ENVCAUSE--ENVCAUSE118,dcid:undata-geo/G00103000,2019,395243.4795
dcs:who/AIR_7.AGE--Y0T4__ENVCAUSE--ENVCAUSE039,dcid:undata-geo/G00103000,2019,574788.3082
dcs:who/AIR_7.AGE--Y_GE80__ENVCAUSE--ENVCAUSE113__SEX--F,dcid:undata-geo/G00103000,2019,272597.4634
dcs:who/AIR_7.AGE--Y40T44__ENVCAUSE--ENVCAUSE114__SEX--F,dcid:undata-geo/G00103000,2019,25616.94551
dcs:who/AIR_7.AGE--Y65T69__ENVCAUSE--ENVCAUSE068,dcid:undata-geo/G00103000,2019,32367.6093
dcs:who/AIR_7.AGE--Y40T44__ENVCAUSE--ENVCAUSE113__SEX--F,dcid:undata-geo/G00103000,2019,47426.6874
dcs:who/AIR_7.AGE--Y60T64__ENVCAUSE--ENVCAUSE068,dcid:undata-geo/G00103000,2019,37708.12734
dcs:who/AIR_7.AGE--Y75T79__ENVCAUSE--ENVCAUSE068,dcid:undata-geo/G00103000,2019,12662.58107
dcs:who/AIR_7.AGE--Y45T49__ENVCAUSE--ENVCAUSE039,dcid:undata-geo/G00103000,2019,23951.33452
dcs:who/AIR_7.AGE--Y55T59__ENVCAUSE--ENVCAUSE114__SEX--F,dcid:undata-geo/G00103000,2019,48135.22548
dcs:who/AIR_7.SEX--F,dcid:undata-geo/G00103000,2019,2640502.07
dcs:who/AIR_7,dcid:undata-geo/G00103000,2019,6353904.795
dcs:who/AIR_7.AGE--Y70T74__ENVCAUSE--ENVCAUSE114,dcid:undata-geo/G00103000,2019,120245.947
dcs:who/AIR_7.AGE--Y60T64__ENVCAUSE--ENVCAUSE114,dcid:undata-geo/G00103000,2019,123013.9251
dcs:who/AIR_7.AGE--Y50T54__ENVCAUSE--ENVCAUSE118,dcid:undata-geo/G00103000,2019,31469.60493
dcs:who/AIR_7.AGE--Y45T49__ENVCAUSE--ENVCAUSE114,dcid:undata-geo/G00103000,2019,64024.59996
dcs:who/AIR_7.AGE--Y35T39__ENVCAUSE--ENVCAUSE118,dcid:undata-geo/G00103000,2019,13362.17703
dcs:who/AIR_7.AGE--Y30T34__ENVCAUSE--ENVCAUSE114,dcid:undata-geo/G00103000,2019,30905.7096
dcs:who/AIR_7.AGE--Y75T79__ENVCAUSE--ENVCAUSE118,dcid:undata-geo/G00103000,2019,41930.02164
dcs:who/AIR_7.AGE--Y70T74__ENVCAUSE--ENVCAUSE118,dcid:undata-geo/G00103000,2019,48986.85464
dcs:who/AIR_7.AGE--Y50T54__ENVCAUSE--ENVCAUSE113,dcid:undata-geo/G00103000,2019,340980.3103
dcs:who/AIR_7.AGE--Y_GE80__ENVCAUSE--ENVCAUSE114,dcid:undata-geo/G00103000,2019,145844.8236
dcs:who/AIR_7.AGE--Y65T69__ENVCAUSE--ENVCAUSE113,dcid:undata-geo/G00103000,2019,513761.2277
dcs:who/AIR_7.AGE--Y75T79__ENVCAUSE--ENVCAUSE113,dcid:undata-geo/G00103000,2019,341954.615
dcs:who/AIR_7.ENVCAUSE--ENVCAUSE114,dcid:undata-geo/G00103000,2019,1034350.65
dcs:who/AIR_7.AGE--Y65T69__ENVCAUSE--ENVCAUSE118,dcid:undata-geo/G00103000,2019,53912.17757
dcs:who/AIR_7.AGE--Y40T44__ENVCAUSE--ENVCAUSE114,dcid:undata-geo/G00103000,2019,52451.28816
dcs:who/AIR_7.AGE--Y35T39__ENVCAUSE--ENVCAUSE114,dcid:undata-geo/G00103000,2019,40549.39168
dcs:who/AIR_7.AGE--Y65T69__ENVCAUSE--ENVCAUSE114,dcid:undata-geo/G00103000,2019,134129.1406
dcs:who/AIR_7.AGE--Y70T74__ENVCAUSE--ENVCAUSE113,dcid:undata-geo/G00103000,2019,411868.6377
dcs:who/AIR_7.AGE--Y_GE80__ENVCAUSE--ENVCAUSE113,dcid:undata-geo/G00103000,2019,465076.7988
dcs:who/AIR_7.AGE--Y40T44__ENVCAUSE--ENVCAUSE118,dcid:undata-geo/G00103000,2019,16307.01773
dcs:who/AIR_7.AGE--Y75T79__ENVCAUSE--ENVCAUSE114,dcid:undata-geo/G00103000,2019,111915.2011
dcs:who/AIR_7.AGE--Y45T49__ENVCAUSE--ENVCAUSE118,dcid:undata-geo/G00103000,2019,22750.27774
dcs:who/AIR_7.AGE--Y60T64__ENVCAUSE--ENVCAUSE118,dcid:undata-geo/G00103000,2019,50118.33681
dcs:who/AIR_7.AGE--Y55T59__ENVCAUSE--ENVCAUSE118,dcid:undata-geo/G00103000,2019,40863.5096
dcs:who/AIR_7.AGE--Y_GE80__ENVCAUSE--ENVCAUSE118,dcid:undata-geo/G00103000,2019,54995.93889
dcs:who/AIR_7.AGE--Y30T34__ENVCAUSE--ENVCAUSE113,dcid:undata-geo/G00103000,2019,79267.43566
dcs:who/AIR_7.AGE--Y30T34__ENVCAUSE--ENVCAUSE118,dcid:undata-geo/G00103000,2019,11690.73834
dcs:who/AIR_7.AGE--Y55T59__ENVCAUSE--ENVCAUSE113,dcid:undata-geo/G00103000,2019,437869.8247
dcs:who/AIR_7.AGE--Y45T49__ENVCAUSE--ENVCAUSE113,dcid:undata-geo/G00103000,2019,245147.2866
dcs:who/AIR_7.AGE--Y25T29__ENVCAUSE--ENVCAUSE114,dcid:undata-geo/G00103000,2019,25997.87074
dcs:who/AIR_7.AGE--Y35T39__ENVCAUSE--ENVCAUSE113,dcid:undata-geo/G00103000,2019,112632.8943
dcs:who/AIR_7.ENVCAUSE--ENVCAUSE113,dcid:undata-geo/G00103000,2019,3662318.231
dcs:who/AIR_7.AGE--Y25T29__ENVCAUSE--ENVCAUSE118,dcid:undata-geo/G00103000,2019,8856.8246
dcs:who/AIR_7.AGE--Y40T44__ENVCAUSE--ENVCAUSE113,dcid:undata-geo/G00103000,2019,167563.2306
dcs:who/AIR_7.AGE--Y60T64__ENVCAUSE--ENVCAUSE113,dcid:undata-geo/G00103000,2019,503174.1854
dcs:who/AIR_7.AGE--Y25T29__ENVCAUSE--ENVCAUSE113,dcid:undata-geo/G00103000,2019,43021.78406
dcs:who/AIR_7.AGE--Y55T59__ENVCAUSE--ENVCAUSE114,dcid:undata-geo/G00103000,2019,102686.7379
dcs:who/AIR_7.AGE--Y50T54__ENVCAUSE--ENVCAUSE114,dcid:undata-geo/G00103000,2019,82586.01427
dcs:who/AIR_7.AGE--Y25T29__ENVCAUSE--ENVCAUSE068__SEX--M,dcid:undata-geo/G00116000,2019,3729.26241
dcs:who/AIR_7.ENVCAUSE--ENVCAUSE068__SEX--M,dcid:undata-geo/G00116000,2019,454992.2693
dcs:who/AIR_7.AGE--Y50T54__ENVCAUSE--ENVCAUSE068__SEX--M,dcid:undata-geo/G00116000,2019,56371.21561
dcs:who/AIR_7.AGE--Y30T34__ENVCAUSE--ENVCAUSE068__SEX--M,dcid:undata-geo/G00116000,2019,6381.15802
dcs:who/AIR_7.AGE--Y_GE80__ENVCAUSE--ENVCAUSE039__SEX--M,dcid:undata-geo/G00116000,2019,168619.0332
dcs:who/AIR_7.AGE--Y35T39__ENVCAUSE--ENVCAUSE068__SEX--M,dcid:undata-geo/G00116000,2019,10264.58118
dcs:who/AIR_7.AGE--Y65T69__ENVCAUSE--ENVCAUSE068__SEX--M,dcid:undata-geo/G00116000,2019,69883.49619
dcs:who/AIR_7.AGE--Y_GE80__ENVCAUSE--ENVCAUSE068__SEX--M,dcid:undata-geo/G00116000,2019,18276.87769
dcs:who/AIR_7.ENVCAUSE--ENVCAUSE039__SEX--M,dcid:undata-geo/G00116000,2019,3638046.959
dcs:who/AIR_7.AGE--Y75T79__ENVCAUSE--ENVCAUSE068__SEX--M,dcid:undata-geo/G00116000,2019,29713.8445
dcs:who/AIR_7.AGE--Y60T64__ENVCAUSE--ENVCAUSE068__SEX--M,dcid:undata-geo/G00116000,2019,78823.8247
dcs:who/AIR_7.AGE--Y70T74__ENVCAUSE--ENVCAUSE068__SEX--M,dcid:undata-geo/G00116000,2019,48607.43832
dcs:who/AIR_7.AGE--Y45T49__ENVCAUSE--ENVCAUSE068__SEX--M,dcid:undata-geo/G00116000,2019,37418.39168
dcs:who/AIR_7.AGE--Y55T59__ENVCAUSE--ENVCAUSE068__SEX--M,dcid:undata-geo/G00116000,2019,77184.27061
dcs:who/AIR_7.AGE--Y40T44__ENVCAUSE--ENVCAUSE068__SEX--M,dcid:undata-geo/G00116000,2019,18337.90844
dcs:who/AIR_7.AGE--Y75T79__ENVCAUSE--ENVCAUSE039__SEX--M,dcid:undata-geo/G00116000,2019,136908.7419
dcs:who/AIR_7.AGE--Y70T74__ENVCAUSE--ENVCAUSE114__SEX--M,dcid:undata-geo/G00116000,2019,321840.1951
dcs:who/AIR_7.AGE--Y50T54__ENVCAUSE--ENVCAUSE118__SEX--M,dcid:undata-geo/G00116000,2019,231955.1939
dcs:who/AIR_7.AGE--Y65T69__ENVCAUSE--ENVCAUSE113__SEX--M,dcid:undata-geo/G00116000,2019,1101328.617
dcs:who/AIR_7.AGE--Y55T59__ENVCAUSE--ENVCAUSE114__SEX--M,dcid:undata-geo/G00116000,2019,372170.7812
dcs:who/AIR_7.AGE--Y45T49__ENVCAUSE--ENVCAUSE113__SEX--M,dcid:undata-geo/G00116000,2019,824996.0654
dcs:who/AIR_7.AGE--Y75T79__ENVCAUSE--ENVCAUSE118__SEX--M,dcid:undata-geo/G00116000,2019,444021.2623
dcs:who/AIR_7.AGE--Y15T19__ENVCAUSE--ENVCAUSE039__SEX--M,dcid:undata-geo/G00116000,2019,37436.99154
dcs:who/AIR_7.AGE--Y60T64__ENVCAUSE--ENVCAUSE113__SEX--M,dcid:undata-geo/G00116000,2019,1232071.696
dcs:who/AIR_7.AGE--Y40T44__ENVCAUSE--ENVCAUSE113__SEX--M,dcid:undata-geo/G00116000,2019,564228.9442
dcs:who/AIR_7.ENVCAUSE--ENVCAUSE113__SEX--M,dcid:undata-geo/G00116000,2019,8997250.462
dcs:who/AIR_7.AGE--Y65T69__ENVCAUSE--ENVCAUSE118__SEX--M,dcid:undata-geo/G00116000,2019,587688.8967
dcs:who/AIR_7.AGE--Y50T54__ENVCAUSE--ENVCAUSE114__SEX--M,dcid:undata-geo/G00116000,2019,273824.3028
dcs:who/AIR_7.AGE--Y35T39__ENVCAUSE--ENVCAUSE039__SEX--M,dcid:undata-geo/G00116000,2019,53409.47958
dcs:who/AIR_7.AGE--Y70T74__ENVCAUSE--ENVCAUSE113__SEX--M,dcid:undata-geo/G00116000,2019,813139.7747
dcs:who/AIR_7.AGE--Y50T54__ENVCAUSE--ENVCAUSE039__SEX--M,dcid:undata-geo/G00116000,2019,86099.22649
dcs:who/AIR_7.AGE--Y_GE80__ENVCAUSE--ENVCAUSE113__SEX--M,dcid:undata-geo/G00116000,2019,663056.3784
dcs:who/AIR_7.ENVCAUSE--ENVCAUSE118__SEX--M,dcid:undata-geo/G00116000,2019,3462611.973
dcs:who/AIR_7.AGE--Y70T74__ENVCAUSE--ENVCAUSE118__SEX--M,dcid:undata-geo/G00116000,2019,539626.9683
dcs:who/AIR_7.AGE--Y40T44__ENVCAUSE--ENVCAUSE114__SEX--M,dcid:undata-geo/G00116000,2019,125026.9116
dcs:who/AIR_7.AGE--Y_GE80__ENVCAUSE--ENVCAUSE118__SEX--M,dcid:undata-geo/G00116000,2019,490240.3459
dcs:who/AIR_7.AGE--Y25T29__ENVCAUSE--ENVCAUSE114__SEX--M,dcid:undata-geo/G00116000,2019,38984.72082
dcs:who/AIR_7.AGE--Y55T59__ENVCAUSE--ENVCAUSE113__SEX--M,dcid:undata-geo/G00116000,2019,1308189.923
dcs:who/AIR_7.AGE--Y45T49__ENVCAUSE--ENVCAUSE118__SEX--M,dcid:undata-geo/G00116000,2019,131360.2986
dcs:who/AIR_7.AGE--Y25T29__ENVCAUSE--ENVCAUSE118__SEX--M,dcid:undata-geo/G00116000,2019,28325.29266
dcs:who/AIR_7.AGE--Y60T64__ENVCAUSE--ENVCAUSE114__SEX--M,dcid:undata-geo/G00116000,2019,420723.1686
dcs:who/AIR_7.AGE--Y10T14__ENVCAUSE--ENVCAUSE039__SEX--M,dcid:undata-geo/G00116000,2019,61993.18754
dcs:who/AIR_7.AGE--Y0T4__ENVCAUSE--ENVCAUSE039__SEX--M,dcid:undata-geo/G00116000,2019,2161843.196
dcs:who/AIR_7.AGE--Y_GE80__ENVCAUSE--ENVCAUSE114__SEX--M,dcid:undata-geo/G00116000,2019,222986.0223
dcs:who/AIR_7.AGE--Y45T49__ENVCAUSE--ENVCAUSE039__SEX--M,dcid:undata-geo/G00116000,2019,68917.78927
dcs:who/AIR_7.AGE--Y30T34__ENVCAUSE--ENVCAUSE114__SEX--M,dcid:undata-geo/G00116000,2019,61256.67728
dcs:who/AIR_7.AGE--Y75T79__ENVCAUSE--ENVCAUSE113__SEX--M,dcid:undata-geo/G00116000,2019,609214.6714
dcs:who/AIR_7.AGE--Y50T54__ENVCAUSE--ENVCAUSE113__SEX--M,dcid:undata-geo/G00116000,2019,1052486.142
dcs:who/AIR_7.AGE--Y25T29__ENVCAUSE--ENVCAUSE039__SEX--M,dcid:undata-geo/G00116000,2019,40038.89807
dcs:who/AIR_7.AGE--Y65T69__ENVCAUSE--ENVCAUSE039__SEX--M,dcid:undata-geo/G00116000,2019,172254.767
dcs:who/AIR_7.AGE--Y20T24__ENVCAUSE--ENVCAUSE039__SEX--M,dcid:undata-geo/G00116000,2019,35951.30201
dcs:who/AIR_7.AGE--Y35T39__ENVCAUSE--ENVCAUSE118__SEX--M,dcid:undata-geo/G00116000,2019,50568.97819
dcs:who/AIR_7.AGE--Y30T34__ENVCAUSE--ENVCAUSE039__SEX--M,dcid:undata-geo/G00116000,2019,42583.12269
dcs:who/AIR_7.AGE--Y65T69__ENVCAUSE--ENVCAUSE114__SEX--M,dcid:undata-geo/G00116000,2019,427531.2288
dcs:who/AIR_7.AGE--Y45T49__ENVCAUSE--ENVCAUSE114__SEX--M,dcid:undata-geo/G00116000,2019,180173.7332
dcs:who/AIR_7.AGE--Y40T44__ENVCAUSE--ENVCAUSE039__SEX--M,dcid:undata-geo/G00116000,2019,54863.94371
dcs:who/AIR_7.AGE--Y30T34__ENVCAUSE--ENVCAUSE118__SEX--M,dcid:undata-geo/G00116000,2019,36922.78621
dcs:who/AIR_7.ENVCAUSE--ENVCAUSE114__SEX--M,dcid:undata-geo/G00116000,2019,2782876.989
dcs:who/AIR_7.AGE--Y55T59__ENVCAUSE--ENVCAUSE039__SEX--M,dcid:undata-geo/G00116000,2019,117150.4674
dcs:who/AIR_7.AGE--Y75T79__ENVCAUSE--ENVCAUSE114__SEX--M,dcid:undata-geo/G00116000,2019,242945.7302
dcs:who/AIR_7.AGE--Y40T44__ENVCAUSE--ENVCAUSE118__SEX--M,dcid:undata-geo/G00116000,2019,71846.00319
dcs:who/AIR_7.AGE--Y5T9__ENVCAUSE--ENVCAUSE039__SEX--M,dcid:undata-geo/G00116000,2019,84336.36705
dcs:who/AIR_7.AGE--Y55T59__ENVCAUSE--ENVCAUSE118__SEX--M,dcid:undata-geo/G00116000,2019,355142.4944
dcs:who/AIR_7.AGE--Y35T39__ENVCAUSE--ENVCAUSE114__SEX--M,dcid:undata-geo/G00116000,2019,95413.51732
dcs:who/AIR_7.AGE--Y70T74__ENVCAUSE--ENVCAUSE039__SEX--M,dcid:undata-geo/G00116000,2019,159139.9018
dcs:who/AIR_7.AGE--Y60T64__ENVCAUSE--ENVCAUSE039__SEX--M,dcid:undata-geo/G00116000,2019,156500.5437
dcs:who/AIR_7.AGE--Y60T64__ENVCAUSE--ENVCAUSE118__SEX--M,dcid:undata-geo/G00116000,2019,494913.4521
dcs:who/AIR_7.AGE--Y75T79__ENVCAUSE--ENVCAUSE118__SEX--F,dcid:undata-geo/G00116000,2019,348070.5061
dcs:who/AIR_7.AGE--Y40T44__ENVCAUSE--ENVCAUSE118__SEX--F,dcid:undata-geo/G00116000,2019,52093.38683
dcs:who/AIR_7.AGE--Y30T34__ENVCAUSE--ENVCAUSE039__SEX--F,dcid:undata-geo/G00116000,2019,31590.55399
dcs:who/AIR_7.AGE--Y50T54__ENVCAUSE--ENVCAUSE068__SEX--F,dcid:undata-geo/G00116000,2019,25134.86256
dcs:who/AIR_7.AGE--Y65T69__ENVCAUSE--ENVCAUSE118__SEX--F,dcid:undata-geo/G00116000,2019,388217.0934
dcs:who/AIR_7.AGE--Y40T44__ENVCAUSE--ENVCAUSE039__SEX--F,dcid:undata-geo/G00116000,2019,46528.98616
dcs:who/AIR_7.AGE--Y55T59__ENVCAUSE--ENVCAUSE039__SEX--F,dcid:undata-geo/G00116000,2019,96424.01188
dcs:who/AIR_7.AGE--Y75T79__ENVCAUSE--ENVCAUSE039__SEX--F,dcid:undata-geo/G00116000,2019,134875.3935
dcs:who/AIR_7.ENVCAUSE--ENVCAUSE118__SEX--F,dcid:undata-geo/G00116000,2019,2564645.382
dcs:who/AIR_7.AGE--Y50T54__ENVCAUSE--ENVCAUSE039__SEX--F,dcid:undata-geo/G00116000,2019,83659.49371
dcs:who/AIR_7.AGE--Y75T79__ENVCAUSE--ENVCAUSE068__SEX--F,dcid:undata-geo/G00116000,2019,11865.30904
dcs:who/AIR_7.AGE--Y30T34__ENVCAUSE--ENVCAUSE068__SEX--F,dcid:undata-geo/G00116000,2019,4362.55601
dcs:who/AIR_7.AGE--Y50T54__ENVCAUSE--ENVCAUSE118__SEX--F,dcid:undata-geo/G00116000,2019,163239.0897
dcs:who/AIR_7.AGE--Y65T69__ENVCAUSE--ENVCAUSE039__SEX--F,dcid:undata-geo/G00116000,2019,179586.7009
dcs:who/AIR_7.AGE--Y45T49__ENVCAUSE--ENVCAUSE068__SEX--F,dcid:undata-geo/G00116000,2019,16480.42661
dcs:who/AIR_7.AGE--Y30T34__ENVCAUSE--ENVCAUSE118__SEX--F,dcid:undata-geo/G00116000,2019,31806.91526
dcs:who/AIR_7.AGE--Y55T59__ENVCAUSE--ENVCAUSE068__SEX--F,dcid:undata-geo/G00116000,2019,25773.67283
dcs:who/AIR_7.AGE--Y60T64__ENVCAUSE--ENVCAUSE068__SEX--F,dcid:undata-geo/G00116000,2019,26862.96682
dcs:who/AIR_7.AGE--Y65T69__ENVCAUSE--ENVCAUSE068__SEX--F,dcid:undata-geo/G00116000,2019,22913.03989
dcs:who/AIR_7.AGE--Y45T49__ENVCAUSE--ENVCAUSE039__SEX--F,dcid:undata-geo/G00116000,2019,48099.10349
dcs:who/AIR_7.AGE--Y20T24__ENVCAUSE--ENVCAUSE039__SEX--F,dcid:undata-geo/G00116000,2019,33784.86841
dcs:who/AIR_7.AGE--Y35T39__ENVCAUSE--ENVCAUSE039__SEX--F,dcid:undata-geo/G00116000,2019,45741.33552
dcs:who/AIR_7.AGE--Y70T74__ENVCAUSE--ENVCAUSE118__SEX--F,dcid:undata-geo/G00116000,2019,412733.6934
dcs:who/AIR_7.ENVCAUSE--ENVCAUSE114__SEX--F,dcid:undata-geo/G00116000,2019,2494623.342
dcs:who/AIR_7.SEX--M,dcid:undata-geo/G00116000,2019,19335778.65
dcs:who/AIR_7.AGE--Y25T29__ENVCAUSE--ENVCAUSE068__SEX--F,dcid:undata-geo/G00116000,2019,2315.91703
dcs:who/AIR_7.AGE--Y_GE80__ENVCAUSE--ENVCAUSE114__SEX--F,dcid:undata-geo/G00116000,2019,262662.9488
dcs:who/AIR_7.AGE--Y35T39__ENVCAUSE--ENVCAUSE113__SEX--M,dcid:undata-geo/G00116000,2019,424317.4704
dcs:who/AIR_7.AGE--Y_GE80__ENVCAUSE--ENVCAUSE039__SEX--F,dcid:undata-geo/G00116000,2019,174780.5707
dcs:who/AIR_7.AGE--Y_GE80__ENVCAUSE--ENVCAUSE118__SEX--F,dcid:undata-geo/G00116000,2019,474569.443
dcs:who/AIR_7.AGE--Y35T39__ENVCAUSE--ENVCAUSE068__SEX--F,dcid:undata-geo/G00116000,2019,7228.89142
dcs:who/AIR_7.AGE--Y_GE80__ENVCAUSE--ENVCAUSE068__SEX--F,dcid:undata-geo/G00116000,2019,9317.60022
dcs:who/AIR_7.AGE--Y60T64__ENVCAUSE--ENVCAUSE118__SEX--F,dcid:undata-geo/G00116000,2019,323474.1465
dcs:who/AIR_7.AGE--Y25T29__ENVCAUSE--ENVCAUSE113__SEX--M,dcid:undata-geo/G00116000,2019,138390.2784
dcs:who/AIR_7.ENVCAUSE--ENVCAUSE068__SEX--F,dcid:undata-geo/G00116000,2019,182758.9836
dcs:who/AIR_7.AGE--Y30T34__ENVCAUSE--ENVCAUSE113__SEX--M,dcid:undata-geo/G00116000,2019,265830.5028
dcs:who/AIR_7.AGE--Y0T4__ENVCAUSE--ENVCAUSE039__SEX--F,dcid:undata-geo/G00116000,2019,1800525.586
dcs:who/AIR_7.AGE--Y10T14__ENVCAUSE--ENVCAUSE039__SEX--F,dcid:undata-geo/G00116000,2019,66476.21794
dcs:who/AIR_7.AGE--Y60T64__ENVCAUSE--ENVCAUSE039__SEX--F,dcid:undata-geo/G00116000,2019,145789.478
dcs:who/AIR_7.AGE--Y70T74__ENVCAUSE--ENVCAUSE068__SEX--F,dcid:undata-geo/G00116000,2019,18278.88852
dcs:who/AIR_7.AGE--Y35T39__ENVCAUSE--ENVCAUSE118__SEX--F,dcid:undata-geo/G00116000,2019,39382.58886
dcs:who/AIR_7.AGE--Y40T44__ENVCAUSE--ENVCAUSE068__SEX--F,dcid:undata-geo/G00116000,2019,12224.85267
dcs:who/AIR_7.AGE--Y25T29__ENVCAUSE--ENVCAUSE118__SEX--F,dcid:undata-geo/G00116000,2019,25039.3346
dcs:who/AIR_7.AGE--Y25T29__ENVCAUSE--ENVCAUSE039__SEX--F,dcid:undata-geo/G00116000,2019,36899.26669
dcs:who/AIR_7.AGE--Y15T19__ENVCAUSE--ENVCAUSE039__SEX--F,dcid:undata-geo/G00116000,2019,34959.12927
dcs:who/AIR_7.AGE--Y55T59__ENVCAUSE--ENVCAUSE118__SEX--F,dcid:undata-geo/G00116000,2019,217599.3677
dcs:who/AIR_7.AGE--Y70T74__ENVCAUSE--ENVCAUSE039__SEX--F,dcid:undata-geo/G00116000,2019,175897.1046
dcs:who/AIR_7.AGE--Y5T9__ENVCAUSE--ENVCAUSE039__SEX--F,dcid:undata-geo/G00116000,2019,105054.4306
dcs:who/AIR_7.ENVCAUSE--ENVCAUSE039__SEX--F,dcid:undata-geo/G00116000,2019,3240672.231
dcs:who/AIR_7.AGE--Y45T49__ENVCAUSE--ENVCAUSE118__SEX--F,dcid:undata-geo/G00116000,2019,88419.81655
dcs:who/AIR_7.AGE--Y25T29__ENVCAUSE--ENVCAUSE114__SEX--F,dcid:undata-geo/G00116000,2019,33908.51382
dcs:who/AIR_7.AGE--Y75T79__ENVCAUSE--ENVCAUSE039,dcid:undata-geo/G00116000,2019,271784.1354
dcs:who/AIR_7.AGE--Y35T39__ENVCAUSE--ENVCAUSE068,dcid:undata-geo/G00116000,2019,17493.4726
dcs:who/AIR_7.AGE--Y45T49__ENVCAUSE--ENVCAUSE113__SEX--F,dcid:undata-geo/G00116000,2019,336531.5376
dcs:who/AIR_7.AGE--Y75T79__ENVCAUSE--ENVCAUSE114__SEX--F,dcid:undata-geo/G00116000,2019,256618.5661
dcs:who/AIR_7.AGE--Y45T49__ENVCAUSE--ENVCAUSE068,dcid:undata-geo/G00116000,2019,53898.81829
dcs:who/AIR_7.AGE--Y70T74__ENVCAUSE--ENVCAUSE068,dcid:undata-geo/G00116000,2019,66886.32684
dcs:who/AIR_7.ENVCAUSE--ENVCAUSE068,dcid:undata-geo/G00116000,2019,637751.253
dcs:who/AIR_7.AGE--Y35T39__ENVCAUSE--ENVCAUSE114__SEX--F,dcid:undata-geo/G00116000,2019,68396.9798
dcs:who/AIR_7.AGE--Y60T64__ENVCAUSE--ENVCAUSE113__SEX--F,dcid:undata-geo/G00116000,2019,700972.8014
dcs:who/AIR_7.AGE--Y65T69__ENVCAUSE--ENVCAUSE039,dcid:undata-geo/G00116000,2019,351841.4679
dcs:who/AIR_7.AGE--Y_GE80__ENVCAUSE--ENVCAUSE113__SEX--F,dcid:undata-geo/G00116000,2019,616578.0351
dcs:who/AIR_7.AGE--Y55T59__ENVCAUSE--ENVCAUSE113__SEX--F,dcid:undata-geo/G00116000,2019,626621.1824
dcs:who/AIR_7.AGE--Y65T69__ENVCAUSE--ENVCAUSE114__SEX--F,dcid:undata-geo/G00116000,2019,372762.9308
dcs:who/AIR_7.AGE--Y75T79__ENVCAUSE--ENVCAUSE113__SEX--F,dcid:undata-geo/G00116000,2019,520714.1469
dcs:who/AIR_7.AGE--Y55T59__ENVCAUSE--ENVCAUSE114__SEX--F,dcid:undata-geo/G00116000,2019,288272.8148
dcs:who/AIR_7.AGE--Y40T44__ENVCAUSE--ENVCAUSE114__SEX--F,dcid:undata-geo/G00116000,2019,101243.6433
dcs:who/AIR_7.AGE--Y25T29__ENVCAUSE--ENVCAUSE113__SEX--F,dcid:undata-geo/G00116000,2019,68608.78657
dcs:who/AIR_7.AGE--Y70T74__ENVCAUSE--ENVCAUSE113__SEX--F,dcid:undata-geo/G00116000,2019,614280.5544
dcs:who/AIR_7.AGE--Y25T29__ENVCAUSE--ENVCAUSE068,dcid:undata-geo/G00116000,2019,6045.17944
dcs:who/AIR_7.AGE--Y55T59__ENVCAUSE--ENVCAUSE039,dcid:undata-geo/G00116000,2019,213574.4792
dcs:who/AIR_7.AGE--Y30T34__ENVCAUSE--ENVCAUSE113__SEX--F,dcid:undata-geo/G00116000,2019,102907.3138
dcs:who/AIR_7.AGE--Y30T34__ENVCAUSE--ENVCAUSE068,dcid:undata-geo/G00116000,2019,10743.71403
dcs:who/AIR_7.AGE--Y30T34__ENVCAUSE--ENVCAUSE114__SEX--F,dcid:undata-geo/G00116000,2019,44989.23637
dcs:who/AIR_7.AGE--Y55T59__ENVCAUSE--ENVCAUSE068,dcid:undata-geo/G00116000,2019,102957.9434
dcs:who/AIR_7.AGE--Y35T39__ENVCAUSE--ENVCAUSE113__SEX--F,dcid:undata-geo/G00116000,2019,168773.8204
dcs:who/AIR_7.ENVCAUSE--ENVCAUSE113__SEX--F,dcid:undata-geo/G00116000,2019,5245492.478
dcs:who/AIR_7.AGE--Y65T69__ENVCAUSE--ENVCAUSE068,dcid:undata-geo/G00116000,2019,92796.53609
dcs:who/AIR_7.AGE--Y60T64__ENVCAUSE--ENVCAUSE114__SEX--F,dcid:undata-geo/G00116000,2019,364943.7058
dcs:who/AIR_7.AGE--Y45T49__ENVCAUSE--ENVCAUSE114__SEX--F,dcid:undata-geo/G00116000,2019,145654.5263
dcs:who/AIR_7.ENVCAUSE--ENVCAUSE039,dcid:undata-geo/G00116000,2019,6878719.19
dcs:who/AIR_7.AGE--Y50T54__ENVCAUSE--ENVCAUSE113__SEX--F,dcid:undata-geo/G00116000,2019,521623.4714
dcs:who/AIR_7.AGE--Y70T74__ENVCAUSE--ENVCAUSE039,dcid:undata-geo/G00116000,2019,335037.0064
dcs:who/AIR_7.AGE--Y50T54__ENVCAUSE--ENVCAUSE068,dcid:undata-geo/G00116000,2019,81506.07817
dcs:who/AIR_7.AGE--Y75T79__ENVCAUSE--ENVCAUSE068,dcid:undata-geo/G00116000,2019,41579.15354
dcs:who/AIR_7.AGE--Y_GE80__ENVCAUSE--ENVCAUSE068,dcid:undata-geo/G00116000,2019,27594.4779
dcs:who/AIR_7.AGE--Y_GE80__ENVCAUSE--ENVCAUSE039,dcid:undata-geo/G00116000,2019,343399.6039
dcs:who/AIR_7.AGE--Y50T54__ENVCAUSE--ENVCAUSE114__SEX--F,dcid:undata-geo/G00116000,2019,240833.2199
dcs:who/AIR_7.AGE--Y40T44__ENVCAUSE--ENVCAUSE068,dcid:undata-geo/G00116000,2019,30562.76111
dcs:who/AIR_7.AGE--Y50T54__ENVCAUSE--ENVCAUSE039,dcid:undata-geo/G00116000,2019,169758.7202
dcs:who/AIR_7.AGE--Y70T74__ENVCAUSE--ENVCAUSE114__SEX--F,dcid:undata-geo/G00116000,2019,314336.2566
dcs:who/AIR_7.AGE--Y60T64__ENVCAUSE--ENVCAUSE068,dcid:undata-geo/G00116000,2019,105686.7915
dcs:who/AIR_7.AGE--Y65T69__ENVCAUSE--ENVCAUSE113__SEX--F,dcid:undata-geo/G00116000,2019,712661.3734
dcs:who/AIR_7.AGE--Y40T44__ENVCAUSE--ENVCAUSE113__SEX--F,dcid:undata-geo/G00116000,2019,255219.4545
dcs:who/AIR_7.AGE--Y60T64__ENVCAUSE--ENVCAUSE039,dcid:undata-geo/G00116000,2019,302290.0217
dcs:who/AIR_7.SEX--F,dcid:undata-geo/G00116000,2019,13728192.42
dcs:who/AIR_7.AGE--Y15T19__ENVCAUSE--ENVCAUSE039,dcid:undata-geo/G00116000,2019,72396.12081
dcs:who/AIR_7.AGE--Y75T79__ENVCAUSE--ENVCAUSE114,dcid:undata-geo/G00116000,2019,499564.2963
dcs:who/AIR_7.ENVCAUSE--ENVCAUSE118,dcid:undata-geo/G00116000,2019,6027257.354
dcs:who/AIR_7.AGE--Y75T79__ENVCAUSE--ENVCAUSE118,dcid:undata-geo/G00116000,2019,792091.7684
dcs:who/AIR_7.AGE--Y40T44__ENVCAUSE--ENVCAUSE113,dcid:undata-geo/G00116000,2019,819448.3987
dcs:who/AIR_7.AGE--Y25T29__ENVCAUSE--ENVCAUSE118,dcid:undata-geo/G00116000,2019,53364.62726
dcs:who/AIR_7.AGE--Y55T59__ENVCAUSE--ENVCAUSE114,dcid:undata-geo/G00116000,2019,660443.596
dcs:who/AIR_7.AGE--Y35T39__ENVCAUSE--ENVCAUSE113,dcid:undata-geo/G00116000,2019,593091.2907
dcs:who/AIR_7.AGE--Y45T49__ENVCAUSE--ENVCAUSE114,dcid:undata-geo/G00116000,2019,325828.2596
dcs:who/AIR_7.AGE--Y50T54__ENVCAUSE--ENVCAUSE113,dcid:undata-geo/G00116000,2019,1574109.613
dcs:who/AIR_7.AGE--Y20T24__ENVCAUSE--ENVCAUSE039,dcid:undata-geo/G00116000,2019,69736.17042
dcs:who/AIR_7.AGE--Y60T64__ENVCAUSE--ENVCAUSE118,dcid:undata-geo/G00116000,2019,818387.5987
dcs:who/AIR_7.AGE--Y65T69__ENVCAUSE--ENVCAUSE118,dcid:undata-geo/G00116000,2019,975905.9901
dcs:who/AIR_7.AGE--Y45T49__ENVCAUSE--ENVCAUSE118,dcid:undata-geo/G00116000,2019,219780.1152
dcs:who/AIR_7.AGE--Y30T34__ENVCAUSE--ENVCAUSE039,dcid:undata-geo/G00116000,2019,74173.67668
dcs:who/AIR_7.AGE--Y70T74__ENVCAUSE--ENVCAUSE113,dcid:undata-geo/G00116000,2019,1427420.329
dcs:who/AIR_7.AGE--Y70T74__ENVCAUSE--ENVCAUSE118,dcid:undata-geo/G00116000,2019,952360.6616
dcs:who/AIR_7.AGE--Y_GE80__ENVCAUSE--ENVCAUSE114,dcid:undata-geo/G00116000,2019,485648.9711
dcs:who/AIR_7.AGE--Y55T59__ENVCAUSE--ENVCAUSE113,dcid:undata-geo/G00116000,2019,1934811.105
dcs:who/AIR_7.AGE--Y40T44__ENVCAUSE--ENVCAUSE114,dcid:undata-geo/G00116000,2019,226270.5549
dcs:who/AIR_7.AGE--Y45T49__ENVCAUSE--ENVCAUSE039,dcid:undata-geo/G00116000,2019,117016.8928
dcs:who/AIR_7.AGE--Y_GE80__ENVCAUSE--ENVCAUSE113,dcid:undata-geo/G00116000,2019,1279634.413
dcs:who/AIR_7.AGE--Y10T14__ENVCAUSE--ENVCAUSE039,dcid:undata-geo/G00116000,2019,128469.4055
dcs:who/AIR_7.AGE--Y0T4__ENVCAUSE--ENVCAUSE039,dcid:undata-geo/G00116000,2019,3962368.782
dcs:who/AIR_7.AGE--Y5T9__ENVCAUSE--ENVCAUSE039,dcid:undata-geo/G00116000,2019,189390.7976
dcs:who/AIR_7.AGE--Y40T44__ENVCAUSE--ENVCAUSE039,dcid:undata-geo/G00116000,2019,101392.9299
dcs:who/AIR_7.AGE--Y35T39__ENVCAUSE--ENVCAUSE039,dcid:undata-geo/G00116000,2019,99150.8151
dcs:who/AIR_7.AGE--Y25T29__ENVCAUSE--ENVCAUSE113,dcid:undata-geo/G00116000,2019,206999.065
dcs:who/AIR_7.AGE--Y60T64__ENVCAUSE--ENVCAUSE113,dcid:undata-geo/G00116000,2019,1933044.497
dcs:who/AIR_7.AGE--Y30T34__ENVCAUSE--ENVCAUSE118,dcid:undata-geo/G00116000,2019,68729.70148
dcs:who/AIR_7.AGE--Y50T54__ENVCAUSE--ENVCAUSE118,dcid:undata-geo/G00116000,2019,395194.2836
dcs:who/AIR_7.ENVCAUSE--ENVCAUSE113,dcid:undata-geo/G00116000,2019,14242742.94
dcs:who/AIR_7.AGE--Y25T29__ENVCAUSE--ENVCAUSE114,dcid:undata-geo/G00116000,2019,72893.23463
dcs:who/AIR_7,dcid:undata-geo/G00116000,2019,33063971.07
dcs:who/AIR_7.AGE--Y75T79__ENVCAUSE--ENVCAUSE113,dcid:undata-geo/G00116000,2019,1129928.818
dcs:who/AIR_7.AGE--Y60T64__ENVCAUSE--ENVCAUSE114,dcid:undata-geo/G00116000,2019,785666.8744
dcs:who/AIR_7.AGE--Y30T34__ENVCAUSE--ENVCAUSE114,dcid:undata-geo/G00116000,2019,106245.9136
dcs:who/AIR_7.ENVCAUSE--ENVCAUSE114,dcid:undata-geo/G00116000,2019,5277500.332
dcs:who/AIR_7.AGE--Y25T29__ENVCAUSE--ENVCAUSE039,dcid:undata-geo/G00116000,2019,76938.16477
dcs:who/AIR_7.AGE--Y65T69__ENVCAUSE--ENVCAUSE114,dcid:undata-geo/G00116000,2019,800294.1596
dcs:who/AIR_7.AGE--Y40T44__ENVCAUSE--ENVCAUSE118,dcid:undata-geo/G00116000,2019,123939.39
dcs:who/AIR_7.AGE--Y65T69__ENVCAUSE--ENVCAUSE113,dcid:undata-geo/G00116000,2019,1813989.99
dcs:who/AIR_7.AGE--Y50T54__ENVCAUSE--ENVCAUSE114,dcid:undata-geo/G00116000,2019,514657.5227
dcs:who/AIR_7.AGE--Y55T59__ENVCAUSE--ENVCAUSE118,dcid:undata-geo/G00116000,2019,572741.8621
dcs:who/AIR_7.AGE--Y45T49__ENVCAUSE--ENVCAUSE113,dcid:undata-geo/G00116000,2019,1161527.603
dcs:who/AIR_7.AGE--Y35T39__ENVCAUSE--ENVCAUSE118,dcid:undata-geo/G00116000,2019,89951.56705
dcs:who/AIR_7.AGE--Y_GE80__ENVCAUSE--ENVCAUSE118,dcid:undata-geo/G00116000,2019,964809.789
dcs:who/AIR_7.AGE--Y70T74__ENVCAUSE--ENVCAUSE114,dcid:undata-geo/G00116000,2019,636176.4517
dcs:who/AIR_7.AGE--Y30T34__ENVCAUSE--ENVCAUSE113,dcid:undata-geo/G00116000,2019,368737.8166
dcs:who/AIR_7.AGE--Y35T39__ENVCAUSE--ENVCAUSE114,dcid:undata-geo/G00116000,2019,163810.4971
dcs:who/AIR_7.AGE--Y55T59__ENVCAUSE--ENVCAUSE039__SEX--M,dcid:undata-geo/G00121000,2019,33865.6914
dcs:who/AIR_7.ENVCAUSE--ENVCAUSE118__SEX--M,dcid:undata-geo/G00121000,2019,563537.2747
dcs:who/AIR_7.AGE--Y30T34__ENVCAUSE--ENVCAUSE039__SEX--M,dcid:undata-geo/G00121000,2019,21068.63595
dcs:who/AIR_7.AGE--Y25T29__ENVCAUSE--ENVCAUSE039__SEX--M,dcid:undata-geo/G00121000,2019,20833.40593
dcs:who/AIR_7.AGE--Y_GE80__ENVCAUSE--ENVCAUSE039__SEX--M,dcid:undata-geo/G00121000,2019,34821.68595
dcs:who/AIR_7.ENVCAUSE--ENVCAUSE068__SEX--M,dcid:undata-geo/G00121000,2019,133563.7832
dcs:who/AIR_7.AGE--Y55T59__ENVCAUSE--ENVCAUSE068__SEX--M,dcid:undata-geo/G00121000,2019,24165.83402
dcs:who/AIR_7.ENVCAUSE--ENVCAUSE114__SEX--M,dcid:undata-geo/G00121000,2019,857938.8333
dcs:who/AIR_7.AGE--Y20T24__ENVCAUSE--ENVCAUSE039__SEX--M,dcid:undata-geo/G00121000,2019,20565.53783
dcs:who/AIR_7.AGE--Y30T34__ENVCAUSE--ENVCAUSE068__SEX--M,dcid:undata-geo/G00121000,2019,1972.80753
dcs:who/AIR_7.AGE--Y40T44__ENVCAUSE--ENVCAUSE118__SEX--M,dcid:undata-geo/G00121000,2019,19193.2028
dcs:who/AIR_7.AGE--Y65T69__ENVCAUSE--ENVCAUSE039__SEX--M,dcid:undata-geo/G00121000,2019,38081.22008
dcs:who/AIR_7.AGE--Y70T74__ENVCAUSE--ENVCAUSE118__SEX--M,dcid:undata-geo/G00121000,2019,81185.42257
dcs:who/AIR_7.AGE--Y_GE80__ENVCAUSE--ENVCAUSE068__SEX--M,dcid:undata-geo/G00121000,2019,4573.29948
dcs:who/AIR_7.AGE--Y25T29__ENVCAUSE--ENVCAUSE118__SEX--M,dcid:undata-geo/G00121000,2019,9902.94495
dcs:who/AIR_7.AGE--Y40T44__ENVCAUSE--ENVCAUSE068__SEX--M,dcid:undata-geo/G00121000,2019,6496.71878
dcs:who/AIR_7.AGE--Y35T39__ENVCAUSE--ENVCAUSE039__SEX--M,dcid:undata-geo/G00121000,2019,22598.04859
dcs:who/AIR_7.AGE--Y65T69__ENVCAUSE--ENVCAUSE118__SEX--M,dcid:undata-geo/G00121000,2019,80097.11198
dcs:who/AIR_7.AGE--Y40T44__ENVCAUSE--ENVCAUSE039__SEX--M,dcid:undata-geo/G00121000,2019,23991.6724
dcs:who/AIR_7.AGE--Y35T39__ENVCAUSE--ENVCAUSE118__SEX--M,dcid:undata-geo/G00121000,2019,14075.43255
dcs:who/AIR_7.AGE--Y_GE80__ENVCAUSE--ENVCAUSE114__SEX--M,dcid:undata-geo/G00121000,2019,69122.08302
dcs:who/AIR_7.AGE--Y70T74__ENVCAUSE--ENVCAUSE068__SEX--M,dcid:undata-geo/G00121000,2019,12144.00799
dcs:who/AIR_7.AGE--Y35T39__ENVCAUSE--ENVCAUSE068__SEX--M,dcid:undata-geo/G00121000,2019,2000.08024
dcs:who/AIR_7.AGE--Y60T64__ENVCAUSE--ENVCAUSE118__SEX--M,dcid:undata-geo/G00121000,2019,78938.64997
dcs:who/AIR_7.AGE--Y70T74__ENVCAUSE--ENVCAUSE039__SEX--M,dcid:undata-geo/G00121000,2019,36524.39492
dcs:who/AIR_7.AGE--Y55T59__ENVCAUSE--ENVCAUSE118__SEX--M,dcid:undata-geo/G00121000,2019,58810.92383
dcs:who/AIR_7.AGE--Y45T49__ENVCAUSE--ENVCAUSE039__SEX--M,dcid:undata-geo/G00121000,2019,24772.09112
dcs:who/AIR_7.AGE--Y30T34__ENVCAUSE--ENVCAUSE118__SEX--M,dcid:undata-geo/G00121000,2019,12502.05224
dcs:who/AIR_7.AGE--Y25T29__ENVCAUSE--ENVCAUSE068__SEX--M,dcid:undata-geo/G00121000,2019,1283.83884
dcs:who/AIR_7.AGE--Y75T79__ENVCAUSE--ENVCAUSE118__SEX--M,dcid:undata-geo/G00121000,2019,66836.94516
dcs:who/AIR_7.AGE--Y75T79__ENVCAUSE--ENVCAUSE039__SEX--M,dcid:undata-geo/G00121000,2019,30463.74547
dcs:who/AIR_7.AGE--Y45T49__ENVCAUSE--ENVCAUSE118__SEX--M,dcid:undata-geo/G00121000,2019,28021.16378
dcs:who/AIR_7.AGE--Y50T54__ENVCAUSE--ENVCAUSE039__SEX--M,dcid:undata-geo/G00121000,2019,28512.65263
dcs:who/AIR_7.AGE--Y5T9__ENVCAUSE--ENVCAUSE039__SEX--M,dcid:undata-geo/G00121000,2019,55701.81739
dcs:who/AIR_7.AGE--Y60T64__ENVCAUSE--ENVCAUSE068__SEX--M,dcid:undata-geo/G00121000,2019,23507.42627
dcs:who/AIR_7.AGE--Y_GE80__ENVCAUSE--ENVCAUSE118__SEX--M,dcid:undata-geo/G00121000,2019,69579.01932
dcs:who/AIR_7.AGE--Y0T4__ENVCAUSE--ENVCAUSE039__SEX--M,dcid:undata-geo/G00121000,2019,1202766.593
dcs:who/AIR_7.AGE--Y75T79__ENVCAUSE--ENVCAUSE068__SEX--M,dcid:undata-geo/G00121000,2019,6944.15717
dcs:who/AIR_7.AGE--Y50T54__ENVCAUSE--ENVCAUSE118__SEX--M,dcid:undata-geo/G00121000,2019,44394.40555
dcs:who/AIR_7.AGE--Y65T69__ENVCAUSE--ENVCAUSE068__SEX--M,dcid:undata-geo/G00121000,2019,18573.69304
dcs:who/AIR_7.AGE--Y10T14__ENVCAUSE--ENVCAUSE039__SEX--M,dcid:undata-geo/G00121000,2019,33213.00512
dcs:who/AIR_7.ENVCAUSE--ENVCAUSE039__SEX--M,dcid:undata-geo/G00121000,2019,1693390.288
dcs:who/AIR_7.AGE--Y45T49__ENVCAUSE--ENVCAUSE068__SEX--M,dcid:undata-geo/G00121000,2019,12743.87631
dcs:who/AIR_7.AGE--Y60T64__ENVCAUSE--ENVCAUSE039__SEX--M,dcid:undata-geo/G00121000,2019,42120.25642
dcs:who/AIR_7.AGE--Y50T54__ENVCAUSE--ENVCAUSE068__SEX--M,dcid:undata-geo/G00121000,2019,19158.04354
dcs:who/AIR_7.AGE--Y15T19__ENVCAUSE--ENVCAUSE039__SEX--M,dcid:undata-geo/G00121000,2019,23489.83398
dcs:who/AIR_7.AGE--Y45T49__ENVCAUSE--ENVCAUSE114__SEX--M,dcid:undata-geo/G00121000,2019,60699.21104
dcs:who/AIR_7.AGE--Y70T74__ENVCAUSE--ENVCAUSE068__SEX--F,dcid:undata-geo/G00121000,2019,3717.69046
dcs:who/AIR_7.AGE--Y_GE80__ENVCAUSE--ENVCAUSE039__SEX--F,dcid:undata-geo/G00121000,2019,24705.20831
dcs:who/AIR_7.AGE--Y70T74__ENVCAUSE--ENVCAUSE039__SEX--F,dcid:undata-geo/G00121000,2019,23505.32546
dcs:who/AIR_7.AGE--Y60T64__ENVCAUSE--ENVCAUSE068__SEX--F,dcid:undata-geo/G00121000,2019,6054.12224
dcs:who/AIR_7.AGE--Y25T29__ENVCAUSE--ENVCAUSE114__SEX--M,dcid:undata-geo/G00121000,2019,26687.5421
dcs:who/AIR_7.AGE--Y35T39__ENVCAUSE--ENVCAUSE068__SEX--F,dcid:undata-geo/G00121000,2019,1719.02786
dcs:who/AIR_7.AGE--Y40T44__ENVCAUSE--ENVCAUSE114__SEX--M,dcid:undata-geo/G00121000,2019,48304.66652
dcs:who/AIR_7.AGE--Y75T79__ENVCAUSE--ENVCAUSE039__SEX--F,dcid:undata-geo/G00121000,2019,19093.24375
dcs:who/AIR_7.AGE--Y_GE80__ENVCAUSE--ENVCAUSE068__SEX--F,dcid:undata-geo/G00121000,2019,1740.70389
dcs:who/AIR_7.AGE--Y65T69__ENVCAUSE--ENVCAUSE114__SEX--M,dcid:undata-geo/G00121000,2019,112681.5356
dcs:who/AIR_7.AGE--Y50T54__ENVCAUSE--ENVCAUSE113__SEX--M,dcid:undata-geo/G00121000,2019,386974.8254
dcs:who/AIR_7.AGE--Y60T64__ENVCAUSE--ENVCAUSE114__SEX--M,dcid:undata-geo/G00121000,2019,114071.3397
dcs:who/AIR_7.AGE--Y70T74__ENVCAUSE--ENVCAUSE114__SEX--M,dcid:undata-geo/G00121000,2019,97470.519
dcs:who/AIR_7.AGE--Y25T29__ENVCAUSE--ENVCAUSE068__SEX--F,dcid:undata-geo/G00121000,2019,874.49237
dcs:who/AIR_7.AGE--Y30T34__ENVCAUSE--ENVCAUSE113__SEX--M,dcid:undata-geo/G00121000,2019,112110.979
dcs:who/AIR_7.AGE--Y50T54__ENVCAUSE--ENVCAUSE039__SEX--F,dcid:undata-geo/G00121000,2019,15281.22655
dcs:who/AIR_7.AGE--Y20T24__ENVCAUSE--ENVCAUSE039__SEX--F,dcid:undata-geo/G00121000,2019,11933.47477
dcs:who/AIR_7.AGE--Y40T44__ENVCAUSE--ENVCAUSE068__SEX--F,dcid:undata-geo/G00121000,2019,2770.75817
dcs:who/AIR_7.AGE--Y75T79__ENVCAUSE--ENVCAUSE114__SEX--M,dcid:undata-geo/G00121000,2019,79057.81146
dcs:who/AIR_7.AGE--Y65T69__ENVCAUSE--ENVCAUSE039__SEX--F,dcid:undata-geo/G00121000,2019,22752.74981
dcs:who/AIR_7.AGE--Y65T69__ENVCAUSE--ENVCAUSE068__SEX--F,dcid:undata-geo/G00121000,2019,5180.70124
dcs:who/AIR_7.AGE--Y35T39__ENVCAUSE--ENVCAUSE039__SEX--F,dcid:undata-geo/G00121000,2019,14207.66475
dcs:who/AIR_7.AGE--Y30T34__ENVCAUSE--ENVCAUSE068__SEX--F,dcid:undata-geo/G00121000,2019,1261.27553
dcs:who/AIR_7.AGE--Y55T59__ENVCAUSE--ENVCAUSE039__SEX--F,dcid:undata-geo/G00121000,2019,17351.17117
dcs:who/AIR_7.AGE--Y60T64__ENVCAUSE--ENVCAUSE039__SEX--F,dcid:undata-geo/G00121000,2019,22183.0333
dcs:who/AIR_7.AGE--Y25T29__ENVCAUSE--ENVCAUSE113__SEX--M,dcid:undata-geo/G00121000,2019,66417.09528
dcs:who/AIR_7.ENVCAUSE--ENVCAUSE068__SEX--F,dcid:undata-geo/G00121000,2019,41441.95812
dcs:who/AIR_7.AGE--Y65T69__ENVCAUSE--ENVCAUSE113__SEX--M,dcid:undata-geo/G00121000,2019,408668.9138
dcs:who/AIR_7.AGE--Y15T19__ENVCAUSE--ENVCAUSE039__SEX--F,dcid:undata-geo/G00121000,2019,12432.18148
dcs:who/AIR_7.AGE--Y55T59__ENVCAUSE--ENVCAUSE068__SEX--F,dcid:undata-geo/G00121000,2019,6112.77632
dcs:who/AIR_7.AGE--Y50T54__ENVCAUSE--ENVCAUSE068__SEX--F,dcid:undata-geo/G00121000,2019,5601.99993
dcs:who/AIR_7.AGE--Y45T49__ENVCAUSE--ENVCAUSE113__SEX--M,dcid:undata-geo/G00121000,2019,293108.7043
dcs:who/AIR_7.AGE--Y55T59__ENVCAUSE--ENVCAUSE114__SEX--M,dcid:undata-geo/G00121000,2019,97668.6351
dcs:who/AIR_7.AGE--Y40T44__ENVCAUSE--ENVCAUSE113__SEX--M,dcid:undata-geo/G00121000,2019,220349.8812
dcs:who/AIR_7.ENVCAUSE--ENVCAUSE039__SEX--F,dcid:undata-geo/G00121000,2019,1244422.886
dcs:who/AIR_7.AGE--Y25T29__ENVCAUSE--ENVCAUSE039__SEX--F,dcid:undata-geo/G00121000,2019,12610.87575
dcs:who/AIR_7.AGE--Y60T64__ENVCAUSE--ENVCAUSE113__SEX--M,dcid:undata-geo/G00121000,2019,462035.7534
dcs:who/AIR_7.AGE--Y75T79__ENVCAUSE--ENVCAUSE113__SEX--M,dcid:undata-geo/G00121000,2019,234467.316
dcs:who/AIR_7.AGE--Y45T49__ENVCAUSE--ENVCAUSE068__SEX--F,dcid:undata-geo/G00121000,2019,4198.00151
dcs:who/AIR_7.AGE--Y75T79__ENVCAUSE--ENVCAUSE068__SEX--F,dcid:undata-geo/G00121000,2019,2210.4086
dcs:who/AIR_7.AGE--Y55T59__ENVCAUSE--ENVCAUSE113__SEX--M,dcid:undata-geo/G00121000,2019,451005.4013
dcs:who/AIR_7.AGE--Y30T34__ENVCAUSE--ENVCAUSE114__SEX--M,dcid:undata-geo/G00121000,2019,31191.18621
dcs:who/AIR_7.AGE--Y_GE80__ENVCAUSE--ENVCAUSE113__SEX--M,dcid:undata-geo/G00121000,2019,231568.5549
dcs:who/AIR_7.AGE--Y50T54__ENVCAUSE--ENVCAUSE114__SEX--M,dcid:undata-geo/G00121000,2019,83057.96417
dcs:who/AIR_7.AGE--Y70T74__ENVCAUSE--ENVCAUSE113__SEX--M,dcid:undata-geo/G00121000,2019,317643.9969
dcs:who/AIR_7.ENVCAUSE--ENVCAUSE113__SEX--M,dcid:undata-geo/G00121000,2019,3334006.909
dcs:who/AIR_7.SEX--M,dcid:undata-geo/G00121000,2019,6582437.088
dcs:who/AIR_7.AGE--Y35T39__ENVCAUSE--ENVCAUSE114__SEX--M,dcid:undata-geo/G00121000,2019,37926.33934
dcs:who/AIR_7.AGE--Y35T39__ENVCAUSE--ENVCAUSE113__SEX--M,dcid:undata-geo/G00121000,2019,149655.4876
dcs:who/AIR_7.AGE--Y45T49__ENVCAUSE--ENVCAUSE039__SEX--F,dcid:undata-geo/G00121000,2019,13204.17601
dcs:who/AIR_7.AGE--Y30T34__ENVCAUSE--ENVCAUSE039__SEX--F,dcid:undata-geo/G00121000,2019,13767.1587
dcs:who/AIR_7.AGE--Y40T44__ENVCAUSE--ENVCAUSE039__SEX--F,dcid:undata-geo/G00121000,2019,13102.36211
dcs:who/AIR_7.AGE--Y25T29__ENVCAUSE--ENVCAUSE114__SEX--F,dcid:undata-geo/G00121000,2019,19619.62854
dcs:who/AIR_7.AGE--Y45T49__ENVCAUSE--ENVCAUSE118__SEX--F,dcid:undata-geo/G00121000,2019,16847.48097
dcs:who/AIR_7.AGE--Y60T64__ENVCAUSE--ENVCAUSE113__SEX--F,dcid:undata-geo/G00121000,2019,270382.6859
dcs:who/AIR_7.AGE--Y35T39__ENVCAUSE--ENVCAUSE118__SEX--F,dcid:undata-geo/G00121000,2019,11783.18102
dcs:who/AIR_7.AGE--Y0T4__ENVCAUSE--ENVCAUSE039__SEX--F,dcid:undata-geo/G00121000,2019,929105.0302
dcs:who/AIR_7.AGE--Y65T69__ENVCAUSE--ENVCAUSE118__SEX--F,dcid:undata-geo/G00121000,2019,39236.3582
dcs:who/AIR_7.AGE--Y10T14__ENVCAUSE--ENVCAUSE039__SEX--F,dcid:undata-geo/G00121000,2019,25163.5498
dcs:who/AIR_7.AGE--Y40T44__ENVCAUSE--ENVCAUSE113__SEX--F,dcid:undata-geo/G00121000,2019,102171.883
dcs:who/AIR_7.SEX--F,dcid:undata-geo/G00121000,2019,4565236.535
dcs:who/AIR_7.AGE--Y65T69__ENVCAUSE--ENVCAUSE113__SEX--F,dcid:undata-geo/G00121000,2019,283163.996
dcs:who/AIR_7.ENVCAUSE--ENVCAUSE068,dcid:undata-geo/G00121000,2019,175005.7413
dcs:who/AIR_7.AGE--Y55T59__ENVCAUSE--ENVCAUSE114__SEX--F,dcid:undata-geo/G00121000,2019,98094.03677
dcs:who/AIR_7.AGE--Y60T64__ENVCAUSE--ENVCAUSE114__SEX--F,dcid:undata-geo/G00121000,2019,114775.9432
dcs:who/AIR_7.AGE--Y30T34__ENVCAUSE--ENVCAUSE114__SEX--F,dcid:undata-geo/G00121000,2019,27793.79841
dcs:who/AIR_7.AGE--Y65T69__ENVCAUSE--ENVCAUSE068,dcid:undata-geo/G00121000,2019,23754.39428
dcs:who/AIR_7.AGE--Y55T59__ENVCAUSE--ENVCAUSE113__SEX--F,dcid:undata-geo/G00121000,2019,233321.7525
dcs:who/AIR_7.AGE--Y70T74__ENVCAUSE--ENVCAUSE118__SEX--F,dcid:undata-geo/G00121000,2019,42261.1555
dcs:who/AIR_7.AGE--Y75T79__ENVCAUSE--ENVCAUSE118__SEX--F,dcid:undata-geo/G00121000,2019,34549.86218
dcs:who/AIR_7.AGE--Y60T64__ENVCAUSE--ENVCAUSE068,dcid:undata-geo/G00121000,2019,29561.54851
dcs:who/AIR_7.AGE--Y35T39__ENVCAUSE--ENVCAUSE114__SEX--F,dcid:undata-geo/G00121000,2019,34531.25052
dcs:who/AIR_7.AGE--Y70T74__ENVCAUSE--ENVCAUSE113__SEX--F,dcid:undata-geo/G00121000,2019,249960.5234
dcs:who/AIR_7.AGE--Y75T79__ENVCAUSE--ENVCAUSE113__SEX--F,dcid:undata-geo/G00121000,2019,206789.2852
dcs:who/AIR_7.ENVCAUSE--ENVCAUSE113__SEX--F,dcid:undata-geo/G00121000,2019,2070775.939
dcs:who/AIR_7.AGE--Y50T54__ENVCAUSE--ENVCAUSE113__SEX--F,dcid:undata-geo/G00121000,2019,183585.8561
dcs:who/AIR_7.AGE--Y50T54__ENVCAUSE--ENVCAUSE118__SEX--F,dcid:undata-geo/G00121000,2019,23634.16599
dcs:who/AIR_7.AGE--Y30T34__ENVCAUSE--ENVCAUSE118__SEX--F,dcid:undata-geo/G00121000,2019,10679.42895
dcs:who/AIR_7.AGE--Y_GE80__ENVCAUSE--ENVCAUSE113__SEX--F,dcid:undata-geo/G00121000,2019,246488.5
dcs:who/AIR_7.AGE--Y45T49__ENVCAUSE--ENVCAUSE113__SEX--F,dcid:undata-geo/G00121000,2019,138197.3622
dcs:who/AIR_7.AGE--Y60T64__ENVCAUSE--ENVCAUSE118__SEX--F,dcid:undata-geo/G00121000,2019,37858.11109
dcs:who/AIR_7.AGE--Y65T69__ENVCAUSE--ENVCAUSE114__SEX--F,dcid:undata-geo/G00121000,2019,115885.1016
dcs:who/AIR_7.AGE--Y25T29__ENVCAUSE--ENVCAUSE113__SEX--F,dcid:undata-geo/G00121000,2019,30558.97095
dcs:who/AIR_7.AGE--Y5T9__ENVCAUSE--ENVCAUSE039__SEX--F,dcid:undata-geo/G00121000,2019,54024.45363
dcs:who/AIR_7.AGE--Y_GE80__ENVCAUSE--ENVCAUSE114__SEX--F,dcid:undata-geo/G00121000,2019,94643.71386
dcs:who/AIR_7.AGE--Y70T74__ENVCAUSE--ENVCAUSE114__SEX--F,dcid:undata-geo/G00121000,2019,112483.2695
dcs:who/AIR_7.AGE--Y50T54__ENVCAUSE--ENVCAUSE114__SEX--F,dcid:undata-geo/G00121000,2019,79247.01956
dcs:who/AIR_7.AGE--Y75T79__ENVCAUSE--ENVCAUSE068,dcid:undata-geo/G00121000,2019,9154.56577
dcs:who/AIR_7.AGE--Y_GE80__ENVCAUSE--ENVCAUSE118__SEX--F,dcid:undata-geo/G00121000,2019,41314.51192
dcs:who/AIR_7.AGE--Y_GE80__ENVCAUSE--ENVCAUSE068,dcid:undata-geo/G00121000,2019,6314.00337
dcs:who/AIR_7.AGE--Y30T34__ENVCAUSE--ENVCAUSE113__SEX--F,dcid:undata-geo/G00121000,2019,52905.72721
dcs:who/AIR_7.AGE--Y55T59__ENVCAUSE--ENVCAUSE118__SEX--F,dcid:undata-geo/G00121000,2019,30731.70483
dcs:who/AIR_7.ENVCAUSE--ENVCAUSE114__SEX--F,dcid:undata-geo/G00121000,2019,898880.9954
dcs:who/AIR_7.AGE--Y50T54__ENVCAUSE--ENVCAUSE068,dcid:undata-geo/G00121000,2019,24760.04347
dcs:who/AIR_7.AGE--Y75T79__ENVCAUSE--ENVCAUSE114__SEX--F,dcid:undata-geo/G00121000,2019,94299.16127
dcs:who/AIR_7.ENVCAUSE--ENVCAUSE118__SEX--F,dcid:undata-geo/G00121000,2019,309714.7565
dcs:who/AIR_7.AGE--Y35T39__ENVCAUSE--ENVCAUSE113__SEX--F,dcid:undata-geo/G00121000,2019,73249.3971
dcs:who/AIR_7.AGE--Y40T44__ENVCAUSE--ENVCAUSE118__SEX--F,dcid:undata-geo/G00121000,2019,12502.78361
dcs:who/AIR_7.AGE--Y25T29__ENVCAUSE--ENVCAUSE118__SEX--F,dcid:undata-geo/G00121000,2019,8316.01218
dcs:who/AIR_7.AGE--Y55T59__ENVCAUSE--ENVCAUSE068,dcid:undata-geo/G00121000,2019,30278.61034
dcs:who/AIR_7.AGE--Y45T49__ENVCAUSE--ENVCAUSE114__SEX--F,dcid:undata-geo/G00121000,2019,59526.81492
dcs:who/AIR_7.AGE--Y70T74__ENVCAUSE--ENVCAUSE068,dcid:undata-geo/G00121000,2019,15861.69845
dcs:who/AIR_7.AGE--Y40T44__ENVCAUSE--ENVCAUSE114__SEX--F,dcid:undata-geo/G00121000,2019,47981.25725
dcs:who/AIR_7.AGE--Y55T59__ENVCAUSE--ENVCAUSE039,dcid:undata-geo/G00121000,2019,51216.86257
dcs:who/AIR_7.ENVCAUSE--ENVCAUSE114,dcid:undata-geo/G00121000,2019,1756819.829
dcs:who/AIR_7.AGE--Y35T39__ENVCAUSE--ENVCAUSE068,dcid:undata-geo/G00121000,2019,3719.1081
dcs:who/AIR_7.ENVCAUSE--ENVCAUSE118,dcid:undata-geo/G00121000,2019,873252.0312
dcs:who/AIR_7.AGE--Y45T49__ENVCAUSE--ENVCAUSE039,dcid:undata-geo/G00121000,2019,37976.26713
dcs:who/AIR_7.AGE--Y70T74__ENVCAUSE--ENVCAUSE113,dcid:undata-geo/G00121000,2019,567604.5204
dcs:who/AIR_7.AGE--Y30T34__ENVCAUSE--ENVCAUSE039,dcid:undata-geo/G00121000,2019,34835.79464
dcs:who/AIR_7.AGE--Y40T44__ENVCAUSE--ENVCAUSE068,dcid:undata-geo/G00121000,2019,9267.47695
dcs:who/AIR_7.ENVCAUSE--ENVCAUSE113,dcid:undata-geo/G00121000,2019,5404782.849
dcs:who/AIR_7.AGE--Y60T64__ENVCAUSE--ENVCAUSE114,dcid:undata-geo/G00121000,2019,228847.2829
dcs:who/AIR_7.AGE--Y25T29__ENVCAUSE--ENVCAUSE039,dcid:undata-geo/G00121000,2019,33444.28168
dcs:who/AIR_7.AGE--Y40T44__ENVCAUSE--ENVCAUSE039,dcid:undata-geo/G00121000,2019,37094.03451
dcs:who/AIR_7.AGE--Y25T29__ENVCAUSE--ENVCAUSE118,dcid:undata-geo/G00121000,2019,18218.95713
dcs:who/AIR_7.AGE--Y75T79__ENVCAUSE--ENVCAUSE114,dcid:undata-geo/G00121000,2019,173356.9727
dcs:who/AIR_7.AGE--Y70T74__ENVCAUSE--ENVCAUSE118,dcid:undata-geo/G00121000,2019,123446.5781
dcs:who/AIR_7.AGE--Y35T39__ENVCAUSE--ENVCAUSE039,dcid:undata-geo/G00121000,2019,36805.71335
dcs:who/AIR_7.AGE--Y35T39__ENVCAUSE--ENVCAUSE114,dcid:undata-geo/G00121000,2019,72457.58986
dcs:who/AIR_7.AGE--Y5T9__ENVCAUSE--ENVCAUSE039,dcid:undata-geo/G00121000,2019,109726.271
dcs:who/AIR_7.AGE--Y_GE80__ENVCAUSE--ENVCAUSE114,dcid:undata-geo/G00121000,2019,163765.7969
dcs:who/AIR_7.AGE--Y45T49__ENVCAUSE--ENVCAUSE118,dcid:undata-geo/G00121000,2019,44868.64475
dcs:who/AIR_7.AGE--Y30T34__ENVCAUSE--ENVCAUSE068,dcid:undata-geo/G00121000,2019,3234.08306
dcs:who/AIR_7.AGE--Y75T79__ENVCAUSE--ENVCAUSE039,dcid:undata-geo/G00121000,2019,49556.98922
dcs:who/AIR_7.AGE--Y50T54__ENVCAUSE--ENVCAUSE039,dcid:undata-geo/G00121000,2019,43793.87918
dcs:who/AIR_7.ENVCAUSE--ENVCAUSE039,dcid:undata-geo/G00121000,2019,2937813.173
dcs:who/AIR_7.AGE--Y_GE80__ENVCAUSE--ENVCAUSE039,dcid:undata-geo/G00121000,2019,59526.89426
dcs:who/AIR_7.AGE--Y65T69__ENVCAUSE--ENVCAUSE039,dcid:undata-geo/G00121000,2019,60833.96989
dcs:who/AIR_7.AGE--Y50T54__ENVCAUSE--ENVCAUSE118,dcid:undata-geo/G00121000,2019,68028.57154
dcs:who/AIR_7.AGE--Y45T49__ENVCAUSE--ENVCAUSE114,dcid:undata-geo/G00121000,2019,120226.026
dcs:who/AIR_7.AGE--Y25T29__ENVCAUSE--ENVCAUSE114,dcid:undata-geo/G00121000,2019,46307.17064
dcs:who/AIR_7.AGE--Y50T54__ENVCAUSE--ENVCAUSE114,dcid:undata-geo/G00121000,2019,162304.9837
dcs:who/AIR_7.AGE--Y10T14__ENVCAUSE--ENVCAUSE039,dcid:undata-geo/G00121000,2019,58376.55492
dcs:who/AIR_7.AGE--Y30T34__ENVCAUSE--ENVCAUSE114,dcid:undata-geo/G00121000,2019,58984.98462
dcs:who/AIR_7.AGE--Y0T4__ENVCAUSE--ENVCAUSE039,dcid:undata-geo/G00121000,2019,2131871.623
dcs:who/AIR_7.AGE--Y45T49__ENVCAUSE--ENVCAUSE068,dcid:undata-geo/G00121000,2019,16941.87782
dcs:who/AIR_7.AGE--Y60T64__ENVCAUSE--ENVCAUSE118,dcid:undata-geo/G00121000,2019,116796.7611
dcs:who/AIR_7.AGE--Y65T69__ENVCAUSE--ENVCAUSE118,dcid:undata-geo/G00121000,2019,119333.4702
dcs:who/AIR_7.AGE--Y65T69__ENVCAUSE--ENVCAUSE114,dcid:undata-geo/G00121000,2019,228566.6372
dcs:who/AIR_7.AGE--Y60T64__ENVCAUSE--ENVCAUSE039,dcid:undata-geo/G00121000,2019,64303.28972
dcs:who/AIR_7.AGE--Y_GE80__ENVCAUSE--ENVCAUSE118,dcid:undata-geo/G00121000,2019,110893.5312
dcs:who/AIR_7.AGE--Y15T19__ENVCAUSE--ENVCAUSE039,dcid:undata-geo/G00121000,2019,35922.01546
dcs:who/AIR_7.AGE--Y55T59__ENVCAUSE--ENVCAUSE118,dcid:undata-geo/G00121000,2019,89542.62867
dcs:who/AIR_7.AGE--Y70T74__ENVCAUSE--ENVCAUSE039,dcid:undata-geo/G00121000,2019,60029.72038
dcs:who/AIR_7.AGE--Y_GE80__ENVCAUSE--ENVCAUSE113,dcid:undata-geo/G00121000,2019,478057.0549
dcs:who/AIR_7.AGE--Y20T24__ENVCAUSE--ENVCAUSE039,dcid:undata-geo/G00121000,2019,32499.0126
dcs:who/AIR_7.AGE--Y35T39__ENVCAUSE--ENVCAUSE118,dcid:undata-geo/G00121000,2019,25858.61357
dcs:who/AIR_7.AGE--Y55T59__ENVCAUSE--ENVCAUSE114,dcid:undata-geo/G00121000,2019,195762.6719
dcs:who/AIR_7.AGE--Y40T44__ENVCAUSE--ENVCAUSE118,dcid:undata-geo/G00121000,2019,31695.98641
dcs:who/AIR_7.AGE--Y75T79__ENVCAUSE--ENVCAUSE118,dcid:undata-geo/G00121000,2019,101386.8073
dcs:who/AIR_7.AGE--Y30T34__ENVCAUSE--ENVCAUSE118,dcid:undata-geo/G00121000,2019,23181.4812
dcs:who/AIR_7.AGE--Y40T44__ENVCAUSE--ENVCAUSE114,dcid:undata-geo/G00121000,2019,96285.92376
dcs:who/AIR_7.AGE--Y70T74__ENVCAUSE--ENVCAUSE114,dcid:undata-geo/G00121000,2019,209953.7885
dcs:who/AIR_7.AGE--Y75T79__ENVCAUSE--ENVCAUSE113,dcid:undata-geo/G00121000,2019,441256.6012
dcs:who/AIR_7.AGE--Y25T29__ENVCAUSE--ENVCAUSE068,dcid:undata-geo/G00121000,2019,2158.33122
dcs:who/AIR_7.AGE--Y30T34__ENVCAUSE--ENVCAUSE113,dcid:undata-geo/G00121000,2019,165016.7062
dcs:who/AIR_7.AGE--Y40T44__ENVCAUSE--ENVCAUSE113,dcid:undata-geo/G00121000,2019,322521.7642
dcs:who/AIR_7.AGE--Y65T69__ENVCAUSE--ENVCAUSE113,dcid:undata-geo/G00121000,2019,691832.9098
dcs:who/AIR_7.AGE--Y35T39__ENVCAUSE--ENVCAUSE113,dcid:undata-geo/G00121000,2019,222904.8847
dcs:who/AIR_7.AGE--Y45T49__ENVCAUSE--ENVCAUSE113,dcid:undata-geo/G00121000,2019,431306.0665
dcs:who/AIR_7.AGE--Y60T64__ENVCAUSE--ENVCAUSE113,dcid:undata-geo/G00121000,2019,732418.4392
dcs:who/AIR_7,dcid:undata-geo/G00121000,2019,11147673.62
dcs:who/AIR_7.AGE--Y50T54__ENVCAUSE--ENVCAUSE113,dcid:undata-geo/G00121000,2019,570560.6815
dcs:who/AIR_7.AGE--Y25T29__ENVCAUSE--ENVCAUSE113,dcid:undata-geo/G00121000,2019,96976.06623
dcs:who/AIR_7.AGE--Y55T59__ENVCAUSE--ENVCAUSE113,dcid:undata-geo/G00121000,2019,684327.1538
dcs:who/AIR_7.AGE--Y30T34__ENVCAUSE--ENVCAUSE068__SEX--M,dcid:undata-geo/G00122000,2019,18612.81718
dcs:who/AIR_7.AGE--Y45T49__ENVCAUSE--ENVCAUSE068__SEX--M,dcid:undata-geo/G00122000,2019,125165.8801
dcs:who/AIR_7.AGE--Y_GE80__ENVCAUSE--ENVCAUSE039__SEX--M,dcid:undata-geo/G00122000,2019,272299.5279
dcs:who/AIR_7.AGE--Y55T59__ENVCAUSE--ENVCAUSE039__SEX--M,dcid:undata-geo/G00122000,2019,71370.7752
dcs:who/AIR_7.AGE--Y65T69__ENVCAUSE--ENVCAUSE068__SEX--M,dcid:undata-geo/G00122000,2019,401686.6222
dcs:who/AIR_7.AGE--Y40T44__ENVCAUSE--ENVCAUSE068__SEX--M,dcid:undata-geo/G00122000,2019,59904.99563
dcs:who/AIR_7.AGE--Y60T64__ENVCAUSE--ENVCAUSE068__SEX--M,dcid:undata-geo/G00122000,2019,346814.8135
dcs:who/AIR_7.AGE--Y75T79__ENVCAUSE--ENVCAUSE039__SEX--M,dcid:undata-geo/G00122000,2019,121941.9562
dcs:who/AIR_7.AGE--Y50T54__ENVCAUSE--ENVCAUSE068__SEX--M,dcid:undata-geo/G00122000,2019,220929.7299
dcs:who/AIR_7.ENVCAUSE--ENVCAUSE039__SEX--M,dcid:undata-geo/G00122000,2019,1631210.288
dcs:who/AIR_7.AGE--Y25T29__ENVCAUSE--ENVCAUSE068__SEX--M,dcid:undata-geo/G00122000,2019,7383.6589
dcs:who/AIR_7.AGE--Y35T39__ENVCAUSE--ENVCAUSE068__SEX--M,dcid:undata-geo/G00122000,2019,29307.53932
dcs:who/AIR_7.AGE--Y_GE80__ENVCAUSE--ENVCAUSE068__SEX--M,dcid:undata-geo/G00122000,2019,153765.6927
dcs:who/AIR_7.AGE--Y70T74__ENVCAUSE--ENVCAUSE039__SEX--M,dcid:undata-geo/G00122000,2019,124295.8687
dcs:who/AIR_7.AGE--Y55T59__ENVCAUSE--ENVCAUSE068__SEX--M,dcid:undata-geo/G00122000,2019,286545.3029
dcs:who/AIR_7.AGE--Y70T74__ENVCAUSE--ENVCAUSE068__SEX--M,dcid:undata-geo/G00122000,2019,292222.7702
dcs:who/AIR_7.ENVCAUSE--ENVCAUSE068__SEX--M,dcid:undata-geo/G00122000,2019,2128637.171
dcs:who/AIR_7.AGE--Y65T69__ENVCAUSE--ENVCAUSE039__SEX--M,dcid:undata-geo/G00122000,2019,120621.1531
dcs:who/AIR_7.AGE--Y75T79__ENVCAUSE--ENVCAUSE068__SEX--M,dcid:undata-geo/G00122000,2019,186297.3482
dcs:who/AIR_7.AGE--Y60T64__ENVCAUSE--ENVCAUSE039__SEX--M,dcid:undata-geo/G00122000,2019,97652.11445
dcs:who/AIR_7.AGE--Y50T54__ENVCAUSE--ENVCAUSE039__SEX--M,dcid:undata-geo/G00122000,2019,59077.78627
dcs:who/AIR_7.AGE--Y10T14__ENVCAUSE--ENVCAUSE039__SEX--M,dcid:undata-geo/G00122000,2019,13026.19626
dcs:who/AIR_7.AGE--Y5T9__ENVCAUSE--ENVCAUSE039__SEX--M,dcid:undata-geo/G00122000,2019,15686.16484
dcs:who/AIR_7.AGE--Y30T34__ENVCAUSE--ENVCAUSE039__SEX--M,dcid:undata-geo/G00122000,2019,28591.5099
dcs:who/AIR_7.AGE--Y30T34__ENVCAUSE--ENVCAUSE114__SEX--M,dcid:undata-geo/G00122000,2019,92495.62555
dcs:who/AIR_7.AGE--Y40T44__ENVCAUSE--ENVCAUSE039__SEX--M,dcid:undata-geo/G00122000,2019,31958.00975
dcs:who/AIR_7.AGE--Y20T24__ENVCAUSE--ENVCAUSE039__SEX--M,dcid:undata-geo/G00122000,2019,20771.83835
dcs:who/AIR_7.AGE--Y40T44__ENVCAUSE--ENVCAUSE118__SEX--M,dcid:undata-geo/G00122000,2019,36214.79461
dcs:who/AIR_7.AGE--Y60T64__ENVCAUSE--ENVCAUSE118__SEX--M,dcid:undata-geo/G00122000,2019,274602.9396
dcs:who/AIR_7.AGE--Y15T19__ENVCAUSE--ENVCAUSE039__SEX--M,dcid:undata-geo/G00122000,2019,15734.44902
dcs:who/AIR_7.ENVCAUSE--ENVCAUSE114__SEX--M,dcid:undata-geo/G00122000,2019,6129524.555
dcs:who/AIR_7.AGE--Y65T69__ENVCAUSE--ENVCAUSE113__SEX--M,dcid:undata-geo/G00122000,2019,984642.0356
dcs:who/AIR_7.SEX--M,dcid:undata-geo/G00122000,2019,19863920.43
dcs:who/AIR_7.AGE--Y70T74__ENVCAUSE--ENVCAUSE118__SEX--M,dcid:undata-geo/G00122000,2019,454047.1488
dcs:who/AIR_7.AGE--Y60T64__ENVCAUSE--ENVCAUSE114__SEX--M,dcid:undata-geo/G00122000,2019,777354.8369
dcs:who/AIR_7.AGE--Y50T54__ENVCAUSE--ENVCAUSE113__SEX--M,dcid:undata-geo/G00122000,2019,689039.255
dcs:who/AIR_7.AGE--Y50T54__ENVCAUSE--ENVCAUSE114__SEX--M,dcid:undata-geo/G00122000,2019,527877.7242
dcs:who/AIR_7.AGE--Y65T69__ENVCAUSE--ENVCAUSE118__SEX--M,dcid:undata-geo/G00122000,2019,407425.2062
dcs:who/AIR_7.AGE--Y70T74__ENVCAUSE--ENVCAUSE068__SEX--F,dcid:undata-geo/G00122000,2019,122756.4092
dcs:who/AIR_7.AGE--Y70T74__ENVCAUSE--ENVCAUSE114__SEX--M,dcid:undata-geo/G00122000,2019,841134.0945
dcs:who/AIR_7.AGE--Y45T49__ENVCAUSE--ENVCAUSE114__SEX--M,dcid:undata-geo/G00122000,2019,344460.0235
dcs:who/AIR_7.AGE--Y40T44__ENVCAUSE--ENVCAUSE114__SEX--M,dcid:undata-geo/G00122000,2019,213814.2416
dcs:who/AIR_7.AGE--Y30T34__ENVCAUSE--ENVCAUSE113__SEX--M,dcid:undata-geo/G00122000,2019,156533.1698
dcs:who/AIR_7.AGE--Y35T39__ENVCAUSE--ENVCAUSE118__SEX--M,dcid:undata-geo/G00122000,2019,22119.15564
dcs:who/AIR_7.AGE--Y25T29__ENVCAUSE--ENVCAUSE118__SEX--M,dcid:undata-geo/G00122000,2019,12524.27782
dcs:who/AIR_7.AGE--Y55T59__ENVCAUSE--ENVCAUSE118__SEX--M,dcid:undata-geo/G00122000,2019,181265.367
dcs:who/AIR_7.AGE--Y25T29__ENVCAUSE--ENVCAUSE114__SEX--M,dcid:undata-geo/G00122000,2019,47270.50015
dcs:who/AIR_7.ENVCAUSE--ENVCAUSE118__SEX--M,dcid:undata-geo/G00122000,2019,2719912.585
dcs:who/AIR_7.AGE--Y35T39__ENVCAUSE--ENVCAUSE114__SEX--M,dcid:undata-geo/G00122000,2019,126862.8601
dcs:who/AIR_7.AGE--Y0T4__ENVCAUSE--ENVCAUSE039__SEX--M,dcid:undata-geo/G00122000,2019,544986.3536
dcs:who/AIR_7.AGE--Y55T59__ENVCAUSE--ENVCAUSE114__SEX--M,dcid:undata-geo/G00122000,2019,634420.3468
dcs:who/AIR_7.AGE--Y75T79__ENVCAUSE--ENVCAUSE113__SEX--M,dcid:undata-geo/G00122000,2019,697861.1272
dcs:who/AIR_7.AGE--Y70T74__ENVCAUSE--ENVCAUSE113__SEX--M,dcid:undata-geo/G00122000,2019,828922.881
dcs:who/AIR_7.AGE--Y45T49__ENVCAUSE--ENVCAUSE039__SEX--M,dcid:undata-geo/G00122000,2019,42339.69295
dcs:who/AIR_7.AGE--Y35T39__ENVCAUSE--ENVCAUSE113__SEX--M,dcid:undata-geo/G00122000,2019,206501.5383
dcs:who/AIR_7.ENVCAUSE--ENVCAUSE113__SEX--M,dcid:undata-geo/G00122000,2019,7254635.834
dcs:who/AIR_7.AGE--Y25T29__ENVCAUSE--ENVCAUSE113__SEX--M,dcid:undata-geo/G00122000,2019,76268.08024
dcs:who/AIR_7.AGE--Y_GE80__ENVCAUSE--ENVCAUSE118__SEX--M,dcid:undata-geo/G00122000,2019,683452.11
dcs:who/AIR_7.AGE--Y35T39__ENVCAUSE--ENVCAUSE039__SEX--M,dcid:undata-geo/G00122000,2019,27077.0532
dcs:who/AIR_7.AGE--Y_GE80__ENVCAUSE--ENVCAUSE068__SEX--F,dcid:undata-geo/G00122000,2019,90187.5878
dcs:who/AIR_7.AGE--Y55T59__ENVCAUSE--ENVCAUSE113__SEX--M,dcid:undata-geo/G00122000,2019,774267.656
dcs:who/AIR_7.AGE--Y_GE80__ENVCAUSE--ENVCAUSE114__SEX--M,dcid:undata-geo/G00122000,2019,875114.4816
dcs:who/AIR_7.AGE--Y50T54__ENVCAUSE--ENVCAUSE118__SEX--M,dcid:undata-geo/G00122000,2019,128849.3806
dcs:who/AIR_7.AGE--Y60T64__ENVCAUSE--ENVCAUSE113__SEX--M,dcid:undata-geo/G00122000,2019,864400.982
dcs:who/AIR_7.AGE--Y75T79__ENVCAUSE--ENVCAUSE114__SEX--M,dcid:undata-geo/G00122000,2019,691830.9168
dcs:who/AIR_7.AGE--Y30T34__ENVCAUSE--ENVCAUSE118__SEX--M,dcid:undata-geo/G00122000,2019,19307.50772
dcs:who/AIR_7.AGE--Y45T49__ENVCAUSE--ENVCAUSE118__SEX--M,dcid:undata-geo/G00122000,2019,70745.78382
dcs:who/AIR_7.ENVCAUSE--ENVCAUSE068__SEX--F,dcid:undata-geo/G00122000,2019,920244.1599
dcs:who/AIR_7.AGE--Y75T79__ENVCAUSE--ENVCAUSE068__SEX--F,dcid:undata-geo/G00122000,2019,86668.2422
dcs:who/AIR_7.AGE--Y40T44__ENVCAUSE--ENVCAUSE113__SEX--M,dcid:undata-geo/G00122000,2019,328870.2724
dcs:who/AIR_7.AGE--Y25T29__ENVCAUSE--ENVCAUSE039__SEX--M,dcid:undata-geo/G00122000,2019,23779.83884
dcs:who/AIR_7.AGE--Y65T69__ENVCAUSE--ENVCAUSE114__SEX--M,dcid:undata-geo/G00122000,2019,956888.9037
dcs:who/AIR_7.AGE--Y75T79__ENVCAUSE--ENVCAUSE118__SEX--M,dcid:undata-geo/G00122000,2019,429358.9127
dcs:who/AIR_7.AGE--Y_GE80__ENVCAUSE--ENVCAUSE113__SEX--M,dcid:undata-geo/G00122000,2019,1158258.58
dcs:who/AIR_7.AGE--Y45T49__ENVCAUSE--ENVCAUSE113__SEX--M,dcid:undata-geo/G00122000,2019,489070.2562
dcs:who/AIR_7.AGE--Y35T39__ENVCAUSE--ENVCAUSE039__SEX--F,dcid:undata-geo/G00122000,2019,13776.71095
dcs:who/AIR_7.AGE--Y50T54__ENVCAUSE--ENVCAUSE068__SEX--F,dcid:undata-geo/G00122000,2019,94157.15597
dcs:who/AIR_7.ENVCAUSE--ENVCAUSE114__SEX--F,dcid:undata-geo/G00122000,2019,4471067.155
dcs:who/AIR_7.AGE--Y60T64__ENVCAUSE--ENVCAUSE068__SEX--F,dcid:undata-geo/G00122000,2019,134142.6898
dcs:who/AIR_7.AGE--Y10T14__ENVCAUSE--ENVCAUSE039__SEX--F,dcid:undata-geo/G00122000,2019,9148.40647
dcs:who/AIR_7.AGE--Y_GE80__ENVCAUSE--ENVCAUSE114__SEX--F,dcid:undata-geo/G00122000,2019,1009868.573
dcs:who/AIR_7.AGE--Y45T49__ENVCAUSE--ENVCAUSE114__SEX--F,dcid:undata-geo/G00122000,2019,181427.2183
dcs:who/AIR_7.AGE--Y30T34__ENVCAUSE--ENVCAUSE118__SEX--F,dcid:undata-geo/G00122000,2019,18698.88308
dcs:who/AIR_7.AGE--Y70T74__ENVCAUSE--ENVCAUSE118__SEX--F,dcid:undata-geo/G00122000,2019,303191.44
dcs:who/AIR_7.AGE--Y30T34__ENVCAUSE--ENVCAUSE068__SEX--F,dcid:undata-geo/G00122000,2019,10504.93155
dcs:who/AIR_7.AGE--Y35T39__ENVCAUSE--ENVCAUSE068__SEX--F,dcid:undata-geo/G00122000,2019,16276.40126
dcs:who/AIR_7.AGE--Y_GE80__ENVCAUSE--ENVCAUSE039__SEX--F,dcid:undata-geo/G00122000,2019,294186.5719
dcs:who/AIR_7.AGE--Y75T79__ENVCAUSE--ENVCAUSE118__SEX--F,dcid:undata-geo/G00122000,2019,310584.7715
dcs:who/AIR_7.ENVCAUSE--ENVCAUSE039__SEX--F,dcid:undata-geo/G00122000,2019,1155795.451
dcs:who/AIR_7.AGE--Y65T69__ENVCAUSE--ENVCAUSE114__SEX--F,dcid:undata-geo/G00122000,2019,656622.4225
dcs:who/AIR_7.AGE--Y55T59__ENVCAUSE--ENVCAUSE039__SEX--F,dcid:undata-geo/G00122000,2019,34116.49683
dcs:who/AIR_7.AGE--Y40T44__ENVCAUSE--ENVCAUSE068__SEX--F,dcid:undata-geo/G00122000,2019,33056.81162
dcs:who/AIR_7.AGE--Y50T54__ENVCAUSE--ENVCAUSE039__SEX--F,dcid:undata-geo/G00122000,2019,28227.45681
dcs:who/AIR_7.AGE--Y55T59__ENVCAUSE--ENVCAUSE114__SEX--F,dcid:undata-geo/G00122000,2019,367699.6219
dcs:who/AIR_7.AGE--Y45T49__ENVCAUSE--ENVCAUSE068__SEX--F,dcid:undata-geo/G00122000,2019,58269.70278
dcs:who/AIR_7.AGE--Y55T59__ENVCAUSE--ENVCAUSE118__SEX--F,dcid:undata-geo/G00122000,2019,114738.0803
dcs:who/AIR_7.AGE--Y75T79__ENVCAUSE--ENVCAUSE039__SEX--F,dcid:undata-geo/G00122000,2019,90319.56431
dcs:who/AIR_7.AGE--Y25T29__ENVCAUSE--ENVCAUSE039__SEX--F,dcid:undata-geo/G00122000,2019,11648.83814
dcs:who/AIR_7.AGE--Y35T39__ENVCAUSE--ENVCAUSE118__SEX--F,dcid:undata-geo/G00122000,2019,20135.652
dcs:who/AIR_7.AGE--Y25T29__ENVCAUSE--ENVCAUSE068__SEX--F,dcid:undata-geo/G00122000,2019,4289.2425
dcs:who/AIR_7.AGE--Y40T44__ENVCAUSE--ENVCAUSE039__SEX--F,dcid:undata-geo/G00122000,2019,14834.11627
dcs:who/AIR_7.AGE--Y60T64__ENVCAUSE--ENVCAUSE114__SEX--F,dcid:undata-geo/G00122000,2019,473663.7531
dcs:who/AIR_7.AGE--Y50T54__ENVCAUSE--ENVCAUSE118__SEX--F,dcid:undata-geo/G00122000,2019,88670.90718
dcs:who/AIR_7.AGE--Y65T69__ENVCAUSE--ENVCAUSE039__SEX--F,dcid:undata-geo/G00122000,2019,63680.31493
dcs:who/AIR_7.AGE--Y40T44__ENVCAUSE--ENVCAUSE114__SEX--F,dcid:undata-geo/G00122000,2019,96472.00316
dcs:who/AIR_7.AGE--Y65T69__ENVCAUSE--ENVCAUSE118__SEX--F,dcid:undata-geo/G00122000,2019,261848.0879
dcs:who/AIR_7.ENVCAUSE--ENVCAUSE118__SEX--F,dcid:undata-geo/G00122000,2019,2020346.989
dcs:who/AIR_7.AGE--Y30T34__ENVCAUSE--ENVCAUSE039__SEX--F,dcid:undata-geo/G00122000,2019,13205.87064
dcs:who/AIR_7.AGE--Y50T54__ENVCAUSE--ENVCAUSE114__SEX--F,dcid:undata-geo/G00122000,2019,300508.6324
dcs:who/AIR_7.AGE--Y20T24__ENVCAUSE--ENVCAUSE039__SEX--F,dcid:undata-geo/G00122000,2019,10221.78145
dcs:who/AIR_7.AGE--Y65T69__ENVCAUSE--ENVCAUSE068__SEX--F,dcid:undata-geo/G00122000,2019,159499.2274
dcs:who/AIR_7.AGE--Y25T29__ENVCAUSE--ENVCAUSE118__SEX--F,dcid:undata-geo/G00122000,2019,12899.8942
dcs:who/AIR_7.AGE--Y15T19__ENVCAUSE--ENVCAUSE039__SEX--F,dcid:undata-geo/G00122000,2019,10230.76666
dcs:who/AIR_7.AGE--Y0T4__ENVCAUSE--ENVCAUSE039__SEX--F,dcid:undata-geo/G00122000,2019,402214.2253
dcs:who/AIR_7.AGE--Y70T74__ENVCAUSE--ENVCAUSE039__SEX--F,dcid:undata-geo/G00122000,2019,78464.56468
dcs:who/AIR_7.AGE--Y60T64__ENVCAUSE--ENVCAUSE118__SEX--F,dcid:undata-geo/G00122000,2019,167935.4159
dcs:who/AIR_7.AGE--Y40T44__ENVCAUSE--ENVCAUSE118__SEX--F,dcid:undata-geo/G00122000,2019,28467.18318
dcs:who/AIR_7.AGE--Y_GE80__ENVCAUSE--ENVCAUSE118__SEX--F,dcid:undata-geo/G00122000,2019,640682.6311
dcs:who/AIR_7.AGE--Y45T49__ENVCAUSE--ENVCAUSE118__SEX--F,dcid:undata-geo/G00122000,2019,52494.04253
dcs:who/AIR_7.AGE--Y5T9__ENVCAUSE--ENVCAUSE039__SEX--F,dcid:undata-geo/G00122000,2019,14828.11441
dcs:who/AIR_7.AGE--Y45T49__ENVCAUSE--ENVCAUSE039__SEX--F,dcid:undata-geo/G00122000,2019,20523.7182
dcs:who/AIR_7.AGE--Y60T64__ENVCAUSE--ENVCAUSE039__SEX--F,dcid:undata-geo/G00122000,2019,46167.9327
dcs:who/AIR_7.AGE--Y55T59__ENVCAUSE--ENVCAUSE068__SEX--F,dcid:undata-geo/G00122000,2019,110435.7578
dcs:who/AIR_7.AGE--Y70T74__ENVCAUSE--ENVCAUSE114__SEX--F,dcid:undata-geo/G00122000,2019,656988.5346
dcs:who/AIR_7.AGE--Y75T79__ENVCAUSE--ENVCAUSE114__SEX--F,dcid:undata-geo/G00122000,2019,602406.0101
dcs:who/AIR_7.AGE--Y25T29__ENVCAUSE--ENVCAUSE114__SEX--F,dcid:undata-geo/G00122000,2019,25644.38698
dcs:who/AIR_7.AGE--Y50T54__ENVCAUSE--ENVCAUSE039,dcid:undata-geo/G00122000,2019,87305.24308
dcs:who/AIR_7.AGE--Y30T34__ENVCAUSE--ENVCAUSE114__SEX--F,dcid:undata-geo/G00122000,2019,41473.40194
dcs:who/AIR_7.AGE--Y25T29__ENVCAUSE--ENVCAUSE068,dcid:undata-geo/G00122000,2019,11672.90139
dcs:who/AIR_7.AGE--Y75T79__ENVCAUSE--ENVCAUSE068,dcid:undata-geo/G00122000,2019,272965.5904
dcs:who/AIR_7.AGE--Y35T39__ENVCAUSE--ENVCAUSE068,dcid:undata-geo/G00122000,2019,45583.94058
dcs:who/AIR_7.AGE--Y70T74__ENVCAUSE--ENVCAUSE039,dcid:undata-geo/G00122000,2019,202760.4334
dcs:who/AIR_7.AGE--Y45T49__ENVCAUSE--ENVCAUSE113__SEX--F,dcid:undata-geo/G00122000,2019,172462.55
dcs:who/AIR_7.AGE--Y50T54__ENVCAUSE--ENVCAUSE113__SEX--F,dcid:undata-geo/G00122000,2019,261955.1026
dcs:who/AIR_7.AGE--Y20T24__ENVCAUSE--ENVCAUSE039,dcid:undata-geo/G00122000,2019,30993.6198
dcs:who/AIR_7.AGE--Y35T39__ENVCAUSE--ENVCAUSE113__SEX--F,dcid:undata-geo/G00122000,2019,59578.07104
dcs:who/AIR_7.AGE--Y65T69__ENVCAUSE--ENVCAUSE039,dcid:undata-geo/G00122000,2019,184301.468
dcs:who/AIR_7.AGE--Y_GE80__ENVCAUSE--ENVCAUSE039,dcid:undata-geo/G00122000,2019,566486.0998
dcs:who/AIR_7.AGE--Y15T19__ENVCAUSE--ENVCAUSE039,dcid:undata-geo/G00122000,2019,25965.21569
dcs:who/AIR_7.AGE--Y5T9__ENVCAUSE--ENVCAUSE039,dcid:undata-geo/G00122000,2019,30514.27925
dcs:who/AIR_7.AGE--Y_GE80__ENVCAUSE--ENVCAUSE068,dcid:undata-geo/G00122000,2019,243953.2805
dcs:who/AIR_7.ENVCAUSE--ENVCAUSE118,dcid:undata-geo/G00122000,2019,4740259.573
dcs:who/AIR_7.AGE--Y70T74__ENVCAUSE--ENVCAUSE113__SEX--F,dcid:undata-geo/G00122000,2019,603295.2714
dcs:who/AIR_7.AGE--Y75T79__ENVCAUSE--ENVCAUSE039,dcid:undata-geo/G00122000,2019,212261.5205
dcs:who/AIR_7.ENVCAUSE--ENVCAUSE113__SEX--F,dcid:undata-geo/G00122000,2019,4578646.417
dcs:who/AIR_7.AGE--Y_GE80__ENVCAUSE--ENVCAUSE118,dcid:undata-geo/G00122000,2019,1324134.741
dcs:who/AIR_7.AGE--Y60T64__ENVCAUSE--ENVCAUSE113__SEX--F,dcid:undata-geo/G00122000,2019,431580.2798
dcs:who/AIR_7.ENVCAUSE--ENVCAUSE039,dcid:undata-geo/G00122000,2019,2787005.739
dcs:who/AIR_7.AGE--Y25T29__ENVCAUSE--ENVCAUSE039,dcid:undata-geo/G00122000,2019,35428.67698
dcs:who/AIR_7.AGE--Y25T29__ENVCAUSE--ENVCAUSE113__SEX--F,dcid:undata-geo/G00122000,2019,24939.60094
dcs:who/AIR_7.AGE--Y55T59__ENVCAUSE--ENVCAUSE039,dcid:undata-geo/G00122000,2019,105487.272
dcs:who/AIR_7.AGE--Y45T49__ENVCAUSE--ENVCAUSE068,dcid:undata-geo/G00122000,2019,183435.5829
dcs:who/AIR_7.AGE--Y_GE80__ENVCAUSE--ENVCAUSE113__SEX--F,dcid:undata-geo/G00122000,2019,1377386.356
dcs:who/AIR_7.AGE--Y70T74__ENVCAUSE--ENVCAUSE118,dcid:undata-geo/G00122000,2019,757238.5888
dcs:who/AIR_7.AGE--Y30T34__ENVCAUSE--ENVCAUSE068,dcid:undata-geo/G00122000,2019,29117.74873
dcs:who/AIR_7.AGE--Y75T79__ENVCAUSE--ENVCAUSE118,dcid:undata-geo/G00122000,2019,739943.6842
dcs:who/AIR_7.AGE--Y70T74__ENVCAUSE--ENVCAUSE068,dcid:undata-geo/G00122000,2019,414979.1795
dcs:who/AIR_7.AGE--Y40T44__ENVCAUSE--ENVCAUSE068,dcid:undata-geo/G00122000,2019,92961.80725
dcs:who/AIR_7.AGE--Y35T39__ENVCAUSE--ENVCAUSE039,dcid:undata-geo/G00122000,2019,40853.76415
dcs:who/AIR_7.AGE--Y60T64__ENVCAUSE--ENVCAUSE039,dcid:undata-geo/G00122000,2019,143820.0471
dcs:who/AIR_7.AGE--Y55T59__ENVCAUSE--ENVCAUSE113__SEX--F,dcid:undata-geo/G00122000,2019,324271.3871
dcs:who/AIR_7.AGE--Y30T34__ENVCAUSE--ENVCAUSE039,dcid:undata-geo/G00122000,2019,41797.38054
dcs:who/AIR_7.AGE--Y35T39__ENVCAUSE--ENVCAUSE114__SEX--F,dcid:undata-geo/G00122000,2019,58292.59726
dcs:who/AIR_7.SEX--F,dcid:undata-geo/G00122000,2019,13146100.17
dcs:who/AIR_7.AGE--Y50T54__ENVCAUSE--ENVCAUSE068,dcid:undata-geo/G00122000,2019,315086.8859
dcs:who/AIR_7.AGE--Y0T4__ENVCAUSE--ENVCAUSE039,dcid:undata-geo/G00122000,2019,947200.5789
dcs:who/AIR_7.AGE--Y40T44__ENVCAUSE--ENVCAUSE113__SEX--F,dcid:undata-geo/G00122000,2019,97397.77136
dcs:who/AIR_7.AGE--Y30T34__ENVCAUSE--ENVCAUSE113__SEX--F,dcid:undata-geo/G00122000,2019,45084.00485
dcs:who/AIR_7.AGE--Y10T14__ENVCAUSE--ENVCAUSE039,dcid:undata-geo/G00122000,2019,22174.60273
dcs:who/AIR_7.AGE--Y40T44__ENVCAUSE--ENVCAUSE039,dcid:undata-geo/G00122000,2019,46792.12603
dcs:who/AIR_7.AGE--Y65T69__ENVCAUSE--ENVCAUSE113__SEX--F,dcid:undata-geo/G00122000,2019,594020.6041
dcs:who/AIR_7.ENVCAUSE--ENVCAUSE068,dcid:undata-geo/G00122000,2019,3048881.331
dcs:who/AIR_7.AGE--Y45T49__ENVCAUSE--ENVCAUSE039,dcid:undata-geo/G00122000,2019,62863.41115
dcs:who/AIR_7.AGE--Y60T64__ENVCAUSE--ENVCAUSE068,dcid:undata-geo/G00122000,2019,480957.5033
dcs:who/AIR_7.AGE--Y75T79__ENVCAUSE--ENVCAUSE113__SEX--F,dcid:undata-geo/G00122000,2019,586675.4177
dcs:who/AIR_7.AGE--Y65T69__ENVCAUSE--ENVCAUSE068,dcid:undata-geo/G00122000,2019,561185.8496
dcs:who/AIR_7.AGE--Y55T59__ENVCAUSE--ENVCAUSE068,dcid:undata-geo/G00122000,2019,396981.0607
dcs:who/AIR_7.AGE--Y30T34__ENVCAUSE--ENVCAUSE118,dcid:undata-geo/G00122000,2019,38006.3908
dcs:who/AIR_7.AGE--Y55T59__ENVCAUSE--ENVCAUSE113,dcid:undata-geo/G00122000,2019,1098539.043
dcs:who/AIR_7.AGE--Y65T69__ENVCAUSE--ENVCAUSE113,dcid:undata-geo/G00122000,2019,1578662.64
dcs:who/AIR_7.AGE--Y45T49__ENVCAUSE--ENVCAUSE113,dcid:undata-geo/G00122000,2019,661532.8062
dcs:who/AIR_7.AGE--Y65T69__ENVCAUSE--ENVCAUSE114,dcid:undata-geo/G00122000,2019,1613511.326
dcs:who/AIR_7.AGE--Y_GE80__ENVCAUSE--ENVCAUSE114,dcid:undata-geo/G00122000,2019,1884983.054
dcs:who/AIR_7.AGE--Y75T79__ENVCAUSE--ENVCAUSE114,dcid:undata-geo/G00122000,2019,1294236.927
dcs:who/AIR_7.AGE--Y50T54__ENVCAUSE--ENVCAUSE118,dcid:undata-geo/G00122000,2019,217520.2878
dcs:who/AIR_7.AGE--Y25T29__ENVCAUSE--ENVCAUSE118,dcid:undata-geo/G00122000,2019,25424.17201
dcs:who/AIR_7.AGE--Y60T64__ENVCAUSE--ENVCAUSE118,dcid:undata-geo/G00122000,2019,442538.3555
dcs:who/AIR_7.AGE--Y40T44__ENVCAUSE--ENVCAUSE113,dcid:undata-geo/G00122000,2019,426268.0437
dcs:who/AIR_7.AGE--Y75T79__ENVCAUSE--ENVCAUSE113,dcid:undata-geo/G00122000,2019,1284536.545
dcs:who/AIR_7.AGE--Y35T39__ENVCAUSE--ENVCAUSE113,dcid:undata-geo/G00122000,2019,266079.6094
dcs:who/AIR_7.AGE--Y_GE80__ENVCAUSE--ENVCAUSE113,dcid:undata-geo/G00122000,2019,2535644.937
dcs:who/AIR_7.AGE--Y55T59__ENVCAUSE--ENVCAUSE118,dcid:undata-geo/G00122000,2019,296003.4473
dcs:who/AIR_7,dcid:undata-geo/G00122000,2019,33010020.6
dcs:who/AIR_7.AGE--Y25T29__ENVCAUSE--ENVCAUSE114,dcid:undata-geo/G00122000,2019,72914.88713
dcs:who/AIR_7.AGE--Y40T44__ENVCAUSE--ENVCAUSE118,dcid:undata-geo/G00122000,2019,64681.97778
dcs:who/AIR_7.AGE--Y30T34__ENVCAUSE--ENVCAUSE114,dcid:undata-geo/G00122000,2019,133969.0275
dcs:who/AIR_7.AGE--Y70T74__ENVCAUSE--ENVCAUSE114,dcid:undata-geo/G00122000,2019,1498122.629
dcs:who/AIR_7.AGE--Y60T64__ENVCAUSE--ENVCAUSE113,dcid:undata-geo/G00122000,2019,1295981.262
dcs:who/AIR_7.AGE--Y70T74__ENVCAUSE--ENVCAUSE113,dcid:undata-geo/G00122000,2019,1432218.152
dcs:who/AIR_7.AGE--Y35T39__ENVCAUSE--ENVCAUSE118,dcid:undata-geo/G00122000,2019,42254.80764
dcs:who/AIR_7.AGE--Y40T44__ENVCAUSE--ENVCAUSE114,dcid:undata-geo/G00122000,2019,310286.2447
dcs:who/AIR_7.AGE--Y65T69__ENVCAUSE--ENVCAUSE118,dcid:undata-geo/G00122000,2019,669273.294
dcs:who/AIR_7.AGE--Y45T49__ENVCAUSE--ENVCAUSE114,dcid:undata-geo/G00122000,2019,525887.2418
dcs:who/AIR_7.AGE--Y35T39__ENVCAUSE--ENVCAUSE114,dcid:undata-geo/G00122000,2019,185155.4574
dcs:who/AIR_7.AGE--Y25T29__ENVCAUSE--ENVCAUSE113,dcid:undata-geo/G00122000,2019,101207.6812
dcs:who/AIR_7.AGE--Y50T54__ENVCAUSE--ENVCAUSE114,dcid:undata-geo/G00122000,2019,828386.3566
dcs:who/AIR_7.ENVCAUSE--ENVCAUSE113,dcid:undata-geo/G00122000,2019,11833282.25
dcs:who/AIR_7.ENVCAUSE--ENVCAUSE114,dcid:undata-geo/G00122000,2019,10600591.71
dcs:who/AIR_7.AGE--Y50T54__ENVCAUSE--ENVCAUSE113,dcid:undata-geo/G00122000,2019,950994.3576
dcs:who/AIR_7.AGE--Y30T34__ENVCAUSE--ENVCAUSE113,dcid:undata-geo/G00122000,2019,201617.1746
dcs:who/AIR_7.AGE--Y55T59__ENVCAUSE--ENVCAUSE114,dcid:undata-geo/G00122000,2019,1002119.969
dcs:who/AIR_7.AGE--Y45T49__ENVCAUSE--ENVCAUSE118,dcid:undata-geo/G00122000,2019,123239.8264
dcs:who/AIR_7.AGE--Y60T64__ENVCAUSE--ENVCAUSE114,dcid:undata-geo/G00122000,2019,1251018.59
dcs:who/AIR_7.AGE--Y25T29__ENVCAUSE--ENVCAUSE039__SEX--M,dcid:undata-geo/G00126000,2019,4269.12086
dcs:who/AIR_7.AGE--Y45T49__ENVCAUSE--ENVCAUSE068__SEX--M,dcid:undata-geo/G00126000,2019,11772.25108
dcs:who/AIR_7.AGE--Y50T54__ENVCAUSE--ENVCAUSE118__SEX--M,dcid:undata-geo/G00126000,2019,19962.02006
dcs:who/AIR_7.AGE--Y25T29__ENVCAUSE--ENVCAUSE118__SEX--M,dcid:undata-geo/G00126000,2019,1382.47559
dcs:who/AIR_7.AGE--Y30T34__ENVCAUSE--ENVCAUSE068__SEX--M,dcid:undata-geo/G00126000,2019,655.14828
dcs:who/AIR_7.ENVCAUSE--ENVCAUSE114__SEX--M,dcid:undata-geo/G00126000,2019,771115.8296
dcs:who/AIR_7.AGE--Y55T59__ENVCAUSE--ENVCAUSE039__SEX--M,dcid:undata-geo/G00126000,2019,26066.36459
dcs:who/AIR_7.AGE--Y20T24__ENVCAUSE--ENVCAUSE039__SEX--M,dcid:undata-geo/G00126000,2019,2441.17746
dcs:who/AIR_7.AGE--Y5T9__ENVCAUSE--ENVCAUSE039__SEX--M,dcid:undata-geo/G00126000,2019,1263.01082
dcs:who/AIR_7.AGE--Y55T59__ENVCAUSE--ENVCAUSE068__SEX--M,dcid:undata-geo/G00126000,2019,50306.5005
dcs:who/AIR_7.AGE--Y35T39__ENVCAUSE--ENVCAUSE039__SEX--M,dcid:undata-geo/G00126000,2019,14183.87219
dcs:who/AIR_7.ENVCAUSE--ENVCAUSE118__SEX--M,dcid:undata-geo/G00126000,2019,465036.3526
dcs:who/AIR_7.AGE--Y65T69__ENVCAUSE--ENVCAUSE039__SEX--M,dcid:undata-geo/G00126000,2019,27976.18872
dcs:who/AIR_7.ENVCAUSE--ENVCAUSE039__SEX--M,dcid:undata-geo/G00126000,2019,312426.4862
dcs:who/AIR_7.AGE--Y60T64__ENVCAUSE--ENVCAUSE068__SEX--M,dcid:undata-geo/G00126000,2019,69138.19419
dcs:who/AIR_7.AGE--Y70T74__ENVCAUSE--ENVCAUSE039__SEX--M,dcid:undata-geo/G00126000,2019,26628.68997
dcs:who/AIR_7.AGE--Y75T79__ENVCAUSE--ENVCAUSE114__SEX--M,dcid:undata-geo/G00126000,2019,93519.74509
dcs:who/AIR_7.AGE--Y50T54__ENVCAUSE--ENVCAUSE068__SEX--M,dcid:undata-geo/G00126000,2019,25724.8043
dcs:who/AIR_7.AGE--Y45T49__ENVCAUSE--ENVCAUSE118__SEX--M,dcid:undata-geo/G00126000,2019,10214.02475
dcs:who/AIR_7.AGE--Y70T74__ENVCAUSE--ENVCAUSE114__SEX--M,dcid:undata-geo/G00126000,2019,104023.2487
dcs:who/AIR_7.AGE--Y65T69__ENVCAUSE--ENVCAUSE068__SEX--M,dcid:undata-geo/G00126000,2019,69958.55663
dcs:who/AIR_7.AGE--Y35T39__ENVCAUSE--ENVCAUSE118__SEX--M,dcid:undata-geo/G00126000,2019,3236.55409
dcs:who/AIR_7.AGE--Y75T79__ENVCAUSE--ENVCAUSE118__SEX--M,dcid:undata-geo/G00126000,2019,66317.02799
dcs:who/AIR_7.AGE--Y45T49__ENVCAUSE--ENVCAUSE039__SEX--M,dcid:undata-geo/G00126000,2019,18934.4741
dcs:who/AIR_7.AGE--Y_GE80__ENVCAUSE--ENVCAUSE068__SEX--M,dcid:undata-geo/G00126000,2019,32262.00562
dcs:who/AIR_7.AGE--Y40T44__ENVCAUSE--ENVCAUSE039__SEX--M,dcid:undata-geo/G00126000,2019,17442.49779
dcs:who/AIR_7.AGE--Y70T74__ENVCAUSE--ENVCAUSE118__SEX--M,dcid:undata-geo/G00126000,2019,75959.26608
dcs:who/AIR_7.AGE--Y60T64__ENVCAUSE--ENVCAUSE039__SEX--M,dcid:undata-geo/G00126000,2019,29173.51558
dcs:who/AIR_7.AGE--Y30T34__ENVCAUSE--ENVCAUSE039__SEX--M,dcid:undata-geo/G00126000,2019,9333.61364
dcs:who/AIR_7.AGE--Y30T34__ENVCAUSE--ENVCAUSE118__SEX--M,dcid:undata-geo/G00126000,2019,2196.05753
dcs:who/AIR_7.AGE--Y70T74__ENVCAUSE--ENVCAUSE068__SEX--M,dcid:undata-geo/G00126000,2019,56283.12828
dcs:who/AIR_7.AGE--Y25T29__ENVCAUSE--ENVCAUSE068__SEX--M,dcid:undata-geo/G00126000,2019,238.67273
dcs:who/AIR_7.AGE--Y75T79__ENVCAUSE--ENVCAUSE068__SEX--M,dcid:undata-geo/G00126000,2019,34227.35112
dcs:who/AIR_7.AGE--Y0T4__ENVCAUSE--ENVCAUSE039__SEX--M,dcid:undata-geo/G00126000,2019,11485.49383
dcs:who/AIR_7.AGE--Y75T79__ENVCAUSE--ENVCAUSE039__SEX--M,dcid:undata-geo/G00126000,2019,25513.01408
dcs:who/AIR_7.AGE--Y55T59__ENVCAUSE--ENVCAUSE118__SEX--M,dcid:undata-geo/G00126000,2019,35826.24537
dcs:who/AIR_7.AGE--Y40T44__ENVCAUSE--ENVCAUSE068__SEX--M,dcid:undata-geo/G00126000,2019,3922.69363
dcs:who/AIR_7.ENVCAUSE--ENVCAUSE068__SEX--M,dcid:undata-geo/G00126000,2019,356258.1704
dcs:who/AIR_7.AGE--Y65T69__ENVCAUSE--ENVCAUSE118__SEX--M,dcid:undata-geo/G00126000,2019,68356.33
dcs:who/AIR_7.AGE--Y10T14__ENVCAUSE--ENVCAUSE039__SEX--M,dcid:undata-geo/G00126000,2019,1228.12273
dcs:who/AIR_7.AGE--Y40T44__ENVCAUSE--ENVCAUSE118__SEX--M,dcid:undata-geo/G00126000,2019,5347.32175
dcs:who/AIR_7.AGE--Y15T19__ENVCAUSE--ENVCAUSE039__SEX--M,dcid:undata-geo/G00126000,2019,1549.07991
dcs:who/AIR_7.AGE--Y_GE80__ENVCAUSE--ENVCAUSE039__SEX--M,dcid:undata-geo/G00126000,2019,74724.57276
dcs:who/AIR_7.AGE--Y60T64__ENVCAUSE--ENVCAUSE118__SEX--M,dcid:undata-geo/G00126000,2019,55116.4019
dcs:who/AIR_7.AGE--Y_GE80__ENVCAUSE--ENVCAUSE114__SEX--M,dcid:undata-geo/G00126000,2019,173798.4431
dcs:who/AIR_7.AGE--Y65T69__ENVCAUSE--ENVCAUSE114__SEX--M,dcid:undata-geo/G00126000,2019,112092.9431
dcs:who/AIR_7.AGE--Y_GE80__ENVCAUSE--ENVCAUSE118__SEX--M,dcid:undata-geo/G00126000,2019,121122.6275
dcs:who/AIR_7.AGE--Y50T54__ENVCAUSE--ENVCAUSE039__SEX--M,dcid:undata-geo/G00126000,2019,20213.67714
dcs:who/AIR_7.AGE--Y35T39__ENVCAUSE--ENVCAUSE068__SEX--M,dcid:undata-geo/G00126000,2019,1768.86398
dcs:who/AIR_7.AGE--Y25T29__ENVCAUSE--ENVCAUSE039__SEX--F,dcid:undata-geo/G00126000,2019,2182.65014
dcs:who/AIR_7.AGE--Y50T54__ENVCAUSE--ENVCAUSE068__SEX--F,dcid:undata-geo/G00126000,2019,12708.54123
dcs:who/AIR_7.AGE--Y45T49__ENVCAUSE--ENVCAUSE113__SEX--M,dcid:undata-geo/G00126000,2019,158801.2238
dcs:who/AIR_7.AGE--Y70T74__ENVCAUSE--ENVCAUSE068__SEX--F,dcid:undata-geo/G00126000,2019,26453.76075
dcs:who/AIR_7.AGE--Y45T49__ENVCAUSE--ENVCAUSE039__SEX--F,dcid:undata-geo/G00126000,2019,6105.32142
dcs:who/AIR_7.AGE--Y35T39__ENVCAUSE--ENVCAUSE113__SEX--M,dcid:undata-geo/G00126000,2019,55012.46934
dcs:who/AIR_7.AGE--Y55T59__ENVCAUSE--ENVCAUSE068__SEX--F,dcid:undata-geo/G00126000,2019,23124.61126
dcs:who/AIR_7.AGE--Y50T54__ENVCAUSE--ENVCAUSE114__SEX--M,dcid:undata-geo/G00126000,2019,43792.85016
dcs:who/AIR_7.AGE--Y60T64__ENVCAUSE--ENVCAUSE113__SEX--M,dcid:undata-geo/G00126000,2019,516778.1335
dcs:who/AIR_7.AGE--Y50T54__ENVCAUSE--ENVCAUSE039__SEX--F,dcid:undata-geo/G00126000,2019,7135.69268
dcs:who/AIR_7.ENVCAUSE--ENVCAUSE113__SEX--M,dcid:undata-geo/G00126000,2019,3594454.182
dcs:who/AIR_7.AGE--Y10T14__ENVCAUSE--ENVCAUSE039__SEX--F,dcid:undata-geo/G00126000,2019,1090.25691
dcs:who/AIR_7.AGE--Y60T64__ENVCAUSE--ENVCAUSE068__SEX--F,dcid:undata-geo/G00126000,2019,29218.96531
dcs:who/AIR_7.AGE--Y55T59__ENVCAUSE--ENVCAUSE114__SEX--M,dcid:undata-geo/G00126000,2019,70374.42979
dcs:who/AIR_7.AGE--Y15T19__ENVCAUSE--ENVCAUSE039__SEX--F,dcid:undata-geo/G00126000,2019,1067.32682
dcs:who/AIR_7.AGE--Y40T44__ENVCAUSE--ENVCAUSE068__SEX--F,dcid:undata-geo/G00126000,2019,2545.49225
dcs:who/AIR_7.AGE--Y40T44__ENVCAUSE--ENVCAUSE113__SEX--M,dcid:undata-geo/G00126000,2019,98111.02283
dcs:who/AIR_7.AGE--Y_GE80__ENVCAUSE--ENVCAUSE068__SEX--F,dcid:undata-geo/G00126000,2019,18720.98511
dcs:who/AIR_7.AGE--Y75T79__ENVCAUSE--ENVCAUSE113__SEX--M,dcid:undata-geo/G00126000,2019,376239.9654
dcs:who/AIR_7.AGE--Y_GE80__ENVCAUSE--ENVCAUSE113__SEX--M,dcid:undata-geo/G00126000,2019,717225.464
dcs:who/AIR_7.AGE--Y70T74__ENVCAUSE--ENVCAUSE113__SEX--M,dcid:undata-geo/G00126000,2019,453691.2205
dcs:who/AIR_7.AGE--Y30T34__ENVCAUSE--ENVCAUSE114__SEX--M,dcid:undata-geo/G00126000,2019,7711.65808
dcs:who/AIR_7.AGE--Y50T54__ENVCAUSE--ENVCAUSE113__SEX--M,dcid:undata-geo/G00126000,2019,250998.2846
dcs:who/AIR_7.AGE--Y_GE80__ENVCAUSE--ENVCAUSE039__SEX--F,dcid:undata-geo/G00126000,2019,94127.29638
dcs:who/AIR_7.AGE--Y45T49__ENVCAUSE--ENVCAUSE068__SEX--F,dcid:undata-geo/G00126000,2019,6181.52405
dcs:who/AIR_7.AGE--Y30T34__ENVCAUSE--ENVCAUSE113__SEX--M,dcid:undata-geo/G00126000,2019,27643.95682
dcs:who/AIR_7.AGE--Y60T64__ENVCAUSE--ENVCAUSE039__SEX--F,dcid:undata-geo/G00126000,2019,12439.1966
dcs:who/AIR_7.AGE--Y35T39__ENVCAUSE--ENVCAUSE068__SEX--F,dcid:undata-geo/G00126000,2019,1070.88417
dcs:who/AIR_7.AGE--Y65T69__ENVCAUSE--ENVCAUSE068__SEX--F,dcid:undata-geo/G00126000,2019,30001.64915
dcs:who/AIR_7.AGE--Y55T59__ENVCAUSE--ENVCAUSE039__SEX--F,dcid:undata-geo/G00126000,2019,9709.03824
dcs:who/AIR_7.ENVCAUSE--ENVCAUSE039__SEX--F,dcid:undata-geo/G00126000,2019,209789.7265
dcs:who/AIR_7.SEX--M,dcid:undata-geo/G00126000,2019,5499291.021
dcs:who/AIR_7.AGE--Y40T44__ENVCAUSE--ENVCAUSE114__SEX--M,dcid:undata-geo/G00126000,2019,20917.91705
dcs:who/AIR_7.AGE--Y65T69__ENVCAUSE--ENVCAUSE039__SEX--F,dcid:undata-geo/G00126000,2019,14321.95568
dcs:who/AIR_7.AGE--Y20T24__ENVCAUSE--ENVCAUSE039__SEX--F,dcid:undata-geo/G00126000,2019,1390.0375
dcs:who/AIR_7.AGE--Y35T39__ENVCAUSE--ENVCAUSE039__SEX--F,dcid:undata-geo/G00126000,2019,4922.35733
dcs:who/AIR_7.AGE--Y65T69__ENVCAUSE--ENVCAUSE113__SEX--M,dcid:undata-geo/G00126000,2019,532570.1489
dcs:who/AIR_7.AGE--Y25T29__ENVCAUSE--ENVCAUSE068__SEX--F,dcid:undata-geo/G00126000,2019,154.20563
dcs:who/AIR_7.ENVCAUSE--ENVCAUSE068__SEX--F,dcid:undata-geo/G00126000,2019,167775.6856
dcs:who/AIR_7.AGE--Y25T29__ENVCAUSE--ENVCAUSE113__SEX--M,dcid:undata-geo/G00126000,2019,9919.30627
dcs:who/AIR_7.AGE--Y75T79__ENVCAUSE--ENVCAUSE039__SEX--F,dcid:undata-geo/G00126000,2019,19273.60616
dcs:who/AIR_7.AGE--Y25T29__ENVCAUSE--ENVCAUSE114__SEX--M,dcid:undata-geo/G00126000,2019,3708.2472
dcs:who/AIR_7.AGE--Y30T34__ENVCAUSE--ENVCAUSE068__SEX--F,dcid:undata-geo/G00126000,2019,471.33538
dcs:who/AIR_7.AGE--Y55T59__ENVCAUSE--ENVCAUSE113__SEX--M,dcid:undata-geo/G00126000,2019,397462.986
dcs:who/AIR_7.AGE--Y35T39__ENVCAUSE--ENVCAUSE114__SEX--M,dcid:undata-geo/G00126000,2019,13227.03001
dcs:who/AIR_7.AGE--Y30T34__ENVCAUSE--ENVCAUSE039__SEX--F,dcid:undata-geo/G00126000,2019,3741.33401
dcs:who/AIR_7.AGE--Y70T74__ENVCAUSE--ENVCAUSE039__SEX--F,dcid:undata-geo/G00126000,2019,16531.79478
dcs:who/AIR_7.AGE--Y45T49__ENVCAUSE--ENVCAUSE114__SEX--M,dcid:undata-geo/G00126000,2019,30175.53786
dcs:who/AIR_7.AGE--Y75T79__ENVCAUSE--ENVCAUSE068__SEX--F,dcid:undata-geo/G00126000,2019,17123.73135
dcs:who/AIR_7.AGE--Y60T64__ENVCAUSE--ENVCAUSE114__SEX--M,dcid:undata-geo/G00126000,2019,97773.77952
dcs:who/AIR_7.AGE--Y40T44__ENVCAUSE--ENVCAUSE039__SEX--F,dcid:undata-geo/G00126000,2019,5710.45381
dcs:who/AIR_7.AGE--Y40T44__ENVCAUSE--ENVCAUSE068,dcid:undata-geo/G00126000,2019,6468.18588
dcs:who/AIR_7.AGE--Y40T44__ENVCAUSE--ENVCAUSE114__SEX--F,dcid:undata-geo/G00126000,2019,13737.33687
dcs:who/AIR_7.AGE--Y70T74__ENVCAUSE--ENVCAUSE113__SEX--F,dcid:undata-geo/G00126000,2019,290514.879
dcs:who/AIR_7.AGE--Y50T54__ENVCAUSE--ENVCAUSE114__SEX--F,dcid:undata-geo/G00126000,2019,28570.54148
dcs:who/AIR_7.AGE--Y45T49__ENVCAUSE--ENVCAUSE118__SEX--F,dcid:undata-geo/G00126000,2019,7714.42696
dcs:who/AIR_7.AGE--Y75T79__ENVCAUSE--ENVCAUSE113__SEX--F,dcid:undata-geo/G00126000,2019,355916.4436
dcs:who/AIR_7.AGE--Y_GE80__ENVCAUSE--ENVCAUSE113__SEX--F,dcid:undata-geo/G00126000,2019,1169175.895
dcs:who/AIR_7.AGE--Y60T64__ENVCAUSE--ENVCAUSE118__SEX--F,dcid:undata-geo/G00126000,2019,38436.40319
dcs:who/AIR_7.AGE--Y_GE80__ENVCAUSE--ENVCAUSE068,dcid:undata-geo/G00126000,2019,50982.99073
dcs:who/AIR_7.AGE--Y65T69__ENVCAUSE--ENVCAUSE068,dcid:undata-geo/G00126000,2019,99960.20578
dcs:who/AIR_7.AGE--Y25T29__ENVCAUSE--ENVCAUSE118__SEX--F,dcid:undata-geo/G00126000,2019,1332.4787
dcs:who/AIR_7.ENVCAUSE--ENVCAUSE114__SEX--F,dcid:undata-geo/G00126000,2019,862413.7505
dcs:who/AIR_7.AGE--Y55T59__ENVCAUSE--ENVCAUSE114__SEX--F,dcid:undata-geo/G00126000,2019,44315.69064
dcs:who/AIR_7.AGE--Y35T39__ENVCAUSE--ENVCAUSE068,dcid:undata-geo/G00126000,2019,2839.74815
dcs:who/AIR_7.AGE--Y_GE80__ENVCAUSE--ENVCAUSE114__SEX--F,dcid:undata-geo/G00126000,2019,362206.6853
dcs:who/AIR_7.AGE--Y70T74__ENVCAUSE--ENVCAUSE114__SEX--F,dcid:undata-geo/G00126000,2019,100139.4469
dcs:who/AIR_7.AGE--Y30T34__ENVCAUSE--ENVCAUSE113__SEX--F,dcid:undata-geo/G00126000,2019,6510.35567
dcs:who/AIR_7.ENVCAUSE--ENVCAUSE118__SEX--F,dcid:undata-geo/G00126000,2019,388857.744
dcs:who/AIR_7.SEX--F,dcid:undata-geo/G00126000,2019,4167696.708
dcs:who/AIR_7.AGE--Y75T79__ENVCAUSE--ENVCAUSE068,dcid:undata-geo/G00126000,2019,51351.08247
dcs:who/AIR_7.AGE--Y60T64__ENVCAUSE--ENVCAUSE113__SEX--F,dcid:undata-geo/G00126000,2019,188289.2442
dcs:who/AIR_7.AGE--Y30T34__ENVCAUSE--ENVCAUSE114__SEX--F,dcid:undata-geo/G00126000,2019,6121.66238
dcs:who/AIR_7.AGE--Y65T69__ENVCAUSE--ENVCAUSE113__SEX--F,dcid:undata-geo/G00126000,2019,261720.9637
dcs:who/AIR_7.AGE--Y35T39__ENVCAUSE--ENVCAUSE118__SEX--F,dcid:undata-geo/G00126000,2019,2723.47548
dcs:who/AIR_7.AGE--Y0T4__ENVCAUSE--ENVCAUSE039__SEX--F,dcid:undata-geo/G00126000,2019,8772.88311
dcs:who/AIR_7.AGE--Y55T59__ENVCAUSE--ENVCAUSE118__SEX--F,dcid:undata-geo/G00126000,2019,26832.23139
dcs:who/AIR_7.AGE--Y30T34__ENVCAUSE--ENVCAUSE068,dcid:undata-geo/G00126000,2019,1126.48367
dcs:who/AIR_7.AGE--Y75T79__ENVCAUSE--ENVCAUSE118__SEX--F,dcid:undata-geo/G00126000,2019,54321.89559
dcs:who/AIR_7.AGE--Y40T44__ENVCAUSE--ENVCAUSE113__SEX--F,dcid:undata-geo/G00126000,2019,23416.16749
dcs:who/AIR_7.AGE--Y40T44__ENVCAUSE--ENVCAUSE118__SEX--F,dcid:undata-geo/G00126000,2019,4118.82988
dcs:who/AIR_7.AGE--Y50T54__ENVCAUSE--ENVCAUSE113__SEX--F,dcid:undata-geo/G00126000,2019,66686.29918
dcs:who/AIR_7.AGE--Y70T74__ENVCAUSE--ENVCAUSE118__SEX--F,dcid:undata-geo/G00126000,2019,57066.95956
dcs:who/AIR_7.AGE--Y45T49__ENVCAUSE--ENVCAUSE113__SEX--F,dcid:undata-geo/G00126000,2019,39452.82064
dcs:who/AIR_7.AGE--Y5T9__ENVCAUSE--ENVCAUSE039__SEX--F,dcid:undata-geo/G00126000,2019,1268.5249
dcs:who/AIR_7.ENVCAUSE--ENVCAUSE068,dcid:undata-geo/G00126000,2019,524033.856
dcs:who/AIR_7.AGE--Y_GE80__ENVCAUSE--ENVCAUSE118__SEX--F,dcid:undata-geo/G00126000,2019,130791.6582
dcs:who/AIR_7.AGE--Y35T39__ENVCAUSE--ENVCAUSE114__SEX--F,dcid:undata-geo/G00126000,2019,9310.22979
dcs:who/AIR_7.AGE--Y50T54__ENVCAUSE--ENVCAUSE118__SEX--F,dcid:undata-geo/G00126000,2019,15342.51224
dcs:who/AIR_7.AGE--Y55T59__ENVCAUSE--ENVCAUSE068,dcid:undata-geo/G00126000,2019,73431.11176
dcs:who/AIR_7.AGE--Y60T64__ENVCAUSE--ENVCAUSE068,dcid:undata-geo/G00126000,2019,98357.1595
dcs:who/AIR_7.AGE--Y50T54__ENVCAUSE--ENVCAUSE068,dcid:undata-geo/G00126000,2019,38433.34553
dcs:who/AIR_7.AGE--Y70T74__ENVCAUSE--ENVCAUSE068,dcid:undata-geo/G00126000,2019,82736.88903
dcs:who/AIR_7.AGE--Y60T64__ENVCAUSE--ENVCAUSE114__SEX--F,dcid:undata-geo/G00126000,2019,63849.15587
dcs:who/AIR_7.AGE--Y30T34__ENVCAUSE--ENVCAUSE118__SEX--F,dcid:undata-geo/G00126000,2019,2069.40273
dcs:who/AIR_7.AGE--Y35T39__ENVCAUSE--ENVCAUSE113__SEX--F,dcid:undata-geo/G00126000,2019,13299.33899
dcs:who/AIR_7.AGE--Y75T79__ENVCAUSE--ENVCAUSE114__SEX--F,dcid:undata-geo/G00126000,2019,122566.6883
dcs:who/AIR_7.AGE--Y65T69__ENVCAUSE--ENVCAUSE114__SEX--F,dcid:undata-geo/G00126000,2019,88135.20576
dcs:who/AIR_7.AGE--Y25T29__ENVCAUSE--ENVCAUSE113__SEX--F,dcid:undata-geo/G00126000,2019,2793.84872
dcs:who/AIR_7.AGE--Y45T49__ENVCAUSE--ENVCAUSE114__SEX--F,dcid:undata-geo/G00126000,2019,19904.9272
dcs:who/AIR_7.AGE--Y45T49__ENVCAUSE--ENVCAUSE068,dcid:undata-geo/G00126000,2019,17953.77513
dcs:who/AIR_7.AGE--Y25T29__ENVCAUSE--ENVCAUSE114__SEX--F,dcid:undata-geo/G00126000,2019,3556.18004
dcs:who/AIR_7.AGE--Y55T59__ENVCAUSE--ENVCAUSE113__SEX--F,dcid:undata-geo/G00126000,2019,121083.5444
dcs:who/AIR_7.ENVCAUSE--ENVCAUSE113__SEX--F,dcid:undata-geo/G00126000,2019,2538859.801
dcs:who/AIR_7.AGE--Y65T69__ENVCAUSE--ENVCAUSE118__SEX--F,dcid:undata-geo/G00126000,2019,48107.47002
dcs:who/AIR_7.AGE--Y25T29__ENVCAUSE--ENVCAUSE068,dcid:undata-geo/G00126000,2019,392.87836
dcs:who/AIR_7.AGE--Y60T64__ENVCAUSE--ENVCAUSE114,dcid:undata-geo/G00126000,2019,161622.9354
dcs:who/AIR_7.AGE--Y30T34__ENVCAUSE--ENVCAUSE039,dcid:undata-geo/G00126000,2019,13074.94765
dcs:who/AIR_7.AGE--Y75T79__ENVCAUSE--ENVCAUSE118,dcid:undata-geo/G00126000,2019,120638.9236
dcs:who/AIR_7.AGE--Y30T34__ENVCAUSE--ENVCAUSE114,dcid:undata-geo/G00126000,2019,13833.32046
dcs:who/AIR_7.AGE--Y70T74__ENVCAUSE--ENVCAUSE113,dcid:undata-geo/G00126000,2019,744206.0995
dcs:who/AIR_7.AGE--Y_GE80__ENVCAUSE--ENVCAUSE114,dcid:undata-geo/G00126000,2019,536005.1284
dcs:who/AIR_7.AGE--Y75T79__ENVCAUSE--ENVCAUSE113,dcid:undata-geo/G00126000,2019,732156.409
dcs:who/AIR_7.AGE--Y55T59__ENVCAUSE--ENVCAUSE118,dcid:undata-geo/G00126000,2019,62658.47676
dcs:who/AIR_7.AGE--Y40T44__ENVCAUSE--ENVCAUSE114,dcid:undata-geo/G00126000,2019,34655.25392
dcs:who/AIR_7.AGE--Y45T49__ENVCAUSE--ENVCAUSE118,dcid:undata-geo/G00126000,2019,17928.45171
dcs:who/AIR_7.AGE--Y50T54__ENVCAUSE--ENVCAUSE118,dcid:undata-geo/G00126000,2019,35304.5323
dcs:who/AIR_7.AGE--Y40T44__ENVCAUSE--ENVCAUSE118,dcid:undata-geo/G00126000,2019,9466.15163
dcs:who/AIR_7.AGE--Y60T64__ENVCAUSE--ENVCAUSE039,dcid:undata-geo/G00126000,2019,41612.71218
dcs:who/AIR_7.AGE--Y25T29__ENVCAUSE--ENVCAUSE118,dcid:undata-geo/G00126000,2019,2714.9543
dcs:who/AIR_7.AGE--Y20T24__ENVCAUSE--ENVCAUSE039,dcid:undata-geo/G00126000,2019,3831.21496
dcs:who/AIR_7.AGE--Y10T14__ENVCAUSE--ENVCAUSE039,dcid:undata-geo/G00126000,2019,2318.37964
dcs:who/AIR_7.AGE--Y65T69__ENVCAUSE--ENVCAUSE114,dcid:undata-geo/G00126000,2019,200228.1488
dcs:who/AIR_7.AGE--Y30T34__ENVCAUSE--ENVCAUSE118,dcid:undata-geo/G00126000,2019,4265.46025
dcs:who/AIR_7.AGE--Y_GE80__ENVCAUSE--ENVCAUSE118,dcid:undata-geo/G00126000,2019,251914.2858
dcs:who/AIR_7.AGE--Y65T69__ENVCAUSE--ENVCAUSE113,dcid:undata-geo/G00126000,2019,794291.1127
dcs:who/AIR_7.AGE--Y75T79__ENVCAUSE--ENVCAUSE039,dcid:undata-geo/G00126000,2019,44786.62024
dcs:who/AIR_7.AGE--Y25T29__ENVCAUSE--ENVCAUSE114,dcid:undata-geo/G00126000,2019,7264.42724
dcs:who/AIR_7.AGE--Y70T74__ENVCAUSE--ENVCAUSE114,dcid:undata-geo/G00126000,2019,204162.6956
dcs:who/AIR_7.AGE--Y60T64__ENVCAUSE--ENVCAUSE118,dcid:undata-geo/G00126000,2019,93552.80509
dcs:who/AIR_7.AGE--Y45T49__ENVCAUSE--ENVCAUSE114,dcid:undata-geo/G00126000,2019,50080.46507
dcs:who/AIR_7.AGE--Y70T74__ENVCAUSE--ENVCAUSE039,dcid:undata-geo/G00126000,2019,43160.48475
dcs:who/AIR_7.AGE--Y45T49__ENVCAUSE--ENVCAUSE039,dcid:undata-geo/G00126000,2019,25039.79552
dcs:who/AIR_7.AGE--Y75T79__ENVCAUSE--ENVCAUSE114,dcid:undata-geo/G00126000,2019,216086.4334
dcs:who/AIR_7.AGE--Y65T69__ENVCAUSE--ENVCAUSE039,dcid:undata-geo/G00126000,2019,42298.1444
dcs:who/AIR_7.AGE--Y25T29__ENVCAUSE--ENVCAUSE039,dcid:undata-geo/G00126000,2019,6451.771
dcs:who/AIR_7.AGE--Y35T39__ENVCAUSE--ENVCAUSE039,dcid:undata-geo/G00126000,2019,19106.22952
dcs:who/AIR_7.AGE--Y55T59__ENVCAUSE--ENVCAUSE039,dcid:undata-geo/G00126000,2019,35775.40283
dcs:who/AIR_7.AGE--Y40T44__ENVCAUSE--ENVCAUSE039,dcid:undata-geo/G00126000,2019,23152.95161
dcs:who/AIR_7.AGE--Y_GE80__ENVCAUSE--ENVCAUSE039,dcid:undata-geo/G00126000,2019,168851.8691
dcs:who/AIR_7.ENVCAUSE--ENVCAUSE039,dcid:undata-geo/G00126000,2019,522216.2126
dcs:who/AIR_7.AGE--Y_GE80__ENVCAUSE--ENVCAUSE113,dcid:undata-geo/G00126000,2019,1886401.359
dcs:who/AIR_7.AGE--Y50T54__ENVCAUSE--ENVCAUSE039,dcid:undata-geo/G00126000,2019,27349.36982
dcs:who/AIR_7.AGE--Y55T59__ENVCAUSE--ENVCAUSE114,dcid:undata-geo/G00126000,2019,114690.1204
dcs:who/AIR_7.AGE--Y50T54__ENVCAUSE--ENVCAUSE114,dcid:undata-geo/G00126000,2019,72363.39164
dcs:who/AIR_7.ENVCAUSE--ENVCAUSE113,dcid:undata-geo/G00126000,2019,6133313.983
dcs:who/AIR_7.AGE--Y5T9__ENVCAUSE--ENVCAUSE039,dcid:undata-geo/G00126000,2019,2531.53572
dcs:who/AIR_7.AGE--Y0T4__ENVCAUSE--ENVCAUSE039,dcid:undata-geo/G00126000,2019,20258.37694
dcs:who/AIR_7.ENVCAUSE--ENVCAUSE118,dcid:undata-geo/G00126000,2019,853894.0966
dcs:who/AIR_7.AGE--Y35T39__ENVCAUSE--ENVCAUSE114,dcid:undata-geo/G00126000,2019,22537.25981
dcs:who/AIR_7.AGE--Y15T19__ENVCAUSE--ENVCAUSE039,dcid:undata-geo/G00126000,2019,2616.40673
dcs:who/AIR_7.AGE--Y65T69__ENVCAUSE--ENVCAUSE118,dcid:undata-geo/G00126000,2019,116463.8
dcs:who/AIR_7.AGE--Y70T74__ENVCAUSE--ENVCAUSE118,dcid:undata-geo/G00126000,2019,133026.2256
dcs:who/AIR_7.AGE--Y35T39__ENVCAUSE--ENVCAUSE118,dcid:undata-geo/G00126000,2019,5960.02957
dcs:who/AIR_7.ENVCAUSE--ENVCAUSE114,dcid:undata-geo/G00126000,2019,1633529.58
dcs:who/AIR_7.AGE--Y25T29__ENVCAUSE--ENVCAUSE113,dcid:undata-geo/G00126000,2019,12713.15499
dcs:who/AIR_7.AGE--Y35T39__ENVCAUSE--ENVCAUSE113,dcid:undata-geo/G00126000,2019,68311.80832
dcs:who/AIR_7,dcid:undata-geo/G00126000,2019,9666987.728
dcs:who/AIR_7.AGE--Y60T64__ENVCAUSE--ENVCAUSE113,dcid:undata-geo/G00126000,2019,705067.3776
dcs:who/AIR_7.AGE--Y30T34__ENVCAUSE--ENVCAUSE113,dcid:undata-geo/G00126000,2019,34154.31249
dcs:who/AIR_7.AGE--Y50T54__ENVCAUSE--ENVCAUSE113,dcid:undata-geo/G00126000,2019,317684.5838
dcs:who/AIR_7.AGE--Y40T44__ENVCAUSE--ENVCAUSE113,dcid:undata-geo/G00126000,2019,121527.1903
dcs:who/AIR_7.AGE--Y55T59__ENVCAUSE--ENVCAUSE113,dcid:undata-geo/G00126000,2019,518546.5304
dcs:who/AIR_7.AGE--Y45T49__ENVCAUSE--ENVCAUSE113,dcid:undata-geo/G00126000,2019,198254.0445
dcs:who/AIR_7.AGE--Y50T54__ENVCAUSE--ENVCAUSE114__SEX--M,dcid:undata-geo/G00134000,2019,31707.91053
dcs:who/AIR_7.AGE--Y50T54__ENVCAUSE--ENVCAUSE068__SEX--M,dcid:undata-geo/G00134000,2019,7973.31636
dcs:who/AIR_7.AGE--Y25T29__ENVCAUSE--ENVCAUSE039__SEX--M,dcid:undata-geo/G00134000,2019,10859.63212
dcs:who/AIR_7.AGE--Y55T59__ENVCAUSE--ENVCAUSE068__SEX--M,dcid:undata-geo/G00134000,2019,15215.25776
dcs:who/AIR_7.AGE--Y55T59__ENVCAUSE--ENVCAUSE118__SEX--M,dcid:undata-geo/G00134000,2019,23749.06068
dcs:who/AIR_7.AGE--Y70T74__ENVCAUSE--ENVCAUSE114__SEX--M,dcid:undata-geo/G00134000,2019,55720.96234
dcs:who/AIR_7.ENVCAUSE--ENVCAUSE039__SEX--M,dcid:undata-geo/G00134000,2019,472572.5055
dcs:who/AIR_7.AGE--Y_GE80__ENVCAUSE--ENVCAUSE039__SEX--M,dcid:undata-geo/G00134000,2019,75069.77192
dcs:who/AIR_7.AGE--Y25T29__ENVCAUSE--ENVCAUSE118__SEX--M,dcid:undata-geo/G00134000,2019,1969.27177
dcs:who/AIR_7.AGE--Y65T69__ENVCAUSE--ENVCAUSE118__SEX--M,dcid:undata-geo/G00134000,2019,44526.30136
dcs:who/AIR_7.AGE--Y45T49__ENVCAUSE--ENVCAUSE068__SEX--M,dcid:undata-geo/G00134000,2019,3638.51164
dcs:who/AIR_7.AGE--Y45T49__ENVCAUSE--ENVCAUSE118__SEX--M,dcid:undata-geo/G00134000,2019,7332.25751
dcs:who/AIR_7.AGE--Y50T54__ENVCAUSE--ENVCAUSE118__SEX--M,dcid:undata-geo/G00134000,2019,13657.67209
dcs:who/AIR_7.AGE--Y50T54__ENVCAUSE--ENVCAUSE039__SEX--M,dcid:undata-geo/G00134000,2019,22617.2136
dcs:who/AIR_7.AGE--Y60T64__ENVCAUSE--ENVCAUSE118__SEX--M,dcid:undata-geo/G00134000,2019,35225.33681
dcs:who/AIR_7.AGE--Y35T39__ENVCAUSE--ENVCAUSE039__SEX--M,dcid:undata-geo/G00134000,2019,14822.32105
dcs:who/AIR_7.AGE--Y75T79__ENVCAUSE--ENVCAUSE114__SEX--M,dcid:undata-geo/G00134000,2019,48922.80312
dcs:who/AIR_7.AGE--Y30T34__ENVCAUSE--ENVCAUSE068__SEX--M,dcid:undata-geo/G00134000,2019,693.61288
dcs:who/AIR_7.ENVCAUSE--ENVCAUSE118__SEX--M,dcid:undata-geo/G00134000,2019,310162.7446
dcs:who/AIR_7.AGE--Y65T69__ENVCAUSE--ENVCAUSE039__SEX--M,dcid:undata-geo/G00134000,2019,35492.80762
dcs:who/AIR_7.AGE--Y55T59__ENVCAUSE--ENVCAUSE039__SEX--M,dcid:undata-geo/G00134000,2019,27185.18379
dcs:who/AIR_7.AGE--Y10T14__ENVCAUSE--ENVCAUSE039__SEX--M,dcid:undata-geo/G00134000,2019,4495.78633
dcs:who/AIR_7.AGE--Y65T69__ENVCAUSE--ENVCAUSE114__SEX--M,dcid:undata-geo/G00134000,2019,54704.78601
dcs:who/AIR_7.AGE--Y5T9__ENVCAUSE--ENVCAUSE039__SEX--M,dcid:undata-geo/G00134000,2019,5966.86016
dcs:who/AIR_7.AGE--Y70T74__ENVCAUSE--ENVCAUSE118__SEX--M,dcid:undata-geo/G00134000,2019,51582.47967
dcs:who/AIR_7.AGE--Y75T79__ENVCAUSE--ENVCAUSE118__SEX--M,dcid:undata-geo/G00134000,2019,45684.59562
dcs:who/AIR_7.AGE--Y75T79__ENVCAUSE--ENVCAUSE039__SEX--M,dcid:undata-geo/G00134000,2019,35659.60313
dcs:who/AIR_7.AGE--Y35T39__ENVCAUSE--ENVCAUSE118__SEX--M,dcid:undata-geo/G00134000,2019,3273.80837
dcs:who/AIR_7.AGE--Y70T74__ENVCAUSE--ENVCAUSE039__SEX--M,dcid:undata-geo/G00134000,2019,37011.8914
dcs:who/AIR_7.AGE--Y40T44__ENVCAUSE--ENVCAUSE068__SEX--M,dcid:undata-geo/G00134000,2019,1996.6678
dcs:who/AIR_7.AGE--Y25T29__ENVCAUSE--ENVCAUSE068__SEX--M,dcid:undata-geo/G00134000,2019,442.32867
dcs:who/AIR_7.AGE--Y60T64__ENVCAUSE--ENVCAUSE039__SEX--M,dcid:undata-geo/G00134000,2019,31193.44523
dcs:who/AIR_7.AGE--Y0T4__ENVCAUSE--ENVCAUSE039__SEX--M,dcid:undata-geo/G00134000,2019,109129.8723
dcs:who/AIR_7.AGE--Y_GE80__ENVCAUSE--ENVCAUSE068__SEX--M,dcid:undata-geo/G00134000,2019,11622.23882
dcs:who/AIR_7.AGE--Y_GE80__ENVCAUSE--ENVCAUSE118__SEX--M,dcid:undata-geo/G00134000,2019,76521.0
dcs:who/AIR_7.AGE--Y40T44__ENVCAUSE--ENVCAUSE039__SEX--M,dcid:undata-geo/G00134000,2019,16532.54718
dcs:who/AIR_7.AGE--Y70T74__ENVCAUSE--ENVCAUSE068__SEX--M,dcid:undata-geo/G00134000,2019,19026.65055
dcs:who/AIR_7.AGE--Y60T64__ENVCAUSE--ENVCAUSE114__SEX--M,dcid:undata-geo/G00134000,2019,50536.95318
dcs:who/AIR_7.ENVCAUSE--ENVCAUSE068__SEX--M,dcid:undata-geo/G00134000,2019,114554.0608
dcs:who/AIR_7.AGE--Y30T34__ENVCAUSE--ENVCAUSE039__SEX--M,dcid:undata-geo/G00134000,2019,11102.91628
dcs:who/AIR_7.ENVCAUSE--ENVCAUSE114__SEX--M,dcid:undata-geo/G00134000,2019,426386.2922
dcs:who/AIR_7.AGE--Y15T19__ENVCAUSE--ENVCAUSE039__SEX--M,dcid:undata-geo/G00134000,2019,7505.34946
dcs:who/AIR_7.AGE--Y60T64__ENVCAUSE--ENVCAUSE068__SEX--M,dcid:undata-geo/G00134000,2019,19691.06674
dcs:who/AIR_7.AGE--Y20T24__ENVCAUSE--ENVCAUSE039__SEX--M,dcid:undata-geo/G00134000,2019,9029.0072
dcs:who/AIR_7.AGE--Y55T59__ENVCAUSE--ENVCAUSE114__SEX--M,dcid:undata-geo/G00134000,2019,41094.33762
dcs:who/AIR_7.AGE--Y65T69__ENVCAUSE--ENVCAUSE068__SEX--M,dcid:undata-geo/G00134000,2019,20450.50193
dcs:who/AIR_7.AGE--Y45T49__ENVCAUSE--ENVCAUSE039__SEX--M,dcid:undata-geo/G00134000,2019,18898.2967
dcs:who/AIR_7.AGE--Y40T44__ENVCAUSE--ENVCAUSE118__SEX--M,dcid:undata-geo/G00134000,2019,4212.50756
dcs:who/AIR_7.AGE--Y_GE80__ENVCAUSE--ENVCAUSE114__SEX--M,dcid:undata-geo/G00134000,2019,77892.7256
dcs:who/AIR_7.AGE--Y30T34__ENVCAUSE--ENVCAUSE118__SEX--M,dcid:undata-geo/G00134000,2019,2428.45313
dcs:who/AIR_7.AGE--Y35T39__ENVCAUSE--ENVCAUSE068__SEX--M,dcid:undata-geo/G00134000,2019,1042.95162
dcs:who/AIR_7.AGE--Y75T79__ENVCAUSE--ENVCAUSE068__SEX--M,dcid:undata-geo/G00134000,2019,12760.95603
dcs:who/AIR_7.AGE--Y25T29__ENVCAUSE--ENVCAUSE068__SEX--F,dcid:undata-geo/G00134000,2019,285.71369
dcs:who/AIR_7.AGE--Y45T49__ENVCAUSE--ENVCAUSE039__SEX--F,dcid:undata-geo/G00134000,2019,11411.80595
dcs:who/AIR_7.AGE--Y30T34__ENVCAUSE--ENVCAUSE114__SEX--M,dcid:undata-geo/G00134000,2019,8410.75869
dcs:who/AIR_7.AGE--Y30T34__ENVCAUSE--ENVCAUSE068__SEX--F,dcid:undata-geo/G00134000,2019,515.94521
dcs:who/AIR_7.AGE--Y55T59__ENVCAUSE--ENVCAUSE113__SEX--M,dcid:undata-geo/G00134000,2019,220088.2834
dcs:who/AIR_7.AGE--Y25T29__ENVCAUSE--ENVCAUSE114__SEX--M,dcid:undata-geo/G00134000,2019,6253.59668
dcs:who/AIR_7.AGE--Y75T79__ENVCAUSE--ENVCAUSE118__SEX--F,dcid:undata-geo/G00134000,2019,43158.84951
dcs:who/AIR_7.AGE--Y40T44__ENVCAUSE--ENVCAUSE113__SEX--M,dcid:undata-geo/G00134000,2019,67170.77325
dcs:who/AIR_7.AGE--Y60T64__ENVCAUSE--ENVCAUSE068__SEX--F,dcid:undata-geo/G00134000,2019,13659.03402
dcs:who/AIR_7.AGE--Y45T49__ENVCAUSE--ENVCAUSE114__SEX--M,dcid:undata-geo/G00134000,2019,22384.79037
dcs:who/AIR_7.AGE--Y75T79__ENVCAUSE--ENVCAUSE113__SEX--M,dcid:undata-geo/G00134000,2019,186254.1291
dcs:who/AIR_7.AGE--Y65T69__ENVCAUSE--ENVCAUSE113__SEX--M,dcid:undata-geo/G00134000,2019,257040.5252
dcs:who/AIR_7.ENVCAUSE--ENVCAUSE068__SEX--F,dcid:undata-geo/G00134000,2019,86346.44217
dcs:who/AIR_7.AGE--Y35T39__ENVCAUSE--ENVCAUSE068__SEX--F,dcid:undata-geo/G00134000,2019,1027.95008
dcs:who/AIR_7.AGE--Y55T59__ENVCAUSE--ENVCAUSE039__SEX--F,dcid:undata-geo/G00134000,2019,18467.64198
dcs:who/AIR_7.AGE--Y30T34__ENVCAUSE--ENVCAUSE039__SEX--F,dcid:undata-geo/G00134000,2019,6500.06232
dcs:who/AIR_7.AGE--Y20T24__ENVCAUSE--ENVCAUSE039__SEX--F,dcid:undata-geo/G00134000,2019,5513.4946
dcs:who/AIR_7.AGE--Y10T14__ENVCAUSE--ENVCAUSE039__SEX--F,dcid:undata-geo/G00134000,2019,4468.41277
dcs:who/AIR_7.AGE--Y45T49__ENVCAUSE--ENVCAUSE068__SEX--F,dcid:undata-geo/G00134000,2019,3637.27664
dcs:who/AIR_7.ENVCAUSE--ENVCAUSE039__SEX--F,dcid:undata-geo/G00134000,2019,386375.9876
dcs:who/AIR_7.AGE--Y35T39__ENVCAUSE--ENVCAUSE039__SEX--F,dcid:undata-geo/G00134000,2019,8070.04116
dcs:who/AIR_7.AGE--Y70T74__ENVCAUSE--ENVCAUSE068__SEX--F,dcid:undata-geo/G00134000,2019,12945.88136
dcs:who/AIR_7.AGE--Y55T59__ENVCAUSE--ENVCAUSE068__SEX--F,dcid:undata-geo/G00134000,2019,12185.54151
dcs:who/AIR_7.ENVCAUSE--ENVCAUSE118__SEX--F,dcid:undata-geo/G00134000,2019,304741.2579
dcs:who/AIR_7.AGE--Y25T29__ENVCAUSE--ENVCAUSE039__SEX--F,dcid:undata-geo/G00134000,2019,6075.27089
dcs:who/AIR_7.AGE--Y45T49__ENVCAUSE--ENVCAUSE113__SEX--M,dcid:undata-geo/G00134000,2019,101790.0514
dcs:who/AIR_7.AGE--Y50T54__ENVCAUSE--ENVCAUSE113__SEX--M,dcid:undata-geo/G00134000,2019,158979.8064
dcs:who/AIR_7.AGE--Y5T9__ENVCAUSE--ENVCAUSE039__SEX--F,dcid:undata-geo/G00134000,2019,5992.73948
dcs:who/AIR_7.AGE--Y40T44__ENVCAUSE--ENVCAUSE039__SEX--F,dcid:undata-geo/G00134000,2019,9179.67671
dcs:who/AIR_7.ENVCAUSE--ENVCAUSE113__SEX--M,dcid:undata-geo/G00134000,2019,1893761.529
dcs:who/AIR_7.AGE--Y35T39__ENVCAUSE--ENVCAUSE113__SEX--M,dcid:undata-geo/G00134000,2019,45618.70051
dcs:who/AIR_7.AGE--Y50T54__ENVCAUSE--ENVCAUSE068__SEX--F,dcid:undata-geo/G00134000,2019,7133.78996
dcs:who/AIR_7.AGE--Y15T19__ENVCAUSE--ENVCAUSE039__SEX--F,dcid:undata-geo/G00134000,2019,4869.68601
dcs:who/AIR_7.AGE--Y40T44__ENVCAUSE--ENVCAUSE068__SEX--F,dcid:undata-geo/G00134000,2019,1924.90965
dcs:who/AIR_7.AGE--Y70T74__ENVCAUSE--ENVCAUSE113__SEX--M,dcid:undata-geo/G00134000,2019,239040.9134
dcs:who/AIR_7.AGE--Y65T69__ENVCAUSE--ENVCAUSE068__SEX--F,dcid:undata-geo/G00134000,2019,14137.59364
dcs:who/AIR_7.SEX--M,dcid:undata-geo/G00134000,2019,3217437.132
dcs:who/AIR_7.AGE--Y_GE80__ENVCAUSE--ENVCAUSE039__SEX--F,dcid:undata-geo/G00134000,2019,97514.32701
dcs:who/AIR_7.AGE--Y40T44__ENVCAUSE--ENVCAUSE114__SEX--M,dcid:undata-geo/G00134000,2019,16516.84126
dcs:who/AIR_7.AGE--Y75T79__ENVCAUSE--ENVCAUSE039__SEX--F,dcid:undata-geo/G00134000,2019,32828.92547
dcs:who/AIR_7.AGE--Y65T69__ENVCAUSE--ENVCAUSE039__SEX--F,dcid:undata-geo/G00134000,2019,26132.19146
dcs:who/AIR_7.AGE--Y75T79__ENVCAUSE--ENVCAUSE068__SEX--F,dcid:undata-geo/G00134000,2019,9429.76151
dcs:who/AIR_7.AGE--Y60T64__ENVCAUSE--ENVCAUSE113__SEX--M,dcid:undata-geo/G00134000,2019,254655.3135
dcs:who/AIR_7.AGE--Y0T4__ENVCAUSE--ENVCAUSE039__SEX--F,dcid:undata-geo/G00134000,2019,83478.72257
dcs:who/AIR_7.AGE--Y70T74__ENVCAUSE--ENVCAUSE039__SEX--F,dcid:undata-geo/G00134000,2019,29600.01723
dcs:who/AIR_7.AGE--Y_GE80__ENVCAUSE--ENVCAUSE068__SEX--F,dcid:undata-geo/G00134000,2019,9463.0449
dcs:who/AIR_7.AGE--Y50T54__ENVCAUSE--ENVCAUSE039__SEX--F,dcid:undata-geo/G00134000,2019,14295.47126
dcs:who/AIR_7.AGE--Y60T64__ENVCAUSE--ENVCAUSE039__SEX--F,dcid:undata-geo/G00134000,2019,21977.50073
dcs:who/AIR_7.AGE--Y30T34__ENVCAUSE--ENVCAUSE113__SEX--M,dcid:undata-geo/G00134000,2019,28102.66571
dcs:who/AIR_7.AGE--Y35T39__ENVCAUSE--ENVCAUSE114__SEX--M,dcid:undata-geo/G00134000,2019,12239.82679
dcs:who/AIR_7.AGE--Y25T29__ENVCAUSE--ENVCAUSE113__SEX--M,dcid:undata-geo/G00134000,2019,17080.57073
dcs:who/AIR_7.AGE--Y_GE80__ENVCAUSE--ENVCAUSE113__SEX--M,dcid:undata-geo/G00134000,2019,317939.7961
dcs:who/AIR_7.AGE--Y_GE80__ENVCAUSE--ENVCAUSE118__SEX--F,dcid:undata-geo/G00134000,2019,88667.51695
dcs:who/AIR_7.AGE--Y35T39__ENVCAUSE--ENVCAUSE113__SEX--F,dcid:undata-geo/G00134000,2019,17951.59059
dcs:who/AIR_7.AGE--Y55T59__ENVCAUSE--ENVCAUSE068,dcid:undata-geo/G00134000,2019,27400.79928
dcs:who/AIR_7.AGE--Y45T49__ENVCAUSE--ENVCAUSE068,dcid:undata-geo/G00134000,2019,7275.78828
dcs:who/AIR_7.AGE--Y45T49__ENVCAUSE--ENVCAUSE114__SEX--F,dcid:undata-geo/G00134000,2019,22367.32664
dcs:who/AIR_7.AGE--Y60T64__ENVCAUSE--ENVCAUSE113__SEX--F,dcid:undata-geo/G00134000,2019,121521.3234
dcs:who/AIR_7.AGE--Y70T74__ENVCAUSE--ENVCAUSE068,dcid:undata-geo/G00134000,2019,31972.53191
dcs:who/AIR_7.AGE--Y30T34__ENVCAUSE--ENVCAUSE113__SEX--F,dcid:undata-geo/G00134000,2019,10604.61369
dcs:who/AIR_7.AGE--Y25T29__ENVCAUSE--ENVCAUSE068,dcid:undata-geo/G00134000,2019,728.04236
dcs:who/AIR_7.AGE--Y65T69__ENVCAUSE--ENVCAUSE068,dcid:undata-geo/G00134000,2019,34588.09557
dcs:who/AIR_7.AGE--Y70T74__ENVCAUSE--ENVCAUSE113__SEX--F,dcid:undata-geo/G00134000,2019,145042.6376
dcs:who/AIR_7.AGE--Y40T44__ENVCAUSE--ENVCAUSE113__SEX--F,dcid:undata-geo/G00134000,2019,28714.26421
dcs:who/AIR_7.AGE--Y50T54__ENVCAUSE--ENVCAUSE118__SEX--F,dcid:undata-geo/G00134000,2019,14128.39711
dcs:who/AIR_7.AGE--Y25T29__ENVCAUSE--ENVCAUSE114__SEX--F,dcid:undata-geo/G00134000,2019,6241.05343
dcs:who/AIR_7.AGE--Y60T64__ENVCAUSE--ENVCAUSE114__SEX--F,dcid:undata-geo/G00134000,2019,42315.91961
dcs:who/AIR_7.AGE--Y65T69__ENVCAUSE--ENVCAUSE118__SEX--F,dcid:undata-geo/G00134000,2019,38457.57272
dcs:who/AIR_7.AGE--Y_GE80__ENVCAUSE--ENVCAUSE114__SEX--F,dcid:undata-geo/G00134000,2019,120829.4341
dcs:who/AIR_7.AGE--Y35T39__ENVCAUSE--ENVCAUSE114__SEX--F,dcid:undata-geo/G00134000,2019,12380.77482
dcs:who/AIR_7.AGE--Y55T59__ENVCAUSE--ENVCAUSE118__SEX--F,dcid:undata-geo/G00134000,2019,23699.99501
dcs:who/AIR_7.AGE--Y40T44__ENVCAUSE--ENVCAUSE118__SEX--F,dcid:undata-geo/G00134000,2019,4365.34209
dcs:who/AIR_7.AGE--Y75T79__ENVCAUSE--ENVCAUSE114__SEX--F,dcid:undata-geo/G00134000,2019,52840.32098
dcs:who/AIR_7.AGE--Y75T79__ENVCAUSE--ENVCAUSE068,dcid:undata-geo/G00134000,2019,22190.71754
dcs:who/AIR_7.AGE--Y50T54__ENVCAUSE--ENVCAUSE114__SEX--F,dcid:undata-geo/G00134000,2019,29287.33024
dcs:who/AIR_7.SEX--F,dcid:undata-geo/G00134000,2019,2418625.93
dcs:who/AIR_7.AGE--Y_GE80__ENVCAUSE--ENVCAUSE113__SEX--F,dcid:undata-geo/G00134000,2019,378791.7655
dcs:who/AIR_7.AGE--Y45T49__ENVCAUSE--ENVCAUSE113__SEX--F,dcid:undata-geo/G00134000,2019,43264.11935
dcs:who/AIR_7.AGE--Y35T39__ENVCAUSE--ENVCAUSE068,dcid:undata-geo/G00134000,2019,2070.9017
dcs:who/AIR_7.AGE--Y30T34__ENVCAUSE--ENVCAUSE114__SEX--F,dcid:undata-geo/G00134000,2019,8392.63176
dcs:who/AIR_7.AGE--Y_GE80__ENVCAUSE--ENVCAUSE068,dcid:undata-geo/G00134000,2019,21085.28372
dcs:who/AIR_7.AGE--Y30T34__ENVCAUSE--ENVCAUSE068,dcid:undata-geo/G00134000,2019,1209.55809
dcs:who/AIR_7.AGE--Y45T49__ENVCAUSE--ENVCAUSE118__SEX--F,dcid:undata-geo/G00134000,2019,7535.26226
dcs:who/AIR_7.AGE--Y30T34__ENVCAUSE--ENVCAUSE118__SEX--F,dcid:undata-geo/G00134000,2019,2424.14668
dcs:who/AIR_7.AGE--Y75T79__ENVCAUSE--ENVCAUSE113__SEX--F,dcid:undata-geo/G00134000,2019,140763.9948
dcs:who/AIR_7.AGE--Y60T64__ENVCAUSE--ENVCAUSE068,dcid:undata-geo/G00134000,2019,33350.10076
dcs:who/AIR_7.AGE--Y70T74__ENVCAUSE--ENVCAUSE114__SEX--F,dcid:undata-geo/G00134000,2019,51684.73025
dcs:who/AIR_7.ENVCAUSE--ENVCAUSE113__SEX--F,dcid:undata-geo/G00134000,2019,1194550.23
dcs:who/AIR_7.AGE--Y40T44__ENVCAUSE--ENVCAUSE114__SEX--F,dcid:undata-geo/G00134000,2019,16718.13063
dcs:who/AIR_7.AGE--Y70T74__ENVCAUSE--ENVCAUSE118__SEX--F,dcid:undata-geo/G00134000,2019,45711.75662
dcs:who/AIR_7.AGE--Y40T44__ENVCAUSE--ENVCAUSE068,dcid:undata-geo/G00134000,2019,3921.57745
dcs:who/AIR_7.ENVCAUSE--ENVCAUSE068,dcid:undata-geo/G00134000,2019,200900.503
dcs:who/AIR_7.ENVCAUSE--ENVCAUSE114__SEX--F,dcid:undata-geo/G00134000,2019,446612.0126
dcs:who/AIR_7.ENVCAUSE--ENVCAUSE039,dcid:undata-geo/G00134000,2019,858948.4931
dcs:who/AIR_7.AGE--Y35T39__ENVCAUSE--ENVCAUSE118__SEX--F,dcid:undata-geo/G00134000,2019,3037.77127
dcs:who/AIR_7.AGE--Y_GE80__ENVCAUSE--ENVCAUSE039,dcid:undata-geo/G00134000,2019,172584.0989
dcs:who/AIR_7.AGE--Y25T29__ENVCAUSE--ENVCAUSE118__SEX--F,dcid:undata-geo/G00134000,2019,1931.93108
dcs:who/AIR_7.AGE--Y55T59__ENVCAUSE--ENVCAUSE114__SEX--F,dcid:undata-geo/G00134000,2019,35943.47861
dcs:who/AIR_7.AGE--Y55T59__ENVCAUSE--ENVCAUSE113__SEX--F,dcid:undata-geo/G00134000,2019,96266.11183
dcs:who/AIR_7.AGE--Y50T54__ENVCAUSE--ENVCAUSE068,dcid:undata-geo/G00134000,2019,15107.10631
dcs:who/AIR_7.AGE--Y25T29__ENVCAUSE--ENVCAUSE113__SEX--F,dcid:undata-geo/G00134000,2019,6492.12028
dcs:who/AIR_7.AGE--Y65T69__ENVCAUSE--ENVCAUSE113__SEX--F,dcid:undata-geo/G00134000,2019,137692.3448
dcs:who/AIR_7.AGE--Y60T64__ENVCAUSE--ENVCAUSE118__SEX--F,dcid:undata-geo/G00134000,2019,31622.71659
dcs:who/AIR_7.AGE--Y65T69__ENVCAUSE--ENVCAUSE114__SEX--F,dcid:undata-geo/G00134000,2019,47610.88155
dcs:who/AIR_7.AGE--Y50T54__ENVCAUSE--ENVCAUSE113__SEX--F,dcid:undata-geo/G00134000,2019,67445.34366
dcs:who/AIR_7.AGE--Y45T49__ENVCAUSE--ENVCAUSE113,dcid:undata-geo/G00134000,2019,145054.1708
dcs:who/AIR_7.AGE--Y_GE80__ENVCAUSE--ENVCAUSE114,dcid:undata-geo/G00134000,2019,198722.1597
dcs:who/AIR_7.AGE--Y0T4__ENVCAUSE--ENVCAUSE039,dcid:undata-geo/G00134000,2019,192608.5949
dcs:who/AIR_7.AGE--Y70T74__ENVCAUSE--ENVCAUSE039,dcid:undata-geo/G00134000,2019,66611.90863
dcs:who/AIR_7.ENVCAUSE--ENVCAUSE113,dcid:undata-geo/G00134000,2019,3088311.758
dcs:who/AIR_7.AGE--Y50T54__ENVCAUSE--ENVCAUSE113,dcid:undata-geo/G00134000,2019,226425.1501
dcs:who/AIR_7.AGE--Y70T74__ENVCAUSE--ENVCAUSE113,dcid:undata-geo/G00134000,2019,384083.551
dcs:who/AIR_7.AGE--Y55T59__ENVCAUSE--ENVCAUSE113,dcid:undata-geo/G00134000,2019,316354.3952
dcs:who/AIR_7.ENVCAUSE--ENVCAUSE114,dcid:undata-geo/G00134000,2019,872998.3048
dcs:who/AIR_7.AGE--Y55T59__ENVCAUSE--ENVCAUSE039,dcid:undata-geo/G00134000,2019,45652.82577
dcs:who/AIR_7.AGE--Y25T29__ENVCAUSE--ENVCAUSE039,dcid:undata-geo/G00134000,2019,16934.90301
dcs:who/AIR_7.AGE--Y65T69__ENVCAUSE--ENVCAUSE039,dcid:undata-geo/G00134000,2019,61624.99908
dcs:who/AIR_7.AGE--Y30T34__ENVCAUSE--ENVCAUSE114,dcid:undata-geo/G00134000,2019,16803.39045
dcs:who/AIR_7.AGE--Y75T79__ENVCAUSE--ENVCAUSE118,dcid:undata-geo/G00134000,2019,88843.44513
dcs:who/AIR_7.AGE--Y75T79__ENVCAUSE--ENVCAUSE113,dcid:undata-geo/G00134000,2019,327018.1238
dcs:who/AIR_7.AGE--Y70T74__ENVCAUSE--ENVCAUSE114,dcid:undata-geo/G00134000,2019,107405.6926
dcs:who/AIR_7.AGE--Y65T69__ENVCAUSE--ENVCAUSE113,dcid:undata-geo/G00134000,2019,394732.87
dcs:who/AIR_7.AGE--Y65T69__ENVCAUSE--ENVCAUSE114,dcid:undata-geo/G00134000,2019,102315.6676
dcs:who/AIR_7.AGE--Y20T24__ENVCAUSE--ENVCAUSE039,dcid:undata-geo/G00134000,2019,14542.5018
dcs:who/AIR_7.AGE--Y60T64__ENVCAUSE--ENVCAUSE114,dcid:undata-geo/G00134000,2019,92852.87279
dcs:who/AIR_7.AGE--Y40T44__ENVCAUSE--ENVCAUSE118,dcid:undata-geo/G00134000,2019,8577.84965
dcs:who/AIR_7.AGE--Y35T39__ENVCAUSE--ENVCAUSE114,dcid:undata-geo/G00134000,2019,24620.60161
dcs:who/AIR_7.AGE--Y70T74__ENVCAUSE--ENVCAUSE118,dcid:undata-geo/G00134000,2019,97294.23629
dcs:who/AIR_7.AGE--Y30T34__ENVCAUSE--ENVCAUSE039,dcid:undata-geo/G00134000,2019,17602.97861
dcs:who/AIR_7.AGE--Y50T54__ENVCAUSE--ENVCAUSE039,dcid:undata-geo/G00134000,2019,36912.68486
dcs:who/AIR_7.AGE--Y5T9__ENVCAUSE--ENVCAUSE039,dcid:undata-geo/G00134000,2019,11959.59964
dcs:who/AIR_7.AGE--Y_GE80__ENVCAUSE--ENVCAUSE118,dcid:undata-geo/G00134000,2019,165188.5169
dcs:who/AIR_7.AGE--Y40T44__ENVCAUSE--ENVCAUSE113,dcid:undata-geo/G00134000,2019,95885.03746
dcs:who/AIR_7.AGE--Y60T64__ENVCAUSE--ENVCAUSE039,dcid:undata-geo/G00134000,2019,53170.94596
dcs:who/AIR_7.AGE--Y40T44__ENVCAUSE--ENVCAUSE114,dcid:undata-geo/G00134000,2019,33234.97189
dcs:who/AIR_7.AGE--Y75T79__ENVCAUSE--ENVCAUSE039,dcid:undata-geo/G00134000,2019,68488.52859
dcs:who/AIR_7.AGE--Y45T49__ENVCAUSE--ENVCAUSE118,dcid:undata-geo/G00134000,2019,14867.51976
dcs:who/AIR_7.AGE--Y55T59__ENVCAUSE--ENVCAUSE114,dcid:undata-geo/G00134000,2019,77037.81623
dcs:who/AIR_7.AGE--Y10T14__ENVCAUSE--ENVCAUSE039,dcid:undata-geo/G00134000,2019,8964.19909
dcs:who/AIR_7.AGE--Y40T44__ENVCAUSE--ENVCAUSE039,dcid:undata-geo/G00134000,2019,25712.22389
dcs:who/AIR_7.AGE--Y25T29__ENVCAUSE--ENVCAUSE118,dcid:undata-geo/G00134000,2019,3901.20285
dcs:who/AIR_7.AGE--Y45T49__ENVCAUSE--ENVCAUSE114,dcid:undata-geo/G00134000,2019,44752.11701
dcs:who/AIR_7.ENVCAUSE--ENVCAUSE118,dcid:undata-geo/G00134000,2019,614904.0024
dcs:who/AIR_7.AGE--Y15T19__ENVCAUSE--ENVCAUSE039,dcid:undata-geo/G00134000,2019,12375.03547
dcs:who/AIR_7.AGE--Y75T79__ENVCAUSE--ENVCAUSE114,dcid:undata-geo/G00134000,2019,101763.1241
dcs:who/AIR_7.AGE--Y60T64__ENVCAUSE--ENVCAUSE113,dcid:undata-geo/G00134000,2019,376176.6369
dcs:who/AIR_7.AGE--Y25T29__ENVCAUSE--ENVCAUSE114,dcid:undata-geo/G00134000,2019,12494.65011
dcs:who/AIR_7.AGE--Y35T39__ENVCAUSE--ENVCAUSE118,dcid:undata-geo/G00134000,2019,6311.57964
dcs:who/AIR_7.AGE--Y60T64__ENVCAUSE--ENVCAUSE118,dcid:undata-geo/G00134000,2019,66848.0534
dcs:who/AIR_7.AGE--Y50T54__ENVCAUSE--ENVCAUSE118,dcid:undata-geo/G00134000,2019,27786.0692
dcs:who/AIR_7.AGE--Y55T59__ENVCAUSE--ENVCAUSE118,dcid:undata-geo/G00134000,2019,47449.05568
dcs:who/AIR_7.AGE--Y30T34__ENVCAUSE--ENVCAUSE118,dcid:undata-geo/G00134000,2019,4852.59981
dcs:who/AIR_7.AGE--Y_GE80__ENVCAUSE--ENVCAUSE113,dcid:undata-geo/G00134000,2019,696731.5616
dcs:who/AIR_7.AGE--Y35T39__ENVCAUSE--ENVCAUSE039,dcid:undata-geo/G00134000,2019,22892.36221
dcs:who/AIR_7.AGE--Y45T49__ENVCAUSE--ENVCAUSE039,dcid:undata-geo/G00134000,2019,30310.10266
dcs:who/AIR_7.AGE--Y65T69__ENVCAUSE--ENVCAUSE118,dcid:undata-geo/G00134000,2019,82983.87408
dcs:who/AIR_7.AGE--Y50T54__ENVCAUSE--ENVCAUSE114,dcid:undata-geo/G00134000,2019,60995.24077
dcs:who/AIR_7.AGE--Y30T34__ENVCAUSE--ENVCAUSE113,dcid:undata-geo/G00134000,2019,38707.2794
dcs:who/AIR_7,dcid:undata-geo/G00134000,2019,5636063.062
dcs:who/AIR_7.AGE--Y35T39__ENVCAUSE--ENVCAUSE113,dcid:undata-geo/G00134000,2019,63570.2911
dcs:who/AIR_7.AGE--Y25T29__ENVCAUSE--ENVCAUSE113,dcid:undata-geo/G00134000,2019,23572.69101
dcs:who/AIR_7.AGE--Y50T54__ENVCAUSE--ENVCAUSE068__SEX--M,dcid:undata-geo/G00136000,2019,2736.54018
dcs:who/AIR_7.AGE--Y70T74__ENVCAUSE--ENVCAUSE118__SEX--M,dcid:undata-geo/G00136000,2019,25275.24315
dcs:who/AIR_7.AGE--Y35T39__ENVCAUSE--ENVCAUSE039__SEX--M,dcid:undata-geo/G00136000,2019,888.95728
dcs:who/AIR_7.ENVCAUSE--ENVCAUSE039__SEX--M,dcid:undata-geo/G00136000,2019,38335.51952
dcs:who/AIR_7.AGE--Y60T64__ENVCAUSE--ENVCAUSE118__SEX--M,dcid:undata-geo/G00136000,2019,16982.96687
dcs:who/AIR_7.ENVCAUSE--ENVCAUSE118__SEX--M,dcid:undata-geo/G00136000,2019,136991.8712
dcs:who/AIR_7.AGE--Y50T54__ENVCAUSE--ENVCAUSE039__SEX--M,dcid:undata-geo/G00136000,2019,1934.42953
dcs:who/AIR_7.AGE--Y65T69__ENVCAUSE--ENVCAUSE118__SEX--M,dcid:undata-geo/G00136000,2019,21001.41487
dcs:who/AIR_7.ENVCAUSE--ENVCAUSE068__SEX--M,dcid:undata-geo/G00136000,2019,48862.56805
dcs:who/AIR_7.AGE--Y65T69__ENVCAUSE--ENVCAUSE068__SEX--M,dcid:undata-geo/G00136000,2019,9036.67355
dcs:who/AIR_7.AGE--Y55T59__ENVCAUSE--ENVCAUSE068__SEX--M,dcid:undata-geo/G00136000,2019,6261.63795
dcs:who/AIR_7.AGE--Y70T74__ENVCAUSE--ENVCAUSE068__SEX--M,dcid:undata-geo/G00136000,2019,9173.16425
dcs:who/AIR_7.AGE--Y25T29__ENVCAUSE--ENVCAUSE068__SEX--M,dcid:undata-geo/G00136000,2019,20.78787
dcs:who/AIR_7.AGE--Y45T49__ENVCAUSE--ENVCAUSE039__SEX--M,dcid:undata-geo/G00136000,2019,1231.34054
dcs:who/AIR_7.AGE--Y0T4__ENVCAUSE--ENVCAUSE039__SEX--M,dcid:undata-geo/G00136000,2019,1596.22875
dcs:who/AIR_7.AGE--Y_GE80__ENVCAUSE--ENVCAUSE039__SEX--M,dcid:undata-geo/G00136000,2019,9358.31629
dcs:who/AIR_7.AGE--Y15T19__ENVCAUSE--ENVCAUSE039__SEX--M,dcid:undata-geo/G00136000,2019,182.84257
dcs:who/AIR_7.AGE--Y40T44__ENVCAUSE--ENVCAUSE039__SEX--M,dcid:undata-geo/G00136000,2019,883.63098
dcs:who/AIR_7.AGE--Y75T79__ENVCAUSE--ENVCAUSE118__SEX--M,dcid:undata-geo/G00136000,2019,20221.04359
dcs:who/AIR_7.AGE--Y_GE80__ENVCAUSE--ENVCAUSE068__SEX--M,dcid:undata-geo/G00136000,2019,5594.26306
dcs:who/AIR_7.AGE--Y35T39__ENVCAUSE--ENVCAUSE068__SEX--M,dcid:undata-geo/G00136000,2019,155.17399
dcs:who/AIR_7.AGE--Y30T34__ENVCAUSE--ENVCAUSE039__SEX--M,dcid:undata-geo/G00136000,2019,776.69277
dcs:who/AIR_7.AGE--Y65T69__ENVCAUSE--ENVCAUSE039__SEX--M,dcid:undata-geo/G00136000,2019,4292.57926
dcs:who/AIR_7.AGE--Y60T64__ENVCAUSE--ENVCAUSE068__SEX--M,dcid:undata-geo/G00136000,2019,8428.42308
dcs:who/AIR_7.AGE--Y5T9__ENVCAUSE--ENVCAUSE039__SEX--M,dcid:undata-geo/G00136000,2019,228.17289
dcs:who/AIR_7.AGE--Y10T14__ENVCAUSE--ENVCAUSE039__SEX--M,dcid:undata-geo/G00136000,2019,155.47159
dcs:who/AIR_7.AGE--Y_GE80__ENVCAUSE--ENVCAUSE118__SEX--M,dcid:undata-geo/G00136000,2019,31551.9099
dcs:who/AIR_7.AGE--Y60T64__ENVCAUSE--ENVCAUSE039__SEX--M,dcid:undata-geo/G00136000,2019,3928.23184
dcs:who/AIR_7.AGE--Y30T34__ENVCAUSE--ENVCAUSE068__SEX--M,dcid:undata-geo/G00136000,2019,59.02437
dcs:who/AIR_7.AGE--Y55T59__ENVCAUSE--ENVCAUSE039__SEX--M,dcid:undata-geo/G00136000,2019,3034.19649
dcs:who/AIR_7.AGE--Y45T49__ENVCAUSE--ENVCAUSE068__SEX--M,dcid:undata-geo/G00136000,2019,997.59702
dcs:who/AIR_7.AGE--Y20T24__ENVCAUSE--ENVCAUSE039__SEX--M,dcid:undata-geo/G00136000,2019,420.65724
dcs:who/AIR_7.AGE--Y25T29__ENVCAUSE--ENVCAUSE039__SEX--M,dcid:undata-geo/G00136000,2019,648.40973
dcs:who/AIR_7.AGE--Y75T79__ENVCAUSE--ENVCAUSE039__SEX--M,dcid:undata-geo/G00136000,2019,4046.60854
dcs:who/AIR_7.AGE--Y75T79__ENVCAUSE--ENVCAUSE068__SEX--M,dcid:undata-geo/G00136000,2019,5973.08702
dcs:who/AIR_7.AGE--Y40T44__ENVCAUSE--ENVCAUSE068__SEX--M,dcid:undata-geo/G00136000,2019,426.1957
dcs:who/AIR_7.AGE--Y70T74__ENVCAUSE--ENVCAUSE039__SEX--M,dcid:undata-geo/G00136000,2019,4728.75324
dcs:who/AIR_7.AGE--Y30T34__ENVCAUSE--ENVCAUSE039__SEX--F,dcid:undata-geo/G00136000,2019,692.49281
dcs:who/AIR_7.AGE--Y25T29__ENVCAUSE--ENVCAUSE114__SEX--M,dcid:undata-geo/G00136000,2019,1006.39131
dcs:who/AIR_7.AGE--Y30T34__ENVCAUSE--ENVCAUSE114__SEX--M,dcid:undata-geo/G00136000,2019,1606.25126
dcs:who/AIR_7.AGE--Y45T49__ENVCAUSE--ENVCAUSE068__SEX--F,dcid:undata-geo/G00136000,2019,1048.41862
dcs:who/AIR_7.AGE--Y20T24__ENVCAUSE--ENVCAUSE039__SEX--F,dcid:undata-geo/G00136000,2019,338.43369
dcs:who/AIR_7.AGE--Y45T49__ENVCAUSE--ENVCAUSE039__SEX--F,dcid:undata-geo/G00136000,2019,1179.40214
dcs:who/AIR_7.AGE--Y75T79__ENVCAUSE--ENVCAUSE068__SEX--F,dcid:undata-geo/G00136000,2019,5257.69975
dcs:who/AIR_7.ENVCAUSE--ENVCAUSE114__SEX--M,dcid:undata-geo/G00136000,2019,103750.7965
dcs:who/AIR_7.AGE--Y_GE80__ENVCAUSE--ENVCAUSE113__SEX--M,dcid:undata-geo/G00136000,2019,146585.569
dcs:who/AIR_7.AGE--Y75T79__ENVCAUSE--ENVCAUSE114__SEX--M,dcid:undata-geo/G00136000,2019,12821.93826
dcs:who/AIR_7.AGE--Y60T64__ENVCAUSE--ENVCAUSE113__SEX--M,dcid:undata-geo/G00136000,2019,105379.623
dcs:who/AIR_7.AGE--Y45T49__ENVCAUSE--ENVCAUSE118__SEX--M,dcid:undata-geo/G00136000,2019,2481.84082
dcs:who/AIR_7.AGE--Y60T64__ENVCAUSE--ENVCAUSE068__SEX--F,dcid:undata-geo/G00136000,2019,6272.60315
dcs:who/AIR_7.AGE--Y25T29__ENVCAUSE--ENVCAUSE039__SEX--F,dcid:undata-geo/G00136000,2019,465.15462
dcs:who/AIR_7.AGE--Y40T44__ENVCAUSE--ENVCAUSE114__SEX--M,dcid:undata-geo/G00136000,2019,2500.8177
dcs:who/AIR_7.AGE--Y35T39__ENVCAUSE--ENVCAUSE113__SEX--M,dcid:undata-geo/G00136000,2019,11207.63976
dcs:who/AIR_7.AGE--Y55T59__ENVCAUSE--ENVCAUSE068__SEX--F,dcid:undata-geo/G00136000,2019,5450.31546
dcs:who/AIR_7.AGE--Y40T44__ENVCAUSE--ENVCAUSE068__SEX--F,dcid:undata-geo/G00136000,2019,403.17545
dcs:who/AIR_7.AGE--Y_GE80__ENVCAUSE--ENVCAUSE068__SEX--F,dcid:undata-geo/G00136000,2019,5387.02121
dcs:who/AIR_7.SEX--M,dcid:undata-geo/G00136000,2019,1068202.104
dcs:who/AIR_7.AGE--Y45T49__ENVCAUSE--ENVCAUSE113__SEX--M,dcid:undata-geo/G00136000,2019,28245.48796
dcs:who/AIR_7.AGE--Y35T39__ENVCAUSE--ENVCAUSE114__SEX--M,dcid:undata-geo/G00136000,2019,2089.1064
dcs:who/AIR_7.AGE--Y40T44__ENVCAUSE--ENVCAUSE039__SEX--F,dcid:undata-geo/G00136000,2019,800.54793
dcs:who/AIR_7.AGE--Y65T69__ENVCAUSE--ENVCAUSE114__SEX--M,dcid:undata-geo/G00136000,2019,12874.16558
dcs:who/AIR_7.AGE--Y70T74__ENVCAUSE--ENVCAUSE114__SEX--M,dcid:undata-geo/G00136000,2019,14718.12982
dcs:who/AIR_7.AGE--Y75T79__ENVCAUSE--ENVCAUSE039__SEX--F,dcid:undata-geo/G00136000,2019,3741.76216
dcs:who/AIR_7.AGE--Y30T34__ENVCAUSE--ENVCAUSE113__SEX--M,dcid:undata-geo/G00136000,2019,6739.32504
dcs:who/AIR_7.AGE--Y30T34__ENVCAUSE--ENVCAUSE068__SEX--F,dcid:undata-geo/G00136000,2019,62.59003
dcs:who/AIR_7.ENVCAUSE--ENVCAUSE068__SEX--F,dcid:undata-geo/G00136000,2019,40788.05108
dcs:who/AIR_7.AGE--Y25T29__ENVCAUSE--ENVCAUSE113__SEX--M,dcid:undata-geo/G00136000,2019,2614.3786
dcs:who/AIR_7.AGE--Y70T74__ENVCAUSE--ENVCAUSE039__SEX--F,dcid:undata-geo/G00136000,2019,3962.56317
dcs:who/AIR_7.AGE--Y55T59__ENVCAUSE--ENVCAUSE039__SEX--F,dcid:undata-geo/G00136000,2019,2547.56583
dcs:who/AIR_7.AGE--Y25T29__ENVCAUSE--ENVCAUSE068__SEX--F,dcid:undata-geo/G00136000,2019,16.74326
dcs:who/AIR_7.ENVCAUSE--ENVCAUSE039__SEX--F,dcid:undata-geo/G00136000,2019,36758.91633
dcs:who/AIR_7.ENVCAUSE--ENVCAUSE113__SEX--M,dcid:undata-geo/G00136000,2019,740261.3491
dcs:who/AIR_7.AGE--Y75T79__ENVCAUSE--ENVCAUSE113__SEX--M,dcid:undata-geo/G00136000,2019,74828.27034
dcs:who/AIR_7.AGE--Y55T59__ENVCAUSE--ENVCAUSE114__SEX--M,dcid:undata-geo/G00136000,2019,9412.20834
dcs:who/AIR_7.AGE--Y_GE80__ENVCAUSE--ENVCAUSE039__SEX--F,dcid:undata-geo/G00136000,2019,12301.48547
dcs:who/AIR_7.AGE--Y35T39__ENVCAUSE--ENVCAUSE068__SEX--F,dcid:undata-geo/G00136000,2019,152.47481
dcs:who/AIR_7.AGE--Y_GE80__ENVCAUSE--ENVCAUSE114__SEX--M,dcid:undata-geo/G00136000,2019,25273.74026
dcs:who/AIR_7.AGE--Y60T64__ENVCAUSE--ENVCAUSE039__SEX--F,dcid:undata-geo/G00136000,2019,3180.99192
dcs:who/AIR_7.AGE--Y65T69__ENVCAUSE--ENVCAUSE113__SEX--M,dcid:undata-geo/G00136000,2019,103442.8493
dcs:who/AIR_7.AGE--Y70T74__ENVCAUSE--ENVCAUSE068__SEX--F,dcid:undata-geo/G00136000,2019,7151.71158
dcs:who/AIR_7.AGE--Y25T29__ENVCAUSE--ENVCAUSE118__SEX--M,dcid:undata-geo/G00136000,2019,310.95205
dcs:who/AIR_7.AGE--Y55T59__ENVCAUSE--ENVCAUSE118__SEX--M,dcid:undata-geo/G00136000,2019,11387.02827
dcs:who/AIR_7.AGE--Y60T64__ENVCAUSE--ENVCAUSE114__SEX--M,dcid:undata-geo/G00136000,2019,12038.45717
dcs:who/AIR_7.AGE--Y35T39__ENVCAUSE--ENVCAUSE118__SEX--M,dcid:undata-geo/G00136000,2019,629.52109
dcs:who/AIR_7.AGE--Y50T54__ENVCAUSE--ENVCAUSE068__SEX--F,dcid:undata-geo/G00136000,2019,2644.14787
dcs:who/AIR_7.AGE--Y55T59__ENVCAUSE--ENVCAUSE113__SEX--M,dcid:undata-geo/G00136000,2019,88883.74766
dcs:who/AIR_7.AGE--Y50T54__ENVCAUSE--ENVCAUSE113__SEX--M,dcid:undata-geo/G00136000,2019,53646.54969
dcs:who/AIR_7.AGE--Y30T34__ENVCAUSE--ENVCAUSE118__SEX--M,dcid:undata-geo/G00136000,2019,444.76961
dcs:who/AIR_7.AGE--Y70T74__ENVCAUSE--ENVCAUSE113__SEX--M,dcid:undata-geo/G00136000,2019,102715.8992
dcs:who/AIR_7.AGE--Y40T44__ENVCAUSE--ENVCAUSE118__SEX--M,dcid:undata-geo/G00136000,2019,1022.51389
dcs:who/AIR_7.AGE--Y50T54__ENVCAUSE--ENVCAUSE114__SEX--M,dcid:undata-geo/G00136000,2019,5826.61372
dcs:who/AIR_7.AGE--Y50T54__ENVCAUSE--ENVCAUSE039__SEX--F,dcid:undata-geo/G00136000,2019,1710.42204
dcs:who/AIR_7.AGE--Y65T69__ENVCAUSE--ENVCAUSE068__SEX--F,dcid:undata-geo/G00136000,2019,6941.1499
dcs:who/AIR_7.AGE--Y35T39__ENVCAUSE--ENVCAUSE039__SEX--F,dcid:undata-geo/G00136000,2019,620.07342
dcs:who/AIR_7.AGE--Y65T69__ENVCAUSE--ENVCAUSE039__SEX--F,dcid:undata-geo/G00136000,2019,3481.36692
dcs:who/AIR_7.AGE--Y45T49__ENVCAUSE--ENVCAUSE114__SEX--M,dcid:undata-geo/G00136000,2019,3582.97667
dcs:who/AIR_7.AGE--Y40T44__ENVCAUSE--ENVCAUSE113__SEX--M,dcid:undata-geo/G00136000,2019,15972.00944
dcs:who/AIR_7.AGE--Y50T54__ENVCAUSE--ENVCAUSE118__SEX--M,dcid:undata-geo/G00136000,2019,5682.66713
dcs:who/AIR_7.AGE--Y35T39__ENVCAUSE--ENVCAUSE118__SEX--F,dcid:undata-geo/G00136000,2019,608.93848
dcs:who/AIR_7.AGE--Y75T79__ENVCAUSE--ENVCAUSE113__SEX--F,dcid:undata-geo/G00136000,2019,50411.02621
dcs:who/AIR_7.AGE--Y75T79__ENVCAUSE--ENVCAUSE114__SEX--F,dcid:undata-geo/G00136000,2019,15300.2527
dcs:who/AIR_7.AGE--Y75T79__ENVCAUSE--ENVCAUSE039,dcid:undata-geo/G00136000,2019,7788.3707
dcs:who/AIR_7.AGE--Y30T34__ENVCAUSE--ENVCAUSE113__SEX--F,dcid:undata-geo/G00136000,2019,2361.61379
dcs:who/AIR_7.AGE--Y30T34__ENVCAUSE--ENVCAUSE114__SEX--F,dcid:undata-geo/G00136000,2019,1533.71407
dcs:who/AIR_7.ENVCAUSE--ENVCAUSE039,dcid:undata-geo/G00136000,2019,75094.43585
dcs:who/AIR_7.AGE--Y60T64__ENVCAUSE--ENVCAUSE068,dcid:undata-geo/G00136000,2019,14701.02622
dcs:who/AIR_7.AGE--Y50T54__ENVCAUSE--ENVCAUSE068,dcid:undata-geo/G00136000,2019,5380.68805
dcs:who/AIR_7.AGE--Y55T59__ENVCAUSE--ENVCAUSE039,dcid:undata-geo/G00136000,2019,5581.76232
dcs:who/AIR_7.ENVCAUSE--ENVCAUSE114__SEX--F,dcid:undata-geo/G00136000,2019,124395.8354
dcs:who/AIR_7.AGE--Y25T29__ENVCAUSE--ENVCAUSE114__SEX--F,dcid:undata-geo/G00136000,2019,1110.49725
dcs:who/AIR_7.AGE--Y65T69__ENVCAUSE--ENVCAUSE114__SEX--F,dcid:undata-geo/G00136000,2019,12494.61427
dcs:who/AIR_7.AGE--Y55T59__ENVCAUSE--ENVCAUSE114__SEX--F,dcid:undata-geo/G00136000,2019,8532.18444
dcs:who/AIR_7.AGE--Y_GE80__ENVCAUSE--ENVCAUSE068,dcid:undata-geo/G00136000,2019,10981.28427
dcs:who/AIR_7.AGE--Y40T44__ENVCAUSE--ENVCAUSE068,dcid:undata-geo/G00136000,2019,829.37115
dcs:who/AIR_7.AGE--Y45T49__ENVCAUSE--ENVCAUSE114__SEX--F,dcid:undata-geo/G00136000,2019,3666.41508
dcs:who/AIR_7.AGE--Y45T49__ENVCAUSE--ENVCAUSE118__SEX--F,dcid:undata-geo/G00136000,2019,2776.58667
dcs:who/AIR_7.AGE--Y40T44__ENVCAUSE--ENVCAUSE114__SEX--F,dcid:undata-geo/G00136000,2019,2560.53685
dcs:who/AIR_7.AGE--Y65T69__ENVCAUSE--ENVCAUSE113__SEX--F,dcid:undata-geo/G00136000,2019,48211.59701
dcs:who/AIR_7.AGE--Y55T59__ENVCAUSE--ENVCAUSE113__SEX--F,dcid:undata-geo/G00136000,2019,34361.31943
dcs:who/AIR_7.AGE--Y75T79__ENVCAUSE--ENVCAUSE118__SEX--F,dcid:undata-geo/G00136000,2019,22489.11757
dcs:who/AIR_7.AGE--Y50T54__ENVCAUSE--ENVCAUSE113__SEX--F,dcid:undata-geo/G00136000,2019,20670.5106
dcs:who/AIR_7.AGE--Y_GE80__ENVCAUSE--ENVCAUSE113__SEX--F,dcid:undata-geo/G00136000,2019,168782.5398
dcs:who/AIR_7.AGE--Y0T4__ENVCAUSE--ENVCAUSE039__SEX--F,dcid:undata-geo/G00136000,2019,1211.70703
dcs:who/AIR_7.AGE--Y70T74__ENVCAUSE--ENVCAUSE068,dcid:undata-geo/G00136000,2019,16324.87583
dcs:who/AIR_7.AGE--Y65T69__ENVCAUSE--ENVCAUSE118__SEX--F,dcid:undata-geo/G00136000,2019,20598.33354
dcs:who/AIR_7.AGE--Y35T39__ENVCAUSE--ENVCAUSE113__SEX--F,dcid:undata-geo/G00136000,2019,4211.24473
dcs:who/AIR_7.AGE--Y_GE80__ENVCAUSE--ENVCAUSE114__SEX--F,dcid:undata-geo/G00136000,2019,46145.67895
dcs:who/AIR_7.AGE--Y35T39__ENVCAUSE--ENVCAUSE114__SEX--F,dcid:undata-geo/G00136000,2019,2080.653
dcs:who/AIR_7.ENVCAUSE--ENVCAUSE118__SEX--F,dcid:undata-geo/G00136000,2019,149015.4281
dcs:who/AIR_7.AGE--Y45T49__ENVCAUSE--ENVCAUSE068,dcid:undata-geo/G00136000,2019,2046.01564
dcs:who/AIR_7.AGE--Y60T64__ENVCAUSE--ENVCAUSE118__SEX--F,dcid:undata-geo/G00136000,2019,16351.17862
dcs:who/AIR_7.AGE--Y50T54__ENVCAUSE--ENVCAUSE118__SEX--F,dcid:undata-geo/G00136000,2019,6507.42238
dcs:who/AIR_7.AGE--Y45T49__ENVCAUSE--ENVCAUSE113__SEX--F,dcid:undata-geo/G00136000,2019,10720.76227
dcs:who/AIR_7.AGE--Y70T74__ENVCAUSE--ENVCAUSE039,dcid:undata-geo/G00136000,2019,8691.31641
dcs:who/AIR_7.SEX--F,dcid:undata-geo/G00136000,2019,793954.3428
dcs:who/AIR_7.AGE--Y75T79__ENVCAUSE--ENVCAUSE068,dcid:undata-geo/G00136000,2019,11230.78677
dcs:who/AIR_7.AGE--Y70T74__ENVCAUSE--ENVCAUSE114__SEX--F,dcid:undata-geo/G00136000,2019,14843.77954
dcs:who/AIR_7.AGE--Y5T9__ENVCAUSE--ENVCAUSE039__SEX--F,dcid:undata-geo/G00136000,2019,200.92973
dcs:who/AIR_7.AGE--Y25T29__ENVCAUSE--ENVCAUSE113__SEX--F,dcid:undata-geo/G00136000,2019,1084.42454
dcs:who/AIR_7.AGE--Y_GE80__ENVCAUSE--ENVCAUSE039,dcid:undata-geo/G00136000,2019,21659.80176
dcs:who/AIR_7.AGE--Y_GE80__ENVCAUSE--ENVCAUSE118__SEX--F,dcid:undata-geo/G00136000,2019,40167.02015
dcs:who/AIR_7.AGE--Y30T34__ENVCAUSE--ENVCAUSE118__SEX--F,dcid:undata-geo/G00136000,2019,453.6879
dcs:who/AIR_7.AGE--Y55T59__ENVCAUSE--ENVCAUSE118__SEX--F,dcid:undata-geo/G00136000,2019,12277.93465
dcs:who/AIR_7.AGE--Y25T29__ENVCAUSE--ENVCAUSE068,dcid:undata-geo/G00136000,2019,37.53112
dcs:who/AIR_7.AGE--Y70T74__ENVCAUSE--ENVCAUSE113__SEX--F,dcid:undata-geo/G00136000,2019,53473.73124
dcs:who/AIR_7.AGE--Y50T54__ENVCAUSE--ENVCAUSE114__SEX--F,dcid:undata-geo/G00136000,2019,5640.31498
dcs:who/AIR_7.AGE--Y10T14__ENVCAUSE--ENVCAUSE039__SEX--F,dcid:undata-geo/G00136000,2019,173.5925
dcs:who/AIR_7.AGE--Y55T59__ENVCAUSE--ENVCAUSE068,dcid:undata-geo/G00136000,2019,11711.95341
dcs:who/AIR_7.AGE--Y30T34__ENVCAUSE--ENVCAUSE068,dcid:undata-geo/G00136000,2019,121.6144
dcs:who/AIR_7.AGE--Y60T64__ENVCAUSE--ENVCAUSE114__SEX--F,dcid:undata-geo/G00136000,2019,10487.19424
dcs:who/AIR_7.AGE--Y60T64__ENVCAUSE--ENVCAUSE039,dcid:undata-geo/G00136000,2019,7109.22376
dcs:who/AIR_7.AGE--Y15T19__ENVCAUSE--ENVCAUSE039__SEX--F,dcid:undata-geo/G00136000,2019,150.42497
dcs:who/AIR_7.AGE--Y25T29__ENVCAUSE--ENVCAUSE118__SEX--F,dcid:undata-geo/G00136000,2019,288.60505
dcs:who/AIR_7.AGE--Y65T69__ENVCAUSE--ENVCAUSE068,dcid:undata-geo/G00136000,2019,15977.82345
dcs:who/AIR_7.AGE--Y70T74__ENVCAUSE--ENVCAUSE118__SEX--F,dcid:undata-geo/G00136000,2019,25332.75277
dcs:who/AIR_7.AGE--Y40T44__ENVCAUSE--ENVCAUSE118__SEX--F,dcid:undata-geo/G00136000,2019,1163.85037
dcs:who/AIR_7.AGE--Y65T69__ENVCAUSE--ENVCAUSE039,dcid:undata-geo/G00136000,2019,7773.94618
dcs:who/AIR_7.AGE--Y60T64__ENVCAUSE--ENVCAUSE113__SEX--F,dcid:undata-geo/G00136000,2019,42370.56057
dcs:who/AIR_7.ENVCAUSE--ENVCAUSE113__SEX--F,dcid:undata-geo/G00136000,2019,442996.1119
dcs:who/AIR_7.AGE--Y35T39__ENVCAUSE--ENVCAUSE068,dcid:undata-geo/G00136000,2019,307.6488
dcs:who/AIR_7.ENVCAUSE--ENVCAUSE068,dcid:undata-geo/G00136000,2019,89650.61912
dcs:who/AIR_7.AGE--Y40T44__ENVCAUSE--ENVCAUSE113__SEX--F,dcid:undata-geo/G00136000,2019,6336.78168
dcs:who/AIR_7.AGE--Y55T59__ENVCAUSE--ENVCAUSE118,dcid:undata-geo/G00136000,2019,23664.96292
dcs:who/AIR_7.AGE--Y20T24__ENVCAUSE--ENVCAUSE039,dcid:undata-geo/G00136000,2019,759.09094
dcs:who/AIR_7.AGE--Y10T14__ENVCAUSE--ENVCAUSE039,dcid:undata-geo/G00136000,2019,329.06409
dcs:who/AIR_7.AGE--Y75T79__ENVCAUSE--ENVCAUSE113,dcid:undata-geo/G00136000,2019,125239.2966
dcs:who/AIR_7.AGE--Y30T34__ENVCAUSE--ENVCAUSE114,dcid:undata-geo/G00136000,2019,3139.96533
dcs:who/AIR_7.AGE--Y_GE80__ENVCAUSE--ENVCAUSE118,dcid:undata-geo/G00136000,2019,71718.93005
dcs:who/AIR_7.AGE--Y40T44__ENVCAUSE--ENVCAUSE118,dcid:undata-geo/G00136000,2019,2186.36426
dcs:who/AIR_7.AGE--Y30T34__ENVCAUSE--ENVCAUSE118,dcid:undata-geo/G00136000,2019,898.45751
dcs:who/AIR_7.AGE--Y30T34__ENVCAUSE--ENVCAUSE113,dcid:undata-geo/G00136000,2019,9100.93882
dcs:who/AIR_7.AGE--Y50T54__ENVCAUSE--ENVCAUSE113,dcid:undata-geo/G00136000,2019,74317.0603
dcs:who/AIR_7.AGE--Y45T49__ENVCAUSE--ENVCAUSE039,dcid:undata-geo/G00136000,2019,2410.74267
dcs:who/AIR_7.AGE--Y60T64__ENVCAUSE--ENVCAUSE113,dcid:undata-geo/G00136000,2019,147750.1836
dcs:who/AIR_7.AGE--Y45T49__ENVCAUSE--ENVCAUSE114,dcid:undata-geo/G00136000,2019,7249.39174
dcs:who/AIR_7.AGE--Y40T44__ENVCAUSE--ENVCAUSE039,dcid:undata-geo/G00136000,2019,1684.17891
dcs:who/AIR_7.AGE--Y50T54__ENVCAUSE--ENVCAUSE039,dcid:undata-geo/G00136000,2019,3644.85157
dcs:who/AIR_7.AGE--Y25T29__ENVCAUSE--ENVCAUSE114,dcid:undata-geo/G00136000,2019,2116.88856
dcs:who/AIR_7.AGE--Y40T44__ENVCAUSE--ENVCAUSE113,dcid:undata-geo/G00136000,2019,22308.79111
dcs:who/AIR_7.AGE--Y40T44__ENVCAUSE--ENVCAUSE114,dcid:undata-geo/G00136000,2019,5061.35455
dcs:who/AIR_7.AGE--Y25T29__ENVCAUSE--ENVCAUSE118,dcid:undata-geo/G00136000,2019,599.5571
dcs:who/AIR_7.ENVCAUSE--ENVCAUSE113,dcid:undata-geo/G00136000,2019,1183257.461
dcs:who/AIR_7.AGE--Y45T49__ENVCAUSE--ENVCAUSE113,dcid:undata-geo/G00136000,2019,38966.25023
dcs:who/AIR_7.AGE--Y65T69__ENVCAUSE--ENVCAUSE118,dcid:undata-geo/G00136000,2019,41599.74841
dcs:who/AIR_7.AGE--Y45T49__ENVCAUSE--ENVCAUSE118,dcid:undata-geo/G00136000,2019,5258.42749
dcs:who/AIR_7.AGE--Y35T39__ENVCAUSE--ENVCAUSE039,dcid:undata-geo/G00136000,2019,1509.0307
dcs:who/AIR_7.AGE--Y60T64__ENVCAUSE--ENVCAUSE118,dcid:undata-geo/G00136000,2019,33334.14549
dcs:who/AIR_7.AGE--Y70T74__ENVCAUSE--ENVCAUSE113,dcid:undata-geo/G00136000,2019,156189.6305
dcs:who/AIR_7.AGE--Y70T74__ENVCAUSE--ENVCAUSE118,dcid:undata-geo/G00136000,2019,50607.99592
dcs:who/AIR_7.AGE--Y25T29__ENVCAUSE--ENVCAUSE039,dcid:undata-geo/G00136000,2019,1113.56435
dcs:who/AIR_7.AGE--Y35T39__ENVCAUSE--ENVCAUSE114,dcid:undata-geo/G00136000,2019,4169.7594
dcs:who/AIR_7.ENVCAUSE--ENVCAUSE114,dcid:undata-geo/G00136000,2019,228146.6318
dcs:who/AIR_7.AGE--Y75T79__ENVCAUSE--ENVCAUSE114,dcid:undata-geo/G00136000,2019,28122.19096
dcs:who/AIR_7.AGE--Y50T54__ENVCAUSE--ENVCAUSE118,dcid:undata-geo/G00136000,2019,12190.08951
dcs:who/AIR_7.AGE--Y65T69__ENVCAUSE--ENVCAUSE113,dcid:undata-geo/G00136000,2019,151654.4464
dcs:who/AIR_7.AGE--Y35T39__ENVCAUSE--ENVCAUSE113,dcid:undata-geo/G00136000,2019,15418.88448
dcs:who/AIR_7.AGE--Y65T69__ENVCAUSE--ENVCAUSE114,dcid:undata-geo/G00136000,2019,25368.77985
dcs:who/AIR_7.AGE--Y_GE80__ENVCAUSE--ENVCAUSE114,dcid:undata-geo/G00136000,2019,71419.41922
dcs:who/AIR_7.AGE--Y75T79__ENVCAUSE--ENVCAUSE118,dcid:undata-geo/G00136000,2019,42710.16116
dcs:who/AIR_7.AGE--Y50T54__ENVCAUSE--ENVCAUSE114,dcid:undata-geo/G00136000,2019,11466.9287
dcs:who/AIR_7.AGE--Y_GE80__ENVCAUSE--ENVCAUSE113,dcid:undata-geo/G00136000,2019,315368.1088
dcs:who/AIR_7.ENVCAUSE--ENVCAUSE118,dcid:undata-geo/G00136000,2019,286007.2994
dcs:who/AIR_7.AGE--Y0T4__ENVCAUSE--ENVCAUSE039,dcid:undata-geo/G00136000,2019,2807.93577
dcs:who/AIR_7.AGE--Y30T34__ENVCAUSE--ENVCAUSE039,dcid:undata-geo/G00136000,2019,1469.18557
dcs:who/AIR_7.AGE--Y15T19__ENVCAUSE--ENVCAUSE039,dcid:undata-geo/G00136000,2019,333.26754
dcs:who/AIR_7.AGE--Y5T9__ENVCAUSE--ENVCAUSE039,dcid:undata-geo/G00136000,2019,429.10262
dcs:who/AIR_7.AGE--Y35T39__ENVCAUSE--ENVCAUSE118,dcid:undata-geo/G00136000,2019,1238.45957
dcs:who/AIR_7.AGE--Y60T64__ENVCAUSE--ENVCAUSE114,dcid:undata-geo/G00136000,2019,22525.6514
dcs:who/AIR_7.AGE--Y70T74__ENVCAUSE--ENVCAUSE114,dcid:undata-geo/G00136000,2019,29561.90935
dcs:who/AIR_7.AGE--Y55T59__ENVCAUSE--ENVCAUSE114,dcid:undata-geo/G00136000,2019,17944.39278
dcs:who/AIR_7.AGE--Y55T59__ENVCAUSE--ENVCAUSE113,dcid:undata-geo/G00136000,2019,123245.0671
dcs:who/AIR_7,dcid:undata-geo/G00136000,2019,1862156.447
dcs:who/AIR_7.AGE--Y25T29__ENVCAUSE--ENVCAUSE113,dcid:undata-geo/G00136000,2019,3698.80314
dcs:who/AIR_7.AGE--Y75T79__ENVCAUSE--ENVCAUSE068__SEX--M,dcid:undata-geo/G00145000,2019,20.37217
dcs:who/AIR_7.ENVCAUSE--ENVCAUSE068__SEX--M,dcid:undata-geo/G00145000,2019,475.28423
dcs:who/AIR_7.AGE--Y70T74__ENVCAUSE--ENVCAUSE068__SEX--M,dcid:undata-geo/G00145000,2019,45.82934
dcs:who/AIR_7.AGE--Y45T49__ENVCAUSE--ENVCAUSE068__SEX--M,dcid:undata-geo/G00145000,2019,26.65321
dcs:who/AIR_7.AGE--Y_GE80__ENVCAUSE--ENVCAUSE068__SEX--M,dcid:undata-geo/G00145000,2019,8.84918
dcs:who/AIR_7.AGE--Y40T44__ENVCAUSE--ENVCAUSE068__SEX--M,dcid:undata-geo/G00145000,2019,10.33707
dcs:who/AIR_7.AGE--Y55T59__ENVCAUSE--ENVCAUSE068__SEX--M,dcid:undata-geo/G00145000,2019,96.01564
dcs:who/AIR_7.AGE--Y65T69__ENVCAUSE--ENVCAUSE068__SEX--M,dcid:undata-geo/G00145000,2019,78.54098
dcs:who/AIR_7.AGE--Y50T54__ENVCAUSE--ENVCAUSE068__SEX--M,dcid:undata-geo/G00145000,2019,58.11993
dcs:who/AIR_7.AGE--Y60T64__ENVCAUSE--ENVCAUSE068__SEX--M,dcid:undata-geo/G00145000,2019,115.76203
dcs:who/AIR_7.AGE--Y55T59__ENVCAUSE--ENVCAUSE114__SEX--M,dcid:undata-geo/G00145000,2019,1009.36966
dcs:who/AIR_7.AGE--Y75T79__ENVCAUSE--ENVCAUSE113__SEX--M,dcid:undata-geo/G00145000,2019,925.3829
dcs:who/AIR_7.AGE--Y10T14__ENVCAUSE--ENVCAUSE039__SEX--M,dcid:undata-geo/G00145000,2019,183.08326
dcs:who/AIR_7.AGE--Y0T4__ENVCAUSE--ENVCAUSE039__SEX--M,dcid:undata-geo/G00145000,2019,5132.47161
dcs:who/AIR_7.AGE--Y40T44__ENVCAUSE--ENVCAUSE039__SEX--M,dcid:undata-geo/G00145000,2019,251.09191
dcs:who/AIR_7.AGE--Y50T54__ENVCAUSE--ENVCAUSE118__SEX--M,dcid:undata-geo/G00145000,2019,405.09721
dcs:who/AIR_7.ENVCAUSE--ENVCAUSE113__SEX--M,dcid:undata-geo/G00145000,2019,26329.21343
dcs:who/AIR_7.AGE--Y30T34__ENVCAUSE--ENVCAUSE039__SEX--M,dcid:undata-geo/G00145000,2019,214.05469
dcs:who/AIR_7.AGE--Y30T34__ENVCAUSE--ENVCAUSE114__SEX--M,dcid:undata-geo/G00145000,2019,303.3824
dcs:who/AIR_7.AGE--Y35T39__ENVCAUSE--ENVCAUSE118__SEX--M,dcid:undata-geo/G00145000,2019,130.12259
dcs:who/AIR_7.AGE--Y60T64__ENVCAUSE--ENVCAUSE114__SEX--M,dcid:undata-geo/G00145000,2019,991.6883
dcs:who/AIR_7.AGE--Y60T64__ENVCAUSE--ENVCAUSE118__SEX--M,dcid:undata-geo/G00145000,2019,623.82698
dcs:who/AIR_7.AGE--Y70T74__ENVCAUSE--ENVCAUSE114__SEX--M,dcid:undata-geo/G00145000,2019,641.9163
dcs:who/AIR_7.AGE--Y35T39__ENVCAUSE--ENVCAUSE068__SEX--M,dcid:undata-geo/G00145000,2019,8.46064
dcs:who/AIR_7.AGE--Y_GE80__ENVCAUSE--ENVCAUSE039__SEX--M,dcid:undata-geo/G00145000,2019,117.63336
dcs:who/AIR_7.AGE--Y45T49__ENVCAUSE--ENVCAUSE114__SEX--M,dcid:undata-geo/G00145000,2019,863.69338
dcs:who/AIR_7.AGE--Y55T59__ENVCAUSE--ENVCAUSE039__SEX--M,dcid:undata-geo/G00145000,2019,225.13631
dcs:who/AIR_7.AGE--Y25T29__ENVCAUSE--ENVCAUSE068__SEX--M,dcid:undata-geo/G00145000,2019,2.15325
dcs:who/AIR_7.AGE--Y40T44__ENVCAUSE--ENVCAUSE118__SEX--M,dcid:undata-geo/G00145000,2019,171.61713
dcs:who/AIR_7.AGE--Y25T29__ENVCAUSE--ENVCAUSE114__SEX--M,dcid:undata-geo/G00145000,2019,269.30373
dcs:who/AIR_7.AGE--Y20T24__ENVCAUSE--ENVCAUSE039__SEX--M,dcid:undata-geo/G00145000,2019,154.67166
dcs:who/AIR_7.AGE--Y70T74__ENVCAUSE--ENVCAUSE113__SEX--M,dcid:undata-geo/G00145000,2019,1591.71487
dcs:who/AIR_7.ENVCAUSE--ENVCAUSE114__SEX--M,dcid:undata-geo/G00145000,2019,7921.77546
dcs:who/AIR_7.AGE--Y35T39__ENVCAUSE--ENVCAUSE114__SEX--M,dcid:undata-geo/G00145000,2019,566.45326
dcs:who/AIR_7.AGE--Y65T69__ENVCAUSE--ENVCAUSE113__SEX--M,dcid:undata-geo/G00145000,2019,2378.61473
dcs:who/AIR_7.AGE--Y50T54__ENVCAUSE--ENVCAUSE114__SEX--M,dcid:undata-geo/G00145000,2019,995.76191
dcs:who/AIR_7.AGE--Y60T64__ENVCAUSE--ENVCAUSE039__SEX--M,dcid:undata-geo/G00145000,2019,261.75817
dcs:who/AIR_7.AGE--Y25T29__ENVCAUSE--ENVCAUSE039__SEX--M,dcid:undata-geo/G00145000,2019,190.03617
dcs:who/AIR_7.AGE--Y30T34__ENVCAUSE--ENVCAUSE118__SEX--M,dcid:undata-geo/G00145000,2019,110.00834
dcs:who/AIR_7.AGE--Y65T69__ENVCAUSE--ENVCAUSE118__SEX--M,dcid:undata-geo/G00145000,2019,665.59625
dcs:who/AIR_7.AGE--Y45T49__ENVCAUSE--ENVCAUSE118__SEX--M,dcid:undata-geo/G00145000,2019,283.92369
dcs:who/AIR_7.AGE--Y35T39__ENVCAUSE--ENVCAUSE039__SEX--M,dcid:undata-geo/G00145000,2019,246.34788
dcs:who/AIR_7.AGE--Y_GE80__ENVCAUSE--ENVCAUSE113__SEX--M,dcid:undata-geo/G00145000,2019,671.24278
dcs:who/AIR_7.AGE--Y_GE80__ENVCAUSE--ENVCAUSE118__SEX--M,dcid:undata-geo/G00145000,2019,297.03386
dcs:who/AIR_7.AGE--Y55T59__ENVCAUSE--ENVCAUSE118__SEX--M,dcid:undata-geo/G00145000,2019,495.2717
dcs:who/AIR_7.AGE--Y40T44__ENVCAUSE--ENVCAUSE114__SEX--M,dcid:undata-geo/G00145000,2019,762.8258
dcs:who/AIR_7.AGE--Y75T79__ENVCAUSE--ENVCAUSE039__SEX--M,dcid:undata-geo/G00145000,2019,112.09736
dcs:who/AIR_7.AGE--Y65T69__ENVCAUSE--ENVCAUSE114__SEX--M,dcid:undata-geo/G00145000,2019,833.72198
dcs:who/AIR_7.AGE--Y75T79__ENVCAUSE--ENVCAUSE118__SEX--M,dcid:undata-geo/G00145000,2019,379.5674
dcs:who/AIR_7.AGE--Y50T54__ENVCAUSE--ENVCAUSE039__SEX--M,dcid:undata-geo/G00145000,2019,208.76557
dcs:who/AIR_7.ENVCAUSE--ENVCAUSE039__SEX--M,dcid:undata-geo/G00145000,2019,8321.27944
dcs:who/AIR_7.AGE--Y70T74__ENVCAUSE--ENVCAUSE118__SEX--M,dcid:undata-geo/G00145000,2019,543.12159
dcs:who/AIR_7.AGE--Y65T69__ENVCAUSE--ENVCAUSE039__SEX--M,dcid:undata-geo/G00145000,2019,230.57624
dcs:who/AIR_7.AGE--Y30T34__ENVCAUSE--ENVCAUSE068__SEX--M,dcid:undata-geo/G00145000,2019,4.1908
dcs:who/AIR_7.AGE--Y15T19__ENVCAUSE--ENVCAUSE039__SEX--M,dcid:undata-geo/G00145000,2019,148.87468
dcs:who/AIR_7.AGE--Y70T74__ENVCAUSE--ENVCAUSE039__SEX--M,dcid:undata-geo/G00145000,2019,164.72837
dcs:who/AIR_7.AGE--Y5T9__ENVCAUSE--ENVCAUSE039__SEX--M,dcid:undata-geo/G00145000,2019,256.07029
dcs:who/AIR_7.ENVCAUSE--ENVCAUSE118__SEX--M,dcid:undata-geo/G00145000,2019,4184.5072
dcs:who/AIR_7.AGE--Y45T49__ENVCAUSE--ENVCAUSE039__SEX--M,dcid:undata-geo/G00145000,2019,223.88192
dcs:who/AIR_7.AGE--Y75T79__ENVCAUSE--ENVCAUSE114__SEX--M,dcid:undata-geo/G00145000,2019,398.9843
dcs:who/AIR_7.AGE--Y_GE80__ENVCAUSE--ENVCAUSE114__SEX--M,dcid:undata-geo/G00145000,2019,284.67443
dcs:who/AIR_7.AGE--Y25T29__ENVCAUSE--ENVCAUSE118__SEX--M,dcid:undata-geo/G00145000,2019,79.32046
dcs:who/AIR_7.AGE--Y45T49__ENVCAUSE--ENVCAUSE039__SEX--F,dcid:undata-geo/G00145000,2019,142.38774
dcs:who/AIR_7.AGE--Y30T34__ENVCAUSE--ENVCAUSE039__SEX--F,dcid:undata-geo/G00145000,2019,122.86398
dcs:who/AIR_7.AGE--Y15T19__ENVCAUSE--ENVCAUSE039__SEX--F,dcid:undata-geo/G00145000,2019,113.57471
dcs:who/AIR_7.AGE--Y30T34__ENVCAUSE--ENVCAUSE068__SEX--F,dcid:undata-geo/G00145000,2019,5.89475
dcs:who/AIR_7.AGE--Y_GE80__ENVCAUSE--ENVCAUSE068__SEX--F,dcid:undata-geo/G00145000,2019,7.71685
dcs:who/AIR_7.AGE--Y50T54__ENVCAUSE--ENVCAUSE113__SEX--M,dcid:undata-geo/G00145000,2019,3978.84912
dcs:who/AIR_7.AGE--Y55T59__ENVCAUSE--ENVCAUSE118__SEX--F,dcid:undata-geo/G00145000,2019,457.82338
dcs:who/AIR_7.AGE--Y55T59__ENVCAUSE--ENVCAUSE113__SEX--M,dcid:undata-geo/G00145000,2019,3831.64989
dcs:who/AIR_7.AGE--Y30T34__ENVCAUSE--ENVCAUSE113__SEX--M,dcid:undata-geo/G00145000,2019,917.9194
dcs:who/AIR_7.AGE--Y_GE80__ENVCAUSE--ENVCAUSE039__SEX--F,dcid:undata-geo/G00145000,2019,146.23689
dcs:who/AIR_7.AGE--Y70T74__ENVCAUSE--ENVCAUSE068__SEX--F,dcid:undata-geo/G00145000,2019,27.81545
dcs:who/AIR_7.AGE--Y45T49__ENVCAUSE--ENVCAUSE068__SEX--F,dcid:undata-geo/G00145000,2019,17.14396
dcs:who/AIR_7.AGE--Y10T14__ENVCAUSE--ENVCAUSE039__SEX--F,dcid:undata-geo/G00145000,2019,97.65329
dcs:who/AIR_7.AGE--Y70T74__ENVCAUSE--ENVCAUSE118__SEX--F,dcid:undata-geo/G00145000,2019,538.27036
dcs:who/AIR_7.AGE--Y45T49__ENVCAUSE--ENVCAUSE113__SEX--M,dcid:undata-geo/G00145000,2019,3675.47603
dcs:who/AIR_7.AGE--Y65T69__ENVCAUSE--ENVCAUSE118__SEX--F,dcid:undata-geo/G00145000,2019,706.31296
dcs:who/AIR_7.AGE--Y50T54__ENVCAUSE--ENVCAUSE118__SEX--F,dcid:undata-geo/G00145000,2019,385.66561
dcs:who/AIR_7.AGE--Y60T64__ENVCAUSE--ENVCAUSE113__SEX--M,dcid:undata-geo/G00145000,2019,3358.02643
dcs:who/AIR_7.AGE--Y25T29__ENVCAUSE--ENVCAUSE039__SEX--F,dcid:undata-geo/G00145000,2019,131.81184
dcs:who/AIR_7.AGE--Y35T39__ENVCAUSE--ENVCAUSE068__SEX--F,dcid:undata-geo/G00145000,2019,0.29647
dcs:who/AIR_7.SEX--M,dcid:undata-geo/G00145000,2019,47232.05976
dcs:who/AIR_7.AGE--Y50T54__ENVCAUSE--ENVCAUSE068__SEX--F,dcid:undata-geo/G00145000,2019,27.927
dcs:who/AIR_7.ENVCAUSE--ENVCAUSE068__SEX--F,dcid:undata-geo/G00145000,2019,244.02655
dcs:who/AIR_7.AGE--Y70T74__ENVCAUSE--ENVCAUSE039__SEX--F,dcid:undata-geo/G00145000,2019,154.75895
dcs:who/AIR_7.AGE--Y5T9__ENVCAUSE--ENVCAUSE039__SEX--F,dcid:undata-geo/G00145000,2019,172.83218
dcs:who/AIR_7.ENVCAUSE--ENVCAUSE118__SEX--F,dcid:undata-geo/G00145000,2019,4187.28862
dcs:who/AIR_7.AGE--Y60T64__ENVCAUSE--ENVCAUSE118__SEX--F,dcid:undata-geo/G00145000,2019,602.96068
dcs:who/AIR_7.AGE--Y35T39__ENVCAUSE--ENVCAUSE039__SEX--F,dcid:undata-geo/G00145000,2019,217.05844
dcs:who/AIR_7.AGE--Y25T29__ENVCAUSE--ENVCAUSE068__SEX--F,dcid:undata-geo/G00145000,2019,0.13875
dcs:who/AIR_7.AGE--Y50T54__ENVCAUSE--ENVCAUSE039__SEX--F,dcid:undata-geo/G00145000,2019,186.95358
dcs:who/AIR_7.AGE--Y35T39__ENVCAUSE--ENVCAUSE113__SEX--M,dcid:undata-geo/G00145000,2019,1833.13986
dcs:who/AIR_7.AGE--Y20T24__ENVCAUSE--ENVCAUSE039__SEX--F,dcid:undata-geo/G00145000,2019,139.54202
dcs:who/AIR_7.AGE--Y_GE80__ENVCAUSE--ENVCAUSE118__SEX--F,dcid:undata-geo/G00145000,2019,273.00146
dcs:who/AIR_7.AGE--Y55T59__ENVCAUSE--ENVCAUSE068__SEX--F,dcid:undata-geo/G00145000,2019,42.47029
dcs:who/AIR_7.AGE--Y55T59__ENVCAUSE--ENVCAUSE039__SEX--F,dcid:undata-geo/G00145000,2019,191.16233
dcs:who/AIR_7.AGE--Y65T69__ENVCAUSE--ENVCAUSE068__SEX--F,dcid:undata-geo/G00145000,2019,44.0134
dcs:who/AIR_7.AGE--Y60T64__ENVCAUSE--ENVCAUSE039__SEX--F,dcid:undata-geo/G00145000,2019,188.07992
dcs:who/AIR_7.AGE--Y60T64__ENVCAUSE--ENVCAUSE068__SEX--F,dcid:undata-geo/G00145000,2019,52.18221
dcs:who/AIR_7.AGE--Y25T29__ENVCAUSE--ENVCAUSE113__SEX--M,dcid:undata-geo/G00145000,2019,394.42013
dcs:who/AIR_7.AGE--Y40T44__ENVCAUSE--ENVCAUSE039__SEX--F,dcid:undata-geo/G00145000,2019,130.35749
dcs:who/AIR_7.AGE--Y65T69__ENVCAUSE--ENVCAUSE039__SEX--F,dcid:undata-geo/G00145000,2019,173.66383
dcs:who/AIR_7.AGE--Y75T79__ENVCAUSE--ENVCAUSE118__SEX--F,dcid:undata-geo/G00145000,2019,354.80616
dcs:who/AIR_7.AGE--Y0T4__ENVCAUSE--ENVCAUSE039__SEX--F,dcid:undata-geo/G00145000,2019,2991.62048
dcs:who/AIR_7.AGE--Y40T44__ENVCAUSE--ENVCAUSE068__SEX--F,dcid:undata-geo/G00145000,2019,3.45028
dcs:who/AIR_7.AGE--Y75T79__ENVCAUSE--ENVCAUSE068__SEX--F,dcid:undata-geo/G00145000,2019,14.97714
dcs:who/AIR_7.AGE--Y75T79__ENVCAUSE--ENVCAUSE039__SEX--F,dcid:undata-geo/G00145000,2019,141.15082
dcs:who/AIR_7.AGE--Y40T44__ENVCAUSE--ENVCAUSE113__SEX--M,dcid:undata-geo/G00145000,2019,2772.7773
dcs:who/AIR_7.ENVCAUSE--ENVCAUSE039__SEX--F,dcid:undata-geo/G00145000,2019,5441.7085
dcs:who/AIR_7.AGE--Y75T79__ENVCAUSE--ENVCAUSE068,dcid:undata-geo/G00145000,2019,35.34932
dcs:who/AIR_7.AGE--Y70T74__ENVCAUSE--ENVCAUSE039,dcid:undata-geo/G00145000,2019,319.48732
dcs:who/AIR_7.AGE--Y45T49__ENVCAUSE--ENVCAUSE113__SEX--F,dcid:undata-geo/G00145000,2019,1213.13329
dcs:who/AIR_7.AGE--Y50T54__ENVCAUSE--ENVCAUSE113__SEX--F,dcid:undata-geo/G00145000,2019,1313.89905
dcs:who/AIR_7.AGE--Y45T49__ENVCAUSE--ENVCAUSE114__SEX--F,dcid:undata-geo/G00145000,2019,594.93229
dcs:who/AIR_7.AGE--Y_GE80__ENVCAUSE--ENVCAUSE113__SEX--F,dcid:undata-geo/G00145000,2019,733.14045
dcs:who/AIR_7.AGE--Y50T54__ENVCAUSE--ENVCAUSE068,dcid:undata-geo/G00145000,2019,86.04693
dcs:who/AIR_7.AGE--Y35T39__ENVCAUSE--ENVCAUSE118__SEX--F,dcid:undata-geo/G00145000,2019,172.16495
dcs:who/AIR_7.AGE--Y70T74__ENVCAUSE--ENVCAUSE113__SEX--F,dcid:undata-geo/G00145000,2019,1324.99731
dcs:who/AIR_7.AGE--Y30T34__ENVCAUSE--ENVCAUSE113__SEX--F,dcid:undata-geo/G00145000,2019,262.66779
dcs:who/AIR_7.AGE--Y_GE80__ENVCAUSE--ENVCAUSE039,dcid:undata-geo/G00145000,2019,263.87025
dcs:who/AIR_7.ENVCAUSE--ENVCAUSE113__SEX--F,dcid:undata-geo/G00145000,2019,12206.63024
dcs:who/AIR_7.AGE--Y60T64__ENVCAUSE--ENVCAUSE113__SEX--F,dcid:undata-geo/G00145000,2019,1815.94806
dcs:who/AIR_7.AGE--Y25T29__ENVCAUSE--ENVCAUSE113__SEX--F,dcid:undata-geo/G00145000,2019,129.3428
dcs:who/AIR_7.AGE--Y35T39__ENVCAUSE--ENVCAUSE114__SEX--F,dcid:undata-geo/G00145000,2019,384.33535
dcs:who/AIR_7.AGE--Y25T29__ENVCAUSE--ENVCAUSE114__SEX--F,dcid:undata-geo/G00145000,2019,181.26208
dcs:who/AIR_7.AGE--Y_GE80__ENVCAUSE--ENVCAUSE068,dcid:undata-geo/G00145000,2019,16.56602
dcs:who/AIR_7.AGE--Y40T44__ENVCAUSE--ENVCAUSE113__SEX--F,dcid:undata-geo/G00145000,2019,837.3072
dcs:who/AIR_7.AGE--Y40T44__ENVCAUSE--ENVCAUSE118__SEX--F,dcid:undata-geo/G00145000,2019,223.59281
dcs:who/AIR_7.AGE--Y30T34__ENVCAUSE--ENVCAUSE068,dcid:undata-geo/G00145000,2019,10.08556
dcs:who/AIR_7.AGE--Y75T79__ENVCAUSE--ENVCAUSE114__SEX--F,dcid:undata-geo/G00145000,2019,446.48437
dcs:who/AIR_7.AGE--Y55T59__ENVCAUSE--ENVCAUSE114__SEX--F,dcid:undata-geo/G00145000,2019,734.58452
dcs:who/AIR_7.AGE--Y65T69__ENVCAUSE--ENVCAUSE068,dcid:undata-geo/G00145000,2019,122.55438
dcs:who/AIR_7.AGE--Y35T39__ENVCAUSE--ENVCAUSE113__SEX--F,dcid:undata-geo/G00145000,2019,468.45062
dcs:who/AIR_7.AGE--Y45T49__ENVCAUSE--ENVCAUSE118__SEX--F,dcid:undata-geo/G00145000,2019,271.45455
dcs:who/AIR_7.AGE--Y65T69__ENVCAUSE--ENVCAUSE113__SEX--F,dcid:undata-geo/G00145000,2019,1597.18577
dcs:who/AIR_7.AGE--Y25T29__ENVCAUSE--ENVCAUSE068,dcid:undata-geo/G00145000,2019,2.292
dcs:who/AIR_7.AGE--Y55T59__ENVCAUSE--ENVCAUSE068,dcid:undata-geo/G00145000,2019,138.48593
dcs:who/AIR_7.ENVCAUSE--ENVCAUSE114__SEX--F,dcid:undata-geo/G00145000,2019,6160.01922
dcs:who/AIR_7.AGE--Y40T44__ENVCAUSE--ENVCAUSE068,dcid:undata-geo/G00145000,2019,13.78735
dcs:who/AIR_7.AGE--Y30T34__ENVCAUSE--ENVCAUSE114__SEX--F,dcid:undata-geo/G00145000,2019,199.09425
dcs:who/AIR_7.AGE--Y55T59__ENVCAUSE--ENVCAUSE113__SEX--F,dcid:undata-geo/G00145000,2019,1631.95989
dcs:who/AIR_7.AGE--Y75T79__ENVCAUSE--ENVCAUSE113__SEX--F,dcid:undata-geo/G00145000,2019,878.59801
dcs:who/AIR_7.AGE--Y65T69__ENVCAUSE--ENVCAUSE114__SEX--F,dcid:undata-geo/G00145000,2019,775.55063
dcs:who/AIR_7.ENVCAUSE--ENVCAUSE068,dcid:undata-geo/G00145000,2019,719.31078
dcs:who/AIR_7.AGE--Y70T74__ENVCAUSE--ENVCAUSE114__SEX--F,dcid:undata-geo/G00145000,2019,599.3411
dcs:who/AIR_7.AGE--Y30T34__ENVCAUSE--ENVCAUSE118__SEX--F,dcid:undata-geo/G00145000,2019,117.19077
dcs:who/AIR_7.AGE--Y60T64__ENVCAUSE--ENVCAUSE114__SEX--F,dcid:undata-geo/G00145000,2019,772.42771
dcs:who/AIR_7.AGE--Y35T39__ENVCAUSE--ENVCAUSE068,dcid:undata-geo/G00145000,2019,8.75711
dcs:who/AIR_7.AGE--Y75T79__ENVCAUSE--ENVCAUSE039,dcid:undata-geo/G00145000,2019,253.24818
dcs:who/AIR_7.AGE--Y70T74__ENVCAUSE--ENVCAUSE068,dcid:undata-geo/G00145000,2019,73.64478
dcs:who/AIR_7.AGE--Y45T49__ENVCAUSE--ENVCAUSE068,dcid:undata-geo/G00145000,2019,43.79717
dcs:who/AIR_7.AGE--Y65T69__ENVCAUSE--ENVCAUSE039,dcid:undata-geo/G00145000,2019,404.24007
dcs:who/AIR_7.AGE--Y50T54__ENVCAUSE--ENVCAUSE114__SEX--F,dcid:undata-geo/G00145000,2019,664.86113
dcs:who/AIR_7.AGE--Y_GE80__ENVCAUSE--ENVCAUSE114__SEX--F,dcid:undata-geo/G00145000,2019,335.92935
dcs:who/AIR_7.ENVCAUSE--ENVCAUSE039,dcid:undata-geo/G00145000,2019,13762.98793
dcs:who/AIR_7.AGE--Y60T64__ENVCAUSE--ENVCAUSE068,dcid:undata-geo/G00145000,2019,167.94423
dcs:who/AIR_7.AGE--Y40T44__ENVCAUSE--ENVCAUSE114__SEX--F,dcid:undata-geo/G00145000,2019,471.21645
dcs:who/AIR_7.AGE--Y25T29__ENVCAUSE--ENVCAUSE118__SEX--F,dcid:undata-geo/G00145000,2019,84.04492
dcs:who/AIR_7.SEX--F,dcid:undata-geo/G00145000,2019,28239.67312
dcs:who/AIR_7.AGE--Y10T14__ENVCAUSE--ENVCAUSE039,dcid:undata-geo/G00145000,2019,280.73655
dcs:who/AIR_7.AGE--Y45T49__ENVCAUSE--ENVCAUSE039,dcid:undata-geo/G00145000,2019,366.26966
dcs:who/AIR_7.AGE--Y75T79__ENVCAUSE--ENVCAUSE113,dcid:undata-geo/G00145000,2019,1803.98091
dcs:who/AIR_7.AGE--Y20T24__ENVCAUSE--ENVCAUSE039,dcid:undata-geo/G00145000,2019,294.21368
dcs:who/AIR_7.AGE--Y75T79__ENVCAUSE--ENVCAUSE114,dcid:undata-geo/G00145000,2019,845.46867
dcs:who/AIR_7.AGE--Y60T64__ENVCAUSE--ENVCAUSE118,dcid:undata-geo/G00145000,2019,1226.78766
dcs:who/AIR_7.AGE--Y_GE80__ENVCAUSE--ENVCAUSE114,dcid:undata-geo/G00145000,2019,620.60378
dcs:who/AIR_7.AGE--Y_GE80__ENVCAUSE--ENVCAUSE113,dcid:undata-geo/G00145000,2019,1404.38323
dcs:who/AIR_7.AGE--Y30T34__ENVCAUSE--ENVCAUSE039,dcid:undata-geo/G00145000,2019,336.91867
dcs:who/AIR_7.AGE--Y40T44__ENVCAUSE--ENVCAUSE114,dcid:undata-geo/G00145000,2019,1234.04225
dcs:who/AIR_7.AGE--Y40T44__ENVCAUSE--ENVCAUSE113,dcid:undata-geo/G00145000,2019,3610.08451
dcs:who/AIR_7.AGE--Y55T59__ENVCAUSE--ENVCAUSE039,dcid:undata-geo/G00145000,2019,416.29863
dcs:who/AIR_7.AGE--Y50T54__ENVCAUSE--ENVCAUSE039,dcid:undata-geo/G00145000,2019,395.71915
dcs:who/AIR_7.AGE--Y65T69__ENVCAUSE--ENVCAUSE118,dcid:undata-geo/G00145000,2019,1371.90921
dcs:who/AIR_7.AGE--Y30T34__ENVCAUSE--ENVCAUSE114,dcid:undata-geo/G00145000,2019,502.47665
dcs:who/AIR_7.AGE--Y60T64__ENVCAUSE--ENVCAUSE113,dcid:undata-geo/G00145000,2019,5173.9745
dcs:who/AIR_7.AGE--Y15T19__ENVCAUSE--ENVCAUSE039,dcid:undata-geo/G00145000,2019,262.44939
dcs:who/AIR_7.ENVCAUSE--ENVCAUSE114,dcid:undata-geo/G00145000,2019,14081.79467
dcs:who/AIR_7.AGE--Y5T9__ENVCAUSE--ENVCAUSE039,dcid:undata-geo/G00145000,2019,428.90246
dcs:who/AIR_7.AGE--Y40T44__ENVCAUSE--ENVCAUSE118,dcid:undata-geo/G00145000,2019,395.20994
dcs:who/AIR_7.AGE--Y65T69__ENVCAUSE--ENVCAUSE113,dcid:undata-geo/G00145000,2019,3975.80049
dcs:who/AIR_7.AGE--Y25T29__ENVCAUSE--ENVCAUSE118,dcid:undata-geo/G00145000,2019,163.36539
dcs:who/AIR_7.AGE--Y45T49__ENVCAUSE--ENVCAUSE113,dcid:undata-geo/G00145000,2019,4888.60931
dcs:who/AIR_7.AGE--Y25T29__ENVCAUSE--ENVCAUSE039,dcid:undata-geo/G00145000,2019,321.84801
dcs:who/AIR_7.AGE--Y35T39__ENVCAUSE--ENVCAUSE118,dcid:undata-geo/G00145000,2019,302.28754
dcs:who/AIR_7.ENVCAUSE--ENVCAUSE113,dcid:undata-geo/G00145000,2019,38535.84368
dcs:who/AIR_7.AGE--Y0T4__ENVCAUSE--ENVCAUSE039,dcid:undata-geo/G00145000,2019,8124.09209
dcs:who/AIR_7.AGE--Y70T74__ENVCAUSE--ENVCAUSE113,dcid:undata-geo/G00145000,2019,2916.71218
dcs:who/AIR_7.AGE--Y40T44__ENVCAUSE--ENVCAUSE039,dcid:undata-geo/G00145000,2019,381.4494
dcs:who/AIR_7.AGE--Y55T59__ENVCAUSE--ENVCAUSE114,dcid:undata-geo/G00145000,2019,1743.95418
dcs:who/AIR_7.AGE--Y45T49__ENVCAUSE--ENVCAUSE118,dcid:undata-geo/G00145000,2019,555.37824
dcs:who/AIR_7.AGE--Y60T64__ENVCAUSE--ENVCAUSE114,dcid:undata-geo/G00145000,2019,1764.116
dcs:who/AIR_7.AGE--Y_GE80__ENVCAUSE--ENVCAUSE118,dcid:undata-geo/G00145000,2019,570.03532
dcs:who/AIR_7.AGE--Y30T34__ENVCAUSE--ENVCAUSE118,dcid:undata-geo/G00145000,2019,227.19911
dcs:who/AIR_7.ENVCAUSE--ENVCAUSE118,dcid:undata-geo/G00145000,2019,8371.79582
dcs:who/AIR_7.AGE--Y50T54__ENVCAUSE--ENVCAUSE118,dcid:undata-geo/G00145000,2019,790.76282
dcs:who/AIR_7.AGE--Y35T39__ENVCAUSE--ENVCAUSE114,dcid:undata-geo/G00145000,2019,950.7886
dcs:who/AIR_7.AGE--Y70T74__ENVCAUSE--ENVCAUSE118,dcid:undata-geo/G00145000,2019,1081.39194
dcs:who/AIR_7.AGE--Y50T54__ENVCAUSE--ENVCAUSE114,dcid:undata-geo/G00145000,2019,1660.62304
dcs:who/AIR_7.AGE--Y55T59__ENVCAUSE--ENVCAUSE118,dcid:undata-geo/G00145000,2019,953.09508
dcs:who/AIR_7.AGE--Y65T69__ENVCAUSE--ENVCAUSE114,dcid:undata-geo/G00145000,2019,1609.27262
dcs:who/AIR_7.AGE--Y60T64__ENVCAUSE--ENVCAUSE039,dcid:undata-geo/G00145000,2019,449.83809
dcs:who/AIR_7.AGE--Y75T79__ENVCAUSE--ENVCAUSE118,dcid:undata-geo/G00145000,2019,734.37356
dcs:who/AIR_7.AGE--Y35T39__ENVCAUSE--ENVCAUSE039,dcid:undata-geo/G00145000,2019,463.40632
dcs:who/AIR_7.AGE--Y45T49__ENVCAUSE--ENVCAUSE114,dcid:undata-geo/G00145000,2019,1458.62567
dcs:who/AIR_7.AGE--Y25T29__ENVCAUSE--ENVCAUSE114,dcid:undata-geo/G00145000,2019,450.56581
dcs:who/AIR_7.AGE--Y55T59__ENVCAUSE--ENVCAUSE113,dcid:undata-geo/G00145000,2019,5463.60978
dcs:who/AIR_7.AGE--Y70T74__ENVCAUSE--ENVCAUSE114,dcid:undata-geo/G00145000,2019,1241.25741
dcs:who/AIR_7.AGE--Y50T54__ENVCAUSE--ENVCAUSE113,dcid:undata-geo/G00145000,2019,5292.74817
dcs:who/AIR_7.AGE--Y30T34__ENVCAUSE--ENVCAUSE113,dcid:undata-geo/G00145000,2019,1180.5872
dcs:who/AIR_7.AGE--Y25T29__ENVCAUSE--ENVCAUSE113,dcid:undata-geo/G00145000,2019,523.76293
dcs:who/AIR_7.AGE--Y35T39__ENVCAUSE--ENVCAUSE113,dcid:undata-geo/G00145000,2019,2301.59048
dcs:who/AIR_7,dcid:undata-geo/G00145000,2019,75471.73288
dcs:who/AIR_7.AGE--Y70T74__ENVCAUSE--ENVCAUSE068__SEX--M,dcid:undata-geo/G00160000,2019,278671.7135
dcs:who/AIR_7.AGE--Y5T9__ENVCAUSE--ENVCAUSE039__SEX--M,dcid:undata-geo/G00160000,2019,12259.16048
dcs:who/AIR_7.AGE--Y30T34__ENVCAUSE--ENVCAUSE118__SEX--M,dcid:undata-geo/G00160000,2019,15032.33962
dcs:who/AIR_7.AGE--Y70T74__ENVCAUSE--ENVCAUSE118__SEX--M,dcid:undata-geo/G00160000,2019,396988.4426
dcs:who/AIR_7.AGE--Y75T79__ENVCAUSE--ENVCAUSE039__SEX--M,dcid:undata-geo/G00160000,2019,99043.96569
dcs:who/AIR_7.AGE--Y25T29__ENVCAUSE--ENVCAUSE068__SEX--M,dcid:undata-geo/G00160000,2019,6892.8198
dcs:who/AIR_7.AGE--Y20T24__ENVCAUSE--ENVCAUSE039__SEX--M,dcid:undata-geo/G00160000,2019,15218.93835
dcs:who/AIR_7.AGE--Y65T69__ENVCAUSE--ENVCAUSE068__SEX--M,dcid:undata-geo/G00160000,2019,383332.1103
dcs:who/AIR_7.AGE--Y65T69__ENVCAUSE--ENVCAUSE039__SEX--M,dcid:undata-geo/G00160000,2019,93796.40425
dcs:who/AIR_7.AGE--Y60T64__ENVCAUSE--ENVCAUSE039__SEX--M,dcid:undata-geo/G00160000,2019,72217.7836
dcs:who/AIR_7.AGE--Y40T44__ENVCAUSE--ENVCAUSE068__SEX--M,dcid:undata-geo/G00160000,2019,54533.22873
dcs:who/AIR_7.AGE--Y55T59__ENVCAUSE--ENVCAUSE039__SEX--M,dcid:undata-geo/G00160000,2019,54433.32816
dcs:who/AIR_7.AGE--Y60T64__ENVCAUSE--ENVCAUSE118__SEX--M,dcid:undata-geo/G00160000,2019,221797.4847
dcs:who/AIR_7.AGE--Y55T59__ENVCAUSE--ENVCAUSE068__SEX--M,dcid:undata-geo/G00160000,2019,264539.5253
dcs:who/AIR_7.AGE--Y75T79__ENVCAUSE--ENVCAUSE114__SEX--M,dcid:undata-geo/G00160000,2019,609667.0846
dcs:who/AIR_7.AGE--Y50T54__ENVCAUSE--ENVCAUSE118__SEX--M,dcid:undata-geo/G00160000,2019,104272.6453
dcs:who/AIR_7.AGE--Y45T49__ENVCAUSE--ENVCAUSE068__SEX--M,dcid:undata-geo/G00160000,2019,112997.7766
dcs:who/AIR_7.AGE--Y15T19__ENVCAUSE--ENVCAUSE039__SEX--M,dcid:undata-geo/G00160000,2019,11949.07032
dcs:who/AIR_7.AGE--Y0T4__ENVCAUSE--ENVCAUSE039__SEX--M,dcid:undata-geo/G00160000,2019,362793.6536
dcs:who/AIR_7.AGE--Y35T39__ENVCAUSE--ENVCAUSE039__SEX--M,dcid:undata-geo/G00160000,2019,20891.64432
dcs:who/AIR_7.AGE--Y40T44__ENVCAUSE--ENVCAUSE039__SEX--M,dcid:undata-geo/G00160000,2019,24714.96976
dcs:who/AIR_7.AGE--Y45T49__ENVCAUSE--ENVCAUSE118__SEX--M,dcid:undata-geo/G00160000,2019,56447.13782
dcs:who/AIR_7.AGE--Y_GE80__ENVCAUSE--ENVCAUSE114__SEX--M,dcid:undata-geo/G00160000,2019,809479.4815
dcs:who/AIR_7.ENVCAUSE--ENVCAUSE118__SEX--M,dcid:undata-geo/G00160000,2019,2371191.346
dcs:who/AIR_7.AGE--Y65T69__ENVCAUSE--ENVCAUSE118__SEX--M,dcid:undata-geo/G00160000,2019,351712.6268
dcs:who/AIR_7.AGE--Y25T29__ENVCAUSE--ENVCAUSE039__SEX--M,dcid:undata-geo/G00160000,2019,18602.83471
dcs:who/AIR_7.AGE--Y40T44__ENVCAUSE--ENVCAUSE118__SEX--M,dcid:undata-geo/G00160000,2019,28598.24078
dcs:who/AIR_7.AGE--Y75T79__ENVCAUSE--ENVCAUSE118__SEX--M,dcid:undata-geo/G00160000,2019,384313.9009
dcs:who/AIR_7.AGE--Y10T14__ENVCAUSE--ENVCAUSE039__SEX--M,dcid:undata-geo/G00160000,2019,10327.31649
dcs:who/AIR_7.AGE--Y75T79__ENVCAUSE--ENVCAUSE068__SEX--M,dcid:undata-geo/G00160000,2019,178285.5177
dcs:who/AIR_7.AGE--Y35T39__ENVCAUSE--ENVCAUSE118__SEX--M,dcid:undata-geo/G00160000,2019,16547.1043
dcs:who/AIR_7.ENVCAUSE--ENVCAUSE114__SEX--M,dcid:undata-geo/G00160000,2019,5242610.292
dcs:who/AIR_7.AGE--Y25T29__ENVCAUSE--ENVCAUSE118__SEX--M,dcid:undata-geo/G00160000,2019,9110.25409
dcs:who/AIR_7.AGE--Y50T54__ENVCAUSE--ENVCAUSE068__SEX--M,dcid:undata-geo/G00160000,2019,202763.7033
dcs:who/AIR_7.AGE--Y55T59__ENVCAUSE--ENVCAUSE118__SEX--M,dcid:undata-geo/G00160000,2019,146695.062
dcs:who/AIR_7.AGE--Y_GE80__ENVCAUSE--ENVCAUSE118__SEX--M,dcid:undata-geo/G00160000,2019,639676.107
dcs:who/AIR_7.ENVCAUSE--ENVCAUSE068__SEX--M,dcid:undata-geo/G00160000,2019,1998788.472
dcs:who/AIR_7.AGE--Y50T54__ENVCAUSE--ENVCAUSE039__SEX--M,dcid:undata-geo/G00160000,2019,45876.61269
dcs:who/AIR_7.AGE--Y60T64__ENVCAUSE--ENVCAUSE068__SEX--M,dcid:undata-geo/G00160000,2019,322732.3272
dcs:who/AIR_7.AGE--Y_GE80__ENVCAUSE--ENVCAUSE068__SEX--M,dcid:undata-geo/G00160000,2019,149130.9826
dcs:who/AIR_7.AGE--Y30T34__ENVCAUSE--ENVCAUSE039__SEX--M,dcid:undata-geo/G00160000,2019,22964.41105
dcs:who/AIR_7.ENVCAUSE--ENVCAUSE039__SEX--M,dcid:undata-geo/G00160000,2019,1239942.469
dcs:who/AIR_7.AGE--Y70T74__ENVCAUSE--ENVCAUSE039__SEX--M,dcid:undata-geo/G00160000,2019,96741.48106
dcs:who/AIR_7.AGE--Y_GE80__ENVCAUSE--ENVCAUSE039__SEX--M,dcid:undata-geo/G00160000,2019,244772.7813
dcs:who/AIR_7.AGE--Y45T49__ENVCAUSE--ENVCAUSE039__SEX--M,dcid:undata-geo/G00160000,2019,33338.11312
dcs:who/AIR_7.AGE--Y30T34__ENVCAUSE--ENVCAUSE068__SEX--M,dcid:undata-geo/G00160000,2019,17751.48874
dcs:who/AIR_7.AGE--Y35T39__ENVCAUSE--ENVCAUSE068__SEX--M,dcid:undata-geo/G00160000,2019,27157.27791
dcs:who/AIR_7.ENVCAUSE--ENVCAUSE039__SEX--F,dcid:undata-geo/G00160000,2019,875618.6529
dcs:who/AIR_7.AGE--Y65T69__ENVCAUSE--ENVCAUSE068__SEX--F,dcid:undata-geo/G00160000,2019,150815.9788
dcs:who/AIR_7.AGE--Y20T24__ENVCAUSE--ENVCAUSE039__SEX--F,dcid:undata-geo/G00160000,2019,7972.36291
dcs:who/AIR_7.AGE--Y40T44__ENVCAUSE--ENVCAUSE113__SEX--M,dcid:undata-geo/G00160000,2019,274573.879
dcs:who/AIR_7.AGE--Y40T44__ENVCAUSE--ENVCAUSE039__SEX--F,dcid:undata-geo/G00160000,2019,11282.26644
dcs:who/AIR_7.AGE--Y_GE80__ENVCAUSE--ENVCAUSE068__SEX--F,dcid:undata-geo/G00160000,2019,85224.14893
dcs:who/AIR_7.ENVCAUSE--ENVCAUSE113__SEX--M,dcid:undata-geo/G00160000,2019,6206720.804
dcs:who/AIR_7.AGE--Y70T74__ENVCAUSE--ENVCAUSE068__SEX--F,dcid:undata-geo/G00160000,2019,114196.8086
dcs:who/AIR_7.AGE--Y60T64__ENVCAUSE--ENVCAUSE068__SEX--F,dcid:undata-geo/G00160000,2019,123989.0902
dcs:who/AIR_7.AGE--Y75T79__ENVCAUSE--ENVCAUSE039__SEX--F,dcid:undata-geo/G00160000,2019,67972.77962
dcs:who/AIR_7.AGE--Y55T59__ENVCAUSE--ENVCAUSE039__SEX--F,dcid:undata-geo/G00160000,2019,24679.19778
dcs:who/AIR_7.AGE--Y70T74__ENVCAUSE--ENVCAUSE039__SEX--F,dcid:undata-geo/G00160000,2019,57624.16435
dcs:who/AIR_7.AGE--Y35T39__ENVCAUSE--ENVCAUSE039__SEX--F,dcid:undata-geo/G00160000,2019,10446.89091
dcs:who/AIR_7.AGE--Y35T39__ENVCAUSE--ENVCAUSE113__SEX--M,dcid:undata-geo/G00160000,2019,172073.0444
dcs:who/AIR_7.AGE--Y30T34__ENVCAUSE--ENVCAUSE039__SEX--F,dcid:undata-geo/G00160000,2019,10330.99019
dcs:who/AIR_7.AGE--Y70T74__ENVCAUSE--ENVCAUSE113__SEX--M,dcid:undata-geo/G00160000,2019,719472.4553
dcs:who/AIR_7.AGE--Y30T34__ENVCAUSE--ENVCAUSE068__SEX--F,dcid:undata-geo/G00160000,2019,9752.13894
dcs:who/AIR_7.AGE--Y_GE80__ENVCAUSE--ENVCAUSE039__SEX--F,dcid:undata-geo/G00160000,2019,259053.0119
dcs:who/AIR_7.AGE--Y45T49__ENVCAUSE--ENVCAUSE039__SEX--F,dcid:undata-geo/G00160000,2019,15197.58259
dcs:who/AIR_7.AGE--Y0T4__ENVCAUSE--ENVCAUSE039__SEX--F,dcid:undata-geo/G00160000,2019,273814.5643
dcs:who/AIR_7.ENVCAUSE--ENVCAUSE068__SEX--F,dcid:undata-geo/G00160000,2019,856062.4169
dcs:who/AIR_7.AGE--Y30T34__ENVCAUSE--ENVCAUSE113__SEX--M,dcid:undata-geo/G00160000,2019,135122.6364
dcs:who/AIR_7.SEX--M,dcid:undata-geo/G00160000,2019,17059253.38
dcs:who/AIR_7.AGE--Y15T19__ENVCAUSE--ENVCAUSE039__SEX--F,dcid:undata-geo/G00160000,2019,7976.34964
dcs:who/AIR_7.AGE--Y25T29__ENVCAUSE--ENVCAUSE039__SEX--F,dcid:undata-geo/G00160000,2019,8977.32963
dcs:who/AIR_7.AGE--Y25T29__ENVCAUSE--ENVCAUSE113__SEX--M,dcid:undata-geo/G00160000,2019,61142.59877
dcs:who/AIR_7.AGE--Y35T39__ENVCAUSE--ENVCAUSE114__SEX--M,dcid:undata-geo/G00160000,2019,104090.1697
dcs:who/AIR_7.AGE--Y30T34__ENVCAUSE--ENVCAUSE114__SEX--M,dcid:undata-geo/G00160000,2019,78711.77092
dcs:who/AIR_7.AGE--Y40T44__ENVCAUSE--ENVCAUSE068__SEX--F,dcid:undata-geo/G00160000,2019,30566.88658
dcs:who/AIR_7.AGE--Y70T74__ENVCAUSE--ENVCAUSE114__SEX--M,dcid:undata-geo/G00160000,2019,730258.2792
dcs:who/AIR_7.AGE--Y55T59__ENVCAUSE--ENVCAUSE068__SEX--F,dcid:undata-geo/G00160000,2019,101866.1366
dcs:who/AIR_7.AGE--Y45T49__ENVCAUSE--ENVCAUSE113__SEX--M,dcid:undata-geo/G00160000,2019,404789.0432
dcs:who/AIR_7.AGE--Y25T29__ENVCAUSE--ENVCAUSE068__SEX--F,dcid:undata-geo/G00160000,2019,3858.6103
dcs:who/AIR_7.AGE--Y50T54__ENVCAUSE--ENVCAUSE113__SEX--M,dcid:undata-geo/G00160000,2019,569360.215
dcs:who/AIR_7.AGE--Y75T79__ENVCAUSE--ENVCAUSE068__SEX--F,dcid:undata-geo/G00160000,2019,80351.36434
dcs:who/AIR_7.AGE--Y50T54__ENVCAUSE--ENVCAUSE039__SEX--F,dcid:undata-geo/G00160000,2019,20679.59279
dcs:who/AIR_7.AGE--Y50T54__ENVCAUSE--ENVCAUSE114__SEX--M,dcid:undata-geo/G00160000,2019,438211.3171
dcs:who/AIR_7.AGE--Y65T69__ENVCAUSE--ENVCAUSE114__SEX--M,dcid:undata-geo/G00160000,2019,822615.8066
dcs:who/AIR_7.AGE--Y35T39__ENVCAUSE--ENVCAUSE068__SEX--F,dcid:undata-geo/G00160000,2019,14965.12051
dcs:who/AIR_7.AGE--Y75T79__ENVCAUSE--ENVCAUSE113__SEX--M,dcid:undata-geo/G00160000,2019,613469.7387
dcs:who/AIR_7.AGE--Y5T9__ENVCAUSE--ENVCAUSE039__SEX--F,dcid:undata-geo/G00160000,2019,11973.57854
dcs:who/AIR_7.AGE--Y25T29__ENVCAUSE--ENVCAUSE114__SEX--M,dcid:undata-geo/G00160000,2019,37721.60173
dcs:who/AIR_7.AGE--Y_GE80__ENVCAUSE--ENVCAUSE113__SEX--M,dcid:undata-geo/G00160000,2019,1087189.038
dcs:who/AIR_7.AGE--Y50T54__ENVCAUSE--ENVCAUSE068__SEX--F,dcid:undata-geo/G00160000,2019,86985.73446
dcs:who/AIR_7.AGE--Y45T49__ENVCAUSE--ENVCAUSE068__SEX--F,dcid:undata-geo/G00160000,2019,53490.39863
dcs:who/AIR_7.AGE--Y65T69__ENVCAUSE--ENVCAUSE039__SEX--F,dcid:undata-geo/G00160000,2019,47744.74379
dcs:who/AIR_7.AGE--Y40T44__ENVCAUSE--ENVCAUSE114__SEX--M,dcid:undata-geo/G00160000,2019,178328.173
dcs:who/AIR_7.AGE--Y65T69__ENVCAUSE--ENVCAUSE113__SEX--M,dcid:undata-geo/G00160000,2019,842971.3711
dcs:who/AIR_7.AGE--Y45T49__ENVCAUSE--ENVCAUSE114__SEX--M,dcid:undata-geo/G00160000,2019,285771.0964
dcs:who/AIR_7.AGE--Y60T64__ENVCAUSE--ENVCAUSE039__SEX--F,dcid:undata-geo/G00160000,2019,32771.73221
dcs:who/AIR_7.AGE--Y55T59__ENVCAUSE--ENVCAUSE113__SEX--M,dcid:undata-geo/G00160000,2019,624791.649
dcs:who/AIR_7.AGE--Y60T64__ENVCAUSE--ENVCAUSE113__SEX--M,dcid:undata-geo/G00160000,2019,701765.1347
dcs:who/AIR_7.AGE--Y60T64__ENVCAUSE--ENVCAUSE114__SEX--M,dcid:undata-geo/G00160000,2019,631419.8209
dcs:who/AIR_7.AGE--Y10T14__ENVCAUSE--ENVCAUSE039__SEX--F,dcid:undata-geo/G00160000,2019,7121.51526
dcs:who/AIR_7.AGE--Y55T59__ENVCAUSE--ENVCAUSE114__SEX--M,dcid:undata-geo/G00160000,2019,516335.69
dcs:who/AIR_7.AGE--Y75T79__ENVCAUSE--ENVCAUSE118__SEX--F,dcid:undata-geo/G00160000,2019,278876.8317
dcs:who/AIR_7.AGE--Y30T34__ENVCAUSE--ENVCAUSE068,dcid:undata-geo/G00160000,2019,27503.62769
dcs:who/AIR_7.AGE--Y75T79__ENVCAUSE--ENVCAUSE114__SEX--F,dcid:undata-geo/G00160000,2019,494688.8569
dcs:who/AIR_7.AGE--Y55T59__ENVCAUSE--ENVCAUSE118__SEX--F,dcid:undata-geo/G00160000,2019,97074.79974
dcs:who/AIR_7.AGE--Y65T69__ENVCAUSE--ENVCAUSE114__SEX--F,dcid:undata-geo/G00160000,2019,545387.8964
dcs:who/AIR_7.AGE--Y_GE80__ENVCAUSE--ENVCAUSE118__SEX--F,dcid:undata-geo/G00160000,2019,598335.5596
dcs:who/AIR_7.AGE--Y50T54__ENVCAUSE--ENVCAUSE113__SEX--F,dcid:undata-geo/G00160000,2019,203428.8899
dcs:who/AIR_7.AGE--Y45T49__ENVCAUSE--ENVCAUSE118__SEX--F,dcid:undata-geo/G00160000,2019,43344.18562
dcs:who/AIR_7.AGE--Y55T59__ENVCAUSE--ENVCAUSE113__SEX--F,dcid:undata-geo/G00160000,2019,251159.0734
dcs:who/AIR_7.AGE--Y40T44__ENVCAUSE--ENVCAUSE068,dcid:undata-geo/G00160000,2019,85100.11532
dcs:who/AIR_7.AGE--Y_GE80__ENVCAUSE--ENVCAUSE114__SEX--F,dcid:undata-geo/G00160000,2019,883987.8068
dcs:who/AIR_7.AGE--Y55T59__ENVCAUSE--ENVCAUSE068,dcid:undata-geo/G00160000,2019,366405.662
dcs:who/AIR_7.AGE--Y_GE80__ENVCAUSE--ENVCAUSE068,dcid:undata-geo/G00160000,2019,234355.1315
dcs:who/AIR_7.AGE--Y45T49__ENVCAUSE--ENVCAUSE068,dcid:undata-geo/G00160000,2019,166488.1752
dcs:who/AIR_7.AGE--Y25T29__ENVCAUSE--ENVCAUSE114__SEX--F,dcid:undata-geo/G00160000,2019,18910.41834
dcs:who/AIR_7.AGE--Y70T74__ENVCAUSE--ENVCAUSE114__SEX--F,dcid:undata-geo/G00160000,2019,539654.6361
dcs:who/AIR_7.AGE--Y35T39__ENVCAUSE--ENVCAUSE114__SEX--F,dcid:undata-geo/G00160000,2019,41435.84858
dcs:who/AIR_7.AGE--Y55T59__ENVCAUSE--ENVCAUSE114__SEX--F,dcid:undata-geo/G00160000,2019,276540.1153
dcs:who/AIR_7.AGE--Y_GE80__ENVCAUSE--ENVCAUSE113__SEX--F,dcid:undata-geo/G00160000,2019,1260106.656
dcs:who/AIR_7.AGE--Y65T69__ENVCAUSE--ENVCAUSE113__SEX--F,dcid:undata-geo/G00160000,2019,503964.0329
dcs:who/AIR_7.AGE--Y60T64__ENVCAUSE--ENVCAUSE114__SEX--F,dcid:undata-geo/G00160000,2019,366407.2857
dcs:who/AIR_7.AGE--Y65T69__ENVCAUSE--ENVCAUSE118__SEX--F,dcid:undata-geo/G00160000,2019,236068.7788
dcs:who/AIR_7.AGE--Y60T64__ENVCAUSE--ENVCAUSE118__SEX--F,dcid:undata-geo/G00160000,2019,142563.3183
dcs:who/AIR_7.AGE--Y25T29__ENVCAUSE--ENVCAUSE113__SEX--F,dcid:undata-geo/G00160000,2019,18642.62519
dcs:who/AIR_7.AGE--Y65T69__ENVCAUSE--ENVCAUSE068,dcid:undata-geo/G00160000,2019,534148.0891
dcs:who/AIR_7.AGE--Y45T49__ENVCAUSE--ENVCAUSE114__SEX--F,dcid:undata-geo/G00160000,2019,133268.4624
dcs:who/AIR_7.AGE--Y45T49__ENVCAUSE--ENVCAUSE113__SEX--F,dcid:undata-geo/G00160000,2019,129335.5227
dcs:who/AIR_7.AGE--Y25T29__ENVCAUSE--ENVCAUSE118__SEX--F,dcid:undata-geo/G00160000,2019,10083.78303
dcs:who/AIR_7.AGE--Y75T79__ENVCAUSE--ENVCAUSE068,dcid:undata-geo/G00160000,2019,258636.882
dcs:who/AIR_7.AGE--Y70T74__ENVCAUSE--ENVCAUSE113__SEX--F,dcid:undata-geo/G00160000,2019,509026.7467
dcs:who/AIR_7.ENVCAUSE--ENVCAUSE039,dcid:undata-geo/G00160000,2019,2115561.122
dcs:who/AIR_7.ENVCAUSE--ENVCAUSE118__SEX--F,dcid:undata-geo/G00160000,2019,1806904.953
dcs:who/AIR_7.AGE--Y30T34__ENVCAUSE--ENVCAUSE113__SEX--F,dcid:undata-geo/G00160000,2019,35209.74894
dcs:who/AIR_7.AGE--Y70T74__ENVCAUSE--ENVCAUSE118__SEX--F,dcid:undata-geo/G00160000,2019,271350.4163
dcs:who/AIR_7.AGE--Y30T34__ENVCAUSE--ENVCAUSE118__SEX--F,dcid:undata-geo/G00160000,2019,15459.64816
dcs:who/AIR_7.AGE--Y40T44__ENVCAUSE--ENVCAUSE118__SEX--F,dcid:undata-geo/G00160000,2019,23104.16543
dcs:who/AIR_7.AGE--Y60T64__ENVCAUSE--ENVCAUSE113__SEX--F,dcid:undata-geo/G00160000,2019,344845.7413
dcs:who/AIR_7.AGE--Y50T54__ENVCAUSE--ENVCAUSE118__SEX--F,dcid:undata-geo/G00160000,2019,74886.11584
dcs:who/AIR_7.ENVCAUSE--ENVCAUSE114__SEX--F,dcid:undata-geo/G00160000,2019,3633159.727
dcs:who/AIR_7.AGE--Y75T79__ENVCAUSE--ENVCAUSE113__SEX--F,dcid:undata-geo/G00160000,2019,497243.3237
dcs:who/AIR_7.ENVCAUSE--ENVCAUSE113__SEX--F,dcid:undata-geo/G00160000,2019,3872725.857
dcs:who/AIR_7.AGE--Y35T39__ENVCAUSE--ENVCAUSE068,dcid:undata-geo/G00160000,2019,42122.39842
dcs:who/AIR_7.AGE--Y35T39__ENVCAUSE--ENVCAUSE118__SEX--F,dcid:undata-geo/G00160000,2019,15757.35083
dcs:who/AIR_7.AGE--Y35T39__ENVCAUSE--ENVCAUSE113__SEX--F,dcid:undata-geo/G00160000,2019,43616.18254
dcs:who/AIR_7.AGE--Y60T64__ENVCAUSE--ENVCAUSE068,dcid:undata-geo/G00160000,2019,446721.4173
dcs:who/AIR_7.AGE--Y50T54__ENVCAUSE--ENVCAUSE068,dcid:undata-geo/G00160000,2019,289749.4377
dcs:who/AIR_7.AGE--Y50T54__ENVCAUSE--ENVCAUSE114__SEX--F,dcid:undata-geo/G00160000,2019,227969.9011
dcs:who/AIR_7.AGE--Y25T29__ENVCAUSE--ENVCAUSE068,dcid:undata-geo/G00160000,2019,10751.43009
dcs:who/AIR_7.AGE--Y30T34__ENVCAUSE--ENVCAUSE114__SEX--F,dcid:undata-geo/G00160000,2019,32199.68034
dcs:who/AIR_7.AGE--Y40T44__ENVCAUSE--ENVCAUSE113__SEX--F,dcid:undata-geo/G00160000,2019,76147.31354
dcs:who/AIR_7.AGE--Y70T74__ENVCAUSE--ENVCAUSE068,dcid:undata-geo/G00160000,2019,392868.5221
dcs:who/AIR_7.AGE--Y_GE80__ENVCAUSE--ENVCAUSE039,dcid:undata-geo/G00160000,2019,503825.7933
dcs:who/AIR_7.SEX--F,dcid:undata-geo/G00160000,2019,11044471.61
dcs:who/AIR_7.ENVCAUSE--ENVCAUSE068,dcid:undata-geo/G00160000,2019,2854850.888
dcs:who/AIR_7.AGE--Y40T44__ENVCAUSE--ENVCAUSE114__SEX--F,dcid:undata-geo/G00160000,2019,72708.81942
dcs:who/AIR_7.AGE--Y30T34__ENVCAUSE--ENVCAUSE114,dcid:undata-geo/G00160000,2019,110911.4513
dcs:who/AIR_7.AGE--Y70T74__ENVCAUSE--ENVCAUSE039,dcid:undata-geo/G00160000,2019,154365.6454
dcs:who/AIR_7.AGE--Y50T54__ENVCAUSE--ENVCAUSE118,dcid:undata-geo/G00160000,2019,179158.7611
dcs:who/AIR_7.AGE--Y35T39__ENVCAUSE--ENVCAUSE118,dcid:undata-geo/G00160000,2019,32304.45513
dcs:who/AIR_7.AGE--Y60T64__ENVCAUSE--ENVCAUSE114,dcid:undata-geo/G00160000,2019,997827.1067
dcs:who/AIR_7.AGE--Y55T59__ENVCAUSE--ENVCAUSE114,dcid:undata-geo/G00160000,2019,792875.8053
dcs:who/AIR_7.AGE--Y70T74__ENVCAUSE--ENVCAUSE113,dcid:undata-geo/G00160000,2019,1228499.202
dcs:who/AIR_7.AGE--Y60T64__ENVCAUSE--ENVCAUSE113,dcid:undata-geo/G00160000,2019,1046610.876
dcs:who/AIR_7.AGE--Y35T39__ENVCAUSE--ENVCAUSE114,dcid:undata-geo/G00160000,2019,145526.0182
dcs:who/AIR_7.AGE--Y55T59__ENVCAUSE--ENVCAUSE113,dcid:undata-geo/G00160000,2019,875950.7225
dcs:who/AIR_7.AGE--Y25T29__ENVCAUSE--ENVCAUSE114,dcid:undata-geo/G00160000,2019,56632.02007
dcs:who/AIR_7.AGE--Y55T59__ENVCAUSE--ENVCAUSE039,dcid:undata-geo/G00160000,2019,79112.52595
dcs:who/AIR_7.ENVCAUSE--ENVCAUSE113,dcid:undata-geo/G00160000,2019,10079446.66
dcs:who/AIR_7.AGE--Y75T79__ENVCAUSE--ENVCAUSE113,dcid:undata-geo/G00160000,2019,1110713.062
dcs:who/AIR_7.AGE--Y0T4__ENVCAUSE--ENVCAUSE039,dcid:undata-geo/G00160000,2019,636608.218
dcs:who/AIR_7.AGE--Y45T49__ENVCAUSE--ENVCAUSE039,dcid:undata-geo/G00160000,2019,48535.6957
dcs:who/AIR_7.AGE--Y75T79__ENVCAUSE--ENVCAUSE039,dcid:undata-geo/G00160000,2019,167016.7453
dcs:who/AIR_7.AGE--Y70T74__ENVCAUSE--ENVCAUSE114,dcid:undata-geo/G00160000,2019,1269912.915
dcs:who/AIR_7.AGE--Y65T69__ENVCAUSE--ENVCAUSE113,dcid:undata-geo/G00160000,2019,1346935.404
dcs:who/AIR_7.AGE--Y_GE80__ENVCAUSE--ENVCAUSE114,dcid:undata-geo/G00160000,2019,1693467.288
dcs:who/AIR_7.AGE--Y10T14__ENVCAUSE--ENVCAUSE039,dcid:undata-geo/G00160000,2019,17448.83175
dcs:who/AIR_7.ENVCAUSE--ENVCAUSE114,dcid:undata-geo/G00160000,2019,8875770.019
dcs:who/AIR_7.AGE--Y25T29__ENVCAUSE--ENVCAUSE118,dcid:undata-geo/G00160000,2019,19194.03712
dcs:who/AIR_7.AGE--Y55T59__ENVCAUSE--ENVCAUSE118,dcid:undata-geo/G00160000,2019,243769.8617
dcs:who/AIR_7.AGE--Y65T69__ENVCAUSE--ENVCAUSE039,dcid:undata-geo/G00160000,2019,141541.148
dcs:who/AIR_7.AGE--Y15T19__ENVCAUSE--ENVCAUSE039,dcid:undata-geo/G00160000,2019,19925.41996
dcs:who/AIR_7.AGE--Y45T49__ENVCAUSE--ENVCAUSE114,dcid:undata-geo/G00160000,2019,419039.5588
dcs:who/AIR_7.AGE--Y65T69__ENVCAUSE--ENVCAUSE114,dcid:undata-geo/G00160000,2019,1368003.703
dcs:who/AIR_7.AGE--Y40T44__ENVCAUSE--ENVCAUSE118,dcid:undata-geo/G00160000,2019,51702.40622
dcs:who/AIR_7.AGE--Y40T44__ENVCAUSE--ENVCAUSE039,dcid:undata-geo/G00160000,2019,35997.2362
dcs:who/AIR_7.AGE--Y70T74__ENVCAUSE--ENVCAUSE118,dcid:undata-geo/G00160000,2019,668338.8589
dcs:who/AIR_7.AGE--Y_GE80__ENVCAUSE--ENVCAUSE118,dcid:undata-geo/G00160000,2019,1238011.667
dcs:who/AIR_7.AGE--Y50T54__ENVCAUSE--ENVCAUSE039,dcid:undata-geo/G00160000,2019,66556.20548
dcs:who/AIR_7.AGE--Y40T44__ENVCAUSE--ENVCAUSE114,dcid:undata-geo/G00160000,2019,251036.9924
dcs:who/AIR_7.AGE--Y30T34__ENVCAUSE--ENVCAUSE039,dcid:undata-geo/G00160000,2019,33295.40124
dcs:who/AIR_7.AGE--Y20T24__ENVCAUSE--ENVCAUSE039,dcid:undata-geo/G00160000,2019,23191.30126
dcs:who/AIR_7.AGE--Y50T54__ENVCAUSE--ENVCAUSE114,dcid:undata-geo/G00160000,2019,666181.2183
dcs:who/AIR_7.AGE--Y60T64__ENVCAUSE--ENVCAUSE118,dcid:undata-geo/G00160000,2019,364360.803
dcs:who/AIR_7.AGE--Y30T34__ENVCAUSE--ENVCAUSE118,dcid:undata-geo/G00160000,2019,30491.98778
dcs:who/AIR_7.ENVCAUSE--ENVCAUSE118,dcid:undata-geo/G00160000,2019,4178096.299
dcs:who/AIR_7.AGE--Y35T39__ENVCAUSE--ENVCAUSE039,dcid:undata-geo/G00160000,2019,31338.53523
dcs:who/AIR_7.AGE--Y60T64__ENVCAUSE--ENVCAUSE039,dcid:undata-geo/G00160000,2019,104989.5158
dcs:who/AIR_7.AGE--Y5T9__ENVCAUSE--ENVCAUSE039,dcid:undata-geo/G00160000,2019,24232.73902
dcs:who/AIR_7.AGE--Y75T79__ENVCAUSE--ENVCAUSE114,dcid:undata-geo/G00160000,2019,1104355.942
dcs:who/AIR_7.AGE--Y65T69__ENVCAUSE--ENVCAUSE118,dcid:undata-geo/G00160000,2019,587781.4055
dcs:who/AIR_7.AGE--Y_GE80__ENVCAUSE--ENVCAUSE113,dcid:undata-geo/G00160000,2019,2347295.695
dcs:who/AIR_7.AGE--Y45T49__ENVCAUSE--ENVCAUSE118,dcid:undata-geo/G00160000,2019,99791.32344
dcs:who/AIR_7.AGE--Y25T29__ENVCAUSE--ENVCAUSE039,dcid:undata-geo/G00160000,2019,27580.16434
dcs:who/AIR_7.AGE--Y75T79__ENVCAUSE--ENVCAUSE118,dcid:undata-geo/G00160000,2019,663190.7326
dcs:who/AIR_7.AGE--Y35T39__ENVCAUSE--ENVCAUSE113,dcid:undata-geo/G00160000,2019,215689.2269
dcs:who/AIR_7.AGE--Y50T54__ENVCAUSE--ENVCAUSE113,dcid:undata-geo/G00160000,2019,772789.1049
dcs:who/AIR_7.AGE--Y25T29__ENVCAUSE--ENVCAUSE113,dcid:undata-geo/G00160000,2019,79785.22396
dcs:who/AIR_7.AGE--Y40T44__ENVCAUSE--ENVCAUSE113,dcid:undata-geo/G00160000,2019,350721.1925
dcs:who/AIR_7.AGE--Y30T34__ENVCAUSE--ENVCAUSE113,dcid:undata-geo/G00160000,2019,170332.3854
dcs:who/AIR_7,dcid:undata-geo/G00160000,2019,28103724.99
dcs:who/AIR_7.AGE--Y45T49__ENVCAUSE--ENVCAUSE113,dcid:undata-geo/G00160000,2019,534124.5659
