SERIES,GEOGRAPHY,TIME_PERIOD,OBS_VALUE
dcs:who/HEMOGLOBINLEVEL_NONPREGNANT_MEAN,dcid:Earth,2012,127.0
dcs:who/HEMOGLOBINLEVEL_NONPREGNANT_MEAN,dcid:Earth,2014,127.0
dcs:who/HEMOGLOBINLEVEL_NONPREGNANT_MEAN,dcid:Earth,2015,127.0
dcs:who/HEMOGLOBINLEVEL_NONPREGNANT_MEAN,dcid:Earth,2007,126.0
dcs:who/HEMOGLOBINLEVEL_NONPREGNANT_MEAN,dcid:Earth,2010,127.0
dcs:who/HEMOGLOBINLEVEL_NONPREGNANT_MEAN,dcid:Earth,2013,127.0
dcs:who/HEMOGLOBINLEVEL_NONPREGNANT_MEAN,dcid:Earth,2001,126.0
dcs:who/HEMOGLOBINLEVEL_NONPREGNANT_MEAN,dcid:Earth,2016,127.0
dcs:who/HEMOGLOBINLEVEL_NONPREGNANT_MEAN,dcid:Earth,2011,127.0
dcs:who/HEMOGLOBINLEVEL_NONPREGNANT_MEAN,dcid:Earth,2018,126.0
dcs:who/HEMOGLOBINLEVEL_NONPREGNANT_MEAN,dcid:Earth,2009,127.0
dcs:who/HEMOGLOBINLEVEL_NONPREGNANT_MEAN,dcid:Earth,2000,126.0
dcs:who/HEMOGLOBINLEVEL_NONPREGNANT_MEAN,dcid:Earth,2019,126.0
dcs:who/HEMOGLOBINLEVEL_NONPREGNANT_MEAN,dcid:Earth,2017,126.0
dcs:who/HEMOGLOBINLEVEL_NONPREGNANT_MEAN,dcid:Earth,2004,126.0
dcs:who/HEMOGLOBINLEVEL_NONPREGNANT_MEAN,dcid:Earth,2005,126.0
dcs:who/HEMOGLOBINLEVEL_NONPREGNANT_MEAN,dcid:Earth,2006,126.0
dcs:who/HEMOGLOBINLEVEL_NONPREGNANT_MEAN,dcid:Earth,2003,126.0
dcs:who/HEMOGLOBINLEVEL_NONPREGNANT_MEAN,dcid:Earth,2008,126.0
dcs:who/HEMOGLOBINLEVEL_NONPREGNANT_MEAN,dcid:Earth,2002,126.0
dcs:who/HEMOGLOBINLEVEL_NONPREGNANT_MEAN,dcid:SouthEasternAsia,2000,119.0
dcs:who/HEMOGLOBINLEVEL_NONPREGNANT_MEAN,dcid:SouthEasternAsia,2011,120.0
dcs:who/HEMOGLOBINLEVEL_NONPREGNANT_MEAN,dcid:SouthEasternAsia,2008,119.0
dcs:who/HEMOGLOBINLEVEL_NONPREGNANT_MEAN,dcid:SouthEasternAsia,2009,120.0
dcs:who/HEMOGLOBINLEVEL_NONPREGNANT_MEAN,dcid:SouthEasternAsia,2015,120.0
dcs:who/HEMOGLOBINLEVEL_NONPREGNANT_MEAN,dcid:SouthEasternAsia,2005,119.0
dcs:who/HEMOGLOBINLEVEL_NONPREGNANT_MEAN,dcid:SouthEasternAsia,2010,120.0
dcs:who/HEMOGLOBINLEVEL_NONPREGNANT_MEAN,dcid:SouthEasternAsia,2019,120.0
dcs:who/HEMOGLOBINLEVEL_NONPREGNANT_MEAN,dcid:SouthEasternAsia,2003,119.0
dcs:who/HEMOGLOBINLEVEL_NONPREGNANT_MEAN,dcid:SouthEasternAsia,2016,120.0
dcs:who/HEMOGLOBINLEVEL_NONPREGNANT_MEAN,dcid:SouthEasternAsia,2013,120.0
dcs:who/HEMOGLOBINLEVEL_NONPREGNANT_MEAN,dcid:SouthEasternAsia,2017,120.0
dcs:who/HEMOGLOBINLEVEL_NONPREGNANT_MEAN,dcid:SouthEasternAsia,2001,119.0
dcs:who/HEMOGLOBINLEVEL_NONPREGNANT_MEAN,dcid:SouthEasternAsia,2012,120.0
dcs:who/HEMOGLOBINLEVEL_NONPREGNANT_MEAN,dcid:SouthEasternAsia,2014,120.0
dcs:who/HEMOGLOBINLEVEL_NONPREGNANT_MEAN,dcid:SouthEasternAsia,2007,119.0
dcs:who/HEMOGLOBINLEVEL_NONPREGNANT_MEAN,dcid:SouthEasternAsia,2004,119.0
dcs:who/HEMOGLOBINLEVEL_NONPREGNANT_MEAN,dcid:SouthEasternAsia,2018,120.0
dcs:who/HEMOGLOBINLEVEL_NONPREGNANT_MEAN,dcid:SouthEasternAsia,2006,119.0
dcs:who/HEMOGLOBINLEVEL_NONPREGNANT_MEAN,dcid:SouthEasternAsia,2002,119.0
dcs:who/HEMOGLOBINLEVEL_NONPREGNANT_MEAN,dcid:africa,2004,121.0
dcs:who/HEMOGLOBINLEVEL_NONPREGNANT_MEAN,dcid:africa,2012,123.0
dcs:who/HEMOGLOBINLEVEL_NONPREGNANT_MEAN,dcid:africa,2000,120.0
dcs:who/HEMOGLOBINLEVEL_NONPREGNANT_MEAN,dcid:africa,2010,122.0
dcs:who/HEMOGLOBINLEVEL_NONPREGNANT_MEAN,dcid:africa,2011,123.0
dcs:who/HEMOGLOBINLEVEL_NONPREGNANT_MEAN,dcid:africa,2009,122.0
dcs:who/HEMOGLOBINLEVEL_NONPREGNANT_MEAN,dcid:africa,2018,123.0
dcs:who/HEMOGLOBINLEVEL_NONPREGNANT_MEAN,dcid:africa,2019,123.0
dcs:who/HEMOGLOBINLEVEL_NONPREGNANT_MEAN,dcid:africa,2002,121.0
dcs:who/HEMOGLOBINLEVEL_NONPREGNANT_MEAN,dcid:africa,2017,123.0
dcs:who/HEMOGLOBINLEVEL_NONPREGNANT_MEAN,dcid:africa,2014,123.0
dcs:who/HEMOGLOBINLEVEL_NONPREGNANT_MEAN,dcid:africa,2008,122.0
dcs:who/HEMOGLOBINLEVEL_NONPREGNANT_MEAN,dcid:africa,2015,123.0
dcs:who/HEMOGLOBINLEVEL_NONPREGNANT_MEAN,dcid:africa,2001,121.0
dcs:who/HEMOGLOBINLEVEL_NONPREGNANT_MEAN,dcid:africa,2007,122.0
dcs:who/HEMOGLOBINLEVEL_NONPREGNANT_MEAN,dcid:africa,2013,123.0
dcs:who/HEMOGLOBINLEVEL_NONPREGNANT_MEAN,dcid:africa,2003,121.0
dcs:who/HEMOGLOBINLEVEL_NONPREGNANT_MEAN,dcid:africa,2006,121.0
dcs:who/HEMOGLOBINLEVEL_NONPREGNANT_MEAN,dcid:africa,2005,121.0
dcs:who/HEMOGLOBINLEVEL_NONPREGNANT_MEAN,dcid:africa,2016,123.0
dcs:who/HEMOGLOBINLEVEL_NONPREGNANT_MEAN,dcid:country/AFG,2014,123.0
dcs:who/HEMOGLOBINLEVEL_NONPREGNANT_MEAN,dcid:country/AFG,2001,125.0
dcs:who/HEMOGLOBINLEVEL_NONPREGNANT_MEAN,dcid:country/AFG,2012,123.0
dcs:who/HEMOGLOBINLEVEL_NONPREGNANT_MEAN,dcid:country/AFG,2008,124.0
dcs:who/HEMOGLOBINLEVEL_NONPREGNANT_MEAN,dcid:country/AFG,2003,124.0
dcs:who/HEMOGLOBINLEVEL_NONPREGNANT_MEAN,dcid:country/AFG,2013,123.0
dcs:who/HEMOGLOBINLEVEL_NONPREGNANT_MEAN,dcid:country/AFG,2007,124.0
dcs:who/HEMOGLOBINLEVEL_NONPREGNANT_MEAN,dcid:country/AFG,2000,125.0
dcs:who/HEMOGLOBINLEVEL_NONPREGNANT_MEAN,dcid:country/AFG,2005,124.0
dcs:who/HEMOGLOBINLEVEL_NONPREGNANT_MEAN,dcid:country/AFG,2011,123.0
dcs:who/HEMOGLOBINLEVEL_NONPREGNANT_MEAN,dcid:country/AFG,2015,122.0
dcs:who/HEMOGLOBINLEVEL_NONPREGNANT_MEAN,dcid:country/AFG,2002,125.0
dcs:who/HEMOGLOBINLEVEL_NONPREGNANT_MEAN,dcid:country/AFG,2010,123.0
dcs:who/HEMOGLOBINLEVEL_NONPREGNANT_MEAN,dcid:country/AFG,2004,124.0
dcs:who/HEMOGLOBINLEVEL_NONPREGNANT_MEAN,dcid:country/AFG,2019,121.0
dcs:who/HEMOGLOBINLEVEL_NONPREGNANT_MEAN,dcid:country/AFG,2016,122.0
dcs:who/HEMOGLOBINLEVEL_NONPREGNANT_MEAN,dcid:country/AFG,2017,122.0
dcs:who/HEMOGLOBINLEVEL_NONPREGNANT_MEAN,dcid:country/AFG,2009,124.0
dcs:who/HEMOGLOBINLEVEL_NONPREGNANT_MEAN,dcid:country/AFG,2006,124.0
dcs:who/HEMOGLOBINLEVEL_NONPREGNANT_MEAN,dcid:country/AFG,2018,121.0
dcs:who/HEMOGLOBINLEVEL_NONPREGNANT_MEAN,dcid:country/AGO,2015,121.0
dcs:who/HEMOGLOBINLEVEL_NONPREGNANT_MEAN,dcid:country/AGO,2008,120.0
dcs:who/HEMOGLOBINLEVEL_NONPREGNANT_MEAN,dcid:country/AGO,2007,119.0
dcs:who/HEMOGLOBINLEVEL_NONPREGNANT_MEAN,dcid:country/AGO,2013,121.0
dcs:who/HEMOGLOBINLEVEL_NONPREGNANT_MEAN,dcid:country/AGO,2000,118.0
dcs:who/HEMOGLOBINLEVEL_NONPREGNANT_MEAN,dcid:country/AGO,2009,120.0
dcs:who/HEMOGLOBINLEVEL_NONPREGNANT_MEAN,dcid:country/AGO,2001,118.0
dcs:who/HEMOGLOBINLEVEL_NONPREGNANT_MEAN,dcid:country/AGO,2019,121.0
dcs:who/HEMOGLOBINLEVEL_NONPREGNANT_MEAN,dcid:country/AGO,2005,119.0
dcs:who/HEMOGLOBINLEVEL_NONPREGNANT_MEAN,dcid:country/AGO,2016,121.0
dcs:who/HEMOGLOBINLEVEL_NONPREGNANT_MEAN,dcid:country/AGO,2003,119.0
dcs:who/HEMOGLOBINLEVEL_NONPREGNANT_MEAN,dcid:country/AGO,2002,119.0
dcs:who/HEMOGLOBINLEVEL_NONPREGNANT_MEAN,dcid:country/AGO,2011,121.0
dcs:who/HEMOGLOBINLEVEL_NONPREGNANT_MEAN,dcid:country/AGO,2012,121.0
dcs:who/HEMOGLOBINLEVEL_NONPREGNANT_MEAN,dcid:country/AGO,2017,121.0
dcs:who/HEMOGLOBINLEVEL_NONPREGNANT_MEAN,dcid:country/AGO,2018,121.0
dcs:who/HEMOGLOBINLEVEL_NONPREGNANT_MEAN,dcid:country/AGO,2014,121.0
dcs:who/HEMOGLOBINLEVEL_NONPREGNANT_MEAN,dcid:country/AGO,2006,119.0
dcs:who/HEMOGLOBINLEVEL_NONPREGNANT_MEAN,dcid:country/AGO,2010,120.0
dcs:who/HEMOGLOBINLEVEL_NONPREGNANT_MEAN,dcid:country/AGO,2004,119.0
dcs:who/HEMOGLOBINLEVEL_NONPREGNANT_MEAN,dcid:country/ALB,2018,127.0
dcs:who/HEMOGLOBINLEVEL_NONPREGNANT_MEAN,dcid:country/ALB,2012,128.0
dcs:who/HEMOGLOBINLEVEL_NONPREGNANT_MEAN,dcid:country/ALB,2007,128.0
dcs:who/HEMOGLOBINLEVEL_NONPREGNANT_MEAN,dcid:country/ALB,2003,127.0
dcs:who/HEMOGLOBINLEVEL_NONPREGNANT_MEAN,dcid:country/ALB,2014,128.0
dcs:who/HEMOGLOBINLEVEL_NONPREGNANT_MEAN,dcid:country/ALB,2019,127.0
dcs:who/HEMOGLOBINLEVEL_NONPREGNANT_MEAN,dcid:country/ALB,2010,128.0
dcs:who/HEMOGLOBINLEVEL_NONPREGNANT_MEAN,dcid:country/ALB,2005,128.0
dcs:who/HEMOGLOBINLEVEL_NONPREGNANT_MEAN,dcid:country/ALB,2002,127.0
dcs:who/HEMOGLOBINLEVEL_NONPREGNANT_MEAN,dcid:country/ALB,2001,127.0
dcs:who/HEMOGLOBINLEVEL_NONPREGNANT_MEAN,dcid:country/ALB,2006,128.0
dcs:who/HEMOGLOBINLEVEL_NONPREGNANT_MEAN,dcid:country/ALB,2009,128.0
dcs:who/HEMOGLOBINLEVEL_NONPREGNANT_MEAN,dcid:country/ALB,2017,127.0
dcs:who/HEMOGLOBINLEVEL_NONPREGNANT_MEAN,dcid:country/ALB,2000,127.0
dcs:who/HEMOGLOBINLEVEL_NONPREGNANT_MEAN,dcid:country/ALB,2015,128.0
dcs:who/HEMOGLOBINLEVEL_NONPREGNANT_MEAN,dcid:country/ALB,2016,128.0
dcs:who/HEMOGLOBINLEVEL_NONPREGNANT_MEAN,dcid:country/ALB,2011,128.0
dcs:who/HEMOGLOBINLEVEL_NONPREGNANT_MEAN,dcid:country/ALB,2004,127.0
dcs:who/HEMOGLOBINLEVEL_NONPREGNANT_MEAN,dcid:country/ALB,2013,128.0
dcs:who/HEMOGLOBINLEVEL_NONPREGNANT_MEAN,dcid:country/ALB,2008,128.0
dcs:who/HEMOGLOBINLEVEL_NONPREGNANT_MEAN,dcid:country/AND,2008,132.0
dcs:who/HEMOGLOBINLEVEL_NONPREGNANT_MEAN,dcid:country/AND,2006,132.0
dcs:who/HEMOGLOBINLEVEL_NONPREGNANT_MEAN,dcid:country/AND,2016,132.0
dcs:who/HEMOGLOBINLEVEL_NONPREGNANT_MEAN,dcid:country/AND,2000,132.0
dcs:who/HEMOGLOBINLEVEL_NONPREGNANT_MEAN,dcid:country/AND,2001,132.0
dcs:who/HEMOGLOBINLEVEL_NONPREGNANT_MEAN,dcid:country/AND,2004,132.0
dcs:who/HEMOGLOBINLEVEL_NONPREGNANT_MEAN,dcid:country/AND,2017,132.0
dcs:who/HEMOGLOBINLEVEL_NONPREGNANT_MEAN,dcid:country/AND,2002,132.0
dcs:who/HEMOGLOBINLEVEL_NONPREGNANT_MEAN,dcid:country/AND,2015,132.0
dcs:who/HEMOGLOBINLEVEL_NONPREGNANT_MEAN,dcid:country/AND,2013,132.0
dcs:who/HEMOGLOBINLEVEL_NONPREGNANT_MEAN,dcid:country/AND,2009,132.0
dcs:who/HEMOGLOBINLEVEL_NONPREGNANT_MEAN,dcid:country/AND,2012,132.0
dcs:who/HEMOGLOBINLEVEL_NONPREGNANT_MEAN,dcid:country/AND,2007,132.0
dcs:who/HEMOGLOBINLEVEL_NONPREGNANT_MEAN,dcid:country/AND,2019,131.0
dcs:who/HEMOGLOBINLEVEL_NONPREGNANT_MEAN,dcid:country/AND,2010,132.0
dcs:who/HEMOGLOBINLEVEL_NONPREGNANT_MEAN,dcid:country/AND,2005,132.0
dcs:who/HEMOGLOBINLEVEL_NONPREGNANT_MEAN,dcid:country/AND,2003,132.0
dcs:who/HEMOGLOBINLEVEL_NONPREGNANT_MEAN,dcid:country/AND,2011,132.0
dcs:who/HEMOGLOBINLEVEL_NONPREGNANT_MEAN,dcid:country/AND,2018,132.0
dcs:who/HEMOGLOBINLEVEL_NONPREGNANT_MEAN,dcid:country/AND,2014,132.0
dcs:who/HEMOGLOBINLEVEL_NONPREGNANT_MEAN,dcid:country/ARE,2002,128.0
dcs:who/HEMOGLOBINLEVEL_NONPREGNANT_MEAN,dcid:country/ARE,2014,128.0
dcs:who/HEMOGLOBINLEVEL_NONPREGNANT_MEAN,dcid:country/ARE,2007,128.0
dcs:who/HEMOGLOBINLEVEL_NONPREGNANT_MEAN,dcid:country/ARE,2003,128.0
dcs:who/HEMOGLOBINLEVEL_NONPREGNANT_MEAN,dcid:country/ARE,2011,128.0
dcs:who/HEMOGLOBINLEVEL_NONPREGNANT_MEAN,dcid:country/ARE,2004,128.0
dcs:who/HEMOGLOBINLEVEL_NONPREGNANT_MEAN,dcid:country/ARE,2013,128.0
dcs:who/HEMOGLOBINLEVEL_NONPREGNANT_MEAN,dcid:country/ARE,2019,128.0
dcs:who/HEMOGLOBINLEVEL_NONPREGNANT_MEAN,dcid:country/ARE,2005,128.0
dcs:who/HEMOGLOBINLEVEL_NONPREGNANT_MEAN,dcid:country/ARE,2000,128.0
dcs:who/HEMOGLOBINLEVEL_NONPREGNANT_MEAN,dcid:country/ARE,2016,128.0
dcs:who/HEMOGLOBINLEVEL_NONPREGNANT_MEAN,dcid:country/ARE,2017,128.0
dcs:who/HEMOGLOBINLEVEL_NONPREGNANT_MEAN,dcid:country/ARE,2001,128.0
dcs:who/HEMOGLOBINLEVEL_NONPREGNANT_MEAN,dcid:country/ARE,2018,128.0
dcs:who/HEMOGLOBINLEVEL_NONPREGNANT_MEAN,dcid:country/ARE,2008,128.0
dcs:who/HEMOGLOBINLEVEL_NONPREGNANT_MEAN,dcid:country/ARE,2015,128.0
dcs:who/HEMOGLOBINLEVEL_NONPREGNANT_MEAN,dcid:country/ARE,2009,128.0
dcs:who/HEMOGLOBINLEVEL_NONPREGNANT_MEAN,dcid:country/ARE,2006,128.0
dcs:who/HEMOGLOBINLEVEL_NONPREGNANT_MEAN,dcid:country/ARE,2010,128.0
dcs:who/HEMOGLOBINLEVEL_NONPREGNANT_MEAN,dcid:country/ARE,2012,128.0
dcs:who/HEMOGLOBINLEVEL_NONPREGNANT_MEAN,dcid:country/ARG,2015,133.0
dcs:who/HEMOGLOBINLEVEL_NONPREGNANT_MEAN,dcid:country/ARG,2004,131.0
dcs:who/HEMOGLOBINLEVEL_NONPREGNANT_MEAN,dcid:country/ARG,2000,131.0
dcs:who/HEMOGLOBINLEVEL_NONPREGNANT_MEAN,dcid:country/ARG,2012,132.0
dcs:who/HEMOGLOBINLEVEL_NONPREGNANT_MEAN,dcid:country/ARG,2006,131.0
dcs:who/HEMOGLOBINLEVEL_NONPREGNANT_MEAN,dcid:country/ARG,2019,133.0
dcs:who/HEMOGLOBINLEVEL_NONPREGNANT_MEAN,dcid:country/ARG,2002,131.0
dcs:who/HEMOGLOBINLEVEL_NONPREGNANT_MEAN,dcid:country/ARG,2016,133.0
dcs:who/HEMOGLOBINLEVEL_NONPREGNANT_MEAN,dcid:country/ARG,2017,133.0
dcs:who/HEMOGLOBINLEVEL_NONPREGNANT_MEAN,dcid:country/ARG,2011,132.0
dcs:who/HEMOGLOBINLEVEL_NONPREGNANT_MEAN,dcid:country/ARG,2014,132.0
dcs:who/HEMOGLOBINLEVEL_NONPREGNANT_MEAN,dcid:country/ARG,2003,131.0
dcs:who/HEMOGLOBINLEVEL_NONPREGNANT_MEAN,dcid:country/ARG,2009,132.0
dcs:who/HEMOGLOBINLEVEL_NONPREGNANT_MEAN,dcid:country/ARG,2001,131.0
dcs:who/HEMOGLOBINLEVEL_NONPREGNANT_MEAN,dcid:country/ARG,2007,131.0
dcs:who/HEMOGLOBINLEVEL_NONPREGNANT_MEAN,dcid:country/ARG,2013,132.0
dcs:who/HEMOGLOBINLEVEL_NONPREGNANT_MEAN,dcid:country/ARG,2008,131.0
dcs:who/HEMOGLOBINLEVEL_NONPREGNANT_MEAN,dcid:country/ARG,2018,133.0
dcs:who/HEMOGLOBINLEVEL_NONPREGNANT_MEAN,dcid:country/ARG,2010,132.0
dcs:who/HEMOGLOBINLEVEL_NONPREGNANT_MEAN,dcid:country/ARG,2005,131.0
dcs:who/HEMOGLOBINLEVEL_NONPREGNANT_MEAN,dcid:country/ARM,2013,131.0
dcs:who/HEMOGLOBINLEVEL_NONPREGNANT_MEAN,dcid:country/ARM,2011,130.0
dcs:who/HEMOGLOBINLEVEL_NONPREGNANT_MEAN,dcid:country/ARM,2019,131.0
dcs:who/HEMOGLOBINLEVEL_NONPREGNANT_MEAN,dcid:country/ARM,2018,131.0
dcs:who/HEMOGLOBINLEVEL_NONPREGNANT_MEAN,dcid:country/ARM,2016,131.0
dcs:who/HEMOGLOBINLEVEL_NONPREGNANT_MEAN,dcid:country/ARM,2001,129.0
dcs:who/HEMOGLOBINLEVEL_NONPREGNANT_MEAN,dcid:country/ARM,2007,130.0
dcs:who/HEMOGLOBINLEVEL_NONPREGNANT_MEAN,dcid:country/ARM,2010,130.0
dcs:who/HEMOGLOBINLEVEL_NONPREGNANT_MEAN,dcid:country/ARM,2015,131.0
dcs:who/HEMOGLOBINLEVEL_NONPREGNANT_MEAN,dcid:country/ARM,2003,129.0
dcs:who/HEMOGLOBINLEVEL_NONPREGNANT_MEAN,dcid:country/ARM,2000,129.0
dcs:who/HEMOGLOBINLEVEL_NONPREGNANT_MEAN,dcid:country/ARM,2009,130.0
dcs:who/HEMOGLOBINLEVEL_NONPREGNANT_MEAN,dcid:country/ARM,2002,129.0
dcs:who/HEMOGLOBINLEVEL_NONPREGNANT_MEAN,dcid:country/ARM,2008,130.0
dcs:who/HEMOGLOBINLEVEL_NONPREGNANT_MEAN,dcid:country/ARM,2005,130.0
dcs:who/HEMOGLOBINLEVEL_NONPREGNANT_MEAN,dcid:country/ARM,2017,131.0
dcs:who/HEMOGLOBINLEVEL_NONPREGNANT_MEAN,dcid:country/ARM,2004,129.0
dcs:who/HEMOGLOBINLEVEL_NONPREGNANT_MEAN,dcid:country/ARM,2012,130.0
dcs:who/HEMOGLOBINLEVEL_NONPREGNANT_MEAN,dcid:country/ARM,2006,130.0
dcs:who/HEMOGLOBINLEVEL_NONPREGNANT_MEAN,dcid:country/ARM,2014,131.0
dcs:who/HEMOGLOBINLEVEL_NONPREGNANT_MEAN,dcid:country/ATG,2017,131.0
dcs:who/HEMOGLOBINLEVEL_NONPREGNANT_MEAN,dcid:country/ATG,2005,130.0
dcs:who/HEMOGLOBINLEVEL_NONPREGNANT_MEAN,dcid:country/ATG,2003,130.0
dcs:who/HEMOGLOBINLEVEL_NONPREGNANT_MEAN,dcid:country/ATG,2010,131.0
dcs:who/HEMOGLOBINLEVEL_NONPREGNANT_MEAN,dcid:country/ATG,2016,131.0
dcs:who/HEMOGLOBINLEVEL_NONPREGNANT_MEAN,dcid:country/ATG,2006,130.0
dcs:who/HEMOGLOBINLEVEL_NONPREGNANT_MEAN,dcid:country/ATG,2013,131.0
dcs:who/HEMOGLOBINLEVEL_NONPREGNANT_MEAN,dcid:country/ATG,2001,129.0
dcs:who/HEMOGLOBINLEVEL_NONPREGNANT_MEAN,dcid:country/ATG,2014,131.0
dcs:who/HEMOGLOBINLEVEL_NONPREGNANT_MEAN,dcid:country/ATG,2002,129.0
dcs:who/HEMOGLOBINLEVEL_NONPREGNANT_MEAN,dcid:country/ATG,2011,131.0
dcs:who/HEMOGLOBINLEVEL_NONPREGNANT_MEAN,dcid:country/ATG,2015,131.0
dcs:who/HEMOGLOBINLEVEL_NONPREGNANT_MEAN,dcid:country/ATG,2000,129.0
dcs:who/HEMOGLOBINLEVEL_NONPREGNANT_MEAN,dcid:country/ATG,2004,130.0
dcs:who/HEMOGLOBINLEVEL_NONPREGNANT_MEAN,dcid:country/ATG,2007,130.0
dcs:who/HEMOGLOBINLEVEL_NONPREGNANT_MEAN,dcid:country/ATG,2018,131.0
dcs:who/HEMOGLOBINLEVEL_NONPREGNANT_MEAN,dcid:country/ATG,2008,131.0
dcs:who/HEMOGLOBINLEVEL_NONPREGNANT_MEAN,dcid:country/ATG,2012,131.0
dcs:who/HEMOGLOBINLEVEL_NONPREGNANT_MEAN,dcid:country/ATG,2009,131.0
dcs:who/HEMOGLOBINLEVEL_NONPREGNANT_MEAN,dcid:country/ATG,2019,131.0
dcs:who/HEMOGLOBINLEVEL_NONPREGNANT_MEAN,dcid:country/AUS,2002,134.0
dcs:who/HEMOGLOBINLEVEL_NONPREGNANT_MEAN,dcid:country/AUS,2007,134.0
dcs:who/HEMOGLOBINLEVEL_NONPREGNANT_MEAN,dcid:country/AUS,2019,133.0
dcs:who/HEMOGLOBINLEVEL_NONPREGNANT_MEAN,dcid:country/AUS,2005,134.0
dcs:who/HEMOGLOBINLEVEL_NONPREGNANT_MEAN,dcid:country/AUS,2016,134.0
dcs:who/HEMOGLOBINLEVEL_NONPREGNANT_MEAN,dcid:country/AUS,2014,134.0
dcs:who/HEMOGLOBINLEVEL_NONPREGNANT_MEAN,dcid:country/AUS,2015,134.0
dcs:who/HEMOGLOBINLEVEL_NONPREGNANT_MEAN,dcid:country/AUS,2000,134.0
dcs:who/HEMOGLOBINLEVEL_NONPREGNANT_MEAN,dcid:country/AUS,2010,134.0
dcs:who/HEMOGLOBINLEVEL_NONPREGNANT_MEAN,dcid:country/AUS,2012,134.0
dcs:who/HEMOGLOBINLEVEL_NONPREGNANT_MEAN,dcid:country/AUS,2011,134.0
dcs:who/HEMOGLOBINLEVEL_NONPREGNANT_MEAN,dcid:country/AUS,2018,134.0
dcs:who/HEMOGLOBINLEVEL_NONPREGNANT_MEAN,dcid:country/AUS,2008,134.0
dcs:who/HEMOGLOBINLEVEL_NONPREGNANT_MEAN,dcid:country/AUS,2003,134.0
dcs:who/HEMOGLOBINLEVEL_NONPREGNANT_MEAN,dcid:country/AUS,2001,134.0
dcs:who/HEMOGLOBINLEVEL_NONPREGNANT_MEAN,dcid:country/AUS,2006,134.0
dcs:who/HEMOGLOBINLEVEL_NONPREGNANT_MEAN,dcid:country/AUS,2004,134.0
dcs:who/HEMOGLOBINLEVEL_NONPREGNANT_MEAN,dcid:country/AUS,2009,134.0
dcs:who/HEMOGLOBINLEVEL_NONPREGNANT_MEAN,dcid:country/AUS,2013,134.0
dcs:who/HEMOGLOBINLEVEL_NONPREGNANT_MEAN,dcid:country/AUS,2017,134.0
dcs:who/HEMOGLOBINLEVEL_NONPREGNANT_MEAN,dcid:country/AUT,2004,132.0
dcs:who/HEMOGLOBINLEVEL_NONPREGNANT_MEAN,dcid:country/AUT,2002,132.0
dcs:who/HEMOGLOBINLEVEL_NONPREGNANT_MEAN,dcid:country/AUT,2012,132.0
dcs:who/HEMOGLOBINLEVEL_NONPREGNANT_MEAN,dcid:country/AUT,2007,132.0
dcs:who/HEMOGLOBINLEVEL_NONPREGNANT_MEAN,dcid:country/AUT,2017,131.0
dcs:who/HEMOGLOBINLEVEL_NONPREGNANT_MEAN,dcid:country/AUT,2008,132.0
dcs:who/HEMOGLOBINLEVEL_NONPREGNANT_MEAN,dcid:country/AUT,2006,132.0
dcs:who/HEMOGLOBINLEVEL_NONPREGNANT_MEAN,dcid:country/AUT,2003,132.0
dcs:who/HEMOGLOBINLEVEL_NONPREGNANT_MEAN,dcid:country/AUT,2019,131.0
dcs:who/HEMOGLOBINLEVEL_NONPREGNANT_MEAN,dcid:country/AUT,2009,132.0
dcs:who/HEMOGLOBINLEVEL_NONPREGNANT_MEAN,dcid:country/AUT,2013,131.0
dcs:who/HEMOGLOBINLEVEL_NONPREGNANT_MEAN,dcid:country/AUT,2015,131.0
dcs:who/HEMOGLOBINLEVEL_NONPREGNANT_MEAN,dcid:country/AUT,2005,132.0
dcs:who/HEMOGLOBINLEVEL_NONPREGNANT_MEAN,dcid:country/AUT,2016,131.0
dcs:who/HEMOGLOBINLEVEL_NONPREGNANT_MEAN,dcid:country/AUT,2018,131.0
dcs:who/HEMOGLOBINLEVEL_NONPREGNANT_MEAN,dcid:country/AUT,2014,131.0
dcs:who/HEMOGLOBINLEVEL_NONPREGNANT_MEAN,dcid:country/AUT,2001,132.0
dcs:who/HEMOGLOBINLEVEL_NONPREGNANT_MEAN,dcid:country/AUT,2000,132.0
dcs:who/HEMOGLOBINLEVEL_NONPREGNANT_MEAN,dcid:country/AUT,2011,132.0
dcs:who/HEMOGLOBINLEVEL_NONPREGNANT_MEAN,dcid:country/AUT,2010,132.0
dcs:who/HEMOGLOBINLEVEL_NONPREGNANT_MEAN,dcid:country/AZE,2001,121.0
dcs:who/HEMOGLOBINLEVEL_NONPREGNANT_MEAN,dcid:country/AZE,2004,122.0
dcs:who/HEMOGLOBINLEVEL_NONPREGNANT_MEAN,dcid:country/AZE,2009,123.0
dcs:who/HEMOGLOBINLEVEL_NONPREGNANT_MEAN,dcid:country/AZE,2016,124.0
dcs:who/HEMOGLOBINLEVEL_NONPREGNANT_MEAN,dcid:country/AZE,2012,123.0
dcs:who/HEMOGLOBINLEVEL_NONPREGNANT_MEAN,dcid:country/AZE,2014,124.0
dcs:who/HEMOGLOBINLEVEL_NONPREGNANT_MEAN,dcid:country/AZE,2005,122.0
dcs:who/HEMOGLOBINLEVEL_NONPREGNANT_MEAN,dcid:country/AZE,2000,121.0
dcs:who/HEMOGLOBINLEVEL_NONPREGNANT_MEAN,dcid:country/AZE,2011,123.0
dcs:who/HEMOGLOBINLEVEL_NONPREGNANT_MEAN,dcid:country/AZE,2010,123.0
dcs:who/HEMOGLOBINLEVEL_NONPREGNANT_MEAN,dcid:country/AZE,2006,122.0
dcs:who/HEMOGLOBINLEVEL_NONPREGNANT_MEAN,dcid:country/AZE,2007,122.0
dcs:who/HEMOGLOBINLEVEL_NONPREGNANT_MEAN,dcid:country/AZE,2019,124.0
dcs:who/HEMOGLOBINLEVEL_NONPREGNANT_MEAN,dcid:country/AZE,2013,124.0
dcs:who/HEMOGLOBINLEVEL_NONPREGNANT_MEAN,dcid:country/AZE,2003,122.0
dcs:who/HEMOGLOBINLEVEL_NONPREGNANT_MEAN,dcid:country/AZE,2015,124.0
dcs:who/HEMOGLOBINLEVEL_NONPREGNANT_MEAN,dcid:country/AZE,2018,124.0
dcs:who/HEMOGLOBINLEVEL_NONPREGNANT_MEAN,dcid:country/AZE,2017,124.0
dcs:who/HEMOGLOBINLEVEL_NONPREGNANT_MEAN,dcid:country/AZE,2008,123.0
dcs:who/HEMOGLOBINLEVEL_NONPREGNANT_MEAN,dcid:country/AZE,2002,121.0
dcs:who/HEMOGLOBINLEVEL_NONPREGNANT_MEAN,dcid:country/BDI,2013,127.0
dcs:who/HEMOGLOBINLEVEL_NONPREGNANT_MEAN,dcid:country/BDI,2007,127.0
dcs:who/HEMOGLOBINLEVEL_NONPREGNANT_MEAN,dcid:country/BDI,2018,124.0
dcs:who/HEMOGLOBINLEVEL_NONPREGNANT_MEAN,dcid:country/BDI,2001,125.0
dcs:who/HEMOGLOBINLEVEL_NONPREGNANT_MEAN,dcid:country/BDI,2003,126.0
dcs:who/HEMOGLOBINLEVEL_NONPREGNANT_MEAN,dcid:country/BDI,2002,126.0
dcs:who/HEMOGLOBINLEVEL_NONPREGNANT_MEAN,dcid:country/BDI,2019,123.0
dcs:who/HEMOGLOBINLEVEL_NONPREGNANT_MEAN,dcid:country/BDI,2015,126.0
dcs:who/HEMOGLOBINLEVEL_NONPREGNANT_MEAN,dcid:country/BDI,2005,127.0
dcs:who/HEMOGLOBINLEVEL_NONPREGNANT_MEAN,dcid:country/BDI,2017,124.0
dcs:who/HEMOGLOBINLEVEL_NONPREGNANT_MEAN,dcid:country/BDI,2009,127.0
dcs:who/HEMOGLOBINLEVEL_NONPREGNANT_MEAN,dcid:country/BDI,2011,127.0
dcs:who/HEMOGLOBINLEVEL_NONPREGNANT_MEAN,dcid:country/BDI,2014,126.0
dcs:who/HEMOGLOBINLEVEL_NONPREGNANT_MEAN,dcid:country/BDI,2008,127.0
dcs:who/HEMOGLOBINLEVEL_NONPREGNANT_MEAN,dcid:country/BDI,2004,126.0
dcs:who/HEMOGLOBINLEVEL_NONPREGNANT_MEAN,dcid:country/BDI,2012,127.0
dcs:who/HEMOGLOBINLEVEL_NONPREGNANT_MEAN,dcid:country/BDI,2016,125.0
dcs:who/HEMOGLOBINLEVEL_NONPREGNANT_MEAN,dcid:country/BDI,2010,127.0
dcs:who/HEMOGLOBINLEVEL_NONPREGNANT_MEAN,dcid:country/BDI,2000,125.0
dcs:who/HEMOGLOBINLEVEL_NONPREGNANT_MEAN,dcid:country/BDI,2006,127.0
dcs:who/HEMOGLOBINLEVEL_NONPREGNANT_MEAN,dcid:country/BEL,2010,132.0
dcs:who/HEMOGLOBINLEVEL_NONPREGNANT_MEAN,dcid:country/BEL,2009,132.0
dcs:who/HEMOGLOBINLEVEL_NONPREGNANT_MEAN,dcid:country/BEL,2016,131.0
dcs:who/HEMOGLOBINLEVEL_NONPREGNANT_MEAN,dcid:country/BEL,2005,132.0
dcs:who/HEMOGLOBINLEVEL_NONPREGNANT_MEAN,dcid:country/BEL,2014,131.0
dcs:who/HEMOGLOBINLEVEL_NONPREGNANT_MEAN,dcid:country/BEL,2018,131.0
dcs:who/HEMOGLOBINLEVEL_NONPREGNANT_MEAN,dcid:country/BEL,2004,132.0
dcs:who/HEMOGLOBINLEVEL_NONPREGNANT_MEAN,dcid:country/BEL,2006,132.0
dcs:who/HEMOGLOBINLEVEL_NONPREGNANT_MEAN,dcid:country/BEL,2012,132.0
dcs:who/HEMOGLOBINLEVEL_NONPREGNANT_MEAN,dcid:country/BEL,2001,132.0
dcs:who/HEMOGLOBINLEVEL_NONPREGNANT_MEAN,dcid:country/BEL,2007,132.0
dcs:who/HEMOGLOBINLEVEL_NONPREGNANT_MEAN,dcid:country/BEL,2011,132.0
dcs:who/HEMOGLOBINLEVEL_NONPREGNANT_MEAN,dcid:country/BEL,2002,132.0
dcs:who/HEMOGLOBINLEVEL_NONPREGNANT_MEAN,dcid:country/BEL,2019,131.0
dcs:who/HEMOGLOBINLEVEL_NONPREGNANT_MEAN,dcid:country/BEL,2008,132.0
dcs:who/HEMOGLOBINLEVEL_NONPREGNANT_MEAN,dcid:country/BEL,2003,132.0
dcs:who/HEMOGLOBINLEVEL_NONPREGNANT_MEAN,dcid:country/BEL,2000,132.0
dcs:who/HEMOGLOBINLEVEL_NONPREGNANT_MEAN,dcid:country/BEL,2013,132.0
dcs:who/HEMOGLOBINLEVEL_NONPREGNANT_MEAN,dcid:country/BEL,2015,131.0
dcs:who/HEMOGLOBINLEVEL_NONPREGNANT_MEAN,dcid:country/BEL,2017,131.0
dcs:who/HEMOGLOBINLEVEL_NONPREGNANT_MEAN,dcid:country/BEN,2011,117.0
dcs:who/HEMOGLOBINLEVEL_NONPREGNANT_MEAN,dcid:country/BEN,2012,117.0
dcs:who/HEMOGLOBINLEVEL_NONPREGNANT_MEAN,dcid:country/BEN,2006,115.0
dcs:who/HEMOGLOBINLEVEL_NONPREGNANT_MEAN,dcid:country/BEN,2016,117.0
dcs:who/HEMOGLOBINLEVEL_NONPREGNANT_MEAN,dcid:country/BEN,2003,114.0
dcs:who/HEMOGLOBINLEVEL_NONPREGNANT_MEAN,dcid:country/BEN,2004,115.0
dcs:who/HEMOGLOBINLEVEL_NONPREGNANT_MEAN,dcid:country/BEN,2010,117.0
dcs:who/HEMOGLOBINLEVEL_NONPREGNANT_MEAN,dcid:country/BEN,2009,116.0
dcs:who/HEMOGLOBINLEVEL_NONPREGNANT_MEAN,dcid:country/BEN,2014,117.0
dcs:who/HEMOGLOBINLEVEL_NONPREGNANT_MEAN,dcid:country/BEN,2019,117.0
dcs:who/HEMOGLOBINLEVEL_NONPREGNANT_MEAN,dcid:country/BEN,2013,117.0
dcs:who/HEMOGLOBINLEVEL_NONPREGNANT_MEAN,dcid:country/BEN,2008,116.0
dcs:who/HEMOGLOBINLEVEL_NONPREGNANT_MEAN,dcid:country/BEN,2000,114.0
dcs:who/HEMOGLOBINLEVEL_NONPREGNANT_MEAN,dcid:country/BEN,2005,115.0
dcs:who/HEMOGLOBINLEVEL_NONPREGNANT_MEAN,dcid:country/BEN,2001,114.0
dcs:who/HEMOGLOBINLEVEL_NONPREGNANT_MEAN,dcid:country/BEN,2017,117.0
dcs:who/HEMOGLOBINLEVEL_NONPREGNANT_MEAN,dcid:country/BEN,2015,117.0
dcs:who/HEMOGLOBINLEVEL_NONPREGNANT_MEAN,dcid:country/BEN,2018,117.0
dcs:who/HEMOGLOBINLEVEL_NONPREGNANT_MEAN,dcid:country/BEN,2007,116.0
dcs:who/HEMOGLOBINLEVEL_NONPREGNANT_MEAN,dcid:country/BEN,2002,114.0
dcs:who/HEMOGLOBINLEVEL_NONPREGNANT_MEAN,dcid:country/BFA,2018,118.0
dcs:who/HEMOGLOBINLEVEL_NONPREGNANT_MEAN,dcid:country/BFA,2014,118.0
dcs:who/HEMOGLOBINLEVEL_NONPREGNANT_MEAN,dcid:country/BFA,2005,117.0
dcs:who/HEMOGLOBINLEVEL_NONPREGNANT_MEAN,dcid:country/BFA,2015,118.0
dcs:who/HEMOGLOBINLEVEL_NONPREGNANT_MEAN,dcid:country/BFA,2008,117.0
dcs:who/HEMOGLOBINLEVEL_NONPREGNANT_MEAN,dcid:country/BFA,2001,116.0
dcs:who/HEMOGLOBINLEVEL_NONPREGNANT_MEAN,dcid:country/BFA,2013,118.0
dcs:who/HEMOGLOBINLEVEL_NONPREGNANT_MEAN,dcid:country/BFA,2010,118.0
dcs:who/HEMOGLOBINLEVEL_NONPREGNANT_MEAN,dcid:country/BFA,2007,117.0
dcs:who/HEMOGLOBINLEVEL_NONPREGNANT_MEAN,dcid:country/BFA,2009,117.0
dcs:who/HEMOGLOBINLEVEL_NONPREGNANT_MEAN,dcid:country/BFA,2017,118.0
dcs:who/HEMOGLOBINLEVEL_NONPREGNANT_MEAN,dcid:country/BFA,2011,118.0
dcs:who/HEMOGLOBINLEVEL_NONPREGNANT_MEAN,dcid:country/BFA,2002,116.0
dcs:who/HEMOGLOBINLEVEL_NONPREGNANT_MEAN,dcid:country/BFA,2006,117.0
dcs:who/HEMOGLOBINLEVEL_NONPREGNANT_MEAN,dcid:country/BFA,2004,117.0
dcs:who/HEMOGLOBINLEVEL_NONPREGNANT_MEAN,dcid:country/BFA,2019,118.0
dcs:who/HEMOGLOBINLEVEL_NONPREGNANT_MEAN,dcid:country/BFA,2016,118.0
dcs:who/HEMOGLOBINLEVEL_NONPREGNANT_MEAN,dcid:country/BFA,2003,117.0
dcs:who/HEMOGLOBINLEVEL_NONPREGNANT_MEAN,dcid:country/BFA,2012,118.0
dcs:who/HEMOGLOBINLEVEL_NONPREGNANT_MEAN,dcid:country/BFA,2000,116.0
dcs:who/HEMOGLOBINLEVEL_NONPREGNANT_MEAN,dcid:country/BGD,2007,123.0
dcs:who/HEMOGLOBINLEVEL_NONPREGNANT_MEAN,dcid:country/BGD,2011,123.0
dcs:who/HEMOGLOBINLEVEL_NONPREGNANT_MEAN,dcid:country/BGD,2014,123.0
dcs:who/HEMOGLOBINLEVEL_NONPREGNANT_MEAN,dcid:country/BGD,2004,124.0
dcs:who/HEMOGLOBINLEVEL_NONPREGNANT_MEAN,dcid:country/BGD,2012,123.0
dcs:who/HEMOGLOBINLEVEL_NONPREGNANT_MEAN,dcid:country/BGD,2016,123.0
dcs:who/HEMOGLOBINLEVEL_NONPREGNANT_MEAN,dcid:country/BGD,2009,123.0
dcs:who/HEMOGLOBINLEVEL_NONPREGNANT_MEAN,dcid:country/BGD,2017,123.0
dcs:who/HEMOGLOBINLEVEL_NONPREGNANT_MEAN,dcid:country/BGD,2005,123.0
dcs:who/HEMOGLOBINLEVEL_NONPREGNANT_MEAN,dcid:country/BGD,2003,124.0
dcs:who/HEMOGLOBINLEVEL_NONPREGNANT_MEAN,dcid:country/BGD,2015,123.0
dcs:who/HEMOGLOBINLEVEL_NONPREGNANT_MEAN,dcid:country/BGD,2006,123.0
dcs:who/HEMOGLOBINLEVEL_NONPREGNANT_MEAN,dcid:country/BGD,2000,124.0
dcs:who/HEMOGLOBINLEVEL_NONPREGNANT_MEAN,dcid:country/BGD,2013,123.0
dcs:who/HEMOGLOBINLEVEL_NONPREGNANT_MEAN,dcid:country/BGD,2018,123.0
dcs:who/HEMOGLOBINLEVEL_NONPREGNANT_MEAN,dcid:country/BGD,2001,124.0
dcs:who/HEMOGLOBINLEVEL_NONPREGNANT_MEAN,dcid:country/BGD,2008,123.0
dcs:who/HEMOGLOBINLEVEL_NONPREGNANT_MEAN,dcid:country/BGD,2010,123.0
dcs:who/HEMOGLOBINLEVEL_NONPREGNANT_MEAN,dcid:country/BGD,2002,124.0
dcs:who/HEMOGLOBINLEVEL_NONPREGNANT_MEAN,dcid:country/BGD,2019,123.0
dcs:who/HEMOGLOBINLEVEL_NONPREGNANT_MEAN,dcid:country/BGR,2016,128.0
dcs:who/HEMOGLOBINLEVEL_NONPREGNANT_MEAN,dcid:country/BGR,2002,128.0
dcs:who/HEMOGLOBINLEVEL_NONPREGNANT_MEAN,dcid:country/BGR,2007,128.0
dcs:who/HEMOGLOBINLEVEL_NONPREGNANT_MEAN,dcid:country/BGR,2017,128.0
dcs:who/HEMOGLOBINLEVEL_NONPREGNANT_MEAN,dcid:country/BGR,2010,128.0
dcs:who/HEMOGLOBINLEVEL_NONPREGNANT_MEAN,dcid:country/BGR,2000,128.0
dcs:who/HEMOGLOBINLEVEL_NONPREGNANT_MEAN,dcid:country/BGR,2012,128.0
dcs:who/HEMOGLOBINLEVEL_NONPREGNANT_MEAN,dcid:country/BGR,2014,128.0
dcs:who/HEMOGLOBINLEVEL_NONPREGNANT_MEAN,dcid:country/BGR,2008,128.0
dcs:who/HEMOGLOBINLEVEL_NONPREGNANT_MEAN,dcid:country/BGR,2011,128.0
dcs:who/HEMOGLOBINLEVEL_NONPREGNANT_MEAN,dcid:country/BGR,2004,128.0
dcs:who/HEMOGLOBINLEVEL_NONPREGNANT_MEAN,dcid:country/BGR,2003,128.0
dcs:who/HEMOGLOBINLEVEL_NONPREGNANT_MEAN,dcid:country/BGR,2018,128.0
dcs:who/HEMOGLOBINLEVEL_NONPREGNANT_MEAN,dcid:country/BGR,2001,128.0
dcs:who/HEMOGLOBINLEVEL_NONPREGNANT_MEAN,dcid:country/BGR,2009,128.0
dcs:who/HEMOGLOBINLEVEL_NONPREGNANT_MEAN,dcid:country/BGR,2013,128.0
dcs:who/HEMOGLOBINLEVEL_NONPREGNANT_MEAN,dcid:country/BGR,2019,128.0
dcs:who/HEMOGLOBINLEVEL_NONPREGNANT_MEAN,dcid:country/BGR,2005,128.0
dcs:who/HEMOGLOBINLEVEL_NONPREGNANT_MEAN,dcid:country/BGR,2006,128.0
dcs:who/HEMOGLOBINLEVEL_NONPREGNANT_MEAN,dcid:country/BGR,2015,128.0
dcs:who/HEMOGLOBINLEVEL_NONPREGNANT_MEAN,dcid:country/BHR,2008,123.0
dcs:who/HEMOGLOBINLEVEL_NONPREGNANT_MEAN,dcid:country/BHR,2017,124.0
dcs:who/HEMOGLOBINLEVEL_NONPREGNANT_MEAN,dcid:country/BHR,2001,121.0
dcs:who/HEMOGLOBINLEVEL_NONPREGNANT_MEAN,dcid:country/BHR,2003,122.0
dcs:who/HEMOGLOBINLEVEL_NONPREGNANT_MEAN,dcid:country/BHR,2004,122.0
dcs:who/HEMOGLOBINLEVEL_NONPREGNANT_MEAN,dcid:country/BHR,2010,123.0
dcs:who/HEMOGLOBINLEVEL_NONPREGNANT_MEAN,dcid:country/BHR,2016,124.0
dcs:who/HEMOGLOBINLEVEL_NONPREGNANT_MEAN,dcid:country/BHR,2007,123.0
dcs:who/HEMOGLOBINLEVEL_NONPREGNANT_MEAN,dcid:country/BHR,2000,121.0
dcs:who/HEMOGLOBINLEVEL_NONPREGNANT_MEAN,dcid:country/BHR,2015,124.0
dcs:who/HEMOGLOBINLEVEL_NONPREGNANT_MEAN,dcid:country/BHR,2019,124.0
dcs:who/HEMOGLOBINLEVEL_NONPREGNANT_MEAN,dcid:country/BHR,2014,124.0
dcs:who/HEMOGLOBINLEVEL_NONPREGNANT_MEAN,dcid:country/BHR,2011,123.0
dcs:who/HEMOGLOBINLEVEL_NONPREGNANT_MEAN,dcid:country/BHR,2009,123.0
dcs:who/HEMOGLOBINLEVEL_NONPREGNANT_MEAN,dcid:country/BHR,2006,122.0
dcs:who/HEMOGLOBINLEVEL_NONPREGNANT_MEAN,dcid:country/BHR,2002,122.0
dcs:who/HEMOGLOBINLEVEL_NONPREGNANT_MEAN,dcid:country/BHR,2013,124.0
dcs:who/HEMOGLOBINLEVEL_NONPREGNANT_MEAN,dcid:country/BHR,2005,122.0
dcs:who/HEMOGLOBINLEVEL_NONPREGNANT_MEAN,dcid:country/BHR,2018,124.0
dcs:who/HEMOGLOBINLEVEL_NONPREGNANT_MEAN,dcid:country/BHR,2012,124.0
dcs:who/HEMOGLOBINLEVEL_NONPREGNANT_MEAN,dcid:country/BHS,2019,132.0
dcs:who/HEMOGLOBINLEVEL_NONPREGNANT_MEAN,dcid:country/BHS,2010,132.0
dcs:who/HEMOGLOBINLEVEL_NONPREGNANT_MEAN,dcid:country/BHS,2003,132.0
dcs:who/HEMOGLOBINLEVEL_NONPREGNANT_MEAN,dcid:country/BHS,2000,131.0
dcs:who/HEMOGLOBINLEVEL_NONPREGNANT_MEAN,dcid:country/BHS,2015,133.0
dcs:who/HEMOGLOBINLEVEL_NONPREGNANT_MEAN,dcid:country/BHS,2009,132.0
dcs:who/HEMOGLOBINLEVEL_NONPREGNANT_MEAN,dcid:country/BHS,2013,133.0
dcs:who/HEMOGLOBINLEVEL_NONPREGNANT_MEAN,dcid:country/BHS,2014,133.0
dcs:who/HEMOGLOBINLEVEL_NONPREGNANT_MEAN,dcid:country/BHS,2001,131.0
dcs:who/HEMOGLOBINLEVEL_NONPREGNANT_MEAN,dcid:country/BHS,2008,132.0
dcs:who/HEMOGLOBINLEVEL_NONPREGNANT_MEAN,dcid:country/BHS,2002,132.0
dcs:who/HEMOGLOBINLEVEL_NONPREGNANT_MEAN,dcid:country/BHS,2007,132.0
dcs:who/HEMOGLOBINLEVEL_NONPREGNANT_MEAN,dcid:country/BHS,2011,133.0
dcs:who/HEMOGLOBINLEVEL_NONPREGNANT_MEAN,dcid:country/BHS,2006,132.0
dcs:who/HEMOGLOBINLEVEL_NONPREGNANT_MEAN,dcid:country/BHS,2004,132.0
dcs:who/HEMOGLOBINLEVEL_NONPREGNANT_MEAN,dcid:country/BHS,2018,132.0
dcs:who/HEMOGLOBINLEVEL_NONPREGNANT_MEAN,dcid:country/BHS,2012,133.0
dcs:who/HEMOGLOBINLEVEL_NONPREGNANT_MEAN,dcid:country/BHS,2017,132.0
dcs:who/HEMOGLOBINLEVEL_NONPREGNANT_MEAN,dcid:country/BHS,2005,132.0
dcs:who/HEMOGLOBINLEVEL_NONPREGNANT_MEAN,dcid:country/BHS,2016,133.0
dcs:who/HEMOGLOBINLEVEL_NONPREGNANT_MEAN,dcid:country/BIH,2013,128.0
dcs:who/HEMOGLOBINLEVEL_NONPREGNANT_MEAN,dcid:country/BIH,2015,128.0
dcs:who/HEMOGLOBINLEVEL_NONPREGNANT_MEAN,dcid:country/BIH,2014,128.0
dcs:who/HEMOGLOBINLEVEL_NONPREGNANT_MEAN,dcid:country/BIH,2007,128.0
dcs:who/HEMOGLOBINLEVEL_NONPREGNANT_MEAN,dcid:country/BIH,2019,128.0
dcs:who/HEMOGLOBINLEVEL_NONPREGNANT_MEAN,dcid:country/BIH,2009,128.0
dcs:who/HEMOGLOBINLEVEL_NONPREGNANT_MEAN,dcid:country/BIH,2006,128.0
dcs:who/HEMOGLOBINLEVEL_NONPREGNANT_MEAN,dcid:country/BIH,2004,128.0
dcs:who/HEMOGLOBINLEVEL_NONPREGNANT_MEAN,dcid:country/BIH,2010,128.0
dcs:who/HEMOGLOBINLEVEL_NONPREGNANT_MEAN,dcid:country/BIH,2018,128.0
dcs:who/HEMOGLOBINLEVEL_NONPREGNANT_MEAN,dcid:country/BIH,2011,128.0
dcs:who/HEMOGLOBINLEVEL_NONPREGNANT_MEAN,dcid:country/BIH,2002,128.0
dcs:who/HEMOGLOBINLEVEL_NONPREGNANT_MEAN,dcid:country/BIH,2000,128.0
dcs:who/HEMOGLOBINLEVEL_NONPREGNANT_MEAN,dcid:country/BIH,2012,128.0
dcs:who/HEMOGLOBINLEVEL_NONPREGNANT_MEAN,dcid:country/BIH,2008,128.0
dcs:who/HEMOGLOBINLEVEL_NONPREGNANT_MEAN,dcid:country/BIH,2001,128.0
dcs:who/HEMOGLOBINLEVEL_NONPREGNANT_MEAN,dcid:country/BIH,2003,128.0
dcs:who/HEMOGLOBINLEVEL_NONPREGNANT_MEAN,dcid:country/BIH,2016,128.0
dcs:who/HEMOGLOBINLEVEL_NONPREGNANT_MEAN,dcid:country/BIH,2017,128.0
dcs:who/HEMOGLOBINLEVEL_NONPREGNANT_MEAN,dcid:country/BIH,2005,128.0
dcs:who/HEMOGLOBINLEVEL_NONPREGNANT_MEAN,dcid:country/BLR,2019,129.0
dcs:who/HEMOGLOBINLEVEL_NONPREGNANT_MEAN,dcid:country/BLR,2001,129.0
dcs:who/HEMOGLOBINLEVEL_NONPREGNANT_MEAN,dcid:country/BLR,2012,130.0
dcs:who/HEMOGLOBINLEVEL_NONPREGNANT_MEAN,dcid:country/BLR,2015,130.0
dcs:who/HEMOGLOBINLEVEL_NONPREGNANT_MEAN,dcid:country/BLR,2000,129.0
dcs:who/HEMOGLOBINLEVEL_NONPREGNANT_MEAN,dcid:country/BLR,2010,130.0
dcs:who/HEMOGLOBINLEVEL_NONPREGNANT_MEAN,dcid:country/BLR,2011,130.0
dcs:who/HEMOGLOBINLEVEL_NONPREGNANT_MEAN,dcid:country/BLR,2005,129.0
dcs:who/HEMOGLOBINLEVEL_NONPREGNANT_MEAN,dcid:country/BLR,2014,130.0
dcs:who/HEMOGLOBINLEVEL_NONPREGNANT_MEAN,dcid:country/BLR,2013,130.0
dcs:who/HEMOGLOBINLEVEL_NONPREGNANT_MEAN,dcid:country/BLR,2009,130.0
dcs:who/HEMOGLOBINLEVEL_NONPREGNANT_MEAN,dcid:country/BLR,2018,129.0
dcs:who/HEMOGLOBINLEVEL_NONPREGNANT_MEAN,dcid:country/BLR,2007,130.0
dcs:who/HEMOGLOBINLEVEL_NONPREGNANT_MEAN,dcid:country/BLR,2003,129.0
dcs:who/HEMOGLOBINLEVEL_NONPREGNANT_MEAN,dcid:country/BLR,2004,129.0
dcs:who/HEMOGLOBINLEVEL_NONPREGNANT_MEAN,dcid:country/BLR,2017,130.0
dcs:who/HEMOGLOBINLEVEL_NONPREGNANT_MEAN,dcid:country/BLR,2002,129.0
dcs:who/HEMOGLOBINLEVEL_NONPREGNANT_MEAN,dcid:country/BLR,2016,130.0
dcs:who/HEMOGLOBINLEVEL_NONPREGNANT_MEAN,dcid:country/BLR,2006,129.0
dcs:who/HEMOGLOBINLEVEL_NONPREGNANT_MEAN,dcid:country/BLR,2008,130.0
dcs:who/HEMOGLOBINLEVEL_NONPREGNANT_MEAN,dcid:country/BLZ,2017,130.0
dcs:who/HEMOGLOBINLEVEL_NONPREGNANT_MEAN,dcid:country/BLZ,2013,129.0
dcs:who/HEMOGLOBINLEVEL_NONPREGNANT_MEAN,dcid:country/BLZ,2014,130.0
dcs:who/HEMOGLOBINLEVEL_NONPREGNANT_MEAN,dcid:country/BLZ,2009,129.0
dcs:who/HEMOGLOBINLEVEL_NONPREGNANT_MEAN,dcid:country/BLZ,2019,130.0
dcs:who/HEMOGLOBINLEVEL_NONPREGNANT_MEAN,dcid:country/BLZ,2000,127.0
dcs:who/HEMOGLOBINLEVEL_NONPREGNANT_MEAN,dcid:country/BLZ,2012,129.0
dcs:who/HEMOGLOBINLEVEL_NONPREGNANT_MEAN,dcid:country/BLZ,2007,129.0
dcs:who/HEMOGLOBINLEVEL_NONPREGNANT_MEAN,dcid:country/BLZ,2004,128.0
dcs:who/HEMOGLOBINLEVEL_NONPREGNANT_MEAN,dcid:country/BLZ,2003,128.0
dcs:who/HEMOGLOBINLEVEL_NONPREGNANT_MEAN,dcid:country/BLZ,2015,130.0
dcs:who/HEMOGLOBINLEVEL_NONPREGNANT_MEAN,dcid:country/BLZ,2006,128.0
dcs:who/HEMOGLOBINLEVEL_NONPREGNANT_MEAN,dcid:country/BLZ,2010,129.0
dcs:who/HEMOGLOBINLEVEL_NONPREGNANT_MEAN,dcid:country/BLZ,2005,128.0
dcs:who/HEMOGLOBINLEVEL_NONPREGNANT_MEAN,dcid:country/BLZ,2001,127.0
dcs:who/HEMOGLOBINLEVEL_NONPREGNANT_MEAN,dcid:country/BLZ,2011,129.0
dcs:who/HEMOGLOBINLEVEL_NONPREGNANT_MEAN,dcid:country/BLZ,2016,130.0
dcs:who/HEMOGLOBINLEVEL_NONPREGNANT_MEAN,dcid:country/BLZ,2018,130.0
dcs:who/HEMOGLOBINLEVEL_NONPREGNANT_MEAN,dcid:country/BLZ,2002,128.0
dcs:who/HEMOGLOBINLEVEL_NONPREGNANT_MEAN,dcid:country/BLZ,2008,129.0
dcs:who/HEMOGLOBINLEVEL_NONPREGNANT_MEAN,dcid:country/BOL,2003,125.0
dcs:who/HEMOGLOBINLEVEL_NONPREGNANT_MEAN,dcid:country/BOL,2002,125.0
dcs:who/HEMOGLOBINLEVEL_NONPREGNANT_MEAN,dcid:country/BOL,2016,128.0
dcs:who/HEMOGLOBINLEVEL_NONPREGNANT_MEAN,dcid:country/BOL,2005,126.0
dcs:who/HEMOGLOBINLEVEL_NONPREGNANT_MEAN,dcid:country/BOL,2015,128.0
dcs:who/HEMOGLOBINLEVEL_NONPREGNANT_MEAN,dcid:country/BOL,2004,126.0
dcs:who/HEMOGLOBINLEVEL_NONPREGNANT_MEAN,dcid:country/BOL,2012,127.0
dcs:who/HEMOGLOBINLEVEL_NONPREGNANT_MEAN,dcid:country/BOL,2006,126.0
dcs:who/HEMOGLOBINLEVEL_NONPREGNANT_MEAN,dcid:country/BOL,2010,127.0
dcs:who/HEMOGLOBINLEVEL_NONPREGNANT_MEAN,dcid:country/BOL,2014,128.0
dcs:who/HEMOGLOBINLEVEL_NONPREGNANT_MEAN,dcid:country/BOL,2001,126.0
dcs:who/HEMOGLOBINLEVEL_NONPREGNANT_MEAN,dcid:country/BOL,2013,128.0
dcs:who/HEMOGLOBINLEVEL_NONPREGNANT_MEAN,dcid:country/BOL,2018,129.0
dcs:who/HEMOGLOBINLEVEL_NONPREGNANT_MEAN,dcid:country/BOL,2017,129.0
dcs:who/HEMOGLOBINLEVEL_NONPREGNANT_MEAN,dcid:country/BOL,2019,129.0
dcs:who/HEMOGLOBINLEVEL_NONPREGNANT_MEAN,dcid:country/BOL,2000,126.0
dcs:who/HEMOGLOBINLEVEL_NONPREGNANT_MEAN,dcid:country/BOL,2008,126.0
dcs:who/HEMOGLOBINLEVEL_NONPREGNANT_MEAN,dcid:country/BOL,2011,127.0
dcs:who/HEMOGLOBINLEVEL_NONPREGNANT_MEAN,dcid:country/BOL,2007,126.0
dcs:who/HEMOGLOBINLEVEL_NONPREGNANT_MEAN,dcid:country/BOL,2009,127.0
dcs:who/HEMOGLOBINLEVEL_NONPREGNANT_MEAN,dcid:country/BRA,2017,132.0
dcs:who/HEMOGLOBINLEVEL_NONPREGNANT_MEAN,dcid:country/BRA,2010,130.0
dcs:who/HEMOGLOBINLEVEL_NONPREGNANT_MEAN,dcid:country/BRA,2014,131.0
dcs:who/HEMOGLOBINLEVEL_NONPREGNANT_MEAN,dcid:country/BRA,2006,129.0
dcs:who/HEMOGLOBINLEVEL_NONPREGNANT_MEAN,dcid:country/BRA,2009,130.0
dcs:who/HEMOGLOBINLEVEL_NONPREGNANT_MEAN,dcid:country/BRA,2008,129.0
dcs:who/HEMOGLOBINLEVEL_NONPREGNANT_MEAN,dcid:country/BRA,2007,129.0
dcs:who/HEMOGLOBINLEVEL_NONPREGNANT_MEAN,dcid:country/BRA,2013,131.0
dcs:who/HEMOGLOBINLEVEL_NONPREGNANT_MEAN,dcid:country/BRA,2018,132.0
dcs:who/HEMOGLOBINLEVEL_NONPREGNANT_MEAN,dcid:country/BRA,2019,132.0
dcs:who/HEMOGLOBINLEVEL_NONPREGNANT_MEAN,dcid:country/BRA,2011,131.0
dcs:who/HEMOGLOBINLEVEL_NONPREGNANT_MEAN,dcid:country/BRA,2001,128.0
dcs:who/HEMOGLOBINLEVEL_NONPREGNANT_MEAN,dcid:country/BRA,2000,127.0
dcs:who/HEMOGLOBINLEVEL_NONPREGNANT_MEAN,dcid:country/BRA,2003,128.0
dcs:who/HEMOGLOBINLEVEL_NONPREGNANT_MEAN,dcid:country/BRA,2004,128.0
dcs:who/HEMOGLOBINLEVEL_NONPREGNANT_MEAN,dcid:country/BRA,2016,132.0
dcs:who/HEMOGLOBINLEVEL_NONPREGNANT_MEAN,dcid:country/BRA,2015,132.0
dcs:who/HEMOGLOBINLEVEL_NONPREGNANT_MEAN,dcid:country/BRA,2005,129.0
dcs:who/HEMOGLOBINLEVEL_NONPREGNANT_MEAN,dcid:country/BRA,2002,128.0
dcs:who/HEMOGLOBINLEVEL_NONPREGNANT_MEAN,dcid:country/BRA,2012,131.0
dcs:who/HEMOGLOBINLEVEL_NONPREGNANT_MEAN,dcid:country/BRB,2002,130.0
dcs:who/HEMOGLOBINLEVEL_NONPREGNANT_MEAN,dcid:country/BRB,2012,131.0
dcs:who/HEMOGLOBINLEVEL_NONPREGNANT_MEAN,dcid:country/BRB,2011,131.0
dcs:who/HEMOGLOBINLEVEL_NONPREGNANT_MEAN,dcid:country/BRB,2015,131.0
dcs:who/HEMOGLOBINLEVEL_NONPREGNANT_MEAN,dcid:country/BRB,2006,131.0
dcs:who/HEMOGLOBINLEVEL_NONPREGNANT_MEAN,dcid:country/BRB,2017,131.0
dcs:who/HEMOGLOBINLEVEL_NONPREGNANT_MEAN,dcid:country/BRB,2018,131.0
dcs:who/HEMOGLOBINLEVEL_NONPREGNANT_MEAN,dcid:country/BRB,2016,131.0
dcs:who/HEMOGLOBINLEVEL_NONPREGNANT_MEAN,dcid:country/BRB,2008,131.0
dcs:who/HEMOGLOBINLEVEL_NONPREGNANT_MEAN,dcid:country/BRB,2004,130.0
dcs:who/HEMOGLOBINLEVEL_NONPREGNANT_MEAN,dcid:country/BRB,2005,130.0
dcs:who/HEMOGLOBINLEVEL_NONPREGNANT_MEAN,dcid:country/BRB,2000,130.0
dcs:who/HEMOGLOBINLEVEL_NONPREGNANT_MEAN,dcid:country/BRB,2007,131.0
dcs:who/HEMOGLOBINLEVEL_NONPREGNANT_MEAN,dcid:country/BRB,2019,131.0
dcs:who/HEMOGLOBINLEVEL_NONPREGNANT_MEAN,dcid:country/BRB,2013,131.0
dcs:who/HEMOGLOBINLEVEL_NONPREGNANT_MEAN,dcid:country/BRB,2003,130.0
dcs:who/HEMOGLOBINLEVEL_NONPREGNANT_MEAN,dcid:country/BRB,2014,131.0
dcs:who/HEMOGLOBINLEVEL_NONPREGNANT_MEAN,dcid:country/BRB,2010,131.0
dcs:who/HEMOGLOBINLEVEL_NONPREGNANT_MEAN,dcid:country/BRB,2001,130.0
dcs:who/HEMOGLOBINLEVEL_NONPREGNANT_MEAN,dcid:country/BRB,2009,131.0
dcs:who/HEMOGLOBINLEVEL_NONPREGNANT_MEAN,dcid:country/BRN,2005,130.0
dcs:who/HEMOGLOBINLEVEL_NONPREGNANT_MEAN,dcid:country/BRN,2000,130.0
dcs:who/HEMOGLOBINLEVEL_NONPREGNANT_MEAN,dcid:country/BRN,2001,130.0
dcs:who/HEMOGLOBINLEVEL_NONPREGNANT_MEAN,dcid:country/BRN,2015,131.0
dcs:who/HEMOGLOBINLEVEL_NONPREGNANT_MEAN,dcid:country/BRN,2003,130.0
dcs:who/HEMOGLOBINLEVEL_NONPREGNANT_MEAN,dcid:country/BRN,2018,130.0
dcs:who/HEMOGLOBINLEVEL_NONPREGNANT_MEAN,dcid:country/BRN,2007,130.0
dcs:who/HEMOGLOBINLEVEL_NONPREGNANT_MEAN,dcid:country/BRN,2010,131.0
dcs:who/HEMOGLOBINLEVEL_NONPREGNANT_MEAN,dcid:country/BRN,2004,130.0
dcs:who/HEMOGLOBINLEVEL_NONPREGNANT_MEAN,dcid:country/BRN,2014,131.0
dcs:who/HEMOGLOBINLEVEL_NONPREGNANT_MEAN,dcid:country/BRN,2009,130.0
dcs:who/HEMOGLOBINLEVEL_NONPREGNANT_MEAN,dcid:country/BRN,2019,130.0
dcs:who/HEMOGLOBINLEVEL_NONPREGNANT_MEAN,dcid:country/BRN,2016,130.0
dcs:who/HEMOGLOBINLEVEL_NONPREGNANT_MEAN,dcid:country/BRN,2006,130.0
dcs:who/HEMOGLOBINLEVEL_NONPREGNANT_MEAN,dcid:country/BRN,2013,131.0
dcs:who/HEMOGLOBINLEVEL_NONPREGNANT_MEAN,dcid:country/BRN,2002,130.0
dcs:who/HEMOGLOBINLEVEL_NONPREGNANT_MEAN,dcid:country/BRN,2008,130.0
dcs:who/HEMOGLOBINLEVEL_NONPREGNANT_MEAN,dcid:country/BRN,2011,131.0
dcs:who/HEMOGLOBINLEVEL_NONPREGNANT_MEAN,dcid:country/BRN,2012,131.0
dcs:who/HEMOGLOBINLEVEL_NONPREGNANT_MEAN,dcid:country/BRN,2017,130.0
dcs:who/HEMOGLOBINLEVEL_NONPREGNANT_MEAN,dcid:country/BTN,2008,122.0
dcs:who/HEMOGLOBINLEVEL_NONPREGNANT_MEAN,dcid:country/BTN,2011,122.0
dcs:who/HEMOGLOBINLEVEL_NONPREGNANT_MEAN,dcid:country/BTN,2019,123.0
dcs:who/HEMOGLOBINLEVEL_NONPREGNANT_MEAN,dcid:country/BTN,2009,122.0
dcs:who/HEMOGLOBINLEVEL_NONPREGNANT_MEAN,dcid:country/BTN,2007,121.0
dcs:who/HEMOGLOBINLEVEL_NONPREGNANT_MEAN,dcid:country/BTN,2010,122.0
dcs:who/HEMOGLOBINLEVEL_NONPREGNANT_MEAN,dcid:country/BTN,2016,123.0
dcs:who/HEMOGLOBINLEVEL_NONPREGNANT_MEAN,dcid:country/BTN,2002,121.0
dcs:who/HEMOGLOBINLEVEL_NONPREGNANT_MEAN,dcid:country/BTN,2005,121.0
dcs:who/HEMOGLOBINLEVEL_NONPREGNANT_MEAN,dcid:country/BTN,2000,120.0
dcs:who/HEMOGLOBINLEVEL_NONPREGNANT_MEAN,dcid:country/BTN,2006,121.0
dcs:who/HEMOGLOBINLEVEL_NONPREGNANT_MEAN,dcid:country/BTN,2018,123.0
dcs:who/HEMOGLOBINLEVEL_NONPREGNANT_MEAN,dcid:country/BTN,2003,121.0
dcs:who/HEMOGLOBINLEVEL_NONPREGNANT_MEAN,dcid:country/BTN,2017,123.0
dcs:who/HEMOGLOBINLEVEL_NONPREGNANT_MEAN,dcid:country/BTN,2001,121.0
dcs:who/HEMOGLOBINLEVEL_NONPREGNANT_MEAN,dcid:country/BTN,2013,122.0
dcs:who/HEMOGLOBINLEVEL_NONPREGNANT_MEAN,dcid:country/BTN,2014,123.0
dcs:who/HEMOGLOBINLEVEL_NONPREGNANT_MEAN,dcid:country/BTN,2004,121.0
dcs:who/HEMOGLOBINLEVEL_NONPREGNANT_MEAN,dcid:country/BTN,2012,122.0
dcs:who/HEMOGLOBINLEVEL_NONPREGNANT_MEAN,dcid:country/BTN,2015,123.0
dcs:who/HEMOGLOBINLEVEL_NONPREGNANT_MEAN,dcid:country/BWA,2018,125.0
dcs:who/HEMOGLOBINLEVEL_NONPREGNANT_MEAN,dcid:country/BWA,2008,125.0
dcs:who/HEMOGLOBINLEVEL_NONPREGNANT_MEAN,dcid:country/BWA,2004,124.0
dcs:who/HEMOGLOBINLEVEL_NONPREGNANT_MEAN,dcid:country/BWA,2011,126.0
dcs:who/HEMOGLOBINLEVEL_NONPREGNANT_MEAN,dcid:country/BWA,2005,124.0
dcs:who/HEMOGLOBINLEVEL_NONPREGNANT_MEAN,dcid:country/BWA,2010,125.0
dcs:who/HEMOGLOBINLEVEL_NONPREGNANT_MEAN,dcid:country/BWA,2015,125.0
dcs:who/HEMOGLOBINLEVEL_NONPREGNANT_MEAN,dcid:country/BWA,2006,125.0
dcs:who/HEMOGLOBINLEVEL_NONPREGNANT_MEAN,dcid:country/BWA,2001,124.0
dcs:who/HEMOGLOBINLEVEL_NONPREGNANT_MEAN,dcid:country/BWA,2016,125.0
dcs:who/HEMOGLOBINLEVEL_NONPREGNANT_MEAN,dcid:country/BWA,2000,124.0
dcs:who/HEMOGLOBINLEVEL_NONPREGNANT_MEAN,dcid:country/BWA,2014,126.0
dcs:who/HEMOGLOBINLEVEL_NONPREGNANT_MEAN,dcid:country/BWA,2009,125.0
dcs:who/HEMOGLOBINLEVEL_NONPREGNANT_MEAN,dcid:country/BWA,2002,124.0
dcs:who/HEMOGLOBINLEVEL_NONPREGNANT_MEAN,dcid:country/BWA,2012,126.0
dcs:who/HEMOGLOBINLEVEL_NONPREGNANT_MEAN,dcid:country/BWA,2003,124.0
dcs:who/HEMOGLOBINLEVEL_NONPREGNANT_MEAN,dcid:country/BWA,2013,126.0
dcs:who/HEMOGLOBINLEVEL_NONPREGNANT_MEAN,dcid:country/BWA,2007,125.0
dcs:who/HEMOGLOBINLEVEL_NONPREGNANT_MEAN,dcid:country/BWA,2019,125.0
dcs:who/HEMOGLOBINLEVEL_NONPREGNANT_MEAN,dcid:country/BWA,2017,125.0
dcs:who/HEMOGLOBINLEVEL_NONPREGNANT_MEAN,dcid:country/CAF,2008,119.0
dcs:who/HEMOGLOBINLEVEL_NONPREGNANT_MEAN,dcid:country/CAF,2018,120.0
dcs:who/HEMOGLOBINLEVEL_NONPREGNANT_MEAN,dcid:country/CAF,2002,119.0
dcs:who/HEMOGLOBINLEVEL_NONPREGNANT_MEAN,dcid:country/CAF,2000,119.0
dcs:who/HEMOGLOBINLEVEL_NONPREGNANT_MEAN,dcid:country/CAF,2001,119.0
dcs:who/HEMOGLOBINLEVEL_NONPREGNANT_MEAN,dcid:country/CAF,2007,119.0
dcs:who/HEMOGLOBINLEVEL_NONPREGNANT_MEAN,dcid:country/CAF,2005,119.0
dcs:who/HEMOGLOBINLEVEL_NONPREGNANT_MEAN,dcid:country/CAF,2019,120.0
dcs:who/HEMOGLOBINLEVEL_NONPREGNANT_MEAN,dcid:country/CAF,2016,120.0
dcs:who/HEMOGLOBINLEVEL_NONPREGNANT_MEAN,dcid:country/CAF,2003,119.0
dcs:who/HEMOGLOBINLEVEL_NONPREGNANT_MEAN,dcid:country/CAF,2006,119.0
dcs:who/HEMOGLOBINLEVEL_NONPREGNANT_MEAN,dcid:country/CAF,2004,119.0
dcs:who/HEMOGLOBINLEVEL_NONPREGNANT_MEAN,dcid:country/CAF,2013,120.0
dcs:who/HEMOGLOBINLEVEL_NONPREGNANT_MEAN,dcid:country/CAF,2009,120.0
dcs:who/HEMOGLOBINLEVEL_NONPREGNANT_MEAN,dcid:country/CAF,2017,120.0
dcs:who/HEMOGLOBINLEVEL_NONPREGNANT_MEAN,dcid:country/CAF,2015,120.0
dcs:who/HEMOGLOBINLEVEL_NONPREGNANT_MEAN,dcid:country/CAF,2012,120.0
dcs:who/HEMOGLOBINLEVEL_NONPREGNANT_MEAN,dcid:country/CAF,2014,120.0
dcs:who/HEMOGLOBINLEVEL_NONPREGNANT_MEAN,dcid:country/CAF,2010,120.0
dcs:who/HEMOGLOBINLEVEL_NONPREGNANT_MEAN,dcid:country/CAF,2011,120.0
dcs:who/HEMOGLOBINLEVEL_NONPREGNANT_MEAN,dcid:country/CAN,2001,133.0
dcs:who/HEMOGLOBINLEVEL_NONPREGNANT_MEAN,dcid:country/CAN,2012,133.0
dcs:who/HEMOGLOBINLEVEL_NONPREGNANT_MEAN,dcid:country/CAN,2011,133.0
dcs:who/HEMOGLOBINLEVEL_NONPREGNANT_MEAN,dcid:country/CAN,2009,133.0
dcs:who/HEMOGLOBINLEVEL_NONPREGNANT_MEAN,dcid:country/CAN,2013,133.0
dcs:who/HEMOGLOBINLEVEL_NONPREGNANT_MEAN,dcid:country/CAN,2007,133.0
dcs:who/HEMOGLOBINLEVEL_NONPREGNANT_MEAN,dcid:country/CAN,2000,133.0
dcs:who/HEMOGLOBINLEVEL_NONPREGNANT_MEAN,dcid:country/CAN,2019,132.0
dcs:who/HEMOGLOBINLEVEL_NONPREGNANT_MEAN,dcid:country/CAN,2004,133.0
dcs:who/HEMOGLOBINLEVEL_NONPREGNANT_MEAN,dcid:country/CAN,2015,133.0
dcs:who/HEMOGLOBINLEVEL_NONPREGNANT_MEAN,dcid:country/CAN,2003,133.0
dcs:who/HEMOGLOBINLEVEL_NONPREGNANT_MEAN,dcid:country/CAN,2014,133.0
dcs:who/HEMOGLOBINLEVEL_NONPREGNANT_MEAN,dcid:country/CAN,2006,133.0
dcs:who/HEMOGLOBINLEVEL_NONPREGNANT_MEAN,dcid:country/CAN,2008,133.0
dcs:who/HEMOGLOBINLEVEL_NONPREGNANT_MEAN,dcid:country/CAN,2017,133.0
dcs:who/HEMOGLOBINLEVEL_NONPREGNANT_MEAN,dcid:country/CAN,2002,133.0
dcs:who/HEMOGLOBINLEVEL_NONPREGNANT_MEAN,dcid:country/CAN,2010,133.0
dcs:who/HEMOGLOBINLEVEL_NONPREGNANT_MEAN,dcid:country/CAN,2016,133.0
dcs:who/HEMOGLOBINLEVEL_NONPREGNANT_MEAN,dcid:country/CAN,2018,133.0
dcs:who/HEMOGLOBINLEVEL_NONPREGNANT_MEAN,dcid:country/CAN,2005,133.0
dcs:who/HEMOGLOBINLEVEL_NONPREGNANT_MEAN,dcid:country/CHE,2015,132.0
dcs:who/HEMOGLOBINLEVEL_NONPREGNANT_MEAN,dcid:country/CHE,2004,132.0
dcs:who/HEMOGLOBINLEVEL_NONPREGNANT_MEAN,dcid:country/CHE,2002,132.0
dcs:who/HEMOGLOBINLEVEL_NONPREGNANT_MEAN,dcid:country/CHE,2010,132.0
dcs:who/HEMOGLOBINLEVEL_NONPREGNANT_MEAN,dcid:country/CHE,2008,132.0
dcs:who/HEMOGLOBINLEVEL_NONPREGNANT_MEAN,dcid:country/CHE,2005,132.0
dcs:who/HEMOGLOBINLEVEL_NONPREGNANT_MEAN,dcid:country/CHE,2000,132.0
dcs:who/HEMOGLOBINLEVEL_NONPREGNANT_MEAN,dcid:country/CHE,2001,132.0
dcs:who/HEMOGLOBINLEVEL_NONPREGNANT_MEAN,dcid:country/CHE,2009,132.0
dcs:who/HEMOGLOBINLEVEL_NONPREGNANT_MEAN,dcid:country/CHE,2003,132.0
dcs:who/HEMOGLOBINLEVEL_NONPREGNANT_MEAN,dcid:country/CHE,2014,132.0
dcs:who/HEMOGLOBINLEVEL_NONPREGNANT_MEAN,dcid:country/CHE,2019,132.0
dcs:who/HEMOGLOBINLEVEL_NONPREGNANT_MEAN,dcid:country/CHE,2018,132.0
dcs:who/HEMOGLOBINLEVEL_NONPREGNANT_MEAN,dcid:country/CHE,2016,132.0
dcs:who/HEMOGLOBINLEVEL_NONPREGNANT_MEAN,dcid:country/CHE,2006,132.0
dcs:who/HEMOGLOBINLEVEL_NONPREGNANT_MEAN,dcid:country/CHE,2017,132.0
dcs:who/HEMOGLOBINLEVEL_NONPREGNANT_MEAN,dcid:country/CHE,2013,132.0
dcs:who/HEMOGLOBINLEVEL_NONPREGNANT_MEAN,dcid:country/CHE,2011,132.0
dcs:who/HEMOGLOBINLEVEL_NONPREGNANT_MEAN,dcid:country/CHE,2007,132.0
dcs:who/HEMOGLOBINLEVEL_NONPREGNANT_MEAN,dcid:country/CHE,2012,132.0
dcs:who/HEMOGLOBINLEVEL_NONPREGNANT_MEAN,dcid:country/CHL,2014,134.0
dcs:who/HEMOGLOBINLEVEL_NONPREGNANT_MEAN,dcid:country/CHL,2017,134.0
dcs:who/HEMOGLOBINLEVEL_NONPREGNANT_MEAN,dcid:country/CHL,2001,134.0
dcs:who/HEMOGLOBINLEVEL_NONPREGNANT_MEAN,dcid:country/CHL,2008,134.0
dcs:who/HEMOGLOBINLEVEL_NONPREGNANT_MEAN,dcid:country/CHL,2003,134.0
dcs:who/HEMOGLOBINLEVEL_NONPREGNANT_MEAN,dcid:country/CHL,2019,134.0
dcs:who/HEMOGLOBINLEVEL_NONPREGNANT_MEAN,dcid:country/CHL,2006,134.0
dcs:who/HEMOGLOBINLEVEL_NONPREGNANT_MEAN,dcid:country/CHL,2010,134.0
dcs:who/HEMOGLOBINLEVEL_NONPREGNANT_MEAN,dcid:country/CHL,2011,134.0
dcs:who/HEMOGLOBINLEVEL_NONPREGNANT_MEAN,dcid:country/CHL,2015,134.0
dcs:who/HEMOGLOBINLEVEL_NONPREGNANT_MEAN,dcid:country/CHL,2013,134.0
dcs:who/HEMOGLOBINLEVEL_NONPREGNANT_MEAN,dcid:country/CHL,2004,134.0
dcs:who/HEMOGLOBINLEVEL_NONPREGNANT_MEAN,dcid:country/CHL,2000,134.0
dcs:who/HEMOGLOBINLEVEL_NONPREGNANT_MEAN,dcid:country/CHL,2007,134.0
dcs:who/HEMOGLOBINLEVEL_NONPREGNANT_MEAN,dcid:country/CHL,2016,134.0
dcs:who/HEMOGLOBINLEVEL_NONPREGNANT_MEAN,dcid:country/CHL,2012,134.0
dcs:who/HEMOGLOBINLEVEL_NONPREGNANT_MEAN,dcid:country/CHL,2009,134.0
dcs:who/HEMOGLOBINLEVEL_NONPREGNANT_MEAN,dcid:country/CHL,2005,134.0
dcs:who/HEMOGLOBINLEVEL_NONPREGNANT_MEAN,dcid:country/CHL,2018,134.0
dcs:who/HEMOGLOBINLEVEL_NONPREGNANT_MEAN,dcid:country/CHL,2002,134.0
dcs:who/HEMOGLOBINLEVEL_NONPREGNANT_MEAN,dcid:country/CHN,2001,130.0
dcs:who/HEMOGLOBINLEVEL_NONPREGNANT_MEAN,dcid:country/CHN,2013,133.0
dcs:who/HEMOGLOBINLEVEL_NONPREGNANT_MEAN,dcid:country/CHN,2019,133.0
dcs:who/HEMOGLOBINLEVEL_NONPREGNANT_MEAN,dcid:country/CHN,2002,131.0
dcs:who/HEMOGLOBINLEVEL_NONPREGNANT_MEAN,dcid:country/CHN,2017,133.0
dcs:who/HEMOGLOBINLEVEL_NONPREGNANT_MEAN,dcid:country/CHN,2010,133.0
dcs:who/HEMOGLOBINLEVEL_NONPREGNANT_MEAN,dcid:country/CHN,2008,132.0
dcs:who/HEMOGLOBINLEVEL_NONPREGNANT_MEAN,dcid:country/CHN,2009,132.0
dcs:who/HEMOGLOBINLEVEL_NONPREGNANT_MEAN,dcid:country/CHN,2006,132.0
dcs:who/HEMOGLOBINLEVEL_NONPREGNANT_MEAN,dcid:country/CHN,2018,133.0
dcs:who/HEMOGLOBINLEVEL_NONPREGNANT_MEAN,dcid:country/CHN,2015,133.0
dcs:who/HEMOGLOBINLEVEL_NONPREGNANT_MEAN,dcid:country/CHN,2003,131.0
dcs:who/HEMOGLOBINLEVEL_NONPREGNANT_MEAN,dcid:country/CHN,2012,133.0
dcs:who/HEMOGLOBINLEVEL_NONPREGNANT_MEAN,dcid:country/CHN,2007,132.0
dcs:who/HEMOGLOBINLEVEL_NONPREGNANT_MEAN,dcid:country/CHN,2014,133.0
dcs:who/HEMOGLOBINLEVEL_NONPREGNANT_MEAN,dcid:country/CHN,2011,133.0
dcs:who/HEMOGLOBINLEVEL_NONPREGNANT_MEAN,dcid:country/CHN,2005,131.0
dcs:who/HEMOGLOBINLEVEL_NONPREGNANT_MEAN,dcid:country/CHN,2016,133.0
dcs:who/HEMOGLOBINLEVEL_NONPREGNANT_MEAN,dcid:country/CHN,2000,130.0
dcs:who/HEMOGLOBINLEVEL_NONPREGNANT_MEAN,dcid:country/CHN,2004,131.0
dcs:who/HEMOGLOBINLEVEL_NONPREGNANT_MEAN,dcid:country/CIV,2013,118.0
dcs:who/HEMOGLOBINLEVEL_NONPREGNANT_MEAN,dcid:country/CIV,2003,117.0
dcs:who/HEMOGLOBINLEVEL_NONPREGNANT_MEAN,dcid:country/CIV,2008,118.0
dcs:who/HEMOGLOBINLEVEL_NONPREGNANT_MEAN,dcid:country/CIV,2011,118.0
dcs:who/HEMOGLOBINLEVEL_NONPREGNANT_MEAN,dcid:country/CIV,2018,118.0
dcs:who/HEMOGLOBINLEVEL_NONPREGNANT_MEAN,dcid:country/CIV,2016,118.0
dcs:who/HEMOGLOBINLEVEL_NONPREGNANT_MEAN,dcid:country/CIV,2000,117.0
dcs:who/HEMOGLOBINLEVEL_NONPREGNANT_MEAN,dcid:country/CIV,2005,117.0
dcs:who/HEMOGLOBINLEVEL_NONPREGNANT_MEAN,dcid:country/CIV,2006,117.0
dcs:who/HEMOGLOBINLEVEL_NONPREGNANT_MEAN,dcid:country/CIV,2010,118.0
dcs:who/HEMOGLOBINLEVEL_NONPREGNANT_MEAN,dcid:country/CIV,2007,117.0
dcs:who/HEMOGLOBINLEVEL_NONPREGNANT_MEAN,dcid:country/CIV,2019,118.0
dcs:who/HEMOGLOBINLEVEL_NONPREGNANT_MEAN,dcid:country/CIV,2004,117.0
dcs:who/HEMOGLOBINLEVEL_NONPREGNANT_MEAN,dcid:country/CIV,2015,118.0
dcs:who/HEMOGLOBINLEVEL_NONPREGNANT_MEAN,dcid:country/CIV,2001,117.0
dcs:who/HEMOGLOBINLEVEL_NONPREGNANT_MEAN,dcid:country/CIV,2012,118.0
dcs:who/HEMOGLOBINLEVEL_NONPREGNANT_MEAN,dcid:country/CIV,2002,117.0
dcs:who/HEMOGLOBINLEVEL_NONPREGNANT_MEAN,dcid:country/CIV,2014,118.0
dcs:who/HEMOGLOBINLEVEL_NONPREGNANT_MEAN,dcid:country/CIV,2017,118.0
dcs:who/HEMOGLOBINLEVEL_NONPREGNANT_MEAN,dcid:country/CIV,2009,118.0
dcs:who/HEMOGLOBINLEVEL_NONPREGNANT_MEAN,dcid:country/CMR,2010,122.0
dcs:who/HEMOGLOBINLEVEL_NONPREGNANT_MEAN,dcid:country/CMR,2011,122.0
dcs:who/HEMOGLOBINLEVEL_NONPREGNANT_MEAN,dcid:country/CMR,2014,122.0
dcs:who/HEMOGLOBINLEVEL_NONPREGNANT_MEAN,dcid:country/CMR,2003,122.0
dcs:who/HEMOGLOBINLEVEL_NONPREGNANT_MEAN,dcid:country/CMR,2007,122.0
dcs:who/HEMOGLOBINLEVEL_NONPREGNANT_MEAN,dcid:country/CMR,2019,122.0
dcs:who/HEMOGLOBINLEVEL_NONPREGNANT_MEAN,dcid:country/CMR,2017,122.0
dcs:who/HEMOGLOBINLEVEL_NONPREGNANT_MEAN,dcid:country/CMR,2008,122.0
dcs:who/HEMOGLOBINLEVEL_NONPREGNANT_MEAN,dcid:country/CMR,2005,122.0
dcs:who/HEMOGLOBINLEVEL_NONPREGNANT_MEAN,dcid:country/CMR,2018,122.0
dcs:who/HEMOGLOBINLEVEL_NONPREGNANT_MEAN,dcid:country/CMR,2004,122.0
dcs:who/HEMOGLOBINLEVEL_NONPREGNANT_MEAN,dcid:country/CMR,2009,122.0
dcs:who/HEMOGLOBINLEVEL_NONPREGNANT_MEAN,dcid:country/CMR,2012,122.0
dcs:who/HEMOGLOBINLEVEL_NONPREGNANT_MEAN,dcid:country/CMR,2000,122.0
dcs:who/HEMOGLOBINLEVEL_NONPREGNANT_MEAN,dcid:country/CMR,2001,122.0
dcs:who/HEMOGLOBINLEVEL_NONPREGNANT_MEAN,dcid:country/CMR,2016,122.0
dcs:who/HEMOGLOBINLEVEL_NONPREGNANT_MEAN,dcid:country/CMR,2002,122.0
dcs:who/HEMOGLOBINLEVEL_NONPREGNANT_MEAN,dcid:country/CMR,2013,122.0
dcs:who/HEMOGLOBINLEVEL_NONPREGNANT_MEAN,dcid:country/CMR,2015,122.0
dcs:who/HEMOGLOBINLEVEL_NONPREGNANT_MEAN,dcid:country/CMR,2006,122.0
dcs:who/HEMOGLOBINLEVEL_NONPREGNANT_MEAN,dcid:country/COD,2005,118.0
dcs:who/HEMOGLOBINLEVEL_NONPREGNANT_MEAN,dcid:country/COD,2014,121.0
dcs:who/HEMOGLOBINLEVEL_NONPREGNANT_MEAN,dcid:country/COD,2019,122.0
dcs:who/HEMOGLOBINLEVEL_NONPREGNANT_MEAN,dcid:country/COD,2016,122.0
dcs:who/HEMOGLOBINLEVEL_NONPREGNANT_MEAN,dcid:country/COD,2001,118.0
dcs:who/HEMOGLOBINLEVEL_NONPREGNANT_MEAN,dcid:country/COD,2008,119.0
dcs:who/HEMOGLOBINLEVEL_NONPREGNANT_MEAN,dcid:country/COD,2013,121.0
dcs:who/HEMOGLOBINLEVEL_NONPREGNANT_MEAN,dcid:country/COD,2006,119.0
dcs:who/HEMOGLOBINLEVEL_NONPREGNANT_MEAN,dcid:country/COD,2018,122.0
dcs:who/HEMOGLOBINLEVEL_NONPREGNANT_MEAN,dcid:country/COD,2010,120.0
dcs:who/HEMOGLOBINLEVEL_NONPREGNANT_MEAN,dcid:country/COD,2012,121.0
dcs:who/HEMOGLOBINLEVEL_NONPREGNANT_MEAN,dcid:country/COD,2011,120.0
dcs:who/HEMOGLOBINLEVEL_NONPREGNANT_MEAN,dcid:country/COD,2002,118.0
dcs:who/HEMOGLOBINLEVEL_NONPREGNANT_MEAN,dcid:country/COD,2004,118.0
dcs:who/HEMOGLOBINLEVEL_NONPREGNANT_MEAN,dcid:country/COD,2009,120.0
dcs:who/HEMOGLOBINLEVEL_NONPREGNANT_MEAN,dcid:country/COD,2003,118.0
dcs:who/HEMOGLOBINLEVEL_NONPREGNANT_MEAN,dcid:country/COD,2017,122.0
dcs:who/HEMOGLOBINLEVEL_NONPREGNANT_MEAN,dcid:country/COD,2000,118.0
dcs:who/HEMOGLOBINLEVEL_NONPREGNANT_MEAN,dcid:country/COD,2015,121.0
dcs:who/HEMOGLOBINLEVEL_NONPREGNANT_MEAN,dcid:country/COD,2007,119.0
dcs:who/HEMOGLOBINLEVEL_NONPREGNANT_MEAN,dcid:country/COG,2000,116.0
dcs:who/HEMOGLOBINLEVEL_NONPREGNANT_MEAN,dcid:country/COG,2002,116.0
dcs:who/HEMOGLOBINLEVEL_NONPREGNANT_MEAN,dcid:country/COG,2007,117.0
dcs:who/HEMOGLOBINLEVEL_NONPREGNANT_MEAN,dcid:country/COG,2014,119.0
dcs:who/HEMOGLOBINLEVEL_NONPREGNANT_MEAN,dcid:country/COG,2005,116.0
dcs:who/HEMOGLOBINLEVEL_NONPREGNANT_MEAN,dcid:country/COG,2006,117.0
dcs:who/HEMOGLOBINLEVEL_NONPREGNANT_MEAN,dcid:country/COG,2008,117.0
dcs:who/HEMOGLOBINLEVEL_NONPREGNANT_MEAN,dcid:country/COG,2017,119.0
dcs:who/HEMOGLOBINLEVEL_NONPREGNANT_MEAN,dcid:country/COG,2010,118.0
dcs:who/HEMOGLOBINLEVEL_NONPREGNANT_MEAN,dcid:country/COG,2012,118.0
dcs:who/HEMOGLOBINLEVEL_NONPREGNANT_MEAN,dcid:country/COG,2011,118.0
dcs:who/HEMOGLOBINLEVEL_NONPREGNANT_MEAN,dcid:country/COG,2013,118.0
dcs:who/HEMOGLOBINLEVEL_NONPREGNANT_MEAN,dcid:country/COG,2015,119.0
dcs:who/HEMOGLOBINLEVEL_NONPREGNANT_MEAN,dcid:country/COG,2001,116.0
dcs:who/HEMOGLOBINLEVEL_NONPREGNANT_MEAN,dcid:country/COG,2016,119.0
dcs:who/HEMOGLOBINLEVEL_NONPREGNANT_MEAN,dcid:country/COG,2018,119.0
dcs:who/HEMOGLOBINLEVEL_NONPREGNANT_MEAN,dcid:country/COG,2004,116.0
dcs:who/HEMOGLOBINLEVEL_NONPREGNANT_MEAN,dcid:country/COG,2019,120.0
dcs:who/HEMOGLOBINLEVEL_NONPREGNANT_MEAN,dcid:country/COG,2009,117.0
dcs:who/HEMOGLOBINLEVEL_NONPREGNANT_MEAN,dcid:country/COG,2003,116.0
dcs:who/HEMOGLOBINLEVEL_NONPREGNANT_MEAN,dcid:country/COK,2003,127.0
dcs:who/HEMOGLOBINLEVEL_NONPREGNANT_MEAN,dcid:country/COK,2013,127.0
dcs:who/HEMOGLOBINLEVEL_NONPREGNANT_MEAN,dcid:country/COK,2011,127.0
dcs:who/HEMOGLOBINLEVEL_NONPREGNANT_MEAN,dcid:country/COK,2001,127.0
dcs:who/HEMOGLOBINLEVEL_NONPREGNANT_MEAN,dcid:country/COK,2019,127.0
dcs:who/HEMOGLOBINLEVEL_NONPREGNANT_MEAN,dcid:country/COK,2018,127.0
dcs:who/HEMOGLOBINLEVEL_NONPREGNANT_MEAN,dcid:country/COK,2012,127.0
dcs:who/HEMOGLOBINLEVEL_NONPREGNANT_MEAN,dcid:country/COK,2016,127.0
dcs:who/HEMOGLOBINLEVEL_NONPREGNANT_MEAN,dcid:country/COK,2015,127.0
dcs:who/HEMOGLOBINLEVEL_NONPREGNANT_MEAN,dcid:country/COK,2008,127.0
dcs:who/HEMOGLOBINLEVEL_NONPREGNANT_MEAN,dcid:country/COK,2006,127.0
dcs:who/HEMOGLOBINLEVEL_NONPREGNANT_MEAN,dcid:country/COK,2009,127.0
dcs:who/HEMOGLOBINLEVEL_NONPREGNANT_MEAN,dcid:country/COK,2000,127.0
dcs:who/HEMOGLOBINLEVEL_NONPREGNANT_MEAN,dcid:country/COK,2010,127.0
dcs:who/HEMOGLOBINLEVEL_NONPREGNANT_MEAN,dcid:country/COK,2017,127.0
dcs:who/HEMOGLOBINLEVEL_NONPREGNANT_MEAN,dcid:country/COK,2002,127.0
dcs:who/HEMOGLOBINLEVEL_NONPREGNANT_MEAN,dcid:country/COK,2007,127.0
dcs:who/HEMOGLOBINLEVEL_NONPREGNANT_MEAN,dcid:country/COK,2014,127.0
dcs:who/HEMOGLOBINLEVEL_NONPREGNANT_MEAN,dcid:country/COK,2004,127.0
dcs:who/HEMOGLOBINLEVEL_NONPREGNANT_MEAN,dcid:country/COK,2005,127.0
dcs:who/HEMOGLOBINLEVEL_NONPREGNANT_MEAN,dcid:country/COL,2003,126.0
dcs:who/HEMOGLOBINLEVEL_NONPREGNANT_MEAN,dcid:country/COL,2018,130.0
dcs:who/HEMOGLOBINLEVEL_NONPREGNANT_MEAN,dcid:country/COL,2004,126.0
dcs:who/HEMOGLOBINLEVEL_NONPREGNANT_MEAN,dcid:country/COL,2009,128.0
dcs:who/HEMOGLOBINLEVEL_NONPREGNANT_MEAN,dcid:country/COL,2019,130.0
dcs:who/HEMOGLOBINLEVEL_NONPREGNANT_MEAN,dcid:country/COL,2013,129.0
dcs:who/HEMOGLOBINLEVEL_NONPREGNANT_MEAN,dcid:country/COL,2015,130.0
dcs:who/HEMOGLOBINLEVEL_NONPREGNANT_MEAN,dcid:country/COL,2000,126.0
dcs:who/HEMOGLOBINLEVEL_NONPREGNANT_MEAN,dcid:country/COL,2008,128.0
dcs:who/HEMOGLOBINLEVEL_NONPREGNANT_MEAN,dcid:country/COL,2016,130.0
dcs:who/HEMOGLOBINLEVEL_NONPREGNANT_MEAN,dcid:country/COL,2002,126.0
dcs:who/HEMOGLOBINLEVEL_NONPREGNANT_MEAN,dcid:country/COL,2001,126.0
dcs:who/HEMOGLOBINLEVEL_NONPREGNANT_MEAN,dcid:country/COL,2007,127.0
dcs:who/HEMOGLOBINLEVEL_NONPREGNANT_MEAN,dcid:country/COL,2011,129.0
dcs:who/HEMOGLOBINLEVEL_NONPREGNANT_MEAN,dcid:country/COL,2005,127.0
dcs:who/HEMOGLOBINLEVEL_NONPREGNANT_MEAN,dcid:country/COL,2006,127.0
dcs:who/HEMOGLOBINLEVEL_NONPREGNANT_MEAN,dcid:country/COL,2012,129.0
dcs:who/HEMOGLOBINLEVEL_NONPREGNANT_MEAN,dcid:country/COL,2010,129.0
dcs:who/HEMOGLOBINLEVEL_NONPREGNANT_MEAN,dcid:country/COL,2017,130.0
dcs:who/HEMOGLOBINLEVEL_NONPREGNANT_MEAN,dcid:country/COL,2014,130.0
dcs:who/HEMOGLOBINLEVEL_NONPREGNANT_MEAN,dcid:country/COM,2007,125.0
dcs:who/HEMOGLOBINLEVEL_NONPREGNANT_MEAN,dcid:country/COM,2000,124.0
dcs:who/HEMOGLOBINLEVEL_NONPREGNANT_MEAN,dcid:country/COM,2008,125.0
dcs:who/HEMOGLOBINLEVEL_NONPREGNANT_MEAN,dcid:country/COM,2011,126.0
dcs:who/HEMOGLOBINLEVEL_NONPREGNANT_MEAN,dcid:country/COM,2019,125.0
dcs:who/HEMOGLOBINLEVEL_NONPREGNANT_MEAN,dcid:country/COM,2018,125.0
dcs:who/HEMOGLOBINLEVEL_NONPREGNANT_MEAN,dcid:country/COM,2013,126.0
dcs:who/HEMOGLOBINLEVEL_NONPREGNANT_MEAN,dcid:country/COM,2004,124.0
dcs:who/HEMOGLOBINLEVEL_NONPREGNANT_MEAN,dcid:country/COM,2001,124.0
dcs:who/HEMOGLOBINLEVEL_NONPREGNANT_MEAN,dcid:country/COM,2015,126.0
dcs:who/HEMOGLOBINLEVEL_NONPREGNANT_MEAN,dcid:country/COM,2010,126.0
dcs:who/HEMOGLOBINLEVEL_NONPREGNANT_MEAN,dcid:country/COM,2017,125.0
dcs:who/HEMOGLOBINLEVEL_NONPREGNANT_MEAN,dcid:country/COM,2006,125.0
dcs:who/HEMOGLOBINLEVEL_NONPREGNANT_MEAN,dcid:country/COM,2002,124.0
dcs:who/HEMOGLOBINLEVEL_NONPREGNANT_MEAN,dcid:country/COM,2012,126.0
dcs:who/HEMOGLOBINLEVEL_NONPREGNANT_MEAN,dcid:country/COM,2009,125.0
dcs:who/HEMOGLOBINLEVEL_NONPREGNANT_MEAN,dcid:country/COM,2016,125.0
dcs:who/HEMOGLOBINLEVEL_NONPREGNANT_MEAN,dcid:country/COM,2014,126.0
dcs:who/HEMOGLOBINLEVEL_NONPREGNANT_MEAN,dcid:country/COM,2003,124.0
dcs:who/HEMOGLOBINLEVEL_NONPREGNANT_MEAN,dcid:country/COM,2005,125.0
dcs:who/HEMOGLOBINLEVEL_NONPREGNANT_MEAN,dcid:country/CPV,2007,126.0
dcs:who/HEMOGLOBINLEVEL_NONPREGNANT_MEAN,dcid:country/CPV,2018,128.0
dcs:who/HEMOGLOBINLEVEL_NONPREGNANT_MEAN,dcid:country/CPV,2006,126.0
dcs:who/HEMOGLOBINLEVEL_NONPREGNANT_MEAN,dcid:country/CPV,2017,128.0
dcs:who/HEMOGLOBINLEVEL_NONPREGNANT_MEAN,dcid:country/CPV,2013,127.0
dcs:who/HEMOGLOBINLEVEL_NONPREGNANT_MEAN,dcid:country/CPV,2015,127.0
dcs:who/HEMOGLOBINLEVEL_NONPREGNANT_MEAN,dcid:country/CPV,2004,126.0
dcs:who/HEMOGLOBINLEVEL_NONPREGNANT_MEAN,dcid:country/CPV,2005,126.0
dcs:who/HEMOGLOBINLEVEL_NONPREGNANT_MEAN,dcid:country/CPV,2002,126.0
dcs:who/HEMOGLOBINLEVEL_NONPREGNANT_MEAN,dcid:country/CPV,2009,127.0
dcs:who/HEMOGLOBINLEVEL_NONPREGNANT_MEAN,dcid:country/CPV,2012,127.0
dcs:who/HEMOGLOBINLEVEL_NONPREGNANT_MEAN,dcid:country/CPV,2001,126.0
dcs:who/HEMOGLOBINLEVEL_NONPREGNANT_MEAN,dcid:country/CPV,2016,128.0
dcs:who/HEMOGLOBINLEVEL_NONPREGNANT_MEAN,dcid:country/CPV,2019,128.0
dcs:who/HEMOGLOBINLEVEL_NONPREGNANT_MEAN,dcid:country/CPV,2000,125.0
dcs:who/HEMOGLOBINLEVEL_NONPREGNANT_MEAN,dcid:country/CPV,2014,127.0
dcs:who/HEMOGLOBINLEVEL_NONPREGNANT_MEAN,dcid:country/CPV,2008,127.0
dcs:who/HEMOGLOBINLEVEL_NONPREGNANT_MEAN,dcid:country/CPV,2011,127.0
dcs:who/HEMOGLOBINLEVEL_NONPREGNANT_MEAN,dcid:country/CPV,2010,127.0
dcs:who/HEMOGLOBINLEVEL_NONPREGNANT_MEAN,dcid:country/CPV,2003,126.0
dcs:who/HEMOGLOBINLEVEL_NONPREGNANT_MEAN,dcid:country/CRI,2015,132.0
dcs:who/HEMOGLOBINLEVEL_NONPREGNANT_MEAN,dcid:country/CRI,2002,131.0
dcs:who/HEMOGLOBINLEVEL_NONPREGNANT_MEAN,dcid:country/CRI,2004,131.0
dcs:who/HEMOGLOBINLEVEL_NONPREGNANT_MEAN,dcid:country/CRI,2018,132.0
dcs:who/HEMOGLOBINLEVEL_NONPREGNANT_MEAN,dcid:country/CRI,2007,132.0
dcs:who/HEMOGLOBINLEVEL_NONPREGNANT_MEAN,dcid:country/CRI,2008,132.0
dcs:who/HEMOGLOBINLEVEL_NONPREGNANT_MEAN,dcid:country/CRI,2016,132.0
dcs:who/HEMOGLOBINLEVEL_NONPREGNANT_MEAN,dcid:country/CRI,2001,131.0
dcs:who/HEMOGLOBINLEVEL_NONPREGNANT_MEAN,dcid:country/CRI,2013,132.0
dcs:who/HEMOGLOBINLEVEL_NONPREGNANT_MEAN,dcid:country/CRI,2011,132.0
dcs:who/HEMOGLOBINLEVEL_NONPREGNANT_MEAN,dcid:country/CRI,2010,132.0
dcs:who/HEMOGLOBINLEVEL_NONPREGNANT_MEAN,dcid:country/CRI,2012,132.0
dcs:who/HEMOGLOBINLEVEL_NONPREGNANT_MEAN,dcid:country/CRI,2003,131.0
dcs:who/HEMOGLOBINLEVEL_NONPREGNANT_MEAN,dcid:country/CRI,2019,132.0
dcs:who/HEMOGLOBINLEVEL_NONPREGNANT_MEAN,dcid:country/CRI,2014,132.0
dcs:who/HEMOGLOBINLEVEL_NONPREGNANT_MEAN,dcid:country/CRI,2006,132.0
dcs:who/HEMOGLOBINLEVEL_NONPREGNANT_MEAN,dcid:country/CRI,2005,131.0
dcs:who/HEMOGLOBINLEVEL_NONPREGNANT_MEAN,dcid:country/CRI,2017,132.0
dcs:who/HEMOGLOBINLEVEL_NONPREGNANT_MEAN,dcid:country/CRI,2000,130.0
dcs:who/HEMOGLOBINLEVEL_NONPREGNANT_MEAN,dcid:country/CRI,2009,132.0
dcs:who/HEMOGLOBINLEVEL_NONPREGNANT_MEAN,dcid:country/CUB,2011,130.0
dcs:who/HEMOGLOBINLEVEL_NONPREGNANT_MEAN,dcid:country/CUB,2013,130.0
dcs:who/HEMOGLOBINLEVEL_NONPREGNANT_MEAN,dcid:country/CUB,2019,130.0
dcs:who/HEMOGLOBINLEVEL_NONPREGNANT_MEAN,dcid:country/CUB,2010,129.0
dcs:who/HEMOGLOBINLEVEL_NONPREGNANT_MEAN,dcid:country/CUB,2007,128.0
dcs:who/HEMOGLOBINLEVEL_NONPREGNANT_MEAN,dcid:country/CUB,2016,130.0
dcs:who/HEMOGLOBINLEVEL_NONPREGNANT_MEAN,dcid:country/CUB,2006,128.0
dcs:who/HEMOGLOBINLEVEL_NONPREGNANT_MEAN,dcid:country/CUB,2014,130.0
dcs:who/HEMOGLOBINLEVEL_NONPREGNANT_MEAN,dcid:country/CUB,2008,129.0
dcs:who/HEMOGLOBINLEVEL_NONPREGNANT_MEAN,dcid:country/CUB,2017,130.0
dcs:who/HEMOGLOBINLEVEL_NONPREGNANT_MEAN,dcid:country/CUB,2001,126.0
dcs:who/HEMOGLOBINLEVEL_NONPREGNANT_MEAN,dcid:country/CUB,2009,129.0
dcs:who/HEMOGLOBINLEVEL_NONPREGNANT_MEAN,dcid:country/CUB,2018,130.0
dcs:who/HEMOGLOBINLEVEL_NONPREGNANT_MEAN,dcid:country/CUB,2015,130.0
dcs:who/HEMOGLOBINLEVEL_NONPREGNANT_MEAN,dcid:country/CUB,2005,128.0
dcs:who/HEMOGLOBINLEVEL_NONPREGNANT_MEAN,dcid:country/CUB,2003,127.0
dcs:who/HEMOGLOBINLEVEL_NONPREGNANT_MEAN,dcid:country/CUB,2012,130.0
dcs:who/HEMOGLOBINLEVEL_NONPREGNANT_MEAN,dcid:country/CUB,2000,126.0
dcs:who/HEMOGLOBINLEVEL_NONPREGNANT_MEAN,dcid:country/CUB,2002,127.0
dcs:who/HEMOGLOBINLEVEL_NONPREGNANT_MEAN,dcid:country/CUB,2004,127.0
dcs:who/HEMOGLOBINLEVEL_NONPREGNANT_MEAN,dcid:country/CYP,2007,131.0
dcs:who/HEMOGLOBINLEVEL_NONPREGNANT_MEAN,dcid:country/CYP,2016,131.0
dcs:who/HEMOGLOBINLEVEL_NONPREGNANT_MEAN,dcid:country/CYP,2018,131.0
dcs:who/HEMOGLOBINLEVEL_NONPREGNANT_MEAN,dcid:country/CYP,2003,131.0
dcs:who/HEMOGLOBINLEVEL_NONPREGNANT_MEAN,dcid:country/CYP,2005,131.0
dcs:who/HEMOGLOBINLEVEL_NONPREGNANT_MEAN,dcid:country/CYP,2010,131.0
dcs:who/HEMOGLOBINLEVEL_NONPREGNANT_MEAN,dcid:country/CYP,2009,131.0
dcs:who/HEMOGLOBINLEVEL_NONPREGNANT_MEAN,dcid:country/CYP,2011,131.0
dcs:who/HEMOGLOBINLEVEL_NONPREGNANT_MEAN,dcid:country/CYP,2017,131.0
dcs:who/HEMOGLOBINLEVEL_NONPREGNANT_MEAN,dcid:country/CYP,2000,131.0
dcs:who/HEMOGLOBINLEVEL_NONPREGNANT_MEAN,dcid:country/CYP,2001,131.0
dcs:who/HEMOGLOBINLEVEL_NONPREGNANT_MEAN,dcid:country/CYP,2006,131.0
dcs:who/HEMOGLOBINLEVEL_NONPREGNANT_MEAN,dcid:country/CYP,2014,131.0
dcs:who/HEMOGLOBINLEVEL_NONPREGNANT_MEAN,dcid:country/CYP,2002,131.0
dcs:who/HEMOGLOBINLEVEL_NONPREGNANT_MEAN,dcid:country/CYP,2012,131.0
dcs:who/HEMOGLOBINLEVEL_NONPREGNANT_MEAN,dcid:country/CYP,2015,131.0
dcs:who/HEMOGLOBINLEVEL_NONPREGNANT_MEAN,dcid:country/CYP,2019,131.0
dcs:who/HEMOGLOBINLEVEL_NONPREGNANT_MEAN,dcid:country/CYP,2013,131.0
dcs:who/HEMOGLOBINLEVEL_NONPREGNANT_MEAN,dcid:country/CYP,2008,131.0
dcs:who/HEMOGLOBINLEVEL_NONPREGNANT_MEAN,dcid:country/CYP,2004,131.0
dcs:who/HEMOGLOBINLEVEL_NONPREGNANT_MEAN,dcid:country/CZE,2003,130.0
dcs:who/HEMOGLOBINLEVEL_NONPREGNANT_MEAN,dcid:country/CZE,2015,129.0
dcs:who/HEMOGLOBINLEVEL_NONPREGNANT_MEAN,dcid:country/CZE,2012,129.0
dcs:who/HEMOGLOBINLEVEL_NONPREGNANT_MEAN,dcid:country/CZE,2008,129.0
dcs:who/HEMOGLOBINLEVEL_NONPREGNANT_MEAN,dcid:country/CZE,2005,130.0
dcs:who/HEMOGLOBINLEVEL_NONPREGNANT_MEAN,dcid:country/CZE,2007,130.0
dcs:who/HEMOGLOBINLEVEL_NONPREGNANT_MEAN,dcid:country/CZE,2016,129.0
dcs:who/HEMOGLOBINLEVEL_NONPREGNANT_MEAN,dcid:country/CZE,2017,129.0
dcs:who/HEMOGLOBINLEVEL_NONPREGNANT_MEAN,dcid:country/CZE,2019,129.0
dcs:who/HEMOGLOBINLEVEL_NONPREGNANT_MEAN,dcid:country/CZE,2002,130.0
dcs:who/HEMOGLOBINLEVEL_NONPREGNANT_MEAN,dcid:country/CZE,2018,129.0
dcs:who/HEMOGLOBINLEVEL_NONPREGNANT_MEAN,dcid:country/CZE,2001,130.0
dcs:who/HEMOGLOBINLEVEL_NONPREGNANT_MEAN,dcid:country/CZE,2010,129.0
dcs:who/HEMOGLOBINLEVEL_NONPREGNANT_MEAN,dcid:country/CZE,2014,129.0
dcs:who/HEMOGLOBINLEVEL_NONPREGNANT_MEAN,dcid:country/CZE,2000,130.0
dcs:who/HEMOGLOBINLEVEL_NONPREGNANT_MEAN,dcid:country/CZE,2004,130.0
dcs:who/HEMOGLOBINLEVEL_NONPREGNANT_MEAN,dcid:country/CZE,2009,129.0
dcs:who/HEMOGLOBINLEVEL_NONPREGNANT_MEAN,dcid:country/CZE,2011,129.0
dcs:who/HEMOGLOBINLEVEL_NONPREGNANT_MEAN,dcid:country/CZE,2006,130.0
dcs:who/HEMOGLOBINLEVEL_NONPREGNANT_MEAN,dcid:country/CZE,2013,129.0
dcs:who/HEMOGLOBINLEVEL_NONPREGNANT_MEAN,dcid:country/DEU,2013,132.0
dcs:who/HEMOGLOBINLEVEL_NONPREGNANT_MEAN,dcid:country/DEU,2015,132.0
dcs:who/HEMOGLOBINLEVEL_NONPREGNANT_MEAN,dcid:country/DEU,2011,132.0
dcs:who/HEMOGLOBINLEVEL_NONPREGNANT_MEAN,dcid:country/DEU,2007,132.0
dcs:who/HEMOGLOBINLEVEL_NONPREGNANT_MEAN,dcid:country/DEU,2014,132.0
dcs:who/HEMOGLOBINLEVEL_NONPREGNANT_MEAN,dcid:country/DEU,2004,132.0
dcs:who/HEMOGLOBINLEVEL_NONPREGNANT_MEAN,dcid:country/DEU,2002,132.0
dcs:who/HEMOGLOBINLEVEL_NONPREGNANT_MEAN,dcid:country/DEU,2017,132.0
dcs:who/HEMOGLOBINLEVEL_NONPREGNANT_MEAN,dcid:country/DEU,2001,132.0
dcs:who/HEMOGLOBINLEVEL_NONPREGNANT_MEAN,dcid:country/DEU,2005,132.0
dcs:who/HEMOGLOBINLEVEL_NONPREGNANT_MEAN,dcid:country/DEU,2010,132.0
dcs:who/HEMOGLOBINLEVEL_NONPREGNANT_MEAN,dcid:country/DEU,2019,132.0
dcs:who/HEMOGLOBINLEVEL_NONPREGNANT_MEAN,dcid:country/DEU,2016,132.0
dcs:who/HEMOGLOBINLEVEL_NONPREGNANT_MEAN,dcid:country/DEU,2018,132.0
dcs:who/HEMOGLOBINLEVEL_NONPREGNANT_MEAN,dcid:country/DEU,2008,132.0
dcs:who/HEMOGLOBINLEVEL_NONPREGNANT_MEAN,dcid:country/DEU,2012,132.0
dcs:who/HEMOGLOBINLEVEL_NONPREGNANT_MEAN,dcid:country/DEU,2006,132.0
dcs:who/HEMOGLOBINLEVEL_NONPREGNANT_MEAN,dcid:country/DEU,2000,132.0
dcs:who/HEMOGLOBINLEVEL_NONPREGNANT_MEAN,dcid:country/DEU,2003,132.0
dcs:who/HEMOGLOBINLEVEL_NONPREGNANT_MEAN,dcid:country/DEU,2009,132.0
dcs:who/HEMOGLOBINLEVEL_NONPREGNANT_MEAN,dcid:country/DJI,2010,126.0
dcs:who/HEMOGLOBINLEVEL_NONPREGNANT_MEAN,dcid:country/DJI,2003,125.0
dcs:who/HEMOGLOBINLEVEL_NONPREGNANT_MEAN,dcid:country/DJI,2019,126.0
dcs:who/HEMOGLOBINLEVEL_NONPREGNANT_MEAN,dcid:country/DJI,2018,126.0
dcs:who/HEMOGLOBINLEVEL_NONPREGNANT_MEAN,dcid:country/DJI,2012,126.0
dcs:who/HEMOGLOBINLEVEL_NONPREGNANT_MEAN,dcid:country/DJI,2008,126.0
dcs:who/HEMOGLOBINLEVEL_NONPREGNANT_MEAN,dcid:country/DJI,2017,126.0
dcs:who/HEMOGLOBINLEVEL_NONPREGNANT_MEAN,dcid:country/DJI,2015,126.0
dcs:who/HEMOGLOBINLEVEL_NONPREGNANT_MEAN,dcid:country/DJI,2004,125.0
dcs:who/HEMOGLOBINLEVEL_NONPREGNANT_MEAN,dcid:country/DJI,2002,125.0
dcs:who/HEMOGLOBINLEVEL_NONPREGNANT_MEAN,dcid:country/DJI,2013,126.0
dcs:who/HEMOGLOBINLEVEL_NONPREGNANT_MEAN,dcid:country/DJI,2007,126.0
dcs:who/HEMOGLOBINLEVEL_NONPREGNANT_MEAN,dcid:country/DJI,2006,126.0
dcs:who/HEMOGLOBINLEVEL_NONPREGNANT_MEAN,dcid:country/DJI,2011,126.0
dcs:who/HEMOGLOBINLEVEL_NONPREGNANT_MEAN,dcid:country/DJI,2016,126.0
dcs:who/HEMOGLOBINLEVEL_NONPREGNANT_MEAN,dcid:country/DJI,2005,126.0
dcs:who/HEMOGLOBINLEVEL_NONPREGNANT_MEAN,dcid:country/DJI,2000,124.0
dcs:who/HEMOGLOBINLEVEL_NONPREGNANT_MEAN,dcid:country/DJI,2014,126.0
dcs:who/HEMOGLOBINLEVEL_NONPREGNANT_MEAN,dcid:country/DJI,2001,124.0
dcs:who/HEMOGLOBINLEVEL_NONPREGNANT_MEAN,dcid:country/DJI,2009,126.0
dcs:who/HEMOGLOBINLEVEL_NONPREGNANT_MEAN,dcid:country/DMA,2010,130.0
dcs:who/HEMOGLOBINLEVEL_NONPREGNANT_MEAN,dcid:country/DMA,2001,128.0
dcs:who/HEMOGLOBINLEVEL_NONPREGNANT_MEAN,dcid:country/DMA,2019,129.0
dcs:who/HEMOGLOBINLEVEL_NONPREGNANT_MEAN,dcid:country/DMA,2007,129.0
dcs:who/HEMOGLOBINLEVEL_NONPREGNANT_MEAN,dcid:country/DMA,2008,129.0
dcs:who/HEMOGLOBINLEVEL_NONPREGNANT_MEAN,dcid:country/DMA,2017,130.0
dcs:who/HEMOGLOBINLEVEL_NONPREGNANT_MEAN,dcid:country/DMA,2002,128.0
dcs:who/HEMOGLOBINLEVEL_NONPREGNANT_MEAN,dcid:country/DMA,2003,129.0
dcs:who/HEMOGLOBINLEVEL_NONPREGNANT_MEAN,dcid:country/DMA,2004,129.0
dcs:who/HEMOGLOBINLEVEL_NONPREGNANT_MEAN,dcid:country/DMA,2011,130.0
dcs:who/HEMOGLOBINLEVEL_NONPREGNANT_MEAN,dcid:country/DMA,2018,130.0
dcs:who/HEMOGLOBINLEVEL_NONPREGNANT_MEAN,dcid:country/DMA,2000,128.0
dcs:who/HEMOGLOBINLEVEL_NONPREGNANT_MEAN,dcid:country/DMA,2013,130.0
dcs:who/HEMOGLOBINLEVEL_NONPREGNANT_MEAN,dcid:country/DMA,2012,130.0
dcs:who/HEMOGLOBINLEVEL_NONPREGNANT_MEAN,dcid:country/DMA,2009,129.0
dcs:who/HEMOGLOBINLEVEL_NONPREGNANT_MEAN,dcid:country/DMA,2014,130.0
dcs:who/HEMOGLOBINLEVEL_NONPREGNANT_MEAN,dcid:country/DMA,2015,130.0
dcs:who/HEMOGLOBINLEVEL_NONPREGNANT_MEAN,dcid:country/DMA,2005,129.0
dcs:who/HEMOGLOBINLEVEL_NONPREGNANT_MEAN,dcid:country/DMA,2006,129.0
dcs:who/HEMOGLOBINLEVEL_NONPREGNANT_MEAN,dcid:country/DMA,2016,130.0
dcs:who/HEMOGLOBINLEVEL_NONPREGNANT_MEAN,dcid:country/DNK,2001,131.0
dcs:who/HEMOGLOBINLEVEL_NONPREGNANT_MEAN,dcid:country/DNK,2015,131.0
dcs:who/HEMOGLOBINLEVEL_NONPREGNANT_MEAN,dcid:country/DNK,2000,131.0
dcs:who/HEMOGLOBINLEVEL_NONPREGNANT_MEAN,dcid:country/DNK,2002,131.0
dcs:who/HEMOGLOBINLEVEL_NONPREGNANT_MEAN,dcid:country/DNK,2014,131.0
dcs:who/HEMOGLOBINLEVEL_NONPREGNANT_MEAN,dcid:country/DNK,2004,131.0
dcs:who/HEMOGLOBINLEVEL_NONPREGNANT_MEAN,dcid:country/DNK,2008,132.0
dcs:who/HEMOGLOBINLEVEL_NONPREGNANT_MEAN,dcid:country/DNK,2003,131.0
dcs:who/HEMOGLOBINLEVEL_NONPREGNANT_MEAN,dcid:country/DNK,2005,131.0
dcs:who/HEMOGLOBINLEVEL_NONPREGNANT_MEAN,dcid:country/DNK,2016,131.0
dcs:who/HEMOGLOBINLEVEL_NONPREGNANT_MEAN,dcid:country/DNK,2012,131.0
dcs:who/HEMOGLOBINLEVEL_NONPREGNANT_MEAN,dcid:country/DNK,2017,131.0
dcs:who/HEMOGLOBINLEVEL_NONPREGNANT_MEAN,dcid:country/DNK,2010,132.0
dcs:who/HEMOGLOBINLEVEL_NONPREGNANT_MEAN,dcid:country/DNK,2009,132.0
dcs:who/HEMOGLOBINLEVEL_NONPREGNANT_MEAN,dcid:country/DNK,2013,131.0
dcs:who/HEMOGLOBINLEVEL_NONPREGNANT_MEAN,dcid:country/DNK,2006,131.0
dcs:who/HEMOGLOBINLEVEL_NONPREGNANT_MEAN,dcid:country/DNK,2011,132.0
dcs:who/HEMOGLOBINLEVEL_NONPREGNANT_MEAN,dcid:country/DNK,2007,131.0
dcs:who/HEMOGLOBINLEVEL_NONPREGNANT_MEAN,dcid:country/DNK,2019,131.0
dcs:who/HEMOGLOBINLEVEL_NONPREGNANT_MEAN,dcid:country/DNK,2018,131.0
dcs:who/HEMOGLOBINLEVEL_NONPREGNANT_MEAN,dcid:country/DOM,2006,125.0
dcs:who/HEMOGLOBINLEVEL_NONPREGNANT_MEAN,dcid:country/DOM,2012,127.0
dcs:who/HEMOGLOBINLEVEL_NONPREGNANT_MEAN,dcid:country/DOM,2016,127.0
dcs:who/HEMOGLOBINLEVEL_NONPREGNANT_MEAN,dcid:country/DOM,2014,127.0
dcs:who/HEMOGLOBINLEVEL_NONPREGNANT_MEAN,dcid:country/DOM,2008,126.0
dcs:who/HEMOGLOBINLEVEL_NONPREGNANT_MEAN,dcid:country/DOM,2010,126.0
dcs:who/HEMOGLOBINLEVEL_NONPREGNANT_MEAN,dcid:country/DOM,2004,124.0
dcs:who/HEMOGLOBINLEVEL_NONPREGNANT_MEAN,dcid:country/DOM,2019,127.0
dcs:who/HEMOGLOBINLEVEL_NONPREGNANT_MEAN,dcid:country/DOM,2015,127.0
dcs:who/HEMOGLOBINLEVEL_NONPREGNANT_MEAN,dcid:country/DOM,2018,127.0
dcs:who/HEMOGLOBINLEVEL_NONPREGNANT_MEAN,dcid:country/DOM,2011,127.0
dcs:who/HEMOGLOBINLEVEL_NONPREGNANT_MEAN,dcid:country/DOM,2001,124.0
dcs:who/HEMOGLOBINLEVEL_NONPREGNANT_MEAN,dcid:country/DOM,2000,123.0
dcs:who/HEMOGLOBINLEVEL_NONPREGNANT_MEAN,dcid:country/DOM,2003,124.0
dcs:who/HEMOGLOBINLEVEL_NONPREGNANT_MEAN,dcid:country/DOM,2009,126.0
dcs:who/HEMOGLOBINLEVEL_NONPREGNANT_MEAN,dcid:country/DOM,2017,127.0
dcs:who/HEMOGLOBINLEVEL_NONPREGNANT_MEAN,dcid:country/DOM,2002,124.0
dcs:who/HEMOGLOBINLEVEL_NONPREGNANT_MEAN,dcid:country/DOM,2013,127.0
dcs:who/HEMOGLOBINLEVEL_NONPREGNANT_MEAN,dcid:country/DOM,2005,125.0
dcs:who/HEMOGLOBINLEVEL_NONPREGNANT_MEAN,dcid:country/DOM,2007,126.0
dcs:who/HEMOGLOBINLEVEL_NONPREGNANT_MEAN,dcid:country/DZA,2014,124.0
dcs:who/HEMOGLOBINLEVEL_NONPREGNANT_MEAN,dcid:country/DZA,2001,123.0
dcs:who/HEMOGLOBINLEVEL_NONPREGNANT_MEAN,dcid:country/DZA,2016,124.0
dcs:who/HEMOGLOBINLEVEL_NONPREGNANT_MEAN,dcid:country/DZA,2008,124.0
dcs:who/HEMOGLOBINLEVEL_NONPREGNANT_MEAN,dcid:country/DZA,2002,123.0
dcs:who/HEMOGLOBINLEVEL_NONPREGNANT_MEAN,dcid:country/DZA,2012,124.0
dcs:who/HEMOGLOBINLEVEL_NONPREGNANT_MEAN,dcid:country/DZA,2019,124.0
dcs:who/HEMOGLOBINLEVEL_NONPREGNANT_MEAN,dcid:country/DZA,2013,124.0
dcs:who/HEMOGLOBINLEVEL_NONPREGNANT_MEAN,dcid:country/DZA,2007,124.0
dcs:who/HEMOGLOBINLEVEL_NONPREGNANT_MEAN,dcid:country/DZA,2009,124.0
dcs:who/HEMOGLOBINLEVEL_NONPREGNANT_MEAN,dcid:country/DZA,2005,124.0
dcs:who/HEMOGLOBINLEVEL_NONPREGNANT_MEAN,dcid:country/DZA,2004,123.0
dcs:who/HEMOGLOBINLEVEL_NONPREGNANT_MEAN,dcid:country/DZA,2011,124.0
dcs:who/HEMOGLOBINLEVEL_NONPREGNANT_MEAN,dcid:country/DZA,2015,124.0
dcs:who/HEMOGLOBINLEVEL_NONPREGNANT_MEAN,dcid:country/DZA,2000,123.0
dcs:who/HEMOGLOBINLEVEL_NONPREGNANT_MEAN,dcid:country/DZA,2018,124.0
dcs:who/HEMOGLOBINLEVEL_NONPREGNANT_MEAN,dcid:country/DZA,2003,123.0
dcs:who/HEMOGLOBINLEVEL_NONPREGNANT_MEAN,dcid:country/DZA,2006,124.0
dcs:who/HEMOGLOBINLEVEL_NONPREGNANT_MEAN,dcid:country/DZA,2017,124.0
dcs:who/HEMOGLOBINLEVEL_NONPREGNANT_MEAN,dcid:country/DZA,2010,124.0
dcs:who/HEMOGLOBINLEVEL_NONPREGNANT_MEAN,dcid:country/ECU,2012,129.0
dcs:who/HEMOGLOBINLEVEL_NONPREGNANT_MEAN,dcid:country/ECU,2001,127.0
dcs:who/HEMOGLOBINLEVEL_NONPREGNANT_MEAN,dcid:country/ECU,2000,127.0
dcs:who/HEMOGLOBINLEVEL_NONPREGNANT_MEAN,dcid:country/ECU,2018,129.0
dcs:who/HEMOGLOBINLEVEL_NONPREGNANT_MEAN,dcid:country/ECU,2011,129.0
dcs:who/HEMOGLOBINLEVEL_NONPREGNANT_MEAN,dcid:country/ECU,2017,129.0
dcs:who/HEMOGLOBINLEVEL_NONPREGNANT_MEAN,dcid:country/ECU,2007,128.0
dcs:who/HEMOGLOBINLEVEL_NONPREGNANT_MEAN,dcid:country/ECU,2013,129.0
dcs:who/HEMOGLOBINLEVEL_NONPREGNANT_MEAN,dcid:country/ECU,2003,127.0
dcs:who/HEMOGLOBINLEVEL_NONPREGNANT_MEAN,dcid:country/ECU,2006,128.0
dcs:who/HEMOGLOBINLEVEL_NONPREGNANT_MEAN,dcid:country/ECU,2008,128.0
dcs:who/HEMOGLOBINLEVEL_NONPREGNANT_MEAN,dcid:country/ECU,2004,128.0
dcs:who/HEMOGLOBINLEVEL_NONPREGNANT_MEAN,dcid:country/ECU,2009,129.0
dcs:who/HEMOGLOBINLEVEL_NONPREGNANT_MEAN,dcid:country/ECU,2019,129.0
dcs:who/HEMOGLOBINLEVEL_NONPREGNANT_MEAN,dcid:country/ECU,2005,128.0
dcs:who/HEMOGLOBINLEVEL_NONPREGNANT_MEAN,dcid:country/ECU,2014,129.0
dcs:who/HEMOGLOBINLEVEL_NONPREGNANT_MEAN,dcid:country/ECU,2015,129.0
dcs:who/HEMOGLOBINLEVEL_NONPREGNANT_MEAN,dcid:country/ECU,2002,127.0
dcs:who/HEMOGLOBINLEVEL_NONPREGNANT_MEAN,dcid:country/ECU,2010,129.0
dcs:who/HEMOGLOBINLEVEL_NONPREGNANT_MEAN,dcid:country/ECU,2016,129.0
dcs:who/HEMOGLOBINLEVEL_NONPREGNANT_MEAN,dcid:country/EGY,2012,125.0
dcs:who/HEMOGLOBINLEVEL_NONPREGNANT_MEAN,dcid:country/EGY,2014,125.0
dcs:who/HEMOGLOBINLEVEL_NONPREGNANT_MEAN,dcid:country/EGY,2015,126.0
dcs:who/HEMOGLOBINLEVEL_NONPREGNANT_MEAN,dcid:country/EGY,2011,125.0
dcs:who/HEMOGLOBINLEVEL_NONPREGNANT_MEAN,dcid:country/EGY,2016,126.0
dcs:who/HEMOGLOBINLEVEL_NONPREGNANT_MEAN,dcid:country/EGY,2013,125.0
dcs:who/HEMOGLOBINLEVEL_NONPREGNANT_MEAN,dcid:country/EGY,2000,124.0
dcs:who/HEMOGLOBINLEVEL_NONPREGNANT_MEAN,dcid:country/EGY,2018,126.0
dcs:who/HEMOGLOBINLEVEL_NONPREGNANT_MEAN,dcid:country/EGY,2005,124.0
dcs:who/HEMOGLOBINLEVEL_NONPREGNANT_MEAN,dcid:country/EGY,2019,126.0
dcs:who/HEMOGLOBINLEVEL_NONPREGNANT_MEAN,dcid:country/EGY,2004,124.0
dcs:who/HEMOGLOBINLEVEL_NONPREGNANT_MEAN,dcid:country/EGY,2009,125.0
dcs:who/HEMOGLOBINLEVEL_NONPREGNANT_MEAN,dcid:country/EGY,2001,124.0
dcs:who/HEMOGLOBINLEVEL_NONPREGNANT_MEAN,dcid:country/EGY,2008,124.0
dcs:who/HEMOGLOBINLEVEL_NONPREGNANT_MEAN,dcid:country/EGY,2003,124.0
dcs:who/HEMOGLOBINLEVEL_NONPREGNANT_MEAN,dcid:country/EGY,2010,125.0
dcs:who/HEMOGLOBINLEVEL_NONPREGNANT_MEAN,dcid:country/EGY,2002,124.0
dcs:who/HEMOGLOBINLEVEL_NONPREGNANT_MEAN,dcid:country/EGY,2007,124.0
dcs:who/HEMOGLOBINLEVEL_NONPREGNANT_MEAN,dcid:country/EGY,2006,124.0
dcs:who/HEMOGLOBINLEVEL_NONPREGNANT_MEAN,dcid:country/EGY,2017,126.0
dcs:who/HEMOGLOBINLEVEL_NONPREGNANT_MEAN,dcid:country/ERI,2019,124.0
dcs:who/HEMOGLOBINLEVEL_NONPREGNANT_MEAN,dcid:country/ERI,2010,124.0
dcs:who/HEMOGLOBINLEVEL_NONPREGNANT_MEAN,dcid:country/ERI,2003,123.0
dcs:who/HEMOGLOBINLEVEL_NONPREGNANT_MEAN,dcid:country/ERI,2018,124.0
dcs:who/HEMOGLOBINLEVEL_NONPREGNANT_MEAN,dcid:country/ERI,2017,124.0
dcs:who/HEMOGLOBINLEVEL_NONPREGNANT_MEAN,dcid:country/ERI,2014,124.0
dcs:who/HEMOGLOBINLEVEL_NONPREGNANT_MEAN,dcid:country/ERI,2000,122.0
dcs:who/HEMOGLOBINLEVEL_NONPREGNANT_MEAN,dcid:country/ERI,2016,124.0
dcs:who/HEMOGLOBINLEVEL_NONPREGNANT_MEAN,dcid:country/ERI,2013,124.0
dcs:who/HEMOGLOBINLEVEL_NONPREGNANT_MEAN,dcid:country/ERI,2007,123.0
dcs:who/HEMOGLOBINLEVEL_NONPREGNANT_MEAN,dcid:country/ERI,2006,123.0
dcs:who/HEMOGLOBINLEVEL_NONPREGNANT_MEAN,dcid:country/ERI,2001,122.0
dcs:who/HEMOGLOBINLEVEL_NONPREGNANT_MEAN,dcid:country/ERI,2002,123.0
dcs:who/HEMOGLOBINLEVEL_NONPREGNANT_MEAN,dcid:country/ERI,2004,123.0
dcs:who/HEMOGLOBINLEVEL_NONPREGNANT_MEAN,dcid:country/ERI,2009,124.0
dcs:who/HEMOGLOBINLEVEL_NONPREGNANT_MEAN,dcid:country/ERI,2008,124.0
dcs:who/HEMOGLOBINLEVEL_NONPREGNANT_MEAN,dcid:country/ERI,2011,124.0
dcs:who/HEMOGLOBINLEVEL_NONPREGNANT_MEAN,dcid:country/ERI,2012,124.0
dcs:who/HEMOGLOBINLEVEL_NONPREGNANT_MEAN,dcid:country/ERI,2015,124.0
dcs:who/HEMOGLOBINLEVEL_NONPREGNANT_MEAN,dcid:country/ERI,2005,123.0
dcs:who/HEMOGLOBINLEVEL_NONPREGNANT_MEAN,dcid:country/ESP,2019,131.0
dcs:who/HEMOGLOBINLEVEL_NONPREGNANT_MEAN,dcid:country/ESP,2016,131.0
dcs:who/HEMOGLOBINLEVEL_NONPREGNANT_MEAN,dcid:country/ESP,2015,131.0
dcs:who/HEMOGLOBINLEVEL_NONPREGNANT_MEAN,dcid:country/ESP,2013,131.0
dcs:who/HEMOGLOBINLEVEL_NONPREGNANT_MEAN,dcid:country/ESP,2004,132.0
dcs:who/HEMOGLOBINLEVEL_NONPREGNANT_MEAN,dcid:country/ESP,2001,132.0
dcs:who/HEMOGLOBINLEVEL_NONPREGNANT_MEAN,dcid:country/ESP,2005,132.0
dcs:who/HEMOGLOBINLEVEL_NONPREGNANT_MEAN,dcid:country/ESP,2009,132.0
dcs:who/HEMOGLOBINLEVEL_NONPREGNANT_MEAN,dcid:country/ESP,2003,132.0
dcs:who/HEMOGLOBINLEVEL_NONPREGNANT_MEAN,dcid:country/ESP,2006,132.0
dcs:who/HEMOGLOBINLEVEL_NONPREGNANT_MEAN,dcid:country/ESP,2007,132.0
dcs:who/HEMOGLOBINLEVEL_NONPREGNANT_MEAN,dcid:country/ESP,2011,132.0
dcs:who/HEMOGLOBINLEVEL_NONPREGNANT_MEAN,dcid:country/ESP,2014,131.0
dcs:who/HEMOGLOBINLEVEL_NONPREGNANT_MEAN,dcid:country/ESP,2018,131.0
dcs:who/HEMOGLOBINLEVEL_NONPREGNANT_MEAN,dcid:country/ESP,2008,132.0
dcs:who/HEMOGLOBINLEVEL_NONPREGNANT_MEAN,dcid:country/ESP,2010,132.0
dcs:who/HEMOGLOBINLEVEL_NONPREGNANT_MEAN,dcid:country/ESP,2002,132.0
dcs:who/HEMOGLOBINLEVEL_NONPREGNANT_MEAN,dcid:country/ESP,2012,132.0
dcs:who/HEMOGLOBINLEVEL_NONPREGNANT_MEAN,dcid:country/ESP,2017,131.0
dcs:who/HEMOGLOBINLEVEL_NONPREGNANT_MEAN,dcid:country/ESP,2000,132.0
dcs:who/HEMOGLOBINLEVEL_NONPREGNANT_MEAN,dcid:country/EST,2003,129.0
dcs:who/HEMOGLOBINLEVEL_NONPREGNANT_MEAN,dcid:country/EST,2007,129.0
dcs:who/HEMOGLOBINLEVEL_NONPREGNANT_MEAN,dcid:country/EST,2004,129.0
dcs:who/HEMOGLOBINLEVEL_NONPREGNANT_MEAN,dcid:country/EST,2014,129.0
dcs:who/HEMOGLOBINLEVEL_NONPREGNANT_MEAN,dcid:country/EST,2016,129.0
dcs:who/HEMOGLOBINLEVEL_NONPREGNANT_MEAN,dcid:country/EST,2012,129.0
dcs:who/HEMOGLOBINLEVEL_NONPREGNANT_MEAN,dcid:country/EST,2011,129.0
dcs:who/HEMOGLOBINLEVEL_NONPREGNANT_MEAN,dcid:country/EST,2005,129.0
dcs:who/HEMOGLOBINLEVEL_NONPREGNANT_MEAN,dcid:country/EST,2000,129.0
dcs:who/HEMOGLOBINLEVEL_NONPREGNANT_MEAN,dcid:country/EST,2006,129.0
dcs:who/HEMOGLOBINLEVEL_NONPREGNANT_MEAN,dcid:country/EST,2013,129.0
dcs:who/HEMOGLOBINLEVEL_NONPREGNANT_MEAN,dcid:country/EST,2017,129.0
dcs:who/HEMOGLOBINLEVEL_NONPREGNANT_MEAN,dcid:country/EST,2009,129.0
dcs:who/HEMOGLOBINLEVEL_NONPREGNANT_MEAN,dcid:country/EST,2008,129.0
dcs:who/HEMOGLOBINLEVEL_NONPREGNANT_MEAN,dcid:country/EST,2001,129.0
dcs:who/HEMOGLOBINLEVEL_NONPREGNANT_MEAN,dcid:country/EST,2010,129.0
dcs:who/HEMOGLOBINLEVEL_NONPREGNANT_MEAN,dcid:country/EST,2019,129.0
dcs:who/HEMOGLOBINLEVEL_NONPREGNANT_MEAN,dcid:country/EST,2018,129.0
dcs:who/HEMOGLOBINLEVEL_NONPREGNANT_MEAN,dcid:country/EST,2015,129.0
dcs:who/HEMOGLOBINLEVEL_NONPREGNANT_MEAN,dcid:country/EST,2002,129.0
dcs:who/HEMOGLOBINLEVEL_NONPREGNANT_MEAN,dcid:country/ETH,2014,130.0
dcs:who/HEMOGLOBINLEVEL_NONPREGNANT_MEAN,dcid:country/ETH,2015,130.0
dcs:who/HEMOGLOBINLEVEL_NONPREGNANT_MEAN,dcid:country/ETH,2006,129.0
dcs:who/HEMOGLOBINLEVEL_NONPREGNANT_MEAN,dcid:country/ETH,2000,126.0
dcs:who/HEMOGLOBINLEVEL_NONPREGNANT_MEAN,dcid:country/ETH,2004,128.0
dcs:who/HEMOGLOBINLEVEL_NONPREGNANT_MEAN,dcid:country/ETH,2019,129.0
dcs:who/HEMOGLOBINLEVEL_NONPREGNANT_MEAN,dcid:country/ETH,2010,130.0
dcs:who/HEMOGLOBINLEVEL_NONPREGNANT_MEAN,dcid:country/ETH,2017,129.0
dcs:who/HEMOGLOBINLEVEL_NONPREGNANT_MEAN,dcid:country/ETH,2001,126.0
dcs:who/HEMOGLOBINLEVEL_NONPREGNANT_MEAN,dcid:country/ETH,2013,130.0
dcs:who/HEMOGLOBINLEVEL_NONPREGNANT_MEAN,dcid:country/ETH,2018,129.0
dcs:who/HEMOGLOBINLEVEL_NONPREGNANT_MEAN,dcid:country/ETH,2008,129.0
dcs:who/HEMOGLOBINLEVEL_NONPREGNANT_MEAN,dcid:country/ETH,2007,129.0
dcs:who/HEMOGLOBINLEVEL_NONPREGNANT_MEAN,dcid:country/ETH,2011,130.0
dcs:who/HEMOGLOBINLEVEL_NONPREGNANT_MEAN,dcid:country/ETH,2016,130.0
dcs:who/HEMOGLOBINLEVEL_NONPREGNANT_MEAN,dcid:country/ETH,2012,130.0
dcs:who/HEMOGLOBINLEVEL_NONPREGNANT_MEAN,dcid:country/ETH,2002,127.0
dcs:who/HEMOGLOBINLEVEL_NONPREGNANT_MEAN,dcid:country/ETH,2005,128.0
dcs:who/HEMOGLOBINLEVEL_NONPREGNANT_MEAN,dcid:country/ETH,2009,130.0
dcs:who/HEMOGLOBINLEVEL_NONPREGNANT_MEAN,dcid:country/ETH,2003,127.0
dcs:who/HEMOGLOBINLEVEL_NONPREGNANT_MEAN,dcid:country/FIN,2015,132.0
dcs:who/HEMOGLOBINLEVEL_NONPREGNANT_MEAN,dcid:country/FIN,2005,133.0
dcs:who/HEMOGLOBINLEVEL_NONPREGNANT_MEAN,dcid:country/FIN,2000,132.0
dcs:who/HEMOGLOBINLEVEL_NONPREGNANT_MEAN,dcid:country/FIN,2019,132.0
dcs:who/HEMOGLOBINLEVEL_NONPREGNANT_MEAN,dcid:country/FIN,2009,133.0
dcs:who/HEMOGLOBINLEVEL_NONPREGNANT_MEAN,dcid:country/FIN,2018,132.0
dcs:who/HEMOGLOBINLEVEL_NONPREGNANT_MEAN,dcid:country/FIN,2001,132.0
dcs:who/HEMOGLOBINLEVEL_NONPREGNANT_MEAN,dcid:country/FIN,2011,133.0
dcs:who/HEMOGLOBINLEVEL_NONPREGNANT_MEAN,dcid:country/FIN,2006,133.0
dcs:who/HEMOGLOBINLEVEL_NONPREGNANT_MEAN,dcid:country/FIN,2012,133.0
dcs:who/HEMOGLOBINLEVEL_NONPREGNANT_MEAN,dcid:country/FIN,2002,132.0
dcs:who/HEMOGLOBINLEVEL_NONPREGNANT_MEAN,dcid:country/FIN,2016,132.0
dcs:who/HEMOGLOBINLEVEL_NONPREGNANT_MEAN,dcid:country/FIN,2003,132.0
dcs:who/HEMOGLOBINLEVEL_NONPREGNANT_MEAN,dcid:country/FIN,2010,133.0
dcs:who/HEMOGLOBINLEVEL_NONPREGNANT_MEAN,dcid:country/FIN,2008,133.0
dcs:who/HEMOGLOBINLEVEL_NONPREGNANT_MEAN,dcid:country/FIN,2017,132.0
dcs:who/HEMOGLOBINLEVEL_NONPREGNANT_MEAN,dcid:country/FIN,2014,132.0
dcs:who/HEMOGLOBINLEVEL_NONPREGNANT_MEAN,dcid:country/FIN,2004,132.0
dcs:who/HEMOGLOBINLEVEL_NONPREGNANT_MEAN,dcid:country/FIN,2013,132.0
dcs:who/HEMOGLOBINLEVEL_NONPREGNANT_MEAN,dcid:country/FIN,2007,133.0
dcs:who/HEMOGLOBINLEVEL_NONPREGNANT_MEAN,dcid:country/FJI,2016,124.0
dcs:who/HEMOGLOBINLEVEL_NONPREGNANT_MEAN,dcid:country/FJI,2003,124.0
dcs:who/HEMOGLOBINLEVEL_NONPREGNANT_MEAN,dcid:country/FJI,2000,124.0
dcs:who/HEMOGLOBINLEVEL_NONPREGNANT_MEAN,dcid:country/FJI,2001,124.0
dcs:who/HEMOGLOBINLEVEL_NONPREGNANT_MEAN,dcid:country/FJI,2013,124.0
dcs:who/HEMOGLOBINLEVEL_NONPREGNANT_MEAN,dcid:country/FJI,2004,124.0
dcs:who/HEMOGLOBINLEVEL_NONPREGNANT_MEAN,dcid:country/FJI,2017,124.0
dcs:who/HEMOGLOBINLEVEL_NONPREGNANT_MEAN,dcid:country/FJI,2019,124.0
dcs:who/HEMOGLOBINLEVEL_NONPREGNANT_MEAN,dcid:country/FJI,2018,124.0
dcs:who/HEMOGLOBINLEVEL_NONPREGNANT_MEAN,dcid:country/FJI,2015,124.0
dcs:who/HEMOGLOBINLEVEL_NONPREGNANT_MEAN,dcid:country/FJI,2002,124.0
dcs:who/HEMOGLOBINLEVEL_NONPREGNANT_MEAN,dcid:country/FJI,2009,124.0
dcs:who/HEMOGLOBINLEVEL_NONPREGNANT_MEAN,dcid:country/FJI,2014,124.0
dcs:who/HEMOGLOBINLEVEL_NONPREGNANT_MEAN,dcid:country/FJI,2010,124.0
dcs:who/HEMOGLOBINLEVEL_NONPREGNANT_MEAN,dcid:country/FJI,2012,124.0
dcs:who/HEMOGLOBINLEVEL_NONPREGNANT_MEAN,dcid:country/FJI,2007,124.0
dcs:who/HEMOGLOBINLEVEL_NONPREGNANT_MEAN,dcid:country/FJI,2006,124.0
dcs:who/HEMOGLOBINLEVEL_NONPREGNANT_MEAN,dcid:country/FJI,2008,124.0
dcs:who/HEMOGLOBINLEVEL_NONPREGNANT_MEAN,dcid:country/FJI,2005,124.0
dcs:who/HEMOGLOBINLEVEL_NONPREGNANT_MEAN,dcid:country/FJI,2011,124.0
dcs:who/HEMOGLOBINLEVEL_NONPREGNANT_MEAN,dcid:country/FRA,2012,133.0
dcs:who/HEMOGLOBINLEVEL_NONPREGNANT_MEAN,dcid:country/FRA,2019,132.0
dcs:who/HEMOGLOBINLEVEL_NONPREGNANT_MEAN,dcid:country/FRA,2008,133.0
dcs:who/HEMOGLOBINLEVEL_NONPREGNANT_MEAN,dcid:country/FRA,2015,133.0
dcs:who/HEMOGLOBINLEVEL_NONPREGNANT_MEAN,dcid:country/FRA,2018,132.0
dcs:who/HEMOGLOBINLEVEL_NONPREGNANT_MEAN,dcid:country/FRA,2014,133.0
dcs:who/HEMOGLOBINLEVEL_NONPREGNANT_MEAN,dcid:country/FRA,2006,133.0
dcs:who/HEMOGLOBINLEVEL_NONPREGNANT_MEAN,dcid:country/FRA,2010,133.0
dcs:who/HEMOGLOBINLEVEL_NONPREGNANT_MEAN,dcid:country/FRA,2001,133.0
dcs:who/HEMOGLOBINLEVEL_NONPREGNANT_MEAN,dcid:country/FRA,2005,133.0
dcs:who/HEMOGLOBINLEVEL_NONPREGNANT_MEAN,dcid:country/FRA,2007,133.0
dcs:who/HEMOGLOBINLEVEL_NONPREGNANT_MEAN,dcid:country/FRA,2002,133.0
dcs:who/HEMOGLOBINLEVEL_NONPREGNANT_MEAN,dcid:country/FRA,2000,133.0
dcs:who/HEMOGLOBINLEVEL_NONPREGNANT_MEAN,dcid:country/FRA,2009,133.0
dcs:who/HEMOGLOBINLEVEL_NONPREGNANT_MEAN,dcid:country/FRA,2011,133.0
dcs:who/HEMOGLOBINLEVEL_NONPREGNANT_MEAN,dcid:country/FRA,2003,133.0
dcs:who/HEMOGLOBINLEVEL_NONPREGNANT_MEAN,dcid:country/FRA,2016,132.0
dcs:who/HEMOGLOBINLEVEL_NONPREGNANT_MEAN,dcid:country/FRA,2013,133.0
dcs:who/HEMOGLOBINLEVEL_NONPREGNANT_MEAN,dcid:country/FRA,2017,132.0
dcs:who/HEMOGLOBINLEVEL_NONPREGNANT_MEAN,dcid:country/FRA,2004,133.0
dcs:who/HEMOGLOBINLEVEL_NONPREGNANT_MEAN,dcid:country/FSM,2010,129.0
dcs:who/HEMOGLOBINLEVEL_NONPREGNANT_MEAN,dcid:country/FSM,2016,128.0
dcs:who/HEMOGLOBINLEVEL_NONPREGNANT_MEAN,dcid:country/FSM,2012,129.0
dcs:who/HEMOGLOBINLEVEL_NONPREGNANT_MEAN,dcid:country/FSM,2004,130.0
dcs:who/HEMOGLOBINLEVEL_NONPREGNANT_MEAN,dcid:country/FSM,2018,128.0
dcs:who/HEMOGLOBINLEVEL_NONPREGNANT_MEAN,dcid:country/FSM,2019,128.0
dcs:who/HEMOGLOBINLEVEL_NONPREGNANT_MEAN,dcid:country/FSM,2011,129.0
dcs:who/HEMOGLOBINLEVEL_NONPREGNANT_MEAN,dcid:country/FSM,2008,129.0
dcs:who/HEMOGLOBINLEVEL_NONPREGNANT_MEAN,dcid:country/FSM,2003,130.0
dcs:who/HEMOGLOBINLEVEL_NONPREGNANT_MEAN,dcid:country/FSM,2002,130.0
dcs:who/HEMOGLOBINLEVEL_NONPREGNANT_MEAN,dcid:country/FSM,2014,129.0
dcs:who/HEMOGLOBINLEVEL_NONPREGNANT_MEAN,dcid:country/FSM,2009,129.0
dcs:who/HEMOGLOBINLEVEL_NONPREGNANT_MEAN,dcid:country/FSM,2000,130.0
dcs:who/HEMOGLOBINLEVEL_NONPREGNANT_MEAN,dcid:country/FSM,2013,129.0
dcs:who/HEMOGLOBINLEVEL_NONPREGNANT_MEAN,dcid:country/FSM,2005,130.0
dcs:who/HEMOGLOBINLEVEL_NONPREGNANT_MEAN,dcid:country/FSM,2015,129.0
dcs:who/HEMOGLOBINLEVEL_NONPREGNANT_MEAN,dcid:country/FSM,2007,129.0
dcs:who/HEMOGLOBINLEVEL_NONPREGNANT_MEAN,dcid:country/FSM,2017,128.0
dcs:who/HEMOGLOBINLEVEL_NONPREGNANT_MEAN,dcid:country/FSM,2001,130.0
dcs:who/HEMOGLOBINLEVEL_NONPREGNANT_MEAN,dcid:country/FSM,2006,129.0
dcs:who/HEMOGLOBINLEVEL_NONPREGNANT_MEAN,dcid:country/GAB,2009,116.0
dcs:who/HEMOGLOBINLEVEL_NONPREGNANT_MEAN,dcid:country/GAB,2006,115.0
dcs:who/HEMOGLOBINLEVEL_NONPREGNANT_MEAN,dcid:country/GAB,2008,116.0
dcs:who/HEMOGLOBINLEVEL_NONPREGNANT_MEAN,dcid:country/GAB,2003,115.0
dcs:who/HEMOGLOBINLEVEL_NONPREGNANT_MEAN,dcid:country/GAB,2002,115.0
dcs:who/HEMOGLOBINLEVEL_NONPREGNANT_MEAN,dcid:country/GAB,2016,117.0
dcs:who/HEMOGLOBINLEVEL_NONPREGNANT_MEAN,dcid:country/GAB,2007,116.0
dcs:who/HEMOGLOBINLEVEL_NONPREGNANT_MEAN,dcid:country/GAB,2005,115.0
dcs:who/HEMOGLOBINLEVEL_NONPREGNANT_MEAN,dcid:country/GAB,2013,117.0
dcs:who/HEMOGLOBINLEVEL_NONPREGNANT_MEAN,dcid:country/GAB,2017,117.0
dcs:who/HEMOGLOBINLEVEL_NONPREGNANT_MEAN,dcid:country/GAB,2012,117.0
dcs:who/HEMOGLOBINLEVEL_NONPREGNANT_MEAN,dcid:country/GAB,2000,115.0
dcs:who/HEMOGLOBINLEVEL_NONPREGNANT_MEAN,dcid:country/GAB,2015,117.0
dcs:who/HEMOGLOBINLEVEL_NONPREGNANT_MEAN,dcid:country/GAB,2014,117.0
dcs:who/HEMOGLOBINLEVEL_NONPREGNANT_MEAN,dcid:country/GAB,2010,116.0
dcs:who/HEMOGLOBINLEVEL_NONPREGNANT_MEAN,dcid:country/GAB,2004,115.0
dcs:who/HEMOGLOBINLEVEL_NONPREGNANT_MEAN,dcid:country/GAB,2011,116.0
dcs:who/HEMOGLOBINLEVEL_NONPREGNANT_MEAN,dcid:country/GAB,2019,118.0
dcs:who/HEMOGLOBINLEVEL_NONPREGNANT_MEAN,dcid:country/GAB,2001,115.0
dcs:who/HEMOGLOBINLEVEL_NONPREGNANT_MEAN,dcid:country/GAB,2018,118.0
dcs:who/HEMOGLOBINLEVEL_NONPREGNANT_MEAN,dcid:country/GBR,2015,132.0
dcs:who/HEMOGLOBINLEVEL_NONPREGNANT_MEAN,dcid:country/GBR,2017,132.0
dcs:who/HEMOGLOBINLEVEL_NONPREGNANT_MEAN,dcid:country/GBR,2012,132.0
dcs:who/HEMOGLOBINLEVEL_NONPREGNANT_MEAN,dcid:country/GBR,2016,132.0
dcs:who/HEMOGLOBINLEVEL_NONPREGNANT_MEAN,dcid:country/GBR,2018,132.0
dcs:who/HEMOGLOBINLEVEL_NONPREGNANT_MEAN,dcid:country/GBR,2010,132.0
dcs:who/HEMOGLOBINLEVEL_NONPREGNANT_MEAN,dcid:country/GBR,2006,133.0
dcs:who/HEMOGLOBINLEVEL_NONPREGNANT_MEAN,dcid:country/GBR,2001,132.0
dcs:who/HEMOGLOBINLEVEL_NONPREGNANT_MEAN,dcid:country/GBR,2011,132.0
dcs:who/HEMOGLOBINLEVEL_NONPREGNANT_MEAN,dcid:country/GBR,2008,133.0
dcs:who/HEMOGLOBINLEVEL_NONPREGNANT_MEAN,dcid:country/GBR,2003,133.0
dcs:who/HEMOGLOBINLEVEL_NONPREGNANT_MEAN,dcid:country/GBR,2000,132.0
dcs:who/HEMOGLOBINLEVEL_NONPREGNANT_MEAN,dcid:country/GBR,2002,132.0
dcs:who/HEMOGLOBINLEVEL_NONPREGNANT_MEAN,dcid:country/GBR,2007,133.0
dcs:who/HEMOGLOBINLEVEL_NONPREGNANT_MEAN,dcid:country/GBR,2004,133.0
dcs:who/HEMOGLOBINLEVEL_NONPREGNANT_MEAN,dcid:country/GBR,2009,132.0
dcs:who/HEMOGLOBINLEVEL_NONPREGNANT_MEAN,dcid:country/GBR,2014,132.0
dcs:who/HEMOGLOBINLEVEL_NONPREGNANT_MEAN,dcid:country/GBR,2013,132.0
dcs:who/HEMOGLOBINLEVEL_NONPREGNANT_MEAN,dcid:country/GBR,2005,133.0
dcs:who/HEMOGLOBINLEVEL_NONPREGNANT_MEAN,dcid:country/GBR,2019,132.0
dcs:who/HEMOGLOBINLEVEL_NONPREGNANT_MEAN,dcid:country/GEO,2003,125.0
dcs:who/HEMOGLOBINLEVEL_NONPREGNANT_MEAN,dcid:country/GEO,2006,126.0
dcs:who/HEMOGLOBINLEVEL_NONPREGNANT_MEAN,dcid:country/GEO,2014,127.0
dcs:who/HEMOGLOBINLEVEL_NONPREGNANT_MEAN,dcid:country/GEO,2002,125.0
dcs:who/HEMOGLOBINLEVEL_NONPREGNANT_MEAN,dcid:country/GEO,2001,125.0
dcs:who/HEMOGLOBINLEVEL_NONPREGNANT_MEAN,dcid:country/GEO,2012,126.0
dcs:who/HEMOGLOBINLEVEL_NONPREGNANT_MEAN,dcid:country/GEO,2018,126.0
dcs:who/HEMOGLOBINLEVEL_NONPREGNANT_MEAN,dcid:country/GEO,2008,126.0
dcs:who/HEMOGLOBINLEVEL_NONPREGNANT_MEAN,dcid:country/GEO,2005,126.0
dcs:who/HEMOGLOBINLEVEL_NONPREGNANT_MEAN,dcid:country/GEO,2016,127.0
dcs:who/HEMOGLOBINLEVEL_NONPREGNANT_MEAN,dcid:country/GEO,2011,126.0
dcs:who/HEMOGLOBINLEVEL_NONPREGNANT_MEAN,dcid:country/GEO,2015,127.0
dcs:who/HEMOGLOBINLEVEL_NONPREGNANT_MEAN,dcid:country/GEO,2017,127.0
dcs:who/HEMOGLOBINLEVEL_NONPREGNANT_MEAN,dcid:country/GEO,2019,126.0
dcs:who/HEMOGLOBINLEVEL_NONPREGNANT_MEAN,dcid:country/GEO,2009,126.0
dcs:who/HEMOGLOBINLEVEL_NONPREGNANT_MEAN,dcid:country/GEO,2010,126.0
dcs:who/HEMOGLOBINLEVEL_NONPREGNANT_MEAN,dcid:country/GEO,2000,125.0
dcs:who/HEMOGLOBINLEVEL_NONPREGNANT_MEAN,dcid:country/GEO,2004,126.0
dcs:who/HEMOGLOBINLEVEL_NONPREGNANT_MEAN,dcid:country/GEO,2007,126.0
dcs:who/HEMOGLOBINLEVEL_NONPREGNANT_MEAN,dcid:country/GEO,2013,127.0
dcs:who/HEMOGLOBINLEVEL_NONPREGNANT_MEAN,dcid:country/GHA,2018,124.0
dcs:who/HEMOGLOBINLEVEL_NONPREGNANT_MEAN,dcid:country/GHA,2004,119.0
dcs:who/HEMOGLOBINLEVEL_NONPREGNANT_MEAN,dcid:country/GHA,2005,119.0
dcs:who/HEMOGLOBINLEVEL_NONPREGNANT_MEAN,dcid:country/GHA,2019,124.0
dcs:who/HEMOGLOBINLEVEL_NONPREGNANT_MEAN,dcid:country/GHA,2002,119.0
dcs:who/HEMOGLOBINLEVEL_NONPREGNANT_MEAN,dcid:country/GHA,2000,119.0
dcs:who/HEMOGLOBINLEVEL_NONPREGNANT_MEAN,dcid:country/GHA,2017,123.0
dcs:who/HEMOGLOBINLEVEL_NONPREGNANT_MEAN,dcid:country/GHA,2006,119.0
dcs:who/HEMOGLOBINLEVEL_NONPREGNANT_MEAN,dcid:country/GHA,2011,121.0
dcs:who/HEMOGLOBINLEVEL_NONPREGNANT_MEAN,dcid:country/GHA,2016,123.0
dcs:who/HEMOGLOBINLEVEL_NONPREGNANT_MEAN,dcid:country/GHA,2003,119.0
dcs:who/HEMOGLOBINLEVEL_NONPREGNANT_MEAN,dcid:country/GHA,2014,122.0
dcs:who/HEMOGLOBINLEVEL_NONPREGNANT_MEAN,dcid:country/GHA,2009,120.0
dcs:who/HEMOGLOBINLEVEL_NONPREGNANT_MEAN,dcid:country/GHA,2012,121.0
dcs:who/HEMOGLOBINLEVEL_NONPREGNANT_MEAN,dcid:country/GHA,2008,119.0
dcs:who/HEMOGLOBINLEVEL_NONPREGNANT_MEAN,dcid:country/GHA,2015,122.0
dcs:who/HEMOGLOBINLEVEL_NONPREGNANT_MEAN,dcid:country/GHA,2001,119.0
dcs:who/HEMOGLOBINLEVEL_NONPREGNANT_MEAN,dcid:country/GHA,2010,120.0
dcs:who/HEMOGLOBINLEVEL_NONPREGNANT_MEAN,dcid:country/GHA,2007,119.0
dcs:who/HEMOGLOBINLEVEL_NONPREGNANT_MEAN,dcid:country/GHA,2013,121.0
dcs:who/HEMOGLOBINLEVEL_NONPREGNANT_MEAN,dcid:country/GIN,2019,120.0
dcs:who/HEMOGLOBINLEVEL_NONPREGNANT_MEAN,dcid:country/GIN,2000,118.0
dcs:who/HEMOGLOBINLEVEL_NONPREGNANT_MEAN,dcid:country/GIN,2003,118.0
dcs:who/HEMOGLOBINLEVEL_NONPREGNANT_MEAN,dcid:country/GIN,2005,118.0
dcs:who/HEMOGLOBINLEVEL_NONPREGNANT_MEAN,dcid:country/GIN,2012,119.0
dcs:who/HEMOGLOBINLEVEL_NONPREGNANT_MEAN,dcid:country/GIN,2013,119.0
dcs:who/HEMOGLOBINLEVEL_NONPREGNANT_MEAN,dcid:country/GIN,2004,118.0
dcs:who/HEMOGLOBINLEVEL_NONPREGNANT_MEAN,dcid:country/GIN,2016,119.0
dcs:who/HEMOGLOBINLEVEL_NONPREGNANT_MEAN,dcid:country/GIN,2011,118.0
dcs:who/HEMOGLOBINLEVEL_NONPREGNANT_MEAN,dcid:country/GIN,2001,118.0
dcs:who/HEMOGLOBINLEVEL_NONPREGNANT_MEAN,dcid:country/GIN,2015,119.0
dcs:who/HEMOGLOBINLEVEL_NONPREGNANT_MEAN,dcid:country/GIN,2018,119.0
dcs:who/HEMOGLOBINLEVEL_NONPREGNANT_MEAN,dcid:country/GIN,2008,118.0
dcs:who/HEMOGLOBINLEVEL_NONPREGNANT_MEAN,dcid:country/GIN,2007,118.0
dcs:who/HEMOGLOBINLEVEL_NONPREGNANT_MEAN,dcid:country/GIN,2009,118.0
dcs:who/HEMOGLOBINLEVEL_NONPREGNANT_MEAN,dcid:country/GIN,2006,118.0
dcs:who/HEMOGLOBINLEVEL_NONPREGNANT_MEAN,dcid:country/GIN,2017,119.0
dcs:who/HEMOGLOBINLEVEL_NONPREGNANT_MEAN,dcid:country/GIN,2002,118.0
dcs:who/HEMOGLOBINLEVEL_NONPREGNANT_MEAN,dcid:country/GIN,2014,119.0
dcs:who/HEMOGLOBINLEVEL_NONPREGNANT_MEAN,dcid:country/GIN,2010,118.0
dcs:who/HEMOGLOBINLEVEL_NONPREGNANT_MEAN,dcid:country/GMB,2010,115.0
dcs:who/HEMOGLOBINLEVEL_NONPREGNANT_MEAN,dcid:country/GMB,2014,117.0
dcs:who/HEMOGLOBINLEVEL_NONPREGNANT_MEAN,dcid:country/GMB,2011,116.0
dcs:who/HEMOGLOBINLEVEL_NONPREGNANT_MEAN,dcid:country/GMB,2008,115.0
dcs:who/HEMOGLOBINLEVEL_NONPREGNANT_MEAN,dcid:country/GMB,2004,114.0
dcs:who/HEMOGLOBINLEVEL_NONPREGNANT_MEAN,dcid:country/GMB,2009,115.0
dcs:who/HEMOGLOBINLEVEL_NONPREGNANT_MEAN,dcid:country/GMB,2013,116.0
dcs:who/HEMOGLOBINLEVEL_NONPREGNANT_MEAN,dcid:country/GMB,2019,119.0
dcs:who/HEMOGLOBINLEVEL_NONPREGNANT_MEAN,dcid:country/GMB,2015,117.0
dcs:who/HEMOGLOBINLEVEL_NONPREGNANT_MEAN,dcid:country/GMB,2000,113.0
dcs:who/HEMOGLOBINLEVEL_NONPREGNANT_MEAN,dcid:country/GMB,2007,114.0
dcs:who/HEMOGLOBINLEVEL_NONPREGNANT_MEAN,dcid:country/GMB,2001,113.0
dcs:who/HEMOGLOBINLEVEL_NONPREGNANT_MEAN,dcid:country/GMB,2018,119.0
dcs:who/HEMOGLOBINLEVEL_NONPREGNANT_MEAN,dcid:country/GMB,2005,114.0
dcs:who/HEMOGLOBINLEVEL_NONPREGNANT_MEAN,dcid:country/GMB,2017,118.0
dcs:who/HEMOGLOBINLEVEL_NONPREGNANT_MEAN,dcid:country/GMB,2006,114.0
dcs:who/HEMOGLOBINLEVEL_NONPREGNANT_MEAN,dcid:country/GMB,2016,118.0
dcs:who/HEMOGLOBINLEVEL_NONPREGNANT_MEAN,dcid:country/GMB,2002,113.0
dcs:who/HEMOGLOBINLEVEL_NONPREGNANT_MEAN,dcid:country/GMB,2012,116.0
dcs:who/HEMOGLOBINLEVEL_NONPREGNANT_MEAN,dcid:country/GMB,2003,113.0
dcs:who/HEMOGLOBINLEVEL_NONPREGNANT_MEAN,dcid:country/GNB,2011,119.0
dcs:who/HEMOGLOBINLEVEL_NONPREGNANT_MEAN,dcid:country/GNB,2001,117.0
dcs:who/HEMOGLOBINLEVEL_NONPREGNANT_MEAN,dcid:country/GNB,2015,119.0
dcs:who/HEMOGLOBINLEVEL_NONPREGNANT_MEAN,dcid:country/GNB,2002,117.0
dcs:who/HEMOGLOBINLEVEL_NONPREGNANT_MEAN,dcid:country/GNB,2014,119.0
dcs:who/HEMOGLOBINLEVEL_NONPREGNANT_MEAN,dcid:country/GNB,2016,119.0
dcs:who/HEMOGLOBINLEVEL_NONPREGNANT_MEAN,dcid:country/GNB,2017,119.0
dcs:who/HEMOGLOBINLEVEL_NONPREGNANT_MEAN,dcid:country/GNB,2012,119.0
dcs:who/HEMOGLOBINLEVEL_NONPREGNANT_MEAN,dcid:country/GNB,2007,118.0
dcs:who/HEMOGLOBINLEVEL_NONPREGNANT_MEAN,dcid:country/GNB,2008,118.0
dcs:who/HEMOGLOBINLEVEL_NONPREGNANT_MEAN,dcid:country/GNB,2005,118.0
dcs:who/HEMOGLOBINLEVEL_NONPREGNANT_MEAN,dcid:country/GNB,2000,117.0
dcs:who/HEMOGLOBINLEVEL_NONPREGNANT_MEAN,dcid:country/GNB,2018,120.0
dcs:who/HEMOGLOBINLEVEL_NONPREGNANT_MEAN,dcid:country/GNB,2003,117.0
dcs:who/HEMOGLOBINLEVEL_NONPREGNANT_MEAN,dcid:country/GNB,2010,119.0
dcs:who/HEMOGLOBINLEVEL_NONPREGNANT_MEAN,dcid:country/GNB,2013,119.0
dcs:who/HEMOGLOBINLEVEL_NONPREGNANT_MEAN,dcid:country/GNB,2004,118.0
dcs:who/HEMOGLOBINLEVEL_NONPREGNANT_MEAN,dcid:country/GNB,2006,118.0
dcs:who/HEMOGLOBINLEVEL_NONPREGNANT_MEAN,dcid:country/GNB,2019,120.0
dcs:who/HEMOGLOBINLEVEL_NONPREGNANT_MEAN,dcid:country/GNB,2009,118.0
dcs:who/HEMOGLOBINLEVEL_NONPREGNANT_MEAN,dcid:country/GNQ,2009,119.0
dcs:who/HEMOGLOBINLEVEL_NONPREGNANT_MEAN,dcid:country/GNQ,2016,120.0
dcs:who/HEMOGLOBINLEVEL_NONPREGNANT_MEAN,dcid:country/GNQ,2019,121.0
dcs:who/HEMOGLOBINLEVEL_NONPREGNANT_MEAN,dcid:country/GNQ,2010,119.0
dcs:who/HEMOGLOBINLEVEL_NONPREGNANT_MEAN,dcid:country/GNQ,2015,120.0
dcs:who/HEMOGLOBINLEVEL_NONPREGNANT_MEAN,dcid:country/GNQ,2000,116.0
dcs:who/HEMOGLOBINLEVEL_NONPREGNANT_MEAN,dcid:country/GNQ,2011,119.0
dcs:who/HEMOGLOBINLEVEL_NONPREGNANT_MEAN,dcid:country/GNQ,2012,119.0
dcs:who/HEMOGLOBINLEVEL_NONPREGNANT_MEAN,dcid:country/GNQ,2007,118.0
dcs:who/HEMOGLOBINLEVEL_NONPREGNANT_MEAN,dcid:country/GNQ,2008,118.0
dcs:who/HEMOGLOBINLEVEL_NONPREGNANT_MEAN,dcid:country/GNQ,2014,120.0
dcs:who/HEMOGLOBINLEVEL_NONPREGNANT_MEAN,dcid:country/GNQ,2013,120.0
dcs:who/HEMOGLOBINLEVEL_NONPREGNANT_MEAN,dcid:country/GNQ,2018,121.0
dcs:who/HEMOGLOBINLEVEL_NONPREGNANT_MEAN,dcid:country/GNQ,2017,120.0
dcs:who/HEMOGLOBINLEVEL_NONPREGNANT_MEAN,dcid:country/GNQ,2004,117.0
dcs:who/HEMOGLOBINLEVEL_NONPREGNANT_MEAN,dcid:country/GNQ,2006,118.0
dcs:who/HEMOGLOBINLEVEL_NONPREGNANT_MEAN,dcid:country/GNQ,2003,117.0
dcs:who/HEMOGLOBINLEVEL_NONPREGNANT_MEAN,dcid:country/GNQ,2002,116.0
dcs:who/HEMOGLOBINLEVEL_NONPREGNANT_MEAN,dcid:country/GNQ,2001,116.0
dcs:who/HEMOGLOBINLEVEL_NONPREGNANT_MEAN,dcid:country/GNQ,2005,117.0
dcs:who/HEMOGLOBINLEVEL_NONPREGNANT_MEAN,dcid:country/GRC,2001,131.0
dcs:who/HEMOGLOBINLEVEL_NONPREGNANT_MEAN,dcid:country/GRC,2004,131.0
dcs:who/HEMOGLOBINLEVEL_NONPREGNANT_MEAN,dcid:country/GRC,2007,131.0
dcs:who/HEMOGLOBINLEVEL_NONPREGNANT_MEAN,dcid:country/GRC,2019,130.0
dcs:who/HEMOGLOBINLEVEL_NONPREGNANT_MEAN,dcid:country/GRC,2012,131.0
dcs:who/HEMOGLOBINLEVEL_NONPREGNANT_MEAN,dcid:country/GRC,2013,131.0
dcs:who/HEMOGLOBINLEVEL_NONPREGNANT_MEAN,dcid:country/GRC,2018,130.0
dcs:who/HEMOGLOBINLEVEL_NONPREGNANT_MEAN,dcid:country/GRC,2005,131.0
dcs:who/HEMOGLOBINLEVEL_NONPREGNANT_MEAN,dcid:country/GRC,2010,131.0
dcs:who/HEMOGLOBINLEVEL_NONPREGNANT_MEAN,dcid:country/GRC,2003,131.0
dcs:who/HEMOGLOBINLEVEL_NONPREGNANT_MEAN,dcid:country/GRC,2016,131.0
dcs:who/HEMOGLOBINLEVEL_NONPREGNANT_MEAN,dcid:country/GRC,2014,131.0
dcs:who/HEMOGLOBINLEVEL_NONPREGNANT_MEAN,dcid:country/GRC,2017,131.0
dcs:who/HEMOGLOBINLEVEL_NONPREGNANT_MEAN,dcid:country/GRC,2015,131.0
dcs:who/HEMOGLOBINLEVEL_NONPREGNANT_MEAN,dcid:country/GRC,2009,131.0
dcs:who/HEMOGLOBINLEVEL_NONPREGNANT_MEAN,dcid:country/GRC,2008,131.0
dcs:who/HEMOGLOBINLEVEL_NONPREGNANT_MEAN,dcid:country/GRC,2006,131.0
dcs:who/HEMOGLOBINLEVEL_NONPREGNANT_MEAN,dcid:country/GRC,2011,131.0
dcs:who/HEMOGLOBINLEVEL_NONPREGNANT_MEAN,dcid:country/GRC,2000,131.0
dcs:who/HEMOGLOBINLEVEL_NONPREGNANT_MEAN,dcid:country/GRC,2002,131.0
dcs:who/HEMOGLOBINLEVEL_NONPREGNANT_MEAN,dcid:country/GRD,2000,128.0
dcs:who/HEMOGLOBINLEVEL_NONPREGNANT_MEAN,dcid:country/GRD,2003,129.0
dcs:who/HEMOGLOBINLEVEL_NONPREGNANT_MEAN,dcid:country/GRD,2010,130.0
dcs:who/HEMOGLOBINLEVEL_NONPREGNANT_MEAN,dcid:country/GRD,2004,129.0
dcs:who/HEMOGLOBINLEVEL_NONPREGNANT_MEAN,dcid:country/GRD,2012,130.0
dcs:who/HEMOGLOBINLEVEL_NONPREGNANT_MEAN,dcid:country/GRD,2013,130.0
dcs:who/HEMOGLOBINLEVEL_NONPREGNANT_MEAN,dcid:country/GRD,2006,130.0
dcs:who/HEMOGLOBINLEVEL_NONPREGNANT_MEAN,dcid:country/GRD,2016,130.0
dcs:who/HEMOGLOBINLEVEL_NONPREGNANT_MEAN,dcid:country/GRD,2014,131.0
dcs:who/HEMOGLOBINLEVEL_NONPREGNANT_MEAN,dcid:country/GRD,2018,130.0
dcs:who/HEMOGLOBINLEVEL_NONPREGNANT_MEAN,dcid:country/GRD,2009,130.0
dcs:who/HEMOGLOBINLEVEL_NONPREGNANT_MEAN,dcid:country/GRD,2017,130.0
dcs:who/HEMOGLOBINLEVEL_NONPREGNANT_MEAN,dcid:country/GRD,2019,130.0
dcs:who/HEMOGLOBINLEVEL_NONPREGNANT_MEAN,dcid:country/GRD,2008,130.0
dcs:who/HEMOGLOBINLEVEL_NONPREGNANT_MEAN,dcid:country/GRD,2001,128.0
dcs:who/HEMOGLOBINLEVEL_NONPREGNANT_MEAN,dcid:country/GRD,2005,129.0
dcs:who/HEMOGLOBINLEVEL_NONPREGNANT_MEAN,dcid:country/GRD,2015,130.0
dcs:who/HEMOGLOBINLEVEL_NONPREGNANT_MEAN,dcid:country/GRD,2007,130.0
dcs:who/HEMOGLOBINLEVEL_NONPREGNANT_MEAN,dcid:country/GRD,2002,129.0
dcs:who/HEMOGLOBINLEVEL_NONPREGNANT_MEAN,dcid:country/GRD,2011,130.0
dcs:who/HEMOGLOBINLEVEL_NONPREGNANT_MEAN,dcid:country/GTM,2007,133.0
dcs:who/HEMOGLOBINLEVEL_NONPREGNANT_MEAN,dcid:country/GTM,2017,137.0
dcs:who/HEMOGLOBINLEVEL_NONPREGNANT_MEAN,dcid:country/GTM,2013,136.0
dcs:who/HEMOGLOBINLEVEL_NONPREGNANT_MEAN,dcid:country/GTM,2006,132.0
dcs:who/HEMOGLOBINLEVEL_NONPREGNANT_MEAN,dcid:country/GTM,2011,135.0
dcs:who/HEMOGLOBINLEVEL_NONPREGNANT_MEAN,dcid:country/GTM,2019,137.0
dcs:who/HEMOGLOBINLEVEL_NONPREGNANT_MEAN,dcid:country/GTM,2009,134.0
dcs:who/HEMOGLOBINLEVEL_NONPREGNANT_MEAN,dcid:country/GTM,2003,131.0
dcs:who/HEMOGLOBINLEVEL_NONPREGNANT_MEAN,dcid:country/GTM,2005,132.0
dcs:who/HEMOGLOBINLEVEL_NONPREGNANT_MEAN,dcid:country/GTM,2010,134.0
dcs:who/HEMOGLOBINLEVEL_NONPREGNANT_MEAN,dcid:country/GTM,2016,136.0
dcs:who/HEMOGLOBINLEVEL_NONPREGNANT_MEAN,dcid:country/GTM,2008,133.0
dcs:who/HEMOGLOBINLEVEL_NONPREGNANT_MEAN,dcid:country/GTM,2004,132.0
dcs:who/HEMOGLOBINLEVEL_NONPREGNANT_MEAN,dcid:country/GTM,2014,136.0
dcs:who/HEMOGLOBINLEVEL_NONPREGNANT_MEAN,dcid:country/GTM,2012,135.0
dcs:who/HEMOGLOBINLEVEL_NONPREGNANT_MEAN,dcid:country/GTM,2018,137.0
dcs:who/HEMOGLOBINLEVEL_NONPREGNANT_MEAN,dcid:country/GTM,2015,136.0
dcs:who/HEMOGLOBINLEVEL_NONPREGNANT_MEAN,dcid:country/GTM,2000,130.0
dcs:who/HEMOGLOBINLEVEL_NONPREGNANT_MEAN,dcid:country/GTM,2002,131.0
dcs:who/HEMOGLOBINLEVEL_NONPREGNANT_MEAN,dcid:country/GTM,2001,130.0
dcs:who/HEMOGLOBINLEVEL_NONPREGNANT_MEAN,dcid:country/GUY,2017,125.0
dcs:who/HEMOGLOBINLEVEL_NONPREGNANT_MEAN,dcid:country/GUY,2010,124.0
dcs:who/HEMOGLOBINLEVEL_NONPREGNANT_MEAN,dcid:country/GUY,2018,125.0
dcs:who/HEMOGLOBINLEVEL_NONPREGNANT_MEAN,dcid:country/GUY,2011,124.0
dcs:who/HEMOGLOBINLEVEL_NONPREGNANT_MEAN,dcid:country/GUY,2002,121.0
dcs:who/HEMOGLOBINLEVEL_NONPREGNANT_MEAN,dcid:country/GUY,2005,122.0
dcs:who/HEMOGLOBINLEVEL_NONPREGNANT_MEAN,dcid:country/GUY,2019,125.0
dcs:who/HEMOGLOBINLEVEL_NONPREGNANT_MEAN,dcid:country/GUY,2008,123.0
dcs:who/HEMOGLOBINLEVEL_NONPREGNANT_MEAN,dcid:country/GUY,2001,121.0
dcs:who/HEMOGLOBINLEVEL_NONPREGNANT_MEAN,dcid:country/GUY,2015,125.0
dcs:who/HEMOGLOBINLEVEL_NONPREGNANT_MEAN,dcid:country/GUY,2013,124.0
dcs:who/HEMOGLOBINLEVEL_NONPREGNANT_MEAN,dcid:country/GUY,2000,120.0
dcs:who/HEMOGLOBINLEVEL_NONPREGNANT_MEAN,dcid:country/GUY,2016,125.0
dcs:who/HEMOGLOBINLEVEL_NONPREGNANT_MEAN,dcid:country/GUY,2009,123.0
dcs:who/HEMOGLOBINLEVEL_NONPREGNANT_MEAN,dcid:country/GUY,2012,124.0
dcs:who/HEMOGLOBINLEVEL_NONPREGNANT_MEAN,dcid:country/GUY,2004,122.0
dcs:who/HEMOGLOBINLEVEL_NONPREGNANT_MEAN,dcid:country/GUY,2007,122.0
dcs:who/HEMOGLOBINLEVEL_NONPREGNANT_MEAN,dcid:country/GUY,2003,121.0
dcs:who/HEMOGLOBINLEVEL_NONPREGNANT_MEAN,dcid:country/GUY,2014,125.0
dcs:who/HEMOGLOBINLEVEL_NONPREGNANT_MEAN,dcid:country/GUY,2006,122.0
dcs:who/HEMOGLOBINLEVEL_NONPREGNANT_MEAN,dcid:country/HND,2004,131.0
dcs:who/HEMOGLOBINLEVEL_NONPREGNANT_MEAN,dcid:country/HND,2008,131.0
dcs:who/HEMOGLOBINLEVEL_NONPREGNANT_MEAN,dcid:country/HND,2012,132.0
dcs:who/HEMOGLOBINLEVEL_NONPREGNANT_MEAN,dcid:country/HND,2017,131.0
dcs:who/HEMOGLOBINLEVEL_NONPREGNANT_MEAN,dcid:country/HND,2000,129.0
dcs:who/HEMOGLOBINLEVEL_NONPREGNANT_MEAN,dcid:country/HND,2019,131.0
dcs:who/HEMOGLOBINLEVEL_NONPREGNANT_MEAN,dcid:country/HND,2006,131.0
dcs:who/HEMOGLOBINLEVEL_NONPREGNANT_MEAN,dcid:country/HND,2018,131.0
dcs:who/HEMOGLOBINLEVEL_NONPREGNANT_MEAN,dcid:country/HND,2013,132.0
dcs:who/HEMOGLOBINLEVEL_NONPREGNANT_MEAN,dcid:country/HND,2014,132.0
dcs:who/HEMOGLOBINLEVEL_NONPREGNANT_MEAN,dcid:country/HND,2010,132.0
dcs:who/HEMOGLOBINLEVEL_NONPREGNANT_MEAN,dcid:country/HND,2016,132.0
dcs:who/HEMOGLOBINLEVEL_NONPREGNANT_MEAN,dcid:country/HND,2003,130.0
dcs:who/HEMOGLOBINLEVEL_NONPREGNANT_MEAN,dcid:country/HND,2011,132.0
dcs:who/HEMOGLOBINLEVEL_NONPREGNANT_MEAN,dcid:country/HND,2002,130.0
dcs:who/HEMOGLOBINLEVEL_NONPREGNANT_MEAN,dcid:country/HND,2015,132.0
dcs:who/HEMOGLOBINLEVEL_NONPREGNANT_MEAN,dcid:country/HND,2007,131.0
dcs:who/HEMOGLOBINLEVEL_NONPREGNANT_MEAN,dcid:country/HND,2001,130.0
dcs:who/HEMOGLOBINLEVEL_NONPREGNANT_MEAN,dcid:country/HND,2009,132.0
dcs:who/HEMOGLOBINLEVEL_NONPREGNANT_MEAN,dcid:country/HND,2005,131.0
dcs:who/HEMOGLOBINLEVEL_NONPREGNANT_MEAN,dcid:country/HRV,2000,129.0
dcs:who/HEMOGLOBINLEVEL_NONPREGNANT_MEAN,dcid:country/HRV,2006,129.0
dcs:who/HEMOGLOBINLEVEL_NONPREGNANT_MEAN,dcid:country/HRV,2013,129.0
dcs:who/HEMOGLOBINLEVEL_NONPREGNANT_MEAN,dcid:country/HRV,2012,129.0
dcs:who/HEMOGLOBINLEVEL_NONPREGNANT_MEAN,dcid:country/HRV,2005,129.0
dcs:who/HEMOGLOBINLEVEL_NONPREGNANT_MEAN,dcid:country/HRV,2016,129.0
dcs:who/HEMOGLOBINLEVEL_NONPREGNANT_MEAN,dcid:country/HRV,2001,129.0
dcs:who/HEMOGLOBINLEVEL_NONPREGNANT_MEAN,dcid:country/HRV,2009,129.0
dcs:who/HEMOGLOBINLEVEL_NONPREGNANT_MEAN,dcid:country/HRV,2003,129.0
dcs:who/HEMOGLOBINLEVEL_NONPREGNANT_MEAN,dcid:country/HRV,2010,129.0
dcs:who/HEMOGLOBINLEVEL_NONPREGNANT_MEAN,dcid:country/HRV,2011,129.0
dcs:who/HEMOGLOBINLEVEL_NONPREGNANT_MEAN,dcid:country/HRV,2019,129.0
dcs:who/HEMOGLOBINLEVEL_NONPREGNANT_MEAN,dcid:country/HRV,2018,129.0
dcs:who/HEMOGLOBINLEVEL_NONPREGNANT_MEAN,dcid:country/HRV,2017,129.0
dcs:who/HEMOGLOBINLEVEL_NONPREGNANT_MEAN,dcid:country/HRV,2014,129.0
dcs:who/HEMOGLOBINLEVEL_NONPREGNANT_MEAN,dcid:country/HRV,2004,129.0
dcs:who/HEMOGLOBINLEVEL_NONPREGNANT_MEAN,dcid:country/HRV,2002,129.0
dcs:who/HEMOGLOBINLEVEL_NONPREGNANT_MEAN,dcid:country/HRV,2007,129.0
dcs:who/HEMOGLOBINLEVEL_NONPREGNANT_MEAN,dcid:country/HRV,2008,129.0
dcs:who/HEMOGLOBINLEVEL_NONPREGNANT_MEAN,dcid:country/HRV,2015,129.0
dcs:who/HEMOGLOBINLEVEL_NONPREGNANT_MEAN,dcid:country/HTI,2017,119.0
dcs:who/HEMOGLOBINLEVEL_NONPREGNANT_MEAN,dcid:country/HTI,2012,119.0
dcs:who/HEMOGLOBINLEVEL_NONPREGNANT_MEAN,dcid:country/HTI,2001,117.0
dcs:who/HEMOGLOBINLEVEL_NONPREGNANT_MEAN,dcid:country/HTI,2013,119.0
dcs:who/HEMOGLOBINLEVEL_NONPREGNANT_MEAN,dcid:country/HTI,2014,119.0
dcs:who/HEMOGLOBINLEVEL_NONPREGNANT_MEAN,dcid:country/HTI,2018,119.0
dcs:who/HEMOGLOBINLEVEL_NONPREGNANT_MEAN,dcid:country/HTI,2003,117.0
dcs:who/HEMOGLOBINLEVEL_NONPREGNANT_MEAN,dcid:country/HTI,2007,118.0
dcs:who/HEMOGLOBINLEVEL_NONPREGNANT_MEAN,dcid:country/HTI,2019,119.0
dcs:who/HEMOGLOBINLEVEL_NONPREGNANT_MEAN,dcid:country/HTI,2006,118.0
dcs:who/HEMOGLOBINLEVEL_NONPREGNANT_MEAN,dcid:country/HTI,2015,119.0
dcs:who/HEMOGLOBINLEVEL_NONPREGNANT_MEAN,dcid:country/HTI,2008,118.0
dcs:who/HEMOGLOBINLEVEL_NONPREGNANT_MEAN,dcid:country/HTI,2004,117.0
dcs:who/HEMOGLOBINLEVEL_NONPREGNANT_MEAN,dcid:country/HTI,2005,118.0
dcs:who/HEMOGLOBINLEVEL_NONPREGNANT_MEAN,dcid:country/HTI,2002,117.0
dcs:who/HEMOGLOBINLEVEL_NONPREGNANT_MEAN,dcid:country/HTI,2000,116.0
dcs:who/HEMOGLOBINLEVEL_NONPREGNANT_MEAN,dcid:country/HTI,2010,119.0
dcs:who/HEMOGLOBINLEVEL_NONPREGNANT_MEAN,dcid:country/HTI,2009,119.0
dcs:who/HEMOGLOBINLEVEL_NONPREGNANT_MEAN,dcid:country/HTI,2016,119.0
dcs:who/HEMOGLOBINLEVEL_NONPREGNANT_MEAN,dcid:country/HTI,2011,119.0
dcs:who/HEMOGLOBINLEVEL_NONPREGNANT_MEAN,dcid:country/HUN,2018,130.0
dcs:who/HEMOGLOBINLEVEL_NONPREGNANT_MEAN,dcid:country/HUN,2004,130.0
dcs:who/HEMOGLOBINLEVEL_NONPREGNANT_MEAN,dcid:country/HUN,2002,130.0
dcs:who/HEMOGLOBINLEVEL_NONPREGNANT_MEAN,dcid:country/HUN,2008,130.0
dcs:who/HEMOGLOBINLEVEL_NONPREGNANT_MEAN,dcid:country/HUN,2012,129.0
dcs:who/HEMOGLOBINLEVEL_NONPREGNANT_MEAN,dcid:country/HUN,2011,129.0
dcs:who/HEMOGLOBINLEVEL_NONPREGNANT_MEAN,dcid:country/HUN,2000,130.0
dcs:who/HEMOGLOBINLEVEL_NONPREGNANT_MEAN,dcid:country/HUN,2015,130.0
dcs:who/HEMOGLOBINLEVEL_NONPREGNANT_MEAN,dcid:country/HUN,2016,130.0
dcs:who/HEMOGLOBINLEVEL_NONPREGNANT_MEAN,dcid:country/HUN,2007,130.0
dcs:who/HEMOGLOBINLEVEL_NONPREGNANT_MEAN,dcid:country/HUN,2019,130.0
dcs:who/HEMOGLOBINLEVEL_NONPREGNANT_MEAN,dcid:country/HUN,2017,130.0
dcs:who/HEMOGLOBINLEVEL_NONPREGNANT_MEAN,dcid:country/HUN,2006,130.0
dcs:who/HEMOGLOBINLEVEL_NONPREGNANT_MEAN,dcid:country/HUN,2010,129.0
dcs:who/HEMOGLOBINLEVEL_NONPREGNANT_MEAN,dcid:country/HUN,2003,130.0
dcs:who/HEMOGLOBINLEVEL_NONPREGNANT_MEAN,dcid:country/HUN,2013,129.0
dcs:who/HEMOGLOBINLEVEL_NONPREGNANT_MEAN,dcid:country/HUN,2009,130.0
dcs:who/HEMOGLOBINLEVEL_NONPREGNANT_MEAN,dcid:country/HUN,2001,130.0
dcs:who/HEMOGLOBINLEVEL_NONPREGNANT_MEAN,dcid:country/HUN,2014,129.0
dcs:who/HEMOGLOBINLEVEL_NONPREGNANT_MEAN,dcid:country/HUN,2005,130.0
dcs:who/HEMOGLOBINLEVEL_NONPREGNANT_MEAN,dcid:country/IDN,2004,125.0
dcs:who/HEMOGLOBINLEVEL_NONPREGNANT_MEAN,dcid:country/IDN,2008,126.0
dcs:who/HEMOGLOBINLEVEL_NONPREGNANT_MEAN,dcid:country/IDN,2006,126.0
dcs:who/HEMOGLOBINLEVEL_NONPREGNANT_MEAN,dcid:country/IDN,2014,126.0
dcs:who/HEMOGLOBINLEVEL_NONPREGNANT_MEAN,dcid:country/IDN,2017,126.0
dcs:who/HEMOGLOBINLEVEL_NONPREGNANT_MEAN,dcid:country/IDN,2011,126.0
dcs:who/HEMOGLOBINLEVEL_NONPREGNANT_MEAN,dcid:country/IDN,2000,124.0
dcs:who/HEMOGLOBINLEVEL_NONPREGNANT_MEAN,dcid:country/IDN,2001,125.0
dcs:who/HEMOGLOBINLEVEL_NONPREGNANT_MEAN,dcid:country/IDN,2009,126.0
dcs:who/HEMOGLOBINLEVEL_NONPREGNANT_MEAN,dcid:country/IDN,2005,125.0
dcs:who/HEMOGLOBINLEVEL_NONPREGNANT_MEAN,dcid:country/IDN,2012,126.0
dcs:who/HEMOGLOBINLEVEL_NONPREGNANT_MEAN,dcid:country/IDN,2019,125.0
dcs:who/HEMOGLOBINLEVEL_NONPREGNANT_MEAN,dcid:country/IDN,2016,126.0
dcs:who/HEMOGLOBINLEVEL_NONPREGNANT_MEAN,dcid:country/IDN,2013,126.0
dcs:who/HEMOGLOBINLEVEL_NONPREGNANT_MEAN,dcid:country/IDN,2015,126.0
dcs:who/HEMOGLOBINLEVEL_NONPREGNANT_MEAN,dcid:country/IDN,2002,125.0
dcs:who/HEMOGLOBINLEVEL_NONPREGNANT_MEAN,dcid:country/IDN,2018,125.0
dcs:who/HEMOGLOBINLEVEL_NONPREGNANT_MEAN,dcid:country/IDN,2003,125.0
dcs:who/HEMOGLOBINLEVEL_NONPREGNANT_MEAN,dcid:country/IDN,2010,126.0
dcs:who/HEMOGLOBINLEVEL_NONPREGNANT_MEAN,dcid:country/IDN,2007,126.0
dcs:who/HEMOGLOBINLEVEL_NONPREGNANT_MEAN,dcid:country/IND,2007,116.0
dcs:who/HEMOGLOBINLEVEL_NONPREGNANT_MEAN,dcid:country/IND,2017,117.0
dcs:who/HEMOGLOBINLEVEL_NONPREGNANT_MEAN,dcid:country/IND,2001,116.0
dcs:who/HEMOGLOBINLEVEL_NONPREGNANT_MEAN,dcid:country/IND,2013,117.0
dcs:who/HEMOGLOBINLEVEL_NONPREGNANT_MEAN,dcid:country/IND,2014,117.0
dcs:who/HEMOGLOBINLEVEL_NONPREGNANT_MEAN,dcid:country/IND,2019,117.0
dcs:who/HEMOGLOBINLEVEL_NONPREGNANT_MEAN,dcid:country/IND,2010,117.0
dcs:who/HEMOGLOBINLEVEL_NONPREGNANT_MEAN,dcid:country/IND,2016,117.0
dcs:who/HEMOGLOBINLEVEL_NONPREGNANT_MEAN,dcid:country/IND,2005,116.0
dcs:who/HEMOGLOBINLEVEL_NONPREGNANT_MEAN,dcid:country/IND,2000,116.0
dcs:who/HEMOGLOBINLEVEL_NONPREGNANT_MEAN,dcid:country/IND,2003,116.0
dcs:who/HEMOGLOBINLEVEL_NONPREGNANT_MEAN,dcid:country/IND,2006,116.0
dcs:who/HEMOGLOBINLEVEL_NONPREGNANT_MEAN,dcid:country/IND,2004,116.0
dcs:who/HEMOGLOBINLEVEL_NONPREGNANT_MEAN,dcid:country/IND,2012,117.0
dcs:who/HEMOGLOBINLEVEL_NONPREGNANT_MEAN,dcid:country/IND,2011,117.0
dcs:who/HEMOGLOBINLEVEL_NONPREGNANT_MEAN,dcid:country/IND,2015,117.0
dcs:who/HEMOGLOBINLEVEL_NONPREGNANT_MEAN,dcid:country/IND,2008,117.0
dcs:who/HEMOGLOBINLEVEL_NONPREGNANT_MEAN,dcid:country/IND,2002,116.0
dcs:who/HEMOGLOBINLEVEL_NONPREGNANT_MEAN,dcid:country/IND,2018,117.0
dcs:who/HEMOGLOBINLEVEL_NONPREGNANT_MEAN,dcid:country/IND,2009,117.0
dcs:who/HEMOGLOBINLEVEL_NONPREGNANT_MEAN,dcid:country/IRL,2017,132.0
dcs:who/HEMOGLOBINLEVEL_NONPREGNANT_MEAN,dcid:country/IRL,2018,132.0
dcs:who/HEMOGLOBINLEVEL_NONPREGNANT_MEAN,dcid:country/IRL,2007,132.0
dcs:who/HEMOGLOBINLEVEL_NONPREGNANT_MEAN,dcid:country/IRL,2011,132.0
dcs:who/HEMOGLOBINLEVEL_NONPREGNANT_MEAN,dcid:country/IRL,2006,132.0
dcs:who/HEMOGLOBINLEVEL_NONPREGNANT_MEAN,dcid:country/IRL,2014,132.0
dcs:who/HEMOGLOBINLEVEL_NONPREGNANT_MEAN,dcid:country/IRL,2012,132.0
dcs:who/HEMOGLOBINLEVEL_NONPREGNANT_MEAN,dcid:country/IRL,2016,132.0
dcs:who/HEMOGLOBINLEVEL_NONPREGNANT_MEAN,dcid:country/IRL,2001,132.0
dcs:who/HEMOGLOBINLEVEL_NONPREGNANT_MEAN,dcid:country/IRL,2013,132.0
dcs:who/HEMOGLOBINLEVEL_NONPREGNANT_MEAN,dcid:country/IRL,2008,132.0
dcs:who/HEMOGLOBINLEVEL_NONPREGNANT_MEAN,dcid:country/IRL,2003,132.0
dcs:who/HEMOGLOBINLEVEL_NONPREGNANT_MEAN,dcid:country/IRL,2019,132.0
dcs:who/HEMOGLOBINLEVEL_NONPREGNANT_MEAN,dcid:country/IRL,2005,132.0
dcs:who/HEMOGLOBINLEVEL_NONPREGNANT_MEAN,dcid:country/IRL,2004,132.0
dcs:who/HEMOGLOBINLEVEL_NONPREGNANT_MEAN,dcid:country/IRL,2015,132.0
dcs:who/HEMOGLOBINLEVEL_NONPREGNANT_MEAN,dcid:country/IRL,2010,132.0
dcs:who/HEMOGLOBINLEVEL_NONPREGNANT_MEAN,dcid:country/IRL,2002,132.0
dcs:who/HEMOGLOBINLEVEL_NONPREGNANT_MEAN,dcid:country/IRL,2009,132.0
dcs:who/HEMOGLOBINLEVEL_NONPREGNANT_MEAN,dcid:country/IRL,2000,132.0
dcs:who/HEMOGLOBINLEVEL_NONPREGNANT_MEAN,dcid:country/IRN,2004,128.0
dcs:who/HEMOGLOBINLEVEL_NONPREGNANT_MEAN,dcid:country/IRN,2001,127.0
dcs:who/HEMOGLOBINLEVEL_NONPREGNANT_MEAN,dcid:country/IRN,2009,128.0
dcs:who/HEMOGLOBINLEVEL_NONPREGNANT_MEAN,dcid:country/IRN,2007,128.0
dcs:who/HEMOGLOBINLEVEL_NONPREGNANT_MEAN,dcid:country/IRN,2015,128.0
dcs:who/HEMOGLOBINLEVEL_NONPREGNANT_MEAN,dcid:country/IRN,2000,127.0
dcs:who/HEMOGLOBINLEVEL_NONPREGNANT_MEAN,dcid:country/IRN,2014,128.0
dcs:who/HEMOGLOBINLEVEL_NONPREGNANT_MEAN,dcid:country/IRN,2002,127.0
dcs:who/HEMOGLOBINLEVEL_NONPREGNANT_MEAN,dcid:country/IRN,2018,128.0
dcs:who/HEMOGLOBINLEVEL_NONPREGNANT_MEAN,dcid:country/IRN,2008,128.0
dcs:who/HEMOGLOBINLEVEL_NONPREGNANT_MEAN,dcid:country/IRN,2012,128.0
dcs:who/HEMOGLOBINLEVEL_NONPREGNANT_MEAN,dcid:country/IRN,2019,128.0
dcs:who/HEMOGLOBINLEVEL_NONPREGNANT_MEAN,dcid:country/IRN,2011,128.0
dcs:who/HEMOGLOBINLEVEL_NONPREGNANT_MEAN,dcid:country/IRN,2003,128.0
dcs:who/HEMOGLOBINLEVEL_NONPREGNANT_MEAN,dcid:country/IRN,2006,128.0
dcs:who/HEMOGLOBINLEVEL_NONPREGNANT_MEAN,dcid:country/IRN,2010,128.0
dcs:who/HEMOGLOBINLEVEL_NONPREGNANT_MEAN,dcid:country/IRN,2005,128.0
dcs:who/HEMOGLOBINLEVEL_NONPREGNANT_MEAN,dcid:country/IRN,2016,128.0
dcs:who/HEMOGLOBINLEVEL_NONPREGNANT_MEAN,dcid:country/IRN,2017,128.0
dcs:who/HEMOGLOBINLEVEL_NONPREGNANT_MEAN,dcid:country/IRN,2013,128.0
dcs:who/HEMOGLOBINLEVEL_NONPREGNANT_MEAN,dcid:country/IRQ,2002,121.0
dcs:who/HEMOGLOBINLEVEL_NONPREGNANT_MEAN,dcid:country/IRQ,2005,122.0
dcs:who/HEMOGLOBINLEVEL_NONPREGNANT_MEAN,dcid:country/IRQ,2004,122.0
dcs:who/HEMOGLOBINLEVEL_NONPREGNANT_MEAN,dcid:country/IRQ,2011,124.0
dcs:who/HEMOGLOBINLEVEL_NONPREGNANT_MEAN,dcid:country/IRQ,2010,124.0
dcs:who/HEMOGLOBINLEVEL_NONPREGNANT_MEAN,dcid:country/IRQ,2007,123.0
dcs:who/HEMOGLOBINLEVEL_NONPREGNANT_MEAN,dcid:country/IRQ,2009,123.0
dcs:who/HEMOGLOBINLEVEL_NONPREGNANT_MEAN,dcid:country/IRQ,2015,125.0
dcs:who/HEMOGLOBINLEVEL_NONPREGNANT_MEAN,dcid:country/IRQ,2019,125.0
dcs:who/HEMOGLOBINLEVEL_NONPREGNANT_MEAN,dcid:country/IRQ,2014,125.0
dcs:who/HEMOGLOBINLEVEL_NONPREGNANT_MEAN,dcid:country/IRQ,2006,122.0
dcs:who/HEMOGLOBINLEVEL_NONPREGNANT_MEAN,dcid:country/IRQ,2013,125.0
dcs:who/HEMOGLOBINLEVEL_NONPREGNANT_MEAN,dcid:country/IRQ,2003,121.0
dcs:who/HEMOGLOBINLEVEL_NONPREGNANT_MEAN,dcid:country/IRQ,2008,123.0
dcs:who/HEMOGLOBINLEVEL_NONPREGNANT_MEAN,dcid:country/IRQ,2016,125.0
dcs:who/HEMOGLOBINLEVEL_NONPREGNANT_MEAN,dcid:country/IRQ,2017,125.0
dcs:who/HEMOGLOBINLEVEL_NONPREGNANT_MEAN,dcid:country/IRQ,2018,125.0
dcs:who/HEMOGLOBINLEVEL_NONPREGNANT_MEAN,dcid:country/IRQ,2000,121.0
dcs:who/HEMOGLOBINLEVEL_NONPREGNANT_MEAN,dcid:country/IRQ,2001,121.0
dcs:who/HEMOGLOBINLEVEL_NONPREGNANT_MEAN,dcid:country/IRQ,2012,124.0
dcs:who/HEMOGLOBINLEVEL_NONPREGNANT_MEAN,dcid:country/ISL,2011,133.0
dcs:who/HEMOGLOBINLEVEL_NONPREGNANT_MEAN,dcid:country/ISL,2013,133.0
dcs:who/HEMOGLOBINLEVEL_NONPREGNANT_MEAN,dcid:country/ISL,2006,133.0
dcs:who/HEMOGLOBINLEVEL_NONPREGNANT_MEAN,dcid:country/ISL,2019,132.0
dcs:who/HEMOGLOBINLEVEL_NONPREGNANT_MEAN,dcid:country/ISL,2010,133.0
dcs:who/HEMOGLOBINLEVEL_NONPREGNANT_MEAN,dcid:country/ISL,2004,133.0
dcs:who/HEMOGLOBINLEVEL_NONPREGNANT_MEAN,dcid:country/ISL,2012,133.0
dcs:who/HEMOGLOBINLEVEL_NONPREGNANT_MEAN,dcid:country/ISL,2008,133.0
dcs:who/HEMOGLOBINLEVEL_NONPREGNANT_MEAN,dcid:country/ISL,2017,133.0
dcs:who/HEMOGLOBINLEVEL_NONPREGNANT_MEAN,dcid:country/ISL,2000,133.0
dcs:who/HEMOGLOBINLEVEL_NONPREGNANT_MEAN,dcid:country/ISL,2001,133.0
dcs:who/HEMOGLOBINLEVEL_NONPREGNANT_MEAN,dcid:country/ISL,2014,133.0
dcs:who/HEMOGLOBINLEVEL_NONPREGNANT_MEAN,dcid:country/ISL,2016,133.0
dcs:who/HEMOGLOBINLEVEL_NONPREGNANT_MEAN,dcid:country/ISL,2009,133.0
dcs:who/HEMOGLOBINLEVEL_NONPREGNANT_MEAN,dcid:country/ISL,2007,133.0
dcs:who/HEMOGLOBINLEVEL_NONPREGNANT_MEAN,dcid:country/ISL,2015,133.0
dcs:who/HEMOGLOBINLEVEL_NONPREGNANT_MEAN,dcid:country/ISL,2018,133.0
dcs:who/HEMOGLOBINLEVEL_NONPREGNANT_MEAN,dcid:country/ISL,2003,133.0
dcs:who/HEMOGLOBINLEVEL_NONPREGNANT_MEAN,dcid:country/ISL,2002,133.0
dcs:who/HEMOGLOBINLEVEL_NONPREGNANT_MEAN,dcid:country/ISL,2005,133.0
dcs:who/HEMOGLOBINLEVEL_NONPREGNANT_MEAN,dcid:country/ISR,2010,132.0
dcs:who/HEMOGLOBINLEVEL_NONPREGNANT_MEAN,dcid:country/ISR,2011,132.0
dcs:who/HEMOGLOBINLEVEL_NONPREGNANT_MEAN,dcid:country/ISR,2009,132.0
dcs:who/HEMOGLOBINLEVEL_NONPREGNANT_MEAN,dcid:country/ISR,2004,132.0
dcs:who/HEMOGLOBINLEVEL_NONPREGNANT_MEAN,dcid:country/ISR,2002,132.0
dcs:who/HEMOGLOBINLEVEL_NONPREGNANT_MEAN,dcid:country/ISR,2012,132.0
dcs:who/HEMOGLOBINLEVEL_NONPREGNANT_MEAN,dcid:country/ISR,2000,131.0
dcs:who/HEMOGLOBINLEVEL_NONPREGNANT_MEAN,dcid:country/ISR,2018,132.0
dcs:who/HEMOGLOBINLEVEL_NONPREGNANT_MEAN,dcid:country/ISR,2005,132.0
dcs:who/HEMOGLOBINLEVEL_NONPREGNANT_MEAN,dcid:country/ISR,2013,132.0
dcs:who/HEMOGLOBINLEVEL_NONPREGNANT_MEAN,dcid:country/ISR,2007,132.0
dcs:who/HEMOGLOBINLEVEL_NONPREGNANT_MEAN,dcid:country/ISR,2015,132.0
dcs:who/HEMOGLOBINLEVEL_NONPREGNANT_MEAN,dcid:country/ISR,2003,132.0
dcs:who/HEMOGLOBINLEVEL_NONPREGNANT_MEAN,dcid:country/ISR,2006,132.0
dcs:who/HEMOGLOBINLEVEL_NONPREGNANT_MEAN,dcid:country/ISR,2017,132.0
dcs:who/HEMOGLOBINLEVEL_NONPREGNANT_MEAN,dcid:country/ISR,2014,132.0
dcs:who/HEMOGLOBINLEVEL_NONPREGNANT_MEAN,dcid:country/ISR,2019,131.0
dcs:who/HEMOGLOBINLEVEL_NONPREGNANT_MEAN,dcid:country/ISR,2001,132.0
dcs:who/HEMOGLOBINLEVEL_NONPREGNANT_MEAN,dcid:country/ISR,2016,132.0
dcs:who/HEMOGLOBINLEVEL_NONPREGNANT_MEAN,dcid:country/ISR,2008,132.0
dcs:who/HEMOGLOBINLEVEL_NONPREGNANT_MEAN,dcid:country/ITA,2003,132.0
dcs:who/HEMOGLOBINLEVEL_NONPREGNANT_MEAN,dcid:country/ITA,2015,131.0
dcs:who/HEMOGLOBINLEVEL_NONPREGNANT_MEAN,dcid:country/ITA,2011,132.0
dcs:who/HEMOGLOBINLEVEL_NONPREGNANT_MEAN,dcid:country/ITA,2008,132.0
dcs:who/HEMOGLOBINLEVEL_NONPREGNANT_MEAN,dcid:country/ITA,2013,131.0
dcs:who/HEMOGLOBINLEVEL_NONPREGNANT_MEAN,dcid:country/ITA,2010,132.0
dcs:who/HEMOGLOBINLEVEL_NONPREGNANT_MEAN,dcid:country/ITA,2016,131.0
dcs:who/HEMOGLOBINLEVEL_NONPREGNANT_MEAN,dcid:country/ITA,2017,131.0
dcs:who/HEMOGLOBINLEVEL_NONPREGNANT_MEAN,dcid:country/ITA,2005,132.0
dcs:who/HEMOGLOBINLEVEL_NONPREGNANT_MEAN,dcid:country/ITA,2014,131.0
dcs:who/HEMOGLOBINLEVEL_NONPREGNANT_MEAN,dcid:country/ITA,2012,132.0
dcs:who/HEMOGLOBINLEVEL_NONPREGNANT_MEAN,dcid:country/ITA,2006,132.0
dcs:who/HEMOGLOBINLEVEL_NONPREGNANT_MEAN,dcid:country/ITA,2007,132.0
dcs:who/HEMOGLOBINLEVEL_NONPREGNANT_MEAN,dcid:country/ITA,2018,131.0
dcs:who/HEMOGLOBINLEVEL_NONPREGNANT_MEAN,dcid:country/ITA,2002,132.0
dcs:who/HEMOGLOBINLEVEL_NONPREGNANT_MEAN,dcid:country/ITA,2019,131.0
dcs:who/HEMOGLOBINLEVEL_NONPREGNANT_MEAN,dcid:country/ITA,2009,132.0
dcs:who/HEMOGLOBINLEVEL_NONPREGNANT_MEAN,dcid:country/ITA,2000,132.0
dcs:who/HEMOGLOBINLEVEL_NONPREGNANT_MEAN,dcid:country/ITA,2004,132.0
dcs:who/HEMOGLOBINLEVEL_NONPREGNANT_MEAN,dcid:country/ITA,2001,132.0
dcs:who/HEMOGLOBINLEVEL_NONPREGNANT_MEAN,dcid:country/JAM,2004,129.0
dcs:who/HEMOGLOBINLEVEL_NONPREGNANT_MEAN,dcid:country/JAM,2016,130.0
dcs:who/HEMOGLOBINLEVEL_NONPREGNANT_MEAN,dcid:country/JAM,2005,129.0
dcs:who/HEMOGLOBINLEVEL_NONPREGNANT_MEAN,dcid:country/JAM,2009,130.0
dcs:who/HEMOGLOBINLEVEL_NONPREGNANT_MEAN,dcid:country/JAM,2008,130.0
dcs:who/HEMOGLOBINLEVEL_NONPREGNANT_MEAN,dcid:country/JAM,2010,130.0
dcs:who/HEMOGLOBINLEVEL_NONPREGNANT_MEAN,dcid:country/JAM,2015,130.0
dcs:who/HEMOGLOBINLEVEL_NONPREGNANT_MEAN,dcid:country/JAM,2001,128.0
dcs:who/HEMOGLOBINLEVEL_NONPREGNANT_MEAN,dcid:country/JAM,2019,130.0
dcs:who/HEMOGLOBINLEVEL_NONPREGNANT_MEAN,dcid:country/JAM,2012,130.0
dcs:who/HEMOGLOBINLEVEL_NONPREGNANT_MEAN,dcid:country/JAM,2018,130.0
dcs:who/HEMOGLOBINLEVEL_NONPREGNANT_MEAN,dcid:country/JAM,2000,128.0
dcs:who/HEMOGLOBINLEVEL_NONPREGNANT_MEAN,dcid:country/JAM,2017,130.0
dcs:who/HEMOGLOBINLEVEL_NONPREGNANT_MEAN,dcid:country/JAM,2002,129.0
dcs:who/HEMOGLOBINLEVEL_NONPREGNANT_MEAN,dcid:country/JAM,2003,129.0
dcs:who/HEMOGLOBINLEVEL_NONPREGNANT_MEAN,dcid:country/JAM,2013,130.0
dcs:who/HEMOGLOBINLEVEL_NONPREGNANT_MEAN,dcid:country/JAM,2006,129.0
dcs:who/HEMOGLOBINLEVEL_NONPREGNANT_MEAN,dcid:country/JAM,2007,129.0
dcs:who/HEMOGLOBINLEVEL_NONPREGNANT_MEAN,dcid:country/JAM,2011,130.0
dcs:who/HEMOGLOBINLEVEL_NONPREGNANT_MEAN,dcid:country/JAM,2014,130.0
dcs:who/HEMOGLOBINLEVEL_NONPREGNANT_MEAN,dcid:country/JOR,2005,126.0
dcs:who/HEMOGLOBINLEVEL_NONPREGNANT_MEAN,dcid:country/JOR,2011,126.0
dcs:who/HEMOGLOBINLEVEL_NONPREGNANT_MEAN,dcid:country/JOR,2017,124.0
dcs:who/HEMOGLOBINLEVEL_NONPREGNANT_MEAN,dcid:country/JOR,2002,126.0
dcs:who/HEMOGLOBINLEVEL_NONPREGNANT_MEAN,dcid:country/JOR,2016,124.0
dcs:who/HEMOGLOBINLEVEL_NONPREGNANT_MEAN,dcid:country/JOR,2018,124.0
dcs:who/HEMOGLOBINLEVEL_NONPREGNANT_MEAN,dcid:country/JOR,2015,125.0
dcs:who/HEMOGLOBINLEVEL_NONPREGNANT_MEAN,dcid:country/JOR,2014,125.0
dcs:who/HEMOGLOBINLEVEL_NONPREGNANT_MEAN,dcid:country/JOR,2001,126.0
dcs:who/HEMOGLOBINLEVEL_NONPREGNANT_MEAN,dcid:country/JOR,2008,126.0
dcs:who/HEMOGLOBINLEVEL_NONPREGNANT_MEAN,dcid:country/JOR,2007,126.0
dcs:who/HEMOGLOBINLEVEL_NONPREGNANT_MEAN,dcid:country/JOR,2003,126.0
dcs:who/HEMOGLOBINLEVEL_NONPREGNANT_MEAN,dcid:country/JOR,2000,126.0
dcs:who/HEMOGLOBINLEVEL_NONPREGNANT_MEAN,dcid:country/JOR,2019,123.0
dcs:who/HEMOGLOBINLEVEL_NONPREGNANT_MEAN,dcid:country/JOR,2013,125.0
dcs:who/HEMOGLOBINLEVEL_NONPREGNANT_MEAN,dcid:country/JOR,2009,126.0
dcs:who/HEMOGLOBINLEVEL_NONPREGNANT_MEAN,dcid:country/JOR,2010,126.0
dcs:who/HEMOGLOBINLEVEL_NONPREGNANT_MEAN,dcid:country/JOR,2004,126.0
dcs:who/HEMOGLOBINLEVEL_NONPREGNANT_MEAN,dcid:country/JOR,2006,126.0
dcs:who/HEMOGLOBINLEVEL_NONPREGNANT_MEAN,dcid:country/JOR,2012,126.0
dcs:who/HEMOGLOBINLEVEL_NONPREGNANT_MEAN,dcid:country/JPN,2009,128.0
dcs:who/HEMOGLOBINLEVEL_NONPREGNANT_MEAN,dcid:country/JPN,2018,128.0
dcs:who/HEMOGLOBINLEVEL_NONPREGNANT_MEAN,dcid:country/JPN,2017,128.0
dcs:who/HEMOGLOBINLEVEL_NONPREGNANT_MEAN,dcid:country/JPN,2000,127.0
dcs:who/HEMOGLOBINLEVEL_NONPREGNANT_MEAN,dcid:country/JPN,2016,128.0
dcs:who/HEMOGLOBINLEVEL_NONPREGNANT_MEAN,dcid:country/JPN,2003,127.0
dcs:who/HEMOGLOBINLEVEL_NONPREGNANT_MEAN,dcid:country/JPN,2011,128.0
dcs:who/HEMOGLOBINLEVEL_NONPREGNANT_MEAN,dcid:country/JPN,2006,127.0
dcs:who/HEMOGLOBINLEVEL_NONPREGNANT_MEAN,dcid:country/JPN,2012,128.0
dcs:who/HEMOGLOBINLEVEL_NONPREGNANT_MEAN,dcid:country/JPN,2004,127.0
dcs:who/HEMOGLOBINLEVEL_NONPREGNANT_MEAN,dcid:country/JPN,2008,128.0
dcs:who/HEMOGLOBINLEVEL_NONPREGNANT_MEAN,dcid:country/JPN,2014,128.0
dcs:who/HEMOGLOBINLEVEL_NONPREGNANT_MEAN,dcid:country/JPN,2019,128.0
dcs:who/HEMOGLOBINLEVEL_NONPREGNANT_MEAN,dcid:country/JPN,2007,128.0
dcs:who/HEMOGLOBINLEVEL_NONPREGNANT_MEAN,dcid:country/JPN,2010,128.0
dcs:who/HEMOGLOBINLEVEL_NONPREGNANT_MEAN,dcid:country/JPN,2013,128.0
dcs:who/HEMOGLOBINLEVEL_NONPREGNANT_MEAN,dcid:country/JPN,2001,127.0
dcs:who/HEMOGLOBINLEVEL_NONPREGNANT_MEAN,dcid:country/JPN,2005,127.0
dcs:who/HEMOGLOBINLEVEL_NONPREGNANT_MEAN,dcid:country/JPN,2015,128.0
dcs:who/HEMOGLOBINLEVEL_NONPREGNANT_MEAN,dcid:country/JPN,2002,127.0
dcs:who/HEMOGLOBINLEVEL_NONPREGNANT_MEAN,dcid:country/KAZ,2008,126.0
dcs:who/HEMOGLOBINLEVEL_NONPREGNANT_MEAN,dcid:country/KAZ,2002,125.0
dcs:who/HEMOGLOBINLEVEL_NONPREGNANT_MEAN,dcid:country/KAZ,2019,126.0
dcs:who/HEMOGLOBINLEVEL_NONPREGNANT_MEAN,dcid:country/KAZ,2013,127.0
dcs:who/HEMOGLOBINLEVEL_NONPREGNANT_MEAN,dcid:country/KAZ,2000,124.0
dcs:who/HEMOGLOBINLEVEL_NONPREGNANT_MEAN,dcid:country/KAZ,2009,127.0
dcs:who/HEMOGLOBINLEVEL_NONPREGNANT_MEAN,dcid:country/KAZ,2017,126.0
dcs:who/HEMOGLOBINLEVEL_NONPREGNANT_MEAN,dcid:country/KAZ,2011,127.0
dcs:who/HEMOGLOBINLEVEL_NONPREGNANT_MEAN,dcid:country/KAZ,2004,125.0
dcs:who/HEMOGLOBINLEVEL_NONPREGNANT_MEAN,dcid:country/KAZ,2001,124.0
dcs:who/HEMOGLOBINLEVEL_NONPREGNANT_MEAN,dcid:country/KAZ,2012,127.0
dcs:who/HEMOGLOBINLEVEL_NONPREGNANT_MEAN,dcid:country/KAZ,2007,126.0
dcs:who/HEMOGLOBINLEVEL_NONPREGNANT_MEAN,dcid:country/KAZ,2016,127.0
dcs:who/HEMOGLOBINLEVEL_NONPREGNANT_MEAN,dcid:country/KAZ,2006,126.0
dcs:who/HEMOGLOBINLEVEL_NONPREGNANT_MEAN,dcid:country/KAZ,2003,125.0
dcs:who/HEMOGLOBINLEVEL_NONPREGNANT_MEAN,dcid:country/KAZ,2010,127.0
dcs:who/HEMOGLOBINLEVEL_NONPREGNANT_MEAN,dcid:country/KAZ,2014,127.0
dcs:who/HEMOGLOBINLEVEL_NONPREGNANT_MEAN,dcid:country/KAZ,2018,126.0
dcs:who/HEMOGLOBINLEVEL_NONPREGNANT_MEAN,dcid:country/KAZ,2015,127.0
dcs:who/HEMOGLOBINLEVEL_NONPREGNANT_MEAN,dcid:country/KAZ,2005,126.0
dcs:who/HEMOGLOBINLEVEL_NONPREGNANT_MEAN,dcid:country/KEN,2008,128.0
dcs:who/HEMOGLOBINLEVEL_NONPREGNANT_MEAN,dcid:country/KEN,2018,128.0
dcs:who/HEMOGLOBINLEVEL_NONPREGNANT_MEAN,dcid:country/KEN,2007,128.0
dcs:who/HEMOGLOBINLEVEL_NONPREGNANT_MEAN,dcid:country/KEN,2006,127.0
dcs:who/HEMOGLOBINLEVEL_NONPREGNANT_MEAN,dcid:country/KEN,2005,127.0
dcs:who/HEMOGLOBINLEVEL_NONPREGNANT_MEAN,dcid:country/KEN,2009,128.0
dcs:who/HEMOGLOBINLEVEL_NONPREGNANT_MEAN,dcid:country/KEN,2015,129.0
dcs:who/HEMOGLOBINLEVEL_NONPREGNANT_MEAN,dcid:country/KEN,2012,129.0
dcs:who/HEMOGLOBINLEVEL_NONPREGNANT_MEAN,dcid:country/KEN,2001,125.0
dcs:who/HEMOGLOBINLEVEL_NONPREGNANT_MEAN,dcid:country/KEN,2016,129.0
dcs:who/HEMOGLOBINLEVEL_NONPREGNANT_MEAN,dcid:country/KEN,2003,126.0
dcs:who/HEMOGLOBINLEVEL_NONPREGNANT_MEAN,dcid:country/KEN,2014,129.0
dcs:who/HEMOGLOBINLEVEL_NONPREGNANT_MEAN,dcid:country/KEN,2011,129.0
dcs:who/HEMOGLOBINLEVEL_NONPREGNANT_MEAN,dcid:country/KEN,2002,125.0
dcs:who/HEMOGLOBINLEVEL_NONPREGNANT_MEAN,dcid:country/KEN,2013,129.0
dcs:who/HEMOGLOBINLEVEL_NONPREGNANT_MEAN,dcid:country/KEN,2019,128.0
dcs:who/HEMOGLOBINLEVEL_NONPREGNANT_MEAN,dcid:country/KEN,2017,129.0
dcs:who/HEMOGLOBINLEVEL_NONPREGNANT_MEAN,dcid:country/KEN,2000,124.0
dcs:who/HEMOGLOBINLEVEL_NONPREGNANT_MEAN,dcid:country/KEN,2010,129.0
dcs:who/HEMOGLOBINLEVEL_NONPREGNANT_MEAN,dcid:country/KEN,2004,126.0
dcs:who/HEMOGLOBINLEVEL_NONPREGNANT_MEAN,dcid:country/KGZ,2015,124.0
dcs:who/HEMOGLOBINLEVEL_NONPREGNANT_MEAN,dcid:country/KGZ,2010,124.0
dcs:who/HEMOGLOBINLEVEL_NONPREGNANT_MEAN,dcid:country/KGZ,2003,123.0
dcs:who/HEMOGLOBINLEVEL_NONPREGNANT_MEAN,dcid:country/KGZ,2017,123.0
dcs:who/HEMOGLOBINLEVEL_NONPREGNANT_MEAN,dcid:country/KGZ,2007,123.0
dcs:who/HEMOGLOBINLEVEL_NONPREGNANT_MEAN,dcid:country/KGZ,2016,123.0
dcs:who/HEMOGLOBINLEVEL_NONPREGNANT_MEAN,dcid:country/KGZ,2002,123.0
dcs:who/HEMOGLOBINLEVEL_NONPREGNANT_MEAN,dcid:country/KGZ,2006,123.0
dcs:who/HEMOGLOBINLEVEL_NONPREGNANT_MEAN,dcid:country/KGZ,2000,123.0
dcs:who/HEMOGLOBINLEVEL_NONPREGNANT_MEAN,dcid:country/KGZ,2009,124.0
dcs:who/HEMOGLOBINLEVEL_NONPREGNANT_MEAN,dcid:country/KGZ,2013,124.0
dcs:who/HEMOGLOBINLEVEL_NONPREGNANT_MEAN,dcid:country/KGZ,2018,123.0
dcs:who/HEMOGLOBINLEVEL_NONPREGNANT_MEAN,dcid:country/KGZ,2012,124.0
dcs:who/HEMOGLOBINLEVEL_NONPREGNANT_MEAN,dcid:country/KGZ,2011,124.0
dcs:who/HEMOGLOBINLEVEL_NONPREGNANT_MEAN,dcid:country/KGZ,2019,123.0
dcs:who/HEMOGLOBINLEVEL_NONPREGNANT_MEAN,dcid:country/KGZ,2004,123.0
dcs:who/HEMOGLOBINLEVEL_NONPREGNANT_MEAN,dcid:country/KGZ,2014,124.0
dcs:who/HEMOGLOBINLEVEL_NONPREGNANT_MEAN,dcid:country/KGZ,2001,123.0
dcs:who/HEMOGLOBINLEVEL_NONPREGNANT_MEAN,dcid:country/KGZ,2008,124.0
dcs:who/HEMOGLOBINLEVEL_NONPREGNANT_MEAN,dcid:country/KGZ,2005,123.0
dcs:who/HEMOGLOBINLEVEL_NONPREGNANT_MEAN,dcid:country/KHM,2014,120.0
dcs:who/HEMOGLOBINLEVEL_NONPREGNANT_MEAN,dcid:country/KHM,2004,119.0
dcs:who/HEMOGLOBINLEVEL_NONPREGNANT_MEAN,dcid:country/KHM,2007,120.0
dcs:who/HEMOGLOBINLEVEL_NONPREGNANT_MEAN,dcid:country/KHM,2000,117.0
dcs:who/HEMOGLOBINLEVEL_NONPREGNANT_MEAN,dcid:country/KHM,2011,120.0
dcs:who/HEMOGLOBINLEVEL_NONPREGNANT_MEAN,dcid:country/KHM,2016,120.0
dcs:who/HEMOGLOBINLEVEL_NONPREGNANT_MEAN,dcid:country/KHM,2010,120.0
dcs:who/HEMOGLOBINLEVEL_NONPREGNANT_MEAN,dcid:country/KHM,2001,118.0
dcs:who/HEMOGLOBINLEVEL_NONPREGNANT_MEAN,dcid:country/KHM,2005,119.0
dcs:who/HEMOGLOBINLEVEL_NONPREGNANT_MEAN,dcid:country/KHM,2002,118.0
dcs:who/HEMOGLOBINLEVEL_NONPREGNANT_MEAN,dcid:country/KHM,2008,120.0
dcs:who/HEMOGLOBINLEVEL_NONPREGNANT_MEAN,dcid:country/KHM,2015,120.0
dcs:who/HEMOGLOBINLEVEL_NONPREGNANT_MEAN,dcid:country/KHM,2017,120.0
dcs:who/HEMOGLOBINLEVEL_NONPREGNANT_MEAN,dcid:country/KHM,2018,120.0
dcs:who/HEMOGLOBINLEVEL_NONPREGNANT_MEAN,dcid:country/KHM,2019,120.0
dcs:who/HEMOGLOBINLEVEL_NONPREGNANT_MEAN,dcid:country/KHM,2003,118.0
dcs:who/HEMOGLOBINLEVEL_NONPREGNANT_MEAN,dcid:country/KHM,2013,120.0
dcs:who/HEMOGLOBINLEVEL_NONPREGNANT_MEAN,dcid:country/KHM,2012,120.0
dcs:who/HEMOGLOBINLEVEL_NONPREGNANT_MEAN,dcid:country/KHM,2009,120.0
dcs:who/HEMOGLOBINLEVEL_NONPREGNANT_MEAN,dcid:country/KHM,2006,119.0
dcs:who/HEMOGLOBINLEVEL_NONPREGNANT_MEAN,dcid:country/KIR,2011,126.0
dcs:who/HEMOGLOBINLEVEL_NONPREGNANT_MEAN,dcid:country/KIR,2008,126.0
dcs:who/HEMOGLOBINLEVEL_NONPREGNANT_MEAN,dcid:country/KIR,2018,125.0
dcs:who/HEMOGLOBINLEVEL_NONPREGNANT_MEAN,dcid:country/KIR,2017,125.0
dcs:who/HEMOGLOBINLEVEL_NONPREGNANT_MEAN,dcid:country/KIR,2006,126.0
dcs:who/HEMOGLOBINLEVEL_NONPREGNANT_MEAN,dcid:country/KIR,2019,125.0
dcs:who/HEMOGLOBINLEVEL_NONPREGNANT_MEAN,dcid:country/KIR,2015,126.0
dcs:who/HEMOGLOBINLEVEL_NONPREGNANT_MEAN,dcid:country/KIR,2009,126.0
dcs:who/HEMOGLOBINLEVEL_NONPREGNANT_MEAN,dcid:country/KIR,2001,126.0
dcs:who/HEMOGLOBINLEVEL_NONPREGNANT_MEAN,dcid:country/KIR,2012,126.0
dcs:who/HEMOGLOBINLEVEL_NONPREGNANT_MEAN,dcid:country/KIR,2013,126.0
dcs:who/HEMOGLOBINLEVEL_NONPREGNANT_MEAN,dcid:country/KIR,2010,126.0
dcs:who/HEMOGLOBINLEVEL_NONPREGNANT_MEAN,dcid:country/KIR,2005,126.0
dcs:who/HEMOGLOBINLEVEL_NONPREGNANT_MEAN,dcid:country/KIR,2007,126.0
dcs:who/HEMOGLOBINLEVEL_NONPREGNANT_MEAN,dcid:country/KIR,2000,125.0
dcs:who/HEMOGLOBINLEVEL_NONPREGNANT_MEAN,dcid:country/KIR,2002,126.0
dcs:who/HEMOGLOBINLEVEL_NONPREGNANT_MEAN,dcid:country/KIR,2014,126.0
dcs:who/HEMOGLOBINLEVEL_NONPREGNANT_MEAN,dcid:country/KIR,2003,126.0
dcs:who/HEMOGLOBINLEVEL_NONPREGNANT_MEAN,dcid:country/KIR,2004,126.0
dcs:who/HEMOGLOBINLEVEL_NONPREGNANT_MEAN,dcid:country/KIR,2016,126.0
dcs:who/HEMOGLOBINLEVEL_NONPREGNANT_MEAN,dcid:country/KNA,2013,132.0
dcs:who/HEMOGLOBINLEVEL_NONPREGNANT_MEAN,dcid:country/KNA,2002,130.0
dcs:who/HEMOGLOBINLEVEL_NONPREGNANT_MEAN,dcid:country/KNA,2005,131.0
dcs:who/HEMOGLOBINLEVEL_NONPREGNANT_MEAN,dcid:country/KNA,2006,131.0
dcs:who/HEMOGLOBINLEVEL_NONPREGNANT_MEAN,dcid:country/KNA,2015,132.0
dcs:who/HEMOGLOBINLEVEL_NONPREGNANT_MEAN,dcid:country/KNA,2007,131.0
dcs:who/HEMOGLOBINLEVEL_NONPREGNANT_MEAN,dcid:country/KNA,2018,132.0
dcs:who/HEMOGLOBINLEVEL_NONPREGNANT_MEAN,dcid:country/KNA,2010,131.0
dcs:who/HEMOGLOBINLEVEL_NONPREGNANT_MEAN,dcid:country/KNA,2016,132.0
dcs:who/HEMOGLOBINLEVEL_NONPREGNANT_MEAN,dcid:country/KNA,2001,130.0
dcs:who/HEMOGLOBINLEVEL_NONPREGNANT_MEAN,dcid:country/KNA,2004,131.0
dcs:who/HEMOGLOBINLEVEL_NONPREGNANT_MEAN,dcid:country/KNA,2003,131.0
dcs:who/HEMOGLOBINLEVEL_NONPREGNANT_MEAN,dcid:country/KNA,2014,132.0
dcs:who/HEMOGLOBINLEVEL_NONPREGNANT_MEAN,dcid:country/KNA,2000,130.0
dcs:who/HEMOGLOBINLEVEL_NONPREGNANT_MEAN,dcid:country/KNA,2008,131.0
dcs:who/HEMOGLOBINLEVEL_NONPREGNANT_MEAN,dcid:country/KNA,2019,132.0
dcs:who/HEMOGLOBINLEVEL_NONPREGNANT_MEAN,dcid:country/KNA,2012,132.0
dcs:who/HEMOGLOBINLEVEL_NONPREGNANT_MEAN,dcid:country/KNA,2011,132.0
dcs:who/HEMOGLOBINLEVEL_NONPREGNANT_MEAN,dcid:country/KNA,2017,132.0
dcs:who/HEMOGLOBINLEVEL_NONPREGNANT_MEAN,dcid:country/KNA,2009,131.0
dcs:who/HEMOGLOBINLEVEL_NONPREGNANT_MEAN,dcid:country/KOR,2002,128.0
dcs:who/HEMOGLOBINLEVEL_NONPREGNANT_MEAN,dcid:country/KOR,2012,130.0
dcs:who/HEMOGLOBINLEVEL_NONPREGNANT_MEAN,dcid:country/KOR,2000,128.0
dcs:who/HEMOGLOBINLEVEL_NONPREGNANT_MEAN,dcid:country/KOR,2007,129.0
dcs:who/HEMOGLOBINLEVEL_NONPREGNANT_MEAN,dcid:country/KOR,2005,129.0
dcs:who/HEMOGLOBINLEVEL_NONPREGNANT_MEAN,dcid:country/KOR,2001,128.0
dcs:who/HEMOGLOBINLEVEL_NONPREGNANT_MEAN,dcid:country/KOR,2006,129.0
dcs:who/HEMOGLOBINLEVEL_NONPREGNANT_MEAN,dcid:country/KOR,2017,130.0
dcs:who/HEMOGLOBINLEVEL_NONPREGNANT_MEAN,dcid:country/KOR,2016,130.0
dcs:who/HEMOGLOBINLEVEL_NONPREGNANT_MEAN,dcid:country/KOR,2015,130.0
dcs:who/HEMOGLOBINLEVEL_NONPREGNANT_MEAN,dcid:country/KOR,2010,130.0
dcs:who/HEMOGLOBINLEVEL_NONPREGNANT_MEAN,dcid:country/KOR,2014,130.0
dcs:who/HEMOGLOBINLEVEL_NONPREGNANT_MEAN,dcid:country/KOR,2011,130.0
dcs:who/HEMOGLOBINLEVEL_NONPREGNANT_MEAN,dcid:country/KOR,2019,130.0
dcs:who/HEMOGLOBINLEVEL_NONPREGNANT_MEAN,dcid:country/KOR,2018,130.0
dcs:who/HEMOGLOBINLEVEL_NONPREGNANT_MEAN,dcid:country/KOR,2013,130.0
dcs:who/HEMOGLOBINLEVEL_NONPREGNANT_MEAN,dcid:country/KOR,2009,129.0
dcs:who/HEMOGLOBINLEVEL_NONPREGNANT_MEAN,dcid:country/KOR,2003,128.0
dcs:who/HEMOGLOBINLEVEL_NONPREGNANT_MEAN,dcid:country/KOR,2004,129.0
dcs:who/HEMOGLOBINLEVEL_NONPREGNANT_MEAN,dcid:country/KOR,2008,129.0
dcs:who/HEMOGLOBINLEVEL_NONPREGNANT_MEAN,dcid:country/KWT,2019,128.0
dcs:who/HEMOGLOBINLEVEL_NONPREGNANT_MEAN,dcid:country/KWT,2004,129.0
dcs:who/HEMOGLOBINLEVEL_NONPREGNANT_MEAN,dcid:country/KWT,2002,129.0
dcs:who/HEMOGLOBINLEVEL_NONPREGNANT_MEAN,dcid:country/KWT,2008,130.0
dcs:who/HEMOGLOBINLEVEL_NONPREGNANT_MEAN,dcid:country/KWT,2003,129.0
dcs:who/HEMOGLOBINLEVEL_NONPREGNANT_MEAN,dcid:country/KWT,2016,128.0
dcs:who/HEMOGLOBINLEVEL_NONPREGNANT_MEAN,dcid:country/KWT,2011,129.0
dcs:who/HEMOGLOBINLEVEL_NONPREGNANT_MEAN,dcid:country/KWT,2005,129.0
dcs:who/HEMOGLOBINLEVEL_NONPREGNANT_MEAN,dcid:country/KWT,2015,128.0
dcs:who/HEMOGLOBINLEVEL_NONPREGNANT_MEAN,dcid:country/KWT,2006,130.0
dcs:who/HEMOGLOBINLEVEL_NONPREGNANT_MEAN,dcid:country/KWT,2001,128.0
dcs:who/HEMOGLOBINLEVEL_NONPREGNANT_MEAN,dcid:country/KWT,2009,129.0
dcs:who/HEMOGLOBINLEVEL_NONPREGNANT_MEAN,dcid:country/KWT,2000,128.0
dcs:who/HEMOGLOBINLEVEL_NONPREGNANT_MEAN,dcid:country/KWT,2014,128.0
dcs:who/HEMOGLOBINLEVEL_NONPREGNANT_MEAN,dcid:country/KWT,2007,130.0
dcs:who/HEMOGLOBINLEVEL_NONPREGNANT_MEAN,dcid:country/KWT,2017,128.0
dcs:who/HEMOGLOBINLEVEL_NONPREGNANT_MEAN,dcid:country/KWT,2010,129.0
dcs:who/HEMOGLOBINLEVEL_NONPREGNANT_MEAN,dcid:country/KWT,2013,129.0
dcs:who/HEMOGLOBINLEVEL_NONPREGNANT_MEAN,dcid:country/KWT,2018,128.0
dcs:who/HEMOGLOBINLEVEL_NONPREGNANT_MEAN,dcid:country/KWT,2012,129.0
dcs:who/HEMOGLOBINLEVEL_NONPREGNANT_MEAN,dcid:country/LAO,2004,122.0
dcs:who/HEMOGLOBINLEVEL_NONPREGNANT_MEAN,dcid:country/LAO,2014,123.0
dcs:who/HEMOGLOBINLEVEL_NONPREGNANT_MEAN,dcid:country/LAO,2016,123.0
dcs:who/HEMOGLOBINLEVEL_NONPREGNANT_MEAN,dcid:country/LAO,2003,122.0
dcs:who/HEMOGLOBINLEVEL_NONPREGNANT_MEAN,dcid:country/LAO,2007,123.0
dcs:who/HEMOGLOBINLEVEL_NONPREGNANT_MEAN,dcid:country/LAO,2012,124.0
dcs:who/HEMOGLOBINLEVEL_NONPREGNANT_MEAN,dcid:country/LAO,2015,123.0
dcs:who/HEMOGLOBINLEVEL_NONPREGNANT_MEAN,dcid:country/LAO,2010,123.0
dcs:who/HEMOGLOBINLEVEL_NONPREGNANT_MEAN,dcid:country/LAO,2008,123.0
dcs:who/HEMOGLOBINLEVEL_NONPREGNANT_MEAN,dcid:country/LAO,2019,123.0
dcs:who/HEMOGLOBINLEVEL_NONPREGNANT_MEAN,dcid:country/LAO,2000,121.0
dcs:who/HEMOGLOBINLEVEL_NONPREGNANT_MEAN,dcid:country/LAO,2018,123.0
dcs:who/HEMOGLOBINLEVEL_NONPREGNANT_MEAN,dcid:country/LAO,2006,123.0
dcs:who/HEMOGLOBINLEVEL_NONPREGNANT_MEAN,dcid:country/LAO,2005,122.0
dcs:who/HEMOGLOBINLEVEL_NONPREGNANT_MEAN,dcid:country/LAO,2002,122.0
dcs:who/HEMOGLOBINLEVEL_NONPREGNANT_MEAN,dcid:country/LAO,2013,124.0
dcs:who/HEMOGLOBINLEVEL_NONPREGNANT_MEAN,dcid:country/LAO,2009,123.0
dcs:who/HEMOGLOBINLEVEL_NONPREGNANT_MEAN,dcid:country/LAO,2011,124.0
dcs:who/HEMOGLOBINLEVEL_NONPREGNANT_MEAN,dcid:country/LAO,2001,121.0
dcs:who/HEMOGLOBINLEVEL_NONPREGNANT_MEAN,dcid:country/LAO,2017,123.0
dcs:who/HEMOGLOBINLEVEL_NONPREGNANT_MEAN,dcid:country/LBN,2009,127.0
dcs:who/HEMOGLOBINLEVEL_NONPREGNANT_MEAN,dcid:country/LBN,2006,127.0
dcs:who/HEMOGLOBINLEVEL_NONPREGNANT_MEAN,dcid:country/LBN,2016,126.0
dcs:who/HEMOGLOBINLEVEL_NONPREGNANT_MEAN,dcid:country/LBN,2007,127.0
dcs:who/HEMOGLOBINLEVEL_NONPREGNANT_MEAN,dcid:country/LBN,2013,127.0
dcs:who/HEMOGLOBINLEVEL_NONPREGNANT_MEAN,dcid:country/LBN,2000,127.0
dcs:who/HEMOGLOBINLEVEL_NONPREGNANT_MEAN,dcid:country/LBN,2011,127.0
dcs:who/HEMOGLOBINLEVEL_NONPREGNANT_MEAN,dcid:country/LBN,2018,126.0
dcs:who/HEMOGLOBINLEVEL_NONPREGNANT_MEAN,dcid:country/LBN,2004,127.0
dcs:who/HEMOGLOBINLEVEL_NONPREGNANT_MEAN,dcid:country/LBN,2001,127.0
dcs:who/HEMOGLOBINLEVEL_NONPREGNANT_MEAN,dcid:country/LBN,2015,127.0
dcs:who/HEMOGLOBINLEVEL_NONPREGNANT_MEAN,dcid:country/LBN,2003,127.0
dcs:who/HEMOGLOBINLEVEL_NONPREGNANT_MEAN,dcid:country/LBN,2012,127.0
dcs:who/HEMOGLOBINLEVEL_NONPREGNANT_MEAN,dcid:country/LBN,2008,127.0
dcs:who/HEMOGLOBINLEVEL_NONPREGNANT_MEAN,dcid:country/LBN,2002,127.0
dcs:who/HEMOGLOBINLEVEL_NONPREGNANT_MEAN,dcid:country/LBN,2014,127.0
dcs:who/HEMOGLOBINLEVEL_NONPREGNANT_MEAN,dcid:country/LBN,2005,127.0
dcs:who/HEMOGLOBINLEVEL_NONPREGNANT_MEAN,dcid:country/LBN,2017,126.0
dcs:who/HEMOGLOBINLEVEL_NONPREGNANT_MEAN,dcid:country/LBN,2019,126.0
dcs:who/HEMOGLOBINLEVEL_NONPREGNANT_MEAN,dcid:country/LBN,2010,127.0
dcs:who/HEMOGLOBINLEVEL_NONPREGNANT_MEAN,dcid:country/LBR,2013,122.0
dcs:who/HEMOGLOBINLEVEL_NONPREGNANT_MEAN,dcid:country/LBR,2008,120.0
dcs:who/HEMOGLOBINLEVEL_NONPREGNANT_MEAN,dcid:country/LBR,2016,122.0
dcs:who/HEMOGLOBINLEVEL_NONPREGNANT_MEAN,dcid:country/LBR,2004,119.0
dcs:who/HEMOGLOBINLEVEL_NONPREGNANT_MEAN,dcid:country/LBR,2010,121.0
dcs:who/HEMOGLOBINLEVEL_NONPREGNANT_MEAN,dcid:country/LBR,2019,122.0
dcs:who/HEMOGLOBINLEVEL_NONPREGNANT_MEAN,dcid:country/LBR,2006,120.0
dcs:who/HEMOGLOBINLEVEL_NONPREGNANT_MEAN,dcid:country/LBR,2011,121.0
dcs:who/HEMOGLOBINLEVEL_NONPREGNANT_MEAN,dcid:country/LBR,2000,118.0
dcs:who/HEMOGLOBINLEVEL_NONPREGNANT_MEAN,dcid:country/LBR,2014,122.0
dcs:who/HEMOGLOBINLEVEL_NONPREGNANT_MEAN,dcid:country/LBR,2017,122.0
dcs:who/HEMOGLOBINLEVEL_NONPREGNANT_MEAN,dcid:country/LBR,2009,121.0
dcs:who/HEMOGLOBINLEVEL_NONPREGNANT_MEAN,dcid:country/LBR,2007,120.0
dcs:who/HEMOGLOBINLEVEL_NONPREGNANT_MEAN,dcid:country/LBR,2003,119.0
dcs:who/HEMOGLOBINLEVEL_NONPREGNANT_MEAN,dcid:country/LBR,2005,119.0
dcs:who/HEMOGLOBINLEVEL_NONPREGNANT_MEAN,dcid:country/LBR,2012,121.0
dcs:who/HEMOGLOBINLEVEL_NONPREGNANT_MEAN,dcid:country/LBR,2015,122.0
dcs:who/HEMOGLOBINLEVEL_NONPREGNANT_MEAN,dcid:country/LBR,2002,119.0
dcs:who/HEMOGLOBINLEVEL_NONPREGNANT_MEAN,dcid:country/LBR,2001,118.0
dcs:who/HEMOGLOBINLEVEL_NONPREGNANT_MEAN,dcid:country/LBR,2018,122.0
dcs:who/HEMOGLOBINLEVEL_NONPREGNANT_MEAN,dcid:country/LBY,2012,126.0
dcs:who/HEMOGLOBINLEVEL_NONPREGNANT_MEAN,dcid:country/LBY,2009,126.0
dcs:who/HEMOGLOBINLEVEL_NONPREGNANT_MEAN,dcid:country/LBY,2002,125.0
dcs:who/HEMOGLOBINLEVEL_NONPREGNANT_MEAN,dcid:country/LBY,2019,126.0
dcs:who/HEMOGLOBINLEVEL_NONPREGNANT_MEAN,dcid:country/LBY,2000,125.0
dcs:who/HEMOGLOBINLEVEL_NONPREGNANT_MEAN,dcid:country/LBY,2014,126.0
dcs:who/HEMOGLOBINLEVEL_NONPREGNANT_MEAN,dcid:country/LBY,2006,125.0
dcs:who/HEMOGLOBINLEVEL_NONPREGNANT_MEAN,dcid:country/LBY,2011,126.0
dcs:who/HEMOGLOBINLEVEL_NONPREGNANT_MEAN,dcid:country/LBY,2008,126.0
dcs:who/HEMOGLOBINLEVEL_NONPREGNANT_MEAN,dcid:country/LBY,2005,125.0
dcs:who/HEMOGLOBINLEVEL_NONPREGNANT_MEAN,dcid:country/LBY,2001,125.0
dcs:who/HEMOGLOBINLEVEL_NONPREGNANT_MEAN,dcid:country/LBY,2018,126.0
dcs:who/HEMOGLOBINLEVEL_NONPREGNANT_MEAN,dcid:country/LBY,2013,126.0
dcs:who/HEMOGLOBINLEVEL_NONPREGNANT_MEAN,dcid:country/LBY,2003,125.0
dcs:who/HEMOGLOBINLEVEL_NONPREGNANT_MEAN,dcid:country/LBY,2010,126.0
dcs:who/HEMOGLOBINLEVEL_NONPREGNANT_MEAN,dcid:country/LBY,2007,126.0
dcs:who/HEMOGLOBINLEVEL_NONPREGNANT_MEAN,dcid:country/LBY,2015,126.0
dcs:who/HEMOGLOBINLEVEL_NONPREGNANT_MEAN,dcid:country/LBY,2017,126.0
dcs:who/HEMOGLOBINLEVEL_NONPREGNANT_MEAN,dcid:country/LBY,2016,126.0
dcs:who/HEMOGLOBINLEVEL_NONPREGNANT_MEAN,dcid:country/LBY,2004,125.0
dcs:who/HEMOGLOBINLEVEL_NONPREGNANT_MEAN,dcid:country/LCA,2019,133.0
dcs:who/HEMOGLOBINLEVEL_NONPREGNANT_MEAN,dcid:country/LCA,2000,131.0
dcs:who/HEMOGLOBINLEVEL_NONPREGNANT_MEAN,dcid:country/LCA,2009,133.0
dcs:who/HEMOGLOBINLEVEL_NONPREGNANT_MEAN,dcid:country/LCA,2016,133.0
dcs:who/HEMOGLOBINLEVEL_NONPREGNANT_MEAN,dcid:country/LCA,2012,133.0
dcs:who/HEMOGLOBINLEVEL_NONPREGNANT_MEAN,dcid:country/LCA,2018,133.0
dcs:who/HEMOGLOBINLEVEL_NONPREGNANT_MEAN,dcid:country/LCA,2008,133.0
dcs:who/HEMOGLOBINLEVEL_NONPREGNANT_MEAN,dcid:country/LCA,2017,133.0
dcs:who/HEMOGLOBINLEVEL_NONPREGNANT_MEAN,dcid:country/LCA,2005,132.0
dcs:who/HEMOGLOBINLEVEL_NONPREGNANT_MEAN,dcid:country/LCA,2014,133.0
dcs:who/HEMOGLOBINLEVEL_NONPREGNANT_MEAN,dcid:country/LCA,2015,133.0
dcs:who/HEMOGLOBINLEVEL_NONPREGNANT_MEAN,dcid:country/LCA,2004,132.0
dcs:who/HEMOGLOBINLEVEL_NONPREGNANT_MEAN,dcid:country/LCA,2011,133.0
dcs:who/HEMOGLOBINLEVEL_NONPREGNANT_MEAN,dcid:country/LCA,2001,131.0
dcs:who/HEMOGLOBINLEVEL_NONPREGNANT_MEAN,dcid:country/LCA,2013,133.0
dcs:who/HEMOGLOBINLEVEL_NONPREGNANT_MEAN,dcid:country/LCA,2006,132.0
dcs:who/HEMOGLOBINLEVEL_NONPREGNANT_MEAN,dcid:country/LCA,2010,133.0
dcs:who/HEMOGLOBINLEVEL_NONPREGNANT_MEAN,dcid:country/LCA,2003,132.0
dcs:who/HEMOGLOBINLEVEL_NONPREGNANT_MEAN,dcid:country/LCA,2007,132.0
dcs:who/HEMOGLOBINLEVEL_NONPREGNANT_MEAN,dcid:country/LCA,2002,132.0
dcs:who/HEMOGLOBINLEVEL_NONPREGNANT_MEAN,dcid:country/LKA,2012,124.0
dcs:who/HEMOGLOBINLEVEL_NONPREGNANT_MEAN,dcid:country/LKA,2008,124.0
dcs:who/HEMOGLOBINLEVEL_NONPREGNANT_MEAN,dcid:country/LKA,2000,122.0
dcs:who/HEMOGLOBINLEVEL_NONPREGNANT_MEAN,dcid:country/LKA,2007,124.0
dcs:who/HEMOGLOBINLEVEL_NONPREGNANT_MEAN,dcid:country/LKA,2002,123.0
dcs:who/HEMOGLOBINLEVEL_NONPREGNANT_MEAN,dcid:country/LKA,2017,124.0
dcs:who/HEMOGLOBINLEVEL_NONPREGNANT_MEAN,dcid:country/LKA,2001,123.0
dcs:who/HEMOGLOBINLEVEL_NONPREGNANT_MEAN,dcid:country/LKA,2010,124.0
dcs:who/HEMOGLOBINLEVEL_NONPREGNANT_MEAN,dcid:country/LKA,2015,124.0
dcs:who/HEMOGLOBINLEVEL_NONPREGNANT_MEAN,dcid:country/LKA,2009,124.0
dcs:who/HEMOGLOBINLEVEL_NONPREGNANT_MEAN,dcid:country/LKA,2014,124.0
dcs:who/HEMOGLOBINLEVEL_NONPREGNANT_MEAN,dcid:country/LKA,2003,123.0
dcs:who/HEMOGLOBINLEVEL_NONPREGNANT_MEAN,dcid:country/LKA,2005,123.0
dcs:who/HEMOGLOBINLEVEL_NONPREGNANT_MEAN,dcid:country/LKA,2006,123.0
dcs:who/HEMOGLOBINLEVEL_NONPREGNANT_MEAN,dcid:country/LKA,2018,124.0
dcs:who/HEMOGLOBINLEVEL_NONPREGNANT_MEAN,dcid:country/LKA,2004,123.0
dcs:who/HEMOGLOBINLEVEL_NONPREGNANT_MEAN,dcid:country/LKA,2019,124.0
dcs:who/HEMOGLOBINLEVEL_NONPREGNANT_MEAN,dcid:country/LKA,2016,124.0
dcs:who/HEMOGLOBINLEVEL_NONPREGNANT_MEAN,dcid:country/LKA,2013,124.0
dcs:who/HEMOGLOBINLEVEL_NONPREGNANT_MEAN,dcid:country/LKA,2011,124.0
dcs:who/HEMOGLOBINLEVEL_NONPREGNANT_MEAN,dcid:country/LSO,2006,126.0
dcs:who/HEMOGLOBINLEVEL_NONPREGNANT_MEAN,dcid:country/LSO,2011,128.0
dcs:who/HEMOGLOBINLEVEL_NONPREGNANT_MEAN,dcid:country/LSO,2005,126.0
dcs:who/HEMOGLOBINLEVEL_NONPREGNANT_MEAN,dcid:country/LSO,2016,128.0
dcs:who/HEMOGLOBINLEVEL_NONPREGNANT_MEAN,dcid:country/LSO,2017,128.0
dcs:who/HEMOGLOBINLEVEL_NONPREGNANT_MEAN,dcid:country/LSO,2001,124.0
dcs:who/HEMOGLOBINLEVEL_NONPREGNANT_MEAN,dcid:country/LSO,2014,128.0
dcs:who/HEMOGLOBINLEVEL_NONPREGNANT_MEAN,dcid:country/LSO,2004,126.0
dcs:who/HEMOGLOBINLEVEL_NONPREGNANT_MEAN,dcid:country/LSO,2002,125.0
dcs:who/HEMOGLOBINLEVEL_NONPREGNANT_MEAN,dcid:country/LSO,2003,125.0
dcs:who/HEMOGLOBINLEVEL_NONPREGNANT_MEAN,dcid:country/LSO,2007,126.0
dcs:who/HEMOGLOBINLEVEL_NONPREGNANT_MEAN,dcid:country/LSO,2009,127.0
dcs:who/HEMOGLOBINLEVEL_NONPREGNANT_MEAN,dcid:country/LSO,2008,127.0
dcs:who/HEMOGLOBINLEVEL_NONPREGNANT_MEAN,dcid:country/LSO,2010,127.0
dcs:who/HEMOGLOBINLEVEL_NONPREGNANT_MEAN,dcid:country/LSO,2000,124.0
dcs:who/HEMOGLOBINLEVEL_NONPREGNANT_MEAN,dcid:country/LSO,2015,128.0
dcs:who/HEMOGLOBINLEVEL_NONPREGNANT_MEAN,dcid:country/LSO,2019,128.0
dcs:who/HEMOGLOBINLEVEL_NONPREGNANT_MEAN,dcid:country/LSO,2013,128.0
dcs:who/HEMOGLOBINLEVEL_NONPREGNANT_MEAN,dcid:country/LSO,2018,128.0
dcs:who/HEMOGLOBINLEVEL_NONPREGNANT_MEAN,dcid:country/LSO,2012,128.0
dcs:who/HEMOGLOBINLEVEL_NONPREGNANT_MEAN,dcid:country/LTU,2010,130.0
dcs:who/HEMOGLOBINLEVEL_NONPREGNANT_MEAN,dcid:country/LTU,2017,130.0
dcs:who/HEMOGLOBINLEVEL_NONPREGNANT_MEAN,dcid:country/LTU,2009,130.0
dcs:who/HEMOGLOBINLEVEL_NONPREGNANT_MEAN,dcid:country/LTU,2016,130.0
dcs:who/HEMOGLOBINLEVEL_NONPREGNANT_MEAN,dcid:country/LTU,2012,130.0
dcs:who/HEMOGLOBINLEVEL_NONPREGNANT_MEAN,dcid:country/LTU,2015,130.0
dcs:who/HEMOGLOBINLEVEL_NONPREGNANT_MEAN,dcid:country/LTU,2002,129.0
dcs:who/HEMOGLOBINLEVEL_NONPREGNANT_MEAN,dcid:country/LTU,2011,130.0
dcs:who/HEMOGLOBINLEVEL_NONPREGNANT_MEAN,dcid:country/LTU,2013,130.0
dcs:who/HEMOGLOBINLEVEL_NONPREGNANT_MEAN,dcid:country/LTU,2001,129.0
dcs:who/HEMOGLOBINLEVEL_NONPREGNANT_MEAN,dcid:country/LTU,2008,130.0
dcs:who/HEMOGLOBINLEVEL_NONPREGNANT_MEAN,dcid:country/LTU,2005,130.0
dcs:who/HEMOGLOBINLEVEL_NONPREGNANT_MEAN,dcid:country/LTU,2007,130.0
dcs:who/HEMOGLOBINLEVEL_NONPREGNANT_MEAN,dcid:country/LTU,2018,129.0
dcs:who/HEMOGLOBINLEVEL_NONPREGNANT_MEAN,dcid:country/LTU,2004,129.0
dcs:who/HEMOGLOBINLEVEL_NONPREGNANT_MEAN,dcid:country/LTU,2019,129.0
dcs:who/HEMOGLOBINLEVEL_NONPREGNANT_MEAN,dcid:country/LTU,2014,130.0
dcs:who/HEMOGLOBINLEVEL_NONPREGNANT_MEAN,dcid:country/LTU,2003,129.0
dcs:who/HEMOGLOBINLEVEL_NONPREGNANT_MEAN,dcid:country/LTU,2006,130.0
dcs:who/HEMOGLOBINLEVEL_NONPREGNANT_MEAN,dcid:country/LTU,2000,129.0
dcs:who/HEMOGLOBINLEVEL_NONPREGNANT_MEAN,dcid:country/LUX,2002,133.0
dcs:who/HEMOGLOBINLEVEL_NONPREGNANT_MEAN,dcid:country/LUX,2013,133.0
dcs:who/HEMOGLOBINLEVEL_NONPREGNANT_MEAN,dcid:country/LUX,2000,133.0
dcs:who/HEMOGLOBINLEVEL_NONPREGNANT_MEAN,dcid:country/LUX,2010,133.0
dcs:who/HEMOGLOBINLEVEL_NONPREGNANT_MEAN,dcid:country/LUX,2009,133.0
dcs:who/HEMOGLOBINLEVEL_NONPREGNANT_MEAN,dcid:country/LUX,2006,133.0
dcs:who/HEMOGLOBINLEVEL_NONPREGNANT_MEAN,dcid:country/LUX,2014,133.0
dcs:who/HEMOGLOBINLEVEL_NONPREGNANT_MEAN,dcid:country/LUX,2003,133.0
dcs:who/HEMOGLOBINLEVEL_NONPREGNANT_MEAN,dcid:country/LUX,2011,133.0
dcs:who/HEMOGLOBINLEVEL_NONPREGNANT_MEAN,dcid:country/LUX,2012,133.0
dcs:who/HEMOGLOBINLEVEL_NONPREGNANT_MEAN,dcid:country/LUX,2018,132.0
dcs:who/HEMOGLOBINLEVEL_NONPREGNANT_MEAN,dcid:country/LUX,2001,133.0
dcs:who/HEMOGLOBINLEVEL_NONPREGNANT_MEAN,dcid:country/LUX,2008,133.0
dcs:who/HEMOGLOBINLEVEL_NONPREGNANT_MEAN,dcid:country/LUX,2004,133.0
dcs:who/HEMOGLOBINLEVEL_NONPREGNANT_MEAN,dcid:country/LUX,2005,133.0
dcs:who/HEMOGLOBINLEVEL_NONPREGNANT_MEAN,dcid:country/LUX,2007,133.0
dcs:who/HEMOGLOBINLEVEL_NONPREGNANT_MEAN,dcid:country/LUX,2017,133.0
dcs:who/HEMOGLOBINLEVEL_NONPREGNANT_MEAN,dcid:country/LUX,2016,133.0
dcs:who/HEMOGLOBINLEVEL_NONPREGNANT_MEAN,dcid:country/LUX,2019,132.0
dcs:who/HEMOGLOBINLEVEL_NONPREGNANT_MEAN,dcid:country/LUX,2015,133.0
dcs:who/HEMOGLOBINLEVEL_NONPREGNANT_MEAN,dcid:country/LVA,2006,129.0
dcs:who/HEMOGLOBINLEVEL_NONPREGNANT_MEAN,dcid:country/LVA,2015,129.0
dcs:who/HEMOGLOBINLEVEL_NONPREGNANT_MEAN,dcid:country/LVA,2003,128.0
dcs:who/HEMOGLOBINLEVEL_NONPREGNANT_MEAN,dcid:country/LVA,2012,129.0
dcs:who/HEMOGLOBINLEVEL_NONPREGNANT_MEAN,dcid:country/LVA,2001,128.0
dcs:who/HEMOGLOBINLEVEL_NONPREGNANT_MEAN,dcid:country/LVA,2014,129.0
dcs:who/HEMOGLOBINLEVEL_NONPREGNANT_MEAN,dcid:country/LVA,2007,129.0
dcs:who/HEMOGLOBINLEVEL_NONPREGNANT_MEAN,dcid:country/LVA,2008,129.0
dcs:who/HEMOGLOBINLEVEL_NONPREGNANT_MEAN,dcid:country/LVA,2011,129.0
dcs:who/HEMOGLOBINLEVEL_NONPREGNANT_MEAN,dcid:country/LVA,2019,129.0
dcs:who/HEMOGLOBINLEVEL_NONPREGNANT_MEAN,dcid:country/LVA,2002,128.0
dcs:who/HEMOGLOBINLEVEL_NONPREGNANT_MEAN,dcid:country/LVA,2016,129.0
dcs:who/HEMOGLOBINLEVEL_NONPREGNANT_MEAN,dcid:country/LVA,2004,128.0
dcs:who/HEMOGLOBINLEVEL_NONPREGNANT_MEAN,dcid:country/LVA,2013,129.0
dcs:who/HEMOGLOBINLEVEL_NONPREGNANT_MEAN,dcid:country/LVA,2005,129.0
dcs:who/HEMOGLOBINLEVEL_NONPREGNANT_MEAN,dcid:country/LVA,2000,128.0
dcs:who/HEMOGLOBINLEVEL_NONPREGNANT_MEAN,dcid:country/LVA,2017,129.0
dcs:who/HEMOGLOBINLEVEL_NONPREGNANT_MEAN,dcid:country/LVA,2009,129.0
dcs:who/HEMOGLOBINLEVEL_NONPREGNANT_MEAN,dcid:country/LVA,2010,129.0
dcs:who/HEMOGLOBINLEVEL_NONPREGNANT_MEAN,dcid:country/LVA,2018,129.0
dcs:who/HEMOGLOBINLEVEL_NONPREGNANT_MEAN,dcid:country/MAR,2010,126.0
dcs:who/HEMOGLOBINLEVEL_NONPREGNANT_MEAN,dcid:country/MAR,2000,124.0
dcs:who/HEMOGLOBINLEVEL_NONPREGNANT_MEAN,dcid:country/MAR,2001,124.0
dcs:who/HEMOGLOBINLEVEL_NONPREGNANT_MEAN,dcid:country/MAR,2014,126.0
dcs:who/HEMOGLOBINLEVEL_NONPREGNANT_MEAN,dcid:country/MAR,2002,125.0
dcs:who/HEMOGLOBINLEVEL_NONPREGNANT_MEAN,dcid:country/MAR,2012,126.0
dcs:who/HEMOGLOBINLEVEL_NONPREGNANT_MEAN,dcid:country/MAR,2011,126.0
dcs:who/HEMOGLOBINLEVEL_NONPREGNANT_MEAN,dcid:country/MAR,2009,126.0
dcs:who/HEMOGLOBINLEVEL_NONPREGNANT_MEAN,dcid:country/MAR,2019,126.0
dcs:who/HEMOGLOBINLEVEL_NONPREGNANT_MEAN,dcid:country/MAR,2013,126.0
dcs:who/HEMOGLOBINLEVEL_NONPREGNANT_MEAN,dcid:country/MAR,2003,125.0
dcs:who/HEMOGLOBINLEVEL_NONPREGNANT_MEAN,dcid:country/MAR,2018,126.0
dcs:who/HEMOGLOBINLEVEL_NONPREGNANT_MEAN,dcid:country/MAR,2004,125.0
dcs:who/HEMOGLOBINLEVEL_NONPREGNANT_MEAN,dcid:country/MAR,2005,125.0
dcs:who/HEMOGLOBINLEVEL_NONPREGNANT_MEAN,dcid:country/MAR,2008,125.0
dcs:who/HEMOGLOBINLEVEL_NONPREGNANT_MEAN,dcid:country/MAR,2016,126.0
dcs:who/HEMOGLOBINLEVEL_NONPREGNANT_MEAN,dcid:country/MAR,2006,125.0
dcs:who/HEMOGLOBINLEVEL_NONPREGNANT_MEAN,dcid:country/MAR,2007,125.0
dcs:who/HEMOGLOBINLEVEL_NONPREGNANT_MEAN,dcid:country/MAR,2017,126.0
dcs:who/HEMOGLOBINLEVEL_NONPREGNANT_MEAN,dcid:country/MAR,2015,126.0
dcs:who/HEMOGLOBINLEVEL_NONPREGNANT_MEAN,dcid:country/MCO,2014,132.0
dcs:who/HEMOGLOBINLEVEL_NONPREGNANT_MEAN,dcid:country/MCO,2017,132.0
dcs:who/HEMOGLOBINLEVEL_NONPREGNANT_MEAN,dcid:country/MCO,2013,132.0
dcs:who/HEMOGLOBINLEVEL_NONPREGNANT_MEAN,dcid:country/MCO,2000,132.0
dcs:who/HEMOGLOBINLEVEL_NONPREGNANT_MEAN,dcid:country/MCO,2010,132.0
dcs:who/HEMOGLOBINLEVEL_NONPREGNANT_MEAN,dcid:country/MCO,2015,132.0
dcs:who/HEMOGLOBINLEVEL_NONPREGNANT_MEAN,dcid:country/MCO,2019,131.0
dcs:who/HEMOGLOBINLEVEL_NONPREGNANT_MEAN,dcid:country/MCO,2002,132.0
dcs:who/HEMOGLOBINLEVEL_NONPREGNANT_MEAN,dcid:country/MCO,2018,131.0
dcs:who/HEMOGLOBINLEVEL_NONPREGNANT_MEAN,dcid:country/MCO,2016,132.0
dcs:who/HEMOGLOBINLEVEL_NONPREGNANT_MEAN,dcid:country/MCO,2008,132.0
dcs:who/HEMOGLOBINLEVEL_NONPREGNANT_MEAN,dcid:country/MCO,2007,132.0
dcs:who/HEMOGLOBINLEVEL_NONPREGNANT_MEAN,dcid:country/MCO,2011,132.0
dcs:who/HEMOGLOBINLEVEL_NONPREGNANT_MEAN,dcid:country/MCO,2005,132.0
dcs:who/HEMOGLOBINLEVEL_NONPREGNANT_MEAN,dcid:country/MCO,2004,132.0
dcs:who/HEMOGLOBINLEVEL_NONPREGNANT_MEAN,dcid:country/MCO,2012,132.0
dcs:who/HEMOGLOBINLEVEL_NONPREGNANT_MEAN,dcid:country/MCO,2001,132.0
dcs:who/HEMOGLOBINLEVEL_NONPREGNANT_MEAN,dcid:country/MCO,2009,132.0
dcs:who/HEMOGLOBINLEVEL_NONPREGNANT_MEAN,dcid:country/MCO,2003,132.0
dcs:who/HEMOGLOBINLEVEL_NONPREGNANT_MEAN,dcid:country/MCO,2006,132.0
dcs:who/HEMOGLOBINLEVEL_NONPREGNANT_MEAN,dcid:country/MDA,2017,127.0
dcs:who/HEMOGLOBINLEVEL_NONPREGNANT_MEAN,dcid:country/MDA,2003,126.0
dcs:who/HEMOGLOBINLEVEL_NONPREGNANT_MEAN,dcid:country/MDA,2004,127.0
dcs:who/HEMOGLOBINLEVEL_NONPREGNANT_MEAN,dcid:country/MDA,2006,127.0
dcs:who/HEMOGLOBINLEVEL_NONPREGNANT_MEAN,dcid:country/MDA,2013,127.0
dcs:who/HEMOGLOBINLEVEL_NONPREGNANT_MEAN,dcid:country/MDA,2000,126.0
dcs:who/HEMOGLOBINLEVEL_NONPREGNANT_MEAN,dcid:country/MDA,2011,127.0
dcs:who/HEMOGLOBINLEVEL_NONPREGNANT_MEAN,dcid:country/MDA,2014,127.0
dcs:who/HEMOGLOBINLEVEL_NONPREGNANT_MEAN,dcid:country/MDA,2018,127.0
dcs:who/HEMOGLOBINLEVEL_NONPREGNANT_MEAN,dcid:country/MDA,2009,127.0
dcs:who/HEMOGLOBINLEVEL_NONPREGNANT_MEAN,dcid:country/MDA,2005,127.0
dcs:who/HEMOGLOBINLEVEL_NONPREGNANT_MEAN,dcid:country/MDA,2001,126.0
dcs:who/HEMOGLOBINLEVEL_NONPREGNANT_MEAN,dcid:country/MDA,2019,127.0
dcs:who/HEMOGLOBINLEVEL_NONPREGNANT_MEAN,dcid:country/MDA,2010,127.0
dcs:who/HEMOGLOBINLEVEL_NONPREGNANT_MEAN,dcid:country/MDA,2015,127.0
dcs:who/HEMOGLOBINLEVEL_NONPREGNANT_MEAN,dcid:country/MDA,2002,126.0
dcs:who/HEMOGLOBINLEVEL_NONPREGNANT_MEAN,dcid:country/MDA,2016,127.0
dcs:who/HEMOGLOBINLEVEL_NONPREGNANT_MEAN,dcid:country/MDA,2007,127.0
dcs:who/HEMOGLOBINLEVEL_NONPREGNANT_MEAN,dcid:country/MDA,2012,127.0
dcs:who/HEMOGLOBINLEVEL_NONPREGNANT_MEAN,dcid:country/MDA,2008,127.0
dcs:who/HEMOGLOBINLEVEL_NONPREGNANT_MEAN,dcid:country/MDG,2006,123.0
dcs:who/HEMOGLOBINLEVEL_NONPREGNANT_MEAN,dcid:country/MDG,2009,124.0
dcs:who/HEMOGLOBINLEVEL_NONPREGNANT_MEAN,dcid:country/MDG,2019,123.0
dcs:who/HEMOGLOBINLEVEL_NONPREGNANT_MEAN,dcid:country/MDG,2008,123.0
dcs:who/HEMOGLOBINLEVEL_NONPREGNANT_MEAN,dcid:country/MDG,2007,123.0
dcs:who/HEMOGLOBINLEVEL_NONPREGNANT_MEAN,dcid:country/MDG,2014,124.0
dcs:who/HEMOGLOBINLEVEL_NONPREGNANT_MEAN,dcid:country/MDG,2012,124.0
dcs:who/HEMOGLOBINLEVEL_NONPREGNANT_MEAN,dcid:country/MDG,2002,122.0
dcs:who/HEMOGLOBINLEVEL_NONPREGNANT_MEAN,dcid:country/MDG,2016,124.0
dcs:who/HEMOGLOBINLEVEL_NONPREGNANT_MEAN,dcid:country/MDG,2015,124.0
dcs:who/HEMOGLOBINLEVEL_NONPREGNANT_MEAN,dcid:country/MDG,2011,124.0
dcs:who/HEMOGLOBINLEVEL_NONPREGNANT_MEAN,dcid:country/MDG,2018,124.0
dcs:who/HEMOGLOBINLEVEL_NONPREGNANT_MEAN,dcid:country/MDG,2000,122.0
dcs:who/HEMOGLOBINLEVEL_NONPREGNANT_MEAN,dcid:country/MDG,2013,124.0
dcs:who/HEMOGLOBINLEVEL_NONPREGNANT_MEAN,dcid:country/MDG,2001,122.0
dcs:who/HEMOGLOBINLEVEL_NONPREGNANT_MEAN,dcid:country/MDG,2005,123.0
dcs:who/HEMOGLOBINLEVEL_NONPREGNANT_MEAN,dcid:country/MDG,2010,124.0
dcs:who/HEMOGLOBINLEVEL_NONPREGNANT_MEAN,dcid:country/MDG,2003,122.0
dcs:who/HEMOGLOBINLEVEL_NONPREGNANT_MEAN,dcid:country/MDG,2004,122.0
dcs:who/HEMOGLOBINLEVEL_NONPREGNANT_MEAN,dcid:country/MDG,2017,124.0
dcs:who/HEMOGLOBINLEVEL_NONPREGNANT_MEAN,dcid:country/MDV,2005,120.0
dcs:who/HEMOGLOBINLEVEL_NONPREGNANT_MEAN,dcid:country/MDV,2017,119.0
dcs:who/HEMOGLOBINLEVEL_NONPREGNANT_MEAN,dcid:country/MDV,2012,120.0
dcs:who/HEMOGLOBINLEVEL_NONPREGNANT_MEAN,dcid:country/MDV,2018,118.0
dcs:who/HEMOGLOBINLEVEL_NONPREGNANT_MEAN,dcid:country/MDV,2001,120.0
dcs:who/HEMOGLOBINLEVEL_NONPREGNANT_MEAN,dcid:country/MDV,2002,120.0
dcs:who/HEMOGLOBINLEVEL_NONPREGNANT_MEAN,dcid:country/MDV,2006,120.0
dcs:who/HEMOGLOBINLEVEL_NONPREGNANT_MEAN,dcid:country/MDV,2009,121.0
dcs:who/HEMOGLOBINLEVEL_NONPREGNANT_MEAN,dcid:country/MDV,2015,119.0
dcs:who/HEMOGLOBINLEVEL_NONPREGNANT_MEAN,dcid:country/MDV,2004,120.0
dcs:who/HEMOGLOBINLEVEL_NONPREGNANT_MEAN,dcid:country/MDV,2019,118.0
dcs:who/HEMOGLOBINLEVEL_NONPREGNANT_MEAN,dcid:country/MDV,2014,120.0
dcs:who/HEMOGLOBINLEVEL_NONPREGNANT_MEAN,dcid:country/MDV,2000,119.0
dcs:who/HEMOGLOBINLEVEL_NONPREGNANT_MEAN,dcid:country/MDV,2007,121.0
dcs:who/HEMOGLOBINLEVEL_NONPREGNANT_MEAN,dcid:country/MDV,2010,121.0
dcs:who/HEMOGLOBINLEVEL_NONPREGNANT_MEAN,dcid:country/MDV,2016,119.0
dcs:who/HEMOGLOBINLEVEL_NONPREGNANT_MEAN,dcid:country/MDV,2013,120.0
dcs:who/HEMOGLOBINLEVEL_NONPREGNANT_MEAN,dcid:country/MDV,2008,121.0
dcs:who/HEMOGLOBINLEVEL_NONPREGNANT_MEAN,dcid:country/MDV,2003,120.0
dcs:who/HEMOGLOBINLEVEL_NONPREGNANT_MEAN,dcid:country/MDV,2011,120.0
dcs:who/HEMOGLOBINLEVEL_NONPREGNANT_MEAN,dcid:country/MEX,2010,133.0
dcs:who/HEMOGLOBINLEVEL_NONPREGNANT_MEAN,dcid:country/MEX,2002,131.0
dcs:who/HEMOGLOBINLEVEL_NONPREGNANT_MEAN,dcid:country/MEX,2004,131.0
dcs:who/HEMOGLOBINLEVEL_NONPREGNANT_MEAN,dcid:country/MEX,2015,133.0
dcs:who/HEMOGLOBINLEVEL_NONPREGNANT_MEAN,dcid:country/MEX,2006,132.0
dcs:who/HEMOGLOBINLEVEL_NONPREGNANT_MEAN,dcid:country/MEX,2005,132.0
dcs:who/HEMOGLOBINLEVEL_NONPREGNANT_MEAN,dcid:country/MEX,2016,133.0
dcs:who/HEMOGLOBINLEVEL_NONPREGNANT_MEAN,dcid:country/MEX,2012,133.0
dcs:who/HEMOGLOBINLEVEL_NONPREGNANT_MEAN,dcid:country/MEX,2003,131.0
dcs:who/HEMOGLOBINLEVEL_NONPREGNANT_MEAN,dcid:country/MEX,2009,133.0
dcs:who/HEMOGLOBINLEVEL_NONPREGNANT_MEAN,dcid:country/MEX,2019,133.0
dcs:who/HEMOGLOBINLEVEL_NONPREGNANT_MEAN,dcid:country/MEX,2018,133.0
dcs:who/HEMOGLOBINLEVEL_NONPREGNANT_MEAN,dcid:country/MEX,2007,132.0
dcs:who/HEMOGLOBINLEVEL_NONPREGNANT_MEAN,dcid:country/MEX,2000,130.0
dcs:who/HEMOGLOBINLEVEL_NONPREGNANT_MEAN,dcid:country/MEX,2014,133.0
dcs:who/HEMOGLOBINLEVEL_NONPREGNANT_MEAN,dcid:country/MEX,2011,133.0
dcs:who/HEMOGLOBINLEVEL_NONPREGNANT_MEAN,dcid:country/MEX,2013,133.0
dcs:who/HEMOGLOBINLEVEL_NONPREGNANT_MEAN,dcid:country/MEX,2017,133.0
dcs:who/HEMOGLOBINLEVEL_NONPREGNANT_MEAN,dcid:country/MEX,2001,130.0
dcs:who/HEMOGLOBINLEVEL_NONPREGNANT_MEAN,dcid:country/MEX,2008,132.0
dcs:who/HEMOGLOBINLEVEL_NONPREGNANT_MEAN,dcid:country/MHL,2014,126.0
dcs:who/HEMOGLOBINLEVEL_NONPREGNANT_MEAN,dcid:country/MHL,2008,126.0
dcs:who/HEMOGLOBINLEVEL_NONPREGNANT_MEAN,dcid:country/MHL,2011,126.0
dcs:who/HEMOGLOBINLEVEL_NONPREGNANT_MEAN,dcid:country/MHL,2010,126.0
dcs:who/HEMOGLOBINLEVEL_NONPREGNANT_MEAN,dcid:country/MHL,2016,126.0
dcs:who/HEMOGLOBINLEVEL_NONPREGNANT_MEAN,dcid:country/MHL,2003,126.0
dcs:who/HEMOGLOBINLEVEL_NONPREGNANT_MEAN,dcid:country/MHL,2001,126.0
dcs:who/HEMOGLOBINLEVEL_NONPREGNANT_MEAN,dcid:country/MHL,2018,126.0
dcs:who/HEMOGLOBINLEVEL_NONPREGNANT_MEAN,dcid:country/MHL,2004,126.0
dcs:who/HEMOGLOBINLEVEL_NONPREGNANT_MEAN,dcid:country/MHL,2017,126.0
dcs:who/HEMOGLOBINLEVEL_NONPREGNANT_MEAN,dcid:country/MHL,2012,126.0
dcs:who/HEMOGLOBINLEVEL_NONPREGNANT_MEAN,dcid:country/MHL,2019,126.0
dcs:who/HEMOGLOBINLEVEL_NONPREGNANT_MEAN,dcid:country/MHL,2006,126.0
dcs:who/HEMOGLOBINLEVEL_NONPREGNANT_MEAN,dcid:country/MHL,2000,126.0
dcs:who/HEMOGLOBINLEVEL_NONPREGNANT_MEAN,dcid:country/MHL,2005,126.0
dcs:who/HEMOGLOBINLEVEL_NONPREGNANT_MEAN,dcid:country/MHL,2002,126.0
dcs:who/HEMOGLOBINLEVEL_NONPREGNANT_MEAN,dcid:country/MHL,2007,126.0
dcs:who/HEMOGLOBINLEVEL_NONPREGNANT_MEAN,dcid:country/MHL,2009,126.0
dcs:who/HEMOGLOBINLEVEL_NONPREGNANT_MEAN,dcid:country/MHL,2015,126.0
dcs:who/HEMOGLOBINLEVEL_NONPREGNANT_MEAN,dcid:country/MHL,2013,126.0
dcs:who/HEMOGLOBINLEVEL_NONPREGNANT_MEAN,dcid:country/MKD,2005,131.0
dcs:who/HEMOGLOBINLEVEL_NONPREGNANT_MEAN,dcid:country/MKD,2006,131.0
dcs:who/HEMOGLOBINLEVEL_NONPREGNANT_MEAN,dcid:country/MKD,2000,132.0
dcs:who/HEMOGLOBINLEVEL_NONPREGNANT_MEAN,dcid:country/MKD,2002,132.0
dcs:who/HEMOGLOBINLEVEL_NONPREGNANT_MEAN,dcid:country/MKD,2011,131.0
dcs:who/HEMOGLOBINLEVEL_NONPREGNANT_MEAN,dcid:country/MKD,2001,132.0
dcs:who/HEMOGLOBINLEVEL_NONPREGNANT_MEAN,dcid:country/MKD,2019,130.0
dcs:who/HEMOGLOBINLEVEL_NONPREGNANT_MEAN,dcid:country/MKD,2016,130.0
dcs:who/HEMOGLOBINLEVEL_NONPREGNANT_MEAN,dcid:country/MKD,2018,130.0
dcs:who/HEMOGLOBINLEVEL_NONPREGNANT_MEAN,dcid:country/MKD,2008,131.0
dcs:who/HEMOGLOBINLEVEL_NONPREGNANT_MEAN,dcid:country/MKD,2014,131.0
dcs:who/HEMOGLOBINLEVEL_NONPREGNANT_MEAN,dcid:country/MKD,2013,131.0
dcs:who/HEMOGLOBINLEVEL_NONPREGNANT_MEAN,dcid:country/MKD,2009,131.0
dcs:who/HEMOGLOBINLEVEL_NONPREGNANT_MEAN,dcid:country/MKD,2004,132.0
dcs:who/HEMOGLOBINLEVEL_NONPREGNANT_MEAN,dcid:country/MKD,2007,131.0
dcs:who/HEMOGLOBINLEVEL_NONPREGNANT_MEAN,dcid:country/MKD,2010,131.0
dcs:who/HEMOGLOBINLEVEL_NONPREGNANT_MEAN,dcid:country/MKD,2012,131.0
dcs:who/HEMOGLOBINLEVEL_NONPREGNANT_MEAN,dcid:country/MKD,2015,131.0
dcs:who/HEMOGLOBINLEVEL_NONPREGNANT_MEAN,dcid:country/MKD,2017,130.0
dcs:who/HEMOGLOBINLEVEL_NONPREGNANT_MEAN,dcid:country/MKD,2003,132.0
dcs:who/HEMOGLOBINLEVEL_NONPREGNANT_MEAN,dcid:country/MLI,2010,115.0
dcs:who/HEMOGLOBINLEVEL_NONPREGNANT_MEAN,dcid:country/MLI,2003,114.0
dcs:who/HEMOGLOBINLEVEL_NONPREGNANT_MEAN,dcid:country/MLI,2000,113.0
dcs:who/HEMOGLOBINLEVEL_NONPREGNANT_MEAN,dcid:country/MLI,2019,115.0
dcs:who/HEMOGLOBINLEVEL_NONPREGNANT_MEAN,dcid:country/MLI,2013,116.0
dcs:who/HEMOGLOBINLEVEL_NONPREGNANT_MEAN,dcid:country/MLI,2001,113.0
dcs:who/HEMOGLOBINLEVEL_NONPREGNANT_MEAN,dcid:country/MLI,2014,116.0
dcs:who/HEMOGLOBINLEVEL_NONPREGNANT_MEAN,dcid:country/MLI,2018,115.0
dcs:who/HEMOGLOBINLEVEL_NONPREGNANT_MEAN,dcid:country/MLI,2009,115.0
dcs:who/HEMOGLOBINLEVEL_NONPREGNANT_MEAN,dcid:country/MLI,2011,115.0
dcs:who/HEMOGLOBINLEVEL_NONPREGNANT_MEAN,dcid:country/MLI,2004,114.0
dcs:who/HEMOGLOBINLEVEL_NONPREGNANT_MEAN,dcid:country/MLI,2005,114.0
dcs:who/HEMOGLOBINLEVEL_NONPREGNANT_MEAN,dcid:country/MLI,2017,115.0
dcs:who/HEMOGLOBINLEVEL_NONPREGNANT_MEAN,dcid:country/MLI,2012,116.0
dcs:who/HEMOGLOBINLEVEL_NONPREGNANT_MEAN,dcid:country/MLI,2015,116.0
dcs:who/HEMOGLOBINLEVEL_NONPREGNANT_MEAN,dcid:country/MLI,2006,114.0
dcs:who/HEMOGLOBINLEVEL_NONPREGNANT_MEAN,dcid:country/MLI,2002,114.0
dcs:who/HEMOGLOBINLEVEL_NONPREGNANT_MEAN,dcid:country/MLI,2008,115.0
dcs:who/HEMOGLOBINLEVEL_NONPREGNANT_MEAN,dcid:country/MLI,2007,115.0
dcs:who/HEMOGLOBINLEVEL_NONPREGNANT_MEAN,dcid:country/MLI,2016,115.0
dcs:who/HEMOGLOBINLEVEL_NONPREGNANT_MEAN,dcid:country/MLT,2018,131.0
dcs:who/HEMOGLOBINLEVEL_NONPREGNANT_MEAN,dcid:country/MLT,2013,131.0
dcs:who/HEMOGLOBINLEVEL_NONPREGNANT_MEAN,dcid:country/MLT,2019,131.0
dcs:who/HEMOGLOBINLEVEL_NONPREGNANT_MEAN,dcid:country/MLT,2001,131.0
dcs:who/HEMOGLOBINLEVEL_NONPREGNANT_MEAN,dcid:country/MLT,2007,131.0
dcs:who/HEMOGLOBINLEVEL_NONPREGNANT_MEAN,dcid:country/MLT,2011,131.0
dcs:who/HEMOGLOBINLEVEL_NONPREGNANT_MEAN,dcid:country/MLT,2016,131.0
dcs:who/HEMOGLOBINLEVEL_NONPREGNANT_MEAN,dcid:country/MLT,2008,131.0
dcs:who/HEMOGLOBINLEVEL_NONPREGNANT_MEAN,dcid:country/MLT,2005,131.0
dcs:who/HEMOGLOBINLEVEL_NONPREGNANT_MEAN,dcid:country/MLT,2015,131.0
dcs:who/HEMOGLOBINLEVEL_NONPREGNANT_MEAN,dcid:country/MLT,2002,131.0
dcs:who/HEMOGLOBINLEVEL_NONPREGNANT_MEAN,dcid:country/MLT,2000,131.0
dcs:who/HEMOGLOBINLEVEL_NONPREGNANT_MEAN,dcid:country/MLT,2017,131.0
dcs:who/HEMOGLOBINLEVEL_NONPREGNANT_MEAN,dcid:country/MLT,2006,131.0
dcs:who/HEMOGLOBINLEVEL_NONPREGNANT_MEAN,dcid:country/MLT,2009,131.0
dcs:who/HEMOGLOBINLEVEL_NONPREGNANT_MEAN,dcid:country/MLT,2014,131.0
dcs:who/HEMOGLOBINLEVEL_NONPREGNANT_MEAN,dcid:country/MLT,2010,131.0
dcs:who/HEMOGLOBINLEVEL_NONPREGNANT_MEAN,dcid:country/MLT,2003,131.0
dcs:who/HEMOGLOBINLEVEL_NONPREGNANT_MEAN,dcid:country/MLT,2012,131.0
dcs:who/HEMOGLOBINLEVEL_NONPREGNANT_MEAN,dcid:country/MLT,2004,131.0
dcs:who/HEMOGLOBINLEVEL_NONPREGNANT_MEAN,dcid:country/MMR,2001,119.0
dcs:who/HEMOGLOBINLEVEL_NONPREGNANT_MEAN,dcid:country/MMR,2008,122.0
dcs:who/HEMOGLOBINLEVEL_NONPREGNANT_MEAN,dcid:country/MMR,2009,122.0
dcs:who/HEMOGLOBINLEVEL_NONPREGNANT_MEAN,dcid:country/MMR,2014,122.0
dcs:who/HEMOGLOBINLEVEL_NONPREGNANT_MEAN,dcid:country/MMR,2019,122.0
dcs:who/HEMOGLOBINLEVEL_NONPREGNANT_MEAN,dcid:country/MMR,2011,122.0
dcs:who/HEMOGLOBINLEVEL_NONPREGNANT_MEAN,dcid:country/MMR,2012,122.0
dcs:who/HEMOGLOBINLEVEL_NONPREGNANT_MEAN,dcid:country/MMR,2016,122.0
dcs:who/HEMOGLOBINLEVEL_NONPREGNANT_MEAN,dcid:country/MMR,2003,120.0
dcs:who/HEMOGLOBINLEVEL_NONPREGNANT_MEAN,dcid:country/MMR,2017,122.0
dcs:who/HEMOGLOBINLEVEL_NONPREGNANT_MEAN,dcid:country/MMR,2005,121.0
dcs:who/HEMOGLOBINLEVEL_NONPREGNANT_MEAN,dcid:country/MMR,2013,122.0
dcs:who/HEMOGLOBINLEVEL_NONPREGNANT_MEAN,dcid:country/MMR,2018,122.0
dcs:who/HEMOGLOBINLEVEL_NONPREGNANT_MEAN,dcid:country/MMR,2000,119.0
dcs:who/HEMOGLOBINLEVEL_NONPREGNANT_MEAN,dcid:country/MMR,2010,122.0
dcs:who/HEMOGLOBINLEVEL_NONPREGNANT_MEAN,dcid:country/MMR,2007,122.0
dcs:who/HEMOGLOBINLEVEL_NONPREGNANT_MEAN,dcid:country/MMR,2006,121.0
dcs:who/HEMOGLOBINLEVEL_NONPREGNANT_MEAN,dcid:country/MMR,2015,122.0
dcs:who/HEMOGLOBINLEVEL_NONPREGNANT_MEAN,dcid:country/MMR,2004,121.0
dcs:who/HEMOGLOBINLEVEL_NONPREGNANT_MEAN,dcid:country/MMR,2002,120.0
dcs:who/HEMOGLOBINLEVEL_NONPREGNANT_MEAN,dcid:country/MNE,2013,131.0
dcs:who/HEMOGLOBINLEVEL_NONPREGNANT_MEAN,dcid:country/MNE,2002,132.0
dcs:who/HEMOGLOBINLEVEL_NONPREGNANT_MEAN,dcid:country/MNE,2014,131.0
dcs:who/HEMOGLOBINLEVEL_NONPREGNANT_MEAN,dcid:country/MNE,2017,131.0
dcs:who/HEMOGLOBINLEVEL_NONPREGNANT_MEAN,dcid:country/MNE,2005,131.0
dcs:who/HEMOGLOBINLEVEL_NONPREGNANT_MEAN,dcid:country/MNE,2001,132.0
dcs:who/HEMOGLOBINLEVEL_NONPREGNANT_MEAN,dcid:country/MNE,2015,131.0
dcs:who/HEMOGLOBINLEVEL_NONPREGNANT_MEAN,dcid:country/MNE,2004,132.0
dcs:who/HEMOGLOBINLEVEL_NONPREGNANT_MEAN,dcid:country/MNE,2018,131.0
dcs:who/HEMOGLOBINLEVEL_NONPREGNANT_MEAN,dcid:country/MNE,2012,131.0
dcs:who/HEMOGLOBINLEVEL_NONPREGNANT_MEAN,dcid:country/MNE,2009,131.0
dcs:who/HEMOGLOBINLEVEL_NONPREGNANT_MEAN,dcid:country/MNE,2000,132.0
dcs:who/HEMOGLOBINLEVEL_NONPREGNANT_MEAN,dcid:country/MNE,2019,131.0
dcs:who/HEMOGLOBINLEVEL_NONPREGNANT_MEAN,dcid:country/MNE,2008,131.0
dcs:who/HEMOGLOBINLEVEL_NONPREGNANT_MEAN,dcid:country/MNE,2016,131.0
dcs:who/HEMOGLOBINLEVEL_NONPREGNANT_MEAN,dcid:country/MNE,2003,132.0
dcs:who/HEMOGLOBINLEVEL_NONPREGNANT_MEAN,dcid:country/MNE,2010,131.0
dcs:who/HEMOGLOBINLEVEL_NONPREGNANT_MEAN,dcid:country/MNE,2011,131.0
dcs:who/HEMOGLOBINLEVEL_NONPREGNANT_MEAN,dcid:country/MNE,2007,131.0
dcs:who/HEMOGLOBINLEVEL_NONPREGNANT_MEAN,dcid:country/MNE,2006,131.0
dcs:who/HEMOGLOBINLEVEL_NONPREGNANT_MEAN,dcid:country/MNG,2006,131.0
dcs:who/HEMOGLOBINLEVEL_NONPREGNANT_MEAN,dcid:country/MNG,2010,132.0
dcs:who/HEMOGLOBINLEVEL_NONPREGNANT_MEAN,dcid:country/MNG,2008,132.0
dcs:who/HEMOGLOBINLEVEL_NONPREGNANT_MEAN,dcid:country/MNG,2004,131.0
dcs:who/HEMOGLOBINLEVEL_NONPREGNANT_MEAN,dcid:country/MNG,2005,131.0
dcs:who/HEMOGLOBINLEVEL_NONPREGNANT_MEAN,dcid:country/MNG,2001,132.0
dcs:who/HEMOGLOBINLEVEL_NONPREGNANT_MEAN,dcid:country/MNG,2009,132.0
dcs:who/HEMOGLOBINLEVEL_NONPREGNANT_MEAN,dcid:country/MNG,2002,132.0
dcs:who/HEMOGLOBINLEVEL_NONPREGNANT_MEAN,dcid:country/MNG,2018,132.0
dcs:who/HEMOGLOBINLEVEL_NONPREGNANT_MEAN,dcid:country/MNG,2007,132.0
dcs:who/HEMOGLOBINLEVEL_NONPREGNANT_MEAN,dcid:country/MNG,2012,132.0
dcs:who/HEMOGLOBINLEVEL_NONPREGNANT_MEAN,dcid:country/MNG,2019,132.0
dcs:who/HEMOGLOBINLEVEL_NONPREGNANT_MEAN,dcid:country/MNG,2003,132.0
dcs:who/HEMOGLOBINLEVEL_NONPREGNANT_MEAN,dcid:country/MNG,2017,132.0
dcs:who/HEMOGLOBINLEVEL_NONPREGNANT_MEAN,dcid:country/MNG,2000,132.0
dcs:who/HEMOGLOBINLEVEL_NONPREGNANT_MEAN,dcid:country/MNG,2013,132.0
dcs:who/HEMOGLOBINLEVEL_NONPREGNANT_MEAN,dcid:country/MNG,2016,132.0
dcs:who/HEMOGLOBINLEVEL_NONPREGNANT_MEAN,dcid:country/MNG,2011,132.0
dcs:who/HEMOGLOBINLEVEL_NONPREGNANT_MEAN,dcid:country/MNG,2014,132.0
dcs:who/HEMOGLOBINLEVEL_NONPREGNANT_MEAN,dcid:country/MNG,2015,132.0
dcs:who/HEMOGLOBINLEVEL_NONPREGNANT_MEAN,dcid:country/MOZ,2002,119.0
dcs:who/HEMOGLOBINLEVEL_NONPREGNANT_MEAN,dcid:country/MOZ,2007,119.0
dcs:who/HEMOGLOBINLEVEL_NONPREGNANT_MEAN,dcid:country/MOZ,2008,119.0
dcs:who/HEMOGLOBINLEVEL_NONPREGNANT_MEAN,dcid:country/MOZ,2010,119.0
dcs:who/HEMOGLOBINLEVEL_NONPREGNANT_MEAN,dcid:country/MOZ,2009,119.0
dcs:who/HEMOGLOBINLEVEL_NONPREGNANT_MEAN,dcid:country/MOZ,2000,119.0
dcs:who/HEMOGLOBINLEVEL_NONPREGNANT_MEAN,dcid:country/MOZ,2019,120.0
dcs:who/HEMOGLOBINLEVEL_NONPREGNANT_MEAN,dcid:country/MOZ,2012,119.0
dcs:who/HEMOGLOBINLEVEL_NONPREGNANT_MEAN,dcid:country/MOZ,2003,119.0
dcs:who/HEMOGLOBINLEVEL_NONPREGNANT_MEAN,dcid:country/MOZ,2013,119.0
dcs:who/HEMOGLOBINLEVEL_NONPREGNANT_MEAN,dcid:country/MOZ,2004,119.0
dcs:who/HEMOGLOBINLEVEL_NONPREGNANT_MEAN,dcid:country/MOZ,2014,119.0
dcs:who/HEMOGLOBINLEVEL_NONPREGNANT_MEAN,dcid:country/MOZ,2018,120.0
dcs:who/HEMOGLOBINLEVEL_NONPREGNANT_MEAN,dcid:country/MOZ,2016,120.0
dcs:who/HEMOGLOBINLEVEL_NONPREGNANT_MEAN,dcid:country/MOZ,2005,119.0
dcs:who/HEMOGLOBINLEVEL_NONPREGNANT_MEAN,dcid:country/MOZ,2017,120.0
dcs:who/HEMOGLOBINLEVEL_NONPREGNANT_MEAN,dcid:country/MOZ,2011,119.0
dcs:who/HEMOGLOBINLEVEL_NONPREGNANT_MEAN,dcid:country/MOZ,2001,119.0
dcs:who/HEMOGLOBINLEVEL_NONPREGNANT_MEAN,dcid:country/MOZ,2015,119.0
dcs:who/HEMOGLOBINLEVEL_NONPREGNANT_MEAN,dcid:country/MOZ,2006,119.0
dcs:who/HEMOGLOBINLEVEL_NONPREGNANT_MEAN,dcid:country/MRT,2017,121.0
dcs:who/HEMOGLOBINLEVEL_NONPREGNANT_MEAN,dcid:country/MRT,2008,120.0
dcs:who/HEMOGLOBINLEVEL_NONPREGNANT_MEAN,dcid:country/MRT,2006,120.0
dcs:who/HEMOGLOBINLEVEL_NONPREGNANT_MEAN,dcid:country/MRT,2012,121.0
dcs:who/HEMOGLOBINLEVEL_NONPREGNANT_MEAN,dcid:country/MRT,2003,120.0
dcs:who/HEMOGLOBINLEVEL_NONPREGNANT_MEAN,dcid:country/MRT,2013,121.0
dcs:who/HEMOGLOBINLEVEL_NONPREGNANT_MEAN,dcid:country/MRT,2001,119.0
dcs:who/HEMOGLOBINLEVEL_NONPREGNANT_MEAN,dcid:country/MRT,2014,121.0
dcs:who/HEMOGLOBINLEVEL_NONPREGNANT_MEAN,dcid:country/MRT,2009,120.0
dcs:who/HEMOGLOBINLEVEL_NONPREGNANT_MEAN,dcid:country/MRT,2019,121.0
dcs:who/HEMOGLOBINLEVEL_NONPREGNANT_MEAN,dcid:country/MRT,2016,121.0
dcs:who/HEMOGLOBINLEVEL_NONPREGNANT_MEAN,dcid:country/MRT,2000,119.0
dcs:who/HEMOGLOBINLEVEL_NONPREGNANT_MEAN,dcid:country/MRT,2005,120.0
dcs:who/HEMOGLOBINLEVEL_NONPREGNANT_MEAN,dcid:country/MRT,2010,120.0
dcs:who/HEMOGLOBINLEVEL_NONPREGNANT_MEAN,dcid:country/MRT,2018,121.0
dcs:who/HEMOGLOBINLEVEL_NONPREGNANT_MEAN,dcid:country/MRT,2011,121.0
dcs:who/HEMOGLOBINLEVEL_NONPREGNANT_MEAN,dcid:country/MRT,2004,120.0
dcs:who/HEMOGLOBINLEVEL_NONPREGNANT_MEAN,dcid:country/MRT,2015,121.0
dcs:who/HEMOGLOBINLEVEL_NONPREGNANT_MEAN,dcid:country/MRT,2007,120.0
dcs:who/HEMOGLOBINLEVEL_NONPREGNANT_MEAN,dcid:country/MRT,2002,119.0
dcs:who/HEMOGLOBINLEVEL_NONPREGNANT_MEAN,dcid:country/MUS,2018,129.0
dcs:who/HEMOGLOBINLEVEL_NONPREGNANT_MEAN,dcid:country/MUS,2004,132.0
dcs:who/HEMOGLOBINLEVEL_NONPREGNANT_MEAN,dcid:country/MUS,2016,130.0
dcs:who/HEMOGLOBINLEVEL_NONPREGNANT_MEAN,dcid:country/MUS,2015,130.0
dcs:who/HEMOGLOBINLEVEL_NONPREGNANT_MEAN,dcid:country/MUS,2011,131.0
dcs:who/HEMOGLOBINLEVEL_NONPREGNANT_MEAN,dcid:country/MUS,2019,129.0
dcs:who/HEMOGLOBINLEVEL_NONPREGNANT_MEAN,dcid:country/MUS,2007,132.0
dcs:who/HEMOGLOBINLEVEL_NONPREGNANT_MEAN,dcid:country/MUS,2010,131.0
dcs:who/HEMOGLOBINLEVEL_NONPREGNANT_MEAN,dcid:country/MUS,2008,132.0
dcs:who/HEMOGLOBINLEVEL_NONPREGNANT_MEAN,dcid:country/MUS,2002,132.0
dcs:who/HEMOGLOBINLEVEL_NONPREGNANT_MEAN,dcid:country/MUS,2000,132.0
dcs:who/HEMOGLOBINLEVEL_NONPREGNANT_MEAN,dcid:country/MUS,2017,130.0
dcs:who/HEMOGLOBINLEVEL_NONPREGNANT_MEAN,dcid:country/MUS,2012,131.0
dcs:who/HEMOGLOBINLEVEL_NONPREGNANT_MEAN,dcid:country/MUS,2001,132.0
dcs:who/HEMOGLOBINLEVEL_NONPREGNANT_MEAN,dcid:country/MUS,2003,132.0
dcs:who/HEMOGLOBINLEVEL_NONPREGNANT_MEAN,dcid:country/MUS,2013,131.0
dcs:who/HEMOGLOBINLEVEL_NONPREGNANT_MEAN,dcid:country/MUS,2005,132.0
dcs:who/HEMOGLOBINLEVEL_NONPREGNANT_MEAN,dcid:country/MUS,2006,132.0
dcs:who/HEMOGLOBINLEVEL_NONPREGNANT_MEAN,dcid:country/MUS,2009,131.0
dcs:who/HEMOGLOBINLEVEL_NONPREGNANT_MEAN,dcid:country/MUS,2014,131.0
dcs:who/HEMOGLOBINLEVEL_NONPREGNANT_MEAN,dcid:country/MWI,2002,124.0
dcs:who/HEMOGLOBINLEVEL_NONPREGNANT_MEAN,dcid:country/MWI,2012,127.0
dcs:who/HEMOGLOBINLEVEL_NONPREGNANT_MEAN,dcid:country/MWI,2019,126.0
dcs:who/HEMOGLOBINLEVEL_NONPREGNANT_MEAN,dcid:country/MWI,2010,126.0
dcs:who/HEMOGLOBINLEVEL_NONPREGNANT_MEAN,dcid:country/MWI,2001,124.0
dcs:who/HEMOGLOBINLEVEL_NONPREGNANT_MEAN,dcid:country/MWI,2011,127.0
dcs:who/HEMOGLOBINLEVEL_NONPREGNANT_MEAN,dcid:country/MWI,2008,126.0
dcs:who/HEMOGLOBINLEVEL_NONPREGNANT_MEAN,dcid:country/MWI,2003,124.0
dcs:who/HEMOGLOBINLEVEL_NONPREGNANT_MEAN,dcid:country/MWI,2015,127.0
dcs:who/HEMOGLOBINLEVEL_NONPREGNANT_MEAN,dcid:country/MWI,2004,124.0
dcs:who/HEMOGLOBINLEVEL_NONPREGNANT_MEAN,dcid:country/MWI,2007,125.0
dcs:who/HEMOGLOBINLEVEL_NONPREGNANT_MEAN,dcid:country/MWI,2017,126.0
dcs:who/HEMOGLOBINLEVEL_NONPREGNANT_MEAN,dcid:country/MWI,2016,127.0
dcs:who/HEMOGLOBINLEVEL_NONPREGNANT_MEAN,dcid:country/MWI,2014,127.0
dcs:who/HEMOGLOBINLEVEL_NONPREGNANT_MEAN,dcid:country/MWI,2000,124.0
dcs:who/HEMOGLOBINLEVEL_NONPREGNANT_MEAN,dcid:country/MWI,2018,126.0
dcs:who/HEMOGLOBINLEVEL_NONPREGNANT_MEAN,dcid:country/MWI,2006,125.0
dcs:who/HEMOGLOBINLEVEL_NONPREGNANT_MEAN,dcid:country/MWI,2013,127.0
dcs:who/HEMOGLOBINLEVEL_NONPREGNANT_MEAN,dcid:country/MWI,2005,125.0
dcs:who/HEMOGLOBINLEVEL_NONPREGNANT_MEAN,dcid:country/MWI,2009,126.0
dcs:who/HEMOGLOBINLEVEL_NONPREGNANT_MEAN,dcid:country/MYS,2002,123.0
dcs:who/HEMOGLOBINLEVEL_NONPREGNANT_MEAN,dcid:country/MYS,2005,124.0
dcs:who/HEMOGLOBINLEVEL_NONPREGNANT_MEAN,dcid:country/MYS,2017,124.0
dcs:who/HEMOGLOBINLEVEL_NONPREGNANT_MEAN,dcid:country/MYS,2015,125.0
dcs:who/HEMOGLOBINLEVEL_NONPREGNANT_MEAN,dcid:country/MYS,2001,123.0
dcs:who/HEMOGLOBINLEVEL_NONPREGNANT_MEAN,dcid:country/MYS,2000,123.0
dcs:who/HEMOGLOBINLEVEL_NONPREGNANT_MEAN,dcid:country/MYS,2016,125.0
dcs:who/HEMOGLOBINLEVEL_NONPREGNANT_MEAN,dcid:country/MYS,2011,125.0
dcs:who/HEMOGLOBINLEVEL_NONPREGNANT_MEAN,dcid:country/MYS,2008,125.0
dcs:who/HEMOGLOBINLEVEL_NONPREGNANT_MEAN,dcid:country/MYS,2007,124.0
dcs:who/HEMOGLOBINLEVEL_NONPREGNANT_MEAN,dcid:country/MYS,2004,124.0
dcs:who/HEMOGLOBINLEVEL_NONPREGNANT_MEAN,dcid:country/MYS,2003,124.0
dcs:who/HEMOGLOBINLEVEL_NONPREGNANT_MEAN,dcid:country/MYS,2019,124.0
dcs:who/HEMOGLOBINLEVEL_NONPREGNANT_MEAN,dcid:country/MYS,2012,125.0
dcs:who/HEMOGLOBINLEVEL_NONPREGNANT_MEAN,dcid:country/MYS,2018,124.0
dcs:who/HEMOGLOBINLEVEL_NONPREGNANT_MEAN,dcid:country/MYS,2010,125.0
dcs:who/HEMOGLOBINLEVEL_NONPREGNANT_MEAN,dcid:country/MYS,2009,125.0
dcs:who/HEMOGLOBINLEVEL_NONPREGNANT_MEAN,dcid:country/MYS,2014,125.0
dcs:who/HEMOGLOBINLEVEL_NONPREGNANT_MEAN,dcid:country/MYS,2006,124.0
dcs:who/HEMOGLOBINLEVEL_NONPREGNANT_MEAN,dcid:country/MYS,2013,125.0
dcs:who/HEMOGLOBINLEVEL_NONPREGNANT_MEAN,dcid:country/NAM,2018,129.0
dcs:who/HEMOGLOBINLEVEL_NONPREGNANT_MEAN,dcid:country/NAM,2016,129.0
dcs:who/HEMOGLOBINLEVEL_NONPREGNANT_MEAN,dcid:country/NAM,2005,128.0
dcs:who/HEMOGLOBINLEVEL_NONPREGNANT_MEAN,dcid:country/NAM,2006,128.0
dcs:who/HEMOGLOBINLEVEL_NONPREGNANT_MEAN,dcid:country/NAM,2003,128.0
dcs:who/HEMOGLOBINLEVEL_NONPREGNANT_MEAN,dcid:country/NAM,2012,129.0
dcs:who/HEMOGLOBINLEVEL_NONPREGNANT_MEAN,dcid:country/NAM,2013,129.0
dcs:who/HEMOGLOBINLEVEL_NONPREGNANT_MEAN,dcid:country/NAM,2004,128.0
dcs:who/HEMOGLOBINLEVEL_NONPREGNANT_MEAN,dcid:country/NAM,2009,129.0
dcs:who/HEMOGLOBINLEVEL_NONPREGNANT_MEAN,dcid:country/NAM,2014,129.0
dcs:who/HEMOGLOBINLEVEL_NONPREGNANT_MEAN,dcid:country/NAM,2000,127.0
dcs:who/HEMOGLOBINLEVEL_NONPREGNANT_MEAN,dcid:country/NAM,2007,128.0
dcs:who/HEMOGLOBINLEVEL_NONPREGNANT_MEAN,dcid:country/NAM,2010,129.0
dcs:who/HEMOGLOBINLEVEL_NONPREGNANT_MEAN,dcid:country/NAM,2002,127.0
dcs:who/HEMOGLOBINLEVEL_NONPREGNANT_MEAN,dcid:country/NAM,2015,129.0
dcs:who/HEMOGLOBINLEVEL_NONPREGNANT_MEAN,dcid:country/NAM,2008,129.0
dcs:who/HEMOGLOBINLEVEL_NONPREGNANT_MEAN,dcid:country/NAM,2001,127.0
dcs:who/HEMOGLOBINLEVEL_NONPREGNANT_MEAN,dcid:country/NAM,2011,129.0
dcs:who/HEMOGLOBINLEVEL_NONPREGNANT_MEAN,dcid:country/NAM,2019,129.0
dcs:who/HEMOGLOBINLEVEL_NONPREGNANT_MEAN,dcid:country/NAM,2017,129.0
dcs:who/HEMOGLOBINLEVEL_NONPREGNANT_MEAN,dcid:country/NER,2018,119.0
dcs:who/HEMOGLOBINLEVEL_NONPREGNANT_MEAN,dcid:country/NER,2019,119.0
dcs:who/HEMOGLOBINLEVEL_NONPREGNANT_MEAN,dcid:country/NER,2004,119.0
dcs:who/HEMOGLOBINLEVEL_NONPREGNANT_MEAN,dcid:country/NER,2013,119.0
dcs:who/HEMOGLOBINLEVEL_NONPREGNANT_MEAN,dcid:country/NER,2000,118.0
dcs:who/HEMOGLOBINLEVEL_NONPREGNANT_MEAN,dcid:country/NER,2008,119.0
dcs:who/HEMOGLOBINLEVEL_NONPREGNANT_MEAN,dcid:country/NER,2007,119.0
dcs:who/HEMOGLOBINLEVEL_NONPREGNANT_MEAN,dcid:country/NER,2010,119.0
dcs:who/HEMOGLOBINLEVEL_NONPREGNANT_MEAN,dcid:country/NER,2003,119.0
dcs:who/HEMOGLOBINLEVEL_NONPREGNANT_MEAN,dcid:country/NER,2009,119.0
dcs:who/HEMOGLOBINLEVEL_NONPREGNANT_MEAN,dcid:country/NER,2002,119.0
dcs:who/HEMOGLOBINLEVEL_NONPREGNANT_MEAN,dcid:country/NER,2015,119.0
dcs:who/HEMOGLOBINLEVEL_NONPREGNANT_MEAN,dcid:country/NER,2001,118.0
dcs:who/HEMOGLOBINLEVEL_NONPREGNANT_MEAN,dcid:country/NER,2005,119.0
dcs:who/HEMOGLOBINLEVEL_NONPREGNANT_MEAN,dcid:country/NER,2017,119.0
dcs:who/HEMOGLOBINLEVEL_NONPREGNANT_MEAN,dcid:country/NER,2006,119.0
dcs:who/HEMOGLOBINLEVEL_NONPREGNANT_MEAN,dcid:country/NER,2014,119.0
dcs:who/HEMOGLOBINLEVEL_NONPREGNANT_MEAN,dcid:country/NER,2016,119.0
dcs:who/HEMOGLOBINLEVEL_NONPREGNANT_MEAN,dcid:country/NER,2012,119.0
dcs:who/HEMOGLOBINLEVEL_NONPREGNANT_MEAN,dcid:country/NER,2011,119.0
dcs:who/HEMOGLOBINLEVEL_NONPREGNANT_MEAN,dcid:country/NGA,2006,116.0
dcs:who/HEMOGLOBINLEVEL_NONPREGNANT_MEAN,dcid:country/NGA,2005,116.0
dcs:who/HEMOGLOBINLEVEL_NONPREGNANT_MEAN,dcid:country/NGA,2001,115.0
dcs:who/HEMOGLOBINLEVEL_NONPREGNANT_MEAN,dcid:country/NGA,2015,117.0
dcs:who/HEMOGLOBINLEVEL_NONPREGNANT_MEAN,dcid:country/NGA,2019,117.0
dcs:who/HEMOGLOBINLEVEL_NONPREGNANT_MEAN,dcid:country/NGA,2011,117.0
dcs:who/HEMOGLOBINLEVEL_NONPREGNANT_MEAN,dcid:country/NGA,2000,115.0
dcs:who/HEMOGLOBINLEVEL_NONPREGNANT_MEAN,dcid:country/NGA,2003,116.0
dcs:who/HEMOGLOBINLEVEL_NONPREGNANT_MEAN,dcid:country/NGA,2014,117.0
dcs:who/HEMOGLOBINLEVEL_NONPREGNANT_MEAN,dcid:country/NGA,2017,117.0
dcs:who/HEMOGLOBINLEVEL_NONPREGNANT_MEAN,dcid:country/NGA,2013,117.0
dcs:who/HEMOGLOBINLEVEL_NONPREGNANT_MEAN,dcid:country/NGA,2012,117.0
dcs:who/HEMOGLOBINLEVEL_NONPREGNANT_MEAN,dcid:country/NGA,2007,117.0
dcs:who/HEMOGLOBINLEVEL_NONPREGNANT_MEAN,dcid:country/NGA,2002,116.0
dcs:who/HEMOGLOBINLEVEL_NONPREGNANT_MEAN,dcid:country/NGA,2010,117.0
dcs:who/HEMOGLOBINLEVEL_NONPREGNANT_MEAN,dcid:country/NGA,2004,116.0
dcs:who/HEMOGLOBINLEVEL_NONPREGNANT_MEAN,dcid:country/NGA,2016,117.0
dcs:who/HEMOGLOBINLEVEL_NONPREGNANT_MEAN,dcid:country/NGA,2008,117.0
dcs:who/HEMOGLOBINLEVEL_NONPREGNANT_MEAN,dcid:country/NGA,2009,117.0
dcs:who/HEMOGLOBINLEVEL_NONPREGNANT_MEAN,dcid:country/NGA,2018,117.0
dcs:who/HEMOGLOBINLEVEL_NONPREGNANT_MEAN,dcid:country/NIC,2001,130.0
dcs:who/HEMOGLOBINLEVEL_NONPREGNANT_MEAN,dcid:country/NIC,2013,133.0
dcs:who/HEMOGLOBINLEVEL_NONPREGNANT_MEAN,dcid:country/NIC,2005,131.0
dcs:who/HEMOGLOBINLEVEL_NONPREGNANT_MEAN,dcid:country/NIC,2003,131.0
dcs:who/HEMOGLOBINLEVEL_NONPREGNANT_MEAN,dcid:country/NIC,2018,132.0
dcs:who/HEMOGLOBINLEVEL_NONPREGNANT_MEAN,dcid:country/NIC,2011,132.0
dcs:who/HEMOGLOBINLEVEL_NONPREGNANT_MEAN,dcid:country/NIC,2009,132.0
dcs:who/HEMOGLOBINLEVEL_NONPREGNANT_MEAN,dcid:country/NIC,2010,132.0
dcs:who/HEMOGLOBINLEVEL_NONPREGNANT_MEAN,dcid:country/NIC,2004,131.0
dcs:who/HEMOGLOBINLEVEL_NONPREGNANT_MEAN,dcid:country/NIC,2007,132.0
dcs:who/HEMOGLOBINLEVEL_NONPREGNANT_MEAN,dcid:country/NIC,2019,132.0
dcs:who/HEMOGLOBINLEVEL_NONPREGNANT_MEAN,dcid:country/NIC,2008,132.0
dcs:who/HEMOGLOBINLEVEL_NONPREGNANT_MEAN,dcid:country/NIC,2015,132.0
dcs:who/HEMOGLOBINLEVEL_NONPREGNANT_MEAN,dcid:country/NIC,2016,132.0
dcs:who/HEMOGLOBINLEVEL_NONPREGNANT_MEAN,dcid:country/NIC,2014,133.0
dcs:who/HEMOGLOBINLEVEL_NONPREGNANT_MEAN,dcid:country/NIC,2012,132.0
dcs:who/HEMOGLOBINLEVEL_NONPREGNANT_MEAN,dcid:country/NIC,2006,131.0
dcs:who/HEMOGLOBINLEVEL_NONPREGNANT_MEAN,dcid:country/NIC,2002,130.0
dcs:who/HEMOGLOBINLEVEL_NONPREGNANT_MEAN,dcid:country/NIC,2000,129.0
dcs:who/HEMOGLOBINLEVEL_NONPREGNANT_MEAN,dcid:country/NIC,2017,132.0
dcs:who/HEMOGLOBINLEVEL_NONPREGNANT_MEAN,dcid:country/NIU,2001,127.0
dcs:who/HEMOGLOBINLEVEL_NONPREGNANT_MEAN,dcid:country/NIU,2012,127.0
dcs:who/HEMOGLOBINLEVEL_NONPREGNANT_MEAN,dcid:country/NIU,2002,127.0
dcs:who/HEMOGLOBINLEVEL_NONPREGNANT_MEAN,dcid:country/NIU,2005,127.0
dcs:who/HEMOGLOBINLEVEL_NONPREGNANT_MEAN,dcid:country/NIU,2015,127.0
dcs:who/HEMOGLOBINLEVEL_NONPREGNANT_MEAN,dcid:country/NIU,2009,128.0
dcs:who/HEMOGLOBINLEVEL_NONPREGNANT_MEAN,dcid:country/NIU,2013,127.0
dcs:who/HEMOGLOBINLEVEL_NONPREGNANT_MEAN,dcid:country/NIU,2016,127.0
dcs:who/HEMOGLOBINLEVEL_NONPREGNANT_MEAN,dcid:country/NIU,2008,127.0
dcs:who/HEMOGLOBINLEVEL_NONPREGNANT_MEAN,dcid:country/NIU,2019,127.0
dcs:who/HEMOGLOBINLEVEL_NONPREGNANT_MEAN,dcid:country/NIU,2018,127.0
dcs:who/HEMOGLOBINLEVEL_NONPREGNANT_MEAN,dcid:country/NIU,2007,127.0
dcs:who/HEMOGLOBINLEVEL_NONPREGNANT_MEAN,dcid:country/NIU,2011,127.0
dcs:who/HEMOGLOBINLEVEL_NONPREGNANT_MEAN,dcid:country/NIU,2000,127.0
dcs:who/HEMOGLOBINLEVEL_NONPREGNANT_MEAN,dcid:country/NIU,2006,127.0
dcs:who/HEMOGLOBINLEVEL_NONPREGNANT_MEAN,dcid:country/NIU,2017,127.0
dcs:who/HEMOGLOBINLEVEL_NONPREGNANT_MEAN,dcid:country/NIU,2004,127.0
dcs:who/HEMOGLOBINLEVEL_NONPREGNANT_MEAN,dcid:country/NIU,2010,128.0
dcs:who/HEMOGLOBINLEVEL_NONPREGNANT_MEAN,dcid:country/NIU,2003,127.0
dcs:who/HEMOGLOBINLEVEL_NONPREGNANT_MEAN,dcid:country/NIU,2014,127.0
dcs:who/HEMOGLOBINLEVEL_NONPREGNANT_MEAN,dcid:country/NLD,2016,131.0
dcs:who/HEMOGLOBINLEVEL_NONPREGNANT_MEAN,dcid:country/NLD,2011,132.0
dcs:who/HEMOGLOBINLEVEL_NONPREGNANT_MEAN,dcid:country/NLD,2015,132.0
dcs:who/HEMOGLOBINLEVEL_NONPREGNANT_MEAN,dcid:country/NLD,2002,132.0
dcs:who/HEMOGLOBINLEVEL_NONPREGNANT_MEAN,dcid:country/NLD,2000,132.0
dcs:who/HEMOGLOBINLEVEL_NONPREGNANT_MEAN,dcid:country/NLD,2012,132.0
dcs:who/HEMOGLOBINLEVEL_NONPREGNANT_MEAN,dcid:country/NLD,2010,132.0
dcs:who/HEMOGLOBINLEVEL_NONPREGNANT_MEAN,dcid:country/NLD,2001,132.0
dcs:who/HEMOGLOBINLEVEL_NONPREGNANT_MEAN,dcid:country/NLD,2007,132.0
dcs:who/HEMOGLOBINLEVEL_NONPREGNANT_MEAN,dcid:country/NLD,2005,132.0
dcs:who/HEMOGLOBINLEVEL_NONPREGNANT_MEAN,dcid:country/NLD,2006,132.0
dcs:who/HEMOGLOBINLEVEL_NONPREGNANT_MEAN,dcid:country/NLD,2004,132.0
dcs:who/HEMOGLOBINLEVEL_NONPREGNANT_MEAN,dcid:country/NLD,2019,131.0
dcs:who/HEMOGLOBINLEVEL_NONPREGNANT_MEAN,dcid:country/NLD,2013,132.0
dcs:who/HEMOGLOBINLEVEL_NONPREGNANT_MEAN,dcid:country/NLD,2009,132.0
dcs:who/HEMOGLOBINLEVEL_NONPREGNANT_MEAN,dcid:country/NLD,2017,131.0
dcs:who/HEMOGLOBINLEVEL_NONPREGNANT_MEAN,dcid:country/NLD,2003,132.0
dcs:who/HEMOGLOBINLEVEL_NONPREGNANT_MEAN,dcid:country/NLD,2014,132.0
dcs:who/HEMOGLOBINLEVEL_NONPREGNANT_MEAN,dcid:country/NLD,2018,131.0
dcs:who/HEMOGLOBINLEVEL_NONPREGNANT_MEAN,dcid:country/NLD,2008,132.0
dcs:who/HEMOGLOBINLEVEL_NONPREGNANT_MEAN,dcid:country/NOR,2008,132.0
dcs:who/HEMOGLOBINLEVEL_NONPREGNANT_MEAN,dcid:country/NOR,2017,132.0
dcs:who/HEMOGLOBINLEVEL_NONPREGNANT_MEAN,dcid:country/NOR,2013,132.0
dcs:who/HEMOGLOBINLEVEL_NONPREGNANT_MEAN,dcid:country/NOR,2004,132.0
dcs:who/HEMOGLOBINLEVEL_NONPREGNANT_MEAN,dcid:country/NOR,2009,132.0
dcs:who/HEMOGLOBINLEVEL_NONPREGNANT_MEAN,dcid:country/NOR,2014,132.0
dcs:who/HEMOGLOBINLEVEL_NONPREGNANT_MEAN,dcid:country/NOR,2003,132.0
dcs:who/HEMOGLOBINLEVEL_NONPREGNANT_MEAN,dcid:country/NOR,2019,131.0
dcs:who/HEMOGLOBINLEVEL_NONPREGNANT_MEAN,dcid:country/NOR,2015,132.0
dcs:who/HEMOGLOBINLEVEL_NONPREGNANT_MEAN,dcid:country/NOR,2007,132.0
dcs:who/HEMOGLOBINLEVEL_NONPREGNANT_MEAN,dcid:country/NOR,2016,132.0
dcs:who/HEMOGLOBINLEVEL_NONPREGNANT_MEAN,dcid:country/NOR,2002,132.0
dcs:who/HEMOGLOBINLEVEL_NONPREGNANT_MEAN,dcid:country/NOR,2005,132.0
dcs:who/HEMOGLOBINLEVEL_NONPREGNANT_MEAN,dcid:country/NOR,2001,132.0
dcs:who/HEMOGLOBINLEVEL_NONPREGNANT_MEAN,dcid:country/NOR,2000,132.0
dcs:who/HEMOGLOBINLEVEL_NONPREGNANT_MEAN,dcid:country/NOR,2006,132.0
dcs:who/HEMOGLOBINLEVEL_NONPREGNANT_MEAN,dcid:country/NOR,2010,132.0
dcs:who/HEMOGLOBINLEVEL_NONPREGNANT_MEAN,dcid:country/NOR,2011,132.0
dcs:who/HEMOGLOBINLEVEL_NONPREGNANT_MEAN,dcid:country/NOR,2012,132.0
dcs:who/HEMOGLOBINLEVEL_NONPREGNANT_MEAN,dcid:country/NOR,2018,132.0
dcs:who/HEMOGLOBINLEVEL_NONPREGNANT_MEAN,dcid:country/NPL,2012,124.0
dcs:who/HEMOGLOBINLEVEL_NONPREGNANT_MEAN,dcid:country/NPL,2003,122.0
dcs:who/HEMOGLOBINLEVEL_NONPREGNANT_MEAN,dcid:country/NPL,2002,122.0
dcs:who/HEMOGLOBINLEVEL_NONPREGNANT_MEAN,dcid:country/NPL,2019,124.0
dcs:who/HEMOGLOBINLEVEL_NONPREGNANT_MEAN,dcid:country/NPL,2001,121.0
dcs:who/HEMOGLOBINLEVEL_NONPREGNANT_MEAN,dcid:country/NPL,2017,124.0
dcs:who/HEMOGLOBINLEVEL_NONPREGNANT_MEAN,dcid:country/NPL,2013,124.0
dcs:who/HEMOGLOBINLEVEL_NONPREGNANT_MEAN,dcid:country/NPL,2006,123.0
dcs:who/HEMOGLOBINLEVEL_NONPREGNANT_MEAN,dcid:country/NPL,2000,121.0
dcs:who/HEMOGLOBINLEVEL_NONPREGNANT_MEAN,dcid:country/NPL,2009,124.0
dcs:who/HEMOGLOBINLEVEL_NONPREGNANT_MEAN,dcid:country/NPL,2007,123.0
dcs:who/HEMOGLOBINLEVEL_NONPREGNANT_MEAN,dcid:country/NPL,2010,124.0
dcs:who/HEMOGLOBINLEVEL_NONPREGNANT_MEAN,dcid:country/NPL,2008,124.0
dcs:who/HEMOGLOBINLEVEL_NONPREGNANT_MEAN,dcid:country/NPL,2011,124.0
dcs:who/HEMOGLOBINLEVEL_NONPREGNANT_MEAN,dcid:country/NPL,2004,123.0
dcs:who/HEMOGLOBINLEVEL_NONPREGNANT_MEAN,dcid:country/NPL,2005,123.0
dcs:who/HEMOGLOBINLEVEL_NONPREGNANT_MEAN,dcid:country/NPL,2015,124.0
dcs:who/HEMOGLOBINLEVEL_NONPREGNANT_MEAN,dcid:country/NPL,2018,124.0
dcs:who/HEMOGLOBINLEVEL_NONPREGNANT_MEAN,dcid:country/NPL,2016,124.0
dcs:who/HEMOGLOBINLEVEL_NONPREGNANT_MEAN,dcid:country/NPL,2014,124.0
dcs:who/HEMOGLOBINLEVEL_NONPREGNANT_MEAN,dcid:country/NRU,2004,126.0
dcs:who/HEMOGLOBINLEVEL_NONPREGNANT_MEAN,dcid:country/NRU,2005,126.0
dcs:who/HEMOGLOBINLEVEL_NONPREGNANT_MEAN,dcid:country/NRU,2010,126.0
dcs:who/HEMOGLOBINLEVEL_NONPREGNANT_MEAN,dcid:country/NRU,2011,126.0
dcs:who/HEMOGLOBINLEVEL_NONPREGNANT_MEAN,dcid:country/NRU,2006,126.0
dcs:who/HEMOGLOBINLEVEL_NONPREGNANT_MEAN,dcid:country/NRU,2009,126.0
dcs:who/HEMOGLOBINLEVEL_NONPREGNANT_MEAN,dcid:country/NRU,2013,126.0
dcs:who/HEMOGLOBINLEVEL_NONPREGNANT_MEAN,dcid:country/NRU,2001,127.0
dcs:who/HEMOGLOBINLEVEL_NONPREGNANT_MEAN,dcid:country/NRU,2016,126.0
dcs:who/HEMOGLOBINLEVEL_NONPREGNANT_MEAN,dcid:country/NRU,2003,127.0
dcs:who/HEMOGLOBINLEVEL_NONPREGNANT_MEAN,dcid:country/NRU,2007,126.0
dcs:who/HEMOGLOBINLEVEL_NONPREGNANT_MEAN,dcid:country/NRU,2019,126.0
dcs:who/HEMOGLOBINLEVEL_NONPREGNANT_MEAN,dcid:country/NRU,2002,127.0
dcs:who/HEMOGLOBINLEVEL_NONPREGNANT_MEAN,dcid:country/NRU,2017,126.0
dcs:who/HEMOGLOBINLEVEL_NONPREGNANT_MEAN,dcid:country/NRU,2015,126.0
dcs:who/HEMOGLOBINLEVEL_NONPREGNANT_MEAN,dcid:country/NRU,2008,126.0
dcs:who/HEMOGLOBINLEVEL_NONPREGNANT_MEAN,dcid:country/NRU,2012,126.0
dcs:who/HEMOGLOBINLEVEL_NONPREGNANT_MEAN,dcid:country/NRU,2018,126.0
dcs:who/HEMOGLOBINLEVEL_NONPREGNANT_MEAN,dcid:country/NRU,2000,127.0
dcs:who/HEMOGLOBINLEVEL_NONPREGNANT_MEAN,dcid:country/NRU,2014,126.0
dcs:who/HEMOGLOBINLEVEL_NONPREGNANT_MEAN,dcid:country/NZL,2015,132.0
dcs:who/HEMOGLOBINLEVEL_NONPREGNANT_MEAN,dcid:country/NZL,2003,133.0
dcs:who/HEMOGLOBINLEVEL_NONPREGNANT_MEAN,dcid:country/NZL,2007,133.0
dcs:who/HEMOGLOBINLEVEL_NONPREGNANT_MEAN,dcid:country/NZL,2018,132.0
dcs:who/HEMOGLOBINLEVEL_NONPREGNANT_MEAN,dcid:country/NZL,2002,133.0
dcs:who/HEMOGLOBINLEVEL_NONPREGNANT_MEAN,dcid:country/NZL,2011,133.0
dcs:who/HEMOGLOBINLEVEL_NONPREGNANT_MEAN,dcid:country/NZL,2004,133.0
dcs:who/HEMOGLOBINLEVEL_NONPREGNANT_MEAN,dcid:country/NZL,2017,132.0
dcs:who/HEMOGLOBINLEVEL_NONPREGNANT_MEAN,dcid:country/NZL,2008,133.0
dcs:who/HEMOGLOBINLEVEL_NONPREGNANT_MEAN,dcid:country/NZL,2012,132.0
dcs:who/HEMOGLOBINLEVEL_NONPREGNANT_MEAN,dcid:country/NZL,2016,132.0
dcs:who/HEMOGLOBINLEVEL_NONPREGNANT_MEAN,dcid:country/NZL,2001,133.0
dcs:who/HEMOGLOBINLEVEL_NONPREGNANT_MEAN,dcid:country/NZL,2010,133.0
dcs:who/HEMOGLOBINLEVEL_NONPREGNANT_MEAN,dcid:country/NZL,2005,133.0
dcs:who/HEMOGLOBINLEVEL_NONPREGNANT_MEAN,dcid:country/NZL,2019,132.0
dcs:who/HEMOGLOBINLEVEL_NONPREGNANT_MEAN,dcid:country/NZL,2009,133.0
dcs:who/HEMOGLOBINLEVEL_NONPREGNANT_MEAN,dcid:country/NZL,2014,132.0
dcs:who/HEMOGLOBINLEVEL_NONPREGNANT_MEAN,dcid:country/NZL,2000,134.0
dcs:who/HEMOGLOBINLEVEL_NONPREGNANT_MEAN,dcid:country/NZL,2013,132.0
dcs:who/HEMOGLOBINLEVEL_NONPREGNANT_MEAN,dcid:country/NZL,2006,133.0
dcs:who/HEMOGLOBINLEVEL_NONPREGNANT_MEAN,dcid:country/OMN,2005,124.0
dcs:who/HEMOGLOBINLEVEL_NONPREGNANT_MEAN,dcid:country/OMN,2001,123.0
dcs:who/HEMOGLOBINLEVEL_NONPREGNANT_MEAN,dcid:country/OMN,2004,124.0
dcs:who/HEMOGLOBINLEVEL_NONPREGNANT_MEAN,dcid:country/OMN,2011,126.0
dcs:who/HEMOGLOBINLEVEL_NONPREGNANT_MEAN,dcid:country/OMN,2019,126.0
dcs:who/HEMOGLOBINLEVEL_NONPREGNANT_MEAN,dcid:country/OMN,2017,126.0
dcs:who/HEMOGLOBINLEVEL_NONPREGNANT_MEAN,dcid:country/OMN,2016,126.0
dcs:who/HEMOGLOBINLEVEL_NONPREGNANT_MEAN,dcid:country/OMN,2010,126.0
dcs:who/HEMOGLOBINLEVEL_NONPREGNANT_MEAN,dcid:country/OMN,2000,123.0
dcs:who/HEMOGLOBINLEVEL_NONPREGNANT_MEAN,dcid:country/OMN,2014,126.0
dcs:who/HEMOGLOBINLEVEL_NONPREGNANT_MEAN,dcid:country/OMN,2002,124.0
dcs:who/HEMOGLOBINLEVEL_NONPREGNANT_MEAN,dcid:country/OMN,2009,126.0
dcs:who/HEMOGLOBINLEVEL_NONPREGNANT_MEAN,dcid:country/OMN,2018,126.0
dcs:who/HEMOGLOBINLEVEL_NONPREGNANT_MEAN,dcid:country/OMN,2013,126.0
dcs:who/HEMOGLOBINLEVEL_NONPREGNANT_MEAN,dcid:country/OMN,2007,125.0
dcs:who/HEMOGLOBINLEVEL_NONPREGNANT_MEAN,dcid:country/OMN,2006,125.0
dcs:who/HEMOGLOBINLEVEL_NONPREGNANT_MEAN,dcid:country/OMN,2015,126.0
dcs:who/HEMOGLOBINLEVEL_NONPREGNANT_MEAN,dcid:country/OMN,2008,125.0
dcs:who/HEMOGLOBINLEVEL_NONPREGNANT_MEAN,dcid:country/OMN,2003,124.0
dcs:who/HEMOGLOBINLEVEL_NONPREGNANT_MEAN,dcid:country/OMN,2012,126.0
dcs:who/HEMOGLOBINLEVEL_NONPREGNANT_MEAN,dcid:country/PAK,2014,121.0
dcs:who/HEMOGLOBINLEVEL_NONPREGNANT_MEAN,dcid:country/PAK,2011,120.0
dcs:who/HEMOGLOBINLEVEL_NONPREGNANT_MEAN,dcid:country/PAK,2003,121.0
dcs:who/HEMOGLOBINLEVEL_NONPREGNANT_MEAN,dcid:country/PAK,2018,121.0
dcs:who/HEMOGLOBINLEVEL_NONPREGNANT_MEAN,dcid:country/PAK,2004,121.0
dcs:who/HEMOGLOBINLEVEL_NONPREGNANT_MEAN,dcid:country/PAK,2017,121.0
dcs:who/HEMOGLOBINLEVEL_NONPREGNANT_MEAN,dcid:country/PAK,2012,121.0
dcs:who/HEMOGLOBINLEVEL_NONPREGNANT_MEAN,dcid:country/PAK,2013,121.0
dcs:who/HEMOGLOBINLEVEL_NONPREGNANT_MEAN,dcid:country/PAK,2005,121.0
dcs:who/HEMOGLOBINLEVEL_NONPREGNANT_MEAN,dcid:country/PAK,2008,121.0
dcs:who/HEMOGLOBINLEVEL_NONPREGNANT_MEAN,dcid:country/PAK,2001,121.0
dcs:who/HEMOGLOBINLEVEL_NONPREGNANT_MEAN,dcid:country/PAK,2010,121.0
dcs:who/HEMOGLOBINLEVEL_NONPREGNANT_MEAN,dcid:country/PAK,2000,121.0
dcs:who/HEMOGLOBINLEVEL_NONPREGNANT_MEAN,dcid:country/PAK,2002,121.0
dcs:who/HEMOGLOBINLEVEL_NONPREGNANT_MEAN,dcid:country/PAK,2016,121.0
dcs:who/HEMOGLOBINLEVEL_NONPREGNANT_MEAN,dcid:country/PAK,2006,121.0
dcs:who/HEMOGLOBINLEVEL_NONPREGNANT_MEAN,dcid:country/PAK,2007,121.0
dcs:who/HEMOGLOBINLEVEL_NONPREGNANT_MEAN,dcid:country/PAK,2015,121.0
dcs:who/HEMOGLOBINLEVEL_NONPREGNANT_MEAN,dcid:country/PAK,2009,121.0
dcs:who/HEMOGLOBINLEVEL_NONPREGNANT_MEAN,dcid:country/PAK,2019,121.0
dcs:who/HEMOGLOBINLEVEL_NONPREGNANT_MEAN,dcid:country/PAN,2017,129.0
dcs:who/HEMOGLOBINLEVEL_NONPREGNANT_MEAN,dcid:country/PAN,2012,129.0
dcs:who/HEMOGLOBINLEVEL_NONPREGNANT_MEAN,dcid:country/PAN,2013,129.0
dcs:who/HEMOGLOBINLEVEL_NONPREGNANT_MEAN,dcid:country/PAN,2009,128.0
dcs:who/HEMOGLOBINLEVEL_NONPREGNANT_MEAN,dcid:country/PAN,2008,128.0
dcs:who/HEMOGLOBINLEVEL_NONPREGNANT_MEAN,dcid:country/PAN,2011,129.0
dcs:who/HEMOGLOBINLEVEL_NONPREGNANT_MEAN,dcid:country/PAN,2010,128.0
dcs:who/HEMOGLOBINLEVEL_NONPREGNANT_MEAN,dcid:country/PAN,2005,127.0
dcs:who/HEMOGLOBINLEVEL_NONPREGNANT_MEAN,dcid:country/PAN,2014,129.0
dcs:who/HEMOGLOBINLEVEL_NONPREGNANT_MEAN,dcid:country/PAN,2007,128.0
dcs:who/HEMOGLOBINLEVEL_NONPREGNANT_MEAN,dcid:country/PAN,2003,127.0
dcs:who/HEMOGLOBINLEVEL_NONPREGNANT_MEAN,dcid:country/PAN,2016,129.0
dcs:who/HEMOGLOBINLEVEL_NONPREGNANT_MEAN,dcid:country/PAN,2000,126.0
dcs:who/HEMOGLOBINLEVEL_NONPREGNANT_MEAN,dcid:country/PAN,2018,129.0
dcs:who/HEMOGLOBINLEVEL_NONPREGNANT_MEAN,dcid:country/PAN,2001,127.0
dcs:who/HEMOGLOBINLEVEL_NONPREGNANT_MEAN,dcid:country/PAN,2004,127.0
dcs:who/HEMOGLOBINLEVEL_NONPREGNANT_MEAN,dcid:country/PAN,2006,127.0
dcs:who/HEMOGLOBINLEVEL_NONPREGNANT_MEAN,dcid:country/PAN,2002,127.0
dcs:who/HEMOGLOBINLEVEL_NONPREGNANT_MEAN,dcid:country/PAN,2019,129.0
dcs:who/HEMOGLOBINLEVEL_NONPREGNANT_MEAN,dcid:country/PAN,2015,129.0
dcs:who/HEMOGLOBINLEVEL_NONPREGNANT_MEAN,dcid:country/PER,2010,129.0
dcs:who/HEMOGLOBINLEVEL_NONPREGNANT_MEAN,dcid:country/PER,2000,125.0
dcs:who/HEMOGLOBINLEVEL_NONPREGNANT_MEAN,dcid:country/PER,2016,129.0
dcs:who/HEMOGLOBINLEVEL_NONPREGNANT_MEAN,dcid:country/PER,2008,128.0
dcs:who/HEMOGLOBINLEVEL_NONPREGNANT_MEAN,dcid:country/PER,2014,129.0
dcs:who/HEMOGLOBINLEVEL_NONPREGNANT_MEAN,dcid:country/PER,2002,126.0
dcs:who/HEMOGLOBINLEVEL_NONPREGNANT_MEAN,dcid:country/PER,2009,129.0
dcs:who/HEMOGLOBINLEVEL_NONPREGNANT_MEAN,dcid:country/PER,2013,129.0
dcs:who/HEMOGLOBINLEVEL_NONPREGNANT_MEAN,dcid:country/PER,2012,129.0
dcs:who/HEMOGLOBINLEVEL_NONPREGNANT_MEAN,dcid:country/PER,2004,127.0
dcs:who/HEMOGLOBINLEVEL_NONPREGNANT_MEAN,dcid:country/PER,2007,128.0
dcs:who/HEMOGLOBINLEVEL_NONPREGNANT_MEAN,dcid:country/PER,2006,127.0
dcs:who/HEMOGLOBINLEVEL_NONPREGNANT_MEAN,dcid:country/PER,2019,129.0
dcs:who/HEMOGLOBINLEVEL_NONPREGNANT_MEAN,dcid:country/PER,2005,127.0
dcs:who/HEMOGLOBINLEVEL_NONPREGNANT_MEAN,dcid:country/PER,2003,126.0
dcs:who/HEMOGLOBINLEVEL_NONPREGNANT_MEAN,dcid:country/PER,2011,129.0
dcs:who/HEMOGLOBINLEVEL_NONPREGNANT_MEAN,dcid:country/PER,2018,129.0
dcs:who/HEMOGLOBINLEVEL_NONPREGNANT_MEAN,dcid:country/PER,2017,129.0
dcs:who/HEMOGLOBINLEVEL_NONPREGNANT_MEAN,dcid:country/PER,2015,129.0
dcs:who/HEMOGLOBINLEVEL_NONPREGNANT_MEAN,dcid:country/PER,2001,125.0
dcs:who/HEMOGLOBINLEVEL_NONPREGNANT_MEAN,dcid:country/PHL,2000,127.0
dcs:who/HEMOGLOBINLEVEL_NONPREGNANT_MEAN,dcid:country/PHL,2009,129.0
dcs:who/HEMOGLOBINLEVEL_NONPREGNANT_MEAN,dcid:country/PHL,2004,128.0
dcs:who/HEMOGLOBINLEVEL_NONPREGNANT_MEAN,dcid:country/PHL,2013,131.0
dcs:who/HEMOGLOBINLEVEL_NONPREGNANT_MEAN,dcid:country/PHL,2017,131.0
dcs:who/HEMOGLOBINLEVEL_NONPREGNANT_MEAN,dcid:country/PHL,2001,127.0
dcs:who/HEMOGLOBINLEVEL_NONPREGNANT_MEAN,dcid:country/PHL,2008,129.0
dcs:who/HEMOGLOBINLEVEL_NONPREGNANT_MEAN,dcid:country/PHL,2014,131.0
dcs:who/HEMOGLOBINLEVEL_NONPREGNANT_MEAN,dcid:country/PHL,2018,132.0
dcs:who/HEMOGLOBINLEVEL_NONPREGNANT_MEAN,dcid:country/PHL,2010,130.0
dcs:who/HEMOGLOBINLEVEL_NONPREGNANT_MEAN,dcid:country/PHL,2011,130.0
dcs:who/HEMOGLOBINLEVEL_NONPREGNANT_MEAN,dcid:country/PHL,2007,129.0
dcs:who/HEMOGLOBINLEVEL_NONPREGNANT_MEAN,dcid:country/PHL,2006,128.0
dcs:who/HEMOGLOBINLEVEL_NONPREGNANT_MEAN,dcid:country/PHL,2019,132.0
dcs:who/HEMOGLOBINLEVEL_NONPREGNANT_MEAN,dcid:country/PHL,2002,128.0
dcs:who/HEMOGLOBINLEVEL_NONPREGNANT_MEAN,dcid:country/PHL,2003,128.0
dcs:who/HEMOGLOBINLEVEL_NONPREGNANT_MEAN,dcid:country/PHL,2012,130.0
dcs:who/HEMOGLOBINLEVEL_NONPREGNANT_MEAN,dcid:country/PHL,2015,131.0
dcs:who/HEMOGLOBINLEVEL_NONPREGNANT_MEAN,dcid:country/PHL,2016,131.0
dcs:who/HEMOGLOBINLEVEL_NONPREGNANT_MEAN,dcid:country/PHL,2005,128.0
dcs:who/HEMOGLOBINLEVEL_NONPREGNANT_MEAN,dcid:country/PLW,2018,126.0
dcs:who/HEMOGLOBINLEVEL_NONPREGNANT_MEAN,dcid:country/PLW,2015,127.0
dcs:who/HEMOGLOBINLEVEL_NONPREGNANT_MEAN,dcid:country/PLW,2002,127.0
dcs:who/HEMOGLOBINLEVEL_NONPREGNANT_MEAN,dcid:country/PLW,2001,127.0
dcs:who/HEMOGLOBINLEVEL_NONPREGNANT_MEAN,dcid:country/PLW,2007,127.0
dcs:who/HEMOGLOBINLEVEL_NONPREGNANT_MEAN,dcid:country/PLW,2011,127.0
dcs:who/HEMOGLOBINLEVEL_NONPREGNANT_MEAN,dcid:country/PLW,2000,127.0
dcs:who/HEMOGLOBINLEVEL_NONPREGNANT_MEAN,dcid:country/PLW,2019,126.0
dcs:who/HEMOGLOBINLEVEL_NONPREGNANT_MEAN,dcid:country/PLW,2005,127.0
dcs:who/HEMOGLOBINLEVEL_NONPREGNANT_MEAN,dcid:country/PLW,2009,127.0
dcs:who/HEMOGLOBINLEVEL_NONPREGNANT_MEAN,dcid:country/PLW,2006,127.0
dcs:who/HEMOGLOBINLEVEL_NONPREGNANT_MEAN,dcid:country/PLW,2010,127.0
dcs:who/HEMOGLOBINLEVEL_NONPREGNANT_MEAN,dcid:country/PLW,2003,127.0
dcs:who/HEMOGLOBINLEVEL_NONPREGNANT_MEAN,dcid:country/PLW,2008,127.0
dcs:who/HEMOGLOBINLEVEL_NONPREGNANT_MEAN,dcid:country/PLW,2013,127.0
dcs:who/HEMOGLOBINLEVEL_NONPREGNANT_MEAN,dcid:country/PLW,2004,127.0
dcs:who/HEMOGLOBINLEVEL_NONPREGNANT_MEAN,dcid:country/PLW,2012,127.0
dcs:who/HEMOGLOBINLEVEL_NONPREGNANT_MEAN,dcid:country/PLW,2017,126.0
dcs:who/HEMOGLOBINLEVEL_NONPREGNANT_MEAN,dcid:country/PLW,2014,127.0
dcs:who/HEMOGLOBINLEVEL_NONPREGNANT_MEAN,dcid:country/PLW,2016,126.0
dcs:who/HEMOGLOBINLEVEL_NONPREGNANT_MEAN,dcid:country/PNG,2004,126.0
dcs:who/HEMOGLOBINLEVEL_NONPREGNANT_MEAN,dcid:country/PNG,2009,126.0
dcs:who/HEMOGLOBINLEVEL_NONPREGNANT_MEAN,dcid:country/PNG,2015,126.0
dcs:who/HEMOGLOBINLEVEL_NONPREGNANT_MEAN,dcid:country/PNG,2005,126.0
dcs:who/HEMOGLOBINLEVEL_NONPREGNANT_MEAN,dcid:country/PNG,2013,126.0
dcs:who/HEMOGLOBINLEVEL_NONPREGNANT_MEAN,dcid:country/PNG,2006,126.0
dcs:who/HEMOGLOBINLEVEL_NONPREGNANT_MEAN,dcid:country/PNG,2002,126.0
dcs:who/HEMOGLOBINLEVEL_NONPREGNANT_MEAN,dcid:country/PNG,2008,126.0
dcs:who/HEMOGLOBINLEVEL_NONPREGNANT_MEAN,dcid:country/PNG,2011,126.0
dcs:who/HEMOGLOBINLEVEL_NONPREGNANT_MEAN,dcid:country/PNG,2003,126.0
dcs:who/HEMOGLOBINLEVEL_NONPREGNANT_MEAN,dcid:country/PNG,2018,125.0
dcs:who/HEMOGLOBINLEVEL_NONPREGNANT_MEAN,dcid:country/PNG,2014,126.0
dcs:who/HEMOGLOBINLEVEL_NONPREGNANT_MEAN,dcid:country/PNG,2017,125.0
dcs:who/HEMOGLOBINLEVEL_NONPREGNANT_MEAN,dcid:country/PNG,2007,126.0
dcs:who/HEMOGLOBINLEVEL_NONPREGNANT_MEAN,dcid:country/PNG,2019,125.0
dcs:who/HEMOGLOBINLEVEL_NONPREGNANT_MEAN,dcid:country/PNG,2016,125.0
dcs:who/HEMOGLOBINLEVEL_NONPREGNANT_MEAN,dcid:country/PNG,2001,126.0
dcs:who/HEMOGLOBINLEVEL_NONPREGNANT_MEAN,dcid:country/PNG,2012,126.0
dcs:who/HEMOGLOBINLEVEL_NONPREGNANT_MEAN,dcid:country/PNG,2010,126.0
dcs:who/HEMOGLOBINLEVEL_NONPREGNANT_MEAN,dcid:country/PNG,2000,126.0
dcs:who/HEMOGLOBINLEVEL_NONPREGNANT_MEAN,dcid:country/POL,2013,130.0
dcs:who/HEMOGLOBINLEVEL_NONPREGNANT_MEAN,dcid:country/POL,2010,130.0
dcs:who/HEMOGLOBINLEVEL_NONPREGNANT_MEAN,dcid:country/POL,2011,130.0
dcs:who/HEMOGLOBINLEVEL_NONPREGNANT_MEAN,dcid:country/POL,2017,130.0
dcs:who/HEMOGLOBINLEVEL_NONPREGNANT_MEAN,dcid:country/POL,2008,130.0
dcs:who/HEMOGLOBINLEVEL_NONPREGNANT_MEAN,dcid:country/POL,2002,130.0
dcs:who/HEMOGLOBINLEVEL_NONPREGNANT_MEAN,dcid:country/POL,2003,130.0
dcs:who/HEMOGLOBINLEVEL_NONPREGNANT_MEAN,dcid:country/POL,2019,130.0
dcs:who/HEMOGLOBINLEVEL_NONPREGNANT_MEAN,dcid:country/POL,2012,130.0
dcs:who/HEMOGLOBINLEVEL_NONPREGNANT_MEAN,dcid:country/POL,2006,130.0
dcs:who/HEMOGLOBINLEVEL_NONPREGNANT_MEAN,dcid:country/POL,2001,130.0
dcs:who/HEMOGLOBINLEVEL_NONPREGNANT_MEAN,dcid:country/POL,2018,130.0
dcs:who/HEMOGLOBINLEVEL_NONPREGNANT_MEAN,dcid:country/POL,2005,130.0
dcs:who/HEMOGLOBINLEVEL_NONPREGNANT_MEAN,dcid:country/POL,2014,130.0
dcs:who/HEMOGLOBINLEVEL_NONPREGNANT_MEAN,dcid:country/POL,2007,130.0
dcs:who/HEMOGLOBINLEVEL_NONPREGNANT_MEAN,dcid:country/POL,2004,130.0
dcs:who/HEMOGLOBINLEVEL_NONPREGNANT_MEAN,dcid:country/POL,2000,130.0
dcs:who/HEMOGLOBINLEVEL_NONPREGNANT_MEAN,dcid:country/POL,2015,130.0
dcs:who/HEMOGLOBINLEVEL_NONPREGNANT_MEAN,dcid:country/POL,2009,130.0
dcs:who/HEMOGLOBINLEVEL_NONPREGNANT_MEAN,dcid:country/POL,2016,130.0
dcs:who/HEMOGLOBINLEVEL_NONPREGNANT_MEAN,dcid:country/PRK,2016,125.0
dcs:who/HEMOGLOBINLEVEL_NONPREGNANT_MEAN,dcid:country/PRK,2004,125.0
dcs:who/HEMOGLOBINLEVEL_NONPREGNANT_MEAN,dcid:country/PRK,2015,125.0
dcs:who/HEMOGLOBINLEVEL_NONPREGNANT_MEAN,dcid:country/PRK,2003,125.0
dcs:who/HEMOGLOBINLEVEL_NONPREGNANT_MEAN,dcid:country/PRK,2001,124.0
dcs:who/HEMOGLOBINLEVEL_NONPREGNANT_MEAN,dcid:country/PRK,2008,125.0
dcs:who/HEMOGLOBINLEVEL_NONPREGNANT_MEAN,dcid:country/PRK,2017,125.0
dcs:who/HEMOGLOBINLEVEL_NONPREGNANT_MEAN,dcid:country/PRK,2011,125.0
dcs:who/HEMOGLOBINLEVEL_NONPREGNANT_MEAN,dcid:country/PRK,2005,125.0
dcs:who/HEMOGLOBINLEVEL_NONPREGNANT_MEAN,dcid:country/PRK,2000,124.0
dcs:who/HEMOGLOBINLEVEL_NONPREGNANT_MEAN,dcid:country/PRK,2007,125.0
dcs:who/HEMOGLOBINLEVEL_NONPREGNANT_MEAN,dcid:country/PRK,2014,125.0
dcs:who/HEMOGLOBINLEVEL_NONPREGNANT_MEAN,dcid:country/PRK,2012,125.0
dcs:who/HEMOGLOBINLEVEL_NONPREGNANT_MEAN,dcid:country/PRK,2018,125.0
dcs:who/HEMOGLOBINLEVEL_NONPREGNANT_MEAN,dcid:country/PRK,2010,125.0
dcs:who/HEMOGLOBINLEVEL_NONPREGNANT_MEAN,dcid:country/PRK,2013,125.0
dcs:who/HEMOGLOBINLEVEL_NONPREGNANT_MEAN,dcid:country/PRK,2019,124.0
dcs:who/HEMOGLOBINLEVEL_NONPREGNANT_MEAN,dcid:country/PRK,2002,125.0
dcs:who/HEMOGLOBINLEVEL_NONPREGNANT_MEAN,dcid:country/PRK,2006,125.0
dcs:who/HEMOGLOBINLEVEL_NONPREGNANT_MEAN,dcid:country/PRK,2009,125.0
dcs:who/HEMOGLOBINLEVEL_NONPREGNANT_MEAN,dcid:country/PRT,2008,132.0
dcs:who/HEMOGLOBINLEVEL_NONPREGNANT_MEAN,dcid:country/PRT,2007,132.0
dcs:who/HEMOGLOBINLEVEL_NONPREGNANT_MEAN,dcid:country/PRT,2017,131.0
dcs:who/HEMOGLOBINLEVEL_NONPREGNANT_MEAN,dcid:country/PRT,2018,131.0
dcs:who/HEMOGLOBINLEVEL_NONPREGNANT_MEAN,dcid:country/PRT,2006,132.0
dcs:who/HEMOGLOBINLEVEL_NONPREGNANT_MEAN,dcid:country/PRT,2014,132.0
dcs:who/HEMOGLOBINLEVEL_NONPREGNANT_MEAN,dcid:country/PRT,2000,131.0
dcs:who/HEMOGLOBINLEVEL_NONPREGNANT_MEAN,dcid:country/PRT,2009,132.0
dcs:who/HEMOGLOBINLEVEL_NONPREGNANT_MEAN,dcid:country/PRT,2005,132.0
dcs:who/HEMOGLOBINLEVEL_NONPREGNANT_MEAN,dcid:country/PRT,2012,132.0
dcs:who/HEMOGLOBINLEVEL_NONPREGNANT_MEAN,dcid:country/PRT,2001,132.0
dcs:who/HEMOGLOBINLEVEL_NONPREGNANT_MEAN,dcid:country/PRT,2002,132.0
dcs:who/HEMOGLOBINLEVEL_NONPREGNANT_MEAN,dcid:country/PRT,2003,132.0
dcs:who/HEMOGLOBINLEVEL_NONPREGNANT_MEAN,dcid:country/PRT,2013,132.0
dcs:who/HEMOGLOBINLEVEL_NONPREGNANT_MEAN,dcid:country/PRT,2016,131.0
dcs:who/HEMOGLOBINLEVEL_NONPREGNANT_MEAN,dcid:country/PRT,2010,132.0
dcs:who/HEMOGLOBINLEVEL_NONPREGNANT_MEAN,dcid:country/PRT,2004,132.0
dcs:who/HEMOGLOBINLEVEL_NONPREGNANT_MEAN,dcid:country/PRT,2015,132.0
dcs:who/HEMOGLOBINLEVEL_NONPREGNANT_MEAN,dcid:country/PRT,2019,131.0
dcs:who/HEMOGLOBINLEVEL_NONPREGNANT_MEAN,dcid:country/PRT,2011,132.0
dcs:who/HEMOGLOBINLEVEL_NONPREGNANT_MEAN,dcid:country/PRY,2008,129.0
dcs:who/HEMOGLOBINLEVEL_NONPREGNANT_MEAN,dcid:country/PRY,2015,129.0
dcs:who/HEMOGLOBINLEVEL_NONPREGNANT_MEAN,dcid:country/PRY,2000,129.0
dcs:who/HEMOGLOBINLEVEL_NONPREGNANT_MEAN,dcid:country/PRY,2001,129.0
dcs:who/HEMOGLOBINLEVEL_NONPREGNANT_MEAN,dcid:country/PRY,2012,129.0
dcs:who/HEMOGLOBINLEVEL_NONPREGNANT_MEAN,dcid:country/PRY,2011,129.0
dcs:who/HEMOGLOBINLEVEL_NONPREGNANT_MEAN,dcid:country/PRY,2009,129.0
dcs:who/HEMOGLOBINLEVEL_NONPREGNANT_MEAN,dcid:country/PRY,2006,128.0
dcs:who/HEMOGLOBINLEVEL_NONPREGNANT_MEAN,dcid:country/PRY,2005,129.0
dcs:who/HEMOGLOBINLEVEL_NONPREGNANT_MEAN,dcid:country/PRY,2003,129.0
dcs:who/HEMOGLOBINLEVEL_NONPREGNANT_MEAN,dcid:country/PRY,2002,129.0
dcs:who/HEMOGLOBINLEVEL_NONPREGNANT_MEAN,dcid:country/PRY,2004,129.0
dcs:who/HEMOGLOBINLEVEL_NONPREGNANT_MEAN,dcid:country/PRY,2014,129.0
dcs:who/HEMOGLOBINLEVEL_NONPREGNANT_MEAN,dcid:country/PRY,2007,129.0
dcs:who/HEMOGLOBINLEVEL_NONPREGNANT_MEAN,dcid:country/PRY,2010,129.0
dcs:who/HEMOGLOBINLEVEL_NONPREGNANT_MEAN,dcid:country/PRY,2019,128.0
dcs:who/HEMOGLOBINLEVEL_NONPREGNANT_MEAN,dcid:country/PRY,2013,129.0
dcs:who/HEMOGLOBINLEVEL_NONPREGNANT_MEAN,dcid:country/PRY,2017,128.0
dcs:who/HEMOGLOBINLEVEL_NONPREGNANT_MEAN,dcid:country/PRY,2016,129.0
dcs:who/HEMOGLOBINLEVEL_NONPREGNANT_MEAN,dcid:country/PRY,2018,128.0
dcs:who/HEMOGLOBINLEVEL_NONPREGNANT_MEAN,dcid:country/PSE,2018,127.0
dcs:who/HEMOGLOBINLEVEL_NONPREGNANT_MEAN,dcid:country/PSE,2001,125.0
dcs:who/HEMOGLOBINLEVEL_NONPREGNANT_MEAN,dcid:country/PSE,2009,127.0
dcs:who/HEMOGLOBINLEVEL_NONPREGNANT_MEAN,dcid:country/PSE,2000,125.0
dcs:who/HEMOGLOBINLEVEL_NONPREGNANT_MEAN,dcid:country/PSE,2007,126.0
dcs:who/HEMOGLOBINLEVEL_NONPREGNANT_MEAN,dcid:country/PSE,2003,125.0
dcs:who/HEMOGLOBINLEVEL_NONPREGNANT_MEAN,dcid:country/PSE,2014,127.0
dcs:who/HEMOGLOBINLEVEL_NONPREGNANT_MEAN,dcid:country/PSE,2017,127.0
dcs:who/HEMOGLOBINLEVEL_NONPREGNANT_MEAN,dcid:country/PSE,2004,125.0
dcs:who/HEMOGLOBINLEVEL_NONPREGNANT_MEAN,dcid:country/PSE,2012,127.0
dcs:who/HEMOGLOBINLEVEL_NONPREGNANT_MEAN,dcid:country/PSE,2005,126.0
dcs:who/HEMOGLOBINLEVEL_NONPREGNANT_MEAN,dcid:country/PSE,2016,127.0
dcs:who/HEMOGLOBINLEVEL_NONPREGNANT_MEAN,dcid:country/PSE,2013,127.0
dcs:who/HEMOGLOBINLEVEL_NONPREGNANT_MEAN,dcid:country/PSE,2002,125.0
dcs:who/HEMOGLOBINLEVEL_NONPREGNANT_MEAN,dcid:country/PSE,2008,126.0
dcs:who/HEMOGLOBINLEVEL_NONPREGNANT_MEAN,dcid:country/PSE,2015,127.0
dcs:who/HEMOGLOBINLEVEL_NONPREGNANT_MEAN,dcid:country/PSE,2010,127.0
dcs:who/HEMOGLOBINLEVEL_NONPREGNANT_MEAN,dcid:country/PSE,2019,127.0
dcs:who/HEMOGLOBINLEVEL_NONPREGNANT_MEAN,dcid:country/PSE,2006,126.0
dcs:who/HEMOGLOBINLEVEL_NONPREGNANT_MEAN,dcid:country/PSE,2011,127.0
dcs:who/HEMOGLOBINLEVEL_NONPREGNANT_MEAN,dcid:country/QAT,2002,125.0
dcs:who/HEMOGLOBINLEVEL_NONPREGNANT_MEAN,dcid:country/QAT,2003,125.0
dcs:who/HEMOGLOBINLEVEL_NONPREGNANT_MEAN,dcid:country/QAT,2007,126.0
dcs:who/HEMOGLOBINLEVEL_NONPREGNANT_MEAN,dcid:country/QAT,2000,125.0
dcs:who/HEMOGLOBINLEVEL_NONPREGNANT_MEAN,dcid:country/QAT,2009,126.0
dcs:who/HEMOGLOBINLEVEL_NONPREGNANT_MEAN,dcid:country/QAT,2006,126.0
dcs:who/HEMOGLOBINLEVEL_NONPREGNANT_MEAN,dcid:country/QAT,2015,126.0
dcs:who/HEMOGLOBINLEVEL_NONPREGNANT_MEAN,dcid:country/QAT,2018,126.0
dcs:who/HEMOGLOBINLEVEL_NONPREGNANT_MEAN,dcid:country/QAT,2014,126.0
dcs:who/HEMOGLOBINLEVEL_NONPREGNANT_MEAN,dcid:country/QAT,2004,126.0
dcs:who/HEMOGLOBINLEVEL_NONPREGNANT_MEAN,dcid:country/QAT,2016,126.0
dcs:who/HEMOGLOBINLEVEL_NONPREGNANT_MEAN,dcid:country/QAT,2013,126.0
dcs:who/HEMOGLOBINLEVEL_NONPREGNANT_MEAN,dcid:country/QAT,2008,126.0
dcs:who/HEMOGLOBINLEVEL_NONPREGNANT_MEAN,dcid:country/QAT,2001,125.0
dcs:who/HEMOGLOBINLEVEL_NONPREGNANT_MEAN,dcid:country/QAT,2011,126.0
dcs:who/HEMOGLOBINLEVEL_NONPREGNANT_MEAN,dcid:country/QAT,2017,126.0
dcs:who/HEMOGLOBINLEVEL_NONPREGNANT_MEAN,dcid:country/QAT,2010,126.0
dcs:who/HEMOGLOBINLEVEL_NONPREGNANT_MEAN,dcid:country/QAT,2019,126.0
dcs:who/HEMOGLOBINLEVEL_NONPREGNANT_MEAN,dcid:country/QAT,2005,126.0
dcs:who/HEMOGLOBINLEVEL_NONPREGNANT_MEAN,dcid:country/QAT,2012,126.0
dcs:who/HEMOGLOBINLEVEL_NONPREGNANT_MEAN,dcid:country/ROU,2005,129.0
dcs:who/HEMOGLOBINLEVEL_NONPREGNANT_MEAN,dcid:country/ROU,2017,129.0
dcs:who/HEMOGLOBINLEVEL_NONPREGNANT_MEAN,dcid:country/ROU,2007,129.0
dcs:who/HEMOGLOBINLEVEL_NONPREGNANT_MEAN,dcid:country/ROU,2011,128.0
dcs:who/HEMOGLOBINLEVEL_NONPREGNANT_MEAN,dcid:country/ROU,2004,128.0
dcs:who/HEMOGLOBINLEVEL_NONPREGNANT_MEAN,dcid:country/ROU,2013,128.0
dcs:who/HEMOGLOBINLEVEL_NONPREGNANT_MEAN,dcid:country/ROU,2001,128.0
dcs:who/HEMOGLOBINLEVEL_NONPREGNANT_MEAN,dcid:country/ROU,2006,129.0
dcs:who/HEMOGLOBINLEVEL_NONPREGNANT_MEAN,dcid:country/ROU,2000,128.0
dcs:who/HEMOGLOBINLEVEL_NONPREGNANT_MEAN,dcid:country/ROU,2014,128.0
dcs:who/HEMOGLOBINLEVEL_NONPREGNANT_MEAN,dcid:country/ROU,2009,128.0
dcs:who/HEMOGLOBINLEVEL_NONPREGNANT_MEAN,dcid:country/ROU,2002,128.0
dcs:who/HEMOGLOBINLEVEL_NONPREGNANT_MEAN,dcid:country/ROU,2019,128.0
dcs:who/HEMOGLOBINLEVEL_NONPREGNANT_MEAN,dcid:country/ROU,2012,128.0
dcs:who/HEMOGLOBINLEVEL_NONPREGNANT_MEAN,dcid:country/ROU,2003,128.0
dcs:who/HEMOGLOBINLEVEL_NONPREGNANT_MEAN,dcid:country/ROU,2008,129.0
dcs:who/HEMOGLOBINLEVEL_NONPREGNANT_MEAN,dcid:country/ROU,2018,128.0
dcs:who/HEMOGLOBINLEVEL_NONPREGNANT_MEAN,dcid:country/ROU,2016,129.0
dcs:who/HEMOGLOBINLEVEL_NONPREGNANT_MEAN,dcid:country/ROU,2010,128.0
dcs:who/HEMOGLOBINLEVEL_NONPREGNANT_MEAN,dcid:country/ROU,2015,129.0
dcs:who/HEMOGLOBINLEVEL_NONPREGNANT_MEAN,dcid:country/RUS,2003,129.0
dcs:who/HEMOGLOBINLEVEL_NONPREGNANT_MEAN,dcid:country/RUS,2016,129.0
dcs:who/HEMOGLOBINLEVEL_NONPREGNANT_MEAN,dcid:country/RUS,2000,129.0
dcs:who/HEMOGLOBINLEVEL_NONPREGNANT_MEAN,dcid:country/RUS,2010,129.0
dcs:who/HEMOGLOBINLEVEL_NONPREGNANT_MEAN,dcid:country/RUS,2015,129.0
dcs:who/HEMOGLOBINLEVEL_NONPREGNANT_MEAN,dcid:country/RUS,2011,129.0
dcs:who/HEMOGLOBINLEVEL_NONPREGNANT_MEAN,dcid:country/RUS,2007,129.0
dcs:who/HEMOGLOBINLEVEL_NONPREGNANT_MEAN,dcid:country/RUS,2004,129.0
dcs:who/HEMOGLOBINLEVEL_NONPREGNANT_MEAN,dcid:country/RUS,2006,129.0
dcs:who/HEMOGLOBINLEVEL_NONPREGNANT_MEAN,dcid:country/RUS,2005,129.0
dcs:who/HEMOGLOBINLEVEL_NONPREGNANT_MEAN,dcid:country/RUS,2012,129.0
dcs:who/HEMOGLOBINLEVEL_NONPREGNANT_MEAN,dcid:country/RUS,2014,129.0
dcs:who/HEMOGLOBINLEVEL_NONPREGNANT_MEAN,dcid:country/RUS,2018,129.0
dcs:who/HEMOGLOBINLEVEL_NONPREGNANT_MEAN,dcid:country/RUS,2002,129.0
dcs:who/HEMOGLOBINLEVEL_NONPREGNANT_MEAN,dcid:country/RUS,2013,129.0
dcs:who/HEMOGLOBINLEVEL_NONPREGNANT_MEAN,dcid:country/RUS,2009,129.0
dcs:who/HEMOGLOBINLEVEL_NONPREGNANT_MEAN,dcid:country/RUS,2008,129.0
dcs:who/HEMOGLOBINLEVEL_NONPREGNANT_MEAN,dcid:country/RUS,2017,129.0
dcs:who/HEMOGLOBINLEVEL_NONPREGNANT_MEAN,dcid:country/RUS,2001,129.0
dcs:who/HEMOGLOBINLEVEL_NONPREGNANT_MEAN,dcid:country/RUS,2019,129.0
dcs:who/HEMOGLOBINLEVEL_NONPREGNANT_MEAN,dcid:country/RWA,2004,130.0
dcs:who/HEMOGLOBINLEVEL_NONPREGNANT_MEAN,dcid:country/RWA,2018,132.0
dcs:who/HEMOGLOBINLEVEL_NONPREGNANT_MEAN,dcid:country/RWA,2019,132.0
dcs:who/HEMOGLOBINLEVEL_NONPREGNANT_MEAN,dcid:country/RWA,2012,132.0
dcs:who/HEMOGLOBINLEVEL_NONPREGNANT_MEAN,dcid:country/RWA,2009,132.0
dcs:who/HEMOGLOBINLEVEL_NONPREGNANT_MEAN,dcid:country/RWA,2008,131.0
dcs:who/HEMOGLOBINLEVEL_NONPREGNANT_MEAN,dcid:country/RWA,2013,132.0
dcs:who/HEMOGLOBINLEVEL_NONPREGNANT_MEAN,dcid:country/RWA,2011,132.0
dcs:who/HEMOGLOBINLEVEL_NONPREGNANT_MEAN,dcid:country/RWA,2015,132.0
dcs:who/HEMOGLOBINLEVEL_NONPREGNANT_MEAN,dcid:country/RWA,2001,129.0
dcs:who/HEMOGLOBINLEVEL_NONPREGNANT_MEAN,dcid:country/RWA,2003,130.0
dcs:who/HEMOGLOBINLEVEL_NONPREGNANT_MEAN,dcid:country/RWA,2007,131.0
dcs:who/HEMOGLOBINLEVEL_NONPREGNANT_MEAN,dcid:country/RWA,2014,132.0
dcs:who/HEMOGLOBINLEVEL_NONPREGNANT_MEAN,dcid:country/RWA,2002,130.0
dcs:who/HEMOGLOBINLEVEL_NONPREGNANT_MEAN,dcid:country/RWA,2000,129.0
dcs:who/HEMOGLOBINLEVEL_NONPREGNANT_MEAN,dcid:country/RWA,2006,131.0
dcs:who/HEMOGLOBINLEVEL_NONPREGNANT_MEAN,dcid:country/RWA,2005,130.0
dcs:who/HEMOGLOBINLEVEL_NONPREGNANT_MEAN,dcid:country/RWA,2016,132.0
dcs:who/HEMOGLOBINLEVEL_NONPREGNANT_MEAN,dcid:country/RWA,2017,132.0
dcs:who/HEMOGLOBINLEVEL_NONPREGNANT_MEAN,dcid:country/RWA,2010,132.0
dcs:who/HEMOGLOBINLEVEL_NONPREGNANT_MEAN,dcid:country/SAU,2005,126.0
dcs:who/HEMOGLOBINLEVEL_NONPREGNANT_MEAN,dcid:country/SAU,2014,127.0
dcs:who/HEMOGLOBINLEVEL_NONPREGNANT_MEAN,dcid:country/SAU,2018,127.0
dcs:who/HEMOGLOBINLEVEL_NONPREGNANT_MEAN,dcid:country/SAU,2011,127.0
dcs:who/HEMOGLOBINLEVEL_NONPREGNANT_MEAN,dcid:country/SAU,2004,126.0
dcs:who/HEMOGLOBINLEVEL_NONPREGNANT_MEAN,dcid:country/SAU,2017,127.0
dcs:who/HEMOGLOBINLEVEL_NONPREGNANT_MEAN,dcid:country/SAU,2009,127.0
dcs:who/HEMOGLOBINLEVEL_NONPREGNANT_MEAN,dcid:country/SAU,2003,126.0
dcs:who/HEMOGLOBINLEVEL_NONPREGNANT_MEAN,dcid:country/SAU,2012,127.0
dcs:who/HEMOGLOBINLEVEL_NONPREGNANT_MEAN,dcid:country/SAU,2001,126.0
dcs:who/HEMOGLOBINLEVEL_NONPREGNANT_MEAN,dcid:country/SAU,2008,127.0
dcs:who/HEMOGLOBINLEVEL_NONPREGNANT_MEAN,dcid:country/SAU,2013,127.0
dcs:who/HEMOGLOBINLEVEL_NONPREGNANT_MEAN,dcid:country/SAU,2007,126.0
dcs:who/HEMOGLOBINLEVEL_NONPREGNANT_MEAN,dcid:country/SAU,2010,127.0
dcs:who/HEMOGLOBINLEVEL_NONPREGNANT_MEAN,dcid:country/SAU,2006,126.0
dcs:who/HEMOGLOBINLEVEL_NONPREGNANT_MEAN,dcid:country/SAU,2002,126.0
dcs:who/HEMOGLOBINLEVEL_NONPREGNANT_MEAN,dcid:country/SAU,2019,126.0
dcs:who/HEMOGLOBINLEVEL_NONPREGNANT_MEAN,dcid:country/SAU,2016,127.0
dcs:who/HEMOGLOBINLEVEL_NONPREGNANT_MEAN,dcid:country/SAU,2015,127.0
dcs:who/HEMOGLOBINLEVEL_NONPREGNANT_MEAN,dcid:country/SAU,2000,125.0
dcs:who/HEMOGLOBINLEVEL_NONPREGNANT_MEAN,dcid:country/SDN,2003,122.0
dcs:who/HEMOGLOBINLEVEL_NONPREGNANT_MEAN,dcid:country/SDN,2013,123.0
dcs:who/HEMOGLOBINLEVEL_NONPREGNANT_MEAN,dcid:country/SDN,2001,121.0
dcs:who/HEMOGLOBINLEVEL_NONPREGNANT_MEAN,dcid:country/SDN,2015,123.0
dcs:who/HEMOGLOBINLEVEL_NONPREGNANT_MEAN,dcid:country/SDN,2017,123.0
dcs:who/HEMOGLOBINLEVEL_NONPREGNANT_MEAN,dcid:country/SDN,2018,123.0
dcs:who/HEMOGLOBINLEVEL_NONPREGNANT_MEAN,dcid:country/SDN,2005,122.0
dcs:who/HEMOGLOBINLEVEL_NONPREGNANT_MEAN,dcid:country/SDN,2019,123.0
dcs:who/HEMOGLOBINLEVEL_NONPREGNANT_MEAN,dcid:country/SDN,2006,122.0
dcs:who/HEMOGLOBINLEVEL_NONPREGNANT_MEAN,dcid:country/SDN,2014,123.0
dcs:who/HEMOGLOBINLEVEL_NONPREGNANT_MEAN,dcid:country/SDN,2010,123.0
dcs:who/HEMOGLOBINLEVEL_NONPREGNANT_MEAN,dcid:country/SDN,2002,121.0
dcs:who/HEMOGLOBINLEVEL_NONPREGNANT_MEAN,dcid:country/SDN,2009,123.0
dcs:who/HEMOGLOBINLEVEL_NONPREGNANT_MEAN,dcid:country/SDN,2008,123.0
dcs:who/HEMOGLOBINLEVEL_NONPREGNANT_MEAN,dcid:country/SDN,2004,122.0
dcs:who/HEMOGLOBINLEVEL_NONPREGNANT_MEAN,dcid:country/SDN,2016,123.0
dcs:who/HEMOGLOBINLEVEL_NONPREGNANT_MEAN,dcid:country/SDN,2011,123.0
dcs:who/HEMOGLOBINLEVEL_NONPREGNANT_MEAN,dcid:country/SDN,2000,121.0
dcs:who/HEMOGLOBINLEVEL_NONPREGNANT_MEAN,dcid:country/SDN,2007,122.0
dcs:who/HEMOGLOBINLEVEL_NONPREGNANT_MEAN,dcid:country/SDN,2012,123.0
dcs:who/HEMOGLOBINLEVEL_NONPREGNANT_MEAN,dcid:country/SEN,2003,114.0
dcs:who/HEMOGLOBINLEVEL_NONPREGNANT_MEAN,dcid:country/SEN,2006,114.0
dcs:who/HEMOGLOBINLEVEL_NONPREGNANT_MEAN,dcid:country/SEN,2010,115.0
dcs:who/HEMOGLOBINLEVEL_NONPREGNANT_MEAN,dcid:country/SEN,2014,117.0
dcs:who/HEMOGLOBINLEVEL_NONPREGNANT_MEAN,dcid:country/SEN,2002,114.0
dcs:who/HEMOGLOBINLEVEL_NONPREGNANT_MEAN,dcid:country/SEN,2004,114.0
dcs:who/HEMOGLOBINLEVEL_NONPREGNANT_MEAN,dcid:country/SEN,2001,114.0
dcs:who/HEMOGLOBINLEVEL_NONPREGNANT_MEAN,dcid:country/SEN,2012,116.0
dcs:who/HEMOGLOBINLEVEL_NONPREGNANT_MEAN,dcid:country/SEN,2005,114.0
dcs:who/HEMOGLOBINLEVEL_NONPREGNANT_MEAN,dcid:country/SEN,2008,115.0
dcs:who/HEMOGLOBINLEVEL_NONPREGNANT_MEAN,dcid:country/SEN,2016,117.0
dcs:who/HEMOGLOBINLEVEL_NONPREGNANT_MEAN,dcid:country/SEN,2017,117.0
dcs:who/HEMOGLOBINLEVEL_NONPREGNANT_MEAN,dcid:country/SEN,2009,115.0
dcs:who/HEMOGLOBINLEVEL_NONPREGNANT_MEAN,dcid:country/SEN,2018,117.0
dcs:who/HEMOGLOBINLEVEL_NONPREGNANT_MEAN,dcid:country/SEN,2000,114.0
dcs:who/HEMOGLOBINLEVEL_NONPREGNANT_MEAN,dcid:country/SEN,2019,118.0
dcs:who/HEMOGLOBINLEVEL_NONPREGNANT_MEAN,dcid:country/SEN,2007,115.0
dcs:who/HEMOGLOBINLEVEL_NONPREGNANT_MEAN,dcid:country/SEN,2011,116.0
dcs:who/HEMOGLOBINLEVEL_NONPREGNANT_MEAN,dcid:country/SEN,2015,117.0
dcs:who/HEMOGLOBINLEVEL_NONPREGNANT_MEAN,dcid:country/SEN,2013,116.0
dcs:who/HEMOGLOBINLEVEL_NONPREGNANT_MEAN,dcid:country/SGP,2014,131.0
dcs:who/HEMOGLOBINLEVEL_NONPREGNANT_MEAN,dcid:country/SGP,2017,131.0
dcs:who/HEMOGLOBINLEVEL_NONPREGNANT_MEAN,dcid:country/SGP,2000,131.0
dcs:who/HEMOGLOBINLEVEL_NONPREGNANT_MEAN,dcid:country/SGP,2010,132.0
dcs:who/HEMOGLOBINLEVEL_NONPREGNANT_MEAN,dcid:country/SGP,2016,131.0
dcs:who/HEMOGLOBINLEVEL_NONPREGNANT_MEAN,dcid:country/SGP,2009,132.0
dcs:who/HEMOGLOBINLEVEL_NONPREGNANT_MEAN,dcid:country/SGP,2005,131.0
dcs:who/HEMOGLOBINLEVEL_NONPREGNANT_MEAN,dcid:country/SGP,2019,131.0
dcs:who/HEMOGLOBINLEVEL_NONPREGNANT_MEAN,dcid:country/SGP,2001,131.0
dcs:who/HEMOGLOBINLEVEL_NONPREGNANT_MEAN,dcid:country/SGP,2015,131.0
dcs:who/HEMOGLOBINLEVEL_NONPREGNANT_MEAN,dcid:country/SGP,2006,131.0
dcs:who/HEMOGLOBINLEVEL_NONPREGNANT_MEAN,dcid:country/SGP,2008,132.0
dcs:who/HEMOGLOBINLEVEL_NONPREGNANT_MEAN,dcid:country/SGP,2007,131.0
dcs:who/HEMOGLOBINLEVEL_NONPREGNANT_MEAN,dcid:country/SGP,2003,131.0
dcs:who/HEMOGLOBINLEVEL_NONPREGNANT_MEAN,dcid:country/SGP,2013,131.0
dcs:who/HEMOGLOBINLEVEL_NONPREGNANT_MEAN,dcid:country/SGP,2018,131.0
dcs:who/HEMOGLOBINLEVEL_NONPREGNANT_MEAN,dcid:country/SGP,2002,131.0
dcs:who/HEMOGLOBINLEVEL_NONPREGNANT_MEAN,dcid:country/SGP,2004,131.0
dcs:who/HEMOGLOBINLEVEL_NONPREGNANT_MEAN,dcid:country/SGP,2011,131.0
dcs:who/HEMOGLOBINLEVEL_NONPREGNANT_MEAN,dcid:country/SGP,2012,131.0
dcs:who/HEMOGLOBINLEVEL_NONPREGNANT_MEAN,dcid:country/SLB,2005,122.0
dcs:who/HEMOGLOBINLEVEL_NONPREGNANT_MEAN,dcid:country/SLB,2008,123.0
dcs:who/HEMOGLOBINLEVEL_NONPREGNANT_MEAN,dcid:country/SLB,2000,122.0
dcs:who/HEMOGLOBINLEVEL_NONPREGNANT_MEAN,dcid:country/SLB,2019,123.0
dcs:who/HEMOGLOBINLEVEL_NONPREGNANT_MEAN,dcid:country/SLB,2018,123.0
dcs:who/HEMOGLOBINLEVEL_NONPREGNANT_MEAN,dcid:country/SLB,2014,123.0
dcs:who/HEMOGLOBINLEVEL_NONPREGNANT_MEAN,dcid:country/SLB,2009,123.0
dcs:who/HEMOGLOBINLEVEL_NONPREGNANT_MEAN,dcid:country/SLB,2010,123.0
dcs:who/HEMOGLOBINLEVEL_NONPREGNANT_MEAN,dcid:country/SLB,2016,123.0
dcs:who/HEMOGLOBINLEVEL_NONPREGNANT_MEAN,dcid:country/SLB,2003,122.0
dcs:who/HEMOGLOBINLEVEL_NONPREGNANT_MEAN,dcid:country/SLB,2007,123.0
dcs:who/HEMOGLOBINLEVEL_NONPREGNANT_MEAN,dcid:country/SLB,2017,123.0
dcs:who/HEMOGLOBINLEVEL_NONPREGNANT_MEAN,dcid:country/SLB,2002,122.0
dcs:who/HEMOGLOBINLEVEL_NONPREGNANT_MEAN,dcid:country/SLB,2011,123.0
dcs:who/HEMOGLOBINLEVEL_NONPREGNANT_MEAN,dcid:country/SLB,2006,122.0
dcs:who/HEMOGLOBINLEVEL_NONPREGNANT_MEAN,dcid:country/SLB,2015,123.0
dcs:who/HEMOGLOBINLEVEL_NONPREGNANT_MEAN,dcid:country/SLB,2012,123.0
dcs:who/HEMOGLOBINLEVEL_NONPREGNANT_MEAN,dcid:country/SLB,2013,123.0
dcs:who/HEMOGLOBINLEVEL_NONPREGNANT_MEAN,dcid:country/SLB,2004,122.0
dcs:who/HEMOGLOBINLEVEL_NONPREGNANT_MEAN,dcid:country/SLB,2001,122.0
dcs:who/HEMOGLOBINLEVEL_NONPREGNANT_MEAN,dcid:country/SLE,2014,120.0
dcs:who/HEMOGLOBINLEVEL_NONPREGNANT_MEAN,dcid:country/SLE,2012,120.0
dcs:who/HEMOGLOBINLEVEL_NONPREGNANT_MEAN,dcid:country/SLE,2011,120.0
dcs:who/HEMOGLOBINLEVEL_NONPREGNANT_MEAN,dcid:country/SLE,2006,119.0
dcs:who/HEMOGLOBINLEVEL_NONPREGNANT_MEAN,dcid:country/SLE,2002,118.0
dcs:who/HEMOGLOBINLEVEL_NONPREGNANT_MEAN,dcid:country/SLE,2010,120.0
dcs:who/HEMOGLOBINLEVEL_NONPREGNANT_MEAN,dcid:country/SLE,2004,118.0
dcs:who/HEMOGLOBINLEVEL_NONPREGNANT_MEAN,dcid:country/SLE,2001,117.0
dcs:who/HEMOGLOBINLEVEL_NONPREGNANT_MEAN,dcid:country/SLE,2008,119.0
dcs:who/HEMOGLOBINLEVEL_NONPREGNANT_MEAN,dcid:country/SLE,2015,120.0
dcs:who/HEMOGLOBINLEVEL_NONPREGNANT_MEAN,dcid:country/SLE,2007,119.0
dcs:who/HEMOGLOBINLEVEL_NONPREGNANT_MEAN,dcid:country/SLE,2016,120.0
dcs:who/HEMOGLOBINLEVEL_NONPREGNANT_MEAN,dcid:country/SLE,2013,120.0
dcs:who/HEMOGLOBINLEVEL_NONPREGNANT_MEAN,dcid:country/SLE,2003,118.0
dcs:who/HEMOGLOBINLEVEL_NONPREGNANT_MEAN,dcid:country/SLE,2009,120.0
dcs:who/HEMOGLOBINLEVEL_NONPREGNANT_MEAN,dcid:country/SLE,2000,117.0
dcs:who/HEMOGLOBINLEVEL_NONPREGNANT_MEAN,dcid:country/SLE,2018,120.0
dcs:who/HEMOGLOBINLEVEL_NONPREGNANT_MEAN,dcid:country/SLE,2005,119.0
dcs:who/HEMOGLOBINLEVEL_NONPREGNANT_MEAN,dcid:country/SLE,2017,120.0
dcs:who/HEMOGLOBINLEVEL_NONPREGNANT_MEAN,dcid:country/SLE,2019,120.0
dcs:who/HEMOGLOBINLEVEL_NONPREGNANT_MEAN,dcid:country/SLV,2013,135.0
dcs:who/HEMOGLOBINLEVEL_NONPREGNANT_MEAN,dcid:country/SLV,2006,136.0
dcs:who/HEMOGLOBINLEVEL_NONPREGNANT_MEAN,dcid:country/SLV,2014,135.0
dcs:who/HEMOGLOBINLEVEL_NONPREGNANT_MEAN,dcid:country/SLV,2000,136.0
dcs:who/HEMOGLOBINLEVEL_NONPREGNANT_MEAN,dcid:country/SLV,2003,136.0
dcs:who/HEMOGLOBINLEVEL_NONPREGNANT_MEAN,dcid:country/SLV,2007,136.0
dcs:who/HEMOGLOBINLEVEL_NONPREGNANT_MEAN,dcid:country/SLV,2016,135.0
dcs:who/HEMOGLOBINLEVEL_NONPREGNANT_MEAN,dcid:country/SLV,2008,136.0
dcs:who/HEMOGLOBINLEVEL_NONPREGNANT_MEAN,dcid:country/SLV,2018,134.0
dcs:who/HEMOGLOBINLEVEL_NONPREGNANT_MEAN,dcid:country/SLV,2017,135.0
dcs:who/HEMOGLOBINLEVEL_NONPREGNANT_MEAN,dcid:country/SLV,2009,135.0
dcs:who/HEMOGLOBINLEVEL_NONPREGNANT_MEAN,dcid:country/SLV,2002,136.0
dcs:who/HEMOGLOBINLEVEL_NONPREGNANT_MEAN,dcid:country/SLV,2004,136.0
dcs:who/HEMOGLOBINLEVEL_NONPREGNANT_MEAN,dcid:country/SLV,2012,135.0
dcs:who/HEMOGLOBINLEVEL_NONPREGNANT_MEAN,dcid:country/SLV,2001,136.0
dcs:who/HEMOGLOBINLEVEL_NONPREGNANT_MEAN,dcid:country/SLV,2015,135.0
dcs:who/HEMOGLOBINLEVEL_NONPREGNANT_MEAN,dcid:country/SLV,2019,134.0
dcs:who/HEMOGLOBINLEVEL_NONPREGNANT_MEAN,dcid:country/SLV,2011,135.0
dcs:who/HEMOGLOBINLEVEL_NONPREGNANT_MEAN,dcid:country/SLV,2005,136.0
dcs:who/HEMOGLOBINLEVEL_NONPREGNANT_MEAN,dcid:country/SLV,2010,135.0
dcs:who/HEMOGLOBINLEVEL_NONPREGNANT_MEAN,dcid:country/SMR,2017,131.0
dcs:who/HEMOGLOBINLEVEL_NONPREGNANT_MEAN,dcid:country/SMR,2009,132.0
dcs:who/HEMOGLOBINLEVEL_NONPREGNANT_MEAN,dcid:country/SMR,2014,132.0
dcs:who/HEMOGLOBINLEVEL_NONPREGNANT_MEAN,dcid:country/SMR,2011,132.0
dcs:who/HEMOGLOBINLEVEL_NONPREGNANT_MEAN,dcid:country/SMR,2005,132.0
dcs:who/HEMOGLOBINLEVEL_NONPREGNANT_MEAN,dcid:country/SMR,2003,132.0
dcs:who/HEMOGLOBINLEVEL_NONPREGNANT_MEAN,dcid:country/SMR,2018,131.0
dcs:who/HEMOGLOBINLEVEL_NONPREGNANT_MEAN,dcid:country/SMR,2008,132.0
dcs:who/HEMOGLOBINLEVEL_NONPREGNANT_MEAN,dcid:country/SMR,2015,132.0
dcs:who/HEMOGLOBINLEVEL_NONPREGNANT_MEAN,dcid:country/SMR,2010,132.0
dcs:who/HEMOGLOBINLEVEL_NONPREGNANT_MEAN,dcid:country/SMR,2016,132.0
dcs:who/HEMOGLOBINLEVEL_NONPREGNANT_MEAN,dcid:country/SMR,2000,132.0
dcs:who/HEMOGLOBINLEVEL_NONPREGNANT_MEAN,dcid:country/SMR,2012,132.0
dcs:who/HEMOGLOBINLEVEL_NONPREGNANT_MEAN,dcid:country/SMR,2013,132.0
dcs:who/HEMOGLOBINLEVEL_NONPREGNANT_MEAN,dcid:country/SMR,2002,132.0
dcs:who/HEMOGLOBINLEVEL_NONPREGNANT_MEAN,dcid:country/SMR,2004,132.0
dcs:who/HEMOGLOBINLEVEL_NONPREGNANT_MEAN,dcid:country/SMR,2006,132.0
dcs:who/HEMOGLOBINLEVEL_NONPREGNANT_MEAN,dcid:country/SMR,2001,132.0
dcs:who/HEMOGLOBINLEVEL_NONPREGNANT_MEAN,dcid:country/SMR,2019,131.0
dcs:who/HEMOGLOBINLEVEL_NONPREGNANT_MEAN,dcid:country/SMR,2007,132.0
dcs:who/HEMOGLOBINLEVEL_NONPREGNANT_MEAN,dcid:country/SOM,2011,121.0
dcs:who/HEMOGLOBINLEVEL_NONPREGNANT_MEAN,dcid:country/SOM,2000,120.0
dcs:who/HEMOGLOBINLEVEL_NONPREGNANT_MEAN,dcid:country/SOM,2004,120.0
dcs:who/HEMOGLOBINLEVEL_NONPREGNANT_MEAN,dcid:country/SOM,2012,121.0
dcs:who/HEMOGLOBINLEVEL_NONPREGNANT_MEAN,dcid:country/SOM,2015,121.0
dcs:who/HEMOGLOBINLEVEL_NONPREGNANT_MEAN,dcid:country/SOM,2014,121.0
dcs:who/HEMOGLOBINLEVEL_NONPREGNANT_MEAN,dcid:country/SOM,2003,120.0
dcs:who/HEMOGLOBINLEVEL_NONPREGNANT_MEAN,dcid:country/SOM,2010,121.0
dcs:who/HEMOGLOBINLEVEL_NONPREGNANT_MEAN,dcid:country/SOM,2017,121.0
dcs:who/HEMOGLOBINLEVEL_NONPREGNANT_MEAN,dcid:country/SOM,2018,121.0
dcs:who/HEMOGLOBINLEVEL_NONPREGNANT_MEAN,dcid:country/SOM,2016,121.0
dcs:who/HEMOGLOBINLEVEL_NONPREGNANT_MEAN,dcid:country/SOM,2019,121.0
dcs:who/HEMOGLOBINLEVEL_NONPREGNANT_MEAN,dcid:country/SOM,2006,120.0
dcs:who/HEMOGLOBINLEVEL_NONPREGNANT_MEAN,dcid:country/SOM,2007,120.0
dcs:who/HEMOGLOBINLEVEL_NONPREGNANT_MEAN,dcid:country/SOM,2008,120.0
dcs:who/HEMOGLOBINLEVEL_NONPREGNANT_MEAN,dcid:country/SOM,2001,120.0
dcs:who/HEMOGLOBINLEVEL_NONPREGNANT_MEAN,dcid:country/SOM,2013,121.0
dcs:who/HEMOGLOBINLEVEL_NONPREGNANT_MEAN,dcid:country/SOM,2005,120.0
dcs:who/HEMOGLOBINLEVEL_NONPREGNANT_MEAN,dcid:country/SOM,2002,120.0
dcs:who/HEMOGLOBINLEVEL_NONPREGNANT_MEAN,dcid:country/SOM,2009,121.0
dcs:who/HEMOGLOBINLEVEL_NONPREGNANT_MEAN,dcid:country/SRB,2003,129.0
dcs:who/HEMOGLOBINLEVEL_NONPREGNANT_MEAN,dcid:country/SRB,2001,128.0
dcs:who/HEMOGLOBINLEVEL_NONPREGNANT_MEAN,dcid:country/SRB,2007,129.0
dcs:who/HEMOGLOBINLEVEL_NONPREGNANT_MEAN,dcid:country/SRB,2019,128.0
dcs:who/HEMOGLOBINLEVEL_NONPREGNANT_MEAN,dcid:country/SRB,2016,129.0
dcs:who/HEMOGLOBINLEVEL_NONPREGNANT_MEAN,dcid:country/SRB,2011,129.0
dcs:who/HEMOGLOBINLEVEL_NONPREGNANT_MEAN,dcid:country/SRB,2017,129.0
dcs:who/HEMOGLOBINLEVEL_NONPREGNANT_MEAN,dcid:country/SRB,2000,128.0
dcs:who/HEMOGLOBINLEVEL_NONPREGNANT_MEAN,dcid:country/SRB,2002,129.0
dcs:who/HEMOGLOBINLEVEL_NONPREGNANT_MEAN,dcid:country/SRB,2010,129.0
dcs:who/HEMOGLOBINLEVEL_NONPREGNANT_MEAN,dcid:country/SRB,2009,129.0
dcs:who/HEMOGLOBINLEVEL_NONPREGNANT_MEAN,dcid:country/SRB,2004,129.0
dcs:who/HEMOGLOBINLEVEL_NONPREGNANT_MEAN,dcid:country/SRB,2006,129.0
dcs:who/HEMOGLOBINLEVEL_NONPREGNANT_MEAN,dcid:country/SRB,2005,129.0
dcs:who/HEMOGLOBINLEVEL_NONPREGNANT_MEAN,dcid:country/SRB,2012,129.0
dcs:who/HEMOGLOBINLEVEL_NONPREGNANT_MEAN,dcid:country/SRB,2013,129.0
dcs:who/HEMOGLOBINLEVEL_NONPREGNANT_MEAN,dcid:country/SRB,2014,129.0
dcs:who/HEMOGLOBINLEVEL_NONPREGNANT_MEAN,dcid:country/SRB,2018,128.0
dcs:who/HEMOGLOBINLEVEL_NONPREGNANT_MEAN,dcid:country/SRB,2015,129.0
dcs:who/HEMOGLOBINLEVEL_NONPREGNANT_MEAN,dcid:country/SRB,2008,129.0
dcs:who/HEMOGLOBINLEVEL_NONPREGNANT_MEAN,dcid:country/SSD,2008,125.0
dcs:who/HEMOGLOBINLEVEL_NONPREGNANT_MEAN,dcid:country/SSD,2015,125.0
dcs:who/HEMOGLOBINLEVEL_NONPREGNANT_MEAN,dcid:country/SSD,2007,124.0
dcs:who/HEMOGLOBINLEVEL_NONPREGNANT_MEAN,dcid:country/SSD,2009,125.0
dcs:who/HEMOGLOBINLEVEL_NONPREGNANT_MEAN,dcid:country/SSD,2018,125.0
dcs:who/HEMOGLOBINLEVEL_NONPREGNANT_MEAN,dcid:country/SSD,2019,124.0
dcs:who/HEMOGLOBINLEVEL_NONPREGNANT_MEAN,dcid:country/SSD,2017,125.0
dcs:who/HEMOGLOBINLEVEL_NONPREGNANT_MEAN,dcid:country/SSD,2013,125.0
dcs:who/HEMOGLOBINLEVEL_NONPREGNANT_MEAN,dcid:country/SSD,2000,123.0
dcs:who/HEMOGLOBINLEVEL_NONPREGNANT_MEAN,dcid:country/SSD,2010,125.0
dcs:who/HEMOGLOBINLEVEL_NONPREGNANT_MEAN,dcid:country/SSD,2001,124.0
dcs:who/HEMOGLOBINLEVEL_NONPREGNANT_MEAN,dcid:country/SSD,2014,125.0
dcs:who/HEMOGLOBINLEVEL_NONPREGNANT_MEAN,dcid:country/SSD,2011,125.0
dcs:who/HEMOGLOBINLEVEL_NONPREGNANT_MEAN,dcid:country/SSD,2006,124.0
dcs:who/HEMOGLOBINLEVEL_NONPREGNANT_MEAN,dcid:country/SSD,2004,124.0
dcs:who/HEMOGLOBINLEVEL_NONPREGNANT_MEAN,dcid:country/SSD,2005,124.0
dcs:who/HEMOGLOBINLEVEL_NONPREGNANT_MEAN,dcid:country/SSD,2012,125.0
dcs:who/HEMOGLOBINLEVEL_NONPREGNANT_MEAN,dcid:country/SSD,2003,124.0
dcs:who/HEMOGLOBINLEVEL_NONPREGNANT_MEAN,dcid:country/SSD,2016,125.0
dcs:who/HEMOGLOBINLEVEL_NONPREGNANT_MEAN,dcid:country/SSD,2002,124.0
dcs:who/HEMOGLOBINLEVEL_NONPREGNANT_MEAN,dcid:country/STP,2014,121.0
dcs:who/HEMOGLOBINLEVEL_NONPREGNANT_MEAN,dcid:country/STP,2016,121.0
dcs:who/HEMOGLOBINLEVEL_NONPREGNANT_MEAN,dcid:country/STP,2009,120.0
dcs:who/HEMOGLOBINLEVEL_NONPREGNANT_MEAN,dcid:country/STP,2004,119.0
dcs:who/HEMOGLOBINLEVEL_NONPREGNANT_MEAN,dcid:country/STP,2008,120.0
dcs:who/HEMOGLOBINLEVEL_NONPREGNANT_MEAN,dcid:country/STP,2011,120.0
dcs:who/HEMOGLOBINLEVEL_NONPREGNANT_MEAN,dcid:country/STP,2019,121.0
dcs:who/HEMOGLOBINLEVEL_NONPREGNANT_MEAN,dcid:country/STP,2002,118.0
dcs:who/HEMOGLOBINLEVEL_NONPREGNANT_MEAN,dcid:country/STP,2003,118.0
dcs:who/HEMOGLOBINLEVEL_NONPREGNANT_MEAN,dcid:country/STP,2012,120.0
dcs:who/HEMOGLOBINLEVEL_NONPREGNANT_MEAN,dcid:country/STP,2007,119.0
dcs:who/HEMOGLOBINLEVEL_NONPREGNANT_MEAN,dcid:country/STP,2001,118.0
dcs:who/HEMOGLOBINLEVEL_NONPREGNANT_MEAN,dcid:country/STP,2013,121.0
dcs:who/HEMOGLOBINLEVEL_NONPREGNANT_MEAN,dcid:country/STP,2005,119.0
dcs:who/HEMOGLOBINLEVEL_NONPREGNANT_MEAN,dcid:country/STP,2015,121.0
dcs:who/HEMOGLOBINLEVEL_NONPREGNANT_MEAN,dcid:country/STP,2017,121.0
dcs:who/HEMOGLOBINLEVEL_NONPREGNANT_MEAN,dcid:country/STP,2006,119.0
dcs:who/HEMOGLOBINLEVEL_NONPREGNANT_MEAN,dcid:country/STP,2000,118.0
dcs:who/HEMOGLOBINLEVEL_NONPREGNANT_MEAN,dcid:country/STP,2018,121.0
dcs:who/HEMOGLOBINLEVEL_NONPREGNANT_MEAN,dcid:country/STP,2010,120.0
dcs:who/HEMOGLOBINLEVEL_NONPREGNANT_MEAN,dcid:country/SUR,2004,128.0
dcs:who/HEMOGLOBINLEVEL_NONPREGNANT_MEAN,dcid:country/SUR,2010,129.0
dcs:who/HEMOGLOBINLEVEL_NONPREGNANT_MEAN,dcid:country/SUR,2018,129.0
dcs:who/HEMOGLOBINLEVEL_NONPREGNANT_MEAN,dcid:country/SUR,2006,128.0
dcs:who/HEMOGLOBINLEVEL_NONPREGNANT_MEAN,dcid:country/SUR,2019,129.0
dcs:who/HEMOGLOBINLEVEL_NONPREGNANT_MEAN,dcid:country/SUR,2002,127.0
dcs:who/HEMOGLOBINLEVEL_NONPREGNANT_MEAN,dcid:country/SUR,2016,130.0
dcs:who/HEMOGLOBINLEVEL_NONPREGNANT_MEAN,dcid:country/SUR,2005,128.0
dcs:who/HEMOGLOBINLEVEL_NONPREGNANT_MEAN,dcid:country/SUR,2012,130.0
dcs:who/HEMOGLOBINLEVEL_NONPREGNANT_MEAN,dcid:country/SUR,2011,130.0
dcs:who/HEMOGLOBINLEVEL_NONPREGNANT_MEAN,dcid:country/SUR,2015,130.0
dcs:who/HEMOGLOBINLEVEL_NONPREGNANT_MEAN,dcid:country/SUR,2000,127.0
dcs:who/HEMOGLOBINLEVEL_NONPREGNANT_MEAN,dcid:country/SUR,2013,130.0
dcs:who/HEMOGLOBINLEVEL_NONPREGNANT_MEAN,dcid:country/SUR,2014,130.0
dcs:who/HEMOGLOBINLEVEL_NONPREGNANT_MEAN,dcid:country/SUR,2009,129.0
dcs:who/HEMOGLOBINLEVEL_NONPREGNANT_MEAN,dcid:country/SUR,2017,130.0
dcs:who/HEMOGLOBINLEVEL_NONPREGNANT_MEAN,dcid:country/SUR,2003,128.0
dcs:who/HEMOGLOBINLEVEL_NONPREGNANT_MEAN,dcid:country/SUR,2001,127.0
dcs:who/HEMOGLOBINLEVEL_NONPREGNANT_MEAN,dcid:country/SUR,2008,129.0
dcs:who/HEMOGLOBINLEVEL_NONPREGNANT_MEAN,dcid:country/SUR,2007,129.0
dcs:who/HEMOGLOBINLEVEL_NONPREGNANT_MEAN,dcid:country/SVK,2006,128.0
dcs:who/HEMOGLOBINLEVEL_NONPREGNANT_MEAN,dcid:country/SVK,2017,128.0
dcs:who/HEMOGLOBINLEVEL_NONPREGNANT_MEAN,dcid:country/SVK,2011,128.0
dcs:who/HEMOGLOBINLEVEL_NONPREGNANT_MEAN,dcid:country/SVK,2008,128.0
dcs:who/HEMOGLOBINLEVEL_NONPREGNANT_MEAN,dcid:country/SVK,2014,128.0
dcs:who/HEMOGLOBINLEVEL_NONPREGNANT_MEAN,dcid:country/SVK,2012,128.0
dcs:who/HEMOGLOBINLEVEL_NONPREGNANT_MEAN,dcid:country/SVK,2005,128.0
dcs:who/HEMOGLOBINLEVEL_NONPREGNANT_MEAN,dcid:country/SVK,2016,128.0
dcs:who/HEMOGLOBINLEVEL_NONPREGNANT_MEAN,dcid:country/SVK,2010,128.0
dcs:who/HEMOGLOBINLEVEL_NONPREGNANT_MEAN,dcid:country/SVK,2013,128.0
dcs:who/HEMOGLOBINLEVEL_NONPREGNANT_MEAN,dcid:country/SVK,2001,128.0
dcs:who/HEMOGLOBINLEVEL_NONPREGNANT_MEAN,dcid:country/SVK,2000,128.0
dcs:who/HEMOGLOBINLEVEL_NONPREGNANT_MEAN,dcid:country/SVK,2003,128.0
dcs:who/HEMOGLOBINLEVEL_NONPREGNANT_MEAN,dcid:country/SVK,2007,128.0
dcs:who/HEMOGLOBINLEVEL_NONPREGNANT_MEAN,dcid:country/SVK,2018,128.0
dcs:who/HEMOGLOBINLEVEL_NONPREGNANT_MEAN,dcid:country/SVK,2004,128.0
dcs:who/HEMOGLOBINLEVEL_NONPREGNANT_MEAN,dcid:country/SVK,2009,128.0
dcs:who/HEMOGLOBINLEVEL_NONPREGNANT_MEAN,dcid:country/SVK,2019,128.0
dcs:who/HEMOGLOBINLEVEL_NONPREGNANT_MEAN,dcid:country/SVK,2015,128.0
dcs:who/HEMOGLOBINLEVEL_NONPREGNANT_MEAN,dcid:country/SVK,2002,128.0
dcs:who/HEMOGLOBINLEVEL_NONPREGNANT_MEAN,dcid:country/SVN,2014,129.0
dcs:who/HEMOGLOBINLEVEL_NONPREGNANT_MEAN,dcid:country/SVN,2000,129.0
dcs:who/HEMOGLOBINLEVEL_NONPREGNANT_MEAN,dcid:country/SVN,2004,129.0
dcs:who/HEMOGLOBINLEVEL_NONPREGNANT_MEAN,dcid:country/SVN,2006,129.0
dcs:who/HEMOGLOBINLEVEL_NONPREGNANT_MEAN,dcid:country/SVN,2001,129.0
dcs:who/HEMOGLOBINLEVEL_NONPREGNANT_MEAN,dcid:country/SVN,2016,129.0
dcs:who/HEMOGLOBINLEVEL_NONPREGNANT_MEAN,dcid:country/SVN,2019,129.0
dcs:who/HEMOGLOBINLEVEL_NONPREGNANT_MEAN,dcid:country/SVN,2013,129.0
dcs:who/HEMOGLOBINLEVEL_NONPREGNANT_MEAN,dcid:country/SVN,2015,129.0
dcs:who/HEMOGLOBINLEVEL_NONPREGNANT_MEAN,dcid:country/SVN,2018,129.0
dcs:who/HEMOGLOBINLEVEL_NONPREGNANT_MEAN,dcid:country/SVN,2003,129.0
dcs:who/HEMOGLOBINLEVEL_NONPREGNANT_MEAN,dcid:country/SVN,2009,129.0
dcs:who/HEMOGLOBINLEVEL_NONPREGNANT_MEAN,dcid:country/SVN,2011,129.0
dcs:who/HEMOGLOBINLEVEL_NONPREGNANT_MEAN,dcid:country/SVN,2010,129.0
dcs:who/HEMOGLOBINLEVEL_NONPREGNANT_MEAN,dcid:country/SVN,2005,129.0
dcs:who/HEMOGLOBINLEVEL_NONPREGNANT_MEAN,dcid:country/SVN,2002,129.0
dcs:who/HEMOGLOBINLEVEL_NONPREGNANT_MEAN,dcid:country/SVN,2008,129.0
dcs:who/HEMOGLOBINLEVEL_NONPREGNANT_MEAN,dcid:country/SVN,2017,129.0
dcs:who/HEMOGLOBINLEVEL_NONPREGNANT_MEAN,dcid:country/SVN,2012,129.0
dcs:who/HEMOGLOBINLEVEL_NONPREGNANT_MEAN,dcid:country/SVN,2007,129.0
dcs:who/HEMOGLOBINLEVEL_NONPREGNANT_MEAN,dcid:country/SWE,2010,131.0
dcs:who/HEMOGLOBINLEVEL_NONPREGNANT_MEAN,dcid:country/SWE,2016,131.0
dcs:who/HEMOGLOBINLEVEL_NONPREGNANT_MEAN,dcid:country/SWE,2017,131.0
dcs:who/HEMOGLOBINLEVEL_NONPREGNANT_MEAN,dcid:country/SWE,2006,131.0
dcs:who/HEMOGLOBINLEVEL_NONPREGNANT_MEAN,dcid:country/SWE,2014,131.0
dcs:who/HEMOGLOBINLEVEL_NONPREGNANT_MEAN,dcid:country/SWE,2008,131.0
dcs:who/HEMOGLOBINLEVEL_NONPREGNANT_MEAN,dcid:country/SWE,2007,131.0
dcs:who/HEMOGLOBINLEVEL_NONPREGNANT_MEAN,dcid:country/SWE,2005,131.0
dcs:who/HEMOGLOBINLEVEL_NONPREGNANT_MEAN,dcid:country/SWE,2015,131.0
dcs:who/HEMOGLOBINLEVEL_NONPREGNANT_MEAN,dcid:country/SWE,2018,131.0
dcs:who/HEMOGLOBINLEVEL_NONPREGNANT_MEAN,dcid:country/SWE,2004,131.0
dcs:who/HEMOGLOBINLEVEL_NONPREGNANT_MEAN,dcid:country/SWE,2013,131.0
dcs:who/HEMOGLOBINLEVEL_NONPREGNANT_MEAN,dcid:country/SWE,2003,131.0
dcs:who/HEMOGLOBINLEVEL_NONPREGNANT_MEAN,dcid:country/SWE,2001,131.0
dcs:who/HEMOGLOBINLEVEL_NONPREGNANT_MEAN,dcid:country/SWE,2012,131.0
dcs:who/HEMOGLOBINLEVEL_NONPREGNANT_MEAN,dcid:country/SWE,2002,131.0
dcs:who/HEMOGLOBINLEVEL_NONPREGNANT_MEAN,dcid:country/SWE,2009,131.0
dcs:who/HEMOGLOBINLEVEL_NONPREGNANT_MEAN,dcid:country/SWE,2019,131.0
dcs:who/HEMOGLOBINLEVEL_NONPREGNANT_MEAN,dcid:country/SWE,2000,131.0
dcs:who/HEMOGLOBINLEVEL_NONPREGNANT_MEAN,dcid:country/SWE,2011,131.0
dcs:who/HEMOGLOBINLEVEL_NONPREGNANT_MEAN,dcid:country/SWZ,2003,126.0
dcs:who/HEMOGLOBINLEVEL_NONPREGNANT_MEAN,dcid:country/SWZ,2002,126.0
dcs:who/HEMOGLOBINLEVEL_NONPREGNANT_MEAN,dcid:country/SWZ,2007,126.0
dcs:who/HEMOGLOBINLEVEL_NONPREGNANT_MEAN,dcid:country/SWZ,2017,127.0
dcs:who/HEMOGLOBINLEVEL_NONPREGNANT_MEAN,dcid:country/SWZ,2015,127.0
dcs:who/HEMOGLOBINLEVEL_NONPREGNANT_MEAN,dcid:country/SWZ,2009,126.0
dcs:who/HEMOGLOBINLEVEL_NONPREGNANT_MEAN,dcid:country/SWZ,2012,127.0
dcs:who/HEMOGLOBINLEVEL_NONPREGNANT_MEAN,dcid:country/SWZ,2019,126.0
dcs:who/HEMOGLOBINLEVEL_NONPREGNANT_MEAN,dcid:country/SWZ,2018,127.0
dcs:who/HEMOGLOBINLEVEL_NONPREGNANT_MEAN,dcid:country/SWZ,2008,126.0
dcs:who/HEMOGLOBINLEVEL_NONPREGNANT_MEAN,dcid:country/SWZ,2013,127.0
dcs:who/HEMOGLOBINLEVEL_NONPREGNANT_MEAN,dcid:country/SWZ,2004,126.0
dcs:who/HEMOGLOBINLEVEL_NONPREGNANT_MEAN,dcid:country/SWZ,2016,127.0
dcs:who/HEMOGLOBINLEVEL_NONPREGNANT_MEAN,dcid:country/SWZ,2001,125.0
dcs:who/HEMOGLOBINLEVEL_NONPREGNANT_MEAN,dcid:country/SWZ,2011,127.0
dcs:who/HEMOGLOBINLEVEL_NONPREGNANT_MEAN,dcid:country/SWZ,2006,126.0
dcs:who/HEMOGLOBINLEVEL_NONPREGNANT_MEAN,dcid:country/SWZ,2005,126.0
dcs:who/HEMOGLOBINLEVEL_NONPREGNANT_MEAN,dcid:country/SWZ,2000,125.0
dcs:who/HEMOGLOBINLEVEL_NONPREGNANT_MEAN,dcid:country/SWZ,2010,127.0
dcs:who/HEMOGLOBINLEVEL_NONPREGNANT_MEAN,dcid:country/SWZ,2014,127.0
dcs:who/HEMOGLOBINLEVEL_NONPREGNANT_MEAN,dcid:country/SYC,2007,128.0
dcs:who/HEMOGLOBINLEVEL_NONPREGNANT_MEAN,dcid:country/SYC,2003,128.0
dcs:who/HEMOGLOBINLEVEL_NONPREGNANT_MEAN,dcid:country/SYC,2008,128.0
dcs:who/HEMOGLOBINLEVEL_NONPREGNANT_MEAN,dcid:country/SYC,2014,129.0
dcs:who/HEMOGLOBINLEVEL_NONPREGNANT_MEAN,dcid:country/SYC,2016,128.0
dcs:who/HEMOGLOBINLEVEL_NONPREGNANT_MEAN,dcid:country/SYC,2009,129.0
dcs:who/HEMOGLOBINLEVEL_NONPREGNANT_MEAN,dcid:country/SYC,2010,129.0
dcs:who/HEMOGLOBINLEVEL_NONPREGNANT_MEAN,dcid:country/SYC,2006,128.0
dcs:who/HEMOGLOBINLEVEL_NONPREGNANT_MEAN,dcid:country/SYC,2004,128.0
dcs:who/HEMOGLOBINLEVEL_NONPREGNANT_MEAN,dcid:country/SYC,2000,127.0
dcs:who/HEMOGLOBINLEVEL_NONPREGNANT_MEAN,dcid:country/SYC,2013,129.0
dcs:who/HEMOGLOBINLEVEL_NONPREGNANT_MEAN,dcid:country/SYC,2012,129.0
dcs:who/HEMOGLOBINLEVEL_NONPREGNANT_MEAN,dcid:country/SYC,2019,128.0
dcs:who/HEMOGLOBINLEVEL_NONPREGNANT_MEAN,dcid:country/SYC,2018,128.0
dcs:who/HEMOGLOBINLEVEL_NONPREGNANT_MEAN,dcid:country/SYC,2017,128.0
dcs:who/HEMOGLOBINLEVEL_NONPREGNANT_MEAN,dcid:country/SYC,2015,129.0
dcs:who/HEMOGLOBINLEVEL_NONPREGNANT_MEAN,dcid:country/SYC,2002,127.0
dcs:who/HEMOGLOBINLEVEL_NONPREGNANT_MEAN,dcid:country/SYC,2005,128.0
dcs:who/HEMOGLOBINLEVEL_NONPREGNANT_MEAN,dcid:country/SYC,2001,127.0
dcs:who/HEMOGLOBINLEVEL_NONPREGNANT_MEAN,dcid:country/SYC,2011,129.0
dcs:who/HEMOGLOBINLEVEL_NONPREGNANT_MEAN,dcid:country/SYR,2018,125.0
dcs:who/HEMOGLOBINLEVEL_NONPREGNANT_MEAN,dcid:country/SYR,2002,124.0
dcs:who/HEMOGLOBINLEVEL_NONPREGNANT_MEAN,dcid:country/SYR,2000,123.0
dcs:who/HEMOGLOBINLEVEL_NONPREGNANT_MEAN,dcid:country/SYR,2013,125.0
dcs:who/HEMOGLOBINLEVEL_NONPREGNANT_MEAN,dcid:country/SYR,2017,125.0
dcs:who/HEMOGLOBINLEVEL_NONPREGNANT_MEAN,dcid:country/SYR,2001,123.0
dcs:who/HEMOGLOBINLEVEL_NONPREGNANT_MEAN,dcid:country/SYR,2006,124.0
dcs:who/HEMOGLOBINLEVEL_NONPREGNANT_MEAN,dcid:country/SYR,2012,125.0
dcs:who/HEMOGLOBINLEVEL_NONPREGNANT_MEAN,dcid:country/SYR,2007,124.0
dcs:who/HEMOGLOBINLEVEL_NONPREGNANT_MEAN,dcid:country/SYR,2005,124.0
dcs:who/HEMOGLOBINLEVEL_NONPREGNANT_MEAN,dcid:country/SYR,2010,125.0
dcs:who/HEMOGLOBINLEVEL_NONPREGNANT_MEAN,dcid:country/SYR,2015,125.0
dcs:who/HEMOGLOBINLEVEL_NONPREGNANT_MEAN,dcid:country/SYR,2019,125.0
dcs:who/HEMOGLOBINLEVEL_NONPREGNANT_MEAN,dcid:country/SYR,2003,124.0
dcs:who/HEMOGLOBINLEVEL_NONPREGNANT_MEAN,dcid:country/SYR,2014,125.0
dcs:who/HEMOGLOBINLEVEL_NONPREGNANT_MEAN,dcid:country/SYR,2009,125.0
dcs:who/HEMOGLOBINLEVEL_NONPREGNANT_MEAN,dcid:country/SYR,2008,125.0
dcs:who/HEMOGLOBINLEVEL_NONPREGNANT_MEAN,dcid:country/SYR,2011,125.0
dcs:who/HEMOGLOBINLEVEL_NONPREGNANT_MEAN,dcid:country/SYR,2016,125.0
dcs:who/HEMOGLOBINLEVEL_NONPREGNANT_MEAN,dcid:country/SYR,2004,124.0
dcs:who/HEMOGLOBINLEVEL_NONPREGNANT_MEAN,dcid:country/TCD,2000,118.0
dcs:who/HEMOGLOBINLEVEL_NONPREGNANT_MEAN,dcid:country/TCD,2008,118.0
dcs:who/HEMOGLOBINLEVEL_NONPREGNANT_MEAN,dcid:country/TCD,2004,118.0
dcs:who/HEMOGLOBINLEVEL_NONPREGNANT_MEAN,dcid:country/TCD,2009,118.0
dcs:who/HEMOGLOBINLEVEL_NONPREGNANT_MEAN,dcid:country/TCD,2012,119.0
dcs:who/HEMOGLOBINLEVEL_NONPREGNANT_MEAN,dcid:country/TCD,2005,118.0
dcs:who/HEMOGLOBINLEVEL_NONPREGNANT_MEAN,dcid:country/TCD,2018,120.0
dcs:who/HEMOGLOBINLEVEL_NONPREGNANT_MEAN,dcid:country/TCD,2017,120.0
dcs:who/HEMOGLOBINLEVEL_NONPREGNANT_MEAN,dcid:country/TCD,2013,119.0
dcs:who/HEMOGLOBINLEVEL_NONPREGNANT_MEAN,dcid:country/TCD,2016,120.0
dcs:who/HEMOGLOBINLEVEL_NONPREGNANT_MEAN,dcid:country/TCD,2010,118.0
dcs:who/HEMOGLOBINLEVEL_NONPREGNANT_MEAN,dcid:country/TCD,2002,118.0
dcs:who/HEMOGLOBINLEVEL_NONPREGNANT_MEAN,dcid:country/TCD,2007,118.0
dcs:who/HEMOGLOBINLEVEL_NONPREGNANT_MEAN,dcid:country/TCD,2011,119.0
dcs:who/HEMOGLOBINLEVEL_NONPREGNANT_MEAN,dcid:country/TCD,2019,120.0
dcs:who/HEMOGLOBINLEVEL_NONPREGNANT_MEAN,dcid:country/TCD,2014,119.0
dcs:who/HEMOGLOBINLEVEL_NONPREGNANT_MEAN,dcid:country/TCD,2015,119.0
dcs:who/HEMOGLOBINLEVEL_NONPREGNANT_MEAN,dcid:country/TCD,2003,118.0
dcs:who/HEMOGLOBINLEVEL_NONPREGNANT_MEAN,dcid:country/TCD,2001,118.0
dcs:who/HEMOGLOBINLEVEL_NONPREGNANT_MEAN,dcid:country/TCD,2006,118.0
dcs:who/HEMOGLOBINLEVEL_NONPREGNANT_MEAN,dcid:country/TGO,2013,120.0
dcs:who/HEMOGLOBINLEVEL_NONPREGNANT_MEAN,dcid:country/TGO,2000,119.0
dcs:who/HEMOGLOBINLEVEL_NONPREGNANT_MEAN,dcid:country/TGO,2004,119.0
dcs:who/HEMOGLOBINLEVEL_NONPREGNANT_MEAN,dcid:country/TGO,2009,120.0
dcs:who/HEMOGLOBINLEVEL_NONPREGNANT_MEAN,dcid:country/TGO,2003,119.0
dcs:who/HEMOGLOBINLEVEL_NONPREGNANT_MEAN,dcid:country/TGO,2015,120.0
dcs:who/HEMOGLOBINLEVEL_NONPREGNANT_MEAN,dcid:country/TGO,2011,120.0
dcs:who/HEMOGLOBINLEVEL_NONPREGNANT_MEAN,dcid:country/TGO,2005,119.0
dcs:who/HEMOGLOBINLEVEL_NONPREGNANT_MEAN,dcid:country/TGO,2017,120.0
dcs:who/HEMOGLOBINLEVEL_NONPREGNANT_MEAN,dcid:country/TGO,2006,119.0
dcs:who/HEMOGLOBINLEVEL_NONPREGNANT_MEAN,dcid:country/TGO,2012,120.0
dcs:who/HEMOGLOBINLEVEL_NONPREGNANT_MEAN,dcid:country/TGO,2010,120.0
dcs:who/HEMOGLOBINLEVEL_NONPREGNANT_MEAN,dcid:country/TGO,2019,121.0
dcs:who/HEMOGLOBINLEVEL_NONPREGNANT_MEAN,dcid:country/TGO,2002,119.0
dcs:who/HEMOGLOBINLEVEL_NONPREGNANT_MEAN,dcid:country/TGO,2008,119.0
dcs:who/HEMOGLOBINLEVEL_NONPREGNANT_MEAN,dcid:country/TGO,2018,121.0
dcs:who/HEMOGLOBINLEVEL_NONPREGNANT_MEAN,dcid:country/TGO,2007,119.0
dcs:who/HEMOGLOBINLEVEL_NONPREGNANT_MEAN,dcid:country/TGO,2016,120.0
dcs:who/HEMOGLOBINLEVEL_NONPREGNANT_MEAN,dcid:country/TGO,2014,120.0
dcs:who/HEMOGLOBINLEVEL_NONPREGNANT_MEAN,dcid:country/TGO,2001,119.0
dcs:who/HEMOGLOBINLEVEL_NONPREGNANT_MEAN,dcid:country/THA,2006,128.0
dcs:who/HEMOGLOBINLEVEL_NONPREGNANT_MEAN,dcid:country/THA,2001,128.0
dcs:who/HEMOGLOBINLEVEL_NONPREGNANT_MEAN,dcid:country/THA,2005,128.0
dcs:who/HEMOGLOBINLEVEL_NONPREGNANT_MEAN,dcid:country/THA,2008,128.0
dcs:who/HEMOGLOBINLEVEL_NONPREGNANT_MEAN,dcid:country/THA,2011,128.0
dcs:who/HEMOGLOBINLEVEL_NONPREGNANT_MEAN,dcid:country/THA,2014,128.0
dcs:who/HEMOGLOBINLEVEL_NONPREGNANT_MEAN,dcid:country/THA,2016,128.0
dcs:who/HEMOGLOBINLEVEL_NONPREGNANT_MEAN,dcid:country/THA,2004,128.0
dcs:who/HEMOGLOBINLEVEL_NONPREGNANT_MEAN,dcid:country/THA,2007,128.0
dcs:who/HEMOGLOBINLEVEL_NONPREGNANT_MEAN,dcid:country/THA,2003,128.0
dcs:who/HEMOGLOBINLEVEL_NONPREGNANT_MEAN,dcid:country/THA,2009,128.0
dcs:who/HEMOGLOBINLEVEL_NONPREGNANT_MEAN,dcid:country/THA,2018,128.0
dcs:who/HEMOGLOBINLEVEL_NONPREGNANT_MEAN,dcid:country/THA,2015,128.0
dcs:who/HEMOGLOBINLEVEL_NONPREGNANT_MEAN,dcid:country/THA,2017,128.0
dcs:who/HEMOGLOBINLEVEL_NONPREGNANT_MEAN,dcid:country/THA,2000,128.0
dcs:who/HEMOGLOBINLEVEL_NONPREGNANT_MEAN,dcid:country/THA,2019,128.0
dcs:who/HEMOGLOBINLEVEL_NONPREGNANT_MEAN,dcid:country/THA,2002,128.0
dcs:who/HEMOGLOBINLEVEL_NONPREGNANT_MEAN,dcid:country/THA,2010,128.0
dcs:who/HEMOGLOBINLEVEL_NONPREGNANT_MEAN,dcid:country/THA,2012,128.0
dcs:who/HEMOGLOBINLEVEL_NONPREGNANT_MEAN,dcid:country/THA,2013,128.0
dcs:who/HEMOGLOBINLEVEL_NONPREGNANT_MEAN,dcid:country/TJK,2004,124.0
dcs:who/HEMOGLOBINLEVEL_NONPREGNANT_MEAN,dcid:country/TJK,2007,125.0
dcs:who/HEMOGLOBINLEVEL_NONPREGNANT_MEAN,dcid:country/TJK,2010,125.0
dcs:who/HEMOGLOBINLEVEL_NONPREGNANT_MEAN,dcid:country/TJK,2011,125.0
dcs:who/HEMOGLOBINLEVEL_NONPREGNANT_MEAN,dcid:country/TJK,2015,125.0
dcs:who/HEMOGLOBINLEVEL_NONPREGNANT_MEAN,dcid:country/TJK,2003,123.0
dcs:who/HEMOGLOBINLEVEL_NONPREGNANT_MEAN,dcid:country/TJK,2016,125.0
dcs:who/HEMOGLOBINLEVEL_NONPREGNANT_MEAN,dcid:country/TJK,2013,125.0
dcs:who/HEMOGLOBINLEVEL_NONPREGNANT_MEAN,dcid:country/TJK,2017,124.0
dcs:who/HEMOGLOBINLEVEL_NONPREGNANT_MEAN,dcid:country/TJK,2012,125.0
dcs:who/HEMOGLOBINLEVEL_NONPREGNANT_MEAN,dcid:country/TJK,2001,123.0
dcs:who/HEMOGLOBINLEVEL_NONPREGNANT_MEAN,dcid:country/TJK,2009,125.0
dcs:who/HEMOGLOBINLEVEL_NONPREGNANT_MEAN,dcid:country/TJK,2019,124.0
dcs:who/HEMOGLOBINLEVEL_NONPREGNANT_MEAN,dcid:country/TJK,2002,123.0
dcs:who/HEMOGLOBINLEVEL_NONPREGNANT_MEAN,dcid:country/TJK,2018,124.0
dcs:who/HEMOGLOBINLEVEL_NONPREGNANT_MEAN,dcid:country/TJK,2006,124.0
dcs:who/HEMOGLOBINLEVEL_NONPREGNANT_MEAN,dcid:country/TJK,2005,124.0
dcs:who/HEMOGLOBINLEVEL_NONPREGNANT_MEAN,dcid:country/TJK,2000,122.0
dcs:who/HEMOGLOBINLEVEL_NONPREGNANT_MEAN,dcid:country/TJK,2014,125.0
dcs:who/HEMOGLOBINLEVEL_NONPREGNANT_MEAN,dcid:country/TJK,2008,125.0
dcs:who/HEMOGLOBINLEVEL_NONPREGNANT_MEAN,dcid:country/TKM,2018,127.0
dcs:who/HEMOGLOBINLEVEL_NONPREGNANT_MEAN,dcid:country/TKM,2015,127.0
dcs:who/HEMOGLOBINLEVEL_NONPREGNANT_MEAN,dcid:country/TKM,2010,127.0
dcs:who/HEMOGLOBINLEVEL_NONPREGNANT_MEAN,dcid:country/TKM,2008,127.0
dcs:who/HEMOGLOBINLEVEL_NONPREGNANT_MEAN,dcid:country/TKM,2001,125.0
dcs:who/HEMOGLOBINLEVEL_NONPREGNANT_MEAN,dcid:country/TKM,2007,127.0
dcs:who/HEMOGLOBINLEVEL_NONPREGNANT_MEAN,dcid:country/TKM,2009,127.0
dcs:who/HEMOGLOBINLEVEL_NONPREGNANT_MEAN,dcid:country/TKM,2004,126.0
dcs:who/HEMOGLOBINLEVEL_NONPREGNANT_MEAN,dcid:country/TKM,2002,125.0
dcs:who/HEMOGLOBINLEVEL_NONPREGNANT_MEAN,dcid:country/TKM,2011,127.0
dcs:who/HEMOGLOBINLEVEL_NONPREGNANT_MEAN,dcid:country/TKM,2005,126.0
dcs:who/HEMOGLOBINLEVEL_NONPREGNANT_MEAN,dcid:country/TKM,2014,127.0
dcs:who/HEMOGLOBINLEVEL_NONPREGNANT_MEAN,dcid:country/TKM,2016,127.0
dcs:who/HEMOGLOBINLEVEL_NONPREGNANT_MEAN,dcid:country/TKM,2003,125.0
dcs:who/HEMOGLOBINLEVEL_NONPREGNANT_MEAN,dcid:country/TKM,2000,125.0
dcs:who/HEMOGLOBINLEVEL_NONPREGNANT_MEAN,dcid:country/TKM,2006,126.0
dcs:who/HEMOGLOBINLEVEL_NONPREGNANT_MEAN,dcid:country/TKM,2012,127.0
dcs:who/HEMOGLOBINLEVEL_NONPREGNANT_MEAN,dcid:country/TKM,2017,127.0
dcs:who/HEMOGLOBINLEVEL_NONPREGNANT_MEAN,dcid:country/TKM,2013,127.0
dcs:who/HEMOGLOBINLEVEL_NONPREGNANT_MEAN,dcid:country/TKM,2019,127.0
dcs:who/HEMOGLOBINLEVEL_NONPREGNANT_MEAN,dcid:country/TLS,2001,124.0
dcs:who/HEMOGLOBINLEVEL_NONPREGNANT_MEAN,dcid:country/TLS,2009,127.0
dcs:who/HEMOGLOBINLEVEL_NONPREGNANT_MEAN,dcid:country/TLS,2002,124.0
dcs:who/HEMOGLOBINLEVEL_NONPREGNANT_MEAN,dcid:country/TLS,2000,123.0
dcs:who/HEMOGLOBINLEVEL_NONPREGNANT_MEAN,dcid:country/TLS,2010,127.0
dcs:who/HEMOGLOBINLEVEL_NONPREGNANT_MEAN,dcid:country/TLS,2003,124.0
dcs:who/HEMOGLOBINLEVEL_NONPREGNANT_MEAN,dcid:country/TLS,2007,126.0
dcs:who/HEMOGLOBINLEVEL_NONPREGNANT_MEAN,dcid:country/TLS,2013,127.0
dcs:who/HEMOGLOBINLEVEL_NONPREGNANT_MEAN,dcid:country/TLS,2005,125.0
dcs:who/HEMOGLOBINLEVEL_NONPREGNANT_MEAN,dcid:country/TLS,2008,126.0
dcs:who/HEMOGLOBINLEVEL_NONPREGNANT_MEAN,dcid:country/TLS,2017,126.0
dcs:who/HEMOGLOBINLEVEL_NONPREGNANT_MEAN,dcid:country/TLS,2014,127.0
dcs:who/HEMOGLOBINLEVEL_NONPREGNANT_MEAN,dcid:country/TLS,2011,127.0
dcs:who/HEMOGLOBINLEVEL_NONPREGNANT_MEAN,dcid:country/TLS,2012,127.0
dcs:who/HEMOGLOBINLEVEL_NONPREGNANT_MEAN,dcid:country/TLS,2015,126.0
dcs:who/HEMOGLOBINLEVEL_NONPREGNANT_MEAN,dcid:country/TLS,2004,125.0
dcs:who/HEMOGLOBINLEVEL_NONPREGNANT_MEAN,dcid:country/TLS,2016,126.0
dcs:who/HEMOGLOBINLEVEL_NONPREGNANT_MEAN,dcid:country/TLS,2019,126.0
dcs:who/HEMOGLOBINLEVEL_NONPREGNANT_MEAN,dcid:country/TLS,2006,126.0
dcs:who/HEMOGLOBINLEVEL_NONPREGNANT_MEAN,dcid:country/TLS,2018,126.0
dcs:who/HEMOGLOBINLEVEL_NONPREGNANT_MEAN,dcid:country/TON,2018,127.0
dcs:who/HEMOGLOBINLEVEL_NONPREGNANT_MEAN,dcid:country/TON,2012,127.0
dcs:who/HEMOGLOBINLEVEL_NONPREGNANT_MEAN,dcid:country/TON,2009,128.0
dcs:who/HEMOGLOBINLEVEL_NONPREGNANT_MEAN,dcid:country/TON,2019,127.0
dcs:who/HEMOGLOBINLEVEL_NONPREGNANT_MEAN,dcid:country/TON,2013,127.0
dcs:who/HEMOGLOBINLEVEL_NONPREGNANT_MEAN,dcid:country/TON,2010,127.0
dcs:who/HEMOGLOBINLEVEL_NONPREGNANT_MEAN,dcid:country/TON,2007,127.0
dcs:who/HEMOGLOBINLEVEL_NONPREGNANT_MEAN,dcid:country/TON,2004,128.0
dcs:who/HEMOGLOBINLEVEL_NONPREGNANT_MEAN,dcid:country/TON,2014,127.0
dcs:who/HEMOGLOBINLEVEL_NONPREGNANT_MEAN,dcid:country/TON,2006,127.0
dcs:who/HEMOGLOBINLEVEL_NONPREGNANT_MEAN,dcid:country/TON,2015,127.0
dcs:who/HEMOGLOBINLEVEL_NONPREGNANT_MEAN,dcid:country/TON,2017,127.0
dcs:who/HEMOGLOBINLEVEL_NONPREGNANT_MEAN,dcid:country/TON,2005,127.0
dcs:who/HEMOGLOBINLEVEL_NONPREGNANT_MEAN,dcid:country/TON,2016,127.0
dcs:who/HEMOGLOBINLEVEL_NONPREGNANT_MEAN,dcid:country/TON,2008,127.0
dcs:who/HEMOGLOBINLEVEL_NONPREGNANT_MEAN,dcid:country/TON,2000,127.0
dcs:who/HEMOGLOBINLEVEL_NONPREGNANT_MEAN,dcid:country/TON,2002,128.0
dcs:who/HEMOGLOBINLEVEL_NONPREGNANT_MEAN,dcid:country/TON,2003,128.0
dcs:who/HEMOGLOBINLEVEL_NONPREGNANT_MEAN,dcid:country/TON,2011,127.0
dcs:who/HEMOGLOBINLEVEL_NONPREGNANT_MEAN,dcid:country/TON,2001,127.0
dcs:who/HEMOGLOBINLEVEL_NONPREGNANT_MEAN,dcid:country/TTO,2014,131.0
dcs:who/HEMOGLOBINLEVEL_NONPREGNANT_MEAN,dcid:country/TTO,2008,130.0
dcs:who/HEMOGLOBINLEVEL_NONPREGNANT_MEAN,dcid:country/TTO,2001,128.0
dcs:who/HEMOGLOBINLEVEL_NONPREGNANT_MEAN,dcid:country/TTO,2013,131.0
dcs:who/HEMOGLOBINLEVEL_NONPREGNANT_MEAN,dcid:country/TTO,2015,131.0
dcs:who/HEMOGLOBINLEVEL_NONPREGNANT_MEAN,dcid:country/TTO,2000,127.0
dcs:who/HEMOGLOBINLEVEL_NONPREGNANT_MEAN,dcid:country/TTO,2009,130.0
dcs:who/HEMOGLOBINLEVEL_NONPREGNANT_MEAN,dcid:country/TTO,2002,128.0
dcs:who/HEMOGLOBINLEVEL_NONPREGNANT_MEAN,dcid:country/TTO,2018,131.0
dcs:who/HEMOGLOBINLEVEL_NONPREGNANT_MEAN,dcid:country/TTO,2011,130.0
dcs:who/HEMOGLOBINLEVEL_NONPREGNANT_MEAN,dcid:country/TTO,2010,130.0
dcs:who/HEMOGLOBINLEVEL_NONPREGNANT_MEAN,dcid:country/TTO,2017,131.0
dcs:who/HEMOGLOBINLEVEL_NONPREGNANT_MEAN,dcid:country/TTO,2007,129.0
dcs:who/HEMOGLOBINLEVEL_NONPREGNANT_MEAN,dcid:country/TTO,2012,130.0
dcs:who/HEMOGLOBINLEVEL_NONPREGNANT_MEAN,dcid:country/TTO,2003,128.0
dcs:who/HEMOGLOBINLEVEL_NONPREGNANT_MEAN,dcid:country/TTO,2004,129.0
dcs:who/HEMOGLOBINLEVEL_NONPREGNANT_MEAN,dcid:country/TTO,2016,131.0
dcs:who/HEMOGLOBINLEVEL_NONPREGNANT_MEAN,dcid:country/TTO,2019,130.0
dcs:who/HEMOGLOBINLEVEL_NONPREGNANT_MEAN,dcid:country/TTO,2005,129.0
dcs:who/HEMOGLOBINLEVEL_NONPREGNANT_MEAN,dcid:country/TTO,2006,129.0
dcs:who/HEMOGLOBINLEVEL_NONPREGNANT_MEAN,dcid:country/TUN,2011,125.0
dcs:who/HEMOGLOBINLEVEL_NONPREGNANT_MEAN,dcid:country/TUN,2005,125.0
dcs:who/HEMOGLOBINLEVEL_NONPREGNANT_MEAN,dcid:country/TUN,2018,125.0
dcs:who/HEMOGLOBINLEVEL_NONPREGNANT_MEAN,dcid:country/TUN,2002,125.0
dcs:who/HEMOGLOBINLEVEL_NONPREGNANT_MEAN,dcid:country/TUN,2012,125.0
dcs:who/HEMOGLOBINLEVEL_NONPREGNANT_MEAN,dcid:country/TUN,2008,125.0
dcs:who/HEMOGLOBINLEVEL_NONPREGNANT_MEAN,dcid:country/TUN,2010,125.0
dcs:who/HEMOGLOBINLEVEL_NONPREGNANT_MEAN,dcid:country/TUN,2007,125.0
dcs:who/HEMOGLOBINLEVEL_NONPREGNANT_MEAN,dcid:country/TUN,2015,125.0
dcs:who/HEMOGLOBINLEVEL_NONPREGNANT_MEAN,dcid:country/TUN,2014,125.0
dcs:who/HEMOGLOBINLEVEL_NONPREGNANT_MEAN,dcid:country/TUN,2017,125.0
dcs:who/HEMOGLOBINLEVEL_NONPREGNANT_MEAN,dcid:country/TUN,2016,125.0
dcs:who/HEMOGLOBINLEVEL_NONPREGNANT_MEAN,dcid:country/TUN,2001,125.0
dcs:who/HEMOGLOBINLEVEL_NONPREGNANT_MEAN,dcid:country/TUN,2004,125.0
dcs:who/HEMOGLOBINLEVEL_NONPREGNANT_MEAN,dcid:country/TUN,2000,125.0
dcs:who/HEMOGLOBINLEVEL_NONPREGNANT_MEAN,dcid:country/TUN,2006,125.0
dcs:who/HEMOGLOBINLEVEL_NONPREGNANT_MEAN,dcid:country/TUN,2009,125.0
dcs:who/HEMOGLOBINLEVEL_NONPREGNANT_MEAN,dcid:country/TUN,2019,125.0
dcs:who/HEMOGLOBINLEVEL_NONPREGNANT_MEAN,dcid:country/TUN,2003,125.0
dcs:who/HEMOGLOBINLEVEL_NONPREGNANT_MEAN,dcid:country/TUN,2013,125.0
dcs:who/HEMOGLOBINLEVEL_NONPREGNANT_MEAN,dcid:country/TUR,2001,124.0
dcs:who/HEMOGLOBINLEVEL_NONPREGNANT_MEAN,dcid:country/TUR,2016,126.0
dcs:who/HEMOGLOBINLEVEL_NONPREGNANT_MEAN,dcid:country/TUR,2014,126.0
dcs:who/HEMOGLOBINLEVEL_NONPREGNANT_MEAN,dcid:country/TUR,2003,124.0
dcs:who/HEMOGLOBINLEVEL_NONPREGNANT_MEAN,dcid:country/TUR,2008,125.0
dcs:who/HEMOGLOBINLEVEL_NONPREGNANT_MEAN,dcid:country/TUR,2018,126.0
dcs:who/HEMOGLOBINLEVEL_NONPREGNANT_MEAN,dcid:country/TUR,2015,126.0
dcs:who/HEMOGLOBINLEVEL_NONPREGNANT_MEAN,dcid:country/TUR,2000,123.0
dcs:who/HEMOGLOBINLEVEL_NONPREGNANT_MEAN,dcid:country/TUR,2007,125.0
dcs:who/HEMOGLOBINLEVEL_NONPREGNANT_MEAN,dcid:country/TUR,2017,126.0
dcs:who/HEMOGLOBINLEVEL_NONPREGNANT_MEAN,dcid:country/TUR,2005,124.0
dcs:who/HEMOGLOBINLEVEL_NONPREGNANT_MEAN,dcid:country/TUR,2011,125.0
dcs:who/HEMOGLOBINLEVEL_NONPREGNANT_MEAN,dcid:country/TUR,2009,125.0
dcs:who/HEMOGLOBINLEVEL_NONPREGNANT_MEAN,dcid:country/TUR,2002,124.0
dcs:who/HEMOGLOBINLEVEL_NONPREGNANT_MEAN,dcid:country/TUR,2012,125.0
dcs:who/HEMOGLOBINLEVEL_NONPREGNANT_MEAN,dcid:country/TUR,2006,124.0
dcs:who/HEMOGLOBINLEVEL_NONPREGNANT_MEAN,dcid:country/TUR,2013,126.0
dcs:who/HEMOGLOBINLEVEL_NONPREGNANT_MEAN,dcid:country/TUR,2019,126.0
dcs:who/HEMOGLOBINLEVEL_NONPREGNANT_MEAN,dcid:country/TUR,2004,124.0
dcs:who/HEMOGLOBINLEVEL_NONPREGNANT_MEAN,dcid:country/TUR,2010,125.0
dcs:who/HEMOGLOBINLEVEL_NONPREGNANT_MEAN,dcid:country/TUV,2002,128.0
dcs:who/HEMOGLOBINLEVEL_NONPREGNANT_MEAN,dcid:country/TUV,2009,128.0
dcs:who/HEMOGLOBINLEVEL_NONPREGNANT_MEAN,dcid:country/TUV,2019,127.0
dcs:who/HEMOGLOBINLEVEL_NONPREGNANT_MEAN,dcid:country/TUV,2010,128.0
dcs:who/HEMOGLOBINLEVEL_NONPREGNANT_MEAN,dcid:country/TUV,2008,128.0
dcs:who/HEMOGLOBINLEVEL_NONPREGNANT_MEAN,dcid:country/TUV,2017,127.0
dcs:who/HEMOGLOBINLEVEL_NONPREGNANT_MEAN,dcid:country/TUV,2012,128.0
dcs:who/HEMOGLOBINLEVEL_NONPREGNANT_MEAN,dcid:country/TUV,2016,127.0
dcs:who/HEMOGLOBINLEVEL_NONPREGNANT_MEAN,dcid:country/TUV,2007,128.0
dcs:who/HEMOGLOBINLEVEL_NONPREGNANT_MEAN,dcid:country/TUV,2003,128.0
dcs:who/HEMOGLOBINLEVEL_NONPREGNANT_MEAN,dcid:country/TUV,2000,127.0
dcs:who/HEMOGLOBINLEVEL_NONPREGNANT_MEAN,dcid:country/TUV,2011,128.0
dcs:who/HEMOGLOBINLEVEL_NONPREGNANT_MEAN,dcid:country/TUV,2015,127.0
dcs:who/HEMOGLOBINLEVEL_NONPREGNANT_MEAN,dcid:country/TUV,2001,128.0
dcs:who/HEMOGLOBINLEVEL_NONPREGNANT_MEAN,dcid:country/TUV,2006,128.0
dcs:who/HEMOGLOBINLEVEL_NONPREGNANT_MEAN,dcid:country/TUV,2018,127.0
dcs:who/HEMOGLOBINLEVEL_NONPREGNANT_MEAN,dcid:country/TUV,2014,127.0
dcs:who/HEMOGLOBINLEVEL_NONPREGNANT_MEAN,dcid:country/TUV,2005,128.0
dcs:who/HEMOGLOBINLEVEL_NONPREGNANT_MEAN,dcid:country/TUV,2004,128.0
dcs:who/HEMOGLOBINLEVEL_NONPREGNANT_MEAN,dcid:country/TUV,2013,127.0
dcs:who/HEMOGLOBINLEVEL_NONPREGNANT_MEAN,dcid:country/TZA,2014,123.0
dcs:who/HEMOGLOBINLEVEL_NONPREGNANT_MEAN,dcid:country/TZA,2015,123.0
dcs:who/HEMOGLOBINLEVEL_NONPREGNANT_MEAN,dcid:country/TZA,2002,120.0
dcs:who/HEMOGLOBINLEVEL_NONPREGNANT_MEAN,dcid:country/TZA,2012,123.0
dcs:who/HEMOGLOBINLEVEL_NONPREGNANT_MEAN,dcid:country/TZA,2010,122.0
dcs:who/HEMOGLOBINLEVEL_NONPREGNANT_MEAN,dcid:country/TZA,2001,120.0
dcs:who/HEMOGLOBINLEVEL_NONPREGNANT_MEAN,dcid:country/TZA,2008,122.0
dcs:who/HEMOGLOBINLEVEL_NONPREGNANT_MEAN,dcid:country/TZA,2009,122.0
dcs:who/HEMOGLOBINLEVEL_NONPREGNANT_MEAN,dcid:country/TZA,2018,123.0
dcs:who/HEMOGLOBINLEVEL_NONPREGNANT_MEAN,dcid:country/TZA,2007,121.0
dcs:who/HEMOGLOBINLEVEL_NONPREGNANT_MEAN,dcid:country/TZA,2006,121.0
dcs:who/HEMOGLOBINLEVEL_NONPREGNANT_MEAN,dcid:country/TZA,2004,121.0
dcs:who/HEMOGLOBINLEVEL_NONPREGNANT_MEAN,dcid:country/TZA,2003,120.0
dcs:who/HEMOGLOBINLEVEL_NONPREGNANT_MEAN,dcid:country/TZA,2019,123.0
dcs:who/HEMOGLOBINLEVEL_NONPREGNANT_MEAN,dcid:country/TZA,2005,121.0
dcs:who/HEMOGLOBINLEVEL_NONPREGNANT_MEAN,dcid:country/TZA,2000,120.0
dcs:who/HEMOGLOBINLEVEL_NONPREGNANT_MEAN,dcid:country/TZA,2011,122.0
dcs:who/HEMOGLOBINLEVEL_NONPREGNANT_MEAN,dcid:country/TZA,2016,123.0
dcs:who/HEMOGLOBINLEVEL_NONPREGNANT_MEAN,dcid:country/TZA,2013,123.0
dcs:who/HEMOGLOBINLEVEL_NONPREGNANT_MEAN,dcid:country/TZA,2017,123.0
dcs:who/HEMOGLOBINLEVEL_NONPREGNANT_MEAN,dcid:country/UGA,2006,125.0
dcs:who/HEMOGLOBINLEVEL_NONPREGNANT_MEAN,dcid:country/UGA,2002,124.0
dcs:who/HEMOGLOBINLEVEL_NONPREGNANT_MEAN,dcid:country/UGA,2016,126.0
dcs:who/HEMOGLOBINLEVEL_NONPREGNANT_MEAN,dcid:country/UGA,2015,127.0
dcs:who/HEMOGLOBINLEVEL_NONPREGNANT_MEAN,dcid:country/UGA,2012,127.0
dcs:who/HEMOGLOBINLEVEL_NONPREGNANT_MEAN,dcid:country/UGA,2000,124.0
dcs:who/HEMOGLOBINLEVEL_NONPREGNANT_MEAN,dcid:country/UGA,2018,126.0
dcs:who/HEMOGLOBINLEVEL_NONPREGNANT_MEAN,dcid:country/UGA,2017,126.0
dcs:who/HEMOGLOBINLEVEL_NONPREGNANT_MEAN,dcid:country/UGA,2013,127.0
dcs:who/HEMOGLOBINLEVEL_NONPREGNANT_MEAN,dcid:country/UGA,2011,127.0
dcs:who/HEMOGLOBINLEVEL_NONPREGNANT_MEAN,dcid:country/UGA,2004,125.0
dcs:who/HEMOGLOBINLEVEL_NONPREGNANT_MEAN,dcid:country/UGA,2010,127.0
dcs:who/HEMOGLOBINLEVEL_NONPREGNANT_MEAN,dcid:country/UGA,2001,124.0
dcs:who/HEMOGLOBINLEVEL_NONPREGNANT_MEAN,dcid:country/UGA,2008,126.0
dcs:who/HEMOGLOBINLEVEL_NONPREGNANT_MEAN,dcid:country/UGA,2009,126.0
dcs:who/HEMOGLOBINLEVEL_NONPREGNANT_MEAN,dcid:country/UGA,2007,126.0
dcs:who/HEMOGLOBINLEVEL_NONPREGNANT_MEAN,dcid:country/UGA,2005,125.0
dcs:who/HEMOGLOBINLEVEL_NONPREGNANT_MEAN,dcid:country/UGA,2019,126.0
dcs:who/HEMOGLOBINLEVEL_NONPREGNANT_MEAN,dcid:country/UGA,2014,127.0
dcs:who/HEMOGLOBINLEVEL_NONPREGNANT_MEAN,dcid:country/UGA,2003,125.0
dcs:who/HEMOGLOBINLEVEL_NONPREGNANT_MEAN,dcid:country/UKR,2000,134.0
dcs:who/HEMOGLOBINLEVEL_NONPREGNANT_MEAN,dcid:country/UKR,2010,133.0
dcs:who/HEMOGLOBINLEVEL_NONPREGNANT_MEAN,dcid:country/UKR,2006,133.0
dcs:who/HEMOGLOBINLEVEL_NONPREGNANT_MEAN,dcid:country/UKR,2007,133.0
dcs:who/HEMOGLOBINLEVEL_NONPREGNANT_MEAN,dcid:country/UKR,2015,132.0
dcs:who/HEMOGLOBINLEVEL_NONPREGNANT_MEAN,dcid:country/UKR,2009,133.0
dcs:who/HEMOGLOBINLEVEL_NONPREGNANT_MEAN,dcid:country/UKR,2019,131.0
dcs:who/HEMOGLOBINLEVEL_NONPREGNANT_MEAN,dcid:country/UKR,2005,134.0
dcs:who/HEMOGLOBINLEVEL_NONPREGNANT_MEAN,dcid:country/UKR,2008,133.0
dcs:who/HEMOGLOBINLEVEL_NONPREGNANT_MEAN,dcid:country/UKR,2003,134.0
dcs:who/HEMOGLOBINLEVEL_NONPREGNANT_MEAN,dcid:country/UKR,2004,134.0
dcs:who/HEMOGLOBINLEVEL_NONPREGNANT_MEAN,dcid:country/UKR,2011,133.0
dcs:who/HEMOGLOBINLEVEL_NONPREGNANT_MEAN,dcid:country/UKR,2018,131.0
dcs:who/HEMOGLOBINLEVEL_NONPREGNANT_MEAN,dcid:country/UKR,2001,134.0
dcs:who/HEMOGLOBINLEVEL_NONPREGNANT_MEAN,dcid:country/UKR,2002,134.0
dcs:who/HEMOGLOBINLEVEL_NONPREGNANT_MEAN,dcid:country/UKR,2013,132.0
dcs:who/HEMOGLOBINLEVEL_NONPREGNANT_MEAN,dcid:country/UKR,2017,131.0
dcs:who/HEMOGLOBINLEVEL_NONPREGNANT_MEAN,dcid:country/UKR,2014,132.0
dcs:who/HEMOGLOBINLEVEL_NONPREGNANT_MEAN,dcid:country/UKR,2012,133.0
dcs:who/HEMOGLOBINLEVEL_NONPREGNANT_MEAN,dcid:country/UKR,2016,132.0
dcs:who/HEMOGLOBINLEVEL_NONPREGNANT_MEAN,dcid:country/URY,2011,132.0
dcs:who/HEMOGLOBINLEVEL_NONPREGNANT_MEAN,dcid:country/URY,2010,132.0
dcs:who/HEMOGLOBINLEVEL_NONPREGNANT_MEAN,dcid:country/URY,2009,132.0
dcs:who/HEMOGLOBINLEVEL_NONPREGNANT_MEAN,dcid:country/URY,2003,132.0
dcs:who/HEMOGLOBINLEVEL_NONPREGNANT_MEAN,dcid:country/URY,2016,132.0
dcs:who/HEMOGLOBINLEVEL_NONPREGNANT_MEAN,dcid:country/URY,2005,132.0
dcs:who/HEMOGLOBINLEVEL_NONPREGNANT_MEAN,dcid:country/URY,2001,132.0
dcs:who/HEMOGLOBINLEVEL_NONPREGNANT_MEAN,dcid:country/URY,2007,132.0
dcs:who/HEMOGLOBINLEVEL_NONPREGNANT_MEAN,dcid:country/URY,2000,133.0
dcs:who/HEMOGLOBINLEVEL_NONPREGNANT_MEAN,dcid:country/URY,2013,132.0
dcs:who/HEMOGLOBINLEVEL_NONPREGNANT_MEAN,dcid:country/URY,2008,132.0
dcs:who/HEMOGLOBINLEVEL_NONPREGNANT_MEAN,dcid:country/URY,2004,132.0
dcs:who/HEMOGLOBINLEVEL_NONPREGNANT_MEAN,dcid:country/URY,2019,131.0
dcs:who/HEMOGLOBINLEVEL_NONPREGNANT_MEAN,dcid:country/URY,2012,132.0
dcs:who/HEMOGLOBINLEVEL_NONPREGNANT_MEAN,dcid:country/URY,2018,131.0
dcs:who/HEMOGLOBINLEVEL_NONPREGNANT_MEAN,dcid:country/URY,2015,132.0
dcs:who/HEMOGLOBINLEVEL_NONPREGNANT_MEAN,dcid:country/URY,2017,131.0
dcs:who/HEMOGLOBINLEVEL_NONPREGNANT_MEAN,dcid:country/URY,2014,132.0
dcs:who/HEMOGLOBINLEVEL_NONPREGNANT_MEAN,dcid:country/URY,2006,132.0
dcs:who/HEMOGLOBINLEVEL_NONPREGNANT_MEAN,dcid:country/URY,2002,132.0
dcs:who/HEMOGLOBINLEVEL_NONPREGNANT_MEAN,dcid:country/USA,2012,133.0
dcs:who/HEMOGLOBINLEVEL_NONPREGNANT_MEAN,dcid:country/USA,2000,135.0
dcs:who/HEMOGLOBINLEVEL_NONPREGNANT_MEAN,dcid:country/USA,2008,134.0
dcs:who/HEMOGLOBINLEVEL_NONPREGNANT_MEAN,dcid:country/USA,2014,133.0
dcs:who/HEMOGLOBINLEVEL_NONPREGNANT_MEAN,dcid:country/USA,2003,135.0
dcs:who/HEMOGLOBINLEVEL_NONPREGNANT_MEAN,dcid:country/USA,2017,132.0
dcs:who/HEMOGLOBINLEVEL_NONPREGNANT_MEAN,dcid:country/USA,2006,134.0
dcs:who/HEMOGLOBINLEVEL_NONPREGNANT_MEAN,dcid:country/USA,2001,135.0
dcs:who/HEMOGLOBINLEVEL_NONPREGNANT_MEAN,dcid:country/USA,2018,132.0
dcs:who/HEMOGLOBINLEVEL_NONPREGNANT_MEAN,dcid:country/USA,2009,134.0
dcs:who/HEMOGLOBINLEVEL_NONPREGNANT_MEAN,dcid:country/USA,2011,133.0
dcs:who/HEMOGLOBINLEVEL_NONPREGNANT_MEAN,dcid:country/USA,2004,135.0
dcs:who/HEMOGLOBINLEVEL_NONPREGNANT_MEAN,dcid:country/USA,2019,132.0
dcs:who/HEMOGLOBINLEVEL_NONPREGNANT_MEAN,dcid:country/USA,2007,134.0
dcs:who/HEMOGLOBINLEVEL_NONPREGNANT_MEAN,dcid:country/USA,2013,133.0
dcs:who/HEMOGLOBINLEVEL_NONPREGNANT_MEAN,dcid:country/USA,2016,132.0
dcs:who/HEMOGLOBINLEVEL_NONPREGNANT_MEAN,dcid:country/USA,2005,135.0
dcs:who/HEMOGLOBINLEVEL_NONPREGNANT_MEAN,dcid:country/USA,2015,132.0
dcs:who/HEMOGLOBINLEVEL_NONPREGNANT_MEAN,dcid:country/USA,2010,133.0
dcs:who/HEMOGLOBINLEVEL_NONPREGNANT_MEAN,dcid:country/USA,2002,135.0
dcs:who/HEMOGLOBINLEVEL_NONPREGNANT_MEAN,dcid:country/UZB,2017,127.0
dcs:who/HEMOGLOBINLEVEL_NONPREGNANT_MEAN,dcid:country/UZB,2015,127.0
dcs:who/HEMOGLOBINLEVEL_NONPREGNANT_MEAN,dcid:country/UZB,2014,126.0
dcs:who/HEMOGLOBINLEVEL_NONPREGNANT_MEAN,dcid:country/UZB,2005,122.0
dcs:who/HEMOGLOBINLEVEL_NONPREGNANT_MEAN,dcid:country/UZB,2011,125.0
dcs:who/HEMOGLOBINLEVEL_NONPREGNANT_MEAN,dcid:country/UZB,2006,123.0
dcs:who/HEMOGLOBINLEVEL_NONPREGNANT_MEAN,dcid:country/UZB,2007,123.0
dcs:who/HEMOGLOBINLEVEL_NONPREGNANT_MEAN,dcid:country/UZB,2016,127.0
dcs:who/HEMOGLOBINLEVEL_NONPREGNANT_MEAN,dcid:country/UZB,2002,120.0
dcs:who/HEMOGLOBINLEVEL_NONPREGNANT_MEAN,dcid:country/UZB,2010,125.0
dcs:who/HEMOGLOBINLEVEL_NONPREGNANT_MEAN,dcid:country/UZB,2013,126.0
dcs:who/HEMOGLOBINLEVEL_NONPREGNANT_MEAN,dcid:country/UZB,2012,126.0
dcs:who/HEMOGLOBINLEVEL_NONPREGNANT_MEAN,dcid:country/UZB,2009,124.0
dcs:who/HEMOGLOBINLEVEL_NONPREGNANT_MEAN,dcid:country/UZB,2008,124.0
dcs:who/HEMOGLOBINLEVEL_NONPREGNANT_MEAN,dcid:country/UZB,2000,119.0
dcs:who/HEMOGLOBINLEVEL_NONPREGNANT_MEAN,dcid:country/UZB,2019,127.0
dcs:who/HEMOGLOBINLEVEL_NONPREGNANT_MEAN,dcid:country/UZB,2004,121.0
dcs:who/HEMOGLOBINLEVEL_NONPREGNANT_MEAN,dcid:country/UZB,2003,121.0
dcs:who/HEMOGLOBINLEVEL_NONPREGNANT_MEAN,dcid:country/UZB,2001,120.0
dcs:who/HEMOGLOBINLEVEL_NONPREGNANT_MEAN,dcid:country/UZB,2018,127.0
dcs:who/HEMOGLOBINLEVEL_NONPREGNANT_MEAN,dcid:country/VCT,2010,131.0
dcs:who/HEMOGLOBINLEVEL_NONPREGNANT_MEAN,dcid:country/VCT,2018,132.0
dcs:who/HEMOGLOBINLEVEL_NONPREGNANT_MEAN,dcid:country/VCT,2002,129.0
dcs:who/HEMOGLOBINLEVEL_NONPREGNANT_MEAN,dcid:country/VCT,2015,132.0
dcs:who/HEMOGLOBINLEVEL_NONPREGNANT_MEAN,dcid:country/VCT,2019,132.0
dcs:who/HEMOGLOBINLEVEL_NONPREGNANT_MEAN,dcid:country/VCT,2006,130.0
dcs:who/HEMOGLOBINLEVEL_NONPREGNANT_MEAN,dcid:country/VCT,2007,131.0
dcs:who/HEMOGLOBINLEVEL_NONPREGNANT_MEAN,dcid:country/VCT,2011,131.0
dcs:who/HEMOGLOBINLEVEL_NONPREGNANT_MEAN,dcid:country/VCT,2012,132.0
dcs:who/HEMOGLOBINLEVEL_NONPREGNANT_MEAN,dcid:country/VCT,2004,130.0
dcs:who/HEMOGLOBINLEVEL_NONPREGNANT_MEAN,dcid:country/VCT,2000,128.0
dcs:who/HEMOGLOBINLEVEL_NONPREGNANT_MEAN,dcid:country/VCT,2013,132.0
dcs:who/HEMOGLOBINLEVEL_NONPREGNANT_MEAN,dcid:country/VCT,2001,129.0
dcs:who/HEMOGLOBINLEVEL_NONPREGNANT_MEAN,dcid:country/VCT,2009,131.0
dcs:who/HEMOGLOBINLEVEL_NONPREGNANT_MEAN,dcid:country/VCT,2008,131.0
dcs:who/HEMOGLOBINLEVEL_NONPREGNANT_MEAN,dcid:country/VCT,2003,129.0
dcs:who/HEMOGLOBINLEVEL_NONPREGNANT_MEAN,dcid:country/VCT,2005,130.0
dcs:who/HEMOGLOBINLEVEL_NONPREGNANT_MEAN,dcid:country/VCT,2016,132.0
dcs:who/HEMOGLOBINLEVEL_NONPREGNANT_MEAN,dcid:country/VCT,2014,132.0
dcs:who/HEMOGLOBINLEVEL_NONPREGNANT_MEAN,dcid:country/VCT,2017,132.0
dcs:who/HEMOGLOBINLEVEL_NONPREGNANT_MEAN,dcid:country/VEN,2002,127.0
dcs:who/HEMOGLOBINLEVEL_NONPREGNANT_MEAN,dcid:country/VEN,2015,129.0
dcs:who/HEMOGLOBINLEVEL_NONPREGNANT_MEAN,dcid:country/VEN,2019,128.0
dcs:who/HEMOGLOBINLEVEL_NONPREGNANT_MEAN,dcid:country/VEN,2010,129.0
dcs:who/HEMOGLOBINLEVEL_NONPREGNANT_MEAN,dcid:country/VEN,2006,128.0
dcs:who/HEMOGLOBINLEVEL_NONPREGNANT_MEAN,dcid:country/VEN,2004,128.0
dcs:who/HEMOGLOBINLEVEL_NONPREGNANT_MEAN,dcid:country/VEN,2007,129.0
dcs:who/HEMOGLOBINLEVEL_NONPREGNANT_MEAN,dcid:country/VEN,2008,129.0
dcs:who/HEMOGLOBINLEVEL_NONPREGNANT_MEAN,dcid:country/VEN,2018,128.0
dcs:who/HEMOGLOBINLEVEL_NONPREGNANT_MEAN,dcid:country/VEN,2013,129.0
dcs:who/HEMOGLOBINLEVEL_NONPREGNANT_MEAN,dcid:country/VEN,2012,129.0
dcs:who/HEMOGLOBINLEVEL_NONPREGNANT_MEAN,dcid:country/VEN,2009,129.0
dcs:who/HEMOGLOBINLEVEL_NONPREGNANT_MEAN,dcid:country/VEN,2001,127.0
dcs:who/HEMOGLOBINLEVEL_NONPREGNANT_MEAN,dcid:country/VEN,2017,128.0
dcs:who/HEMOGLOBINLEVEL_NONPREGNANT_MEAN,dcid:country/VEN,2000,127.0
dcs:who/HEMOGLOBINLEVEL_NONPREGNANT_MEAN,dcid:country/VEN,2005,128.0
dcs:who/HEMOGLOBINLEVEL_NONPREGNANT_MEAN,dcid:country/VEN,2003,127.0
dcs:who/HEMOGLOBINLEVEL_NONPREGNANT_MEAN,dcid:country/VEN,2011,130.0
dcs:who/HEMOGLOBINLEVEL_NONPREGNANT_MEAN,dcid:country/VEN,2016,129.0
dcs:who/HEMOGLOBINLEVEL_NONPREGNANT_MEAN,dcid:country/VEN,2014,129.0
dcs:who/HEMOGLOBINLEVEL_NONPREGNANT_MEAN,dcid:country/VNM,2004,128.0
dcs:who/HEMOGLOBINLEVEL_NONPREGNANT_MEAN,dcid:country/VNM,2005,129.0
dcs:who/HEMOGLOBINLEVEL_NONPREGNANT_MEAN,dcid:country/VNM,2012,130.0
dcs:who/HEMOGLOBINLEVEL_NONPREGNANT_MEAN,dcid:country/VNM,2011,130.0
dcs:who/HEMOGLOBINLEVEL_NONPREGNANT_MEAN,dcid:country/VNM,2010,130.0
dcs:who/HEMOGLOBINLEVEL_NONPREGNANT_MEAN,dcid:country/VNM,2002,127.0
dcs:who/HEMOGLOBINLEVEL_NONPREGNANT_MEAN,dcid:country/VNM,2000,126.0
dcs:who/HEMOGLOBINLEVEL_NONPREGNANT_MEAN,dcid:country/VNM,2018,129.0
dcs:who/HEMOGLOBINLEVEL_NONPREGNANT_MEAN,dcid:country/VNM,2007,129.0
dcs:who/HEMOGLOBINLEVEL_NONPREGNANT_MEAN,dcid:country/VNM,2015,130.0
dcs:who/HEMOGLOBINLEVEL_NONPREGNANT_MEAN,dcid:country/VNM,2016,130.0
dcs:who/HEMOGLOBINLEVEL_NONPREGNANT_MEAN,dcid:country/VNM,2006,129.0
dcs:who/HEMOGLOBINLEVEL_NONPREGNANT_MEAN,dcid:country/VNM,2019,129.0
dcs:who/HEMOGLOBINLEVEL_NONPREGNANT_MEAN,dcid:country/VNM,2003,128.0
dcs:who/HEMOGLOBINLEVEL_NONPREGNANT_MEAN,dcid:country/VNM,2009,130.0
dcs:who/HEMOGLOBINLEVEL_NONPREGNANT_MEAN,dcid:country/VNM,2017,130.0
dcs:who/HEMOGLOBINLEVEL_NONPREGNANT_MEAN,dcid:country/VNM,2001,127.0
dcs:who/HEMOGLOBINLEVEL_NONPREGNANT_MEAN,dcid:country/VNM,2013,130.0
dcs:who/HEMOGLOBINLEVEL_NONPREGNANT_MEAN,dcid:country/VNM,2008,130.0
dcs:who/HEMOGLOBINLEVEL_NONPREGNANT_MEAN,dcid:country/VNM,2014,130.0
dcs:who/HEMOGLOBINLEVEL_NONPREGNANT_MEAN,dcid:country/VUT,2015,128.0
dcs:who/HEMOGLOBINLEVEL_NONPREGNANT_MEAN,dcid:country/VUT,2011,128.0
dcs:who/HEMOGLOBINLEVEL_NONPREGNANT_MEAN,dcid:country/VUT,2019,127.0
dcs:who/HEMOGLOBINLEVEL_NONPREGNANT_MEAN,dcid:country/VUT,2008,128.0
dcs:who/HEMOGLOBINLEVEL_NONPREGNANT_MEAN,dcid:country/VUT,2018,127.0
dcs:who/HEMOGLOBINLEVEL_NONPREGNANT_MEAN,dcid:country/VUT,2007,128.0
dcs:who/HEMOGLOBINLEVEL_NONPREGNANT_MEAN,dcid:country/VUT,2005,127.0
dcs:who/HEMOGLOBINLEVEL_NONPREGNANT_MEAN,dcid:country/VUT,2016,128.0
dcs:who/HEMOGLOBINLEVEL_NONPREGNANT_MEAN,dcid:country/VUT,2012,128.0
dcs:who/HEMOGLOBINLEVEL_NONPREGNANT_MEAN,dcid:country/VUT,2004,127.0
dcs:who/HEMOGLOBINLEVEL_NONPREGNANT_MEAN,dcid:country/VUT,2014,128.0
dcs:who/HEMOGLOBINLEVEL_NONPREGNANT_MEAN,dcid:country/VUT,2000,126.0
dcs:who/HEMOGLOBINLEVEL_NONPREGNANT_MEAN,dcid:country/VUT,2002,127.0
dcs:who/HEMOGLOBINLEVEL_NONPREGNANT_MEAN,dcid:country/VUT,2013,128.0
dcs:who/HEMOGLOBINLEVEL_NONPREGNANT_MEAN,dcid:country/VUT,2001,126.0
dcs:who/HEMOGLOBINLEVEL_NONPREGNANT_MEAN,dcid:country/VUT,2017,127.0
dcs:who/HEMOGLOBINLEVEL_NONPREGNANT_MEAN,dcid:country/VUT,2003,127.0
dcs:who/HEMOGLOBINLEVEL_NONPREGNANT_MEAN,dcid:country/VUT,2006,128.0
dcs:who/HEMOGLOBINLEVEL_NONPREGNANT_MEAN,dcid:country/VUT,2009,128.0
dcs:who/HEMOGLOBINLEVEL_NONPREGNANT_MEAN,dcid:country/VUT,2010,128.0
dcs:who/HEMOGLOBINLEVEL_NONPREGNANT_MEAN,dcid:country/WSM,2010,129.0
dcs:who/HEMOGLOBINLEVEL_NONPREGNANT_MEAN,dcid:country/WSM,2017,129.0
dcs:who/HEMOGLOBINLEVEL_NONPREGNANT_MEAN,dcid:country/WSM,2000,129.0
dcs:who/HEMOGLOBINLEVEL_NONPREGNANT_MEAN,dcid:country/WSM,2006,129.0
dcs:who/HEMOGLOBINLEVEL_NONPREGNANT_MEAN,dcid:country/WSM,2007,129.0
dcs:who/HEMOGLOBINLEVEL_NONPREGNANT_MEAN,dcid:country/WSM,2013,129.0
dcs:who/HEMOGLOBINLEVEL_NONPREGNANT_MEAN,dcid:country/WSM,2016,129.0
dcs:who/HEMOGLOBINLEVEL_NONPREGNANT_MEAN,dcid:country/WSM,2002,129.0
dcs:who/HEMOGLOBINLEVEL_NONPREGNANT_MEAN,dcid:country/WSM,2015,129.0
dcs:who/HEMOGLOBINLEVEL_NONPREGNANT_MEAN,dcid:country/WSM,2009,129.0
dcs:who/HEMOGLOBINLEVEL_NONPREGNANT_MEAN,dcid:country/WSM,2005,129.0
dcs:who/HEMOGLOBINLEVEL_NONPREGNANT_MEAN,dcid:country/WSM,2018,129.0
dcs:who/HEMOGLOBINLEVEL_NONPREGNANT_MEAN,dcid:country/WSM,2004,129.0
dcs:who/HEMOGLOBINLEVEL_NONPREGNANT_MEAN,dcid:country/WSM,2001,129.0
dcs:who/HEMOGLOBINLEVEL_NONPREGNANT_MEAN,dcid:country/WSM,2014,129.0
dcs:who/HEMOGLOBINLEVEL_NONPREGNANT_MEAN,dcid:country/WSM,2008,129.0
dcs:who/HEMOGLOBINLEVEL_NONPREGNANT_MEAN,dcid:country/WSM,2003,129.0
dcs:who/HEMOGLOBINLEVEL_NONPREGNANT_MEAN,dcid:country/WSM,2011,129.0
dcs:who/HEMOGLOBINLEVEL_NONPREGNANT_MEAN,dcid:country/WSM,2012,129.0
dcs:who/HEMOGLOBINLEVEL_NONPREGNANT_MEAN,dcid:country/WSM,2019,128.0
dcs:who/HEMOGLOBINLEVEL_NONPREGNANT_MEAN,dcid:country/YEM,2002,111.0
dcs:who/HEMOGLOBINLEVEL_NONPREGNANT_MEAN,dcid:country/YEM,2010,112.0
dcs:who/HEMOGLOBINLEVEL_NONPREGNANT_MEAN,dcid:country/YEM,2011,113.0
dcs:who/HEMOGLOBINLEVEL_NONPREGNANT_MEAN,dcid:country/YEM,2007,112.0
dcs:who/HEMOGLOBINLEVEL_NONPREGNANT_MEAN,dcid:country/YEM,2019,113.0
dcs:who/HEMOGLOBINLEVEL_NONPREGNANT_MEAN,dcid:country/YEM,2008,112.0
dcs:who/HEMOGLOBINLEVEL_NONPREGNANT_MEAN,dcid:country/YEM,2017,113.0
dcs:who/HEMOGLOBINLEVEL_NONPREGNANT_MEAN,dcid:country/YEM,2006,111.0
dcs:who/HEMOGLOBINLEVEL_NONPREGNANT_MEAN,dcid:country/YEM,2018,113.0
dcs:who/HEMOGLOBINLEVEL_NONPREGNANT_MEAN,dcid:country/YEM,2003,111.0
dcs:who/HEMOGLOBINLEVEL_NONPREGNANT_MEAN,dcid:country/YEM,2004,111.0
dcs:who/HEMOGLOBINLEVEL_NONPREGNANT_MEAN,dcid:country/YEM,2012,113.0
dcs:who/HEMOGLOBINLEVEL_NONPREGNANT_MEAN,dcid:country/YEM,2001,110.0
dcs:who/HEMOGLOBINLEVEL_NONPREGNANT_MEAN,dcid:country/YEM,2014,113.0
dcs:who/HEMOGLOBINLEVEL_NONPREGNANT_MEAN,dcid:country/YEM,2013,113.0
dcs:who/HEMOGLOBINLEVEL_NONPREGNANT_MEAN,dcid:country/YEM,2005,111.0
dcs:who/HEMOGLOBINLEVEL_NONPREGNANT_MEAN,dcid:country/YEM,2016,113.0
dcs:who/HEMOGLOBINLEVEL_NONPREGNANT_MEAN,dcid:country/YEM,2000,110.0
dcs:who/HEMOGLOBINLEVEL_NONPREGNANT_MEAN,dcid:country/YEM,2009,112.0
dcs:who/HEMOGLOBINLEVEL_NONPREGNANT_MEAN,dcid:country/YEM,2015,113.0
dcs:who/HEMOGLOBINLEVEL_NONPREGNANT_MEAN,dcid:country/ZAF,2007,126.0
dcs:who/HEMOGLOBINLEVEL_NONPREGNANT_MEAN,dcid:country/ZAF,2009,127.0
dcs:who/HEMOGLOBINLEVEL_NONPREGNANT_MEAN,dcid:country/ZAF,2012,127.0
dcs:who/HEMOGLOBINLEVEL_NONPREGNANT_MEAN,dcid:country/ZAF,2017,127.0
dcs:who/HEMOGLOBINLEVEL_NONPREGNANT_MEAN,dcid:country/ZAF,2010,127.0
dcs:who/HEMOGLOBINLEVEL_NONPREGNANT_MEAN,dcid:country/ZAF,2013,127.0
dcs:who/HEMOGLOBINLEVEL_NONPREGNANT_MEAN,dcid:country/ZAF,2011,127.0
dcs:who/HEMOGLOBINLEVEL_NONPREGNANT_MEAN,dcid:country/ZAF,2002,124.0
dcs:who/HEMOGLOBINLEVEL_NONPREGNANT_MEAN,dcid:country/ZAF,2004,125.0
dcs:who/HEMOGLOBINLEVEL_NONPREGNANT_MEAN,dcid:country/ZAF,2019,127.0
dcs:who/HEMOGLOBINLEVEL_NONPREGNANT_MEAN,dcid:country/ZAF,2006,126.0
dcs:who/HEMOGLOBINLEVEL_NONPREGNANT_MEAN,dcid:country/ZAF,2005,125.0
dcs:who/HEMOGLOBINLEVEL_NONPREGNANT_MEAN,dcid:country/ZAF,2015,127.0
dcs:who/HEMOGLOBINLEVEL_NONPREGNANT_MEAN,dcid:country/ZAF,2016,127.0
dcs:who/HEMOGLOBINLEVEL_NONPREGNANT_MEAN,dcid:country/ZAF,2018,127.0
dcs:who/HEMOGLOBINLEVEL_NONPREGNANT_MEAN,dcid:country/ZAF,2003,125.0
dcs:who/HEMOGLOBINLEVEL_NONPREGNANT_MEAN,dcid:country/ZAF,2000,124.0
dcs:who/HEMOGLOBINLEVEL_NONPREGNANT_MEAN,dcid:country/ZAF,2014,127.0
dcs:who/HEMOGLOBINLEVEL_NONPREGNANT_MEAN,dcid:country/ZAF,2008,126.0
dcs:who/HEMOGLOBINLEVEL_NONPREGNANT_MEAN,dcid:country/ZAF,2001,124.0
dcs:who/HEMOGLOBINLEVEL_NONPREGNANT_MEAN,dcid:country/ZMB,2010,126.0
dcs:who/HEMOGLOBINLEVEL_NONPREGNANT_MEAN,dcid:country/ZMB,2004,125.0
dcs:who/HEMOGLOBINLEVEL_NONPREGNANT_MEAN,dcid:country/ZMB,2014,126.0
dcs:who/HEMOGLOBINLEVEL_NONPREGNANT_MEAN,dcid:country/ZMB,2001,125.0
dcs:who/HEMOGLOBINLEVEL_NONPREGNANT_MEAN,dcid:country/ZMB,2016,126.0
dcs:who/HEMOGLOBINLEVEL_NONPREGNANT_MEAN,dcid:country/ZMB,2017,126.0
dcs:who/HEMOGLOBINLEVEL_NONPREGNANT_MEAN,dcid:country/ZMB,2005,125.0
dcs:who/HEMOGLOBINLEVEL_NONPREGNANT_MEAN,dcid:country/ZMB,2007,126.0
dcs:who/HEMOGLOBINLEVEL_NONPREGNANT_MEAN,dcid:country/ZMB,2018,126.0
dcs:who/HEMOGLOBINLEVEL_NONPREGNANT_MEAN,dcid:country/ZMB,2019,126.0
dcs:who/HEMOGLOBINLEVEL_NONPREGNANT_MEAN,dcid:country/ZMB,2013,127.0
dcs:who/HEMOGLOBINLEVEL_NONPREGNANT_MEAN,dcid:country/ZMB,2009,126.0
dcs:who/HEMOGLOBINLEVEL_NONPREGNANT_MEAN,dcid:country/ZMB,2012,127.0
dcs:who/HEMOGLOBINLEVEL_NONPREGNANT_MEAN,dcid:country/ZMB,2011,127.0
dcs:who/HEMOGLOBINLEVEL_NONPREGNANT_MEAN,dcid:country/ZMB,2015,126.0
dcs:who/HEMOGLOBINLEVEL_NONPREGNANT_MEAN,dcid:country/ZMB,2003,125.0
dcs:who/HEMOGLOBINLEVEL_NONPREGNANT_MEAN,dcid:country/ZMB,2008,126.0
dcs:who/HEMOGLOBINLEVEL_NONPREGNANT_MEAN,dcid:country/ZMB,2002,125.0
dcs:who/HEMOGLOBINLEVEL_NONPREGNANT_MEAN,dcid:country/ZMB,2000,125.0
dcs:who/HEMOGLOBINLEVEL_NONPREGNANT_MEAN,dcid:country/ZMB,2006,125.0
dcs:who/HEMOGLOBINLEVEL_NONPREGNANT_MEAN,dcid:country/ZWE,2006,125.0
dcs:who/HEMOGLOBINLEVEL_NONPREGNANT_MEAN,dcid:country/ZWE,2007,126.0
dcs:who/HEMOGLOBINLEVEL_NONPREGNANT_MEAN,dcid:country/ZWE,2019,127.0
dcs:who/HEMOGLOBINLEVEL_NONPREGNANT_MEAN,dcid:country/ZWE,2009,126.0
dcs:who/HEMOGLOBINLEVEL_NONPREGNANT_MEAN,dcid:country/ZWE,2002,125.0
dcs:who/HEMOGLOBINLEVEL_NONPREGNANT_MEAN,dcid:country/ZWE,2018,127.0
dcs:who/HEMOGLOBINLEVEL_NONPREGNANT_MEAN,dcid:country/ZWE,2004,125.0
dcs:who/HEMOGLOBINLEVEL_NONPREGNANT_MEAN,dcid:country/ZWE,2011,127.0
dcs:who/HEMOGLOBINLEVEL_NONPREGNANT_MEAN,dcid:country/ZWE,2015,127.0
dcs:who/HEMOGLOBINLEVEL_NONPREGNANT_MEAN,dcid:country/ZWE,2013,127.0
dcs:who/HEMOGLOBINLEVEL_NONPREGNANT_MEAN,dcid:country/ZWE,2005,125.0
dcs:who/HEMOGLOBINLEVEL_NONPREGNANT_MEAN,dcid:country/ZWE,2001,125.0
dcs:who/HEMOGLOBINLEVEL_NONPREGNANT_MEAN,dcid:country/ZWE,2016,127.0
dcs:who/HEMOGLOBINLEVEL_NONPREGNANT_MEAN,dcid:country/ZWE,2000,125.0
dcs:who/HEMOGLOBINLEVEL_NONPREGNANT_MEAN,dcid:country/ZWE,2010,126.0
dcs:who/HEMOGLOBINLEVEL_NONPREGNANT_MEAN,dcid:country/ZWE,2003,125.0
dcs:who/HEMOGLOBINLEVEL_NONPREGNANT_MEAN,dcid:country/ZWE,2008,126.0
dcs:who/HEMOGLOBINLEVEL_NONPREGNANT_MEAN,dcid:country/ZWE,2017,127.0
dcs:who/HEMOGLOBINLEVEL_NONPREGNANT_MEAN,dcid:country/ZWE,2014,127.0
dcs:who/HEMOGLOBINLEVEL_NONPREGNANT_MEAN,dcid:country/ZWE,2012,127.0
dcs:who/HEMOGLOBINLEVEL_NONPREGNANT_MEAN,dcid:europe,2014,130.0
dcs:who/HEMOGLOBINLEVEL_NONPREGNANT_MEAN,dcid:europe,2016,130.0
dcs:who/HEMOGLOBINLEVEL_NONPREGNANT_MEAN,dcid:europe,2009,130.0
dcs:who/HEMOGLOBINLEVEL_NONPREGNANT_MEAN,dcid:europe,2011,130.0
dcs:who/HEMOGLOBINLEVEL_NONPREGNANT_MEAN,dcid:europe,2019,129.0
dcs:who/HEMOGLOBINLEVEL_NONPREGNANT_MEAN,dcid:europe,2004,130.0
dcs:who/HEMOGLOBINLEVEL_NONPREGNANT_MEAN,dcid:europe,2012,130.0
dcs:who/HEMOGLOBINLEVEL_NONPREGNANT_MEAN,dcid:europe,2013,130.0
dcs:who/HEMOGLOBINLEVEL_NONPREGNANT_MEAN,dcid:europe,2010,130.0
dcs:who/HEMOGLOBINLEVEL_NONPREGNANT_MEAN,dcid:europe,2015,130.0
dcs:who/HEMOGLOBINLEVEL_NONPREGNANT_MEAN,dcid:europe,2018,130.0
dcs:who/HEMOGLOBINLEVEL_NONPREGNANT_MEAN,dcid:europe,2006,130.0
dcs:who/HEMOGLOBINLEVEL_NONPREGNANT_MEAN,dcid:europe,2008,130.0
dcs:who/HEMOGLOBINLEVEL_NONPREGNANT_MEAN,dcid:europe,2005,130.0
dcs:who/HEMOGLOBINLEVEL_NONPREGNANT_MEAN,dcid:europe,2007,130.0
dcs:who/HEMOGLOBINLEVEL_NONPREGNANT_MEAN,dcid:europe,2017,130.0
dcs:who/HEMOGLOBINLEVEL_NONPREGNANT_MEAN,dcid:europe,2003,130.0
dcs:who/HEMOGLOBINLEVEL_NONPREGNANT_MEAN,dcid:europe,2002,130.0
dcs:who/HEMOGLOBINLEVEL_NONPREGNANT_MEAN,dcid:europe,2001,130.0
dcs:who/HEMOGLOBINLEVEL_NONPREGNANT_MEAN,dcid:europe,2000,130.0
dcs:who/HEMOGLOBINLEVEL_NONPREGNANT_MEAN,dcid:undata-geo/G00121000,2013,124.0
dcs:who/HEMOGLOBINLEVEL_NONPREGNANT_MEAN,dcid:undata-geo/G00121000,2019,124.0
dcs:who/HEMOGLOBINLEVEL_NONPREGNANT_MEAN,dcid:undata-geo/G00121000,2007,123.0
dcs:who/HEMOGLOBINLEVEL_NONPREGNANT_MEAN,dcid:undata-geo/G00121000,2009,124.0
dcs:who/HEMOGLOBINLEVEL_NONPREGNANT_MEAN,dcid:undata-geo/G00121000,2001,123.0
dcs:who/HEMOGLOBINLEVEL_NONPREGNANT_MEAN,dcid:undata-geo/G00121000,2017,124.0
dcs:who/HEMOGLOBINLEVEL_NONPREGNANT_MEAN,dcid:undata-geo/G00121000,2011,124.0
dcs:who/HEMOGLOBINLEVEL_NONPREGNANT_MEAN,dcid:undata-geo/G00121000,2018,124.0
dcs:who/HEMOGLOBINLEVEL_NONPREGNANT_MEAN,dcid:undata-geo/G00121000,2003,123.0
dcs:who/HEMOGLOBINLEVEL_NONPREGNANT_MEAN,dcid:undata-geo/G00121000,2014,124.0
dcs:who/HEMOGLOBINLEVEL_NONPREGNANT_MEAN,dcid:undata-geo/G00121000,2005,123.0
dcs:who/HEMOGLOBINLEVEL_NONPREGNANT_MEAN,dcid:undata-geo/G00121000,2010,124.0
dcs:who/HEMOGLOBINLEVEL_NONPREGNANT_MEAN,dcid:undata-geo/G00121000,2008,124.0
dcs:who/HEMOGLOBINLEVEL_NONPREGNANT_MEAN,dcid:undata-geo/G00121000,2004,123.0
dcs:who/HEMOGLOBINLEVEL_NONPREGNANT_MEAN,dcid:undata-geo/G00121000,2000,123.0
dcs:who/HEMOGLOBINLEVEL_NONPREGNANT_MEAN,dcid:undata-geo/G00121000,2015,124.0
dcs:who/HEMOGLOBINLEVEL_NONPREGNANT_MEAN,dcid:undata-geo/G00121000,2012,124.0
dcs:who/HEMOGLOBINLEVEL_NONPREGNANT_MEAN,dcid:undata-geo/G00121000,2002,123.0
dcs:who/HEMOGLOBINLEVEL_NONPREGNANT_MEAN,dcid:undata-geo/G00121000,2006,123.0
dcs:who/HEMOGLOBINLEVEL_NONPREGNANT_MEAN,dcid:undata-geo/G00121000,2016,124.0
dcs:who/HEMOGLOBINLEVEL_NONPREGNANT_MEAN,dcid:undata-geo/G00134000,2018,132.0
dcs:who/HEMOGLOBINLEVEL_NONPREGNANT_MEAN,dcid:undata-geo/G00134000,2019,131.0
dcs:who/HEMOGLOBINLEVEL_NONPREGNANT_MEAN,dcid:undata-geo/G00134000,2017,132.0
dcs:who/HEMOGLOBINLEVEL_NONPREGNANT_MEAN,dcid:undata-geo/G00134000,2012,132.0
dcs:who/HEMOGLOBINLEVEL_NONPREGNANT_MEAN,dcid:undata-geo/G00134000,2006,131.0
dcs:who/HEMOGLOBINLEVEL_NONPREGNANT_MEAN,dcid:undata-geo/G00134000,2010,131.0
dcs:who/HEMOGLOBINLEVEL_NONPREGNANT_MEAN,dcid:undata-geo/G00134000,2014,132.0
dcs:who/HEMOGLOBINLEVEL_NONPREGNANT_MEAN,dcid:undata-geo/G00134000,2016,132.0
dcs:who/HEMOGLOBINLEVEL_NONPREGNANT_MEAN,dcid:undata-geo/G00134000,2004,131.0
dcs:who/HEMOGLOBINLEVEL_NONPREGNANT_MEAN,dcid:undata-geo/G00134000,2009,131.0
dcs:who/HEMOGLOBINLEVEL_NONPREGNANT_MEAN,dcid:undata-geo/G00134000,2011,132.0
dcs:who/HEMOGLOBINLEVEL_NONPREGNANT_MEAN,dcid:undata-geo/G00134000,2007,131.0
dcs:who/HEMOGLOBINLEVEL_NONPREGNANT_MEAN,dcid:undata-geo/G00134000,2001,131.0
dcs:who/HEMOGLOBINLEVEL_NONPREGNANT_MEAN,dcid:undata-geo/G00134000,2013,132.0
dcs:who/HEMOGLOBINLEVEL_NONPREGNANT_MEAN,dcid:undata-geo/G00134000,2005,131.0
dcs:who/HEMOGLOBINLEVEL_NONPREGNANT_MEAN,dcid:undata-geo/G00134000,2008,131.0
dcs:who/HEMOGLOBINLEVEL_NONPREGNANT_MEAN,dcid:undata-geo/G00134000,2015,132.0
dcs:who/HEMOGLOBINLEVEL_NONPREGNANT_MEAN,dcid:undata-geo/G00134000,2002,131.0
dcs:who/HEMOGLOBINLEVEL_NONPREGNANT_MEAN,dcid:undata-geo/G00134000,2003,131.0
dcs:who/HEMOGLOBINLEVEL_NONPREGNANT_MEAN,dcid:undata-geo/G00134000,2000,130.0
dcs:who/HEMOGLOBINLEVEL_NONPREGNANT_MEAN,dcid:undata-geo/G00160000,2014,132.0
dcs:who/HEMOGLOBINLEVEL_NONPREGNANT_MEAN,dcid:undata-geo/G00160000,2016,132.0
dcs:who/HEMOGLOBINLEVEL_NONPREGNANT_MEAN,dcid:undata-geo/G00160000,2019,132.0
dcs:who/HEMOGLOBINLEVEL_NONPREGNANT_MEAN,dcid:undata-geo/G00160000,2003,130.0
dcs:who/HEMOGLOBINLEVEL_NONPREGNANT_MEAN,dcid:undata-geo/G00160000,2006,131.0
dcs:who/HEMOGLOBINLEVEL_NONPREGNANT_MEAN,dcid:undata-geo/G00160000,2017,132.0
dcs:who/HEMOGLOBINLEVEL_NONPREGNANT_MEAN,dcid:undata-geo/G00160000,2008,131.0
dcs:who/HEMOGLOBINLEVEL_NONPREGNANT_MEAN,dcid:undata-geo/G00160000,2007,131.0
dcs:who/HEMOGLOBINLEVEL_NONPREGNANT_MEAN,dcid:undata-geo/G00160000,2000,129.0
dcs:who/HEMOGLOBINLEVEL_NONPREGNANT_MEAN,dcid:undata-geo/G00160000,2009,131.0
dcs:who/HEMOGLOBINLEVEL_NONPREGNANT_MEAN,dcid:undata-geo/G00160000,2010,132.0
dcs:who/HEMOGLOBINLEVEL_NONPREGNANT_MEAN,dcid:undata-geo/G00160000,2012,132.0
dcs:who/HEMOGLOBINLEVEL_NONPREGNANT_MEAN,dcid:undata-geo/G00160000,2018,132.0
dcs:who/HEMOGLOBINLEVEL_NONPREGNANT_MEAN,dcid:undata-geo/G00160000,2011,132.0
dcs:who/HEMOGLOBINLEVEL_NONPREGNANT_MEAN,dcid:undata-geo/G00160000,2004,130.0
dcs:who/HEMOGLOBINLEVEL_NONPREGNANT_MEAN,dcid:undata-geo/G00160000,2013,132.0
dcs:who/HEMOGLOBINLEVEL_NONPREGNANT_MEAN,dcid:undata-geo/G00160000,2001,130.0
dcs:who/HEMOGLOBINLEVEL_NONPREGNANT_MEAN,dcid:undata-geo/G00160000,2015,132.0
dcs:who/HEMOGLOBINLEVEL_NONPREGNANT_MEAN,dcid:undata-geo/G00160000,2002,130.0
dcs:who/HEMOGLOBINLEVEL_NONPREGNANT_MEAN,dcid:undata-geo/G00160000,2005,131.0
