SERIES,GEOGRAPHY,TIME_PERIOD,OBS_VALUE
dcs:who/GBD_DALYRTAGE.GHECAUSES--GHE151,dcid:country/AFG,2012,10256.33008
dcs:who/GBD_DALYRTAGE.GHECAUSES--GHE060,dcid:country/AFG,2012,35453.80078
dcs:who/GBD_DALYRTAGE.GHECAUSES--GHE001,dcid:country/AFG,2000,37560.76172
dcs:who/GBD_DALYRTAGE.GHECAUSES--GHE151,dcid:country/AFG,2000,11111.24023
dcs:who/GBD_DALYRTAGE.GHECAUSES--GHE000,dcid:country/AFG,2012,68969.61719
dcs:who/GBD_DALYRTAGE.GHECAUSES--GHE060,dcid:country/AFG,2000,37893.53906
dcs:who/GBD_DALYRTAGE.GHECAUSES--GHE001,dcid:country/AFG,2012,23259.49023
dcs:who/GBD_DALYRTAGE.GHECAUSES--GHE000,dcid:country/AFG,2000,86565.53906
dcs:who/GBD_DALYRTAGE.GHECAUSES--GHE001,dcid:country/AGO,2012,52614.98828
dcs:who/GBD_DALYRTAGE.GHECAUSES--GHE151,dcid:country/AGO,2012,8858.25586
dcs:who/GBD_DALYRTAGE.GHECAUSES--GHE060,dcid:country/AGO,2012,32236.11914
dcs:who/GBD_DALYRTAGE.GHECAUSES--GHE060,dcid:country/AGO,2000,30593.76953
dcs:who/GBD_DALYRTAGE.GHECAUSES--GHE001,dcid:country/AGO,2000,76144.75781
dcs:who/GBD_DALYRTAGE.GHECAUSES--GHE151,dcid:country/AGO,2000,8757.11719
dcs:who/GBD_DALYRTAGE.GHECAUSES--GHE000,dcid:country/AGO,2012,93709.36719
dcs:who/GBD_DALYRTAGE.GHECAUSES--GHE000,dcid:country/AGO,2000,115495.60156
dcs:who/GBD_DALYRTAGE.GHECAUSES--GHE151,dcid:country/ALB,2012,3508.06592
dcs:who/GBD_DALYRTAGE.GHECAUSES--GHE000,dcid:country/ALB,2012,29902.86914
dcs:who/GBD_DALYRTAGE.GHECAUSES--GHE151,dcid:country/ALB,2000,4836.89014
dcs:who/GBD_DALYRTAGE.GHECAUSES--GHE060,dcid:country/ALB,2012,23097.84961
dcs:who/GBD_DALYRTAGE.GHECAUSES--GHE060,dcid:country/ALB,2000,27014.25
dcs:who/GBD_DALYRTAGE.GHECAUSES--GHE001,dcid:country/ALB,2012,3296.95605
dcs:who/GBD_DALYRTAGE.GHECAUSES--GHE001,dcid:country/ALB,2000,5067.86816
dcs:who/GBD_DALYRTAGE.GHECAUSES--GHE000,dcid:country/ALB,2000,36919.01172
dcs:who/GBD_DALYRTAGE.GHECAUSES--GHE151,dcid:country/ARE,2012,2243.72095
dcs:who/GBD_DALYRTAGE.GHECAUSES--GHE000,dcid:country/ARE,2012,25546.00977
dcs:who/GBD_DALYRTAGE.GHECAUSES--GHE151,dcid:country/ARE,2000,2928.41309
dcs:who/GBD_DALYRTAGE.GHECAUSES--GHE060,dcid:country/ARE,2012,20714.08008
dcs:who/GBD_DALYRTAGE.GHECAUSES--GHE001,dcid:country/ARE,2012,2588.20605
dcs:who/GBD_DALYRTAGE.GHECAUSES--GHE000,dcid:country/ARE,2000,29298.23047
dcs:who/GBD_DALYRTAGE.GHECAUSES--GHE001,dcid:country/ARE,2000,2985.30811
dcs:who/GBD_DALYRTAGE.GHECAUSES--GHE060,dcid:country/ARE,2000,23384.50977
dcs:who/GBD_DALYRTAGE.GHECAUSES--GHE151,dcid:country/ARG,2000,3539.50293
dcs:who/GBD_DALYRTAGE.GHECAUSES--GHE060,dcid:country/ARG,2012,20092.7793
dcs:who/GBD_DALYRTAGE.GHECAUSES--GHE000,dcid:country/ARG,2012,26808.17969
dcs:who/GBD_DALYRTAGE.GHECAUSES--GHE001,dcid:country/ARG,2012,3706.05298
dcs:who/GBD_DALYRTAGE.GHECAUSES--GHE151,dcid:country/ARG,2012,3009.354
dcs:who/GBD_DALYRTAGE.GHECAUSES--GHE000,dcid:country/ARG,2000,29479.24023
dcs:who/GBD_DALYRTAGE.GHECAUSES--GHE060,dcid:country/ARG,2000,21591.51953
dcs:who/GBD_DALYRTAGE.GHECAUSES--GHE001,dcid:country/ARG,2000,4348.22021
dcs:who/GBD_DALYRTAGE.GHECAUSES--GHE151,dcid:country/ARM,2012,3274.25708
dcs:who/GBD_DALYRTAGE.GHECAUSES--GHE060,dcid:country/ARM,2012,28089.73047
dcs:who/GBD_DALYRTAGE.GHECAUSES--GHE001,dcid:country/ARM,2012,3719.0459
dcs:who/GBD_DALYRTAGE.GHECAUSES--GHE001,dcid:country/ARM,2000,4955.84424
dcs:who/GBD_DALYRTAGE.GHECAUSES--GHE060,dcid:country/ARM,2000,27206.73047
dcs:who/GBD_DALYRTAGE.GHECAUSES--GHE000,dcid:country/ARM,2012,35083.03125
dcs:who/GBD_DALYRTAGE.GHECAUSES--GHE151,dcid:country/ARM,2000,2941.86011
dcs:who/GBD_DALYRTAGE.GHECAUSES--GHE000,dcid:country/ARM,2000,35104.42969
dcs:who/GBD_DALYRTAGE.GHECAUSES--GHE060,dcid:country/AUS,2012,14458.09961
dcs:who/GBD_DALYRTAGE.GHECAUSES--GHE151,dcid:country/AUS,2012,2076.49707
dcs:who/GBD_DALYRTAGE.GHECAUSES--GHE000,dcid:country/AUS,2012,17695.91992
dcs:who/GBD_DALYRTAGE.GHECAUSES--GHE151,dcid:country/AUS,2000,2670.75195
dcs:who/GBD_DALYRTAGE.GHECAUSES--GHE001,dcid:country/AUS,2012,1161.32202
dcs:who/GBD_DALYRTAGE.GHECAUSES--GHE060,dcid:country/AUS,2000,16782.11914
dcs:who/GBD_DALYRTAGE.GHECAUSES--GHE001,dcid:country/AUS,2000,1332.55396
dcs:who/GBD_DALYRTAGE.GHECAUSES--GHE000,dcid:country/AUS,2000,20785.41992
dcs:who/GBD_DALYRTAGE.GHECAUSES--GHE151,dcid:country/AUT,2012,2082.21606
dcs:who/GBD_DALYRTAGE.GHECAUSES--GHE060,dcid:country/AUT,2012,16747.7207
dcs:who/GBD_DALYRTAGE.GHECAUSES--GHE000,dcid:country/AUT,2012,19763.44922
dcs:who/GBD_DALYRTAGE.GHECAUSES--GHE001,dcid:country/AUT,2012,933.51617
dcs:who/GBD_DALYRTAGE.GHECAUSES--GHE151,dcid:country/AUT,2000,2859.98901
dcs:who/GBD_DALYRTAGE.GHECAUSES--GHE060,dcid:country/AUT,2000,18653.69922
dcs:who/GBD_DALYRTAGE.GHECAUSES--GHE000,dcid:country/AUT,2000,22536.44922
dcs:who/GBD_DALYRTAGE.GHECAUSES--GHE001,dcid:country/AUT,2000,1022.75702
dcs:who/GBD_DALYRTAGE.GHECAUSES--GHE151,dcid:country/AZE,2000,3367.3291
dcs:who/GBD_DALYRTAGE.GHECAUSES--GHE000,dcid:country/AZE,2012,33879.35938
dcs:who/GBD_DALYRTAGE.GHECAUSES--GHE001,dcid:country/AZE,2012,6633.62988
dcs:who/GBD_DALYRTAGE.GHECAUSES--GHE151,dcid:country/AZE,2012,2781.21411
dcs:who/GBD_DALYRTAGE.GHECAUSES--GHE060,dcid:country/AZE,2012,24464.51953
dcs:who/GBD_DALYRTAGE.GHECAUSES--GHE001,dcid:country/AZE,2000,11893.50977
dcs:who/GBD_DALYRTAGE.GHECAUSES--GHE060,dcid:country/AZE,2000,30046.38086
dcs:who/GBD_DALYRTAGE.GHECAUSES--GHE000,dcid:country/AZE,2000,45307.21875
dcs:who/GBD_DALYRTAGE.GHECAUSES--GHE001,dcid:country/BDI,2012,40770.48828
dcs:who/GBD_DALYRTAGE.GHECAUSES--GHE060,dcid:country/BDI,2012,31115.5293
dcs:who/GBD_DALYRTAGE.GHECAUSES--GHE000,dcid:country/BDI,2012,80026.65625
dcs:who/GBD_DALYRTAGE.GHECAUSES--GHE151,dcid:country/BDI,2012,8140.64502
dcs:who/GBD_DALYRTAGE.GHECAUSES--GHE060,dcid:country/BDI,2000,29861.09961
dcs:who/GBD_DALYRTAGE.GHECAUSES--GHE000,dcid:country/BDI,2000,107300.5
dcs:who/GBD_DALYRTAGE.GHECAUSES--GHE151,dcid:country/BDI,2000,12073.61035
dcs:who/GBD_DALYRTAGE.GHECAUSES--GHE001,dcid:country/BDI,2000,65365.78906
dcs:who/GBD_DALYRTAGE.GHECAUSES--GHE151,dcid:country/BEL,2012,2469.14697
dcs:who/GBD_DALYRTAGE.GHECAUSES--GHE060,dcid:country/BEL,2012,16246.16016
dcs:who/GBD_DALYRTAGE.GHECAUSES--GHE151,dcid:country/BEL,2000,3197.72705
dcs:who/GBD_DALYRTAGE.GHECAUSES--GHE001,dcid:country/BEL,2000,1361.12598
dcs:who/GBD_DALYRTAGE.GHECAUSES--GHE000,dcid:country/BEL,2012,19877.60938
dcs:who/GBD_DALYRTAGE.GHECAUSES--GHE001,dcid:country/BEL,2012,1162.297
dcs:who/GBD_DALYRTAGE.GHECAUSES--GHE060,dcid:country/BEL,2000,18350.69922
dcs:who/GBD_DALYRTAGE.GHECAUSES--GHE000,dcid:country/BEL,2000,22909.55078
dcs:who/GBD_DALYRTAGE.GHECAUSES--GHE151,dcid:country/BEN,2000,5881.13379
dcs:who/GBD_DALYRTAGE.GHECAUSES--GHE060,dcid:country/BEN,2012,29093.15039
dcs:who/GBD_DALYRTAGE.GHECAUSES--GHE151,dcid:country/BEN,2012,5220.16602
dcs:who/GBD_DALYRTAGE.GHECAUSES--GHE000,dcid:country/BEN,2012,65706.29688
dcs:who/GBD_DALYRTAGE.GHECAUSES--GHE001,dcid:country/BEN,2012,31392.98047
dcs:who/GBD_DALYRTAGE.GHECAUSES--GHE060,dcid:country/BEN,2000,30435.69922
dcs:who/GBD_DALYRTAGE.GHECAUSES--GHE001,dcid:country/BEN,2000,49115.80078
dcs:who/GBD_DALYRTAGE.GHECAUSES--GHE000,dcid:country/BEN,2000,85432.64063
dcs:who/GBD_DALYRTAGE.GHECAUSES--GHE001,dcid:country/BFA,2012,34531.83984
dcs:who/GBD_DALYRTAGE.GHECAUSES--GHE151,dcid:country/BFA,2012,6251.271
dcs:who/GBD_DALYRTAGE.GHECAUSES--GHE060,dcid:country/BFA,2012,30107.66016
dcs:who/GBD_DALYRTAGE.GHECAUSES--GHE000,dcid:country/BFA,2012,70890.77344
dcs:who/GBD_DALYRTAGE.GHECAUSES--GHE151,dcid:country/BFA,2000,6294.78076
dcs:who/GBD_DALYRTAGE.GHECAUSES--GHE060,dcid:country/BFA,2000,28660.66992
dcs:who/GBD_DALYRTAGE.GHECAUSES--GHE000,dcid:country/BFA,2000,101477.29688
dcs:who/GBD_DALYRTAGE.GHECAUSES--GHE001,dcid:country/BFA,2000,66521.82813
dcs:who/GBD_DALYRTAGE.GHECAUSES--GHE060,dcid:country/BGD,2012,22507.39063
dcs:who/GBD_DALYRTAGE.GHECAUSES--GHE151,dcid:country/BGD,2012,3532.84497
dcs:who/GBD_DALYRTAGE.GHECAUSES--GHE060,dcid:country/BGD,2000,24287.51953
dcs:who/GBD_DALYRTAGE.GHECAUSES--GHE001,dcid:country/BGD,2000,23278.88086
dcs:who/GBD_DALYRTAGE.GHECAUSES--GHE151,dcid:country/BGD,2000,4569.77979
dcs:who/GBD_DALYRTAGE.GHECAUSES--GHE001,dcid:country/BGD,2012,12773.9502
dcs:who/GBD_DALYRTAGE.GHECAUSES--GHE000,dcid:country/BGD,2012,38814.17969
dcs:who/GBD_DALYRTAGE.GHECAUSES--GHE000,dcid:country/BGD,2000,52136.17969
dcs:who/GBD_DALYRTAGE.GHECAUSES--GHE151,dcid:country/BGR,2012,2831.39697
dcs:who/GBD_DALYRTAGE.GHECAUSES--GHE001,dcid:country/BGR,2012,2666.4209
dcs:who/GBD_DALYRTAGE.GHECAUSES--GHE060,dcid:country/BGR,2012,23272.81055
dcs:who/GBD_DALYRTAGE.GHECAUSES--GHE000,dcid:country/BGR,2012,28770.61914
dcs:who/GBD_DALYRTAGE.GHECAUSES--GHE151,dcid:country/BGR,2000,3518.59692
dcs:who/GBD_DALYRTAGE.GHECAUSES--GHE001,dcid:country/BGR,2000,3780.81396
dcs:who/GBD_DALYRTAGE.GHECAUSES--GHE000,dcid:country/BGR,2000,33608.5
dcs:who/GBD_DALYRTAGE.GHECAUSES--GHE060,dcid:country/BGR,2000,26309.08984
dcs:who/GBD_DALYRTAGE.GHECAUSES--GHE001,dcid:country/BHR,2012,2861.04492
dcs:who/GBD_DALYRTAGE.GHECAUSES--GHE060,dcid:country/BHR,2012,20523.51953
dcs:who/GBD_DALYRTAGE.GHECAUSES--GHE151,dcid:country/BHR,2012,2148.17212
dcs:who/GBD_DALYRTAGE.GHECAUSES--GHE000,dcid:country/BHR,2012,25532.73047
dcs:who/GBD_DALYRTAGE.GHECAUSES--GHE151,dcid:country/BHR,2000,2681.89697
dcs:who/GBD_DALYRTAGE.GHECAUSES--GHE060,dcid:country/BHR,2000,24337.33984
dcs:who/GBD_DALYRTAGE.GHECAUSES--GHE000,dcid:country/BHR,2000,29903.42969
dcs:who/GBD_DALYRTAGE.GHECAUSES--GHE001,dcid:country/BHR,2000,2884.19604
dcs:who/GBD_DALYRTAGE.GHECAUSES--GHE151,dcid:country/BHS,2012,3529.92603
dcs:who/GBD_DALYRTAGE.GHECAUSES--GHE060,dcid:country/BHS,2012,19108.86914
dcs:who/GBD_DALYRTAGE.GHECAUSES--GHE000,dcid:country/BHS,2012,30459.25
dcs:who/GBD_DALYRTAGE.GHECAUSES--GHE151,dcid:country/BHS,2000,2981.25195
dcs:who/GBD_DALYRTAGE.GHECAUSES--GHE001,dcid:country/BHS,2012,7820.45313
dcs:who/GBD_DALYRTAGE.GHECAUSES--GHE060,dcid:country/BHS,2000,19521.55078
dcs:who/GBD_DALYRTAGE.GHECAUSES--GHE000,dcid:country/BHS,2000,34268.66016
dcs:who/GBD_DALYRTAGE.GHECAUSES--GHE001,dcid:country/BHS,2000,11765.86035
dcs:who/GBD_DALYRTAGE.GHECAUSES--GHE000,dcid:country/BIH,2012,23999.94922
dcs:who/GBD_DALYRTAGE.GHECAUSES--GHE001,dcid:country/BIH,2012,1820.34998
dcs:who/GBD_DALYRTAGE.GHECAUSES--GHE060,dcid:country/BIH,2012,19278.03906
dcs:who/GBD_DALYRTAGE.GHECAUSES--GHE151,dcid:country/BIH,2012,2901.56494
dcs:who/GBD_DALYRTAGE.GHECAUSES--GHE060,dcid:country/BIH,2000,22456.26953
dcs:who/GBD_DALYRTAGE.GHECAUSES--GHE000,dcid:country/BIH,2000,28284.91992
dcs:who/GBD_DALYRTAGE.GHECAUSES--GHE151,dcid:country/BIH,2000,3301.35693
dcs:who/GBD_DALYRTAGE.GHECAUSES--GHE001,dcid:country/BIH,2000,2527.29297
dcs:who/GBD_DALYRTAGE.GHECAUSES--GHE151,dcid:country/BLR,2012,4901.97412
dcs:who/GBD_DALYRTAGE.GHECAUSES--GHE060,dcid:country/BLR,2012,26282.85938
dcs:who/GBD_DALYRTAGE.GHECAUSES--GHE001,dcid:country/BLR,2012,2598.03198
dcs:who/GBD_DALYRTAGE.GHECAUSES--GHE000,dcid:country/BLR,2012,33782.85938
dcs:who/GBD_DALYRTAGE.GHECAUSES--GHE000,dcid:country/BLR,2000,40635.69922
dcs:who/GBD_DALYRTAGE.GHECAUSES--GHE060,dcid:country/BLR,2000,30368.89063
dcs:who/GBD_DALYRTAGE.GHECAUSES--GHE151,dcid:country/BLR,2000,7153.1499
dcs:who/GBD_DALYRTAGE.GHECAUSES--GHE001,dcid:country/BLR,2000,3113.66504
dcs:who/GBD_DALYRTAGE.GHECAUSES--GHE151,dcid:country/BLZ,2012,5296.72607
dcs:who/GBD_DALYRTAGE.GHECAUSES--GHE060,dcid:country/BLZ,2012,19959.63086
dcs:who/GBD_DALYRTAGE.GHECAUSES--GHE001,dcid:country/BLZ,2012,6163.52686
dcs:who/GBD_DALYRTAGE.GHECAUSES--GHE001,dcid:country/BLZ,2000,7653.60107
dcs:who/GBD_DALYRTAGE.GHECAUSES--GHE060,dcid:country/BLZ,2000,22065.58984
dcs:who/GBD_DALYRTAGE.GHECAUSES--GHE151,dcid:country/BLZ,2000,5820.84814
dcs:who/GBD_DALYRTAGE.GHECAUSES--GHE000,dcid:country/BLZ,2012,31419.88086
dcs:who/GBD_DALYRTAGE.GHECAUSES--GHE000,dcid:country/BLZ,2000,35540.03906
dcs:who/GBD_DALYRTAGE.GHECAUSES--GHE151,dcid:country/BOL,2012,5910.85498
dcs:who/GBD_DALYRTAGE.GHECAUSES--GHE060,dcid:country/BOL,2012,25553.43945
dcs:who/GBD_DALYRTAGE.GHECAUSES--GHE001,dcid:country/BOL,2012,12622.40039
dcs:who/GBD_DALYRTAGE.GHECAUSES--GHE060,dcid:country/BOL,2000,28913.36914
dcs:who/GBD_DALYRTAGE.GHECAUSES--GHE000,dcid:country/BOL,2012,44086.69141
dcs:who/GBD_DALYRTAGE.GHECAUSES--GHE151,dcid:country/BOL,2000,7047.81592
dcs:who/GBD_DALYRTAGE.GHECAUSES--GHE001,dcid:country/BOL,2000,20213.91992
dcs:who/GBD_DALYRTAGE.GHECAUSES--GHE000,dcid:country/BOL,2000,56175.10938
dcs:who/GBD_DALYRTAGE.GHECAUSES--GHE060,dcid:country/BRA,2012,22160.25
dcs:who/GBD_DALYRTAGE.GHECAUSES--GHE151,dcid:country/BRA,2012,4667.5752
dcs:who/GBD_DALYRTAGE.GHECAUSES--GHE151,dcid:country/BRA,2000,4710.70313
dcs:who/GBD_DALYRTAGE.GHECAUSES--GHE001,dcid:country/BRA,2000,7866.05322
dcs:who/GBD_DALYRTAGE.GHECAUSES--GHE060,dcid:country/BRA,2000,25523.5
dcs:who/GBD_DALYRTAGE.GHECAUSES--GHE001,dcid:country/BRA,2012,4803.89307
dcs:who/GBD_DALYRTAGE.GHECAUSES--GHE000,dcid:country/BRA,2012,31631.7207
dcs:who/GBD_DALYRTAGE.GHECAUSES--GHE000,dcid:country/BRA,2000,38100.25
dcs:who/GBD_DALYRTAGE.GHECAUSES--GHE151,dcid:country/BRB,2012,3021.427
dcs:who/GBD_DALYRTAGE.GHECAUSES--GHE060,dcid:country/BRB,2012,19497.81055
dcs:who/GBD_DALYRTAGE.GHECAUSES--GHE151,dcid:country/BRB,2000,2723.06201
dcs:who/GBD_DALYRTAGE.GHECAUSES--GHE060,dcid:country/BRB,2000,21765.89063
dcs:who/GBD_DALYRTAGE.GHECAUSES--GHE001,dcid:country/BRB,2012,4248.66309
dcs:who/GBD_DALYRTAGE.GHECAUSES--GHE000,dcid:country/BRB,2012,26767.90039
dcs:who/GBD_DALYRTAGE.GHECAUSES--GHE001,dcid:country/BRB,2000,5578.27783
dcs:who/GBD_DALYRTAGE.GHECAUSES--GHE000,dcid:country/BRB,2000,30067.23047
dcs:who/GBD_DALYRTAGE.GHECAUSES--GHE151,dcid:country/BRN,2012,2292.04199
dcs:who/GBD_DALYRTAGE.GHECAUSES--GHE151,dcid:country/BRN,2000,2684.47095
dcs:who/GBD_DALYRTAGE.GHECAUSES--GHE000,dcid:country/BRN,2012,22940.58008
dcs:who/GBD_DALYRTAGE.GHECAUSES--GHE060,dcid:country/BRN,2000,19545.10938
dcs:who/GBD_DALYRTAGE.GHECAUSES--GHE001,dcid:country/BRN,2012,2205.44312
dcs:who/GBD_DALYRTAGE.GHECAUSES--GHE060,dcid:country/BRN,2012,18443.09961
dcs:who/GBD_DALYRTAGE.GHECAUSES--GHE000,dcid:country/BRN,2000,24686.0
dcs:who/GBD_DALYRTAGE.GHECAUSES--GHE001,dcid:country/BRN,2000,2456.41797
dcs:who/GBD_DALYRTAGE.GHECAUSES--GHE000,dcid:country/BTN,2012,44059.05078
dcs:who/GBD_DALYRTAGE.GHECAUSES--GHE060,dcid:country/BTN,2012,24683.55078
dcs:who/GBD_DALYRTAGE.GHECAUSES--GHE001,dcid:country/BTN,2012,11693.92969
dcs:who/GBD_DALYRTAGE.GHECAUSES--GHE151,dcid:country/BTN,2012,7681.57617
dcs:who/GBD_DALYRTAGE.GHECAUSES--GHE060,dcid:country/BTN,2000,28324.25977
dcs:who/GBD_DALYRTAGE.GHECAUSES--GHE001,dcid:country/BTN,2000,24013.33984
dcs:who/GBD_DALYRTAGE.GHECAUSES--GHE000,dcid:country/BTN,2000,65067.89063
dcs:who/GBD_DALYRTAGE.GHECAUSES--GHE151,dcid:country/BTN,2000,12730.29004
dcs:who/GBD_DALYRTAGE.GHECAUSES--GHE001,dcid:country/BWA,2012,32066.2793
dcs:who/GBD_DALYRTAGE.GHECAUSES--GHE151,dcid:country/BWA,2012,4880.47412
dcs:who/GBD_DALYRTAGE.GHECAUSES--GHE060,dcid:country/BWA,2012,24566.01953
dcs:who/GBD_DALYRTAGE.GHECAUSES--GHE060,dcid:country/BWA,2000,22837.7207
dcs:who/GBD_DALYRTAGE.GHECAUSES--GHE000,dcid:country/BWA,2000,114727.89844
dcs:who/GBD_DALYRTAGE.GHECAUSES--GHE000,dcid:country/BWA,2012,61512.76953
dcs:who/GBD_DALYRTAGE.GHECAUSES--GHE151,dcid:country/BWA,2000,5058.5498
dcs:who/GBD_DALYRTAGE.GHECAUSES--GHE001,dcid:country/BWA,2000,86831.61719
dcs:who/GBD_DALYRTAGE.GHECAUSES--GHE151,dcid:country/CAF,2012,6721.14307
dcs:who/GBD_DALYRTAGE.GHECAUSES--GHE060,dcid:country/CAF,2012,24490.91016
dcs:who/GBD_DALYRTAGE.GHECAUSES--GHE000,dcid:country/CAF,2012,97115.46875
dcs:who/GBD_DALYRTAGE.GHECAUSES--GHE060,dcid:country/CAF,2000,24904.67969
dcs:who/GBD_DALYRTAGE.GHECAUSES--GHE151,dcid:country/CAF,2000,6438.35107
dcs:who/GBD_DALYRTAGE.GHECAUSES--GHE001,dcid:country/CAF,2012,65903.42969
dcs:who/GBD_DALYRTAGE.GHECAUSES--GHE001,dcid:country/CAF,2000,90788.88281
dcs:who/GBD_DALYRTAGE.GHECAUSES--GHE000,dcid:country/CAF,2000,122131.89844
dcs:who/GBD_DALYRTAGE.GHECAUSES--GHE151,dcid:country/CAN,2012,1802.255
dcs:who/GBD_DALYRTAGE.GHECAUSES--GHE060,dcid:country/CAN,2012,15724.51953
dcs:who/GBD_DALYRTAGE.GHECAUSES--GHE001,dcid:country/CAN,2012,1310.78296
dcs:who/GBD_DALYRTAGE.GHECAUSES--GHE000,dcid:country/CAN,2012,18837.56055
dcs:who/GBD_DALYRTAGE.GHECAUSES--GHE151,dcid:country/CAN,2000,2107.74194
dcs:who/GBD_DALYRTAGE.GHECAUSES--GHE001,dcid:country/CAN,2000,1245.86096
dcs:who/GBD_DALYRTAGE.GHECAUSES--GHE000,dcid:country/CAN,2000,21044.24023
dcs:who/GBD_DALYRTAGE.GHECAUSES--GHE060,dcid:country/CAN,2000,17690.64063
dcs:who/GBD_DALYRTAGE.GHECAUSES--GHE060,dcid:country/CHE,2012,14871.9502
dcs:who/GBD_DALYRTAGE.GHECAUSES--GHE000,dcid:country/CHE,2012,17678.61914
dcs:who/GBD_DALYRTAGE.GHECAUSES--GHE151,dcid:country/CHE,2000,2545.90796
dcs:who/GBD_DALYRTAGE.GHECAUSES--GHE001,dcid:country/CHE,2012,961.23541
dcs:who/GBD_DALYRTAGE.GHECAUSES--GHE151,dcid:country/CHE,2012,1845.42798
dcs:who/GBD_DALYRTAGE.GHECAUSES--GHE060,dcid:country/CHE,2000,16876.80078
dcs:who/GBD_DALYRTAGE.GHECAUSES--GHE000,dcid:country/CHE,2000,20583.51953
dcs:who/GBD_DALYRTAGE.GHECAUSES--GHE001,dcid:country/CHE,2000,1160.80896
dcs:who/GBD_DALYRTAGE.GHECAUSES--GHE060,dcid:country/CHL,2012,16750.25
dcs:who/GBD_DALYRTAGE.GHECAUSES--GHE001,dcid:country/CHL,2012,2001.25305
dcs:who/GBD_DALYRTAGE.GHECAUSES--GHE151,dcid:country/CHL,2012,2581.11401
dcs:who/GBD_DALYRTAGE.GHECAUSES--GHE060,dcid:country/CHL,2000,18806.66016
dcs:who/GBD_DALYRTAGE.GHECAUSES--GHE151,dcid:country/CHL,2000,3195.1001
dcs:who/GBD_DALYRTAGE.GHECAUSES--GHE000,dcid:country/CHL,2012,21332.61914
dcs:who/GBD_DALYRTAGE.GHECAUSES--GHE000,dcid:country/CHL,2000,24546.56055
dcs:who/GBD_DALYRTAGE.GHECAUSES--GHE001,dcid:country/CHL,2000,2544.79712
dcs:who/GBD_DALYRTAGE.GHECAUSES--GHE151,dcid:country/CHN,2012,2780.73804
dcs:who/GBD_DALYRTAGE.GHECAUSES--GHE151,dcid:country/CHN,2000,4260.35889
dcs:who/GBD_DALYRTAGE.GHECAUSES--GHE060,dcid:country/CHN,2000,21614.4707
dcs:who/GBD_DALYRTAGE.GHECAUSES--GHE060,dcid:country/CHN,2012,18748.06055
dcs:who/GBD_DALYRTAGE.GHECAUSES--GHE000,dcid:country/CHN,2012,24811.0
dcs:who/GBD_DALYRTAGE.GHECAUSES--GHE001,dcid:country/CHN,2012,3282.2019
dcs:who/GBD_DALYRTAGE.GHECAUSES--GHE000,dcid:country/CHN,2000,32966.23828
dcs:who/GBD_DALYRTAGE.GHECAUSES--GHE001,dcid:country/CHN,2000,7091.40918
dcs:who/GBD_DALYRTAGE.GHECAUSES--GHE001,dcid:country/CIV,2012,48602.92969
dcs:who/GBD_DALYRTAGE.GHECAUSES--GHE060,dcid:country/CIV,2012,33044.83984
dcs:who/GBD_DALYRTAGE.GHECAUSES--GHE000,dcid:country/CIV,2012,88855.67969
dcs:who/GBD_DALYRTAGE.GHECAUSES--GHE151,dcid:country/CIV,2012,7207.91699
dcs:who/GBD_DALYRTAGE.GHECAUSES--GHE060,dcid:country/CIV,2000,29904.4707
dcs:who/GBD_DALYRTAGE.GHECAUSES--GHE151,dcid:country/CIV,2000,6450.60498
dcs:who/GBD_DALYRTAGE.GHECAUSES--GHE001,dcid:country/CIV,2000,70407.65625
dcs:who/GBD_DALYRTAGE.GHECAUSES--GHE000,dcid:country/CIV,2000,106762.70313
dcs:who/GBD_DALYRTAGE.GHECAUSES--GHE001,dcid:country/CMR,2012,42373.17969
dcs:who/GBD_DALYRTAGE.GHECAUSES--GHE060,dcid:country/CMR,2012,29023.25977
dcs:who/GBD_DALYRTAGE.GHECAUSES--GHE151,dcid:country/CMR,2012,5972.07422
dcs:who/GBD_DALYRTAGE.GHECAUSES--GHE060,dcid:country/CMR,2000,29106.71094
dcs:who/GBD_DALYRTAGE.GHECAUSES--GHE151,dcid:country/CMR,2000,6456.36182
dcs:who/GBD_DALYRTAGE.GHECAUSES--GHE001,dcid:country/CMR,2000,59026.96094
dcs:who/GBD_DALYRTAGE.GHECAUSES--GHE000,dcid:country/CMR,2012,77368.50781
dcs:who/GBD_DALYRTAGE.GHECAUSES--GHE000,dcid:country/CMR,2000,94590.03906
dcs:who/GBD_DALYRTAGE.GHECAUSES--GHE151,dcid:country/COD,2012,8826.24805
dcs:who/GBD_DALYRTAGE.GHECAUSES--GHE001,dcid:country/COD,2012,54454.83984
dcs:who/GBD_DALYRTAGE.GHECAUSES--GHE060,dcid:country/COD,2012,29549.46094
dcs:who/GBD_DALYRTAGE.GHECAUSES--GHE000,dcid:country/COD,2012,92830.5625
dcs:who/GBD_DALYRTAGE.GHECAUSES--GHE001,dcid:country/COD,2000,67894.14844
dcs:who/GBD_DALYRTAGE.GHECAUSES--GHE060,dcid:country/COD,2000,27964.2793
dcs:who/GBD_DALYRTAGE.GHECAUSES--GHE151,dcid:country/COD,2000,9040.6582
dcs:who/GBD_DALYRTAGE.GHECAUSES--GHE000,dcid:country/COD,2000,104899.10156
dcs:who/GBD_DALYRTAGE.GHECAUSES--GHE151,dcid:country/COG,2012,5689.82813
dcs:who/GBD_DALYRTAGE.GHECAUSES--GHE060,dcid:country/COG,2012,25927.65039
dcs:who/GBD_DALYRTAGE.GHECAUSES--GHE151,dcid:country/COG,2000,6407.86816
dcs:who/GBD_DALYRTAGE.GHECAUSES--GHE060,dcid:country/COG,2000,25841.08008
dcs:who/GBD_DALYRTAGE.GHECAUSES--GHE000,dcid:country/COG,2012,70611.13281
dcs:who/GBD_DALYRTAGE.GHECAUSES--GHE001,dcid:country/COG,2012,38993.64844
dcs:who/GBD_DALYRTAGE.GHECAUSES--GHE000,dcid:country/COG,2000,90299.40625
dcs:who/GBD_DALYRTAGE.GHECAUSES--GHE001,dcid:country/COG,2000,58050.46094
dcs:who/GBD_DALYRTAGE.GHECAUSES--GHE151,dcid:country/COL,2000,8098.41406
dcs:who/GBD_DALYRTAGE.GHECAUSES--GHE151,dcid:country/COL,2012,4316.05615
dcs:who/GBD_DALYRTAGE.GHECAUSES--GHE000,dcid:country/COL,2012,27187.56055
dcs:who/GBD_DALYRTAGE.GHECAUSES--GHE060,dcid:country/COL,2012,18257.91016
dcs:who/GBD_DALYRTAGE.GHECAUSES--GHE001,dcid:country/COL,2012,4613.59424
dcs:who/GBD_DALYRTAGE.GHECAUSES--GHE000,dcid:country/COL,2000,34476.71094
dcs:who/GBD_DALYRTAGE.GHECAUSES--GHE060,dcid:country/COL,2000,20268.50977
dcs:who/GBD_DALYRTAGE.GHECAUSES--GHE001,dcid:country/COL,2000,6109.78418
dcs:who/GBD_DALYRTAGE.GHECAUSES--GHE151,dcid:country/COM,2012,6330.11719
dcs:who/GBD_DALYRTAGE.GHECAUSES--GHE060,dcid:country/COM,2012,27638.16016
dcs:who/GBD_DALYRTAGE.GHECAUSES--GHE001,dcid:country/COM,2012,25705.09961
dcs:who/GBD_DALYRTAGE.GHECAUSES--GHE001,dcid:country/COM,2000,32777.80078
dcs:who/GBD_DALYRTAGE.GHECAUSES--GHE000,dcid:country/COM,2000,69053.60156
dcs:who/GBD_DALYRTAGE.GHECAUSES--GHE151,dcid:country/COM,2000,6363.96484
dcs:who/GBD_DALYRTAGE.GHECAUSES--GHE060,dcid:country/COM,2000,29911.83984
dcs:who/GBD_DALYRTAGE.GHECAUSES--GHE000,dcid:country/COM,2012,59673.37891
dcs:who/GBD_DALYRTAGE.GHECAUSES--GHE151,dcid:country/CPV,2012,2525.70093
dcs:who/GBD_DALYRTAGE.GHECAUSES--GHE060,dcid:country/CPV,2012,20377.86914
dcs:who/GBD_DALYRTAGE.GHECAUSES--GHE001,dcid:country/CPV,2012,8291.00195
dcs:who/GBD_DALYRTAGE.GHECAUSES--GHE151,dcid:country/CPV,2000,3201.17407
dcs:who/GBD_DALYRTAGE.GHECAUSES--GHE060,dcid:country/CPV,2000,24358.34961
dcs:who/GBD_DALYRTAGE.GHECAUSES--GHE000,dcid:country/CPV,2012,31194.57031
dcs:who/GBD_DALYRTAGE.GHECAUSES--GHE000,dcid:country/CPV,2000,41048.05078
dcs:who/GBD_DALYRTAGE.GHECAUSES--GHE001,dcid:country/CPV,2000,13488.53027
dcs:who/GBD_DALYRTAGE.GHECAUSES--GHE060,dcid:country/CRI,2012,17960.49023
dcs:who/GBD_DALYRTAGE.GHECAUSES--GHE151,dcid:country/CRI,2012,2506.71094
dcs:who/GBD_DALYRTAGE.GHECAUSES--GHE060,dcid:country/CRI,2000,19527.66016
dcs:who/GBD_DALYRTAGE.GHECAUSES--GHE151,dcid:country/CRI,2000,2748.55908
dcs:who/GBD_DALYRTAGE.GHECAUSES--GHE000,dcid:country/CRI,2012,23016.53906
dcs:who/GBD_DALYRTAGE.GHECAUSES--GHE001,dcid:country/CRI,2012,2549.33496
dcs:who/GBD_DALYRTAGE.GHECAUSES--GHE000,dcid:country/CRI,2000,25405.16016
dcs:who/GBD_DALYRTAGE.GHECAUSES--GHE001,dcid:country/CRI,2000,3128.94409
dcs:who/GBD_DALYRTAGE.GHECAUSES--GHE060,dcid:country/CUB,2012,18988.4707
dcs:who/GBD_DALYRTAGE.GHECAUSES--GHE151,dcid:country/CUB,2012,3344.66406
dcs:who/GBD_DALYRTAGE.GHECAUSES--GHE060,dcid:country/CUB,2000,20192.9707
dcs:who/GBD_DALYRTAGE.GHECAUSES--GHE000,dcid:country/CUB,2012,25179.66992
dcs:who/GBD_DALYRTAGE.GHECAUSES--GHE151,dcid:country/CUB,2000,3133.22192
dcs:who/GBD_DALYRTAGE.GHECAUSES--GHE001,dcid:country/CUB,2012,2846.53809
dcs:who/GBD_DALYRTAGE.GHECAUSES--GHE001,dcid:country/CUB,2000,3409.90088
dcs:who/GBD_DALYRTAGE.GHECAUSES--GHE000,dcid:country/CUB,2000,26736.08984
dcs:who/GBD_DALYRTAGE.GHECAUSES--GHE151,dcid:country/CYP,2012,1846.68201
dcs:who/GBD_DALYRTAGE.GHECAUSES--GHE001,dcid:country/CYP,2012,712.51862
dcs:who/GBD_DALYRTAGE.GHECAUSES--GHE060,dcid:country/CYP,2012,13230.20996
dcs:who/GBD_DALYRTAGE.GHECAUSES--GHE000,dcid:country/CYP,2012,15789.41016
dcs:who/GBD_DALYRTAGE.GHECAUSES--GHE060,dcid:country/CYP,2000,17482.56055
dcs:who/GBD_DALYRTAGE.GHECAUSES--GHE151,dcid:country/CYP,2000,2997.65088
dcs:who/GBD_DALYRTAGE.GHECAUSES--GHE001,dcid:country/CYP,2000,1042.30603
dcs:who/GBD_DALYRTAGE.GHECAUSES--GHE000,dcid:country/CYP,2000,21522.50977
dcs:who/GBD_DALYRTAGE.GHECAUSES--GHE060,dcid:country/CZE,2000,21451.19922
dcs:who/GBD_DALYRTAGE.GHECAUSES--GHE001,dcid:country/CZE,2012,1631.02295
dcs:who/GBD_DALYRTAGE.GHECAUSES--GHE151,dcid:country/CZE,2012,2751.14111
dcs:who/GBD_DALYRTAGE.GHECAUSES--GHE151,dcid:country/CZE,2000,3392.86401
dcs:who/GBD_DALYRTAGE.GHECAUSES--GHE000,dcid:country/CZE,2012,22380.11914
dcs:who/GBD_DALYRTAGE.GHECAUSES--GHE060,dcid:country/CZE,2012,17997.96094
dcs:who/GBD_DALYRTAGE.GHECAUSES--GHE001,dcid:country/CZE,2000,1700.21399
dcs:who/GBD_DALYRTAGE.GHECAUSES--GHE000,dcid:country/CZE,2000,26544.2793
dcs:who/GBD_DALYRTAGE.GHECAUSES--GHE001,dcid:country/DEU,2012,1129.32104
dcs:who/GBD_DALYRTAGE.GHECAUSES--GHE060,dcid:country/DEU,2012,16280.42969
dcs:who/GBD_DALYRTAGE.GHECAUSES--GHE151,dcid:country/DEU,2012,1813.94702
dcs:who/GBD_DALYRTAGE.GHECAUSES--GHE000,dcid:country/DEU,2012,19223.68945
dcs:who/GBD_DALYRTAGE.GHECAUSES--GHE000,dcid:country/DEU,2000,22368.10938
dcs:who/GBD_DALYRTAGE.GHECAUSES--GHE060,dcid:country/DEU,2000,18806.30078
dcs:who/GBD_DALYRTAGE.GHECAUSES--GHE151,dcid:country/DEU,2000,2342.23901
dcs:who/GBD_DALYRTAGE.GHECAUSES--GHE001,dcid:country/DEU,2000,1219.57104
dcs:who/GBD_DALYRTAGE.GHECAUSES--GHE060,dcid:country/DJI,2012,26117.18945
dcs:who/GBD_DALYRTAGE.GHECAUSES--GHE151,dcid:country/DJI,2012,5182.11914
dcs:who/GBD_DALYRTAGE.GHECAUSES--GHE000,dcid:country/DJI,2012,64677.46094
dcs:who/GBD_DALYRTAGE.GHECAUSES--GHE001,dcid:country/DJI,2012,33378.14844
dcs:who/GBD_DALYRTAGE.GHECAUSES--GHE151,dcid:country/DJI,2000,5844.56885
dcs:who/GBD_DALYRTAGE.GHECAUSES--GHE001,dcid:country/DJI,2000,41148.66016
dcs:who/GBD_DALYRTAGE.GHECAUSES--GHE060,dcid:country/DJI,2000,28175.42969
dcs:who/GBD_DALYRTAGE.GHECAUSES--GHE000,dcid:country/DJI,2000,75168.65625
dcs:who/GBD_DALYRTAGE.GHECAUSES--GHE151,dcid:country/DNK,2012,1757.64697
dcs:who/GBD_DALYRTAGE.GHECAUSES--GHE151,dcid:country/DNK,2000,2465.41089
dcs:who/GBD_DALYRTAGE.GHECAUSES--GHE060,dcid:country/DNK,2000,19795.86914
dcs:who/GBD_DALYRTAGE.GHECAUSES--GHE060,dcid:country/DNK,2012,17408.30078
dcs:who/GBD_DALYRTAGE.GHECAUSES--GHE000,dcid:country/DNK,2012,20450.91992
dcs:who/GBD_DALYRTAGE.GHECAUSES--GHE001,dcid:country/DNK,2012,1284.97205
dcs:who/GBD_DALYRTAGE.GHECAUSES--GHE000,dcid:country/DNK,2000,23437.38086
dcs:who/GBD_DALYRTAGE.GHECAUSES--GHE001,dcid:country/DNK,2000,1176.10303
dcs:who/GBD_DALYRTAGE.GHECAUSES--GHE000,dcid:country/DOM,2012,29597.34961
dcs:who/GBD_DALYRTAGE.GHECAUSES--GHE151,dcid:country/DOM,2012,4930.98584
dcs:who/GBD_DALYRTAGE.GHECAUSES--GHE001,dcid:country/DOM,2012,6242.64404
dcs:who/GBD_DALYRTAGE.GHECAUSES--GHE060,dcid:country/DOM,2012,18423.7207
dcs:who/GBD_DALYRTAGE.GHECAUSES--GHE151,dcid:country/DOM,2000,3913.58789
dcs:who/GBD_DALYRTAGE.GHECAUSES--GHE001,dcid:country/DOM,2000,10404.41992
dcs:who/GBD_DALYRTAGE.GHECAUSES--GHE060,dcid:country/DOM,2000,20300.4707
dcs:who/GBD_DALYRTAGE.GHECAUSES--GHE000,dcid:country/DOM,2000,34618.48047
dcs:who/GBD_DALYRTAGE.GHECAUSES--GHE060,dcid:country/DZA,2012,25650.34961
dcs:who/GBD_DALYRTAGE.GHECAUSES--GHE001,dcid:country/DZA,2012,5962.76416
dcs:who/GBD_DALYRTAGE.GHECAUSES--GHE151,dcid:country/DZA,2012,3176.78906
dcs:who/GBD_DALYRTAGE.GHECAUSES--GHE000,dcid:country/DZA,2012,34789.91016
dcs:who/GBD_DALYRTAGE.GHECAUSES--GHE151,dcid:country/DZA,2000,4078.354
dcs:who/GBD_DALYRTAGE.GHECAUSES--GHE000,dcid:country/DZA,2000,38868.19141
dcs:who/GBD_DALYRTAGE.GHECAUSES--GHE060,dcid:country/DZA,2000,26536.7793
dcs:who/GBD_DALYRTAGE.GHECAUSES--GHE001,dcid:country/DZA,2000,8253.05957
dcs:who/GBD_DALYRTAGE.GHECAUSES--GHE060,dcid:country/ECU,2012,18450.91016
dcs:who/GBD_DALYRTAGE.GHECAUSES--GHE001,dcid:country/ECU,2012,6131.23193
dcs:who/GBD_DALYRTAGE.GHECAUSES--GHE151,dcid:country/ECU,2012,4775.28418
dcs:who/GBD_DALYRTAGE.GHECAUSES--GHE000,dcid:country/ECU,2012,29357.41992
dcs:who/GBD_DALYRTAGE.GHECAUSES--GHE060,dcid:country/ECU,2000,20958.16992
dcs:who/GBD_DALYRTAGE.GHECAUSES--GHE151,dcid:country/ECU,2000,4891.61279
dcs:who/GBD_DALYRTAGE.GHECAUSES--GHE001,dcid:country/ECU,2000,9208.22363
dcs:who/GBD_DALYRTAGE.GHECAUSES--GHE000,dcid:country/ECU,2000,35058.0
dcs:who/GBD_DALYRTAGE.GHECAUSES--GHE000,dcid:country/EGY,2012,35783.80859
dcs:who/GBD_DALYRTAGE.GHECAUSES--GHE001,dcid:country/EGY,2012,5450.24902
dcs:who/GBD_DALYRTAGE.GHECAUSES--GHE060,dcid:country/EGY,2012,28010.61914
dcs:who/GBD_DALYRTAGE.GHECAUSES--GHE151,dcid:country/EGY,2012,2322.93994
dcs:who/GBD_DALYRTAGE.GHECAUSES--GHE001,dcid:country/EGY,2000,9772.03027
dcs:who/GBD_DALYRTAGE.GHECAUSES--GHE060,dcid:country/EGY,2000,30729.03906
dcs:who/GBD_DALYRTAGE.GHECAUSES--GHE151,dcid:country/EGY,2000,2648.85205
dcs:who/GBD_DALYRTAGE.GHECAUSES--GHE000,dcid:country/EGY,2000,43149.92188
dcs:who/GBD_DALYRTAGE.GHECAUSES--GHE001,dcid:country/ERI,2012,24397.49023
dcs:who/GBD_DALYRTAGE.GHECAUSES--GHE060,dcid:country/ERI,2012,27269.39063
dcs:who/GBD_DALYRTAGE.GHECAUSES--GHE000,dcid:country/ERI,2012,57089.30078
dcs:who/GBD_DALYRTAGE.GHECAUSES--GHE151,dcid:country/ERI,2012,5422.42285
dcs:who/GBD_DALYRTAGE.GHECAUSES--GHE151,dcid:country/ERI,2000,48988.69141
dcs:who/GBD_DALYRTAGE.GHECAUSES--GHE060,dcid:country/ERI,2000,32159.9707
dcs:who/GBD_DALYRTAGE.GHECAUSES--GHE000,dcid:country/ERI,2000,123729.29688
dcs:who/GBD_DALYRTAGE.GHECAUSES--GHE001,dcid:country/ERI,2000,42580.64844
dcs:who/GBD_DALYRTAGE.GHECAUSES--GHE151,dcid:country/ESP,2012,1573.80103
dcs:who/GBD_DALYRTAGE.GHECAUSES--GHE001,dcid:country/ESP,2012,1163.39905
dcs:who/GBD_DALYRTAGE.GHECAUSES--GHE151,dcid:country/ESP,2000,2447.65796
dcs:who/GBD_DALYRTAGE.GHECAUSES--GHE000,dcid:country/ESP,2012,16983.73047
dcs:who/GBD_DALYRTAGE.GHECAUSES--GHE060,dcid:country/ESP,2012,14246.53027
dcs:who/GBD_DALYRTAGE.GHECAUSES--GHE000,dcid:country/ESP,2000,20454.53906
dcs:who/GBD_DALYRTAGE.GHECAUSES--GHE060,dcid:country/ESP,2000,16437.83984
dcs:who/GBD_DALYRTAGE.GHECAUSES--GHE001,dcid:country/ESP,2000,1569.047
dcs:who/GBD_DALYRTAGE.GHECAUSES--GHE151,dcid:country/EST,2012,2882.552
dcs:who/GBD_DALYRTAGE.GHECAUSES--GHE000,dcid:country/EST,2012,26241.59961
dcs:who/GBD_DALYRTAGE.GHECAUSES--GHE001,dcid:country/EST,2012,2004.50598
dcs:who/GBD_DALYRTAGE.GHECAUSES--GHE060,dcid:country/EST,2012,21354.55078
dcs:who/GBD_DALYRTAGE.GHECAUSES--GHE060,dcid:country/EST,2000,27416.50977
dcs:who/GBD_DALYRTAGE.GHECAUSES--GHE151,dcid:country/EST,2000,5917.2041
dcs:who/GBD_DALYRTAGE.GHECAUSES--GHE000,dcid:country/EST,2000,36400.42188
dcs:who/GBD_DALYRTAGE.GHECAUSES--GHE001,dcid:country/EST,2000,3066.70898
dcs:who/GBD_DALYRTAGE.GHECAUSES--GHE151,dcid:country/ETH,2012,5016.5459
dcs:who/GBD_DALYRTAGE.GHECAUSES--GHE001,dcid:country/ETH,2012,28223.76953
dcs:who/GBD_DALYRTAGE.GHECAUSES--GHE000,dcid:country/ETH,2012,54964.39063
dcs:who/GBD_DALYRTAGE.GHECAUSES--GHE060,dcid:country/ETH,2012,21724.07031
dcs:who/GBD_DALYRTAGE.GHECAUSES--GHE001,dcid:country/ETH,2000,58869.46875
dcs:who/GBD_DALYRTAGE.GHECAUSES--GHE060,dcid:country/ETH,2000,25961.82031
dcs:who/GBD_DALYRTAGE.GHECAUSES--GHE151,dcid:country/ETH,2000,9202.81152
dcs:who/GBD_DALYRTAGE.GHECAUSES--GHE000,dcid:country/ETH,2000,94034.09375
dcs:who/GBD_DALYRTAGE.GHECAUSES--GHE151,dcid:country/FIN,2012,2504.30591
dcs:who/GBD_DALYRTAGE.GHECAUSES--GHE001,dcid:country/FIN,2012,776.33691
dcs:who/GBD_DALYRTAGE.GHECAUSES--GHE060,dcid:country/FIN,2012,16562.83008
dcs:who/GBD_DALYRTAGE.GHECAUSES--GHE060,dcid:country/FIN,2000,18316.61914
dcs:who/GBD_DALYRTAGE.GHECAUSES--GHE151,dcid:country/FIN,2000,3246.38599
dcs:who/GBD_DALYRTAGE.GHECAUSES--GHE001,dcid:country/FIN,2000,1236.81604
dcs:who/GBD_DALYRTAGE.GHECAUSES--GHE000,dcid:country/FIN,2012,19843.4707
dcs:who/GBD_DALYRTAGE.GHECAUSES--GHE000,dcid:country/FIN,2000,22799.82031
dcs:who/GBD_DALYRTAGE.GHECAUSES--GHE060,dcid:country/FJI,2012,29699.13086
dcs:who/GBD_DALYRTAGE.GHECAUSES--GHE151,dcid:country/FJI,2012,3559.90308
dcs:who/GBD_DALYRTAGE.GHECAUSES--GHE060,dcid:country/FJI,2000,32408.00977
dcs:who/GBD_DALYRTAGE.GHECAUSES--GHE000,dcid:country/FJI,2012,39681.39844
dcs:who/GBD_DALYRTAGE.GHECAUSES--GHE151,dcid:country/FJI,2000,4298.65723
dcs:who/GBD_DALYRTAGE.GHECAUSES--GHE001,dcid:country/FJI,2012,6422.37109
dcs:who/GBD_DALYRTAGE.GHECAUSES--GHE000,dcid:country/FJI,2000,44300.39063
dcs:who/GBD_DALYRTAGE.GHECAUSES--GHE001,dcid:country/FJI,2000,7593.72705
dcs:who/GBD_DALYRTAGE.GHECAUSES--GHE001,dcid:country/FRA,2012,1115.18701
dcs:who/GBD_DALYRTAGE.GHECAUSES--GHE060,dcid:country/FRA,2012,15734.21973
dcs:who/GBD_DALYRTAGE.GHECAUSES--GHE151,dcid:country/FRA,2012,2254.46289
dcs:who/GBD_DALYRTAGE.GHECAUSES--GHE001,dcid:country/FRA,2000,1348.03503
dcs:who/GBD_DALYRTAGE.GHECAUSES--GHE060,dcid:country/FRA,2000,17777.34961
dcs:who/GBD_DALYRTAGE.GHECAUSES--GHE000,dcid:country/FRA,2012,19103.86914
dcs:who/GBD_DALYRTAGE.GHECAUSES--GHE151,dcid:country/FRA,2000,2971.5459
dcs:who/GBD_DALYRTAGE.GHECAUSES--GHE000,dcid:country/FRA,2000,22096.92969
dcs:who/GBD_DALYRTAGE.GHECAUSES--GHE060,dcid:country/GAB,2012,23004.34961
dcs:who/GBD_DALYRTAGE.GHECAUSES--GHE151,dcid:country/GAB,2012,4682.79199
dcs:who/GBD_DALYRTAGE.GHECAUSES--GHE060,dcid:country/GAB,2000,23397.41016
dcs:who/GBD_DALYRTAGE.GHECAUSES--GHE151,dcid:country/GAB,2000,5132.35498
dcs:who/GBD_DALYRTAGE.GHECAUSES--GHE001,dcid:country/GAB,2000,40010.01953
dcs:who/GBD_DALYRTAGE.GHECAUSES--GHE000,dcid:country/GAB,2012,58498.05859
dcs:who/GBD_DALYRTAGE.GHECAUSES--GHE001,dcid:country/GAB,2012,30810.91992
dcs:who/GBD_DALYRTAGE.GHECAUSES--GHE000,dcid:country/GAB,2000,68539.78125
dcs:who/GBD_DALYRTAGE.GHECAUSES--GHE151,dcid:country/GBR,2012,1824.53796
dcs:who/GBD_DALYRTAGE.GHECAUSES--GHE001,dcid:country/GBR,2012,1393.96301
dcs:who/GBD_DALYRTAGE.GHECAUSES--GHE060,dcid:country/GBR,2012,17157.43945
dcs:who/GBD_DALYRTAGE.GHECAUSES--GHE151,dcid:country/GBR,2000,2073.7771
dcs:who/GBD_DALYRTAGE.GHECAUSES--GHE060,dcid:country/GBR,2000,19351.25977
dcs:who/GBD_DALYRTAGE.GHECAUSES--GHE001,dcid:country/GBR,2000,1910.94397
dcs:who/GBD_DALYRTAGE.GHECAUSES--GHE000,dcid:country/GBR,2012,20375.93945
dcs:who/GBD_DALYRTAGE.GHECAUSES--GHE000,dcid:country/GBR,2000,23335.98047
dcs:who/GBD_DALYRTAGE.GHECAUSES--GHE060,dcid:country/GEO,2012,22553.00977
dcs:who/GBD_DALYRTAGE.GHECAUSES--GHE151,dcid:country/GEO,2012,2509.40796
dcs:who/GBD_DALYRTAGE.GHECAUSES--GHE001,dcid:country/GEO,2012,4260.14404
dcs:who/GBD_DALYRTAGE.GHECAUSES--GHE151,dcid:country/GEO,2000,2858.95605
dcs:who/GBD_DALYRTAGE.GHECAUSES--GHE000,dcid:country/GEO,2012,29322.56055
dcs:who/GBD_DALYRTAGE.GHECAUSES--GHE060,dcid:country/GEO,2000,24798.44922
dcs:who/GBD_DALYRTAGE.GHECAUSES--GHE000,dcid:country/GEO,2000,33695.85938
dcs:who/GBD_DALYRTAGE.GHECAUSES--GHE001,dcid:country/GEO,2000,6038.44922
dcs:who/GBD_DALYRTAGE.GHECAUSES--GHE151,dcid:country/GHA,2012,4268.48877
dcs:who/GBD_DALYRTAGE.GHECAUSES--GHE001,dcid:country/GHA,2012,27277.93945
dcs:who/GBD_DALYRTAGE.GHECAUSES--GHE060,dcid:country/GHA,2012,26828.96094
dcs:who/GBD_DALYRTAGE.GHECAUSES--GHE060,dcid:country/GHA,2000,26340.91016
dcs:who/GBD_DALYRTAGE.GHECAUSES--GHE000,dcid:country/GHA,2012,58375.39063
dcs:who/GBD_DALYRTAGE.GHECAUSES--GHE151,dcid:country/GHA,2000,4090.48193
dcs:who/GBD_DALYRTAGE.GHECAUSES--GHE001,dcid:country/GHA,2000,41076.01172
dcs:who/GBD_DALYRTAGE.GHECAUSES--GHE000,dcid:country/GHA,2000,71507.39844
dcs:who/GBD_DALYRTAGE.GHECAUSES--GHE060,dcid:country/GIN,2012,28032.65039
dcs:who/GBD_DALYRTAGE.GHECAUSES--GHE151,dcid:country/GIN,2012,5544.37793
dcs:who/GBD_DALYRTAGE.GHECAUSES--GHE060,dcid:country/GIN,2000,29802.01953
dcs:who/GBD_DALYRTAGE.GHECAUSES--GHE151,dcid:country/GIN,2000,6638.20996
dcs:who/GBD_DALYRTAGE.GHECAUSES--GHE001,dcid:country/GIN,2000,63188.23828
dcs:who/GBD_DALYRTAGE.GHECAUSES--GHE000,dcid:country/GIN,2012,72517.86719
dcs:who/GBD_DALYRTAGE.GHECAUSES--GHE001,dcid:country/GIN,2012,38940.83984
dcs:who/GBD_DALYRTAGE.GHECAUSES--GHE000,dcid:country/GIN,2000,99628.46094
dcs:who/GBD_DALYRTAGE.GHECAUSES--GHE151,dcid:country/GMB,2012,5317.37012
dcs:who/GBD_DALYRTAGE.GHECAUSES--GHE001,dcid:country/GMB,2012,30928.5
dcs:who/GBD_DALYRTAGE.GHECAUSES--GHE060,dcid:country/GMB,2012,26451.0293
dcs:who/GBD_DALYRTAGE.GHECAUSES--GHE000,dcid:country/GMB,2012,62696.89844
dcs:who/GBD_DALYRTAGE.GHECAUSES--GHE151,dcid:country/GMB,2000,6132.12207
dcs:who/GBD_DALYRTAGE.GHECAUSES--GHE000,dcid:country/GMB,2000,77325.45313
dcs:who/GBD_DALYRTAGE.GHECAUSES--GHE060,dcid:country/GMB,2000,29424.13086
dcs:who/GBD_DALYRTAGE.GHECAUSES--GHE001,dcid:country/GMB,2000,41769.19141
dcs:who/GBD_DALYRTAGE.GHECAUSES--GHE151,dcid:country/GNB,2012,6077.59521
dcs:who/GBD_DALYRTAGE.GHECAUSES--GHE001,dcid:country/GNB,2012,48395.66016
dcs:who/GBD_DALYRTAGE.GHECAUSES--GHE000,dcid:country/GNB,2012,83440.6875
dcs:who/GBD_DALYRTAGE.GHECAUSES--GHE151,dcid:country/GNB,2000,6240.14209
dcs:who/GBD_DALYRTAGE.GHECAUSES--GHE060,dcid:country/GNB,2012,28967.42969
dcs:who/GBD_DALYRTAGE.GHECAUSES--GHE001,dcid:country/GNB,2000,58563.89063
dcs:who/GBD_DALYRTAGE.GHECAUSES--GHE060,dcid:country/GNB,2000,28715.81055
dcs:who/GBD_DALYRTAGE.GHECAUSES--GHE000,dcid:country/GNB,2000,93519.85156
dcs:who/GBD_DALYRTAGE.GHECAUSES--GHE000,dcid:country/GNQ,2012,82201.47656
dcs:who/GBD_DALYRTAGE.GHECAUSES--GHE001,dcid:country/GNQ,2012,43228.73828
dcs:who/GBD_DALYRTAGE.GHECAUSES--GHE151,dcid:country/GNQ,2012,8100.60693
dcs:who/GBD_DALYRTAGE.GHECAUSES--GHE060,dcid:country/GNQ,2012,30872.14063
dcs:who/GBD_DALYRTAGE.GHECAUSES--GHE001,dcid:country/GNQ,2000,56240.37891
dcs:who/GBD_DALYRTAGE.GHECAUSES--GHE151,dcid:country/GNQ,2000,8400.1748
dcs:who/GBD_DALYRTAGE.GHECAUSES--GHE060,dcid:country/GNQ,2000,33521.91016
dcs:who/GBD_DALYRTAGE.GHECAUSES--GHE000,dcid:country/GNQ,2000,98162.46094
dcs:who/GBD_DALYRTAGE.GHECAUSES--GHE001,dcid:country/GRC,2012,1121.18005
dcs:who/GBD_DALYRTAGE.GHECAUSES--GHE151,dcid:country/GRC,2012,2142.72803
dcs:who/GBD_DALYRTAGE.GHECAUSES--GHE060,dcid:country/GRC,2012,16363.53027
dcs:who/GBD_DALYRTAGE.GHECAUSES--GHE001,dcid:country/GRC,2000,1428.15002
dcs:who/GBD_DALYRTAGE.GHECAUSES--GHE060,dcid:country/GRC,2000,18092.85938
dcs:who/GBD_DALYRTAGE.GHECAUSES--GHE000,dcid:country/GRC,2012,19627.43945
dcs:who/GBD_DALYRTAGE.GHECAUSES--GHE000,dcid:country/GRC,2000,22112.0293
dcs:who/GBD_DALYRTAGE.GHECAUSES--GHE151,dcid:country/GRC,2000,2591.021
dcs:who/GBD_DALYRTAGE.GHECAUSES--GHE151,dcid:country/GTM,2012,6463.05078
dcs:who/GBD_DALYRTAGE.GHECAUSES--GHE060,dcid:country/GTM,2012,19794.96094
dcs:who/GBD_DALYRTAGE.GHECAUSES--GHE001,dcid:country/GTM,2012,10820.75977
dcs:who/GBD_DALYRTAGE.GHECAUSES--GHE001,dcid:country/GTM,2000,15751.80957
dcs:who/GBD_DALYRTAGE.GHECAUSES--GHE151,dcid:country/GTM,2000,7897.52588
dcs:who/GBD_DALYRTAGE.GHECAUSES--GHE000,dcid:country/GTM,2012,37078.78125
dcs:who/GBD_DALYRTAGE.GHECAUSES--GHE060,dcid:country/GTM,2000,21820.93945
dcs:who/GBD_DALYRTAGE.GHECAUSES--GHE000,dcid:country/GTM,2000,45470.28125
dcs:who/GBD_DALYRTAGE.GHECAUSES--GHE060,dcid:country/GUY,2012,36078.30078
dcs:who/GBD_DALYRTAGE.GHECAUSES--GHE001,dcid:country/GUY,2012,10593.0498
dcs:who/GBD_DALYRTAGE.GHECAUSES--GHE151,dcid:country/GUY,2012,8798.21191
dcs:who/GBD_DALYRTAGE.GHECAUSES--GHE060,dcid:country/GUY,2000,30962.2793
dcs:who/GBD_DALYRTAGE.GHECAUSES--GHE151,dcid:country/GUY,2000,7591.42578
dcs:who/GBD_DALYRTAGE.GHECAUSES--GHE000,dcid:country/GUY,2012,55469.55078
dcs:who/GBD_DALYRTAGE.GHECAUSES--GHE000,dcid:country/GUY,2000,51258.82031
dcs:who/GBD_DALYRTAGE.GHECAUSES--GHE001,dcid:country/GUY,2000,12705.11035
dcs:who/GBD_DALYRTAGE.GHECAUSES--GHE151,dcid:country/HND,2012,4557.29883
dcs:who/GBD_DALYRTAGE.GHECAUSES--GHE000,dcid:country/HND,2012,33105.98828
dcs:who/GBD_DALYRTAGE.GHECAUSES--GHE060,dcid:country/HND,2000,21929.43945
dcs:who/GBD_DALYRTAGE.GHECAUSES--GHE060,dcid:country/HND,2012,20931.15039
dcs:who/GBD_DALYRTAGE.GHECAUSES--GHE151,dcid:country/HND,2000,4563.00293
dcs:who/GBD_DALYRTAGE.GHECAUSES--GHE001,dcid:country/HND,2012,7617.53418
dcs:who/GBD_DALYRTAGE.GHECAUSES--GHE001,dcid:country/HND,2000,12597.99023
dcs:who/GBD_DALYRTAGE.GHECAUSES--GHE000,dcid:country/HND,2000,39090.42188
dcs:who/GBD_DALYRTAGE.GHECAUSES--GHE001,dcid:country/HRV,2012,1464.67798
dcs:who/GBD_DALYRTAGE.GHECAUSES--GHE060,dcid:country/HRV,2012,19964.0293
dcs:who/GBD_DALYRTAGE.GHECAUSES--GHE151,dcid:country/HRV,2000,3356.97998
dcs:who/GBD_DALYRTAGE.GHECAUSES--GHE151,dcid:country/HRV,2012,2633.86108
dcs:who/GBD_DALYRTAGE.GHECAUSES--GHE000,dcid:country/HRV,2012,24062.57031
dcs:who/GBD_DALYRTAGE.GHECAUSES--GHE000,dcid:country/HRV,2000,28663.16992
dcs:who/GBD_DALYRTAGE.GHECAUSES--GHE060,dcid:country/HRV,2000,23250.68945
dcs:who/GBD_DALYRTAGE.GHECAUSES--GHE001,dcid:country/HRV,2000,2055.5
dcs:who/GBD_DALYRTAGE.GHECAUSES--GHE060,dcid:country/HTI,2012,28198.03906
dcs:who/GBD_DALYRTAGE.GHECAUSES--GHE151,dcid:country/HTI,2012,8404.50293
dcs:who/GBD_DALYRTAGE.GHECAUSES--GHE001,dcid:country/HTI,2012,25114.01953
dcs:who/GBD_DALYRTAGE.GHECAUSES--GHE060,dcid:country/HTI,2000,30149.36914
dcs:who/GBD_DALYRTAGE.GHECAUSES--GHE151,dcid:country/HTI,2000,5807.26904
dcs:who/GBD_DALYRTAGE.GHECAUSES--GHE001,dcid:country/HTI,2000,41590.37109
dcs:who/GBD_DALYRTAGE.GHECAUSES--GHE000,dcid:country/HTI,2012,61716.55859
dcs:who/GBD_DALYRTAGE.GHECAUSES--GHE000,dcid:country/HTI,2000,77547.00781
dcs:who/GBD_DALYRTAGE.GHECAUSES--GHE151,dcid:country/HUN,2012,2806.98511
dcs:who/GBD_DALYRTAGE.GHECAUSES--GHE060,dcid:country/HUN,2000,28533.32031
dcs:who/GBD_DALYRTAGE.GHECAUSES--GHE001,dcid:country/HUN,2000,2155.073
dcs:who/GBD_DALYRTAGE.GHECAUSES--GHE060,dcid:country/HUN,2012,24270.84961
dcs:who/GBD_DALYRTAGE.GHECAUSES--GHE000,dcid:country/HUN,2012,28706.58008
dcs:who/GBD_DALYRTAGE.GHECAUSES--GHE001,dcid:country/HUN,2012,1628.74597
dcs:who/GBD_DALYRTAGE.GHECAUSES--GHE151,dcid:country/HUN,2000,3854.99609
dcs:who/GBD_DALYRTAGE.GHECAUSES--GHE000,dcid:country/HUN,2000,34543.39063
dcs:who/GBD_DALYRTAGE.GHECAUSES--GHE001,dcid:country/IDN,2000,15211.00977
dcs:who/GBD_DALYRTAGE.GHECAUSES--GHE060,dcid:country/IDN,2012,23649.90039
dcs:who/GBD_DALYRTAGE.GHECAUSES--GHE001,dcid:country/IDN,2012,9550.4707
dcs:who/GBD_DALYRTAGE.GHECAUSES--GHE060,dcid:country/IDN,2000,26357.24023
dcs:who/GBD_DALYRTAGE.GHECAUSES--GHE151,dcid:country/IDN,2000,3512.05005
dcs:who/GBD_DALYRTAGE.GHECAUSES--GHE000,dcid:country/IDN,2012,36014.71875
dcs:who/GBD_DALYRTAGE.GHECAUSES--GHE151,dcid:country/IDN,2012,2814.34692
dcs:who/GBD_DALYRTAGE.GHECAUSES--GHE000,dcid:country/IDN,2000,45080.30078
dcs:who/GBD_DALYRTAGE.GHECAUSES--GHE060,dcid:country/IND,2012,26503.43945
dcs:who/GBD_DALYRTAGE.GHECAUSES--GHE151,dcid:country/IND,2012,5607.1709
dcs:who/GBD_DALYRTAGE.GHECAUSES--GHE000,dcid:country/IND,2000,60446.76953
dcs:who/GBD_DALYRTAGE.GHECAUSES--GHE001,dcid:country/IND,2012,15839.59961
dcs:who/GBD_DALYRTAGE.GHECAUSES--GHE151,dcid:country/IND,2000,6681.57178
dcs:who/GBD_DALYRTAGE.GHECAUSES--GHE001,dcid:country/IND,2000,24725.85938
dcs:who/GBD_DALYRTAGE.GHECAUSES--GHE000,dcid:country/IND,2012,47950.19922
dcs:who/GBD_DALYRTAGE.GHECAUSES--GHE060,dcid:country/IND,2000,29039.33984
dcs:who/GBD_DALYRTAGE.GHECAUSES--GHE151,dcid:country/IRL,2012,2365.25708
dcs:who/GBD_DALYRTAGE.GHECAUSES--GHE060,dcid:country/IRL,2012,15943.75977
dcs:who/GBD_DALYRTAGE.GHECAUSES--GHE151,dcid:country/IRL,2000,2723.37305
dcs:who/GBD_DALYRTAGE.GHECAUSES--GHE000,dcid:country/IRL,2000,24182.7207
dcs:who/GBD_DALYRTAGE.GHECAUSES--GHE001,dcid:country/IRL,2012,1010.27802
dcs:who/GBD_DALYRTAGE.GHECAUSES--GHE000,dcid:country/IRL,2012,19319.30078
dcs:who/GBD_DALYRTAGE.GHECAUSES--GHE060,dcid:country/IRL,2000,19764.08008
dcs:who/GBD_DALYRTAGE.GHECAUSES--GHE001,dcid:country/IRL,2000,1695.26904
dcs:who/GBD_DALYRTAGE.GHECAUSES--GHE151,dcid:country/IRN,2000,5782.3252
dcs:who/GBD_DALYRTAGE.GHECAUSES--GHE151,dcid:country/IRN,2012,4327.16699
dcs:who/GBD_DALYRTAGE.GHECAUSES--GHE001,dcid:country/IRN,2012,4439.70605
dcs:who/GBD_DALYRTAGE.GHECAUSES--GHE000,dcid:country/IRN,2012,30911.06055
dcs:who/GBD_DALYRTAGE.GHECAUSES--GHE060,dcid:country/IRN,2012,22144.18945
dcs:who/GBD_DALYRTAGE.GHECAUSES--GHE060,dcid:country/IRN,2000,26492.67969
dcs:who/GBD_DALYRTAGE.GHECAUSES--GHE000,dcid:country/IRN,2000,38975.73828
dcs:who/GBD_DALYRTAGE.GHECAUSES--GHE001,dcid:country/IRN,2000,6700.73682
dcs:who/GBD_DALYRTAGE.GHECAUSES--GHE001,dcid:country/IRQ,2012,6928.50879
dcs:who/GBD_DALYRTAGE.GHECAUSES--GHE151,dcid:country/IRQ,2012,6811.84814
dcs:who/GBD_DALYRTAGE.GHECAUSES--GHE060,dcid:country/IRQ,2012,25057.53906
dcs:who/GBD_DALYRTAGE.GHECAUSES--GHE000,dcid:country/IRQ,2012,38797.89063
dcs:who/GBD_DALYRTAGE.GHECAUSES--GHE151,dcid:country/IRQ,2000,4931.33301
dcs:who/GBD_DALYRTAGE.GHECAUSES--GHE001,dcid:country/IRQ,2000,8905.71094
dcs:who/GBD_DALYRTAGE.GHECAUSES--GHE060,dcid:country/IRQ,2000,23758.74023
dcs:who/GBD_DALYRTAGE.GHECAUSES--GHE000,dcid:country/IRQ,2000,37595.78906
dcs:who/GBD_DALYRTAGE.GHECAUSES--GHE151,dcid:country/ISL,2012,2073.16406
dcs:who/GBD_DALYRTAGE.GHECAUSES--GHE060,dcid:country/ISL,2012,14417.12988
dcs:who/GBD_DALYRTAGE.GHECAUSES--GHE151,dcid:country/ISL,2000,2848.95508
dcs:who/GBD_DALYRTAGE.GHECAUSES--GHE000,dcid:country/ISL,2012,17257.30078
dcs:who/GBD_DALYRTAGE.GHECAUSES--GHE001,dcid:country/ISL,2000,1072.43994
dcs:who/GBD_DALYRTAGE.GHECAUSES--GHE000,dcid:country/ISL,2000,19812.19922
dcs:who/GBD_DALYRTAGE.GHECAUSES--GHE060,dcid:country/ISL,2000,15890.7998
dcs:who/GBD_DALYRTAGE.GHECAUSES--GHE001,dcid:country/ISL,2012,767.00861
dcs:who/GBD_DALYRTAGE.GHECAUSES--GHE151,dcid:country/ISR,2012,1705.78101
dcs:who/GBD_DALYRTAGE.GHECAUSES--GHE060,dcid:country/ISR,2012,14796.58008
dcs:who/GBD_DALYRTAGE.GHECAUSES--GHE151,dcid:country/ISR,2000,2359.75195
dcs:who/GBD_DALYRTAGE.GHECAUSES--GHE001,dcid:country/ISR,2000,1473.86804
dcs:who/GBD_DALYRTAGE.GHECAUSES--GHE001,dcid:country/ISR,2012,1216.76001
dcs:who/GBD_DALYRTAGE.GHECAUSES--GHE060,dcid:country/ISR,2000,17868.42969
dcs:who/GBD_DALYRTAGE.GHECAUSES--GHE000,dcid:country/ISR,2000,21702.05078
dcs:who/GBD_DALYRTAGE.GHECAUSES--GHE000,dcid:country/ISR,2012,17719.11914
dcs:who/GBD_DALYRTAGE.GHECAUSES--GHE001,dcid:country/ITA,2000,1280.49402
dcs:who/GBD_DALYRTAGE.GHECAUSES--GHE060,dcid:country/ITA,2012,14256.08008
dcs:who/GBD_DALYRTAGE.GHECAUSES--GHE000,dcid:country/ITA,2000,20293.56055
dcs:who/GBD_DALYRTAGE.GHECAUSES--GHE001,dcid:country/ITA,2012,1014.50598
dcs:who/GBD_DALYRTAGE.GHECAUSES--GHE151,dcid:country/ITA,2000,2234.84009
dcs:who/GBD_DALYRTAGE.GHECAUSES--GHE000,dcid:country/ITA,2012,16957.40039
dcs:who/GBD_DALYRTAGE.GHECAUSES--GHE151,dcid:country/ITA,2012,1686.80896
dcs:who/GBD_DALYRTAGE.GHECAUSES--GHE060,dcid:country/ITA,2000,16778.23047
dcs:who/GBD_DALYRTAGE.GHECAUSES--GHE151,dcid:country/JAM,2012,4435.50391
dcs:who/GBD_DALYRTAGE.GHECAUSES--GHE001,dcid:country/JAM,2012,7125.35596
dcs:who/GBD_DALYRTAGE.GHECAUSES--GHE060,dcid:country/JAM,2000,22043.06055
dcs:who/GBD_DALYRTAGE.GHECAUSES--GHE001,dcid:country/JAM,2000,11560.73047
dcs:who/GBD_DALYRTAGE.GHECAUSES--GHE151,dcid:country/JAM,2000,3688.32397
dcs:who/GBD_DALYRTAGE.GHECAUSES--GHE060,dcid:country/JAM,2012,21085.13086
dcs:who/GBD_DALYRTAGE.GHECAUSES--GHE000,dcid:country/JAM,2012,32645.99023
dcs:who/GBD_DALYRTAGE.GHECAUSES--GHE000,dcid:country/JAM,2000,37292.12109
dcs:who/GBD_DALYRTAGE.GHECAUSES--GHE151,dcid:country/JOR,2000,3738.36694
dcs:who/GBD_DALYRTAGE.GHECAUSES--GHE000,dcid:country/JOR,2000,34737.62891
dcs:who/GBD_DALYRTAGE.GHECAUSES--GHE151,dcid:country/JOR,2012,3143.979
dcs:who/GBD_DALYRTAGE.GHECAUSES--GHE060,dcid:country/JOR,2000,25364.91992
dcs:who/GBD_DALYRTAGE.GHECAUSES--GHE060,dcid:country/JOR,2012,23317.07031
dcs:who/GBD_DALYRTAGE.GHECAUSES--GHE000,dcid:country/JOR,2012,30625.99023
dcs:who/GBD_DALYRTAGE.GHECAUSES--GHE001,dcid:country/JOR,2012,4164.94482
dcs:who/GBD_DALYRTAGE.GHECAUSES--GHE001,dcid:country/JOR,2000,5634.34082
dcs:who/GBD_DALYRTAGE.GHECAUSES--GHE151,dcid:country/JPN,2012,2322.59692
dcs:who/GBD_DALYRTAGE.GHECAUSES--GHE060,dcid:country/JPN,2000,13644.20996
dcs:who/GBD_DALYRTAGE.GHECAUSES--GHE060,dcid:country/JPN,2012,12157.7002
dcs:who/GBD_DALYRTAGE.GHECAUSES--GHE000,dcid:country/JPN,2012,15699.59961
dcs:who/GBD_DALYRTAGE.GHECAUSES--GHE151,dcid:country/JPN,2000,2335.99512
dcs:who/GBD_DALYRTAGE.GHECAUSES--GHE001,dcid:country/JPN,2000,1469.83899
dcs:who/GBD_DALYRTAGE.GHECAUSES--GHE001,dcid:country/JPN,2012,1219.30896
dcs:who/GBD_DALYRTAGE.GHECAUSES--GHE000,dcid:country/JPN,2000,17450.05078
dcs:who/GBD_DALYRTAGE.GHECAUSES--GHE060,dcid:country/KAZ,2012,31441.73047
dcs:who/GBD_DALYRTAGE.GHECAUSES--GHE060,dcid:country/KAZ,2000,36129.19922
dcs:who/GBD_DALYRTAGE.GHECAUSES--GHE000,dcid:country/KAZ,2012,42083.87891
dcs:who/GBD_DALYRTAGE.GHECAUSES--GHE151,dcid:country/KAZ,2000,9027.65332
dcs:who/GBD_DALYRTAGE.GHECAUSES--GHE001,dcid:country/KAZ,2012,4666.34717
dcs:who/GBD_DALYRTAGE.GHECAUSES--GHE151,dcid:country/KAZ,2012,5975.79883
dcs:who/GBD_DALYRTAGE.GHECAUSES--GHE000,dcid:country/KAZ,2000,54320.44141
dcs:who/GBD_DALYRTAGE.GHECAUSES--GHE001,dcid:country/KAZ,2000,9163.58105
dcs:who/GBD_DALYRTAGE.GHECAUSES--GHE060,dcid:country/KEN,2000,22781.49023
dcs:who/GBD_DALYRTAGE.GHECAUSES--GHE001,dcid:country/KEN,2012,34730.85938
dcs:who/GBD_DALYRTAGE.GHECAUSES--GHE151,dcid:country/KEN,2000,5627.15381
dcs:who/GBD_DALYRTAGE.GHECAUSES--GHE001,dcid:country/KEN,2000,62033.07813
dcs:who/GBD_DALYRTAGE.GHECAUSES--GHE000,dcid:country/KEN,2012,62577.71875
dcs:who/GBD_DALYRTAGE.GHECAUSES--GHE060,dcid:country/KEN,2012,22461.33984
dcs:who/GBD_DALYRTAGE.GHECAUSES--GHE151,dcid:country/KEN,2012,5385.52002
dcs:who/GBD_DALYRTAGE.GHECAUSES--GHE000,dcid:country/KEN,2000,90441.71875
dcs:who/GBD_DALYRTAGE.GHECAUSES--GHE151,dcid:country/KGZ,2012,4252.18506
dcs:who/GBD_DALYRTAGE.GHECAUSES--GHE060,dcid:country/KGZ,2012,29474.32031
dcs:who/GBD_DALYRTAGE.GHECAUSES--GHE001,dcid:country/KGZ,2012,6241.99512
dcs:who/GBD_DALYRTAGE.GHECAUSES--GHE151,dcid:country/KGZ,2000,4928.90479
dcs:who/GBD_DALYRTAGE.GHECAUSES--GHE060,dcid:country/KGZ,2000,32357.59961
dcs:who/GBD_DALYRTAGE.GHECAUSES--GHE001,dcid:country/KGZ,2000,10405.25
dcs:who/GBD_DALYRTAGE.GHECAUSES--GHE000,dcid:country/KGZ,2012,39968.5
dcs:who/GBD_DALYRTAGE.GHECAUSES--GHE000,dcid:country/KGZ,2000,47691.75
dcs:who/GBD_DALYRTAGE.GHECAUSES--GHE151,dcid:country/KHM,2000,6214.25684
dcs:who/GBD_DALYRTAGE.GHECAUSES--GHE000,dcid:country/KHM,2012,40007.03125
dcs:who/GBD_DALYRTAGE.GHECAUSES--GHE151,dcid:country/KHM,2012,4265.93408
dcs:who/GBD_DALYRTAGE.GHECAUSES--GHE001,dcid:country/KHM,2012,14772.12012
dcs:who/GBD_DALYRTAGE.GHECAUSES--GHE060,dcid:country/KHM,2012,20968.9707
dcs:who/GBD_DALYRTAGE.GHECAUSES--GHE000,dcid:country/KHM,2000,64724.75
dcs:who/GBD_DALYRTAGE.GHECAUSES--GHE001,dcid:country/KHM,2000,34288.73828
dcs:who/GBD_DALYRTAGE.GHECAUSES--GHE060,dcid:country/KHM,2000,24221.75
dcs:who/GBD_DALYRTAGE.GHECAUSES--GHE000,dcid:country/KOR,2012,17921.05078
dcs:who/GBD_DALYRTAGE.GHECAUSES--GHE151,dcid:country/KOR,2012,2645.90088
dcs:who/GBD_DALYRTAGE.GHECAUSES--GHE001,dcid:country/KOR,2012,1451.51404
dcs:who/GBD_DALYRTAGE.GHECAUSES--GHE060,dcid:country/KOR,2012,13823.63965
dcs:who/GBD_DALYRTAGE.GHECAUSES--GHE151,dcid:country/KOR,2000,3315.302
dcs:who/GBD_DALYRTAGE.GHECAUSES--GHE000,dcid:country/KOR,2000,23891.21094
dcs:who/GBD_DALYRTAGE.GHECAUSES--GHE001,dcid:country/KOR,2000,1771.40503
dcs:who/GBD_DALYRTAGE.GHECAUSES--GHE060,dcid:country/KOR,2000,18804.50977
dcs:who/GBD_DALYRTAGE.GHECAUSES--GHE151,dcid:country/KWT,2012,2039.25195
dcs:who/GBD_DALYRTAGE.GHECAUSES--GHE001,dcid:country/KWT,2012,3214.56909
dcs:who/GBD_DALYRTAGE.GHECAUSES--GHE060,dcid:country/KWT,2012,17433.4707
dcs:who/GBD_DALYRTAGE.GHECAUSES--GHE060,dcid:country/KWT,2000,22068.2793
dcs:who/GBD_DALYRTAGE.GHECAUSES--GHE151,dcid:country/KWT,2000,2768.12109
dcs:who/GBD_DALYRTAGE.GHECAUSES--GHE000,dcid:country/KWT,2012,22687.28906
dcs:who/GBD_DALYRTAGE.GHECAUSES--GHE001,dcid:country/KWT,2000,3127.3999
dcs:who/GBD_DALYRTAGE.GHECAUSES--GHE000,dcid:country/KWT,2000,27963.81055
dcs:who/GBD_DALYRTAGE.GHECAUSES--GHE151,dcid:country/LAO,2012,4373.37891
dcs:who/GBD_DALYRTAGE.GHECAUSES--GHE060,dcid:country/LAO,2012,25673.26953
dcs:who/GBD_DALYRTAGE.GHECAUSES--GHE151,dcid:country/LAO,2000,6329.9209
dcs:who/GBD_DALYRTAGE.GHECAUSES--GHE000,dcid:country/LAO,2012,49556.19141
dcs:who/GBD_DALYRTAGE.GHECAUSES--GHE001,dcid:country/LAO,2000,28645.9707
dcs:who/GBD_DALYRTAGE.GHECAUSES--GHE060,dcid:country/LAO,2000,30740.58008
dcs:who/GBD_DALYRTAGE.GHECAUSES--GHE001,dcid:country/LAO,2012,19509.55078
dcs:who/GBD_DALYRTAGE.GHECAUSES--GHE000,dcid:country/LAO,2000,65716.46875
dcs:who/GBD_DALYRTAGE.GHECAUSES--GHE060,dcid:country/LBN,2012,16000.44043
dcs:who/GBD_DALYRTAGE.GHECAUSES--GHE151,dcid:country/LBN,2012,2142.46509
dcs:who/GBD_DALYRTAGE.GHECAUSES--GHE001,dcid:country/LBN,2012,2684.86499
dcs:who/GBD_DALYRTAGE.GHECAUSES--GHE000,dcid:country/LBN,2012,20827.76953
dcs:who/GBD_DALYRTAGE.GHECAUSES--GHE060,dcid:country/LBN,2000,21604.08008
dcs:who/GBD_DALYRTAGE.GHECAUSES--GHE151,dcid:country/LBN,2000,3391.396
dcs:who/GBD_DALYRTAGE.GHECAUSES--GHE001,dcid:country/LBN,2000,3989.19897
dcs:who/GBD_DALYRTAGE.GHECAUSES--GHE000,dcid:country/LBN,2000,28984.67969
dcs:who/GBD_DALYRTAGE.GHECAUSES--GHE060,dcid:country/LBR,2012,26045.41992
dcs:who/GBD_DALYRTAGE.GHECAUSES--GHE151,dcid:country/LBR,2012,4387.70508
dcs:who/GBD_DALYRTAGE.GHECAUSES--GHE060,dcid:country/LBR,2000,30891.83984
dcs:who/GBD_DALYRTAGE.GHECAUSES--GHE001,dcid:country/LBR,2012,31939.48047
dcs:who/GBD_DALYRTAGE.GHECAUSES--GHE000,dcid:country/LBR,2012,62372.60938
dcs:who/GBD_DALYRTAGE.GHECAUSES--GHE151,dcid:country/LBR,2000,6133.38281
dcs:who/GBD_DALYRTAGE.GHECAUSES--GHE000,dcid:country/LBR,2000,100674.89844
dcs:who/GBD_DALYRTAGE.GHECAUSES--GHE001,dcid:country/LBR,2000,63649.67969
dcs:who/GBD_DALYRTAGE.GHECAUSES--GHE151,dcid:country/LBY,2012,3394.37305
dcs:who/GBD_DALYRTAGE.GHECAUSES--GHE060,dcid:country/LBY,2012,22032.05078
dcs:who/GBD_DALYRTAGE.GHECAUSES--GHE001,dcid:country/LBY,2012,3479.09009
dcs:who/GBD_DALYRTAGE.GHECAUSES--GHE060,dcid:country/LBY,2000,26400.56055
dcs:who/GBD_DALYRTAGE.GHECAUSES--GHE151,dcid:country/LBY,2000,3691.27197
dcs:who/GBD_DALYRTAGE.GHECAUSES--GHE001,dcid:country/LBY,2000,5248.97021
dcs:who/GBD_DALYRTAGE.GHECAUSES--GHE000,dcid:country/LBY,2012,28905.50977
dcs:who/GBD_DALYRTAGE.GHECAUSES--GHE000,dcid:country/LBY,2000,35340.80078
dcs:who/GBD_DALYRTAGE.GHECAUSES--GHE151,dcid:country/LKA,2012,4252.3042
dcs:who/GBD_DALYRTAGE.GHECAUSES--GHE000,dcid:country/LKA,2012,28526.51953
dcs:who/GBD_DALYRTAGE.GHECAUSES--GHE151,dcid:country/LKA,2000,8764.63379
dcs:who/GBD_DALYRTAGE.GHECAUSES--GHE060,dcid:country/LKA,2012,20143.33008
dcs:who/GBD_DALYRTAGE.GHECAUSES--GHE001,dcid:country/LKA,2012,4130.87598
dcs:who/GBD_DALYRTAGE.GHECAUSES--GHE060,dcid:country/LKA,2000,24361.23047
dcs:who/GBD_DALYRTAGE.GHECAUSES--GHE000,dcid:country/LKA,2000,39729.89844
dcs:who/GBD_DALYRTAGE.GHECAUSES--GHE001,dcid:country/LKA,2000,6604.03076
dcs:who/GBD_DALYRTAGE.GHECAUSES--GHE151,dcid:country/LSO,2012,8146.54688
dcs:who/GBD_DALYRTAGE.GHECAUSES--GHE060,dcid:country/LSO,2012,26919.7207
dcs:who/GBD_DALYRTAGE.GHECAUSES--GHE151,dcid:country/LSO,2000,7532.34912
dcs:who/GBD_DALYRTAGE.GHECAUSES--GHE000,dcid:country/LSO,2012,99420.89063
dcs:who/GBD_DALYRTAGE.GHECAUSES--GHE001,dcid:country/LSO,2012,64354.62891
dcs:who/GBD_DALYRTAGE.GHECAUSES--GHE000,dcid:country/LSO,2000,106381.0
dcs:who/GBD_DALYRTAGE.GHECAUSES--GHE001,dcid:country/LSO,2000,71287.53125
dcs:who/GBD_DALYRTAGE.GHECAUSES--GHE060,dcid:country/LSO,2000,27561.17969
dcs:who/GBD_DALYRTAGE.GHECAUSES--GHE151,dcid:country/LTU,2012,4363.4541
dcs:who/GBD_DALYRTAGE.GHECAUSES--GHE000,dcid:country/LTU,2012,30214.68945
dcs:who/GBD_DALYRTAGE.GHECAUSES--GHE001,dcid:country/LTU,2012,2248.09302
dcs:who/GBD_DALYRTAGE.GHECAUSES--GHE060,dcid:country/LTU,2012,23603.15039
dcs:who/GBD_DALYRTAGE.GHECAUSES--GHE000,dcid:country/LTU,2000,33905.60156
dcs:who/GBD_DALYRTAGE.GHECAUSES--GHE060,dcid:country/LTU,2000,24675.00977
dcs:who/GBD_DALYRTAGE.GHECAUSES--GHE151,dcid:country/LTU,2000,6662.5542
dcs:who/GBD_DALYRTAGE.GHECAUSES--GHE001,dcid:country/LTU,2000,2568.02808
dcs:who/GBD_DALYRTAGE.GHECAUSES--GHE060,dcid:country/LUX,2012,15670.23047
dcs:who/GBD_DALYRTAGE.GHECAUSES--GHE151,dcid:country/LUX,2012,2072.75195
dcs:who/GBD_DALYRTAGE.GHECAUSES--GHE001,dcid:country/LUX,2012,904.54688
dcs:who/GBD_DALYRTAGE.GHECAUSES--GHE000,dcid:country/LUX,2000,22676.64063
dcs:who/GBD_DALYRTAGE.GHECAUSES--GHE000,dcid:country/LUX,2012,18647.5293
dcs:who/GBD_DALYRTAGE.GHECAUSES--GHE151,dcid:country/LUX,2000,3047.43896
dcs:who/GBD_DALYRTAGE.GHECAUSES--GHE060,dcid:country/LUX,2000,18527.55078
dcs:who/GBD_DALYRTAGE.GHECAUSES--GHE001,dcid:country/LUX,2000,1101.65601
dcs:who/GBD_DALYRTAGE.GHECAUSES--GHE060,dcid:country/LVA,2012,23963.83984
dcs:who/GBD_DALYRTAGE.GHECAUSES--GHE151,dcid:country/LVA,2012,3311.36499
dcs:who/GBD_DALYRTAGE.GHECAUSES--GHE001,dcid:country/LVA,2012,2657.19312
dcs:who/GBD_DALYRTAGE.GHECAUSES--GHE060,dcid:country/LVA,2000,27007.09961
dcs:who/GBD_DALYRTAGE.GHECAUSES--GHE151,dcid:country/LVA,2000,6678.97217
dcs:who/GBD_DALYRTAGE.GHECAUSES--GHE000,dcid:country/LVA,2000,37189.53906
dcs:who/GBD_DALYRTAGE.GHECAUSES--GHE001,dcid:country/LVA,2000,3503.47705
dcs:who/GBD_DALYRTAGE.GHECAUSES--GHE000,dcid:country/LVA,2012,29932.39063
dcs:who/GBD_DALYRTAGE.GHECAUSES--GHE151,dcid:country/MAR,2012,3152.53296
dcs:who/GBD_DALYRTAGE.GHECAUSES--GHE000,dcid:country/MAR,2012,38061.16016
dcs:who/GBD_DALYRTAGE.GHECAUSES--GHE001,dcid:country/MAR,2012,8259.75879
dcs:who/GBD_DALYRTAGE.GHECAUSES--GHE151,dcid:country/MAR,2000,3457.76099
dcs:who/GBD_DALYRTAGE.GHECAUSES--GHE060,dcid:country/MAR,2012,26648.85938
dcs:who/GBD_DALYRTAGE.GHECAUSES--GHE060,dcid:country/MAR,2000,28477.18945
dcs:who/GBD_DALYRTAGE.GHECAUSES--GHE000,dcid:country/MAR,2000,43709.76172
dcs:who/GBD_DALYRTAGE.GHECAUSES--GHE001,dcid:country/MAR,2000,11774.80957
dcs:who/GBD_DALYRTAGE.GHECAUSES--GHE151,dcid:country/MDA,2012,4371.39111
dcs:who/GBD_DALYRTAGE.GHECAUSES--GHE000,dcid:country/MDA,2012,35471.64063
dcs:who/GBD_DALYRTAGE.GHECAUSES--GHE060,dcid:country/MDA,2012,27188.66016
dcs:who/GBD_DALYRTAGE.GHECAUSES--GHE001,dcid:country/MDA,2012,3911.58594
dcs:who/GBD_DALYRTAGE.GHECAUSES--GHE151,dcid:country/MDA,2000,5265.53906
dcs:who/GBD_DALYRTAGE.GHECAUSES--GHE001,dcid:country/MDA,2000,5646.49023
dcs:who/GBD_DALYRTAGE.GHECAUSES--GHE000,dcid:country/MDA,2000,43033.71875
dcs:who/GBD_DALYRTAGE.GHECAUSES--GHE060,dcid:country/MDA,2000,32121.68945
dcs:who/GBD_DALYRTAGE.GHECAUSES--GHE151,dcid:country/MDG,2012,4868.24316
dcs:who/GBD_DALYRTAGE.GHECAUSES--GHE060,dcid:country/MDG,2012,25994.59961
dcs:who/GBD_DALYRTAGE.GHECAUSES--GHE000,dcid:country/MDG,2012,54971.25
dcs:who/GBD_DALYRTAGE.GHECAUSES--GHE060,dcid:country/MDG,2000,30007.56055
dcs:who/GBD_DALYRTAGE.GHECAUSES--GHE001,dcid:country/MDG,2000,37353.44922
dcs:who/GBD_DALYRTAGE.GHECAUSES--GHE151,dcid:country/MDG,2000,5554.89795
dcs:who/GBD_DALYRTAGE.GHECAUSES--GHE001,dcid:country/MDG,2012,24108.41016
dcs:who/GBD_DALYRTAGE.GHECAUSES--GHE000,dcid:country/MDG,2000,72915.90625
dcs:who/GBD_DALYRTAGE.GHECAUSES--GHE001,dcid:country/MDV,2012,3776.41797
dcs:who/GBD_DALYRTAGE.GHECAUSES--GHE151,dcid:country/MDV,2000,4166.56006
dcs:who/GBD_DALYRTAGE.GHECAUSES--GHE060,dcid:country/MDV,2012,19358.32031
dcs:who/GBD_DALYRTAGE.GHECAUSES--GHE000,dcid:country/MDV,2012,25036.34961
dcs:who/GBD_DALYRTAGE.GHECAUSES--GHE151,dcid:country/MDV,2012,1901.61694
dcs:who/GBD_DALYRTAGE.GHECAUSES--GHE001,dcid:country/MDV,2000,10333.66016
dcs:who/GBD_DALYRTAGE.GHECAUSES--GHE060,dcid:country/MDV,2000,29109.66992
dcs:who/GBD_DALYRTAGE.GHECAUSES--GHE000,dcid:country/MDV,2000,43609.89063
dcs:who/GBD_DALYRTAGE.GHECAUSES--GHE151,dcid:country/MEX,2012,3683.2771
dcs:who/GBD_DALYRTAGE.GHECAUSES--GHE001,dcid:country/MEX,2012,3555.59595
dcs:who/GBD_DALYRTAGE.GHECAUSES--GHE060,dcid:country/MEX,2012,19524.18945
dcs:who/GBD_DALYRTAGE.GHECAUSES--GHE000,dcid:country/MEX,2000,29435.89063
dcs:who/GBD_DALYRTAGE.GHECAUSES--GHE001,dcid:country/MEX,2000,5176.06104
dcs:who/GBD_DALYRTAGE.GHECAUSES--GHE000,dcid:country/MEX,2012,26763.06055
dcs:who/GBD_DALYRTAGE.GHECAUSES--GHE060,dcid:country/MEX,2000,20803.68945
dcs:who/GBD_DALYRTAGE.GHECAUSES--GHE151,dcid:country/MEX,2000,3456.13599
dcs:who/GBD_DALYRTAGE.GHECAUSES--GHE151,dcid:country/MKD,2012,2083.07104
dcs:who/GBD_DALYRTAGE.GHECAUSES--GHE151,dcid:country/MKD,2000,2690.23804
dcs:who/GBD_DALYRTAGE.GHECAUSES--GHE001,dcid:country/MKD,2012,1883.43896
dcs:who/GBD_DALYRTAGE.GHECAUSES--GHE000,dcid:country/MKD,2012,26391.50977
dcs:who/GBD_DALYRTAGE.GHECAUSES--GHE060,dcid:country/MKD,2000,24818.75
dcs:who/GBD_DALYRTAGE.GHECAUSES--GHE060,dcid:country/MKD,2012,22425.0
dcs:who/GBD_DALYRTAGE.GHECAUSES--GHE000,dcid:country/MKD,2000,30231.83984
dcs:who/GBD_DALYRTAGE.GHECAUSES--GHE001,dcid:country/MKD,2000,2722.85205
dcs:who/GBD_DALYRTAGE.GHECAUSES--GHE151,dcid:country/MLI,2012,6244.37109
dcs:who/GBD_DALYRTAGE.GHECAUSES--GHE001,dcid:country/MLI,2012,37702.12891
dcs:who/GBD_DALYRTAGE.GHECAUSES--GHE060,dcid:country/MLI,2012,31963.68945
dcs:who/GBD_DALYRTAGE.GHECAUSES--GHE000,dcid:country/MLI,2012,75910.1875
dcs:who/GBD_DALYRTAGE.GHECAUSES--GHE151,dcid:country/MLI,2000,6950.79199
dcs:who/GBD_DALYRTAGE.GHECAUSES--GHE060,dcid:country/MLI,2000,35773.58984
dcs:who/GBD_DALYRTAGE.GHECAUSES--GHE001,dcid:country/MLI,2000,65428.98828
dcs:who/GBD_DALYRTAGE.GHECAUSES--GHE000,dcid:country/MLI,2000,108153.39844
dcs:who/GBD_DALYRTAGE.GHECAUSES--GHE060,dcid:country/MLT,2012,16571.66992
dcs:who/GBD_DALYRTAGE.GHECAUSES--GHE151,dcid:country/MLT,2012,1694.73804
dcs:who/GBD_DALYRTAGE.GHECAUSES--GHE001,dcid:country/MLT,2012,1240.79602
dcs:who/GBD_DALYRTAGE.GHECAUSES--GHE151,dcid:country/MLT,2000,1922.24097
dcs:who/GBD_DALYRTAGE.GHECAUSES--GHE060,dcid:country/MLT,2000,18414.71094
dcs:who/GBD_DALYRTAGE.GHECAUSES--GHE001,dcid:country/MLT,2000,1691.31995
dcs:who/GBD_DALYRTAGE.GHECAUSES--GHE000,dcid:country/MLT,2012,19507.19922
dcs:who/GBD_DALYRTAGE.GHECAUSES--GHE000,dcid:country/MLT,2000,22028.26953
dcs:who/GBD_DALYRTAGE.GHECAUSES--GHE151,dcid:country/MMR,2012,5429.19189
dcs:who/GBD_DALYRTAGE.GHECAUSES--GHE060,dcid:country/MMR,2000,26577.67969
dcs:who/GBD_DALYRTAGE.GHECAUSES--GHE001,dcid:country/MMR,2012,16795.59961
dcs:who/GBD_DALYRTAGE.GHECAUSES--GHE151,dcid:country/MMR,2000,5808.29883
dcs:who/GBD_DALYRTAGE.GHECAUSES--GHE060,dcid:country/MMR,2012,26568.19922
dcs:who/GBD_DALYRTAGE.GHECAUSES--GHE000,dcid:country/MMR,2012,48792.98828
dcs:who/GBD_DALYRTAGE.GHECAUSES--GHE000,dcid:country/MMR,2000,58152.69141
dcs:who/GBD_DALYRTAGE.GHECAUSES--GHE001,dcid:country/MMR,2000,25766.71094
dcs:who/GBD_DALYRTAGE.GHECAUSES--GHE001,dcid:country/MNE,2012,1854.93506
dcs:who/GBD_DALYRTAGE.GHECAUSES--GHE060,dcid:country/MNE,2012,21948.21094
dcs:who/GBD_DALYRTAGE.GHECAUSES--GHE151,dcid:country/MNE,2012,2898.39209
dcs:who/GBD_DALYRTAGE.GHECAUSES--GHE000,dcid:country/MNE,2000,29832.25977
dcs:who/GBD_DALYRTAGE.GHECAUSES--GHE151,dcid:country/MNE,2000,2971.85596
dcs:who/GBD_DALYRTAGE.GHECAUSES--GHE060,dcid:country/MNE,2000,24231.15039
dcs:who/GBD_DALYRTAGE.GHECAUSES--GHE001,dcid:country/MNE,2000,2629.2561
dcs:who/GBD_DALYRTAGE.GHECAUSES--GHE000,dcid:country/MNE,2012,26701.53906
dcs:who/GBD_DALYRTAGE.GHECAUSES--GHE151,dcid:country/MNG,2012,4484.43408
dcs:who/GBD_DALYRTAGE.GHECAUSES--GHE060,dcid:country/MNG,2012,32461.9707
dcs:who/GBD_DALYRTAGE.GHECAUSES--GHE060,dcid:country/MNG,2000,38148.55859
dcs:who/GBD_DALYRTAGE.GHECAUSES--GHE151,dcid:country/MNG,2000,5626.16895
dcs:who/GBD_DALYRTAGE.GHECAUSES--GHE000,dcid:country/MNG,2012,42935.08984
dcs:who/GBD_DALYRTAGE.GHECAUSES--GHE001,dcid:country/MNG,2012,5988.69189
dcs:who/GBD_DALYRTAGE.GHECAUSES--GHE001,dcid:country/MNG,2000,11747.76953
dcs:who/GBD_DALYRTAGE.GHECAUSES--GHE000,dcid:country/MNG,2000,55522.51172
dcs:who/GBD_DALYRTAGE.GHECAUSES--GHE060,dcid:country/MOZ,2012,25424.94922
dcs:who/GBD_DALYRTAGE.GHECAUSES--GHE151,dcid:country/MOZ,2012,8429.56445
dcs:who/GBD_DALYRTAGE.GHECAUSES--GHE000,dcid:country/MOZ,2012,88491.13281
dcs:who/GBD_DALYRTAGE.GHECAUSES--GHE001,dcid:country/MOZ,2012,54636.62109
dcs:who/GBD_DALYRTAGE.GHECAUSES--GHE001,dcid:country/MOZ,2000,69399.53125
dcs:who/GBD_DALYRTAGE.GHECAUSES--GHE060,dcid:country/MOZ,2000,29223.16016
dcs:who/GBD_DALYRTAGE.GHECAUSES--GHE151,dcid:country/MOZ,2000,10097.19043
dcs:who/GBD_DALYRTAGE.GHECAUSES--GHE000,dcid:country/MOZ,2000,108719.89844
dcs:who/GBD_DALYRTAGE.GHECAUSES--GHE151,dcid:country/MRT,2012,4308.27393
dcs:who/GBD_DALYRTAGE.GHECAUSES--GHE060,dcid:country/MRT,2012,23242.42969
dcs:who/GBD_DALYRTAGE.GHECAUSES--GHE000,dcid:country/MRT,2012,58284.55859
dcs:who/GBD_DALYRTAGE.GHECAUSES--GHE151,dcid:country/MRT,2000,4776.99902
dcs:who/GBD_DALYRTAGE.GHECAUSES--GHE001,dcid:country/MRT,2000,37573.39063
dcs:who/GBD_DALYRTAGE.GHECAUSES--GHE060,dcid:country/MRT,2000,24509.94922
dcs:who/GBD_DALYRTAGE.GHECAUSES--GHE001,dcid:country/MRT,2012,30733.84961
dcs:who/GBD_DALYRTAGE.GHECAUSES--GHE000,dcid:country/MRT,2000,66860.34375
dcs:who/GBD_DALYRTAGE.GHECAUSES--GHE151,dcid:country/MUS,2000,2883.94897
dcs:who/GBD_DALYRTAGE.GHECAUSES--GHE151,dcid:country/MUS,2012,2782.20898
dcs:who/GBD_DALYRTAGE.GHECAUSES--GHE001,dcid:country/MUS,2012,3655.97192
dcs:who/GBD_DALYRTAGE.GHECAUSES--GHE000,dcid:country/MUS,2012,30076.26953
dcs:who/GBD_DALYRTAGE.GHECAUSES--GHE060,dcid:country/MUS,2012,23638.08984
dcs:who/GBD_DALYRTAGE.GHECAUSES--GHE000,dcid:country/MUS,2000,33834.66016
dcs:who/GBD_DALYRTAGE.GHECAUSES--GHE060,dcid:country/MUS,2000,27494.18945
dcs:who/GBD_DALYRTAGE.GHECAUSES--GHE001,dcid:country/MUS,2000,3456.51392
dcs:who/GBD_DALYRTAGE.GHECAUSES--GHE151,dcid:country/MWI,2012,4492.12988
dcs:who/GBD_DALYRTAGE.GHECAUSES--GHE001,dcid:country/MWI,2012,41633.67188
dcs:who/GBD_DALYRTAGE.GHECAUSES--GHE060,dcid:country/MWI,2012,24552.09961
dcs:who/GBD_DALYRTAGE.GHECAUSES--GHE001,dcid:country/MWI,2000,93801.13281
dcs:who/GBD_DALYRTAGE.GHECAUSES--GHE151,dcid:country/MWI,2000,4422.5249
dcs:who/GBD_DALYRTAGE.GHECAUSES--GHE000,dcid:country/MWI,2012,70677.89844
dcs:who/GBD_DALYRTAGE.GHECAUSES--GHE060,dcid:country/MWI,2000,25300.93945
dcs:who/GBD_DALYRTAGE.GHECAUSES--GHE000,dcid:country/MWI,2000,123524.60156
dcs:who/GBD_DALYRTAGE.GHECAUSES--GHE151,dcid:country/MYS,2012,3129.30103
dcs:who/GBD_DALYRTAGE.GHECAUSES--GHE001,dcid:country/MYS,2000,6124.37695
dcs:who/GBD_DALYRTAGE.GHECAUSES--GHE000,dcid:country/MYS,2012,29764.96094
dcs:who/GBD_DALYRTAGE.GHECAUSES--GHE060,dcid:country/MYS,2012,21203.26953
dcs:who/GBD_DALYRTAGE.GHECAUSES--GHE001,dcid:country/MYS,2012,5432.38379
dcs:who/GBD_DALYRTAGE.GHECAUSES--GHE060,dcid:country/MYS,2000,24434.25
dcs:who/GBD_DALYRTAGE.GHECAUSES--GHE151,dcid:country/MYS,2000,3757.68506
dcs:who/GBD_DALYRTAGE.GHECAUSES--GHE000,dcid:country/MYS,2000,34316.32031
dcs:who/GBD_DALYRTAGE.GHECAUSES--GHE001,dcid:country/NAM,2012,21350.06055
dcs:who/GBD_DALYRTAGE.GHECAUSES--GHE060,dcid:country/NAM,2012,22726.07031
dcs:who/GBD_DALYRTAGE.GHECAUSES--GHE000,dcid:country/NAM,2012,48403.87891
dcs:who/GBD_DALYRTAGE.GHECAUSES--GHE151,dcid:country/NAM,2012,4327.74121
dcs:who/GBD_DALYRTAGE.GHECAUSES--GHE000,dcid:country/NAM,2000,74137.00781
dcs:who/GBD_DALYRTAGE.GHECAUSES--GHE060,dcid:country/NAM,2000,25984.07031
dcs:who/GBD_DALYRTAGE.GHECAUSES--GHE001,dcid:country/NAM,2000,43117.21094
dcs:who/GBD_DALYRTAGE.GHECAUSES--GHE151,dcid:country/NAM,2000,5035.72803
dcs:who/GBD_DALYRTAGE.GHECAUSES--GHE060,dcid:country/NER,2012,26352.73047
dcs:who/GBD_DALYRTAGE.GHECAUSES--GHE151,dcid:country/NER,2012,5191.46777
dcs:who/GBD_DALYRTAGE.GHECAUSES--GHE001,dcid:country/NER,2000,65346.32031
dcs:who/GBD_DALYRTAGE.GHECAUSES--GHE001,dcid:country/NER,2012,38549.01953
dcs:who/GBD_DALYRTAGE.GHECAUSES--GHE000,dcid:country/NER,2012,70093.21875
dcs:who/GBD_DALYRTAGE.GHECAUSES--GHE151,dcid:country/NER,2000,5515.43213
dcs:who/GBD_DALYRTAGE.GHECAUSES--GHE060,dcid:country/NER,2000,27480.69922
dcs:who/GBD_DALYRTAGE.GHECAUSES--GHE000,dcid:country/NER,2000,98342.45313
dcs:who/GBD_DALYRTAGE.GHECAUSES--GHE151,dcid:country/NGA,2012,8189.17285
dcs:who/GBD_DALYRTAGE.GHECAUSES--GHE000,dcid:country/NGA,2012,84764.25
dcs:who/GBD_DALYRTAGE.GHECAUSES--GHE060,dcid:country/NGA,2012,28038.5293
dcs:who/GBD_DALYRTAGE.GHECAUSES--GHE001,dcid:country/NGA,2012,48536.53906
dcs:who/GBD_DALYRTAGE.GHECAUSES--GHE060,dcid:country/NGA,2000,30224.33008
dcs:who/GBD_DALYRTAGE.GHECAUSES--GHE151,dcid:country/NGA,2000,8574.50293
dcs:who/GBD_DALYRTAGE.GHECAUSES--GHE001,dcid:country/NGA,2000,72680.99219
dcs:who/GBD_DALYRTAGE.GHECAUSES--GHE000,dcid:country/NGA,2000,111479.79688
dcs:who/GBD_DALYRTAGE.GHECAUSES--GHE000,dcid:country/NIC,2012,33239.03125
dcs:who/GBD_DALYRTAGE.GHECAUSES--GHE001,dcid:country/NIC,2012,5740.854
dcs:who/GBD_DALYRTAGE.GHECAUSES--GHE151,dcid:country/NIC,2012,3648.96411
dcs:who/GBD_DALYRTAGE.GHECAUSES--GHE151,dcid:country/NIC,2000,3949.75098
dcs:who/GBD_DALYRTAGE.GHECAUSES--GHE060,dcid:country/NIC,2012,23849.21094
dcs:who/GBD_DALYRTAGE.GHECAUSES--GHE060,dcid:country/NIC,2000,22245.28906
dcs:who/GBD_DALYRTAGE.GHECAUSES--GHE000,dcid:country/NIC,2000,34756.03125
dcs:who/GBD_DALYRTAGE.GHECAUSES--GHE001,dcid:country/NIC,2000,8560.98145
dcs:who/GBD_DALYRTAGE.GHECAUSES--GHE151,dcid:country/NLD,2012,1708.31604
dcs:who/GBD_DALYRTAGE.GHECAUSES--GHE001,dcid:country/NLD,2012,1134.30798
dcs:who/GBD_DALYRTAGE.GHECAUSES--GHE060,dcid:country/NLD,2012,15927.67969
dcs:who/GBD_DALYRTAGE.GHECAUSES--GHE001,dcid:country/NLD,2000,1427.23706
dcs:who/GBD_DALYRTAGE.GHECAUSES--GHE000,dcid:country/NLD,2000,21968.9707
dcs:who/GBD_DALYRTAGE.GHECAUSES--GHE060,dcid:country/NLD,2000,18572.93945
dcs:who/GBD_DALYRTAGE.GHECAUSES--GHE151,dcid:country/NLD,2000,1968.79504
dcs:who/GBD_DALYRTAGE.GHECAUSES--GHE000,dcid:country/NLD,2012,18770.30078
dcs:who/GBD_DALYRTAGE.GHECAUSES--GHE060,dcid:country/NOR,2012,16793.2793
dcs:who/GBD_DALYRTAGE.GHECAUSES--GHE000,dcid:country/NOR,2012,19614.58008
dcs:who/GBD_DALYRTAGE.GHECAUSES--GHE001,dcid:country/NOR,2012,989.38959
dcs:who/GBD_DALYRTAGE.GHECAUSES--GHE151,dcid:country/NOR,2000,2539.36499
dcs:who/GBD_DALYRTAGE.GHECAUSES--GHE151,dcid:country/NOR,2012,1831.90698
dcs:who/GBD_DALYRTAGE.GHECAUSES--GHE001,dcid:country/NOR,2000,1151.13599
dcs:who/GBD_DALYRTAGE.GHECAUSES--GHE060,dcid:country/NOR,2000,19352.67969
dcs:who/GBD_DALYRTAGE.GHECAUSES--GHE000,dcid:country/NOR,2000,23043.17969
dcs:who/GBD_DALYRTAGE.GHECAUSES--GHE001,dcid:country/NPL,2000,23875.56055
dcs:who/GBD_DALYRTAGE.GHECAUSES--GHE151,dcid:country/NPL,2012,4610.34277
dcs:who/GBD_DALYRTAGE.GHECAUSES--GHE000,dcid:country/NPL,2000,59687.60156
dcs:who/GBD_DALYRTAGE.GHECAUSES--GHE151,dcid:country/NPL,2000,6584.64502
dcs:who/GBD_DALYRTAGE.GHECAUSES--GHE060,dcid:country/NPL,2000,29227.39063
dcs:who/GBD_DALYRTAGE.GHECAUSES--GHE060,dcid:country/NPL,2012,24800.05078
dcs:who/GBD_DALYRTAGE.GHECAUSES--GHE000,dcid:country/NPL,2012,43324.19141
dcs:who/GBD_DALYRTAGE.GHECAUSES--GHE001,dcid:country/NPL,2012,13913.7998
dcs:who/GBD_DALYRTAGE.GHECAUSES--GHE151,dcid:country/NZL,2012,2420.12402
dcs:who/GBD_DALYRTAGE.GHECAUSES--GHE001,dcid:country/NZL,2000,1149.84705
dcs:who/GBD_DALYRTAGE.GHECAUSES--GHE060,dcid:country/NZL,2000,18057.85938
dcs:who/GBD_DALYRTAGE.GHECAUSES--GHE000,dcid:country/NZL,2012,18741.83984
dcs:who/GBD_DALYRTAGE.GHECAUSES--GHE001,dcid:country/NZL,2012,1157.22205
dcs:who/GBD_DALYRTAGE.GHECAUSES--GHE060,dcid:country/NZL,2012,15164.5
dcs:who/GBD_DALYRTAGE.GHECAUSES--GHE151,dcid:country/NZL,2000,2896.77905
dcs:who/GBD_DALYRTAGE.GHECAUSES--GHE000,dcid:country/NZL,2000,22104.48047
dcs:who/GBD_DALYRTAGE.GHECAUSES--GHE151,dcid:country/OMN,2012,3071.24194
dcs:who/GBD_DALYRTAGE.GHECAUSES--GHE001,dcid:country/OMN,2000,6150.95898
dcs:who/GBD_DALYRTAGE.GHECAUSES--GHE060,dcid:country/OMN,2012,19719.56055
dcs:who/GBD_DALYRTAGE.GHECAUSES--GHE000,dcid:country/OMN,2012,27260.10938
dcs:who/GBD_DALYRTAGE.GHECAUSES--GHE060,dcid:country/OMN,2000,24060.13086
dcs:who/GBD_DALYRTAGE.GHECAUSES--GHE151,dcid:country/OMN,2000,3329.62988
dcs:who/GBD_DALYRTAGE.GHECAUSES--GHE000,dcid:country/OMN,2000,33540.71875
dcs:who/GBD_DALYRTAGE.GHECAUSES--GHE001,dcid:country/OMN,2012,4469.30322
dcs:who/GBD_DALYRTAGE.GHECAUSES--GHE001,dcid:country/PAK,2012,19350.53906
dcs:who/GBD_DALYRTAGE.GHECAUSES--GHE151,dcid:country/PAK,2012,5490.22412
dcs:who/GBD_DALYRTAGE.GHECAUSES--GHE151,dcid:country/PAK,2000,5563.56885
dcs:who/GBD_DALYRTAGE.GHECAUSES--GHE060,dcid:country/PAK,2012,25693.71094
dcs:who/GBD_DALYRTAGE.GHECAUSES--GHE000,dcid:country/PAK,2012,50534.48047
dcs:who/GBD_DALYRTAGE.GHECAUSES--GHE001,dcid:country/PAK,2000,26977.5293
dcs:who/GBD_DALYRTAGE.GHECAUSES--GHE000,dcid:country/PAK,2000,57667.14844
dcs:who/GBD_DALYRTAGE.GHECAUSES--GHE060,dcid:country/PAK,2000,25126.05078
dcs:who/GBD_DALYRTAGE.GHECAUSES--GHE151,dcid:country/PAN,2012,4015.49194
dcs:who/GBD_DALYRTAGE.GHECAUSES--GHE060,dcid:country/PAN,2012,17998.93945
dcs:who/GBD_DALYRTAGE.GHECAUSES--GHE001,dcid:country/PAN,2012,5461.25391
dcs:who/GBD_DALYRTAGE.GHECAUSES--GHE060,dcid:country/PAN,2000,19526.66992
dcs:who/GBD_DALYRTAGE.GHECAUSES--GHE001,dcid:country/PAN,2000,6422.5708
dcs:who/GBD_DALYRTAGE.GHECAUSES--GHE000,dcid:country/PAN,2012,27475.67969
dcs:who/GBD_DALYRTAGE.GHECAUSES--GHE000,dcid:country/PAN,2000,29038.5293
dcs:who/GBD_DALYRTAGE.GHECAUSES--GHE151,dcid:country/PAN,2000,3089.28906
dcs:who/GBD_DALYRTAGE.GHECAUSES--GHE151,dcid:country/PER,2012,2833.99292
dcs:who/GBD_DALYRTAGE.GHECAUSES--GHE000,dcid:country/PER,2012,26910.51953
dcs:who/GBD_DALYRTAGE.GHECAUSES--GHE060,dcid:country/PER,2012,18143.03906
dcs:who/GBD_DALYRTAGE.GHECAUSES--GHE001,dcid:country/PER,2012,5933.49414
dcs:who/GBD_DALYRTAGE.GHECAUSES--GHE151,dcid:country/PER,2000,3399.61792
dcs:who/GBD_DALYRTAGE.GHECAUSES--GHE060,dcid:country/PER,2000,21111.83984
dcs:who/GBD_DALYRTAGE.GHECAUSES--GHE000,dcid:country/PER,2000,35748.08984
dcs:who/GBD_DALYRTAGE.GHECAUSES--GHE001,dcid:country/PER,2000,11236.62988
dcs:who/GBD_DALYRTAGE.GHECAUSES--GHE060,dcid:country/PHL,2012,27698.61914
dcs:who/GBD_DALYRTAGE.GHECAUSES--GHE151,dcid:country/PHL,2012,3363.46289
dcs:who/GBD_DALYRTAGE.GHECAUSES--GHE001,dcid:country/PHL,2000,13046.55957
dcs:who/GBD_DALYRTAGE.GHECAUSES--GHE001,dcid:country/PHL,2012,10383.57031
dcs:who/GBD_DALYRTAGE.GHECAUSES--GHE000,dcid:country/PHL,2012,41445.64844
dcs:who/GBD_DALYRTAGE.GHECAUSES--GHE151,dcid:country/PHL,2000,3778.82593
dcs:who/GBD_DALYRTAGE.GHECAUSES--GHE000,dcid:country/PHL,2000,41372.42969
dcs:who/GBD_DALYRTAGE.GHECAUSES--GHE060,dcid:country/PHL,2000,24547.05078
dcs:who/GBD_DALYRTAGE.GHECAUSES--GHE151,dcid:country/PNG,2012,5328.15723
dcs:who/GBD_DALYRTAGE.GHECAUSES--GHE001,dcid:country/PNG,2012,24952.7793
dcs:who/GBD_DALYRTAGE.GHECAUSES--GHE060,dcid:country/PNG,2012,29040.66992
dcs:who/GBD_DALYRTAGE.GHECAUSES--GHE000,dcid:country/PNG,2000,70303.53906
dcs:who/GBD_DALYRTAGE.GHECAUSES--GHE151,dcid:country/PNG,2000,6844.96777
dcs:who/GBD_DALYRTAGE.GHECAUSES--GHE001,dcid:country/PNG,2000,32990.96875
dcs:who/GBD_DALYRTAGE.GHECAUSES--GHE000,dcid:country/PNG,2012,59321.60938
dcs:who/GBD_DALYRTAGE.GHECAUSES--GHE060,dcid:country/PNG,2000,30467.58984
dcs:who/GBD_DALYRTAGE.GHECAUSES--GHE151,dcid:country/POL,2012,3268.76099
dcs:who/GBD_DALYRTAGE.GHECAUSES--GHE060,dcid:country/POL,2012,20359.69922
dcs:who/GBD_DALYRTAGE.GHECAUSES--GHE000,dcid:country/POL,2012,25414.86914
dcs:who/GBD_DALYRTAGE.GHECAUSES--GHE001,dcid:country/POL,2012,1786.40405
dcs:who/GBD_DALYRTAGE.GHECAUSES--GHE000,dcid:country/POL,2000,29710.80078
dcs:who/GBD_DALYRTAGE.GHECAUSES--GHE060,dcid:country/POL,2000,23590.11914
dcs:who/GBD_DALYRTAGE.GHECAUSES--GHE001,dcid:country/POL,2000,2212.15698
dcs:who/GBD_DALYRTAGE.GHECAUSES--GHE151,dcid:country/POL,2000,3908.51709
dcs:who/GBD_DALYRTAGE.GHECAUSES--GHE151,dcid:country/PRK,2012,4909.60303
dcs:who/GBD_DALYRTAGE.GHECAUSES--GHE060,dcid:country/PRK,2012,24526.91016
dcs:who/GBD_DALYRTAGE.GHECAUSES--GHE001,dcid:country/PRK,2012,7319.04102
dcs:who/GBD_DALYRTAGE.GHECAUSES--GHE000,dcid:country/PRK,2012,36755.55078
dcs:who/GBD_DALYRTAGE.GHECAUSES--GHE000,dcid:country/PRK,2000,47905.25
dcs:who/GBD_DALYRTAGE.GHECAUSES--GHE001,dcid:country/PRK,2000,12682.80957
dcs:who/GBD_DALYRTAGE.GHECAUSES--GHE060,dcid:country/PRK,2000,28681.56055
dcs:who/GBD_DALYRTAGE.GHECAUSES--GHE151,dcid:country/PRK,2000,6540.87988
dcs:who/GBD_DALYRTAGE.GHECAUSES--GHE001,dcid:country/PRT,2012,1552.46399
dcs:who/GBD_DALYRTAGE.GHECAUSES--GHE000,dcid:country/PRT,2012,19814.56055
dcs:who/GBD_DALYRTAGE.GHECAUSES--GHE151,dcid:country/PRT,2012,1924.14502
dcs:who/GBD_DALYRTAGE.GHECAUSES--GHE060,dcid:country/PRT,2012,16337.9502
dcs:who/GBD_DALYRTAGE.GHECAUSES--GHE001,dcid:country/PRT,2000,2031.18799
dcs:who/GBD_DALYRTAGE.GHECAUSES--GHE060,dcid:country/PRT,2000,19615.86914
dcs:who/GBD_DALYRTAGE.GHECAUSES--GHE151,dcid:country/PRT,2000,3261.94312
dcs:who/GBD_DALYRTAGE.GHECAUSES--GHE000,dcid:country/PRT,2000,24909.0
dcs:who/GBD_DALYRTAGE.GHECAUSES--GHE151,dcid:country/PRY,2012,3939.93604
dcs:who/GBD_DALYRTAGE.GHECAUSES--GHE001,dcid:country/PRY,2012,5478.41797
dcs:who/GBD_DALYRTAGE.GHECAUSES--GHE060,dcid:country/PRY,2012,21443.53906
dcs:who/GBD_DALYRTAGE.GHECAUSES--GHE001,dcid:country/PRY,2000,7356.95215
dcs:who/GBD_DALYRTAGE.GHECAUSES--GHE060,dcid:country/PRY,2000,21898.60938
dcs:who/GBD_DALYRTAGE.GHECAUSES--GHE151,dcid:country/PRY,2000,3350.10107
dcs:who/GBD_DALYRTAGE.GHECAUSES--GHE000,dcid:country/PRY,2012,30861.89063
dcs:who/GBD_DALYRTAGE.GHECAUSES--GHE000,dcid:country/PRY,2000,32605.66992
dcs:who/GBD_DALYRTAGE.GHECAUSES--GHE151,dcid:country/QAT,2012,2450.71289
dcs:who/GBD_DALYRTAGE.GHECAUSES--GHE060,dcid:country/QAT,2012,18236.0
dcs:who/GBD_DALYRTAGE.GHECAUSES--GHE001,dcid:country/QAT,2012,2236.4519
dcs:who/GBD_DALYRTAGE.GHECAUSES--GHE001,dcid:country/QAT,2000,2911.02002
dcs:who/GBD_DALYRTAGE.GHECAUSES--GHE000,dcid:country/QAT,2012,22923.16992
dcs:who/GBD_DALYRTAGE.GHECAUSES--GHE151,dcid:country/QAT,2000,3538.01709
dcs:who/GBD_DALYRTAGE.GHECAUSES--GHE060,dcid:country/QAT,2000,20652.50977
dcs:who/GBD_DALYRTAGE.GHECAUSES--GHE000,dcid:country/QAT,2000,27101.55078
dcs:who/GBD_DALYRTAGE.GHECAUSES--GHE001,dcid:country/ROU,2012,3075.61499
dcs:who/GBD_DALYRTAGE.GHECAUSES--GHE060,dcid:country/ROU,2012,22386.50977
dcs:who/GBD_DALYRTAGE.GHECAUSES--GHE151,dcid:country/ROU,2012,3033.9209
dcs:who/GBD_DALYRTAGE.GHECAUSES--GHE151,dcid:country/ROU,2000,4077.82397
dcs:who/GBD_DALYRTAGE.GHECAUSES--GHE000,dcid:country/ROU,2012,28496.05078
dcs:who/GBD_DALYRTAGE.GHECAUSES--GHE000,dcid:country/ROU,2000,35680.42969
dcs:who/GBD_DALYRTAGE.GHECAUSES--GHE060,dcid:country/ROU,2000,25712.83984
dcs:who/GBD_DALYRTAGE.GHECAUSES--GHE001,dcid:country/ROU,2000,5889.76807
dcs:who/GBD_DALYRTAGE.GHECAUSES--GHE151,dcid:country/RUS,2012,5821.70313
dcs:who/GBD_DALYRTAGE.GHECAUSES--GHE060,dcid:country/RUS,2012,29244.58984
dcs:who/GBD_DALYRTAGE.GHECAUSES--GHE001,dcid:country/RUS,2012,4839.88184
dcs:who/GBD_DALYRTAGE.GHECAUSES--GHE060,dcid:country/RUS,2000,34057.28125
dcs:who/GBD_DALYRTAGE.GHECAUSES--GHE151,dcid:country/RUS,2000,10598.2002
dcs:who/GBD_DALYRTAGE.GHECAUSES--GHE001,dcid:country/RUS,2000,6050.08203
dcs:who/GBD_DALYRTAGE.GHECAUSES--GHE000,dcid:country/RUS,2012,39906.17969
dcs:who/GBD_DALYRTAGE.GHECAUSES--GHE000,dcid:country/RUS,2000,50705.55859
dcs:who/GBD_DALYRTAGE.GHECAUSES--GHE060,dcid:country/RWA,2012,25496.42969
dcs:who/GBD_DALYRTAGE.GHECAUSES--GHE001,dcid:country/RWA,2012,22930.55078
dcs:who/GBD_DALYRTAGE.GHECAUSES--GHE151,dcid:country/RWA,2012,5732.85498
dcs:who/GBD_DALYRTAGE.GHECAUSES--GHE151,dcid:country/RWA,2000,8627.32324
dcs:who/GBD_DALYRTAGE.GHECAUSES--GHE060,dcid:country/RWA,2000,32808.42188
dcs:who/GBD_DALYRTAGE.GHECAUSES--GHE000,dcid:country/RWA,2012,54159.85156
dcs:who/GBD_DALYRTAGE.GHECAUSES--GHE001,dcid:country/RWA,2000,75927.4375
dcs:who/GBD_DALYRTAGE.GHECAUSES--GHE000,dcid:country/RWA,2000,117363.20313
dcs:who/GBD_DALYRTAGE.GHECAUSES--GHE151,dcid:country/SAU,2012,2530.09302
dcs:who/GBD_DALYRTAGE.GHECAUSES--GHE060,dcid:country/SAU,2012,21222.78906
dcs:who/GBD_DALYRTAGE.GHECAUSES--GHE000,dcid:country/SAU,2012,27174.36914
dcs:who/GBD_DALYRTAGE.GHECAUSES--GHE001,dcid:country/SAU,2012,3421.48511
dcs:who/GBD_DALYRTAGE.GHECAUSES--GHE001,dcid:country/SAU,2000,5526.1748
dcs:who/GBD_DALYRTAGE.GHECAUSES--GHE060,dcid:country/SAU,2000,24672.56055
dcs:who/GBD_DALYRTAGE.GHECAUSES--GHE151,dcid:country/SAU,2000,3453.58789
dcs:who/GBD_DALYRTAGE.GHECAUSES--GHE000,dcid:country/SAU,2000,33652.32031
dcs:who/GBD_DALYRTAGE.GHECAUSES--GHE151,dcid:country/SDN,2012,6897.99512
dcs:who/GBD_DALYRTAGE.GHECAUSES--GHE000,dcid:country/SDN,2012,59210.37891
dcs:who/GBD_DALYRTAGE.GHECAUSES--GHE151,dcid:country/SDN,2000,8220.44824
dcs:who/GBD_DALYRTAGE.GHECAUSES--GHE060,dcid:country/SDN,2012,25267.09961
dcs:who/GBD_DALYRTAGE.GHECAUSES--GHE001,dcid:country/SDN,2012,27045.28906
dcs:who/GBD_DALYRTAGE.GHECAUSES--GHE060,dcid:country/SDN,2000,25864.25977
dcs:who/GBD_DALYRTAGE.GHECAUSES--GHE001,dcid:country/SDN,2000,37709.5
dcs:who/GBD_DALYRTAGE.GHECAUSES--GHE000,dcid:country/SDN,2000,71794.20313
dcs:who/GBD_DALYRTAGE.GHECAUSES--GHE151,dcid:country/SEN,2012,4189.97314
dcs:who/GBD_DALYRTAGE.GHECAUSES--GHE060,dcid:country/SEN,2012,23529.06055
dcs:who/GBD_DALYRTAGE.GHECAUSES--GHE001,dcid:country/SEN,2012,26250.84961
dcs:who/GBD_DALYRTAGE.GHECAUSES--GHE000,dcid:country/SEN,2012,53969.89063
dcs:who/GBD_DALYRTAGE.GHECAUSES--GHE060,dcid:country/SEN,2000,25244.28906
dcs:who/GBD_DALYRTAGE.GHECAUSES--GHE151,dcid:country/SEN,2000,4904.81494
dcs:who/GBD_DALYRTAGE.GHECAUSES--GHE001,dcid:country/SEN,2000,44446.01953
dcs:who/GBD_DALYRTAGE.GHECAUSES--GHE000,dcid:country/SEN,2000,74595.11719
dcs:who/GBD_DALYRTAGE.GHECAUSES--GHE151,dcid:country/SGP,2012,1158.56995
dcs:who/GBD_DALYRTAGE.GHECAUSES--GHE060,dcid:country/SGP,2012,11554.96973
dcs:who/GBD_DALYRTAGE.GHECAUSES--GHE060,dcid:country/SGP,2000,15488.78027
dcs:who/GBD_DALYRTAGE.GHECAUSES--GHE000,dcid:country/SGP,2012,14354.41016
dcs:who/GBD_DALYRTAGE.GHECAUSES--GHE151,dcid:country/SGP,2000,1640.70605
dcs:who/GBD_DALYRTAGE.GHECAUSES--GHE001,dcid:country/SGP,2012,1640.86206
dcs:who/GBD_DALYRTAGE.GHECAUSES--GHE001,dcid:country/SGP,2000,1898.13599
dcs:who/GBD_DALYRTAGE.GHECAUSES--GHE000,dcid:country/SGP,2000,19027.61914
dcs:who/GBD_DALYRTAGE.GHECAUSES--GHE151,dcid:country/SLB,2012,4019.40405
dcs:who/GBD_DALYRTAGE.GHECAUSES--GHE060,dcid:country/SLB,2012,26989.69922
dcs:who/GBD_DALYRTAGE.GHECAUSES--GHE000,dcid:country/SLB,2012,41888.42969
dcs:who/GBD_DALYRTAGE.GHECAUSES--GHE060,dcid:country/SLB,2000,29141.32031
dcs:who/GBD_DALYRTAGE.GHECAUSES--GHE151,dcid:country/SLB,2000,4832.15576
dcs:who/GBD_DALYRTAGE.GHECAUSES--GHE001,dcid:country/SLB,2012,10879.32031
dcs:who/GBD_DALYRTAGE.GHECAUSES--GHE000,dcid:country/SLB,2000,50301.78125
dcs:who/GBD_DALYRTAGE.GHECAUSES--GHE001,dcid:country/SLB,2000,16328.30957
dcs:who/GBD_DALYRTAGE.GHECAUSES--GHE000,dcid:country/SLE,2012,117683.0
dcs:who/GBD_DALYRTAGE.GHECAUSES--GHE060,dcid:country/SLE,2012,38411.19922
dcs:who/GBD_DALYRTAGE.GHECAUSES--GHE151,dcid:country/SLE,2012,8557.99414
dcs:who/GBD_DALYRTAGE.GHECAUSES--GHE001,dcid:country/SLE,2012,70713.78906
dcs:who/GBD_DALYRTAGE.GHECAUSES--GHE001,dcid:country/SLE,2000,100560.0
dcs:who/GBD_DALYRTAGE.GHECAUSES--GHE000,dcid:country/SLE,2000,157907.0
dcs:who/GBD_DALYRTAGE.GHECAUSES--GHE151,dcid:country/SLE,2000,10813.98047
dcs:who/GBD_DALYRTAGE.GHECAUSES--GHE060,dcid:country/SLE,2000,46533.01953
dcs:who/GBD_DALYRTAGE.GHECAUSES--GHE060,dcid:country/SLV,2012,21919.33008
dcs:who/GBD_DALYRTAGE.GHECAUSES--GHE001,dcid:country/SLV,2012,5586.41113
dcs:who/GBD_DALYRTAGE.GHECAUSES--GHE151,dcid:country/SLV,2012,8501.46973
dcs:who/GBD_DALYRTAGE.GHECAUSES--GHE151,dcid:country/SLV,2000,8547.5166
dcs:who/GBD_DALYRTAGE.GHECAUSES--GHE001,dcid:country/SLV,2000,8259.84473
dcs:who/GBD_DALYRTAGE.GHECAUSES--GHE060,dcid:country/SLV,2000,22889.58008
dcs:who/GBD_DALYRTAGE.GHECAUSES--GHE000,dcid:country/SLV,2012,36007.21094
dcs:who/GBD_DALYRTAGE.GHECAUSES--GHE000,dcid:country/SLV,2000,39696.94141
dcs:who/GBD_DALYRTAGE.GHECAUSES--GHE151,dcid:country/SOM,2012,10760.70996
dcs:who/GBD_DALYRTAGE.GHECAUSES--GHE151,dcid:country/SOM,2000,7705.19287
dcs:who/GBD_DALYRTAGE.GHECAUSES--GHE060,dcid:country/SOM,2012,26109.90039
dcs:who/GBD_DALYRTAGE.GHECAUSES--GHE001,dcid:country/SOM,2012,52376.41016
dcs:who/GBD_DALYRTAGE.GHECAUSES--GHE060,dcid:country/SOM,2000,28219.05078
dcs:who/GBD_DALYRTAGE.GHECAUSES--GHE000,dcid:country/SOM,2012,89247.02344
dcs:who/GBD_DALYRTAGE.GHECAUSES--GHE001,dcid:country/SOM,2000,65607.42188
dcs:who/GBD_DALYRTAGE.GHECAUSES--GHE000,dcid:country/SOM,2000,101531.70313
dcs:who/GBD_DALYRTAGE.GHECAUSES--GHE001,dcid:country/SRB,2012,1760.41296
dcs:who/GBD_DALYRTAGE.GHECAUSES--GHE151,dcid:country/SRB,2012,2491.34595
dcs:who/GBD_DALYRTAGE.GHECAUSES--GHE060,dcid:country/SRB,2012,23899.00977
dcs:who/GBD_DALYRTAGE.GHECAUSES--GHE000,dcid:country/SRB,2012,28150.76953
dcs:who/GBD_DALYRTAGE.GHECAUSES--GHE151,dcid:country/SRB,2000,3020.396
dcs:who/GBD_DALYRTAGE.GHECAUSES--GHE060,dcid:country/SRB,2000,27868.01953
dcs:who/GBD_DALYRTAGE.GHECAUSES--GHE000,dcid:country/SRB,2000,33395.64844
dcs:who/GBD_DALYRTAGE.GHECAUSES--GHE001,dcid:country/SRB,2000,2507.22803
dcs:who/GBD_DALYRTAGE.GHECAUSES--GHE151,dcid:country/SSD,2012,7663.11719
dcs:who/GBD_DALYRTAGE.GHECAUSES--GHE060,dcid:country/SSD,2012,26957.36914
dcs:who/GBD_DALYRTAGE.GHECAUSES--GHE001,dcid:country/SSD,2012,45698.10156
dcs:who/GBD_DALYRTAGE.GHECAUSES--GHE060,dcid:country/SSD,2000,29568.86914
dcs:who/GBD_DALYRTAGE.GHECAUSES--GHE151,dcid:country/SSD,2000,8635.94629
dcs:who/GBD_DALYRTAGE.GHECAUSES--GHE000,dcid:country/SSD,2000,103380.20313
dcs:who/GBD_DALYRTAGE.GHECAUSES--GHE001,dcid:country/SSD,2000,65175.37891
dcs:who/GBD_DALYRTAGE.GHECAUSES--GHE000,dcid:country/SSD,2012,80318.59375
dcs:who/GBD_DALYRTAGE.GHECAUSES--GHE151,dcid:country/SUR,2012,5206.92285
dcs:who/GBD_DALYRTAGE.GHECAUSES--GHE060,dcid:country/SUR,2012,18649.67969
dcs:who/GBD_DALYRTAGE.GHECAUSES--GHE060,dcid:country/SUR,2000,23149.42969
dcs:who/GBD_DALYRTAGE.GHECAUSES--GHE000,dcid:country/SUR,2012,29900.56055
dcs:who/GBD_DALYRTAGE.GHECAUSES--GHE151,dcid:country/SUR,2000,4132.50391
dcs:who/GBD_DALYRTAGE.GHECAUSES--GHE001,dcid:country/SUR,2012,6043.9541
dcs:who/GBD_DALYRTAGE.GHECAUSES--GHE001,dcid:country/SUR,2000,9503.60547
dcs:who/GBD_DALYRTAGE.GHECAUSES--GHE000,dcid:country/SUR,2000,36785.53906
dcs:who/GBD_DALYRTAGE.GHECAUSES--GHE060,dcid:country/SVK,2012,21069.4707
dcs:who/GBD_DALYRTAGE.GHECAUSES--GHE151,dcid:country/SVK,2012,2853.82788
dcs:who/GBD_DALYRTAGE.GHECAUSES--GHE001,dcid:country/SVK,2000,2328.28101
dcs:who/GBD_DALYRTAGE.GHECAUSES--GHE000,dcid:country/SVK,2012,25990.9707
dcs:who/GBD_DALYRTAGE.GHECAUSES--GHE001,dcid:country/SVK,2012,2067.67212
dcs:who/GBD_DALYRTAGE.GHECAUSES--GHE060,dcid:country/SVK,2000,24983.94922
dcs:who/GBD_DALYRTAGE.GHECAUSES--GHE151,dcid:country/SVK,2000,3383.16992
dcs:who/GBD_DALYRTAGE.GHECAUSES--GHE000,dcid:country/SVK,2000,30695.40039
dcs:who/GBD_DALYRTAGE.GHECAUSES--GHE001,dcid:country/SVN,2012,1312.81995
dcs:who/GBD_DALYRTAGE.GHECAUSES--GHE000,dcid:country/SVN,2012,21200.48047
dcs:who/GBD_DALYRTAGE.GHECAUSES--GHE060,dcid:country/SVN,2012,17205.88086
dcs:who/GBD_DALYRTAGE.GHECAUSES--GHE151,dcid:country/SVN,2012,2681.78296
dcs:who/GBD_DALYRTAGE.GHECAUSES--GHE000,dcid:country/SVN,2000,26583.28906
dcs:who/GBD_DALYRTAGE.GHECAUSES--GHE001,dcid:country/SVN,2000,1731.56006
dcs:who/GBD_DALYRTAGE.GHECAUSES--GHE060,dcid:country/SVN,2000,21198.42969
dcs:who/GBD_DALYRTAGE.GHECAUSES--GHE151,dcid:country/SVN,2000,3653.302
dcs:who/GBD_DALYRTAGE.GHECAUSES--GHE001,dcid:country/SWE,2012,917.41467
dcs:who/GBD_DALYRTAGE.GHECAUSES--GHE000,dcid:country/SWE,2012,18307.57031
dcs:who/GBD_DALYRTAGE.GHECAUSES--GHE151,dcid:country/SWE,2012,1893.10596
dcs:who/GBD_DALYRTAGE.GHECAUSES--GHE060,dcid:country/SWE,2012,15497.0498
dcs:who/GBD_DALYRTAGE.GHECAUSES--GHE000,dcid:country/SWE,2000,20534.25
dcs:who/GBD_DALYRTAGE.GHECAUSES--GHE060,dcid:country/SWE,2000,17399.34961
dcs:who/GBD_DALYRTAGE.GHECAUSES--GHE001,dcid:country/SWE,2000,957.21771
dcs:who/GBD_DALYRTAGE.GHECAUSES--GHE151,dcid:country/SWE,2000,2177.67798
dcs:who/GBD_DALYRTAGE.GHECAUSES--GHE151,dcid:country/SWZ,2012,7001.52393
dcs:who/GBD_DALYRTAGE.GHECAUSES--GHE000,dcid:country/SWZ,2012,87161.10156
dcs:who/GBD_DALYRTAGE.GHECAUSES--GHE001,dcid:country/SWZ,2012,52455.92969
dcs:who/GBD_DALYRTAGE.GHECAUSES--GHE060,dcid:country/SWZ,2012,27703.65039
dcs:who/GBD_DALYRTAGE.GHECAUSES--GHE000,dcid:country/SWZ,2000,106703.60156
dcs:who/GBD_DALYRTAGE.GHECAUSES--GHE001,dcid:country/SWZ,2000,67517.13281
dcs:who/GBD_DALYRTAGE.GHECAUSES--GHE151,dcid:country/SWZ,2000,7160.41309
dcs:who/GBD_DALYRTAGE.GHECAUSES--GHE060,dcid:country/SWZ,2000,32026.01953
dcs:who/GBD_DALYRTAGE.GHECAUSES--GHE151,dcid:country/SYR,2012,18326.75977
dcs:who/GBD_DALYRTAGE.GHECAUSES--GHE000,dcid:country/SYR,2012,43178.37109
dcs:who/GBD_DALYRTAGE.GHECAUSES--GHE151,dcid:country/SYR,2000,2688.15894
dcs:who/GBD_DALYRTAGE.GHECAUSES--GHE060,dcid:country/SYR,2012,21076.84961
dcs:who/GBD_DALYRTAGE.GHECAUSES--GHE060,dcid:country/SYR,2000,24238.76953
dcs:who/GBD_DALYRTAGE.GHECAUSES--GHE001,dcid:country/SYR,2000,5465.59912
dcs:who/GBD_DALYRTAGE.GHECAUSES--GHE001,dcid:country/SYR,2012,3774.7561
dcs:who/GBD_DALYRTAGE.GHECAUSES--GHE000,dcid:country/SYR,2000,32392.51953
dcs:who/GBD_DALYRTAGE.GHECAUSES--GHE151,dcid:country/TCD,2012,6314.00293
dcs:who/GBD_DALYRTAGE.GHECAUSES--GHE001,dcid:country/TCD,2012,58483.51172
dcs:who/GBD_DALYRTAGE.GHECAUSES--GHE000,dcid:country/TCD,2012,94562.71094
dcs:who/GBD_DALYRTAGE.GHECAUSES--GHE060,dcid:country/TCD,2012,29765.19922
dcs:who/GBD_DALYRTAGE.GHECAUSES--GHE151,dcid:country/TCD,2000,8411.05273
dcs:who/GBD_DALYRTAGE.GHECAUSES--GHE000,dcid:country/TCD,2000,112972.89844
dcs:who/GBD_DALYRTAGE.GHECAUSES--GHE060,dcid:country/TCD,2000,30243.0293
dcs:who/GBD_DALYRTAGE.GHECAUSES--GHE001,dcid:country/TCD,2000,74318.85156
dcs:who/GBD_DALYRTAGE.GHECAUSES--GHE151,dcid:country/TGO,2012,5316.56787
dcs:who/GBD_DALYRTAGE.GHECAUSES--GHE060,dcid:country/TGO,2012,28172.15039
dcs:who/GBD_DALYRTAGE.GHECAUSES--GHE151,dcid:country/TGO,2000,5330.70605
dcs:who/GBD_DALYRTAGE.GHECAUSES--GHE060,dcid:country/TGO,2000,27908.08984
dcs:who/GBD_DALYRTAGE.GHECAUSES--GHE000,dcid:country/TGO,2012,71807.70313
dcs:who/GBD_DALYRTAGE.GHECAUSES--GHE001,dcid:country/TGO,2012,38318.98047
dcs:who/GBD_DALYRTAGE.GHECAUSES--GHE001,dcid:country/TGO,2000,49304.51172
dcs:who/GBD_DALYRTAGE.GHECAUSES--GHE000,dcid:country/TGO,2000,82543.29688
dcs:who/GBD_DALYRTAGE.GHECAUSES--GHE151,dcid:country/THA,2012,3806.58789
dcs:who/GBD_DALYRTAGE.GHECAUSES--GHE060,dcid:country/THA,2012,19381.41016
dcs:who/GBD_DALYRTAGE.GHECAUSES--GHE151,dcid:country/THA,2000,4443.52979
dcs:who/GBD_DALYRTAGE.GHECAUSES--GHE001,dcid:country/THA,2000,11301.04004
dcs:who/GBD_DALYRTAGE.GHECAUSES--GHE060,dcid:country/THA,2000,21910.33984
dcs:who/GBD_DALYRTAGE.GHECAUSES--GHE001,dcid:country/THA,2012,5804.79688
dcs:who/GBD_DALYRTAGE.GHECAUSES--GHE000,dcid:country/THA,2012,28992.78906
dcs:who/GBD_DALYRTAGE.GHECAUSES--GHE000,dcid:country/THA,2000,37654.91016
dcs:who/GBD_DALYRTAGE.GHECAUSES--GHE151,dcid:country/TJK,2012,3704.11108
dcs:who/GBD_DALYRTAGE.GHECAUSES--GHE060,dcid:country/TJK,2012,27023.60938
dcs:who/GBD_DALYRTAGE.GHECAUSES--GHE000,dcid:country/TJK,2012,42751.60156
dcs:who/GBD_DALYRTAGE.GHECAUSES--GHE001,dcid:country/TJK,2012,12023.87988
dcs:who/GBD_DALYRTAGE.GHECAUSES--GHE060,dcid:country/TJK,2000,29513.41992
dcs:who/GBD_DALYRTAGE.GHECAUSES--GHE151,dcid:country/TJK,2000,4546.47217
dcs:who/GBD_DALYRTAGE.GHECAUSES--GHE000,dcid:country/TJK,2000,52132.48828
dcs:who/GBD_DALYRTAGE.GHECAUSES--GHE001,dcid:country/TJK,2000,18072.58984
dcs:who/GBD_DALYRTAGE.GHECAUSES--GHE151,dcid:country/TKM,2012,6087.66113
dcs:who/GBD_DALYRTAGE.GHECAUSES--GHE001,dcid:country/TKM,2012,9563.14746
dcs:who/GBD_DALYRTAGE.GHECAUSES--GHE000,dcid:country/TKM,2012,53596.96875
dcs:who/GBD_DALYRTAGE.GHECAUSES--GHE060,dcid:country/TKM,2012,37946.16016
dcs:who/GBD_DALYRTAGE.GHECAUSES--GHE000,dcid:country/TKM,2000,56634.94922
dcs:who/GBD_DALYRTAGE.GHECAUSES--GHE151,dcid:country/TKM,2000,5750.68896
dcs:who/GBD_DALYRTAGE.GHECAUSES--GHE060,dcid:country/TKM,2000,36466.71094
dcs:who/GBD_DALYRTAGE.GHECAUSES--GHE001,dcid:country/TKM,2000,14417.55957
dcs:who/GBD_DALYRTAGE.GHECAUSES--GHE151,dcid:country/TLS,2012,4166.00781
dcs:who/GBD_DALYRTAGE.GHECAUSES--GHE060,dcid:country/TLS,2012,24934.86914
dcs:who/GBD_DALYRTAGE.GHECAUSES--GHE000,dcid:country/TLS,2000,69526.36719
dcs:who/GBD_DALYRTAGE.GHECAUSES--GHE060,dcid:country/TLS,2000,30618.14063
dcs:who/GBD_DALYRTAGE.GHECAUSES--GHE151,dcid:country/TLS,2000,5891.76221
dcs:who/GBD_DALYRTAGE.GHECAUSES--GHE001,dcid:country/TLS,2012,19666.71094
dcs:who/GBD_DALYRTAGE.GHECAUSES--GHE001,dcid:country/TLS,2000,33016.46875
dcs:who/GBD_DALYRTAGE.GHECAUSES--GHE000,dcid:country/TLS,2012,48767.58984
dcs:who/GBD_DALYRTAGE.GHECAUSES--GHE060,dcid:country/TTO,2012,26595.56055
dcs:who/GBD_DALYRTAGE.GHECAUSES--GHE151,dcid:country/TTO,2012,6470.5249
dcs:who/GBD_DALYRTAGE.GHECAUSES--GHE001,dcid:country/TTO,2012,5293.61182
dcs:who/GBD_DALYRTAGE.GHECAUSES--GHE001,dcid:country/TTO,2000,8630.95605
dcs:who/GBD_DALYRTAGE.GHECAUSES--GHE151,dcid:country/TTO,2000,3202.53296
dcs:who/GBD_DALYRTAGE.GHECAUSES--GHE000,dcid:country/TTO,2012,38359.69922
dcs:who/GBD_DALYRTAGE.GHECAUSES--GHE060,dcid:country/TTO,2000,28673.75
dcs:who/GBD_DALYRTAGE.GHECAUSES--GHE000,dcid:country/TTO,2000,40507.23828
dcs:who/GBD_DALYRTAGE.GHECAUSES--GHE151,dcid:country/TUN,2012,2527.16504
dcs:who/GBD_DALYRTAGE.GHECAUSES--GHE060,dcid:country/TUN,2000,22364.63086
dcs:who/GBD_DALYRTAGE.GHECAUSES--GHE001,dcid:country/TUN,2012,4020.43311
dcs:who/GBD_DALYRTAGE.GHECAUSES--GHE000,dcid:country/TUN,2012,26813.73047
dcs:who/GBD_DALYRTAGE.GHECAUSES--GHE151,dcid:country/TUN,2000,3084.93896
dcs:who/GBD_DALYRTAGE.GHECAUSES--GHE060,dcid:country/TUN,2012,20266.13086
dcs:who/GBD_DALYRTAGE.GHECAUSES--GHE001,dcid:country/TUN,2000,5822.22412
dcs:who/GBD_DALYRTAGE.GHECAUSES--GHE000,dcid:country/TUN,2000,31271.78906
dcs:who/GBD_DALYRTAGE.GHECAUSES--GHE001,dcid:country/TUR,2012,3738.43091
dcs:who/GBD_DALYRTAGE.GHECAUSES--GHE060,dcid:country/TUR,2012,22404.74023
dcs:who/GBD_DALYRTAGE.GHECAUSES--GHE000,dcid:country/TUR,2012,29027.4707
dcs:who/GBD_DALYRTAGE.GHECAUSES--GHE151,dcid:country/TUR,2012,2884.302
dcs:who/GBD_DALYRTAGE.GHECAUSES--GHE151,dcid:country/TUR,2000,4139.19189
dcs:who/GBD_DALYRTAGE.GHECAUSES--GHE000,dcid:country/TUR,2000,39311.91016
dcs:who/GBD_DALYRTAGE.GHECAUSES--GHE060,dcid:country/TUR,2000,27615.76953
dcs:who/GBD_DALYRTAGE.GHECAUSES--GHE001,dcid:country/TUR,2000,7556.94287
dcs:who/GBD_DALYRTAGE.GHECAUSES--GHE060,dcid:country/TZA,2012,24245.88086
dcs:who/GBD_DALYRTAGE.GHECAUSES--GHE151,dcid:country/TZA,2012,6425.54004
dcs:who/GBD_DALYRTAGE.GHECAUSES--GHE000,dcid:country/TZA,2012,63042.62891
dcs:who/GBD_DALYRTAGE.GHECAUSES--GHE001,dcid:country/TZA,2012,32371.21094
dcs:who/GBD_DALYRTAGE.GHECAUSES--GHE000,dcid:country/TZA,2000,97901.70313
dcs:who/GBD_DALYRTAGE.GHECAUSES--GHE001,dcid:country/TZA,2000,63364.55078
dcs:who/GBD_DALYRTAGE.GHECAUSES--GHE151,dcid:country/TZA,2000,7506.75977
dcs:who/GBD_DALYRTAGE.GHECAUSES--GHE060,dcid:country/TZA,2000,27030.40039
dcs:who/GBD_DALYRTAGE.GHECAUSES--GHE151,dcid:country/UGA,2012,8395.06152
dcs:who/GBD_DALYRTAGE.GHECAUSES--GHE000,dcid:country/UGA,2012,74115.70313
dcs:who/GBD_DALYRTAGE.GHECAUSES--GHE060,dcid:country/UGA,2012,27342.34961
dcs:who/GBD_DALYRTAGE.GHECAUSES--GHE001,dcid:country/UGA,2012,38378.28906
dcs:who/GBD_DALYRTAGE.GHECAUSES--GHE151,dcid:country/UGA,2000,9508.83008
dcs:who/GBD_DALYRTAGE.GHECAUSES--GHE001,dcid:country/UGA,2000,83634.39844
dcs:who/GBD_DALYRTAGE.GHECAUSES--GHE000,dcid:country/UGA,2000,122162.10156
dcs:who/GBD_DALYRTAGE.GHECAUSES--GHE060,dcid:country/UGA,2000,29018.88086
dcs:who/GBD_DALYRTAGE.GHECAUSES--GHE060,dcid:country/UKR,2012,26106.69922
dcs:who/GBD_DALYRTAGE.GHECAUSES--GHE151,dcid:country/UKR,2012,4079.29712
dcs:who/GBD_DALYRTAGE.GHECAUSES--GHE001,dcid:country/UKR,2012,4934.62207
dcs:who/GBD_DALYRTAGE.GHECAUSES--GHE060,dcid:country/UKR,2000,30039.69922
dcs:who/GBD_DALYRTAGE.GHECAUSES--GHE000,dcid:country/UKR,2012,35120.62109
dcs:who/GBD_DALYRTAGE.GHECAUSES--GHE001,dcid:country/UKR,2000,4955.12207
dcs:who/GBD_DALYRTAGE.GHECAUSES--GHE151,dcid:country/UKR,2000,6983.625
dcs:who/GBD_DALYRTAGE.GHECAUSES--GHE000,dcid:country/UKR,2000,41978.44922
dcs:who/GBD_DALYRTAGE.GHECAUSES--GHE000,dcid:country/URY,2012,24819.67969
dcs:who/GBD_DALYRTAGE.GHECAUSES--GHE151,dcid:country/URY,2000,3652.96802
dcs:who/GBD_DALYRTAGE.GHECAUSES--GHE001,dcid:country/URY,2012,2675.41699
dcs:who/GBD_DALYRTAGE.GHECAUSES--GHE060,dcid:country/URY,2012,18971.36914
dcs:who/GBD_DALYRTAGE.GHECAUSES--GHE151,dcid:country/URY,2012,3172.88403
dcs:who/GBD_DALYRTAGE.GHECAUSES--GHE000,dcid:country/URY,2000,28430.58008
dcs:who/GBD_DALYRTAGE.GHECAUSES--GHE001,dcid:country/URY,2000,3325.08789
dcs:who/GBD_DALYRTAGE.GHECAUSES--GHE060,dcid:country/URY,2000,21452.51953
dcs:who/GBD_DALYRTAGE.GHECAUSES--GHE001,dcid:country/USA,2012,1604.46399
dcs:who/GBD_DALYRTAGE.GHECAUSES--GHE151,dcid:country/USA,2012,2567.24805
dcs:who/GBD_DALYRTAGE.GHECAUSES--GHE060,dcid:country/USA,2012,18603.48047
dcs:who/GBD_DALYRTAGE.GHECAUSES--GHE001,dcid:country/USA,2000,1857.41895
dcs:who/GBD_DALYRTAGE.GHECAUSES--GHE000,dcid:country/USA,2000,24781.57031
dcs:who/GBD_DALYRTAGE.GHECAUSES--GHE000,dcid:country/USA,2012,22775.19922
dcs:who/GBD_DALYRTAGE.GHECAUSES--GHE151,dcid:country/USA,2000,2817.04297
dcs:who/GBD_DALYRTAGE.GHECAUSES--GHE060,dcid:country/USA,2000,20107.09961
dcs:who/GBD_DALYRTAGE.GHECAUSES--GHE151,dcid:country/UZB,2012,3446.35107
dcs:who/GBD_DALYRTAGE.GHECAUSES--GHE151,dcid:country/UZB,2000,3932.6499
dcs:who/GBD_DALYRTAGE.GHECAUSES--GHE001,dcid:country/UZB,2012,7717.37109
dcs:who/GBD_DALYRTAGE.GHECAUSES--GHE060,dcid:country/UZB,2012,29089.23047
dcs:who/GBD_DALYRTAGE.GHECAUSES--GHE000,dcid:country/UZB,2012,40252.94922
dcs:who/GBD_DALYRTAGE.GHECAUSES--GHE060,dcid:country/UZB,2000,30512.2793
dcs:who/GBD_DALYRTAGE.GHECAUSES--GHE000,dcid:country/UZB,2000,46078.41016
dcs:who/GBD_DALYRTAGE.GHECAUSES--GHE001,dcid:country/UZB,2000,11633.48047
dcs:who/GBD_DALYRTAGE.GHECAUSES--GHE001,dcid:country/VEN,2012,4142.98779
dcs:who/GBD_DALYRTAGE.GHECAUSES--GHE000,dcid:country/VEN,2012,29409.74023
dcs:who/GBD_DALYRTAGE.GHECAUSES--GHE151,dcid:country/VEN,2000,5204.39307
dcs:who/GBD_DALYRTAGE.GHECAUSES--GHE060,dcid:country/VEN,2012,18967.75977
dcs:who/GBD_DALYRTAGE.GHECAUSES--GHE151,dcid:country/VEN,2012,6298.99707
dcs:who/GBD_DALYRTAGE.GHECAUSES--GHE060,dcid:country/VEN,2000,21078.39063
dcs:who/GBD_DALYRTAGE.GHECAUSES--GHE001,dcid:country/VEN,2000,5394.30518
dcs:who/GBD_DALYRTAGE.GHECAUSES--GHE000,dcid:country/VEN,2000,31677.08984
dcs:who/GBD_DALYRTAGE.GHECAUSES--GHE151,dcid:country/VNM,2012,3296.26611
dcs:who/GBD_DALYRTAGE.GHECAUSES--GHE001,dcid:country/VNM,2012,6374.74512
dcs:who/GBD_DALYRTAGE.GHECAUSES--GHE060,dcid:country/VNM,2012,19554.59961
dcs:who/GBD_DALYRTAGE.GHECAUSES--GHE000,dcid:country/VNM,2012,29225.60938
dcs:who/GBD_DALYRTAGE.GHECAUSES--GHE060,dcid:country/VNM,2000,20119.17969
dcs:who/GBD_DALYRTAGE.GHECAUSES--GHE151,dcid:country/VNM,2000,3894.50098
dcs:who/GBD_DALYRTAGE.GHECAUSES--GHE001,dcid:country/VNM,2000,8609.58398
dcs:who/GBD_DALYRTAGE.GHECAUSES--GHE000,dcid:country/VNM,2000,32623.26953
dcs:who/GBD_DALYRTAGE.GHECAUSES--GHE060,dcid:country/YEM,2012,26449.01953
dcs:who/GBD_DALYRTAGE.GHECAUSES--GHE151,dcid:country/YEM,2012,5427.71582
dcs:who/GBD_DALYRTAGE.GHECAUSES--GHE001,dcid:country/YEM,2012,23364.7207
dcs:who/GBD_DALYRTAGE.GHECAUSES--GHE001,dcid:country/YEM,2000,32204.57031
dcs:who/GBD_DALYRTAGE.GHECAUSES--GHE000,dcid:country/YEM,2012,55241.46094
dcs:who/GBD_DALYRTAGE.GHECAUSES--GHE151,dcid:country/YEM,2000,5467.75684
dcs:who/GBD_DALYRTAGE.GHECAUSES--GHE060,dcid:country/YEM,2000,26852.9707
dcs:who/GBD_DALYRTAGE.GHECAUSES--GHE000,dcid:country/YEM,2000,64525.28906
dcs:who/GBD_DALYRTAGE.GHECAUSES--GHE151,dcid:country/ZAF,2012,5585.54492
dcs:who/GBD_DALYRTAGE.GHECAUSES--GHE060,dcid:country/ZAF,2012,26933.85938
dcs:who/GBD_DALYRTAGE.GHECAUSES--GHE060,dcid:country/ZAF,2000,28666.75
dcs:who/GBD_DALYRTAGE.GHECAUSES--GHE000,dcid:country/ZAF,2012,67513.82031
dcs:who/GBD_DALYRTAGE.GHECAUSES--GHE001,dcid:country/ZAF,2012,34994.41016
dcs:who/GBD_DALYRTAGE.GHECAUSES--GHE151,dcid:country/ZAF,2000,5939.09814
dcs:who/GBD_DALYRTAGE.GHECAUSES--GHE000,dcid:country/ZAF,2000,69031.90625
dcs:who/GBD_DALYRTAGE.GHECAUSES--GHE001,dcid:country/ZAF,2000,34426.05859
dcs:who/GBD_DALYRTAGE.GHECAUSES--GHE001,dcid:country/ZMB,2012,44639.26172
dcs:who/GBD_DALYRTAGE.GHECAUSES--GHE060,dcid:country/ZMB,2012,24205.82031
dcs:who/GBD_DALYRTAGE.GHECAUSES--GHE151,dcid:country/ZMB,2012,7343.95605
dcs:who/GBD_DALYRTAGE.GHECAUSES--GHE000,dcid:country/ZMB,2012,76189.03125
dcs:who/GBD_DALYRTAGE.GHECAUSES--GHE151,dcid:country/ZMB,2000,10630.25977
dcs:who/GBD_DALYRTAGE.GHECAUSES--GHE001,dcid:country/ZMB,2000,103126.89844
dcs:who/GBD_DALYRTAGE.GHECAUSES--GHE060,dcid:country/ZMB,2000,29074.23047
dcs:who/GBD_DALYRTAGE.GHECAUSES--GHE000,dcid:country/ZMB,2000,142831.40625
dcs:who/GBD_DALYRTAGE.GHECAUSES--GHE151,dcid:country/ZWE,2012,5173.20801
dcs:who/GBD_DALYRTAGE.GHECAUSES--GHE060,dcid:country/ZWE,2000,24970.74023
dcs:who/GBD_DALYRTAGE.GHECAUSES--GHE001,dcid:country/ZWE,2012,43557.28906
dcs:who/GBD_DALYRTAGE.GHECAUSES--GHE000,dcid:country/ZWE,2012,72783.89844
dcs:who/GBD_DALYRTAGE.GHECAUSES--GHE060,dcid:country/ZWE,2012,24053.40039
dcs:who/GBD_DALYRTAGE.GHECAUSES--GHE151,dcid:country/ZWE,2000,4824.02393
dcs:who/GBD_DALYRTAGE.GHECAUSES--GHE001,dcid:country/ZWE,2000,112248.79688
dcs:who/GBD_DALYRTAGE.GHECAUSES--GHE000,dcid:country/ZWE,2000,142043.59375
