SERIES,GEOGRAPHY,TIME_PERIOD,OBS_VALUE
dcs:who/HWF_0005,dcid:country/AFG,2009,6037.0
dcs:who/HWF_0005,dcid:country/AFG,2014,9954.0
dcs:who/HWF_0005,dcid:country/AFG,2015,9808.0
dcs:who/HWF_0005,dcid:country/AFG,2016,9842.0
dcs:who/HWF_0005,dcid:country/AFG,2001,4104.0
dcs:who/HWF_0005,dcid:country/AFG,2019,8082.0
dcs:who/HWF_0005,dcid:country/AFG,2013,9184.0
dcs:who/HWF_0005,dcid:country/AFG,2017,8744.0
dcs:who/HWF_0005,dcid:country/AFG,2010,6901.0
dcs:who/HWF_0005,dcid:country/AFG,2011,7584.0
dcs:who/HWF_0005,dcid:country/AFG,2007,4723.0
dcs:who/HWF_0005,dcid:country/AFG,2020,9880.0
dcs:who/HWF_0005,dcid:country/AFG,2008,4834.0
dcs:who/HWF_0005,dcid:country/AFG,2018,11144.0
dcs:who/HWF_0005,dcid:country/AFG,2006,4220.0
dcs:who/HWF_0005,dcid:country/AFG,2012,7521.0
dcs:who/HWF_0005,dcid:country/AGO,2004,1165.0
dcs:who/HWF_0005,dcid:country/AGO,1997,881.0
dcs:who/HWF_0005,dcid:country/AGO,2009,2956.0
dcs:who/HWF_0005,dcid:country/AGO,2017,6400.0
dcs:who/HWF_0005,dcid:country/ALB,1996,4278.0
dcs:who/HWF_0005,dcid:country/ALB,2003,3699.0
dcs:who/HWF_0005,dcid:country/ALB,1991,4793.0
dcs:who/HWF_0005,dcid:country/ALB,2006,3626.0
dcs:who/HWF_0005,dcid:country/ALB,1992,5264.0
dcs:who/HWF_0005,dcid:country/ALB,1989,4466.0
dcs:who/HWF_0005,dcid:country/ALB,1990,4516.0
dcs:who/HWF_0005,dcid:country/ALB,1998,4325.0
dcs:who/HWF_0005,dcid:country/ALB,2000,4325.0
dcs:who/HWF_0005,dcid:country/ALB,2004,3699.0
dcs:who/HWF_0005,dcid:country/ALB,2007,3626.0
dcs:who/HWF_0005,dcid:country/ALB,2001,4100.0
dcs:who/HWF_0005,dcid:country/ALB,1995,4244.0
dcs:who/HWF_0005,dcid:country/ALB,1997,4304.0
dcs:who/HWF_0005,dcid:country/ALB,2002,3656.0
dcs:who/HWF_0005,dcid:country/ALB,2016,3511.0
dcs:who/HWF_0005,dcid:country/ALB,1993,4515.0
dcs:who/HWF_0005,dcid:country/ALB,1994,4232.0
dcs:who/HWF_0005,dcid:country/AND,1998,162.0
dcs:who/HWF_0005,dcid:country/AND,2002,203.0
dcs:who/HWF_0005,dcid:country/AND,2003,244.0
dcs:who/HWF_0005,dcid:country/AND,2001,175.0
dcs:who/HWF_0005,dcid:country/AND,2004,239.0
dcs:who/HWF_0005,dcid:country/AND,2005,255.0
dcs:who/HWF_0005,dcid:country/AND,2000,168.0
dcs:who/HWF_0005,dcid:country/AND,2006,244.0
dcs:who/HWF_0005,dcid:country/AND,1997,158.0
dcs:who/HWF_0005,dcid:country/AND,2007,249.0
dcs:who/HWF_0005,dcid:country/AND,1995,143.0
dcs:who/HWF_0005,dcid:country/AND,2009,266.0
dcs:who/HWF_0005,dcid:country/AND,2015,260.0
dcs:who/HWF_0005,dcid:country/ARE,2020,26736.0
dcs:who/HWF_0005,dcid:country/ARE,2015,20481.0
dcs:who/HWF_0005,dcid:country/ARE,2003,7707.0
dcs:who/HWF_0005,dcid:country/ARE,2013,16016.0
dcs:who/HWF_0005,dcid:country/ARE,2019,25414.0
dcs:who/HWF_0005,dcid:country/ARE,2012,13499.0
dcs:who/HWF_0005,dcid:country/ARE,2008,11630.0
dcs:who/HWF_0005,dcid:country/ARE,2016,22195.0
dcs:who/HWF_0005,dcid:country/ARE,2018,24345.0
dcs:who/HWF_0005,dcid:country/ARE,2009,12016.0
dcs:who/HWF_0005,dcid:country/ARE,2002,6967.0
dcs:who/HWF_0005,dcid:country/ARE,2007,8669.0
dcs:who/HWF_0005,dcid:country/ARE,2004,7802.0
dcs:who/HWF_0005,dcid:country/ARE,2017,23107.0
dcs:who/HWF_0005,dcid:country/ARE,2001,6549.0
dcs:who/HWF_0005,dcid:country/ARE,2005,6971.0
dcs:who/HWF_0005,dcid:country/ARE,2021,27268.0
dcs:who/HWF_0005,dcid:country/ARE,2006,7048.0
dcs:who/HWF_0005,dcid:country/ARE,2014,18385.0
dcs:who/HWF_0005,dcid:country/ARE,2010,12137.0
dcs:who/HWF_0005,dcid:country/ARE,2000,5646.0
dcs:who/HWF_0005,dcid:country/ARE,2011,12856.0
dcs:who/HWF_0005,dcid:country/ARG,2020,175419.0
dcs:who/HWF_0005,dcid:country/ARG,2015,171870.0
dcs:who/HWF_0005,dcid:country/ARG,1992,88800.0
dcs:who/HWF_0005,dcid:country/ARG,2022,185762.0
dcs:who/HWF_0005,dcid:country/ARG,1998,108800.0
dcs:who/HWF_0005,dcid:country/ARG,2017,175313.0
dcs:who/HWF_0005,dcid:country/ARG,2016,174092.0
dcs:who/HWF_0005,dcid:country/ARM,2019,7.0
dcs:who/HWF_0005,dcid:country/ARM,2017,14.0
dcs:who/HWF_0005,dcid:country/ATG,2017,264.0
dcs:who/HWF_0005,dcid:country/ATG,2007,144.0
dcs:who/HWF_0005,dcid:country/ATG,2008,45.0
dcs:who/HWF_0005,dcid:country/ATG,1999,12.0
dcs:who/HWF_0005,dcid:country/AUS,1983,9647.0
dcs:who/HWF_0005,dcid:country/AUS,1993,19315.0
dcs:who/HWF_0005,dcid:country/AUS,1988,13872.0
dcs:who/HWF_0005,dcid:country/AUS,1986,12835.0
dcs:who/HWF_0005,dcid:country/AUS,2019,7071.0
dcs:who/HWF_0005,dcid:country/AUS,1984,11573.0
dcs:who/HWF_0005,dcid:country/AUS,1985,12161.0
dcs:who/HWF_0005,dcid:country/AUS,2004,1375.0
dcs:who/HWF_0005,dcid:country/AUS,1981,9184.0
dcs:who/HWF_0005,dcid:country/AUS,1980,9014.0
dcs:who/HWF_0005,dcid:country/AUS,2016,5453.0
dcs:who/HWF_0005,dcid:country/AUS,2013,6083.0
dcs:who/HWF_0005,dcid:country/AUS,2002,1331.0
dcs:who/HWF_0005,dcid:country/AUS,2000,1782.0
dcs:who/HWF_0005,dcid:country/AUS,2001,1979.0
dcs:who/HWF_0005,dcid:country/AUS,1982,9477.0
dcs:who/HWF_0005,dcid:country/AUS,2015,5272.0
dcs:who/HWF_0005,dcid:country/AUS,2003,1293.0
dcs:who/HWF_0005,dcid:country/AUS,2005,1316.0
dcs:who/HWF_0005,dcid:country/AUS,2017,6142.0
dcs:who/HWF_0005,dcid:country/AUS,2012,4824.0
dcs:who/HWF_0005,dcid:country/AUS,1994,19541.0
dcs:who/HWF_0005,dcid:country/AUS,1997,2022.0
dcs:who/HWF_0005,dcid:country/AUS,2021,7342.0
dcs:who/HWF_0005,dcid:country/AUS,1991,17995.0
dcs:who/HWF_0005,dcid:country/AUS,2006,1430.0
dcs:who/HWF_0005,dcid:country/AUS,1999,1519.0
dcs:who/HWF_0005,dcid:country/AUS,1990,14839.0
dcs:who/HWF_0005,dcid:country/AUS,2008,1511.0
dcs:who/HWF_0005,dcid:country/AUS,2009,414.0
dcs:who/HWF_0005,dcid:country/AUS,2011,74100.0
dcs:who/HWF_0005,dcid:country/AUS,2014,5523.0
dcs:who/HWF_0005,dcid:country/AUS,1989,14304.0
dcs:who/HWF_0005,dcid:country/AUS,1998,1590.0
dcs:who/HWF_0005,dcid:country/AUS,2018,6959.0
dcs:who/HWF_0005,dcid:country/AUS,2010,74061.0
dcs:who/HWF_0005,dcid:country/AUS,2020,6902.0
dcs:who/HWF_0005,dcid:country/AUS,1992,18492.0
dcs:who/HWF_0005,dcid:country/AUS,1987,13400.0
dcs:who/HWF_0005,dcid:country/AUS,1996,19372.0
dcs:who/HWF_0005,dcid:country/AUS,1995,19877.0
dcs:who/HWF_0005,dcid:country/AUS,2007,1283.0
dcs:who/HWF_0005,dcid:country/AUT,2008,6746.0
dcs:who/HWF_0005,dcid:country/AUT,2021,8234.0
dcs:who/HWF_0005,dcid:country/AUT,1998,5694.0
dcs:who/HWF_0005,dcid:country/AUT,2011,6978.0
dcs:who/HWF_0005,dcid:country/AUT,1990,6029.0
dcs:who/HWF_0005,dcid:country/AUT,1999,5632.0
dcs:who/HWF_0005,dcid:country/AUT,1989,5764.0
dcs:who/HWF_0005,dcid:country/AUT,2009,6925.0
dcs:who/HWF_0005,dcid:country/AUT,1992,6533.0
dcs:who/HWF_0005,dcid:country/AUT,2000,5585.0
dcs:who/HWF_0005,dcid:country/AUT,2012,6777.0
dcs:who/HWF_0005,dcid:country/AUT,1980,4131.0
dcs:who/HWF_0005,dcid:country/AUT,2020,7984.0
dcs:who/HWF_0005,dcid:country/AUT,2006,6497.0
dcs:who/HWF_0005,dcid:country/AUT,2015,6315.0
dcs:who/HWF_0005,dcid:country/AUT,1988,5518.0
dcs:who/HWF_0005,dcid:country/AUT,2022,8564.0
dcs:who/HWF_0005,dcid:country/AUT,1985,5236.0
dcs:who/HWF_0005,dcid:country/AUT,1993,6639.0
dcs:who/HWF_0005,dcid:country/AUT,1984,5006.0
dcs:who/HWF_0005,dcid:country/AUT,1986,5716.0
dcs:who/HWF_0005,dcid:country/AUT,1991,6167.0
dcs:who/HWF_0005,dcid:country/AUT,2010,7059.0
dcs:who/HWF_0005,dcid:country/AUT,2003,5997.0
dcs:who/HWF_0005,dcid:country/AUT,1994,6636.0
dcs:who/HWF_0005,dcid:country/AUT,2005,6354.0
dcs:who/HWF_0005,dcid:country/AUT,2018,7863.0
dcs:who/HWF_0005,dcid:country/AUT,2002,5864.0
dcs:who/HWF_0005,dcid:country/AUT,1983,4745.0
dcs:who/HWF_0005,dcid:country/AUT,1997,5776.0
dcs:who/HWF_0005,dcid:country/AUT,2019,8017.0
dcs:who/HWF_0005,dcid:country/AUT,2013,6458.0
dcs:who/HWF_0005,dcid:country/AUT,1981,4315.0
dcs:who/HWF_0005,dcid:country/AUT,2017,7633.0
dcs:who/HWF_0005,dcid:country/AUT,2016,7168.0
dcs:who/HWF_0005,dcid:country/AUT,2001,5647.0
dcs:who/HWF_0005,dcid:country/AUT,2014,6353.0
dcs:who/HWF_0005,dcid:country/AUT,1982,4483.0
dcs:who/HWF_0005,dcid:country/AUT,1995,6513.0
dcs:who/HWF_0005,dcid:country/AUT,2004,6111.0
dcs:who/HWF_0005,dcid:country/AUT,2007,6468.0
dcs:who/HWF_0005,dcid:country/AUT,1996,6136.0
dcs:who/HWF_0005,dcid:country/AUT,1987,5380.0
dcs:who/HWF_0005,dcid:country/AZE,2020,31815.0
dcs:who/HWF_0005,dcid:country/AZE,1997,4685.0
dcs:who/HWF_0005,dcid:country/AZE,1999,3808.0
dcs:who/HWF_0005,dcid:country/AZE,2016,32189.0
dcs:who/HWF_0005,dcid:country/AZE,2006,4486.0
dcs:who/HWF_0005,dcid:country/AZE,2000,4030.0
dcs:who/HWF_0005,dcid:country/AZE,2007,5282.0
dcs:who/HWF_0005,dcid:country/AZE,2017,31869.0
dcs:who/HWF_0005,dcid:country/AZE,2011,4325.0
dcs:who/HWF_0005,dcid:country/AZE,2014,6044.0
dcs:who/HWF_0005,dcid:country/AZE,1998,3843.0
dcs:who/HWF_0005,dcid:country/AZE,2001,3393.0
dcs:who/HWF_0005,dcid:country/AZE,1995,5206.0
dcs:who/HWF_0005,dcid:country/AZE,2005,4750.0
dcs:who/HWF_0005,dcid:country/AZE,1994,4529.0
dcs:who/HWF_0005,dcid:country/AZE,1992,4239.0
dcs:who/HWF_0005,dcid:country/AZE,2018,32485.0
dcs:who/HWF_0005,dcid:country/AZE,2003,4187.0
dcs:who/HWF_0005,dcid:country/AZE,2004,4538.0
dcs:who/HWF_0005,dcid:country/AZE,2010,5175.0
dcs:who/HWF_0005,dcid:country/AZE,1996,4782.0
dcs:who/HWF_0005,dcid:country/AZE,2015,32458.0
dcs:who/HWF_0005,dcid:country/AZE,2012,4872.0
dcs:who/HWF_0005,dcid:country/AZE,1990,3594.0
dcs:who/HWF_0005,dcid:country/AZE,2019,31829.0
dcs:who/HWF_0005,dcid:country/AZE,2008,5244.0
dcs:who/HWF_0005,dcid:country/AZE,1993,4767.0
dcs:who/HWF_0005,dcid:country/AZE,2013,5293.0
dcs:who/HWF_0005,dcid:country/AZE,1991,3763.0
dcs:who/HWF_0005,dcid:country/AZE,2002,4120.0
dcs:who/HWF_0005,dcid:country/AZE,2009,4852.0
dcs:who/HWF_0005,dcid:country/BDI,2020,852.0
dcs:who/HWF_0005,dcid:country/BDI,2004,200.0
dcs:who/HWF_0005,dcid:country/BEL,2020,502.0
dcs:who/HWF_0005,dcid:country/BEL,1997,37451.0
dcs:who/HWF_0005,dcid:country/BEL,2021,521.0
dcs:who/HWF_0005,dcid:country/BEL,1996,36644.0
dcs:who/HWF_0005,dcid:country/BEL,1980,22759.0
dcs:who/HWF_0005,dcid:country/BEL,2012,389.0
dcs:who/HWF_0005,dcid:country/BEL,2009,440.0
dcs:who/HWF_0005,dcid:country/BEL,1986,28826.0
dcs:who/HWF_0005,dcid:country/BEL,2005,504.0
dcs:who/HWF_0005,dcid:country/BEL,1982,24831.0
dcs:who/HWF_0005,dcid:country/BEL,1987,29821.0
dcs:who/HWF_0005,dcid:country/BEL,2004,626.0
dcs:who/HWF_0005,dcid:country/BEL,1984,27096.0
dcs:who/HWF_0005,dcid:country/BEL,2013,408.0
dcs:who/HWF_0005,dcid:country/BEL,2010,434.0
dcs:who/HWF_0005,dcid:country/BEL,1995,35917.0
dcs:who/HWF_0005,dcid:country/BEL,2014,404.0
dcs:who/HWF_0005,dcid:country/BEL,2007,473.0
dcs:who/HWF_0005,dcid:country/BEL,2002,785.0
dcs:who/HWF_0005,dcid:country/BEL,2018,522.0
dcs:who/HWF_0005,dcid:country/BEL,2008,442.0
dcs:who/HWF_0005,dcid:country/BEL,2022,74518.0
dcs:who/HWF_0005,dcid:country/BEL,2017,447.0
dcs:who/HWF_0005,dcid:country/BEL,1989,32134.0
dcs:who/HWF_0005,dcid:country/BEL,2001,968.0
dcs:who/HWF_0005,dcid:country/BEL,1994,35486.0
dcs:who/HWF_0005,dcid:country/BEL,1993,34736.0
dcs:who/HWF_0005,dcid:country/BEL,1990,32547.0
dcs:who/HWF_0005,dcid:country/BEL,1981,23932.0
dcs:who/HWF_0005,dcid:country/BEL,1998,38109.0
dcs:who/HWF_0005,dcid:country/BEL,2016,481.0
dcs:who/HWF_0005,dcid:country/BEL,2006,497.0
dcs:who/HWF_0005,dcid:country/BEL,2019,468.0
dcs:who/HWF_0005,dcid:country/BEL,1988,30687.0
dcs:who/HWF_0005,dcid:country/BEL,2000,1053.0
dcs:who/HWF_0005,dcid:country/BEL,2011,400.0
dcs:who/HWF_0005,dcid:country/BEL,2015,446.0
dcs:who/HWF_0005,dcid:country/BEL,1985,27989.0
dcs:who/HWF_0005,dcid:country/BEL,1992,34069.0
dcs:who/HWF_0005,dcid:country/BEL,2003,684.0
dcs:who/HWF_0005,dcid:country/BEL,1999,28642.0
dcs:who/HWF_0005,dcid:country/BEL,1991,33271.0
dcs:who/HWF_0005,dcid:country/BEL,1983,27726.0
dcs:who/HWF_0005,dcid:country/BEN,2004,311.0
dcs:who/HWF_0005,dcid:country/BEN,2016,523.0
dcs:who/HWF_0005,dcid:country/BEN,2008,542.0
dcs:who/HWF_0005,dcid:country/BEN,2019,561.0
dcs:who/HWF_0005,dcid:country/BFA,2013,803.0
dcs:who/HWF_0005,dcid:country/BFA,2011,620.0
dcs:who/HWF_0005,dcid:country/BFA,2008,473.0
dcs:who/HWF_0005,dcid:country/BFA,2015,1189.0
dcs:who/HWF_0005,dcid:country/BFA,2016,1202.0
dcs:who/HWF_0005,dcid:country/BFA,2009,676.0
dcs:who/HWF_0005,dcid:country/BFA,2012,787.0
dcs:who/HWF_0005,dcid:country/BFA,2014,857.0
dcs:who/HWF_0005,dcid:country/BFA,2010,713.0
dcs:who/HWF_0005,dcid:country/BFA,2004,708.0
dcs:who/HWF_0005,dcid:country/BGD,2010,53643.0
dcs:who/HWF_0005,dcid:country/BGD,2015,75915.0
dcs:who/HWF_0005,dcid:country/BGD,2020,109874.0
dcs:who/HWF_0005,dcid:country/BGD,2004,38485.0
dcs:who/HWF_0005,dcid:country/BGD,2018,93741.0
dcs:who/HWF_0005,dcid:country/BGD,2017,86754.0
dcs:who/HWF_0005,dcid:country/BGD,2013,64434.0
dcs:who/HWF_0005,dcid:country/BGD,2008,49357.0
dcs:who/HWF_0005,dcid:country/BGD,2021,113477.0
dcs:who/HWF_0005,dcid:country/BGD,2005,42881.0
dcs:who/HWF_0005,dcid:country/BGD,2003,36576.0
dcs:who/HWF_0005,dcid:country/BGD,2016,78572.0
dcs:who/HWF_0005,dcid:country/BGD,2001,32498.0
dcs:who/HWF_0005,dcid:country/BGD,2011,57313.0
dcs:who/HWF_0005,dcid:country/BGD,2007,46978.0
dcs:who/HWF_0005,dcid:country/BGD,2006,44632.0
dcs:who/HWF_0005,dcid:country/BGD,2014,75514.0
dcs:who/HWF_0005,dcid:country/BGD,2009,51721.0
dcs:who/HWF_0005,dcid:country/BGD,2012,60413.0
dcs:who/HWF_0005,dcid:country/BGD,2019,103809.0
dcs:who/HWF_0005,dcid:country/BGR,1987,27107.0
dcs:who/HWF_0005,dcid:country/BGR,2001,27186.0
dcs:who/HWF_0005,dcid:country/BGR,1985,25665.0
dcs:who/HWF_0005,dcid:country/BGR,1980,21796.0
dcs:who/HWF_0005,dcid:country/BGR,2000,27526.0
dcs:who/HWF_0005,dcid:country/BGR,1995,29069.0
dcs:who/HWF_0005,dcid:country/BGR,1998,28476.0
dcs:who/HWF_0005,dcid:country/BGR,1988,27750.0
dcs:who/HWF_0005,dcid:country/BGR,1990,28497.0
dcs:who/HWF_0005,dcid:country/BGR,1997,28655.0
dcs:who/HWF_0005,dcid:country/BGR,1992,27039.0
dcs:who/HWF_0005,dcid:country/BGR,1986,26451.0
dcs:who/HWF_0005,dcid:country/BGR,1983,24026.0
dcs:who/HWF_0005,dcid:country/BGR,1981,22088.0
dcs:who/HWF_0005,dcid:country/BGR,1996,29592.0
dcs:who/HWF_0005,dcid:country/BGR,2022,33206.0
dcs:who/HWF_0005,dcid:country/BGR,1982,23081.0
dcs:who/HWF_0005,dcid:country/BGR,1984,24718.0
dcs:who/HWF_0005,dcid:country/BGR,1991,26760.0
dcs:who/HWF_0005,dcid:country/BGR,1993,28457.0
dcs:who/HWF_0005,dcid:country/BGR,1989,28218.0
dcs:who/HWF_0005,dcid:country/BGR,1994,28094.0
dcs:who/HWF_0005,dcid:country/BGR,1999,28261.0
dcs:who/HWF_0005,dcid:country/BHR,2002,792.0
dcs:who/HWF_0005,dcid:country/BHR,2010,1178.0
dcs:who/HWF_0005,dcid:country/BHR,2011,1208.0
dcs:who/HWF_0005,dcid:country/BHR,2014,1279.0
dcs:who/HWF_0005,dcid:country/BHR,2006,972.0
dcs:who/HWF_0005,dcid:country/BHR,2016,1187.0
dcs:who/HWF_0005,dcid:country/BHR,2001,742.0
dcs:who/HWF_0005,dcid:country/BHR,2015,1270.0
dcs:who/HWF_0005,dcid:country/BHR,2007,1052.0
dcs:who/HWF_0005,dcid:country/BHR,2005,928.0
dcs:who/HWF_0005,dcid:country/BHR,2008,1103.0
dcs:who/HWF_0005,dcid:country/BHR,2012,1244.0
dcs:who/HWF_0005,dcid:country/BHR,2000,678.0
dcs:who/HWF_0005,dcid:country/BHR,2003,816.0
dcs:who/HWF_0005,dcid:country/BHR,2004,803.0
dcs:who/HWF_0005,dcid:country/BHR,2013,1254.0
dcs:who/HWF_0005,dcid:country/BHR,2009,1149.0
dcs:who/HWF_0005,dcid:country/BHS,2011,830.0
dcs:who/HWF_0005,dcid:country/BHS,2008,947.0
dcs:who/HWF_0005,dcid:country/BHS,1998,312.0
dcs:who/HWF_0005,dcid:country/BHS,2017,740.0
dcs:who/HWF_0005,dcid:country/BIH,2000,5457.0
dcs:who/HWF_0005,dcid:country/BIH,2013,980.0
dcs:who/HWF_0005,dcid:country/BIH,2015,1158.0
dcs:who/HWF_0005,dcid:country/BIH,1990,7032.0
dcs:who/HWF_0005,dcid:country/BIH,2004,774.0
dcs:who/HWF_0005,dcid:country/BIH,2007,803.0
dcs:who/HWF_0005,dcid:country/BIH,2003,794.0
dcs:who/HWF_0005,dcid:country/BIH,2008,792.0
dcs:who/HWF_0005,dcid:country/BIH,1988,6683.0
dcs:who/HWF_0005,dcid:country/BIH,2009,852.0
dcs:who/HWF_0005,dcid:country/BIH,2016,7453.0
dcs:who/HWF_0005,dcid:country/BIH,2014,1046.0
dcs:who/HWF_0005,dcid:country/BIH,2019,7791.0
dcs:who/HWF_0005,dcid:country/BIH,2012,949.0
dcs:who/HWF_0005,dcid:country/BIH,2005,750.0
dcs:who/HWF_0005,dcid:country/BIH,1991,7027.0
dcs:who/HWF_0005,dcid:country/BIH,2011,963.0
dcs:who/HWF_0005,dcid:country/BIH,2006,797.0
dcs:who/HWF_0005,dcid:country/BIH,2002,5443.0
dcs:who/HWF_0005,dcid:country/BIH,1989,6904.0
dcs:who/HWF_0005,dcid:country/BIH,2010,891.0
dcs:who/HWF_0005,dcid:country/BIH,2018,7599.0
dcs:who/HWF_0005,dcid:country/BIH,2017,7415.0
dcs:who/HWF_0005,dcid:country/BIH,2001,5445.0
dcs:who/HWF_0005,dcid:country/BLR,2015,48995.0
dcs:who/HWF_0005,dcid:country/BLR,2012,45533.0
dcs:who/HWF_0005,dcid:country/BLR,2019,42897.0
dcs:who/HWF_0005,dcid:country/BLR,2014,47272.0
dcs:who/HWF_0005,dcid:country/BLR,2016,41517.0
dcs:who/HWF_0005,dcid:country/BLR,2013,45736.0
dcs:who/HWF_0005,dcid:country/BLR,2018,42524.0
dcs:who/HWF_0005,dcid:country/BLR,2017,42038.0
dcs:who/HWF_0005,dcid:country/BLR,2011,44827.0
dcs:who/HWF_0005,dcid:country/BLR,2020,43059.0
dcs:who/HWF_0005,dcid:country/BLZ,2018,413.0
dcs:who/HWF_0005,dcid:country/BLZ,2012,387.0
dcs:who/HWF_0005,dcid:country/BLZ,2009,241.0
dcs:who/HWF_0005,dcid:country/BLZ,2017,422.0
dcs:who/HWF_0005,dcid:country/BLZ,2000,251.0
dcs:who/HWF_0005,dcid:country/BOL,2010,4406.0
dcs:who/HWF_0005,dcid:country/BOL,2001,10329.0
dcs:who/HWF_0005,dcid:country/BOL,2017,11528.0
dcs:who/HWF_0005,dcid:country/BOL,2016,17542.0
dcs:who/HWF_0005,dcid:country/BOL,2007,3170.0
dcs:who/HWF_0005,dcid:country/BOL,2011,4771.0
dcs:who/HWF_0005,dcid:country/BRA,2013,378354.0
dcs:who/HWF_0005,dcid:country/BRA,1995,198479.0
dcs:who/HWF_0005,dcid:country/BRA,1999,236668.0
dcs:who/HWF_0005,dcid:country/BRA,1994,190554.0
dcs:who/HWF_0005,dcid:country/BRA,2011,365231.0
dcs:who/HWF_0005,dcid:country/BRA,1996,206675.0
dcs:who/HWF_0005,dcid:country/BRA,1998,216632.0
dcs:who/HWF_0005,dcid:country/BRA,2021,459080.0
dcs:who/HWF_0005,dcid:country/BRA,1997,215875.0
dcs:who/HWF_0005,dcid:country/BRA,1992,175848.0
dcs:who/HWF_0005,dcid:country/BRA,1990,161880.0
dcs:who/HWF_0005,dcid:country/BRA,1993,183068.0
dcs:who/HWF_0005,dcid:country/BRA,2019,304263.0
dcs:who/HWF_0005,dcid:country/BRB,2005,489.0
dcs:who/HWF_0005,dcid:country/BRB,2001,420.0
dcs:who/HWF_0005,dcid:country/BRB,2017,712.0
dcs:who/HWF_0005,dcid:country/BRB,1995,358.0
dcs:who/HWF_0005,dcid:country/BRB,2000,365.0
dcs:who/HWF_0005,dcid:country/BRN,2002,400.0
dcs:who/HWF_0005,dcid:country/BRN,2011,608.0
dcs:who/HWF_0005,dcid:country/BRN,2007,393.0
dcs:who/HWF_0005,dcid:country/BRN,2000,336.0
dcs:who/HWF_0005,dcid:country/BRN,2017,683.0
dcs:who/HWF_0005,dcid:country/BRN,2005,390.0
dcs:who/HWF_0005,dcid:country/BRN,2015,739.0
dcs:who/HWF_0005,dcid:country/BRN,2018,772.0
dcs:who/HWF_0005,dcid:country/BRN,2010,563.0
dcs:who/HWF_0005,dcid:country/BRN,2021,852.0
dcs:who/HWF_0005,dcid:country/BRN,2006,399.0
dcs:who/HWF_0005,dcid:country/BRN,2004,463.0
dcs:who/HWF_0005,dcid:country/BRN,2013,656.0
dcs:who/HWF_0005,dcid:country/BRN,2012,596.0
dcs:who/HWF_0005,dcid:country/BRN,2009,445.0
dcs:who/HWF_0005,dcid:country/BRN,2008,564.0
dcs:who/HWF_0005,dcid:country/BTN,2008,171.0
dcs:who/HWF_0005,dcid:country/BTN,2004,118.0
dcs:who/HWF_0005,dcid:country/BTN,2013,203.0
dcs:who/HWF_0005,dcid:country/BTN,2015,251.0
dcs:who/HWF_0005,dcid:country/BTN,2016,299.0
dcs:who/HWF_0005,dcid:country/BTN,2012,194.0
dcs:who/HWF_0005,dcid:country/BTN,2007,144.0
dcs:who/HWF_0005,dcid:country/BTN,2014,244.0
dcs:who/HWF_0005,dcid:country/BWA,2016,830.0
dcs:who/HWF_0005,dcid:country/BWA,2007,709.0
dcs:who/HWF_0005,dcid:country/BWA,2012,819.0
dcs:who/HWF_0005,dcid:country/BWA,2005,466.0
dcs:who/HWF_0005,dcid:country/BWA,2009,693.0
dcs:who/HWF_0005,dcid:country/BWA,2000,499.0
dcs:who/HWF_0005,dcid:country/BWA,1998,424.0
dcs:who/HWF_0005,dcid:country/BWA,2002,536.0
dcs:who/HWF_0005,dcid:country/BWA,2008,716.0
dcs:who/HWF_0005,dcid:country/BWA,2001,510.0
dcs:who/HWF_0005,dcid:country/BWA,2006,591.0
dcs:who/HWF_0005,dcid:country/BWA,1999,507.0
dcs:who/HWF_0005,dcid:country/BWA,2004,715.0
dcs:who/HWF_0005,dcid:country/BWA,2011,819.0
dcs:who/HWF_0005,dcid:country/BWA,2010,819.0
dcs:who/HWF_0005,dcid:country/BWA,2003,526.0
dcs:who/HWF_0005,dcid:country/CAF,2021,2.0
dcs:who/HWF_0005,dcid:country/CAF,2009,205.0
dcs:who/HWF_0005,dcid:country/CAF,2004,331.0
dcs:who/HWF_0005,dcid:country/CAF,2015,286.0
dcs:who/HWF_0005,dcid:country/CAN,2018,89911.0
dcs:who/HWF_0005,dcid:country/CHE,1992,18168.0
dcs:who/HWF_0005,dcid:country/CHE,2003,23079.0
dcs:who/HWF_0005,dcid:country/CHE,2009,6500.0
dcs:who/HWF_0005,dcid:country/CHE,2011,4885.0
dcs:who/HWF_0005,dcid:country/CHE,2000,22404.0
dcs:who/HWF_0005,dcid:country/CHE,1990,17592.0
dcs:who/HWF_0005,dcid:country/CHE,2004,23407.0
dcs:who/HWF_0005,dcid:country/CHE,2002,22659.0
dcs:who/HWF_0005,dcid:country/CHE,2005,23949.0
dcs:who/HWF_0005,dcid:country/CHE,2016,4998.0
dcs:who/HWF_0005,dcid:country/CHE,1980,14139.0
dcs:who/HWF_0005,dcid:country/CHE,2008,6985.0
dcs:who/HWF_0005,dcid:country/CHE,1982,14924.0
dcs:who/HWF_0005,dcid:country/CHE,2012,4737.0
dcs:who/HWF_0005,dcid:country/CHE,1989,17040.0
dcs:who/HWF_0005,dcid:country/CHE,1981,14810.0
dcs:who/HWF_0005,dcid:country/CHE,2020,5035.0
dcs:who/HWF_0005,dcid:country/CHE,1999,21286.0
dcs:who/HWF_0005,dcid:country/CHE,2015,4879.0
dcs:who/HWF_0005,dcid:country/CHE,2006,24423.0
dcs:who/HWF_0005,dcid:country/CHE,1991,18104.0
dcs:who/HWF_0005,dcid:country/CHE,2021,5076.0
dcs:who/HWF_0005,dcid:country/CHE,1985,15780.0
dcs:who/HWF_0005,dcid:country/CHE,1988,17478.0
dcs:who/HWF_0005,dcid:country/CHE,1986,16370.0
dcs:who/HWF_0005,dcid:country/CHE,2001,22532.0
dcs:who/HWF_0005,dcid:country/CHE,1996,20092.0
dcs:who/HWF_0005,dcid:country/CHE,2014,4921.0
dcs:who/HWF_0005,dcid:country/CHE,2018,5061.0
dcs:who/HWF_0005,dcid:country/CHE,1997,20475.0
dcs:who/HWF_0005,dcid:country/CHE,2013,4750.0
dcs:who/HWF_0005,dcid:country/CHE,2010,5857.0
dcs:who/HWF_0005,dcid:country/CHE,1998,20981.0
dcs:who/HWF_0005,dcid:country/CHE,1993,18666.0
dcs:who/HWF_0005,dcid:country/CHE,2019,5019.0
dcs:who/HWF_0005,dcid:country/CHE,2007,24574.0
dcs:who/HWF_0005,dcid:country/CHE,1987,16931.0
dcs:who/HWF_0005,dcid:country/CHE,1984,15149.0
dcs:who/HWF_0005,dcid:country/CHE,2017,5038.0
dcs:who/HWF_0005,dcid:country/CHE,1983,15055.0
dcs:who/HWF_0005,dcid:country/CHE,1994,19205.0
dcs:who/HWF_0005,dcid:country/CHE,1995,19680.0
dcs:who/HWF_0005,dcid:country/CHL,2004,15762.0
dcs:who/HWF_0005,dcid:country/CHL,2002,13992.0
dcs:who/HWF_0005,dcid:country/CHL,2009,17382.0
dcs:who/HWF_0005,dcid:country/CHL,2003,15003.0
dcs:who/HWF_0005,dcid:country/CHL,1992,13650.0
dcs:who/HWF_0005,dcid:country/CHL,2008,17358.0
dcs:who/HWF_0005,dcid:country/CHL,2005,15865.0
dcs:who/HWF_0005,dcid:country/CHL,2007,17134.0
dcs:who/HWF_0005,dcid:country/CHL,2006,17016.0
dcs:who/HWF_0005,dcid:country/CHN,2020,3401672.0
dcs:who/HWF_0005,dcid:country/CHN,2003,1534046.0
dcs:who/HWF_0005,dcid:country/CHN,2002,1463573.0
dcs:who/HWF_0005,dcid:country/CHN,2016,2651398.0
dcs:who/HWF_0005,dcid:country/CHN,2017,2828999.0
dcs:who/HWF_0005,dcid:country/CHN,1999,1561584.0
dcs:who/HWF_0005,dcid:country/CHN,2005,1622684.0
dcs:who/HWF_0005,dcid:country/CHN,2014,2374917.0
dcs:who/HWF_0005,dcid:country/CHN,1990,1302997.0
dcs:who/HWF_0005,dcid:country/CHN,2013,2285794.0
dcs:who/HWF_0005,dcid:country/CHN,1996,1475232.0
dcs:who/HWF_0005,dcid:country/CHN,2009,1905436.0
dcs:who/HWF_0005,dcid:country/CHN,1980,709473.0
dcs:who/HWF_0005,dcid:country/CHN,2001,1637337.0
dcs:who/HWF_0005,dcid:country/CHN,1997,1505342.0
dcs:who/HWF_0005,dcid:country/CHN,2018,3010376.0
dcs:who/HWF_0005,dcid:country/CHN,2021,3590846.0
dcs:who/HWF_0005,dcid:country/CHN,2019,3210515.0
dcs:who/HWF_0005,dcid:country/CHN,2015,2508408.0
dcs:who/HWF_0005,dcid:country/CHN,2010,1972840.0
dcs:who/HWF_0005,dcid:country/CHN,2006,1678031.0
dcs:who/HWF_0005,dcid:country/CHN,1998,1513975.0
dcs:who/HWF_0005,dcid:country/CHN,1985,724238.0
dcs:who/HWF_0005,dcid:country/CHN,2004,1582442.0
dcs:who/HWF_0005,dcid:country/CHN,2011,2020154.0
dcs:who/HWF_0005,dcid:country/CHN,2000,1603266.0
dcs:who/HWF_0005,dcid:country/CHN,2012,2138836.0
dcs:who/HWF_0005,dcid:country/CHN,2007,1715460.0
dcs:who/HWF_0005,dcid:country/CHN,2008,1791881.0
dcs:who/HWF_0005,dcid:country/CHN,1995,1454926.0
dcs:who/HWF_0005,dcid:country/CIV,2005,1698.0
dcs:who/HWF_0005,dcid:country/CIV,2008,2746.0
dcs:who/HWF_0005,dcid:country/CIV,2019,4173.0
dcs:who/HWF_0005,dcid:country/CIV,2014,5240.0
dcs:who/HWF_0005,dcid:country/CIV,2004,2081.0
dcs:who/HWF_0005,dcid:country/CIV,2011,3220.0
dcs:who/HWF_0005,dcid:country/CMR,2004,3124.0
dcs:who/HWF_0005,dcid:country/CMR,2007,1319.0
dcs:who/HWF_0005,dcid:country/CMR,2005,1049.0
dcs:who/HWF_0005,dcid:country/CMR,2009,1346.0
dcs:who/HWF_0005,dcid:country/CMR,2010,1712.0
dcs:who/HWF_0005,dcid:country/CMR,2022,3.0
dcs:who/HWF_0005,dcid:country/CMR,2021,4.0
dcs:who/HWF_0005,dcid:country/COD,2009,5832.0
dcs:who/HWF_0005,dcid:country/COD,2013,6418.0
dcs:who/HWF_0005,dcid:country/COG,2007,401.0
dcs:who/HWF_0005,dcid:country/COG,1998,2155.0
dcs:who/HWF_0005,dcid:country/COG,2010,494.0
dcs:who/HWF_0005,dcid:country/COG,2011,523.0
dcs:who/HWF_0005,dcid:country/COG,2004,756.0
dcs:who/HWF_0005,dcid:country/COG,2006,782.0
dcs:who/HWF_0005,dcid:country/COK,2001,14.0
dcs:who/HWF_0005,dcid:country/COK,2009,24.0
dcs:who/HWF_0005,dcid:country/COK,2004,20.0
dcs:who/HWF_0005,dcid:country/COK,2019,23.0
dcs:who/HWF_0005,dcid:country/COK,2014,25.0
dcs:who/HWF_0005,dcid:country/COL,2008,68372.0
dcs:who/HWF_0005,dcid:country/COL,2007,65345.0
dcs:who/HWF_0005,dcid:country/COL,1984,21709.0
dcs:who/HWF_0005,dcid:country/COL,1994,35416.0
dcs:who/HWF_0005,dcid:country/COL,1988,29492.0
dcs:who/HWF_0005,dcid:country/COL,2009,71596.0
dcs:who/HWF_0005,dcid:country/COL,1993,33156.0
dcs:who/HWF_0005,dcid:country/COL,2002,53266.0
dcs:who/HWF_0005,dcid:country/COL,2001,51209.0
dcs:who/HWF_0005,dcid:country/COL,2005,60331.0
dcs:who/HWF_0005,dcid:country/COL,2006,62731.0
dcs:who/HWF_0005,dcid:country/COL,2004,57774.0
dcs:who/HWF_0005,dcid:country/COL,2000,49406.0
dcs:who/HWF_0005,dcid:country/COL,1990,26171.0
dcs:who/HWF_0005,dcid:country/COL,1999,47003.0
dcs:who/HWF_0005,dcid:country/COL,1992,31113.0
dcs:who/HWF_0005,dcid:country/COL,1997,42240.0
dcs:who/HWF_0005,dcid:country/COL,1986,25641.0
dcs:who/HWF_0005,dcid:country/COL,1996,39911.0
dcs:who/HWF_0005,dcid:country/COL,2003,55332.0
dcs:who/HWF_0005,dcid:country/COL,1985,23481.0
dcs:who/HWF_0005,dcid:country/COL,1987,27688.0
dcs:who/HWF_0005,dcid:country/COL,1995,37743.0
dcs:who/HWF_0005,dcid:country/COL,1991,28569.0
dcs:who/HWF_0005,dcid:country/COL,1998,44778.0
dcs:who/HWF_0005,dcid:country/COL,2010,74584.0
dcs:who/HWF_0005,dcid:country/COL,1989,31646.0
dcs:who/HWF_0005,dcid:country/COM,2005,116.0
dcs:who/HWF_0005,dcid:country/COM,2012,123.0
dcs:who/HWF_0005,dcid:country/COM,2004,115.0
dcs:who/HWF_0005,dcid:country/CPV,2016,408.0
dcs:who/HWF_0005,dcid:country/CPV,2015,410.0
dcs:who/HWF_0005,dcid:country/CPV,2022,2349.0
dcs:who/HWF_0005,dcid:country/CPV,2013,308.0
dcs:who/HWF_0005,dcid:country/CPV,2009,251.0
dcs:who/HWF_0005,dcid:country/CPV,2012,260.0
dcs:who/HWF_0005,dcid:country/CPV,2011,292.0
dcs:who/HWF_0005,dcid:country/CPV,2010,292.0
dcs:who/HWF_0005,dcid:country/CRI,2009,10026.0
dcs:who/HWF_0005,dcid:country/CRI,2006,8871.0
dcs:who/HWF_0005,dcid:country/CRI,2010,10554.0
dcs:who/HWF_0005,dcid:country/CRI,2007,9208.0
dcs:who/HWF_0005,dcid:country/CRI,2011,10990.0
dcs:who/HWF_0005,dcid:country/CRI,2013,12055.0
dcs:who/HWF_0005,dcid:country/CRI,2000,5204.0
dcs:who/HWF_0005,dcid:country/CRI,2008,9630.0
dcs:who/HWF_0005,dcid:country/CRI,2012,11522.0
dcs:who/HWF_0005,dcid:country/CRI,2014,12676.0
dcs:who/HWF_0005,dcid:country/CUB,2008,74552.0
dcs:who/HWF_0005,dcid:country/CUB,1999,64863.0
dcs:who/HWF_0005,dcid:country/CUB,2006,71489.0
dcs:who/HWF_0005,dcid:country/CUB,2007,72416.0
dcs:who/HWF_0005,dcid:country/CUB,1994,54065.0
dcs:who/HWF_0005,dcid:country/CUB,1998,63483.0
dcs:who/HWF_0005,dcid:country/CUB,1985,22910.0
dcs:who/HWF_0005,dcid:country/CUB,1995,56836.0
dcs:who/HWF_0005,dcid:country/CUB,1991,42634.0
dcs:who/HWF_0005,dcid:country/CUB,2013,83698.0
dcs:who/HWF_0005,dcid:country/CUB,2015,87982.0
dcs:who/HWF_0005,dcid:country/CUB,2002,67079.0
dcs:who/HWF_0005,dcid:country/CUB,2009,74880.0
dcs:who/HWF_0005,dcid:country/CUB,2021,106131.0
dcs:who/HWF_0005,dcid:country/CUB,2014,85563.0
dcs:who/HWF_0005,dcid:country/CUB,2004,69713.0
dcs:who/HWF_0005,dcid:country/CUB,2019,97202.0
dcs:who/HWF_0005,dcid:country/CUB,2018,95487.0
dcs:who/HWF_0005,dcid:country/CUB,2017,92084.0
dcs:who/HWF_0005,dcid:country/CUB,1992,46860.0
dcs:who/HWF_0005,dcid:country/CUB,2001,66325.0
dcs:who/HWF_0005,dcid:country/CUB,2005,70594.0
dcs:who/HWF_0005,dcid:country/CUB,1997,62624.0
dcs:who/HWF_0005,dcid:country/CUB,1993,51045.0
dcs:who/HWF_0005,dcid:country/CUB,2020,103835.0
dcs:who/HWF_0005,dcid:country/CUB,2011,78622.0
dcs:who/HWF_0005,dcid:country/CUB,2016,90161.0
dcs:who/HWF_0005,dcid:country/CUB,2000,65997.0
dcs:who/HWF_0005,dcid:country/CUB,2003,68017.0
dcs:who/HWF_0005,dcid:country/CUB,1996,60129.0
dcs:who/HWF_0005,dcid:country/CUB,1990,38690.0
dcs:who/HWF_0005,dcid:country/CUB,1980,15247.0
dcs:who/HWF_0005,dcid:country/CUB,2012,82065.0
dcs:who/HWF_0005,dcid:country/CUB,2010,76506.0
dcs:who/HWF_0005,dcid:country/CYP,2011,2529.0
dcs:who/HWF_0005,dcid:country/CYP,2010,2399.0
dcs:who/HWF_0005,dcid:country/CYP,2019,3768.0
dcs:who/HWF_0005,dcid:country/CYP,1998,1721.0
dcs:who/HWF_0005,dcid:country/CYP,2004,1932.0
dcs:who/HWF_0005,dcid:country/CYP,1994,1528.0
dcs:who/HWF_0005,dcid:country/CYP,2008,2190.0
dcs:who/HWF_0005,dcid:country/CYP,2016,3209.0
dcs:who/HWF_0005,dcid:country/CYP,2002,1835.0
dcs:who/HWF_0005,dcid:country/CYP,2005,1949.0
dcs:who/HWF_0005,dcid:country/CYP,2012,2606.0
dcs:who/HWF_0005,dcid:country/CYP,1980,560.0
dcs:who/HWF_0005,dcid:country/CYP,2003,1850.0
dcs:who/HWF_0005,dcid:country/CYP,2020,4163.0
dcs:who/HWF_0005,dcid:country/CYP,1985,846.0
dcs:who/HWF_0005,dcid:country/CYP,2013,2754.0
dcs:who/HWF_0005,dcid:country/CYP,2018,3544.0
dcs:who/HWF_0005,dcid:country/CYP,1997,1685.0
dcs:who/HWF_0005,dcid:country/CYP,2007,2117.0
dcs:who/HWF_0005,dcid:country/CYP,2017,3325.0
dcs:who/HWF_0005,dcid:country/CYP,2009,2270.0
dcs:who/HWF_0005,dcid:country/CYP,2006,1921.0
dcs:who/HWF_0005,dcid:country/CYP,1996,1645.0
dcs:who/HWF_0005,dcid:country/CYP,2001,1839.0
dcs:who/HWF_0005,dcid:country/CYP,2021,4419.0
dcs:who/HWF_0005,dcid:country/CZE,1996,30784.0
dcs:who/HWF_0005,dcid:country/CZE,1993,29589.0
dcs:who/HWF_0005,dcid:country/CZE,1990,28036.0
dcs:who/HWF_0005,dcid:country/CZE,1988,27910.0
dcs:who/HWF_0005,dcid:country/CZE,1991,27575.0
dcs:who/HWF_0005,dcid:country/CZE,1987,27145.0
dcs:who/HWF_0005,dcid:country/CZE,2018,42919.0
dcs:who/HWF_0005,dcid:country/CZE,2007,29495.0
dcs:who/HWF_0005,dcid:country/CZE,1989,28200.0
dcs:who/HWF_0005,dcid:country/CZE,2019,1468.0
dcs:who/HWF_0005,dcid:country/CZE,2020,1265.0
dcs:who/HWF_0005,dcid:country/CZE,1998,31192.0
dcs:who/HWF_0005,dcid:country/CZE,1995,23767.0
dcs:who/HWF_0005,dcid:country/CZE,1994,30306.0
dcs:who/HWF_0005,dcid:country/CZE,2004,35907.0
dcs:who/HWF_0005,dcid:country/CZE,1992,27645.0
dcs:who/HWF_0005,dcid:country/CZE,2000,27139.0
dcs:who/HWF_0005,dcid:country/CZE,1982,24584.0
dcs:who/HWF_0005,dcid:country/CZE,1997,32065.0
dcs:who/HWF_0005,dcid:country/CZE,2001,35222.0
dcs:who/HWF_0005,dcid:country/CZE,2003,35960.0
dcs:who/HWF_0005,dcid:country/CZE,2006,29191.0
dcs:who/HWF_0005,dcid:country/CZE,1986,26957.0
dcs:who/HWF_0005,dcid:country/CZE,1999,31653.0
dcs:who/HWF_0005,dcid:country/CZE,1985,26649.0
dcs:who/HWF_0005,dcid:country/CZE,2021,1717.0
dcs:who/HWF_0005,dcid:country/CZE,1980,23303.0
dcs:who/HWF_0005,dcid:country/CZE,2002,35750.0
dcs:who/HWF_0005,dcid:country/CZE,1981,23936.0
dcs:who/HWF_0005,dcid:country/CZE,1984,25859.0
dcs:who/HWF_0005,dcid:country/CZE,1983,25341.0
dcs:who/HWF_0005,dcid:country/DJI,2006,185.0
dcs:who/HWF_0005,dcid:country/DJI,2004,129.0
dcs:who/HWF_0005,dcid:country/DJI,2005,140.0
dcs:who/HWF_0005,dcid:country/DJI,2014,201.0
dcs:who/HWF_0005,dcid:country/DJI,1999,93.0
dcs:who/HWF_0005,dcid:country/DMA,2001,124.0
dcs:who/HWF_0005,dcid:country/DMA,2017,80.0
dcs:who/HWF_0005,dcid:country/DMA,2018,79.0
dcs:who/HWF_0005,dcid:country/DMA,1997,38.0
dcs:who/HWF_0005,dcid:country/DNK,1994,6139.0
dcs:who/HWF_0005,dcid:country/DNK,1992,8807.0
dcs:who/HWF_0005,dcid:country/DNK,1993,8739.0
dcs:who/HWF_0005,dcid:country/DNK,1997,5586.0
dcs:who/HWF_0005,dcid:country/DNK,2018,9100.0
dcs:who/HWF_0005,dcid:country/DNK,2019,9242.0
dcs:who/HWF_0005,dcid:country/DNK,2016,8224.0
dcs:who/HWF_0005,dcid:country/DNK,1981,6530.0
dcs:who/HWF_0005,dcid:country/DNK,2011,7778.0
dcs:who/HWF_0005,dcid:country/DNK,1991,8131.0
dcs:who/HWF_0005,dcid:country/DNK,2020,9825.0
dcs:who/HWF_0005,dcid:country/DNK,1989,8505.0
dcs:who/HWF_0005,dcid:country/DNK,2017,8712.0
dcs:who/HWF_0005,dcid:country/DNK,2002,5462.0
dcs:who/HWF_0005,dcid:country/DNK,1982,7409.0
dcs:who/HWF_0005,dcid:country/DNK,1986,8263.0
dcs:who/HWF_0005,dcid:country/DNK,1996,5726.0
dcs:who/HWF_0005,dcid:country/DNK,2014,7777.0
dcs:who/HWF_0005,dcid:country/DNK,1984,8016.0
dcs:who/HWF_0005,dcid:country/DNK,1988,8383.0
dcs:who/HWF_0005,dcid:country/DNK,2000,5114.0
dcs:who/HWF_0005,dcid:country/DNK,1995,5894.0
dcs:who/HWF_0005,dcid:country/DNK,1998,5588.0
dcs:who/HWF_0005,dcid:country/DNK,1985,8117.0
dcs:who/HWF_0005,dcid:country/DNK,2005,6273.0
dcs:who/HWF_0005,dcid:country/DNK,1983,7601.0
dcs:who/HWF_0005,dcid:country/DNK,2003,5606.0
dcs:who/HWF_0005,dcid:country/DNK,1999,5561.0
dcs:who/HWF_0005,dcid:country/DNK,2015,7894.0
dcs:who/HWF_0005,dcid:country/DNK,2008,7149.0
dcs:who/HWF_0005,dcid:country/DNK,2010,7519.0
dcs:who/HWF_0005,dcid:country/DNK,2004,5864.0
dcs:who/HWF_0005,dcid:country/DNK,1980,6309.0
dcs:who/HWF_0005,dcid:country/DNK,2006,6629.0
dcs:who/HWF_0005,dcid:country/DNK,2013,7786.0
dcs:who/HWF_0005,dcid:country/DNK,2009,7395.0
dcs:who/HWF_0005,dcid:country/DNK,2012,7858.0
dcs:who/HWF_0005,dcid:country/DNK,1990,8535.0
dcs:who/HWF_0005,dcid:country/DNK,2007,6801.0
dcs:who/HWF_0005,dcid:country/DNK,2001,5141.0
dcs:who/HWF_0005,dcid:country/DNK,1987,8256.0
dcs:who/HWF_0005,dcid:country/DOM,2000,15670.0
dcs:who/HWF_0005,dcid:country/DOM,2020,21442.0
dcs:who/HWF_0005,dcid:country/DOM,2018,15378.0
dcs:who/HWF_0005,dcid:country/DOM,2008,10385.0
dcs:who/HWF_0005,dcid:country/DOM,2022,25093.0
dcs:who/HWF_0005,dcid:country/DOM,2021,22571.0
dcs:who/HWF_0005,dcid:country/DOM,2019,657.0
dcs:who/HWF_0005,dcid:country/DOM,2011,14983.0
dcs:who/HWF_0005,dcid:country/DZA,2002,35368.0
dcs:who/HWF_0005,dcid:country/DZA,2007,40857.0
dcs:who/HWF_0005,dcid:country/DZA,2016,74309.0
dcs:who/HWF_0005,dcid:country/DZA,2005,33952.0
dcs:who/HWF_0005,dcid:country/ECU,1981,6545.0
dcs:who/HWF_0005,dcid:country/ECU,2011,21174.0
dcs:who/HWF_0005,dcid:country/ECU,1992,12853.0
dcs:who/HWF_0005,dcid:country/ECU,1985,9414.0
dcs:who/HWF_0005,dcid:country/ECU,2002,11149.0
dcs:who/HWF_0005,dcid:country/ECU,1998,16016.0
dcs:who/HWF_0005,dcid:country/ECU,2000,10304.0
dcs:who/HWF_0005,dcid:country/ECU,2006,12606.0
dcs:who/HWF_0005,dcid:country/ECU,2007,14007.0
dcs:who/HWF_0005,dcid:country/ECU,2009,18024.0
dcs:who/HWF_0005,dcid:country/ECU,2008,15968.0
dcs:who/HWF_0005,dcid:country/ECU,1989,10403.0
dcs:who/HWF_0005,dcid:country/ECU,1986,8742.0
dcs:who/HWF_0005,dcid:country/ECU,2004,12027.0
dcs:who/HWF_0005,dcid:country/ECU,2015,29374.0
dcs:who/HWF_0005,dcid:country/ECU,1982,7228.0
dcs:who/HWF_0005,dcid:country/ECU,1997,15866.0
dcs:who/HWF_0005,dcid:country/ECU,1999,17075.0
dcs:who/HWF_0005,dcid:country/ECU,1996,15388.0
dcs:who/HWF_0005,dcid:country/ECU,2020,40585.0
dcs:who/HWF_0005,dcid:country/ECU,1994,14271.0
dcs:who/HWF_0005,dcid:country/ECU,2018,39908.0
dcs:who/HWF_0005,dcid:country/ECU,2016,33925.0
dcs:who/HWF_0005,dcid:country/ECU,2005,12492.0
dcs:who/HWF_0005,dcid:country/ECU,1987,9901.0
dcs:who/HWF_0005,dcid:country/ECU,1995,14271.0
dcs:who/HWF_0005,dcid:country/ECU,2012,24302.0
dcs:who/HWF_0005,dcid:country/ECU,1991,12205.0
dcs:who/HWF_0005,dcid:country/ECU,1983,7750.0
dcs:who/HWF_0005,dcid:country/ECU,1993,12149.0
dcs:who/HWF_0005,dcid:country/ECU,2017,37293.0
dcs:who/HWF_0005,dcid:country/ECU,2001,10989.0
dcs:who/HWF_0005,dcid:country/ECU,2010,19344.0
dcs:who/HWF_0005,dcid:country/ECU,1990,9785.0
dcs:who/HWF_0005,dcid:country/ECU,2013,26000.0
dcs:who/HWF_0005,dcid:country/ECU,2019,40230.0
dcs:who/HWF_0005,dcid:country/ECU,2003,10808.0
dcs:who/HWF_0005,dcid:country/ECU,2014,27007.0
dcs:who/HWF_0005,dcid:country/ECU,1984,8742.0
dcs:who/HWF_0005,dcid:country/ECU,1988,10719.0
dcs:who/HWF_0005,dcid:country/EGY,2018,75686.0
dcs:who/HWF_0005,dcid:country/EGY,2003,38485.0
dcs:who/HWF_0005,dcid:country/EGY,2015,75960.0
dcs:who/HWF_0005,dcid:country/EGY,2016,77579.0
dcs:who/HWF_0005,dcid:country/EGY,2017,77083.0
dcs:who/HWF_0005,dcid:country/EGY,2014,71221.0
dcs:who/HWF_0005,dcid:country/EGY,2020,73363.0
dcs:who/HWF_0005,dcid:country/ERI,2008,126.0
dcs:who/HWF_0005,dcid:country/ERI,2014,204.0
dcs:who/HWF_0005,dcid:country/ERI,2011,136.0
dcs:who/HWF_0005,dcid:country/ERI,2006,135.0
dcs:who/HWF_0005,dcid:country/ERI,2020,291.0
dcs:who/HWF_0005,dcid:country/ERI,2001,95.0
dcs:who/HWF_0005,dcid:country/ERI,2010,129.0
dcs:who/HWF_0005,dcid:country/ERI,2015,212.0
dcs:who/HWF_0005,dcid:country/ERI,2003,104.0
dcs:who/HWF_0005,dcid:country/ERI,2002,132.0
dcs:who/HWF_0005,dcid:country/ERI,2013,172.0
dcs:who/HWF_0005,dcid:country/ERI,2016,226.0
dcs:who/HWF_0005,dcid:country/ERI,2007,124.0
dcs:who/HWF_0005,dcid:country/ERI,2009,128.0
dcs:who/HWF_0005,dcid:country/ERI,2004,142.0
dcs:who/HWF_0005,dcid:country/ERI,2019,248.0
dcs:who/HWF_0005,dcid:country/ERI,2005,122.0
dcs:who/HWF_0005,dcid:country/ERI,2000,100.0
dcs:who/HWF_0005,dcid:country/ERI,2017,224.0
dcs:who/HWF_0005,dcid:country/ERI,2012,153.0
dcs:who/HWF_0005,dcid:country/ESP,1982,104759.0
dcs:who/HWF_0005,dcid:country/ESP,2017,26899.0
dcs:who/HWF_0005,dcid:country/ESP,1980,68900.0
dcs:who/HWF_0005,dcid:country/ESP,1989,143803.0
dcs:who/HWF_0005,dcid:country/ESP,2004,147833.0
dcs:who/HWF_0005,dcid:country/ESP,2005,33252.0
dcs:who/HWF_0005,dcid:country/ESP,1985,78700.0
dcs:who/HWF_0005,dcid:country/ESP,1998,117566.0
dcs:who/HWF_0005,dcid:country/ESP,1995,162650.0
dcs:who/HWF_0005,dcid:country/ESP,2010,32871.0
dcs:who/HWF_0005,dcid:country/ESP,2007,30439.0
dcs:who/HWF_0005,dcid:country/ESP,1993,159291.0
dcs:who/HWF_0005,dcid:country/ESP,1990,79600.0
dcs:who/HWF_0005,dcid:country/ESP,1987,135406.0
dcs:who/HWF_0005,dcid:country/ESP,2001,128100.0
dcs:who/HWF_0005,dcid:country/ESP,2009,25211.0
dcs:who/HWF_0005,dcid:country/ESP,1997,114867.0
dcs:who/HWF_0005,dcid:country/ESP,2013,30184.0
dcs:who/HWF_0005,dcid:country/ESP,2020,47349.0
dcs:who/HWF_0005,dcid:country/ESP,2006,34772.0
dcs:who/HWF_0005,dcid:country/ESP,1981,96569.0
dcs:who/HWF_0005,dcid:country/ESP,1996,109600.0
dcs:who/HWF_0005,dcid:country/ESP,1994,162089.0
dcs:who/HWF_0005,dcid:country/ESP,1999,123200.0
dcs:who/HWF_0005,dcid:country/ESP,2014,28579.0
dcs:who/HWF_0005,dcid:country/ESP,2011,35786.0
dcs:who/HWF_0005,dcid:country/ESP,1986,131080.0
dcs:who/HWF_0005,dcid:country/ESP,1983,115251.0
dcs:who/HWF_0005,dcid:country/ESP,2016,25793.0
dcs:who/HWF_0005,dcid:country/ESP,2008,25397.0
dcs:who/HWF_0005,dcid:country/ESP,1988,138994.0
dcs:who/HWF_0005,dcid:country/ESP,2002,129667.0
dcs:who/HWF_0005,dcid:country/ESP,2018,24695.0
dcs:who/HWF_0005,dcid:country/ESP,1984,121362.0
dcs:who/HWF_0005,dcid:country/ESP,2021,36339.0
dcs:who/HWF_0005,dcid:country/ESP,2003,136000.0
dcs:who/HWF_0005,dcid:country/ESP,2000,127200.0
dcs:who/HWF_0005,dcid:country/ESP,2015,28473.0
dcs:who/HWF_0005,dcid:country/ESP,1991,153306.0
dcs:who/HWF_0005,dcid:country/ESP,1992,156100.0
dcs:who/HWF_0005,dcid:country/ESP,2019,41643.0
dcs:who/HWF_0005,dcid:country/ESP,2012,31073.0
dcs:who/HWF_0005,dcid:country/EST,1987,5388.0
dcs:who/HWF_0005,dcid:country/EST,1997,4533.0
dcs:who/HWF_0005,dcid:country/EST,2005,313.0
dcs:who/HWF_0005,dcid:country/EST,1990,5498.0
dcs:who/HWF_0005,dcid:country/EST,2009,396.0
dcs:who/HWF_0005,dcid:country/EST,1998,146.0
dcs:who/HWF_0005,dcid:country/EST,2007,362.0
dcs:who/HWF_0005,dcid:country/EST,1985,5089.0
dcs:who/HWF_0005,dcid:country/EST,2006,347.0
dcs:who/HWF_0005,dcid:country/EST,1988,5435.0
dcs:who/HWF_0005,dcid:country/EST,1999,79.0
dcs:who/HWF_0005,dcid:country/EST,1986,5221.0
dcs:who/HWF_0005,dcid:country/EST,1995,4585.0
dcs:who/HWF_0005,dcid:country/EST,1996,4457.0
dcs:who/HWF_0005,dcid:country/EST,2010,378.0
dcs:who/HWF_0005,dcid:country/EST,1989,5473.0
dcs:who/HWF_0005,dcid:country/EST,2004,125.0
dcs:who/HWF_0005,dcid:country/EST,2011,360.0
dcs:who/HWF_0005,dcid:country/EST,1992,5004.0
dcs:who/HWF_0005,dcid:country/EST,1993,4792.0
dcs:who/HWF_0005,dcid:country/EST,1982,5702.0
dcs:who/HWF_0005,dcid:country/EST,1981,5500.0
dcs:who/HWF_0005,dcid:country/EST,2012,384.0
dcs:who/HWF_0005,dcid:country/EST,1983,5916.0
dcs:who/HWF_0005,dcid:country/EST,2003,92.0
dcs:who/HWF_0005,dcid:country/EST,1994,4680.0
dcs:who/HWF_0005,dcid:country/EST,1984,6066.0
dcs:who/HWF_0005,dcid:country/EST,1980,5345.0
dcs:who/HWF_0005,dcid:country/EST,1991,5520.0
dcs:who/HWF_0005,dcid:country/EST,2001,12.0
dcs:who/HWF_0005,dcid:country/EST,2002,94.0
dcs:who/HWF_0005,dcid:country/EST,2008,398.0
dcs:who/HWF_0005,dcid:country/EST,2000,13.0
dcs:who/HWF_0005,dcid:country/ETH,2004,1996.0
dcs:who/HWF_0005,dcid:country/ETH,2006,2115.0
dcs:who/HWF_0005,dcid:country/ETH,2009,2152.0
dcs:who/HWF_0005,dcid:country/ETH,2008,2085.0
dcs:who/HWF_0005,dcid:country/ETH,2005,2453.0
dcs:who/HWF_0005,dcid:country/ETH,2007,1806.0
dcs:who/HWF_0005,dcid:country/ETH,2003,1936.0
dcs:who/HWF_0005,dcid:country/FIN,2000,4786.0
dcs:who/HWF_0005,dcid:country/FIN,2002,5066.0
dcs:who/HWF_0005,dcid:country/FIN,1996,3976.0
dcs:who/HWF_0005,dcid:country/FIN,1986,3601.0
dcs:who/HWF_0005,dcid:country/FIN,1991,3696.0
dcs:who/HWF_0005,dcid:country/FIN,1997,4362.0
dcs:who/HWF_0005,dcid:country/FIN,1989,3598.0
dcs:who/HWF_0005,dcid:country/FIN,1998,4576.0
dcs:who/HWF_0005,dcid:country/FIN,1999,4691.0
dcs:who/HWF_0005,dcid:country/FIN,1987,3605.0
dcs:who/HWF_0005,dcid:country/FIN,1992,3676.0
dcs:who/HWF_0005,dcid:country/FIN,2018,92.0
dcs:who/HWF_0005,dcid:country/FIN,1993,3611.0
dcs:who/HWF_0005,dcid:country/FIN,1990,3686.0
dcs:who/HWF_0005,dcid:country/FIN,1985,3573.0
dcs:who/HWF_0005,dcid:country/FIN,1994,3299.0
dcs:who/HWF_0005,dcid:country/FIN,2017,131.0
dcs:who/HWF_0005,dcid:country/FIN,1980,9376.0
dcs:who/HWF_0005,dcid:country/FIN,1988,3562.0
dcs:who/HWF_0005,dcid:country/FIN,2021,24252.0
dcs:who/HWF_0005,dcid:country/FIN,1995,3473.0
dcs:who/HWF_0005,dcid:country/FIN,2003,5351.0
dcs:who/HWF_0005,dcid:country/FIN,2001,4958.0
dcs:who/HWF_0005,dcid:country/FJI,2013,706.0
dcs:who/HWF_0005,dcid:country/FJI,2009,372.0
dcs:who/HWF_0005,dcid:country/FJI,2008,337.0
dcs:who/HWF_0005,dcid:country/FJI,1999,271.0
dcs:who/HWF_0005,dcid:country/FJI,2003,380.0
dcs:who/HWF_0005,dcid:country/FJI,2015,747.0
dcs:who/HWF_0005,dcid:country/FSM,2005,62.0
dcs:who/HWF_0005,dcid:country/FSM,2003,60.0
dcs:who/HWF_0005,dcid:country/FSM,2008,64.0
dcs:who/HWF_0005,dcid:country/FSM,2000,64.0
dcs:who/HWF_0005,dcid:country/FSM,2012,72.0
dcs:who/HWF_0005,dcid:country/GAB,1991,189.0
dcs:who/HWF_0005,dcid:country/GAB,2004,395.0
dcs:who/HWF_0005,dcid:country/GAB,1993,225.0
dcs:who/HWF_0005,dcid:country/GAB,1994,277.0
dcs:who/HWF_0005,dcid:country/GAB,1995,321.0
dcs:who/HWF_0005,dcid:country/GAB,2016,715.0
dcs:who/HWF_0005,dcid:country/GAB,2020,1.0
dcs:who/HWF_0005,dcid:country/GAB,2019,1.0
dcs:who/HWF_0005,dcid:country/GBR,1983,47423.0
dcs:who/HWF_0005,dcid:country/GBR,1986,48695.0
dcs:who/HWF_0005,dcid:country/GBR,1984,47694.0
dcs:who/HWF_0005,dcid:country/GBR,1980,44989.0
dcs:who/HWF_0005,dcid:country/GBR,1993,61900.0
dcs:who/HWF_0005,dcid:country/GBR,1989,55299.0
dcs:who/HWF_0005,dcid:country/GBR,1994,62631.0
dcs:who/HWF_0005,dcid:country/GBR,1999,75122.0
dcs:who/HWF_0005,dcid:country/GBR,1988,54013.0
dcs:who/HWF_0005,dcid:country/GBR,1987,52852.0
dcs:who/HWF_0005,dcid:country/GBR,1997,71727.0
dcs:who/HWF_0005,dcid:country/GBR,1985,48357.0
dcs:who/HWF_0005,dcid:country/GBR,1990,58532.0
dcs:who/HWF_0005,dcid:country/GBR,1998,74237.0
dcs:who/HWF_0005,dcid:country/GBR,1981,45945.0
dcs:who/HWF_0005,dcid:country/GBR,1982,44540.0
dcs:who/HWF_0005,dcid:country/GBR,1992,59834.0
dcs:who/HWF_0005,dcid:country/GBR,1996,68507.0
dcs:who/HWF_0005,dcid:country/GBR,1991,59221.0
dcs:who/HWF_0005,dcid:country/GBR,1995,66142.0
dcs:who/HWF_0005,dcid:country/GHA,2007,1665.0
dcs:who/HWF_0005,dcid:country/GHA,2012,2486.0
dcs:who/HWF_0005,dcid:country/GHA,2008,1855.0
dcs:who/HWF_0005,dcid:country/GHA,2009,2033.0
dcs:who/HWF_0005,dcid:country/GHA,2011,2486.0
dcs:who/HWF_0005,dcid:country/GHA,2016,3618.0
dcs:who/HWF_0005,dcid:country/GHA,2004,3240.0
dcs:who/HWF_0005,dcid:country/GHA,2020,5285.0
dcs:who/HWF_0005,dcid:country/GHA,2017,61.0
dcs:who/HWF_0005,dcid:country/GHA,2010,2325.0
dcs:who/HWF_0005,dcid:country/GHA,2013,2730.0
dcs:who/HWF_0005,dcid:country/GHA,2014,3016.0
dcs:who/HWF_0005,dcid:country/GHA,2015,3263.0
dcs:who/HWF_0005,dcid:country/GIN,2004,987.0
dcs:who/HWF_0005,dcid:country/GIN,2022,1.0
dcs:who/HWF_0005,dcid:country/GIN,2016,977.0
dcs:who/HWF_0005,dcid:country/GIN,2005,940.0
dcs:who/HWF_0005,dcid:country/GIN,2014,1844.0
dcs:who/HWF_0005,dcid:country/GIN,2000,764.0
dcs:who/HWF_0005,dcid:country/GIN,2015,977.0
dcs:who/HWF_0005,dcid:country/GMB,2004,166.0
dcs:who/HWF_0005,dcid:country/GMB,2005,166.0
dcs:who/HWF_0005,dcid:country/GMB,2006,175.0
dcs:who/HWF_0005,dcid:country/GMB,2008,175.0
dcs:who/HWF_0005,dcid:country/GMB,2003,156.0
dcs:who/HWF_0005,dcid:country/GMB,2007,159.0
dcs:who/HWF_0005,dcid:country/GMB,2015,213.0
dcs:who/HWF_0005,dcid:country/GNB,2008,78.0
dcs:who/HWF_0005,dcid:country/GNB,2015,354.0
dcs:who/HWF_0005,dcid:country/GNB,2009,124.0
dcs:who/HWF_0005,dcid:country/GNB,2004,188.0
dcs:who/HWF_0005,dcid:country/GNB,2011,100.0
dcs:who/HWF_0005,dcid:country/GNQ,2017,507.0
dcs:who/HWF_0005,dcid:country/GNQ,2004,153.0
dcs:who/HWF_0005,dcid:country/GRC,2001,47944.0
dcs:who/HWF_0005,dcid:country/GRC,2007,21387.0
dcs:who/HWF_0005,dcid:country/GRC,1998,44753.0
dcs:who/HWF_0005,dcid:country/GRC,1992,38738.0
dcs:who/HWF_0005,dcid:country/GRC,1993,40116.0
dcs:who/HWF_0005,dcid:country/GRC,2018,5962.0
dcs:who/HWF_0005,dcid:country/GRC,2014,8079.0
dcs:who/HWF_0005,dcid:country/GRC,2009,21904.0
dcs:who/HWF_0005,dcid:country/GRC,1989,33151.0
dcs:who/HWF_0005,dcid:country/GRC,2012,19266.0
dcs:who/HWF_0005,dcid:country/GRC,2017,7331.0
dcs:who/HWF_0005,dcid:country/GRC,2004,53943.0
dcs:who/HWF_0005,dcid:country/GRC,2015,7874.0
dcs:who/HWF_0005,dcid:country/GRC,1990,34336.0
dcs:who/HWF_0005,dcid:country/GRC,2005,17571.0
dcs:who/HWF_0005,dcid:country/GRC,1995,41200.0
dcs:who/HWF_0005,dcid:country/GRC,2002,50347.0
dcs:who/HWF_0005,dcid:country/GRC,2006,20638.0
dcs:who/HWF_0005,dcid:country/GRC,2013,18459.0
dcs:who/HWF_0005,dcid:country/GRC,2019,7277.0
dcs:who/HWF_0005,dcid:country/GRC,1997,43030.0
dcs:who/HWF_0005,dcid:country/GRC,2000,47251.0
dcs:who/HWF_0005,dcid:country/GRC,2008,21759.0
dcs:who/HWF_0005,dcid:country/GRC,1988,32145.0
dcs:who/HWF_0005,dcid:country/GRC,1996,41511.0
dcs:who/HWF_0005,dcid:country/GRC,2011,20380.0
dcs:who/HWF_0005,dcid:country/GRC,1999,46124.0
dcs:who/HWF_0005,dcid:country/GRC,2003,52225.0
dcs:who/HWF_0005,dcid:country/GRC,2021,6831.0
dcs:who/HWF_0005,dcid:country/GRC,1991,37238.0
dcs:who/HWF_0005,dcid:country/GRC,2016,8612.0
dcs:who/HWF_0005,dcid:country/GRC,1994,40487.0
dcs:who/HWF_0005,dcid:country/GRC,2020,7611.0
dcs:who/HWF_0005,dcid:country/GRC,2010,21089.0
dcs:who/HWF_0005,dcid:country/GRD,1997,41.0
dcs:who/HWF_0005,dcid:country/GRD,2006,69.0
dcs:who/HWF_0005,dcid:country/GRD,2003,58.0
dcs:who/HWF_0005,dcid:country/GRD,2018,160.0
dcs:who/HWF_0005,dcid:country/GRD,2001,58.0
dcs:who/HWF_0005,dcid:country/GRD,2000,58.0
dcs:who/HWF_0005,dcid:country/GRD,1999,59.0
dcs:who/HWF_0005,dcid:country/GRD,2017,156.0
dcs:who/HWF_0005,dcid:country/GRD,2002,58.0
dcs:who/HWF_0005,dcid:country/GTM,1999,9965.0
dcs:who/HWF_0005,dcid:country/GTM,2017,4736.0
dcs:who/HWF_0005,dcid:country/GTM,2018,6122.0
dcs:who/HWF_0005,dcid:country/GTM,2009,12940.0
dcs:who/HWF_0005,dcid:country/GUY,2020,1120.0
dcs:who/HWF_0005,dcid:country/GUY,2000,366.0
dcs:who/HWF_0005,dcid:country/GUY,2010,515.0
dcs:who/HWF_0005,dcid:country/GUY,2009,161.0
dcs:who/HWF_0005,dcid:country/GUY,2018,1417.0
dcs:who/HWF_0005,dcid:country/HND,2000,3676.0
dcs:who/HWF_0005,dcid:country/HND,2005,2680.0
dcs:who/HWF_0005,dcid:country/HND,2020,4953.0
dcs:who/HWF_0005,dcid:country/HRV,2001,2701.0
dcs:who/HWF_0005,dcid:country/HRV,1986,5949.0
dcs:who/HWF_0005,dcid:country/HRV,2020,14256.0
dcs:who/HWF_0005,dcid:country/HRV,1981,7997.0
dcs:who/HWF_0005,dcid:country/HRV,1999,7338.0
dcs:who/HWF_0005,dcid:country/HRV,2016,13504.0
dcs:who/HWF_0005,dcid:country/HRV,1989,6302.0
dcs:who/HWF_0005,dcid:country/HRV,2005,2665.0
dcs:who/HWF_0005,dcid:country/HRV,1997,7201.0
dcs:who/HWF_0005,dcid:country/HRV,1982,8348.0
dcs:who/HWF_0005,dcid:country/HRV,2006,2692.0
dcs:who/HWF_0005,dcid:country/HRV,1992,6034.0
dcs:who/HWF_0005,dcid:country/HRV,1980,7668.0
dcs:who/HWF_0005,dcid:country/HRV,1991,5875.0
dcs:who/HWF_0005,dcid:country/HRV,2019,14312.0
dcs:who/HWF_0005,dcid:country/HRV,1996,7065.0
dcs:who/HWF_0005,dcid:country/HRV,1995,6259.0
dcs:who/HWF_0005,dcid:country/HRV,1993,6074.0
dcs:who/HWF_0005,dcid:country/HRV,2004,3094.0
dcs:who/HWF_0005,dcid:country/HRV,1994,5978.0
dcs:who/HWF_0005,dcid:country/HRV,1990,6123.0
dcs:who/HWF_0005,dcid:country/HRV,2018,14075.0
dcs:who/HWF_0005,dcid:country/HRV,2007,3146.0
dcs:who/HWF_0005,dcid:country/HRV,1987,6117.0
dcs:who/HWF_0005,dcid:country/HRV,2008,3063.0
dcs:who/HWF_0005,dcid:country/HRV,1983,8609.0
dcs:who/HWF_0005,dcid:country/HRV,1998,7233.0
dcs:who/HWF_0005,dcid:country/HRV,1984,8739.0
dcs:who/HWF_0005,dcid:country/HRV,2017,13885.0
dcs:who/HWF_0005,dcid:country/HRV,1985,5651.0
dcs:who/HWF_0005,dcid:country/HRV,2002,2750.0
dcs:who/HWF_0005,dcid:country/HRV,2000,2650.0
dcs:who/HWF_0005,dcid:country/HRV,1988,6159.0
dcs:who/HWF_0005,dcid:country/HRV,2003,2901.0
dcs:who/HWF_0005,dcid:country/HTI,2015,911.0
dcs:who/HWF_0005,dcid:country/HTI,2018,2606.0
dcs:who/HWF_0005,dcid:country/HTI,2013,2392.0
dcs:who/HWF_0005,dcid:country/HTI,2011,1392.0
dcs:who/HWF_0005,dcid:country/HTI,1998,1949.0
dcs:who/HWF_0005,dcid:country/HUN,2008,31024.0
dcs:who/HWF_0005,dcid:country/HUN,1981,24958.0
dcs:who/HWF_0005,dcid:country/HUN,2006,30575.0
dcs:who/HWF_0005,dcid:country/HUN,2001,29448.0
dcs:who/HWF_0005,dcid:country/HUN,1983,25724.0
dcs:who/HWF_0005,dcid:country/HUN,2019,93.0
dcs:who/HWF_0005,dcid:country/HUN,2000,27390.0
dcs:who/HWF_0005,dcid:country/HUN,2016,31515.0
dcs:who/HWF_0005,dcid:country/HUN,1982,25538.0
dcs:who/HWF_0005,dcid:country/HUN,2004,33727.0
dcs:who/HWF_0005,dcid:country/HUN,2002,32452.0
dcs:who/HWF_0005,dcid:country/HUN,1989,30475.0
dcs:who/HWF_0005,dcid:country/HUN,2011,29500.0
dcs:who/HWF_0005,dcid:country/HUN,1994,30990.0
dcs:who/HWF_0005,dcid:country/HUN,2017,73.0
dcs:who/HWF_0005,dcid:country/HUN,1991,31429.0
dcs:who/HWF_0005,dcid:country/HUN,2005,28055.0
dcs:who/HWF_0005,dcid:country/HUN,2003,32889.0
dcs:who/HWF_0005,dcid:country/HUN,1992,31178.0
dcs:who/HWF_0005,dcid:country/HUN,1984,26268.0
dcs:who/HWF_0005,dcid:country/HUN,1993,30610.0
dcs:who/HWF_0005,dcid:country/HUN,1990,30522.0
dcs:who/HWF_0005,dcid:country/HUN,2010,28686.0
dcs:who/HWF_0005,dcid:country/HUN,1995,31024.0
dcs:who/HWF_0005,dcid:country/HUN,2015,30486.0
dcs:who/HWF_0005,dcid:country/HUN,1997,31649.0
dcs:who/HWF_0005,dcid:country/HUN,2007,28189.0
dcs:who/HWF_0005,dcid:country/HUN,1988,29671.0
dcs:who/HWF_0005,dcid:country/HUN,1999,31775.0
dcs:who/HWF_0005,dcid:country/HUN,2020,87.0
dcs:who/HWF_0005,dcid:country/HUN,1985,27978.0
dcs:who/HWF_0005,dcid:country/HUN,2021,89.0
dcs:who/HWF_0005,dcid:country/HUN,1987,29459.0
dcs:who/HWF_0005,dcid:country/HUN,1980,24510.0
dcs:who/HWF_0005,dcid:country/HUN,2013,31748.0
dcs:who/HWF_0005,dcid:country/HUN,1998,31638.0
dcs:who/HWF_0005,dcid:country/HUN,1986,28309.0
dcs:who/HWF_0005,dcid:country/HUN,2014,32791.0
dcs:who/HWF_0005,dcid:country/HUN,2018,79.0
dcs:who/HWF_0005,dcid:country/HUN,2009,30276.0
dcs:who/HWF_0005,dcid:country/HUN,1996,31348.0
dcs:who/HWF_0005,dcid:country/HUN,2012,30641.0
dcs:who/HWF_0005,dcid:country/IDN,1993,11067.0
dcs:who/HWF_0005,dcid:country/IDN,2009,34544.0
dcs:who/HWF_0005,dcid:country/IDN,2003,29499.0
dcs:who/HWF_0005,dcid:country/IDN,2010,33736.0
dcs:who/HWF_0005,dcid:country/IND,2020,1014538.0
dcs:who/HWF_0005,dcid:country/IND,1991,1088048.0
dcs:who/HWF_0005,dcid:country/IND,2018,927447.0
dcs:who/HWF_0005,dcid:country/IRL,1992,7096.0
dcs:who/HWF_0005,dcid:country/IRL,1988,5590.0
dcs:who/HWF_0005,dcid:country/IRL,2002,9444.0
dcs:who/HWF_0005,dcid:country/IRL,1987,5500.0
dcs:who/HWF_0005,dcid:country/IRL,1991,5995.0
dcs:who/HWF_0005,dcid:country/IRL,2018,20.0
dcs:who/HWF_0005,dcid:country/IRL,1998,8102.0
dcs:who/HWF_0005,dcid:country/IRL,1985,5750.0
dcs:who/HWF_0005,dcid:country/IRL,1993,7212.0
dcs:who/HWF_0005,dcid:country/IRL,1999,8469.0
dcs:who/HWF_0005,dcid:country/IRL,1995,7563.0
dcs:who/HWF_0005,dcid:country/IRL,1986,5680.0
dcs:who/HWF_0005,dcid:country/IRL,2001,9166.0
dcs:who/HWF_0005,dcid:country/IRL,2019,29.0
dcs:who/HWF_0005,dcid:country/IRL,1996,7622.0
dcs:who/HWF_0005,dcid:country/IRL,1997,7801.0
dcs:who/HWF_0005,dcid:country/IRL,1994,7129.0
dcs:who/HWF_0005,dcid:country/IRL,1990,5450.0
dcs:who/HWF_0005,dcid:country/IRL,2004,11141.0
dcs:who/HWF_0005,dcid:country/IRL,2008,14.0
dcs:who/HWF_0005,dcid:country/IRL,2011,17.0
dcs:who/HWF_0005,dcid:country/IRL,2013,33.0
dcs:who/HWF_0005,dcid:country/IRL,2009,15.0
dcs:who/HWF_0005,dcid:country/IRL,2014,62.0
dcs:who/HWF_0005,dcid:country/IRL,2003,10270.0
dcs:who/HWF_0005,dcid:country/IRL,2012,43.0
dcs:who/HWF_0005,dcid:country/IRL,2007,12.0
dcs:who/HWF_0005,dcid:country/IRL,2010,17.0
dcs:who/HWF_0005,dcid:country/IRL,2000,8438.0
dcs:who/HWF_0005,dcid:country/IRL,2016,37.0
dcs:who/HWF_0005,dcid:country/IRL,2017,36.0
dcs:who/HWF_0005,dcid:country/IRL,1989,5220.0
dcs:who/HWF_0005,dcid:country/IRL,2015,45.0
dcs:who/HWF_0005,dcid:country/IRL,2006,9.0
dcs:who/HWF_0005,dcid:country/IRN,2014,116536.0
dcs:who/HWF_0005,dcid:country/IRN,2015,90470.0
dcs:who/HWF_0005,dcid:country/IRN,2004,60791.0
dcs:who/HWF_0005,dcid:country/IRN,2006,37822.0
dcs:who/HWF_0005,dcid:country/IRN,2005,61870.0
dcs:who/HWF_0005,dcid:country/IRQ,2019,1292.0
dcs:who/HWF_0005,dcid:country/IRQ,2018,27208.0
dcs:who/HWF_0005,dcid:country/IRQ,2017,31451.0
dcs:who/HWF_0005,dcid:country/IRQ,2010,19738.0
dcs:who/HWF_0005,dcid:country/IRQ,2015,1597.0
dcs:who/HWF_0005,dcid:country/IRQ,2022,1516.0
dcs:who/HWF_0005,dcid:country/IRQ,2021,1502.0
dcs:who/HWF_0005,dcid:country/IRQ,2016,1407.0
dcs:who/HWF_0005,dcid:country/IRQ,2020,1472.0
dcs:who/HWF_0005,dcid:country/IRQ,2014,1491.0
dcs:who/HWF_0005,dcid:country/ISL,2008,247.0
dcs:who/HWF_0005,dcid:country/ISL,2005,201.0
dcs:who/HWF_0005,dcid:country/ISL,2020,545.0
dcs:who/HWF_0005,dcid:country/ISL,1988,675.0
dcs:who/HWF_0005,dcid:country/ISL,2016,261.0
dcs:who/HWF_0005,dcid:country/ISL,2007,230.0
dcs:who/HWF_0005,dcid:country/ISL,1987,665.0
dcs:who/HWF_0005,dcid:country/ISL,1996,839.0
dcs:who/HWF_0005,dcid:country/ISL,1993,779.0
dcs:who/HWF_0005,dcid:country/ISL,2000,797.0
dcs:who/HWF_0005,dcid:country/ISL,1983,545.0
dcs:who/HWF_0005,dcid:country/ISL,1981,509.0
dcs:who/HWF_0005,dcid:country/ISL,2022,605.0
dcs:who/HWF_0005,dcid:country/ISL,2011,236.0
dcs:who/HWF_0005,dcid:country/ISL,1984,574.0
dcs:who/HWF_0005,dcid:country/ISL,1980,488.0
dcs:who/HWF_0005,dcid:country/ISL,2003,1047.0
dcs:who/HWF_0005,dcid:country/ISL,1982,532.0
dcs:who/HWF_0005,dcid:country/ISL,2017,325.0
dcs:who/HWF_0005,dcid:country/ISL,2015,333.0
dcs:who/HWF_0005,dcid:country/ISL,2006,216.0
dcs:who/HWF_0005,dcid:country/ISL,1999,938.0
dcs:who/HWF_0005,dcid:country/ISL,1997,884.0
dcs:who/HWF_0005,dcid:country/ISL,1986,632.0
dcs:who/HWF_0005,dcid:country/ISL,1991,734.0
dcs:who/HWF_0005,dcid:country/ISL,2018,353.0
dcs:who/HWF_0005,dcid:country/ISL,1992,771.0
dcs:who/HWF_0005,dcid:country/ISL,1995,809.0
dcs:who/HWF_0005,dcid:country/ISL,2001,816.0
dcs:who/HWF_0005,dcid:country/ISL,1985,626.0
dcs:who/HWF_0005,dcid:country/ISL,2021,590.0
dcs:who/HWF_0005,dcid:country/ISL,2004,887.0
dcs:who/HWF_0005,dcid:country/ISL,2010,246.0
dcs:who/HWF_0005,dcid:country/ISL,2002,1029.0
dcs:who/HWF_0005,dcid:country/ISL,1994,797.0
dcs:who/HWF_0005,dcid:country/ISL,2009,250.0
dcs:who/HWF_0005,dcid:country/ISL,1989,715.0
dcs:who/HWF_0005,dcid:country/ISL,2019,372.0
dcs:who/HWF_0005,dcid:country/ISL,2013,274.0
dcs:who/HWF_0005,dcid:country/ISL,1998,753.0
dcs:who/HWF_0005,dcid:country/ISL,2014,283.0
dcs:who/HWF_0005,dcid:country/ISL,2012,255.0
dcs:who/HWF_0005,dcid:country/ISL,1990,726.0
dcs:who/HWF_0005,dcid:country/ISR,1990,14372.0
dcs:who/HWF_0005,dcid:country/ISR,1999,22167.0
dcs:who/HWF_0005,dcid:country/ISR,1998,22067.0
dcs:who/HWF_0005,dcid:country/ISR,1988,13605.0
dcs:who/HWF_0005,dcid:country/ISR,1994,19331.0
dcs:who/HWF_0005,dcid:country/ISR,1984,12446.0
dcs:who/HWF_0005,dcid:country/ISR,1987,13323.0
dcs:who/HWF_0005,dcid:country/ISR,1996,20267.0
dcs:who/HWF_0005,dcid:country/ISR,1985,12728.0
dcs:who/HWF_0005,dcid:country/ISR,1992,18119.0
dcs:who/HWF_0005,dcid:country/ISR,1991,15764.0
dcs:who/HWF_0005,dcid:country/ISR,1980,10801.0
dcs:who/HWF_0005,dcid:country/ISR,1982,11520.0
dcs:who/HWF_0005,dcid:country/ISR,1981,11158.0
dcs:who/HWF_0005,dcid:country/ISR,1989,13839.0
dcs:who/HWF_0005,dcid:country/ISR,1983,11946.0
dcs:who/HWF_0005,dcid:country/ISR,1997,21133.0
dcs:who/HWF_0005,dcid:country/ISR,1986,13008.0
dcs:who/HWF_0005,dcid:country/ISR,1993,18674.0
dcs:who/HWF_0005,dcid:country/ISR,1995,19836.0
dcs:who/HWF_0005,dcid:country/ITA,1999,234333.0
dcs:who/HWF_0005,dcid:country/ITA,1992,285111.0
dcs:who/HWF_0005,dcid:country/ITA,1985,215206.0
dcs:who/HWF_0005,dcid:country/ITA,1990,266447.0
dcs:who/HWF_0005,dcid:country/ITA,1998,231667.0
dcs:who/HWF_0005,dcid:country/ITA,1988,245898.0
dcs:who/HWF_0005,dcid:country/ITA,1993,313337.0
dcs:who/HWF_0005,dcid:country/ITA,1986,224976.0
dcs:who/HWF_0005,dcid:country/ITA,1980,148101.0
dcs:who/HWF_0005,dcid:country/ITA,1997,227333.0
dcs:who/HWF_0005,dcid:country/ITA,1989,255231.0
dcs:who/HWF_0005,dcid:country/ITA,1996,221667.0
dcs:who/HWF_0005,dcid:country/ITA,1987,235458.0
dcs:who/HWF_0005,dcid:country/ITA,1991,276810.0
dcs:who/HWF_0005,dcid:country/ITA,1994,319502.0
dcs:who/HWF_0005,dcid:country/ITA,1995,216000.0
dcs:who/HWF_0005,dcid:country/JAM,2008,1103.0
dcs:who/HWF_0005,dcid:country/JAM,2003,2253.0
dcs:who/HWF_0005,dcid:country/JOR,2010,16212.0
dcs:who/HWF_0005,dcid:country/JOR,2005,12909.0
dcs:who/HWF_0005,dcid:country/JOR,2004,11398.0
dcs:who/HWF_0005,dcid:country/JOR,2001,10627.0
dcs:who/HWF_0005,dcid:country/JOR,2007,15279.0
dcs:who/HWF_0005,dcid:country/JOR,2002,11715.0
dcs:who/HWF_0005,dcid:country/JOR,2008,14576.0
dcs:who/HWF_0005,dcid:country/JOR,2013,18697.0
dcs:who/HWF_0005,dcid:country/JOR,1999,9686.0
dcs:who/HWF_0005,dcid:country/JOR,2003,12375.0
dcs:who/HWF_0005,dcid:country/JOR,2014,19655.0
dcs:who/HWF_0005,dcid:country/JOR,1998,4889.0
dcs:who/HWF_0005,dcid:country/JOR,2015,26019.0
dcs:who/HWF_0005,dcid:country/JOR,2009,14674.0
dcs:who/HWF_0005,dcid:country/JOR,2006,13727.0
dcs:who/HWF_0005,dcid:country/JOR,2017,22739.0
dcs:who/HWF_0005,dcid:country/JOR,2019,26885.0
dcs:who/HWF_0005,dcid:country/JOR,2000,9575.0
dcs:who/HWF_0005,dcid:country/JPN,1996,231425.0
dcs:who/HWF_0005,dcid:country/JPN,2020,327403.0
dcs:who/HWF_0005,dcid:country/JPN,2006,266431.0
dcs:who/HWF_0005,dcid:country/JPN,2012,292039.0
dcs:who/HWF_0005,dcid:country/JPN,1980,148815.0
dcs:who/HWF_0005,dcid:country/JPN,1984,173452.0
dcs:who/HWF_0005,dcid:country/JPN,1992,211847.0
dcs:who/HWF_0005,dcid:country/JPN,2000,245315.0
dcs:who/HWF_0005,dcid:country/JPN,1981,155422.0
dcs:who/HWF_0005,dcid:country/JPN,1986,183129.0
dcs:who/HWF_0005,dcid:country/JPN,1990,204001.0
dcs:who/HWF_0005,dcid:country/JPN,2014,300075.0
dcs:who/HWF_0005,dcid:country/JPN,1982,160379.0
dcs:who/HWF_0005,dcid:country/JPN,2004,259336.0
dcs:who/HWF_0005,dcid:country/JPN,1998,238771.0
dcs:who/HWF_0005,dcid:country/JPN,2010,283548.0
dcs:who/HWF_0005,dcid:country/JPN,1988,193704.0
dcs:who/HWF_0005,dcid:country/JPN,1994,221714.0
dcs:who/HWF_0005,dcid:country/JPN,2018,315406.0
dcs:who/HWF_0005,dcid:country/JPN,2016,308105.0
dcs:who/HWF_0005,dcid:country/JPN,2008,274992.0
dcs:who/HWF_0005,dcid:country/JPN,2002,251889.0
dcs:who/HWF_0005,dcid:country/KAZ,2017,72134.0
dcs:who/HWF_0005,dcid:country/KAZ,2020,76443.0
dcs:who/HWF_0005,dcid:country/KAZ,2016,74611.0
dcs:who/HWF_0005,dcid:country/KAZ,2015,69722.0
dcs:who/HWF_0005,dcid:country/KAZ,2019,74046.0
dcs:who/HWF_0005,dcid:country/KAZ,2018,72877.0
dcs:who/HWF_0005,dcid:country/KEN,2011,7549.0
dcs:who/HWF_0005,dcid:country/KEN,2008,6623.0
dcs:who/HWF_0005,dcid:country/KEN,2013,8682.0
dcs:who/HWF_0005,dcid:country/KEN,2012,8092.0
dcs:who/HWF_0005,dcid:country/KEN,2014,9149.0
dcs:who/HWF_0005,dcid:country/KEN,2009,6897.0
dcs:who/HWF_0005,dcid:country/KEN,2010,7129.0
dcs:who/HWF_0005,dcid:country/KEN,2002,4506.0
dcs:who/HWF_0005,dcid:country/KGZ,1984,12836.0
dcs:who/HWF_0005,dcid:country/KGZ,2010,12685.0
dcs:who/HWF_0005,dcid:country/KGZ,1999,14113.0
dcs:who/HWF_0005,dcid:country/KGZ,2014,12934.0
dcs:who/HWF_0005,dcid:country/KGZ,2000,13799.0
dcs:who/HWF_0005,dcid:country/KGZ,2012,12718.0
dcs:who/HWF_0005,dcid:country/KGZ,1986,13162.0
dcs:who/HWF_0005,dcid:country/KGZ,2009,12488.0
dcs:who/HWF_0005,dcid:country/KGZ,1987,13833.0
dcs:who/HWF_0005,dcid:country/KGZ,2002,12909.0
dcs:who/HWF_0005,dcid:country/KGZ,2021,14004.0
dcs:who/HWF_0005,dcid:country/KGZ,1983,11369.0
dcs:who/HWF_0005,dcid:country/KGZ,2001,13379.0
dcs:who/HWF_0005,dcid:country/KGZ,2005,12773.0
dcs:who/HWF_0005,dcid:country/KGZ,1985,13489.0
dcs:who/HWF_0005,dcid:country/KGZ,1988,14372.0
dcs:who/HWF_0005,dcid:country/KGZ,2003,12902.0
dcs:who/HWF_0005,dcid:country/KGZ,1994,13975.0
dcs:who/HWF_0005,dcid:country/KGZ,1997,14354.0
dcs:who/HWF_0005,dcid:country/KGZ,1990,15043.0
dcs:who/HWF_0005,dcid:country/KGZ,2007,12225.0
dcs:who/HWF_0005,dcid:country/KGZ,2013,12961.0
dcs:who/HWF_0005,dcid:country/KGZ,1989,14808.0
dcs:who/HWF_0005,dcid:country/KGZ,1980,10609.0
dcs:who/HWF_0005,dcid:country/KGZ,2019,13709.0
dcs:who/HWF_0005,dcid:country/KGZ,1993,14050.0
dcs:who/HWF_0005,dcid:country/KGZ,1998,14282.0
dcs:who/HWF_0005,dcid:country/KGZ,2011,12614.0
dcs:who/HWF_0005,dcid:country/KGZ,2004,12905.0
dcs:who/HWF_0005,dcid:country/KGZ,1991,15354.0
dcs:who/HWF_0005,dcid:country/KGZ,1982,10813.0
dcs:who/HWF_0005,dcid:country/KGZ,2006,12549.0
dcs:who/HWF_0005,dcid:country/KGZ,1996,14963.0
dcs:who/HWF_0005,dcid:country/KGZ,2008,12364.0
dcs:who/HWF_0005,dcid:country/KGZ,1992,15197.0
dcs:who/HWF_0005,dcid:country/KGZ,1995,14377.0
dcs:who/HWF_0005,dcid:country/KHM,2000,2047.0
dcs:who/HWF_0005,dcid:country/KHM,1998,1711.0
dcs:who/HWF_0005,dcid:country/KHM,2009,3351.0
dcs:who/HWF_0005,dcid:country/KHM,2019,3473.0
dcs:who/HWF_0005,dcid:country/KHM,1996,1247.0
dcs:who/HWF_0005,dcid:country/KHM,2012,2440.0
dcs:who/HWF_0005,dcid:country/KHM,2011,3291.0
dcs:who/HWF_0005,dcid:country/KHM,2008,3393.0
dcs:who/HWF_0005,dcid:country/KHM,2010,3294.0
dcs:who/HWF_0005,dcid:country/KHM,2014,2568.0
dcs:who/HWF_0005,dcid:country/KIR,2013,22.0
dcs:who/HWF_0005,dcid:country/KIR,2008,25.0
dcs:who/HWF_0005,dcid:country/KIR,2011,15.0
dcs:who/HWF_0005,dcid:country/KIR,2010,41.0
dcs:who/HWF_0005,dcid:country/KNA,1995,46.0
dcs:who/HWF_0005,dcid:country/KNA,2015,137.0
dcs:who/HWF_0005,dcid:country/KNA,1990,28.0
dcs:who/HWF_0005,dcid:country/KNA,2018,145.0
dcs:who/HWF_0005,dcid:country/KNA,1994,39.0
dcs:who/HWF_0005,dcid:country/KNA,1996,48.0
dcs:who/HWF_0005,dcid:country/KNA,1991,28.0
dcs:who/HWF_0005,dcid:country/KNA,1999,46.0
dcs:who/HWF_0005,dcid:country/KNA,1998,46.0
dcs:who/HWF_0005,dcid:country/KNA,1997,48.0
dcs:who/HWF_0005,dcid:country/KNA,1993,32.0
dcs:who/HWF_0005,dcid:country/KNA,2001,49.0
dcs:who/HWF_0005,dcid:country/KNA,1992,31.0
dcs:who/HWF_0005,dcid:country/KOR,1989,33791.0
dcs:who/HWF_0005,dcid:country/KOR,1988,31197.0
dcs:who/HWF_0005,dcid:country/KOR,1984,23043.0
dcs:who/HWF_0005,dcid:country/KOR,1995,50635.0
dcs:who/HWF_0005,dcid:country/KOR,1998,58684.0
dcs:who/HWF_0005,dcid:country/KOR,2000,60895.0
dcs:who/HWF_0005,dcid:country/KOR,2002,70923.0
dcs:who/HWF_0005,dcid:country/KOR,1983,21749.0
dcs:who/HWF_0005,dcid:country/KOR,1997,56662.0
dcs:who/HWF_0005,dcid:country/KOR,1992,42394.0
dcs:who/HWF_0005,dcid:country/KOR,1986,26587.0
dcs:who/HWF_0005,dcid:country/KOR,1982,21551.0
dcs:who/HWF_0005,dcid:country/KOR,1990,35781.0
dcs:who/HWF_0005,dcid:country/KOR,1999,61182.0
dcs:who/HWF_0005,dcid:country/KOR,1993,45477.0
dcs:who/HWF_0005,dcid:country/KOR,1994,47740.0
dcs:who/HWF_0005,dcid:country/KOR,1987,28204.0
dcs:who/HWF_0005,dcid:country/KOR,2001,65715.0
dcs:who/HWF_0005,dcid:country/KOR,1991,38907.0
dcs:who/HWF_0005,dcid:country/KOR,2003,75045.0
dcs:who/HWF_0005,dcid:country/KOR,1981,19275.0
dcs:who/HWF_0005,dcid:country/KOR,1985,24830.0
dcs:who/HWF_0005,dcid:country/KOR,1996,53372.0
dcs:who/HWF_0005,dcid:country/KWT,2008,4995.0
dcs:who/HWF_0005,dcid:country/KWT,2012,8259.0
dcs:who/HWF_0005,dcid:country/KWT,2014,9789.0
dcs:who/HWF_0005,dcid:country/KWT,2015,10150.0
dcs:who/HWF_0005,dcid:country/KWT,2009,5340.0
dcs:who/HWF_0005,dcid:country/KWT,2007,4711.0
dcs:who/HWF_0005,dcid:country/KWT,2006,3452.0
dcs:who/HWF_0005,dcid:country/KWT,2020,10000.0
dcs:who/HWF_0005,dcid:country/KWT,2011,7781.0
dcs:who/HWF_0005,dcid:country/KWT,2010,7269.0
dcs:who/HWF_0005,dcid:country/KWT,2013,8933.0
dcs:who/HWF_0005,dcid:country/LAO,1995,1656.0
dcs:who/HWF_0005,dcid:country/LAO,2000,1517.0
dcs:who/HWF_0005,dcid:country/LAO,2004,2000.0
dcs:who/HWF_0005,dcid:country/LBN,2017,13813.0
dcs:who/HWF_0005,dcid:country/LBN,2019,15131.0
dcs:who/HWF_0005,dcid:country/LBN,2006,11760.0
dcs:who/HWF_0005,dcid:country/LBN,2011,13630.0
dcs:who/HWF_0005,dcid:country/LBN,2013,13296.0
dcs:who/HWF_0005,dcid:country/LBN,2007,11186.0
dcs:who/HWF_0005,dcid:country/LBN,2016,13506.0
dcs:who/HWF_0005,dcid:country/LBN,2014,12982.0
dcs:who/HWF_0005,dcid:country/LBN,2010,11583.0
dcs:who/HWF_0005,dcid:country/LBN,2018,7273.0
dcs:who/HWF_0005,dcid:country/LBN,2001,11505.0
dcs:who/HWF_0005,dcid:country/LBN,2015,13738.0
dcs:who/HWF_0005,dcid:country/LBR,2015,168.0
dcs:who/HWF_0005,dcid:country/LBR,2008,51.0
dcs:who/HWF_0005,dcid:country/LBR,2016,234.0
dcs:who/HWF_0005,dcid:country/LBR,2004,103.0
dcs:who/HWF_0005,dcid:country/LBR,2009,90.0
dcs:who/HWF_0005,dcid:country/LBR,2017,248.0
dcs:who/HWF_0005,dcid:country/LBR,2010,90.0
dcs:who/HWF_0005,dcid:country/LBY,2004,7070.0
dcs:who/HWF_0005,dcid:country/LBY,2014,13095.0
dcs:who/HWF_0005,dcid:country/LBY,2015,12158.0
dcs:who/HWF_0005,dcid:country/LBY,1997,6371.0
dcs:who/HWF_0005,dcid:country/LBY,2008,11163.0
dcs:who/HWF_0005,dcid:country/LBY,2009,12009.0
dcs:who/HWF_0005,dcid:country/LCA,2014,331.0
dcs:who/HWF_0005,dcid:country/LCA,2017,116.0
dcs:who/HWF_0005,dcid:country/LCA,2011,317.0
dcs:who/HWF_0005,dcid:country/LCA,2012,378.0
dcs:who/HWF_0005,dcid:country/LCA,2013,433.0
dcs:who/HWF_0005,dcid:country/LCA,2010,287.0
dcs:who/HWF_0005,dcid:country/LKA,2001,8384.0
dcs:who/HWF_0005,dcid:country/LKA,1998,6427.0
dcs:who/HWF_0005,dcid:country/LKA,2005,10198.0
dcs:who/HWF_0005,dcid:country/LKA,1996,5117.0
dcs:who/HWF_0005,dcid:country/LKA,2007,11023.0
dcs:who/HWF_0005,dcid:country/LKA,1995,4047.0
dcs:who/HWF_0005,dcid:country/LKA,1992,2934.0
dcs:who/HWF_0005,dcid:country/LKA,2009,13737.0
dcs:who/HWF_0005,dcid:country/LKA,2004,10479.0
dcs:who/HWF_0005,dcid:country/LKA,2008,12479.0
dcs:who/HWF_0005,dcid:country/LKA,2006,10279.0
dcs:who/HWF_0005,dcid:country/LKA,1986,2217.0
dcs:who/HWF_0005,dcid:country/LKA,1997,5628.0
dcs:who/HWF_0005,dcid:country/LKA,2020,22800.0
dcs:who/HWF_0005,dcid:country/LKA,1993,3713.0
dcs:who/HWF_0005,dcid:country/LKA,2019,21200.0
dcs:who/HWF_0005,dcid:country/LKA,1980,2055.0
dcs:who/HWF_0005,dcid:country/LKA,1994,3345.0
dcs:who/HWF_0005,dcid:country/LKA,1991,2440.0
dcs:who/HWF_0005,dcid:country/LKA,2000,7963.0
dcs:who/HWF_0005,dcid:country/LKA,1999,6994.0
dcs:who/HWF_0005,dcid:country/LKA,2010,14668.0
dcs:who/HWF_0005,dcid:country/LKA,2021,21716.0
dcs:who/HWF_0005,dcid:country/LKA,1988,2316.0
dcs:who/HWF_0005,dcid:country/LSO,2010,138.0
dcs:who/HWF_0005,dcid:country/LSO,2003,89.0
dcs:who/HWF_0005,dcid:country/LTU,2004,1113.0
dcs:who/HWF_0005,dcid:country/LTU,2007,1296.0
dcs:who/HWF_0005,dcid:country/LTU,1996,1464.0
dcs:who/HWF_0005,dcid:country/LTU,2001,1168.0
dcs:who/HWF_0005,dcid:country/LTU,2003,1227.0
dcs:who/HWF_0005,dcid:country/LTU,2005,1327.0
dcs:who/HWF_0005,dcid:country/LTU,2002,1358.0
dcs:who/HWF_0005,dcid:country/LTU,1994,1383.0
dcs:who/HWF_0005,dcid:country/LTU,1997,1481.0
dcs:who/HWF_0005,dcid:country/LTU,2000,1152.0
dcs:who/HWF_0005,dcid:country/LTU,1998,1426.0
dcs:who/HWF_0005,dcid:country/LTU,1999,1402.0
dcs:who/HWF_0005,dcid:country/LTU,2006,1092.0
dcs:who/HWF_0005,dcid:country/LTU,1988,14293.0
dcs:who/HWF_0005,dcid:country/LTU,1995,1346.0
dcs:who/HWF_0005,dcid:country/LTU,1993,1245.0
dcs:who/HWF_0005,dcid:country/LTU,2009,1320.0
dcs:who/HWF_0005,dcid:country/LTU,1986,13555.0
dcs:who/HWF_0005,dcid:country/LTU,1983,12540.0
dcs:who/HWF_0005,dcid:country/LTU,1990,14795.0
dcs:who/HWF_0005,dcid:country/LTU,1982,12109.0
dcs:who/HWF_0005,dcid:country/LTU,2008,1319.0
dcs:who/HWF_0005,dcid:country/LTU,1985,13090.0
dcs:who/HWF_0005,dcid:country/LTU,1992,882.0
dcs:who/HWF_0005,dcid:country/LTU,2010,1560.0
dcs:who/HWF_0005,dcid:country/LTU,1989,14579.0
dcs:who/HWF_0005,dcid:country/LTU,1980,11347.0
dcs:who/HWF_0005,dcid:country/LTU,2022,14101.0
dcs:who/HWF_0005,dcid:country/LTU,1987,13947.0
dcs:who/HWF_0005,dcid:country/LTU,1984,12879.0
dcs:who/HWF_0005,dcid:country/LTU,1991,14464.0
dcs:who/HWF_0005,dcid:country/LTU,1981,11718.0
dcs:who/HWF_0005,dcid:country/LUX,1985,423.0
dcs:who/HWF_0005,dcid:country/LUX,1994,558.0
dcs:who/HWF_0005,dcid:country/LUX,1993,532.0
dcs:who/HWF_0005,dcid:country/LUX,1981,377.0
dcs:who/HWF_0005,dcid:country/LUX,1989,462.0
dcs:who/HWF_0005,dcid:country/LUX,1980,621.0
dcs:who/HWF_0005,dcid:country/LUX,1982,605.0
dcs:who/HWF_0005,dcid:country/LUX,1990,471.0
dcs:who/HWF_0005,dcid:country/LUX,1991,485.0
dcs:who/HWF_0005,dcid:country/LUX,1987,425.0
dcs:who/HWF_0005,dcid:country/LUX,1996,628.0
dcs:who/HWF_0005,dcid:country/LUX,1986,686.0
dcs:who/HWF_0005,dcid:country/LUX,1984,637.0
dcs:who/HWF_0005,dcid:country/LUX,1995,590.0
dcs:who/HWF_0005,dcid:country/LUX,1992,512.0
dcs:who/HWF_0005,dcid:country/LUX,1983,627.0
dcs:who/HWF_0005,dcid:country/LUX,1988,441.0
dcs:who/HWF_0005,dcid:country/LVA,1989,9494.0
dcs:who/HWF_0005,dcid:country/LVA,1997,6974.0
dcs:who/HWF_0005,dcid:country/LVA,1994,7289.0
dcs:who/HWF_0005,dcid:country/LVA,1995,7028.0
dcs:who/HWF_0005,dcid:country/LVA,2000,6819.0
dcs:who/HWF_0005,dcid:country/LVA,1996,6966.0
dcs:who/HWF_0005,dcid:country/LVA,1993,7446.0
dcs:who/HWF_0005,dcid:country/LVA,1999,6495.0
dcs:who/HWF_0005,dcid:country/LVA,1990,9439.0
dcs:who/HWF_0005,dcid:country/LVA,1998,6602.0
dcs:who/HWF_0005,dcid:country/LVA,2003,6478.0
dcs:who/HWF_0005,dcid:country/LVA,2002,6443.0
dcs:who/HWF_0005,dcid:country/LVA,2001,6281.0
dcs:who/HWF_0005,dcid:country/LVA,1992,8191.0
dcs:who/HWF_0005,dcid:country/LVA,2004,6603.0
dcs:who/HWF_0005,dcid:country/LVA,1991,9571.0
dcs:who/HWF_0005,dcid:country/MAR,2009,20682.0
dcs:who/HWF_0005,dcid:country/MAR,2013,21309.0
dcs:who/HWF_0005,dcid:country/MAR,2004,15991.0
dcs:who/HWF_0005,dcid:country/MAR,2014,20947.0
dcs:who/HWF_0005,dcid:country/MAR,2007,18269.0
dcs:who/HWF_0005,dcid:country/MCO,2011,19.0
dcs:who/HWF_0005,dcid:country/MCO,2018,317.0
dcs:who/HWF_0005,dcid:country/MCO,2020,328.0
dcs:who/HWF_0005,dcid:country/MCO,1992,84.0
dcs:who/HWF_0005,dcid:country/MCO,2019,328.0
dcs:who/HWF_0005,dcid:country/MCO,1989,80.0
dcs:who/HWF_0005,dcid:country/MCO,2012,19.0
dcs:who/HWF_0005,dcid:country/MDA,1997,15440.0
dcs:who/HWF_0005,dcid:country/MDA,1992,15271.0
dcs:who/HWF_0005,dcid:country/MDA,2021,398.0
dcs:who/HWF_0005,dcid:country/MDA,1996,15406.0
dcs:who/HWF_0005,dcid:country/MDA,1994,15498.0
dcs:who/HWF_0005,dcid:country/MDA,1995,15242.0
dcs:who/HWF_0005,dcid:country/MDA,1993,15459.0
dcs:who/HWF_0005,dcid:country/MDA,2018,10915.0
dcs:who/HWF_0005,dcid:country/MDA,1998,15599.0
dcs:who/HWF_0005,dcid:country/MDA,1991,15192.0
dcs:who/HWF_0005,dcid:country/MDA,2017,10492.0
dcs:who/HWF_0005,dcid:country/MDA,1990,15485.0
dcs:who/HWF_0005,dcid:country/MDA,1988,15203.0
dcs:who/HWF_0005,dcid:country/MDA,2016,10488.0
dcs:who/HWF_0005,dcid:country/MDA,1989,15532.0
dcs:who/HWF_0005,dcid:country/MDG,2005,3303.0
dcs:who/HWF_0005,dcid:country/MDG,2012,3188.0
dcs:who/HWF_0005,dcid:country/MDG,2010,4130.0
dcs:who/HWF_0005,dcid:country/MDG,2009,3730.0
dcs:who/HWF_0005,dcid:country/MDG,2007,3524.0
dcs:who/HWF_0005,dcid:country/MDG,2008,3719.0
dcs:who/HWF_0005,dcid:country/MDG,2006,3219.0
dcs:who/HWF_0005,dcid:country/MDG,2014,4275.0
dcs:who/HWF_0005,dcid:country/MDG,2004,2780.0
dcs:who/HWF_0005,dcid:country/MDG,2002,2283.0
dcs:who/HWF_0005,dcid:country/MDG,2003,2550.0
dcs:who/HWF_0005,dcid:country/MDG,2011,3131.0
dcs:who/HWF_0005,dcid:country/MDV,2009,526.0
dcs:who/HWF_0005,dcid:country/MDV,2004,302.0
dcs:who/HWF_0005,dcid:country/MDV,1991,44.0
dcs:who/HWF_0005,dcid:country/MDV,1993,69.0
dcs:who/HWF_0005,dcid:country/MDV,1996,173.0
dcs:who/HWF_0005,dcid:country/MDV,2016,287.0
dcs:who/HWF_0005,dcid:country/MDV,2010,525.0
dcs:who/HWF_0005,dcid:country/MDV,1989,39.0
dcs:who/HWF_0005,dcid:country/MHL,2012,24.0
dcs:who/HWF_0005,dcid:country/MHL,2011,33.0
dcs:who/HWF_0005,dcid:country/MHL,2010,32.0
dcs:who/HWF_0005,dcid:country/MHL,2007,31.0
dcs:who/HWF_0005,dcid:country/MKD,2017,6219.0
dcs:who/HWF_0005,dcid:country/MKD,2016,6210.0
dcs:who/HWF_0005,dcid:country/MKD,2020,6258.0
dcs:who/HWF_0005,dcid:country/MKD,2014,6035.0
dcs:who/HWF_0005,dcid:country/MKD,2019,6468.0
dcs:who/HWF_0005,dcid:country/MKD,2018,6364.0
dcs:who/HWF_0005,dcid:country/MKD,2015,5975.0
dcs:who/HWF_0005,dcid:country/MLI,2008,934.0
dcs:who/HWF_0005,dcid:country/MLI,2015,1750.0
dcs:who/HWF_0005,dcid:country/MLI,2013,1971.0
dcs:who/HWF_0005,dcid:country/MLI,2007,864.0
dcs:who/HWF_0005,dcid:country/MLI,2009,1786.0
dcs:who/HWF_0005,dcid:country/MLI,2016,2247.0
dcs:who/HWF_0005,dcid:country/MLI,2014,1750.0
dcs:who/HWF_0005,dcid:country/MLI,2010,1536.0
dcs:who/HWF_0005,dcid:country/MLI,2012,1704.0
dcs:who/HWF_0005,dcid:country/MLI,2017,2247.0
dcs:who/HWF_0005,dcid:country/MLI,2004,721.0
dcs:who/HWF_0005,dcid:country/MLI,2005,811.0
dcs:who/HWF_0005,dcid:country/MLI,2006,794.0
dcs:who/HWF_0005,dcid:country/MLI,2011,1829.0
dcs:who/HWF_0005,dcid:country/MLT,2017,1855.0
dcs:who/HWF_0005,dcid:country/MLT,1993,910.0
dcs:who/HWF_0005,dcid:country/MLT,2019,2029.0
dcs:who/HWF_0005,dcid:country/MLT,2008,1374.0
dcs:who/HWF_0005,dcid:country/MLT,1997,925.0
dcs:who/HWF_0005,dcid:country/MLT,1989,692.0
dcs:who/HWF_0005,dcid:country/MLT,1990,800.0
dcs:who/HWF_0005,dcid:country/MLT,2012,387.0
dcs:who/HWF_0005,dcid:country/MLT,2018,1925.0
dcs:who/HWF_0005,dcid:country/MLT,1992,875.0
dcs:who/HWF_0005,dcid:country/MLT,1991,875.0
dcs:who/HWF_0005,dcid:country/MLT,2007,1357.0
dcs:who/HWF_0005,dcid:country/MLT,2013,418.0
dcs:who/HWF_0005,dcid:country/MLT,1988,700.0
dcs:who/HWF_0005,dcid:country/MLT,1998,984.0
dcs:who/HWF_0005,dcid:country/MLT,2002,1302.0
dcs:who/HWF_0005,dcid:country/MLT,2010,387.0
dcs:who/HWF_0005,dcid:country/MLT,2015,396.0
dcs:who/HWF_0005,dcid:country/MLT,2001,1221.0
dcs:who/HWF_0005,dcid:country/MLT,2016,1743.0
dcs:who/HWF_0005,dcid:country/MLT,2020,2158.0
dcs:who/HWF_0005,dcid:country/MLT,2004,1384.0
dcs:who/HWF_0005,dcid:country/MLT,2011,384.0
dcs:who/HWF_0005,dcid:country/MLT,2014,422.0
dcs:who/HWF_0005,dcid:country/MLT,2005,1407.0
dcs:who/HWF_0005,dcid:country/MLT,2009,468.0
dcs:who/HWF_0005,dcid:country/MLT,2000,1024.0
dcs:who/HWF_0005,dcid:country/MLT,2021,2252.0
dcs:who/HWF_0005,dcid:country/MLT,2003,1254.0
dcs:who/HWF_0005,dcid:country/MLT,2006,1564.0
dcs:who/HWF_0005,dcid:country/MMR,2004,17791.0
dcs:who/HWF_0005,dcid:country/MMR,2009,24536.0
dcs:who/HWF_0005,dcid:country/MMR,1988,12268.0
dcs:who/HWF_0005,dcid:country/MMR,2011,28077.0
dcs:who/HWF_0005,dcid:country/MMR,2008,23709.0
dcs:who/HWF_0005,dcid:country/MMR,2019,39826.0
dcs:who/HWF_0005,dcid:country/MMR,2005,18584.0
dcs:who/HWF_0005,dcid:country/MMR,2017,46110.0
dcs:who/HWF_0005,dcid:country/MMR,2016,32861.0
dcs:who/HWF_0005,dcid:country/MMR,2006,20501.0
dcs:who/HWF_0005,dcid:country/MMR,2010,26435.0
dcs:who/HWF_0005,dcid:country/MMR,2018,36363.0
dcs:who/HWF_0005,dcid:country/MMR,2007,21799.0
dcs:who/HWF_0005,dcid:country/MMR,2012,29832.0
dcs:who/HWF_0005,dcid:country/MNE,2000,1156.0
dcs:who/HWF_0005,dcid:country/MNE,2016,1616.0
dcs:who/HWF_0005,dcid:country/MNE,2002,1166.0
dcs:who/HWF_0005,dcid:country/MNE,2004,1191.0
dcs:who/HWF_0005,dcid:country/MNE,1999,1142.0
dcs:who/HWF_0005,dcid:country/MNE,2001,1173.0
dcs:who/HWF_0005,dcid:country/MNE,2003,1139.0
dcs:who/HWF_0005,dcid:country/MNE,2017,1659.0
dcs:who/HWF_0005,dcid:country/MNG,2003,6637.0
dcs:who/HWF_0005,dcid:country/MNG,2005,6788.0
dcs:who/HWF_0005,dcid:country/MNG,2013,8911.0
dcs:who/HWF_0005,dcid:country/MNG,2000,6498.0
dcs:who/HWF_0005,dcid:country/MNG,2001,6639.0
dcs:who/HWF_0005,dcid:country/MNG,2021,12970.0
dcs:who/HWF_0005,dcid:country/MNG,2015,9653.0
dcs:who/HWF_0005,dcid:country/MNG,2019,11788.0
dcs:who/HWF_0005,dcid:country/MNG,2017,10576.0
dcs:who/HWF_0005,dcid:country/MNG,2018,11169.0
dcs:who/HWF_0005,dcid:country/MNG,2011,7943.0
dcs:who/HWF_0005,dcid:country/MNG,2002,6823.0
dcs:who/HWF_0005,dcid:country/MNG,2006,7079.0
dcs:who/HWF_0005,dcid:country/MNG,2010,7497.0
dcs:who/HWF_0005,dcid:country/MNG,2004,6590.0
dcs:who/HWF_0005,dcid:country/MNG,2008,7584.0
dcs:who/HWF_0005,dcid:country/MNG,2020,12431.0
dcs:who/HWF_0005,dcid:country/MNG,2016,10000.0
dcs:who/HWF_0005,dcid:country/MNG,2012,8597.0
dcs:who/HWF_0005,dcid:country/MNG,2007,7336.0
dcs:who/HWF_0005,dcid:country/MNG,2009,7140.0
dcs:who/HWF_0005,dcid:country/MNG,2014,9300.0
dcs:who/HWF_0005,dcid:country/MOZ,2006,548.0
dcs:who/HWF_0005,dcid:country/MOZ,2013,1452.0
dcs:who/HWF_0005,dcid:country/MOZ,2009,1042.0
dcs:who/HWF_0005,dcid:country/MOZ,2010,1145.0
dcs:who/HWF_0005,dcid:country/MOZ,2012,1358.0
dcs:who/HWF_0005,dcid:country/MOZ,2004,514.0
dcs:who/HWF_0005,dcid:country/MOZ,2011,1268.0
dcs:who/HWF_0005,dcid:country/MRT,2015,692.0
dcs:who/HWF_0005,dcid:country/MRT,2017,791.0
dcs:who/HWF_0005,dcid:country/MRT,2009,445.0
dcs:who/HWF_0005,dcid:country/MRT,2004,313.0
dcs:who/HWF_0005,dcid:country/MRT,2014,622.0
dcs:who/HWF_0005,dcid:country/MUS,2000,1080.0
dcs:who/HWF_0005,dcid:country/MUS,2007,1425.0
dcs:who/HWF_0005,dcid:country/MUS,2003,1173.0
dcs:who/HWF_0005,dcid:country/MUS,2012,1722.0
dcs:who/HWF_0005,dcid:country/MUS,2009,1475.0
dcs:who/HWF_0005,dcid:country/MUS,2005,1342.0
dcs:who/HWF_0005,dcid:country/MUS,2010,1500.0
dcs:who/HWF_0005,dcid:country/MUS,2016,2769.0
dcs:who/HWF_0005,dcid:country/MUS,2008,1450.0
dcs:who/HWF_0005,dcid:country/MUS,2015,2550.0
dcs:who/HWF_0005,dcid:country/MUS,2013,2046.0
dcs:who/HWF_0005,dcid:country/MUS,2011,1810.0
dcs:who/HWF_0005,dcid:country/MUS,2017,2927.0
dcs:who/HWF_0005,dcid:country/MUS,2020,3450.0
dcs:who/HWF_0005,dcid:country/MUS,2001,1107.0
dcs:who/HWF_0005,dcid:country/MUS,2006,1400.0
dcs:who/HWF_0005,dcid:country/MUS,2002,1186.0
dcs:who/HWF_0005,dcid:country/MUS,2014,2429.0
dcs:who/HWF_0005,dcid:country/MUS,2019,3290.0
dcs:who/HWF_0005,dcid:country/MUS,2004,1303.0
dcs:who/HWF_0005,dcid:country/MWI,2016,284.0
dcs:who/HWF_0005,dcid:country/MWI,2009,265.0
dcs:who/HWF_0005,dcid:country/MWI,2022,12.0
dcs:who/HWF_0005,dcid:country/MWI,2004,266.0
dcs:who/HWF_0005,dcid:country/MWI,2013,168.0
dcs:who/HWF_0005,dcid:country/MYS,2008,25102.0
dcs:who/HWF_0005,dcid:country/MYS,2007,23738.0
dcs:who/HWF_0005,dcid:country/MYS,2010,32979.0
dcs:who/HWF_0005,dcid:country/MYS,2014,45565.0
dcs:who/HWF_0005,dcid:country/MYS,2003,18191.0
dcs:who/HWF_0005,dcid:country/MYS,2017,57831.0
dcs:who/HWF_0005,dcid:country/MYS,2015,46491.0
dcs:who/HWF_0005,dcid:country/MYS,2009,30536.0
dcs:who/HWF_0005,dcid:country/MYS,2004,18246.0
dcs:who/HWF_0005,dcid:country/MYS,2013,46916.0
dcs:who/HWF_0005,dcid:country/MYS,2006,21937.0
dcs:who/HWF_0005,dcid:country/MYS,2005,20105.0
dcs:who/HWF_0005,dcid:country/MYS,2002,17442.0
dcs:who/HWF_0005,dcid:country/MYS,2019,67586.0
dcs:who/HWF_0005,dcid:country/MYS,2012,38718.0
dcs:who/HWF_0005,dcid:country/MYS,2021,77755.0
dcs:who/HWF_0005,dcid:country/MYS,2018,61158.0
dcs:who/HWF_0005,dcid:country/MYS,2000,15619.0
dcs:who/HWF_0005,dcid:country/MYS,2020,73973.0
dcs:who/HWF_0005,dcid:country/MYS,2011,36607.0
dcs:who/HWF_0005,dcid:country/MYS,2016,50087.0
dcs:who/HWF_0005,dcid:country/NAM,2007,774.0
dcs:who/HWF_0005,dcid:country/NAM,2004,598.0
dcs:who/HWF_0005,dcid:country/NAM,2017,1421.0
dcs:who/HWF_0005,dcid:country/NER,2009,439.0
dcs:who/HWF_0005,dcid:country/NER,2019,888.0
dcs:who/HWF_0005,dcid:country/NER,2017,472.0
dcs:who/HWF_0005,dcid:country/NER,2008,288.0
dcs:who/HWF_0005,dcid:country/NER,2014,523.0
dcs:who/HWF_0005,dcid:country/NER,2018,818.0
dcs:who/HWF_0005,dcid:country/NER,2016,681.0
dcs:who/HWF_0005,dcid:country/NER,2004,296.0
dcs:who/HWF_0005,dcid:country/NER,2020,835.0
dcs:who/HWF_0005,dcid:country/NER,2013,946.0
dcs:who/HWF_0005,dcid:country/NER,2015,634.0
dcs:who/HWF_0005,dcid:country/NER,2012,952.0
dcs:who/HWF_0005,dcid:country/NGA,2016,83565.0
dcs:who/HWF_0005,dcid:country/NGA,2005,39210.0
dcs:who/HWF_0005,dcid:country/NGA,2013,65759.0
dcs:who/HWF_0005,dcid:country/NGA,2006,49612.0
dcs:who/HWF_0005,dcid:country/NGA,2009,58363.0
dcs:who/HWF_0005,dcid:country/NGA,2019,74543.0
dcs:who/HWF_0005,dcid:country/NGA,2003,34923.0
dcs:who/HWF_0005,dcid:country/NGA,2007,55376.0
dcs:who/HWF_0005,dcid:country/NGA,2008,56526.0
dcs:who/HWF_0005,dcid:country/NIC,2009,4040.0
dcs:who/HWF_0005,dcid:country/NIC,2003,2045.0
dcs:who/HWF_0005,dcid:country/NIC,2011,4803.0
dcs:who/HWF_0005,dcid:country/NIC,2006,2715.0
dcs:who/HWF_0005,dcid:country/NIC,2005,2717.0
dcs:who/HWF_0005,dcid:country/NIC,2007,2943.0
dcs:who/HWF_0005,dcid:country/NIC,2008,3676.0
dcs:who/HWF_0005,dcid:country/NIC,2014,5495.0
dcs:who/HWF_0005,dcid:country/NIC,2015,5795.0
dcs:who/HWF_0005,dcid:country/NIC,2010,4239.0
dcs:who/HWF_0005,dcid:country/NIC,2012,5148.0
dcs:who/HWF_0005,dcid:country/NIC,2016,6012.0
dcs:who/HWF_0005,dcid:country/NIC,2013,5445.0
dcs:who/HWF_0005,dcid:country/NIC,2017,6318.0
dcs:who/HWF_0005,dcid:country/NIU,2003,4.0
dcs:who/HWF_0005,dcid:country/NIU,2004,4.0
dcs:who/HWF_0005,dcid:country/NIU,2006,4.0
dcs:who/HWF_0005,dcid:country/NIU,1996,3.0
dcs:who/HWF_0005,dcid:country/NIU,2008,3.0
dcs:who/HWF_0005,dcid:country/NLD,1989,36042.0
dcs:who/HWF_0005,dcid:country/NLD,1991,39069.0
dcs:who/HWF_0005,dcid:country/NLD,1982,28807.0
dcs:who/HWF_0005,dcid:country/NLD,1990,37461.0
dcs:who/HWF_0005,dcid:country/NLD,1981,28037.0
dcs:who/HWF_0005,dcid:country/NLD,1983,29951.0
dcs:who/HWF_0005,dcid:country/NLD,1986,33330.0
dcs:who/HWF_0005,dcid:country/NLD,1985,32193.0
dcs:who/HWF_0005,dcid:country/NLD,1984,31185.0
dcs:who/HWF_0005,dcid:country/NLD,1988,35852.0
dcs:who/HWF_0005,dcid:country/NLD,1980,26987.0
dcs:who/HWF_0005,dcid:country/NLD,1987,34573.0
dcs:who/HWF_0005,dcid:country/NOR,2005,5846.0
dcs:who/HWF_0005,dcid:country/NOR,1995,12871.0
dcs:who/HWF_0005,dcid:country/NOR,1996,13351.0
dcs:who/HWF_0005,dcid:country/NOR,2018,9974.0
dcs:who/HWF_0005,dcid:country/NOR,2020,10513.0
dcs:who/HWF_0005,dcid:country/NOR,2017,9624.0
dcs:who/HWF_0005,dcid:country/NOR,1991,11089.0
dcs:who/HWF_0005,dcid:country/NOR,2002,5271.0
dcs:who/HWF_0005,dcid:country/NOR,1985,9176.0
dcs:who/HWF_0005,dcid:country/NOR,2010,7924.0
dcs:who/HWF_0005,dcid:country/NOR,2000,15180.0
dcs:who/HWF_0005,dcid:country/NOR,1980,8050.0
dcs:who/HWF_0005,dcid:country/NOR,2001,15978.0
dcs:who/HWF_0005,dcid:country/NOR,2016,9528.0
dcs:who/HWF_0005,dcid:country/NOR,2011,8155.0
dcs:who/HWF_0005,dcid:country/NOR,1992,11383.0
dcs:who/HWF_0005,dcid:country/NOR,1987,10482.0
dcs:who/HWF_0005,dcid:country/NOR,1997,13547.0
dcs:who/HWF_0005,dcid:country/NOR,1994,12076.0
dcs:who/HWF_0005,dcid:country/NOR,2014,8956.0
dcs:who/HWF_0005,dcid:country/NOR,2013,8672.0
dcs:who/HWF_0005,dcid:country/NOR,1993,10031.0
dcs:who/HWF_0005,dcid:country/NOR,2003,5118.0
dcs:who/HWF_0005,dcid:country/NOR,2019,10193.0
dcs:who/HWF_0005,dcid:country/NOR,1999,14665.0
dcs:who/HWF_0005,dcid:country/NOR,2007,6747.0
dcs:who/HWF_0005,dcid:country/NOR,2021,10628.0
dcs:who/HWF_0005,dcid:country/NOR,2015,9069.0
dcs:who/HWF_0005,dcid:country/NOR,2009,7597.0
dcs:who/HWF_0005,dcid:country/NOR,1986,9443.0
dcs:who/HWF_0005,dcid:country/NOR,1998,11677.0
dcs:who/HWF_0005,dcid:country/NOR,2006,6362.0
dcs:who/HWF_0005,dcid:country/NOR,2012,8437.0
dcs:who/HWF_0005,dcid:country/NOR,2008,7203.0
dcs:who/HWF_0005,dcid:country/NOR,2004,5465.0
dcs:who/HWF_0005,dcid:country/NPL,2013,15181.0
dcs:who/HWF_0005,dcid:country/NPL,2004,5384.0
dcs:who/HWF_0005,dcid:country/NPL,2017,19069.0
dcs:who/HWF_0005,dcid:country/NPL,2012,13925.0
dcs:who/HWF_0005,dcid:country/NRU,2009,10.0
dcs:who/HWF_0005,dcid:country/NRU,2011,14.0
dcs:who/HWF_0005,dcid:country/NRU,1995,16.0
dcs:who/HWF_0005,dcid:country/NRU,2008,10.0
dcs:who/HWF_0005,dcid:country/NRU,2015,14.0
dcs:who/HWF_0005,dcid:country/NRU,2010,11.0
dcs:who/HWF_0005,dcid:country/NRU,2004,10.0
dcs:who/HWF_0005,dcid:country/NZL,1980,4881.0
dcs:who/HWF_0005,dcid:country/NZL,2020,299.0
dcs:who/HWF_0005,dcid:country/NZL,2005,1067.0
dcs:who/HWF_0005,dcid:country/NZL,2011,799.0
dcs:who/HWF_0005,dcid:country/NZL,1987,6095.0
dcs:who/HWF_0005,dcid:country/NZL,1983,5403.0
dcs:who/HWF_0005,dcid:country/NZL,1984,5437.0
dcs:who/HWF_0005,dcid:country/NZL,2015,411.0
dcs:who/HWF_0005,dcid:country/NZL,2021,308.0
dcs:who/HWF_0005,dcid:country/NZL,2017,405.0
dcs:who/HWF_0005,dcid:country/NZL,2008,1020.0
dcs:who/HWF_0005,dcid:country/NZL,2009,1644.0
dcs:who/HWF_0005,dcid:country/NZL,2004,1215.0
dcs:who/HWF_0005,dcid:country/NZL,2000,952.0
dcs:who/HWF_0005,dcid:country/NZL,1985,5556.0
dcs:who/HWF_0005,dcid:country/NZL,1999,8616.0
dcs:who/HWF_0005,dcid:country/NZL,1982,5210.0
dcs:who/HWF_0005,dcid:country/NZL,1986,5747.0
dcs:who/HWF_0005,dcid:country/NZL,1998,8491.0
dcs:who/HWF_0005,dcid:country/NZL,2016,410.0
dcs:who/HWF_0005,dcid:country/NZL,2018,451.0
dcs:who/HWF_0005,dcid:country/NZL,2003,1125.0
dcs:who/HWF_0005,dcid:country/NZL,1995,7530.0
dcs:who/HWF_0005,dcid:country/NZL,1991,6575.0
dcs:who/HWF_0005,dcid:country/NZL,1981,5037.0
dcs:who/HWF_0005,dcid:country/NZL,1988,6174.0
dcs:who/HWF_0005,dcid:country/NZL,2010,1078.0
dcs:who/HWF_0005,dcid:country/NZL,1997,8224.0
dcs:who/HWF_0005,dcid:country/NZL,2012,1163.0
dcs:who/HWF_0005,dcid:country/NZL,1989,6286.0
dcs:who/HWF_0005,dcid:country/NZL,1996,7634.0
dcs:who/HWF_0005,dcid:country/NZL,2001,1011.0
dcs:who/HWF_0005,dcid:country/NZL,2002,1104.0
dcs:who/HWF_0005,dcid:country/NZL,1990,6339.0
dcs:who/HWF_0005,dcid:country/NZL,2013,1364.0
dcs:who/HWF_0005,dcid:country/NZL,1993,6872.0
dcs:who/HWF_0005,dcid:country/NZL,2022,314.0
dcs:who/HWF_0005,dcid:country/NZL,2019,237.0
dcs:who/HWF_0005,dcid:country/NZL,1992,6722.0
dcs:who/HWF_0005,dcid:country/NZL,2007,1074.0
dcs:who/HWF_0005,dcid:country/NZL,1994,7180.0
dcs:who/HWF_0005,dcid:country/NZL,2014,931.0
dcs:who/HWF_0005,dcid:country/NZL,2006,1204.0
dcs:who/HWF_0005,dcid:country/OMN,2012,7055.0
dcs:who/HWF_0005,dcid:country/OMN,2004,3871.0
dcs:who/HWF_0005,dcid:country/OMN,1997,1921.0
dcs:who/HWF_0005,dcid:country/OMN,2001,3397.0
dcs:who/HWF_0005,dcid:country/OMN,1998,2099.0
dcs:who/HWF_0005,dcid:country/OMN,2000,3258.0
dcs:who/HWF_0005,dcid:country/OMN,2011,6328.0
dcs:who/HWF_0005,dcid:country/OMN,1995,2477.0
dcs:who/HWF_0005,dcid:country/OMN,1985,958.0
dcs:who/HWF_0005,dcid:country/OMN,2008,5194.0
dcs:who/HWF_0005,dcid:country/OMN,2005,4182.0
dcs:who/HWF_0005,dcid:country/OMN,2007,4908.0
dcs:who/HWF_0005,dcid:country/OMN,1990,1441.0
dcs:who/HWF_0005,dcid:country/OMN,2009,5563.0
dcs:who/HWF_0005,dcid:country/OMN,1999,2174.0
dcs:who/HWF_0005,dcid:country/OMN,2010,5862.0
dcs:who/HWF_0005,dcid:country/OMN,1980,514.0
dcs:who/HWF_0005,dcid:country/OMN,2002,3536.0
dcs:who/HWF_0005,dcid:country/OMN,2003,3726.0
dcs:who/HWF_0005,dcid:country/OMN,2013,7673.0
dcs:who/HWF_0005,dcid:country/OMN,2006,4579.0
dcs:who/HWF_0005,dcid:country/PAK,2012,160880.0
dcs:who/HWF_0005,dcid:country/PAK,1993,63003.0
dcs:who/HWF_0005,dcid:country/PAK,2008,133984.0
dcs:who/HWF_0005,dcid:country/PAK,2000,91823.0
dcs:who/HWF_0005,dcid:country/PAK,1996,74229.0
dcs:who/HWF_0005,dcid:country/PAK,2015,184711.0
dcs:who/HWF_0005,dcid:country/PAK,2014,175223.0
dcs:who/HWF_0005,dcid:country/PAK,2001,96248.0
dcs:who/HWF_0005,dcid:country/PAK,1997,78470.0
dcs:who/HWF_0005,dcid:country/PAK,2013,167759.0
dcs:who/HWF_0005,dcid:country/PAK,2004,116298.0
dcs:who/HWF_0005,dcid:country/PAK,2010,144901.0
dcs:who/HWF_0005,dcid:country/PAK,1994,66196.0
dcs:who/HWF_0005,dcid:country/PAK,2009,139555.0
dcs:who/HWF_0005,dcid:country/PAK,1992,60042.0
dcs:who/HWF_0005,dcid:country/PAK,2007,127859.0
dcs:who/HWF_0005,dcid:country/PAK,1999,87105.0
dcs:who/HWF_0005,dcid:country/PAK,2016,195896.0
dcs:who/HWF_0005,dcid:country/PAK,2011,152368.0
dcs:who/HWF_0005,dcid:country/PAK,2018,208007.0
dcs:who/HWF_0005,dcid:country/PAK,2017,208007.0
dcs:who/HWF_0005,dcid:country/PAK,1995,69691.0
dcs:who/HWF_0005,dcid:country/PAK,1998,82682.0
dcs:who/HWF_0005,dcid:country/PAK,2005,126350.0
dcs:who/HWF_0005,dcid:country/PAN,2015,1027.0
dcs:who/HWF_0005,dcid:country/PAN,2012,6025.0
dcs:who/HWF_0005,dcid:country/PAN,2007,4501.0
dcs:who/HWF_0005,dcid:country/PAN,2002,4203.0
dcs:who/HWF_0005,dcid:country/PAN,1990,2750.0
dcs:who/HWF_0005,dcid:country/PAN,2020,644.0
dcs:who/HWF_0005,dcid:country/PAN,2013,6068.0
dcs:who/HWF_0005,dcid:country/PAN,2021,880.0
dcs:who/HWF_0005,dcid:country/PAN,2001,3843.0
dcs:who/HWF_0005,dcid:country/PAN,1995,3196.0
dcs:who/HWF_0005,dcid:country/PAN,1991,2831.0
dcs:who/HWF_0005,dcid:country/PAN,2008,4855.0
dcs:who/HWF_0005,dcid:country/PAN,1996,3371.0
dcs:who/HWF_0005,dcid:country/PAN,2009,4686.0
dcs:who/HWF_0005,dcid:country/PAN,1997,3434.0
dcs:who/HWF_0005,dcid:country/PAN,1999,3662.0
dcs:who/HWF_0005,dcid:country/PAN,2005,4488.0
dcs:who/HWF_0005,dcid:country/PAN,2010,5121.0
dcs:who/HWF_0005,dcid:country/PAN,2004,4321.0
dcs:who/HWF_0005,dcid:country/PAN,1998,3475.0
dcs:who/HWF_0005,dcid:country/PAN,2017,988.0
dcs:who/HWF_0005,dcid:country/PAN,2018,847.0
dcs:who/HWF_0005,dcid:country/PAN,1994,3021.0
dcs:who/HWF_0005,dcid:country/PAN,2003,4301.0
dcs:who/HWF_0005,dcid:country/PAN,2006,4575.0
dcs:who/HWF_0005,dcid:country/PAN,2011,5551.0
dcs:who/HWF_0005,dcid:country/PAN,2019,751.0
dcs:who/HWF_0005,dcid:country/PAN,1993,3097.0
dcs:who/HWF_0005,dcid:country/PAN,1992,2947.0
dcs:who/HWF_0005,dcid:country/PAN,2016,1035.0
dcs:who/HWF_0005,dcid:country/PER,2007,47170.0
dcs:who/HWF_0005,dcid:country/PER,2009,27272.0
dcs:who/HWF_0005,dcid:country/PER,2012,33669.0
dcs:who/HWF_0005,dcid:country/PER,2018,43805.0
dcs:who/HWF_0005,dcid:country/PER,1999,29799.0
dcs:who/HWF_0005,dcid:country/PER,2016,40352.0
dcs:who/HWF_0005,dcid:country/PHL,2001,97206.0
dcs:who/HWF_0005,dcid:country/PHL,2020,84306.0
dcs:who/HWF_0005,dcid:country/PHL,2004,93862.0
dcs:who/HWF_0005,dcid:country/PHL,2016,67330.0
dcs:who/HWF_0005,dcid:country/PHL,2011,54415.0
dcs:who/HWF_0005,dcid:country/PHL,2017,71407.0
dcs:who/HWF_0005,dcid:country/PHL,2021,89533.0
dcs:who/HWF_0005,dcid:country/PHL,2008,114159.0
dcs:who/HWF_0005,dcid:country/PHL,2015,64109.0
dcs:who/HWF_0005,dcid:country/PHL,2019,81157.0
dcs:who/HWF_0005,dcid:country/PHL,2000,95032.0
dcs:who/HWF_0005,dcid:country/PHL,2005,106083.0
dcs:who/HWF_0005,dcid:country/PHL,2018,76079.0
dcs:who/HWF_0005,dcid:country/PHL,2007,111233.0
dcs:who/HWF_0005,dcid:country/PHL,2006,108640.0
dcs:who/HWF_0005,dcid:country/PHL,2002,90370.0
dcs:who/HWF_0005,dcid:country/PHL,2009,116734.0
dcs:who/HWF_0005,dcid:country/PHL,2014,61139.0
dcs:who/HWF_0005,dcid:country/PHL,2003,101786.0
dcs:who/HWF_0005,dcid:country/PHL,2013,58598.0
dcs:who/HWF_0005,dcid:country/PHL,2010,52287.0
dcs:who/HWF_0005,dcid:country/PHL,2012,56461.0
dcs:who/HWF_0005,dcid:country/PLW,2014,25.0
dcs:who/HWF_0005,dcid:country/PLW,2009,29.0
dcs:who/HWF_0005,dcid:country/PLW,2010,29.0
dcs:who/HWF_0005,dcid:country/PLW,2006,26.0
dcs:who/HWF_0005,dcid:country/PLW,1998,26.0
dcs:who/HWF_0005,dcid:country/PLW,2020,4.0
dcs:who/HWF_0005,dcid:country/PNG,2000,275.0
dcs:who/HWF_0005,dcid:country/PNG,2021,34.0
dcs:who/HWF_0005,dcid:country/PNG,2010,376.0
dcs:who/HWF_0005,dcid:country/PNG,2018,602.0
dcs:who/HWF_0005,dcid:country/PNG,2008,333.0
dcs:who/HWF_0005,dcid:country/POL,1996,90828.0
dcs:who/HWF_0005,dcid:country/POL,1980,63577.0
dcs:who/HWF_0005,dcid:country/POL,1990,81641.0
dcs:who/HWF_0005,dcid:country/POL,1993,85367.0
dcs:who/HWF_0005,dcid:country/POL,1992,83724.0
dcs:who/HWF_0005,dcid:country/POL,2007,83519.0
dcs:who/HWF_0005,dcid:country/POL,2002,88070.0
dcs:who/HWF_0005,dcid:country/POL,1981,64896.0
dcs:who/HWF_0005,dcid:country/POL,2001,86706.0
dcs:who/HWF_0005,dcid:country/POL,2006,83116.0
dcs:who/HWF_0005,dcid:country/POL,1995,89421.0
dcs:who/HWF_0005,dcid:country/POL,1982,67002.0
dcs:who/HWF_0005,dcid:country/POL,1991,82925.0
dcs:who/HWF_0005,dcid:country/POL,1994,87712.0
dcs:who/HWF_0005,dcid:country/POL,2005,81600.0
dcs:who/HWF_0005,dcid:country/POL,1983,69231.0
dcs:who/HWF_0005,dcid:country/POL,1999,87524.0
dcs:who/HWF_0005,dcid:country/POL,1985,73199.0
dcs:who/HWF_0005,dcid:country/POL,1986,75473.0
dcs:who/HWF_0005,dcid:country/POL,1987,77496.0
dcs:who/HWF_0005,dcid:country/POL,1984,71012.0
dcs:who/HWF_0005,dcid:country/POL,1998,90086.0
dcs:who/HWF_0005,dcid:country/POL,1988,78662.0
dcs:who/HWF_0005,dcid:country/POL,2003,92982.0
dcs:who/HWF_0005,dcid:country/POL,1997,91121.0
dcs:who/HWF_0005,dcid:country/POL,2004,87440.0
dcs:who/HWF_0005,dcid:country/POL,2000,85031.0
dcs:who/HWF_0005,dcid:country/POL,1989,79247.0
dcs:who/HWF_0005,dcid:country/PRK,2017,13114.0
dcs:who/HWF_0005,dcid:country/PRK,2012,85470.0
dcs:who/HWF_0005,dcid:country/PRK,2008,79931.0
dcs:who/HWF_0005,dcid:country/PRK,2016,93667.0
dcs:who/HWF_0005,dcid:country/PRK,2003,74597.0
dcs:who/HWF_0005,dcid:country/PRK,2014,87839.0
dcs:who/HWF_0005,dcid:country/PRY,2022,26320.0
dcs:who/HWF_0005,dcid:country/PRY,2018,9421.0
dcs:who/HWF_0005,dcid:country/PRY,2002,6355.0
dcs:who/HWF_0005,dcid:country/PRY,2021,21734.0
dcs:who/HWF_0005,dcid:country/PRY,2012,8203.0
dcs:who/HWF_0005,dcid:country/QAT,2018,671.0
dcs:who/HWF_0005,dcid:country/QAT,2005,2150.0
dcs:who/HWF_0005,dcid:country/QAT,2010,6919.0
dcs:who/HWF_0005,dcid:country/QAT,2006,2313.0
dcs:who/HWF_0005,dcid:country/QAT,2008,4610.0
dcs:who/HWF_0005,dcid:country/QAT,2009,5126.0
dcs:who/HWF_0005,dcid:country/QAT,2016,7152.0
dcs:who/HWF_0005,dcid:country/ROU,1991,25309.0
dcs:who/HWF_0005,dcid:country/ROU,1987,26460.0
dcs:who/HWF_0005,dcid:country/ROU,1988,27306.0
dcs:who/HWF_0005,dcid:country/ROU,1986,27471.0
dcs:who/HWF_0005,dcid:country/ROU,1992,25375.0
dcs:who/HWF_0005,dcid:country/ROU,2005,14904.0
dcs:who/HWF_0005,dcid:country/ROU,1998,8422.0
dcs:who/HWF_0005,dcid:country/ROU,2002,13808.0
dcs:who/HWF_0005,dcid:country/ROU,2000,25437.0
dcs:who/HWF_0005,dcid:country/ROU,1989,26599.0
dcs:who/HWF_0005,dcid:country/ROU,1997,22800.0
dcs:who/HWF_0005,dcid:country/ROU,1980,32762.0
dcs:who/HWF_0005,dcid:country/ROU,1996,24098.0
dcs:who/HWF_0005,dcid:country/ROU,1994,10508.0
dcs:who/HWF_0005,dcid:country/ROU,2003,29745.0
dcs:who/HWF_0005,dcid:country/ROU,1990,25747.0
dcs:who/HWF_0005,dcid:country/ROU,1999,23542.0
dcs:who/HWF_0005,dcid:country/ROU,1985,40050.0
dcs:who/HWF_0005,dcid:country/ROU,2004,18060.0
dcs:who/HWF_0005,dcid:country/ROU,2001,26758.0
dcs:who/HWF_0005,dcid:country/ROU,1995,23227.0
dcs:who/HWF_0005,dcid:country/ROU,1993,23112.0
dcs:who/HWF_0005,dcid:country/RUS,2006,702200.0
dcs:who/HWF_0005,dcid:country/RUS,2014,551037.0
dcs:who/HWF_0005,dcid:country/RUS,2005,690300.0
dcs:who/HWF_0005,dcid:country/RUS,1991,632200.0
dcs:who/HWF_0005,dcid:country/RUS,1995,653700.0
dcs:who/HWF_0005,dcid:country/RUS,1992,637300.0
dcs:who/HWF_0005,dcid:country/RUS,1994,636800.0
dcs:who/HWF_0005,dcid:country/RUS,2007,707300.0
dcs:who/HWF_0005,dcid:country/RUS,1999,682500.0
dcs:who/HWF_0005,dcid:country/RUS,2012,532364.0
dcs:who/HWF_0005,dcid:country/RUS,1993,641600.0
dcs:who/HWF_0005,dcid:country/RUS,2009,711300.0
dcs:who/HWF_0005,dcid:country/RUS,2004,688200.0
dcs:who/HWF_0005,dcid:country/RUS,2017,547236.0
dcs:who/HWF_0005,dcid:country/RUS,1987,582148.0
dcs:who/HWF_0005,dcid:country/RUS,2013,533481.0
dcs:who/HWF_0005,dcid:country/RUS,1988,591786.0
dcs:who/HWF_0005,dcid:country/RUS,2019,562676.0
dcs:who/HWF_0005,dcid:country/RUS,2010,668046.0
dcs:who/HWF_0005,dcid:country/RUS,1996,669200.0
dcs:who/HWF_0005,dcid:country/RUS,2016,533636.0
dcs:who/HWF_0005,dcid:country/RUS,2011,560737.0
dcs:who/HWF_0005,dcid:country/RUS,1985,553673.0
dcs:who/HWF_0005,dcid:country/RUS,2000,680200.0
dcs:who/HWF_0005,dcid:country/RUS,2002,682400.0
dcs:who/HWF_0005,dcid:country/RUS,2003,686000.0
dcs:who/HWF_0005,dcid:country/RUS,2015,524705.0
dcs:who/HWF_0005,dcid:country/RUS,1990,667300.0
dcs:who/HWF_0005,dcid:country/RUS,1998,679800.0
dcs:who/HWF_0005,dcid:country/RUS,1986,567832.0
dcs:who/HWF_0005,dcid:country/RUS,2008,703800.0
dcs:who/HWF_0005,dcid:country/RUS,1997,673400.0
dcs:who/HWF_0005,dcid:country/RUS,2001,677800.0
dcs:who/HWF_0005,dcid:country/RUS,2020,557285.0
dcs:who/HWF_0005,dcid:country/RUS,2018,552845.0
dcs:who/HWF_0005,dcid:country/RUS,1989,601874.0
dcs:who/HWF_0005,dcid:country/RWA,2019,1492.0
dcs:who/HWF_0005,dcid:country/SAU,2000,14950.0
dcs:who/HWF_0005,dcid:country/SAU,2016,75740.0
dcs:who/HWF_0005,dcid:country/SAU,2012,61516.0
dcs:who/HWF_0005,dcid:country/SAU,2018,8161.0
dcs:who/HWF_0005,dcid:country/SAU,2020,8519.0
dcs:who/HWF_0005,dcid:country/SAU,2011,59261.0
dcs:who/HWF_0005,dcid:country/SAU,2015,73254.0
dcs:who/HWF_0005,dcid:country/SAU,2017,82380.0
dcs:who/HWF_0005,dcid:country/SAU,2009,46904.0
dcs:who/HWF_0005,dcid:country/SAU,2001,14464.0
dcs:who/HWF_0005,dcid:country/SAU,2010,56459.0
dcs:who/HWF_0005,dcid:country/SAU,2021,10258.0
dcs:who/HWF_0005,dcid:country/SAU,2013,67980.0
dcs:who/HWF_0005,dcid:country/SAU,2022,6691.0
dcs:who/HWF_0005,dcid:country/SAU,2019,94333.0
dcs:who/HWF_0005,dcid:country/SAU,2008,45896.0
dcs:who/HWF_0005,dcid:country/SAU,2014,68747.0
dcs:who/HWF_0005,dcid:country/SDN,2006,11083.0
dcs:who/HWF_0005,dcid:country/SDN,2015,15845.0
dcs:who/HWF_0005,dcid:country/SDN,2017,10683.0
dcs:who/HWF_0005,dcid:country/SDN,2008,10813.0
dcs:who/HWF_0005,dcid:country/SDN,2004,7552.0
dcs:who/HWF_0005,dcid:country/SDN,2007,11337.0
dcs:who/HWF_0005,dcid:country/SEN,2004,594.0
dcs:who/HWF_0005,dcid:country/SEN,2008,741.0
dcs:who/HWF_0005,dcid:country/SEN,2017,1066.0
dcs:who/HWF_0005,dcid:country/SGP,2011,9646.0
dcs:who/HWF_0005,dcid:country/SGP,2008,7841.0
dcs:who/HWF_0005,dcid:country/SGP,2006,6931.0
dcs:who/HWF_0005,dcid:country/SGP,2007,7384.0
dcs:who/HWF_0005,dcid:country/SGP,2012,10225.0
dcs:who/HWF_0005,dcid:country/SGP,2010,9030.0
dcs:who/HWF_0005,dcid:country/SGP,2005,6748.0
dcs:who/HWF_0005,dcid:country/SGP,2004,6492.0
dcs:who/HWF_0005,dcid:country/SGP,2015,12459.0
dcs:who/HWF_0005,dcid:country/SGP,2009,8323.0
dcs:who/HWF_0005,dcid:country/SGP,2003,6292.0
dcs:who/HWF_0005,dcid:country/SGP,2020,14823.0
dcs:who/HWF_0005,dcid:country/SGP,2014,11733.0
dcs:who/HWF_0005,dcid:country/SGP,2019,14279.0
dcs:who/HWF_0005,dcid:country/SGP,2001,5922.0
dcs:who/HWF_0005,dcid:country/SGP,2000,5577.0
dcs:who/HWF_0005,dcid:country/SGP,2021,15423.0
dcs:who/HWF_0005,dcid:country/SGP,2017,13386.0
dcs:who/HWF_0005,dcid:country/SGP,1999,5325.0
dcs:who/HWF_0005,dcid:country/SGP,2018,13766.0
dcs:who/HWF_0005,dcid:country/SGP,2002,6029.0
dcs:who/HWF_0005,dcid:country/SGP,2013,10953.0
dcs:who/HWF_0005,dcid:country/SLB,2011,109.0
dcs:who/HWF_0005,dcid:country/SLB,2013,107.0
dcs:who/HWF_0005,dcid:country/SLB,1999,54.0
dcs:who/HWF_0005,dcid:country/SLB,2008,89.0
dcs:who/HWF_0005,dcid:country/SLB,2016,120.0
dcs:who/HWF_0005,dcid:country/SLB,2003,60.0
dcs:who/HWF_0005,dcid:country/SLB,2005,89.0
dcs:who/HWF_0005,dcid:country/SLE,2010,136.0
dcs:who/HWF_0005,dcid:country/SLE,2004,168.0
dcs:who/HWF_0005,dcid:country/SLV,2018,18427.0
dcs:who/HWF_0005,dcid:country/SLV,1999,7268.0
dcs:who/HWF_0005,dcid:country/SLV,2005,10355.0
dcs:who/HWF_0005,dcid:country/SLV,2002,7938.0
dcs:who/HWF_0005,dcid:country/SLV,2008,11542.0
dcs:who/HWF_0005,dcid:country/SMR,2011,155.0
dcs:who/HWF_0005,dcid:country/SMR,2013,164.0
dcs:who/HWF_0005,dcid:country/SMR,2012,164.0
dcs:who/HWF_0005,dcid:country/SMR,2014,201.0
dcs:who/HWF_0005,dcid:country/SOM,2006,300.0
dcs:who/HWF_0005,dcid:country/SOM,2014,309.0
dcs:who/HWF_0005,dcid:country/SRB,2018,20824.0
dcs:who/HWF_0005,dcid:country/SRB,2020,19857.0
dcs:who/HWF_0005,dcid:country/SRB,2016,20853.0
dcs:who/HWF_0005,dcid:country/SRB,2021,20703.0
dcs:who/HWF_0005,dcid:country/SRB,2017,20773.0
dcs:who/HWF_0005,dcid:country/STP,2004,81.0
dcs:who/HWF_0005,dcid:country/STP,2015,63.0
dcs:who/HWF_0005,dcid:country/STP,2019,105.0
dcs:who/HWF_0005,dcid:country/SUR,2000,191.0
dcs:who/HWF_0005,dcid:country/SUR,2018,472.0
dcs:who/HWF_0005,dcid:country/SUR,2004,400.0
dcs:who/HWF_0005,dcid:country/SVK,2002,17215.0
dcs:who/HWF_0005,dcid:country/SVK,2008,18121.0
dcs:who/HWF_0005,dcid:country/SVK,2015,18719.0
dcs:who/HWF_0005,dcid:country/SVK,2001,17340.0
dcs:who/HWF_0005,dcid:country/SVK,2011,17849.0
dcs:who/HWF_0005,dcid:country/SVK,2009,17798.0
dcs:who/HWF_0005,dcid:country/SVK,2019,19454.0
dcs:who/HWF_0005,dcid:country/SVK,2016,18864.0
dcs:who/HWF_0005,dcid:country/SVK,2010,18110.0
dcs:who/HWF_0005,dcid:country/SVK,2013,18355.0
dcs:who/HWF_0005,dcid:country/SVK,2020,20026.0
dcs:who/HWF_0005,dcid:country/SVK,2005,16318.0
dcs:who/HWF_0005,dcid:country/SVK,2003,16925.0
dcs:who/HWF_0005,dcid:country/SVK,2012,18193.0
dcs:who/HWF_0005,dcid:country/SVK,2006,17040.0
dcs:who/HWF_0005,dcid:country/SVK,2014,18574.0
dcs:who/HWF_0005,dcid:country/SVK,2018,19178.0
dcs:who/HWF_0005,dcid:country/SVK,2017,18608.0
dcs:who/HWF_0005,dcid:country/SVK,2000,17420.0
dcs:who/HWF_0005,dcid:country/SVK,2007,18219.0
dcs:who/HWF_0005,dcid:country/SVK,2021,20047.0
dcs:who/HWF_0005,dcid:country/SVK,2004,16938.0
dcs:who/HWF_0005,dcid:country/SVN,2005,272.0
dcs:who/HWF_0005,dcid:country/SVN,2009,161.0
dcs:who/HWF_0005,dcid:country/SVN,1990,4110.0
dcs:who/HWF_0005,dcid:country/SVN,2008,208.0
dcs:who/HWF_0005,dcid:country/SVN,1989,4119.0
dcs:who/HWF_0005,dcid:country/SVN,1988,4040.0
dcs:who/HWF_0005,dcid:country/SVN,1987,3997.0
dcs:who/HWF_0005,dcid:country/SVN,2020,183.0
dcs:who/HWF_0005,dcid:country/SVN,2016,305.0
dcs:who/HWF_0005,dcid:country/SVN,2006,285.0
dcs:who/HWF_0005,dcid:country/SVN,2000,4279.0
dcs:who/HWF_0005,dcid:country/SVN,1995,4216.0
dcs:who/HWF_0005,dcid:country/SVN,2001,4325.0
dcs:who/HWF_0005,dcid:country/SVN,2003,4485.0
dcs:who/HWF_0005,dcid:country/SVN,2002,4440.0
dcs:who/HWF_0005,dcid:country/SVN,1994,4356.0
dcs:who/HWF_0005,dcid:country/SVN,1996,4251.0
dcs:who/HWF_0005,dcid:country/SVN,1991,4155.0
dcs:who/HWF_0005,dcid:country/SVN,2015,194.0
dcs:who/HWF_0005,dcid:country/SVN,1993,4039.0
dcs:who/HWF_0005,dcid:country/SVN,1997,4436.0
dcs:who/HWF_0005,dcid:country/SVN,2021,206.0
dcs:who/HWF_0005,dcid:country/SVN,1985,3712.0
dcs:who/HWF_0005,dcid:country/SVN,1992,4169.0
dcs:who/HWF_0005,dcid:country/SVN,2010,162.0
dcs:who/HWF_0005,dcid:country/SVN,2011,115.0
dcs:who/HWF_0005,dcid:country/SVN,2017,250.0
dcs:who/HWF_0005,dcid:country/SVN,1980,3358.0
dcs:who/HWF_0005,dcid:country/SVN,2013,125.0
dcs:who/HWF_0005,dcid:country/SVN,2004,4589.0
dcs:who/HWF_0005,dcid:country/SVN,2019,208.0
dcs:who/HWF_0005,dcid:country/SVN,2007,257.0
dcs:who/HWF_0005,dcid:country/SVN,1999,4216.0
dcs:who/HWF_0005,dcid:country/SVN,1998,4335.0
dcs:who/HWF_0005,dcid:country/SVN,2018,174.0
dcs:who/HWF_0005,dcid:country/SVN,1986,3837.0
dcs:who/HWF_0005,dcid:country/SVN,2014,150.0
dcs:who/HWF_0005,dcid:country/SVN,2012,153.0
dcs:who/HWF_0005,dcid:country/SWE,1987,24647.0
dcs:who/HWF_0005,dcid:country/SWE,1993,31084.0
dcs:who/HWF_0005,dcid:country/SWE,2019,14867.0
dcs:who/HWF_0005,dcid:country/SWE,2021,74856.0
dcs:who/HWF_0005,dcid:country/SWE,2004,8195.0
dcs:who/HWF_0005,dcid:country/SWE,2005,8498.0
dcs:who/HWF_0005,dcid:country/SWE,1992,30063.0
dcs:who/HWF_0005,dcid:country/SWE,2014,11967.0
dcs:who/HWF_0005,dcid:country/SWE,1989,26786.0
dcs:who/HWF_0005,dcid:country/SWE,2003,7987.0
dcs:who/HWF_0005,dcid:country/SWE,2009,9889.0
dcs:who/HWF_0005,dcid:country/SWE,2013,11439.0
dcs:who/HWF_0005,dcid:country/SWE,2011,10675.0
dcs:who/HWF_0005,dcid:country/SWE,1986,23612.0
dcs:who/HWF_0005,dcid:country/SWE,2010,10261.0
dcs:who/HWF_0005,dcid:country/SWE,1988,25728.0
dcs:who/HWF_0005,dcid:country/SWE,2007,9121.0
dcs:who/HWF_0005,dcid:country/SWE,1997,6649.0
dcs:who/HWF_0005,dcid:country/SWE,2015,12574.0
dcs:who/HWF_0005,dcid:country/SWE,1990,27808.0
dcs:who/HWF_0005,dcid:country/SWE,1996,6489.0
dcs:who/HWF_0005,dcid:country/SWE,1991,28958.0
dcs:who/HWF_0005,dcid:country/SWE,2020,15511.0
dcs:who/HWF_0005,dcid:country/SWE,2016,13311.0
dcs:who/HWF_0005,dcid:country/SWE,1998,6782.0
dcs:who/HWF_0005,dcid:country/SWE,2017,13846.0
dcs:who/HWF_0005,dcid:country/SWE,1995,6472.0
dcs:who/HWF_0005,dcid:country/SWE,2006,8806.0
dcs:who/HWF_0005,dcid:country/SWE,2002,7757.0
dcs:who/HWF_0005,dcid:country/SWE,1999,6936.0
dcs:who/HWF_0005,dcid:country/SWE,1984,21462.0
dcs:who/HWF_0005,dcid:country/SWE,2000,7075.0
dcs:who/HWF_0005,dcid:country/SWE,2018,14472.0
dcs:who/HWF_0005,dcid:country/SWE,1985,22485.0
dcs:who/HWF_0005,dcid:country/SWE,2012,11095.0
dcs:who/HWF_0005,dcid:country/SWE,2001,7449.0
dcs:who/HWF_0005,dcid:country/SWE,1994,32100.0
dcs:who/HWF_0005,dcid:country/SWE,2008,9545.0
dcs:who/HWF_0005,dcid:country/SWZ,2004,171.0
dcs:who/HWF_0005,dcid:country/SWZ,2017,208.0
dcs:who/HWF_0005,dcid:country/SWZ,2001,179.0
dcs:who/HWF_0005,dcid:country/SWZ,2003,160.0
dcs:who/HWF_0005,dcid:country/SWZ,2009,173.0
dcs:who/HWF_0005,dcid:country/SWZ,2011,109.0
dcs:who/HWF_0005,dcid:country/SWZ,2016,107.0
dcs:who/HWF_0005,dcid:country/SYC,2022,6.0
dcs:who/HWF_0005,dcid:country/SYC,2010,100.0
dcs:who/HWF_0005,dcid:country/SYC,2005,104.0
dcs:who/HWF_0005,dcid:country/SYC,2004,121.0
dcs:who/HWF_0005,dcid:country/SYC,2019,220.0
dcs:who/HWF_0005,dcid:country/SYC,2008,70.0
dcs:who/HWF_0005,dcid:country/SYC,2009,103.0
dcs:who/HWF_0005,dcid:country/SYC,2007,91.0
dcs:who/HWF_0005,dcid:country/SYC,2011,107.0
dcs:who/HWF_0005,dcid:country/SYC,2012,93.0
dcs:who/HWF_0005,dcid:country/SYC,2006,75.0
dcs:who/HWF_0005,dcid:country/SYR,2002,25073.0
dcs:who/HWF_0005,dcid:country/SYR,1998,20888.0
dcs:who/HWF_0005,dcid:country/SYR,2004,25890.0
dcs:who/HWF_0005,dcid:country/SYR,1999,21393.0
dcs:who/HWF_0005,dcid:country/SYR,2000,22408.0
dcs:who/HWF_0005,dcid:country/SYR,1997,19678.0
dcs:who/HWF_0005,dcid:country/SYR,2016,22485.0
dcs:who/HWF_0005,dcid:country/SYR,2014,29025.0
dcs:who/HWF_0005,dcid:country/SYR,2007,29582.0
dcs:who/HWF_0005,dcid:country/SYR,2009,29927.0
dcs:who/HWF_0005,dcid:country/SYR,2008,30702.0
dcs:who/HWF_0005,dcid:country/SYR,2005,28247.0
dcs:who/HWF_0005,dcid:country/SYR,2003,24473.0
dcs:who/HWF_0005,dcid:country/SYR,2010,31194.0
dcs:who/HWF_0005,dcid:country/TCD,1997,195.0
dcs:who/HWF_0005,dcid:country/TCD,2016,540.0
dcs:who/HWF_0005,dcid:country/TCD,2019,15.0
dcs:who/HWF_0005,dcid:country/TCD,1998,156.0
dcs:who/HWF_0005,dcid:country/TCD,2006,368.0
dcs:who/HWF_0005,dcid:country/TCD,2015,696.0
dcs:who/HWF_0005,dcid:country/TCD,2004,345.0
dcs:who/HWF_0005,dcid:country/TCD,2014,608.0
dcs:who/HWF_0005,dcid:country/TCD,2017,651.0
dcs:who/HWF_0005,dcid:country/TCD,1999,232.0
dcs:who/HWF_0005,dcid:country/TCD,2013,573.0
dcs:who/HWF_0005,dcid:country/TCD,2000,235.0
dcs:who/HWF_0005,dcid:country/TCD,2012,528.0
dcs:who/HWF_0005,dcid:country/TGO,2008,349.0
dcs:who/HWF_0005,dcid:country/TGO,2016,347.0
dcs:who/HWF_0005,dcid:country/TGO,2007,290.0
dcs:who/HWF_0005,dcid:country/TGO,2004,244.0
dcs:who/HWF_0005,dcid:country/THA,1999,18140.0
dcs:who/HWF_0005,dcid:country/THA,2006,18918.0
dcs:who/HWF_0005,dcid:country/THA,1993,13634.0
dcs:who/HWF_0005,dcid:country/THA,2019,63974.0
dcs:who/HWF_0005,dcid:country/THA,2017,55890.0
dcs:who/HWF_0005,dcid:country/THA,1987,9580.0
dcs:who/HWF_0005,dcid:country/THA,1981,6931.0
dcs:who/HWF_0005,dcid:country/THA,1985,8530.0
dcs:who/HWF_0005,dcid:country/THA,2010,26244.0
dcs:who/HWF_0005,dcid:country/THA,2009,22651.0
dcs:who/HWF_0005,dcid:country/THA,1989,12713.0
dcs:who/HWF_0005,dcid:country/THA,1991,12803.0
dcs:who/HWF_0005,dcid:country/THA,2002,18987.0
dcs:who/HWF_0005,dcid:country/THA,2001,18947.0
dcs:who/HWF_0005,dcid:country/THA,2018,55890.0
dcs:who/HWF_0005,dcid:country/THA,1995,14181.0
dcs:who/HWF_0005,dcid:country/THA,1998,17955.0
dcs:who/HWF_0005,dcid:country/THA,2004,18918.0
dcs:who/HWF_0005,dcid:country/THA,1983,7848.0
dcs:who/HWF_0005,dcid:country/THA,2015,31959.0
dcs:who/HWF_0005,dcid:country/THA,2008,21051.0
dcs:who/HWF_0005,dcid:country/THA,2007,19584.0
dcs:who/HWF_0005,dcid:country/THA,1997,16569.0
dcs:who/HWF_0005,dcid:country/TJK,1999,12965.0
dcs:who/HWF_0005,dcid:country/TJK,1988,13517.0
dcs:who/HWF_0005,dcid:country/TJK,1997,11777.0
dcs:who/HWF_0005,dcid:country/TJK,2011,13247.0
dcs:who/HWF_0005,dcid:country/TJK,2015,17745.0
dcs:who/HWF_0005,dcid:country/TJK,1989,13843.0
dcs:who/HWF_0005,dcid:country/TJK,1992,13071.0
dcs:who/HWF_0005,dcid:country/TJK,2000,13500.0
dcs:who/HWF_0005,dcid:country/TJK,2003,12688.0
dcs:who/HWF_0005,dcid:country/TJK,2021,20797.0
dcs:who/HWF_0005,dcid:country/TJK,2006,13268.0
dcs:who/HWF_0005,dcid:country/TJK,2005,13272.0
dcs:who/HWF_0005,dcid:country/TJK,2012,13599.0
dcs:who/HWF_0005,dcid:country/TJK,2017,18716.0
dcs:who/HWF_0005,dcid:country/TJK,1995,12104.0
dcs:who/HWF_0005,dcid:country/TJK,2014,14219.0
dcs:who/HWF_0005,dcid:country/TJK,2018,19080.0
dcs:who/HWF_0005,dcid:country/TJK,1994,12638.0
dcs:who/HWF_0005,dcid:country/TJK,1996,11964.0
dcs:who/HWF_0005,dcid:country/TJK,1998,12551.0
dcs:who/HWF_0005,dcid:country/TJK,2002,13117.0
dcs:who/HWF_0005,dcid:country/TJK,1990,13526.0
dcs:who/HWF_0005,dcid:country/TJK,2004,13000.0
dcs:who/HWF_0005,dcid:country/TJK,1993,12132.0
dcs:who/HWF_0005,dcid:country/TJK,2007,13392.0
dcs:who/HWF_0005,dcid:country/TJK,2009,12107.0
dcs:who/HWF_0005,dcid:country/TJK,2008,13909.0
dcs:who/HWF_0005,dcid:country/TJK,2010,12778.0
dcs:who/HWF_0005,dcid:country/TJK,2016,18044.0
dcs:who/HWF_0005,dcid:country/TJK,1991,14160.0
dcs:who/HWF_0005,dcid:country/TJK,2013,13778.0
dcs:who/HWF_0005,dcid:country/TJK,2001,13421.0
dcs:who/HWF_0005,dcid:country/TJK,2020,20221.0
dcs:who/HWF_0005,dcid:country/TJK,2019,19268.0
dcs:who/HWF_0005,dcid:country/TKL,2021,3.0
dcs:who/HWF_0005,dcid:country/TLS,2015,831.0
dcs:who/HWF_0005,dcid:country/TLS,2013,367.0
dcs:who/HWF_0005,dcid:country/TLS,2014,801.0
dcs:who/HWF_0005,dcid:country/TON,2008,57.0
dcs:who/HWF_0005,dcid:country/TON,2021,107.0
dcs:who/HWF_0005,dcid:country/TON,2001,35.0
dcs:who/HWF_0005,dcid:country/TON,2010,58.0
dcs:who/HWF_0005,dcid:country/TON,2009,62.0
dcs:who/HWF_0005,dcid:country/TON,2002,30.0
dcs:who/HWF_0005,dcid:country/TTO,1997,949.0
dcs:who/HWF_0005,dcid:country/TTO,1999,1171.0
dcs:who/HWF_0005,dcid:country/TTO,1995,1183.0
dcs:who/HWF_0005,dcid:country/TTO,2007,1543.0
dcs:who/HWF_0005,dcid:country/TTO,1998,1185.0
dcs:who/HWF_0005,dcid:country/TTO,2003,1038.0
dcs:who/HWF_0005,dcid:country/TTO,2017,4657.0
dcs:who/HWF_0005,dcid:country/TTO,2015,3631.0
dcs:who/HWF_0005,dcid:country/TTO,2006,1592.0
dcs:who/HWF_0005,dcid:country/TTO,2001,1234.0
dcs:who/HWF_0005,dcid:country/TTO,2010,2402.0
dcs:who/HWF_0005,dcid:country/TTO,2020,6366.0
dcs:who/HWF_0005,dcid:country/TTO,2009,1992.0
dcs:who/HWF_0005,dcid:country/TTO,2011,2431.0
dcs:who/HWF_0005,dcid:country/TTO,2000,1275.0
dcs:who/HWF_0005,dcid:country/TTO,1996,957.0
dcs:who/HWF_0005,dcid:country/TTO,2002,1054.0
dcs:who/HWF_0005,dcid:country/TUN,2000,7444.0
dcs:who/HWF_0005,dcid:country/TUN,2005,9422.0
dcs:who/HWF_0005,dcid:country/TUN,1998,6819.0
dcs:who/HWF_0005,dcid:country/TUN,2002,7964.0
dcs:who/HWF_0005,dcid:country/TUN,2004,13330.0
dcs:who/HWF_0005,dcid:country/TUN,1992,5099.0
dcs:who/HWF_0005,dcid:country/TUN,1990,4424.0
dcs:who/HWF_0005,dcid:country/TUN,2007,10554.0
dcs:who/HWF_0005,dcid:country/TUN,1996,6177.0
dcs:who/HWF_0005,dcid:country/TUN,1995,5965.0
dcs:who/HWF_0005,dcid:country/TUN,1991,4500.0
dcs:who/HWF_0005,dcid:country/TUN,1993,5257.0
dcs:who/HWF_0005,dcid:country/TUN,2008,11533.0
dcs:who/HWF_0005,dcid:country/TUN,1999,7149.0
dcs:who/HWF_0005,dcid:country/TUN,2010,12996.0
dcs:who/HWF_0005,dcid:country/TUN,2014,14127.0
dcs:who/HWF_0005,dcid:country/TUN,2003,8189.0
dcs:who/HWF_0005,dcid:country/TUN,2015,14655.0
dcs:who/HWF_0005,dcid:country/TUN,1997,6464.0
dcs:who/HWF_0005,dcid:country/TUN,1994,5344.0
dcs:who/HWF_0005,dcid:country/TUN,2001,7767.0
dcs:who/HWF_0005,dcid:country/TUV,2002,6.0
dcs:who/HWF_0005,dcid:country/TUV,2008,10.0
dcs:who/HWF_0005,dcid:country/TUV,2014,10.0
dcs:who/HWF_0005,dcid:country/TUV,2003,10.0
dcs:who/HWF_0005,dcid:country/TUV,2009,12.0
dcs:who/HWF_0005,dcid:country/TZA,2014,2086.0
dcs:who/HWF_0005,dcid:country/TZA,2012,1481.0
dcs:who/HWF_0005,dcid:country/TZA,2002,822.0
dcs:who/HWF_0005,dcid:country/UGA,2005,3361.0
dcs:who/HWF_0005,dcid:country/UGA,2004,2209.0
dcs:who/HWF_0005,dcid:country/UGA,2020,7031.0
dcs:who/HWF_0005,dcid:country/UGA,2017,6918.0
dcs:who/HWF_0005,dcid:country/UGA,2012,3370.0
dcs:who/HWF_0005,dcid:country/UGA,2015,3645.0
dcs:who/HWF_0005,dcid:country/URY,2002,12384.0
dcs:who/HWF_0005,dcid:country/URY,2008,13197.0
dcs:who/HWF_0005,dcid:country/URY,2017,16976.0
dcs:who/HWF_0005,dcid:country/USA,2000,730801.0
dcs:who/HWF_0005,dcid:country/USA,1985,525070.0
dcs:who/HWF_0005,dcid:country/USA,2018,853721.0
dcs:who/HWF_0005,dcid:country/USA,2021,26.0
dcs:who/HWF_0005,dcid:country/USA,2004,793648.0
dcs:who/HWF_0005,dcid:country/USA,1995,646610.0
dcs:who/HWF_0005,dcid:country/UZB,2003,71623.0
dcs:who/HWF_0005,dcid:country/UZB,2019,91932.0
dcs:who/HWF_0005,dcid:country/UZB,1993,73121.0
dcs:who/HWF_0005,dcid:country/UZB,1990,69173.0
dcs:who/HWF_0005,dcid:country/UZB,1988,65805.0
dcs:who/HWF_0005,dcid:country/UZB,2015,74855.0
dcs:who/HWF_0005,dcid:country/UZB,2007,71627.0
dcs:who/HWF_0005,dcid:country/UZB,2017,85362.0
dcs:who/HWF_0005,dcid:country/UZB,2006,71071.0
dcs:who/HWF_0005,dcid:country/UZB,1995,74203.0
dcs:who/HWF_0005,dcid:country/UZB,1994,74030.0
dcs:who/HWF_0005,dcid:country/UZB,1991,70599.0
dcs:who/HWF_0005,dcid:country/UZB,1989,67734.0
dcs:who/HWF_0005,dcid:country/UZB,2000,73389.0
dcs:who/HWF_0005,dcid:country/UZB,2021,95587.0
dcs:who/HWF_0005,dcid:country/UZB,1992,72121.0
dcs:who/HWF_0005,dcid:country/UZB,2002,72368.0
dcs:who/HWF_0005,dcid:country/UZB,2018,89828.0
dcs:who/HWF_0005,dcid:country/UZB,1998,73903.0
dcs:who/HWF_0005,dcid:country/UZB,2001,73041.0
dcs:who/HWF_0005,dcid:country/UZB,2004,70958.0
dcs:who/HWF_0005,dcid:country/UZB,2005,70564.0
dcs:who/HWF_0005,dcid:country/UZB,1997,73397.0
dcs:who/HWF_0005,dcid:country/UZB,2020,93337.0
dcs:who/HWF_0005,dcid:country/UZB,1996,73335.0
dcs:who/HWF_0005,dcid:country/UZB,2016,84061.0
dcs:who/HWF_0005,dcid:country/VCT,2004,101.0
dcs:who/HWF_0005,dcid:country/VCT,2010,72.0
dcs:who/HWF_0005,dcid:country/VCT,2001,62.0
dcs:who/HWF_0005,dcid:country/VCT,2012,102.0
dcs:who/HWF_0005,dcid:country/VCT,2000,89.0
dcs:who/HWF_0005,dcid:country/VCT,1997,101.0
dcs:who/HWF_0005,dcid:country/VEN,2017,50866.0
dcs:who/HWF_0005,dcid:country/VEN,2001,48000.0
dcs:who/HWF_0005,dcid:country/VNM,2012,73717.0
dcs:who/HWF_0005,dcid:country/VNM,2002,44960.0
dcs:who/HWF_0005,dcid:country/VNM,2015,73797.0
dcs:who/HWF_0005,dcid:country/VNM,2005,51466.0
dcs:who/HWF_0005,dcid:country/VNM,2001,42327.0
dcs:who/HWF_0005,dcid:country/VNM,2009,60807.0
dcs:who/HWF_0005,dcid:country/VNM,2010,62458.0
dcs:who/HWF_0005,dcid:country/VNM,2014,71815.0
dcs:who/HWF_0005,dcid:country/VNM,2006,52792.0
dcs:who/HWF_0005,dcid:country/VNM,2007,54798.0
dcs:who/HWF_0005,dcid:country/VNM,2016,77539.0
dcs:who/HWF_0005,dcid:country/VNM,2008,57333.0
dcs:who/HWF_0005,dcid:country/VUT,1997,20.0
dcs:who/HWF_0005,dcid:country/VUT,2004,30.0
dcs:who/HWF_0005,dcid:country/VUT,2016,46.0
dcs:who/HWF_0005,dcid:country/VUT,2008,26.0
dcs:who/HWF_0005,dcid:country/VUT,2007,26.0
dcs:who/HWF_0005,dcid:country/VUT,2012,46.0
dcs:who/HWF_0005,dcid:country/WSM,2020,48.0
dcs:who/HWF_0005,dcid:country/WSM,2008,85.0
dcs:who/HWF_0005,dcid:country/WSM,1999,120.0
dcs:who/HWF_0005,dcid:country/WSM,2003,50.0
dcs:who/HWF_0005,dcid:country/WSM,2010,64.0
dcs:who/HWF_0005,dcid:country/WSM,2021,120.0
dcs:who/HWF_0005,dcid:country/WSM,2013,92.0
dcs:who/HWF_0005,dcid:country/WSM,2016,67.0
dcs:who/HWF_0005,dcid:country/WSM,2005,50.0
dcs:who/HWF_0005,dcid:country/YEM,2014,8148.0
dcs:who/HWF_0005,dcid:country/YEM,2004,6739.0
dcs:who/HWF_0005,dcid:country/YEM,2009,7127.0
dcs:who/HWF_0005,dcid:country/YEM,1997,3814.0
dcs:who/HWF_0005,dcid:country/YEM,2008,6909.0
dcs:who/HWF_0005,dcid:country/ZAF,2021,48021.0
dcs:who/HWF_0005,dcid:country/ZAF,2017,44653.0
dcs:who/HWF_0005,dcid:country/ZAF,2019,46393.0
dcs:who/HWF_0005,dcid:country/ZAF,2004,34829.0
dcs:who/HWF_0005,dcid:country/ZAF,2016,43141.0
dcs:who/HWF_0005,dcid:country/ZMB,2006,649.0
dcs:who/HWF_0005,dcid:country/ZMB,2008,795.0
dcs:who/HWF_0005,dcid:country/ZMB,2020,4818.0
dcs:who/HWF_0005,dcid:country/ZMB,2005,646.0
dcs:who/HWF_0005,dcid:country/ZMB,2009,801.0
dcs:who/HWF_0005,dcid:country/ZMB,2016,1514.0
dcs:who/HWF_0005,dcid:country/ZMB,2021,5773.0
dcs:who/HWF_0005,dcid:country/ZMB,2004,1499.0
dcs:who/HWF_0005,dcid:country/ZMB,2019,4386.0
dcs:who/HWF_0005,dcid:country/ZMB,2018,4021.0
dcs:who/HWF_0005,dcid:country/ZMB,2010,836.0
dcs:who/HWF_0005,dcid:country/ZWE,1990,1320.0
dcs:who/HWF_0005,dcid:country/ZWE,1995,1630.0
dcs:who/HWF_0005,dcid:country/ZWE,2012,1059.0
dcs:who/HWF_0005,dcid:country/ZWE,2016,308.0
dcs:who/HWF_0005,dcid:country/ZWE,2018,544.0
dcs:who/HWF_0005,dcid:country/ZWE,2005,219.0
dcs:who/HWF_0005,dcid:country/ZWE,1985,1058.0
dcs:who/HWF_0005,dcid:country/ZWE,2015,308.0
dcs:who/HWF_0005,dcid:country/ZWE,2000,136.0
dcs:who/HWF_0005,dcid:country/ZWE,2013,1114.0
dcs:who/HWF_0005,dcid:country/ZWE,2010,343.0
dcs:who/HWF_0005,dcid:country/ZWE,2020,2957.0
dcs:who/HWF_0005,dcid:country/ZWE,2011,1054.0
dcs:who/HWF_0005,dcid:country/ZWE,2017,446.0
dcs:who/HWF_0005,dcid:country/ZWE,2004,2086.0
dcs:who/HWF_0005,dcid:country/ZWE,2009,219.0
