SERIES,GEOGRAPHY,TIME_PERIOD,OBS_VALUE
dcs:who/WHS3_62,dcid:Earth,1997,825673.0
dcs:who/WHS3_62,dcid:Earth,2006,377576.0
dcs:who/WHS3_62,dcid:Earth,1996,870218.0
dcs:who/WHS3_62,dcid:Earth,1995,720391.0
dcs:who/WHS3_62,dcid:Earth,2022,205173.0
dcs:who/WHS3_62,dcid:Earth,1998,694466.0
dcs:who/WHS3_62,dcid:Earth,1993,1143945.0
dcs:who/WHS3_62,dcid:Earth,1983,3586101.0
dcs:who/WHS3_62,dcid:Earth,1987,1682847.0
dcs:who/WHS3_62,dcid:Earth,2009,278637.0
dcs:who/WHS3_62,dcid:Earth,1982,3623758.0
dcs:who/WHS3_62,dcid:Earth,1989,1822390.0
dcs:who/WHS3_62,dcid:Earth,1990,1325074.0
dcs:who/WHS3_62,dcid:Earth,2012,212376.0
dcs:who/WHS3_62,dcid:Earth,2019,873222.0
dcs:who/WHS3_62,dcid:Earth,2015,214808.0
dcs:who/WHS3_62,dcid:Earth,1984,3026973.0
dcs:who/WHS3_62,dcid:Earth,2011,359332.0
dcs:who/WHS3_62,dcid:Earth,2007,285031.0
dcs:who/WHS3_62,dcid:Earth,2001,849173.0
dcs:who/WHS3_62,dcid:Earth,2013,275307.0
dcs:who/WHS3_62,dcid:Earth,2014,282078.0
dcs:who/WHS3_62,dcid:Earth,2003,679856.0
dcs:who/WHS3_62,dcid:Earth,1994,926808.0
dcs:who/WHS3_62,dcid:Earth,2004,513406.0
dcs:who/WHS3_62,dcid:Earth,2002,586471.0
dcs:who/WHS3_62,dcid:Earth,2018,360296.0
dcs:who/WHS3_62,dcid:Earth,2021,123171.0
dcs:who/WHS3_62,dcid:Earth,1999,752407.0
dcs:who/WHS3_62,dcid:Earth,1988,1663940.0
dcs:who/WHS3_62,dcid:Earth,2010,343806.0
dcs:who/WHS3_62,dcid:Earth,2020,159073.0
dcs:who/WHS3_62,dcid:Earth,1985,2819553.0
dcs:who/WHS3_62,dcid:Earth,1980,3852242.0
dcs:who/WHS3_62,dcid:Earth,2000,853479.0
dcs:who/WHS3_62,dcid:Earth,1981,4078455.0
dcs:who/WHS3_62,dcid:Earth,2017,173457.0
dcs:who/WHS3_62,dcid:Earth,1991,1370243.0
dcs:who/WHS3_62,dcid:Earth,2023,663795.0
dcs:who/WHS3_62,dcid:Earth,1986,2078696.0
dcs:who/WHS3_62,dcid:Earth,1992,1481192.0
dcs:who/WHS3_62,dcid:Earth,2008,278751.0
dcs:who/WHS3_62,dcid:Earth,2005,585701.0
dcs:who/WHS3_62,dcid:Earth,2016,132490.0
dcs:who/WHS3_62,dcid:SouthEasternAsia,2011,69546.0
dcs:who/WHS3_62,dcid:SouthEasternAsia,1985,244113.0
dcs:who/WHS3_62,dcid:SouthEasternAsia,1987,319049.0
dcs:who/WHS3_62,dcid:SouthEasternAsia,1986,201190.0
dcs:who/WHS3_62,dcid:SouthEasternAsia,2022,49201.0
dcs:who/WHS3_62,dcid:SouthEasternAsia,1990,224925.0
dcs:who/WHS3_62,dcid:SouthEasternAsia,1981,305787.0
dcs:who/WHS3_62,dcid:SouthEasternAsia,1993,141301.0
dcs:who/WHS3_62,dcid:SouthEasternAsia,2003,94598.0
dcs:who/WHS3_62,dcid:SouthEasternAsia,2006,98124.0
dcs:who/WHS3_62,dcid:SouthEasternAsia,1995,100900.0
dcs:who/WHS3_62,dcid:SouthEasternAsia,2018,34741.0
dcs:who/WHS3_62,dcid:SouthEasternAsia,1994,152106.0
dcs:who/WHS3_62,dcid:SouthEasternAsia,1988,292916.0
dcs:who/WHS3_62,dcid:SouthEasternAsia,2017,28474.0
dcs:who/WHS3_62,dcid:SouthEasternAsia,2010,54228.0
dcs:who/WHS3_62,dcid:SouthEasternAsia,1980,199535.0
dcs:who/WHS3_62,dcid:SouthEasternAsia,2005,88973.0
dcs:who/WHS3_62,dcid:SouthEasternAsia,2013,24564.0
dcs:who/WHS3_62,dcid:SouthEasternAsia,2002,76912.0
dcs:who/WHS3_62,dcid:SouthEasternAsia,1996,102205.0
dcs:who/WHS3_62,dcid:SouthEasternAsia,1999,47741.0
dcs:who/WHS3_62,dcid:SouthEasternAsia,2023,85368.0
dcs:who/WHS3_62,dcid:SouthEasternAsia,1998,62759.0
dcs:who/WHS3_62,dcid:SouthEasternAsia,2021,6448.0
dcs:who/WHS3_62,dcid:SouthEasternAsia,1984,302042.0
dcs:who/WHS3_62,dcid:SouthEasternAsia,1992,168772.0
dcs:who/WHS3_62,dcid:SouthEasternAsia,2014,42899.0
dcs:who/WHS3_62,dcid:SouthEasternAsia,2001,81771.0
dcs:who/WHS3_62,dcid:SouthEasternAsia,1997,115844.0
dcs:who/WHS3_62,dcid:SouthEasternAsia,2000,78558.0
dcs:who/WHS3_62,dcid:SouthEasternAsia,1991,211085.0
dcs:who/WHS3_62,dcid:SouthEasternAsia,2012,31582.0
dcs:who/WHS3_62,dcid:SouthEasternAsia,1989,443014.0
dcs:who/WHS3_62,dcid:SouthEasternAsia,1983,208154.0
dcs:who/WHS3_62,dcid:SouthEasternAsia,2015,48888.0
dcs:who/WHS3_62,dcid:SouthEasternAsia,2019,29389.0
dcs:who/WHS3_62,dcid:SouthEasternAsia,2009,84356.0
dcs:who/WHS3_62,dcid:SouthEasternAsia,1982,258666.0
dcs:who/WHS3_62,dcid:SouthEasternAsia,2016,27530.0
dcs:who/WHS3_62,dcid:SouthEasternAsia,2008,72547.0
dcs:who/WHS3_62,dcid:SouthEasternAsia,2007,73545.0
dcs:who/WHS3_62,dcid:SouthEasternAsia,2020,9389.0
dcs:who/WHS3_62,dcid:SouthEasternAsia,2004,112041.0
dcs:who/WHS3_62,dcid:africa,2001,491989.0
dcs:who/WHS3_62,dcid:africa,1983,1346883.0
dcs:who/WHS3_62,dcid:africa,2007,76410.0
dcs:who/WHS3_62,dcid:africa,1995,362925.0
dcs:who/WHS3_62,dcid:africa,2013,171178.0
dcs:who/WHS3_62,dcid:africa,2008,37012.0
dcs:who/WHS3_62,dcid:africa,1986,676757.0
dcs:who/WHS3_62,dcid:africa,1988,604244.0
dcs:who/WHS3_62,dcid:africa,2011,195620.0
dcs:who/WHS3_62,dcid:africa,1997,299623.0
dcs:who/WHS3_62,dcid:africa,2020,115369.0
dcs:who/WHS3_62,dcid:africa,2016,36269.0
dcs:who/WHS3_62,dcid:africa,2015,52758.0
dcs:who/WHS3_62,dcid:africa,1990,481204.0
dcs:who/WHS3_62,dcid:africa,1993,395025.0
dcs:who/WHS3_62,dcid:africa,1981,1413184.0
dcs:who/WHS3_62,dcid:africa,1999,486660.0
dcs:who/WHS3_62,dcid:africa,2010,199174.0
dcs:who/WHS3_62,dcid:africa,2003,403016.0
dcs:who/WHS3_62,dcid:africa,1980,1240993.0
dcs:who/WHS3_62,dcid:africa,1984,1076106.0
dcs:who/WHS3_62,dcid:africa,2009,83479.0
dcs:who/WHS3_62,dcid:africa,1992,581125.0
dcs:who/WHS3_62,dcid:africa,2006,99420.0
dcs:who/WHS3_62,dcid:africa,1989,561896.0
dcs:who/WHS3_62,dcid:africa,1991,446517.0
dcs:who/WHS3_62,dcid:africa,2014,73914.0
dcs:who/WHS3_62,dcid:africa,2021,88789.0
dcs:who/WHS3_62,dcid:africa,1994,420193.0
dcs:who/WHS3_62,dcid:africa,2022,97230.0
dcs:who/WHS3_62,dcid:africa,2002,288340.0
dcs:who/WHS3_62,dcid:africa,2000,520102.0
dcs:who/WHS3_62,dcid:africa,1996,484914.0
dcs:who/WHS3_62,dcid:africa,2023,424433.0
dcs:who/WHS3_62,dcid:africa,1982,1342685.0
dcs:who/WHS3_62,dcid:africa,1998,373149.0
dcs:who/WHS3_62,dcid:africa,1985,1142002.0
dcs:who/WHS3_62,dcid:africa,2017,72603.0
dcs:who/WHS3_62,dcid:africa,2019,618595.0
dcs:who/WHS3_62,dcid:africa,1987,641057.0
dcs:who/WHS3_62,dcid:africa,2004,220180.0
dcs:who/WHS3_62,dcid:africa,2012,108004.0
dcs:who/WHS3_62,dcid:africa,2005,316219.0
dcs:who/WHS3_62,dcid:africa,2018,125426.0
dcs:who/WHS3_62,dcid:country/ABW,2022,0.0
dcs:who/WHS3_62,dcid:country/ABW,2017,0.0
dcs:who/WHS3_62,dcid:country/ABW,2019,1.0
dcs:who/WHS3_62,dcid:country/ABW,2018,0.0
dcs:who/WHS3_62,dcid:country/ABW,2021,0.0
dcs:who/WHS3_62,dcid:country/AFG,1989,1170.0
dcs:who/WHS3_62,dcid:country/AFG,1980,32455.0
dcs:who/WHS3_62,dcid:country/AFG,1985,14457.0
dcs:who/WHS3_62,dcid:country/AFG,1988,4561.0
dcs:who/WHS3_62,dcid:country/AFG,1987,10357.0
dcs:who/WHS3_62,dcid:country/AFG,1982,20320.0
dcs:who/WHS3_62,dcid:country/AFG,2011,3013.0
dcs:who/WHS3_62,dcid:country/AFG,1981,31107.0
dcs:who/WHS3_62,dcid:country/AFG,2015,1154.0
dcs:who/WHS3_62,dcid:country/AFG,2012,2787.0
dcs:who/WHS3_62,dcid:country/AFG,2010,1989.0
dcs:who/WHS3_62,dcid:country/AFG,2001,8762.0
dcs:who/WHS3_62,dcid:country/AFG,2007,1141.0
dcs:who/WHS3_62,dcid:country/AFG,2014,492.0
dcs:who/WHS3_62,dcid:country/AFG,2018,2012.0
dcs:who/WHS3_62,dcid:country/AFG,2019,353.0
dcs:who/WHS3_62,dcid:country/AFG,1998,2205.0
dcs:who/WHS3_62,dcid:country/AFG,2021,2900.0
dcs:who/WHS3_62,dcid:country/AFG,1999,3609.0
dcs:who/WHS3_62,dcid:country/AFG,2023,2792.0
dcs:who/WHS3_62,dcid:country/AFG,2009,2861.0
dcs:who/WHS3_62,dcid:country/AFG,2008,1599.0
dcs:who/WHS3_62,dcid:country/AFG,2000,6532.0
dcs:who/WHS3_62,dcid:country/AFG,2020,640.0
dcs:who/WHS3_62,dcid:country/AFG,2002,2486.0
dcs:who/WHS3_62,dcid:country/AFG,1986,8107.0
dcs:who/WHS3_62,dcid:country/AFG,1991,792.0
dcs:who/WHS3_62,dcid:country/AFG,1983,18808.0
dcs:who/WHS3_62,dcid:country/AFG,2013,430.0
dcs:who/WHS3_62,dcid:country/AFG,1984,16199.0
dcs:who/WHS3_62,dcid:country/AFG,2003,798.0
dcs:who/WHS3_62,dcid:country/AFG,2022,5166.0
dcs:who/WHS3_62,dcid:country/AFG,2004,466.0
dcs:who/WHS3_62,dcid:country/AFG,1990,1609.0
dcs:who/WHS3_62,dcid:country/AFG,2005,1296.0
dcs:who/WHS3_62,dcid:country/AFG,2017,1511.0
dcs:who/WHS3_62,dcid:country/AFG,2006,1990.0
dcs:who/WHS3_62,dcid:country/AFG,2016,638.0
dcs:who/WHS3_62,dcid:country/AGO,2013,8523.0
dcs:who/WHS3_62,dcid:country/AGO,1986,15580.0
dcs:who/WHS3_62,dcid:country/AGO,2015,119.0
dcs:who/WHS3_62,dcid:country/AGO,1992,16772.0
dcs:who/WHS3_62,dcid:country/AGO,1987,13368.0
dcs:who/WHS3_62,dcid:country/AGO,2002,11945.0
dcs:who/WHS3_62,dcid:country/AGO,1997,8183.0
dcs:who/WHS3_62,dcid:country/AGO,2021,300.0
dcs:who/WHS3_62,dcid:country/AGO,1994,5480.0
dcs:who/WHS3_62,dcid:country/AGO,1985,22822.0
dcs:who/WHS3_62,dcid:country/AGO,2019,2987.0
dcs:who/WHS3_62,dcid:country/AGO,1988,21009.0
dcs:who/WHS3_62,dcid:country/AGO,2008,265.0
dcs:who/WHS3_62,dcid:country/AGO,2016,53.0
dcs:who/WHS3_62,dcid:country/AGO,2020,1085.0
dcs:who/WHS3_62,dcid:country/AGO,2014,11699.0
dcs:who/WHS3_62,dcid:country/AGO,2004,29.0
dcs:who/WHS3_62,dcid:country/AGO,2023,3508.0
dcs:who/WHS3_62,dcid:country/AGO,2012,4458.0
dcs:who/WHS3_62,dcid:country/AGO,1989,19820.0
dcs:who/WHS3_62,dcid:country/AGO,1980,29656.0
dcs:who/WHS3_62,dcid:country/AGO,2007,1014.0
dcs:who/WHS3_62,dcid:country/AGO,2022,3271.0
dcs:who/WHS3_62,dcid:country/AGO,2017,29.0
dcs:who/WHS3_62,dcid:country/AGO,1996,251.0
dcs:who/WHS3_62,dcid:country/AGO,1983,22589.0
dcs:who/WHS3_62,dcid:country/AGO,2009,2807.0
dcs:who/WHS3_62,dcid:country/AGO,1999,350.0
dcs:who/WHS3_62,dcid:country/AGO,1991,18382.0
dcs:who/WHS3_62,dcid:country/AGO,1990,29069.0
dcs:who/WHS3_62,dcid:country/AGO,2011,1449.0
dcs:who/WHS3_62,dcid:country/AGO,2010,1190.0
dcs:who/WHS3_62,dcid:country/AGO,2005,258.0
dcs:who/WHS3_62,dcid:country/AGO,1998,2576.0
dcs:who/WHS3_62,dcid:country/AGO,1982,30067.0
dcs:who/WHS3_62,dcid:country/AGO,1993,9273.0
dcs:who/WHS3_62,dcid:country/AGO,2003,1196.0
dcs:who/WHS3_62,dcid:country/AGO,1995,635.0
dcs:who/WHS3_62,dcid:country/AGO,2001,9046.0
dcs:who/WHS3_62,dcid:country/AGO,1981,19714.0
dcs:who/WHS3_62,dcid:country/AGO,2006,765.0
dcs:who/WHS3_62,dcid:country/AGO,1984,22685.0
dcs:who/WHS3_62,dcid:country/AGO,2000,2219.0
dcs:who/WHS3_62,dcid:country/AGO,2018,57.0
dcs:who/WHS3_62,dcid:country/AIA,2019,0.0
dcs:who/WHS3_62,dcid:country/AIA,2003,0.0
dcs:who/WHS3_62,dcid:country/AIA,1995,0.0
dcs:who/WHS3_62,dcid:country/AIA,2001,0.0
dcs:who/WHS3_62,dcid:country/AIA,1992,0.0
dcs:who/WHS3_62,dcid:country/AIA,1984,0.0
dcs:who/WHS3_62,dcid:country/AIA,2017,0.0
dcs:who/WHS3_62,dcid:country/AIA,1983,0.0
dcs:who/WHS3_62,dcid:country/AIA,1991,1.0
dcs:who/WHS3_62,dcid:country/AIA,1989,7.0
dcs:who/WHS3_62,dcid:country/AIA,2023,0.0
dcs:who/WHS3_62,dcid:country/AIA,1982,1.0
dcs:who/WHS3_62,dcid:country/AIA,1998,0.0
dcs:who/WHS3_62,dcid:country/AIA,1981,0.0
dcs:who/WHS3_62,dcid:country/AIA,2020,0.0
dcs:who/WHS3_62,dcid:country/AIA,1994,0.0
dcs:who/WHS3_62,dcid:country/AIA,2022,0.0
dcs:who/WHS3_62,dcid:country/AIA,1987,0.0
dcs:who/WHS3_62,dcid:country/AIA,1985,0.0
dcs:who/WHS3_62,dcid:country/AIA,1999,0.0
dcs:who/WHS3_62,dcid:country/AIA,1996,0.0
dcs:who/WHS3_62,dcid:country/AIA,2021,0.0
dcs:who/WHS3_62,dcid:country/AIA,1993,0.0
dcs:who/WHS3_62,dcid:country/AIA,1980,0.0
dcs:who/WHS3_62,dcid:country/AIA,1988,2.0
dcs:who/WHS3_62,dcid:country/AIA,1986,0.0
dcs:who/WHS3_62,dcid:country/AIA,2018,0.0
dcs:who/WHS3_62,dcid:country/AIA,1997,0.0
dcs:who/WHS3_62,dcid:country/AIA,1990,15.0
dcs:who/WHS3_62,dcid:country/AIA,2000,0.0
dcs:who/WHS3_62,dcid:country/ALB,2004,7.0
dcs:who/WHS3_62,dcid:country/ALB,1996,1204.0
dcs:who/WHS3_62,dcid:country/ALB,1985,0.0
dcs:who/WHS3_62,dcid:country/ALB,1986,0.0
dcs:who/WHS3_62,dcid:country/ALB,1984,0.0
dcs:who/WHS3_62,dcid:country/ALB,2010,10.0
dcs:who/WHS3_62,dcid:country/ALB,1983,17.0
dcs:who/WHS3_62,dcid:country/ALB,2002,16.0
dcs:who/WHS3_62,dcid:country/ALB,1987,0.0
dcs:who/WHS3_62,dcid:country/ALB,1991,0.0
dcs:who/WHS3_62,dcid:country/ALB,2011,28.0
dcs:who/WHS3_62,dcid:country/ALB,2022,1.0
dcs:who/WHS3_62,dcid:country/ALB,1988,0.0
dcs:who/WHS3_62,dcid:country/ALB,1999,797.0
dcs:who/WHS3_62,dcid:country/ALB,1992,0.0
dcs:who/WHS3_62,dcid:country/ALB,1995,15.0
dcs:who/WHS3_62,dcid:country/ALB,2019,488.0
dcs:who/WHS3_62,dcid:country/ALB,1982,3.0
dcs:who/WHS3_62,dcid:country/ALB,2020,4.0
dcs:who/WHS3_62,dcid:country/ALB,2007,22.0
dcs:who/WHS3_62,dcid:country/ALB,1994,29.0
dcs:who/WHS3_62,dcid:country/ALB,2013,0.0
dcs:who/WHS3_62,dcid:country/ALB,2000,662.0
dcs:who/WHS3_62,dcid:country/ALB,1989,136034.0
dcs:who/WHS3_62,dcid:country/ALB,2003,8.0
dcs:who/WHS3_62,dcid:country/ALB,1993,7.0
dcs:who/WHS3_62,dcid:country/ALB,2023,13.0
dcs:who/WHS3_62,dcid:country/ALB,2016,17.0
dcs:who/WHS3_62,dcid:country/ALB,1997,2386.0
dcs:who/WHS3_62,dcid:country/ALB,1998,1901.0
dcs:who/WHS3_62,dcid:country/ALB,2017,12.0
dcs:who/WHS3_62,dcid:country/ALB,2005,6.0
dcs:who/WHS3_62,dcid:country/ALB,2009,0.0
dcs:who/WHS3_62,dcid:country/ALB,2012,9.0
dcs:who/WHS3_62,dcid:country/ALB,2001,18.0
dcs:who/WHS3_62,dcid:country/ALB,2018,1469.0
dcs:who/WHS3_62,dcid:country/ALB,2006,68.0
dcs:who/WHS3_62,dcid:country/AND,2023,0.0
dcs:who/WHS3_62,dcid:country/AND,2014,0.0
dcs:who/WHS3_62,dcid:country/AND,2007,0.0
dcs:who/WHS3_62,dcid:country/AND,1997,5.0
dcs:who/WHS3_62,dcid:country/AND,2020,0.0
dcs:who/WHS3_62,dcid:country/AND,2008,0.0
dcs:who/WHS3_62,dcid:country/AND,2009,0.0
dcs:who/WHS3_62,dcid:country/AND,2019,0.0
dcs:who/WHS3_62,dcid:country/AND,2000,2.0
dcs:who/WHS3_62,dcid:country/AND,2011,0.0
dcs:who/WHS3_62,dcid:country/AND,2012,0.0
dcs:who/WHS3_62,dcid:country/AND,2022,0.0
dcs:who/WHS3_62,dcid:country/AND,2017,0.0
dcs:who/WHS3_62,dcid:country/AND,2003,0.0
dcs:who/WHS3_62,dcid:country/AND,2015,0.0
dcs:who/WHS3_62,dcid:country/AND,2001,5.0
dcs:who/WHS3_62,dcid:country/AND,2005,0.0
dcs:who/WHS3_62,dcid:country/AND,2013,0.0
dcs:who/WHS3_62,dcid:country/AND,2016,0.0
dcs:who/WHS3_62,dcid:country/AND,2010,0.0
dcs:who/WHS3_62,dcid:country/AND,2021,0.0
dcs:who/WHS3_62,dcid:country/AND,2004,0.0
dcs:who/WHS3_62,dcid:country/AND,1999,2.0
dcs:who/WHS3_62,dcid:country/AND,2006,0.0
dcs:who/WHS3_62,dcid:country/AND,2018,0.0
dcs:who/WHS3_62,dcid:country/AND,2002,1.0
dcs:who/WHS3_62,dcid:country/ARE,1994,518.0
dcs:who/WHS3_62,dcid:country/ARE,1988,1187.0
dcs:who/WHS3_62,dcid:country/ARE,1986,2158.0
dcs:who/WHS3_62,dcid:country/ARE,2005,29.0
dcs:who/WHS3_62,dcid:country/ARE,2002,53.0
dcs:who/WHS3_62,dcid:country/ARE,2016,223.0
dcs:who/WHS3_62,dcid:country/ARE,1984,1749.0
dcs:who/WHS3_62,dcid:country/ARE,2018,172.0
dcs:who/WHS3_62,dcid:country/ARE,2010,87.0
dcs:who/WHS3_62,dcid:country/ARE,1993,745.0
dcs:who/WHS3_62,dcid:country/ARE,1991,1148.0
dcs:who/WHS3_62,dcid:country/ARE,2022,98.0
dcs:who/WHS3_62,dcid:country/ARE,2020,50.0
dcs:who/WHS3_62,dcid:country/ARE,1981,2820.0
dcs:who/WHS3_62,dcid:country/ARE,2014,344.0
dcs:who/WHS3_62,dcid:country/ARE,2003,42.0
dcs:who/WHS3_62,dcid:country/ARE,2019,187.0
dcs:who/WHS3_62,dcid:country/ARE,1983,2105.0
dcs:who/WHS3_62,dcid:country/ARE,1999,117.0
dcs:who/WHS3_62,dcid:country/ARE,1987,2913.0
dcs:who/WHS3_62,dcid:country/ARE,2023,484.0
dcs:who/WHS3_62,dcid:country/ARE,2015,347.0
dcs:who/WHS3_62,dcid:country/ARE,2021,35.0
dcs:who/WHS3_62,dcid:country/ARE,2000,69.0
dcs:who/WHS3_62,dcid:country/ARE,2004,22.0
dcs:who/WHS3_62,dcid:country/ARE,1998,296.0
dcs:who/WHS3_62,dcid:country/ARE,1992,1063.0
dcs:who/WHS3_62,dcid:country/ARE,1997,243.0
dcs:who/WHS3_62,dcid:country/ARE,1982,1691.0
dcs:who/WHS3_62,dcid:country/ARE,1980,2796.0
dcs:who/WHS3_62,dcid:country/ARE,2008,55.0
dcs:who/WHS3_62,dcid:country/ARE,1996,425.0
dcs:who/WHS3_62,dcid:country/ARE,1995,671.0
dcs:who/WHS3_62,dcid:country/ARE,1985,2400.0
dcs:who/WHS3_62,dcid:country/ARE,2017,121.0
dcs:who/WHS3_62,dcid:country/ARE,2012,132.0
dcs:who/WHS3_62,dcid:country/ARE,1989,1068.0
dcs:who/WHS3_62,dcid:country/ARE,2001,30.0
dcs:who/WHS3_62,dcid:country/ARE,1990,1187.0
dcs:who/WHS3_62,dcid:country/ARG,2012,2.0
dcs:who/WHS3_62,dcid:country/ARG,1983,7106.0
dcs:who/WHS3_62,dcid:country/ARG,1997,125.0
dcs:who/WHS3_62,dcid:country/ARG,1991,42093.0
dcs:who/WHS3_62,dcid:country/ARG,2019,130.0
dcs:who/WHS3_62,dcid:country/ARG,2001,0.0
dcs:who/WHS3_62,dcid:country/ARG,2017,3.0
dcs:who/WHS3_62,dcid:country/ARG,2021,0.0
dcs:who/WHS3_62,dcid:country/ARG,1985,9240.0
dcs:who/WHS3_62,dcid:country/ARG,2014,1.0
dcs:who/WHS3_62,dcid:country/ARG,1999,313.0
dcs:who/WHS3_62,dcid:country/ARG,1980,16102.0
dcs:who/WHS3_62,dcid:country/ARG,2006,0.0
dcs:who/WHS3_62,dcid:country/ARG,1994,134.0
dcs:who/WHS3_62,dcid:country/ARG,2023,0.0
dcs:who/WHS3_62,dcid:country/ARG,1995,655.0
dcs:who/WHS3_62,dcid:country/ARG,2022,2.0
dcs:who/WHS3_62,dcid:country/ARG,2007,0.0
dcs:who/WHS3_62,dcid:country/ARG,2005,0.0
dcs:who/WHS3_62,dcid:country/ARG,1989,4009.0
dcs:who/WHS3_62,dcid:country/ARG,1981,17582.0
dcs:who/WHS3_62,dcid:country/ARG,1996,59.0
dcs:who/WHS3_62,dcid:country/ARG,1984,31751.0
dcs:who/WHS3_62,dcid:country/ARG,2011,3.0
dcs:who/WHS3_62,dcid:country/ARG,2008,0.0
dcs:who/WHS3_62,dcid:country/ARG,2000,6.0
dcs:who/WHS3_62,dcid:country/ARG,2002,0.0
dcs:who/WHS3_62,dcid:country/ARG,2009,3.0
dcs:who/WHS3_62,dcid:country/ARG,2003,0.0
dcs:who/WHS3_62,dcid:country/ARG,2015,0.0
dcs:who/WHS3_62,dcid:country/ARG,1993,5087.0
dcs:who/WHS3_62,dcid:country/ARG,1998,10229.0
dcs:who/WHS3_62,dcid:country/ARG,2020,69.0
dcs:who/WHS3_62,dcid:country/ARG,1987,8024.0
dcs:who/WHS3_62,dcid:country/ARG,1988,4751.0
dcs:who/WHS3_62,dcid:country/ARG,1982,4432.0
dcs:who/WHS3_62,dcid:country/ARG,1986,6448.0
dcs:who/WHS3_62,dcid:country/ARG,2013,0.0
dcs:who/WHS3_62,dcid:country/ARG,2016,0.0
dcs:who/WHS3_62,dcid:country/ARG,1990,1967.0
dcs:who/WHS3_62,dcid:country/ARG,2018,14.0
dcs:who/WHS3_62,dcid:country/ARG,2010,17.0
dcs:who/WHS3_62,dcid:country/ARG,2004,0.0
dcs:who/WHS3_62,dcid:country/ARG,1992,20551.0
dcs:who/WHS3_62,dcid:country/ARM,2020,0.0
dcs:who/WHS3_62,dcid:country/ARM,1996,2027.0
dcs:who/WHS3_62,dcid:country/ARM,2004,1783.0
dcs:who/WHS3_62,dcid:country/ARM,2023,554.0
dcs:who/WHS3_62,dcid:country/ARM,1994,149.0
dcs:who/WHS3_62,dcid:country/ARM,2008,0.0
dcs:who/WHS3_62,dcid:country/ARM,2005,2281.0
dcs:who/WHS3_62,dcid:country/ARM,2015,33.0
dcs:who/WHS3_62,dcid:country/ARM,1997,802.0
dcs:who/WHS3_62,dcid:country/ARM,2007,1.0
dcs:who/WHS3_62,dcid:country/ARM,2018,19.0
dcs:who/WHS3_62,dcid:country/ARM,2017,1.0
dcs:who/WHS3_62,dcid:country/ARM,2019,7.0
dcs:who/WHS3_62,dcid:country/ARM,1991,192.0
dcs:who/WHS3_62,dcid:country/ARM,1999,41.0
dcs:who/WHS3_62,dcid:country/ARM,1993,338.0
dcs:who/WHS3_62,dcid:country/ARM,2022,0.0
dcs:who/WHS3_62,dcid:country/ARM,2013,10.0
dcs:who/WHS3_62,dcid:country/ARM,2014,13.0
dcs:who/WHS3_62,dcid:country/ARM,2003,4.0
dcs:who/WHS3_62,dcid:country/ARM,2002,40.0
dcs:who/WHS3_62,dcid:country/ARM,1992,46.0
dcs:who/WHS3_62,dcid:country/ARM,2012,0.0
dcs:who/WHS3_62,dcid:country/ARM,2000,15.0
dcs:who/WHS3_62,dcid:country/ARM,2009,0.0
dcs:who/WHS3_62,dcid:country/ARM,2021,0.0
dcs:who/WHS3_62,dcid:country/ARM,1990,879.0
dcs:who/WHS3_62,dcid:country/ARM,1998,52.0
dcs:who/WHS3_62,dcid:country/ARM,2001,69.0
dcs:who/WHS3_62,dcid:country/ARM,2010,2.0
dcs:who/WHS3_62,dcid:country/ARM,1995,187.0
dcs:who/WHS3_62,dcid:country/ARM,2011,0.0
dcs:who/WHS3_62,dcid:country/ARM,2006,137.0
dcs:who/WHS3_62,dcid:country/ARM,2016,2.0
dcs:who/WHS3_62,dcid:country/ASM,1987,1.0
dcs:who/WHS3_62,dcid:country/ASM,1996,0.0
dcs:who/WHS3_62,dcid:country/ASM,1997,12.0
dcs:who/WHS3_62,dcid:country/ASM,2005,0.0
dcs:who/WHS3_62,dcid:country/ASM,1993,0.0
dcs:who/WHS3_62,dcid:country/ASM,1984,0.0
dcs:who/WHS3_62,dcid:country/ASM,2001,0.0
dcs:who/WHS3_62,dcid:country/ASM,1991,19.0
dcs:who/WHS3_62,dcid:country/ASM,1994,0.0
dcs:who/WHS3_62,dcid:country/ASM,1982,2.0
dcs:who/WHS3_62,dcid:country/ASM,1999,0.0
dcs:who/WHS3_62,dcid:country/ASM,2011,0.0
dcs:who/WHS3_62,dcid:country/ASM,2007,0.0
dcs:who/WHS3_62,dcid:country/ASM,1980,16.0
dcs:who/WHS3_62,dcid:country/ASM,2008,0.0
dcs:who/WHS3_62,dcid:country/ASM,1989,2.0
dcs:who/WHS3_62,dcid:country/ASM,2000,1.0
dcs:who/WHS3_62,dcid:country/ASM,1983,0.0
dcs:who/WHS3_62,dcid:country/ASM,1985,28.0
dcs:who/WHS3_62,dcid:country/ASM,1995,0.0
dcs:who/WHS3_62,dcid:country/ASM,1992,0.0
dcs:who/WHS3_62,dcid:country/ASM,1986,2.0
dcs:who/WHS3_62,dcid:country/ASM,1981,3.0
dcs:who/WHS3_62,dcid:country/ASM,2004,0.0
dcs:who/WHS3_62,dcid:country/ASM,1988,3.0
dcs:who/WHS3_62,dcid:country/ASM,1990,498.0
dcs:who/WHS3_62,dcid:country/ASM,1998,2.0
dcs:who/WHS3_62,dcid:country/ATG,2012,0.0
dcs:who/WHS3_62,dcid:country/ATG,2010,0.0
dcs:who/WHS3_62,dcid:country/ATG,1998,0.0
dcs:who/WHS3_62,dcid:country/ATG,1986,0.0
dcs:who/WHS3_62,dcid:country/ATG,2019,0.0
dcs:who/WHS3_62,dcid:country/ATG,1989,0.0
dcs:who/WHS3_62,dcid:country/ATG,2023,0.0
dcs:who/WHS3_62,dcid:country/ATG,1992,0.0
dcs:who/WHS3_62,dcid:country/ATG,2016,0.0
dcs:who/WHS3_62,dcid:country/ATG,2021,0.0
dcs:who/WHS3_62,dcid:country/ATG,1994,0.0
dcs:who/WHS3_62,dcid:country/ATG,2013,0.0
dcs:who/WHS3_62,dcid:country/ATG,1981,247.0
dcs:who/WHS3_62,dcid:country/ATG,2017,0.0
dcs:who/WHS3_62,dcid:country/ATG,2006,0.0
dcs:who/WHS3_62,dcid:country/ATG,2000,0.0
dcs:who/WHS3_62,dcid:country/ATG,1993,0.0
dcs:who/WHS3_62,dcid:country/ATG,1987,0.0
dcs:who/WHS3_62,dcid:country/ATG,1991,0.0
dcs:who/WHS3_62,dcid:country/ATG,2018,1.0
dcs:who/WHS3_62,dcid:country/ATG,2004,0.0
dcs:who/WHS3_62,dcid:country/ATG,1997,0.0
dcs:who/WHS3_62,dcid:country/ATG,1990,0.0
dcs:who/WHS3_62,dcid:country/ATG,1980,2291.0
dcs:who/WHS3_62,dcid:country/ATG,2005,0.0
dcs:who/WHS3_62,dcid:country/ATG,2008,0.0
dcs:who/WHS3_62,dcid:country/ATG,2009,0.0
dcs:who/WHS3_62,dcid:country/ATG,1984,1.0
dcs:who/WHS3_62,dcid:country/ATG,1985,1.0
dcs:who/WHS3_62,dcid:country/ATG,2022,0.0
dcs:who/WHS3_62,dcid:country/ATG,2020,0.0
dcs:who/WHS3_62,dcid:country/ATG,2014,0.0
dcs:who/WHS3_62,dcid:country/ATG,1995,0.0
dcs:who/WHS3_62,dcid:country/ATG,1983,10.0
dcs:who/WHS3_62,dcid:country/ATG,1988,0.0
dcs:who/WHS3_62,dcid:country/ATG,2011,0.0
dcs:who/WHS3_62,dcid:country/ATG,2003,0.0
dcs:who/WHS3_62,dcid:country/ATG,1982,0.0
dcs:who/WHS3_62,dcid:country/ATG,2002,0.0
dcs:who/WHS3_62,dcid:country/ATG,1996,0.0
dcs:who/WHS3_62,dcid:country/ATG,1999,0.0
dcs:who/WHS3_62,dcid:country/ATG,2007,0.0
dcs:who/WHS3_62,dcid:country/ATG,2001,0.0
dcs:who/WHS3_62,dcid:country/ATG,2015,0.0
dcs:who/WHS3_62,dcid:country/AUS,1997,853.0
dcs:who/WHS3_62,dcid:country/AUS,2016,99.0
dcs:who/WHS3_62,dcid:country/AUS,1993,4536.0
dcs:who/WHS3_62,dcid:country/AUS,2002,32.0
dcs:who/WHS3_62,dcid:country/AUS,2023,26.0
dcs:who/WHS3_62,dcid:country/AUS,2011,190.0
dcs:who/WHS3_62,dcid:country/AUS,1992,1425.0
dcs:who/WHS3_62,dcid:country/AUS,1998,327.0
dcs:who/WHS3_62,dcid:country/AUS,2004,70.0
dcs:who/WHS3_62,dcid:country/AUS,2008,65.0
dcs:who/WHS3_62,dcid:country/AUS,2018,103.0
dcs:who/WHS3_62,dcid:country/AUS,1999,235.0
dcs:who/WHS3_62,dcid:country/AUS,1990,880.0
dcs:who/WHS3_62,dcid:country/AUS,2013,158.0
dcs:who/WHS3_62,dcid:country/AUS,2012,199.0
dcs:who/WHS3_62,dcid:country/AUS,2017,81.0
dcs:who/WHS3_62,dcid:country/AUS,1991,1380.0
dcs:who/WHS3_62,dcid:country/AUS,2000,108.0
dcs:who/WHS3_62,dcid:country/AUS,2007,11.0
dcs:who/WHS3_62,dcid:country/AUS,1996,498.0
dcs:who/WHS3_62,dcid:country/AUS,1995,1198.0
dcs:who/WHS3_62,dcid:country/AUS,1989,169.0
dcs:who/WHS3_62,dcid:country/AUS,1994,4895.0
dcs:who/WHS3_62,dcid:country/AUS,2009,104.0
dcs:who/WHS3_62,dcid:country/AUS,2019,286.0
dcs:who/WHS3_62,dcid:country/AUS,1988,248.0
dcs:who/WHS3_62,dcid:country/AUS,2020,25.0
dcs:who/WHS3_62,dcid:country/AUS,2001,141.0
dcs:who/WHS3_62,dcid:country/AUS,2015,74.0
dcs:who/WHS3_62,dcid:country/AUS,2014,340.0
dcs:who/WHS3_62,dcid:country/AUS,2021,0.0
dcs:who/WHS3_62,dcid:country/AUS,2003,91.0
dcs:who/WHS3_62,dcid:country/AUS,2010,70.0
dcs:who/WHS3_62,dcid:country/AUS,2022,7.0
dcs:who/WHS3_62,dcid:country/AUS,2005,10.0
dcs:who/WHS3_62,dcid:country/AUT,2004,15.0
dcs:who/WHS3_62,dcid:country/AUT,2005,9.0
dcs:who/WHS3_62,dcid:country/AUT,2018,77.0
dcs:who/WHS3_62,dcid:country/AUT,2014,117.0
dcs:who/WHS3_62,dcid:country/AUT,1999,1.0
dcs:who/WHS3_62,dcid:country/AUT,2008,448.0
dcs:who/WHS3_62,dcid:country/AUT,1997,0.0
dcs:who/WHS3_62,dcid:country/AUT,2017,95.0
dcs:who/WHS3_62,dcid:country/AUT,2021,1.0
dcs:who/WHS3_62,dcid:country/AUT,2001,0.0
dcs:who/WHS3_62,dcid:country/AUT,1998,0.0
dcs:who/WHS3_62,dcid:country/AUT,2003,90.0
dcs:who/WHS3_62,dcid:country/AUT,2007,20.0
dcs:who/WHS3_62,dcid:country/AUT,2020,25.0
dcs:who/WHS3_62,dcid:country/AUT,2015,309.0
dcs:who/WHS3_62,dcid:country/AUT,2010,52.0
dcs:who/WHS3_62,dcid:country/AUT,2006,23.0
dcs:who/WHS3_62,dcid:country/AUT,2009,49.0
dcs:who/WHS3_62,dcid:country/AUT,1993,60.0
dcs:who/WHS3_62,dcid:country/AUT,2012,36.0
dcs:who/WHS3_62,dcid:country/AUT,2011,68.0
dcs:who/WHS3_62,dcid:country/AUT,2022,1.0
dcs:who/WHS3_62,dcid:country/AUT,2016,27.0
dcs:who/WHS3_62,dcid:country/AUT,2023,186.0
dcs:who/WHS3_62,dcid:country/AZE,2007,0.0
dcs:who/WHS3_62,dcid:country/AZE,2019,281.0
dcs:who/WHS3_62,dcid:country/AZE,1998,2891.0
dcs:who/WHS3_62,dcid:country/AZE,1991,6122.0
dcs:who/WHS3_62,dcid:country/AZE,2016,0.0
dcs:who/WHS3_62,dcid:country/AZE,2011,0.0
dcs:who/WHS3_62,dcid:country/AZE,1990,2026.0
dcs:who/WHS3_62,dcid:country/AZE,2002,4353.0
dcs:who/WHS3_62,dcid:country/AZE,1997,678.0
dcs:who/WHS3_62,dcid:country/AZE,2000,210.0
dcs:who/WHS3_62,dcid:country/AZE,2008,5.0
dcs:who/WHS3_62,dcid:country/AZE,1996,151.0
dcs:who/WHS3_62,dcid:country/AZE,1995,474.0
dcs:who/WHS3_62,dcid:country/AZE,2003,1978.0
dcs:who/WHS3_62,dcid:country/AZE,2015,0.0
dcs:who/WHS3_62,dcid:country/AZE,2004,827.0
dcs:who/WHS3_62,dcid:country/AZE,2022,1.0
dcs:who/WHS3_62,dcid:country/AZE,2017,0.0
dcs:who/WHS3_62,dcid:country/AZE,2014,0.0
dcs:who/WHS3_62,dcid:country/AZE,2001,574.0
dcs:who/WHS3_62,dcid:country/AZE,2013,164.0
dcs:who/WHS3_62,dcid:country/AZE,1994,6478.0
dcs:who/WHS3_62,dcid:country/AZE,1993,1321.0
dcs:who/WHS3_62,dcid:country/AZE,2012,0.0
dcs:who/WHS3_62,dcid:country/AZE,2021,0.0
dcs:who/WHS3_62,dcid:country/AZE,2010,0.0
dcs:who/WHS3_62,dcid:country/AZE,2020,2.0
dcs:who/WHS3_62,dcid:country/AZE,2005,1238.0
dcs:who/WHS3_62,dcid:country/AZE,1992,535.0
dcs:who/WHS3_62,dcid:country/AZE,2023,13207.0
dcs:who/WHS3_62,dcid:country/AZE,2006,222.0
dcs:who/WHS3_62,dcid:country/AZE,1999,1081.0
dcs:who/WHS3_62,dcid:country/AZE,2018,55.0
dcs:who/WHS3_62,dcid:country/BDI,2007,43.0
dcs:who/WHS3_62,dcid:country/BDI,1987,23297.0
dcs:who/WHS3_62,dcid:country/BDI,2017,18.0
dcs:who/WHS3_62,dcid:country/BDI,2014,0.0
dcs:who/WHS3_62,dcid:country/BDI,2020,1700.0
dcs:who/WHS3_62,dcid:country/BDI,1981,58970.0
dcs:who/WHS3_62,dcid:country/BDI,2023,1684.0
dcs:who/WHS3_62,dcid:country/BDI,1989,28014.0
dcs:who/WHS3_62,dcid:country/BDI,1986,39631.0
dcs:who/WHS3_62,dcid:country/BDI,2011,129.0
dcs:who/WHS3_62,dcid:country/BDI,2021,369.0
dcs:who/WHS3_62,dcid:country/BDI,1995,14782.0
dcs:who/WHS3_62,dcid:country/BDI,2013,0.0
dcs:who/WHS3_62,dcid:country/BDI,2015,9.0
dcs:who/WHS3_62,dcid:country/BDI,1990,13282.0
dcs:who/WHS3_62,dcid:country/BDI,1996,16099.0
dcs:who/WHS3_62,dcid:country/BDI,2002,1016.0
dcs:who/WHS3_62,dcid:country/BDI,1992,22344.0
dcs:who/WHS3_62,dcid:country/BDI,1993,23869.0
dcs:who/WHS3_62,dcid:country/BDI,1994,7192.0
dcs:who/WHS3_62,dcid:country/BDI,1982,42051.0
dcs:who/WHS3_62,dcid:country/BDI,1985,36740.0
dcs:who/WHS3_62,dcid:country/BDI,1988,33261.0
dcs:who/WHS3_62,dcid:country/BDI,1999,2928.0
dcs:who/WHS3_62,dcid:country/BDI,2000,18363.0
dcs:who/WHS3_62,dcid:country/BDI,2010,495.0
dcs:who/WHS3_62,dcid:country/BDI,2012,49.0
dcs:who/WHS3_62,dcid:country/BDI,1997,1273.0
dcs:who/WHS3_62,dcid:country/BDI,2022,212.0
dcs:who/WHS3_62,dcid:country/BDI,2004,2.0
dcs:who/WHS3_62,dcid:country/BDI,1983,49302.0
dcs:who/WHS3_62,dcid:country/BDI,2018,9.0
dcs:who/WHS3_62,dcid:country/BDI,2019,112.0
dcs:who/WHS3_62,dcid:country/BDI,1991,10397.0
dcs:who/WHS3_62,dcid:country/BDI,2005,0.0
dcs:who/WHS3_62,dcid:country/BDI,2003,224.0
dcs:who/WHS3_62,dcid:country/BDI,1984,28587.0
dcs:who/WHS3_62,dcid:country/BDI,1998,1449.0
dcs:who/WHS3_62,dcid:country/BDI,2006,784.0
dcs:who/WHS3_62,dcid:country/BDI,1980,49227.0
dcs:who/WHS3_62,dcid:country/BDI,2008,173.0
dcs:who/WHS3_62,dcid:country/BDI,2016,16.0
dcs:who/WHS3_62,dcid:country/BDI,2009,305.0
dcs:who/WHS3_62,dcid:country/BEL,1993,7373.0
dcs:who/WHS3_62,dcid:country/BEL,2021,7.0
dcs:who/WHS3_62,dcid:country/BEL,2012,109.0
dcs:who/WHS3_62,dcid:country/BEL,2011,576.0
dcs:who/WHS3_62,dcid:country/BEL,2019,480.0
dcs:who/WHS3_62,dcid:country/BEL,2010,40.0
dcs:who/WHS3_62,dcid:country/BEL,1994,11346.0
dcs:who/WHS3_62,dcid:country/BEL,2020,47.0
dcs:who/WHS3_62,dcid:country/BEL,2001,83.0
dcs:who/WHS3_62,dcid:country/BEL,2018,117.0
dcs:who/WHS3_62,dcid:country/BEL,1988,47616.0
dcs:who/WHS3_62,dcid:country/BEL,1995,10650.0
dcs:who/WHS3_62,dcid:country/BEL,2015,47.0
dcs:who/WHS3_62,dcid:country/BEL,2014,70.0
dcs:who/WHS3_62,dcid:country/BEL,2006,15.0
dcs:who/WHS3_62,dcid:country/BEL,1992,9565.0
dcs:who/WHS3_62,dcid:country/BEL,1991,7216.0
dcs:who/WHS3_62,dcid:country/BEL,2004,61.0
dcs:who/WHS3_62,dcid:country/BEL,2007,64.0
dcs:who/WHS3_62,dcid:country/BEL,2003,44.0
dcs:who/WHS3_62,dcid:country/BEL,1989,81044.0
dcs:who/WHS3_62,dcid:country/BEL,2023,67.0
dcs:who/WHS3_62,dcid:country/BEL,2022,8.0
dcs:who/WHS3_62,dcid:country/BEL,1998,0.0
dcs:who/WHS3_62,dcid:country/BEL,2013,39.0
dcs:who/WHS3_62,dcid:country/BEL,2009,33.0
dcs:who/WHS3_62,dcid:country/BEL,2005,26.0
dcs:who/WHS3_62,dcid:country/BEL,2008,98.0
dcs:who/WHS3_62,dcid:country/BEL,1996,7221.0
dcs:who/WHS3_62,dcid:country/BEL,2017,367.0
dcs:who/WHS3_62,dcid:country/BEL,1997,3869.0
dcs:who/WHS3_62,dcid:country/BEN,1998,648.0
dcs:who/WHS3_62,dcid:country/BEN,2011,426.0
dcs:who/WHS3_62,dcid:country/BEN,1984,13437.0
dcs:who/WHS3_62,dcid:country/BEN,2001,5859.0
dcs:who/WHS3_62,dcid:country/BEN,1987,13180.0
dcs:who/WHS3_62,dcid:country/BEN,1994,7557.0
dcs:who/WHS3_62,dcid:country/BEN,2018,493.0
dcs:who/WHS3_62,dcid:country/BEN,2013,637.0
dcs:who/WHS3_62,dcid:country/BEN,2016,89.0
dcs:who/WHS3_62,dcid:country/BEN,2020,18.0
dcs:who/WHS3_62,dcid:country/BEN,2015,55.0
dcs:who/WHS3_62,dcid:country/BEN,2021,35.0
dcs:who/WHS3_62,dcid:country/BEN,2005,210.0
dcs:who/WHS3_62,dcid:country/BEN,1988,5275.0
dcs:who/WHS3_62,dcid:country/BEN,1982,11850.0
dcs:who/WHS3_62,dcid:country/BEN,2003,217.0
dcs:who/WHS3_62,dcid:country/BEN,2008,928.0
dcs:who/WHS3_62,dcid:country/BEN,2010,392.0
dcs:who/WHS3_62,dcid:country/BEN,2006,176.0
dcs:who/WHS3_62,dcid:country/BEN,1999,2573.0
dcs:who/WHS3_62,dcid:country/BEN,2014,786.0
dcs:who/WHS3_62,dcid:country/BEN,1995,10469.0
dcs:who/WHS3_62,dcid:country/BEN,2019,437.0
dcs:who/WHS3_62,dcid:country/BEN,2009,1461.0
dcs:who/WHS3_62,dcid:country/BEN,1989,3281.0
dcs:who/WHS3_62,dcid:country/BEN,1991,5396.0
dcs:who/WHS3_62,dcid:country/BEN,1981,12378.0
dcs:who/WHS3_62,dcid:country/BEN,1985,13210.0
dcs:who/WHS3_62,dcid:country/BEN,2004,262.0
dcs:who/WHS3_62,dcid:country/BEN,2007,341.0
dcs:who/WHS3_62,dcid:country/BEN,1996,1365.0
dcs:who/WHS3_62,dcid:country/BEN,2002,1588.0
dcs:who/WHS3_62,dcid:country/BEN,1993,4102.0
dcs:who/WHS3_62,dcid:country/BEN,2023,478.0
dcs:who/WHS3_62,dcid:country/BEN,1986,7374.0
dcs:who/WHS3_62,dcid:country/BEN,2012,288.0
dcs:who/WHS3_62,dcid:country/BEN,1997,9521.0
dcs:who/WHS3_62,dcid:country/BEN,2022,455.0
dcs:who/WHS3_62,dcid:country/BEN,1983,11774.0
dcs:who/WHS3_62,dcid:country/BEN,2017,97.0
dcs:who/WHS3_62,dcid:country/BEN,1980,18635.0
dcs:who/WHS3_62,dcid:country/BEN,2000,4244.0
dcs:who/WHS3_62,dcid:country/BEN,1992,3049.0
dcs:who/WHS3_62,dcid:country/BFA,2014,343.0
dcs:who/WHS3_62,dcid:country/BFA,2022,252.0
dcs:who/WHS3_62,dcid:country/BFA,1992,21751.0
dcs:who/WHS3_62,dcid:country/BFA,1982,20940.0
dcs:who/WHS3_62,dcid:country/BFA,2008,395.0
dcs:who/WHS3_62,dcid:country/BFA,2007,12.0
dcs:who/WHS3_62,dcid:country/BFA,1994,2925.0
dcs:who/WHS3_62,dcid:country/BFA,2020,2480.0
dcs:who/WHS3_62,dcid:country/BFA,1993,14445.0
dcs:who/WHS3_62,dcid:country/BFA,1990,9804.0
dcs:who/WHS3_62,dcid:country/BFA,2000,6074.0
dcs:who/WHS3_62,dcid:country/BFA,2015,99.0
dcs:who/WHS3_62,dcid:country/BFA,1991,6590.0
dcs:who/WHS3_62,dcid:country/BFA,1983,21395.0
dcs:who/WHS3_62,dcid:country/BFA,1981,17327.0
dcs:who/WHS3_62,dcid:country/BFA,2023,680.0
dcs:who/WHS3_62,dcid:country/BFA,2003,2946.0
dcs:who/WHS3_62,dcid:country/BFA,2009,54118.0
dcs:who/WHS3_62,dcid:country/BFA,2005,253.0
dcs:who/WHS3_62,dcid:country/BFA,1987,28282.0
dcs:who/WHS3_62,dcid:country/BFA,2002,1744.0
dcs:who/WHS3_62,dcid:country/BFA,2010,2511.0
dcs:who/WHS3_62,dcid:country/BFA,2001,4174.0
dcs:who/WHS3_62,dcid:country/BFA,1996,18534.0
dcs:who/WHS3_62,dcid:country/BFA,2018,4072.0
dcs:who/WHS3_62,dcid:country/BFA,2006,125.0
dcs:who/WHS3_62,dcid:country/BFA,1999,5516.0
dcs:who/WHS3_62,dcid:country/BFA,1988,7782.0
dcs:who/WHS3_62,dcid:country/BFA,1986,11722.0
dcs:who/WHS3_62,dcid:country/BFA,1997,1438.0
dcs:who/WHS3_62,dcid:country/BFA,1989,7474.0
dcs:who/WHS3_62,dcid:country/BFA,1985,17461.0
dcs:who/WHS3_62,dcid:country/BFA,2004,77.0
dcs:who/WHS3_62,dcid:country/BFA,2013,375.0
dcs:who/WHS3_62,dcid:country/BFA,2017,49.0
dcs:who/WHS3_62,dcid:country/BFA,2019,672.0
dcs:who/WHS3_62,dcid:country/BFA,1995,5669.0
dcs:who/WHS3_62,dcid:country/BFA,1980,13713.0
dcs:who/WHS3_62,dcid:country/BFA,2012,7362.0
dcs:who/WHS3_62,dcid:country/BFA,1984,30094.0
dcs:who/WHS3_62,dcid:country/BFA,2011,860.0
dcs:who/WHS3_62,dcid:country/BFA,2016,226.0
dcs:who/WHS3_62,dcid:country/BGD,2006,6192.0
dcs:who/WHS3_62,dcid:country/BGD,1987,13631.0
dcs:who/WHS3_62,dcid:country/BGD,1985,11699.0
dcs:who/WHS3_62,dcid:country/BGD,2017,4001.0
dcs:who/WHS3_62,dcid:country/BGD,2002,3484.0
dcs:who/WHS3_62,dcid:country/BGD,1980,11077.0
dcs:who/WHS3_62,dcid:country/BGD,1981,10441.0
dcs:who/WHS3_62,dcid:country/BGD,1988,11471.0
dcs:who/WHS3_62,dcid:country/BGD,1986,14352.0
dcs:who/WHS3_62,dcid:country/BGD,1993,5443.0
dcs:who/WHS3_62,dcid:country/BGD,2018,2263.0
dcs:who/WHS3_62,dcid:country/BGD,1991,9292.0
dcs:who/WHS3_62,dcid:country/BGD,2005,25934.0
dcs:who/WHS3_62,dcid:country/BGD,2003,4067.0
dcs:who/WHS3_62,dcid:country/BGD,2001,4414.0
dcs:who/WHS3_62,dcid:country/BGD,2010,788.0
dcs:who/WHS3_62,dcid:country/BGD,2013,237.0
dcs:who/WHS3_62,dcid:country/BGD,1998,6522.0
dcs:who/WHS3_62,dcid:country/BGD,2007,2924.0
dcs:who/WHS3_62,dcid:country/BGD,2011,5625.0
dcs:who/WHS3_62,dcid:country/BGD,2023,281.0
dcs:who/WHS3_62,dcid:country/BGD,2021,203.0
dcs:who/WHS3_62,dcid:country/BGD,1992,5768.0
dcs:who/WHS3_62,dcid:country/BGD,1996,4929.0
dcs:who/WHS3_62,dcid:country/BGD,2016,972.0
dcs:who/WHS3_62,dcid:country/BGD,2008,2660.0
dcs:who/WHS3_62,dcid:country/BGD,2019,5827.0
dcs:who/WHS3_62,dcid:country/BGD,1983,9569.0
dcs:who/WHS3_62,dcid:country/BGD,2009,718.0
dcs:who/WHS3_62,dcid:country/BGD,1984,11851.0
dcs:who/WHS3_62,dcid:country/BGD,1995,4995.0
dcs:who/WHS3_62,dcid:country/BGD,2004,9743.0
dcs:who/WHS3_62,dcid:country/BGD,2000,5098.0
dcs:who/WHS3_62,dcid:country/BGD,2022,311.0
dcs:who/WHS3_62,dcid:country/BGD,1990,1705.0
dcs:who/WHS3_62,dcid:country/BGD,1994,9571.0
dcs:who/WHS3_62,dcid:country/BGD,1999,5666.0
dcs:who/WHS3_62,dcid:country/BGD,1997,10329.0
dcs:who/WHS3_62,dcid:country/BGD,2014,289.0
dcs:who/WHS3_62,dcid:country/BGD,1982,18116.0
dcs:who/WHS3_62,dcid:country/BGD,2012,1986.0
dcs:who/WHS3_62,dcid:country/BGD,1989,27327.0
dcs:who/WHS3_62,dcid:country/BGD,2020,2410.0
dcs:who/WHS3_62,dcid:country/BGD,2015,240.0
dcs:who/WHS3_62,dcid:country/BGR,1995,172.0
dcs:who/WHS3_62,dcid:country/BGR,2011,157.0
dcs:who/WHS3_62,dcid:country/BGR,2007,1.0
dcs:who/WHS3_62,dcid:country/BGR,2001,8.0
dcs:who/WHS3_62,dcid:country/BGR,1994,121.0
dcs:who/WHS3_62,dcid:country/BGR,2015,0.0
dcs:who/WHS3_62,dcid:country/BGR,1997,23.0
dcs:who/WHS3_62,dcid:country/BGR,2008,1.0
dcs:who/WHS3_62,dcid:country/BGR,1991,2028.0
dcs:who/WHS3_62,dcid:country/BGR,1992,20258.0
dcs:who/WHS3_62,dcid:country/BGR,2019,1231.0
dcs:who/WHS3_62,dcid:country/BGR,1993,354.0
dcs:who/WHS3_62,dcid:country/BGR,2021,0.0
dcs:who/WHS3_62,dcid:country/BGR,1989,111.0
dcs:who/WHS3_62,dcid:country/BGR,1990,147.0
dcs:who/WHS3_62,dcid:country/BGR,2003,0.0
dcs:who/WHS3_62,dcid:country/BGR,1981,9239.0
dcs:who/WHS3_62,dcid:country/BGR,2017,165.0
dcs:who/WHS3_62,dcid:country/BGR,1985,972.0
dcs:who/WHS3_62,dcid:country/BGR,2000,46.0
dcs:who/WHS3_62,dcid:country/BGR,1998,80.0
dcs:who/WHS3_62,dcid:country/BGR,2005,3.0
dcs:who/WHS3_62,dcid:country/BGR,1987,1560.0
dcs:who/WHS3_62,dcid:country/BGR,1986,1370.0
dcs:who/WHS3_62,dcid:country/BGR,1999,24.0
dcs:who/WHS3_62,dcid:country/BGR,1982,281.0
dcs:who/WHS3_62,dcid:country/BGR,2012,1.0
dcs:who/WHS3_62,dcid:country/BGR,2006,1.0
dcs:who/WHS3_62,dcid:country/BGR,2023,0.0
dcs:who/WHS3_62,dcid:country/BGR,2014,0.0
dcs:who/WHS3_62,dcid:country/BGR,1980,10763.0
dcs:who/WHS3_62,dcid:country/BGR,1984,292.0
dcs:who/WHS3_62,dcid:country/BGR,1983,326.0
dcs:who/WHS3_62,dcid:country/BGR,2016,1.0
dcs:who/WHS3_62,dcid:country/BGR,2004,0.0
dcs:who/WHS3_62,dcid:country/BGR,2010,22004.0
dcs:who/WHS3_62,dcid:country/BGR,2009,2249.0
dcs:who/WHS3_62,dcid:country/BGR,2002,0.0
dcs:who/WHS3_62,dcid:country/BGR,2022,1.0
dcs:who/WHS3_62,dcid:country/BGR,2013,14.0
dcs:who/WHS3_62,dcid:country/BGR,2018,13.0
dcs:who/WHS3_62,dcid:country/BGR,2020,257.0
dcs:who/WHS3_62,dcid:country/BGR,1988,404.0
dcs:who/WHS3_62,dcid:country/BGR,1996,695.0
dcs:who/WHS3_62,dcid:country/BHR,1995,3.0
dcs:who/WHS3_62,dcid:country/BHR,2011,0.0
dcs:who/WHS3_62,dcid:country/BHR,1989,181.0
dcs:who/WHS3_62,dcid:country/BHR,2017,0.0
dcs:who/WHS3_62,dcid:country/BHR,2007,7.0
dcs:who/WHS3_62,dcid:country/BHR,1994,0.0
dcs:who/WHS3_62,dcid:country/BHR,2002,8.0
dcs:who/WHS3_62,dcid:country/BHR,2023,3.0
dcs:who/WHS3_62,dcid:country/BHR,2009,3.0
dcs:who/WHS3_62,dcid:country/BHR,1985,1910.0
dcs:who/WHS3_62,dcid:country/BHR,2003,12.0
dcs:who/WHS3_62,dcid:country/BHR,1984,1134.0
dcs:who/WHS3_62,dcid:country/BHR,1980,1861.0
dcs:who/WHS3_62,dcid:country/BHR,2010,0.0
dcs:who/WHS3_62,dcid:country/BHR,2019,3.0
dcs:who/WHS3_62,dcid:country/BHR,1981,329.0
dcs:who/WHS3_62,dcid:country/BHR,1999,38.0
dcs:who/WHS3_62,dcid:country/BHR,2004,11.0
dcs:who/WHS3_62,dcid:country/BHR,2022,18.0
dcs:who/WHS3_62,dcid:country/BHR,2018,0.0
dcs:who/WHS3_62,dcid:country/BHR,1993,2.0
dcs:who/WHS3_62,dcid:country/BHR,1996,74.0
dcs:who/WHS3_62,dcid:country/BHR,2016,0.0
dcs:who/WHS3_62,dcid:country/BHR,2001,5.0
dcs:who/WHS3_62,dcid:country/BHR,2015,0.0
dcs:who/WHS3_62,dcid:country/BHR,2000,6.0
dcs:who/WHS3_62,dcid:country/BHR,1997,4.0
dcs:who/WHS3_62,dcid:country/BHR,1982,1147.0
dcs:who/WHS3_62,dcid:country/BHR,2006,3.0
dcs:who/WHS3_62,dcid:country/BHR,2014,46.0
dcs:who/WHS3_62,dcid:country/BHR,1988,5.0
dcs:who/WHS3_62,dcid:country/BHR,1998,4.0
dcs:who/WHS3_62,dcid:country/BHR,1986,97.0
dcs:who/WHS3_62,dcid:country/BHR,1992,12.0
dcs:who/WHS3_62,dcid:country/BHR,1990,59.0
dcs:who/WHS3_62,dcid:country/BHR,1987,22.0
dcs:who/WHS3_62,dcid:country/BHR,2020,0.0
dcs:who/WHS3_62,dcid:country/BHR,2012,0.0
dcs:who/WHS3_62,dcid:country/BHR,1991,7.0
dcs:who/WHS3_62,dcid:country/BHR,2021,0.0
dcs:who/WHS3_62,dcid:country/BHR,2008,2.0
dcs:who/WHS3_62,dcid:country/BHR,2005,4.0
dcs:who/WHS3_62,dcid:country/BHR,1983,438.0
dcs:who/WHS3_62,dcid:country/BHS,2014,0.0
dcs:who/WHS3_62,dcid:country/BHS,1983,2868.0
dcs:who/WHS3_62,dcid:country/BHS,1988,22.0
dcs:who/WHS3_62,dcid:country/BHS,1993,0.0
dcs:who/WHS3_62,dcid:country/BHS,1982,50.0
dcs:who/WHS3_62,dcid:country/BHS,2013,0.0
dcs:who/WHS3_62,dcid:country/BHS,2006,0.0
dcs:who/WHS3_62,dcid:country/BHS,1989,59.0
dcs:who/WHS3_62,dcid:country/BHS,1997,1.0
dcs:who/WHS3_62,dcid:country/BHS,2002,0.0
dcs:who/WHS3_62,dcid:country/BHS,2004,0.0
dcs:who/WHS3_62,dcid:country/BHS,2011,0.0
dcs:who/WHS3_62,dcid:country/BHS,2021,0.0
dcs:who/WHS3_62,dcid:country/BHS,1986,85.0
dcs:who/WHS3_62,dcid:country/BHS,2017,0.0
dcs:who/WHS3_62,dcid:country/BHS,2001,0.0
dcs:who/WHS3_62,dcid:country/BHS,1999,0.0
dcs:who/WHS3_62,dcid:country/BHS,1984,36.0
dcs:who/WHS3_62,dcid:country/BHS,2019,3.0
dcs:who/WHS3_62,dcid:country/BHS,1995,0.0
dcs:who/WHS3_62,dcid:country/BHS,2007,0.0
dcs:who/WHS3_62,dcid:country/BHS,1981,45.0
dcs:who/WHS3_62,dcid:country/BHS,1991,0.0
dcs:who/WHS3_62,dcid:country/BHS,1998,0.0
dcs:who/WHS3_62,dcid:country/BHS,1994,0.0
dcs:who/WHS3_62,dcid:country/BHS,2022,0.0
dcs:who/WHS3_62,dcid:country/BHS,2016,0.0
dcs:who/WHS3_62,dcid:country/BHS,1985,26.0
dcs:who/WHS3_62,dcid:country/BHS,2018,0.0
dcs:who/WHS3_62,dcid:country/BHS,2023,0.0
dcs:who/WHS3_62,dcid:country/BHS,1980,484.0
dcs:who/WHS3_62,dcid:country/BHS,1996,0.0
dcs:who/WHS3_62,dcid:country/BHS,1992,0.0
dcs:who/WHS3_62,dcid:country/BHS,1990,72.0
dcs:who/WHS3_62,dcid:country/BHS,2010,0.0
dcs:who/WHS3_62,dcid:country/BHS,2012,0.0
dcs:who/WHS3_62,dcid:country/BHS,2009,0.0
dcs:who/WHS3_62,dcid:country/BHS,2008,0.0
dcs:who/WHS3_62,dcid:country/BHS,2000,0.0
dcs:who/WHS3_62,dcid:country/BHS,2015,0.0
dcs:who/WHS3_62,dcid:country/BHS,2020,0.0
dcs:who/WHS3_62,dcid:country/BHS,2003,0.0
dcs:who/WHS3_62,dcid:country/BHS,2005,0.0
dcs:who/WHS3_62,dcid:country/BHS,1987,42.0
dcs:who/WHS3_62,dcid:country/BIH,2008,8.0
dcs:who/WHS3_62,dcid:country/BIH,2022,6.0
dcs:who/WHS3_62,dcid:country/BIH,2017,18.0
dcs:who/WHS3_62,dcid:country/BIH,2014,3000.0
dcs:who/WHS3_62,dcid:country/BIH,1994,875.0
dcs:who/WHS3_62,dcid:country/BIH,1998,2811.0
dcs:who/WHS3_62,dcid:country/BIH,2012,22.0
dcs:who/WHS3_62,dcid:country/BIH,2006,17.0
dcs:who/WHS3_62,dcid:country/BIH,2005,23.0
dcs:who/WHS3_62,dcid:country/BIH,2011,10.0
dcs:who/WHS3_62,dcid:country/BIH,2002,28.0
dcs:who/WHS3_62,dcid:country/BIH,2015,1677.0
dcs:who/WHS3_62,dcid:country/BIH,2000,43.0
dcs:who/WHS3_62,dcid:country/BIH,1995,125.0
dcs:who/WHS3_62,dcid:country/BIH,2019,1404.0
dcs:who/WHS3_62,dcid:country/BIH,1999,133.0
dcs:who/WHS3_62,dcid:country/BIH,1991,179.0
dcs:who/WHS3_62,dcid:country/BIH,2003,18.0
dcs:who/WHS3_62,dcid:country/BIH,2009,22.0
dcs:who/WHS3_62,dcid:country/BIH,2004,28.0
dcs:who/WHS3_62,dcid:country/BIH,1997,3937.0
dcs:who/WHS3_62,dcid:country/BIH,2010,45.0
dcs:who/WHS3_62,dcid:country/BIH,2016,133.0
dcs:who/WHS3_62,dcid:country/BIH,2018,62.0
dcs:who/WHS3_62,dcid:country/BIH,2023,13.0
dcs:who/WHS3_62,dcid:country/BIH,1990,512.0
dcs:who/WHS3_62,dcid:country/BIH,1993,249.0
dcs:who/WHS3_62,dcid:country/BIH,2007,166.0
dcs:who/WHS3_62,dcid:country/BIH,1992,144.0
dcs:who/WHS3_62,dcid:country/BLR,2013,16.0
dcs:who/WHS3_62,dcid:country/BLR,2005,1.0
dcs:who/WHS3_62,dcid:country/BLR,2006,149.0
dcs:who/WHS3_62,dcid:country/BLR,1999,153.0
dcs:who/WHS3_62,dcid:country/BLR,2018,259.0
dcs:who/WHS3_62,dcid:country/BLR,2011,50.0
dcs:who/WHS3_62,dcid:country/BLR,1995,1516.0
dcs:who/WHS3_62,dcid:country/BLR,2010,1.0
dcs:who/WHS3_62,dcid:country/BLR,2001,45.0
dcs:who/WHS3_62,dcid:country/BLR,2008,0.0
dcs:who/WHS3_62,dcid:country/BLR,2020,0.0
dcs:who/WHS3_62,dcid:country/BLR,1990,224.0
dcs:who/WHS3_62,dcid:country/BLR,1993,3874.0
dcs:who/WHS3_62,dcid:country/BLR,1998,517.0
dcs:who/WHS3_62,dcid:country/BLR,1996,395.0
dcs:who/WHS3_62,dcid:country/BLR,2015,2.0
dcs:who/WHS3_62,dcid:country/BLR,2009,0.0
dcs:who/WHS3_62,dcid:country/BLR,2023,193.0
dcs:who/WHS3_62,dcid:country/BLR,1991,1351.0
dcs:who/WHS3_62,dcid:country/BLR,2019,201.0
dcs:who/WHS3_62,dcid:country/BLR,1997,135.0
dcs:who/WHS3_62,dcid:country/BLR,2000,21.0
dcs:who/WHS3_62,dcid:country/BLR,2014,64.0
dcs:who/WHS3_62,dcid:country/BLR,2004,2.0
dcs:who/WHS3_62,dcid:country/BLR,2022,0.0
dcs:who/WHS3_62,dcid:country/BLR,2012,10.0
dcs:who/WHS3_62,dcid:country/BLR,2017,1.0
dcs:who/WHS3_62,dcid:country/BLR,2021,3.0
dcs:who/WHS3_62,dcid:country/BLR,2016,10.0
dcs:who/WHS3_62,dcid:country/BLR,1992,2324.0
dcs:who/WHS3_62,dcid:country/BLR,2002,14.0
dcs:who/WHS3_62,dcid:country/BLR,1994,820.0
dcs:who/WHS3_62,dcid:country/BLR,2003,21.0
dcs:who/WHS3_62,dcid:country/BLR,2007,1.0
dcs:who/WHS3_62,dcid:country/BLZ,1985,7.0
dcs:who/WHS3_62,dcid:country/BLZ,1996,0.0
dcs:who/WHS3_62,dcid:country/BLZ,2009,0.0
dcs:who/WHS3_62,dcid:country/BLZ,2010,0.0
dcs:who/WHS3_62,dcid:country/BLZ,2014,0.0
dcs:who/WHS3_62,dcid:country/BLZ,2000,0.0
dcs:who/WHS3_62,dcid:country/BLZ,2002,0.0
dcs:who/WHS3_62,dcid:country/BLZ,1988,74.0
dcs:who/WHS3_62,dcid:country/BLZ,2005,0.0
dcs:who/WHS3_62,dcid:country/BLZ,2008,0.0
dcs:who/WHS3_62,dcid:country/BLZ,1999,0.0
dcs:who/WHS3_62,dcid:country/BLZ,2021,0.0
dcs:who/WHS3_62,dcid:country/BLZ,1984,4.0
dcs:who/WHS3_62,dcid:country/BLZ,2015,0.0
dcs:who/WHS3_62,dcid:country/BLZ,2019,0.0
dcs:who/WHS3_62,dcid:country/BLZ,1989,2.0
dcs:who/WHS3_62,dcid:country/BLZ,1987,224.0
dcs:who/WHS3_62,dcid:country/BLZ,1995,4.0
dcs:who/WHS3_62,dcid:country/BLZ,1986,124.0
dcs:who/WHS3_62,dcid:country/BLZ,2012,0.0
dcs:who/WHS3_62,dcid:country/BLZ,2001,0.0
dcs:who/WHS3_62,dcid:country/BLZ,2016,0.0
dcs:who/WHS3_62,dcid:country/BLZ,2023,0.0
dcs:who/WHS3_62,dcid:country/BLZ,1994,0.0
dcs:who/WHS3_62,dcid:country/BLZ,1992,11.0
dcs:who/WHS3_62,dcid:country/BLZ,1980,607.0
dcs:who/WHS3_62,dcid:country/BLZ,1997,0.0
dcs:who/WHS3_62,dcid:country/BLZ,1981,186.0
dcs:who/WHS3_62,dcid:country/BLZ,2022,0.0
dcs:who/WHS3_62,dcid:country/BLZ,1998,0.0
dcs:who/WHS3_62,dcid:country/BLZ,1982,6.0
dcs:who/WHS3_62,dcid:country/BLZ,2004,0.0
dcs:who/WHS3_62,dcid:country/BLZ,1993,0.0
dcs:who/WHS3_62,dcid:country/BLZ,1990,25.0
dcs:who/WHS3_62,dcid:country/BLZ,2003,0.0
dcs:who/WHS3_62,dcid:country/BLZ,2011,0.0
dcs:who/WHS3_62,dcid:country/BLZ,2007,0.0
dcs:who/WHS3_62,dcid:country/BLZ,2020,0.0
dcs:who/WHS3_62,dcid:country/BLZ,1991,7.0
dcs:who/WHS3_62,dcid:country/BLZ,2018,0.0
dcs:who/WHS3_62,dcid:country/BLZ,2006,0.0
dcs:who/WHS3_62,dcid:country/BLZ,1983,11.0
dcs:who/WHS3_62,dcid:country/BLZ,2017,0.0
dcs:who/WHS3_62,dcid:country/BLZ,2013,0.0
dcs:who/WHS3_62,dcid:country/BMU,2017,0.0
dcs:who/WHS3_62,dcid:country/BMU,1993,0.0
dcs:who/WHS3_62,dcid:country/BMU,1983,1.0
dcs:who/WHS3_62,dcid:country/BMU,2021,0.0
dcs:who/WHS3_62,dcid:country/BMU,1996,0.0
dcs:who/WHS3_62,dcid:country/BMU,1989,1.0
dcs:who/WHS3_62,dcid:country/BMU,2022,0.0
dcs:who/WHS3_62,dcid:country/BMU,1981,4.0
dcs:who/WHS3_62,dcid:country/BMU,1984,3.0
dcs:who/WHS3_62,dcid:country/BMU,1982,20.0
dcs:who/WHS3_62,dcid:country/BMU,2020,0.0
dcs:who/WHS3_62,dcid:country/BMU,1990,1.0
dcs:who/WHS3_62,dcid:country/BMU,2004,0.0
dcs:who/WHS3_62,dcid:country/BMU,2002,0.0
dcs:who/WHS3_62,dcid:country/BMU,2000,0.0
dcs:who/WHS3_62,dcid:country/BMU,1988,4.0
dcs:who/WHS3_62,dcid:country/BMU,2019,0.0
dcs:who/WHS3_62,dcid:country/BMU,2001,0.0
dcs:who/WHS3_62,dcid:country/BMU,1994,0.0
dcs:who/WHS3_62,dcid:country/BMU,1985,0.0
dcs:who/WHS3_62,dcid:country/BMU,1995,0.0
dcs:who/WHS3_62,dcid:country/BMU,1987,56.0
dcs:who/WHS3_62,dcid:country/BMU,2018,0.0
dcs:who/WHS3_62,dcid:country/BMU,1992,0.0
dcs:who/WHS3_62,dcid:country/BMU,1999,0.0
dcs:who/WHS3_62,dcid:country/BMU,2023,0.0
dcs:who/WHS3_62,dcid:country/BMU,1980,22.0
dcs:who/WHS3_62,dcid:country/BMU,1986,4.0
dcs:who/WHS3_62,dcid:country/BMU,1997,0.0
dcs:who/WHS3_62,dcid:country/BMU,1998,0.0
dcs:who/WHS3_62,dcid:country/BMU,1991,2.0
dcs:who/WHS3_62,dcid:country/BOL,1982,720.0
dcs:who/WHS3_62,dcid:country/BOL,2018,0.0
dcs:who/WHS3_62,dcid:country/BOL,1995,76.0
dcs:who/WHS3_62,dcid:country/BOL,2019,0.0
dcs:who/WHS3_62,dcid:country/BOL,2007,0.0
dcs:who/WHS3_62,dcid:country/BOL,1997,7.0
dcs:who/WHS3_62,dcid:country/BOL,1998,1004.0
dcs:who/WHS3_62,dcid:country/BOL,2022,0.0
dcs:who/WHS3_62,dcid:country/BOL,2017,0.0
dcs:who/WHS3_62,dcid:country/BOL,1990,820.0
dcs:who/WHS3_62,dcid:country/BOL,2006,0.0
dcs:who/WHS3_62,dcid:country/BOL,2011,0.0
dcs:who/WHS3_62,dcid:country/BOL,2010,0.0
dcs:who/WHS3_62,dcid:country/BOL,2021,0.0
dcs:who/WHS3_62,dcid:country/BOL,1992,4937.0
dcs:who/WHS3_62,dcid:country/BOL,2008,0.0
dcs:who/WHS3_62,dcid:country/BOL,1984,1270.0
dcs:who/WHS3_62,dcid:country/BOL,1981,7654.0
dcs:who/WHS3_62,dcid:country/BOL,2020,2.0
dcs:who/WHS3_62,dcid:country/BOL,1993,3391.0
dcs:who/WHS3_62,dcid:country/BOL,2009,0.0
dcs:who/WHS3_62,dcid:country/BOL,1985,217.0
dcs:who/WHS3_62,dcid:country/BOL,2015,0.0
dcs:who/WHS3_62,dcid:country/BOL,1991,2108.0
dcs:who/WHS3_62,dcid:country/BOL,2012,0.0
dcs:who/WHS3_62,dcid:country/BOL,1994,1441.0
dcs:who/WHS3_62,dcid:country/BOL,2013,0.0
dcs:who/WHS3_62,dcid:country/BOL,1989,669.0
dcs:who/WHS3_62,dcid:country/BOL,1986,346.0
dcs:who/WHS3_62,dcid:country/BOL,2014,0.0
dcs:who/WHS3_62,dcid:country/BOL,2005,0.0
dcs:who/WHS3_62,dcid:country/BOL,1980,4181.0
dcs:who/WHS3_62,dcid:country/BOL,2016,0.0
dcs:who/WHS3_62,dcid:country/BOL,2001,0.0
dcs:who/WHS3_62,dcid:country/BOL,1988,1793.0
dcs:who/WHS3_62,dcid:country/BOL,1987,987.0
dcs:who/WHS3_62,dcid:country/BOL,2003,0.0
dcs:who/WHS3_62,dcid:country/BOL,1983,2034.0
dcs:who/WHS3_62,dcid:country/BOL,2000,122.0
dcs:who/WHS3_62,dcid:country/BOL,2004,0.0
dcs:who/WHS3_62,dcid:country/BOL,2002,0.0
dcs:who/WHS3_62,dcid:country/BOL,1999,1441.0
dcs:who/WHS3_62,dcid:country/BOL,2023,0.0
dcs:who/WHS3_62,dcid:country/BOL,1996,7.0
dcs:who/WHS3_62,dcid:country/BRA,2015,214.0
dcs:who/WHS3_62,dcid:country/BRA,1982,39370.0
dcs:who/WHS3_62,dcid:country/BRA,2004,0.0
dcs:who/WHS3_62,dcid:country/BRA,1986,129126.0
dcs:who/WHS3_62,dcid:country/BRA,1993,6037.0
dcs:who/WHS3_62,dcid:country/BRA,2009,0.0
dcs:who/WHS3_62,dcid:country/BRA,1987,66059.0
dcs:who/WHS3_62,dcid:country/BRA,2001,1.0
dcs:who/WHS3_62,dcid:country/BRA,2014,876.0
dcs:who/WHS3_62,dcid:country/BRA,2011,43.0
dcs:who/WHS3_62,dcid:country/BRA,1989,22853.0
dcs:who/WHS3_62,dcid:country/BRA,2023,0.0
dcs:who/WHS3_62,dcid:country/BRA,2003,2.0
dcs:who/WHS3_62,dcid:country/BRA,2002,1.0
dcs:who/WHS3_62,dcid:country/BRA,2006,57.0
dcs:who/WHS3_62,dcid:country/BRA,1980,99263.0
dcs:who/WHS3_62,dcid:country/BRA,2007,0.0
dcs:who/WHS3_62,dcid:country/BRA,2022,41.0
dcs:who/WHS3_62,dcid:country/BRA,2005,6.0
dcs:who/WHS3_62,dcid:country/BRA,1985,75993.0
dcs:who/WHS3_62,dcid:country/BRA,1994,35.0
dcs:who/WHS3_62,dcid:country/BRA,1988,26179.0
dcs:who/WHS3_62,dcid:country/BRA,1996,580.0
dcs:who/WHS3_62,dcid:country/BRA,2000,36.0
dcs:who/WHS3_62,dcid:country/BRA,2018,10330.0
dcs:who/WHS3_62,dcid:country/BRA,1990,61435.0
dcs:who/WHS3_62,dcid:country/BRA,2021,668.0
dcs:who/WHS3_62,dcid:country/BRA,2020,8448.0
dcs:who/WHS3_62,dcid:country/BRA,1999,908.0
dcs:who/WHS3_62,dcid:country/BRA,1984,80875.0
dcs:who/WHS3_62,dcid:country/BRA,2010,68.0
dcs:who/WHS3_62,dcid:country/BRA,1997,52284.0
dcs:who/WHS3_62,dcid:country/BRA,1992,7934.0
dcs:who/WHS3_62,dcid:country/BRA,2008,0.0
dcs:who/WHS3_62,dcid:country/BRA,1991,42537.0
dcs:who/WHS3_62,dcid:country/BRA,1995,793.0
dcs:who/WHS3_62,dcid:country/BRA,2012,2.0
dcs:who/WHS3_62,dcid:country/BRA,1998,2781.0
dcs:who/WHS3_62,dcid:country/BRA,2016,0.0
dcs:who/WHS3_62,dcid:country/BRA,1983,58259.0
dcs:who/WHS3_62,dcid:country/BRA,2013,220.0
dcs:who/WHS3_62,dcid:country/BRA,2019,20901.0
dcs:who/WHS3_62,dcid:country/BRA,1981,61281.0
dcs:who/WHS3_62,dcid:country/BRB,2020,0.0
dcs:who/WHS3_62,dcid:country/BRB,2002,0.0
dcs:who/WHS3_62,dcid:country/BRB,1997,0.0
dcs:who/WHS3_62,dcid:country/BRB,1980,27.0
dcs:who/WHS3_62,dcid:country/BRB,2005,0.0
dcs:who/WHS3_62,dcid:country/BRB,2019,0.0
dcs:who/WHS3_62,dcid:country/BRB,2008,0.0
dcs:who/WHS3_62,dcid:country/BRB,1993,0.0
dcs:who/WHS3_62,dcid:country/BRB,1999,0.0
dcs:who/WHS3_62,dcid:country/BRB,1991,2.0
dcs:who/WHS3_62,dcid:country/BRB,2015,0.0
dcs:who/WHS3_62,dcid:country/BRB,2001,0.0
dcs:who/WHS3_62,dcid:country/BRB,2006,0.0
dcs:who/WHS3_62,dcid:country/BRB,2014,0.0
dcs:who/WHS3_62,dcid:country/BRB,1982,6.0
dcs:who/WHS3_62,dcid:country/BRB,2009,0.0
dcs:who/WHS3_62,dcid:country/BRB,2017,0.0
dcs:who/WHS3_62,dcid:country/BRB,1998,0.0
dcs:who/WHS3_62,dcid:country/BRB,2004,0.0
dcs:who/WHS3_62,dcid:country/BRB,2010,0.0
dcs:who/WHS3_62,dcid:country/BRB,1988,1.0
dcs:who/WHS3_62,dcid:country/BRB,1992,0.0
dcs:who/WHS3_62,dcid:country/BRB,1987,2.0
dcs:who/WHS3_62,dcid:country/BRB,2011,0.0
dcs:who/WHS3_62,dcid:country/BRB,2021,0.0
dcs:who/WHS3_62,dcid:country/BRB,2013,0.0
dcs:who/WHS3_62,dcid:country/BRB,2022,0.0
dcs:who/WHS3_62,dcid:country/BRB,2000,0.0
dcs:who/WHS3_62,dcid:country/BRB,1986,2.0
dcs:who/WHS3_62,dcid:country/BRB,2016,0.0
dcs:who/WHS3_62,dcid:country/BRB,2007,0.0
dcs:who/WHS3_62,dcid:country/BRB,2023,0.0
dcs:who/WHS3_62,dcid:country/BRB,1994,0.0
dcs:who/WHS3_62,dcid:country/BRB,2018,0.0
dcs:who/WHS3_62,dcid:country/BRB,1990,51.0
dcs:who/WHS3_62,dcid:country/BRB,2012,0.0
dcs:who/WHS3_62,dcid:country/BRB,1989,2.0
dcs:who/WHS3_62,dcid:country/BRB,1981,41.0
dcs:who/WHS3_62,dcid:country/BRB,1995,0.0
dcs:who/WHS3_62,dcid:country/BRB,1984,5.0
dcs:who/WHS3_62,dcid:country/BRB,1996,0.0
dcs:who/WHS3_62,dcid:country/BRB,1985,7.0
dcs:who/WHS3_62,dcid:country/BRB,2003,0.0
dcs:who/WHS3_62,dcid:country/BRB,1983,6.0
dcs:who/WHS3_62,dcid:country/BRN,1997,13.0
dcs:who/WHS3_62,dcid:country/BRN,2017,0.0
dcs:who/WHS3_62,dcid:country/BRN,1990,12.0
dcs:who/WHS3_62,dcid:country/BRN,1987,63.0
dcs:who/WHS3_62,dcid:country/BRN,2011,4.0
dcs:who/WHS3_62,dcid:country/BRN,1985,617.0
dcs:who/WHS3_62,dcid:country/BRN,1980,485.0
dcs:who/WHS3_62,dcid:country/BRN,1982,243.0
dcs:who/WHS3_62,dcid:country/BRN,2005,9.0
dcs:who/WHS3_62,dcid:country/BRN,2021,0.0
dcs:who/WHS3_62,dcid:country/BRN,2012,1.0
dcs:who/WHS3_62,dcid:country/BRN,1988,28.0
dcs:who/WHS3_62,dcid:country/BRN,1999,23.0
dcs:who/WHS3_62,dcid:country/BRN,2018,1.0
dcs:who/WHS3_62,dcid:country/BRN,2016,1.0
dcs:who/WHS3_62,dcid:country/BRN,1993,50.0
dcs:who/WHS3_62,dcid:country/BRN,2003,24.0
dcs:who/WHS3_62,dcid:country/BRN,2023,1.0
dcs:who/WHS3_62,dcid:country/BRN,2004,16.0
dcs:who/WHS3_62,dcid:country/BRN,2022,0.0
dcs:who/WHS3_62,dcid:country/BRN,1984,541.0
dcs:who/WHS3_62,dcid:country/BRN,1992,51.0
dcs:who/WHS3_62,dcid:country/BRN,1981,775.0
dcs:who/WHS3_62,dcid:country/BRN,2000,42.0
dcs:who/WHS3_62,dcid:country/BRN,2015,4.0
dcs:who/WHS3_62,dcid:country/BRN,2019,1.0
dcs:who/WHS3_62,dcid:country/BRN,2014,1.0
dcs:who/WHS3_62,dcid:country/BRN,1998,12.0
dcs:who/WHS3_62,dcid:country/BRN,2001,11.0
dcs:who/WHS3_62,dcid:country/BRN,2008,3.0
dcs:who/WHS3_62,dcid:country/BRN,2010,0.0
dcs:who/WHS3_62,dcid:country/BRN,1986,440.0
dcs:who/WHS3_62,dcid:country/BRN,2009,2.0
dcs:who/WHS3_62,dcid:country/BRN,1989,39.0
dcs:who/WHS3_62,dcid:country/BRN,1983,558.0
dcs:who/WHS3_62,dcid:country/BRN,2020,0.0
dcs:who/WHS3_62,dcid:country/BTN,2019,2.0
dcs:who/WHS3_62,dcid:country/BTN,2011,10.0
dcs:who/WHS3_62,dcid:country/BTN,2022,7.0
dcs:who/WHS3_62,dcid:country/BTN,2018,18.0
dcs:who/WHS3_62,dcid:country/BTN,2005,11.0
dcs:who/WHS3_62,dcid:country/BTN,1998,66.0
dcs:who/WHS3_62,dcid:country/BTN,2012,1.0
dcs:who/WHS3_62,dcid:country/BTN,1984,1321.0
dcs:who/WHS3_62,dcid:country/BTN,1990,173.0
dcs:who/WHS3_62,dcid:country/BTN,1980,1642.0
dcs:who/WHS3_62,dcid:country/BTN,2009,6.0
dcs:who/WHS3_62,dcid:country/BTN,1983,1356.0
dcs:who/WHS3_62,dcid:country/BTN,2023,10.0
dcs:who/WHS3_62,dcid:country/BTN,2014,0.0
dcs:who/WHS3_62,dcid:country/BTN,2002,27.0
dcs:who/WHS3_62,dcid:country/BTN,2006,2.0
dcs:who/WHS3_62,dcid:country/BTN,1992,103.0
dcs:who/WHS3_62,dcid:country/BTN,1989,554.0
dcs:who/WHS3_62,dcid:country/BTN,1981,1102.0
dcs:who/WHS3_62,dcid:country/BTN,1995,148.0
dcs:who/WHS3_62,dcid:country/BTN,2003,0.0
dcs:who/WHS3_62,dcid:country/BTN,2001,756.0
dcs:who/WHS3_62,dcid:country/BTN,2010,21.0
dcs:who/WHS3_62,dcid:country/BTN,2016,45.0
dcs:who/WHS3_62,dcid:country/BTN,1999,9920.0
dcs:who/WHS3_62,dcid:country/BTN,1985,819.0
dcs:who/WHS3_62,dcid:country/BTN,1988,382.0
dcs:who/WHS3_62,dcid:country/BTN,2017,66.0
dcs:who/WHS3_62,dcid:country/BTN,1982,1868.0
dcs:who/WHS3_62,dcid:country/BTN,1997,169.0
dcs:who/WHS3_62,dcid:country/BTN,1991,441.0
dcs:who/WHS3_62,dcid:country/BTN,1994,683.0
dcs:who/WHS3_62,dcid:country/BTN,2007,11.0
dcs:who/WHS3_62,dcid:country/BTN,2013,0.0
dcs:who/WHS3_62,dcid:country/BTN,2004,3.0
dcs:who/WHS3_62,dcid:country/BTN,1996,9.0
dcs:who/WHS3_62,dcid:country/BTN,1993,505.0
dcs:who/WHS3_62,dcid:country/BTN,2000,418.0
dcs:who/WHS3_62,dcid:country/BTN,2015,11.0
dcs:who/WHS3_62,dcid:country/BTN,1987,673.0
dcs:who/WHS3_62,dcid:country/BTN,1986,948.0
dcs:who/WHS3_62,dcid:country/BTN,2008,7.0
dcs:who/WHS3_62,dcid:country/BWA,2002,7.0
dcs:who/WHS3_62,dcid:country/BWA,1985,1684.0
dcs:who/WHS3_62,dcid:country/BWA,2016,1.0
dcs:who/WHS3_62,dcid:country/BWA,2013,1.0
dcs:who/WHS3_62,dcid:country/BWA,1997,5032.0
dcs:who/WHS3_62,dcid:country/BWA,2017,0.0
dcs:who/WHS3_62,dcid:country/BWA,1989,3771.0
dcs:who/WHS3_62,dcid:country/BWA,2012,7.0
dcs:who/WHS3_62,dcid:country/BWA,1980,4091.0
dcs:who/WHS3_62,dcid:country/BWA,2009,184.0
dcs:who/WHS3_62,dcid:country/BWA,1996,1030.0
dcs:who/WHS3_62,dcid:country/BWA,2023,63.0
dcs:who/WHS3_62,dcid:country/BWA,1993,5327.0
dcs:who/WHS3_62,dcid:country/BWA,2014,1.0
dcs:who/WHS3_62,dcid:country/BWA,1991,565.0
dcs:who/WHS3_62,dcid:country/BWA,1983,6542.0
dcs:who/WHS3_62,dcid:country/BWA,2003,59.0
dcs:who/WHS3_62,dcid:country/BWA,1994,2447.0
dcs:who/WHS3_62,dcid:country/BWA,2011,8.0
dcs:who/WHS3_62,dcid:country/BWA,1990,1218.0
dcs:who/WHS3_62,dcid:country/BWA,2018,0.0
dcs:who/WHS3_62,dcid:country/BWA,1999,439.0
dcs:who/WHS3_62,dcid:country/BWA,1995,478.0
dcs:who/WHS3_62,dcid:country/BWA,2005,5.0
dcs:who/WHS3_62,dcid:country/BWA,1981,2157.0
dcs:who/WHS3_62,dcid:country/BWA,2021,0.0
dcs:who/WHS3_62,dcid:country/BWA,1987,126.0
dcs:who/WHS3_62,dcid:country/BWA,2000,2672.0
dcs:who/WHS3_62,dcid:country/BWA,2015,0.0
dcs:who/WHS3_62,dcid:country/BWA,2004,1.0
dcs:who/WHS3_62,dcid:country/BWA,2007,1.0
dcs:who/WHS3_62,dcid:country/BWA,1992,566.0
dcs:who/WHS3_62,dcid:country/BWA,1982,1512.0
dcs:who/WHS3_62,dcid:country/BWA,2001,1.0
dcs:who/WHS3_62,dcid:country/BWA,2008,0.0
dcs:who/WHS3_62,dcid:country/BWA,1986,1018.0
dcs:who/WHS3_62,dcid:country/BWA,2019,0.0
dcs:who/WHS3_62,dcid:country/BWA,1984,9249.0
dcs:who/WHS3_62,dcid:country/BWA,2010,853.0
dcs:who/WHS3_62,dcid:country/BWA,1988,711.0
dcs:who/WHS3_62,dcid:country/BWA,2022,1.0
dcs:who/WHS3_62,dcid:country/BWA,2006,6.0
dcs:who/WHS3_62,dcid:country/BWA,1998,700.0
dcs:who/WHS3_62,dcid:country/BWA,2020,5.0
dcs:who/WHS3_62,dcid:country/CAF,1986,1785.0
dcs:who/WHS3_62,dcid:country/CAF,1995,902.0
dcs:who/WHS3_62,dcid:country/CAF,2016,367.0
dcs:who/WHS3_62,dcid:country/CAF,2022,155.0
dcs:who/WHS3_62,dcid:country/CAF,2008,12.0
dcs:who/WHS3_62,dcid:country/CAF,1982,2563.0
dcs:who/WHS3_62,dcid:country/CAF,2020,3433.0
dcs:who/WHS3_62,dcid:country/CAF,2004,1233.0
dcs:who/WHS3_62,dcid:country/CAF,2005,471.0
dcs:who/WHS3_62,dcid:country/CAF,1992,3022.0
dcs:who/WHS3_62,dcid:country/CAF,1988,1898.0
dcs:who/WHS3_62,dcid:country/CAF,2009,11.0
dcs:who/WHS3_62,dcid:country/CAF,2001,2837.0
dcs:who/WHS3_62,dcid:country/CAF,2003,652.0
dcs:who/WHS3_62,dcid:country/CAF,2019,3390.0
dcs:who/WHS3_62,dcid:country/CAF,1990,1275.0
dcs:who/WHS3_62,dcid:country/CAF,2018,224.0
dcs:who/WHS3_62,dcid:country/CAF,1997,194.0
dcs:who/WHS3_62,dcid:country/CAF,1983,1564.0
dcs:who/WHS3_62,dcid:country/CAF,2010,2.0
dcs:who/WHS3_62,dcid:country/CAF,1984,6395.0
dcs:who/WHS3_62,dcid:country/CAF,2021,286.0
dcs:who/WHS3_62,dcid:country/CAF,1987,2148.0
dcs:who/WHS3_62,dcid:country/CAF,1985,2446.0
dcs:who/WHS3_62,dcid:country/CAF,2011,679.0
dcs:who/WHS3_62,dcid:country/CAF,1993,1694.0
dcs:who/WHS3_62,dcid:country/CAF,1991,3644.0
dcs:who/WHS3_62,dcid:country/CAF,2006,3.0
dcs:who/WHS3_62,dcid:country/CAF,1980,8280.0
dcs:who/WHS3_62,dcid:country/CAF,2007,49.0
dcs:who/WHS3_62,dcid:country/CAF,2013,596.0
dcs:who/WHS3_62,dcid:country/CAF,2014,210.0
dcs:who/WHS3_62,dcid:country/CAF,1996,248.0
dcs:who/WHS3_62,dcid:country/CAF,1998,146.0
dcs:who/WHS3_62,dcid:country/CAF,2012,141.0
dcs:who/WHS3_62,dcid:country/CAF,1981,3820.0
dcs:who/WHS3_62,dcid:country/CAF,2017,801.0
dcs:who/WHS3_62,dcid:country/CAF,1989,331.0
dcs:who/WHS3_62,dcid:country/CAF,2000,3207.0
dcs:who/WHS3_62,dcid:country/CAF,2023,3841.0
dcs:who/WHS3_62,dcid:country/CAF,2002,938.0
dcs:who/WHS3_62,dcid:country/CAF,2015,150.0
dcs:who/WHS3_62,dcid:country/CAF,1999,600.0
dcs:who/WHS3_62,dcid:country/CAN,1986,14941.0
dcs:who/WHS3_62,dcid:country/CAN,2019,113.0
dcs:who/WHS3_62,dcid:country/CAN,1998,12.0
dcs:who/WHS3_62,dcid:country/CAN,2023,12.0
dcs:who/WHS3_62,dcid:country/CAN,1981,2307.0
dcs:who/WHS3_62,dcid:country/CAN,1997,579.0
dcs:who/WHS3_62,dcid:country/CAN,2020,1.0
dcs:who/WHS3_62,dcid:country/CAN,2001,34.0
dcs:who/WHS3_62,dcid:country/CAN,1982,1064.0
dcs:who/WHS3_62,dcid:country/CAN,1984,4078.0
dcs:who/WHS3_62,dcid:country/CAN,2015,195.0
dcs:who/WHS3_62,dcid:country/CAN,1980,13864.0
dcs:who/WHS3_62,dcid:country/CAN,2000,206.0
dcs:who/WHS3_62,dcid:country/CAN,2017,45.0
dcs:who/WHS3_62,dcid:country/CAN,1985,2816.0
dcs:who/WHS3_62,dcid:country/CAN,2018,28.0
dcs:who/WHS3_62,dcid:country/CAN,2022,3.0
dcs:who/WHS3_62,dcid:country/CAN,2016,11.0
dcs:who/WHS3_62,dcid:country/CAN,1999,29.0
dcs:who/WHS3_62,dcid:country/CAN,1983,934.0
dcs:who/WHS3_62,dcid:country/CAN,2014,418.0
dcs:who/WHS3_62,dcid:country/CAN,2021,0.0
dcs:who/WHS3_62,dcid:country/CAN,2012,10.0
dcs:who/WHS3_62,dcid:country/CAN,2003,15.0
dcs:who/WHS3_62,dcid:country/CAN,2007,101.0
dcs:who/WHS3_62,dcid:country/CAN,2006,13.0
dcs:who/WHS3_62,dcid:country/CAN,1993,203.0
dcs:who/WHS3_62,dcid:country/CAN,2011,803.0
dcs:who/WHS3_62,dcid:country/CAN,1988,609.0
dcs:who/WHS3_62,dcid:country/CAN,2009,14.0
dcs:who/WHS3_62,dcid:country/CAN,1994,523.0
dcs:who/WHS3_62,dcid:country/CAN,2004,7.0
dcs:who/WHS3_62,dcid:country/CAN,1992,2742.0
dcs:who/WHS3_62,dcid:country/CAN,2008,62.0
dcs:who/WHS3_62,dcid:country/CAN,1995,2361.0
dcs:who/WHS3_62,dcid:country/CAN,2013,83.0
dcs:who/WHS3_62,dcid:country/CAN,1991,6178.0
dcs:who/WHS3_62,dcid:country/CAN,2002,6.0
dcs:who/WHS3_62,dcid:country/CAN,1996,327.0
dcs:who/WHS3_62,dcid:country/CAN,2010,99.0
dcs:who/WHS3_62,dcid:country/CAN,2005,6.0
dcs:who/WHS3_62,dcid:country/CAN,1990,1033.0
dcs:who/WHS3_62,dcid:country/CAN,1987,2385.0
dcs:who/WHS3_62,dcid:country/CAN,1989,11145.0
dcs:who/WHS3_62,dcid:country/CHE,1995,1400.0
dcs:who/WHS3_62,dcid:country/CHE,2007,1015.0
dcs:who/WHS3_62,dcid:country/CHE,2018,50.0
dcs:who/WHS3_62,dcid:country/CHE,2021,0.0
dcs:who/WHS3_62,dcid:country/CHE,2022,1.0
dcs:who/WHS3_62,dcid:country/CHE,2016,65.0
dcs:who/WHS3_62,dcid:country/CHE,1996,2000.0
dcs:who/WHS3_62,dcid:country/CHE,2005,60.0
dcs:who/WHS3_62,dcid:country/CHE,2013,175.0
dcs:who/WHS3_62,dcid:country/CHE,1988,7600.0
dcs:who/WHS3_62,dcid:country/CHE,1990,1990.0
dcs:who/WHS3_62,dcid:country/CHE,2011,621.0
dcs:who/WHS3_62,dcid:country/CHE,2008,2022.0
dcs:who/WHS3_62,dcid:country/CHE,2004,39.0
dcs:who/WHS3_62,dcid:country/CHE,1993,3000.0
dcs:who/WHS3_62,dcid:country/CHE,2015,35.0
dcs:who/WHS3_62,dcid:country/CHE,2009,958.0
dcs:who/WHS3_62,dcid:country/CHE,2003,574.0
dcs:who/WHS3_62,dcid:country/CHE,2010,77.0
dcs:who/WHS3_62,dcid:country/CHE,1991,2700.0
dcs:who/WHS3_62,dcid:country/CHE,2001,700.0
dcs:who/WHS3_62,dcid:country/CHE,1998,2000.0
dcs:who/WHS3_62,dcid:country/CHE,1999,800.0
dcs:who/WHS3_62,dcid:country/CHE,1992,4300.0
dcs:who/WHS3_62,dcid:country/CHE,1994,1400.0
dcs:who/WHS3_62,dcid:country/CHE,2017,105.0
dcs:who/WHS3_62,dcid:country/CHE,1989,2700.0
dcs:who/WHS3_62,dcid:country/CHE,2012,61.0
dcs:who/WHS3_62,dcid:country/CHE,2020,37.0
dcs:who/WHS3_62,dcid:country/CHE,2014,23.0
dcs:who/WHS3_62,dcid:country/CHE,1987,7400.0
dcs:who/WHS3_62,dcid:country/CHE,2023,52.0
dcs:who/WHS3_62,dcid:country/CHE,1997,6400.0
dcs:who/WHS3_62,dcid:country/CHL,2010,0.0
dcs:who/WHS3_62,dcid:country/CHL,2023,1.0
dcs:who/WHS3_62,dcid:country/CHL,2000,0.0
dcs:who/WHS3_62,dcid:country/CHL,2002,0.0
dcs:who/WHS3_62,dcid:country/CHL,2019,11.0
dcs:who/WHS3_62,dcid:country/CHL,1990,1958.0
dcs:who/WHS3_62,dcid:country/CHL,2013,0.0
dcs:who/WHS3_62,dcid:country/CHL,2012,0.0
dcs:who/WHS3_62,dcid:country/CHL,2005,0.0
dcs:who/WHS3_62,dcid:country/CHL,1996,0.0
dcs:who/WHS3_62,dcid:country/CHL,1985,17101.0
dcs:who/WHS3_62,dcid:country/CHL,1987,2623.0
dcs:who/WHS3_62,dcid:country/CHL,1983,6752.0
dcs:who/WHS3_62,dcid:country/CHL,2011,6.0
dcs:who/WHS3_62,dcid:country/CHL,1980,3844.0
dcs:who/WHS3_62,dcid:country/CHL,1989,13008.0
dcs:who/WHS3_62,dcid:country/CHL,2017,0.0
dcs:who/WHS3_62,dcid:country/CHL,1994,0.0
dcs:who/WHS3_62,dcid:country/CHL,2022,0.0
dcs:who/WHS3_62,dcid:country/CHL,1984,4785.0
dcs:who/WHS3_62,dcid:country/CHL,1991,2098.0
dcs:who/WHS3_62,dcid:country/CHL,2018,24.0
dcs:who/WHS3_62,dcid:country/CHL,2014,0.0
dcs:who/WHS3_62,dcid:country/CHL,1993,1.0
dcs:who/WHS3_62,dcid:country/CHL,2009,1.0
dcs:who/WHS3_62,dcid:country/CHL,1981,6527.0
dcs:who/WHS3_62,dcid:country/CHL,1999,31.0
dcs:who/WHS3_62,dcid:country/CHL,2003,1.0
dcs:who/WHS3_62,dcid:country/CHL,2015,9.0
dcs:who/WHS3_62,dcid:country/CHL,2004,0.0
dcs:who/WHS3_62,dcid:country/CHL,2020,2.0
dcs:who/WHS3_62,dcid:country/CHL,2006,0.0
dcs:who/WHS3_62,dcid:country/CHL,1982,9438.0
dcs:who/WHS3_62,dcid:country/CHL,1986,12563.0
dcs:who/WHS3_62,dcid:country/CHL,1992,1.0
dcs:who/WHS3_62,dcid:country/CHL,2001,0.0
dcs:who/WHS3_62,dcid:country/CHL,2007,0.0
dcs:who/WHS3_62,dcid:country/CHL,2016,0.0
dcs:who/WHS3_62,dcid:country/CHL,1988,45079.0
dcs:who/WHS3_62,dcid:country/CHL,1995,0.0
dcs:who/WHS3_62,dcid:country/CHL,2021,0.0
dcs:who/WHS3_62,dcid:country/CHL,1998,6.0
dcs:who/WHS3_62,dcid:country/CHL,1997,58.0
dcs:who/WHS3_62,dcid:country/CHL,2008,0.0
dcs:who/WHS3_62,dcid:country/CHN,1983,781475.0
dcs:who/WHS3_62,dcid:country/CHN,2019,2974.0
dcs:who/WHS3_62,dcid:country/CHN,2006,99602.0
dcs:who/WHS3_62,dcid:country/CHN,1994,76204.0
dcs:who/WHS3_62,dcid:country/CHN,1997,79621.0
dcs:who/WHS3_62,dcid:country/CHN,1989,85049.0
dcs:who/WHS3_62,dcid:country/CHN,1996,68404.0
dcs:who/WHS3_62,dcid:country/CHN,2003,71879.0
dcs:who/WHS3_62,dcid:country/CHN,2013,26883.0
dcs:who/WHS3_62,dcid:country/CHN,2000,71093.0
dcs:who/WHS3_62,dcid:country/CHN,1993,117851.0
dcs:who/WHS3_62,dcid:country/CHN,2009,52461.0
dcs:who/WHS3_62,dcid:country/CHN,2020,867.0
dcs:who/WHS3_62,dcid:country/CHN,2004,70549.0
dcs:who/WHS3_62,dcid:country/CHN,2010,38159.0
dcs:who/WHS3_62,dcid:country/CHN,2022,552.0
dcs:who/WHS3_62,dcid:country/CHN,2016,24820.0
dcs:who/WHS3_62,dcid:country/CHN,1999,61840.0
dcs:who/WHS3_62,dcid:country/CHN,2008,131441.0
dcs:who/WHS3_62,dcid:country/CHN,2018,3940.0
dcs:who/WHS3_62,dcid:country/CHN,2021,554.0
dcs:who/WHS3_62,dcid:country/CHN,1985,418159.0
dcs:who/WHS3_62,dcid:country/CHN,2012,6183.0
dcs:who/WHS3_62,dcid:country/CHN,1984,619709.0
dcs:who/WHS3_62,dcid:country/CHN,2002,58341.0
dcs:who/WHS3_62,dcid:country/CHN,2017,5941.0
dcs:who/WHS3_62,dcid:country/CHN,2023,621.0
dcs:who/WHS3_62,dcid:country/CHN,1991,123428.0
dcs:who/WHS3_62,dcid:country/CHN,2015,42361.0
dcs:who/WHS3_62,dcid:country/CHN,1998,53030.0
dcs:who/WHS3_62,dcid:country/CHN,1980,1122285.0
dcs:who/WHS3_62,dcid:country/CHN,2007,109023.0
dcs:who/WHS3_62,dcid:country/CHN,2014,52628.0
dcs:who/WHS3_62,dcid:country/CHN,1988,96994.0
dcs:who/WHS3_62,dcid:country/CHN,2011,9943.0
dcs:who/WHS3_62,dcid:country/CHN,1987,104925.0
dcs:who/WHS3_62,dcid:country/CHN,1992,140048.0
dcs:who/WHS3_62,dcid:country/CHN,1982,892870.0
dcs:who/WHS3_62,dcid:country/CHN,2005,124219.0
dcs:who/WHS3_62,dcid:country/CHN,1990,85705.0
dcs:who/WHS3_62,dcid:country/CHN,2001,88962.0
dcs:who/WHS3_62,dcid:country/CHN,1981,1010755.0
dcs:who/WHS3_62,dcid:country/CHN,1986,198738.0
dcs:who/WHS3_62,dcid:country/CHN,1995,53232.0
dcs:who/WHS3_62,dcid:country/CIV,1986,23839.0
dcs:who/WHS3_62,dcid:country/CIV,2019,372.0
dcs:who/WHS3_62,dcid:country/CIV,2003,4770.0
dcs:who/WHS3_62,dcid:country/CIV,2008,12.0
dcs:who/WHS3_62,dcid:country/CIV,1996,20858.0
dcs:who/WHS3_62,dcid:country/CIV,1987,34170.0
dcs:who/WHS3_62,dcid:country/CIV,2022,1596.0
dcs:who/WHS3_62,dcid:country/CIV,1997,9665.0
dcs:who/WHS3_62,dcid:country/CIV,1981,14782.0
dcs:who/WHS3_62,dcid:country/CIV,1985,8892.0
dcs:who/WHS3_62,dcid:country/CIV,1980,7633.0
dcs:who/WHS3_62,dcid:country/CIV,2005,115.0
dcs:who/WHS3_62,dcid:country/CIV,1993,7465.0
dcs:who/WHS3_62,dcid:country/CIV,2006,11.0
dcs:who/WHS3_62,dcid:country/CIV,2015,65.0
dcs:who/WHS3_62,dcid:country/CIV,2014,50.0
dcs:who/WHS3_62,dcid:country/CIV,2007,5.0
dcs:who/WHS3_62,dcid:country/CIV,1999,4824.0
dcs:who/WHS3_62,dcid:country/CIV,2023,1361.0
dcs:who/WHS3_62,dcid:country/CIV,2021,1837.0
dcs:who/WHS3_62,dcid:country/CIV,2000,5729.0
dcs:who/WHS3_62,dcid:country/CIV,1984,5946.0
dcs:who/WHS3_62,dcid:country/CIV,2004,3466.0
dcs:who/WHS3_62,dcid:country/CIV,2011,628.0
dcs:who/WHS3_62,dcid:country/CIV,2016,45.0
dcs:who/WHS3_62,dcid:country/CIV,1991,9902.0
dcs:who/WHS3_62,dcid:country/CIV,1983,7139.0
dcs:who/WHS3_62,dcid:country/CIV,2001,5790.0
dcs:who/WHS3_62,dcid:country/CIV,2009,183.0
dcs:who/WHS3_62,dcid:country/CIV,1995,30039.0
dcs:who/WHS3_62,dcid:country/CIV,2002,5882.0
dcs:who/WHS3_62,dcid:country/CIV,1990,17799.0
dcs:who/WHS3_62,dcid:country/CIV,2012,137.0
dcs:who/WHS3_62,dcid:country/CIV,2013,48.0
dcs:who/WHS3_62,dcid:country/CIV,1988,16864.0
dcs:who/WHS3_62,dcid:country/CIV,2020,600.0
dcs:who/WHS3_62,dcid:country/CIV,2010,441.0
dcs:who/WHS3_62,dcid:country/CIV,1982,15605.0
dcs:who/WHS3_62,dcid:country/CIV,2018,453.0
dcs:who/WHS3_62,dcid:country/CIV,1989,18660.0
dcs:who/WHS3_62,dcid:country/CIV,1998,12289.0
dcs:who/WHS3_62,dcid:country/CIV,1992,14765.0
dcs:who/WHS3_62,dcid:country/CIV,2017,163.0
dcs:who/WHS3_62,dcid:country/CMR,2023,6105.0
dcs:who/WHS3_62,dcid:country/CMR,2003,899.0
dcs:who/WHS3_62,dcid:country/CMR,2013,760.0
dcs:who/WHS3_62,dcid:country/CMR,2021,771.0
dcs:who/WHS3_62,dcid:country/CMR,1984,38580.0
dcs:who/WHS3_62,dcid:country/CMR,2011,504.0
dcs:who/WHS3_62,dcid:country/CMR,1992,27442.0
dcs:who/WHS3_62,dcid:country/CMR,2010,240.0
dcs:who/WHS3_62,dcid:country/CMR,2007,100.0
dcs:who/WHS3_62,dcid:country/CMR,1994,1548.0
dcs:who/WHS3_62,dcid:country/CMR,2002,1448.0
dcs:who/WHS3_62,dcid:country/CMR,2017,712.0
dcs:who/WHS3_62,dcid:country/CMR,1988,23207.0
dcs:who/WHS3_62,dcid:country/CMR,1993,10892.0
dcs:who/WHS3_62,dcid:country/CMR,1990,21150.0
dcs:who/WHS3_62,dcid:country/CMR,2000,14629.0
dcs:who/WHS3_62,dcid:country/CMR,2005,605.0
dcs:who/WHS3_62,dcid:country/CMR,2018,814.0
dcs:who/WHS3_62,dcid:country/CMR,1996,11770.0
dcs:who/WHS3_62,dcid:country/CMR,1985,47178.0
dcs:who/WHS3_62,dcid:country/CMR,1999,10894.0
dcs:who/WHS3_62,dcid:country/CMR,2016,338.0
dcs:who/WHS3_62,dcid:country/CMR,1998,10731.0
dcs:who/WHS3_62,dcid:country/CMR,2022,3217.0
dcs:who/WHS3_62,dcid:country/CMR,2006,196.0
dcs:who/WHS3_62,dcid:country/CMR,2019,2809.0
dcs:who/WHS3_62,dcid:country/CMR,1989,24314.0
dcs:who/WHS3_62,dcid:country/CMR,1987,16654.0
dcs:who/WHS3_62,dcid:country/CMR,2015,1809.0
dcs:who/WHS3_62,dcid:country/CMR,2001,23934.0
dcs:who/WHS3_62,dcid:country/CMR,1997,7504.0
dcs:who/WHS3_62,dcid:country/CMR,1981,10546.0
dcs:who/WHS3_62,dcid:country/CMR,1991,14622.0
dcs:who/WHS3_62,dcid:country/CMR,2008,495.0
dcs:who/WHS3_62,dcid:country/CMR,1983,58904.0
dcs:who/WHS3_62,dcid:country/CMR,2009,251.0
dcs:who/WHS3_62,dcid:country/CMR,2004,358.0
dcs:who/WHS3_62,dcid:country/CMR,1995,2463.0
dcs:who/WHS3_62,dcid:country/CMR,1986,31936.0
dcs:who/WHS3_62,dcid:country/CMR,2020,1509.0
dcs:who/WHS3_62,dcid:country/CMR,1982,33876.0
dcs:who/WHS3_62,dcid:country/CMR,2014,831.0
dcs:who/WHS3_62,dcid:country/CMR,2012,609.0
dcs:who/WHS3_62,dcid:country/COD,2008,12461.0
dcs:who/WHS3_62,dcid:country/COD,2015,5020.0
dcs:who/WHS3_62,dcid:country/COD,2016,5092.0
dcs:who/WHS3_62,dcid:country/COD,2012,72029.0
dcs:who/WHS3_62,dcid:country/COD,1999,12135.0
dcs:who/WHS3_62,dcid:country/COD,1987,14866.0
dcs:who/WHS3_62,dcid:country/COD,2013,88381.0
dcs:who/WHS3_62,dcid:country/COD,2005,182485.0
dcs:who/WHS3_62,dcid:country/COD,2004,44934.0
dcs:who/WHS3_62,dcid:country/COD,1981,38142.0
dcs:who/WHS3_62,dcid:country/COD,1982,30775.0
dcs:who/WHS3_62,dcid:country/COD,2021,54471.0
dcs:who/WHS3_62,dcid:country/COD,1993,2749.0
dcs:who/WHS3_62,dcid:country/COD,1986,19430.0
dcs:who/WHS3_62,dcid:country/COD,1992,63.0
dcs:who/WHS3_62,dcid:country/COD,1997,5766.0
dcs:who/WHS3_62,dcid:country/COD,2007,55577.0
dcs:who/WHS3_62,dcid:country/COD,2001,8072.0
dcs:who/WHS3_62,dcid:country/COD,2019,333017.0
dcs:who/WHS3_62,dcid:country/COD,2014,33711.0
dcs:who/WHS3_62,dcid:country/COD,1996,9546.0
dcs:who/WHS3_62,dcid:country/COD,2022,4380.0
dcs:who/WHS3_62,dcid:country/COD,2010,5407.0
dcs:who/WHS3_62,dcid:country/COD,2000,8282.0
dcs:who/WHS3_62,dcid:country/COD,2003,21956.0
dcs:who/WHS3_62,dcid:country/COD,1995,5443.0
dcs:who/WHS3_62,dcid:country/COD,2006,80123.0
dcs:who/WHS3_62,dcid:country/COD,1985,19508.0
dcs:who/WHS3_62,dcid:country/COD,2011,133802.0
dcs:who/WHS3_62,dcid:country/COD,1980,32596.0
dcs:who/WHS3_62,dcid:country/COD,2009,57.0
dcs:who/WHS3_62,dcid:country/COD,2002,30466.0
dcs:who/WHS3_62,dcid:country/COD,1988,13214.0
dcs:who/WHS3_62,dcid:country/COD,1984,11385.0
dcs:who/WHS3_62,dcid:country/COD,1990,4564.0
dcs:who/WHS3_62,dcid:country/COD,1989,11178.0
dcs:who/WHS3_62,dcid:country/COD,1983,21057.0
dcs:who/WHS3_62,dcid:country/COD,2018,69693.0
dcs:who/WHS3_62,dcid:country/COD,1998,15271.0
dcs:who/WHS3_62,dcid:country/COD,1994,12573.0
dcs:who/WHS3_62,dcid:country/COD,2023,311500.0
dcs:who/WHS3_62,dcid:country/COD,2020,82290.0
dcs:who/WHS3_62,dcid:country/COD,2017,45107.0
dcs:who/WHS3_62,dcid:country/COG,1993,693.0
dcs:who/WHS3_62,dcid:country/COG,1983,16642.0
dcs:who/WHS3_62,dcid:country/COG,2009,1.0
dcs:who/WHS3_62,dcid:country/COG,2020,37.0
dcs:who/WHS3_62,dcid:country/COG,2000,1678.0
dcs:who/WHS3_62,dcid:country/COG,2006,126.0
dcs:who/WHS3_62,dcid:country/COG,1998,174.0
dcs:who/WHS3_62,dcid:country/COG,2005,146.0
dcs:who/WHS3_62,dcid:country/COG,1995,2381.0
dcs:who/WHS3_62,dcid:country/COG,2011,315.0
dcs:who/WHS3_62,dcid:country/COG,2018,28.0
dcs:who/WHS3_62,dcid:country/COG,2002,2788.0
dcs:who/WHS3_62,dcid:country/COG,1990,3608.0
dcs:who/WHS3_62,dcid:country/COG,2015,1359.0
dcs:who/WHS3_62,dcid:country/COG,1999,313.0
dcs:who/WHS3_62,dcid:country/COG,2016,277.0
dcs:who/WHS3_62,dcid:country/COG,2021,160.0
dcs:who/WHS3_62,dcid:country/COG,2004,3524.0
dcs:who/WHS3_62,dcid:country/COG,1986,6424.0
dcs:who/WHS3_62,dcid:country/COG,1980,11892.0
dcs:who/WHS3_62,dcid:country/COG,2023,385.0
dcs:who/WHS3_62,dcid:country/COG,1987,1420.0
dcs:who/WHS3_62,dcid:country/COG,1985,7600.0
dcs:who/WHS3_62,dcid:country/COG,1994,226.0
dcs:who/WHS3_62,dcid:country/COG,1996,3897.0
dcs:who/WHS3_62,dcid:country/COG,2010,4.0
dcs:who/WHS3_62,dcid:country/COG,1997,1267.0
dcs:who/WHS3_62,dcid:country/COG,1991,4042.0
dcs:who/WHS3_62,dcid:country/COG,2007,84.0
dcs:who/WHS3_62,dcid:country/COG,1984,18615.0
dcs:who/WHS3_62,dcid:country/COG,2012,260.0
dcs:who/WHS3_62,dcid:country/COG,2001,2152.0
dcs:who/WHS3_62,dcid:country/COG,2014,71.0
dcs:who/WHS3_62,dcid:country/COG,2017,958.0
dcs:who/WHS3_62,dcid:country/COG,2022,6718.0
dcs:who/WHS3_62,dcid:country/COG,1982,12931.0
dcs:who/WHS3_62,dcid:country/COG,2008,2.0
dcs:who/WHS3_62,dcid:country/COG,1981,9668.0
dcs:who/WHS3_62,dcid:country/COG,1988,454.0
dcs:who/WHS3_62,dcid:country/COG,1989,498.0
dcs:who/WHS3_62,dcid:country/COG,2019,66.0
dcs:who/WHS3_62,dcid:country/COG,1992,4302.0
dcs:who/WHS3_62,dcid:country/COG,2013,124.0
dcs:who/WHS3_62,dcid:country/COG,2003,3712.0
dcs:who/WHS3_62,dcid:country/COK,2004,0.0
dcs:who/WHS3_62,dcid:country/COK,2001,0.0
dcs:who/WHS3_62,dcid:country/COK,2012,0.0
dcs:who/WHS3_62,dcid:country/COK,1989,691.0
dcs:who/WHS3_62,dcid:country/COK,1992,9.0
dcs:who/WHS3_62,dcid:country/COK,2018,0.0
dcs:who/WHS3_62,dcid:country/COK,1982,14.0
dcs:who/WHS3_62,dcid:country/COK,2008,0.0
dcs:who/WHS3_62,dcid:country/COK,2006,6.0
dcs:who/WHS3_62,dcid:country/COK,2003,17.0
dcs:who/WHS3_62,dcid:country/COK,2009,0.0
dcs:who/WHS3_62,dcid:country/COK,2002,0.0
dcs:who/WHS3_62,dcid:country/COK,1986,5.0
dcs:who/WHS3_62,dcid:country/COK,1983,4.0
dcs:who/WHS3_62,dcid:country/COK,1985,50.0
dcs:who/WHS3_62,dcid:country/COK,1991,61.0
dcs:who/WHS3_62,dcid:country/COK,1987,16.0
dcs:who/WHS3_62,dcid:country/COK,1988,15.0
dcs:who/WHS3_62,dcid:country/COK,1984,1.0
dcs:who/WHS3_62,dcid:country/COK,2019,0.0
dcs:who/WHS3_62,dcid:country/COK,1990,36.0
dcs:who/WHS3_62,dcid:country/COK,1994,0.0
dcs:who/WHS3_62,dcid:country/COK,1998,9.0
dcs:who/WHS3_62,dcid:country/COK,2011,0.0
dcs:who/WHS3_62,dcid:country/COK,1997,194.0
dcs:who/WHS3_62,dcid:country/COK,1993,3.0
dcs:who/WHS3_62,dcid:country/COK,2007,1.0
dcs:who/WHS3_62,dcid:country/COK,2010,0.0
dcs:who/WHS3_62,dcid:country/COK,1980,363.0
dcs:who/WHS3_62,dcid:country/COK,2000,2.0
dcs:who/WHS3_62,dcid:country/COK,1995,7.0
dcs:who/WHS3_62,dcid:country/COK,1996,0.0
dcs:who/WHS3_62,dcid:country/COK,1981,57.0
dcs:who/WHS3_62,dcid:country/COK,2005,0.0
dcs:who/WHS3_62,dcid:country/COK,1999,0.0
dcs:who/WHS3_62,dcid:country/COL,1994,525.0
dcs:who/WHS3_62,dcid:country/COL,1988,14801.0
dcs:who/WHS3_62,dcid:country/COL,1985,5572.0
dcs:who/WHS3_62,dcid:country/COL,1999,44.0
dcs:who/WHS3_62,dcid:country/COL,2003,0.0
dcs:who/WHS3_62,dcid:country/COL,2011,6.0
dcs:who/WHS3_62,dcid:country/COL,2008,0.0
dcs:who/WHS3_62,dcid:country/COL,1987,20620.0
dcs:who/WHS3_62,dcid:country/COL,2004,0.0
dcs:who/WHS3_62,dcid:country/COL,1995,410.0
dcs:who/WHS3_62,dcid:country/COL,1982,9273.0
dcs:who/WHS3_62,dcid:country/COL,2018,208.0
dcs:who/WHS3_62,dcid:country/COL,1989,12598.0
dcs:who/WHS3_62,dcid:country/COL,2006,0.0
dcs:who/WHS3_62,dcid:country/COL,2007,0.0
dcs:who/WHS3_62,dcid:country/COL,2019,244.0
dcs:who/WHS3_62,dcid:country/COL,1998,61.0
dcs:who/WHS3_62,dcid:country/COL,2012,1.0
dcs:who/WHS3_62,dcid:country/COL,1992,7976.0
dcs:who/WHS3_62,dcid:country/COL,1991,10391.0
dcs:who/WHS3_62,dcid:country/COL,2000,1.0
dcs:who/WHS3_62,dcid:country/COL,1993,9105.0
dcs:who/WHS3_62,dcid:country/COL,2017,0.0
dcs:who/WHS3_62,dcid:country/COL,1990,12520.0
dcs:who/WHS3_62,dcid:country/COL,2021,0.0
dcs:who/WHS3_62,dcid:country/COL,2013,1.0
dcs:who/WHS3_62,dcid:country/COL,2001,3.0
dcs:who/WHS3_62,dcid:country/COL,1980,9222.0
dcs:who/WHS3_62,dcid:country/COL,1997,67.0
dcs:who/WHS3_62,dcid:country/COL,2009,0.0
dcs:who/WHS3_62,dcid:country/COL,2010,0.0
dcs:who/WHS3_62,dcid:country/COL,2015,1.0
dcs:who/WHS3_62,dcid:country/COL,2014,0.0
dcs:who/WHS3_62,dcid:country/COL,2022,0.0
dcs:who/WHS3_62,dcid:country/COL,1986,5180.0
dcs:who/WHS3_62,dcid:country/COL,1996,160.0
dcs:who/WHS3_62,dcid:country/COL,1981,19612.0
dcs:who/WHS3_62,dcid:country/COL,1984,11849.0
dcs:who/WHS3_62,dcid:country/COL,2020,1.0
dcs:who/WHS3_62,dcid:country/COL,2023,0.0
dcs:who/WHS3_62,dcid:country/COL,2002,139.0
dcs:who/WHS3_62,dcid:country/COL,2005,0.0
dcs:who/WHS3_62,dcid:country/COL,1983,13099.0
dcs:who/WHS3_62,dcid:country/COL,2016,0.0
dcs:who/WHS3_62,dcid:country/COM,1992,0.0
dcs:who/WHS3_62,dcid:country/COM,1997,0.0
dcs:who/WHS3_62,dcid:country/COM,1984,0.0
dcs:who/WHS3_62,dcid:country/COM,2003,0.0
dcs:who/WHS3_62,dcid:country/COM,2010,0.0
dcs:who/WHS3_62,dcid:country/COM,2005,912.0
dcs:who/WHS3_62,dcid:country/COM,2019,65.0
dcs:who/WHS3_62,dcid:country/COM,1995,0.0
dcs:who/WHS3_62,dcid:country/COM,2013,0.0
dcs:who/WHS3_62,dcid:country/COM,1985,0.0
dcs:who/WHS3_62,dcid:country/COM,2017,0.0
dcs:who/WHS3_62,dcid:country/COM,1982,0.0
dcs:who/WHS3_62,dcid:country/COM,2014,0.0
dcs:who/WHS3_62,dcid:country/COM,1981,0.0
dcs:who/WHS3_62,dcid:country/COM,2016,0.0
dcs:who/WHS3_62,dcid:country/COM,2021,0.0
dcs:who/WHS3_62,dcid:country/COM,1996,0.0
dcs:who/WHS3_62,dcid:country/COM,1986,0.0
dcs:who/WHS3_62,dcid:country/COM,2011,3.0
dcs:who/WHS3_62,dcid:country/COM,1990,2328.0
dcs:who/WHS3_62,dcid:country/COM,2023,51.0
dcs:who/WHS3_62,dcid:country/COM,2009,1.0
dcs:who/WHS3_62,dcid:country/COM,2008,0.0
dcs:who/WHS3_62,dcid:country/COM,1983,0.0
dcs:who/WHS3_62,dcid:country/COM,2002,0.0
dcs:who/WHS3_62,dcid:country/COM,1998,0.0
dcs:who/WHS3_62,dcid:country/COM,1980,1801.0
dcs:who/WHS3_62,dcid:country/COM,2018,0.0
dcs:who/WHS3_62,dcid:country/COM,1993,0.0
dcs:who/WHS3_62,dcid:country/COM,2007,0.0
dcs:who/WHS3_62,dcid:country/COM,2020,0.0
dcs:who/WHS3_62,dcid:country/COM,1987,0.0
dcs:who/WHS3_62,dcid:country/COM,1994,2.0
dcs:who/WHS3_62,dcid:country/COM,1989,170.0
dcs:who/WHS3_62,dcid:country/COM,1991,0.0
dcs:who/WHS3_62,dcid:country/COM,2006,85.0
dcs:who/WHS3_62,dcid:country/COM,2015,0.0
dcs:who/WHS3_62,dcid:country/COM,1999,0.0
dcs:who/WHS3_62,dcid:country/COM,2004,0.0
dcs:who/WHS3_62,dcid:country/COM,2012,1.0
dcs:who/WHS3_62,dcid:country/COM,2022,4.0
dcs:who/WHS3_62,dcid:country/COM,1988,0.0
dcs:who/WHS3_62,dcid:country/CPV,2014,0.0
dcs:who/WHS3_62,dcid:country/CPV,2015,0.0
dcs:who/WHS3_62,dcid:country/CPV,1991,7.0
dcs:who/WHS3_62,dcid:country/CPV,1983,1385.0
dcs:who/WHS3_62,dcid:country/CPV,2011,0.0
dcs:who/WHS3_62,dcid:country/CPV,2021,0.0
dcs:who/WHS3_62,dcid:country/CPV,1988,7.0
dcs:who/WHS3_62,dcid:country/CPV,2003,0.0
dcs:who/WHS3_62,dcid:country/CPV,2017,0.0
dcs:who/WHS3_62,dcid:country/CPV,2002,0.0
dcs:who/WHS3_62,dcid:country/CPV,1989,1.0
dcs:who/WHS3_62,dcid:country/CPV,1987,450.0
dcs:who/WHS3_62,dcid:country/CPV,2013,0.0
dcs:who/WHS3_62,dcid:country/CPV,1997,8584.0
dcs:who/WHS3_62,dcid:country/CPV,1996,0.0
dcs:who/WHS3_62,dcid:country/CPV,2001,0.0
dcs:who/WHS3_62,dcid:country/CPV,2012,0.0
dcs:who/WHS3_62,dcid:country/CPV,2007,0.0
dcs:who/WHS3_62,dcid:country/CPV,1985,3048.0
dcs:who/WHS3_62,dcid:country/CPV,1981,150.0
dcs:who/WHS3_62,dcid:country/CPV,2000,2.0
dcs:who/WHS3_62,dcid:country/CPV,1990,0.0
dcs:who/WHS3_62,dcid:country/CPV,1993,0.0
dcs:who/WHS3_62,dcid:country/CPV,2009,0.0
dcs:who/WHS3_62,dcid:country/CPV,1980,1279.0
dcs:who/WHS3_62,dcid:country/CPV,1994,30.0
dcs:who/WHS3_62,dcid:country/CPV,2010,0.0
dcs:who/WHS3_62,dcid:country/CPV,1984,49.0
dcs:who/WHS3_62,dcid:country/CPV,1999,1.0
dcs:who/WHS3_62,dcid:country/CPV,2005,0.0
dcs:who/WHS3_62,dcid:country/CPV,1995,10.0
dcs:who/WHS3_62,dcid:country/CPV,2008,0.0
dcs:who/WHS3_62,dcid:country/CPV,2023,0.0
dcs:who/WHS3_62,dcid:country/CPV,2006,0.0
dcs:who/WHS3_62,dcid:country/CPV,2019,0.0
dcs:who/WHS3_62,dcid:country/CPV,2022,0.0
dcs:who/WHS3_62,dcid:country/CPV,2018,0.0
dcs:who/WHS3_62,dcid:country/CPV,1998,289.0
dcs:who/WHS3_62,dcid:country/CPV,2004,0.0
dcs:who/WHS3_62,dcid:country/CPV,1982,1282.0
dcs:who/WHS3_62,dcid:country/CPV,1992,1.0
dcs:who/WHS3_62,dcid:country/CRI,2003,1.0
dcs:who/WHS3_62,dcid:country/CRI,2023,1.0
dcs:who/WHS3_62,dcid:country/CRI,1999,23.0
dcs:who/WHS3_62,dcid:country/CRI,2017,0.0
dcs:who/WHS3_62,dcid:country/CRI,2018,0.0
dcs:who/WHS3_62,dcid:country/CRI,2012,0.0
dcs:who/WHS3_62,dcid:country/CRI,1993,273.0
dcs:who/WHS3_62,dcid:country/CRI,1991,6296.0
dcs:who/WHS3_62,dcid:country/CRI,2014,1.0
dcs:who/WHS3_62,dcid:country/CRI,2002,0.0
dcs:who/WHS3_62,dcid:country/CRI,2010,0.0
dcs:who/WHS3_62,dcid:country/CRI,1982,167.0
dcs:who/WHS3_62,dcid:country/CRI,1988,358.0
dcs:who/WHS3_62,dcid:country/CRI,2005,1.0
dcs:who/WHS3_62,dcid:country/CRI,1992,2361.0
dcs:who/WHS3_62,dcid:country/CRI,2022,0.0
dcs:who/WHS3_62,dcid:country/CRI,2000,0.0
dcs:who/WHS3_62,dcid:country/CRI,2015,0.0
dcs:who/WHS3_62,dcid:country/CRI,1981,170.0
dcs:who/WHS3_62,dcid:country/CRI,2008,0.0
dcs:who/WHS3_62,dcid:country/CRI,2004,0.0
dcs:who/WHS3_62,dcid:country/CRI,1998,27.0
dcs:who/WHS3_62,dcid:country/CRI,2011,0.0
dcs:who/WHS3_62,dcid:country/CRI,2007,0.0
dcs:who/WHS3_62,dcid:country/CRI,1995,35.0
dcs:who/WHS3_62,dcid:country/CRI,1989,33.0
dcs:who/WHS3_62,dcid:country/CRI,2020,0.0
dcs:who/WHS3_62,dcid:country/CRI,2021,0.0
dcs:who/WHS3_62,dcid:country/CRI,2009,0.0
dcs:who/WHS3_62,dcid:country/CRI,1997,26.0
dcs:who/WHS3_62,dcid:country/CRI,1987,4004.0
dcs:who/WHS3_62,dcid:country/CRI,2013,0.0
dcs:who/WHS3_62,dcid:country/CRI,1990,76.0
dcs:who/WHS3_62,dcid:country/CRI,1984,11.0
dcs:who/WHS3_62,dcid:country/CRI,2001,0.0
dcs:who/WHS3_62,dcid:country/CRI,1985,1.0
dcs:who/WHS3_62,dcid:country/CRI,1986,4534.0
dcs:who/WHS3_62,dcid:country/CRI,2019,10.0
dcs:who/WHS3_62,dcid:country/CRI,2016,0.0
dcs:who/WHS3_62,dcid:country/CRI,1996,24.0
dcs:who/WHS3_62,dcid:country/CRI,1983,39.0
dcs:who/WHS3_62,dcid:country/CRI,1980,1000.0
dcs:who/WHS3_62,dcid:country/CRI,1994,0.0
dcs:who/WHS3_62,dcid:country/CUB,2004,0.0
dcs:who/WHS3_62,dcid:country/CUB,1988,121.0
dcs:who/WHS3_62,dcid:country/CUB,1983,3287.0
dcs:who/WHS3_62,dcid:country/CUB,1985,2874.0
dcs:who/WHS3_62,dcid:country/CUB,2010,0.0
dcs:who/WHS3_62,dcid:country/CUB,1997,0.0
dcs:who/WHS3_62,dcid:country/CUB,1992,12.0
dcs:who/WHS3_62,dcid:country/CUB,2020,0.0
dcs:who/WHS3_62,dcid:country/CUB,2015,0.0
dcs:who/WHS3_62,dcid:country/CUB,2001,0.0
dcs:who/WHS3_62,dcid:country/CUB,2021,0.0
dcs:who/WHS3_62,dcid:country/CUB,2007,0.0
dcs:who/WHS3_62,dcid:country/CUB,1990,12.0
dcs:who/WHS3_62,dcid:country/CUB,2008,0.0
dcs:who/WHS3_62,dcid:country/CUB,2011,0.0
dcs:who/WHS3_62,dcid:country/CUB,1995,1.0
dcs:who/WHS3_62,dcid:country/CUB,2018,0.0
dcs:who/WHS3_62,dcid:country/CUB,1982,23408.0
dcs:who/WHS3_62,dcid:country/CUB,2005,0.0
dcs:who/WHS3_62,dcid:country/CUB,2016,0.0
dcs:who/WHS3_62,dcid:country/CUB,2003,0.0
dcs:who/WHS3_62,dcid:country/CUB,2002,0.0
dcs:who/WHS3_62,dcid:country/CUB,2017,0.0
dcs:who/WHS3_62,dcid:country/CUB,1993,2.0
dcs:who/WHS3_62,dcid:country/CUB,1987,858.0
dcs:who/WHS3_62,dcid:country/CUB,2000,0.0
dcs:who/WHS3_62,dcid:country/CUB,2012,0.0
dcs:who/WHS3_62,dcid:country/CUB,2014,0.0
dcs:who/WHS3_62,dcid:country/CUB,2019,0.0
dcs:who/WHS3_62,dcid:country/CUB,2006,0.0
dcs:who/WHS3_62,dcid:country/CUB,1984,3315.0
dcs:who/WHS3_62,dcid:country/CUB,2022,0.0
dcs:who/WHS3_62,dcid:country/CUB,1986,3312.0
dcs:who/WHS3_62,dcid:country/CUB,1994,0.0
dcs:who/WHS3_62,dcid:country/CUB,1999,0.0
dcs:who/WHS3_62,dcid:country/CUB,1998,0.0
dcs:who/WHS3_62,dcid:country/CUB,1991,17.0
dcs:who/WHS3_62,dcid:country/CUB,1996,0.0
dcs:who/WHS3_62,dcid:country/CUB,2023,0.0
dcs:who/WHS3_62,dcid:country/CUB,1980,3924.0
dcs:who/WHS3_62,dcid:country/CUB,1981,18387.0
dcs:who/WHS3_62,dcid:country/CUB,2009,0.0
dcs:who/WHS3_62,dcid:country/CUB,1989,12.0
dcs:who/WHS3_62,dcid:country/CUW,2017,0.0
dcs:who/WHS3_62,dcid:country/CUW,2018,0.0
dcs:who/WHS3_62,dcid:country/CUW,2019,1.0
dcs:who/WHS3_62,dcid:country/CYM,1990,0.0
dcs:who/WHS3_62,dcid:country/CYM,1995,0.0
dcs:who/WHS3_62,dcid:country/CYM,1993,0.0
dcs:who/WHS3_62,dcid:country/CYM,2020,0.0
dcs:who/WHS3_62,dcid:country/CYM,1996,0.0
dcs:who/WHS3_62,dcid:country/CYM,2021,0.0
dcs:who/WHS3_62,dcid:country/CYM,2003,0.0
dcs:who/WHS3_62,dcid:country/CYM,1987,3.0
dcs:who/WHS3_62,dcid:country/CYM,1992,0.0
dcs:who/WHS3_62,dcid:country/CYM,1997,0.0
dcs:who/WHS3_62,dcid:country/CYM,1998,0.0
dcs:who/WHS3_62,dcid:country/CYM,1989,5.0
dcs:who/WHS3_62,dcid:country/CYM,2023,0.0
dcs:who/WHS3_62,dcid:country/CYM,1999,0.0
dcs:who/WHS3_62,dcid:country/CYM,1981,2.0
dcs:who/WHS3_62,dcid:country/CYM,1983,9.0
dcs:who/WHS3_62,dcid:country/CYM,1986,2.0
dcs:who/WHS3_62,dcid:country/CYM,1984,5.0
dcs:who/WHS3_62,dcid:country/CYM,2000,0.0
dcs:who/WHS3_62,dcid:country/CYM,1988,1.0
dcs:who/WHS3_62,dcid:country/CYM,1994,0.0
dcs:who/WHS3_62,dcid:country/CYM,1982,0.0
dcs:who/WHS3_62,dcid:country/CYM,2002,0.0
dcs:who/WHS3_62,dcid:country/CYM,2001,0.0
dcs:who/WHS3_62,dcid:country/CYM,1991,0.0
dcs:who/WHS3_62,dcid:country/CYM,2017,0.0
dcs:who/WHS3_62,dcid:country/CYM,1980,9.0
dcs:who/WHS3_62,dcid:country/CYM,1985,4.0
dcs:who/WHS3_62,dcid:country/CYM,2018,0.0
dcs:who/WHS3_62,dcid:country/CYM,2022,0.0
dcs:who/WHS3_62,dcid:country/CYP,2007,0.0
dcs:who/WHS3_62,dcid:country/CYP,2004,0.0
dcs:who/WHS3_62,dcid:country/CYP,2009,0.0
dcs:who/WHS3_62,dcid:country/CYP,1989,0.0
dcs:who/WHS3_62,dcid:country/CYP,2019,6.0
dcs:who/WHS3_62,dcid:country/CYP,2011,0.0
dcs:who/WHS3_62,dcid:country/CYP,1981,3.0
dcs:who/WHS3_62,dcid:country/CYP,1983,183.0
dcs:who/WHS3_62,dcid:country/CYP,2005,1.0
dcs:who/WHS3_62,dcid:country/CYP,1996,55.0
dcs:who/WHS3_62,dcid:country/CYP,2003,0.0
dcs:who/WHS3_62,dcid:country/CYP,1999,0.0
dcs:who/WHS3_62,dcid:country/CYP,1998,1.0
dcs:who/WHS3_62,dcid:country/CYP,2021,1.0
dcs:who/WHS3_62,dcid:country/CYP,1997,1.0
dcs:who/WHS3_62,dcid:country/CYP,1992,20.0
dcs:who/WHS3_62,dcid:country/CYP,2016,0.0
dcs:who/WHS3_62,dcid:country/CYP,2014,10.0
dcs:who/WHS3_62,dcid:country/CYP,2013,0.0
dcs:who/WHS3_62,dcid:country/CYP,1986,1.0
dcs:who/WHS3_62,dcid:country/CYP,1991,1.0
dcs:who/WHS3_62,dcid:country/CYP,2018,15.0
dcs:who/WHS3_62,dcid:country/CYP,1988,0.0
dcs:who/WHS3_62,dcid:country/CYP,1985,1.0
dcs:who/WHS3_62,dcid:country/CYP,2015,0.0
dcs:who/WHS3_62,dcid:country/CYP,2006,0.0
dcs:who/WHS3_62,dcid:country/CYP,2000,0.0
dcs:who/WHS3_62,dcid:country/CYP,2008,1.0
dcs:who/WHS3_62,dcid:country/CYP,1982,27.0
dcs:who/WHS3_62,dcid:country/CYP,1995,0.0
dcs:who/WHS3_62,dcid:country/CYP,1987,0.0
dcs:who/WHS3_62,dcid:country/CYP,1994,0.0
dcs:who/WHS3_62,dcid:country/CYP,2017,3.0
dcs:who/WHS3_62,dcid:country/CYP,2010,18.0
dcs:who/WHS3_62,dcid:country/CYP,1980,0.0
dcs:who/WHS3_62,dcid:country/CYP,2023,0.0
dcs:who/WHS3_62,dcid:country/CYP,2020,1.0
dcs:who/WHS3_62,dcid:country/CYP,1993,0.0
dcs:who/WHS3_62,dcid:country/CYP,1984,3.0
dcs:who/WHS3_62,dcid:country/CYP,2002,0.0
dcs:who/WHS3_62,dcid:country/CYP,2012,1.0
dcs:who/WHS3_62,dcid:country/CYP,1990,4.0
dcs:who/WHS3_62,dcid:country/CYP,2022,0.0
dcs:who/WHS3_62,dcid:country/CZE,2012,22.0
dcs:who/WHS3_62,dcid:country/CZE,1994,9.0
dcs:who/WHS3_62,dcid:country/CZE,1999,2.0
dcs:who/WHS3_62,dcid:country/CZE,2007,2.0
dcs:who/WHS3_62,dcid:country/CZE,2016,7.0
dcs:who/WHS3_62,dcid:country/CZE,2020,4.0
dcs:who/WHS3_62,dcid:country/CZE,2013,15.0
dcs:who/WHS3_62,dcid:country/CZE,2015,9.0
dcs:who/WHS3_62,dcid:country/CZE,1997,14.0
dcs:who/WHS3_62,dcid:country/CZE,2023,1.0
dcs:who/WHS3_62,dcid:country/CZE,2011,17.0
dcs:who/WHS3_62,dcid:country/CZE,2005,0.0
dcs:who/WHS3_62,dcid:country/CZE,2014,222.0
dcs:who/WHS3_62,dcid:country/CZE,2001,6.0
dcs:who/WHS3_62,dcid:country/CZE,1993,14.0
dcs:who/WHS3_62,dcid:country/CZE,1990,2420.0
dcs:who/WHS3_62,dcid:country/CZE,2003,30.0
dcs:who/WHS3_62,dcid:country/CZE,2000,9.0
dcs:who/WHS3_62,dcid:country/CZE,2019,590.0
dcs:who/WHS3_62,dcid:country/CZE,2018,207.0
dcs:who/WHS3_62,dcid:country/CZE,2002,4.0
dcs:who/WHS3_62,dcid:country/CZE,2006,7.0
dcs:who/WHS3_62,dcid:country/CZE,2004,17.0
dcs:who/WHS3_62,dcid:country/CZE,2010,0.0
dcs:who/WHS3_62,dcid:country/CZE,1998,19.0
dcs:who/WHS3_62,dcid:country/CZE,1996,10.0
dcs:who/WHS3_62,dcid:country/CZE,1992,416.0
dcs:who/WHS3_62,dcid:country/CZE,2017,142.0
dcs:who/WHS3_62,dcid:country/CZE,2021,0.0
dcs:who/WHS3_62,dcid:country/CZE,1991,839.0
dcs:who/WHS3_62,dcid:country/CZE,2009,5.0
dcs:who/WHS3_62,dcid:country/CZE,2022,0.0
dcs:who/WHS3_62,dcid:country/CZE,1995,5.0
dcs:who/WHS3_62,dcid:country/CZE,2008,2.0
dcs:who/WHS3_62,dcid:country/DEU,1987,189.0
dcs:who/WHS3_62,dcid:country/DEU,1984,11759.0
dcs:who/WHS3_62,dcid:country/DEU,1980,28745.0
dcs:who/WHS3_62,dcid:country/DEU,2018,543.0
dcs:who/WHS3_62,dcid:country/DEU,2017,929.0
dcs:who/WHS3_62,dcid:country/DEU,2023,79.0
dcs:who/WHS3_62,dcid:country/DEU,2020,76.0
dcs:who/WHS3_62,dcid:country/DEU,2019,514.0
dcs:who/WHS3_62,dcid:country/DEU,1989,45.0
dcs:who/WHS3_62,dcid:country/DEU,2011,1607.0
dcs:who/WHS3_62,dcid:country/DEU,2005,778.0
dcs:who/WHS3_62,dcid:country/DEU,2015,2464.0
dcs:who/WHS3_62,dcid:country/DEU,2002,4657.0
dcs:who/WHS3_62,dcid:country/DEU,2012,166.0
dcs:who/WHS3_62,dcid:country/DEU,2008,917.0
dcs:who/WHS3_62,dcid:country/DEU,1983,9798.0
dcs:who/WHS3_62,dcid:country/DEU,1986,199.0
dcs:who/WHS3_62,dcid:country/DEU,2014,443.0
dcs:who/WHS3_62,dcid:country/DEU,2009,574.0
dcs:who/WHS3_62,dcid:country/DEU,2016,326.0
dcs:who/WHS3_62,dcid:country/DEU,2006,2307.0
dcs:who/WHS3_62,dcid:country/DEU,1981,5290.0
dcs:who/WHS3_62,dcid:country/DEU,2003,779.0
dcs:who/WHS3_62,dcid:country/DEU,2007,567.0
dcs:who/WHS3_62,dcid:country/DEU,2010,780.0
dcs:who/WHS3_62,dcid:country/DEU,2001,6024.0
dcs:who/WHS3_62,dcid:country/DEU,2013,1771.0
dcs:who/WHS3_62,dcid:country/DEU,1982,2029.0
dcs:who/WHS3_62,dcid:country/DEU,1985,568.0
dcs:who/WHS3_62,dcid:country/DEU,2004,121.0
dcs:who/WHS3_62,dcid:country/DEU,1988,17.0
dcs:who/WHS3_62,dcid:country/DJI,2010,7.0
dcs:who/WHS3_62,dcid:country/DJI,2009,48.0
dcs:who/WHS3_62,dcid:country/DJI,2008,143.0
dcs:who/WHS3_62,dcid:country/DJI,1988,473.0
dcs:who/WHS3_62,dcid:country/DJI,2023,446.0
dcs:who/WHS3_62,dcid:country/DJI,2004,71.0
dcs:who/WHS3_62,dcid:country/DJI,2011,49.0
dcs:who/WHS3_62,dcid:country/DJI,2001,79.0
dcs:who/WHS3_62,dcid:country/DJI,1982,31.0
dcs:who/WHS3_62,dcid:country/DJI,1991,13.0
dcs:who/WHS3_62,dcid:country/DJI,2000,183.0
dcs:who/WHS3_62,dcid:country/DJI,2006,49.0
dcs:who/WHS3_62,dcid:country/DJI,2015,47.0
dcs:who/WHS3_62,dcid:country/DJI,1992,129.0
dcs:who/WHS3_62,dcid:country/DJI,1993,37.0
dcs:who/WHS3_62,dcid:country/DJI,2022,206.0
dcs:who/WHS3_62,dcid:country/DJI,2002,50.0
dcs:who/WHS3_62,dcid:country/DJI,1996,410.0
dcs:who/WHS3_62,dcid:country/DJI,2007,24.0
dcs:who/WHS3_62,dcid:country/DJI,1998,198.0
dcs:who/WHS3_62,dcid:country/DJI,1984,1295.0
dcs:who/WHS3_62,dcid:country/DJI,1999,341.0
dcs:who/WHS3_62,dcid:country/DJI,2016,8.0
dcs:who/WHS3_62,dcid:country/DJI,1987,52.0
dcs:who/WHS3_62,dcid:country/DJI,1985,108.0
dcs:who/WHS3_62,dcid:country/DJI,1989,490.0
dcs:who/WHS3_62,dcid:country/DJI,2013,28.0
dcs:who/WHS3_62,dcid:country/DJI,1981,4533.0
dcs:who/WHS3_62,dcid:country/DJI,2005,298.0
dcs:who/WHS3_62,dcid:country/DJI,2021,0.0
dcs:who/WHS3_62,dcid:country/DJI,1995,8.0
dcs:who/WHS3_62,dcid:country/DJI,2003,37.0
dcs:who/WHS3_62,dcid:country/DJI,2012,709.0
dcs:who/WHS3_62,dcid:country/DJI,2017,3.0
dcs:who/WHS3_62,dcid:country/DJI,2018,28.0
dcs:who/WHS3_62,dcid:country/DJI,1990,104.0
dcs:who/WHS3_62,dcid:country/DMA,1998,0.0
dcs:who/WHS3_62,dcid:country/DMA,1989,9.0
dcs:who/WHS3_62,dcid:country/DMA,1992,0.0
dcs:who/WHS3_62,dcid:country/DMA,1995,0.0
dcs:who/WHS3_62,dcid:country/DMA,2018,0.0
dcs:who/WHS3_62,dcid:country/DMA,2004,0.0
dcs:who/WHS3_62,dcid:country/DMA,2003,0.0
dcs:who/WHS3_62,dcid:country/DMA,1990,13.0
dcs:who/WHS3_62,dcid:country/DMA,2019,0.0
dcs:who/WHS3_62,dcid:country/DMA,1986,45.0
dcs:who/WHS3_62,dcid:country/DMA,2006,0.0
dcs:who/WHS3_62,dcid:country/DMA,2002,0.0
dcs:who/WHS3_62,dcid:country/DMA,1997,0.0
dcs:who/WHS3_62,dcid:country/DMA,2014,0.0
dcs:who/WHS3_62,dcid:country/DMA,2015,0.0
dcs:who/WHS3_62,dcid:country/DMA,2010,0.0
dcs:who/WHS3_62,dcid:country/DMA,2012,0.0
dcs:who/WHS3_62,dcid:country/DMA,1985,64.0
dcs:who/WHS3_62,dcid:country/DMA,2000,0.0
dcs:who/WHS3_62,dcid:country/DMA,1987,82.0
dcs:who/WHS3_62,dcid:country/DMA,2022,0.0
dcs:who/WHS3_62,dcid:country/DMA,2011,0.0
dcs:who/WHS3_62,dcid:country/DMA,2009,0.0
dcs:who/WHS3_62,dcid:country/DMA,2007,0.0
dcs:who/WHS3_62,dcid:country/DMA,1988,10.0
dcs:who/WHS3_62,dcid:country/DMA,1991,6.0
dcs:who/WHS3_62,dcid:country/DMA,2023,0.0
dcs:who/WHS3_62,dcid:country/DMA,1980,0.0
dcs:who/WHS3_62,dcid:country/DMA,2020,0.0
dcs:who/WHS3_62,dcid:country/DMA,2001,0.0
dcs:who/WHS3_62,dcid:country/DMA,1993,0.0
dcs:who/WHS3_62,dcid:country/DMA,1996,0.0
dcs:who/WHS3_62,dcid:country/DMA,1994,0.0
dcs:who/WHS3_62,dcid:country/DMA,2013,0.0
dcs:who/WHS3_62,dcid:country/DMA,1981,27.0
dcs:who/WHS3_62,dcid:country/DMA,1982,2.0
dcs:who/WHS3_62,dcid:country/DMA,2005,0.0
dcs:who/WHS3_62,dcid:country/DMA,1984,188.0
dcs:who/WHS3_62,dcid:country/DMA,2021,0.0
dcs:who/WHS3_62,dcid:country/DMA,1983,1.0
dcs:who/WHS3_62,dcid:country/DMA,2017,0.0
dcs:who/WHS3_62,dcid:country/DMA,2008,0.0
dcs:who/WHS3_62,dcid:country/DMA,2016,0.0
dcs:who/WHS3_62,dcid:country/DMA,1999,0.0
dcs:who/WHS3_62,dcid:country/DNK,1990,180.0
dcs:who/WHS3_62,dcid:country/DNK,1989,405.0
dcs:who/WHS3_62,dcid:country/DNK,1981,35651.0
dcs:who/WHS3_62,dcid:country/DNK,1985,13187.0
dcs:who/WHS3_62,dcid:country/DNK,1986,23490.0
dcs:who/WHS3_62,dcid:country/DNK,1994,36.0
dcs:who/WHS3_62,dcid:country/DNK,2013,17.0
dcs:who/WHS3_62,dcid:country/DNK,2004,0.0
dcs:who/WHS3_62,dcid:country/DNK,2007,2.0
dcs:who/WHS3_62,dcid:country/DNK,2005,2.0
dcs:who/WHS3_62,dcid:country/DNK,2016,3.0
dcs:who/WHS3_62,dcid:country/DNK,1992,129.0
dcs:who/WHS3_62,dcid:country/DNK,2009,6.0
dcs:who/WHS3_62,dcid:country/DNK,1993,115.0
dcs:who/WHS3_62,dcid:country/DNK,2022,0.0
dcs:who/WHS3_62,dcid:country/DNK,1996,119.0
dcs:who/WHS3_62,dcid:country/DNK,2006,27.0
dcs:who/WHS3_62,dcid:country/DNK,1980,28249.0
dcs:who/WHS3_62,dcid:country/DNK,2015,9.0
dcs:who/WHS3_62,dcid:country/DNK,2020,4.0
dcs:who/WHS3_62,dcid:country/DNK,2023,9.0
dcs:who/WHS3_62,dcid:country/DNK,2018,8.0
dcs:who/WHS3_62,dcid:country/DNK,2003,0.0
dcs:who/WHS3_62,dcid:country/DNK,2002,32.0
dcs:who/WHS3_62,dcid:country/DNK,2000,14.0
dcs:who/WHS3_62,dcid:country/DNK,2019,15.0
dcs:who/WHS3_62,dcid:country/DNK,2001,11.0
dcs:who/WHS3_62,dcid:country/DNK,1997,61.0
dcs:who/WHS3_62,dcid:country/DNK,1983,33242.0
dcs:who/WHS3_62,dcid:country/DNK,2021,0.0
dcs:who/WHS3_62,dcid:country/DNK,2014,27.0
dcs:who/WHS3_62,dcid:country/DNK,2017,4.0
dcs:who/WHS3_62,dcid:country/DNK,1988,618.0
dcs:who/WHS3_62,dcid:country/DNK,2011,84.0
dcs:who/WHS3_62,dcid:country/DNK,2010,5.0
dcs:who/WHS3_62,dcid:country/DNK,1984,21188.0
dcs:who/WHS3_62,dcid:country/DNK,2008,14.0
dcs:who/WHS3_62,dcid:country/DNK,2012,2.0
dcs:who/WHS3_62,dcid:country/DNK,1987,6268.0
dcs:who/WHS3_62,dcid:country/DNK,1991,162.0
dcs:who/WHS3_62,dcid:country/DNK,1982,15656.0
dcs:who/WHS3_62,dcid:country/DNK,1995,20.0
dcs:who/WHS3_62,dcid:country/DOM,1991,7512.0
dcs:who/WHS3_62,dcid:country/DOM,1988,692.0
dcs:who/WHS3_62,dcid:country/DOM,2006,0.0
dcs:who/WHS3_62,dcid:country/DOM,1990,3477.0
dcs:who/WHS3_62,dcid:country/DOM,2021,0.0
dcs:who/WHS3_62,dcid:country/DOM,1997,1.0
dcs:who/WHS3_62,dcid:country/DOM,2015,0.0
dcs:who/WHS3_62,dcid:country/DOM,1986,501.0
dcs:who/WHS3_62,dcid:country/DOM,1996,0.0
dcs:who/WHS3_62,dcid:country/DOM,2010,0.0
dcs:who/WHS3_62,dcid:country/DOM,2009,0.0
dcs:who/WHS3_62,dcid:country/DOM,1983,2960.0
dcs:who/WHS3_62,dcid:country/DOM,2019,0.0
dcs:who/WHS3_62,dcid:country/DOM,2012,0.0
dcs:who/WHS3_62,dcid:country/DOM,2011,2.0
dcs:who/WHS3_62,dcid:country/DOM,1989,1505.0
dcs:who/WHS3_62,dcid:country/DOM,1998,14.0
dcs:who/WHS3_62,dcid:country/DOM,2001,113.0
dcs:who/WHS3_62,dcid:country/DOM,2005,0.0
dcs:who/WHS3_62,dcid:country/DOM,1981,3410.0
dcs:who/WHS3_62,dcid:country/DOM,2022,0.0
dcs:who/WHS3_62,dcid:country/DOM,1995,0.0
dcs:who/WHS3_62,dcid:country/DOM,1999,274.0
dcs:who/WHS3_62,dcid:country/DOM,2000,253.0
dcs:who/WHS3_62,dcid:country/DOM,2003,0.0
dcs:who/WHS3_62,dcid:country/DOM,1987,499.0
dcs:who/WHS3_62,dcid:country/DOM,2020,0.0
dcs:who/WHS3_62,dcid:country/DOM,2007,0.0
dcs:who/WHS3_62,dcid:country/DOM,2004,0.0
dcs:who/WHS3_62,dcid:country/DOM,2014,0.0
dcs:who/WHS3_62,dcid:country/DOM,1980,9760.0
dcs:who/WHS3_62,dcid:country/DOM,2023,0.0
dcs:who/WHS3_62,dcid:country/DOM,1993,4637.0
dcs:who/WHS3_62,dcid:country/DOM,2018,0.0
dcs:who/WHS3_62,dcid:country/DOM,1984,4429.0
dcs:who/WHS3_62,dcid:country/DOM,1994,3.0
dcs:who/WHS3_62,dcid:country/DOM,1982,3671.0
dcs:who/WHS3_62,dcid:country/DOM,2002,0.0
dcs:who/WHS3_62,dcid:country/DOM,2008,0.0
dcs:who/WHS3_62,dcid:country/DOM,2016,0.0
dcs:who/WHS3_62,dcid:country/DOM,1992,7650.0
dcs:who/WHS3_62,dcid:country/DOM,1985,4417.0
dcs:who/WHS3_62,dcid:country/DOM,2013,0.0
dcs:who/WHS3_62,dcid:country/DOM,2017,0.0
dcs:who/WHS3_62,dcid:country/DZA,1981,20849.0
dcs:who/WHS3_62,dcid:country/DZA,1986,3975.0
dcs:who/WHS3_62,dcid:country/DZA,1987,2500.0
dcs:who/WHS3_62,dcid:country/DZA,1998,3301.0
dcs:who/WHS3_62,dcid:country/DZA,2002,5862.0
dcs:who/WHS3_62,dcid:country/DZA,1980,15527.0
dcs:who/WHS3_62,dcid:country/DZA,2014,0.0
dcs:who/WHS3_62,dcid:country/DZA,1991,5969.0
dcs:who/WHS3_62,dcid:country/DZA,1988,2634.0
dcs:who/WHS3_62,dcid:country/DZA,1993,3141.0
dcs:who/WHS3_62,dcid:country/DZA,1989,4169.0
dcs:who/WHS3_62,dcid:country/DZA,1994,5913.0
dcs:who/WHS3_62,dcid:country/DZA,2008,217.0
dcs:who/WHS3_62,dcid:country/DZA,2001,2686.0
dcs:who/WHS3_62,dcid:country/DZA,1984,22553.0
dcs:who/WHS3_62,dcid:country/DZA,2010,103.0
dcs:who/WHS3_62,dcid:country/DZA,2018,3356.0
dcs:who/WHS3_62,dcid:country/DZA,2005,2302.0
dcs:who/WHS3_62,dcid:country/DZA,2022,47.0
dcs:who/WHS3_62,dcid:country/DZA,2019,2585.0
dcs:who/WHS3_62,dcid:country/DZA,1985,20114.0
dcs:who/WHS3_62,dcid:country/DZA,1999,2503.0
dcs:who/WHS3_62,dcid:country/DZA,2004,3289.0
dcs:who/WHS3_62,dcid:country/DZA,1997,19573.0
dcs:who/WHS3_62,dcid:country/DZA,1990,1796.0
dcs:who/WHS3_62,dcid:country/DZA,1996,21003.0
dcs:who/WHS3_62,dcid:country/DZA,1992,8823.0
dcs:who/WHS3_62,dcid:country/DZA,2003,15374.0
dcs:who/WHS3_62,dcid:country/DZA,2006,944.0
dcs:who/WHS3_62,dcid:country/DZA,2011,112.0
dcs:who/WHS3_62,dcid:country/DZA,2016,41.0
dcs:who/WHS3_62,dcid:country/DZA,1982,29584.0
dcs:who/WHS3_62,dcid:country/DZA,2009,107.0
dcs:who/WHS3_62,dcid:country/DZA,2023,203.0
dcs:who/WHS3_62,dcid:country/DZA,1995,8204.0
dcs:who/WHS3_62,dcid:country/DZA,1983,22126.0
dcs:who/WHS3_62,dcid:country/DZA,2012,18.0
dcs:who/WHS3_62,dcid:country/DZA,2015,63.0
dcs:who/WHS3_62,dcid:country/DZA,2017,112.0
dcs:who/WHS3_62,dcid:country/DZA,2013,25.0
dcs:who/WHS3_62,dcid:country/DZA,2007,0.0
dcs:who/WHS3_62,dcid:country/ECU,2001,2.0
dcs:who/WHS3_62,dcid:country/ECU,2009,0.0
dcs:who/WHS3_62,dcid:country/ECU,1993,3627.0
dcs:who/WHS3_62,dcid:country/ECU,2004,0.0
dcs:who/WHS3_62,dcid:country/ECU,1992,4356.0
dcs:who/WHS3_62,dcid:country/ECU,1984,6979.0
dcs:who/WHS3_62,dcid:country/ECU,2006,0.0
dcs:who/WHS3_62,dcid:country/ECU,2003,0.0
dcs:who/WHS3_62,dcid:country/ECU,2018,19.0
dcs:who/WHS3_62,dcid:country/ECU,2007,0.0
dcs:who/WHS3_62,dcid:country/ECU,2013,0.0
dcs:who/WHS3_62,dcid:country/ECU,1994,3668.0
dcs:who/WHS3_62,dcid:country/ECU,1982,1647.0
dcs:who/WHS3_62,dcid:country/ECU,1988,8004.0
dcs:who/WHS3_62,dcid:country/ECU,1989,3649.0
dcs:who/WHS3_62,dcid:country/ECU,1995,919.0
dcs:who/WHS3_62,dcid:country/ECU,1998,0.0
dcs:who/WHS3_62,dcid:country/ECU,1990,1646.0
dcs:who/WHS3_62,dcid:country/ECU,2016,1.0
dcs:who/WHS3_62,dcid:country/ECU,2021,0.0
dcs:who/WHS3_62,dcid:country/ECU,2002,0.0
dcs:who/WHS3_62,dcid:country/ECU,1983,2556.0
dcs:who/WHS3_62,dcid:country/ECU,2005,0.0
dcs:who/WHS3_62,dcid:country/ECU,1997,0.0
dcs:who/WHS3_62,dcid:country/ECU,2012,72.0
dcs:who/WHS3_62,dcid:country/ECU,1986,839.0
dcs:who/WHS3_62,dcid:country/ECU,2008,1.0
dcs:who/WHS3_62,dcid:country/ECU,1985,1183.0
dcs:who/WHS3_62,dcid:country/ECU,2010,0.0
dcs:who/WHS3_62,dcid:country/ECU,1999,0.0
dcs:who/WHS3_62,dcid:country/ECU,2014,0.0
dcs:who/WHS3_62,dcid:country/ECU,2019,0.0
dcs:who/WHS3_62,dcid:country/ECU,2017,0.0
dcs:who/WHS3_62,dcid:country/ECU,2022,0.0
dcs:who/WHS3_62,dcid:country/ECU,2023,0.0
dcs:who/WHS3_62,dcid:country/ECU,1991,1585.0
dcs:who/WHS3_62,dcid:country/ECU,1996,42.0
dcs:who/WHS3_62,dcid:country/ECU,2000,0.0
dcs:who/WHS3_62,dcid:country/ECU,1981,4678.0
dcs:who/WHS3_62,dcid:country/ECU,1987,1537.0
dcs:who/WHS3_62,dcid:country/ECU,2015,0.0
dcs:who/WHS3_62,dcid:country/ECU,2011,257.0
dcs:who/WHS3_62,dcid:country/ECU,1980,2722.0
dcs:who/WHS3_62,dcid:country/ECU,2020,0.0
dcs:who/WHS3_62,dcid:country/EGY,1989,4057.0
dcs:who/WHS3_62,dcid:country/EGY,2000,2633.0
dcs:who/WHS3_62,dcid:country/EGY,1990,887.0
dcs:who/WHS3_62,dcid:country/EGY,1984,4898.0
dcs:who/WHS3_62,dcid:country/EGY,1991,1231.0
dcs:who/WHS3_62,dcid:country/EGY,2018,48.0
dcs:who/WHS3_62,dcid:country/EGY,1995,1833.0
dcs:who/WHS3_62,dcid:country/EGY,2017,24.0
dcs:who/WHS3_62,dcid:country/EGY,2012,245.0
dcs:who/WHS3_62,dcid:country/EGY,2002,653.0
dcs:who/WHS3_62,dcid:country/EGY,1985,5554.0
dcs:who/WHS3_62,dcid:country/EGY,2009,608.0
dcs:who/WHS3_62,dcid:country/EGY,1988,3672.0
dcs:who/WHS3_62,dcid:country/EGY,2019,0.0
dcs:who/WHS3_62,dcid:country/EGY,2020,3.0
dcs:who/WHS3_62,dcid:country/EGY,1983,813.0
dcs:who/WHS3_62,dcid:country/EGY,2011,26.0
dcs:who/WHS3_62,dcid:country/EGY,2016,225.0
dcs:who/WHS3_62,dcid:country/EGY,2008,668.0
dcs:who/WHS3_62,dcid:country/EGY,1996,4403.0
dcs:who/WHS3_62,dcid:country/EGY,2003,164.0
dcs:who/WHS3_62,dcid:country/EGY,2010,16.0
dcs:who/WHS3_62,dcid:country/EGY,1994,1444.0
dcs:who/WHS3_62,dcid:country/EGY,1998,4868.0
dcs:who/WHS3_62,dcid:country/EGY,1987,1805.0
dcs:who/WHS3_62,dcid:country/EGY,2022,14.0
dcs:who/WHS3_62,dcid:country/EGY,2004,80.0
dcs:who/WHS3_62,dcid:country/EGY,2001,2150.0
dcs:who/WHS3_62,dcid:country/EGY,2006,953.0
dcs:who/WHS3_62,dcid:country/EGY,2014,1314.0
dcs:who/WHS3_62,dcid:country/EGY,1981,1777.0
dcs:who/WHS3_62,dcid:country/EGY,1999,1547.0
dcs:who/WHS3_62,dcid:country/EGY,2005,77.0
dcs:who/WHS3_62,dcid:country/EGY,1986,1176.0
dcs:who/WHS3_62,dcid:country/EGY,2015,5432.0
dcs:who/WHS3_62,dcid:country/EGY,2007,1684.0
dcs:who/WHS3_62,dcid:country/EGY,1980,839.0
dcs:who/WHS3_62,dcid:country/EGY,2021,0.0
dcs:who/WHS3_62,dcid:country/EGY,2013,405.0
dcs:who/WHS3_62,dcid:country/EGY,2023,267.0
dcs:who/WHS3_62,dcid:country/EGY,1993,2874.0
dcs:who/WHS3_62,dcid:country/EGY,1982,7365.0
dcs:who/WHS3_62,dcid:country/EGY,1997,4606.0
dcs:who/WHS3_62,dcid:country/EGY,1992,4403.0
dcs:who/WHS3_62,dcid:country/ERI,2013,45.0
dcs:who/WHS3_62,dcid:country/ERI,1993,267.0
dcs:who/WHS3_62,dcid:country/ERI,1994,541.0
dcs:who/WHS3_62,dcid:country/ERI,2017,1199.0
dcs:who/WHS3_62,dcid:country/ERI,2003,376.0
dcs:who/WHS3_62,dcid:country/ERI,2023,54.0
dcs:who/WHS3_62,dcid:country/ERI,2012,194.0
dcs:who/WHS3_62,dcid:country/ERI,2005,19.0
dcs:who/WHS3_62,dcid:country/ERI,2014,127.0
dcs:who/WHS3_62,dcid:country/ERI,2022,28.0
dcs:who/WHS3_62,dcid:country/ERI,2007,55.0
dcs:who/WHS3_62,dcid:country/ERI,1999,320.0
dcs:who/WHS3_62,dcid:country/ERI,2004,24.0
dcs:who/WHS3_62,dcid:country/ERI,1998,316.0
dcs:who/WHS3_62,dcid:country/ERI,1996,1783.0
dcs:who/WHS3_62,dcid:country/ERI,2016,142.0
dcs:who/WHS3_62,dcid:country/ERI,2001,204.0
dcs:who/WHS3_62,dcid:country/ERI,1997,777.0
dcs:who/WHS3_62,dcid:country/ERI,2015,198.0
dcs:who/WHS3_62,dcid:country/ERI,2009,82.0
dcs:who/WHS3_62,dcid:country/ERI,2000,789.0
dcs:who/WHS3_62,dcid:country/ERI,2006,128.0
dcs:who/WHS3_62,dcid:country/ERI,2021,25.0
dcs:who/WHS3_62,dcid:country/ERI,2018,70.0
dcs:who/WHS3_62,dcid:country/ERI,2002,460.0
dcs:who/WHS3_62,dcid:country/ERI,2008,0.0
dcs:who/WHS3_62,dcid:country/ERI,1995,185.0
dcs:who/WHS3_62,dcid:country/ERI,2019,6.0
dcs:who/WHS3_62,dcid:country/ERI,2020,12.0
dcs:who/WHS3_62,dcid:country/ERI,2010,51.0
dcs:who/WHS3_62,dcid:country/ERI,2011,48.0
dcs:who/WHS3_62,dcid:country/ESP,1996,4964.0
dcs:who/WHS3_62,dcid:country/ESP,1987,35146.0
dcs:who/WHS3_62,dcid:country/ESP,2005,22.0
dcs:who/WHS3_62,dcid:country/ESP,2002,67.0
dcs:who/WHS3_62,dcid:country/ESP,1997,1842.0
dcs:who/WHS3_62,dcid:country/ESP,2012,1204.0
dcs:who/WHS3_62,dcid:country/ESP,1989,32908.0
dcs:who/WHS3_62,dcid:country/ESP,1986,220109.0
dcs:who/WHS3_62,dcid:country/ESP,1984,38914.0
dcs:who/WHS3_62,dcid:country/ESP,1992,24460.0
dcs:who/WHS3_62,dcid:country/ESP,2018,225.0
dcs:who/WHS3_62,dcid:country/ESP,1982,159562.0
dcs:who/WHS3_62,dcid:country/ESP,2013,131.0
dcs:who/WHS3_62,dcid:country/ESP,1983,304350.0
dcs:who/WHS3_62,dcid:country/ESP,1999,246.0
dcs:who/WHS3_62,dcid:country/ESP,2019,288.0
dcs:who/WHS3_62,dcid:country/ESP,2003,256.0
dcs:who/WHS3_62,dcid:country/ESP,1981,146689.0
dcs:who/WHS3_62,dcid:country/ESP,1994,6796.0
dcs:who/WHS3_62,dcid:country/ESP,2014,154.0
dcs:who/WHS3_62,dcid:country/ESP,2011,3802.0
dcs:who/WHS3_62,dcid:country/ESP,1998,446.0
dcs:who/WHS3_62,dcid:country/ESP,2016,37.0
dcs:who/WHS3_62,dcid:country/ESP,2007,267.0
dcs:who/WHS3_62,dcid:country/ESP,1980,145322.0
dcs:who/WHS3_62,dcid:country/ESP,2009,41.0
dcs:who/WHS3_62,dcid:country/ESP,2023,15.0
dcs:who/WHS3_62,dcid:country/ESP,1990,21650.0
dcs:who/WHS3_62,dcid:country/ESP,1995,8849.0
dcs:who/WHS3_62,dcid:country/ESP,2021,2.0
dcs:who/WHS3_62,dcid:country/ESP,2000,152.0
dcs:who/WHS3_62,dcid:country/ESP,2006,362.0
dcs:who/WHS3_62,dcid:country/ESP,1991,24445.0
dcs:who/WHS3_62,dcid:country/ESP,2022,1.0
dcs:who/WHS3_62,dcid:country/ESP,2017,161.0
dcs:who/WHS3_62,dcid:country/ESP,2020,89.0
dcs:who/WHS3_62,dcid:country/ESP,2015,115.0
dcs:who/WHS3_62,dcid:country/ESP,1988,22701.0
dcs:who/WHS3_62,dcid:country/ESP,2008,297.0
dcs:who/WHS3_62,dcid:country/ESP,2004,26.0
dcs:who/WHS3_62,dcid:country/ESP,1985,80663.0
dcs:who/WHS3_62,dcid:country/ESP,1993,11985.0
dcs:who/WHS3_62,dcid:country/ESP,2010,302.0
dcs:who/WHS3_62,dcid:country/EST,2012,4.0
dcs:who/WHS3_62,dcid:country/EST,2023,4.0
dcs:who/WHS3_62,dcid:country/EST,2005,2.0
dcs:who/WHS3_62,dcid:country/EST,2014,0.0
dcs:who/WHS3_62,dcid:country/EST,2003,0.0
dcs:who/WHS3_62,dcid:country/EST,2007,1.0
dcs:who/WHS3_62,dcid:country/EST,1995,17.0
dcs:who/WHS3_62,dcid:country/EST,2001,0.0
dcs:who/WHS3_62,dcid:country/EST,2008,0.0
dcs:who/WHS3_62,dcid:country/EST,2016,2.0
dcs:who/WHS3_62,dcid:country/EST,2009,0.0
dcs:who/WHS3_62,dcid:country/EST,2020,0.0
dcs:who/WHS3_62,dcid:country/EST,1993,312.0
dcs:who/WHS3_62,dcid:country/EST,2011,7.0
dcs:who/WHS3_62,dcid:country/EST,2013,2.0
dcs:who/WHS3_62,dcid:country/EST,2004,0.0
dcs:who/WHS3_62,dcid:country/EST,2002,0.0
dcs:who/WHS3_62,dcid:country/EST,2015,4.0
dcs:who/WHS3_62,dcid:country/EST,2021,0.0
dcs:who/WHS3_62,dcid:country/EST,1997,18.0
dcs:who/WHS3_62,dcid:country/EST,2010,0.0
dcs:who/WHS3_62,dcid:country/EST,1998,17.0
dcs:who/WHS3_62,dcid:country/EST,2000,9.0
dcs:who/WHS3_62,dcid:country/EST,2018,10.0
dcs:who/WHS3_62,dcid:country/EST,1990,33.0
dcs:who/WHS3_62,dcid:country/EST,1996,19.0
dcs:who/WHS3_62,dcid:country/EST,1999,12.0
dcs:who/WHS3_62,dcid:country/EST,2019,27.0
dcs:who/WHS3_62,dcid:country/EST,1994,230.0
dcs:who/WHS3_62,dcid:country/EST,2022,0.0
dcs:who/WHS3_62,dcid:country/EST,2006,27.0
dcs:who/WHS3_62,dcid:country/EST,1991,129.0
dcs:who/WHS3_62,dcid:country/EST,1992,71.0
dcs:who/WHS3_62,dcid:country/EST,2017,1.0
dcs:who/WHS3_62,dcid:country/ETH,2015,17745.0
dcs:who/WHS3_62,dcid:country/ETH,2022,9292.0
dcs:who/WHS3_62,dcid:country/ETH,2003,228.0
dcs:who/WHS3_62,dcid:country/ETH,1990,1836.0
dcs:who/WHS3_62,dcid:country/ETH,1980,10690.0
dcs:who/WHS3_62,dcid:country/ETH,1997,1113.0
dcs:who/WHS3_62,dcid:country/ETH,2008,3511.0
dcs:who/WHS3_62,dcid:country/ETH,2000,1660.0
dcs:who/WHS3_62,dcid:country/ETH,2009,1176.0
dcs:who/WHS3_62,dcid:country/ETH,1985,66544.0
dcs:who/WHS3_62,dcid:country/ETH,2020,1952.0
dcs:who/WHS3_62,dcid:country/ETH,2023,24038.0
dcs:who/WHS3_62,dcid:country/ETH,1989,4169.0
dcs:who/WHS3_62,dcid:country/ETH,1993,1152.0
dcs:who/WHS3_62,dcid:country/ETH,2021,1953.0
dcs:who/WHS3_62,dcid:country/ETH,2012,4347.0
dcs:who/WHS3_62,dcid:country/ETH,1998,1603.0
dcs:who/WHS3_62,dcid:country/ETH,2016,4579.0
dcs:who/WHS3_62,dcid:country/ETH,2013,5253.0
dcs:who/WHS3_62,dcid:country/ETH,2019,3998.0
dcs:who/WHS3_62,dcid:country/ETH,2017,1921.0
dcs:who/WHS3_62,dcid:country/ETH,1984,9843.0
dcs:who/WHS3_62,dcid:country/ETH,1994,1133.0
dcs:who/WHS3_62,dcid:country/ETH,1982,10527.0
dcs:who/WHS3_62,dcid:country/ETH,1988,7575.0
dcs:who/WHS3_62,dcid:country/ETH,2007,1446.0
dcs:who/WHS3_62,dcid:country/ETH,1995,562.0
dcs:who/WHS3_62,dcid:country/ETH,1986,3760.0
dcs:who/WHS3_62,dcid:country/ETH,1999,5329.0
dcs:who/WHS3_62,dcid:country/ETH,2004,73.0
dcs:who/WHS3_62,dcid:country/ETH,2011,3255.0
dcs:who/WHS3_62,dcid:country/ETH,2010,4235.0
dcs:who/WHS3_62,dcid:country/ETH,1987,4832.0
dcs:who/WHS3_62,dcid:country/ETH,1981,9784.0
dcs:who/WHS3_62,dcid:country/ETH,2018,1752.0
dcs:who/WHS3_62,dcid:country/ETH,1983,5866.0
dcs:who/WHS3_62,dcid:country/ETH,1991,497.0
dcs:who/WHS3_62,dcid:country/ETH,1992,4815.0
dcs:who/WHS3_62,dcid:country/ETH,1996,1586.0
dcs:who/WHS3_62,dcid:country/ETH,2002,3332.0
dcs:who/WHS3_62,dcid:country/ETH,2006,1451.0
dcs:who/WHS3_62,dcid:country/ETH,2001,2366.0
dcs:who/WHS3_62,dcid:country/ETH,2014,12739.0
dcs:who/WHS3_62,dcid:country/ETH,2005,357.0
dcs:who/WHS3_62,dcid:country/FIN,2016,4.0
dcs:who/WHS3_62,dcid:country/FIN,2004,0.0
dcs:who/WHS3_62,dcid:country/FIN,2008,5.0
dcs:who/WHS3_62,dcid:country/FIN,2019,12.0
dcs:who/WHS3_62,dcid:country/FIN,2022,0.0
dcs:who/WHS3_62,dcid:country/FIN,1996,0.0
dcs:who/WHS3_62,dcid:country/FIN,2020,4.0
dcs:who/WHS3_62,dcid:country/FIN,2021,3.0
dcs:who/WHS3_62,dcid:country/FIN,2013,2.0
dcs:who/WHS3_62,dcid:country/FIN,1982,5402.0
dcs:who/WHS3_62,dcid:country/FIN,1989,1032.0
dcs:who/WHS3_62,dcid:country/FIN,2009,2.0
dcs:who/WHS3_62,dcid:country/FIN,2017,11.0
dcs:who/WHS3_62,dcid:country/FIN,1988,129.0
dcs:who/WHS3_62,dcid:country/FIN,1998,1.0
dcs:who/WHS3_62,dcid:country/FIN,1981,3813.0
dcs:who/WHS3_62,dcid:country/FIN,2001,1.0
dcs:who/WHS3_62,dcid:country/FIN,1983,4751.0
dcs:who/WHS3_62,dcid:country/FIN,2006,0.0
dcs:who/WHS3_62,dcid:country/FIN,2003,0.0
dcs:who/WHS3_62,dcid:country/FIN,2002,0.0
dcs:who/WHS3_62,dcid:country/FIN,1995,6.0
dcs:who/WHS3_62,dcid:country/FIN,2005,1.0
dcs:who/WHS3_62,dcid:country/FIN,2007,0.0
dcs:who/WHS3_62,dcid:country/FIN,1980,2147.0
dcs:who/WHS3_62,dcid:country/FIN,1994,1.0
dcs:who/WHS3_62,dcid:country/FIN,2015,2.0
dcs:who/WHS3_62,dcid:country/FIN,2010,5.0
dcs:who/WHS3_62,dcid:country/FIN,1986,741.0
dcs:who/WHS3_62,dcid:country/FIN,1990,3.0
dcs:who/WHS3_62,dcid:country/FIN,1987,635.0
dcs:who/WHS3_62,dcid:country/FIN,1985,614.0
dcs:who/WHS3_62,dcid:country/FIN,2018,15.0
dcs:who/WHS3_62,dcid:country/FIN,1991,8.0
dcs:who/WHS3_62,dcid:country/FIN,1984,729.0
dcs:who/WHS3_62,dcid:country/FIN,1997,0.0
dcs:who/WHS3_62,dcid:country/FIN,2023,1.0
dcs:who/WHS3_62,dcid:country/FIN,1993,0.0
dcs:who/WHS3_62,dcid:country/FIN,1992,5.0
dcs:who/WHS3_62,dcid:country/FIN,2011,27.0
dcs:who/WHS3_62,dcid:country/FJI,1985,152.0
dcs:who/WHS3_62,dcid:country/FJI,1997,828.0
dcs:who/WHS3_62,dcid:country/FJI,2016,5.0
dcs:who/WHS3_62,dcid:country/FJI,2002,304.0
dcs:who/WHS3_62,dcid:country/FJI,1993,425.0
dcs:who/WHS3_62,dcid:country/FJI,2010,0.0
dcs:who/WHS3_62,dcid:country/FJI,2008,0.0
dcs:who/WHS3_62,dcid:country/FJI,1986,385.0
dcs:who/WHS3_62,dcid:country/FJI,2004,37.0
dcs:who/WHS3_62,dcid:country/FJI,1981,1003.0
dcs:who/WHS3_62,dcid:country/FJI,1987,1075.0
dcs:who/WHS3_62,dcid:country/FJI,1992,969.0
dcs:who/WHS3_62,dcid:country/FJI,2003,305.0
dcs:who/WHS3_62,dcid:country/FJI,1980,913.0
dcs:who/WHS3_62,dcid:country/FJI,2018,0.0
dcs:who/WHS3_62,dcid:country/FJI,2019,28.0
dcs:who/WHS3_62,dcid:country/FJI,2001,17.0
dcs:who/WHS3_62,dcid:country/FJI,1996,39.0
dcs:who/WHS3_62,dcid:country/FJI,1994,39.0
dcs:who/WHS3_62,dcid:country/FJI,1982,902.0
dcs:who/WHS3_62,dcid:country/FJI,2007,0.0
dcs:who/WHS3_62,dcid:country/FJI,2006,136.0
dcs:who/WHS3_62,dcid:country/FJI,1983,313.0
dcs:who/WHS3_62,dcid:country/FJI,1988,610.0
dcs:who/WHS3_62,dcid:country/FJI,1989,53.0
dcs:who/WHS3_62,dcid:country/FJI,2012,0.0
dcs:who/WHS3_62,dcid:country/FJI,1984,827.0
dcs:who/WHS3_62,dcid:country/FJI,2009,1.0
dcs:who/WHS3_62,dcid:country/FJI,1995,414.0
dcs:who/WHS3_62,dcid:country/FJI,1990,32.0
dcs:who/WHS3_62,dcid:country/FRA,2022,15.0
dcs:who/WHS3_62,dcid:country/FRA,2010,5048.0
dcs:who/WHS3_62,dcid:country/FRA,2009,1541.0
dcs:who/WHS3_62,dcid:country/FRA,2000,10000.0
dcs:who/WHS3_62,dcid:country/FRA,1992,109548.0
dcs:who/WHS3_62,dcid:country/FRA,2005,36.0
dcs:who/WHS3_62,dcid:country/FRA,2016,79.0
dcs:who/WHS3_62,dcid:country/FRA,2020,240.0
dcs:who/WHS3_62,dcid:country/FRA,2019,2637.0
dcs:who/WHS3_62,dcid:country/FRA,2014,267.0
dcs:who/WHS3_62,dcid:country/FRA,2021,16.0
dcs:who/WHS3_62,dcid:country/FRA,2011,14949.0
dcs:who/WHS3_62,dcid:country/FRA,1997,80000.0
dcs:who/WHS3_62,dcid:country/FRA,2018,2921.0
dcs:who/WHS3_62,dcid:country/FRA,1983,870.0
dcs:who/WHS3_62,dcid:country/FRA,1995,54239.0
dcs:who/WHS3_62,dcid:country/FRA,2002,5185.0
dcs:who/WHS3_62,dcid:country/FRA,1986,931.0
dcs:who/WHS3_62,dcid:country/FRA,1982,812.0
dcs:who/WHS3_62,dcid:country/FRA,1994,44005.0
dcs:who/WHS3_62,dcid:country/FRA,2013,272.0
dcs:who/WHS3_62,dcid:country/FRA,2008,604.0
dcs:who/WHS3_62,dcid:country/FRA,2015,157.0
dcs:who/WHS3_62,dcid:country/FRA,1985,399.0
dcs:who/WHS3_62,dcid:country/FRA,2004,4448.0
dcs:who/WHS3_62,dcid:country/FRA,2006,40.0
dcs:who/WHS3_62,dcid:country/FRA,1981,1132.0
dcs:who/WHS3_62,dcid:country/FRA,1980,1244.0
dcs:who/WHS3_62,dcid:country/FRA,2017,519.0
dcs:who/WHS3_62,dcid:country/FRA,1984,978.0
dcs:who/WHS3_62,dcid:country/FRA,1996,66000.0
dcs:who/WHS3_62,dcid:country/FRA,2023,117.0
dcs:who/WHS3_62,dcid:country/FRA,2007,39.0
dcs:who/WHS3_62,dcid:country/FRA,1993,77232.0
dcs:who/WHS3_62,dcid:country/FRA,1991,156849.0
dcs:who/WHS3_62,dcid:country/FSM,2004,0.0
dcs:who/WHS3_62,dcid:country/FSM,1998,0.0
dcs:who/WHS3_62,dcid:country/FSM,2016,0.0
dcs:who/WHS3_62,dcid:country/FSM,2013,0.0
dcs:who/WHS3_62,dcid:country/FSM,2003,0.0
dcs:who/WHS3_62,dcid:country/FSM,1993,0.0
dcs:who/WHS3_62,dcid:country/FSM,2000,0.0
dcs:who/WHS3_62,dcid:country/FSM,2014,140.0
dcs:who/WHS3_62,dcid:country/FSM,1989,0.0
dcs:who/WHS3_62,dcid:country/FSM,2022,1.0
dcs:who/WHS3_62,dcid:country/FSM,1995,0.0
dcs:who/WHS3_62,dcid:country/FSM,2015,0.0
dcs:who/WHS3_62,dcid:country/FSM,1991,0.0
dcs:who/WHS3_62,dcid:country/FSM,2018,0.0
dcs:who/WHS3_62,dcid:country/FSM,2005,0.0
dcs:who/WHS3_62,dcid:country/FSM,2017,0.0
dcs:who/WHS3_62,dcid:country/FSM,1987,1.0
dcs:who/WHS3_62,dcid:country/FSM,2009,0.0
dcs:who/WHS3_62,dcid:country/FSM,1992,41.0
dcs:who/WHS3_62,dcid:country/FSM,2001,0.0
dcs:who/WHS3_62,dcid:country/FSM,2023,1.0
dcs:who/WHS3_62,dcid:country/FSM,1990,1.0
dcs:who/WHS3_62,dcid:country/FSM,1999,0.0
dcs:who/WHS3_62,dcid:country/FSM,2012,0.0
dcs:who/WHS3_62,dcid:country/FSM,2006,0.0
dcs:who/WHS3_62,dcid:country/FSM,2011,0.0
dcs:who/WHS3_62,dcid:country/FSM,1997,0.0
dcs:who/WHS3_62,dcid:country/FSM,2019,0.0
dcs:who/WHS3_62,dcid:country/FSM,1994,930.0
dcs:who/WHS3_62,dcid:country/FSM,2007,0.0
dcs:who/WHS3_62,dcid:country/FSM,1988,0.0
dcs:who/WHS3_62,dcid:country/GAB,1981,2306.0
dcs:who/WHS3_62,dcid:country/GAB,1983,4324.0
dcs:who/WHS3_62,dcid:country/GAB,2015,27.0
dcs:who/WHS3_62,dcid:country/GAB,1984,7234.0
dcs:who/WHS3_62,dcid:country/GAB,2009,0.0
dcs:who/WHS3_62,dcid:country/GAB,2023,1167.0
dcs:who/WHS3_62,dcid:country/GAB,2014,33.0
dcs:who/WHS3_62,dcid:country/GAB,2016,1509.0
dcs:who/WHS3_62,dcid:country/GAB,2002,110.0
dcs:who/WHS3_62,dcid:country/GAB,2017,1075.0
dcs:who/WHS3_62,dcid:country/GAB,2018,1.0
dcs:who/WHS3_62,dcid:country/GAB,1993,958.0
dcs:who/WHS3_62,dcid:country/GAB,1987,2074.0
dcs:who/WHS3_62,dcid:country/GAB,2004,63.0
dcs:who/WHS3_62,dcid:country/GAB,2007,0.0
dcs:who/WHS3_62,dcid:country/GAB,2019,2.0
dcs:who/WHS3_62,dcid:country/GAB,2010,1.0
dcs:who/WHS3_62,dcid:country/GAB,1986,6826.0
dcs:who/WHS3_62,dcid:country/GAB,1989,1780.0
dcs:who/WHS3_62,dcid:country/GAB,2006,90.0
dcs:who/WHS3_62,dcid:country/GAB,2012,2.0
dcs:who/WHS3_62,dcid:country/GAB,1988,655.0
dcs:who/WHS3_62,dcid:country/GAB,2005,0.0
dcs:who/WHS3_62,dcid:country/GAB,2021,134.0
dcs:who/WHS3_62,dcid:country/GAB,1990,738.0
dcs:who/WHS3_62,dcid:country/GAB,1992,1245.0
dcs:who/WHS3_62,dcid:country/GAB,2011,2.0
dcs:who/WHS3_62,dcid:country/GAB,2001,5129.0
dcs:who/WHS3_62,dcid:country/GAB,2022,1293.0
dcs:who/WHS3_62,dcid:country/GAB,2013,122.0
dcs:who/WHS3_62,dcid:country/GAB,1985,5222.0
dcs:who/WHS3_62,dcid:country/GAB,1996,70.0
dcs:who/WHS3_62,dcid:country/GAB,1980,1641.0
dcs:who/WHS3_62,dcid:country/GAB,1982,1747.0
dcs:who/WHS3_62,dcid:country/GAB,2008,3.0
dcs:who/WHS3_62,dcid:country/GAB,2020,9.0
dcs:who/WHS3_62,dcid:country/GAB,2000,15.0
dcs:who/WHS3_62,dcid:country/GBR,1992,12317.0
dcs:who/WHS3_62,dcid:country/GBR,1986,90214.0
dcs:who/WHS3_62,dcid:country/GBR,2005,79.0
dcs:who/WHS3_62,dcid:country/GBR,1984,67632.0
dcs:who/WHS3_62,dcid:country/GBR,1985,104774.0
dcs:who/WHS3_62,dcid:country/GBR,2020,95.0
dcs:who/WHS3_62,dcid:country/GBR,2013,1919.0
dcs:who/WHS3_62,dcid:country/GBR,1988,88259.0
dcs:who/WHS3_62,dcid:country/GBR,2003,460.0
dcs:who/WHS3_62,dcid:country/GBR,2015,91.0
dcs:who/WHS3_62,dcid:country/GBR,2004,189.0
dcs:who/WHS3_62,dcid:country/GBR,1987,44850.0
dcs:who/WHS3_62,dcid:country/GBR,2001,73.0
dcs:who/WHS3_62,dcid:country/GBR,2014,133.0
dcs:who/WHS3_62,dcid:country/GBR,2000,104.0
dcs:who/WHS3_62,dcid:country/GBR,1994,23525.0
dcs:who/WHS3_62,dcid:country/GBR,1995,9017.0
dcs:who/WHS3_62,dcid:country/GBR,1980,147962.0
dcs:who/WHS3_62,dcid:country/GBR,2009,1212.0
dcs:who/WHS3_62,dcid:country/GBR,1989,30160.0
dcs:who/WHS3_62,dcid:country/GBR,2011,1112.0
dcs:who/WHS3_62,dcid:country/GBR,2016,558.0
dcs:who/WHS3_62,dcid:country/GBR,2021,2.0
dcs:who/WHS3_62,dcid:country/GBR,1983,114948.0
dcs:who/WHS3_62,dcid:country/GBR,1982,105642.0
dcs:who/WHS3_62,dcid:country/GBR,2007,1022.0
dcs:who/WHS3_62,dcid:country/GBR,2019,1092.0
dcs:who/WHS3_62,dcid:country/GBR,2017,364.0
dcs:who/WHS3_62,dcid:country/GBR,1993,12018.0
dcs:who/WHS3_62,dcid:country/GBR,1990,28228.0
dcs:who/WHS3_62,dcid:country/GBR,2008,1445.0
dcs:who/WHS3_62,dcid:country/GBR,2022,63.0
dcs:who/WHS3_62,dcid:country/GBR,1996,6866.0
dcs:who/WHS3_62,dcid:country/GBR,1997,4844.0
dcs:who/WHS3_62,dcid:country/GBR,1981,61779.0
dcs:who/WHS3_62,dcid:country/GBR,2018,1216.0
dcs:who/WHS3_62,dcid:country/GBR,2002,314.0
dcs:who/WHS3_62,dcid:country/GBR,2006,764.0
dcs:who/WHS3_62,dcid:country/GBR,2023,493.0
dcs:who/WHS3_62,dcid:country/GBR,1998,74.0
dcs:who/WHS3_62,dcid:country/GBR,2010,443.0
dcs:who/WHS3_62,dcid:country/GBR,1991,11727.0
dcs:who/WHS3_62,dcid:country/GBR,2012,2092.0
dcs:who/WHS3_62,dcid:country/GEO,2008,56.0
dcs:who/WHS3_62,dcid:country/GEO,2007,44.0
dcs:who/WHS3_62,dcid:country/GEO,2019,3918.0
dcs:who/WHS3_62,dcid:country/GEO,2012,31.0
dcs:who/WHS3_62,dcid:country/GEO,1994,723.0
dcs:who/WHS3_62,dcid:country/GEO,1992,115.0
dcs:who/WHS3_62,dcid:country/GEO,2015,431.0
dcs:who/WHS3_62,dcid:country/GEO,2016,14.0
dcs:who/WHS3_62,dcid:country/GEO,1993,409.0
dcs:who/WHS3_62,dcid:country/GEO,2009,23.0
dcs:who/WHS3_62,dcid:country/GEO,2023,39.0
dcs:who/WHS3_62,dcid:country/GEO,2011,64.0
dcs:who/WHS3_62,dcid:country/GEO,2005,1356.0
dcs:who/WHS3_62,dcid:country/GEO,2014,3188.0
dcs:who/WHS3_62,dcid:country/GEO,2018,2199.0
dcs:who/WHS3_62,dcid:country/GEO,1991,352.0
dcs:who/WHS3_62,dcid:country/GEO,1995,181.0
dcs:who/WHS3_62,dcid:country/GEO,2010,22.0
dcs:who/WHS3_62,dcid:country/GEO,1997,342.0
dcs:who/WHS3_62,dcid:country/GEO,2001,35.0
dcs:who/WHS3_62,dcid:country/GEO,1996,304.0
dcs:who/WHS3_62,dcid:country/GEO,2003,216.0
dcs:who/WHS3_62,dcid:country/GEO,2004,6847.0
dcs:who/WHS3_62,dcid:country/GEO,2020,20.0
dcs:who/WHS3_62,dcid:country/GEO,2002,199.0
dcs:who/WHS3_62,dcid:country/GEO,2000,50.0
dcs:who/WHS3_62,dcid:country/GEO,1999,144.0
dcs:who/WHS3_62,dcid:country/GEO,2017,94.0
dcs:who/WHS3_62,dcid:country/GEO,2013,7872.0
dcs:who/WHS3_62,dcid:country/GEO,2021,5.0
dcs:who/WHS3_62,dcid:country/GEO,2006,334.0
dcs:who/WHS3_62,dcid:country/GEO,1998,218.0
dcs:who/WHS3_62,dcid:country/GHA,1989,19997.0
dcs:who/WHS3_62,dcid:country/GHA,2003,1939.0
dcs:who/WHS3_62,dcid:country/GHA,2018,34.0
dcs:who/WHS3_62,dcid:country/GHA,1985,64517.0
dcs:who/WHS3_62,dcid:country/GHA,1983,36561.0
dcs:who/WHS3_62,dcid:country/GHA,1993,34641.0
dcs:who/WHS3_62,dcid:country/GHA,1990,32246.0
dcs:who/WHS3_62,dcid:country/GHA,2021,52.0
dcs:who/WHS3_62,dcid:country/GHA,2012,1613.0
dcs:who/WHS3_62,dcid:country/GHA,1999,15987.0
dcs:who/WHS3_62,dcid:country/GHA,2023,2282.0
dcs:who/WHS3_62,dcid:country/GHA,1996,34273.0
dcs:who/WHS3_62,dcid:country/GHA,1981,38476.0
dcs:who/WHS3_62,dcid:country/GHA,2011,120.0
dcs:who/WHS3_62,dcid:country/GHA,2005,435.0
dcs:who/WHS3_62,dcid:country/GHA,1980,82684.0
dcs:who/WHS3_62,dcid:country/GHA,2007,6.0
dcs:who/WHS3_62,dcid:country/GHA,1994,34821.0
dcs:who/WHS3_62,dcid:country/GHA,1988,40456.0
dcs:who/WHS3_62,dcid:country/GHA,2022,395.0
dcs:who/WHS3_62,dcid:country/GHA,2004,60.0
dcs:who/WHS3_62,dcid:country/GHA,1984,40179.0
dcs:who/WHS3_62,dcid:country/GHA,2017,19.0
dcs:who/WHS3_62,dcid:country/GHA,2015,23.0
dcs:who/WHS3_62,dcid:country/GHA,2002,12289.0
dcs:who/WHS3_62,dcid:country/GHA,2000,23068.0
dcs:who/WHS3_62,dcid:country/GHA,1998,23335.0
dcs:who/WHS3_62,dcid:country/GHA,1992,39933.0
dcs:who/WHS3_62,dcid:country/GHA,2013,319.0
dcs:who/WHS3_62,dcid:country/GHA,1997,37261.0
dcs:who/WHS3_62,dcid:country/GHA,1982,79636.0
dcs:who/WHS3_62,dcid:country/GHA,2010,641.0
dcs:who/WHS3_62,dcid:country/GHA,2006,420.0
dcs:who/WHS3_62,dcid:country/GHA,2009,101.0
dcs:who/WHS3_62,dcid:country/GHA,2020,88.0
dcs:who/WHS3_62,dcid:country/GHA,2001,13476.0
dcs:who/WHS3_62,dcid:country/GHA,1987,24781.0
dcs:who/WHS3_62,dcid:country/GHA,1986,11099.0
dcs:who/WHS3_62,dcid:country/GHA,2019,1274.0
dcs:who/WHS3_62,dcid:country/GHA,1991,17135.0
dcs:who/WHS3_62,dcid:country/GHA,2008,82.0
dcs:who/WHS3_62,dcid:country/GHA,1995,40276.0
dcs:who/WHS3_62,dcid:country/GHA,2016,32.0
dcs:who/WHS3_62,dcid:country/GHA,2014,124.0
dcs:who/WHS3_62,dcid:country/GIN,2007,3.0
dcs:who/WHS3_62,dcid:country/GIN,2000,11294.0
dcs:who/WHS3_62,dcid:country/GIN,2003,2497.0
dcs:who/WHS3_62,dcid:country/GIN,2021,505.0
dcs:who/WHS3_62,dcid:country/GIN,2022,417.0
dcs:who/WHS3_62,dcid:country/GIN,1982,15038.0
dcs:who/WHS3_62,dcid:country/GIN,2013,53.0
dcs:who/WHS3_62,dcid:country/GIN,1990,12756.0
dcs:who/WHS3_62,dcid:country/GIN,1991,6708.0
dcs:who/WHS3_62,dcid:country/GIN,1994,2372.0
dcs:who/WHS3_62,dcid:country/GIN,2004,10.0
dcs:who/WHS3_62,dcid:country/GIN,2010,45.0
dcs:who/WHS3_62,dcid:country/GIN,2020,506.0
dcs:who/WHS3_62,dcid:country/GIN,1993,5228.0
dcs:who/WHS3_62,dcid:country/GIN,1999,18004.0
dcs:who/WHS3_62,dcid:country/GIN,1989,4152.0
dcs:who/WHS3_62,dcid:country/GIN,1988,3353.0
dcs:who/WHS3_62,dcid:country/GIN,1998,9170.0
dcs:who/WHS3_62,dcid:country/GIN,2006,4.0
dcs:who/WHS3_62,dcid:country/GIN,1995,1085.0
dcs:who/WHS3_62,dcid:country/GIN,1996,10292.0
dcs:who/WHS3_62,dcid:country/GIN,2012,6.0
dcs:who/WHS3_62,dcid:country/GIN,2005,99.0
dcs:who/WHS3_62,dcid:country/GIN,1992,1617.0
dcs:who/WHS3_62,dcid:country/GIN,2008,89.0
dcs:who/WHS3_62,dcid:country/GIN,2016,316.0
dcs:who/WHS3_62,dcid:country/GIN,1980,8552.0
dcs:who/WHS3_62,dcid:country/GIN,1981,11397.0
dcs:who/WHS3_62,dcid:country/GIN,2009,264.0
dcs:who/WHS3_62,dcid:country/GIN,1987,7357.0
dcs:who/WHS3_62,dcid:country/GIN,1983,8856.0
dcs:who/WHS3_62,dcid:country/GIN,2019,4555.0
dcs:who/WHS3_62,dcid:country/GIN,1984,4396.0
dcs:who/WHS3_62,dcid:country/GIN,2014,175.0
dcs:who/WHS3_62,dcid:country/GIN,2018,482.0
dcs:who/WHS3_62,dcid:country/GIN,2002,2151.0
dcs:who/WHS3_62,dcid:country/GIN,1985,2969.0
dcs:who/WHS3_62,dcid:country/GIN,1986,2592.0
dcs:who/WHS3_62,dcid:country/GIN,2011,11.0
dcs:who/WHS3_62,dcid:country/GIN,2015,243.0
dcs:who/WHS3_62,dcid:country/GIN,2017,2036.0
dcs:who/WHS3_62,dcid:country/GIN,2001,7408.0
dcs:who/WHS3_62,dcid:country/GIN,2023,94.0
dcs:who/WHS3_62,dcid:country/GIN,1997,10170.0
dcs:who/WHS3_62,dcid:country/GMB,1992,364.0
dcs:who/WHS3_62,dcid:country/GMB,1994,280.0
dcs:who/WHS3_62,dcid:country/GMB,2023,38.0
dcs:who/WHS3_62,dcid:country/GMB,2003,119.0
dcs:who/WHS3_62,dcid:country/GMB,1982,1566.0
dcs:who/WHS3_62,dcid:country/GMB,1983,1372.0
dcs:who/WHS3_62,dcid:country/GMB,1999,856.0
dcs:who/WHS3_62,dcid:country/GMB,2000,336.0
dcs:who/WHS3_62,dcid:country/GMB,2018,4.0
dcs:who/WHS3_62,dcid:country/GMB,1985,1628.0
dcs:who/WHS3_62,dcid:country/GMB,2019,1.0
dcs:who/WHS3_62,dcid:country/GMB,2006,0.0
dcs:who/WHS3_62,dcid:country/GMB,2017,1.0
dcs:who/WHS3_62,dcid:country/GMB,2004,0.0
dcs:who/WHS3_62,dcid:country/GMB,2007,0.0
dcs:who/WHS3_62,dcid:country/GMB,2022,58.0
dcs:who/WHS3_62,dcid:country/GMB,2021,0.0
dcs:who/WHS3_62,dcid:country/GMB,1980,284.0
dcs:who/WHS3_62,dcid:country/GMB,1993,912.0
dcs:who/WHS3_62,dcid:country/GMB,2014,1.0
dcs:who/WHS3_62,dcid:country/GMB,1981,262.0
dcs:who/WHS3_62,dcid:country/GMB,2010,2.0
dcs:who/WHS3_62,dcid:country/GMB,2013,0.0
dcs:who/WHS3_62,dcid:country/GMB,2015,71.0
dcs:who/WHS3_62,dcid:country/GMB,2011,0.0
dcs:who/WHS3_62,dcid:country/GMB,2001,99.0
dcs:who/WHS3_62,dcid:country/GMB,1986,3997.0
dcs:who/WHS3_62,dcid:country/GMB,2009,0.0
dcs:who/WHS3_62,dcid:country/GMB,2016,45.0
dcs:who/WHS3_62,dcid:country/GMB,2002,32.0
dcs:who/WHS3_62,dcid:country/GMB,2012,0.0
dcs:who/WHS3_62,dcid:country/GMB,1996,15.0
dcs:who/WHS3_62,dcid:country/GMB,1991,164.0
dcs:who/WHS3_62,dcid:country/GMB,2008,0.0
dcs:who/WHS3_62,dcid:country/GMB,1997,1500.0
dcs:who/WHS3_62,dcid:country/GMB,2005,0.0
dcs:who/WHS3_62,dcid:country/GMB,1995,130.0
dcs:who/WHS3_62,dcid:country/GNB,1989,106.0
dcs:who/WHS3_62,dcid:country/GNB,2012,0.0
dcs:who/WHS3_62,dcid:country/GNB,2016,0.0
dcs:who/WHS3_62,dcid:country/GNB,2008,12.0
dcs:who/WHS3_62,dcid:country/GNB,1999,472.0
dcs:who/WHS3_62,dcid:country/GNB,1992,842.0
dcs:who/WHS3_62,dcid:country/GNB,1980,1332.0
dcs:who/WHS3_62,dcid:country/GNB,1986,2241.0
dcs:who/WHS3_62,dcid:country/GNB,2017,11.0
dcs:who/WHS3_62,dcid:country/GNB,2001,126.0
dcs:who/WHS3_62,dcid:country/GNB,1993,1707.0
dcs:who/WHS3_62,dcid:country/GNB,2009,0.0
dcs:who/WHS3_62,dcid:country/GNB,1996,73.0
dcs:who/WHS3_62,dcid:country/GNB,2023,5.0
dcs:who/WHS3_62,dcid:country/GNB,2018,28.0
dcs:who/WHS3_62,dcid:country/GNB,2022,213.0
dcs:who/WHS3_62,dcid:country/GNB,2015,153.0
dcs:who/WHS3_62,dcid:country/GNB,1995,528.0
dcs:who/WHS3_62,dcid:country/GNB,2003,1158.0
dcs:who/WHS3_62,dcid:country/GNB,1985,1328.0
dcs:who/WHS3_62,dcid:country/GNB,1997,498.0
dcs:who/WHS3_62,dcid:country/GNB,2010,26.0
dcs:who/WHS3_62,dcid:country/GNB,1981,2096.0
dcs:who/WHS3_62,dcid:country/GNB,2019,60.0
dcs:who/WHS3_62,dcid:country/GNB,1983,3218.0
dcs:who/WHS3_62,dcid:country/GNB,1990,259.0
dcs:who/WHS3_62,dcid:country/GNB,2014,1.0
dcs:who/WHS3_62,dcid:country/GNB,2020,22.0
dcs:who/WHS3_62,dcid:country/GNB,1982,1613.0
dcs:who/WHS3_62,dcid:country/GNB,2002,298.0
dcs:who/WHS3_62,dcid:country/GNB,2007,1.0
dcs:who/WHS3_62,dcid:country/GNB,2011,0.0
dcs:who/WHS3_62,dcid:country/GNB,2006,0.0
dcs:who/WHS3_62,dcid:country/GNB,2013,0.0
dcs:who/WHS3_62,dcid:country/GNB,2005,0.0
dcs:who/WHS3_62,dcid:country/GNB,1987,174.0
dcs:who/WHS3_62,dcid:country/GNB,1984,355.0
dcs:who/WHS3_62,dcid:country/GNB,2004,3526.0
dcs:who/WHS3_62,dcid:country/GNB,1991,2396.0
dcs:who/WHS3_62,dcid:country/GNB,1994,378.0
dcs:who/WHS3_62,dcid:country/GNB,1988,1103.0
dcs:who/WHS3_62,dcid:country/GNQ,1985,464.0
dcs:who/WHS3_62,dcid:country/GNQ,2019,0.0
dcs:who/WHS3_62,dcid:country/GNQ,2017,1.0
dcs:who/WHS3_62,dcid:country/GNQ,2015,1250.0
dcs:who/WHS3_62,dcid:country/GNQ,2018,0.0
dcs:who/WHS3_62,dcid:country/GNQ,1984,198.0
dcs:who/WHS3_62,dcid:country/GNQ,2001,1339.0
dcs:who/WHS3_62,dcid:country/GNQ,2007,5.0
dcs:who/WHS3_62,dcid:country/GNQ,2014,13.0
dcs:who/WHS3_62,dcid:country/GNQ,2009,78.0
dcs:who/WHS3_62,dcid:country/GNQ,1997,0.0
dcs:who/WHS3_62,dcid:country/GNQ,1995,44.0
dcs:who/WHS3_62,dcid:country/GNQ,1991,32.0
dcs:who/WHS3_62,dcid:country/GNQ,1993,157.0
dcs:who/WHS3_62,dcid:country/GNQ,2020,53.0
dcs:who/WHS3_62,dcid:country/GNQ,1986,788.0
dcs:who/WHS3_62,dcid:country/GNQ,1987,11865.0
dcs:who/WHS3_62,dcid:country/GNQ,2004,38.0
dcs:who/WHS3_62,dcid:country/GNQ,2022,49.0
dcs:who/WHS3_62,dcid:country/GNQ,2008,436.0
dcs:who/WHS3_62,dcid:country/GNQ,1996,1.0
dcs:who/WHS3_62,dcid:country/GNQ,2021,43.0
dcs:who/WHS3_62,dcid:country/GNQ,2012,1190.0
dcs:who/WHS3_62,dcid:country/GNQ,2011,0.0
dcs:who/WHS3_62,dcid:country/GNQ,2016,1699.0
dcs:who/WHS3_62,dcid:country/GNQ,1988,14875.0
dcs:who/WHS3_62,dcid:country/GNQ,2006,0.0
dcs:who/WHS3_62,dcid:country/GNQ,1994,270.0
dcs:who/WHS3_62,dcid:country/GNQ,2013,321.0
dcs:who/WHS3_62,dcid:country/GNQ,2010,0.0
dcs:who/WHS3_62,dcid:country/GNQ,2003,18.0
dcs:who/WHS3_62,dcid:country/GNQ,2023,270.0
dcs:who/WHS3_62,dcid:country/GNQ,1989,582.0
dcs:who/WHS3_62,dcid:country/GNQ,1992,297.0
dcs:who/WHS3_62,dcid:country/GNQ,2002,24.0
dcs:who/WHS3_62,dcid:country/GNQ,1990,32.0
dcs:who/WHS3_62,dcid:country/GRC,1994,163.0
dcs:who/WHS3_62,dcid:country/GRC,2014,1.0
dcs:who/WHS3_62,dcid:country/GRC,2020,3.0
dcs:who/WHS3_62,dcid:country/GRC,1998,66.0
dcs:who/WHS3_62,dcid:country/GRC,1987,1891.0
dcs:who/WHS3_62,dcid:country/GRC,2018,2291.0
dcs:who/WHS3_62,dcid:country/GRC,1996,6082.0
dcs:who/WHS3_62,dcid:country/GRC,2005,122.0
dcs:who/WHS3_62,dcid:country/GRC,2007,2.0
dcs:who/WHS3_62,dcid:country/GRC,1985,1484.0
dcs:who/WHS3_62,dcid:country/GRC,2009,2.0
dcs:who/WHS3_62,dcid:country/GRC,2011,40.0
dcs:who/WHS3_62,dcid:country/GRC,1992,3448.0
dcs:who/WHS3_62,dcid:country/GRC,1993,503.0
dcs:who/WHS3_62,dcid:country/GRC,2004,1.0
dcs:who/WHS3_62,dcid:country/GRC,1990,245.0
dcs:who/WHS3_62,dcid:country/GRC,1995,112.0
dcs:who/WHS3_62,dcid:country/GRC,2008,1.0
dcs:who/WHS3_62,dcid:country/GRC,1991,1371.0
dcs:who/WHS3_62,dcid:country/GRC,2010,149.0
dcs:who/WHS3_62,dcid:country/GRC,2019,45.0
dcs:who/WHS3_62,dcid:country/GRC,1982,3417.0
dcs:who/WHS3_62,dcid:country/GRC,2001,12.0
dcs:who/WHS3_62,dcid:country/GRC,2013,3.0
dcs:who/WHS3_62,dcid:country/GRC,1988,5100.0
dcs:who/WHS3_62,dcid:country/GRC,2000,56.0
dcs:who/WHS3_62,dcid:country/GRC,1980,13464.0
dcs:who/WHS3_62,dcid:country/GRC,1997,136.0
dcs:who/WHS3_62,dcid:country/GRC,1981,1389.0
dcs:who/WHS3_62,dcid:country/GRC,2021,0.0
dcs:who/WHS3_62,dcid:country/GRC,1999,69.0
dcs:who/WHS3_62,dcid:country/GRC,1989,534.0
dcs:who/WHS3_62,dcid:country/GRC,2022,0.0
dcs:who/WHS3_62,dcid:country/GRC,2002,5.0
dcs:who/WHS3_62,dcid:country/GRC,2016,0.0
dcs:who/WHS3_62,dcid:country/GRC,1984,1200.0
dcs:who/WHS3_62,dcid:country/GRC,2012,3.0
dcs:who/WHS3_62,dcid:country/GRC,1986,1050.0
dcs:who/WHS3_62,dcid:country/GRC,2023,0.0
dcs:who/WHS3_62,dcid:country/GRC,2015,1.0
dcs:who/WHS3_62,dcid:country/GRC,2017,968.0
dcs:who/WHS3_62,dcid:country/GRC,1983,23723.0
dcs:who/WHS3_62,dcid:country/GRD,2023,0.0
dcs:who/WHS3_62,dcid:country/GRD,2008,0.0
dcs:who/WHS3_62,dcid:country/GRD,2014,0.0
dcs:who/WHS3_62,dcid:country/GRD,2020,0.0
dcs:who/WHS3_62,dcid:country/GRD,2001,0.0
dcs:who/WHS3_62,dcid:country/GRD,2004,0.0
dcs:who/WHS3_62,dcid:country/GRD,2016,0.0
dcs:who/WHS3_62,dcid:country/GRD,1982,1713.0
dcs:who/WHS3_62,dcid:country/GRD,2017,0.0
dcs:who/WHS3_62,dcid:country/GRD,2003,0.0
dcs:who/WHS3_62,dcid:country/GRD,1993,0.0
dcs:who/WHS3_62,dcid:country/GRD,1987,6.0
dcs:who/WHS3_62,dcid:country/GRD,2018,0.0
dcs:who/WHS3_62,dcid:country/GRD,1985,7.0
dcs:who/WHS3_62,dcid:country/GRD,1999,0.0
dcs:who/WHS3_62,dcid:country/GRD,1980,53.0
dcs:who/WHS3_62,dcid:country/GRD,1990,6.0
dcs:who/WHS3_62,dcid:country/GRD,2012,0.0
dcs:who/WHS3_62,dcid:country/GRD,2009,0.0
dcs:who/WHS3_62,dcid:country/GRD,1995,3.0
dcs:who/WHS3_62,dcid:country/GRD,1991,2.0
dcs:who/WHS3_62,dcid:country/GRD,2011,0.0
dcs:who/WHS3_62,dcid:country/GRD,1994,0.0
dcs:who/WHS3_62,dcid:country/GRD,1988,4.0
dcs:who/WHS3_62,dcid:country/GRD,1992,0.0
dcs:who/WHS3_62,dcid:country/GRD,2015,0.0
dcs:who/WHS3_62,dcid:country/GRD,1984,11.0
dcs:who/WHS3_62,dcid:country/GRD,2006,0.0
dcs:who/WHS3_62,dcid:country/GRD,1989,2.0
dcs:who/WHS3_62,dcid:country/GRD,2000,0.0
dcs:who/WHS3_62,dcid:country/GRD,2007,0.0
dcs:who/WHS3_62,dcid:country/GRD,1996,0.0
dcs:who/WHS3_62,dcid:country/GRD,1986,20.0
dcs:who/WHS3_62,dcid:country/GRD,2002,0.0
dcs:who/WHS3_62,dcid:country/GRD,2010,0.0
dcs:who/WHS3_62,dcid:country/GRD,2005,0.0
dcs:who/WHS3_62,dcid:country/GRD,2019,0.0
dcs:who/WHS3_62,dcid:country/GRD,1981,9.0
dcs:who/WHS3_62,dcid:country/GRD,2013,0.0
dcs:who/WHS3_62,dcid:country/GRD,1997,0.0
dcs:who/WHS3_62,dcid:country/GRD,1983,268.0
dcs:who/WHS3_62,dcid:country/GRD,2022,0.0
dcs:who/WHS3_62,dcid:country/GRD,1998,0.0
dcs:who/WHS3_62,dcid:country/GTM,2004,0.0
dcs:who/WHS3_62,dcid:country/GTM,2007,0.0
dcs:who/WHS3_62,dcid:country/GTM,1986,1650.0
dcs:who/WHS3_62,dcid:country/GTM,2018,1.0
dcs:who/WHS3_62,dcid:country/GTM,2000,0.0
dcs:who/WHS3_62,dcid:country/GTM,2009,0.0
dcs:who/WHS3_62,dcid:country/GTM,2011,0.0
dcs:who/WHS3_62,dcid:country/GTM,1997,8.0
dcs:who/WHS3_62,dcid:country/GTM,2008,0.0
dcs:who/WHS3_62,dcid:country/GTM,1984,3072.0
dcs:who/WHS3_62,dcid:country/GTM,1990,8802.0
dcs:who/WHS3_62,dcid:country/GTM,2005,0.0
dcs:who/WHS3_62,dcid:country/GTM,1996,1.0
dcs:who/WHS3_62,dcid:country/GTM,2003,0.0
dcs:who/WHS3_62,dcid:country/GTM,1983,2762.0
dcs:who/WHS3_62,dcid:country/GTM,2023,0.0
dcs:who/WHS3_62,dcid:country/GTM,2022,0.0
dcs:who/WHS3_62,dcid:country/GTM,1985,2272.0
dcs:who/WHS3_62,dcid:country/GTM,2019,0.0
dcs:who/WHS3_62,dcid:country/GTM,1999,0.0
dcs:who/WHS3_62,dcid:country/GTM,2017,0.0
dcs:who/WHS3_62,dcid:country/GTM,2001,0.0
dcs:who/WHS3_62,dcid:country/GTM,1980,2703.0
dcs:who/WHS3_62,dcid:country/GTM,1992,97.0
dcs:who/WHS3_62,dcid:country/GTM,2016,0.0
dcs:who/WHS3_62,dcid:country/GTM,1988,182.0
dcs:who/WHS3_62,dcid:country/GTM,2014,0.0
dcs:who/WHS3_62,dcid:country/GTM,1998,1.0
dcs:who/WHS3_62,dcid:country/GTM,2020,0.0
dcs:who/WHS3_62,dcid:country/GTM,2002,0.0
dcs:who/WHS3_62,dcid:country/GTM,1987,400.0
dcs:who/WHS3_62,dcid:country/GTM,1981,3472.0
dcs:who/WHS3_62,dcid:country/GTM,2010,0.0
dcs:who/WHS3_62,dcid:country/GTM,1982,3992.0
dcs:who/WHS3_62,dcid:country/GTM,1994,204.0
dcs:who/WHS3_62,dcid:country/GTM,2013,0.0
dcs:who/WHS3_62,dcid:country/GTM,1993,17.0
dcs:who/WHS3_62,dcid:country/GTM,1989,2413.0
dcs:who/WHS3_62,dcid:country/GTM,2006,0.0
dcs:who/WHS3_62,dcid:country/GTM,2012,0.0
dcs:who/WHS3_62,dcid:country/GTM,1991,209.0
dcs:who/WHS3_62,dcid:country/GTM,1995,23.0
dcs:who/WHS3_62,dcid:country/GTM,2021,0.0
dcs:who/WHS3_62,dcid:country/GTM,2015,0.0
dcs:who/WHS3_62,dcid:country/GUM,2003,7.0
dcs:who/WHS3_62,dcid:country/GUM,1995,0.0
dcs:who/WHS3_62,dcid:country/GUM,2013,0.0
dcs:who/WHS3_62,dcid:country/GUM,1981,6.0
dcs:who/WHS3_62,dcid:country/GUM,2010,0.0
dcs:who/WHS3_62,dcid:country/GUM,1999,1.0
dcs:who/WHS3_62,dcid:country/GUM,1990,1.0
dcs:who/WHS3_62,dcid:country/GUM,2012,0.0
dcs:who/WHS3_62,dcid:country/GUM,1982,9.0
dcs:who/WHS3_62,dcid:country/GUM,1989,3.0
dcs:who/WHS3_62,dcid:country/GUM,1980,7.0
dcs:who/WHS3_62,dcid:country/GUM,2005,0.0
dcs:who/WHS3_62,dcid:country/GUM,1988,2.0
dcs:who/WHS3_62,dcid:country/GUM,1996,0.0
dcs:who/WHS3_62,dcid:country/GUM,2023,0.0
dcs:who/WHS3_62,dcid:country/GUM,2011,1.0
dcs:who/WHS3_62,dcid:country/GUM,2008,0.0
dcs:who/WHS3_62,dcid:country/GUM,1994,228.0
dcs:who/WHS3_62,dcid:country/GUM,1984,104.0
dcs:who/WHS3_62,dcid:country/GUM,1992,4.0
dcs:who/WHS3_62,dcid:country/GUM,2015,0.0
dcs:who/WHS3_62,dcid:country/GUM,2016,0.0
dcs:who/WHS3_62,dcid:country/GUM,2018,0.0
dcs:who/WHS3_62,dcid:country/GUM,2001,0.0
dcs:who/WHS3_62,dcid:country/GUM,2017,0.0
dcs:who/WHS3_62,dcid:country/GUM,2000,0.0
dcs:who/WHS3_62,dcid:country/GUM,2004,2.0
dcs:who/WHS3_62,dcid:country/GUM,2009,0.0
dcs:who/WHS3_62,dcid:country/GUM,1986,6.0
dcs:who/WHS3_62,dcid:country/GUM,1985,12.0
dcs:who/WHS3_62,dcid:country/GUM,2007,0.0
dcs:who/WHS3_62,dcid:country/GUM,1987,2.0
dcs:who/WHS3_62,dcid:country/GUM,1998,0.0
dcs:who/WHS3_62,dcid:country/GUM,2019,0.0
dcs:who/WHS3_62,dcid:country/GUM,1997,0.0
dcs:who/WHS3_62,dcid:country/GUM,1983,3.0
dcs:who/WHS3_62,dcid:country/GUM,1993,25.0
dcs:who/WHS3_62,dcid:country/GUM,1991,62.0
dcs:who/WHS3_62,dcid:country/GUY,1991,12.0
dcs:who/WHS3_62,dcid:country/GUY,2014,0.0
dcs:who/WHS3_62,dcid:country/GUY,2004,0.0
dcs:who/WHS3_62,dcid:country/GUY,2011,0.0
dcs:who/WHS3_62,dcid:country/GUY,2018,0.0
dcs:who/WHS3_62,dcid:country/GUY,2023,0.0
dcs:who/WHS3_62,dcid:country/GUY,2021,0.0
dcs:who/WHS3_62,dcid:country/GUY,1992,0.0
dcs:who/WHS3_62,dcid:country/GUY,1987,22.0
dcs:who/WHS3_62,dcid:country/GUY,2015,0.0
dcs:who/WHS3_62,dcid:country/GUY,1994,0.0
dcs:who/WHS3_62,dcid:country/GUY,1995,0.0
dcs:who/WHS3_62,dcid:country/GUY,2013,0.0
dcs:who/WHS3_62,dcid:country/GUY,1988,917.0
dcs:who/WHS3_62,dcid:country/GUY,2006,0.0
dcs:who/WHS3_62,dcid:country/GUY,1993,0.0
dcs:who/WHS3_62,dcid:country/GUY,2020,0.0
dcs:who/WHS3_62,dcid:country/GUY,1985,87.0
dcs:who/WHS3_62,dcid:country/GUY,1998,0.0
dcs:who/WHS3_62,dcid:country/GUY,1982,41.0
dcs:who/WHS3_62,dcid:country/GUY,1984,294.0
dcs:who/WHS3_62,dcid:country/GUY,2000,0.0
dcs:who/WHS3_62,dcid:country/GUY,2009,0.0
dcs:who/WHS3_62,dcid:country/GUY,1981,7.0
dcs:who/WHS3_62,dcid:country/GUY,2017,0.0
dcs:who/WHS3_62,dcid:country/GUY,1996,0.0
dcs:who/WHS3_62,dcid:country/GUY,1999,0.0
dcs:who/WHS3_62,dcid:country/GUY,2005,0.0
dcs:who/WHS3_62,dcid:country/GUY,2012,0.0
dcs:who/WHS3_62,dcid:country/GUY,2019,0.0
dcs:who/WHS3_62,dcid:country/GUY,2001,0.0
dcs:who/WHS3_62,dcid:country/GUY,1990,1.0
dcs:who/WHS3_62,dcid:country/GUY,2008,0.0
dcs:who/WHS3_62,dcid:country/GUY,1997,0.0
dcs:who/WHS3_62,dcid:country/GUY,2010,0.0
dcs:who/WHS3_62,dcid:country/GUY,2002,0.0
dcs:who/WHS3_62,dcid:country/GUY,2016,0.0
dcs:who/WHS3_62,dcid:country/GUY,1989,11.0
dcs:who/WHS3_62,dcid:country/GUY,2007,0.0
dcs:who/WHS3_62,dcid:country/GUY,2003,0.0
dcs:who/WHS3_62,dcid:country/GUY,1980,464.0
dcs:who/WHS3_62,dcid:country/GUY,1986,15.0
dcs:who/WHS3_62,dcid:country/GUY,1983,20.0
dcs:who/WHS3_62,dcid:country/GUY,2022,0.0
dcs:who/WHS3_62,dcid:country/HKG,1995,33.0
dcs:who/WHS3_62,dcid:country/HKG,1985,280.0
dcs:who/WHS3_62,dcid:country/HKG,1988,3162.0
dcs:who/WHS3_62,dcid:country/HKG,2013,8.0
dcs:who/WHS3_62,dcid:country/HKG,2017,4.0
dcs:who/WHS3_62,dcid:country/HKG,2015,18.0
dcs:who/WHS3_62,dcid:country/HKG,2021,1.0
dcs:who/WHS3_62,dcid:country/HKG,2008,69.0
dcs:who/WHS3_62,dcid:country/HKG,2019,90.0
dcs:who/WHS3_62,dcid:country/HKG,1996,110.0
dcs:who/WHS3_62,dcid:country/HKG,1998,56.0
dcs:who/WHS3_62,dcid:country/HKG,1991,278.0
dcs:who/WHS3_62,dcid:country/HKG,2011,13.0
dcs:who/WHS3_62,dcid:country/HKG,2007,88.0
dcs:who/WHS3_62,dcid:country/HKG,2010,13.0
dcs:who/WHS3_62,dcid:country/HKG,1982,1863.0
dcs:who/WHS3_62,dcid:country/HKG,1981,249.0
dcs:who/WHS3_62,dcid:country/HKG,2003,33.0
dcs:who/WHS3_62,dcid:country/HKG,2000,60.0
dcs:who/WHS3_62,dcid:country/HKG,1994,210.0
dcs:who/WHS3_62,dcid:country/HKG,1999,32.0
dcs:who/WHS3_62,dcid:country/HKG,2016,9.0
dcs:who/WHS3_62,dcid:country/HKG,1980,1669.0
dcs:who/WHS3_62,dcid:country/HKG,2009,22.0
dcs:who/WHS3_62,dcid:country/HKG,1986,215.0
dcs:who/WHS3_62,dcid:country/HKG,2018,17.0
dcs:who/WHS3_62,dcid:country/HKG,1989,139.0
dcs:who/WHS3_62,dcid:country/HKG,1983,888.0
dcs:who/WHS3_62,dcid:country/HKG,2020,1.0
dcs:who/WHS3_62,dcid:country/HKG,2023,4.0
dcs:who/WHS3_62,dcid:country/HKG,1997,318.0
dcs:who/WHS3_62,dcid:country/HKG,1987,194.0
dcs:who/WHS3_62,dcid:country/HKG,1992,329.0
dcs:who/WHS3_62,dcid:country/HKG,2001,179.0
dcs:who/WHS3_62,dcid:country/HKG,2022,3.0
dcs:who/WHS3_62,dcid:country/HKG,1984,678.0
dcs:who/WHS3_62,dcid:country/HKG,2012,8.0
dcs:who/WHS3_62,dcid:country/HKG,1993,29.0
dcs:who/WHS3_62,dcid:country/HKG,1990,48.0
dcs:who/WHS3_62,dcid:country/HND,1999,0.0
dcs:who/WHS3_62,dcid:country/HND,1997,5.0
dcs:who/WHS3_62,dcid:country/HND,2019,0.0
dcs:who/WHS3_62,dcid:country/HND,1988,1155.0
dcs:who/WHS3_62,dcid:country/HND,1989,6353.0
dcs:who/WHS3_62,dcid:country/HND,2014,0.0
dcs:who/WHS3_62,dcid:country/HND,1992,58.0
dcs:who/WHS3_62,dcid:country/HND,2015,0.0
dcs:who/WHS3_62,dcid:country/HND,1994,3.0
dcs:who/WHS3_62,dcid:country/HND,2013,0.0
dcs:who/WHS3_62,dcid:country/HND,1983,1168.0
dcs:who/WHS3_62,dcid:country/HND,1981,5857.0
dcs:who/WHS3_62,dcid:country/HND,2001,0.0
dcs:who/WHS3_62,dcid:country/HND,1980,4188.0
dcs:who/WHS3_62,dcid:country/HND,2004,0.0
dcs:who/WHS3_62,dcid:country/HND,2016,0.0
dcs:who/WHS3_62,dcid:country/HND,1995,0.0
dcs:who/WHS3_62,dcid:country/HND,2010,0.0
dcs:who/WHS3_62,dcid:country/HND,2012,0.0
dcs:who/WHS3_62,dcid:country/HND,2020,0.0
dcs:who/WHS3_62,dcid:country/HND,2018,0.0
dcs:who/WHS3_62,dcid:country/HND,1998,0.0
dcs:who/WHS3_62,dcid:country/HND,2021,0.0
dcs:who/WHS3_62,dcid:country/HND,2000,0.0
dcs:who/WHS3_62,dcid:country/HND,1986,603.0
dcs:who/WHS3_62,dcid:country/HND,1984,5028.0
dcs:who/WHS3_62,dcid:country/HND,1990,8360.0
dcs:who/WHS3_62,dcid:country/HND,1987,1437.0
dcs:who/WHS3_62,dcid:country/HND,2017,0.0
dcs:who/WHS3_62,dcid:country/HND,2008,0.0
dcs:who/WHS3_62,dcid:country/HND,1993,13.0
dcs:who/WHS3_62,dcid:country/HND,2005,0.0
dcs:who/WHS3_62,dcid:country/HND,1985,6476.0
dcs:who/WHS3_62,dcid:country/HND,2002,0.0
dcs:who/WHS3_62,dcid:country/HND,1996,4.0
dcs:who/WHS3_62,dcid:country/HND,1991,95.0
dcs:who/WHS3_62,dcid:country/HND,2006,0.0
dcs:who/WHS3_62,dcid:country/HND,2007,0.0
dcs:who/WHS3_62,dcid:country/HND,2009,0.0
dcs:who/WHS3_62,dcid:country/HND,1982,2446.0
dcs:who/WHS3_62,dcid:country/HND,2011,0.0
dcs:who/WHS3_62,dcid:country/HND,2003,0.0
dcs:who/WHS3_62,dcid:country/HRV,2000,9.0
dcs:who/WHS3_62,dcid:country/HRV,2015,206.0
dcs:who/WHS3_62,dcid:country/HRV,1990,119.0
dcs:who/WHS3_62,dcid:country/HRV,2016,4.0
dcs:who/WHS3_62,dcid:country/HRV,1996,119.0
dcs:who/WHS3_62,dcid:country/HRV,2001,8.0
dcs:who/WHS3_62,dcid:country/HRV,2012,2.0
dcs:who/WHS3_62,dcid:country/HRV,2013,0.0
dcs:who/WHS3_62,dcid:country/HRV,1997,240.0
dcs:who/WHS3_62,dcid:country/HRV,1991,117.0
dcs:who/WHS3_62,dcid:country/HRV,2003,19.0
dcs:who/WHS3_62,dcid:country/HRV,2010,7.0
dcs:who/WHS3_62,dcid:country/HRV,2009,2.0
dcs:who/WHS3_62,dcid:country/HRV,1992,160.0
dcs:who/WHS3_62,dcid:country/HRV,2002,6.0
dcs:who/WHS3_62,dcid:country/HRV,1994,138.0
dcs:who/WHS3_62,dcid:country/HRV,2005,2.0
dcs:who/WHS3_62,dcid:country/HRV,1998,648.0
dcs:who/WHS3_62,dcid:country/HRV,2018,23.0
dcs:who/WHS3_62,dcid:country/HRV,1993,87.0
dcs:who/WHS3_62,dcid:country/HRV,2022,0.0
dcs:who/WHS3_62,dcid:country/HRV,2011,12.0
dcs:who/WHS3_62,dcid:country/HRV,2017,7.0
dcs:who/WHS3_62,dcid:country/HRV,1999,31.0
dcs:who/WHS3_62,dcid:country/HRV,2007,0.0
dcs:who/WHS3_62,dcid:country/HRV,2006,1.0
dcs:who/WHS3_62,dcid:country/HRV,2020,0.0
dcs:who/WHS3_62,dcid:country/HRV,2004,54.0
dcs:who/WHS3_62,dcid:country/HRV,2008,51.0
dcs:who/WHS3_62,dcid:country/HRV,1995,697.0
dcs:who/WHS3_62,dcid:country/HRV,2023,3.0
dcs:who/WHS3_62,dcid:country/HRV,2019,52.0
dcs:who/WHS3_62,dcid:country/HRV,2021,0.0
dcs:who/WHS3_62,dcid:country/HTI,2000,992.0
dcs:who/WHS3_62,dcid:country/HTI,2005,0.0
dcs:who/WHS3_62,dcid:country/HTI,2017,0.0
dcs:who/WHS3_62,dcid:country/HTI,2020,0.0
dcs:who/WHS3_62,dcid:country/HTI,2022,0.0
dcs:who/WHS3_62,dcid:country/HTI,2004,0.0
dcs:who/WHS3_62,dcid:country/HTI,1988,235.0
dcs:who/WHS3_62,dcid:country/HTI,1987,3130.0
dcs:who/WHS3_62,dcid:country/HTI,1998,3.0
dcs:who/WHS3_62,dcid:country/HTI,1985,2111.0
dcs:who/WHS3_62,dcid:country/HTI,2007,0.0
dcs:who/WHS3_62,dcid:country/HTI,1996,1.0
dcs:who/WHS3_62,dcid:country/HTI,2008,0.0
dcs:who/WHS3_62,dcid:country/HTI,1989,580.0
dcs:who/WHS3_62,dcid:country/HTI,2021,0.0
dcs:who/WHS3_62,dcid:country/HTI,2002,0.0
dcs:who/WHS3_62,dcid:country/HTI,2012,0.0
dcs:who/WHS3_62,dcid:country/HTI,2019,0.0
dcs:who/WHS3_62,dcid:country/HTI,2013,0.0
dcs:who/WHS3_62,dcid:country/HTI,2014,0.0
dcs:who/WHS3_62,dcid:country/HTI,1997,0.0
dcs:who/WHS3_62,dcid:country/HTI,2018,0.0
dcs:who/WHS3_62,dcid:country/HTI,2010,0.0
dcs:who/WHS3_62,dcid:country/HTI,2001,159.0
dcs:who/WHS3_62,dcid:country/HTI,1981,2502.0
dcs:who/WHS3_62,dcid:country/HTI,2011,0.0
dcs:who/WHS3_62,dcid:country/HTI,2015,0.0
dcs:who/WHS3_62,dcid:country/HTI,2006,0.0
dcs:who/WHS3_62,dcid:country/HTI,1999,0.0
dcs:who/WHS3_62,dcid:country/HTI,2009,0.0
dcs:who/WHS3_62,dcid:country/HTI,1990,1414.0
dcs:who/WHS3_62,dcid:country/HTI,1984,1681.0
dcs:who/WHS3_62,dcid:country/HTI,1983,869.0
dcs:who/WHS3_62,dcid:country/HTI,1982,1064.0
dcs:who/WHS3_62,dcid:country/HTI,1980,507.0
dcs:who/WHS3_62,dcid:country/HTI,2003,0.0
dcs:who/WHS3_62,dcid:country/HTI,1986,269.0
dcs:who/WHS3_62,dcid:country/HUN,1999,1.0
dcs:who/WHS3_62,dcid:country/HUN,1988,1103.0
dcs:who/WHS3_62,dcid:country/HUN,2008,0.0
dcs:who/WHS3_62,dcid:country/HUN,1981,10573.0
dcs:who/WHS3_62,dcid:country/HUN,1996,12.0
dcs:who/WHS3_62,dcid:country/HUN,1990,29.0
dcs:who/WHS3_62,dcid:country/HUN,2010,0.0
dcs:who/WHS3_62,dcid:country/HUN,1994,11.0
dcs:who/WHS3_62,dcid:country/HUN,2018,14.0
dcs:who/WHS3_62,dcid:country/HUN,2000,1.0
dcs:who/WHS3_62,dcid:country/HUN,2023,1.0
dcs:who/WHS3_62,dcid:country/HUN,1986,17.0
dcs:who/WHS3_62,dcid:country/HUN,1991,16.0
dcs:who/WHS3_62,dcid:country/HUN,2016,0.0
dcs:who/WHS3_62,dcid:country/HUN,2014,0.0
dcs:who/WHS3_62,dcid:country/HUN,1984,98.0
dcs:who/WHS3_62,dcid:country/HUN,1980,1198.0
dcs:who/WHS3_62,dcid:country/HUN,2006,1.0
dcs:who/WHS3_62,dcid:country/HUN,2013,1.0
dcs:who/WHS3_62,dcid:country/HUN,2021,0.0
dcs:who/WHS3_62,dcid:country/HUN,1992,14.0
dcs:who/WHS3_62,dcid:country/HUN,2022,0.0
dcs:who/WHS3_62,dcid:country/HUN,2004,0.0
dcs:who/WHS3_62,dcid:country/HUN,1985,20.0
dcs:who/WHS3_62,dcid:country/HUN,2015,0.0
dcs:who/WHS3_62,dcid:country/HUN,2012,2.0
dcs:who/WHS3_62,dcid:country/HUN,1982,2521.0
dcs:who/WHS3_62,dcid:country/HUN,1995,4.0
dcs:who/WHS3_62,dcid:country/HUN,2020,0.0
dcs:who/WHS3_62,dcid:country/HUN,2003,0.0
dcs:who/WHS3_62,dcid:country/HUN,2007,0.0
dcs:who/WHS3_62,dcid:country/HUN,2011,5.0
dcs:who/WHS3_62,dcid:country/HUN,1997,24.0
dcs:who/WHS3_62,dcid:country/HUN,1983,124.0
dcs:who/WHS3_62,dcid:country/HUN,1987,30.0
dcs:who/WHS3_62,dcid:country/HUN,2009,1.0
dcs:who/WHS3_62,dcid:country/HUN,2019,23.0
dcs:who/WHS3_62,dcid:country/HUN,2005,2.0
dcs:who/WHS3_62,dcid:country/HUN,2001,20.0
dcs:who/WHS3_62,dcid:country/HUN,2002,0.0
dcs:who/WHS3_62,dcid:country/HUN,1993,33.0
dcs:who/WHS3_62,dcid:country/HUN,1998,23.0
dcs:who/WHS3_62,dcid:country/HUN,2017,36.0
dcs:who/WHS3_62,dcid:country/IDN,1986,1136.0
dcs:who/WHS3_62,dcid:country/IDN,1980,28935.0
dcs:who/WHS3_62,dcid:country/IDN,1984,18947.0
dcs:who/WHS3_62,dcid:country/IDN,1998,1034.0
dcs:who/WHS3_62,dcid:country/IDN,1983,4670.0
dcs:who/WHS3_62,dcid:country/IDN,2001,3825.0
dcs:who/WHS3_62,dcid:country/IDN,2003,24457.0
dcs:who/WHS3_62,dcid:country/IDN,2023,18063.0
dcs:who/WHS3_62,dcid:country/IDN,2017,9035.0
dcs:who/WHS3_62,dcid:country/IDN,1999,4767.0
dcs:who/WHS3_62,dcid:country/IDN,1997,15313.0
dcs:who/WHS3_62,dcid:country/IDN,2019,1965.0
dcs:who/WHS3_62,dcid:country/IDN,1992,80580.0
dcs:who/WHS3_62,dcid:country/IDN,2016,6962.0
dcs:who/WHS3_62,dcid:country/IDN,1995,37693.0
dcs:who/WHS3_62,dcid:country/IDN,2005,15853.0
dcs:who/WHS3_62,dcid:country/IDN,2018,5300.0
dcs:who/WHS3_62,dcid:country/IDN,2007,19456.0
dcs:who/WHS3_62,dcid:country/IDN,1985,9458.0
dcs:who/WHS3_62,dcid:country/IDN,1987,395.0
dcs:who/WHS3_62,dcid:country/IDN,2011,21893.0
dcs:who/WHS3_62,dcid:country/IDN,1994,48147.0
dcs:who/WHS3_62,dcid:country/IDN,2014,12943.0
dcs:who/WHS3_62,dcid:country/IDN,1981,33106.0
dcs:who/WHS3_62,dcid:country/IDN,1991,90358.0
dcs:who/WHS3_62,dcid:country/IDN,2022,7704.0
dcs:who/WHS3_62,dcid:country/IDN,2015,15099.0
dcs:who/WHS3_62,dcid:country/IDN,2004,29171.0
dcs:who/WHS3_62,dcid:country/IDN,2012,15489.0
dcs:who/WHS3_62,dcid:country/IDN,2010,18869.0
dcs:who/WHS3_62,dcid:country/IDN,2006,20422.0
dcs:who/WHS3_62,dcid:country/IDN,1988,76446.0
dcs:who/WHS3_62,dcid:country/IDN,1990,92105.0
dcs:who/WHS3_62,dcid:country/IDN,1996,35383.0
dcs:who/WHS3_62,dcid:country/IDN,2009,20818.0
dcs:who/WHS3_62,dcid:country/IDN,2020,524.0
dcs:who/WHS3_62,dcid:country/IDN,2000,3344.0
dcs:who/WHS3_62,dcid:country/IDN,2002,14492.0
dcs:who/WHS3_62,dcid:country/IDN,2013,8419.0
dcs:who/WHS3_62,dcid:country/IDN,2021,394.0
dcs:who/WHS3_62,dcid:country/IDN,2008,15369.0
dcs:who/WHS3_62,dcid:country/IDN,1982,25152.0
dcs:who/WHS3_62,dcid:country/IDN,1993,63751.0
dcs:who/WHS3_62,dcid:country/IDN,1989,229666.0
dcs:who/WHS3_62,dcid:country/IND,2009,56188.0
dcs:who/WHS3_62,dcid:country/IND,2006,64185.0
dcs:who/WHS3_62,dcid:country/IND,1989,165771.0
dcs:who/WHS3_62,dcid:country/IND,2011,33634.0
dcs:who/WHS3_62,dcid:country/IND,1987,252940.0
dcs:who/WHS3_62,dcid:country/IND,2017,12032.0
dcs:who/WHS3_62,dcid:country/IND,2023,65150.0
dcs:who/WHS3_62,dcid:country/IND,2005,36711.0
dcs:who/WHS3_62,dcid:country/IND,1982,146196.0
dcs:who/WHS3_62,dcid:country/IND,1990,89612.0
dcs:who/WHS3_62,dcid:country/IND,1991,77859.0
dcs:who/WHS3_62,dcid:country/IND,1994,50518.0
dcs:who/WHS3_62,dcid:country/IND,2004,55443.0
dcs:who/WHS3_62,dcid:country/IND,1997,61004.0
dcs:who/WHS3_62,dcid:country/IND,1996,47072.0
dcs:who/WHS3_62,dcid:country/IND,1985,161216.0
dcs:who/WHS3_62,dcid:country/IND,1988,161379.0
dcs:who/WHS3_62,dcid:country/IND,1999,21013.0
dcs:who/WHS3_62,dcid:country/IND,2015,30168.0
dcs:who/WHS3_62,dcid:country/IND,1981,202054.0
dcs:who/WHS3_62,dcid:country/IND,1983,129639.0
dcs:who/WHS3_62,dcid:country/IND,2020,5604.0
dcs:who/WHS3_62,dcid:country/IND,1998,33990.0
dcs:who/WHS3_62,dcid:country/IND,2000,38835.0
dcs:who/WHS3_62,dcid:country/IND,1986,155076.0
dcs:who/WHS3_62,dcid:country/IND,2014,26530.0
dcs:who/WHS3_62,dcid:country/IND,1995,37494.0
dcs:who/WHS3_62,dcid:country/IND,2010,31458.0
dcs:who/WHS3_62,dcid:country/IND,2008,44258.0
dcs:who/WHS3_62,dcid:country/IND,2003,47147.0
dcs:who/WHS3_62,dcid:country/IND,2001,51780.0
dcs:who/WHS3_62,dcid:country/IND,1984,190881.0
dcs:who/WHS3_62,dcid:country/IND,1980,114036.0
dcs:who/WHS3_62,dcid:country/IND,2012,3305.0
dcs:who/WHS3_62,dcid:country/IND,1993,50391.0
dcs:who/WHS3_62,dcid:country/IND,2022,40967.0
dcs:who/WHS3_62,dcid:country/IND,2016,17250.0
dcs:who/WHS3_62,dcid:country/IND,2013,8285.0
dcs:who/WHS3_62,dcid:country/IND,2007,41144.0
dcs:who/WHS3_62,dcid:country/IND,2021,5700.0
dcs:who/WHS3_62,dcid:country/IND,2018,19474.0
dcs:who/WHS3_62,dcid:country/IND,2019,10430.0
dcs:who/WHS3_62,dcid:country/IND,2002,40044.0
dcs:who/WHS3_62,dcid:country/IND,1992,71798.0
dcs:who/WHS3_62,dcid:country/IRL,1999,147.0
dcs:who/WHS3_62,dcid:country/IRL,1995,235.0
dcs:who/WHS3_62,dcid:country/IRL,1991,135.0
dcs:who/WHS3_62,dcid:country/IRL,1994,1233.0
dcs:who/WHS3_62,dcid:country/IRL,1983,6180.0
dcs:who/WHS3_62,dcid:country/IRL,2020,15.0
dcs:who/WHS3_62,dcid:country/IRL,2016,43.0
dcs:who/WHS3_62,dcid:country/IRL,2019,65.0
dcs:who/WHS3_62,dcid:country/IRL,2001,241.0
dcs:who/WHS3_62,dcid:country/IRL,1990,556.0
dcs:who/WHS3_62,dcid:country/IRL,2021,0.0
dcs:who/WHS3_62,dcid:country/IRL,2018,76.0
dcs:who/WHS3_62,dcid:country/IRL,1992,179.0
dcs:who/WHS3_62,dcid:country/IRL,2006,87.0
dcs:who/WHS3_62,dcid:country/IRL,1980,1106.0
dcs:who/WHS3_62,dcid:country/IRL,2004,334.0
dcs:who/WHS3_62,dcid:country/IRL,1993,4328.0
dcs:who/WHS3_62,dcid:country/IRL,1986,451.0
dcs:who/WHS3_62,dcid:country/IRL,1987,201.0
dcs:who/WHS3_62,dcid:country/IRL,2009,164.0
dcs:who/WHS3_62,dcid:country/IRL,2014,33.0
dcs:who/WHS3_62,dcid:country/IRL,2015,4.0
dcs:who/WHS3_62,dcid:country/IRL,2023,4.0
dcs:who/WHS3_62,dcid:country/IRL,2007,64.0
dcs:who/WHS3_62,dcid:country/IRL,1981,1075.0
dcs:who/WHS3_62,dcid:country/IRL,2008,57.0
dcs:who/WHS3_62,dcid:country/IRL,1985,9903.0
dcs:who/WHS3_62,dcid:country/IRL,2022,2.0
dcs:who/WHS3_62,dcid:country/IRL,1988,936.0
dcs:who/WHS3_62,dcid:country/IRL,2010,443.0
dcs:who/WHS3_62,dcid:country/IRL,2017,25.0
dcs:who/WHS3_62,dcid:country/IRL,2013,51.0
dcs:who/WHS3_62,dcid:country/IRL,1996,228.0
dcs:who/WHS3_62,dcid:country/IRL,1998,204.0
dcs:who/WHS3_62,dcid:country/IRL,1989,1248.0
dcs:who/WHS3_62,dcid:country/IRL,1997,185.0
dcs:who/WHS3_62,dcid:country/IRL,2012,107.0
dcs:who/WHS3_62,dcid:country/IRL,2003,584.0
dcs:who/WHS3_62,dcid:country/IRL,1984,5725.0
dcs:who/WHS3_62,dcid:country/IRL,2005,95.0
dcs:who/WHS3_62,dcid:country/IRL,1982,1897.0
dcs:who/WHS3_62,dcid:country/IRL,2002,243.0
dcs:who/WHS3_62,dcid:country/IRL,2011,285.0
dcs:who/WHS3_62,dcid:country/IRN,2015,615.0
dcs:who/WHS3_62,dcid:country/IRN,2007,133.0
dcs:who/WHS3_62,dcid:country/IRN,2016,82.0
dcs:who/WHS3_62,dcid:country/IRN,1985,20582.0
dcs:who/WHS3_62,dcid:country/IRN,1996,2329.0
dcs:who/WHS3_62,dcid:country/IRN,2008,127.0
dcs:who/WHS3_62,dcid:country/IRN,2003,11644.0
dcs:who/WHS3_62,dcid:country/IRN,2022,230.0
dcs:who/WHS3_62,dcid:country/IRN,2017,51.0
dcs:who/WHS3_62,dcid:country/IRN,1981,35858.0
dcs:who/WHS3_62,dcid:country/IRN,2004,3.0
dcs:who/WHS3_62,dcid:country/IRN,1982,47719.0
dcs:who/WHS3_62,dcid:country/IRN,2006,220.0
dcs:who/WHS3_62,dcid:country/IRN,1990,5341.0
dcs:who/WHS3_62,dcid:country/IRN,1997,3901.0
dcs:who/WHS3_62,dcid:country/IRN,2013,189.0
dcs:who/WHS3_62,dcid:country/IRN,1988,11559.0
dcs:who/WHS3_62,dcid:country/IRN,2021,103.0
dcs:who/WHS3_62,dcid:country/IRN,2002,9554.0
dcs:who/WHS3_62,dcid:country/IRN,1984,32909.0
dcs:who/WHS3_62,dcid:country/IRN,2014,99.0
dcs:who/WHS3_62,dcid:country/IRN,1995,263.0
dcs:who/WHS3_62,dcid:country/IRN,2018,203.0
dcs:who/WHS3_62,dcid:country/IRN,1992,5028.0
dcs:who/WHS3_62,dcid:country/IRN,1989,5895.0
dcs:who/WHS3_62,dcid:country/IRN,2023,648.0
dcs:who/WHS3_62,dcid:country/IRN,2005,7.0
dcs:who/WHS3_62,dcid:country/IRN,2012,332.0
dcs:who/WHS3_62,dcid:country/IRN,1999,4137.0
dcs:who/WHS3_62,dcid:country/IRN,1994,506.0
dcs:who/WHS3_62,dcid:country/IRN,2011,73.0
dcs:who/WHS3_62,dcid:country/IRN,1980,31130.0
dcs:who/WHS3_62,dcid:country/IRN,2009,262.0
dcs:who/WHS3_62,dcid:country/IRN,2001,9582.0
dcs:who/WHS3_62,dcid:country/IRN,1987,19383.0
dcs:who/WHS3_62,dcid:country/IRN,2020,4.0
dcs:who/WHS3_62,dcid:country/IRN,1993,4616.0
dcs:who/WHS3_62,dcid:country/IRN,1983,43623.0
dcs:who/WHS3_62,dcid:country/IRN,1986,14904.0
dcs:who/WHS3_62,dcid:country/IRN,1998,2869.0
dcs:who/WHS3_62,dcid:country/IRN,2019,20.0
dcs:who/WHS3_62,dcid:country/IRN,1991,6034.0
dcs:who/WHS3_62,dcid:country/IRN,2000,11874.0
dcs:who/WHS3_62,dcid:country/IRN,2010,538.0
dcs:who/WHS3_62,dcid:country/IRQ,1981,64294.0
dcs:who/WHS3_62,dcid:country/IRQ,1982,31564.0
dcs:who/WHS3_62,dcid:country/IRQ,1989,11617.0
dcs:who/WHS3_62,dcid:country/IRQ,1984,38148.0
dcs:who/WHS3_62,dcid:country/IRQ,1995,7650.0
dcs:who/WHS3_62,dcid:country/IRQ,1983,37903.0
dcs:who/WHS3_62,dcid:country/IRQ,1986,10122.0
dcs:who/WHS3_62,dcid:country/IRQ,1996,256.0
dcs:who/WHS3_62,dcid:country/IRQ,1997,708.0
dcs:who/WHS3_62,dcid:country/IRQ,1998,43735.0
dcs:who/WHS3_62,dcid:country/IRQ,1985,22186.0
dcs:who/WHS3_62,dcid:country/IRQ,1980,26542.0
dcs:who/WHS3_62,dcid:country/IRQ,1992,20106.0
dcs:who/WHS3_62,dcid:country/IRQ,1987,7978.0
dcs:who/WHS3_62,dcid:country/IRQ,1988,9284.0
dcs:who/WHS3_62,dcid:country/IRQ,1993,16339.0
dcs:who/WHS3_62,dcid:country/IRQ,1990,3045.0
dcs:who/WHS3_62,dcid:country/IRQ,2023,12331.0
dcs:who/WHS3_62,dcid:country/IRQ,1994,10657.0
dcs:who/WHS3_62,dcid:country/IRQ,2017,41.0
dcs:who/WHS3_62,dcid:country/IRQ,1991,11358.0
dcs:who/WHS3_62,dcid:country/IRQ,2014,1317.0
dcs:who/WHS3_62,dcid:country/IRQ,2010,492.0
dcs:who/WHS3_62,dcid:country/IRQ,2011,15.0
dcs:who/WHS3_62,dcid:country/IRQ,2005,908.0
dcs:who/WHS3_62,dcid:country/IRQ,2001,4088.0
dcs:who/WHS3_62,dcid:country/IRQ,2008,5494.0
dcs:who/WHS3_62,dcid:country/IRQ,2018,489.0
dcs:who/WHS3_62,dcid:country/IRQ,2022,12.0
dcs:who/WHS3_62,dcid:country/IRQ,2004,9081.0
dcs:who/WHS3_62,dcid:country/IRQ,2013,669.0
dcs:who/WHS3_62,dcid:country/IRQ,1999,9920.0
dcs:who/WHS3_62,dcid:country/IRQ,2006,474.0
dcs:who/WHS3_62,dcid:country/IRQ,2016,37.0
dcs:who/WHS3_62,dcid:country/IRQ,2000,726.0
dcs:who/WHS3_62,dcid:country/IRQ,2015,1433.0
dcs:who/WHS3_62,dcid:country/IRQ,2007,230.0
dcs:who/WHS3_62,dcid:country/IRQ,2019,3799.0
dcs:who/WHS3_62,dcid:country/IRQ,2021,197.0
dcs:who/WHS3_62,dcid:country/IRQ,2012,15.0
dcs:who/WHS3_62,dcid:country/IRQ,2009,30328.0
dcs:who/WHS3_62,dcid:country/ISL,2009,0.0
dcs:who/WHS3_62,dcid:country/ISL,1996,1.0
dcs:who/WHS3_62,dcid:country/ISL,1987,14.0
dcs:who/WHS3_62,dcid:country/ISL,1992,8.0
dcs:who/WHS3_62,dcid:country/ISL,2016,1.0
dcs:who/WHS3_62,dcid:country/ISL,2022,0.0
dcs:who/WHS3_62,dcid:country/ISL,1991,10.0
dcs:who/WHS3_62,dcid:country/ISL,2010,0.0
dcs:who/WHS3_62,dcid:country/ISL,2001,0.0
dcs:who/WHS3_62,dcid:country/ISL,2003,0.0
dcs:who/WHS3_62,dcid:country/ISL,1993,8.0
dcs:who/WHS3_62,dcid:country/ISL,1997,1.0
dcs:who/WHS3_62,dcid:country/ISL,1981,24.0
dcs:who/WHS3_62,dcid:country/ISL,2013,0.0
dcs:who/WHS3_62,dcid:country/ISL,1995,2.0
dcs:who/WHS3_62,dcid:country/ISL,1990,14.0
dcs:who/WHS3_62,dcid:country/ISL,1982,14.0
dcs:who/WHS3_62,dcid:country/ISL,2006,0.0
dcs:who/WHS3_62,dcid:country/ISL,2004,0.0
dcs:who/WHS3_62,dcid:country/ISL,1988,11.0
dcs:who/WHS3_62,dcid:country/ISL,2020,0.0
dcs:who/WHS3_62,dcid:country/ISL,2008,0.0
dcs:who/WHS3_62,dcid:country/ISL,2000,0.0
dcs:who/WHS3_62,dcid:country/ISL,1986,132.0
dcs:who/WHS3_62,dcid:country/ISL,2014,0.0
dcs:who/WHS3_62,dcid:country/ISL,2018,0.0
dcs:who/WHS3_62,dcid:country/ISL,1989,23.0
dcs:who/WHS3_62,dcid:country/ISL,2017,3.0
dcs:who/WHS3_62,dcid:country/ISL,1985,374.0
dcs:who/WHS3_62,dcid:country/ISL,1984,162.0
dcs:who/WHS3_62,dcid:country/ISL,2007,0.0
dcs:who/WHS3_62,dcid:country/ISL,2011,0.0
dcs:who/WHS3_62,dcid:country/ISL,2012,0.0
dcs:who/WHS3_62,dcid:country/ISL,1983,39.0
dcs:who/WHS3_62,dcid:country/ISL,1994,7.0
dcs:who/WHS3_62,dcid:country/ISL,2019,9.0
dcs:who/WHS3_62,dcid:country/ISL,2021,0.0
dcs:who/WHS3_62,dcid:country/ISL,2015,0.0
dcs:who/WHS3_62,dcid:country/ISL,2005,0.0
dcs:who/WHS3_62,dcid:country/ISL,2023,0.0
dcs:who/WHS3_62,dcid:country/ISL,1980,13.0
dcs:who/WHS3_62,dcid:country/ISR,1988,194.0
dcs:who/WHS3_62,dcid:country/ISR,1995,22.0
dcs:who/WHS3_62,dcid:country/ISR,2021,0.0
dcs:who/WHS3_62,dcid:country/ISR,2010,23.0
dcs:who/WHS3_62,dcid:country/ISR,2015,80.0
dcs:who/WHS3_62,dcid:country/ISR,1984,137.0
dcs:who/WHS3_62,dcid:country/ISR,2001,19.0
dcs:who/WHS3_62,dcid:country/ISR,2000,36.0
dcs:who/WHS3_62,dcid:country/ISR,1996,19.0
dcs:who/WHS3_62,dcid:country/ISR,2005,2.0
dcs:who/WHS3_62,dcid:country/ISR,2009,5.0
dcs:who/WHS3_62,dcid:country/ISR,1999,14.0
dcs:who/WHS3_62,dcid:country/ISR,2016,8.0
dcs:who/WHS3_62,dcid:country/ISR,1992,66.0
dcs:who/WHS3_62,dcid:country/ISR,2019,1139.0
dcs:who/WHS3_62,dcid:country/ISR,1998,8.0
dcs:who/WHS3_62,dcid:country/ISR,2004,116.0
dcs:who/WHS3_62,dcid:country/ISR,1985,3005.0
dcs:who/WHS3_62,dcid:country/ISR,1980,215.0
dcs:who/WHS3_62,dcid:country/ISR,2007,539.0
dcs:who/WHS3_62,dcid:country/ISR,1991,991.0
dcs:who/WHS3_62,dcid:country/ISR,1993,141.0
dcs:who/WHS3_62,dcid:country/ISR,2018,3177.0
dcs:who/WHS3_62,dcid:country/ISR,1987,438.0
dcs:who/WHS3_62,dcid:country/ISR,2014,6.0
dcs:who/WHS3_62,dcid:country/ISR,1990,230.0
dcs:who/WHS3_62,dcid:country/ISR,2003,124.0
dcs:who/WHS3_62,dcid:country/ISR,2017,42.0
dcs:who/WHS3_62,dcid:country/ISR,2013,50.0
dcs:who/WHS3_62,dcid:country/ISR,2012,211.0
dcs:who/WHS3_62,dcid:country/ISR,1983,129.0
dcs:who/WHS3_62,dcid:country/ISR,2011,70.0
dcs:who/WHS3_62,dcid:country/ISR,1981,228.0
dcs:who/WHS3_62,dcid:country/ISR,1994,1555.0
dcs:who/WHS3_62,dcid:country/ISR,1982,7864.0
dcs:who/WHS3_62,dcid:country/ISR,2020,6.0
dcs:who/WHS3_62,dcid:country/ISR,2008,931.0
dcs:who/WHS3_62,dcid:country/ISR,1997,12.0
dcs:who/WHS3_62,dcid:country/ISR,2006,9.0
dcs:who/WHS3_62,dcid:country/ISR,1989,29.0
dcs:who/WHS3_62,dcid:country/ISR,1986,1951.0
dcs:who/WHS3_62,dcid:country/ISR,2002,2.0
dcs:who/WHS3_62,dcid:country/ITA,1998,4072.0
dcs:who/WHS3_62,dcid:country/ITA,2004,599.0
dcs:who/WHS3_62,dcid:country/ITA,1982,18423.0
dcs:who/WHS3_62,dcid:country/ITA,2008,1617.0
dcs:who/WHS3_62,dcid:country/ITA,2006,439.0
dcs:who/WHS3_62,dcid:country/ITA,2021,9.0
dcs:who/WHS3_62,dcid:country/ITA,1987,20627.0
dcs:who/WHS3_62,dcid:country/ITA,1991,23458.0
dcs:who/WHS3_62,dcid:country/ITA,1984,77149.0
dcs:who/WHS3_62,dcid:country/ITA,2002,9385.0
dcs:who/WHS3_62,dcid:country/ITA,1988,92188.0
dcs:who/WHS3_62,dcid:country/ITA,2012,376.0
dcs:who/WHS3_62,dcid:country/ITA,1999,2908.0
dcs:who/WHS3_62,dcid:country/ITA,1996,32596.0
dcs:who/WHS3_62,dcid:country/ITA,2020,103.0
dcs:who/WHS3_62,dcid:country/ITA,1992,65013.0
dcs:who/WHS3_62,dcid:country/ITA,1985,75040.0
dcs:who/WHS3_62,dcid:country/ITA,2010,372.0
dcs:who/WHS3_62,dcid:country/ITA,2011,5189.0
dcs:who/WHS3_62,dcid:country/ITA,2019,1623.0
dcs:who/WHS3_62,dcid:country/ITA,1983,26371.0
dcs:who/WHS3_62,dcid:country/ITA,2003,10982.0
dcs:who/WHS3_62,dcid:country/ITA,1995,37131.0
dcs:who/WHS3_62,dcid:country/ITA,2007,321.0
dcs:who/WHS3_62,dcid:country/ITA,2022,15.0
dcs:who/WHS3_62,dcid:country/ITA,1981,71239.0
dcs:who/WHS3_62,dcid:country/ITA,2018,2682.0
dcs:who/WHS3_62,dcid:country/ITA,2015,159.0
dcs:who/WHS3_62,dcid:country/ITA,2000,1457.0
dcs:who/WHS3_62,dcid:country/ITA,2005,135.0
dcs:who/WHS3_62,dcid:country/ITA,2017,4042.0
dcs:who/WHS3_62,dcid:country/ITA,1980,27452.0
dcs:who/WHS3_62,dcid:country/ITA,1993,16890.0
dcs:who/WHS3_62,dcid:country/ITA,1994,6158.0
dcs:who/WHS3_62,dcid:country/ITA,1990,5223.0
dcs:who/WHS3_62,dcid:country/ITA,1997,41254.0
dcs:who/WHS3_62,dcid:country/ITA,1986,21306.0
dcs:who/WHS3_62,dcid:country/ITA,1989,29214.0
dcs:who/WHS3_62,dcid:country/ITA,2009,351.0
dcs:who/WHS3_62,dcid:country/JAM,2022,0.0
dcs:who/WHS3_62,dcid:country/JAM,1989,5726.0
dcs:who/WHS3_62,dcid:country/JAM,2020,0.0
dcs:who/WHS3_62,dcid:country/JAM,2001,0.0
dcs:who/WHS3_62,dcid:country/JAM,1993,0.0
dcs:who/WHS3_62,dcid:country/JAM,1996,4.0
dcs:who/WHS3_62,dcid:country/JAM,2006,0.0
dcs:who/WHS3_62,dcid:country/JAM,1981,5266.0
dcs:who/WHS3_62,dcid:country/JAM,2013,0.0
dcs:who/WHS3_62,dcid:country/JAM,1986,30.0
dcs:who/WHS3_62,dcid:country/JAM,2003,0.0
dcs:who/WHS3_62,dcid:country/JAM,2011,1.0
dcs:who/WHS3_62,dcid:country/JAM,1999,0.0
dcs:who/WHS3_62,dcid:country/JAM,2007,0.0
dcs:who/WHS3_62,dcid:country/JAM,2014,0.0
dcs:who/WHS3_62,dcid:country/JAM,2002,0.0
dcs:who/WHS3_62,dcid:country/JAM,1982,2815.0
dcs:who/WHS3_62,dcid:country/JAM,2005,0.0
dcs:who/WHS3_62,dcid:country/JAM,2017,0.0
dcs:who/WHS3_62,dcid:country/JAM,2010,0.0
dcs:who/WHS3_62,dcid:country/JAM,1980,36.0
dcs:who/WHS3_62,dcid:country/JAM,2018,0.0
dcs:who/WHS3_62,dcid:country/JAM,1988,30.0
dcs:who/WHS3_62,dcid:country/JAM,2000,0.0
dcs:who/WHS3_62,dcid:country/JAM,1983,1164.0
dcs:who/WHS3_62,dcid:country/JAM,1995,15.0
dcs:who/WHS3_62,dcid:country/JAM,2004,0.0
dcs:who/WHS3_62,dcid:country/JAM,2015,0.0
dcs:who/WHS3_62,dcid:country/JAM,1998,2.0
dcs:who/WHS3_62,dcid:country/JAM,1984,236.0
dcs:who/WHS3_62,dcid:country/JAM,2008,2.0
dcs:who/WHS3_62,dcid:country/JAM,2012,0.0
dcs:who/WHS3_62,dcid:country/JAM,2019,0.0
dcs:who/WHS3_62,dcid:country/JAM,2016,0.0
dcs:who/WHS3_62,dcid:country/JAM,1987,37.0
dcs:who/WHS3_62,dcid:country/JAM,2021,0.0
dcs:who/WHS3_62,dcid:country/JAM,2023,0.0
dcs:who/WHS3_62,dcid:country/JAM,1991,308.0
dcs:who/WHS3_62,dcid:country/JAM,1992,0.0
dcs:who/WHS3_62,dcid:country/JAM,1994,0.0
dcs:who/WHS3_62,dcid:country/JAM,1990,3651.0
dcs:who/WHS3_62,dcid:country/JAM,1997,0.0
dcs:who/WHS3_62,dcid:country/JAM,2009,0.0
dcs:who/WHS3_62,dcid:country/JAM,1985,67.0
dcs:who/WHS3_62,dcid:country/JOR,1990,290.0
dcs:who/WHS3_62,dcid:country/JOR,2008,2.0
dcs:who/WHS3_62,dcid:country/JOR,1988,4810.0
dcs:who/WHS3_62,dcid:country/JOR,2020,0.0
dcs:who/WHS3_62,dcid:country/JOR,1981,1174.0
dcs:who/WHS3_62,dcid:country/JOR,2019,48.0
dcs:who/WHS3_62,dcid:country/JOR,2007,41.0
dcs:who/WHS3_62,dcid:country/JOR,2005,28.0
dcs:who/WHS3_62,dcid:country/JOR,2012,3.0
dcs:who/WHS3_62,dcid:country/JOR,2009,0.0
dcs:who/WHS3_62,dcid:country/JOR,1999,115.0
dcs:who/WHS3_62,dcid:country/JOR,1991,143.0
dcs:who/WHS3_62,dcid:country/JOR,1997,7026.0
dcs:who/WHS3_62,dcid:country/JOR,2011,0.0
dcs:who/WHS3_62,dcid:country/JOR,1994,516.0
dcs:who/WHS3_62,dcid:country/JOR,2017,0.0
dcs:who/WHS3_62,dcid:country/JOR,1992,1071.0
dcs:who/WHS3_62,dcid:country/JOR,1986,297.0
dcs:who/WHS3_62,dcid:country/JOR,2016,0.0
dcs:who/WHS3_62,dcid:country/JOR,2000,32.0
dcs:who/WHS3_62,dcid:country/JOR,2003,76.0
dcs:who/WHS3_62,dcid:country/JOR,2006,1.0
dcs:who/WHS3_62,dcid:country/JOR,1985,559.0
dcs:who/WHS3_62,dcid:country/JOR,1998,428.0
dcs:who/WHS3_62,dcid:country/JOR,2018,0.0
dcs:who/WHS3_62,dcid:country/JOR,2001,61.0
dcs:who/WHS3_62,dcid:country/JOR,1995,318.0
dcs:who/WHS3_62,dcid:country/JOR,2022,457.0
dcs:who/WHS3_62,dcid:country/JOR,1984,2592.0
dcs:who/WHS3_62,dcid:country/JOR,1980,552.0
dcs:who/WHS3_62,dcid:country/JOR,1983,183.0
dcs:who/WHS3_62,dcid:country/JOR,1987,1645.0
dcs:who/WHS3_62,dcid:country/JOR,1993,2985.0
dcs:who/WHS3_62,dcid:country/JOR,1989,1397.0
dcs:who/WHS3_62,dcid:country/JOR,2002,19.0
dcs:who/WHS3_62,dcid:country/JOR,2014,20.0
dcs:who/WHS3_62,dcid:country/JOR,2004,21.0
dcs:who/WHS3_62,dcid:country/JOR,1996,448.0
dcs:who/WHS3_62,dcid:country/JOR,1982,1594.0
dcs:who/WHS3_62,dcid:country/JOR,2010,0.0
dcs:who/WHS3_62,dcid:country/JOR,2015,0.0
dcs:who/WHS3_62,dcid:country/JOR,2013,120.0
dcs:who/WHS3_62,dcid:country/JPN,1987,5872.0
dcs:who/WHS3_62,dcid:country/JPN,2018,279.0
dcs:who/WHS3_62,dcid:country/JPN,1990,3259.0
dcs:who/WHS3_62,dcid:country/JPN,2016,165.0
dcs:who/WHS3_62,dcid:country/JPN,2003,8286.0
dcs:who/WHS3_62,dcid:country/JPN,2004,8752.0
dcs:who/WHS3_62,dcid:country/JPN,1996,1640.0
dcs:who/WHS3_62,dcid:country/JPN,2020,12.0
dcs:who/WHS3_62,dcid:country/JPN,1993,2002.0
dcs:who/WHS3_62,dcid:country/JPN,1988,3109.0
dcs:who/WHS3_62,dcid:country/JPN,2011,434.0
dcs:who/WHS3_62,dcid:country/JPN,1998,899.0
dcs:who/WHS3_62,dcid:country/JPN,1980,13219.0
dcs:who/WHS3_62,dcid:country/JPN,1986,6323.0
dcs:who/WHS3_62,dcid:country/JPN,2021,6.0
dcs:who/WHS3_62,dcid:country/JPN,1984,12268.0
dcs:who/WHS3_62,dcid:country/JPN,2002,33812.0
dcs:who/WHS3_62,dcid:country/JPN,2009,741.0
dcs:who/WHS3_62,dcid:country/JPN,2017,187.0
dcs:who/WHS3_62,dcid:country/JPN,1985,2810.0
dcs:who/WHS3_62,dcid:country/JPN,2000,22497.0
dcs:who/WHS3_62,dcid:country/JPN,1991,5452.0
dcs:who/WHS3_62,dcid:country/JPN,2015,35.0
dcs:who/WHS3_62,dcid:country/JPN,1981,21471.0
dcs:who/WHS3_62,dcid:country/JPN,1989,1753.0
dcs:who/WHS3_62,dcid:country/JPN,1982,6716.0
dcs:who/WHS3_62,dcid:country/JPN,2010,450.0
dcs:who/WHS3_62,dcid:country/JPN,2014,462.0
dcs:who/WHS3_62,dcid:country/JPN,2001,22552.0
dcs:who/WHS3_62,dcid:country/JPN,2019,742.0
dcs:who/WHS3_62,dcid:country/JPN,2008,11015.0
dcs:who/WHS3_62,dcid:country/JPN,2013,229.0
dcs:who/WHS3_62,dcid:country/JPN,2012,228.0
dcs:who/WHS3_62,dcid:country/JPN,2006,520.0
dcs:who/WHS3_62,dcid:country/JPN,1983,7281.0
dcs:who/WHS3_62,dcid:country/KAZ,2010,4.0
dcs:who/WHS3_62,dcid:country/KAZ,2022,4.0
dcs:who/WHS3_62,dcid:country/KAZ,1990,273.0
dcs:who/WHS3_62,dcid:country/KAZ,2002,18.0
dcs:who/WHS3_62,dcid:country/KAZ,2007,13.0
dcs:who/WHS3_62,dcid:country/KAZ,2006,109.0
dcs:who/WHS3_62,dcid:country/KAZ,2005,16118.0
dcs:who/WHS3_62,dcid:country/KAZ,2004,2204.0
dcs:who/WHS3_62,dcid:country/KAZ,2015,526.0
dcs:who/WHS3_62,dcid:country/KAZ,2023,15111.0
dcs:who/WHS3_62,dcid:country/KAZ,1991,1425.0
dcs:who/WHS3_62,dcid:country/KAZ,2017,2.0
dcs:who/WHS3_62,dcid:country/KAZ,2012,55.0
dcs:who/WHS3_62,dcid:country/KAZ,1992,647.0
dcs:who/WHS3_62,dcid:country/KAZ,2014,321.0
dcs:who/WHS3_62,dcid:country/KAZ,2021,2.0
dcs:who/WHS3_62,dcid:country/KAZ,1995,284.0
dcs:who/WHS3_62,dcid:country/KAZ,2013,73.0
dcs:who/WHS3_62,dcid:country/KAZ,2003,24.0
dcs:who/WHS3_62,dcid:country/KAZ,2009,0.0
dcs:who/WHS3_62,dcid:country/KAZ,2018,576.0
dcs:who/WHS3_62,dcid:country/KAZ,2020,3270.0
dcs:who/WHS3_62,dcid:country/KAZ,2011,127.0
dcs:who/WHS3_62,dcid:country/KAZ,1999,1391.0
dcs:who/WHS3_62,dcid:country/KAZ,1993,3297.0
dcs:who/WHS3_62,dcid:country/KAZ,2000,245.0
dcs:who/WHS3_62,dcid:country/KAZ,2008,20.0
dcs:who/WHS3_62,dcid:country/KAZ,1997,120.0
dcs:who/WHS3_62,dcid:country/KAZ,2019,13326.0
dcs:who/WHS3_62,dcid:country/KAZ,1994,1788.0
dcs:who/WHS3_62,dcid:country/KAZ,1996,123.0
dcs:who/WHS3_62,dcid:country/KAZ,1998,1935.0
dcs:who/WHS3_62,dcid:country/KAZ,2001,94.0
dcs:who/WHS3_62,dcid:country/KAZ,2016,122.0
dcs:who/WHS3_62,dcid:country/KEN,1986,26199.0
dcs:who/WHS3_62,dcid:country/KEN,1983,285681.0
dcs:who/WHS3_62,dcid:country/KEN,2019,439.0
dcs:who/WHS3_62,dcid:country/KEN,1994,4180.0
dcs:who/WHS3_62,dcid:country/KEN,1988,70200.0
dcs:who/WHS3_62,dcid:country/KEN,2023,896.0
dcs:who/WHS3_62,dcid:country/KEN,1981,257839.0
dcs:who/WHS3_62,dcid:country/KEN,2017,63.0
dcs:who/WHS3_62,dcid:country/KEN,2003,65.0
dcs:who/WHS3_62,dcid:country/KEN,1980,28473.0
dcs:who/WHS3_62,dcid:country/KEN,2011,2395.0
dcs:who/WHS3_62,dcid:country/KEN,2009,1218.0
dcs:who/WHS3_62,dcid:country/KEN,1987,49858.0
dcs:who/WHS3_62,dcid:country/KEN,1998,9262.0
dcs:who/WHS3_62,dcid:country/KEN,1997,3339.0
dcs:who/WHS3_62,dcid:country/KEN,2018,822.0
dcs:who/WHS3_62,dcid:country/KEN,1982,270767.0
dcs:who/WHS3_62,dcid:country/KEN,1999,8601.0
dcs:who/WHS3_62,dcid:country/KEN,1989,86727.0
dcs:who/WHS3_62,dcid:country/KEN,1993,961.0
dcs:who/WHS3_62,dcid:country/KEN,1985,111492.0
dcs:who/WHS3_62,dcid:country/KEN,2021,266.0
dcs:who/WHS3_62,dcid:country/KEN,2007,1516.0
dcs:who/WHS3_62,dcid:country/KEN,1996,3572.0
dcs:who/WHS3_62,dcid:country/KEN,2006,1847.0
dcs:who/WHS3_62,dcid:country/KEN,1991,59937.0
dcs:who/WHS3_62,dcid:country/KEN,1984,200143.0
dcs:who/WHS3_62,dcid:country/KEN,2000,21002.0
dcs:who/WHS3_62,dcid:country/KEN,2014,354.0
dcs:who/WHS3_62,dcid:country/KEN,2005,153.0
dcs:who/WHS3_62,dcid:country/KEN,2002,766.0
dcs:who/WHS3_62,dcid:country/KEN,2016,128.0
dcs:who/WHS3_62,dcid:country/KEN,2020,597.0
dcs:who/WHS3_62,dcid:country/KEN,1990,77072.0
dcs:who/WHS3_62,dcid:country/KEN,2004,20.0
dcs:who/WHS3_62,dcid:country/KEN,2013,190.0
dcs:who/WHS3_62,dcid:country/KEN,1995,3322.0
dcs:who/WHS3_62,dcid:country/KEN,2015,95.0
dcs:who/WHS3_62,dcid:country/KEN,2001,11304.0
dcs:who/WHS3_62,dcid:country/KEN,2010,95.0
dcs:who/WHS3_62,dcid:country/KEN,2022,1774.0
dcs:who/WHS3_62,dcid:country/KEN,1992,65004.0
dcs:who/WHS3_62,dcid:country/KEN,2008,1282.0
dcs:who/WHS3_62,dcid:country/KGZ,1992,815.0
dcs:who/WHS3_62,dcid:country/KGZ,2000,16.0
dcs:who/WHS3_62,dcid:country/KGZ,2012,0.0
dcs:who/WHS3_62,dcid:country/KGZ,2016,0.0
dcs:who/WHS3_62,dcid:country/KGZ,2004,8.0
dcs:who/WHS3_62,dcid:country/KGZ,1997,998.0
dcs:who/WHS3_62,dcid:country/KGZ,1991,824.0
dcs:who/WHS3_62,dcid:country/KGZ,2014,318.0
dcs:who/WHS3_62,dcid:country/KGZ,1993,3825.0
dcs:who/WHS3_62,dcid:country/KGZ,2002,2.0
dcs:who/WHS3_62,dcid:country/KGZ,1996,74.0
dcs:who/WHS3_62,dcid:country/KGZ,1994,168.0
dcs:who/WHS3_62,dcid:country/KGZ,2008,16.0
dcs:who/WHS3_62,dcid:country/KGZ,2021,3.0
dcs:who/WHS3_62,dcid:country/KGZ,2005,53.0
dcs:who/WHS3_62,dcid:country/KGZ,2001,17.0
dcs:who/WHS3_62,dcid:country/KGZ,2007,40.0
dcs:who/WHS3_62,dcid:country/KGZ,2013,1.0
dcs:who/WHS3_62,dcid:country/KGZ,1999,478.0
dcs:who/WHS3_62,dcid:country/KGZ,2006,27.0
dcs:who/WHS3_62,dcid:country/KGZ,2010,0.0
dcs:who/WHS3_62,dcid:country/KGZ,2009,1.0
dcs:who/WHS3_62,dcid:country/KGZ,2018,1007.0
dcs:who/WHS3_62,dcid:country/KGZ,2003,6.0
dcs:who/WHS3_62,dcid:country/KGZ,2019,2380.0
dcs:who/WHS3_62,dcid:country/KGZ,1990,584.0
dcs:who/WHS3_62,dcid:country/KGZ,1998,2397.0
dcs:who/WHS3_62,dcid:country/KGZ,1995,17.0
dcs:who/WHS3_62,dcid:country/KGZ,2023,7046.0
dcs:who/WHS3_62,dcid:country/KGZ,2015,17779.0
dcs:who/WHS3_62,dcid:country/KGZ,2017,5.0
dcs:who/WHS3_62,dcid:country/KGZ,2011,222.0
dcs:who/WHS3_62,dcid:country/KHM,1981,40774.0
dcs:who/WHS3_62,dcid:country/KHM,2019,684.0
dcs:who/WHS3_62,dcid:country/KHM,1987,9281.0
dcs:who/WHS3_62,dcid:country/KHM,2006,188.0
dcs:who/WHS3_62,dcid:country/KHM,1996,2814.0
dcs:who/WHS3_62,dcid:country/KHM,2003,653.0
dcs:who/WHS3_62,dcid:country/KHM,1993,1262.0
dcs:who/WHS3_62,dcid:country/KHM,1983,10368.0
dcs:who/WHS3_62,dcid:country/KHM,2015,0.0
dcs:who/WHS3_62,dcid:country/KHM,1998,1993.0
dcs:who/WHS3_62,dcid:country/KHM,2016,56.0
dcs:who/WHS3_62,dcid:country/KHM,1992,2759.0
dcs:who/WHS3_62,dcid:country/KHM,1980,32240.0
dcs:who/WHS3_62,dcid:country/KHM,2001,3761.0
dcs:who/WHS3_62,dcid:country/KHM,1990,2473.0
dcs:who/WHS3_62,dcid:country/KHM,2013,0.0
dcs:who/WHS3_62,dcid:country/KHM,1991,2186.0
dcs:who/WHS3_62,dcid:country/KHM,2021,5.0
dcs:who/WHS3_62,dcid:country/KHM,2005,264.0
dcs:who/WHS3_62,dcid:country/KHM,1984,38329.0
dcs:who/WHS3_62,dcid:country/KHM,2012,15.0
dcs:who/WHS3_62,dcid:country/KHM,2023,11.0
dcs:who/WHS3_62,dcid:country/KHM,2009,4779.0
dcs:who/WHS3_62,dcid:country/KHM,1986,17219.0
dcs:who/WHS3_62,dcid:country/KHM,1999,13827.0
dcs:who/WHS3_62,dcid:country/KHM,2004,352.0
dcs:who/WHS3_62,dcid:country/KHM,2018,3.0
dcs:who/WHS3_62,dcid:country/KHM,2014,0.0
dcs:who/WHS3_62,dcid:country/KHM,2010,1156.0
dcs:who/WHS3_62,dcid:country/KHM,1988,4934.0
dcs:who/WHS3_62,dcid:country/KHM,1994,946.0
dcs:who/WHS3_62,dcid:country/KHM,2002,1361.0
dcs:who/WHS3_62,dcid:country/KHM,2000,12237.0
dcs:who/WHS3_62,dcid:country/KHM,2017,10.0
dcs:who/WHS3_62,dcid:country/KHM,1995,2038.0
dcs:who/WHS3_62,dcid:country/KHM,2008,4211.0
dcs:who/WHS3_62,dcid:country/KHM,1989,9256.0
dcs:who/WHS3_62,dcid:country/KHM,1985,44557.0
dcs:who/WHS3_62,dcid:country/KHM,2022,13.0
dcs:who/WHS3_62,dcid:country/KHM,2007,394.0
dcs:who/WHS3_62,dcid:country/KHM,2020,379.0
dcs:who/WHS3_62,dcid:country/KHM,2011,722.0
dcs:who/WHS3_62,dcid:country/KHM,1997,3826.0
dcs:who/WHS3_62,dcid:country/KHM,1982,57605.0
dcs:who/WHS3_62,dcid:country/KIR,1995,4.0
dcs:who/WHS3_62,dcid:country/KIR,2013,0.0
dcs:who/WHS3_62,dcid:country/KIR,1986,2.0
dcs:who/WHS3_62,dcid:country/KIR,2005,0.0
dcs:who/WHS3_62,dcid:country/KIR,2017,0.0
dcs:who/WHS3_62,dcid:country/KIR,1981,70.0
dcs:who/WHS3_62,dcid:country/KIR,2020,0.0
dcs:who/WHS3_62,dcid:country/KIR,1982,11.0
dcs:who/WHS3_62,dcid:country/KIR,1988,264.0
dcs:who/WHS3_62,dcid:country/KIR,1984,1417.0
dcs:who/WHS3_62,dcid:country/KIR,1993,114.0
dcs:who/WHS3_62,dcid:country/KIR,1987,22.0
dcs:who/WHS3_62,dcid:country/KIR,2004,0.0
dcs:who/WHS3_62,dcid:country/KIR,2002,0.0
dcs:who/WHS3_62,dcid:country/KIR,1990,30.0
dcs:who/WHS3_62,dcid:country/KIR,1985,2015.0
dcs:who/WHS3_62,dcid:country/KIR,2009,0.0
dcs:who/WHS3_62,dcid:country/KIR,2001,0.0
dcs:who/WHS3_62,dcid:country/KIR,1992,4357.0
dcs:who/WHS3_62,dcid:country/KIR,1999,2.0
dcs:who/WHS3_62,dcid:country/KIR,2014,0.0
dcs:who/WHS3_62,dcid:country/KIR,2021,1.0
dcs:who/WHS3_62,dcid:country/KIR,1989,1612.0
dcs:who/WHS3_62,dcid:country/KIR,2018,0.0
dcs:who/WHS3_62,dcid:country/KIR,1991,8.0
dcs:who/WHS3_62,dcid:country/KIR,1994,292.0
dcs:who/WHS3_62,dcid:country/KIR,2010,0.0
dcs:who/WHS3_62,dcid:country/KIR,2011,0.0
dcs:who/WHS3_62,dcid:country/KIR,1983,0.0
dcs:who/WHS3_62,dcid:country/KIR,1980,170.0
dcs:who/WHS3_62,dcid:country/KIR,2019,3.0
dcs:who/WHS3_62,dcid:country/KIR,1996,13.0
dcs:who/WHS3_62,dcid:country/KIR,2012,0.0
dcs:who/WHS3_62,dcid:country/KIR,2000,0.0
dcs:who/WHS3_62,dcid:country/KIR,2007,0.0
dcs:who/WHS3_62,dcid:country/KIR,2008,0.0
dcs:who/WHS3_62,dcid:country/KIR,1997,25.0
dcs:who/WHS3_62,dcid:country/KIR,1998,355.0
dcs:who/WHS3_62,dcid:country/KNA,2011,0.0
dcs:who/WHS3_62,dcid:country/KNA,2001,0.0
dcs:who/WHS3_62,dcid:country/KNA,2022,0.0
dcs:who/WHS3_62,dcid:country/KNA,2005,0.0
dcs:who/WHS3_62,dcid:country/KNA,1982,138.0
dcs:who/WHS3_62,dcid:country/KNA,1985,27.0
dcs:who/WHS3_62,dcid:country/KNA,1999,0.0
dcs:who/WHS3_62,dcid:country/KNA,1991,0.0
dcs:who/WHS3_62,dcid:country/KNA,1992,0.0
dcs:who/WHS3_62,dcid:country/KNA,1987,21.0
dcs:who/WHS3_62,dcid:country/KNA,2009,0.0
dcs:who/WHS3_62,dcid:country/KNA,1983,556.0
dcs:who/WHS3_62,dcid:country/KNA,2016,0.0
dcs:who/WHS3_62,dcid:country/KNA,2000,0.0
dcs:who/WHS3_62,dcid:country/KNA,1994,0.0
dcs:who/WHS3_62,dcid:country/KNA,1989,12.0
dcs:who/WHS3_62,dcid:country/KNA,2019,0.0
dcs:who/WHS3_62,dcid:country/KNA,2023,0.0
dcs:who/WHS3_62,dcid:country/KNA,2003,0.0
dcs:who/WHS3_62,dcid:country/KNA,2015,0.0
dcs:who/WHS3_62,dcid:country/KNA,1984,2.0
dcs:who/WHS3_62,dcid:country/KNA,1986,22.0
dcs:who/WHS3_62,dcid:country/KNA,1980,305.0
dcs:who/WHS3_62,dcid:country/KNA,2002,0.0
dcs:who/WHS3_62,dcid:country/KNA,2017,0.0
dcs:who/WHS3_62,dcid:country/KNA,2008,0.0
dcs:who/WHS3_62,dcid:country/KNA,1998,0.0
dcs:who/WHS3_62,dcid:country/KNA,1995,1.0
dcs:who/WHS3_62,dcid:country/KNA,2020,0.0
dcs:who/WHS3_62,dcid:country/KNA,1990,80.0
dcs:who/WHS3_62,dcid:country/KNA,2021,0.0
dcs:who/WHS3_62,dcid:country/KNA,1988,12.0
dcs:who/WHS3_62,dcid:country/KNA,1997,0.0
dcs:who/WHS3_62,dcid:country/KNA,2018,0.0
dcs:who/WHS3_62,dcid:country/KNA,2014,0.0
dcs:who/WHS3_62,dcid:country/KNA,2010,0.0
dcs:who/WHS3_62,dcid:country/KNA,2006,0.0
dcs:who/WHS3_62,dcid:country/KNA,2013,0.0
dcs:who/WHS3_62,dcid:country/KNA,1996,0.0
dcs:who/WHS3_62,dcid:country/KNA,2012,0.0
dcs:who/WHS3_62,dcid:country/KNA,1993,0.0
dcs:who/WHS3_62,dcid:country/KNA,2004,0.0
dcs:who/WHS3_62,dcid:country/KNA,2007,0.0
dcs:who/WHS3_62,dcid:country/KNA,1981,52.0
dcs:who/WHS3_62,dcid:country/KOR,1987,1880.0
dcs:who/WHS3_62,dcid:country/KOR,2014,442.0
dcs:who/WHS3_62,dcid:country/KOR,1985,1283.0
dcs:who/WHS3_62,dcid:country/KOR,2020,6.0
dcs:who/WHS3_62,dcid:country/KOR,2008,2.0
dcs:who/WHS3_62,dcid:country/KOR,1994,7883.0
dcs:who/WHS3_62,dcid:country/KOR,2003,33.0
dcs:who/WHS3_62,dcid:country/KOR,2000,32647.0
dcs:who/WHS3_62,dcid:country/KOR,2009,17.0
dcs:who/WHS3_62,dcid:country/KOR,2021,0.0
dcs:who/WHS3_62,dcid:country/KOR,1980,5097.0
dcs:who/WHS3_62,dcid:country/KOR,1989,2394.0
dcs:who/WHS3_62,dcid:country/KOR,1998,4.0
dcs:who/WHS3_62,dcid:country/KOR,2001,23060.0
dcs:who/WHS3_62,dcid:country/KOR,2016,18.0
dcs:who/WHS3_62,dcid:country/KOR,1986,1818.0
dcs:who/WHS3_62,dcid:country/KOR,1995,71.0
dcs:who/WHS3_62,dcid:country/KOR,2005,7.0
dcs:who/WHS3_62,dcid:country/KOR,1997,2.0
dcs:who/WHS3_62,dcid:country/KOR,2023,7.0
dcs:who/WHS3_62,dcid:country/KOR,1983,695.0
dcs:who/WHS3_62,dcid:country/KOR,1996,71.0
dcs:who/WHS3_62,dcid:country/KOR,2004,11.0
dcs:who/WHS3_62,dcid:country/KOR,2017,5.0
dcs:who/WHS3_62,dcid:country/KOR,1981,2307.0
dcs:who/WHS3_62,dcid:country/KOR,2012,2.0
dcs:who/WHS3_62,dcid:country/KOR,2010,114.0
dcs:who/WHS3_62,dcid:country/KOR,2011,42.0
dcs:who/WHS3_62,dcid:country/KOR,2006,28.0
dcs:who/WHS3_62,dcid:country/KOR,1990,3415.0
dcs:who/WHS3_62,dcid:country/KOR,2019,194.0
dcs:who/WHS3_62,dcid:country/KOR,2015,7.0
dcs:who/WHS3_62,dcid:country/KOR,2002,62.0
dcs:who/WHS3_62,dcid:country/KOR,1984,2246.0
dcs:who/WHS3_62,dcid:country/KOR,2007,194.0
dcs:who/WHS3_62,dcid:country/KOR,2013,107.0
dcs:who/WHS3_62,dcid:country/KOR,2018,15.0
dcs:who/WHS3_62,dcid:country/KOR,1982,6776.0
dcs:who/WHS3_62,dcid:country/KOR,1988,1579.0
dcs:who/WHS3_62,dcid:country/KWT,2017,18.0
dcs:who/WHS3_62,dcid:country/KWT,1980,1382.0
dcs:who/WHS3_62,dcid:country/KWT,1987,428.0
dcs:who/WHS3_62,dcid:country/KWT,1998,90.0
dcs:who/WHS3_62,dcid:country/KWT,1990,71.0
dcs:who/WHS3_62,dcid:country/KWT,1997,26.0
dcs:who/WHS3_62,dcid:country/KWT,1981,2595.0
dcs:who/WHS3_62,dcid:country/KWT,2012,27.0
dcs:who/WHS3_62,dcid:country/KWT,1991,165.0
dcs:who/WHS3_62,dcid:country/KWT,2015,18.0
dcs:who/WHS3_62,dcid:country/KWT,2019,12.0
dcs:who/WHS3_62,dcid:country/KWT,1983,1590.0
dcs:who/WHS3_62,dcid:country/KWT,2005,10.0
dcs:who/WHS3_62,dcid:country/KWT,1995,12.0
dcs:who/WHS3_62,dcid:country/KWT,2023,6.0
dcs:who/WHS3_62,dcid:country/KWT,2013,62.0
dcs:who/WHS3_62,dcid:country/KWT,1988,70.0
dcs:who/WHS3_62,dcid:country/KWT,2021,3.0
dcs:who/WHS3_62,dcid:country/KWT,1992,383.0
dcs:who/WHS3_62,dcid:country/KWT,1996,15.0
dcs:who/WHS3_62,dcid:country/KWT,1989,71.0
dcs:who/WHS3_62,dcid:country/KWT,1999,13.0
dcs:who/WHS3_62,dcid:country/KWT,2016,8.0
dcs:who/WHS3_62,dcid:country/KWT,1982,586.0
dcs:who/WHS3_62,dcid:country/KWT,1986,237.0
dcs:who/WHS3_62,dcid:country/KWT,2022,7.0
dcs:who/WHS3_62,dcid:country/KWT,1993,260.0
dcs:who/WHS3_62,dcid:country/KWT,2011,32.0
dcs:who/WHS3_62,dcid:country/KWT,2004,23.0
dcs:who/WHS3_62,dcid:country/KWT,2018,42.0
dcs:who/WHS3_62,dcid:country/KWT,2010,13.0
dcs:who/WHS3_62,dcid:country/KWT,2014,55.0
dcs:who/WHS3_62,dcid:country/KWT,2000,6.0
dcs:who/WHS3_62,dcid:country/KWT,1994,432.0
dcs:who/WHS3_62,dcid:country/KWT,1985,2061.0
dcs:who/WHS3_62,dcid:country/KWT,1984,608.0
dcs:who/WHS3_62,dcid:country/LAO,1993,1083.0
dcs:who/WHS3_62,dcid:country/LAO,2009,78.0
dcs:who/WHS3_62,dcid:country/LAO,2007,1678.0
dcs:who/WHS3_62,dcid:country/LAO,2017,3.0
dcs:who/WHS3_62,dcid:country/LAO,2002,2070.0
dcs:who/WHS3_62,dcid:country/LAO,2000,332.0
dcs:who/WHS3_62,dcid:country/LAO,2018,10.0
dcs:who/WHS3_62,dcid:country/LAO,2021,2.0
dcs:who/WHS3_62,dcid:country/LAO,2004,1491.0
dcs:who/WHS3_62,dcid:country/LAO,2011,113.0
dcs:who/WHS3_62,dcid:country/LAO,2016,8.0
dcs:who/WHS3_62,dcid:country/LAO,2003,1810.0
dcs:who/WHS3_62,dcid:country/LAO,1989,2793.0
dcs:who/WHS3_62,dcid:country/LAO,2008,174.0
dcs:who/WHS3_62,dcid:country/LAO,1986,1367.0
dcs:who/WHS3_62,dcid:country/LAO,1980,1380.0
dcs:who/WHS3_62,dcid:country/LAO,2015,56.0
dcs:who/WHS3_62,dcid:country/LAO,2014,339.0
dcs:who/WHS3_62,dcid:country/LAO,1987,2580.0
dcs:who/WHS3_62,dcid:country/LAO,1994,984.0
dcs:who/WHS3_62,dcid:country/LAO,1983,1076.0
dcs:who/WHS3_62,dcid:country/LAO,2005,295.0
dcs:who/WHS3_62,dcid:country/LAO,1992,520.0
dcs:who/WHS3_62,dcid:country/LAO,2006,58.0
dcs:who/WHS3_62,dcid:country/LAO,2020,138.0
dcs:who/WHS3_62,dcid:country/LAO,1990,2168.0
dcs:who/WHS3_62,dcid:country/LAO,1999,2302.0
dcs:who/WHS3_62,dcid:country/LAO,2012,32.0
dcs:who/WHS3_62,dcid:country/LAO,1996,917.0
dcs:who/WHS3_62,dcid:country/LAO,1988,2243.0
dcs:who/WHS3_62,dcid:country/LAO,2022,0.0
dcs:who/WHS3_62,dcid:country/LAO,1985,1492.0
dcs:who/WHS3_62,dcid:country/LAO,2023,2.0
dcs:who/WHS3_62,dcid:country/LAO,1995,3174.0
dcs:who/WHS3_62,dcid:country/LAO,2010,153.0
dcs:who/WHS3_62,dcid:country/LAO,1982,383.0
dcs:who/WHS3_62,dcid:country/LAO,2013,71.0
dcs:who/WHS3_62,dcid:country/LAO,2019,1119.0
dcs:who/WHS3_62,dcid:country/LAO,1997,671.0
dcs:who/WHS3_62,dcid:country/LAO,1984,924.0
dcs:who/WHS3_62,dcid:country/LAO,2001,94.0
dcs:who/WHS3_62,dcid:country/LAO,1991,1400.0
dcs:who/WHS3_62,dcid:country/LAO,1998,4613.0
dcs:who/WHS3_62,dcid:country/LBN,2016,44.0
dcs:who/WHS3_62,dcid:country/LBN,2023,346.0
dcs:who/WHS3_62,dcid:country/LBN,2013,1761.0
dcs:who/WHS3_62,dcid:country/LBN,2005,618.0
dcs:who/WHS3_62,dcid:country/LBN,2019,1047.0
dcs:who/WHS3_62,dcid:country/LBN,2001,8.0
dcs:who/WHS3_62,dcid:country/LBN,2009,22.0
dcs:who/WHS3_62,dcid:country/LBN,2002,36.0
dcs:who/WHS3_62,dcid:country/LBN,2007,373.0
dcs:who/WHS3_62,dcid:country/LBN,1999,8.0
dcs:who/WHS3_62,dcid:country/LBN,2006,956.0
dcs:who/WHS3_62,dcid:country/LBN,2000,5.0
dcs:who/WHS3_62,dcid:country/LBN,2012,9.0
dcs:who/WHS3_62,dcid:country/LBN,2015,39.0
dcs:who/WHS3_62,dcid:country/LBN,2003,526.0
dcs:who/WHS3_62,dcid:country/LBN,2004,213.0
dcs:who/WHS3_62,dcid:country/LBN,1983,266.0
dcs:who/WHS3_62,dcid:country/LBN,1997,134.0
dcs:who/WHS3_62,dcid:country/LBN,1992,13.0
dcs:who/WHS3_62,dcid:country/LBN,2020,15.0
dcs:who/WHS3_62,dcid:country/LBN,2011,9.0
dcs:who/WHS3_62,dcid:country/LBN,2014,112.0
dcs:who/WHS3_62,dcid:country/LBN,1998,966.0
dcs:who/WHS3_62,dcid:country/LBN,2008,24.0
dcs:who/WHS3_62,dcid:country/LBN,1995,3.0
dcs:who/WHS3_62,dcid:country/LBN,2017,126.0
dcs:who/WHS3_62,dcid:country/LBN,2018,944.0
dcs:who/WHS3_62,dcid:country/LBN,1993,396.0
dcs:who/WHS3_62,dcid:country/LBN,1981,3.0
dcs:who/WHS3_62,dcid:country/LBN,1994,51.0
dcs:who/WHS3_62,dcid:country/LBN,1996,2.0
dcs:who/WHS3_62,dcid:country/LBN,2010,12.0
dcs:who/WHS3_62,dcid:country/LBR,2004,4.0
dcs:who/WHS3_62,dcid:country/LBR,1982,6873.0
dcs:who/WHS3_62,dcid:country/LBR,1998,1436.0
dcs:who/WHS3_62,dcid:country/LBR,2019,1203.0
dcs:who/WHS3_62,dcid:country/LBR,1988,2556.0
dcs:who/WHS3_62,dcid:country/LBR,2017,960.0
dcs:who/WHS3_62,dcid:country/LBR,1989,1866.0
dcs:who/WHS3_62,dcid:country/LBR,2018,3781.0
dcs:who/WHS3_62,dcid:country/LBR,1995,56.0
dcs:who/WHS3_62,dcid:country/LBR,2007,1.0
dcs:who/WHS3_62,dcid:country/LBR,1983,4835.0
dcs:who/WHS3_62,dcid:country/LBR,2013,0.0
dcs:who/WHS3_62,dcid:country/LBR,2005,8.0
dcs:who/WHS3_62,dcid:country/LBR,2012,43.0
dcs:who/WHS3_62,dcid:country/LBR,2014,34.0
dcs:who/WHS3_62,dcid:country/LBR,1981,7810.0
dcs:who/WHS3_62,dcid:country/LBR,2003,142.0
dcs:who/WHS3_62,dcid:country/LBR,2011,279.0
dcs:who/WHS3_62,dcid:country/LBR,2000,5977.0
dcs:who/WHS3_62,dcid:country/LBR,1993,6398.0
dcs:who/WHS3_62,dcid:country/LBR,1986,836.0
dcs:who/WHS3_62,dcid:country/LBR,2010,2200.0
dcs:who/WHS3_62,dcid:country/LBR,2001,1379.0
dcs:who/WHS3_62,dcid:country/LBR,1997,2961.0
dcs:who/WHS3_62,dcid:country/LBR,2002,131.0
dcs:who/WHS3_62,dcid:country/LBR,2016,789.0
dcs:who/WHS3_62,dcid:country/LBR,2021,250.0
dcs:who/WHS3_62,dcid:country/LBR,1996,1938.0
dcs:who/WHS3_62,dcid:country/LBR,2009,6.0
dcs:who/WHS3_62,dcid:country/LBR,1999,1679.0
dcs:who/WHS3_62,dcid:country/LBR,1992,5776.0
dcs:who/WHS3_62,dcid:country/LBR,2008,1.0
dcs:who/WHS3_62,dcid:country/LBR,1994,571.0
dcs:who/WHS3_62,dcid:country/LBR,1980,6567.0
dcs:who/WHS3_62,dcid:country/LBR,2006,20.0
dcs:who/WHS3_62,dcid:country/LBR,2020,884.0
dcs:who/WHS3_62,dcid:country/LBR,2015,1060.0
dcs:who/WHS3_62,dcid:country/LBR,1987,2178.0
dcs:who/WHS3_62,dcid:country/LBR,2023,4604.0
dcs:who/WHS3_62,dcid:country/LBR,1985,2686.0
dcs:who/WHS3_62,dcid:country/LBR,1984,6151.0
dcs:who/WHS3_62,dcid:country/LBR,2022,8300.0
dcs:who/WHS3_62,dcid:country/LBY,1985,4193.0
dcs:who/WHS3_62,dcid:country/LBY,1997,26.0
dcs:who/WHS3_62,dcid:country/LBY,1991,1695.0
dcs:who/WHS3_62,dcid:country/LBY,2019,188.0
dcs:who/WHS3_62,dcid:country/LBY,2002,3890.0
dcs:who/WHS3_62,dcid:country/LBY,2014,372.0
dcs:who/WHS3_62,dcid:country/LBY,1989,207.0
dcs:who/WHS3_62,dcid:country/LBY,1980,1547.0
dcs:who/WHS3_62,dcid:country/LBY,2006,1.0
dcs:who/WHS3_62,dcid:country/LBY,2023,257.0
dcs:who/WHS3_62,dcid:country/LBY,1998,50.0
dcs:who/WHS3_62,dcid:country/LBY,2001,633.0
dcs:who/WHS3_62,dcid:country/LBY,2007,59.0
dcs:who/WHS3_62,dcid:country/LBY,2009,329.0
dcs:who/WHS3_62,dcid:country/LBY,2018,1082.0
dcs:who/WHS3_62,dcid:country/LBY,1992,3691.0
dcs:who/WHS3_62,dcid:country/LBY,2017,8.0
dcs:who/WHS3_62,dcid:country/LBY,1983,996.0
dcs:who/WHS3_62,dcid:country/LBY,1987,401.0
dcs:who/WHS3_62,dcid:country/LBY,2015,82.0
dcs:who/WHS3_62,dcid:country/LBY,1994,1127.0
dcs:who/WHS3_62,dcid:country/LBY,1984,2526.0
dcs:who/WHS3_62,dcid:country/LBY,2008,8.0
dcs:who/WHS3_62,dcid:country/LBY,1986,851.0
dcs:who/WHS3_62,dcid:country/LBY,2016,32.0
dcs:who/WHS3_62,dcid:country/LBY,1982,928.0
dcs:who/WHS3_62,dcid:country/LBY,1990,931.0
dcs:who/WHS3_62,dcid:country/LBY,1981,1570.0
dcs:who/WHS3_62,dcid:country/LBY,1993,733.0
dcs:who/WHS3_62,dcid:country/LBY,2005,292.0
dcs:who/WHS3_62,dcid:country/LBY,2004,2771.0
dcs:who/WHS3_62,dcid:country/LBY,2012,320.0
dcs:who/WHS3_62,dcid:country/LBY,2022,32.0
dcs:who/WHS3_62,dcid:country/LBY,1988,316.0
dcs:who/WHS3_62,dcid:country/LCA,2023,0.0
dcs:who/WHS3_62,dcid:country/LCA,2020,0.0
dcs:who/WHS3_62,dcid:country/LCA,1984,13.0
dcs:who/WHS3_62,dcid:country/LCA,2014,0.0
dcs:who/WHS3_62,dcid:country/LCA,2004,0.0
dcs:who/WHS3_62,dcid:country/LCA,2002,0.0
dcs:who/WHS3_62,dcid:country/LCA,2001,0.0
dcs:who/WHS3_62,dcid:country/LCA,2003,0.0
dcs:who/WHS3_62,dcid:country/LCA,1983,71.0
dcs:who/WHS3_62,dcid:country/LCA,2017,0.0
dcs:who/WHS3_62,dcid:country/LCA,2013,0.0
dcs:who/WHS3_62,dcid:country/LCA,1986,32.0
dcs:who/WHS3_62,dcid:country/LCA,2000,0.0
dcs:who/WHS3_62,dcid:country/LCA,1982,2039.0
dcs:who/WHS3_62,dcid:country/LCA,2005,0.0
dcs:who/WHS3_62,dcid:country/LCA,1990,30.0
dcs:who/WHS3_62,dcid:country/LCA,1988,4.0
dcs:who/WHS3_62,dcid:country/LCA,2021,0.0
dcs:who/WHS3_62,dcid:country/LCA,2009,0.0
dcs:who/WHS3_62,dcid:country/LCA,2022,0.0
dcs:who/WHS3_62,dcid:country/LCA,2006,0.0
dcs:who/WHS3_62,dcid:country/LCA,1985,9.0
dcs:who/WHS3_62,dcid:country/LCA,1994,0.0
dcs:who/WHS3_62,dcid:country/LCA,2018,0.0
dcs:who/WHS3_62,dcid:country/LCA,1980,35.0
dcs:who/WHS3_62,dcid:country/LCA,2008,0.0
dcs:who/WHS3_62,dcid:country/LCA,1997,0.0
dcs:who/WHS3_62,dcid:country/LCA,1993,0.0
dcs:who/WHS3_62,dcid:country/LCA,2016,0.0
dcs:who/WHS3_62,dcid:country/LCA,2010,0.0
dcs:who/WHS3_62,dcid:country/LCA,2012,0.0
dcs:who/WHS3_62,dcid:country/LCA,1987,4.0
dcs:who/WHS3_62,dcid:country/LCA,1991,2.0
dcs:who/WHS3_62,dcid:country/LCA,2007,0.0
dcs:who/WHS3_62,dcid:country/LCA,1989,10.0
dcs:who/WHS3_62,dcid:country/LCA,1996,0.0
dcs:who/WHS3_62,dcid:country/LCA,1998,0.0
dcs:who/WHS3_62,dcid:country/LCA,1995,2.0
dcs:who/WHS3_62,dcid:country/LCA,2015,0.0
dcs:who/WHS3_62,dcid:country/LCA,1999,0.0
dcs:who/WHS3_62,dcid:country/LCA,2019,0.0
dcs:who/WHS3_62,dcid:country/LCA,1992,0.0
dcs:who/WHS3_62,dcid:country/LCA,2011,0.0
dcs:who/WHS3_62,dcid:country/LCA,1981,134.0
dcs:who/WHS3_62,dcid:country/LKA,1987,3508.0
dcs:who/WHS3_62,dcid:country/LKA,2020,2.0
dcs:who/WHS3_62,dcid:country/LKA,2014,1686.0
dcs:who/WHS3_62,dcid:country/LKA,2006,0.0
dcs:who/WHS3_62,dcid:country/LKA,2005,3.0
dcs:who/WHS3_62,dcid:country/LKA,1989,780.0
dcs:who/WHS3_62,dcid:country/LKA,1980,5032.0
dcs:who/WHS3_62,dcid:country/LKA,1996,158.0
dcs:who/WHS3_62,dcid:country/LKA,1999,2417.0
dcs:who/WHS3_62,dcid:country/LKA,1988,2630.0
dcs:who/WHS3_62,dcid:country/LKA,2000,16527.0
dcs:who/WHS3_62,dcid:country/LKA,1994,566.0
dcs:who/WHS3_62,dcid:country/LKA,1986,6235.0
dcs:who/WHS3_62,dcid:country/LKA,2001,309.0
dcs:who/WHS3_62,dcid:country/LKA,1985,9398.0
dcs:who/WHS3_62,dcid:country/LKA,2003,65.0
dcs:who/WHS3_62,dcid:country/LKA,1983,8171.0
dcs:who/WHS3_62,dcid:country/LKA,1998,177.0
dcs:who/WHS3_62,dcid:country/LKA,2013,2107.0
dcs:who/WHS3_62,dcid:country/LKA,2019,49.0
dcs:who/WHS3_62,dcid:country/LKA,1991,1896.0
dcs:who/WHS3_62,dcid:country/LKA,2023,810.0
dcs:who/WHS3_62,dcid:country/LKA,2002,139.0
dcs:who/WHS3_62,dcid:country/LKA,2015,1568.0
dcs:who/WHS3_62,dcid:country/LKA,2009,21.0
dcs:who/WHS3_62,dcid:country/LKA,2008,33.0
dcs:who/WHS3_62,dcid:country/LKA,2011,60.0
dcs:who/WHS3_62,dcid:country/LKA,2017,1.0
dcs:who/WHS3_62,dcid:country/LKA,2022,0.0
dcs:who/WHS3_62,dcid:country/LKA,2007,44.0
dcs:who/WHS3_62,dcid:country/LKA,1982,13273.0
dcs:who/WHS3_62,dcid:country/LKA,2012,51.0
dcs:who/WHS3_62,dcid:country/LKA,2010,79.0
dcs:who/WHS3_62,dcid:country/LKA,1997,195.0
dcs:who/WHS3_62,dcid:country/LKA,1990,4004.0
dcs:who/WHS3_62,dcid:country/LKA,2004,35.0
dcs:who/WHS3_62,dcid:country/LKA,1995,408.0
dcs:who/WHS3_62,dcid:country/LKA,1992,701.0
dcs:who/WHS3_62,dcid:country/LKA,1993,558.0
dcs:who/WHS3_62,dcid:country/LKA,2018,1.0
dcs:who/WHS3_62,dcid:country/LKA,1981,6232.0
dcs:who/WHS3_62,dcid:country/LKA,1984,13215.0
dcs:who/WHS3_62,dcid:country/LKA,2016,112.0
dcs:who/WHS3_62,dcid:country/LSO,2003,1.0
dcs:who/WHS3_62,dcid:country/LSO,1985,7362.0
dcs:who/WHS3_62,dcid:country/LSO,1982,6941.0
dcs:who/WHS3_62,dcid:country/LSO,2014,0.0
dcs:who/WHS3_62,dcid:country/LSO,1983,5239.0
dcs:who/WHS3_62,dcid:country/LSO,1988,1797.0
dcs:who/WHS3_62,dcid:country/LSO,2006,1.0
dcs:who/WHS3_62,dcid:country/LSO,2008,0.0
dcs:who/WHS3_62,dcid:country/LSO,1997,0.0
dcs:who/WHS3_62,dcid:country/LSO,2019,464.0
dcs:who/WHS3_62,dcid:country/LSO,2017,0.0
dcs:who/WHS3_62,dcid:country/LSO,2023,17.0
dcs:who/WHS3_62,dcid:country/LSO,2009,0.0
dcs:who/WHS3_62,dcid:country/LSO,1995,304.0
dcs:who/WHS3_62,dcid:country/LSO,1989,1378.0
dcs:who/WHS3_62,dcid:country/LSO,1987,2448.0
dcs:who/WHS3_62,dcid:country/LSO,1980,7935.0
dcs:who/WHS3_62,dcid:country/LSO,2011,172.0
dcs:who/WHS3_62,dcid:country/LSO,2004,31.0
dcs:who/WHS3_62,dcid:country/LSO,2020,39.0
dcs:who/WHS3_62,dcid:country/LSO,2022,3.0
dcs:who/WHS3_62,dcid:country/LSO,2013,516.0
dcs:who/WHS3_62,dcid:country/LSO,1999,944.0
dcs:who/WHS3_62,dcid:country/LSO,2000,660.0
dcs:who/WHS3_62,dcid:country/LSO,2007,2.0
dcs:who/WHS3_62,dcid:country/LSO,1984,5821.0
dcs:who/WHS3_62,dcid:country/LSO,2015,0.0
dcs:who/WHS3_62,dcid:country/LSO,2018,7.0
dcs:who/WHS3_62,dcid:country/LSO,1993,235.0
dcs:who/WHS3_62,dcid:country/LSO,1981,7624.0
dcs:who/WHS3_62,dcid:country/LSO,2016,0.0
dcs:who/WHS3_62,dcid:country/LSO,1992,1816.0
dcs:who/WHS3_62,dcid:country/LSO,2012,179.0
dcs:who/WHS3_62,dcid:country/LSO,2001,217.0
dcs:who/WHS3_62,dcid:country/LSO,1990,2195.0
dcs:who/WHS3_62,dcid:country/LSO,2021,368.0
dcs:who/WHS3_62,dcid:country/LSO,1994,573.0
dcs:who/WHS3_62,dcid:country/LSO,1991,2351.0
dcs:who/WHS3_62,dcid:country/LSO,2010,2488.0
dcs:who/WHS3_62,dcid:country/LSO,1986,4376.0
dcs:who/WHS3_62,dcid:country/LSO,2002,0.0
dcs:who/WHS3_62,dcid:country/LTU,1997,30.0
dcs:who/WHS3_62,dcid:country/LTU,1999,23.0
dcs:who/WHS3_62,dcid:country/LTU,1993,249.0
dcs:who/WHS3_62,dcid:country/LTU,2008,1.0
dcs:who/WHS3_62,dcid:country/LTU,2019,834.0
dcs:who/WHS3_62,dcid:country/LTU,2015,50.0
dcs:who/WHS3_62,dcid:country/LTU,2014,11.0
dcs:who/WHS3_62,dcid:country/LTU,2000,19.0
dcs:who/WHS3_62,dcid:country/LTU,1998,18.0
dcs:who/WHS3_62,dcid:country/LTU,2003,1.0
dcs:who/WHS3_62,dcid:country/LTU,1996,35.0
dcs:who/WHS3_62,dcid:country/LTU,2022,0.0
dcs:who/WHS3_62,dcid:country/LTU,2001,7.0
dcs:who/WHS3_62,dcid:country/LTU,2010,2.0
dcs:who/WHS3_62,dcid:country/LTU,2009,0.0
dcs:who/WHS3_62,dcid:country/LTU,2018,30.0
dcs:who/WHS3_62,dcid:country/LTU,1991,143.0
dcs:who/WHS3_62,dcid:country/LTU,2017,2.0
dcs:who/WHS3_62,dcid:country/LTU,2016,22.0
dcs:who/WHS3_62,dcid:country/LTU,2011,7.0
dcs:who/WHS3_62,dcid:country/LTU,1994,286.0
dcs:who/WHS3_62,dcid:country/LTU,1995,188.0
dcs:who/WHS3_62,dcid:country/LTU,2004,1.0
dcs:who/WHS3_62,dcid:country/LTU,2006,1.0
dcs:who/WHS3_62,dcid:country/LTU,2005,1.0
dcs:who/WHS3_62,dcid:country/LTU,2021,0.0
dcs:who/WHS3_62,dcid:country/LTU,2020,2.0
dcs:who/WHS3_62,dcid:country/LTU,2013,35.0
dcs:who/WHS3_62,dcid:country/LTU,1992,200.0
dcs:who/WHS3_62,dcid:country/LTU,2002,103.0
dcs:who/WHS3_62,dcid:country/LTU,2007,0.0
dcs:who/WHS3_62,dcid:country/LTU,2023,3.0
dcs:who/WHS3_62,dcid:country/LTU,2012,0.0
dcs:who/WHS3_62,dcid:country/LUX,2003,1.0
dcs:who/WHS3_62,dcid:country/LUX,1980,63.0
dcs:who/WHS3_62,dcid:country/LUX,2012,2.0
dcs:who/WHS3_62,dcid:country/LUX,2020,0.0
dcs:who/WHS3_62,dcid:country/LUX,1984,35.0
dcs:who/WHS3_62,dcid:country/LUX,1995,1.0
dcs:who/WHS3_62,dcid:country/LUX,1991,1.0
dcs:who/WHS3_62,dcid:country/LUX,1983,21.0
dcs:who/WHS3_62,dcid:country/LUX,2008,1.0
dcs:who/WHS3_62,dcid:country/LUX,1989,12.0
dcs:who/WHS3_62,dcid:country/LUX,1981,214.0
dcs:who/WHS3_62,dcid:country/LUX,2018,4.0
dcs:who/WHS3_62,dcid:country/LUX,1994,1.0
dcs:who/WHS3_62,dcid:country/LUX,2007,0.0
dcs:who/WHS3_62,dcid:country/LUX,1997,1.0
dcs:who/WHS3_62,dcid:country/LUX,1990,16.0
dcs:who/WHS3_62,dcid:country/LUX,2009,0.0
dcs:who/WHS3_62,dcid:country/LUX,2017,4.0
dcs:who/WHS3_62,dcid:country/LUX,2019,24.0
dcs:who/WHS3_62,dcid:country/LUX,2015,0.0
dcs:who/WHS3_62,dcid:country/LUX,1982,243.0
dcs:who/WHS3_62,dcid:country/LUX,2022,0.0
dcs:who/WHS3_62,dcid:country/LUX,2013,0.0
dcs:who/WHS3_62,dcid:country/LUX,2010,0.0
dcs:who/WHS3_62,dcid:country/LUX,2016,0.0
dcs:who/WHS3_62,dcid:country/LUX,2000,0.0
dcs:who/WHS3_62,dcid:country/LUX,2023,0.0
dcs:who/WHS3_62,dcid:country/LUX,2021,0.0
dcs:who/WHS3_62,dcid:country/LUX,1996,25.0
dcs:who/WHS3_62,dcid:country/LUX,2011,6.0
dcs:who/WHS3_62,dcid:country/LUX,1992,48.0
dcs:who/WHS3_62,dcid:country/LUX,1988,18.0
dcs:who/WHS3_62,dcid:country/LUX,2004,0.0
dcs:who/WHS3_62,dcid:country/LUX,1986,27.0
dcs:who/WHS3_62,dcid:country/LUX,2006,8.0
dcs:who/WHS3_62,dcid:country/LUX,1993,4.0
dcs:who/WHS3_62,dcid:country/LUX,1987,153.0
dcs:who/WHS3_62,dcid:country/LUX,1985,62.0
dcs:who/WHS3_62,dcid:country/LVA,1998,3.0
dcs:who/WHS3_62,dcid:country/LVA,2015,0.0
dcs:who/WHS3_62,dcid:country/LVA,1993,54.0
dcs:who/WHS3_62,dcid:country/LVA,2007,0.0
dcs:who/WHS3_62,dcid:country/LVA,2011,1.0
dcs:who/WHS3_62,dcid:country/LVA,1991,6.0
dcs:who/WHS3_62,dcid:country/LVA,2006,7.0
dcs:who/WHS3_62,dcid:country/LVA,2010,0.0
dcs:who/WHS3_62,dcid:country/LVA,2000,0.0
dcs:who/WHS3_62,dcid:country/LVA,2016,0.0
dcs:who/WHS3_62,dcid:country/LVA,1996,3.0
dcs:who/WHS3_62,dcid:country/LVA,2020,0.0
dcs:who/WHS3_62,dcid:country/LVA,2023,1.0
dcs:who/WHS3_62,dcid:country/LVA,2009,0.0
dcs:who/WHS3_62,dcid:country/LVA,1990,21.0
dcs:who/WHS3_62,dcid:country/LVA,2017,0.0
dcs:who/WHS3_62,dcid:country/LVA,2013,0.0
dcs:who/WHS3_62,dcid:country/LVA,2014,36.0
dcs:who/WHS3_62,dcid:country/LVA,1995,2.0
dcs:who/WHS3_62,dcid:country/LVA,1992,248.0
dcs:who/WHS3_62,dcid:country/LVA,2019,3.0
dcs:who/WHS3_62,dcid:country/LVA,2012,3.0
dcs:who/WHS3_62,dcid:country/LVA,1994,10.0
dcs:who/WHS3_62,dcid:country/LVA,2021,0.0
dcs:who/WHS3_62,dcid:country/LVA,2022,0.0
dcs:who/WHS3_62,dcid:country/LVA,1999,0.0
dcs:who/WHS3_62,dcid:country/LVA,2008,3.0
dcs:who/WHS3_62,dcid:country/LVA,2018,25.0
dcs:who/WHS3_62,dcid:country/LVA,2001,1.0
dcs:who/WHS3_62,dcid:country/LVA,1997,4.0
dcs:who/WHS3_62,dcid:country/LVA,2005,2.0
dcs:who/WHS3_62,dcid:country/LVA,2004,0.0
dcs:who/WHS3_62,dcid:country/MAC,2019,37.0
dcs:who/WHS3_62,dcid:country/MAC,2009,0.0
dcs:who/WHS3_62,dcid:country/MAC,1991,1.0
dcs:who/WHS3_62,dcid:country/MAC,1981,9.0
dcs:who/WHS3_62,dcid:country/MAC,2005,0.0
dcs:who/WHS3_62,dcid:country/MAC,1982,0.0
dcs:who/WHS3_62,dcid:country/MAC,1988,642.0
dcs:who/WHS3_62,dcid:country/MAC,1998,0.0
dcs:who/WHS3_62,dcid:country/MAC,2001,3.0
dcs:who/WHS3_62,dcid:country/MAC,2013,1.0
dcs:who/WHS3_62,dcid:country/MAC,2003,3.0
dcs:who/WHS3_62,dcid:country/MAC,1987,0.0
dcs:who/WHS3_62,dcid:country/MAC,2020,0.0
dcs:who/WHS3_62,dcid:country/MAC,1992,35.0
dcs:who/WHS3_62,dcid:country/MAC,1989,4.0
dcs:who/WHS3_62,dcid:country/MAC,1994,52.0
dcs:who/WHS3_62,dcid:country/MAC,2007,0.0
dcs:who/WHS3_62,dcid:country/MAC,2011,1.0
dcs:who/WHS3_62,dcid:country/MAC,1983,231.0
dcs:who/WHS3_62,dcid:country/MAC,2023,0.0
dcs:who/WHS3_62,dcid:country/MAC,1980,73.0
dcs:who/WHS3_62,dcid:country/MAC,1997,3.0
dcs:who/WHS3_62,dcid:country/MAC,1985,265.0
dcs:who/WHS3_62,dcid:country/MAC,2012,1.0
dcs:who/WHS3_62,dcid:country/MAC,2018,3.0
dcs:who/WHS3_62,dcid:country/MAC,2017,2.0
dcs:who/WHS3_62,dcid:country/MAC,1984,110.0
dcs:who/WHS3_62,dcid:country/MAC,1990,19.0
dcs:who/WHS3_62,dcid:country/MAC,2000,5.0
dcs:who/WHS3_62,dcid:country/MAC,1986,104.0
dcs:who/WHS3_62,dcid:country/MAC,1999,1.0
dcs:who/WHS3_62,dcid:country/MAC,2004,0.0
dcs:who/WHS3_62,dcid:country/MAC,2008,4.0
dcs:who/WHS3_62,dcid:country/MAC,2021,0.0
dcs:who/WHS3_62,dcid:country/MAC,2015,0.0
dcs:who/WHS3_62,dcid:country/MAC,2016,0.0
dcs:who/WHS3_62,dcid:country/MAC,1995,3.0
dcs:who/WHS3_62,dcid:country/MAC,2022,0.0
dcs:who/WHS3_62,dcid:country/MAC,1993,21.0
dcs:who/WHS3_62,dcid:country/MAR,2003,10841.0
dcs:who/WHS3_62,dcid:country/MAR,1994,3512.0
dcs:who/WHS3_62,dcid:country/MAR,1997,2512.0
dcs:who/WHS3_62,dcid:country/MAR,1998,7863.0
dcs:who/WHS3_62,dcid:country/MAR,1999,10853.0
dcs:who/WHS3_62,dcid:country/MAR,2015,17.0
dcs:who/WHS3_62,dcid:country/MAR,2012,668.0
dcs:who/WHS3_62,dcid:country/MAR,1996,1324.0
dcs:who/WHS3_62,dcid:country/MAR,2006,1217.0
dcs:who/WHS3_62,dcid:country/MAR,1993,8431.0
dcs:who/WHS3_62,dcid:country/MAR,1991,2125.0
dcs:who/WHS3_62,dcid:country/MAR,1981,109486.0
dcs:who/WHS3_62,dcid:country/MAR,2018,483.0
dcs:who/WHS3_62,dcid:country/MAR,2011,982.0
dcs:who/WHS3_62,dcid:country/MAR,1983,80806.0
dcs:who/WHS3_62,dcid:country/MAR,2001,2724.0
dcs:who/WHS3_62,dcid:country/MAR,2002,6000.0
dcs:who/WHS3_62,dcid:country/MAR,2010,633.0
dcs:who/WHS3_62,dcid:country/MAR,1992,6008.0
dcs:who/WHS3_62,dcid:country/MAR,1985,4216.0
dcs:who/WHS3_62,dcid:country/MAR,1987,26621.0
dcs:who/WHS3_62,dcid:country/MAR,2004,6399.0
dcs:who/WHS3_62,dcid:country/MAR,1989,1689.0
dcs:who/WHS3_62,dcid:country/MAR,2014,10.0
dcs:who/WHS3_62,dcid:country/MAR,1984,11484.0
dcs:who/WHS3_62,dcid:country/MAR,2007,2248.0
dcs:who/WHS3_62,dcid:country/MAR,2013,92.0
dcs:who/WHS3_62,dcid:country/MAR,1995,2380.0
dcs:who/WHS3_62,dcid:country/MAR,2008,1455.0
dcs:who/WHS3_62,dcid:country/MAR,2000,7368.0
dcs:who/WHS3_62,dcid:country/MAR,2009,834.0
dcs:who/WHS3_62,dcid:country/MAR,1980,86919.0
dcs:who/WHS3_62,dcid:country/MAR,1986,15333.0
dcs:who/WHS3_62,dcid:country/MAR,1988,2306.0
dcs:who/WHS3_62,dcid:country/MAR,1990,1577.0
dcs:who/WHS3_62,dcid:country/MAR,1982,53160.0
dcs:who/WHS3_62,dcid:country/MCO,1990,0.0
dcs:who/WHS3_62,dcid:country/MCO,2018,0.0
dcs:who/WHS3_62,dcid:country/MCO,1988,0.0
dcs:who/WHS3_62,dcid:country/MCO,2021,0.0
dcs:who/WHS3_62,dcid:country/MCO,2017,1.0
dcs:who/WHS3_62,dcid:country/MCO,2023,0.0
dcs:who/WHS3_62,dcid:country/MCO,1986,0.0
dcs:who/WHS3_62,dcid:country/MCO,2019,1.0
dcs:who/WHS3_62,dcid:country/MCO,1983,0.0
dcs:who/WHS3_62,dcid:country/MCO,2003,0.0
dcs:who/WHS3_62,dcid:country/MCO,1998,0.0
dcs:who/WHS3_62,dcid:country/MCO,1985,0.0
dcs:who/WHS3_62,dcid:country/MCO,1984,0.0
dcs:who/WHS3_62,dcid:country/MCO,1982,0.0
dcs:who/WHS3_62,dcid:country/MCO,1992,160.0
dcs:who/WHS3_62,dcid:country/MCO,1987,0.0
dcs:who/WHS3_62,dcid:country/MCO,1989,0.0
dcs:who/WHS3_62,dcid:country/MCO,2012,5.0
dcs:who/WHS3_62,dcid:country/MCO,1981,12.0
dcs:who/WHS3_62,dcid:country/MDA,1995,1174.0
dcs:who/WHS3_62,dcid:country/MDA,2008,0.0
dcs:who/WHS3_62,dcid:country/MDA,1997,364.0
dcs:who/WHS3_62,dcid:country/MDA,2021,0.0
dcs:who/WHS3_62,dcid:country/MDA,2017,0.0
dcs:who/WHS3_62,dcid:country/MDA,2013,27.0
dcs:who/WHS3_62,dcid:country/MDA,2009,0.0
dcs:who/WHS3_62,dcid:country/MDA,2002,4929.0
dcs:who/WHS3_62,dcid:country/MDA,2019,90.0
dcs:who/WHS3_62,dcid:country/MDA,1994,3951.0
dcs:who/WHS3_62,dcid:country/MDA,1999,245.0
dcs:who/WHS3_62,dcid:country/MDA,2003,87.0
dcs:who/WHS3_62,dcid:country/MDA,1993,866.0
dcs:who/WHS3_62,dcid:country/MDA,2010,0.0
dcs:who/WHS3_62,dcid:country/MDA,2004,4.0
dcs:who/WHS3_62,dcid:country/MDA,2007,10.0
dcs:who/WHS3_62,dcid:country/MDA,2023,3.0
dcs:who/WHS3_62,dcid:country/MDA,1996,344.0
dcs:who/WHS3_62,dcid:country/MDA,2014,2.0
dcs:who/WHS3_62,dcid:country/MDA,1998,673.0
dcs:who/WHS3_62,dcid:country/MDA,2015,0.0
dcs:who/WHS3_62,dcid:country/MDA,2012,11.0
dcs:who/WHS3_62,dcid:country/MDA,1992,322.0
dcs:who/WHS3_62,dcid:country/MDA,2000,687.0
dcs:who/WHS3_62,dcid:country/MDA,2018,340.0
dcs:who/WHS3_62,dcid:country/MDA,2001,457.0
dcs:who/WHS3_62,dcid:country/MDA,1990,3242.0
dcs:who/WHS3_62,dcid:country/MDA,2016,0.0
dcs:who/WHS3_62,dcid:country/MDA,2011,0.0
dcs:who/WHS3_62,dcid:country/MDA,2005,6.0
dcs:who/WHS3_62,dcid:country/MDA,1991,621.0
dcs:who/WHS3_62,dcid:country/MDA,2006,34.0
dcs:who/WHS3_62,dcid:country/MDG,1992,1846.0
dcs:who/WHS3_62,dcid:country/MDG,2010,1.0
dcs:who/WHS3_62,dcid:country/MDG,2013,6.0
dcs:who/WHS3_62,dcid:country/MDG,2007,0.0
dcs:who/WHS3_62,dcid:country/MDG,2018,21420.0
dcs:who/WHS3_62,dcid:country/MDG,1986,21546.0
dcs:who/WHS3_62,dcid:country/MDG,2003,62233.0
dcs:who/WHS3_62,dcid:country/MDG,1996,5961.0
dcs:who/WHS3_62,dcid:country/MDG,1983,101925.0
dcs:who/WHS3_62,dcid:country/MDG,1995,11731.0
dcs:who/WHS3_62,dcid:country/MDG,1987,10841.0
dcs:who/WHS3_62,dcid:country/MDG,1984,66894.0
dcs:who/WHS3_62,dcid:country/MDG,2014,3.0
dcs:who/WHS3_62,dcid:country/MDG,2016,5.0
dcs:who/WHS3_62,dcid:country/MDG,2002,10795.0
dcs:who/WHS3_62,dcid:country/MDG,2020,777.0
dcs:who/WHS3_62,dcid:country/MDG,1982,84494.0
dcs:who/WHS3_62,dcid:country/MDG,1981,140653.0
dcs:who/WHS3_62,dcid:country/MDG,2019,213231.0
dcs:who/WHS3_62,dcid:country/MDG,2017,11.0
dcs:who/WHS3_62,dcid:country/MDG,1988,17069.0
dcs:who/WHS3_62,dcid:country/MDG,2009,0.0
dcs:who/WHS3_62,dcid:country/MDG,1998,15510.0
dcs:who/WHS3_62,dcid:country/MDG,2000,35256.0
dcs:who/WHS3_62,dcid:country/MDG,1993,6060.0
dcs:who/WHS3_62,dcid:country/MDG,1991,5824.0
dcs:who/WHS3_62,dcid:country/MDG,2023,355.0
dcs:who/WHS3_62,dcid:country/MDG,2008,3.0
dcs:who/WHS3_62,dcid:country/MDG,1990,14459.0
dcs:who/WHS3_62,dcid:country/MDG,1985,69884.0
dcs:who/WHS3_62,dcid:country/MDG,1997,13865.0
dcs:who/WHS3_62,dcid:country/MDG,2022,80.0
dcs:who/WHS3_62,dcid:country/MDG,2012,2.0
dcs:who/WHS3_62,dcid:country/MDG,2004,35558.0
dcs:who/WHS3_62,dcid:country/MDG,2015,3.0
dcs:who/WHS3_62,dcid:country/MDG,1989,29654.0
dcs:who/WHS3_62,dcid:country/MDG,2021,44.0
dcs:who/WHS3_62,dcid:country/MDG,1999,35196.0
dcs:who/WHS3_62,dcid:country/MDG,1994,14164.0
dcs:who/WHS3_62,dcid:country/MDG,2011,0.0
dcs:who/WHS3_62,dcid:country/MDG,2006,2.0
dcs:who/WHS3_62,dcid:country/MDG,2001,9357.0
dcs:who/WHS3_62,dcid:country/MDG,1980,119679.0
dcs:who/WHS3_62,dcid:country/MDV,1983,0.0
dcs:who/WHS3_62,dcid:country/MDV,1993,61.0
dcs:who/WHS3_62,dcid:country/MDV,1984,0.0
dcs:who/WHS3_62,dcid:country/MDV,2016,0.0
dcs:who/WHS3_62,dcid:country/MDV,1985,2029.0
dcs:who/WHS3_62,dcid:country/MDV,2023,5.0
dcs:who/WHS3_62,dcid:country/MDV,2022,0.0
dcs:who/WHS3_62,dcid:country/MDV,1996,0.0
dcs:who/WHS3_62,dcid:country/MDV,1992,0.0
dcs:who/WHS3_62,dcid:country/MDV,2015,0.0
dcs:who/WHS3_62,dcid:country/MDV,2021,0.0
dcs:who/WHS3_62,dcid:country/MDV,2002,926.0
dcs:who/WHS3_62,dcid:country/MDV,2003,75.0
dcs:who/WHS3_62,dcid:country/MDV,1988,0.0
dcs:who/WHS3_62,dcid:country/MDV,2001,0.0
dcs:who/WHS3_62,dcid:country/MDV,2012,0.0
dcs:who/WHS3_62,dcid:country/MDV,2018,1.0
dcs:who/WHS3_62,dcid:country/MDV,2017,1.0
dcs:who/WHS3_62,dcid:country/MDV,2013,0.0
dcs:who/WHS3_62,dcid:country/MDV,1987,0.0
dcs:who/WHS3_62,dcid:country/MDV,2009,6.0
dcs:who/WHS3_62,dcid:country/MDV,2011,0.0
dcs:who/WHS3_62,dcid:country/MDV,2007,20.0
dcs:who/WHS3_62,dcid:country/MDV,2008,0.0
dcs:who/WHS3_62,dcid:country/MDV,1982,0.0
dcs:who/WHS3_62,dcid:country/MDV,1991,0.0
dcs:who/WHS3_62,dcid:country/MDV,1986,0.0
dcs:who/WHS3_62,dcid:country/MDV,2010,0.0
dcs:who/WHS3_62,dcid:country/MDV,1998,0.0
dcs:who/WHS3_62,dcid:country/MDV,1994,706.0
dcs:who/WHS3_62,dcid:country/MDV,1989,0.0
dcs:who/WHS3_62,dcid:country/MDV,2005,1395.0
dcs:who/WHS3_62,dcid:country/MDV,2014,0.0
dcs:who/WHS3_62,dcid:country/MDV,2000,20.0
dcs:who/WHS3_62,dcid:country/MDV,2019,0.0
dcs:who/WHS3_62,dcid:country/MDV,1995,3070.0
dcs:who/WHS3_62,dcid:country/MDV,1990,0.0
dcs:who/WHS3_62,dcid:country/MDV,2020,15.0
dcs:who/WHS3_62,dcid:country/MDV,2004,37.0
dcs:who/WHS3_62,dcid:country/MDV,1981,1479.0
dcs:who/WHS3_62,dcid:country/MDV,2006,47.0
dcs:who/WHS3_62,dcid:country/MEX,2006,23.0
dcs:who/WHS3_62,dcid:country/MEX,2016,0.0
dcs:who/WHS3_62,dcid:country/MEX,2011,3.0
dcs:who/WHS3_62,dcid:country/MEX,1989,20381.0
dcs:who/WHS3_62,dcid:country/MEX,1997,0.0
dcs:who/WHS3_62,dcid:country/MEX,1983,3368.0
dcs:who/WHS3_62,dcid:country/MEX,1984,5158.0
dcs:who/WHS3_62,dcid:country/MEX,2019,0.0
dcs:who/WHS3_62,dcid:country/MEX,1990,68782.0
dcs:who/WHS3_62,dcid:country/MEX,1982,6364.0
dcs:who/WHS3_62,dcid:country/MEX,1986,9824.0
dcs:who/WHS3_62,dcid:country/MEX,1994,128.0
dcs:who/WHS3_62,dcid:country/MEX,1987,2776.0
dcs:who/WHS3_62,dcid:country/MEX,1985,23826.0
dcs:who/WHS3_62,dcid:country/MEX,2002,0.0
dcs:who/WHS3_62,dcid:country/MEX,2001,3.0
dcs:who/WHS3_62,dcid:country/MEX,2009,0.0
dcs:who/WHS3_62,dcid:country/MEX,2012,0.0
dcs:who/WHS3_62,dcid:country/MEX,1995,244.0
dcs:who/WHS3_62,dcid:country/MEX,2008,0.0
dcs:who/WHS3_62,dcid:country/MEX,1999,0.0
dcs:who/WHS3_62,dcid:country/MEX,2010,0.0
dcs:who/WHS3_62,dcid:country/MEX,1988,3915.0
dcs:who/WHS3_62,dcid:country/MEX,1991,5077.0
dcs:who/WHS3_62,dcid:country/MEX,1993,172.0
dcs:who/WHS3_62,dcid:country/MEX,2013,0.0
dcs:who/WHS3_62,dcid:country/MEX,2004,64.0
dcs:who/WHS3_62,dcid:country/MEX,1996,2.0
dcs:who/WHS3_62,dcid:country/MEX,2017,0.0
dcs:who/WHS3_62,dcid:country/MEX,2022,0.0
dcs:who/WHS3_62,dcid:country/MEX,2018,5.0
dcs:who/WHS3_62,dcid:country/MEX,2015,0.0
dcs:who/WHS3_62,dcid:country/MEX,2014,3.0
dcs:who/WHS3_62,dcid:country/MEX,1981,11136.0
dcs:who/WHS3_62,dcid:country/MEX,2005,6.0
dcs:who/WHS3_62,dcid:country/MEX,2000,30.0
dcs:who/WHS3_62,dcid:country/MEX,1992,533.0
dcs:who/WHS3_62,dcid:country/MEX,2020,196.0
dcs:who/WHS3_62,dcid:country/MEX,2021,0.0
dcs:who/WHS3_62,dcid:country/MEX,2023,0.0
dcs:who/WHS3_62,dcid:country/MEX,2007,0.0
dcs:who/WHS3_62,dcid:country/MEX,1980,29730.0
dcs:who/WHS3_62,dcid:country/MEX,2003,44.0
dcs:who/WHS3_62,dcid:country/MEX,1998,0.0
dcs:who/WHS3_62,dcid:country/MHL,2021,0.0
dcs:who/WHS3_62,dcid:country/MHL,1981,0.0
dcs:who/WHS3_62,dcid:country/MHL,2006,0.0
dcs:who/WHS3_62,dcid:country/MHL,1997,0.0
dcs:who/WHS3_62,dcid:country/MHL,2000,0.0
dcs:who/WHS3_62,dcid:country/MHL,2023,0.0
dcs:who/WHS3_62,dcid:country/MHL,2002,0.0
dcs:who/WHS3_62,dcid:country/MHL,1982,0.0
dcs:who/WHS3_62,dcid:country/MHL,1994,0.0
dcs:who/WHS3_62,dcid:country/MHL,2003,1127.0
dcs:who/WHS3_62,dcid:country/MHL,1996,0.0
dcs:who/WHS3_62,dcid:country/MHL,1985,4.0
dcs:who/WHS3_62,dcid:country/MHL,2001,0.0
dcs:who/WHS3_62,dcid:country/MHL,1986,1.0
dcs:who/WHS3_62,dcid:country/MHL,1992,10.0
dcs:who/WHS3_62,dcid:country/MHL,2010,0.0
dcs:who/WHS3_62,dcid:country/MHL,1984,0.0
dcs:who/WHS3_62,dcid:country/MHL,1999,0.0
dcs:who/WHS3_62,dcid:country/MHL,1998,0.0
dcs:who/WHS3_62,dcid:country/MHL,1989,13.0
dcs:who/WHS3_62,dcid:country/MHL,1990,14.0
dcs:who/WHS3_62,dcid:country/MHL,1983,0.0
dcs:who/WHS3_62,dcid:country/MHL,1987,0.0
dcs:who/WHS3_62,dcid:country/MHL,2009,0.0
dcs:who/WHS3_62,dcid:country/MHL,1993,9.0
dcs:who/WHS3_62,dcid:country/MHL,2011,0.0
dcs:who/WHS3_62,dcid:country/MHL,2005,0.0
dcs:who/WHS3_62,dcid:country/MHL,1980,0.0
dcs:who/WHS3_62,dcid:country/MHL,2012,0.0
dcs:who/WHS3_62,dcid:country/MHL,2004,0.0
dcs:who/WHS3_62,dcid:country/MHL,2007,0.0
dcs:who/WHS3_62,dcid:country/MHL,1991,19.0
dcs:who/WHS3_62,dcid:country/MKD,2000,36.0
dcs:who/WHS3_62,dcid:country/MKD,2020,0.0
dcs:who/WHS3_62,dcid:country/MKD,2019,1337.0
dcs:who/WHS3_62,dcid:country/MKD,2003,18.0
dcs:who/WHS3_62,dcid:country/MKD,2007,1.0
dcs:who/WHS3_62,dcid:country/MKD,1994,229.0
dcs:who/WHS3_62,dcid:country/MKD,2017,19.0
dcs:who/WHS3_62,dcid:country/MKD,1993,2495.0
dcs:who/WHS3_62,dcid:country/MKD,2015,1.0
dcs:who/WHS3_62,dcid:country/MKD,2022,0.0
dcs:who/WHS3_62,dcid:country/MKD,2011,701.0
dcs:who/WHS3_62,dcid:country/MKD,2006,3.0
dcs:who/WHS3_62,dcid:country/MKD,1995,217.0
dcs:who/WHS3_62,dcid:country/MKD,2013,4.0
dcs:who/WHS3_62,dcid:country/MKD,2001,27.0
dcs:who/WHS3_62,dcid:country/MKD,1996,1056.0
dcs:who/WHS3_62,dcid:country/MKD,2004,9.0
dcs:who/WHS3_62,dcid:country/MKD,2018,64.0
dcs:who/WHS3_62,dcid:country/MKD,2016,0.0
dcs:who/WHS3_62,dcid:country/MKD,1999,53.0
dcs:who/WHS3_62,dcid:country/MKD,1991,181.0
dcs:who/WHS3_62,dcid:country/MKD,2009,5.0
dcs:who/WHS3_62,dcid:country/MKD,1992,180.0
dcs:who/WHS3_62,dcid:country/MKD,2012,7.0
dcs:who/WHS3_62,dcid:country/MKD,2005,5.0
dcs:who/WHS3_62,dcid:country/MKD,1997,364.0
dcs:who/WHS3_62,dcid:country/MKD,2023,1.0
dcs:who/WHS3_62,dcid:country/MKD,2021,1.0
dcs:who/WHS3_62,dcid:country/MKD,2008,27.0
dcs:who/WHS3_62,dcid:country/MKD,2002,19.0
dcs:who/WHS3_62,dcid:country/MKD,2010,217.0
dcs:who/WHS3_62,dcid:country/MKD,2014,116.0
dcs:who/WHS3_62,dcid:country/MLI,1992,7830.0
dcs:who/WHS3_62,dcid:country/MLI,1982,16432.0
dcs:who/WHS3_62,dcid:country/MLI,2020,498.0
dcs:who/WHS3_62,dcid:country/MLI,1987,4352.0
dcs:who/WHS3_62,dcid:country/MLI,1984,4494.0
dcs:who/WHS3_62,dcid:country/MLI,2005,33.0
dcs:who/WHS3_62,dcid:country/MLI,2018,499.0
dcs:who/WHS3_62,dcid:country/MLI,1989,3605.0
dcs:who/WHS3_62,dcid:country/MLI,2000,1578.0
dcs:who/WHS3_62,dcid:country/MLI,1997,3531.0
dcs:who/WHS3_62,dcid:country/MLI,2016,107.0
dcs:who/WHS3_62,dcid:country/MLI,1990,1388.0
dcs:who/WHS3_62,dcid:country/MLI,2015,215.0
dcs:who/WHS3_62,dcid:country/MLI,1994,3420.0
dcs:who/WHS3_62,dcid:country/MLI,1980,10007.0
dcs:who/WHS3_62,dcid:country/MLI,2011,24.0
dcs:who/WHS3_62,dcid:country/MLI,1991,13473.0
dcs:who/WHS3_62,dcid:country/MLI,2019,454.0
dcs:who/WHS3_62,dcid:country/MLI,2008,98.0
dcs:who/WHS3_62,dcid:country/MLI,2014,290.0
dcs:who/WHS3_62,dcid:country/MLI,2009,2939.0
dcs:who/WHS3_62,dcid:country/MLI,1995,3306.0
dcs:who/WHS3_62,dcid:country/MLI,2013,221.0
dcs:who/WHS3_62,dcid:country/MLI,2017,26.0
dcs:who/WHS3_62,dcid:country/MLI,2007,2.0
dcs:who/WHS3_62,dcid:country/MLI,1998,10240.0
dcs:who/WHS3_62,dcid:country/MLI,1993,10595.0
dcs:who/WHS3_62,dcid:country/MLI,2021,2074.0
dcs:who/WHS3_62,dcid:country/MLI,2006,128.0
dcs:who/WHS3_62,dcid:country/MLI,1999,2506.0
dcs:who/WHS3_62,dcid:country/MLI,1985,29732.0
dcs:who/WHS3_62,dcid:country/MLI,2001,4464.0
dcs:who/WHS3_62,dcid:country/MLI,2010,1719.0
dcs:who/WHS3_62,dcid:country/MLI,2004,172.0
dcs:who/WHS3_62,dcid:country/MLI,1988,4478.0
dcs:who/WHS3_62,dcid:country/MLI,1986,4669.0
dcs:who/WHS3_62,dcid:country/MLI,1983,8759.0
dcs:who/WHS3_62,dcid:country/MLI,2002,717.0
dcs:who/WHS3_62,dcid:country/MLI,2023,364.0
dcs:who/WHS3_62,dcid:country/MLI,2003,232.0
dcs:who/WHS3_62,dcid:country/MLI,1996,10995.0
dcs:who/WHS3_62,dcid:country/MLI,1981,8413.0
dcs:who/WHS3_62,dcid:country/MLI,2012,341.0
dcs:who/WHS3_62,dcid:country/MLI,2022,765.0
dcs:who/WHS3_62,dcid:country/MLT,2015,2.0
dcs:who/WHS3_62,dcid:country/MLT,2022,0.0
dcs:who/WHS3_62,dcid:country/MLT,1986,1844.0
dcs:who/WHS3_62,dcid:country/MLT,2009,1.0
dcs:who/WHS3_62,dcid:country/MLT,1999,1.0
dcs:who/WHS3_62,dcid:country/MLT,2023,0.0
dcs:who/WHS3_62,dcid:country/MLT,2005,6.0
dcs:who/WHS3_62,dcid:country/MLT,1993,3.0
dcs:who/WHS3_62,dcid:country/MLT,1988,17.0
dcs:who/WHS3_62,dcid:country/MLT,2011,3.0
dcs:who/WHS3_62,dcid:country/MLT,2010,0.0
dcs:who/WHS3_62,dcid:country/MLT,1991,8.0
dcs:who/WHS3_62,dcid:country/MLT,1996,16.0
dcs:who/WHS3_62,dcid:country/MLT,2014,0.0
dcs:who/WHS3_62,dcid:country/MLT,2019,30.0
dcs:who/WHS3_62,dcid:country/MLT,1992,43.0
dcs:who/WHS3_62,dcid:country/MLT,2004,4.0
dcs:who/WHS3_62,dcid:country/MLT,1980,14.0
dcs:who/WHS3_62,dcid:country/MLT,1982,1530.0
dcs:who/WHS3_62,dcid:country/MLT,2003,4.0
dcs:who/WHS3_62,dcid:country/MLT,2018,6.0
dcs:who/WHS3_62,dcid:country/MLT,2002,7.0
dcs:who/WHS3_62,dcid:country/MLT,1997,5.0
dcs:who/WHS3_62,dcid:country/MLT,2001,2.0
dcs:who/WHS3_62,dcid:country/MLT,1995,27.0
dcs:who/WHS3_62,dcid:country/MLT,1990,6.0
dcs:who/WHS3_62,dcid:country/MLT,1987,46.0
dcs:who/WHS3_62,dcid:country/MLT,2008,1.0
dcs:who/WHS3_62,dcid:country/MLT,2007,2.0
dcs:who/WHS3_62,dcid:country/MLT,2017,0.0
dcs:who/WHS3_62,dcid:country/MLT,1994,8.0
dcs:who/WHS3_62,dcid:country/MLT,2000,2.0
dcs:who/WHS3_62,dcid:country/MLT,1989,17.0
dcs:who/WHS3_62,dcid:country/MLT,1984,58.0
dcs:who/WHS3_62,dcid:country/MLT,2021,1.0
dcs:who/WHS3_62,dcid:country/MLT,1983,620.0
dcs:who/WHS3_62,dcid:country/MLT,2006,1.0
dcs:who/WHS3_62,dcid:country/MLT,2020,2.0
dcs:who/WHS3_62,dcid:country/MLT,1998,3.0
dcs:who/WHS3_62,dcid:country/MLT,2016,0.0
dcs:who/WHS3_62,dcid:country/MLT,1981,121.0
dcs:who/WHS3_62,dcid:country/MLT,1985,175.0
dcs:who/WHS3_62,dcid:country/MMR,1995,1170.0
dcs:who/WHS3_62,dcid:country/MMR,2004,1329.0
dcs:who/WHS3_62,dcid:country/MMR,2013,1010.0
dcs:who/WHS3_62,dcid:country/MMR,2003,830.0
dcs:who/WHS3_62,dcid:country/MMR,2020,444.0
dcs:who/WHS3_62,dcid:country/MMR,2012,2175.0
dcs:who/WHS3_62,dcid:country/MMR,2022,10.0
dcs:who/WHS3_62,dcid:country/MMR,1998,1465.0
dcs:who/WHS3_62,dcid:country/MMR,1999,791.0
dcs:who/WHS3_62,dcid:country/MMR,1997,1035.0
dcs:who/WHS3_62,dcid:country/MMR,1985,16386.0
dcs:who/WHS3_62,dcid:country/MMR,2000,845.0
dcs:who/WHS3_62,dcid:country/MMR,1987,5540.0
dcs:who/WHS3_62,dcid:country/MMR,1982,25102.0
dcs:who/WHS3_62,dcid:country/MMR,1980,21457.0
dcs:who/WHS3_62,dcid:country/MMR,1996,1684.0
dcs:who/WHS3_62,dcid:country/MMR,2005,314.0
dcs:who/WHS3_62,dcid:country/MMR,1994,1855.0
dcs:who/WHS3_62,dcid:country/MMR,1989,3883.0
dcs:who/WHS3_62,dcid:country/MMR,1988,4323.0
dcs:who/WHS3_62,dcid:country/MMR,2017,1293.0
dcs:who/WHS3_62,dcid:country/MMR,2001,2519.0
dcs:who/WHS3_62,dcid:country/MMR,2014,122.0
dcs:who/WHS3_62,dcid:country/MMR,2016,266.0
dcs:who/WHS3_62,dcid:country/MMR,2011,2046.0
dcs:who/WHS3_62,dcid:country/MMR,1983,18919.0
dcs:who/WHS3_62,dcid:country/MMR,2010,190.0
dcs:who/WHS3_62,dcid:country/MMR,2019,5252.0
dcs:who/WHS3_62,dcid:country/MMR,2018,1389.0
dcs:who/WHS3_62,dcid:country/MMR,1991,4437.0
dcs:who/WHS3_62,dcid:country/MMR,2006,760.0
dcs:who/WHS3_62,dcid:country/MMR,1984,16580.0
dcs:who/WHS3_62,dcid:country/MMR,2009,329.0
dcs:who/WHS3_62,dcid:country/MMR,2008,333.0
dcs:who/WHS3_62,dcid:country/MMR,1992,1794.0
dcs:who/WHS3_62,dcid:country/MMR,1981,26821.0
dcs:who/WHS3_62,dcid:country/MMR,1990,7900.0
dcs:who/WHS3_62,dcid:country/MMR,2015,6.0
dcs:who/WHS3_62,dcid:country/MMR,2002,736.0
dcs:who/WHS3_62,dcid:country/MMR,2023,15.0
dcs:who/WHS3_62,dcid:country/MMR,2021,8.0
dcs:who/WHS3_62,dcid:country/MMR,1993,2682.0
dcs:who/WHS3_62,dcid:country/MMR,2007,1088.0
dcs:who/WHS3_62,dcid:country/MMR,1986,3830.0
dcs:who/WHS3_62,dcid:country/MNE,2007,0.0
dcs:who/WHS3_62,dcid:country/MNE,2016,0.0
dcs:who/WHS3_62,dcid:country/MNE,2006,0.0
dcs:who/WHS3_62,dcid:country/MNE,2019,0.0
dcs:who/WHS3_62,dcid:country/MNE,2021,0.0
dcs:who/WHS3_62,dcid:country/MNE,2010,5.0
dcs:who/WHS3_62,dcid:country/MNE,2023,0.0
dcs:who/WHS3_62,dcid:country/MNE,2017,0.0
dcs:who/WHS3_62,dcid:country/MNE,2018,200.0
dcs:who/WHS3_62,dcid:country/MNE,2011,5.0
dcs:who/WHS3_62,dcid:country/MNE,2013,0.0
dcs:who/WHS3_62,dcid:country/MNE,2012,0.0
dcs:who/WHS3_62,dcid:country/MNE,2009,0.0
dcs:who/WHS3_62,dcid:country/MNE,2022,0.0
dcs:who/WHS3_62,dcid:country/MNE,2008,0.0
dcs:who/WHS3_62,dcid:country/MNG,1990,296.0
dcs:who/WHS3_62,dcid:country/MNG,2002,1205.0
dcs:who/WHS3_62,dcid:country/MNG,2016,30273.0
dcs:who/WHS3_62,dcid:country/MNG,2022,46.0
dcs:who/WHS3_62,dcid:country/MNG,2017,9.0
dcs:who/WHS3_62,dcid:country/MNG,2023,0.0
dcs:who/WHS3_62,dcid:country/MNG,1988,3044.0
dcs:who/WHS3_62,dcid:country/MNG,2006,26.0
dcs:who/WHS3_62,dcid:country/MNG,1992,1069.0
dcs:who/WHS3_62,dcid:country/MNG,2014,0.0
dcs:who/WHS3_62,dcid:country/MNG,2001,10677.0
dcs:who/WHS3_62,dcid:country/MNG,2003,18.0
dcs:who/WHS3_62,dcid:country/MNG,2011,0.0
dcs:who/WHS3_62,dcid:country/MNG,1997,4.0
dcs:who/WHS3_62,dcid:country/MNG,1985,525.0
dcs:who/WHS3_62,dcid:country/MNG,1984,29738.0
dcs:who/WHS3_62,dcid:country/MNG,1996,128.0
dcs:who/WHS3_62,dcid:country/MNG,1994,177.0
dcs:who/WHS3_62,dcid:country/MNG,2009,8.0
dcs:who/WHS3_62,dcid:country/MNG,1999,10.0
dcs:who/WHS3_62,dcid:country/MNG,1981,695.0
dcs:who/WHS3_62,dcid:country/MNG,2008,31.0
dcs:who/WHS3_62,dcid:country/MNG,2010,7.0
dcs:who/WHS3_62,dcid:country/MNG,1993,71.0
dcs:who/WHS3_62,dcid:country/MNG,2000,925.0
dcs:who/WHS3_62,dcid:country/MNG,2015,20359.0
dcs:who/WHS3_62,dcid:country/MNG,1986,133.0
dcs:who/WHS3_62,dcid:country/MNG,1983,1935.0
dcs:who/WHS3_62,dcid:country/MNG,1980,5338.0
dcs:who/WHS3_62,dcid:country/MNG,1995,555.0
dcs:who/WHS3_62,dcid:country/MNG,1987,378.0
dcs:who/WHS3_62,dcid:country/MNG,2013,0.0
dcs:who/WHS3_62,dcid:country/MNG,2019,2.0
dcs:who/WHS3_62,dcid:country/MNG,1982,209.0
dcs:who/WHS3_62,dcid:country/MNG,2004,0.0
dcs:who/WHS3_62,dcid:country/MNG,2007,12.0
dcs:who/WHS3_62,dcid:country/MNG,1991,656.0
dcs:who/WHS3_62,dcid:country/MNG,2018,1.0
dcs:who/WHS3_62,dcid:country/MNG,1989,2176.0
dcs:who/WHS3_62,dcid:country/MNG,1998,8.0
dcs:who/WHS3_62,dcid:country/MNG,2005,0.0
dcs:who/WHS3_62,dcid:country/MNG,2020,0.0
dcs:who/WHS3_62,dcid:country/MNG,2012,0.0
dcs:who/WHS3_62,dcid:country/MNP,2005,0.0
dcs:who/WHS3_62,dcid:country/MNP,2008,0.0
dcs:who/WHS3_62,dcid:country/MNP,2000,0.0
dcs:who/WHS3_62,dcid:country/MNP,2007,0.0
dcs:who/WHS3_62,dcid:country/MNP,2019,0.0
dcs:who/WHS3_62,dcid:country/MNP,2003,0.0
dcs:who/WHS3_62,dcid:country/MNP,2011,0.0
dcs:who/WHS3_62,dcid:country/MNP,1990,35.0
dcs:who/WHS3_62,dcid:country/MNP,1994,29.0
dcs:who/WHS3_62,dcid:country/MNP,1993,116.0
dcs:who/WHS3_62,dcid:country/MNP,1987,0.0
dcs:who/WHS3_62,dcid:country/MNP,1992,7.0
dcs:who/WHS3_62,dcid:country/MNP,1995,0.0
dcs:who/WHS3_62,dcid:country/MNP,2018,0.0
dcs:who/WHS3_62,dcid:country/MNP,2023,0.0
dcs:who/WHS3_62,dcid:country/MNP,1999,0.0
dcs:who/WHS3_62,dcid:country/MNP,2004,0.0
dcs:who/WHS3_62,dcid:country/MNP,1997,1.0
dcs:who/WHS3_62,dcid:country/MNP,1988,0.0
dcs:who/WHS3_62,dcid:country/MNP,1989,1.0
dcs:who/WHS3_62,dcid:country/MNP,2009,0.0
dcs:who/WHS3_62,dcid:country/MNP,2010,0.0
dcs:who/WHS3_62,dcid:country/MOZ,1981,16358.0
dcs:who/WHS3_62,dcid:country/MOZ,2015,79.0
dcs:who/WHS3_62,dcid:country/MOZ,2000,7375.0
dcs:who/WHS3_62,dcid:country/MOZ,2010,2321.0
dcs:who/WHS3_62,dcid:country/MOZ,1996,9251.0
dcs:who/WHS3_62,dcid:country/MOZ,2014,9.0
dcs:who/WHS3_62,dcid:country/MOZ,2004,9396.0
dcs:who/WHS3_62,dcid:country/MOZ,1992,3092.0
dcs:who/WHS3_62,dcid:country/MOZ,2006,183.0
dcs:who/WHS3_62,dcid:country/MOZ,1991,5059.0
dcs:who/WHS3_62,dcid:country/MOZ,1999,3936.0
dcs:who/WHS3_62,dcid:country/MOZ,1982,11909.0
dcs:who/WHS3_62,dcid:country/MOZ,1994,9618.0
dcs:who/WHS3_62,dcid:country/MOZ,2005,12598.0
dcs:who/WHS3_62,dcid:country/MOZ,2020,426.0
dcs:who/WHS3_62,dcid:country/MOZ,1984,12508.0
dcs:who/WHS3_62,dcid:country/MOZ,2011,177.0
dcs:who/WHS3_62,dcid:country/MOZ,1989,22832.0
dcs:who/WHS3_62,dcid:country/MOZ,1983,11734.0
dcs:who/WHS3_62,dcid:country/MOZ,1986,16109.0
dcs:who/WHS3_62,dcid:country/MOZ,1980,30070.0
dcs:who/WHS3_62,dcid:country/MOZ,2019,63.0
dcs:who/WHS3_62,dcid:country/MOZ,2018,16.0
dcs:who/WHS3_62,dcid:country/MOZ,1990,18082.0
dcs:who/WHS3_62,dcid:country/MOZ,2008,4.0
dcs:who/WHS3_62,dcid:country/MOZ,1995,4166.0
dcs:who/WHS3_62,dcid:country/MOZ,2009,60.0
dcs:who/WHS3_62,dcid:country/MOZ,2013,8.0
dcs:who/WHS3_62,dcid:country/MOZ,1988,12142.0
dcs:who/WHS3_62,dcid:country/MOZ,2017,122.0
dcs:who/WHS3_62,dcid:country/MOZ,2003,28898.0
dcs:who/WHS3_62,dcid:country/MOZ,2007,267.0
dcs:who/WHS3_62,dcid:country/MOZ,1985,16507.0
dcs:who/WHS3_62,dcid:country/MOZ,2022,1047.0
dcs:who/WHS3_62,dcid:country/MOZ,2021,619.0
dcs:who/WHS3_62,dcid:country/MOZ,2012,145.0
dcs:who/WHS3_62,dcid:country/MOZ,1997,15324.0
dcs:who/WHS3_62,dcid:country/MOZ,2001,7085.0
dcs:who/WHS3_62,dcid:country/MOZ,1998,15693.0
dcs:who/WHS3_62,dcid:country/MOZ,2023,656.0
dcs:who/WHS3_62,dcid:country/MOZ,2002,7155.0
dcs:who/WHS3_62,dcid:country/MOZ,1987,12749.0
dcs:who/WHS3_62,dcid:country/MOZ,1993,5799.0
dcs:who/WHS3_62,dcid:country/MRT,2007,11.0
dcs:who/WHS3_62,dcid:country/MRT,1997,499.0
dcs:who/WHS3_62,dcid:country/MRT,1991,4601.0
dcs:who/WHS3_62,dcid:country/MRT,1990,1379.0
dcs:who/WHS3_62,dcid:country/MRT,1983,15710.0
dcs:who/WHS3_62,dcid:country/MRT,2020,0.0
dcs:who/WHS3_62,dcid:country/MRT,2023,339.0
dcs:who/WHS3_62,dcid:country/MRT,2016,13.0
dcs:who/WHS3_62,dcid:country/MRT,1980,11441.0
dcs:who/WHS3_62,dcid:country/MRT,1984,11203.0
dcs:who/WHS3_62,dcid:country/MRT,2022,96.0
dcs:who/WHS3_62,dcid:country/MRT,1989,5032.0
dcs:who/WHS3_62,dcid:country/MRT,2013,62.0
dcs:who/WHS3_62,dcid:country/MRT,2021,249.0
dcs:who/WHS3_62,dcid:country/MRT,2004,5039.0
dcs:who/WHS3_62,dcid:country/MRT,2005,127.0
dcs:who/WHS3_62,dcid:country/MRT,1985,15123.0
dcs:who/WHS3_62,dcid:country/MRT,2008,4.0
dcs:who/WHS3_62,dcid:country/MRT,2003,3611.0
dcs:who/WHS3_62,dcid:country/MRT,1994,2668.0
dcs:who/WHS3_62,dcid:country/MRT,1988,434.0
dcs:who/WHS3_62,dcid:country/MRT,2009,322.0
dcs:who/WHS3_62,dcid:country/MRT,2011,234.0
dcs:who/WHS3_62,dcid:country/MRT,2012,35.0
dcs:who/WHS3_62,dcid:country/MRT,2010,1292.0
dcs:who/WHS3_62,dcid:country/MRT,1987,2323.0
dcs:who/WHS3_62,dcid:country/MRT,2006,22.0
dcs:who/WHS3_62,dcid:country/MRT,1998,1303.0
dcs:who/WHS3_62,dcid:country/MRT,1999,5263.0
dcs:who/WHS3_62,dcid:country/MRT,1995,195.0
dcs:who/WHS3_62,dcid:country/MRT,2001,1398.0
dcs:who/WHS3_62,dcid:country/MRT,2014,14.0
dcs:who/WHS3_62,dcid:country/MRT,2019,196.0
dcs:who/WHS3_62,dcid:country/MRT,1981,8658.0
dcs:who/WHS3_62,dcid:country/MRT,1986,5318.0
dcs:who/WHS3_62,dcid:country/MRT,1982,6743.0
dcs:who/WHS3_62,dcid:country/MRT,2002,883.0
dcs:who/WHS3_62,dcid:country/MRT,2017,63.0
dcs:who/WHS3_62,dcid:country/MRT,1992,4990.0
dcs:who/WHS3_62,dcid:country/MRT,2018,77.0
dcs:who/WHS3_62,dcid:country/MRT,2015,1.0
dcs:who/WHS3_62,dcid:country/MRT,1993,5754.0
dcs:who/WHS3_62,dcid:country/MSR,1994,0.0
dcs:who/WHS3_62,dcid:country/MSR,2001,0.0
dcs:who/WHS3_62,dcid:country/MSR,1992,0.0
dcs:who/WHS3_62,dcid:country/MSR,2017,0.0
dcs:who/WHS3_62,dcid:country/MSR,2002,0.0
dcs:who/WHS3_62,dcid:country/MSR,1981,5.0
dcs:who/WHS3_62,dcid:country/MSR,1997,0.0
dcs:who/WHS3_62,dcid:country/MSR,1998,0.0
dcs:who/WHS3_62,dcid:country/MSR,1982,0.0
dcs:who/WHS3_62,dcid:country/MSR,1987,0.0
dcs:who/WHS3_62,dcid:country/MSR,1986,0.0
dcs:who/WHS3_62,dcid:country/MSR,2021,0.0
dcs:who/WHS3_62,dcid:country/MSR,1991,0.0
dcs:who/WHS3_62,dcid:country/MSR,1985,0.0
dcs:who/WHS3_62,dcid:country/MSR,1989,1.0
dcs:who/WHS3_62,dcid:country/MSR,1990,0.0
dcs:who/WHS3_62,dcid:country/MSR,2022,0.0
dcs:who/WHS3_62,dcid:country/MSR,2018,0.0
dcs:who/WHS3_62,dcid:country/MSR,2019,0.0
dcs:who/WHS3_62,dcid:country/MSR,2023,0.0
dcs:who/WHS3_62,dcid:country/MSR,1993,0.0
dcs:who/WHS3_62,dcid:country/MSR,1999,0.0
dcs:who/WHS3_62,dcid:country/MSR,1984,0.0
dcs:who/WHS3_62,dcid:country/MSR,1996,0.0
dcs:who/WHS3_62,dcid:country/MSR,1980,3.0
dcs:who/WHS3_62,dcid:country/MSR,1988,1.0
dcs:who/WHS3_62,dcid:country/MSR,1983,0.0
dcs:who/WHS3_62,dcid:country/MSR,1995,0.0
dcs:who/WHS3_62,dcid:country/MUS,1994,10.0
dcs:who/WHS3_62,dcid:country/MUS,2016,0.0
dcs:who/WHS3_62,dcid:country/MUS,1995,6.0
dcs:who/WHS3_62,dcid:country/MUS,1993,88.0
dcs:who/WHS3_62,dcid:country/MUS,1997,0.0
dcs:who/WHS3_62,dcid:country/MUS,2021,0.0
dcs:who/WHS3_62,dcid:country/MUS,1988,2.0
dcs:who/WHS3_62,dcid:country/MUS,1980,35.0
dcs:who/WHS3_62,dcid:country/MUS,1990,1.0
dcs:who/WHS3_62,dcid:country/MUS,1989,0.0
dcs:who/WHS3_62,dcid:country/MUS,2011,2.0
dcs:who/WHS3_62,dcid:country/MUS,2023,0.0
dcs:who/WHS3_62,dcid:country/MUS,1982,4.0
dcs:who/WHS3_62,dcid:country/MUS,2006,3.0
dcs:who/WHS3_62,dcid:country/MUS,2010,12.0
dcs:who/WHS3_62,dcid:country/MUS,2014,0.0
dcs:who/WHS3_62,dcid:country/MUS,2008,12.0
dcs:who/WHS3_62,dcid:country/MUS,1999,0.0
dcs:who/WHS3_62,dcid:country/MUS,1984,6.0
dcs:who/WHS3_62,dcid:country/MUS,2012,0.0
dcs:who/WHS3_62,dcid:country/MUS,1985,2.0
dcs:who/WHS3_62,dcid:country/MUS,2017,0.0
dcs:who/WHS3_62,dcid:country/MUS,2005,7.0
dcs:who/WHS3_62,dcid:country/MUS,2013,0.0
dcs:who/WHS3_62,dcid:country/MUS,1996,0.0
dcs:who/WHS3_62,dcid:country/MUS,2000,0.0
dcs:who/WHS3_62,dcid:country/MUS,2001,0.0
dcs:who/WHS3_62,dcid:country/MUS,1987,0.0
dcs:who/WHS3_62,dcid:country/MUS,2007,13.0
dcs:who/WHS3_62,dcid:country/MUS,1991,0.0
dcs:who/WHS3_62,dcid:country/MUS,1981,0.0
dcs:who/WHS3_62,dcid:country/MUS,2009,15.0
dcs:who/WHS3_62,dcid:country/MUS,2004,28.0
dcs:who/WHS3_62,dcid:country/MUS,1992,7.0
dcs:who/WHS3_62,dcid:country/MUS,2022,0.0
dcs:who/WHS3_62,dcid:country/MUS,1983,0.0
dcs:who/WHS3_62,dcid:country/MUS,1986,5.0
dcs:who/WHS3_62,dcid:country/MUS,2019,98.0
dcs:who/WHS3_62,dcid:country/MUS,2003,777.0
dcs:who/WHS3_62,dcid:country/MWI,2012,11.0
dcs:who/WHS3_62,dcid:country/MWI,1989,93100.0
dcs:who/WHS3_62,dcid:country/MWI,2010,118712.0
dcs:who/WHS3_62,dcid:country/MWI,1981,84610.0
dcs:who/WHS3_62,dcid:country/MWI,2003,167.0
dcs:who/WHS3_62,dcid:country/MWI,1983,150248.0
dcs:who/WHS3_62,dcid:country/MWI,1999,152.0
dcs:who/WHS3_62,dcid:country/MWI,1998,3591.0
dcs:who/WHS3_62,dcid:country/MWI,2000,304.0
dcs:who/WHS3_62,dcid:country/MWI,2002,92.0
dcs:who/WHS3_62,dcid:country/MWI,2014,3.0
dcs:who/WHS3_62,dcid:country/MWI,2020,76.0
dcs:who/WHS3_62,dcid:country/MWI,1982,104921.0
dcs:who/WHS3_62,dcid:country/MWI,2011,26.0
dcs:who/WHS3_62,dcid:country/MWI,2005,184.0
dcs:who/WHS3_62,dcid:country/MWI,2006,1.0
dcs:who/WHS3_62,dcid:country/MWI,1992,32177.0
dcs:who/WHS3_62,dcid:country/MWI,2023,173.0
dcs:who/WHS3_62,dcid:country/MWI,2001,150.0
dcs:who/WHS3_62,dcid:country/MWI,2016,0.0
dcs:who/WHS3_62,dcid:country/MWI,1994,2164.0
dcs:who/WHS3_62,dcid:country/MWI,2018,1.0
dcs:who/WHS3_62,dcid:country/MWI,2015,0.0
dcs:who/WHS3_62,dcid:country/MWI,1987,114061.0
dcs:who/WHS3_62,dcid:country/MWI,2022,29.0
dcs:who/WHS3_62,dcid:country/MWI,1985,126581.0
dcs:who/WHS3_62,dcid:country/MWI,2007,143.0
dcs:who/WHS3_62,dcid:country/MWI,1980,162686.0
dcs:who/WHS3_62,dcid:country/MWI,1996,9120.0
dcs:who/WHS3_62,dcid:country/MWI,1988,81100.0
dcs:who/WHS3_62,dcid:country/MWI,2017,4.0
dcs:who/WHS3_62,dcid:country/MWI,1993,3614.0
dcs:who/WHS3_62,dcid:country/MWI,1995,4218.0
dcs:who/WHS3_62,dcid:country/MWI,1986,105682.0
dcs:who/WHS3_62,dcid:country/MWI,2008,20.0
dcs:who/WHS3_62,dcid:country/MWI,2004,1116.0
dcs:who/WHS3_62,dcid:country/MWI,2021,5.0
dcs:who/WHS3_62,dcid:country/MWI,1984,80766.0
dcs:who/WHS3_62,dcid:country/MWI,2009,21.0
dcs:who/WHS3_62,dcid:country/MWI,2013,1.0
dcs:who/WHS3_62,dcid:country/MWI,2019,17.0
dcs:who/WHS3_62,dcid:country/MWI,1991,5730.0
dcs:who/WHS3_62,dcid:country/MWI,1997,10845.0
dcs:who/WHS3_62,dcid:country/MYS,2019,1077.0
dcs:who/WHS3_62,dcid:country/MYS,2016,1569.0
dcs:who/WHS3_62,dcid:country/MYS,1998,483.0
dcs:who/WHS3_62,dcid:country/MYS,2012,1868.0
dcs:who/WHS3_62,dcid:country/MYS,1981,5690.0
dcs:who/WHS3_62,dcid:country/MYS,1985,5163.0
dcs:who/WHS3_62,dcid:country/MYS,2021,128.0
dcs:who/WHS3_62,dcid:country/MYS,2009,153.0
dcs:who/WHS3_62,dcid:country/MYS,1990,563.0
dcs:who/WHS3_62,dcid:country/MYS,2023,2002.0
dcs:who/WHS3_62,dcid:country/MYS,2011,1569.0
dcs:who/WHS3_62,dcid:country/MYS,1992,363.0
dcs:who/WHS3_62,dcid:country/MYS,2020,478.0
dcs:who/WHS3_62,dcid:country/MYS,1989,1027.0
dcs:who/WHS3_62,dcid:country/MYS,2000,6187.0
dcs:who/WHS3_62,dcid:country/MYS,1995,654.0
dcs:who/WHS3_62,dcid:country/MYS,2003,632.0
dcs:who/WHS3_62,dcid:country/MYS,1994,346.0
dcs:who/WHS3_62,dcid:country/MYS,1991,275.0
dcs:who/WHS3_62,dcid:country/MYS,2007,394.0
dcs:who/WHS3_62,dcid:country/MYS,2006,564.0
dcs:who/WHS3_62,dcid:country/MYS,1996,460.0
dcs:who/WHS3_62,dcid:country/MYS,1988,2304.0
dcs:who/WHS3_62,dcid:country/MYS,1993,542.0
dcs:who/WHS3_62,dcid:country/MYS,1983,9313.0
dcs:who/WHS3_62,dcid:country/MYS,1982,9268.0
dcs:who/WHS3_62,dcid:country/MYS,2017,1709.0
dcs:who/WHS3_62,dcid:country/MYS,2014,221.0
dcs:who/WHS3_62,dcid:country/MYS,2001,2198.0
dcs:who/WHS3_62,dcid:country/MYS,2002,408.0
dcs:who/WHS3_62,dcid:country/MYS,2013,195.0
dcs:who/WHS3_62,dcid:country/MYS,2010,73.0
dcs:who/WHS3_62,dcid:country/MYS,1999,2576.0
dcs:who/WHS3_62,dcid:country/MYS,2022,209.0
dcs:who/WHS3_62,dcid:country/MYS,1984,8147.0
dcs:who/WHS3_62,dcid:country/MYS,2008,334.0
dcs:who/WHS3_62,dcid:country/MYS,1997,627.0
dcs:who/WHS3_62,dcid:country/MYS,1986,4699.0
dcs:who/WHS3_62,dcid:country/MYS,2018,1981.0
dcs:who/WHS3_62,dcid:country/MYS,2005,1407.0
dcs:who/WHS3_62,dcid:country/MYS,1987,5429.0
dcs:who/WHS3_62,dcid:country/MYS,2015,1318.0
dcs:who/WHS3_62,dcid:country/MYS,2004,5729.0
dcs:who/WHS3_62,dcid:country/MYS,1980,8727.0
dcs:who/WHS3_62,dcid:country/NAM,1992,6874.0
dcs:who/WHS3_62,dcid:country/NAM,2001,416.0
dcs:who/WHS3_62,dcid:country/NAM,2006,3.0
dcs:who/WHS3_62,dcid:country/NAM,2011,79.0
dcs:who/WHS3_62,dcid:country/NAM,2003,262.0
dcs:who/WHS3_62,dcid:country/NAM,1999,296.0
dcs:who/WHS3_62,dcid:country/NAM,2010,3138.0
dcs:who/WHS3_62,dcid:country/NAM,1997,5359.0
dcs:who/WHS3_62,dcid:country/NAM,2021,4.0
dcs:who/WHS3_62,dcid:country/NAM,2013,1028.0
dcs:who/WHS3_62,dcid:country/NAM,2022,31.0
dcs:who/WHS3_62,dcid:country/NAM,1988,4482.0
dcs:who/WHS3_62,dcid:country/NAM,1996,4901.0
dcs:who/WHS3_62,dcid:country/NAM,2018,9.0
dcs:who/WHS3_62,dcid:country/NAM,2014,477.0
dcs:who/WHS3_62,dcid:country/NAM,1994,133.0
dcs:who/WHS3_62,dcid:country/NAM,2023,42.0
dcs:who/WHS3_62,dcid:country/NAM,2000,469.0
dcs:who/WHS3_62,dcid:country/NAM,2019,12.0
dcs:who/WHS3_62,dcid:country/NAM,2015,212.0
dcs:who/WHS3_62,dcid:country/NAM,2020,5.0
dcs:who/WHS3_62,dcid:country/NAM,1993,1328.0
dcs:who/WHS3_62,dcid:country/NAM,2002,1278.0
dcs:who/WHS3_62,dcid:country/NAM,2016,40.0
dcs:who/WHS3_62,dcid:country/NAM,2007,21.0
dcs:who/WHS3_62,dcid:country/NAM,2008,0.0
dcs:who/WHS3_62,dcid:country/NAM,2005,4.0
dcs:who/WHS3_62,dcid:country/NAM,2009,4076.0
dcs:who/WHS3_62,dcid:country/NAM,1987,16874.0
dcs:who/WHS3_62,dcid:country/NAM,2012,86.0
dcs:who/WHS3_62,dcid:country/NAM,2004,4.0
dcs:who/WHS3_62,dcid:country/NAM,1995,1723.0
dcs:who/WHS3_62,dcid:country/NAM,1998,495.0
dcs:who/WHS3_62,dcid:country/NAM,2017,16.0
dcs:who/WHS3_62,dcid:country/NCL,2011,0.0
dcs:who/WHS3_62,dcid:country/NCL,2023,0.0
dcs:who/WHS3_62,dcid:country/NCL,1990,18.0
dcs:who/WHS3_62,dcid:country/NCL,2005,0.0
dcs:who/WHS3_62,dcid:country/NCL,2008,0.0
dcs:who/WHS3_62,dcid:country/NCL,1995,2.0
dcs:who/WHS3_62,dcid:country/NCL,1993,6.0
dcs:who/WHS3_62,dcid:country/NCL,1980,800.0
dcs:who/WHS3_62,dcid:country/NCL,2013,0.0
dcs:who/WHS3_62,dcid:country/NCL,1994,6.0
dcs:who/WHS3_62,dcid:country/NCL,1985,77.0
dcs:who/WHS3_62,dcid:country/NCL,2018,0.0
dcs:who/WHS3_62,dcid:country/NCL,2000,0.0
dcs:who/WHS3_62,dcid:country/NCL,2001,0.0
dcs:who/WHS3_62,dcid:country/NCL,2009,0.0
dcs:who/WHS3_62,dcid:country/NCL,1987,1221.0
dcs:who/WHS3_62,dcid:country/NCL,1997,0.0
dcs:who/WHS3_62,dcid:country/NCL,1989,8.0
dcs:who/WHS3_62,dcid:country/NCL,2010,0.0
dcs:who/WHS3_62,dcid:country/NCL,1981,77.0
dcs:who/WHS3_62,dcid:country/NCL,2022,0.0
dcs:who/WHS3_62,dcid:country/NCL,2012,0.0
dcs:who/WHS3_62,dcid:country/NCL,2007,0.0
dcs:who/WHS3_62,dcid:country/NCL,1986,950.0
dcs:who/WHS3_62,dcid:country/NCL,2003,0.0
dcs:who/WHS3_62,dcid:country/NCL,1983,18.0
dcs:who/WHS3_62,dcid:country/NCL,1991,5.0
dcs:who/WHS3_62,dcid:country/NCL,1992,3.0
dcs:who/WHS3_62,dcid:country/NCL,1982,1448.0
dcs:who/WHS3_62,dcid:country/NCL,2017,1.0
dcs:who/WHS3_62,dcid:country/NCL,1984,79.0
dcs:who/WHS3_62,dcid:country/NCL,1988,9.0
dcs:who/WHS3_62,dcid:country/NER,1985,64689.0
dcs:who/WHS3_62,dcid:country/NER,2004,63057.0
dcs:who/WHS3_62,dcid:country/NER,1988,16864.0
dcs:who/WHS3_62,dcid:country/NER,1983,30288.0
dcs:who/WHS3_62,dcid:country/NER,2005,2183.0
dcs:who/WHS3_62,dcid:country/NER,1990,20463.0
dcs:who/WHS3_62,dcid:country/NER,1996,68921.0
dcs:who/WHS3_62,dcid:country/NER,1982,39815.0
dcs:who/WHS3_62,dcid:country/NER,2008,1317.0
dcs:who/WHS3_62,dcid:country/NER,2020,2754.0
dcs:who/WHS3_62,dcid:country/NER,1995,67986.0
dcs:who/WHS3_62,dcid:country/NER,2017,1171.0
dcs:who/WHS3_62,dcid:country/NER,2007,282.0
dcs:who/WHS3_62,dcid:country/NER,1987,14290.0
dcs:who/WHS3_62,dcid:country/NER,2011,771.0
dcs:who/WHS3_62,dcid:country/NER,2003,54190.0
dcs:who/WHS3_62,dcid:country/NER,2013,1224.0
dcs:who/WHS3_62,dcid:country/NER,2010,372.0
dcs:who/WHS3_62,dcid:country/NER,1984,42199.0
dcs:who/WHS3_62,dcid:country/NER,1989,22932.0
dcs:who/WHS3_62,dcid:country/NER,2021,9271.0
dcs:who/WHS3_62,dcid:country/NER,2002,31584.0
dcs:who/WHS3_62,dcid:country/NER,1999,36156.0
dcs:who/WHS3_62,dcid:country/NER,1994,48685.0
dcs:who/WHS3_62,dcid:country/NER,2012,272.0
dcs:who/WHS3_62,dcid:country/NER,1986,17626.0
dcs:who/WHS3_62,dcid:country/NER,1997,32649.0
dcs:who/WHS3_62,dcid:country/NER,2000,21319.0
dcs:who/WHS3_62,dcid:country/NER,1991,90071.0
dcs:who/WHS3_62,dcid:country/NER,1980,36811.0
dcs:who/WHS3_62,dcid:country/NER,2009,801.0
dcs:who/WHS3_62,dcid:country/NER,2019,10321.0
dcs:who/WHS3_62,dcid:country/NER,2001,61208.0
dcs:who/WHS3_62,dcid:country/NER,1992,31341.0
dcs:who/WHS3_62,dcid:country/NER,2015,7693.0
dcs:who/WHS3_62,dcid:country/NER,2023,1708.0
dcs:who/WHS3_62,dcid:country/NER,1998,11404.0
dcs:who/WHS3_62,dcid:country/NER,2006,59.0
dcs:who/WHS3_62,dcid:country/NER,2014,1142.0
dcs:who/WHS3_62,dcid:country/NER,1981,36139.0
dcs:who/WHS3_62,dcid:country/NER,2016,776.0
dcs:who/WHS3_62,dcid:country/NER,1993,36557.0
dcs:who/WHS3_62,dcid:country/NER,2018,5034.0
dcs:who/WHS3_62,dcid:country/NER,2022,12898.0
dcs:who/WHS3_62,dcid:country/NGA,1991,44026.0
dcs:who/WHS3_62,dcid:country/NGA,1999,217151.0
dcs:who/WHS3_62,dcid:country/NGA,1984,182591.0
dcs:who/WHS3_62,dcid:country/NGA,2019,28094.0
dcs:who/WHS3_62,dcid:country/NGA,2001,168107.0
dcs:who/WHS3_62,dcid:country/NGA,2012,6447.0
dcs:who/WHS3_62,dcid:country/NGA,2002,42007.0
dcs:who/WHS3_62,dcid:country/NGA,2018,7063.0
dcs:who/WHS3_62,dcid:country/NGA,2005,110927.0
dcs:who/WHS3_62,dcid:country/NGA,1998,143098.0
dcs:who/WHS3_62,dcid:country/NGA,1990,115682.0
dcs:who/WHS3_62,dcid:country/NGA,1989,33678.0
dcs:who/WHS3_62,dcid:country/NGA,2006,704.0
dcs:who/WHS3_62,dcid:country/NGA,1995,12393.0
dcs:who/WHS3_62,dcid:country/NGA,1996,88675.0
dcs:who/WHS3_62,dcid:country/NGA,2011,18843.0
dcs:who/WHS3_62,dcid:country/NGA,1982,139785.0
dcs:who/WHS3_62,dcid:country/NGA,2021,10649.0
dcs:who/WHS3_62,dcid:country/NGA,2023,20143.0
dcs:who/WHS3_62,dcid:country/NGA,2010,8491.0
dcs:who/WHS3_62,dcid:country/NGA,2003,141258.0
dcs:who/WHS3_62,dcid:country/NGA,1994,106081.0
dcs:who/WHS3_62,dcid:country/NGA,2007,2613.0
dcs:who/WHS3_62,dcid:country/NGA,1981,129671.0
dcs:who/WHS3_62,dcid:country/NGA,2008,9960.0
dcs:who/WHS3_62,dcid:country/NGA,2013,52852.0
dcs:who/WHS3_62,dcid:country/NGA,1986,115743.0
dcs:who/WHS3_62,dcid:country/NGA,2014,6855.0
dcs:who/WHS3_62,dcid:country/NGA,2016,17136.0
dcs:who/WHS3_62,dcid:country/NGA,1983,136778.0
dcs:who/WHS3_62,dcid:country/NGA,1988,75908.0
dcs:who/WHS3_62,dcid:country/NGA,2015,12423.0
dcs:who/WHS3_62,dcid:country/NGA,2009,1272.0
dcs:who/WHS3_62,dcid:country/NGA,1993,54734.0
dcs:who/WHS3_62,dcid:country/NGA,1987,77566.0
dcs:who/WHS3_62,dcid:country/NGA,2017,11190.0
dcs:who/WHS3_62,dcid:country/NGA,2020,8877.0
dcs:who/WHS3_62,dcid:country/NGA,1997,21385.0
dcs:who/WHS3_62,dcid:country/NGA,2004,31521.0
dcs:who/WHS3_62,dcid:country/NGA,2022,23983.0
dcs:who/WHS3_62,dcid:country/NGA,2000,212183.0
dcs:who/WHS3_62,dcid:country/NGA,1992,85965.0
dcs:who/WHS3_62,dcid:country/NGA,1980,162106.0
dcs:who/WHS3_62,dcid:country/NGA,1985,161768.0
dcs:who/WHS3_62,dcid:country/NIC,2016,0.0
dcs:who/WHS3_62,dcid:country/NIC,2012,0.0
dcs:who/WHS3_62,dcid:country/NIC,1986,2550.0
dcs:who/WHS3_62,dcid:country/NIC,1984,153.0
dcs:who/WHS3_62,dcid:country/NIC,2014,0.0
dcs:who/WHS3_62,dcid:country/NIC,1993,339.0
dcs:who/WHS3_62,dcid:country/NIC,1997,0.0
dcs:who/WHS3_62,dcid:country/NIC,1991,0.0
dcs:who/WHS3_62,dcid:country/NIC,2010,0.0
dcs:who/WHS3_62,dcid:country/NIC,2003,0.0
dcs:who/WHS3_62,dcid:country/NIC,2023,0.0
dcs:who/WHS3_62,dcid:country/NIC,2001,0.0
dcs:who/WHS3_62,dcid:country/NIC,1992,2332.0
dcs:who/WHS3_62,dcid:country/NIC,2006,0.0
dcs:who/WHS3_62,dcid:country/NIC,2017,0.0
dcs:who/WHS3_62,dcid:country/NIC,2022,0.0
dcs:who/WHS3_62,dcid:country/NIC,2019,0.0
dcs:who/WHS3_62,dcid:country/NIC,2002,0.0
dcs:who/WHS3_62,dcid:country/NIC,1996,0.0
dcs:who/WHS3_62,dcid:country/NIC,1988,314.0
dcs:who/WHS3_62,dcid:country/NIC,1981,224.0
dcs:who/WHS3_62,dcid:country/NIC,2021,0.0
dcs:who/WHS3_62,dcid:country/NIC,1980,3784.0
dcs:who/WHS3_62,dcid:country/NIC,2004,0.0
dcs:who/WHS3_62,dcid:country/NIC,2018,0.0
dcs:who/WHS3_62,dcid:country/NIC,2007,0.0
dcs:who/WHS3_62,dcid:country/NIC,1982,226.0
dcs:who/WHS3_62,dcid:country/NIC,2008,0.0
dcs:who/WHS3_62,dcid:country/NIC,2011,0.0
dcs:who/WHS3_62,dcid:country/NIC,2013,0.0
dcs:who/WHS3_62,dcid:country/NIC,2020,0.0
dcs:who/WHS3_62,dcid:country/NIC,1990,0.0
dcs:who/WHS3_62,dcid:country/NIC,2009,0.0
dcs:who/WHS3_62,dcid:country/NIC,1994,3.0
dcs:who/WHS3_62,dcid:country/NIC,1989,0.0
dcs:who/WHS3_62,dcid:country/NIC,1985,956.0
dcs:who/WHS3_62,dcid:country/NIC,2015,0.0
dcs:who/WHS3_62,dcid:country/NIC,2005,0.0
dcs:who/WHS3_62,dcid:country/NIC,1998,0.0
dcs:who/WHS3_62,dcid:country/NIC,1999,0.0
dcs:who/WHS3_62,dcid:country/NIC,1995,5.0
dcs:who/WHS3_62,dcid:country/NIC,1983,112.0
dcs:who/WHS3_62,dcid:country/NIC,2000,0.0
dcs:who/WHS3_62,dcid:country/NIC,1987,792.0
dcs:who/WHS3_62,dcid:country/NIU,2022,0.0
dcs:who/WHS3_62,dcid:country/NIU,1989,1.0
dcs:who/WHS3_62,dcid:country/NIU,1984,0.0
dcs:who/WHS3_62,dcid:country/NIU,1987,0.0
dcs:who/WHS3_62,dcid:country/NIU,2000,0.0
dcs:who/WHS3_62,dcid:country/NIU,1985,21.0
dcs:who/WHS3_62,dcid:country/NIU,2019,0.0
dcs:who/WHS3_62,dcid:country/NIU,2013,0.0
dcs:who/WHS3_62,dcid:country/NIU,1980,22.0
dcs:who/WHS3_62,dcid:country/NIU,1983,0.0
dcs:who/WHS3_62,dcid:country/NIU,1981,2.0
dcs:who/WHS3_62,dcid:country/NIU,1992,0.0
dcs:who/WHS3_62,dcid:country/NIU,1999,0.0
dcs:who/WHS3_62,dcid:country/NIU,1997,0.0
dcs:who/WHS3_62,dcid:country/NIU,1982,0.0
dcs:who/WHS3_62,dcid:country/NIU,2009,0.0
dcs:who/WHS3_62,dcid:country/NIU,2001,0.0
dcs:who/WHS3_62,dcid:country/NIU,2005,0.0
dcs:who/WHS3_62,dcid:country/NIU,1991,121.0
dcs:who/WHS3_62,dcid:country/NIU,1994,2.0
dcs:who/WHS3_62,dcid:country/NIU,1988,1.0
dcs:who/WHS3_62,dcid:country/NIU,2007,0.0
dcs:who/WHS3_62,dcid:country/NIU,1993,0.0
dcs:who/WHS3_62,dcid:country/NIU,1986,7.0
dcs:who/WHS3_62,dcid:country/NIU,2004,0.0
dcs:who/WHS3_62,dcid:country/NIU,2008,0.0
dcs:who/WHS3_62,dcid:country/NIU,1998,0.0
dcs:who/WHS3_62,dcid:country/NIU,2011,0.0
dcs:who/WHS3_62,dcid:country/NIU,2010,0.0
dcs:who/WHS3_62,dcid:country/NIU,2012,0.0
dcs:who/WHS3_62,dcid:country/NIU,1995,0.0
dcs:who/WHS3_62,dcid:country/NIU,1996,0.0
dcs:who/WHS3_62,dcid:country/NIU,2002,0.0
dcs:who/WHS3_62,dcid:country/NIU,2003,0.0
dcs:who/WHS3_62,dcid:country/NLD,1996,57.0
dcs:who/WHS3_62,dcid:country/NLD,2007,10.0
dcs:who/WHS3_62,dcid:country/NLD,2017,16.0
dcs:who/WHS3_62,dcid:country/NLD,2003,4.0
dcs:who/WHS3_62,dcid:country/NLD,2013,2632.0
dcs:who/WHS3_62,dcid:country/NLD,2012,10.0
dcs:who/WHS3_62,dcid:country/NLD,1984,82.0
dcs:who/WHS3_62,dcid:country/NLD,2000,1019.0
dcs:who/WHS3_62,dcid:country/NLD,1993,468.0
dcs:who/WHS3_62,dcid:country/NLD,1998,9.0
dcs:who/WHS3_62,dcid:country/NLD,1990,16.0
dcs:who/WHS3_62,dcid:country/NLD,2004,11.0
dcs:who/WHS3_62,dcid:country/NLD,2009,15.0
dcs:who/WHS3_62,dcid:country/NLD,1995,184.0
dcs:who/WHS3_62,dcid:country/NLD,2008,109.0
dcs:who/WHS3_62,dcid:country/NLD,1991,59.0
dcs:who/WHS3_62,dcid:country/NLD,1985,24.0
dcs:who/WHS3_62,dcid:country/NLD,1981,77.0
dcs:who/WHS3_62,dcid:country/NLD,2015,7.0
dcs:who/WHS3_62,dcid:country/NLD,2020,2.0
dcs:who/WHS3_62,dcid:country/NLD,1997,21.0
dcs:who/WHS3_62,dcid:country/NLD,1988,1519.0
dcs:who/WHS3_62,dcid:country/NLD,2014,140.0
dcs:who/WHS3_62,dcid:country/NLD,2005,4.0
dcs:who/WHS3_62,dcid:country/NLD,1982,95.0
dcs:who/WHS3_62,dcid:country/NLD,1983,480.0
dcs:who/WHS3_62,dcid:country/NLD,1992,472.0
dcs:who/WHS3_62,dcid:country/NLD,2019,84.0
dcs:who/WHS3_62,dcid:country/NLD,2018,24.0
dcs:who/WHS3_62,dcid:country/NLD,1999,2368.0
dcs:who/WHS3_62,dcid:country/NLD,2011,51.0
dcs:who/WHS3_62,dcid:country/NLD,2016,6.0
dcs:who/WHS3_62,dcid:country/NLD,2021,0.0
dcs:who/WHS3_62,dcid:country/NLD,2010,15.0
dcs:who/WHS3_62,dcid:country/NLD,1980,178.0
dcs:who/WHS3_62,dcid:country/NLD,2006,1.0
dcs:who/WHS3_62,dcid:country/NLD,2002,3.0
dcs:who/WHS3_62,dcid:country/NLD,1987,227.0
dcs:who/WHS3_62,dcid:country/NLD,1989,124.0
dcs:who/WHS3_62,dcid:country/NLD,1994,302.0
dcs:who/WHS3_62,dcid:country/NLD,2022,6.0
dcs:who/WHS3_62,dcid:country/NLD,2023,7.0
dcs:who/WHS3_62,dcid:country/NLD,1986,90.0
dcs:who/WHS3_62,dcid:country/NOR,1993,7.0
dcs:who/WHS3_62,dcid:country/NOR,2009,2.0
dcs:who/WHS3_62,dcid:country/NOR,2014,3.0
dcs:who/WHS3_62,dcid:country/NOR,1980,1322.0
dcs:who/WHS3_62,dcid:country/NOR,1987,563.0
dcs:who/WHS3_62,dcid:country/NOR,1991,17.0
dcs:who/WHS3_62,dcid:country/NOR,1995,18.0
dcs:who/WHS3_62,dcid:country/NOR,2012,4.0
dcs:who/WHS3_62,dcid:country/NOR,1984,1775.0
dcs:who/WHS3_62,dcid:country/NOR,2000,0.0
dcs:who/WHS3_62,dcid:country/NOR,1997,11.0
dcs:who/WHS3_62,dcid:country/NOR,2019,18.0
dcs:who/WHS3_62,dcid:country/NOR,2004,7.0
dcs:who/WHS3_62,dcid:country/NOR,1989,13.0
dcs:who/WHS3_62,dcid:country/NOR,1983,6181.0
dcs:who/WHS3_62,dcid:country/NOR,2002,5.0
dcs:who/WHS3_62,dcid:country/NOR,1981,4586.0
dcs:who/WHS3_62,dcid:country/NOR,2022,1.0
dcs:who/WHS3_62,dcid:country/NOR,2020,4.0
dcs:who/WHS3_62,dcid:country/NOR,1994,6.0
dcs:who/WHS3_62,dcid:country/NOR,2018,12.0
dcs:who/WHS3_62,dcid:country/NOR,2001,4.0
dcs:who/WHS3_62,dcid:country/NOR,2003,8.0
dcs:who/WHS3_62,dcid:country/NOR,1988,133.0
dcs:who/WHS3_62,dcid:country/NOR,1996,23.0
dcs:who/WHS3_62,dcid:country/NOR,2015,14.0
dcs:who/WHS3_62,dcid:country/NOR,2005,0.0
dcs:who/WHS3_62,dcid:country/NOR,2010,3.0
dcs:who/WHS3_62,dcid:country/NOR,2023,2.0
dcs:who/WHS3_62,dcid:country/NOR,2008,4.0
dcs:who/WHS3_62,dcid:country/NOR,2021,0.0
dcs:who/WHS3_62,dcid:country/NOR,1982,10974.0
dcs:who/WHS3_62,dcid:country/NOR,1990,95.0
dcs:who/WHS3_62,dcid:country/NOR,2017,1.0
dcs:who/WHS3_62,dcid:country/NOR,2006,0.0
dcs:who/WHS3_62,dcid:country/NOR,2011,39.0
dcs:who/WHS3_62,dcid:country/NOR,1985,1312.0
dcs:who/WHS3_62,dcid:country/NOR,1992,73.0
dcs:who/WHS3_62,dcid:country/NOR,2013,8.0
dcs:who/WHS3_62,dcid:country/NOR,1986,1219.0
dcs:who/WHS3_62,dcid:country/NOR,2016,0.0
dcs:who/WHS3_62,dcid:country/NPL,1993,59.0
dcs:who/WHS3_62,dcid:country/NPL,1992,136.0
dcs:who/WHS3_62,dcid:country/NPL,1995,4810.0
dcs:who/WHS3_62,dcid:country/NPL,2004,12074.0
dcs:who/WHS3_62,dcid:country/NPL,1982,1268.0
dcs:who/WHS3_62,dcid:country/NPL,2001,10849.0
dcs:who/WHS3_62,dcid:country/NPL,2003,13344.0
dcs:who/WHS3_62,dcid:country/NPL,2022,130.0
dcs:who/WHS3_62,dcid:country/NPL,2020,388.0
dcs:who/WHS3_62,dcid:country/NPL,1980,561.0
dcs:who/WHS3_62,dcid:country/NPL,1996,7213.0
dcs:who/WHS3_62,dcid:country/NPL,1998,5771.0
dcs:who/WHS3_62,dcid:country/NPL,1994,1401.0
dcs:who/WHS3_62,dcid:country/NPL,1981,254.0
dcs:who/WHS3_62,dcid:country/NPL,2021,143.0
dcs:who/WHS3_62,dcid:country/NPL,2006,2838.0
dcs:who/WHS3_62,dcid:country/NPL,2009,189.0
dcs:who/WHS3_62,dcid:country/NPL,1997,12677.0
dcs:who/WHS3_62,dcid:country/NPL,2002,6749.0
dcs:who/WHS3_62,dcid:country/NPL,1983,1117.0
dcs:who/WHS3_62,dcid:country/NPL,2023,963.0
dcs:who/WHS3_62,dcid:country/NPL,2007,1415.0
dcs:who/WHS3_62,dcid:country/NPL,2008,2089.0
dcs:who/WHS3_62,dcid:country/NPL,2005,5023.0
dcs:who/WHS3_62,dcid:country/NPL,2012,3362.0
dcs:who/WHS3_62,dcid:country/NPL,1986,68.0
dcs:who/WHS3_62,dcid:country/NPL,1991,93.0
dcs:who/WHS3_62,dcid:country/NPL,1990,182.0
dcs:who/WHS3_62,dcid:country/NPL,1985,952.0
dcs:who/WHS3_62,dcid:country/NPL,2015,1599.0
dcs:who/WHS3_62,dcid:country/NPL,1988,193.0
dcs:who/WHS3_62,dcid:country/NPL,1984,2042.0
dcs:who/WHS3_62,dcid:country/NPL,2013,1861.0
dcs:who/WHS3_62,dcid:country/NPL,2010,190.0
dcs:who/WHS3_62,dcid:country/NPL,2016,1269.0
dcs:who/WHS3_62,dcid:country/NPL,1989,171.0
dcs:who/WHS3_62,dcid:country/NPL,1987,190.0
dcs:who/WHS3_62,dcid:country/NPL,2014,1279.0
dcs:who/WHS3_62,dcid:country/NPL,2018,260.0
dcs:who/WHS3_62,dcid:country/NPL,2011,2359.0
dcs:who/WHS3_62,dcid:country/NPL,2000,9397.0
dcs:who/WHS3_62,dcid:country/NPL,2019,430.0
dcs:who/WHS3_62,dcid:country/NPL,2017,99.0
dcs:who/WHS3_62,dcid:country/NRU,1982,1.0
dcs:who/WHS3_62,dcid:country/NRU,2002,0.0
dcs:who/WHS3_62,dcid:country/NRU,2000,0.0
dcs:who/WHS3_62,dcid:country/NRU,1981,0.0
dcs:who/WHS3_62,dcid:country/NRU,1986,1.0
dcs:who/WHS3_62,dcid:country/NRU,2011,0.0
dcs:who/WHS3_62,dcid:country/NRU,1999,1.0
dcs:who/WHS3_62,dcid:country/NRU,2005,0.0
dcs:who/WHS3_62,dcid:country/NRU,2006,0.0
dcs:who/WHS3_62,dcid:country/NRU,1980,10.0
dcs:who/WHS3_62,dcid:country/NRU,1987,0.0
dcs:who/WHS3_62,dcid:country/NRU,1997,58.0
dcs:who/WHS3_62,dcid:country/NRU,2019,0.0
dcs:who/WHS3_62,dcid:country/NRU,1989,0.0
dcs:who/WHS3_62,dcid:country/NRU,2009,0.0
dcs:who/WHS3_62,dcid:country/NRU,2008,0.0
dcs:who/WHS3_62,dcid:country/NRU,1995,0.0
dcs:who/WHS3_62,dcid:country/NRU,2016,0.0
dcs:who/WHS3_62,dcid:country/NRU,2007,0.0
dcs:who/WHS3_62,dcid:country/NRU,2012,11.0
dcs:who/WHS3_62,dcid:country/NRU,2001,0.0
dcs:who/WHS3_62,dcid:country/NRU,1990,300.0
dcs:who/WHS3_62,dcid:country/NRU,2004,0.0
dcs:who/WHS3_62,dcid:country/NZL,1998,164.0
dcs:who/WHS3_62,dcid:country/NZL,2006,20.0
dcs:who/WHS3_62,dcid:country/NZL,1997,2041.0
dcs:who/WHS3_62,dcid:country/NZL,2000,65.0
dcs:who/WHS3_62,dcid:country/NZL,2004,33.0
dcs:who/WHS3_62,dcid:country/NZL,2015,10.0
dcs:who/WHS3_62,dcid:country/NZL,2009,198.0
dcs:who/WHS3_62,dcid:country/NZL,2022,0.0
dcs:who/WHS3_62,dcid:country/NZL,2014,280.0
dcs:who/WHS3_62,dcid:country/NZL,1991,9239.0
dcs:who/WHS3_62,dcid:country/NZL,1989,0.0
dcs:who/WHS3_62,dcid:country/NZL,1999,106.0
dcs:who/WHS3_62,dcid:country/NZL,2018,30.0
dcs:who/WHS3_62,dcid:country/NZL,2003,66.0
dcs:who/WHS3_62,dcid:country/NZL,2007,25.0
dcs:who/WHS3_62,dcid:country/NZL,2011,597.0
dcs:who/WHS3_62,dcid:country/NZL,2019,2189.0
dcs:who/WHS3_62,dcid:country/NZL,2001,65.0
dcs:who/WHS3_62,dcid:country/NZL,2013,8.0
dcs:who/WHS3_62,dcid:country/NZL,2017,15.0
dcs:who/WHS3_62,dcid:country/NZL,2020,7.0
dcs:who/WHS3_62,dcid:country/NZL,1993,69.0
dcs:who/WHS3_62,dcid:country/NZL,2012,68.0
dcs:who/WHS3_62,dcid:country/NZL,2016,103.0
dcs:who/WHS3_62,dcid:country/NZL,2002,21.0
dcs:who/WHS3_62,dcid:country/NZL,1994,33.0
dcs:who/WHS3_62,dcid:country/NZL,2010,43.0
dcs:who/WHS3_62,dcid:country/NZL,2005,20.0
dcs:who/WHS3_62,dcid:country/NZL,2021,0.0
dcs:who/WHS3_62,dcid:country/OMN,2021,0.0
dcs:who/WHS3_62,dcid:country/OMN,2000,15.0
dcs:who/WHS3_62,dcid:country/OMN,1992,1834.0
dcs:who/WHS3_62,dcid:country/OMN,1986,2001.0
dcs:who/WHS3_62,dcid:country/OMN,1984,9652.0
dcs:who/WHS3_62,dcid:country/OMN,2005,25.0
dcs:who/WHS3_62,dcid:country/OMN,2008,18.0
dcs:who/WHS3_62,dcid:country/OMN,2015,0.0
dcs:who/WHS3_62,dcid:country/OMN,1998,5.0
dcs:who/WHS3_62,dcid:country/OMN,2019,0.0
dcs:who/WHS3_62,dcid:country/OMN,2003,1.0
dcs:who/WHS3_62,dcid:country/OMN,1994,181.0
dcs:who/WHS3_62,dcid:country/OMN,1997,12.0
dcs:who/WHS3_62,dcid:country/OMN,1987,3804.0
dcs:who/WHS3_62,dcid:country/OMN,1983,9151.0
dcs:who/WHS3_62,dcid:country/OMN,2006,13.0
dcs:who/WHS3_62,dcid:country/OMN,1996,46.0
dcs:who/WHS3_62,dcid:country/OMN,1982,16645.0
dcs:who/WHS3_62,dcid:country/OMN,1981,40679.0
dcs:who/WHS3_62,dcid:country/OMN,2013,0.0
dcs:who/WHS3_62,dcid:country/OMN,2010,3.0
dcs:who/WHS3_62,dcid:country/OMN,1980,10630.0
dcs:who/WHS3_62,dcid:country/OMN,2018,0.0
dcs:who/WHS3_62,dcid:country/OMN,1999,9.0
dcs:who/WHS3_62,dcid:country/OMN,1991,220.0
dcs:who/WHS3_62,dcid:country/OMN,1993,3108.0
dcs:who/WHS3_62,dcid:country/OMN,2002,5.0
dcs:who/WHS3_62,dcid:country/OMN,1990,1262.0
dcs:who/WHS3_62,dcid:country/OMN,2012,13.0
dcs:who/WHS3_62,dcid:country/OMN,2001,15.0
dcs:who/WHS3_62,dcid:country/OMN,2016,111.0
dcs:who/WHS3_62,dcid:country/OMN,2022,5.0
dcs:who/WHS3_62,dcid:country/OMN,1985,4161.0
dcs:who/WHS3_62,dcid:country/OMN,2007,24.0
dcs:who/WHS3_62,dcid:country/OMN,2017,9.0
dcs:who/WHS3_62,dcid:country/OMN,1988,6052.0
dcs:who/WHS3_62,dcid:country/OMN,2009,19.0
dcs:who/WHS3_62,dcid:country/OMN,2011,5.0
dcs:who/WHS3_62,dcid:country/OMN,2004,18.0
dcs:who/WHS3_62,dcid:country/OMN,1995,68.0
dcs:who/WHS3_62,dcid:country/OMN,2023,25.0
dcs:who/WHS3_62,dcid:country/OMN,2020,7.0
dcs:who/WHS3_62,dcid:country/OMN,1989,4255.0
dcs:who/WHS3_62,dcid:country/PAK,2023,17722.0
dcs:who/WHS3_62,dcid:country/PAK,1994,1421.0
dcs:who/WHS3_62,dcid:country/PAK,2016,2703.0
dcs:who/WHS3_62,dcid:country/PAK,2002,3903.0
dcs:who/WHS3_62,dcid:country/PAK,1981,29010.0
dcs:who/WHS3_62,dcid:country/PAK,1988,55543.0
dcs:who/WHS3_62,dcid:country/PAK,2014,1370.0
dcs:who/WHS3_62,dcid:country/PAK,1983,21004.0
dcs:who/WHS3_62,dcid:country/PAK,1997,1848.0
dcs:who/WHS3_62,dcid:country/PAK,2021,10399.0
dcs:who/WHS3_62,dcid:country/PAK,1995,1720.0
dcs:who/WHS3_62,dcid:country/PAK,1996,1090.0
dcs:who/WHS3_62,dcid:country/PAK,1999,2940.0
dcs:who/WHS3_62,dcid:country/PAK,1993,1967.0
dcs:who/WHS3_62,dcid:country/PAK,2000,2064.0
dcs:who/WHS3_62,dcid:country/PAK,2001,3849.0
dcs:who/WHS3_62,dcid:country/PAK,1987,45996.0
dcs:who/WHS3_62,dcid:country/PAK,2011,4386.0
dcs:who/WHS3_62,dcid:country/PAK,2012,8046.0
dcs:who/WHS3_62,dcid:country/PAK,2019,2066.0
dcs:who/WHS3_62,dcid:country/PAK,2006,7641.0
dcs:who/WHS3_62,dcid:country/PAK,2015,386.0
dcs:who/WHS3_62,dcid:country/PAK,2009,863.0
dcs:who/WHS3_62,dcid:country/PAK,2004,4248.0
dcs:who/WHS3_62,dcid:country/PAK,1984,17322.0
dcs:who/WHS3_62,dcid:country/PAK,1992,2967.0
dcs:who/WHS3_62,dcid:country/PAK,1998,2333.0
dcs:who/WHS3_62,dcid:country/PAK,2013,8749.0
dcs:who/WHS3_62,dcid:country/PAK,2008,1129.0
dcs:who/WHS3_62,dcid:country/PAK,1982,19890.0
dcs:who/WHS3_62,dcid:country/PAK,2017,9175.0
dcs:who/WHS3_62,dcid:country/PAK,1991,617.0
dcs:who/WHS3_62,dcid:country/PAK,2020,2747.0
dcs:who/WHS3_62,dcid:country/PAK,1985,26686.0
dcs:who/WHS3_62,dcid:country/PAK,2005,2981.0
dcs:who/WHS3_62,dcid:country/PAK,1980,28573.0
dcs:who/WHS3_62,dcid:country/PAK,1986,42304.0
dcs:who/WHS3_62,dcid:country/PAK,2022,8378.0
dcs:who/WHS3_62,dcid:country/PAK,2007,2801.0
dcs:who/WHS3_62,dcid:country/PAK,2003,4740.0
dcs:who/WHS3_62,dcid:country/PAK,1989,2349.0
dcs:who/WHS3_62,dcid:country/PAK,1990,21785.0
dcs:who/WHS3_62,dcid:country/PAK,2018,33007.0
dcs:who/WHS3_62,dcid:country/PAK,2010,4321.0
dcs:who/WHS3_62,dcid:country/PAN,2011,4.0
dcs:who/WHS3_62,dcid:country/PAN,1980,2096.0
dcs:who/WHS3_62,dcid:country/PAN,2017,0.0
dcs:who/WHS3_62,dcid:country/PAN,2013,0.0
dcs:who/WHS3_62,dcid:country/PAN,2010,0.0
dcs:who/WHS3_62,dcid:country/PAN,2005,0.0
dcs:who/WHS3_62,dcid:country/PAN,2015,0.0
dcs:who/WHS3_62,dcid:country/PAN,1992,845.0
dcs:who/WHS3_62,dcid:country/PAN,1995,19.0
dcs:who/WHS3_62,dcid:country/PAN,2003,0.0
dcs:who/WHS3_62,dcid:country/PAN,1984,358.0
dcs:who/WHS3_62,dcid:country/PAN,1987,1885.0
dcs:who/WHS3_62,dcid:country/PAN,1994,3.0
dcs:who/WHS3_62,dcid:country/PAN,1986,4199.0
dcs:who/WHS3_62,dcid:country/PAN,2004,0.0
dcs:who/WHS3_62,dcid:country/PAN,1999,0.0
dcs:who/WHS3_62,dcid:country/PAN,2022,0.0
dcs:who/WHS3_62,dcid:country/PAN,2021,0.0
dcs:who/WHS3_62,dcid:country/PAN,2014,0.0
dcs:who/WHS3_62,dcid:country/PAN,1989,301.0
dcs:who/WHS3_62,dcid:country/PAN,2006,0.0
dcs:who/WHS3_62,dcid:country/PAN,1983,595.0
dcs:who/WHS3_62,dcid:country/PAN,2009,0.0
dcs:who/WHS3_62,dcid:country/PAN,2002,0.0
dcs:who/WHS3_62,dcid:country/PAN,1988,378.0
dcs:who/WHS3_62,dcid:country/PAN,2020,0.0
dcs:who/WHS3_62,dcid:country/PAN,1982,4014.0
dcs:who/WHS3_62,dcid:country/PAN,1991,2430.0
dcs:who/WHS3_62,dcid:country/PAN,1993,90.0
dcs:who/WHS3_62,dcid:country/PAN,2000,0.0
dcs:who/WHS3_62,dcid:country/PAN,2012,0.0
dcs:who/WHS3_62,dcid:country/PAN,2019,0.0
dcs:who/WHS3_62,dcid:country/PAN,2016,0.0
dcs:who/WHS3_62,dcid:country/PAN,2007,0.0
dcs:who/WHS3_62,dcid:country/PAN,2001,0.0
dcs:who/WHS3_62,dcid:country/PAN,1981,4332.0
dcs:who/WHS3_62,dcid:country/PAN,1998,0.0
dcs:who/WHS3_62,dcid:country/PAN,2008,0.0
dcs:who/WHS3_62,dcid:country/PAN,1997,0.0
dcs:who/WHS3_62,dcid:country/PAN,1996,0.0
dcs:who/WHS3_62,dcid:country/PAN,1990,1891.0
dcs:who/WHS3_62,dcid:country/PAN,1985,4295.0
dcs:who/WHS3_62,dcid:country/PAN,2018,0.0
dcs:who/WHS3_62,dcid:country/PER,2023,0.0
dcs:who/WHS3_62,dcid:country/PER,1997,95.0
dcs:who/WHS3_62,dcid:country/PER,1998,10.0
dcs:who/WHS3_62,dcid:country/PER,2017,0.0
dcs:who/WHS3_62,dcid:country/PER,1983,7619.0
dcs:who/WHS3_62,dcid:country/PER,2019,2.0
dcs:who/WHS3_62,dcid:country/PER,2009,0.0
dcs:who/WHS3_62,dcid:country/PER,1980,19246.0
dcs:who/WHS3_62,dcid:country/PER,2007,0.0
dcs:who/WHS3_62,dcid:country/PER,2008,1.0
dcs:who/WHS3_62,dcid:country/PER,1981,10071.0
dcs:who/WHS3_62,dcid:country/PER,2006,0.0
dcs:who/WHS3_62,dcid:country/PER,1991,1014.0
dcs:who/WHS3_62,dcid:country/PER,1988,5785.0
dcs:who/WHS3_62,dcid:country/PER,1986,6099.0
dcs:who/WHS3_62,dcid:country/PER,2013,0.0
dcs:who/WHS3_62,dcid:country/PER,1994,670.0
dcs:who/WHS3_62,dcid:country/PER,2018,42.0
dcs:who/WHS3_62,dcid:country/PER,1999,12.0
dcs:who/WHS3_62,dcid:country/PER,1987,6240.0
dcs:who/WHS3_62,dcid:country/PER,2016,0.0
dcs:who/WHS3_62,dcid:country/PER,1984,13039.0
dcs:who/WHS3_62,dcid:country/PER,1989,1145.0
dcs:who/WHS3_62,dcid:country/PER,1995,353.0
dcs:who/WHS3_62,dcid:country/PER,1985,9393.0
dcs:who/WHS3_62,dcid:country/PER,2022,0.0
dcs:who/WHS3_62,dcid:country/PER,2010,0.0
dcs:who/WHS3_62,dcid:country/PER,2012,0.0
dcs:who/WHS3_62,dcid:country/PER,2002,0.0
dcs:who/WHS3_62,dcid:country/PER,1982,12708.0
dcs:who/WHS3_62,dcid:country/PER,2005,0.0
dcs:who/WHS3_62,dcid:country/PER,2003,0.0
dcs:who/WHS3_62,dcid:country/PER,1996,105.0
dcs:who/WHS3_62,dcid:country/PER,2021,0.0
dcs:who/WHS3_62,dcid:country/PER,1993,1730.0
dcs:who/WHS3_62,dcid:country/PER,2014,0.0
dcs:who/WHS3_62,dcid:country/PER,1990,737.0
dcs:who/WHS3_62,dcid:country/PER,2004,0.0
dcs:who/WHS3_62,dcid:country/PER,2000,1.0
dcs:who/WHS3_62,dcid:country/PER,2011,0.0
dcs:who/WHS3_62,dcid:country/PER,1992,22605.0
dcs:who/WHS3_62,dcid:country/PER,2020,0.0
dcs:who/WHS3_62,dcid:country/PER,2015,4.0
dcs:who/WHS3_62,dcid:country/PER,2001,0.0
dcs:who/WHS3_62,dcid:country/PHL,1992,39304.0
dcs:who/WHS3_62,dcid:country/PHL,2018,20827.0
dcs:who/WHS3_62,dcid:country/PHL,2002,7003.0
dcs:who/WHS3_62,dcid:country/PHL,1982,35989.0
dcs:who/WHS3_62,dcid:country/PHL,1991,29037.0
dcs:who/WHS3_62,dcid:country/PHL,1988,70801.0
dcs:who/WHS3_62,dcid:country/PHL,2007,530.0
dcs:who/WHS3_62,dcid:country/PHL,2019,48525.0
dcs:who/WHS3_62,dcid:country/PHL,2009,1469.0
dcs:who/WHS3_62,dcid:country/PHL,1994,3006.0
dcs:who/WHS3_62,dcid:country/PHL,2022,589.0
dcs:who/WHS3_62,dcid:country/PHL,1981,27031.0
dcs:who/WHS3_62,dcid:country/PHL,2014,58848.0
dcs:who/WHS3_62,dcid:country/PHL,2005,118.0
dcs:who/WHS3_62,dcid:country/PHL,2008,341.0
dcs:who/WHS3_62,dcid:country/PHL,2010,6368.0
dcs:who/WHS3_62,dcid:country/PHL,2016,716.0
dcs:who/WHS3_62,dcid:country/PHL,1984,75290.0
dcs:who/WHS3_62,dcid:country/PHL,1990,42938.0
dcs:who/WHS3_62,dcid:country/PHL,2012,1536.0
dcs:who/WHS3_62,dcid:country/PHL,1997,9218.0
dcs:who/WHS3_62,dcid:country/PHL,1989,68986.0
dcs:who/WHS3_62,dcid:country/PHL,2013,2920.0
dcs:who/WHS3_62,dcid:country/PHL,2001,7360.0
dcs:who/WHS3_62,dcid:country/PHL,2020,3832.0
dcs:who/WHS3_62,dcid:country/PHL,1995,3913.0
dcs:who/WHS3_62,dcid:country/PHL,2015,619.0
dcs:who/WHS3_62,dcid:country/PHL,2000,7120.0
dcs:who/WHS3_62,dcid:country/PHL,1998,1984.0
dcs:who/WHS3_62,dcid:country/PHL,2017,2428.0
dcs:who/WHS3_62,dcid:country/PHL,2011,6538.0
dcs:who/WHS3_62,dcid:country/PHL,1986,59375.0
dcs:who/WHS3_62,dcid:country/PHL,2004,3025.0
dcs:who/WHS3_62,dcid:country/PHL,2003,10511.0
dcs:who/WHS3_62,dcid:country/PHL,1987,81896.0
dcs:who/WHS3_62,dcid:country/PHL,1980,26765.0
dcs:who/WHS3_62,dcid:country/PHL,1999,2981.0
dcs:who/WHS3_62,dcid:country/PHL,1983,43684.0
dcs:who/WHS3_62,dcid:country/PHL,1993,7541.0
dcs:who/WHS3_62,dcid:country/PHL,1985,62959.0
dcs:who/WHS3_62,dcid:country/PHL,2023,2892.0
dcs:who/WHS3_62,dcid:country/PHL,2006,9.0
dcs:who/WHS3_62,dcid:country/PHL,2021,206.0
dcs:who/WHS3_62,dcid:country/PLW,1991,0.0
dcs:who/WHS3_62,dcid:country/PLW,1989,1.0
dcs:who/WHS3_62,dcid:country/PLW,2010,0.0
dcs:who/WHS3_62,dcid:country/PLW,1997,0.0
dcs:who/WHS3_62,dcid:country/PLW,1982,0.0
dcs:who/WHS3_62,dcid:country/PLW,2023,0.0
dcs:who/WHS3_62,dcid:country/PLW,1998,1.0
dcs:who/WHS3_62,dcid:country/PLW,2012,0.0
dcs:who/WHS3_62,dcid:country/PLW,1981,0.0
dcs:who/WHS3_62,dcid:country/PLW,1984,0.0
dcs:who/WHS3_62,dcid:country/PLW,2011,0.0
dcs:who/WHS3_62,dcid:country/PLW,2005,0.0
dcs:who/WHS3_62,dcid:country/PLW,1986,0.0
dcs:who/WHS3_62,dcid:country/PLW,2015,0.0
dcs:who/WHS3_62,dcid:country/PLW,1988,0.0
dcs:who/WHS3_62,dcid:country/PLW,1995,0.0
dcs:who/WHS3_62,dcid:country/PLW,1987,0.0
dcs:who/WHS3_62,dcid:country/PLW,2008,0.0
dcs:who/WHS3_62,dcid:country/PLW,2006,0.0
dcs:who/WHS3_62,dcid:country/PLW,2007,0.0
dcs:who/WHS3_62,dcid:country/PLW,1993,93.0
dcs:who/WHS3_62,dcid:country/PLW,1980,0.0
dcs:who/WHS3_62,dcid:country/PLW,1983,0.0
dcs:who/WHS3_62,dcid:country/PLW,1996,0.0
dcs:who/WHS3_62,dcid:country/PLW,2004,0.0
dcs:who/WHS3_62,dcid:country/PLW,1994,0.0
dcs:who/WHS3_62,dcid:country/PLW,1992,0.0
dcs:who/WHS3_62,dcid:country/PLW,2022,0.0
dcs:who/WHS3_62,dcid:country/PLW,2014,0.0
dcs:who/WHS3_62,dcid:country/PLW,1990,0.0
dcs:who/WHS3_62,dcid:country/PLW,2013,0.0
dcs:who/WHS3_62,dcid:country/PLW,2017,0.0
dcs:who/WHS3_62,dcid:country/PLW,2016,0.0
dcs:who/WHS3_62,dcid:country/PLW,1985,0.0
dcs:who/WHS3_62,dcid:country/PLW,1999,0.0
dcs:who/WHS3_62,dcid:country/PLW,2002,0.0
dcs:who/WHS3_62,dcid:country/PLW,2000,0.0
dcs:who/WHS3_62,dcid:country/PLW,2009,0.0
dcs:who/WHS3_62,dcid:country/PNG,2003,3863.0
dcs:who/WHS3_62,dcid:country/PNG,2001,4023.0
dcs:who/WHS3_62,dcid:country/PNG,2004,1385.0
dcs:who/WHS3_62,dcid:country/PNG,2011,0.0
dcs:who/WHS3_62,dcid:country/PNG,2013,12.0
dcs:who/WHS3_62,dcid:country/PNG,1990,4575.0
dcs:who/WHS3_62,dcid:country/PNG,1998,1148.0
dcs:who/WHS3_62,dcid:country/PNG,1996,2313.0
dcs:who/WHS3_62,dcid:country/PNG,2014,2299.0
dcs:who/WHS3_62,dcid:country/PNG,1980,12125.0
dcs:who/WHS3_62,dcid:country/PNG,1988,6543.0
dcs:who/WHS3_62,dcid:country/PNG,2023,12.0
dcs:who/WHS3_62,dcid:country/PNG,2022,2.0
dcs:who/WHS3_62,dcid:country/PNG,1984,9874.0
dcs:who/WHS3_62,dcid:country/PNG,2009,0.0
dcs:who/WHS3_62,dcid:country/PNG,2000,7135.0
dcs:who/WHS3_62,dcid:country/PNG,2018,19.0
dcs:who/WHS3_62,dcid:country/PNG,2005,1222.0
dcs:who/WHS3_62,dcid:country/PNG,2012,0.0
dcs:who/WHS3_62,dcid:country/PNG,1993,8212.0
dcs:who/WHS3_62,dcid:country/PNG,2016,0.0
dcs:who/WHS3_62,dcid:country/PNG,1981,16519.0
dcs:who/WHS3_62,dcid:country/PNG,2020,4.0
dcs:who/WHS3_62,dcid:country/PNG,2007,0.0
dcs:who/WHS3_62,dcid:country/PNG,1992,6634.0
dcs:who/WHS3_62,dcid:country/PNG,1997,678.0
dcs:who/WHS3_62,dcid:country/PNG,1995,3730.0
dcs:who/WHS3_62,dcid:country/PNG,2008,0.0
dcs:who/WHS3_62,dcid:country/PNG,1991,2740.0
dcs:who/WHS3_62,dcid:country/PNG,2010,0.0
dcs:who/WHS3_62,dcid:country/PNG,1987,10206.0
dcs:who/WHS3_62,dcid:country/PNG,1983,10023.0
dcs:who/WHS3_62,dcid:country/PNG,2002,17620.0
dcs:who/WHS3_62,dcid:country/PNG,2019,1.0
dcs:who/WHS3_62,dcid:country/PNG,1994,6821.0
dcs:who/WHS3_62,dcid:country/PNG,1982,12771.0
dcs:who/WHS3_62,dcid:country/PNG,2021,0.0
dcs:who/WHS3_62,dcid:country/PNG,1999,6304.0
dcs:who/WHS3_62,dcid:country/PNG,1986,19024.0
dcs:who/WHS3_62,dcid:country/PNG,2015,38.0
dcs:who/WHS3_62,dcid:country/PNG,2017,7.0
dcs:who/WHS3_62,dcid:country/PNG,2006,1.0
dcs:who/WHS3_62,dcid:country/PNG,1985,5680.0
dcs:who/WHS3_62,dcid:country/PNG,1989,9799.0
dcs:who/WHS3_62,dcid:country/POL,1984,54403.0
dcs:who/WHS3_62,dcid:country/POL,1985,35680.0
dcs:who/WHS3_62,dcid:country/POL,2022,27.0
dcs:who/WHS3_62,dcid:country/POL,2000,77.0
dcs:who/WHS3_62,dcid:country/POL,1989,7225.0
dcs:who/WHS3_62,dcid:country/POL,1982,7620.0
dcs:who/WHS3_62,dcid:country/POL,2005,13.0
dcs:who/WHS3_62,dcid:country/POL,2013,84.0
dcs:who/WHS3_62,dcid:country/POL,2018,359.0
dcs:who/WHS3_62,dcid:country/POL,2017,63.0
dcs:who/WHS3_62,dcid:country/POL,1991,2419.0
dcs:who/WHS3_62,dcid:country/POL,1987,1286.0
dcs:who/WHS3_62,dcid:country/POL,1999,99.0
dcs:who/WHS3_62,dcid:country/POL,2012,71.0
dcs:who/WHS3_62,dcid:country/POL,1993,1410.0
dcs:who/WHS3_62,dcid:country/POL,2007,40.0
dcs:who/WHS3_62,dcid:country/POL,2002,34.0
dcs:who/WHS3_62,dcid:country/POL,1992,3695.0
dcs:who/WHS3_62,dcid:country/POL,1998,2255.0
dcs:who/WHS3_62,dcid:country/POL,1996,639.0
dcs:who/WHS3_62,dcid:country/POL,2019,1367.0
dcs:who/WHS3_62,dcid:country/POL,1983,11271.0
dcs:who/WHS3_62,dcid:country/POL,1981,35283.0
dcs:who/WHS3_62,dcid:country/POL,2020,29.0
dcs:who/WHS3_62,dcid:country/POL,2004,11.0
dcs:who/WHS3_62,dcid:country/POL,1988,1005.0
dcs:who/WHS3_62,dcid:country/POL,2009,115.0
dcs:who/WHS3_62,dcid:country/POL,1997,338.0
dcs:who/WHS3_62,dcid:country/POL,2021,13.0
dcs:who/WHS3_62,dcid:country/POL,1986,6806.0
dcs:who/WHS3_62,dcid:country/POL,1990,56471.0
dcs:who/WHS3_62,dcid:country/POL,2010,13.0
dcs:who/WHS3_62,dcid:country/POL,2016,123.0
dcs:who/WHS3_62,dcid:country/POL,1994,864.0
dcs:who/WHS3_62,dcid:country/POL,2006,120.0
dcs:who/WHS3_62,dcid:country/POL,2003,48.0
dcs:who/WHS3_62,dcid:country/POL,2001,133.0
dcs:who/WHS3_62,dcid:country/POL,1995,752.0
dcs:who/WHS3_62,dcid:country/POL,1980,24882.0
dcs:who/WHS3_62,dcid:country/PRK,2013,0.0
dcs:who/WHS3_62,dcid:country/PRK,2022,0.0
dcs:who/WHS3_62,dcid:country/PRK,2010,0.0
dcs:who/WHS3_62,dcid:country/PRK,1986,0.0
dcs:who/WHS3_62,dcid:country/PRK,2018,0.0
dcs:who/WHS3_62,dcid:country/PRK,2001,0.0
dcs:who/WHS3_62,dcid:country/PRK,1993,0.0
dcs:who/WHS3_62,dcid:country/PRK,1981,0.0
dcs:who/WHS3_62,dcid:country/PRK,1991,0.0
dcs:who/WHS3_62,dcid:country/PRK,1994,0.0
dcs:who/WHS3_62,dcid:country/PRK,1997,0.0
dcs:who/WHS3_62,dcid:country/PRK,2006,0.0
dcs:who/WHS3_62,dcid:country/PRK,2014,3.0
dcs:who/WHS3_62,dcid:country/PRK,2023,0.0
dcs:who/WHS3_62,dcid:country/PRK,2009,0.0
dcs:who/WHS3_62,dcid:country/PRK,1985,0.0
dcs:who/WHS3_62,dcid:country/PRK,2008,8.0
dcs:who/WHS3_62,dcid:country/PRK,1996,0.0
dcs:who/WHS3_62,dcid:country/PRK,2007,3550.0
dcs:who/WHS3_62,dcid:country/PRK,2002,0.0
dcs:who/WHS3_62,dcid:country/PRK,1998,0.0
dcs:who/WHS3_62,dcid:country/PRK,1982,0.0
dcs:who/WHS3_62,dcid:country/PRK,1995,0.0
dcs:who/WHS3_62,dcid:country/PRK,2003,0.0
dcs:who/WHS3_62,dcid:country/PRK,2020,0.0
dcs:who/WHS3_62,dcid:country/PRK,1989,0.0
dcs:who/WHS3_62,dcid:country/PRK,1990,0.0
dcs:who/WHS3_62,dcid:country/PRK,1980,0.0
dcs:who/WHS3_62,dcid:country/PRK,2005,0.0
dcs:who/WHS3_62,dcid:country/PRK,1984,0.0
dcs:who/WHS3_62,dcid:country/PRK,2004,0.0
dcs:who/WHS3_62,dcid:country/PRK,2012,0.0
dcs:who/WHS3_62,dcid:country/PRK,2017,0.0
dcs:who/WHS3_62,dcid:country/PRK,1983,0.0
dcs:who/WHS3_62,dcid:country/PRK,2016,0.0
dcs:who/WHS3_62,dcid:country/PRK,1988,0.0
dcs:who/WHS3_62,dcid:country/PRK,1987,0.0
dcs:who/WHS3_62,dcid:country/PRK,1999,0.0
dcs:who/WHS3_62,dcid:country/PRK,2011,0.0
dcs:who/WHS3_62,dcid:country/PRK,1992,0.0
dcs:who/WHS3_62,dcid:country/PRK,2015,0.0
dcs:who/WHS3_62,dcid:country/PRT,1993,881.0
dcs:who/WHS3_62,dcid:country/PRT,2000,45.0
dcs:who/WHS3_62,dcid:country/PRT,2012,23.0
dcs:who/WHS3_62,dcid:country/PRT,1987,813.0
dcs:who/WHS3_62,dcid:country/PRT,2013,1.0
dcs:who/WHS3_62,dcid:country/PRT,2017,34.0
dcs:who/WHS3_62,dcid:country/PRT,2020,10.0
dcs:who/WHS3_62,dcid:country/PRT,2019,10.0
dcs:who/WHS3_62,dcid:country/PRT,2021,0.0
dcs:who/WHS3_62,dcid:country/PRT,1988,2285.0
dcs:who/WHS3_62,dcid:country/PRT,1996,112.0
dcs:who/WHS3_62,dcid:country/PRT,2003,8.0
dcs:who/WHS3_62,dcid:country/PRT,2011,2.0
dcs:who/WHS3_62,dcid:country/PRT,2006,0.0
dcs:who/WHS3_62,dcid:country/PRT,1990,407.0
dcs:who/WHS3_62,dcid:country/PRT,1994,3230.0
dcs:who/WHS3_62,dcid:country/PRT,1992,208.0
dcs:who/WHS3_62,dcid:country/PRT,2002,8.0
dcs:who/WHS3_62,dcid:country/PRT,1999,50.0
dcs:who/WHS3_62,dcid:country/PRT,2008,1.0
dcs:who/WHS3_62,dcid:country/PRT,1989,11791.0
dcs:who/WHS3_62,dcid:country/PRT,2010,5.0
dcs:who/WHS3_62,dcid:country/PRT,2005,7.0
dcs:who/WHS3_62,dcid:country/PRT,1997,129.0
dcs:who/WHS3_62,dcid:country/PRT,2009,3.0
dcs:who/WHS3_62,dcid:country/PRT,2016,34.0
dcs:who/WHS3_62,dcid:country/PRT,2007,0.0
dcs:who/WHS3_62,dcid:country/PRT,2015,0.0
dcs:who/WHS3_62,dcid:country/PRT,1998,96.0
dcs:who/WHS3_62,dcid:country/PRT,1991,275.0
dcs:who/WHS3_62,dcid:country/PRT,2004,5.0
dcs:who/WHS3_62,dcid:country/PRT,1995,192.0
dcs:who/WHS3_62,dcid:country/PRT,2018,162.0
dcs:who/WHS3_62,dcid:country/PRT,2023,0.0
dcs:who/WHS3_62,dcid:country/PRT,2022,0.0
dcs:who/WHS3_62,dcid:country/PRY,1984,979.0
dcs:who/WHS3_62,dcid:country/PRY,1986,610.0
dcs:who/WHS3_62,dcid:country/PRY,2009,0.0
dcs:who/WHS3_62,dcid:country/PRY,2016,0.0
dcs:who/WHS3_62,dcid:country/PRY,2017,0.0
dcs:who/WHS3_62,dcid:country/PRY,1998,70.0
dcs:who/WHS3_62,dcid:country/PRY,1990,1396.0
dcs:who/WHS3_62,dcid:country/PRY,2018,0.0
dcs:who/WHS3_62,dcid:country/PRY,2005,0.0
dcs:who/WHS3_62,dcid:country/PRY,2011,0.0
dcs:who/WHS3_62,dcid:country/PRY,2015,0.0
dcs:who/WHS3_62,dcid:country/PRY,1993,2066.0
dcs:who/WHS3_62,dcid:country/PRY,1999,0.0
dcs:who/WHS3_62,dcid:country/PRY,2013,0.0
dcs:who/WHS3_62,dcid:country/PRY,1980,745.0
dcs:who/WHS3_62,dcid:country/PRY,1985,666.0
dcs:who/WHS3_62,dcid:country/PRY,2002,0.0
dcs:who/WHS3_62,dcid:country/PRY,2003,0.0
dcs:who/WHS3_62,dcid:country/PRY,2023,0.0
dcs:who/WHS3_62,dcid:country/PRY,2010,0.0
dcs:who/WHS3_62,dcid:country/PRY,2001,0.0
dcs:who/WHS3_62,dcid:country/PRY,1995,73.0
dcs:who/WHS3_62,dcid:country/PRY,2008,0.0
dcs:who/WHS3_62,dcid:country/PRY,2007,0.0
dcs:who/WHS3_62,dcid:country/PRY,1991,526.0
dcs:who/WHS3_62,dcid:country/PRY,1992,864.0
dcs:who/WHS3_62,dcid:country/PRY,2022,1.0
dcs:who/WHS3_62,dcid:country/PRY,2021,0.0
dcs:who/WHS3_62,dcid:country/PRY,2004,0.0
dcs:who/WHS3_62,dcid:country/PRY,1994,122.0
dcs:who/WHS3_62,dcid:country/PRY,2019,0.0
dcs:who/WHS3_62,dcid:country/PRY,1983,1259.0
dcs:who/WHS3_62,dcid:country/PRY,1988,755.0
dcs:who/WHS3_62,dcid:country/PRY,1987,1742.0
dcs:who/WHS3_62,dcid:country/PRY,1989,386.0
dcs:who/WHS3_62,dcid:country/PRY,1997,143.0
dcs:who/WHS3_62,dcid:country/PRY,2014,0.0
dcs:who/WHS3_62,dcid:country/PRY,1981,428.0
dcs:who/WHS3_62,dcid:country/PRY,2006,0.0
dcs:who/WHS3_62,dcid:country/PRY,2012,0.0
dcs:who/WHS3_62,dcid:country/PRY,1996,13.0
dcs:who/WHS3_62,dcid:country/PRY,2020,0.0
dcs:who/WHS3_62,dcid:country/PRY,2000,0.0
dcs:who/WHS3_62,dcid:country/PRY,1982,531.0
dcs:who/WHS3_62,dcid:country/PSE,2017,63.0
dcs:who/WHS3_62,dcid:country/PSE,1997,28.0
dcs:who/WHS3_62,dcid:country/PSE,1999,138.0
dcs:who/WHS3_62,dcid:country/PSE,1998,40.0
dcs:who/WHS3_62,dcid:country/PSE,2018,0.0
dcs:who/WHS3_62,dcid:country/PSE,2010,1.0
dcs:who/WHS3_62,dcid:country/PSE,2021,11.0
dcs:who/WHS3_62,dcid:country/PSE,2020,1001.0
dcs:who/WHS3_62,dcid:country/PSE,2000,5.0
dcs:who/WHS3_62,dcid:country/PSE,2019,228.0
dcs:who/WHS3_62,dcid:country/PSE,1996,33.0
dcs:who/WHS3_62,dcid:country/PSE,2023,3.0
dcs:who/WHS3_62,dcid:country/PYF,1982,1187.0
dcs:who/WHS3_62,dcid:country/PYF,1992,22.0
dcs:who/WHS3_62,dcid:country/PYF,1998,0.0
dcs:who/WHS3_62,dcid:country/PYF,2010,0.0
dcs:who/WHS3_62,dcid:country/PYF,1984,113.0
dcs:who/WHS3_62,dcid:country/PYF,2021,0.0
dcs:who/WHS3_62,dcid:country/PYF,1996,387.0
dcs:who/WHS3_62,dcid:country/PYF,2001,3.0
dcs:who/WHS3_62,dcid:country/PYF,2008,0.0
dcs:who/WHS3_62,dcid:country/PYF,2011,0.0
dcs:who/WHS3_62,dcid:country/PYF,1995,7.0
dcs:who/WHS3_62,dcid:country/PYF,1985,1927.0
dcs:who/WHS3_62,dcid:country/PYF,1994,95.0
dcs:who/WHS3_62,dcid:country/PYF,1983,1015.0
dcs:who/WHS3_62,dcid:country/PYF,2007,0.0
dcs:who/WHS3_62,dcid:country/PYF,1980,379.0
dcs:who/WHS3_62,dcid:country/PYF,1981,1281.0
dcs:who/WHS3_62,dcid:country/PYF,1987,40.0
dcs:who/WHS3_62,dcid:country/PYF,1999,13.0
dcs:who/WHS3_62,dcid:country/PYF,2020,0.0
dcs:who/WHS3_62,dcid:country/PYF,1990,30.0
dcs:who/WHS3_62,dcid:country/PYF,1993,21.0
dcs:who/WHS3_62,dcid:country/PYF,1997,518.0
dcs:who/WHS3_62,dcid:country/PYF,1986,43.0
dcs:who/WHS3_62,dcid:country/PYF,1988,18.0
dcs:who/WHS3_62,dcid:country/PYF,1989,82.0
dcs:who/WHS3_62,dcid:country/PYF,2009,0.0
dcs:who/WHS3_62,dcid:country/PYF,2022,0.0
dcs:who/WHS3_62,dcid:country/PYF,2023,0.0
dcs:who/WHS3_62,dcid:country/PYF,1991,31.0
dcs:who/WHS3_62,dcid:country/QAT,2005,74.0
dcs:who/WHS3_62,dcid:country/QAT,1989,1083.0
dcs:who/WHS3_62,dcid:country/QAT,2011,101.0
dcs:who/WHS3_62,dcid:country/QAT,2009,112.0
dcs:who/WHS3_62,dcid:country/QAT,2015,18.0
dcs:who/WHS3_62,dcid:country/QAT,1992,68.0
dcs:who/WHS3_62,dcid:country/QAT,2019,5.0
dcs:who/WHS3_62,dcid:country/QAT,1982,506.0
dcs:who/WHS3_62,dcid:country/QAT,1983,816.0
dcs:who/WHS3_62,dcid:country/QAT,2000,46.0
dcs:who/WHS3_62,dcid:country/QAT,2006,144.0
dcs:who/WHS3_62,dcid:country/QAT,2007,361.0
dcs:who/WHS3_62,dcid:country/QAT,1990,314.0
dcs:who/WHS3_62,dcid:country/QAT,2020,3.0
dcs:who/WHS3_62,dcid:country/QAT,1998,116.0
dcs:who/WHS3_62,dcid:country/QAT,1994,31.0
dcs:who/WHS3_62,dcid:country/QAT,1993,86.0
dcs:who/WHS3_62,dcid:country/QAT,1984,886.0
dcs:who/WHS3_62,dcid:country/QAT,1991,563.0
dcs:who/WHS3_62,dcid:country/QAT,2010,295.0
dcs:who/WHS3_62,dcid:country/QAT,2018,2.0
dcs:who/WHS3_62,dcid:country/QAT,2004,29.0
dcs:who/WHS3_62,dcid:country/QAT,2016,30.0
dcs:who/WHS3_62,dcid:country/QAT,2017,9.0
dcs:who/WHS3_62,dcid:country/QAT,1980,392.0
dcs:who/WHS3_62,dcid:country/QAT,1986,2095.0
dcs:who/WHS3_62,dcid:country/QAT,2013,73.0
dcs:who/WHS3_62,dcid:country/QAT,2021,1.0
dcs:who/WHS3_62,dcid:country/QAT,2023,127.0
dcs:who/WHS3_62,dcid:country/QAT,1981,1489.0
dcs:who/WHS3_62,dcid:country/QAT,1996,38.0
dcs:who/WHS3_62,dcid:country/QAT,1997,439.0
dcs:who/WHS3_62,dcid:country/QAT,2002,34.0
dcs:who/WHS3_62,dcid:country/QAT,1995,0.0
dcs:who/WHS3_62,dcid:country/QAT,1987,409.0
dcs:who/WHS3_62,dcid:country/QAT,2012,160.0
dcs:who/WHS3_62,dcid:country/QAT,2014,46.0
dcs:who/WHS3_62,dcid:country/QAT,1985,1410.0
dcs:who/WHS3_62,dcid:country/QAT,2022,1.0
dcs:who/WHS3_62,dcid:country/QAT,2003,24.0
dcs:who/WHS3_62,dcid:country/QAT,1988,382.0
dcs:who/WHS3_62,dcid:country/QAT,2001,23.0
dcs:who/WHS3_62,dcid:country/ROU,2014,59.0
dcs:who/WHS3_62,dcid:country/ROU,1999,240.0
dcs:who/WHS3_62,dcid:country/ROU,2020,1004.0
dcs:who/WHS3_62,dcid:country/ROU,1998,9547.0
dcs:who/WHS3_62,dcid:country/ROU,2003,9.0
dcs:who/WHS3_62,dcid:country/ROU,1991,1773.0
dcs:who/WHS3_62,dcid:country/ROU,2013,1159.0
dcs:who/WHS3_62,dcid:country/ROU,1984,2108.0
dcs:who/WHS3_62,dcid:country/ROU,2016,2435.0
dcs:who/WHS3_62,dcid:country/ROU,1995,2188.0
dcs:who/WHS3_62,dcid:country/ROU,1993,28321.0
dcs:who/WHS3_62,dcid:country/ROU,2007,353.0
dcs:who/WHS3_62,dcid:country/ROU,1982,61682.0
dcs:who/WHS3_62,dcid:country/ROU,2005,5043.0
dcs:who/WHS3_62,dcid:country/ROU,2022,17.0
dcs:who/WHS3_62,dcid:country/ROU,2011,4189.0
dcs:who/WHS3_62,dcid:country/ROU,2010,193.0
dcs:who/WHS3_62,dcid:country/ROU,2009,8.0
dcs:who/WHS3_62,dcid:country/ROU,1987,11833.0
dcs:who/WHS3_62,dcid:country/ROU,1985,5007.0
dcs:who/WHS3_62,dcid:country/ROU,2017,9076.0
dcs:who/WHS3_62,dcid:country/ROU,2021,2.0
dcs:who/WHS3_62,dcid:country/ROU,2004,117.0
dcs:who/WHS3_62,dcid:country/ROU,2006,3196.0
dcs:who/WHS3_62,dcid:country/ROU,1986,34037.0
dcs:who/WHS3_62,dcid:country/ROU,1992,6061.0
dcs:who/WHS3_62,dcid:country/ROU,2018,6407.0
dcs:who/WHS3_62,dcid:country/ROU,1983,4723.0
dcs:who/WHS3_62,dcid:country/ROU,1997,23579.0
dcs:who/WHS3_62,dcid:country/ROU,1994,6228.0
dcs:who/WHS3_62,dcid:country/ROU,2002,14.0
dcs:who/WHS3_62,dcid:country/ROU,2023,3677.0
dcs:who/WHS3_62,dcid:country/ROU,1996,906.0
dcs:who/WHS3_62,dcid:country/ROU,2012,7450.0
dcs:who/WHS3_62,dcid:country/ROU,2000,35.0
dcs:who/WHS3_62,dcid:country/ROU,2001,10.0
dcs:who/WHS3_62,dcid:country/ROU,2015,4.0
dcs:who/WHS3_62,dcid:country/ROU,2019,3900.0
dcs:who/WHS3_62,dcid:country/ROU,1981,21584.0
dcs:who/WHS3_62,dcid:country/ROU,1989,3870.0
dcs:who/WHS3_62,dcid:country/ROU,1990,4691.0
dcs:who/WHS3_62,dcid:country/ROU,1988,1810.0
dcs:who/WHS3_62,dcid:country/ROU,1980,10476.0
dcs:who/WHS3_62,dcid:country/ROU,2008,12.0
dcs:who/WHS3_62,dcid:country/RUS,2000,4800.0
dcs:who/WHS3_62,dcid:country/RUS,2015,843.0
dcs:who/WHS3_62,dcid:country/RUS,1999,7428.0
dcs:who/WHS3_62,dcid:country/RUS,2003,3291.0
dcs:who/WHS3_62,dcid:country/RUS,2006,1147.0
dcs:who/WHS3_62,dcid:country/RUS,1995,6630.0
dcs:who/WHS3_62,dcid:country/RUS,2005,454.0
dcs:who/WHS3_62,dcid:country/RUS,2002,580.0
dcs:who/WHS3_62,dcid:country/RUS,1998,6215.0
dcs:who/WHS3_62,dcid:country/RUS,2008,27.0
dcs:who/WHS3_62,dcid:country/RUS,2019,4491.0
dcs:who/WHS3_62,dcid:country/RUS,2018,2539.0
dcs:who/WHS3_62,dcid:country/RUS,2010,129.0
dcs:who/WHS3_62,dcid:country/RUS,2021,1.0
dcs:who/WHS3_62,dcid:country/RUS,2020,1212.0
dcs:who/WHS3_62,dcid:country/RUS,1992,18570.0
dcs:who/WHS3_62,dcid:country/RUS,1991,20449.0
dcs:who/WHS3_62,dcid:country/RUS,2016,178.0
dcs:who/WHS3_62,dcid:country/RUS,1994,28672.0
dcs:who/WHS3_62,dcid:country/RUS,1990,18370.0
dcs:who/WHS3_62,dcid:country/RUS,2011,629.0
dcs:who/WHS3_62,dcid:country/RUS,2022,102.0
dcs:who/WHS3_62,dcid:country/RUS,2004,2444.0
dcs:who/WHS3_62,dcid:country/RUS,1993,74463.0
dcs:who/WHS3_62,dcid:country/RUS,2007,173.0
dcs:who/WHS3_62,dcid:country/RUS,2013,2339.0
dcs:who/WHS3_62,dcid:country/RUS,2017,721.0
dcs:who/WHS3_62,dcid:country/RUS,2001,2072.0
dcs:who/WHS3_62,dcid:country/RUS,2012,2123.0
dcs:who/WHS3_62,dcid:country/RUS,2023,13083.0
dcs:who/WHS3_62,dcid:country/RUS,1997,2874.0
dcs:who/WHS3_62,dcid:country/RUS,2009,101.0
dcs:who/WHS3_62,dcid:country/RUS,2014,4711.0
dcs:who/WHS3_62,dcid:country/RUS,1996,7120.0
dcs:who/WHS3_62,dcid:country/RWA,2021,40.0
dcs:who/WHS3_62,dcid:country/RWA,2000,2095.0
dcs:who/WHS3_62,dcid:country/RWA,2014,10.0
dcs:who/WHS3_62,dcid:country/RWA,2003,1064.0
dcs:who/WHS3_62,dcid:country/RWA,2006,494.0
dcs:who/WHS3_62,dcid:country/RWA,2015,1.0
dcs:who/WHS3_62,dcid:country/RWA,2020,108.0
dcs:who/WHS3_62,dcid:country/RWA,2011,31.0
dcs:who/WHS3_62,dcid:country/RWA,2005,129.0
dcs:who/WHS3_62,dcid:country/RWA,1986,42749.0
dcs:who/WHS3_62,dcid:country/RWA,1995,28874.0
dcs:who/WHS3_62,dcid:country/RWA,2023,108.0
dcs:who/WHS3_62,dcid:country/RWA,1980,80402.0
dcs:who/WHS3_62,dcid:country/RWA,1989,5429.0
dcs:who/WHS3_62,dcid:country/RWA,2001,896.0
dcs:who/WHS3_62,dcid:country/RWA,1982,36792.0
dcs:who/WHS3_62,dcid:country/RWA,2012,75.0
dcs:who/WHS3_62,dcid:country/RWA,1996,3988.0
dcs:who/WHS3_62,dcid:country/RWA,2017,145.0
dcs:who/WHS3_62,dcid:country/RWA,2004,386.0
dcs:who/WHS3_62,dcid:country/RWA,2016,95.0
dcs:who/WHS3_62,dcid:country/RWA,2013,17.0
dcs:who/WHS3_62,dcid:country/RWA,2007,26.0
dcs:who/WHS3_62,dcid:country/RWA,1985,16760.0
dcs:who/WHS3_62,dcid:country/RWA,1988,4364.0
dcs:who/WHS3_62,dcid:country/RWA,1990,8970.0
dcs:who/WHS3_62,dcid:country/RWA,1983,20001.0
dcs:who/WHS3_62,dcid:country/RWA,1993,9861.0
dcs:who/WHS3_62,dcid:country/RWA,2009,5.0
dcs:who/WHS3_62,dcid:country/RWA,2018,229.0
dcs:who/WHS3_62,dcid:country/RWA,1991,5820.0
dcs:who/WHS3_62,dcid:country/RWA,1999,4359.0
dcs:who/WHS3_62,dcid:country/RWA,1997,787.0
dcs:who/WHS3_62,dcid:country/RWA,1994,5999.0
dcs:who/WHS3_62,dcid:country/RWA,1987,12387.0
dcs:who/WHS3_62,dcid:country/RWA,2008,6.0
dcs:who/WHS3_62,dcid:country/RWA,1992,17429.0
dcs:who/WHS3_62,dcid:country/RWA,1981,79384.0
dcs:who/WHS3_62,dcid:country/RWA,2010,121.0
dcs:who/WHS3_62,dcid:country/RWA,2022,29.0
dcs:who/WHS3_62,dcid:country/RWA,2002,2738.0
dcs:who/WHS3_62,dcid:country/RWA,1984,17269.0
dcs:who/WHS3_62,dcid:country/RWA,2019,818.0
dcs:who/WHS3_62,dcid:country/SAU,2006,807.0
dcs:who/WHS3_62,dcid:country/SAU,2009,82.0
dcs:who/WHS3_62,dcid:country/SAU,2015,219.0
dcs:who/WHS3_62,dcid:country/SAU,2007,4648.0
dcs:who/WHS3_62,dcid:country/SAU,1999,2815.0
dcs:who/WHS3_62,dcid:country/SAU,1996,2407.0
dcs:who/WHS3_62,dcid:country/SAU,2011,362.0
dcs:who/WHS3_62,dcid:country/SAU,2023,2254.0
dcs:who/WHS3_62,dcid:country/SAU,1994,1253.0
dcs:who/WHS3_62,dcid:country/SAU,1982,33294.0
dcs:who/WHS3_62,dcid:country/SAU,2012,294.0
dcs:who/WHS3_62,dcid:country/SAU,1988,8225.0
dcs:who/WHS3_62,dcid:country/SAU,1987,29220.0
dcs:who/WHS3_62,dcid:country/SAU,2001,155.0
dcs:who/WHS3_62,dcid:country/SAU,2004,1880.0
dcs:who/WHS3_62,dcid:country/SAU,2020,35.0
dcs:who/WHS3_62,dcid:country/SAU,1980,46115.0
dcs:who/WHS3_62,dcid:country/SAU,2021,338.0
dcs:who/WHS3_62,dcid:country/SAU,2013,1164.0
dcs:who/WHS3_62,dcid:country/SAU,2016,125.0
dcs:who/WHS3_62,dcid:country/SAU,1998,5519.0
dcs:who/WHS3_62,dcid:country/SAU,2005,373.0
dcs:who/WHS3_62,dcid:country/SAU,1989,3588.0
dcs:who/WHS3_62,dcid:country/SAU,1985,18393.0
dcs:who/WHS3_62,dcid:country/SAU,2002,311.0
dcs:who/WHS3_62,dcid:country/SAU,2003,1208.0
dcs:who/WHS3_62,dcid:country/SAU,2014,154.0
dcs:who/WHS3_62,dcid:country/SAU,1993,3182.0
dcs:who/WHS3_62,dcid:country/SAU,2019,1035.0
dcs:who/WHS3_62,dcid:country/SAU,2008,158.0
dcs:who/WHS3_62,dcid:country/SAU,2017,459.0
dcs:who/WHS3_62,dcid:country/SAU,1991,6368.0
dcs:who/WHS3_62,dcid:country/SAU,1997,3978.0
dcs:who/WHS3_62,dcid:country/SAU,2010,334.0
dcs:who/WHS3_62,dcid:country/SAU,1995,2574.0
dcs:who/WHS3_62,dcid:country/SAU,1984,30457.0
dcs:who/WHS3_62,dcid:country/SAU,2018,1164.0
dcs:who/WHS3_62,dcid:country/SAU,1990,5439.0
dcs:who/WHS3_62,dcid:country/SAU,2022,247.0
dcs:who/WHS3_62,dcid:country/SAU,1981,35790.0
dcs:who/WHS3_62,dcid:country/SAU,1992,11299.0
dcs:who/WHS3_62,dcid:country/SAU,1986,22830.0
dcs:who/WHS3_62,dcid:country/SAU,1983,44633.0
dcs:who/WHS3_62,dcid:country/SDN,1992,17017.0
dcs:who/WHS3_62,dcid:country/SDN,2020,401.0
dcs:who/WHS3_62,dcid:country/SDN,1982,68171.0
dcs:who/WHS3_62,dcid:country/SDN,2004,9562.0
dcs:who/WHS3_62,dcid:country/SDN,2019,3555.0
dcs:who/WHS3_62,dcid:country/SDN,1981,64804.0
dcs:who/WHS3_62,dcid:country/SDN,2005,1374.0
dcs:who/WHS3_62,dcid:country/SDN,1987,1635.0
dcs:who/WHS3_62,dcid:country/SDN,1999,3347.0
dcs:who/WHS3_62,dcid:country/SDN,2002,4529.0
dcs:who/WHS3_62,dcid:country/SDN,2017,665.0
dcs:who/WHS3_62,dcid:country/SDN,1984,2390.0
dcs:who/WHS3_62,dcid:country/SDN,2012,8523.0
dcs:who/WHS3_62,dcid:country/SDN,2010,680.0
dcs:who/WHS3_62,dcid:country/SDN,2008,129.0
dcs:who/WHS3_62,dcid:country/SDN,1985,67589.0
dcs:who/WHS3_62,dcid:country/SDN,1988,7466.0
dcs:who/WHS3_62,dcid:country/SDN,1998,550.0
dcs:who/WHS3_62,dcid:country/SDN,2014,676.0
dcs:who/WHS3_62,dcid:country/SDN,2001,4362.0
dcs:who/WHS3_62,dcid:country/SDN,1995,841.0
dcs:who/WHS3_62,dcid:country/SDN,2013,2813.0
dcs:who/WHS3_62,dcid:country/SDN,1983,2806.0
dcs:who/WHS3_62,dcid:country/SDN,2007,327.0
dcs:who/WHS3_62,dcid:country/SDN,1994,963.0
dcs:who/WHS3_62,dcid:country/SDN,2018,4980.0
dcs:who/WHS3_62,dcid:country/SDN,2015,3585.0
dcs:who/WHS3_62,dcid:country/SDN,1989,15114.0
dcs:who/WHS3_62,dcid:country/SDN,2000,2875.0
dcs:who/WHS3_62,dcid:country/SDN,1993,683.0
dcs:who/WHS3_62,dcid:country/SDN,2023,1377.0
dcs:who/WHS3_62,dcid:country/SDN,2009,68.0
dcs:who/WHS3_62,dcid:country/SDN,2011,5616.0
dcs:who/WHS3_62,dcid:country/SDN,2003,4381.0
dcs:who/WHS3_62,dcid:country/SDN,1991,30014.0
dcs:who/WHS3_62,dcid:country/SDN,1997,350.0
dcs:who/WHS3_62,dcid:country/SDN,2006,228.0
dcs:who/WHS3_62,dcid:country/SDN,1990,14075.0
dcs:who/WHS3_62,dcid:country/SDN,1986,27136.0
dcs:who/WHS3_62,dcid:country/SDN,2016,1767.0
dcs:who/WHS3_62,dcid:country/SDN,1980,50168.0
dcs:who/WHS3_62,dcid:country/SDN,1996,2559.0
dcs:who/WHS3_62,dcid:country/SEN,2004,31.0
dcs:who/WHS3_62,dcid:country/SEN,1993,14693.0
dcs:who/WHS3_62,dcid:country/SEN,1980,29144.0
dcs:who/WHS3_62,dcid:country/SEN,2006,3.0
dcs:who/WHS3_62,dcid:country/SEN,2002,18184.0
dcs:who/WHS3_62,dcid:country/SEN,2016,162.0
dcs:who/WHS3_62,dcid:country/SEN,1994,5944.0
dcs:who/WHS3_62,dcid:country/SEN,2014,32.0
dcs:who/WHS3_62,dcid:country/SEN,2007,11.0
dcs:who/WHS3_62,dcid:country/SEN,2015,58.0
dcs:who/WHS3_62,dcid:country/SEN,1996,8069.0
dcs:who/WHS3_62,dcid:country/SEN,2021,187.0
dcs:who/WHS3_62,dcid:country/SEN,2009,999.0
dcs:who/WHS3_62,dcid:country/SEN,1989,10940.0
dcs:who/WHS3_62,dcid:country/SEN,1998,6594.0
dcs:who/WHS3_62,dcid:country/SEN,2022,508.0
dcs:who/WHS3_62,dcid:country/SEN,1982,32380.0
dcs:who/WHS3_62,dcid:country/SEN,2001,24789.0
dcs:who/WHS3_62,dcid:country/SEN,2013,17.0
dcs:who/WHS3_62,dcid:country/SEN,1999,3668.0
dcs:who/WHS3_62,dcid:country/SEN,2012,46.0
dcs:who/WHS3_62,dcid:country/SEN,2018,12.0
dcs:who/WHS3_62,dcid:country/SEN,1986,6831.0
dcs:who/WHS3_62,dcid:country/SEN,2011,18.0
dcs:who/WHS3_62,dcid:country/SEN,2008,6.0
dcs:who/WHS3_62,dcid:country/SEN,1988,1596.0
dcs:who/WHS3_62,dcid:country/SEN,2019,267.0
dcs:who/WHS3_62,dcid:country/SEN,1990,5004.0
dcs:who/WHS3_62,dcid:country/SEN,2005,0.0
dcs:who/WHS3_62,dcid:country/SEN,2017,11.0
dcs:who/WHS3_62,dcid:country/SEN,1987,3453.0
dcs:who/WHS3_62,dcid:country/SEN,1997,6594.0
dcs:who/WHS3_62,dcid:country/SEN,2010,428.0
dcs:who/WHS3_62,dcid:country/SEN,1983,26481.0
dcs:who/WHS3_62,dcid:country/SEN,2023,564.0
dcs:who/WHS3_62,dcid:country/SEN,1992,15367.0
dcs:who/WHS3_62,dcid:country/SEN,2020,212.0
dcs:who/WHS3_62,dcid:country/SEN,2000,5839.0
dcs:who/WHS3_62,dcid:country/SEN,1991,11427.0
dcs:who/WHS3_62,dcid:country/SEN,2003,1519.0
dcs:who/WHS3_62,dcid:country/SEN,1981,34516.0
dcs:who/WHS3_62,dcid:country/SGP,1997,1413.0
dcs:who/WHS3_62,dcid:country/SGP,1993,0.0
dcs:who/WHS3_62,dcid:country/SGP,1983,677.0
dcs:who/WHS3_62,dcid:country/SGP,1992,606.0
dcs:who/WHS3_62,dcid:country/SGP,1985,136.0
dcs:who/WHS3_62,dcid:country/SGP,2001,408.0
dcs:who/WHS3_62,dcid:country/SGP,1998,114.0
dcs:who/WHS3_62,dcid:country/SGP,1990,143.0
dcs:who/WHS3_62,dcid:country/SGP,1999,65.0
dcs:who/WHS3_62,dcid:country/SGP,1991,216.0
dcs:who/WHS3_62,dcid:country/SGP,2000,141.0
dcs:who/WHS3_62,dcid:country/SGP,1994,159.0
dcs:who/WHS3_62,dcid:country/SGP,2008,18.0
dcs:who/WHS3_62,dcid:country/SGP,2005,33.0
dcs:who/WHS3_62,dcid:country/SGP,2019,152.0
dcs:who/WHS3_62,dcid:country/SGP,2006,23.0
dcs:who/WHS3_62,dcid:country/SGP,1981,771.0
dcs:who/WHS3_62,dcid:country/SGP,2011,148.0
dcs:who/WHS3_62,dcid:country/SGP,2003,33.0
dcs:who/WHS3_62,dcid:country/SGP,1984,2417.0
dcs:who/WHS3_62,dcid:country/SGP,1995,185.0
dcs:who/WHS3_62,dcid:country/SGP,1989,146.0
dcs:who/WHS3_62,dcid:country/SGP,2012,42.0
dcs:who/WHS3_62,dcid:country/SGP,1982,1965.0
dcs:who/WHS3_62,dcid:country/SGP,1986,218.0
dcs:who/WHS3_62,dcid:country/SGP,2007,15.0
dcs:who/WHS3_62,dcid:country/SGP,1987,123.0
dcs:who/WHS3_62,dcid:country/SGP,1988,192.0
dcs:who/WHS3_62,dcid:country/SGP,2018,38.0
dcs:who/WHS3_62,dcid:country/SGP,2002,211.0
dcs:who/WHS3_62,dcid:country/SGP,2004,96.0
dcs:who/WHS3_62,dcid:country/SGP,2010,50.0
dcs:who/WHS3_62,dcid:country/SGP,2013,138.0
dcs:who/WHS3_62,dcid:country/SGP,2017,70.0
dcs:who/WHS3_62,dcid:country/SGP,2009,16.0
dcs:who/WHS3_62,dcid:country/SLB,1988,593.0
dcs:who/WHS3_62,dcid:country/SLB,1983,923.0
dcs:who/WHS3_62,dcid:country/SLB,1982,3331.0
dcs:who/WHS3_62,dcid:country/SLB,2007,0.0
dcs:who/WHS3_62,dcid:country/SLB,2010,0.0
dcs:who/WHS3_62,dcid:country/SLB,1992,86.0
dcs:who/WHS3_62,dcid:country/SLB,1994,640.0
dcs:who/WHS3_62,dcid:country/SLB,1985,2.0
dcs:who/WHS3_62,dcid:country/SLB,1993,1527.0
dcs:who/WHS3_62,dcid:country/SLB,2002,0.0
dcs:who/WHS3_62,dcid:country/SLB,2015,0.0
dcs:who/WHS3_62,dcid:country/SLB,1989,13779.0
dcs:who/WHS3_62,dcid:country/SLB,2008,0.0
dcs:who/WHS3_62,dcid:country/SLB,2011,0.0
dcs:who/WHS3_62,dcid:country/SLB,1998,0.0
dcs:who/WHS3_62,dcid:country/SLB,1995,0.0
dcs:who/WHS3_62,dcid:country/SLB,2013,0.0
dcs:who/WHS3_62,dcid:country/SLB,1996,0.0
dcs:who/WHS3_62,dcid:country/SLB,1987,434.0
dcs:who/WHS3_62,dcid:country/SLB,2016,0.0
dcs:who/WHS3_62,dcid:country/SLB,1997,0.0
dcs:who/WHS3_62,dcid:country/SLB,1981,2104.0
dcs:who/WHS3_62,dcid:country/SLB,2018,0.0
dcs:who/WHS3_62,dcid:country/SLB,2005,0.0
dcs:who/WHS3_62,dcid:country/SLB,1990,343.0
dcs:who/WHS3_62,dcid:country/SLB,2003,0.0
dcs:who/WHS3_62,dcid:country/SLB,2006,0.0
dcs:who/WHS3_62,dcid:country/SLB,2009,0.0
dcs:who/WHS3_62,dcid:country/SLB,2012,0.0
dcs:who/WHS3_62,dcid:country/SLB,1986,0.0
dcs:who/WHS3_62,dcid:country/SLB,2004,0.0
dcs:who/WHS3_62,dcid:country/SLB,1980,340.0
dcs:who/WHS3_62,dcid:country/SLB,2017,0.0
dcs:who/WHS3_62,dcid:country/SLB,2001,0.0
dcs:who/WHS3_62,dcid:country/SLB,1991,45.0
dcs:who/WHS3_62,dcid:country/SLB,2023,0.0
dcs:who/WHS3_62,dcid:country/SLB,1984,238.0
dcs:who/WHS3_62,dcid:country/SLE,2016,920.0
dcs:who/WHS3_62,dcid:country/SLE,2019,40.0
dcs:who/WHS3_62,dcid:country/SLE,2018,344.0
dcs:who/WHS3_62,dcid:country/SLE,2002,568.0
dcs:who/WHS3_62,dcid:country/SLE,1991,284.0
dcs:who/WHS3_62,dcid:country/SLE,2023,645.0
dcs:who/WHS3_62,dcid:country/SLE,1994,114.0
dcs:who/WHS3_62,dcid:country/SLE,1983,4327.0
dcs:who/WHS3_62,dcid:country/SLE,2015,607.0
dcs:who/WHS3_62,dcid:country/SLE,1981,3408.0
dcs:who/WHS3_62,dcid:country/SLE,2006,33.0
dcs:who/WHS3_62,dcid:country/SLE,2003,586.0
dcs:who/WHS3_62,dcid:country/SLE,2008,44.0
dcs:who/WHS3_62,dcid:country/SLE,2010,1089.0
dcs:who/WHS3_62,dcid:country/SLE,1985,3351.0
dcs:who/WHS3_62,dcid:country/SLE,2021,170.0
dcs:who/WHS3_62,dcid:country/SLE,1987,1000.0
dcs:who/WHS3_62,dcid:country/SLE,1990,830.0
dcs:who/WHS3_62,dcid:country/SLE,1986,164.0
dcs:who/WHS3_62,dcid:country/SLE,2017,1873.0
dcs:who/WHS3_62,dcid:country/SLE,1984,4016.0
dcs:who/WHS3_62,dcid:country/SLE,1993,2288.0
dcs:who/WHS3_62,dcid:country/SLE,1988,207.0
dcs:who/WHS3_62,dcid:country/SLE,2014,1006.0
dcs:who/WHS3_62,dcid:country/SLE,1995,344.0
dcs:who/WHS3_62,dcid:country/SLE,2013,15.0
dcs:who/WHS3_62,dcid:country/SLE,2012,678.0
dcs:who/WHS3_62,dcid:country/SLE,2001,649.0
dcs:who/WHS3_62,dcid:country/SLE,2000,3575.0
dcs:who/WHS3_62,dcid:country/SLE,1989,625.0
dcs:who/WHS3_62,dcid:country/SLE,2009,31.0
dcs:who/WHS3_62,dcid:country/SLE,1982,4102.0
dcs:who/WHS3_62,dcid:country/SLE,2007,0.0
dcs:who/WHS3_62,dcid:country/SLE,1997,361.0
dcs:who/WHS3_62,dcid:country/SLE,2020,17.0
dcs:who/WHS3_62,dcid:country/SLE,2022,731.0
dcs:who/WHS3_62,dcid:country/SLE,2005,29.0
dcs:who/WHS3_62,dcid:country/SLE,2004,7.0
dcs:who/WHS3_62,dcid:country/SLE,2011,1865.0
dcs:who/WHS3_62,dcid:country/SLE,1992,914.0
dcs:who/WHS3_62,dcid:country/SLE,1980,3625.0
dcs:who/WHS3_62,dcid:country/SLV,2017,0.0
dcs:who/WHS3_62,dcid:country/SLV,1997,0.0
dcs:who/WHS3_62,dcid:country/SLV,1988,787.0
dcs:who/WHS3_62,dcid:country/SLV,1982,3664.0
dcs:who/WHS3_62,dcid:country/SLV,2022,0.0
dcs:who/WHS3_62,dcid:country/SLV,2018,0.0
dcs:who/WHS3_62,dcid:country/SLV,2010,0.0
dcs:who/WHS3_62,dcid:country/SLV,2006,0.0
dcs:who/WHS3_62,dcid:country/SLV,2013,0.0
dcs:who/WHS3_62,dcid:country/SLV,1985,1413.0
dcs:who/WHS3_62,dcid:country/SLV,2002,0.0
dcs:who/WHS3_62,dcid:country/SLV,2007,0.0
dcs:who/WHS3_62,dcid:country/SLV,2020,0.0
dcs:who/WHS3_62,dcid:country/SLV,2011,0.0
dcs:who/WHS3_62,dcid:country/SLV,1989,0.0
dcs:who/WHS3_62,dcid:country/SLV,1984,4775.0
dcs:who/WHS3_62,dcid:country/SLV,1990,0.0
dcs:who/WHS3_62,dcid:country/SLV,2021,0.0
dcs:who/WHS3_62,dcid:country/SLV,1994,0.0
dcs:who/WHS3_62,dcid:country/SLV,2004,0.0
dcs:who/WHS3_62,dcid:country/SLV,1992,509.0
dcs:who/WHS3_62,dcid:country/SLV,1995,0.0
dcs:who/WHS3_62,dcid:country/SLV,1981,12554.0
dcs:who/WHS3_62,dcid:country/SLV,1996,1.0
dcs:who/WHS3_62,dcid:country/SLV,2023,0.0
dcs:who/WHS3_62,dcid:country/SLV,1980,2315.0
dcs:who/WHS3_62,dcid:country/SLV,1998,0.0
dcs:who/WHS3_62,dcid:country/SLV,2001,2.0
dcs:who/WHS3_62,dcid:country/SLV,1999,0.0
dcs:who/WHS3_62,dcid:country/SLV,1986,278.0
dcs:who/WHS3_62,dcid:country/SLV,2000,0.0
dcs:who/WHS3_62,dcid:country/SLV,2016,0.0
dcs:who/WHS3_62,dcid:country/SLV,2009,0.0
dcs:who/WHS3_62,dcid:country/SLV,1987,405.0
dcs:who/WHS3_62,dcid:country/SLV,2019,0.0
dcs:who/WHS3_62,dcid:country/SLV,2012,0.0
dcs:who/WHS3_62,dcid:country/SLV,2014,0.0
dcs:who/WHS3_62,dcid:country/SLV,1983,2407.0
dcs:who/WHS3_62,dcid:country/SLV,1993,38.0
dcs:who/WHS3_62,dcid:country/SLV,2003,0.0
dcs:who/WHS3_62,dcid:country/SLV,1991,0.0
dcs:who/WHS3_62,dcid:country/SLV,2005,0.0
dcs:who/WHS3_62,dcid:country/SLV,2008,0.0
dcs:who/WHS3_62,dcid:country/SMR,1993,6.0
dcs:who/WHS3_62,dcid:country/SMR,1991,1.0
dcs:who/WHS3_62,dcid:country/SMR,2006,0.0
dcs:who/WHS3_62,dcid:country/SMR,1992,7.0
dcs:who/WHS3_62,dcid:country/SMR,2020,0.0
dcs:who/WHS3_62,dcid:country/SMR,2022,0.0
dcs:who/WHS3_62,dcid:country/SMR,2023,0.0
dcs:who/WHS3_62,dcid:country/SMR,2019,12.0
dcs:who/WHS3_62,dcid:country/SMR,2012,1.0
dcs:who/WHS3_62,dcid:country/SMR,2009,0.0
dcs:who/WHS3_62,dcid:country/SMR,1997,22.0
dcs:who/WHS3_62,dcid:country/SMR,2016,0.0
dcs:who/WHS3_62,dcid:country/SMR,2004,0.0
dcs:who/WHS3_62,dcid:country/SMR,2010,0.0
dcs:who/WHS3_62,dcid:country/SMR,1990,1.0
dcs:who/WHS3_62,dcid:country/SMR,2021,0.0
dcs:who/WHS3_62,dcid:country/SMR,2017,0.0
dcs:who/WHS3_62,dcid:country/SMR,2007,0.0
dcs:who/WHS3_62,dcid:country/SMR,2005,0.0
dcs:who/WHS3_62,dcid:country/SMR,2018,0.0
dcs:who/WHS3_62,dcid:country/SMR,1999,0.0
dcs:who/WHS3_62,dcid:country/SMR,2011,0.0
dcs:who/WHS3_62,dcid:country/SMR,2000,1.0
dcs:who/WHS3_62,dcid:country/SMR,2003,3.0
dcs:who/WHS3_62,dcid:country/SOM,2010,115.0
dcs:who/WHS3_62,dcid:country/SOM,2017,23039.0
dcs:who/WHS3_62,dcid:country/SOM,2000,3965.0
dcs:who/WHS3_62,dcid:country/SOM,1987,222.0
dcs:who/WHS3_62,dcid:country/SOM,2015,7497.0
dcs:who/WHS3_62,dcid:country/SOM,2021,7191.0
dcs:who/WHS3_62,dcid:country/SOM,2013,3173.0
dcs:who/WHS3_62,dcid:country/SOM,2008,1081.0
dcs:who/WHS3_62,dcid:country/SOM,2014,10229.0
dcs:who/WHS3_62,dcid:country/SOM,2002,9559.0
dcs:who/WHS3_62,dcid:country/SOM,2018,9126.0
dcs:who/WHS3_62,dcid:country/SOM,1984,487.0
dcs:who/WHS3_62,dcid:country/SOM,1988,296.0
dcs:who/WHS3_62,dcid:country/SOM,2019,283.0
dcs:who/WHS3_62,dcid:country/SOM,2009,13.0
dcs:who/WHS3_62,dcid:country/SOM,2003,8257.0
dcs:who/WHS3_62,dcid:country/SOM,2006,7.0
dcs:who/WHS3_62,dcid:country/SOM,2011,17298.0
dcs:who/WHS3_62,dcid:country/SOM,2004,12008.0
dcs:who/WHS3_62,dcid:country/SOM,2007,1149.0
dcs:who/WHS3_62,dcid:country/SOM,1999,5523.0
dcs:who/WHS3_62,dcid:country/SOM,1985,128.0
dcs:who/WHS3_62,dcid:country/SOM,1983,622.0
dcs:who/WHS3_62,dcid:country/SOM,1986,70.0
dcs:who/WHS3_62,dcid:country/SOM,2016,26.0
dcs:who/WHS3_62,dcid:country/SOM,2022,17361.0
dcs:who/WHS3_62,dcid:country/SOM,1998,3075.0
dcs:who/WHS3_62,dcid:country/SOM,2001,3571.0
dcs:who/WHS3_62,dcid:country/SOM,2012,9983.0
dcs:who/WHS3_62,dcid:country/SOM,1996,1830.0
dcs:who/WHS3_62,dcid:country/SOM,2023,3167.0
dcs:who/WHS3_62,dcid:country/SOM,2020,2531.0
dcs:who/WHS3_62,dcid:country/SOM,1989,988.0
dcs:who/WHS3_62,dcid:country/SRB,2003,15.0
dcs:who/WHS3_62,dcid:country/SRB,1991,991.0
dcs:who/WHS3_62,dcid:country/SRB,2002,63.0
dcs:who/WHS3_62,dcid:country/SRB,1988,6629.0
dcs:who/WHS3_62,dcid:country/SRB,1997,4692.0
dcs:who/WHS3_62,dcid:country/SRB,2014,37.0
dcs:who/WHS3_62,dcid:country/SRB,2022,0.0
dcs:who/WHS3_62,dcid:country/SRB,1987,8639.0
dcs:who/WHS3_62,dcid:country/SRB,2009,1.0
dcs:who/WHS3_62,dcid:country/SRB,1999,288.0
dcs:who/WHS3_62,dcid:country/SRB,2015,383.0
dcs:who/WHS3_62,dcid:country/SRB,2023,50.0
dcs:who/WHS3_62,dcid:country/SRB,1993,16777.0
dcs:who/WHS3_62,dcid:country/SRB,1992,2108.0
dcs:who/WHS3_62,dcid:country/SRB,2013,1.0
dcs:who/WHS3_62,dcid:country/SRB,1985,25325.0
dcs:who/WHS3_62,dcid:country/SRB,1983,12967.0
dcs:who/WHS3_62,dcid:country/SRB,2000,38.0
dcs:who/WHS3_62,dcid:country/SRB,1998,922.0
dcs:who/WHS3_62,dcid:country/SRB,1996,458.0
dcs:who/WHS3_62,dcid:country/SRB,2012,0.0
dcs:who/WHS3_62,dcid:country/SRB,1981,20878.0
dcs:who/WHS3_62,dcid:country/SRB,1982,13826.0
dcs:who/WHS3_62,dcid:country/SRB,1995,524.0
dcs:who/WHS3_62,dcid:country/SRB,1990,4978.0
dcs:who/WHS3_62,dcid:country/SRB,1980,37441.0
dcs:who/WHS3_62,dcid:country/SRB,1984,20233.0
dcs:who/WHS3_62,dcid:country/SRB,2004,11.0
dcs:who/WHS3_62,dcid:country/SRB,1989,16149.0
dcs:who/WHS3_62,dcid:country/SRB,2007,201.0
dcs:who/WHS3_62,dcid:country/SRB,2010,20.0
dcs:who/WHS3_62,dcid:country/SRB,1994,800.0
dcs:who/WHS3_62,dcid:country/SRB,2018,5076.0
dcs:who/WHS3_62,dcid:country/SRB,2006,2.0
dcs:who/WHS3_62,dcid:country/SRB,1986,14148.0
dcs:who/WHS3_62,dcid:country/SRB,2017,721.0
dcs:who/WHS3_62,dcid:country/SRB,2005,2.0
dcs:who/WHS3_62,dcid:country/SRB,2001,35.0
dcs:who/WHS3_62,dcid:country/SRB,2016,11.0
dcs:who/WHS3_62,dcid:country/SRB,2008,2.0
dcs:who/WHS3_62,dcid:country/SRB,2019,22.0
dcs:who/WHS3_62,dcid:country/SRB,2011,370.0
dcs:who/WHS3_62,dcid:country/SRB,2021,1.0
dcs:who/WHS3_62,dcid:country/SSD,2022,3608.0
dcs:who/WHS3_62,dcid:country/SSD,2018,263.0
dcs:who/WHS3_62,dcid:country/SSD,2012,1952.0
dcs:who/WHS3_62,dcid:country/SSD,2016,898.0
dcs:who/WHS3_62,dcid:country/SSD,2017,487.0
dcs:who/WHS3_62,dcid:country/SSD,2013,525.0
dcs:who/WHS3_62,dcid:country/SSD,2023,7957.0
dcs:who/WHS3_62,dcid:country/SSD,2011,1256.0
dcs:who/WHS3_62,dcid:country/SSD,2014,441.0
dcs:who/WHS3_62,dcid:country/SSD,2020,1290.0
dcs:who/WHS3_62,dcid:country/SSD,2019,3401.0
dcs:who/WHS3_62,dcid:country/SSD,2015,878.0
dcs:who/WHS3_62,dcid:country/STP,2012,0.0
dcs:who/WHS3_62,dcid:country/STP,1994,319.0
dcs:who/WHS3_62,dcid:country/STP,1987,0.0
dcs:who/WHS3_62,dcid:country/STP,1981,194.0
dcs:who/WHS3_62,dcid:country/STP,1997,0.0
dcs:who/WHS3_62,dcid:country/STP,1985,62.0
dcs:who/WHS3_62,dcid:country/STP,2005,0.0
dcs:who/WHS3_62,dcid:country/STP,1984,576.0
dcs:who/WHS3_62,dcid:country/STP,2002,0.0
dcs:who/WHS3_62,dcid:country/STP,2021,0.0
dcs:who/WHS3_62,dcid:country/STP,2018,0.0
dcs:who/WHS3_62,dcid:country/STP,2001,0.0
dcs:who/WHS3_62,dcid:country/STP,1988,118.0
dcs:who/WHS3_62,dcid:country/STP,2004,0.0
dcs:who/WHS3_62,dcid:country/STP,1990,10.0
dcs:who/WHS3_62,dcid:country/STP,2014,0.0
dcs:who/WHS3_62,dcid:country/STP,2015,3.0
dcs:who/WHS3_62,dcid:country/STP,2013,0.0
dcs:who/WHS3_62,dcid:country/STP,1982,3.0
dcs:who/WHS3_62,dcid:country/STP,2017,0.0
dcs:who/WHS3_62,dcid:country/STP,2003,0.0
dcs:who/WHS3_62,dcid:country/STP,1993,88.0
dcs:who/WHS3_62,dcid:country/STP,1986,69.0
dcs:who/WHS3_62,dcid:country/STP,1991,0.0
dcs:who/WHS3_62,dcid:country/STP,2009,0.0
dcs:who/WHS3_62,dcid:country/STP,1992,0.0
dcs:who/WHS3_62,dcid:country/STP,2008,0.0
dcs:who/WHS3_62,dcid:country/STP,2016,0.0
dcs:who/WHS3_62,dcid:country/STP,2019,0.0
dcs:who/WHS3_62,dcid:country/STP,1983,216.0
dcs:who/WHS3_62,dcid:country/STP,2006,0.0
dcs:who/WHS3_62,dcid:country/STP,1980,519.0
dcs:who/WHS3_62,dcid:country/STP,2010,0.0
dcs:who/WHS3_62,dcid:country/STP,2007,0.0
dcs:who/WHS3_62,dcid:country/STP,2000,0.0
dcs:who/WHS3_62,dcid:country/STP,1996,0.0
dcs:who/WHS3_62,dcid:country/STP,2011,0.0
dcs:who/WHS3_62,dcid:country/STP,1995,23.0
dcs:who/WHS3_62,dcid:country/SUR,1990,35.0
dcs:who/WHS3_62,dcid:country/SUR,2017,0.0
dcs:who/WHS3_62,dcid:country/SUR,2005,0.0
dcs:who/WHS3_62,dcid:country/SUR,2006,0.0
dcs:who/WHS3_62,dcid:country/SUR,1989,0.0
dcs:who/WHS3_62,dcid:country/SUR,2016,0.0
dcs:who/WHS3_62,dcid:country/SUR,1982,647.0
dcs:who/WHS3_62,dcid:country/SUR,2012,0.0
dcs:who/WHS3_62,dcid:country/SUR,1980,254.0
dcs:who/WHS3_62,dcid:country/SUR,1993,0.0
dcs:who/WHS3_62,dcid:country/SUR,2015,0.0
dcs:who/WHS3_62,dcid:country/SUR,1981,716.0
dcs:who/WHS3_62,dcid:country/SUR,1996,0.0
dcs:who/WHS3_62,dcid:country/SUR,1985,110.0
dcs:who/WHS3_62,dcid:country/SUR,1999,0.0
dcs:who/WHS3_62,dcid:country/SUR,1994,0.0
dcs:who/WHS3_62,dcid:country/SUR,1998,0.0
dcs:who/WHS3_62,dcid:country/SUR,2010,0.0
dcs:who/WHS3_62,dcid:country/SUR,1983,17.0
dcs:who/WHS3_62,dcid:country/SUR,2001,0.0
dcs:who/WHS3_62,dcid:country/SUR,1997,0.0
dcs:who/WHS3_62,dcid:country/SUR,1984,40.0
dcs:who/WHS3_62,dcid:country/SUR,2000,0.0
dcs:who/WHS3_62,dcid:country/SUR,2011,0.0
dcs:who/WHS3_62,dcid:country/SUR,2007,0.0
dcs:who/WHS3_62,dcid:country/SUR,2018,0.0
dcs:who/WHS3_62,dcid:country/SUR,1995,0.0
dcs:who/WHS3_62,dcid:country/SUR,2020,0.0
dcs:who/WHS3_62,dcid:country/SUR,1988,68.0
dcs:who/WHS3_62,dcid:country/SUR,2004,0.0
dcs:who/WHS3_62,dcid:country/SUR,2003,0.0
dcs:who/WHS3_62,dcid:country/SUR,2022,0.0
dcs:who/WHS3_62,dcid:country/SUR,2021,0.0
dcs:who/WHS3_62,dcid:country/SUR,2014,0.0
dcs:who/WHS3_62,dcid:country/SUR,1987,5.0
dcs:who/WHS3_62,dcid:country/SUR,1986,37.0
dcs:who/WHS3_62,dcid:country/SUR,2009,0.0
dcs:who/WHS3_62,dcid:country/SUR,2023,0.0
dcs:who/WHS3_62,dcid:country/SUR,2008,0.0
dcs:who/WHS3_62,dcid:country/SUR,2002,0.0
dcs:who/WHS3_62,dcid:country/SUR,1991,0.0
dcs:who/WHS3_62,dcid:country/SUR,2013,0.0
dcs:who/WHS3_62,dcid:country/SUR,1992,0.0
dcs:who/WHS3_62,dcid:country/SUR,2019,0.0
dcs:who/WHS3_62,dcid:country/SVK,2021,0.0
dcs:who/WHS3_62,dcid:country/SVK,2007,0.0
dcs:who/WHS3_62,dcid:country/SVK,2000,0.0
dcs:who/WHS3_62,dcid:country/SVK,1995,2.0
dcs:who/WHS3_62,dcid:country/SVK,1999,0.0
dcs:who/WHS3_62,dcid:country/SVK,2012,0.0
dcs:who/WHS3_62,dcid:country/SVK,1998,530.0
dcs:who/WHS3_62,dcid:country/SVK,2019,318.0
dcs:who/WHS3_62,dcid:country/SVK,2006,0.0
dcs:who/WHS3_62,dcid:country/SVK,2017,7.0
dcs:who/WHS3_62,dcid:country/SVK,2003,1.0
dcs:who/WHS3_62,dcid:country/SVK,2008,0.0
dcs:who/WHS3_62,dcid:country/SVK,2004,2.0
dcs:who/WHS3_62,dcid:country/SVK,2022,0.0
dcs:who/WHS3_62,dcid:country/SVK,1993,551.0
dcs:who/WHS3_62,dcid:country/SVK,2015,1.0
dcs:who/WHS3_62,dcid:country/SVK,2023,6.0
dcs:who/WHS3_62,dcid:country/SVK,2005,0.0
dcs:who/WHS3_62,dcid:country/SVK,2020,0.0
dcs:who/WHS3_62,dcid:country/SVK,1990,47.0
dcs:who/WHS3_62,dcid:country/SVK,2014,0.0
dcs:who/WHS3_62,dcid:country/SVK,2009,0.0
dcs:who/WHS3_62,dcid:country/SVK,2018,565.0
dcs:who/WHS3_62,dcid:country/SVK,2013,0.0
dcs:who/WHS3_62,dcid:country/SVK,1991,211.0
dcs:who/WHS3_62,dcid:country/SVK,2016,0.0
dcs:who/WHS3_62,dcid:country/SVK,1997,620.0
dcs:who/WHS3_62,dcid:country/SVK,1992,415.0
dcs:who/WHS3_62,dcid:country/SVK,2002,0.0
dcs:who/WHS3_62,dcid:country/SVK,2001,0.0
dcs:who/WHS3_62,dcid:country/SVK,1994,29.0
dcs:who/WHS3_62,dcid:country/SVK,2010,0.0
dcs:who/WHS3_62,dcid:country/SVK,2011,0.0
dcs:who/WHS3_62,dcid:country/SVK,1996,0.0
dcs:who/WHS3_62,dcid:country/SVN,1996,8.0
dcs:who/WHS3_62,dcid:country/SVN,1998,13.0
dcs:who/WHS3_62,dcid:country/SVN,2001,0.0
dcs:who/WHS3_62,dcid:country/SVN,1999,1.0
dcs:who/WHS3_62,dcid:country/SVN,2015,18.0
dcs:who/WHS3_62,dcid:country/SVN,1997,9.0
dcs:who/WHS3_62,dcid:country/SVN,2005,0.0
dcs:who/WHS3_62,dcid:country/SVN,2008,0.0
dcs:who/WHS3_62,dcid:country/SVN,2004,0.0
dcs:who/WHS3_62,dcid:country/SVN,2013,1.0
dcs:who/WHS3_62,dcid:country/SVN,2009,0.0
dcs:who/WHS3_62,dcid:country/SVN,1994,134.0
dcs:who/WHS3_62,dcid:country/SVN,2003,0.0
dcs:who/WHS3_62,dcid:country/SVN,2011,22.0
dcs:who/WHS3_62,dcid:country/SVN,1995,398.0
dcs:who/WHS3_62,dcid:country/SVN,2012,2.0
dcs:who/WHS3_62,dcid:country/SVN,2010,2.0
dcs:who/WHS3_62,dcid:country/SVN,2022,0.0
dcs:who/WHS3_62,dcid:country/SVN,2020,6.0
dcs:who/WHS3_62,dcid:country/SVN,2021,0.0
dcs:who/WHS3_62,dcid:country/SVN,2019,51.0
dcs:who/WHS3_62,dcid:country/SVN,2017,8.0
dcs:who/WHS3_62,dcid:country/SVN,2016,1.0
dcs:who/WHS3_62,dcid:country/SVN,2023,1.0
dcs:who/WHS3_62,dcid:country/SVN,2018,9.0
dcs:who/WHS3_62,dcid:country/SVN,1993,7.0
dcs:who/WHS3_62,dcid:country/SVN,2007,0.0
dcs:who/WHS3_62,dcid:country/SVN,1991,32.0
dcs:who/WHS3_62,dcid:country/SVN,2006,0.0
dcs:who/WHS3_62,dcid:country/SVN,2014,52.0
dcs:who/WHS3_62,dcid:country/SVN,1992,10.0
dcs:who/WHS3_62,dcid:country/SVN,2002,0.0
dcs:who/WHS3_62,dcid:country/SWE,1988,38.0
dcs:who/WHS3_62,dcid:country/SWE,1996,44.0
dcs:who/WHS3_62,dcid:country/SWE,1994,21.0
dcs:who/WHS3_62,dcid:country/SWE,2023,11.0
dcs:who/WHS3_62,dcid:country/SWE,1980,1786.0
dcs:who/WHS3_62,dcid:country/SWE,2003,3.0
dcs:who/WHS3_62,dcid:country/SWE,2007,1.0
dcs:who/WHS3_62,dcid:country/SWE,2018,43.0
dcs:who/WHS3_62,dcid:country/SWE,2013,51.0
dcs:who/WHS3_62,dcid:country/SWE,2006,19.0
dcs:who/WHS3_62,dcid:country/SWE,2001,5.0
dcs:who/WHS3_62,dcid:country/SWE,2015,22.0
dcs:who/WHS3_62,dcid:country/SWE,1981,3540.0
dcs:who/WHS3_62,dcid:country/SWE,2014,26.0
dcs:who/WHS3_62,dcid:country/SWE,1984,1003.0
dcs:who/WHS3_62,dcid:country/SWE,2011,26.0
dcs:who/WHS3_62,dcid:country/SWE,2009,3.0
dcs:who/WHS3_62,dcid:country/SWE,1993,25.0
dcs:who/WHS3_62,dcid:country/SWE,1986,173.0
dcs:who/WHS3_62,dcid:country/SWE,1992,57.0
dcs:who/WHS3_62,dcid:country/SWE,2005,13.0
dcs:who/WHS3_62,dcid:country/SWE,1989,62.0
dcs:who/WHS3_62,dcid:country/SWE,2000,59.0
dcs:who/WHS3_62,dcid:country/SWE,2020,5.0
dcs:who/WHS3_62,dcid:country/SWE,2004,5.0
dcs:who/WHS3_62,dcid:country/SWE,1983,4626.0
dcs:who/WHS3_62,dcid:country/SWE,1985,326.0
dcs:who/WHS3_62,dcid:country/SWE,1995,23.0
dcs:who/WHS3_62,dcid:country/SWE,2021,0.0
dcs:who/WHS3_62,dcid:country/SWE,2012,30.0
dcs:who/WHS3_62,dcid:country/SWE,2016,3.0
dcs:who/WHS3_62,dcid:country/SWE,1990,29.0
dcs:who/WHS3_62,dcid:country/SWE,2002,9.0
dcs:who/WHS3_62,dcid:country/SWE,2010,6.0
dcs:who/WHS3_62,dcid:country/SWE,1982,6223.0
dcs:who/WHS3_62,dcid:country/SWE,1991,25.0
dcs:who/WHS3_62,dcid:country/SWE,2022,5.0
dcs:who/WHS3_62,dcid:country/SWE,1997,62.0
dcs:who/WHS3_62,dcid:country/SWE,2017,41.0
dcs:who/WHS3_62,dcid:country/SWE,2008,25.0
dcs:who/WHS3_62,dcid:country/SWE,2019,20.0
dcs:who/WHS3_62,dcid:country/SWZ,1990,1465.0
dcs:who/WHS3_62,dcid:country/SWZ,2008,1.0
dcs:who/WHS3_62,dcid:country/SWZ,1999,0.0
dcs:who/WHS3_62,dcid:country/SWZ,1988,1581.0
dcs:who/WHS3_62,dcid:country/SWZ,2002,37.0
dcs:who/WHS3_62,dcid:country/SWZ,2004,0.0
dcs:who/WHS3_62,dcid:country/SWZ,1982,9185.0
dcs:who/WHS3_62,dcid:country/SWZ,1984,4794.0
dcs:who/WHS3_62,dcid:country/SWZ,2023,3.0
dcs:who/WHS3_62,dcid:country/SWZ,2020,1.0
dcs:who/WHS3_62,dcid:country/SWZ,2005,0.0
dcs:who/WHS3_62,dcid:country/SWZ,2001,49.0
dcs:who/WHS3_62,dcid:country/SWZ,1992,2042.0
dcs:who/WHS3_62,dcid:country/SWZ,2016,1.0
dcs:who/WHS3_62,dcid:country/SWZ,1998,180.0
dcs:who/WHS3_62,dcid:country/SWZ,2015,0.0
dcs:who/WHS3_62,dcid:country/SWZ,1994,610.0
dcs:who/WHS3_62,dcid:country/SWZ,2011,0.0
dcs:who/WHS3_62,dcid:country/SWZ,2006,0.0
dcs:who/WHS3_62,dcid:country/SWZ,1997,609.0
dcs:who/WHS3_62,dcid:country/SWZ,1993,7148.0
dcs:who/WHS3_62,dcid:country/SWZ,2018,0.0
dcs:who/WHS3_62,dcid:country/SWZ,2019,0.0
dcs:who/WHS3_62,dcid:country/SWZ,2012,0.0
dcs:who/WHS3_62,dcid:country/SWZ,2022,64.0
dcs:who/WHS3_62,dcid:country/SWZ,1987,4261.0
dcs:who/WHS3_62,dcid:country/SWZ,2017,0.0
dcs:who/WHS3_62,dcid:country/SWZ,2010,313.0
dcs:who/WHS3_62,dcid:country/SWZ,2021,29.0
dcs:who/WHS3_62,dcid:country/SWZ,2000,10.0
dcs:who/WHS3_62,dcid:country/SWZ,2007,0.0
dcs:who/WHS3_62,dcid:country/SWZ,1996,2201.0
dcs:who/WHS3_62,dcid:country/SWZ,2009,26.0
dcs:who/WHS3_62,dcid:country/SWZ,2003,350.0
dcs:who/WHS3_62,dcid:country/SWZ,1991,1467.0
dcs:who/WHS3_62,dcid:country/SWZ,1989,1461.0
dcs:who/WHS3_62,dcid:country/SWZ,1983,3267.0
dcs:who/WHS3_62,dcid:country/SWZ,1981,2592.0
dcs:who/WHS3_62,dcid:country/SWZ,1985,3253.0
dcs:who/WHS3_62,dcid:country/SWZ,1986,2253.0
dcs:who/WHS3_62,dcid:country/SWZ,1995,171.0
dcs:who/WHS3_62,dcid:country/SWZ,2014,0.0
dcs:who/WHS3_62,dcid:country/SWZ,2013,0.0
dcs:who/WHS3_62,dcid:country/SXM,2018,0.0
dcs:who/WHS3_62,dcid:country/SXM,2017,0.0
dcs:who/WHS3_62,dcid:country/SYC,2014,0.0
dcs:who/WHS3_62,dcid:country/SYC,2002,0.0
dcs:who/WHS3_62,dcid:country/SYC,2020,27.0
dcs:who/WHS3_62,dcid:country/SYC,1990,13.0
dcs:who/WHS3_62,dcid:country/SYC,1980,3.0
dcs:who/WHS3_62,dcid:country/SYC,2006,10.0
dcs:who/WHS3_62,dcid:country/SYC,2016,0.0
dcs:who/WHS3_62,dcid:country/SYC,1982,347.0
dcs:who/WHS3_62,dcid:country/SYC,2021,0.0
dcs:who/WHS3_62,dcid:country/SYC,1996,2.0
dcs:who/WHS3_62,dcid:country/SYC,1995,0.0
dcs:who/WHS3_62,dcid:country/SYC,1987,2.0
dcs:who/WHS3_62,dcid:country/SYC,1985,10.0
dcs:who/WHS3_62,dcid:country/SYC,2008,0.0
dcs:who/WHS3_62,dcid:country/SYC,1989,5.0
dcs:who/WHS3_62,dcid:country/SYC,1986,4.0
dcs:who/WHS3_62,dcid:country/SYC,2012,0.0
dcs:who/WHS3_62,dcid:country/SYC,2022,0.0
dcs:who/WHS3_62,dcid:country/SYC,2009,0.0
dcs:who/WHS3_62,dcid:country/SYC,1992,0.0
dcs:who/WHS3_62,dcid:country/SYC,1984,19.0
dcs:who/WHS3_62,dcid:country/SYC,2005,0.0
dcs:who/WHS3_62,dcid:country/SYC,2007,1.0
dcs:who/WHS3_62,dcid:country/SYC,2004,0.0
dcs:who/WHS3_62,dcid:country/SYC,1991,6.0
dcs:who/WHS3_62,dcid:country/SYC,1981,4.0
dcs:who/WHS3_62,dcid:country/SYC,1983,267.0
dcs:who/WHS3_62,dcid:country/SYC,2011,0.0
dcs:who/WHS3_62,dcid:country/SYC,2001,0.0
dcs:who/WHS3_62,dcid:country/SYC,2023,0.0
dcs:who/WHS3_62,dcid:country/SYC,2017,0.0
dcs:who/WHS3_62,dcid:country/SYC,1994,0.0
dcs:who/WHS3_62,dcid:country/SYC,1988,0.0
dcs:who/WHS3_62,dcid:country/SYC,2003,0.0
dcs:who/WHS3_62,dcid:country/SYC,1998,626.0
dcs:who/WHS3_62,dcid:country/SYC,2019,0.0
dcs:who/WHS3_62,dcid:country/SYC,2013,0.0
dcs:who/WHS3_62,dcid:country/SYC,1993,0.0
dcs:who/WHS3_62,dcid:country/SYC,1997,3.0
dcs:who/WHS3_62,dcid:country/SYC,1999,2.0
dcs:who/WHS3_62,dcid:country/SYC,2015,0.0
dcs:who/WHS3_62,dcid:country/SYC,2010,0.0
dcs:who/WHS3_62,dcid:country/SYR,2013,740.0
dcs:who/WHS3_62,dcid:country/SYR,1992,374.0
dcs:who/WHS3_62,dcid:country/SYR,2005,375.0
dcs:who/WHS3_62,dcid:country/SYR,1987,292.0
dcs:who/WHS3_62,dcid:country/SYR,2023,744.0
dcs:who/WHS3_62,dcid:country/SYR,2017,737.0
dcs:who/WHS3_62,dcid:country/SYR,1997,6850.0
dcs:who/WHS3_62,dcid:country/SYR,2015,45.0
dcs:who/WHS3_62,dcid:country/SYR,2000,146.0
dcs:who/WHS3_62,dcid:country/SYR,1999,3.0
dcs:who/WHS3_62,dcid:country/SYR,2008,19.0
dcs:who/WHS3_62,dcid:country/SYR,2002,538.0
dcs:who/WHS3_62,dcid:country/SYR,1982,800.0
dcs:who/WHS3_62,dcid:country/SYR,2021,11.0
dcs:who/WHS3_62,dcid:country/SYR,1980,1478.0
dcs:who/WHS3_62,dcid:country/SYR,2007,403.0
dcs:who/WHS3_62,dcid:country/SYR,2019,27.0
dcs:who/WHS3_62,dcid:country/SYR,2004,189.0
dcs:who/WHS3_62,dcid:country/SYR,2012,13.0
dcs:who/WHS3_62,dcid:country/SYR,1991,359.0
dcs:who/WHS3_62,dcid:country/SYR,2022,217.0
dcs:who/WHS3_62,dcid:country/SYR,1986,2154.0
dcs:who/WHS3_62,dcid:country/SYR,1994,1334.0
dcs:who/WHS3_62,dcid:country/SYR,2016,66.0
dcs:who/WHS3_62,dcid:country/SYR,2001,290.0
dcs:who/WHS3_62,dcid:country/SYR,2014,594.0
dcs:who/WHS3_62,dcid:country/SYR,1996,2060.0
dcs:who/WHS3_62,dcid:country/SYR,2006,517.0
dcs:who/WHS3_62,dcid:country/SYR,1990,535.0
dcs:who/WHS3_62,dcid:country/SYR,2010,26.0
dcs:who/WHS3_62,dcid:country/SYR,1983,879.0
dcs:who/WHS3_62,dcid:country/SYR,1988,58.0
dcs:who/WHS3_62,dcid:country/SYR,1984,1405.0
dcs:who/WHS3_62,dcid:country/SYR,2011,13.0
dcs:who/WHS3_62,dcid:country/SYR,1993,2300.0
dcs:who/WHS3_62,dcid:country/SYR,1981,1729.0
dcs:who/WHS3_62,dcid:country/SYR,2020,15.0
dcs:who/WHS3_62,dcid:country/SYR,2009,22.0
dcs:who/WHS3_62,dcid:country/SYR,2018,329.0
dcs:who/WHS3_62,dcid:country/SYR,1998,5400.0
dcs:who/WHS3_62,dcid:country/SYR,1995,1362.0
dcs:who/WHS3_62,dcid:country/SYR,2003,801.0
dcs:who/WHS3_62,dcid:country/SYR,1989,729.0
dcs:who/WHS3_62,dcid:country/SYR,1985,425.0
dcs:who/WHS3_62,dcid:country/TCA,2022,0.0
dcs:who/WHS3_62,dcid:country/TCA,2019,0.0
dcs:who/WHS3_62,dcid:country/TCA,2001,0.0
dcs:who/WHS3_62,dcid:country/TCA,1992,0.0
dcs:who/WHS3_62,dcid:country/TCA,1981,16.0
dcs:who/WHS3_62,dcid:country/TCA,1987,0.0
dcs:who/WHS3_62,dcid:country/TCA,2023,0.0
dcs:who/WHS3_62,dcid:country/TCA,2018,0.0
dcs:who/WHS3_62,dcid:country/TCA,1986,0.0
dcs:who/WHS3_62,dcid:country/TCA,1985,2.0
dcs:who/WHS3_62,dcid:country/TCA,2002,0.0
dcs:who/WHS3_62,dcid:country/TCA,1999,0.0
dcs:who/WHS3_62,dcid:country/TCA,1998,0.0
dcs:who/WHS3_62,dcid:country/TCA,2000,0.0
dcs:who/WHS3_62,dcid:country/TCA,1997,0.0
dcs:who/WHS3_62,dcid:country/TCA,2020,0.0
dcs:who/WHS3_62,dcid:country/TCA,1983,100.0
dcs:who/WHS3_62,dcid:country/TCA,1996,0.0
dcs:who/WHS3_62,dcid:country/TCA,1980,4.0
dcs:who/WHS3_62,dcid:country/TCA,2021,0.0
dcs:who/WHS3_62,dcid:country/TCA,1993,0.0
dcs:who/WHS3_62,dcid:country/TCA,1991,8.0
dcs:who/WHS3_62,dcid:country/TCA,1984,6.0
dcs:who/WHS3_62,dcid:country/TCA,1982,3.0
dcs:who/WHS3_62,dcid:country/TCA,2017,0.0
dcs:who/WHS3_62,dcid:country/TCA,1988,0.0
dcs:who/WHS3_62,dcid:country/TCA,1994,0.0
dcs:who/WHS3_62,dcid:country/TCA,1989,0.0
dcs:who/WHS3_62,dcid:country/TCA,1995,4.0
dcs:who/WHS3_62,dcid:country/TCA,2003,0.0
dcs:who/WHS3_62,dcid:country/TCA,1990,2.0
dcs:who/WHS3_62,dcid:country/TCD,2003,15801.0
dcs:who/WHS3_62,dcid:country/TCD,1982,1223.0
dcs:who/WHS3_62,dcid:country/TCD,2012,120.0
dcs:who/WHS3_62,dcid:country/TCD,2006,1594.0
dcs:who/WHS3_62,dcid:country/TCD,2008,63.0
dcs:who/WHS3_62,dcid:country/TCD,1983,5160.0
dcs:who/WHS3_62,dcid:country/TCD,1984,6921.0
dcs:who/WHS3_62,dcid:country/TCD,2015,418.0
dcs:who/WHS3_62,dcid:country/TCD,2010,194.0
dcs:who/WHS3_62,dcid:country/TCD,2007,441.0
dcs:who/WHS3_62,dcid:country/TCD,1988,3645.0
dcs:who/WHS3_62,dcid:country/TCD,2017,9.0
dcs:who/WHS3_62,dcid:country/TCD,2009,165.0
dcs:who/WHS3_62,dcid:country/TCD,2013,226.0
dcs:who/WHS3_62,dcid:country/TCD,1999,6868.0
dcs:who/WHS3_62,dcid:country/TCD,1991,21182.0
dcs:who/WHS3_62,dcid:country/TCD,1994,9696.0
dcs:who/WHS3_62,dcid:country/TCD,2014,1275.0
dcs:who/WHS3_62,dcid:country/TCD,1995,21952.0
dcs:who/WHS3_62,dcid:country/TCD,2022,2158.0
dcs:who/WHS3_62,dcid:country/TCD,2019,1882.0
dcs:who/WHS3_62,dcid:country/TCD,2000,3546.0
dcs:who/WHS3_62,dcid:country/TCD,2020,2170.0
dcs:who/WHS3_62,dcid:country/TCD,1998,12371.0
dcs:who/WHS3_62,dcid:country/TCD,1987,3623.0
dcs:who/WHS3_62,dcid:country/TCD,1996,24162.0
dcs:who/WHS3_62,dcid:country/TCD,1989,7449.0
dcs:who/WHS3_62,dcid:country/TCD,2021,2577.0
dcs:who/WHS3_62,dcid:country/TCD,2004,10324.0
dcs:who/WHS3_62,dcid:country/TCD,2016,118.0
dcs:who/WHS3_62,dcid:country/TCD,1981,36.0
dcs:who/WHS3_62,dcid:country/TCD,1990,7226.0
dcs:who/WHS3_62,dcid:country/TCD,2002,7277.0
dcs:who/WHS3_62,dcid:country/TCD,1992,19035.0
dcs:who/WHS3_62,dcid:country/TCD,1985,6430.0
dcs:who/WHS3_62,dcid:country/TCD,2001,24908.0
dcs:who/WHS3_62,dcid:country/TCD,2011,8650.0
dcs:who/WHS3_62,dcid:country/TCD,1997,10446.0
dcs:who/WHS3_62,dcid:country/TCD,2018,1457.0
dcs:who/WHS3_62,dcid:country/TCD,2005,2.0
dcs:who/WHS3_62,dcid:country/TCD,1986,3500.0
dcs:who/WHS3_62,dcid:country/TCD,1993,20894.0
dcs:who/WHS3_62,dcid:country/TCD,2023,11862.0
dcs:who/WHS3_62,dcid:country/TGO,1990,4548.0
dcs:who/WHS3_62,dcid:country/TGO,1999,2540.0
dcs:who/WHS3_62,dcid:country/TGO,1984,25869.0
dcs:who/WHS3_62,dcid:country/TGO,1991,9934.0
dcs:who/WHS3_62,dcid:country/TGO,1987,10111.0
dcs:who/WHS3_62,dcid:country/TGO,2020,91.0
dcs:who/WHS3_62,dcid:country/TGO,1996,223.0
dcs:who/WHS3_62,dcid:country/TGO,2002,363.0
dcs:who/WHS3_62,dcid:country/TGO,1983,19403.0
dcs:who/WHS3_62,dcid:country/TGO,2003,295.0
dcs:who/WHS3_62,dcid:country/TGO,1992,6959.0
dcs:who/WHS3_62,dcid:country/TGO,1982,21925.0
dcs:who/WHS3_62,dcid:country/TGO,1981,19043.0
dcs:who/WHS3_62,dcid:country/TGO,2013,564.0
dcs:who/WHS3_62,dcid:country/TGO,1998,3771.0
dcs:who/WHS3_62,dcid:country/TGO,2019,69.0
dcs:who/WHS3_62,dcid:country/TGO,2005,38.0
dcs:who/WHS3_62,dcid:country/TGO,2016,15.0
dcs:who/WHS3_62,dcid:country/TGO,2014,577.0
dcs:who/WHS3_62,dcid:country/TGO,1986,13119.0
dcs:who/WHS3_62,dcid:country/TGO,1985,25729.0
dcs:who/WHS3_62,dcid:country/TGO,2004,61.0
dcs:who/WHS3_62,dcid:country/TGO,2000,3578.0
dcs:who/WHS3_62,dcid:country/TGO,2022,722.0
dcs:who/WHS3_62,dcid:country/TGO,2021,82.0
dcs:who/WHS3_62,dcid:country/TGO,2008,187.0
dcs:who/WHS3_62,dcid:country/TGO,1994,7298.0
dcs:who/WHS3_62,dcid:country/TGO,2011,187.0
dcs:who/WHS3_62,dcid:country/TGO,2010,120.0
dcs:who/WHS3_62,dcid:country/TGO,2007,8.0
dcs:who/WHS3_62,dcid:country/TGO,1989,3499.0
dcs:who/WHS3_62,dcid:country/TGO,1995,6144.0
dcs:who/WHS3_62,dcid:country/TGO,2023,686.0
dcs:who/WHS3_62,dcid:country/TGO,2015,20.0
dcs:who/WHS3_62,dcid:country/TGO,1980,33960.0
dcs:who/WHS3_62,dcid:country/TGO,2009,425.0
dcs:who/WHS3_62,dcid:country/TGO,2017,46.0
dcs:who/WHS3_62,dcid:country/TGO,2012,238.0
dcs:who/WHS3_62,dcid:country/TGO,1988,17577.0
dcs:who/WHS3_62,dcid:country/TGO,1993,4017.0
dcs:who/WHS3_62,dcid:country/TGO,1997,450.0
dcs:who/WHS3_62,dcid:country/TGO,2006,26.0
dcs:who/WHS3_62,dcid:country/TGO,2001,1833.0
dcs:who/WHS3_62,dcid:country/TGO,2018,38.0
dcs:who/WHS3_62,dcid:country/THA,2023,64.0
dcs:who/WHS3_62,dcid:country/THA,1995,11112.0
dcs:who/WHS3_62,dcid:country/THA,2017,1946.0
dcs:who/WHS3_62,dcid:country/THA,1981,24298.0
dcs:who/WHS3_62,dcid:country/THA,1987,42172.0
dcs:who/WHS3_62,dcid:country/THA,1997,15122.0
dcs:who/WHS3_62,dcid:country/THA,2004,4165.0
dcs:who/WHS3_62,dcid:country/THA,1984,47205.0
dcs:who/WHS3_62,dcid:country/THA,2022,64.0
dcs:who/WHS3_62,dcid:country/THA,2009,6071.0
dcs:who/WHS3_62,dcid:country/THA,1989,14862.0
dcs:who/WHS3_62,dcid:country/THA,2002,10315.0
dcs:who/WHS3_62,dcid:country/THA,1999,3167.0
dcs:who/WHS3_62,dcid:country/THA,1988,36092.0
dcs:who/WHS3_62,dcid:country/THA,2010,2583.0
dcs:who/WHS3_62,dcid:country/THA,2007,3893.0
dcs:who/WHS3_62,dcid:country/THA,2000,4074.0
dcs:who/WHS3_62,dcid:country/THA,1980,16795.0
dcs:who/WHS3_62,dcid:country/THA,1992,7892.0
dcs:who/WHS3_62,dcid:country/THA,1985,32156.0
dcs:who/WHS3_62,dcid:country/THA,1996,5757.0
dcs:who/WHS3_62,dcid:country/THA,1991,26709.0
dcs:who/WHS3_62,dcid:country/THA,1990,29244.0
dcs:who/WHS3_62,dcid:country/THA,1986,19545.0
dcs:who/WHS3_62,dcid:country/THA,2018,6035.0
dcs:who/WHS3_62,dcid:country/THA,1982,27691.0
dcs:who/WHS3_62,dcid:country/THA,2015,154.0
dcs:who/WHS3_62,dcid:country/THA,2008,7790.0
dcs:who/WHS3_62,dcid:country/THA,2012,5197.0
dcs:who/WHS3_62,dcid:country/THA,2006,3588.0
dcs:who/WHS3_62,dcid:country/THA,1994,38659.0
dcs:who/WHS3_62,dcid:country/THA,1993,17851.0
dcs:who/WHS3_62,dcid:country/THA,2005,3526.0
dcs:who/WHS3_62,dcid:country/THA,2001,7319.0
dcs:who/WHS3_62,dcid:country/THA,2011,3156.0
dcs:who/WHS3_62,dcid:country/THA,1998,13734.0
dcs:who/WHS3_62,dcid:country/THA,2016,652.0
dcs:who/WHS3_62,dcid:country/THA,2013,2641.0
dcs:who/WHS3_62,dcid:country/THA,2019,5412.0
dcs:who/WHS3_62,dcid:country/THA,1983,34713.0
dcs:who/WHS3_62,dcid:country/THA,2003,4519.0
dcs:who/WHS3_62,dcid:country/TJK,2008,0.0
dcs:who/WHS3_62,dcid:country/TJK,1998,3070.0
dcs:who/WHS3_62,dcid:country/TJK,1992,2439.0
dcs:who/WHS3_62,dcid:country/TJK,2007,2.0
dcs:who/WHS3_62,dcid:country/TJK,2015,3.0
dcs:who/WHS3_62,dcid:country/TJK,2018,0.0
dcs:who/WHS3_62,dcid:country/TJK,1995,56.0
dcs:who/WHS3_62,dcid:country/TJK,2022,454.0
dcs:who/WHS3_62,dcid:country/TJK,2006,3.0
dcs:who/WHS3_62,dcid:country/TJK,1999,177.0
dcs:who/WHS3_62,dcid:country/TJK,2009,0.0
dcs:who/WHS3_62,dcid:country/TJK,2017,654.0
dcs:who/WHS3_62,dcid:country/TJK,2004,4.0
dcs:who/WHS3_62,dcid:country/TJK,1993,5045.0
dcs:who/WHS3_62,dcid:country/TJK,2012,16.0
dcs:who/WHS3_62,dcid:country/TJK,2023,294.0
dcs:who/WHS3_62,dcid:country/TJK,2010,0.0
dcs:who/WHS3_62,dcid:country/TJK,2000,192.0
dcs:who/WHS3_62,dcid:country/TJK,2011,1.0
dcs:who/WHS3_62,dcid:country/TJK,2013,1.0
dcs:who/WHS3_62,dcid:country/TJK,1997,3882.0
dcs:who/WHS3_62,dcid:country/TJK,2002,927.0
dcs:who/WHS3_62,dcid:country/TJK,1994,531.0
dcs:who/WHS3_62,dcid:country/TJK,1990,6897.0
dcs:who/WHS3_62,dcid:country/TJK,2014,0.0
dcs:who/WHS3_62,dcid:country/TJK,2016,52.0
dcs:who/WHS3_62,dcid:country/TJK,1991,1241.0
dcs:who/WHS3_62,dcid:country/TJK,2001,38.0
dcs:who/WHS3_62,dcid:country/TJK,1996,42.0
dcs:who/WHS3_62,dcid:country/TJK,2019,7.0
dcs:who/WHS3_62,dcid:country/TJK,2021,10.0
dcs:who/WHS3_62,dcid:country/TJK,2003,2144.0
dcs:who/WHS3_62,dcid:country/TKL,1985,41.0
dcs:who/WHS3_62,dcid:country/TKL,2003,0.0
dcs:who/WHS3_62,dcid:country/TKL,1998,0.0
dcs:who/WHS3_62,dcid:country/TKL,1987,0.0
dcs:who/WHS3_62,dcid:country/TKL,2017,5.0
dcs:who/WHS3_62,dcid:country/TKL,1981,0.0
dcs:who/WHS3_62,dcid:country/TKL,1996,0.0
dcs:who/WHS3_62,dcid:country/TKL,1986,1.0
dcs:who/WHS3_62,dcid:country/TKL,1989,0.0
dcs:who/WHS3_62,dcid:country/TKL,1995,0.0
dcs:who/WHS3_62,dcid:country/TKL,1997,0.0
dcs:who/WHS3_62,dcid:country/TKL,2004,0.0
dcs:who/WHS3_62,dcid:country/TKL,1988,0.0
dcs:who/WHS3_62,dcid:country/TKL,2005,0.0
dcs:who/WHS3_62,dcid:country/TKL,1980,0.0
dcs:who/WHS3_62,dcid:country/TKL,2011,0.0
dcs:who/WHS3_62,dcid:country/TKL,1982,0.0
dcs:who/WHS3_62,dcid:country/TKL,2001,0.0
dcs:who/WHS3_62,dcid:country/TKL,2019,0.0
dcs:who/WHS3_62,dcid:country/TKL,1999,0.0
dcs:who/WHS3_62,dcid:country/TKL,2018,0.0
dcs:who/WHS3_62,dcid:country/TKL,2010,0.0
dcs:who/WHS3_62,dcid:country/TKL,1992,0.0
dcs:who/WHS3_62,dcid:country/TKL,2000,0.0
dcs:who/WHS3_62,dcid:country/TKL,1984,0.0
dcs:who/WHS3_62,dcid:country/TKL,1991,0.0
dcs:who/WHS3_62,dcid:country/TKL,2009,0.0
dcs:who/WHS3_62,dcid:country/TKL,1990,0.0
dcs:who/WHS3_62,dcid:country/TKL,1983,1.0
dcs:who/WHS3_62,dcid:country/TKL,1993,0.0
dcs:who/WHS3_62,dcid:country/TKM,2005,0.0
dcs:who/WHS3_62,dcid:country/TKM,2015,0.0
dcs:who/WHS3_62,dcid:country/TKM,2023,0.0
dcs:who/WHS3_62,dcid:country/TKM,1994,2613.0
dcs:who/WHS3_62,dcid:country/TKM,2012,0.0
dcs:who/WHS3_62,dcid:country/TKM,1999,452.0
dcs:who/WHS3_62,dcid:country/TKM,1998,1035.0
dcs:who/WHS3_62,dcid:country/TKM,1997,377.0
dcs:who/WHS3_62,dcid:country/TKM,2016,0.0
dcs:who/WHS3_62,dcid:country/TKM,1992,692.0
dcs:who/WHS3_62,dcid:country/TKM,2000,113.0
dcs:who/WHS3_62,dcid:country/TKM,2009,0.0
dcs:who/WHS3_62,dcid:country/TKM,2002,11.0
dcs:who/WHS3_62,dcid:country/TKM,1991,1346.0
dcs:who/WHS3_62,dcid:country/TKM,1990,2806.0
dcs:who/WHS3_62,dcid:country/TKM,2019,0.0
dcs:who/WHS3_62,dcid:country/TKM,2018,0.0
dcs:who/WHS3_62,dcid:country/TKM,2014,0.0
dcs:who/WHS3_62,dcid:country/TKM,1996,96.0
dcs:who/WHS3_62,dcid:country/TKM,2006,48.0
dcs:who/WHS3_62,dcid:country/TKM,2001,9.0
dcs:who/WHS3_62,dcid:country/TKM,2008,0.0
dcs:who/WHS3_62,dcid:country/TKM,2022,0.0
dcs:who/WHS3_62,dcid:country/TKM,2017,0.0
dcs:who/WHS3_62,dcid:country/TKM,2003,1.0
dcs:who/WHS3_62,dcid:country/TKM,2004,1.0
dcs:who/WHS3_62,dcid:country/TKM,2010,0.0
dcs:who/WHS3_62,dcid:country/TKM,2021,0.0
dcs:who/WHS3_62,dcid:country/TKM,1993,2486.0
dcs:who/WHS3_62,dcid:country/TKM,2013,0.0
dcs:who/WHS3_62,dcid:country/TKM,2007,59.0
dcs:who/WHS3_62,dcid:country/TKM,1995,393.0
dcs:who/WHS3_62,dcid:country/TKM,2011,0.0
dcs:who/WHS3_62,dcid:country/TLS,2020,2.0
dcs:who/WHS3_62,dcid:country/TLS,2007,0.0
dcs:who/WHS3_62,dcid:country/TLS,2018,0.0
dcs:who/WHS3_62,dcid:country/TLS,2011,763.0
dcs:who/WHS3_62,dcid:country/TLS,2010,50.0
dcs:who/WHS3_62,dcid:country/TLS,2005,203.0
dcs:who/WHS3_62,dcid:country/TLS,2006,90.0
dcs:who/WHS3_62,dcid:country/TLS,2015,43.0
dcs:who/WHS3_62,dcid:country/TLS,2003,94.0
dcs:who/WHS3_62,dcid:country/TLS,2019,22.0
dcs:who/WHS3_62,dcid:country/TLS,2008,0.0
dcs:who/WHS3_62,dcid:country/TLS,2009,10.0
dcs:who/WHS3_62,dcid:country/TLS,2016,2.0
dcs:who/WHS3_62,dcid:country/TLS,2004,41.0
dcs:who/WHS3_62,dcid:country/TLS,2023,7.0
dcs:who/WHS3_62,dcid:country/TLS,2014,47.0
dcs:who/WHS3_62,dcid:country/TLS,2012,16.0
dcs:who/WHS3_62,dcid:country/TLS,2017,0.0
dcs:who/WHS3_62,dcid:country/TLS,2002,0.0
dcs:who/WHS3_62,dcid:country/TLS,2022,8.0
dcs:who/WHS3_62,dcid:country/TLS,2013,4.0
dcs:who/WHS3_62,dcid:country/TON,1999,6.0
dcs:who/WHS3_62,dcid:country/TON,2002,0.0
dcs:who/WHS3_62,dcid:country/TON,2009,0.0
dcs:who/WHS3_62,dcid:country/TON,2011,0.0
dcs:who/WHS3_62,dcid:country/TON,2008,0.0
dcs:who/WHS3_62,dcid:country/TON,2004,0.0
dcs:who/WHS3_62,dcid:country/TON,2019,659.0
dcs:who/WHS3_62,dcid:country/TON,1982,19.0
dcs:who/WHS3_62,dcid:country/TON,1998,36.0
dcs:who/WHS3_62,dcid:country/TON,2012,0.0
dcs:who/WHS3_62,dcid:country/TON,1984,5.0
dcs:who/WHS3_62,dcid:country/TON,2006,0.0
dcs:who/WHS3_62,dcid:country/TON,2018,0.0
dcs:who/WHS3_62,dcid:country/TON,2005,0.0
dcs:who/WHS3_62,dcid:country/TON,2001,4.0
dcs:who/WHS3_62,dcid:country/TON,1992,10.0
dcs:who/WHS3_62,dcid:country/TON,1991,18.0
dcs:who/WHS3_62,dcid:country/TON,1989,25.0
dcs:who/WHS3_62,dcid:country/TON,2016,0.0
dcs:who/WHS3_62,dcid:country/TON,1993,0.0
dcs:who/WHS3_62,dcid:country/TON,1995,0.0
dcs:who/WHS3_62,dcid:country/TON,1987,0.0
dcs:who/WHS3_62,dcid:country/TON,2000,0.0
dcs:who/WHS3_62,dcid:country/TON,2013,0.0
dcs:who/WHS3_62,dcid:country/TON,1980,2336.0
dcs:who/WHS3_62,dcid:country/TON,1981,187.0
dcs:who/WHS3_62,dcid:country/TON,1988,0.0
dcs:who/WHS3_62,dcid:country/TON,1985,412.0
dcs:who/WHS3_62,dcid:country/TON,1997,1081.0
dcs:who/WHS3_62,dcid:country/TON,1990,65.0
dcs:who/WHS3_62,dcid:country/TON,2003,0.0
dcs:who/WHS3_62,dcid:country/TON,2010,0.0
dcs:who/WHS3_62,dcid:country/TON,1996,0.0
dcs:who/WHS3_62,dcid:country/TON,1986,233.0
dcs:who/WHS3_62,dcid:country/TON,2023,12.0
dcs:who/WHS3_62,dcid:country/TON,1983,36.0
dcs:who/WHS3_62,dcid:country/TON,2007,0.0
dcs:who/WHS3_62,dcid:country/TON,2017,0.0
dcs:who/WHS3_62,dcid:country/TTO,2010,0.0
dcs:who/WHS3_62,dcid:country/TTO,2000,0.0
dcs:who/WHS3_62,dcid:country/TTO,1995,0.0
dcs:who/WHS3_62,dcid:country/TTO,2006,0.0
dcs:who/WHS3_62,dcid:country/TTO,1989,2170.0
dcs:who/WHS3_62,dcid:country/TTO,2023,0.0
dcs:who/WHS3_62,dcid:country/TTO,2021,0.0
dcs:who/WHS3_62,dcid:country/TTO,2012,0.0
dcs:who/WHS3_62,dcid:country/TTO,2016,0.0
dcs:who/WHS3_62,dcid:country/TTO,2013,0.0
dcs:who/WHS3_62,dcid:country/TTO,2020,0.0
dcs:who/WHS3_62,dcid:country/TTO,2017,0.0
dcs:who/WHS3_62,dcid:country/TTO,2015,0.0
dcs:who/WHS3_62,dcid:country/TTO,2007,0.0
dcs:who/WHS3_62,dcid:country/TTO,1991,141.0
dcs:who/WHS3_62,dcid:country/TTO,1984,3556.0
dcs:who/WHS3_62,dcid:country/TTO,2018,0.0
dcs:who/WHS3_62,dcid:country/TTO,1982,1284.0
dcs:who/WHS3_62,dcid:country/TTO,2004,0.0
dcs:who/WHS3_62,dcid:country/TTO,1985,3549.0
dcs:who/WHS3_62,dcid:country/TTO,1980,384.0
dcs:who/WHS3_62,dcid:country/TTO,1990,511.0
dcs:who/WHS3_62,dcid:country/TTO,1996,0.0
dcs:who/WHS3_62,dcid:country/TTO,1992,0.0
dcs:who/WHS3_62,dcid:country/TTO,1993,0.0
dcs:who/WHS3_62,dcid:country/TTO,2001,0.0
dcs:who/WHS3_62,dcid:country/TTO,1998,0.0
dcs:who/WHS3_62,dcid:country/TTO,2003,0.0
dcs:who/WHS3_62,dcid:country/TTO,2009,0.0
dcs:who/WHS3_62,dcid:country/TTO,1987,441.0
dcs:who/WHS3_62,dcid:country/TTO,1986,2660.0
dcs:who/WHS3_62,dcid:country/TTO,1983,2392.0
dcs:who/WHS3_62,dcid:country/TTO,1994,0.0
dcs:who/WHS3_62,dcid:country/TTO,1997,1.0
dcs:who/WHS3_62,dcid:country/TTO,2005,0.0
dcs:who/WHS3_62,dcid:country/TTO,1999,0.0
dcs:who/WHS3_62,dcid:country/TTO,1981,3601.0
dcs:who/WHS3_62,dcid:country/TTO,2008,0.0
dcs:who/WHS3_62,dcid:country/TTO,2019,0.0
dcs:who/WHS3_62,dcid:country/TTO,2014,0.0
dcs:who/WHS3_62,dcid:country/TTO,2002,0.0
dcs:who/WHS3_62,dcid:country/TTO,1988,388.0
dcs:who/WHS3_62,dcid:country/TTO,2011,0.0
dcs:who/WHS3_62,dcid:country/TUN,1984,2481.0
dcs:who/WHS3_62,dcid:country/TUN,2017,5.0
dcs:who/WHS3_62,dcid:country/TUN,2009,1.0
dcs:who/WHS3_62,dcid:country/TUN,1991,1250.0
dcs:who/WHS3_62,dcid:country/TUN,2007,4.0
dcs:who/WHS3_62,dcid:country/TUN,1988,288.0
dcs:who/WHS3_62,dcid:country/TUN,2014,15.0
dcs:who/WHS3_62,dcid:country/TUN,1985,4766.0
dcs:who/WHS3_62,dcid:country/TUN,1995,676.0
dcs:who/WHS3_62,dcid:country/TUN,2000,47.0
dcs:who/WHS3_62,dcid:country/TUN,1982,1828.0
dcs:who/WHS3_62,dcid:country/TUN,2023,10.0
dcs:who/WHS3_62,dcid:country/TUN,1997,371.0
dcs:who/WHS3_62,dcid:country/TUN,1993,1413.0
dcs:who/WHS3_62,dcid:country/TUN,1986,3740.0
dcs:who/WHS3_62,dcid:country/TUN,2003,22.0
dcs:who/WHS3_62,dcid:country/TUN,2011,11.0
dcs:who/WHS3_62,dcid:country/TUN,1992,11872.0
dcs:who/WHS3_62,dcid:country/TUN,1990,547.0
dcs:who/WHS3_62,dcid:country/TUN,2021,7.0
dcs:who/WHS3_62,dcid:country/TUN,2015,16.0
dcs:who/WHS3_62,dcid:country/TUN,1994,597.0
dcs:who/WHS3_62,dcid:country/TUN,2012,48.0
dcs:who/WHS3_62,dcid:country/TUN,1998,123.0
dcs:who/WHS3_62,dcid:country/TUN,1989,1147.0
dcs:who/WHS3_62,dcid:country/TUN,2013,16.0
dcs:who/WHS3_62,dcid:country/TUN,2022,11.0
dcs:who/WHS3_62,dcid:country/TUN,2016,7.0
dcs:who/WHS3_62,dcid:country/TUN,1999,101.0
dcs:who/WHS3_62,dcid:country/TUN,2006,3.0
dcs:who/WHS3_62,dcid:country/TUN,1981,3007.0
dcs:who/WHS3_62,dcid:country/TUN,1980,225.0
dcs:who/WHS3_62,dcid:country/TUN,2002,98.0
dcs:who/WHS3_62,dcid:country/TUN,2008,2.0
dcs:who/WHS3_62,dcid:country/TUN,1996,533.0
dcs:who/WHS3_62,dcid:country/TUN,2019,4669.0
dcs:who/WHS3_62,dcid:country/TUN,2001,231.0
dcs:who/WHS3_62,dcid:country/TUN,2018,13.0
dcs:who/WHS3_62,dcid:country/TUN,2005,15.0
dcs:who/WHS3_62,dcid:country/TUN,1983,1464.0
dcs:who/WHS3_62,dcid:country/TUN,2020,20.0
dcs:who/WHS3_62,dcid:country/TUN,1987,573.0
dcs:who/WHS3_62,dcid:country/TUN,2004,1.0
dcs:who/WHS3_62,dcid:country/TUN,2010,1.0
dcs:who/WHS3_62,dcid:country/TUR,1984,30666.0
dcs:who/WHS3_62,dcid:country/TUR,2017,84.0
dcs:who/WHS3_62,dcid:country/TUR,1995,13544.0
dcs:who/WHS3_62,dcid:country/TUR,2012,349.0
dcs:who/WHS3_62,dcid:country/TUR,2018,716.0
dcs:who/WHS3_62,dcid:country/TUR,1988,9279.0
dcs:who/WHS3_62,dcid:country/TUR,1996,27171.0
dcs:who/WHS3_62,dcid:country/TUR,2009,4.0
dcs:who/WHS3_62,dcid:country/TUR,2002,7823.0
dcs:who/WHS3_62,dcid:country/TUR,1991,22521.0
dcs:who/WHS3_62,dcid:country/TUR,2016,9.0
dcs:who/WHS3_62,dcid:country/TUR,2014,565.0
dcs:who/WHS3_62,dcid:country/TUR,2006,34.0
dcs:who/WHS3_62,dcid:country/TUR,1994,23733.0
dcs:who/WHS3_62,dcid:country/TUR,2005,6200.0
dcs:who/WHS3_62,dcid:country/TUR,1992,24626.0
dcs:who/WHS3_62,dcid:country/TUR,2007,3.0
dcs:who/WHS3_62,dcid:country/TUR,1987,2194.0
dcs:who/WHS3_62,dcid:country/TUR,2000,16244.0
dcs:who/WHS3_62,dcid:country/TUR,1983,31515.0
dcs:who/WHS3_62,dcid:country/TUR,2004,8927.0
dcs:who/WHS3_62,dcid:country/TUR,2010,7.0
dcs:who/WHS3_62,dcid:country/TUR,2019,2904.0
dcs:who/WHS3_62,dcid:country/TUR,1981,26547.0
dcs:who/WHS3_62,dcid:country/TUR,1980,8618.0
dcs:who/WHS3_62,dcid:country/TUR,1982,8778.0
dcs:who/WHS3_62,dcid:country/TUR,2011,111.0
dcs:who/WHS3_62,dcid:country/TUR,2015,342.0
dcs:who/WHS3_62,dcid:country/TUR,2001,30509.0
dcs:who/WHS3_62,dcid:country/TUR,2022,103.0
dcs:who/WHS3_62,dcid:country/TUR,1997,22795.0
dcs:who/WHS3_62,dcid:country/TUR,1998,27120.0
dcs:who/WHS3_62,dcid:country/TUR,1989,19273.0
dcs:who/WHS3_62,dcid:country/TUR,1986,2267.0
dcs:who/WHS3_62,dcid:country/TUR,1985,14695.0
dcs:who/WHS3_62,dcid:country/TUR,1990,11372.0
dcs:who/WHS3_62,dcid:country/TUR,1993,34285.0
dcs:who/WHS3_62,dcid:country/TUR,1999,16329.0
dcs:who/WHS3_62,dcid:country/TUR,2013,7405.0
dcs:who/WHS3_62,dcid:country/TUR,2008,0.0
dcs:who/WHS3_62,dcid:country/TUR,2003,5844.0
dcs:who/WHS3_62,dcid:country/TUV,1987,284.0
dcs:who/WHS3_62,dcid:country/TUV,1984,2.0
dcs:who/WHS3_62,dcid:country/TUV,1988,0.0
dcs:who/WHS3_62,dcid:country/TUV,2011,0.0
dcs:who/WHS3_62,dcid:country/TUV,2019,0.0
dcs:who/WHS3_62,dcid:country/TUV,1985,0.0
dcs:who/WHS3_62,dcid:country/TUV,1999,0.0
dcs:who/WHS3_62,dcid:country/TUV,1991,0.0
dcs:who/WHS3_62,dcid:country/TUV,1992,1.0
dcs:who/WHS3_62,dcid:country/TUV,2009,0.0
dcs:who/WHS3_62,dcid:country/TUV,2010,0.0
dcs:who/WHS3_62,dcid:country/TUV,1980,509.0
dcs:who/WHS3_62,dcid:country/TUV,1986,0.0
dcs:who/WHS3_62,dcid:country/TUV,2012,0.0
dcs:who/WHS3_62,dcid:country/TUV,1989,0.0
dcs:who/WHS3_62,dcid:country/TUV,2005,0.0
dcs:who/WHS3_62,dcid:country/TUV,1981,3.0
dcs:who/WHS3_62,dcid:country/TUV,2006,0.0
dcs:who/WHS3_62,dcid:country/TUV,1982,20.0
dcs:who/WHS3_62,dcid:country/TUV,2002,0.0
dcs:who/WHS3_62,dcid:country/TUV,1994,0.0
dcs:who/WHS3_62,dcid:country/TUV,2007,0.0
dcs:who/WHS3_62,dcid:country/TUV,1983,0.0
dcs:who/WHS3_62,dcid:country/TUV,2004,0.0
dcs:who/WHS3_62,dcid:country/TUV,1993,0.0
dcs:who/WHS3_62,dcid:country/TUV,2001,0.0
dcs:who/WHS3_62,dcid:country/TUV,2008,0.0
dcs:who/WHS3_62,dcid:country/TUV,1995,1.0
dcs:who/WHS3_62,dcid:country/TUV,1997,14.0
dcs:who/WHS3_62,dcid:country/TUV,1996,51.0
dcs:who/WHS3_62,dcid:country/TUV,2003,0.0
dcs:who/WHS3_62,dcid:country/TZA,1992,13040.0
dcs:who/WHS3_62,dcid:country/TZA,2016,33.0
dcs:who/WHS3_62,dcid:country/TZA,1986,38229.0
dcs:who/WHS3_62,dcid:country/TZA,2008,3413.0
dcs:who/WHS3_62,dcid:country/TZA,1984,39311.0
dcs:who/WHS3_62,dcid:country/TZA,2002,5131.0
dcs:who/WHS3_62,dcid:country/TZA,2014,88.0
dcs:who/WHS3_62,dcid:country/TZA,1996,10676.0
dcs:who/WHS3_62,dcid:country/TZA,1985,46032.0
dcs:who/WHS3_62,dcid:country/TZA,1980,63100.0
dcs:who/WHS3_62,dcid:country/TZA,2011,1622.0
dcs:who/WHS3_62,dcid:country/TZA,1982,102127.0
dcs:who/WHS3_62,dcid:country/TZA,2022,612.0
dcs:who/WHS3_62,dcid:country/TZA,1993,16471.0
dcs:who/WHS3_62,dcid:country/TZA,1988,14568.0
dcs:who/WHS3_62,dcid:country/TZA,2010,167.0
dcs:who/WHS3_62,dcid:country/TZA,2023,2887.0
dcs:who/WHS3_62,dcid:country/TZA,2006,2362.0
dcs:who/WHS3_62,dcid:country/TZA,2001,11847.0
dcs:who/WHS3_62,dcid:country/TZA,2009,1574.0
dcs:who/WHS3_62,dcid:country/TZA,1999,5887.0
dcs:who/WHS3_62,dcid:country/TZA,2012,1668.0
dcs:who/WHS3_62,dcid:country/TZA,1994,3558.0
dcs:who/WHS3_62,dcid:country/TZA,2019,120.0
dcs:who/WHS3_62,dcid:country/TZA,2021,0.0
dcs:who/WHS3_62,dcid:country/TZA,1981,79764.0
dcs:who/WHS3_62,dcid:country/TZA,2018,74.0
dcs:who/WHS3_62,dcid:country/TZA,1997,7287.0
dcs:who/WHS3_62,dcid:country/TZA,1990,14920.0
dcs:who/WHS3_62,dcid:country/TZA,2004,1419.0
dcs:who/WHS3_62,dcid:country/TZA,2020,127.0
dcs:who/WHS3_62,dcid:country/TZA,1987,42109.0
dcs:who/WHS3_62,dcid:country/TZA,2007,7726.0
dcs:who/WHS3_62,dcid:country/TZA,1983,68804.0
dcs:who/WHS3_62,dcid:country/TZA,2003,1673.0
dcs:who/WHS3_62,dcid:country/TZA,1991,27188.0
dcs:who/WHS3_62,dcid:country/TZA,2013,185.0
dcs:who/WHS3_62,dcid:country/TZA,2000,14649.0
dcs:who/WHS3_62,dcid:country/TZA,2005,23.0
dcs:who/WHS3_62,dcid:country/TZA,1995,3160.0
dcs:who/WHS3_62,dcid:country/TZA,2017,852.0
dcs:who/WHS3_62,dcid:country/TZA,1989,7033.0
dcs:who/WHS3_62,dcid:country/TZA,2015,30.0
dcs:who/WHS3_62,dcid:country/TZA,1998,10023.0
dcs:who/WHS3_62,dcid:country/UGA,2021,606.0
dcs:who/WHS3_62,dcid:country/UGA,1988,1666.0
dcs:who/WHS3_62,dcid:country/UGA,1984,20072.0
dcs:who/WHS3_62,dcid:country/UGA,2017,1021.0
dcs:who/WHS3_62,dcid:country/UGA,1990,2637.0
dcs:who/WHS3_62,dcid:country/UGA,1981,18630.0
dcs:who/WHS3_62,dcid:country/UGA,2019,920.0
dcs:who/WHS3_62,dcid:country/UGA,1983,43016.0
dcs:who/WHS3_62,dcid:country/UGA,2003,29429.0
dcs:who/WHS3_62,dcid:country/UGA,2020,314.0
dcs:who/WHS3_62,dcid:country/UGA,1999,42737.0
dcs:who/WHS3_62,dcid:country/UGA,2002,49871.0
dcs:who/WHS3_62,dcid:country/UGA,1994,49815.0
dcs:who/WHS3_62,dcid:country/UGA,1996,26198.0
dcs:who/WHS3_62,dcid:country/UGA,1997,12562.0
dcs:who/WHS3_62,dcid:country/UGA,2007,3776.0
dcs:who/WHS3_62,dcid:country/UGA,2006,5736.0
dcs:who/WHS3_62,dcid:country/UGA,2022,52.0
dcs:who/WHS3_62,dcid:country/UGA,1980,13415.0
dcs:who/WHS3_62,dcid:country/UGA,2014,314.0
dcs:who/WHS3_62,dcid:country/UGA,2018,2627.0
dcs:who/WHS3_62,dcid:country/UGA,1992,36511.0
dcs:who/WHS3_62,dcid:country/UGA,1989,660.0
dcs:who/WHS3_62,dcid:country/UGA,2008,1319.0
dcs:who/WHS3_62,dcid:country/UGA,2016,139.0
dcs:who/WHS3_62,dcid:country/UGA,2013,7878.0
dcs:who/WHS3_62,dcid:country/UGA,2000,42554.0
dcs:who/WHS3_62,dcid:country/UGA,2005,22.0
dcs:who/WHS3_62,dcid:country/UGA,2011,3312.0
dcs:who/WHS3_62,dcid:country/UGA,2012,2027.0
dcs:who/WHS3_62,dcid:country/UGA,2004,141.0
dcs:who/WHS3_62,dcid:country/UGA,1998,42528.0
dcs:who/WHS3_62,dcid:country/UGA,1982,11408.0
dcs:who/WHS3_62,dcid:country/UGA,2010,1313.0
dcs:who/WHS3_62,dcid:country/UGA,2015,478.0
dcs:who/WHS3_62,dcid:country/UGA,2001,48543.0
dcs:who/WHS3_62,dcid:country/UGA,2023,399.0
dcs:who/WHS3_62,dcid:country/UGA,2009,1601.0
dcs:who/WHS3_62,dcid:country/UGA,1995,42659.0
dcs:who/WHS3_62,dcid:country/UKR,2001,16970.0
dcs:who/WHS3_62,dcid:country/UKR,2008,48.0
dcs:who/WHS3_62,dcid:country/UKR,1995,1923.0
dcs:who/WHS3_62,dcid:country/UKR,1991,5321.0
dcs:who/WHS3_62,dcid:country/UKR,2002,7587.0
dcs:who/WHS3_62,dcid:country/UKR,2022,11.0
dcs:who/WHS3_62,dcid:country/UKR,2023,66.0
dcs:who/WHS3_62,dcid:country/UKR,2017,4782.0
dcs:who/WHS3_62,dcid:country/UKR,1992,13289.0
dcs:who/WHS3_62,dcid:country/UKR,2019,57282.0
dcs:who/WHS3_62,dcid:country/UKR,2012,12746.0
dcs:who/WHS3_62,dcid:country/UKR,1998,5107.0
dcs:who/WHS3_62,dcid:country/UKR,2003,411.0
dcs:who/WHS3_62,dcid:country/UKR,1996,8678.0
dcs:who/WHS3_62,dcid:country/UKR,2015,105.0
dcs:who/WHS3_62,dcid:country/UKR,2000,817.0
dcs:who/WHS3_62,dcid:country/UKR,2004,146.0
dcs:who/WHS3_62,dcid:country/UKR,1990,6841.0
dcs:who/WHS3_62,dcid:country/UKR,2021,16.0
dcs:who/WHS3_62,dcid:country/UKR,2016,102.0
dcs:who/WHS3_62,dcid:country/UKR,2011,1333.0
dcs:who/WHS3_62,dcid:country/UKR,1999,1389.0
dcs:who/WHS3_62,dcid:country/UKR,2005,2392.0
dcs:who/WHS3_62,dcid:country/UKR,2006,42724.0
dcs:who/WHS3_62,dcid:country/UKR,1997,7000.0
dcs:who/WHS3_62,dcid:country/UKR,2020,264.0
dcs:who/WHS3_62,dcid:country/UKR,2007,1005.0
dcs:who/WHS3_62,dcid:country/UKR,2018,53219.0
dcs:who/WHS3_62,dcid:country/UKR,2010,39.0
dcs:who/WHS3_62,dcid:country/UKR,1993,23452.0
dcs:who/WHS3_62,dcid:country/UKR,1994,9837.0
dcs:who/WHS3_62,dcid:country/URY,2019,9.0
dcs:who/WHS3_62,dcid:country/URY,2004,0.0
dcs:who/WHS3_62,dcid:country/URY,1995,5.0
dcs:who/WHS3_62,dcid:country/URY,1981,15465.0
dcs:who/WHS3_62,dcid:country/URY,2008,0.0
dcs:who/WHS3_62,dcid:country/URY,1994,0.0
dcs:who/WHS3_62,dcid:country/URY,1991,2040.0
dcs:who/WHS3_62,dcid:country/URY,2001,0.0
dcs:who/WHS3_62,dcid:country/URY,1997,2.0
dcs:who/WHS3_62,dcid:country/URY,2021,0.0
dcs:who/WHS3_62,dcid:country/URY,2018,0.0
dcs:who/WHS3_62,dcid:country/URY,1989,20.0
dcs:who/WHS3_62,dcid:country/URY,2005,0.0
dcs:who/WHS3_62,dcid:country/URY,2011,0.0
dcs:who/WHS3_62,dcid:country/URY,2013,0.0
dcs:who/WHS3_62,dcid:country/URY,2017,0.0
dcs:who/WHS3_62,dcid:country/URY,2016,0.0
dcs:who/WHS3_62,dcid:country/URY,1980,141.0
dcs:who/WHS3_62,dcid:country/URY,1988,76.0
dcs:who/WHS3_62,dcid:country/URY,2015,0.0
dcs:who/WHS3_62,dcid:country/URY,2012,0.0
dcs:who/WHS3_62,dcid:country/URY,2007,0.0
dcs:who/WHS3_62,dcid:country/URY,2023,0.0
dcs:who/WHS3_62,dcid:country/URY,1996,2.0
dcs:who/WHS3_62,dcid:country/URY,1993,16.0
dcs:who/WHS3_62,dcid:country/URY,1984,352.0
dcs:who/WHS3_62,dcid:country/URY,2003,0.0
dcs:who/WHS3_62,dcid:country/URY,1999,34.0
dcs:who/WHS3_62,dcid:country/URY,2020,2.0
dcs:who/WHS3_62,dcid:country/URY,2000,0.0
dcs:who/WHS3_62,dcid:country/URY,1992,187.0
dcs:who/WHS3_62,dcid:country/URY,1998,6.0
dcs:who/WHS3_62,dcid:country/URY,2006,0.0
dcs:who/WHS3_62,dcid:country/URY,2022,0.0
dcs:who/WHS3_62,dcid:country/URY,1983,18.0
dcs:who/WHS3_62,dcid:country/URY,1986,198.0
dcs:who/WHS3_62,dcid:country/URY,2014,0.0
dcs:who/WHS3_62,dcid:country/URY,2010,0.0
dcs:who/WHS3_62,dcid:country/URY,1987,1190.0
dcs:who/WHS3_62,dcid:country/URY,1985,160.0
dcs:who/WHS3_62,dcid:country/URY,1990,110.0
dcs:who/WHS3_62,dcid:country/URY,1982,135.0
dcs:who/WHS3_62,dcid:country/URY,2009,0.0
dcs:who/WHS3_62,dcid:country/URY,2002,0.0
dcs:who/WHS3_62,dcid:country/USA,2000,85.0
dcs:who/WHS3_62,dcid:country/USA,2002,41.0
dcs:who/WHS3_62,dcid:country/USA,2006,55.0
dcs:who/WHS3_62,dcid:country/USA,1993,312.0
dcs:who/WHS3_62,dcid:country/USA,2015,188.0
dcs:who/WHS3_62,dcid:country/USA,1998,100.0
dcs:who/WHS3_62,dcid:country/USA,2011,220.0
dcs:who/WHS3_62,dcid:country/USA,1985,2822.0
dcs:who/WHS3_62,dcid:country/USA,2018,375.0
dcs:who/WHS3_62,dcid:country/USA,1997,138.0
dcs:who/WHS3_62,dcid:country/USA,1992,2231.0
dcs:who/WHS3_62,dcid:country/USA,2007,43.0
dcs:who/WHS3_62,dcid:country/USA,2009,71.0
dcs:who/WHS3_62,dcid:country/USA,2008,140.0
dcs:who/WHS3_62,dcid:country/USA,1980,13506.0
dcs:who/WHS3_62,dcid:country/USA,2001,116.0
dcs:who/WHS3_62,dcid:country/USA,1991,9643.0
dcs:who/WHS3_62,dcid:country/USA,2013,187.0
dcs:who/WHS3_62,dcid:country/USA,1983,1497.0
dcs:who/WHS3_62,dcid:country/USA,2014,667.0
dcs:who/WHS3_62,dcid:country/USA,2010,63.0
dcs:who/WHS3_62,dcid:country/USA,1981,3124.0
dcs:who/WHS3_62,dcid:country/USA,1987,3655.0
dcs:who/WHS3_62,dcid:country/USA,2012,55.0
dcs:who/WHS3_62,dcid:country/USA,1986,6282.0
dcs:who/WHS3_62,dcid:country/USA,1982,1714.0
dcs:who/WHS3_62,dcid:country/USA,2017,120.0
dcs:who/WHS3_62,dcid:country/USA,1995,309.0
dcs:who/WHS3_62,dcid:country/USA,2020,1275.0
dcs:who/WHS3_62,dcid:country/USA,2016,85.0
dcs:who/WHS3_62,dcid:country/USA,2004,37.0
dcs:who/WHS3_62,dcid:country/USA,1984,2587.0
dcs:who/WHS3_62,dcid:country/USA,1999,100.0
dcs:who/WHS3_62,dcid:country/USA,1994,958.0
dcs:who/WHS3_62,dcid:country/USA,1988,3396.0
dcs:who/WHS3_62,dcid:country/USA,1989,18193.0
dcs:who/WHS3_62,dcid:country/USA,2003,56.0
dcs:who/WHS3_62,dcid:country/USA,2005,66.0
dcs:who/WHS3_62,dcid:country/USA,2021,14.0
dcs:who/WHS3_62,dcid:country/USA,1990,27786.0
dcs:who/WHS3_62,dcid:country/USA,1996,489.0
dcs:who/WHS3_62,dcid:country/UZB,2005,737.0
dcs:who/WHS3_62,dcid:country/UZB,2022,7.0
dcs:who/WHS3_62,dcid:country/UZB,1997,261.0
dcs:who/WHS3_62,dcid:country/UZB,2014,8.0
dcs:who/WHS3_62,dcid:country/UZB,1994,1661.0
dcs:who/WHS3_62,dcid:country/UZB,2019,1672.0
dcs:who/WHS3_62,dcid:country/UZB,2020,4103.0
dcs:who/WHS3_62,dcid:country/UZB,2017,0.0
dcs:who/WHS3_62,dcid:country/UZB,1990,3943.0
dcs:who/WHS3_62,dcid:country/UZB,1991,3878.0
dcs:who/WHS3_62,dcid:country/UZB,1998,875.0
dcs:who/WHS3_62,dcid:country/UZB,2004,75.0
dcs:who/WHS3_62,dcid:country/UZB,2008,2.0
dcs:who/WHS3_62,dcid:country/UZB,2021,0.0
dcs:who/WHS3_62,dcid:country/UZB,1993,2354.0
dcs:who/WHS3_62,dcid:country/UZB,2011,476.0
dcs:who/WHS3_62,dcid:country/UZB,2006,823.0
dcs:who/WHS3_62,dcid:country/UZB,2010,117.0
dcs:who/WHS3_62,dcid:country/UZB,2015,22.0
dcs:who/WHS3_62,dcid:country/UZB,2018,22.0
dcs:who/WHS3_62,dcid:country/UZB,2000,80.0
dcs:who/WHS3_62,dcid:country/UZB,2016,1.0
dcs:who/WHS3_62,dcid:country/UZB,1992,2020.0
dcs:who/WHS3_62,dcid:country/UZB,2009,0.0
dcs:who/WHS3_62,dcid:country/UZB,2013,0.0
dcs:who/WHS3_62,dcid:country/UZB,1999,1193.0
dcs:who/WHS3_62,dcid:country/UZB,1996,228.0
dcs:who/WHS3_62,dcid:country/UZB,2001,22.0
dcs:who/WHS3_62,dcid:country/UZB,2003,85.0
dcs:who/WHS3_62,dcid:country/UZB,2007,863.0
dcs:who/WHS3_62,dcid:country/UZB,2023,1176.0
dcs:who/WHS3_62,dcid:country/UZB,1995,294.0
dcs:who/WHS3_62,dcid:country/UZB,2002,25.0
dcs:who/WHS3_62,dcid:country/VCT,1996,0.0
dcs:who/WHS3_62,dcid:country/VCT,2008,0.0
dcs:who/WHS3_62,dcid:country/VCT,2016,0.0
dcs:who/WHS3_62,dcid:country/VCT,1988,10.0
dcs:who/WHS3_62,dcid:country/VCT,2006,0.0
dcs:who/WHS3_62,dcid:country/VCT,1981,19.0
dcs:who/WHS3_62,dcid:country/VCT,2017,0.0
dcs:who/WHS3_62,dcid:country/VCT,2011,0.0
dcs:who/WHS3_62,dcid:country/VCT,2013,0.0
dcs:who/WHS3_62,dcid:country/VCT,2018,0.0
dcs:who/WHS3_62,dcid:country/VCT,1991,0.0
dcs:who/WHS3_62,dcid:country/VCT,1997,0.0
dcs:who/WHS3_62,dcid:country/VCT,1990,1.0
dcs:who/WHS3_62,dcid:country/VCT,2001,0.0
dcs:who/WHS3_62,dcid:country/VCT,2002,0.0
dcs:who/WHS3_62,dcid:country/VCT,2021,0.0
dcs:who/WHS3_62,dcid:country/VCT,2020,0.0
dcs:who/WHS3_62,dcid:country/VCT,1987,1.0
dcs:who/WHS3_62,dcid:country/VCT,2003,0.0
dcs:who/WHS3_62,dcid:country/VCT,2000,0.0
dcs:who/WHS3_62,dcid:country/VCT,2005,0.0
dcs:who/WHS3_62,dcid:country/VCT,2010,0.0
dcs:who/WHS3_62,dcid:country/VCT,1992,0.0
dcs:who/WHS3_62,dcid:country/VCT,1999,0.0
dcs:who/WHS3_62,dcid:country/VCT,1989,1.0
dcs:who/WHS3_62,dcid:country/VCT,2019,0.0
dcs:who/WHS3_62,dcid:country/VCT,1980,257.0
dcs:who/WHS3_62,dcid:country/VCT,1998,0.0
dcs:who/WHS3_62,dcid:country/VCT,1994,0.0
dcs:who/WHS3_62,dcid:country/VCT,2012,0.0
dcs:who/WHS3_62,dcid:country/VCT,1985,5.0
dcs:who/WHS3_62,dcid:country/VCT,2009,0.0
dcs:who/WHS3_62,dcid:country/VCT,1995,0.0
dcs:who/WHS3_62,dcid:country/VCT,2014,0.0
dcs:who/WHS3_62,dcid:country/VCT,1986,2.0
dcs:who/WHS3_62,dcid:country/VCT,1984,15.0
dcs:who/WHS3_62,dcid:country/VCT,2007,0.0
dcs:who/WHS3_62,dcid:country/VCT,1993,0.0
dcs:who/WHS3_62,dcid:country/VCT,1982,757.0
dcs:who/WHS3_62,dcid:country/VCT,2015,0.0
dcs:who/WHS3_62,dcid:country/VCT,1983,63.0
dcs:who/WHS3_62,dcid:country/VCT,2004,0.0
dcs:who/WHS3_62,dcid:country/VCT,2022,0.0
dcs:who/WHS3_62,dcid:country/VEN,2017,727.0
dcs:who/WHS3_62,dcid:country/VEN,1997,27.0
dcs:who/WHS3_62,dcid:country/VEN,1989,10160.0
dcs:who/WHS3_62,dcid:country/VEN,2015,0.0
dcs:who/WHS3_62,dcid:country/VEN,1982,14200.0
dcs:who/WHS3_62,dcid:country/VEN,2018,5667.0
dcs:who/WHS3_62,dcid:country/VEN,2007,32.0
dcs:who/WHS3_62,dcid:country/VEN,1995,172.0
dcs:who/WHS3_62,dcid:country/VEN,2011,0.0
dcs:who/WHS3_62,dcid:country/VEN,2010,0.0
dcs:who/WHS3_62,dcid:country/VEN,2016,0.0
dcs:who/WHS3_62,dcid:country/VEN,1998,4.0
dcs:who/WHS3_62,dcid:country/VEN,1993,20244.0
dcs:who/WHS3_62,dcid:country/VEN,2000,22.0
dcs:who/WHS3_62,dcid:country/VEN,1984,11833.0
dcs:who/WHS3_62,dcid:country/VEN,2020,0.0
dcs:who/WHS3_62,dcid:country/VEN,2006,78.0
dcs:who/WHS3_62,dcid:country/VEN,2023,0.0
dcs:who/WHS3_62,dcid:country/VEN,1996,89.0
dcs:who/WHS3_62,dcid:country/VEN,2001,115.0
dcs:who/WHS3_62,dcid:country/VEN,1988,12339.0
dcs:who/WHS3_62,dcid:country/VEN,2003,0.0
dcs:who/WHS3_62,dcid:country/VEN,1985,21974.0
dcs:who/WHS3_62,dcid:country/VEN,1987,19261.0
dcs:who/WHS3_62,dcid:country/VEN,1981,31255.0
dcs:who/WHS3_62,dcid:country/VEN,2005,0.0
dcs:who/WHS3_62,dcid:country/VEN,1991,15273.0
dcs:who/WHS3_62,dcid:country/VEN,2009,0.0
dcs:who/WHS3_62,dcid:country/VEN,2014,0.0
dcs:who/WHS3_62,dcid:country/VEN,2002,2392.0
dcs:who/WHS3_62,dcid:country/VEN,2021,0.0
dcs:who/WHS3_62,dcid:country/VEN,2013,0.0
dcs:who/WHS3_62,dcid:country/VEN,1994,15364.0
dcs:who/WHS3_62,dcid:country/VEN,2012,1.0
dcs:who/WHS3_62,dcid:country/VEN,1983,11263.0
dcs:who/WHS3_62,dcid:country/VEN,2019,548.0
dcs:who/WHS3_62,dcid:country/VEN,1999,0.0
dcs:who/WHS3_62,dcid:country/VEN,1986,14026.0
dcs:who/WHS3_62,dcid:country/VEN,1980,9750.0
dcs:who/WHS3_62,dcid:country/VEN,2004,0.0
dcs:who/WHS3_62,dcid:country/VEN,2008,0.0
dcs:who/WHS3_62,dcid:country/VEN,1990,9881.0
dcs:who/WHS3_62,dcid:country/VEN,1992,11949.0
dcs:who/WHS3_62,dcid:country/VGB,2003,0.0
dcs:who/WHS3_62,dcid:country/VGB,2019,0.0
dcs:who/WHS3_62,dcid:country/VGB,1987,0.0
dcs:who/WHS3_62,dcid:country/VGB,2001,0.0
dcs:who/WHS3_62,dcid:country/VGB,2021,0.0
dcs:who/WHS3_62,dcid:country/VGB,1994,0.0
dcs:who/WHS3_62,dcid:country/VGB,1984,0.0
dcs:who/WHS3_62,dcid:country/VGB,2000,0.0
dcs:who/WHS3_62,dcid:country/VGB,1990,90.0
dcs:who/WHS3_62,dcid:country/VGB,1992,0.0
dcs:who/WHS3_62,dcid:country/VGB,1993,0.0
dcs:who/WHS3_62,dcid:country/VGB,1980,20.0
dcs:who/WHS3_62,dcid:country/VGB,1998,0.0
dcs:who/WHS3_62,dcid:country/VGB,1985,0.0
dcs:who/WHS3_62,dcid:country/VGB,1996,0.0
dcs:who/WHS3_62,dcid:country/VGB,2018,0.0
dcs:who/WHS3_62,dcid:country/VGB,1999,0.0
dcs:who/WHS3_62,dcid:country/VGB,1983,6.0
dcs:who/WHS3_62,dcid:country/VGB,1986,0.0
dcs:who/WHS3_62,dcid:country/VGB,2023,0.0
dcs:who/WHS3_62,dcid:country/VGB,1991,0.0
dcs:who/WHS3_62,dcid:country/VGB,1989,168.0
dcs:who/WHS3_62,dcid:country/VGB,1997,0.0
dcs:who/WHS3_62,dcid:country/VGB,2022,0.0
dcs:who/WHS3_62,dcid:country/VGB,2002,0.0
dcs:who/WHS3_62,dcid:country/VGB,2017,0.0
dcs:who/WHS3_62,dcid:country/VGB,1995,0.0
dcs:who/WHS3_62,dcid:country/VGB,1981,0.0
dcs:who/WHS3_62,dcid:country/VGB,1982,1.0
dcs:who/WHS3_62,dcid:country/VGB,1988,0.0
dcs:who/WHS3_62,dcid:country/VNM,2009,6582.0
dcs:who/WHS3_62,dcid:country/VNM,1995,6171.0
dcs:who/WHS3_62,dcid:country/VNM,1986,68463.0
dcs:who/WHS3_62,dcid:country/VNM,1994,11853.0
dcs:who/WHS3_62,dcid:country/VNM,1998,11690.0
dcs:who/WHS3_62,dcid:country/VNM,2021,162.0
dcs:who/WHS3_62,dcid:country/VNM,1983,125176.0
dcs:who/WHS3_62,dcid:country/VNM,2022,23.0
dcs:who/WHS3_62,dcid:country/VNM,2007,17.0
dcs:who/WHS3_62,dcid:country/VNM,2018,2256.0
dcs:who/WHS3_62,dcid:country/VNM,2006,1978.0
dcs:who/WHS3_62,dcid:country/VNM,2019,14156.0
dcs:who/WHS3_62,dcid:country/VNM,2010,2809.0
dcs:who/WHS3_62,dcid:country/VNM,2017,227.0
dcs:who/WHS3_62,dcid:country/VNM,2001,12058.0
dcs:who/WHS3_62,dcid:country/VNM,1982,72466.0
dcs:who/WHS3_62,dcid:country/VNM,1991,9874.0
dcs:who/WHS3_62,dcid:country/VNM,2016,46.0
dcs:who/WHS3_62,dcid:country/VNM,1999,14134.0
dcs:who/WHS3_62,dcid:country/VNM,1992,11830.0
dcs:who/WHS3_62,dcid:country/VNM,1990,8175.0
dcs:who/WHS3_62,dcid:country/VNM,1993,12015.0
dcs:who/WHS3_62,dcid:country/VNM,2008,352.0
dcs:who/WHS3_62,dcid:country/VNM,1997,6507.0
dcs:who/WHS3_62,dcid:country/VNM,2002,6755.0
dcs:who/WHS3_62,dcid:country/VNM,1981,62400.0
dcs:who/WHS3_62,dcid:country/VNM,2005,410.0
dcs:who/WHS3_62,dcid:country/VNM,2012,578.0
dcs:who/WHS3_62,dcid:country/VNM,1984,87796.0
dcs:who/WHS3_62,dcid:country/VNM,1989,22332.0
dcs:who/WHS3_62,dcid:country/VNM,2015,256.0
dcs:who/WHS3_62,dcid:country/VNM,2000,16512.0
dcs:who/WHS3_62,dcid:country/VNM,1988,23308.0
dcs:who/WHS3_62,dcid:country/VNM,2011,750.0
dcs:who/WHS3_62,dcid:country/VNM,2004,217.0
dcs:who/WHS3_62,dcid:country/VNM,2023,43.0
dcs:who/WHS3_62,dcid:country/VNM,1987,30460.0
dcs:who/WHS3_62,dcid:country/VNM,1996,5156.0
dcs:who/WHS3_62,dcid:country/VNM,1985,82231.0
dcs:who/WHS3_62,dcid:country/VNM,2014,15033.0
dcs:who/WHS3_62,dcid:country/VNM,1980,86901.0
dcs:who/WHS3_62,dcid:country/VNM,2003,2297.0
dcs:who/WHS3_62,dcid:country/VNM,2020,846.0
dcs:who/WHS3_62,dcid:country/VNM,2013,1123.0
dcs:who/WHS3_62,dcid:country/VUT,2003,165.0
dcs:who/WHS3_62,dcid:country/VUT,2010,0.0
dcs:who/WHS3_62,dcid:country/VUT,2008,0.0
dcs:who/WHS3_62,dcid:country/VUT,1993,67.0
dcs:who/WHS3_62,dcid:country/VUT,1996,4.0
dcs:who/WHS3_62,dcid:country/VUT,2006,0.0
dcs:who/WHS3_62,dcid:country/VUT,1990,67.0
dcs:who/WHS3_62,dcid:country/VUT,1989,169.0
dcs:who/WHS3_62,dcid:country/VUT,1988,140.0
dcs:who/WHS3_62,dcid:country/VUT,2007,0.0
dcs:who/WHS3_62,dcid:country/VUT,2012,0.0
dcs:who/WHS3_62,dcid:country/VUT,1987,253.0
dcs:who/WHS3_62,dcid:country/VUT,1995,27.0
dcs:who/WHS3_62,dcid:country/VUT,2019,0.0
dcs:who/WHS3_62,dcid:country/VUT,1992,154.0
dcs:who/WHS3_62,dcid:country/VUT,1981,45.0
dcs:who/WHS3_62,dcid:country/VUT,2023,0.0
dcs:who/WHS3_62,dcid:country/VUT,2014,10.0
dcs:who/WHS3_62,dcid:country/VUT,2001,7.0
dcs:who/WHS3_62,dcid:country/VUT,1999,12.0
dcs:who/WHS3_62,dcid:country/VUT,2020,0.0
dcs:who/WHS3_62,dcid:country/VUT,1982,832.0
dcs:who/WHS3_62,dcid:country/VUT,2022,0.0
dcs:who/WHS3_62,dcid:country/VUT,2009,0.0
dcs:who/WHS3_62,dcid:country/VUT,2021,0.0
dcs:who/WHS3_62,dcid:country/VUT,1983,401.0
dcs:who/WHS3_62,dcid:country/VUT,1984,1634.0
dcs:who/WHS3_62,dcid:country/VUT,2000,9.0
dcs:who/WHS3_62,dcid:country/VUT,2013,0.0
dcs:who/WHS3_62,dcid:country/VUT,2011,0.0
dcs:who/WHS3_62,dcid:country/VUT,1991,541.0
dcs:who/WHS3_62,dcid:country/VUT,2005,3.0
dcs:who/WHS3_62,dcid:country/VUT,1997,113.0
dcs:who/WHS3_62,dcid:country/VUT,1985,940.0
dcs:who/WHS3_62,dcid:country/VUT,1994,27.0
dcs:who/WHS3_62,dcid:country/VUT,2015,39.0
dcs:who/WHS3_62,dcid:country/VUT,2018,0.0
dcs:who/WHS3_62,dcid:country/VUT,1980,39.0
dcs:who/WHS3_62,dcid:country/VUT,1986,1064.0
dcs:who/WHS3_62,dcid:country/VUT,2002,101.0
dcs:who/WHS3_62,dcid:country/WLF,1997,0.0
dcs:who/WHS3_62,dcid:country/WLF,1984,4.0
dcs:who/WHS3_62,dcid:country/WLF,1999,0.0
dcs:who/WHS3_62,dcid:country/WLF,1983,65.0
dcs:who/WHS3_62,dcid:country/WLF,1994,9.0
dcs:who/WHS3_62,dcid:country/WLF,1988,0.0
dcs:who/WHS3_62,dcid:country/WLF,2007,0.0
dcs:who/WHS3_62,dcid:country/WLF,2000,0.0
dcs:who/WHS3_62,dcid:country/WLF,2003,0.0
dcs:who/WHS3_62,dcid:country/WLF,1981,18.0
dcs:who/WHS3_62,dcid:country/WLF,2013,0.0
dcs:who/WHS3_62,dcid:country/WLF,1993,9.0
dcs:who/WHS3_62,dcid:country/WLF,1989,0.0
dcs:who/WHS3_62,dcid:country/WLF,1982,87.0
dcs:who/WHS3_62,dcid:country/WLF,1998,0.0
dcs:who/WHS3_62,dcid:country/WLF,2012,0.0
dcs:who/WHS3_62,dcid:country/WLF,1995,13.0
dcs:who/WHS3_62,dcid:country/WLF,1980,342.0
dcs:who/WHS3_62,dcid:country/WLF,2018,0.0
dcs:who/WHS3_62,dcid:country/WLF,1992,0.0
dcs:who/WHS3_62,dcid:country/WSM,1982,28.0
dcs:who/WHS3_62,dcid:country/WSM,2021,0.0
dcs:who/WHS3_62,dcid:country/WSM,2022,0.0
dcs:who/WHS3_62,dcid:country/WSM,2006,0.0
dcs:who/WHS3_62,dcid:country/WSM,2018,0.0
dcs:who/WHS3_62,dcid:country/WSM,1980,376.0
dcs:who/WHS3_62,dcid:country/WSM,1997,0.0
dcs:who/WHS3_62,dcid:country/WSM,1995,0.0
dcs:who/WHS3_62,dcid:country/WSM,1988,0.0
dcs:who/WHS3_62,dcid:country/WSM,2004,0.0
dcs:who/WHS3_62,dcid:country/WSM,1993,7.0
dcs:who/WHS3_62,dcid:country/WSM,2010,8.0
dcs:who/WHS3_62,dcid:country/WSM,2020,11.0
dcs:who/WHS3_62,dcid:country/WSM,2012,1.0
dcs:who/WHS3_62,dcid:country/WSM,1989,1.0
dcs:who/WHS3_62,dcid:country/WSM,1986,1.0
dcs:who/WHS3_62,dcid:country/WSM,1998,8.0
dcs:who/WHS3_62,dcid:country/WSM,1994,0.0
dcs:who/WHS3_62,dcid:country/WSM,2011,0.0
dcs:who/WHS3_62,dcid:country/WSM,1990,0.0
dcs:who/WHS3_62,dcid:country/WSM,1996,87.0
dcs:who/WHS3_62,dcid:country/WSM,1984,0.0
dcs:who/WHS3_62,dcid:country/WSM,2003,0.0
dcs:who/WHS3_62,dcid:country/WSM,1981,72.0
dcs:who/WHS3_62,dcid:country/WSM,1985,1095.0
dcs:who/WHS3_62,dcid:country/WSM,2023,0.0
dcs:who/WHS3_62,dcid:country/WSM,2009,0.0
dcs:who/WHS3_62,dcid:country/WSM,1991,0.0
dcs:who/WHS3_62,dcid:country/WSM,2019,5687.0
dcs:who/WHS3_62,dcid:country/WSM,1992,4.0
dcs:who/WHS3_62,dcid:country/WSM,1987,0.0
dcs:who/WHS3_62,dcid:country/WSM,2005,0.0
dcs:who/WHS3_62,dcid:country/WSM,1983,7.0
dcs:who/WHS3_62,dcid:country/WSM,2017,3.0
dcs:who/WHS3_62,dcid:country/XKX,2022,0.0
dcs:who/WHS3_62,dcid:country/YEM,2016,143.0
dcs:who/WHS3_62,dcid:country/YEM,1997,51.0
dcs:who/WHS3_62,dcid:country/YEM,2012,2177.0
dcs:who/WHS3_62,dcid:country/YEM,2013,400.0
dcs:who/WHS3_62,dcid:country/YEM,1988,10424.0
dcs:who/WHS3_62,dcid:country/YEM,2014,815.0
dcs:who/WHS3_62,dcid:country/YEM,2010,510.0
dcs:who/WHS3_62,dcid:country/YEM,1984,39713.0
dcs:who/WHS3_62,dcid:country/YEM,2006,8079.0
dcs:who/WHS3_62,dcid:country/YEM,1981,21355.0
dcs:who/WHS3_62,dcid:country/YEM,2001,485.0
dcs:who/WHS3_62,dcid:country/YEM,1987,17408.0
dcs:who/WHS3_62,dcid:country/YEM,2022,23941.0
dcs:who/WHS3_62,dcid:country/YEM,1991,75.0
dcs:who/WHS3_62,dcid:country/YEM,2009,130.0
dcs:who/WHS3_62,dcid:country/YEM,2002,890.0
dcs:who/WHS3_62,dcid:country/YEM,2008,7.0
dcs:who/WHS3_62,dcid:country/YEM,2017,433.0
dcs:who/WHS3_62,dcid:country/YEM,1986,15596.0
dcs:who/WHS3_62,dcid:country/YEM,2021,4904.0
dcs:who/WHS3_62,dcid:country/YEM,2015,468.0
dcs:who/WHS3_62,dcid:country/YEM,2007,13.0
dcs:who/WHS3_62,dcid:country/YEM,2020,298.0
dcs:who/WHS3_62,dcid:country/YEM,1980,18020.0
dcs:who/WHS3_62,dcid:country/YEM,2023,49755.0
dcs:who/WHS3_62,dcid:country/YEM,1998,8785.0
dcs:who/WHS3_62,dcid:country/YEM,1999,26126.0
dcs:who/WHS3_62,dcid:country/YEM,2018,10640.0
dcs:who/WHS3_62,dcid:country/YEM,2003,8536.0
dcs:who/WHS3_62,dcid:country/YEM,1983,33348.0
dcs:who/WHS3_62,dcid:country/YEM,2011,2676.0
dcs:who/WHS3_62,dcid:country/YEM,2005,6285.0
dcs:who/WHS3_62,dcid:country/YEM,1994,35.0
dcs:who/WHS3_62,dcid:country/YEM,1985,27997.0
dcs:who/WHS3_62,dcid:country/YEM,2004,12708.0
dcs:who/WHS3_62,dcid:country/YEM,1992,2420.0
dcs:who/WHS3_62,dcid:country/YEM,1995,225.0
dcs:who/WHS3_62,dcid:country/YEM,1993,601.0
dcs:who/WHS3_62,dcid:country/YEM,1989,26681.0
dcs:who/WHS3_62,dcid:country/YEM,1982,24482.0
dcs:who/WHS3_62,dcid:country/YEM,2019,1161.0
dcs:who/WHS3_62,dcid:country/ZAF,2022,400.0
dcs:who/WHS3_62,dcid:country/ZAF,2000,1459.0
dcs:who/WHS3_62,dcid:country/ZAF,2003,244.0
dcs:who/WHS3_62,dcid:country/ZAF,2013,25.0
dcs:who/WHS3_62,dcid:country/ZAF,2015,17.0
dcs:who/WHS3_62,dcid:country/ZAF,1981,15809.0
dcs:who/WHS3_62,dcid:country/ZAF,1997,1337.0
dcs:who/WHS3_62,dcid:country/ZAF,1996,6501.0
dcs:who/WHS3_62,dcid:country/ZAF,1988,15258.0
dcs:who/WHS3_62,dcid:country/ZAF,1999,385.0
dcs:who/WHS3_62,dcid:country/ZAF,1995,8845.0
dcs:who/WHS3_62,dcid:country/ZAF,2021,21.0
dcs:who/WHS3_62,dcid:country/ZAF,2017,210.0
dcs:who/WHS3_62,dcid:country/ZAF,2009,5857.0
dcs:who/WHS3_62,dcid:country/ZAF,1994,6845.0
dcs:who/WHS3_62,dcid:country/ZAF,1998,977.0
dcs:who/WHS3_62,dcid:country/ZAF,2005,615.0
dcs:who/WHS3_62,dcid:country/ZAF,2004,830.0
dcs:who/WHS3_62,dcid:country/ZAF,2002,1043.0
dcs:who/WHS3_62,dcid:country/ZAF,1986,13459.0
dcs:who/WHS3_62,dcid:country/ZAF,1987,22559.0
dcs:who/WHS3_62,dcid:country/ZAF,2016,18.0
dcs:who/WHS3_62,dcid:country/ZAF,2020,40.0
dcs:who/WHS3_62,dcid:country/ZAF,2014,66.0
dcs:who/WHS3_62,dcid:country/ZAF,1993,12870.0
dcs:who/WHS3_62,dcid:country/ZAF,1989,18268.0
dcs:who/WHS3_62,dcid:country/ZAF,2006,81.0
dcs:who/WHS3_62,dcid:country/ZAF,2001,1166.0
dcs:who/WHS3_62,dcid:country/ZAF,1992,22745.0
dcs:who/WHS3_62,dcid:country/ZAF,1990,10624.0
dcs:who/WHS3_62,dcid:country/ZAF,2019,59.0
dcs:who/WHS3_62,dcid:country/ZAF,2008,39.0
dcs:who/WHS3_62,dcid:country/ZAF,2012,32.0
dcs:who/WHS3_62,dcid:country/ZAF,2011,92.0
dcs:who/WHS3_62,dcid:country/ZAF,1980,19193.0
dcs:who/WHS3_62,dcid:country/ZAF,2018,71.0
dcs:who/WHS3_62,dcid:country/ZAF,1985,17884.0
dcs:who/WHS3_62,dcid:country/ZAF,1982,12906.0
dcs:who/WHS3_62,dcid:country/ZAF,2007,31.0
dcs:who/WHS3_62,dcid:country/ZAF,2010,12499.0
dcs:who/WHS3_62,dcid:country/ZAF,2023,1033.0
dcs:who/WHS3_62,dcid:country/ZAF,1991,4777.0
dcs:who/WHS3_62,dcid:country/ZAF,1983,16735.0
dcs:who/WHS3_62,dcid:country/ZAF,1984,16160.0
dcs:who/WHS3_62,dcid:country/ZMB,2000,30930.0
dcs:who/WHS3_62,dcid:country/ZMB,2004,35.0
dcs:who/WHS3_62,dcid:country/ZMB,2007,535.0
dcs:who/WHS3_62,dcid:country/ZMB,2021,55.0
dcs:who/WHS3_62,dcid:country/ZMB,1993,11829.0
dcs:who/WHS3_62,dcid:country/ZMB,2019,15.0
dcs:who/WHS3_62,dcid:country/ZMB,1983,51140.0
dcs:who/WHS3_62,dcid:country/ZMB,2006,459.0
dcs:who/WHS3_62,dcid:country/ZMB,2003,881.0
dcs:who/WHS3_62,dcid:country/ZMB,2020,237.0
dcs:who/WHS3_62,dcid:country/ZMB,1997,7140.0
dcs:who/WHS3_62,dcid:country/ZMB,1992,11006.0
dcs:who/WHS3_62,dcid:country/ZMB,2009,26.0
dcs:who/WHS3_62,dcid:country/ZMB,1982,73499.0
dcs:who/WHS3_62,dcid:country/ZMB,2001,16997.0
dcs:who/WHS3_62,dcid:country/ZMB,1984,36881.0
dcs:who/WHS3_62,dcid:country/ZMB,1991,2822.0
dcs:who/WHS3_62,dcid:country/ZMB,1995,8533.0
dcs:who/WHS3_62,dcid:country/ZMB,2005,45.0
dcs:who/WHS3_62,dcid:country/ZMB,2022,1755.0
dcs:who/WHS3_62,dcid:country/ZMB,1994,14255.0
dcs:who/WHS3_62,dcid:country/ZMB,2023,5653.0
dcs:who/WHS3_62,dcid:country/ZMB,1981,184210.0
dcs:who/WHS3_62,dcid:country/ZMB,1996,9459.0
dcs:who/WHS3_62,dcid:country/ZMB,1999,23518.0
dcs:who/WHS3_62,dcid:country/ZMB,2010,15754.0
dcs:who/WHS3_62,dcid:country/ZMB,2016,8.0
dcs:who/WHS3_62,dcid:country/ZMB,1986,23866.0
dcs:who/WHS3_62,dcid:country/ZMB,2015,9.0
dcs:who/WHS3_62,dcid:country/ZMB,1987,14793.0
dcs:who/WHS3_62,dcid:country/ZMB,2014,9.0
dcs:who/WHS3_62,dcid:country/ZMB,1988,12487.0
dcs:who/WHS3_62,dcid:country/ZMB,2012,896.0
dcs:who/WHS3_62,dcid:country/ZMB,1985,51000.0
dcs:who/WHS3_62,dcid:country/ZMB,2013,35.0
dcs:who/WHS3_62,dcid:country/ZMB,2017,13.0
dcs:who/WHS3_62,dcid:country/ZMB,2002,25036.0
dcs:who/WHS3_62,dcid:country/ZMB,1980,98659.0
dcs:who/WHS3_62,dcid:country/ZMB,1989,5747.0
dcs:who/WHS3_62,dcid:country/ZMB,1990,6748.0
dcs:who/WHS3_62,dcid:country/ZMB,2018,11.0
dcs:who/WHS3_62,dcid:country/ZMB,2008,140.0
dcs:who/WHS3_62,dcid:country/ZMB,2011,13234.0
dcs:who/WHS3_62,dcid:country/ZWE,1983,36253.0
dcs:who/WHS3_62,dcid:country/ZWE,2011,0.0
dcs:who/WHS3_62,dcid:country/ZWE,2019,4.0
dcs:who/WHS3_62,dcid:country/ZWE,1999,772.0
dcs:who/WHS3_62,dcid:country/ZWE,1990,13728.0
dcs:who/WHS3_62,dcid:country/ZWE,2008,0.0
dcs:who/WHS3_62,dcid:country/ZWE,2017,1.0
dcs:who/WHS3_62,dcid:country/ZWE,1992,17346.0
dcs:who/WHS3_62,dcid:country/ZWE,1985,22290.0
dcs:who/WHS3_62,dcid:country/ZWE,2000,1483.0
dcs:who/WHS3_62,dcid:country/ZWE,2007,242.0
dcs:who/WHS3_62,dcid:country/ZWE,2020,3.0
dcs:who/WHS3_62,dcid:country/ZWE,1994,37785.0
dcs:who/WHS3_62,dcid:country/ZWE,2006,212.0
dcs:who/WHS3_62,dcid:country/ZWE,2005,420.0
dcs:who/WHS3_62,dcid:country/ZWE,1998,2049.0
dcs:who/WHS3_62,dcid:country/ZWE,1991,24090.0
dcs:who/WHS3_62,dcid:country/ZWE,1982,4941.0
dcs:who/WHS3_62,dcid:country/ZWE,2018,1.0
dcs:who/WHS3_62,dcid:country/ZWE,2012,0.0
dcs:who/WHS3_62,dcid:country/ZWE,2010,9696.0
dcs:who/WHS3_62,dcid:country/ZWE,1997,12971.0
dcs:who/WHS3_62,dcid:country/ZWE,1984,21662.0
dcs:who/WHS3_62,dcid:country/ZWE,1988,49812.0
dcs:who/WHS3_62,dcid:country/ZWE,2003,998.0
dcs:who/WHS3_62,dcid:country/ZWE,2021,282.0
dcs:who/WHS3_62,dcid:country/ZWE,2013,0.0
dcs:who/WHS3_62,dcid:country/ZWE,2014,0.0
dcs:who/WHS3_62,dcid:country/ZWE,1980,23650.0
dcs:who/WHS3_62,dcid:country/ZWE,2002,304.0
dcs:who/WHS3_62,dcid:country/ZWE,2015,0.0
dcs:who/WHS3_62,dcid:country/ZWE,1981,4995.0
dcs:who/WHS3_62,dcid:country/ZWE,2022,5532.0
dcs:who/WHS3_62,dcid:country/ZWE,1987,17675.0
dcs:who/WHS3_62,dcid:country/ZWE,2023,5532.0
dcs:who/WHS3_62,dcid:country/ZWE,2001,529.0
dcs:who/WHS3_62,dcid:country/ZWE,1986,20388.0
dcs:who/WHS3_62,dcid:country/ZWE,2016,1.0
dcs:who/WHS3_62,dcid:country/ZWE,1996,37407.0
dcs:who/WHS3_62,dcid:country/ZWE,1995,8529.0
dcs:who/WHS3_62,dcid:country/ZWE,1989,47509.0
dcs:who/WHS3_62,dcid:country/ZWE,2004,31.0
dcs:who/WHS3_62,dcid:country/ZWE,2009,853.0
dcs:who/WHS3_62,dcid:country/ZWE,1993,34071.0
dcs:who/WHS3_62,dcid:europe,1997,215767.0
dcs:who/WHS3_62,dcid:europe,1996,178345.0
dcs:who/WHS3_62,dcid:europe,1998,77872.0
dcs:who/WHS3_62,dcid:europe,2009,7499.0
dcs:who/WHS3_62,dcid:europe,1993,341982.0
dcs:who/WHS3_62,dcid:europe,1982,434521.0
dcs:who/WHS3_62,dcid:europe,1988,289609.0
dcs:who/WHS3_62,dcid:europe,2003,28203.0
dcs:who/WHS3_62,dcid:europe,1986,422573.0
dcs:who/WHS3_62,dcid:europe,2019,106330.0
dcs:who/WHS3_62,dcid:europe,1983,597455.0
dcs:who/WHS3_62,dcid:europe,2007,6936.0
dcs:who/WHS3_62,dcid:europe,2018,89148.0
dcs:who/WHS3_62,dcid:europe,2013,26346.0
dcs:who/WHS3_62,dcid:europe,2022,852.0
dcs:who/WHS3_62,dcid:europe,2011,37101.0
dcs:who/WHS3_62,dcid:europe,1990,185818.0
dcs:who/WHS3_62,dcid:europe,2023,55589.0
dcs:who/WHS3_62,dcid:europe,2020,10945.0
dcs:who/WHS3_62,dcid:europe,2012,27379.0
dcs:who/WHS3_62,dcid:europe,2014,14176.0
dcs:who/WHS3_62,dcid:europe,2010,30625.0
dcs:who/WHS3_62,dcid:europe,2000,37421.0
dcs:who/WHS3_62,dcid:europe,1984,336329.0
dcs:who/WHS3_62,dcid:europe,2016,4440.0
dcs:who/WHS3_62,dcid:europe,1992,330546.0
dcs:who/WHS3_62,dcid:europe,2004,29510.0
dcs:who/WHS3_62,dcid:europe,1985,373610.0
dcs:who/WHS3_62,dcid:europe,1987,145003.0
dcs:who/WHS3_62,dcid:europe,1999,38811.0
dcs:who/WHS3_62,dcid:europe,2001,58364.0
dcs:who/WHS3_62,dcid:europe,1980,492660.0
dcs:who/WHS3_62,dcid:europe,1981,460966.0
dcs:who/WHS3_62,dcid:europe,2008,8879.0
dcs:who/WHS3_62,dcid:europe,1989,374023.0
dcs:who/WHS3_62,dcid:europe,2021,99.0
dcs:who/WHS3_62,dcid:europe,2006,53344.0
dcs:who/WHS3_62,dcid:europe,2015,25957.0
dcs:who/WHS3_62,dcid:europe,1995,154107.0
dcs:who/WHS3_62,dcid:europe,2005,37338.0
dcs:who/WHS3_62,dcid:europe,2017,24356.0
dcs:who/WHS3_62,dcid:europe,1991,304166.0
dcs:who/WHS3_62,dcid:europe,2002,46718.0
dcs:who/WHS3_62,dcid:europe,1994,190910.0
dcs:who/WHS3_62,dcid:undata-geo/G00100100,2015,5795.0
dcs:who/WHS3_62,dcid:undata-geo/G00100100,2016,4955.0
dcs:who/WHS3_62,dcid:undata-geo/G00100100,2022,654.0
dcs:who/WHS3_62,dcid:undata-geo/G00100100,1982,504248.0
dcs:who/WHS3_62,dcid:undata-geo/G00100100,2004,19634.0
dcs:who/WHS3_62,dcid:undata-geo/G00100100,1981,559966.0
dcs:who/WHS3_62,dcid:undata-geo/G00100100,1991,305335.0
dcs:who/WHS3_62,dcid:undata-geo/G00100100,2005,7586.0
dcs:who/WHS3_62,dcid:undata-geo/G00100100,1997,177350.0
dcs:who/WHS3_62,dcid:undata-geo/G00100100,2017,19109.0
dcs:who/WHS3_62,dcid:undata-geo/G00100100,2010,31770.0
dcs:who/WHS3_62,dcid:undata-geo/G00100100,1980,568996.0
dcs:who/WHS3_62,dcid:undata-geo/G00100100,2009,8845.0
dcs:who/WHS3_62,dcid:undata-geo/G00100100,1994,154014.0
dcs:who/WHS3_62,dcid:undata-geo/G00100100,2023,20773.0
dcs:who/WHS3_62,dcid:undata-geo/G00100100,1985,402267.0
dcs:who/WHS3_62,dcid:undata-geo/G00100100,1988,349497.0
dcs:who/WHS3_62,dcid:undata-geo/G00100100,2007,10023.0
dcs:who/WHS3_62,dcid:undata-geo/G00100100,2021,456.0
dcs:who/WHS3_62,dcid:undata-geo/G00100100,2002,55260.0
dcs:who/WHS3_62,dcid:undata-geo/G00100100,2020,4735.0
dcs:who/WHS3_62,dcid:undata-geo/G00100100,1993,255875.0
dcs:who/WHS3_62,dcid:undata-geo/G00100100,1986,486673.0
dcs:who/WHS3_62,dcid:undata-geo/G00100100,1992,303391.0
dcs:who/WHS3_62,dcid:undata-geo/G00100100,1983,639086.0
dcs:who/WHS3_62,dcid:undata-geo/G00100100,2006,10246.0
dcs:who/WHS3_62,dcid:undata-geo/G00100100,2008,20306.0
dcs:who/WHS3_62,dcid:undata-geo/G00100100,1995,140709.0
dcs:who/WHS3_62,dcid:undata-geo/G00100100,2014,9799.0
dcs:who/WHS3_62,dcid:undata-geo/G00100100,2019,26082.0
dcs:who/WHS3_62,dcid:undata-geo/G00100100,2018,26159.0
dcs:who/WHS3_62,dcid:undata-geo/G00100100,1987,192689.0
dcs:who/WHS3_62,dcid:undata-geo/G00100100,2011,36566.0
dcs:who/WHS3_62,dcid:undata-geo/G00100100,1998,34707.0
dcs:who/WHS3_62,dcid:undata-geo/G00100100,2001,56245.0
dcs:who/WHS3_62,dcid:undata-geo/G00100100,2013,12990.0
dcs:who/WHS3_62,dcid:undata-geo/G00100100,1996,142525.0
dcs:who/WHS3_62,dcid:undata-geo/G00100100,1990,191830.0
dcs:who/WHS3_62,dcid:undata-geo/G00100100,1984,364559.0
dcs:who/WHS3_62,dcid:undata-geo/G00100100,1989,262654.0
dcs:who/WHS3_62,dcid:undata-geo/G00100100,2003,27258.0
dcs:who/WHS3_62,dcid:undata-geo/G00100100,2000,73951.0
dcs:who/WHS3_62,dcid:undata-geo/G00100100,2012,15374.0
dcs:who/WHS3_62,dcid:undata-geo/G00100100,1999,18132.0
dcs:who/WHS3_62,dcid:undata-geo/G00100400,1991,430077.0
dcs:who/WHS3_62,dcid:undata-geo/G00100400,1982,1221908.0
dcs:who/WHS3_62,dcid:undata-geo/G00100400,1994,249700.0
dcs:who/WHS3_62,dcid:undata-geo/G00100400,1984,1071201.0
dcs:who/WHS3_62,dcid:undata-geo/G00100400,2011,40058.0
dcs:who/WHS3_62,dcid:undata-geo/G00100400,2004,146656.0
dcs:who/WHS3_62,dcid:undata-geo/G00100400,1988,357704.0
dcs:who/WHS3_62,dcid:undata-geo/G00100400,1990,429514.0
dcs:who/WHS3_62,dcid:undata-geo/G00100400,1996,189311.0
dcs:who/WHS3_62,dcid:undata-geo/G00100400,2020,14274.0
dcs:who/WHS3_62,dcid:undata-geo/G00100400,2018,97342.0
dcs:who/WHS3_62,dcid:undata-geo/G00100400,2009,120812.0
dcs:who/WHS3_62,dcid:undata-geo/G00100400,2008,161471.0
dcs:who/WHS3_62,dcid:undata-geo/G00100400,2019,121427.0
dcs:who/WHS3_62,dcid:undata-geo/G00100400,2000,122366.0
dcs:who/WHS3_62,dcid:undata-geo/G00100400,2003,140082.0
dcs:who/WHS3_62,dcid:undata-geo/G00100400,2022,10840.0
dcs:who/WHS3_62,dcid:undata-geo/G00100400,2023,66032.0
dcs:who/WHS3_62,dcid:undata-geo/G00100400,1983,1115519.0
dcs:who/WHS3_62,dcid:undata-geo/G00100400,1985,737528.0
dcs:who/WHS3_62,dcid:undata-geo/G00100400,2017,25892.0
dcs:who/WHS3_62,dcid:undata-geo/G00100400,2002,132999.0
dcs:who/WHS3_62,dcid:undata-geo/G00100400,2005,180181.0
dcs:who/WHS3_62,dcid:undata-geo/G00100400,2006,170168.0
dcs:who/WHS3_62,dcid:undata-geo/G00100400,2014,76357.0
dcs:who/WHS3_62,dcid:undata-geo/G00100400,1987,362774.0
dcs:who/WHS3_62,dcid:undata-geo/G00100400,1986,461924.0
dcs:who/WHS3_62,dcid:undata-geo/G00100400,2015,86709.0
dcs:who/WHS3_62,dcid:undata-geo/G00100400,2001,187008.0
dcs:who/WHS3_62,dcid:undata-geo/G00100400,1997,245287.0
dcs:who/WHS3_62,dcid:undata-geo/G00100400,1981,1436622.0
dcs:who/WHS3_62,dcid:undata-geo/G00100400,1992,420811.0
dcs:who/WHS3_62,dcid:undata-geo/G00100400,2013,56311.0
dcs:who/WHS3_62,dcid:undata-geo/G00100400,2016,68161.0
dcs:who/WHS3_62,dcid:undata-geo/G00100400,1998,178829.0
dcs:who/WHS3_62,dcid:undata-geo/G00100400,2007,134817.0
dcs:who/WHS3_62,dcid:undata-geo/G00100400,2010,77784.0
dcs:who/WHS3_62,dcid:undata-geo/G00100400,1980,1529577.0
dcs:who/WHS3_62,dcid:undata-geo/G00100400,2012,44056.0
dcs:who/WHS3_62,dcid:undata-geo/G00100400,1999,114116.0
dcs:who/WHS3_62,dcid:undata-geo/G00100400,2021,2274.0
dcs:who/WHS3_62,dcid:undata-geo/G00100400,1995,158031.0
dcs:who/WHS3_62,dcid:undata-geo/G00100400,1989,625350.0
dcs:who/WHS3_62,dcid:undata-geo/G00100400,1993,368765.0
dcs:who/WHS3_62,dcid:undata-geo/G00100500,2018,92500.0
dcs:who/WHS3_62,dcid:undata-geo/G00100500,1994,329450.0
dcs:who/WHS3_62,dcid:undata-geo/G00100500,2016,42414.0
dcs:who/WHS3_62,dcid:undata-geo/G00100500,1998,325671.0
dcs:who/WHS3_62,dcid:undata-geo/G00100500,2003,269073.0
dcs:who/WHS3_62,dcid:undata-geo/G00100500,2019,146468.0
dcs:who/WHS3_62,dcid:undata-geo/G00100500,1996,323733.0
dcs:who/WHS3_62,dcid:undata-geo/G00100500,1992,509510.0
dcs:who/WHS3_62,dcid:undata-geo/G00100500,2004,142094.0
dcs:who/WHS3_62,dcid:undata-geo/G00100500,2015,74676.0
dcs:who/WHS3_62,dcid:undata-geo/G00100500,2006,95367.0
dcs:who/WHS3_62,dcid:undata-geo/G00100500,1982,1324219.0
dcs:who/WHS3_62,dcid:undata-geo/G00100500,1988,698919.0
dcs:who/WHS3_62,dcid:undata-geo/G00100500,1983,1262567.0
dcs:who/WHS3_62,dcid:undata-geo/G00100500,2007,71534.0
dcs:who/WHS3_62,dcid:undata-geo/G00100500,2017,46432.0
dcs:who/WHS3_62,dcid:undata-geo/G00100500,2014,130877.0
dcs:who/WHS3_62,dcid:undata-geo/G00100500,1984,1146465.0
dcs:who/WHS3_62,dcid:undata-geo/G00100500,1997,280104.0
dcs:who/WHS3_62,dcid:undata-geo/G00100500,1985,1041708.0
dcs:who/WHS3_62,dcid:undata-geo/G00100500,2020,35887.0
dcs:who/WHS3_62,dcid:undata-geo/G00100500,1980,1031068.0
dcs:who/WHS3_62,dcid:undata-geo/G00100500,1995,199456.0
dcs:who/WHS3_62,dcid:undata-geo/G00100500,2002,228241.0
dcs:who/WHS3_62,dcid:undata-geo/G00100500,1991,407477.0
dcs:who/WHS3_62,dcid:undata-geo/G00100500,1981,1388320.0
dcs:who/WHS3_62,dcid:undata-geo/G00100500,2011,98756.0
dcs:who/WHS3_62,dcid:undata-geo/G00100500,1987,820519.0
dcs:who/WHS3_62,dcid:undata-geo/G00100500,2000,477823.0
dcs:who/WHS3_62,dcid:undata-geo/G00100500,1993,342814.0
dcs:who/WHS3_62,dcid:undata-geo/G00100500,1990,568713.0
dcs:who/WHS3_62,dcid:undata-geo/G00100500,2013,93124.0
dcs:who/WHS3_62,dcid:undata-geo/G00100500,2005,189793.0
dcs:who/WHS3_62,dcid:undata-geo/G00100500,1999,417451.0
dcs:who/WHS3_62,dcid:undata-geo/G00100500,2022,101988.0
dcs:who/WHS3_62,dcid:undata-geo/G00100500,2012,39445.0
dcs:who/WHS3_62,dcid:undata-geo/G00100500,2021,32605.0
dcs:who/WHS3_62,dcid:undata-geo/G00100500,2009,84105.0
dcs:who/WHS3_62,dcid:undata-geo/G00100500,2010,90055.0
dcs:who/WHS3_62,dcid:undata-geo/G00100500,2023,147805.0
dcs:who/WHS3_62,dcid:undata-geo/G00100500,1986,755758.0
dcs:who/WHS3_62,dcid:undata-geo/G00100500,2001,410170.0
dcs:who/WHS3_62,dcid:undata-geo/G00100500,1989,636342.0
dcs:who/WHS3_62,dcid:undata-geo/G00100500,2008,74578.0
dcs:who/WHS3_62,dcid:undata-geo/G00100600,2021,87848.0
dcs:who/WHS3_62,dcid:undata-geo/G00100600,1997,123591.0
dcs:who/WHS3_62,dcid:undata-geo/G00100600,2006,101711.0
dcs:who/WHS3_62,dcid:undata-geo/G00100600,2003,243469.0
dcs:who/WHS3_62,dcid:undata-geo/G00100600,1981,663880.0
dcs:who/WHS3_62,dcid:undata-geo/G00100600,1983,559933.0
dcs:who/WHS3_62,dcid:undata-geo/G00100600,1988,249306.0
dcs:who/WHS3_62,dcid:undata-geo/G00100600,1998,155344.0
dcs:who/WHS3_62,dcid:undata-geo/G00100600,2008,22469.0
dcs:who/WHS3_62,dcid:undata-geo/G00100600,2009,64897.0
dcs:who/WHS3_62,dcid:undata-geo/G00100600,1992,235922.0
dcs:who/WHS3_62,dcid:undata-geo/G00100600,1996,215090.0
dcs:who/WHS3_62,dcid:undata-geo/G00100600,1991,212305.0
dcs:who/WHS3_62,dcid:undata-geo/G00100600,2016,16969.0
dcs:who/WHS3_62,dcid:undata-geo/G00100600,1982,563702.0
dcs:who/WHS3_62,dcid:undata-geo/G00100600,1984,434012.0
dcs:who/WHS3_62,dcid:undata-geo/G00100600,2015,47646.0
dcs:who/WHS3_62,dcid:undata-geo/G00100600,2012,113509.0
dcs:who/WHS3_62,dcid:undata-geo/G00100600,2010,144211.0
dcs:who/WHS3_62,dcid:undata-geo/G00100600,1987,289105.0
dcs:who/WHS3_62,dcid:undata-geo/G00100600,1990,125842.0
dcs:who/WHS3_62,dcid:undata-geo/G00100600,1999,202893.0
dcs:who/WHS3_62,dcid:undata-geo/G00100600,2022,91694.0
dcs:who/WHS3_62,dcid:undata-geo/G00100600,2019,579054.0
dcs:who/WHS3_62,dcid:undata-geo/G00100600,1994,178898.0
dcs:who/WHS3_62,dcid:undata-geo/G00100600,2020,105179.0
dcs:who/WHS3_62,dcid:undata-geo/G00100600,2002,167579.0
dcs:who/WHS3_62,dcid:undata-geo/G00100600,1985,618600.0
dcs:who/WHS3_62,dcid:undata-geo/G00100600,2007,68712.0
dcs:who/WHS3_62,dcid:undata-geo/G00100600,2011,183967.0
dcs:who/WHS3_62,dcid:undata-geo/G00100600,1986,361629.0
dcs:who/WHS3_62,dcid:undata-geo/G00100600,2004,205024.0
dcs:who/WHS3_62,dcid:undata-geo/G00100600,2023,429192.0
dcs:who/WHS3_62,dcid:undata-geo/G00100600,1993,156462.0
dcs:who/WHS3_62,dcid:undata-geo/G00100600,2017,81367.0
dcs:who/WHS3_62,dcid:undata-geo/G00100600,1980,715465.0
dcs:who/WHS3_62,dcid:undata-geo/G00100600,2000,179386.0
dcs:who/WHS3_62,dcid:undata-geo/G00100600,1995,222065.0
dcs:who/WHS3_62,dcid:undata-geo/G00100600,2018,138648.0
dcs:who/WHS3_62,dcid:undata-geo/G00100600,2001,195820.0
dcs:who/WHS3_62,dcid:undata-geo/G00100600,2014,65045.0
dcs:who/WHS3_62,dcid:undata-geo/G00100600,1989,287605.0
dcs:who/WHS3_62,dcid:undata-geo/G00100600,2005,208141.0
dcs:who/WHS3_62,dcid:undata-geo/G00100600,2013,112891.0
dcs:who/WHS3_62,dcid:undata-geo/G00121000,2020,6769.0
dcs:who/WHS3_62,dcid:undata-geo/G00121000,1995,20607.0
dcs:who/WHS3_62,dcid:undata-geo/G00121000,2007,15670.0
dcs:who/WHS3_62,dcid:undata-geo/G00121000,2013,20884.0
dcs:who/WHS3_62,dcid:undata-geo/G00121000,1999,71562.0
dcs:who/WHS3_62,dcid:undata-geo/G00121000,2014,18080.0
dcs:who/WHS3_62,dcid:undata-geo/G00121000,1983,302254.0
dcs:who/WHS3_62,dcid:undata-geo/G00121000,2017,36434.0
dcs:who/WHS3_62,dcid:undata-geo/G00121000,2003,52110.0
dcs:who/WHS3_62,dcid:undata-geo/G00121000,1982,331721.0
dcs:who/WHS3_62,dcid:undata-geo/G00121000,2011,34667.0
dcs:who/WHS3_62,dcid:undata-geo/G00121000,1991,64177.0
dcs:who/WHS3_62,dcid:undata-geo/G00121000,1981,453409.0
dcs:who/WHS3_62,dcid:undata-geo/G00121000,2000,38592.0
dcs:who/WHS3_62,dcid:undata-geo/G00121000,1992,89758.0
dcs:who/WHS3_62,dcid:undata-geo/G00121000,2008,12120.0
dcs:who/WHS3_62,dcid:undata-geo/G00121000,1988,126977.0
dcs:who/WHS3_62,dcid:undata-geo/G00121000,2004,59804.0
dcs:who/WHS3_62,dcid:undata-geo/G00121000,2021,26089.0
dcs:who/WHS3_62,dcid:undata-geo/G00121000,1994,24578.0
dcs:who/WHS3_62,dcid:undata-geo/G00121000,1998,89478.0
dcs:who/WHS3_62,dcid:undata-geo/G00121000,1985,229781.0
dcs:who/WHS3_62,dcid:undata-geo/G00121000,2001,41103.0
dcs:who/WHS3_62,dcid:undata-geo/G00121000,1996,20249.0
dcs:who/WHS3_62,dcid:undata-geo/G00121000,2016,6275.0
dcs:who/WHS3_62,dcid:undata-geo/G00121000,2018,64764.0
dcs:who/WHS3_62,dcid:undata-geo/G00121000,1980,341624.0
dcs:who/WHS3_62,dcid:undata-geo/G00121000,1993,50758.0
dcs:who/WHS3_62,dcid:undata-geo/G00121000,1990,59058.0
dcs:who/WHS3_62,dcid:undata-geo/G00121000,2009,36605.0
dcs:who/WHS3_62,dcid:undata-geo/G00121000,2015,21418.0
dcs:who/WHS3_62,dcid:undata-geo/G00121000,2012,34504.0
dcs:who/WHS3_62,dcid:undata-geo/G00121000,2006,23303.0
dcs:who/WHS3_62,dcid:undata-geo/G00121000,1986,171208.0
dcs:who/WHS3_62,dcid:undata-geo/G00121000,2023,92761.0
dcs:who/WHS3_62,dcid:undata-geo/G00121000,2005,15069.0
dcs:who/WHS3_62,dcid:undata-geo/G00121000,2019,18458.0
dcs:who/WHS3_62,dcid:undata-geo/G00121000,1997,33085.0
dcs:who/WHS3_62,dcid:undata-geo/G00121000,1989,83776.0
dcs:who/WHS3_62,dcid:undata-geo/G00121000,1987,171164.0
dcs:who/WHS3_62,dcid:undata-geo/G00121000,1984,218335.0
dcs:who/WHS3_62,dcid:undata-geo/G00121000,2002,42616.0
dcs:who/WHS3_62,dcid:undata-geo/G00121000,2022,56401.0
dcs:who/WHS3_62,dcid:undata-geo/G00121000,2010,10072.0
dcs:who/WHS3_62,dcid:undata-geo/G00134000,1990,218579.0
dcs:who/WHS3_62,dcid:undata-geo/G00134000,2012,143.0
dcs:who/WHS3_62,dcid:undata-geo/G00134000,1988,133244.0
dcs:who/WHS3_62,dcid:undata-geo/G00134000,2013,491.0
dcs:who/WHS3_62,dcid:undata-geo/G00134000,2004,108.0
dcs:who/WHS3_62,dcid:undata-geo/G00134000,1986,227452.0
dcs:who/WHS3_62,dcid:undata-geo/G00134000,1996,1910.0
dcs:who/WHS3_62,dcid:undata-geo/G00134000,2023,14.0
dcs:who/WHS3_62,dcid:undata-geo/G00134000,1984,202758.0
dcs:who/WHS3_62,dcid:undata-geo/G00134000,2018,16714.0
dcs:who/WHS3_62,dcid:undata-geo/G00134000,2021,682.0
dcs:who/WHS3_62,dcid:undata-geo/G00134000,1987,151396.0
dcs:who/WHS3_62,dcid:undata-geo/G00134000,2005,85.0
dcs:who/WHS3_62,dcid:undata-geo/G00134000,2011,1348.0
dcs:who/WHS3_62,dcid:undata-geo/G00134000,1989,137417.0
dcs:who/WHS3_62,dcid:undata-geo/G00134000,2014,1966.0
dcs:who/WHS3_62,dcid:undata-geo/G00134000,2015,611.0
dcs:who/WHS3_62,dcid:undata-geo/G00134000,2001,548.0
dcs:who/WHS3_62,dcid:undata-geo/G00134000,2007,176.0
dcs:who/WHS3_62,dcid:undata-geo/G00134000,1994,23784.0
dcs:who/WHS3_62,dcid:undata-geo/G00134000,1982,153746.0
dcs:who/WHS3_62,dcid:undata-geo/G00134000,1992,100741.0
dcs:who/WHS3_62,dcid:undata-geo/G00134000,2008,206.0
dcs:who/WHS3_62,dcid:undata-geo/G00134000,1997,53567.0
dcs:who/WHS3_62,dcid:undata-geo/G00134000,2009,89.0
dcs:who/WHS3_62,dcid:undata-geo/G00134000,1991,157602.0
dcs:who/WHS3_62,dcid:undata-geo/G00134000,2022,47.0
dcs:who/WHS3_62,dcid:undata-geo/G00134000,2000,1754.0
dcs:who/WHS3_62,dcid:undata-geo/G00134000,2020,9996.0
dcs:who/WHS3_62,dcid:undata-geo/G00134000,2019,21971.0
dcs:who/WHS3_62,dcid:undata-geo/G00134000,2010,247.0
dcs:who/WHS3_62,dcid:undata-geo/G00134000,1993,57400.0
dcs:who/WHS3_62,dcid:undata-geo/G00134000,2003,119.0
dcs:who/WHS3_62,dcid:undata-geo/G00134000,1998,14330.0
dcs:who/WHS3_62,dcid:undata-geo/G00134000,1981,252378.0
dcs:who/WHS3_62,dcid:undata-geo/G00134000,1983,137410.0
dcs:who/WHS3_62,dcid:undata-geo/G00134000,1980,257790.0
dcs:who/WHS3_62,dcid:undata-geo/G00134000,1995,6478.0
dcs:who/WHS3_62,dcid:undata-geo/G00134000,1985,199744.0
dcs:who/WHS3_62,dcid:undata-geo/G00134000,2016,97.0
dcs:who/WHS3_62,dcid:undata-geo/G00134000,2002,2579.0
dcs:who/WHS3_62,dcid:undata-geo/G00134000,2006,226.0
dcs:who/WHS3_62,dcid:undata-geo/G00134000,2017,895.0
dcs:who/WHS3_62,dcid:undata-geo/G00134000,1999,3209.0
dcs:who/WHS3_62,dcid:undata-geo/G00160000,2012,10764.0
dcs:who/WHS3_62,dcid:undata-geo/G00160000,1986,379516.0
dcs:who/WHS3_62,dcid:undata-geo/G00160000,2015,65176.0
dcs:who/WHS3_62,dcid:undata-geo/G00160000,2021,1064.0
dcs:who/WHS3_62,dcid:undata-geo/G00160000,2013,31844.0
dcs:who/WHS3_62,dcid:undata-geo/G00160000,1995,75374.0
dcs:who/WHS3_62,dcid:undata-geo/G00160000,2017,10695.0
dcs:who/WHS3_62,dcid:undata-geo/G00160000,2001,175398.0
dcs:who/WHS3_62,dcid:undata-geo/G00160000,2023,5630.0
dcs:who/WHS3_62,dcid:undata-geo/G00160000,1985,630303.0
dcs:who/WHS3_62,dcid:undata-geo/G00160000,1996,82595.0
dcs:who/WHS3_62,dcid:undata-geo/G00160000,1989,222264.0
dcs:who/WHS3_62,dcid:undata-geo/G00160000,2002,129306.0
dcs:who/WHS3_62,dcid:undata-geo/G00160000,1998,76878.0
dcs:who/WHS3_62,dcid:undata-geo/G00160000,2005,128017.0
dcs:who/WHS3_62,dcid:undata-geo/G00160000,1980,1319640.0
dcs:who/WHS3_62,dcid:undata-geo/G00160000,1981,1192731.0
dcs:who/WHS3_62,dcid:undata-geo/G00160000,1988,216950.0
dcs:who/WHS3_62,dcid:undata-geo/G00160000,2014,131043.0
dcs:who/WHS3_62,dcid:undata-geo/G00160000,1999,104424.0
dcs:who/WHS3_62,dcid:undata-geo/G00160000,1987,255178.0
dcs:who/WHS3_62,dcid:undata-geo/G00160000,1997,107787.0
dcs:who/WHS3_62,dcid:undata-geo/G00160000,2003,101810.0
dcs:who/WHS3_62,dcid:undata-geo/G00160000,1994,115237.0
dcs:who/WHS3_62,dcid:undata-geo/G00160000,2006,103159.0
dcs:who/WHS3_62,dcid:undata-geo/G00160000,1990,155490.0
dcs:who/WHS3_62,dcid:undata-geo/G00160000,1982,1102419.0
dcs:who/WHS3_62,dcid:undata-geo/G00160000,1984,891403.0
dcs:who/WHS3_62,dcid:undata-geo/G00160000,1983,993945.0
dcs:who/WHS3_62,dcid:undata-geo/G00160000,2010,49460.0
dcs:who/WHS3_62,dcid:undata-geo/G00160000,2016,57879.0
dcs:who/WHS3_62,dcid:undata-geo/G00160000,1992,210250.0
dcs:who/WHS3_62,dcid:undata-geo/G00160000,1991,186696.0
dcs:who/WHS3_62,dcid:undata-geo/G00160000,2019,78479.0
dcs:who/WHS3_62,dcid:undata-geo/G00160000,2020,6605.0
dcs:who/WHS3_62,dcid:undata-geo/G00160000,2007,112294.0
dcs:who/WHS3_62,dcid:undata-geo/G00160000,2004,91763.0
dcs:who/WHS3_62,dcid:undata-geo/G00160000,2008,147987.0
dcs:who/WHS3_62,dcid:undata-geo/G00160000,2022,1442.0
dcs:who/WHS3_62,dcid:undata-geo/G00160000,2000,177052.0
dcs:who/WHS3_62,dcid:undata-geo/G00160000,2009,66609.0
dcs:who/WHS3_62,dcid:undata-geo/G00160000,2018,29503.0
dcs:who/WHS3_62,dcid:undata-geo/G00160000,1993,157479.0
dcs:who/WHS3_62,dcid:undata-geo/G00160000,2011,21050.0
