SERIES,GEOGRAPHY,TIME_PERIOD,OBS_VALUE
dcs:who/WHS6_102,dcid:country/AFG,2017,4.24258
dcs:who/WHS6_102,dcid:country/AFG,2014,4.5696
dcs:who/WHS6_102,dcid:country/AFG,2011,4.47466
dcs:who/WHS6_102,dcid:country/AFG,2012,4.65298
dcs:who/WHS6_102,dcid:country/AFG,2016,4.50453
dcs:who/WHS6_102,dcid:country/AFG,2018,4.0088
dcs:who/WHS6_102,dcid:country/AFG,2021,3.62623
dcs:who/WHS6_102,dcid:country/AFG,2013,4.60794
dcs:who/WHS6_102,dcid:country/AFG,2019,3.84199
dcs:who/WHS6_102,dcid:country/AFG,2020,3.35444
dcs:who/WHS6_102,dcid:country/AFG,2015,4.44221
dcs:who/WHS6_102,dcid:country/AGO,2019,7.5361
dcs:who/WHS6_102,dcid:country/ALB,2018,28.44965
dcs:who/WHS6_102,dcid:country/ALB,2005,30.61365
dcs:who/WHS6_102,dcid:country/ALB,2004,30.70898
dcs:who/WHS6_102,dcid:country/ALB,2017,28.37094
dcs:who/WHS6_102,dcid:country/ALB,2012,28.92615
dcs:who/WHS6_102,dcid:country/ALB,2003,30.75987
dcs:who/WHS6_102,dcid:country/ALB,2002,31.01278
dcs:who/WHS6_102,dcid:country/ALB,2020,29.07025
dcs:who/WHS6_102,dcid:country/ALB,2016,28.36453
dcs:who/WHS6_102,dcid:country/ALB,2013,28.97804
dcs:who/WHS6_102,dcid:country/ALB,2009,30.04564
dcs:who/WHS6_102,dcid:country/ALB,2019,28.49454
dcs:who/WHS6_102,dcid:country/ALB,2006,31.11154
dcs:who/WHS6_102,dcid:country/ALB,2001,31.68113
dcs:who/WHS6_102,dcid:country/ALB,2014,28.76112
dcs:who/WHS6_102,dcid:country/ALB,2015,28.53098
dcs:who/WHS6_102,dcid:country/ALB,2011,28.86935
dcs:who/WHS6_102,dcid:country/ALB,2010,29.88948
dcs:who/WHS6_102,dcid:country/ALB,2000,31.93568
dcs:who/WHS6_102,dcid:country/ALB,2007,30.88287
dcs:who/WHS6_102,dcid:country/ALB,2008,30.8027
dcs:who/WHS6_102,dcid:country/AND,2004,26.77637
dcs:who/WHS6_102,dcid:country/AND,2003,31.52589
dcs:who/WHS6_102,dcid:country/AND,2005,25.80629
dcs:who/WHS6_102,dcid:country/AND,2001,25.2138
dcs:who/WHS6_102,dcid:country/AND,2000,31.92254
dcs:who/WHS6_102,dcid:country/AND,2002,34.58083
dcs:who/WHS6_102,dcid:country/AND,2007,27.50469
dcs:who/WHS6_102,dcid:country/AND,2006,25.67922
dcs:who/WHS6_102,dcid:country/AND,2008,28.13753
dcs:who/WHS6_102,dcid:country/ARE,2021,19.8
dcs:who/WHS6_102,dcid:country/ARE,2014,12.01342
dcs:who/WHS6_102,dcid:country/ARE,2016,13.99781
dcs:who/WHS6_102,dcid:country/ARE,2010,10.40938
dcs:who/WHS6_102,dcid:country/ARE,2015,13.94431
dcs:who/WHS6_102,dcid:country/ARE,2003,21.46879
dcs:who/WHS6_102,dcid:country/ARE,2019,18.67959
dcs:who/WHS6_102,dcid:country/ARE,2013,11.15193
dcs:who/WHS6_102,dcid:country/ARE,2004,19.46992
dcs:who/WHS6_102,dcid:country/ARE,2005,14.2794
dcs:who/WHS6_102,dcid:country/ARE,2007,14.21341
dcs:who/WHS6_102,dcid:country/ARE,2018,16.34105
dcs:who/WHS6_102,dcid:country/ARE,2012,11.11949
dcs:who/WHS6_102,dcid:country/ARE,2020,19.38671
dcs:who/WHS6_102,dcid:country/ARE,2011,10.60266
dcs:who/WHS6_102,dcid:country/ARE,2017,14.81756
dcs:who/WHS6_102,dcid:country/ARE,2000,21.06351
dcs:who/WHS6_102,dcid:country/ARE,2009,11.53686
dcs:who/WHS6_102,dcid:country/ARE,2008,12.58463
dcs:who/WHS6_102,dcid:country/ARE,2001,21.31899
dcs:who/WHS6_102,dcid:country/ARE,2002,21.22106
dcs:who/WHS6_102,dcid:country/ARG,2011,44.05268
dcs:who/WHS6_102,dcid:country/ARG,2015,49.73661
dcs:who/WHS6_102,dcid:country/ARG,2016,49.68599
dcs:who/WHS6_102,dcid:country/ARG,2021,33.38798
dcs:who/WHS6_102,dcid:country/ARG,2020,32.00904
dcs:who/WHS6_102,dcid:country/ARG,2019,37.10718
dcs:who/WHS6_102,dcid:country/ARG,2013,47.96374
dcs:who/WHS6_102,dcid:country/ARG,2018,37.12534
dcs:who/WHS6_102,dcid:country/ARG,2014,48.61123
dcs:who/WHS6_102,dcid:country/ARG,2012,46.03841
dcs:who/WHS6_102,dcid:country/ARG,2017,50.16523
dcs:who/WHS6_102,dcid:country/ARM,2002,44.98496
dcs:who/WHS6_102,dcid:country/ARM,2007,43.68936
dcs:who/WHS6_102,dcid:country/ARM,2005,47.10155
dcs:who/WHS6_102,dcid:country/ARM,2020,45.87597
dcs:who/WHS6_102,dcid:country/ARM,2019,41.75705
dcs:who/WHS6_102,dcid:country/ARM,2008,41.42225
dcs:who/WHS6_102,dcid:country/ARM,2003,46.06852
dcs:who/WHS6_102,dcid:country/ARM,2004,46.51072
dcs:who/WHS6_102,dcid:country/ARM,2000,65.62994
dcs:who/WHS6_102,dcid:country/ARM,2006,47.17021
dcs:who/WHS6_102,dcid:country/ARM,2016,43.59288
dcs:who/WHS6_102,dcid:country/ARM,2018,42.84419
dcs:who/WHS6_102,dcid:country/ARM,2017,43.6793
dcs:who/WHS6_102,dcid:country/ARM,2015,43.53513
dcs:who/WHS6_102,dcid:country/ARM,2012,42.00148
dcs:who/WHS6_102,dcid:country/ARM,2014,43.30209
dcs:who/WHS6_102,dcid:country/ARM,2013,42.28326
dcs:who/WHS6_102,dcid:country/ARM,2009,40.71118
dcs:who/WHS6_102,dcid:country/ARM,2001,51.56818
dcs:who/WHS6_102,dcid:country/ARM,2011,41.77569
dcs:who/WHS6_102,dcid:country/ARM,2010,41.2722
dcs:who/WHS6_102,dcid:country/ATG,2011,21.33081
dcs:who/WHS6_102,dcid:country/ATG,2017,32.37525
dcs:who/WHS6_102,dcid:country/ATG,2014,39.3339
dcs:who/WHS6_102,dcid:country/ATG,2013,39.77536
dcs:who/WHS6_102,dcid:country/ATG,2016,33.56724
dcs:who/WHS6_102,dcid:country/ATG,2015,40.13765
dcs:who/WHS6_102,dcid:country/ATG,2020,32.91462
dcs:who/WHS6_102,dcid:country/AUS,2011,37.8297
dcs:who/WHS6_102,dcid:country/AUS,2005,39.02243
dcs:who/WHS6_102,dcid:country/AUS,2015,38.15201
dcs:who/WHS6_102,dcid:country/AUS,2000,40.42231
dcs:who/WHS6_102,dcid:country/AUS,2008,38.23112
dcs:who/WHS6_102,dcid:country/AUS,2009,37.78145
dcs:who/WHS6_102,dcid:country/AUS,2003,39.71775
dcs:who/WHS6_102,dcid:country/AUS,2016,38.36467
dcs:who/WHS6_102,dcid:country/AUS,2004,39.96927
dcs:who/WHS6_102,dcid:country/AUS,2001,39.59291
dcs:who/WHS6_102,dcid:country/AUS,2006,39.24898
dcs:who/WHS6_102,dcid:country/AUS,2002,39.35799
dcs:who/WHS6_102,dcid:country/AUS,2012,37.48471
dcs:who/WHS6_102,dcid:country/AUS,2010,37.79979
dcs:who/WHS6_102,dcid:country/AUS,2014,37.92952
dcs:who/WHS6_102,dcid:country/AUS,2013,37.43113
dcs:who/WHS6_102,dcid:country/AUT,2016,74.21519
dcs:who/WHS6_102,dcid:country/AUT,2002,78.0939
dcs:who/WHS6_102,dcid:country/AUT,2000,79.48888
dcs:who/WHS6_102,dcid:country/AUT,2005,76.87825
dcs:who/WHS6_102,dcid:country/AUT,2009,76.79431
dcs:who/WHS6_102,dcid:country/AUT,2019,71.89013
dcs:who/WHS6_102,dcid:country/AUT,2020,70.58214
dcs:who/WHS6_102,dcid:country/AUT,2012,76.74234
dcs:who/WHS6_102,dcid:country/AUT,2011,76.76733
dcs:who/WHS6_102,dcid:country/AUT,2007,77.52761
dcs:who/WHS6_102,dcid:country/AUT,2001,78.50366
dcs:who/WHS6_102,dcid:country/AUT,2003,77.3463
dcs:who/WHS6_102,dcid:country/AUT,2018,72.71637
dcs:who/WHS6_102,dcid:country/AUT,2015,75.37008
dcs:who/WHS6_102,dcid:country/AUT,2004,77.35201
dcs:who/WHS6_102,dcid:country/AUT,2006,76.62774
dcs:who/WHS6_102,dcid:country/AUT,2013,76.44873
dcs:who/WHS6_102,dcid:country/AUT,2017,73.66301
dcs:who/WHS6_102,dcid:country/AUT,2008,76.93425
dcs:who/WHS6_102,dcid:country/AUT,2010,76.53869
dcs:who/WHS6_102,dcid:country/AUT,2014,75.84192
dcs:who/WHS6_102,dcid:country/AZE,2006,69.56013
dcs:who/WHS6_102,dcid:country/AZE,2001,74.48905
dcs:who/WHS6_102,dcid:country/AZE,2010,44.58384
dcs:who/WHS6_102,dcid:country/AZE,2013,41.30229
dcs:who/WHS6_102,dcid:country/AZE,2019,38.96019
dcs:who/WHS6_102,dcid:country/AZE,2011,40.74147
dcs:who/WHS6_102,dcid:country/AZE,2007,68.34894
dcs:who/WHS6_102,dcid:country/AZE,2012,41.00542
dcs:who/WHS6_102,dcid:country/AZE,2003,71.72618
dcs:who/WHS6_102,dcid:country/AZE,2015,40.84157
dcs:who/WHS6_102,dcid:country/AZE,2005,71.00083
dcs:who/WHS6_102,dcid:country/AZE,2002,73.1869
dcs:who/WHS6_102,dcid:country/AZE,2008,67.10893
dcs:who/WHS6_102,dcid:country/AZE,2014,42.85518
dcs:who/WHS6_102,dcid:country/AZE,2004,71.32051
dcs:who/WHS6_102,dcid:country/AZE,2018,39.02873
dcs:who/WHS6_102,dcid:country/AZE,2017,39.37024
dcs:who/WHS6_102,dcid:country/AZE,2016,40.76382
dcs:who/WHS6_102,dcid:country/AZE,2009,65.79874
dcs:who/WHS6_102,dcid:country/AZE,2000,76.21054
dcs:who/WHS6_102,dcid:country/BDI,2014,7.06247
dcs:who/WHS6_102,dcid:country/BDI,2012,10.16796
dcs:who/WHS6_102,dcid:country/BDI,2013,7.31065
dcs:who/WHS6_102,dcid:country/BEL,2013,59.57531
dcs:who/WHS6_102,dcid:country/BEL,2006,63.31773
dcs:who/WHS6_102,dcid:country/BEL,2010,61.26616
dcs:who/WHS6_102,dcid:country/BEL,2017,56.5884
dcs:who/WHS6_102,dcid:country/BEL,2005,64.11538
dcs:who/WHS6_102,dcid:country/BEL,2021,54.80295
dcs:who/WHS6_102,dcid:country/BEL,2014,58.68446
dcs:who/WHS6_102,dcid:country/BEL,2002,65.24992
dcs:who/WHS6_102,dcid:country/BEL,2019,55.56807
dcs:who/WHS6_102,dcid:country/BEL,2000,67.12851
dcs:who/WHS6_102,dcid:country/BEL,2009,61.49413
dcs:who/WHS6_102,dcid:country/BEL,2001,66.06103
dcs:who/WHS6_102,dcid:country/BEL,2008,62.39095
dcs:who/WHS6_102,dcid:country/BEL,2007,62.50225
dcs:who/WHS6_102,dcid:country/BEL,2004,64.61835
dcs:who/WHS6_102,dcid:country/BEL,2003,65.11768
dcs:who/WHS6_102,dcid:country/BEL,2018,56.11867
dcs:who/WHS6_102,dcid:country/BEL,2011,60.9589
dcs:who/WHS6_102,dcid:country/BEL,2020,55.22277
dcs:who/WHS6_102,dcid:country/BEL,2015,58.45593
dcs:who/WHS6_102,dcid:country/BEL,2012,60.26304
dcs:who/WHS6_102,dcid:country/BEL,2016,57.71401
dcs:who/WHS6_102,dcid:country/BEN,2018,4.55167
dcs:who/WHS6_102,dcid:country/BEN,2013,4.72706
dcs:who/WHS6_102,dcid:country/BEN,2014,4.59074
dcs:who/WHS6_102,dcid:country/BEN,2012,4.78726
dcs:who/WHS6_102,dcid:country/BEN,2016,4.32324
dcs:who/WHS6_102,dcid:country/BEN,2020,4.68318
dcs:who/WHS6_102,dcid:country/BEN,2019,4.16502
dcs:who/WHS6_102,dcid:country/BEN,2015,4.44717
dcs:who/WHS6_102,dcid:country/BEN,2021,4.47107
dcs:who/WHS6_102,dcid:country/BEN,2017,4.35638
dcs:who/WHS6_102,dcid:country/BEN,2011,4.90213
dcs:who/WHS6_102,dcid:country/BEN,2010,4.45599
dcs:who/WHS6_102,dcid:country/BFA,2020,1.97931
dcs:who/WHS6_102,dcid:country/BGD,2012,6.25305
dcs:who/WHS6_102,dcid:country/BGD,2017,8.46904
dcs:who/WHS6_102,dcid:country/BGD,2011,5.45073
dcs:who/WHS6_102,dcid:country/BGD,2014,6.04753
dcs:who/WHS6_102,dcid:country/BGD,2016,7.97073
dcs:who/WHS6_102,dcid:country/BGD,2007,3.58578
dcs:who/WHS6_102,dcid:country/BGD,2015,7.70348
dcs:who/WHS6_102,dcid:country/BGD,2008,3.84593
dcs:who/WHS6_102,dcid:country/BGD,2018,8.76042
dcs:who/WHS6_102,dcid:country/BGD,2013,5.91482
dcs:who/WHS6_102,dcid:country/BGD,2009,5.02765
dcs:who/WHS6_102,dcid:country/BGD,2010,5.4975
dcs:who/WHS6_102,dcid:country/BGD,2019,8.83279
dcs:who/WHS6_102,dcid:country/BGR,2017,73.43477
dcs:who/WHS6_102,dcid:country/BGR,2016,71.51005
dcs:who/WHS6_102,dcid:country/BGR,2007,63.15426
dcs:who/WHS6_102,dcid:country/BGR,2000,74.77687
dcs:who/WHS6_102,dcid:country/BGR,2009,65.54386
dcs:who/WHS6_102,dcid:country/BGR,2020,77.68254
dcs:who/WHS6_102,dcid:country/BGR,2008,64.50497
dcs:who/WHS6_102,dcid:country/BGR,2001,70.92096
dcs:who/WHS6_102,dcid:country/BGR,2018,74.70814
dcs:who/WHS6_102,dcid:country/BGR,2006,61.44576
dcs:who/WHS6_102,dcid:country/BGR,2011,62.8267
dcs:who/WHS6_102,dcid:country/BGR,2004,60.65744
dcs:who/WHS6_102,dcid:country/BGR,2012,64.51093
dcs:who/WHS6_102,dcid:country/BGR,2002,63.98899
dcs:who/WHS6_102,dcid:country/BGR,2014,69.86437
dcs:who/WHS6_102,dcid:country/BGR,2013,66.64094
dcs:who/WHS6_102,dcid:country/BGR,2003,62.10232
dcs:who/WHS6_102,dcid:country/BGR,2010,64.45238
dcs:who/WHS6_102,dcid:country/BGR,2019,76.56399
dcs:who/WHS6_102,dcid:country/BGR,2015,71.05103
dcs:who/WHS6_102,dcid:country/BGR,2005,63.49916
dcs:who/WHS6_102,dcid:country/BHR,2014,19.55558
dcs:who/WHS6_102,dcid:country/BHR,2002,25.71077
dcs:who/WHS6_102,dcid:country/BHR,2008,18.94909
dcs:who/WHS6_102,dcid:country/BHR,2010,17.55044
dcs:who/WHS6_102,dcid:country/BHR,2017,17.70964
dcs:who/WHS6_102,dcid:country/BHR,2000,25.4694
dcs:who/WHS6_102,dcid:country/BHR,2006,20.97879
dcs:who/WHS6_102,dcid:country/BHR,2011,20.51025
dcs:who/WHS6_102,dcid:country/BHR,2001,25.27877
dcs:who/WHS6_102,dcid:country/BHR,2015,19.04354
dcs:who/WHS6_102,dcid:country/BHR,2016,18.39449
dcs:who/WHS6_102,dcid:country/BHR,2018,17.96496
dcs:who/WHS6_102,dcid:country/BHR,2009,17.72009
dcs:who/WHS6_102,dcid:country/BHR,2019,17.39406
dcs:who/WHS6_102,dcid:country/BHR,2003,24.46494
dcs:who/WHS6_102,dcid:country/BHR,2005,22.54078
dcs:who/WHS6_102,dcid:country/BHR,2012,20.00915
dcs:who/WHS6_102,dcid:country/BHR,2007,19.63419
dcs:who/WHS6_102,dcid:country/BHR,2004,22.90477
dcs:who/WHS6_102,dcid:country/BHR,2013,20.14785
dcs:who/WHS6_102,dcid:country/BHS,2017,29.29678
dcs:who/WHS6_102,dcid:country/BHS,2009,29.53351
dcs:who/WHS6_102,dcid:country/BHS,2018,27.1705
dcs:who/WHS6_102,dcid:country/BHS,2013,27.84909
dcs:who/WHS6_102,dcid:country/BHS,2004,31.65355
dcs:who/WHS6_102,dcid:country/BHS,2001,32.30934
dcs:who/WHS6_102,dcid:country/BHS,2000,32.3063
dcs:who/WHS6_102,dcid:country/BHS,2010,28.77258
dcs:who/WHS6_102,dcid:country/BHS,2003,32.08362
dcs:who/WHS6_102,dcid:country/BHS,2012,28.11069
dcs:who/WHS6_102,dcid:country/BHS,2002,31.91598
dcs:who/WHS6_102,dcid:country/BHS,2008,29.68619
dcs:who/WHS6_102,dcid:country/BHS,2005,30.6782
dcs:who/WHS6_102,dcid:country/BHS,2006,30.25538
dcs:who/WHS6_102,dcid:country/BHS,2019,26.99249
dcs:who/WHS6_102,dcid:country/BHS,2014,27.13739
dcs:who/WHS6_102,dcid:country/BHS,2015,27.90952
dcs:who/WHS6_102,dcid:country/BHS,2020,26.86535
dcs:who/WHS6_102,dcid:country/BHS,2007,30.11185
dcs:who/WHS6_102,dcid:country/BHS,2011,28.41646
dcs:who/WHS6_102,dcid:country/BHS,2021,26.77091
dcs:who/WHS6_102,dcid:country/BIH,2000,19.41211
dcs:who/WHS6_102,dcid:country/BIH,2015,23.61304
dcs:who/WHS6_102,dcid:country/BIH,2018,23.84321
dcs:who/WHS6_102,dcid:country/BIH,2014,23.41317
dcs:who/WHS6_102,dcid:country/BIH,2001,19.1636
dcs:who/WHS6_102,dcid:country/BIH,2002,19.23347
dcs:who/WHS6_102,dcid:country/BIH,2016,23.86967
dcs:who/WHS6_102,dcid:country/BIH,2017,23.85446
dcs:who/WHS6_102,dcid:country/BIH,2019,23.42361
dcs:who/WHS6_102,dcid:country/BIH,2010,22.57361
dcs:who/WHS6_102,dcid:country/BIH,2013,22.62023
dcs:who/WHS6_102,dcid:country/BIH,2003,19.25303
dcs:who/WHS6_102,dcid:country/BIH,2006,20.04147
dcs:who/WHS6_102,dcid:country/BIH,2012,23.26655
dcs:who/WHS6_102,dcid:country/BIH,2011,22.97001
dcs:who/WHS6_102,dcid:country/BIH,2004,19.74964
dcs:who/WHS6_102,dcid:country/BIH,2007,20.37239
dcs:who/WHS6_102,dcid:country/BIH,2005,20.05961
dcs:who/WHS6_102,dcid:country/BIH,2008,20.51787
dcs:who/WHS6_102,dcid:country/BIH,2009,21.70073
dcs:who/WHS6_102,dcid:country/BLR,2006,104.65331
dcs:who/WHS6_102,dcid:country/BLR,2018,97.13402
dcs:who/WHS6_102,dcid:country/BLR,2014,100.78051
dcs:who/WHS6_102,dcid:country/BLR,2003,105.49999
dcs:who/WHS6_102,dcid:country/BLR,2000,116.96408
dcs:who/WHS6_102,dcid:country/BLR,2012,104.51168
dcs:who/WHS6_102,dcid:country/BLR,2013,102.43793
dcs:who/WHS6_102,dcid:country/BLR,2001,116.82439
dcs:who/WHS6_102,dcid:country/BLR,2009,104.04186
dcs:who/WHS6_102,dcid:country/BLR,2004,99.83787
dcs:who/WHS6_102,dcid:country/BLR,2010,106.13654
dcs:who/WHS6_102,dcid:country/BLR,2019,96.85991
dcs:who/WHS6_102,dcid:country/BLR,2007,105.31564
dcs:who/WHS6_102,dcid:country/BLR,2017,97.76907
dcs:who/WHS6_102,dcid:country/BLR,2002,111.08603
dcs:who/WHS6_102,dcid:country/BLR,2016,98.39402
dcs:who/WHS6_102,dcid:country/BLR,2011,104.20438
dcs:who/WHS6_102,dcid:country/BLR,2015,100.23288
dcs:who/WHS6_102,dcid:country/BLR,2008,104.38171
dcs:who/WHS6_102,dcid:country/BLR,2005,104.0305
dcs:who/WHS6_102,dcid:country/BLZ,2013,10.8214
dcs:who/WHS6_102,dcid:country/BLZ,2014,10.30269
dcs:who/WHS6_102,dcid:country/BLZ,2017,10.35513
dcs:who/WHS6_102,dcid:country/BLZ,2018,10.31235
dcs:who/WHS6_102,dcid:country/BLZ,2016,9.41977
dcs:who/WHS6_102,dcid:country/BLZ,2011,10.9244
dcs:who/WHS6_102,dcid:country/BLZ,2009,11.14045
dcs:who/WHS6_102,dcid:country/BLZ,2012,10.7993
dcs:who/WHS6_102,dcid:country/BLZ,2015,9.61456
dcs:who/WHS6_102,dcid:country/BLZ,2008,11.35206
dcs:who/WHS6_102,dcid:country/BLZ,2010,11.17643
dcs:who/WHS6_102,dcid:country/BOL,2012,10.67107
dcs:who/WHS6_102,dcid:country/BOL,2020,13.59398
dcs:who/WHS6_102,dcid:country/BOL,2019,12.64804
dcs:who/WHS6_102,dcid:country/BOL,2014,11.10471
dcs:who/WHS6_102,dcid:country/BOL,2007,10.91735
dcs:who/WHS6_102,dcid:country/BOL,2017,12.49614
dcs:who/WHS6_102,dcid:country/BOL,2015,11.76637
dcs:who/WHS6_102,dcid:country/BOL,2006,10.92148
dcs:who/WHS6_102,dcid:country/BOL,2013,10.82716
dcs:who/WHS6_102,dcid:country/BOL,2021,13.5188
dcs:who/WHS6_102,dcid:country/BOL,2018,12.47619
dcs:who/WHS6_102,dcid:country/BOL,2008,10.75138
dcs:who/WHS6_102,dcid:country/BOL,2016,12.23917
dcs:who/WHS6_102,dcid:country/BOL,2009,10.47226
dcs:who/WHS6_102,dcid:country/BOL,2011,10.3672
dcs:who/WHS6_102,dcid:country/BOL,2010,10.56707
dcs:who/WHS6_102,dcid:country/BOL,2005,10.56371
dcs:who/WHS6_102,dcid:country/BRA,2015,23.53688
dcs:who/WHS6_102,dcid:country/BRA,2003,23.97129
dcs:who/WHS6_102,dcid:country/BRA,2019,22.3876
dcs:who/WHS6_102,dcid:country/BRA,2000,27.82053
dcs:who/WHS6_102,dcid:country/BRA,2016,23.17833
dcs:who/WHS6_102,dcid:country/BRA,2018,22.60316
dcs:who/WHS6_102,dcid:country/BRA,2009,25.50217
dcs:who/WHS6_102,dcid:country/BRA,2012,24.73066
dcs:who/WHS6_102,dcid:country/BRA,2020,24.33907
dcs:who/WHS6_102,dcid:country/BRA,2013,24.50003
dcs:who/WHS6_102,dcid:country/BRA,2007,24.74119
dcs:who/WHS6_102,dcid:country/BRA,2010,25.50268
dcs:who/WHS6_102,dcid:country/BRA,2017,22.97259
dcs:who/WHS6_102,dcid:country/BRA,2005,24.95442
dcs:who/WHS6_102,dcid:country/BRA,2011,25.10686
dcs:who/WHS6_102,dcid:country/BRA,2001,27.49749
dcs:who/WHS6_102,dcid:country/BRA,2021,24.61999
dcs:who/WHS6_102,dcid:country/BRA,2008,25.66715
dcs:who/WHS6_102,dcid:country/BRA,2002,25.62359
dcs:who/WHS6_102,dcid:country/BRA,2014,24.39073
dcs:who/WHS6_102,dcid:country/BRA,2006,24.53725
dcs:who/WHS6_102,dcid:country/BRB,2020,56.64552
dcs:who/WHS6_102,dcid:country/BRB,2014,60.50603
dcs:who/WHS6_102,dcid:country/BRB,2019,57.39178
dcs:who/WHS6_102,dcid:country/BRB,2018,60.56738
dcs:who/WHS6_102,dcid:country/BRB,2012,64.66387
dcs:who/WHS6_102,dcid:country/BRB,2013,64.65245
dcs:who/WHS6_102,dcid:country/BRB,2017,61.07018
dcs:who/WHS6_102,dcid:country/BRB,2010,68.79957
dcs:who/WHS6_102,dcid:country/BRB,2016,60.25502
dcs:who/WHS6_102,dcid:country/BRB,2015,60.26978
dcs:who/WHS6_102,dcid:country/BRN,2016,31.08025
dcs:who/WHS6_102,dcid:country/BRN,2002,25.98838
dcs:who/WHS6_102,dcid:country/BRN,2012,26.95298
dcs:who/WHS6_102,dcid:country/BRN,2014,26.88069
dcs:who/WHS6_102,dcid:country/BRN,2015,30.68078
dcs:who/WHS6_102,dcid:country/BRN,2013,27.64132
dcs:who/WHS6_102,dcid:country/BRN,2003,26.43735
dcs:who/WHS6_102,dcid:country/BRN,2011,28.24366
dcs:who/WHS6_102,dcid:country/BRN,2018,34.47128
dcs:who/WHS6_102,dcid:country/BRN,2009,28.74631
dcs:who/WHS6_102,dcid:country/BRN,2005,31.46836
dcs:who/WHS6_102,dcid:country/BRN,2004,26.16098
dcs:who/WHS6_102,dcid:country/BRN,2019,37.02786
dcs:who/WHS6_102,dcid:country/BRN,2010,27.87509
dcs:who/WHS6_102,dcid:country/BRN,2017,33.62954
dcs:who/WHS6_102,dcid:country/BRN,2001,26.64722
dcs:who/WHS6_102,dcid:country/BRN,2020,38.8477
dcs:who/WHS6_102,dcid:country/BRN,2007,28.09252
dcs:who/WHS6_102,dcid:country/BRN,2006,28.51334
dcs:who/WHS6_102,dcid:country/BRN,2021,38.70913
dcs:who/WHS6_102,dcid:country/BRN,2000,27.73065
dcs:who/WHS6_102,dcid:country/BRN,2008,29.17559
dcs:who/WHS6_102,dcid:country/BTN,2003,17.22272
dcs:who/WHS6_102,dcid:country/BTN,2011,17.90194
dcs:who/WHS6_102,dcid:country/BTN,2014,17.34213
dcs:who/WHS6_102,dcid:country/BTN,2021,21.99395
dcs:who/WHS6_102,dcid:country/BTN,2013,17.51983
dcs:who/WHS6_102,dcid:country/BTN,2007,17.00377
dcs:who/WHS6_102,dcid:country/BTN,2001,16.95859
dcs:who/WHS6_102,dcid:country/BTN,2005,16.25151
dcs:who/WHS6_102,dcid:country/BTN,2006,16.82858
dcs:who/WHS6_102,dcid:country/BTN,2009,16.99926
dcs:who/WHS6_102,dcid:country/BTN,2019,20.84802
dcs:who/WHS6_102,dcid:country/BTN,2020,21.22961
dcs:who/WHS6_102,dcid:country/BTN,2016,17.03208
dcs:who/WHS6_102,dcid:country/BTN,2002,16.52537
dcs:who/WHS6_102,dcid:country/BTN,2017,16.88882
dcs:who/WHS6_102,dcid:country/BTN,2015,17.18074
dcs:who/WHS6_102,dcid:country/BTN,2012,17.70794
dcs:who/WHS6_102,dcid:country/BTN,2010,16.81038
dcs:who/WHS6_102,dcid:country/BTN,2008,16.90499
dcs:who/WHS6_102,dcid:country/BTN,2018,17.18942
dcs:who/WHS6_102,dcid:country/BTN,2004,17.12331
dcs:who/WHS6_102,dcid:country/BTN,2000,17.42145
dcs:who/WHS6_102,dcid:country/BWA,2011,24.80744
dcs:who/WHS6_102,dcid:country/BWA,2004,19.92378
dcs:who/WHS6_102,dcid:country/BWA,2001,21.0224
dcs:who/WHS6_102,dcid:country/BWA,2005,20.95829
dcs:who/WHS6_102,dcid:country/BWA,2021,22.21816
dcs:who/WHS6_102,dcid:country/BWA,2010,23.96656
dcs:who/WHS6_102,dcid:country/BWA,2014,24.67289
dcs:who/WHS6_102,dcid:country/BWA,2016,24.44721
dcs:who/WHS6_102,dcid:country/BWA,2000,20.68345
dcs:who/WHS6_102,dcid:country/BWA,2006,21.04523
dcs:who/WHS6_102,dcid:country/BWA,2020,22.58481
dcs:who/WHS6_102,dcid:country/BWA,2009,22.25967
dcs:who/WHS6_102,dcid:country/BWA,2008,21.11771
dcs:who/WHS6_102,dcid:country/BWA,2002,21.40791
dcs:who/WHS6_102,dcid:country/BWA,2012,24.25273
dcs:who/WHS6_102,dcid:country/BWA,2013,25.03069
dcs:who/WHS6_102,dcid:country/BWA,2003,20.27519
dcs:who/WHS6_102,dcid:country/BWA,2019,23.00675
dcs:who/WHS6_102,dcid:country/BWA,2007,21.12379
dcs:who/WHS6_102,dcid:country/BWA,2017,23.94414
dcs:who/WHS6_102,dcid:country/BWA,2015,24.94825
dcs:who/WHS6_102,dcid:country/BWA,2018,23.45998
dcs:who/WHS6_102,dcid:country/CAF,2006,12.0
dcs:who/WHS6_102,dcid:country/CAF,2011,10.0
dcs:who/WHS6_102,dcid:country/CAN,2010,27.88353
dcs:who/WHS6_102,dcid:country/CAN,2011,27.9808
dcs:who/WHS6_102,dcid:country/CAN,2014,26.77024
dcs:who/WHS6_102,dcid:country/CAN,2007,29.65694
dcs:who/WHS6_102,dcid:country/CAN,2006,30.21314
dcs:who/WHS6_102,dcid:country/CAN,2019,25.25093
dcs:who/WHS6_102,dcid:country/CAN,2012,27.87684
dcs:who/WHS6_102,dcid:country/CAN,2020,25.56144
dcs:who/WHS6_102,dcid:country/CAN,2000,37.74984
dcs:who/WHS6_102,dcid:country/CAN,2005,31.02721
dcs:who/WHS6_102,dcid:country/CAN,2017,25.29439
dcs:who/WHS6_102,dcid:country/CAN,2003,34.99017
dcs:who/WHS6_102,dcid:country/CAN,2009,28.06967
dcs:who/WHS6_102,dcid:country/CAN,2002,36.45123
dcs:who/WHS6_102,dcid:country/CAN,2018,25.56294
dcs:who/WHS6_102,dcid:country/CAN,2016,25.95011
dcs:who/WHS6_102,dcid:country/CAN,2001,36.8922
dcs:who/WHS6_102,dcid:country/CAN,2008,28.53858
dcs:who/WHS6_102,dcid:country/CAN,2013,27.2102
dcs:who/WHS6_102,dcid:country/CAN,2004,34.42879
dcs:who/WHS6_102,dcid:country/CAN,2015,26.19352
dcs:who/WHS6_102,dcid:country/CHE,2021,44.40248
dcs:who/WHS6_102,dcid:country/CHE,2018,46.27554
dcs:who/WHS6_102,dcid:country/CHE,2008,52.17399
dcs:who/WHS6_102,dcid:country/CHE,2006,53.97585
dcs:who/WHS6_102,dcid:country/CHE,2003,58.30525
dcs:who/WHS6_102,dcid:country/CHE,2016,46.88221
dcs:who/WHS6_102,dcid:country/CHE,2010,51.95057
dcs:who/WHS6_102,dcid:country/CHE,2011,50.48299
dcs:who/WHS6_102,dcid:country/CHE,2000,62.89283
dcs:who/WHS6_102,dcid:country/CHE,2017,46.53509
dcs:who/WHS6_102,dcid:country/CHE,2005,55.45718
dcs:who/WHS6_102,dcid:country/CHE,2002,59.51779
dcs:who/WHS6_102,dcid:country/CHE,2012,49.75526
dcs:who/WHS6_102,dcid:country/CHE,2009,51.10542
dcs:who/WHS6_102,dcid:country/CHE,2014,47.34366
dcs:who/WHS6_102,dcid:country/CHE,2007,53.66682
dcs:who/WHS6_102,dcid:country/CHE,2020,44.80465
dcs:who/WHS6_102,dcid:country/CHE,2015,47.30411
dcs:who/WHS6_102,dcid:country/CHE,2004,56.76215
dcs:who/WHS6_102,dcid:country/CHE,2019,45.93271
dcs:who/WHS6_102,dcid:country/CHE,2013,48.50423
dcs:who/WHS6_102,dcid:country/CHE,2001,60.41053
dcs:who/WHS6_102,dcid:country/CHL,2009,22.76064
dcs:who/WHS6_102,dcid:country/CHL,2003,25.08463
dcs:who/WHS6_102,dcid:country/CHL,2012,21.82822
dcs:who/WHS6_102,dcid:country/CHL,2015,21.5421
dcs:who/WHS6_102,dcid:country/CHL,2014,21.30422
dcs:who/WHS6_102,dcid:country/CHL,2001,26.20784
dcs:who/WHS6_102,dcid:country/CHL,2019,20.3724
dcs:who/WHS6_102,dcid:country/CHL,2000,27.21896
dcs:who/WHS6_102,dcid:country/CHL,2021,19.71715
dcs:who/WHS6_102,dcid:country/CHL,2004,24.08171
dcs:who/WHS6_102,dcid:country/CHL,2008,22.81372
dcs:who/WHS6_102,dcid:country/CHL,2020,20.26858
dcs:who/WHS6_102,dcid:country/CHL,2007,22.91347
dcs:who/WHS6_102,dcid:country/CHL,2011,22.29705
dcs:who/WHS6_102,dcid:country/CHL,2017,21.15188
dcs:who/WHS6_102,dcid:country/CHL,2002,25.42534
dcs:who/WHS6_102,dcid:country/CHL,2006,23.30762
dcs:who/WHS6_102,dcid:country/CHL,2010,20.48263
dcs:who/WHS6_102,dcid:country/CHL,2013,21.79964
dcs:who/WHS6_102,dcid:country/CHL,2005,23.10558
dcs:who/WHS6_102,dcid:country/CHL,2018,20.67808
dcs:who/WHS6_102,dcid:country/CHL,2016,21.32894
dcs:who/WHS6_102,dcid:country/CHN,2003,17.6084
dcs:who/WHS6_102,dcid:country/CHN,2012,30.45236
dcs:who/WHS6_102,dcid:country/CHN,2002,17.34526
dcs:who/WHS6_102,dcid:country/CHN,2004,18.2254
dcs:who/WHS6_102,dcid:country/CHN,2018,46.00833
dcs:who/WHS6_102,dcid:country/CHN,2008,21.67322
dcs:who/WHS6_102,dcid:country/CHN,2015,38.24741
dcs:who/WHS6_102,dcid:country/CHN,2010,25.12551
dcs:who/WHS6_102,dcid:country/CHN,2017,43.39931
dcs:who/WHS6_102,dcid:country/CHN,2001,16.93669
dcs:who/WHS6_102,dcid:country/CHN,2019,48.29224
dcs:who/WHS6_102,dcid:country/CHN,2007,20.2427
dcs:who/WHS6_102,dcid:country/CHN,2009,23.30476
dcs:who/WHS6_102,dcid:country/CHN,2016,40.58023
dcs:who/WHS6_102,dcid:country/CHN,2014,35.81603
dcs:who/WHS6_102,dcid:country/CHN,2006,19.4991
dcs:who/WHS6_102,dcid:country/CHN,2000,17.14027
dcs:who/WHS6_102,dcid:country/CHN,2020,50.04597
dcs:who/WHS6_102,dcid:country/CHN,2005,18.73725
dcs:who/WHS6_102,dcid:country/CHN,2013,33.27228
dcs:who/WHS6_102,dcid:country/CHN,2011,27.30169
dcs:who/WHS6_102,dcid:country/CIV,2006,4.0
dcs:who/WHS6_102,dcid:country/CMR,2016,26.49
dcs:who/WHS6_102,dcid:country/COD,2006,8.0
dcs:who/WHS6_102,dcid:country/COG,2005,16.0
dcs:who/WHS6_102,dcid:country/COK,2020,81.62786
dcs:who/WHS6_102,dcid:country/COK,2018,80.56803
dcs:who/WHS6_102,dcid:country/COK,2013,70.88834
dcs:who/WHS6_102,dcid:country/COK,2014,73.52941
dcs:who/WHS6_102,dcid:country/COK,2021,81.75268
dcs:who/WHS6_102,dcid:country/COK,2012,70.55752
dcs:who/WHS6_102,dcid:country/COK,2019,81.23904
dcs:who/WHS6_102,dcid:country/COK,2016,79.22034
dcs:who/WHS6_102,dcid:country/COK,2005,83.84775
dcs:who/WHS6_102,dcid:country/COK,2017,79.90572
dcs:who/WHS6_102,dcid:country/COK,2015,78.55104
dcs:who/WHS6_102,dcid:country/COL,2016,17.14863
dcs:who/WHS6_102,dcid:country/COL,2020,16.891
dcs:who/WHS6_102,dcid:country/COL,2013,15.76952
dcs:who/WHS6_102,dcid:country/COL,2018,17.2537
dcs:who/WHS6_102,dcid:country/COL,2011,14.87191
dcs:who/WHS6_102,dcid:country/COL,2017,17.32908
dcs:who/WHS6_102,dcid:country/COL,2012,15.15975
dcs:who/WHS6_102,dcid:country/COL,2019,17.42688
dcs:who/WHS6_102,dcid:country/COL,2010,15.11443
dcs:who/WHS6_102,dcid:country/COL,2015,16.47781
dcs:who/WHS6_102,dcid:country/COL,2014,16.25071
dcs:who/WHS6_102,dcid:country/COM,2010,21.6
dcs:who/WHS6_102,dcid:country/COM,2006,22.0
dcs:who/WHS6_102,dcid:country/CPV,2004,20.36652
dcs:who/WHS6_102,dcid:country/CPV,2011,20.49206
dcs:who/WHS6_102,dcid:country/CPV,2012,20.96039
dcs:who/WHS6_102,dcid:country/CPV,2016,19.0009
dcs:who/WHS6_102,dcid:country/CPV,2007,20.12947
dcs:who/WHS6_102,dcid:country/CPV,2010,19.85754
dcs:who/WHS6_102,dcid:country/CPV,2005,19.90555
dcs:who/WHS6_102,dcid:country/CPV,2015,19.34201
dcs:who/WHS6_102,dcid:country/CPV,2018,19.66031
dcs:who/WHS6_102,dcid:country/CPV,2006,19.8042
dcs:who/WHS6_102,dcid:country/CPV,2013,19.85406
dcs:who/WHS6_102,dcid:country/CPV,2014,19.26472
dcs:who/WHS6_102,dcid:country/CPV,2009,19.64558
dcs:who/WHS6_102,dcid:country/CPV,2017,19.0458
dcs:who/WHS6_102,dcid:country/CRI,2005,13.17921
dcs:who/WHS6_102,dcid:country/CRI,2016,11.40903
dcs:who/WHS6_102,dcid:country/CRI,2004,14.63977
dcs:who/WHS6_102,dcid:country/CRI,2001,15.66161
dcs:who/WHS6_102,dcid:country/CRI,2002,15.29609
dcs:who/WHS6_102,dcid:country/CRI,2010,12.14343
dcs:who/WHS6_102,dcid:country/CRI,2014,11.54968
dcs:who/WHS6_102,dcid:country/CRI,2017,11.31394
dcs:who/WHS6_102,dcid:country/CRI,2018,11.05791
dcs:who/WHS6_102,dcid:country/CRI,2020,11.46961
dcs:who/WHS6_102,dcid:country/CRI,2008,12.25477
dcs:who/WHS6_102,dcid:country/CRI,2021,11.75796
dcs:who/WHS6_102,dcid:country/CRI,2009,12.15394
dcs:who/WHS6_102,dcid:country/CRI,2003,15.04556
dcs:who/WHS6_102,dcid:country/CRI,2006,12.85925
dcs:who/WHS6_102,dcid:country/CRI,2000,16.0133
dcs:who/WHS6_102,dcid:country/CRI,2013,11.57667
dcs:who/WHS6_102,dcid:country/CRI,2015,11.46215
dcs:who/WHS6_102,dcid:country/CRI,2012,11.81018
dcs:who/WHS6_102,dcid:country/CRI,2011,12.04292
dcs:who/WHS6_102,dcid:country/CRI,2019,10.91153
dcs:who/WHS6_102,dcid:country/CRI,2007,12.71841
dcs:who/WHS6_102,dcid:country/CUB,2019,41.7127
dcs:who/WHS6_102,dcid:country/CUB,2000,52.86701
dcs:who/WHS6_102,dcid:country/CUB,2005,48.77863
dcs:who/WHS6_102,dcid:country/CUB,2004,49.30917
dcs:who/WHS6_102,dcid:country/CUB,2008,46.40668
dcs:who/WHS6_102,dcid:country/CUB,2009,45.66973
dcs:who/WHS6_102,dcid:country/CUB,2011,40.3639
dcs:who/WHS6_102,dcid:country/CUB,2001,51.05247
dcs:who/WHS6_102,dcid:country/CUB,2003,49.49275
dcs:who/WHS6_102,dcid:country/CUB,2017,41.32792
dcs:who/WHS6_102,dcid:country/CUB,2016,41.25723
dcs:who/WHS6_102,dcid:country/CUB,2018,41.48216
dcs:who/WHS6_102,dcid:country/CUB,2010,45.60239
dcs:who/WHS6_102,dcid:country/CUB,2014,40.11816
dcs:who/WHS6_102,dcid:country/CUB,2021,42.21253
dcs:who/WHS6_102,dcid:country/CUB,2013,40.35656
dcs:who/WHS6_102,dcid:country/CUB,2002,50.01231
dcs:who/WHS6_102,dcid:country/CUB,2012,40.36416
dcs:who/WHS6_102,dcid:country/CUB,2015,40.46951
dcs:who/WHS6_102,dcid:country/CUB,2020,41.86202
dcs:who/WHS6_102,dcid:country/CUB,2007,48.57369
dcs:who/WHS6_102,dcid:country/CUB,2006,48.63937
dcs:who/WHS6_102,dcid:country/CYP,2012,25.85261
dcs:who/WHS6_102,dcid:country/CYP,2014,24.74097
dcs:who/WHS6_102,dcid:country/CYP,2009,27.36338
dcs:who/WHS6_102,dcid:country/CYP,2015,24.38346
dcs:who/WHS6_102,dcid:country/CYP,2017,23.44184
dcs:who/WHS6_102,dcid:country/CYP,2000,33.10352
dcs:who/WHS6_102,dcid:country/CYP,2018,22.71849
dcs:who/WHS6_102,dcid:country/CYP,2005,27.40435
dcs:who/WHS6_102,dcid:country/CYP,2011,26.09411
dcs:who/WHS6_102,dcid:country/CYP,2019,22.35448
dcs:who/WHS6_102,dcid:country/CYP,2008,27.25217
dcs:who/WHS6_102,dcid:country/CYP,2010,26.18428
dcs:who/WHS6_102,dcid:country/CYP,2006,27.05986
dcs:who/WHS6_102,dcid:country/CYP,2016,24.35967
dcs:who/WHS6_102,dcid:country/CYP,2007,27.15405
dcs:who/WHS6_102,dcid:country/CYP,2013,25.17634
dcs:who/WHS6_102,dcid:country/CZE,2008,72.19097
dcs:who/WHS6_102,dcid:country/CZE,2016,66.88995
dcs:who/WHS6_102,dcid:country/CZE,2012,69.30031
dcs:who/WHS6_102,dcid:country/CZE,2001,77.5678
dcs:who/WHS6_102,dcid:country/CZE,2013,67.01379
dcs:who/WHS6_102,dcid:country/CZE,2006,73.98968
dcs:who/WHS6_102,dcid:country/CZE,2005,75.20248
dcs:who/WHS6_102,dcid:country/CZE,2002,77.33511
dcs:who/WHS6_102,dcid:country/CZE,2003,76.91717
dcs:who/WHS6_102,dcid:country/CZE,2000,78.15072
dcs:who/WHS6_102,dcid:country/CZE,2011,70.63007
dcs:who/WHS6_102,dcid:country/CZE,2015,66.81333
dcs:who/WHS6_102,dcid:country/CZE,2018,66.78094
dcs:who/WHS6_102,dcid:country/CZE,2014,66.81448
dcs:who/WHS6_102,dcid:country/CZE,2020,65.98643
dcs:who/WHS6_102,dcid:country/CZE,2004,76.01989
dcs:who/WHS6_102,dcid:country/CZE,2007,73.03468
dcs:who/WHS6_102,dcid:country/CZE,2019,66.64692
dcs:who/WHS6_102,dcid:country/CZE,2017,66.6717
dcs:who/WHS6_102,dcid:country/CZE,2009,71.58943
dcs:who/WHS6_102,dcid:country/CZE,2010,73.01943
dcs:who/WHS6_102,dcid:country/DEU,2020,78.02411
dcs:who/WHS6_102,dcid:country/DEU,2006,84.19591
dcs:who/WHS6_102,dcid:country/DEU,2010,82.93541
dcs:who/WHS6_102,dcid:country/DEU,2009,83.04515
dcs:who/WHS6_102,dcid:country/DEU,2000,91.9016
dcs:who/WHS6_102,dcid:country/DEU,2005,85.98502
dcs:who/WHS6_102,dcid:country/DEU,2001,91.01845
dcs:who/WHS6_102,dcid:country/DEU,2019,79.09521
dcs:who/WHS6_102,dcid:country/DEU,2012,82.21698
dcs:who/WHS6_102,dcid:country/DEU,2015,80.94771
dcs:who/WHS6_102,dcid:country/DEU,2013,81.72811
dcs:who/WHS6_102,dcid:country/DEU,2008,83.03877
dcs:who/WHS6_102,dcid:country/DEU,2003,88.71768
dcs:who/WHS6_102,dcid:country/DEU,2002,89.86839
dcs:who/WHS6_102,dcid:country/DEU,2016,80.64248
dcs:who/WHS6_102,dcid:country/DEU,2017,80.05483
dcs:who/WHS6_102,dcid:country/DEU,2018,79.84395
dcs:who/WHS6_102,dcid:country/DEU,2004,87.09671
dcs:who/WHS6_102,dcid:country/DEU,2007,83.48941
dcs:who/WHS6_102,dcid:country/DEU,2011,82.60195
dcs:who/WHS6_102,dcid:country/DEU,2014,81.40075
dcs:who/WHS6_102,dcid:country/DJI,2018,14.16953
dcs:who/WHS6_102,dcid:country/DJI,2012,11.09718
dcs:who/WHS6_102,dcid:country/DJI,2016,14.60037
dcs:who/WHS6_102,dcid:country/DJI,2015,12.80982
dcs:who/WHS6_102,dcid:country/DJI,2013,10.86696
dcs:who/WHS6_102,dcid:country/DJI,2014,12.00097
dcs:who/WHS6_102,dcid:country/DJI,2017,14.40063
dcs:who/WHS6_102,dcid:country/DMA,2019,30.24024
dcs:who/WHS6_102,dcid:country/DMA,2016,36.9604
dcs:who/WHS6_102,dcid:country/DMA,2012,40.06474
dcs:who/WHS6_102,dcid:country/DMA,2020,30.00229
dcs:who/WHS6_102,dcid:country/DMA,2021,29.8291
dcs:who/WHS6_102,dcid:country/DMA,2014,39.78608
dcs:who/WHS6_102,dcid:country/DMA,2013,40.10549
dcs:who/WHS6_102,dcid:country/DMA,2011,40.15013
dcs:who/WHS6_102,dcid:country/DMA,2015,36.99656
dcs:who/WHS6_102,dcid:country/DMA,2017,32.8111
dcs:who/WHS6_102,dcid:country/DMA,2018,31.06357
dcs:who/WHS6_102,dcid:country/DNK,2017,26.20926
dcs:who/WHS6_102,dcid:country/DNK,2021,25.13733
dcs:who/WHS6_102,dcid:country/DNK,2005,38.44886
dcs:who/WHS6_102,dcid:country/DNK,2004,39.63006
dcs:who/WHS6_102,dcid:country/DNK,2003,41.28898
dcs:who/WHS6_102,dcid:country/DNK,2000,42.92919
dcs:who/WHS6_102,dcid:country/DNK,2020,25.90101
dcs:who/WHS6_102,dcid:country/DNK,2011,31.26426
dcs:who/WHS6_102,dcid:country/DNK,2013,30.64857
dcs:who/WHS6_102,dcid:country/DNK,2008,35.64581
dcs:who/WHS6_102,dcid:country/DNK,2006,37.76752
dcs:who/WHS6_102,dcid:country/DNK,2015,25.32673
dcs:who/WHS6_102,dcid:country/DNK,2007,36.78836
dcs:who/WHS6_102,dcid:country/DNK,2019,26.01159
dcs:who/WHS6_102,dcid:country/DNK,2014,26.85354
dcs:who/WHS6_102,dcid:country/DNK,2001,42.16575
dcs:who/WHS6_102,dcid:country/DNK,2016,26.05813
dcs:who/WHS6_102,dcid:country/DNK,2010,34.95862
dcs:who/WHS6_102,dcid:country/DNK,2018,26.23864
dcs:who/WHS6_102,dcid:country/DNK,2002,42.83565
dcs:who/WHS6_102,dcid:country/DNK,2009,34.91571
dcs:who/WHS6_102,dcid:country/DOM,2009,14.56148
dcs:who/WHS6_102,dcid:country/DOM,2013,17.24024
dcs:who/WHS6_102,dcid:country/DOM,2012,17.32948
dcs:who/WHS6_102,dcid:country/DOM,2016,13.74863
dcs:who/WHS6_102,dcid:country/DOM,2015,15.154
dcs:who/WHS6_102,dcid:country/DOM,2014,15.29646
dcs:who/WHS6_102,dcid:country/DOM,2017,14.86488
dcs:who/WHS6_102,dcid:country/DOM,2019,12.47486
dcs:who/WHS6_102,dcid:country/DOM,2018,12.41462
dcs:who/WHS6_102,dcid:country/DOM,2010,16.07651
dcs:who/WHS6_102,dcid:country/DOM,2008,15.86904
dcs:who/WHS6_102,dcid:country/DOM,2011,15.84351
dcs:who/WHS6_102,dcid:country/DOM,2020,14.2068
dcs:who/WHS6_102,dcid:country/DOM,2007,12.11524
dcs:who/WHS6_102,dcid:country/DZA,2016,16.15892
dcs:who/WHS6_102,dcid:country/DZA,2003,17.80828
dcs:who/WHS6_102,dcid:country/DZA,2015,16.37755
dcs:who/WHS6_102,dcid:country/DZA,2010,17.22959
dcs:who/WHS6_102,dcid:country/DZA,2012,16.72761
dcs:who/WHS6_102,dcid:country/DZA,2009,17.52754
dcs:who/WHS6_102,dcid:country/DZA,2006,17.22652
dcs:who/WHS6_102,dcid:country/DZA,2002,17.46515
dcs:who/WHS6_102,dcid:country/DZA,2013,16.63315
dcs:who/WHS6_102,dcid:country/DZA,2014,16.53966
dcs:who/WHS6_102,dcid:country/DZA,2011,16.92447
dcs:who/WHS6_102,dcid:country/DZA,2017,16.3266
dcs:who/WHS6_102,dcid:country/DZA,2004,18.11924
dcs:who/WHS6_102,dcid:country/DZA,2000,17.74774
dcs:who/WHS6_102,dcid:country/DZA,2008,17.51019
dcs:who/WHS6_102,dcid:country/DZA,2001,17.58566
dcs:who/WHS6_102,dcid:country/ECU,2004,15.66357
dcs:who/WHS6_102,dcid:country/ECU,2015,15.29399
dcs:who/WHS6_102,dcid:country/ECU,2014,15.43678
dcs:who/WHS6_102,dcid:country/ECU,2006,14.23721
dcs:who/WHS6_102,dcid:country/ECU,2000,15.49439
dcs:who/WHS6_102,dcid:country/ECU,2008,16.30498
dcs:who/WHS6_102,dcid:country/ECU,2011,16.10804
dcs:who/WHS6_102,dcid:country/ECU,2012,14.94328
dcs:who/WHS6_102,dcid:country/ECU,2009,15.16947
dcs:who/WHS6_102,dcid:country/ECU,2020,13.19719
dcs:who/WHS6_102,dcid:country/ECU,2010,15.86702
dcs:who/WHS6_102,dcid:country/ECU,2017,14.04568
dcs:who/WHS6_102,dcid:country/ECU,2002,15.03603
dcs:who/WHS6_102,dcid:country/ECU,2021,13.03312
dcs:who/WHS6_102,dcid:country/ECU,2018,13.98887
dcs:who/WHS6_102,dcid:country/ECU,2013,15.05248
dcs:who/WHS6_102,dcid:country/ECU,2016,13.88174
dcs:who/WHS6_102,dcid:country/ECU,2007,14.40025
dcs:who/WHS6_102,dcid:country/ECU,2003,13.94162
dcs:who/WHS6_102,dcid:country/ECU,2019,13.86898
dcs:who/WHS6_102,dcid:country/ECU,2005,15.51778
dcs:who/WHS6_102,dcid:country/ECU,2001,15.70275
dcs:who/WHS6_102,dcid:country/EGY,2017,12.97699
dcs:who/WHS6_102,dcid:country/EGY,2008,16.31813
dcs:who/WHS6_102,dcid:country/EGY,2012,14.08072
dcs:who/WHS6_102,dcid:country/EGY,2015,12.72576
dcs:who/WHS6_102,dcid:country/EGY,2011,14.31748
dcs:who/WHS6_102,dcid:country/EGY,2019,12.15164
dcs:who/WHS6_102,dcid:country/EGY,2000,19.63644
dcs:who/WHS6_102,dcid:country/EGY,2013,14.01863
dcs:who/WHS6_102,dcid:country/EGY,2001,19.64237
dcs:who/WHS6_102,dcid:country/EGY,2007,18.60841
dcs:who/WHS6_102,dcid:country/EGY,2016,12.6869
dcs:who/WHS6_102,dcid:country/EGY,2005,19.24393
dcs:who/WHS6_102,dcid:country/EGY,2004,19.66296
dcs:who/WHS6_102,dcid:country/EGY,2020,11.31688
dcs:who/WHS6_102,dcid:country/EGY,2003,19.46189
dcs:who/WHS6_102,dcid:country/EGY,2010,14.34035
dcs:who/WHS6_102,dcid:country/EGY,2014,13.69357
dcs:who/WHS6_102,dcid:country/EGY,2006,21.37836
dcs:who/WHS6_102,dcid:country/EGY,2002,19.42623
dcs:who/WHS6_102,dcid:country/EGY,2018,12.62792
dcs:who/WHS6_102,dcid:country/EGY,2009,15.14274
dcs:who/WHS6_102,dcid:country/ERI,2010,11.85617
dcs:who/WHS6_102,dcid:country/ERI,2003,14.75848
dcs:who/WHS6_102,dcid:country/ERI,2016,11.44924
dcs:who/WHS6_102,dcid:country/ERI,2012,12.08881
dcs:who/WHS6_102,dcid:country/ERI,2014,11.51824
dcs:who/WHS6_102,dcid:country/ERI,2011,12.39256
dcs:who/WHS6_102,dcid:country/ERI,2013,11.61278
dcs:who/WHS6_102,dcid:country/ERI,2015,11.46106
dcs:who/WHS6_102,dcid:country/ERI,2004,15.09877
dcs:who/WHS6_102,dcid:country/ERI,2020,9.97506
dcs:who/WHS6_102,dcid:country/ERI,2008,13.12139
dcs:who/WHS6_102,dcid:country/ERI,2019,10.0977
dcs:who/WHS6_102,dcid:country/ERI,2017,11.40441
dcs:who/WHS6_102,dcid:country/ERI,2005,13.9314
dcs:who/WHS6_102,dcid:country/ERI,2018,10.79128
dcs:who/WHS6_102,dcid:country/ERI,2006,13.44401
dcs:who/WHS6_102,dcid:country/ERI,2009,13.0971
dcs:who/WHS6_102,dcid:country/ERI,2007,13.75519
dcs:who/WHS6_102,dcid:country/ESP,2016,29.66584
dcs:who/WHS6_102,dcid:country/ESP,2014,29.67359
dcs:who/WHS6_102,dcid:country/ESP,2018,29.71894
dcs:who/WHS6_102,dcid:country/ESP,2008,31.96543
dcs:who/WHS6_102,dcid:country/ESP,2000,36.34634
dcs:who/WHS6_102,dcid:country/ESP,2005,33.38944
dcs:who/WHS6_102,dcid:country/ESP,2009,31.55424
dcs:who/WHS6_102,dcid:country/ESP,2015,29.80056
dcs:who/WHS6_102,dcid:country/ESP,2011,30.47215
dcs:who/WHS6_102,dcid:country/ESP,2017,29.74852
dcs:who/WHS6_102,dcid:country/ESP,2019,29.46254
dcs:who/WHS6_102,dcid:country/ESP,2003,34.31567
dcs:who/WHS6_102,dcid:country/ESP,2010,31.12355
dcs:who/WHS6_102,dcid:country/ESP,2001,35.72899
dcs:who/WHS6_102,dcid:country/ESP,2012,29.92017
dcs:who/WHS6_102,dcid:country/ESP,2020,29.54429
dcs:who/WHS6_102,dcid:country/ESP,2021,29.42999
dcs:who/WHS6_102,dcid:country/ESP,2006,32.92023
dcs:who/WHS6_102,dcid:country/ESP,2002,35.22475
dcs:who/WHS6_102,dcid:country/ESP,2013,29.64437
dcs:who/WHS6_102,dcid:country/ESP,2004,33.95674
dcs:who/WHS6_102,dcid:country/ESP,2007,32.45385
dcs:who/WHS6_102,dcid:country/EST,2014,48.98191
dcs:who/WHS6_102,dcid:country/EST,2009,53.69594
dcs:who/WHS6_102,dcid:country/EST,2013,49.03187
dcs:who/WHS6_102,dcid:country/EST,2019,45.29597
dcs:who/WHS6_102,dcid:country/EST,2011,53.59232
dcs:who/WHS6_102,dcid:country/EST,2003,57.32273
dcs:who/WHS6_102,dcid:country/EST,2016,46.85524
dcs:who/WHS6_102,dcid:country/EST,2006,55.51309
dcs:who/WHS6_102,dcid:country/EST,2012,55.25894
dcs:who/WHS6_102,dcid:country/EST,2005,53.82893
dcs:who/WHS6_102,dcid:country/EST,2008,56.31966
dcs:who/WHS6_102,dcid:country/EST,2004,56.44117
dcs:who/WHS6_102,dcid:country/EST,2017,46.05364
dcs:who/WHS6_102,dcid:country/EST,2010,52.73613
dcs:who/WHS6_102,dcid:country/EST,2001,65.9945
dcs:who/WHS6_102,dcid:country/EST,2018,45.34403
dcs:who/WHS6_102,dcid:country/EST,2020,44.63595
dcs:who/WHS6_102,dcid:country/EST,2002,59.80105
dcs:who/WHS6_102,dcid:country/EST,2015,48.23747
dcs:who/WHS6_102,dcid:country/EST,2007,54.81978
dcs:who/WHS6_102,dcid:country/EST,2000,70.35697
dcs:who/WHS6_102,dcid:country/ETH,2016,3.3
dcs:who/WHS6_102,dcid:country/ETH,2008,2.0
dcs:who/WHS6_102,dcid:country/FIN,2011,55.25257
dcs:who/WHS6_102,dcid:country/FIN,2010,58.57992
dcs:who/WHS6_102,dcid:country/FIN,2014,45.33237
dcs:who/WHS6_102,dcid:country/FIN,2007,67.33049
dcs:who/WHS6_102,dcid:country/FIN,2001,74.6241
dcs:who/WHS6_102,dcid:country/FIN,2004,70.99464
dcs:who/WHS6_102,dcid:country/FIN,2009,62.52324
dcs:who/WHS6_102,dcid:country/FIN,2000,75.39688
dcs:who/WHS6_102,dcid:country/FIN,2003,72.43253
dcs:who/WHS6_102,dcid:country/FIN,2002,73.51466
dcs:who/WHS6_102,dcid:country/FIN,2012,52.87541
dcs:who/WHS6_102,dcid:country/FIN,2019,33.45989
dcs:who/WHS6_102,dcid:country/FIN,2017,37.54444
dcs:who/WHS6_102,dcid:country/FIN,2018,36.11847
dcs:who/WHS6_102,dcid:country/FIN,2013,48.62773
dcs:who/WHS6_102,dcid:country/FIN,2015,42.83086
dcs:who/WHS6_102,dcid:country/FIN,2005,70.52897
dcs:who/WHS6_102,dcid:country/FIN,2008,65.6836
dcs:who/WHS6_102,dcid:country/FIN,2006,69.86565
dcs:who/WHS6_102,dcid:country/FIN,2016,39.69451
dcs:who/WHS6_102,dcid:country/FIN,2020,28.2595
dcs:who/WHS6_102,dcid:country/FJI,2007,19.39038
dcs:who/WHS6_102,dcid:country/FJI,2013,19.24565
dcs:who/WHS6_102,dcid:country/FJI,2014,18.85185
dcs:who/WHS6_102,dcid:country/FJI,2011,19.07845
dcs:who/WHS6_102,dcid:country/FJI,2008,19.43728
dcs:who/WHS6_102,dcid:country/FJI,2005,20.71038
dcs:who/WHS6_102,dcid:country/FJI,2017,18.93324
dcs:who/WHS6_102,dcid:country/FJI,2015,18.81814
dcs:who/WHS6_102,dcid:country/FJI,2016,18.94659
dcs:who/WHS6_102,dcid:country/FJI,2006,19.40927
dcs:who/WHS6_102,dcid:country/FJI,2010,22.00693
dcs:who/WHS6_102,dcid:country/FJI,2009,22.03282
dcs:who/WHS6_102,dcid:country/FRA,2002,80.07558
dcs:who/WHS6_102,dcid:country/FRA,2004,76.88488
dcs:who/WHS6_102,dcid:country/FRA,2012,65.77306
dcs:who/WHS6_102,dcid:country/FRA,2016,63.17429
dcs:who/WHS6_102,dcid:country/FRA,2011,65.98204
dcs:who/WHS6_102,dcid:country/FRA,2019,60.96187
dcs:who/WHS6_102,dcid:country/FRA,2008,71.77588
dcs:who/WHS6_102,dcid:country/FRA,2001,81.17035
dcs:who/WHS6_102,dcid:country/FRA,2018,61.55624
dcs:who/WHS6_102,dcid:country/FRA,2006,74.05061
dcs:who/WHS6_102,dcid:country/FRA,2020,60.00584
dcs:who/WHS6_102,dcid:country/FRA,2005,75.223
dcs:who/WHS6_102,dcid:country/FRA,2013,65.24115
dcs:who/WHS6_102,dcid:country/FRA,2015,63.97845
dcs:who/WHS6_102,dcid:country/FRA,2009,69.19813
dcs:who/WHS6_102,dcid:country/FRA,2007,73.47458
dcs:who/WHS6_102,dcid:country/FRA,2003,78.42485
dcs:who/WHS6_102,dcid:country/FRA,2014,64.62191
dcs:who/WHS6_102,dcid:country/FRA,2000,82.54926
dcs:who/WHS6_102,dcid:country/FRA,2017,62.33856
dcs:who/WHS6_102,dcid:country/FRA,2010,66.73279
dcs:who/WHS6_102,dcid:country/FSM,2009,32.2618
dcs:who/WHS6_102,dcid:country/GAB,2011,19.58815
dcs:who/WHS6_102,dcid:country/GBR,2010,29.29109
dcs:who/WHS6_102,dcid:country/GBR,2008,33.36068
dcs:who/WHS6_102,dcid:country/GBR,2019,24.53973
dcs:who/WHS6_102,dcid:country/GBR,2007,33.91882
dcs:who/WHS6_102,dcid:country/GBR,2005,37.24214
dcs:who/WHS6_102,dcid:country/GBR,2004,38.56917
dcs:who/WHS6_102,dcid:country/GBR,2002,39.79484
dcs:who/WHS6_102,dcid:country/GBR,2014,27.22162
dcs:who/WHS6_102,dcid:country/GBR,2009,32.66629
dcs:who/WHS6_102,dcid:country/GBR,2017,25.36736
dcs:who/WHS6_102,dcid:country/GBR,2016,25.73048
dcs:who/WHS6_102,dcid:country/GBR,2011,28.75375
dcs:who/WHS6_102,dcid:country/GBR,2018,24.9641
dcs:who/WHS6_102,dcid:country/GBR,2001,40.38464
dcs:who/WHS6_102,dcid:country/GBR,2000,40.80609
dcs:who/WHS6_102,dcid:country/GBR,2015,26.06311
dcs:who/WHS6_102,dcid:country/GBR,2006,35.44406
dcs:who/WHS6_102,dcid:country/GBR,2003,39.48245
dcs:who/WHS6_102,dcid:country/GBR,2012,28.02767
dcs:who/WHS6_102,dcid:country/GBR,2013,27.49373
dcs:who/WHS6_102,dcid:country/GBR,2020,24.26548
dcs:who/WHS6_102,dcid:country/GBR,2021,23.45445
dcs:who/WHS6_102,dcid:country/GEO,2000,49.80104
dcs:who/WHS6_102,dcid:country/GEO,2016,36.594
dcs:who/WHS6_102,dcid:country/GEO,2007,37.2843
dcs:who/WHS6_102,dcid:country/GEO,2008,36.26313
dcs:who/WHS6_102,dcid:country/GEO,2010,34.86732
dcs:who/WHS6_102,dcid:country/GEO,2011,32.96733
dcs:who/WHS6_102,dcid:country/GEO,2002,45.03675
dcs:who/WHS6_102,dcid:country/GEO,2001,47.1229
dcs:who/WHS6_102,dcid:country/GEO,2019,46.40912
dcs:who/WHS6_102,dcid:country/GEO,2005,43.15632
dcs:who/WHS6_102,dcid:country/GEO,2015,33.94206
dcs:who/WHS6_102,dcid:country/GEO,2020,49.39043
dcs:who/WHS6_102,dcid:country/GEO,2014,30.93342
dcs:who/WHS6_102,dcid:country/GEO,2018,42.41416
dcs:who/WHS6_102,dcid:country/GEO,2006,41.82907
dcs:who/WHS6_102,dcid:country/GEO,2003,45.17619
dcs:who/WHS6_102,dcid:country/GEO,2012,29.82896
dcs:who/WHS6_102,dcid:country/GEO,2013,30.63901
dcs:who/WHS6_102,dcid:country/GEO,2017,40.03287
dcs:who/WHS6_102,dcid:country/GEO,2004,44.63933
dcs:who/WHS6_102,dcid:country/GEO,2009,35.36263
dcs:who/WHS6_102,dcid:country/GHA,2012,7.13101
dcs:who/WHS6_102,dcid:country/GHA,2011,6.80571
dcs:who/WHS6_102,dcid:country/GHA,2014,7.06013
dcs:who/WHS6_102,dcid:country/GHA,2015,6.89517
dcs:who/WHS6_102,dcid:country/GHA,2010,6.97368
dcs:who/WHS6_102,dcid:country/GHA,2013,7.23218
dcs:who/WHS6_102,dcid:country/GIN,2011,3.0
dcs:who/WHS6_102,dcid:country/GIN,2005,3.0
dcs:who/WHS6_102,dcid:country/GMB,2020,11.13833
dcs:who/WHS6_102,dcid:country/GMB,2021,11.54961
dcs:who/WHS6_102,dcid:country/GMB,2019,9.3707
dcs:who/WHS6_102,dcid:country/GMB,2015,10.1148
dcs:who/WHS6_102,dcid:country/GMB,2016,10.61192
dcs:who/WHS6_102,dcid:country/GMB,2014,10.41106
dcs:who/WHS6_102,dcid:country/GNB,2009,10.0
dcs:who/WHS6_102,dcid:country/GNQ,2010,21.0
dcs:who/WHS6_102,dcid:country/GNQ,2009,19.0
dcs:who/WHS6_102,dcid:country/GRC,2011,45.15515
dcs:who/WHS6_102,dcid:country/GRC,2007,48.58499
dcs:who/WHS6_102,dcid:country/GRC,2000,46.65654
dcs:who/WHS6_102,dcid:country/GRC,2015,42.51552
dcs:who/WHS6_102,dcid:country/GRC,2014,42.49299
dcs:who/WHS6_102,dcid:country/GRC,2017,42.33636
dcs:who/WHS6_102,dcid:country/GRC,2019,42.38405
dcs:who/WHS6_102,dcid:country/GRC,2018,42.36984
dcs:who/WHS6_102,dcid:country/GRC,2004,46.66719
dcs:who/WHS6_102,dcid:country/GRC,2010,45.15949
dcs:who/WHS6_102,dcid:country/GRC,2002,46.66377
dcs:who/WHS6_102,dcid:country/GRC,2003,46.58842
dcs:who/WHS6_102,dcid:country/GRC,2001,47.21382
dcs:who/WHS6_102,dcid:country/GRC,2006,48.35274
dcs:who/WHS6_102,dcid:country/GRC,2009,49.48127
dcs:who/WHS6_102,dcid:country/GRC,2016,42.11543
dcs:who/WHS6_102,dcid:country/GRC,2012,44.78442
dcs:who/WHS6_102,dcid:country/GRC,2013,42.61302
dcs:who/WHS6_102,dcid:country/GRC,2005,47.24996
dcs:who/WHS6_102,dcid:country/GRC,2008,48.45027
dcs:who/WHS6_102,dcid:country/GRD,2011,32.89302
dcs:who/WHS6_102,dcid:country/GRD,2015,33.95543
dcs:who/WHS6_102,dcid:country/GRD,2014,34.24527
dcs:who/WHS6_102,dcid:country/GRD,2013,34.5463
dcs:who/WHS6_102,dcid:country/GRD,2017,31.8391
dcs:who/WHS6_102,dcid:country/GRD,2018,31.76349
dcs:who/WHS6_102,dcid:country/GRD,2016,32.00907
dcs:who/WHS6_102,dcid:country/GRD,2012,32.61081
dcs:who/WHS6_102,dcid:country/GTM,2019,4.66494
dcs:who/WHS6_102,dcid:country/GTM,2017,4.45149
dcs:who/WHS6_102,dcid:country/GTM,2020,4.34437
dcs:who/WHS6_102,dcid:country/GTM,2014,6.2334
dcs:who/WHS6_102,dcid:country/GTM,2015,5.92084
dcs:who/WHS6_102,dcid:country/GTM,2011,6.45433
dcs:who/WHS6_102,dcid:country/GTM,2018,4.37978
dcs:who/WHS6_102,dcid:country/GTM,2012,6.16725
dcs:who/WHS6_102,dcid:country/GTM,2021,4.37005
dcs:who/WHS6_102,dcid:country/GUY,2021,25.86484
dcs:who/WHS6_102,dcid:country/GUY,2020,22.52879
dcs:who/WHS6_102,dcid:country/GUY,2017,17.37303
dcs:who/WHS6_102,dcid:country/GUY,2018,16.88067
dcs:who/WHS6_102,dcid:country/GUY,2019,21.75892
dcs:who/WHS6_102,dcid:country/GUY,2012,17.3395
dcs:who/WHS6_102,dcid:country/GUY,2016,17.46835
dcs:who/WHS6_102,dcid:country/GUY,2014,17.48068
dcs:who/WHS6_102,dcid:country/GUY,2015,17.56219
dcs:who/WHS6_102,dcid:country/GUY,2013,17.25936
dcs:who/WHS6_102,dcid:country/HND,2020,7.08671
dcs:who/WHS6_102,dcid:country/HND,2001,5.96093
dcs:who/WHS6_102,dcid:country/HND,2008,5.14455
dcs:who/WHS6_102,dcid:country/HND,2014,6.10001
dcs:who/WHS6_102,dcid:country/HND,2000,5.99845
dcs:who/WHS6_102,dcid:country/HND,2005,5.82052
dcs:who/WHS6_102,dcid:country/HND,2012,6.0018
dcs:who/WHS6_102,dcid:country/HND,2004,5.78324
dcs:who/WHS6_102,dcid:country/HND,2006,5.37882
dcs:who/WHS6_102,dcid:country/HND,2017,6.39358
dcs:who/WHS6_102,dcid:country/HND,2010,6.08335
dcs:who/WHS6_102,dcid:country/HND,2015,5.99064
dcs:who/WHS6_102,dcid:country/HND,2003,5.87208
dcs:who/WHS6_102,dcid:country/HND,2007,5.55621
dcs:who/WHS6_102,dcid:country/HND,2021,6.60904
dcs:who/WHS6_102,dcid:country/HND,2019,6.51583
dcs:who/WHS6_102,dcid:country/HND,2016,6.30391
dcs:who/WHS6_102,dcid:country/HND,2013,6.31762
dcs:who/WHS6_102,dcid:country/HND,2002,5.80919
dcs:who/WHS6_102,dcid:country/HND,2009,5.45105
dcs:who/WHS6_102,dcid:country/HND,2011,5.67005
dcs:who/WHS6_102,dcid:country/HND,2018,6.43939
dcs:who/WHS6_102,dcid:country/HRV,2014,58.40141
dcs:who/WHS6_102,dcid:country/HRV,2002,56.18501
dcs:who/WHS6_102,dcid:country/HRV,2009,54.32519
dcs:who/WHS6_102,dcid:country/HRV,2006,54.86514
dcs:who/WHS6_102,dcid:country/HRV,2008,55.26595
dcs:who/WHS6_102,dcid:country/HRV,2004,55.24886
dcs:who/WHS6_102,dcid:country/HRV,2012,58.01328
dcs:who/WHS6_102,dcid:country/HRV,2016,54.25746
dcs:who/WHS6_102,dcid:country/HRV,2017,54.56931
dcs:who/WHS6_102,dcid:country/HRV,2019,55.79028
dcs:who/WHS6_102,dcid:country/HRV,2011,58.56601
dcs:who/WHS6_102,dcid:country/HRV,2013,57.86458
dcs:who/WHS6_102,dcid:country/HRV,2020,55.95248
dcs:who/WHS6_102,dcid:country/HRV,2000,59.26215
dcs:who/WHS6_102,dcid:country/HRV,2010,56.83865
dcs:who/WHS6_102,dcid:country/HRV,2001,59.0624
dcs:who/WHS6_102,dcid:country/HRV,2003,55.87587
dcs:who/WHS6_102,dcid:country/HRV,2018,55.18587
dcs:who/WHS6_102,dcid:country/HRV,2005,54.67662
dcs:who/WHS6_102,dcid:country/HRV,2007,55.27596
dcs:who/WHS6_102,dcid:country/HRV,2015,55.01767
dcs:who/WHS6_102,dcid:country/HTI,2021,47.73328
dcs:who/WHS6_102,dcid:country/HTI,2019,48.65759
dcs:who/WHS6_102,dcid:country/HTI,2010,6.57633
dcs:who/WHS6_102,dcid:country/HTI,2020,50.27859
dcs:who/WHS6_102,dcid:country/HTI,2018,52.63784
dcs:who/WHS6_102,dcid:country/HTI,2013,7.18726
dcs:who/WHS6_102,dcid:country/HUN,2002,79.18488
dcs:who/WHS6_102,dcid:country/HUN,2009,71.53862
dcs:who/WHS6_102,dcid:country/HUN,2019,69.07021
dcs:who/WHS6_102,dcid:country/HUN,2012,69.99406
dcs:who/WHS6_102,dcid:country/HUN,2008,71.15472
dcs:who/WHS6_102,dcid:country/HUN,2017,70.18328
dcs:who/WHS6_102,dcid:country/HUN,2021,68.37844
dcs:who/WHS6_102,dcid:country/HUN,2003,79.0428
dcs:who/WHS6_102,dcid:country/HUN,2013,70.36234
dcs:who/WHS6_102,dcid:country/HUN,2005,79.2513
dcs:who/WHS6_102,dcid:country/HUN,2010,71.91275
dcs:who/WHS6_102,dcid:country/HUN,2001,79.25462
dcs:who/WHS6_102,dcid:country/HUN,2015,69.93222
dcs:who/WHS6_102,dcid:country/HUN,2007,71.96371
dcs:who/WHS6_102,dcid:country/HUN,2018,69.50135
dcs:who/WHS6_102,dcid:country/HUN,2020,67.57142
dcs:who/WHS6_102,dcid:country/HUN,2000,81.62179
dcs:who/WHS6_102,dcid:country/HUN,2011,72.00567
dcs:who/WHS6_102,dcid:country/HUN,2004,78.97574
dcs:who/WHS6_102,dcid:country/HUN,2016,70.00741
dcs:who/WHS6_102,dcid:country/HUN,2014,69.83248
dcs:who/WHS6_102,dcid:country/HUN,2006,79.88516
dcs:who/WHS6_102,dcid:country/IDN,2002,5.89714
dcs:who/WHS6_102,dcid:country/IDN,2001,5.85913
dcs:who/WHS6_102,dcid:country/IDN,2011,6.90636
dcs:who/WHS6_102,dcid:country/IDN,2018,11.63417
dcs:who/WHS6_102,dcid:country/IDN,2008,6.28478
dcs:who/WHS6_102,dcid:country/IDN,2019,11.75876
dcs:who/WHS6_102,dcid:country/IDN,2013,10.99394
dcs:who/WHS6_102,dcid:country/IDN,2005,5.9774
dcs:who/WHS6_102,dcid:country/IDN,2021,13.55948
dcs:who/WHS6_102,dcid:country/IDN,2000,5.8625
dcs:who/WHS6_102,dcid:country/IDN,2015,10.8634
dcs:who/WHS6_102,dcid:country/IDN,2020,13.96126
dcs:who/WHS6_102,dcid:country/IDN,2006,5.97293
dcs:who/WHS6_102,dcid:country/IDN,2016,11.04842
dcs:who/WHS6_102,dcid:country/IDN,2014,10.52739
dcs:who/WHS6_102,dcid:country/IDN,2009,6.79223
dcs:who/WHS6_102,dcid:country/IDN,2017,11.53332
dcs:who/WHS6_102,dcid:country/IDN,2012,9.24904
dcs:who/WHS6_102,dcid:country/IDN,2007,6.0763
dcs:who/WHS6_102,dcid:country/IDN,2003,5.87771
dcs:who/WHS6_102,dcid:country/IDN,2010,6.52186
dcs:who/WHS6_102,dcid:country/IDN,2004,5.85252
dcs:who/WHS6_102,dcid:country/IND,2006,19.23663
dcs:who/WHS6_102,dcid:country/IND,2008,18.68888
dcs:who/WHS6_102,dcid:country/IND,2010,18.17852
dcs:who/WHS6_102,dcid:country/IND,2009,18.43068
dcs:who/WHS6_102,dcid:country/IND,2005,19.5321
dcs:who/WHS6_102,dcid:country/IND,2001,20.90188
dcs:who/WHS6_102,dcid:country/IND,2016,16.84738
dcs:who/WHS6_102,dcid:country/IND,2014,17.25193
dcs:who/WHS6_102,dcid:country/IND,2007,18.95661
dcs:who/WHS6_102,dcid:country/IND,2019,16.30563
dcs:who/WHS6_102,dcid:country/IND,2002,20.53378
dcs:who/WHS6_102,dcid:country/IND,2021,16.02238
dcs:who/WHS6_102,dcid:country/IND,2018,16.47368
dcs:who/WHS6_102,dcid:country/IND,2020,16.15062
dcs:who/WHS6_102,dcid:country/IND,2011,17.93268
dcs:who/WHS6_102,dcid:country/IND,2017,16.65381
dcs:who/WHS6_102,dcid:country/IND,2015,17.04822
dcs:who/WHS6_102,dcid:country/IND,2000,21.28332
dcs:who/WHS6_102,dcid:country/IND,2012,17.69537
dcs:who/WHS6_102,dcid:country/IRL,2001,59.17444
dcs:who/WHS6_102,dcid:country/IRL,2015,29.42715
dcs:who/WHS6_102,dcid:country/IRL,2003,57.26115
dcs:who/WHS6_102,dcid:country/IRL,2004,56.94757
dcs:who/WHS6_102,dcid:country/IRL,2000,61.91113
dcs:who/WHS6_102,dcid:country/IRL,2008,48.93773
dcs:who/WHS6_102,dcid:country/IRL,2020,29.138
dcs:who/WHS6_102,dcid:country/IRL,2017,29.92338
dcs:who/WHS6_102,dcid:country/IRL,2010,27.48097
dcs:who/WHS6_102,dcid:country/IRL,2011,26.42314
dcs:who/WHS6_102,dcid:country/IRL,2013,25.79524
dcs:who/WHS6_102,dcid:country/IRL,2005,55.10753
dcs:who/WHS6_102,dcid:country/IRL,2016,29.77657
dcs:who/WHS6_102,dcid:country/IRL,2012,25.61479
dcs:who/WHS6_102,dcid:country/IRL,2009,28.47465
dcs:who/WHS6_102,dcid:country/IRL,2014,25.93805
dcs:who/WHS6_102,dcid:country/IRL,2002,58.37313
dcs:who/WHS6_102,dcid:country/IRL,2018,29.94101
dcs:who/WHS6_102,dcid:country/IRL,2019,29.02971
dcs:who/WHS6_102,dcid:country/IRL,2007,51.42627
dcs:who/WHS6_102,dcid:country/IRL,2006,53.065
dcs:who/WHS6_102,dcid:country/IRN,2013,17.65586
dcs:who/WHS6_102,dcid:country/IRN,2008,16.44608
dcs:who/WHS6_102,dcid:country/IRN,2012,16.95971
dcs:who/WHS6_102,dcid:country/IRN,2002,16.45652
dcs:who/WHS6_102,dcid:country/IRN,2014,18.12131
dcs:who/WHS6_102,dcid:country/IRN,2005,16.13562
dcs:who/WHS6_102,dcid:country/IRN,2018,19.45197
dcs:who/WHS6_102,dcid:country/IRN,2004,16.30282
dcs:who/WHS6_102,dcid:country/IRN,2017,19.07933
dcs:who/WHS6_102,dcid:country/IRN,2003,16.41564
dcs:who/WHS6_102,dcid:country/IRN,2016,18.8825
dcs:who/WHS6_102,dcid:country/IRN,2006,16.34132
dcs:who/WHS6_102,dcid:country/IRN,2009,15.40593
dcs:who/WHS6_102,dcid:country/IRN,2019,18.6241
dcs:who/WHS6_102,dcid:country/IRN,2011,13.53956
dcs:who/WHS6_102,dcid:country/IRN,2010,16.82878
dcs:who/WHS6_102,dcid:country/IRN,2015,18.09921
dcs:who/WHS6_102,dcid:country/IRN,2007,16.5795
dcs:who/WHS6_102,dcid:country/IRN,2001,16.37079
dcs:who/WHS6_102,dcid:country/IRQ,2019,12.0
dcs:who/WHS6_102,dcid:country/IRQ,2006,13.10922
dcs:who/WHS6_102,dcid:country/IRQ,2018,10.53985
dcs:who/WHS6_102,dcid:country/IRQ,2012,12.90764
dcs:who/WHS6_102,dcid:country/IRQ,2007,11.3
dcs:who/WHS6_102,dcid:country/IRQ,2005,12.84031
dcs:who/WHS6_102,dcid:country/IRQ,2017,10.54916
dcs:who/WHS6_102,dcid:country/IRQ,2010,10.9631
dcs:who/WHS6_102,dcid:country/IRQ,2014,10.98255
dcs:who/WHS6_102,dcid:country/IRQ,2021,13.0
dcs:who/WHS6_102,dcid:country/IRQ,2020,12.0
dcs:who/WHS6_102,dcid:country/IRQ,2009,11.02049
dcs:who/WHS6_102,dcid:country/IRQ,2004,13.24601
dcs:who/WHS6_102,dcid:country/IRQ,2013,12.70511
dcs:who/WHS6_102,dcid:country/ISL,2015,31.17264
dcs:who/WHS6_102,dcid:country/ISL,2020,28.33618
dcs:who/WHS6_102,dcid:country/ISL,2011,32.88516
dcs:who/WHS6_102,dcid:country/ISL,2018,28.72961
dcs:who/WHS6_102,dcid:country/ISL,2013,32.18892
dcs:who/WHS6_102,dcid:country/ISL,2014,31.58921
dcs:who/WHS6_102,dcid:country/ISL,2010,35.81156
dcs:who/WHS6_102,dcid:country/ISL,2008,39.06016
dcs:who/WHS6_102,dcid:country/ISL,2017,30.61415
dcs:who/WHS6_102,dcid:country/ISL,2019,27.96761
dcs:who/WHS6_102,dcid:country/ISL,2009,36.95101
dcs:who/WHS6_102,dcid:country/ISL,2007,41.14118
dcs:who/WHS6_102,dcid:country/ISL,2012,32.43198
dcs:who/WHS6_102,dcid:country/ISL,2016,31.31009
dcs:who/WHS6_102,dcid:country/ISR,2009,33.19443
dcs:who/WHS6_102,dcid:country/ISR,2018,31.22693
dcs:who/WHS6_102,dcid:country/ISR,2001,39.28674
dcs:who/WHS6_102,dcid:country/ISR,2008,34.04612
dcs:who/WHS6_102,dcid:country/ISR,2016,31.27463
dcs:who/WHS6_102,dcid:country/ISR,2010,32.8569
dcs:who/WHS6_102,dcid:country/ISR,2015,31.66297
dcs:who/WHS6_102,dcid:country/ISR,2012,32.30988
dcs:who/WHS6_102,dcid:country/ISR,2006,35.15036
dcs:who/WHS6_102,dcid:country/ISR,2017,31.57683
dcs:who/WHS6_102,dcid:country/ISR,2004,39.20718
dcs:who/WHS6_102,dcid:country/ISR,2000,38.99487
dcs:who/WHS6_102,dcid:country/ISR,2002,38.84253
dcs:who/WHS6_102,dcid:country/ISR,2020,30.71885
dcs:who/WHS6_102,dcid:country/ISR,2005,38.53369
dcs:who/WHS6_102,dcid:country/ISR,2021,30.60654
dcs:who/WHS6_102,dcid:country/ISR,2013,32.25061
dcs:who/WHS6_102,dcid:country/ISR,2007,34.60585
dcs:who/WHS6_102,dcid:country/ISR,2003,39.88472
dcs:who/WHS6_102,dcid:country/ISR,2011,32.70619
dcs:who/WHS6_102,dcid:country/ISR,2014,32.13186
dcs:who/WHS6_102,dcid:country/ISR,2019,31.19337
dcs:who/WHS6_102,dcid:country/ITA,2016,31.98925
dcs:who/WHS6_102,dcid:country/ITA,2009,36.64432
dcs:who/WHS6_102,dcid:country/ITA,2015,32.2191
dcs:who/WHS6_102,dcid:country/ITA,2004,40.08164
dcs:who/WHS6_102,dcid:country/ITA,2019,31.62825
dcs:who/WHS6_102,dcid:country/ITA,2014,32.35742
dcs:who/WHS6_102,dcid:country/ITA,2010,36.1035
dcs:who/WHS6_102,dcid:country/ITA,2003,41.71794
dcs:who/WHS6_102,dcid:country/ITA,2008,37.65604
dcs:who/WHS6_102,dcid:country/ITA,2005,40.2707
dcs:who/WHS6_102,dcid:country/ITA,2007,38.83836
dcs:who/WHS6_102,dcid:country/ITA,2002,44.37432
dcs:who/WHS6_102,dcid:country/ITA,2006,39.73445
dcs:who/WHS6_102,dcid:country/ITA,2017,32.08918
dcs:who/WHS6_102,dcid:country/ITA,2018,31.69024
dcs:who/WHS6_102,dcid:country/ITA,2011,34.79395
dcs:who/WHS6_102,dcid:country/ITA,2000,47.05528
dcs:who/WHS6_102,dcid:country/ITA,2012,33.84657
dcs:who/WHS6_102,dcid:country/ITA,2001,46.12002
dcs:who/WHS6_102,dcid:country/ITA,2020,31.82339
dcs:who/WHS6_102,dcid:country/ITA,2013,33.07335
dcs:who/WHS6_102,dcid:country/JAM,2021,16.76631
dcs:who/WHS6_102,dcid:country/JAM,2012,18.00119
dcs:who/WHS6_102,dcid:country/JAM,2016,17.35472
dcs:who/WHS6_102,dcid:country/JAM,2017,17.14158
dcs:who/WHS6_102,dcid:country/JAM,2009,17.12091
dcs:who/WHS6_102,dcid:country/JAM,2011,18.09065
dcs:who/WHS6_102,dcid:country/JAM,2013,16.86903
dcs:who/WHS6_102,dcid:country/JAM,2018,16.99602
dcs:who/WHS6_102,dcid:country/JAM,2015,17.11968
dcs:who/WHS6_102,dcid:country/JAM,2010,18.16821
dcs:who/WHS6_102,dcid:country/JAM,2019,17.28995
dcs:who/WHS6_102,dcid:country/JAM,2014,16.86812
dcs:who/WHS6_102,dcid:country/JAM,2020,17.11792
dcs:who/WHS6_102,dcid:country/JOR,2006,18.12017
dcs:who/WHS6_102,dcid:country/JOR,2019,13.58672
dcs:who/WHS6_102,dcid:country/JOR,2020,13.72805
dcs:who/WHS6_102,dcid:country/JOR,2018,14.05467
dcs:who/WHS6_102,dcid:country/JOR,2004,17.74991
dcs:who/WHS6_102,dcid:country/JOR,2014,14.33006
dcs:who/WHS6_102,dcid:country/JOR,2013,15.70018
dcs:who/WHS6_102,dcid:country/JOR,2015,13.84312
dcs:who/WHS6_102,dcid:country/JOR,2003,18.05558
dcs:who/WHS6_102,dcid:country/JOR,2017,14.48698
dcs:who/WHS6_102,dcid:country/JOR,2012,16.78623
dcs:who/WHS6_102,dcid:country/JOR,2005,17.85848
dcs:who/WHS6_102,dcid:country/JOR,2009,16.74067
dcs:who/WHS6_102,dcid:country/JOR,2008,16.8856
dcs:who/WHS6_102,dcid:country/JOR,2016,13.7797
dcs:who/WHS6_102,dcid:country/JOR,2011,16.86503
dcs:who/WHS6_102,dcid:country/JOR,2007,17.03727
dcs:who/WHS6_102,dcid:country/JOR,2010,16.99403
dcs:who/WHS6_102,dcid:country/JOR,2021,13.75908
dcs:who/WHS6_102,dcid:country/JPN,2011,133.77671
dcs:who/WHS6_102,dcid:country/JPN,2019,128.78754
dcs:who/WHS6_102,dcid:country/JPN,2000,146.99931
dcs:who/WHS6_102,dcid:country/JPN,2002,144.47476
dcs:who/WHS6_102,dcid:country/JPN,2007,138.6896
dcs:who/WHS6_102,dcid:country/JPN,2015,131.51919
dcs:who/WHS6_102,dcid:country/JPN,2005,140.72738
dcs:who/WHS6_102,dcid:country/JPN,2001,146.09297
dcs:who/WHS6_102,dcid:country/JPN,2012,133.26585
dcs:who/WHS6_102,dcid:country/JPN,2010,135.0618
dcs:who/WHS6_102,dcid:country/JPN,2008,137.10208
dcs:who/WHS6_102,dcid:country/JPN,2003,142.74521
dcs:who/WHS6_102,dcid:country/JPN,2016,131.06587
dcs:who/WHS6_102,dcid:country/JPN,2020,127.23662
dcs:who/WHS6_102,dcid:country/JPN,2004,141.97037
dcs:who/WHS6_102,dcid:country/JPN,2018,130.0064
dcs:who/WHS6_102,dcid:country/JPN,2014,131.83778
dcs:who/WHS6_102,dcid:country/JPN,2009,136.07034
dcs:who/WHS6_102,dcid:country/JPN,2006,139.67605
dcs:who/WHS6_102,dcid:country/JPN,2013,132.76381
dcs:who/WHS6_102,dcid:country/JPN,2017,130.5228
dcs:who/WHS6_102,dcid:country/KAZ,2010,71.58237
dcs:who/WHS6_102,dcid:country/KAZ,2006,75.22903
dcs:who/WHS6_102,dcid:country/KAZ,2000,70.19049
dcs:who/WHS6_102,dcid:country/KAZ,2016,55.35786
dcs:who/WHS6_102,dcid:country/KAZ,2013,61.96971
dcs:who/WHS6_102,dcid:country/KAZ,2008,74.60863
dcs:who/WHS6_102,dcid:country/KAZ,2005,75.09015
dcs:who/WHS6_102,dcid:country/KAZ,2012,66.05209
dcs:who/WHS6_102,dcid:country/KAZ,2003,74.45297
dcs:who/WHS6_102,dcid:country/KAZ,2014,59.8097
dcs:who/WHS6_102,dcid:country/KAZ,2002,67.95961
dcs:who/WHS6_102,dcid:country/KAZ,2017,54.3085
dcs:who/WHS6_102,dcid:country/KAZ,2001,67.76982
dcs:who/WHS6_102,dcid:country/KAZ,2019,51.34087
dcs:who/WHS6_102,dcid:country/KAZ,2020,67.15969
dcs:who/WHS6_102,dcid:country/KAZ,2007,74.69136
dcs:who/WHS6_102,dcid:country/KAZ,2009,73.91981
dcs:who/WHS6_102,dcid:country/KAZ,2015,57.46217
dcs:who/WHS6_102,dcid:country/KAZ,2004,75.1434
dcs:who/WHS6_102,dcid:country/KAZ,2018,53.06423
dcs:who/WHS6_102,dcid:country/KAZ,2011,69.76316
dcs:who/WHS6_102,dcid:country/KEN,2004,14.0
dcs:who/WHS6_102,dcid:country/KEN,2010,14.0
dcs:who/WHS6_102,dcid:country/KEN,2019,13.3
dcs:who/WHS6_102,dcid:country/KGZ,2002,54.60306
dcs:who/WHS6_102,dcid:country/KGZ,2008,52.77046
dcs:who/WHS6_102,dcid:country/KGZ,2011,49.77005
dcs:who/WHS6_102,dcid:country/KGZ,2003,52.36816
dcs:who/WHS6_102,dcid:country/KGZ,2012,49.23694
dcs:who/WHS6_102,dcid:country/KGZ,2018,42.79589
dcs:who/WHS6_102,dcid:country/KGZ,2001,60.85183
dcs:who/WHS6_102,dcid:country/KGZ,2004,50.69067
dcs:who/WHS6_102,dcid:country/KGZ,2021,42.26422
dcs:who/WHS6_102,dcid:country/KGZ,2017,44.00238
dcs:who/WHS6_102,dcid:country/KGZ,2006,50.0516
dcs:who/WHS6_102,dcid:country/KGZ,2013,48.217
dcs:who/WHS6_102,dcid:country/KGZ,2009,51.33093
dcs:who/WHS6_102,dcid:country/KGZ,2007,53.0354
dcs:who/WHS6_102,dcid:country/KGZ,2020,41.91833
dcs:who/WHS6_102,dcid:country/KGZ,2015,45.45577
dcs:who/WHS6_102,dcid:country/KGZ,2016,45.19716
dcs:who/WHS6_102,dcid:country/KGZ,2000,69.72792
dcs:who/WHS6_102,dcid:country/KGZ,2019,42.00111
dcs:who/WHS6_102,dcid:country/KGZ,2014,47.40114
dcs:who/WHS6_102,dcid:country/KGZ,2010,50.59472
dcs:who/WHS6_102,dcid:country/KGZ,2005,50.39559
dcs:who/WHS6_102,dcid:country/KHM,2013,8.34218
dcs:who/WHS6_102,dcid:country/KHM,2008,6.4444
dcs:who/WHS6_102,dcid:country/KHM,2005,5.99777
dcs:who/WHS6_102,dcid:country/KHM,2015,8.4605
dcs:who/WHS6_102,dcid:country/KHM,2018,7.41518
dcs:who/WHS6_102,dcid:country/KHM,2010,8.06696
dcs:who/WHS6_102,dcid:country/KHM,2002,6.16712
dcs:who/WHS6_102,dcid:country/KIR,2016,18.6
dcs:who/WHS6_102,dcid:country/KIR,2010,13.33395
dcs:who/WHS6_102,dcid:country/KNA,2017,50.01517
dcs:who/WHS6_102,dcid:country/KNA,2011,50.22961
dcs:who/WHS6_102,dcid:country/KNA,2019,43.17617
dcs:who/WHS6_102,dcid:country/KNA,2012,50.07648
dcs:who/WHS6_102,dcid:country/KNA,2013,50.03507
dcs:who/WHS6_102,dcid:country/KNA,2016,50.01308
dcs:who/WHS6_102,dcid:country/KNA,2014,50.01099
dcs:who/WHS6_102,dcid:country/KNA,2015,50.01046
dcs:who/WHS6_102,dcid:country/KNA,2020,43.2387
dcs:who/WHS6_102,dcid:country/KNA,2021,43.2714
dcs:who/WHS6_102,dcid:country/KNA,2018,50.04083
dcs:who/WHS6_102,dcid:country/KOR,2013,109.89271
dcs:who/WHS6_102,dcid:country/KOR,2020,126.51016
dcs:who/WHS6_102,dcid:country/KOR,2019,124.20703
dcs:who/WHS6_102,dcid:country/KOR,2014,116.30059
dcs:who/WHS6_102,dcid:country/KOR,2008,78.3233
dcs:who/WHS6_102,dcid:country/KOR,2018,124.2083
dcs:who/WHS6_102,dcid:country/KOR,2004,54.56103
dcs:who/WHS6_102,dcid:country/KOR,2012,103.69607
dcs:who/WHS6_102,dcid:country/KOR,2021,127.51943
dcs:who/WHS6_102,dcid:country/KOR,2010,88.6804
dcs:who/WHS6_102,dcid:country/KOR,2011,96.75517
dcs:who/WHS6_102,dcid:country/KOR,2006,65.36655
dcs:who/WHS6_102,dcid:country/KOR,2007,73.10983
dcs:who/WHS6_102,dcid:country/KOR,2005,59.32064
dcs:who/WHS6_102,dcid:country/KOR,2015,116.14255
dcs:who/WHS6_102,dcid:country/KOR,2002,48.67915
dcs:who/WHS6_102,dcid:country/KOR,2003,51.23019
dcs:who/WHS6_102,dcid:country/KOR,2001,44.82544
dcs:who/WHS6_102,dcid:country/KOR,2009,83.13407
dcs:who/WHS6_102,dcid:country/KOR,2000,46.73703
dcs:who/WHS6_102,dcid:country/KOR,2016,119.65858
dcs:who/WHS6_102,dcid:country/KOR,2017,122.51445
dcs:who/WHS6_102,dcid:country/KWT,2010,24.98848
dcs:who/WHS6_102,dcid:country/KWT,2016,20.54552
dcs:who/WHS6_102,dcid:country/KWT,2017,20.67442
dcs:who/WHS6_102,dcid:country/KWT,2014,21.87908
dcs:who/WHS6_102,dcid:country/KWT,2009,25.18646
dcs:who/WHS6_102,dcid:country/KWT,2006,24.54928
dcs:who/WHS6_102,dcid:country/KWT,2000,23.64461
dcs:who/WHS6_102,dcid:country/KWT,2018,20.13117
dcs:who/WHS6_102,dcid:country/KWT,2007,24.34608
dcs:who/WHS6_102,dcid:country/KWT,2020,23.4976
dcs:who/WHS6_102,dcid:country/KWT,2005,24.6667
dcs:who/WHS6_102,dcid:country/KWT,2003,22.42202
dcs:who/WHS6_102,dcid:country/KWT,2015,21.33678
dcs:who/WHS6_102,dcid:country/KWT,2011,25.28767
dcs:who/WHS6_102,dcid:country/KWT,2004,22.04339
dcs:who/WHS6_102,dcid:country/KWT,2001,23.57816
dcs:who/WHS6_102,dcid:country/KWT,2019,19.96803
dcs:who/WHS6_102,dcid:country/KWT,2002,22.96123
dcs:who/WHS6_102,dcid:country/KWT,2008,24.49706
dcs:who/WHS6_102,dcid:country/KWT,2013,22.0073
dcs:who/WHS6_102,dcid:country/KWT,2012,23.46036
dcs:who/WHS6_102,dcid:country/LAO,2012,15.28699
dcs:who/WHS6_102,dcid:country/LAO,2006,11.15933
dcs:who/WHS6_102,dcid:country/LAO,2009,10.31312
dcs:who/WHS6_102,dcid:country/LAO,2013,11.04118
dcs:who/WHS6_102,dcid:country/LAO,2002,11.26451
dcs:who/WHS6_102,dcid:country/LAO,2020,12.74831
dcs:who/WHS6_102,dcid:country/LAO,2010,10.6066
dcs:who/WHS6_102,dcid:country/LAO,2021,13.14468
dcs:who/WHS6_102,dcid:country/LAO,2014,10.86162
dcs:who/WHS6_102,dcid:country/LAO,2005,11.50869
dcs:who/WHS6_102,dcid:country/LAO,2017,15.81899
dcs:who/WHS6_102,dcid:country/LAO,2001,11.47887
dcs:who/WHS6_102,dcid:country/LAO,2016,12.10211
dcs:who/WHS6_102,dcid:country/LAO,2007,11.51233
dcs:who/WHS6_102,dcid:country/LAO,2019,16.88701
dcs:who/WHS6_102,dcid:country/LAO,2011,13.19758
dcs:who/WHS6_102,dcid:country/LAO,2008,11.59576
dcs:who/WHS6_102,dcid:country/LAO,2003,10.99478
dcs:who/WHS6_102,dcid:country/LAO,2000,11.63906
dcs:who/WHS6_102,dcid:country/LAO,2018,14.67838
dcs:who/WHS6_102,dcid:country/LAO,2015,11.56257
dcs:who/WHS6_102,dcid:country/LAO,2004,11.49759
dcs:who/WHS6_102,dcid:country/LBN,2010,34.5
dcs:who/WHS6_102,dcid:country/LBN,2013,28.6
dcs:who/WHS6_102,dcid:country/LBN,2009,34.5
dcs:who/WHS6_102,dcid:country/LBN,2005,36.0
dcs:who/WHS6_102,dcid:country/LBN,2015,33.7
dcs:who/WHS6_102,dcid:country/LBN,2017,27.3
dcs:who/WHS6_102,dcid:country/LBN,2001,30.0
dcs:who/WHS6_102,dcid:country/LBN,2003,30.0
dcs:who/WHS6_102,dcid:country/LBN,2011,34.5
dcs:who/WHS6_102,dcid:country/LBN,2021,27.3
dcs:who/WHS6_102,dcid:country/LBN,2004,30.0
dcs:who/WHS6_102,dcid:country/LBN,2008,34.3
dcs:who/WHS6_102,dcid:country/LBN,2020,27.3
dcs:who/WHS6_102,dcid:country/LBN,2016,27.3
dcs:who/WHS6_102,dcid:country/LBN,2002,30.0
dcs:who/WHS6_102,dcid:country/LBN,2019,27.3
dcs:who/WHS6_102,dcid:country/LBN,2012,34.5
dcs:who/WHS6_102,dcid:country/LBN,2007,34.3
dcs:who/WHS6_102,dcid:country/LBN,2014,28.5
dcs:who/WHS6_102,dcid:country/LBN,2000,30.7
dcs:who/WHS6_102,dcid:country/LBN,2006,36.0
dcs:who/WHS6_102,dcid:country/LBN,2018,27.3
dcs:who/WHS6_102,dcid:country/LBR,2018,16.4
dcs:who/WHS6_102,dcid:country/LBR,2016,6.3
dcs:who/WHS6_102,dcid:country/LBR,2021,15.9
dcs:who/WHS6_102,dcid:country/LBR,2010,8.0
dcs:who/WHS6_102,dcid:country/LBR,2009,7.0
dcs:who/WHS6_102,dcid:country/LBY,2017,32.0
dcs:who/WHS6_102,dcid:country/LBY,2004,39.0
dcs:who/WHS6_102,dcid:country/LBY,2008,37.0
dcs:who/WHS6_102,dcid:country/LBY,2013,37.0
dcs:who/WHS6_102,dcid:country/LBY,2011,37.0
dcs:who/WHS6_102,dcid:country/LBY,2009,37.0
dcs:who/WHS6_102,dcid:country/LBY,2015,37.0
dcs:who/WHS6_102,dcid:country/LBY,2016,37.0
dcs:who/WHS6_102,dcid:country/LBY,2007,37.0
dcs:who/WHS6_102,dcid:country/LBY,2019,32.0
dcs:who/WHS6_102,dcid:country/LBY,2000,41.2
dcs:who/WHS6_102,dcid:country/LBY,2003,39.0
dcs:who/WHS6_102,dcid:country/LBY,2010,37.0
dcs:who/WHS6_102,dcid:country/LBY,2020,32.0
dcs:who/WHS6_102,dcid:country/LBY,2006,37.0
dcs:who/WHS6_102,dcid:country/LBY,2001,38.5
dcs:who/WHS6_102,dcid:country/LBY,2018,32.0
dcs:who/WHS6_102,dcid:country/LBY,2005,34.0
dcs:who/WHS6_102,dcid:country/LBY,2012,37.0
dcs:who/WHS6_102,dcid:country/LBY,2002,39.0
dcs:who/WHS6_102,dcid:country/LBY,2014,37.0
dcs:who/WHS6_102,dcid:country/LBY,2021,32.0
dcs:who/WHS6_102,dcid:country/LCA,2021,19.64915
dcs:who/WHS6_102,dcid:country/LCA,2011,14.69687
dcs:who/WHS6_102,dcid:country/LCA,2017,13.09525
dcs:who/WHS6_102,dcid:country/LCA,2020,17.40717
dcs:who/WHS6_102,dcid:country/LCA,2013,12.07046
dcs:who/WHS6_102,dcid:country/LCA,2015,14.23504
dcs:who/WHS6_102,dcid:country/LKA,2016,38.07613
dcs:who/WHS6_102,dcid:country/LKA,2019,39.99554
dcs:who/WHS6_102,dcid:country/LKA,2006,33.73005
dcs:who/WHS6_102,dcid:country/LKA,2005,31.30752
dcs:who/WHS6_102,dcid:country/LKA,2012,36.20234
dcs:who/WHS6_102,dcid:country/LKA,2020,40.19327
dcs:who/WHS6_102,dcid:country/LKA,2002,30.03761
dcs:who/WHS6_102,dcid:country/LKA,2014,37.71518
dcs:who/WHS6_102,dcid:country/LKA,2004,29.4524
dcs:who/WHS6_102,dcid:country/LKA,2018,39.26099
dcs:who/WHS6_102,dcid:country/LKA,2003,31.90873
dcs:who/WHS6_102,dcid:country/LKA,2007,34.21245
dcs:who/WHS6_102,dcid:country/LKA,2000,30.37168
dcs:who/WHS6_102,dcid:country/LKA,2013,37.02626
dcs:who/WHS6_102,dcid:country/LKA,2015,37.76639
dcs:who/WHS6_102,dcid:country/LKA,2017,38.72029
dcs:who/WHS6_102,dcid:country/LKA,2008,33.49265
dcs:who/WHS6_102,dcid:country/LKA,2010,35.08034
dcs:who/WHS6_102,dcid:country/LKA,2001,31.32195
dcs:who/WHS6_102,dcid:country/LKA,2009,34.58664
dcs:who/WHS6_102,dcid:country/LKA,2011,35.44579
dcs:who/WHS6_102,dcid:country/LSO,2006,13.0
dcs:who/WHS6_102,dcid:country/LTU,2009,71.43264
dcs:who/WHS6_102,dcid:country/LTU,2002,79.33332
dcs:who/WHS6_102,dcid:country/LTU,2017,63.86063
dcs:who/WHS6_102,dcid:country/LTU,2001,81.24114
dcs:who/WHS6_102,dcid:country/LTU,2010,70.69089
dcs:who/WHS6_102,dcid:country/LTU,2012,72.62006
dcs:who/WHS6_102,dcid:country/LTU,2004,74.65397
dcs:who/WHS6_102,dcid:country/LTU,2016,65.42309
dcs:who/WHS6_102,dcid:country/LTU,2018,62.67107
dcs:who/WHS6_102,dcid:country/LTU,2013,71.42221
dcs:who/WHS6_102,dcid:country/LTU,2020,59.57593
dcs:who/WHS6_102,dcid:country/LTU,2011,72.62087
dcs:who/WHS6_102,dcid:country/LTU,2014,71.12025
dcs:who/WHS6_102,dcid:country/LTU,2008,71.20134
dcs:who/WHS6_102,dcid:country/LTU,2019,62.24108
dcs:who/WHS6_102,dcid:country/LTU,2005,71.73488
dcs:who/WHS6_102,dcid:country/LTU,2007,70.99644
dcs:who/WHS6_102,dcid:country/LTU,2015,68.27803
dcs:who/WHS6_102,dcid:country/LTU,2006,70.49197
dcs:who/WHS6_102,dcid:country/LTU,2003,77.30695
dcs:who/WHS6_102,dcid:country/LTU,2000,85.87534
dcs:who/WHS6_102,dcid:country/LUX,2010,53.66128
dcs:who/WHS6_102,dcid:country/LUX,2008,55.68568
dcs:who/WHS6_102,dcid:country/LUX,2017,46.6222
dcs:who/WHS6_102,dcid:country/LUX,2012,51.56577
dcs:who/WHS6_102,dcid:country/LUX,2018,45.07224
dcs:who/WHS6_102,dcid:country/LUX,2014,50.55124
dcs:who/WHS6_102,dcid:country/LUX,2020,41.94166
dcs:who/WHS6_102,dcid:country/LUX,2015,49.61297
dcs:who/WHS6_102,dcid:country/LUX,2005,57.88846
dcs:who/WHS6_102,dcid:country/LUX,2016,48.06712
dcs:who/WHS6_102,dcid:country/LUX,2013,51.7433
dcs:who/WHS6_102,dcid:country/LUX,2009,54.65304
dcs:who/WHS6_102,dcid:country/LUX,2011,52.79754
dcs:who/WHS6_102,dcid:country/LUX,2007,56.70303
dcs:who/WHS6_102,dcid:country/LUX,2004,63.98151
dcs:who/WHS6_102,dcid:country/LUX,2021,41.48151
dcs:who/WHS6_102,dcid:country/LUX,2019,42.64702
dcs:who/WHS6_102,dcid:country/LUX,2006,56.54065
dcs:who/WHS6_102,dcid:country/LVA,2020,52.95058
dcs:who/WHS6_102,dcid:country/LVA,2014,56.08544
dcs:who/WHS6_102,dcid:country/LVA,2018,54.69536
dcs:who/WHS6_102,dcid:country/LVA,2001,82.01337
dcs:who/WHS6_102,dcid:country/LVA,2011,58.31079
dcs:who/WHS6_102,dcid:country/LVA,2012,58.2966
dcs:who/WHS6_102,dcid:country/LVA,2019,54.15445
dcs:who/WHS6_102,dcid:country/LVA,2008,78.62214
dcs:who/WHS6_102,dcid:country/LVA,2005,79.2421
dcs:who/WHS6_102,dcid:country/LVA,2017,55.30824
dcs:who/WHS6_102,dcid:country/LVA,2006,78.98225
dcs:who/WHS6_102,dcid:country/LVA,2002,78.1293
dcs:who/WHS6_102,dcid:country/LVA,2004,79.13166
dcs:who/WHS6_102,dcid:country/LVA,2003,79.32122
dcs:who/WHS6_102,dcid:country/LVA,2000,86.82443
dcs:who/WHS6_102,dcid:country/LVA,2013,57.46039
dcs:who/WHS6_102,dcid:country/LVA,2016,56.79319
dcs:who/WHS6_102,dcid:country/LVA,2009,67.88431
dcs:who/WHS6_102,dcid:country/LVA,2015,56.53242
dcs:who/WHS6_102,dcid:country/LVA,2007,79.19384
dcs:who/WHS6_102,dcid:country/LVA,2010,56.72057
dcs:who/WHS6_102,dcid:country/MAR,2004,8.70239
dcs:who/WHS6_102,dcid:country/MAR,2003,8.85228
dcs:who/WHS6_102,dcid:country/MAR,2000,8.79234
dcs:who/WHS6_102,dcid:country/MAR,2006,8.6336
dcs:who/WHS6_102,dcid:country/MAR,2012,8.3194
dcs:who/WHS6_102,dcid:country/MAR,2013,8.20831
dcs:who/WHS6_102,dcid:country/MAR,2010,8.4171
dcs:who/WHS6_102,dcid:country/MAR,2008,8.64454
dcs:who/WHS6_102,dcid:country/MAR,2002,8.83938
dcs:who/WHS6_102,dcid:country/MAR,2009,8.5345
dcs:who/WHS6_102,dcid:country/MAR,2005,8.62779
dcs:who/WHS6_102,dcid:country/MAR,2001,8.83889
dcs:who/WHS6_102,dcid:country/MAR,2019,6.99226
dcs:who/WHS6_102,dcid:country/MAR,2020,7.33903
dcs:who/WHS6_102,dcid:country/MAR,2011,8.30484
dcs:who/WHS6_102,dcid:country/MCO,2009,151.84482
dcs:who/WHS6_102,dcid:country/MCO,2007,146.43497
dcs:who/WHS6_102,dcid:country/MCO,2008,147.825
dcs:who/WHS6_102,dcid:country/MCO,2014,220.16062
dcs:who/WHS6_102,dcid:country/MCO,2006,147.76171
dcs:who/WHS6_102,dcid:country/MCO,2011,183.23759
dcs:who/WHS6_102,dcid:country/MCO,2010,158.8378
dcs:who/WHS6_102,dcid:country/MCO,2012,178.3836
dcs:who/WHS6_102,dcid:country/MCO,2013,223.0032
dcs:who/WHS6_102,dcid:country/MDA,2000,60.64579
dcs:who/WHS6_102,dcid:country/MDA,2020,55.65268
dcs:who/WHS6_102,dcid:country/MDA,2014,60.30249
dcs:who/WHS6_102,dcid:country/MDA,2002,58.93228
dcs:who/WHS6_102,dcid:country/MDA,2016,58.30785
dcs:who/WHS6_102,dcid:country/MDA,2001,59.62146
dcs:who/WHS6_102,dcid:country/MDA,2005,57.38267
dcs:who/WHS6_102,dcid:country/MDA,2013,60.7634
dcs:who/WHS6_102,dcid:country/MDA,2017,57.84614
dcs:who/WHS6_102,dcid:country/MDA,2007,56.46863
dcs:who/WHS6_102,dcid:country/MDA,2004,57.1115
dcs:who/WHS6_102,dcid:country/MDA,2008,57.17625
dcs:who/WHS6_102,dcid:country/MDA,2010,59.86919
dcs:who/WHS6_102,dcid:country/MDA,2018,57.73056
dcs:who/WHS6_102,dcid:country/MDA,2009,58.50925
dcs:who/WHS6_102,dcid:country/MDA,2021,56.60285
dcs:who/WHS6_102,dcid:country/MDA,2003,58.85957
dcs:who/WHS6_102,dcid:country/MDA,2012,63.19018
dcs:who/WHS6_102,dcid:country/MDA,2011,61.28018
dcs:who/WHS6_102,dcid:country/MDA,2019,58.02236
dcs:who/WHS6_102,dcid:country/MDA,2015,57.37191
dcs:who/WHS6_102,dcid:country/MDA,2006,56.99324
dcs:who/WHS6_102,dcid:country/MDG,2014,3.2429
dcs:who/WHS6_102,dcid:country/MDG,2011,3.22487
dcs:who/WHS6_102,dcid:country/MDG,2001,3.27535
dcs:who/WHS6_102,dcid:country/MDG,2000,4.34313
dcs:who/WHS6_102,dcid:country/MDG,2010,3.36017
dcs:who/WHS6_102,dcid:country/MDG,2008,2.9127
dcs:who/WHS6_102,dcid:country/MDG,2013,3.30506
dcs:who/WHS6_102,dcid:country/MDG,2003,3.99282
dcs:who/WHS6_102,dcid:country/MDG,2005,3.85586
dcs:who/WHS6_102,dcid:country/MDG,2007,3.24518
dcs:who/WHS6_102,dcid:country/MDG,2006,3.2475
dcs:who/WHS6_102,dcid:country/MDV,2020,50.41
dcs:who/WHS6_102,dcid:country/MDV,2016,49.41
dcs:who/WHS6_102,dcid:country/MDV,2008,23.30186
dcs:who/WHS6_102,dcid:country/MDV,2005,25.53596
dcs:who/WHS6_102,dcid:country/MDV,2015,49.54
dcs:who/WHS6_102,dcid:country/MDV,2000,16.63679
dcs:who/WHS6_102,dcid:country/MDV,2001,18.55052
dcs:who/WHS6_102,dcid:country/MDV,2009,39.0503
dcs:who/WHS6_102,dcid:country/MDV,2002,19.09105
dcs:who/WHS6_102,dcid:country/MDV,2017,49.41
dcs:who/WHS6_102,dcid:country/MDV,2018,49.54
dcs:who/WHS6_102,dcid:country/MDV,2019,63.57
dcs:who/WHS6_102,dcid:country/MDV,2007,42.04524
dcs:who/WHS6_102,dcid:country/MDV,2006,43.41596
dcs:who/WHS6_102,dcid:country/MDV,2004,25.12126
dcs:who/WHS6_102,dcid:country/MDV,2003,21.63341
dcs:who/WHS6_102,dcid:country/MEX,2021,10.19793
dcs:who/WHS6_102,dcid:country/MEX,2008,10.40393
dcs:who/WHS6_102,dcid:country/MEX,2006,10.2632
dcs:who/WHS6_102,dcid:country/MEX,2015,10.0487
dcs:who/WHS6_102,dcid:country/MEX,2002,10.99754
dcs:who/WHS6_102,dcid:country/MEX,2003,10.6203
dcs:who/WHS6_102,dcid:country/MEX,2019,9.65229
dcs:who/WHS6_102,dcid:country/MEX,2009,10.31802
dcs:who/WHS6_102,dcid:country/MEX,2020,10.03577
dcs:who/WHS6_102,dcid:country/MEX,2018,9.83624
dcs:who/WHS6_102,dcid:country/MEX,2017,9.90954
dcs:who/WHS6_102,dcid:country/MEX,2016,10.02261
dcs:who/WHS6_102,dcid:country/MEX,2012,10.30582
dcs:who/WHS6_102,dcid:country/MEX,2004,10.7127
dcs:who/WHS6_102,dcid:country/MEX,2014,10.22897
dcs:who/WHS6_102,dcid:country/MEX,2005,10.50915
dcs:who/WHS6_102,dcid:country/MEX,2001,10.92145
dcs:who/WHS6_102,dcid:country/MEX,2007,10.6167
dcs:who/WHS6_102,dcid:country/MEX,2013,10.29229
dcs:who/WHS6_102,dcid:country/MEX,2010,10.6197
dcs:who/WHS6_102,dcid:country/MEX,2000,10.63741
dcs:who/WHS6_102,dcid:country/MEX,2011,10.43193
dcs:who/WHS6_102,dcid:country/MHL,2010,27.33289
dcs:who/WHS6_102,dcid:country/MKD,2001,48.91925
dcs:who/WHS6_102,dcid:country/MKD,2017,42.04115
dcs:who/WHS6_102,dcid:country/MKD,2006,45.36116
dcs:who/WHS6_102,dcid:country/MKD,2003,47.04167
dcs:who/WHS6_102,dcid:country/MKD,2020,42.20132
dcs:who/WHS6_102,dcid:country/MKD,2018,41.41962
dcs:who/WHS6_102,dcid:country/MKD,2014,43.16743
dcs:who/WHS6_102,dcid:country/MKD,2004,46.72248
dcs:who/WHS6_102,dcid:country/MKD,2007,44.76148
dcs:who/WHS6_102,dcid:country/MKD,2011,44.24683
dcs:who/WHS6_102,dcid:country/MKD,2009,43.94227
dcs:who/WHS6_102,dcid:country/MKD,2015,43.09376
dcs:who/WHS6_102,dcid:country/MKD,2002,47.31838
dcs:who/WHS6_102,dcid:country/MKD,2008,44.60684
dcs:who/WHS6_102,dcid:country/MKD,2010,45.05623
dcs:who/WHS6_102,dcid:country/MKD,2013,43.65395
dcs:who/WHS6_102,dcid:country/MKD,2016,42.92966
dcs:who/WHS6_102,dcid:country/MKD,2005,46.03441
dcs:who/WHS6_102,dcid:country/MKD,2012,43.22979
dcs:who/WHS6_102,dcid:country/MKD,2000,50.28618
dcs:who/WHS6_102,dcid:country/MKD,2019,41.87447
dcs:who/WHS6_102,dcid:country/MLI,2009,2.02094
dcs:who/WHS6_102,dcid:country/MLI,2011,2.45453
dcs:who/WHS6_102,dcid:country/MLI,2013,2.28475
dcs:who/WHS6_102,dcid:country/MLI,2017,2.25981
dcs:who/WHS6_102,dcid:country/MLI,2015,2.59815
dcs:who/WHS6_102,dcid:country/MLI,2010,2.53523
dcs:who/WHS6_102,dcid:country/MLI,2016,2.33368
dcs:who/WHS6_102,dcid:country/MLI,2014,2.53136
dcs:who/WHS6_102,dcid:country/MLI,2012,2.27434
dcs:who/WHS6_102,dcid:country/MLI,2018,2.53332
dcs:who/WHS6_102,dcid:country/MLT,2015,44.70206
dcs:who/WHS6_102,dcid:country/MLT,2008,73.17342
dcs:who/WHS6_102,dcid:country/MLT,2017,43.77504
dcs:who/WHS6_102,dcid:country/MLT,2000,52.92934
dcs:who/WHS6_102,dcid:country/MLT,2006,74.61135
dcs:who/WHS6_102,dcid:country/MLT,2012,45.98669
dcs:who/WHS6_102,dcid:country/MLT,2018,42.47477
dcs:who/WHS6_102,dcid:country/MLT,2007,77.4605
dcs:who/WHS6_102,dcid:country/MLT,2011,43.06244
dcs:who/WHS6_102,dcid:country/MLT,2003,72.76632
dcs:who/WHS6_102,dcid:country/MLT,2019,41.06152
dcs:who/WHS6_102,dcid:country/MLT,2013,46.48877
dcs:who/WHS6_102,dcid:country/MLT,2001,73.95223
dcs:who/WHS6_102,dcid:country/MLT,2014,44.66436
dcs:who/WHS6_102,dcid:country/MLT,2004,73.19009
dcs:who/WHS6_102,dcid:country/MLT,2005,73.30427
dcs:who/WHS6_102,dcid:country/MLT,2009,47.96631
dcs:who/WHS6_102,dcid:country/MLT,2020,43.83361
dcs:who/WHS6_102,dcid:country/MLT,2016,45.47738
dcs:who/WHS6_102,dcid:country/MLT,2002,73.215
dcs:who/WHS6_102,dcid:country/MLT,2010,44.7517
dcs:who/WHS6_102,dcid:country/MMR,2017,10.5228
dcs:who/WHS6_102,dcid:country/MMR,2014,9.29151
dcs:who/WHS6_102,dcid:country/MMR,2019,10.44377
dcs:who/WHS6_102,dcid:country/MMR,2003,6.93244
dcs:who/WHS6_102,dcid:country/MMR,2009,7.73628
dcs:who/WHS6_102,dcid:country/MMR,2016,10.5688
dcs:who/WHS6_102,dcid:country/MMR,2015,10.62525
dcs:who/WHS6_102,dcid:country/MMR,2012,8.78566
dcs:who/WHS6_102,dcid:country/MMR,2020,10.61299
dcs:who/WHS6_102,dcid:country/MMR,2008,7.6032
dcs:who/WHS6_102,dcid:country/MMR,2006,7.15621
dcs:who/WHS6_102,dcid:country/MMR,2010,8.63194
dcs:who/WHS6_102,dcid:country/MMR,2011,8.69935
dcs:who/WHS6_102,dcid:country/MMR,2018,10.49367
dcs:who/WHS6_102,dcid:country/MMR,2005,7.2049
dcs:who/WHS6_102,dcid:country/MMR,2004,7.07691
dcs:who/WHS6_102,dcid:country/MMR,2013,9.0384
dcs:who/WHS6_102,dcid:country/MMR,2007,7.38002
dcs:who/WHS6_102,dcid:country/MNE,2018,38.56176
dcs:who/WHS6_102,dcid:country/MNE,2016,38.62531
dcs:who/WHS6_102,dcid:country/MNE,2008,38.35516
dcs:who/WHS6_102,dcid:country/MNE,2000,41.30584
dcs:who/WHS6_102,dcid:country/MNE,2011,39.03208
dcs:who/WHS6_102,dcid:country/MNE,2002,41.07552
dcs:who/WHS6_102,dcid:country/MNE,2005,41.20874
dcs:who/WHS6_102,dcid:country/MNE,2013,38.11053
dcs:who/WHS6_102,dcid:country/MNE,2001,41.6071
dcs:who/WHS6_102,dcid:country/MNE,2003,41.43265
dcs:who/WHS6_102,dcid:country/MNE,2009,38.6101
dcs:who/WHS6_102,dcid:country/MNE,2012,38.95424
dcs:who/WHS6_102,dcid:country/MNE,2019,38.05544
dcs:who/WHS6_102,dcid:country/MNE,2014,38.56253
dcs:who/WHS6_102,dcid:country/MNE,2015,38.58248
dcs:who/WHS6_102,dcid:country/MNE,2006,40.88247
dcs:who/WHS6_102,dcid:country/MNE,2004,41.45156
dcs:who/WHS6_102,dcid:country/MNE,2010,39.0781
dcs:who/WHS6_102,dcid:country/MNE,2007,39.41939
dcs:who/WHS6_102,dcid:country/MNE,2020,38.10523
dcs:who/WHS6_102,dcid:country/MNE,2017,37.99582
dcs:who/WHS6_102,dcid:country/MNG,2018,78.64751
dcs:who/WHS6_102,dcid:country/MNG,2003,72.24453
dcs:who/WHS6_102,dcid:country/MNG,2021,105.4728
dcs:who/WHS6_102,dcid:country/MNG,2004,72.38522
dcs:who/WHS6_102,dcid:country/MNG,2005,71.44657
dcs:who/WHS6_102,dcid:country/MNG,2002,74.62467
dcs:who/WHS6_102,dcid:country/MNG,2009,66.49761
dcs:who/WHS6_102,dcid:country/MNG,2015,73.26085
dcs:who/WHS6_102,dcid:country/MNG,2014,70.88274
dcs:who/WHS6_102,dcid:country/MNG,2016,75.78672
dcs:who/WHS6_102,dcid:country/MNG,2011,69.12694
dcs:who/WHS6_102,dcid:country/MNG,2012,70.12734
dcs:who/WHS6_102,dcid:country/MNG,2020,82.21083
dcs:who/WHS6_102,dcid:country/MNG,2007,69.08851
dcs:who/WHS6_102,dcid:country/MNG,2001,73.16182
dcs:who/WHS6_102,dcid:country/MNG,2010,65.94216
dcs:who/WHS6_102,dcid:country/MNG,2019,79.38611
dcs:who/WHS6_102,dcid:country/MNG,2008,68.63619
dcs:who/WHS6_102,dcid:country/MNG,2017,77.18596
dcs:who/WHS6_102,dcid:country/MNG,2013,69.80291
dcs:who/WHS6_102,dcid:country/MNG,2000,73.33395
dcs:who/WHS6_102,dcid:country/MNG,2006,71.06656
dcs:who/WHS6_102,dcid:country/MOZ,2020,6.98628
dcs:who/WHS6_102,dcid:country/MOZ,2007,7.48337
dcs:who/WHS6_102,dcid:country/MOZ,2016,7.76633
dcs:who/WHS6_102,dcid:country/MOZ,2009,8.36934
dcs:who/WHS6_102,dcid:country/MOZ,2013,8.04777
dcs:who/WHS6_102,dcid:country/MOZ,2010,8.46981
dcs:who/WHS6_102,dcid:country/MOZ,2006,8.5354
dcs:who/WHS6_102,dcid:country/MOZ,2014,8.03343
dcs:who/WHS6_102,dcid:country/MOZ,2021,7.3498
dcs:who/WHS6_102,dcid:country/MOZ,2011,8.42451
dcs:who/WHS6_102,dcid:country/MOZ,2017,7.61583
dcs:who/WHS6_102,dcid:country/MOZ,2012,8.52268
dcs:who/WHS6_102,dcid:country/MOZ,2019,7.14894
dcs:who/WHS6_102,dcid:country/MOZ,2015,7.75838
dcs:who/WHS6_102,dcid:country/MOZ,2018,7.60233
dcs:who/WHS6_102,dcid:country/MOZ,2008,7.93799
dcs:who/WHS6_102,dcid:country/MRT,2006,4.0
dcs:who/WHS6_102,dcid:country/MUS,2012,34.61508
dcs:who/WHS6_102,dcid:country/MUS,2004,34.10163
dcs:who/WHS6_102,dcid:country/MUS,2000,37.58438
dcs:who/WHS6_102,dcid:country/MUS,2011,33.43089
dcs:who/WHS6_102,dcid:country/MUS,2021,37.07711
dcs:who/WHS6_102,dcid:country/MUS,2010,34.01308
dcs:who/WHS6_102,dcid:country/MUS,2015,34.7136
dcs:who/WHS6_102,dcid:country/MUS,2014,34.33909
dcs:who/WHS6_102,dcid:country/MUS,2001,36.58779
dcs:who/WHS6_102,dcid:country/MUS,2008,33.37035
dcs:who/WHS6_102,dcid:country/MUS,2005,33.74275
dcs:who/WHS6_102,dcid:country/MUS,2007,33.49641
dcs:who/WHS6_102,dcid:country/MUS,2016,35.07196
dcs:who/WHS6_102,dcid:country/MUS,2003,34.06475
dcs:who/WHS6_102,dcid:country/MUS,2020,36.36847
dcs:who/WHS6_102,dcid:country/MUS,2009,34.82392
dcs:who/WHS6_102,dcid:country/MUS,2019,36.32706
dcs:who/WHS6_102,dcid:country/MUS,2002,35.35737
dcs:who/WHS6_102,dcid:country/MUS,2017,35.08039
dcs:who/WHS6_102,dcid:country/MUS,2006,33.99045
dcs:who/WHS6_102,dcid:country/MUS,2018,35.41814
dcs:who/WHS6_102,dcid:country/MUS,2013,34.49314
dcs:who/WHS6_102,dcid:country/MWI,2011,13.0
dcs:who/WHS6_102,dcid:country/MWI,2007,11.0
dcs:who/WHS6_102,dcid:country/MYS,2013,19.09984
dcs:who/WHS6_102,dcid:country/MYS,2019,19.36013
dcs:who/WHS6_102,dcid:country/MYS,2018,19.32883
dcs:who/WHS6_102,dcid:country/MYS,2008,19.19875
dcs:who/WHS6_102,dcid:country/MYS,2020,19.73133
dcs:who/WHS6_102,dcid:country/MYS,2014,18.5964
dcs:who/WHS6_102,dcid:country/MYS,2009,19.10111
dcs:who/WHS6_102,dcid:country/MYS,2006,18.96006
dcs:who/WHS6_102,dcid:country/MYS,2007,19.01737
dcs:who/WHS6_102,dcid:country/MYS,2021,20.093
dcs:who/WHS6_102,dcid:country/MYS,2017,19.09037
dcs:who/WHS6_102,dcid:country/MYS,2016,18.9254
dcs:who/WHS6_102,dcid:country/MYS,2002,19.58584
dcs:who/WHS6_102,dcid:country/MYS,2000,20.5124
dcs:who/WHS6_102,dcid:country/MYS,2005,18.69768
dcs:who/WHS6_102,dcid:country/MYS,2003,19.16214
dcs:who/WHS6_102,dcid:country/MYS,2001,20.12657
dcs:who/WHS6_102,dcid:country/MYS,2015,18.70041
dcs:who/WHS6_102,dcid:country/MYS,2012,19.03897
dcs:who/WHS6_102,dcid:country/MYS,2004,18.87717
dcs:who/WHS6_102,dcid:country/MYS,2011,18.97915
dcs:who/WHS6_102,dcid:country/MYS,2010,19.07045
dcs:who/WHS6_102,dcid:country/NAM,2009,27.0
dcs:who/WHS6_102,dcid:country/NER,2015,2.60481
dcs:who/WHS6_102,dcid:country/NER,2017,1.81158
dcs:who/WHS6_102,dcid:country/NER,2018,2.37941
dcs:who/WHS6_102,dcid:country/NER,2020,2.68928
dcs:who/WHS6_102,dcid:country/NER,2016,2.98828
dcs:who/WHS6_102,dcid:country/NER,2013,3.163
dcs:who/WHS6_102,dcid:country/NER,2014,2.85308
dcs:who/WHS6_102,dcid:country/NER,2012,4.40003
dcs:who/WHS6_102,dcid:country/NER,2019,2.87032
dcs:who/WHS6_102,dcid:country/NGA,2004,5.0
dcs:who/WHS6_102,dcid:country/NIC,2018,9.24039
dcs:who/WHS6_102,dcid:country/NIC,2013,9.27872
dcs:who/WHS6_102,dcid:country/NIC,2007,8.77939
dcs:who/WHS6_102,dcid:country/NIC,2019,9.56944
dcs:who/WHS6_102,dcid:country/NIC,2006,7.8773
dcs:who/WHS6_102,dcid:country/NIC,2014,9.42874
dcs:who/WHS6_102,dcid:country/NIC,2020,9.44952
dcs:who/WHS6_102,dcid:country/NIC,2011,9.00455
dcs:who/WHS6_102,dcid:country/NIC,2021,8.96426
dcs:who/WHS6_102,dcid:country/NIC,2012,8.90126
dcs:who/WHS6_102,dcid:country/NIC,2008,8.73984
dcs:who/WHS6_102,dcid:country/NIC,2009,8.79625
dcs:who/WHS6_102,dcid:country/NIC,2017,8.92056
dcs:who/WHS6_102,dcid:country/NIC,2010,8.77601
dcs:who/WHS6_102,dcid:country/NIC,2005,8.1453
dcs:who/WHS6_102,dcid:country/NIC,2015,8.9893
dcs:who/WHS6_102,dcid:country/NIC,2016,8.90873
dcs:who/WHS6_102,dcid:country/NLD,2003,45.20021
dcs:who/WHS6_102,dcid:country/NLD,2012,37.71753
dcs:who/WHS6_102,dcid:country/NLD,2018,31.74295
dcs:who/WHS6_102,dcid:country/NLD,2020,29.12434
dcs:who/WHS6_102,dcid:country/NLD,2016,33.92215
dcs:who/WHS6_102,dcid:country/NLD,2006,44.01655
dcs:who/WHS6_102,dcid:country/NLD,2000,49.29388
dcs:who/WHS6_102,dcid:country/NLD,2008,42.45731
dcs:who/WHS6_102,dcid:country/NLD,2004,45.19254
dcs:who/WHS6_102,dcid:country/NLD,2017,32.62356
dcs:who/WHS6_102,dcid:country/NLD,2001,47.67159
dcs:who/WHS6_102,dcid:country/NLD,2013,36.78764
dcs:who/WHS6_102,dcid:country/NLD,2010,41.19246
dcs:who/WHS6_102,dcid:country/NLD,2014,35.26879
dcs:who/WHS6_102,dcid:country/NLD,2009,42.09611
dcs:who/WHS6_102,dcid:country/NLD,2005,44.54664
dcs:who/WHS6_102,dcid:country/NLD,2011,39.72584
dcs:who/WHS6_102,dcid:country/NLD,2019,30.17751
dcs:who/WHS6_102,dcid:country/NLD,2002,47.14505
dcs:who/WHS6_102,dcid:country/NLD,2007,42.89061
dcs:who/WHS6_102,dcid:country/NLD,2015,34.69082
dcs:who/WHS6_102,dcid:country/NOR,2019,34.69341
dcs:who/WHS6_102,dcid:country/NOR,2018,35.27084
dcs:who/WHS6_102,dcid:country/NOR,2002,49.93348
dcs:who/WHS6_102,dcid:country/NOR,2015,37.60628
dcs:who/WHS6_102,dcid:country/NOR,2020,33.98057
dcs:who/WHS6_102,dcid:country/NOR,2008,46.34641
dcs:who/WHS6_102,dcid:country/NOR,2001,38.16335
dcs:who/WHS6_102,dcid:country/NOR,2004,52.44893
dcs:who/WHS6_102,dcid:country/NOR,2003,49.88645
dcs:who/WHS6_102,dcid:country/NOR,2009,45.22489
dcs:who/WHS6_102,dcid:country/NOR,2013,38.5776
dcs:who/WHS6_102,dcid:country/NOR,2000,37.96757
dcs:who/WHS6_102,dcid:country/NOR,2006,50.2608
dcs:who/WHS6_102,dcid:country/NOR,2010,43.03704
dcs:who/WHS6_102,dcid:country/NOR,2012,39.72261
dcs:who/WHS6_102,dcid:country/NOR,2014,38.4416
dcs:who/WHS6_102,dcid:country/NOR,2005,51.60598
dcs:who/WHS6_102,dcid:country/NOR,2007,48.63707
dcs:who/WHS6_102,dcid:country/NOR,2017,35.99505
dcs:who/WHS6_102,dcid:country/NOR,2016,36.81213
dcs:who/WHS6_102,dcid:country/NOR,2011,41.94558
dcs:who/WHS6_102,dcid:country/NPL,2010,2.55655
dcs:who/WHS6_102,dcid:country/NPL,2012,2.57403
dcs:who/WHS6_102,dcid:country/NPL,2004,2.01892
dcs:who/WHS6_102,dcid:country/NPL,2005,2.58549
dcs:who/WHS6_102,dcid:country/NPL,2014,2.74305
dcs:who/WHS6_102,dcid:country/NPL,2009,2.56929
dcs:who/WHS6_102,dcid:country/NPL,2017,2.14239
dcs:who/WHS6_102,dcid:country/NPL,2002,2.07246
dcs:who/WHS6_102,dcid:country/NPL,2007,2.59942
dcs:who/WHS6_102,dcid:country/NPL,2003,2.04416
dcs:who/WHS6_102,dcid:country/NPL,2021,3.87548
dcs:who/WHS6_102,dcid:country/NPL,2016,1.68622
dcs:who/WHS6_102,dcid:country/NPL,2018,2.4924
dcs:who/WHS6_102,dcid:country/NPL,2006,2.56307
dcs:who/WHS6_102,dcid:country/NPL,2013,2.66055
dcs:who/WHS6_102,dcid:country/NPL,2001,2.1037
dcs:who/WHS6_102,dcid:country/NPL,2019,2.89951
dcs:who/WHS6_102,dcid:country/NPL,2008,2.58318
dcs:who/WHS6_102,dcid:country/NPL,2015,2.53528
dcs:who/WHS6_102,dcid:country/NPL,2020,2.84715
dcs:who/WHS6_102,dcid:country/NPL,2011,2.58523
dcs:who/WHS6_102,dcid:country/NRU,2010,48.82574
dcs:who/WHS6_102,dcid:country/NZL,2011,28.18362
dcs:who/WHS6_102,dcid:country/NZL,2020,25.06158
dcs:who/WHS6_102,dcid:country/NZL,2014,27.49549
dcs:who/WHS6_102,dcid:country/NZL,2015,27.17298
dcs:who/WHS6_102,dcid:country/NZL,2012,28.27255
dcs:who/WHS6_102,dcid:country/NZL,2009,24.05827
dcs:who/WHS6_102,dcid:country/NZL,2018,26.2518
dcs:who/WHS6_102,dcid:country/NZL,2013,27.77576
dcs:who/WHS6_102,dcid:country/NZL,2016,27.46525
dcs:who/WHS6_102,dcid:country/NZL,2010,27.48981
dcs:who/WHS6_102,dcid:country/NZL,2021,26.58036
dcs:who/WHS6_102,dcid:country/NZL,2019,25.54328
dcs:who/WHS6_102,dcid:country/NZL,2017,27.41111
dcs:who/WHS6_102,dcid:country/OMN,2008,17.37062
dcs:who/WHS6_102,dcid:country/OMN,2019,10.96949
dcs:who/WHS6_102,dcid:country/OMN,2018,10.92551
dcs:who/WHS6_102,dcid:country/OMN,2005,18.05826
dcs:who/WHS6_102,dcid:country/OMN,2009,17.24907
dcs:who/WHS6_102,dcid:country/OMN,2014,12.19924
dcs:who/WHS6_102,dcid:country/OMN,2007,17.43869
dcs:who/WHS6_102,dcid:country/OMN,2012,13.17748
dcs:who/WHS6_102,dcid:country/OMN,2004,18.15822
dcs:who/WHS6_102,dcid:country/OMN,2006,17.76502
dcs:who/WHS6_102,dcid:country/OMN,2001,18.91223
dcs:who/WHS6_102,dcid:country/OMN,2002,18.53425
dcs:who/WHS6_102,dcid:country/OMN,2020,11.58164
dcs:who/WHS6_102,dcid:country/OMN,2013,12.6314
dcs:who/WHS6_102,dcid:country/OMN,2016,11.44593
dcs:who/WHS6_102,dcid:country/OMN,2015,11.92335
dcs:who/WHS6_102,dcid:country/OMN,2017,11.09459
dcs:who/WHS6_102,dcid:country/OMN,2000,19.34091
dcs:who/WHS6_102,dcid:country/OMN,2011,14.62485
dcs:who/WHS6_102,dcid:country/OMN,2010,16.28084
dcs:who/WHS6_102,dcid:country/OMN,2003,18.51045
dcs:who/WHS6_102,dcid:country/PAK,2008,4.49826
dcs:who/WHS6_102,dcid:country/PAK,2000,4.96308
dcs:who/WHS6_102,dcid:country/PAK,2007,4.62824
dcs:who/WHS6_102,dcid:country/PAK,2001,5.04623
dcs:who/WHS6_102,dcid:country/PAK,2014,4.78829
dcs:who/WHS6_102,dcid:country/PAK,2011,4.42617
dcs:who/WHS6_102,dcid:country/PAK,2017,5.1741
dcs:who/WHS6_102,dcid:country/PAK,2010,4.35192
dcs:who/WHS6_102,dcid:country/PAK,2005,4.73092
dcs:who/WHS6_102,dcid:country/PAK,2016,5.00597
dcs:who/WHS6_102,dcid:country/PAK,2003,4.83794
dcs:who/WHS6_102,dcid:country/PAK,2002,4.94019
dcs:who/WHS6_102,dcid:country/PAK,2013,4.84699
dcs:who/WHS6_102,dcid:country/PAK,2019,5.14306
dcs:who/WHS6_102,dcid:country/PAK,2015,4.77439
dcs:who/WHS6_102,dcid:country/PAK,2006,4.66339
dcs:who/WHS6_102,dcid:country/PAK,2012,4.60486
dcs:who/WHS6_102,dcid:country/PAK,2009,4.4317
dcs:who/WHS6_102,dcid:country/PAK,2004,4.79775
dcs:who/WHS6_102,dcid:country/PAK,2018,5.14947
dcs:who/WHS6_102,dcid:country/PAN,2005,19.904
dcs:who/WHS6_102,dcid:country/PAN,2019,19.38556
dcs:who/WHS6_102,dcid:country/PAN,2013,21.32901
dcs:who/WHS6_102,dcid:country/PAN,2018,19.58584
dcs:who/WHS6_102,dcid:country/PAN,2009,22.71487
dcs:who/WHS6_102,dcid:country/PAN,2017,21.4816
dcs:who/WHS6_102,dcid:country/PAN,2010,21.37091
dcs:who/WHS6_102,dcid:country/PAN,2008,22.0612
dcs:who/WHS6_102,dcid:country/PAN,2004,21.01248
dcs:who/WHS6_102,dcid:country/PAN,2003,21.70286
dcs:who/WHS6_102,dcid:country/PAN,2016,20.58199
dcs:who/WHS6_102,dcid:country/PAN,2011,20.73374
dcs:who/WHS6_102,dcid:country/PAN,2012,21.26842
dcs:who/WHS6_102,dcid:country/PAN,2014,20.51537
dcs:who/WHS6_102,dcid:country/PAN,2015,20.89915
dcs:who/WHS6_102,dcid:country/PAN,2002,21.95136
dcs:who/WHS6_102,dcid:country/PAN,2000,23.15997
dcs:who/WHS6_102,dcid:country/PAN,2020,19.23902
dcs:who/WHS6_102,dcid:country/PAN,2001,22.40427
dcs:who/WHS6_102,dcid:country/PAN,2006,20.60813
dcs:who/WHS6_102,dcid:country/PAN,2007,20.9027
dcs:who/WHS6_102,dcid:country/PER,2014,15.90666
dcs:who/WHS6_102,dcid:country/PER,2017,16.19655
dcs:who/WHS6_102,dcid:country/PER,2012,15.43484
dcs:who/WHS6_102,dcid:country/PER,2018,15.93842
dcs:who/WHS6_102,dcid:country/PER,2011,15.42928
dcs:who/WHS6_102,dcid:country/PER,2016,16.24333
dcs:who/WHS6_102,dcid:country/PER,2013,15.37977
dcs:who/WHS6_102,dcid:country/PER,2020,16.42708
dcs:who/WHS6_102,dcid:country/PER,2019,15.77493
dcs:who/WHS6_102,dcid:country/PER,2021,16.04011
dcs:who/WHS6_102,dcid:country/PER,2015,15.8219
dcs:who/WHS6_102,dcid:country/PHL,2008,15.39785
dcs:who/WHS6_102,dcid:country/PHL,2015,9.47925
dcs:who/WHS6_102,dcid:country/PHL,2011,10.5788
dcs:who/WHS6_102,dcid:country/PHL,2003,10.19811
dcs:who/WHS6_102,dcid:country/PHL,2013,9.72175
dcs:who/WHS6_102,dcid:country/PHL,2002,10.50814
dcs:who/WHS6_102,dcid:country/PHL,2014,9.44691
dcs:who/WHS6_102,dcid:country/PHL,2010,10.37114
dcs:who/WHS6_102,dcid:country/PHL,2005,10.03347
dcs:who/WHS6_102,dcid:country/PHL,2007,10.3232
dcs:who/WHS6_102,dcid:country/PHL,2019,9.81267
dcs:who/WHS6_102,dcid:country/PHL,2009,10.3275
dcs:who/WHS6_102,dcid:country/PHL,2018,9.5007
dcs:who/WHS6_102,dcid:country/PHL,2004,9.70907
dcs:who/WHS6_102,dcid:country/PHL,2020,9.8532
dcs:who/WHS6_102,dcid:country/PHL,2001,9.97713
dcs:who/WHS6_102,dcid:country/PHL,2006,10.46872
dcs:who/WHS6_102,dcid:country/PHL,2021,9.62827
dcs:who/WHS6_102,dcid:country/PHL,2016,10.52507
dcs:who/WHS6_102,dcid:country/PHL,2017,9.90861
dcs:who/WHS6_102,dcid:country/PHL,2000,10.11234
dcs:who/WHS6_102,dcid:country/PHL,2012,10.33812
dcs:who/WHS6_102,dcid:country/PLW,2010,43.15111
dcs:who/WHS6_102,dcid:country/PNG,2019,1.73435
dcs:who/WHS6_102,dcid:country/POL,2009,65.83144
dcs:who/WHS6_102,dcid:country/POL,2020,61.05308
dcs:who/WHS6_102,dcid:country/POL,2008,65.51301
dcs:who/WHS6_102,dcid:country/POL,2019,60.89765
dcs:who/WHS6_102,dcid:country/POL,2010,65.14851
dcs:who/WHS6_102,dcid:country/POL,2016,65.43529
dcs:who/WHS6_102,dcid:country/POL,2007,63.5683
dcs:who/WHS6_102,dcid:country/POL,2018,64.44175
dcs:who/WHS6_102,dcid:country/POL,2004,65.96557
dcs:who/WHS6_102,dcid:country/POL,2005,64.51176
dcs:who/WHS6_102,dcid:country/POL,2015,65.37184
dcs:who/WHS6_102,dcid:country/POL,2012,65.33237
dcs:who/WHS6_102,dcid:country/POL,2013,65.11273
dcs:who/WHS6_102,dcid:country/POL,2017,65.27865
dcs:who/WHS6_102,dcid:country/POL,2011,65.32249
dcs:who/WHS6_102,dcid:country/POL,2006,64.03867
dcs:who/WHS6_102,dcid:country/POL,2003,66.06885
dcs:who/WHS6_102,dcid:country/POL,2014,65.29077
dcs:who/WHS6_102,dcid:country/PRK,2012,132.0
dcs:who/WHS6_102,dcid:country/PRK,2010,143.0
dcs:who/WHS6_102,dcid:country/PRT,2017,33.91016
dcs:who/WHS6_102,dcid:country/PRT,2005,35.51353
dcs:who/WHS6_102,dcid:country/PRT,2000,37.05115
dcs:who/WHS6_102,dcid:country/PRT,2016,33.90868
dcs:who/WHS6_102,dcid:country/PRT,2008,33.83719
dcs:who/WHS6_102,dcid:country/PRT,2007,34.28122
dcs:who/WHS6_102,dcid:country/PRT,2015,33.65995
dcs:who/WHS6_102,dcid:country/PRT,2006,34.7166
dcs:who/WHS6_102,dcid:country/PRT,2010,33.66514
dcs:who/WHS6_102,dcid:country/PRT,2002,35.62679
dcs:who/WHS6_102,dcid:country/PRT,2013,33.90308
dcs:who/WHS6_102,dcid:country/PRT,2018,34.41163
dcs:who/WHS6_102,dcid:country/PRT,2014,33.16753
dcs:who/WHS6_102,dcid:country/PRT,2019,35.07509
dcs:who/WHS6_102,dcid:country/PRT,2012,34.03793
dcs:who/WHS6_102,dcid:country/PRT,2009,33.6454
dcs:who/WHS6_102,dcid:country/PRT,2001,36.45359
dcs:who/WHS6_102,dcid:country/PRT,2003,35.76604
dcs:who/WHS6_102,dcid:country/PRT,2004,35.831
dcs:who/WHS6_102,dcid:country/PRT,2020,35.27998
dcs:who/WHS6_102,dcid:country/PRT,2011,33.69767
dcs:who/WHS6_102,dcid:country/PRY,2007,7.9658
dcs:who/WHS6_102,dcid:country/PRY,2011,8.30262
dcs:who/WHS6_102,dcid:country/PRY,2000,7.82815
dcs:who/WHS6_102,dcid:country/PRY,2006,8.01131
dcs:who/WHS6_102,dcid:country/PRY,2001,7.74243
dcs:who/WHS6_102,dcid:country/PRY,2003,8.06425
dcs:who/WHS6_102,dcid:country/PRY,2020,10.05636
dcs:who/WHS6_102,dcid:country/PRY,2009,8.16473
dcs:who/WHS6_102,dcid:country/PRY,2016,8.88677
dcs:who/WHS6_102,dcid:country/PRY,2015,8.42998
dcs:who/WHS6_102,dcid:country/PRY,2013,8.65518
dcs:who/WHS6_102,dcid:country/PRY,2005,8.1415
dcs:who/WHS6_102,dcid:country/PRY,2017,8.92469
dcs:who/WHS6_102,dcid:country/PRY,2019,9.03365
dcs:who/WHS6_102,dcid:country/PRY,2012,8.44121
dcs:who/WHS6_102,dcid:country/PRY,2004,7.80603
dcs:who/WHS6_102,dcid:country/PRY,2014,8.91028
dcs:who/WHS6_102,dcid:country/PRY,2008,8.1539
dcs:who/WHS6_102,dcid:country/PRY,2002,8.29469
dcs:who/WHS6_102,dcid:country/PRY,2018,8.97673
dcs:who/WHS6_102,dcid:country/PRY,2010,8.39543
dcs:who/WHS6_102,dcid:country/QAT,2009,12.52581
dcs:who/WHS6_102,dcid:country/QAT,2011,12.21059
dcs:who/WHS6_102,dcid:country/QAT,2008,14.08317
dcs:who/WHS6_102,dcid:country/QAT,2016,10.12267
dcs:who/WHS6_102,dcid:country/QAT,2005,19.5591
dcs:who/WHS6_102,dcid:country/QAT,2018,10.32265
dcs:who/WHS6_102,dcid:country/QAT,2000,20.80698
dcs:who/WHS6_102,dcid:country/QAT,2001,21.19821
dcs:who/WHS6_102,dcid:country/QAT,2003,19.61189
dcs:who/WHS6_102,dcid:country/QAT,2012,13.12931
dcs:who/WHS6_102,dcid:country/QAT,2010,12.21474
dcs:who/WHS6_102,dcid:country/QAT,2014,10.7701
dcs:who/WHS6_102,dcid:country/QAT,2013,11.80054
dcs:who/WHS6_102,dcid:country/QAT,2019,11.16401
dcs:who/WHS6_102,dcid:country/QAT,2017,9.40351
dcs:who/WHS6_102,dcid:country/QAT,2015,10.19642
dcs:who/WHS6_102,dcid:country/QAT,2007,16.51117
dcs:who/WHS6_102,dcid:country/QAT,2006,21.1219
dcs:who/WHS6_102,dcid:country/QAT,2004,19.87291
dcs:who/WHS6_102,dcid:country/QAT,2002,20.42947
dcs:who/WHS6_102,dcid:country/ROU,2020,70.5641
dcs:who/WHS6_102,dcid:country/ROU,2009,69.48148
dcs:who/WHS6_102,dcid:country/ROU,2010,66.25749
dcs:who/WHS6_102,dcid:country/ROU,2006,69.59979
dcs:who/WHS6_102,dcid:country/ROU,2002,77.1694
dcs:who/WHS6_102,dcid:country/ROU,2000,78.76687
dcs:who/WHS6_102,dcid:country/ROU,2007,67.9172
dcs:who/WHS6_102,dcid:country/ROU,2005,69.4705
dcs:who/WHS6_102,dcid:country/ROU,2016,68.06962
dcs:who/WHS6_102,dcid:country/ROU,2003,68.25465
dcs:who/WHS6_102,dcid:country/ROU,2018,69.20615
dcs:who/WHS6_102,dcid:country/ROU,2015,67.60347
dcs:who/WHS6_102,dcid:country/ROU,2014,66.82341
dcs:who/WHS6_102,dcid:country/ROU,2008,68.61364
dcs:who/WHS6_102,dcid:country/ROU,2004,68.62419
dcs:who/WHS6_102,dcid:country/ROU,2012,65.70106
dcs:who/WHS6_102,dcid:country/ROU,2017,68.53089
dcs:who/WHS6_102,dcid:country/ROU,2001,79.54136
dcs:who/WHS6_102,dcid:country/ROU,2013,66.45588
dcs:who/WHS6_102,dcid:country/ROU,2019,70.02332
dcs:who/WHS6_102,dcid:country/ROU,2011,64.77159
dcs:who/WHS6_102,dcid:country/RUS,2002,105.15225
dcs:who/WHS6_102,dcid:country/RUS,2009,89.33357
dcs:who/WHS6_102,dcid:country/RUS,2019,70.6869
dcs:who/WHS6_102,dcid:country/RUS,2004,98.42738
dcs:who/WHS6_102,dcid:country/RUS,2001,106.4783
dcs:who/WHS6_102,dcid:country/RUS,2007,94.35074
dcs:who/WHS6_102,dcid:country/RUS,2012,83.7287
dcs:who/WHS6_102,dcid:country/RUS,2016,74.03957
dcs:who/WHS6_102,dcid:country/RUS,2005,96.9572
dcs:who/WHS6_102,dcid:country/RUS,2015,75.83785
dcs:who/WHS6_102,dcid:country/RUS,2021,70.26117
dcs:who/WHS6_102,dcid:country/RUS,2018,71.73763
dcs:who/WHS6_102,dcid:country/RUS,2003,103.97186
dcs:who/WHS6_102,dcid:country/RUS,2010,87.27292
dcs:who/WHS6_102,dcid:country/RUS,2017,72.4998
dcs:who/WHS6_102,dcid:country/RUS,2020,70.83697
dcs:who/WHS6_102,dcid:country/RUS,2008,91.67445
dcs:who/WHS6_102,dcid:country/RUS,2011,85.47232
dcs:who/WHS6_102,dcid:country/RUS,2014,78.87143
dcs:who/WHS6_102,dcid:country/RUS,2000,107.18116
dcs:who/WHS6_102,dcid:country/RUS,2006,96.01157
dcs:who/WHS6_102,dcid:country/RUS,2013,81.1152
dcs:who/WHS6_102,dcid:country/RWA,2019,7.23099
dcs:who/WHS6_102,dcid:country/RWA,2014,7.05549
dcs:who/WHS6_102,dcid:country/RWA,2010,7.39449
dcs:who/WHS6_102,dcid:country/RWA,2009,7.51812
dcs:who/WHS6_102,dcid:country/RWA,2011,7.19396
dcs:who/WHS6_102,dcid:country/RWA,2013,7.67294
dcs:who/WHS6_102,dcid:country/RWA,2012,7.06805
dcs:who/WHS6_102,dcid:country/RWA,2016,7.25427
dcs:who/WHS6_102,dcid:country/RWA,2017,7.15761
dcs:who/WHS6_102,dcid:country/RWA,2020,7.38988
dcs:who/WHS6_102,dcid:country/RWA,2018,7.24796
dcs:who/WHS6_102,dcid:country/RWA,2015,7.43368
dcs:who/WHS6_102,dcid:country/RWA,2008,5.99162
dcs:who/WHS6_102,dcid:country/SAU,2006,21.06302
dcs:who/WHS6_102,dcid:country/SAU,2013,20.5492
dcs:who/WHS6_102,dcid:country/SAU,2019,21.4886
dcs:who/WHS6_102,dcid:country/SAU,2012,19.80303
dcs:who/WHS6_102,dcid:country/SAU,2016,21.20045
dcs:who/WHS6_102,dcid:country/SAU,2011,19.46738
dcs:who/WHS6_102,dcid:country/SAU,2008,19.64038
dcs:who/WHS6_102,dcid:country/SAU,2009,19.63643
dcs:who/WHS6_102,dcid:country/SAU,2005,21.80211
dcs:who/WHS6_102,dcid:country/SAU,2002,20.8103
dcs:who/WHS6_102,dcid:country/SAU,2004,21.60866
dcs:who/WHS6_102,dcid:country/SAU,2015,21.18911
dcs:who/WHS6_102,dcid:country/SAU,2010,19.76273
dcs:who/WHS6_102,dcid:country/SAU,2020,21.83398
dcs:who/WHS6_102,dcid:country/SAU,2014,21.16601
dcs:who/WHS6_102,dcid:country/SAU,2007,20.2723
dcs:who/WHS6_102,dcid:country/SAU,2003,21.24501
dcs:who/WHS6_102,dcid:country/SAU,2017,21.34377
dcs:who/WHS6_102,dcid:country/SAU,2018,21.48173
dcs:who/WHS6_102,dcid:country/SAU,2021,21.48071
dcs:who/WHS6_102,dcid:country/SDN,2013,8.2
dcs:who/WHS6_102,dcid:country/SDN,2004,7.1
dcs:who/WHS6_102,dcid:country/SDN,2003,7.3
dcs:who/WHS6_102,dcid:country/SDN,2018,6.6
dcs:who/WHS6_102,dcid:country/SDN,2010,7.2
dcs:who/WHS6_102,dcid:country/SDN,2000,8.1
dcs:who/WHS6_102,dcid:country/SDN,2015,6.7
dcs:who/WHS6_102,dcid:country/SDN,2020,6.6
dcs:who/WHS6_102,dcid:country/SDN,2016,6.7
dcs:who/WHS6_102,dcid:country/SDN,2002,7.3
dcs:who/WHS6_102,dcid:country/SDN,2008,7.3
dcs:who/WHS6_102,dcid:country/SDN,2001,7.4
dcs:who/WHS6_102,dcid:country/SDN,2009,7.3
dcs:who/WHS6_102,dcid:country/SDN,2017,7.4
dcs:who/WHS6_102,dcid:country/SDN,2014,8.0
dcs:who/WHS6_102,dcid:country/SDN,2011,8.4
dcs:who/WHS6_102,dcid:country/SDN,2006,7.3
dcs:who/WHS6_102,dcid:country/SDN,2005,7.2
dcs:who/WHS6_102,dcid:country/SDN,2012,8.2
dcs:who/WHS6_102,dcid:country/SDN,2019,6.6
dcs:who/WHS6_102,dcid:country/SDN,2007,7.6
dcs:who/WHS6_102,dcid:country/SEN,2015,6.94823
dcs:who/WHS6_102,dcid:country/SEN,2016,7.30577
dcs:who/WHS6_102,dcid:country/SEN,2019,7.27527
dcs:who/WHS6_102,dcid:country/SGP,2012,21.51457
dcs:who/WHS6_102,dcid:country/SGP,2016,24.38929
dcs:who/WHS6_102,dcid:country/SGP,2006,24.67579
dcs:who/WHS6_102,dcid:country/SGP,2014,22.03931
dcs:who/WHS6_102,dcid:country/SGP,2007,23.6916
dcs:who/WHS6_102,dcid:country/SGP,2018,25.03037
dcs:who/WHS6_102,dcid:country/SGP,2009,22.36412
dcs:who/WHS6_102,dcid:country/SGP,2017,24.2051
dcs:who/WHS6_102,dcid:country/SGP,2015,23.46541
dcs:who/WHS6_102,dcid:country/SGP,2020,26.33561
dcs:who/WHS6_102,dcid:country/SGP,2010,21.49861
dcs:who/WHS6_102,dcid:country/SGP,2013,21.54232
dcs:who/WHS6_102,dcid:country/SGP,2008,22.9952
dcs:who/WHS6_102,dcid:country/SGP,2021,26.4818
dcs:who/WHS6_102,dcid:country/SGP,2019,26.00741
dcs:who/WHS6_102,dcid:country/SGP,2011,21.04389
dcs:who/WHS6_102,dcid:country/SLE,2006,4.0
dcs:who/WHS6_102,dcid:country/SLV,2014,13.67898
dcs:who/WHS6_102,dcid:country/SLV,2016,10.73192
dcs:who/WHS6_102,dcid:country/SLV,2019,10.60154
dcs:who/WHS6_102,dcid:country/SLV,2012,10.80618
dcs:who/WHS6_102,dcid:country/SLV,2017,10.60374
dcs:who/WHS6_102,dcid:country/SLV,2021,11.63257
dcs:who/WHS6_102,dcid:country/SLV,2020,10.83631
dcs:who/WHS6_102,dcid:country/SLV,2018,10.72121
dcs:who/WHS6_102,dcid:country/SLV,2011,10.39211
dcs:who/WHS6_102,dcid:country/SLV,2015,10.30803
dcs:who/WHS6_102,dcid:country/SLV,2013,10.838
dcs:who/WHS6_102,dcid:country/SMR,2014,33.84297
dcs:who/WHS6_102,dcid:country/SMR,2012,34.106
dcs:who/WHS6_102,dcid:country/SMR,2011,34.77405
dcs:who/WHS6_102,dcid:country/SMR,2013,33.94974
dcs:who/WHS6_102,dcid:country/SOM,2001,4.2
dcs:who/WHS6_102,dcid:country/SOM,2003,4.2
dcs:who/WHS6_102,dcid:country/SOM,2013,8.7
dcs:who/WHS6_102,dcid:country/SOM,2015,8.7
dcs:who/WHS6_102,dcid:country/SOM,2014,8.7
dcs:who/WHS6_102,dcid:country/SOM,2017,8.7
dcs:who/WHS6_102,dcid:country/SOM,2002,4.2
dcs:who/WHS6_102,dcid:country/SOM,2000,4.2
dcs:who/WHS6_102,dcid:country/SOM,2016,8.7
dcs:who/WHS6_102,dcid:country/SOM,2018,8.7
dcs:who/WHS6_102,dcid:country/SOM,2004,4.2
dcs:who/WHS6_102,dcid:country/SOM,2019,8.7
dcs:who/WHS6_102,dcid:country/SRB,2009,50.98963
dcs:who/WHS6_102,dcid:country/SRB,2017,52.74968
dcs:who/WHS6_102,dcid:country/SRB,2018,52.99968
dcs:who/WHS6_102,dcid:country/SRB,2020,53.46151
dcs:who/WHS6_102,dcid:country/SRB,2008,50.79768
dcs:who/WHS6_102,dcid:country/SRB,2006,52.70956
dcs:who/WHS6_102,dcid:country/SRB,2014,52.22058
dcs:who/WHS6_102,dcid:country/SRB,2016,52.65779
dcs:who/WHS6_102,dcid:country/SRB,2010,51.34608
dcs:who/WHS6_102,dcid:country/SRB,2007,50.86764
dcs:who/WHS6_102,dcid:country/SRB,2012,51.59952
dcs:who/WHS6_102,dcid:country/SRB,2019,53.39238
dcs:who/WHS6_102,dcid:country/SRB,2011,51.53709
dcs:who/WHS6_102,dcid:country/SRB,2013,52.06514
dcs:who/WHS6_102,dcid:country/SRB,2015,52.65512
dcs:who/WHS6_102,dcid:country/STP,2019,28.93769
dcs:who/WHS6_102,dcid:country/SUR,2012,30.19115
dcs:who/WHS6_102,dcid:country/SUR,2018,28.78488
dcs:who/WHS6_102,dcid:country/SUR,2010,29.90404
dcs:who/WHS6_102,dcid:country/SUR,2019,27.18638
dcs:who/WHS6_102,dcid:country/SUR,2017,28.64391
dcs:who/WHS6_102,dcid:country/SUR,2013,29.87869
dcs:who/WHS6_102,dcid:country/SUR,2014,29.5779
dcs:who/WHS6_102,dcid:country/SUR,2020,28.92606
dcs:who/WHS6_102,dcid:country/SUR,2016,28.34279
dcs:who/WHS6_102,dcid:country/SUR,2011,30.53537
dcs:who/WHS6_102,dcid:country/SUR,2015,29.28016
dcs:who/WHS6_102,dcid:country/SVK,2008,65.87588
dcs:who/WHS6_102,dcid:country/SVK,2010,64.5798
dcs:who/WHS6_102,dcid:country/SVK,2015,57.46579
dcs:who/WHS6_102,dcid:country/SVK,2019,57.61356
dcs:who/WHS6_102,dcid:country/SVK,2005,67.83735
dcs:who/WHS6_102,dcid:country/SVK,2012,59.08916
dcs:who/WHS6_102,dcid:country/SVK,2011,60.45704
dcs:who/WHS6_102,dcid:country/SVK,2009,65.4082
dcs:who/WHS6_102,dcid:country/SVK,2003,72.45121
dcs:who/WHS6_102,dcid:country/SVK,2006,67.29294
dcs:who/WHS6_102,dcid:country/SVK,2020,56.84042
dcs:who/WHS6_102,dcid:country/SVK,2000,78.73432
dcs:who/WHS6_102,dcid:country/SVK,2001,76.72155
dcs:who/WHS6_102,dcid:country/SVK,2018,56.96246
dcs:who/WHS6_102,dcid:country/SVK,2017,58.20293
dcs:who/WHS6_102,dcid:country/SVK,2014,57.84224
dcs:who/WHS6_102,dcid:country/SVK,2013,58.01942
dcs:who/WHS6_102,dcid:country/SVK,2016,57.83617
dcs:who/WHS6_102,dcid:country/SVK,2004,69.0781
dcs:who/WHS6_102,dcid:country/SVK,2002,75.74407
dcs:who/WHS6_102,dcid:country/SVK,2007,67.76945
dcs:who/WHS6_102,dcid:country/SVN,2003,49.73833
dcs:who/WHS6_102,dcid:country/SVN,2008,47.12805
dcs:who/WHS6_102,dcid:country/SVN,2002,51.15016
dcs:who/WHS6_102,dcid:country/SVN,2011,45.96086
dcs:who/WHS6_102,dcid:country/SVN,2018,43.60556
dcs:who/WHS6_102,dcid:country/SVN,2016,44.3345
dcs:who/WHS6_102,dcid:country/SVN,2006,47.51264
dcs:who/WHS6_102,dcid:country/SVN,2012,45.17835
dcs:who/WHS6_102,dcid:country/SVN,2009,45.89901
dcs:who/WHS6_102,dcid:country/SVN,2010,45.53083
dcs:who/WHS6_102,dcid:country/SVN,2014,45.09096
dcs:who/WHS6_102,dcid:country/SVN,2017,44.29106
dcs:who/WHS6_102,dcid:country/SVN,2013,45.24761
dcs:who/WHS6_102,dcid:country/SVN,2020,42.47179
dcs:who/WHS6_102,dcid:country/SVN,2019,43.80706
dcs:who/WHS6_102,dcid:country/SVN,2000,54.14901
dcs:who/WHS6_102,dcid:country/SVN,2015,44.7651
dcs:who/WHS6_102,dcid:country/SVN,2004,47.99868
dcs:who/WHS6_102,dcid:country/SVN,2007,46.52958
dcs:who/WHS6_102,dcid:country/SVN,2005,48.2148
dcs:who/WHS6_102,dcid:country/SVN,2001,51.88433
dcs:who/WHS6_102,dcid:country/SWE,2004,30.08353
dcs:who/WHS6_102,dcid:country/SWE,2002,31.28497
dcs:who/WHS6_102,dcid:country/SWE,2020,20.46201
dcs:who/WHS6_102,dcid:country/SWE,2013,25.79975
dcs:who/WHS6_102,dcid:country/SWE,2009,27.62268
dcs:who/WHS6_102,dcid:country/SWE,2014,25.24543
dcs:who/WHS6_102,dcid:country/SWE,2007,28.58492
dcs:who/WHS6_102,dcid:country/SWE,2011,26.95253
dcs:who/WHS6_102,dcid:country/SWE,2016,23.31785
dcs:who/WHS6_102,dcid:country/SWE,2015,24.26963
dcs:who/WHS6_102,dcid:country/SWE,2019,20.72474
dcs:who/WHS6_102,dcid:country/SWE,2012,26.46509
dcs:who/WHS6_102,dcid:country/SWE,2017,22.11829
dcs:who/WHS6_102,dcid:country/SWE,2018,21.36033
dcs:who/WHS6_102,dcid:country/SWE,2001,32.73331
dcs:who/WHS6_102,dcid:country/SWE,2008,28.02172
dcs:who/WHS6_102,dcid:country/SWE,2005,29.25184
dcs:who/WHS6_102,dcid:country/SWE,2003,30.49934
dcs:who/WHS6_102,dcid:country/SWE,2006,28.79825
dcs:who/WHS6_102,dcid:country/SWE,2010,27.25084
dcs:who/WHS6_102,dcid:country/SWE,2000,35.80751
dcs:who/WHS6_102,dcid:country/SWZ,2013,20.39668
dcs:who/WHS6_102,dcid:country/SYC,2017,29.66295
dcs:who/WHS6_102,dcid:country/SYC,2018,32.39542
dcs:who/WHS6_102,dcid:country/SYC,2019,32.47982
dcs:who/WHS6_102,dcid:country/SYC,2015,30.43128
dcs:who/WHS6_102,dcid:country/SYC,2020,31.93405
dcs:who/WHS6_102,dcid:country/SYC,2008,38.03936
dcs:who/WHS6_102,dcid:country/SYC,2004,49.10612
dcs:who/WHS6_102,dcid:country/SYC,2016,30.04721
dcs:who/WHS6_102,dcid:country/SYC,2012,32.21102
dcs:who/WHS6_102,dcid:country/SYC,2007,45.40077
dcs:who/WHS6_102,dcid:country/SYC,2011,33.57243
dcs:who/WHS6_102,dcid:country/SYC,2006,47.87985
dcs:who/WHS6_102,dcid:country/SYC,2003,50.12441
dcs:who/WHS6_102,dcid:country/SYC,2005,47.62293
dcs:who/WHS6_102,dcid:country/SYC,2014,30.81601
dcs:who/WHS6_102,dcid:country/SYC,2010,35.711
dcs:who/WHS6_102,dcid:country/SYC,2013,31.22609
dcs:who/WHS6_102,dcid:country/SYC,2009,36.14193
dcs:who/WHS6_102,dcid:country/SYR,2006,14.7
dcs:who/WHS6_102,dcid:country/SYR,2018,12.6
dcs:who/WHS6_102,dcid:country/SYR,2008,15.4
dcs:who/WHS6_102,dcid:country/SYR,2014,15.0
dcs:who/WHS6_102,dcid:country/SYR,2000,14.0
dcs:who/WHS6_102,dcid:country/SYR,2010,15.4
dcs:who/WHS6_102,dcid:country/SYR,2012,15.3
dcs:who/WHS6_102,dcid:country/SYR,2013,15.2
dcs:who/WHS6_102,dcid:country/SYR,2019,12.6
dcs:who/WHS6_102,dcid:country/SYR,2007,14.7
dcs:who/WHS6_102,dcid:country/SYR,2002,13.8
dcs:who/WHS6_102,dcid:country/SYR,2004,14.9
dcs:who/WHS6_102,dcid:country/SYR,2020,13.9
dcs:who/WHS6_102,dcid:country/SYR,2017,14.0
dcs:who/WHS6_102,dcid:country/SYR,2015,14.7
dcs:who/WHS6_102,dcid:country/SYR,2001,14.0
dcs:who/WHS6_102,dcid:country/SYR,2009,15.1
dcs:who/WHS6_102,dcid:country/SYR,2021,14.3
dcs:who/WHS6_102,dcid:country/SYR,2011,15.5
dcs:who/WHS6_102,dcid:country/SYR,2005,12.8
dcs:who/WHS6_102,dcid:country/SYR,2016,14.6
dcs:who/WHS6_102,dcid:country/SYR,2003,14.9
dcs:who/WHS6_102,dcid:country/TCD,2015,4.85351
dcs:who/WHS6_102,dcid:country/TCD,2017,4.54929
dcs:who/WHS6_102,dcid:country/TGO,2016,6.6855
dcs:who/WHS6_102,dcid:country/TGO,2010,5.87049
dcs:who/WHS6_102,dcid:country/TGO,2013,6.37891
dcs:who/WHS6_102,dcid:country/TGO,2008,6.32866
dcs:who/WHS6_102,dcid:country/TGO,2015,6.51659
dcs:who/WHS6_102,dcid:country/TGO,2009,6.4467
dcs:who/WHS6_102,dcid:country/TGO,2019,5.75148
dcs:who/WHS6_102,dcid:country/TGO,2014,6.2826
dcs:who/WHS6_102,dcid:country/TGO,2018,6.45484
dcs:who/WHS6_102,dcid:country/TGO,2007,6.51174
dcs:who/WHS6_102,dcid:country/TGO,2004,7.96914
dcs:who/WHS6_102,dcid:country/TGO,2002,9.4499
dcs:who/WHS6_102,dcid:country/TGO,2012,6.41004
dcs:who/WHS6_102,dcid:country/TGO,2005,7.14161
dcs:who/WHS6_102,dcid:country/TGO,2011,5.71668
dcs:who/WHS6_102,dcid:country/TGO,2003,8.26047
dcs:who/WHS6_102,dcid:country/TGO,2006,8.63601
dcs:who/WHS6_102,dcid:country/TGO,2017,6.53271
dcs:who/WHS6_102,dcid:country/THA,2010,19.64319
dcs:who/WHS6_102,dcid:country/THA,2006,20.32026
dcs:who/WHS6_102,dcid:country/THA,2015,21.35633
dcs:who/WHS6_102,dcid:country/THA,2021,23.40229
dcs:who/WHS6_102,dcid:country/THA,2017,21.27543
dcs:who/WHS6_102,dcid:country/THA,2000,21.59638
dcs:who/WHS6_102,dcid:country/THA,2002,20.93547
dcs:who/WHS6_102,dcid:country/THA,2001,21.6335
dcs:who/WHS6_102,dcid:country/THA,2012,21.25511
dcs:who/WHS6_102,dcid:country/THA,2019,22.16112
dcs:who/WHS6_102,dcid:country/THA,2018,21.03833
dcs:who/WHS6_102,dcid:country/THA,2011,20.96871
dcs:who/WHS6_102,dcid:country/THA,2003,20.78239
dcs:who/WHS6_102,dcid:country/THA,2016,20.0405
dcs:who/WHS6_102,dcid:country/THA,2020,23.26862
dcs:who/WHS6_102,dcid:country/THA,2005,20.19405
dcs:who/WHS6_102,dcid:country/THA,2004,20.40157
dcs:who/WHS6_102,dcid:country/THA,2013,21.74922
dcs:who/WHS6_102,dcid:country/THA,2007,20.8225
dcs:who/WHS6_102,dcid:country/THA,2014,21.49056
dcs:who/WHS6_102,dcid:country/THA,2009,17.33692
dcs:who/WHS6_102,dcid:country/THA,2008,18.69438
dcs:who/WHS6_102,dcid:country/TJK,2008,52.81771
dcs:who/WHS6_102,dcid:country/TJK,2017,44.88251
dcs:who/WHS6_102,dcid:country/TJK,2001,63.01794
dcs:who/WHS6_102,dcid:country/TJK,2002,61.76936
dcs:who/WHS6_102,dcid:country/TJK,2019,43.48076
dcs:who/WHS6_102,dcid:country/TJK,2010,50.07623
dcs:who/WHS6_102,dcid:country/TJK,2020,43.56816
dcs:who/WHS6_102,dcid:country/TJK,2012,47.89489
dcs:who/WHS6_102,dcid:country/TJK,2016,45.63272
dcs:who/WHS6_102,dcid:country/TJK,2011,49.00564
dcs:who/WHS6_102,dcid:country/TJK,2004,59.62915
dcs:who/WHS6_102,dcid:country/TJK,2018,44.26864
dcs:who/WHS6_102,dcid:country/TJK,2007,54.03157
dcs:who/WHS6_102,dcid:country/TJK,2009,51.74333
dcs:who/WHS6_102,dcid:country/TJK,2005,58.52382
dcs:who/WHS6_102,dcid:country/TJK,2015,45.79037
dcs:who/WHS6_102,dcid:country/TJK,2014,46.49577
dcs:who/WHS6_102,dcid:country/TJK,2021,43.171
dcs:who/WHS6_102,dcid:country/TJK,2006,57.15122
dcs:who/WHS6_102,dcid:country/TJK,2003,60.30731
dcs:who/WHS6_102,dcid:country/TJK,2013,47.41778
dcs:who/WHS6_102,dcid:country/TJK,2000,64.50344
dcs:who/WHS6_102,dcid:country/TKM,2010,39.22954
dcs:who/WHS6_102,dcid:country/TKM,2008,39.80524
dcs:who/WHS6_102,dcid:country/TKM,2017,42.10521
dcs:who/WHS6_102,dcid:country/TKM,2009,39.66835
dcs:who/WHS6_102,dcid:country/TKM,2000,52.28783
dcs:who/WHS6_102,dcid:country/TKM,2005,43.5325
dcs:who/WHS6_102,dcid:country/TKM,2014,37.75106
dcs:who/WHS6_102,dcid:country/TKM,2016,42.07164
dcs:who/WHS6_102,dcid:country/TKM,2002,52.6839
dcs:who/WHS6_102,dcid:country/TKM,2001,53.53937
dcs:who/WHS6_102,dcid:country/TKM,2004,50.65779
dcs:who/WHS6_102,dcid:country/TKM,2015,42.4526
dcs:who/WHS6_102,dcid:country/TKM,2013,37.07851
dcs:who/WHS6_102,dcid:country/TKM,2019,41.25409
dcs:who/WHS6_102,dcid:country/TKM,2020,40.93473
dcs:who/WHS6_102,dcid:country/TKM,2021,40.25794
dcs:who/WHS6_102,dcid:country/TKM,2003,51.93542
dcs:who/WHS6_102,dcid:country/TKM,2012,37.60981
dcs:who/WHS6_102,dcid:country/TKM,2006,42.91053
dcs:who/WHS6_102,dcid:country/TKM,2018,41.87094
dcs:who/WHS6_102,dcid:country/TKM,2011,38.69936
dcs:who/WHS6_102,dcid:country/TKM,2007,40.22572
dcs:who/WHS6_102,dcid:country/TLS,2009,59.0
dcs:who/WHS6_102,dcid:country/TON,2010,24.77103
dcs:who/WHS6_102,dcid:country/TTO,2018,23.83185
dcs:who/WHS6_102,dcid:country/TTO,2017,24.11053
dcs:who/WHS6_102,dcid:country/TTO,2014,27.90452
dcs:who/WHS6_102,dcid:country/TTO,2015,23.81904
dcs:who/WHS6_102,dcid:country/TTO,2013,25.29968
dcs:who/WHS6_102,dcid:country/TTO,2012,25.4828
dcs:who/WHS6_102,dcid:country/TTO,2021,16.10447
dcs:who/WHS6_102,dcid:country/TTO,2020,19.24056
dcs:who/WHS6_102,dcid:country/TTO,2016,24.08582
dcs:who/WHS6_102,dcid:country/TTO,2019,19.02688
dcs:who/WHS6_102,dcid:country/TTO,2010,20.13053
dcs:who/WHS6_102,dcid:country/TUN,2019,17.93961
dcs:who/WHS6_102,dcid:country/TUN,2002,16.52573
dcs:who/WHS6_102,dcid:country/TUN,2005,16.96998
dcs:who/WHS6_102,dcid:country/TUN,2014,17.68054
dcs:who/WHS6_102,dcid:country/TUN,2006,17.14876
dcs:who/WHS6_102,dcid:country/TUN,2010,17.95768
dcs:who/WHS6_102,dcid:country/TUN,2017,17.84371
dcs:who/WHS6_102,dcid:country/TUN,2011,17.79465
dcs:who/WHS6_102,dcid:country/TUN,2021,24.15488
dcs:who/WHS6_102,dcid:country/TUN,2008,17.57522
dcs:who/WHS6_102,dcid:country/TUN,2013,17.83495
dcs:who/WHS6_102,dcid:country/TUN,2009,17.76252
dcs:who/WHS6_102,dcid:country/TUN,2020,23.84037
dcs:who/WHS6_102,dcid:country/TUN,2018,17.91161
dcs:who/WHS6_102,dcid:country/TUN,2015,17.72659
dcs:who/WHS6_102,dcid:country/TUN,2016,17.69518
dcs:who/WHS6_102,dcid:country/TUN,2004,16.98952
dcs:who/WHS6_102,dcid:country/TUN,2003,16.51396
dcs:who/WHS6_102,dcid:country/TUN,2012,17.67435
dcs:who/WHS6_102,dcid:country/TUN,2007,17.01071
dcs:who/WHS6_102,dcid:country/TUN,2000,16.83864
dcs:who/WHS6_102,dcid:country/TUR,2002,24.92413
dcs:who/WHS6_102,dcid:country/TUR,2012,26.57795
dcs:who/WHS6_102,dcid:country/TUR,2016,26.87887
dcs:who/WHS6_102,dcid:country/TUR,2014,26.47939
dcs:who/WHS6_102,dcid:country/TUR,2019,28.44983
dcs:who/WHS6_102,dcid:country/TUR,2011,26.22272
dcs:who/WHS6_102,dcid:country/TUR,2003,24.74527
dcs:who/WHS6_102,dcid:country/TUR,2008,25.6844
dcs:who/WHS6_102,dcid:country/TUR,2020,29.85449
dcs:who/WHS6_102,dcid:country/TUR,2004,24.59347
dcs:who/WHS6_102,dcid:country/TUR,2017,27.51413
dcs:who/WHS6_102,dcid:country/TUR,2009,26.11787
dcs:who/WHS6_102,dcid:country/TUR,2013,26.38303
dcs:who/WHS6_102,dcid:country/TUR,2015,26.32242
dcs:who/WHS6_102,dcid:country/TUR,2007,25.25938
dcs:who/WHS6_102,dcid:country/TUR,2010,27.35679
dcs:who/WHS6_102,dcid:country/TUR,2018,28.00567
dcs:who/WHS6_102,dcid:country/TUR,2005,24.88505
dcs:who/WHS6_102,dcid:country/TUR,2006,25.04866
dcs:who/WHS6_102,dcid:country/TUV,2001,41.57356
dcs:who/WHS6_102,dcid:country/TZA,2019,6.10998
dcs:who/WHS6_102,dcid:country/TZA,2014,6.77995
dcs:who/WHS6_102,dcid:country/TZA,2018,4.30536
dcs:who/WHS6_102,dcid:country/TZA,2016,4.59268
dcs:who/WHS6_102,dcid:country/TZA,2009,6.281
dcs:who/WHS6_102,dcid:country/TZA,2011,7.55795
dcs:who/WHS6_102,dcid:country/TZA,2010,7.37744
dcs:who/WHS6_102,dcid:country/TZA,2020,6.34038
dcs:who/WHS6_102,dcid:country/TZA,2013,10.00413
dcs:who/WHS6_102,dcid:country/UGA,2009,4.0
dcs:who/WHS6_102,dcid:country/UGA,2010,5.0
dcs:who/WHS6_102,dcid:country/UKR,2007,87.27817
dcs:who/WHS6_102,dcid:country/UKR,2008,87.47923
dcs:who/WHS6_102,dcid:country/UKR,2016,70.25985
dcs:who/WHS6_102,dcid:country/UKR,2012,89.08404
dcs:who/WHS6_102,dcid:country/UKR,2019,66.72533
dcs:who/WHS6_102,dcid:country/UKR,2000,88.81775
dcs:who/WHS6_102,dcid:country/UKR,2018,67.94616
dcs:who/WHS6_102,dcid:country/UKR,2014,74.38523
dcs:who/WHS6_102,dcid:country/UKR,2009,94.0568
dcs:who/WHS6_102,dcid:country/UKR,2011,90.50571
dcs:who/WHS6_102,dcid:country/UKR,2002,88.9514
dcs:who/WHS6_102,dcid:country/UKR,2004,87.30192
dcs:who/WHS6_102,dcid:country/UKR,2017,69.19368
dcs:who/WHS6_102,dcid:country/UKR,2010,93.83684
dcs:who/WHS6_102,dcid:country/UKR,2020,62.62858
dcs:who/WHS6_102,dcid:country/UKR,2003,88.15741
dcs:who/WHS6_102,dcid:country/UKR,2013,87.86261
dcs:who/WHS6_102,dcid:country/UKR,2015,74.02868
dcs:who/WHS6_102,dcid:country/UKR,2001,88.66077
dcs:who/WHS6_102,dcid:country/UKR,2006,87.32511
dcs:who/WHS6_102,dcid:country/UKR,2005,86.85596
dcs:who/WHS6_102,dcid:country/URY,2015,24.54731
dcs:who/WHS6_102,dcid:country/URY,2018,24.93404
dcs:who/WHS6_102,dcid:country/URY,2020,24.9425
dcs:who/WHS6_102,dcid:country/URY,2006,9.93895
dcs:who/WHS6_102,dcid:country/URY,2016,24.85232
dcs:who/WHS6_102,dcid:country/URY,2019,24.73743
dcs:who/WHS6_102,dcid:country/URY,2008,9.50804
dcs:who/WHS6_102,dcid:country/URY,2014,24.73419
dcs:who/WHS6_102,dcid:country/URY,2011,25.50543
dcs:who/WHS6_102,dcid:country/URY,2009,11.03118
dcs:who/WHS6_102,dcid:country/URY,2012,25.15179
dcs:who/WHS6_102,dcid:country/URY,2010,25.83925
dcs:who/WHS6_102,dcid:country/URY,2017,24.43749
dcs:who/WHS6_102,dcid:country/URY,2007,9.81178
dcs:who/WHS6_102,dcid:country/URY,2021,24.7617
dcs:who/WHS6_102,dcid:country/URY,2013,25.11845
dcs:who/WHS6_102,dcid:country/URY,2005,10.41094
dcs:who/WHS6_102,dcid:country/USA,2019,27.50538
dcs:who/WHS6_102,dcid:country/USA,2011,29.44893
dcs:who/WHS6_102,dcid:country/USA,2014,28.01574
dcs:who/WHS6_102,dcid:country/USA,2007,31.22113
dcs:who/WHS6_102,dcid:country/USA,2006,31.60641
dcs:who/WHS6_102,dcid:country/USA,2018,27.82281
dcs:who/WHS6_102,dcid:country/USA,2008,31.11092
dcs:who/WHS6_102,dcid:country/USA,2001,34.58991
dcs:who/WHS6_102,dcid:country/USA,2020,27.40149
dcs:who/WHS6_102,dcid:country/USA,2004,32.51886
dcs:who/WHS6_102,dcid:country/USA,2013,28.63444
dcs:who/WHS6_102,dcid:country/USA,2009,30.60746
dcs:who/WHS6_102,dcid:country/USA,2015,27.66295
dcs:who/WHS6_102,dcid:country/USA,2012,29.08022
dcs:who/WHS6_102,dcid:country/USA,2003,33.1578
dcs:who/WHS6_102,dcid:country/USA,2016,27.33943
dcs:who/WHS6_102,dcid:country/USA,2017,28.23614
dcs:who/WHS6_102,dcid:country/USA,2010,30.27143
dcs:who/WHS6_102,dcid:country/USA,2005,31.90232
dcs:who/WHS6_102,dcid:country/USA,2002,33.84641
dcs:who/WHS6_102,dcid:country/USA,2000,34.8312
dcs:who/WHS6_102,dcid:country/UZB,2016,41.96661
dcs:who/WHS6_102,dcid:country/UZB,2006,53.32973
dcs:who/WHS6_102,dcid:country/UZB,2010,48.78692
dcs:who/WHS6_102,dcid:country/UZB,2020,47.75305
dcs:who/WHS6_102,dcid:country/UZB,2007,50.82459
dcs:who/WHS6_102,dcid:country/UZB,2000,55.60558
dcs:who/WHS6_102,dcid:country/UZB,2008,49.59099
dcs:who/WHS6_102,dcid:country/UZB,2011,48.11157
dcs:who/WHS6_102,dcid:country/UZB,2009,49.56006
dcs:who/WHS6_102,dcid:country/UZB,2018,47.33498
dcs:who/WHS6_102,dcid:country/UZB,2017,42.47835
dcs:who/WHS6_102,dcid:country/UZB,2012,46.87651
dcs:who/WHS6_102,dcid:country/UZB,2021,48.56014
dcs:who/WHS6_102,dcid:country/UZB,2005,53.58738
dcs:who/WHS6_102,dcid:country/UZB,2013,44.72149
dcs:who/WHS6_102,dcid:country/UZB,2015,41.90709
dcs:who/WHS6_102,dcid:country/UZB,2014,42.99339
dcs:who/WHS6_102,dcid:country/UZB,2001,55.48857
dcs:who/WHS6_102,dcid:country/UZB,2003,56.62802
dcs:who/WHS6_102,dcid:country/UZB,2004,54.46938
dcs:who/WHS6_102,dcid:country/UZB,2002,57.46895
dcs:who/WHS6_102,dcid:country/UZB,2019,46.51734
dcs:who/WHS6_102,dcid:country/VCT,2020,39.7582
dcs:who/WHS6_102,dcid:country/VCT,2011,25.3904
dcs:who/WHS6_102,dcid:country/VCT,2015,44.51457
dcs:who/WHS6_102,dcid:country/VCT,2019,39.64793
dcs:who/WHS6_102,dcid:country/VCT,2013,24.4765
dcs:who/WHS6_102,dcid:country/VCT,2021,41.98137
dcs:who/WHS6_102,dcid:country/VCT,2016,44.73281
dcs:who/WHS6_102,dcid:country/VCT,2014,24.59967
dcs:who/WHS6_102,dcid:country/VCT,2012,24.33315
dcs:who/WHS6_102,dcid:country/VEN,2016,8.82456
dcs:who/WHS6_102,dcid:country/VEN,2011,9.43698
dcs:who/WHS6_102,dcid:country/VEN,2018,10.93555
dcs:who/WHS6_102,dcid:country/VEN,2019,9.31151
dcs:who/WHS6_102,dcid:country/VEN,2017,9.1158
dcs:who/WHS6_102,dcid:country/VEN,2014,7.94085
dcs:who/WHS6_102,dcid:country/VEN,2015,7.47075
dcs:who/WHS6_102,dcid:country/VEN,2020,9.87524
dcs:who/WHS6_102,dcid:country/VNM,2010,20.20432
dcs:who/WHS6_102,dcid:country/VNM,2017,25.48008
dcs:who/WHS6_102,dcid:country/VNM,2012,22.77402
dcs:who/WHS6_102,dcid:country/VNM,2001,14.0946
dcs:who/WHS6_102,dcid:country/VNM,2000,14.01246
dcs:who/WHS6_102,dcid:country/VNM,2003,14.39691
dcs:who/WHS6_102,dcid:country/VNM,2008,17.73574
dcs:who/WHS6_102,dcid:country/VNM,2007,16.84747
dcs:who/WHS6_102,dcid:country/VNM,2014,24.33537
dcs:who/WHS6_102,dcid:country/VNM,2005,15.27698
dcs:who/WHS6_102,dcid:country/VNM,2004,15.10122
dcs:who/WHS6_102,dcid:country/VNM,2006,15.66137
dcs:who/WHS6_102,dcid:country/VNM,2013,23.07336
dcs:who/WHS6_102,dcid:country/VNM,2015,25.26255
dcs:who/WHS6_102,dcid:country/VNM,2009,18.95577
dcs:who/WHS6_102,dcid:country/VNM,2016,24.94907
dcs:who/WHS6_102,dcid:country/VNM,2002,14.1861
dcs:who/WHS6_102,dcid:country/VNM,2011,22.12699
dcs:who/WHS6_102,dcid:country/VUT,2008,16.79828
dcs:who/WHS6_102,dcid:country/WSM,2005,9.38365
dcs:who/WHS6_102,dcid:country/YEM,2010,6.48522
dcs:who/WHS6_102,dcid:country/YEM,2009,6.52987
dcs:who/WHS6_102,dcid:country/YEM,2008,6.34403
dcs:who/WHS6_102,dcid:country/YEM,2012,6.16892
dcs:who/WHS6_102,dcid:country/YEM,2011,6.33783
dcs:who/WHS6_102,dcid:country/YEM,2013,6.0043
dcs:who/WHS6_102,dcid:country/YEM,2014,5.83786
dcs:who/WHS6_102,dcid:country/YEM,2006,6.56142
dcs:who/WHS6_102,dcid:country/YEM,2007,6.394
dcs:who/WHS6_102,dcid:country/ZAF,2008,23.49295
dcs:who/WHS6_102,dcid:country/ZAF,2010,22.75585
dcs:who/WHS6_102,dcid:country/ZAF,2004,28.00412
dcs:who/WHS6_102,dcid:country/ZAF,2002,30.16165
dcs:who/WHS6_102,dcid:country/ZAF,2007,23.62505
dcs:who/WHS6_102,dcid:country/ZMB,2008,19.0
dcs:who/WHS6_102,dcid:country/ZMB,2010,20.0
dcs:who/WHS6_102,dcid:country/ZWE,2010,18.49098
dcs:who/WHS6_102,dcid:country/ZWE,2011,18.22692
dcs:who/WHS6_102,dcid:country/ZWE,2014,19.96716
dcs:who/WHS6_102,dcid:country/ZWE,2009,18.80233
dcs:who/WHS6_102,dcid:country/ZWE,2012,19.4213
