SERIES,GEOGRAPHY,TIME_PERIOD,OBS_VALUE
dcs:who/TB_new_snsuoth,dcid:Earth,2004,1680556.0
dcs:who/TB_new_snsuoth,dcid:Earth,2001,1554378.0
dcs:who/TB_new_snsuoth,dcid:Earth,2010,2012910.0
dcs:who/TB_new_snsuoth,dcid:Earth,2012,2097062.0
dcs:who/TB_new_snsuoth,dcid:Earth,2005,1730429.0
dcs:who/TB_new_snsuoth,dcid:Earth,2011,2051594.0
dcs:who/TB_new_snsuoth,dcid:Earth,2002,1624132.0
dcs:who/TB_new_snsuoth,dcid:Earth,2008,1997576.0
dcs:who/TB_new_snsuoth,dcid:Earth,2007,1943352.0
dcs:who/TB_new_snsuoth,dcid:Earth,2000,1615300.0
dcs:who/TB_new_snsuoth,dcid:Earth,2006,1843809.0
dcs:who/TB_new_snsuoth,dcid:Earth,2003,1615157.0
dcs:who/TB_new_snsuoth,dcid:Earth,2009,2025614.0
dcs:who/TB_new_snsuoth,dcid:SouthEasternAsia,2000,741471.0
dcs:who/TB_new_snsuoth,dcid:SouthEasternAsia,2010,616971.0
dcs:who/TB_new_snsuoth,dcid:SouthEasternAsia,2005,595624.0
dcs:who/TB_new_snsuoth,dcid:SouthEasternAsia,2004,618064.0
dcs:who/TB_new_snsuoth,dcid:SouthEasternAsia,2007,623593.0
dcs:who/TB_new_snsuoth,dcid:SouthEasternAsia,2009,638551.0
dcs:who/TB_new_snsuoth,dcid:SouthEasternAsia,2011,601678.0
dcs:who/TB_new_snsuoth,dcid:SouthEasternAsia,2003,636706.0
dcs:who/TB_new_snsuoth,dcid:SouthEasternAsia,2001,670373.0
dcs:who/TB_new_snsuoth,dcid:SouthEasternAsia,2012,589459.0
dcs:who/TB_new_snsuoth,dcid:SouthEasternAsia,2006,610893.0
dcs:who/TB_new_snsuoth,dcid:SouthEasternAsia,2008,637293.0
dcs:who/TB_new_snsuoth,dcid:SouthEasternAsia,2002,670620.0
dcs:who/TB_new_snsuoth,dcid:africa,2012,450879.0
dcs:who/TB_new_snsuoth,dcid:africa,2000,222230.0
dcs:who/TB_new_snsuoth,dcid:africa,2010,478077.0
dcs:who/TB_new_snsuoth,dcid:africa,2011,470705.0
dcs:who/TB_new_snsuoth,dcid:africa,2003,320698.0
dcs:who/TB_new_snsuoth,dcid:africa,2009,473552.0
dcs:who/TB_new_snsuoth,dcid:africa,2008,447897.0
dcs:who/TB_new_snsuoth,dcid:africa,2002,325076.0
dcs:who/TB_new_snsuoth,dcid:africa,2005,367726.0
dcs:who/TB_new_snsuoth,dcid:africa,2001,267772.0
dcs:who/TB_new_snsuoth,dcid:africa,2004,360677.0
dcs:who/TB_new_snsuoth,dcid:africa,2006,385271.0
dcs:who/TB_new_snsuoth,dcid:africa,2007,414801.0
dcs:who/TB_new_snsuoth,dcid:country/AFG,2004,5437.0
dcs:who/TB_new_snsuoth,dcid:country/AFG,2002,3386.0
dcs:who/TB_new_snsuoth,dcid:country/AFG,2011,6778.0
dcs:who/TB_new_snsuoth,dcid:country/AFG,2006,6809.0
dcs:who/TB_new_snsuoth,dcid:country/AFG,2009,6108.0
dcs:who/TB_new_snsuoth,dcid:country/AFG,2010,7718.0
dcs:who/TB_new_snsuoth,dcid:country/AFG,2012,7405.0
dcs:who/TB_new_snsuoth,dcid:country/AFG,2000,2358.0
dcs:who/TB_new_snsuoth,dcid:country/AFG,2001,2739.0
dcs:who/TB_new_snsuoth,dcid:country/AFG,2003,3440.0
dcs:who/TB_new_snsuoth,dcid:country/AFG,2007,8251.0
dcs:who/TB_new_snsuoth,dcid:country/AFG,2008,7903.0
dcs:who/TB_new_snsuoth,dcid:country/AFG,2005,6085.0
dcs:who/TB_new_snsuoth,dcid:country/AGO,2000,5367.0
dcs:who/TB_new_snsuoth,dcid:country/AGO,2009,13755.0
dcs:who/TB_new_snsuoth,dcid:country/AGO,2006,11635.0
dcs:who/TB_new_snsuoth,dcid:country/AGO,2002,7958.0
dcs:who/TB_new_snsuoth,dcid:country/AGO,2005,12467.0
dcs:who/TB_new_snsuoth,dcid:country/AGO,2001,6572.0
dcs:who/TB_new_snsuoth,dcid:country/AGO,2010,17285.0
dcs:who/TB_new_snsuoth,dcid:country/AGO,2004,10570.0
dcs:who/TB_new_snsuoth,dcid:country/AGO,2011,18380.0
dcs:who/TB_new_snsuoth,dcid:country/AGO,2003,12790.0
dcs:who/TB_new_snsuoth,dcid:country/AGO,2007,14733.0
dcs:who/TB_new_snsuoth,dcid:country/AGO,2008,16490.0
dcs:who/TB_new_snsuoth,dcid:country/AGO,2012,23056.0
dcs:who/TB_new_snsuoth,dcid:country/ALB,2003,124.0
dcs:who/TB_new_snsuoth,dcid:country/ALB,2001,151.0
dcs:who/TB_new_snsuoth,dcid:country/ALB,2005,134.0
dcs:who/TB_new_snsuoth,dcid:country/ALB,2004,132.0
dcs:who/TB_new_snsuoth,dcid:country/ALB,2008,87.0
dcs:who/TB_new_snsuoth,dcid:country/ALB,2000,188.0
dcs:who/TB_new_snsuoth,dcid:country/ALB,2009,109.0
dcs:who/TB_new_snsuoth,dcid:country/ALB,2007,105.0
dcs:who/TB_new_snsuoth,dcid:country/ALB,2002,148.0
dcs:who/TB_new_snsuoth,dcid:country/ALB,2011,105.0
dcs:who/TB_new_snsuoth,dcid:country/ALB,2010,105.0
dcs:who/TB_new_snsuoth,dcid:country/ALB,2012,100.0
dcs:who/TB_new_snsuoth,dcid:country/ALB,2006,106.0
dcs:who/TB_new_snsuoth,dcid:country/AND,2009,4.0
dcs:who/TB_new_snsuoth,dcid:country/AND,2000,9.0
dcs:who/TB_new_snsuoth,dcid:country/AND,2008,1.0
dcs:who/TB_new_snsuoth,dcid:country/AND,2002,2.0
dcs:who/TB_new_snsuoth,dcid:country/AND,2006,2.0
dcs:who/TB_new_snsuoth,dcid:country/AND,2011,2.0
dcs:who/TB_new_snsuoth,dcid:country/AND,2005,1.0
dcs:who/TB_new_snsuoth,dcid:country/AND,2012,3.0
dcs:who/TB_new_snsuoth,dcid:country/AND,2003,1.0
dcs:who/TB_new_snsuoth,dcid:country/AND,2004,2.0
dcs:who/TB_new_snsuoth,dcid:country/AND,2001,5.0
dcs:who/TB_new_snsuoth,dcid:country/AND,2010,4.0
dcs:who/TB_new_snsuoth,dcid:country/AND,2007,1.0
dcs:who/TB_new_snsuoth,dcid:country/ARE,2006,18.0
dcs:who/TB_new_snsuoth,dcid:country/ARE,2005,12.0
dcs:who/TB_new_snsuoth,dcid:country/ARE,2011,27.0
dcs:who/TB_new_snsuoth,dcid:country/ARE,2009,15.0
dcs:who/TB_new_snsuoth,dcid:country/ARE,2004,5.0
dcs:who/TB_new_snsuoth,dcid:country/ARE,2010,28.0
dcs:who/TB_new_snsuoth,dcid:country/ARE,2001,5.0
dcs:who/TB_new_snsuoth,dcid:country/ARE,2012,15.0
dcs:who/TB_new_snsuoth,dcid:country/ARE,2007,20.0
dcs:who/TB_new_snsuoth,dcid:country/ARE,2000,3.0
dcs:who/TB_new_snsuoth,dcid:country/ARE,2008,17.0
dcs:who/TB_new_snsuoth,dcid:country/ARE,2003,6.0
dcs:who/TB_new_snsuoth,dcid:country/ARE,2002,6.0
dcs:who/TB_new_snsuoth,dcid:country/ARG,2002,3989.0
dcs:who/TB_new_snsuoth,dcid:country/ARG,2004,4014.0
dcs:who/TB_new_snsuoth,dcid:country/ARG,2012,2484.0
dcs:who/TB_new_snsuoth,dcid:country/ARG,2001,4010.0
dcs:who/TB_new_snsuoth,dcid:country/ARG,2009,2382.0
dcs:who/TB_new_snsuoth,dcid:country/ARG,2005,3357.0
dcs:who/TB_new_snsuoth,dcid:country/ARG,2011,2843.0
dcs:who/TB_new_snsuoth,dcid:country/ARG,2000,4110.0
dcs:who/TB_new_snsuoth,dcid:country/ARG,2008,2807.0
dcs:who/TB_new_snsuoth,dcid:country/ARG,2006,3254.0
dcs:who/TB_new_snsuoth,dcid:country/ARG,2010,2170.0
dcs:who/TB_new_snsuoth,dcid:country/ARG,2007,3164.0
dcs:who/TB_new_snsuoth,dcid:country/ARG,2003,3853.0
dcs:who/TB_new_snsuoth,dcid:country/ARM,2007,699.0
dcs:who/TB_new_snsuoth,dcid:country/ARM,2000,505.0
dcs:who/TB_new_snsuoth,dcid:country/ARM,2011,582.0
dcs:who/TB_new_snsuoth,dcid:country/ARM,2008,724.0
dcs:who/TB_new_snsuoth,dcid:country/ARM,2005,1049.0
dcs:who/TB_new_snsuoth,dcid:country/ARM,2012,553.0
dcs:who/TB_new_snsuoth,dcid:country/ARM,2003,599.0
dcs:who/TB_new_snsuoth,dcid:country/ARM,2010,639.0
dcs:who/TB_new_snsuoth,dcid:country/ARM,2002,701.0
dcs:who/TB_new_snsuoth,dcid:country/ARM,2004,649.0
dcs:who/TB_new_snsuoth,dcid:country/ARM,2009,725.0
dcs:who/TB_new_snsuoth,dcid:country/ARM,2006,694.0
dcs:who/TB_new_snsuoth,dcid:country/ARM,2001,618.0
dcs:who/TB_new_snsuoth,dcid:country/ATG,2001,0.0
dcs:who/TB_new_snsuoth,dcid:country/ATG,2012,1.0
dcs:who/TB_new_snsuoth,dcid:country/ATG,2008,0.0
dcs:who/TB_new_snsuoth,dcid:country/ATG,2011,0.0
dcs:who/TB_new_snsuoth,dcid:country/ATG,2009,1.0
dcs:who/TB_new_snsuoth,dcid:country/ATG,2000,1.0
dcs:who/TB_new_snsuoth,dcid:country/ATG,2003,0.0
dcs:who/TB_new_snsuoth,dcid:country/ATG,2005,0.0
dcs:who/TB_new_snsuoth,dcid:country/ATG,2002,2.0
dcs:who/TB_new_snsuoth,dcid:country/ATG,2007,0.0
dcs:who/TB_new_snsuoth,dcid:country/ATG,2010,0.0
dcs:who/TB_new_snsuoth,dcid:country/ATG,2006,0.0
dcs:who/TB_new_snsuoth,dcid:country/AUS,2009,398.0
dcs:who/TB_new_snsuoth,dcid:country/AUS,2011,438.0
dcs:who/TB_new_snsuoth,dcid:country/AUS,2010,415.0
dcs:who/TB_new_snsuoth,dcid:country/AUS,2012,471.0
dcs:who/TB_new_snsuoth,dcid:country/AUS,2004,337.0
dcs:who/TB_new_snsuoth,dcid:country/AUS,2007,372.0
dcs:who/TB_new_snsuoth,dcid:country/AUS,2005,339.0
dcs:who/TB_new_snsuoth,dcid:country/AUS,2002,326.0
dcs:who/TB_new_snsuoth,dcid:country/AUS,2003,316.0
dcs:who/TB_new_snsuoth,dcid:country/AUS,2000,362.0
dcs:who/TB_new_snsuoth,dcid:country/AUS,2001,353.0
dcs:who/TB_new_snsuoth,dcid:country/AUS,2006,407.0
dcs:who/TB_new_snsuoth,dcid:country/AUS,2008,410.0
dcs:who/TB_new_snsuoth,dcid:country/AUT,2009,266.0
dcs:who/TB_new_snsuoth,dcid:country/AUT,2005,519.0
dcs:who/TB_new_snsuoth,dcid:country/AUT,2012,218.0
dcs:who/TB_new_snsuoth,dcid:country/AUT,2004,532.0
dcs:who/TB_new_snsuoth,dcid:country/AUT,2007,486.0
dcs:who/TB_new_snsuoth,dcid:country/AUT,2010,215.0
dcs:who/TB_new_snsuoth,dcid:country/AUT,2001,557.0
dcs:who/TB_new_snsuoth,dcid:country/AUT,2011,215.0
dcs:who/TB_new_snsuoth,dcid:country/AUT,2006,507.0
dcs:who/TB_new_snsuoth,dcid:country/AUT,2000,652.0
dcs:who/TB_new_snsuoth,dcid:country/AUT,2003,519.0
dcs:who/TB_new_snsuoth,dcid:country/AUT,2002,481.0
dcs:who/TB_new_snsuoth,dcid:country/AZE,2006,2278.0
dcs:who/TB_new_snsuoth,dcid:country/AZE,2007,2338.0
dcs:who/TB_new_snsuoth,dcid:country/AZE,2011,2740.0
dcs:who/TB_new_snsuoth,dcid:country/AZE,2001,2994.0
dcs:who/TB_new_snsuoth,dcid:country/AZE,2012,2313.0
dcs:who/TB_new_snsuoth,dcid:country/AZE,2010,2275.0
dcs:who/TB_new_snsuoth,dcid:country/AZE,2002,2580.0
dcs:who/TB_new_snsuoth,dcid:country/AZE,2004,2201.0
dcs:who/TB_new_snsuoth,dcid:country/AZE,2009,3124.0
dcs:who/TB_new_snsuoth,dcid:country/AZE,2008,2728.0
dcs:who/TB_new_snsuoth,dcid:country/AZE,2005,2508.0
dcs:who/TB_new_snsuoth,dcid:country/AZE,2003,1871.0
dcs:who/TB_new_snsuoth,dcid:country/AZE,2000,3978.0
dcs:who/TB_new_snsuoth,dcid:country/BDI,2008,862.0
dcs:who/TB_new_snsuoth,dcid:country/BDI,2010,971.0
dcs:who/TB_new_snsuoth,dcid:country/BDI,2000,1489.0
dcs:who/TB_new_snsuoth,dcid:country/BDI,2011,804.0
dcs:who/TB_new_snsuoth,dcid:country/BDI,2003,1467.0
dcs:who/TB_new_snsuoth,dcid:country/BDI,2009,1231.0
dcs:who/TB_new_snsuoth,dcid:country/BDI,2005,1160.0
dcs:who/TB_new_snsuoth,dcid:country/BDI,2012,749.0
dcs:who/TB_new_snsuoth,dcid:country/BDI,2001,1185.0
dcs:who/TB_new_snsuoth,dcid:country/BDI,2004,1506.0
dcs:who/TB_new_snsuoth,dcid:country/BDI,2007,826.0
dcs:who/TB_new_snsuoth,dcid:country/BDI,2006,950.0
dcs:who/TB_new_snsuoth,dcid:country/BDI,2002,1266.0
dcs:who/TB_new_snsuoth,dcid:country/BEL,2006,370.0
dcs:who/TB_new_snsuoth,dcid:country/BEL,2003,406.0
dcs:who/TB_new_snsuoth,dcid:country/BEL,2004,434.0
dcs:who/TB_new_snsuoth,dcid:country/BEL,2007,367.0
dcs:who/TB_new_snsuoth,dcid:country/BEL,2002,487.0
dcs:who/TB_new_snsuoth,dcid:country/BEL,2012,237.0
dcs:who/TB_new_snsuoth,dcid:country/BEL,2011,265.0
dcs:who/TB_new_snsuoth,dcid:country/BEL,2008,287.0
dcs:who/TB_new_snsuoth,dcid:country/BEL,2010,325.0
dcs:who/TB_new_snsuoth,dcid:country/BEL,2009,279.0
dcs:who/TB_new_snsuoth,dcid:country/BEL,2005,406.0
dcs:who/TB_new_snsuoth,dcid:country/BEL,2001,499.0
dcs:who/TB_new_snsuoth,dcid:country/BEL,2000,454.0
dcs:who/TB_new_snsuoth,dcid:country/BEN,2012,305.0
dcs:who/TB_new_snsuoth,dcid:country/BEN,2000,130.0
dcs:who/TB_new_snsuoth,dcid:country/BEN,2008,375.0
dcs:who/TB_new_snsuoth,dcid:country/BEN,2007,294.0
dcs:who/TB_new_snsuoth,dcid:country/BEN,2005,96.0
dcs:who/TB_new_snsuoth,dcid:country/BEN,2010,296.0
dcs:who/TB_new_snsuoth,dcid:country/BEN,2001,98.0
dcs:who/TB_new_snsuoth,dcid:country/BEN,2006,199.0
dcs:who/TB_new_snsuoth,dcid:country/BEN,2011,329.0
dcs:who/TB_new_snsuoth,dcid:country/BEN,2002,86.0
dcs:who/TB_new_snsuoth,dcid:country/BEN,2003,68.0
dcs:who/TB_new_snsuoth,dcid:country/BEN,2004,140.0
dcs:who/TB_new_snsuoth,dcid:country/BEN,2009,338.0
dcs:who/TB_new_snsuoth,dcid:country/BFA,2002,219.0
dcs:who/TB_new_snsuoth,dcid:country/BFA,2011,867.0
dcs:who/TB_new_snsuoth,dcid:country/BFA,2012,816.0
dcs:who/TB_new_snsuoth,dcid:country/BFA,2000,196.0
dcs:who/TB_new_snsuoth,dcid:country/BFA,2001,208.0
dcs:who/TB_new_snsuoth,dcid:country/BFA,2009,771.0
dcs:who/TB_new_snsuoth,dcid:country/BFA,2010,813.0
dcs:who/TB_new_snsuoth,dcid:country/BFA,2004,326.0
dcs:who/TB_new_snsuoth,dcid:country/BFA,2006,551.0
dcs:who/TB_new_snsuoth,dcid:country/BFA,2003,266.0
dcs:who/TB_new_snsuoth,dcid:country/BFA,2005,457.0
dcs:who/TB_new_snsuoth,dcid:country/BFA,2008,693.0
dcs:who/TB_new_snsuoth,dcid:country/BFA,2007,640.0
dcs:who/TB_new_snsuoth,dcid:country/BGD,2010,21625.0
dcs:who/TB_new_snsuoth,dcid:country/BGD,2012,24451.0
dcs:who/TB_new_snsuoth,dcid:country/BGD,2008,22192.0
dcs:who/TB_new_snsuoth,dcid:country/BGD,2011,21921.0
dcs:who/TB_new_snsuoth,dcid:country/BGD,2007,23152.0
dcs:who/TB_new_snsuoth,dcid:country/BGD,2009,25375.0
dcs:who/TB_new_snsuoth,dcid:country/BGD,2000,29396.0
dcs:who/TB_new_snsuoth,dcid:country/BGD,2001,27730.0
dcs:who/TB_new_snsuoth,dcid:country/BGD,2006,24565.0
dcs:who/TB_new_snsuoth,dcid:country/BGD,2004,23803.0
dcs:who/TB_new_snsuoth,dcid:country/BGD,2002,26316.0
dcs:who/TB_new_snsuoth,dcid:country/BGD,2003,24913.0
dcs:who/TB_new_snsuoth,dcid:country/BGD,2005,23076.0
dcs:who/TB_new_snsuoth,dcid:country/BGR,2001,2066.0
dcs:who/TB_new_snsuoth,dcid:country/BGR,2010,748.0
dcs:who/TB_new_snsuoth,dcid:country/BGR,2007,1010.0
dcs:who/TB_new_snsuoth,dcid:country/BGR,2008,1131.0
dcs:who/TB_new_snsuoth,dcid:country/BGR,2000,0.0
dcs:who/TB_new_snsuoth,dcid:country/BGR,2006,1377.0
dcs:who/TB_new_snsuoth,dcid:country/BGR,2009,890.0
dcs:who/TB_new_snsuoth,dcid:country/BGR,2011,707.0
dcs:who/TB_new_snsuoth,dcid:country/BGR,2003,1274.0
dcs:who/TB_new_snsuoth,dcid:country/BGR,2012,619.0
dcs:who/TB_new_snsuoth,dcid:country/BGR,2004,1263.0
dcs:who/TB_new_snsuoth,dcid:country/BGR,2005,1511.0
dcs:who/TB_new_snsuoth,dcid:country/BGR,2002,1562.0
dcs:who/TB_new_snsuoth,dcid:country/BHR,2004,58.0
dcs:who/TB_new_snsuoth,dcid:country/BHR,2010,58.0
dcs:who/TB_new_snsuoth,dcid:country/BHR,2006,77.0
dcs:who/TB_new_snsuoth,dcid:country/BHR,2007,71.0
dcs:who/TB_new_snsuoth,dcid:country/BHR,2009,74.0
dcs:who/TB_new_snsuoth,dcid:country/BHR,2008,59.0
dcs:who/TB_new_snsuoth,dcid:country/BHR,2003,21.0
dcs:who/TB_new_snsuoth,dcid:country/BHR,2011,47.0
dcs:who/TB_new_snsuoth,dcid:country/BHR,2000,16.0
dcs:who/TB_new_snsuoth,dcid:country/BHR,2001,12.0
dcs:who/TB_new_snsuoth,dcid:country/BHR,2002,13.0
dcs:who/TB_new_snsuoth,dcid:country/BHR,2012,47.0
dcs:who/TB_new_snsuoth,dcid:country/BHR,2005,72.0
dcs:who/TB_new_snsuoth,dcid:country/BHS,2004,10.0
dcs:who/TB_new_snsuoth,dcid:country/BHS,2008,10.0
dcs:who/TB_new_snsuoth,dcid:country/BHS,2009,10.0
dcs:who/TB_new_snsuoth,dcid:country/BHS,2006,10.0
dcs:who/TB_new_snsuoth,dcid:country/BHS,2012,11.0
dcs:who/TB_new_snsuoth,dcid:country/BHS,2000,23.0
dcs:who/TB_new_snsuoth,dcid:country/BHS,2002,10.0
dcs:who/TB_new_snsuoth,dcid:country/BHS,2011,12.0
dcs:who/TB_new_snsuoth,dcid:country/BHS,2005,9.0
dcs:who/TB_new_snsuoth,dcid:country/BHS,2007,6.0
dcs:who/TB_new_snsuoth,dcid:country/BHS,2003,3.0
dcs:who/TB_new_snsuoth,dcid:country/BHS,2010,4.0
dcs:who/TB_new_snsuoth,dcid:country/BIH,2012,556.0
dcs:who/TB_new_snsuoth,dcid:country/BIH,2006,910.0
dcs:who/TB_new_snsuoth,dcid:country/BIH,2001,1201.0
dcs:who/TB_new_snsuoth,dcid:country/BIH,2007,1252.0
dcs:who/TB_new_snsuoth,dcid:country/BIH,2011,611.0
dcs:who/TB_new_snsuoth,dcid:country/BIH,2003,951.0
dcs:who/TB_new_snsuoth,dcid:country/BIH,2000,1287.0
dcs:who/TB_new_snsuoth,dcid:country/BIH,2008,919.0
dcs:who/TB_new_snsuoth,dcid:country/BIH,2002,842.0
dcs:who/TB_new_snsuoth,dcid:country/BIH,2004,1156.0
dcs:who/TB_new_snsuoth,dcid:country/BIH,2005,1106.0
dcs:who/TB_new_snsuoth,dcid:country/BIH,2009,862.0
dcs:who/TB_new_snsuoth,dcid:country/BIH,2010,687.0
dcs:who/TB_new_snsuoth,dcid:country/BLR,2008,3074.0
dcs:who/TB_new_snsuoth,dcid:country/BLR,2012,2184.0
dcs:who/TB_new_snsuoth,dcid:country/BLR,2010,2647.0
dcs:who/TB_new_snsuoth,dcid:country/BLR,2009,3002.0
dcs:who/TB_new_snsuoth,dcid:country/BLR,2005,3710.0
dcs:who/TB_new_snsuoth,dcid:country/BLR,2011,2439.0
dcs:who/TB_new_snsuoth,dcid:country/BLR,2000,2985.0
dcs:who/TB_new_snsuoth,dcid:country/BLR,2003,3710.0
dcs:who/TB_new_snsuoth,dcid:country/BLR,2004,3969.0
dcs:who/TB_new_snsuoth,dcid:country/BLR,2007,3486.0
dcs:who/TB_new_snsuoth,dcid:country/BLR,2006,3709.0
dcs:who/TB_new_snsuoth,dcid:country/BLZ,2000,55.0
dcs:who/TB_new_snsuoth,dcid:country/BLZ,2002,42.0
dcs:who/TB_new_snsuoth,dcid:country/BLZ,2003,23.0
dcs:who/TB_new_snsuoth,dcid:country/BLZ,2006,18.0
dcs:who/TB_new_snsuoth,dcid:country/BLZ,2010,47.0
dcs:who/TB_new_snsuoth,dcid:country/BLZ,2009,0.0
dcs:who/TB_new_snsuoth,dcid:country/BLZ,2001,61.0
dcs:who/TB_new_snsuoth,dcid:country/BLZ,2004,37.0
dcs:who/TB_new_snsuoth,dcid:country/BLZ,2005,29.0
dcs:who/TB_new_snsuoth,dcid:country/BLZ,2012,36.0
dcs:who/TB_new_snsuoth,dcid:country/BLZ,2007,0.0
dcs:who/TB_new_snsuoth,dcid:country/BLZ,2011,0.0
dcs:who/TB_new_snsuoth,dcid:country/BOL,2008,893.0
dcs:who/TB_new_snsuoth,dcid:country/BOL,2009,699.0
dcs:who/TB_new_snsuoth,dcid:country/BOL,2007,861.0
dcs:who/TB_new_snsuoth,dcid:country/BOL,2011,643.0
dcs:who/TB_new_snsuoth,dcid:country/BOL,2010,630.0
dcs:who/TB_new_snsuoth,dcid:country/BOL,2005,1250.0
dcs:who/TB_new_snsuoth,dcid:country/BOL,2006,1064.0
dcs:who/TB_new_snsuoth,dcid:country/BOL,2012,571.0
dcs:who/TB_new_snsuoth,dcid:country/BOL,2002,1357.0
dcs:who/TB_new_snsuoth,dcid:country/BOL,2001,1836.0
dcs:who/TB_new_snsuoth,dcid:country/BOL,2003,1374.0
dcs:who/TB_new_snsuoth,dcid:country/BOL,2004,1380.0
dcs:who/TB_new_snsuoth,dcid:country/BOL,2000,1565.0
dcs:who/TB_new_snsuoth,dcid:country/BRA,2000,23622.0
dcs:who/TB_new_snsuoth,dcid:country/BRA,2006,21570.0
dcs:who/TB_new_snsuoth,dcid:country/BRA,2004,26186.0
dcs:who/TB_new_snsuoth,dcid:country/BRA,2010,20761.0
dcs:who/TB_new_snsuoth,dcid:country/BRA,2005,23990.0
dcs:who/TB_new_snsuoth,dcid:country/BRA,2007,21366.0
dcs:who/TB_new_snsuoth,dcid:country/BRA,2009,22090.0
dcs:who/TB_new_snsuoth,dcid:country/BRA,2002,25019.0
dcs:who/TB_new_snsuoth,dcid:country/BRA,2012,20604.0
dcs:who/TB_new_snsuoth,dcid:country/BRA,2008,21809.0
dcs:who/TB_new_snsuoth,dcid:country/BRA,2003,23522.0
dcs:who/TB_new_snsuoth,dcid:country/BRA,2001,19230.0
dcs:who/TB_new_snsuoth,dcid:country/BRA,2011,21131.0
dcs:who/TB_new_snsuoth,dcid:country/BRB,2001,0.0
dcs:who/TB_new_snsuoth,dcid:country/BRB,2000,0.0
dcs:who/TB_new_snsuoth,dcid:country/BRB,2007,0.0
dcs:who/TB_new_snsuoth,dcid:country/BRB,2012,0.0
dcs:who/TB_new_snsuoth,dcid:country/BRB,2009,0.0
dcs:who/TB_new_snsuoth,dcid:country/BRB,2006,0.0
dcs:who/TB_new_snsuoth,dcid:country/BRB,2011,0.0
dcs:who/TB_new_snsuoth,dcid:country/BRB,2010,0.0
dcs:who/TB_new_snsuoth,dcid:country/BRB,2008,2.0
dcs:who/TB_new_snsuoth,dcid:country/BRN,2004,15.0
dcs:who/TB_new_snsuoth,dcid:country/BRN,2002,61.0
dcs:who/TB_new_snsuoth,dcid:country/BRN,2008,36.0
dcs:who/TB_new_snsuoth,dcid:country/BRN,2009,24.0
dcs:who/TB_new_snsuoth,dcid:country/BRN,2011,65.0
dcs:who/TB_new_snsuoth,dcid:country/BRN,2006,27.0
dcs:who/TB_new_snsuoth,dcid:country/BRN,2012,79.0
dcs:who/TB_new_snsuoth,dcid:country/BRN,2010,43.0
dcs:who/TB_new_snsuoth,dcid:country/BRN,2005,30.0
dcs:who/TB_new_snsuoth,dcid:country/BRN,2000,166.0
dcs:who/TB_new_snsuoth,dcid:country/BRN,2003,41.0
dcs:who/TB_new_snsuoth,dcid:country/BRN,2007,8.0
dcs:who/TB_new_snsuoth,dcid:country/BRN,2001,85.0
dcs:who/TB_new_snsuoth,dcid:country/BTN,2011,225.0
dcs:who/TB_new_snsuoth,dcid:country/BTN,2000,430.0
dcs:who/TB_new_snsuoth,dcid:country/BTN,2002,372.0
dcs:who/TB_new_snsuoth,dcid:country/BTN,2005,272.0
dcs:who/TB_new_snsuoth,dcid:country/BTN,2004,242.0
dcs:who/TB_new_snsuoth,dcid:country/BTN,2001,333.0
dcs:who/TB_new_snsuoth,dcid:country/BTN,2012,127.0
dcs:who/TB_new_snsuoth,dcid:country/BTN,2010,275.0
dcs:who/TB_new_snsuoth,dcid:country/BTN,2009,285.0
dcs:who/TB_new_snsuoth,dcid:country/BTN,2008,146.0
dcs:who/TB_new_snsuoth,dcid:country/BTN,2007,253.0
dcs:who/TB_new_snsuoth,dcid:country/BTN,2003,284.0
dcs:who/TB_new_snsuoth,dcid:country/BTN,2006,238.0
dcs:who/TB_new_snsuoth,dcid:country/BWA,2000,4789.0
dcs:who/TB_new_snsuoth,dcid:country/BWA,2006,3891.0
dcs:who/TB_new_snsuoth,dcid:country/BWA,2008,3654.0
dcs:who/TB_new_snsuoth,dcid:country/BWA,2011,1983.0
dcs:who/TB_new_snsuoth,dcid:country/BWA,2005,5166.0
dcs:who/TB_new_snsuoth,dcid:country/BWA,2009,3393.0
dcs:who/TB_new_snsuoth,dcid:country/BWA,2001,5001.0
dcs:who/TB_new_snsuoth,dcid:country/BWA,2012,2358.0
dcs:who/TB_new_snsuoth,dcid:country/BWA,2004,5375.0
dcs:who/TB_new_snsuoth,dcid:country/BWA,2010,2055.0
dcs:who/TB_new_snsuoth,dcid:country/BWA,2003,5021.0
dcs:who/TB_new_snsuoth,dcid:country/BWA,2007,3242.0
dcs:who/TB_new_snsuoth,dcid:country/BWA,2002,5260.0
dcs:who/TB_new_snsuoth,dcid:country/CAF,2011,1024.0
dcs:who/TB_new_snsuoth,dcid:country/CAF,2009,1841.0
dcs:who/TB_new_snsuoth,dcid:country/CAF,2010,1622.0
dcs:who/TB_new_snsuoth,dcid:country/CAF,2012,1752.0
dcs:who/TB_new_snsuoth,dcid:country/CAF,2006,707.0
dcs:who/TB_new_snsuoth,dcid:country/CAF,2002,1059.0
dcs:who/TB_new_snsuoth,dcid:country/CAF,2008,1387.0
dcs:who/TB_new_snsuoth,dcid:country/CAF,2003,752.0
dcs:who/TB_new_snsuoth,dcid:country/CAF,2001,615.0
dcs:who/TB_new_snsuoth,dcid:country/CAF,2004,547.0
dcs:who/TB_new_snsuoth,dcid:country/CAF,2005,608.0
dcs:who/TB_new_snsuoth,dcid:country/CAN,2010,472.0
dcs:who/TB_new_snsuoth,dcid:country/CAN,2001,574.0
dcs:who/TB_new_snsuoth,dcid:country/CAN,2012,574.0
dcs:who/TB_new_snsuoth,dcid:country/CAN,2005,450.0
dcs:who/TB_new_snsuoth,dcid:country/CAN,2008,466.0
dcs:who/TB_new_snsuoth,dcid:country/CAN,2004,480.0
dcs:who/TB_new_snsuoth,dcid:country/CAN,2007,449.0
dcs:who/TB_new_snsuoth,dcid:country/CAN,2006,586.0
dcs:who/TB_new_snsuoth,dcid:country/CAN,2011,456.0
dcs:who/TB_new_snsuoth,dcid:country/CAN,2002,539.0
dcs:who/TB_new_snsuoth,dcid:country/CAN,2009,519.0
dcs:who/TB_new_snsuoth,dcid:country/CAN,2003,584.0
dcs:who/TB_new_snsuoth,dcid:country/CAN,2000,548.0
dcs:who/TB_new_snsuoth,dcid:country/CHE,2009,163.0
dcs:who/TB_new_snsuoth,dcid:country/CHE,2007,151.0
dcs:who/TB_new_snsuoth,dcid:country/CHE,2010,149.0
dcs:who/TB_new_snsuoth,dcid:country/CHE,2008,156.0
dcs:who/TB_new_snsuoth,dcid:country/CHE,2003,210.0
dcs:who/TB_new_snsuoth,dcid:country/CHE,2002,231.0
dcs:who/TB_new_snsuoth,dcid:country/CHE,2006,187.0
dcs:who/TB_new_snsuoth,dcid:country/CHE,2001,207.0
dcs:who/TB_new_snsuoth,dcid:country/CHE,2005,187.0
dcs:who/TB_new_snsuoth,dcid:country/CHE,2011,170.0
dcs:who/TB_new_snsuoth,dcid:country/CHE,2004,205.0
dcs:who/TB_new_snsuoth,dcid:country/CHE,2000,216.0
dcs:who/TB_new_snsuoth,dcid:country/CHE,2012,124.0
dcs:who/TB_new_snsuoth,dcid:country/CHL,2011,473.0
dcs:who/TB_new_snsuoth,dcid:country/CHL,2012,538.0
dcs:who/TB_new_snsuoth,dcid:country/CHL,2000,879.0
dcs:who/TB_new_snsuoth,dcid:country/CHL,2007,496.0
dcs:who/TB_new_snsuoth,dcid:country/CHL,2005,502.0
dcs:who/TB_new_snsuoth,dcid:country/CHL,2002,173.0
dcs:who/TB_new_snsuoth,dcid:country/CHL,2010,502.0
dcs:who/TB_new_snsuoth,dcid:country/CHL,2003,37.0
dcs:who/TB_new_snsuoth,dcid:country/CHL,2001,709.0
dcs:who/TB_new_snsuoth,dcid:country/CHL,2006,233.0
dcs:who/TB_new_snsuoth,dcid:country/CHL,2009,509.0
dcs:who/TB_new_snsuoth,dcid:country/CHL,2004,604.0
dcs:who/TB_new_snsuoth,dcid:country/CHL,2008,525.0
dcs:who/TB_new_snsuoth,dcid:country/CHN,2008,433978.0
dcs:who/TB_new_snsuoth,dcid:country/CHN,2009,439399.0
dcs:who/TB_new_snsuoth,dcid:country/CHN,2010,432868.0
dcs:who/TB_new_snsuoth,dcid:country/CHN,2006,382492.0
dcs:who/TB_new_snsuoth,dcid:country/CHN,2005,329157.0
dcs:who/TB_new_snsuoth,dcid:country/CHN,2001,237726.0
dcs:who/TB_new_snsuoth,dcid:country/CHN,2007,430634.0
dcs:who/TB_new_snsuoth,dcid:country/CHN,2011,481514.0
dcs:who/TB_new_snsuoth,dcid:country/CHN,2003,248805.0
dcs:who/TB_new_snsuoth,dcid:country/CHN,2000,229943.0
dcs:who/TB_new_snsuoth,dcid:country/CHN,2002,223881.0
dcs:who/TB_new_snsuoth,dcid:country/CHN,2004,284433.0
dcs:who/TB_new_snsuoth,dcid:country/CHN,2012,536050.0
dcs:who/TB_new_snsuoth,dcid:country/CIV,2012,2818.0
dcs:who/TB_new_snsuoth,dcid:country/CIV,2010,2381.0
dcs:who/TB_new_snsuoth,dcid:country/CIV,2011,2316.0
dcs:who/TB_new_snsuoth,dcid:country/CIV,2009,2321.0
dcs:who/TB_new_snsuoth,dcid:country/CIV,2007,3009.0
dcs:who/TB_new_snsuoth,dcid:country/CIV,2005,2315.0
dcs:who/TB_new_snsuoth,dcid:country/CIV,2004,2610.0
dcs:who/TB_new_snsuoth,dcid:country/CIV,2001,2200.0
dcs:who/TB_new_snsuoth,dcid:country/CIV,2008,2733.0
dcs:who/TB_new_snsuoth,dcid:country/CIV,2003,2232.0
dcs:who/TB_new_snsuoth,dcid:country/CIV,2000,1616.0
dcs:who/TB_new_snsuoth,dcid:country/CIV,2002,1852.0
dcs:who/TB_new_snsuoth,dcid:country/CIV,2006,2677.0
dcs:who/TB_new_snsuoth,dcid:country/CMR,2008,6282.0
dcs:who/TB_new_snsuoth,dcid:country/CMR,2012,5204.0
dcs:who/TB_new_snsuoth,dcid:country/CMR,2010,5437.0
dcs:who/TB_new_snsuoth,dcid:country/CMR,2001,809.0
dcs:who/TB_new_snsuoth,dcid:country/CMR,2005,5021.0
dcs:who/TB_new_snsuoth,dcid:country/CMR,2011,4941.0
dcs:who/TB_new_snsuoth,dcid:country/CMR,2007,6752.0
dcs:who/TB_new_snsuoth,dcid:country/CMR,2003,2951.0
dcs:who/TB_new_snsuoth,dcid:country/CMR,2009,5780.0
dcs:who/TB_new_snsuoth,dcid:country/CMR,2000,625.0
dcs:who/TB_new_snsuoth,dcid:country/CMR,2002,1788.0
dcs:who/TB_new_snsuoth,dcid:country/CMR,2006,6539.0
dcs:who/TB_new_snsuoth,dcid:country/CMR,2004,3640.0
dcs:who/TB_new_snsuoth,dcid:country/COD,2009,12968.0
dcs:who/TB_new_snsuoth,dcid:country/COD,2002,8543.0
dcs:who/TB_new_snsuoth,dcid:country/COD,2003,4676.0
dcs:who/TB_new_snsuoth,dcid:country/COD,2004,9186.0
dcs:who/TB_new_snsuoth,dcid:country/COD,2005,9959.0
dcs:who/TB_new_snsuoth,dcid:country/COD,2011,13471.0
dcs:who/TB_new_snsuoth,dcid:country/COD,2006,10093.0
dcs:who/TB_new_snsuoth,dcid:country/COD,2008,11490.0
dcs:who/TB_new_snsuoth,dcid:country/COD,2007,10968.0
dcs:who/TB_new_snsuoth,dcid:country/COD,2001,7986.0
dcs:who/TB_new_snsuoth,dcid:country/COD,2012,13214.0
dcs:who/TB_new_snsuoth,dcid:country/COD,2010,14039.0
dcs:who/TB_new_snsuoth,dcid:country/COD,2000,8089.0
dcs:who/TB_new_snsuoth,dcid:country/COG,2007,2938.0
dcs:who/TB_new_snsuoth,dcid:country/COG,2010,3545.0
dcs:who/TB_new_snsuoth,dcid:country/COG,2009,3398.0
dcs:who/TB_new_snsuoth,dcid:country/COG,2000,2016.0
dcs:who/TB_new_snsuoth,dcid:country/COG,2012,3937.0
dcs:who/TB_new_snsuoth,dcid:country/COG,2011,3930.0
dcs:who/TB_new_snsuoth,dcid:country/COG,2005,3249.0
dcs:who/TB_new_snsuoth,dcid:country/COG,2008,2868.0
dcs:who/TB_new_snsuoth,dcid:country/COG,2001,2349.0
dcs:who/TB_new_snsuoth,dcid:country/COG,2006,2504.0
dcs:who/TB_new_snsuoth,dcid:country/COG,2004,2747.0
dcs:who/TB_new_snsuoth,dcid:country/COG,2003,2080.0
dcs:who/TB_new_snsuoth,dcid:country/COG,2002,2073.0
dcs:who/TB_new_snsuoth,dcid:country/COK,2009,1.0
dcs:who/TB_new_snsuoth,dcid:country/COK,2003,0.0
dcs:who/TB_new_snsuoth,dcid:country/COK,2006,0.0
dcs:who/TB_new_snsuoth,dcid:country/COK,2005,0.0
dcs:who/TB_new_snsuoth,dcid:country/COK,2000,1.0
dcs:who/TB_new_snsuoth,dcid:country/COK,2008,0.0
dcs:who/TB_new_snsuoth,dcid:country/COK,2010,0.0
dcs:who/TB_new_snsuoth,dcid:country/COK,2012,0.0
dcs:who/TB_new_snsuoth,dcid:country/COK,2004,0.0
dcs:who/TB_new_snsuoth,dcid:country/COK,2001,0.0
dcs:who/TB_new_snsuoth,dcid:country/COK,2002,0.0
dcs:who/TB_new_snsuoth,dcid:country/COK,2011,0.0
dcs:who/TB_new_snsuoth,dcid:country/COL,2007,1636.0
dcs:who/TB_new_snsuoth,dcid:country/COL,2006,1348.0
dcs:who/TB_new_snsuoth,dcid:country/COL,2009,1611.0
dcs:who/TB_new_snsuoth,dcid:country/COL,2002,1724.0
dcs:who/TB_new_snsuoth,dcid:country/COL,2005,1429.0
dcs:who/TB_new_snsuoth,dcid:country/COL,2000,1446.0
dcs:who/TB_new_snsuoth,dcid:country/COL,2001,1592.0
dcs:who/TB_new_snsuoth,dcid:country/COL,2004,1498.0
dcs:who/TB_new_snsuoth,dcid:country/COL,2011,2355.0
dcs:who/TB_new_snsuoth,dcid:country/COL,2010,2007.0
dcs:who/TB_new_snsuoth,dcid:country/COL,2008,1709.0
dcs:who/TB_new_snsuoth,dcid:country/COL,2003,1565.0
dcs:who/TB_new_snsuoth,dcid:country/COL,2012,2431.0
dcs:who/TB_new_snsuoth,dcid:country/COM,2008,25.0
dcs:who/TB_new_snsuoth,dcid:country/COM,2012,24.0
dcs:who/TB_new_snsuoth,dcid:country/COM,2003,3.0
dcs:who/TB_new_snsuoth,dcid:country/COM,2009,15.0
dcs:who/TB_new_snsuoth,dcid:country/COM,2000,14.0
dcs:who/TB_new_snsuoth,dcid:country/COM,2002,11.0
dcs:who/TB_new_snsuoth,dcid:country/COM,2011,18.0
dcs:who/TB_new_snsuoth,dcid:country/COM,2005,14.0
dcs:who/TB_new_snsuoth,dcid:country/COM,2001,18.0
dcs:who/TB_new_snsuoth,dcid:country/COM,2004,3.0
dcs:who/TB_new_snsuoth,dcid:country/COM,2006,22.0
dcs:who/TB_new_snsuoth,dcid:country/CPV,2003,111.0
dcs:who/TB_new_snsuoth,dcid:country/CPV,2007,63.0
dcs:who/TB_new_snsuoth,dcid:country/CPV,2002,49.0
dcs:who/TB_new_snsuoth,dcid:country/CPV,2009,94.0
dcs:who/TB_new_snsuoth,dcid:country/CPV,2006,88.0
dcs:who/TB_new_snsuoth,dcid:country/CPV,2004,79.0
dcs:who/TB_new_snsuoth,dcid:country/CPV,2012,151.0
dcs:who/TB_new_snsuoth,dcid:country/CPV,2011,127.0
dcs:who/TB_new_snsuoth,dcid:country/CPV,2005,93.0
dcs:who/TB_new_snsuoth,dcid:country/CPV,2010,98.0
dcs:who/TB_new_snsuoth,dcid:country/CPV,2008,82.0
dcs:who/TB_new_snsuoth,dcid:country/CPV,2001,79.0
dcs:who/TB_new_snsuoth,dcid:country/CRI,2003,61.0
dcs:who/TB_new_snsuoth,dcid:country/CRI,2006,92.0
dcs:who/TB_new_snsuoth,dcid:country/CRI,2005,81.0
dcs:who/TB_new_snsuoth,dcid:country/CRI,2001,123.0
dcs:who/TB_new_snsuoth,dcid:country/CRI,2009,66.0
dcs:who/TB_new_snsuoth,dcid:country/CRI,2002,102.0
dcs:who/TB_new_snsuoth,dcid:country/CRI,2004,148.0
dcs:who/TB_new_snsuoth,dcid:country/CRI,2000,184.0
dcs:who/TB_new_snsuoth,dcid:country/CRI,2008,93.0
dcs:who/TB_new_snsuoth,dcid:country/CRI,2007,110.0
dcs:who/TB_new_snsuoth,dcid:country/CRI,2011,128.0
dcs:who/TB_new_snsuoth,dcid:country/CRI,2010,90.0
dcs:who/TB_new_snsuoth,dcid:country/CRI,2012,99.0
dcs:who/TB_new_snsuoth,dcid:country/CUB,2001,200.0
dcs:who/TB_new_snsuoth,dcid:country/CUB,2007,184.0
dcs:who/TB_new_snsuoth,dcid:country/CUB,2011,225.0
dcs:who/TB_new_snsuoth,dcid:country/CUB,2010,222.0
dcs:who/TB_new_snsuoth,dcid:country/CUB,2009,157.0
dcs:who/TB_new_snsuoth,dcid:country/CUB,2004,174.0
dcs:who/TB_new_snsuoth,dcid:country/CUB,2002,207.0
dcs:who/TB_new_snsuoth,dcid:country/CUB,2003,179.0
dcs:who/TB_new_snsuoth,dcid:country/CUB,2006,188.0
dcs:who/TB_new_snsuoth,dcid:country/CUB,2000,257.0
dcs:who/TB_new_snsuoth,dcid:country/CUB,2012,202.0
dcs:who/TB_new_snsuoth,dcid:country/CUB,2005,160.0
dcs:who/TB_new_snsuoth,dcid:country/CUB,2008,167.0
dcs:who/TB_new_snsuoth,dcid:country/CYP,2012,28.0
dcs:who/TB_new_snsuoth,dcid:country/CYP,2003,15.0
dcs:who/TB_new_snsuoth,dcid:country/CYP,2000,10.0
dcs:who/TB_new_snsuoth,dcid:country/CYP,2005,13.0
dcs:who/TB_new_snsuoth,dcid:country/CYP,2011,15.0
dcs:who/TB_new_snsuoth,dcid:country/CYP,2009,15.0
dcs:who/TB_new_snsuoth,dcid:country/CYP,2002,12.0
dcs:who/TB_new_snsuoth,dcid:country/CYP,2006,22.0
dcs:who/TB_new_snsuoth,dcid:country/CYP,2008,28.0
dcs:who/TB_new_snsuoth,dcid:country/CYP,2007,27.0
dcs:who/TB_new_snsuoth,dcid:country/CYP,2010,12.0
dcs:who/TB_new_snsuoth,dcid:country/CYP,2004,16.0
dcs:who/TB_new_snsuoth,dcid:country/CZE,2012,268.0
dcs:who/TB_new_snsuoth,dcid:country/CZE,2006,480.0
dcs:who/TB_new_snsuoth,dcid:country/CZE,2011,306.0
dcs:who/TB_new_snsuoth,dcid:country/CZE,2007,407.0
dcs:who/TB_new_snsuoth,dcid:country/CZE,2008,432.0
dcs:who/TB_new_snsuoth,dcid:country/CZE,2010,325.0
dcs:who/TB_new_snsuoth,dcid:country/CZE,2009,318.0
dcs:who/TB_new_snsuoth,dcid:country/CZE,2001,737.0
dcs:who/TB_new_snsuoth,dcid:country/CZE,2000,679.0
dcs:who/TB_new_snsuoth,dcid:country/CZE,2005,461.0
dcs:who/TB_new_snsuoth,dcid:country/CZE,2003,518.0
dcs:who/TB_new_snsuoth,dcid:country/CZE,2002,556.0
dcs:who/TB_new_snsuoth,dcid:country/CZE,2004,492.0
dcs:who/TB_new_snsuoth,dcid:country/DEU,2007,2326.0
dcs:who/TB_new_snsuoth,dcid:country/DEU,2009,1794.0
dcs:who/TB_new_snsuoth,dcid:country/DEU,2004,3049.0
dcs:who/TB_new_snsuoth,dcid:country/DEU,2001,3462.0
dcs:who/TB_new_snsuoth,dcid:country/DEU,2010,1722.0
dcs:who/TB_new_snsuoth,dcid:country/DEU,2006,2537.0
dcs:who/TB_new_snsuoth,dcid:country/DEU,2002,3514.0
dcs:who/TB_new_snsuoth,dcid:country/DEU,2005,2801.0
dcs:who/TB_new_snsuoth,dcid:country/DEU,2011,1792.0
dcs:who/TB_new_snsuoth,dcid:country/DEU,2003,3347.0
dcs:who/TB_new_snsuoth,dcid:country/DEU,2012,1611.0
dcs:who/TB_new_snsuoth,dcid:country/DEU,2008,1806.0
dcs:who/TB_new_snsuoth,dcid:country/DJI,2000,518.0
dcs:who/TB_new_snsuoth,dcid:country/DJI,2004,763.0
dcs:who/TB_new_snsuoth,dcid:country/DJI,2003,858.0
dcs:who/TB_new_snsuoth,dcid:country/DJI,2006,400.0
dcs:who/TB_new_snsuoth,dcid:country/DJI,2011,569.0
dcs:who/TB_new_snsuoth,dcid:country/DJI,2010,538.0
dcs:who/TB_new_snsuoth,dcid:country/DJI,2002,738.0
dcs:who/TB_new_snsuoth,dcid:country/DJI,2001,1377.0
dcs:who/TB_new_snsuoth,dcid:country/DJI,2008,477.0
dcs:who/TB_new_snsuoth,dcid:country/DJI,2007,329.0
dcs:who/TB_new_snsuoth,dcid:country/DJI,2012,547.0
dcs:who/TB_new_snsuoth,dcid:country/DJI,2005,739.0
dcs:who/TB_new_snsuoth,dcid:country/DJI,2009,507.0
dcs:who/TB_new_snsuoth,dcid:country/DMA,2007,0.0
dcs:who/TB_new_snsuoth,dcid:country/DMA,2010,0.0
dcs:who/TB_new_snsuoth,dcid:country/DMA,2011,0.0
dcs:who/TB_new_snsuoth,dcid:country/DMA,2012,1.0
dcs:who/TB_new_snsuoth,dcid:country/DMA,2002,0.0
dcs:who/TB_new_snsuoth,dcid:country/DMA,2009,0.0
dcs:who/TB_new_snsuoth,dcid:country/DMA,2006,11.0
dcs:who/TB_new_snsuoth,dcid:country/DMA,2008,9.0
dcs:who/TB_new_snsuoth,dcid:country/DNK,2007,137.0
dcs:who/TB_new_snsuoth,dcid:country/DNK,2009,127.0
dcs:who/TB_new_snsuoth,dcid:country/DNK,2011,190.0
dcs:who/TB_new_snsuoth,dcid:country/DNK,2001,193.0
dcs:who/TB_new_snsuoth,dcid:country/DNK,2012,161.0
dcs:who/TB_new_snsuoth,dcid:country/DNK,2010,173.0
dcs:who/TB_new_snsuoth,dcid:country/DNK,2005,145.0
dcs:who/TB_new_snsuoth,dcid:country/DNK,2004,121.0
dcs:who/TB_new_snsuoth,dcid:country/DNK,2003,131.0
dcs:who/TB_new_snsuoth,dcid:country/DNK,2000,244.0
dcs:who/TB_new_snsuoth,dcid:country/DNK,2006,123.0
dcs:who/TB_new_snsuoth,dcid:country/DNK,2008,141.0
dcs:who/TB_new_snsuoth,dcid:country/DNK,2002,150.0
dcs:who/TB_new_snsuoth,dcid:country/DOM,2005,1032.0
dcs:who/TB_new_snsuoth,dcid:country/DOM,2006,934.0
dcs:who/TB_new_snsuoth,dcid:country/DOM,2003,919.0
dcs:who/TB_new_snsuoth,dcid:country/DOM,2009,934.0
dcs:who/TB_new_snsuoth,dcid:country/DOM,2004,901.0
dcs:who/TB_new_snsuoth,dcid:country/DOM,2002,1043.0
dcs:who/TB_new_snsuoth,dcid:country/DOM,2011,858.0
dcs:who/TB_new_snsuoth,dcid:country/DOM,2012,861.0
dcs:who/TB_new_snsuoth,dcid:country/DOM,2008,933.0
dcs:who/TB_new_snsuoth,dcid:country/DOM,2007,830.0
dcs:who/TB_new_snsuoth,dcid:country/DOM,2010,903.0
dcs:who/TB_new_snsuoth,dcid:country/DOM,2001,1141.0
dcs:who/TB_new_snsuoth,dcid:country/DOM,2000,1234.0
dcs:who/TB_new_snsuoth,dcid:country/DZA,2010,1770.0
dcs:who/TB_new_snsuoth,dcid:country/DZA,2002,1339.0
dcs:who/TB_new_snsuoth,dcid:country/DZA,2000,2019.0
dcs:who/TB_new_snsuoth,dcid:country/DZA,2003,1812.0
dcs:who/TB_new_snsuoth,dcid:country/DZA,2001,1630.0
dcs:who/TB_new_snsuoth,dcid:country/DZA,2004,1525.0
dcs:who/TB_new_snsuoth,dcid:country/DZA,2011,1753.0
dcs:who/TB_new_snsuoth,dcid:country/DZA,2005,1918.0
dcs:who/TB_new_snsuoth,dcid:country/DZA,2009,1921.0
dcs:who/TB_new_snsuoth,dcid:country/DZA,2012,1702.0
dcs:who/TB_new_snsuoth,dcid:country/DZA,2008,1528.0
dcs:who/TB_new_snsuoth,dcid:country/DZA,2006,1827.0
dcs:who/TB_new_snsuoth,dcid:country/DZA,2007,1807.0
dcs:who/TB_new_snsuoth,dcid:country/ECU,2006,540.0
dcs:who/TB_new_snsuoth,dcid:country/ECU,2010,404.0
dcs:who/TB_new_snsuoth,dcid:country/ECU,2004,777.0
dcs:who/TB_new_snsuoth,dcid:country/ECU,2000,1338.0
dcs:who/TB_new_snsuoth,dcid:country/ECU,2012,396.0
dcs:who/TB_new_snsuoth,dcid:country/ECU,2003,829.0
dcs:who/TB_new_snsuoth,dcid:country/ECU,2007,480.0
dcs:who/TB_new_snsuoth,dcid:country/ECU,2001,1138.0
dcs:who/TB_new_snsuoth,dcid:country/ECU,2011,380.0
dcs:who/TB_new_snsuoth,dcid:country/ECU,2008,435.0
dcs:who/TB_new_snsuoth,dcid:country/ECU,2005,635.0
dcs:who/TB_new_snsuoth,dcid:country/ECU,2002,891.0
dcs:who/TB_new_snsuoth,dcid:country/ECU,2009,369.0
dcs:who/TB_new_snsuoth,dcid:country/EGY,2005,2617.0
dcs:who/TB_new_snsuoth,dcid:country/EGY,2010,1158.0
dcs:who/TB_new_snsuoth,dcid:country/EGY,2002,2734.0
dcs:who/TB_new_snsuoth,dcid:country/EGY,2008,1190.0
dcs:who/TB_new_snsuoth,dcid:country/EGY,2004,2339.0
dcs:who/TB_new_snsuoth,dcid:country/EGY,2011,1055.0
dcs:who/TB_new_snsuoth,dcid:country/EGY,2007,1703.0
dcs:who/TB_new_snsuoth,dcid:country/EGY,2006,2130.0
dcs:who/TB_new_snsuoth,dcid:country/EGY,2001,2419.0
dcs:who/TB_new_snsuoth,dcid:country/EGY,2012,937.0
dcs:who/TB_new_snsuoth,dcid:country/EGY,2000,2693.0
dcs:who/TB_new_snsuoth,dcid:country/EGY,2009,1238.0
dcs:who/TB_new_snsuoth,dcid:country/EGY,2003,2764.0
dcs:who/TB_new_snsuoth,dcid:country/ERI,2003,2363.0
dcs:who/TB_new_snsuoth,dcid:country/ERI,2006,1484.0
dcs:who/TB_new_snsuoth,dcid:country/ERI,2007,2086.0
dcs:who/TB_new_snsuoth,dcid:country/ERI,2012,1154.0
dcs:who/TB_new_snsuoth,dcid:country/ERI,2009,1123.0
dcs:who/TB_new_snsuoth,dcid:country/ERI,2001,1120.0
dcs:who/TB_new_snsuoth,dcid:country/ERI,2008,1142.0
dcs:who/TB_new_snsuoth,dcid:country/ERI,2002,1293.0
dcs:who/TB_new_snsuoth,dcid:country/ERI,2004,2161.0
dcs:who/TB_new_snsuoth,dcid:country/ERI,2010,1115.0
dcs:who/TB_new_snsuoth,dcid:country/ERI,2000,5332.0
dcs:who/TB_new_snsuoth,dcid:country/ERI,2011,1223.0
dcs:who/TB_new_snsuoth,dcid:country/ERI,2005,1764.0
dcs:who/TB_new_snsuoth,dcid:country/ESP,2010,2339.0
dcs:who/TB_new_snsuoth,dcid:country/ESP,2011,2238.0
dcs:who/TB_new_snsuoth,dcid:country/ESP,2012,1855.0
dcs:who/TB_new_snsuoth,dcid:country/ESP,2009,6687.0
dcs:who/TB_new_snsuoth,dcid:country/ESP,2008,2855.0
dcs:who/TB_new_snsuoth,dcid:country/ESP,2000,4446.0
dcs:who/TB_new_snsuoth,dcid:country/ESP,2003,4129.0
dcs:who/TB_new_snsuoth,dcid:country/ESP,2007,3583.0
dcs:who/TB_new_snsuoth,dcid:country/ESP,2004,3081.0
dcs:who/TB_new_snsuoth,dcid:country/ESP,2005,3880.0
dcs:who/TB_new_snsuoth,dcid:country/ESP,2006,4234.0
dcs:who/TB_new_snsuoth,dcid:country/ESP,2002,3835.0
dcs:who/TB_new_snsuoth,dcid:country/ESP,2001,4320.0
dcs:who/TB_new_snsuoth,dcid:country/EST,2010,135.0
dcs:who/TB_new_snsuoth,dcid:country/EST,2004,225.0
dcs:who/TB_new_snsuoth,dcid:country/EST,2011,122.0
dcs:who/TB_new_snsuoth,dcid:country/EST,2000,320.0
dcs:who/TB_new_snsuoth,dcid:country/EST,2009,170.0
dcs:who/TB_new_snsuoth,dcid:country/EST,2012,110.0
dcs:who/TB_new_snsuoth,dcid:country/EST,2002,248.0
dcs:who/TB_new_snsuoth,dcid:country/EST,2001,270.0
dcs:who/TB_new_snsuoth,dcid:country/EST,2005,217.0
dcs:who/TB_new_snsuoth,dcid:country/EST,2006,195.0
dcs:who/TB_new_snsuoth,dcid:country/EST,2003,239.0
dcs:who/TB_new_snsuoth,dcid:country/EST,2008,180.0
dcs:who/TB_new_snsuoth,dcid:country/EST,2007,209.0
dcs:who/TB_new_snsuoth,dcid:country/ETH,2003,35141.0
dcs:who/TB_new_snsuoth,dcid:country/ETH,2007,43500.0
dcs:who/TB_new_snsuoth,dcid:country/ETH,2010,54979.0
dcs:who/TB_new_snsuoth,dcid:country/ETH,2012,49413.0
dcs:who/TB_new_snsuoth,dcid:country/ETH,2002,33308.0
dcs:who/TB_new_snsuoth,dcid:country/ETH,2009,52053.0
dcs:who/TB_new_snsuoth,dcid:country/ETH,2005,39816.0
dcs:who/TB_new_snsuoth,dcid:country/ETH,2006,40234.0
dcs:who/TB_new_snsuoth,dcid:country/ETH,2000,30565.0
dcs:who/TB_new_snsuoth,dcid:country/ETH,2001,28561.0
dcs:who/TB_new_snsuoth,dcid:country/ETH,2008,49372.0
dcs:who/TB_new_snsuoth,dcid:country/ETH,2011,55497.0
dcs:who/TB_new_snsuoth,dcid:country/ETH,2004,37119.0
dcs:who/TB_new_snsuoth,dcid:country/FIN,2010,134.0
dcs:who/TB_new_snsuoth,dcid:country/FIN,2012,104.0
dcs:who/TB_new_snsuoth,dcid:country/FIN,2005,114.0
dcs:who/TB_new_snsuoth,dcid:country/FIN,2009,190.0
dcs:who/TB_new_snsuoth,dcid:country/FIN,2006,110.0
dcs:who/TB_new_snsuoth,dcid:country/FIN,2000,136.0
dcs:who/TB_new_snsuoth,dcid:country/FIN,2008,104.0
dcs:who/TB_new_snsuoth,dcid:country/FIN,2007,112.0
dcs:who/TB_new_snsuoth,dcid:country/FIN,2004,98.0
dcs:who/TB_new_snsuoth,dcid:country/FIN,2011,140.0
dcs:who/TB_new_snsuoth,dcid:country/FIN,2001,142.0
dcs:who/TB_new_snsuoth,dcid:country/FIN,2002,152.0
dcs:who/TB_new_snsuoth,dcid:country/FIN,2003,134.0
dcs:who/TB_new_snsuoth,dcid:country/FJI,2006,22.0
dcs:who/TB_new_snsuoth,dcid:country/FJI,2009,21.0
dcs:who/TB_new_snsuoth,dcid:country/FJI,2007,7.0
dcs:who/TB_new_snsuoth,dcid:country/FJI,2010,45.0
dcs:who/TB_new_snsuoth,dcid:country/FJI,2008,5.0
dcs:who/TB_new_snsuoth,dcid:country/FJI,2004,38.0
dcs:who/TB_new_snsuoth,dcid:country/FJI,2011,62.0
dcs:who/TB_new_snsuoth,dcid:country/FJI,2000,42.0
dcs:who/TB_new_snsuoth,dcid:country/FJI,2003,48.0
dcs:who/TB_new_snsuoth,dcid:country/FJI,2001,62.0
dcs:who/TB_new_snsuoth,dcid:country/FJI,2005,29.0
dcs:who/TB_new_snsuoth,dcid:country/FJI,2012,54.0
dcs:who/TB_new_snsuoth,dcid:country/FJI,2002,34.0
dcs:who/TB_new_snsuoth,dcid:country/FRA,2011,1046.0
dcs:who/TB_new_snsuoth,dcid:country/FRA,2012,1039.0
dcs:who/TB_new_snsuoth,dcid:country/FRA,2002,1843.0
dcs:who/TB_new_snsuoth,dcid:country/FRA,2010,1027.0
dcs:who/TB_new_snsuoth,dcid:country/FRA,2006,1626.0
dcs:who/TB_new_snsuoth,dcid:country/FRA,2001,1876.0
dcs:who/TB_new_snsuoth,dcid:country/FRA,2007,1856.0
dcs:who/TB_new_snsuoth,dcid:country/FRA,2000,1364.0
dcs:who/TB_new_snsuoth,dcid:country/FRA,2003,1919.0
dcs:who/TB_new_snsuoth,dcid:country/FRA,2009,1046.0
dcs:who/TB_new_snsuoth,dcid:country/FRA,2008,1166.0
dcs:who/TB_new_snsuoth,dcid:country/FRA,2004,1701.0
dcs:who/TB_new_snsuoth,dcid:country/FRA,2005,1557.0
dcs:who/TB_new_snsuoth,dcid:country/FSM,2000,69.0
dcs:who/TB_new_snsuoth,dcid:country/FSM,2008,93.0
dcs:who/TB_new_snsuoth,dcid:country/FSM,2010,79.0
dcs:who/TB_new_snsuoth,dcid:country/FSM,2011,73.0
dcs:who/TB_new_snsuoth,dcid:country/FSM,2004,51.0
dcs:who/TB_new_snsuoth,dcid:country/FSM,2003,51.0
dcs:who/TB_new_snsuoth,dcid:country/FSM,2006,37.0
dcs:who/TB_new_snsuoth,dcid:country/FSM,2012,77.0
dcs:who/TB_new_snsuoth,dcid:country/FSM,2001,66.0
dcs:who/TB_new_snsuoth,dcid:country/FSM,2005,40.0
dcs:who/TB_new_snsuoth,dcid:country/FSM,2007,62.0
dcs:who/TB_new_snsuoth,dcid:country/FSM,2009,47.0
dcs:who/TB_new_snsuoth,dcid:country/FSM,2002,79.0
dcs:who/TB_new_snsuoth,dcid:country/GAB,2007,1730.0
dcs:who/TB_new_snsuoth,dcid:country/GAB,2004,864.0
dcs:who/TB_new_snsuoth,dcid:country/GAB,2010,1366.0
dcs:who/TB_new_snsuoth,dcid:country/GAB,2009,1414.0
dcs:who/TB_new_snsuoth,dcid:country/GAB,2001,1082.0
dcs:who/TB_new_snsuoth,dcid:country/GAB,2012,2353.0
dcs:who/TB_new_snsuoth,dcid:country/GAB,2005,1071.0
dcs:who/TB_new_snsuoth,dcid:country/GAB,2003,717.0
dcs:who/TB_new_snsuoth,dcid:country/GAB,2011,1959.0
dcs:who/TB_new_snsuoth,dcid:country/GAB,2008,2461.0
dcs:who/TB_new_snsuoth,dcid:country/GAB,2002,837.0
dcs:who/TB_new_snsuoth,dcid:country/GAB,2006,1478.0
dcs:who/TB_new_snsuoth,dcid:country/GBR,2011,2877.0
dcs:who/TB_new_snsuoth,dcid:country/GBR,2012,2804.0
dcs:who/TB_new_snsuoth,dcid:country/GBR,2008,2267.0
dcs:who/TB_new_snsuoth,dcid:country/GBR,2006,2832.0
dcs:who/TB_new_snsuoth,dcid:country/GBR,2009,2608.0
dcs:who/TB_new_snsuoth,dcid:country/GBR,2003,2067.0
dcs:who/TB_new_snsuoth,dcid:country/GBR,2007,2707.0
dcs:who/TB_new_snsuoth,dcid:country/GBR,2004,2198.0
dcs:who/TB_new_snsuoth,dcid:country/GBR,2005,2752.0
dcs:who/TB_new_snsuoth,dcid:country/GBR,2000,2037.0
dcs:who/TB_new_snsuoth,dcid:country/GBR,2002,2656.0
dcs:who/TB_new_snsuoth,dcid:country/GBR,2010,2645.0
dcs:who/TB_new_snsuoth,dcid:country/GBR,2001,2521.0
dcs:who/TB_new_snsuoth,dcid:country/GEO,2007,964.0
dcs:who/TB_new_snsuoth,dcid:country/GEO,2001,1772.0
dcs:who/TB_new_snsuoth,dcid:country/GEO,2008,1063.0
dcs:who/TB_new_snsuoth,dcid:country/GEO,2012,1186.0
dcs:who/TB_new_snsuoth,dcid:country/GEO,2006,1231.0
dcs:who/TB_new_snsuoth,dcid:country/GEO,2005,1524.0
dcs:who/TB_new_snsuoth,dcid:country/GEO,2003,1816.0
dcs:who/TB_new_snsuoth,dcid:country/GEO,2002,2143.0
dcs:who/TB_new_snsuoth,dcid:country/GEO,2009,1119.0
dcs:who/TB_new_snsuoth,dcid:country/GEO,2010,1088.0
dcs:who/TB_new_snsuoth,dcid:country/GEO,2004,1497.0
dcs:who/TB_new_snsuoth,dcid:country/GEO,2011,1141.0
dcs:who/TB_new_snsuoth,dcid:country/GEO,2000,2213.0
dcs:who/TB_new_snsuoth,dcid:country/GHA,2003,2860.0
dcs:who/TB_new_snsuoth,dcid:country/GHA,2010,5068.0
dcs:who/TB_new_snsuoth,dcid:country/GHA,2004,3122.0
dcs:who/TB_new_snsuoth,dcid:country/GHA,2001,2820.0
dcs:who/TB_new_snsuoth,dcid:country/GHA,2006,3139.0
dcs:who/TB_new_snsuoth,dcid:country/GHA,2011,5875.0
dcs:who/TB_new_snsuoth,dcid:country/GHA,2005,3068.0
dcs:who/TB_new_snsuoth,dcid:country/GHA,2009,4734.0
dcs:who/TB_new_snsuoth,dcid:country/GHA,2008,4416.0
dcs:who/TB_new_snsuoth,dcid:country/GHA,2000,2500.0
dcs:who/TB_new_snsuoth,dcid:country/GHA,2012,5979.0
dcs:who/TB_new_snsuoth,dcid:country/GHA,2007,3759.0
dcs:who/TB_new_snsuoth,dcid:country/GHA,2002,2694.0
dcs:who/TB_new_snsuoth,dcid:country/GIN,2012,1831.0
dcs:who/TB_new_snsuoth,dcid:country/GIN,2003,486.0
dcs:who/TB_new_snsuoth,dcid:country/GIN,2007,1167.0
dcs:who/TB_new_snsuoth,dcid:country/GIN,2000,430.0
dcs:who/TB_new_snsuoth,dcid:country/GIN,2001,493.0
dcs:who/TB_new_snsuoth,dcid:country/GIN,2009,1021.0
dcs:who/TB_new_snsuoth,dcid:country/GIN,2011,1719.0
dcs:who/TB_new_snsuoth,dcid:country/GIN,2006,898.0
dcs:who/TB_new_snsuoth,dcid:country/GIN,2008,1288.0
dcs:who/TB_new_snsuoth,dcid:country/GIN,2005,524.0
dcs:who/TB_new_snsuoth,dcid:country/GIN,2004,590.0
dcs:who/TB_new_snsuoth,dcid:country/GIN,2010,1558.0
dcs:who/TB_new_snsuoth,dcid:country/GIN,2002,563.0
dcs:who/TB_new_snsuoth,dcid:country/GMB,2008,623.0
dcs:who/TB_new_snsuoth,dcid:country/GMB,2010,462.0
dcs:who/TB_new_snsuoth,dcid:country/GMB,2012,643.0
dcs:who/TB_new_snsuoth,dcid:country/GMB,2003,786.0
dcs:who/TB_new_snsuoth,dcid:country/GMB,2002,710.0
dcs:who/TB_new_snsuoth,dcid:country/GMB,2004,969.0
dcs:who/TB_new_snsuoth,dcid:country/GMB,2006,467.0
dcs:who/TB_new_snsuoth,dcid:country/GMB,2005,749.0
dcs:who/TB_new_snsuoth,dcid:country/GMB,2009,611.0
dcs:who/TB_new_snsuoth,dcid:country/GMB,2001,612.0
dcs:who/TB_new_snsuoth,dcid:country/GMB,2000,515.0
dcs:who/TB_new_snsuoth,dcid:country/GMB,2007,564.0
dcs:who/TB_new_snsuoth,dcid:country/GMB,2011,677.0
dcs:who/TB_new_snsuoth,dcid:country/GNB,2008,797.0
dcs:who/TB_new_snsuoth,dcid:country/GNB,2011,644.0
dcs:who/TB_new_snsuoth,dcid:country/GNB,2002,528.0
dcs:who/TB_new_snsuoth,dcid:country/GNB,2003,450.0
dcs:who/TB_new_snsuoth,dcid:country/GNB,2010,636.0
dcs:who/TB_new_snsuoth,dcid:country/GNB,2000,600.0
dcs:who/TB_new_snsuoth,dcid:country/GNB,2004,495.0
dcs:who/TB_new_snsuoth,dcid:country/GNB,2009,786.0
dcs:who/TB_new_snsuoth,dcid:country/GNB,2005,522.0
dcs:who/TB_new_snsuoth,dcid:country/GNB,2012,521.0
dcs:who/TB_new_snsuoth,dcid:country/GNB,2006,955.0
dcs:who/TB_new_snsuoth,dcid:country/GNQ,2008,92.0
dcs:who/TB_new_snsuoth,dcid:country/GNQ,2010,98.0
dcs:who/TB_new_snsuoth,dcid:country/GNQ,2004,42.0
dcs:who/TB_new_snsuoth,dcid:country/GNQ,2009,109.0
dcs:who/TB_new_snsuoth,dcid:country/GNQ,2011,118.0
dcs:who/TB_new_snsuoth,dcid:country/GRC,2001,231.0
dcs:who/TB_new_snsuoth,dcid:country/GRC,2011,159.0
dcs:who/TB_new_snsuoth,dcid:country/GRC,2005,322.0
dcs:who/TB_new_snsuoth,dcid:country/GRC,2000,339.0
dcs:who/TB_new_snsuoth,dcid:country/GRC,2006,286.0
dcs:who/TB_new_snsuoth,dcid:country/GRC,2012,164.0
dcs:who/TB_new_snsuoth,dcid:country/GRC,2007,229.0
dcs:who/TB_new_snsuoth,dcid:country/GRC,2004,409.0
dcs:who/TB_new_snsuoth,dcid:country/GRC,2002,256.0
dcs:who/TB_new_snsuoth,dcid:country/GRC,2003,253.0
dcs:who/TB_new_snsuoth,dcid:country/GRC,2010,128.0
dcs:who/TB_new_snsuoth,dcid:country/GRC,2009,200.0
dcs:who/TB_new_snsuoth,dcid:country/GRC,2008,374.0
dcs:who/TB_new_snsuoth,dcid:country/GRD,2007,0.0
dcs:who/TB_new_snsuoth,dcid:country/GRD,2000,0.0
dcs:who/TB_new_snsuoth,dcid:country/GRD,2011,1.0
dcs:who/TB_new_snsuoth,dcid:country/GRD,2003,0.0
dcs:who/TB_new_snsuoth,dcid:country/GRD,2009,1.0
dcs:who/TB_new_snsuoth,dcid:country/GRD,2006,0.0
dcs:who/TB_new_snsuoth,dcid:country/GRD,2008,0.0
dcs:who/TB_new_snsuoth,dcid:country/GRD,2012,0.0
dcs:who/TB_new_snsuoth,dcid:country/GRD,2010,0.0
dcs:who/TB_new_snsuoth,dcid:country/GTM,2011,724.0
dcs:who/TB_new_snsuoth,dcid:country/GTM,2003,479.0
dcs:who/TB_new_snsuoth,dcid:country/GTM,2008,698.0
dcs:who/TB_new_snsuoth,dcid:country/GTM,2004,615.0
dcs:who/TB_new_snsuoth,dcid:country/GTM,2002,665.0
dcs:who/TB_new_snsuoth,dcid:country/GTM,2009,998.0
dcs:who/TB_new_snsuoth,dcid:country/GTM,2010,701.0
dcs:who/TB_new_snsuoth,dcid:country/GTM,2005,588.0
dcs:who/TB_new_snsuoth,dcid:country/GTM,2007,376.0
dcs:who/TB_new_snsuoth,dcid:country/GTM,2001,449.0
dcs:who/TB_new_snsuoth,dcid:country/GTM,2012,775.0
dcs:who/TB_new_snsuoth,dcid:country/GTM,2000,518.0
dcs:who/TB_new_snsuoth,dcid:country/GTM,2006,774.0
dcs:who/TB_new_snsuoth,dcid:country/GUY,2009,301.0
dcs:who/TB_new_snsuoth,dcid:country/GUY,2005,358.0
dcs:who/TB_new_snsuoth,dcid:country/GUY,2008,242.0
dcs:who/TB_new_snsuoth,dcid:country/GUY,2012,339.0
dcs:who/TB_new_snsuoth,dcid:country/GUY,2006,372.0
dcs:who/TB_new_snsuoth,dcid:country/GUY,2004,346.0
dcs:who/TB_new_snsuoth,dcid:country/GUY,2000,231.0
dcs:who/TB_new_snsuoth,dcid:country/GUY,2001,219.0
dcs:who/TB_new_snsuoth,dcid:country/GUY,2003,328.0
dcs:who/TB_new_snsuoth,dcid:country/GUY,2007,302.0
dcs:who/TB_new_snsuoth,dcid:country/GUY,2002,409.0
dcs:who/TB_new_snsuoth,dcid:country/GUY,2010,274.0
dcs:who/TB_new_snsuoth,dcid:country/GUY,2011,282.0
dcs:who/TB_new_snsuoth,dcid:country/HND,2011,616.0
dcs:who/TB_new_snsuoth,dcid:country/HND,2009,520.0
dcs:who/TB_new_snsuoth,dcid:country/HND,2005,721.0
dcs:who/TB_new_snsuoth,dcid:country/HND,2007,470.0
dcs:who/TB_new_snsuoth,dcid:country/HND,2010,482.0
dcs:who/TB_new_snsuoth,dcid:country/HND,2002,873.0
dcs:who/TB_new_snsuoth,dcid:country/HND,2004,1086.0
dcs:who/TB_new_snsuoth,dcid:country/HND,2008,451.0
dcs:who/TB_new_snsuoth,dcid:country/HND,2003,1148.0
dcs:who/TB_new_snsuoth,dcid:country/HND,2006,656.0
dcs:who/TB_new_snsuoth,dcid:country/HND,2001,1553.0
dcs:who/TB_new_snsuoth,dcid:country/HND,2012,509.0
dcs:who/TB_new_snsuoth,dcid:country/HND,2000,2396.0
dcs:who/TB_new_snsuoth,dcid:country/HRV,2004,606.0
dcs:who/TB_new_snsuoth,dcid:country/HRV,2009,410.0
dcs:who/TB_new_snsuoth,dcid:country/HRV,2010,382.0
dcs:who/TB_new_snsuoth,dcid:country/HRV,2006,520.0
dcs:who/TB_new_snsuoth,dcid:country/HRV,2008,515.0
dcs:who/TB_new_snsuoth,dcid:country/HRV,2003,756.0
dcs:who/TB_new_snsuoth,dcid:country/HRV,2011,343.0
dcs:who/TB_new_snsuoth,dcid:country/HRV,2007,394.0
dcs:who/TB_new_snsuoth,dcid:country/HRV,2002,768.0
dcs:who/TB_new_snsuoth,dcid:country/HRV,2001,801.0
dcs:who/TB_new_snsuoth,dcid:country/HRV,2005,575.0
dcs:who/TB_new_snsuoth,dcid:country/HRV,2012,336.0
dcs:who/TB_new_snsuoth,dcid:country/HTI,2008,4655.0
dcs:who/TB_new_snsuoth,dcid:country/HTI,2009,4646.0
dcs:who/TB_new_snsuoth,dcid:country/HTI,2010,4335.0
dcs:who/TB_new_snsuoth,dcid:country/HTI,2000,2930.0
dcs:who/TB_new_snsuoth,dcid:country/HTI,2001,3154.0
dcs:who/TB_new_snsuoth,dcid:country/HTI,2004,5873.0
dcs:who/TB_new_snsuoth,dcid:country/HTI,2005,5292.0
dcs:who/TB_new_snsuoth,dcid:country/HTI,2006,4796.0
dcs:who/TB_new_snsuoth,dcid:country/HTI,2007,4472.0
dcs:who/TB_new_snsuoth,dcid:country/HTI,2011,4871.0
dcs:who/TB_new_snsuoth,dcid:country/HTI,2002,4235.0
dcs:who/TB_new_snsuoth,dcid:country/HTI,2012,4940.0
dcs:who/TB_new_snsuoth,dcid:country/HTI,2003,5305.0
dcs:who/TB_new_snsuoth,dcid:country/HUN,2008,896.0
dcs:who/TB_new_snsuoth,dcid:country/HUN,2012,831.0
dcs:who/TB_new_snsuoth,dcid:country/HUN,2000,2361.0
dcs:who/TB_new_snsuoth,dcid:country/HUN,2001,2007.0
dcs:who/TB_new_snsuoth,dcid:country/HUN,2009,766.0
dcs:who/TB_new_snsuoth,dcid:country/HUN,2005,1137.0
dcs:who/TB_new_snsuoth,dcid:country/HUN,2003,1620.0
dcs:who/TB_new_snsuoth,dcid:country/HUN,2002,1785.0
dcs:who/TB_new_snsuoth,dcid:country/HUN,2010,1135.0
dcs:who/TB_new_snsuoth,dcid:country/HUN,2007,957.0
dcs:who/TB_new_snsuoth,dcid:country/HUN,2006,1067.0
dcs:who/TB_new_snsuoth,dcid:country/HUN,2004,1389.0
dcs:who/TB_new_snsuoth,dcid:country/HUN,2011,910.0
dcs:who/TB_new_snsuoth,dcid:country/IDN,2005,85373.0
dcs:who/TB_new_snsuoth,dcid:country/IDN,2000,15035.0
dcs:who/TB_new_snsuoth,dcid:country/IDN,2001,34547.0
dcs:who/TB_new_snsuoth,dcid:country/IDN,2010,101247.0
dcs:who/TB_new_snsuoth,dcid:country/IDN,2006,91029.0
dcs:who/TB_new_snsuoth,dcid:country/IDN,2012,104866.0
dcs:who/TB_new_snsuoth,dcid:country/IDN,2003,77561.0
dcs:who/TB_new_snsuoth,dcid:country/IDN,2009,108616.0
dcs:who/TB_new_snsuoth,dcid:country/IDN,2008,116850.0
dcs:who/TB_new_snsuoth,dcid:country/IDN,2011,101750.0
dcs:who/TB_new_snsuoth,dcid:country/IDN,2002,72219.0
dcs:who/TB_new_snsuoth,dcid:country/IDN,2004,76981.0
dcs:who/TB_new_snsuoth,dcid:country/IDN,2007,102613.0
dcs:who/TB_new_snsuoth,dcid:country/IND,2000,650345.0
dcs:who/TB_new_snsuoth,dcid:country/IND,2007,399660.0
dcs:who/TB_new_snsuoth,dcid:country/IND,2002,506249.0
dcs:who/TB_new_snsuoth,dcid:country/IND,2003,459424.0
dcs:who/TB_new_snsuoth,dcid:country/IND,2012,319755.0
dcs:who/TB_new_snsuoth,dcid:country/IND,2006,401868.0
dcs:who/TB_new_snsuoth,dcid:country/IND,2008,392130.0
dcs:who/TB_new_snsuoth,dcid:country/IND,2001,554437.0
dcs:who/TB_new_snsuoth,dcid:country/IND,2010,367889.0
dcs:who/TB_new_snsuoth,dcid:country/IND,2004,432364.0
dcs:who/TB_new_snsuoth,dcid:country/IND,2009,385909.0
dcs:who/TB_new_snsuoth,dcid:country/IND,2005,400447.0
dcs:who/TB_new_snsuoth,dcid:country/IND,2011,342155.0
dcs:who/TB_new_snsuoth,dcid:country/IRL,2012,98.0
dcs:who/TB_new_snsuoth,dcid:country/IRL,2009,131.0
dcs:who/TB_new_snsuoth,dcid:country/IRL,2010,127.0
dcs:who/TB_new_snsuoth,dcid:country/IRL,2011,112.0
dcs:who/TB_new_snsuoth,dcid:country/IRL,2008,132.0
dcs:who/TB_new_snsuoth,dcid:country/IRL,2005,156.0
dcs:who/TB_new_snsuoth,dcid:country/IRL,2001,165.0
dcs:who/TB_new_snsuoth,dcid:country/IRL,2004,148.0
dcs:who/TB_new_snsuoth,dcid:country/IRL,2002,184.0
dcs:who/TB_new_snsuoth,dcid:country/IRL,2003,128.0
dcs:who/TB_new_snsuoth,dcid:country/IRL,2007,171.0
dcs:who/TB_new_snsuoth,dcid:country/IRL,2000,150.0
dcs:who/TB_new_snsuoth,dcid:country/IRL,2006,180.0
dcs:who/TB_new_snsuoth,dcid:country/IRN,2005,1807.0
dcs:who/TB_new_snsuoth,dcid:country/IRN,2010,1985.0
dcs:who/TB_new_snsuoth,dcid:country/IRN,2012,2191.0
dcs:who/TB_new_snsuoth,dcid:country/IRN,2007,1830.0
dcs:who/TB_new_snsuoth,dcid:country/IRN,2011,1980.0
dcs:who/TB_new_snsuoth,dcid:country/IRN,2009,1926.0
dcs:who/TB_new_snsuoth,dcid:country/IRN,2008,1865.0
dcs:who/TB_new_snsuoth,dcid:country/IRN,2006,1866.0
dcs:who/TB_new_snsuoth,dcid:country/IRN,2004,2131.0
dcs:who/TB_new_snsuoth,dcid:country/IRN,2001,2422.0
dcs:who/TB_new_snsuoth,dcid:country/IRN,2003,2370.0
dcs:who/TB_new_snsuoth,dcid:country/IRN,2000,2642.0
dcs:who/TB_new_snsuoth,dcid:country/IRN,2002,2455.0
dcs:who/TB_new_snsuoth,dcid:country/IRQ,2005,2887.0
dcs:who/TB_new_snsuoth,dcid:country/IRQ,2004,3153.0
dcs:who/TB_new_snsuoth,dcid:country/IRQ,2002,3854.0
dcs:who/TB_new_snsuoth,dcid:country/IRQ,2012,2315.0
dcs:who/TB_new_snsuoth,dcid:country/IRQ,2001,3285.0
dcs:who/TB_new_snsuoth,dcid:country/IRQ,2003,3727.0
dcs:who/TB_new_snsuoth,dcid:country/IRQ,2009,2666.0
dcs:who/TB_new_snsuoth,dcid:country/IRQ,2011,2463.0
dcs:who/TB_new_snsuoth,dcid:country/IRQ,2000,3188.0
dcs:who/TB_new_snsuoth,dcid:country/IRQ,2007,2293.0
dcs:who/TB_new_snsuoth,dcid:country/IRQ,2008,2727.0
dcs:who/TB_new_snsuoth,dcid:country/IRQ,2006,2179.0
dcs:who/TB_new_snsuoth,dcid:country/IRQ,2010,2693.0
dcs:who/TB_new_snsuoth,dcid:country/ISL,2010,12.0
dcs:who/TB_new_snsuoth,dcid:country/ISL,2009,2.0
dcs:who/TB_new_snsuoth,dcid:country/ISL,2011,2.0
dcs:who/TB_new_snsuoth,dcid:country/ISL,2001,5.0
dcs:who/TB_new_snsuoth,dcid:country/ISL,2000,7.0
dcs:who/TB_new_snsuoth,dcid:country/ISL,2007,5.0
dcs:who/TB_new_snsuoth,dcid:country/ISL,2008,1.0
dcs:who/TB_new_snsuoth,dcid:country/ISL,2004,3.0
dcs:who/TB_new_snsuoth,dcid:country/ISL,2002,4.0
dcs:who/TB_new_snsuoth,dcid:country/ISL,2012,5.0
dcs:who/TB_new_snsuoth,dcid:country/ISL,2006,3.0
dcs:who/TB_new_snsuoth,dcid:country/ISL,2005,3.0
dcs:who/TB_new_snsuoth,dcid:country/ISL,2003,2.0
dcs:who/TB_new_snsuoth,dcid:country/ISR,2002,161.0
dcs:who/TB_new_snsuoth,dcid:country/ISR,2007,217.0
dcs:who/TB_new_snsuoth,dcid:country/ISR,2003,169.0
dcs:who/TB_new_snsuoth,dcid:country/ISR,2004,197.0
dcs:who/TB_new_snsuoth,dcid:country/ISR,2011,207.0
dcs:who/TB_new_snsuoth,dcid:country/ISR,2006,178.0
dcs:who/TB_new_snsuoth,dcid:country/ISR,2000,213.0
dcs:who/TB_new_snsuoth,dcid:country/ISR,2001,220.0
dcs:who/TB_new_snsuoth,dcid:country/ISR,2012,254.0
dcs:who/TB_new_snsuoth,dcid:country/ISR,2008,147.0
dcs:who/TB_new_snsuoth,dcid:country/ISR,2005,168.0
dcs:who/TB_new_snsuoth,dcid:country/ISR,2010,162.0
dcs:who/TB_new_snsuoth,dcid:country/ISR,2009,130.0
dcs:who/TB_new_snsuoth,dcid:country/ITA,2012,513.0
dcs:who/TB_new_snsuoth,dcid:country/ITA,2009,863.0
dcs:who/TB_new_snsuoth,dcid:country/ITA,2011,790.0
dcs:who/TB_new_snsuoth,dcid:country/ITA,2007,1100.0
dcs:who/TB_new_snsuoth,dcid:country/ITA,2003,1668.0
dcs:who/TB_new_snsuoth,dcid:country/ITA,2008,1576.0
dcs:who/TB_new_snsuoth,dcid:country/ITA,2000,891.0
dcs:who/TB_new_snsuoth,dcid:country/ITA,2002,1699.0
dcs:who/TB_new_snsuoth,dcid:country/ITA,2005,1506.0
dcs:who/TB_new_snsuoth,dcid:country/ITA,2006,1473.0
dcs:who/TB_new_snsuoth,dcid:country/ITA,2010,917.0
dcs:who/TB_new_snsuoth,dcid:country/ITA,2001,1731.0
dcs:who/TB_new_snsuoth,dcid:country/ITA,2004,1770.0
dcs:who/TB_new_snsuoth,dcid:country/JAM,2011,63.0
dcs:who/TB_new_snsuoth,dcid:country/JAM,2012,33.0
dcs:who/TB_new_snsuoth,dcid:country/JAM,2005,31.0
dcs:who/TB_new_snsuoth,dcid:country/JAM,2009,48.0
dcs:who/TB_new_snsuoth,dcid:country/JAM,2004,34.0
dcs:who/TB_new_snsuoth,dcid:country/JAM,2000,20.0
dcs:who/TB_new_snsuoth,dcid:country/JAM,2010,46.0
dcs:who/TB_new_snsuoth,dcid:country/JAM,2001,37.0
dcs:who/TB_new_snsuoth,dcid:country/JAM,2002,32.0
dcs:who/TB_new_snsuoth,dcid:country/JAM,2006,19.0
dcs:who/TB_new_snsuoth,dcid:country/JAM,2008,22.0
dcs:who/TB_new_snsuoth,dcid:country/JAM,2007,20.0
dcs:who/TB_new_snsuoth,dcid:country/JAM,2003,31.0
dcs:who/TB_new_snsuoth,dcid:country/JOR,2006,70.0
dcs:who/TB_new_snsuoth,dcid:country/JOR,2008,68.0
dcs:who/TB_new_snsuoth,dcid:country/JOR,2011,81.0
dcs:who/TB_new_snsuoth,dcid:country/JOR,2003,61.0
dcs:who/TB_new_snsuoth,dcid:country/JOR,2012,73.0
dcs:who/TB_new_snsuoth,dcid:country/JOR,2005,88.0
dcs:who/TB_new_snsuoth,dcid:country/JOR,2007,70.0
dcs:who/TB_new_snsuoth,dcid:country/JOR,2010,69.0
dcs:who/TB_new_snsuoth,dcid:country/JOR,2000,69.0
dcs:who/TB_new_snsuoth,dcid:country/JOR,2004,55.0
dcs:who/TB_new_snsuoth,dcid:country/JOR,2001,84.0
dcs:who/TB_new_snsuoth,dcid:country/JOR,2009,64.0
dcs:who/TB_new_snsuoth,dcid:country/JOR,2002,84.0
dcs:who/TB_new_snsuoth,dcid:country/JPN,2006,9098.0
dcs:who/TB_new_snsuoth,dcid:country/JPN,2001,16212.0
dcs:who/TB_new_snsuoth,dcid:country/JPN,2011,8231.0
dcs:who/TB_new_snsuoth,dcid:country/JPN,2008,8856.0
dcs:who/TB_new_snsuoth,dcid:country/JPN,2012,7675.0
dcs:who/TB_new_snsuoth,dcid:country/JPN,2004,12384.0
dcs:who/TB_new_snsuoth,dcid:country/JPN,2005,10056.0
dcs:who/TB_new_snsuoth,dcid:country/JPN,2000,19118.0
dcs:who/TB_new_snsuoth,dcid:country/JPN,2010,8630.0
dcs:who/TB_new_snsuoth,dcid:country/JPN,2002,14539.0
dcs:who/TB_new_snsuoth,dcid:country/JPN,2007,9051.0
dcs:who/TB_new_snsuoth,dcid:country/JPN,2009,8591.0
dcs:who/TB_new_snsuoth,dcid:country/JPN,2003,13621.0
dcs:who/TB_new_snsuoth,dcid:country/KAZ,2003,14275.0
dcs:who/TB_new_snsuoth,dcid:country/KAZ,2009,9319.0
dcs:who/TB_new_snsuoth,dcid:country/KAZ,2006,11029.0
dcs:who/TB_new_snsuoth,dcid:country/KAZ,2012,7901.0
dcs:who/TB_new_snsuoth,dcid:country/KAZ,2010,8745.0
dcs:who/TB_new_snsuoth,dcid:country/KAZ,2004,14314.0
dcs:who/TB_new_snsuoth,dcid:country/KAZ,2001,12975.0
dcs:who/TB_new_snsuoth,dcid:country/KAZ,2000,11324.0
dcs:who/TB_new_snsuoth,dcid:country/KAZ,2005,14472.0
dcs:who/TB_new_snsuoth,dcid:country/KAZ,2011,8242.0
dcs:who/TB_new_snsuoth,dcid:country/KAZ,2008,10737.0
dcs:who/TB_new_snsuoth,dcid:country/KAZ,2002,14042.0
dcs:who/TB_new_snsuoth,dcid:country/KAZ,2007,12056.0
dcs:who/TB_new_snsuoth,dcid:country/KEN,2010,41962.0
dcs:who/TB_new_snsuoth,dcid:country/KEN,2012,36697.0
dcs:who/TB_new_snsuoth,dcid:country/KEN,2001,28097.0
dcs:who/TB_new_snsuoth,dcid:country/KEN,2007,49869.0
dcs:who/TB_new_snsuoth,dcid:country/KEN,2000,24143.0
dcs:who/TB_new_snsuoth,dcid:country/KEN,2006,48338.0
dcs:who/TB_new_snsuoth,dcid:country/KEN,2003,37135.0
dcs:who/TB_new_snsuoth,dcid:country/KEN,2005,43772.0
dcs:who/TB_new_snsuoth,dcid:country/KEN,2008,46115.0
dcs:who/TB_new_snsuoth,dcid:country/KEN,2004,41220.0
dcs:who/TB_new_snsuoth,dcid:country/KEN,2002,31765.0
dcs:who/TB_new_snsuoth,dcid:country/KEN,2011,39810.0
dcs:who/TB_new_snsuoth,dcid:country/KEN,2009,44514.0
dcs:who/TB_new_snsuoth,dcid:country/KGZ,2008,2933.0
dcs:who/TB_new_snsuoth,dcid:country/KGZ,2002,2256.0
dcs:who/TB_new_snsuoth,dcid:country/KGZ,2000,2929.0
dcs:who/TB_new_snsuoth,dcid:country/KGZ,2009,2267.0
dcs:who/TB_new_snsuoth,dcid:country/KGZ,2010,2028.0
dcs:who/TB_new_snsuoth,dcid:country/KGZ,2011,2125.0
dcs:who/TB_new_snsuoth,dcid:country/KGZ,2012,2448.0
dcs:who/TB_new_snsuoth,dcid:country/KGZ,2005,2141.0
dcs:who/TB_new_snsuoth,dcid:country/KGZ,2006,2132.0
dcs:who/TB_new_snsuoth,dcid:country/KGZ,2004,2069.0
dcs:who/TB_new_snsuoth,dcid:country/KGZ,2007,2220.0
dcs:who/TB_new_snsuoth,dcid:country/KHM,2001,1658.0
dcs:who/TB_new_snsuoth,dcid:country/KHM,2005,7057.0
dcs:who/TB_new_snsuoth,dcid:country/KHM,2000,1108.0
dcs:who/TB_new_snsuoth,dcid:country/KHM,2002,2852.0
dcs:who/TB_new_snsuoth,dcid:country/KHM,2003,4307.0
dcs:who/TB_new_snsuoth,dcid:country/KHM,2006,6875.0
dcs:who/TB_new_snsuoth,dcid:country/KHM,2007,7120.0
dcs:who/TB_new_snsuoth,dcid:country/KHM,2008,7847.0
dcs:who/TB_new_snsuoth,dcid:country/KHM,2009,8378.0
dcs:who/TB_new_snsuoth,dcid:country/KHM,2011,7686.0
dcs:who/TB_new_snsuoth,dcid:country/KHM,2010,8301.0
dcs:who/TB_new_snsuoth,dcid:country/KHM,2012,8509.0
dcs:who/TB_new_snsuoth,dcid:country/KHM,2004,5800.0
dcs:who/TB_new_snsuoth,dcid:country/KIR,2006,121.0
dcs:who/TB_new_snsuoth,dcid:country/KIR,2012,131.0
dcs:who/TB_new_snsuoth,dcid:country/KIR,2010,91.0
dcs:who/TB_new_snsuoth,dcid:country/KIR,2008,71.0
dcs:who/TB_new_snsuoth,dcid:country/KIR,2005,79.0
dcs:who/TB_new_snsuoth,dcid:country/KIR,2009,70.0
dcs:who/TB_new_snsuoth,dcid:country/KIR,2011,109.0
dcs:who/TB_new_snsuoth,dcid:country/KIR,2007,78.0
dcs:who/TB_new_snsuoth,dcid:country/KIR,2004,59.0
dcs:who/TB_new_snsuoth,dcid:country/KIR,2001,45.0
dcs:who/TB_new_snsuoth,dcid:country/KIR,2003,71.0
dcs:who/TB_new_snsuoth,dcid:country/KIR,2002,34.0
dcs:who/TB_new_snsuoth,dcid:country/KIR,2000,47.0
dcs:who/TB_new_snsuoth,dcid:country/KNA,2000,0.0
dcs:who/TB_new_snsuoth,dcid:country/KNA,2001,2.0
dcs:who/TB_new_snsuoth,dcid:country/KNA,2009,0.0
dcs:who/TB_new_snsuoth,dcid:country/KNA,2005,0.0
dcs:who/TB_new_snsuoth,dcid:country/KNA,2004,1.0
dcs:who/TB_new_snsuoth,dcid:country/KNA,2011,0.0
dcs:who/TB_new_snsuoth,dcid:country/KNA,2002,2.0
dcs:who/TB_new_snsuoth,dcid:country/KNA,2008,0.0
dcs:who/TB_new_snsuoth,dcid:country/KNA,2012,0.0
dcs:who/TB_new_snsuoth,dcid:country/KNA,2010,0.0
dcs:who/TB_new_snsuoth,dcid:country/KNA,2007,0.0
dcs:who/TB_new_snsuoth,dcid:country/KNA,2003,1.0
dcs:who/TB_new_snsuoth,dcid:country/KOR,2008,17292.0
dcs:who/TB_new_snsuoth,dcid:country/KOR,2001,18521.0
dcs:who/TB_new_snsuoth,dcid:country/KOR,2005,18460.0
dcs:who/TB_new_snsuoth,dcid:country/KOR,2006,18804.0
dcs:who/TB_new_snsuoth,dcid:country/KOR,2003,15964.0
dcs:who/TB_new_snsuoth,dcid:country/KOR,2012,18938.0
dcs:who/TB_new_snsuoth,dcid:country/KOR,2010,18660.0
dcs:who/TB_new_snsuoth,dcid:country/KOR,2007,18778.0
dcs:who/TB_new_snsuoth,dcid:country/KOR,2000,11304.0
dcs:who/TB_new_snsuoth,dcid:country/KOR,2004,16231.0
dcs:who/TB_new_snsuoth,dcid:country/KOR,2011,18386.0
dcs:who/TB_new_snsuoth,dcid:country/KOR,2002,16694.0
dcs:who/TB_new_snsuoth,dcid:country/KOR,2009,17634.0
dcs:who/TB_new_snsuoth,dcid:country/KWT,2008,158.0
dcs:who/TB_new_snsuoth,dcid:country/KWT,2011,141.0
dcs:who/TB_new_snsuoth,dcid:country/KWT,2012,140.0
dcs:who/TB_new_snsuoth,dcid:country/KWT,2009,155.0
dcs:who/TB_new_snsuoth,dcid:country/KWT,2004,65.0
dcs:who/TB_new_snsuoth,dcid:country/KWT,2006,76.0
dcs:who/TB_new_snsuoth,dcid:country/KWT,2007,94.0
dcs:who/TB_new_snsuoth,dcid:country/KWT,2003,73.0
dcs:who/TB_new_snsuoth,dcid:country/KWT,2010,163.0
dcs:who/TB_new_snsuoth,dcid:country/KWT,2002,91.0
dcs:who/TB_new_snsuoth,dcid:country/KWT,2001,72.0
dcs:who/TB_new_snsuoth,dcid:country/KWT,2005,95.0
dcs:who/TB_new_snsuoth,dcid:country/KWT,2000,89.0
dcs:who/TB_new_snsuoth,dcid:country/LAO,2004,474.0
dcs:who/TB_new_snsuoth,dcid:country/LAO,2011,516.0
dcs:who/TB_new_snsuoth,dcid:country/LAO,2008,519.0
dcs:who/TB_new_snsuoth,dcid:country/LAO,2000,457.0
dcs:who/TB_new_snsuoth,dcid:country/LAO,2002,418.0
dcs:who/TB_new_snsuoth,dcid:country/LAO,2010,394.0
dcs:who/TB_new_snsuoth,dcid:country/LAO,2009,368.0
dcs:who/TB_new_snsuoth,dcid:country/LAO,2006,459.0
dcs:who/TB_new_snsuoth,dcid:country/LAO,2005,484.0
dcs:who/TB_new_snsuoth,dcid:country/LAO,2001,538.0
dcs:who/TB_new_snsuoth,dcid:country/LAO,2007,437.0
dcs:who/TB_new_snsuoth,dcid:country/LAO,2003,482.0
dcs:who/TB_new_snsuoth,dcid:country/LAO,2012,484.0
dcs:who/TB_new_snsuoth,dcid:country/LBN,2003,80.0
dcs:who/TB_new_snsuoth,dcid:country/LBN,2010,99.0
dcs:who/TB_new_snsuoth,dcid:country/LBN,2012,131.0
dcs:who/TB_new_snsuoth,dcid:country/LBN,2004,85.0
dcs:who/TB_new_snsuoth,dcid:country/LBN,2001,134.0
dcs:who/TB_new_snsuoth,dcid:country/LBN,2000,149.0
dcs:who/TB_new_snsuoth,dcid:country/LBN,2006,90.0
dcs:who/TB_new_snsuoth,dcid:country/LBN,2011,101.0
dcs:who/TB_new_snsuoth,dcid:country/LBN,2009,94.0
dcs:who/TB_new_snsuoth,dcid:country/LBN,2002,118.0
dcs:who/TB_new_snsuoth,dcid:country/LBN,2007,118.0
dcs:who/TB_new_snsuoth,dcid:country/LBN,2005,75.0
dcs:who/TB_new_snsuoth,dcid:country/LBN,2008,123.0
dcs:who/TB_new_snsuoth,dcid:country/LBR,2004,919.0
dcs:who/TB_new_snsuoth,dcid:country/LBR,2008,941.0
dcs:who/TB_new_snsuoth,dcid:country/LBR,2003,639.0
dcs:who/TB_new_snsuoth,dcid:country/LBR,2009,1022.0
dcs:who/TB_new_snsuoth,dcid:country/LBR,2012,1946.0
dcs:who/TB_new_snsuoth,dcid:country/LBR,2006,646.0
dcs:who/TB_new_snsuoth,dcid:country/LBR,2011,1967.0
dcs:who/TB_new_snsuoth,dcid:country/LBR,2005,575.0
dcs:who/TB_new_snsuoth,dcid:country/LBR,2010,1385.0
dcs:who/TB_new_snsuoth,dcid:country/LBR,2002,839.0
dcs:who/TB_new_snsuoth,dcid:country/LBR,2001,469.0
dcs:who/TB_new_snsuoth,dcid:country/LBR,2000,285.0
dcs:who/TB_new_snsuoth,dcid:country/LBY,2005,474.0
dcs:who/TB_new_snsuoth,dcid:country/LBY,2002,350.0
dcs:who/TB_new_snsuoth,dcid:country/LBY,2009,455.0
dcs:who/TB_new_snsuoth,dcid:country/LBY,2003,351.0
dcs:who/TB_new_snsuoth,dcid:country/LBY,2007,523.0
dcs:who/TB_new_snsuoth,dcid:country/LBY,2000,82.0
dcs:who/TB_new_snsuoth,dcid:country/LBY,2006,473.0
dcs:who/TB_new_snsuoth,dcid:country/LBY,2012,372.0
dcs:who/TB_new_snsuoth,dcid:country/LBY,2008,390.0
dcs:who/TB_new_snsuoth,dcid:country/LBY,2011,305.0
dcs:who/TB_new_snsuoth,dcid:country/LCA,2011,0.0
dcs:who/TB_new_snsuoth,dcid:country/LCA,2002,2.0
dcs:who/TB_new_snsuoth,dcid:country/LCA,2012,0.0
dcs:who/TB_new_snsuoth,dcid:country/LCA,2007,0.0
dcs:who/TB_new_snsuoth,dcid:country/LCA,2006,0.0
dcs:who/TB_new_snsuoth,dcid:country/LCA,2008,1.0
dcs:who/TB_new_snsuoth,dcid:country/LCA,2010,0.0
dcs:who/TB_new_snsuoth,dcid:country/LCA,2003,1.0
dcs:who/TB_new_snsuoth,dcid:country/LCA,2009,0.0
dcs:who/TB_new_snsuoth,dcid:country/LCA,2004,1.0
dcs:who/TB_new_snsuoth,dcid:country/LCA,2005,1.0
dcs:who/TB_new_snsuoth,dcid:country/LCA,2000,1.0
dcs:who/TB_new_snsuoth,dcid:country/LCA,2001,3.0
dcs:who/TB_new_snsuoth,dcid:country/LKA,2006,1905.0
dcs:who/TB_new_snsuoth,dcid:country/LKA,2001,2121.0
dcs:who/TB_new_snsuoth,dcid:country/LKA,2000,2261.0
dcs:who/TB_new_snsuoth,dcid:country/LKA,2002,2451.0
dcs:who/TB_new_snsuoth,dcid:country/LKA,2010,2145.0
dcs:who/TB_new_snsuoth,dcid:country/LKA,2012,1889.0
dcs:who/TB_new_snsuoth,dcid:country/LKA,2003,2650.0
dcs:who/TB_new_snsuoth,dcid:country/LKA,2007,1985.0
dcs:who/TB_new_snsuoth,dcid:country/LKA,2005,2198.0
dcs:who/TB_new_snsuoth,dcid:country/LKA,2009,1996.0
dcs:who/TB_new_snsuoth,dcid:country/LKA,2011,2405.0
dcs:who/TB_new_snsuoth,dcid:country/LKA,2004,2309.0
dcs:who/TB_new_snsuoth,dcid:country/LKA,2008,2238.0
dcs:who/TB_new_snsuoth,dcid:country/LSO,2000,2838.0
dcs:who/TB_new_snsuoth,dcid:country/LSO,2005,4063.0
dcs:who/TB_new_snsuoth,dcid:country/LSO,2008,4879.0
dcs:who/TB_new_snsuoth,dcid:country/LSO,2010,5331.0
dcs:who/TB_new_snsuoth,dcid:country/LSO,2012,5142.0
dcs:who/TB_new_snsuoth,dcid:country/LSO,2006,4934.0
dcs:who/TB_new_snsuoth,dcid:country/LSO,2003,5404.0
dcs:who/TB_new_snsuoth,dcid:country/LSO,2009,5083.0
dcs:who/TB_new_snsuoth,dcid:country/LSO,2001,2108.0
dcs:who/TB_new_snsuoth,dcid:country/LSO,2002,4432.0
dcs:who/TB_new_snsuoth,dcid:country/LSO,2011,5296.0
dcs:who/TB_new_snsuoth,dcid:country/LSO,2007,6155.0
dcs:who/TB_new_snsuoth,dcid:country/LSO,2004,4221.0
dcs:who/TB_new_snsuoth,dcid:country/LTU,2009,701.0
dcs:who/TB_new_snsuoth,dcid:country/LTU,2011,664.0
dcs:who/TB_new_snsuoth,dcid:country/LTU,2008,744.0
dcs:who/TB_new_snsuoth,dcid:country/LTU,2012,548.0
dcs:who/TB_new_snsuoth,dcid:country/LTU,2010,633.0
dcs:who/TB_new_snsuoth,dcid:country/LTU,2007,779.0
dcs:who/TB_new_snsuoth,dcid:country/LTU,2006,754.0
dcs:who/TB_new_snsuoth,dcid:country/LTU,2001,839.0
dcs:who/TB_new_snsuoth,dcid:country/LTU,2003,941.0
dcs:who/TB_new_snsuoth,dcid:country/LTU,2005,793.0
dcs:who/TB_new_snsuoth,dcid:country/LTU,2002,835.0
dcs:who/TB_new_snsuoth,dcid:country/LTU,2004,793.0
dcs:who/TB_new_snsuoth,dcid:country/LTU,2000,1051.0
dcs:who/TB_new_snsuoth,dcid:country/LUX,2000,19.0
dcs:who/TB_new_snsuoth,dcid:country/LUX,2007,35.0
dcs:who/TB_new_snsuoth,dcid:country/LUX,2003,20.0
dcs:who/TB_new_snsuoth,dcid:country/LUX,2005,20.0
dcs:who/TB_new_snsuoth,dcid:country/LUX,2012,0.0
dcs:who/TB_new_snsuoth,dcid:country/LUX,2004,9.0
dcs:who/TB_new_snsuoth,dcid:country/LUX,2011,0.0
dcs:who/TB_new_snsuoth,dcid:country/LUX,2006,10.0
dcs:who/TB_new_snsuoth,dcid:country/LUX,2010,18.0
dcs:who/TB_new_snsuoth,dcid:country/LUX,2001,13.0
dcs:who/TB_new_snsuoth,dcid:country/LUX,2008,0.0
dcs:who/TB_new_snsuoth,dcid:country/LUX,2002,10.0
dcs:who/TB_new_snsuoth,dcid:country/LUX,2009,0.0
dcs:who/TB_new_snsuoth,dcid:country/LVA,2008,400.0
dcs:who/TB_new_snsuoth,dcid:country/LVA,2000,793.0
dcs:who/TB_new_snsuoth,dcid:country/LVA,2004,586.0
dcs:who/TB_new_snsuoth,dcid:country/LVA,2005,554.0
dcs:who/TB_new_snsuoth,dcid:country/LVA,2012,438.0
dcs:who/TB_new_snsuoth,dcid:country/LVA,2002,688.0
dcs:who/TB_new_snsuoth,dcid:country/LVA,2006,522.0
dcs:who/TB_new_snsuoth,dcid:country/LVA,2007,464.0
dcs:who/TB_new_snsuoth,dcid:country/LVA,2011,410.0
dcs:who/TB_new_snsuoth,dcid:country/LVA,2010,400.0
dcs:who/TB_new_snsuoth,dcid:country/LVA,2003,657.0
dcs:who/TB_new_snsuoth,dcid:country/LVA,2001,756.0
dcs:who/TB_new_snsuoth,dcid:country/LVA,2009,377.0
dcs:who/TB_new_snsuoth,dcid:country/MAR,2006,2055.0
dcs:who/TB_new_snsuoth,dcid:country/MAR,2005,2142.0
dcs:who/TB_new_snsuoth,dcid:country/MAR,2001,2499.0
dcs:who/TB_new_snsuoth,dcid:country/MAR,2002,2362.0
dcs:who/TB_new_snsuoth,dcid:country/MAR,2012,2343.0
dcs:who/TB_new_snsuoth,dcid:country/MAR,2011,2272.0
dcs:who/TB_new_snsuoth,dcid:country/MAR,2010,2174.0
dcs:who/TB_new_snsuoth,dcid:country/MAR,2009,2021.0
dcs:who/TB_new_snsuoth,dcid:country/MAR,2008,2002.0
dcs:who/TB_new_snsuoth,dcid:country/MAR,2007,2059.0
dcs:who/TB_new_snsuoth,dcid:country/MAR,2004,1990.0
dcs:who/TB_new_snsuoth,dcid:country/MAR,2000,2934.0
dcs:who/TB_new_snsuoth,dcid:country/MAR,2003,2271.0
dcs:who/TB_new_snsuoth,dcid:country/MCO,2002,0.0
dcs:who/TB_new_snsuoth,dcid:country/MCO,2000,0.0
dcs:who/TB_new_snsuoth,dcid:country/MDA,2012,2062.0
dcs:who/TB_new_snsuoth,dcid:country/MDA,2006,2112.0
dcs:who/TB_new_snsuoth,dcid:country/MDA,2001,1734.0
dcs:who/TB_new_snsuoth,dcid:country/MDA,2005,2237.0
dcs:who/TB_new_snsuoth,dcid:country/MDA,2000,1788.0
dcs:who/TB_new_snsuoth,dcid:country/MDA,2011,2140.0
dcs:who/TB_new_snsuoth,dcid:country/MDA,2010,2073.0
dcs:who/TB_new_snsuoth,dcid:country/MDA,2007,2043.0
dcs:who/TB_new_snsuoth,dcid:country/MDA,2004,1824.0
dcs:who/TB_new_snsuoth,dcid:country/MDA,2009,2015.0
dcs:who/TB_new_snsuoth,dcid:country/MDA,2008,1942.0
dcs:who/TB_new_snsuoth,dcid:country/MDG,2012,1804.0
dcs:who/TB_new_snsuoth,dcid:country/MDG,2004,1713.0
dcs:who/TB_new_snsuoth,dcid:country/MDG,2008,1311.0
dcs:who/TB_new_snsuoth,dcid:country/MDG,2007,1321.0
dcs:who/TB_new_snsuoth,dcid:country/MDG,2005,1287.0
dcs:who/TB_new_snsuoth,dcid:country/MDG,2006,1175.0
dcs:who/TB_new_snsuoth,dcid:country/MDG,2010,1657.0
dcs:who/TB_new_snsuoth,dcid:country/MDG,2009,1639.0
dcs:who/TB_new_snsuoth,dcid:country/MDG,2003,1910.0
dcs:who/TB_new_snsuoth,dcid:country/MDG,2011,1726.0
dcs:who/TB_new_snsuoth,dcid:country/MDG,2002,1650.0
dcs:who/TB_new_snsuoth,dcid:country/MDG,2001,1762.0
dcs:who/TB_new_snsuoth,dcid:country/MDV,2004,18.0
dcs:who/TB_new_snsuoth,dcid:country/MDV,2006,16.0
dcs:who/TB_new_snsuoth,dcid:country/MDV,2005,23.0
dcs:who/TB_new_snsuoth,dcid:country/MDV,2000,31.0
dcs:who/TB_new_snsuoth,dcid:country/MDV,2012,17.0
dcs:who/TB_new_snsuoth,dcid:country/MDV,2009,13.0
dcs:who/TB_new_snsuoth,dcid:country/MDV,2007,37.0
dcs:who/TB_new_snsuoth,dcid:country/MDV,2002,30.0
dcs:who/TB_new_snsuoth,dcid:country/MDV,2010,20.0
dcs:who/TB_new_snsuoth,dcid:country/MDV,2003,26.0
dcs:who/TB_new_snsuoth,dcid:country/MDV,2008,32.0
dcs:who/TB_new_snsuoth,dcid:country/MDV,2001,32.0
dcs:who/TB_new_snsuoth,dcid:country/MDV,2011,12.0
dcs:who/TB_new_snsuoth,dcid:country/MEX,2009,3072.0
dcs:who/TB_new_snsuoth,dcid:country/MEX,2008,2958.0
dcs:who/TB_new_snsuoth,dcid:country/MEX,2007,3213.0
dcs:who/TB_new_snsuoth,dcid:country/MEX,2002,1952.0
dcs:who/TB_new_snsuoth,dcid:country/MEX,2010,2812.0
dcs:who/TB_new_snsuoth,dcid:country/MEX,2011,2497.0
dcs:who/TB_new_snsuoth,dcid:country/MEX,2003,929.0
dcs:who/TB_new_snsuoth,dcid:country/MEX,2012,2820.0
dcs:who/TB_new_snsuoth,dcid:country/MEX,2005,3252.0
dcs:who/TB_new_snsuoth,dcid:country/MEX,2001,643.0
dcs:who/TB_new_snsuoth,dcid:country/MEX,2004,807.0
dcs:who/TB_new_snsuoth,dcid:country/MEX,2000,1675.0
dcs:who/TB_new_snsuoth,dcid:country/MEX,2006,2468.0
dcs:who/TB_new_snsuoth,dcid:country/MHL,2002,18.0
dcs:who/TB_new_snsuoth,dcid:country/MHL,2006,43.0
dcs:who/TB_new_snsuoth,dcid:country/MHL,2010,64.0
dcs:who/TB_new_snsuoth,dcid:country/MHL,2001,27.0
dcs:who/TB_new_snsuoth,dcid:country/MHL,2009,71.0
dcs:who/TB_new_snsuoth,dcid:country/MHL,2011,30.0
dcs:who/TB_new_snsuoth,dcid:country/MHL,2004,36.0
dcs:who/TB_new_snsuoth,dcid:country/MHL,2012,53.0
dcs:who/TB_new_snsuoth,dcid:country/MHL,2005,31.0
dcs:who/TB_new_snsuoth,dcid:country/MHL,2000,25.0
dcs:who/TB_new_snsuoth,dcid:country/MHL,2003,22.0
dcs:who/TB_new_snsuoth,dcid:country/MHL,2008,62.0
dcs:who/TB_new_snsuoth,dcid:country/MHL,2007,97.0
dcs:who/TB_new_snsuoth,dcid:country/MKD,2004,240.0
dcs:who/TB_new_snsuoth,dcid:country/MKD,2010,135.0
dcs:who/TB_new_snsuoth,dcid:country/MKD,2009,103.0
dcs:who/TB_new_snsuoth,dcid:country/MKD,2003,250.0
dcs:who/TB_new_snsuoth,dcid:country/MKD,2008,133.0
dcs:who/TB_new_snsuoth,dcid:country/MKD,2002,282.0
dcs:who/TB_new_snsuoth,dcid:country/MKD,2006,218.0
dcs:who/TB_new_snsuoth,dcid:country/MKD,2005,236.0
dcs:who/TB_new_snsuoth,dcid:country/MKD,2007,177.0
dcs:who/TB_new_snsuoth,dcid:country/MKD,2000,308.0
dcs:who/TB_new_snsuoth,dcid:country/MKD,2001,323.0
dcs:who/TB_new_snsuoth,dcid:country/MKD,2011,99.0
dcs:who/TB_new_snsuoth,dcid:country/MKD,2012,95.0
dcs:who/TB_new_snsuoth,dcid:country/MLI,2009,429.0
dcs:who/TB_new_snsuoth,dcid:country/MLI,2010,481.0
dcs:who/TB_new_snsuoth,dcid:country/MLI,2000,797.0
dcs:who/TB_new_snsuoth,dcid:country/MLI,2002,871.0
dcs:who/TB_new_snsuoth,dcid:country/MLI,2003,601.0
dcs:who/TB_new_snsuoth,dcid:country/MLI,2007,391.0
dcs:who/TB_new_snsuoth,dcid:country/MLI,2012,487.0
dcs:who/TB_new_snsuoth,dcid:country/MLI,2004,535.0
dcs:who/TB_new_snsuoth,dcid:country/MLI,2008,403.0
dcs:who/TB_new_snsuoth,dcid:country/MLI,2006,386.0
dcs:who/TB_new_snsuoth,dcid:country/MLI,2005,482.0
dcs:who/TB_new_snsuoth,dcid:country/MLI,2011,491.0
dcs:who/TB_new_snsuoth,dcid:country/MLT,2001,12.0
dcs:who/TB_new_snsuoth,dcid:country/MLT,2007,18.0
dcs:who/TB_new_snsuoth,dcid:country/MLT,2009,11.0
dcs:who/TB_new_snsuoth,dcid:country/MLT,2004,12.0
dcs:who/TB_new_snsuoth,dcid:country/MLT,2008,19.0
dcs:who/TB_new_snsuoth,dcid:country/MLT,2000,9.0
dcs:who/TB_new_snsuoth,dcid:country/MLT,2006,20.0
dcs:who/TB_new_snsuoth,dcid:country/MLT,2005,10.0
dcs:who/TB_new_snsuoth,dcid:country/MLT,2010,6.0
dcs:who/TB_new_snsuoth,dcid:country/MLT,2012,20.0
dcs:who/TB_new_snsuoth,dcid:country/MLT,2002,14.0
dcs:who/TB_new_snsuoth,dcid:country/MLT,2011,8.0
dcs:who/TB_new_snsuoth,dcid:country/MLT,2003,1.0
dcs:who/TB_new_snsuoth,dcid:country/MMR,2002,18488.0
dcs:who/TB_new_snsuoth,dcid:country/MMR,2010,56840.0
dcs:who/TB_new_snsuoth,dcid:country/MMR,2012,73042.0
dcs:who/TB_new_snsuoth,dcid:country/MMR,2008,44034.0
dcs:who/TB_new_snsuoth,dcid:country/MMR,2006,42741.0
dcs:who/TB_new_snsuoth,dcid:country/MMR,2007,41826.0
dcs:who/TB_new_snsuoth,dcid:country/MMR,2004,34332.0
dcs:who/TB_new_snsuoth,dcid:country/MMR,2009,50919.0
dcs:who/TB_new_snsuoth,dcid:country/MMR,2005,35601.0
dcs:who/TB_new_snsuoth,dcid:country/MMR,2003,26006.0
dcs:who/TB_new_snsuoth,dcid:country/MMR,2001,14452.0
dcs:who/TB_new_snsuoth,dcid:country/MMR,2011,62038.0
dcs:who/TB_new_snsuoth,dcid:country/MMR,2000,8659.0
dcs:who/TB_new_snsuoth,dcid:country/MNE,2007,78.0
dcs:who/TB_new_snsuoth,dcid:country/MNE,2005,66.0
dcs:who/TB_new_snsuoth,dcid:country/MNE,2008,38.0
dcs:who/TB_new_snsuoth,dcid:country/MNE,2009,43.0
dcs:who/TB_new_snsuoth,dcid:country/MNE,2006,74.0
dcs:who/TB_new_snsuoth,dcid:country/MNE,2010,49.0
dcs:who/TB_new_snsuoth,dcid:country/MNE,2012,36.0
dcs:who/TB_new_snsuoth,dcid:country/MNE,2011,40.0
dcs:who/TB_new_snsuoth,dcid:country/MNG,2003,812.0
dcs:who/TB_new_snsuoth,dcid:country/MNG,2000,732.0
dcs:who/TB_new_snsuoth,dcid:country/MNG,2007,673.0
dcs:who/TB_new_snsuoth,dcid:country/MNG,2006,724.0
dcs:who/TB_new_snsuoth,dcid:country/MNG,2001,757.0
dcs:who/TB_new_snsuoth,dcid:country/MNG,2011,684.0
dcs:who/TB_new_snsuoth,dcid:country/MNG,2004,852.0
dcs:who/TB_new_snsuoth,dcid:country/MNG,2009,726.0
dcs:who/TB_new_snsuoth,dcid:country/MNG,2008,640.0
dcs:who/TB_new_snsuoth,dcid:country/MNG,2005,897.0
dcs:who/TB_new_snsuoth,dcid:country/MNG,2010,701.0
dcs:who/TB_new_snsuoth,dcid:country/MNG,2002,859.0
dcs:who/TB_new_snsuoth,dcid:country/MNG,2012,617.0
dcs:who/TB_new_snsuoth,dcid:country/MOZ,2003,7847.0
dcs:who/TB_new_snsuoth,dcid:country/MOZ,2008,14117.0
dcs:who/TB_new_snsuoth,dcid:country/MOZ,2009,17019.0
dcs:who/TB_new_snsuoth,dcid:country/MOZ,2001,4738.0
dcs:who/TB_new_snsuoth,dcid:country/MOZ,2007,13064.0
dcs:who/TB_new_snsuoth,dcid:country/MOZ,2000,4037.0
dcs:who/TB_new_snsuoth,dcid:country/MOZ,2011,18159.0
dcs:who/TB_new_snsuoth,dcid:country/MOZ,2006,10618.0
dcs:who/TB_new_snsuoth,dcid:country/MOZ,2002,6224.0
dcs:who/TB_new_snsuoth,dcid:country/MOZ,2004,8830.0
dcs:who/TB_new_snsuoth,dcid:country/MOZ,2012,19797.0
dcs:who/TB_new_snsuoth,dcid:country/MOZ,2010,16408.0
dcs:who/TB_new_snsuoth,dcid:country/MOZ,2005,9184.0
dcs:who/TB_new_snsuoth,dcid:country/MRT,2006,480.0
dcs:who/TB_new_snsuoth,dcid:country/MRT,2008,415.0
dcs:who/TB_new_snsuoth,dcid:country/MRT,2012,354.0
dcs:who/TB_new_snsuoth,dcid:country/MRT,2010,390.0
dcs:who/TB_new_snsuoth,dcid:country/MRT,2000,687.0
dcs:who/TB_new_snsuoth,dcid:country/MRT,2007,494.0
dcs:who/TB_new_snsuoth,dcid:country/MRT,2011,222.0
dcs:who/TB_new_snsuoth,dcid:country/MRT,2005,454.0
dcs:who/TB_new_snsuoth,dcid:country/MRT,2009,444.0
dcs:who/TB_new_snsuoth,dcid:country/MRT,2004,773.0
dcs:who/TB_new_snsuoth,dcid:country/MUS,2009,7.0
dcs:who/TB_new_snsuoth,dcid:country/MUS,2011,3.0
dcs:who/TB_new_snsuoth,dcid:country/MUS,2002,28.0
dcs:who/TB_new_snsuoth,dcid:country/MUS,2000,14.0
dcs:who/TB_new_snsuoth,dcid:country/MUS,2010,5.0
dcs:who/TB_new_snsuoth,dcid:country/MUS,2005,4.0
dcs:who/TB_new_snsuoth,dcid:country/MUS,2008,14.0
dcs:who/TB_new_snsuoth,dcid:country/MUS,2001,30.0
dcs:who/TB_new_snsuoth,dcid:country/MUS,2003,17.0
dcs:who/TB_new_snsuoth,dcid:country/MUS,2004,3.0
dcs:who/TB_new_snsuoth,dcid:country/MUS,2006,11.0
dcs:who/TB_new_snsuoth,dcid:country/MUS,2012,3.0
dcs:who/TB_new_snsuoth,dcid:country/MUS,2007,12.0
dcs:who/TB_new_snsuoth,dcid:country/MWI,2010,8245.0
dcs:who/TB_new_snsuoth,dcid:country/MWI,2006,10608.0
dcs:who/TB_new_snsuoth,dcid:country/MWI,2012,6550.0
dcs:who/TB_new_snsuoth,dcid:country/MWI,2011,6612.0
dcs:who/TB_new_snsuoth,dcid:country/MWI,2009,9297.0
dcs:who/TB_new_snsuoth,dcid:country/MWI,2003,11246.0
dcs:who/TB_new_snsuoth,dcid:country/MWI,2008,10155.0
dcs:who/TB_new_snsuoth,dcid:country/MWI,2005,10132.0
dcs:who/TB_new_snsuoth,dcid:country/MWI,2004,11290.0
dcs:who/TB_new_snsuoth,dcid:country/MWI,2007,10704.0
dcs:who/TB_new_snsuoth,dcid:country/MWI,2002,10642.0
dcs:who/TB_new_snsuoth,dcid:country/MWI,2000,8846.0
dcs:who/TB_new_snsuoth,dcid:country/MWI,2001,10763.0
dcs:who/TB_new_snsuoth,dcid:country/MYS,2008,3814.0
dcs:who/TB_new_snsuoth,dcid:country/MYS,2000,5517.0
dcs:who/TB_new_snsuoth,dcid:country/MYS,2004,5136.0
dcs:who/TB_new_snsuoth,dcid:country/MYS,2010,4338.0
dcs:who/TB_new_snsuoth,dcid:country/MYS,2003,5811.0
dcs:who/TB_new_snsuoth,dcid:country/MYS,2012,4993.0
dcs:who/TB_new_snsuoth,dcid:country/MYS,2001,5139.0
dcs:who/TB_new_snsuoth,dcid:country/MYS,2002,5063.0
dcs:who/TB_new_snsuoth,dcid:country/MYS,2011,4501.0
dcs:who/TB_new_snsuoth,dcid:country/MYS,2007,4086.0
dcs:who/TB_new_snsuoth,dcid:country/MYS,2005,4862.0
dcs:who/TB_new_snsuoth,dcid:country/MYS,2009,4596.0
dcs:who/TB_new_snsuoth,dcid:country/MYS,2006,4336.0
dcs:who/TB_new_snsuoth,dcid:country/NAM,2009,3628.0
dcs:who/TB_new_snsuoth,dcid:country/NAM,2001,6243.0
dcs:who/TB_new_snsuoth,dcid:country/NAM,2004,7614.0
dcs:who/TB_new_snsuoth,dcid:country/NAM,2008,4788.0
dcs:who/TB_new_snsuoth,dcid:country/NAM,2006,5852.0
dcs:who/TB_new_snsuoth,dcid:country/NAM,2005,6942.0
dcs:who/TB_new_snsuoth,dcid:country/NAM,2002,6319.0
dcs:who/TB_new_snsuoth,dcid:country/NAM,2011,3034.0
dcs:who/TB_new_snsuoth,dcid:country/NAM,2012,2473.0
dcs:who/TB_new_snsuoth,dcid:country/NAM,2000,4724.0
dcs:who/TB_new_snsuoth,dcid:country/NAM,2007,4952.0
dcs:who/TB_new_snsuoth,dcid:country/NAM,2010,3309.0
dcs:who/TB_new_snsuoth,dcid:country/NAM,2003,6713.0
dcs:who/TB_new_snsuoth,dcid:country/NER,2008,1696.0
dcs:who/TB_new_snsuoth,dcid:country/NER,2004,1039.0
dcs:who/TB_new_snsuoth,dcid:country/NER,2001,675.0
dcs:who/TB_new_snsuoth,dcid:country/NER,2010,1903.0
dcs:who/TB_new_snsuoth,dcid:country/NER,2006,1443.0
dcs:who/TB_new_snsuoth,dcid:country/NER,2000,699.0
dcs:who/TB_new_snsuoth,dcid:country/NER,2003,1070.0
dcs:who/TB_new_snsuoth,dcid:country/NER,2005,1193.0
dcs:who/TB_new_snsuoth,dcid:country/NER,2002,759.0
dcs:who/TB_new_snsuoth,dcid:country/NER,2011,1856.0
dcs:who/TB_new_snsuoth,dcid:country/NER,2012,2105.0
dcs:who/TB_new_snsuoth,dcid:country/NER,2009,1689.0
dcs:who/TB_new_snsuoth,dcid:country/NER,2007,1676.0
dcs:who/TB_new_snsuoth,dcid:country/NGA,2002,14596.0
dcs:who/TB_new_snsuoth,dcid:country/NGA,2010,32616.0
dcs:who/TB_new_snsuoth,dcid:country/NGA,2004,20134.0
dcs:who/TB_new_snsuoth,dcid:country/NGA,2012,32972.0
dcs:who/TB_new_snsuoth,dcid:country/NGA,2003,13276.0
dcs:who/TB_new_snsuoth,dcid:country/NGA,2008,34211.0
dcs:who/TB_new_snsuoth,dcid:country/NGA,2006,25782.0
dcs:who/TB_new_snsuoth,dcid:country/NGA,2001,20387.0
dcs:who/TB_new_snsuoth,dcid:country/NGA,2000,6613.0
dcs:who/TB_new_snsuoth,dcid:country/NGA,2005,22705.0
dcs:who/TB_new_snsuoth,dcid:country/NGA,2011,33034.0
dcs:who/TB_new_snsuoth,dcid:country/NGA,2007,32088.0
dcs:who/TB_new_snsuoth,dcid:country/NGA,2009,37540.0
dcs:who/TB_new_snsuoth,dcid:country/NIC,2002,425.0
dcs:who/TB_new_snsuoth,dcid:country/NIC,2006,408.0
dcs:who/TB_new_snsuoth,dcid:country/NIC,2000,541.0
dcs:who/TB_new_snsuoth,dcid:country/NIC,2011,653.0
dcs:who/TB_new_snsuoth,dcid:country/NIC,2005,395.0
dcs:who/TB_new_snsuoth,dcid:country/NIC,2009,541.0
dcs:who/TB_new_snsuoth,dcid:country/NIC,2007,455.0
dcs:who/TB_new_snsuoth,dcid:country/NIC,2012,817.0
dcs:who/TB_new_snsuoth,dcid:country/NIC,2001,528.0
dcs:who/TB_new_snsuoth,dcid:country/NIC,2008,530.0
dcs:who/TB_new_snsuoth,dcid:country/NIC,2004,450.0
dcs:who/TB_new_snsuoth,dcid:country/NIC,2010,575.0
dcs:who/TB_new_snsuoth,dcid:country/NIC,2003,480.0
dcs:who/TB_new_snsuoth,dcid:country/NIU,2010,0.0
dcs:who/TB_new_snsuoth,dcid:country/NIU,2009,0.0
dcs:who/TB_new_snsuoth,dcid:country/NIU,2007,0.0
dcs:who/TB_new_snsuoth,dcid:country/NIU,2006,0.0
dcs:who/TB_new_snsuoth,dcid:country/NIU,2011,1.0
dcs:who/TB_new_snsuoth,dcid:country/NIU,2008,0.0
dcs:who/TB_new_snsuoth,dcid:country/NIU,2012,0.0
dcs:who/TB_new_snsuoth,dcid:country/NIU,2003,0.0
dcs:who/TB_new_snsuoth,dcid:country/NIU,2000,0.0
dcs:who/TB_new_snsuoth,dcid:country/NIU,2004,0.0
dcs:who/TB_new_snsuoth,dcid:country/NIU,2002,0.0
dcs:who/TB_new_snsuoth,dcid:country/NIU,2001,0.0
dcs:who/TB_new_snsuoth,dcid:country/NLD,2010,370.0
dcs:who/TB_new_snsuoth,dcid:country/NLD,2000,528.0
dcs:who/TB_new_snsuoth,dcid:country/NLD,2005,491.0
dcs:who/TB_new_snsuoth,dcid:country/NLD,2008,371.0
dcs:who/TB_new_snsuoth,dcid:country/NLD,2012,300.0
dcs:who/TB_new_snsuoth,dcid:country/NLD,2007,354.0
dcs:who/TB_new_snsuoth,dcid:country/NLD,2004,418.0
dcs:who/TB_new_snsuoth,dcid:country/NLD,2011,357.0
dcs:who/TB_new_snsuoth,dcid:country/NLD,2009,392.0
dcs:who/TB_new_snsuoth,dcid:country/NLD,2003,541.0
dcs:who/TB_new_snsuoth,dcid:country/NLD,2006,441.0
dcs:who/TB_new_snsuoth,dcid:country/NLD,2001,613.0
dcs:who/TB_new_snsuoth,dcid:country/NLD,2002,522.0
dcs:who/TB_new_snsuoth,dcid:country/NOR,2001,135.0
dcs:who/TB_new_snsuoth,dcid:country/NOR,2002,116.0
dcs:who/TB_new_snsuoth,dcid:country/NOR,2008,91.0
dcs:who/TB_new_snsuoth,dcid:country/NOR,2007,128.0
dcs:who/TB_new_snsuoth,dcid:country/NOR,2000,103.0
dcs:who/TB_new_snsuoth,dcid:country/NOR,2005,119.0
dcs:who/TB_new_snsuoth,dcid:country/NOR,2010,110.0
dcs:who/TB_new_snsuoth,dcid:country/NOR,2004,132.0
dcs:who/TB_new_snsuoth,dcid:country/NOR,2006,131.0
dcs:who/TB_new_snsuoth,dcid:country/NOR,2012,140.0
dcs:who/TB_new_snsuoth,dcid:country/NOR,2011,132.0
dcs:who/TB_new_snsuoth,dcid:country/NOR,2009,129.0
dcs:who/TB_new_snsuoth,dcid:country/NOR,2003,149.0
dcs:who/TB_new_snsuoth,dcid:country/NPL,2010,9718.0
dcs:who/TB_new_snsuoth,dcid:country/NPL,2004,9008.0
dcs:who/TB_new_snsuoth,dcid:country/NPL,2009,9794.0
dcs:who/TB_new_snsuoth,dcid:country/NPL,2012,9993.0
dcs:who/TB_new_snsuoth,dcid:country/NPL,2001,9074.0
dcs:who/TB_new_snsuoth,dcid:country/NPL,2000,9074.0
dcs:who/TB_new_snsuoth,dcid:country/NPL,2003,8894.0
dcs:who/TB_new_snsuoth,dcid:country/NPL,2002,9549.0
dcs:who/TB_new_snsuoth,dcid:country/NPL,2011,10588.0
dcs:who/TB_new_snsuoth,dcid:country/NPL,2007,9350.0
dcs:who/TB_new_snsuoth,dcid:country/NPL,2005,9474.0
dcs:who/TB_new_snsuoth,dcid:country/NPL,2008,9298.0
dcs:who/TB_new_snsuoth,dcid:country/NPL,2006,9170.0
dcs:who/TB_new_snsuoth,dcid:country/NRU,2007,0.0
dcs:who/TB_new_snsuoth,dcid:country/NRU,2006,6.0
dcs:who/TB_new_snsuoth,dcid:country/NRU,2008,2.0
dcs:who/TB_new_snsuoth,dcid:country/NRU,2005,11.0
dcs:who/TB_new_snsuoth,dcid:country/NRU,2011,1.0
dcs:who/TB_new_snsuoth,dcid:country/NRU,2010,1.0
dcs:who/TB_new_snsuoth,dcid:country/NRU,2002,0.0
dcs:who/TB_new_snsuoth,dcid:country/NRU,2009,1.0
dcs:who/TB_new_snsuoth,dcid:country/NRU,2000,0.0
dcs:who/TB_new_snsuoth,dcid:country/NRU,2001,1.0
dcs:who/TB_new_snsuoth,dcid:country/NRU,2003,1.0
dcs:who/TB_new_snsuoth,dcid:country/NZL,2012,102.0
dcs:who/TB_new_snsuoth,dcid:country/NZL,2009,101.0
dcs:who/TB_new_snsuoth,dcid:country/NZL,2006,133.0
dcs:who/TB_new_snsuoth,dcid:country/NZL,2004,107.0
dcs:who/TB_new_snsuoth,dcid:country/NZL,2001,119.0
dcs:who/TB_new_snsuoth,dcid:country/NZL,2000,133.0
dcs:who/TB_new_snsuoth,dcid:country/NZL,2003,125.0
dcs:who/TB_new_snsuoth,dcid:country/NZL,2008,93.0
dcs:who/TB_new_snsuoth,dcid:country/NZL,2007,114.0
dcs:who/TB_new_snsuoth,dcid:country/NZL,2005,143.0
dcs:who/TB_new_snsuoth,dcid:country/NZL,2011,94.0
dcs:who/TB_new_snsuoth,dcid:country/NZL,2002,131.0
dcs:who/TB_new_snsuoth,dcid:country/NZL,2010,74.0
dcs:who/TB_new_snsuoth,dcid:country/OMN,2002,27.0
dcs:who/TB_new_snsuoth,dcid:country/OMN,2010,28.0
dcs:who/TB_new_snsuoth,dcid:country/OMN,2001,29.0
dcs:who/TB_new_snsuoth,dcid:country/OMN,2005,37.0
dcs:who/TB_new_snsuoth,dcid:country/OMN,2008,48.0
dcs:who/TB_new_snsuoth,dcid:country/OMN,2007,33.0
dcs:who/TB_new_snsuoth,dcid:country/OMN,2003,35.0
dcs:who/TB_new_snsuoth,dcid:country/OMN,2006,42.0
dcs:who/TB_new_snsuoth,dcid:country/OMN,2011,32.0
dcs:who/TB_new_snsuoth,dcid:country/OMN,2000,37.0
dcs:who/TB_new_snsuoth,dcid:country/OMN,2012,39.0
dcs:who/TB_new_snsuoth,dcid:country/OMN,2004,39.0
dcs:who/TB_new_snsuoth,dcid:country/OMN,2009,36.0
dcs:who/TB_new_snsuoth,dcid:country/PAK,2008,106207.0
dcs:who/TB_new_snsuoth,dcid:country/PAK,2006,82707.0
dcs:who/TB_new_snsuoth,dcid:country/PAK,2010,105623.0
dcs:who/TB_new_snsuoth,dcid:country/PAK,2002,23605.0
dcs:who/TB_new_snsuoth,dcid:country/PAK,2004,45936.0
dcs:who/TB_new_snsuoth,dcid:country/PAK,2012,109425.0
dcs:who/TB_new_snsuoth,dcid:country/PAK,2011,103824.0
dcs:who/TB_new_snsuoth,dcid:country/PAK,2007,103629.0
dcs:who/TB_new_snsuoth,dcid:country/PAK,2001,10435.0
dcs:who/TB_new_snsuoth,dcid:country/PAK,2000,5578.0
dcs:who/TB_new_snsuoth,dcid:country/PAK,2009,112948.0
dcs:who/TB_new_snsuoth,dcid:country/PAK,2005,68337.0
dcs:who/TB_new_snsuoth,dcid:country/PAK,2003,34550.0
dcs:who/TB_new_snsuoth,dcid:country/PAN,2000,594.0
dcs:who/TB_new_snsuoth,dcid:country/PAN,2008,395.0
dcs:who/TB_new_snsuoth,dcid:country/PAN,2001,863.0
dcs:who/TB_new_snsuoth,dcid:country/PAN,2010,445.0
dcs:who/TB_new_snsuoth,dcid:country/PAN,2009,436.0
dcs:who/TB_new_snsuoth,dcid:country/PAN,2004,511.0
dcs:who/TB_new_snsuoth,dcid:country/PAN,2012,434.0
dcs:who/TB_new_snsuoth,dcid:country/PAN,2007,470.0
dcs:who/TB_new_snsuoth,dcid:country/PAN,2002,552.0
dcs:who/TB_new_snsuoth,dcid:country/PAN,2006,464.0
dcs:who/TB_new_snsuoth,dcid:country/PAN,2011,440.0
dcs:who/TB_new_snsuoth,dcid:country/PAN,2005,505.0
dcs:who/TB_new_snsuoth,dcid:country/PAN,2003,591.0
dcs:who/TB_new_snsuoth,dcid:country/PER,2005,6401.0
dcs:who/TB_new_snsuoth,dcid:country/PER,2001,6174.0
dcs:who/TB_new_snsuoth,dcid:country/PER,2002,6470.0
dcs:who/TB_new_snsuoth,dcid:country/PER,2011,5876.0
dcs:who/TB_new_snsuoth,dcid:country/PER,2003,5090.0
dcs:who/TB_new_snsuoth,dcid:country/PER,2009,6074.0
dcs:who/TB_new_snsuoth,dcid:country/PER,2000,6018.0
dcs:who/TB_new_snsuoth,dcid:country/PER,2006,6880.0
dcs:who/TB_new_snsuoth,dcid:country/PER,2010,5848.0
dcs:who/TB_new_snsuoth,dcid:country/PER,2004,6424.0
dcs:who/TB_new_snsuoth,dcid:country/PER,2008,6007.0
dcs:who/TB_new_snsuoth,dcid:country/PER,2007,6285.0
dcs:who/TB_new_snsuoth,dcid:country/PER,2012,5139.0
dcs:who/TB_new_snsuoth,dcid:country/PHL,2010,72440.0
dcs:who/TB_new_snsuoth,dcid:country/PHL,2007,49422.0
dcs:who/TB_new_snsuoth,dcid:country/PHL,2008,49916.0
dcs:who/TB_new_snsuoth,dcid:country/PHL,2011,96529.0
dcs:who/TB_new_snsuoth,dcid:country/PHL,2003,55942.0
dcs:who/TB_new_snsuoth,dcid:country/PHL,2001,42413.0
dcs:who/TB_new_snsuoth,dcid:country/PHL,2000,52858.0
dcs:who/TB_new_snsuoth,dcid:country/PHL,2004,47937.0
dcs:who/TB_new_snsuoth,dcid:country/PHL,2012,115263.0
dcs:who/TB_new_snsuoth,dcid:country/PHL,2009,52041.0
dcs:who/TB_new_snsuoth,dcid:country/PHL,2006,55964.0
dcs:who/TB_new_snsuoth,dcid:country/PHL,2002,47520.0
dcs:who/TB_new_snsuoth,dcid:country/PHL,2005,50347.0
dcs:who/TB_new_snsuoth,dcid:country/PLW,2012,1.0
dcs:who/TB_new_snsuoth,dcid:country/PLW,2006,2.0
dcs:who/TB_new_snsuoth,dcid:country/PLW,2003,2.0
dcs:who/TB_new_snsuoth,dcid:country/PLW,2005,6.0
dcs:who/TB_new_snsuoth,dcid:country/PLW,2002,2.0
dcs:who/TB_new_snsuoth,dcid:country/PLW,2011,6.0
dcs:who/TB_new_snsuoth,dcid:country/PLW,2004,0.0
dcs:who/TB_new_snsuoth,dcid:country/PLW,2007,3.0
dcs:who/TB_new_snsuoth,dcid:country/PLW,2009,9.0
dcs:who/TB_new_snsuoth,dcid:country/PLW,2010,10.0
dcs:who/TB_new_snsuoth,dcid:country/PNG,2009,4768.0
dcs:who/TB_new_snsuoth,dcid:country/PNG,2007,5731.0
dcs:who/TB_new_snsuoth,dcid:country/PNG,2008,5340.0
dcs:who/TB_new_snsuoth,dcid:country/PNG,2010,5907.0
dcs:who/TB_new_snsuoth,dcid:country/PNG,2002,4405.0
dcs:who/TB_new_snsuoth,dcid:country/PNG,2006,5969.0
dcs:who/TB_new_snsuoth,dcid:country/PNG,2000,4405.0
dcs:who/TB_new_snsuoth,dcid:country/PNG,2011,6494.0
dcs:who/TB_new_snsuoth,dcid:country/PNG,2005,5105.0
dcs:who/TB_new_snsuoth,dcid:country/PNG,2001,5231.0
dcs:who/TB_new_snsuoth,dcid:country/PNG,2003,4916.0
dcs:who/TB_new_snsuoth,dcid:country/PNG,2004,5234.0
dcs:who/TB_new_snsuoth,dcid:country/PNG,2012,9195.0
dcs:who/TB_new_snsuoth,dcid:country/POL,2012,3729.0
dcs:who/TB_new_snsuoth,dcid:country/POL,2011,4344.0
dcs:who/TB_new_snsuoth,dcid:country/POL,2007,4150.0
dcs:who/TB_new_snsuoth,dcid:country/POL,2006,4102.0
dcs:who/TB_new_snsuoth,dcid:country/POL,2008,3835.0
dcs:who/TB_new_snsuoth,dcid:country/POL,2009,4047.0
dcs:who/TB_new_snsuoth,dcid:country/POL,2010,3625.0
dcs:who/TB_new_snsuoth,dcid:country/POL,2005,4591.0
dcs:who/TB_new_snsuoth,dcid:country/POL,2000,6392.0
dcs:who/TB_new_snsuoth,dcid:country/POL,2004,4812.0
dcs:who/TB_new_snsuoth,dcid:country/POL,2003,5055.0
dcs:who/TB_new_snsuoth,dcid:country/POL,2001,5776.0
dcs:who/TB_new_snsuoth,dcid:country/POL,2002,6109.0
dcs:who/TB_new_snsuoth,dcid:country/PRK,2004,18753.0
dcs:who/TB_new_snsuoth,dcid:country/PRK,2012,35959.0
dcs:who/TB_new_snsuoth,dcid:country/PRK,2002,17221.0
dcs:who/TB_new_snsuoth,dcid:country/PRK,2009,32491.0
dcs:who/TB_new_snsuoth,dcid:country/PRK,2011,37457.0
dcs:who/TB_new_snsuoth,dcid:country/PRK,2003,18112.0
dcs:who/TB_new_snsuoth,dcid:country/PRK,2000,13801.0
dcs:who/TB_new_snsuoth,dcid:country/PRK,2006,19610.0
dcs:who/TB_new_snsuoth,dcid:country/PRK,2007,25789.0
dcs:who/TB_new_snsuoth,dcid:country/PRK,2010,36285.0
dcs:who/TB_new_snsuoth,dcid:country/PRK,2001,12029.0
dcs:who/TB_new_snsuoth,dcid:country/PRK,2005,18181.0
dcs:who/TB_new_snsuoth,dcid:country/PRK,2008,31444.0
dcs:who/TB_new_snsuoth,dcid:country/PRT,2007,908.0
dcs:who/TB_new_snsuoth,dcid:country/PRT,2005,974.0
dcs:who/TB_new_snsuoth,dcid:country/PRT,2012,812.0
dcs:who/TB_new_snsuoth,dcid:country/PRT,2003,876.0
dcs:who/TB_new_snsuoth,dcid:country/PRT,2006,959.0
dcs:who/TB_new_snsuoth,dcid:country/PRT,2004,1027.0
dcs:who/TB_new_snsuoth,dcid:country/PRT,2008,1019.0
dcs:who/TB_new_snsuoth,dcid:country/PRT,2001,945.0
dcs:who/TB_new_snsuoth,dcid:country/PRT,2002,1086.0
dcs:who/TB_new_snsuoth,dcid:country/PRT,2009,832.0
dcs:who/TB_new_snsuoth,dcid:country/PRT,2010,812.0
dcs:who/TB_new_snsuoth,dcid:country/PRT,2000,1005.0
dcs:who/TB_new_snsuoth,dcid:country/PRT,2011,827.0
dcs:who/TB_new_snsuoth,dcid:country/PRY,2011,654.0
dcs:who/TB_new_snsuoth,dcid:country/PRY,2012,697.0
dcs:who/TB_new_snsuoth,dcid:country/PRY,2002,777.0
dcs:who/TB_new_snsuoth,dcid:country/PRY,2000,791.0
dcs:who/TB_new_snsuoth,dcid:country/PRY,2007,720.0
dcs:who/TB_new_snsuoth,dcid:country/PRY,2006,776.0
dcs:who/TB_new_snsuoth,dcid:country/PRY,2005,702.0
dcs:who/TB_new_snsuoth,dcid:country/PRY,2009,533.0
dcs:who/TB_new_snsuoth,dcid:country/PRY,2010,615.0
dcs:who/TB_new_snsuoth,dcid:country/PRY,2008,590.0
dcs:who/TB_new_snsuoth,dcid:country/PRY,2004,852.0
dcs:who/TB_new_snsuoth,dcid:country/PRY,2001,888.0
dcs:who/TB_new_snsuoth,dcid:country/PRY,2003,712.0
dcs:who/TB_new_snsuoth,dcid:country/QAT,2005,73.0
dcs:who/TB_new_snsuoth,dcid:country/QAT,2001,66.0
dcs:who/TB_new_snsuoth,dcid:country/QAT,2000,98.0
dcs:who/TB_new_snsuoth,dcid:country/QAT,2009,102.0
dcs:who/TB_new_snsuoth,dcid:country/QAT,2004,58.0
dcs:who/TB_new_snsuoth,dcid:country/QAT,2003,63.0
dcs:who/TB_new_snsuoth,dcid:country/QAT,2010,101.0
dcs:who/TB_new_snsuoth,dcid:country/QAT,2006,76.0
dcs:who/TB_new_snsuoth,dcid:country/QAT,2002,75.0
dcs:who/TB_new_snsuoth,dcid:country/QAT,2011,120.0
dcs:who/TB_new_snsuoth,dcid:country/QAT,2012,331.0
dcs:who/TB_new_snsuoth,dcid:country/QAT,2008,112.0
dcs:who/TB_new_snsuoth,dcid:country/QAT,2007,75.0
dcs:who/TB_new_snsuoth,dcid:country/ROU,2002,11873.0
dcs:who/TB_new_snsuoth,dcid:country/ROU,2007,6543.0
dcs:who/TB_new_snsuoth,dcid:country/ROU,2006,7254.0
dcs:who/TB_new_snsuoth,dcid:country/ROU,2000,10180.0
dcs:who/TB_new_snsuoth,dcid:country/ROU,2012,4429.0
dcs:who/TB_new_snsuoth,dcid:country/ROU,2010,5037.0
dcs:who/TB_new_snsuoth,dcid:country/ROU,2003,10745.0
dcs:who/TB_new_snsuoth,dcid:country/ROU,2009,5490.0
dcs:who/TB_new_snsuoth,dcid:country/ROU,2008,6093.0
dcs:who/TB_new_snsuoth,dcid:country/ROU,2011,4516.0
dcs:who/TB_new_snsuoth,dcid:country/ROU,2001,12703.0
dcs:who/TB_new_snsuoth,dcid:country/ROU,2004,10180.0
dcs:who/TB_new_snsuoth,dcid:country/ROU,2005,8038.0
dcs:who/TB_new_snsuoth,dcid:country/RUS,2006,73252.0
dcs:who/TB_new_snsuoth,dcid:country/RUS,2005,74301.0
dcs:who/TB_new_snsuoth,dcid:country/RUS,2007,73560.0
dcs:who/TB_new_snsuoth,dcid:country/RUS,2009,72931.0
dcs:who/TB_new_snsuoth,dcid:country/RUS,2000,102228.0
dcs:who/TB_new_snsuoth,dcid:country/RUS,2011,65106.0
dcs:who/TB_new_snsuoth,dcid:country/RUS,2004,83614.0
dcs:who/TB_new_snsuoth,dcid:country/RUS,2003,85032.0
dcs:who/TB_new_snsuoth,dcid:country/RUS,2008,83117.0
dcs:who/TB_new_snsuoth,dcid:country/RUS,2012,60058.0
dcs:who/TB_new_snsuoth,dcid:country/RUS,2002,90841.0
dcs:who/TB_new_snsuoth,dcid:country/RUS,2010,74975.0
dcs:who/TB_new_snsuoth,dcid:country/RUS,2001,95578.0
dcs:who/TB_new_snsuoth,dcid:country/RWA,2008,1311.0
dcs:who/TB_new_snsuoth,dcid:country/RWA,2010,1072.0
dcs:who/TB_new_snsuoth,dcid:country/RWA,2011,1259.0
dcs:who/TB_new_snsuoth,dcid:country/RWA,2007,1589.0
dcs:who/TB_new_snsuoth,dcid:country/RWA,2012,1061.0
dcs:who/TB_new_snsuoth,dcid:country/RWA,2009,1239.0
dcs:who/TB_new_snsuoth,dcid:country/RWA,2006,1739.0
dcs:who/TB_new_snsuoth,dcid:country/RWA,2004,683.0
dcs:who/TB_new_snsuoth,dcid:country/RWA,2000,845.0
dcs:who/TB_new_snsuoth,dcid:country/RWA,2005,956.0
dcs:who/TB_new_snsuoth,dcid:country/RWA,2003,652.0
dcs:who/TB_new_snsuoth,dcid:country/RWA,2001,749.0
dcs:who/TB_new_snsuoth,dcid:country/RWA,2002,898.0
dcs:who/TB_new_snsuoth,dcid:country/SAU,2000,722.0
dcs:who/TB_new_snsuoth,dcid:country/SAU,2004,578.0
dcs:who/TB_new_snsuoth,dcid:country/SAU,2009,578.0
dcs:who/TB_new_snsuoth,dcid:country/SAU,2005,545.0
dcs:who/TB_new_snsuoth,dcid:country/SAU,2002,593.0
dcs:who/TB_new_snsuoth,dcid:country/SAU,2012,549.0
dcs:who/TB_new_snsuoth,dcid:country/SAU,2003,546.0
dcs:who/TB_new_snsuoth,dcid:country/SAU,2001,588.0
dcs:who/TB_new_snsuoth,dcid:country/SAU,2008,545.0
dcs:who/TB_new_snsuoth,dcid:country/SAU,2006,663.0
dcs:who/TB_new_snsuoth,dcid:country/SAU,2011,586.0
dcs:who/TB_new_snsuoth,dcid:country/SAU,2010,687.0
dcs:who/TB_new_snsuoth,dcid:country/SAU,2007,582.0
dcs:who/TB_new_snsuoth,dcid:country/SDN,2006,9801.0
dcs:who/TB_new_snsuoth,dcid:country/SDN,2000,6512.0
dcs:who/TB_new_snsuoth,dcid:country/SDN,2009,8973.0
dcs:who/TB_new_snsuoth,dcid:country/SDN,2012,6948.0
dcs:who/TB_new_snsuoth,dcid:country/SDN,2005,9212.0
dcs:who/TB_new_snsuoth,dcid:country/SDN,2007,9486.0
dcs:who/TB_new_snsuoth,dcid:country/SDN,2001,7071.0
dcs:who/TB_new_snsuoth,dcid:country/SDN,2011,6746.0
dcs:who/TB_new_snsuoth,dcid:country/SDN,2010,9144.0
dcs:who/TB_new_snsuoth,dcid:country/SDN,2004,8205.0
dcs:who/TB_new_snsuoth,dcid:country/SDN,2002,7871.0
dcs:who/TB_new_snsuoth,dcid:country/SDN,2003,7796.0
dcs:who/TB_new_snsuoth,dcid:country/SDN,2008,7849.0
dcs:who/TB_new_snsuoth,dcid:country/SEN,2009,1504.0
dcs:who/TB_new_snsuoth,dcid:country/SEN,2002,1274.0
dcs:who/TB_new_snsuoth,dcid:country/SEN,2006,1640.0
dcs:who/TB_new_snsuoth,dcid:country/SEN,2004,1255.0
dcs:who/TB_new_snsuoth,dcid:country/SEN,2000,1370.0
dcs:who/TB_new_snsuoth,dcid:country/SEN,2012,1755.0
dcs:who/TB_new_snsuoth,dcid:country/SEN,2010,1470.0
dcs:who/TB_new_snsuoth,dcid:country/SEN,2011,1389.0
dcs:who/TB_new_snsuoth,dcid:country/SEN,2007,1620.0
dcs:who/TB_new_snsuoth,dcid:country/SEN,2005,1557.0
dcs:who/TB_new_snsuoth,dcid:country/SEN,2008,1580.0
dcs:who/TB_new_snsuoth,dcid:country/SEN,2003,1421.0
dcs:who/TB_new_snsuoth,dcid:country/SEN,2001,1243.0
dcs:who/TB_new_snsuoth,dcid:country/SGP,2011,717.0
dcs:who/TB_new_snsuoth,dcid:country/SGP,2002,722.0
dcs:who/TB_new_snsuoth,dcid:country/SGP,2004,649.0
dcs:who/TB_new_snsuoth,dcid:country/SGP,2010,735.0
dcs:who/TB_new_snsuoth,dcid:country/SGP,2000,869.0
dcs:who/TB_new_snsuoth,dcid:country/SGP,2005,570.0
dcs:who/TB_new_snsuoth,dcid:country/SGP,2009,655.0
dcs:who/TB_new_snsuoth,dcid:country/SGP,2008,672.0
dcs:who/TB_new_snsuoth,dcid:country/SGP,2006,525.0
dcs:who/TB_new_snsuoth,dcid:country/SGP,2003,645.0
dcs:who/TB_new_snsuoth,dcid:country/SGP,2001,921.0
dcs:who/TB_new_snsuoth,dcid:country/SGP,2012,1219.0
dcs:who/TB_new_snsuoth,dcid:country/SGP,2007,564.0
dcs:who/TB_new_snsuoth,dcid:country/SLB,2009,86.0
dcs:who/TB_new_snsuoth,dcid:country/SLB,2006,168.0
dcs:who/TB_new_snsuoth,dcid:country/SLB,2002,101.0
dcs:who/TB_new_snsuoth,dcid:country/SLB,2004,107.0
dcs:who/TB_new_snsuoth,dcid:country/SLB,2010,98.0
dcs:who/TB_new_snsuoth,dcid:country/SLB,2008,136.0
dcs:who/TB_new_snsuoth,dcid:country/SLB,2005,161.0
dcs:who/TB_new_snsuoth,dcid:country/SLB,2001,120.0
dcs:who/TB_new_snsuoth,dcid:country/SLB,2012,87.0
dcs:who/TB_new_snsuoth,dcid:country/SLB,2000,128.0
dcs:who/TB_new_snsuoth,dcid:country/SLB,2011,108.0
dcs:who/TB_new_snsuoth,dcid:country/SLB,2007,147.0
dcs:who/TB_new_snsuoth,dcid:country/SLB,2003,107.0
dcs:who/TB_new_snsuoth,dcid:country/SLE,2002,1344.0
dcs:who/TB_new_snsuoth,dcid:country/SLE,2007,3197.0
dcs:who/TB_new_snsuoth,dcid:country/SLE,2000,821.0
dcs:who/TB_new_snsuoth,dcid:country/SLE,2008,3952.0
dcs:who/TB_new_snsuoth,dcid:country/SLE,2004,1368.0
dcs:who/TB_new_snsuoth,dcid:country/SLE,2011,4358.0
dcs:who/TB_new_snsuoth,dcid:country/SLE,2003,1695.0
dcs:who/TB_new_snsuoth,dcid:country/SLE,2001,1420.0
dcs:who/TB_new_snsuoth,dcid:country/SLE,2005,1679.0
dcs:who/TB_new_snsuoth,dcid:country/SLE,2009,4491.0
dcs:who/TB_new_snsuoth,dcid:country/SLE,2012,4241.0
dcs:who/TB_new_snsuoth,dcid:country/SLE,2006,2802.0
dcs:who/TB_new_snsuoth,dcid:country/SLE,2010,4919.0
dcs:who/TB_new_snsuoth,dcid:country/SLV,2012,313.0
dcs:who/TB_new_snsuoth,dcid:country/SLV,2009,364.0
dcs:who/TB_new_snsuoth,dcid:country/SLV,2011,371.0
dcs:who/TB_new_snsuoth,dcid:country/SLV,2006,347.0
dcs:who/TB_new_snsuoth,dcid:country/SLV,2010,338.0
dcs:who/TB_new_snsuoth,dcid:country/SLV,2001,239.0
dcs:who/TB_new_snsuoth,dcid:country/SLV,2005,402.0
dcs:who/TB_new_snsuoth,dcid:country/SLV,2003,269.0
dcs:who/TB_new_snsuoth,dcid:country/SLV,2008,362.0
dcs:who/TB_new_snsuoth,dcid:country/SLV,2007,358.0
dcs:who/TB_new_snsuoth,dcid:country/SLV,2002,344.0
dcs:who/TB_new_snsuoth,dcid:country/SLV,2000,278.0
dcs:who/TB_new_snsuoth,dcid:country/SLV,2004,221.0
dcs:who/TB_new_snsuoth,dcid:country/SMR,2002,0.0
dcs:who/TB_new_snsuoth,dcid:country/SMR,2003,0.0
dcs:who/TB_new_snsuoth,dcid:country/SMR,2004,0.0
dcs:who/TB_new_snsuoth,dcid:country/SMR,2000,0.0
dcs:who/TB_new_snsuoth,dcid:country/SMR,2001,0.0
dcs:who/TB_new_snsuoth,dcid:country/SOM,2009,2604.0
dcs:who/TB_new_snsuoth,dcid:country/SOM,2007,2490.0
dcs:who/TB_new_snsuoth,dcid:country/SOM,2003,2193.0
dcs:who/TB_new_snsuoth,dcid:country/SOM,2000,837.0
dcs:who/TB_new_snsuoth,dcid:country/SOM,2004,3005.0
dcs:who/TB_new_snsuoth,dcid:country/SOM,2010,2654.0
dcs:who/TB_new_snsuoth,dcid:country/SOM,2006,2479.0
dcs:who/TB_new_snsuoth,dcid:country/SOM,2011,3159.0
dcs:who/TB_new_snsuoth,dcid:country/SOM,2001,875.0
dcs:who/TB_new_snsuoth,dcid:country/SOM,2008,2983.0
dcs:who/TB_new_snsuoth,dcid:country/SOM,2012,3188.0
dcs:who/TB_new_snsuoth,dcid:country/SOM,2005,3168.0
dcs:who/TB_new_snsuoth,dcid:country/SOM,2002,1152.0
dcs:who/TB_new_snsuoth,dcid:country/SRB,2010,700.0
dcs:who/TB_new_snsuoth,dcid:country/SRB,2005,1584.0
dcs:who/TB_new_snsuoth,dcid:country/SRB,2009,488.0
dcs:who/TB_new_snsuoth,dcid:country/SRB,2007,1015.0
dcs:who/TB_new_snsuoth,dcid:country/SRB,2006,1260.0
dcs:who/TB_new_snsuoth,dcid:country/SRB,2011,745.0
dcs:who/TB_new_snsuoth,dcid:country/SRB,2008,920.0
dcs:who/TB_new_snsuoth,dcid:country/SRB,2012,787.0
dcs:who/TB_new_snsuoth,dcid:country/SSD,2011,2610.0
dcs:who/TB_new_snsuoth,dcid:country/SSD,2012,3413.0
dcs:who/TB_new_snsuoth,dcid:country/STP,2006,116.0
dcs:who/TB_new_snsuoth,dcid:country/STP,2008,11.0
dcs:who/TB_new_snsuoth,dcid:country/STP,2000,56.0
dcs:who/TB_new_snsuoth,dcid:country/STP,2004,58.0
dcs:who/TB_new_snsuoth,dcid:country/STP,2011,49.0
dcs:who/TB_new_snsuoth,dcid:country/STP,2009,20.0
dcs:who/TB_new_snsuoth,dcid:country/STP,2001,45.0
dcs:who/TB_new_snsuoth,dcid:country/STP,2002,47.0
dcs:who/TB_new_snsuoth,dcid:country/STP,2005,75.0
dcs:who/TB_new_snsuoth,dcid:country/STP,2003,420.0
dcs:who/TB_new_snsuoth,dcid:country/STP,2007,28.0
dcs:who/TB_new_snsuoth,dcid:country/STP,2012,37.0
dcs:who/TB_new_snsuoth,dcid:country/STP,2010,63.0
dcs:who/TB_new_snsuoth,dcid:country/SUR,2003,46.0
dcs:who/TB_new_snsuoth,dcid:country/SUR,2008,25.0
dcs:who/TB_new_snsuoth,dcid:country/SUR,2012,30.0
dcs:who/TB_new_snsuoth,dcid:country/SUR,2004,45.0
dcs:who/TB_new_snsuoth,dcid:country/SUR,2010,44.0
dcs:who/TB_new_snsuoth,dcid:country/SUR,2005,56.0
dcs:who/TB_new_snsuoth,dcid:country/SUR,2006,44.0
dcs:who/TB_new_snsuoth,dcid:country/SUR,2009,14.0
dcs:who/TB_new_snsuoth,dcid:country/SUR,2011,35.0
dcs:who/TB_new_snsuoth,dcid:country/SUR,2002,30.0
dcs:who/TB_new_snsuoth,dcid:country/SUR,2001,23.0
dcs:who/TB_new_snsuoth,dcid:country/SUR,2000,40.0
dcs:who/TB_new_snsuoth,dcid:country/SVK,2008,285.0
dcs:who/TB_new_snsuoth,dcid:country/SVK,2011,170.0
dcs:who/TB_new_snsuoth,dcid:country/SVK,2004,330.0
dcs:who/TB_new_snsuoth,dcid:country/SVK,2001,467.0
dcs:who/TB_new_snsuoth,dcid:country/SVK,2005,356.0
dcs:who/TB_new_snsuoth,dcid:country/SVK,2006,344.0
dcs:who/TB_new_snsuoth,dcid:country/SVK,2009,202.0
dcs:who/TB_new_snsuoth,dcid:country/SVK,2003,458.0
dcs:who/TB_new_snsuoth,dcid:country/SVK,2000,469.0
dcs:who/TB_new_snsuoth,dcid:country/SVK,2002,482.0
dcs:who/TB_new_snsuoth,dcid:country/SVK,2012,144.0
dcs:who/TB_new_snsuoth,dcid:country/SVK,2010,190.0
dcs:who/TB_new_snsuoth,dcid:country/SVK,2007,289.0
dcs:who/TB_new_snsuoth,dcid:country/SVN,2008,83.0
dcs:who/TB_new_snsuoth,dcid:country/SVN,2009,70.0
dcs:who/TB_new_snsuoth,dcid:country/SVN,2007,71.0
dcs:who/TB_new_snsuoth,dcid:country/SVN,2010,67.0
dcs:who/TB_new_snsuoth,dcid:country/SVN,2011,73.0
dcs:who/TB_new_snsuoth,dcid:country/SVN,2004,94.0
dcs:who/TB_new_snsuoth,dcid:country/SVN,2003,101.0
dcs:who/TB_new_snsuoth,dcid:country/SVN,2006,81.0
dcs:who/TB_new_snsuoth,dcid:country/SVN,2005,110.0
dcs:who/TB_new_snsuoth,dcid:country/SVN,2002,132.0
dcs:who/TB_new_snsuoth,dcid:country/SVN,2012,64.0
dcs:who/TB_new_snsuoth,dcid:country/SVN,2000,133.0
dcs:who/TB_new_snsuoth,dcid:country/SVN,2001,144.0
dcs:who/TB_new_snsuoth,dcid:country/SWE,2006,203.0
dcs:who/TB_new_snsuoth,dcid:country/SWE,2010,223.0
dcs:who/TB_new_snsuoth,dcid:country/SWE,2004,158.0
dcs:who/TB_new_snsuoth,dcid:country/SWE,2009,177.0
dcs:who/TB_new_snsuoth,dcid:country/SWE,2012,233.0
dcs:who/TB_new_snsuoth,dcid:country/SWE,2011,180.0
dcs:who/TB_new_snsuoth,dcid:country/SWE,2007,198.0
dcs:who/TB_new_snsuoth,dcid:country/SWE,2005,208.0
dcs:who/TB_new_snsuoth,dcid:country/SWE,2008,161.0
dcs:who/TB_new_snsuoth,dcid:country/SWE,2003,125.0
dcs:who/TB_new_snsuoth,dcid:country/SWE,2000,147.0
dcs:who/TB_new_snsuoth,dcid:country/SWE,2002,132.0
dcs:who/TB_new_snsuoth,dcid:country/SWE,2001,155.0
dcs:who/TB_new_snsuoth,dcid:country/SWZ,2002,4450.0
dcs:who/TB_new_snsuoth,dcid:country/SWZ,2003,4582.0
dcs:who/TB_new_snsuoth,dcid:country/SWZ,2010,5064.0
dcs:who/TB_new_snsuoth,dcid:country/SWZ,2012,3111.0
dcs:who/TB_new_snsuoth,dcid:country/SWZ,2006,3842.0
dcs:who/TB_new_snsuoth,dcid:country/SWZ,2011,4228.0
dcs:who/TB_new_snsuoth,dcid:country/SWZ,2008,3379.0
dcs:who/TB_new_snsuoth,dcid:country/SWZ,2000,3198.0
dcs:who/TB_new_snsuoth,dcid:country/SWZ,2005,4106.0
dcs:who/TB_new_snsuoth,dcid:country/SWZ,2007,3956.0
dcs:who/TB_new_snsuoth,dcid:country/SWZ,2009,4157.0
dcs:who/TB_new_snsuoth,dcid:country/SWZ,2001,3972.0
dcs:who/TB_new_snsuoth,dcid:country/SWZ,2004,4177.0
dcs:who/TB_new_snsuoth,dcid:country/SYC,2003,4.0
dcs:who/TB_new_snsuoth,dcid:country/SYC,2000,7.0
dcs:who/TB_new_snsuoth,dcid:country/SYC,2005,3.0
dcs:who/TB_new_snsuoth,dcid:country/SYC,2002,20.0
dcs:who/TB_new_snsuoth,dcid:country/SYC,2011,13.0
dcs:who/TB_new_snsuoth,dcid:country/SYC,2004,1.0
dcs:who/TB_new_snsuoth,dcid:country/SYC,2009,2.0
dcs:who/TB_new_snsuoth,dcid:country/SYC,2008,0.0
dcs:who/TB_new_snsuoth,dcid:country/SYC,2001,4.0
dcs:who/TB_new_snsuoth,dcid:country/SYC,2010,8.0
dcs:who/TB_new_snsuoth,dcid:country/SYC,2012,8.0
dcs:who/TB_new_snsuoth,dcid:country/SYR,2012,364.0
dcs:who/TB_new_snsuoth,dcid:country/SYR,2004,819.0
dcs:who/TB_new_snsuoth,dcid:country/SYR,2009,796.0
dcs:who/TB_new_snsuoth,dcid:country/SYR,2006,563.0
dcs:who/TB_new_snsuoth,dcid:country/SYR,2010,544.0
dcs:who/TB_new_snsuoth,dcid:country/SYR,2008,667.0
dcs:who/TB_new_snsuoth,dcid:country/SYR,2002,1234.0
dcs:who/TB_new_snsuoth,dcid:country/SYR,2003,1026.0
dcs:who/TB_new_snsuoth,dcid:country/SYR,2001,1318.0
dcs:who/TB_new_snsuoth,dcid:country/SYR,2011,393.0
dcs:who/TB_new_snsuoth,dcid:country/SYR,2005,796.0
dcs:who/TB_new_snsuoth,dcid:country/SYR,2007,706.0
dcs:who/TB_new_snsuoth,dcid:country/SYR,2000,1409.0
dcs:who/TB_new_snsuoth,dcid:country/TCD,2008,2331.0
dcs:who/TB_new_snsuoth,dcid:country/TCD,2010,3939.0
dcs:who/TB_new_snsuoth,dcid:country/TCD,2003,700.0
dcs:who/TB_new_snsuoth,dcid:country/TCD,2012,4989.0
dcs:who/TB_new_snsuoth,dcid:country/TCD,2002,1098.0
dcs:who/TB_new_snsuoth,dcid:country/TCD,2005,2419.0
dcs:who/TB_new_snsuoth,dcid:country/TCD,2011,4460.0
dcs:who/TB_new_snsuoth,dcid:country/TCD,2007,2378.0
dcs:who/TB_new_snsuoth,dcid:country/TCD,2009,2949.0
dcs:who/TB_new_snsuoth,dcid:country/TCD,2004,1546.0
dcs:who/TB_new_snsuoth,dcid:country/TGO,2006,279.0
dcs:who/TB_new_snsuoth,dcid:country/TGO,2004,36.0
dcs:who/TB_new_snsuoth,dcid:country/TGO,2003,125.0
dcs:who/TB_new_snsuoth,dcid:country/TGO,2008,231.0
dcs:who/TB_new_snsuoth,dcid:country/TGO,2012,168.0
dcs:who/TB_new_snsuoth,dcid:country/TGO,2005,170.0
dcs:who/TB_new_snsuoth,dcid:country/TGO,2010,164.0
dcs:who/TB_new_snsuoth,dcid:country/TGO,2000,91.0
dcs:who/TB_new_snsuoth,dcid:country/TGO,2002,87.0
dcs:who/TB_new_snsuoth,dcid:country/TGO,2011,205.0
dcs:who/TB_new_snsuoth,dcid:country/TGO,2007,211.0
dcs:who/TB_new_snsuoth,dcid:country/TGO,2009,235.0
dcs:who/TB_new_snsuoth,dcid:country/THA,2012,17537.0
dcs:who/TB_new_snsuoth,dcid:country/THA,2011,20726.0
dcs:who/TB_new_snsuoth,dcid:country/THA,2009,20058.0
dcs:who/TB_new_snsuoth,dcid:country/THA,2010,20927.0
dcs:who/TB_new_snsuoth,dcid:country/THA,2001,15618.0
dcs:who/TB_new_snsuoth,dcid:country/THA,2000,12439.0
dcs:who/TB_new_snsuoth,dcid:country/THA,2002,16550.0
dcs:who/TB_new_snsuoth,dcid:country/THA,2003,17596.0
dcs:who/TB_new_snsuoth,dcid:country/THA,2006,17607.0
dcs:who/TB_new_snsuoth,dcid:country/THA,2005,18837.0
dcs:who/TB_new_snsuoth,dcid:country/THA,2004,18088.0
dcs:who/TB_new_snsuoth,dcid:country/THA,2008,16933.0
dcs:who/TB_new_snsuoth,dcid:country/THA,2007,17156.0
dcs:who/TB_new_snsuoth,dcid:country/TJK,2001,2346.0
dcs:who/TB_new_snsuoth,dcid:country/TJK,2009,2208.0
dcs:who/TB_new_snsuoth,dcid:country/TJK,2012,1911.0
dcs:who/TB_new_snsuoth,dcid:country/TJK,2006,1613.0
dcs:who/TB_new_snsuoth,dcid:country/TJK,2011,2148.0
dcs:who/TB_new_snsuoth,dcid:country/TJK,2010,2038.0
dcs:who/TB_new_snsuoth,dcid:country/TJK,2004,2012.0
dcs:who/TB_new_snsuoth,dcid:country/TJK,2008,2319.0
dcs:who/TB_new_snsuoth,dcid:country/TJK,2002,0.0
dcs:who/TB_new_snsuoth,dcid:country/TJK,2000,1918.0
dcs:who/TB_new_snsuoth,dcid:country/TJK,2007,2117.0
dcs:who/TB_new_snsuoth,dcid:country/TJK,2005,2175.0
dcs:who/TB_new_snsuoth,dcid:country/TKM,2001,2007.0
dcs:who/TB_new_snsuoth,dcid:country/TKM,2009,1223.0
dcs:who/TB_new_snsuoth,dcid:country/TKM,2011,1003.0
dcs:who/TB_new_snsuoth,dcid:country/TKM,2000,2709.0
dcs:who/TB_new_snsuoth,dcid:country/TKM,2003,1569.0
dcs:who/TB_new_snsuoth,dcid:country/TKM,2005,1498.0
dcs:who/TB_new_snsuoth,dcid:country/TKM,2010,1522.0
dcs:who/TB_new_snsuoth,dcid:country/TKM,2006,1339.0
dcs:who/TB_new_snsuoth,dcid:country/TKM,2008,1686.0
dcs:who/TB_new_snsuoth,dcid:country/TKM,2004,1482.0
dcs:who/TB_new_snsuoth,dcid:country/TKM,2012,1117.0
dcs:who/TB_new_snsuoth,dcid:country/TKM,2002,1872.0
dcs:who/TB_new_snsuoth,dcid:country/TKM,2007,1288.0
dcs:who/TB_new_snsuoth,dcid:country/TLS,2006,2144.0
dcs:who/TB_new_snsuoth,dcid:country/TLS,2005,2142.0
dcs:who/TB_new_snsuoth,dcid:country/TLS,2002,1175.0
dcs:who/TB_new_snsuoth,dcid:country/TLS,2003,1240.0
dcs:who/TB_new_snsuoth,dcid:country/TLS,2007,1772.0
dcs:who/TB_new_snsuoth,dcid:country/TLS,2012,1823.0
dcs:who/TB_new_snsuoth,dcid:country/TLS,2009,3095.0
dcs:who/TB_new_snsuoth,dcid:country/TLS,2008,1996.0
dcs:who/TB_new_snsuoth,dcid:country/TLS,2011,2401.0
dcs:who/TB_new_snsuoth,dcid:country/TLS,2004,2166.0
dcs:who/TB_new_snsuoth,dcid:country/TON,2007,5.0
dcs:who/TB_new_snsuoth,dcid:country/TON,2008,0.0
dcs:who/TB_new_snsuoth,dcid:country/TON,2010,3.0
dcs:who/TB_new_snsuoth,dcid:country/TON,2006,3.0
dcs:who/TB_new_snsuoth,dcid:country/TON,2002,3.0
dcs:who/TB_new_snsuoth,dcid:country/TON,2011,3.0
dcs:who/TB_new_snsuoth,dcid:country/TON,2005,3.0
dcs:who/TB_new_snsuoth,dcid:country/TON,2009,1.0
dcs:who/TB_new_snsuoth,dcid:country/TON,2003,3.0
dcs:who/TB_new_snsuoth,dcid:country/TON,2004,3.0
dcs:who/TB_new_snsuoth,dcid:country/TON,2012,1.0
dcs:who/TB_new_snsuoth,dcid:country/TON,2001,2.0
dcs:who/TB_new_snsuoth,dcid:country/TON,2000,5.0
dcs:who/TB_new_snsuoth,dcid:country/TTO,2000,61.0
dcs:who/TB_new_snsuoth,dcid:country/TTO,2008,97.0
dcs:who/TB_new_snsuoth,dcid:country/TTO,2010,58.0
dcs:who/TB_new_snsuoth,dcid:country/TTO,2001,46.0
dcs:who/TB_new_snsuoth,dcid:country/TTO,2003,60.0
dcs:who/TB_new_snsuoth,dcid:country/TTO,2007,61.0
dcs:who/TB_new_snsuoth,dcid:country/TTO,2012,81.0
dcs:who/TB_new_snsuoth,dcid:country/TTO,2002,60.0
dcs:who/TB_new_snsuoth,dcid:country/TTO,2004,77.0
dcs:who/TB_new_snsuoth,dcid:country/TTO,2009,91.0
dcs:who/TB_new_snsuoth,dcid:country/TTO,2006,60.0
dcs:who/TB_new_snsuoth,dcid:country/TTO,2011,77.0
dcs:who/TB_new_snsuoth,dcid:country/TTO,2005,50.0
dcs:who/TB_new_snsuoth,dcid:country/TUN,2011,317.0
dcs:who/TB_new_snsuoth,dcid:country/TUN,2012,282.0
dcs:who/TB_new_snsuoth,dcid:country/TUN,2010,151.0
dcs:who/TB_new_snsuoth,dcid:country/TUN,2009,232.0
dcs:who/TB_new_snsuoth,dcid:country/TUN,2003,209.0
dcs:who/TB_new_snsuoth,dcid:country/TUN,2001,105.0
dcs:who/TB_new_snsuoth,dcid:country/TUN,2007,305.0
dcs:who/TB_new_snsuoth,dcid:country/TUN,2005,239.0
dcs:who/TB_new_snsuoth,dcid:country/TUN,2002,220.0
dcs:who/TB_new_snsuoth,dcid:country/TUN,2000,179.0
dcs:who/TB_new_snsuoth,dcid:country/TUN,2004,227.0
dcs:who/TB_new_snsuoth,dcid:country/TUN,2008,355.0
dcs:who/TB_new_snsuoth,dcid:country/TUN,2006,261.0
dcs:who/TB_new_snsuoth,dcid:country/TUR,2010,4191.0
dcs:who/TB_new_snsuoth,dcid:country/TUR,2012,3829.0
dcs:who/TB_new_snsuoth,dcid:country/TUR,2001,0.0
dcs:who/TB_new_snsuoth,dcid:country/TUR,2000,8544.0
dcs:who/TB_new_snsuoth,dcid:country/TUR,2006,5069.0
dcs:who/TB_new_snsuoth,dcid:country/TUR,2007,4492.0
dcs:who/TB_new_snsuoth,dcid:country/TUR,2009,4289.0
dcs:who/TB_new_snsuoth,dcid:country/TUR,2011,3925.0
dcs:who/TB_new_snsuoth,dcid:country/TUR,2004,124.0
dcs:who/TB_new_snsuoth,dcid:country/TUR,2005,5944.0
dcs:who/TB_new_snsuoth,dcid:country/TUR,2008,4325.0
dcs:who/TB_new_snsuoth,dcid:country/TUV,2005,3.0
dcs:who/TB_new_snsuoth,dcid:country/TUV,2003,17.0
dcs:who/TB_new_snsuoth,dcid:country/TUV,2007,3.0
dcs:who/TB_new_snsuoth,dcid:country/TUV,2009,0.0
dcs:who/TB_new_snsuoth,dcid:country/TUV,2012,2.0
dcs:who/TB_new_snsuoth,dcid:country/TUV,2002,8.0
dcs:who/TB_new_snsuoth,dcid:country/TUV,2001,10.0
dcs:who/TB_new_snsuoth,dcid:country/TUV,2006,3.0
dcs:who/TB_new_snsuoth,dcid:country/TUV,2008,5.0
dcs:who/TB_new_snsuoth,dcid:country/TUV,2011,4.0
dcs:who/TB_new_snsuoth,dcid:country/TUV,2000,7.0
dcs:who/TB_new_snsuoth,dcid:country/TUV,2010,2.0
dcs:who/TB_new_snsuoth,dcid:country/TZA,2004,21591.0
dcs:who/TB_new_snsuoth,dcid:country/TZA,2000,17624.0
dcs:who/TB_new_snsuoth,dcid:country/TZA,2012,21519.0
dcs:who/TB_new_snsuoth,dcid:country/TZA,2002,21959.0
dcs:who/TB_new_snsuoth,dcid:country/TZA,2003,21911.0
dcs:who/TB_new_snsuoth,dcid:country/TZA,2009,21750.0
dcs:who/TB_new_snsuoth,dcid:country/TZA,2001,20705.0
dcs:who/TB_new_snsuoth,dcid:country/TZA,2008,21935.0
dcs:who/TB_new_snsuoth,dcid:country/TZA,2007,20521.0
dcs:who/TB_new_snsuoth,dcid:country/TZA,2006,20120.0
dcs:who/TB_new_snsuoth,dcid:country/TZA,2010,21184.0
dcs:who/TB_new_snsuoth,dcid:country/TZA,2005,20810.0
dcs:who/TB_new_snsuoth,dcid:country/TZA,2011,20438.0
dcs:who/TB_new_snsuoth,dcid:country/UGA,2006,14940.0
dcs:who/TB_new_snsuoth,dcid:country/UGA,2009,12315.0
dcs:who/TB_new_snsuoth,dcid:country/UGA,2002,16717.0
dcs:who/TB_new_snsuoth,dcid:country/UGA,2010,13567.0
dcs:who/TB_new_snsuoth,dcid:country/UGA,2004,17674.0
dcs:who/TB_new_snsuoth,dcid:country/UGA,2005,15040.0
dcs:who/TB_new_snsuoth,dcid:country/UGA,2012,13270.0
dcs:who/TB_new_snsuoth,dcid:country/UGA,2003,16612.0
dcs:who/TB_new_snsuoth,dcid:country/UGA,2011,14389.0
dcs:who/TB_new_snsuoth,dcid:country/UGA,2000,9003.0
dcs:who/TB_new_snsuoth,dcid:country/UGA,2007,13713.0
dcs:who/TB_new_snsuoth,dcid:country/UGA,2008,13190.0
dcs:who/TB_new_snsuoth,dcid:country/UGA,2001,15207.0
dcs:who/TB_new_snsuoth,dcid:country/UKR,2011,17319.0
dcs:who/TB_new_snsuoth,dcid:country/UKR,2009,15934.0
dcs:who/TB_new_snsuoth,dcid:country/UKR,2010,17964.0
dcs:who/TB_new_snsuoth,dcid:country/UKR,2008,17505.0
dcs:who/TB_new_snsuoth,dcid:country/UKR,2000,17258.0
dcs:who/TB_new_snsuoth,dcid:country/UKR,2007,20255.0
dcs:who/TB_new_snsuoth,dcid:country/UKR,2012,17398.0
dcs:who/TB_new_snsuoth,dcid:country/UKR,2006,20226.0
dcs:who/TB_new_snsuoth,dcid:country/URY,2006,152.0
dcs:who/TB_new_snsuoth,dcid:country/URY,2010,218.0
dcs:who/TB_new_snsuoth,dcid:country/URY,2004,210.0
dcs:who/TB_new_snsuoth,dcid:country/URY,2002,125.0
dcs:who/TB_new_snsuoth,dcid:country/URY,2007,132.0
dcs:who/TB_new_snsuoth,dcid:country/URY,2009,192.0
dcs:who/TB_new_snsuoth,dcid:country/URY,2012,269.0
dcs:who/TB_new_snsuoth,dcid:country/URY,2003,210.0
dcs:who/TB_new_snsuoth,dcid:country/URY,2011,249.0
dcs:who/TB_new_snsuoth,dcid:country/URY,2000,165.0
dcs:who/TB_new_snsuoth,dcid:country/URY,2001,117.0
dcs:who/TB_new_snsuoth,dcid:country/URY,2008,159.0
dcs:who/TB_new_snsuoth,dcid:country/URY,2005,179.0
dcs:who/TB_new_snsuoth,dcid:country/USA,2011,4590.0
dcs:who/TB_new_snsuoth,dcid:country/USA,2010,5352.0
dcs:who/TB_new_snsuoth,dcid:country/USA,2012,4282.0
dcs:who/TB_new_snsuoth,dcid:country/USA,2006,5799.0
dcs:who/TB_new_snsuoth,dcid:country/USA,2009,5148.0
dcs:who/TB_new_snsuoth,dcid:country/USA,2007,5738.0
dcs:who/TB_new_snsuoth,dcid:country/USA,2008,5524.0
dcs:who/TB_new_snsuoth,dcid:country/USA,2000,7216.0
dcs:who/TB_new_snsuoth,dcid:country/USA,2005,6030.0
dcs:who/TB_new_snsuoth,dcid:country/USA,2002,6469.0
dcs:who/TB_new_snsuoth,dcid:country/USA,2004,6254.0
dcs:who/TB_new_snsuoth,dcid:country/USA,2001,7077.0
dcs:who/TB_new_snsuoth,dcid:country/USA,2003,6451.0
dcs:who/TB_new_snsuoth,dcid:country/UZB,2011,5958.0
dcs:who/TB_new_snsuoth,dcid:country/UZB,2000,10142.0
dcs:who/TB_new_snsuoth,dcid:country/UZB,2007,7167.0
dcs:who/TB_new_snsuoth,dcid:country/UZB,2012,6137.0
dcs:who/TB_new_snsuoth,dcid:country/UZB,2002,11860.0
dcs:who/TB_new_snsuoth,dcid:country/UZB,2010,6735.0
dcs:who/TB_new_snsuoth,dcid:country/UZB,2001,1056.0
dcs:who/TB_new_snsuoth,dcid:country/UZB,2009,6943.0
dcs:who/TB_new_snsuoth,dcid:country/UZB,2004,7956.0
dcs:who/TB_new_snsuoth,dcid:country/UZB,2003,12868.0
dcs:who/TB_new_snsuoth,dcid:country/UZB,2008,6640.0
dcs:who/TB_new_snsuoth,dcid:country/UZB,2006,10301.0
dcs:who/TB_new_snsuoth,dcid:country/UZB,2005,7857.0
dcs:who/TB_new_snsuoth,dcid:country/VCT,2009,6.0
dcs:who/TB_new_snsuoth,dcid:country/VCT,2007,8.0
dcs:who/TB_new_snsuoth,dcid:country/VCT,2010,7.0
dcs:who/TB_new_snsuoth,dcid:country/VCT,2008,0.0
dcs:who/TB_new_snsuoth,dcid:country/VCT,2004,0.0
dcs:who/TB_new_snsuoth,dcid:country/VCT,2005,1.0
dcs:who/TB_new_snsuoth,dcid:country/VCT,2002,8.0
dcs:who/TB_new_snsuoth,dcid:country/VCT,2006,4.0
dcs:who/TB_new_snsuoth,dcid:country/VCT,2012,3.0
dcs:who/TB_new_snsuoth,dcid:country/VCT,2000,4.0
dcs:who/TB_new_snsuoth,dcid:country/VCT,2011,9.0
dcs:who/TB_new_snsuoth,dcid:country/VCT,2001,7.0
dcs:who/TB_new_snsuoth,dcid:country/VCT,2003,8.0
dcs:who/TB_new_snsuoth,dcid:country/VEN,2007,1668.0
dcs:who/TB_new_snsuoth,dcid:country/VEN,2008,1713.0
dcs:who/TB_new_snsuoth,dcid:country/VEN,2000,1616.0
dcs:who/TB_new_snsuoth,dcid:country/VEN,2002,1609.0
dcs:who/TB_new_snsuoth,dcid:country/VEN,2009,1665.0
dcs:who/TB_new_snsuoth,dcid:country/VEN,2004,1728.0
dcs:who/TB_new_snsuoth,dcid:country/VEN,2011,1649.0
dcs:who/TB_new_snsuoth,dcid:country/VEN,2006,1744.0
dcs:who/TB_new_snsuoth,dcid:country/VEN,2003,1616.0
dcs:who/TB_new_snsuoth,dcid:country/VEN,2010,1758.0
dcs:who/TB_new_snsuoth,dcid:country/VEN,2001,1707.0
dcs:who/TB_new_snsuoth,dcid:country/VEN,2012,1617.0
dcs:who/TB_new_snsuoth,dcid:country/VEN,2005,1853.0
dcs:who/TB_new_snsuoth,dcid:country/VNM,2002,18282.0
dcs:who/TB_new_snsuoth,dcid:country/VNM,2003,16791.0
dcs:who/TB_new_snsuoth,dcid:country/VNM,2001,17109.0
dcs:who/TB_new_snsuoth,dcid:country/VNM,2010,18237.0
dcs:who/TB_new_snsuoth,dcid:country/VNM,2006,16645.0
dcs:who/TB_new_snsuoth,dcid:country/VNM,2012,24916.0
dcs:who/TB_new_snsuoth,dcid:country/VNM,2009,18612.0
dcs:who/TB_new_snsuoth,dcid:country/VNM,2005,16429.0
dcs:who/TB_new_snsuoth,dcid:country/VNM,2011,23051.0
dcs:who/TB_new_snsuoth,dcid:country/VNM,2000,17993.0
dcs:who/TB_new_snsuoth,dcid:country/VNM,2008,19056.0
dcs:who/TB_new_snsuoth,dcid:country/VNM,2004,16961.0
dcs:who/TB_new_snsuoth,dcid:country/VNM,2007,17554.0
dcs:who/TB_new_snsuoth,dcid:country/VUT,2000,56.0
dcs:who/TB_new_snsuoth,dcid:country/VUT,2002,45.0
dcs:who/TB_new_snsuoth,dcid:country/VUT,2009,24.0
dcs:who/TB_new_snsuoth,dcid:country/VUT,2005,21.0
dcs:who/TB_new_snsuoth,dcid:country/VUT,2003,45.0
dcs:who/TB_new_snsuoth,dcid:country/VUT,2008,19.0
dcs:who/TB_new_snsuoth,dcid:country/VUT,2001,78.0
dcs:who/TB_new_snsuoth,dcid:country/VUT,2004,32.0
dcs:who/TB_new_snsuoth,dcid:country/VUT,2012,22.0
dcs:who/TB_new_snsuoth,dcid:country/VUT,2006,37.0
dcs:who/TB_new_snsuoth,dcid:country/VUT,2007,38.0
dcs:who/TB_new_snsuoth,dcid:country/VUT,2010,36.0
dcs:who/TB_new_snsuoth,dcid:country/VUT,2011,14.0
dcs:who/TB_new_snsuoth,dcid:country/WSM,2011,12.0
dcs:who/TB_new_snsuoth,dcid:country/WSM,2008,5.0
dcs:who/TB_new_snsuoth,dcid:country/WSM,2005,8.0
dcs:who/TB_new_snsuoth,dcid:country/WSM,2006,8.0
dcs:who/TB_new_snsuoth,dcid:country/WSM,2009,5.0
dcs:who/TB_new_snsuoth,dcid:country/WSM,2010,5.0
dcs:who/TB_new_snsuoth,dcid:country/WSM,2012,4.0
dcs:who/TB_new_snsuoth,dcid:country/WSM,2001,4.0
dcs:who/TB_new_snsuoth,dcid:country/WSM,2004,13.0
dcs:who/TB_new_snsuoth,dcid:country/WSM,2000,18.0
dcs:who/TB_new_snsuoth,dcid:country/WSM,2003,8.0
dcs:who/TB_new_snsuoth,dcid:country/WSM,2002,7.0
dcs:who/TB_new_snsuoth,dcid:country/YEM,2007,2196.0
dcs:who/TB_new_snsuoth,dcid:country/YEM,2009,2108.0
dcs:who/TB_new_snsuoth,dcid:country/YEM,2006,2386.0
dcs:who/TB_new_snsuoth,dcid:country/YEM,2012,2808.0
dcs:who/TB_new_snsuoth,dcid:country/YEM,2004,3473.0
dcs:who/TB_new_snsuoth,dcid:country/YEM,2003,3435.0
dcs:who/TB_new_snsuoth,dcid:country/YEM,2010,2313.0
dcs:who/TB_new_snsuoth,dcid:country/YEM,2002,4188.0
dcs:who/TB_new_snsuoth,dcid:country/YEM,2001,4383.0
dcs:who/TB_new_snsuoth,dcid:country/YEM,2000,4176.0
dcs:who/TB_new_snsuoth,dcid:country/YEM,2008,2032.0
dcs:who/TB_new_snsuoth,dcid:country/YEM,2011,2400.0
dcs:who/TB_new_snsuoth,dcid:country/YEM,2005,2780.0
dcs:who/TB_new_snsuoth,dcid:country/ZAF,2001,31817.0
dcs:who/TB_new_snsuoth,dcid:country/ZAF,2010,151772.0
dcs:who/TB_new_snsuoth,dcid:country/ZAF,2011,148266.0
dcs:who/TB_new_snsuoth,dcid:country/ZAF,2002,60946.0
dcs:who/TB_new_snsuoth,dcid:country/ZAF,2004,73670.0
dcs:who/TB_new_snsuoth,dcid:country/ZAF,2009,147187.0
dcs:who/TB_new_snsuoth,dcid:country/ZAF,2006,93348.0
dcs:who/TB_new_snsuoth,dcid:country/ZAF,2003,56540.0
dcs:who/TB_new_snsuoth,dcid:country/ZAF,2007,105631.0
dcs:who/TB_new_snsuoth,dcid:country/ZAF,2005,76680.0
dcs:who/TB_new_snsuoth,dcid:country/ZAF,2012,134631.0
dcs:who/TB_new_snsuoth,dcid:country/ZAF,2000,16392.0
dcs:who/TB_new_snsuoth,dcid:country/ZAF,2008,132972.0
dcs:who/TB_new_snsuoth,dcid:country/ZMB,2010,20412.0
dcs:who/TB_new_snsuoth,dcid:country/ZMB,2006,22059.0
dcs:who/TB_new_snsuoth,dcid:country/ZMB,2011,20004.0
dcs:who/TB_new_snsuoth,dcid:country/ZMB,2002,33715.0
dcs:who/TB_new_snsuoth,dcid:country/ZMB,2001,23189.0
dcs:who/TB_new_snsuoth,dcid:country/ZMB,2003,24900.0
dcs:who/TB_new_snsuoth,dcid:country/ZMB,2004,25101.0
dcs:who/TB_new_snsuoth,dcid:country/ZMB,2005,24327.0
dcs:who/TB_new_snsuoth,dcid:country/ZMB,2012,17050.0
dcs:who/TB_new_snsuoth,dcid:country/ZMB,2000,25222.0
dcs:who/TB_new_snsuoth,dcid:country/ZMB,2009,20825.0
dcs:who/TB_new_snsuoth,dcid:country/ZMB,2008,19344.0
dcs:who/TB_new_snsuoth,dcid:country/ZMB,2007,21189.0
dcs:who/TB_new_snsuoth,dcid:country/ZWE,2011,19172.0
dcs:who/TB_new_snsuoth,dcid:country/ZWE,2009,24890.0
dcs:who/TB_new_snsuoth,dcid:country/ZWE,2012,17316.0
dcs:who/TB_new_snsuoth,dcid:country/ZWE,2010,25157.0
dcs:who/TB_new_snsuoth,dcid:country/ZWE,2000,27626.0
dcs:who/TB_new_snsuoth,dcid:country/ZWE,2004,31610.0
dcs:who/TB_new_snsuoth,dcid:country/ZWE,2006,23775.0
dcs:who/TB_new_snsuoth,dcid:country/ZWE,2007,21964.0
dcs:who/TB_new_snsuoth,dcid:country/ZWE,2005,29074.0
dcs:who/TB_new_snsuoth,dcid:country/ZWE,2001,30711.0
dcs:who/TB_new_snsuoth,dcid:country/ZWE,2008,19956.0
dcs:who/TB_new_snsuoth,dcid:country/ZWE,2003,28246.0
dcs:who/TB_new_snsuoth,dcid:country/ZWE,2002,32960.0
dcs:who/TB_new_snsuoth,dcid:europe,2003,163062.0
dcs:who/TB_new_snsuoth,dcid:europe,2005,157237.0
dcs:who/TB_new_snsuoth,dcid:europe,2007,165701.0
dcs:who/TB_new_snsuoth,dcid:europe,2010,152962.0
dcs:who/TB_new_snsuoth,dcid:europe,2008,168186.0
dcs:who/TB_new_snsuoth,dcid:europe,2012,132954.0
dcs:who/TB_new_snsuoth,dcid:europe,2009,156221.0
dcs:who/TB_new_snsuoth,dcid:europe,2004,161438.0
dcs:who/TB_new_snsuoth,dcid:europe,2002,173418.0
dcs:who/TB_new_snsuoth,dcid:europe,2011,140830.0
dcs:who/TB_new_snsuoth,dcid:europe,2006,170683.0
dcs:who/TB_new_snsuoth,dcid:europe,2000,208147.0
dcs:who/TB_new_snsuoth,dcid:europe,2001,170544.0
dcs:who/TB_new_snsuoth,dcid:undata-geo/G00100100,2006,72224.0
dcs:who/TB_new_snsuoth,dcid:undata-geo/G00100100,2008,64906.0
dcs:who/TB_new_snsuoth,dcid:undata-geo/G00100100,2011,61337.0
dcs:who/TB_new_snsuoth,dcid:undata-geo/G00100100,2007,69566.0
dcs:who/TB_new_snsuoth,dcid:undata-geo/G00100100,2012,59931.0
dcs:who/TB_new_snsuoth,dcid:undata-geo/G00100100,2009,66847.0
dcs:who/TB_new_snsuoth,dcid:undata-geo/G00100100,2005,74834.0
dcs:who/TB_new_snsuoth,dcid:undata-geo/G00100100,2003,80441.0
dcs:who/TB_new_snsuoth,dcid:undata-geo/G00100100,2001,93112.0
dcs:who/TB_new_snsuoth,dcid:undata-geo/G00100100,2004,77218.0
dcs:who/TB_new_snsuoth,dcid:undata-geo/G00100100,2000,81208.0
dcs:who/TB_new_snsuoth,dcid:undata-geo/G00100100,2002,85873.0
dcs:who/TB_new_snsuoth,dcid:undata-geo/G00100100,2010,62965.0
dcs:who/TB_new_snsuoth,dcid:undata-geo/G00100400,2000,456868.0
dcs:who/TB_new_snsuoth,dcid:undata-geo/G00100400,2005,600248.0
dcs:who/TB_new_snsuoth,dcid:undata-geo/G00100400,2004,553853.0
dcs:who/TB_new_snsuoth,dcid:undata-geo/G00100400,2010,757177.0
dcs:who/TB_new_snsuoth,dcid:undata-geo/G00100400,2007,713741.0
dcs:who/TB_new_snsuoth,dcid:undata-geo/G00100400,2008,753127.0
dcs:who/TB_new_snsuoth,dcid:undata-geo/G00100400,2001,463515.0
dcs:who/TB_new_snsuoth,dcid:undata-geo/G00100400,2011,792759.0
dcs:who/TB_new_snsuoth,dcid:undata-geo/G00100400,2012,823632.0
dcs:who/TB_new_snsuoth,dcid:undata-geo/G00100400,2003,495523.0
dcs:who/TB_new_snsuoth,dcid:undata-geo/G00100400,2006,655776.0
dcs:who/TB_new_snsuoth,dcid:undata-geo/G00100400,2002,481642.0
dcs:who/TB_new_snsuoth,dcid:undata-geo/G00100400,2009,761991.0
dcs:who/TB_new_snsuoth,dcid:undata-geo/G00100500,2008,988316.0
dcs:who/TB_new_snsuoth,dcid:undata-geo/G00100500,2003,886356.0
dcs:who/TB_new_snsuoth,dcid:undata-geo/G00100500,2004,882721.0
dcs:who/TB_new_snsuoth,dcid:undata-geo/G00100500,2009,996469.0
dcs:who/TB_new_snsuoth,dcid:undata-geo/G00100500,2012,1008236.0
dcs:who/TB_new_snsuoth,dcid:undata-geo/G00100500,2007,980273.0
dcs:who/TB_new_snsuoth,dcid:undata-geo/G00100500,2010,982004.0
dcs:who/TB_new_snsuoth,dcid:undata-geo/G00100500,2011,984893.0
dcs:who/TB_new_snsuoth,dcid:undata-geo/G00100500,2006,949383.0
dcs:who/TB_new_snsuoth,dcid:undata-geo/G00100500,2005,890263.0
dcs:who/TB_new_snsuoth,dcid:undata-geo/G00100500,2001,864659.0
dcs:who/TB_new_snsuoth,dcid:undata-geo/G00100500,2002,894336.0
dcs:who/TB_new_snsuoth,dcid:undata-geo/G00100500,2000,946163.0
dcs:who/TB_new_snsuoth,dcid:undata-geo/G00100600,2011,210955.0
dcs:who/TB_new_snsuoth,dcid:undata-geo/G00100600,2006,164682.0
dcs:who/TB_new_snsuoth,dcid:undata-geo/G00100600,2001,128167.0
dcs:who/TB_new_snsuoth,dcid:undata-geo/G00100600,2004,163325.0
dcs:who/TB_new_snsuoth,dcid:undata-geo/G00100600,2005,163225.0
dcs:who/TB_new_snsuoth,dcid:undata-geo/G00100600,2008,189514.0
dcs:who/TB_new_snsuoth,dcid:undata-geo/G00100600,2000,126955.0
dcs:who/TB_new_snsuoth,dcid:undata-geo/G00100600,2003,150386.0
dcs:who/TB_new_snsuoth,dcid:undata-geo/G00100600,2002,157385.0
dcs:who/TB_new_snsuoth,dcid:undata-geo/G00100600,2007,178102.0
dcs:who/TB_new_snsuoth,dcid:undata-geo/G00100600,2010,209005.0
dcs:who/TB_new_snsuoth,dcid:undata-geo/G00100600,2012,203646.0
dcs:who/TB_new_snsuoth,dcid:undata-geo/G00100600,2009,198634.0
dcs:who/TB_new_snsuoth,dcid:undata-geo/G00121000,2008,137780.0
dcs:who/TB_new_snsuoth,dcid:undata-geo/G00121000,2010,137934.0
dcs:who/TB_new_snsuoth,dcid:undata-geo/G00121000,2012,140456.0
dcs:who/TB_new_snsuoth,dcid:undata-geo/G00121000,2005,102286.0
dcs:who/TB_new_snsuoth,dcid:undata-geo/G00121000,2004,78424.0
dcs:who/TB_new_snsuoth,dcid:undata-geo/G00121000,2009,143709.0
dcs:who/TB_new_snsuoth,dcid:undata-geo/G00121000,2003,65879.0
dcs:who/TB_new_snsuoth,dcid:undata-geo/G00121000,2006,115228.0
dcs:who/TB_new_snsuoth,dcid:undata-geo/G00121000,2007,136865.0
dcs:who/TB_new_snsuoth,dcid:undata-geo/G00121000,2011,133401.0
dcs:who/TB_new_snsuoth,dcid:undata-geo/G00121000,2002,55156.0
dcs:who/TB_new_snsuoth,dcid:undata-geo/G00121000,2000,34289.0
dcs:who/TB_new_snsuoth,dcid:undata-geo/G00121000,2001,39918.0
dcs:who/TB_new_snsuoth,dcid:undata-geo/G00134000,2000,60429.0
dcs:who/TB_new_snsuoth,dcid:undata-geo/G00134000,2010,52161.0
dcs:who/TB_new_snsuoth,dcid:undata-geo/G00134000,2004,61796.0
dcs:who/TB_new_snsuoth,dcid:undata-geo/G00134000,2009,54023.0
dcs:who/TB_new_snsuoth,dcid:undata-geo/G00134000,2003,56753.0
dcs:who/TB_new_snsuoth,dcid:undata-geo/G00134000,2002,60173.0
dcs:who/TB_new_snsuoth,dcid:undata-geo/G00134000,2007,54360.0
dcs:who/TB_new_snsuoth,dcid:undata-geo/G00134000,2006,55647.0
dcs:who/TB_new_snsuoth,dcid:undata-geo/G00134000,2012,51949.0
dcs:who/TB_new_snsuoth,dcid:undata-geo/G00134000,2008,54317.0
dcs:who/TB_new_snsuoth,dcid:undata-geo/G00134000,2001,54381.0
dcs:who/TB_new_snsuoth,dcid:undata-geo/G00134000,2011,53178.0
dcs:who/TB_new_snsuoth,dcid:undata-geo/G00134000,2005,59778.0
dcs:who/TB_new_snsuoth,dcid:undata-geo/G00160000,2005,447778.0
dcs:who/TB_new_snsuoth,dcid:undata-geo/G00160000,2000,348734.0
dcs:who/TB_new_snsuoth,dcid:undata-geo/G00160000,2009,559558.0
dcs:who/TB_new_snsuoth,dcid:undata-geo/G00160000,2007,548032.0
dcs:who/TB_new_snsuoth,dcid:undata-geo/G00160000,2008,552103.0
dcs:who/TB_new_snsuoth,dcid:undata-geo/G00160000,2003,372059.0
dcs:who/TB_new_snsuoth,dcid:undata-geo/G00160000,2004,400157.0
dcs:who/TB_new_snsuoth,dcid:undata-geo/G00160000,2006,506087.0
dcs:who/TB_new_snsuoth,dcid:undata-geo/G00160000,2001,351390.0
dcs:who/TB_new_snsuoth,dcid:undata-geo/G00160000,2012,731365.0
dcs:who/TB_new_snsuoth,dcid:undata-geo/G00160000,2010,574805.0
dcs:who/TB_new_snsuoth,dcid:undata-geo/G00160000,2002,339689.0
dcs:who/TB_new_snsuoth,dcid:undata-geo/G00160000,2011,651802.0
